2009.08.18 11:00:00.397,1.22815,1.229,1.00,2.00
2009.08.18 11:00:00.797,1.22825,1.229,1.00,1.90
2009.08.18 11:00:01.196,1.22825,1.229,1.00,1.60
2009.08.18 11:00:01.256,1.22825,1.22905,1.00,1.00
2009.08.18 11:00:01.956,1.22835,1.22895,1.00,1.00
2009.08.18 11:00:02.347,1.22835,1.22905,1.00,1.00
2009.08.18 11:00:03.156,1.2284,1.22905,1.00,2.00
2009.08.18 11:00:03.916,1.2284,1.229,1.00,1.00
2009.08.18 11:00:04.676,1.2284,1.22895,1.00,1.00
2009.08.18 11:00:05.835,1.2284,1.22885,1.00,1.00
2009.08.18 11:00:06.695,1.2283,1.22885,1.00,1.00
2009.08.18 11:00:07.515,1.2283,1.2288,1.00,1.00
2009.08.18 11:00:08.595,1.2283,1.22875,1.00,1.00
2009.08.18 11:00:10.454,1.2282,1.22875,1.00,1.00
2009.08.18 11:00:11.374,1.2282,1.2287,1.00,1.00
2009.08.18 11:00:13.433,1.22815,1.2287,1.00,1.00
2009.08.18 11:00:14.413,1.22815,1.2286,1.00,1.00
2009.08.18 11:00:17.952,1.2282,1.22885,1.00,1.00
2009.08.18 11:00:18.932,1.2281,1.22885,1.00,1.00
2009.08.18 11:00:19.392,1.2282,1.22875,9.60,1.90
2009.08.18 11:00:22.551,1.228,1.22885,1.00,1.00
2009.08.18 11:00:22.941,1.228,1.22875,1.70,1.90
2009.08.18 11:00:24.271,1.228,1.22875,1.00,1.90
2009.08.18 11:00:24.611,1.22805,1.22865,1.00,1.00
2009.08.18 11:00:25.611,1.2281,1.22885,1.00,1.60
2009.08.18 11:00:25.781,1.228,1.229,8.80,1.00
2009.08.18 11:00:27.720,1.2279,1.22895,1.50,1.00
2009.08.18 11:00:28.070,1.2279,1.2289,1.50,1.00
2009.08.18 11:00:29.320,1.22795,1.2289,1.00,1.00
2009.08.18 11:00:30.510,1.2279,1.2288,1.70,1.90
2009.08.18 11:00:30.919,1.2279,1.22875,1.70,1.90
2009.08.18 11:00:31.619,1.2279,1.2287,1.70,1.00
2009.08.18 11:00:32.589,1.2279,1.2286,1.70,1.00
2009.08.18 11:00:33.269,1.2279,1.22855,1.70,1.00
2009.08.18 11:00:34.578,1.22795,1.2288,1.00,1.00
2009.08.18 11:00:35.318,1.2279,1.22875,1.50,1.90
2009.08.18 11:00:35.428,1.2279,1.22875,1.70,2.00
2009.08.18 11:00:36.628,1.228,1.2287,1.00,2.00
2009.08.18 11:00:37.798,1.228,1.22875,1.00,1.00
2009.08.18 11:00:39.597,1.228,1.2287,1.00,1.00
2009.08.18 11:00:40.677,1.22805,1.2287,1.00,1.00
2009.08.18 11:00:44.906,1.22805,1.2289,1.00,1.00
2009.08.18 11:00:45.416,1.2281,1.2289,1.00,1.00
2009.08.18 11:00:46.276,1.2281,1.22875,1.00,1.00
2009.08.18 11:00:46.675,1.22805,1.22885,1.00,1.00
2009.08.18 11:00:47.535,1.2281,1.22885,1.00,1.00
2009.08.18 11:00:48.475,1.2281,1.22875,1.00,1.00
2009.08.18 11:00:49.475,1.228,1.22885,1.00,1.00
2009.08.18 11:00:49.595,1.228,1.22875,1.00,1.90
2009.08.18 11:00:51.844,1.228,1.2287,1.00,1.00
2009.08.18 11:00:53.754,1.2281,1.2287,1.00,1.00
2009.08.18 11:00:55.733,1.2281,1.2288,1.00,1.00
2009.08.18 11:00:56.563,1.2281,1.2288,1.00,2.00
2009.08.18 11:00:57.953,1.2281,1.2287,1.00,1.00
2009.08.18 11:00:59.982,1.228,1.2287,1.00,2.00
2009.08.18 11:01:01.022,1.228,1.2288,1.00,2.00
2009.08.18 11:01:01.712,1.228,1.2287,1.00,1.90
2009.08.18 11:01:03.481,1.228,1.22865,1.00,1.00
2009.08.18 11:01:04.781,1.2279,1.22855,1.70,1.90
2009.08.18 11:01:06.491,1.2279,1.2285,1.70,1.00
2009.08.18 11:01:07.780,1.2279,1.22845,1.70,1.00
2009.08.18 11:01:09.630,1.228,1.22845,1.00,1.00
2009.08.18 11:01:14.239,1.228,1.22855,1.00,1.00
2009.08.18 11:01:15.908,1.228,1.22845,1.00,1.00
2009.08.18 11:01:18.708,1.2279,1.22845,2.50,1.00
2009.08.18 11:01:19.108,1.2279,1.22855,3.30,1.00
2009.08.18 11:01:19.168,1.2279,1.22865,3.10,1.00
2009.08.18 11:01:19.898,1.2279,1.22855,1.50,1.00
2009.08.18 11:01:22.627,1.2279,1.22835,1.50,1.00
2009.08.18 11:01:28.055,1.2279,1.22855,1.50,1.70
2009.08.18 11:01:28.405,1.2279,1.22855,1.50,1.00
2009.08.18 11:01:29.425,1.2279,1.22845,1.70,1.00
2009.08.18 11:01:30.505,1.22795,1.22845,1.00,1.00
2009.08.18 11:01:33.035,1.22795,1.2285,1.00,1.00
2009.08.18 11:01:35.594,1.22795,1.22845,1.00,1.00
2009.08.18 11:01:36.754,1.2279,1.22855,1.70,1.00
2009.08.18 11:01:37.153,1.22795,1.22875,1.00,1.00
2009.08.18 11:01:38.483,1.22805,1.22865,1.00,1.00
2009.08.18 11:01:39.423,1.228,1.2286,1.00,1.00
2009.08.18 11:01:41.182,1.2279,1.22865,1.50,1.70
2009.08.18 11:01:41.232,1.2279,1.2286,1.70,1.00
2009.08.18 11:01:42.922,1.228,1.2286,1.00,1.00
2009.08.18 11:01:43.502,1.2279,1.2286,1.00,1.00
2009.08.18 11:01:44.591,1.22795,1.22855,1.00,1.00
2009.08.18 11:01:47.921,1.228,1.2286,1.00,1.00
2009.08.18 11:01:49.800,1.228,1.22855,1.00,1.00
2009.08.18 11:01:50.270,1.2279,1.22855,1.00,1.00
2009.08.18 11:01:50.830,1.228,1.22865,1.00,1.00
2009.08.18 11:01:52.080,1.22805,1.22865,1.60,1.00
2009.08.18 11:01:52.420,1.22805,1.2287,1.70,1.00
2009.08.18 11:01:53.789,1.2281,1.2287,1.00,1.00
2009.08.18 11:01:56.478,1.228,1.2287,1.70,1.00
2009.08.18 11:01:57.228,1.22805,1.22875,1.00,1.00
2009.08.18 11:01:57.738,1.22815,1.22875,1.60,1.00
2009.08.18 11:01:58.118,1.2281,1.22875,1.00,1.00
2009.08.18 11:01:58.408,1.22815,1.22875,1.00,1.00
2009.08.18 11:01:58.818,1.2282,1.22875,1.00,1.00
2009.08.18 11:02:00.438,1.22825,1.22875,1.00,1.00
2009.08.18 11:02:02.077,1.22815,1.2288,1.70,1.00
2009.08.18 11:02:02.427,1.22815,1.2288,1.00,1.00
2009.08.18 11:02:03.417,1.22815,1.22875,1.00,1.00
2009.08.18 11:02:03.777,1.22815,1.2288,1.00,1.00
2009.08.18 11:02:06.366,1.22825,1.22885,1.00,1.70
2009.08.18 11:02:08.745,1.2282,1.2288,1.00,1.00
2009.08.18 11:02:10.365,1.2282,1.2287,1.00,1.00
2009.08.18 11:02:12.695,1.22815,1.2287,1.00,1.00
2009.08.18 11:02:14.344,1.22815,1.2286,1.00,1.00
2009.08.18 11:02:15.904,1.2281,1.22895,9.60,1.60
2009.08.18 11:02:16.184,1.2281,1.2288,9.60,1.60
2009.08.18 11:02:16.414,1.2281,1.22905,9.60,1.00
2009.08.18 11:02:17.544,1.2282,1.229,1.00,1.00
2009.08.18 11:02:18.593,1.22825,1.2289,1.00,1.00
2009.08.18 11:02:26.541,1.22825,1.2288,1.00,1.00
2009.08.18 11:02:27.392,1.22825,1.22875,1.00,1.00
2009.08.18 11:02:35.499,1.2282,1.22875,1.00,1.00
2009.08.18 11:02:37.509,1.2282,1.22865,1.00,1.00
2009.08.18 11:02:47.906,1.2281,1.22865,1.00,1.00
2009.08.18 11:02:49.586,1.2281,1.2286,1.00,1.00
2009.08.18 11:02:50.916,1.2281,1.22865,1.00,1.00
2009.08.18 11:02:52.525,1.2282,1.22865,1.00,1.00
2009.08.18 11:02:57.784,1.2281,1.22865,1.00,1.00
2009.08.18 11:02:59.323,1.2281,1.2286,1.00,1.00
2009.08.18 11:03:00.623,1.2281,1.22865,1.00,1.00
2009.08.18 11:03:02.613,1.2281,1.2286,1.00,1.00
2009.08.18 11:03:02.912,1.2281,1.22865,1.00,1.00
2009.08.18 11:03:04.632,1.2282,1.22865,1.00,1.00
2009.08.18 11:03:17.959,1.2282,1.22875,1.00,1.00
2009.08.18 11:03:19.499,1.22825,1.22885,1.00,1.00
2009.08.18 11:03:29.677,1.2283,1.2289,1.00,1.00
2009.08.18 11:03:31.276,1.2284,1.2289,1.00,1.00
2009.08.18 11:03:40.803,1.22835,1.229,1.00,2.00
2009.08.18 11:03:41.263,1.22835,1.229,1.00,1.00
2009.08.18 11:03:42.463,1.2284,1.229,1.00,1.00
2009.08.18 11:03:48.322,1.22845,1.22905,1.00,1.00
2009.08.18 11:03:49.751,1.22855,1.22905,1.00,1.00
2009.08.18 11:03:50.961,1.22845,1.22905,1.00,1.00
2009.08.18 11:03:51.471,1.22845,1.22905,1.00,2.00
2009.08.18 11:03:52.261,1.22845,1.229,1.00,1.00
2009.08.18 11:03:53.640,1.22825,1.2289,1.00,2.00
2009.08.18 11:03:55.550,1.2283,1.2288,1.00,1.00
2009.08.18 11:03:55.960,1.2283,1.2289,1.00,1.00
2009.08.18 11:03:57.519,1.22835,1.22895,1.00,1.00
2009.08.18 11:03:58.330,1.2284,1.22895,1.00,1.00
2009.08.18 11:04:00.329,1.2284,1.2289,1.00,1.00
2009.08.18 11:04:01.599,1.2283,1.22895,1.00,1.90
2009.08.18 11:04:02.308,1.2281,1.22885,1.00,1.90
2009.08.18 11:04:02.828,1.2281,1.22885,1.00,2.00
2009.08.18 11:04:04.348,1.2282,1.2288,8.90,1.00
2009.08.18 11:04:04.758,1.2283,1.2289,1.00,1.00
2009.08.18 11:04:05.248,1.2282,1.22895,1.00,2.00
2009.08.18 11:04:05.930,1.22825,1.22895,1.00,1.00
2009.08.18 11:04:07.317,1.22825,1.22895,1.00,2.00
2009.08.18 11:04:08.007,1.22825,1.22895,1.00,1.00
2009.08.18 11:04:09.327,1.22835,1.22895,1.00,1.00
2009.08.18 11:04:10.506,1.2283,1.2289,1.00,1.90
2009.08.18 11:04:11.596,1.22835,1.22885,1.00,1.00
2009.08.18 11:04:11.926,1.2281,1.22875,1.00,1.90
2009.08.18 11:04:12.516,1.22815,1.2288,1.00,1.00
2009.08.18 11:04:14.466,1.22815,1.22875,1.00,1.00
2009.08.18 11:04:15.105,1.22815,1.22875,1.00,2.00
2009.08.18 11:04:15.565,1.2281,1.2287,1.00,1.90
2009.08.18 11:04:15.925,1.2281,1.2288,1.00,2.00
2009.08.18 11:04:17.085,1.2281,1.22875,1.00,1.00
2009.08.18 11:04:17.495,1.2281,1.22875,8.90,1.00
2009.08.18 11:04:17.885,1.2282,1.22875,1.00,1.00
2009.08.18 11:04:19.374,1.2282,1.2287,1.00,1.00
2009.08.18 11:04:19.964,1.2282,1.2287,1.00,2.00
2009.08.18 11:04:20.364,1.2281,1.2287,1.00,2.00
2009.08.18 11:04:22.034,1.2281,1.2287,1.00,1.00
2009.08.18 11:04:23.053,1.2282,1.22865,1.00,1.00
2009.08.18 11:04:25.153,1.2282,1.22885,1.00,1.00
2009.08.18 11:04:25.383,1.2282,1.2289,1.00,1.90
2009.08.18 11:04:25.773,1.2282,1.22895,1.00,1.90
2009.08.18 11:04:26.942,1.2283,1.22885,1.00,1.00
2009.08.18 11:04:27.293,1.22825,1.22885,1.00,2.00
2009.08.18 11:04:27.762,1.22825,1.2288,1.00,1.00
2009.08.18 11:04:29.032,1.2282,1.22885,1.70,1.00
2009.08.18 11:04:29.422,1.2282,1.22885,1.00,2.00
2009.08.18 11:04:29.836,1.2282,1.2288,1.00,1.00
2009.08.18 11:04:30.871,1.22825,1.22875,1.00,1.00
2009.08.18 11:04:31.681,1.22825,1.2288,1.00,1.00
2009.08.18 11:04:32.293,1.22815,1.22875,1.00,2.00
2009.08.18 11:04:32.701,1.22815,1.22875,1.00,1.00
2009.08.18 11:04:33.111,1.2282,1.229,8.80,1.00
2009.08.18 11:04:34.641,1.2283,1.22895,1.00,1.00
2009.08.18 11:04:35.031,1.2283,1.2289,1.00,1.90
2009.08.18 11:04:36.300,1.22835,1.22885,1.00,1.00
2009.08.18 11:04:37.620,1.22835,1.2288,1.00,1.00
2009.08.18 11:04:38.960,1.22835,1.2289,1.00,1.00
2009.08.18 11:04:40.359,1.2284,1.2289,1.00,1.00
2009.08.18 11:04:41.449,1.2282,1.2289,1.00,2.00
2009.08.18 11:04:42.529,1.22825,1.22885,1.00,1.00
2009.08.18 11:04:43.508,1.2283,1.2289,1.00,1.00
2009.08.18 11:04:44.468,1.2284,1.2289,1.00,1.00
2009.08.18 11:04:50.227,1.2284,1.2291,1.00,1.00
2009.08.18 11:04:50.647,1.2284,1.22915,1.00,2.00
2009.08.18 11:04:51.526,1.2284,1.22905,1.00,1.00
2009.08.18 11:05:23.679,1.2284,1.2291,1.00,2.00
2009.08.18 11:05:24.019,1.2284,1.2291,1.00,1.00
2009.08.18 11:05:25.558,1.2285,1.2291,1.00,1.00
2009.08.18 11:05:32.896,1.2284,1.2291,1.00,2.00
2009.08.18 11:05:34.536,1.2284,1.22905,1.00,1.00
2009.08.18 11:05:46.043,1.2284,1.2291,1.00,2.00
2009.08.18 11:05:46.444,1.2284,1.2291,1.00,1.00
2009.08.18 11:05:46.853,1.2284,1.2291,1.00,2.00
2009.08.18 11:05:47.603,1.22845,1.2291,1.00,2.00
2009.08.18 11:05:48.413,1.2285,1.2291,1.00,2.00
2009.08.18 11:05:49.053,1.2285,1.2291,1.00,1.00
2009.08.18 11:05:49.723,1.22855,1.22905,1.00,1.00
2009.08.18 11:05:52.422,1.2283,1.22905,1.00,1.00
2009.08.18 11:05:52.812,1.2283,1.229,1.00,1.90
2009.08.18 11:05:53.161,1.2283,1.229,1.00,3.50
2009.08.18 11:05:53.842,1.22825,1.2289,1.00,2.00
2009.08.18 11:05:54.811,1.22825,1.2288,1.00,1.00
2009.08.18 11:05:55.461,1.22825,1.22875,1.00,1.00
2009.08.18 11:05:56.771,1.22825,1.22875,1.00,1.00
2009.08.18 11:05:57.181,1.22825,1.2291,1.00,1.60
2009.08.18 11:05:57.861,1.22835,1.2292,1.00,1.00
2009.08.18 11:05:58.840,1.2285,1.22915,1.00,1.00
2009.08.18 11:05:59.290,1.22855,1.22915,1.00,1.00
2009.08.18 11:06:00.310,1.22855,1.22915,1.00,2.00
2009.08.18 11:06:00.700,1.22845,1.2291,1.00,2.00
2009.08.18 11:06:02.219,1.22845,1.229,1.00,1.00
2009.08.18 11:06:03.299,1.22845,1.22895,1.00,1.00
2009.08.18 11:06:04.109,1.22825,1.22895,1.00,1.00
2009.08.18 11:06:04.849,1.22835,1.2292,10.80,1.60
2009.08.18 11:06:05.369,1.22845,1.22925,1.00,1.90
2009.08.18 11:06:06.169,1.22845,1.22925,1.00,2.00
2009.08.18 11:06:06.968,1.22845,1.22925,1.70,2.00
2009.08.18 11:06:07.668,1.22855,1.2292,1.00,1.00
2009.08.18 11:06:11.357,1.22845,1.2292,1.00,1.90
2009.08.18 11:06:12.687,1.22845,1.2292,1.00,2.00
2009.08.18 11:06:14.486,1.22845,1.2292,1.00,1.00
2009.08.18 11:06:15.736,1.22855,1.2292,1.00,1.00
2009.08.18 11:06:21.955,1.2285,1.2292,1.00,2.00
2009.08.18 11:06:23.644,1.2285,1.2291,1.00,1.00
2009.08.18 11:06:32.862,1.2284,1.2291,1.70,2.00
2009.08.18 11:06:33.552,1.2284,1.2291,1.00,2.00
2009.08.18 11:06:34.482,1.2284,1.22905,1.00,1.00
2009.08.18 11:06:52.227,1.22815,1.2289,1.70,1.00
2009.08.18 11:06:53.787,1.22825,1.2289,1.00,1.00
2009.08.18 11:06:55.786,1.22815,1.22895,1.70,2.00
2009.08.18 11:06:56.086,1.22815,1.2289,1.70,1.90
2009.08.18 11:06:56.486,1.22815,1.2289,1.00,1.90
2009.08.18 11:06:57.456,1.22815,1.2289,1.00,2.00
2009.08.18 11:06:59.895,1.2281,1.2288,1.00,1.90
2009.08.18 11:07:00.235,1.2281,1.22885,1.70,1.00
2009.08.18 11:07:01.785,1.2282,1.22875,1.00,1.00
2009.08.18 11:07:02.705,1.22825,1.22875,1.00,1.00
2009.08.18 11:07:06.754,1.2283,1.22885,1.00,1.00
2009.08.18 11:07:08.553,1.22835,1.2288,1.00,1.00
2009.08.18 11:07:10.033,1.22815,1.2288,1.00,1.00
2009.08.18 11:07:10.703,1.22815,1.2289,1.00,1.00
2009.08.18 11:07:11.503,1.22825,1.2289,1.00,1.00
2009.08.18 11:07:32.388,1.22835,1.2289,1.00,1.00
2009.08.18 11:07:33.367,1.2284,1.2289,1.00,1.00
2009.08.18 11:07:33.947,1.2284,1.229,1.00,1.00
2009.08.18 11:07:35.817,1.22845,1.229,1.00,1.00
2009.08.18 11:07:36.227,1.2285,1.229,1.00,1.00
2009.08.18 11:07:40.546,1.22845,1.229,1.00,1.00
2009.08.18 11:07:41.465,1.22845,1.2289,1.00,1.00
2009.08.18 11:07:46.454,1.22835,1.2289,1.00,1.00
2009.08.18 11:07:48.654,1.22845,1.2289,1.00,1.00
2009.08.18 11:08:04.090,1.22845,1.229,1.00,1.00
2009.08.18 11:08:04.710,1.22825,1.22895,1.00,1.90
2009.08.18 11:08:05.519,1.2283,1.2289,1.00,1.00
2009.08.18 11:08:06.599,1.22835,1.22895,1.00,1.00
2009.08.18 11:08:07.009,1.22835,1.22895,1.00,1.90
2009.08.18 11:08:07.069,1.22825,1.22895,1.00,1.90
2009.08.18 11:08:07.759,1.2283,1.229,1.00,1.90
2009.08.18 11:08:08.159,1.2283,1.229,1.00,2.00
2009.08.18 11:08:09.489,1.2284,1.2289,1.00,1.00
2009.08.18 11:08:12.198,1.2283,1.2291,1.00,1.90
2009.08.18 11:08:13.588,1.2283,1.22905,1.00,2.00
2009.08.18 11:08:15.927,1.2283,1.22905,1.00,1.00
2009.08.18 11:08:18.226,1.2284,1.22905,1.00,1.00
2009.08.18 11:08:29.044,1.22835,1.22905,1.00,2.00
2009.08.18 11:08:29.694,1.22835,1.22905,1.00,1.00
2009.08.18 11:08:31.413,1.2284,1.22905,1.00,1.00
2009.08.18 11:08:34.703,1.22835,1.22905,1.00,2.00
2009.08.18 11:08:35.093,1.228,1.22895,11.30,2.00
2009.08.18 11:08:35.382,1.228,1.22895,8.90,2.00
2009.08.18 11:08:36.402,1.22815,1.2289,1.00,2.00
2009.08.18 11:08:47.999,1.22815,1.22885,1.00,1.90
2009.08.18 11:08:48.989,1.2281,1.2288,1.00,1.90
2009.08.18 11:08:49.939,1.22815,1.2287,1.00,1.00
2009.08.18 11:08:51.318,1.2281,1.22865,1.00,2.00
2009.08.18 11:08:51.639,1.22805,1.22865,1.00,2.00
2009.08.18 11:08:51.978,1.22805,1.2286,1.00,1.90
2009.08.18 11:08:52.649,1.22795,1.2287,1.00,1.00
2009.08.18 11:08:53.578,1.22795,1.2287,2.50,1.00
2009.08.18 11:08:54.268,1.22805,1.22865,1.00,1.00
2009.08.18 11:08:54.618,1.2281,1.22865,1.00,1.00
2009.08.18 11:08:54.957,1.22795,1.22865,1.00,1.00
2009.08.18 11:08:55.338,1.228,1.22865,1.00,1.00
2009.08.18 11:08:56.317,1.2281,1.22865,1.00,1.00
2009.08.18 11:08:57.237,1.22805,1.2286,1.00,1.00
2009.08.18 11:08:58.267,1.22805,1.2287,1.00,2.00
2009.08.18 11:08:58.607,1.22795,1.2286,1.00,2.00
2009.08.18 11:08:58.967,1.228,1.2286,1.00,1.90
2009.08.18 11:08:59.606,1.228,1.22865,1.00,1.00
2009.08.18 11:08:59.966,1.228,1.2286,1.00,1.00
2009.08.18 11:09:00.306,1.22805,1.2286,1.00,1.00
2009.08.18 11:09:00.936,1.22805,1.22865,1.00,1.00
2009.08.18 11:09:01.176,1.22795,1.22855,1.00,1.00
2009.08.18 11:09:02.266,1.2279,1.22855,1.70,2.00
2009.08.18 11:09:03.305,1.2279,1.22845,1.70,1.00
2009.08.18 11:09:03.646,1.2279,1.22835,1.50,1.90
2009.08.18 11:09:03.995,1.2279,1.22835,1.50,1.00
2009.08.18 11:09:04.365,1.2279,1.22835,1.50,1.90
2009.08.18 11:09:05.005,1.2279,1.22855,1.50,3.60
2009.08.18 11:09:05.355,1.2279,1.22845,1.50,1.00
2009.08.18 11:09:06.355,1.2279,1.22835,1.50,1.00
2009.08.18 11:09:07.385,1.2279,1.22835,1.70,1.00
2009.08.18 11:09:09.584,1.2279,1.22835,1.50,2.00
2009.08.18 11:09:10.464,1.2279,1.22845,1.50,1.00
2009.08.18 11:09:11.574,1.2279,1.22845,10.30,1.00
2009.08.18 11:09:12.273,1.2279,1.2285,1.50,2.00
2009.08.18 11:09:12.614,1.2279,1.22845,1.50,1.60
2009.08.18 11:09:13.243,1.2279,1.2284,1.50,1.00
2009.08.18 11:09:14.403,1.2279,1.2285,1.50,1.00
2009.08.18 11:09:15.393,1.2279,1.22845,1.50,1.00
2009.08.18 11:09:16.333,1.2279,1.2284,1.50,1.00
2009.08.18 11:09:18.662,1.2279,1.22865,1.50,1.00
2009.08.18 11:09:19.742,1.2279,1.2287,1.50,1.00
2009.08.18 11:09:20.711,1.2279,1.2287,1.70,1.00
2009.08.18 11:09:40.667,1.2278,1.22865,10.30,1.00
2009.08.18 11:09:42.806,1.2279,1.2287,1.00,1.00
2009.08.18 11:09:43.876,1.22795,1.2287,1.00,1.00
2009.08.18 11:09:56.173,1.22785,1.22865,1.00,1.00
2009.08.18 11:09:56.293,1.22785,1.22855,1.00,1.90
2009.08.18 11:09:57.292,1.22785,1.22855,1.00,2.00
2009.08.18 11:09:58.314,1.22785,1.2286,1.00,1.00
2009.08.18 11:09:59.452,1.22795,1.2286,1.00,1.00
2009.08.18 11:10:00.672,1.2278,1.22855,1.00,1.00
2009.08.18 11:10:00.892,1.22775,1.22845,3.10,1.90
2009.08.18 11:10:01.062,1.22775,1.22845,1.50,1.90
2009.08.18 11:10:03.411,1.2278,1.2284,1.50,2.00
2009.08.18 11:10:04.471,1.2278,1.2283,1.50,1.90
2009.08.18 11:10:05.610,1.2278,1.22825,1.50,1.00
2009.08.18 11:10:09.130,1.2278,1.2283,1.50,1.90
2009.08.18 11:10:09.810,1.2278,1.2284,1.50,2.00
2009.08.18 11:10:10.449,1.2278,1.2283,1.50,1.00
2009.08.18 11:10:15.168,1.2278,1.2282,1.50,1.00
2009.08.18 11:10:15.529,1.2278,1.2282,1.50,2.00
2009.08.18 11:10:15.879,1.2278,1.22815,1.50,1.60
2009.08.18 11:10:16.608,1.2278,1.2282,1.50,1.00
2009.08.18 11:10:17.958,1.2278,1.2283,1.50,1.00
2009.08.18 11:10:19.857,1.2278,1.2283,1.70,1.00
2009.08.18 11:10:28.025,1.2278,1.2283,1.00,1.00
2009.08.18 11:10:30.095,1.2277,1.22825,1.50,1.00
2009.08.18 11:10:34.853,1.2277,1.2283,1.50,1.00
2009.08.18 11:10:35.203,1.2277,1.2283,1.50,2.00
2009.08.18 11:10:36.343,1.2277,1.2282,1.50,1.00
2009.08.18 11:10:37.253,1.2277,1.22815,1.50,1.00
2009.08.18 11:10:50.630,1.2277,1.2281,1.50,2.00
2009.08.18 11:10:52.599,1.2277,1.228,1.50,1.00
2009.08.18 11:11:20.672,1.2276,1.2281,1.50,1.00
2009.08.18 11:11:22.342,1.2276,1.2283,1.50,2.00
2009.08.18 11:11:22.682,1.2276,1.2283,1.50,1.00
2009.08.18 11:11:23.632,1.2276,1.22825,1.70,1.00
2009.08.18 11:11:36.959,1.2276,1.22825,1.50,1.00
2009.08.18 11:11:38.838,1.2276,1.2282,1.50,1.00
2009.08.18 11:11:53.616,1.2276,1.22825,1.70,1.00
2009.08.18 11:11:58.813,1.2276,1.22845,2.50,1.00
2009.08.18 11:12:00.503,1.2277,1.2284,1.00,1.00
2009.08.18 11:12:01.263,1.2276,1.2284,1.70,1.00
2009.08.18 11:12:02.263,1.2276,1.22835,1.70,1.00
2009.08.18 11:12:10.810,1.2276,1.22835,1.70,2.00
2009.08.18 11:12:12.240,1.2276,1.22825,1.70,1.00
2009.08.18 11:12:25.347,1.22755,1.22835,1.00,2.00
2009.08.18 11:12:25.737,1.22755,1.22835,1.00,1.00
2009.08.18 11:12:26.317,1.22755,1.22835,1.70,1.00
2009.08.18 11:12:26.606,1.2276,1.22835,1.00,1.00
2009.08.18 11:12:30.176,1.2276,1.22835,1.70,1.00
2009.08.18 11:12:30.696,1.22765,1.22825,1.60,1.00
2009.08.18 11:12:31.495,1.2277,1.22825,1.00,1.00
2009.08.18 11:12:34.925,1.22785,1.2287,1.00,1.00
2009.08.18 11:12:35.675,1.22785,1.22865,1.00,1.00
2009.08.18 11:12:36.854,1.22785,1.2285,1.00,1.00
2009.08.18 11:12:38.494,1.22765,1.22855,1.00,1.00
2009.08.18 11:12:38.844,1.22765,1.22855,1.00,1.70
2009.08.18 11:12:40.503,1.22765,1.2284,1.00,1.00
2009.08.18 11:12:43.853,1.2277,1.22835,1.00,1.00
2009.08.18 11:12:44.782,1.22775,1.22835,1.00,1.00
2009.08.18 11:12:52.201,1.22775,1.2284,1.00,1.70
2009.08.18 11:12:53.820,1.22775,1.2283,1.00,1.00
2009.08.18 11:12:54.570,1.22775,1.22825,1.00,1.00
2009.08.18 11:13:11.786,1.2275,1.22815,1.00,1.00
2009.08.18 11:13:12.196,1.22745,1.2282,1.70,1.00
2009.08.18 11:13:13.566,1.22755,1.22815,1.00,1.00
2009.08.18 11:13:14.315,1.2276,1.2281,1.00,1.00
2009.08.18 11:13:51.906,1.2276,1.22815,1.00,1.00
2009.08.18 11:13:52.366,1.22755,1.2282,1.00,1.00
2009.08.18 11:13:54.216,1.2276,1.2282,1.00,1.00
2009.08.18 11:14:18.930,1.2276,1.2282,8.90,1.00
2009.08.18 11:14:19.270,1.22765,1.22825,1.00,1.00
2009.08.18 11:14:19.609,1.22775,1.2283,1.00,1.00
2009.08.18 11:14:20.190,1.22765,1.22825,1.00,1.00
2009.08.18 11:14:20.579,1.2277,1.22835,1.00,3.50
2009.08.18 11:14:20.869,1.22775,1.2284,1.00,1.00
2009.08.18 11:14:21.529,1.2278,1.2284,1.00,1.00
2009.08.18 11:14:22.509,1.2279,1.2284,1.00,1.00
2009.08.18 11:14:25.688,1.22785,1.22845,1.00,1.00
2009.08.18 11:14:26.948,1.22785,1.2285,1.00,1.00
2009.08.18 11:14:29.257,1.22785,1.22845,1.00,1.00
2009.08.18 11:14:29.877,1.22785,1.22835,1.00,1.00
2009.08.18 11:14:35.595,1.22785,1.22855,1.00,1.00
2009.08.18 11:14:36.236,1.22785,1.2285,1.00,1.00
2009.08.18 11:14:37.295,1.22785,1.22835,1.00,1.00
2009.08.18 11:14:54.102,1.22785,1.22845,1.00,1.00
2009.08.18 11:14:54.461,1.2279,1.22855,1.70,1.00
2009.08.18 11:14:55.191,1.228,1.22855,1.00,1.00
2009.08.18 11:14:56.231,1.22805,1.22855,1.00,1.00
2009.08.18 11:14:56.760,1.22795,1.22855,1.00,1.00
2009.08.18 11:14:58.310,1.22795,1.2285,1.00,1.00
2009.08.18 11:14:59.360,1.22795,1.22845,1.00,1.00
2009.08.18 11:15:27.783,1.22795,1.2285,1.00,1.00
2009.08.18 11:15:28.734,1.22795,1.2286,1.00,1.00
2009.08.18 11:15:29.153,1.228,1.22865,1.00,1.00
2009.08.18 11:15:29.773,1.2279,1.22855,1.00,1.00
2009.08.18 11:15:30.532,1.22795,1.22855,1.00,1.00
2009.08.18 11:15:31.492,1.228,1.2285,1.00,1.00
2009.08.18 11:15:32.922,1.228,1.22845,1.00,1.00
2009.08.18 11:15:33.382,1.2278,1.22845,1.00,1.00
2009.08.18 11:15:34.022,1.22775,1.22845,1.00,1.00
2009.08.18 11:15:34.642,1.2278,1.2284,1.00,1.00
2009.08.18 11:15:37.851,1.2278,1.22845,8.90,1.00
2009.08.18 11:15:39.630,1.22785,1.2285,1.00,1.70
2009.08.18 11:15:40.650,1.22785,1.22845,1.00,1.00
2009.08.18 11:15:42.410,1.22785,1.22835,1.00,1.00
2009.08.18 11:15:43.699,1.22785,1.22855,1.00,1.00
2009.08.18 11:15:45.951,1.2279,1.2285,1.00,1.00
2009.08.18 11:15:49.908,1.22785,1.22845,1.00,1.00
2009.08.18 11:15:50.298,1.22785,1.2285,1.00,1.00
2009.08.18 11:15:51.287,1.2279,1.2285,1.00,1.00
2009.08.18 11:15:56.636,1.228,1.2285,1.00,1.00
2009.08.18 11:16:06.564,1.2279,1.2285,1.00,1.00
2009.08.18 11:16:08.423,1.2279,1.22845,1.00,1.00
2009.08.18 11:16:09.673,1.2279,1.2284,1.00,1.00
2009.08.18 11:16:13.622,1.2278,1.2284,1.00,1.00
2009.08.18 11:16:13.842,1.2277,1.22835,1.00,1.00
2009.08.18 11:16:14.412,1.22775,1.2284,1.00,1.70
2009.08.18 11:16:14.702,1.22775,1.2284,1.00,1.00
2009.08.18 11:16:15.772,1.22775,1.2283,1.00,1.00
2009.08.18 11:16:16.281,1.2278,1.2283,1.00,1.00
2009.08.18 11:16:17.981,1.22775,1.2283,1.00,1.00
2009.08.18 11:16:18.501,1.2278,1.22835,1.00,1.00
2009.08.18 11:16:19.141,1.22775,1.2283,1.00,1.00
2009.08.18 11:16:20.491,1.2278,1.22835,1.00,1.00
2009.08.18 11:16:21.470,1.2278,1.2283,1.00,1.00
2009.08.18 11:16:25.169,1.22775,1.22835,1.00,1.00
2009.08.18 11:16:26.030,1.2278,1.22845,1.00,1.70
2009.08.18 11:16:26.259,1.2278,1.22845,1.00,1.00
2009.08.18 11:16:27.119,1.2278,1.2284,1.00,1.00
2009.08.18 11:16:28.368,1.2278,1.2284,8.90,1.00
2009.08.18 11:16:28.759,1.22785,1.2288,1.00,1.00
2009.08.18 11:16:29.638,1.22795,1.2288,1.00,1.00
2009.08.18 11:16:30.290,1.22765,1.22855,1.90,1.00
2009.08.18 11:16:30.868,1.22755,1.22825,1.00,1.60
2009.08.18 11:16:31.548,1.22765,1.2288,1.00,1.00
2009.08.18 11:16:31.898,1.22775,1.22875,1.00,2.00
2009.08.18 11:16:33.289,1.22775,1.22855,1.00,1.00
2009.08.18 11:16:34.638,1.22765,1.22845,1.00,1.00
2009.08.18 11:16:43.595,1.22765,1.2285,1.00,1.00
2009.08.18 11:16:44.515,1.2276,1.22845,1.70,1.00
2009.08.18 11:16:45.425,1.2277,1.2284,1.00,1.00
2009.08.18 11:16:45.774,1.22775,1.2285,1.00,1.00
2009.08.18 11:16:46.744,1.2276,1.22845,1.00,1.00
2009.08.18 11:16:48.404,1.22765,1.2285,1.00,1.00
2009.08.18 11:16:49.633,1.22775,1.2285,1.00,1.00
2009.08.18 11:16:50.743,1.22785,1.2285,1.00,1.00
2009.08.18 11:16:52.783,1.22775,1.22855,1.00,1.00
2009.08.18 11:16:54.635,1.2278,1.2286,1.00,1.00
2009.08.18 11:16:55.612,1.2278,1.2286,1.00,2.00
2009.08.18 11:16:56.842,1.2278,1.2286,1.00,1.00
2009.08.18 11:16:57.491,1.2279,1.22855,1.00,1.00
2009.08.18 11:16:58.591,1.2278,1.22845,1.00,1.60
2009.08.18 11:16:59.511,1.2278,1.2284,1.00,1.00
2009.08.18 11:17:00.531,1.2278,1.2283,1.00,1.00
2009.08.18 11:17:11.048,1.22775,1.2283,1.00,1.00
2009.08.18 11:17:11.908,1.22765,1.2282,1.00,1.00
2009.08.18 11:17:13.987,1.22765,1.22815,1.00,1.00
2009.08.18 11:17:29.954,1.2276,1.22815,1.00,1.00
2009.08.18 11:17:30.463,1.2275,1.2281,1.00,1.00
2009.08.18 11:17:31.124,1.2274,1.2281,1.50,1.00
2009.08.18 11:17:31.823,1.2274,1.2281,2.10,1.70
2009.08.18 11:17:32.173,1.22745,1.2281,1.00,1.60
2009.08.18 11:17:32.513,1.22745,1.2281,1.00,1.00
2009.08.18 11:17:33.363,1.22745,1.2281,1.00,1.00
2009.08.18 11:17:33.713,1.2275,1.2281,1.00,1.70
2009.08.18 11:17:34.712,1.22745,1.228,1.00,1.00
2009.08.18 11:17:35.342,1.2274,1.22795,1.70,1.60
2009.08.18 11:17:36.612,1.2274,1.228,1.70,1.00
2009.08.18 11:17:37.172,1.2274,1.22795,1.50,1.00
2009.08.18 11:17:38.432,1.22745,1.22815,1.00,1.60
2009.08.18 11:17:38.782,1.22745,1.22815,1.00,1.60
2009.08.18 11:17:39.132,1.22745,1.2283,1.00,1.00
2009.08.18 11:17:39.651,1.2275,1.22835,1.00,2.00
2009.08.18 11:17:40.281,1.2275,1.22835,1.00,1.70
2009.08.18 11:17:40.931,1.2275,1.2283,1.00,1.00
2009.08.18 11:17:41.341,1.2276,1.22825,1.00,1.00
2009.08.18 11:17:47.609,1.22755,1.22835,1.00,1.00
2009.08.18 11:17:48.010,1.22745,1.2283,1.00,1.00
2009.08.18 11:17:48.429,1.2274,1.22825,1.70,1.00
2009.08.18 11:17:49.869,1.2274,1.2282,1.70,1.00
2009.08.18 11:17:50.798,1.2275,1.2283,1.00,1.00
2009.08.18 11:17:52.188,1.2275,1.2283,1.00,2.00
2009.08.18 11:17:53.298,1.2275,1.2283,1.00,10.80
2009.08.18 11:17:53.818,1.2274,1.2282,1.50,1.90
2009.08.18 11:17:55.297,1.2274,1.2281,1.50,1.00
2009.08.18 11:17:56.277,1.2274,1.22805,1.50,1.00
2009.08.18 11:17:56.677,1.2274,1.22805,1.50,2.00
2009.08.18 11:17:58.107,1.2273,1.22805,1.70,2.00
2009.08.18 11:17:58.207,1.22735,1.22795,1.00,1.00
2009.08.18 11:17:59.416,1.2273,1.2279,1.70,1.00
2009.08.18 11:17:59.816,1.22735,1.22795,1.00,1.00
2009.08.18 11:18:01.366,1.22745,1.22795,1.00,1.00
2009.08.18 11:18:04.166,1.22745,1.22815,1.00,1.00
2009.08.18 11:18:04.515,1.22755,1.22815,1.00,1.00
2009.08.18 11:18:06.325,1.2276,1.2281,1.00,1.00
2009.08.18 11:18:07.895,1.2274,1.2281,1.00,1.00
2009.08.18 11:18:09.324,1.22745,1.22805,1.00,1.00
2009.08.18 11:18:12.593,1.2274,1.228,1.00,1.00
2009.08.18 11:18:14.433,1.22745,1.22795,1.00,1.00
2009.08.18 11:18:17.373,1.22745,1.228,1.00,1.00
2009.08.18 11:18:19.352,1.22745,1.22795,1.00,1.00
2009.08.18 11:18:21.871,1.22725,1.22795,1.70,1.00
2009.08.18 11:18:24.810,1.2273,1.2278,1.70,1.00
2009.08.18 11:18:25.560,1.2273,1.22785,1.70,1.00
2009.08.18 11:18:27.000,1.2273,1.2278,1.70,1.00
2009.08.18 11:18:27.930,1.22735,1.22785,1.00,1.00
2009.08.18 11:18:28.349,1.2273,1.2278,1.70,1.00
2009.08.18 11:18:28.520,1.22735,1.22785,1.00,1.00
2009.08.18 11:18:28.890,1.2273,1.2278,1.50,1.00
2009.08.18 11:18:29.219,1.2273,1.22785,1.50,1.60
2009.08.18 11:18:29.599,1.2273,1.22805,1.70,1.70
2009.08.18 11:18:30.219,1.22735,1.228,1.00,1.00
2009.08.18 11:18:30.799,1.22735,1.22815,1.00,1.00
2009.08.18 11:18:31.419,1.2273,1.228,1.70,1.00
2009.08.18 11:18:32.999,1.2273,1.2279,1.50,1.00
2009.08.18 11:18:34.368,1.2273,1.22785,1.70,1.00
2009.08.18 11:18:35.418,1.2273,1.2278,1.70,1.00
2009.08.18 11:18:44.586,1.2273,1.2278,1.70,1.00
2009.08.18 11:18:46.635,1.2273,1.2279,1.50,1.00
2009.08.18 11:18:48.415,1.22735,1.22815,1.00,1.00
2009.08.18 11:18:48.595,1.2273,1.2281,12.40,1.00
2009.08.18 11:18:48.705,1.2273,1.2281,1.70,2.00
2009.08.18 11:18:50.674,1.22735,1.22795,1.00,1.00
2009.08.18 11:18:51.284,1.2273,1.2279,1.70,1.00
2009.08.18 11:18:58.102,1.2273,1.2279,1.50,1.00
2009.08.18 11:18:59.592,1.2273,1.22785,1.50,1.00
2009.08.18 11:19:00.822,1.2272,1.2278,1.70,1.00
2009.08.18 11:19:11.369,1.22725,1.22785,1.00,1.00
2009.08.18 11:19:13.539,1.22735,1.22785,1.00,1.00
2009.08.18 11:19:14.429,1.22715,1.22785,1.70,1.00
2009.08.18 11:19:15.239,1.22715,1.2278,1.70,1.00
2009.08.18 11:19:20.238,1.2273,1.2279,1.00,1.00
2009.08.18 11:19:20.757,1.2272,1.2279,1.70,1.00
2009.08.18 11:19:21.447,1.2273,1.22785,1.00,1.00
2009.08.18 11:19:22.347,1.2272,1.22775,1.50,1.00
2009.08.18 11:19:23.026,1.2272,1.22785,1.50,1.00
2009.08.18 11:19:24.857,1.2272,1.2278,1.50,1.00
2009.08.18 11:19:25.656,1.2272,1.2278,1.70,1.00
2009.08.18 11:19:31.704,1.2273,1.2279,1.00,1.00
2009.08.18 11:19:33.034,1.22735,1.2279,1.00,1.00
2009.08.18 11:19:33.844,1.22725,1.22795,1.00,1.00
2009.08.18 11:19:34.194,1.22735,1.228,1.00,1.00
2009.08.18 11:19:35.453,1.22745,1.228,1.00,1.00
2009.08.18 11:19:36.243,1.2275,1.228,1.00,1.00
2009.08.18 11:19:45.971,1.22745,1.228,1.00,1.00
2009.08.18 11:19:48.420,1.2275,1.228,1.00,1.00
2009.08.18 11:19:52.209,1.2274,1.228,1.00,1.00
2009.08.18 11:19:54.319,1.2275,1.22795,1.00,1.00
2009.08.18 11:20:00.168,1.22715,1.22795,1.00,1.00
2009.08.18 11:20:00.698,1.2272,1.228,1.00,1.00
2009.08.18 11:20:01.677,1.2273,1.22795,1.00,1.00
2009.08.18 11:20:03.277,1.22735,1.22795,1.00,1.00
2009.08.18 11:20:04.866,1.2274,1.22815,1.00,1.00
2009.08.18 11:20:05.276,1.2274,1.22815,8.90,1.00
2009.08.18 11:20:06.586,1.22745,1.2281,1.00,1.00
2009.08.18 11:20:07.246,1.2275,1.2281,1.00,1.00
2009.08.18 11:20:09.715,1.2275,1.228,1.00,1.00
2009.08.18 11:20:16.544,1.2273,1.228,1.00,1.00
2009.08.18 11:20:17.353,1.2273,1.22795,1.00,1.00
2009.08.18 11:20:18.893,1.2274,1.228,1.00,1.00
2009.08.18 11:20:19.673,1.22745,1.228,1.00,1.00
2009.08.18 11:20:20.013,1.22725,1.22795,1.00,1.00
2009.08.18 11:20:20.653,1.22725,1.22795,1.00,1.70
2009.08.18 11:20:21.682,1.2273,1.22785,1.00,1.00
2009.08.18 11:20:22.312,1.2273,1.2278,1.00,1.00
2009.08.18 11:20:25.601,1.2273,1.22785,1.00,1.00
2009.08.18 11:20:27.451,1.22735,1.22785,1.00,1.00
2009.08.18 11:20:28.871,1.2273,1.22785,1.00,1.00
2009.08.18 11:20:31.610,1.22735,1.22785,1.00,1.00
2009.08.18 11:20:35.729,1.2273,1.22805,1.00,1.00
2009.08.18 11:20:37.039,1.2274,1.22795,1.00,1.00
2009.08.18 11:20:38.908,1.2274,1.2279,1.00,1.00
2009.08.18 11:20:46.996,1.2274,1.228,1.00,1.00
2009.08.18 11:20:48.536,1.22745,1.228,1.00,1.00
2009.08.18 11:20:50.175,1.2275,1.228,1.00,1.00
2009.08.18 11:21:00.443,1.2273,1.228,1.00,1.00
2009.08.18 11:21:02.042,1.22735,1.22795,1.00,1.00
2009.08.18 11:21:11.861,1.22725,1.22795,1.00,1.00
2009.08.18 11:21:13.820,1.22725,1.22795,1.00,2.00
2009.08.18 11:21:14.250,1.2272,1.22785,1.00,1.00
2009.08.18 11:21:16.641,1.2272,1.2278,1.00,1.00
2009.08.18 11:21:25.397,1.2272,1.2277,1.00,1.00
2009.08.18 11:21:36.304,1.2272,1.2279,1.00,1.00
2009.08.18 11:21:37.554,1.2273,1.22795,1.00,1.00
2009.08.18 11:21:39.264,1.22745,1.22795,1.00,1.00
2009.08.18 11:21:40.413,1.2275,1.22795,1.00,1.00
2009.08.18 11:21:41.793,1.22745,1.2279,1.00,1.00
2009.08.18 11:21:46.552,1.2275,1.22815,1.00,1.00
2009.08.18 11:21:47.412,1.2275,1.2281,1.00,1.00
2009.08.18 11:21:50.111,1.2275,1.22805,1.00,1.00
2009.08.18 11:21:51.411,1.2275,1.228,1.00,1.00
2009.08.18 11:21:54.890,1.22745,1.22805,1.00,1.00
2009.08.18 11:21:56.030,1.22745,1.228,1.00,1.00
2009.08.18 11:21:56.620,1.22745,1.22795,1.00,1.00
2009.08.18 11:21:57.659,1.22745,1.2282,1.00,2.00
2009.08.18 11:21:58.169,1.22745,1.22815,1.00,1.00
2009.08.18 11:21:59.619,1.2275,1.22805,1.00,1.00
2009.08.18 11:22:00.249,1.2275,1.228,1.00,1.00
2009.08.18 11:22:06.467,1.22745,1.228,1.00,1.00
2009.08.18 11:22:07.487,1.22745,1.2279,1.00,1.00
2009.08.18 11:22:10.336,1.22735,1.2281,1.00,1.00
2009.08.18 11:22:10.397,1.2273,1.2281,1.00,1.00
2009.08.18 11:22:11.476,1.2273,1.228,1.00,1.00
2009.08.18 11:22:12.576,1.22745,1.228,8.80,1.00
2009.08.18 11:22:12.986,1.22735,1.228,1.00,1.00
2009.08.18 11:22:13.395,1.22735,1.228,1.00,1.00
2009.08.18 11:22:14.805,1.22745,1.22805,1.00,1.00
2009.08.18 11:22:17.395,1.22735,1.228,1.00,1.00
2009.08.18 11:22:17.805,1.22735,1.2282,1.00,1.00
2009.08.18 11:22:19.474,1.22745,1.2281,1.00,1.00
2009.08.18 11:22:21.074,1.22745,1.22805,1.00,1.00
2009.08.18 11:22:21.484,1.22735,1.228,1.00,1.00
2009.08.18 11:22:22.663,1.22735,1.22795,1.00,1.00
2009.08.18 11:22:23.643,1.22725,1.22805,2.00,1.00
2009.08.18 11:22:24.863,1.2274,1.22805,8.80,1.00
2009.08.18 11:22:25.383,1.2274,1.22825,8.80,1.00
2009.08.18 11:22:25.593,1.2272,1.2282,1.00,1.00
2009.08.18 11:22:25.883,1.2273,1.22815,1.00,1.90
2009.08.18 11:22:26.872,1.2273,1.2281,1.00,2.00
2009.08.18 11:22:27.332,1.2273,1.228,1.00,1.00
2009.08.18 11:22:27.742,1.2271,1.22795,2.00,1.00
2009.08.18 11:22:28.242,1.2271,1.22795,1.00,1.00
2009.08.18 11:22:28.801,1.22715,1.2279,1.00,1.00
2009.08.18 11:22:30.391,1.2272,1.2278,1.00,1.00
2009.08.18 11:22:31.251,1.22715,1.22775,1.00,1.00
2009.08.18 11:22:37.330,1.2271,1.2277,1.50,1.00
2009.08.18 11:22:39.279,1.2271,1.22775,1.50,1.00
2009.08.18 11:22:41.229,1.2271,1.22765,1.50,1.60
2009.08.18 11:22:41.579,1.2271,1.22775,1.50,1.00
2009.08.18 11:22:42.209,1.2271,1.2278,1.50,1.00
2009.08.18 11:22:43.328,1.2271,1.22775,1.50,1.00
2009.08.18 11:22:43.768,1.227,1.22775,1.70,1.00
2009.08.18 11:22:44.458,1.227,1.2277,1.50,4.20
2009.08.18 11:22:44.808,1.227,1.22765,1.50,4.40
2009.08.18 11:22:45.388,1.227,1.22755,1.50,1.90
2009.08.18 11:22:45.739,1.227,1.22765,1.50,1.60
2009.08.18 11:22:46.387,1.227,1.22785,1.50,1.00
2009.08.18 11:22:46.667,1.227,1.22785,3.40,1.00
2009.08.18 11:22:47.537,1.22705,1.2278,1.00,1.00
2009.08.18 11:22:48.048,1.227,1.2277,1.50,2.70
2009.08.18 11:22:48.267,1.227,1.22785,3.40,1.00
2009.08.18 11:22:49.487,1.2271,1.2278,1.00,1.00
2009.08.18 11:22:50.177,1.2271,1.2279,8.90,1.00
2009.08.18 11:22:51.576,1.22715,1.2279,1.00,1.00
2009.08.18 11:22:53.116,1.2271,1.22785,8.80,1.00
2009.08.18 11:22:53.176,1.2271,1.22775,8.80,1.00
2009.08.18 11:22:53.406,1.227,1.22775,1.50,2.70
2009.08.18 11:22:54.326,1.227,1.2277,1.70,1.00
2009.08.18 11:22:55.525,1.227,1.22765,1.50,1.00
2009.08.18 11:22:56.845,1.227,1.22755,1.50,1.00
2009.08.18 11:23:03.283,1.227,1.2275,1.50,1.00
2009.08.18 11:23:03.863,1.227,1.2275,1.50,1.00
2009.08.18 11:23:04.993,1.227,1.22745,1.50,1.00
2009.08.18 11:23:05.683,1.227,1.22755,1.50,1.00
2009.08.18 11:23:07.373,1.227,1.2275,1.70,1.00
2009.08.18 11:23:09.572,1.227,1.2276,1.70,1.00
2009.08.18 11:23:09.932,1.22705,1.2277,1.00,1.60
2009.08.18 11:23:10.322,1.22705,1.22795,1.00,3.80
2009.08.18 11:23:11.541,1.2271,1.22785,1.00,1.00
2009.08.18 11:23:12.281,1.2271,1.2278,1.00,1.00
2009.08.18 11:23:15.920,1.2273,1.22795,1.00,1.00
2009.08.18 11:23:16.540,1.22725,1.22795,1.00,1.00
2009.08.18 11:23:18.500,1.22725,1.22785,1.00,1.00
2009.08.18 11:23:19.260,1.22725,1.2278,1.00,1.00
2009.08.18 11:23:20.329,1.2273,1.2278,1.00,1.00
2009.08.18 11:23:21.929,1.2273,1.22785,1.00,1.00
2009.08.18 11:23:23.119,1.2272,1.2278,1.00,1.00
2009.08.18 11:23:24.438,1.2272,1.2277,1.00,1.00
2009.08.18 11:23:25.758,1.2271,1.22765,1.00,1.00
2009.08.18 11:23:27.338,1.2271,1.2276,1.00,1.00
2009.08.18 11:23:39.215,1.22705,1.2276,1.00,1.00
2009.08.18 11:23:41.204,1.2271,1.2276,1.00,1.00
2009.08.18 11:23:43.804,1.22705,1.2276,1.00,1.00
2009.08.18 11:23:45.443,1.2271,1.2276,1.00,1.00
2009.08.18 11:23:53.281,1.227,1.2276,1.50,1.00
2009.08.18 11:23:53.571,1.227,1.22765,1.70,1.00
2009.08.18 11:23:55.151,1.227,1.2276,1.50,2.80
2009.08.18 11:23:55.721,1.227,1.22765,1.50,4.20
2009.08.18 11:23:56.460,1.227,1.22755,1.50,1.90
2009.08.18 11:23:56.800,1.227,1.2276,1.50,1.00
2009.08.18 11:23:57.150,1.227,1.22755,1.50,2.70
2009.08.18 11:23:58.120,1.227,1.22745,1.50,1.00
2009.08.18 11:23:58.650,1.227,1.22745,1.50,2.80
2009.08.18 11:23:59.120,1.227,1.22745,1.50,1.00
2009.08.18 11:23:59.460,1.227,1.22735,1.50,1.00
2009.08.18 11:24:00.499,1.227,1.22735,1.50,1.00
2009.08.18 11:24:01.490,1.227,1.22745,1.50,1.00
2009.08.18 11:24:04.158,1.227,1.22735,1.50,1.90
2009.08.18 11:24:04.508,1.227,1.2274,1.50,1.70
2009.08.18 11:24:05.028,1.227,1.22745,1.50,1.00
2009.08.18 11:24:08.548,1.227,1.2277,1.50,3.60
2009.08.18 11:24:09.238,1.2269,1.2277,1.50,3.70
2009.08.18 11:24:09.588,1.2269,1.2276,1.50,1.00
2009.08.18 11:24:13.986,1.2269,1.22765,1.50,2.20
2009.08.18 11:24:14.620,1.2269,1.22755,1.50,1.00
2009.08.18 11:24:16.216,1.2269,1.2275,1.50,1.00
2009.08.18 11:24:20.865,1.2269,1.2274,1.50,2.00
2009.08.18 11:24:21.275,1.2269,1.22735,1.50,1.00
2009.08.18 11:24:22.245,1.2269,1.22735,1.50,1.00
2009.08.18 11:24:22.644,1.2269,1.2274,1.50,1.00
2009.08.18 11:24:23.444,1.2269,1.2275,1.50,1.00
2009.08.18 11:24:24.244,1.2269,1.22785,1.50,10.60
2009.08.18 11:24:25.064,1.2269,1.2277,1.50,1.00
2009.08.18 11:24:26.853,1.2269,1.22755,1.50,1.00
2009.08.18 11:24:27.843,1.2269,1.2275,1.50,1.00
2009.08.18 11:24:28.662,1.2269,1.22755,1.50,2.20
2009.08.18 11:24:30.272,1.2269,1.2274,1.50,1.00
2009.08.18 11:24:31.202,1.2269,1.22735,1.50,1.00
2009.08.18 11:24:32.472,1.2269,1.22725,1.50,1.00
2009.08.18 11:24:34.162,1.2269,1.2272,1.50,1.00
2009.08.18 11:24:35.011,1.2269,1.2273,1.50,1.00
2009.08.18 11:24:37.921,1.2269,1.22745,1.50,1.00
2009.08.18 11:24:39.440,1.22695,1.22745,1.00,1.00
2009.08.18 11:24:40.080,1.2269,1.2277,3.10,1.00
2009.08.18 11:24:40.660,1.2269,1.2277,1.50,1.00
2009.08.18 11:24:45.060,1.2269,1.22755,1.50,1.00
2009.08.18 11:24:46.478,1.227,1.22755,1.00,1.00
2009.08.18 11:24:48.718,1.227,1.2275,1.00,1.00
2009.08.18 11:24:53.847,1.2269,1.2274,1.50,1.00
2009.08.18 11:24:54.648,1.2269,1.2274,1.50,1.00
2009.08.18 11:24:55.506,1.2268,1.2274,1.50,1.00
2009.08.18 11:24:59.375,1.2268,1.22725,1.50,1.00
2009.08.18 11:25:05.405,1.2268,1.22735,1.50,1.00
2009.08.18 11:25:06.704,1.22685,1.2275,1.00,1.00
2009.08.18 11:25:07.343,1.22685,1.22755,1.00,1.00
2009.08.18 11:25:10.793,1.227,1.22755,1.00,1.00
2009.08.18 11:25:11.133,1.2269,1.22755,1.00,1.00
2009.08.18 11:25:15.591,1.2269,1.22755,1.00,1.00
2009.08.18 11:25:22.450,1.2269,1.22775,1.00,2.00
2009.08.18 11:25:22.790,1.2269,1.22775,1.00,2.20
2009.08.18 11:25:23.550,1.2269,1.2276,1.00,1.00
2009.08.18 11:25:24.649,1.22695,1.2277,2.80,1.00
2009.08.18 11:25:25.219,1.227,1.2277,12.30,1.00
2009.08.18 11:25:25.609,1.2271,1.22775,1.00,1.00
2009.08.18 11:25:26.789,1.227,1.2277,1.00,1.00
2009.08.18 11:25:27.888,1.227,1.22765,1.00,1.00
2009.08.18 11:25:28.618,1.227,1.22765,1.00,1.00
2009.08.18 11:25:29.418,1.2271,1.2279,1.90,3.50
2009.08.18 11:25:30.058,1.2272,1.228,10.70,1.90
2009.08.18 11:25:30.348,1.2272,1.228,12.30,1.00
2009.08.18 11:25:31.269,1.2272,1.2279,1.00,1.00
2009.08.18 11:25:31.888,1.2272,1.2279,1.00,1.70
2009.08.18 11:25:32.827,1.2272,1.22785,1.00,1.00
2009.08.18 11:25:33.437,1.2272,1.2278,1.00,1.00
2009.08.18 11:25:37.736,1.227,1.2278,1.00,2.00
2009.08.18 11:25:39.406,1.22705,1.22775,1.00,1.00
2009.08.18 11:25:40.216,1.22705,1.2277,1.00,1.00
2009.08.18 11:25:41.195,1.2268,1.2276,2.20,1.90
2009.08.18 11:25:41.855,1.22675,1.22755,4.40,1.00
2009.08.18 11:25:42.367,1.2268,1.2275,6.00,1.00
2009.08.18 11:25:43.235,1.2269,1.2275,1.00,1.00
2009.08.18 11:25:43.945,1.22685,1.22765,1.70,1.00
2009.08.18 11:25:44.404,1.22695,1.22765,1.00,1.00
2009.08.18 11:25:44.745,1.22695,1.22775,4.40,1.00
2009.08.18 11:25:46.314,1.22705,1.22775,1.00,1.00
2009.08.18 11:25:47.604,1.2269,1.2277,1.00,1.00
2009.08.18 11:25:48.474,1.2269,1.22765,1.00,1.00
2009.08.18 11:25:49.383,1.22695,1.22765,1.00,1.00
2009.08.18 11:25:49.983,1.2269,1.22775,1.00,1.00
2009.08.18 11:25:50.273,1.22695,1.2278,1.00,1.00
2009.08.18 11:25:50.893,1.22705,1.228,1.00,3.70
2009.08.18 11:25:51.483,1.22705,1.228,1.00,2.20
2009.08.18 11:25:52.342,1.2271,1.2279,1.00,1.00
2009.08.18 11:25:53.402,1.2271,1.22785,1.00,2.00
2009.08.18 11:25:53.742,1.2269,1.22775,1.00,1.90
2009.08.18 11:25:55.662,1.22695,1.2278,1.00,2.20
2009.08.18 11:25:56.351,1.22695,1.22775,1.00,2.20
2009.08.18 11:26:10.388,1.2269,1.22765,1.00,1.00
2009.08.18 11:26:12.588,1.2269,1.2276,1.00,1.00
2009.08.18 11:26:32.313,1.2268,1.22755,2.30,1.00
2009.08.18 11:26:33.333,1.22685,1.2276,1.00,1.00
2009.08.18 11:26:34.604,1.2269,1.2276,1.00,1.00
2009.08.18 11:26:37.692,1.2268,1.2276,1.70,2.00
2009.08.18 11:26:38.891,1.2268,1.2276,2.50,1.00
2009.08.18 11:26:40.551,1.2269,1.2276,1.00,1.00
2009.08.18 11:26:46.440,1.2269,1.22765,1.00,1.60
2009.08.18 11:26:46.790,1.2269,1.22775,1.00,3.80
2009.08.18 11:26:47.129,1.2269,1.2277,1.00,3.70
2009.08.18 11:26:48.290,1.2269,1.22765,1.00,2.10
2009.08.18 11:26:48.939,1.2268,1.22765,1.70,2.20
2009.08.18 11:26:49.629,1.2268,1.2276,1.70,2.20
2009.08.18 11:26:49.689,1.2268,1.2276,2.50,1.00
2009.08.18 11:26:50.719,1.2269,1.22775,1.00,1.00
2009.08.18 11:26:51.299,1.2269,1.2276,1.00,1.60
2009.08.18 11:26:52.378,1.2269,1.2275,1.00,1.00
2009.08.18 11:26:53.798,1.2269,1.2276,1.00,1.90
2009.08.18 11:27:00.676,1.2268,1.2276,1.70,1.00
2009.08.18 11:27:01.067,1.2268,1.22755,1.50,2.20
2009.08.18 11:27:02.686,1.2268,1.22745,1.50,1.00
2009.08.18 11:27:04.236,1.2268,1.22745,1.50,1.00
2009.08.18 11:27:05.445,1.2269,1.22745,1.00,1.00
2009.08.18 11:27:06.245,1.22695,1.2275,1.00,1.00
2009.08.18 11:27:07.265,1.22695,1.22755,1.00,1.00
2009.08.18 11:27:07.845,1.227,1.22765,1.00,1.00
2009.08.18 11:27:08.424,1.2271,1.22765,1.00,1.00
2009.08.18 11:27:11.763,1.2269,1.2276,1.00,1.00
2009.08.18 11:27:13.293,1.2269,1.22755,1.00,1.00
2009.08.18 11:27:14.683,1.22695,1.22745,1.00,1.00
2009.08.18 11:27:15.073,1.2269,1.22755,1.00,1.00
2009.08.18 11:27:16.292,1.22695,1.22755,1.00,1.00
2009.08.18 11:27:20.601,1.2269,1.2275,1.00,1.00
2009.08.18 11:27:21.821,1.2267,1.22745,1.00,1.00
2009.08.18 11:27:22.171,1.2268,1.22755,1.00,1.00
2009.08.18 11:27:22.531,1.22685,1.22765,1.00,1.00
2009.08.18 11:27:23.290,1.22695,1.2276,1.00,1.00
2009.08.18 11:27:23.621,1.22685,1.2276,1.00,1.00
2009.08.18 11:27:23.960,1.2268,1.22755,1.00,1.00
2009.08.18 11:27:25.650,1.22685,1.22745,1.00,1.00
2009.08.18 11:27:27.210,1.22685,1.2275,1.00,1.00
2009.08.18 11:27:28.941,1.2268,1.2274,1.00,1.00
2009.08.18 11:27:29.989,1.2267,1.22725,1.70,1.00
2009.08.18 11:27:30.829,1.22675,1.2273,1.00,1.00
2009.08.18 11:27:31.459,1.2267,1.2273,1.70,1.00
2009.08.18 11:27:31.799,1.22675,1.22735,1.00,1.00
2009.08.18 11:27:32.319,1.22675,1.2273,1.00,1.00
2009.08.18 11:27:33.538,1.2268,1.2273,1.00,1.00
2009.08.18 11:27:33.868,1.22685,1.22755,1.00,1.90
2009.08.18 11:27:36.438,1.22695,1.22755,1.00,1.00
2009.08.18 11:27:37.068,1.22685,1.22755,1.00,1.00
2009.08.18 11:27:37.417,1.2269,1.2275,1.00,1.00
2009.08.18 11:27:38.477,1.22695,1.22745,1.00,1.00
2009.08.18 11:27:39.057,1.22695,1.22755,1.00,1.00
2009.08.18 11:27:40.396,1.227,1.22755,1.00,1.00
2009.08.18 11:27:42.726,1.22705,1.22755,1.00,1.00
2009.08.18 11:27:47.475,1.22705,1.2276,1.00,1.00
2009.08.18 11:27:48.145,1.22695,1.2276,1.00,1.00
2009.08.18 11:27:49.224,1.22705,1.2276,1.00,1.00
2009.08.18 11:27:50.794,1.22705,1.22755,1.00,1.00
2009.08.18 11:27:56.753,1.22695,1.22775,1.00,1.00
2009.08.18 11:28:08.190,1.227,1.22775,1.00,1.00
2009.08.18 11:28:10.020,1.22705,1.2278,1.00,2.20
2009.08.18 11:28:11.369,1.2271,1.2277,1.00,1.00
2009.08.18 11:28:16.928,1.2269,1.2277,1.00,2.20
2009.08.18 11:28:17.628,1.22695,1.2276,1.00,1.00
2009.08.18 11:28:18.348,1.2267,1.2275,1.00,2.00
2009.08.18 11:28:18.998,1.22675,1.2275,1.00,1.90
2009.08.18 11:28:19.347,1.2267,1.2274,1.00,1.00
2009.08.18 11:28:20.748,1.22685,1.22735,1.00,1.00
2009.08.18 11:28:24.366,1.22685,1.2274,1.00,1.00
2009.08.18 11:28:24.716,1.2269,1.2275,1.00,1.00
2009.08.18 11:28:26.066,1.22695,1.22755,1.00,1.00
2009.08.18 11:28:26.756,1.227,1.2277,1.00,3.50
2009.08.18 11:28:27.215,1.22695,1.22765,1.00,1.10
2009.08.18 11:28:27.965,1.22695,1.22765,1.00,4.20
2009.08.18 11:28:28.325,1.2266,1.2275,1.50,2.90
2009.08.18 11:28:28.765,1.2266,1.22745,1.50,1.00
2009.08.18 11:28:29.115,1.2266,1.2276,1.50,1.90
2009.08.18 11:28:30.355,1.22675,1.2278,1.00,2.40
2009.08.18 11:28:31.005,1.22675,1.2278,1.00,1.60
2009.08.18 11:28:31.654,1.22675,1.2276,1.00,1.00
2009.08.18 11:28:32.634,1.2268,1.22765,1.00,1.00
2009.08.18 11:28:33.744,1.2268,1.22775,1.00,1.00
2009.08.18 11:28:34.164,1.2268,1.22775,1.00,2.20
2009.08.18 11:28:36.063,1.22675,1.22765,1.00,1.00
2009.08.18 11:28:36.693,1.2268,1.22775,1.00,1.00
2009.08.18 11:28:37.463,1.22675,1.22775,1.00,1.00
2009.08.18 11:28:38.313,1.22685,1.2276,1.00,1.00
2009.08.18 11:28:39.482,1.2269,1.2276,1.00,1.00
2009.08.18 11:28:39.662,1.2269,1.22765,1.00,1.00
2009.08.18 11:28:40.482,1.2267,1.22765,1.00,1.00
2009.08.18 11:28:40.662,1.22675,1.22765,8.90,1.00
2009.08.18 11:28:41.322,1.2268,1.2276,1.00,1.00
2009.08.18 11:28:41.672,1.2268,1.2276,8.90,1.00
2009.08.18 11:28:43.322,1.2269,1.2276,1.00,1.00
2009.08.18 11:28:44.191,1.22695,1.22765,1.00,1.00
2009.08.18 11:28:48.101,1.22675,1.2276,8.90,1.00
2009.08.18 11:28:49.370,1.2269,1.2276,1.00,1.00
2009.08.18 11:28:50.230,1.22695,1.22765,1.00,1.00
2009.08.18 11:28:54.709,1.2269,1.2278,1.00,1.00
2009.08.18 11:28:59.578,1.2269,1.22775,1.00,1.00
2009.08.18 11:29:00.507,1.227,1.22775,1.00,1.00
2009.08.18 11:29:01.537,1.2271,1.2278,1.00,1.00
2009.08.18 11:29:37.668,1.2269,1.22775,1.00,1.00
2009.08.18 11:29:38.828,1.2267,1.22765,1.00,11.50
2009.08.18 11:29:39.358,1.22675,1.2278,1.00,1.00
2009.08.18 11:29:40.238,1.2269,1.2278,1.00,1.00
2009.08.18 11:29:40.568,1.22695,1.22775,1.00,1.00
2009.08.18 11:29:41.987,1.2269,1.22765,1.00,1.90
2009.08.18 11:29:42.387,1.2269,1.2277,1.00,1.60
2009.08.18 11:29:42.787,1.22685,1.22775,1.70,1.00
2009.08.18 11:29:43.148,1.2269,1.22775,1.00,1.00
2009.08.18 11:29:43.667,1.22695,1.22785,1.00,2.20
2009.08.18 11:29:44.647,1.227,1.22775,1.00,1.00
2009.08.18 11:29:45.166,1.22705,1.22775,1.00,1.00
2009.08.18 11:29:48.086,1.22695,1.2277,1.00,1.00
2009.08.18 11:29:48.776,1.22695,1.22785,1.00,1.00
2009.08.18 11:29:49.516,1.2269,1.2278,1.00,1.00
2009.08.18 11:29:50.355,1.22695,1.22775,1.00,1.00
2009.08.18 11:29:52.895,1.22685,1.2277,2.00,1.00
2009.08.18 11:29:53.245,1.22685,1.2277,1.00,1.00
2009.08.18 11:29:55.004,1.2269,1.2277,1.00,1.00
2009.08.18 11:29:55.464,1.22685,1.22765,1.00,1.00
2009.08.18 11:29:56.744,1.2269,1.22755,1.00,1.00
2009.08.18 11:30:02.333,1.22665,1.2275,3.30,1.00
2009.08.18 11:30:02.902,1.22665,1.22755,1.70,2.20
2009.08.18 11:30:03.482,1.22675,1.2275,1.00,1.00
2009.08.18 11:30:04.822,1.22675,1.22745,1.00,1.00
2009.08.18 11:30:10.721,1.2268,1.2276,8.80,1.00
2009.08.18 11:30:11.110,1.22685,1.2278,2.00,1.00
2009.08.18 11:30:11.511,1.2269,1.2278,1.00,2.20
2009.08.18 11:30:12.660,1.2269,1.2277,1.00,1.00
2009.08.18 11:30:13.022,1.22695,1.22775,1.00,1.00
2009.08.18 11:30:14.800,1.2269,1.22765,1.00,1.90
2009.08.18 11:30:15.210,1.2267,1.22765,2.00,1.00
2009.08.18 11:30:16.379,1.22675,1.22765,3.60,1.00
2009.08.18 11:30:16.709,1.22685,1.2276,1.00,1.00
2009.08.18 11:30:17.799,1.2269,1.22755,1.00,1.00
2009.08.18 11:30:18.718,1.2268,1.22755,1.00,2.20
2009.08.18 11:30:19.071,1.2268,1.22765,1.00,2.20
2009.08.18 11:30:20.828,1.22685,1.2275,1.00,1.00
2009.08.18 11:30:21.288,1.2268,1.22745,1.00,1.00
2009.08.18 11:30:21.698,1.22675,1.2274,1.00,1.00
2009.08.18 11:30:22.557,1.22675,1.2274,1.00,1.00
2009.08.18 11:30:22.947,1.22675,1.22735,1.00,1.00
2009.08.18 11:30:23.857,1.2268,1.22745,1.00,1.00
2009.08.18 11:30:25.177,1.2269,1.22745,1.00,1.00
2009.08.18 11:30:27.527,1.2267,1.2274,1.00,1.00
2009.08.18 11:30:28.678,1.22675,1.2274,1.00,1.00
2009.08.18 11:30:30.616,1.2268,1.22745,1.00,1.00
2009.08.18 11:30:31.315,1.2269,1.22745,1.00,1.00
2009.08.18 11:30:32.115,1.2267,1.2274,1.00,1.00
2009.08.18 11:30:32.625,1.2268,1.22745,1.00,1.00
2009.08.18 11:30:33.205,1.2268,1.2274,1.00,1.00
2009.08.18 11:30:34.355,1.22675,1.2274,1.00,1.00
2009.08.18 11:30:35.624,1.2268,1.2275,1.00,1.00
2009.08.18 11:30:37.286,1.22685,1.22745,1.00,1.00
2009.08.18 11:30:39.523,1.2268,1.22745,1.00,1.00
2009.08.18 11:30:40.544,1.22675,1.22745,1.00,1.00
2009.08.18 11:30:41.523,1.22675,1.2274,1.00,1.00
2009.08.18 11:30:47.613,1.22665,1.22735,1.00,1.00
2009.08.18 11:30:47.952,1.2267,1.2275,1.00,1.90
2009.08.18 11:30:48.343,1.2267,1.22775,2.00,2.10
2009.08.18 11:30:49.601,1.22675,1.22765,1.00,2.20
2009.08.18 11:30:50.331,1.2268,1.2276,1.00,1.00
2009.08.18 11:30:51.841,1.2268,1.22755,2.00,1.00
2009.08.18 11:30:52.191,1.22685,1.2276,1.00,1.00
2009.08.18 11:30:53.240,1.22695,1.22755,1.00,1.00
2009.08.18 11:30:54.560,1.227,1.22765,1.00,1.00
2009.08.18 11:30:54.960,1.22675,1.2276,1.00,1.00
2009.08.18 11:30:56.099,1.2269,1.2278,1.00,1.00
2009.08.18 11:30:57.539,1.22695,1.2277,1.00,1.00
2009.08.18 11:30:59.739,1.22675,1.2277,2.00,1.00
2009.08.18 11:31:00.528,1.2268,1.22775,1.60,2.20
2009.08.18 11:31:00.969,1.22685,1.2277,1.70,1.00
2009.08.18 11:31:01.908,1.22695,1.22775,1.00,2.20
2009.08.18 11:31:04.158,1.227,1.2276,1.00,1.00
2009.08.18 11:31:04.557,1.22695,1.22755,1.00,1.00
2009.08.18 11:31:06.447,1.22675,1.22755,1.60,1.00
2009.08.18 11:31:06.557,1.22675,1.2276,1.00,1.00
2009.08.18 11:31:09.686,1.22685,1.22765,1.00,2.20
2009.08.18 11:31:10.816,1.2268,1.2276,1.70,1.00
2009.08.18 11:31:11.446,1.2268,1.22755,1.00,1.00
2009.08.18 11:31:12.036,1.22685,1.22765,1.00,1.00
2009.08.18 11:31:12.906,1.22695,1.2276,1.00,1.00
2009.08.18 11:31:14.695,1.227,1.22765,1.00,1.00
2009.08.18 11:31:19.004,1.22675,1.22755,1.00,1.00
2009.08.18 11:31:21.323,1.2269,1.2276,8.80,1.00
2009.08.18 11:31:21.743,1.227,1.22785,1.60,1.00
2009.08.18 11:31:22.103,1.22705,1.22785,1.60,1.00
2009.08.18 11:31:23.823,1.2271,1.22775,1.00,1.00
2009.08.18 11:31:26.072,1.2272,1.22785,1.00,1.00
2009.08.18 11:31:26.372,1.2272,1.22785,1.70,1.00
2009.08.18 11:31:28.362,1.22725,1.2279,1.00,1.00
2009.08.18 11:31:30.371,1.22725,1.2278,1.00,1.00
2009.08.18 11:31:30.882,1.22715,1.22775,1.00,1.00
2009.08.18 11:31:32.790,1.22715,1.2278,1.00,1.00
2009.08.18 11:31:33.641,1.22715,1.22775,1.00,1.00
2009.08.18 11:31:39.830,1.2272,1.22785,1.00,1.00
2009.08.18 11:31:42.498,1.22725,1.22785,1.00,1.00
2009.08.18 11:31:48.437,1.22725,1.22775,1.00,1.00
2009.08.18 11:32:01.765,1.22725,1.2278,1.00,1.00
2009.08.18 11:32:02.684,1.22735,1.2279,1.00,1.00
2009.08.18 11:32:03.763,1.2274,1.2279,1.00,1.00
2009.08.18 11:32:07.152,1.22735,1.2279,1.00,1.00
2009.08.18 11:32:08.652,1.22735,1.2278,1.00,1.00
2009.08.18 11:32:09.812,1.22725,1.2279,1.00,1.00
2009.08.18 11:32:10.222,1.22705,1.2278,1.00,1.00
2009.08.18 11:32:11.731,1.2272,1.22775,1.00,1.00
2009.08.18 11:32:12.371,1.2272,1.2277,1.00,1.00
2009.08.18 11:32:15.540,1.22735,1.2277,1.00,1.00
2009.08.18 11:32:15.840,1.22725,1.22805,1.70,1.60
2009.08.18 11:32:16.240,1.22725,1.2283,1.00,1.00
2009.08.18 11:32:16.930,1.22745,1.2283,8.80,1.00
2009.08.18 11:32:17.330,1.22735,1.22845,1.00,4.00
2009.08.18 11:32:17.740,1.22725,1.22835,2.50,1.90
2009.08.18 11:32:18.420,1.2273,1.22835,1.00,1.90
2009.08.18 11:32:19.310,1.2274,1.2283,1.00,1.90
2009.08.18 11:32:20.509,1.22745,1.2282,1.00,1.00
2009.08.18 11:32:21.311,1.22745,1.22815,1.00,1.00
2009.08.18 11:32:27.777,1.22755,1.22815,1.00,1.00
2009.08.18 11:32:28.117,1.22745,1.22815,1.00,1.00
2009.08.18 11:32:29.407,1.22745,1.2281,1.00,1.00
2009.08.18 11:32:36.645,1.2274,1.2281,1.00,1.00
2009.08.18 11:32:38.095,1.22745,1.2281,1.00,1.00
2009.08.18 11:33:03.479,1.22755,1.22845,1.00,1.00
2009.08.18 11:33:05.358,1.2276,1.22835,1.00,1.00
2009.08.18 11:33:08.408,1.2276,1.22825,1.00,1.00
2009.08.18 11:33:09.887,1.22735,1.2282,1.00,1.00
2009.08.18 11:33:11.718,1.2274,1.2281,1.00,1.00
2009.08.18 11:33:12.367,1.2273,1.22805,1.00,1.00
2009.08.18 11:33:13.286,1.22725,1.22805,1.00,1.00
2009.08.18 11:33:13.968,1.22725,1.22805,1.70,1.00
2009.08.18 11:33:14.316,1.22735,1.22805,1.00,1.00
2009.08.18 11:33:15.536,1.22735,1.22815,1.00,1.00
2009.08.18 11:33:15.936,1.2274,1.2282,1.70,1.00
2009.08.18 11:33:16.845,1.2274,1.2282,1.00,1.00
2009.08.18 11:33:17.807,1.22745,1.22815,1.00,1.00
2009.08.18 11:33:18.335,1.2274,1.2281,1.00,1.00
2009.08.18 11:33:18.395,1.22735,1.22805,1.00,1.00
2009.08.18 11:33:20.485,1.2274,1.22805,1.00,1.00
2009.08.18 11:33:24.174,1.2273,1.228,1.00,2.00
2009.08.18 11:33:25.804,1.22725,1.2279,1.00,1.00
2009.08.18 11:33:27.523,1.22725,1.22775,1.00,1.90
2009.08.18 11:33:27.923,1.22705,1.22785,1.60,2.00
2009.08.18 11:33:28.565,1.22695,1.2278,1.70,1.90
2009.08.18 11:33:28.683,1.22695,1.22785,1.00,14.80
2009.08.18 11:33:29.027,1.227,1.2279,1.00,2.20
2009.08.18 11:33:29.483,1.22705,1.2279,1.00,2.20
2009.08.18 11:33:30.592,1.2271,1.2278,1.00,1.00
2009.08.18 11:33:31.352,1.22715,1.2278,1.00,1.00
2009.08.18 11:33:31.632,1.22715,1.2278,1.00,2.20
2009.08.18 11:33:32.192,1.22705,1.22775,1.00,3.60
2009.08.18 11:33:32.882,1.22705,1.22775,1.00,1.70
2009.08.18 11:33:33.512,1.2271,1.22775,1.00,1.60
2009.08.18 11:33:33.992,1.2271,1.2278,1.00,1.00
2009.08.18 11:33:34.581,1.2271,1.2277,1.00,1.00
2009.08.18 11:33:40.290,1.22715,1.22775,1.00,1.00
2009.08.18 11:33:42.379,1.22725,1.22775,1.00,1.00
2009.08.18 11:33:50.068,1.22725,1.2278,1.00,1.00
2009.08.18 11:33:51.527,1.22735,1.2278,1.00,1.00
2009.08.18 11:33:52.545,1.22735,1.2279,1.00,1.00
2009.08.18 11:33:53.697,1.2274,1.2279,1.00,1.00
2009.08.18 11:34:07.093,1.2274,1.22795,1.00,1.00
2009.08.18 11:34:07.833,1.2272,1.2279,1.60,1.00
2009.08.18 11:34:08.233,1.22715,1.2279,1.00,1.00
2009.08.18 11:34:09.113,1.2271,1.2279,1.00,1.00
2009.08.18 11:34:09.513,1.2271,1.2278,1.00,1.00
2009.08.18 11:34:11.063,1.22715,1.2278,1.00,1.00
2009.08.18 11:34:13.682,1.22715,1.22785,1.00,1.00
2009.08.18 11:34:15.251,1.22725,1.22785,1.00,1.00
2009.08.18 11:34:18.011,1.22715,1.22785,1.00,1.00
2009.08.18 11:34:19.621,1.22715,1.2278,1.00,1.00
2009.08.18 11:34:22.610,1.2271,1.2279,1.00,1.00
2009.08.18 11:34:24.769,1.22715,1.2279,1.00,1.00
2009.08.18 11:34:30.928,1.2271,1.22795,1.00,1.00
2009.08.18 11:34:31.817,1.22705,1.22795,1.00,1.00
2009.08.18 11:34:32.208,1.22705,1.22795,1.00,2.80
2009.08.18 11:34:33.607,1.22705,1.22785,1.00,1.00
2009.08.18 11:34:35.667,1.22705,1.22775,1.00,1.00
2009.08.18 11:34:36.317,1.22705,1.2277,1.00,1.00
2009.08.18 11:34:36.436,1.22695,1.2277,1.00,1.00
2009.08.18 11:34:36.756,1.22695,1.2277,1.00,2.80
2009.08.18 11:34:41.245,1.22695,1.2278,1.00,1.00
2009.08.18 11:34:42.405,1.227,1.2277,1.00,1.00
2009.08.18 11:34:42.645,1.22705,1.22785,1.00,1.00
2009.08.18 11:34:44.674,1.2271,1.2278,1.00,1.00
2009.08.18 11:34:45.244,1.22715,1.2278,1.00,1.00
2009.08.18 11:34:46.774,1.22695,1.2278,1.00,2.00
2009.08.18 11:34:47.364,1.22695,1.22775,1.00,1.00
2009.08.18 11:34:48.573,1.2271,1.2277,1.00,1.00
2009.08.18 11:35:01.090,1.227,1.2277,1.00,1.00
2009.08.18 11:35:02.080,1.227,1.22785,1.00,2.20
2009.08.18 11:35:02.490,1.227,1.22785,1.00,2.20
2009.08.18 11:35:02.830,1.227,1.2278,1.00,2.90
2009.08.18 11:35:03.450,1.227,1.2277,1.00,1.00
2009.08.18 11:35:04.280,1.227,1.22765,1.00,1.00
2009.08.18 11:35:16.377,1.227,1.2276,1.00,1.00
2009.08.18 11:35:50.419,1.227,1.2278,1.00,2.00
2009.08.18 11:35:50.479,1.227,1.2278,1.00,1.00
2009.08.18 11:36:02.306,1.227,1.22775,1.00,2.00
2009.08.18 11:36:03.405,1.227,1.2277,1.00,1.00
2009.08.18 11:36:09.544,1.2271,1.2276,1.00,1.00
2009.08.18 11:36:14.363,1.227,1.2276,1.00,1.00
2009.08.18 11:36:15.402,1.227,1.2276,1.00,1.00
2009.08.18 11:36:16.712,1.227,1.22755,1.00,1.00
2009.08.18 11:36:30.909,1.22665,1.2275,3.60,1.00
2009.08.18 11:36:31.369,1.2267,1.2275,1.00,1.00
2009.08.18 11:36:32.389,1.22685,1.2274,1.00,1.00
2009.08.18 11:36:36.498,1.2267,1.22735,1.50,1.00
2009.08.18 11:36:37.497,1.2267,1.22735,1.50,1.00
2009.08.18 11:36:44.276,1.2267,1.2274,1.70,1.00
2009.08.18 11:36:45.625,1.2268,1.2277,1.60,1.00
2009.08.18 11:36:46.095,1.2268,1.22775,1.60,2.20
2009.08.18 11:36:46.435,1.2267,1.2276,1.50,2.20
2009.08.18 11:36:48.057,1.22675,1.22755,1.00,2.00
2009.08.18 11:36:48.415,1.2268,1.22745,1.00,1.00
2009.08.18 11:37:06.750,1.22675,1.22735,1.00,1.00
2009.08.18 11:37:07.200,1.22685,1.22775,1.00,3.20
2009.08.18 11:37:07.730,1.2268,1.22785,1.00,1.10
2009.08.18 11:37:07.850,1.2268,1.22785,1.00,4.50
2009.08.18 11:37:08.730,1.2268,1.22765,1.00,1.00
2009.08.18 11:37:09.440,1.2269,1.22765,1.00,1.00
2009.08.18 11:37:10.359,1.2269,1.22755,1.00,1.00
2009.08.18 11:37:15.568,1.22685,1.22755,1.00,1.00
2009.08.18 11:37:16.968,1.22695,1.2278,1.00,1.00
2009.08.18 11:37:18.167,1.22705,1.2277,1.00,1.00
2009.08.18 11:37:40.272,1.22685,1.2277,1.70,2.00
2009.08.18 11:37:40.392,1.22685,1.22775,1.00,1.00
2009.08.18 11:37:40.684,1.22685,1.22775,8.90,1.00
2009.08.18 11:37:41.482,1.22695,1.22775,1.00,1.00
2009.08.18 11:37:50.070,1.22695,1.2278,1.00,2.00
2009.08.18 11:37:50.190,1.227,1.22785,10.70,1.00
2009.08.18 11:37:51.290,1.22705,1.2279,3.60,1.00
2009.08.18 11:37:52.789,1.22715,1.22785,1.00,1.00
2009.08.18 11:37:53.739,1.2272,1.22785,1.00,1.00
2009.08.18 11:37:53.799,1.22675,1.22765,1.00,3.50
2009.08.18 11:37:53.909,1.2268,1.22765,1.60,3.50
2009.08.18 11:37:53.959,1.2268,1.22765,1.60,1.60
2009.08.18 11:37:54.309,1.22685,1.22765,1.00,1.60
2009.08.18 11:37:54.369,1.22685,1.2279,1.70,1.00
2009.08.18 11:37:55.209,1.227,1.22785,1.00,1.00
2009.08.18 11:37:56.188,1.22705,1.22775,1.00,1.00
2009.08.18 11:37:59.908,1.22705,1.2279,1.00,2.00
2009.08.18 11:38:00.197,1.22715,1.2279,1.60,1.00
2009.08.18 11:38:00.309,1.22715,1.228,1.70,1.00
2009.08.18 11:38:00.587,1.22715,1.228,1.00,1.00
2009.08.18 11:38:01.647,1.2272,1.22795,1.00,1.00
2009.08.18 11:38:08.377,1.22725,1.228,1.00,1.00
2009.08.18 11:38:08.996,1.22725,1.22795,1.00,1.00
2009.08.18 11:38:10.325,1.2273,1.2279,1.00,1.00
2009.08.18 11:38:11.245,1.2273,1.228,1.00,1.00
2009.08.18 11:38:11.525,1.22725,1.22795,1.00,1.00
2009.08.18 11:38:13.314,1.2273,1.2279,1.00,1.00
2009.08.18 11:38:15.334,1.2272,1.228,1.00,1.00
2009.08.18 11:38:16.223,1.2273,1.22795,1.00,1.00
2009.08.18 11:38:17.133,1.22725,1.22805,1.00,1.00
2009.08.18 11:38:17.303,1.2273,1.228,1.00,1.00
2009.08.18 11:38:18.343,1.22735,1.228,1.00,1.00
2009.08.18 11:38:23.362,1.22725,1.22795,1.00,1.00
2009.08.18 11:38:25.421,1.2273,1.2279,1.00,1.00
2009.08.18 11:38:26.801,1.22705,1.22785,1.00,1.00
2009.08.18 11:38:27.131,1.2271,1.22795,1.00,1.00
2009.08.18 11:38:28.571,1.2272,1.2279,1.00,1.00
2009.08.18 11:38:29.321,1.2273,1.228,1.00,1.00
2009.08.18 11:38:30.550,1.22735,1.22795,1.00,1.00
2009.08.18 11:38:30.720,1.22725,1.22795,1.00,1.00
2009.08.18 11:38:32.230,1.22725,1.2279,1.00,1.00
2009.08.18 11:38:33.809,1.2273,1.228,1.00,1.00
2009.08.18 11:38:34.439,1.22735,1.22795,1.00,1.00
2009.08.18 11:38:42.418,1.22725,1.22795,1.00,1.00
2009.08.18 11:38:43.367,1.22715,1.22795,1.00,1.00
2009.08.18 11:38:44.007,1.22715,1.22785,1.00,1.00
2009.08.18 11:38:45.076,1.2272,1.22785,1.00,1.00
2009.08.18 11:38:45.757,1.2272,1.2279,1.00,1.00
2009.08.18 11:38:47.646,1.2273,1.2279,1.00,1.00
2009.08.18 11:38:55.564,1.2273,1.228,1.00,1.00
2009.08.18 11:38:57.674,1.22735,1.228,1.00,1.00
2009.08.18 11:38:58.243,1.22715,1.228,1.00,1.00
2009.08.18 11:38:59.333,1.2272,1.22795,1.00,1.00
2009.08.18 11:39:02.072,1.22715,1.228,1.00,1.00
2009.08.18 11:39:02.862,1.2272,1.228,1.00,1.00
2009.08.18 11:39:04.002,1.22725,1.228,1.00,1.00
2009.08.18 11:39:04.872,1.22725,1.22795,1.00,1.00
2009.08.18 11:39:06.951,1.22725,1.2279,1.00,1.00
2009.08.18 11:39:07.791,1.2273,1.228,1.00,1.00
2009.08.18 11:39:09.471,1.22735,1.22795,1.00,1.00
2009.08.18 11:39:12.590,1.22725,1.22795,1.00,1.00
2009.08.18 11:39:13.570,1.22725,1.2279,1.00,1.00
2009.08.18 11:39:15.129,1.2273,1.228,1.00,1.00
2009.08.18 11:39:16.269,1.22735,1.22795,1.00,1.00
2009.08.18 11:39:18.319,1.22725,1.22795,1.00,1.00
2009.08.18 11:39:19.288,1.22725,1.2279,1.00,1.00
2009.08.18 11:39:20.708,1.2273,1.2279,1.00,1.00
2009.08.18 11:39:25.567,1.2273,1.2281,1.00,1.00
2009.08.18 11:39:25.847,1.2273,1.22805,1.00,1.00
2009.08.18 11:39:26.128,1.22725,1.2281,1.00,1.00
2009.08.18 11:39:27.436,1.2273,1.228,1.00,1.00
2009.08.18 11:39:28.486,1.22735,1.228,1.00,1.00
2009.08.18 11:39:29.836,1.22735,1.22805,1.00,1.00
2009.08.18 11:39:31.335,1.22745,1.22805,1.00,1.00
2009.08.18 11:39:34.225,1.22725,1.228,2.00,1.00
2009.08.18 11:39:34.285,1.22725,1.228,1.00,1.00
2009.08.18 11:39:35.375,1.22735,1.228,1.00,1.00
2009.08.18 11:39:43.113,1.22725,1.22795,2.00,1.00
2009.08.18 11:39:43.693,1.2273,1.228,1.00,1.00
2009.08.18 11:39:44.512,1.22735,1.228,1.00,1.00
2009.08.18 11:39:50.371,1.2273,1.22805,1.00,1.00
2009.08.18 11:39:51.691,1.2273,1.228,1.00,1.00
2009.08.18 11:40:10.786,1.22725,1.22795,2.00,1.00
2009.08.18 11:40:10.846,1.22725,1.22795,1.00,1.00
2009.08.18 11:40:12.266,1.2273,1.2279,1.00,1.00
2009.08.18 11:40:16.525,1.22735,1.22795,1.90,1.00
2009.08.18 11:40:16.925,1.2273,1.22805,1.00,1.00
2009.08.18 11:40:17.435,1.2273,1.228,1.00,1.00
2009.08.18 11:40:17.904,1.2273,1.2281,1.00,1.00
2009.08.18 11:40:18.294,1.2272,1.22805,2.00,1.00
2009.08.18 11:40:18.874,1.22725,1.2281,2.00,1.00
2009.08.18 11:40:19.224,1.22725,1.22805,2.00,1.00
2009.08.18 11:40:20.384,1.22735,1.228,1.00,1.00
2009.08.18 11:40:24.813,1.22735,1.22805,1.00,1.00
2009.08.18 11:40:25.222,1.22735,1.22805,2.00,1.00
2009.08.18 11:40:26.252,1.22745,1.22805,1.00,1.00
2009.08.18 11:40:30.981,1.2275,1.22805,1.90,1.00
2009.08.18 11:40:31.091,1.22745,1.22815,1.00,1.00
2009.08.18 11:40:32.561,1.22745,1.2281,1.00,1.00
2009.08.18 11:40:33.351,1.2275,1.22815,1.00,1.00
2009.08.18 11:40:37.110,1.2274,1.2281,2.00,1.00
2009.08.18 11:40:37.390,1.2274,1.2281,1.00,1.00
2009.08.18 11:40:38.309,1.2274,1.228,1.00,1.00
2009.08.18 11:40:39.369,1.22745,1.22805,1.00,1.00
2009.08.18 11:40:41.549,1.22735,1.2281,1.90,1.00
2009.08.18 11:40:41.939,1.2273,1.2281,1.00,1.00
2009.08.18 11:40:43.508,1.2274,1.2283,1.00,1.00
2009.08.18 11:40:44.078,1.2274,1.2283,2.00,1.00
2009.08.18 11:40:44.588,1.22745,1.22815,1.00,1.00
2009.08.18 11:40:45.438,1.22745,1.2281,1.00,1.00
2009.08.18 11:40:46.147,1.2275,1.22815,1.00,1.00
2009.08.18 11:40:48.217,1.2275,1.2282,2.00,1.00
2009.08.18 11:40:49.367,1.2276,1.2282,1.00,1.00
2009.08.18 11:40:51.276,1.22755,1.22815,1.00,1.00
2009.08.18 11:40:54.956,1.22755,1.22815,2.00,1.00
2009.08.18 11:40:55.305,1.2276,1.22835,1.00,1.00
2009.08.18 11:40:57.065,1.22755,1.22825,1.00,1.00
2009.08.18 11:40:57.585,1.22755,1.22815,1.00,1.00
2009.08.18 11:41:00.244,1.2275,1.22815,1.00,1.00
2009.08.18 11:41:02.083,1.2275,1.2282,2.00,1.00
2009.08.18 11:41:02.653,1.22745,1.22815,1.00,1.00
2009.08.18 11:41:03.513,1.22745,1.2281,1.00,1.00
2009.08.18 11:41:03.853,1.22745,1.2282,1.00,1.00
2009.08.18 11:41:05.233,1.2275,1.2282,1.00,1.00
2009.08.18 11:41:07.612,1.2275,1.2281,1.00,1.00
2009.08.18 11:41:08.672,1.2274,1.2281,1.00,1.00
2009.08.18 11:41:09.262,1.22735,1.2281,1.90,1.00
2009.08.18 11:41:10.252,1.2274,1.22805,1.00,1.00
2009.08.18 11:41:12.191,1.22735,1.22805,1.00,1.00
2009.08.18 11:41:12.541,1.22735,1.228,1.00,1.00
2009.08.18 11:41:13.550,1.22735,1.22795,1.00,1.00
2009.08.18 11:41:15.040,1.22735,1.22805,1.00,1.00
2009.08.18 11:41:15.260,1.2274,1.22805,1.00,1.00
2009.08.18 11:41:19.209,1.22735,1.22805,1.00,1.00
2009.08.18 11:41:20.359,1.22735,1.22795,1.00,1.00
2009.08.18 11:41:36.735,1.22725,1.22795,1.00,1.00
2009.08.18 11:41:37.075,1.2272,1.228,2.00,1.60
2009.08.18 11:41:38.645,1.22725,1.22795,1.00,1.00
2009.08.18 11:41:39.654,1.22735,1.228,1.90,1.60
2009.08.18 11:41:40.234,1.22735,1.22805,1.90,1.00
2009.08.18 11:41:41.964,1.22745,1.2281,1.00,1.70
2009.08.18 11:41:42.615,1.2272,1.228,1.00,1.00
2009.08.18 11:41:43.664,1.22725,1.2279,1.00,1.00
2009.08.18 11:41:44.564,1.2273,1.2279,1.00,1.00
2009.08.18 11:41:46.723,1.2273,1.228,1.00,1.00
2009.08.18 11:41:47.003,1.2271,1.22795,2.70,1.00
2009.08.18 11:41:47.363,1.22715,1.22805,8.90,1.00
2009.08.18 11:41:47.772,1.2272,1.22805,1.90,1.00
2009.08.18 11:41:48.742,1.22725,1.228,1.90,1.00
2009.08.18 11:41:50.292,1.2273,1.228,1.00,1.00
2009.08.18 11:41:51.421,1.22735,1.228,1.00,1.00
2009.08.18 11:42:13.426,1.22725,1.228,1.00,1.00
2009.08.18 11:42:13.706,1.22715,1.22795,1.00,1.00
2009.08.18 11:42:15.416,1.22715,1.22785,1.00,1.00
2009.08.18 11:42:16.816,1.2272,1.22785,1.00,1.00
2009.08.18 11:42:17.165,1.2271,1.2279,1.00,1.00
2009.08.18 11:42:18.245,1.22715,1.2278,1.00,1.00
2009.08.18 11:42:19.546,1.2272,1.2279,2.00,1.00
2009.08.18 11:42:20.225,1.22725,1.2279,1.00,1.00
2009.08.18 11:42:21.204,1.2273,1.2279,1.00,1.00
2009.08.18 11:42:29.352,1.2273,1.228,1.00,1.00
2009.08.18 11:42:30.412,1.22735,1.22805,1.00,1.00
2009.08.18 11:42:31.662,1.22735,1.22795,1.00,1.00
2009.08.18 11:42:32.312,1.22735,1.2279,1.00,1.00
2009.08.18 11:42:41.560,1.22735,1.22805,1.00,1.00
2009.08.18 11:42:42.731,1.22715,1.228,1.00,1.00
2009.08.18 11:42:43.859,1.2272,1.22795,1.00,1.00
2009.08.18 11:42:44.919,1.22725,1.228,2.00,1.00
2009.08.18 11:42:46.569,1.22735,1.228,1.00,1.00
2009.08.18 11:42:51.197,1.22715,1.228,1.00,1.00
2009.08.18 11:42:51.597,1.2272,1.2282,2.00,1.70
2009.08.18 11:42:52.517,1.22725,1.2281,1.90,1.00
2009.08.18 11:42:53.717,1.2273,1.228,1.00,1.00
2009.08.18 11:42:54.236,1.22735,1.228,1.00,1.00
2009.08.18 11:43:00.525,1.22735,1.22805,1.00,1.00
2009.08.18 11:43:02.534,1.22735,1.22795,1.00,1.00
2009.08.18 11:43:02.874,1.22735,1.22805,1.00,1.00
2009.08.18 11:43:13.962,1.22735,1.22805,1.00,1.00
2009.08.18 11:43:15.281,1.22735,1.22795,1.00,1.00
2009.08.18 11:43:16.461,1.22735,1.22785,1.00,1.00
2009.08.18 11:43:32.278,1.22735,1.22825,1.00,1.00
2009.08.18 11:43:32.678,1.22735,1.22825,1.00,2.00
2009.08.18 11:43:36.376,1.22685,1.22775,2.00,1.00
2009.08.18 11:43:37.306,1.22705,1.2277,1.00,1.00
2009.08.18 11:43:39.246,1.2271,1.2278,1.00,1.00
2009.08.18 11:43:41.315,1.22715,1.22775,1.00,1.00
2009.08.18 11:43:46.674,1.2273,1.2278,1.00,1.00
2009.08.18 11:43:49.383,1.2273,1.228,1.00,1.00
2009.08.18 11:43:50.933,1.2274,1.22795,1.00,1.00
2009.08.18 11:43:51.333,1.22745,1.22795,1.00,1.00
2009.08.18 11:43:52.463,1.2274,1.2279,1.00,1.00
2009.08.18 11:44:01.470,1.2275,1.22835,1.00,1.60
2009.08.18 11:44:01.820,1.22755,1.2285,1.00,1.00
2009.08.18 11:44:02.220,1.22755,1.22845,1.00,1.00
2009.08.18 11:44:03.430,1.2276,1.2283,1.00,1.00
2009.08.18 11:44:04.459,1.2276,1.22825,1.00,1.00
2009.08.18 11:44:22.425,1.22755,1.22825,1.00,1.00
2009.08.18 11:44:22.755,1.22745,1.2282,1.00,1.00
2009.08.18 11:44:24.604,1.22745,1.2281,1.00,1.00
2009.08.18 11:44:25.294,1.2275,1.22815,1.00,1.00
2009.08.18 11:44:46.240,1.2275,1.22835,2.00,1.00
2009.08.18 11:44:47.959,1.2276,1.2283,1.00,1.00
2009.08.18 11:44:48.540,1.2276,1.22835,1.00,1.00
2009.08.18 11:44:49.179,1.2276,1.2283,1.00,1.00
2009.08.18 11:44:49.539,1.2275,1.2283,2.00,1.00
2009.08.18 11:44:50.048,1.2275,1.2283,1.00,1.00
2009.08.18 11:44:53.278,1.22755,1.22835,1.00,1.00
2009.08.18 11:44:56.447,1.2275,1.2283,1.00,1.00
2009.08.18 11:44:58.467,1.2275,1.22825,1.00,1.00
2009.08.18 11:45:05.215,1.22745,1.2282,1.00,1.00
2009.08.18 11:45:06.615,1.22745,1.2281,1.00,1.00
2009.08.18 11:45:08.194,1.2275,1.22815,1.00,1.00
2009.08.18 11:45:12.103,1.2275,1.2282,1.00,1.00
2009.08.18 11:45:12.463,1.22745,1.22815,1.00,1.00
2009.08.18 11:45:13.303,1.22745,1.2281,1.00,1.00
2009.08.18 11:45:14.273,1.2275,1.22815,1.00,1.00
2009.08.18 11:45:18.312,1.2275,1.2282,1.00,1.00
2009.08.18 11:45:18.912,1.22745,1.22815,1.00,1.00
2009.08.18 11:45:20.471,1.22745,1.2281,1.00,1.00
2009.08.18 11:45:21.441,1.2275,1.22815,1.00,1.00
2009.08.18 11:45:43.166,1.2273,1.22815,1.00,1.00
2009.08.18 11:45:44.445,1.22735,1.2281,1.00,1.00
2009.08.18 11:46:00.562,1.22735,1.22815,1.00,6.00
2009.08.18 11:46:00.871,1.22735,1.2281,1.00,2.00
2009.08.18 11:46:02.121,1.22735,1.22815,1.00,6.00
2009.08.18 11:46:02.531,1.22735,1.2281,1.00,1.00
2009.08.18 11:46:07.290,1.2273,1.22795,1.00,1.00
2009.08.18 11:46:08.410,1.22735,1.228,1.00,1.00
2009.08.18 11:46:09.979,1.2273,1.2281,1.00,1.00
2009.08.18 11:46:10.329,1.2273,1.22805,1.00,1.90
2009.08.18 11:46:11.239,1.22735,1.22795,1.00,1.00
2009.08.18 11:46:16.708,1.22735,1.22815,1.00,1.00
2009.08.18 11:46:17.168,1.2273,1.22815,1.00,1.00
2009.08.18 11:46:17.638,1.2269,1.228,1.50,1.90
2009.08.18 11:46:18.727,1.227,1.22795,1.50,2.20
2009.08.18 11:46:19.117,1.227,1.22785,1.50,1.00
2009.08.18 11:46:20.079,1.2271,1.22805,11.50,1.90
2009.08.18 11:46:21.297,1.2272,1.2279,1.00,1.00
2009.08.18 11:46:22.197,1.2273,1.228,1.00,1.60
2009.08.18 11:46:22.316,1.22735,1.2281,1.00,1.00
2009.08.18 11:46:24.176,1.22725,1.228,1.00,1.90
2009.08.18 11:46:25.256,1.22725,1.2279,1.00,1.00
2009.08.18 11:46:26.855,1.2273,1.22815,2.70,3.20
2009.08.18 11:46:27.205,1.2274,1.22825,1.00,1.00
2009.08.18 11:46:27.605,1.22735,1.2282,1.00,1.90
2009.08.18 11:46:27.965,1.2271,1.228,2.60,2.00
2009.08.18 11:46:28.305,1.22705,1.22785,2.00,1.60
2009.08.18 11:46:28.705,1.22695,1.2278,1.50,1.90
2009.08.18 11:46:29.285,1.227,1.22785,1.50,3.70
2009.08.18 11:46:29.574,1.227,1.2278,1.50,3.80
2009.08.18 11:46:30.474,1.227,1.22775,1.70,3.80
2009.08.18 11:46:30.764,1.2271,1.2278,1.00,3.50
2009.08.18 11:46:30.984,1.2271,1.2279,2.70,1.00
2009.08.18 11:46:31.044,1.22705,1.2278,2.20,3.50
2009.08.18 11:46:31.544,1.227,1.2278,1.70,3.50
2009.08.18 11:46:34.254,1.227,1.2277,1.70,1.00
2009.08.18 11:46:34.643,1.22705,1.2278,1.00,1.00
2009.08.18 11:46:34.983,1.227,1.2278,1.70,2.20
2009.08.18 11:46:36.273,1.227,1.22775,1.70,2.20
2009.08.18 11:46:37.303,1.227,1.2277,1.70,1.00
2009.08.18 11:46:39.572,1.227,1.22775,1.70,2.00
2009.08.18 11:46:40.162,1.227,1.2278,1.50,1.00
2009.08.18 11:46:40.522,1.22695,1.2278,1.00,1.90
2009.08.18 11:46:40.812,1.22705,1.2278,1.00,1.90
2009.08.18 11:46:42.272,1.2271,1.2278,1.00,1.00
2009.08.18 11:46:43.701,1.227,1.2277,1.00,1.00
2009.08.18 11:46:44.041,1.227,1.22765,1.00,1.90
2009.08.18 11:46:45.513,1.227,1.2276,1.00,1.00
2009.08.18 11:46:46.491,1.227,1.22755,1.00,1.00
2009.08.18 11:46:48.520,1.22695,1.22755,1.00,1.00
2009.08.18 11:46:48.860,1.2269,1.2275,1.50,1.00
2009.08.18 11:46:49.220,1.2269,1.22755,1.70,1.00
2009.08.18 11:46:49.840,1.2269,1.2275,1.50,1.00
2009.08.18 11:46:50.470,1.2269,1.22755,1.70,1.00
2009.08.18 11:46:51.279,1.22695,1.22745,1.00,1.00
2009.08.18 11:46:54.089,1.2269,1.22745,1.50,1.00
2009.08.18 11:46:54.319,1.2269,1.2274,1.50,2.20
2009.08.18 11:46:54.908,1.2269,1.22745,1.50,1.00
2009.08.18 11:46:57.628,1.2269,1.22765,1.50,1.00
2009.08.18 11:46:58.668,1.22695,1.22765,1.00,1.00
2009.08.18 11:46:59.758,1.227,1.22765,1.00,2.20
2009.08.18 11:47:00.337,1.227,1.2276,1.00,1.00
2009.08.18 11:47:01.467,1.2269,1.22745,1.50,1.00
2009.08.18 11:47:01.817,1.2269,1.2274,1.50,1.00
2009.08.18 11:47:03.647,1.2269,1.2273,1.50,1.00
2009.08.18 11:47:05.076,1.2269,1.2274,1.50,1.00
2009.08.18 11:47:05.356,1.2269,1.22735,1.50,1.00
2009.08.18 11:47:08.865,1.2269,1.2271,1.00,1.60
2009.08.18 11:47:09.225,1.2269,1.2273,1.00,1.00
2009.08.18 11:47:09.925,1.2265,1.2272,1.00,1.00
2009.08.18 11:47:10.035,1.2268,1.2272,1.00,1.00
2009.08.18 11:47:10.435,1.2268,1.22715,1.00,1.00
2009.08.18 11:47:18.523,1.2269,1.2272,1.00,1.00
2009.08.18 11:47:20.842,1.2269,1.2273,1.00,1.90
2009.08.18 11:47:20.902,1.2269,1.2274,1.00,3.20
2009.08.18 11:47:21.702,1.2269,1.2278,1.00,1.00
2009.08.18 11:47:21.922,1.2269,1.2277,9.60,2.00
2009.08.18 11:47:22.862,1.2269,1.22795,1.00,2.00
2009.08.18 11:47:23.242,1.22695,1.22805,1.00,2.00
2009.08.18 11:47:23.581,1.22695,1.228,1.00,2.00
2009.08.18 11:47:23.802,1.227,1.22805,1.00,6.00
2009.08.18 11:47:25.521,1.227,1.2279,1.00,2.30
2009.08.18 11:47:26.161,1.22695,1.22785,1.00,2.20
2009.08.18 11:47:26.611,1.22695,1.2278,1.00,2.10
2009.08.18 11:47:27.191,1.22695,1.2278,1.00,8.00
2009.08.18 11:47:27.481,1.2269,1.2277,1.00,1.00
2009.08.18 11:47:28.171,1.22695,1.22775,1.00,2.30
2009.08.18 11:47:29.031,1.22695,1.2279,1.00,2.00
2009.08.18 11:47:29.430,1.22695,1.22795,1.00,2.30
2009.08.18 11:47:30.010,1.22695,1.22795,1.00,4.10
2009.08.18 11:47:30.310,1.22705,1.2279,1.00,1.90
2009.08.18 11:47:30.900,1.22705,1.2279,1.00,1.90
2009.08.18 11:47:31.580,1.2271,1.2279,1.00,2.10
2009.08.18 11:47:32.540,1.22705,1.22785,1.00,2.20
2009.08.18 11:47:33.249,1.2271,1.22785,1.00,2.00
2009.08.18 11:47:34.519,1.22715,1.22775,1.00,1.00
2009.08.18 11:47:35.209,1.22715,1.2277,1.00,1.00
2009.08.18 11:47:38.768,1.2271,1.2277,1.00,1.00
2009.08.18 11:47:40.318,1.2271,1.22765,1.00,1.00
2009.08.18 11:47:41.217,1.2271,1.2276,1.00,1.00
2009.08.18 11:47:44.906,1.22685,1.22755,1.00,1.00
2009.08.18 11:47:45.937,1.22695,1.22785,1.00,1.60
2009.08.18 11:47:46.346,1.22695,1.22795,1.00,1.00
2009.08.18 11:47:47.506,1.22705,1.22785,1.00,1.00
2009.08.18 11:47:48.416,1.2271,1.22805,1.00,2.20
2009.08.18 11:47:50.165,1.2271,1.22795,1.00,1.00
2009.08.18 11:47:51.615,1.2271,1.22785,1.00,1.00
2009.08.18 11:47:51.785,1.227,1.22785,1.00,1.00
2009.08.18 11:47:54.224,1.227,1.22785,1.00,1.00
2009.08.18 11:47:56.284,1.227,1.2279,1.00,1.00
2009.08.18 11:47:57.434,1.2271,1.2278,1.00,1.00
2009.08.18 11:47:58.473,1.22715,1.2278,1.00,1.00
2009.08.18 11:48:11.250,1.22715,1.228,1.00,1.90
2009.08.18 11:48:11.590,1.22715,1.228,1.00,3.90
2009.08.18 11:48:12.440,1.22715,1.22795,1.00,4.00
2009.08.18 11:48:13.310,1.2272,1.2279,1.00,1.00
2009.08.18 11:48:14.279,1.227,1.22785,1.00,1.00
2009.08.18 11:48:14.629,1.227,1.2279,1.00,6.10
2009.08.18 11:48:15.749,1.22705,1.22795,1.00,6.10
2009.08.18 11:48:15.859,1.22705,1.2279,1.00,1.00
2009.08.18 11:48:20.038,1.22705,1.2277,1.00,1.90
2009.08.18 11:48:20.098,1.22695,1.2277,1.00,1.90
2009.08.18 11:48:21.518,1.2269,1.22765,1.00,2.10
2009.08.18 11:48:22.797,1.2269,1.2276,1.00,2.20
2009.08.18 11:48:23.257,1.22695,1.22765,1.00,2.20
2009.08.18 11:48:23.757,1.22685,1.2275,1.70,1.90
2009.08.18 11:48:24.387,1.22695,1.2277,1.00,1.60
2009.08.18 11:48:24.567,1.22695,1.228,1.00,1.00
2009.08.18 11:48:25.188,1.2269,1.22795,1.00,2.00
2009.08.18 11:48:25.357,1.22695,1.228,1.00,10.90
2009.08.18 11:48:26.536,1.227,1.2278,1.00,1.00
2009.08.18 11:48:26.706,1.2268,1.2278,1.00,4.20
2009.08.18 11:48:26.876,1.2268,1.22755,1.00,1.90
2009.08.18 11:48:27.496,1.2268,1.22765,1.00,1.90
2009.08.18 11:48:28.286,1.2269,1.22755,1.00,2.20
2009.08.18 11:48:29.566,1.22695,1.22745,1.00,1.00
2009.08.18 11:48:32.345,1.227,1.22755,1.00,1.00
2009.08.18 11:48:33.375,1.22705,1.22755,1.00,1.00
2009.08.18 11:48:37.454,1.22685,1.2275,1.00,1.00
2009.08.18 11:48:37.744,1.22685,1.22755,1.00,2.20
2009.08.18 11:48:40.153,1.22685,1.2275,1.60,2.20
2009.08.18 11:48:40.513,1.2268,1.2275,1.00,2.20
2009.08.18 11:48:41.153,1.2268,1.2275,1.00,2.20
2009.08.18 11:48:41.883,1.2268,1.2275,1.00,2.00
2009.08.18 11:48:42.523,1.2268,1.2275,2.60,2.00
2009.08.18 11:48:43.202,1.2269,1.2275,1.00,2.00
2009.08.18 11:48:44.052,1.2269,1.2276,1.00,2.10
2009.08.18 11:48:44.352,1.2269,1.22765,1.00,2.20
2009.08.18 11:48:44.643,1.22685,1.22755,1.70,2.10
2009.08.18 11:48:44.992,1.22685,1.22755,1.00,2.10
2009.08.18 11:48:45.332,1.2269,1.22755,1.00,1.90
2009.08.18 11:48:46.292,1.2269,1.2275,1.00,2.20
2009.08.18 11:48:47.551,1.2269,1.22745,1.00,1.00
2009.08.18 11:48:47.901,1.22685,1.22745,1.00,2.20
2009.08.18 11:48:49.271,1.22685,1.22745,2.50,1.00
2009.08.18 11:48:49.951,1.22695,1.22755,1.70,1.00
2009.08.18 11:48:50.011,1.22695,1.22755,1.00,1.00
2009.08.18 11:48:51.230,1.22705,1.2276,1.00,1.00
2009.08.18 11:48:52.020,1.2271,1.22785,1.00,2.20
2009.08.18 11:48:53.520,1.2269,1.2277,1.70,1.90
2009.08.18 11:48:53.870,1.2269,1.2277,1.00,1.90
2009.08.18 11:48:55.630,1.22695,1.2277,1.00,2.00
2009.08.18 11:48:58.609,1.22695,1.22775,1.00,2.20
2009.08.18 11:48:59.239,1.227,1.22765,1.00,1.90
2009.08.18 11:49:00.338,1.22705,1.2276,1.00,1.00
2009.08.18 11:49:01.438,1.22705,1.22755,1.00,1.00
2009.08.18 11:49:01.618,1.2268,1.22755,1.70,1.00
2009.08.18 11:49:04.367,1.22685,1.2275,1.00,2.20
2009.08.18 11:49:05.667,1.22685,1.22745,1.00,1.00
2009.08.18 11:49:07.097,1.22695,1.22765,1.00,1.00
2009.08.18 11:49:07.377,1.22685,1.2276,1.00,2.20
2009.08.18 11:49:08.357,1.22685,1.22755,1.00,1.00
2009.08.18 11:49:12.586,1.22705,1.22755,1.00,1.00
2009.08.18 11:49:13.565,1.22705,1.22765,1.00,1.00
2009.08.18 11:49:14.725,1.2271,1.2277,1.00,1.00
2009.08.18 11:49:15.485,1.2272,1.2277,1.00,1.00
2009.08.18 11:49:18.275,1.22705,1.2277,1.00,1.90
2009.08.18 11:49:19.444,1.2271,1.2276,1.00,1.00
2009.08.18 11:49:20.604,1.2271,1.22755,1.00,1.00
2009.08.18 11:49:21.343,1.2269,1.2276,1.00,1.00
2009.08.18 11:49:21.733,1.2269,1.2276,1.00,1.00
2009.08.18 11:49:22.213,1.227,1.2276,1.00,1.00
2009.08.18 11:49:23.963,1.22685,1.2276,1.00,2.20
2009.08.18 11:49:25.422,1.2269,1.2275,1.00,1.00
2009.08.18 11:49:27.222,1.22695,1.22755,1.00,1.00
2009.08.18 11:49:28.542,1.22705,1.22765,1.00,1.00
2009.08.18 11:49:29.621,1.22715,1.22765,1.00,1.00
2009.08.18 11:49:48.987,1.2271,1.2277,1.00,1.00
2009.08.18 11:49:49.277,1.22715,1.2277,1.00,1.00
2009.08.18 11:49:50.436,1.2272,1.2277,1.00,1.00
2009.08.18 11:49:51.196,1.227,1.2277,1.00,1.00
2009.08.18 11:49:51.496,1.227,1.22775,1.00,2.20
2009.08.18 11:49:53.336,1.22705,1.2277,1.00,2.20
2009.08.18 11:49:53.786,1.22705,1.22765,1.00,2.10
2009.08.18 11:49:54.305,1.227,1.22765,1.00,2.10
2009.08.18 11:49:55.335,1.22695,1.22765,1.00,2.20
2009.08.18 11:49:56.215,1.22695,1.22755,1.00,1.00
2009.08.18 11:50:06.623,1.227,1.2276,1.00,2.00
2009.08.18 11:50:06.733,1.227,1.22765,1.00,1.00
2009.08.18 11:50:07.082,1.227,1.22765,1.00,2.20
2009.08.18 11:50:07.142,1.22705,1.22765,1.00,2.20
2009.08.18 11:50:07.532,1.22705,1.22765,1.00,1.00
2009.08.18 11:50:08.292,1.2271,1.22765,1.00,1.00
2009.08.18 11:50:09.112,1.22705,1.22765,1.00,2.20
2009.08.18 11:50:13.511,1.2271,1.2276,1.00,1.00
2009.08.18 11:50:14.481,1.2271,1.22755,1.00,1.00
2009.08.18 11:50:15.060,1.22715,1.22775,1.00,1.90
2009.08.18 11:50:16.170,1.22705,1.2276,1.00,1.90
2009.08.18 11:50:16.530,1.227,1.2277,8.90,1.90
2009.08.18 11:50:18.420,1.22705,1.22775,1.00,1.90
2009.08.18 11:50:22.658,1.22705,1.22765,1.00,1.90
2009.08.18 11:50:37.195,1.227,1.2276,1.00,1.00
2009.08.18 11:50:37.495,1.227,1.2276,1.00,2.10
2009.08.18 11:50:39.145,1.227,1.2277,1.00,3.70
2009.08.18 11:50:39.844,1.22705,1.2277,1.00,3.70
2009.08.18 11:50:51.852,1.22705,1.22765,1.00,1.90
2009.08.18 11:51:01.469,1.227,1.22765,1.00,1.90
2009.08.18 11:51:01.639,1.227,1.2276,1.00,1.90
2009.08.18 11:51:03.849,1.227,1.2276,1.00,2.20
2009.08.18 11:51:04.238,1.227,1.22755,1.00,2.20
2009.08.18 11:51:05.368,1.22705,1.2276,1.00,2.20
2009.08.18 11:51:08.557,1.22695,1.2275,1.00,2.00
2009.08.18 11:51:09.217,1.227,1.2275,1.00,2.20
2009.08.18 11:51:13.007,1.227,1.22765,1.00,1.00
2009.08.18 11:51:15.576,1.22695,1.22755,1.00,1.90
2009.08.18 11:51:17.125,1.22695,1.2275,1.00,1.00
2009.08.18 11:51:18.325,1.227,1.22745,1.00,1.00
2009.08.18 11:51:23.244,1.2269,1.22745,1.00,2.20
2009.08.18 11:51:47.018,1.2268,1.22735,1.00,1.00
2009.08.18 11:51:47.770,1.2268,1.22745,1.00,2.10
2009.08.18 11:51:48.238,1.2268,1.2275,1.00,2.20
2009.08.18 11:51:48.898,1.22675,1.2274,1.00,1.00
2009.08.18 11:51:50.697,1.2268,1.22735,1.00,1.00
2009.08.18 11:51:51.837,1.22675,1.2273,1.00,1.00
2009.08.18 11:51:53.727,1.22675,1.22725,1.00,1.00
2009.08.18 11:51:56.076,1.22675,1.2273,1.00,1.00
2009.08.18 11:51:57.456,1.2268,1.2273,1.00,1.00
2009.08.18 11:52:39.046,1.22685,1.2274,1.00,1.90
2009.08.18 11:52:39.376,1.22685,1.2275,1.00,1.00
2009.08.18 11:52:40.445,1.2268,1.22745,1.00,2.10
2009.08.18 11:52:41.225,1.2268,1.2274,1.00,2.20
2009.08.18 11:52:42.425,1.2268,1.22735,1.00,1.00
2009.08.18 11:52:55.582,1.2268,1.2274,1.00,1.00
2009.08.18 11:52:56.561,1.22685,1.22745,1.00,1.00
2009.08.18 11:52:57.421,1.2269,1.22745,1.00,1.00
2009.08.18 11:52:59.451,1.2268,1.22745,1.00,3.70
2009.08.18 11:53:00.141,1.2268,1.22735,1.00,1.00
2009.08.18 11:53:01.520,1.2268,1.2273,1.00,1.00
2009.08.18 11:53:42.791,1.2267,1.2273,1.00,2.00
2009.08.18 11:53:44.080,1.22675,1.22735,1.00,2.10
2009.08.18 11:53:44.600,1.22675,1.22735,1.00,2.20
2009.08.18 11:53:45.250,1.2268,1.22735,1.00,2.20
2009.08.18 11:53:46.570,1.2268,1.22725,1.00,1.90
2009.08.18 11:53:46.680,1.2267,1.22725,1.00,1.90
2009.08.18 11:53:48.369,1.22675,1.2272,1.00,1.90
2009.08.18 11:53:49.069,1.22675,1.22735,1.00,2.10
2009.08.18 11:53:50.538,1.22675,1.22735,1.00,2.20
2009.08.18 11:53:51.418,1.22685,1.2275,1.00,1.90
2009.08.18 11:53:52.338,1.2269,1.2275,1.00,2.00
2009.08.18 11:53:53.218,1.22695,1.22745,1.00,2.00
2009.08.18 11:53:54.098,1.22695,1.22755,1.00,1.90
2009.08.18 11:53:55.067,1.22685,1.2275,1.00,1.90
2009.08.18 11:53:55.457,1.2269,1.2275,1.00,1.90
2009.08.18 11:53:56.857,1.2269,1.22735,1.00,1.90
2009.08.18 11:53:56.977,1.2267,1.22735,1.00,1.90
2009.08.18 11:53:57.257,1.2267,1.22745,1.00,1.90
2009.08.18 11:53:57.957,1.2268,1.22745,1.00,1.90
2009.08.18 11:53:59.287,1.22685,1.22745,1.00,1.90
2009.08.18 11:54:00.256,1.22665,1.2274,1.00,1.90
2009.08.18 11:54:01.576,1.22675,1.2274,1.00,1.90
2009.08.18 11:54:04.915,1.2267,1.22725,1.00,1.90
2009.08.18 11:54:05.265,1.22665,1.2273,1.00,1.90
2009.08.18 11:54:06.655,1.2267,1.2273,1.00,1.90
2009.08.18 11:54:07.934,1.22665,1.2272,1.00,1.90
2009.08.18 11:54:08.265,1.22665,1.2274,1.00,2.10
2009.08.18 11:54:08.774,1.22665,1.22735,1.00,1.90
2009.08.18 11:54:09.174,1.2267,1.22735,1.00,1.90
2009.08.18 11:54:11.604,1.2267,1.22715,1.00,1.90
2009.08.18 11:54:11.773,1.22665,1.2272,1.00,1.90
2009.08.18 11:54:12.173,1.22665,1.2273,1.00,1.90
2009.08.18 11:54:13.413,1.2267,1.22735,8.90,1.90
2009.08.18 11:54:14.323,1.2268,1.2273,1.00,1.90
2009.08.18 11:54:14.663,1.2267,1.2273,1.00,1.90
2009.08.18 11:54:15.013,1.2267,1.22725,1.00,1.90
2009.08.18 11:54:22.001,1.2266,1.22725,3.60,1.90
2009.08.18 11:54:22.061,1.2266,1.22715,3.60,1.90
2009.08.18 11:54:22.441,1.2266,1.22715,2.00,1.90
2009.08.18 11:54:24.670,1.2266,1.227,1.80,1.90
2009.08.18 11:54:25.020,1.2266,1.22705,1.80,1.90
2009.08.18 11:54:25.520,1.2266,1.22705,1.80,1.60
2009.08.18 11:54:26.180,1.2266,1.2269,1.80,1.60
2009.08.18 11:54:26.790,1.2266,1.22695,1.80,1.90
2009.08.18 11:54:29.949,1.2266,1.2269,1.80,1.90
2009.08.18 11:54:30.299,1.2266,1.22695,1.80,1.90
2009.08.18 11:54:31.169,1.2266,1.2269,1.80,1.90
2009.08.18 11:54:31.939,1.2266,1.22695,1.80,1.90
2009.08.18 11:54:33.178,1.2266,1.22705,1.80,1.90
2009.08.18 11:54:39.778,1.2266,1.22715,1.80,1.00
2009.08.18 11:54:39.997,1.2266,1.2272,2.00,1.90
2009.08.18 11:54:41.077,1.22665,1.2272,1.00,1.90
2009.08.18 11:54:41.136,1.22665,1.2271,1.00,1.90
2009.08.18 11:54:41.496,1.2266,1.22705,2.00,1.90
2009.08.18 11:54:42.306,1.2266,1.22705,1.80,1.90
2009.08.18 11:54:43.586,1.2266,1.22705,1.80,2.00
2009.08.18 11:54:43.975,1.2266,1.22695,1.80,1.90
2009.08.18 11:54:44.656,1.2266,1.22705,1.80,2.00
2009.08.18 11:54:47.245,1.2266,1.22705,2.00,2.00
2009.08.18 11:54:55.853,1.22665,1.22705,1.00,1.90
2009.08.18 11:54:56.253,1.22665,1.22715,1.00,1.90
2009.08.18 11:54:59.582,1.2266,1.22705,2.00,1.90
2009.08.18 11:55:01.012,1.2266,1.22695,1.80,1.90
2009.08.18 11:55:11.699,1.2266,1.22695,1.00,1.90
2009.08.18 11:55:17.749,1.2266,1.22705,1.00,1.00
2009.08.18 11:55:18.088,1.2266,1.2271,1.00,1.90
2009.08.18 11:55:18.687,1.22665,1.2271,1.00,1.90
2009.08.18 11:55:19.827,1.2266,1.22705,1.00,1.90
2009.08.18 11:55:20.897,1.2266,1.22705,1.00,2.00
2009.08.18 11:55:21.857,1.2266,1.227,1.00,1.00
2009.08.18 11:55:29.345,1.2266,1.22695,1.00,1.90
2009.08.18 11:55:31.304,1.2266,1.22695,1.00,2.00
2009.08.18 11:55:32.224,1.2266,1.22695,1.00,1.00
2009.08.18 11:55:32.524,1.2266,1.22705,1.00,1.00
2009.08.18 11:55:45.071,1.2266,1.2271,1.00,1.00
2009.08.18 11:55:45.941,1.2266,1.227,1.00,1.90
2009.08.18 11:55:46.511,1.2266,1.227,1.00,2.00
2009.08.18 11:55:47.492,1.2266,1.2269,1.00,1.00
2009.08.18 11:55:50.740,1.2266,1.22685,1.00,1.90
2009.08.18 11:55:51.310,1.2266,1.2269,1.00,1.00
2009.08.18 11:55:53.699,1.2266,1.22685,1.00,1.90
2009.08.18 11:55:55.289,1.2266,1.22685,1.00,2.00
2009.08.18 11:55:58.858,1.2266,1.22685,1.00,1.90
2009.08.18 11:55:59.488,1.2266,1.22695,1.00,1.90
2009.08.18 11:56:10.685,1.2266,1.2268,1.00,1.90
2009.08.18 11:56:13.574,1.2266,1.22665,1.00,1.00
2009.08.18 11:56:14.145,1.2266,1.22665,1.00,2.10
2009.08.18 11:56:14.264,1.2265,1.22665,3.50,1.00
2009.08.18 11:56:16.154,1.2265,1.2266,3.50,1.90
2009.08.18 11:56:16.213,1.2266,1.22665,1.00,2.10
2009.08.18 11:56:16.563,1.2266,1.22665,1.00,1.00
2009.08.18 11:56:18.213,1.2266,1.22665,1.00,2.10
2009.08.18 11:56:19.722,1.2266,1.22665,1.00,1.00
2009.08.18 11:56:20.882,1.2266,1.2269,1.00,1.00
2009.08.18 11:56:21.542,1.2266,1.22705,1.00,1.90
2009.08.18 11:56:22.132,1.2266,1.227,1.00,2.00
2009.08.18 11:56:23.642,1.2266,1.2269,1.00,1.00
2009.08.18 11:56:25.751,1.2266,1.22685,1.00,1.90
2009.08.18 11:56:26.081,1.2266,1.2269,1.00,1.00
2009.08.18 11:56:26.481,1.2266,1.22695,1.00,2.00
2009.08.18 11:56:27.551,1.2266,1.2269,1.00,1.00
2009.08.18 11:56:28.711,1.2266,1.22695,1.00,1.90
2009.08.18 11:56:29.171,1.2266,1.2268,1.00,1.90
2009.08.18 11:56:32.280,1.2266,1.2268,1.00,2.00
2009.08.18 11:56:33.429,1.2266,1.22675,1.00,1.00
2009.08.18 11:56:47.676,1.2266,1.2268,1.00,1.00
2009.08.18 11:56:48.006,1.2266,1.2268,1.00,2.00
2009.08.18 11:56:49.566,1.2266,1.22675,1.00,1.00
2009.08.18 11:56:50.745,1.2266,1.2267,1.00,1.00
2009.08.18 11:56:51.425,1.2266,1.2269,1.00,1.00
2009.08.18 11:57:09.311,1.2266,1.22675,1.00,1.00
2009.08.18 11:57:10.061,1.2266,1.22695,1.00,1.90
2009.08.18 11:57:10.631,1.2266,1.227,1.00,1.90
2009.08.18 11:57:12.220,1.2266,1.22695,1.10,1.90
2009.08.18 11:57:15.899,1.2266,1.22685,1.00,1.90
2009.08.18 11:57:19.949,1.2266,1.22695,1.00,1.90
2009.08.18 11:57:20.298,1.2266,1.22685,1.00,1.90
2009.08.18 11:57:21.778,1.2266,1.2269,1.00,1.90
2009.08.18 11:57:26.966,1.2266,1.2268,1.00,1.90
2009.08.18 11:57:27.086,1.2266,1.2269,1.00,1.90
2009.08.18 11:57:35.255,1.2266,1.22695,1.00,1.90
2009.08.18 11:57:36.144,1.2266,1.22695,1.10,1.90
2009.08.18 11:58:37.459,1.2266,1.22695,1.00,1.90
2009.08.18 11:58:55.255,1.2266,1.22685,1.00,1.00
2009.08.18 11:58:55.595,1.2266,1.22685,1.00,2.00
2009.08.18 11:58:58.204,1.2266,1.22675,1.00,1.90
2009.08.18 11:58:58.974,1.2266,1.22685,1.00,2.00
2009.08.18 11:58:59.434,1.2266,1.22675,1.00,1.90
2009.08.18 11:59:15.840,1.2266,1.22685,1.00,2.00
2009.08.18 11:59:21.618,1.2266,1.22665,1.00,1.90
2009.08.18 11:59:21.858,1.2266,1.22675,1.00,2.80
2009.08.18 11:59:22.149,1.2262,1.22675,1.00,1.00
2009.08.18 11:59:22.258,1.2262,1.22665,1.00,1.60
2009.08.18 11:59:22.318,1.2262,1.227,1.00,1.90
2009.08.18 11:59:24.358,1.2263,1.2269,1.00,1.90
2009.08.18 11:59:30.776,1.2263,1.2269,1.00,1.90
2009.08.18 11:59:31.116,1.2263,1.22695,1.00,1.00
2009.08.18 11:59:31.406,1.22625,1.22695,1.00,1.00
2009.08.18 11:59:32.527,1.22635,1.22695,1.00,1.00
2009.08.18 11:59:33.376,1.2264,1.22695,1.00,1.00
2009.08.18 11:59:36.605,1.22645,1.227,1.00,2.00
2009.08.18 11:59:37.308,1.22655,1.22735,1.00,2.00
2009.08.18 11:59:38.385,1.22635,1.22715,1.00,1.90
2009.08.18 11:59:38.745,1.22645,1.22715,1.00,1.90
2009.08.18 11:59:39.726,1.22655,1.2271,1.00,2.00
2009.08.18 11:59:40.764,1.2265,1.22705,1.00,1.00
2009.08.18 11:59:41.164,1.2265,1.227,1.00,1.90
2009.08.18 11:59:41.814,1.22655,1.2271,1.00,1.90
2009.08.18 11:59:42.734,1.2262,1.2271,1.90,2.00
2009.08.18 11:59:43.133,1.2261,1.2269,1.00,1.90
2009.08.18 11:59:43.194,1.2261,1.2268,1.00,1.90
2009.08.18 11:59:48.342,1.2262,1.22665,1.00,2.00
2009.08.18 11:59:49.812,1.2262,1.2266,1.00,1.00
2009.08.18 11:59:50.452,1.2262,1.22665,1.00,2.00
2009.08.18 11:59:50.741,1.2262,1.22665,1.00,1.00
2009.08.18 11:59:52.721,1.2262,1.22665,1.00,1.00
2009.08.18 11:59:54.211,1.22625,1.22685,1.00,1.90
2009.08.18 11:59:55.171,1.22625,1.22695,1.00,1.90
2009.08.18 11:59:55.711,1.22625,1.227,1.00,1.90
2009.08.18 11:59:56.280,1.22625,1.22705,2.00,2.00
2009.08.18 11:59:56.741,1.2263,1.22705,1.00,1.90
2009.08.18 11:59:57.720,1.2264,1.22705,1.00,1.90
2009.08.18 11:59:58.560,1.2264,1.22705,8.90,1.90
2009.08.18 11:59:58.921,1.2264,1.22715,1.00,1.90
2009.08.18 11:59:59.330,1.2264,1.22705,1.00,1.90
2009.08.18 11:59:59.389,1.22645,1.22705,1.00,1.90
