2009.10.05 17:00:00.181,1.20565,1.2064,1.60,1.60
2009.10.05 17:00:02.541,1.2057,1.2063,1.60,1.60
2009.10.05 17:00:03.281,1.2056,1.2063,1.60,1.60
2009.10.05 17:00:03.630,1.2056,1.2063,3.60,1.60
2009.10.05 17:00:03.980,1.2056,1.2064,3.60,3.60
2009.10.05 17:00:04.280,1.2056,1.2063,1.60,1.60
2009.10.05 17:00:04.630,1.2054,1.20625,3.60,2.00
2009.10.05 17:00:04.990,1.2052,1.20605,1.60,2.00
2009.10.05 17:00:05.330,1.20535,1.2063,2.00,2.00
2009.10.05 17:00:05.680,1.20535,1.2064,2.00,2.00
2009.10.05 17:00:21.336,1.20565,1.20645,2.00,2.40
2009.10.05 17:00:21.976,1.20565,1.20645,2.00,1.60
2009.10.05 17:00:22.316,1.2056,1.20645,2.00,1.60
2009.10.05 17:00:23.006,1.20585,1.20645,1.00,1.60
2009.10.05 17:00:23.126,1.20585,1.2065,1.00,2.00
2009.10.05 17:00:23.235,1.206,1.2067,2.00,1.00
2009.10.05 17:00:23.516,1.206,1.20675,2.00,1.00
2009.10.05 17:00:23.985,1.206,1.20685,2.00,1.60
2009.10.05 17:00:25.395,1.20595,1.20675,2.10,2.00
2009.10.05 17:00:27.125,1.20595,1.20675,2.10,2.10
2009.10.05 17:00:27.355,1.20595,1.20665,2.10,1.60
2009.10.05 17:00:31.484,1.20595,1.20665,3.70,1.60
2009.10.05 17:00:32.683,1.20585,1.20665,3.60,1.60
2009.10.05 17:00:33.893,1.206,1.20665,2.00,1.60
2009.10.05 17:00:34.063,1.2062,1.20675,1.60,1.40
2009.10.05 17:00:34.243,1.2058,1.20665,4.20,1.60
2009.10.05 17:00:34.413,1.206,1.20665,1.60,1.60
2009.10.05 17:00:35.693,1.20595,1.20665,3.60,1.60
2009.10.05 17:00:36.562,1.20595,1.20665,3.70,1.60
2009.10.05 17:00:45.401,1.2061,1.207,3.60,1.40
2009.10.05 17:00:45.580,1.2061,1.207,3.60,1.00
2009.10.05 17:00:46.680,1.206,1.2069,2.00,2.60
2009.10.05 17:00:47.660,1.206,1.2069,2.10,2.60
2009.10.05 17:00:48.020,1.206,1.2069,2.00,2.80
2009.10.05 17:00:48.869,1.206,1.2069,2.90,2.60
2009.10.05 17:00:48.929,1.2061,1.2069,2.00,1.00
2009.10.05 17:00:49.109,1.2061,1.20695,2.00,3.70
2009.10.05 17:00:49.169,1.20615,1.20695,2.00,1.60
2009.10.05 17:00:49.229,1.20615,1.20705,2.00,3.60
2009.10.05 17:00:49.399,1.20615,1.20705,2.00,3.40
2009.10.05 17:00:49.449,1.20605,1.20705,1.00,3.40
2009.10.05 17:00:49.779,1.20605,1.207,1.00,1.00
2009.10.05 17:00:50.139,1.206,1.207,2.00,1.00
2009.10.05 17:00:50.469,1.20595,1.20685,3.70,2.00
2009.10.05 17:00:53.988,1.20595,1.20675,3.70,2.10
2009.10.05 17:00:55.398,1.20585,1.20675,2.00,2.10
2009.10.05 17:00:57.008,1.206,1.2068,1.60,1.60
2009.10.05 17:01:04.636,1.206,1.2068,1.60,3.60
2009.10.05 17:01:05.336,1.206,1.2067,1.60,1.60
2009.10.05 17:01:06.365,1.206,1.20685,1.60,3.60
2009.10.05 17:01:10.054,1.2061,1.2068,1.60,1.60
2009.10.05 17:01:25.061,1.20605,1.2068,2.00,1.60
2009.10.05 17:01:25.231,1.206,1.2068,1.60,3.60
2009.10.05 17:01:28.030,1.206,1.2067,1.60,1.60
2009.10.05 17:01:28.200,1.206,1.20685,1.60,3.60
2009.10.05 17:01:28.590,1.206,1.2067,1.60,3.60
2009.10.05 17:01:28.940,1.206,1.2066,1.60,1.60
2009.10.05 17:01:29.620,1.20595,1.20655,1.60,3.60
2009.10.05 17:01:30.030,1.20595,1.20655,1.60,1.60
2009.10.05 17:01:32.369,1.206,1.20665,1.60,1.60
2009.10.05 17:01:33.319,1.2061,1.20685,1.60,3.60
2009.10.05 17:01:33.379,1.2061,1.20685,3.60,1.60
2009.10.05 17:01:33.789,1.2061,1.207,3.60,3.60
2009.10.05 17:01:34.489,1.2062,1.207,1.60,1.60
2009.10.05 17:01:39.227,1.20625,1.20705,3.60,2.00
2009.10.05 17:01:42.927,1.20605,1.20695,3.60,3.60
2009.10.05 17:01:44.816,1.2061,1.20685,1.60,1.60
2009.10.05 17:01:47.235,1.206,1.20665,1.00,3.60
2009.10.05 17:01:47.415,1.20575,1.20665,3.60,3.60
2009.10.05 17:01:47.715,1.20555,1.20655,2.00,2.00
2009.10.05 17:01:50.905,1.20565,1.20655,2.00,2.10
2009.10.05 17:01:52.234,1.2056,1.20655,2.40,2.10
2009.10.05 17:01:52.514,1.20555,1.20655,1.00,2.10
2009.10.05 17:01:53.024,1.20555,1.20655,1.00,2.00
2009.10.05 17:01:53.134,1.20555,1.20655,1.00,2.10
2009.10.05 17:01:54.174,1.20555,1.2065,1.00,1.00
2009.10.05 17:01:55.293,1.20555,1.2065,1.00,1.00
2009.10.05 17:02:10.970,1.2055,1.20635,1.00,2.00
2009.10.05 17:02:11.360,1.20545,1.20635,1.00,3.60
2009.10.05 17:02:11.660,1.20545,1.20635,2.40,3.60
2009.10.05 17:02:21.357,1.20545,1.2063,1.60,3.60
2009.10.05 17:02:21.597,1.20545,1.2063,2.40,3.60
2009.10.05 17:02:22.297,1.20545,1.2063,1.60,3.70
2009.10.05 17:02:22.517,1.20545,1.2062,1.60,1.60
2009.10.05 17:02:24.946,1.20545,1.20635,1.60,3.60
2009.10.05 17:02:26.866,1.20545,1.2063,1.60,1.60
2009.10.05 17:02:27.096,1.20555,1.20675,1.00,4.40
2009.10.05 17:02:27.256,1.2055,1.2067,1.00,1.00
2009.10.05 17:02:27.846,1.20555,1.20675,1.00,1.00
2009.10.05 17:02:28.125,1.20555,1.2067,1.00,1.00
2009.10.05 17:02:29.785,1.20555,1.20665,1.00,2.40
2009.10.05 17:02:29.845,1.20555,1.20665,1.00,4.40
2009.10.05 17:02:31.005,1.20555,1.2066,1.00,1.00
2009.10.05 17:02:31.335,1.20555,1.2066,1.00,1.00
2009.10.05 17:02:31.955,1.20555,1.20655,1.00,1.00
2009.10.05 17:02:34.514,1.2055,1.2064,1.00,1.00
2009.10.05 17:02:34.754,1.20545,1.2063,2.40,3.60
2009.10.05 17:02:34.974,1.20545,1.2063,3.60,3.60
2009.10.05 17:02:36.234,1.20545,1.2063,3.60,3.70
2009.10.05 17:02:36.534,1.20555,1.2063,1.60,3.70
2009.10.05 17:02:37.153,1.20555,1.2063,3.60,3.70
2009.10.05 17:02:38.043,1.2056,1.2063,3.60,3.60
2009.10.05 17:02:40.873,1.2056,1.20635,2.00,3.60
2009.10.05 17:02:41.112,1.20555,1.20625,2.00,3.60
2009.10.05 17:02:41.333,1.20555,1.20625,2.00,2.00
2009.10.05 17:02:48.131,1.20545,1.2062,3.60,2.00
2009.10.05 17:02:48.251,1.20545,1.2062,2.00,2.00
2009.10.05 17:02:49.550,1.20545,1.20615,2.00,1.60
2009.10.05 17:02:50.060,1.20525,1.20605,2.00,2.00
2009.10.05 17:02:54.449,1.2053,1.20595,2.00,1.60
2009.10.05 17:02:54.619,1.2052,1.2061,3.60,3.60
2009.10.05 17:02:54.799,1.2052,1.20605,3.60,1.00
2009.10.05 17:02:54.959,1.2052,1.20605,2.40,2.80
2009.10.05 17:02:55.129,1.2052,1.20585,2.40,3.60
2009.10.05 17:02:55.419,1.2053,1.2062,2.00,2.00
2009.10.05 17:02:55.699,1.2053,1.2063,2.00,2.00
2009.10.05 17:02:56.569,1.20535,1.20655,1.00,1.00
2009.10.05 17:02:56.969,1.2054,1.20665,1.00,1.00
2009.10.05 17:02:57.269,1.2054,1.20665,1.00,2.80
2009.10.05 17:02:57.508,1.2054,1.2066,1.00,1.00
2009.10.05 17:02:57.738,1.2054,1.20655,1.00,1.00
2009.10.05 17:02:58.808,1.2054,1.2065,1.00,1.00
2009.10.05 17:02:59.368,1.2054,1.20655,1.00,1.00
2009.10.05 17:03:00.068,1.2054,1.20655,1.00,1.00
2009.10.05 17:03:01.128,1.2054,1.2065,1.00,1.00
2009.10.05 17:03:02.118,1.20535,1.2065,1.00,1.00
2009.10.05 17:03:02.297,1.20535,1.20645,1.00,1.00
2009.10.05 17:03:02.817,1.20535,1.2063,1.00,2.00
2009.10.05 17:03:03.167,1.20525,1.2063,1.00,2.00
2009.10.05 17:03:03.817,1.2052,1.2063,4.50,2.00
2009.10.05 17:03:03.977,1.20525,1.2062,1.00,2.00
2009.10.05 17:03:05.227,1.2052,1.2062,4.50,2.10
2009.10.05 17:03:05.916,1.2052,1.20595,3.60,2.00
2009.10.05 17:03:16.334,1.2052,1.20625,3.60,1.00
2009.10.05 17:03:16.574,1.2052,1.20625,4.40,1.00
2009.10.05 17:03:18.014,1.20525,1.20615,1.00,1.00
2009.10.05 17:03:18.133,1.2052,1.20615,4.50,1.00
2009.10.05 17:03:19.063,1.2052,1.20615,4.40,1.00
2009.10.05 17:03:23.202,1.2052,1.20615,4.50,1.00
2009.10.05 17:03:26.792,1.2053,1.20615,3.60,1.00
2009.10.05 17:03:27.091,1.2052,1.20605,1.00,2.00
2009.10.05 17:03:27.381,1.20515,1.20605,2.00,2.00
2009.10.05 17:03:28.061,1.2052,1.20605,3.60,2.00
2009.10.05 17:03:28.461,1.2052,1.20605,3.70,2.00
2009.10.05 17:03:28.811,1.20535,1.20605,2.00,2.00
2009.10.05 17:03:29.031,1.20535,1.20605,3.60,2.00
2009.10.05 17:03:29.251,1.2054,1.2061,2.00,1.60
2009.10.05 17:03:32.760,1.2054,1.206,3.60,1.60
2009.10.05 17:03:33.040,1.2054,1.20605,3.60,2.00
2009.10.05 17:03:33.270,1.20545,1.2061,3.60,1.60
2009.10.05 17:03:33.500,1.2053,1.20605,3.60,3.60
2009.10.05 17:03:33.720,1.2053,1.20595,1.60,1.60
2009.10.05 17:03:47.837,1.20525,1.20595,3.80,1.60
2009.10.05 17:03:55.845,1.20545,1.20605,2.00,1.60
2009.10.05 17:04:01.893,1.2055,1.2063,2.00,1.00
2009.10.05 17:04:04.283,1.2055,1.20645,2.00,1.00
2009.10.05 17:04:05.032,1.2055,1.20645,2.00,1.00
2009.10.05 17:04:05.372,1.2055,1.20635,2.00,1.00
2009.10.05 17:04:05.712,1.2055,1.20625,2.00,2.00
2009.10.05 17:04:09.032,1.2055,1.2062,2.00,2.10
2009.10.05 17:04:10.581,1.2055,1.2062,2.00,2.00
2009.10.05 17:04:11.111,1.2056,1.2064,2.00,2.10
2009.10.05 17:04:11.401,1.2057,1.20645,2.00,2.10
2009.10.05 17:04:14.200,1.20575,1.20635,2.00,1.00
2009.10.05 17:04:14.320,1.2054,1.20625,3.60,2.00
2009.10.05 17:04:14.490,1.20535,1.20615,2.80,2.00
2009.10.05 17:04:14.600,1.2054,1.2063,2.00,2.00
2009.10.05 17:04:15.460,1.2055,1.20625,2.00,1.60
2009.10.05 17:04:16.080,1.2055,1.2062,2.00,1.70
2009.10.05 17:04:16.300,1.20545,1.20615,2.00,3.60
2009.10.05 17:04:22.928,1.20555,1.2063,2.00,2.90
2009.10.05 17:04:22.988,1.20555,1.20635,2.00,4.50
2009.10.05 17:04:23.148,1.20545,1.20615,2.00,1.60
2009.10.05 17:04:23.198,1.20545,1.2062,2.00,2.00
2009.10.05 17:04:23.258,1.2055,1.20625,2.00,2.00
2009.10.05 17:04:24.647,1.20555,1.2063,2.00,2.10
2009.10.05 17:04:26.197,1.20535,1.2063,2.00,2.10
2009.10.05 17:04:26.427,1.20535,1.2063,2.00,2.90
2009.10.05 17:04:26.607,1.20535,1.2063,2.00,2.80
2009.10.05 17:04:26.907,1.2052,1.20625,2.00,1.00
2009.10.05 17:04:27.197,1.2053,1.2063,2.00,1.00
2009.10.05 17:04:28.177,1.20535,1.20625,2.00,1.00
2009.10.05 17:04:29.996,1.20535,1.20625,2.00,1.00
2009.10.05 17:04:30.576,1.20535,1.20635,2.80,3.70
2009.10.05 17:04:30.896,1.20545,1.20635,2.00,1.00
2009.10.05 17:04:31.186,1.20545,1.20645,2.00,1.00
2009.10.05 17:04:31.536,1.20555,1.2065,2.00,1.00
2009.10.05 17:04:31.876,1.2054,1.2065,2.00,1.00
2009.10.05 17:04:33.276,1.20535,1.20645,2.80,1.00
2009.10.05 17:04:34.025,1.20535,1.20645,2.80,1.70
2009.10.05 17:04:34.135,1.20535,1.2064,2.80,2.80
2009.10.05 17:04:34.605,1.20535,1.20635,2.00,1.00
2009.10.05 17:04:35.285,1.20535,1.20635,2.00,1.00
2009.10.05 17:04:35.955,1.20535,1.2063,2.00,1.00
2009.10.05 17:04:37.664,1.2053,1.2063,1.00,2.80
2009.10.05 17:04:37.844,1.20535,1.2063,2.00,3.60
2009.10.05 17:04:38.024,1.20535,1.2063,2.00,2.80
2009.10.05 17:04:39.124,1.20535,1.2063,2.00,2.90
2009.10.05 17:04:40.034,1.20535,1.20625,2.00,1.00
2009.10.05 17:04:41.084,1.20545,1.20625,2.00,1.00
2009.10.05 17:04:47.742,1.2056,1.20635,2.00,2.40
2009.10.05 17:04:48.042,1.2056,1.2064,2.00,2.40
2009.10.05 17:04:48.202,1.20545,1.20625,2.00,1.60
2009.10.05 17:04:48.912,1.20535,1.2061,4.20,1.60
2009.10.05 17:04:49.242,1.2055,1.2061,2.00,1.60
2009.10.05 17:04:54.540,1.20555,1.20625,2.00,2.00
2009.10.05 17:04:54.940,1.20555,1.2062,2.00,1.60
2009.10.05 17:04:56.290,1.20555,1.2062,2.00,1.70
2009.10.05 17:04:57.140,1.20555,1.2062,2.00,1.90
2009.10.05 17:05:00.149,1.2056,1.20625,2.00,1.00
2009.10.05 17:05:01.189,1.2056,1.2063,2.00,1.00
2009.10.05 17:05:01.828,1.2057,1.20635,2.00,1.70
2009.10.05 17:05:02.169,1.20555,1.20625,1.60,2.00
2009.10.05 17:05:02.528,1.2055,1.20625,2.00,2.00
2009.10.05 17:05:02.869,1.20555,1.2063,2.00,1.00
2009.10.05 17:05:03.778,1.20535,1.20625,3.60,1.00
2009.10.05 17:05:03.838,1.2054,1.2062,2.00,2.00
2009.10.05 17:05:03.898,1.2054,1.20605,2.00,1.60
2009.10.05 17:05:04.128,1.20555,1.2064,2.00,1.00
2009.10.05 17:05:10.567,1.20555,1.2063,2.00,2.10
2009.10.05 17:05:10.746,1.2055,1.20625,2.00,2.00
2009.10.05 17:05:16.345,1.2055,1.2062,2.00,1.60
2009.10.05 17:05:16.925,1.20545,1.20615,2.00,2.00
2009.10.05 17:05:18.965,1.20545,1.20615,2.00,2.00
2009.10.05 17:05:19.194,1.20545,1.20615,2.00,2.10
2009.10.05 17:05:20.484,1.2054,1.20615,2.00,3.80
2009.10.05 17:05:20.894,1.20545,1.20605,2.00,1.60
2009.10.05 17:05:21.135,1.20545,1.20605,3.60,1.60
2009.10.05 17:05:26.163,1.2054,1.20605,2.00,3.60
2009.10.05 17:05:31.052,1.2053,1.206,2.00,2.00
2009.10.05 17:05:31.221,1.20495,1.2059,2.80,3.60
2009.10.05 17:05:31.561,1.20515,1.2059,2.00,3.60
2009.10.05 17:05:36.050,1.20525,1.20635,2.00,2.00
2009.10.05 17:05:36.390,1.20525,1.2064,2.10,1.00
2009.10.05 17:05:36.620,1.20525,1.2065,2.80,1.00
2009.10.05 17:05:36.800,1.20525,1.20645,2.10,1.00
2009.10.05 17:05:37.140,1.2053,1.20635,1.00,1.00
2009.10.05 17:05:37.430,1.20525,1.20635,2.90,1.00
2009.10.05 17:05:37.770,1.2053,1.2061,2.80,2.00
2009.10.05 17:05:38.070,1.2053,1.2061,2.00,2.00
2009.10.05 17:05:47.628,1.2054,1.20605,2.00,2.00
2009.10.05 17:05:47.918,1.2054,1.20605,2.00,3.60
2009.10.05 17:06:04.804,1.2053,1.20595,2.00,1.60
2009.10.05 17:06:05.144,1.20525,1.20595,2.00,3.60
2009.10.05 17:06:05.434,1.20515,1.2058,2.00,1.60
2009.10.05 17:06:06.543,1.2051,1.20575,2.20,1.60
2009.10.05 17:06:06.883,1.2051,1.2058,3.80,1.60
2009.10.05 17:06:07.623,1.20525,1.2059,3.60,1.60
2009.10.05 17:06:07.793,1.20535,1.2059,3.60,1.60
2009.10.05 17:06:08.682,1.20535,1.2059,2.00,1.60
2009.10.05 17:06:10.472,1.20545,1.2063,2.00,1.00
2009.10.05 17:06:10.802,1.20545,1.20625,2.00,2.00
2009.10.05 17:06:11.152,1.20545,1.2066,2.00,1.40
2009.10.05 17:06:11.382,1.20545,1.2066,2.00,3.40
2009.10.05 17:06:11.622,1.2055,1.2066,2.10,1.00
2009.10.05 17:06:14.891,1.20555,1.20665,1.00,2.90
2009.10.05 17:06:15.241,1.20555,1.20655,1.00,1.00
2009.10.05 17:06:15.601,1.20545,1.20625,1.00,2.00
2009.10.05 17:06:15.961,1.2054,1.20625,2.00,2.00
2009.10.05 17:06:23.939,1.20545,1.2061,2.00,2.00
2009.10.05 17:06:24.619,1.2055,1.20615,2.00,1.00
2009.10.05 17:06:24.739,1.2055,1.20625,2.00,2.10
2009.10.05 17:06:25.658,1.2055,1.2062,2.00,1.60
2009.10.05 17:06:28.508,1.20545,1.2062,3.60,1.60
2009.10.05 17:06:28.678,1.20545,1.2062,3.60,1.60
2009.10.05 17:06:28.848,1.2055,1.2062,1.00,1.60
2009.10.05 17:06:36.676,1.2058,1.20645,2.00,1.00
2009.10.05 17:06:37.216,1.2054,1.20665,2.50,1.00
2009.10.05 17:06:37.566,1.2054,1.2067,2.50,1.00
2009.10.05 17:06:37.916,1.2056,1.2068,2.00,1.00
2009.10.05 17:06:42.084,1.20555,1.2066,2.40,1.00
2009.10.05 17:06:42.594,1.20555,1.20655,2.40,1.00
2009.10.05 17:06:43.414,1.20555,1.2066,2.40,1.00
2009.10.05 17:06:58.611,1.20555,1.20625,1.00,3.60
2009.10.05 17:07:02.180,1.20555,1.2062,1.00,4.40
2009.10.05 17:07:03.319,1.20555,1.2061,1.00,3.60
2009.10.05 17:07:21.475,1.20555,1.2061,1.00,3.60
2009.10.05 17:07:24.045,1.20555,1.2061,1.00,3.60
2009.10.05 17:07:27.743,1.20555,1.2061,1.00,3.60
2009.10.05 17:07:30.943,1.20555,1.2061,1.00,1.60
2009.10.05 17:07:41.100,1.20555,1.206,1.00,2.00
2009.10.05 17:07:41.320,1.20555,1.2061,1.00,1.60
2009.10.05 17:07:41.720,1.20555,1.20615,1.00,3.60
2009.10.05 17:08:00.476,1.20555,1.20625,2.40,1.60
2009.10.05 17:08:15.172,1.20565,1.2062,2.00,1.60
2009.10.05 17:08:15.342,1.2055,1.20615,1.00,2.00
2009.10.05 17:08:15.452,1.2055,1.20615,1.00,3.60
2009.10.05 17:08:15.622,1.2055,1.20625,1.00,4.40
2009.10.05 17:08:15.792,1.2055,1.20605,1.00,3.60
2009.10.05 17:08:17.491,1.20535,1.20605,2.50,3.60
2009.10.05 17:08:19.031,1.20545,1.2061,2.50,2.00
2009.10.05 17:08:19.261,1.20545,1.20615,2.50,3.70
2009.10.05 17:08:20.991,1.20555,1.20615,1.00,3.60
2009.10.05 17:08:21.170,1.20555,1.20615,2.40,1.60
2009.10.05 17:08:23.060,1.20555,1.20625,1.00,1.00
2009.10.05 17:08:24.140,1.20555,1.2063,1.00,3.70
2009.10.05 17:08:25.120,1.20555,1.2063,1.00,3.60
2009.10.05 17:08:28.129,1.20555,1.20625,1.00,2.20
2009.10.05 17:08:28.349,1.20555,1.20615,1.00,1.60
2009.10.05 17:08:28.709,1.20555,1.20625,1.00,1.00
2009.10.05 17:08:30.148,1.20555,1.2063,1.00,1.60
2009.10.05 17:08:30.439,1.20555,1.2063,1.00,1.70
2009.10.05 17:08:30.619,1.20555,1.2063,1.00,3.70
2009.10.05 17:08:32.108,1.20555,1.20625,1.00,1.00
2009.10.05 17:08:33.018,1.20555,1.2063,1.00,3.60
2009.10.05 17:08:44.075,1.20555,1.2062,1.00,1.00
2009.10.05 17:08:44.435,1.20555,1.2061,1.00,2.00
2009.10.05 17:08:47.414,1.20555,1.2061,1.00,2.10
2009.10.05 17:08:52.423,1.20555,1.206,1.00,2.00
2009.10.05 17:08:52.603,1.20555,1.20595,1.00,1.60
2009.10.05 17:09:01.431,1.20515,1.20595,2.00,1.60
2009.10.05 17:09:05.870,1.2051,1.20595,2.50,1.60
2009.10.05 17:09:08.639,1.20575,1.20615,1.00,2.10
2009.10.05 17:09:11.439,1.20575,1.206,1.00,2.40
2009.10.05 17:09:11.608,1.20575,1.20605,1.00,2.40
2009.10.05 17:09:11.719,1.20575,1.2059,1.00,2.00
2009.10.05 17:09:11.888,1.20575,1.206,1.00,2.00
2009.10.05 17:09:13.168,1.20575,1.20595,1.00,2.10
2009.10.05 17:09:13.528,1.20575,1.20585,1.00,2.00
2009.10.05 17:09:13.588,1.20575,1.20585,1.00,3.60
2009.10.05 17:09:14.458,1.20495,1.20575,2.00,1.60
2009.10.05 17:09:14.688,1.205,1.20575,3.60,1.60
2009.10.05 17:09:14.918,1.2049,1.2057,3.60,1.60
2009.10.05 17:09:15.368,1.2049,1.20565,2.00,1.60
2009.10.05 17:09:15.817,1.20515,1.2058,2.00,3.60
2009.10.05 17:09:16.037,1.20515,1.2057,2.00,1.60
2009.10.05 17:09:16.267,1.2051,1.2057,3.60,1.60
2009.10.05 17:09:16.627,1.2051,1.2057,2.00,1.60
2009.10.05 17:09:17.327,1.20515,1.2057,1.60,1.60
2009.10.05 17:09:17.557,1.20515,1.2057,3.60,1.60
2009.10.05 17:09:21.876,1.20515,1.2058,3.60,2.00
2009.10.05 17:09:22.146,1.20525,1.206,2.00,3.60
2009.10.05 17:09:22.506,1.20535,1.206,2.00,1.60
2009.10.05 17:09:22.846,1.20525,1.206,2.00,3.60
2009.10.05 17:09:25.026,1.20525,1.20595,2.00,3.60
2009.10.05 17:09:25.195,1.20525,1.20595,2.00,3.70
2009.10.05 17:09:29.134,1.20525,1.20595,3.60,3.60
2009.10.05 17:09:29.314,1.20535,1.20595,2.00,1.60
2009.10.05 17:09:31.904,1.20525,1.20595,2.00,1.60
2009.10.05 17:09:44.561,1.2053,1.20595,1.60,1.60
2009.10.05 17:09:44.910,1.2053,1.20595,3.60,1.60
2009.10.05 17:09:45.020,1.20525,1.20595,2.00,3.60
2009.10.05 17:09:46.070,1.20525,1.20595,3.60,1.60
2009.10.05 17:09:49.170,1.20525,1.206,3.70,2.00
2009.10.05 17:09:49.459,1.2053,1.20605,2.00,2.00
2009.10.05 17:09:50.090,1.2054,1.2061,2.00,3.70
2009.10.05 17:09:57.667,1.2053,1.206,2.00,1.60
2009.10.05 17:10:00.687,1.2053,1.206,2.00,2.00
2009.10.05 17:10:00.807,1.20535,1.2061,2.00,3.60
2009.10.05 17:10:13.314,1.2053,1.206,2.00,1.60
2009.10.05 17:10:16.393,1.20545,1.20615,2.00,1.60
2009.10.05 17:10:16.673,1.20515,1.20595,2.00,2.00
2009.10.05 17:10:16.973,1.20515,1.20595,2.00,2.80
2009.10.05 17:10:17.313,1.2052,1.206,3.60,1.60
2009.10.05 17:10:18.002,1.2053,1.206,1.60,3.60
2009.10.05 17:10:20.042,1.20545,1.20615,2.00,1.60
2009.10.05 17:10:25.271,1.20545,1.2061,1.60,3.60
2009.10.05 17:10:25.441,1.20525,1.20605,2.00,2.00
2009.10.05 17:10:30.050,1.2053,1.20615,2.00,3.60
2009.10.05 17:10:30.960,1.20525,1.20595,3.60,1.60
2009.10.05 17:10:31.309,1.20525,1.20585,2.00,1.60
2009.10.05 17:10:31.549,1.20535,1.2059,3.60,1.60
2009.10.05 17:10:31.949,1.20535,1.20605,2.00,3.70
2009.10.05 17:10:32.179,1.20515,1.20585,2.00,1.60
2009.10.05 17:10:38.697,1.20515,1.2058,2.00,2.00
2009.10.05 17:10:40.237,1.20515,1.2058,2.00,2.10
2009.10.05 17:10:40.807,1.205,1.2058,3.70,1.00
2009.10.05 17:10:40.987,1.2051,1.20585,3.60,1.60
2009.10.05 17:10:42.017,1.2053,1.2059,2.00,1.00
2009.10.05 17:10:42.417,1.2052,1.2061,2.00,1.00
2009.10.05 17:10:42.757,1.2052,1.20615,2.00,3.70
2009.10.05 17:10:44.356,1.2054,1.2061,2.00,1.60
2009.10.05 17:10:46.216,1.2054,1.2061,2.00,1.60
2009.10.05 17:10:54.604,1.20535,1.2061,2.00,3.60
2009.10.05 17:11:07.670,1.2053,1.206,1.60,3.60
2009.10.05 17:11:07.900,1.20525,1.20595,2.00,1.60
2009.10.05 17:11:15.729,1.20535,1.20615,2.00,1.60
2009.10.05 17:11:25.486,1.2053,1.20605,2.00,2.00
2009.10.05 17:11:26.196,1.2053,1.20645,2.00,1.00
2009.10.05 17:11:26.476,1.2053,1.2064,2.00,1.00
2009.10.05 17:11:26.646,1.2053,1.20645,2.00,1.00
2009.10.05 17:11:28.025,1.2053,1.20635,2.10,1.00
2009.10.05 17:11:36.524,1.2053,1.2064,2.10,1.00
2009.10.05 17:11:37.383,1.2053,1.20635,2.10,1.00
2009.10.05 17:11:41.942,1.2053,1.2064,2.10,1.00
2009.10.05 17:11:44.612,1.2053,1.20635,2.10,1.00
2009.10.05 17:11:54.469,1.2053,1.20645,2.00,1.00
2009.10.05 17:11:54.589,1.20525,1.20645,2.90,4.50
2009.10.05 17:11:54.759,1.2053,1.20635,1.00,1.00
2009.10.05 17:11:54.929,1.2053,1.2064,2.10,1.00
2009.10.05 17:11:57.059,1.2053,1.20645,2.10,1.00
2009.10.05 17:12:00.018,1.2053,1.2064,2.10,1.00
2009.10.05 17:12:00.138,1.2053,1.20645,2.90,1.00
2009.10.05 17:12:00.308,1.2053,1.20645,2.80,1.00
2009.10.05 17:12:00.418,1.2053,1.20645,2.80,2.50
2009.10.05 17:12:00.478,1.2053,1.20645,1.00,4.50
2009.10.05 17:12:00.708,1.2053,1.20645,1.00,4.40
2009.10.05 17:12:00.818,1.2053,1.20645,2.90,1.00
2009.10.05 17:12:01.957,1.20555,1.20645,2.00,1.00
2009.10.05 17:12:02.297,1.20555,1.20655,2.00,2.10
2009.10.05 17:12:02.647,1.20555,1.20645,2.00,2.00
2009.10.05 17:12:03.717,1.2056,1.2063,2.00,2.00
2009.10.05 17:12:03.897,1.2056,1.2063,2.00,3.60
2009.10.05 17:12:05.267,1.20565,1.2064,2.00,2.10
2009.10.05 17:12:09.246,1.20545,1.2064,2.00,2.10
2009.10.05 17:12:09.596,1.2053,1.2064,1.00,2.10
2009.10.05 17:12:09.766,1.20525,1.2064,2.00,2.10
2009.10.05 17:12:09.936,1.20525,1.2064,2.00,2.90
2009.10.05 17:12:11.035,1.2053,1.2063,2.00,1.00
2009.10.05 17:12:13.095,1.20525,1.2063,2.10,3.70
2009.10.05 17:12:14.025,1.2053,1.20625,1.00,1.00
2009.10.05 17:12:14.205,1.20525,1.20625,2.10,1.00
2009.10.05 17:12:15.044,1.20525,1.2062,2.00,1.00
2009.10.05 17:12:15.164,1.20525,1.2062,2.10,1.00
2009.10.05 17:12:18.613,1.2053,1.20625,1.00,1.00
2009.10.05 17:12:18.893,1.20535,1.20625,2.00,1.00
2009.10.05 17:12:19.113,1.20535,1.2062,2.00,1.00
2009.10.05 17:12:19.284,1.20525,1.2062,2.10,1.00
2009.10.05 17:12:21.133,1.2053,1.2062,1.00,1.00
2009.10.05 17:12:23.122,1.20525,1.2062,2.00,1.00
2009.10.05 17:12:28.231,1.20525,1.2062,1.00,2.00
2009.10.05 17:12:28.461,1.2052,1.20615,2.10,1.70
2009.10.05 17:12:28.681,1.2051,1.20605,1.00,3.60
2009.10.05 17:12:28.981,1.20515,1.2061,2.00,1.00
2009.10.05 17:12:29.271,1.20525,1.20615,2.00,3.60
2009.10.05 17:12:30.111,1.20525,1.20615,2.00,3.70
2009.10.05 17:12:32.290,1.2053,1.20615,2.00,3.60
2009.10.05 17:12:36.009,1.2053,1.20615,3.60,2.00
2009.10.05 17:12:36.119,1.20535,1.20625,2.00,2.10
2009.10.05 17:12:36.479,1.2053,1.2063,1.60,3.70
2009.10.05 17:12:36.769,1.20525,1.2063,2.80,3.70
2009.10.05 17:12:36.989,1.20525,1.2063,2.00,3.70
2009.10.05 17:12:37.219,1.2054,1.2063,2.00,3.70
2009.10.05 17:12:37.789,1.2052,1.20625,2.80,1.00
2009.10.05 17:12:38.149,1.2052,1.20625,2.00,1.00
2009.10.05 17:12:38.499,1.2052,1.20625,2.10,1.00
2009.10.05 17:12:38.969,1.20525,1.20625,2.90,1.00
2009.10.05 17:12:39.079,1.2054,1.20625,2.00,1.00
2009.10.05 17:12:39.189,1.20555,1.2063,2.00,3.70
2009.10.05 17:12:47.276,1.20555,1.2062,2.00,1.60
2009.10.05 17:12:47.616,1.20555,1.20625,2.00,2.00
2009.10.05 17:12:47.997,1.2055,1.2063,2.00,2.10
2009.10.05 17:12:49.496,1.2056,1.2063,2.00,3.70
2009.10.05 17:12:51.726,1.2055,1.20625,2.00,2.10
2009.10.05 17:12:56.084,1.2056,1.2063,2.00,3.70
2009.10.05 17:13:01.473,1.2055,1.20625,2.00,2.10
2009.10.05 17:13:02.283,1.2056,1.2063,2.00,3.70
2009.10.05 17:13:03.473,1.2054,1.2063,2.00,3.70
2009.10.05 17:13:03.883,1.2052,1.20625,2.80,1.00
2009.10.05 17:13:04.183,1.2052,1.20625,2.10,1.00
2009.10.05 17:13:05.042,1.20525,1.2062,2.10,1.00
2009.10.05 17:13:06.102,1.20525,1.2062,2.00,1.00
2009.10.05 17:13:11.691,1.20535,1.20625,2.00,1.00
2009.10.05 17:13:13.101,1.20535,1.20625,2.00,1.00
2009.10.05 17:13:14.200,1.20535,1.20625,2.00,1.00
2009.10.05 17:13:32.926,1.20535,1.20625,2.80,1.00
2009.10.05 17:13:33.276,1.2055,1.2065,2.00,1.00
2009.10.05 17:13:33.626,1.2055,1.2065,2.00,1.00
2009.10.05 17:13:35.255,1.20555,1.2065,2.00,1.00
2009.10.05 17:13:36.175,1.20555,1.2065,2.10,1.00
2009.10.05 17:13:41.933,1.20555,1.2065,2.00,1.00
2009.10.05 17:13:42.173,1.2055,1.20655,2.00,1.00
2009.10.05 17:13:42.413,1.2055,1.20655,2.80,1.00
2009.10.05 17:13:42.643,1.20555,1.20655,2.80,1.00
2009.10.05 17:13:42.993,1.20555,1.20655,1.00,1.00
2009.10.05 17:13:44.103,1.20555,1.20655,1.00,1.00
2009.10.05 17:13:44.683,1.20555,1.20655,1.00,1.00
2009.10.05 17:13:45.153,1.20555,1.20655,1.00,1.00
2009.10.05 17:13:45.213,1.20555,1.20655,1.00,1.00
2009.10.05 17:13:45.603,1.20565,1.20655,2.00,1.00
2009.10.05 17:13:45.772,1.20565,1.20655,2.00,4.40
2009.10.05 17:13:47.072,1.2057,1.20655,2.00,4.40
2009.10.05 17:13:47.352,1.2057,1.20655,2.00,4.40
2009.10.05 17:13:47.932,1.2057,1.20655,2.00,4.50
2009.10.05 17:13:48.802,1.2057,1.20655,2.00,2.40
2009.10.05 17:13:48.982,1.2057,1.20655,2.00,1.00
2009.10.05 17:13:51.801,1.2059,1.20655,2.00,1.00
2009.10.05 17:13:52.041,1.2056,1.20655,1.00,1.00
2009.10.05 17:13:52.731,1.2055,1.20655,2.80,1.00
2009.10.05 17:13:52.971,1.20545,1.20655,1.00,1.00
2009.10.05 17:13:56.530,1.20555,1.20655,1.00,1.00
2009.10.05 17:13:57.240,1.20555,1.20655,1.00,1.00
2009.10.05 17:13:59.099,1.20555,1.20655,1.00,2.90
2009.10.05 17:13:59.279,1.20555,1.20655,2.40,2.80
2009.10.05 17:13:59.619,1.2056,1.20655,1.00,2.80
2009.10.05 17:14:00.009,1.2056,1.20655,1.00,2.80
2009.10.05 17:14:00.069,1.2056,1.20655,1.00,2.90
2009.10.05 17:14:00.919,1.2056,1.2065,1.00,1.00
2009.10.05 17:14:01.159,1.2056,1.20655,1.00,2.90
2009.10.05 17:14:02.099,1.2056,1.20645,1.00,2.00
2009.10.05 17:14:02.268,1.20555,1.20645,1.00,2.00
2009.10.05 17:14:02.938,1.20555,1.20645,1.00,2.00
2009.10.05 17:14:04.098,1.20555,1.20645,1.00,2.00
2009.10.05 17:14:05.378,1.20555,1.20645,1.00,3.60
2009.10.05 17:14:05.548,1.20545,1.2064,1.00,2.10
2009.10.05 17:14:05.708,1.20545,1.2064,1.00,2.00
2009.10.05 17:14:05.878,1.20545,1.20645,2.80,3.70
2009.10.05 17:14:06.038,1.20545,1.20645,2.80,2.10
2009.10.05 17:14:07.138,1.2055,1.20645,1.00,2.10
2009.10.05 17:14:08.177,1.20555,1.20645,1.00,2.00
2009.10.05 17:14:08.677,1.2055,1.20635,1.00,2.00
2009.10.05 17:14:08.837,1.20545,1.20635,2.90,2.00
2009.10.05 17:14:09.067,1.20545,1.20635,2.10,2.00
2009.10.05 17:14:11.177,1.20545,1.2063,2.00,2.00
2009.10.05 17:14:12.146,1.20545,1.2065,2.90,2.10
2009.10.05 17:14:13.176,1.20555,1.20645,1.00,2.00
2009.10.05 17:14:16.545,1.2058,1.20655,1.60,2.80
2009.10.05 17:14:22.344,1.20585,1.20655,2.00,2.80
2009.10.05 17:14:22.454,1.20575,1.2065,3.70,2.00
2009.10.05 17:14:43.699,1.20595,1.20655,3.60,1.00
2009.10.05 17:14:44.039,1.20595,1.20655,2.00,1.00
2009.10.05 17:14:44.329,1.2056,1.20655,2.00,2.80
2009.10.05 17:14:44.728,1.20565,1.20655,2.00,1.00
2009.10.05 17:14:45.068,1.20555,1.20655,2.40,1.00
2009.10.05 17:14:45.418,1.2057,1.20655,2.80,1.00
2009.10.05 17:15:21.724,1.20495,1.20655,2.40,1.00
2009.10.05 17:15:23.640,1.20525,1.20645,1.00,2.10
2009.10.05 17:15:36.086,1.2054,1.20645,1.00,2.10
2009.10.05 17:15:36.676,1.2054,1.20645,1.00,2.10
2009.10.05 17:15:36.886,1.20535,1.20635,1.00,1.60
2009.10.05 17:15:37.176,1.20535,1.2065,1.00,2.10
2009.10.05 17:15:37.376,1.2054,1.2065,1.00,2.10
2009.10.05 17:15:39.295,1.2054,1.20645,1.00,2.10
2009.10.05 17:15:40.975,1.2054,1.2064,1.00,2.10
2009.10.05 17:15:41.155,1.20535,1.2064,1.00,2.10
2009.10.05 17:15:42.315,1.20535,1.20635,1.00,1.00
2009.10.05 17:15:43.524,1.20535,1.2064,1.00,2.10
2009.10.05 17:15:46.704,1.20535,1.2064,1.00,2.90
2009.10.05 17:15:56.921,1.20535,1.2064,1.00,1.00
2009.10.05 17:15:57.151,1.20535,1.20645,1.00,2.90
2009.10.05 17:15:58.111,1.2054,1.20645,1.00,2.90
2009.10.05 17:15:58.750,1.2054,1.20645,1.00,2.10
2009.10.05 17:15:59.260,1.2054,1.20645,1.00,2.90
2009.10.05 17:16:00.920,1.20535,1.2064,1.00,1.00
2009.10.05 17:16:01.100,1.20535,1.2063,1.00,2.00
2009.10.05 17:16:01.340,1.20545,1.2063,2.00,2.00
2009.10.05 17:16:01.750,1.20545,1.2063,2.80,2.00
2009.10.05 17:16:02.170,1.20555,1.20635,1.60,2.00
2009.10.05 17:16:02.970,1.20535,1.20635,1.00,2.00
2009.10.05 17:16:03.259,1.2054,1.20635,1.00,2.00
2009.10.05 17:16:04.289,1.20545,1.2063,1.00,2.00
2009.10.05 17:16:04.579,1.2054,1.2063,1.00,2.00
2009.10.05 17:16:05.179,1.2054,1.2063,1.00,2.80
2009.10.05 17:16:05.459,1.2053,1.2062,2.90,2.00
2009.10.05 17:16:05.739,1.2053,1.2062,2.10,2.00
2009.10.05 17:16:06.009,1.20535,1.20625,2.00,2.00
2009.10.05 17:16:07.268,1.2056,1.20625,2.00,1.60
2009.10.05 17:16:07.449,1.2056,1.2063,2.00,1.60
2009.10.05 17:16:07.839,1.2054,1.2064,2.00,2.00
2009.10.05 17:16:08.018,1.2054,1.20645,2.00,1.00
2009.10.05 17:16:08.948,1.20545,1.2064,2.00,1.00
2009.10.05 17:16:09.298,1.20525,1.2064,2.90,1.00
2009.10.05 17:16:09.758,1.2053,1.20645,1.00,2.90
2009.10.05 17:16:09.998,1.2053,1.20645,2.10,1.00
2009.10.05 17:16:10.848,1.20535,1.20645,2.90,1.00
2009.10.05 17:16:11.178,1.2054,1.20645,1.00,1.00
2009.10.05 17:16:13.677,1.2054,1.20645,1.00,1.00
2009.10.05 17:16:14.977,1.2054,1.20645,1.00,1.00
2009.10.05 17:16:15.267,1.2054,1.20645,1.00,1.00
2009.10.05 17:16:17.126,1.2054,1.20645,1.00,1.00
2009.10.05 17:16:19.506,1.2054,1.20645,1.00,1.00
2009.10.05 17:16:19.806,1.2054,1.2065,2.10,1.00
2009.10.05 17:16:20.276,1.2053,1.2065,1.00,1.00
2009.10.05 17:16:20.675,1.20545,1.20655,2.00,1.00
2009.10.05 17:16:20.955,1.2054,1.20655,2.00,1.00
2009.10.05 17:16:21.236,1.2054,1.2064,2.00,2.00
2009.10.05 17:16:21.585,1.20525,1.2063,2.00,1.00
2009.10.05 17:16:21.935,1.2053,1.20615,2.00,2.00
2009.10.05 17:16:24.914,1.20535,1.2063,2.00,1.00
2009.10.05 17:16:25.424,1.20535,1.20645,2.00,1.00
2009.10.05 17:16:25.544,1.2054,1.2066,1.00,1.60
2009.10.05 17:16:25.714,1.20545,1.2066,1.00,1.60
2009.10.05 17:16:26.044,1.2054,1.2066,1.00,1.60
2009.10.05 17:16:26.544,1.20545,1.2066,1.00,1.60
2009.10.05 17:16:26.824,1.20535,1.2065,1.00,1.00
2009.10.05 17:16:27.124,1.20535,1.2064,2.80,2.00
2009.10.05 17:16:27.414,1.2054,1.20645,2.00,1.00
2009.10.05 17:16:27.704,1.2054,1.2065,2.00,2.80
2009.10.05 17:16:29.143,1.2054,1.20635,1.00,2.00
2009.10.05 17:16:29.423,1.20535,1.20635,2.00,2.00
2009.10.05 17:16:29.763,1.2054,1.2064,2.10,1.00
2009.10.05 17:16:29.993,1.2054,1.20645,2.10,2.90
2009.10.05 17:16:33.463,1.2055,1.20645,2.00,1.00
2009.10.05 17:16:33.812,1.2055,1.2064,2.00,1.60
2009.10.05 17:16:33.932,1.2055,1.20645,2.00,1.00
2009.10.05 17:16:35.242,1.2055,1.20645,2.10,1.00
2009.10.05 17:16:36.341,1.2055,1.20645,2.00,1.00
2009.10.05 17:16:40.501,1.20555,1.20645,1.00,1.00
2009.10.05 17:16:40.620,1.20555,1.20645,2.00,1.00
2009.10.05 17:16:40.680,1.20555,1.20645,2.10,1.00
2009.10.05 17:16:40.901,1.20555,1.2065,2.10,1.00
2009.10.05 17:16:41.010,1.20555,1.2065,1.00,2.10
2009.10.05 17:16:41.120,1.2055,1.20645,2.10,1.00
2009.10.05 17:16:43.210,1.2055,1.2064,2.00,1.00
2009.10.05 17:16:49.328,1.20555,1.20655,2.00,1.00
2009.10.05 17:16:53.688,1.2058,1.20655,2.00,1.00
2009.10.05 17:16:54.037,1.2059,1.20655,2.00,1.00
2009.10.05 17:16:58.616,1.2059,1.20655,2.20,1.00
2009.10.05 17:16:59.816,1.20595,1.20665,2.00,1.00
2009.10.05 17:17:05.375,1.20595,1.20665,6.10,1.00
2009.10.05 17:17:05.475,1.20595,1.20665,2.40,1.00
2009.10.05 17:17:05.695,1.20585,1.20665,2.20,1.00
2009.10.05 17:17:05.865,1.2059,1.20665,2.00,1.00
2009.10.05 17:17:11.563,1.20585,1.20655,3.70,2.00
2009.10.05 17:17:11.723,1.2059,1.2066,2.00,2.00
2009.10.05 17:17:12.193,1.20595,1.20665,2.00,1.00
2009.10.05 17:17:32.758,1.206,1.20665,1.00,1.00
2009.10.05 17:17:32.998,1.20615,1.20665,1.60,1.00
2009.10.05 17:17:33.238,1.20585,1.2066,1.00,2.00
2009.10.05 17:17:33.458,1.2058,1.2066,2.00,2.00
2009.10.05 17:17:33.738,1.20585,1.20665,2.00,1.00
2009.10.05 17:17:36.108,1.20595,1.20665,3.60,1.00
2009.10.05 17:17:36.277,1.20605,1.20665,2.00,1.00
2009.10.05 17:17:36.567,1.20595,1.20665,2.00,1.00
2009.10.05 17:17:38.187,1.20605,1.20665,3.60,1.00
2009.10.05 17:17:38.477,1.2059,1.20665,2.00,1.00
2009.10.05 17:17:42.066,1.2059,1.2066,2.00,2.00
2009.10.05 17:17:47.164,1.2059,1.20655,2.00,1.60
2009.10.05 17:17:47.515,1.20585,1.20655,3.60,3.60
2009.10.05 17:17:48.574,1.2059,1.2066,2.00,2.00
2009.10.05 17:17:50.054,1.2059,1.2066,2.10,2.00
2009.10.05 17:17:51.543,1.206,1.2066,1.60,2.00
2009.10.05 17:17:51.663,1.206,1.20665,1.60,1.00
2009.10.05 17:17:53.453,1.2063,1.20665,1.60,1.00
2009.10.05 17:17:53.803,1.206,1.20665,1.60,1.00
2009.10.05 17:17:54.143,1.2059,1.20665,2.00,1.00
2009.10.05 17:17:54.443,1.20585,1.20665,1.60,2.80
2009.10.05 17:17:54.623,1.20595,1.2066,1.60,3.60
2009.10.05 17:17:59.592,1.2061,1.20665,1.60,1.00
2009.10.05 17:18:01.741,1.2061,1.20665,1.60,1.00
2009.10.05 17:18:05.220,1.20605,1.20665,2.00,1.00
2009.10.05 17:18:05.520,1.20585,1.2066,2.00,2.00
2009.10.05 17:18:06.540,1.20585,1.2065,3.60,2.00
2009.10.05 17:18:06.880,1.20575,1.2065,3.60,2.00
2009.10.05 17:18:11.549,1.2057,1.2065,3.80,2.00
2009.10.05 17:18:11.899,1.20575,1.2065,3.60,2.00
2009.10.05 17:18:12.279,1.20585,1.20655,3.60,1.60
2009.10.05 17:18:13.538,1.20595,1.2065,1.60,2.00
2009.10.05 17:18:13.838,1.2057,1.2065,3.60,2.00
2009.10.05 17:18:15.118,1.20575,1.2066,1.60,3.80
2009.10.05 17:18:20.197,1.20575,1.20635,1.60,2.00
2009.10.05 17:18:20.257,1.20555,1.20635,3.60,2.00
2009.10.05 17:18:33.293,1.2057,1.2064,1.60,1.60
2009.10.05 17:18:34.843,1.2056,1.2063,3.60,2.00
2009.10.05 17:18:35.013,1.20575,1.20635,1.60,1.60
2009.10.05 17:18:35.923,1.20555,1.20625,3.60,2.00
2009.10.05 17:18:38.282,1.2056,1.20625,3.70,2.00
2009.10.05 17:18:46.100,1.2057,1.20635,1.60,3.60
2009.10.05 17:18:52.229,1.20555,1.20625,3.90,2.00
2009.10.05 17:18:56.338,1.20565,1.20635,2.00,2.00
2009.10.05 17:18:56.688,1.20555,1.20635,1.00,2.00
2009.10.05 17:18:57.028,1.20565,1.20635,2.00,2.00
2009.10.05 17:18:59.187,1.20565,1.20635,2.10,2.00
2009.10.05 17:18:59.537,1.20575,1.20645,2.00,3.60
2009.10.05 17:18:59.717,1.2058,1.20645,1.60,3.60
2009.10.05 17:19:05.426,1.20545,1.20635,1.40,3.60
2009.10.05 17:19:05.546,1.2054,1.20635,3.60,2.00
2009.10.05 17:19:05.656,1.2055,1.2063,2.00,2.00
2009.10.05 17:19:22.212,1.20565,1.20635,2.00,2.00
2009.10.05 17:19:25.111,1.20565,1.20635,2.10,2.00
2009.10.05 17:19:43.717,1.2057,1.20635,1.00,2.00
2009.10.05 17:19:44.007,1.2057,1.2064,3.80,2.00
2009.10.05 17:19:45.106,1.20575,1.2064,3.70,2.00
2009.10.05 17:19:46.486,1.20575,1.2064,1.60,2.00
2009.10.05 17:19:46.666,1.20555,1.2064,3.60,2.00
2009.10.05 17:19:48.785,1.20565,1.2065,2.00,2.00
2009.10.05 17:19:49.065,1.2056,1.20645,1.70,2.00
2009.10.05 17:19:49.345,1.2057,1.20655,1.60,2.00
2009.10.05 17:19:49.635,1.20575,1.20665,2.00,2.00
2009.10.05 17:19:52.064,1.2058,1.20665,2.10,2.00
2009.10.05 17:19:58.333,1.20585,1.2067,3.60,2.00
2009.10.05 17:20:00.162,1.20585,1.2067,3.70,2.00
2009.10.05 17:20:00.573,1.20595,1.2067,1.00,2.00
2009.10.05 17:20:00.843,1.2058,1.2067,3.70,2.00
2009.10.05 17:20:01.192,1.206,1.2067,1.60,2.00
2009.10.05 17:20:01.492,1.2058,1.2067,3.70,2.00
2009.10.05 17:20:03.212,1.20585,1.2067,3.60,2.00
2009.10.05 17:20:03.982,1.20585,1.2067,3.70,2.00
2009.10.05 17:20:06.891,1.20595,1.20675,3.60,1.00
2009.10.05 17:20:07.071,1.20595,1.20675,1.60,2.80
2009.10.05 17:20:07.241,1.2059,1.20675,1.00,2.80
2009.10.05 17:20:09.250,1.2059,1.20675,2.10,2.80
2009.10.05 17:20:09.950,1.2059,1.20675,2.00,2.80
2009.10.05 17:20:18.548,1.20625,1.20675,2.00,1.00
2009.10.05 17:20:18.788,1.2059,1.20675,5.70,1.00
2009.10.05 17:20:19.138,1.2059,1.20675,3.70,1.00
2009.10.05 17:20:19.828,1.20605,1.20675,2.10,1.00
2009.10.05 17:20:21.267,1.2061,1.20675,1.00,1.00
2009.10.05 17:20:21.647,1.20605,1.20675,2.00,1.00
2009.10.05 17:20:21.827,1.206,1.20675,3.70,1.00
2009.10.05 17:20:23.207,1.206,1.20675,3.60,1.00
2009.10.05 17:20:26.946,1.2061,1.20675,2.00,1.00
2009.10.05 17:20:27.126,1.2061,1.20675,3.60,1.00
2009.10.05 17:20:29.216,1.2061,1.20675,3.90,1.00
2009.10.05 17:20:47.572,1.20605,1.20665,1.70,2.00
2009.10.05 17:20:47.691,1.20605,1.20665,1.60,2.00
2009.10.05 17:20:49.021,1.20605,1.20675,3.60,2.80
2009.10.05 17:20:50.201,1.20605,1.20675,3.70,2.80
2009.10.05 17:21:02.987,1.20605,1.20675,3.70,2.00
2009.10.05 17:21:15.005,1.20615,1.2068,3.60,2.00
2009.10.05 17:21:15.834,1.20615,1.2067,1.60,2.00
2009.10.05 17:21:16.334,1.20615,1.2068,3.60,2.00
2009.10.05 17:21:19.244,1.20615,1.2068,3.60,3.60
2009.10.05 17:21:19.424,1.20615,1.20675,3.60,1.60
2009.10.05 17:21:19.544,1.2062,1.20685,3.60,4.40
2009.10.05 17:21:21.433,1.2062,1.20685,3.80,1.00
2009.10.05 17:21:22.143,1.2063,1.20685,1.60,4.40
2009.10.05 17:21:22.543,1.2061,1.2068,1.60,2.00
2009.10.05 17:21:29.351,1.2062,1.20685,3.60,4.40
2009.10.05 17:21:34.170,1.20615,1.20685,1.60,4.40
2009.10.05 17:21:35.690,1.20615,1.20675,1.60,1.60
2009.10.05 17:21:35.810,1.20615,1.20675,1.60,3.60
2009.10.05 17:21:35.930,1.20615,1.20675,1.60,2.00
2009.10.05 17:21:36.050,1.20615,1.20675,1.60,3.60
2009.10.05 17:21:36.460,1.20615,1.20675,1.60,2.00
2009.10.05 17:21:36.849,1.20615,1.20675,1.60,3.60
2009.10.05 17:21:39.299,1.20615,1.2067,1.60,1.60
2009.10.05 17:21:42.718,1.20605,1.20675,1.80,2.00
2009.10.05 17:21:43.018,1.2063,1.20685,1.60,1.00
2009.10.05 17:21:46.757,1.20615,1.20685,1.60,4.40
2009.10.05 17:21:47.037,1.20595,1.20675,3.60,2.00
2009.10.05 17:21:47.487,1.20595,1.20665,1.60,2.00
2009.10.05 17:21:47.717,1.2059,1.20665,4.30,2.00
2009.10.05 17:21:47.817,1.206,1.2067,3.60,3.60
2009.10.05 17:21:49.366,1.2059,1.2067,4.40,3.60
2009.10.05 17:21:51.066,1.20605,1.20675,3.60,1.60
2009.10.05 17:21:51.396,1.20615,1.2069,3.60,4.40
2009.10.05 17:21:52.246,1.20605,1.20685,3.70,2.00
2009.10.05 17:21:52.586,1.2061,1.2068,1.60,2.00
2009.10.05 17:21:55.355,1.2062,1.20685,3.60,4.40
2009.10.05 17:21:55.525,1.2063,1.20685,1.60,4.40
2009.10.05 17:21:55.925,1.2063,1.2068,1.60,2.00
2009.10.05 17:21:56.155,1.2061,1.2068,1.60,2.00
2009.10.05 17:21:57.815,1.2061,1.20685,1.60,4.40
2009.10.05 17:21:58.154,1.20615,1.20685,1.60,4.40
2009.10.05 17:21:58.844,1.20615,1.20685,3.60,4.40
2009.10.05 17:22:00.224,1.2061,1.2068,3.70,2.00
2009.10.05 17:22:00.334,1.2061,1.2068,1.60,2.00
2009.10.05 17:22:02.533,1.20625,1.20685,1.60,4.40
2009.10.05 17:22:05.253,1.2062,1.20685,2.00,4.40
2009.10.05 17:22:05.483,1.20585,1.2068,3.70,2.00
2009.10.05 17:22:05.543,1.20585,1.20665,3.70,2.00
2009.10.05 17:22:05.723,1.20585,1.2065,1.60,2.00
2009.10.05 17:22:05.902,1.2057,1.2065,1.60,2.00
2009.10.05 17:22:06.132,1.2055,1.2065,4.50,2.00
2009.10.05 17:22:06.422,1.2055,1.2065,3.70,2.00
2009.10.05 17:22:08.252,1.2056,1.20645,3.60,2.00
2009.10.05 17:22:16.070,1.2056,1.20635,2.00,1.60
2009.10.05 17:22:16.400,1.20565,1.20645,2.00,2.00
2009.10.05 17:22:16.730,1.20555,1.2064,2.90,2.00
2009.10.05 17:22:17.010,1.20555,1.2064,2.10,2.00
2009.10.05 17:22:18.010,1.20555,1.2064,2.00,2.00
2009.10.05 17:22:21.849,1.20545,1.2064,2.80,2.80
2009.10.05 17:22:22.189,1.20555,1.2063,2.00,2.00
2009.10.05 17:22:22.588,1.20535,1.2063,2.90,2.00
2009.10.05 17:22:23.908,1.2054,1.20625,2.00,2.00
2009.10.05 17:22:24.248,1.2053,1.20625,2.80,2.00
2009.10.05 17:22:25.568,1.2054,1.20625,2.00,2.00
2009.10.05 17:22:29.067,1.20565,1.20635,3.60,3.60
2009.10.05 17:22:29.307,1.20565,1.20635,3.70,3.60
2009.10.05 17:22:29.697,1.20565,1.20625,1.60,1.60
2009.10.05 17:22:36.265,1.20565,1.20635,3.60,3.60
2009.10.05 17:22:37.085,1.20575,1.2067,2.00,2.00
2009.10.05 17:22:42.234,1.2058,1.2067,2.00,2.00
2009.10.05 17:22:45.163,1.20595,1.2068,2.00,2.80
2009.10.05 17:22:45.343,1.20595,1.2068,2.00,3.60
2009.10.05 17:22:45.463,1.20595,1.2068,2.00,2.80
2009.10.05 17:22:45.583,1.2057,1.2067,4.00,2.00
2009.10.05 17:22:45.763,1.2057,1.2067,2.00,2.00
2009.10.05 17:22:46.063,1.20585,1.2067,1.00,2.00
2009.10.05 17:22:46.123,1.206,1.2068,2.00,1.00
2009.10.05 17:22:46.343,1.206,1.2068,2.00,1.60
2009.10.05 17:22:46.403,1.206,1.2068,2.00,1.00
2009.10.05 17:22:46.462,1.2058,1.2067,1.00,2.00
2009.10.05 17:22:46.573,1.2057,1.2067,4.00,2.00
2009.10.05 17:22:47.093,1.2058,1.2067,2.00,2.00
2009.10.05 17:22:49.802,1.2057,1.2066,2.00,3.60
2009.10.05 17:22:50.042,1.2058,1.20675,2.00,2.60
2009.10.05 17:22:50.102,1.2058,1.20675,2.00,2.00
2009.10.05 17:22:53.221,1.20575,1.2066,2.10,2.00
2009.10.05 17:22:55.031,1.20575,1.2066,2.00,2.00
2009.10.05 17:22:56.650,1.2057,1.20655,2.00,3.60
2009.10.05 17:22:58.260,1.2057,1.20655,2.00,3.60
2009.10.05 17:22:59.179,1.2057,1.20655,2.00,3.60
2009.10.05 17:23:02.349,1.2058,1.20655,1.60,2.00
2009.10.05 17:23:02.469,1.2058,1.20665,3.60,2.80
2009.10.05 17:23:02.629,1.2058,1.20665,3.60,2.00
2009.10.05 17:23:02.799,1.2058,1.2066,1.60,2.00
2009.10.05 17:23:02.909,1.20575,1.2066,2.10,2.00
2009.10.05 17:23:03.268,1.2058,1.20665,3.60,2.00
2009.10.05 17:23:03.958,1.2058,1.20665,3.70,2.00
2009.10.05 17:23:04.868,1.2058,1.20655,3.70,3.60
2009.10.05 17:23:05.048,1.2058,1.20655,3.60,3.60
2009.10.05 17:23:06.128,1.2058,1.2065,3.60,3.60
2009.10.05 17:23:06.468,1.2058,1.2065,3.70,3.60
2009.10.05 17:23:06.828,1.20585,1.20655,2.10,2.00
2009.10.05 17:23:19.505,1.2059,1.20655,2.00,3.60
2009.10.05 17:23:19.845,1.2058,1.2065,3.60,3.60
2009.10.05 17:23:21.264,1.2058,1.2065,3.60,2.00
2009.10.05 17:23:21.564,1.20595,1.20655,1.60,2.00
2009.10.05 17:23:21.804,1.2059,1.20655,1.60,3.60
2009.10.05 17:23:22.394,1.20585,1.20655,2.00,3.60
2009.10.05 17:23:22.684,1.20585,1.20655,1.60,3.60
2009.10.05 17:23:23.264,1.20585,1.20655,1.60,2.00
2009.10.05 17:23:23.603,1.20585,1.20665,1.60,1.60
2009.10.05 17:23:23.834,1.2058,1.2067,2.00,2.80
2009.10.05 17:23:24.164,1.2058,1.2066,2.00,2.00
2009.10.05 17:23:26.833,1.20575,1.20655,2.20,2.00
2009.10.05 17:23:35.841,1.20555,1.20655,1.00,2.00
2009.10.05 17:23:36.241,1.20555,1.2066,1.00,1.00
2009.10.05 17:23:36.540,1.20555,1.2067,1.00,1.00
2009.10.05 17:24:01.334,1.20555,1.20665,2.90,1.00
2009.10.05 17:24:01.555,1.20555,1.20665,2.10,1.00
2009.10.05 17:24:03.064,1.20555,1.2066,2.10,1.00
2009.10.05 17:24:06.074,1.2055,1.2066,2.10,1.00
2009.10.05 17:24:06.303,1.2055,1.2066,2.10,1.00
2009.10.05 17:24:07.293,1.2055,1.20665,2.10,2.80
2009.10.05 17:24:07.633,1.2055,1.2066,2.10,1.00
2009.10.05 17:24:08.573,1.20555,1.2066,2.00,1.00
2009.10.05 17:24:08.863,1.20555,1.20665,2.00,1.00
2009.10.05 17:24:18.071,1.20565,1.20665,2.00,1.00
2009.10.05 17:24:18.250,1.2056,1.20665,2.00,2.80
2009.10.05 17:24:18.930,1.20565,1.20665,2.00,1.00
2009.10.05 17:24:19.270,1.2057,1.2067,2.00,1.00
2009.10.05 17:24:20.350,1.2058,1.2067,2.00,1.00
2009.10.05 17:24:20.650,1.20545,1.2066,2.00,1.00
2009.10.05 17:24:21.000,1.20545,1.20665,2.00,1.00
2009.10.05 17:24:22.200,1.2056,1.20665,2.00,1.00
2009.10.05 17:24:22.379,1.2056,1.2067,2.00,1.00
2009.10.05 17:24:22.609,1.2056,1.2067,2.00,1.00
2009.10.05 17:24:22.899,1.20565,1.2068,1.00,1.00
2009.10.05 17:24:24.089,1.20565,1.2068,1.00,1.00
2009.10.05 17:24:26.228,1.20565,1.20675,1.00,1.00
2009.10.05 17:24:27.138,1.20565,1.20675,1.00,1.00
2009.10.05 17:24:28.258,1.20565,1.2067,1.00,1.00
2009.10.05 17:24:43.204,1.20565,1.2067,1.00,2.10
2009.10.05 17:24:51.952,1.20565,1.20675,1.00,1.00
2009.10.05 17:24:52.122,1.20565,1.20675,1.00,1.00
2009.10.05 17:24:53.042,1.2057,1.20675,1.00,1.00
2009.10.05 17:24:54.782,1.2057,1.2067,1.00,1.00
2009.10.05 17:24:55.541,1.2057,1.20675,1.00,1.00
2009.10.05 17:25:00.560,1.20575,1.20675,1.00,1.00
2009.10.05 17:25:00.670,1.2058,1.20675,1.60,1.00
2009.10.05 17:25:00.790,1.2058,1.2068,1.60,2.10
2009.10.05 17:25:02.010,1.2058,1.20675,1.60,1.00
2009.10.05 17:25:02.070,1.2058,1.2068,1.70,2.10
2009.10.05 17:25:02.940,1.20585,1.20675,1.00,1.00
2009.10.05 17:25:03.280,1.20585,1.2068,1.00,2.10
2009.10.05 17:25:03.869,1.2058,1.2067,1.00,2.00
2009.10.05 17:25:04.759,1.2056,1.2067,1.00,2.10
2009.10.05 17:25:05.049,1.2056,1.2067,1.00,2.10
2009.10.05 17:25:05.159,1.2055,1.2065,2.90,2.00
2009.10.05 17:25:05.399,1.2055,1.2065,2.10,2.00
2009.10.05 17:25:08.178,1.20555,1.2064,2.00,2.00
2009.10.05 17:25:10.878,1.2056,1.20645,2.00,2.00
2009.10.05 17:25:11.158,1.2056,1.20645,3.60,2.00
2009.10.05 17:25:12.078,1.2056,1.20645,3.60,2.00
2009.10.05 17:25:12.197,1.2056,1.20645,3.70,2.00
2009.10.05 17:25:13.037,1.2056,1.20645,3.60,2.00
2009.10.05 17:25:14.777,1.2055,1.20635,1.60,2.00
2009.10.05 17:25:16.487,1.2055,1.2062,1.60,2.00
2009.10.05 17:25:21.275,1.2053,1.206,1.00,1.60
2009.10.05 17:25:21.505,1.20525,1.206,5.20,1.60
2009.10.05 17:25:21.745,1.20545,1.20625,1.60,2.00
2009.10.05 17:25:24.585,1.2055,1.20635,1.60,2.00
2009.10.05 17:25:24.755,1.20555,1.2064,2.00,1.60
2009.10.05 17:25:24.914,1.20555,1.20645,2.00,2.00
2009.10.05 17:25:26.154,1.20555,1.2064,2.10,2.00
2009.10.05 17:25:27.044,1.20555,1.2064,2.00,2.00
2009.10.05 17:25:29.003,1.20555,1.2064,2.00,2.00
2009.10.05 17:25:29.703,1.20545,1.20635,2.00,2.00
2009.10.05 17:25:36.302,1.20545,1.20625,2.00,2.00
2009.10.05 17:25:37.061,1.2054,1.2061,2.10,2.00
2009.10.05 17:25:38.081,1.2054,1.20605,2.00,2.00
2009.10.05 17:25:38.321,1.2054,1.20605,2.00,2.00
2009.10.05 17:25:38.611,1.20545,1.20625,2.00,2.00
2009.10.05 17:25:42.430,1.20555,1.2062,2.00,2.00
2009.10.05 17:25:43.060,1.2055,1.20605,1.60,2.00
2009.10.05 17:25:43.120,1.20555,1.20625,2.00,2.00
2009.10.05 17:25:43.570,1.20545,1.20625,2.00,2.00
2009.10.05 17:25:46.109,1.20535,1.2061,3.60,2.00
2009.10.05 17:25:49.229,1.20535,1.20615,1.60,3.60
2009.10.05 17:25:55.307,1.2053,1.2059,3.60,1.60
2009.10.05 17:25:55.367,1.2053,1.2059,1.60,3.60
2009.10.05 17:25:55.537,1.2053,1.2059,3.60,1.60
2009.10.05 17:25:55.597,1.2053,1.206,3.60,2.00
2009.10.05 17:25:56.537,1.2053,1.206,3.60,2.00
2009.10.05 17:25:56.657,1.2054,1.20605,3.60,3.60
2009.10.05 17:25:57.097,1.2054,1.20605,3.60,2.00
2009.10.05 17:25:57.447,1.20545,1.20615,3.60,3.60
2009.10.05 17:26:09.154,1.20545,1.20625,1.60,3.80
2009.10.05 17:26:14.452,1.20545,1.20615,3.60,3.60
2009.10.05 17:26:20.971,1.2055,1.20615,1.60,3.60
2009.10.05 17:26:21.311,1.20545,1.20605,1.60,3.60
2009.10.05 17:26:24.800,1.20555,1.20615,1.60,1.60
2009.10.05 17:26:25.080,1.2056,1.2062,1.60,1.60
2009.10.05 17:26:32.288,1.20565,1.2061,1.60,2.00
2009.10.05 17:26:32.468,1.2053,1.206,3.70,1.60
2009.10.05 17:26:37.257,1.2055,1.20615,1.60,2.00
2009.10.05 17:26:37.547,1.2055,1.2062,1.60,3.60
2009.10.05 17:26:45.565,1.20515,1.2061,4.40,2.00
2009.10.05 17:26:45.785,1.20515,1.2061,3.70,2.00
2009.10.05 17:26:46.195,1.20515,1.2061,1.60,2.00
2009.10.05 17:26:46.365,1.20505,1.2061,1.00,2.00
2009.10.05 17:26:47.984,1.20515,1.2061,1.00,2.00
2009.10.05 17:26:49.074,1.20515,1.2061,1.00,2.10
2009.10.05 17:26:49.534,1.2051,1.206,1.00,2.00
2009.10.05 17:26:52.775,1.20505,1.206,1.00,2.10
2009.10.05 17:26:54.103,1.2051,1.206,1.00,2.00
2009.10.05 17:26:55.113,1.2051,1.206,1.00,2.00
2009.10.05 17:26:56.652,1.205,1.2059,2.10,2.00
2009.10.05 17:27:00.191,1.205,1.20585,2.00,2.00
2009.10.05 17:27:02.551,1.205,1.20585,2.80,2.00
2009.10.05 17:27:02.721,1.2051,1.20585,2.00,2.00
2009.10.05 17:27:06.110,1.2052,1.20595,1.60,1.60
2009.10.05 17:27:09.089,1.20525,1.20605,1.60,2.00
2009.10.05 17:27:20.687,1.20525,1.20595,1.60,2.00
2009.10.05 17:27:27.525,1.20525,1.2058,1.60,3.60
2009.10.05 17:27:27.645,1.20525,1.2058,1.60,2.00
2009.10.05 17:27:27.755,1.20525,1.2059,1.60,2.00
2009.10.05 17:27:28.585,1.20505,1.2058,3.60,2.00
2009.10.05 17:27:29.044,1.2051,1.20585,2.00,2.00
2009.10.05 17:27:29.974,1.20515,1.2058,2.10,2.00
2009.10.05 17:27:33.793,1.20515,1.2058,3.70,2.00
2009.10.05 17:27:34.144,1.20525,1.2059,1.60,2.00
2009.10.05 17:27:34.464,1.2052,1.2059,2.00,2.00
2009.10.05 17:27:34.803,1.2052,1.2059,3.60,2.00
2009.10.05 17:27:37.203,1.20525,1.20595,3.60,3.60
2009.10.05 17:27:39.572,1.20525,1.20595,3.70,1.60
2009.10.05 17:27:40.532,1.20525,1.20595,2.00,3.60
2009.10.05 17:27:40.762,1.20525,1.20585,3.60,1.60
2009.10.05 17:27:41.232,1.2053,1.2059,1.60,1.60
2009.10.05 17:27:41.412,1.2053,1.2059,3.60,1.60
2009.10.05 17:27:43.531,1.20525,1.2059,3.60,3.60
2009.10.05 17:27:43.881,1.20525,1.2059,3.60,3.60
2009.10.05 17:27:44.471,1.2053,1.20595,3.60,3.60
2009.10.05 17:27:44.821,1.20515,1.2058,1.60,1.60
2009.10.05 17:27:47.800,1.2051,1.2057,1.60,3.60
2009.10.05 17:27:48.880,1.2052,1.20575,1.60,1.60
2009.10.05 17:27:51.699,1.2052,1.20595,3.60,3.60
2009.10.05 17:27:52.409,1.205,1.2057,1.60,1.60
2009.10.05 17:27:52.709,1.2049,1.20565,1.00,3.60
2009.10.05 17:27:52.989,1.2049,1.20565,1.00,2.00
2009.10.05 17:27:53.219,1.2049,1.2057,1.00,2.00
2009.10.05 17:27:53.389,1.2049,1.20565,1.00,2.00
2009.10.05 17:27:53.629,1.20495,1.2058,1.00,2.10
2009.10.05 17:27:58.987,1.20495,1.20575,1.00,2.00
2009.10.05 17:27:59.947,1.20495,1.2057,1.00,3.70
2009.10.05 17:28:00.347,1.20495,1.2057,1.00,1.00
2009.10.05 17:28:00.467,1.20495,1.2058,1.00,1.00
2009.10.05 17:28:00.628,1.20495,1.20575,1.00,2.00
2009.10.05 17:28:02.587,1.20495,1.20575,1.00,2.10
2009.10.05 17:28:04.486,1.20495,1.20575,1.00,2.00
2009.10.05 17:28:04.776,1.20495,1.20575,1.00,1.00
2009.10.05 17:28:05.006,1.20495,1.2058,1.00,1.00
2009.10.05 17:28:06.096,1.20495,1.2058,1.00,1.00
2009.10.05 17:28:07.795,1.20495,1.20575,1.00,1.00
2009.10.05 17:28:08.145,1.20495,1.20575,1.00,2.10
2009.10.05 17:28:09.885,1.20495,1.20575,1.00,2.00
2009.10.05 17:28:10.585,1.20495,1.20565,1.00,2.00
2009.10.05 17:28:11.874,1.20495,1.20575,1.00,2.00
2009.10.05 17:28:15.224,1.20495,1.20565,1.00,2.00
2009.10.05 17:28:17.983,1.20495,1.20565,1.00,2.00
2009.10.05 17:28:18.273,1.20495,1.20565,1.00,2.00
2009.10.05 17:28:19.133,1.20495,1.2055,1.00,3.60
2009.10.05 17:28:19.313,1.20495,1.2055,1.00,2.00
2009.10.05 17:28:19.492,1.20495,1.2056,1.00,2.00
2009.10.05 17:28:19.952,1.20495,1.20565,1.00,3.60
2009.10.05 17:28:21.952,1.20495,1.2054,1.00,3.60
2009.10.05 17:28:30.120,1.20495,1.2054,1.00,3.60
2009.10.05 17:28:31.180,1.20495,1.2054,1.00,3.60
2009.10.05 17:28:31.419,1.20495,1.2054,1.00,2.00
2009.10.05 17:28:32.830,1.20495,1.2053,1.00,2.00
2009.10.05 17:28:33.370,1.20495,1.2054,1.00,2.00
2009.10.05 17:28:36.019,1.20495,1.2054,1.00,3.60
2009.10.05 17:28:40.148,1.20495,1.2054,1.00,3.60
2009.10.05 17:28:40.447,1.20495,1.2054,1.00,3.20
2009.10.05 17:28:42.477,1.20495,1.2054,1.00,3.60
2009.10.05 17:28:43.827,1.20495,1.2053,1.00,2.00
2009.10.05 17:28:53.305,1.20495,1.2054,1.00,2.00
2009.10.05 17:28:53.475,1.20495,1.2055,1.00,2.00
2009.10.05 17:28:56.483,1.20495,1.20555,1.00,1.60
2009.10.05 17:28:56.604,1.20495,1.20555,1.70,1.60
2009.10.05 17:28:59.033,1.205,1.2055,1.60,2.00
2009.10.05 17:28:59.373,1.20495,1.20555,1.00,1.60
2009.10.05 17:29:00.412,1.20495,1.20565,2.00,1.60
2009.10.05 17:29:00.853,1.20505,1.20585,2.00,2.90
2009.10.05 17:29:00.972,1.20505,1.20585,2.00,2.10
2009.10.05 17:29:02.582,1.20495,1.2057,2.00,1.60
2009.10.05 17:29:03.492,1.20505,1.2057,2.00,1.60
2009.10.05 17:29:09.760,1.20495,1.20565,2.00,1.60
2009.10.05 17:29:12.520,1.20495,1.20565,2.10,1.60
2009.10.05 17:29:16.129,1.2051,1.2057,3.60,1.60
2009.10.05 17:29:16.419,1.2051,1.2058,2.00,3.70
2009.10.05 17:29:18.738,1.2052,1.20565,2.00,1.60
2009.10.05 17:29:21.068,1.2052,1.2057,2.00,1.60
2009.10.05 17:29:24.057,1.2051,1.2057,3.60,1.60
2009.10.05 17:29:25.217,1.2051,1.2058,3.60,3.70
2009.10.05 17:29:26.366,1.2051,1.2057,3.60,1.60
2009.10.05 17:29:28.926,1.205,1.2058,3.60,1.60
2009.10.05 17:29:33.265,1.20505,1.20575,2.00,3.60
2009.10.05 17:29:33.665,1.20495,1.20565,1.00,3.60
2009.10.05 17:29:33.945,1.20495,1.2056,3.60,1.60
2009.10.05 17:29:34.165,1.20495,1.2056,3.60,1.60
2009.10.05 17:29:36.134,1.20495,1.20555,3.60,1.60
2009.10.05 17:29:36.484,1.20495,1.20555,3.60,1.60
2009.10.05 17:29:41.503,1.20515,1.20595,1.60,1.60
2009.10.05 17:29:41.733,1.2052,1.206,1.60,4.40
2009.10.05 17:29:41.843,1.2052,1.20595,1.60,1.00
2009.10.05 17:29:42.063,1.2051,1.2058,2.00,1.60
2009.10.05 17:29:42.183,1.20495,1.2058,2.00,1.60
2009.10.05 17:29:43.473,1.2051,1.2058,2.00,2.00
2009.10.05 17:29:43.812,1.2051,1.2058,2.00,2.00
2009.10.05 17:29:44.162,1.20505,1.20575,2.00,3.60
2009.10.05 17:29:45.522,1.20505,1.2057,2.00,3.70
2009.10.05 17:29:45.692,1.20495,1.20555,2.00,1.60
2009.10.05 17:29:45.872,1.20495,1.20565,2.00,1.60
2009.10.05 17:29:47.491,1.20495,1.2058,2.00,4.50
2009.10.05 17:29:47.601,1.20495,1.2056,1.00,3.60
2009.10.05 17:29:47.661,1.20495,1.20565,1.00,1.60
2009.10.05 17:29:52.750,1.20495,1.20555,1.00,3.60
2009.10.05 17:29:53.680,1.20495,1.20555,1.00,2.00
2009.10.05 17:29:54.030,1.20495,1.2057,2.00,1.60
2009.10.05 17:29:56.199,1.20495,1.20555,2.00,1.00
2009.10.05 17:29:56.379,1.20495,1.2054,1.00,1.60
2009.10.05 17:29:56.669,1.20495,1.20565,1.00,3.60
2009.10.05 17:29:57.149,1.20495,1.2057,2.00,1.00
2009.10.05 17:29:57.309,1.20495,1.20565,1.00,2.00
2009.10.05 17:29:57.659,1.20495,1.2057,1.00,4.50
2009.10.05 17:30:00.288,1.20495,1.20545,1.00,1.60
2009.10.05 17:30:03.028,1.20495,1.2056,1.00,1.60
2009.10.05 17:30:11.476,1.20495,1.20555,3.60,1.60
2009.10.05 17:30:21.003,1.20495,1.20555,2.00,1.60
2009.10.05 17:30:21.283,1.20495,1.20555,1.00,1.60
2009.10.05 17:30:23.083,1.20495,1.20555,2.00,1.60
2009.10.05 17:30:23.423,1.20495,1.20565,2.00,1.60
2009.10.05 17:30:24.552,1.20495,1.20565,3.60,1.60
2009.10.05 17:30:24.832,1.205,1.20565,2.00,1.60
2009.10.05 17:30:29.861,1.205,1.20575,3.60,1.00
2009.10.05 17:30:30.151,1.20505,1.20565,2.00,1.60
2009.10.05 17:30:30.321,1.2051,1.20565,2.00,1.60
2009.10.05 17:30:30.481,1.2051,1.20585,2.00,2.10
2009.10.05 17:30:35.140,1.2052,1.20585,2.00,4.20
2009.10.05 17:30:36.600,1.2051,1.2058,3.60,2.00
2009.10.05 17:30:36.890,1.2051,1.20585,3.60,3.60
2009.10.05 17:30:39.539,1.2051,1.2057,3.60,1.60
2009.10.05 17:30:50.126,1.2051,1.2057,1.60,3.60
2009.10.05 17:30:50.296,1.205,1.20565,1.60,3.60
2009.10.05 17:30:50.466,1.20505,1.20565,2.00,1.60
2009.10.05 17:30:55.745,1.2051,1.20565,2.00,1.60
2009.10.05 17:30:56.145,1.20505,1.20565,2.00,1.60
2009.10.05 17:30:56.495,1.2051,1.20565,2.00,1.60
2009.10.05 17:30:56.674,1.2051,1.2057,3.60,1.60
2009.10.05 17:30:58.534,1.20505,1.20575,2.00,3.60
2009.10.05 17:30:58.704,1.20505,1.20575,2.00,3.60
2009.10.05 17:31:02.133,1.2051,1.20555,2.00,1.60
2009.10.05 17:31:02.244,1.2051,1.20575,3.60,1.60
2009.10.05 17:31:05.792,1.20505,1.2057,2.00,3.60
2009.10.05 17:31:08.262,1.20505,1.20575,2.00,3.60
2009.10.05 17:31:08.552,1.20495,1.2057,3.60,3.60
2009.10.05 17:31:09.152,1.205,1.2056,1.60,1.60
2009.10.05 17:31:11.751,1.205,1.20545,1.60,2.00
2009.10.05 17:31:11.921,1.20495,1.20545,1.00,2.00
2009.10.05 17:31:13.250,1.20495,1.20535,1.00,1.60
2009.10.05 17:31:15.160,1.205,1.2056,1.60,1.60
2009.10.05 17:31:20.539,1.20495,1.20565,3.60,3.70
2009.10.05 17:31:24.378,1.205,1.20565,1.60,3.60
2009.10.05 17:31:26.058,1.205,1.20555,3.60,1.60
2009.10.05 17:31:26.277,1.20505,1.20575,3.60,3.70
2009.10.05 17:31:31.586,1.2051,1.20565,1.60,2.00
2009.10.05 17:31:31.766,1.205,1.20565,1.60,3.60
2009.10.05 17:31:31.946,1.20495,1.20555,3.60,1.60
2009.10.05 17:31:34.156,1.20495,1.20555,3.60,1.60
2009.10.05 17:31:34.325,1.20495,1.2056,3.70,1.60
2009.10.05 17:31:34.866,1.20495,1.2055,1.00,1.60
2009.10.05 17:31:36.645,1.20495,1.20545,1.00,3.60
2009.10.05 17:31:36.815,1.20495,1.20545,1.00,3.60
2009.10.05 17:31:40.104,1.20495,1.20545,1.00,3.60
2009.10.05 17:31:40.214,1.20495,1.20545,1.00,1.60
2009.10.05 17:31:40.854,1.20495,1.20545,1.00,3.60
2009.10.05 17:31:41.034,1.20495,1.20535,1.00,1.60
2009.10.05 17:31:41.614,1.20495,1.20545,1.00,1.60
2009.10.05 17:31:48.782,1.20495,1.20535,1.00,1.60
2009.10.05 17:31:52.921,1.20495,1.20545,1.00,3.70
2009.10.05 17:31:53.041,1.20495,1.2052,1.00,1.60
2009.10.05 17:31:58.970,1.20495,1.2054,1.00,1.60
2009.10.05 17:32:01.599,1.20495,1.20545,1.00,3.80
2009.10.05 17:32:01.829,1.20495,1.2054,1.00,3.60
2009.10.05 17:32:02.229,1.20495,1.20545,1.00,2.00
2009.10.05 17:32:03.089,1.20495,1.20545,1.00,2.00
2009.10.05 17:32:03.618,1.20495,1.2055,1.00,1.70
2009.10.05 17:32:09.007,1.20495,1.2056,1.00,1.00
2009.10.05 17:32:13.976,1.20495,1.20565,1.00,1.70
2009.10.05 17:32:14.436,1.20495,1.20565,1.00,2.50
2009.10.05 17:32:14.786,1.20495,1.20555,1.00,1.60
2009.10.05 17:32:16.036,1.20495,1.20555,1.00,1.70
2009.10.05 17:32:16.545,1.20495,1.20555,1.00,1.60
2009.10.05 17:32:17.155,1.20495,1.20555,1.00,1.60
2009.10.05 17:32:18.235,1.20495,1.20545,1.00,2.00
2009.10.05 17:32:18.576,1.20495,1.2055,1.00,1.00
2009.10.05 17:32:19.905,1.20495,1.2054,1.00,1.60
2009.10.05 17:32:20.865,1.20495,1.20535,1.00,2.00
2009.10.05 17:32:21.095,1.20495,1.20525,1.00,1.60
2009.10.05 17:32:33.811,1.20495,1.20545,1.00,1.00
2009.10.05 17:32:34.051,1.20495,1.20565,1.00,2.40
2009.10.05 17:32:34.331,1.20495,1.20565,1.00,1.00
2009.10.05 17:32:39.530,1.20495,1.2056,1.00,1.00
2009.10.05 17:32:39.770,1.20495,1.20565,1.00,1.40
2009.10.05 17:32:40.130,1.20495,1.2056,1.00,1.00
2009.10.05 17:32:42.159,1.20495,1.2056,1.00,1.00
2009.10.05 17:32:44.409,1.20495,1.20555,1.00,1.00
2009.10.05 17:32:44.649,1.20495,1.20555,1.00,1.40
2009.10.05 17:32:45.238,1.20495,1.20555,1.00,1.60
2009.10.05 17:32:47.748,1.20495,1.20555,1.00,1.40
2009.10.05 17:32:48.328,1.20495,1.20555,1.00,1.00
2009.10.05 17:32:50.397,1.20505,1.20555,2.00,1.00
2009.10.05 17:32:50.577,1.20505,1.2058,2.00,1.60
2009.10.05 17:32:50.797,1.20505,1.2058,2.00,1.00
2009.10.05 17:32:50.857,1.20505,1.20565,2.00,1.60
2009.10.05 17:32:51.207,1.20505,1.2058,2.00,2.60
2009.10.05 17:32:51.967,1.20505,1.2058,2.00,4.20
2009.10.05 17:33:05.174,1.205,1.2056,2.00,1.60
2009.10.05 17:33:05.994,1.205,1.2056,2.00,1.70
2009.10.05 17:33:10.272,1.20505,1.2056,2.00,1.60
2009.10.05 17:33:12.952,1.205,1.2056,2.00,1.60
2009.10.05 17:33:14.081,1.205,1.2056,2.00,1.70
2009.10.05 17:33:22.200,1.205,1.2056,2.00,1.60
2009.10.05 17:33:22.490,1.20495,1.2056,2.10,1.60
2009.10.05 17:33:23.130,1.205,1.2056,2.00,1.60
2009.10.05 17:33:24.289,1.205,1.2056,2.00,1.70
2009.10.05 17:33:34.837,1.205,1.2056,2.00,1.60
2009.10.05 17:33:35.186,1.20495,1.2056,3.60,1.60
2009.10.05 17:33:37.146,1.20495,1.2055,3.60,1.60
2009.10.05 17:33:37.436,1.20495,1.2056,3.60,1.60
2009.10.05 17:33:38.076,1.205,1.20565,2.00,1.80
2009.10.05 17:33:42.925,1.20495,1.2054,1.00,1.60
2009.10.05 17:34:02.570,1.20495,1.20545,2.00,1.60
2009.10.05 17:34:05.639,1.20495,1.20545,1.00,1.60
2009.10.05 17:34:05.809,1.20495,1.2055,1.00,1.80
2009.10.05 17:34:06.719,1.20495,1.20545,1.00,1.60
2009.10.05 17:34:08.698,1.20495,1.20545,1.00,3.60
2009.10.05 17:34:08.968,1.20495,1.2054,1.00,1.60
2009.10.05 17:34:17.216,1.20495,1.20545,2.00,1.60
2009.10.05 17:34:17.616,1.20495,1.20555,3.60,1.60
2009.10.05 17:34:17.736,1.20505,1.20555,2.00,1.60
2009.10.05 17:34:22.495,1.20495,1.2055,1.00,1.60
2009.10.05 17:34:22.725,1.20495,1.2055,2.00,1.60
2009.10.05 17:34:22.955,1.20495,1.2054,1.00,1.60
2009.10.05 17:34:23.805,1.20495,1.20555,2.00,1.60
2009.10.05 17:34:30.393,1.20495,1.20555,1.00,3.70
2009.10.05 17:34:30.733,1.20495,1.2055,1.00,3.60
2009.10.05 17:34:31.493,1.20495,1.20535,1.00,1.60
2009.10.05 17:34:35.232,1.20495,1.20555,1.00,1.60
2009.10.05 17:34:41.720,1.20495,1.2055,2.00,1.60
2009.10.05 17:34:42.070,1.20495,1.2055,1.00,1.60
2009.10.05 17:34:42.290,1.20495,1.20555,1.00,3.60
2009.10.05 17:34:42.650,1.20495,1.2056,1.00,3.70
2009.10.05 17:34:45.339,1.20495,1.20525,1.00,1.60
2009.10.05 17:34:49.438,1.20495,1.2055,1.00,1.00
2009.10.05 17:34:49.669,1.20495,1.2057,1.00,1.00
2009.10.05 17:34:49.889,1.20495,1.2056,1.00,4.40
2009.10.05 17:34:51.058,1.20495,1.2055,1.00,2.30
2009.10.05 17:34:52.298,1.20495,1.2054,1.00,1.00
2009.10.05 17:34:52.698,1.20495,1.2054,1.00,1.00
2009.10.05 17:34:52.977,1.20495,1.20545,1.00,1.00
2009.10.05 17:34:53.267,1.20495,1.20555,1.00,1.00
2009.10.05 17:34:53.548,1.20495,1.20565,2.00,1.00
2009.10.05 17:34:54.017,1.20495,1.20575,2.00,1.00
2009.10.05 17:34:54.367,1.20505,1.2058,2.00,1.00
2009.10.05 17:34:54.707,1.20505,1.20585,2.00,3.00
2009.10.05 17:34:54.877,1.20505,1.2058,2.00,1.00
2009.10.05 17:34:55.227,1.20495,1.2058,2.00,1.00
2009.10.05 17:34:55.567,1.20495,1.2058,2.00,1.00
2009.10.05 17:34:55.917,1.20495,1.20575,2.00,1.00
2009.10.05 17:34:56.327,1.20495,1.2058,2.00,1.00
2009.10.05 17:34:56.497,1.20495,1.20575,2.00,1.00
2009.10.05 17:34:57.947,1.20485,1.20575,2.10,1.00
2009.10.05 17:34:58.176,1.20485,1.20595,2.00,2.00
2009.10.05 17:34:58.417,1.205,1.2059,2.00,1.00
2009.10.05 17:34:58.636,1.205,1.2059,2.00,3.60
2009.10.05 17:34:58.806,1.205,1.2059,2.00,4.40
2009.10.05 17:34:59.306,1.2052,1.2059,2.00,5.00
2009.10.05 17:34:59.896,1.2052,1.20585,2.00,2.20
2009.10.05 17:35:00.176,1.2052,1.20585,2.00,2.40
2009.10.05 17:35:00.806,1.2051,1.20585,2.00,4.40
2009.10.05 17:35:01.096,1.2052,1.20585,2.00,2.40
2009.10.05 17:35:02.025,1.2052,1.2058,2.00,1.00
2009.10.05 17:35:02.706,1.2052,1.20585,2.00,2.40
2009.10.05 17:35:02.925,1.20515,1.20585,2.00,3.60
2009.10.05 17:35:13.963,1.2051,1.20575,2.00,1.80
2009.10.05 17:35:14.722,1.20505,1.2057,2.00,3.60
2009.10.05 17:35:20.401,1.20505,1.2057,3.60,2.00
2009.10.05 17:35:20.791,1.2051,1.2058,2.00,3.60
2009.10.05 17:35:23.150,1.2051,1.2058,2.00,3.70
2009.10.05 17:35:55.123,1.20515,1.2058,2.00,1.60
2009.10.05 17:35:58.972,1.2051,1.2058,3.60,3.60
2009.10.05 17:35:59.092,1.2051,1.2058,2.00,3.60
2009.10.05 17:36:00.032,1.2051,1.2058,3.60,3.60
2009.10.05 17:36:00.201,1.2051,1.2058,3.60,1.60
2009.10.05 17:36:00.541,1.2051,1.2058,3.60,3.60
2009.10.05 17:36:00.891,1.2051,1.2058,2.00,3.60
2009.10.05 17:36:02.291,1.2051,1.2058,2.00,3.70
2009.10.05 17:36:10.079,1.205,1.20575,2.00,2.10
2009.10.05 17:36:28.844,1.2051,1.2058,2.00,3.70
2009.10.05 17:36:29.194,1.2051,1.2058,3.60,2.10
2009.10.05 17:36:29.485,1.2052,1.2059,2.00,2.10
2009.10.05 17:36:31.144,1.20515,1.2059,2.00,2.10
2009.10.05 17:36:44.381,1.20515,1.2059,2.00,2.00
2009.10.05 17:36:44.681,1.20525,1.2059,2.00,2.00
2009.10.05 17:36:51.879,1.20515,1.2059,2.00,2.10
2009.10.05 17:36:51.989,1.2051,1.2058,2.00,3.60
2009.10.05 17:36:52.329,1.20505,1.2057,2.00,1.60
2009.10.05 17:36:52.679,1.20495,1.2057,2.00,3.60
2009.10.05 17:36:54.308,1.205,1.20575,2.00,2.10
2009.10.05 17:36:55.928,1.205,1.20575,4.40,2.10
2009.10.05 17:36:56.208,1.2051,1.2062,2.00,4.40
2009.10.05 17:36:56.488,1.20495,1.2062,2.00,4.40
2009.10.05 17:36:56.608,1.20495,1.2062,2.00,3.70
2009.10.05 17:36:56.658,1.20495,1.20605,2.00,1.00
2009.10.05 17:36:56.778,1.2049,1.20605,2.20,2.80
2009.10.05 17:36:57.068,1.2049,1.20605,2.20,2.00
2009.10.05 17:36:57.408,1.2049,1.20595,2.20,2.80
2009.10.05 17:36:57.468,1.2049,1.20595,2.00,2.90
2009.10.05 17:36:57.528,1.20495,1.2059,1.00,2.00
2009.10.05 17:36:57.988,1.20505,1.20585,2.00,1.60
2009.10.05 17:36:59.207,1.20505,1.2058,2.00,1.00
2009.10.05 17:36:59.387,1.20495,1.2057,1.00,1.60
2009.10.05 17:36:59.557,1.20505,1.2059,2.00,1.60
2009.10.05 17:37:11.524,1.2051,1.20585,2.00,3.70
2009.10.05 17:37:14.224,1.20515,1.20585,2.00,3.70
2009.10.05 17:37:16.863,1.20515,1.20585,3.60,1.70
2009.10.05 17:37:17.833,1.2052,1.20585,2.00,1.60
2009.10.05 17:37:18.233,1.20515,1.20585,2.00,3.60
2009.10.05 17:37:19.263,1.20515,1.20585,2.00,3.70
2009.10.05 17:37:29.660,1.20515,1.20595,3.60,2.10
2009.10.05 17:37:29.890,1.20515,1.20595,3.60,2.00
2009.10.05 17:37:32.969,1.2052,1.2059,2.00,3.60
2009.10.05 17:37:38.548,1.20515,1.2058,3.60,2.00
2009.10.05 17:37:38.838,1.20515,1.2058,2.00,2.00
2009.10.05 17:37:39.128,1.2049,1.2058,2.00,2.00
2009.10.05 17:37:47.016,1.20495,1.20565,3.60,1.70
2009.10.05 17:37:47.236,1.2051,1.20565,2.00,1.00
2009.10.05 17:37:47.416,1.2051,1.20585,2.00,3.70
2009.10.05 17:37:47.576,1.20515,1.20595,2.00,2.10
2009.10.05 17:37:50.085,1.20505,1.20575,2.00,1.60
2009.10.05 17:38:05.541,1.20495,1.20565,2.00,3.60
2009.10.05 17:38:06.231,1.205,1.20565,1.60,3.60
2009.10.05 17:38:06.411,1.20505,1.20565,2.00,1.60
2009.10.05 17:38:25.866,1.20495,1.2057,3.90,1.60
2009.10.05 17:38:28.716,1.20505,1.2057,2.00,3.60
2009.10.05 17:38:30.585,1.20505,1.2057,2.00,2.00
2009.10.05 17:38:30.925,1.2051,1.2058,2.00,1.60
2009.10.05 17:38:39.493,1.205,1.20565,1.60,1.60
2009.10.05 17:38:39.773,1.20495,1.2056,1.00,3.60
2009.10.05 17:38:40.003,1.20495,1.20565,2.00,1.60
2009.10.05 17:38:40.353,1.20495,1.20555,1.00,1.60
2009.10.05 17:38:45.832,1.20495,1.20555,3.70,1.60
2009.10.05 17:39:02.348,1.20495,1.20555,1.00,1.60
2009.10.05 17:39:02.738,1.20495,1.20555,3.60,1.60
2009.10.05 17:39:08.156,1.20495,1.2056,1.70,1.60
2009.10.05 17:39:08.496,1.205,1.2056,3.60,1.60
2009.10.05 17:39:17.654,1.20505,1.20555,2.00,1.60
2009.10.05 17:39:17.774,1.20505,1.20565,2.00,1.60
2009.10.05 17:39:17.954,1.205,1.20565,3.60,3.60
2009.10.05 17:39:18.064,1.205,1.20565,3.60,3.60
2009.10.05 17:39:18.524,1.20505,1.20565,2.00,1.60
2009.10.05 17:39:20.683,1.20495,1.20565,2.00,1.60
2009.10.05 17:39:21.353,1.20505,1.20565,2.00,1.60
2009.10.05 17:39:22.273,1.20495,1.20565,2.00,1.60
2009.10.05 17:39:22.553,1.20495,1.20565,2.10,1.60
2009.10.05 17:39:32.460,1.20495,1.20555,1.00,1.60
2009.10.05 17:39:33.620,1.20495,1.20565,2.00,1.60
2009.10.05 17:39:39.439,1.20495,1.20565,2.00,3.60
2009.10.05 17:39:41.168,1.20495,1.20565,2.00,3.70
2009.10.05 17:39:41.908,1.20495,1.20565,2.00,3.60
2009.10.05 17:39:42.138,1.20495,1.20565,2.00,3.70
2009.10.05 17:40:00.624,1.20495,1.20565,2.00,3.60
2009.10.05 17:40:00.954,1.20505,1.20565,2.00,1.60
2009.10.05 17:40:01.853,1.20495,1.20565,2.00,3.60
2009.10.05 17:40:03.093,1.20495,1.20565,2.00,3.70
2009.10.05 17:40:05.732,1.20505,1.20565,2.00,1.60
2009.10.05 17:40:17.000,1.2051,1.20585,2.00,2.00
2009.10.05 17:40:17.180,1.20515,1.20595,2.00,2.10
2009.10.05 17:40:19.599,1.20515,1.2059,2.00,2.90
2009.10.05 17:40:19.719,1.20515,1.2059,2.00,2.80
2009.10.05 17:40:19.829,1.2051,1.2058,2.00,3.60
2009.10.05 17:40:22.128,1.2051,1.2058,2.00,3.70
2009.10.05 17:40:35.355,1.205,1.2057,2.00,1.60
2009.10.05 17:40:37.715,1.20495,1.20555,2.00,1.60
2009.10.05 17:40:39.224,1.205,1.2057,2.00,1.60
2009.10.05 17:40:48.312,1.20495,1.20555,1.60,3.60
2009.10.05 17:40:48.482,1.20495,1.20555,1.00,3.60
2009.10.05 17:40:49.252,1.20495,1.2055,1.00,3.60
2009.10.05 17:41:02.659,1.20495,1.20535,1.00,1.60
2009.10.05 17:41:15.536,1.20495,1.20555,1.00,1.60
2009.10.05 17:41:16.405,1.20495,1.20555,2.00,1.60
2009.10.05 17:41:17.115,1.205,1.2057,2.00,1.60
2009.10.05 17:41:40.150,1.20495,1.20565,1.00,3.60
2009.10.05 17:41:40.420,1.20495,1.20555,1.00,1.60
2009.10.05 17:41:43.799,1.20495,1.2057,1.00,3.60
2009.10.05 17:41:49.888,1.20495,1.2056,1.00,3.60
2009.10.05 17:41:55.026,1.205,1.20565,2.00,1.60
2009.10.05 17:42:01.105,1.2049,1.20565,3.60,1.60
2009.10.05 17:42:01.345,1.2051,1.20585,2.00,1.60
2009.10.05 17:42:04.704,1.20505,1.2058,2.00,3.60
2009.10.05 17:42:07.823,1.20515,1.2058,2.00,1.60
2009.10.05 17:42:08.113,1.20515,1.2059,2.00,2.10
2009.10.05 17:42:09.863,1.20515,1.2059,2.00,2.00
2009.10.05 17:42:09.922,1.2051,1.2059,3.60,2.00
2009.10.05 17:42:11.142,1.2053,1.2061,2.00,2.10
2009.10.05 17:42:16.621,1.2052,1.20595,2.00,1.60
2009.10.05 17:42:18.081,1.20525,1.20595,1.60,3.60
2009.10.05 17:42:18.191,1.2053,1.2059,2.00,1.60
2009.10.05 17:42:20.900,1.20535,1.2061,2.00,2.10
2009.10.05 17:42:24.009,1.2051,1.2059,2.00,2.00
2009.10.05 17:42:24.129,1.2052,1.20595,2.00,2.00
2009.10.05 17:42:50.703,1.2053,1.20605,2.00,2.00
2009.10.05 17:42:50.813,1.20535,1.20605,2.00,2.00
2009.10.05 17:43:13.537,1.20535,1.20605,2.00,2.00
2009.10.05 17:43:13.597,1.20535,1.2061,2.00,1.60
2009.10.05 17:43:13.717,1.20535,1.2062,2.00,2.10
2009.10.05 17:43:36.442,1.2055,1.2062,2.00,2.10
2009.10.05 17:43:36.782,1.20535,1.20605,2.00,1.60
2009.10.05 17:43:36.962,1.20525,1.20605,2.00,1.60
2009.10.05 17:43:37.711,1.2052,1.206,2.00,2.00
2009.10.05 17:43:54.267,1.20515,1.2059,2.00,2.10
2009.10.05 17:44:10.084,1.20495,1.2057,2.00,1.60
2009.10.05 17:44:10.434,1.205,1.20585,2.00,1.00
2009.10.05 17:44:10.824,1.20495,1.20575,2.00,1.60
2009.10.05 17:44:11.184,1.205,1.2059,2.00,3.60
2009.10.05 17:44:12.043,1.205,1.20585,2.00,1.00
2009.10.05 17:44:12.273,1.205,1.20585,2.00,3.70
2009.10.05 17:44:13.323,1.20505,1.20585,2.00,1.60
2009.10.05 17:44:13.533,1.20505,1.20595,2.00,2.90
2009.10.05 17:44:14.822,1.20515,1.20595,2.00,2.10
2009.10.05 17:44:15.153,1.20515,1.20595,2.00,2.90
2009.10.05 17:44:15.392,1.20505,1.20585,2.00,1.60
2009.10.05 17:44:21.611,1.20515,1.2059,2.00,1.00
2009.10.05 17:44:21.941,1.20515,1.20595,2.00,2.10
2009.10.05 17:44:22.940,1.20515,1.20595,2.00,2.00
2009.10.05 17:44:23.161,1.20515,1.20595,2.00,2.80
2009.10.05 17:44:23.400,1.20505,1.20595,2.10,2.80
2009.10.05 17:44:23.640,1.20505,1.20595,2.00,2.90
2009.10.05 17:44:26.510,1.20505,1.20585,2.00,1.00
2009.10.05 17:44:26.680,1.20495,1.20575,1.00,1.60
2009.10.05 17:44:27.080,1.20505,1.20605,2.00,2.90
2009.10.05 17:44:28.399,1.20505,1.20595,2.00,2.10
2009.10.05 17:44:28.899,1.20505,1.20595,2.00,2.00
2009.10.05 17:44:29.019,1.20515,1.20615,2.00,2.90
2009.10.05 17:44:29.139,1.20495,1.20615,4.40,2.90
2009.10.05 17:44:29.319,1.20495,1.20615,3.60,2.90
2009.10.05 17:44:29.429,1.20495,1.20615,2.00,2.90
2009.10.05 17:44:29.649,1.205,1.20615,2.00,1.00
2009.10.05 17:44:29.769,1.205,1.20605,2.00,1.00
2009.10.05 17:44:30.129,1.205,1.20595,2.00,2.40
2009.10.05 17:44:32.008,1.20505,1.20595,2.00,2.50
2009.10.05 17:44:34.188,1.20505,1.20585,2.00,3.60
2009.10.05 17:44:36.017,1.20505,1.2058,2.00,3.70
2009.10.05 17:44:36.367,1.20495,1.20565,2.00,1.60
2009.10.05 17:44:36.707,1.20495,1.20565,1.00,1.60
2009.10.05 17:44:37.387,1.205,1.20565,2.00,1.60
2009.10.05 17:44:41.386,1.2051,1.20585,2.00,3.60
2009.10.05 17:44:41.736,1.2051,1.20585,2.00,1.60
2009.10.05 17:44:46.995,1.20495,1.20565,2.10,1.70
2009.10.05 17:44:50.924,1.20505,1.20575,2.00,1.00
2009.10.05 17:45:05.610,1.2051,1.20585,2.00,1.00
2009.10.05 17:45:06.260,1.20495,1.20585,3.60,1.00
2009.10.05 17:45:06.910,1.20495,1.2058,3.60,1.00
2009.10.05 17:45:07.250,1.2052,1.2058,2.00,1.00
2009.10.05 17:45:07.480,1.20525,1.206,2.00,3.70
2009.10.05 17:45:07.770,1.20535,1.206,2.00,1.70
2009.10.05 17:45:07.990,1.20535,1.206,2.00,1.60
2009.10.05 17:45:09.029,1.2054,1.20595,2.00,1.70
2009.10.05 17:45:14.318,1.2052,1.206,2.00,1.60
2009.10.05 17:45:14.948,1.20535,1.206,2.00,1.60
2009.10.05 17:45:15.638,1.20535,1.2059,2.00,1.60
2009.10.05 17:45:15.988,1.20535,1.2059,2.00,1.60
2009.10.05 17:45:16.448,1.2053,1.2059,2.00,1.60
2009.10.05 17:45:16.738,1.2053,1.2062,2.00,1.00
2009.10.05 17:45:17.087,1.2053,1.2063,2.00,4.40
2009.10.05 17:45:17.317,1.2053,1.2063,2.00,2.40
2009.10.05 17:45:18.057,1.2053,1.2062,2.00,2.50
2009.10.05 17:45:18.287,1.2053,1.2062,2.00,1.00
2009.10.05 17:45:19.817,1.20535,1.20625,2.00,1.60
2009.10.05 17:45:21.226,1.20535,1.20625,2.00,1.70
2009.10.05 17:45:21.406,1.20535,1.2062,2.00,1.60
2009.10.05 17:45:22.676,1.20535,1.20615,2.00,1.00
2009.10.05 17:45:22.736,1.20535,1.20615,2.00,1.00
2009.10.05 17:45:22.976,1.20535,1.20605,2.00,1.60
2009.10.05 17:45:23.876,1.20545,1.20615,2.00,1.60
2009.10.05 17:45:24.116,1.20545,1.20615,2.00,2.40
2009.10.05 17:45:24.226,1.2053,1.20605,2.00,1.60
2009.10.05 17:45:24.396,1.20535,1.20615,2.00,1.60
2009.10.05 17:45:24.786,1.20535,1.20615,2.00,1.70
2009.10.05 17:45:25.126,1.2053,1.2062,2.00,3.60
2009.10.05 17:45:25.475,1.2054,1.2062,2.00,1.00
2009.10.05 17:45:26.146,1.2054,1.20615,2.00,3.60
2009.10.05 17:45:27.025,1.2054,1.20605,2.00,1.60
2009.10.05 17:45:27.295,1.2054,1.206,2.00,1.60
2009.10.05 17:45:28.065,1.2054,1.206,2.00,1.70
2009.10.05 17:45:32.864,1.2054,1.206,2.00,1.60
2009.10.05 17:45:33.144,1.20545,1.2061,2.00,1.00
2009.10.05 17:45:33.323,1.20555,1.2063,2.00,2.50
2009.10.05 17:45:44.131,1.20555,1.2062,2.00,2.50
2009.10.05 17:45:44.471,1.20545,1.20615,2.00,1.60
2009.10.05 17:45:52.179,1.2054,1.2061,2.00,3.60
2009.10.05 17:45:55.138,1.20545,1.20605,2.00,1.90
2009.10.05 17:45:55.239,1.20545,1.2061,2.00,1.00
2009.10.05 17:45:55.298,1.20545,1.20615,2.00,1.70
2009.10.05 17:45:55.499,1.20555,1.20615,2.00,1.70
2009.10.05 17:45:58.068,1.20555,1.2061,2.00,1.00
2009.10.05 17:46:13.594,1.20545,1.20615,2.00,1.60
2009.10.05 17:46:13.764,1.20545,1.2064,2.00,2.40
2009.10.05 17:46:13.874,1.20545,1.2064,2.00,1.00
2009.10.05 17:46:14.994,1.20545,1.20635,2.00,1.00
2009.10.05 17:46:15.164,1.20545,1.20635,2.00,1.00
2009.10.05 17:46:25.801,1.2054,1.20635,2.00,1.00
2009.10.05 17:46:26.491,1.20535,1.20625,2.00,1.60
2009.10.05 17:46:28.150,1.20535,1.2062,2.00,1.70
2009.10.05 17:46:28.500,1.2054,1.2062,2.00,1.70
2009.10.05 17:46:28.800,1.2054,1.2062,2.00,1.00
2009.10.05 17:46:30.180,1.2054,1.20625,2.00,1.00
2009.10.05 17:46:31.130,1.2054,1.20625,2.00,1.00
2009.10.05 17:46:41.297,1.2054,1.20635,2.00,1.70
2009.10.05 17:46:41.847,1.20545,1.20635,2.00,1.00
2009.10.05 17:46:43.117,1.20555,1.20635,2.00,1.00
2009.10.05 17:46:44.757,1.2054,1.20635,2.00,1.00
2009.10.05 17:46:47.026,1.20545,1.20635,2.00,1.00
2009.10.05 17:46:53.145,1.2054,1.20635,2.00,2.50
2009.10.05 17:46:53.384,1.2054,1.20635,2.00,3.30
2009.10.05 17:46:55.224,1.20545,1.20635,2.00,1.00
2009.10.05 17:46:57.153,1.2055,1.20635,2.00,1.00
2009.10.05 17:46:57.323,1.2055,1.20635,2.00,2.40
2009.10.05 17:46:57.383,1.2056,1.20635,2.00,2.40
2009.10.05 17:46:57.543,1.2056,1.20635,2.00,1.00
2009.10.05 17:47:05.381,1.2057,1.20635,2.00,1.00
2009.10.05 17:47:06.261,1.2057,1.20635,1.60,1.00
2009.10.05 17:47:07.091,1.20555,1.20635,3.60,1.00
2009.10.05 17:47:07.331,1.2058,1.20635,2.00,1.00
2009.10.05 17:47:13.170,1.2056,1.20635,2.00,3.60
2009.10.05 17:47:13.670,1.2055,1.2062,1.60,1.60
2009.10.05 17:47:13.789,1.20545,1.20615,2.00,1.60
2009.10.05 17:47:18.009,1.2056,1.2063,2.00,1.60
2009.10.05 17:47:24.837,1.20545,1.20635,4.40,1.00
2009.10.05 17:47:25.307,1.20545,1.20635,2.00,1.00
2009.10.05 17:47:28.686,1.20545,1.20635,1.00,1.00
2009.10.05 17:47:28.796,1.20545,1.20635,1.00,5.20
2009.10.05 17:47:28.916,1.2055,1.20635,2.00,5.20
2009.10.05 17:47:29.616,1.2055,1.20635,2.00,6.00
2009.10.05 17:47:30.265,1.2055,1.20635,2.00,6.10
2009.10.05 17:47:30.596,1.2055,1.20635,2.00,5.30
2009.10.05 17:47:31.285,1.2055,1.2063,2.00,1.00
2009.10.05 17:47:31.995,1.20555,1.20635,2.00,1.00
2009.10.05 17:47:37.963,1.20555,1.2064,2.00,1.00
2009.10.05 17:47:38.853,1.20555,1.20645,2.00,6.10
2009.10.05 17:47:53.550,1.20545,1.2063,2.00,2.00
2009.10.05 17:47:54.030,1.20545,1.2063,2.80,2.00
2009.10.05 17:47:54.200,1.2057,1.20645,2.00,1.00
2009.10.05 17:47:54.670,1.2057,1.2065,2.00,1.00
2009.10.05 17:47:57.269,1.2058,1.20645,2.00,1.00
2009.10.05 17:48:03.637,1.2058,1.20645,2.00,2.50
2009.10.05 17:48:04.977,1.2057,1.2064,2.00,1.00
2009.10.05 17:48:05.707,1.2057,1.20645,2.00,4.50
2009.10.05 17:48:05.817,1.2058,1.20645,2.00,2.50
2009.10.05 17:48:09.076,1.2058,1.20625,2.00,4.00
2009.10.05 17:48:09.196,1.20525,1.20615,2.80,2.00
2009.10.05 17:48:09.366,1.2053,1.20625,2.00,2.00
2009.10.05 17:48:09.417,1.2053,1.20625,2.00,2.80
2009.10.05 17:48:09.536,1.2053,1.20625,2.00,2.00
2009.10.05 17:48:10.396,1.2056,1.20625,2.00,1.00
2009.10.05 17:48:10.626,1.2054,1.20625,2.00,1.00
2009.10.05 17:48:10.796,1.20525,1.20625,2.00,1.00
2009.10.05 17:48:11.036,1.20525,1.20625,2.00,1.00
2009.10.05 17:48:11.265,1.2054,1.20625,2.00,1.00
2009.10.05 17:48:11.505,1.2054,1.20625,2.00,1.00
2009.10.05 17:48:15.005,1.20545,1.20625,2.00,1.00
2009.10.05 17:48:19.253,1.20545,1.20625,2.00,1.60
2009.10.05 17:49:14.980,1.20545,1.20625,2.00,1.60
2009.10.05 17:49:15.480,1.20545,1.20625,2.00,2.40
2009.10.05 17:49:27.207,1.20545,1.20625,2.00,1.60
2009.10.05 17:50:04.748,1.2054,1.20625,2.00,3.60
2009.10.05 17:50:04.928,1.2054,1.20615,2.00,1.60
2009.10.05 17:50:05.208,1.20535,1.20615,2.00,3.60
2009.10.05 17:50:05.778,1.2054,1.20615,2.00,1.70
2009.10.05 17:50:06.068,1.20535,1.20615,2.00,3.70
2009.10.05 17:50:06.358,1.20535,1.20615,2.00,4.50
2009.10.05 17:50:06.658,1.20535,1.20615,2.00,3.70
2009.10.05 17:50:07.188,1.20515,1.2061,2.00,1.00
2009.10.05 17:50:33.181,1.2054,1.206,2.00,1.60
2009.10.05 17:50:33.461,1.20545,1.206,3.60,1.60
2009.10.05 17:50:34.031,1.20545,1.206,1.60,1.60
2009.10.05 17:50:34.211,1.20555,1.20625,3.60,2.40
2009.10.05 17:50:34.381,1.20525,1.2062,2.90,1.60
2009.10.05 17:50:34.551,1.20555,1.2062,2.00,1.60
2009.10.05 17:50:39.800,1.20545,1.20635,2.20,1.60
2009.10.05 17:50:40.840,1.2056,1.2063,2.00,1.60
2009.10.05 17:50:50.837,1.20565,1.2062,2.00,1.60
2009.10.05 17:50:51.067,1.2056,1.2062,2.00,1.60
2009.10.05 17:50:51.237,1.2055,1.2062,2.20,1.60
2009.10.05 17:50:51.357,1.20565,1.20635,2.00,1.60
2009.10.05 17:50:51.477,1.20575,1.20635,2.00,1.60
2009.10.05 17:50:52.467,1.2058,1.20645,2.00,2.50
2009.10.05 17:50:54.927,1.2056,1.2065,2.20,2.50
2009.10.05 17:50:55.266,1.2057,1.2065,2.00,1.00
2009.10.05 17:50:55.606,1.20575,1.2066,2.00,2.80
2009.10.05 17:50:57.026,1.2058,1.20655,2.00,2.90
2009.10.05 17:50:57.416,1.2057,1.20645,2.00,3.60
2009.10.05 17:50:59.205,1.2057,1.20645,2.00,3.70
2009.10.05 17:51:00.125,1.2057,1.2064,2.00,1.00
2009.10.05 17:51:04.324,1.2058,1.20645,2.00,1.70
2009.10.05 17:51:14.281,1.20585,1.20645,2.00,1.70
2009.10.05 17:51:14.462,1.20585,1.20645,2.00,1.60
2009.10.05 17:52:13.147,1.2055,1.20645,2.20,1.70
2009.10.05 17:52:20.315,1.2053,1.2063,2.00,2.00
2009.10.05 17:52:20.645,1.2053,1.20635,2.00,1.00
2009.10.05 17:52:22.065,1.20535,1.2063,2.00,1.00
2009.10.05 17:52:26.514,1.20515,1.2063,2.00,1.00
2009.10.05 17:52:26.684,1.20515,1.20625,2.00,1.00
2009.10.05 17:52:30.613,1.20515,1.2062,2.00,1.00
2009.10.05 17:52:30.873,1.2052,1.2062,2.00,1.00
2009.10.05 17:52:31.623,1.2052,1.20615,2.00,1.00
2009.10.05 17:52:32.223,1.2052,1.20615,2.10,1.00
2009.10.05 17:53:00.606,1.2049,1.2059,1.00,1.00
2009.10.05 17:53:01.686,1.20495,1.20585,1.00,1.00
2009.10.05 17:53:03.285,1.20495,1.2059,1.00,1.00
2009.10.05 17:53:04.015,1.205,1.2059,2.00,1.00
2009.10.05 17:53:04.305,1.20495,1.2059,2.00,1.00
2009.10.05 17:53:19.311,1.20495,1.2059,2.20,1.00
2009.10.05 17:53:19.362,1.205,1.2059,2.00,1.00
2009.10.05 17:53:19.541,1.205,1.20595,2.00,1.00
2009.10.05 17:53:21.121,1.205,1.20595,2.10,1.00
2009.10.05 17:53:24.010,1.205,1.206,2.10,1.00
2009.10.05 17:53:28.199,1.20505,1.20595,2.00,5.20
2009.10.05 17:53:28.369,1.20505,1.2059,2.00,1.00
2009.10.05 17:53:32.109,1.20515,1.2059,2.00,1.00
2009.10.05 17:53:32.458,1.20505,1.20585,2.00,3.60
2009.10.05 17:53:32.798,1.20495,1.20575,2.00,1.60
2009.10.05 17:53:33.838,1.20495,1.2057,1.00,2.40
2009.10.05 17:53:34.698,1.20505,1.2057,2.00,1.00
2009.10.05 17:53:34.978,1.20505,1.2059,2.00,1.70
2009.10.05 17:53:36.287,1.2051,1.20585,2.00,1.60
2009.10.05 17:53:43.135,1.20515,1.20595,2.00,2.50
2009.10.05 17:53:44.065,1.20515,1.20595,2.00,2.40
2009.10.05 17:53:53.783,1.20515,1.20595,2.00,1.60
2009.10.05 17:54:07.560,1.20515,1.20595,2.00,2.40
2009.10.05 17:54:08.599,1.20515,1.20595,2.00,3.20
2009.10.05 17:54:08.720,1.20505,1.2059,2.00,2.10
2009.10.05 17:54:08.830,1.20505,1.20585,2.00,1.60
2009.10.05 17:54:10.049,1.20505,1.20585,2.00,1.60
2009.10.05 17:54:10.269,1.20515,1.20585,2.00,1.60
2009.10.05 17:54:23.186,1.205,1.20585,2.00,1.60
2009.10.05 17:54:25.445,1.205,1.20585,2.00,3.70
2009.10.05 17:54:26.725,1.20505,1.20585,2.00,1.70
2009.10.05 17:54:26.895,1.20505,1.20595,2.00,5.30
2009.10.05 17:54:27.005,1.20505,1.20595,2.00,4.50
2009.10.05 17:54:30.144,1.205,1.20605,2.10,1.00
2009.10.05 17:54:31.184,1.205,1.20605,2.10,1.00
2009.10.05 17:54:46.920,1.2051,1.20605,2.00,1.00
2009.10.05 17:54:56.848,1.205,1.20605,2.00,1.00
2009.10.05 17:55:00.627,1.205,1.20605,2.10,1.00
2009.10.05 17:55:11.464,1.205,1.20605,2.10,1.00
2009.10.05 17:55:11.754,1.20495,1.206,2.00,1.00
2009.10.05 17:55:13.204,1.20495,1.20595,2.00,1.00
2009.10.05 17:55:16.883,1.20495,1.20605,2.20,2.50
2009.10.05 17:55:17.003,1.20495,1.20605,2.20,1.00
2009.10.05 17:55:17.123,1.205,1.20605,2.00,1.00
2009.10.05 17:55:17.893,1.20495,1.20595,1.00,1.00
2009.10.05 17:55:18.253,1.205,1.206,2.00,1.00
2009.10.05 17:55:20.112,1.205,1.20595,2.10,1.00
2009.10.05 17:55:32.040,1.2049,1.20595,1.00,1.00
2009.10.05 17:55:47.816,1.205,1.206,2.00,1.00
2009.10.05 17:55:48.095,1.205,1.20605,2.00,1.00
2009.10.05 17:55:49.795,1.205,1.206,2.00,1.00
2009.10.05 17:55:50.015,1.205,1.206,2.10,1.00
2009.10.05 17:55:50.135,1.205,1.206,2.00,1.00
2009.10.05 17:55:50.255,1.20495,1.206,1.00,1.00
2009.10.05 17:55:50.535,1.20495,1.20595,1.00,1.00
2009.10.05 17:55:51.115,1.20495,1.206,1.00,1.00
2009.10.05 17:55:52.135,1.20495,1.20605,1.00,1.00
2009.10.05 17:56:36.444,1.20495,1.20585,1.00,1.00
2009.10.05 17:56:36.724,1.20495,1.20575,1.00,2.00
2009.10.05 17:56:39.373,1.20495,1.20565,1.00,2.10
2009.10.05 17:56:44.002,1.205,1.20565,2.00,1.00
2009.10.05 17:56:44.472,1.20495,1.20565,1.00,2.10
2009.10.05 17:56:46.461,1.20495,1.20565,1.00,3.70
2009.10.05 17:56:54.530,1.20495,1.20565,2.10,1.70
2009.10.05 17:56:54.800,1.20495,1.20565,2.10,1.70
2009.10.05 17:56:55.090,1.2051,1.20565,2.00,1.60
2009.10.05 17:56:58.178,1.2049,1.20545,1.00,2.00
2009.10.05 17:56:58.349,1.2049,1.2055,1.00,2.00
2009.10.05 17:56:58.579,1.2049,1.2056,1.00,2.80
2009.10.05 17:56:59.088,1.2049,1.2055,1.00,1.00
2009.10.05 17:57:07.486,1.205,1.20575,2.00,1.00
2009.10.05 17:57:07.887,1.205,1.20575,2.00,3.60
2009.10.05 17:57:08.056,1.205,1.20585,2.00,1.00
2009.10.05 17:57:09.146,1.205,1.2058,2.00,2.50
2009.10.05 17:57:11.036,1.205,1.2058,2.00,2.40
2009.10.05 17:57:16.344,1.205,1.2058,2.00,1.60
2009.10.05 17:57:22.423,1.205,1.20575,2.00,1.00
2009.10.05 17:57:22.483,1.20495,1.2056,1.00,1.00
2009.10.05 17:57:22.603,1.20495,1.2056,1.00,2.40
2009.10.05 17:57:25.272,1.20495,1.2055,1.00,1.60
2009.10.05 17:57:25.572,1.20495,1.2055,2.00,1.60
2009.10.05 17:57:26.772,1.20505,1.2059,2.00,2.40
2009.10.05 17:57:27.122,1.20505,1.2059,2.00,1.60
2009.10.05 17:57:27.332,1.20505,1.20575,2.00,1.60
2009.10.05 17:57:34.160,1.205,1.2056,3.60,1.00
2009.10.05 17:57:34.270,1.20505,1.20565,2.00,1.60
2009.10.05 17:57:34.600,1.205,1.2056,2.00,1.60
2009.10.05 17:57:36.979,1.20495,1.2055,1.60,2.00
2009.10.05 17:57:37.039,1.20495,1.2055,1.00,3.60
2009.10.05 17:57:37.569,1.20495,1.2053,1.00,1.60
2009.10.05 17:57:39.139,1.20495,1.20545,1.00,1.60
2009.10.05 17:57:39.969,1.20495,1.2055,1.00,4.40
2009.10.05 17:57:40.708,1.20495,1.20525,1.00,1.60
2009.10.05 17:57:41.528,1.20495,1.2053,1.00,1.60
2009.10.05 17:57:44.767,1.20495,1.20525,1.00,1.60
2009.10.05 17:57:46.577,1.20495,1.2053,1.00,1.60
2009.10.05 17:57:59.934,1.20495,1.20515,1.00,1.60
2009.10.05 17:58:01.244,1.20495,1.20505,1.00,1.60
2009.10.05 17:58:01.423,1.20495,1.2052,1.00,1.60
2009.10.05 17:58:02.953,1.20495,1.2052,1.00,1.00
2009.10.05 17:58:08.202,1.20495,1.20515,1.00,3.60
2009.10.05 17:58:08.952,1.20495,1.2051,1.00,1.60
2009.10.05 17:58:11.561,1.20495,1.2051,1.00,1.60
2009.10.05 17:58:13.171,1.20495,1.20515,1.00,1.60
2009.10.05 17:58:14.150,1.20455,1.20515,2.00,1.60
2009.10.05 17:58:17.270,1.2044,1.20515,3.80,1.60
2009.10.05 17:58:17.330,1.2046,1.2051,2.00,1.60
2009.10.05 17:58:17.439,1.2046,1.20515,2.00,1.60
2009.10.05 17:58:24.568,1.2045,1.20515,3.60,1.60
2009.10.05 17:58:24.688,1.2045,1.2052,3.60,3.70
2009.10.05 17:58:24.988,1.2045,1.2052,2.00,3.70
2009.10.05 17:58:26.857,1.2045,1.20505,2.00,2.40
2009.10.05 17:58:27.217,1.20415,1.20485,2.00,1.60
2009.10.05 17:58:35.745,1.20435,1.20485,2.00,1.60
2009.10.05 17:58:36.445,1.20435,1.20505,2.00,1.70
2009.10.05 17:58:43.563,1.2041,1.20485,2.00,2.00
2009.10.05 17:58:43.853,1.20425,1.20495,2.00,1.00
2009.10.05 17:58:44.374,1.20415,1.20495,2.00,2.10
2009.10.05 17:58:45.993,1.2042,1.20485,2.00,1.00
2009.10.05 17:58:49.502,1.2042,1.20485,2.00,1.70
2009.10.05 17:58:49.782,1.2042,1.20485,2.00,1.60
2009.10.05 17:58:49.842,1.2043,1.20485,2.00,1.60
2009.10.05 17:58:53.331,1.2042,1.2049,2.00,3.60
2009.10.05 17:58:53.681,1.2042,1.2047,2.00,1.60
2009.10.05 17:58:56.410,1.2042,1.2048,2.00,2.40
2009.10.05 17:58:56.530,1.20385,1.2046,2.60,1.60
2009.10.05 17:58:56.700,1.20385,1.20465,2.00,1.60
2009.10.05 17:58:57.210,1.2038,1.20465,2.00,3.60
2009.10.05 17:58:57.320,1.20385,1.20465,2.00,1.60
2009.10.05 17:58:57.440,1.20385,1.2046,3.60,1.60
2009.10.05 17:58:57.550,1.20415,1.2046,2.00,1.60
2009.10.05 17:58:57.660,1.20415,1.2048,2.00,1.60
2009.10.05 17:58:58.060,1.20415,1.20495,2.00,3.70
2009.10.05 17:59:02.159,1.20355,1.2047,2.90,3.70
2009.10.05 17:59:02.519,1.2036,1.2047,1.00,3.60
2009.10.05 17:59:02.699,1.2036,1.2048,1.00,5.00
2009.10.05 17:59:02.939,1.20365,1.2047,2.90,3.70
2009.10.05 17:59:03.118,1.20365,1.2047,2.10,3.70
2009.10.05 17:59:03.278,1.2037,1.2047,1.00,2.00
2009.10.05 17:59:03.498,1.2037,1.2048,1.00,1.10
2009.10.05 17:59:06.328,1.2037,1.20475,1.00,1.00
2009.10.05 17:59:06.448,1.2037,1.20475,1.00,1.00
2009.10.05 17:59:07.328,1.2037,1.2047,1.00,1.00
2009.10.05 17:59:08.627,1.2037,1.2048,1.00,7.00
2009.10.05 17:59:08.847,1.2037,1.2048,1.00,3.00
2009.10.05 17:59:09.387,1.2036,1.20465,2.90,2.40
2009.10.05 17:59:09.557,1.2036,1.20455,2.10,2.00
2009.10.05 17:59:10.717,1.2036,1.2044,2.10,3.60
2009.10.05 17:59:11.057,1.2036,1.2044,2.00,3.60
2009.10.05 17:59:15.796,1.20355,1.2042,2.00,2.00
2009.10.05 17:59:16.196,1.2035,1.20415,1.60,3.60
2009.10.05 17:59:16.315,1.2035,1.20415,3.60,1.60
2009.10.05 17:59:17.935,1.2035,1.20405,2.00,1.60
2009.10.05 17:59:20.074,1.2035,1.20405,2.00,2.40
2009.10.05 17:59:20.125,1.2035,1.20385,2.00,1.60
2009.10.05 17:59:20.185,1.20315,1.20385,1.00,1.60
2009.10.05 17:59:20.355,1.2031,1.20385,3.60,1.60
2009.10.05 17:59:20.584,1.2031,1.20385,1.60,3.60
2009.10.05 17:59:20.644,1.203,1.2037,1.00,3.50
2009.10.05 17:59:20.874,1.20285,1.2036,3.60,1.50
2009.10.05 17:59:21.934,1.203,1.2037,2.00,4.40
2009.10.05 17:59:21.994,1.203,1.2037,3.60,3.60
2009.10.05 17:59:22.174,1.203,1.2036,3.60,1.50
2009.10.05 17:59:22.284,1.2031,1.2038,2.00,1.60
2009.10.05 17:59:22.454,1.2029,1.2038,2.00,1.60
2009.10.05 17:59:22.914,1.2028,1.2038,1.60,1.50
2009.10.05 17:59:23.034,1.20275,1.2038,2.10,1.50
2009.10.05 17:59:46.518,1.203,1.20375,2.00,1.60
2009.10.05 17:59:46.688,1.203,1.2038,2.00,1.00
2009.10.05 17:59:46.868,1.203,1.20385,2.00,2.10
2009.10.05 17:59:48.168,1.203,1.20385,2.00,2.00
2009.10.05 17:59:52.887,1.2031,1.20385,2.00,2.10
