2009.07.21 09:00:00.495,1.24275,1.24335,3.20,7.00
2009.07.21 09:00:04.224,1.24255,1.24335,3.20,7.20
2009.07.21 09:00:06.434,1.2424,1.24335,3.40,7.20
2009.07.21 09:00:07.174,1.2424,1.24325,3.20,7.00
2009.07.21 09:00:07.854,1.24245,1.24305,3.20,3.20
2009.07.21 09:00:08.305,1.2426,1.24325,3.20,3.20
2009.07.21 09:00:12.672,1.24285,1.2432,3.20,3.20
2009.07.21 09:00:12.793,1.2427,1.2432,3.20,3.20
2009.07.21 09:00:13.092,1.2425,1.24305,3.20,3.20
2009.07.21 09:00:13.272,1.2424,1.2431,8.00,3.20
2009.07.21 09:00:13.602,1.24235,1.2431,3.20,3.20
2009.07.21 09:00:14.832,1.24225,1.24295,3.20,3.80
2009.07.21 09:00:15.352,1.24215,1.24295,8.00,3.80
2009.07.21 09:00:15.742,1.24215,1.2431,8.00,3.20
2009.07.21 09:00:16.272,1.242,1.24305,1.00,3.80
2009.07.21 09:00:16.621,1.2423,1.24315,1.60,3.80
2009.07.21 09:00:16.911,1.24235,1.24335,9.60,8.60
2009.07.21 09:00:17.192,1.24245,1.2434,1.60,3.40
2009.07.21 09:00:17.352,1.2424,1.24345,11.80,4.80
2009.07.21 09:00:17.701,1.24245,1.24345,8.00,4.80
2009.07.21 09:00:18.411,1.24255,1.2435,3.80,4.80
2009.07.21 09:00:18.832,1.24255,1.2434,8.00,1.60
2009.07.21 09:00:19.401,1.2426,1.2435,8.00,4.80
2009.07.21 09:00:20.920,1.2426,1.2435,8.20,4.80
2009.07.21 09:00:23.110,1.24255,1.2434,16.00,1.60
2009.07.21 09:00:23.520,1.2425,1.2433,1.00,3.80
2009.07.21 09:00:24.670,1.2425,1.2432,1.00,3.20
2009.07.21 09:00:25.329,1.2425,1.2434,1.00,10.40
2009.07.21 09:00:25.389,1.24255,1.2434,1.80,7.00
2009.07.21 09:00:25.509,1.24255,1.24345,1.80,4.80
2009.07.21 09:00:25.999,1.24255,1.24345,1.80,1.60
2009.07.21 09:00:27.999,1.24285,1.2434,1.60,1.60
2009.07.21 09:00:28.978,1.24295,1.2434,1.60,1.60
2009.07.21 09:00:29.628,1.24295,1.2434,15.00,1.60
2009.07.21 09:00:29.848,1.2429,1.2434,9.60,1.60
2009.07.21 09:00:30.088,1.2429,1.2434,1.60,1.60
2009.07.21 09:00:30.898,1.2427,1.2434,15.00,1.60
2009.07.21 09:00:31.008,1.24265,1.2434,8.20,1.60
2009.07.21 09:00:31.358,1.24265,1.2434,8.00,1.60
2009.07.21 09:00:31.478,1.2426,1.24335,8.00,3.80
2009.07.21 09:00:31.938,1.2426,1.24335,5.00,3.80
2009.07.21 09:00:32.048,1.2424,1.24325,8.00,3.80
2009.07.21 09:00:32.568,1.242,1.24325,8.00,3.80
2009.07.21 09:00:32.908,1.24205,1.24325,8.00,3.80
2009.07.21 09:00:33.697,1.24215,1.2433,8.00,3.20
2009.07.21 09:00:34.227,1.24225,1.24335,8.00,3.80
2009.07.21 09:00:34.627,1.2423,1.2434,8.00,6.40
2009.07.21 09:00:34.968,1.2423,1.2434,8.00,1.60
2009.07.21 09:00:40.046,1.24215,1.24335,8.00,4.00
2009.07.21 09:00:40.456,1.24215,1.24335,8.00,3.80
2009.07.21 09:00:40.696,1.24205,1.2433,8.00,8.00
2009.07.21 09:00:41.036,1.24215,1.24335,8.00,11.80
2009.07.21 09:00:41.156,1.24215,1.24335,8.00,3.80
2009.07.21 09:00:41.965,1.24215,1.24335,8.00,4.00
2009.07.21 09:00:42.825,1.24215,1.2433,8.00,1.00
2009.07.21 09:00:45.375,1.24215,1.24335,8.00,3.80
2009.07.21 09:00:45.494,1.24215,1.2434,8.00,8.00
2009.07.21 09:00:45.604,1.24225,1.2435,8.00,9.60
2009.07.21 09:00:48.484,1.2423,1.2434,8.00,1.60
2009.07.21 09:00:49.344,1.2424,1.2434,8.00,1.60
2009.07.21 09:00:49.803,1.2425,1.2434,8.00,1.60
2009.07.21 09:00:50.043,1.2425,1.2434,16.00,1.60
2009.07.21 09:00:50.324,1.24255,1.2434,8.00,1.60
2009.07.21 09:00:50.503,1.2425,1.2434,8.00,1.60
2009.07.21 09:00:51.463,1.24255,1.2434,8.00,1.60
2009.07.21 09:00:52.103,1.24235,1.2434,8.00,1.60
2009.07.21 09:00:52.563,1.24245,1.2434,8.00,1.60
2009.07.21 09:00:52.853,1.24245,1.2434,8.00,5.40
2009.07.21 09:00:53.023,1.2424,1.2434,8.00,5.40
2009.07.21 09:00:53.492,1.2421,1.2434,9.60,5.40
2009.07.21 09:00:53.672,1.2422,1.2434,8.00,5.40
2009.07.21 09:00:54.473,1.2421,1.2433,9.60,3.80
2009.07.21 09:00:57.232,1.2422,1.2433,9.60,4.00
2009.07.21 09:00:58.382,1.2423,1.24325,1.60,3.80
2009.07.21 09:00:58.661,1.2421,1.24325,11.40,3.80
2009.07.21 09:00:59.991,1.24215,1.2432,11.20,1.00
2009.07.21 09:01:07.010,1.2422,1.2432,8.00,1.00
2009.07.21 09:01:07.069,1.2422,1.24345,8.00,5.60
2009.07.21 09:01:07.359,1.2423,1.24345,8.00,5.60
2009.07.21 09:01:30.324,1.2423,1.24335,8.00,1.60
2009.07.21 09:01:30.374,1.2423,1.24325,8.00,3.80
2009.07.21 09:01:30.484,1.24225,1.24325,8.00,3.80
2009.07.21 09:01:30.773,1.2423,1.24325,1.60,3.80
2009.07.21 09:01:30.834,1.2421,1.24325,9.60,3.80
2009.07.21 09:01:32.783,1.24215,1.24315,9.60,3.80
2009.07.21 09:01:33.263,1.24205,1.24315,9.60,3.80
2009.07.21 09:01:43.691,1.24205,1.2431,9.60,4.00
2009.07.21 09:01:44.191,1.2421,1.243,3.20,1.60
2009.07.21 09:01:44.800,1.2421,1.2429,3.20,3.80
2009.07.21 09:01:45.200,1.2421,1.24295,3.20,3.80
2009.07.21 09:01:50.179,1.2422,1.2429,3.20,3.80
2009.07.21 09:01:50.579,1.2423,1.24325,3.20,3.80
2009.07.21 09:01:50.989,1.24215,1.24325,3.20,3.80
2009.07.21 09:01:52.178,1.2422,1.2431,3.20,3.80
2009.07.21 09:01:52.579,1.24215,1.2431,11.40,3.80
2009.07.21 09:01:57.967,1.2422,1.2431,3.20,3.80
2009.07.21 09:02:01.396,1.2422,1.2431,11.20,3.80
2009.07.21 09:02:05.465,1.2421,1.243,8.00,3.80
2009.07.21 09:02:05.815,1.2421,1.243,1.60,3.80
2009.07.21 09:02:06.115,1.242,1.243,12.80,3.80
2009.07.21 09:02:06.645,1.242,1.2429,4.80,5.40
2009.07.21 09:02:08.284,1.242,1.24295,5.00,3.80
2009.07.21 09:02:08.974,1.242,1.24295,13.00,3.80
2009.07.21 09:02:10.764,1.242,1.24295,8.20,3.80
2009.07.21 09:02:13.003,1.242,1.2429,11.40,3.80
2009.07.21 09:02:13.284,1.242,1.2429,3.40,3.80
2009.07.21 09:02:14.043,1.242,1.2428,3.20,3.80
2009.07.21 09:02:14.163,1.24205,1.2428,1.60,3.80
2009.07.21 09:02:18.402,1.2418,1.2428,8.20,3.80
2009.07.21 09:02:18.992,1.242,1.2428,1.60,3.80
2009.07.21 09:02:19.502,1.24185,1.24265,1.60,3.80
2009.07.21 09:02:19.972,1.2417,1.2425,1.60,3.80
2009.07.21 09:02:20.372,1.24155,1.2425,6.40,3.80
2009.07.21 09:02:24.331,1.24165,1.24245,3.20,3.80
2009.07.21 09:02:27.790,1.24165,1.24245,3.40,3.80
2009.07.21 09:02:30.309,1.24165,1.24245,5.00,3.80
2009.07.21 09:02:30.599,1.24175,1.2425,3.20,3.80
2009.07.21 09:02:30.879,1.24175,1.2426,8.00,3.80
2009.07.21 09:02:31.229,1.24185,1.2426,1.60,3.80
2009.07.21 09:02:31.339,1.24185,1.2428,1.60,3.80
2009.07.21 09:02:54.453,1.24185,1.24265,3.20,3.80
2009.07.21 09:02:54.803,1.24175,1.24265,1.60,3.80
2009.07.21 09:02:55.433,1.24175,1.24265,1.60,5.40
2009.07.21 09:02:55.653,1.24175,1.2425,1.60,3.80
2009.07.21 09:03:05.901,1.24155,1.24245,17.60,3.80
2009.07.21 09:03:08.470,1.2417,1.24245,1.60,3.80
2009.07.21 09:03:08.930,1.2417,1.2425,1.60,3.80
2009.07.21 09:03:09.430,1.2417,1.2426,1.60,3.80
2009.07.21 09:03:10.480,1.2417,1.2426,8.00,3.80
2009.07.21 09:03:11.409,1.24195,1.2426,1.60,3.80
2009.07.21 09:03:11.520,1.242,1.24315,3.80,8.00
2009.07.21 09:03:11.860,1.2419,1.24315,3.20,8.60
2009.07.21 09:03:12.279,1.24175,1.24305,8.00,8.00
2009.07.21 09:03:12.449,1.2418,1.24315,8.00,11.80
2009.07.21 09:03:13.129,1.24185,1.24305,8.00,11.80
2009.07.21 09:03:13.249,1.24185,1.24305,8.00,4.00
2009.07.21 09:03:13.419,1.24185,1.24295,8.00,3.80
2009.07.21 09:03:13.749,1.2418,1.24295,9.60,3.80
2009.07.21 09:03:20.437,1.242,1.24315,8.00,8.00
2009.07.21 09:03:20.717,1.242,1.2431,8.00,4.80
2009.07.21 09:03:20.937,1.242,1.24335,8.00,8.00
2009.07.21 09:03:22.327,1.24215,1.2434,8.00,8.00
2009.07.21 09:03:22.767,1.2424,1.2434,8.00,1.60
2009.07.21 09:03:23.157,1.2423,1.2434,8.00,1.60
2009.07.21 09:03:23.277,1.24225,1.24335,9.60,8.00
2009.07.21 09:03:23.396,1.24205,1.24335,8.00,8.00
2009.07.21 09:03:24.036,1.24225,1.24345,8.00,8.00
2009.07.21 09:03:25.366,1.24225,1.2434,8.00,5.40
2009.07.21 09:03:25.766,1.24215,1.24335,8.00,8.00
2009.07.21 09:03:26.356,1.24225,1.24335,1.60,8.00
2009.07.21 09:03:27.276,1.24245,1.24335,1.60,8.00
2009.07.21 09:03:27.575,1.2424,1.24335,3.80,8.00
2009.07.21 09:03:27.685,1.2425,1.2433,1.60,3.80
2009.07.21 09:03:29.175,1.2424,1.2433,1.60,3.80
2009.07.21 09:03:30.155,1.24245,1.2433,1.00,3.80
2009.07.21 09:03:31.925,1.2425,1.2433,1.80,3.80
2009.07.21 09:03:32.324,1.2426,1.2434,1.60,8.60
2009.07.21 09:03:32.674,1.2427,1.2434,5.40,1.60
2009.07.21 09:03:32.734,1.2426,1.2434,16.00,5.40
2009.07.21 09:03:33.134,1.2426,1.2434,8.00,5.40
2009.07.21 09:03:33.554,1.24255,1.2434,8.00,1.60
2009.07.21 09:03:34.694,1.2426,1.2434,8.00,1.60
2009.07.21 09:03:35.274,1.2425,1.2434,8.00,1.60
2009.07.21 09:03:36.003,1.2426,1.2434,1.60,1.60
2009.07.21 09:03:36.453,1.24255,1.2434,1.60,1.60
2009.07.21 09:03:36.963,1.2425,1.2434,8.00,1.60
2009.07.21 09:03:37.423,1.24245,1.2434,8.00,1.60
2009.07.21 09:03:37.873,1.2425,1.2434,8.00,5.40
2009.07.21 09:03:38.143,1.24245,1.2434,1.60,5.40
2009.07.21 09:03:38.703,1.24225,1.2434,8.00,5.40
2009.07.21 09:03:39.283,1.24225,1.2433,8.00,3.80
2009.07.21 09:03:39.503,1.2422,1.2433,8.00,3.80
2009.07.21 09:03:40.482,1.24225,1.24325,8.00,3.80
2009.07.21 09:03:40.662,1.24225,1.24315,8.00,3.80
2009.07.21 09:03:40.822,1.24225,1.24305,8.00,3.80
2009.07.21 09:03:41.052,1.24185,1.24305,8.00,3.80
2009.07.21 09:03:41.442,1.242,1.243,1.60,3.80
2009.07.21 09:03:42.462,1.24205,1.24295,8.00,3.80
2009.07.21 09:03:42.702,1.2421,1.24315,1.60,8.60
2009.07.21 09:03:42.882,1.2421,1.243,1.60,3.80
2009.07.21 09:03:44.262,1.24215,1.243,5.40,3.80
2009.07.21 09:03:45.112,1.24215,1.24295,8.00,3.80
2009.07.21 09:03:45.291,1.2421,1.24295,1.60,3.80
2009.07.21 09:03:47.291,1.24215,1.24295,1.60,3.80
2009.07.21 09:03:47.531,1.24225,1.24315,1.60,7.00
2009.07.21 09:03:48.161,1.24225,1.24315,1.60,3.80
2009.07.21 09:03:48.570,1.24215,1.2431,5.60,3.80
2009.07.21 09:03:48.740,1.24215,1.243,5.60,3.80
2009.07.21 09:04:07.626,1.24215,1.243,4.00,3.80
2009.07.21 09:04:07.746,1.24215,1.243,3.80,3.80
2009.07.21 09:04:07.806,1.2421,1.24295,9.60,3.80
2009.07.21 09:04:07.866,1.2421,1.24295,1.60,3.80
2009.07.21 09:04:23.612,1.24215,1.24295,8.00,3.80
2009.07.21 09:04:23.842,1.2421,1.24295,4.80,3.80
2009.07.21 09:04:26.002,1.2421,1.24305,8.60,7.00
2009.07.21 09:04:26.361,1.24215,1.2431,3.80,8.80
2009.07.21 09:04:28.371,1.2422,1.2431,3.80,5.00
2009.07.21 09:04:30.491,1.2422,1.2431,3.80,1.80
2009.07.21 09:04:41.028,1.2422,1.243,3.80,1.60
2009.07.21 09:04:41.448,1.24215,1.243,3.80,1.60
2009.07.21 09:04:41.628,1.2422,1.2431,3.80,1.80
2009.07.21 09:04:43.407,1.2422,1.24315,3.80,8.80
2009.07.21 09:04:43.877,1.2423,1.24305,3.80,3.20
2009.07.21 09:04:49.456,1.24225,1.24305,3.80,3.20
2009.07.21 09:04:49.736,1.2424,1.24305,3.80,3.20
2009.07.21 09:04:50.016,1.2424,1.24325,3.80,3.20
2009.07.21 09:04:50.536,1.24245,1.24345,3.80,4.80
2009.07.21 09:04:50.995,1.2426,1.2434,3.80,3.20
2009.07.21 09:04:51.396,1.24265,1.24345,3.80,1.60
2009.07.21 09:04:51.805,1.24285,1.2434,3.80,1.60
2009.07.21 09:04:52.265,1.24275,1.2434,3.80,1.60
2009.07.21 09:04:52.775,1.24265,1.2435,3.80,4.80
2009.07.21 09:04:53.235,1.242,1.24325,3.80,8.00
2009.07.21 09:04:54.305,1.24215,1.243,3.80,8.00
2009.07.21 09:04:55.744,1.24215,1.24295,3.80,14.40
2009.07.21 09:04:56.154,1.2421,1.24285,1.00,8.00
2009.07.21 09:04:56.394,1.24185,1.24285,4.00,8.00
2009.07.21 09:04:57.384,1.24185,1.24315,3.80,8.00
2009.07.21 09:04:57.894,1.242,1.243,1.60,8.00
2009.07.21 09:04:58.474,1.2419,1.2429,5.40,8.00
2009.07.21 09:04:58.814,1.2419,1.2429,3.80,8.00
2009.07.21 09:05:00.413,1.242,1.2429,1.60,8.00
2009.07.21 09:05:00.463,1.242,1.2428,1.60,8.00
2009.07.21 09:05:01.403,1.242,1.24285,1.60,8.00
2009.07.21 09:05:01.463,1.242,1.2432,1.60,13.40
2009.07.21 09:05:01.863,1.2418,1.2431,11.80,1.00
2009.07.21 09:05:04.282,1.2421,1.24315,8.00,1.00
2009.07.21 09:05:04.392,1.24175,1.24315,4.00,1.00
2009.07.21 09:05:04.912,1.24185,1.24315,8.00,1.00
2009.07.21 09:05:06.162,1.2419,1.2431,8.00,8.00
2009.07.21 09:05:06.632,1.242,1.2431,3.80,8.00
2009.07.21 09:05:06.912,1.24205,1.2433,8.00,5.40
2009.07.21 09:05:07.202,1.2418,1.2431,8.00,8.00
2009.07.21 09:05:07.662,1.242,1.2431,1.60,8.00
2009.07.21 09:05:15.199,1.2419,1.24315,8.00,8.00
2009.07.21 09:05:20.978,1.2419,1.24315,9.60,8.00
2009.07.21 09:05:22.888,1.2419,1.24315,8.00,8.00
2009.07.21 09:05:24.717,1.2419,1.24315,16.00,8.00
2009.07.21 09:05:25.137,1.24205,1.24315,1.60,8.00
2009.07.21 09:05:25.437,1.2418,1.24315,8.00,8.00
2009.07.21 09:05:25.707,1.2418,1.24315,16.00,8.00
2009.07.21 09:05:25.999,1.24185,1.2432,8.00,8.00
2009.07.21 09:05:30.216,1.24205,1.24325,8.00,8.00
2009.07.21 09:05:30.326,1.24205,1.2433,8.00,8.00
2009.07.21 09:05:30.386,1.2422,1.2433,1.60,8.00
2009.07.21 09:05:30.796,1.242,1.2433,8.00,8.00
2009.07.21 09:05:36.385,1.24195,1.2432,8.00,8.00
2009.07.21 09:05:37.004,1.2421,1.2432,1.60,8.00
2009.07.21 09:05:37.794,1.24185,1.2432,8.00,8.00
2009.07.21 09:05:42.803,1.24195,1.2432,9.60,8.00
2009.07.21 09:05:43.253,1.24205,1.2433,8.00,8.00
2009.07.21 09:05:45.952,1.2422,1.2434,17.60,13.40
2009.07.21 09:05:46.192,1.24205,1.2434,8.00,13.40
2009.07.21 09:05:46.842,1.24205,1.2434,8.00,13.60
2009.07.21 09:05:47.402,1.2422,1.2434,8.00,10.40
2009.07.21 09:05:47.692,1.242,1.2433,8.00,8.00
2009.07.21 09:05:49.641,1.2421,1.24335,8.00,16.00
2009.07.21 09:05:49.751,1.2421,1.24335,8.00,8.00
2009.07.21 09:05:50.621,1.2421,1.24335,8.00,16.00
2009.07.21 09:05:50.731,1.24205,1.2433,8.00,8.00
2009.07.21 09:05:54.200,1.24205,1.2433,8.00,8.00
2009.07.21 09:05:54.940,1.24205,1.2433,8.00,8.20
2009.07.21 09:05:55.060,1.24215,1.2433,8.00,1.00
2009.07.21 09:05:55.970,1.24215,1.2434,8.00,8.20
2009.07.21 09:05:56.030,1.2421,1.2433,8.00,8.00
2009.07.21 09:05:56.360,1.24205,1.2433,8.00,8.00
2009.07.21 09:05:56.870,1.242,1.2432,8.00,8.00
2009.07.21 09:05:57.219,1.24195,1.2432,8.00,8.00
2009.07.21 09:06:09.476,1.2421,1.2432,8.00,8.00
2009.07.21 09:06:09.756,1.24215,1.2433,8.00,1.00
2009.07.21 09:06:09.926,1.24225,1.2433,8.00,1.80
2009.07.21 09:06:10.106,1.24235,1.2433,8.00,1.80
2009.07.21 09:06:10.856,1.24245,1.24325,8.00,1.00
2009.07.21 09:06:11.846,1.24245,1.2432,8.00,1.00
2009.07.21 09:06:13.146,1.24245,1.24345,8.00,1.60
2009.07.21 09:06:13.486,1.2425,1.24345,8.00,1.60
2009.07.21 09:06:13.895,1.2425,1.24345,8.00,1.80
2009.07.21 09:06:18.705,1.2421,1.2433,8.00,8.00
2009.07.21 09:06:19.224,1.24205,1.2433,8.00,8.00
2009.07.21 09:06:24.203,1.242,1.2432,8.00,7.20
2009.07.21 09:06:24.963,1.242,1.2431,8.00,1.00
2009.07.21 09:06:25.293,1.24205,1.2431,3.20,1.00
2009.07.21 09:06:29.711,1.242,1.2431,8.20,1.00
2009.07.21 09:06:32.581,1.2418,1.24305,8.20,7.20
2009.07.21 09:06:32.931,1.2418,1.243,8.20,1.00
2009.07.21 09:06:34.131,1.2419,1.24295,3.20,1.00
2009.07.21 09:06:35.170,1.2419,1.24315,7.20,8.00
2009.07.21 09:06:35.341,1.2419,1.24315,24.80,8.00
2009.07.21 09:06:35.570,1.24205,1.24325,8.00,4.80
2009.07.21 09:06:35.990,1.24205,1.24335,8.00,8.20
2009.07.21 09:06:36.160,1.24205,1.24335,8.00,1.00
2009.07.21 09:06:36.610,1.242,1.24325,8.00,8.00
2009.07.21 09:06:39.469,1.24205,1.2433,8.00,8.20
2009.07.21 09:06:47.817,1.24205,1.24315,8.00,1.60
2009.07.21 09:06:47.927,1.24205,1.24315,8.00,5.40
2009.07.21 09:06:48.227,1.242,1.24315,8.00,13.40
2009.07.21 09:06:48.347,1.24195,1.24315,8.00,3.80
2009.07.21 09:06:48.637,1.24195,1.2432,8.00,8.00
2009.07.21 09:06:48.978,1.24205,1.24325,8.00,5.60
2009.07.21 09:06:49.327,1.2418,1.2431,8.00,8.00
2009.07.21 09:06:50.027,1.24185,1.2432,8.00,8.20
2009.07.21 09:06:51.966,1.2419,1.2431,8.00,1.00
2009.07.21 09:06:53.236,1.2419,1.24315,8.00,8.00
2009.07.21 09:06:53.356,1.2419,1.24315,8.00,9.60
2009.07.21 09:06:53.636,1.2419,1.24315,8.00,13.40
2009.07.21 09:06:54.026,1.242,1.2432,8.00,8.20
2009.07.21 09:06:54.316,1.2419,1.24315,8.00,8.00
2009.07.21 09:06:54.726,1.242,1.24325,8.00,8.20
2009.07.21 09:06:56.025,1.24205,1.24315,8.00,5.40
2009.07.21 09:06:58.095,1.242,1.24325,8.00,8.20
2009.07.21 09:06:58.425,1.2418,1.2431,8.00,8.00
2009.07.21 09:06:59.185,1.2419,1.24325,8.00,8.00
2009.07.21 09:06:59.824,1.24205,1.2433,8.00,1.00
2009.07.21 09:07:00.234,1.242,1.24325,8.00,8.20
2009.07.21 09:07:00.514,1.24205,1.24325,8.00,1.00
2009.07.21 09:07:00.934,1.242,1.24325,16.00,8.20
2009.07.21 09:07:01.114,1.242,1.24325,8.00,8.20
2009.07.21 09:07:01.674,1.24205,1.24325,8.00,1.00
2009.07.21 09:07:01.844,1.24205,1.24325,8.00,1.80
2009.07.21 09:07:02.014,1.24205,1.2433,8.00,8.20
2009.07.21 09:07:03.024,1.24205,1.24325,8.00,1.00
2009.07.21 09:07:03.924,1.24205,1.2433,8.00,8.00
2009.07.21 09:07:04.213,1.24215,1.2435,8.00,8.20
2009.07.21 09:07:04.704,1.2423,1.24345,8.00,1.60
2009.07.21 09:07:05.163,1.2417,1.24355,8.60,1.80
2009.07.21 09:07:05.613,1.24195,1.2434,8.00,8.00
2009.07.21 09:07:07.143,1.2419,1.24325,8.00,8.00
2009.07.21 09:07:09.053,1.24205,1.2434,8.00,8.00
2009.07.21 09:07:09.112,1.24205,1.24335,8.00,8.00
2009.07.21 09:07:09.782,1.24185,1.2433,8.00,8.00
2009.07.21 09:07:10.712,1.24175,1.24315,8.00,8.00
2009.07.21 09:07:10.942,1.24175,1.2431,8.00,8.00
2009.07.21 09:07:11.272,1.24165,1.243,20.80,8.00
2009.07.21 09:07:11.681,1.24165,1.243,20.60,8.00
2009.07.21 09:07:11.792,1.24165,1.243,11.80,8.00
2009.07.21 09:07:12.213,1.2416,1.24295,16.60,8.00
2009.07.21 09:07:12.432,1.2417,1.24305,15.00,8.00
2009.07.21 09:07:13.581,1.2417,1.24295,3.20,8.00
2009.07.21 09:07:13.921,1.2417,1.2429,3.20,8.00
2009.07.21 09:07:14.771,1.24175,1.243,8.00,8.00
2009.07.21 09:07:15.061,1.24175,1.24295,8.00,3.80
2009.07.21 09:07:15.413,1.2417,1.2429,8.00,8.00
2009.07.21 09:07:16.281,1.24175,1.243,8.00,8.20
2009.07.21 09:07:16.671,1.2418,1.243,17.60,8.00
2009.07.21 09:07:17.240,1.2419,1.2431,8.00,1.00
2009.07.21 09:07:17.700,1.2419,1.24315,16.00,8.20
2009.07.21 09:07:17.880,1.24195,1.24315,8.00,1.00
2009.07.21 09:07:18.270,1.24195,1.24315,8.00,1.80
2009.07.21 09:07:18.450,1.24195,1.24315,8.00,13.60
2009.07.21 09:07:18.860,1.24195,1.24315,11.80,9.80
2009.07.21 09:07:19.280,1.24195,1.24315,11.80,8.20
2009.07.21 09:07:19.570,1.242,1.24315,8.00,1.00
2009.07.21 09:07:22.209,1.24205,1.24325,8.00,3.80
2009.07.21 09:07:22.729,1.24195,1.2432,8.00,8.00
2009.07.21 09:07:23.709,1.24185,1.2431,8.00,8.00
2009.07.21 09:07:25.038,1.2419,1.24315,8.00,15.00
2009.07.21 09:07:25.498,1.2419,1.2431,8.00,1.00
2009.07.21 09:07:25.958,1.2419,1.24315,8.00,8.20
2009.07.21 09:07:27.098,1.2419,1.2431,8.00,1.00
2009.07.21 09:07:27.498,1.24185,1.24305,8.00,8.00
2009.07.21 09:07:27.608,1.2419,1.2431,8.00,1.00
2009.07.21 09:07:27.717,1.24185,1.24305,16.00,8.00
2009.07.21 09:07:28.048,1.2419,1.24315,8.00,8.20
2009.07.21 09:07:29.287,1.2419,1.2431,8.00,1.00
2009.07.21 09:07:29.587,1.24185,1.24305,8.00,8.00
2009.07.21 09:07:29.857,1.24195,1.24325,8.00,8.00
2009.07.21 09:07:30.378,1.242,1.2433,8.00,8.20
2009.07.21 09:07:31.427,1.2418,1.243,8.00,8.00
2009.07.21 09:07:31.597,1.2415,1.2429,8.00,1.60
2009.07.21 09:07:31.877,1.2415,1.2429,8.00,5.40
2009.07.21 09:07:32.107,1.24155,1.24255,3.80,1.60
2009.07.21 09:07:32.567,1.2416,1.24275,8.00,1.60
2009.07.21 09:07:33.257,1.2417,1.24255,8.00,1.60
2009.07.21 09:07:36.106,1.2417,1.24255,8.00,1.60
2009.07.21 09:07:37.995,1.2417,1.24275,8.00,1.60
2009.07.21 09:07:42.664,1.24155,1.2426,8.00,1.60
2009.07.21 09:07:44.274,1.24155,1.2427,8.00,1.80
2009.07.21 09:07:44.684,1.24145,1.2427,8.00,8.20
2009.07.21 09:07:45.354,1.24145,1.24265,8.00,1.00
2009.07.21 09:07:45.713,1.24145,1.2426,8.00,1.00
2009.07.21 09:07:45.833,1.24135,1.2426,8.00,8.20
2009.07.21 09:07:46.973,1.24135,1.24255,8.00,1.00
2009.07.21 09:07:47.783,1.2414,1.24255,8.00,1.00
2009.07.21 09:07:52.132,1.24155,1.2427,8.00,1.00
2009.07.21 09:07:52.542,1.2416,1.2427,8.00,1.00
2009.07.21 09:07:52.812,1.2417,1.2429,8.00,1.00
2009.07.21 09:07:53.381,1.2417,1.24265,8.00,1.60
2009.07.21 09:07:55.351,1.2417,1.2428,8.00,1.60
2009.07.21 09:07:55.701,1.2416,1.2429,8.00,8.00
2009.07.21 09:07:57.091,1.24165,1.2429,8.00,9.60
2009.07.21 09:07:57.600,1.24165,1.2429,8.00,11.20
2009.07.21 09:07:57.891,1.24165,1.2429,8.00,15.00
2009.07.21 09:07:58.061,1.24155,1.2428,8.00,8.00
2009.07.21 09:08:00.030,1.24155,1.2428,8.00,8.20
2009.07.21 09:08:10.688,1.2416,1.24255,8.00,1.60
2009.07.21 09:08:19.065,1.24155,1.2425,8.00,1.60
2009.07.21 09:08:19.235,1.24155,1.24245,8.00,1.60
2009.07.21 09:08:26.843,1.24145,1.24245,8.00,1.60
2009.07.21 09:08:38.041,1.24135,1.24245,8.00,1.60
2009.07.21 09:08:38.221,1.24135,1.24265,8.00,8.00
2009.07.21 09:08:45.150,1.24145,1.24265,8.00,8.20
2009.07.21 09:08:45.379,1.24145,1.24265,8.00,8.00
2009.07.21 09:08:46.930,1.2412,1.2426,3.20,8.00
2009.07.21 09:08:47.039,1.2413,1.2426,3.80,8.00
2009.07.21 09:08:47.149,1.2413,1.2424,3.80,1.60
2009.07.21 09:08:47.609,1.2412,1.2424,3.80,1.60
2009.07.21 09:08:48.918,1.24125,1.2423,4.00,1.60
2009.07.21 09:08:52.107,1.24135,1.2423,8.00,1.60
2009.07.21 09:08:53.347,1.2413,1.2423,16.00,1.60
2009.07.21 09:08:53.457,1.2413,1.2422,8.00,1.60
2009.07.21 09:08:59.806,1.2411,1.24205,8.00,1.60
2009.07.21 09:09:03.964,1.2412,1.24215,3.80,1.60
2009.07.21 09:09:04.614,1.2413,1.24215,8.00,1.60
2009.07.21 09:09:05.454,1.2412,1.24215,8.00,1.60
2009.07.21 09:09:06.094,1.2413,1.2422,8.00,1.60
2009.07.21 09:09:06.624,1.2412,1.2422,8.00,1.60
2009.07.21 09:09:08.513,1.24115,1.2422,16.00,1.60
2009.07.21 09:09:08.564,1.24115,1.2422,8.00,1.60
2009.07.21 09:09:08.903,1.24115,1.2421,8.00,1.60
2009.07.21 09:09:09.313,1.2412,1.2421,8.00,1.60
2009.07.21 09:09:09.643,1.2413,1.2421,8.00,1.60
2009.07.21 09:09:09.873,1.2413,1.2422,8.00,1.60
2009.07.21 09:09:12.092,1.2412,1.24215,8.00,1.60
2009.07.21 09:09:16.681,1.2413,1.24215,8.00,1.60
2009.07.21 09:09:19.731,1.2413,1.24225,8.00,1.60
2009.07.21 09:09:25.249,1.24135,1.24225,8.00,1.60
2009.07.21 09:09:31.668,1.2416,1.24225,1.60,1.60
2009.07.21 09:09:31.788,1.2417,1.24265,3.80,1.60
2009.07.21 09:09:47.564,1.2418,1.2426,3.80,3.20
2009.07.21 09:10:45.360,1.24185,1.2426,3.80,3.20
2009.07.21 09:10:53.228,1.24185,1.2425,3.80,1.60
2009.07.21 09:10:54.008,1.24185,1.2426,3.80,8.00
2009.07.21 09:10:54.408,1.24185,1.2426,3.80,3.20
2009.07.21 09:11:00.547,1.24165,1.2426,3.80,3.20
2009.07.21 09:11:00.716,1.24165,1.24265,3.80,8.80
2009.07.21 09:11:02.296,1.2417,1.24255,3.80,1.60
2009.07.21 09:11:02.586,1.24165,1.2425,3.20,7.00
2009.07.21 09:11:02.706,1.2417,1.2425,3.80,3.20
2009.07.21 09:11:02.766,1.2417,1.24245,3.80,1.60
2009.07.21 09:11:03.216,1.2417,1.24275,3.80,10.40
2009.07.21 09:11:12.374,1.2417,1.24235,3.80,1.60
2009.07.21 09:11:12.673,1.24145,1.2423,11.20,3.80
2009.07.21 09:11:12.783,1.24165,1.2423,3.80,1.60
2009.07.21 09:11:12.894,1.24165,1.24265,3.80,10.40
2009.07.21 09:11:13.713,1.24165,1.2426,3.80,3.20
2009.07.21 09:11:14.233,1.2417,1.2425,3.80,3.40
2009.07.21 09:11:14.743,1.2416,1.2425,3.80,7.20
2009.07.21 09:11:14.963,1.2416,1.2425,3.80,7.00
2009.07.21 09:11:54.573,1.2414,1.24215,3.80,3.20
2009.07.21 09:11:54.853,1.2414,1.24215,3.80,6.40
2009.07.21 09:11:54.973,1.2412,1.24205,5.40,1.60
2009.07.21 09:11:55.033,1.2413,1.24205,3.80,1.60
2009.07.21 09:12:00.532,1.24135,1.2422,3.80,8.60
2009.07.21 09:12:10.949,1.24135,1.24215,3.80,1.60
2009.07.21 09:12:25.796,1.24125,1.2421,5.40,7.00
2009.07.21 09:12:26.746,1.24125,1.2421,5.60,7.20
2009.07.21 09:12:27.965,1.24125,1.24205,5.40,1.00
2009.07.21 09:12:28.915,1.24125,1.24205,5.60,1.00
2009.07.21 09:12:29.685,1.24135,1.2421,3.80,3.20
2009.07.21 09:12:29.905,1.24135,1.24215,3.80,1.60
2009.07.21 09:12:41.162,1.24135,1.2422,3.80,3.80
2009.07.21 09:12:44.361,1.2414,1.24225,3.80,1.60
2009.07.21 09:12:47.511,1.24135,1.24225,11.80,1.60
2009.07.21 09:12:51.000,1.24135,1.2423,11.80,3.80
2009.07.21 09:12:54.749,1.24145,1.24235,3.80,5.40
2009.07.21 09:12:54.919,1.24145,1.24235,3.80,8.60
2009.07.21 09:12:58.128,1.24135,1.2423,8.00,3.80
2009.07.21 09:12:58.238,1.24125,1.2423,8.00,3.80
2009.07.21 09:12:58.418,1.2412,1.2422,15.00,3.80
2009.07.21 09:12:58.918,1.2412,1.2421,3.20,3.80
2009.07.21 09:13:00.248,1.2413,1.2421,3.80,1.60
2009.07.21 09:13:00.718,1.2413,1.2422,3.80,7.20
2009.07.21 09:13:02.047,1.2413,1.2422,3.80,7.00
2009.07.21 09:13:02.927,1.2413,1.2422,3.80,7.20
2009.07.21 09:13:03.957,1.2413,1.2422,3.80,7.00
2009.07.21 09:13:04.246,1.24135,1.2421,3.20,3.80
2009.07.21 09:13:04.756,1.24135,1.24205,3.20,3.80
2009.07.21 09:13:04.977,1.24135,1.24205,3.20,7.00
2009.07.21 09:13:05.357,1.24125,1.24205,3.80,3.20
2009.07.21 09:13:06.266,1.24125,1.2421,3.80,3.80
2009.07.21 09:13:07.006,1.2412,1.24195,3.20,3.80
2009.07.21 09:13:07.176,1.2412,1.242,3.20,1.60
2009.07.21 09:13:07.346,1.24135,1.242,3.80,1.60
2009.07.21 09:13:07.696,1.24125,1.2421,8.00,3.80
2009.07.21 09:13:07.756,1.24115,1.2421,3.20,3.80
2009.07.21 09:13:08.096,1.24125,1.2421,3.80,1.60
2009.07.21 09:13:08.156,1.2413,1.2422,3.80,3.20
2009.07.21 09:13:08.396,1.24135,1.2423,3.80,5.60
2009.07.21 09:13:08.736,1.24115,1.24205,11.20,3.80
2009.07.21 09:13:09.075,1.24115,1.24205,3.20,3.80
2009.07.21 09:13:09.855,1.2412,1.24205,7.00,4.80
2009.07.21 09:13:10.085,1.24125,1.2421,3.80,5.40
2009.07.21 09:13:11.495,1.2412,1.242,3.20,3.80
2009.07.21 09:13:12.255,1.2412,1.242,3.20,7.00
2009.07.21 09:13:13.065,1.2412,1.24195,3.20,3.80
2009.07.21 09:13:13.175,1.2412,1.24205,3.20,3.80
2009.07.21 09:13:13.474,1.2412,1.24215,7.00,1.60
2009.07.21 09:13:13.644,1.2412,1.24215,3.80,1.60
2009.07.21 09:13:14.294,1.2412,1.24215,11.80,1.60
2009.07.21 09:13:14.404,1.2412,1.24215,11.80,5.40
2009.07.21 09:13:14.814,1.2412,1.24215,11.80,1.60
2009.07.21 09:13:20.053,1.2412,1.24215,3.80,8.60
2009.07.21 09:13:20.393,1.2412,1.24215,3.80,5.40
2009.07.21 09:13:27.691,1.24115,1.242,11.40,3.80
2009.07.21 09:13:27.751,1.24115,1.242,11.20,3.80
2009.07.21 09:13:30.860,1.2413,1.24215,3.80,4.80
2009.07.21 09:13:31.210,1.2413,1.24215,3.80,3.20
2009.07.21 09:13:33.361,1.2413,1.2422,3.80,8.80
2009.07.21 09:13:33.420,1.24125,1.2421,3.80,3.80
2009.07.21 09:13:40.098,1.24125,1.2421,4.00,3.80
2009.07.21 09:13:43.777,1.2413,1.2422,3.80,7.00
2009.07.21 09:13:44.187,1.2413,1.2422,3.80,5.40
2009.07.21 09:13:44.427,1.2413,1.24215,3.80,3.20
2009.07.21 09:13:44.597,1.24125,1.2421,4.00,3.80
2009.07.21 09:13:46.956,1.24125,1.2421,3.80,3.80
2009.07.21 09:13:47.756,1.2413,1.2421,1.60,3.80
2009.07.21 09:13:47.996,1.24135,1.2421,3.20,3.80
2009.07.21 09:13:48.166,1.24125,1.2421,3.80,3.80
2009.07.21 09:13:53.165,1.24125,1.24205,3.80,1.60
2009.07.21 09:13:53.285,1.2412,1.24195,1.00,3.80
2009.07.21 09:13:54.045,1.24125,1.242,3.80,3.20
2009.07.21 09:13:56.154,1.24125,1.242,4.00,3.20
2009.07.21 09:13:57.294,1.24125,1.242,1.00,3.20
2009.07.21 09:13:57.944,1.24125,1.242,4.00,3.20
2009.07.21 09:13:58.474,1.2413,1.242,1.00,3.20
2009.07.21 09:14:00.213,1.2412,1.2419,3.20,3.20
2009.07.21 09:14:00.503,1.24115,1.2419,8.00,3.20
2009.07.21 09:14:01.023,1.2411,1.2419,1.00,3.20
2009.07.21 09:14:01.373,1.2412,1.24185,3.20,3.20
2009.07.21 09:14:02.852,1.24105,1.24175,3.20,3.20
2009.07.21 09:14:03.243,1.24155,1.24225,3.80,8.00
2009.07.21 09:14:03.593,1.2417,1.2423,8.00,8.00
2009.07.21 09:14:04.003,1.2418,1.24275,8.00,1.60
2009.07.21 09:14:06.442,1.24185,1.2426,8.00,1.60
2009.07.21 09:14:06.902,1.24175,1.2426,8.00,1.60
2009.07.21 09:14:08.051,1.2417,1.2426,8.20,1.60
2009.07.21 09:14:09.721,1.2417,1.2426,1.80,1.60
2009.07.21 09:14:10.241,1.2417,1.2426,1.00,1.60
2009.07.21 09:14:12.760,1.24165,1.2426,8.20,1.60
2009.07.21 09:14:12.940,1.24165,1.2426,1.00,1.60
2009.07.21 09:14:13.440,1.2417,1.2426,8.00,1.60
2009.07.21 09:14:13.840,1.24165,1.2426,8.00,1.60
2009.07.21 09:14:14.660,1.2417,1.2426,8.00,1.60
2009.07.21 09:14:24.007,1.2417,1.2426,12.00,1.60
2009.07.21 09:14:25.017,1.2418,1.2426,8.00,1.60
2009.07.21 09:14:27.067,1.24185,1.2427,8.00,1.60
2009.07.21 09:14:27.817,1.2418,1.2427,1.00,1.60
2009.07.21 09:14:40.024,1.2419,1.2427,3.80,1.60
2009.07.21 09:14:40.264,1.242,1.2427,8.00,1.60
2009.07.21 09:14:41.233,1.24195,1.2427,9.60,1.60
2009.07.21 09:14:41.403,1.24195,1.2427,8.00,1.60
2009.07.21 09:14:42.623,1.24185,1.2427,8.20,1.60
2009.07.21 09:14:43.013,1.2419,1.2427,8.00,1.60
2009.07.21 09:14:43.863,1.2419,1.2427,8.20,1.60
2009.07.21 09:14:44.453,1.2419,1.2426,8.00,1.60
2009.07.21 09:14:44.983,1.2417,1.2425,3.20,3.80
2009.07.21 09:14:45.612,1.2416,1.2425,3.20,3.80
2009.07.21 09:14:46.913,1.24165,1.24245,3.40,3.80
2009.07.21 09:14:48.122,1.24165,1.24245,3.20,4.00
2009.07.21 09:14:48.981,1.24165,1.24245,3.40,4.00
2009.07.21 09:14:51.921,1.24165,1.2424,3.20,1.00
2009.07.21 09:14:52.311,1.24165,1.24245,3.40,3.80
2009.07.21 09:14:52.371,1.24165,1.2425,7.20,4.00
2009.07.21 09:14:52.730,1.24175,1.2425,3.20,4.00
2009.07.21 09:14:54.420,1.24175,1.2424,3.20,3.20
2009.07.21 09:14:58.169,1.24175,1.24225,3.40,3.20
2009.07.21 09:15:06.717,1.24155,1.24225,3.20,3.20
2009.07.21 09:15:07.187,1.2415,1.24225,3.40,3.20
2009.07.21 09:15:07.297,1.24155,1.24225,3.20,3.20
2009.07.21 09:15:09.176,1.24155,1.24245,3.20,3.40
2009.07.21 09:15:10.037,1.2416,1.24245,1.60,3.20
2009.07.21 09:15:10.266,1.24165,1.2424,7.00,3.20
2009.07.21 09:15:10.716,1.2417,1.2424,3.20,3.20
2009.07.21 09:15:11.236,1.2418,1.2428,7.00,3.40
2009.07.21 09:15:11.586,1.2418,1.2424,6.40,3.20
2009.07.21 09:15:16.005,1.24165,1.24225,1.00,3.20
2009.07.21 09:15:18.604,1.2416,1.24225,7.20,3.20
2009.07.21 09:15:19.174,1.2416,1.24225,8.80,3.20
2009.07.21 09:15:19.524,1.2417,1.24225,3.20,3.20
2009.07.21 09:15:27.172,1.2418,1.24255,3.20,3.20
2009.07.21 09:15:27.852,1.2418,1.24255,3.20,3.40
2009.07.21 09:15:28.912,1.2418,1.24255,3.40,3.20
2009.07.21 09:15:35.750,1.2418,1.24255,7.20,3.20
2009.07.21 09:15:56.885,1.2418,1.24255,7.20,3.20
2009.07.21 09:16:22.199,1.2418,1.2425,7.00,1.60
2009.07.21 09:16:22.319,1.2418,1.24245,3.20,3.80
2009.07.21 09:16:22.439,1.24155,1.24245,8.60,3.80
2009.07.21 09:16:22.559,1.24155,1.24245,4.80,3.80
2009.07.21 09:16:22.919,1.2414,1.24245,1.60,3.80
2009.07.21 09:16:22.969,1.24155,1.24245,3.80,3.80
2009.07.21 09:16:23.029,1.24155,1.24245,7.00,3.80
2009.07.21 09:16:32.497,1.24135,1.2424,11.20,1.00
2009.07.21 09:16:32.897,1.2415,1.24275,3.80,1.00
2009.07.21 09:16:33.316,1.2415,1.24275,11.80,1.00
2009.07.21 09:16:36.595,1.2415,1.24265,1.00,1.00
2009.07.21 09:16:37.965,1.2415,1.2426,1.00,1.00
2009.07.21 09:16:44.203,1.2415,1.24255,1.00,3.20
2009.07.21 09:16:44.314,1.24145,1.24255,11.80,5.00
2009.07.21 09:16:44.493,1.24145,1.24255,8.00,8.80
2009.07.21 09:16:44.843,1.24145,1.24255,11.80,3.40
2009.07.21 09:16:45.013,1.24145,1.24255,11.80,1.00
2009.07.21 09:16:45.293,1.24145,1.24255,8.00,1.00
2009.07.21 09:16:45.414,1.2414,1.24255,11.80,1.00
2009.07.21 09:16:45.693,1.24145,1.2426,3.80,1.00
2009.07.21 09:16:46.273,1.2414,1.24255,12.00,1.00
2009.07.21 09:16:52.251,1.24135,1.24245,3.40,1.00
2009.07.21 09:16:55.001,1.24135,1.24245,1.00,1.00
2009.07.21 09:16:56.151,1.2413,1.2424,15.20,1.00
2009.07.21 09:17:03.469,1.24135,1.2424,3.20,1.00
2009.07.21 09:17:15.766,1.2419,1.24255,1.00,3.20
2009.07.21 09:17:21.665,1.24195,1.24255,3.20,3.20
2009.07.21 09:17:31.832,1.24205,1.24255,3.20,3.20
2009.07.21 09:17:32.242,1.24205,1.2426,3.20,3.20
2009.07.21 09:17:32.542,1.24205,1.2427,3.20,3.20
2009.07.21 09:17:42.940,1.2421,1.2426,3.20,3.20
2009.07.21 09:17:43.639,1.2419,1.2426,3.20,3.20
2009.07.21 09:17:49.618,1.24195,1.24275,7.00,3.20
2009.07.21 09:17:49.728,1.24195,1.24275,3.20,3.20
2009.07.21 09:17:51.867,1.24195,1.2427,3.40,3.20
2009.07.21 09:18:21.840,1.24225,1.2427,1.60,3.20
2009.07.21 09:18:22.020,1.24235,1.2428,3.80,1.60
2009.07.21 09:18:22.530,1.24225,1.2428,5.40,1.60
2009.07.21 09:18:22.700,1.24225,1.2428,3.80,1.60
2009.07.21 09:18:22.880,1.2422,1.2428,8.00,1.60
2009.07.21 09:18:23.110,1.2421,1.2428,1.00,1.60
2009.07.21 09:18:23.600,1.2425,1.2428,1.60,1.60
2009.07.21 09:18:23.769,1.2426,1.2428,3.80,1.60
2009.07.21 09:18:24.100,1.2424,1.2428,8.00,1.60
2009.07.21 09:18:24.320,1.24205,1.2428,8.00,1.00
2009.07.21 09:18:24.739,1.2424,1.2428,17.60,1.00
2009.07.21 09:18:24.910,1.24225,1.2428,1.60,1.00
2009.07.21 09:18:25.190,1.24245,1.2428,1.60,1.00
2009.07.21 09:18:25.649,1.2422,1.2428,3.80,1.00
2009.07.21 09:18:26.409,1.24235,1.2428,3.20,1.00
2009.07.21 09:18:26.759,1.24205,1.2428,4.00,1.00
2009.07.21 09:18:27.339,1.2421,1.2428,1.00,1.00
2009.07.21 09:18:27.929,1.24215,1.2428,4.00,1.00
2009.07.21 09:18:28.569,1.2422,1.2428,1.00,1.00
2009.07.21 09:18:33.737,1.24225,1.2428,8.00,1.00
2009.07.21 09:18:34.887,1.24215,1.2428,9.80,1.00
2009.07.21 09:18:35.347,1.24225,1.2428,16.00,1.00
2009.07.21 09:18:35.567,1.24225,1.2428,8.00,1.00
2009.07.21 09:18:39.026,1.24225,1.2428,8.00,1.00
2009.07.21 09:18:43.775,1.24225,1.2428,9.60,1.00
2009.07.21 09:18:44.065,1.24235,1.2428,3.80,1.00
2009.07.21 09:18:44.125,1.2424,1.2428,8.00,1.00
2009.07.21 09:18:44.295,1.2422,1.2428,8.00,1.00
2009.07.21 09:18:44.695,1.2421,1.2428,8.20,1.00
2009.07.21 09:18:45.104,1.24215,1.2428,3.80,1.00
2009.07.21 09:18:45.335,1.24225,1.2428,8.00,1.00
2009.07.21 09:18:45.744,1.24215,1.2428,8.20,1.00
2009.07.21 09:18:46.434,1.2423,1.2428,3.80,1.00
2009.07.21 09:18:46.794,1.24235,1.2428,8.00,1.00
2009.07.21 09:18:48.774,1.2423,1.2428,8.00,1.00
2009.07.21 09:18:50.214,1.24225,1.2428,8.00,1.00
2009.07.21 09:18:53.063,1.2423,1.2428,8.00,1.00
2009.07.21 09:18:53.762,1.24235,1.2428,3.80,1.00
2009.07.21 09:18:53.873,1.2423,1.2428,8.00,1.00
2009.07.21 09:18:54.742,1.24225,1.2428,8.00,1.00
2009.07.21 09:18:59.561,1.24215,1.2428,8.20,1.00
2009.07.21 09:19:00.251,1.24225,1.2428,8.00,1.00
2009.07.21 09:19:00.521,1.24225,1.2429,8.00,1.60
2009.07.21 09:19:02.860,1.24225,1.2429,8.20,1.60
2009.07.21 09:19:07.899,1.24225,1.2429,8.00,1.60
2009.07.21 09:19:08.429,1.24215,1.2429,8.20,1.60
2009.07.21 09:19:09.999,1.2422,1.2429,3.80,1.60
2009.07.21 09:19:10.109,1.24225,1.2429,8.00,1.60
2009.07.21 09:19:10.698,1.24215,1.2429,8.20,1.60
2009.07.21 09:19:12.928,1.24225,1.2429,8.00,1.60
2009.07.21 09:19:15.067,1.24225,1.2429,12.00,1.60
2009.07.21 09:19:20.036,1.2423,1.2429,12.00,1.60
2009.07.21 09:19:24.946,1.2423,1.2429,8.20,1.60
2009.07.21 09:19:25.355,1.2423,1.2429,8.00,1.60
2009.07.21 09:19:25.695,1.24225,1.2429,12.00,1.60
2009.07.21 09:19:26.096,1.2423,1.2429,3.80,1.60
2009.07.21 09:19:26.685,1.2423,1.2429,11.80,1.60
2009.07.21 09:19:26.984,1.2423,1.2429,12.00,1.60
2009.07.21 09:19:33.993,1.2423,1.2429,11.80,1.60
2009.07.21 09:19:36.312,1.2428,1.2429,1.60,1.60
2009.07.21 09:19:36.852,1.24295,1.2438,3.80,3.20
2009.07.21 09:19:37.252,1.2429,1.2438,3.80,1.60
2009.07.21 09:19:37.592,1.2424,1.24365,5.40,3.80
2009.07.21 09:19:37.992,1.24225,1.2435,11.80,3.80
2009.07.21 09:19:38.292,1.24225,1.24335,3.80,8.00
2009.07.21 09:19:38.972,1.2424,1.2433,3.80,8.00
2009.07.21 09:19:39.351,1.24235,1.24315,3.80,8.00
2009.07.21 09:19:41.651,1.24225,1.2431,4.00,8.00
2009.07.21 09:19:43.471,1.24235,1.2433,3.80,8.20
2009.07.21 09:19:43.751,1.24225,1.2433,4.00,8.20
2009.07.21 09:19:43.870,1.24225,1.2432,7.20,8.00
2009.07.21 09:19:44.330,1.24225,1.24325,7.20,8.00
2009.07.21 09:19:44.680,1.24225,1.24325,7.20,1.00
2009.07.21 09:19:45.040,1.24225,1.2432,7.20,1.00
2009.07.21 09:19:45.730,1.24225,1.2432,8.80,1.00
2009.07.21 09:19:46.180,1.2423,1.2433,8.00,1.00
2009.07.21 09:19:46.240,1.24225,1.2433,7.20,1.00
2009.07.21 09:19:46.700,1.24235,1.2433,3.80,1.00
2009.07.21 09:19:47.120,1.24285,1.24355,3.80,8.00
2009.07.21 09:19:47.541,1.2429,1.24375,3.80,3.20
2009.07.21 09:19:47.959,1.2429,1.24385,3.80,3.20
2009.07.21 09:19:48.180,1.24245,1.2437,8.00,1.60
2009.07.21 09:19:48.459,1.24225,1.24365,8.00,8.00
2009.07.21 09:19:48.629,1.2423,1.24365,8.00,8.00
2009.07.21 09:19:49.130,1.2423,1.24365,8.00,11.20
2009.07.21 09:19:49.349,1.2424,1.2435,11.80,3.80
2009.07.21 09:19:49.899,1.2424,1.24345,11.80,1.00
2009.07.21 09:19:51.918,1.2424,1.2434,11.80,1.00
2009.07.21 09:19:56.108,1.2423,1.2434,8.00,1.00
2009.07.21 09:19:56.627,1.2424,1.2436,8.00,1.00
2009.07.21 09:19:56.907,1.2425,1.24365,8.00,3.40
2009.07.21 09:19:57.257,1.2424,1.24355,11.80,3.80
2009.07.21 09:19:57.937,1.2424,1.24345,11.80,1.00
2009.07.21 09:19:59.427,1.2425,1.24345,3.80,1.00
2009.07.21 09:20:00.057,1.2429,1.2437,3.80,8.00
2009.07.21 09:20:00.296,1.243,1.24375,3.80,8.00
2009.07.21 09:20:00.516,1.243,1.24385,3.80,3.20
2009.07.21 09:20:00.806,1.2428,1.2438,8.00,5.40
2009.07.21 09:20:01.146,1.2426,1.24375,3.80,5.40
2009.07.21 09:20:01.836,1.24245,1.24365,12.00,1.60
2009.07.21 09:20:02.886,1.24255,1.24365,12.00,1.80
2009.07.21 09:20:04.296,1.24255,1.2436,12.00,1.00
2009.07.21 09:20:05.155,1.2427,1.2436,1.60,1.00
2009.07.21 09:20:05.436,1.2428,1.2436,3.80,1.00
2009.07.21 09:20:05.945,1.2428,1.2436,5.40,1.00
2009.07.21 09:20:06.065,1.2429,1.24365,3.80,3.20
2009.07.21 09:20:06.365,1.24295,1.2437,3.80,3.20
2009.07.21 09:20:06.895,1.24285,1.24375,3.80,4.80
2009.07.21 09:20:07.575,1.24285,1.24375,3.80,3.40
2009.07.21 09:20:07.695,1.24295,1.24375,3.80,3.40
2009.07.21 09:20:11.044,1.24305,1.24375,3.80,1.00
2009.07.21 09:20:13.013,1.24305,1.2441,3.80,3.40
2009.07.21 09:20:14.233,1.24305,1.244,4.00,3.20
2009.07.21 09:20:30.449,1.24305,1.244,3.80,3.40
2009.07.21 09:20:30.779,1.243,1.2439,4.00,3.20
2009.07.21 09:20:31.299,1.24305,1.2439,3.80,3.20
2009.07.21 09:20:31.579,1.24305,1.24385,3.80,3.20
2009.07.21 09:20:36.648,1.2432,1.24405,3.80,6.40
2009.07.21 09:20:38.517,1.24325,1.24395,3.80,1.60
2009.07.21 09:20:38.627,1.24315,1.24385,3.80,6.40
2009.07.21 09:20:38.747,1.24315,1.24385,3.80,3.20
2009.07.21 09:20:42.856,1.2431,1.24385,3.80,3.20
2009.07.21 09:20:42.966,1.2432,1.24385,3.80,3.20
2009.07.21 09:20:43.366,1.24315,1.24385,3.80,3.20
2009.07.21 09:20:43.776,1.2431,1.24385,3.80,3.20
2009.07.21 09:20:43.956,1.2431,1.24385,3.80,6.40
2009.07.21 09:20:44.466,1.2431,1.24385,4.00,6.40
2009.07.21 09:20:44.756,1.2431,1.2438,4.00,3.20
2009.07.21 09:20:45.186,1.2431,1.2439,4.00,3.20
2009.07.21 09:20:45.746,1.2432,1.2439,3.80,3.20
2009.07.21 09:20:46.086,1.2432,1.244,3.80,6.40
2009.07.21 09:20:46.645,1.24305,1.244,7.20,6.60
2009.07.21 09:20:47.005,1.24305,1.2439,7.20,3.20
2009.07.21 09:20:47.406,1.24305,1.2438,3.20,3.20
2009.07.21 09:20:47.855,1.2432,1.2438,3.20,3.20
2009.07.21 09:20:50.304,1.24305,1.2438,3.20,3.20
2009.07.21 09:20:52.854,1.2429,1.2438,8.00,3.20
2009.07.21 09:20:52.964,1.24285,1.2438,7.20,6.40
2009.07.21 09:20:54.284,1.2429,1.2438,7.20,6.60
2009.07.21 09:20:55.153,1.243,1.24365,3.20,3.20
2009.07.21 09:20:57.783,1.24295,1.2436,3.80,3.20
2009.07.21 09:20:58.142,1.24255,1.24355,1.20,3.80
2009.07.21 09:20:58.313,1.2422,1.24355,12.00,12.00
2009.07.21 09:20:58.652,1.24235,1.24355,3.80,12.00
2009.07.21 09:20:58.832,1.24235,1.24355,7.00,4.00
2009.07.21 09:20:59.862,1.24245,1.24345,7.00,1.00
2009.07.21 09:21:00.842,1.24245,1.24345,7.20,1.00
2009.07.21 09:21:04.091,1.2424,1.2434,8.00,1.00
2009.07.21 09:21:10.869,1.2423,1.2434,11.80,1.00
2009.07.21 09:21:12.159,1.2423,1.24345,12.00,1.00
2009.07.21 09:21:12.619,1.2424,1.24345,1.60,1.00
2009.07.21 09:21:12.729,1.2425,1.24355,3.80,8.00
2009.07.21 09:21:13.319,1.2425,1.2436,8.00,5.00
2009.07.21 09:21:13.599,1.24245,1.2436,11.80,5.00
2009.07.21 09:21:15.568,1.24245,1.2436,12.00,4.80
2009.07.21 09:21:15.918,1.24245,1.2436,12.00,1.00
2009.07.21 09:21:18.678,1.2425,1.2436,11.80,1.00
2009.07.21 09:21:20.157,1.2425,1.2436,12.00,1.00
2009.07.21 09:21:20.857,1.24255,1.24365,1.00,3.40
2009.07.21 09:21:24.006,1.2426,1.2437,11.80,1.00
2009.07.21 09:21:25.156,1.2426,1.24375,12.00,3.40
2009.07.21 09:21:27.345,1.2426,1.24365,11.80,3.20
2009.07.21 09:21:27.806,1.2426,1.24365,3.80,3.20
2009.07.21 09:21:27.865,1.2425,1.24365,11.80,4.80
2009.07.21 09:21:27.915,1.2425,1.24365,8.00,4.80
2009.07.21 09:21:31.125,1.24245,1.24355,8.00,1.00
2009.07.21 09:21:36.653,1.24245,1.2436,8.00,1.00
2009.07.21 09:21:36.883,1.24245,1.2436,11.80,1.00
2009.07.21 09:21:37.113,1.24245,1.2437,12.00,21.40
2009.07.21 09:21:37.283,1.24255,1.2437,16.00,11.80
2009.07.21 09:21:37.503,1.2426,1.2437,11.80,8.00
2009.07.21 09:21:37.673,1.24265,1.2437,1.60,4.80
2009.07.21 09:21:38.013,1.2428,1.24395,3.80,8.00
2009.07.21 09:21:40.222,1.24305,1.24415,8.00,1.00
2009.07.21 09:21:40.852,1.243,1.2439,8.00,1.60
2009.07.21 09:21:41.152,1.243,1.2439,1.60,1.60
2009.07.21 09:21:41.442,1.2428,1.2439,7.00,1.60
2009.07.21 09:21:43.142,1.24285,1.24375,7.00,1.80
2009.07.21 09:21:44.232,1.24285,1.2437,7.00,1.00
2009.07.21 09:21:44.691,1.24285,1.2437,7.00,5.60
2009.07.21 09:21:46.001,1.24285,1.24365,7.00,1.00
2009.07.21 09:21:46.891,1.24285,1.2436,7.00,1.00
2009.07.21 09:21:48.090,1.24285,1.2436,3.80,1.00
2009.07.21 09:21:51.280,1.24275,1.2435,7.20,3.20
2009.07.21 09:21:53.989,1.24275,1.2435,7.00,3.40
2009.07.21 09:22:00.407,1.24275,1.2434,7.20,3.20
2009.07.21 09:22:00.508,1.24275,1.2434,3.80,3.20
2009.07.21 09:22:00.809,1.2425,1.2434,3.20,3.20
2009.07.21 09:22:01.157,1.24265,1.24345,3.80,1.00
2009.07.21 09:22:01.497,1.2425,1.2434,3.80,1.00
2009.07.21 09:22:05.226,1.24255,1.24345,4.00,1.80
2009.07.21 09:22:05.336,1.24255,1.24345,7.20,1.00
2009.07.21 09:22:05.626,1.24265,1.24345,3.80,1.00
2009.07.21 09:22:09.535,1.2427,1.2435,3.80,3.40
2009.07.21 09:22:09.825,1.24275,1.2435,3.80,3.40
2009.07.21 09:22:10.495,1.2427,1.2435,3.80,3.40
2009.07.21 09:22:10.835,1.24275,1.2435,3.80,3.40
2009.07.21 09:22:13.784,1.24275,1.2435,4.00,3.40
2009.07.21 09:22:20.023,1.24255,1.24345,10.20,1.80
2009.07.21 09:22:20.473,1.24265,1.24345,3.80,1.80
2009.07.21 09:22:20.873,1.2427,1.2437,3.80,3.80
2009.07.21 09:22:21.343,1.2427,1.24375,11.80,1.00
2009.07.21 09:22:23.542,1.2427,1.24365,4.00,1.60
2009.07.21 09:22:30.140,1.2428,1.24395,3.80,1.60
2009.07.21 09:22:30.710,1.2428,1.24395,3.80,4.80
2009.07.21 09:22:30.941,1.2428,1.2438,3.80,1.60
2009.07.21 09:22:31.470,1.24275,1.2438,4.00,1.60
2009.07.21 09:22:36.589,1.24265,1.2439,12.00,8.20
2009.07.21 09:22:36.879,1.24265,1.2439,8.20,8.20
2009.07.21 09:22:37.909,1.24265,1.24385,8.20,1.00
2009.07.21 09:22:45.587,1.24275,1.24385,8.00,1.00
2009.07.21 09:22:45.697,1.2427,1.24385,1.00,3.40
2009.07.21 09:22:46.916,1.2427,1.2438,1.00,1.00
2009.07.21 09:22:47.906,1.2427,1.2438,1.80,1.00
2009.07.21 09:22:48.006,1.2428,1.2439,3.80,8.00
2009.07.21 09:22:48.366,1.2428,1.24395,11.80,3.40
2009.07.21 09:22:48.876,1.2429,1.24395,3.80,3.20
2009.07.21 09:22:49.206,1.2429,1.244,11.80,4.80
2009.07.21 09:22:49.556,1.2429,1.244,12.00,4.80
2009.07.21 09:22:50.046,1.2429,1.24395,12.00,3.80
2009.07.21 09:22:50.446,1.24295,1.24395,3.80,3.20
2009.07.21 09:22:50.836,1.2429,1.24385,4.00,3.20
2009.07.21 09:22:51.415,1.2429,1.2439,4.00,8.00
2009.07.21 09:22:52.175,1.24295,1.2439,3.80,8.00
2009.07.21 09:22:52.565,1.24295,1.24385,3.80,3.20
2009.07.21 09:22:52.685,1.2429,1.24385,4.00,3.20
2009.07.21 09:22:56.924,1.24285,1.24385,1.00,3.40
2009.07.21 09:22:57.424,1.24285,1.24375,1.00,3.20
2009.07.21 09:22:58.054,1.24285,1.2438,1.00,3.40
2009.07.21 09:23:03.003,1.24285,1.24385,1.00,3.40
2009.07.21 09:23:03.392,1.24285,1.24375,1.00,3.20
2009.07.21 09:23:03.743,1.2428,1.24375,3.80,1.60
2009.07.21 09:23:04.142,1.2426,1.24385,1.00,8.00
2009.07.21 09:23:04.602,1.2426,1.2439,8.20,8.00
2009.07.21 09:23:05.002,1.2426,1.2439,8.20,8.20
2009.07.21 09:23:07.182,1.24265,1.24385,8.20,1.00
2009.07.21 09:23:07.971,1.24265,1.24385,8.00,4.00
2009.07.21 09:23:08.261,1.2426,1.24385,20.00,12.00
2009.07.21 09:23:08.431,1.2426,1.24385,12.00,15.20
2009.07.21 09:23:08.591,1.2426,1.24375,12.00,3.20
2009.07.21 09:23:09.001,1.2426,1.2437,12.00,3.80
2009.07.21 09:23:09.171,1.2426,1.24365,4.00,3.20
2009.07.21 09:23:10.921,1.2426,1.2436,4.00,3.40
2009.07.21 09:23:13.770,1.2426,1.24355,3.80,1.00
2009.07.21 09:23:18.849,1.2426,1.2436,3.80,3.20
2009.07.21 09:23:19.129,1.2425,1.2436,12.00,7.00
2009.07.21 09:23:19.469,1.2425,1.2436,4.00,7.00
2009.07.21 09:23:19.928,1.2425,1.2435,4.00,3.20
2009.07.21 09:23:20.098,1.24255,1.2435,1.00,3.20
2009.07.21 09:23:21.208,1.24255,1.2435,1.00,3.40
2009.07.21 09:23:21.958,1.24255,1.2435,1.00,3.20
2009.07.21 09:23:22.238,1.2426,1.24355,3.80,3.40
2009.07.21 09:23:22.648,1.24255,1.24345,1.00,3.20
2009.07.21 09:23:22.828,1.2426,1.24355,3.80,3.40
2009.07.21 09:23:24.727,1.2426,1.24345,3.80,1.60
2009.07.21 09:23:24.847,1.2426,1.24345,3.80,5.40
2009.07.21 09:23:25.187,1.2426,1.2434,3.80,3.20
2009.07.21 09:23:29.706,1.2426,1.24335,3.80,3.20
2009.07.21 09:23:29.876,1.2425,1.24335,3.80,7.00
2009.07.21 09:23:30.906,1.2425,1.24335,4.00,7.20
2009.07.21 09:23:32.006,1.2425,1.2433,3.80,1.00
2009.07.21 09:23:32.785,1.2425,1.2433,4.00,1.00
2009.07.21 09:23:33.645,1.2426,1.2434,3.80,3.20
2009.07.21 09:23:34.045,1.2426,1.24345,3.80,8.60
2009.07.21 09:23:35.535,1.2426,1.24345,3.80,7.00
2009.07.21 09:23:35.994,1.243,1.24405,3.80,3.20
2009.07.21 09:23:38.204,1.24315,1.2439,3.80,3.40
2009.07.21 09:23:38.364,1.2428,1.24385,11.20,3.80
2009.07.21 09:23:38.424,1.2428,1.24385,8.00,12.00
2009.07.21 09:23:38.474,1.24255,1.2438,1.60,8.00
2009.07.21 09:23:38.534,1.2427,1.2438,3.80,8.00
2009.07.21 09:23:38.824,1.2427,1.24385,3.80,12.00
2009.07.21 09:23:40.033,1.2428,1.2438,3.80,1.00
2009.07.21 09:23:41.073,1.2428,1.24375,3.80,1.00
2009.07.21 09:23:46.382,1.24265,1.24385,3.80,3.20
2009.07.21 09:23:47.022,1.24265,1.24385,4.00,3.20
2009.07.21 09:23:48.222,1.2427,1.24375,1.00,3.20
2009.07.21 09:23:48.751,1.2427,1.24375,1.80,3.20
2009.07.21 09:23:48.922,1.2428,1.24385,3.80,3.20
2009.07.21 09:23:49.202,1.2428,1.24385,3.80,6.40
2009.07.21 09:23:49.991,1.2428,1.24385,4.00,6.60
2009.07.21 09:23:50.681,1.2428,1.2438,4.00,1.60
2009.07.21 09:23:51.131,1.24275,1.2438,4.00,8.80
2009.07.21 09:23:51.351,1.24275,1.2438,4.00,5.60
2009.07.21 09:23:52.161,1.24275,1.24375,4.00,1.00
2009.07.21 09:23:53.120,1.24275,1.2438,4.00,5.60
2009.07.21 09:23:53.240,1.2428,1.2438,1.60,5.60
2009.07.21 09:23:53.530,1.2429,1.2438,3.80,5.60
2009.07.21 09:24:02.278,1.24315,1.2441,3.20,3.80
2009.07.21 09:24:02.638,1.24325,1.24415,3.80,5.60
2009.07.21 09:24:02.758,1.24325,1.2441,3.80,5.40
2009.07.21 09:24:03.168,1.2432,1.244,10.20,3.20
2009.07.21 09:24:03.748,1.2432,1.244,7.00,3.20
2009.07.21 09:24:03.978,1.24325,1.2441,3.80,5.40
2009.07.21 09:24:04.608,1.24315,1.24405,3.80,8.60
2009.07.21 09:24:05.557,1.24305,1.24395,3.20,5.40
2009.07.21 09:24:05.788,1.24285,1.24395,1.80,5.40
2009.07.21 09:24:06.307,1.2429,1.2439,3.80,8.00
2009.07.21 09:24:06.757,1.2429,1.2439,3.80,5.40
2009.07.21 09:24:08.997,1.24295,1.2439,3.80,5.60
2009.07.21 09:24:09.716,1.24295,1.2439,1.60,4.00
2009.07.21 09:24:16.025,1.24295,1.2439,3.80,5.60
2009.07.21 09:24:17.255,1.2429,1.2439,3.20,4.00
2009.07.21 09:24:17.545,1.2428,1.2439,5.40,4.00
2009.07.21 09:24:20.734,1.2429,1.24385,7.00,7.20
2009.07.21 09:24:22.123,1.2429,1.2438,7.00,1.00
2009.07.21 09:24:22.913,1.2429,1.2438,7.20,1.00
2009.07.21 09:24:30.261,1.243,1.24385,3.20,8.60
2009.07.21 09:24:30.561,1.24305,1.24385,3.80,3.20
2009.07.21 09:24:30.801,1.24305,1.24395,3.80,1.00
2009.07.21 09:24:31.191,1.24305,1.24395,7.00,1.00
2009.07.21 09:24:33.091,1.24305,1.24395,7.20,1.00
2009.07.21 09:24:36.980,1.2432,1.24385,3.80,3.20
2009.07.21 09:24:37.210,1.24305,1.24385,3.20,3.20
2009.07.21 09:24:37.490,1.243,1.24385,3.20,3.20
2009.07.21 09:24:37.670,1.2429,1.2439,3.80,5.40
2009.07.21 09:24:38.769,1.24295,1.2439,3.80,5.60
2009.07.21 09:24:39.119,1.24295,1.2439,3.80,5.40
2009.07.21 09:24:39.179,1.24295,1.2439,5.40,3.80
2009.07.21 09:24:39.479,1.24305,1.2438,3.80,1.60
2009.07.21 09:24:39.539,1.24305,1.24375,3.80,3.20
2009.07.21 09:24:39.889,1.24305,1.2439,3.80,8.00
2009.07.21 09:24:40.160,1.24305,1.24395,1.60,5.40
2009.07.21 09:24:46.847,1.2431,1.24385,10.40,3.20
2009.07.21 09:24:47.927,1.2431,1.24385,10.40,3.40
2009.07.21 09:24:49.127,1.2431,1.24385,10.20,3.40
2009.07.21 09:24:49.527,1.24305,1.24385,7.00,3.40
2009.07.21 09:24:49.757,1.24305,1.24395,7.20,1.00
2009.07.21 09:24:51.726,1.24305,1.24385,7.00,3.20
2009.07.21 09:24:53.046,1.2431,1.24385,3.80,3.40
2009.07.21 09:24:53.156,1.2431,1.24385,7.00,3.40
2009.07.21 09:24:53.326,1.2431,1.24385,3.80,3.40
2009.07.21 09:24:53.666,1.24305,1.24385,7.00,3.40
2009.07.21 09:24:55.895,1.24305,1.2438,7.00,1.00
2009.07.21 09:24:58.175,1.24305,1.24385,7.00,3.40
2009.07.21 09:24:58.395,1.2431,1.24385,3.20,3.40
2009.07.21 09:24:58.675,1.2431,1.24385,7.00,3.40
2009.07.21 09:24:59.844,1.2431,1.24385,7.20,3.20
2009.07.21 09:25:01.984,1.2431,1.24385,7.20,3.40
2009.07.21 09:25:25.848,1.24305,1.24375,3.20,3.20
2009.07.21 09:25:30.957,1.24285,1.2437,7.20,5.00
2009.07.21 09:25:31.237,1.243,1.2437,3.80,5.00
2009.07.21 09:25:31.647,1.243,1.2439,7.00,3.20
2009.07.21 09:25:31.817,1.2431,1.24405,3.80,1.00
2009.07.21 09:25:32.547,1.24315,1.244,3.20,1.00
2009.07.21 09:25:32.827,1.24305,1.24385,7.00,3.20
2009.07.21 09:25:33.336,1.24305,1.24395,4.00,1.00
2009.07.21 09:25:36.036,1.24305,1.24395,7.20,1.00
2009.07.21 09:25:45.034,1.24305,1.24385,7.00,3.40
2009.07.21 09:25:45.094,1.24305,1.24385,3.80,5.00
2009.07.21 09:25:45.394,1.243,1.24375,3.20,3.20
2009.07.21 09:25:45.503,1.24295,1.24375,10.40,3.20
2009.07.21 09:25:48.063,1.24305,1.2437,3.20,3.20
2009.07.21 09:25:49.034,1.24305,1.2437,3.20,3.40
2009.07.21 09:25:49.884,1.2431,1.2438,3.20,1.00
2009.07.21 09:25:50.924,1.2431,1.24385,3.20,3.40
2009.07.21 09:25:52.173,1.2431,1.2438,3.20,1.00
2009.07.21 09:26:27.345,1.24305,1.2438,3.80,1.00
2009.07.21 09:26:32.483,1.2431,1.2438,3.20,1.00
2009.07.21 09:26:37.073,1.24305,1.2438,3.80,1.00
2009.07.21 09:26:37.302,1.243,1.2437,3.20,3.20
2009.07.21 09:26:37.422,1.24295,1.2437,10.40,3.20
2009.07.21 09:26:40.922,1.24295,1.2437,7.20,3.20
2009.07.21 09:26:41.141,1.24295,1.2437,7.20,3.40
2009.07.21 09:26:52.169,1.24305,1.24385,3.80,3.40
2009.07.21 09:26:53.019,1.24305,1.2438,3.80,1.00
2009.07.21 09:27:00.377,1.2431,1.24385,7.00,3.20
2009.07.21 09:27:00.557,1.2432,1.24405,3.80,1.00
2009.07.21 09:27:01.236,1.2432,1.244,3.80,1.60
2009.07.21 09:27:01.457,1.2431,1.24395,3.80,1.60
2009.07.21 09:27:01.846,1.2431,1.24395,3.80,5.60
2009.07.21 09:27:02.196,1.2429,1.2439,5.40,5.40
2009.07.21 09:27:02.706,1.2429,1.244,3.80,8.00
2009.07.21 09:27:03.096,1.2429,1.24405,5.40,1.00
2009.07.21 09:27:04.226,1.24295,1.24405,5.60,1.00
2009.07.21 09:27:04.556,1.24295,1.244,5.40,1.80
2009.07.21 09:27:04.676,1.24295,1.244,5.40,13.60
2009.07.21 09:27:05.346,1.24295,1.24385,5.40,5.40
2009.07.21 09:27:05.626,1.24295,1.24385,3.80,5.40
2009.07.21 09:27:07.626,1.24285,1.2437,8.60,3.20
2009.07.21 09:27:10.694,1.2429,1.2437,3.20,3.20
2009.07.21 09:27:10.864,1.2429,1.2437,3.20,3.40
2009.07.21 09:27:12.014,1.24305,1.2437,3.20,3.20
2009.07.21 09:27:13.714,1.2431,1.24395,3.20,7.20
2009.07.21 09:27:14.624,1.24305,1.24395,3.80,7.20
2009.07.21 09:27:15.143,1.24285,1.2438,3.80,7.00
2009.07.21 09:27:18.133,1.2429,1.24375,3.80,7.20
2009.07.21 09:27:18.643,1.2428,1.24365,3.20,3.80
2009.07.21 09:27:19.062,1.2427,1.24365,3.80,3.80
2009.07.21 09:27:23.232,1.2427,1.24365,3.80,3.80
2009.07.21 09:27:23.521,1.2428,1.24365,1.60,3.80
2009.07.21 09:27:23.861,1.243,1.24375,1.60,7.00
2009.07.21 09:27:23.921,1.24305,1.24395,7.00,11.40
2009.07.21 09:27:24.271,1.24285,1.2438,3.20,3.20
2009.07.21 09:27:24.731,1.2427,1.2438,7.00,3.20
2009.07.21 09:27:24.971,1.2429,1.2438,1.60,3.20
2009.07.21 09:27:26.481,1.24295,1.24375,5.40,3.20
2009.07.21 09:27:27.710,1.24305,1.24375,5.40,3.20
2009.07.21 09:27:32.261,1.2428,1.2438,11.80,3.80
2009.07.21 09:27:32.669,1.2428,1.2438,3.80,3.80
2009.07.21 09:27:33.129,1.2428,1.2438,5.40,3.80
2009.07.21 09:27:33.299,1.24295,1.24385,3.80,4.00
2009.07.21 09:27:40.497,1.2432,1.24415,3.80,3.20
2009.07.21 09:27:40.967,1.24305,1.24415,3.80,8.60
2009.07.21 09:27:41.357,1.24305,1.24415,3.80,5.40
2009.07.21 09:27:42.527,1.24295,1.2441,3.80,7.20
2009.07.21 09:27:43.107,1.24295,1.2441,3.80,12.00
2009.07.21 09:27:44.136,1.243,1.2441,3.80,4.00
2009.07.21 09:27:44.546,1.2431,1.2441,3.80,4.00
2009.07.21 09:27:46.136,1.24315,1.2441,3.80,3.80
2009.07.21 09:27:46.816,1.24315,1.2441,3.80,4.00
2009.07.21 09:27:47.735,1.24305,1.24395,7.00,7.00
2009.07.21 09:27:53.044,1.24315,1.2441,3.80,4.00
2009.07.21 09:28:14.039,1.24315,1.2441,5.40,3.80
2009.07.21 09:28:14.329,1.24325,1.24415,3.80,4.00
2009.07.21 09:28:15.239,1.2431,1.2441,3.80,3.80
2009.07.21 09:28:17.418,1.24315,1.2441,3.80,4.00
2009.07.21 09:28:18.998,1.24315,1.2441,3.80,3.80
2009.07.21 09:28:19.519,1.24325,1.24415,3.80,4.00
2009.07.21 09:28:22.817,1.2433,1.24415,3.80,3.80
2009.07.21 09:28:23.107,1.24335,1.2442,3.80,7.20
2009.07.21 09:28:24.317,1.2434,1.2442,3.20,3.80
2009.07.21 09:28:24.716,1.2435,1.2444,3.20,7.00
2009.07.21 09:28:25.007,1.24335,1.2442,11.20,4.80
2009.07.21 09:28:25.476,1.24315,1.2441,3.80,3.80
2009.07.21 09:28:25.926,1.24315,1.2441,3.80,7.00
2009.07.21 09:28:32.365,1.2432,1.244,3.80,3.20
2009.07.21 09:28:36.974,1.2431,1.244,3.80,3.80
2009.07.21 09:28:37.553,1.2431,1.244,3.80,7.00
2009.07.21 09:28:38.114,1.2432,1.244,3.80,3.20
2009.07.21 09:28:47.061,1.2431,1.244,3.80,7.00
2009.07.21 09:28:48.252,1.2432,1.244,3.80,3.20
2009.07.21 09:29:27.681,1.24295,1.24385,3.80,7.20
2009.07.21 09:29:29.681,1.24295,1.2438,3.80,1.00
2009.07.21 09:29:29.911,1.2427,1.2438,8.00,1.00
2009.07.21 09:29:33.830,1.24255,1.24375,12.00,1.00
2009.07.21 09:29:34.780,1.24255,1.24375,8.00,1.00
2009.07.21 09:29:35.510,1.2425,1.24375,9.60,16.00
2009.07.21 09:29:36.010,1.2426,1.24395,8.00,8.20
2009.07.21 09:29:36.229,1.2427,1.24385,1.60,8.00
2009.07.21 09:29:36.739,1.2425,1.24385,9.60,8.00
2009.07.21 09:29:37.129,1.24255,1.24385,8.00,8.00
2009.07.21 09:29:40.518,1.2426,1.24385,8.00,8.20
2009.07.21 09:29:41.558,1.2427,1.24385,3.80,8.00
2009.07.21 09:29:41.958,1.24275,1.24395,8.00,1.00
2009.07.21 09:29:42.298,1.24255,1.24385,8.00,8.00
2009.07.21 09:29:48.107,1.2426,1.2437,1.60,8.00
2009.07.21 09:29:49.206,1.2426,1.24365,1.60,8.00
2009.07.21 09:29:50.046,1.2426,1.2437,1.60,8.00
2009.07.21 09:29:57.544,1.2426,1.2437,3.80,8.00
2009.07.21 09:29:58.114,1.24265,1.24395,8.00,8.00
2009.07.21 09:29:59.044,1.24265,1.24395,8.00,8.20
2009.07.21 09:30:02.573,1.24255,1.2438,8.00,8.00
2009.07.21 09:30:03.183,1.2426,1.24385,8.00,8.00
2009.07.21 09:30:16.739,1.2426,1.24385,8.00,16.00
2009.07.21 09:30:17.389,1.2425,1.24375,9.60,8.00
2009.07.21 09:30:20.559,1.2426,1.24365,1.60,8.00
2009.07.21 09:30:20.939,1.2426,1.2437,1.60,8.00
2009.07.21 09:30:32.376,1.2425,1.24375,9.60,8.00
2009.07.21 09:30:59.069,1.2426,1.2437,8.00,1.60
2009.07.21 09:30:59.239,1.2426,1.2437,8.00,5.40
2009.07.21 09:30:59.469,1.2425,1.2437,5.40,13.40
2009.07.21 09:30:59.589,1.2426,1.2437,1.60,13.40
2009.07.21 09:30:59.649,1.2426,1.2437,1.60,8.00
2009.07.21 09:30:59.889,1.2426,1.2439,8.00,8.00
2009.07.21 09:31:02.848,1.24265,1.2439,8.00,8.00
2009.07.21 09:31:05.268,1.24265,1.2439,8.00,8.20
2009.07.21 09:31:06.068,1.24265,1.2439,8.20,8.00
2009.07.21 09:31:07.377,1.2426,1.24375,4.00,3.80
2009.07.21 09:31:10.017,1.2425,1.2436,5.60,1.00
2009.07.21 09:31:11.087,1.2425,1.24355,5.40,8.20
2009.07.21 09:31:11.326,1.2426,1.24355,1.60,8.20
2009.07.21 09:31:11.608,1.2425,1.24355,5.40,8.20
2009.07.21 09:31:12.126,1.2425,1.24355,5.40,1.00
2009.07.21 09:31:43.619,1.2426,1.2435,1.60,8.00
2009.07.21 09:31:46.678,1.2425,1.24355,5.40,8.20
2009.07.21 09:31:47.198,1.2425,1.24355,5.40,1.00
2009.07.21 09:31:49.937,1.2426,1.24365,8.60,4.00
2009.07.21 09:31:50.228,1.24265,1.24365,3.80,1.00
2009.07.21 09:31:51.558,1.24265,1.24365,4.00,1.00
2009.07.21 09:31:52.047,1.24275,1.24375,3.80,3.20
2009.07.21 09:31:53.206,1.2428,1.24375,4.00,3.20
2009.07.21 09:31:53.996,1.24285,1.24375,1.00,3.20
2009.07.21 09:31:57.295,1.2428,1.24375,7.00,3.40
2009.07.21 09:31:57.785,1.2428,1.24365,3.40,3.80
2009.07.21 09:31:58.015,1.2428,1.2438,7.20,3.20
2009.07.21 09:31:59.095,1.24285,1.24375,1.00,3.20
2009.07.21 09:32:02.624,1.2428,1.24375,3.20,3.40
2009.07.21 09:32:02.804,1.2428,1.24375,3.20,1.00
2009.07.21 09:32:03.154,1.2426,1.24375,15.20,4.00
2009.07.21 09:32:03.324,1.2426,1.24375,4.00,4.00
2009.07.21 09:32:11.062,1.24265,1.24375,4.00,4.00
2009.07.21 09:32:11.232,1.24275,1.24375,3.80,1.00
2009.07.21 09:32:13.251,1.24275,1.2437,3.80,1.00
2009.07.21 09:32:14.101,1.24275,1.24375,4.00,1.00
2009.07.21 09:32:14.741,1.24275,1.24375,5.60,1.00
2009.07.21 09:32:15.311,1.24285,1.24375,3.80,1.00
2009.07.21 09:32:17.171,1.24285,1.2438,4.00,1.00
2009.07.21 09:32:17.460,1.24275,1.24375,4.00,1.00
2009.07.21 09:32:20.380,1.24265,1.24375,7.20,1.00
2009.07.21 09:32:21.009,1.24265,1.24375,4.00,1.00
2009.07.21 09:32:22.129,1.24265,1.2437,4.00,1.00
2009.07.21 09:32:25.569,1.24285,1.2438,3.80,9.60
2009.07.21 09:32:25.748,1.24285,1.24385,3.80,1.00
2009.07.21 09:32:26.139,1.24285,1.24375,3.80,3.20
2009.07.21 09:32:26.598,1.24285,1.24375,3.20,3.20
2009.07.21 09:32:27.158,1.2428,1.24375,5.40,3.20
2009.07.21 09:32:27.738,1.2428,1.24375,3.80,3.20
2009.07.21 09:32:28.998,1.2428,1.24375,4.00,3.20
2009.07.21 09:32:32.567,1.24285,1.2437,3.20,1.60
2009.07.21 09:32:34.796,1.24285,1.2437,3.20,1.80
2009.07.21 09:32:35.026,1.24295,1.24375,1.60,7.00
2009.07.21 09:32:35.426,1.2429,1.24375,3.20,7.00
2009.07.21 09:32:35.596,1.2429,1.24375,7.00,3.20
2009.07.21 09:32:35.766,1.2429,1.24375,3.80,3.20
2009.07.21 09:32:36.576,1.24285,1.24375,3.20,3.20
2009.07.21 09:32:36.736,1.2428,1.24375,7.20,3.20
2009.07.21 09:32:37.976,1.2428,1.24375,4.00,3.20
2009.07.21 09:32:38.316,1.2431,1.2443,3.80,11.20
2009.07.21 09:32:38.606,1.2431,1.2443,3.80,3.20
2009.07.21 09:32:40.805,1.24325,1.24415,4.00,3.20
2009.07.21 09:32:44.824,1.2433,1.24415,1.00,3.20
2009.07.21 09:32:54.312,1.2433,1.2441,1.60,3.80
2009.07.21 09:32:54.431,1.2433,1.244,1.60,3.20
2009.07.21 09:32:54.771,1.24335,1.244,1.60,3.20
2009.07.21 09:32:54.832,1.2434,1.244,3.20,3.20
2009.07.21 09:32:54.941,1.2433,1.244,1.60,3.20
2009.07.21 09:33:09.518,1.24325,1.244,3.20,3.40
2009.07.21 09:33:09.898,1.2433,1.244,1.60,3.40
2009.07.21 09:33:10.827,1.2433,1.244,1.60,3.20
2009.07.21 09:33:12.837,1.24325,1.244,3.20,3.20
2009.07.21 09:33:13.467,1.24335,1.244,3.20,3.20
2009.07.21 09:33:15.506,1.2432,1.2439,3.20,3.20
2009.07.21 09:33:15.997,1.24325,1.24405,5.40,3.20
2009.07.21 09:33:19.156,1.24325,1.244,3.20,3.40
2009.07.21 09:33:19.505,1.2433,1.244,1.60,3.40
2009.07.21 09:33:20.495,1.24325,1.2439,3.20,3.20
2009.07.21 09:33:54.177,1.24325,1.24385,3.20,3.20
2009.07.21 09:33:58.816,1.24325,1.24385,3.20,3.40
2009.07.21 09:34:05.735,1.24325,1.24385,3.20,7.20
2009.07.21 09:34:06.134,1.24325,1.24385,3.20,3.20
2009.07.21 09:34:07.984,1.24325,1.24385,3.20,3.40
2009.07.21 09:34:20.411,1.24315,1.24375,1.60,3.80
2009.07.21 09:34:20.801,1.24305,1.24385,3.20,7.20
2009.07.21 09:34:22.020,1.24305,1.2438,3.20,1.00
2009.07.21 09:34:44.385,1.2431,1.24385,3.80,3.40
2009.07.21 09:34:45.495,1.2431,1.2438,3.80,1.00
2009.07.21 09:34:45.885,1.24305,1.24385,8.60,3.40
2009.07.21 09:34:46.125,1.2431,1.24385,3.80,3.40
2009.07.21 09:34:52.293,1.24305,1.24385,8.60,3.40
2009.07.21 09:34:52.573,1.2431,1.24385,3.80,3.40
2009.07.21 09:34:56.022,1.2431,1.24385,4.00,3.40
2009.07.21 09:35:03.601,1.24315,1.24405,5.40,3.20
2009.07.21 09:35:03.900,1.24325,1.2442,3.80,1.60
2009.07.21 09:35:04.410,1.24315,1.2441,3.80,1.60
2009.07.21 09:35:05.400,1.2433,1.24395,3.80,3.20
2009.07.21 09:35:05.910,1.2432,1.24395,3.80,3.20
2009.07.21 09:35:06.320,1.243,1.24405,3.80,1.00
2009.07.21 09:35:06.879,1.2431,1.24405,3.80,8.00
2009.07.21 09:35:07.559,1.24315,1.24415,3.80,8.00
2009.07.21 09:35:12.078,1.24325,1.24405,1.60,8.00
2009.07.21 09:35:12.258,1.243,1.24405,3.80,8.00
2009.07.21 09:35:14.238,1.24305,1.244,3.80,11.80
2009.07.21 09:35:14.688,1.24305,1.244,3.80,4.00
2009.07.21 09:35:14.988,1.24305,1.244,3.80,1.00
2009.07.21 09:35:15.668,1.24305,1.244,3.80,12.00
2009.07.21 09:35:21.846,1.24305,1.24395,7.00,3.20
2009.07.21 09:35:37.622,1.24305,1.2438,3.80,3.20
2009.07.21 09:35:37.802,1.24305,1.2438,7.00,3.20
2009.07.21 09:35:40.492,1.24305,1.2438,3.20,3.20
2009.07.21 09:35:40.841,1.243,1.2438,3.80,3.20
2009.07.21 09:35:41.411,1.24305,1.2438,7.00,3.20
2009.07.21 09:35:42.001,1.24305,1.2438,3.80,3.20
2009.07.21 09:35:52.698,1.243,1.2438,3.80,3.20
2009.07.21 09:35:53.258,1.243,1.2438,5.40,3.20
2009.07.21 09:35:53.548,1.24305,1.2438,7.00,3.20
2009.07.21 09:35:53.888,1.24305,1.2438,3.80,3.20
2009.07.21 09:35:59.917,1.24305,1.24385,3.80,1.00
2009.07.21 09:36:03.206,1.243,1.24385,3.80,1.00
2009.07.21 09:36:03.436,1.2428,1.2438,7.00,3.80
2009.07.21 09:36:04.006,1.24295,1.24385,4.80,1.00
2009.07.21 09:36:04.296,1.24295,1.2438,4.80,3.20
2009.07.21 09:36:35.988,1.243,1.2438,3.20,3.20
2009.07.21 09:36:36.338,1.24305,1.2437,3.20,3.20
2009.07.21 09:36:55.693,1.24305,1.24375,3.20,4.00
2009.07.21 09:36:55.973,1.24305,1.2438,3.20,3.20
2009.07.21 09:36:56.304,1.243,1.24375,3.20,3.80
2009.07.21 09:36:56.813,1.24295,1.2438,5.40,3.80
2009.07.21 09:36:57.163,1.243,1.244,3.80,5.40
2009.07.21 09:36:57.223,1.2428,1.244,3.20,15.00
2009.07.21 09:36:57.343,1.2428,1.24395,1.60,8.00
2009.07.21 09:36:59.073,1.24285,1.2439,1.60,8.20
2009.07.21 09:37:08.611,1.24265,1.2439,6.60,8.20
2009.07.21 09:37:09.480,1.2427,1.2439,1.00,8.00
2009.07.21 09:37:09.780,1.24285,1.2439,3.80,8.00
2009.07.21 09:37:09.950,1.24285,1.24395,3.80,7.00
2009.07.21 09:37:10.520,1.24285,1.24385,3.80,1.60
2009.07.21 09:37:10.810,1.24285,1.2438,3.80,3.80
2009.07.21 09:37:11.150,1.24285,1.2438,3.80,5.40
2009.07.21 09:37:11.310,1.2429,1.2437,1.60,3.80
2009.07.21 09:37:11.700,1.24285,1.24375,3.80,3.80
2009.07.21 09:37:11.820,1.24285,1.24375,7.00,3.80
2009.07.21 09:37:13.569,1.24295,1.2438,3.20,3.20
2009.07.21 09:37:15.089,1.24295,1.24375,3.20,3.80
2009.07.21 09:37:16.069,1.24295,1.24375,3.40,3.80
2009.07.21 09:37:17.138,1.24295,1.24375,3.20,4.00
2009.07.21 09:37:17.908,1.24295,1.24375,3.40,4.00
2009.07.21 09:37:26.116,1.24295,1.24375,7.20,1.00
2009.07.21 09:37:28.685,1.24295,1.2438,7.20,7.00
2009.07.21 09:37:29.035,1.24295,1.2438,3.20,4.80
2009.07.21 09:37:29.425,1.2429,1.2438,3.80,4.80
2009.07.21 09:37:32.155,1.2429,1.2437,3.80,1.60
2009.07.21 09:37:32.315,1.24285,1.2437,3.20,1.60
2009.07.21 09:37:34.904,1.24285,1.2437,3.20,1.80
2009.07.21 09:37:41.083,1.24285,1.2437,3.20,1.60
2009.07.21 09:37:41.142,1.24285,1.24375,3.20,7.20
2009.07.21 09:37:41.442,1.2429,1.24375,7.00,3.40
2009.07.21 09:37:43.742,1.2429,1.24375,7.00,5.00
2009.07.21 09:37:43.922,1.24285,1.24365,10.20,3.20
2009.07.21 09:37:44.212,1.24285,1.24375,10.40,3.80
2009.07.21 09:37:44.332,1.2429,1.2438,3.80,3.40
2009.07.21 09:37:44.452,1.24295,1.2438,3.20,3.40
2009.07.21 09:37:47.831,1.24295,1.24365,3.20,3.20
2009.07.21 09:37:58.378,1.243,1.2438,3.80,3.20
2009.07.21 09:37:58.608,1.24295,1.2438,7.20,7.00
2009.07.21 09:37:59.008,1.243,1.24385,7.00,1.00
2009.07.21 09:38:12.755,1.243,1.2439,4.00,1.60
2009.07.21 09:38:13.165,1.24305,1.2439,3.20,1.60
2009.07.21 09:38:13.395,1.24305,1.244,3.20,1.00
2009.07.21 09:38:13.635,1.243,1.244,4.00,1.00
2009.07.21 09:38:14.394,1.24305,1.2439,3.20,1.60
2009.07.21 09:38:14.854,1.24305,1.24395,3.20,7.00
2009.07.21 09:38:15.024,1.243,1.244,4.00,1.00
2009.07.21 09:38:24.272,1.243,1.2439,4.00,1.60
2009.07.21 09:38:24.902,1.24305,1.2439,3.20,1.60
2009.07.21 09:38:26.112,1.24305,1.2439,3.20,1.80
2009.07.21 09:38:27.761,1.24305,1.24385,3.20,1.00
2009.07.21 09:38:31.001,1.24305,1.24385,3.20,4.00
2009.07.21 09:38:31.110,1.24305,1.2438,3.20,1.60
2009.07.21 09:38:31.170,1.24305,1.2438,3.20,5.40
2009.07.21 09:38:31.340,1.2428,1.24365,8.60,1.60
2009.07.21 09:38:31.400,1.2428,1.2436,4.80,3.80
2009.07.21 09:38:31.790,1.24265,1.24375,19.20,3.80
2009.07.21 09:38:31.840,1.2428,1.2438,3.80,8.00
2009.07.21 09:38:31.960,1.2428,1.24385,3.80,8.00
2009.07.21 09:38:32.020,1.24295,1.24405,1.60,3.80
2009.07.21 09:38:36.569,1.2428,1.24395,3.80,3.80
2009.07.21 09:38:38.659,1.24295,1.24395,3.80,3.80
2009.07.21 09:38:39.119,1.24295,1.24395,3.80,5.40
2009.07.21 09:38:43.647,1.243,1.24395,3.80,3.80
2009.07.21 09:38:44.007,1.2428,1.24395,3.80,3.80
2009.07.21 09:39:14.310,1.2431,1.24385,3.20,3.80
2009.07.21 09:39:14.660,1.2431,1.2439,3.20,3.20
2009.07.21 09:39:18.979,1.24315,1.2439,3.40,3.40
2009.07.21 09:39:19.099,1.24305,1.24385,1.80,3.80
2009.07.21 09:39:19.269,1.24315,1.24385,1.60,3.80
2009.07.21 09:39:19.619,1.24315,1.24375,1.60,3.20
2009.07.21 09:39:19.789,1.24295,1.24375,3.40,3.20
2009.07.21 09:39:21.058,1.243,1.24375,3.20,3.20
2009.07.21 09:39:21.338,1.2429,1.2437,5.00,3.80
2009.07.21 09:39:21.458,1.2429,1.2437,6.60,3.80
2009.07.21 09:39:21.848,1.24295,1.2438,3.80,3.80
2009.07.21 09:39:21.958,1.24295,1.2438,8.60,3.80
2009.07.21 09:39:45.613,1.24305,1.2439,1.80,3.80
2009.07.21 09:39:45.893,1.2431,1.2439,1.60,3.80
2009.07.21 09:39:45.952,1.24315,1.2441,7.00,7.00
2009.07.21 09:39:46.482,1.2432,1.24395,1.60,3.80
2009.07.21 09:39:46.832,1.243,1.24395,1.80,7.00
2009.07.21 09:39:48.841,1.24305,1.2439,1.80,7.20
2009.07.21 09:39:49.461,1.243,1.24385,7.20,1.00
2009.07.21 09:39:49.621,1.243,1.24375,3.40,3.20
2009.07.21 09:39:52.581,1.2431,1.2439,1.60,7.00
2009.07.21 09:39:54.020,1.243,1.2438,5.00,3.20
2009.07.21 09:39:54.250,1.243,1.2438,3.40,3.20
2009.07.21 09:39:54.430,1.243,1.2438,6.60,3.20
2009.07.21 09:39:54.890,1.24305,1.24395,3.80,3.80
2009.07.21 09:39:55.630,1.24305,1.24395,8.80,3.80
2009.07.21 09:39:55.790,1.2431,1.244,3.80,3.80
2009.07.21 09:39:55.850,1.2431,1.24405,3.80,3.80
2009.07.21 09:39:59.099,1.24315,1.244,3.20,3.80
2009.07.21 09:39:59.279,1.24315,1.24405,7.00,7.00
2009.07.21 09:40:02.299,1.24315,1.24405,4.00,7.00
2009.07.21 09:40:02.868,1.2431,1.244,3.80,3.80
2009.07.21 09:40:04.658,1.24305,1.2439,5.40,3.80
2009.07.21 09:40:04.838,1.24305,1.2439,3.80,3.80
2009.07.21 09:40:08.147,1.24305,1.24375,3.80,1.60
2009.07.21 09:40:08.327,1.243,1.24365,6.40,3.80
2009.07.21 09:40:08.777,1.2431,1.24365,1.60,3.80
2009.07.21 09:40:09.237,1.24295,1.244,8.60,7.00
2009.07.21 09:40:09.717,1.24305,1.24405,3.80,3.20
2009.07.21 09:40:10.407,1.2431,1.244,3.80,7.00
2009.07.21 09:40:10.857,1.2431,1.244,3.80,3.80
2009.07.21 09:40:12.786,1.2431,1.2439,1.60,7.00
2009.07.21 09:40:13.516,1.24305,1.2439,1.80,7.00
2009.07.21 09:40:13.976,1.24305,1.2439,1.80,7.20
2009.07.21 09:40:14.545,1.24315,1.2439,3.20,3.20
2009.07.21 09:40:15.125,1.24315,1.2439,3.20,3.40
2009.07.21 09:40:16.205,1.24305,1.2439,4.00,3.40
2009.07.21 09:40:16.265,1.24305,1.2439,1.80,7.20
2009.07.21 09:40:16.375,1.24315,1.2439,3.20,3.40
2009.07.21 09:40:18.834,1.24315,1.2439,3.40,3.20
2009.07.21 09:40:19.644,1.24315,1.2439,3.40,3.40
2009.07.21 09:40:26.783,1.24305,1.2439,1.80,7.20
2009.07.21 09:40:28.942,1.24305,1.24385,1.80,1.00
2009.07.21 09:40:30.482,1.24305,1.24385,1.00,1.00
2009.07.21 09:40:31.792,1.243,1.2438,3.40,3.80
2009.07.21 09:40:36.061,1.243,1.24395,10.20,8.00
2009.07.21 09:40:36.120,1.243,1.244,10.20,8.60
2009.07.21 09:40:36.350,1.243,1.244,7.00,8.60
2009.07.21 09:40:36.580,1.243,1.244,8.60,7.00
2009.07.21 09:40:37.610,1.24325,1.24415,3.80,3.20
2009.07.21 09:40:38.110,1.24315,1.24405,1.60,3.80
2009.07.21 09:40:38.440,1.24295,1.24405,3.80,3.80
2009.07.21 09:40:43.679,1.2431,1.244,7.20,3.80
2009.07.21 09:40:44.209,1.24315,1.24405,7.00,3.80
2009.07.21 09:40:45.238,1.24315,1.24405,7.20,3.80
2009.07.21 09:40:49.237,1.24315,1.24405,7.00,4.00
2009.07.21 09:40:49.417,1.24315,1.24395,3.20,3.80
2009.07.21 09:40:49.537,1.2432,1.24395,1.60,3.80
2009.07.21 09:40:49.887,1.243,1.24395,7.00,3.80
2009.07.21 09:40:50.807,1.24305,1.2439,3.20,3.80
2009.07.21 09:40:53.546,1.24315,1.2441,7.00,5.40
2009.07.21 09:40:55.216,1.24315,1.24405,7.00,3.80
2009.07.21 09:40:56.086,1.24315,1.24405,7.20,3.80
2009.07.21 09:40:56.616,1.24315,1.24405,10.40,3.80
2009.07.21 09:40:58.295,1.24315,1.24405,10.20,3.80
2009.07.21 09:40:58.646,1.24315,1.24395,6.40,3.20
2009.07.21 09:40:58.875,1.24315,1.24405,10.20,5.40
2009.07.21 09:40:59.105,1.24315,1.24405,7.00,5.40
2009.07.21 09:40:59.904,1.24315,1.24405,7.20,5.40
2009.07.21 09:41:04.143,1.24315,1.24405,7.00,5.60
2009.07.21 09:41:04.194,1.2431,1.244,5.40,3.80
2009.07.21 09:41:25.078,1.2432,1.2439,1.60,3.80
2009.07.21 09:41:25.828,1.2432,1.24395,1.60,5.40
2009.07.21 09:41:30.338,1.2431,1.244,3.80,3.80
2009.07.21 09:41:33.807,1.2431,1.24395,3.80,1.60
2009.07.21 09:41:34.326,1.24305,1.24395,3.20,5.40
2009.07.21 09:41:34.547,1.243,1.24395,5.40,5.40
2009.07.21 09:41:48.693,1.243,1.2439,5.40,1.60
2009.07.21 09:41:48.863,1.243,1.2438,4.80,3.80
2009.07.21 09:41:49.603,1.24305,1.2439,3.80,3.80
2009.07.21 09:41:49.842,1.24305,1.2439,7.00,3.80
2009.07.21 09:42:05.869,1.243,1.2438,3.20,3.80
2009.07.21 09:42:06.209,1.243,1.2438,3.20,7.00
2009.07.21 09:42:06.559,1.243,1.2438,3.20,8.60
2009.07.21 09:42:06.919,1.24305,1.24375,3.80,1.60
2009.07.21 09:42:07.388,1.243,1.2438,3.20,3.20
2009.07.21 09:42:09.118,1.243,1.2438,3.40,3.20
2009.07.21 09:42:09.868,1.243,1.2438,3.40,3.40
2009.07.21 09:42:10.877,1.24305,1.2438,1.00,3.40
2009.07.21 09:42:19.126,1.243,1.24375,3.20,1.60
2009.07.21 09:42:19.715,1.243,1.2438,3.20,3.40
2009.07.21 09:42:20.066,1.24295,1.24375,3.40,3.80
2009.07.21 09:42:21.225,1.24295,1.24375,3.20,4.00
2009.07.21 09:42:22.045,1.24295,1.24375,3.40,4.00
2009.07.21 09:42:30.543,1.243,1.24375,3.20,4.00
2009.07.21 09:42:30.953,1.243,1.24375,3.20,3.80
2009.07.21 09:42:31.363,1.243,1.2438,3.20,3.40
2009.07.21 09:42:31.873,1.243,1.24365,3.20,3.20
2009.07.21 09:42:32.322,1.24295,1.24365,3.80,3.20
2009.07.21 09:42:32.603,1.243,1.24385,3.20,3.20
2009.07.21 09:42:35.022,1.243,1.2438,3.40,3.40
2009.07.21 09:42:35.811,1.243,1.2438,3.20,3.40
2009.07.21 09:42:36.312,1.243,1.24375,3.20,3.80
2009.07.21 09:42:40.101,1.243,1.2438,3.20,3.40
2009.07.21 09:42:41.100,1.2431,1.2438,3.20,1.00
2009.07.21 09:42:41.920,1.24295,1.2438,3.20,3.40
2009.07.21 09:42:42.273,1.24295,1.2438,3.40,3.40
2009.07.21 09:42:43.900,1.24305,1.2438,1.00,3.40
2009.07.21 09:43:10.242,1.2429,1.24375,7.20,4.00
2009.07.21 09:43:10.922,1.24295,1.24375,1.00,4.00
2009.07.21 09:43:12.951,1.24295,1.24375,3.40,4.00
2009.07.21 09:43:13.801,1.24295,1.24375,1.00,4.00
2009.07.21 09:43:20.070,1.243,1.2438,3.20,3.40
2009.07.21 09:43:20.300,1.243,1.24375,3.20,3.80
2009.07.21 09:43:20.539,1.24295,1.24375,1.00,3.80
2009.07.21 09:43:21.809,1.2429,1.24375,7.20,4.00
2009.07.21 09:43:22.829,1.24295,1.24375,1.00,4.00
2009.07.21 09:43:30.657,1.2429,1.24375,7.00,4.00
2009.07.21 09:43:30.717,1.2429,1.24375,7.00,5.60
2009.07.21 09:43:31.067,1.2429,1.24365,3.20,3.80
2009.07.21 09:43:31.187,1.2428,1.24365,3.80,3.80
2009.07.21 09:43:31.657,1.2428,1.24365,7.00,3.80
2009.07.21 09:43:33.628,1.2429,1.24375,7.00,4.00
2009.07.21 09:43:35.076,1.2429,1.24375,7.20,4.00
2009.07.21 09:43:36.966,1.243,1.2438,3.20,1.00
2009.07.21 09:43:37.805,1.243,1.2438,3.40,1.00
2009.07.21 09:43:39.975,1.24305,1.2438,1.00,1.00
2009.07.21 09:43:46.763,1.24305,1.24385,1.00,3.80
2009.07.21 09:43:47.113,1.24285,1.24375,7.20,3.80
2009.07.21 09:43:47.413,1.24295,1.2438,3.20,3.20
2009.07.21 09:43:48.063,1.24295,1.2438,3.40,3.20
2009.07.21 09:43:48.703,1.243,1.2438,5.00,3.20
2009.07.21 09:43:49.253,1.24295,1.2438,3.80,3.80
2009.07.21 09:44:01.839,1.24295,1.24375,3.20,3.80
2009.07.21 09:44:02.229,1.243,1.24385,4.80,3.80
2009.07.21 09:44:02.399,1.24295,1.2438,3.80,3.80
2009.07.21 09:44:02.679,1.24295,1.2438,3.80,5.40
2009.07.21 09:44:03.629,1.2429,1.2438,4.80,7.00
2009.07.21 09:44:04.079,1.24285,1.2438,7.00,5.40
2009.07.21 09:44:12.007,1.24285,1.2438,8.60,5.40
2009.07.21 09:44:12.297,1.2429,1.2438,1.60,3.80
2009.07.21 09:44:12.577,1.24295,1.2438,3.80,3.80
2009.07.21 09:44:19.315,1.243,1.2438,3.20,3.80
2009.07.21 09:44:19.665,1.24305,1.2439,3.80,3.80
2009.07.21 09:44:22.405,1.24305,1.2439,3.80,5.40
2009.07.21 09:44:22.455,1.24305,1.2439,3.80,5.60
2009.07.21 09:44:23.214,1.24295,1.2438,8.60,3.80
2009.07.21 09:44:23.734,1.24295,1.2438,10.20,3.80
2009.07.21 09:44:23.844,1.24305,1.2439,3.80,3.80
2009.07.21 09:44:23.954,1.24305,1.2439,3.80,4.00
2009.07.21 09:44:24.284,1.243,1.2438,3.20,3.80
2009.07.21 09:44:24.864,1.24295,1.2438,8.60,3.80
2009.07.21 09:44:27.863,1.24295,1.2438,5.40,3.80
2009.07.21 09:44:30.463,1.24295,1.2438,5.60,3.80
2009.07.21 09:44:30.743,1.243,1.2438,3.20,3.80
2009.07.21 09:44:31.382,1.24295,1.2438,8.60,3.80
2009.07.21 09:44:31.842,1.24295,1.2438,7.00,3.80
2009.07.21 09:44:33.862,1.24295,1.24375,3.80,1.60
2009.07.21 09:44:41.670,1.24295,1.2438,3.80,3.80
2009.07.21 09:44:41.950,1.24295,1.2438,7.00,3.80
2009.07.21 09:44:44.419,1.24295,1.24375,3.20,3.80
2009.07.21 09:44:44.709,1.24305,1.24395,3.80,5.60
2009.07.21 09:44:44.830,1.243,1.24385,6.40,3.80
2009.07.21 09:44:45.119,1.243,1.24385,3.20,3.80
2009.07.21 09:44:45.459,1.24295,1.24385,3.80,3.80
2009.07.21 09:44:45.759,1.24295,1.2438,3.80,5.40
2009.07.21 09:44:46.339,1.24285,1.2438,8.60,5.40
2009.07.21 09:44:49.788,1.24285,1.2437,4.80,3.80
2009.07.21 09:44:49.958,1.2429,1.2438,7.00,3.80
2009.07.21 09:44:50.968,1.2429,1.24375,7.20,3.80
2009.07.21 09:44:51.927,1.2429,1.24375,7.20,4.00
2009.07.21 09:44:53.837,1.24295,1.24375,1.00,4.00
2009.07.21 09:45:13.152,1.24295,1.24375,1.00,3.80
2009.07.21 09:45:13.272,1.243,1.2438,3.20,3.40
2009.07.21 09:45:14.942,1.24295,1.2438,7.20,3.40
2009.07.21 09:45:15.182,1.24295,1.24375,3.40,3.80
2009.07.21 09:45:16.751,1.24295,1.24375,3.20,4.00
2009.07.21 09:45:17.751,1.24295,1.24375,3.40,4.00
2009.07.21 09:45:22.590,1.243,1.2438,3.40,7.20
2009.07.21 09:45:22.830,1.243,1.2438,3.40,3.40
2009.07.21 09:45:23.170,1.2428,1.24365,1.80,3.20
2009.07.21 09:45:23.570,1.24285,1.2438,3.80,3.80
2009.07.21 09:45:27.149,1.2429,1.24375,3.80,4.00
2009.07.21 09:45:27.319,1.2428,1.24375,3.20,4.00
2009.07.21 09:45:27.609,1.2428,1.2436,1.60,3.80
2009.07.21 09:45:27.719,1.2428,1.24365,1.60,3.80
2009.07.21 09:45:27.839,1.2428,1.2437,1.60,8.00
2009.07.21 09:45:27.959,1.2428,1.24375,1.60,1.00
2009.07.21 09:45:28.698,1.2428,1.2437,3.20,1.00
2009.07.21 09:45:29.508,1.2428,1.24365,3.20,1.00
2009.07.21 09:45:31.728,1.2428,1.2437,3.20,1.00
2009.07.21 09:45:32.308,1.2428,1.24375,3.20,8.00
2009.07.21 09:45:32.418,1.2428,1.2438,3.20,8.20
2009.07.21 09:45:34.067,1.2428,1.24375,3.20,1.00
2009.07.21 09:45:35.127,1.2428,1.2438,3.20,8.20
2009.07.21 09:45:36.828,1.2428,1.2438,3.20,1.00
2009.07.21 09:45:36.937,1.2429,1.2438,1.60,1.80
2009.07.21 09:45:36.997,1.2429,1.24375,1.60,7.00
2009.07.21 09:45:37.566,1.24265,1.24375,5.40,7.00
2009.07.21 09:45:37.796,1.24265,1.24375,5.60,7.00
2009.07.21 09:45:39.096,1.2427,1.2437,5.60,1.00
2009.07.21 09:45:40.176,1.2427,1.24365,5.60,1.00
2009.07.21 09:45:44.295,1.2427,1.24365,8.80,1.00
2009.07.21 09:45:44.415,1.2428,1.24375,1.60,7.00
2009.07.21 09:45:44.645,1.2428,1.24385,1.60,11.40
2009.07.21 09:45:44.875,1.24275,1.24385,1.80,1.00
2009.07.21 09:45:48.234,1.2428,1.24385,1.60,1.00
2009.07.21 09:45:54.402,1.2427,1.2438,5.40,1.00
2009.07.21 09:45:54.693,1.2428,1.2438,1.60,8.20
2009.07.21 09:46:01.681,1.2427,1.2438,5.40,8.20
2009.07.21 09:46:01.961,1.2427,1.2438,5.40,1.00
2009.07.21 09:46:04.830,1.2427,1.2438,5.40,1.00
2009.07.21 09:46:06.050,1.2427,1.2438,5.60,1.00
2009.07.21 09:46:06.739,1.2428,1.24385,1.60,1.00
2009.07.21 09:46:20.236,1.2428,1.2438,1.60,1.00
2009.07.21 09:46:20.286,1.2428,1.2438,1.60,8.20
2009.07.21 09:46:20.466,1.2427,1.2438,5.40,8.20
2009.07.21 09:46:20.706,1.2427,1.2438,5.40,1.00
2009.07.21 09:46:21.906,1.2427,1.2438,5.60,1.00
2009.07.21 09:46:23.065,1.2428,1.24385,1.60,1.00
2009.07.21 09:46:35.833,1.24335,1.24385,1.60,1.00
2009.07.21 09:46:38.462,1.2435,1.2438,1.60,1.80
2009.07.21 09:46:38.792,1.2435,1.24375,1.60,7.00
2009.07.21 09:46:39.701,1.2435,1.24375,3.20,7.20
2009.07.21 09:46:39.752,1.2435,1.24375,3.20,3.40
2009.07.21 09:46:41.941,1.2435,1.2437,3.20,1.00
2009.07.21 09:46:43.111,1.2435,1.2437,3.20,1.60
2009.07.21 09:46:43.221,1.2435,1.2437,3.20,1.80
2009.07.21 09:46:43.281,1.2435,1.2437,3.20,8.80
2009.07.21 09:46:43.510,1.2435,1.2436,3.20,3.20
2009.07.21 09:46:45.430,1.24315,1.2439,4.80,3.20
2009.07.21 09:46:47.040,1.24315,1.2439,4.80,4.80
2009.07.21 09:46:47.390,1.24335,1.2437,6.40,3.20
2009.07.21 09:46:48.529,1.24313,1.24392,8.00,3.20
2009.07.21 09:46:51.719,1.2432,1.24385,6.40,3.20
2009.07.21 09:46:56.777,1.2429,1.24415,6.40,3.40
2009.07.21 09:46:58.467,1.24305,1.244,6.40,3.20
2009.07.21 09:46:59.717,1.2435,1.2436,6.40,12.00
2009.07.21 09:46:59.886,1.24317,1.24388,6.40,3.20
2009.07.21 09:47:01.876,1.24335,1.2437,6.40,3.40
2009.07.21 09:47:04.787,1.2435,1.2437,6.40,6.40
2009.07.21 09:47:05.485,1.2435,1.2437,6.40,6.60
2009.07.21 09:47:07.865,1.2435,1.24365,6.40,3.40
2009.07.21 09:47:09.664,1.2435,1.24365,6.40,8.20
2009.07.21 09:47:15.313,1.2435,1.2436,6.40,8.00
2009.07.21 09:47:21.081,1.2435,1.2436,4.80,8.00
2009.07.21 09:47:22.012,1.2435,1.24365,4.80,8.20
2009.07.21 09:47:25.770,1.2435,1.24365,1.60,8.20
2009.07.21 09:47:32.249,1.24265,1.24355,7.20,3.20
2009.07.21 09:47:32.369,1.24255,1.24355,3.80,3.20
2009.07.21 09:47:33.998,1.2433,1.24355,8.00,3.20
2009.07.21 09:47:37.298,1.2435,1.2436,8.00,8.00
2009.07.21 09:47:39.017,1.2425,1.24355,3.80,3.20
2009.07.21 09:47:41.807,1.2427,1.24355,3.80,3.40
2009.07.21 09:47:42.546,1.2427,1.24355,3.80,3.20
2009.07.21 09:47:42.726,1.2428,1.2436,3.80,3.20
2009.07.21 09:47:43.346,1.2428,1.2436,3.80,1.60
2009.07.21 09:47:43.576,1.2427,1.24355,3.80,3.20
2009.07.21 09:47:44.516,1.2428,1.24355,3.80,3.20
2009.07.21 09:47:44.966,1.24265,1.2436,3.80,7.00
2009.07.21 09:47:45.256,1.24275,1.2436,3.80,3.20
2009.07.21 09:47:47.615,1.24335,1.2436,1.60,3.20
2009.07.21 09:47:48.415,1.24335,1.2436,1.60,8.00
2009.07.21 09:47:49.715,1.2431,1.24395,1.60,3.20
2009.07.21 09:47:52.914,1.24295,1.2441,1.60,3.40
2009.07.21 09:47:58.283,1.2435,1.2436,1.60,3.20
2009.07.21 09:47:58.572,1.2435,1.24365,1.60,8.20
2009.07.21 09:47:59.872,1.2435,1.2436,1.60,8.00
2009.07.21 09:48:00.912,1.2435,1.24365,1.60,8.20
2009.07.21 09:48:01.842,1.2435,1.2436,1.60,8.00
2009.07.21 09:48:08.280,1.24265,1.24355,7.00,4.80
2009.07.21 09:48:08.740,1.24255,1.24355,3.80,8.60
2009.07.21 09:48:08.960,1.24255,1.24345,3.80,8.00
2009.07.21 09:48:09.700,1.24275,1.24345,3.20,8.00
2009.07.21 09:48:10.180,1.24275,1.24355,7.00,8.00
2009.07.21 09:48:10.351,1.24275,1.24355,7.00,6.40
2009.07.21 09:48:10.990,1.24275,1.24355,7.20,6.60
2009.07.21 09:48:11.609,1.24275,1.2435,3.20,1.00
2009.07.21 09:48:11.779,1.2427,1.24355,4.00,8.80
2009.07.21 09:48:12.129,1.24275,1.24355,7.00,3.40
2009.07.21 09:48:12.759,1.24275,1.2435,7.00,1.00
2009.07.21 09:48:12.979,1.2427,1.2435,3.80,1.00
2009.07.21 09:48:14.928,1.2427,1.2435,4.00,1.00
2009.07.21 09:48:22.077,1.2434,1.24355,1.60,8.60
2009.07.21 09:48:22.187,1.2434,1.2436,1.60,3.20
2009.07.21 09:48:22.587,1.2434,1.2436,1.60,8.00
2009.07.21 09:48:25.366,1.2435,1.2436,1.60,8.00
2009.07.21 09:48:28.035,1.2434,1.2436,1.60,8.00
2009.07.21 09:48:34.704,1.2435,1.2436,1.60,8.00
2009.07.21 09:48:52.760,1.2427,1.2436,3.80,8.00
2009.07.21 09:48:52.989,1.2427,1.2436,3.80,3.20
2009.07.21 09:48:56.459,1.24275,1.24355,7.20,3.20
2009.07.21 09:48:57.788,1.2428,1.24355,1.00,3.20
2009.07.21 09:48:58.848,1.24275,1.24355,7.20,3.40
2009.07.21 09:48:59.788,1.2428,1.24355,1.00,3.40
2009.07.21 09:49:15.824,1.2427,1.2435,1.80,1.00
2009.07.21 09:49:18.923,1.24265,1.24345,4.00,1.00
2009.07.21 09:49:21.092,1.2427,1.24355,1.80,7.20
2009.07.21 09:49:21.502,1.24275,1.24355,7.00,3.40
2009.07.21 09:49:23.062,1.24275,1.24355,7.20,3.40
2009.07.21 09:49:26.021,1.2428,1.24355,1.00,3.40
2009.07.21 09:49:29.531,1.2428,1.24355,1.80,3.40
2009.07.21 09:49:29.820,1.24285,1.24355,3.80,3.20
2009.07.21 09:49:30.350,1.24295,1.24355,3.80,3.20
2009.07.21 09:49:30.801,1.24295,1.24395,3.80,4.80
2009.07.21 09:49:31.210,1.24295,1.244,3.80,3.40
2009.07.21 09:49:31.950,1.243,1.244,4.00,3.20
2009.07.21 09:49:33.240,1.243,1.24395,4.00,5.40
2009.07.21 09:49:33.360,1.243,1.24395,4.00,7.00
2009.07.21 09:49:33.470,1.243,1.244,4.00,6.40
2009.07.21 09:49:33.760,1.243,1.24395,4.00,5.40
2009.07.21 09:49:36.119,1.2428,1.24385,4.00,5.40
2009.07.21 09:49:36.289,1.2428,1.24385,4.00,8.60
2009.07.21 09:49:37.080,1.2428,1.2438,4.00,8.80
2009.07.21 09:49:38.178,1.243,1.2438,3.80,1.80
2009.07.21 09:49:38.289,1.24285,1.2438,3.20,5.60
2009.07.21 09:49:38.709,1.2428,1.2438,4.00,5.60
2009.07.21 09:49:38.828,1.2428,1.2438,4.00,8.80
2009.07.21 09:49:39.838,1.24285,1.24375,4.00,3.40
2009.07.21 09:49:47.167,1.24295,1.24375,3.20,1.60
2009.07.21 09:49:47.446,1.24275,1.2437,1.00,3.20
2009.07.21 09:49:47.626,1.24275,1.2439,1.00,3.20
2009.07.21 09:49:48.046,1.24275,1.2439,1.80,3.20
2009.07.21 09:49:51.995,1.24295,1.24385,1.60,3.20
2009.07.21 09:49:57.044,1.2429,1.24385,1.80,3.20
2009.07.21 09:50:00.074,1.24305,1.24385,7.00,3.20
2009.07.21 09:50:01.233,1.24305,1.24385,4.00,3.20
2009.07.21 09:50:01.763,1.24305,1.24385,1.60,3.20
2009.07.21 09:50:04.992,1.243,1.24385,1.00,3.20
2009.07.21 09:50:05.682,1.2428,1.2438,13.60,3.80
2009.07.21 09:50:05.852,1.2428,1.24405,13.60,4.00
2009.07.21 09:50:05.962,1.2428,1.24385,13.60,3.80
2009.07.21 09:50:06.252,1.2428,1.24385,5.60,3.80
2009.07.21 09:50:07.881,1.24285,1.2438,5.40,3.80
2009.07.21 09:50:08.731,1.24285,1.2438,5.60,3.80
2009.07.21 09:50:12.080,1.24285,1.2438,7.20,3.80
2009.07.21 09:50:21.638,1.24295,1.2438,4.80,3.80
2009.07.21 09:50:21.978,1.243,1.24385,3.80,3.20
2009.07.21 09:50:23.148,1.243,1.2437,4.80,3.20
2009.07.21 09:50:23.208,1.243,1.2437,3.20,3.20
2009.07.21 09:50:24.177,1.243,1.24365,3.40,3.20
2009.07.21 09:50:25.107,1.24305,1.24365,1.00,3.20
2009.07.21 09:50:25.897,1.243,1.24365,3.40,3.20
2009.07.21 09:50:26.717,1.243,1.24365,3.20,3.20
2009.07.21 09:50:26.987,1.2428,1.24365,5.00,3.20
2009.07.21 09:50:27.167,1.2428,1.24365,3.40,3.20
2009.07.21 09:50:27.227,1.2428,1.24365,1.80,3.20
2009.07.21 09:50:28.616,1.2429,1.24365,3.80,3.20
2009.07.21 09:50:29.756,1.24285,1.24365,1.80,3.20
2009.07.21 09:50:30.806,1.24285,1.24365,5.00,3.20
2009.07.21 09:50:31.386,1.2429,1.24365,3.80,3.20
2009.07.21 09:50:31.985,1.2429,1.24365,4.00,3.20
2009.07.21 09:50:42.863,1.243,1.24365,3.20,3.20
2009.07.21 09:50:43.833,1.243,1.24365,3.40,3.20
2009.07.21 09:50:44.513,1.24295,1.24365,1.80,3.20
2009.07.21 09:50:52.081,1.243,1.24365,3.20,3.20
2009.07.21 09:50:54.220,1.243,1.24365,3.40,3.20
2009.07.21 09:50:54.500,1.243,1.24365,5.00,3.20
2009.07.21 09:50:54.970,1.24305,1.24385,5.60,3.20
2009.07.21 09:50:55.360,1.24305,1.24385,4.00,3.20
2009.07.21 09:50:55.820,1.24295,1.24385,4.00,3.20
2009.07.21 09:50:56.050,1.24305,1.2438,3.80,3.20
2009.07.21 09:50:57.230,1.24305,1.2438,4.00,3.20
2009.07.21 09:50:58.029,1.24295,1.2438,4.00,3.20
2009.07.21 09:50:59.049,1.243,1.2438,1.00,3.20
2009.07.21 09:51:19.734,1.24305,1.2438,4.00,3.20
2009.07.21 09:51:20.094,1.24305,1.2438,1.00,3.20
2009.07.21 09:51:31.921,1.243,1.24375,1.60,4.00
2009.07.21 09:51:32.441,1.243,1.24385,5.40,3.80
2009.07.21 09:51:33.951,1.2429,1.24375,5.60,3.80
2009.07.21 09:51:35.390,1.24285,1.24365,3.40,3.20
2009.07.21 09:51:40.389,1.2429,1.2438,5.40,4.00
2009.07.21 09:51:40.929,1.2429,1.2438,5.60,4.00
2009.07.21 09:51:42.159,1.24295,1.24375,1.00,4.00
2009.07.21 09:51:55.066,1.24285,1.24355,3.40,1.60
2009.07.21 09:51:55.176,1.24265,1.2435,1.60,11.80
2009.07.21 09:51:55.345,1.24265,1.2435,1.60,8.00
2009.07.21 09:51:55.515,1.24265,1.24355,1.60,8.00
2009.07.21 09:52:02.834,1.2427,1.24355,1.60,9.60
2009.07.21 09:52:03.184,1.2427,1.2435,1.60,11.80
2009.07.21 09:52:04.234,1.2427,1.2435,1.60,12.00
2009.07.21 09:52:05.043,1.2427,1.24345,1.60,1.00
2009.07.21 09:52:22.679,1.2427,1.24335,1.60,3.80
2009.07.21 09:52:24.149,1.2427,1.2433,1.60,4.00
2009.07.21 09:52:27.028,1.2427,1.24325,1.60,1.00
2009.07.21 09:52:45.163,1.2426,1.24325,1.60,3.40
2009.07.21 09:52:45.494,1.2426,1.2432,1.60,3.80
2009.07.21 09:52:51.602,1.2426,1.2432,1.60,7.00
2009.07.21 09:52:55.961,1.2426,1.2432,1.60,3.80
2009.07.21 09:53:12.227,1.2426,1.2432,1.60,4.00
2009.07.21 09:53:12.287,1.2426,1.24305,1.60,3.80
2009.07.21 09:53:12.517,1.2426,1.2432,1.60,8.00
2009.07.21 09:53:12.637,1.2426,1.2433,1.60,5.60
2009.07.21 09:53:12.757,1.2426,1.2433,1.60,3.80
2009.07.21 09:53:16.386,1.2426,1.2432,1.60,4.00
2009.07.21 09:53:16.606,1.2426,1.2431,1.60,9.60
2009.07.21 09:53:16.846,1.2426,1.2431,1.60,12.80
2009.07.21 09:53:16.966,1.2426,1.243,1.60,3.20
2009.07.21 09:53:20.935,1.2426,1.2431,1.60,8.00
2009.07.21 09:53:21.045,1.2426,1.2431,1.60,3.40
2009.07.21 09:53:21.335,1.2426,1.24305,1.60,3.80
2009.07.21 09:53:21.696,1.2426,1.243,1.60,3.80
2009.07.21 09:53:21.805,1.2426,1.243,1.60,11.80
2009.07.21 09:53:22.894,1.2426,1.243,1.60,12.00
2009.07.21 09:53:23.864,1.2426,1.24295,1.60,1.00
2009.07.21 09:53:25.924,1.2426,1.2428,1.60,3.80
2009.07.21 09:53:26.333,1.2426,1.2429,1.60,8.00
2009.07.21 09:53:26.674,1.2426,1.24295,1.60,3.20
2009.07.21 09:53:26.953,1.2426,1.2428,1.60,8.00
2009.07.21 09:53:30.223,1.2426,1.2429,1.60,8.00
2009.07.21 09:53:30.283,1.2426,1.2431,1.60,8.20
2009.07.21 09:53:31.463,1.2426,1.24305,1.60,9.80
2009.07.21 09:53:31.806,1.2426,1.243,1.60,3.80
2009.07.21 09:53:32.152,1.2426,1.2429,1.60,3.80
2009.07.21 09:53:32.552,1.2426,1.24295,1.60,1.00
2009.07.21 09:53:38.231,1.2426,1.243,1.60,8.60
2009.07.21 09:53:38.291,1.2426,1.24305,1.60,8.20
2009.07.21 09:53:38.761,1.2426,1.24305,1.60,8.00
2009.07.21 09:53:39.111,1.2426,1.2431,1.60,1.00
2009.07.21 09:53:39.442,1.2426,1.24315,1.60,8.00
2009.07.21 09:53:39.790,1.2426,1.2432,1.60,8.20
2009.07.21 09:54:02.935,1.2425,1.24305,1.60,4.00
2009.07.21 09:54:03.335,1.2425,1.24305,1.60,12.00
2009.07.21 09:54:03.455,1.2425,1.24295,1.60,3.80
2009.07.21 09:54:05.055,1.2425,1.24315,1.60,1.00
2009.07.21 09:54:29.838,1.2425,1.24315,1.60,8.20
2009.07.21 09:54:30.168,1.2425,1.24315,1.60,1.00
2009.07.21 09:55:00.721,1.2425,1.24315,1.60,8.20
2009.07.21 09:55:01.181,1.2425,1.2432,1.60,8.00
2009.07.21 09:55:01.461,1.2425,1.2431,1.60,3.80
2009.07.21 09:55:02.500,1.2425,1.24315,1.60,1.00
2009.07.21 09:55:02.620,1.2425,1.24315,1.60,3.40
2009.07.21 09:55:03.760,1.2425,1.24315,1.60,3.20
2009.07.21 09:55:04.110,1.2425,1.2435,1.60,1.00
2009.07.21 09:55:04.450,1.2425,1.2434,1.60,8.00
2009.07.21 09:55:05.250,1.2425,1.2434,1.60,8.20
2009.07.21 09:55:06.320,1.2425,1.24335,1.60,4.00
2009.07.21 09:55:06.710,1.2425,1.24335,1.60,8.20
2009.07.21 09:55:07.170,1.2425,1.2433,1.60,8.00
2009.07.21 09:55:22.076,1.2425,1.2434,1.60,8.20
2009.07.21 09:55:27.264,1.2425,1.2434,1.60,8.00
2009.07.21 09:55:28.025,1.2425,1.24335,1.60,8.00
2009.07.21 09:55:28.484,1.2425,1.24335,1.60,11.80
2009.07.21 09:55:28.714,1.2425,1.24325,1.60,8.00
2009.07.21 09:55:30.354,1.2425,1.24335,1.60,8.00
2009.07.21 09:55:37.272,1.2425,1.2433,1.60,8.00
2009.07.21 09:55:38.402,1.2425,1.24335,1.60,8.00
2009.07.21 09:55:50.609,1.2425,1.24345,1.60,8.00
2009.07.21 09:55:51.359,1.2425,1.2434,1.60,8.00
2009.07.21 09:55:51.658,1.2425,1.24335,1.60,8.00
2009.07.21 09:55:52.528,1.2425,1.2436,1.60,11.80
2009.07.21 09:55:53.668,1.2425,1.24355,1.60,13.40
2009.07.21 09:55:54.068,1.2425,1.24355,1.60,13.60
2009.07.21 09:55:54.228,1.2425,1.24355,1.60,15.20
2009.07.21 09:55:56.168,1.2425,1.24355,1.60,8.20
2009.07.21 09:55:56.608,1.2425,1.24355,1.60,15.20
2009.07.21 09:55:57.088,1.2425,1.2434,1.60,8.00
2009.07.21 09:55:59.637,1.2425,1.24335,1.60,13.40
2009.07.21 09:55:59.927,1.2425,1.24335,1.60,8.00
2009.07.21 09:56:02.396,1.2425,1.24325,1.60,8.00
2009.07.21 09:56:04.356,1.2425,1.2435,1.60,8.00
2009.07.21 09:56:06.005,1.2425,1.24345,1.60,8.20
2009.07.21 09:56:07.495,1.2424,1.24345,1.60,8.20
2009.07.21 09:56:15.893,1.2424,1.24345,1.60,8.00
2009.07.21 09:56:16.454,1.2424,1.24335,1.60,8.00
2009.07.21 09:56:23.951,1.2424,1.2434,1.60,8.00
2009.07.21 09:56:33.119,1.2424,1.2433,1.60,8.00
2009.07.21 09:56:33.459,1.2424,1.2434,1.60,8.00
2009.07.21 09:56:36.009,1.2424,1.2433,1.60,1.60
2009.07.21 09:56:36.188,1.2424,1.2432,1.60,3.80
2009.07.21 09:56:36.468,1.2424,1.2433,1.60,16.00
2009.07.21 09:56:36.638,1.2424,1.2433,1.60,8.00
2009.07.21 09:56:45.316,1.2424,1.2434,1.60,8.00
2009.07.21 09:56:45.546,1.2424,1.2433,1.60,8.00
2009.07.21 09:56:48.785,1.2424,1.24325,1.60,8.00
2009.07.21 09:56:49.185,1.2424,1.24345,1.60,11.80
2009.07.21 09:56:49.515,1.2424,1.24335,1.60,8.00
2009.07.21 09:56:59.242,1.2424,1.2432,1.60,8.00
2009.07.21 09:56:59.303,1.2424,1.24315,1.60,8.00
2009.07.21 09:56:59.582,1.2424,1.2434,1.60,8.00
2009.07.21 09:57:00.132,1.2424,1.24335,1.60,8.00
2009.07.21 09:57:25.756,1.2424,1.2434,1.60,8.00
2009.07.21 09:57:26.136,1.2424,1.2434,1.60,16.00
2009.07.21 09:57:26.186,1.2424,1.24335,1.60,8.00
2009.07.21 09:57:28.795,1.2424,1.24345,1.60,8.00
2009.07.21 09:57:29.265,1.2424,1.2433,1.60,8.00
2009.07.21 09:58:01.857,1.2424,1.2431,1.60,4.00
2009.07.21 09:58:09.575,1.2424,1.243,1.60,8.00
2009.07.21 09:58:09.695,1.2424,1.2429,1.60,3.80
2009.07.21 09:58:10.975,1.2424,1.243,1.60,3.80
2009.07.21 09:58:11.085,1.2424,1.24335,1.60,4.00
2009.07.21 09:58:11.195,1.2424,1.24335,1.60,12.00
2009.07.21 09:58:11.545,1.2424,1.2432,1.60,8.00
2009.07.21 09:58:11.775,1.2424,1.24325,1.60,8.00
2009.07.21 09:58:11.885,1.2424,1.2433,1.60,8.00
2009.07.21 09:58:12.905,1.2424,1.2432,1.60,8.20
2009.07.21 09:58:13.405,1.2424,1.2431,1.60,3.80
2009.07.21 09:58:15.185,1.2424,1.2431,1.60,1.00
2009.07.21 09:58:15.714,1.2424,1.2432,1.60,1.00
2009.07.21 09:58:16.184,1.2424,1.2432,1.60,8.20
2009.07.21 09:58:17.383,1.2424,1.2431,1.60,3.20
2009.07.21 09:58:28.901,1.2424,1.2432,1.60,11.80
2009.07.21 09:58:29.021,1.2424,1.2432,1.60,8.00
2009.07.21 09:58:29.131,1.2424,1.24325,1.60,1.00
2009.07.21 09:58:36.539,1.2424,1.2432,1.60,8.00
2009.07.21 09:58:38.048,1.2424,1.2432,1.60,8.20
2009.07.21 09:58:40.278,1.2424,1.2432,1.60,8.00
2009.07.21 09:58:40.748,1.2424,1.24325,1.60,1.00
2009.07.21 09:59:04.102,1.2422,1.24325,3.80,1.00
2009.07.21 09:59:04.842,1.2422,1.24325,4.00,1.00
2009.07.21 09:59:06.821,1.24225,1.24325,3.80,1.00
2009.07.21 09:59:06.992,1.2423,1.24325,1.60,4.00
2009.07.21 09:59:07.831,1.2422,1.24325,1.80,4.00
2009.07.21 09:59:10.521,1.2423,1.24325,1.60,4.00
2009.07.21 09:59:18.279,1.24235,1.24325,1.60,3.80
2009.07.21 09:59:18.569,1.24225,1.2433,5.40,4.00
2009.07.21 09:59:18.809,1.24225,1.2433,7.00,4.00
2009.07.21 09:59:19.219,1.2423,1.24335,3.80,12.00
2009.07.21 09:59:19.609,1.2423,1.24335,3.80,4.00
2009.07.21 09:59:20.088,1.24235,1.24335,1.80,4.00
2009.07.21 09:59:21.148,1.2424,1.24345,3.80,3.20
2009.07.21 09:59:21.738,1.2424,1.24345,8.00,3.20
2009.07.21 09:59:22.208,1.24235,1.24345,1.80,3.20
2009.07.21 09:59:22.448,1.24245,1.24345,8.00,3.20
2009.07.21 09:59:22.688,1.24255,1.24345,3.80,3.20
2009.07.21 09:59:23.268,1.2425,1.24345,1.60,3.20
2009.07.21 09:59:23.607,1.2424,1.24345,3.80,3.20
2009.07.21 09:59:24.397,1.2424,1.24345,4.00,4.80
2009.07.21 09:59:24.507,1.2424,1.24335,1.00,3.80
2009.07.21 09:59:24.617,1.2424,1.24335,3.40,3.80
2009.07.21 09:59:26.347,1.2424,1.24335,1.00,3.80
2009.07.21 09:59:26.867,1.2424,1.24335,1.00,4.00
2009.07.21 09:59:27.446,1.2424,1.24355,4.00,1.80
2009.07.21 09:59:27.676,1.2424,1.2435,4.00,3.80
2009.07.21 09:59:29.076,1.2424,1.24345,4.00,4.00
2009.07.21 09:59:29.306,1.2424,1.2434,3.80,1.00
2009.07.21 09:59:29.716,1.2423,1.2433,3.20,3.80
2009.07.21 09:59:29.986,1.2423,1.2433,1.60,11.80
2009.07.21 09:59:31.326,1.2423,1.24325,1.60,12.00
2009.07.21 09:59:31.436,1.2423,1.24325,1.60,13.60
2009.07.21 09:59:31.666,1.2423,1.2432,1.60,8.00
2009.07.21 09:59:32.126,1.2423,1.2431,1.60,8.00
2009.07.21 09:59:33.395,1.2423,1.2433,1.60,8.00
2009.07.21 09:59:34.385,1.2423,1.2434,1.60,8.00
2009.07.21 09:59:34.845,1.2424,1.24335,1.60,8.00
2009.07.21 09:59:35.235,1.2424,1.24325,1.60,8.00
2009.07.21 09:59:35.645,1.2423,1.2432,3.20,8.00
2009.07.21 09:59:39.154,1.2423,1.24325,3.20,8.00
2009.07.21 09:59:40.703,1.2423,1.24335,3.20,8.00
2009.07.21 09:59:41.163,1.2424,1.24335,1.60,8.00
2009.07.21 09:59:43.033,1.2425,1.24345,1.60,8.00
2009.07.21 09:59:43.443,1.24235,1.24335,1.60,8.00
2009.07.21 09:59:45.982,1.2424,1.2434,1.60,8.00
2009.07.21 09:59:46.322,1.24245,1.24345,1.60,8.00
2009.07.21 09:59:46.662,1.2424,1.24345,1.60,8.00
2009.07.21 09:59:46.822,1.24215,1.24345,12.80,8.00
2009.07.21 09:59:47.452,1.24215,1.24345,9.60,8.00
2009.07.21 09:59:47.632,1.24245,1.24345,1.60,8.00
2009.07.21 09:59:47.682,1.24245,1.2435,1.60,8.00
2009.07.21 09:59:52.021,1.24215,1.2435,9.60,8.00
2009.07.21 09:59:52.191,1.2421,1.2434,5.40,8.00
2009.07.21 09:59:52.571,1.24215,1.2435,8.00,8.00
2009.07.21 09:59:53.851,1.24235,1.2436,8.00,8.00
2009.07.21 09:59:53.960,1.24245,1.2436,1.60,8.00
2009.07.21 09:59:54.550,1.24245,1.2435,1.60,8.00
2009.07.21 09:59:57.780,1.24265,1.2437,1.60,8.00
2009.07.21 09:59:58.310,1.2429,1.2437,1.60,8.00
2009.07.21 09:59:58.919,1.2428,1.24355,8.00,3.80
2009.07.21 09:59:59.329,1.24255,1.24345,5.40,8.00
2009.07.21 09:59:59.729,1.2422,1.2435,12.60,8.00
