2014.05.22 03:00:00.130,1.07944,1.07967,1.00,1.69
2014.05.22 03:00:00.902,1.07943,1.07964,1.00,1.00
2014.05.22 03:00:02.476,1.07943,1.07964,1.19,1.00
2014.05.22 03:00:02.779,1.07945,1.07967,1.25,1.19
2014.05.22 03:00:02.880,1.07945,1.07967,1.19,1.00
2014.05.22 03:00:03.192,1.07949,1.07968,1.19,1.00
2014.05.22 03:00:03.243,1.07949,1.0797,1.69,1.00
2014.05.22 03:00:04.237,1.0795,1.07971,1.19,1.00
2014.05.22 03:00:05.147,1.0795,1.07971,1.69,1.00
2014.05.22 03:00:08.203,1.07952,1.07971,1.19,1.00
2014.05.22 03:00:10.494,1.0795,1.07971,1.19,1.00
2014.05.22 03:00:11.575,1.0795,1.07971,1.25,1.25
2014.05.22 03:00:12.681,1.0795,1.07971,1.19,1.00
2014.05.22 03:00:13.592,1.0795,1.07971,1.19,1.00
2014.05.22 03:00:15.688,1.0795,1.07971,1.25,1.00
2014.05.22 03:00:16.986,1.07949,1.0797,1.00,1.00
2014.05.22 03:00:17.694,1.07949,1.0797,1.13,1.19
2014.05.22 03:00:18.698,1.07949,1.0797,1.00,1.19
2014.05.22 03:00:19.412,1.07946,1.07968,1.88,1.19
2014.05.22 03:00:19.665,1.07946,1.07968,1.50,1.69
2014.05.22 03:00:19.766,1.07946,1.07966,1.38,1.00
2014.05.22 03:00:19.928,1.07948,1.07968,1.13,1.25
2014.05.22 03:00:21.121,1.07948,1.07967,1.00,1.19
2014.05.22 03:00:21.426,1.07946,1.07962,1.00,2.63
2014.05.22 03:00:21.477,1.07946,1.07963,1.00,1.50
2014.05.22 03:00:21.681,1.07946,1.07962,1.00,1.88
2014.05.22 03:00:22.206,1.07946,1.07965,1.00,1.69
2014.05.22 03:00:22.484,1.07946,1.07955,1.00,1.00
2014.05.22 03:00:23.061,1.07939,1.07951,1.84,1.88
2014.05.22 03:00:23.700,1.07939,1.07952,1.34,1.88
2014.05.22 03:00:24.206,1.07939,1.07951,1.34,1.88
2014.05.22 03:00:24.257,1.07946,1.07957,1.00,1.88
2014.05.22 03:00:24.572,1.07942,1.07956,1.00,1.88
2014.05.22 03:00:24.890,1.07946,1.07956,1.00,1.88
2014.05.22 03:00:24.940,1.07946,1.07959,1.00,1.38
2014.05.22 03:00:25.446,1.07946,1.07961,1.10,1.88
2014.05.22 03:00:25.599,1.07946,1.07961,2.59,1.88
2014.05.22 03:00:25.905,1.07951,1.07961,1.00,1.88
2014.05.22 03:00:26.443,1.07951,1.07967,1.00,1.88
2014.05.22 03:00:26.962,1.07952,1.07966,1.00,1.88
2014.05.22 03:00:27.154,1.07952,1.0797,1.00,1.88
2014.05.22 03:00:27.783,1.07952,1.0797,1.00,1.38
2014.05.22 03:00:28.331,1.07952,1.0797,1.00,1.38
2014.05.22 03:00:28.863,1.07952,1.07972,1.00,4.32
2014.05.22 03:00:29.382,1.07952,1.0797,1.00,1.57
2014.05.22 03:00:30.397,1.07952,1.0797,1.00,1.57
2014.05.22 03:00:31.326,1.07952,1.0797,1.00,1.57
2014.05.22 03:00:32.932,1.07952,1.0797,1.00,1.57
2014.05.22 03:00:35.074,1.07952,1.07971,1.00,2.82
2014.05.22 03:00:35.606,1.07952,1.07972,1.00,3.57
2014.05.22 03:00:38.303,1.07952,1.07971,1.00,2.07
2014.05.22 03:00:38.962,1.07952,1.07972,1.00,3.57
2014.05.22 03:00:40.921,1.07952,1.07971,1.00,2.07
2014.05.22 03:00:44.158,1.07949,1.07971,1.00,2.07
2014.05.22 03:00:44.670,1.07948,1.07968,1.00,1.57
2014.05.22 03:00:44.721,1.07946,1.07966,1.00,1.32
2014.05.22 03:00:45.255,1.07947,1.07966,1.00,2.82
2014.05.22 03:00:46.671,1.07947,1.07966,1.00,1.32
2014.05.22 03:00:53.362,1.07945,1.07966,1.00,1.25
2014.05.22 03:00:53.415,1.07945,1.07964,1.00,1.19
2014.05.22 03:00:54.297,1.07945,1.07966,1.00,2.07
2014.05.22 03:00:55.299,1.07945,1.07966,1.00,1.19
2014.05.22 03:00:57.687,1.07946,1.07966,1.00,1.32
2014.05.22 03:00:59.316,1.07946,1.07966,1.00,2.07
2014.05.22 03:01:01.324,1.07946,1.07966,1.00,1.19
2014.05.22 03:01:02.334,1.07946,1.07966,1.00,1.19
2014.05.22 03:01:06.389,1.07946,1.07965,1.00,1.19
2014.05.22 03:01:09.384,1.07946,1.07965,1.00,1.19
2014.05.22 03:01:10.374,1.07946,1.07965,1.00,1.19
2014.05.22 03:01:13.369,1.07946,1.07964,1.00,1.19
2014.05.22 03:01:16.241,1.07943,1.07964,1.00,1.19
2014.05.22 03:01:18.484,1.07943,1.07964,1.00,1.25
2014.05.22 03:01:29.529,1.07943,1.07964,1.19,1.00
2014.05.22 03:01:30.538,1.07943,1.07964,1.19,1.00
2014.05.22 03:01:40.554,1.07943,1.07964,1.25,1.00
2014.05.22 03:01:44.967,1.07943,1.07964,1.19,1.00
2014.05.22 03:01:45.981,1.07943,1.07964,1.25,1.00
2014.05.22 03:01:48.502,1.07941,1.07962,1.19,1.00
2014.05.22 03:01:49.010,1.07941,1.07962,1.25,1.00
2014.05.22 03:01:53.232,1.07938,1.07961,2.59,1.00
2014.05.22 03:01:53.649,1.07938,1.07959,1.69,1.00
2014.05.22 03:01:54.176,1.07936,1.07959,2.44,1.00
2014.05.22 03:01:54.536,1.07936,1.07957,1.69,1.00
2014.05.22 03:01:57.656,1.07936,1.07957,1.19,1.00
2014.05.22 03:01:58.956,1.07937,1.07958,1.27,1.00
2014.05.22 03:01:59.694,1.07937,1.07958,1.37,1.00
2014.05.22 03:02:00.203,1.07936,1.07957,1.84,1.00
2014.05.22 03:02:00.667,1.07938,1.07957,1.19,1.00
2014.05.22 03:02:07.945,1.07938,1.07958,1.29,1.00
2014.05.22 03:02:08.471,1.07939,1.07958,1.19,1.00
2014.05.22 03:02:08.854,1.07939,1.07956,1.19,1.00
2014.05.22 03:02:09.416,1.07938,1.07956,1.19,1.00
2014.05.22 03:02:10.123,1.07937,1.07956,1.19,1.00
2014.05.22 03:02:12.107,1.0794,1.07956,1.19,1.00
2014.05.22 03:02:12.260,1.0794,1.07958,1.19,1.00
2014.05.22 03:02:12.614,1.07937,1.07958,1.69,1.00
2014.05.22 03:02:13.382,1.07937,1.07956,1.19,1.00
2014.05.22 03:02:13.708,1.07937,1.07954,1.19,1.00
2014.05.22 03:02:13.759,1.07935,1.07954,1.69,1.00
2014.05.22 03:02:14.748,1.07934,1.07954,2.82,1.00
2014.05.22 03:02:18.741,1.07935,1.07952,1.19,1.00
2014.05.22 03:02:19.714,1.07935,1.07954,1.19,1.00
2014.05.22 03:02:20.169,1.07937,1.07958,1.63,1.25
2014.05.22 03:02:20.220,1.07937,1.07958,1.25,1.25
2014.05.22 03:02:20.739,1.07937,1.07958,1.19,1.00
2014.05.22 03:02:21.786,1.07937,1.07958,1.69,1.00
2014.05.22 03:02:22.741,1.07938,1.07958,1.19,1.00
2014.05.22 03:02:23.170,1.07938,1.07956,1.19,1.00
2014.05.22 03:02:23.748,1.07935,1.07956,1.19,1.00
2014.05.22 03:02:24.278,1.07935,1.07957,1.19,1.50
2014.05.22 03:02:24.801,1.07934,1.07957,1.69,1.50
2014.05.22 03:02:25.309,1.07934,1.07956,3.57,1.00
2014.05.22 03:02:25.836,1.07935,1.07956,1.19,1.00
2014.05.22 03:02:26.757,1.07936,1.07956,1.19,1.00
2014.05.22 03:02:27.458,1.07936,1.07957,1.19,1.50
2014.05.22 03:02:28.005,1.07936,1.07956,1.19,1.00
2014.05.22 03:02:28.812,1.07936,1.07957,1.19,1.50
2014.05.22 03:02:29.558,1.07936,1.07956,1.19,1.00
2014.05.22 03:02:30.531,1.07936,1.07955,1.19,1.00
2014.05.22 03:02:31.209,1.07935,1.07955,1.19,1.00
2014.05.22 03:02:32.192,1.07933,1.07952,2.07,1.00
2014.05.22 03:02:32.496,1.07935,1.07956,1.00,1.00
2014.05.22 03:02:33.227,1.07935,1.07956,1.69,1.00
2014.05.22 03:02:34.229,1.07935,1.07956,1.19,1.00
2014.05.22 03:02:35.222,1.07935,1.07956,1.69,1.00
2014.05.22 03:02:35.527,1.07934,1.07955,1.99,1.00
2014.05.22 03:02:35.578,1.07934,1.07953,1.99,1.00
2014.05.22 03:02:36.221,1.07934,1.07956,1.99,1.00
2014.05.22 03:02:36.820,1.07932,1.07956,2.74,1.25
2014.05.22 03:02:37.351,1.07932,1.07956,2.74,1.25
2014.05.22 03:02:37.659,1.07932,1.07954,1.62,1.00
2014.05.22 03:02:39.510,1.07931,1.07954,1.25,1.25
2014.05.22 03:02:40.513,1.07931,1.07954,1.19,1.19
2014.05.22 03:02:41.543,1.07932,1.07954,1.19,1.00
2014.05.22 03:02:43.563,1.07932,1.07954,1.25,1.19
2014.05.22 03:02:45.123,1.07932,1.07954,1.00,1.25
2014.05.22 03:02:47.130,1.07932,1.07954,1.00,1.19
2014.05.22 03:02:48.133,1.07932,1.07954,1.19,1.25
2014.05.22 03:02:54.558,1.07932,1.07954,1.00,1.19
2014.05.22 03:02:54.609,1.07932,1.07951,1.00,1.00
2014.05.22 03:02:55.181,1.07932,1.07954,1.00,1.19
2014.05.22 03:02:55.440,1.07931,1.07951,1.00,1.00
2014.05.22 03:02:55.591,1.07928,1.0795,1.32,1.00
2014.05.22 03:02:56.953,1.07926,1.07946,1.19,1.00
2014.05.22 03:02:57.004,1.07926,1.07946,1.00,1.00
2014.05.22 03:02:57.546,1.07925,1.07946,1.25,1.50
2014.05.22 03:02:58.006,1.0793,1.07946,1.00,1.00
2014.05.22 03:02:58.748,1.0793,1.07947,1.00,1.00
2014.05.22 03:02:59.140,1.07927,1.07947,1.25,1.00
2014.05.22 03:02:59.471,1.0793,1.07947,1.00,1.00
2014.05.22 03:02:59.991,1.0793,1.07946,1.00,1.00
2014.05.22 03:03:00.092,1.07927,1.07946,1.25,1.00
2014.05.22 03:03:04.093,1.07923,1.07946,2.03,1.69
2014.05.22 03:03:04.648,1.07923,1.07946,2.22,1.50
2014.05.22 03:03:07.205,1.07923,1.07946,2.97,1.00
2014.05.22 03:03:09.218,1.07925,1.07946,1.29,1.50
2014.05.22 03:03:17.398,1.07925,1.07946,1.29,1.38
2014.05.22 03:03:17.449,1.07923,1.07946,2.22,1.57
2014.05.22 03:03:17.500,1.07923,1.07941,1.57,1.00
2014.05.22 03:03:17.702,1.07923,1.07943,1.57,1.00
2014.05.22 03:03:17.753,1.07923,1.07943,1.57,1.00
2014.05.22 03:03:18.300,1.07922,1.07943,2.07,1.00
2014.05.22 03:03:28.428,1.07925,1.07943,1.19,1.00
2014.05.22 03:03:30.441,1.07923,1.07943,1.32,1.00
2014.05.22 03:03:33.659,1.07922,1.07945,2.89,1.00
2014.05.22 03:03:34.493,1.07924,1.07945,1.39,1.00
2014.05.22 03:03:36.399,1.07924,1.07945,1.29,1.00
2014.05.22 03:03:38.406,1.07923,1.07945,1.72,1.00
2014.05.22 03:03:39.410,1.07923,1.07945,1.47,1.00
2014.05.22 03:03:40.935,1.07923,1.07943,1.57,1.00
2014.05.22 03:03:41.336,1.07921,1.07943,1.67,1.00
2014.05.22 03:03:41.489,1.0792,1.0794,1.95,1.00
2014.05.22 03:03:41.655,1.0792,1.0794,1.50,1.00
2014.05.22 03:03:42.111,1.07918,1.07936,2.82,1.00
2014.05.22 03:03:44.518,1.07917,1.07936,1.38,1.00
2014.05.22 03:03:44.827,1.07914,1.07934,2.97,1.00
2014.05.22 03:03:45.545,1.07914,1.07934,1.78,1.00
2014.05.22 03:03:46.325,1.07914,1.07934,2.97,1.00
2014.05.22 03:03:46.511,1.07915,1.07936,1.53,1.00
2014.05.22 03:03:47.046,1.07915,1.07936,1.72,1.50
2014.05.22 03:03:47.582,1.07915,1.07936,1.72,1.00
2014.05.22 03:03:48.102,1.07917,1.07936,1.77,1.00
2014.05.22 03:03:48.644,1.07918,1.07937,2.22,1.00
2014.05.22 03:03:48.796,1.07919,1.07936,2.97,1.00
2014.05.22 03:03:49.536,1.07919,1.07937,1.55,1.00
2014.05.22 03:03:50.111,1.07919,1.07936,2.22,1.00
2014.05.22 03:03:50.909,1.07918,1.07937,2.22,1.00
2014.05.22 03:03:51.700,1.07919,1.07942,2.22,1.00
2014.05.22 03:03:52.229,1.07919,1.07942,2.97,1.00
2014.05.22 03:03:53.099,1.07919,1.07942,1.74,1.00
2014.05.22 03:03:53.752,1.07921,1.07937,1.57,1.00
2014.05.22 03:03:53.954,1.07921,1.07942,1.64,1.00
2014.05.22 03:03:54.714,1.07921,1.07942,1.38,1.00
2014.05.22 03:03:56.229,1.07921,1.07942,2.07,1.00
2014.05.22 03:03:58.403,1.07922,1.07942,1.57,1.00
2014.05.22 03:03:58.504,1.07922,1.07936,1.19,1.00
2014.05.22 03:03:59.031,1.07922,1.07937,1.19,1.00
2014.05.22 03:03:59.093,1.07921,1.07937,1.19,1.00
2014.05.22 03:04:00.098,1.07921,1.07937,1.19,1.00
2014.05.22 03:04:01.143,1.07921,1.07937,1.19,1.00
2014.05.22 03:04:02.132,1.07921,1.07937,1.25,1.00
2014.05.22 03:04:02.750,1.07921,1.07936,1.25,1.00
2014.05.22 03:04:03.276,1.07921,1.07937,1.25,1.00
2014.05.22 03:04:05.845,1.07921,1.07937,1.19,1.00
2014.05.22 03:04:06.753,1.07921,1.07937,1.00,1.00
2014.05.22 03:04:08.077,1.07921,1.07936,1.00,1.00
2014.05.22 03:04:08.680,1.07921,1.07937,1.00,1.00
2014.05.22 03:04:09.475,1.07921,1.07936,1.25,1.00
2014.05.22 03:04:09.983,1.07919,1.07937,1.69,1.00
2014.05.22 03:04:10.835,1.07919,1.07937,1.19,1.00
2014.05.22 03:04:11.508,1.07919,1.07936,2.82,1.00
2014.05.22 03:04:12.314,1.07919,1.07937,1.25,1.00
2014.05.22 03:04:13.936,1.07919,1.07936,2.82,1.00
2014.05.22 03:04:14.497,1.07919,1.07937,1.25,1.00
2014.05.22 03:04:14.897,1.07919,1.07936,2.82,1.00
2014.05.22 03:04:15.970,1.07919,1.07937,1.19,1.00
2014.05.22 03:04:17.186,1.07919,1.07936,2.82,1.00
2014.05.22 03:04:18.194,1.0792,1.07936,1.25,1.00
2014.05.22 03:04:18.747,1.0792,1.07937,1.25,1.00
2014.05.22 03:04:19.491,1.0792,1.07936,1.25,1.00
2014.05.22 03:04:20.064,1.0792,1.07936,1.19,1.00
2014.05.22 03:04:21.329,1.0792,1.07937,1.19,1.00
2014.05.22 03:04:23.057,1.0792,1.07936,1.19,1.00
2014.05.22 03:04:23.590,1.0792,1.07936,1.25,1.00
2014.05.22 03:04:24.180,1.0792,1.07937,1.25,1.00
2014.05.22 03:04:24.688,1.07918,1.07937,2.07,1.00
2014.05.22 03:04:25.685,1.07918,1.07937,2.07,1.00
2014.05.22 03:04:26.268,1.07919,1.07936,2.07,1.00
2014.05.22 03:04:26.989,1.07919,1.07936,2.07,1.00
2014.05.22 03:04:27.601,1.07919,1.0793,2.63,1.19
2014.05.22 03:04:27.703,1.07919,1.07934,1.00,1.00
2014.05.22 03:04:28.205,1.07917,1.07935,1.38,1.19
2014.05.22 03:04:28.924,1.07916,1.0793,1.38,1.19
2014.05.22 03:04:29.026,1.07915,1.0793,1.50,1.19
2014.05.22 03:04:29.228,1.07915,1.0793,1.38,1.19
2014.05.22 03:04:29.430,1.07914,1.0793,1.88,1.19
2014.05.22 03:04:29.902,1.07914,1.07932,1.88,1.19
2014.05.22 03:04:30.753,1.07913,1.07931,1.88,1.25
2014.05.22 03:04:31.456,1.07914,1.07931,1.88,1.25
2014.05.22 03:04:36.679,1.07913,1.07931,1.88,1.25
2014.05.22 03:04:36.833,1.07913,1.0793,1.88,1.19
2014.05.22 03:04:37.406,1.07914,1.0793,1.88,1.19
2014.05.22 03:04:37.826,1.07914,1.07931,1.88,1.00
2014.05.22 03:04:38.394,1.07913,1.07931,1.88,1.00
2014.05.22 03:04:38.636,1.07913,1.07931,1.88,1.00
2014.05.22 03:04:39.385,1.07914,1.07931,1.88,1.69
2014.05.22 03:04:39.912,1.07913,1.07931,1.88,1.19
2014.05.22 03:04:40.420,1.07913,1.07931,1.88,1.19
2014.05.22 03:04:40.971,1.07914,1.07931,1.88,1.00
2014.05.22 03:04:41.727,1.07913,1.07931,1.88,1.00
2014.05.22 03:04:42.237,1.07914,1.07931,1.88,1.00
2014.05.22 03:04:42.739,1.07913,1.07931,1.88,1.00
2014.05.22 03:04:43.341,1.07914,1.07931,1.88,1.19
2014.05.22 03:04:43.846,1.07914,1.07931,1.88,1.19
2014.05.22 03:04:45.851,1.07914,1.07931,1.88,1.25
2014.05.22 03:04:46.504,1.07913,1.07931,1.88,1.25
2014.05.22 03:04:46.856,1.07913,1.07931,1.88,1.69
2014.05.22 03:04:47.382,1.07914,1.07931,1.88,1.69
2014.05.22 03:04:47.994,1.07913,1.07931,1.88,1.69
2014.05.22 03:04:48.660,1.07914,1.07931,1.88,1.69
2014.05.22 03:04:49.171,1.07914,1.07931,1.88,1.19
2014.05.22 03:04:49.829,1.07913,1.07931,1.88,1.19
2014.05.22 03:04:50.364,1.07913,1.07931,1.88,1.25
2014.05.22 03:04:50.871,1.07914,1.07931,1.88,1.25
2014.05.22 03:04:51.950,1.07913,1.07931,1.88,1.00
2014.05.22 03:04:52.757,1.07914,1.07931,1.88,1.00
2014.05.22 03:04:55.806,1.07917,1.07931,1.00,1.00
2014.05.22 03:04:56.636,1.07917,1.07931,1.38,1.19
2014.05.22 03:04:57.151,1.07917,1.07931,1.38,1.00
2014.05.22 03:04:57.705,1.07917,1.07931,1.00,1.00
2014.05.22 03:04:57.807,1.07914,1.07931,1.88,1.00
2014.05.22 03:04:59.045,1.07913,1.07931,1.88,1.00
2014.05.22 03:04:59.328,1.07922,1.07931,1.00,1.00
2014.05.22 03:04:59.481,1.07922,1.07937,1.00,1.00
2014.05.22 03:04:59.836,1.07918,1.07937,1.88,1.69
2014.05.22 03:05:00.097,1.07922,1.07937,1.00,1.19
2014.05.22 03:05:00.350,1.07919,1.0794,1.28,1.00
2014.05.22 03:05:00.866,1.0792,1.07942,1.00,1.69
2014.05.22 03:05:03.003,1.0792,1.07941,1.19,1.00
2014.05.22 03:05:03.567,1.0792,1.07942,1.19,1.00
2014.05.22 03:05:04.078,1.0792,1.07941,1.19,1.00
2014.05.22 03:05:04.617,1.07922,1.07941,1.25,1.00
2014.05.22 03:05:04.768,1.07922,1.07943,1.25,1.25
2014.05.22 03:05:05.372,1.07922,1.07943,1.19,1.00
2014.05.22 03:05:07.477,1.07922,1.07943,1.19,1.00
2014.05.22 03:05:10.439,1.07926,1.07943,1.00,1.00
2014.05.22 03:05:15.384,1.07926,1.0794,1.00,1.00
2014.05.22 03:05:17.482,1.07926,1.07941,1.00,1.00
2014.05.22 03:05:20.572,1.07931,1.07941,1.00,1.00
2014.05.22 03:05:22.252,1.07931,1.0794,1.00,1.00
2014.05.22 03:05:24.311,1.07927,1.07943,1.00,1.00
2014.05.22 03:05:27.054,1.07927,1.07944,1.00,1.00
2014.05.22 03:05:28.380,1.07927,1.07942,1.00,1.00
2014.05.22 03:05:29.289,1.07927,1.07941,1.00,1.00
2014.05.22 03:05:36.366,1.07927,1.07941,1.19,1.00
2014.05.22 03:05:36.670,1.07936,1.07947,1.00,1.88
2014.05.22 03:05:36.873,1.07931,1.07947,1.00,1.00
2014.05.22 03:05:37.378,1.07932,1.07947,1.00,1.00
2014.05.22 03:05:37.530,1.07932,1.07945,1.00,1.00
2014.05.22 03:05:37.838,1.07932,1.07943,1.00,1.00
2014.05.22 03:05:39.479,1.07932,1.07946,1.00,1.00
2014.05.22 03:05:41.030,1.07932,1.07943,1.00,1.00
2014.05.22 03:05:41.132,1.07927,1.07943,1.25,1.00
2014.05.22 03:05:45.874,1.07932,1.07943,1.00,1.00
2014.05.22 03:05:47.394,1.07932,1.07945,1.00,1.00
2014.05.22 03:05:48.205,1.07932,1.07947,1.00,1.00
2014.05.22 03:05:51.053,1.07932,1.07946,1.00,1.00
2014.05.22 03:05:52.586,1.07936,1.07946,1.00,1.00
2014.05.22 03:05:52.687,1.07936,1.07948,1.00,1.00
2014.05.22 03:05:52.788,1.07929,1.07948,2.07,1.00
2014.05.22 03:05:53.665,1.07927,1.07948,1.74,1.00
2014.05.22 03:05:54.229,1.07927,1.07948,1.74,1.00
2014.05.22 03:05:54.331,1.07927,1.07945,1.57,1.00
2014.05.22 03:05:54.876,1.07927,1.07945,1.88,1.00
2014.05.22 03:05:55.566,1.07927,1.07945,1.88,1.00
2014.05.22 03:05:56.553,1.07927,1.07945,1.88,1.00
2014.05.22 03:05:57.100,1.07927,1.07945,1.88,1.00
2014.05.22 03:05:58.223,1.07927,1.07945,2.07,1.00
2014.05.22 03:05:58.530,1.07931,1.07945,1.00,1.00
2014.05.22 03:05:59.072,1.07931,1.07948,1.00,1.00
2014.05.22 03:06:01.356,1.07931,1.07948,1.19,1.00
2014.05.22 03:06:02.065,1.07931,1.07948,1.57,1.00
2014.05.22 03:06:02.761,1.07931,1.07948,1.38,1.00
2014.05.22 03:06:03.206,1.07931,1.07948,1.00,1.00
2014.05.22 03:06:03.358,1.07929,1.07948,1.25,1.00
2014.05.22 03:06:03.459,1.07929,1.07945,1.25,1.00
2014.05.22 03:06:06.574,1.07928,1.07945,2.44,1.00
2014.05.22 03:06:07.535,1.07929,1.07945,1.88,1.00
2014.05.22 03:06:08.043,1.07928,1.07945,2.07,1.00
2014.05.22 03:06:08.626,1.07929,1.07945,1.19,1.00
2014.05.22 03:06:08.879,1.0793,1.07947,1.74,1.00
2014.05.22 03:06:09.081,1.07932,1.07947,1.00,1.00
2014.05.22 03:06:09.215,1.07932,1.07944,1.00,1.00
2014.05.22 03:06:09.534,1.07932,1.07944,1.38,1.00
2014.05.22 03:06:10.243,1.07932,1.07944,1.00,1.00
2014.05.22 03:06:13.378,1.07932,1.07944,1.38,1.00
2014.05.22 03:06:13.796,1.07931,1.07944,1.25,1.00
2014.05.22 03:06:14.100,1.07931,1.07944,1.19,1.00
2014.05.22 03:06:14.436,1.07937,1.07946,1.00,1.00
2014.05.22 03:06:14.588,1.07932,1.07946,1.57,1.00
2014.05.22 03:06:15.143,1.07932,1.07946,1.25,1.00
2014.05.22 03:06:15.414,1.0793,1.07946,2.18,1.00
2014.05.22 03:06:15.667,1.07928,1.07942,2.07,1.00
2014.05.22 03:06:16.681,1.07927,1.07942,1.57,1.00
2014.05.22 03:06:17.205,1.07926,1.07942,2.07,1.00
2014.05.22 03:06:17.747,1.07926,1.07942,2.07,1.00
2014.05.22 03:06:18.057,1.07926,1.0794,1.57,1.00
2014.05.22 03:06:18.562,1.07926,1.0794,1.38,1.00
2014.05.22 03:06:19.369,1.07926,1.0794,1.38,1.00
2014.05.22 03:06:19.669,1.07926,1.07942,1.63,1.00
2014.05.22 03:06:20.360,1.07926,1.07942,1.63,1.00
2014.05.22 03:06:21.021,1.07926,1.07942,1.63,1.00
2014.05.22 03:06:22.302,1.07926,1.07942,1.63,1.00
2014.05.22 03:06:24.315,1.07926,1.07942,1.38,1.00
2014.05.22 03:06:24.982,1.07926,1.07942,1.63,1.00
2014.05.22 03:06:25.935,1.07926,1.07942,1.63,1.00
2014.05.22 03:06:26.947,1.07926,1.07942,1.57,1.00
2014.05.22 03:06:27.802,1.07926,1.07942,1.57,1.00
2014.05.22 03:06:29.083,1.07926,1.07941,1.57,1.00
2014.05.22 03:06:30.021,1.07926,1.07941,1.57,1.00
2014.05.22 03:06:31.759,1.07926,1.07941,1.57,1.00
2014.05.22 03:06:32.573,1.07926,1.07941,1.57,1.00
2014.05.22 03:06:33.473,1.07926,1.07941,1.57,1.00
2014.05.22 03:06:34.225,1.07926,1.07941,1.57,1.00
2014.05.22 03:06:34.802,1.07926,1.07941,1.57,1.00
2014.05.22 03:06:35.791,1.07926,1.07941,1.57,1.00
2014.05.22 03:06:35.842,1.07932,1.07941,1.00,1.00
2014.05.22 03:06:42.289,1.07932,1.07943,1.00,1.00
2014.05.22 03:06:42.857,1.07929,1.07943,2.07,1.00
2014.05.22 03:06:44.303,1.07929,1.07943,2.07,1.00
2014.05.22 03:06:51.317,1.07929,1.07943,1.19,1.00
2014.05.22 03:06:56.337,1.07929,1.07943,2.07,1.00
2014.05.22 03:07:12.208,1.07928,1.07943,2.14,1.00
2014.05.22 03:07:14.233,1.07926,1.07943,1.57,1.00
2014.05.22 03:07:14.882,1.07926,1.07943,1.67,1.00
2014.05.22 03:07:15.521,1.07926,1.07943,1.67,1.00
2014.05.22 03:07:15.854,1.07931,1.07943,1.00,1.00
2014.05.22 03:07:16.208,1.07927,1.07945,2.22,1.00
2014.05.22 03:07:16.512,1.07927,1.07942,2.07,1.00
2014.05.22 03:07:17.224,1.07927,1.07942,2.07,1.00
2014.05.22 03:07:17.853,1.07927,1.07942,2.07,1.00
2014.05.22 03:07:18.387,1.07927,1.07942,2.07,1.00
2014.05.22 03:07:20.416,1.07929,1.07942,1.95,1.00
2014.05.22 03:07:21.892,1.07927,1.07945,1.67,1.00
2014.05.22 03:07:22.145,1.0793,1.07945,1.19,1.00
2014.05.22 03:07:23.118,1.07928,1.07945,2.22,1.00
2014.05.22 03:07:26.157,1.07928,1.07945,2.97,1.00
2014.05.22 03:07:28.144,1.07929,1.07945,1.39,1.00
2014.05.22 03:07:29.133,1.07929,1.07945,2.22,1.00
2014.05.22 03:07:33.191,1.07931,1.07945,1.19,1.00
2014.05.22 03:07:33.878,1.07929,1.07945,2.14,1.00
2014.05.22 03:07:34.853,1.07927,1.07945,2.07,1.00
2014.05.22 03:07:35.302,1.07935,1.07946,1.00,1.00
2014.05.22 03:08:21.001,1.07932,1.07945,1.25,1.00
2014.05.22 03:08:21.171,1.07932,1.07945,1.63,1.00
2014.05.22 03:08:21.324,1.07932,1.07948,1.63,1.00
2014.05.22 03:08:21.866,1.07933,1.07948,1.13,1.00
2014.05.22 03:08:22.119,1.07934,1.07948,2.07,1.00
2014.05.22 03:08:22.423,1.07935,1.07948,1.69,1.00
2014.05.22 03:08:22.525,1.07937,1.07951,1.29,1.00
2014.05.22 03:08:22.626,1.07937,1.07955,1.29,1.00
2014.05.22 03:08:23.409,1.07937,1.07955,1.29,1.00
2014.05.22 03:08:26.433,1.07937,1.07955,1.77,1.00
2014.05.22 03:08:29.432,1.07937,1.07955,1.29,1.00
2014.05.22 03:08:31.439,1.07937,1.07955,1.77,1.00
2014.05.22 03:08:35.491,1.07938,1.07955,1.57,1.00
2014.05.22 03:08:41.569,1.07937,1.07955,3.57,1.00
2014.05.22 03:08:43.721,1.07939,1.07954,1.39,1.00
2014.05.22 03:08:45.584,1.07939,1.07954,1.29,1.00
2014.05.22 03:08:46.375,1.07939,1.07957,2.14,1.00
2014.05.22 03:08:48.621,1.07939,1.07957,1.25,1.00
2014.05.22 03:08:58.681,1.07936,1.07958,1.37,1.00
2014.05.22 03:08:59.722,1.07936,1.07958,1.74,1.00
2014.05.22 03:09:00.763,1.07937,1.07958,1.64,1.00
2014.05.22 03:09:01.738,1.07936,1.07958,1.74,1.00
2014.05.22 03:09:04.150,1.07936,1.07958,1.74,1.00
2014.05.22 03:09:11.668,1.07937,1.07958,1.64,1.00
2014.05.22 03:09:12.672,1.07936,1.07958,2.22,1.00
2014.05.22 03:09:16.682,1.07937,1.07958,2.07,1.00
2014.05.22 03:09:17.706,1.07937,1.07958,1.57,1.00
2014.05.22 03:09:19.013,1.07937,1.07958,1.57,1.00
2014.05.22 03:09:19.267,1.07937,1.07954,1.57,1.00
2014.05.22 03:09:20.740,1.07937,1.07954,1.00,1.00
2014.05.22 03:09:21.274,1.07934,1.07954,1.57,1.00
2014.05.22 03:09:21.579,1.07932,1.07951,2.00,1.00
2014.05.22 03:09:22.092,1.07932,1.07951,2.52,1.00
2014.05.22 03:09:25.026,1.07934,1.07951,1.25,1.00
2014.05.22 03:09:25.984,1.07934,1.07951,1.29,1.00
2014.05.22 03:09:26.984,1.07934,1.07951,1.32,1.00
2014.05.22 03:09:27.288,1.07938,1.07951,1.25,1.00
2014.05.22 03:09:27.391,1.07938,1.07954,1.25,1.00
2014.05.22 03:09:29.089,1.07938,1.07955,1.25,1.00
2014.05.22 03:09:31.145,1.07935,1.07955,1.77,1.00
2014.05.22 03:09:32.129,1.07935,1.07955,1.69,1.00
2014.05.22 03:09:35.146,1.07935,1.07955,1.69,1.00
2014.05.22 03:09:36.124,1.07935,1.07955,1.69,1.00
2014.05.22 03:09:38.753,1.07937,1.07955,1.00,1.00
2014.05.22 03:09:38.854,1.07942,1.07955,1.00,1.00
2014.05.22 03:09:40.170,1.07942,1.07958,1.00,1.00
2014.05.22 03:09:41.180,1.07942,1.07961,1.69,1.00
2014.05.22 03:09:41.692,1.07942,1.07961,1.69,1.00
2014.05.22 03:09:42.645,1.07942,1.07961,1.69,1.00
2014.05.22 03:09:48.659,1.07942,1.07958,1.69,1.00
2014.05.22 03:09:49.179,1.07941,1.07958,1.25,1.00
2014.05.22 03:09:52.787,1.0794,1.07958,1.25,1.00
2014.05.22 03:09:55.813,1.07947,1.07958,1.00,1.00
2014.05.22 03:09:56.116,1.07947,1.07962,1.00,1.00
2014.05.22 03:09:56.369,1.07946,1.07958,1.50,1.00
2014.05.22 03:09:56.470,1.07946,1.0796,1.00,1.00
2014.05.22 03:09:56.571,1.07942,1.0796,1.19,1.00
2014.05.22 03:09:56.723,1.07942,1.0796,1.00,1.00
2014.05.22 03:09:56.774,1.07942,1.07957,1.00,1.00
2014.05.22 03:09:57.703,1.07942,1.07957,1.19,1.00
2014.05.22 03:09:59.705,1.07942,1.07957,1.25,1.00
2014.05.22 03:10:01.492,1.07942,1.07962,1.25,1.00
2014.05.22 03:10:01.747,1.07942,1.07962,1.19,1.00
2014.05.22 03:10:02.768,1.07942,1.07962,1.19,1.00
2014.05.22 03:10:03.224,1.07939,1.07962,1.50,1.19
2014.05.22 03:10:03.477,1.07937,1.07959,1.63,1.00
2014.05.22 03:10:04.137,1.07936,1.07959,2.52,1.00
2014.05.22 03:10:04.690,1.07936,1.07959,2.52,1.25
2014.05.22 03:10:04.744,1.07936,1.07959,2.89,1.25
2014.05.22 03:10:06.773,1.07939,1.07959,1.19,1.00
2014.05.22 03:10:07.394,1.07942,1.07959,1.00,1.00
2014.05.22 03:10:07.780,1.07942,1.07959,1.19,1.00
2014.05.22 03:10:12.784,1.07941,1.07959,1.19,1.00
2014.05.22 03:10:13.783,1.07942,1.07959,1.19,1.00
2014.05.22 03:10:14.383,1.07946,1.07959,1.00,1.00
2014.05.22 03:10:17.133,1.07942,1.07962,1.19,1.00
2014.05.22 03:10:17.779,1.07942,1.07962,2.59,1.00
2014.05.22 03:10:20.125,1.07957,1.07962,1.00,1.00
2014.05.22 03:10:20.327,1.07956,1.07965,1.00,1.00
2014.05.22 03:10:21.085,1.07956,1.07969,1.00,1.13
2014.05.22 03:10:21.137,1.07961,1.07969,1.00,1.00
2014.05.22 03:10:21.188,1.07961,1.07972,1.00,1.00
2014.05.22 03:10:21.706,1.07962,1.07972,1.00,1.00
2014.05.22 03:10:21.757,1.07962,1.07974,1.00,1.00
2014.05.22 03:10:21.909,1.07956,1.07974,1.25,1.00
2014.05.22 03:10:22.303,1.07962,1.07974,1.00,1.00
2014.05.22 03:10:22.766,1.07961,1.07977,1.25,1.00
2014.05.22 03:10:23.295,1.07962,1.07977,1.00,1.00
2014.05.22 03:10:23.834,1.07963,1.07977,1.69,1.00
2014.05.22 03:10:24.205,1.07966,1.07981,1.00,1.00
2014.05.22 03:10:24.371,1.07966,1.07985,1.00,1.00
2014.05.22 03:10:24.826,1.07967,1.07981,1.00,1.00
2014.05.22 03:10:26.418,1.07966,1.07981,1.00,1.00
2014.05.22 03:10:26.742,1.07972,1.07981,1.00,1.13
2014.05.22 03:10:27.248,1.07971,1.07984,1.00,1.38
2014.05.22 03:10:27.828,1.07971,1.07984,1.00,1.38
2014.05.22 03:10:28.786,1.07971,1.07984,1.00,1.38
2014.05.22 03:10:30.256,1.07971,1.07984,1.00,1.38
2014.05.22 03:10:30.554,1.07971,1.07984,1.00,1.00
2014.05.22 03:10:32.342,1.07976,1.07984,1.00,1.00
2014.05.22 03:10:32.545,1.07971,1.07984,1.00,1.00
2014.05.22 03:10:42.143,1.07972,1.07984,1.00,1.00
2014.05.22 03:10:42.345,1.07967,1.07984,1.00,1.00
2014.05.22 03:10:42.804,1.07972,1.07984,1.00,1.00
2014.05.22 03:10:43.442,1.07971,1.07984,1.00,1.00
2014.05.22 03:10:46.403,1.07966,1.07984,1.25,1.00
2014.05.22 03:10:46.630,1.07966,1.07984,1.25,1.38
2014.05.22 03:10:47.189,1.07966,1.07984,1.25,1.38
2014.05.22 03:10:47.624,1.07964,1.07984,1.00,1.38
2014.05.22 03:10:47.675,1.07963,1.07984,1.25,1.00
2014.05.22 03:10:48.079,1.07963,1.07984,1.25,1.38
2014.05.22 03:10:48.887,1.07963,1.07984,1.00,1.38
2014.05.22 03:10:49.204,1.07965,1.07986,1.00,1.32
2014.05.22 03:10:51.135,1.07967,1.07988,1.00,2.89
2014.05.22 03:10:51.921,1.07967,1.07988,1.00,2.07
2014.05.22 03:10:52.669,1.07966,1.07988,1.00,2.07
2014.05.22 03:10:53.321,1.07967,1.07988,1.00,1.69
2014.05.22 03:10:55.033,1.07967,1.07988,1.00,1.50
2014.05.22 03:10:55.084,1.07971,1.07988,1.00,1.50
2014.05.22 03:10:56.035,1.07971,1.07988,1.00,1.69
2014.05.22 03:10:56.748,1.07971,1.07988,1.00,2.07
2014.05.22 03:10:58.422,1.07966,1.07988,1.00,2.14
2014.05.22 03:10:58.941,1.07967,1.07988,1.00,1.84
2014.05.22 03:10:59.144,1.07967,1.07988,1.00,2.59
2014.05.22 03:11:02.174,1.07967,1.07988,1.00,1.69
2014.05.22 03:11:12.185,1.07967,1.07988,1.00,1.69
2014.05.22 03:11:17.200,1.07967,1.07988,1.00,1.69
2014.05.22 03:11:19.256,1.07967,1.07988,1.00,1.69
2014.05.22 03:11:20.248,1.07967,1.07988,1.00,1.19
2014.05.22 03:11:22.227,1.07967,1.07988,1.00,1.19
2014.05.22 03:11:28.235,1.07967,1.07988,1.00,1.25
2014.05.22 03:11:30.248,1.07967,1.07988,1.00,1.19
2014.05.22 03:11:31.861,1.07965,1.07988,1.69,1.19
2014.05.22 03:11:32.370,1.07967,1.07988,1.25,1.00
2014.05.22 03:11:36.393,1.07965,1.07988,2.44,1.00
2014.05.22 03:11:36.504,1.07965,1.07988,1.00,1.19
2014.05.22 03:11:41.511,1.07965,1.07988,1.00,1.69
2014.05.22 03:11:44.538,1.07965,1.07988,1.00,1.19
2014.05.22 03:11:46.511,1.07965,1.07988,1.25,1.25
2014.05.22 03:11:49.713,1.07965,1.07991,1.19,2.22
2014.05.22 03:11:51.323,1.07963,1.07991,2.44,1.84
2014.05.22 03:11:55.352,1.07963,1.0799,2.52,1.19
2014.05.22 03:11:57.337,1.07963,1.07991,1.69,2.82
2014.05.22 03:11:58.340,1.07963,1.07991,2.44,2.07
2014.05.22 03:11:59.343,1.07964,1.07991,1.19,2.82
2014.05.22 03:12:02.353,1.07964,1.07991,1.19,2.07
2014.05.22 03:12:04.391,1.07967,1.07992,1.00,1.57
2014.05.22 03:12:07.113,1.07967,1.07989,1.00,1.19
2014.05.22 03:12:07.164,1.07965,1.07989,1.77,1.19
2014.05.22 03:12:07.722,1.07966,1.07989,1.00,1.19
2014.05.22 03:12:08.186,1.07966,1.07987,1.00,1.19
2014.05.22 03:12:08.237,1.07963,1.07987,1.84,1.19
2014.05.22 03:12:08.340,1.07967,1.07987,1.00,1.19
2014.05.22 03:12:08.492,1.07967,1.07991,1.00,2.82
2014.05.22 03:12:09.055,1.07966,1.07991,1.00,1.19
2014.05.22 03:12:09.512,1.07966,1.07993,1.19,2.22
2014.05.22 03:12:11.127,1.07966,1.07993,1.19,2.22
2014.05.22 03:12:13.243,1.07967,1.07993,1.25,2.22
2014.05.22 03:12:16.593,1.07967,1.07992,1.25,1.72
2014.05.22 03:12:17.512,1.07967,1.0799,1.00,1.37
2014.05.22 03:12:17.613,1.07967,1.07993,1.00,1.72
2014.05.22 03:12:17.866,1.07967,1.07993,1.00,1.72
2014.05.22 03:12:19.537,1.07967,1.07993,1.19,1.72
2014.05.22 03:12:20.505,1.07967,1.07993,1.25,2.22
2014.05.22 03:12:23.850,1.07972,1.07993,1.00,2.22
2014.05.22 03:12:25.565,1.07972,1.07993,1.00,1.72
2014.05.22 03:12:25.893,1.07972,1.07993,1.00,1.72
2014.05.22 03:12:26.054,1.07972,1.07993,1.00,1.77
2014.05.22 03:12:26.501,1.07972,1.07993,1.00,1.72
2014.05.22 03:12:33.241,1.07972,1.07991,1.00,1.47
2014.05.22 03:12:33.342,1.07971,1.07993,1.00,1.57
2014.05.22 03:12:34.733,1.07971,1.07995,1.00,1.67
2014.05.22 03:12:35.869,1.07972,1.07995,1.00,2.14
2014.05.22 03:12:36.360,1.07972,1.07993,1.00,1.72
2014.05.22 03:12:48.084,1.07971,1.07991,1.00,2.14
2014.05.22 03:12:48.692,1.07971,1.07991,1.00,2.14
2014.05.22 03:12:49.462,1.07971,1.07992,1.00,3.72
2014.05.22 03:12:49.979,1.07971,1.07991,1.00,2.14
2014.05.22 03:12:50.531,1.07971,1.07991,1.00,1.67
2014.05.22 03:12:51.441,1.07971,1.07991,1.00,2.89
2014.05.22 03:12:52.048,1.07971,1.07991,1.00,1.67
2014.05.22 03:12:52.856,1.07971,1.07991,1.00,2.89
2014.05.22 03:12:54.373,1.07971,1.07991,1.00,1.67
2014.05.22 03:12:59.290,1.07971,1.07991,1.00,2.89
2014.05.22 03:12:59.896,1.07971,1.07991,1.00,1.67
2014.05.22 03:13:00.456,1.07971,1.07991,1.00,2.89
2014.05.22 03:13:01.237,1.07971,1.07991,1.00,1.67
2014.05.22 03:13:01.775,1.07971,1.07991,1.00,2.89
2014.05.22 03:13:03.339,1.07971,1.0799,1.00,1.57
2014.05.22 03:13:04.589,1.07971,1.0799,1.00,1.57
2014.05.22 03:13:04.910,1.07971,1.07984,1.00,1.00
2014.05.22 03:13:10.406,1.07972,1.07984,1.00,1.00
2014.05.22 03:13:14.429,1.07972,1.07987,1.00,1.38
2014.05.22 03:13:15.686,1.07972,1.07987,1.00,1.13
2014.05.22 03:13:16.389,1.07972,1.07987,1.00,1.38
2014.05.22 03:13:18.825,1.07972,1.07987,1.00,1.13
2014.05.22 03:13:20.888,1.07972,1.07987,1.00,1.38
2014.05.22 03:13:21.876,1.07972,1.07987,1.00,1.13
2014.05.22 03:13:22.810,1.07967,1.07987,1.19,1.13
2014.05.22 03:13:23.355,1.07967,1.07987,1.19,1.38
2014.05.22 03:13:23.862,1.07967,1.07987,1.00,1.38
2014.05.22 03:13:24.363,1.07966,1.07987,1.50,1.38
2014.05.22 03:13:24.864,1.07966,1.07986,1.50,2.07
2014.05.22 03:13:29.559,1.07966,1.07986,1.50,2.07
2014.05.22 03:13:32.617,1.07967,1.07987,1.00,2.82
2014.05.22 03:13:37.922,1.07966,1.07986,1.50,2.07
2014.05.22 03:13:41.625,1.07966,1.07987,1.00,2.82
2014.05.22 03:13:42.616,1.07966,1.07987,1.00,2.82
2014.05.22 03:13:43.148,1.07966,1.07986,1.00,1.88
2014.05.22 03:13:46.806,1.07966,1.07987,1.00,2.82
2014.05.22 03:13:47.634,1.07966,1.07987,1.00,2.82
2014.05.22 03:13:49.640,1.07966,1.07987,1.00,3.57
2014.05.22 03:13:50.644,1.07966,1.07987,1.00,2.82
2014.05.22 03:13:53.655,1.07966,1.07987,1.00,2.82
2014.05.22 03:13:54.658,1.07966,1.07986,1.00,2.07
2014.05.22 03:13:57.667,1.07966,1.07987,1.00,3.57
2014.05.22 03:14:02.687,1.07966,1.07987,1.00,2.82
2014.05.22 03:14:05.700,1.07966,1.07986,1.00,2.07
2014.05.22 03:14:07.138,1.07967,1.07987,1.00,2.82
2014.05.22 03:14:13.734,1.07967,1.07986,1.00,2.14
2014.05.22 03:14:19.756,1.07967,1.07986,1.00,2.07
2014.05.22 03:14:22.876,1.07971,1.07987,1.00,2.07
2014.05.22 03:14:23.814,1.07971,1.07987,1.00,2.07
2014.05.22 03:14:24.574,1.07971,1.07986,1.00,1.88
2014.05.22 03:14:26.222,1.07971,1.07987,1.00,1.88
2014.05.22 03:14:26.785,1.07971,1.07986,1.00,1.88
2014.05.22 03:14:27.424,1.07971,1.07987,1.00,1.88
2014.05.22 03:14:28.434,1.07971,1.07986,1.00,1.88
2014.05.22 03:14:29.456,1.07971,1.07987,1.00,1.88
2014.05.22 03:14:30.457,1.07971,1.07986,1.00,1.88
2014.05.22 03:14:30.787,1.07966,1.07986,1.25,1.88
2014.05.22 03:14:31.465,1.07966,1.07987,1.25,1.88
2014.05.22 03:14:32.006,1.07966,1.07986,1.25,1.88
2014.05.22 03:14:32.809,1.07966,1.07986,1.19,1.88
2014.05.22 03:14:33.692,1.07966,1.07987,1.19,1.88
2014.05.22 03:14:34.482,1.07966,1.07987,1.25,2.07
2014.05.22 03:14:35.102,1.07966,1.07987,1.00,2.07
2014.05.22 03:14:35.971,1.07966,1.07987,1.00,1.88
2014.05.22 03:14:36.378,1.07966,1.07985,1.00,1.00
2014.05.22 03:14:36.682,1.07962,1.07983,1.00,1.57
2014.05.22 03:14:36.986,1.07961,1.07978,1.00,1.25
2014.05.22 03:14:38.598,1.07967,1.07978,1.00,1.25
2014.05.22 03:14:38.851,1.07961,1.07978,1.00,1.25
2014.05.22 03:14:39.868,1.07962,1.07978,1.00,1.00
2014.05.22 03:14:39.919,1.07962,1.0798,1.00,1.00
2014.05.22 03:14:39.971,1.07966,1.0798,1.00,1.00
2014.05.22 03:14:40.377,1.07969,1.07981,1.25,1.13
2014.05.22 03:14:40.428,1.07969,1.07984,1.25,1.50
2014.05.22 03:14:40.530,1.07967,1.07984,1.69,1.38
2014.05.22 03:14:40.834,1.07971,1.07987,1.25,1.88
2014.05.22 03:14:41.452,1.07971,1.07987,1.25,1.88
2014.05.22 03:14:41.964,1.0797,1.07987,1.25,1.88
2014.05.22 03:14:42.592,1.0797,1.07986,1.25,1.88
2014.05.22 03:14:42.872,1.07972,1.07987,1.25,1.88
2014.05.22 03:14:43.395,1.07972,1.07986,1.25,1.88
2014.05.22 03:14:43.872,1.0797,1.07987,1.25,1.88
2014.05.22 03:14:43.923,1.0797,1.07985,1.25,1.00
2014.05.22 03:14:43.977,1.07967,1.07985,1.25,1.58
2014.05.22 03:14:44.129,1.07967,1.07984,1.25,1.53
2014.05.22 03:14:44.677,1.07967,1.0798,1.25,1.00
2014.05.22 03:14:44.992,1.07964,1.0798,1.19,1.18
2014.05.22 03:14:45.503,1.07964,1.0798,1.19,1.08
2014.05.22 03:14:46.019,1.07961,1.0798,1.25,1.00
2014.05.22 03:14:47.036,1.07963,1.0798,1.25,1.50
2014.05.22 03:14:47.997,1.07961,1.0798,1.25,1.50
2014.05.22 03:14:48.720,1.07961,1.07977,1.69,1.00
2014.05.22 03:14:49.242,1.07961,1.07977,1.19,1.00
2014.05.22 03:14:50.049,1.0796,1.07977,1.19,1.13
2014.05.22 03:14:50.409,1.07959,1.07977,1.25,1.50
2014.05.22 03:14:50.816,1.07961,1.07977,1.19,1.00
2014.05.22 03:14:51.120,1.07964,1.07974,1.25,1.00
2014.05.22 03:14:52.655,1.0796,1.07974,1.19,1.00
2014.05.22 03:14:55.236,1.0796,1.0797,1.19,1.00
2014.05.22 03:14:55.648,1.07958,1.0797,1.19,1.00
2014.05.22 03:14:58.635,1.07957,1.0797,1.19,1.00
2014.05.22 03:15:00.660,1.07958,1.0797,1.19,1.00
2014.05.22 03:15:01.653,1.07958,1.0797,1.25,1.00
2014.05.22 03:15:02.673,1.07959,1.0797,1.19,1.00
2014.05.22 03:15:04.774,1.07962,1.07974,1.19,1.00
2014.05.22 03:15:06.877,1.07961,1.07974,1.19,1.00
2014.05.22 03:15:09.916,1.07962,1.07974,1.19,1.00
2014.05.22 03:15:10.792,1.07958,1.07974,1.19,1.00
2014.05.22 03:15:11.045,1.07958,1.07971,1.19,1.00
2014.05.22 03:15:11.713,1.07955,1.07971,1.19,1.10
2014.05.22 03:15:14.732,1.07956,1.07971,1.19,1.10
2014.05.22 03:15:19.720,1.07957,1.07971,1.19,1.10
2014.05.22 03:15:21.776,1.07957,1.07971,1.25,1.10
2014.05.22 03:15:23.835,1.07955,1.07971,1.19,1.00
2014.05.22 03:15:23.987,1.07955,1.07971,1.19,2.33
2014.05.22 03:15:24.038,1.07951,1.07967,1.69,1.00
2014.05.22 03:15:24.241,1.07951,1.07965,1.19,1.00
2014.05.22 03:15:25.039,1.07951,1.07965,1.25,1.00
2014.05.22 03:15:27.044,1.07948,1.07965,1.19,1.00
2014.05.22 03:15:27.247,1.07948,1.07961,1.19,1.00
2014.05.22 03:15:27.449,1.07945,1.07961,1.19,1.10
2014.05.22 03:15:28.528,1.07945,1.07959,1.19,1.00
2014.05.22 03:15:29.496,1.07944,1.07959,1.25,1.00
2014.05.22 03:15:31.475,1.07944,1.07959,1.19,1.00
2014.05.22 03:15:32.581,1.0794,1.07959,1.19,1.00
2014.05.22 03:15:32.733,1.0794,1.07955,1.19,1.00
2014.05.22 03:15:33.202,1.0794,1.07953,1.19,1.00
2014.05.22 03:15:33.404,1.0794,1.07955,1.19,1.00
2014.05.22 03:15:35.126,1.07941,1.07958,1.25,1.00
2014.05.22 03:15:35.574,1.07942,1.07958,1.19,1.00
2014.05.22 03:15:37.594,1.07943,1.07958,1.19,1.00
2014.05.22 03:15:38.587,1.07943,1.07958,1.25,1.00
2014.05.22 03:15:41.732,1.07942,1.07955,1.19,1.00
2014.05.22 03:15:42.601,1.07939,1.07955,1.19,1.00
2014.05.22 03:15:44.611,1.0794,1.07955,1.19,1.00
2014.05.22 03:15:47.650,1.07939,1.07955,1.19,1.00
2014.05.22 03:15:48.622,1.07939,1.07955,1.25,1.00
2014.05.22 03:15:49.655,1.0794,1.07955,1.19,1.00
2014.05.22 03:15:51.672,1.07939,1.07955,1.19,1.00
2014.05.22 03:15:54.672,1.07942,1.07955,1.19,1.00
2014.05.22 03:15:55.695,1.07944,1.07955,1.19,1.00
2014.05.22 03:15:56.698,1.07944,1.07955,1.25,1.00
2014.05.22 03:15:56.927,1.07944,1.07958,1.25,1.00
2014.05.22 03:15:59.657,1.07945,1.07958,1.25,1.00
2014.05.22 03:16:00.661,1.07945,1.07958,1.19,1.00
2014.05.22 03:16:01.662,1.07947,1.07958,1.25,1.00
2014.05.22 03:16:02.667,1.07947,1.07958,1.19,1.00
2014.05.22 03:16:03.669,1.07947,1.07958,1.25,1.00
2014.05.22 03:16:04.672,1.07947,1.07958,1.19,1.00
2014.05.22 03:16:06.677,1.07947,1.07958,1.25,1.00
2014.05.22 03:16:10.819,1.07948,1.07958,1.19,1.00
2014.05.22 03:16:11.341,1.07948,1.07961,1.19,1.00
2014.05.22 03:16:11.629,1.07944,1.07961,1.19,1.00
2014.05.22 03:16:11.984,1.07942,1.07962,1.32,1.00
2014.05.22 03:16:12.085,1.07942,1.07958,1.32,1.00
2014.05.22 03:16:12.288,1.07938,1.07957,1.32,1.00
2014.05.22 03:16:12.796,1.07938,1.07956,1.57,1.00
2014.05.22 03:16:13.309,1.0794,1.07957,1.19,1.00
2014.05.22 03:16:14.045,1.07942,1.07958,1.25,1.00
2014.05.22 03:16:14.681,1.07942,1.07958,1.69,1.00
2014.05.22 03:16:16.605,1.07943,1.07958,1.19,1.00
2014.05.22 03:16:17.609,1.07943,1.07958,1.19,1.00
2014.05.22 03:16:19.160,1.07944,1.07958,1.19,1.00
2014.05.22 03:16:20.177,1.07942,1.07958,1.69,1.00
2014.05.22 03:16:20.685,1.07942,1.07957,1.69,1.00
2014.05.22 03:16:21.188,1.07942,1.07958,1.19,1.00
2014.05.22 03:16:23.134,1.07942,1.07958,1.69,1.00
2014.05.22 03:16:24.138,1.07942,1.07958,1.19,1.00
2014.05.22 03:16:25.139,1.07944,1.07958,1.19,1.00
2014.05.22 03:16:28.902,1.07942,1.07958,1.19,1.00
2014.05.22 03:16:29.889,1.07943,1.07958,1.19,1.00
2014.05.22 03:16:30.861,1.07943,1.07958,1.19,1.00
2014.05.22 03:16:32.429,1.07943,1.07962,1.19,1.50
2014.05.22 03:16:32.957,1.07943,1.07961,1.19,1.00
2014.05.22 03:16:33.479,1.07943,1.07962,1.19,1.50
2014.05.22 03:16:34.024,1.07943,1.07961,1.19,1.00
2014.05.22 03:16:35.025,1.07943,1.07962,1.19,1.50
2014.05.22 03:16:36.036,1.07944,1.07961,1.19,1.00
2014.05.22 03:16:36.891,1.07945,1.07961,1.19,1.00
2014.05.22 03:16:37.480,1.07945,1.07962,1.19,1.50
2014.05.22 03:16:38.637,1.07942,1.07962,1.19,1.50
2014.05.22 03:16:38.940,1.07942,1.07956,1.19,1.00
2014.05.22 03:16:39.318,1.07942,1.07959,1.19,1.00
2014.05.22 03:16:39.723,1.07945,1.07959,1.19,1.00
2014.05.22 03:16:40.902,1.07945,1.07959,1.19,1.00
2014.05.22 03:16:41.906,1.07944,1.07959,1.19,1.00
2014.05.22 03:16:44.917,1.07945,1.07959,1.19,1.00
2014.05.22 03:16:49.957,1.07943,1.07959,1.19,1.00
2014.05.22 03:16:50.938,1.07944,1.07959,1.19,1.00
2014.05.22 03:16:53.282,1.07942,1.07959,1.00,1.00
2014.05.22 03:16:53.688,1.07939,1.07957,1.19,1.00
2014.05.22 03:16:54.282,1.07938,1.07957,2.82,1.00
2014.05.22 03:16:54.845,1.07939,1.07956,2.07,1.00
2014.05.22 03:16:55.303,1.07941,1.07959,1.19,1.00
2014.05.22 03:16:55.886,1.07943,1.07959,1.19,1.00
2014.05.22 03:16:58.013,1.07943,1.07959,1.19,1.00
2014.05.22 03:17:04.013,1.07945,1.07959,1.19,1.00
2014.05.22 03:17:05.005,1.07945,1.07959,1.19,1.00
2014.05.22 03:17:11.009,1.07944,1.07959,1.19,1.00
2014.05.22 03:17:13.017,1.07945,1.07959,1.19,1.00
2014.05.22 03:17:18.032,1.07944,1.07959,1.19,1.00
2014.05.22 03:17:21.039,1.07943,1.07959,1.19,1.00
2014.05.22 03:17:22.042,1.07944,1.07959,1.19,1.00
2014.05.22 03:17:24.048,1.07942,1.07959,1.19,1.00
2014.05.22 03:17:25.051,1.07942,1.07959,1.19,1.00
2014.05.22 03:17:27.058,1.07942,1.07959,1.19,1.00
2014.05.22 03:17:28.109,1.07942,1.07959,1.19,1.00
2014.05.22 03:17:32.073,1.07944,1.07959,1.19,1.00
2014.05.22 03:17:33.077,1.07943,1.07959,1.19,1.00
2014.05.22 03:17:38.292,1.07939,1.07959,1.88,1.00
2014.05.22 03:17:38.367,1.07941,1.07959,1.00,1.00
2014.05.22 03:17:38.902,1.07941,1.07959,1.19,1.00
2014.05.22 03:17:39.088,1.07941,1.07962,1.19,1.00
2014.05.22 03:17:39.749,1.07941,1.07962,1.00,1.00
2014.05.22 03:17:41.449,1.07941,1.07962,1.19,1.00
2014.05.22 03:17:42.058,1.07941,1.07961,1.19,1.00
2014.05.22 03:17:42.626,1.07941,1.07962,1.69,1.50
2014.05.22 03:17:43.521,1.07941,1.07961,1.69,1.00
2014.05.22 03:17:44.537,1.07942,1.07962,1.19,1.50
2014.05.22 03:17:45.546,1.07942,1.07961,1.19,1.00
2014.05.22 03:17:46.553,1.07942,1.07962,1.19,1.50
2014.05.22 03:17:48.276,1.07942,1.07961,1.19,1.00
2014.05.22 03:17:48.428,1.07944,1.07961,1.19,1.00
2014.05.22 03:17:49.534,1.07943,1.07962,1.19,1.50
2014.05.22 03:17:50.311,1.07943,1.07961,1.19,1.00
2014.05.22 03:17:50.839,1.07943,1.07962,1.19,1.50
2014.05.22 03:17:51.491,1.07943,1.07961,1.19,1.00
2014.05.22 03:17:52.392,1.07943,1.07962,1.19,1.50
2014.05.22 03:17:52.953,1.07943,1.07961,1.19,1.00
2014.05.22 03:17:53.480,1.07945,1.07962,1.19,1.50
2014.05.22 03:17:54.453,1.07945,1.07962,1.19,1.50
2014.05.22 03:17:55.264,1.07945,1.07961,1.19,1.00
2014.05.22 03:17:55.825,1.07945,1.07962,1.19,1.50
2014.05.22 03:17:56.458,1.07945,1.07961,1.19,1.00
2014.05.22 03:17:57.515,1.07945,1.07962,1.19,1.50
2014.05.22 03:17:58.178,1.07945,1.07961,1.19,1.00
2014.05.22 03:17:58.895,1.07944,1.07961,1.19,1.00
2014.05.22 03:17:59.524,1.07945,1.07962,1.19,1.50
2014.05.22 03:18:00.217,1.07945,1.07961,1.19,1.00
2014.05.22 03:18:00.877,1.07945,1.07962,1.19,1.50
2014.05.22 03:18:01.484,1.07943,1.07961,1.19,1.00
2014.05.22 03:18:02.296,1.07943,1.07962,1.19,1.50
2014.05.22 03:18:02.858,1.07945,1.07962,1.19,1.50
2014.05.22 03:18:03.534,1.07944,1.07962,1.19,1.50
2014.05.22 03:18:04.179,1.07944,1.07961,1.19,1.00
2014.05.22 03:18:07.529,1.07944,1.07962,1.19,1.50
2014.05.22 03:18:08.519,1.07944,1.07962,1.19,1.50
2014.05.22 03:18:09.510,1.07943,1.07962,1.19,1.50
2014.05.22 03:18:11.031,1.07943,1.07961,1.19,1.00
2014.05.22 03:18:11.350,1.07939,1.07962,1.00,1.50
2014.05.22 03:18:11.552,1.0794,1.07962,1.19,1.69
2014.05.22 03:18:12.168,1.0794,1.07961,1.19,1.00
2014.05.22 03:18:12.762,1.07941,1.07961,1.19,1.00
2014.05.22 03:18:13.420,1.07941,1.07962,1.19,1.50
2014.05.22 03:18:14.080,1.0794,1.07961,1.19,1.00
2014.05.22 03:18:14.741,1.0794,1.07962,1.19,1.50
2014.05.22 03:18:15.501,1.0794,1.07961,1.19,1.00
2014.05.22 03:18:16.026,1.07942,1.07961,1.19,1.00
2014.05.22 03:18:16.532,1.07944,1.07961,1.19,1.00
2014.05.22 03:18:17.633,1.07944,1.07962,1.19,1.00
2014.05.22 03:18:18.555,1.07943,1.07962,1.19,1.00
2014.05.22 03:18:19.096,1.07943,1.07961,1.57,1.00
2014.05.22 03:18:19.634,1.07944,1.07962,1.19,1.00
2014.05.22 03:18:20.356,1.07944,1.07961,1.32,1.00
2014.05.22 03:18:21.774,1.07943,1.07962,1.32,1.00
2014.05.22 03:18:22.289,1.07943,1.07961,1.57,1.00
2014.05.22 03:18:23.374,1.07943,1.07962,1.32,1.00
2014.05.22 03:18:23.986,1.07945,1.07961,1.19,1.00
2014.05.22 03:18:24.534,1.07945,1.07962,1.19,1.00
2014.05.22 03:18:25.107,1.07945,1.07961,1.19,1.00
2014.05.22 03:18:25.208,1.07942,1.07962,1.57,1.00
2014.05.22 03:18:28.031,1.07942,1.07961,1.57,1.00
2014.05.22 03:18:28.545,1.07942,1.07962,1.57,1.00
2014.05.22 03:18:29.555,1.07942,1.07961,1.57,1.00
2014.05.22 03:18:30.567,1.07942,1.07961,2.07,1.00
2014.05.22 03:18:31.577,1.07942,1.07962,2.07,1.00
2014.05.22 03:18:32.596,1.07942,1.07961,2.07,1.00
2014.05.22 03:18:33.229,1.07942,1.07962,2.07,1.00
2014.05.22 03:18:33.807,1.07942,1.07962,1.57,1.00
2014.05.22 03:18:34.598,1.07942,1.07961,1.57,1.00
2014.05.22 03:18:35.208,1.07942,1.07962,1.57,1.00
2014.05.22 03:18:35.718,1.07942,1.07961,1.57,1.00
2014.05.22 03:18:36.327,1.07942,1.07962,1.63,1.00
2014.05.22 03:18:36.835,1.07942,1.07961,1.63,1.00
2014.05.22 03:18:37.358,1.07942,1.07962,1.63,1.00
2014.05.22 03:18:37.896,1.07942,1.07961,1.63,1.00
2014.05.22 03:18:39.630,1.07942,1.07962,1.63,1.00
2014.05.22 03:18:40.886,1.07942,1.07962,2.07,1.00
2014.05.22 03:18:41.785,1.07944,1.07961,2.07,1.00
2014.05.22 03:18:41.962,1.07943,1.07962,2.07,1.00
2014.05.22 03:18:43.021,1.07944,1.07961,1.88,1.00
2014.05.22 03:18:43.828,1.07943,1.07962,1.88,1.00
2014.05.22 03:18:44.399,1.07944,1.07961,2.07,1.00
2014.05.22 03:18:45.041,1.07943,1.07962,2.07,1.00
2014.05.22 03:18:45.548,1.0794,1.07961,1.57,1.50
2014.05.22 03:18:46.068,1.0794,1.07961,1.57,1.00
2014.05.22 03:18:47.473,1.0794,1.07961,1.19,1.50
2014.05.22 03:18:48.316,1.0794,1.07961,1.69,1.50
2014.05.22 03:18:53.330,1.0794,1.07961,1.19,1.50
2014.05.22 03:18:54.337,1.0794,1.07961,1.69,1.00
2014.05.22 03:18:55.347,1.07941,1.07961,1.19,1.00
2014.05.22 03:18:56.368,1.07941,1.07961,2.07,1.00
2014.05.22 03:18:56.915,1.07942,1.07961,1.63,1.00
2014.05.22 03:18:57.531,1.07942,1.07961,1.57,1.00
2014.05.22 03:18:59.030,1.07942,1.07961,1.57,1.00
2014.05.22 03:19:02.457,1.07943,1.07961,1.32,1.00
2014.05.22 03:19:03.110,1.07942,1.07961,1.38,1.00
2014.05.22 03:19:03.927,1.07943,1.07964,1.13,1.19
2014.05.22 03:19:04.065,1.07943,1.07964,1.13,1.00
2014.05.22 03:19:05.069,1.07943,1.07964,1.32,1.00
2014.05.22 03:19:07.118,1.07943,1.07964,1.32,1.25
2014.05.22 03:19:07.824,1.07943,1.07964,1.63,1.25
2014.05.22 03:19:15.105,1.07943,1.07964,1.32,1.00
2014.05.22 03:19:16.130,1.07943,1.07964,2.07,1.00
2014.05.22 03:19:17.157,1.07943,1.07964,1.32,1.00
2014.05.22 03:19:18.140,1.07943,1.07964,1.32,1.00
2014.05.22 03:19:18.339,1.07943,1.07964,1.13,1.19
2014.05.22 03:19:19.115,1.07944,1.07964,1.88,1.19
2014.05.22 03:19:19.775,1.07944,1.07964,2.07,1.00
2014.05.22 03:19:20.959,1.07943,1.07962,1.13,1.25
2014.05.22 03:19:21.363,1.07947,1.07961,1.00,1.00
2014.05.22 03:19:34.885,1.07941,1.07961,1.57,1.00
2014.05.22 03:19:35.490,1.07941,1.07961,1.57,1.00
2014.05.22 03:19:36.505,1.07947,1.07961,1.00,1.00
2014.05.22 03:19:36.659,1.07941,1.07961,1.57,1.00
2014.05.22 03:19:37.881,1.07941,1.07961,2.07,1.00
2014.05.22 03:19:41.299,1.07941,1.07961,1.38,1.00
2014.05.22 03:19:41.603,1.07947,1.07961,1.00,1.00
2014.05.22 03:19:41.906,1.07952,1.07961,1.00,1.00
2014.05.22 03:19:42.008,1.07952,1.07964,1.00,1.00
2014.05.22 03:19:42.160,1.07946,1.07964,1.00,1.00
2014.05.22 03:19:46.330,1.07947,1.07964,1.00,1.25
2014.05.22 03:19:49.720,1.07947,1.07964,1.00,1.19
2014.05.22 03:19:50.848,1.07946,1.07964,1.00,1.19
2014.05.22 03:19:53.160,1.07943,1.07964,2.63,1.19
2014.05.22 03:19:53.345,1.07946,1.07964,1.00,1.19
2014.05.22 03:19:54.101,1.07947,1.07964,1.00,1.19
2014.05.22 03:19:59.455,1.07947,1.07964,1.00,1.00
2014.05.22 03:19:59.987,1.07946,1.07964,1.00,1.00
2014.05.22 03:20:00.490,1.07946,1.07964,1.00,1.19
2014.05.22 03:20:00.796,1.07948,1.07966,1.00,1.29
2014.05.22 03:20:01.100,1.07951,1.07961,1.00,1.00
2014.05.22 03:20:01.151,1.07946,1.07961,1.00,1.00
2014.05.22 03:20:01.609,1.07941,1.07961,2.07,1.00
2014.05.22 03:20:02.506,1.07941,1.07961,2.07,1.00
2014.05.22 03:20:02.826,1.07947,1.07961,1.00,1.00
2014.05.22 03:20:02.877,1.07947,1.07963,1.00,1.25
2014.05.22 03:20:11.628,1.07952,1.07963,1.00,1.25
2014.05.22 03:20:14.356,1.07951,1.07963,1.00,1.00
2014.05.22 03:20:19.861,1.07952,1.07963,1.00,1.00
2014.05.22 03:20:25.784,1.07946,1.07963,1.00,1.00
2014.05.22 03:20:38.570,1.07947,1.07963,1.00,1.00
2014.05.22 03:20:44.347,1.07947,1.07966,1.50,1.00
2014.05.22 03:20:45.568,1.07946,1.07963,1.00,1.00
2014.05.22 03:20:52.333,1.07947,1.07963,1.00,1.00
2014.05.22 03:20:59.113,1.07944,1.07963,1.13,1.00
2014.05.22 03:21:04.164,1.07944,1.07963,1.00,2.44
2014.05.22 03:21:04.418,1.0794,1.07957,1.00,1.00
2014.05.22 03:21:05.088,1.0794,1.07956,1.00,1.00
2014.05.22 03:21:05.600,1.0794,1.07957,1.00,1.25
2014.05.22 03:21:05.650,1.07942,1.07957,1.00,1.25
2014.05.22 03:21:06.312,1.07941,1.07957,1.00,1.25
2014.05.22 03:21:08.352,1.0794,1.07957,1.00,1.25
2014.05.22 03:21:09.895,1.0794,1.07956,1.00,1.00
2014.05.22 03:21:10.648,1.0794,1.07957,1.00,1.25
2014.05.22 03:21:11.344,1.0794,1.07956,1.00,1.00
2014.05.22 03:21:12.047,1.0794,1.07957,1.00,1.00
2014.05.22 03:21:13.332,1.0794,1.07956,1.00,1.00
2014.05.22 03:21:13.851,1.0794,1.07957,1.00,1.25
2014.05.22 03:21:14.552,1.0794,1.07956,1.00,1.00
2014.05.22 03:21:15.160,1.0794,1.07957,1.00,1.25
2014.05.22 03:21:15.677,1.0794,1.07956,1.00,1.00
2014.05.22 03:21:16.477,1.0794,1.07957,1.00,1.00
2014.05.22 03:21:16.997,1.0794,1.07956,1.00,1.00
2014.05.22 03:21:17.524,1.07941,1.07957,1.00,1.00
2014.05.22 03:21:18.501,1.07941,1.07956,1.00,1.00
2014.05.22 03:21:22.443,1.07941,1.07957,1.00,1.00
2014.05.22 03:21:22.989,1.0794,1.07957,1.00,1.00
2014.05.22 03:21:23.560,1.0794,1.07956,1.00,1.00
2014.05.22 03:21:24.310,1.0794,1.07957,1.00,1.00
2014.05.22 03:21:24.670,1.07942,1.07957,1.00,1.00
2014.05.22 03:21:25.481,1.07942,1.07956,1.00,1.00
2014.05.22 03:21:26.590,1.07942,1.07957,1.00,1.00
2014.05.22 03:21:27.500,1.07942,1.07956,1.00,1.00
2014.05.22 03:21:30.541,1.07942,1.07957,1.00,1.00
2014.05.22 03:21:31.243,1.07942,1.07956,1.00,1.00
2014.05.22 03:21:33.501,1.07942,1.07957,1.00,1.00
2014.05.22 03:21:34.213,1.07942,1.07956,1.00,1.00
2014.05.22 03:21:34.945,1.07942,1.07957,1.00,1.00
2014.05.22 03:21:36.728,1.07942,1.07956,1.00,1.00
2014.05.22 03:21:37.567,1.07942,1.07957,1.00,1.00
2014.05.22 03:21:38.176,1.07942,1.07956,1.00,1.00
2014.05.22 03:21:38.834,1.07942,1.07957,1.00,1.00
2014.05.22 03:21:41.383,1.07942,1.07956,1.00,1.00
2014.05.22 03:21:41.893,1.07942,1.07957,1.00,1.00
2014.05.22 03:21:42.516,1.07942,1.07956,1.00,1.00
2014.05.22 03:21:43.837,1.07942,1.07957,1.00,1.00
2014.05.22 03:21:45.312,1.07941,1.07957,1.00,1.00
2014.05.22 03:21:46.149,1.07941,1.07956,1.00,1.00
2014.05.22 03:21:46.759,1.07941,1.07957,1.00,1.00
2014.05.22 03:21:47.403,1.07941,1.07956,1.00,1.00
2014.05.22 03:21:48.463,1.07941,1.07957,1.00,1.00
2014.05.22 03:21:49.072,1.07941,1.07956,1.00,1.00
2014.05.22 03:21:49.683,1.07941,1.07957,1.00,1.00
2014.05.22 03:21:50.482,1.07941,1.07956,1.00,1.00
2014.05.22 03:21:51.490,1.07941,1.07957,1.00,1.00
2014.05.22 03:21:52.012,1.07941,1.07956,1.00,1.00
2014.05.22 03:21:52.549,1.07941,1.07957,1.00,1.00
2014.05.22 03:21:53.207,1.07941,1.07956,1.00,1.00
2014.05.22 03:21:53.915,1.07941,1.07957,1.00,1.00
2014.05.22 03:21:54.522,1.07941,1.07956,1.00,1.00
2014.05.22 03:21:55.102,1.0794,1.07956,1.00,1.00
2014.05.22 03:21:55.631,1.0794,1.07957,1.00,1.00
2014.05.22 03:21:56.472,1.0794,1.07956,1.00,1.00
2014.05.22 03:21:57.776,1.0794,1.07957,1.00,1.00
2014.05.22 03:21:58.316,1.07941,1.07956,1.00,1.00
2014.05.22 03:21:58.825,1.07941,1.07957,1.00,1.00
2014.05.22 03:21:59.604,1.07941,1.07956,1.00,1.00
2014.05.22 03:22:01.541,1.07941,1.07957,1.00,1.00
2014.05.22 03:22:02.280,1.07941,1.07956,1.00,1.00
2014.05.22 03:22:03.652,1.07941,1.07957,1.00,1.00
2014.05.22 03:22:04.259,1.07941,1.07956,1.00,1.00
2014.05.22 03:22:04.797,1.07941,1.07957,1.00,1.00
2014.05.22 03:22:05.558,1.07941,1.07956,1.00,1.00
2014.05.22 03:22:07.020,1.07941,1.07957,1.00,1.00
2014.05.22 03:22:07.999,1.07941,1.07956,1.00,1.00
2014.05.22 03:22:09.311,1.07946,1.07957,1.00,1.00
2014.05.22 03:22:09.412,1.07941,1.0796,1.19,1.00
2014.05.22 03:22:09.514,1.07941,1.07965,1.19,1.77
2014.05.22 03:22:09.868,1.07947,1.07966,1.00,1.39
2014.05.22 03:22:10.071,1.07944,1.07963,1.00,1.00
2014.05.22 03:22:11.291,1.07944,1.07963,1.00,1.29
2014.05.22 03:22:12.295,1.07944,1.07963,1.00,1.77
2014.05.22 03:22:13.322,1.07944,1.07963,1.00,1.19
2014.05.22 03:22:14.304,1.07944,1.07963,1.00,1.00
2014.05.22 03:22:17.318,1.07944,1.07963,1.00,1.19
2014.05.22 03:22:18.321,1.07944,1.07963,1.00,1.25
2014.05.22 03:22:28.458,1.07944,1.07963,1.00,1.19
2014.05.22 03:22:30.388,1.07944,1.07963,1.00,1.00
2014.05.22 03:22:38.932,1.07951,1.07963,1.00,1.00
2014.05.22 03:22:39.438,1.07951,1.07967,1.00,1.69
2014.05.22 03:22:42.451,1.07947,1.07967,1.50,1.19
2014.05.22 03:22:44.407,1.07947,1.07966,1.50,1.25
2014.05.22 03:22:45.192,1.07947,1.07965,1.00,1.00
2014.05.22 03:22:46.415,1.07947,1.07965,1.00,1.19
2014.05.22 03:22:49.433,1.07947,1.07965,1.00,1.00
2014.05.22 03:22:53.071,1.07946,1.07965,1.00,1.25
2014.05.22 03:22:53.446,1.07946,1.07965,1.00,1.19
2014.05.22 03:22:55.423,1.07946,1.07965,1.00,1.19
2014.05.22 03:22:56.469,1.07946,1.07965,1.00,1.25
2014.05.22 03:23:04.555,1.07946,1.07965,1.00,1.19
2014.05.22 03:23:10.605,1.07946,1.07965,1.00,1.00
2014.05.22 03:23:13.661,1.07946,1.07965,1.00,1.19
2014.05.22 03:23:14.666,1.07946,1.07965,1.00,1.25
2014.05.22 03:23:16.281,1.07947,1.07965,1.00,1.25
2014.05.22 03:23:16.864,1.07947,1.07965,1.00,1.19
2014.05.22 03:23:21.689,1.07947,1.07965,1.00,1.25
2014.05.22 03:23:26.642,1.07947,1.07965,1.00,1.19
2014.05.22 03:23:27.634,1.07947,1.07965,1.00,1.25
2014.05.22 03:23:27.685,1.07944,1.07965,1.00,1.25
2014.05.22 03:23:28.623,1.07944,1.07965,1.00,1.19
2014.05.22 03:23:33.674,1.07944,1.07965,1.00,1.25
2014.05.22 03:23:38.471,1.07944,1.07962,1.00,1.00
2014.05.22 03:23:38.812,1.07944,1.07965,1.00,1.25
2014.05.22 03:23:38.863,1.07946,1.07965,1.00,1.25
2014.05.22 03:23:39.650,1.07946,1.07965,1.00,1.19
2014.05.22 03:23:40.084,1.07944,1.07965,1.00,1.19
2014.05.22 03:23:40.236,1.07944,1.07961,1.00,1.00
2014.05.22 03:23:40.540,1.07946,1.07961,1.00,1.00
2014.05.22 03:23:41.667,1.07946,1.07961,1.00,1.19
2014.05.22 03:23:43.590,1.07944,1.07961,1.00,1.19
2014.05.22 03:23:44.752,1.07941,1.07961,1.00,1.19
2014.05.22 03:23:47.935,1.07941,1.07957,1.00,1.00
2014.05.22 03:23:48.442,1.07941,1.07956,1.00,1.00
2014.05.22 03:23:48.796,1.07942,1.07961,1.00,3.19
2014.05.22 03:23:49.713,1.07942,1.07961,1.00,1.69
2014.05.22 03:23:55.755,1.07942,1.0796,1.00,1.19
2014.05.22 03:23:56.728,1.07942,1.07961,1.00,2.44
2014.05.22 03:23:59.766,1.07942,1.0796,1.00,1.19
2014.05.22 03:24:00.034,1.07942,1.07961,1.00,1.69
2014.05.22 03:24:00.338,1.07947,1.07961,1.00,1.00
2014.05.22 03:24:01.629,1.07941,1.07961,1.19,1.00
2014.05.22 03:24:02.662,1.0794,1.07961,1.00,1.50
2014.05.22 03:24:02.764,1.0794,1.07956,1.00,1.00
2014.05.22 03:24:03.656,1.0794,1.07957,1.00,1.00
2014.05.22 03:24:04.285,1.0794,1.07956,1.00,1.00
2014.05.22 03:24:04.870,1.07942,1.07957,1.00,1.00
2014.05.22 03:24:04.973,1.07942,1.07961,1.00,1.00
2014.05.22 03:24:05.074,1.0794,1.07961,1.00,1.00
2014.05.22 03:24:05.277,1.0794,1.0796,1.00,1.69
2014.05.22 03:24:06.264,1.0794,1.0796,1.00,1.29
2014.05.22 03:24:10.279,1.0794,1.07959,1.00,1.19
2014.05.22 03:24:13.258,1.0794,1.0796,1.00,1.19
2014.05.22 03:24:15.269,1.0794,1.07959,1.00,1.00
2014.05.22 03:24:21.289,1.0794,1.0796,1.00,1.25
2014.05.22 03:24:22.414,1.0794,1.07959,1.00,1.00
2014.05.22 03:24:22.937,1.0794,1.07959,1.00,1.19
2014.05.22 03:24:23.325,1.0794,1.07957,1.00,1.57
2014.05.22 03:24:23.834,1.07939,1.07956,1.00,1.19
2014.05.22 03:24:24.164,1.07941,1.07956,1.00,1.25
2014.05.22 03:24:25.122,1.07939,1.07956,1.13,1.38
2014.05.22 03:24:25.644,1.07939,1.07956,1.00,1.00
2014.05.22 03:24:25.795,1.07941,1.07957,1.00,1.25
2014.05.22 03:24:26.735,1.07941,1.07956,1.00,1.00
2014.05.22 03:24:27.335,1.07941,1.07957,1.00,1.00
2014.05.22 03:24:28.659,1.07941,1.07956,1.00,1.00
2014.05.22 03:24:29.779,1.07941,1.07957,1.00,1.00
2014.05.22 03:24:30.916,1.07941,1.07956,1.00,1.00
2014.05.22 03:24:31.476,1.07941,1.07957,1.00,1.00
2014.05.22 03:24:32.137,1.07941,1.07956,1.00,1.00
2014.05.22 03:24:32.714,1.07941,1.07957,1.00,1.00
2014.05.22 03:24:36.050,1.07941,1.07956,1.00,1.00
2014.05.22 03:24:36.592,1.07941,1.07957,1.00,1.00
2014.05.22 03:24:37.271,1.07941,1.07956,1.00,1.00
2014.05.22 03:24:37.997,1.07941,1.07957,1.00,1.25
2014.05.22 03:24:38.351,1.07938,1.07956,1.63,1.00
2014.05.22 03:24:38.985,1.07938,1.07957,1.13,1.00
2014.05.22 03:24:39.660,1.07938,1.07956,1.38,1.00
2014.05.22 03:24:40.089,1.07942,1.07956,1.00,1.00
2014.05.22 03:24:40.241,1.07942,1.07961,1.00,1.69
2014.05.22 03:24:40.806,1.07942,1.07961,1.00,1.69
2014.05.22 03:24:41.639,1.0794,1.07961,1.00,1.69
2014.05.22 03:24:41.741,1.0794,1.07957,1.00,1.00
2014.05.22 03:24:42.172,1.07938,1.07957,1.13,1.00
2014.05.22 03:24:42.747,1.07938,1.07956,1.38,1.00
2014.05.22 03:24:43.028,1.07942,1.07956,1.00,1.00
2014.05.22 03:24:43.574,1.07942,1.07957,1.00,1.00
2014.05.22 03:24:44.119,1.07942,1.07956,1.00,1.00
2014.05.22 03:24:44.271,1.07942,1.07959,1.00,1.19
2014.05.22 03:24:47.661,1.07939,1.07957,1.00,1.00
2014.05.22 03:24:47.813,1.07939,1.07956,1.13,1.08
2014.05.22 03:24:48.118,1.07937,1.07956,1.50,1.58
2014.05.22 03:24:48.219,1.0794,1.07956,1.00,1.00
2014.05.22 03:24:48.790,1.0794,1.07957,1.00,1.25
2014.05.22 03:24:49.224,1.07942,1.07957,1.00,1.25
2014.05.22 03:24:49.828,1.07942,1.07956,1.00,1.00
2014.05.22 03:24:51.211,1.07942,1.07957,1.00,1.25
2014.05.22 03:24:51.725,1.07942,1.07956,1.00,1.00
2014.05.22 03:24:52.631,1.07942,1.07957,1.50,1.25
2014.05.22 03:24:53.247,1.07942,1.07956,1.50,1.00
2014.05.22 03:24:53.764,1.07942,1.07957,1.50,1.00
2014.05.22 03:24:54.370,1.07942,1.07956,1.50,1.00
2014.05.22 03:24:54.472,1.07942,1.07961,1.50,1.69
2014.05.22 03:24:54.977,1.07943,1.07963,1.00,1.19
2014.05.22 03:24:55.517,1.07943,1.07963,1.00,1.19
2014.05.22 03:24:56.520,1.07943,1.07964,1.00,1.69
2014.05.22 03:24:57.524,1.07943,1.07963,1.00,1.19
2014.05.22 03:24:59.123,1.07942,1.07963,1.00,1.69
2014.05.22 03:25:00.542,1.07942,1.07963,1.00,1.19
2014.05.22 03:25:01.054,1.07943,1.07964,1.00,1.19
2014.05.22 03:25:01.719,1.07943,1.07964,1.00,1.69
2014.05.22 03:25:02.545,1.07943,1.07964,1.00,1.19
2014.05.22 03:25:10.571,1.07943,1.07964,1.00,1.25
2014.05.22 03:25:11.111,1.07943,1.07963,1.00,1.19
2014.05.22 03:25:11.333,1.07941,1.07962,1.00,1.19
2014.05.22 03:25:11.384,1.07941,1.0796,1.00,1.19
2014.05.22 03:25:11.794,1.07941,1.07962,1.00,1.19
2014.05.22 03:25:11.947,1.07941,1.07962,1.88,1.19
2014.05.22 03:25:12.200,1.07944,1.07965,1.00,1.25
2014.05.22 03:25:13.230,1.07944,1.07965,1.13,1.19
2014.05.22 03:25:14.193,1.07944,1.07965,1.13,1.25
2014.05.22 03:25:16.197,1.07944,1.07965,1.13,1.19
2014.05.22 03:25:18.229,1.07944,1.07965,1.00,1.25
2014.05.22 03:25:24.260,1.07944,1.07965,1.13,1.19
2014.05.22 03:25:24.652,1.07946,1.07966,1.00,1.19
2014.05.22 03:25:25.235,1.07946,1.07967,1.00,1.69
2014.05.22 03:25:26.399,1.07944,1.07965,1.00,1.19
2014.05.22 03:25:27.272,1.07946,1.07967,1.00,1.69
2014.05.22 03:25:35.308,1.07947,1.07967,1.00,1.19
2014.05.22 03:25:36.252,1.07947,1.07967,1.38,1.19
2014.05.22 03:25:36.302,1.0795,1.07969,1.00,1.50
2014.05.22 03:25:36.556,1.0795,1.07969,1.37,1.00
2014.05.22 03:25:36.607,1.07954,1.07973,1.00,1.50
2014.05.22 03:25:37.618,1.07951,1.07972,1.25,1.00
2014.05.22 03:25:38.173,1.07954,1.07975,1.00,1.19
2014.05.22 03:25:38.480,1.0795,1.0797,1.00,1.19
2014.05.22 03:25:39.007,1.07949,1.0797,1.00,1.19
2014.05.22 03:25:39.311,1.07952,1.07971,1.00,1.19
2014.05.22 03:25:40.256,1.0795,1.07969,1.00,1.25
2014.05.22 03:25:40.459,1.07952,1.07971,1.00,1.19
2014.05.22 03:25:40.968,1.07951,1.07972,1.50,1.69
2014.05.22 03:25:41.502,1.07951,1.07972,1.50,1.19
2014.05.22 03:25:42.239,1.07951,1.07971,1.00,1.25
2014.05.22 03:25:42.892,1.07949,1.07971,1.00,1.25
2014.05.22 03:25:43.145,1.07952,1.07971,1.00,1.25
2014.05.22 03:25:43.450,1.07952,1.07971,1.00,1.19
2014.05.22 03:25:44.101,1.07951,1.07971,1.00,1.19
2014.05.22 03:25:44.607,1.07951,1.07973,1.50,1.69
2014.05.22 03:25:45.204,1.07951,1.07972,1.50,1.19
2014.05.22 03:25:47.066,1.07952,1.07972,1.00,1.19
2014.05.22 03:25:47.573,1.07951,1.07971,1.00,1.19
2014.05.22 03:25:48.239,1.07951,1.07971,1.00,1.00
2014.05.22 03:25:48.290,1.07951,1.07975,1.50,1.19
2014.05.22 03:25:50.224,1.07951,1.07975,1.50,1.69
2014.05.22 03:25:54.238,1.07951,1.07975,1.69,1.19
2014.05.22 03:25:56.244,1.07951,1.07974,1.50,1.19
2014.05.22 03:25:57.248,1.07951,1.07975,1.50,1.69
2014.05.22 03:25:58.290,1.07951,1.07975,1.50,1.19
2014.05.22 03:26:02.267,1.07951,1.07975,1.69,1.19
2014.05.22 03:26:04.275,1.07951,1.07975,1.69,1.19
2014.05.22 03:26:06.331,1.07951,1.07975,1.69,1.19
2014.05.22 03:26:11.443,1.07951,1.07975,1.69,1.19
2014.05.22 03:26:11.747,1.07961,1.07982,1.15,1.00
2014.05.22 03:26:12.506,1.07965,1.07985,1.10,1.19
2014.05.22 03:26:13.721,1.07963,1.07985,1.10,1.57
2014.05.22 03:26:14.226,1.07963,1.07985,1.00,1.57
2014.05.22 03:26:14.770,1.07962,1.07984,1.00,1.57
2014.05.22 03:26:15.317,1.07962,1.07984,1.00,1.57
2014.05.22 03:26:15.831,1.07962,1.07984,1.00,1.57
2014.05.22 03:26:16.458,1.07962,1.07984,1.00,1.57
2014.05.22 03:26:17.067,1.07962,1.07984,1.00,1.57
2014.05.22 03:26:20.800,1.07962,1.07984,1.00,1.57
2014.05.22 03:26:21.405,1.07962,1.07984,1.00,1.57
2014.05.22 03:26:25.653,1.07962,1.07984,1.00,1.57
2014.05.22 03:26:26.863,1.07962,1.07984,1.00,1.57
2014.05.22 03:26:27.457,1.07962,1.07984,1.00,1.57
2014.05.22 03:26:28.480,1.07962,1.07984,1.00,1.57
2014.05.22 03:26:33.335,1.07962,1.07984,1.00,1.57
2014.05.22 03:26:33.903,1.07962,1.07984,1.00,1.57
2014.05.22 03:26:35.603,1.07966,1.07985,1.00,1.57
2014.05.22 03:26:35.654,1.07966,1.07986,1.00,4.32
2014.05.22 03:26:36.570,1.07967,1.07986,1.00,1.19
2014.05.22 03:26:37.577,1.07965,1.07986,1.00,1.19
2014.05.22 03:26:38.181,1.07965,1.07985,1.00,1.19
2014.05.22 03:26:39.622,1.07965,1.07987,1.00,2.07
2014.05.22 03:26:40.625,1.07965,1.07986,1.00,1.19
2014.05.22 03:26:44.683,1.07965,1.07987,1.00,1.57
2014.05.22 03:26:45.509,1.07964,1.07987,1.00,2.14
2014.05.22 03:26:45.662,1.07964,1.07985,1.00,1.34
2014.05.22 03:26:53.770,1.07964,1.07983,1.00,1.19
2014.05.22 03:26:55.766,1.07964,1.07984,1.00,1.19
2014.05.22 03:26:56.069,1.07964,1.07981,1.00,1.19
2014.05.22 03:26:57.178,1.07964,1.07982,1.00,1.19
2014.05.22 03:27:01.226,1.07964,1.07983,1.00,1.19
2014.05.22 03:27:08.241,1.07964,1.07984,1.00,1.19
2014.05.22 03:27:09.249,1.07964,1.07983,1.00,1.19
2014.05.22 03:27:14.318,1.07962,1.07983,1.00,1.69
2014.05.22 03:27:14.839,1.07962,1.07983,1.00,1.19
2014.05.22 03:27:15.557,1.07962,1.07983,1.00,1.19
2014.05.22 03:27:16.648,1.07962,1.07983,1.00,1.27
2014.05.22 03:27:17.533,1.07962,1.07983,1.50,1.84
2014.05.22 03:27:18.048,1.07961,1.07981,1.00,1.37
2014.05.22 03:27:18.644,1.07962,1.07981,1.00,1.19
2014.05.22 03:27:19.155,1.07962,1.07981,1.00,1.37
2014.05.22 03:27:20.051,1.07962,1.0798,1.00,1.29
2014.05.22 03:27:20.574,1.07963,1.07981,1.25,1.18
2014.05.22 03:27:21.109,1.07963,1.07981,1.25,1.10
2014.05.22 03:27:22.084,1.07963,1.07981,1.19,1.10
2014.05.22 03:27:22.912,1.07963,1.07981,1.19,1.15
2014.05.22 03:27:23.419,1.07963,1.07981,1.19,1.10
2014.05.22 03:27:25.065,1.07964,1.07979,1.25,1.00
2014.05.22 03:27:25.368,1.07964,1.07977,1.25,1.00
2014.05.22 03:27:26.112,1.07963,1.07977,1.25,1.00
2014.05.22 03:27:27.101,1.07963,1.07977,1.19,1.00
2014.05.22 03:27:28.122,1.07963,1.07977,1.25,1.00
2014.05.22 03:27:29.095,1.07962,1.07977,1.25,1.00
2014.05.22 03:27:32.114,1.07962,1.07976,1.25,1.00
2014.05.22 03:27:33.421,1.07962,1.07976,1.69,1.00
2014.05.22 03:27:34.400,1.07962,1.07976,1.00,1.00
2014.05.22 03:27:36.404,1.07963,1.07976,1.25,1.00
2014.05.22 03:27:38.450,1.07963,1.07976,1.19,1.00
2014.05.22 03:27:39.416,1.07962,1.07976,1.69,1.00
2014.05.22 03:27:47.434,1.0796,1.07976,1.25,1.00
2014.05.22 03:27:47.536,1.07966,1.07976,1.00,1.00
2014.05.22 03:27:47.637,1.07961,1.07976,1.00,1.00
2014.05.22 03:27:47.738,1.07961,1.07972,1.00,1.00
2014.05.22 03:27:48.647,1.07962,1.07972,1.00,1.25
2014.05.22 03:27:48.951,1.07962,1.07968,1.00,1.00
2014.05.22 03:27:56.050,1.0795,1.07967,1.50,1.19
2014.05.22 03:27:56.101,1.07952,1.07967,1.00,1.19
2014.05.22 03:27:56.610,1.07951,1.07965,1.00,1.25
2014.05.22 03:27:56.661,1.07951,1.07963,1.00,1.00
2014.05.22 03:27:59.605,1.07951,1.07965,1.00,1.19
2014.05.22 03:27:59.931,1.07957,1.07965,1.00,1.00
2014.05.22 03:28:00.084,1.07957,1.07969,1.00,1.00
2014.05.22 03:28:00.388,1.07951,1.07969,1.00,1.00
2014.05.22 03:28:00.743,1.07952,1.07963,1.00,1.00
2014.05.22 03:28:02.724,1.07952,1.07967,1.00,1.25
2014.05.22 03:28:03.829,1.07951,1.07967,1.00,1.00
2014.05.22 03:28:04.132,1.07952,1.0797,1.00,1.00
2014.05.22 03:28:04.385,1.07957,1.0797,1.00,1.00
2014.05.22 03:28:05.140,1.07956,1.0797,1.00,1.00
2014.05.22 03:28:05.241,1.07956,1.07972,1.00,1.00
2014.05.22 03:28:05.716,1.07957,1.07972,1.00,1.57
2014.05.22 03:28:05.918,1.07951,1.07972,1.00,1.57
2014.05.22 03:28:07.698,1.07951,1.0797,1.00,1.19
2014.05.22 03:28:10.205,1.07952,1.0797,1.00,1.84
2014.05.22 03:28:11.726,1.07952,1.07968,1.00,1.37
2014.05.22 03:28:12.715,1.07952,1.07968,1.00,1.37
2014.05.22 03:28:13.141,1.07952,1.07964,1.00,1.00
2014.05.22 03:28:15.925,1.07947,1.07964,1.00,1.25
2014.05.22 03:28:16.527,1.07947,1.07964,1.00,1.19
2014.05.22 03:28:16.900,1.07942,1.07964,1.00,1.29
2014.05.22 03:28:17.372,1.07941,1.07961,1.00,1.19
2014.05.22 03:28:17.678,1.0794,1.07956,1.00,1.19
2014.05.22 03:28:18.636,1.0794,1.07957,1.00,1.69
2014.05.22 03:28:21.645,1.0794,1.07956,1.00,1.25
2014.05.22 03:28:26.114,1.07937,1.07957,1.38,1.19
2014.05.22 03:28:27.029,1.07937,1.07956,1.00,1.25
2014.05.22 03:28:30.807,1.07937,1.07956,1.00,1.19
2014.05.22 03:28:36.787,1.07937,1.07956,1.00,1.19
2014.05.22 03:28:39.438,1.07937,1.07958,1.50,1.19
2014.05.22 03:28:39.539,1.0794,1.0796,1.00,2.44
2014.05.22 03:28:39.641,1.0794,1.07961,1.00,1.25
2014.05.22 03:28:39.743,1.0794,1.07961,1.19,1.00
2014.05.22 03:28:40.148,1.0794,1.07961,1.00,2.44
2014.05.22 03:28:40.250,1.0794,1.07958,1.00,1.00
2014.05.22 03:28:40.461,1.0794,1.0796,1.00,1.25
2014.05.22 03:28:41.081,1.0794,1.07958,1.00,1.00
2014.05.22 03:28:41.386,1.0794,1.07956,1.00,1.00
2014.05.22 03:28:43.124,1.0794,1.07957,1.00,1.19
2014.05.22 03:28:45.130,1.0794,1.0796,1.00,1.84
2014.05.22 03:28:46.646,1.0794,1.07956,1.00,1.19
2014.05.22 03:28:46.800,1.07938,1.07956,1.00,1.69
2014.05.22 03:28:47.055,1.07938,1.07959,1.00,3.94
2014.05.22 03:28:48.174,1.07938,1.07959,1.00,1.69
2014.05.22 03:28:50.146,1.07938,1.07959,1.00,2.44
2014.05.22 03:28:52.152,1.07938,1.07959,1.00,1.69
2014.05.22 03:28:53.159,1.07938,1.07959,1.00,1.69
2014.05.22 03:28:59.326,1.07938,1.07959,1.00,2.44
2014.05.22 03:29:00.298,1.07938,1.07959,1.00,1.69
2014.05.22 03:29:02.296,1.07938,1.07959,1.00,1.69
2014.05.22 03:29:08.330,1.07938,1.07959,1.00,1.69
2014.05.22 03:29:11.329,1.07938,1.07959,1.25,1.69
2014.05.22 03:29:15.889,1.07938,1.07959,1.00,2.44
2014.05.22 03:29:16.574,1.07938,1.07956,1.00,1.00
2014.05.22 03:29:17.100,1.07938,1.07957,1.00,1.19
2014.05.22 03:29:19.853,1.07938,1.07957,1.00,1.25
2014.05.22 03:29:20.401,1.07938,1.07956,1.00,1.00
2014.05.22 03:29:22.223,1.07938,1.07957,1.00,1.50
2014.05.22 03:29:22.865,1.07938,1.07957,1.00,1.19
2014.05.22 03:29:23.896,1.07938,1.07957,1.00,1.00
2014.05.22 03:29:24.414,1.07938,1.07956,1.00,1.00
2014.05.22 03:29:24.923,1.07938,1.07957,1.00,1.00
2014.05.22 03:29:27.001,1.07938,1.07956,1.00,1.00
2014.05.22 03:29:28.303,1.07938,1.07957,1.00,1.50
2014.05.22 03:29:32.033,1.07938,1.07956,1.00,1.00
2014.05.22 03:29:33.042,1.07938,1.07957,1.00,1.00
2014.05.22 03:29:33.546,1.07938,1.07956,1.38,1.00
2014.05.22 03:29:34.559,1.07938,1.07957,1.13,1.00
2014.05.22 03:29:35.211,1.07938,1.07956,1.38,1.00
2014.05.22 03:29:36.081,1.07938,1.07957,1.32,1.50
2014.05.22 03:29:37.102,1.07938,1.07956,1.63,1.00
2014.05.22 03:29:37.986,1.07938,1.07957,1.32,1.50
2014.05.22 03:29:39.093,1.07938,1.07956,1.63,1.00
2014.05.22 03:29:41.033,1.07938,1.07957,1.13,1.25
2014.05.22 03:29:42.293,1.07938,1.07957,1.13,1.19
2014.05.22 03:29:44.332,1.07938,1.07957,1.13,1.25
2014.05.22 03:29:44.668,1.07942,1.07957,1.00,1.25
2014.05.22 03:29:48.625,1.07942,1.07961,1.00,1.19
2014.05.22 03:29:52.874,1.07942,1.07961,1.00,1.25
2014.05.22 03:29:53.077,1.07942,1.0796,1.00,1.19
2014.05.22 03:29:53.690,1.07941,1.0796,1.00,1.19
2014.05.22 03:29:54.037,1.07941,1.07962,1.00,1.84
2014.05.22 03:29:55.050,1.07941,1.07962,1.00,1.34
2014.05.22 03:29:56.044,1.07941,1.07961,1.00,1.37
2014.05.22 03:29:56.708,1.07941,1.07959,1.38,1.25
2014.05.22 03:29:57.049,1.07947,1.07964,1.00,1.00
2014.05.22 03:29:57.831,1.07947,1.07966,1.00,1.19
2014.05.22 03:29:58.394,1.07946,1.07966,1.25,1.00
2014.05.22 03:29:58.904,1.07947,1.07966,1.00,1.00
2014.05.22 03:30:07.655,1.07947,1.07967,1.00,2.44
2014.05.22 03:30:10.807,1.07947,1.07966,1.00,1.00
2014.05.22 03:30:12.011,1.07947,1.07967,1.00,2.44
2014.05.22 03:30:12.793,1.07947,1.07966,1.00,1.00
2014.05.22 03:30:13.400,1.07947,1.07967,1.00,2.25
2014.05.22 03:30:13.974,1.07947,1.07966,1.00,1.00
2014.05.22 03:30:14.860,1.07947,1.07967,1.00,1.50
2014.05.22 03:30:15.448,1.07947,1.07966,1.00,1.00
2014.05.22 03:30:16.848,1.07947,1.07967,1.00,1.69
2014.05.22 03:30:17.479,1.07947,1.07966,1.00,1.00
2014.05.22 03:30:18.338,1.07951,1.07966,1.00,1.00
2014.05.22 03:30:18.802,1.07951,1.07969,1.00,1.19
2014.05.22 03:30:19.632,1.07951,1.07967,1.00,1.00
2014.05.22 03:30:20.227,1.07951,1.0797,1.00,1.19
2014.05.22 03:30:25.387,1.07951,1.07966,1.00,1.00
2014.05.22 03:30:27.453,1.07951,1.07968,1.00,1.69
2014.05.22 03:30:27.606,1.07947,1.07968,1.00,1.69
2014.05.22 03:30:27.657,1.07947,1.07967,1.00,1.69
2014.05.22 03:30:28.305,1.07947,1.07965,1.00,1.19
2014.05.22 03:30:28.558,1.07942,1.07962,1.38,1.50
2014.05.22 03:30:28.659,1.07946,1.07962,1.00,1.50
2014.05.22 03:30:28.963,1.07952,1.07963,1.00,1.00
2014.05.22 03:30:29.469,1.07952,1.07964,1.00,1.00
2014.05.22 03:30:29.982,1.07951,1.07964,1.00,1.00
2014.05.22 03:30:31.875,1.07952,1.07964,1.00,1.00
2014.05.22 03:30:34.270,1.07952,1.07968,1.00,1.25
2014.05.22 03:30:34.684,1.07951,1.0797,1.00,1.25
2014.05.22 03:30:42.438,1.07956,1.07971,1.00,1.00
2014.05.22 03:30:42.943,1.07956,1.07972,1.00,1.25
2014.05.22 03:30:43.607,1.07956,1.07971,1.00,1.00
2014.05.22 03:30:44.417,1.07956,1.07972,1.00,1.25
2014.05.22 03:30:44.619,1.07952,1.07971,1.00,1.50
2014.05.22 03:30:54.546,1.07952,1.07974,1.25,1.50
2014.05.22 03:30:54.597,1.07952,1.07974,1.00,2.44
2014.05.22 03:30:55.127,1.07956,1.07974,1.00,2.44
2014.05.22 03:30:57.142,1.07956,1.07975,1.00,1.69
2014.05.22 03:30:57.804,1.07957,1.07975,1.00,1.69
2014.05.22 03:30:59.397,1.07957,1.07975,1.00,1.69
2014.05.22 03:31:00.777,1.07957,1.07973,1.00,1.00
2014.05.22 03:31:01.131,1.07962,1.07973,1.00,1.00
2014.05.22 03:31:01.798,1.07962,1.07975,1.00,1.69
2014.05.22 03:31:03.605,1.07962,1.07975,1.00,1.50
2014.05.22 03:31:15.627,1.07962,1.07975,1.00,1.69
2014.05.22 03:31:16.148,1.07961,1.07975,1.00,1.19
2014.05.22 03:31:16.696,1.07961,1.07975,1.00,1.00
2014.05.22 03:31:17.617,1.07957,1.07975,1.25,1.00
2014.05.22 03:31:18.686,1.07957,1.07975,1.00,1.19
2014.05.22 03:31:20.364,1.07954,1.07975,1.00,1.19
2014.05.22 03:31:20.902,1.07954,1.07975,1.00,1.19
2014.05.22 03:31:20.959,1.07962,1.07975,1.00,1.19
2014.05.22 03:31:21.856,1.07962,1.07975,1.00,1.69
2014.05.22 03:31:22.860,1.07962,1.07975,1.00,1.19
2014.05.22 03:31:26.901,1.07962,1.07975,1.00,1.19
2014.05.22 03:31:33.936,1.07962,1.07975,1.00,1.19
2014.05.22 03:31:34.878,1.07966,1.07975,1.00,1.19
2014.05.22 03:31:35.328,1.07966,1.0798,1.00,1.69
2014.05.22 03:31:35.925,1.07967,1.0798,1.00,1.69
2014.05.22 03:31:36.139,1.07966,1.0798,1.00,1.19
2014.05.22 03:31:38.208,1.07966,1.07979,1.00,1.19
2014.05.22 03:31:39.127,1.07966,1.07979,1.00,1.69
2014.05.22 03:31:40.937,1.07966,1.07978,1.00,1.25
2014.05.22 03:31:41.834,1.0797,1.07978,1.00,1.25
2014.05.22 03:31:42.370,1.0797,1.07978,1.00,1.19
2014.05.22 03:31:43.060,1.0797,1.07978,1.00,1.25
2014.05.22 03:31:48.348,1.07967,1.07978,1.00,1.00
2014.05.22 03:31:48.916,1.07967,1.07978,1.00,1.19
2014.05.22 03:31:50.376,1.07967,1.07978,1.00,1.25
2014.05.22 03:31:52.433,1.07967,1.07978,1.00,1.19
2014.05.22 03:31:55.191,1.07967,1.07978,1.00,1.19
2014.05.22 03:31:57.828,1.07967,1.07978,1.00,1.00
2014.05.22 03:32:07.467,1.07967,1.0798,1.00,1.29
2014.05.22 03:32:07.835,1.07967,1.07978,1.00,1.19
2014.05.22 03:32:07.947,1.07962,1.07978,1.00,1.19
2014.05.22 03:32:10.856,1.07962,1.07978,1.00,1.00
2014.05.22 03:32:10.907,1.07967,1.07978,1.00,1.00
2014.05.22 03:32:11.413,1.07966,1.07981,1.00,1.39
2014.05.22 03:32:11.972,1.07966,1.07981,1.00,1.00
2014.05.22 03:32:13.658,1.07962,1.07982,1.00,1.39
2014.05.22 03:32:13.966,1.07961,1.07978,1.00,1.00
2014.05.22 03:32:14.984,1.07961,1.07978,1.00,1.09
2014.05.22 03:32:15.547,1.07962,1.07978,1.00,1.09
2014.05.22 03:32:16.092,1.07962,1.07978,1.00,1.37
2014.05.22 03:32:16.374,1.07956,1.07978,1.00,1.37
2014.05.22 03:32:17.105,1.07956,1.07978,1.00,2.07
2014.05.22 03:32:19.574,1.07956,1.07972,1.00,1.00
2014.05.22 03:32:19.676,1.07952,1.07972,1.00,1.25
2014.05.22 03:32:19.828,1.07952,1.07972,1.00,1.69
2014.05.22 03:32:20.333,1.07951,1.07972,1.00,1.69
2014.05.22 03:32:21.149,1.07951,1.07973,1.00,1.19
2014.05.22 03:32:23.124,1.07956,1.07973,1.00,1.19
2014.05.22 03:32:23.225,1.07956,1.07973,1.00,1.00
2014.05.22 03:32:23.652,1.07961,1.07974,1.00,1.00
2014.05.22 03:32:35.643,1.07957,1.07974,1.00,1.25
2014.05.22 03:32:35.874,1.07957,1.07974,1.00,1.19
2014.05.22 03:32:36.095,1.07953,1.07974,1.00,1.19
2014.05.22 03:32:36.432,1.07951,1.07972,1.00,1.25
2014.05.22 03:32:37.093,1.07951,1.07972,1.00,1.19
2014.05.22 03:32:38.853,1.07956,1.07972,1.00,1.19
2014.05.22 03:32:39.005,1.07956,1.07973,1.00,1.00
2014.05.22 03:32:39.507,1.07957,1.07973,1.00,1.00
2014.05.22 03:32:39.609,1.07962,1.07973,1.00,1.00
2014.05.22 03:32:47.413,1.07957,1.07973,1.00,1.00
2014.05.22 03:32:47.515,1.07957,1.07971,1.00,1.00
2014.05.22 03:32:48.730,1.07957,1.07973,1.00,1.69
2014.05.22 03:32:52.732,1.07957,1.07972,1.00,1.19
2014.05.22 03:32:54.334,1.07951,1.07969,1.00,1.25
2014.05.22 03:32:54.385,1.07951,1.07963,1.00,1.32
2014.05.22 03:32:54.436,1.07945,1.07963,1.58,1.32
2014.05.22 03:32:54.487,1.07945,1.07965,1.43,1.74
2014.05.22 03:32:54.588,1.07951,1.07961,1.00,1.77
2014.05.22 03:32:54.891,1.07947,1.0796,1.00,1.00
2014.05.22 03:32:55.044,1.07947,1.0796,1.00,1.19
2014.05.22 03:32:55.095,1.07939,1.0796,2.63,1.19
2014.05.22 03:32:55.146,1.07939,1.07955,2.63,1.19
2014.05.22 03:32:55.247,1.07939,1.07957,1.00,1.19
2014.05.22 03:32:55.349,1.07941,1.07957,1.00,1.19
2014.05.22 03:32:55.670,1.07939,1.07955,1.00,1.19
2014.05.22 03:32:56.198,1.07939,1.07955,1.00,1.19
2014.05.22 03:33:00.177,1.07939,1.07955,1.00,1.19
2014.05.22 03:33:02.184,1.07939,1.07955,1.00,1.69
2014.05.22 03:33:04.185,1.07939,1.07955,1.00,1.19
2014.05.22 03:33:05.205,1.07939,1.07955,1.00,1.69
2014.05.22 03:33:06.192,1.07939,1.07955,1.00,1.19
2014.05.22 03:33:08.199,1.07939,1.07955,1.00,1.19
2014.05.22 03:33:09.203,1.07939,1.07955,1.00,1.69
2014.05.22 03:33:11.212,1.07939,1.07955,1.00,1.19
2014.05.22 03:33:11.580,1.07939,1.07959,1.13,1.69
2014.05.22 03:33:11.732,1.07941,1.07959,1.00,1.19
2014.05.22 03:33:13.908,1.07941,1.07959,1.38,1.19
2014.05.22 03:33:14.767,1.07941,1.07959,1.38,1.19
2014.05.22 03:33:15.325,1.07941,1.07959,1.38,1.19
2014.05.22 03:33:16.334,1.07941,1.07959,1.38,1.19
2014.05.22 03:33:17.009,1.07941,1.07959,1.38,1.19
2014.05.22 03:33:18.511,1.07942,1.07959,1.38,1.19
2014.05.22 03:33:19.041,1.07942,1.07958,1.38,1.19
2014.05.22 03:33:20.090,1.07942,1.07958,1.38,1.69
2014.05.22 03:33:20.141,1.07942,1.07958,1.38,1.19
2014.05.22 03:33:21.038,1.07942,1.07958,1.38,1.19
2014.05.22 03:33:23.072,1.07942,1.07958,1.38,1.19
2014.05.22 03:33:24.276,1.07942,1.07958,1.38,1.19
2014.05.22 03:33:25.248,1.07942,1.07958,1.38,1.19
2014.05.22 03:33:25.996,1.07942,1.07958,1.38,1.19
2014.05.22 03:33:29.088,1.07942,1.07958,1.38,1.19
2014.05.22 03:33:29.625,1.07942,1.07958,1.00,1.19
2014.05.22 03:33:29.727,1.07942,1.07958,1.38,1.19
2014.05.22 03:33:29.953,1.07942,1.07958,1.00,1.19
2014.05.22 03:33:30.326,1.07942,1.07957,1.00,1.19
2014.05.22 03:33:31.328,1.07942,1.07956,1.00,1.19
2014.05.22 03:33:32.318,1.07942,1.07958,1.00,1.69
2014.05.22 03:33:34.394,1.07942,1.07957,1.00,1.19
2014.05.22 03:33:34.714,1.07942,1.07958,1.00,1.25
2014.05.22 03:33:35.119,1.07941,1.07959,1.38,1.19
2014.05.22 03:33:35.221,1.07941,1.07959,1.00,1.19
2014.05.22 03:33:35.423,1.07941,1.07959,1.38,1.19
2014.05.22 03:33:36.165,1.07941,1.07959,1.38,1.25
2014.05.22 03:33:36.889,1.07941,1.07959,1.38,1.25
2014.05.22 03:33:37.550,1.07941,1.07959,1.38,1.25
2014.05.22 03:33:39.184,1.07941,1.07959,1.38,1.00
2014.05.22 03:33:39.688,1.07941,1.07959,1.38,1.00
2014.05.22 03:33:40.191,1.07941,1.07959,1.38,1.00
2014.05.22 03:33:41.401,1.07941,1.07959,1.38,1.00
2014.05.22 03:33:42.552,1.07941,1.07959,1.38,1.38
2014.05.22 03:33:44.682,1.07941,1.07959,1.38,1.38
2014.05.22 03:33:46.291,1.07941,1.07959,1.38,1.57
2014.05.22 03:33:48.052,1.07941,1.07959,1.38,1.38
2014.05.22 03:33:50.473,1.07941,1.07959,1.38,1.38
2014.05.22 03:33:53.584,1.07941,1.07959,1.38,1.38
2014.05.22 03:33:54.053,1.07947,1.07959,1.00,1.38
2014.05.22 03:33:54.331,1.07946,1.07959,1.00,1.00
2014.05.22 03:33:54.685,1.07946,1.07963,1.50,1.00
2014.05.22 03:33:57.611,1.07952,1.07963,1.00,1.00
2014.05.22 03:33:58.067,1.07946,1.07961,1.00,1.00
2014.05.22 03:34:08.061,1.07951,1.07961,1.00,1.50
2014.05.22 03:34:08.647,1.07952,1.07961,1.00,1.50
2014.05.22 03:34:09.059,1.07955,1.07961,1.00,1.00
2014.05.22 03:34:09.414,1.07956,1.07963,1.00,1.00
2014.05.22 03:34:09.567,1.07956,1.07966,1.00,1.00
2014.05.22 03:34:09.618,1.07957,1.07966,1.00,1.38
2014.05.22 03:34:09.871,1.07951,1.07961,1.00,1.00
2014.05.22 03:34:09.972,1.07951,1.07964,1.00,1.00
2014.05.22 03:34:10.751,1.07951,1.07961,1.00,1.00
2014.05.22 03:34:11.608,1.07952,1.07961,1.00,1.00
2014.05.22 03:34:12.116,1.07952,1.07962,1.00,1.00
2014.05.22 03:34:14.800,1.07952,1.07961,1.00,1.00
2014.05.22 03:34:15.331,1.07952,1.07962,1.00,1.50
2014.05.22 03:34:28.561,1.07946,1.07962,1.00,1.00
2014.05.22 03:35:00.397,1.07946,1.07966,1.00,1.69
2014.05.22 03:35:00.678,1.07951,1.07966,1.00,1.19
2014.05.22 03:35:01.185,1.07951,1.07966,1.00,1.00
2014.05.22 03:35:01.679,1.07951,1.07968,1.00,1.25
2014.05.22 03:35:02.780,1.07951,1.07965,1.00,1.00
2014.05.22 03:35:04.207,1.07957,1.07965,1.00,1.00
2014.05.22 03:35:04.410,1.07952,1.07965,1.00,1.00
2014.05.22 03:35:04.945,1.07952,1.07966,1.00,1.25
2014.05.22 03:35:06.546,1.07952,1.07967,1.00,1.25
2014.05.22 03:35:08.322,1.07952,1.07966,1.00,1.00
2014.05.22 03:35:08.829,1.07952,1.07967,1.00,1.25
2014.05.22 03:35:09.723,1.07952,1.07966,1.00,1.00
2014.05.22 03:35:10.321,1.07951,1.07966,1.00,1.00
2014.05.22 03:35:10.840,1.07951,1.07967,1.00,1.69
2014.05.22 03:35:11.353,1.07951,1.07966,1.00,1.00
2014.05.22 03:35:12.270,1.07951,1.07967,1.00,1.69
2014.05.22 03:35:12.809,1.07951,1.07966,1.00,1.00
2014.05.22 03:35:13.399,1.07952,1.07966,1.00,1.00
2014.05.22 03:35:15.925,1.07952,1.07967,1.00,1.69
2014.05.22 03:35:16.625,1.07952,1.07967,1.00,1.88
2014.05.22 03:35:26.754,1.07952,1.07962,1.00,1.00
2014.05.22 03:35:27.263,1.07952,1.07961,1.00,1.00
2014.05.22 03:35:27.852,1.07952,1.07962,1.00,1.00
2014.05.22 03:35:28.589,1.07952,1.07961,1.00,1.00
2014.05.22 03:35:29.404,1.07952,1.07962,1.00,1.50
2014.05.22 03:35:29.906,1.07952,1.07961,1.00,1.00
2014.05.22 03:35:31.809,1.07952,1.07962,1.00,1.50
2014.05.22 03:35:33.636,1.07952,1.07961,1.00,1.00
2014.05.22 03:35:34.650,1.07952,1.07962,1.00,1.00
2014.05.22 03:35:35.564,1.07952,1.07963,1.00,1.00
2014.05.22 03:35:36.173,1.07952,1.07962,1.00,1.00
2014.05.22 03:35:36.805,1.07952,1.07963,1.00,1.00
2014.05.22 03:35:37.645,1.07952,1.07962,1.00,1.00
2014.05.22 03:35:39.872,1.07952,1.07963,1.00,1.00
2014.05.22 03:35:40.779,1.07952,1.07962,1.00,1.00
2014.05.22 03:35:42.406,1.07952,1.07963,1.00,1.00
2014.05.22 03:35:42.915,1.07952,1.07962,1.00,1.00
2014.05.22 03:35:43.439,1.07952,1.07963,1.00,1.00
2014.05.22 03:35:44.832,1.07952,1.07962,1.00,1.00
2014.05.22 03:35:45.359,1.07952,1.07963,1.00,1.00
2014.05.22 03:35:45.961,1.07952,1.07962,1.00,1.00
2014.05.22 03:35:49.993,1.07952,1.07963,1.00,1.00
2014.05.22 03:35:51.910,1.07952,1.07962,1.00,1.00
2014.05.22 03:35:52.566,1.07952,1.07961,1.00,1.00
2014.05.22 03:35:52.968,1.07952,1.07966,1.00,1.00
2014.05.22 03:35:53.724,1.07952,1.07967,1.00,1.50
2014.05.22 03:35:59.187,1.07952,1.07966,1.00,1.00
2014.05.22 03:35:59.723,1.07952,1.07967,1.00,1.00
2014.05.22 03:36:00.273,1.07952,1.07966,1.00,1.00
2014.05.22 03:36:00.821,1.07952,1.07967,1.00,1.50
2014.05.22 03:36:02.080,1.07952,1.07966,1.00,1.00
2014.05.22 03:36:02.633,1.07952,1.07967,1.00,1.50
2014.05.22 03:36:03.171,1.07952,1.07966,1.00,1.00
2014.05.22 03:36:03.697,1.07952,1.07967,1.00,1.00
2014.05.22 03:36:05.234,1.07952,1.07966,1.00,1.00
2014.05.22 03:36:05.883,1.07952,1.07967,1.00,1.00
2014.05.22 03:36:06.628,1.07952,1.07966,1.00,1.00
2014.05.22 03:36:07.470,1.07947,1.07966,1.63,1.00
2014.05.22 03:36:08.118,1.07946,1.07967,2.07,1.50
2014.05.22 03:36:11.268,1.07946,1.07966,1.69,1.00
2014.05.22 03:36:11.982,1.07946,1.07967,1.69,1.50
2014.05.22 03:36:12.508,1.07946,1.07966,1.50,1.19
2014.05.22 03:36:12.811,1.07947,1.07962,1.00,1.25
2014.05.22 03:36:13.216,1.07947,1.07964,1.00,1.25
2014.05.22 03:36:13.575,1.07951,1.07964,1.00,1.25
2014.05.22 03:36:14.618,1.07951,1.07966,1.00,1.00
2014.05.22 03:36:15.667,1.07951,1.07967,1.00,2.44
2014.05.22 03:36:16.175,1.07951,1.07966,1.00,1.00
2014.05.22 03:36:17.262,1.07951,1.07967,1.00,2.44
2014.05.22 03:36:17.875,1.07951,1.07965,1.00,1.13
2014.05.22 03:36:18.176,1.07951,1.07959,1.00,1.25
2014.05.22 03:36:18.537,1.07951,1.07962,1.00,1.25
2014.05.22 03:36:18.890,1.07947,1.07962,1.00,1.25
2014.05.22 03:36:18.991,1.07947,1.07959,1.00,1.25
2014.05.22 03:36:19.544,1.07947,1.07957,1.00,1.19
2014.05.22 03:36:21.073,1.07947,1.07955,1.00,1.19
2014.05.22 03:36:21.428,1.07944,1.07955,1.88,1.19
2014.05.22 03:36:21.942,1.07943,1.07955,1.88,1.19
2014.05.22 03:36:22.094,1.07943,1.07951,1.88,1.25
2014.05.22 03:36:23.621,1.07947,1.07951,1.00,1.25
2014.05.22 03:36:25.907,1.07941,1.07951,1.38,1.25
2014.05.22 03:36:26.409,1.07942,1.07948,1.00,1.19
2014.05.22 03:36:26.460,1.07942,1.07948,1.00,1.19
2014.05.22 03:36:26.562,1.07938,1.07948,1.88,1.19
2014.05.22 03:36:26.916,1.07942,1.07948,1.00,1.19
2014.05.22 03:36:27.119,1.07939,1.07948,1.88,1.19
2014.05.22 03:36:28.153,1.07938,1.07947,1.88,1.25
2014.05.22 03:36:28.393,1.07938,1.07946,1.88,1.19
2014.05.22 03:36:29.043,1.07939,1.07946,1.88,1.19
2014.05.22 03:36:29.423,1.07939,1.07947,1.88,1.25
2014.05.22 03:36:30.032,1.07938,1.07947,1.88,1.25
2014.05.22 03:36:30.333,1.07941,1.07947,1.00,1.25
2014.05.22 03:36:30.846,1.07941,1.07948,1.00,1.25
2014.05.22 03:36:31.408,1.07941,1.07948,1.00,1.19
2014.05.22 03:36:31.511,1.07941,1.07954,1.38,1.69
2014.05.22 03:36:32.025,1.07941,1.07951,1.38,1.25
2014.05.22 03:36:32.637,1.07941,1.07951,1.38,1.25
2014.05.22 03:36:33.333,1.07941,1.07951,1.38,1.25
2014.05.22 03:36:33.976,1.07941,1.07951,1.00,1.25
2014.05.22 03:36:34.619,1.07938,1.07951,1.88,1.25
2014.05.22 03:36:34.670,1.07938,1.07949,1.88,1.19
2014.05.22 03:36:35.176,1.07941,1.07949,1.00,1.19
2014.05.22 03:36:35.609,1.07938,1.07949,1.88,1.19
2014.05.22 03:36:36.240,1.07939,1.07949,1.88,1.19
2014.05.22 03:36:36.347,1.07938,1.07946,1.88,1.19
2014.05.22 03:36:37.345,1.07939,1.07946,1.88,1.19
2014.05.22 03:36:37.871,1.07938,1.07945,1.88,1.25
2014.05.22 03:36:38.879,1.07939,1.07946,1.88,1.19
2014.05.22 03:36:39.384,1.07939,1.07946,1.88,1.25
2014.05.22 03:36:39.889,1.07938,1.07946,1.88,1.25
2014.05.22 03:36:40.408,1.07939,1.07947,1.88,1.19
2014.05.22 03:36:41.302,1.07938,1.07947,1.88,1.19
2014.05.22 03:36:42.297,1.07939,1.07947,1.88,1.19
2014.05.22 03:36:42.907,1.07938,1.07947,1.88,1.19
2014.05.22 03:36:43.567,1.07939,1.07947,1.88,1.19
2014.05.22 03:36:44.229,1.07938,1.07946,1.88,1.25
2014.05.22 03:36:44.742,1.07939,1.07948,1.88,1.19
2014.05.22 03:36:45.298,1.07938,1.07948,1.88,1.19
2014.05.22 03:36:46.469,1.07939,1.07948,1.88,1.19
2014.05.22 03:36:46.772,1.07938,1.07946,1.88,1.19
2014.05.22 03:36:47.324,1.07939,1.07946,1.88,1.19
2014.05.22 03:36:48.251,1.07938,1.07945,1.88,1.25
2014.05.22 03:36:49.402,1.07939,1.07945,1.88,1.25
2014.05.22 03:36:49.941,1.07938,1.07945,1.88,1.25
2014.05.22 03:36:50.511,1.07939,1.07945,1.88,1.25
2014.05.22 03:36:51.016,1.07938,1.07945,1.88,1.25
2014.05.22 03:36:51.650,1.07938,1.07943,1.88,1.25
2014.05.22 03:36:52.056,1.07933,1.07949,2.63,1.25
2014.05.22 03:36:52.633,1.07934,1.07952,2.63,1.29
2014.05.22 03:36:53.280,1.07934,1.07952,1.38,1.29
2014.05.22 03:36:53.801,1.07934,1.07952,2.63,1.29
2014.05.22 03:36:54.333,1.07934,1.07952,1.38,1.29
2014.05.22 03:36:55.059,1.07934,1.07951,2.63,1.19
2014.05.22 03:36:55.972,1.07934,1.07951,1.38,1.19
2014.05.22 03:36:56.639,1.07934,1.07951,2.63,1.19
2014.05.22 03:36:56.742,1.07934,1.07954,2.63,1.84
2014.05.22 03:36:57.463,1.07934,1.07954,1.38,1.84
2014.05.22 03:36:58.765,1.07934,1.07954,2.63,1.84
2014.05.22 03:36:59.277,1.07934,1.07954,1.38,1.84
2014.05.22 03:37:00.332,1.07934,1.07954,2.63,1.84
2014.05.22 03:37:01.723,1.07934,1.07953,2.63,1.37
2014.05.22 03:37:02.464,1.07934,1.07953,1.38,1.37
2014.05.22 03:37:03.009,1.07936,1.07954,1.38,1.84
2014.05.22 03:37:03.778,1.07936,1.07953,1.38,1.19
2014.05.22 03:37:04.397,1.07936,1.07953,1.38,1.19
2014.05.22 03:37:05.057,1.07936,1.07953,1.38,1.19
2014.05.22 03:37:06.309,1.07938,1.07953,1.88,1.19
2014.05.22 03:37:07.049,1.07938,1.07954,1.88,1.69
2014.05.22 03:37:07.760,1.07938,1.07953,1.88,1.19
2014.05.22 03:37:08.749,1.07939,1.07953,1.88,1.19
2014.05.22 03:37:10.723,1.07938,1.07953,1.88,1.19
2014.05.22 03:37:11.232,1.07939,1.07953,1.88,1.19
2014.05.22 03:37:11.794,1.07939,1.07954,1.88,1.19
2014.05.22 03:37:12.306,1.07938,1.07954,1.88,1.32
2014.05.22 03:37:12.764,1.07939,1.07954,1.88,2.07
2014.05.22 03:37:13.927,1.07938,1.07954,1.88,2.07
2014.05.22 03:37:14.772,1.07938,1.07954,1.88,1.32
2014.05.22 03:37:15.772,1.07938,1.07954,1.88,2.07
2014.05.22 03:37:16.551,1.07939,1.07954,1.88,2.07
2014.05.22 03:37:17.762,1.07939,1.07953,1.88,1.19
2014.05.22 03:37:18.766,1.07939,1.07953,1.88,1.19
2014.05.22 03:37:19.769,1.07939,1.07953,1.88,1.19
2014.05.22 03:37:20.340,1.07938,1.07953,1.88,1.19
2014.05.22 03:37:21.625,1.07939,1.07953,1.88,1.19
2014.05.22 03:37:22.150,1.07938,1.07953,1.88,1.25
2014.05.22 03:37:22.676,1.07939,1.07953,1.88,1.25
2014.05.22 03:37:23.834,1.07939,1.07953,1.88,1.19
2014.05.22 03:37:24.545,1.07938,1.07953,1.88,1.19
2014.05.22 03:37:25.205,1.07938,1.07953,1.88,1.19
2014.05.22 03:37:25.963,1.07939,1.07953,1.88,1.19
2014.05.22 03:37:27.032,1.07938,1.07953,1.88,1.19
2014.05.22 03:37:28.615,1.07939,1.07953,1.88,1.19
2014.05.22 03:37:29.801,1.07939,1.07953,1.88,1.25
2014.05.22 03:37:30.489,1.07938,1.07953,1.88,1.25
2014.05.22 03:37:31.033,1.07939,1.07953,1.88,1.25
2014.05.22 03:37:31.630,1.07938,1.07953,1.88,1.25
2014.05.22 03:37:32.166,1.07939,1.07953,1.88,1.25
2014.05.22 03:37:33.533,1.07938,1.07953,1.88,1.25
2014.05.22 03:37:34.036,1.07938,1.07953,1.88,1.19
2014.05.22 03:37:35.044,1.07939,1.07953,1.88,1.19
2014.05.22 03:37:35.821,1.07939,1.07953,1.88,1.25
2014.05.22 03:37:37.874,1.07938,1.07953,1.88,1.00
2014.05.22 03:37:38.413,1.07939,1.07953,1.88,1.00
2014.05.22 03:37:39.017,1.07939,1.07953,1.88,1.19
2014.05.22 03:37:42.517,1.07938,1.07953,1.88,1.19
2014.05.22 03:37:45.545,1.07939,1.07953,1.88,1.19
2014.05.22 03:37:46.088,1.07938,1.07953,1.88,1.19
2014.05.22 03:37:46.909,1.07938,1.07953,1.88,1.00
2014.05.22 03:37:47.868,1.07939,1.07953,1.88,1.00
2014.05.22 03:37:48.400,1.07938,1.07953,1.88,1.25
2014.05.22 03:37:51.897,1.07939,1.07953,1.88,1.25
2014.05.22 03:37:52.911,1.07938,1.07953,1.88,1.25
2014.05.22 03:37:53.720,1.07938,1.07953,1.88,1.19
2014.05.22 03:37:54.363,1.07938,1.07953,1.88,1.25
2014.05.22 03:37:55.372,1.07939,1.07953,1.88,1.25
2014.05.22 03:37:55.968,1.07938,1.07953,1.88,1.19
2014.05.22 03:37:58.586,1.07939,1.07953,1.88,1.19
2014.05.22 03:37:59.332,1.07938,1.07953,1.88,1.19
2014.05.22 03:37:59.900,1.07939,1.07953,1.88,1.19
2014.05.22 03:38:00.516,1.07939,1.07953,1.88,1.19
2014.05.22 03:38:01.313,1.07938,1.07953,1.88,1.19
2014.05.22 03:38:02.260,1.07939,1.07953,1.88,1.19
2014.05.22 03:38:02.941,1.07938,1.07953,1.88,1.19
2014.05.22 03:38:04.007,1.07938,1.07953,1.88,1.25
2014.05.22 03:38:06.777,1.07939,1.07953,1.88,1.00
2014.05.22 03:38:09.000,1.07938,1.07953,1.88,1.25
2014.05.22 03:38:09.977,1.07938,1.07953,1.88,1.19
2014.05.22 03:38:10.981,1.07938,1.07953,1.88,1.25
2014.05.22 03:38:12.132,1.07939,1.07953,1.88,1.25
2014.05.22 03:38:14.042,1.07939,1.07953,1.88,1.19
2014.05.22 03:38:14.678,1.07938,1.07953,1.88,1.19
2014.05.22 03:38:15.508,1.07939,1.07953,1.88,1.19
2014.05.22 03:38:18.915,1.07938,1.07955,1.88,1.69
2014.05.22 03:38:19.467,1.07939,1.07955,1.88,1.69
2014.05.22 03:38:21.260,1.07938,1.07955,1.88,1.19
2014.05.22 03:38:21.766,1.07939,1.07952,1.88,1.25
2014.05.22 03:38:22.667,1.07938,1.07952,2.63,1.00
2014.05.22 03:38:23.188,1.07939,1.07952,1.88,1.00
2014.05.22 03:38:24.082,1.07938,1.07952,2.63,1.00
2014.05.22 03:38:25.096,1.07939,1.07952,1.88,1.00
2014.05.22 03:38:27.032,1.07938,1.07952,2.63,1.00
2014.05.22 03:38:27.765,1.07939,1.07952,1.88,1.00
2014.05.22 03:38:28.424,1.07938,1.07952,2.63,1.00
2014.05.22 03:38:31.001,1.07939,1.07952,1.88,1.00
2014.05.22 03:38:32.964,1.07938,1.07952,2.63,1.00
2014.05.22 03:38:33.473,1.07939,1.07952,1.88,1.00
2014.05.22 03:38:34.286,1.07938,1.07952,2.63,1.00
2014.05.22 03:38:34.841,1.07939,1.07952,1.88,1.00
2014.05.22 03:38:35.351,1.07938,1.07952,2.63,1.00
2014.05.22 03:38:36.015,1.07939,1.07952,1.88,1.00
2014.05.22 03:38:36.622,1.07938,1.07952,2.63,1.00
2014.05.22 03:38:37.428,1.07939,1.07952,1.88,1.00
2014.05.22 03:38:37.997,1.07938,1.07952,2.63,1.00
2014.05.22 03:38:38.608,1.07939,1.07952,1.88,1.25
2014.05.22 03:38:38.963,1.07938,1.07952,2.63,1.00
2014.05.22 03:38:39.481,1.07939,1.07952,1.88,1.00
2014.05.22 03:38:40.190,1.07943,1.07952,1.88,1.00
2014.05.22 03:38:41.146,1.07944,1.07952,1.88,1.00
2014.05.22 03:38:41.702,1.07943,1.07952,1.88,1.00
2014.05.22 03:38:43.233,1.07944,1.07952,1.88,1.00
2014.05.22 03:38:44.777,1.07943,1.07952,1.88,1.00
2014.05.22 03:38:45.287,1.07944,1.07952,1.88,1.00
2014.05.22 03:38:46.061,1.07943,1.07952,1.88,1.00
2014.05.22 03:38:46.653,1.07944,1.07952,1.88,1.00
2014.05.22 03:38:48.158,1.07943,1.07952,1.88,1.00
2014.05.22 03:38:49.821,1.07944,1.07952,1.88,1.00
2014.05.22 03:38:50.332,1.07943,1.07952,1.88,1.00
2014.05.22 03:38:51.136,1.07943,1.07953,1.88,1.00
2014.05.22 03:38:51.705,1.07944,1.07953,1.88,1.00
2014.05.22 03:38:53.127,1.07943,1.07953,1.88,1.00
2014.05.22 03:38:53.639,1.07944,1.07953,1.88,1.00
2014.05.22 03:38:55.177,1.07947,1.07953,1.00,1.00
2014.05.22 03:38:56.616,1.07944,1.07953,1.88,1.00
2014.05.22 03:38:58.608,1.07943,1.07953,1.88,1.00
2014.05.22 03:38:59.115,1.07944,1.07953,1.88,1.00
2014.05.22 03:39:01.557,1.07943,1.07953,1.88,1.00
2014.05.22 03:39:02.060,1.07944,1.07953,1.88,1.00
2014.05.22 03:39:02.569,1.07943,1.07953,1.88,1.00
2014.05.22 03:39:03.182,1.07943,1.07952,1.88,1.00
2014.05.22 03:39:03.715,1.07944,1.07952,1.88,1.00
2014.05.22 03:39:05.058,1.07943,1.07952,1.88,1.00
2014.05.22 03:39:05.573,1.07944,1.07952,1.88,1.00
2014.05.22 03:39:06.789,1.07944,1.07956,2.07,1.00
2014.05.22 03:39:06.974,1.07946,1.07956,1.00,1.00
2014.05.22 03:39:07.025,1.07946,1.07961,1.63,1.00
2014.05.22 03:39:07.127,1.0795,1.07966,1.00,1.38
2014.05.22 03:39:07.230,1.0795,1.0797,1.00,1.19
2014.05.22 03:39:07.739,1.07954,1.0797,1.19,1.00
2014.05.22 03:39:07.857,1.07954,1.07974,1.19,1.50
2014.05.22 03:39:08.362,1.07957,1.07974,1.25,1.00
2014.05.22 03:39:09.225,1.07957,1.07976,1.25,1.13
2014.05.22 03:39:10.239,1.07957,1.07976,1.19,1.00
2014.05.22 03:39:12.353,1.07957,1.07976,1.25,1.00
2014.05.22 03:39:13.234,1.07958,1.07976,1.19,1.13
2014.05.22 03:39:14.244,1.07956,1.07976,1.25,1.13
2014.05.22 03:39:15.293,1.07957,1.07976,1.19,1.00
2014.05.22 03:39:16.268,1.07956,1.07976,1.25,1.00
2014.05.22 03:39:17.236,1.07956,1.07972,1.25,1.00
2014.05.22 03:39:17.610,1.07962,1.07972,1.00,1.00
2014.05.22 03:39:17.914,1.07967,1.07972,1.00,1.00
2014.05.22 03:39:18.116,1.07967,1.0798,1.00,1.13
2014.05.22 03:39:18.167,1.07967,1.07983,1.00,1.00
2014.05.22 03:39:18.379,1.07969,1.07983,1.25,1.00
2014.05.22 03:39:18.682,1.07973,1.0799,1.25,1.00
2014.05.22 03:39:19.604,1.07973,1.0799,1.25,1.08
2014.05.22 03:39:22.428,1.07973,1.0799,1.25,1.00
2014.05.22 03:39:23.096,1.07971,1.07989,1.19,1.00
2014.05.22 03:39:23.614,1.0797,1.07989,1.19,1.00
2014.05.22 03:39:24.573,1.0797,1.07989,1.19,1.00
2014.05.22 03:39:28.432,1.07974,1.07989,1.62,1.00
2014.05.22 03:39:29.008,1.07977,1.07992,1.19,1.38
2014.05.22 03:39:29.769,1.07977,1.07992,1.19,1.13
2014.05.22 03:39:30.276,1.07976,1.07992,1.69,1.13
2014.05.22 03:39:30.740,1.07976,1.07989,1.00,1.00
2014.05.22 03:39:33.029,1.07973,1.07989,1.19,1.00
2014.05.22 03:39:34.449,1.07976,1.07989,1.25,1.00
2014.05.22 03:39:34.500,1.07976,1.07993,1.25,1.38
2014.05.22 03:39:35.279,1.07976,1.07993,1.25,1.38
2014.05.22 03:39:35.811,1.07974,1.07992,2.44,1.88
2014.05.22 03:39:36.396,1.07974,1.07991,2.44,1.88
2014.05.22 03:39:37.037,1.07974,1.07993,2.44,1.38
2014.05.22 03:39:37.708,1.07975,1.07993,2.44,1.38
2014.05.22 03:39:38.011,1.07979,1.07993,1.25,1.38
2014.05.22 03:39:38.113,1.07979,1.07993,1.25,1.00
2014.05.22 03:39:38.983,1.0798,1.07993,1.25,1.00
2014.05.22 03:39:39.489,1.0798,1.07994,1.25,1.00
2014.05.22 03:39:40.116,1.07981,1.07994,1.25,1.00
2014.05.22 03:39:41.019,1.07981,1.07994,2.44,1.00
2014.05.22 03:39:41.982,1.07983,1.07994,1.25,1.00
2014.05.22 03:39:42.942,1.07984,1.07994,2.44,1.00
2014.05.22 03:39:42.993,1.07984,1.07997,2.44,1.13
2014.05.22 03:39:43.612,1.07986,1.07997,1.00,1.13
2014.05.22 03:39:43.865,1.07986,1.07999,2.44,1.00
2014.05.22 03:39:44.119,1.07983,1.07998,3.57,1.00
2014.05.22 03:39:44.473,1.07981,1.07999,1.50,1.00
2014.05.22 03:39:44.524,1.0798,1.07996,2.44,1.00
2014.05.22 03:39:45.325,1.07981,1.07996,1.25,1.00
2014.05.22 03:39:46.156,1.07983,1.07999,1.25,1.00
2014.05.22 03:39:46.375,1.07983,1.08002,1.25,1.88
2014.05.22 03:39:46.913,1.07983,1.08002,1.25,1.13
2014.05.22 03:39:47.133,1.07984,1.08002,2.44,1.13
2014.05.22 03:39:47.708,1.07984,1.08003,2.44,1.88
2014.05.22 03:39:48.146,1.07983,1.08003,2.44,1.88
2014.05.22 03:39:49.002,1.07983,1.08003,2.44,1.00
2014.05.22 03:39:49.447,1.07983,1.08003,2.44,1.88
2014.05.22 03:39:49.970,1.07983,1.08002,2.44,1.88
2014.05.22 03:39:50.490,1.07982,1.08002,2.44,1.88
2014.05.22 03:39:51.035,1.07982,1.08001,2.44,1.88
2014.05.22 03:39:51.956,1.07982,1.08002,2.44,1.88
2014.05.22 03:39:52.520,1.07982,1.08001,1.25,1.88
2014.05.22 03:39:53.171,1.07982,1.08002,2.44,1.88
2014.05.22 03:39:53.684,1.07982,1.08001,2.44,1.88
2014.05.22 03:39:54.176,1.07984,1.08002,2.44,1.88
2014.05.22 03:39:54.692,1.07984,1.08001,2.44,1.88
2014.05.22 03:39:55.250,1.07984,1.08002,2.44,1.88
2014.05.22 03:39:55.786,1.07984,1.08001,2.44,1.88
2014.05.22 03:39:56.293,1.07984,1.08002,2.44,1.88
2014.05.22 03:39:57.192,1.07982,1.08002,1.25,1.88
2014.05.22 03:39:57.575,1.07982,1.08,1.25,1.00
2014.05.22 03:39:58.197,1.07983,1.08,2.44,1.00
2014.05.22 03:40:02.288,1.07983,1.07998,1.25,1.00
2014.05.22 03:40:02.815,1.07982,1.07999,1.25,1.00
2014.05.22 03:40:03.132,1.07982,1.07996,1.25,1.00
2014.05.22 03:40:03.644,1.07982,1.07997,2.44,1.00
2014.05.22 03:40:03.904,1.07982,1.08,3.19,1.00
2014.05.22 03:40:04.458,1.07987,1.08,2.44,1.50
2014.05.22 03:40:04.660,1.07987,1.08002,2.44,1.13
2014.05.22 03:40:05.059,1.07987,1.08006,2.44,1.50
2014.05.22 03:40:05.662,1.07988,1.08006,1.25,1.50
2014.05.22 03:40:06.687,1.07988,1.08006,2.44,2.63
2014.05.22 03:40:07.673,1.07987,1.08006,2.44,1.50
2014.05.22 03:40:08.508,1.07987,1.08001,2.44,1.00
2014.05.22 03:40:09.458,1.07988,1.08004,1.25,1.00
2014.05.22 03:40:10.561,1.07988,1.07992,1.25,1.00
2014.05.22 03:40:11.070,1.07986,1.07992,2.44,1.00
2014.05.22 03:40:11.576,1.07983,1.07992,1.25,1.00
2014.05.22 03:40:13.376,1.07985,1.07992,2.44,1.00
2014.05.22 03:40:19.491,1.07985,1.07992,1.25,1.00
2014.05.22 03:40:20.497,1.07986,1.07992,1.25,1.00
2014.05.22 03:40:21.428,1.07989,1.07998,1.19,1.13
2014.05.22 03:40:22.135,1.07986,1.07992,1.19,1.00
2014.05.22 03:40:23.550,1.07983,1.07992,1.25,1.00
2014.05.22 03:40:24.196,1.07983,1.07993,1.25,1.00
2014.05.22 03:40:25.555,1.07985,1.07993,1.25,1.00
2014.05.22 03:40:27.528,1.07987,1.07993,1.25,1.00
2014.05.22 03:40:33.586,1.07988,1.07993,1.19,1.00
2014.05.22 03:40:33.884,1.07986,1.07993,1.00,1.00
2014.05.22 03:40:35.653,1.07987,1.07993,1.00,1.00
2014.05.22 03:40:36.690,1.07987,1.07993,1.19,1.00
2014.05.22 03:40:37.091,1.07984,1.07993,1.25,1.00
2014.05.22 03:40:38.065,1.07987,1.07993,1.25,1.00
2014.05.22 03:40:39.068,1.07988,1.07993,1.25,1.00
2014.05.22 03:40:41.073,1.07986,1.07993,1.25,1.00
2014.05.22 03:40:42.110,1.07986,1.07993,1.19,1.00
2014.05.22 03:40:45.768,1.07986,1.07992,1.19,1.00
2014.05.22 03:40:46.591,1.07987,1.07992,1.19,1.00
2014.05.22 03:40:47.594,1.07989,1.07998,1.25,1.13
2014.05.22 03:40:48.698,1.07987,1.07992,1.25,1.00
2014.05.22 03:40:50.707,1.07988,1.07992,1.25,1.00
2014.05.22 03:40:53.717,1.07989,1.07999,1.25,1.13
2014.05.22 03:40:54.757,1.07989,1.07999,1.19,1.13
2014.05.22 03:40:58.790,1.07988,1.07992,1.25,1.00
2014.05.22 03:40:59.781,1.0799,1.07998,1.25,1.13
2014.05.22 03:41:01.051,1.07991,1.07998,1.25,1.88
2014.05.22 03:41:01.254,1.07991,1.08003,1.25,1.13
2014.05.22 03:41:01.772,1.07992,1.08003,1.19,1.38
2014.05.22 03:41:02.097,1.07992,1.08,1.19,1.00
2014.05.22 03:41:02.783,1.07991,1.08,1.25,1.00
2014.05.22 03:41:03.773,1.07991,1.08,1.19,1.00
2014.05.22 03:41:06.773,1.07993,1.08,1.25,1.00
2014.05.22 03:41:14.771,1.07991,1.08,1.25,1.00
2014.05.22 03:41:18.835,1.07992,1.08,1.19,1.00
2014.05.22 03:41:19.900,1.07989,1.08,1.19,1.00
2014.05.22 03:41:20.002,1.07989,1.07998,1.19,1.13
2014.05.22 03:41:21.697,1.07989,1.08,1.19,1.38
2014.05.22 03:41:22.215,1.07989,1.08,1.19,1.38
2014.05.22 03:41:23.015,1.07989,1.08,1.19,1.38
2014.05.22 03:41:23.705,1.07989,1.08,1.19,1.38
2014.05.22 03:41:24.903,1.07989,1.08,1.19,1.13
2014.05.22 03:41:26.625,1.07986,1.08,1.19,1.13
2014.05.22 03:41:26.726,1.07986,1.08,1.19,1.38
2014.05.22 03:41:26.878,1.07984,1.07998,2.63,1.00
2014.05.22 03:41:27.384,1.07982,1.07998,1.69,1.00
2014.05.22 03:41:28.077,1.07985,1.07998,1.19,1.00
2014.05.22 03:41:29.040,1.07986,1.07998,1.19,1.13
2014.05.22 03:41:31.047,1.07985,1.07998,1.19,1.00
2014.05.22 03:41:34.067,1.07983,1.07998,2.07,1.00
2014.05.22 03:41:37.115,1.07985,1.07998,1.19,1.13
2014.05.22 03:41:38.106,1.07983,1.07998,1.69,1.00
2014.05.22 03:41:40.125,1.07987,1.07998,1.19,1.13
2014.05.22 03:41:41.133,1.07984,1.07998,1.19,1.13
2014.05.22 03:41:42.143,1.07985,1.07998,1.19,1.00
2014.05.22 03:41:47.150,1.07984,1.07998,1.19,1.00
2014.05.22 03:41:49.134,1.07985,1.07998,1.19,1.13
2014.05.22 03:41:50.157,1.07985,1.07998,1.19,1.13
2014.05.22 03:41:52.199,1.07987,1.07998,1.69,1.13
2014.05.22 03:41:53.152,1.07987,1.07998,1.25,1.13
2014.05.22 03:41:54.172,1.07987,1.07998,1.69,1.13
2014.05.22 03:41:54.696,1.0799,1.08006,1.19,1.38
2014.05.22 03:41:54.797,1.07993,1.08008,1.19,1.38
2014.05.22 03:41:54.900,1.07993,1.08009,1.19,1.00
2014.05.22 03:41:55.002,1.07989,1.08009,1.19,1.00
2014.05.22 03:41:55.104,1.07988,1.08009,1.69,1.25
2014.05.22 03:41:55.307,1.07991,1.08009,1.00,1.25
2014.05.22 03:41:55.813,1.07991,1.08008,1.00,1.00
2014.05.22 03:41:55.864,1.07986,1.08008,1.69,1.00
2014.05.22 03:41:56.016,1.07986,1.08008,1.00,1.19
2014.05.22 03:41:56.067,1.07992,1.08008,1.00,1.19
2014.05.22 03:41:56.825,1.07986,1.08008,1.00,1.19
2014.05.22 03:41:57.357,1.07987,1.08008,1.00,1.19
2014.05.22 03:41:57.862,1.07986,1.08008,1.25,1.19
2014.05.22 03:41:58.552,1.07986,1.08008,1.00,1.29
2014.05.22 03:41:59.593,1.07985,1.08008,1.25,1.29
2014.05.22 03:42:00.100,1.07986,1.08008,1.00,1.19
2014.05.22 03:42:00.827,1.07986,1.08009,2.82,1.00
2014.05.22 03:42:00.929,1.0799,1.08009,1.19,1.00
2014.05.22 03:42:01.203,1.07993,1.08013,1.69,1.38
2014.05.22 03:42:01.629,1.07994,1.08014,1.00,1.18
2014.05.22 03:42:02.166,1.07994,1.08014,1.00,1.00
2014.05.22 03:42:02.988,1.07993,1.08014,1.69,1.25
2014.05.22 03:42:03.139,1.07994,1.08014,1.19,1.00
2014.05.22 03:42:03.342,1.07995,1.08016,1.25,1.88
2014.05.22 03:42:03.847,1.07995,1.08017,1.25,1.88
2014.05.22 03:42:04.353,1.07995,1.08016,1.25,1.88
2014.05.22 03:42:04.873,1.07995,1.08017,1.25,1.88
2014.05.22 03:42:05.533,1.07995,1.08016,1.25,1.88
2014.05.22 03:42:06.077,1.07995,1.08017,1.25,1.88
2014.05.22 03:42:06.628,1.07995,1.08016,1.25,1.88
2014.05.22 03:42:07.179,1.07997,1.08015,1.00,1.00
2014.05.22 03:42:08.280,1.07997,1.08013,1.00,1.00
2014.05.22 03:42:09.295,1.07997,1.08016,1.00,2.82
2014.05.22 03:42:09.854,1.07997,1.08016,1.00,2.82
2014.05.22 03:42:10.785,1.07997,1.08013,1.00,1.00
2014.05.22 03:42:13.097,1.07997,1.08014,1.00,1.00
2014.05.22 03:42:13.220,1.07993,1.08014,1.19,1.00
2014.05.22 03:42:13.479,1.07997,1.08014,1.00,1.00
2014.05.22 03:42:15.865,1.07996,1.08014,1.25,1.00
2014.05.22 03:42:20.929,1.07997,1.08014,1.00,1.00
2014.05.22 03:42:21.155,1.07992,1.08012,1.25,1.00
2014.05.22 03:42:21.609,1.07992,1.08009,1.00,1.00
2014.05.22 03:42:23.884,1.07992,1.0801,1.00,1.25
2014.05.22 03:42:26.261,1.07992,1.0801,1.00,1.19
2014.05.22 03:42:27.084,1.07991,1.08009,1.00,1.19
2014.05.22 03:42:30.234,1.07991,1.08009,1.00,1.25
2014.05.22 03:42:33.285,1.07991,1.08009,1.00,1.19
2014.05.22 03:42:34.254,1.07991,1.08009,1.00,1.19
2014.05.22 03:42:36.244,1.07991,1.08009,1.00,1.25
2014.05.22 03:42:39.224,1.07991,1.08011,1.00,1.19
2014.05.22 03:42:40.256,1.07991,1.08011,1.00,3.57
2014.05.22 03:42:41.232,1.07991,1.08009,1.00,1.25
2014.05.22 03:42:43.286,1.07991,1.0801,1.00,1.00
2014.05.22 03:42:44.658,1.07991,1.0801,1.19,1.00
2014.05.22 03:42:44.710,1.07991,1.08012,1.69,1.00
2014.05.22 03:42:45.015,1.07994,1.08016,1.00,3.19
2014.05.22 03:42:45.885,1.07993,1.08014,1.00,1.19
2014.05.22 03:42:47.710,1.07993,1.08014,1.00,1.19
2014.05.22 03:42:53.322,1.07993,1.08014,1.00,1.19
2014.05.22 03:42:54.082,1.07993,1.08014,1.25,1.00
2014.05.22 03:42:55.101,1.07993,1.08014,1.00,1.19
2014.05.22 03:42:55.628,1.07993,1.08014,1.00,1.19
2014.05.22 03:42:56.345,1.07993,1.08014,1.00,1.19
2014.05.22 03:42:57.326,1.07993,1.08014,1.00,1.69
2014.05.22 03:42:58.327,1.07993,1.08014,1.00,1.19
2014.05.22 03:43:01.349,1.07993,1.08014,2.07,1.00
2014.05.22 03:43:01.400,1.07998,1.08016,1.38,1.88
2014.05.22 03:43:01.554,1.08006,1.08019,1.38,1.00
2014.05.22 03:43:01.706,1.08001,1.08019,1.00,1.25
2014.05.22 03:43:02.211,1.08002,1.08019,1.00,1.25
2014.05.22 03:43:02.453,1.07998,1.08019,1.25,1.25
2014.05.22 03:43:02.958,1.07998,1.08019,1.19,1.00
2014.05.22 03:43:05.728,1.07997,1.08019,1.19,1.25
2014.05.22 03:43:07.389,1.08002,1.08019,1.00,1.25
2014.05.22 03:43:07.743,1.08002,1.08022,1.00,1.39
2014.05.22 03:43:08.275,1.08002,1.08022,1.25,1.20
2014.05.22 03:43:08.782,1.08002,1.08023,1.25,1.08
2014.05.22 03:43:08.883,1.08002,1.08023,1.25,1.00
2014.05.22 03:43:09.998,1.08002,1.08026,1.69,1.19
2014.05.22 03:43:10.864,1.08005,1.08028,1.00,3.57
2014.05.22 03:43:11.424,1.08005,1.08028,1.00,2.82
2014.05.22 03:43:11.978,1.08003,1.08025,1.25,1.00
2014.05.22 03:43:12.484,1.08003,1.08025,1.19,1.00
2014.05.22 03:43:13.461,1.08003,1.08025,1.69,1.19
2014.05.22 03:43:15.443,1.08003,1.08025,1.50,1.69
2014.05.22 03:43:16.661,1.08003,1.08025,1.69,1.25
2014.05.22 03:43:17.167,1.08002,1.08024,1.19,1.00
2014.05.22 03:43:17.651,1.08002,1.08024,1.25,1.19
2014.05.22 03:43:18.656,1.08002,1.08024,1.19,1.00
2014.05.22 03:43:19.554,1.08,1.08023,2.44,1.00
2014.05.22 03:43:19.655,1.08,1.08023,1.69,1.27
2014.05.22 03:43:20.874,1.08,1.08023,1.69,1.33
2014.05.22 03:43:23.562,1.08,1.08023,1.69,1.34
2014.05.22 03:43:24.567,1.08,1.08023,1.50,1.34
2014.05.22 03:43:25.571,1.08,1.08023,1.50,1.84
2014.05.22 03:43:31.041,1.08001,1.08023,1.00,1.72
2014.05.22 03:43:33.093,1.08002,1.08023,1.00,1.67
2014.05.22 03:43:33.381,1.08002,1.08024,1.00,1.19
2014.05.22 03:43:37.256,1.08001,1.08024,1.00,1.19
2014.05.22 03:43:38.233,1.08001,1.08024,1.25,1.25
2014.05.22 03:43:40.240,1.08001,1.08024,1.00,1.19
2014.05.22 03:43:47.258,1.08001,1.08024,1.25,1.25
2014.05.22 03:43:48.297,1.08001,1.08024,1.25,1.19
2014.05.22 03:43:49.267,1.08001,1.08024,1.00,1.69
2014.05.22 03:43:52.587,1.08002,1.08024,1.00,1.69
2014.05.22 03:43:54.299,1.08002,1.08024,1.00,1.19
2014.05.22 03:43:56.290,1.08002,1.08024,1.00,1.19
2014.05.22 03:43:56.890,1.08001,1.08024,1.00,1.19
2014.05.22 03:43:57.548,1.08001,1.08024,1.00,1.19
2014.05.22 03:44:02.041,1.08002,1.08024,1.00,1.19
2014.05.22 03:44:02.589,1.08002,1.08024,1.00,1.57
2014.05.22 03:44:03.331,1.08002,1.08024,1.00,1.63
2014.05.22 03:44:03.951,1.08002,1.08024,1.00,1.63
2014.05.22 03:44:04.664,1.08002,1.08024,1.00,1.63
2014.05.22 03:44:05.324,1.08002,1.08024,1.00,1.63
2014.05.22 03:44:07.091,1.08002,1.08024,1.00,1.57
2014.05.22 03:44:07.681,1.08002,1.08024,1.00,1.57
2014.05.22 03:44:08.337,1.08002,1.08024,1.00,1.57
2014.05.22 03:44:09.108,1.08002,1.08024,1.00,1.57
2014.05.22 03:44:12.798,1.08002,1.08024,1.00,1.57
2014.05.22 03:44:13.112,1.08002,1.08024,1.00,1.19
2014.05.22 03:44:17.798,1.08006,1.08026,1.00,2.89
2014.05.22 03:44:18.403,1.08006,1.08024,1.00,1.25
2014.05.22 03:44:20.374,1.08006,1.08024,1.00,1.19
2014.05.22 03:44:21.378,1.08006,1.08024,1.00,1.00
2014.05.22 03:44:22.381,1.08006,1.08024,1.00,1.19
2014.05.22 03:44:26.943,1.08006,1.08024,1.00,1.19
2014.05.22 03:44:27.911,1.08006,1.08023,1.00,1.02
2014.05.22 03:44:28.915,1.08006,1.08024,1.00,1.00
2014.05.22 03:44:30.473,1.08003,1.08024,1.00,1.00
2014.05.22 03:44:31.926,1.08003,1.08024,1.00,1.19
2014.05.22 03:44:32.966,1.08003,1.08024,1.00,1.00
2014.05.22 03:44:35.811,1.08007,1.08024,1.00,1.00
2014.05.22 03:44:39.952,1.08007,1.08024,1.00,1.19
2014.05.22 03:44:43.970,1.08007,1.08024,1.00,1.25
2014.05.22 03:44:47.581,1.08006,1.08024,1.00,1.25
2014.05.22 03:44:54.545,1.08006,1.08024,1.00,1.19
2014.05.22 03:44:56.025,1.08006,1.08024,1.00,1.00
2014.05.22 03:45:09.172,1.08006,1.08026,1.00,1.25
2014.05.22 03:45:13.688,1.08006,1.08026,1.00,2.82
2014.05.22 03:45:14.712,1.08006,1.08026,1.25,1.88
2014.05.22 03:45:24.738,1.08006,1.08026,1.00,1.19
2014.05.22 03:45:28.800,1.08006,1.08026,1.00,1.25
2014.05.22 03:45:47.429,1.08007,1.08026,1.00,1.25
2014.05.22 03:45:59.492,1.08007,1.08025,1.00,1.00
2014.05.22 03:46:00.073,1.08012,1.08025,1.00,1.00
2014.05.22 03:46:08.764,1.08006,1.08025,1.00,1.00
2014.05.22 03:46:13.230,1.08006,1.08026,1.00,1.00
2014.05.22 03:46:13.866,1.08007,1.08027,1.69,2.63
2014.05.22 03:46:14.160,1.08007,1.08027,1.50,2.82
2014.05.22 03:46:14.666,1.08007,1.08024,1.00,1.25
2014.05.22 03:46:14.975,1.08007,1.08022,1.00,1.00
2014.05.22 03:46:15.408,1.08001,1.08022,1.69,1.00
2014.05.22 03:46:16.021,1.08001,1.08019,1.50,1.00
2014.05.22 03:46:16.413,1.08002,1.08023,1.00,1.25
2014.05.22 03:46:16.764,1.08002,1.08023,1.50,1.63
2014.05.22 03:46:17.117,1.07999,1.08021,1.00,1.19
2014.05.22 03:46:17.168,1.08002,1.08021,1.00,1.32
2014.05.22 03:46:17.494,1.08006,1.08021,1.00,1.00
2014.05.22 03:46:17.647,1.08007,1.08024,1.00,1.00
2014.05.22 03:46:17.799,1.08011,1.08024,1.00,1.00
2014.05.22 03:46:18.109,1.08011,1.08026,1.00,1.88
2014.05.22 03:46:18.330,1.08006,1.08027,1.00,2.82
2014.05.22 03:46:19.320,1.08011,1.08027,1.00,2.82
2014.05.22 03:46:19.745,1.08011,1.08025,1.00,1.00
2014.05.22 03:46:20.744,1.08011,1.08024,1.00,1.00
2014.05.22 03:46:21.295,1.08011,1.08023,1.00,1.00
2014.05.22 03:46:21.648,1.08016,1.08023,1.00,1.00
2014.05.22 03:46:21.699,1.08016,1.08026,1.00,2.63
2014.05.22 03:46:21.996,1.08007,1.08026,1.84,1.00
2014.05.22 03:46:22.814,1.08009,1.08028,1.00,1.38
2014.05.22 03:46:23.599,1.08007,1.08029,1.84,1.63
2014.05.22 03:46:23.987,1.08007,1.08029,1.19,1.69
2014.05.22 03:46:24.750,1.08007,1.08029,1.25,1.19
2014.05.22 03:46:25.277,1.08008,1.08031,1.00,1.69
2014.05.22 03:46:25.378,1.08008,1.08031,1.00,3.64
2014.05.22 03:46:25.909,1.08007,1.08028,1.00,1.57
2014.05.22 03:46:28.101,1.08007,1.08028,1.00,1.00
2014.05.22 03:46:28.405,1.08009,1.0803,1.00,1.19
2014.05.22 03:46:28.710,1.08006,1.08026,1.02,1.00
2014.05.22 03:46:29.048,1.08006,1.08026,1.29,1.00
2014.05.22 03:46:29.520,1.08006,1.08029,1.29,1.25
2014.05.22 03:46:29.942,1.08007,1.08029,1.19,1.38
2014.05.22 03:46:30.043,1.08007,1.08029,1.00,1.19
2014.05.22 03:46:30.397,1.08006,1.08025,1.25,1.00
2014.05.22 03:46:30.747,1.08006,1.08023,1.25,1.00
2014.05.22 03:46:31.290,1.08006,1.08022,1.25,1.00
2014.05.22 03:46:33.056,1.08006,1.08022,1.19,1.00
2014.05.22 03:46:36.119,1.08007,1.08024,1.00,1.00
2014.05.22 03:46:45.436,1.08006,1.08024,1.10,1.00
2014.05.22 03:46:45.591,1.08006,1.08026,1.10,1.00
2014.05.22 03:46:46.819,1.08007,1.08026,1.00,1.13
2014.05.22 03:46:47.691,1.08007,1.08025,1.25,1.00
2014.05.22 03:46:48.880,1.08007,1.08023,1.00,1.00
2014.05.22 03:46:52.537,1.08007,1.0802,1.00,1.00
2014.05.22 03:46:52.588,1.08002,1.0802,2.82,1.00
2014.05.22 03:46:52.639,1.08002,1.0802,2.63,1.00
2014.05.22 03:46:53.091,1.08007,1.0802,1.00,1.00
2014.05.22 03:46:53.395,1.08007,1.08024,1.00,1.00
2014.05.22 03:46:56.488,1.08007,1.08022,1.25,1.00
2014.05.22 03:47:01.231,1.08006,1.08022,1.00,1.00
2014.05.22 03:47:01.412,1.08006,1.08026,1.08,1.00
2014.05.22 03:47:03.791,1.08006,1.08026,1.25,1.00
2014.05.22 03:47:03.842,1.08006,1.08024,1.25,1.00
2014.05.22 03:47:09.323,1.08006,1.08021,1.00,1.00
2014.05.22 03:47:09.374,1.08002,1.08021,3.19,1.00
2014.05.22 03:47:09.780,1.08002,1.08018,1.00,1.25
2014.05.22 03:47:09.830,1.07999,1.08018,1.13,1.25
2014.05.22 03:47:10.610,1.08002,1.08018,1.00,1.25
2014.05.22 03:47:12.147,1.07999,1.08018,1.00,1.00
2014.05.22 03:47:12.358,1.08001,1.08018,1.00,1.00
2014.05.22 03:47:12.666,1.08001,1.08016,1.00,1.00
2014.05.22 03:47:12.818,1.07997,1.08016,1.69,1.00
2014.05.22 03:47:13.366,1.08001,1.08016,1.00,1.00
2014.05.22 03:47:14.895,1.07997,1.08016,1.00,1.00
2014.05.22 03:47:15.403,1.07996,1.08016,1.25,1.00
2014.05.22 03:47:16.472,1.07997,1.08016,1.00,1.00
2014.05.22 03:47:17.352,1.07996,1.08016,1.25,1.00
2014.05.22 03:47:17.504,1.07997,1.08018,1.10,1.00
2014.05.22 03:47:17.656,1.08002,1.08018,1.00,1.00
2014.05.22 03:47:20.466,1.08002,1.08016,1.00,1.00
2014.05.22 03:47:20.618,1.07997,1.08016,1.25,1.00
2014.05.22 03:47:25.520,1.07998,1.08017,1.00,1.00
2014.05.22 03:47:25.672,1.08002,1.08017,1.00,1.00
2014.05.22 03:47:28.579,1.08002,1.08015,1.00,1.00
2014.05.22 03:47:28.630,1.07996,1.08015,1.69,1.00
2014.05.22 03:47:29.060,1.08002,1.0802,1.00,1.19
2014.05.22 03:47:29.620,1.08002,1.0802,1.00,1.00
2014.05.22 03:47:33.523,1.08002,1.08021,1.50,1.50
2014.05.22 03:47:34.740,1.08003,1.08021,1.00,1.00
2014.05.22 03:47:35.063,1.08002,1.08018,1.00,1.00
2014.05.22 03:47:35.496,1.08007,1.08018,1.00,1.00
2014.05.22 03:47:36.367,1.08001,1.08018,1.00,1.00
2014.05.22 03:47:36.829,1.08001,1.08015,1.00,1.00
2014.05.22 03:47:41.470,1.08001,1.08018,1.00,1.00
2014.05.22 03:47:41.926,1.08001,1.08014,1.00,1.00
2014.05.22 03:47:43.137,1.08001,1.08017,1.00,1.00
2014.05.22 03:47:44.724,1.08002,1.08017,1.00,1.00
2014.05.22 03:47:47.760,1.07996,1.08017,2.97,1.00
2014.05.22 03:47:49.386,1.07996,1.08014,2.22,1.00
2014.05.22 03:47:49.729,1.08002,1.08014,1.00,1.00
2014.05.22 03:47:52.634,1.07996,1.08014,2.22,1.00
2014.05.22 03:47:52.836,1.07997,1.08016,1.67,1.00
2014.05.22 03:47:53.616,1.07997,1.08016,1.67,1.00
2014.05.22 03:47:53.820,1.07996,1.08014,1.74,1.00
2014.05.22 03:47:56.026,1.07996,1.08017,2.22,1.00
2014.05.22 03:47:56.733,1.07996,1.08017,2.97,1.00
2014.05.22 03:47:57.778,1.07996,1.08015,2.07,1.00
2014.05.22 03:47:58.535,1.07996,1.08015,1.57,1.00
2014.05.22 03:47:58.932,1.08002,1.08015,1.00,1.00
2014.05.22 03:47:59.235,1.08001,1.08013,1.00,1.00
2014.05.22 03:47:59.744,1.08002,1.08013,1.00,1.00
2014.05.22 03:48:00.271,1.08002,1.08014,1.00,1.00
2014.05.22 03:48:05.782,1.08002,1.08017,1.00,1.50
2014.05.22 03:48:07.485,1.08002,1.08016,1.00,1.00
2014.05.22 03:48:08.058,1.08002,1.08017,1.00,1.50
2014.05.22 03:48:08.680,1.07997,1.08016,1.39,1.00
2014.05.22 03:48:08.882,1.07997,1.08014,1.63,1.00
2014.05.22 03:48:09.795,1.07997,1.08014,1.63,1.00
2014.05.22 03:48:12.127,1.07997,1.08014,1.25,1.00
2014.05.22 03:48:12.831,1.07996,1.08014,1.50,1.00
2014.05.22 03:48:12.932,1.07998,1.08014,1.57,1.00
2014.05.22 03:48:13.186,1.08002,1.08017,1.00,1.50
2014.05.22 03:48:13.691,1.08002,1.08017,1.37,1.00
2014.05.22 03:48:13.944,1.08005,1.08017,1.19,1.00
2014.05.22 03:48:14.046,1.08005,1.0802,1.19,1.00
2014.05.22 03:48:14.519,1.08003,1.0802,1.19,1.00
2014.05.22 03:48:15.026,1.08006,1.08018,1.25,1.00
2014.05.22 03:48:18.527,1.08,1.08018,2.52,1.00
2014.05.22 03:48:18.631,1.08001,1.08018,1.00,1.00
2014.05.22 03:48:18.783,1.08001,1.08016,1.00,1.00
2014.05.22 03:48:19.228,1.08001,1.08014,1.00,1.00
2014.05.22 03:48:19.744,1.08001,1.08017,1.00,1.00
2014.05.22 03:48:21.092,1.08001,1.08018,1.20,1.00
2014.05.22 03:48:22.165,1.08001,1.08015,1.00,1.00
2014.05.22 03:48:27.801,1.08001,1.08017,1.25,1.00
2014.05.22 03:48:36.409,1.08002,1.08017,1.00,1.00
2014.05.22 03:48:37.370,1.07997,1.08016,1.39,1.00
2014.05.22 03:48:37.732,1.08002,1.08016,1.00,1.00
2014.05.22 03:48:38.440,1.08002,1.08016,1.19,1.00
2014.05.22 03:48:38.592,1.08001,1.08019,1.37,1.00
2014.05.22 03:48:39.503,1.08002,1.08019,1.29,1.00
2014.05.22 03:48:46.473,1.08006,1.08024,1.00,1.13
2014.05.22 03:48:46.979,1.08006,1.08025,1.00,1.00
2014.05.22 03:48:47.529,1.08006,1.08025,1.19,1.00
2014.05.22 03:48:48.533,1.08006,1.08025,1.25,1.00
2014.05.22 03:48:49.057,1.08007,1.08025,1.00,1.00
2014.05.22 03:48:49.686,1.08007,1.08025,1.19,1.00
2014.05.22 03:48:49.913,1.08008,1.08027,1.25,1.88
2014.05.22 03:48:50.640,1.08008,1.08026,1.25,2.63
2014.05.22 03:48:51.181,1.08008,1.08027,1.25,3.38
2014.05.22 03:48:51.699,1.08008,1.08026,1.25,2.63
2014.05.22 03:48:52.285,1.08008,1.08027,1.25,3.38
2014.05.22 03:48:52.868,1.08008,1.08026,1.25,2.63
2014.05.22 03:48:53.851,1.08008,1.08027,1.25,1.88
2014.05.22 03:48:55.645,1.08008,1.08026,1.25,1.13
2014.05.22 03:48:56.211,1.08008,1.08027,1.25,1.88
2014.05.22 03:48:56.858,1.08008,1.08026,1.25,1.13
2014.05.22 03:48:57.387,1.08008,1.08027,1.25,1.88
2014.05.22 03:48:57.977,1.08008,1.08026,1.00,2.63
2014.05.22 03:48:58.485,1.08008,1.08022,1.00,1.00
2014.05.22 03:48:58.587,1.08006,1.08022,1.00,1.00
2014.05.22 03:48:59.216,1.08006,1.08021,1.00,1.00
2014.05.22 03:49:00.531,1.08006,1.08022,1.00,1.00
2014.05.22 03:49:02.868,1.08006,1.08021,1.00,1.00
2014.05.22 03:49:03.179,1.08006,1.08024,1.50,1.00
2014.05.22 03:49:03.230,1.08006,1.08027,1.50,1.50
2014.05.22 03:49:03.332,1.08007,1.08026,1.19,1.00
2014.05.22 03:49:03.917,1.08007,1.08027,1.19,1.00
2014.05.22 03:49:04.345,1.08008,1.08027,1.19,1.00
2014.05.22 03:49:04.853,1.08008,1.08026,1.19,1.00
2014.05.22 03:49:05.310,1.08007,1.08026,1.19,1.00
2014.05.22 03:49:06.314,1.08007,1.08026,1.19,1.00
2014.05.22 03:49:06.855,1.08007,1.08027,1.19,1.00
2014.05.22 03:49:07.716,1.08007,1.08026,1.19,1.00
2014.05.22 03:49:08.920,1.08007,1.08027,1.19,1.00
2014.05.22 03:49:09.528,1.08007,1.08026,1.19,1.00
2014.05.22 03:49:10.178,1.08007,1.08027,1.19,1.00
2014.05.22 03:49:15.188,1.08007,1.08026,1.19,1.00
2014.05.22 03:49:20.161,1.08007,1.08026,1.19,1.47
2014.05.22 03:49:20.262,1.08006,1.08022,1.50,1.13
2014.05.22 03:49:20.363,1.08006,1.08022,1.00,1.88
2014.05.22 03:49:20.414,1.08003,1.08016,1.25,1.00
2014.05.22 03:49:21.130,1.08003,1.08017,1.00,1.88
2014.05.22 03:49:21.231,1.08001,1.08017,1.50,1.13
2014.05.22 03:49:21.764,1.08001,1.08016,1.50,1.00
2014.05.22 03:49:22.357,1.08002,1.08016,1.00,1.00
2014.05.22 03:49:23.534,1.08002,1.08017,1.00,1.50
2014.05.22 03:49:24.051,1.08002,1.08016,1.00,1.00
2014.05.22 03:49:26.664,1.08002,1.08017,1.00,1.50
2014.05.22 03:49:27.351,1.08002,1.08016,1.00,1.00
2014.05.22 03:49:27.857,1.08002,1.08017,1.00,1.50
2014.05.22 03:49:28.615,1.08002,1.08016,1.00,1.00
2014.05.22 03:49:28.720,1.08002,1.0802,1.00,1.00
2014.05.22 03:49:46.847,1.08002,1.08019,1.00,1.19
2014.05.22 03:49:46.999,1.07999,1.08018,1.00,1.19
2014.05.22 03:49:47.150,1.08001,1.08018,1.00,1.00
2014.05.22 03:49:47.685,1.08002,1.08018,1.00,1.00
2014.05.22 03:49:48.084,1.08002,1.0802,1.00,1.69
2014.05.22 03:49:57.140,1.08002,1.0802,1.00,1.69
2014.05.22 03:49:58.160,1.08002,1.0802,1.00,1.50
2014.05.22 03:50:02.271,1.08002,1.0802,1.00,1.54
2014.05.22 03:50:12.085,1.08001,1.0802,1.50,1.54
2014.05.22 03:50:18.594,1.08001,1.08019,1.00,1.04
2014.05.22 03:50:19.331,1.08002,1.08019,1.00,1.04
2014.05.22 03:50:20.297,1.08002,1.08019,1.00,1.00
2014.05.22 03:50:35.617,1.08001,1.08019,1.00,1.00
2014.05.22 03:50:44.857,1.08002,1.08019,1.00,1.25
2014.05.22 03:50:45.419,1.08002,1.08019,1.00,1.19
2014.05.22 03:50:45.979,1.08002,1.08022,1.00,2.07
2014.05.22 03:50:47.979,1.08002,1.08022,1.00,2.07
2014.05.22 03:50:57.019,1.08001,1.08021,1.00,1.19
2014.05.22 03:50:58.004,1.08001,1.08021,1.00,1.19
2014.05.22 03:50:58.691,1.07999,1.08018,1.00,1.00
2014.05.22 03:50:59.903,1.08002,1.08021,1.00,1.69
2014.05.22 03:51:02.247,1.07999,1.08018,1.00,1.00
2014.05.22 03:51:11.269,1.08,1.08021,1.00,1.69
2014.05.22 03:51:11.561,1.08006,1.08021,1.00,1.19
2014.05.22 03:51:13.140,1.08008,1.08021,1.00,2.82
2014.05.22 03:51:13.241,1.08005,1.08021,1.00,2.82
2014.05.22 03:51:13.292,1.08005,1.08021,1.00,1.34
2014.05.22 03:51:13.954,1.08005,1.08021,1.00,1.22
2014.05.22 03:51:14.284,1.08005,1.08021,1.00,2.82
2014.05.22 03:51:17.632,1.08005,1.08018,1.00,1.00
2014.05.22 03:51:17.987,1.08003,1.08018,1.00,1.00
2014.05.22 03:51:18.088,1.08003,1.08018,1.00,1.19
2014.05.22 03:51:24.761,1.07996,1.08016,1.00,2.07
2014.05.22 03:51:24.812,1.07996,1.08014,1.00,1.13
2014.05.22 03:51:26.963,1.07999,1.08017,1.00,1.57
2014.05.22 03:51:27.584,1.07999,1.08018,1.00,2.82
2014.05.22 03:51:30.080,1.07999,1.08018,1.00,2.07
2014.05.22 03:51:31.086,1.07999,1.08017,1.00,1.57
2014.05.22 03:51:35.239,1.07999,1.08018,1.00,2.07
2014.05.22 03:51:38.243,1.07999,1.08018,1.00,2.82
2014.05.22 03:51:39.125,1.07999,1.08018,1.00,2.07
2014.05.22 03:51:39.791,1.07999,1.08018,1.00,2.07
2014.05.22 03:51:40.451,1.07999,1.08018,1.00,2.07
2014.05.22 03:51:42.153,1.07999,1.08018,1.00,2.07
2014.05.22 03:51:43.548,1.07999,1.08018,1.00,2.07
2014.05.22 03:51:44.247,1.07999,1.08018,1.00,2.82
2014.05.22 03:51:52.291,1.07999,1.08018,1.00,1.19
2014.05.22 03:51:52.594,1.08001,1.08018,1.00,1.19
2014.05.22 03:51:53.329,1.08001,1.08018,1.00,1.00
2014.05.22 03:51:54.240,1.07998,1.08017,1.00,1.00
2014.05.22 03:52:10.062,1.08008,1.08017,1.00,1.00
2014.05.22 03:52:10.215,1.08014,1.08027,1.00,2.52
2014.05.22 03:52:10.367,1.08011,1.08027,1.00,2.52
2014.05.22 03:52:10.880,1.08012,1.08027,1.00,1.84
2014.05.22 03:52:11.181,1.08012,1.08027,1.00,1.39
2014.05.22 03:52:12.208,1.08012,1.08026,1.00,1.19
2014.05.22 03:52:12.880,1.08011,1.08026,1.50,1.69
2014.05.22 03:52:15.443,1.08012,1.08026,1.00,1.69
2014.05.22 03:52:16.944,1.08011,1.08026,1.50,1.19
2014.05.22 03:52:17.526,1.08012,1.08026,1.00,1.69
2014.05.22 03:52:17.975,1.08008,1.08026,1.00,1.19
2014.05.22 03:52:18.026,1.08004,1.08022,2.63,1.00
2014.05.22 03:52:18.127,1.0801,1.08025,1.00,1.19
2014.05.22 03:52:18.584,1.08012,1.08023,1.00,1.00
2014.05.22 03:52:19.197,1.08011,1.08023,1.00,1.00
2014.05.22 03:52:21.183,1.08012,1.08023,1.00,1.00
2014.05.22 03:52:21.690,1.08011,1.08023,1.00,1.00
2014.05.22 03:52:22.500,1.08012,1.08023,1.00,1.00
2014.05.22 03:52:23.957,1.08011,1.08023,1.50,1.00
2014.05.22 03:52:24.487,1.08012,1.08023,1.00,1.00
2014.05.22 03:52:25.146,1.08011,1.08023,1.50,1.00
2014.05.22 03:52:25.647,1.08012,1.08023,1.00,1.00
2014.05.22 03:52:27.837,1.08011,1.08023,1.50,1.00
2014.05.22 03:52:28.179,1.08006,1.08023,1.00,1.00
2014.05.22 03:52:28.381,1.08012,1.08023,1.00,1.00
2014.05.22 03:52:29.500,1.08004,1.08023,1.00,1.00
2014.05.22 03:52:31.181,1.08003,1.08023,1.88,1.25
2014.05.22 03:52:32.399,1.08004,1.08023,1.88,1.25
2014.05.22 03:52:33.206,1.08003,1.08023,1.88,1.25
2014.05.22 03:52:33.728,1.08004,1.08023,1.88,1.25
2014.05.22 03:52:34.274,1.08003,1.08025,2.07,1.50
2014.05.22 03:52:38.275,1.08004,1.08025,1.88,1.19
2014.05.22 03:52:39.402,1.08003,1.08025,2.07,1.19
2014.05.22 03:52:40.113,1.08004,1.08025,1.88,1.19
2014.05.22 03:52:41.286,1.08004,1.08026,1.00,1.19
2014.05.22 03:52:42.288,1.08004,1.08026,2.63,1.25
2014.05.22 03:52:44.297,1.08004,1.08026,1.00,1.19
2014.05.22 03:52:45.303,1.08004,1.08026,2.63,1.25
2014.05.22 03:52:45.900,1.08007,1.08026,1.00,1.25
2014.05.22 03:52:45.951,1.08007,1.08028,1.50,1.00
2014.05.22 03:52:46.052,1.08007,1.08028,1.84,1.00
2014.05.22 03:52:46.204,1.0801,1.08032,1.00,1.63
2014.05.22 03:52:46.364,1.0801,1.08029,1.00,1.00
2014.05.22 03:52:47.012,1.0801,1.08029,1.19,1.00
2014.05.22 03:52:49.017,1.0801,1.08029,1.25,1.00
2014.05.22 03:52:53.245,1.0801,1.08029,1.00,1.38
2014.05.22 03:52:53.655,1.0801,1.08023,1.00,1.00
2014.05.22 03:52:53.906,1.0801,1.08026,1.00,1.00
2014.05.22 03:52:55.036,1.0801,1.08026,1.19,1.00
2014.05.22 03:52:55.587,1.0801,1.08027,1.19,1.00
2014.05.22 03:52:56.320,1.0801,1.08026,1.19,1.00
2014.05.22 03:52:57.597,1.0801,1.08027,1.19,1.00
2014.05.22 03:52:59.048,1.0801,1.08027,1.19,1.00
2014.05.22 03:52:59.599,1.0801,1.08026,1.19,1.00
2014.05.22 03:53:00.058,1.0801,1.08026,1.25,1.00
2014.05.22 03:53:02.058,1.0801,1.08026,1.19,1.00
2014.05.22 03:53:03.279,1.0801,1.08027,1.19,1.00
2014.05.22 03:53:04.336,1.0801,1.08026,1.19,1.00
2014.05.22 03:53:05.656,1.0801,1.08027,1.19,1.00
2014.05.22 03:53:06.169,1.0801,1.08027,1.25,1.00
2014.05.22 03:53:08.333,1.0801,1.08026,1.25,1.00
2014.05.22 03:53:08.855,1.0801,1.08027,1.25,1.00
2014.05.22 03:53:10.062,1.0801,1.08032,1.25,1.50
2014.05.22 03:53:10.632,1.0801,1.08031,1.25,1.50
2014.05.22 03:53:12.099,1.0801,1.08031,1.19,1.50
2014.05.22 03:53:12.742,1.0801,1.08032,1.19,1.50
2014.05.22 03:53:13.479,1.0801,1.08031,1.19,1.50
2014.05.22 03:53:14.120,1.0801,1.08032,1.19,1.50
2014.05.22 03:53:14.632,1.0801,1.08031,1.19,1.00
2014.05.22 03:53:15.163,1.0801,1.08032,1.25,1.50
2014.05.22 03:53:15.786,1.0801,1.08031,1.25,1.00
2014.05.22 03:53:16.449,1.0801,1.08032,1.25,1.50
2014.05.22 03:53:17.064,1.0801,1.08031,1.25,1.00
2014.05.22 03:53:18.379,1.0801,1.08032,1.25,1.50
2014.05.22 03:53:19.088,1.0801,1.08031,1.25,1.00
2014.05.22 03:53:19.749,1.0801,1.08032,1.25,1.50
2014.05.22 03:53:20.349,1.0801,1.08031,1.25,1.00
2014.05.22 03:53:22.409,1.0801,1.08032,1.25,1.50
2014.05.22 03:53:23.050,1.0801,1.08031,1.25,1.00
2014.05.22 03:53:23.284,1.0801,1.08027,1.25,1.00
2014.05.22 03:53:24.338,1.0801,1.08026,1.25,1.00
2014.05.22 03:53:25.032,1.0801,1.08027,1.25,1.00
2014.05.22 03:53:25.622,1.0801,1.08026,1.25,1.00
2014.05.22 03:53:26.124,1.0801,1.08027,1.25,1.00
2014.05.22 03:53:27.772,1.0801,1.08026,1.00,1.00
2014.05.22 03:53:28.429,1.0801,1.08027,1.00,1.00
2014.05.22 03:53:28.946,1.0801,1.08026,1.00,1.00
2014.05.22 03:53:29.554,1.0801,1.08027,1.19,1.00
2014.05.22 03:53:30.172,1.0801,1.08026,1.19,1.00
2014.05.22 03:53:30.692,1.0801,1.08027,1.19,1.00
2014.05.22 03:53:31.565,1.0801,1.08027,1.19,1.00
2014.05.22 03:53:34.391,1.0801,1.08026,1.19,1.00
2014.05.22 03:53:34.989,1.0801,1.08027,1.19,1.00
2014.05.22 03:53:35.517,1.0801,1.08026,1.19,1.00
2014.05.22 03:53:36.295,1.0801,1.08027,1.19,1.00
2014.05.22 03:53:36.637,1.08011,1.08026,1.19,1.00
2014.05.22 03:53:37.299,1.08011,1.08027,1.19,1.00
2014.05.22 03:53:37.590,1.08009,1.08027,1.19,1.00
2014.05.22 03:53:39.475,1.08009,1.08026,1.32,1.00
2014.05.22 03:53:40.270,1.08009,1.08027,1.19,1.00
2014.05.22 03:53:41.196,1.08009,1.0803,1.19,1.00
2014.05.22 03:53:42.609,1.08008,1.0803,2.07,1.00
2014.05.22 03:53:43.291,1.08008,1.0803,2.07,1.38
2014.05.22 03:53:44.618,1.08008,1.08026,2.82,1.38
2014.05.22 03:53:45.803,1.08008,1.08026,2.82,1.00
2014.05.22 03:53:45.853,1.0801,1.08026,1.19,1.00
2014.05.22 03:53:46.005,1.0801,1.08028,1.69,1.00
2014.05.22 03:53:46.531,1.0801,1.08027,1.69,1.00
2014.05.22 03:53:47.041,1.0801,1.08027,1.37,1.00
2014.05.22 03:53:47.832,1.0801,1.08028,1.37,1.00
2014.05.22 03:53:49.878,1.08009,1.08027,1.69,1.00
2014.05.22 03:53:50.503,1.0801,1.08028,1.19,1.00
2014.05.22 03:53:51.013,1.0801,1.08027,1.19,1.00
2014.05.22 03:53:51.818,1.0801,1.08028,1.19,1.00
2014.05.22 03:53:55.986,1.0801,1.08027,1.19,1.00
2014.05.22 03:53:57.203,1.0801,1.08029,1.19,1.13
2014.05.22 03:53:57.384,1.0801,1.08029,1.19,1.38
2014.05.22 03:53:57.486,1.08008,1.08031,2.82,1.57
2014.05.22 03:53:57.689,1.08006,1.08027,1.50,1.38
2014.05.22 03:53:57.841,1.08006,1.08027,1.50,1.38
2014.05.22 03:53:58.045,1.08007,1.08023,1.00,1.00
2014.05.22 03:53:58.350,1.08012,1.08023,1.00,1.50
2014.05.22 03:53:58.452,1.08012,1.08026,1.00,1.00
2014.05.22 03:53:58.553,1.08012,1.08029,1.00,1.25
2014.05.22 03:53:58.655,1.08006,1.08029,1.69,1.63
2014.05.22 03:53:58.707,1.08006,1.08026,1.69,1.00
2014.05.22 03:53:59.011,1.08012,1.08029,1.00,2.22
2014.05.22 03:53:59.113,1.08006,1.08028,1.69,1.13
2014.05.22 03:53:59.164,1.08006,1.08028,1.69,1.20
2014.05.22 03:53:59.467,1.08011,1.08026,1.00,1.15
2014.05.22 03:54:00.105,1.08011,1.08028,1.00,1.63
2014.05.22 03:54:00.207,1.08006,1.08028,1.19,1.70
2014.05.22 03:54:00.565,1.08006,1.08024,1.19,1.00
2014.05.22 03:54:01.185,1.08012,1.08024,1.00,1.00
2014.05.22 03:54:01.286,1.08007,1.08024,1.00,1.00
2014.05.22 03:54:01.337,1.08008,1.08026,1.50,1.00
2014.05.22 03:54:01.388,1.08011,1.08026,1.00,1.00
2014.05.22 03:54:01.893,1.08011,1.08027,1.00,1.13
2014.05.22 03:54:02.224,1.08014,1.08026,1.50,1.00
2014.05.22 03:54:02.477,1.08014,1.08028,1.50,1.00
2014.05.22 03:54:02.619,1.08014,1.08031,1.00,1.00
2014.05.22 03:54:02.670,1.08014,1.08034,1.50,1.82
2014.05.22 03:54:02.975,1.08014,1.08028,1.13,1.57
2014.05.22 03:54:03.076,1.08014,1.08028,1.50,1.57
2014.05.22 03:54:03.127,1.08014,1.08028,1.00,1.38
2014.05.22 03:54:03.330,1.08014,1.08029,1.13,1.38
2014.05.22 03:54:03.483,1.08012,1.08031,1.50,1.59
2014.05.22 03:54:03.635,1.08012,1.08031,1.00,2.34
2014.05.22 03:54:03.788,1.08007,1.08026,1.63,1.13
2014.05.22 03:54:04.142,1.08007,1.08026,1.25,1.13
2014.05.22 03:54:04.647,1.08006,1.08026,1.00,1.38
2014.05.22 03:54:06.091,1.08006,1.08024,1.00,1.38
2014.05.22 03:54:06.522,1.08006,1.08026,1.00,1.25
2014.05.22 03:54:07.601,1.08006,1.08027,1.25,1.25
2014.05.22 03:54:07.702,1.08004,1.08021,2.82,1.00
2014.05.22 03:54:08.240,1.08007,1.08021,1.00,1.00
2014.05.22 03:54:08.295,1.08007,1.08025,1.00,1.00
2014.05.22 03:54:08.447,1.08007,1.08021,1.00,1.00
2014.05.22 03:54:08.987,1.08007,1.08022,1.00,1.00
2014.05.22 03:54:09.744,1.08007,1.08021,1.00,1.00
2014.05.22 03:54:10.093,1.08012,1.08021,1.00,1.00
2014.05.22 03:54:10.194,1.08012,1.08025,1.00,1.25
2014.05.22 03:54:10.397,1.08006,1.08027,1.50,1.19
2014.05.22 03:54:10.921,1.08006,1.08026,1.50,1.00
2014.05.22 03:54:11.518,1.08008,1.08026,1.50,1.00
2014.05.22 03:54:11.822,1.08014,1.08027,1.00,1.25
2014.05.22 03:54:12.333,1.08013,1.0803,1.50,1.19
2014.05.22 03:54:12.950,1.08014,1.08027,1.00,1.00
2014.05.22 03:54:13.482,1.08014,1.08026,1.00,1.00
2014.05.22 03:54:14.205,1.08014,1.08031,1.00,1.44
2014.05.22 03:54:14.752,1.08013,1.08032,1.50,2.02
2014.05.22 03:54:14.803,1.08013,1.08032,1.50,1.27
2014.05.22 03:54:15.306,1.08014,1.08032,1.00,1.27
2014.05.22 03:54:16.577,1.08013,1.08032,1.50,2.02
2014.05.22 03:54:16.786,1.08013,1.08031,1.50,1.19
2014.05.22 03:54:17.805,1.08014,1.08031,1.00,1.36
2014.05.22 03:54:18.806,1.08014,1.08032,1.00,1.59
2014.05.22 03:54:19.321,1.08013,1.08034,1.50,2.10
2014.05.22 03:54:19.878,1.08014,1.08034,1.00,1.62
2014.05.22 03:54:20.854,1.08013,1.08035,1.50,2.10
2014.05.22 03:54:21.916,1.08014,1.08035,1.00,2.10
2014.05.22 03:54:24.729,1.08013,1.08035,1.50,2.10
2014.05.22 03:54:25.250,1.08014,1.08032,1.00,1.62
2014.05.22 03:54:26.738,1.08013,1.08033,1.50,1.52
2014.05.22 03:54:27.285,1.08014,1.08035,1.00,2.10
2014.05.22 03:54:27.844,1.08013,1.08035,1.50,1.62
2014.05.22 03:54:27.908,1.08016,1.08035,1.00,1.62
2014.05.22 03:54:33.820,1.08016,1.08032,1.00,1.49
2014.05.22 03:54:34.663,1.08016,1.08032,1.00,1.49
2014.05.22 03:54:40.652,1.08016,1.08031,1.00,1.36
2014.05.22 03:54:41.685,1.08016,1.08032,1.00,1.45
2014.05.22 03:54:44.690,1.08016,1.08032,1.00,1.20
2014.05.22 03:54:46.722,1.08016,1.08031,1.00,1.20
2014.05.22 03:54:49.807,1.08013,1.08031,1.50,1.36
2014.05.22 03:54:50.862,1.08014,1.08031,1.00,1.20
2014.05.22 03:54:53.933,1.08013,1.08031,1.50,1.82
2014.05.22 03:54:54.699,1.08013,1.08031,1.50,1.63
2014.05.22 03:54:55.202,1.08014,1.08031,1.00,1.76
2014.05.22 03:54:56.925,1.08013,1.08031,1.00,1.07
2014.05.22 03:54:57.836,1.08014,1.08031,1.00,1.95
2014.05.22 03:54:58.743,1.08014,1.08031,1.00,1.95
2014.05.22 03:54:59.873,1.08013,1.08031,1.00,1.82
2014.05.22 03:55:00.384,1.08012,1.08031,1.00,1.36
2014.05.22 03:55:00.724,1.08012,1.08031,1.00,1.07
2014.05.22 03:55:01.285,1.08011,1.08031,1.00,1.25
2014.05.22 03:55:01.727,1.08011,1.08031,1.00,1.19
2014.05.22 03:55:04.655,1.08012,1.08029,1.00,1.25
2014.05.22 03:55:05.743,1.08012,1.08029,1.00,1.19
2014.05.22 03:55:06.262,1.08011,1.08029,1.50,1.19
2014.05.22 03:55:06.968,1.08012,1.08029,1.00,1.19
2014.05.22 03:55:07.517,1.08005,1.08024,2.82,1.00
2014.05.22 03:55:07.770,1.08012,1.08029,1.00,1.77
2014.05.22 03:55:08.352,1.08011,1.08029,1.69,1.10
2014.05.22 03:55:08.882,1.08011,1.08031,1.69,2.91
2014.05.22 03:55:09.197,1.08012,1.08026,1.00,1.00
2014.05.22 03:55:09.352,1.08012,1.08029,1.00,1.00
2014.05.22 03:55:10.726,1.08009,1.08029,1.19,1.00
2014.05.22 03:55:10.827,1.08009,1.08025,1.19,1.00
2014.05.22 03:55:10.928,1.0801,1.08029,1.19,1.00
2014.05.22 03:55:11.593,1.0801,1.08024,1.19,1.00
2014.05.22 03:55:12.610,1.08009,1.08023,1.19,1.00
2014.05.22 03:55:13.117,1.08008,1.08023,1.19,1.00
2014.05.22 03:55:15.111,1.08006,1.08023,1.19,1.00
2014.05.22 03:55:15.626,1.08006,1.08024,1.19,1.00
2014.05.22 03:55:18.111,1.08007,1.08024,1.19,1.00
2014.05.22 03:55:20.951,1.08004,1.08024,2.07,1.00
2014.05.22 03:55:27.179,1.08005,1.08024,1.69,1.00
2014.05.22 03:55:29.182,1.08007,1.08024,1.69,1.00
2014.05.22 03:55:30.142,1.08005,1.08024,1.19,1.00
2014.05.22 03:55:31.889,1.08005,1.08024,1.69,1.00
2014.05.22 03:55:33.055,1.08005,1.08024,1.19,1.00
2014.05.22 03:55:34.064,1.08005,1.08024,1.19,1.00
2014.05.22 03:55:34.267,1.08005,1.08026,1.69,1.50
2014.05.22 03:55:35.034,1.08008,1.08026,1.00,1.00
2014.05.22 03:55:35.549,1.08006,1.08026,1.19,1.50
2014.05.22 03:55:37.121,1.08006,1.08026,1.25,1.00
2014.05.22 03:55:38.131,1.08006,1.08026,1.19,1.50
2014.05.22 03:55:38.600,1.08006,1.08022,1.19,1.00
2014.05.22 03:55:39.146,1.08006,1.08021,1.19,1.00
2014.05.22 03:55:39.666,1.08011,1.08021,1.00,1.00
2014.05.22 03:55:40.067,1.08011,1.08026,1.00,1.50
2014.05.22 03:55:41.291,1.08007,1.08025,1.19,1.00
2014.05.22 03:55:45.113,1.08004,1.08025,1.19,1.00
2014.05.22 03:55:45.367,1.08007,1.08027,1.25,1.00
2014.05.22 03:55:46.117,1.08007,1.08027,1.19,1.00
2014.05.22 03:55:47.121,1.08007,1.08027,1.00,1.00
2014.05.22 03:55:47.223,1.08007,1.08025,1.00,1.00
2014.05.22 03:55:47.758,1.08003,1.08025,3.57,1.00
2014.05.22 03:55:48.259,1.08003,1.08025,2.82,1.00
2014.05.22 03:55:49.175,1.08005,1.08025,1.19,1.00
2014.05.22 03:55:50.134,1.08003,1.08025,3.57,1.00
2014.05.22 03:55:51.138,1.08004,1.08025,2.82,1.00
2014.05.22 03:55:51.653,1.08008,1.08026,1.00,1.00
2014.05.22 03:55:53.303,1.08005,1.08023,1.19,1.00
2014.05.22 03:55:53.354,1.08003,1.08023,1.88,1.25
2014.05.22 03:55:53.557,1.08,1.08023,1.00,1.69
2014.05.22 03:55:54.307,1.07998,1.08019,4.32,1.00
2014.05.22 03:55:54.782,1.08002,1.08019,1.00,1.00
2014.05.22 03:55:55.322,1.08002,1.08022,1.00,1.19
2014.05.22 03:55:55.869,1.08002,1.08022,1.00,1.00
2014.05.22 03:55:57.323,1.08003,1.08023,1.69,1.00
2014.05.22 03:55:57.869,1.08004,1.08023,1.88,1.00
2014.05.22 03:55:58.394,1.08003,1.08023,3.57,1.00
2014.05.22 03:55:59.215,1.08004,1.08023,1.88,1.00
2014.05.22 03:56:01.672,1.08002,1.08023,2.07,1.00
2014.05.22 03:56:02.382,1.08002,1.08023,1.88,1.00
2014.05.22 03:56:02.928,1.08002,1.08023,1.88,1.00
2014.05.22 03:56:03.504,1.08002,1.08023,2.07,1.00
2014.05.22 03:56:05.507,1.08001,1.08021,2.82,1.00
2014.05.22 03:56:08.133,1.08006,1.08021,1.00,1.00
2014.05.22 03:56:08.235,1.08006,1.08025,1.00,1.00
2014.05.22 03:56:08.753,1.08005,1.08026,1.25,1.00
2014.05.22 03:56:09.265,1.08005,1.08026,1.09,1.00
2014.05.22 03:56:11.164,1.08005,1.08026,1.84,1.00
2014.05.22 03:56:11.812,1.08005,1.08025,1.19,1.00
2014.05.22 03:56:12.148,1.08004,1.08025,3.57,1.00
2014.05.22 03:56:14.155,1.08005,1.08025,1.37,1.00
2014.05.22 03:56:15.306,1.0801,1.08028,1.29,1.00
2014.05.22 03:56:15.610,1.08017,1.08032,1.00,1.30
2014.05.22 03:56:15.837,1.08012,1.08032,1.25,1.30
2014.05.22 03:56:16.141,1.08016,1.08032,1.00,1.26
2014.05.22 03:56:16.446,1.08016,1.08026,1.00,1.00
2014.05.22 03:56:17.287,1.08016,1.08027,1.00,1.00
2014.05.22 03:56:17.389,1.08011,1.08027,1.00,1.00
2014.05.22 03:56:17.591,1.08011,1.08025,1.00,1.00
2014.05.22 03:56:19.360,1.08016,1.08028,1.00,1.00
2014.05.22 03:56:19.461,1.08016,1.0803,1.00,1.00
2014.05.22 03:56:19.563,1.08011,1.0803,1.29,1.00
2014.05.22 03:56:19.715,1.08013,1.0803,1.19,1.00
2014.05.22 03:56:19.918,1.08011,1.0803,1.19,1.00
2014.05.22 03:56:20.375,1.08012,1.08028,1.19,1.00
2014.05.22 03:56:21.096,1.08012,1.08028,1.00,1.00
2014.05.22 03:56:31.904,1.08012,1.08026,1.00,1.00
2014.05.22 03:56:59.199,1.08012,1.08027,1.25,1.00
2014.05.22 03:56:59.301,1.08012,1.08031,1.25,1.17
2014.05.22 03:56:59.505,1.08021,1.08031,1.00,1.17
2014.05.22 03:56:59.607,1.08016,1.08031,1.00,1.17
2014.05.22 03:57:00.253,1.08019,1.08031,1.00,1.17
2014.05.22 03:57:00.305,1.08019,1.08035,1.00,1.09
2014.05.22 03:57:00.357,1.08016,1.08035,1.00,1.84
2014.05.22 03:57:00.864,1.08016,1.08035,1.00,1.84
2014.05.22 03:57:02.062,1.08016,1.08034,1.19,1.20
2014.05.22 03:57:02.163,1.08025,1.08034,1.00,1.00
2014.05.22 03:57:03.326,1.08021,1.08034,1.00,1.00
2014.05.22 03:57:06.412,1.08025,1.08034,1.00,1.00
2014.05.22 03:57:06.871,1.08022,1.08035,1.00,1.20
2014.05.22 03:57:10.506,1.08022,1.08035,1.00,1.15
2014.05.22 03:57:11.418,1.08022,1.08035,1.00,1.20
2014.05.22 03:57:11.933,1.08022,1.08035,1.00,1.15
2014.05.22 03:57:14.151,1.08017,1.08035,1.00,1.15
2014.05.22 03:57:14.556,1.08011,1.08034,1.69,1.20
2014.05.22 03:57:15.260,1.08011,1.08034,1.19,1.20
2014.05.22 03:57:15.361,1.08011,1.08032,1.19,1.00
2014.05.22 03:57:15.862,1.08011,1.08032,1.19,1.38
2014.05.22 03:57:17.277,1.08011,1.08033,1.19,1.38
2014.05.22 03:57:19.285,1.08011,1.08033,1.19,1.38
2014.05.22 03:57:21.928,1.08011,1.08033,1.19,1.38
2014.05.22 03:57:22.538,1.08011,1.08033,1.19,1.38
2014.05.22 03:57:23.248,1.08011,1.08033,1.25,1.38
2014.05.22 03:57:24.841,1.08011,1.08033,1.00,2.07
2014.05.22 03:57:25.146,1.08017,1.08029,1.00,1.00
2014.05.22 03:57:26.121,1.08016,1.08031,1.00,2.82
2014.05.22 03:57:26.172,1.08016,1.08033,1.00,1.57
2014.05.22 03:57:26.682,1.08017,1.08033,1.00,1.57
2014.05.22 03:57:26.884,1.08011,1.08033,1.50,1.57
2014.05.22 03:57:26.985,1.08011,1.08031,1.50,2.07
2014.05.22 03:57:27.490,1.0801,1.08031,1.00,1.69
2014.05.22 03:57:27.996,1.0801,1.08031,1.00,1.19
2014.05.22 03:57:29.957,1.08008,1.08031,1.00,3.57
2014.05.22 03:57:30.961,1.08008,1.08031,1.00,4.32
2014.05.22 03:57:31.972,1.08008,1.08031,1.00,3.57
2014.05.22 03:57:32.687,1.08008,1.08031,1.19,3.57
2014.05.22 03:57:33.297,1.08011,1.08031,1.00,2.82
2014.05.22 03:57:38.745,1.08011,1.08032,1.00,3.38
2014.05.22 03:57:40.741,1.08011,1.08031,1.00,2.63
2014.05.22 03:57:42.683,1.08011,1.0803,1.00,1.00
2014.05.22 03:57:43.008,1.08009,1.08028,1.00,1.00
2014.05.22 03:57:44.731,1.08009,1.08028,1.00,1.19
2014.05.22 03:57:46.722,1.08009,1.08028,1.00,1.00
2014.05.22 03:57:55.801,1.08009,1.0803,1.00,1.69
2014.05.22 03:57:56.027,1.08012,1.0803,1.00,1.25
2014.05.22 03:57:58.810,1.08012,1.0803,1.00,1.19
2014.05.22 03:57:59.787,1.08012,1.0803,1.00,1.00
2014.05.22 03:58:00.092,1.08012,1.08031,1.00,1.19
2014.05.22 03:58:00.245,1.0801,1.08031,1.00,1.84
2014.05.22 03:58:00.296,1.0801,1.08031,1.00,1.84
2014.05.22 03:58:00.346,1.08005,1.08024,1.00,1.00
2014.05.22 03:58:00.650,1.08005,1.08021,1.00,1.00
2014.05.22 03:58:01.241,1.08003,1.08021,1.00,1.00
2014.05.22 03:58:11.235,1.08002,1.08021,1.50,1.00
2014.05.22 03:58:17.371,1.08002,1.08023,1.19,1.00
2014.05.22 03:58:17.523,1.08006,1.08028,1.00,1.53
2014.05.22 03:58:17.676,1.08011,1.08031,1.25,2.63
2014.05.22 03:58:17.991,1.08011,1.08031,1.69,1.00
2014.05.22 03:58:18.970,1.08011,1.08031,1.19,1.00
2014.05.22 03:58:22.368,1.08009,1.08031,1.19,1.00
2014.05.22 03:58:23.878,1.08009,1.08031,1.69,1.00
2014.05.22 03:58:25.506,1.08011,1.08031,1.25,2.63
2014.05.22 03:58:26.019,1.08011,1.08031,1.19,2.63
2014.05.22 03:58:27.892,1.08011,1.08031,1.00,2.63
2014.05.22 03:58:35.997,1.08011,1.08031,1.19,1.00
2014.05.22 03:58:36.835,1.08011,1.08032,1.19,1.88
2014.05.22 03:58:37.370,1.08011,1.08031,1.19,1.88
2014.05.22 03:58:37.965,1.08011,1.08034,1.19,1.88
2014.05.22 03:58:38.567,1.08011,1.08034,1.19,1.88
2014.05.22 03:58:38.836,1.08011,1.08034,1.19,1.50
2014.05.22 03:58:39.340,1.08014,1.08034,1.25,1.00
2014.05.22 03:58:43.991,1.08014,1.08034,1.19,1.00
2014.05.22 03:58:44.998,1.08014,1.08034,1.25,1.00
2014.05.22 03:58:46.002,1.08014,1.08034,1.19,1.00
2014.05.22 03:58:47.008,1.08014,1.08034,1.00,1.00
2014.05.22 03:58:49.522,1.08016,1.08034,1.19,1.20
2014.05.22 03:58:49.725,1.08019,1.08041,1.19,1.88
2014.05.22 03:58:49.827,1.08019,1.08042,1.00,4.69
2014.05.22 03:58:49.878,1.08019,1.08034,1.00,1.50
2014.05.22 03:58:50.182,1.08019,1.08036,1.00,2.26
2014.05.22 03:58:50.514,1.08015,1.08034,1.00,1.89
2014.05.22 03:58:50.767,1.08015,1.08032,1.00,1.39
2014.05.22 03:58:50.819,1.08012,1.08032,1.00,1.39
2014.05.22 03:58:50.869,1.08012,1.08028,1.00,1.19
2014.05.22 03:58:51.396,1.08007,1.08028,1.00,1.69
2014.05.22 03:58:51.901,1.08007,1.08028,1.00,1.19
2014.05.22 03:58:52.375,1.0801,1.08028,1.00,1.19
2014.05.22 03:58:52.895,1.0801,1.08028,1.00,1.19
2014.05.22 03:58:55.857,1.0801,1.0803,1.00,1.25
2014.05.22 03:58:55.979,1.08012,1.0803,1.00,1.25
2014.05.22 03:58:56.861,1.08012,1.0803,1.00,1.69
2014.05.22 03:58:57.164,1.08014,1.0803,1.00,1.19
2014.05.22 03:58:57.468,1.08016,1.0803,1.00,1.19
2014.05.22 03:58:58.599,1.08016,1.08033,1.00,1.89
2014.05.22 03:58:58.853,1.08019,1.08036,1.00,1.51
2014.05.22 03:58:58.954,1.08019,1.08036,1.00,1.30
2014.05.22 03:58:59.621,1.08019,1.08037,1.00,1.30
2014.05.22 03:58:59.723,1.08023,1.08037,1.00,1.30
2014.05.22 03:59:02.050,1.08019,1.08037,1.00,1.37
2014.05.22 03:59:05.044,1.08019,1.08037,1.00,1.12
2014.05.22 03:59:05.250,1.08022,1.08036,1.00,1.12
2014.05.22 03:59:05.453,1.08018,1.08037,1.00,1.12
2014.05.22 03:59:07.053,1.08018,1.08037,1.00,1.12
2014.05.22 03:59:07.807,1.08018,1.08036,1.00,1.12
2014.05.22 03:59:08.315,1.08018,1.08036,1.25,1.12
2014.05.22 03:59:08.821,1.08018,1.08036,1.25,1.12
2014.05.22 03:59:09.383,1.08018,1.08037,1.25,1.12
2014.05.22 03:59:09.924,1.08018,1.08036,1.25,1.12
2014.05.22 03:59:10.473,1.08016,1.08036,1.69,1.12
2014.05.22 03:59:10.526,1.08016,1.08036,1.00,1.37
2014.05.22 03:59:10.990,1.08016,1.08034,1.00,1.19
2014.05.22 03:59:11.092,1.08013,1.08034,1.13,1.19
2014.05.22 03:59:12.201,1.08013,1.08035,1.00,1.34
2014.05.22 03:59:13.789,1.08013,1.08031,1.00,1.00
2014.05.22 03:59:14.911,1.08013,1.08032,1.13,1.25
2014.05.22 03:59:15.012,1.08014,1.08032,1.19,1.00
2014.05.22 03:59:15.316,1.08019,1.08032,1.00,1.00
2014.05.22 03:59:15.468,1.08019,1.08036,1.13,1.37
2014.05.22 03:59:15.569,1.08014,1.08036,1.88,1.80
2014.05.22 03:59:15.976,1.08013,1.08036,2.97,1.37
2014.05.22 03:59:16.502,1.08016,1.08036,1.63,1.12
2014.05.22 03:59:16.673,1.08016,1.08036,1.25,1.12
2014.05.22 03:59:16.774,1.08018,1.08037,1.88,1.37
2014.05.22 03:59:17.077,1.0802,1.08037,1.00,1.12
2014.05.22 03:59:17.717,1.08018,1.08037,2.07,1.12
2014.05.22 03:59:18.265,1.08019,1.08037,1.00,1.12
2014.05.22 03:59:18.996,1.08018,1.08037,1.88,1.37
2014.05.22 03:59:19.551,1.08019,1.08036,1.88,1.12
2014.05.22 03:59:20.223,1.08018,1.08037,1.88,1.37
2014.05.22 03:59:20.768,1.08019,1.08036,1.88,1.12
2014.05.22 03:59:21.959,1.08018,1.08038,1.88,1.12
2014.05.22 03:59:22.966,1.08019,1.08038,1.88,1.32
2014.05.22 03:59:23.966,1.08018,1.08038,1.88,1.20
2014.05.22 03:59:25.967,1.08019,1.08038,1.88,1.37
2014.05.22 03:59:26.680,1.08019,1.08033,1.88,1.00
2014.05.22 03:59:26.732,1.08017,1.08032,1.00,1.00
2014.05.22 03:59:26.783,1.08014,1.08032,1.00,1.00
2014.05.22 03:59:27.116,1.08017,1.08035,1.00,1.15
2014.05.22 03:59:42.390,1.08017,1.08037,1.00,1.12
2014.05.22 03:59:51.871,1.08012,1.08032,1.25,1.00
2014.05.22 03:59:52.379,1.08012,1.08031,1.00,1.00
2014.05.22 03:59:54.092,1.08012,1.08031,1.00,1.19
2014.05.22 03:59:55.066,1.08012,1.08031,1.00,1.25
2014.05.22 03:59:56.051,1.08012,1.08031,1.00,1.19
2014.05.22 03:59:57.055,1.08012,1.08031,1.00,1.25
2014.05.22 03:59:58.268,1.08012,1.08031,1.38,1.69
2014.05.22 03:59:58.673,1.08011,1.0803,1.00,1.00
2014.05.22 03:59:58.826,1.08012,1.0803,1.38,1.00
2014.05.22 03:59:58.978,1.08013,1.08034,1.25,1.69
2014.05.22 03:59:59.181,1.08013,1.08034,1.69,1.15
