2010.05.20 21:00:01.751,1.22545,1.2278,1.00,1.00
2010.05.20 21:00:10.695,1.22615,1.2278,1.00,1.00
2010.05.20 21:00:11.992,1.2264,1.2278,1.00,1.00
2010.05.20 21:00:12.464,1.2265,1.2278,1.00,1.00
2010.05.20 21:00:13.852,1.2265,1.2278,1.00,1.00
2010.05.20 21:00:14.825,1.22645,1.2278,1.00,1.00
2010.05.20 21:00:23.380,1.22535,1.2278,1.00,1.00
2010.05.20 21:00:31.524,1.2258,1.2278,1.00,1.00
2010.05.20 21:00:31.992,1.22595,1.2278,1.00,1.00
2010.05.20 21:00:33.372,1.2262,1.2278,1.00,1.00
2010.05.20 21:00:35.650,1.2254,1.2278,1.00,1.00
2010.05.20 21:00:43.572,1.22555,1.22755,1.00,1.00
2010.05.20 21:00:47.022,1.22555,1.22745,1.00,1.00
2010.05.20 21:00:49.890,1.22555,1.2279,1.00,1.00
2010.05.20 21:00:52.063,1.22555,1.22765,1.00,1.00
2010.05.20 21:00:52.559,1.22555,1.22755,1.00,1.00
2010.05.20 21:00:53.612,1.22555,1.22745,1.00,1.00
2010.05.20 21:00:55.523,1.22555,1.2274,1.00,1.00
2010.05.20 21:01:05.031,1.22555,1.22795,1.00,1.00
2010.05.20 21:01:19.556,1.22555,1.22755,1.00,1.00
2010.05.20 21:01:21.502,1.2256,1.2274,1.00,1.00
2010.05.20 21:01:22.514,1.22565,1.2274,1.00,1.00
2010.05.20 21:01:23.661,1.2257,1.2274,1.00,1.00
2010.05.20 21:02:04.932,1.22565,1.22735,1.00,1.00
2010.05.20 21:02:05.132,1.2257,1.22735,1.00,1.00
2010.05.20 21:02:06.532,1.2257,1.2273,1.00,1.00
2010.05.20 21:02:07.525,1.2257,1.22725,1.00,1.00
2010.05.20 21:02:29.844,1.22525,1.2273,1.00,1.00
2010.05.20 21:02:30.022,1.22515,1.2273,1.00,1.00
2010.05.20 21:02:33.661,1.22555,1.22735,1.00,1.00
2010.05.20 21:02:33.932,1.22555,1.22805,1.00,1.00
2010.05.20 21:02:34.622,1.22555,1.2279,1.00,1.00
2010.05.20 21:02:34.772,1.2257,1.2279,1.00,1.00
2010.05.20 21:02:34.922,1.2257,1.22785,1.00,1.00
2010.05.20 21:02:35.503,1.2258,1.22765,1.00,1.00
2010.05.20 21:02:35.792,1.2258,1.2277,1.00,1.00
2010.05.20 21:02:36.661,1.22545,1.22775,1.00,1.00
2010.05.20 21:02:36.811,1.2261,1.22775,1.90,1.00
2010.05.20 21:02:40.711,1.22545,1.22775,1.90,1.00
2010.05.20 21:02:40.971,1.22545,1.22765,1.90,2.00
2010.05.20 21:02:41.901,1.22555,1.22775,1.00,1.00
2010.05.20 21:02:44.972,1.22555,1.2276,1.00,1.90
2010.05.20 21:02:46.783,1.22555,1.22735,1.00,1.00
2010.05.20 21:02:47.565,1.22555,1.2273,1.00,1.00
2010.05.20 21:02:48.403,1.22585,1.2284,1.00,1.00
2010.05.20 21:02:49.613,1.2261,1.228,1.00,1.00
2010.05.20 21:02:49.903,1.22595,1.2283,1.00,1.00
2010.05.20 21:02:50.202,1.2253,1.2278,1.00,1.00
2010.05.20 21:02:53.532,1.22535,1.22745,1.90,1.00
2010.05.20 21:02:53.711,1.22515,1.22745,1.00,1.00
2010.05.20 21:02:54.643,1.22525,1.22735,1.00,1.00
2010.05.20 21:02:55.572,1.2253,1.2273,1.00,1.00
2010.05.20 21:02:56.527,1.2253,1.22725,1.00,1.00
2010.05.20 21:02:59.879,1.22535,1.22725,1.00,1.00
2010.05.20 21:03:00.453,1.22535,1.22725,1.00,1.00
2010.05.20 21:03:01.112,1.2253,1.2272,1.00,1.00
2010.05.20 21:03:01.562,1.2253,1.22715,1.00,1.00
2010.05.20 21:03:02.504,1.2253,1.2271,1.00,1.00
2010.05.20 21:03:03.214,1.22525,1.22705,1.00,1.00
2010.05.20 21:03:03.477,1.2253,1.2271,1.00,1.00
2010.05.20 21:03:05.051,1.2253,1.22705,1.00,1.00
2010.05.20 21:03:05.528,1.2253,1.227,1.00,1.00
2010.05.20 21:03:08.093,1.2254,1.227,1.00,1.00
2010.05.20 21:03:08.714,1.22535,1.2269,1.00,1.00
2010.05.20 21:03:10.243,1.2254,1.2268,1.00,1.00
2010.05.20 21:03:10.623,1.2254,1.22675,1.00,1.00
2010.05.20 21:03:10.813,1.2254,1.2269,1.00,1.00
2010.05.20 21:03:11.603,1.2254,1.22685,1.00,1.00
2010.05.20 21:03:12.283,1.2255,1.2268,1.00,1.00
2010.05.20 21:03:13.628,1.22525,1.22685,1.00,1.00
2010.05.20 21:03:14.514,1.22525,1.2268,1.00,1.00
2010.05.20 21:03:17.594,1.22525,1.22675,1.00,1.00
2010.05.20 21:03:18.891,1.2253,1.22675,1.00,1.00
2010.05.20 21:03:20.533,1.22535,1.22675,1.00,1.00
2010.05.20 21:03:21.458,1.22535,1.2268,1.00,1.00
2010.05.20 21:03:27.423,1.2254,1.22675,1.00,1.00
2010.05.20 21:03:30.585,1.22535,1.227,1.00,1.00
2010.05.20 21:03:31.363,1.2254,1.227,1.00,1.00
2010.05.20 21:03:40.643,1.22535,1.22695,1.00,1.00
2010.05.20 21:03:42.595,1.2254,1.22705,1.00,1.00
2010.05.20 21:03:44.004,1.22545,1.227,1.00,1.00
2010.05.20 21:03:44.543,1.2255,1.227,1.00,1.00
2010.05.20 21:03:56.145,1.2254,1.22705,1.00,1.00
2010.05.20 21:03:58.204,1.225,1.22695,1.00,1.00
2010.05.20 21:03:58.426,1.225,1.227,1.00,1.00
2010.05.20 21:03:59.516,1.2252,1.22695,1.00,1.00
2010.05.20 21:03:59.858,1.22525,1.22695,1.00,1.00
2010.05.20 21:04:01.613,1.22535,1.227,1.00,1.00
2010.05.20 21:04:02.495,1.22535,1.22695,1.00,1.00
2010.05.20 21:04:03.313,1.22545,1.22695,1.00,1.00
2010.05.20 21:04:04.584,1.22555,1.22695,1.00,1.00
2010.05.20 21:04:05.200,1.22515,1.2269,1.00,1.00
2010.05.20 21:04:05.312,1.2251,1.2269,1.00,1.00
2010.05.20 21:04:05.426,1.22515,1.2268,1.00,1.00
2010.05.20 21:04:06.783,1.22525,1.2267,1.00,1.00
2010.05.20 21:04:07.498,1.2253,1.22665,1.00,1.00
2010.05.20 21:04:07.883,1.22525,1.22665,1.00,1.00
2010.05.20 21:04:10.115,1.22535,1.22665,1.00,1.00
2010.05.20 21:04:10.723,1.2254,1.22665,1.00,1.00
2010.05.20 21:04:14.620,1.2248,1.22655,1.00,1.00
2010.05.20 21:04:15.704,1.22495,1.2264,1.00,1.00
2010.05.20 21:04:16.433,1.22495,1.2263,1.00,1.00
2010.05.20 21:04:18.968,1.22495,1.2262,1.00,1.00
2010.05.20 21:04:23.798,1.22495,1.22645,1.00,1.00
2010.05.20 21:04:23.916,1.22495,1.2268,1.00,1.00
2010.05.20 21:04:24.033,1.22495,1.22675,1.00,1.00
2010.05.20 21:04:24.374,1.225,1.2267,1.00,1.00
2010.05.20 21:04:25.573,1.2251,1.22665,1.00,1.00
2010.05.20 21:04:26.743,1.2252,1.22665,1.00,1.00
2010.05.20 21:04:27.666,1.22525,1.2266,1.00,1.00
2010.05.20 21:04:27.823,1.22525,1.22665,1.00,1.00
2010.05.20 21:04:28.643,1.2252,1.22665,1.00,1.00
2010.05.20 21:04:34.621,1.22525,1.2267,1.00,1.00
2010.05.20 21:04:44.133,1.22485,1.2267,1.00,1.00
2010.05.20 21:04:44.464,1.22485,1.2269,1.00,1.00
2010.05.20 21:04:44.573,1.22485,1.2269,1.00,1.00
2010.05.20 21:04:45.330,1.22495,1.227,1.00,1.00
2010.05.20 21:04:45.676,1.22495,1.227,1.00,1.00
2010.05.20 21:04:47.773,1.225,1.227,1.00,1.00
2010.05.20 21:04:47.923,1.225,1.227,1.00,1.00
2010.05.20 21:04:48.222,1.225,1.227,1.00,1.00
2010.05.20 21:04:49.643,1.2251,1.227,1.00,1.00
2010.05.20 21:04:50.807,1.2252,1.227,1.00,1.00
2010.05.20 21:04:50.975,1.22525,1.227,1.00,1.00
2010.05.20 21:05:01.843,1.2249,1.227,1.00,1.00
2010.05.20 21:05:02.094,1.22485,1.2269,1.00,1.00
2010.05.20 21:05:19.684,1.225,1.22695,1.00,1.00
2010.05.20 21:05:20.603,1.22505,1.22695,1.00,1.00
2010.05.20 21:05:21.513,1.2251,1.22695,1.00,1.00
2010.05.20 21:05:34.323,1.2249,1.22695,1.00,1.00
2010.05.20 21:05:34.543,1.2249,1.22685,1.00,1.00
2010.05.20 21:06:10.603,1.22495,1.22685,1.00,1.00
2010.05.20 21:06:34.542,1.22485,1.22685,1.00,1.00
2010.05.20 21:06:35.227,1.22525,1.22755,1.00,1.00
2010.05.20 21:06:36.783,1.2254,1.2274,1.00,1.00
2010.05.20 21:06:37.624,1.22545,1.2274,1.00,1.00
2010.05.20 21:06:37.973,1.2254,1.22725,1.00,1.90
2010.05.20 21:06:38.183,1.22475,1.22715,1.50,1.00
2010.05.20 21:06:38.796,1.22485,1.22715,1.00,1.00
2010.05.20 21:06:43.583,1.225,1.2269,1.00,1.00
2010.05.20 21:06:43.893,1.22475,1.2269,1.00,1.00
2010.05.20 21:06:46.077,1.2249,1.22685,1.00,1.00
2010.05.20 21:06:50.594,1.22495,1.22695,1.00,1.00
2010.05.20 21:06:51.553,1.225,1.22695,1.00,1.00
2010.05.20 21:06:52.864,1.22505,1.22695,1.00,1.00
2010.05.20 21:07:03.211,1.22495,1.22695,1.00,1.00
2010.05.20 21:07:03.444,1.22495,1.22685,1.00,1.00
2010.05.20 21:07:09.503,1.22495,1.22695,1.00,1.00
2010.05.20 21:07:10.508,1.22505,1.22695,1.00,1.00
2010.05.20 21:07:11.523,1.22505,1.22695,1.00,1.00
2010.05.20 21:07:14.596,1.22505,1.22695,1.00,1.00
2010.05.20 21:07:17.233,1.22485,1.22695,1.00,1.00
2010.05.20 21:07:18.006,1.2247,1.22635,1.00,1.00
2010.05.20 21:07:20.354,1.22475,1.2263,1.00,1.00
2010.05.20 21:07:32.864,1.22475,1.2262,1.00,1.00
2010.05.20 21:07:44.193,1.22475,1.22605,1.00,1.00
2010.05.20 21:07:44.324,1.22475,1.22585,1.00,2.00
2010.05.20 21:07:46.273,1.22475,1.2257,1.00,2.00
2010.05.20 21:07:54.321,1.22475,1.22515,1.00,2.00
2010.05.20 21:07:55.892,1.22475,1.2249,1.00,2.00
2010.05.20 21:07:59.633,1.22475,1.22495,1.00,2.00
2010.05.20 21:08:02.697,1.2226,1.22485,1.00,2.00
2010.05.20 21:08:03.083,1.2224,1.22485,1.00,2.00
2010.05.20 21:08:06.340,1.22265,1.2248,1.00,2.00
2010.05.20 21:08:06.593,1.2227,1.2248,1.00,2.00
2010.05.20 21:08:06.813,1.22265,1.2248,1.00,2.00
2010.05.20 21:08:09.543,1.2227,1.2248,1.00,2.50
2010.05.20 21:08:09.962,1.22265,1.2249,1.00,2.70
2010.05.20 21:08:10.204,1.22265,1.2248,1.00,1.00
2010.05.20 21:08:10.443,1.22275,1.2248,1.00,1.00
2010.05.20 21:08:42.554,1.22275,1.22495,1.00,1.00
2010.05.20 21:08:42.773,1.22285,1.22495,1.00,1.00
2010.05.20 21:08:49.274,1.223,1.2251,1.00,1.00
2010.05.20 21:08:49.413,1.2232,1.2254,1.00,1.00
2010.05.20 21:08:50.660,1.22335,1.2253,1.00,1.00
2010.05.20 21:08:50.979,1.22345,1.22535,1.00,1.00
2010.05.20 21:08:51.296,1.22345,1.22545,1.00,1.00
2010.05.20 21:08:52.154,1.22355,1.22545,1.00,1.00
2010.05.20 21:08:52.673,1.2236,1.22545,1.00,1.00
2010.05.20 21:08:53.663,1.22365,1.22545,1.00,1.00
2010.05.20 21:09:10.777,1.2236,1.22535,1.00,1.00
2010.05.20 21:09:12.320,1.22355,1.22565,1.00,1.00
2010.05.20 21:09:14.104,1.2236,1.22555,1.00,1.00
2010.05.20 21:09:16.074,1.2236,1.2254,1.00,1.00
2010.05.20 21:09:17.689,1.2236,1.22525,1.00,1.00
2010.05.20 21:09:18.374,1.2236,1.22515,1.00,1.00
2010.05.20 21:09:19.363,1.2236,1.2251,1.00,1.00
2010.05.20 21:09:24.606,1.2236,1.225,1.00,1.00
2010.05.20 21:09:24.785,1.22335,1.225,1.00,1.00
2010.05.20 21:09:25.454,1.22335,1.2249,1.00,1.00
2010.05.20 21:09:26.654,1.2234,1.2248,1.00,1.00
2010.05.20 21:09:27.506,1.2234,1.22475,1.00,1.00
2010.05.20 21:09:28.253,1.2234,1.2248,1.00,1.00
2010.05.20 21:09:28.813,1.2234,1.22475,1.00,1.00
2010.05.20 21:09:29.294,1.22285,1.2248,1.00,2.10
2010.05.20 21:09:29.534,1.22275,1.2248,1.00,2.10
2010.05.20 21:09:29.774,1.2227,1.2247,1.00,1.00
2010.05.20 21:09:31.153,1.22285,1.2247,1.00,1.00
2010.05.20 21:09:33.014,1.22285,1.22465,1.00,1.00
2010.05.20 21:09:33.224,1.22285,1.2246,1.00,1.00
2010.05.20 21:09:33.625,1.2229,1.2246,1.00,1.00
2010.05.20 21:09:34.514,1.2229,1.2246,1.00,1.00
2010.05.20 21:09:35.534,1.2229,1.22455,1.00,1.00
2010.05.20 21:09:36.194,1.2229,1.22455,1.00,1.00
2010.05.20 21:09:38.193,1.223,1.22455,1.00,1.00
2010.05.20 21:09:38.584,1.22305,1.22455,1.00,1.00
2010.05.20 21:09:39.514,1.22285,1.22455,1.00,1.00
2010.05.20 21:09:39.803,1.2225,1.2246,1.00,1.00
2010.05.20 21:09:40.097,1.2228,1.225,1.00,1.00
2010.05.20 21:09:41.284,1.2228,1.2248,1.00,1.00
2010.05.20 21:09:41.891,1.2228,1.22475,1.00,2.00
2010.05.20 21:09:42.215,1.2222,1.2246,1.00,1.00
2010.05.20 21:09:50.894,1.22235,1.22435,1.00,2.00
2010.05.20 21:09:51.053,1.22235,1.22425,1.00,1.00
2010.05.20 21:09:51.133,1.222,1.22425,1.00,1.00
2010.05.20 21:09:52.593,1.2221,1.22425,1.00,2.50
2010.05.20 21:09:52.794,1.2221,1.22425,1.00,1.00
2010.05.20 21:09:52.993,1.22215,1.22425,1.00,1.00
2010.05.20 21:09:59.036,1.2222,1.2243,1.00,1.00
2010.05.20 21:09:59.859,1.2223,1.2244,1.00,1.00
2010.05.20 21:10:00.165,1.22245,1.2246,1.00,2.00
2010.05.20 21:10:00.353,1.22245,1.22475,1.00,1.00
2010.05.20 21:10:00.534,1.22245,1.2248,1.00,1.00
2010.05.20 21:10:00.715,1.2226,1.22495,1.00,1.00
2010.05.20 21:10:00.904,1.2228,1.22525,1.00,1.00
2010.05.20 21:10:01.263,1.22295,1.22545,1.00,1.10
2010.05.20 21:10:01.604,1.22315,1.22555,1.00,1.00
2010.05.20 21:10:02.690,1.2227,1.225,1.00,1.00
2010.05.20 21:10:02.896,1.2226,1.22495,1.00,1.00
2010.05.20 21:10:04.642,1.22275,1.2248,1.00,2.50
2010.05.20 21:10:04.884,1.2227,1.2247,1.00,1.00
2010.05.20 21:10:10.984,1.22275,1.2249,1.00,1.00
2010.05.20 21:10:11.194,1.22285,1.2249,1.00,1.00
2010.05.20 21:10:13.306,1.22285,1.22485,1.00,1.00
2010.05.20 21:10:13.446,1.2229,1.22495,1.00,1.00
2010.05.20 21:10:28.035,1.22305,1.22495,1.00,1.00
2010.05.20 21:10:28.216,1.22305,1.2252,1.00,1.00
2010.05.20 21:10:28.495,1.22315,1.2252,1.00,1.00
2010.05.20 21:10:29.714,1.2232,1.22525,1.00,1.00
2010.05.20 21:10:30.055,1.223,1.22505,1.00,1.00
2010.05.20 21:10:30.394,1.2229,1.22505,1.00,1.00
2010.05.20 21:10:31.315,1.22305,1.2249,1.00,1.00
2010.05.20 21:10:32.344,1.223,1.22495,1.00,1.00
2010.05.20 21:10:32.555,1.22305,1.2249,1.00,1.00
2010.05.20 21:10:32.974,1.223,1.2249,1.00,1.00
2010.05.20 21:10:33.188,1.223,1.22495,1.00,1.00
2010.05.20 21:10:34.294,1.22305,1.22495,1.00,1.00
2010.05.20 21:10:34.554,1.22305,1.22505,1.00,1.00
2010.05.20 21:10:35.673,1.22315,1.22505,1.00,1.00
2010.05.20 21:10:36.620,1.22325,1.22505,1.00,1.00
2010.05.20 21:10:37.513,1.22325,1.2251,1.00,1.00
2010.05.20 21:10:37.704,1.2233,1.22505,1.00,1.00
2010.05.20 21:10:38.234,1.2233,1.22505,1.00,1.00
2010.05.20 21:10:39.095,1.2233,1.2249,1.00,1.00
2010.05.20 21:10:39.454,1.22335,1.2249,1.00,1.00
2010.05.20 21:10:40.604,1.22335,1.22475,1.00,1.00
2010.05.20 21:10:40.825,1.2228,1.22455,1.00,1.00
2010.05.20 21:10:42.024,1.2229,1.22445,1.00,1.00
2010.05.20 21:10:43.599,1.22295,1.2244,1.00,1.00
2010.05.20 21:10:43.993,1.22295,1.22435,1.00,1.00
2010.05.20 21:10:44.508,1.22305,1.22475,1.00,1.00
2010.05.20 21:10:46.017,1.2232,1.22465,1.00,1.00
2010.05.20 21:10:46.664,1.22335,1.22465,1.00,1.00
2010.05.20 21:10:48.054,1.2234,1.2249,1.00,1.00
2010.05.20 21:10:48.655,1.2235,1.2249,1.00,1.00
2010.05.20 21:10:49.485,1.22355,1.22485,1.00,1.00
2010.05.20 21:10:51.061,1.2236,1.22485,1.00,1.00
2010.05.20 21:10:52.681,1.22335,1.22485,1.00,1.00
2010.05.20 21:10:53.655,1.22335,1.22475,1.00,1.00
2010.05.20 21:10:56.656,1.22335,1.2248,1.00,1.00
2010.05.20 21:10:57.520,1.22325,1.2248,1.00,1.00
2010.05.20 21:10:59.594,1.22325,1.22475,1.00,1.00
2010.05.20 21:11:02.491,1.2233,1.2247,1.00,1.00
2010.05.20 21:11:02.715,1.22325,1.2247,1.00,1.00
2010.05.20 21:11:02.934,1.22325,1.2249,1.00,1.00
2010.05.20 21:11:03.157,1.22325,1.22495,1.00,1.00
2010.05.20 21:11:03.376,1.22325,1.22525,1.00,1.00
2010.05.20 21:11:04.613,1.2233,1.22515,1.00,1.00
2010.05.20 21:11:06.853,1.2234,1.22515,1.00,1.00
2010.05.20 21:11:07.115,1.2234,1.22515,1.00,1.00
2010.05.20 21:11:08.284,1.2234,1.2251,1.00,1.00
2010.05.20 21:11:10.269,1.22345,1.22505,1.00,1.00
2010.05.20 21:11:10.537,1.2235,1.225,1.00,1.00
2010.05.20 21:11:19.495,1.2235,1.2252,1.00,1.00
2010.05.20 21:11:19.744,1.2231,1.22525,1.00,1.00
2010.05.20 21:11:19.996,1.2234,1.2256,1.00,1.00
2010.05.20 21:11:20.254,1.2234,1.2256,1.00,1.00
2010.05.20 21:11:21.654,1.22365,1.2255,1.00,1.00
2010.05.20 21:11:22.454,1.2237,1.22545,1.00,1.00
2010.05.20 21:11:23.544,1.2238,1.22545,1.00,1.00
2010.05.20 21:11:23.674,1.2234,1.22545,1.00,1.00
2010.05.20 21:11:23.804,1.2234,1.22535,1.00,1.00
2010.05.20 21:11:24.340,1.22335,1.22535,1.00,1.00
2010.05.20 21:11:26.415,1.2235,1.22535,1.00,1.00
2010.05.20 21:11:26.657,1.2235,1.22545,1.00,1.00
2010.05.20 21:11:27.733,1.22355,1.22545,1.00,1.00
2010.05.20 21:11:28.574,1.2236,1.22545,1.00,1.00
2010.05.20 21:11:35.398,1.22365,1.22545,1.00,1.00
2010.05.20 21:11:35.817,1.22365,1.22545,1.00,1.00
2010.05.20 21:11:37.295,1.2237,1.22545,1.00,1.00
2010.05.20 21:11:37.494,1.22375,1.22545,1.00,1.00
2010.05.20 21:11:39.564,1.2238,1.22545,1.00,1.00
2010.05.20 21:11:40.813,1.2239,1.22545,1.00,1.00
2010.05.20 21:11:41.714,1.22395,1.22545,1.00,1.00
2010.05.20 21:11:51.415,1.2239,1.22565,1.00,1.00
2010.05.20 21:11:54.523,1.22355,1.22565,1.00,1.00
2010.05.20 21:11:54.863,1.22355,1.2255,1.00,1.00
2010.05.20 21:11:55.203,1.22325,1.2255,1.00,1.00
2010.05.20 21:11:58.578,1.22335,1.2253,1.00,1.00
2010.05.20 21:11:58.905,1.2233,1.2253,1.00,1.00
2010.05.20 21:11:59.234,1.2233,1.2254,1.00,1.00
2010.05.20 21:11:59.553,1.22335,1.2254,1.00,1.00
2010.05.20 21:12:00.765,1.22345,1.2254,1.00,1.00
2010.05.20 21:12:02.664,1.22355,1.2254,1.00,1.00
2010.05.20 21:12:05.974,1.22365,1.22545,1.00,1.00
2010.05.20 21:12:06.129,1.22365,1.22545,1.00,1.00
2010.05.20 21:12:06.694,1.22385,1.2255,1.00,1.00
2010.05.20 21:12:07.254,1.22355,1.2254,1.00,1.00
2010.05.20 21:12:07.385,1.22345,1.22545,1.00,1.00
2010.05.20 21:12:09.119,1.2236,1.22545,1.00,1.00
2010.05.20 21:12:16.487,1.22365,1.22545,1.00,1.00
2010.05.20 21:12:16.658,1.2237,1.22545,1.00,1.00
2010.05.20 21:12:17.087,1.2236,1.22545,1.00,1.00
2010.05.20 21:12:19.334,1.22365,1.22545,1.00,1.00
2010.05.20 21:12:22.264,1.22365,1.22555,1.00,1.00
2010.05.20 21:12:23.579,1.2237,1.22555,1.00,1.00
2010.05.20 21:12:27.735,1.22345,1.22545,1.00,1.00
2010.05.20 21:12:28.384,1.22345,1.22545,1.00,1.00
2010.05.20 21:12:35.214,1.22355,1.22545,1.00,1.00
2010.05.20 21:12:35.374,1.22355,1.22555,1.00,1.00
2010.05.20 21:12:36.486,1.22365,1.22555,1.00,1.00
2010.05.20 21:12:37.589,1.2237,1.22555,1.00,1.00
2010.05.20 21:12:38.454,1.22345,1.22555,1.00,1.00
2010.05.20 21:12:39.077,1.22305,1.2252,1.00,1.00
2010.05.20 21:12:39.484,1.22285,1.2252,1.00,1.00
2010.05.20 21:12:43.414,1.22295,1.22515,1.00,1.00
2010.05.20 21:12:43.615,1.2231,1.22515,1.00,1.00
2010.05.20 21:12:44.727,1.22325,1.22515,1.00,1.00
2010.05.20 21:12:46.694,1.2233,1.22515,1.00,1.00
2010.05.20 21:12:59.294,1.2231,1.22515,1.00,1.00
2010.05.20 21:12:59.484,1.2233,1.22535,1.00,2.00
2010.05.20 21:12:59.675,1.2235,1.22535,1.00,1.00
2010.05.20 21:12:59.914,1.2232,1.22535,1.00,1.00
2010.05.20 21:13:17.373,1.2233,1.2253,1.60,1.00
2010.05.20 21:13:21.947,1.2233,1.22525,1.60,1.00
2010.05.20 21:13:22.111,1.2233,1.22525,1.50,1.00
2010.05.20 21:13:22.299,1.2233,1.2253,1.50,1.00
2010.05.20 21:13:25.877,1.2233,1.22525,1.50,1.00
2010.05.20 21:13:26.124,1.2233,1.22525,1.00,1.00
2010.05.20 21:13:26.284,1.2233,1.2253,1.00,1.00
2010.05.20 21:13:26.365,1.2233,1.2253,1.20,1.00
2010.05.20 21:13:26.444,1.2234,1.2253,1.00,1.00
2010.05.20 21:13:26.525,1.2234,1.22565,1.00,2.00
2010.05.20 21:13:26.604,1.2234,1.2257,1.00,1.30
2010.05.20 21:13:26.945,1.22345,1.2255,1.00,1.00
2010.05.20 21:13:27.286,1.2234,1.2256,1.00,1.00
2010.05.20 21:13:27.625,1.22345,1.2255,1.20,1.00
2010.05.20 21:13:29.384,1.22345,1.2254,1.20,1.00
2010.05.20 21:13:29.536,1.22345,1.2254,1.00,1.00
2010.05.20 21:13:30.695,1.2235,1.2254,1.00,1.00
2010.05.20 21:13:31.544,1.22345,1.2254,1.00,1.00
2010.05.20 21:13:32.634,1.22345,1.2254,1.00,1.00
2010.05.20 21:13:33.417,1.22345,1.22515,1.00,1.00
2010.05.20 21:13:33.686,1.22325,1.22505,1.00,1.00
2010.05.20 21:13:35.178,1.2233,1.22495,1.00,1.00
2010.05.20 21:13:35.655,1.2233,1.22485,1.00,1.00
2010.05.20 21:13:36.615,1.2233,1.2248,1.00,1.00
2010.05.20 21:13:57.035,1.2233,1.2247,1.00,1.00
2010.05.20 21:13:57.246,1.2233,1.2248,1.00,1.00
2010.05.20 21:13:58.441,1.2233,1.2247,1.00,1.00
2010.05.20 21:13:58.731,1.2233,1.2248,1.00,1.00
2010.05.20 21:14:06.935,1.2233,1.2247,1.00,1.00
2010.05.20 21:14:07.378,1.2233,1.2248,1.00,1.00
2010.05.20 21:14:08.509,1.2233,1.2247,1.00,1.00
2010.05.20 21:14:08.800,1.2233,1.2248,1.00,1.00
2010.05.20 21:14:11.425,1.2239,1.2248,1.00,1.00
2010.05.20 21:14:15.325,1.22405,1.22485,1.00,1.00
2010.05.20 21:14:15.546,1.22405,1.22505,1.00,1.00
2010.05.20 21:14:18.018,1.22405,1.22495,1.00,1.00
2010.05.20 21:14:18.195,1.22405,1.22495,1.00,1.00
2010.05.20 21:14:19.505,1.22405,1.22485,1.00,1.00
2010.05.20 21:14:20.657,1.22405,1.2248,1.00,1.00
2010.05.20 21:14:24.365,1.22405,1.22485,1.00,1.00
2010.05.20 21:14:24.826,1.22405,1.22475,1.00,1.00
2010.05.20 21:14:26.285,1.22405,1.22485,1.00,1.00
2010.05.20 21:14:27.955,1.22405,1.22485,1.00,2.10
2010.05.20 21:14:28.036,1.22405,1.22475,1.00,1.00
2010.05.20 21:14:32.914,1.22405,1.2248,1.00,1.00
2010.05.20 21:14:35.418,1.22405,1.2245,1.00,1.00
2010.05.20 21:14:35.592,1.22405,1.22465,1.00,1.00
2010.05.20 21:14:35.917,1.22405,1.2248,1.00,1.00
2010.05.20 21:14:36.436,1.22405,1.22475,1.00,1.00
2010.05.20 21:14:36.779,1.22405,1.225,1.00,1.00
2010.05.20 21:14:37.456,1.22405,1.2249,1.00,1.00
2010.05.20 21:14:38.130,1.22405,1.22495,1.00,1.00
2010.05.20 21:14:38.470,1.22405,1.225,1.00,1.00
2010.05.20 21:14:39.596,1.22405,1.22495,1.00,1.00
2010.05.20 21:14:40.789,1.22405,1.2252,1.00,1.30
2010.05.20 21:14:41.195,1.22405,1.22505,1.00,1.00
2010.05.20 21:14:41.921,1.22405,1.2248,1.00,1.00
2010.05.20 21:14:43.275,1.22405,1.2247,1.00,1.30
2010.05.20 21:14:43.848,1.22405,1.22475,1.00,1.00
2010.05.20 21:14:44.135,1.22405,1.2247,1.00,2.00
2010.05.20 21:14:44.757,1.22405,1.2246,1.00,1.00
2010.05.20 21:14:45.099,1.22405,1.22465,1.00,2.00
2010.05.20 21:14:45.215,1.22405,1.2252,1.00,1.00
2010.05.20 21:14:45.326,1.22405,1.2253,1.00,2.00
2010.05.20 21:14:45.436,1.22405,1.22585,1.00,1.00
2010.05.20 21:14:46.180,1.22405,1.2258,1.00,1.00
2010.05.20 21:14:46.515,1.22405,1.2256,1.00,1.00
2010.05.20 21:14:46.855,1.22405,1.2256,1.00,1.00
2010.05.20 21:14:47.194,1.22405,1.2256,1.00,1.00
2010.05.20 21:14:48.065,1.22405,1.2257,1.00,1.20
2010.05.20 21:14:48.715,1.22405,1.2257,2.10,1.20
2010.05.20 21:14:49.019,1.2228,1.22535,1.00,1.20
2010.05.20 21:14:50.356,1.2224,1.2243,1.10,1.00
2010.05.20 21:14:50.813,1.2222,1.2243,1.50,1.00
2010.05.20 21:14:51.584,1.22235,1.2241,1.60,1.00
2010.05.20 21:14:52.576,1.22235,1.2241,1.70,1.00
2010.05.20 21:14:53.694,1.22235,1.2241,1.80,1.00
2010.05.20 21:14:54.553,1.22235,1.2241,1.90,1.00
2010.05.20 21:14:54.705,1.2224,1.2241,1.00,1.00
2010.05.20 21:14:55.234,1.2224,1.22395,1.00,1.00
2010.05.20 21:14:55.530,1.22265,1.22415,1.00,1.00
2010.05.20 21:14:56.647,1.2225,1.2241,1.00,2.50
2010.05.20 21:14:57.421,1.2225,1.224,1.00,1.00
2010.05.20 21:14:57.717,1.2226,1.224,1.00,1.00
2010.05.20 21:14:58.426,1.22225,1.2239,1.00,1.00
2010.05.20 21:14:58.636,1.2221,1.2239,1.00,1.00
2010.05.20 21:14:58.848,1.2221,1.2239,1.00,2.50
2010.05.20 21:14:59.551,1.2222,1.22375,1.00,1.00
2010.05.20 21:14:59.898,1.22215,1.22375,1.00,1.00
2010.05.20 21:15:00.655,1.2222,1.22375,1.00,1.00
2010.05.20 21:15:01.705,1.22225,1.22375,1.00,1.00
2010.05.20 21:15:09.846,1.22215,1.2237,1.00,1.00
2010.05.20 21:15:10.125,1.22215,1.2237,1.00,1.00
2010.05.20 21:15:10.266,1.22215,1.22375,1.00,1.00
2010.05.20 21:15:12.087,1.2222,1.22375,1.00,1.00
2010.05.20 21:15:12.207,1.22215,1.2237,1.00,1.00
2010.05.20 21:15:13.005,1.22215,1.2237,1.00,1.00
2010.05.20 21:15:13.126,1.22215,1.22375,1.00,1.00
2010.05.20 21:15:14.709,1.22215,1.22375,1.00,1.00
2010.05.20 21:15:14.917,1.22215,1.2237,1.00,1.00
2010.05.20 21:15:17.957,1.22215,1.2237,1.00,1.00
2010.05.20 21:15:18.245,1.22215,1.22375,1.00,1.00
2010.05.20 21:15:18.537,1.2222,1.22375,1.00,1.00
2010.05.20 21:15:19.297,1.22225,1.22385,1.00,1.00
2010.05.20 21:15:19.581,1.2223,1.22375,1.00,1.00
2010.05.20 21:15:19.873,1.2223,1.2237,1.00,1.00
2010.05.20 21:15:20.135,1.2224,1.2237,1.00,1.00
2010.05.20 21:15:20.389,1.2224,1.2236,1.00,1.00
2010.05.20 21:15:21.048,1.2224,1.22375,1.00,1.00
2010.05.20 21:15:21.338,1.22245,1.2237,1.00,1.00
2010.05.20 21:15:21.905,1.22245,1.2237,1.00,1.00
2010.05.20 21:15:22.187,1.22245,1.22385,1.00,1.00
2010.05.20 21:15:22.506,1.22255,1.22385,1.00,1.00
2010.05.20 21:15:23.487,1.2224,1.2237,1.00,1.00
2010.05.20 21:15:23.832,1.22255,1.2236,1.00,1.00
2010.05.20 21:15:25.703,1.2226,1.22375,1.00,1.00
2010.05.20 21:15:27.355,1.2226,1.2237,1.00,1.00
2010.05.20 21:15:28.858,1.2226,1.2237,1.00,1.00
2010.05.20 21:15:29.032,1.2226,1.2237,1.00,1.30
2010.05.20 21:15:29.674,1.2226,1.22365,1.00,1.00
2010.05.20 21:15:31.346,1.2226,1.2237,1.00,1.00
2010.05.20 21:15:31.496,1.2226,1.2239,1.00,2.00
2010.05.20 21:15:31.648,1.2226,1.224,1.00,1.00
2010.05.20 21:15:32.311,1.22235,1.2239,1.00,1.00
2010.05.20 21:15:49.250,1.2224,1.22375,1.00,1.00
2010.05.20 21:15:55.977,1.2224,1.2238,1.00,1.00
2010.05.20 21:15:57.705,1.2225,1.2238,1.00,1.00
2010.05.20 21:15:57.846,1.2225,1.224,1.00,1.00
2010.05.20 21:16:00.606,1.2225,1.22405,1.00,1.00
2010.05.20 21:16:01.725,1.22255,1.22405,1.00,1.00
2010.05.20 21:16:02.684,1.2225,1.22395,1.00,1.00
2010.05.20 21:16:05.566,1.22225,1.22395,1.00,1.00
2010.05.20 21:16:05.705,1.2222,1.22375,1.00,1.00
2010.05.20 21:16:05.845,1.2222,1.22375,1.00,1.00
2010.05.20 21:16:07.777,1.22215,1.2236,8.90,1.00
2010.05.20 21:16:07.905,1.22215,1.2236,1.00,1.00
2010.05.20 21:16:07.985,1.2222,1.2236,1.00,1.00
2010.05.20 21:16:08.186,1.2222,1.2237,1.00,2.00
2010.05.20 21:16:08.526,1.2222,1.22375,1.00,1.00
2010.05.20 21:16:09.545,1.22225,1.22375,1.00,1.00
2010.05.20 21:16:12.777,1.22215,1.22365,8.90,1.00
2010.05.20 21:16:12.946,1.22215,1.22365,1.00,1.00
2010.05.20 21:16:16.385,1.2222,1.2236,1.00,1.00
2010.05.20 21:16:17.525,1.2222,1.2237,1.00,2.50
2010.05.20 21:16:17.766,1.2222,1.2237,1.00,1.00
2010.05.20 21:16:17.856,1.2222,1.2237,1.00,1.00
2010.05.20 21:16:17.945,1.2222,1.2239,1.00,1.00
2010.05.20 21:16:18.035,1.22225,1.2239,1.00,1.00
2010.05.20 21:16:18.116,1.2223,1.224,1.00,1.00
2010.05.20 21:16:18.286,1.2225,1.224,1.00,1.00
2010.05.20 21:16:18.887,1.2222,1.2239,1.00,1.00
2010.05.20 21:16:19.757,1.22225,1.22385,1.00,1.00
2010.05.20 21:16:20.227,1.22235,1.22375,1.00,1.00
2010.05.20 21:16:22.545,1.2223,1.22375,1.00,1.00
2010.05.20 21:16:22.726,1.2223,1.22375,1.00,1.30
2010.05.20 21:16:22.826,1.2223,1.22365,1.00,1.00
2010.05.20 21:16:24.716,1.22235,1.22365,1.00,1.00
2010.05.20 21:16:26.445,1.22235,1.2236,1.00,1.00
2010.05.20 21:16:26.526,1.22215,1.2236,1.00,1.00
2010.05.20 21:16:26.695,1.22215,1.2235,1.00,1.00
2010.05.20 21:16:26.775,1.2221,1.2235,1.00,1.00
2010.05.20 21:16:26.856,1.22215,1.2235,1.00,1.00
2010.05.20 21:16:26.947,1.22215,1.2236,1.00,1.00
2010.05.20 21:16:27.287,1.2222,1.22365,1.00,1.00
2010.05.20 21:16:27.626,1.22225,1.22375,1.00,1.00
2010.05.20 21:16:28.491,1.22235,1.22375,1.00,1.00
2010.05.20 21:16:28.627,1.2223,1.22375,1.00,1.00
2010.05.20 21:16:30.435,1.2224,1.22375,1.00,1.00
2010.05.20 21:16:30.715,1.22235,1.22375,1.00,1.00
2010.05.20 21:16:31.746,1.22235,1.2238,1.00,1.00
2010.05.20 21:16:31.977,1.2224,1.2239,1.00,1.00
2010.05.20 21:16:33.636,1.22245,1.2239,1.00,1.00
2010.05.20 21:16:34.625,1.2225,1.2239,1.00,1.00
2010.05.20 21:16:35.257,1.2225,1.2238,1.00,1.30
2010.05.20 21:16:38.468,1.2225,1.22375,1.00,1.50
2010.05.20 21:16:42.366,1.2225,1.22365,1.00,1.00
2010.05.20 21:16:46.656,1.22245,1.2236,1.00,1.00
2010.05.20 21:16:46.847,1.2225,1.2236,1.00,1.00
2010.05.20 21:16:51.759,1.2223,1.2236,1.00,1.00
2010.05.20 21:16:51.987,1.2223,1.22355,1.00,1.00
2010.05.20 21:16:52.630,1.2219,1.2235,1.00,2.00
2010.05.20 21:16:52.786,1.2219,1.2234,1.00,1.00
2010.05.20 21:16:54.130,1.22205,1.2234,1.00,1.00
2010.05.20 21:16:54.421,1.22205,1.2235,1.00,1.00
2010.05.20 21:16:56.288,1.22215,1.2235,1.00,1.00
2010.05.20 21:16:56.438,1.22215,1.2236,1.00,1.00
2010.05.20 21:16:58.966,1.22225,1.2236,1.00,1.00
2010.05.20 21:16:59.086,1.22225,1.2236,8.90,1.00
2010.05.20 21:16:59.425,1.22225,1.224,9.50,1.30
2010.05.20 21:17:00.503,1.2224,1.2239,1.00,1.30
2010.05.20 21:17:01.990,1.2226,1.2239,1.00,1.30
2010.05.20 21:17:02.625,1.22265,1.2239,1.00,1.30
2010.05.20 21:17:05.786,1.2224,1.2239,1.00,1.30
2010.05.20 21:17:06.448,1.2224,1.2237,1.00,1.00
2010.05.20 21:17:07.767,1.22245,1.22385,1.00,1.00
2010.05.20 21:17:08.358,1.2225,1.22385,1.00,1.00
2010.05.20 21:17:09.498,1.2225,1.2239,1.00,1.30
2010.05.20 21:17:09.844,1.2225,1.2238,1.00,1.00
2010.05.20 21:17:15.336,1.2225,1.22375,1.00,1.00
2010.05.20 21:17:15.486,1.2225,1.22375,1.00,1.30
2010.05.20 21:17:17.826,1.2225,1.22375,1.00,1.00
2010.05.20 21:17:17.906,1.2225,1.2238,1.00,1.00
2010.05.20 21:17:22.575,1.22215,1.2238,8.80,1.00
2010.05.20 21:17:23.297,1.2217,1.22355,1.00,1.00
2010.05.20 21:17:25.455,1.2219,1.22345,1.00,1.00
2010.05.20 21:17:34.394,1.2218,1.22345,1.30,1.00
2010.05.20 21:17:34.549,1.2224,1.2242,1.00,1.00
2010.05.20 21:17:34.758,1.22225,1.22375,2.00,1.00
2010.05.20 21:17:34.965,1.222,1.22375,1.00,1.00
2010.05.20 21:17:35.166,1.22205,1.22375,1.00,1.00
2010.05.20 21:17:35.376,1.22205,1.22385,1.00,1.00
2010.05.20 21:17:42.816,1.22225,1.2238,1.00,1.00
2010.05.20 21:17:43.038,1.2222,1.2237,1.00,1.00
2010.05.20 21:17:44.445,1.2222,1.2237,1.00,1.00
2010.05.20 21:18:09.455,1.2223,1.22405,8.80,1.00
2010.05.20 21:18:10.566,1.22245,1.22395,1.00,1.00
2010.05.20 21:18:11.550,1.22255,1.22415,1.00,1.00
2010.05.20 21:18:11.888,1.2226,1.2243,1.00,1.00
2010.05.20 21:18:12.076,1.2226,1.2242,1.00,1.00
2010.05.20 21:18:13.055,1.2224,1.22405,1.00,1.00
2010.05.20 21:18:13.356,1.2222,1.22405,1.00,1.00
2010.05.20 21:18:19.095,1.22235,1.22405,1.00,1.00
2010.05.20 21:18:19.154,1.22235,1.22405,1.30,1.00
2010.05.20 21:18:28.876,1.22245,1.22405,2.00,1.00
2010.05.20 21:18:29.007,1.22255,1.2243,1.00,1.00
2010.05.20 21:18:30.635,1.2226,1.22425,1.00,1.00
2010.05.20 21:18:31.410,1.22275,1.2243,1.00,1.00
2010.05.20 21:18:31.896,1.22275,1.2244,1.00,1.00
2010.05.20 21:18:33.086,1.22285,1.2244,1.00,1.00
2010.05.20 21:18:33.841,1.22285,1.2243,1.00,1.00
2010.05.20 21:18:34.495,1.22295,1.2243,1.00,1.00
2010.05.20 21:18:35.745,1.223,1.2243,1.00,1.00
2010.05.20 21:18:40.775,1.2235,1.2243,1.00,1.00
2010.05.20 21:18:40.866,1.2235,1.2242,1.00,1.00
2010.05.20 21:18:41.794,1.22365,1.22425,1.00,1.00
2010.05.20 21:18:42.817,1.2226,1.22425,1.00,1.00
2010.05.20 21:18:45.447,1.22245,1.2241,1.00,1.00
2010.05.20 21:18:45.595,1.22225,1.2241,1.30,1.00
2010.05.20 21:18:48.934,1.22245,1.22405,1.00,1.00
2010.05.20 21:18:49.176,1.22235,1.22405,1.00,1.00
2010.05.20 21:18:49.427,1.22245,1.2241,1.00,1.00
2010.05.20 21:18:49.677,1.22245,1.22405,1.00,1.00
2010.05.20 21:18:49.928,1.22245,1.2241,1.00,1.00
2010.05.20 21:18:50.268,1.22265,1.22435,1.00,1.00
2010.05.20 21:18:50.606,1.2227,1.22445,9.30,1.00
2010.05.20 21:18:51.990,1.22275,1.2244,9.50,1.00
2010.05.20 21:18:52.696,1.22285,1.2244,1.00,1.00
2010.05.20 21:18:54.225,1.2229,1.2243,1.00,1.00
2010.05.20 21:18:55.787,1.223,1.2243,1.00,1.00
2010.05.20 21:19:00.749,1.22295,1.2243,1.00,1.00
2010.05.20 21:19:00.916,1.22295,1.2242,1.00,1.00
2010.05.20 21:19:01.506,1.22305,1.2242,1.00,1.00
2010.05.20 21:19:01.677,1.22305,1.2243,1.00,1.00
2010.05.20 21:19:26.180,1.2231,1.2243,1.00,1.00
2010.05.20 21:19:26.376,1.2231,1.22435,1.00,1.00
2010.05.20 21:19:28.466,1.22315,1.22435,1.00,1.00
2010.05.20 21:20:12.348,1.2233,1.2249,1.00,9.30
2010.05.20 21:20:12.659,1.22305,1.22425,1.00,1.00
2010.05.20 21:20:12.816,1.2229,1.2244,1.00,2.00
2010.05.20 21:20:12.977,1.2229,1.22455,1.00,1.00
2010.05.20 21:20:13.316,1.2229,1.2247,1.00,2.50
2010.05.20 21:20:13.658,1.2229,1.22465,1.00,1.00
2010.05.20 21:20:15.026,1.223,1.2244,1.00,1.00
2010.05.20 21:20:15.298,1.223,1.2243,1.00,1.00
2010.05.20 21:20:17.070,1.22305,1.2243,1.00,1.00
2010.05.20 21:20:18.697,1.223,1.2243,1.00,1.00
2010.05.20 21:20:18.916,1.223,1.2242,1.00,1.00
2010.05.20 21:20:20.237,1.223,1.22415,1.00,1.00
2010.05.20 21:20:21.173,1.22265,1.22405,8.80,1.00
2010.05.20 21:20:21.367,1.2226,1.22405,1.00,1.00
2010.05.20 21:20:22.080,1.2226,1.2242,1.00,1.00
2010.05.20 21:20:23.586,1.22285,1.22415,1.00,1.00
2010.05.20 21:20:23.776,1.2229,1.22415,1.00,1.00
2010.05.20 21:20:23.969,1.2229,1.2245,1.00,1.00
2010.05.20 21:20:24.628,1.22305,1.2247,1.00,1.00
2010.05.20 21:20:24.974,1.2232,1.2247,1.00,1.00
2010.05.20 21:20:25.319,1.2233,1.2248,8.80,1.00
2010.05.20 21:20:26.596,1.22345,1.2248,1.00,1.00
2010.05.20 21:20:26.756,1.22345,1.2247,1.00,1.00
2010.05.20 21:20:31.176,1.22345,1.2248,1.00,1.00
2010.05.20 21:20:31.296,1.2235,1.2248,1.00,1.00
2010.05.20 21:20:33.527,1.2235,1.2249,1.00,1.00
2010.05.20 21:20:34.737,1.22355,1.2249,1.00,1.00
2010.05.20 21:20:35.478,1.2236,1.2249,1.00,1.00
2010.05.20 21:20:38.005,1.2236,1.2248,1.00,1.00
2010.05.20 21:20:38.115,1.2235,1.2248,1.00,1.00
2010.05.20 21:20:38.668,1.2235,1.2248,1.00,1.30
2010.05.20 21:20:55.858,1.2235,1.2248,1.00,1.00
2010.05.20 21:20:56.017,1.2235,1.2248,1.00,1.30
2010.05.20 21:20:57.929,1.2235,1.2248,1.00,1.30
2010.05.20 21:21:04.566,1.2235,1.2248,1.00,1.00
2010.05.20 21:21:05.752,1.22355,1.2248,1.00,1.00
2010.05.20 21:21:06.963,1.2236,1.2248,1.00,1.00
2010.05.20 21:21:08.882,1.2236,1.2247,1.00,1.00
2010.05.20 21:21:09.505,1.2234,1.2247,1.00,1.00
2010.05.20 21:21:11.545,1.22345,1.2248,1.00,1.30
2010.05.20 21:21:12.728,1.2235,1.2248,1.00,1.30
2010.05.20 21:21:13.657,1.22345,1.2248,1.00,1.30
2010.05.20 21:21:16.956,1.22345,1.2248,1.00,1.30
2010.05.20 21:21:17.168,1.22345,1.2247,1.00,1.00
2010.05.20 21:21:17.587,1.2235,1.2247,1.00,1.00
2010.05.20 21:21:26.499,1.2235,1.22485,1.00,1.30
2010.05.20 21:21:40.577,1.2236,1.225,1.00,1.30
2010.05.20 21:21:42.525,1.2236,1.22495,1.00,1.30
2010.05.20 21:21:43.511,1.22365,1.22495,1.00,1.30
2010.05.20 21:21:46.271,1.2236,1.22495,1.00,1.30
2010.05.20 21:21:46.588,1.2235,1.22485,1.00,1.00
2010.05.20 21:21:47.127,1.2235,1.22485,1.00,1.30
2010.05.20 21:21:47.474,1.2235,1.2246,1.00,1.00
2010.05.20 21:21:48.778,1.2235,1.2249,1.00,1.30
2010.05.20 21:21:52.982,1.22365,1.2248,1.00,1.00
2010.05.20 21:21:54.488,1.22375,1.2248,1.00,1.00
2010.05.20 21:21:55.866,1.2238,1.2248,1.00,1.00
2010.05.20 21:21:58.673,1.22375,1.2248,1.00,1.00
2010.05.20 21:21:59.238,1.22375,1.2248,1.00,1.00
2010.05.20 21:22:00.781,1.22375,1.2248,1.00,1.00
2010.05.20 21:22:01.796,1.22375,1.2248,1.00,1.00
2010.05.20 21:22:53.317,1.22375,1.225,1.00,1.30
2010.05.20 21:23:08.326,1.22375,1.22495,1.00,1.30
2010.05.20 21:23:08.406,1.22375,1.22485,1.00,1.00
2010.05.20 21:23:08.491,1.22375,1.2248,1.00,1.00
2010.05.20 21:23:12.186,1.22375,1.2248,1.00,1.00
2010.05.20 21:23:12.307,1.2237,1.2247,1.00,1.00
2010.05.20 21:23:13.032,1.2236,1.22485,1.00,1.30
2010.05.20 21:23:13.221,1.2236,1.22475,1.00,1.00
2010.05.20 21:23:13.408,1.2234,1.22475,1.00,1.00
2010.05.20 21:23:22.205,1.22345,1.2247,1.00,1.00
2010.05.20 21:23:22.527,1.2227,1.22445,1.10,1.00
2010.05.20 21:23:23.322,1.22255,1.22445,1.30,1.00
2010.05.20 21:23:23.543,1.22275,1.22435,1.00,1.00
2010.05.20 21:23:25.465,1.2228,1.22435,1.00,1.00
2010.05.20 21:23:51.085,1.2227,1.22435,2.00,1.00
2010.05.20 21:23:51.288,1.2228,1.2244,1.00,1.00
2010.05.20 21:23:51.496,1.2228,1.2245,1.30,1.00
2010.05.20 21:23:52.830,1.22285,1.2245,1.50,1.00
2010.05.20 21:23:54.585,1.2229,1.2245,1.00,1.00
2010.05.20 21:23:54.695,1.223,1.2245,1.00,1.00
2010.05.20 21:23:54.807,1.223,1.2245,1.00,1.00
2010.05.20 21:23:55.366,1.223,1.22455,1.00,1.00
2010.05.20 21:23:56.636,1.223,1.22455,1.00,1.00
2010.05.20 21:23:57.906,1.22305,1.22455,1.00,1.00
2010.05.20 21:23:59.506,1.223,1.22455,1.00,1.00
2010.05.20 21:23:59.546,1.223,1.2244,1.00,1.00
2010.05.20 21:24:03.072,1.223,1.2246,1.00,1.00
2010.05.20 21:24:04.650,1.22305,1.22465,1.00,1.00
2010.05.20 21:24:04.872,1.22315,1.22455,1.00,1.00
2010.05.20 21:24:05.779,1.22315,1.22465,1.00,1.00
2010.05.20 21:24:06.086,1.22305,1.22455,8.90,1.00
2010.05.20 21:24:06.387,1.2231,1.22455,1.00,1.00
2010.05.20 21:24:06.687,1.22315,1.2248,1.30,1.00
2010.05.20 21:24:08.561,1.22315,1.22475,1.50,1.00
2010.05.20 21:24:09.736,1.2232,1.22475,1.00,1.00
2010.05.20 21:24:12.186,1.22315,1.2245,1.00,1.00
2010.05.20 21:24:12.677,1.22315,1.2246,1.00,1.00
2010.05.20 21:24:15.966,1.2232,1.2246,1.00,2.00
2010.05.20 21:24:16.086,1.2232,1.22495,1.00,1.00
2010.05.20 21:24:53.431,1.22345,1.2254,1.00,1.00
2010.05.20 21:24:54.686,1.22365,1.22525,1.00,1.00
2010.05.20 21:24:55.556,1.22375,1.22525,1.00,1.00
2010.05.20 21:24:56.617,1.2239,1.22525,1.00,1.00
2010.05.20 21:24:57.203,1.2239,1.22545,1.00,1.30
2010.05.20 21:24:58.567,1.224,1.2254,1.00,1.30
2010.05.20 21:24:59.480,1.22405,1.2254,1.00,1.30
2010.05.20 21:25:00.546,1.22415,1.2254,1.00,1.30
2010.05.20 21:25:03.236,1.2242,1.2254,1.00,1.30
2010.05.20 21:25:14.318,1.2241,1.2253,1.00,1.00
2010.05.20 21:25:15.058,1.2241,1.2254,1.00,1.00
2010.05.20 21:25:15.323,1.22415,1.2254,1.00,1.00
2010.05.20 21:25:16.457,1.22425,1.2254,1.00,1.00
2010.05.20 21:25:17.596,1.2243,1.2254,1.00,1.00
2010.05.20 21:25:22.916,1.22425,1.2254,1.00,1.00
2010.05.20 21:25:23.016,1.22425,1.2252,1.00,1.00
2010.05.20 21:25:23.118,1.2235,1.2252,1.00,1.00
2010.05.20 21:25:23.438,1.2235,1.2251,1.00,1.00
2010.05.20 21:25:39.396,1.2237,1.225,1.00,1.00
2010.05.20 21:25:39.618,1.22375,1.22525,9.30,1.00
2010.05.20 21:25:39.829,1.22375,1.2252,8.80,1.00
2010.05.20 21:25:40.544,1.22355,1.2253,1.30,1.00
2010.05.20 21:25:40.774,1.22365,1.22525,1.00,1.30
2010.05.20 21:25:40.962,1.223,1.22495,1.80,1.00
2010.05.20 21:25:41.146,1.223,1.22495,1.30,1.00
2010.05.20 21:25:43.064,1.2232,1.2248,1.00,1.00
2010.05.20 21:25:43.539,1.2232,1.2248,1.00,1.00
2010.05.20 21:25:44.597,1.2232,1.2248,1.00,1.00
2010.05.20 21:25:46.657,1.2232,1.2247,1.00,1.00
2010.05.20 21:25:53.718,1.22325,1.2247,1.00,1.00
2010.05.20 21:25:58.920,1.22325,1.2248,1.00,1.00
2010.05.20 21:25:59.018,1.22325,1.2247,1.00,1.00
2010.05.20 21:26:03.852,1.22325,1.22465,1.00,1.00
2010.05.20 21:26:04.395,1.22325,1.22485,1.00,1.00
2010.05.20 21:26:06.527,1.2232,1.2248,1.00,1.00
2010.05.20 21:26:08.756,1.22325,1.2248,1.00,1.00
2010.05.20 21:26:08.907,1.22325,1.2247,1.00,1.00
2010.05.20 21:26:10.716,1.2232,1.2247,1.00,1.00
2010.05.20 21:26:13.606,1.2232,1.2247,1.00,1.00
2010.05.20 21:26:23.367,1.22325,1.2248,1.00,1.00
2010.05.20 21:26:23.547,1.22335,1.2248,1.00,1.00
2010.05.20 21:26:25.077,1.2234,1.2248,1.00,1.00
2010.05.20 21:26:27.049,1.2235,1.2248,1.00,1.00
2010.05.20 21:26:27.636,1.22355,1.2248,1.00,1.00
2010.05.20 21:26:29.772,1.2236,1.2249,1.00,1.00
2010.05.20 21:26:35.156,1.2236,1.2248,1.00,1.00
2010.05.20 21:26:40.017,1.2234,1.2248,1.00,1.00
2010.05.20 21:26:40.310,1.2234,1.22475,1.00,1.00
2010.05.20 21:26:41.427,1.2235,1.22475,1.00,1.00
2010.05.20 21:26:41.696,1.22355,1.22475,1.00,1.00
2010.05.20 21:26:41.867,1.22355,1.2248,1.00,1.00
2010.05.20 21:26:42.616,1.22355,1.2248,1.00,1.00
2010.05.20 21:26:43.827,1.2236,1.2248,1.00,1.00
2010.05.20 21:26:50.954,1.2234,1.22475,1.00,1.00
2010.05.20 21:27:16.962,1.22345,1.22495,8.90,2.00
2010.05.20 21:27:17.061,1.22345,1.225,8.90,1.30
2010.05.20 21:27:18.587,1.2236,1.22495,1.00,1.30
2010.05.20 21:27:19.980,1.2239,1.2256,1.00,1.00
2010.05.20 21:27:20.191,1.2239,1.2257,1.00,8.80
2010.05.20 21:27:20.398,1.2239,1.22575,1.00,2.00
2010.05.20 21:27:20.609,1.2238,1.2257,1.10,1.00
2010.05.20 21:27:20.816,1.2238,1.2257,1.00,1.00
2010.05.20 21:27:22.527,1.22405,1.22555,1.00,1.00
2010.05.20 21:27:23.499,1.2241,1.22555,1.00,1.00
2010.05.20 21:27:24.566,1.2242,1.22555,1.00,1.00
2010.05.20 21:27:27.927,1.22425,1.22565,1.00,1.00
2010.05.20 21:27:30.117,1.2243,1.22565,1.00,1.00
2010.05.20 21:27:30.551,1.2242,1.22555,1.00,1.00
2010.05.20 21:27:32.575,1.2241,1.22555,1.00,1.00
2010.05.20 21:27:32.757,1.2241,1.22545,1.00,1.00
2010.05.20 21:27:32.952,1.22375,1.2255,1.00,1.00
2010.05.20 21:27:33.138,1.22385,1.2255,1.00,1.00
2010.05.20 21:27:34.290,1.2236,1.2254,1.50,1.00
2010.05.20 21:27:34.548,1.2236,1.2254,1.00,1.00
2010.05.20 21:27:37.017,1.2236,1.22535,1.00,1.00
2010.05.20 21:27:37.216,1.2236,1.22525,1.00,1.00
2010.05.20 21:27:38.526,1.2237,1.22525,1.00,1.00
2010.05.20 21:27:39.377,1.22375,1.22525,1.00,1.00
2010.05.20 21:27:39.528,1.22375,1.22525,1.00,1.00
2010.05.20 21:27:39.868,1.22375,1.22545,1.00,1.00
2010.05.20 21:27:40.797,1.22385,1.22545,1.00,1.00
2010.05.20 21:27:41.490,1.2239,1.2254,1.00,1.00
2010.05.20 21:27:43.138,1.224,1.2254,1.00,1.00
2010.05.20 21:27:49.141,1.2241,1.2254,1.00,1.00
2010.05.20 21:27:49.520,1.224,1.22585,1.00,1.00
2010.05.20 21:27:49.710,1.2239,1.22505,8.80,2.00
2010.05.20 21:27:49.898,1.2232,1.22505,1.00,2.00
2010.05.20 21:27:50.762,1.2233,1.22545,1.00,2.00
2010.05.20 21:27:51.109,1.2236,1.2255,1.00,2.00
2010.05.20 21:27:52.926,1.22345,1.22535,1.50,2.00
2010.05.20 21:27:53.139,1.22345,1.22515,1.00,2.00
2010.05.20 21:27:53.566,1.22345,1.22515,1.00,2.00
2010.05.20 21:27:54.606,1.2235,1.22505,1.00,2.00
2010.05.20 21:27:55.273,1.2235,1.2253,1.00,2.00
2010.05.20 21:27:55.490,1.2235,1.2253,1.00,2.00
2010.05.20 21:27:55.680,1.22365,1.22585,1.00,2.00
2010.05.20 21:27:55.867,1.2237,1.22575,1.00,1.00
2010.05.20 21:27:56.058,1.2238,1.22575,1.00,1.00
2010.05.20 21:27:56.747,1.22375,1.2255,1.00,1.00
2010.05.20 21:27:57.088,1.2237,1.2255,1.00,1.00
2010.05.20 21:27:58.450,1.2236,1.2253,1.00,1.00
2010.05.20 21:27:59.177,1.2232,1.22505,1.30,1.00
2010.05.20 21:28:01.466,1.2234,1.22495,1.00,1.00
2010.05.20 21:28:02.486,1.2234,1.22495,1.00,1.00
2010.05.20 21:28:03.326,1.22345,1.22495,1.00,1.00
2010.05.20 21:28:03.567,1.22345,1.22515,1.00,1.00
2010.05.20 21:28:04.056,1.22345,1.22515,1.50,1.00
2010.05.20 21:28:05.529,1.22345,1.22505,1.00,1.00
2010.05.20 21:28:05.677,1.22345,1.22505,1.00,1.00
2010.05.20 21:28:05.898,1.22345,1.22495,1.00,1.00
2010.05.20 21:28:06.699,1.22325,1.22495,1.30,1.00
2010.05.20 21:28:07.415,1.2233,1.22495,1.00,1.00
2010.05.20 21:28:07.590,1.22345,1.2252,1.30,1.00
2010.05.20 21:28:08.969,1.22355,1.22515,1.00,1.00
2010.05.20 21:28:09.306,1.22355,1.22505,1.00,1.00
2010.05.20 21:28:10.527,1.2236,1.225,1.00,1.00
2010.05.20 21:28:12.518,1.22355,1.225,1.00,1.00
2010.05.20 21:28:26.035,1.2235,1.225,1.00,1.00
2010.05.20 21:28:26.197,1.2235,1.2248,1.00,1.00
2010.05.20 21:28:26.368,1.2234,1.2248,1.00,1.00
2010.05.20 21:28:26.696,1.2234,1.2247,1.00,1.00
2010.05.20 21:28:28.327,1.2233,1.2246,1.00,1.00
2010.05.20 21:28:28.611,1.2233,1.22455,1.00,1.00
2010.05.20 21:28:28.907,1.2233,1.22455,1.00,1.00
2010.05.20 21:28:29.209,1.22305,1.22445,1.00,1.00
2010.05.20 21:28:29.508,1.22305,1.22445,1.00,1.00
2010.05.20 21:28:30.341,1.2231,1.2244,1.00,1.00
2010.05.20 21:28:30.620,1.22305,1.2244,1.00,1.00
2010.05.20 21:28:32.869,1.22315,1.22485,1.00,1.00
2010.05.20 21:28:33.098,1.22325,1.22495,1.00,1.00
2010.05.20 21:28:34.254,1.22335,1.22485,1.00,1.00
2010.05.20 21:28:35.468,1.2234,1.22485,1.00,1.00
2010.05.20 21:28:36.150,1.22335,1.22465,1.00,1.00
2010.05.20 21:28:36.689,1.22335,1.22495,1.00,1.00
2010.05.20 21:28:37.427,1.2234,1.22495,1.00,1.00
2010.05.20 21:28:38.157,1.2234,1.22485,1.00,1.00
2010.05.20 21:28:38.617,1.22345,1.22485,1.00,1.00
2010.05.20 21:28:42.465,1.2229,1.22465,1.00,1.00
2010.05.20 21:28:42.629,1.2229,1.2245,1.00,1.00
2010.05.20 21:29:01.050,1.22305,1.2245,1.00,2.50
2010.05.20 21:29:01.249,1.22315,1.2245,1.00,1.00
2010.05.20 21:29:01.640,1.223,1.2244,1.00,1.00
2010.05.20 21:29:02.637,1.223,1.2244,1.00,1.00
2010.05.20 21:29:03.709,1.2231,1.22485,1.00,1.00
2010.05.20 21:29:04.018,1.2232,1.22485,1.00,1.00
2010.05.20 21:29:06.039,1.2232,1.22475,1.00,1.00
2010.05.20 21:29:06.712,1.22325,1.2247,1.00,1.00
2010.05.20 21:29:07.117,1.22325,1.22475,1.00,1.00
2010.05.20 21:29:15.871,1.22325,1.22485,1.00,1.00
2010.05.20 21:29:20.268,1.22325,1.22475,1.00,1.00
2010.05.20 21:29:23.487,1.22325,1.22475,1.00,1.00
2010.05.20 21:29:23.806,1.2232,1.22465,1.00,1.00
2010.05.20 21:29:23.966,1.223,1.22465,1.00,1.00
2010.05.20 21:29:24.127,1.223,1.22465,1.00,1.00
2010.05.20 21:29:24.287,1.223,1.22465,1.30,1.00
2010.05.20 21:29:24.445,1.223,1.22475,1.30,1.00
2010.05.20 21:29:26.510,1.22305,1.2247,1.50,1.00
2010.05.20 21:29:27.616,1.2231,1.2247,1.00,1.00
2010.05.20 21:29:28.046,1.2232,1.2247,1.00,1.00
2010.05.20 21:29:28.198,1.22345,1.22495,1.00,2.00
2010.05.20 21:29:28.357,1.2233,1.22525,2.00,1.00
2010.05.20 21:29:28.518,1.22335,1.22485,1.00,2.00
2010.05.20 21:29:28.677,1.22285,1.2247,1.00,1.00
2010.05.20 21:29:29.276,1.22285,1.22465,1.00,1.00
2010.05.20 21:29:29.488,1.22285,1.22465,1.00,1.00
2010.05.20 21:29:30.587,1.223,1.2245,1.00,1.00
2010.05.20 21:29:31.587,1.223,1.2245,1.00,1.00
2010.05.20 21:29:32.459,1.22305,1.2245,1.00,1.00
2010.05.20 21:29:37.217,1.22315,1.2246,1.00,2.00
2010.05.20 21:29:37.418,1.22315,1.22485,9.30,1.00
2010.05.20 21:29:38.531,1.22325,1.2248,1.00,1.00
2010.05.20 21:29:39.317,1.2233,1.2248,1.00,1.00
2010.05.20 21:29:40.512,1.22335,1.225,8.90,1.00
2010.05.20 21:29:41.295,1.22345,1.22505,1.00,1.00
2010.05.20 21:29:42.546,1.2235,1.225,1.00,1.00
2010.05.20 21:29:43.530,1.22355,1.225,1.00,1.00
2010.05.20 21:29:43.978,1.22345,1.2249,1.00,2.00
2010.05.20 21:29:44.118,1.2232,1.2248,1.00,1.00
2010.05.20 21:29:44.257,1.2232,1.2246,1.00,1.00
2010.05.20 21:29:45.781,1.2232,1.22455,1.00,2.50
2010.05.20 21:29:45.948,1.22315,1.22455,1.00,2.00
2010.05.20 21:29:46.118,1.22315,1.2246,1.00,1.00
2010.05.20 21:29:46.607,1.22325,1.2246,1.00,1.00
2010.05.20 21:29:48.927,1.2233,1.2245,1.00,1.00
2010.05.20 21:29:51.628,1.2231,1.22445,1.00,1.00
2010.05.20 21:29:58.880,1.22315,1.22445,1.00,1.00
2010.05.20 21:29:59.058,1.22315,1.2242,1.00,1.00
2010.05.20 21:29:59.240,1.22275,1.2242,9.70,1.00
2010.05.20 21:29:59.419,1.2229,1.2245,1.00,1.00
2010.05.20 21:29:59.588,1.22305,1.2245,1.00,1.30
2010.05.20 21:30:00.247,1.2229,1.2245,1.00,1.00
2010.05.20 21:30:01.017,1.2231,1.2243,1.00,1.00
2010.05.20 21:30:01.247,1.22305,1.22475,1.00,1.00
2010.05.20 21:30:01.477,1.223,1.22475,1.30,1.00
2010.05.20 21:30:01.705,1.2231,1.22475,1.00,1.00
2010.05.20 21:30:08.276,1.22305,1.2245,1.00,1.00
2010.05.20 21:30:08.497,1.223,1.2245,1.00,1.00
2010.05.20 21:30:09.536,1.223,1.22445,1.00,1.00
2010.05.20 21:30:11.029,1.2231,1.2247,1.00,1.00
2010.05.20 21:30:12.079,1.22315,1.22465,1.20,1.00
2010.05.20 21:30:12.227,1.22315,1.22475,1.20,1.00
2010.05.20 21:30:12.516,1.22315,1.22475,1.30,1.00
2010.05.20 21:30:12.657,1.22315,1.22475,3.30,1.00
2010.05.20 21:30:12.797,1.2233,1.22495,1.00,1.00
2010.05.20 21:30:15.496,1.2234,1.2249,1.00,1.00
2010.05.20 21:30:15.705,1.22335,1.2249,1.00,1.00
2010.05.20 21:30:15.917,1.22325,1.22485,1.00,1.00
2010.05.20 21:30:16.138,1.2232,1.22485,1.60,1.00
2010.05.20 21:30:16.357,1.2232,1.22485,1.20,1.00
2010.05.20 21:30:16.579,1.22345,1.2252,8.80,1.00
2010.05.20 21:30:16.798,1.2232,1.22495,1.00,1.00
2010.05.20 21:30:18.889,1.2234,1.22485,1.00,1.00
2010.05.20 21:30:22.361,1.22365,1.22485,1.00,1.00
2010.05.20 21:30:22.430,1.22365,1.22485,1.00,1.00
2010.05.20 21:30:52.589,1.2238,1.22485,1.00,1.00
2010.05.20 21:30:52.902,1.22325,1.22485,1.00,1.00
2010.05.20 21:30:53.793,1.2233,1.22485,8.80,1.00
2010.05.20 21:30:54.031,1.22355,1.22505,1.00,1.00
2010.05.20 21:30:55.970,1.22355,1.225,1.00,1.00
2010.05.20 21:30:56.576,1.22355,1.225,1.00,1.00
2010.05.20 21:31:02.330,1.22355,1.225,1.20,1.00
2010.05.20 21:31:02.489,1.2236,1.22495,1.00,1.00
2010.05.20 21:31:02.650,1.2236,1.22485,1.00,1.00
2010.05.20 21:31:02.943,1.22335,1.2247,1.60,1.30
2010.05.20 21:31:03.238,1.2232,1.2244,1.00,1.00
2010.05.20 21:31:04.178,1.2228,1.22435,1.00,1.00
2010.05.20 21:31:04.445,1.22285,1.2242,1.00,1.00
2010.05.20 21:31:04.968,1.22285,1.2241,1.00,1.00
2010.05.20 21:31:05.748,1.22295,1.2242,1.00,1.00
2010.05.20 21:31:10.717,1.22295,1.2241,1.00,1.00
2010.05.20 21:31:10.848,1.2229,1.2241,1.00,1.00
2010.05.20 21:31:10.980,1.2228,1.2241,1.00,1.00
2010.05.20 21:31:11.109,1.2228,1.2241,1.20,1.00
2010.05.20 21:31:11.239,1.2228,1.22415,1.20,1.30
2010.05.20 21:31:12.162,1.2228,1.22405,1.00,1.00
2010.05.20 21:31:12.500,1.2228,1.22415,1.00,1.00
2010.05.20 21:31:14.161,1.2228,1.2241,1.20,1.00
2010.05.20 21:31:14.287,1.2229,1.2241,1.00,1.00
2010.05.20 21:31:14.938,1.22295,1.22435,1.00,1.00
2010.05.20 21:31:16.712,1.2231,1.2244,1.00,1.00
2010.05.20 21:31:16.871,1.22315,1.2244,1.00,1.00
2010.05.20 21:31:17.818,1.22315,1.22445,1.00,1.00
2010.05.20 21:31:19.418,1.22325,1.22445,1.00,1.00
2010.05.20 21:31:19.658,1.22325,1.2245,1.20,1.30
2010.05.20 21:31:20.249,1.22325,1.2245,1.00,1.30
2010.05.20 21:31:20.548,1.22325,1.2245,1.00,1.00
2010.05.20 21:31:20.941,1.22325,1.22445,1.00,1.00
2010.05.20 21:31:21.055,1.22315,1.22445,1.00,1.00
2010.05.20 21:31:21.164,1.22315,1.22435,1.00,1.00
2010.05.20 21:31:21.819,1.22305,1.22425,1.00,1.00
2010.05.20 21:31:22.159,1.223,1.22415,1.00,1.00
2010.05.20 21:31:22.501,1.2228,1.22415,2.00,1.00
2010.05.20 21:31:30.617,1.22285,1.2241,2.00,1.00
2010.05.20 21:31:33.938,1.2229,1.2241,1.00,1.00
2010.05.20 21:31:44.514,1.22245,1.22385,1.30,1.00
2010.05.20 21:31:44.700,1.22245,1.2238,1.00,1.00
2010.05.20 21:31:44.879,1.22245,1.2238,1.00,1.00
2010.05.20 21:31:45.873,1.22255,1.2237,1.30,1.00
2010.05.20 21:31:46.437,1.2226,1.2237,1.00,1.00
2010.05.20 21:31:46.728,1.2226,1.2237,1.00,1.00
2010.05.20 21:31:47.018,1.2224,1.22355,1.00,1.00
2010.05.20 21:31:47.308,1.22255,1.2239,1.00,1.00
2010.05.20 21:31:48.016,1.22255,1.22325,1.00,2.00
2010.05.20 21:31:48.168,1.22205,1.22325,1.00,1.00
2010.05.20 21:31:48.317,1.2223,1.2239,1.00,2.00
2010.05.20 21:31:48.468,1.22225,1.22375,1.00,1.00
2010.05.20 21:31:48.618,1.22225,1.2236,1.00,2.00
2010.05.20 21:31:48.767,1.2222,1.2235,1.00,2.00
2010.05.20 21:31:48.919,1.22215,1.22365,1.00,1.00
2010.05.20 21:31:49.700,1.2223,1.2235,1.00,1.00
2010.05.20 21:31:50.042,1.2222,1.2232,1.00,2.00
2010.05.20 21:31:51.498,1.22235,1.2237,1.00,1.00
2010.05.20 21:31:52.139,1.22235,1.2237,1.00,2.40
2010.05.20 21:31:54.258,1.22235,1.2233,1.00,1.00
2010.05.20 21:31:54.930,1.22225,1.2231,1.00,2.00
2010.05.20 21:31:55.104,1.22225,1.22305,1.00,2.00
2010.05.20 21:31:55.512,1.2218,1.2229,1.00,1.00
2010.05.20 21:31:55.760,1.22205,1.2233,1.00,1.00
2010.05.20 21:31:56.008,1.222,1.22355,1.00,1.00
2010.05.20 21:31:56.746,1.222,1.22365,1.00,1.00
2010.05.20 21:31:56.996,1.22175,1.22315,1.00,1.00
2010.05.20 21:31:57.956,1.22175,1.2232,1.00,1.00
2010.05.20 21:31:58.300,1.22205,1.2237,1.00,1.00
2010.05.20 21:31:59.155,1.22155,1.223,1.00,1.00
2010.05.20 21:31:59.312,1.22205,1.22315,1.00,2.00
2010.05.20 21:31:59.472,1.22205,1.22355,1.00,1.00
2010.05.20 21:32:00.134,1.2219,1.22345,1.00,1.00
2010.05.20 21:32:00.483,1.222,1.22335,1.00,1.00
2010.05.20 21:32:00.828,1.22195,1.22325,1.00,1.00
2010.05.20 21:32:01.167,1.22195,1.22325,1.00,1.00
2010.05.20 21:32:01.509,1.222,1.22325,1.00,1.00
2010.05.20 21:32:02.467,1.22195,1.2231,1.00,1.00
2010.05.20 21:32:02.789,1.22195,1.223,1.00,1.00
2010.05.20 21:32:03.111,1.22195,1.2233,1.00,1.00
2010.05.20 21:32:03.268,1.22205,1.22305,1.00,1.00
2010.05.20 21:32:04.961,1.2217,1.22285,1.00,1.00
2010.05.20 21:32:05.188,1.2217,1.22285,1.00,1.00
2010.05.20 21:32:06.535,1.2219,1.223,1.00,2.00
2010.05.20 21:32:06.691,1.22195,1.2233,1.00,1.00
2010.05.20 21:32:06.853,1.2221,1.22345,1.00,1.00
2010.05.20 21:32:07.308,1.22205,1.22295,1.00,1.00
2010.05.20 21:32:07.467,1.2217,1.22295,1.00,1.00
2010.05.20 21:32:07.617,1.2217,1.22295,1.00,1.00
2010.05.20 21:32:09.678,1.22185,1.2228,1.00,1.00
2010.05.20 21:32:09.798,1.22185,1.223,1.00,1.00
2010.05.20 21:32:11.023,1.2218,1.22275,1.00,1.00
2010.05.20 21:32:11.537,1.22185,1.2227,1.00,1.00
2010.05.20 21:32:12.968,1.2218,1.2225,1.00,1.00
2010.05.20 21:32:13.718,1.2218,1.22255,1.00,1.00
2010.05.20 21:32:14.099,1.2218,1.22255,1.00,1.00
2010.05.20 21:32:14.598,1.2218,1.2221,1.10,2.00
2010.05.20 21:32:14.847,1.2218,1.2227,1.00,2.50
2010.05.20 21:32:15.601,1.2214,1.22225,1.00,2.00
2010.05.20 21:32:15.911,1.2203,1.2224,1.00,2.00
2010.05.20 21:32:16.618,1.2203,1.22215,1.00,2.00
2010.05.20 21:32:16.817,1.2205,1.22215,1.00,2.00
2010.05.20 21:32:17.716,1.22075,1.2221,1.00,1.00
2010.05.20 21:32:18.197,1.2208,1.2221,1.00,1.00
2010.05.20 21:32:18.367,1.22085,1.2221,1.00,1.00
2010.05.20 21:32:18.697,1.22085,1.2221,1.10,1.00
2010.05.20 21:32:19.210,1.22095,1.2223,1.00,1.00
2010.05.20 21:32:20.081,1.2211,1.22245,1.00,1.00
2010.05.20 21:32:20.467,1.2211,1.22245,1.00,1.00
2010.05.20 21:32:21.098,1.22125,1.2224,1.00,1.00
2010.05.20 21:32:21.587,1.22125,1.2224,1.00,1.00
2010.05.20 21:32:22.594,1.2213,1.2224,1.00,1.00
2010.05.20 21:32:23.577,1.22125,1.2224,1.00,1.00
2010.05.20 21:32:23.759,1.2213,1.2224,1.00,1.00
2010.05.20 21:32:23.939,1.2213,1.22235,1.00,1.00
2010.05.20 21:32:24.668,1.22145,1.22245,1.00,1.00
2010.05.20 21:32:24.893,1.22125,1.22245,1.00,1.00
2010.05.20 21:32:25.587,1.22125,1.22245,1.00,1.00
2010.05.20 21:32:27.753,1.2213,1.22245,1.00,1.00
2010.05.20 21:32:27.892,1.22125,1.22245,1.00,1.00
2010.05.20 21:32:28.017,1.22125,1.2224,1.00,1.00
2010.05.20 21:32:29.728,1.22125,1.22235,1.00,1.00
2010.05.20 21:32:29.907,1.22125,1.22235,1.00,1.00
2010.05.20 21:32:30.795,1.22105,1.2222,1.00,1.00
2010.05.20 21:32:31.128,1.22085,1.2221,1.20,1.00
2010.05.20 21:32:31.755,1.22085,1.22205,1.00,1.00
2010.05.20 21:32:32.549,1.2209,1.222,1.00,1.00
2010.05.20 21:32:33.147,1.2209,1.222,1.00,1.00
2010.05.20 21:32:34.671,1.221,1.22225,1.00,1.00
2010.05.20 21:32:35.217,1.22105,1.22225,1.00,1.00
2010.05.20 21:32:35.638,1.22115,1.22225,1.00,1.00
2010.05.20 21:32:36.283,1.22115,1.2223,1.00,1.00
2010.05.20 21:32:37.994,1.22115,1.2223,1.00,1.00
2010.05.20 21:32:38.612,1.22115,1.2224,1.00,1.00
2010.05.20 21:32:39.532,1.22125,1.22245,1.00,1.00
2010.05.20 21:32:39.870,1.22125,1.22245,1.00,1.00
2010.05.20 21:32:41.488,1.2213,1.2225,1.00,1.00
2010.05.20 21:32:42.933,1.2213,1.22255,1.00,2.00
2010.05.20 21:32:44.269,1.2213,1.22255,1.00,1.00
2010.05.20 21:32:45.068,1.2213,1.2226,1.00,1.00
2010.05.20 21:32:45.727,1.2213,1.2226,1.00,1.00
2010.05.20 21:32:46.530,1.22135,1.2226,1.00,1.00
2010.05.20 21:32:50.560,1.22135,1.2226,1.00,1.00
2010.05.20 21:32:53.213,1.2214,1.2228,1.00,1.00
2010.05.20 21:32:53.454,1.2213,1.2225,1.00,1.00
2010.05.20 21:32:53.663,1.2211,1.2225,1.00,1.00
2010.05.20 21:32:53.870,1.22125,1.2227,1.00,1.00
2010.05.20 21:32:54.068,1.2214,1.22275,1.00,1.00
2010.05.20 21:32:54.268,1.2214,1.2229,1.00,1.00
2010.05.20 21:32:55.608,1.22145,1.2228,1.00,1.00
2010.05.20 21:32:55.790,1.22145,1.2229,1.30,1.00
2010.05.20 21:32:55.969,1.22145,1.2229,1.30,1.00
2010.05.20 21:32:56.820,1.22145,1.2229,1.30,1.10
2010.05.20 21:32:57.161,1.22155,1.22295,1.00,1.00
2010.05.20 21:32:57.500,1.22155,1.22305,1.20,1.00
2010.05.20 21:32:58.647,1.2216,1.22305,1.30,1.00
2010.05.20 21:33:00.389,1.22165,1.22305,1.00,1.00
2010.05.20 21:33:00.616,1.22165,1.22305,1.00,1.00
2010.05.20 21:33:00.716,1.22165,1.223,1.00,2.00
2010.05.20 21:33:00.818,1.2216,1.2229,1.30,1.00
2010.05.20 21:33:02.407,1.22165,1.2229,1.00,1.00
2010.05.20 21:33:02.557,1.22165,1.2229,1.00,1.00
2010.05.20 21:33:03.537,1.2216,1.2229,1.30,1.00
2010.05.20 21:33:03.947,1.22165,1.2229,1.00,1.00
2010.05.20 21:33:05.491,1.2216,1.22285,1.00,2.40
2010.05.20 21:33:05.711,1.2216,1.22275,1.00,1.00
2010.05.20 21:33:06.517,1.22165,1.22275,1.00,1.00
2010.05.20 21:33:06.978,1.2216,1.22275,1.00,1.00
2010.05.20 21:33:07.138,1.2217,1.223,1.00,1.00
2010.05.20 21:33:07.297,1.22175,1.223,1.00,1.00
2010.05.20 21:33:07.446,1.2218,1.22315,1.00,1.00
2010.05.20 21:33:08.078,1.22145,1.22295,1.00,1.00
2010.05.20 21:33:10.657,1.22155,1.223,1.00,1.00
2010.05.20 21:33:12.159,1.2216,1.223,1.00,1.00
2010.05.20 21:33:13.529,1.2216,1.2229,1.00,1.00
2010.05.20 21:33:14.067,1.22165,1.223,1.00,1.00
2010.05.20 21:33:15.129,1.22175,1.223,1.00,1.00
2010.05.20 21:33:15.639,1.22165,1.223,1.00,1.00
2010.05.20 21:33:16.343,1.22145,1.2229,1.00,1.00
2010.05.20 21:33:16.733,1.2213,1.2229,1.00,1.00
2010.05.20 21:33:16.949,1.2213,1.2228,1.00,1.00
2010.05.20 21:33:17.377,1.2213,1.2227,1.00,1.00
2010.05.20 21:33:18.689,1.22135,1.2227,1.00,1.00
2010.05.20 21:33:19.387,1.22135,1.2227,1.00,1.00
2010.05.20 21:33:19.827,1.22135,1.2227,1.00,1.00
2010.05.20 21:33:20.537,1.2214,1.2227,1.00,1.00
2010.05.20 21:33:20.668,1.2214,1.2227,1.00,1.00
2010.05.20 21:33:20.808,1.2214,1.22295,1.00,1.60
2010.05.20 21:33:21.427,1.2214,1.2229,1.00,1.00
2010.05.20 21:33:21.567,1.2214,1.22285,1.00,1.00
2010.05.20 21:33:22.757,1.2214,1.2228,1.00,1.00
2010.05.20 21:33:23.079,1.2215,1.223,1.00,1.00
2010.05.20 21:33:23.688,1.2215,1.22285,1.00,1.00
2010.05.20 21:33:23.937,1.2214,1.22285,1.00,1.00
2010.05.20 21:33:35.124,1.22225,1.22315,1.00,1.00
2010.05.20 21:33:35.300,1.22135,1.22325,1.00,1.00
2010.05.20 21:33:35.617,1.22155,1.22335,3.00,1.00
2010.05.20 21:33:35.779,1.22175,1.22355,1.00,1.00
2010.05.20 21:33:36.444,1.2216,1.22335,1.00,1.00
2010.05.20 21:33:36.790,1.2216,1.22325,1.00,2.00
2010.05.20 21:33:37.128,1.22155,1.22305,1.00,1.00
2010.05.20 21:33:37.467,1.2213,1.223,1.00,1.00
2010.05.20 21:33:37.808,1.22165,1.223,1.00,1.00
2010.05.20 21:33:38.538,1.22175,1.2229,1.00,1.00
2010.05.20 21:33:38.759,1.22195,1.2229,1.00,1.00
2010.05.20 21:33:39.482,1.22145,1.22315,1.00,1.20
2010.05.20 21:33:39.698,1.22145,1.22315,1.00,1.00
2010.05.20 21:33:41.930,1.2218,1.2232,1.00,1.00
2010.05.20 21:33:42.467,1.2218,1.2236,1.00,1.00
2010.05.20 21:33:42.611,1.2217,1.22355,1.00,1.00
2010.05.20 21:33:45.441,1.2221,1.22345,1.00,1.00
2010.05.20 21:33:45.592,1.2221,1.22365,1.00,1.00
2010.05.20 21:33:45.907,1.2221,1.22365,1.00,1.10
2010.05.20 21:33:46.246,1.2221,1.22365,1.00,1.00
2010.05.20 21:33:46.536,1.22225,1.22365,1.00,1.00
2010.05.20 21:33:46.678,1.22235,1.22345,1.00,1.00
2010.05.20 21:33:46.817,1.22235,1.2234,1.00,1.00
2010.05.20 21:33:47.198,1.22245,1.22335,1.00,1.00
2010.05.20 21:33:47.917,1.2219,1.2232,1.00,1.00
2010.05.20 21:33:48.051,1.2217,1.2234,1.00,1.00
2010.05.20 21:33:48.187,1.2217,1.2235,1.00,1.00
2010.05.20 21:33:49.556,1.22185,1.22325,1.00,1.00
2010.05.20 21:33:50.137,1.22185,1.22325,1.00,1.00
2010.05.20 21:33:50.317,1.22185,1.22325,1.00,2.50
2010.05.20 21:33:50.992,1.22185,1.2231,1.00,1.00
2010.05.20 21:33:51.166,1.22175,1.223,1.20,1.00
2010.05.20 21:33:51.296,1.22185,1.2232,1.00,2.00
2010.05.20 21:33:51.557,1.22185,1.22335,1.00,1.00
2010.05.20 21:33:56.083,1.22165,1.2231,1.00,1.00
2010.05.20 21:33:57.596,1.2217,1.2232,1.00,2.00
2010.05.20 21:33:57.797,1.2217,1.22335,1.00,1.00
2010.05.20 21:33:58.000,1.22185,1.22335,1.00,1.00
2010.05.20 21:33:59.401,1.2224,1.2233,1.00,1.00
2010.05.20 21:34:00.527,1.22255,1.2235,1.00,1.00
2010.05.20 21:34:02.177,1.22255,1.22355,1.00,1.00
2010.05.20 21:34:02.287,1.22255,1.22355,1.00,1.20
2010.05.20 21:34:03.569,1.22255,1.22355,1.00,1.00
2010.05.20 21:34:04.617,1.22255,1.22355,1.00,1.00
2010.05.20 21:34:05.788,1.22255,1.22365,1.00,2.40
2010.05.20 21:34:06.451,1.22255,1.22355,1.00,1.00
2010.05.20 21:34:07.088,1.22255,1.22365,1.00,1.00
2010.05.20 21:34:07.327,1.22255,1.22355,1.00,1.00
2010.05.20 21:34:07.568,1.22255,1.2233,1.00,1.00
2010.05.20 21:34:08.287,1.22255,1.2234,1.00,1.00
2010.05.20 21:34:09.169,1.22255,1.22315,1.00,1.00
2010.05.20 21:34:09.798,1.22255,1.2238,1.00,1.00
2010.05.20 21:34:10.118,1.22255,1.2234,1.00,1.00
2010.05.20 21:34:10.461,1.22255,1.2228,1.00,1.00
2010.05.20 21:34:11.320,1.22255,1.22315,1.00,1.00
2010.05.20 21:34:12.847,1.22255,1.2236,1.00,1.00
2010.05.20 21:34:14.568,1.22255,1.22335,1.00,1.00
2010.05.20 21:34:15.325,1.22255,1.22335,1.00,2.50
2010.05.20 21:34:15.408,1.22255,1.22325,1.00,1.00
2010.05.20 21:34:15.698,1.22255,1.2231,1.00,1.00
2010.05.20 21:34:20.508,1.22255,1.2235,1.00,1.00
2010.05.20 21:34:20.669,1.22255,1.22325,1.00,1.00
2010.05.20 21:34:22.459,1.22255,1.22355,1.00,1.00
2010.05.20 21:34:22.629,1.22255,1.22315,1.00,1.00
2010.05.20 21:34:24.424,1.22255,1.2232,1.00,1.00
2010.05.20 21:34:24.911,1.22255,1.22355,1.00,1.00
2010.05.20 21:34:25.933,1.22255,1.2235,1.00,1.00
2010.05.20 21:34:26.240,1.22255,1.22305,1.00,2.40
2010.05.20 21:34:26.538,1.22255,1.2229,1.00,1.00
2010.05.20 21:34:26.838,1.22255,1.22275,1.00,1.00
2010.05.20 21:34:28.776,1.22075,1.2224,2.70,1.00
2010.05.20 21:34:28.980,1.22025,1.22205,1.00,2.00
2010.05.20 21:34:29.319,1.22025,1.22215,1.00,2.00
2010.05.20 21:34:32.730,1.2206,1.22195,1.00,1.00
2010.05.20 21:34:33.029,1.2206,1.22185,1.00,1.00
2010.05.20 21:34:33.327,1.2207,1.22185,1.00,1.00
2010.05.20 21:34:34.786,1.22055,1.2218,1.00,1.00
2010.05.20 21:34:34.895,1.22055,1.2217,1.00,1.00
2010.05.20 21:34:36.093,1.2206,1.22155,1.00,1.00
2010.05.20 21:34:38.768,1.2206,1.2217,1.00,1.00
2010.05.20 21:34:39.047,1.2206,1.222,1.00,1.00
2010.05.20 21:34:40.568,1.2206,1.22195,1.00,1.00
2010.05.20 21:34:40.739,1.2208,1.22195,1.00,1.00
2010.05.20 21:34:42.876,1.2209,1.22235,1.00,1.00
2010.05.20 21:34:42.970,1.2209,1.2226,1.00,1.00
2010.05.20 21:34:46.050,1.2208,1.22235,1.00,1.00
2010.05.20 21:34:46.878,1.2209,1.2226,2.00,1.00
2010.05.20 21:34:47.108,1.221,1.22275,1.00,1.00
2010.05.20 21:34:47.338,1.221,1.22265,1.00,1.00
2010.05.20 21:34:47.970,1.221,1.2225,1.00,1.00
2010.05.20 21:34:49.106,1.221,1.2226,1.00,2.50
2010.05.20 21:34:49.328,1.221,1.2224,1.00,1.00
2010.05.20 21:34:49.987,1.22095,1.22235,1.00,2.00
2010.05.20 21:34:50.208,1.22085,1.2222,1.00,2.00
2010.05.20 21:34:51.287,1.22065,1.222,1.00,1.00
2010.05.20 21:34:59.117,1.2207,1.2222,1.00,1.00
2010.05.20 21:35:04.268,1.22075,1.22215,1.00,1.00
2010.05.20 21:35:16.742,1.22075,1.2221,1.00,1.00
2010.05.20 21:35:16.942,1.22075,1.22215,1.00,1.00
2010.05.20 21:35:17.142,1.22075,1.2221,1.00,1.00
2010.05.20 21:35:17.661,1.2207,1.2221,1.00,1.00
2010.05.20 21:35:17.889,1.22065,1.222,1.00,1.00
2010.05.20 21:35:22.429,1.22065,1.22205,1.00,1.00
2010.05.20 21:35:22.639,1.22065,1.22215,1.00,1.00
2010.05.20 21:35:23.804,1.22075,1.22225,1.00,1.00
2010.05.20 21:35:25.578,1.2208,1.22225,1.00,1.00
2010.05.20 21:35:26.378,1.2208,1.22215,1.00,2.00
2010.05.20 21:35:26.598,1.22075,1.22205,1.00,1.00
2010.05.20 21:35:27.255,1.2207,1.22195,1.00,1.00
2010.05.20 21:35:27.499,1.2206,1.2219,1.00,1.00
2010.05.20 21:35:31.546,1.2206,1.22195,1.00,1.00
2010.05.20 21:35:31.633,1.22025,1.22175,1.00,1.00
2010.05.20 21:35:34.047,1.2203,1.22165,1.00,1.00
2010.05.20 21:35:45.817,1.2203,1.22165,1.00,1.00
2010.05.20 21:35:45.898,1.2203,1.2216,1.00,1.00
2010.05.20 21:35:46.067,1.2203,1.2216,1.00,1.00
2010.05.20 21:35:46.409,1.2203,1.2215,1.00,1.00
2010.05.20 21:35:46.749,1.2203,1.22135,1.00,1.00
2010.05.20 21:35:47.761,1.2199,1.2213,1.00,1.00
2010.05.20 21:35:48.478,1.2199,1.2213,1.00,1.00
2010.05.20 21:35:49.409,1.22,1.22105,1.00,1.00
2010.05.20 21:35:50.434,1.22,1.22085,1.00,1.00
2010.05.20 21:35:50.599,1.22,1.22105,1.00,2.50
2010.05.20 21:35:50.791,1.2196,1.22105,1.00,1.00
2010.05.20 21:35:51.168,1.2196,1.2214,1.00,1.00
2010.05.20 21:35:53.643,1.2197,1.2212,1.00,1.00
2010.05.20 21:35:55.543,1.2197,1.2212,1.00,1.00
2010.05.20 21:35:57.567,1.21975,1.2212,1.00,1.00
2010.05.20 21:35:59.733,1.2197,1.2211,1.00,1.00
2010.05.20 21:36:02.049,1.21975,1.2211,1.00,1.00
2010.05.20 21:36:19.197,1.2197,1.22145,1.30,1.00
2010.05.20 21:36:19.516,1.2197,1.22145,1.80,1.00
2010.05.20 21:36:23.006,1.21975,1.2214,1.00,1.00
2010.05.20 21:36:23.127,1.21985,1.2214,1.00,1.00
2010.05.20 21:36:24.598,1.2199,1.2214,1.00,1.00
2010.05.20 21:36:25.522,1.21995,1.2214,1.00,1.00
2010.05.20 21:36:30.029,1.22,1.2214,1.00,1.00
2010.05.20 21:36:30.555,1.22,1.22135,1.00,1.00
2010.05.20 21:36:31.658,1.21995,1.22135,1.00,1.00
2010.05.20 21:36:49.679,1.21985,1.22135,1.00,1.00
2010.05.20 21:36:49.867,1.21985,1.22115,1.00,1.00
2010.05.20 21:36:50.248,1.21985,1.22125,1.00,1.00
2010.05.20 21:36:51.550,1.21985,1.22115,1.00,1.00
2010.05.20 21:36:51.697,1.21985,1.22115,1.00,1.00
2010.05.20 21:36:51.837,1.21985,1.22115,1.00,1.00
2010.05.20 21:36:52.257,1.2199,1.22115,1.00,1.00
2010.05.20 21:36:53.998,1.21985,1.22115,1.00,1.00
2010.05.20 21:36:54.252,1.21985,1.22105,1.00,1.00
2010.05.20 21:36:54.778,1.21985,1.22085,1.00,1.00
2010.05.20 21:36:55.057,1.21985,1.22105,1.00,2.50
2010.05.20 21:36:55.769,1.21985,1.22105,1.00,1.00
2010.05.20 21:36:55.979,1.2199,1.2215,1.00,2.00
2010.05.20 21:36:56.188,1.21985,1.22145,1.00,1.00
2010.05.20 21:36:56.611,1.21985,1.22135,1.00,1.00
2010.05.20 21:36:56.821,1.21985,1.2213,1.00,1.00
2010.05.20 21:36:58.078,1.21985,1.22155,1.00,1.00
2010.05.20 21:36:58.317,1.21985,1.22155,1.00,1.00
2010.05.20 21:36:58.737,1.21985,1.22155,1.30,1.00
2010.05.20 21:36:58.897,1.21995,1.2217,1.00,1.00
2010.05.20 21:36:59.851,1.2205,1.2218,1.00,1.00
2010.05.20 21:37:00.194,1.21975,1.2216,1.00,1.00
2010.05.20 21:37:00.347,1.2197,1.2217,1.00,2.00
2010.05.20 21:37:00.498,1.21985,1.22185,1.00,1.00
2010.05.20 21:37:01.135,1.2197,1.2218,1.00,2.00
2010.05.20 21:37:01.434,1.21985,1.22175,1.50,1.30
2010.05.20 21:37:01.720,1.21995,1.22175,1.00,1.00
2010.05.20 21:37:01.998,1.2201,1.22175,1.00,1.30
2010.05.20 21:37:03.417,1.2202,1.22175,1.00,1.00
2010.05.20 21:37:04.027,1.22025,1.22175,1.00,1.00
2010.05.20 21:37:04.179,1.2202,1.22175,1.00,1.00
2010.05.20 21:37:04.327,1.2202,1.2217,1.00,1.00
2010.05.20 21:37:04.539,1.2203,1.22175,1.00,1.00
2010.05.20 21:37:05.818,1.2199,1.2215,1.00,1.00
2010.05.20 21:37:06.600,1.2199,1.22155,1.00,1.00
2010.05.20 21:37:06.918,1.22,1.22135,1.00,1.00
2010.05.20 21:37:07.077,1.22,1.2215,1.00,1.00
2010.05.20 21:37:07.238,1.22,1.2215,1.00,2.50
2010.05.20 21:37:07.397,1.2199,1.2215,1.00,2.50
2010.05.20 21:37:07.557,1.21995,1.2215,1.00,1.00
2010.05.20 21:37:07.718,1.22,1.22135,1.00,1.00
2010.05.20 21:37:08.365,1.22,1.22145,1.00,2.00
2010.05.20 21:37:08.651,1.2199,1.2215,1.00,1.00
2010.05.20 21:37:08.993,1.2199,1.2214,1.00,2.00
2010.05.20 21:37:09.369,1.2199,1.2214,1.00,2.00
2010.05.20 21:37:09.557,1.2199,1.2213,1.00,1.00
2010.05.20 21:37:13.197,1.22,1.2213,1.00,1.00
2010.05.20 21:37:13.859,1.22,1.2215,1.00,1.00
2010.05.20 21:37:14.067,1.22,1.22135,1.00,1.00
2010.05.20 21:37:14.279,1.22,1.2215,1.00,1.00
2010.05.20 21:37:14.988,1.2199,1.22145,1.00,2.00
2010.05.20 21:37:15.320,1.22,1.22145,1.00,1.00
2010.05.20 21:37:15.652,1.22,1.22135,1.00,1.00
2010.05.20 21:37:15.888,1.22,1.2215,1.00,1.00
2010.05.20 21:37:16.129,1.22,1.22135,1.00,1.00
2010.05.20 21:37:16.368,1.22,1.2215,1.00,1.00
2010.05.20 21:37:16.611,1.2199,1.22145,1.00,2.00
2010.05.20 21:37:18.181,1.22,1.22125,1.00,1.00
2010.05.20 21:37:18.348,1.22,1.22155,1.00,1.00
2010.05.20 21:37:18.517,1.22,1.2214,1.00,1.00
2010.05.20 21:37:18.687,1.22,1.2215,1.00,2.00
2010.05.20 21:37:18.858,1.22,1.22155,1.00,1.00
2010.05.20 21:37:19.028,1.22,1.2214,1.00,1.00
2010.05.20 21:37:19.777,1.22,1.2215,1.00,1.00
2010.05.20 21:37:20.122,1.22,1.22135,1.00,1.00
2010.05.20 21:37:20.308,1.22,1.2215,1.00,1.00
2010.05.20 21:37:20.411,1.22005,1.2215,1.00,1.00
2010.05.20 21:37:21.098,1.2201,1.22205,1.00,1.10
2010.05.20 21:37:21.443,1.2203,1.2223,1.00,1.00
2010.05.20 21:37:21.779,1.22015,1.2221,1.00,2.50
2010.05.20 21:37:22.120,1.21995,1.22175,1.00,1.00
2010.05.20 21:37:23.439,1.2201,1.2217,1.00,1.00
2010.05.20 21:37:23.596,1.2199,1.2217,1.00,1.00
2010.05.20 21:37:30.246,1.2199,1.2217,1.20,1.00
2010.05.20 21:37:30.349,1.2199,1.2217,1.00,1.00
2010.05.20 21:37:31.726,1.22,1.2217,2.00,1.00
2010.05.20 21:37:31.807,1.2201,1.2219,1.00,1.00
2010.05.20 21:37:32.259,1.22005,1.2216,1.00,1.00
2010.05.20 21:37:32.861,1.21945,1.2216,1.00,1.00
2010.05.20 21:37:33.141,1.21955,1.22165,1.00,1.00
2010.05.20 21:37:33.423,1.21945,1.22145,1.00,1.00
2010.05.20 21:37:34.494,1.21975,1.22145,1.00,1.00
2010.05.20 21:37:34.848,1.21975,1.2215,1.00,1.00
2010.05.20 21:37:35.737,1.2199,1.22155,1.00,1.00
2010.05.20 21:37:40.172,1.2199,1.2215,1.00,1.00
2010.05.20 21:37:40.647,1.22005,1.2215,1.00,1.00
2010.05.20 21:37:43.491,1.22015,1.2215,1.00,1.00
2010.05.20 21:37:43.860,1.22025,1.2215,1.00,1.00
2010.05.20 21:37:44.008,1.22025,1.2216,1.00,1.00
2010.05.20 21:37:48.879,1.2201,1.2216,1.00,1.00
2010.05.20 21:37:50.399,1.2202,1.2216,1.00,1.00
2010.05.20 21:37:53.975,1.22015,1.2216,1.00,1.00
2010.05.20 21:37:54.067,1.22015,1.2216,1.00,1.00
2010.05.20 21:37:54.249,1.22015,1.22155,1.00,1.00
2010.05.20 21:38:00.076,1.22005,1.22155,1.00,1.00
2010.05.20 21:38:00.338,1.22,1.22155,2.00,1.00
2010.05.20 21:38:00.418,1.22,1.22155,2.50,1.00
2010.05.20 21:38:01.028,1.22,1.22155,1.00,1.00
2010.05.20 21:38:01.525,1.22015,1.22155,1.00,1.00
2010.05.20 21:38:03.490,1.22025,1.22155,1.00,1.00
2010.05.20 21:38:03.677,1.22025,1.22155,1.00,1.00
2010.05.20 21:38:04.317,1.22025,1.2216,1.00,1.00
2010.05.20 21:38:04.843,1.22025,1.2216,1.00,1.00
2010.05.20 21:38:09.317,1.2203,1.2216,1.00,1.00
2010.05.20 21:38:09.468,1.2203,1.22165,1.00,1.00
2010.05.20 21:38:09.618,1.22035,1.22175,1.00,1.00
2010.05.20 21:38:09.768,1.2206,1.22175,1.00,1.00
2010.05.20 21:38:10.193,1.2206,1.2215,1.00,1.00
2010.05.20 21:38:10.340,1.22015,1.2215,1.00,1.00
2010.05.20 21:38:11.298,1.22015,1.22165,1.00,1.00
2010.05.20 21:38:12.057,1.2203,1.2217,1.00,1.00
2010.05.20 21:38:12.157,1.2204,1.2217,1.00,1.00
2010.05.20 21:38:12.779,1.2203,1.22165,1.00,1.00
2010.05.20 21:38:13.009,1.21995,1.2216,1.00,1.00
2010.05.20 21:38:13.238,1.21995,1.2216,1.00,1.00
2010.05.20 21:38:13.798,1.21985,1.2216,1.00,1.00
2010.05.20 21:38:14.039,1.22005,1.2216,1.00,1.00
2010.05.20 21:38:16.147,1.21995,1.22155,1.00,1.00
2010.05.20 21:38:17.987,1.22005,1.22155,1.00,1.00
2010.05.20 21:38:18.408,1.21995,1.22155,1.00,1.00
2010.05.20 21:38:18.726,1.2199,1.22155,1.00,1.00
2010.05.20 21:38:19.511,1.2201,1.22155,1.00,1.00
2010.05.20 21:38:21.138,1.22025,1.22155,1.00,1.00
2010.05.20 21:38:24.523,1.2203,1.22155,1.00,1.00
2010.05.20 21:38:25.484,1.22035,1.22155,1.00,1.00
2010.05.20 21:38:34.385,1.22035,1.2216,1.00,1.00
2010.05.20 21:38:38.625,1.2198,1.2216,1.00,1.00
2010.05.20 21:38:38.960,1.21975,1.2215,1.00,1.00
2010.05.20 21:38:39.069,1.2197,1.2215,1.00,1.00
2010.05.20 21:38:50.396,1.2198,1.2215,1.00,1.00
2010.05.20 21:38:52.088,1.2198,1.2215,2.50,1.00
2010.05.20 21:38:52.797,1.2199,1.2215,1.00,1.00
2010.05.20 21:38:55.951,1.22015,1.2216,1.00,1.00
2010.05.20 21:38:56.009,1.22015,1.22165,1.00,1.00
2010.05.20 21:38:56.786,1.22005,1.22155,1.00,1.00
2010.05.20 21:38:56.968,1.22005,1.22155,1.00,1.00
2010.05.20 21:39:01.366,1.2201,1.22155,1.00,1.00
2010.05.20 21:39:04.261,1.2201,1.2215,1.00,1.00
2010.05.20 21:39:18.778,1.22035,1.2215,2.00,1.00
2010.05.20 21:39:18.960,1.22045,1.22185,1.00,1.20
2010.05.20 21:39:19.226,1.22035,1.22185,1.30,1.00
2010.05.20 21:39:19.407,1.22035,1.22195,1.00,1.00
2010.05.20 21:39:20.718,1.2206,1.22185,1.00,1.00
2010.05.20 21:39:20.808,1.22055,1.22185,1.00,1.00
2010.05.20 21:39:22.718,1.22075,1.22185,1.00,1.00
2010.05.20 21:39:23.768,1.2208,1.22185,1.00,1.00
2010.05.20 21:39:34.058,1.2208,1.2218,1.00,1.00
2010.05.20 21:39:52.486,1.22045,1.2218,1.00,1.00
2010.05.20 21:39:52.578,1.22035,1.2218,1.00,1.00
2010.05.20 21:39:53.253,1.22025,1.2217,1.00,1.00
2010.05.20 21:39:53.438,1.2202,1.2217,1.00,1.00
2010.05.20 21:40:01.046,1.2203,1.22165,1.00,1.00
2010.05.20 21:40:12.682,1.2204,1.22165,1.00,1.00
2010.05.20 21:40:14.249,1.22045,1.2217,1.00,1.20
2010.05.20 21:40:14.488,1.22045,1.2217,1.00,1.00
2010.05.20 21:40:15.548,1.22045,1.2217,1.00,1.00
2010.05.20 21:40:34.508,1.2205,1.2217,1.00,1.00
2010.05.20 21:40:35.561,1.22045,1.2217,1.00,1.00
2010.05.20 21:40:40.529,1.2205,1.2217,1.00,1.10
2010.05.20 21:40:41.326,1.2206,1.2218,1.00,1.00
2010.05.20 21:40:42.560,1.2206,1.2218,1.00,1.00
2010.05.20 21:40:43.640,1.2206,1.2218,1.00,1.00
2010.05.20 21:40:44.348,1.2206,1.2218,1.00,1.00
2010.05.20 21:40:44.616,1.2206,1.2218,1.00,1.00
2010.05.20 21:40:45.189,1.2204,1.2217,1.00,1.00
2010.05.20 21:40:47.105,1.2205,1.2217,1.00,1.00
2010.05.20 21:40:47.204,1.22045,1.22165,1.00,1.00
2010.05.20 21:40:47.412,1.22045,1.22165,1.00,1.00
2010.05.20 21:40:48.767,1.22045,1.22165,1.00,1.00
2010.05.20 21:40:50.005,1.22045,1.22165,1.00,1.00
2010.05.20 21:40:50.207,1.22045,1.22165,1.00,1.00
2010.05.20 21:40:50.477,1.22045,1.22165,1.00,1.00
2010.05.20 21:41:06.117,1.22045,1.22165,1.00,1.00
2010.05.20 21:41:09.400,1.22045,1.22175,1.00,1.00
2010.05.20 21:41:10.348,1.22025,1.22165,1.00,1.00
2010.05.20 21:41:10.479,1.22025,1.22165,1.00,1.00
2010.05.20 21:41:42.144,1.2201,1.2216,1.00,1.00
2010.05.20 21:41:44.265,1.22015,1.22155,1.00,1.00
2010.05.20 21:42:24.528,1.2202,1.22155,1.00,1.00
2010.05.20 21:42:25.293,1.22015,1.2215,1.00,1.00
2010.05.20 21:42:35.797,1.22015,1.2215,1.00,1.00
2010.05.20 21:42:36.090,1.22015,1.2216,1.00,1.00
2010.05.20 21:42:51.107,1.22015,1.2216,1.00,1.00
2010.05.20 21:43:28.401,1.2202,1.2216,1.00,1.00
2010.05.20 21:43:30.990,1.22015,1.2216,1.00,1.00
2010.05.20 21:43:34.074,1.22015,1.22155,1.00,1.00
2010.05.20 21:43:37.676,1.22015,1.2215,1.00,1.00
2010.05.20 21:43:58.170,1.22025,1.22145,1.10,1.00
2010.05.20 21:43:58.250,1.22025,1.22145,1.10,2.00
2010.05.20 21:44:00.450,1.21985,1.22125,2.70,2.00
2010.05.20 21:44:00.617,1.21985,1.22125,2.70,2.60
2010.05.20 21:44:00.778,1.2198,1.22115,2.70,1.00
2010.05.20 21:44:01.688,1.21985,1.221,2.70,1.00
2010.05.20 21:44:07.038,1.21985,1.221,1.10,2.00
2010.05.20 21:44:07.119,1.2198,1.22095,2.70,1.00
2010.05.20 21:44:10.267,1.21985,1.22095,1.60,1.00
2010.05.20 21:44:10.538,1.2199,1.22105,1.10,2.00
2010.05.20 21:44:13.089,1.2199,1.221,1.10,1.60
2010.05.20 21:44:13.211,1.21985,1.221,1.10,2.00
2010.05.20 21:44:13.329,1.21975,1.2209,2.70,1.00
2010.05.20 21:44:14.167,1.2194,1.22075,1.10,2.00
2010.05.20 21:44:14.520,1.21945,1.2208,1.10,1.60
2010.05.20 21:44:14.648,1.21945,1.22085,1.10,2.00
2010.05.20 21:44:14.887,1.21945,1.22085,2.70,2.00
2010.05.20 21:44:16.768,1.2195,1.22065,2.70,1.00
2010.05.20 21:44:17.018,1.2195,1.22065,2.70,2.40
2010.05.20 21:44:17.138,1.21925,1.22045,1.00,1.00
2010.05.20 21:44:17.780,1.2191,1.22035,1.00,2.00
2010.05.20 21:44:19.078,1.21915,1.2203,1.00,2.00
2010.05.20 21:44:21.288,1.2191,1.2203,2.70,2.00
2010.05.20 21:44:22.794,1.2191,1.22015,1.60,1.00
2010.05.20 21:44:22.860,1.21885,1.22015,1.10,2.00
2010.05.20 21:44:27.299,1.21895,1.2201,1.10,2.00
2010.05.20 21:44:28.174,1.21895,1.2202,1.70,1.00
2010.05.20 21:44:28.370,1.21895,1.22015,1.10,2.00
2010.05.20 21:44:30.390,1.21895,1.2201,1.10,2.00
2010.05.20 21:44:32.206,1.21895,1.22,1.10,2.00
2010.05.20 21:44:32.327,1.2183,1.22,1.00,2.00
2010.05.20 21:44:32.448,1.21825,1.22,1.00,2.00
2010.05.20 21:44:33.104,1.2181,1.2198,2.70,1.00
2010.05.20 21:44:35.328,1.21825,1.21965,1.10,1.00
2010.05.20 21:44:35.397,1.21815,1.21965,2.70,1.00
2010.05.20 21:44:36.210,1.21815,1.21945,2.70,1.00
2010.05.20 21:44:36.281,1.21795,1.21945,2.70,1.00
2010.05.20 21:44:37.088,1.218,1.21975,1.00,1.00
2010.05.20 21:44:37.428,1.21805,1.21965,1.00,2.00
2010.05.20 21:44:37.600,1.218,1.21945,2.70,1.00
2010.05.20 21:44:37.779,1.2181,1.2197,1.00,1.00
2010.05.20 21:44:37.958,1.21805,1.21945,1.00,1.00
2010.05.20 21:44:38.127,1.2174,1.21945,1.00,1.00
2010.05.20 21:44:38.927,1.2174,1.21915,1.00,1.00
2010.05.20 21:44:39.346,1.21755,1.2189,1.00,1.00
2010.05.20 21:44:40.107,1.21755,1.2186,1.00,1.00
2010.05.20 21:44:40.446,1.21755,1.2183,1.00,1.00
2010.05.20 21:44:41.293,1.2175,1.2195,2.00,2.00
2010.05.20 21:44:41.447,1.2175,1.21935,2.00,2.00
2010.05.20 21:44:41.597,1.21715,1.21935,2.00,2.00
2010.05.20 21:44:41.746,1.21695,1.21805,4.00,1.00
2010.05.20 21:44:42.047,1.21735,1.21935,4.00,1.60
2010.05.20 21:44:42.197,1.21735,1.21935,4.00,1.00
2010.05.20 21:44:42.537,1.2168,1.2194,4.00,1.00
2010.05.20 21:44:43.402,1.21785,1.21895,1.00,1.00
2010.05.20 21:44:43.601,1.21785,1.21915,1.00,1.00
2010.05.20 21:44:43.798,1.21685,1.21705,19.00,2.00
2010.05.20 21:44:43.997,1.2144,1.2172,1.10,2.00
2010.05.20 21:44:45.018,1.21485,1.2166,1.10,2.00
2010.05.20 21:44:45.327,1.21475,1.2165,2.70,2.00
2010.05.20 21:44:46.001,1.21495,1.217,1.10,10.80
2010.05.20 21:44:46.164,1.2158,1.2177,2.00,1.00
2010.05.20 21:44:46.329,1.21685,1.2177,4.00,1.00
2010.05.20 21:44:46.767,1.21685,1.2186,4.00,2.00
2010.05.20 21:44:47.050,1.214,1.21655,1.10,2.00
2010.05.20 21:44:47.335,1.214,1.21595,1.00,2.00
2010.05.20 21:44:47.610,1.214,1.2157,1.00,2.00
2010.05.20 21:44:48.390,1.2135,1.2151,1.00,1.00
2010.05.20 21:44:48.581,1.2135,1.215,1.00,1.00
2010.05.20 21:44:48.948,1.21415,1.215,1.00,1.00
2010.05.20 21:44:49.128,1.21415,1.215,1.00,1.00
2010.05.20 21:44:49.309,1.21415,1.2158,1.00,2.40
2010.05.20 21:44:49.498,1.21435,1.21535,1.00,1.00
2010.05.20 21:44:50.179,1.2144,1.21635,1.00,1.00
2010.05.20 21:44:50.827,1.21405,1.2162,8.80,2.00
2010.05.20 21:44:51.338,1.2138,1.21575,1.10,1.00
2010.05.20 21:44:51.502,1.214,1.2161,1.60,2.00
2010.05.20 21:44:51.662,1.214,1.2161,2.70,2.00
2010.05.20 21:44:51.819,1.214,1.2162,2.70,2.00
2010.05.20 21:44:52.157,1.21405,1.2162,2.70,2.00
2010.05.20 21:44:52.498,1.21415,1.216,3.30,2.00
2010.05.20 21:44:53.425,1.21425,1.21585,1.60,1.00
2010.05.20 21:44:53.594,1.2143,1.21585,1.10,1.00
2010.05.20 21:44:54.461,1.21445,1.2158,1.00,2.00
2010.05.20 21:44:54.791,1.21465,1.2164,1.60,1.00
2010.05.20 21:44:55.120,1.21465,1.21625,2.70,1.00
2010.05.20 21:44:56.109,1.2147,1.2161,2.70,1.00
2010.05.20 21:44:56.790,1.2149,1.2167,2.70,1.00
2010.05.20 21:44:57.399,1.2149,1.2166,2.70,1.00
2010.05.20 21:44:58.371,1.21515,1.21665,1.10,1.00
2010.05.20 21:45:00.148,1.215,1.2165,2.70,1.00
2010.05.20 21:45:00.488,1.21515,1.2165,2.70,1.00
2010.05.20 21:45:01.120,1.2154,1.2168,2.70,2.00
2010.05.20 21:45:01.914,1.21585,1.21715,1.00,2.00
2010.05.20 21:45:02.165,1.21535,1.21715,2.70,2.00
2010.05.20 21:45:02.409,1.2157,1.2172,1.00,2.00
2010.05.20 21:45:02.849,1.2157,1.2172,1.00,1.60
2010.05.20 21:45:03.089,1.2157,1.2172,1.00,1.00
2010.05.20 21:45:03.964,1.2162,1.2174,1.00,2.00
2010.05.20 21:45:04.308,1.2162,1.2174,1.00,2.00
2010.05.20 21:45:05.428,1.21635,1.2174,1.00,1.00
2010.05.20 21:45:05.927,1.21595,1.2174,1.00,1.00
2010.05.20 21:45:06.201,1.21475,1.21665,1.00,1.00
2010.05.20 21:45:06.472,1.21505,1.21665,1.00,1.00
2010.05.20 21:45:07.088,1.21555,1.21665,1.00,1.00
2010.05.20 21:45:07.398,1.21575,1.21645,1.00,1.00
2010.05.20 21:45:08.251,1.21455,1.21635,2.70,1.00
2010.05.20 21:45:08.588,1.21455,1.2165,2.70,1.20
2010.05.20 21:45:09.057,1.21455,1.21645,2.70,1.00
2010.05.20 21:45:09.359,1.2148,1.21605,1.10,1.00
2010.05.20 21:45:10.342,1.2147,1.21605,1.10,1.00
2010.05.20 21:45:10.690,1.21475,1.2159,1.10,1.00
2010.05.20 21:45:10.908,1.2148,1.2161,2.70,1.00
2010.05.20 21:45:11.128,1.2149,1.2159,1.10,1.00
2010.05.20 21:45:11.349,1.21475,1.21595,2.70,1.00
2010.05.20 21:45:11.459,1.21475,1.2161,1.60,1.00
2010.05.20 21:45:12.063,1.2146,1.2159,2.70,1.00
2010.05.20 21:45:12.181,1.21475,1.21605,2.70,1.00
2010.05.20 21:45:12.517,1.2147,1.21615,2.70,1.00
2010.05.20 21:45:14.040,1.2143,1.21605,1.00,1.00
2010.05.20 21:45:14.402,1.21395,1.2154,1.10,1.00
2010.05.20 21:45:14.570,1.21395,1.2157,1.10,1.00
2010.05.20 21:45:14.737,1.21395,1.2155,1.10,1.00
2010.05.20 21:45:16.329,1.21425,1.2159,1.60,1.00
2010.05.20 21:45:16.669,1.2143,1.2159,1.10,1.00
2010.05.20 21:45:17.077,1.21395,1.21545,1.10,1.00
2010.05.20 21:45:17.278,1.2141,1.21545,1.10,1.00
2010.05.20 21:45:17.478,1.21405,1.2155,2.70,1.00
2010.05.20 21:45:17.679,1.21415,1.21575,2.70,1.10
2010.05.20 21:45:17.888,1.2141,1.21575,2.70,1.00
2010.05.20 21:45:18.759,1.214,1.21535,2.70,1.00
2010.05.20 21:45:18.952,1.21385,1.21535,1.10,1.00
2010.05.20 21:45:19.138,1.21385,1.2154,1.10,1.00
2010.05.20 21:45:19.328,1.21385,1.2156,1.10,2.00
2010.05.20 21:45:20.239,1.2141,1.2156,1.00,2.00
2010.05.20 21:45:20.578,1.21405,1.2156,1.00,2.00
2010.05.20 21:45:21.426,1.2138,1.21515,2.70,1.00
2010.05.20 21:45:21.572,1.21365,1.21535,1.10,1.00
2010.05.20 21:45:21.850,1.21355,1.2151,2.70,1.00
2010.05.20 21:45:22.128,1.2135,1.2151,2.70,1.00
2010.05.20 21:45:23.307,1.2138,1.2157,1.00,2.00
2010.05.20 21:45:23.487,1.21415,1.2157,1.00,2.00
2010.05.20 21:45:23.668,1.21415,1.2156,1.00,1.00
2010.05.20 21:45:27.808,1.2143,1.216,3.30,2.00
2010.05.20 21:45:27.927,1.21445,1.216,1.00,2.00
2010.05.20 21:45:28.168,1.2142,1.2157,3.10,2.00
2010.05.20 21:45:28.719,1.2143,1.2157,1.00,2.00
2010.05.20 21:45:28.851,1.21445,1.21595,1.00,2.00
2010.05.20 21:45:29.189,1.21465,1.21595,1.00,2.00
2010.05.20 21:45:30.098,1.21455,1.21585,1.00,2.00
2010.05.20 21:45:30.695,1.21445,1.2157,2.70,1.00
2010.05.20 21:45:31.044,1.2146,1.21585,1.10,1.00
2010.05.20 21:45:32.239,1.21465,1.2158,1.10,1.00
2010.05.20 21:45:32.419,1.21465,1.2158,1.10,2.00
2010.05.20 21:45:32.599,1.21465,1.21575,1.10,1.00
2010.05.20 21:45:34.059,1.2146,1.21575,1.10,1.00
2010.05.20 21:45:34.871,1.2146,1.2157,1.10,1.00
2010.05.20 21:45:35.086,1.214,1.21545,1.10,1.00
2010.05.20 21:45:35.906,1.21385,1.21555,2.70,2.00
2010.05.20 21:45:36.212,1.214,1.21535,1.10,2.00
2010.05.20 21:45:36.509,1.2139,1.21525,2.70,1.00
2010.05.20 21:45:38.372,1.2138,1.2151,2.70,1.00
2010.05.20 21:45:38.637,1.2138,1.2153,2.70,1.00
2010.05.20 21:45:38.767,1.2138,1.21515,2.70,1.00
2010.05.20 21:45:41.351,1.21375,1.21505,2.70,1.00
2010.05.20 21:45:41.881,1.2138,1.21505,2.70,1.00
2010.05.20 21:45:42.079,1.2138,1.21515,2.70,1.00
2010.05.20 21:45:42.685,1.2138,1.21515,1.10,2.40
2010.05.20 21:45:43.022,1.21375,1.21505,1.60,1.00
2010.05.20 21:45:43.358,1.2138,1.21515,1.10,1.00
2010.05.20 21:45:43.690,1.2137,1.21505,1.10,1.00
2010.05.20 21:45:44.437,1.2136,1.21505,2.70,1.00
2010.05.20 21:45:45.699,1.2137,1.215,1.10,1.00
2010.05.20 21:45:45.820,1.2137,1.2151,1.10,1.00
2010.05.20 21:45:45.938,1.21365,1.21505,1.10,1.00
2010.05.20 21:45:46.418,1.21365,1.2151,1.10,1.00
2010.05.20 21:45:47.039,1.21375,1.2151,2.70,1.00
2010.05.20 21:45:47.719,1.21385,1.2151,1.10,1.00
2010.05.20 21:45:50.757,1.21385,1.215,1.10,2.00
2010.05.20 21:45:51.519,1.2139,1.21505,2.70,1.00
2010.05.20 21:45:51.878,1.21385,1.215,1.10,2.00
2010.05.20 21:45:52.560,1.214,1.21535,1.10,2.00
2010.05.20 21:45:58.739,1.21425,1.21525,1.60,1.00
2010.05.20 21:45:58.829,1.2143,1.21565,1.10,1.00
2010.05.20 21:45:59.008,1.2142,1.21555,2.70,1.00
2010.05.20 21:45:59.188,1.21445,1.2156,1.10,1.60
2010.05.20 21:45:59.277,1.21445,1.21575,2.70,1.00
2010.05.20 21:45:59.367,1.21445,1.21585,2.70,2.00
2010.05.20 21:45:59.928,1.21455,1.2158,2.70,1.00
2010.05.20 21:46:00.260,1.21465,1.2157,2.70,1.00
2010.05.20 21:46:01.969,1.21465,1.2156,1.10,1.00
2010.05.20 21:46:02.098,1.21425,1.2156,1.10,1.00
2010.05.20 21:46:02.705,1.21425,1.21565,1.10,1.10
2010.05.20 21:46:03.039,1.21425,1.2156,1.10,1.00
2010.05.20 21:46:04.543,1.21445,1.21565,1.10,2.00
2010.05.20 21:46:11.918,1.2143,1.2156,1.10,2.00
2010.05.20 21:46:12.101,1.2143,1.2156,1.10,2.60
2010.05.20 21:46:12.707,1.21425,1.21545,1.60,1.00
2010.05.20 21:46:13.222,1.2143,1.21535,1.60,1.00
2010.05.20 21:46:13.561,1.21405,1.21545,2.70,2.00
2010.05.20 21:46:15.398,1.21425,1.21565,2.70,2.00
2010.05.20 21:46:16.378,1.2142,1.21545,1.00,2.00
2010.05.20 21:46:16.538,1.2142,1.21545,3.40,2.00
2010.05.20 21:46:17.265,1.2142,1.21545,2.70,2.00
2010.05.20 21:46:18.008,1.215,1.2154,1.00,2.00
2010.05.20 21:46:18.248,1.215,1.2169,1.00,1.00
2010.05.20 21:46:20.719,1.21525,1.2167,1.00,2.00
2010.05.20 21:46:21.288,1.2153,1.2167,1.00,2.00
2010.05.20 21:46:21.670,1.21535,1.2167,1.00,2.00
2010.05.20 21:46:22.890,1.2141,1.21625,1.00,2.00
2010.05.20 21:46:24.197,1.21435,1.2161,1.00,2.00
2010.05.20 21:46:24.337,1.21435,1.2161,1.00,2.00
2010.05.20 21:46:25.419,1.21435,1.2161,2.90,2.00
2010.05.20 21:46:25.597,1.21445,1.2161,1.00,2.00
2010.05.20 21:46:25.777,1.21505,1.2168,1.00,1.10
2010.05.20 21:46:25.958,1.21505,1.2168,1.00,1.00
2010.05.20 21:46:27.393,1.2152,1.2166,1.00,1.00
2010.05.20 21:46:27.571,1.21515,1.2166,1.00,1.00
2010.05.20 21:46:30.119,1.2149,1.21625,1.00,1.00
2010.05.20 21:46:30.287,1.2147,1.2162,1.00,1.00
2010.05.20 21:46:30.448,1.2146,1.21625,1.00,1.00
2010.05.20 21:46:30.608,1.21475,1.21645,1.00,2.00
2010.05.20 21:46:30.839,1.21475,1.2163,1.00,2.00
2010.05.20 21:46:31.716,1.21415,1.21595,2.70,2.00
2010.05.20 21:46:31.860,1.2142,1.21595,1.00,2.00
2010.05.20 21:46:31.998,1.2142,1.216,1.00,2.00
2010.05.20 21:46:32.137,1.2142,1.216,1.20,2.00
2010.05.20 21:46:32.453,1.2142,1.216,1.00,2.00
2010.05.20 21:46:32.867,1.21435,1.2159,1.10,2.00
2010.05.20 21:46:33.930,1.21435,1.21585,1.00,2.00
2010.05.20 21:46:34.081,1.2143,1.21585,2.70,2.00
2010.05.20 21:46:34.229,1.21455,1.21605,1.00,1.00
2010.05.20 21:46:37.994,1.21465,1.216,1.00,1.00
2010.05.20 21:46:38.507,1.21465,1.216,1.00,1.00
2010.05.20 21:46:40.848,1.2147,1.21595,2.70,2.00
2010.05.20 21:46:47.593,1.2147,1.21585,2.70,2.00
2010.05.20 21:46:48.259,1.21435,1.21575,1.10,2.60
2010.05.20 21:46:50.090,1.21455,1.2157,1.10,2.00
2010.05.20 21:46:50.290,1.2142,1.21555,2.70,1.00
2010.05.20 21:46:53.648,1.2141,1.21535,2.70,1.00
2010.05.20 21:46:55.587,1.2141,1.21525,1.10,2.00
2010.05.20 21:46:57.260,1.21405,1.21515,1.00,1.00
2010.05.20 21:46:57.428,1.21415,1.21545,1.10,2.00
2010.05.20 21:46:58.063,1.214,1.21535,2.70,2.00
2010.05.20 21:46:58.821,1.21385,1.2151,2.70,1.00
2010.05.20 21:47:01.149,1.21385,1.215,1.10,2.00
2010.05.20 21:47:02.579,1.2139,1.215,1.70,1.60
2010.05.20 21:47:02.758,1.2139,1.21535,1.70,1.00
2010.05.20 21:47:03.119,1.21395,1.21535,1.00,1.00
2010.05.20 21:47:03.618,1.21395,1.21535,3.30,1.00
2010.05.20 21:47:05.117,1.214,1.21525,2.70,1.00
2010.05.20 21:47:05.568,1.2141,1.21535,2.70,2.00
2010.05.20 21:47:06.168,1.2141,1.2153,2.70,1.00
2010.05.20 21:47:07.800,1.21415,1.2153,2.70,1.00
2010.05.20 21:47:07.960,1.21415,1.21525,1.60,1.00
2010.05.20 21:47:08.301,1.2141,1.21525,2.70,1.00
2010.05.20 21:47:10.209,1.214,1.21515,2.70,1.00
2010.05.20 21:47:10.380,1.21395,1.21505,1.00,1.00
2010.05.20 21:47:12.409,1.214,1.21525,2.70,1.60
2010.05.20 21:47:12.602,1.214,1.2153,2.70,1.00
2010.05.20 21:47:16.821,1.21405,1.21525,1.10,1.00
2010.05.20 21:47:22.929,1.214,1.21515,2.70,1.00
2010.05.20 21:47:24.396,1.21395,1.2151,2.70,1.00
2010.05.20 21:47:24.800,1.2139,1.21505,2.70,1.00
2010.05.20 21:47:25.200,1.2139,1.2151,2.70,1.00
2010.05.20 21:47:25.539,1.214,1.21515,1.10,2.00
2010.05.20 21:47:27.135,1.2136,1.2151,1.00,2.00
2010.05.20 21:47:27.214,1.21345,1.21505,1.10,1.00
2010.05.20 21:47:27.468,1.21345,1.21505,1.10,1.30
2010.05.20 21:47:27.718,1.21345,1.215,1.10,1.00
2010.05.20 21:47:28.718,1.21355,1.21495,1.10,1.00
2010.05.20 21:47:30.487,1.2136,1.21495,2.70,1.00
2010.05.20 21:47:30.708,1.2136,1.21485,2.70,1.00
2010.05.20 21:47:30.879,1.21355,1.21485,1.10,1.00
2010.05.20 21:47:31.460,1.21355,1.2149,1.10,1.00
2010.05.20 21:47:31.633,1.2137,1.21505,1.10,2.00
2010.05.20 21:47:32.179,1.21365,1.21475,1.60,1.00
2010.05.20 21:47:32.369,1.2133,1.21475,1.10,1.00
2010.05.20 21:47:32.559,1.21355,1.21495,1.10,2.00
2010.05.20 21:47:32.750,1.21365,1.2153,3.30,1.00
2010.05.20 21:47:33.458,1.21365,1.21525,3.30,2.00
2010.05.20 21:47:33.806,1.2138,1.21515,2.70,2.00
2010.05.20 21:47:35.328,1.21375,1.215,2.70,1.00
2010.05.20 21:47:35.748,1.21375,1.215,2.70,1.00
2010.05.20 21:47:35.958,1.21375,1.215,2.70,1.00
2010.05.20 21:47:36.847,1.2138,1.21495,2.70,1.00
2010.05.20 21:47:37.088,1.2138,1.215,2.70,1.60
2010.05.20 21:47:37.208,1.2138,1.21505,2.70,2.00
2010.05.20 21:47:39.123,1.2138,1.21515,2.70,2.00
2010.05.20 21:47:43.228,1.21445,1.21515,1.00,2.00
2010.05.20 21:47:43.814,1.21445,1.2159,1.00,1.00
2010.05.20 21:47:43.981,1.21425,1.216,1.00,1.00
2010.05.20 21:47:45.978,1.21445,1.21595,1.10,1.00
2010.05.20 21:47:46.260,1.21435,1.2153,1.00,1.00
2010.05.20 21:47:46.377,1.21435,1.21525,1.00,1.00
2010.05.20 21:47:47.096,1.21445,1.2153,1.00,1.00
2010.05.20 21:47:47.209,1.2146,1.21615,1.00,2.00
2010.05.20 21:47:47.398,1.2143,1.21615,1.00,2.00
2010.05.20 21:47:47.578,1.2138,1.21615,3.20,2.00
2010.05.20 21:47:47.758,1.2139,1.2161,3.30,2.00
2010.05.20 21:47:47.938,1.2139,1.2161,1.00,2.00
2010.05.20 21:47:48.118,1.21385,1.216,2.70,1.00
2010.05.20 21:47:48.458,1.2139,1.21585,3.50,2.80
2010.05.20 21:47:48.798,1.21405,1.21555,2.70,1.00
2010.05.20 21:47:49.656,1.21395,1.21555,1.70,1.00
2010.05.20 21:47:49.791,1.21395,1.21555,2.70,1.00
2010.05.20 21:47:50.318,1.21395,1.2151,2.70,1.00
2010.05.20 21:47:50.447,1.2136,1.2151,2.00,1.00
2010.05.20 21:47:50.688,1.2134,1.2151,2.70,1.00
2010.05.20 21:47:50.928,1.21375,1.21515,1.00,1.00
2010.05.20 21:47:51.168,1.21375,1.21555,3.30,1.00
2010.05.20 21:47:51.407,1.21375,1.2157,3.30,1.00
2010.05.20 21:47:52.128,1.2139,1.2154,2.70,1.00
2010.05.20 21:47:52.939,1.2139,1.21515,2.70,1.00
2010.05.20 21:47:53.288,1.21345,1.21515,1.10,1.00
2010.05.20 21:47:53.349,1.21345,1.21495,1.10,1.00
2010.05.20 21:47:53.467,1.21355,1.21495,1.10,1.00
2010.05.20 21:47:55.248,1.21375,1.21495,1.10,1.00
2010.05.20 21:47:55.418,1.21375,1.2152,1.10,1.10
2010.05.20 21:47:58.604,1.2138,1.21515,1.10,1.00
2010.05.20 21:47:58.928,1.21375,1.21515,1.10,1.00
2010.05.20 21:48:00.268,1.21375,1.21505,1.10,1.00
2010.05.20 21:48:00.398,1.2137,1.21505,2.70,1.00
2010.05.20 21:48:00.528,1.2137,1.21535,2.70,1.00
2010.05.20 21:48:00.657,1.2138,1.21535,2.70,1.00
2010.05.20 21:48:02.998,1.2138,1.21515,2.70,1.00
2010.05.20 21:48:03.229,1.21375,1.21515,1.10,1.00
2010.05.20 21:48:03.458,1.21355,1.21515,2.70,1.00
2010.05.20 21:48:04.437,1.2135,1.2151,2.70,2.00
2010.05.20 21:48:04.579,1.21355,1.215,2.70,1.00
2010.05.20 21:48:05.488,1.21335,1.215,2.70,1.00
2010.05.20 21:48:05.788,1.21335,1.2147,2.70,1.00
2010.05.20 21:48:07.477,1.2136,1.215,1.00,1.00
2010.05.20 21:48:07.940,1.2134,1.21475,2.70,1.00
2010.05.20 21:48:08.959,1.21345,1.2146,2.70,1.00
2010.05.20 21:48:10.581,1.2135,1.2148,2.70,2.00
2010.05.20 21:48:10.698,1.2135,1.2148,3.30,2.00
2010.05.20 21:48:13.413,1.21355,1.21475,2.70,2.00
2010.05.20 21:48:13.610,1.2135,1.2147,2.70,1.00
2010.05.20 21:48:13.807,1.21345,1.2147,3.30,1.00
2010.05.20 21:48:14.228,1.21345,1.2146,1.00,2.00
2010.05.20 21:48:14.308,1.2134,1.2146,1.10,2.00
2010.05.20 21:48:14.788,1.2133,1.21455,2.70,2.00
2010.05.20 21:48:14.948,1.2135,1.21455,1.00,2.00
2010.05.20 21:48:15.464,1.2135,1.2145,1.00,1.00
2010.05.20 21:48:15.880,1.2135,1.21495,1.00,2.00
2010.05.20 21:48:16.222,1.2137,1.215,3.30,1.00
2010.05.20 21:48:16.560,1.2137,1.215,2.70,1.00
2010.05.20 21:48:16.898,1.2137,1.21485,2.70,2.00
2010.05.20 21:48:17.726,1.2137,1.2148,1.10,1.60
2010.05.20 21:48:17.821,1.21325,1.2146,2.70,1.00
2010.05.20 21:48:19.109,1.21325,1.21445,2.70,2.00
2010.05.20 21:48:20.041,1.2132,1.21435,1.10,2.00
2010.05.20 21:48:22.299,1.21315,1.2143,1.60,1.00
2010.05.20 21:48:22.431,1.21305,1.2143,2.70,2.00
2010.05.20 21:48:22.669,1.21305,1.21425,2.70,2.00
2010.05.20 21:48:24.350,1.2132,1.21465,1.00,1.00
2010.05.20 21:48:24.690,1.2131,1.21445,2.70,2.00
2010.05.20 21:48:25.018,1.2131,1.21445,1.10,2.00
2010.05.20 21:48:25.168,1.21305,1.21445,2.70,2.00
2010.05.20 21:48:27.449,1.21315,1.21435,2.90,2.00
2010.05.20 21:48:27.659,1.2132,1.21455,1.00,1.00
2010.05.20 21:48:28.185,1.21325,1.21455,1.00,1.00
2010.05.20 21:48:28.524,1.2133,1.21445,1.00,1.00
2010.05.20 21:48:28.861,1.2132,1.2144,2.70,2.00
2010.05.20 21:48:30.945,1.21315,1.2143,2.70,1.00
2010.05.20 21:48:31.181,1.21295,1.2142,2.90,2.00
2010.05.20 21:48:33.198,1.2131,1.2142,1.00,2.00
2010.05.20 21:48:33.963,1.2133,1.21475,2.70,2.00
2010.05.20 21:48:34.799,1.21335,1.2148,2.70,2.00
2010.05.20 21:48:35.438,1.21345,1.21465,2.90,2.00
2010.05.20 21:48:37.005,1.21355,1.21465,1.00,2.00
2010.05.20 21:48:37.138,1.21355,1.2147,1.00,2.00
2010.05.20 21:48:38.369,1.2138,1.2151,1.10,1.00
2010.05.20 21:48:38.781,1.21395,1.2153,1.10,2.00
2010.05.20 21:48:38.990,1.2139,1.2153,1.10,2.00
2010.05.20 21:48:39.198,1.2139,1.21525,1.10,2.00
2010.05.20 21:48:40.549,1.21395,1.2151,1.60,1.00
2010.05.20 21:48:40.771,1.2139,1.2151,2.90,2.00
2010.05.20 21:48:41.442,1.2139,1.21495,1.70,1.00
2010.05.20 21:48:41.536,1.2135,1.2149,2.70,2.00
2010.05.20 21:48:42.729,1.2136,1.21425,1.60,2.00
2010.05.20 21:48:42.949,1.21275,1.21485,2.70,1.00
2010.05.20 21:48:43.168,1.2128,1.21485,1.00,1.00
2010.05.20 21:48:43.960,1.21295,1.21475,2.70,2.40
2010.05.20 21:48:45.607,1.213,1.21475,1.60,2.40
2010.05.20 21:48:45.858,1.21305,1.21475,1.10,2.40
2010.05.20 21:48:46.248,1.21305,1.2147,1.10,1.00
2010.05.20 21:48:48.597,1.21295,1.2147,2.70,2.40
2010.05.20 21:48:48.999,1.21295,1.2144,1.60,2.00
2010.05.20 21:48:49.199,1.21275,1.21425,1.10,2.00
2010.05.20 21:48:49.999,1.21285,1.21445,2.70,1.00
2010.05.20 21:48:50.268,1.2129,1.2143,2.70,2.60
2010.05.20 21:48:50.789,1.2129,1.2143,2.70,2.00
2010.05.20 21:48:52.697,1.2129,1.2142,2.70,2.00
2010.05.20 21:48:52.928,1.21285,1.21415,1.60,1.00
2010.05.20 21:48:53.557,1.21295,1.21415,1.10,1.00
2010.05.20 21:48:53.906,1.21305,1.21435,2.70,2.00
2010.05.20 21:48:54.248,1.21315,1.2144,2.70,1.00
2010.05.20 21:48:54.588,1.21315,1.21445,2.70,1.00
2010.05.20 21:48:54.899,1.21305,1.2143,2.70,1.00
2010.05.20 21:48:55.920,1.213,1.21415,1.10,1.00
2010.05.20 21:48:56.149,1.21295,1.21415,2.70,2.00
2010.05.20 21:48:56.368,1.21295,1.2141,2.70,1.00
2010.05.20 21:48:57.930,1.21285,1.214,3.90,1.00
2010.05.20 21:48:58.039,1.213,1.21435,1.10,2.00
2010.05.20 21:48:58.368,1.21295,1.2143,1.10,2.00
2010.05.20 21:48:58.999,1.21295,1.21435,1.10,2.00
2010.05.20 21:48:59.345,1.2131,1.21425,1.10,2.00
2010.05.20 21:48:59.689,1.2132,1.21435,2.70,1.00
2010.05.20 21:49:00.711,1.21325,1.2144,1.10,2.00
2010.05.20 21:49:01.619,1.2129,1.21425,2.70,1.00
2010.05.20 21:49:03.103,1.21295,1.2141,2.90,1.00
2010.05.20 21:49:04.868,1.213,1.2141,1.00,1.00
2010.05.20 21:49:05.149,1.2131,1.21445,2.70,2.00
2010.05.20 21:49:05.935,1.2131,1.2144,2.70,2.00
2010.05.20 21:49:06.399,1.2131,1.21405,1.60,1.00
2010.05.20 21:49:06.478,1.21275,1.21405,1.00,1.00
2010.05.20 21:49:06.559,1.2127,1.21405,2.70,1.00
2010.05.20 21:49:07.318,1.2129,1.21425,1.10,2.00
2010.05.20 21:49:08.001,1.21295,1.2141,1.10,2.00
2010.05.20 21:49:08.340,1.2131,1.21445,2.70,1.00
2010.05.20 21:49:08.591,1.2132,1.21455,1.10,2.00
2010.05.20 21:49:10.548,1.2132,1.21435,1.10,2.00
2010.05.20 21:49:10.849,1.2133,1.21435,1.00,2.00
2010.05.20 21:49:11.379,1.21345,1.21435,1.10,1.60
2010.05.20 21:49:11.493,1.21355,1.21495,1.10,2.00
2010.05.20 21:49:12.000,1.21355,1.2147,1.10,1.60
2010.05.20 21:49:12.208,1.21325,1.21465,2.70,1.00
2010.05.20 21:49:13.089,1.2133,1.2145,1.60,1.00
2010.05.20 21:49:13.671,1.21345,1.2146,1.10,2.00
2010.05.20 21:49:13.823,1.2136,1.21485,2.70,1.00
2010.05.20 21:49:14.249,1.2136,1.21465,1.10,1.00
2010.05.20 21:49:14.389,1.2125,1.21435,1.00,2.00
2010.05.20 21:49:14.539,1.21245,1.21435,1.10,2.00
2010.05.20 21:49:15.308,1.21235,1.21435,1.50,2.00
2010.05.20 21:49:15.651,1.21255,1.21425,1.10,2.00
2010.05.20 21:49:18.070,1.21255,1.2143,1.10,2.00
2010.05.20 21:49:18.154,1.21255,1.21425,1.10,2.00
2010.05.20 21:49:18.321,1.2126,1.21425,1.60,2.00
2010.05.20 21:49:18.400,1.2126,1.2143,2.70,2.00
2010.05.20 21:49:19.870,1.21255,1.21415,1.10,1.00
2010.05.20 21:49:21.880,1.2126,1.2141,2.70,1.00
2010.05.20 21:49:21.988,1.2126,1.21415,2.70,1.00
2010.05.20 21:49:22.087,1.2126,1.21415,2.70,1.30
2010.05.20 21:49:24.468,1.2126,1.21415,1.10,1.30
2010.05.20 21:49:24.699,1.2125,1.21405,3.10,1.00
2010.05.20 21:49:24.929,1.2125,1.21405,3.10,1.30
2010.05.20 21:49:25.158,1.2125,1.21405,2.70,1.30
2010.05.20 21:49:26.098,1.2125,1.2141,2.70,1.30
2010.05.20 21:49:29.179,1.2125,1.21395,1.60,1.00
2010.05.20 21:49:29.459,1.2125,1.2136,1.60,1.00
2010.05.20 21:49:30.017,1.21225,1.2136,2.70,1.00
2010.05.20 21:49:30.248,1.21255,1.2136,1.60,1.00
2010.05.20 21:49:30.478,1.2126,1.21395,1.10,2.00
2010.05.20 21:49:31.478,1.21275,1.21395,1.60,1.00
2010.05.20 21:49:31.738,1.21275,1.2139,2.70,1.00
2010.05.20 21:49:33.258,1.21275,1.2139,2.90,1.00
2010.05.20 21:49:33.387,1.2128,1.2139,1.00,1.00
2010.05.20 21:49:33.519,1.21285,1.21415,1.10,2.00
2010.05.20 21:49:33.689,1.21285,1.2142,1.70,1.00
2010.05.20 21:49:33.858,1.21295,1.2142,1.10,1.00
2010.05.20 21:49:34.028,1.2129,1.21395,1.60,1.00
2010.05.20 21:49:34.367,1.21255,1.21395,2.70,1.00
2010.05.20 21:49:38.654,1.2138,1.21385,1.00,1.00
2010.05.20 21:49:40.617,1.21245,1.21385,2.70,1.00
2010.05.20 21:49:56.428,1.2128,1.2142,1.10,2.00
2010.05.20 21:49:57.061,1.2128,1.2141,1.10,1.00
2010.05.20 21:49:57.695,1.213,1.21425,1.10,2.00
2010.05.20 21:50:04.228,1.213,1.21415,1.60,1.00
2010.05.20 21:50:04.910,1.21295,1.21415,2.70,2.00
2010.05.20 21:50:07.194,1.21325,1.21485,1.00,1.00
2010.05.20 21:50:07.801,1.21325,1.2149,1.00,1.60
2010.05.20 21:50:07.967,1.21355,1.2152,1.00,2.00
2010.05.20 21:50:08.467,1.2137,1.2151,1.00,2.00
2010.05.20 21:50:08.620,1.2138,1.2151,1.00,2.00
2010.05.20 21:50:09.428,1.2138,1.2151,1.00,2.00
2010.05.20 21:50:10.149,1.2138,1.2151,1.00,2.00
2010.05.20 21:50:11.032,1.2137,1.21495,1.00,2.00
2010.05.20 21:50:11.520,1.21315,1.21475,1.00,1.00
2010.05.20 21:50:11.749,1.213,1.2147,1.10,1.00
2010.05.20 21:50:12.799,1.21315,1.2147,1.10,1.00
2010.05.20 21:50:14.132,1.21325,1.2147,1.60,1.00
2010.05.20 21:50:14.238,1.2133,1.2147,1.10,1.00
2010.05.20 21:50:18.948,1.2132,1.21465,2.70,2.00
2010.05.20 21:50:19.119,1.2132,1.2146,2.70,1.00
2010.05.20 21:50:19.460,1.21285,1.21445,1.10,2.00
2010.05.20 21:50:19.629,1.2126,1.2141,1.00,1.00
2010.05.20 21:50:19.799,1.21265,1.2141,2.70,1.00
2010.05.20 21:50:25.829,1.21265,1.2139,1.10,2.00
2010.05.20 21:50:27.893,1.21265,1.2138,1.10,2.00
2010.05.20 21:50:28.250,1.2127,1.21385,1.10,2.00
2010.05.20 21:50:30.000,1.2128,1.21395,1.10,2.00
2010.05.20 21:50:34.898,1.2128,1.21395,1.10,1.60
2010.05.20 21:50:35.068,1.2128,1.214,2.70,2.00
2010.05.20 21:50:35.579,1.213,1.2144,2.70,2.00
2010.05.20 21:50:35.959,1.2132,1.21455,1.10,2.00
2010.05.20 21:50:36.680,1.21345,1.2148,2.70,1.00
2010.05.20 21:50:37.548,1.21345,1.2147,2.70,1.00
2010.05.20 21:50:37.759,1.2132,1.2145,2.70,1.00
2010.05.20 21:50:39.588,1.2134,1.21465,2.70,1.00
2010.05.20 21:50:40.151,1.2134,1.21465,2.70,1.00
2010.05.20 21:50:40.312,1.21345,1.2147,2.70,1.00
2010.05.20 21:50:44.459,1.21365,1.21465,1.00,1.00
2010.05.20 21:50:45.207,1.21355,1.2151,1.00,2.00
2010.05.20 21:50:45.708,1.2136,1.2151,1.00,2.00
2010.05.20 21:50:46.278,1.21385,1.2152,1.10,1.00
2010.05.20 21:50:46.478,1.21385,1.2155,1.70,2.00
2010.05.20 21:50:47.990,1.214,1.2154,1.00,2.00
2010.05.20 21:50:48.670,1.2141,1.2154,1.00,2.00
2010.05.20 21:50:48.779,1.21405,1.2153,1.00,1.00
2010.05.20 21:50:49.241,1.2141,1.2153,1.00,1.00
2010.05.20 21:50:50.378,1.2139,1.21515,1.10,2.00
2010.05.20 21:50:50.849,1.21375,1.21505,2.70,2.00
2010.05.20 21:50:53.391,1.2138,1.21495,2.70,1.00
2010.05.20 21:50:53.537,1.2138,1.21495,1.10,2.00
2010.05.20 21:50:57.180,1.2137,1.21485,2.70,1.00
2010.05.20 21:50:57.461,1.2137,1.2148,1.10,1.60
2010.05.20 21:50:57.600,1.2136,1.21475,2.70,1.00
2010.05.20 21:50:58.898,1.21355,1.2147,1.10,2.00
2010.05.20 21:51:01.337,1.2136,1.21475,1.10,2.00
2010.05.20 21:51:03.344,1.2132,1.21445,2.00,1.00
2010.05.20 21:51:03.489,1.2127,1.21445,2.00,1.00
2010.05.20 21:51:03.640,1.21255,1.2145,1.10,1.00
2010.05.20 21:51:06.158,1.21285,1.21455,1.00,2.60
2010.05.20 21:51:06.398,1.21285,1.21475,1.00,2.00
2010.05.20 21:51:08.809,1.21305,1.2146,1.00,1.00
2010.05.20 21:51:10.740,1.2132,1.2145,1.10,1.00
2010.05.20 21:51:11.522,1.2132,1.2145,2.70,1.00
2010.05.20 21:51:12.298,1.21325,1.21425,1.60,1.00
2010.05.20 21:51:12.429,1.21285,1.21425,2.70,2.00
2010.05.20 21:51:13.841,1.21315,1.21415,1.10,1.60
2010.05.20 21:51:13.958,1.21315,1.2145,2.70,1.00
2010.05.20 21:51:14.439,1.21345,1.21455,1.10,1.60
2010.05.20 21:51:14.560,1.21345,1.2148,2.70,1.00
2010.05.20 21:51:16.788,1.21315,1.2145,1.10,2.00
2010.05.20 21:51:20.388,1.2133,1.21445,2.70,1.00
2010.05.20 21:51:21.089,1.2134,1.21455,1.10,2.00
2010.05.20 21:51:22.829,1.2135,1.21475,2.70,1.00
2010.05.20 21:51:24.811,1.21355,1.21445,1.60,1.00
2010.05.20 21:51:25.089,1.2131,1.21445,2.70,1.00
2010.05.20 21:51:27.729,1.2128,1.2142,1.00,2.00
2010.05.20 21:51:27.828,1.21275,1.2142,1.00,2.00
2010.05.20 21:51:27.928,1.2127,1.2142,1.00,2.60
2010.05.20 21:51:28.029,1.21265,1.2142,2.70,2.60
2010.05.20 21:51:28.129,1.2125,1.21395,2.70,2.00
2010.05.20 21:51:28.228,1.21255,1.21395,2.00,2.00
2010.05.20 21:51:28.329,1.21275,1.21415,2.70,1.00
2010.05.20 21:51:28.528,1.21295,1.21465,3.10,1.00
2010.05.20 21:51:28.729,1.213,1.21465,1.00,1.00
2010.05.20 21:51:28.829,1.2132,1.21465,2.00,1.00
2010.05.20 21:51:29.169,1.2133,1.21485,1.00,2.00
2010.05.20 21:51:29.508,1.2133,1.215,1.00,1.00
2010.05.20 21:51:30.111,1.21345,1.21485,1.00,1.00
2010.05.20 21:51:30.888,1.21355,1.21485,1.00,1.00
2010.05.20 21:51:33.410,1.21355,1.21495,1.00,2.00
2010.05.20 21:51:34.456,1.2136,1.21495,1.00,2.00
2010.05.20 21:51:35.819,1.21365,1.21495,1.00,2.00
2010.05.20 21:51:37.307,1.2137,1.21495,1.00,2.00
2010.05.20 21:51:41.578,1.2135,1.21505,1.30,1.00
2010.05.20 21:51:41.658,1.2136,1.21505,1.00,1.00
2010.05.20 21:51:41.738,1.2136,1.21505,1.20,1.00
2010.05.20 21:51:41.818,1.2138,1.21505,1.00,1.00
2010.05.20 21:51:41.898,1.2138,1.21515,1.00,2.00
2010.05.20 21:51:41.980,1.2138,1.21515,1.30,2.00
2010.05.20 21:51:44.308,1.21395,1.21515,1.10,2.00
2010.05.20 21:51:45.469,1.2139,1.215,1.10,1.60
2010.05.20 21:51:45.719,1.2138,1.215,1.10,2.00
2010.05.20 21:51:45.979,1.21375,1.215,2.70,2.00
2010.05.20 21:51:46.239,1.21375,1.21495,1.10,2.00
2010.05.20 21:51:52.298,1.2137,1.2149,2.70,2.00
2010.05.20 21:51:52.659,1.2137,1.21485,2.70,2.00
2010.05.20 21:51:53.198,1.21365,1.21485,2.70,2.00
2010.05.20 21:51:53.459,1.21365,1.2148,2.70,2.00
2010.05.20 21:51:53.849,1.2136,1.2148,2.70,2.00
2010.05.20 21:51:54.290,1.2136,1.21475,2.70,2.00
2010.05.20 21:51:59.069,1.2137,1.21495,1.10,2.00
2010.05.20 21:52:07.038,1.21375,1.2149,1.10,2.00
2010.05.20 21:52:08.338,1.2137,1.21485,1.10,2.00
2010.05.20 21:52:09.811,1.2138,1.2151,2.70,2.00
2010.05.20 21:52:11.369,1.21395,1.2154,1.10,1.00
2010.05.20 21:52:11.648,1.214,1.2154,1.00,1.00
2010.05.20 21:52:11.929,1.21405,1.2154,1.10,1.00
2010.05.20 21:52:12.989,1.2142,1.2154,2.70,1.00
2010.05.20 21:52:13.489,1.2142,1.2154,2.90,1.00
2010.05.20 21:52:14.828,1.2143,1.2154,1.00,1.00
2010.05.20 21:52:15.449,1.21435,1.2154,1.00,1.00
2010.05.20 21:52:15.589,1.21425,1.2154,2.90,1.00
2010.05.20 21:52:15.729,1.21435,1.2156,2.70,1.00
2010.05.20 21:52:16.459,1.2144,1.21565,2.70,1.00
2010.05.20 21:52:18.858,1.21445,1.2156,2.90,1.00
2010.05.20 21:52:20.587,1.21445,1.2156,2.70,1.00
2010.05.20 21:52:21.405,1.21455,1.21595,1.10,2.00
2010.05.20 21:52:24.309,1.21455,1.21575,1.10,1.00
2010.05.20 21:52:26.320,1.21455,1.2158,2.70,2.00
2010.05.20 21:52:30.849,1.21475,1.21625,1.00,2.00
2010.05.20 21:52:31.571,1.2148,1.21625,1.10,2.00
2010.05.20 21:52:31.899,1.21495,1.21615,1.00,2.00
2010.05.20 21:52:32.060,1.21505,1.21625,2.70,2.00
2010.05.20 21:52:32.710,1.215,1.21615,2.70,1.00
2010.05.20 21:52:34.959,1.2149,1.21605,1.10,2.00
2010.05.20 21:52:35.864,1.215,1.2163,2.70,2.00
2010.05.20 21:52:39.649,1.21505,1.21625,2.90,2.00
2010.05.20 21:52:43.130,1.21495,1.21615,1.10,2.00
2010.05.20 21:52:44.717,1.21485,1.216,2.70,1.00
2010.05.20 21:52:45.827,1.21495,1.21605,1.10,1.60
2010.05.20 21:52:46.173,1.215,1.2161,1.60,1.00
2010.05.20 21:52:46.509,1.21495,1.2161,2.70,1.00
2010.05.20 21:52:50.568,1.215,1.21615,1.60,1.00
2010.05.20 21:52:50.640,1.21505,1.2162,1.10,2.00
2010.05.20 21:52:50.789,1.215,1.2161,1.60,1.00
2010.05.20 21:52:50.858,1.21495,1.2161,2.70,1.00
2010.05.20 21:52:51.663,1.21485,1.21605,2.90,2.00
2010.05.20 21:52:56.001,1.2149,1.21605,1.00,2.00
2010.05.20 21:52:57.619,1.2149,1.21605,2.80,1.00
2010.05.20 21:52:58.448,1.2149,1.21605,2.70,1.00
2010.05.20 21:52:58.780,1.21425,1.216,2.70,1.00
2010.05.20 21:52:59.598,1.2143,1.216,1.00,1.00
2010.05.20 21:52:59.763,1.21455,1.2161,1.00,2.00
2010.05.20 21:52:59.933,1.2148,1.21615,1.00,2.00
2010.05.20 21:53:00.934,1.2149,1.21625,1.00,2.00
2010.05.20 21:53:01.089,1.2148,1.21625,1.00,2.00
2010.05.20 21:53:01.429,1.2149,1.21625,1.00,2.00
2010.05.20 21:53:02.110,1.21495,1.2163,1.00,1.00
2010.05.20 21:53:03.144,1.21495,1.21625,1.00,1.60
2010.05.20 21:53:03.279,1.21495,1.21625,1.00,2.00
2010.05.20 21:53:04.632,1.21495,1.21625,1.00,2.00
2010.05.20 21:53:07.672,1.2149,1.2162,1.00,1.60
2010.05.20 21:53:07.829,1.21485,1.2162,1.00,2.00
2010.05.20 21:53:08.280,1.21495,1.2163,1.00,2.00
2010.05.20 21:53:08.579,1.2148,1.2162,1.00,1.00
2010.05.20 21:53:08.880,1.2149,1.2162,1.00,1.00
2010.05.20 21:53:09.385,1.2149,1.21625,1.00,2.00
2010.05.20 21:53:09.581,1.21495,1.21625,1.30,2.00
2010.05.20 21:53:12.747,1.21485,1.2162,1.00,1.00
2010.05.20 21:53:12.962,1.21485,1.2162,1.00,2.00
2010.05.20 21:53:13.169,1.2148,1.2162,1.50,2.00
2010.05.20 21:53:13.589,1.2148,1.2162,2.90,2.00
2010.05.20 21:53:13.802,1.21485,1.2162,1.00,2.00
2010.05.20 21:53:14.643,1.215,1.2164,1.00,2.00
2010.05.20 21:53:14.970,1.21505,1.2164,2.70,2.00
2010.05.20 21:53:20.921,1.2152,1.21635,2.70,1.00
2010.05.20 21:53:30.969,1.21525,1.21635,1.60,1.00
2010.05.20 21:53:31.119,1.21525,1.2166,2.70,2.00
2010.05.20 21:53:31.269,1.21525,1.2165,2.70,2.00
2010.05.20 21:53:32.943,1.21525,1.21645,2.90,2.00
2010.05.20 21:53:33.169,1.21525,1.21645,2.70,2.00
2010.05.20 21:53:33.815,1.21525,1.2164,2.70,2.00
2010.05.20 21:53:36.018,1.21535,1.2166,2.70,2.00
2010.05.20 21:53:36.891,1.21525,1.21645,2.70,1.00
2010.05.20 21:53:37.720,1.2154,1.2173,2.70,2.00
2010.05.20 21:53:38.228,1.2154,1.2173,3.10,2.00
2010.05.20 21:53:41.420,1.21565,1.217,1.10,2.00
2010.05.20 21:53:44.890,1.21575,1.21695,2.70,2.00
2010.05.20 21:53:45.909,1.21585,1.217,2.70,1.00
2010.05.20 21:53:47.790,1.21565,1.2169,1.60,2.00
2010.05.20 21:53:48.090,1.2156,1.2169,2.70,2.60
2010.05.20 21:53:48.798,1.21565,1.2168,2.70,1.00
2010.05.20 21:53:49.140,1.21565,1.2168,2.70,1.00
2010.05.20 21:53:49.311,1.21545,1.2166,2.70,1.00
2010.05.20 21:53:49.479,1.21535,1.2166,1.10,1.00
2010.05.20 21:53:52.858,1.2154,1.21655,1.10,2.00
2010.05.20 21:53:56.189,1.21545,1.21655,1.10,1.60
2010.05.20 21:53:56.509,1.21545,1.2166,2.70,1.00
2010.05.20 21:53:57.692,1.21535,1.2165,1.10,2.60
2010.05.20 21:53:58.000,1.21525,1.2164,2.70,1.00
2010.05.20 21:54:00.470,1.21535,1.2164,1.00,1.00
2010.05.20 21:54:01.019,1.21535,1.2165,3.50,1.00
2010.05.20 21:54:01.260,1.21535,1.21655,3.50,2.00
2010.05.20 21:54:05.107,1.2154,1.21655,1.10,2.00
2010.05.20 21:54:05.312,1.2155,1.21655,1.00,1.00
2010.05.20 21:54:05.609,1.2155,1.21665,1.00,2.00
2010.05.20 21:54:12.531,1.21545,1.21665,2.70,2.00
2010.05.20 21:54:12.679,1.21545,1.2166,2.70,1.00
2010.05.20 21:54:12.959,1.21555,1.2166,1.00,1.00
2010.05.20 21:54:13.109,1.21565,1.2172,1.00,2.40
2010.05.20 21:54:14.823,1.21575,1.21705,1.00,2.40
2010.05.20 21:54:15.058,1.2157,1.21705,1.00,2.40
2010.05.20 21:54:15.179,1.21565,1.21705,1.00,2.40
2010.05.20 21:54:15.418,1.2156,1.21705,3.30,2.40
2010.05.20 21:54:15.538,1.21565,1.21705,2.70,2.40
2010.05.20 21:54:16.402,1.21565,1.2169,2.70,2.80
2010.05.20 21:54:16.742,1.21525,1.2167,1.00,2.00
2010.05.20 21:54:17.610,1.21525,1.21695,2.40,2.40
2010.05.20 21:54:17.799,1.21535,1.21695,3.50,2.40
2010.05.20 21:54:17.990,1.2155,1.21695,2.70,2.40
2010.05.20 21:54:20.209,1.21565,1.21685,2.70,2.40
2010.05.20 21:54:20.358,1.21565,1.21685,2.70,2.90
2010.05.20 21:54:22.165,1.2158,1.21685,2.70,2.40
2010.05.20 21:54:22.395,1.2159,1.21685,2.70,2.40
2010.05.20 21:54:22.969,1.21605,1.21685,1.10,2.40
2010.05.20 21:54:23.149,1.21605,1.21685,1.10,2.10
2010.05.20 21:54:24.010,1.2162,1.21685,2.70,2.10
2010.05.20 21:54:24.752,1.21645,1.21685,2.70,2.10
2010.05.20 21:54:25.640,1.21645,1.21685,1.10,1.30
2010.05.20 21:54:25.981,1.21545,1.21685,2.70,1.30
2010.05.20 21:54:26.853,1.2154,1.2168,1.10,2.00
2010.05.20 21:54:27.093,1.2155,1.2167,2.70,2.00
2010.05.20 21:54:28.503,1.2154,1.2167,1.10,2.00
2010.05.20 21:54:28.832,1.21535,1.2167,2.70,2.00
2010.05.20 21:54:29.491,1.21535,1.21655,2.70,1.00
2010.05.20 21:54:29.649,1.21525,1.21655,2.70,1.00
2010.05.20 21:54:30.710,1.21525,1.2164,2.70,1.00
2010.05.20 21:54:32.699,1.21525,1.2165,2.70,1.00
2010.05.20 21:54:32.971,1.2153,1.2165,3.50,1.00
2010.05.20 21:54:33.249,1.21535,1.2165,1.10,1.00
2010.05.20 21:54:35.870,1.2153,1.2166,3.50,1.30
2010.05.20 21:54:36.633,1.2153,1.21645,1.00,1.00
2010.05.20 21:54:36.781,1.2153,1.2167,1.00,1.30
2010.05.20 21:54:36.930,1.2154,1.2167,1.00,1.30
2010.05.20 21:54:37.080,1.2154,1.2167,1.00,1.00
2010.05.20 21:54:40.421,1.21545,1.2164,1.00,1.00
2010.05.20 21:54:41.119,1.21505,1.2164,3.50,1.00
2010.05.20 21:54:41.319,1.21505,1.2164,3.50,1.20
2010.05.20 21:54:42.470,1.2153,1.2163,2.70,1.00
2010.05.20 21:54:42.770,1.2153,1.21655,2.70,1.00
2010.05.20 21:54:43.070,1.2154,1.2167,1.10,2.80
2010.05.20 21:54:45.235,1.21525,1.21645,1.10,1.00
2010.05.20 21:54:46.460,1.2154,1.21655,1.00,2.00
2010.05.20 21:54:50.661,1.21545,1.21655,1.00,2.00
2010.05.20 21:54:51.100,1.2152,1.21635,1.00,1.00
2010.05.20 21:54:51.982,1.21525,1.2165,1.00,2.00
2010.05.20 21:54:53.069,1.2151,1.21635,2.70,2.00
2010.05.20 21:54:53.660,1.21515,1.21635,1.10,2.00
2010.05.20 21:54:53.790,1.21515,1.21635,2.70,2.00
2010.05.20 21:54:55.253,1.2152,1.21635,2.70,1.00
2010.05.20 21:54:55.586,1.21515,1.2163,1.10,2.60
2010.05.20 21:54:57.998,1.2152,1.2163,2.70,1.00
2010.05.20 21:54:58.145,1.2152,1.2163,1.00,1.00
2010.05.20 21:54:58.289,1.2153,1.2163,1.10,1.00
2010.05.20 21:54:58.429,1.2153,1.2165,1.10,2.00
2010.05.20 21:54:59.130,1.2153,1.2165,2.70,1.00
2010.05.20 21:54:59.995,1.2154,1.21665,1.10,2.00
2010.05.20 21:55:01.419,1.21545,1.2166,1.30,2.00
2010.05.20 21:55:02.093,1.21555,1.2167,1.30,2.00
2010.05.20 21:55:02.432,1.21555,1.2169,1.30,3.30
2010.05.20 21:55:03.450,1.2156,1.21685,1.00,3.30
2010.05.20 21:55:03.672,1.21575,1.21685,2.70,1.30
2010.05.20 21:55:04.403,1.21565,1.21685,1.10,3.30
2010.05.20 21:55:05.831,1.21565,1.2168,1.10,2.00
2010.05.20 21:55:06.742,1.21565,1.2168,1.10,1.60
2010.05.20 21:55:06.914,1.21565,1.21685,1.70,1.30
2010.05.20 21:55:07.083,1.21565,1.21685,2.70,2.90
2010.05.20 21:55:07.250,1.21565,1.21685,2.70,1.70
2010.05.20 21:55:07.920,1.2157,1.21685,2.70,1.30
2010.05.20 21:55:09.949,1.2158,1.21685,1.10,1.30
2010.05.20 21:55:10.912,1.2156,1.2168,1.10,2.00
2010.05.20 21:55:11.109,1.2156,1.21675,1.10,1.00
2010.05.20 21:55:11.310,1.2155,1.2167,1.10,2.60
2010.05.20 21:55:11.709,1.2156,1.2167,1.60,1.00
2010.05.20 21:55:12.538,1.2156,1.21675,2.70,1.00
2010.05.20 21:55:14.279,1.2156,1.21675,1.10,2.00
2010.05.20 21:55:14.899,1.21555,1.2167,2.70,1.00
2010.05.20 21:55:15.030,1.21545,1.2166,2.70,1.00
2010.05.20 21:55:18.721,1.2155,1.2167,2.70,2.00
2010.05.20 21:55:19.447,1.2155,1.21675,2.70,2.00
2010.05.20 21:55:19.790,1.2155,1.2167,2.70,2.00
2010.05.20 21:55:22.070,1.2154,1.2166,2.70,1.00
2010.05.20 21:55:22.199,1.2154,1.21655,1.10,2.00
2010.05.20 21:55:23.891,1.2154,1.21655,1.90,2.00
2010.05.20 21:55:24.850,1.2154,1.21655,1.10,2.00
2010.05.20 21:55:25.430,1.2154,1.21635,1.10,1.60
2010.05.20 21:55:25.560,1.21505,1.21635,1.00,2.00
2010.05.20 21:55:25.692,1.215,1.21635,1.10,2.00
2010.05.20 21:55:26.100,1.21505,1.2164,2.70,1.00
2010.05.20 21:55:50.006,1.2151,1.2163,2.70,2.00
2010.05.20 21:55:50.299,1.21505,1.2162,1.10,2.00
2010.05.20 21:55:50.600,1.215,1.2162,1.10,2.00
2010.05.20 21:55:50.874,1.215,1.21615,1.10,1.00
2010.05.20 21:55:50.988,1.215,1.21615,1.10,2.00
2010.05.20 21:55:51.429,1.2153,1.21615,1.00,2.00
2010.05.20 21:55:51.564,1.2156,1.217,2.00,1.30
2010.05.20 21:55:53.039,1.21555,1.21685,2.00,1.30
2010.05.20 21:55:53.560,1.2156,1.21685,2.00,1.30
2010.05.20 21:55:54.260,1.21575,1.21685,1.00,1.30
2010.05.20 21:55:54.480,1.2161,1.2171,2.00,2.40
2010.05.20 21:55:55.061,1.2161,1.2169,2.00,1.00
2010.05.20 21:55:55.257,1.21615,1.2169,1.00,1.00
2010.05.20 21:55:55.440,1.2161,1.2169,1.00,1.00
2010.05.20 21:55:57.329,1.2163,1.21685,1.00,1.00
2010.05.20 21:55:58.749,1.2161,1.21685,1.00,1.00
2010.05.20 21:56:01.476,1.2161,1.21685,1.00,1.00
2010.05.20 21:56:02.228,1.21615,1.21685,1.00,1.00
2010.05.20 21:56:04.324,1.21605,1.21685,2.00,1.00
2010.05.20 21:56:04.500,1.21595,1.21685,1.00,1.00
2010.05.20 21:56:06.059,1.21575,1.21685,1.30,1.00
2010.05.20 21:56:07.102,1.21595,1.21685,1.00,1.00
2010.05.20 21:56:08.361,1.2157,1.21685,1.30,1.00
2010.05.20 21:56:08.621,1.2157,1.21685,1.00,1.00
2010.05.20 21:56:08.879,1.21585,1.21685,1.00,1.00
2010.05.20 21:56:09.733,1.21595,1.21685,1.90,1.00
2010.05.20 21:56:09.963,1.2157,1.21685,1.10,1.00
2010.05.20 21:56:10.189,1.2156,1.21685,2.70,2.80
2010.05.20 21:56:11.230,1.2156,1.2168,2.70,2.00
2010.05.20 21:56:11.948,1.21565,1.21685,2.70,2.80
2010.05.20 21:56:12.132,1.2157,1.21685,1.10,2.80
2010.05.20 21:56:12.710,1.21575,1.21685,1.10,2.40
2010.05.20 21:56:12.778,1.21575,1.21685,2.70,1.00
2010.05.20 21:56:13.320,1.21585,1.21685,1.10,1.00
2010.05.20 21:56:14.709,1.21595,1.21685,1.00,1.00
2010.05.20 21:56:21.269,1.21615,1.21685,1.00,1.00
2010.05.20 21:56:21.480,1.2165,1.21685,2.00,1.00
2010.05.20 21:56:21.690,1.2164,1.2171,2.00,2.40
2010.05.20 21:56:21.909,1.2163,1.2171,2.00,2.40
2010.05.20 21:56:22.703,1.2164,1.21705,2.00,2.40
2010.05.20 21:56:24.419,1.2164,1.21705,2.10,2.40
2010.05.20 21:56:25.810,1.21645,1.21705,1.00,2.40
2010.05.20 21:56:26.478,1.2165,1.21705,1.00,2.40
2010.05.20 21:56:27.811,1.21645,1.21705,1.00,2.40
2010.05.20 21:56:27.960,1.21645,1.21705,2.10,2.40
2010.05.20 21:56:31.879,1.2165,1.21705,1.00,2.40
2010.05.20 21:56:32.510,1.2164,1.21705,2.00,2.40
2010.05.20 21:56:33.879,1.2165,1.21705,1.00,2.40
2010.05.20 21:56:36.750,1.21655,1.21705,1.10,2.40
2010.05.20 21:56:37.574,1.21665,1.21705,1.10,2.40
2010.05.20 21:56:38.561,1.2166,1.21705,1.10,2.40
2010.05.20 21:56:42.079,1.21675,1.21705,2.70,2.40
2010.05.20 21:56:42.670,1.21665,1.21705,2.70,2.40
2010.05.20 21:56:43.130,1.21665,1.21705,1.10,2.40
2010.05.20 21:56:43.292,1.21655,1.21705,1.10,2.40
2010.05.20 21:56:43.451,1.2169,1.21715,2.70,2.40
2010.05.20 21:56:44.230,1.217,1.21705,2.70,1.00
2010.05.20 21:56:44.491,1.21705,1.21855,1.70,2.00
2010.05.20 21:56:44.830,1.21705,1.21845,1.10,2.00
2010.05.20 21:56:45.171,1.21695,1.2183,2.70,1.00
2010.05.20 21:56:45.512,1.21685,1.21805,2.70,1.00
2010.05.20 21:56:46.392,1.2164,1.21845,1.00,2.00
2010.05.20 21:56:47.640,1.2164,1.2181,2.70,1.00
2010.05.20 21:56:47.891,1.21645,1.2181,2.70,1.00
2010.05.20 21:56:50.042,1.2165,1.2179,2.70,1.00
2010.05.20 21:56:53.013,1.2165,1.21785,2.70,1.00
2010.05.20 21:56:53.490,1.21655,1.21785,2.70,1.00
2010.05.20 21:56:54.469,1.21655,1.2179,2.70,1.00
2010.05.20 21:56:55.441,1.21655,1.2179,2.70,2.50
2010.05.20 21:56:55.512,1.21655,1.2178,1.10,1.00
2010.05.20 21:56:55.579,1.2165,1.2178,2.70,1.00
2010.05.20 21:56:57.192,1.21715,1.2191,2.00,2.00
2010.05.20 21:56:59.039,1.21725,1.21885,1.00,2.00
2010.05.20 21:56:59.322,1.21735,1.2188,2.00,1.00
2010.05.20 21:56:59.581,1.21745,1.219,1.00,1.00
2010.05.20 21:56:59.843,1.21715,1.2189,1.00,1.60
2010.05.20 21:57:00.100,1.21715,1.21885,1.00,1.00
2010.05.20 21:57:04.330,1.21725,1.2187,1.00,1.00
2010.05.20 21:57:05.400,1.217,1.21845,1.00,1.00
2010.05.20 21:57:05.720,1.2164,1.2183,1.10,1.00
2010.05.20 21:57:06.519,1.21655,1.2181,2.70,2.00
2010.05.20 21:57:11.789,1.2168,1.2181,1.10,2.00
2010.05.20 21:57:12.539,1.2168,1.2173,1.10,1.00
2010.05.20 21:57:13.219,1.21675,1.2173,2.70,1.00
2010.05.20 21:57:13.579,1.2167,1.2171,1.10,1.00
2010.05.20 21:57:14.940,1.2166,1.2171,1.10,1.00
2010.05.20 21:57:16.141,1.2165,1.2171,2.70,1.00
2010.05.20 21:57:16.271,1.2165,1.2171,1.60,1.00
2010.05.20 21:57:16.894,1.2156,1.2171,1.00,2.80
2010.05.20 21:57:17.160,1.2151,1.217,2.70,1.00
2010.05.20 21:57:19.130,1.21525,1.21665,2.70,1.00
2010.05.20 21:57:19.470,1.2156,1.21685,2.70,1.50
2010.05.20 21:57:20.304,1.2151,1.21655,1.10,2.10
2010.05.20 21:57:20.394,1.2151,1.21635,1.10,1.00
2010.05.20 21:57:25.601,1.2146,1.21625,2.70,1.00
2010.05.20 21:57:25.902,1.21465,1.21645,2.70,1.20
2010.05.20 21:57:30.933,1.215,1.2165,1.60,1.00
2010.05.20 21:57:31.129,1.215,1.2165,2.70,1.00
2010.05.20 21:57:34.739,1.2151,1.21635,2.70,2.00
2010.05.20 21:57:42.300,1.21535,1.2169,1.00,1.00
2010.05.20 21:57:42.480,1.2155,1.21725,2.00,1.00
2010.05.20 21:57:44.464,1.2154,1.2171,1.10,2.80
2010.05.20 21:57:44.653,1.21505,1.2169,1.00,2.00
2010.05.20 21:57:44.929,1.21485,1.2169,1.00,2.00
2010.05.20 21:57:45.120,1.2155,1.2169,1.00,2.00
2010.05.20 21:57:45.220,1.2155,1.2169,1.00,1.00
2010.05.20 21:57:45.319,1.21565,1.21705,2.00,1.00
2010.05.20 21:57:45.410,1.21565,1.2172,2.00,1.00
2010.05.20 21:57:45.509,1.2159,1.2172,2.00,1.00
2010.05.20 21:57:46.475,1.2161,1.2171,2.00,1.00
2010.05.20 21:57:49.971,1.21585,1.2171,2.00,1.00
2010.05.20 21:57:50.202,1.21605,1.2171,2.00,1.00
2010.05.20 21:57:50.431,1.21625,1.2171,1.00,1.00
2010.05.20 21:57:51.806,1.2161,1.2171,1.00,1.00
2010.05.20 21:57:51.963,1.21625,1.2171,1.00,1.00
2010.05.20 21:57:52.921,1.2163,1.2171,1.00,1.00
2010.05.20 21:57:54.220,1.21645,1.2171,1.00,1.00
2010.05.20 21:57:54.451,1.2165,1.2171,1.00,1.00
2010.05.20 21:57:55.410,1.21625,1.2171,1.00,1.00
2010.05.20 21:57:56.339,1.21635,1.2171,1.00,1.00
2010.05.20 21:57:57.930,1.2163,1.2171,1.00,1.00
2010.05.20 21:57:58.050,1.2162,1.2171,1.00,1.00
2010.05.20 21:57:59.062,1.21635,1.2171,1.00,1.00
2010.05.20 21:57:59.400,1.2164,1.2171,1.00,1.00
2010.05.20 21:58:00.101,1.21625,1.2171,1.00,1.00
2010.05.20 21:58:00.370,1.21645,1.2171,2.70,1.00
2010.05.20 21:58:04.675,1.2163,1.2171,2.70,1.00
2010.05.20 21:58:06.561,1.2164,1.2171,1.60,1.00
2010.05.20 21:58:06.759,1.2164,1.2171,2.70,1.00
2010.05.20 21:58:07.274,1.2166,1.2171,1.10,1.00
2010.05.20 21:58:08.229,1.2165,1.2171,2.70,1.00
2010.05.20 21:58:08.820,1.2166,1.2171,1.10,1.00
2010.05.20 21:58:08.979,1.2164,1.2171,2.70,1.00
2010.05.20 21:58:09.279,1.21645,1.2171,2.70,1.00
2010.05.20 21:58:09.791,1.21645,1.2171,1.60,1.00
2010.05.20 21:58:10.320,1.2164,1.2171,2.70,1.00
2010.05.20 21:58:10.632,1.2163,1.2171,1.10,1.00
2010.05.20 21:58:11.040,1.2162,1.2171,2.70,1.00
2010.05.20 21:58:11.250,1.2162,1.2171,1.60,1.00
2010.05.20 21:58:11.450,1.21615,1.21705,1.10,1.00
2010.05.20 21:58:11.661,1.2157,1.21705,1.10,1.00
2010.05.20 21:58:13.789,1.2158,1.2171,1.10,1.60
2010.05.20 21:58:13.879,1.21595,1.2171,2.70,1.00
2010.05.20 21:58:15.431,1.2162,1.2171,2.70,1.00
2010.05.20 21:58:15.781,1.2163,1.2171,1.60,1.00
2010.05.20 21:58:15.960,1.2163,1.2171,2.70,1.00
2010.05.20 21:58:17.840,1.21635,1.2171,2.70,1.00
2010.05.20 21:58:20.204,1.21645,1.2171,1.10,1.00
2010.05.20 21:58:20.580,1.2165,1.2171,2.70,1.00
2010.05.20 21:58:23.011,1.21665,1.2171,2.70,1.00
2010.05.20 21:58:25.601,1.2166,1.2171,2.70,1.00
2010.05.20 21:58:25.880,1.2167,1.2171,1.10,1.00
2010.05.20 21:58:26.650,1.21665,1.2171,2.70,1.00
2010.05.20 21:58:26.982,1.2167,1.2171,1.10,1.00
2010.05.20 21:58:34.501,1.2167,1.2171,1.10,1.00
2010.05.20 21:58:36.883,1.21685,1.2171,2.70,1.00
2010.05.20 21:58:46.944,1.2169,1.2171,2.70,1.00
2010.05.20 21:58:47.781,1.2171,1.2172,1.00,1.10
2010.05.20 21:58:48.060,1.217,1.2171,1.00,1.00
2010.05.20 21:58:48.329,1.217,1.21895,1.00,1.00
2010.05.20 21:58:49.094,1.21725,1.21905,1.00,2.00
2010.05.20 21:58:49.263,1.2173,1.2191,1.00,1.00
2010.05.20 21:58:49.750,1.2173,1.2187,1.00,1.00
2010.05.20 21:58:52.940,1.2177,1.2187,1.00,1.00
2010.05.20 21:58:53.123,1.21735,1.21915,1.00,2.00
2010.05.20 21:58:54.481,1.21775,1.21915,1.00,2.00
2010.05.20 21:58:56.717,1.21785,1.21915,1.00,1.60
2010.05.20 21:58:57.078,1.2176,1.21905,2.70,1.00
2010.05.20 21:58:57.422,1.21755,1.21905,1.10,1.00
2010.05.20 21:58:58.365,1.21785,1.2192,1.00,2.40
2010.05.20 21:58:58.593,1.2179,1.21935,1.00,1.00
2010.05.20 21:59:02.463,1.2176,1.2193,2.70,1.00
2010.05.20 21:59:03.150,1.2176,1.21925,2.70,1.00
2010.05.20 21:59:03.610,1.2177,1.2191,2.70,1.00
2010.05.20 21:59:03.839,1.2176,1.2191,2.70,1.00
2010.05.20 21:59:07.090,1.2177,1.2192,2.70,2.50
2010.05.20 21:59:07.784,1.2177,1.2192,2.70,1.00
2010.05.20 21:59:13.609,1.21775,1.21915,1.60,1.00
2010.05.20 21:59:13.693,1.2178,1.21915,1.10,1.00
2010.05.20 21:59:14.729,1.21785,1.21915,1.10,1.00
2010.05.20 21:59:17.470,1.21785,1.21905,1.10,1.00
2010.05.20 21:59:17.610,1.21765,1.21905,2.70,1.00
2010.05.20 21:59:18.949,1.2177,1.2189,2.70,1.60
2010.05.20 21:59:19.289,1.2177,1.2189,2.70,2.00
2010.05.20 21:59:24.240,1.2176,1.2188,1.10,2.00
2010.05.20 21:59:28.180,1.2176,1.2187,1.10,1.60
2010.05.20 21:59:28.279,1.2175,1.21865,2.70,1.00
2010.05.20 21:59:28.539,1.2175,1.2186,2.70,1.00
2010.05.20 21:59:28.591,1.2175,1.2185,1.10,1.60
2010.05.20 21:59:28.690,1.2167,1.21845,8.80,1.00
2010.05.20 21:59:28.738,1.21655,1.21845,1.00,1.00
2010.05.20 21:59:28.790,1.21655,1.21815,1.00,1.60
2010.05.20 21:59:28.840,1.2165,1.21815,1.00,1.60
2010.05.20 21:59:28.890,1.2165,1.2181,1.00,1.00
2010.05.20 21:59:29.232,1.21625,1.21795,1.10,1.00
2010.05.20 21:59:29.846,1.21595,1.2175,1.00,2.00
2010.05.20 21:59:30.201,1.21565,1.21735,1.10,2.00
2010.05.20 21:59:30.391,1.2155,1.2172,2.70,2.00
2010.05.20 21:59:31.221,1.2157,1.21745,1.00,8.80
2010.05.20 21:59:31.559,1.2156,1.2176,1.10,1.00
2010.05.20 21:59:31.899,1.21565,1.2176,1.10,1.00
2010.05.20 21:59:32.821,1.2167,1.2175,1.00,1.00
2010.05.20 21:59:32.969,1.2167,1.21805,1.00,1.00
2010.05.20 21:59:33.409,1.2167,1.21775,1.00,1.00
2010.05.20 21:59:33.740,1.2167,1.2179,1.00,2.00
2010.05.20 21:59:36.459,1.2169,1.2181,1.00,2.00
2010.05.20 21:59:36.879,1.2169,1.21815,1.00,2.00
2010.05.20 21:59:41.014,1.21685,1.218,1.00,1.60
2010.05.20 21:59:41.070,1.21685,1.218,1.00,1.00
2010.05.20 21:59:41.276,1.21685,1.21805,1.00,2.00
2010.05.20 21:59:41.384,1.21665,1.21805,1.00,2.00
2010.05.20 21:59:41.466,1.2166,1.21805,1.00,2.00
2010.05.20 21:59:45.340,1.21665,1.2181,1.00,1.00
2010.05.20 21:59:45.462,1.2168,1.2181,1.00,1.00
2010.05.20 21:59:45.591,1.2171,1.21865,1.00,2.00
2010.05.20 21:59:46.498,1.21715,1.2187,1.00,2.00
2010.05.20 21:59:46.840,1.21705,1.21855,1.00,2.00
2010.05.20 21:59:47.180,1.2171,1.2185,1.00,2.00
2010.05.20 21:59:54.398,1.21695,1.2184,2.00,2.00
2010.05.20 21:59:54.477,1.21645,1.21835,1.00,1.60
2010.05.20 21:59:54.619,1.21645,1.21835,1.00,2.00
2010.05.20 21:59:54.690,1.21645,1.21825,1.00,1.60
2010.05.20 21:59:54.760,1.21655,1.21825,1.00,1.60
2010.05.20 21:59:54.829,1.21655,1.2182,1.00,1.00
2010.05.20 21:59:56.736,1.2166,1.21815,1.00,1.00
2010.05.20 21:59:56.890,1.21785,1.21815,1.30,1.00
2010.05.20 21:59:57.039,1.21785,1.21815,1.00,1.00
2010.05.20 21:59:59.870,1.2164,1.21815,1.00,1.00
