2018.04.05 08:00:00.625,1.05519,1.05543,3.00,1.31
2018.04.05 08:00:00.767,1.05519,1.05541,3.00,1.00
2018.04.05 08:00:01.307,1.05519,1.0554,2.62,1.00
2018.04.05 08:00:02.088,1.05519,1.05541,1.12,1.00
2018.04.05 08:00:02.443,1.05519,1.05539,1.87,1.00
2018.04.05 08:00:02.944,1.05519,1.0554,1.12,1.50
2018.04.05 08:00:03.260,1.05517,1.05537,2.62,1.00
2018.04.05 08:00:03.595,1.05521,1.05541,1.00,1.00
2018.04.05 08:00:04.308,1.0552,1.05541,1.00,1.00
2018.04.05 08:00:04.835,1.05521,1.0554,1.00,1.00
2018.04.05 08:00:05.610,1.05524,1.05541,1.00,1.00
2018.04.05 08:00:05.919,1.05526,1.05542,1.00,1.00
2018.04.05 08:00:06.088,1.05522,1.05542,1.00,1.00
2018.04.05 08:00:06.140,1.05527,1.05542,1.00,1.00
2018.04.05 08:00:06.192,1.05523,1.05542,1.00,1.00
2018.04.05 08:00:06.346,1.05523,1.05544,1.00,1.00
2018.04.05 08:00:06.938,1.05524,1.05544,1.00,1.50
2018.04.05 08:00:07.492,1.05524,1.05546,1.00,1.87
2018.04.05 08:00:08.042,1.05525,1.05546,1.00,1.87
2018.04.05 08:00:08.572,1.05525,1.05546,1.50,1.50
2018.04.05 08:00:09.691,1.05524,1.05546,2.25,1.25
2018.04.05 08:00:10.232,1.05525,1.05546,1.50,1.50
2018.04.05 08:00:11.242,1.05527,1.05546,1.00,1.00
2018.04.05 08:00:11.293,1.05525,1.05547,1.00,1.25
2018.04.05 08:00:11.600,1.05525,1.05546,1.00,1.44
2018.04.05 08:00:12.120,1.05524,1.05544,1.00,1.00
2018.04.05 08:00:12.799,1.05524,1.05543,1.00,1.00
2018.04.05 08:00:13.315,1.05525,1.05544,1.00,1.88
2018.04.05 08:00:13.684,1.05524,1.05542,1.00,1.00
2018.04.05 08:00:13.735,1.05524,1.05544,1.00,1.50
2018.04.05 08:00:14.261,1.05525,1.05543,1.00,1.50
2018.04.05 08:00:15.088,1.05524,1.05543,1.00,1.25
2018.04.05 08:00:15.393,1.05522,1.05543,1.50,1.00
2018.04.05 08:00:15.817,1.05524,1.05544,1.00,1.00
2018.04.05 08:00:16.358,1.05523,1.05546,1.00,2.06
2018.04.05 08:00:16.460,1.05523,1.05546,1.00,2.25
2018.04.05 08:00:16.988,1.05524,1.05545,1.00,1.44
2018.04.05 08:00:17.347,1.05525,1.05546,1.12,1.50
2018.04.05 08:00:18.434,1.05523,1.05546,3.37,1.00
2018.04.05 08:00:19.171,1.05524,1.05546,1.00,1.88
2018.04.05 08:00:20.223,1.05523,1.05546,3.75,1.13
2018.04.05 08:00:20.756,1.05524,1.05545,1.00,1.00
2018.04.05 08:00:21.306,1.05525,1.05546,1.00,1.13
2018.04.05 08:00:21.661,1.05519,1.05542,1.12,1.69
2018.04.05 08:00:21.712,1.05522,1.05542,1.00,1.88
2018.04.05 08:00:22.018,1.05525,1.05543,1.00,1.00
2018.04.05 08:00:22.710,1.05526,1.05543,1.00,1.00
2018.04.05 08:00:23.223,1.05525,1.05543,1.00,1.00
2018.04.05 08:00:23.762,1.05526,1.05543,1.00,1.00
2018.04.05 08:00:23.996,1.05524,1.05543,1.50,1.00
2018.04.05 08:00:24.791,1.05524,1.05544,1.50,1.00
2018.04.05 08:00:24.893,1.05526,1.05544,1.00,1.12
2018.04.05 08:00:24.945,1.05524,1.05544,1.00,1.00
2018.04.05 08:00:24.996,1.05527,1.05544,1.50,1.00
2018.04.05 08:00:25.152,1.05523,1.05542,2.25,1.00
2018.04.05 08:00:25.204,1.05526,1.05542,1.00,1.00
2018.04.05 08:00:25.485,1.05525,1.05544,1.00,1.50
2018.04.05 08:00:25.587,1.05529,1.05546,2.25,1.25
2018.04.05 08:00:25.894,1.05534,1.05547,1.00,1.00
2018.04.05 08:00:26.325,1.05534,1.05549,1.00,1.00
2018.04.05 08:00:26.682,1.05534,1.05551,1.00,2.25
2018.04.05 08:00:27.022,1.0553,1.05549,1.50,1.62
2018.04.05 08:00:27.336,1.05528,1.05548,1.12,1.00
2018.04.05 08:00:27.849,1.05529,1.05549,1.00,1.00
2018.04.05 08:00:28.003,1.05531,1.05549,1.12,1.00
2018.04.05 08:00:28.107,1.05527,1.05549,1.00,1.50
2018.04.05 08:00:28.210,1.05535,1.05554,1.00,1.50
2018.04.05 08:00:28.580,1.05537,1.05554,1.00,1.00
2018.04.05 08:00:29.117,1.05537,1.05553,1.00,1.00
2018.04.05 08:00:29.658,1.05536,1.05554,1.00,1.00
2018.04.05 08:00:30.195,1.05537,1.05554,1.00,1.00
2018.04.05 08:00:30.703,1.05537,1.05553,1.00,1.00
2018.04.05 08:00:31.294,1.05537,1.05554,1.00,1.00
2018.04.05 08:00:31.803,1.05537,1.05553,1.00,1.00
2018.04.05 08:00:32.263,1.05539,1.05554,1.50,1.00
2018.04.05 08:00:32.371,1.05538,1.05557,1.00,1.00
2018.04.05 08:00:32.521,1.0554,1.05557,1.00,1.00
2018.04.05 08:00:33.045,1.05544,1.05559,1.00,1.50
2018.04.05 08:00:33.096,1.05542,1.05558,1.00,1.25
2018.04.05 08:00:33.147,1.05538,1.05555,1.00,1.00
2018.04.05 08:00:33.198,1.05541,1.05555,1.00,1.00
2018.04.05 08:00:33.300,1.05541,1.05558,1.00,1.00
2018.04.05 08:00:33.400,1.05544,1.05558,1.00,1.00
2018.04.05 08:00:33.604,1.05544,1.0556,1.00,1.50
2018.04.05 08:00:34.111,1.05543,1.05559,1.00,1.50
2018.04.05 08:00:34.539,1.05542,1.05561,1.00,1.88
2018.04.05 08:00:35.048,1.05541,1.05559,1.50,1.00
2018.04.05 08:00:35.151,1.05536,1.05556,1.50,1.00
2018.04.05 08:00:35.684,1.05538,1.05556,1.00,1.00
2018.04.05 08:00:36.192,1.05539,1.05556,1.00,1.00
2018.04.05 08:00:36.391,1.05541,1.05557,1.00,1.00
2018.04.05 08:00:36.707,1.05543,1.05557,1.00,1.00
2018.04.05 08:00:36.968,1.05546,1.05562,1.00,1.00
2018.04.05 08:00:37.565,1.05545,1.05562,1.00,1.00
2018.04.05 08:00:38.085,1.05546,1.05563,1.00,1.88
2018.04.05 08:00:38.415,1.05542,1.05564,1.37,2.25
2018.04.05 08:00:39.387,1.05545,1.05562,1.00,1.44
2018.04.05 08:00:39.923,1.05545,1.05559,1.00,1.00
2018.04.05 08:00:40.444,1.05545,1.0556,1.50,1.00
2018.04.05 08:00:40.649,1.05544,1.05562,2.25,1.25
2018.04.05 08:00:40.978,1.05545,1.0556,1.00,1.00
2018.04.05 08:00:41.030,1.05542,1.0556,1.87,1.00
2018.04.05 08:00:41.270,1.05541,1.0556,1.00,1.37
2018.04.05 08:00:41.322,1.05541,1.05557,1.00,1.00
2018.04.05 08:00:41.607,1.05541,1.05559,1.00,1.12
2018.04.05 08:00:42.133,1.05539,1.05558,1.00,1.00
2018.04.05 08:00:42.740,1.05539,1.05557,1.00,1.00
2018.04.05 08:00:43.022,1.05541,1.05558,1.00,1.00
2018.04.05 08:00:43.329,1.05541,1.05556,1.00,1.00
2018.04.05 08:00:43.680,1.05541,1.05559,1.00,1.00
2018.04.05 08:00:43.732,1.05539,1.05559,1.50,1.00
2018.04.05 08:00:44.065,1.0554,1.05557,1.00,1.00
2018.04.05 08:00:44.572,1.05541,1.05558,1.00,1.00
2018.04.05 08:00:44.624,1.05541,1.0556,1.00,1.00
2018.04.05 08:00:44.807,1.05539,1.0556,2.25,1.50
2018.04.05 08:00:45.060,1.05539,1.05558,1.00,1.00
2018.04.05 08:00:45.364,1.05539,1.05555,1.00,1.00
2018.04.05 08:00:45.784,1.05539,1.05557,1.00,1.00
2018.04.05 08:00:46.374,1.05539,1.05558,1.00,1.50
2018.04.05 08:00:46.937,1.05538,1.05558,1.87,1.00
2018.04.05 08:00:47.039,1.05542,1.05558,1.00,1.00
2018.04.05 08:00:47.141,1.05542,1.0556,1.00,1.25
2018.04.05 08:00:47.692,1.0554,1.05559,1.00,1.00
2018.04.05 08:00:48.650,1.05541,1.05561,1.00,1.44
2018.04.05 08:00:48.907,1.0554,1.05558,1.00,1.00
2018.04.05 08:00:49.626,1.05539,1.05559,1.50,1.00
2018.04.05 08:00:49.930,1.05542,1.05559,1.00,1.00
2018.04.05 08:00:50.452,1.05542,1.05558,1.00,1.00
2018.04.05 08:00:50.989,1.05542,1.05559,1.00,1.00
2018.04.05 08:00:51.549,1.05541,1.05559,1.50,1.25
2018.04.05 08:00:52.056,1.05542,1.0556,1.00,1.69
2018.04.05 08:00:52.662,1.05542,1.05559,1.00,1.00
2018.04.05 08:00:53.220,1.05542,1.0556,1.00,2.06
2018.04.05 08:00:53.798,1.05542,1.05559,1.00,1.50
2018.04.05 08:00:55.217,1.05541,1.05559,1.00,1.00
2018.04.05 08:00:55.728,1.05542,1.0556,1.00,1.44
2018.04.05 08:00:56.406,1.05541,1.05559,2.25,1.25
2018.04.05 08:00:56.749,1.05544,1.0556,1.50,1.19
2018.04.05 08:00:57.003,1.05544,1.05563,2.25,1.50
2018.04.05 08:00:57.332,1.05543,1.05561,1.00,1.63
2018.04.05 08:00:57.920,1.05542,1.05559,1.00,1.00
2018.04.05 08:00:58.436,1.05543,1.05559,1.00,1.00
2018.04.05 08:00:59.214,1.05541,1.05559,1.50,1.00
2018.04.05 08:00:59.362,1.05541,1.05557,1.50,1.00
2018.04.05 08:00:59.884,1.05542,1.05558,1.00,1.00
2018.04.05 08:01:00.417,1.05542,1.0556,1.00,1.50
2018.04.05 08:01:00.926,1.05541,1.0556,1.00,1.50
2018.04.05 08:01:02.026,1.05542,1.05561,1.00,1.88
2018.04.05 08:01:02.419,1.0554,1.0556,1.00,1.31
2018.04.05 08:01:02.521,1.05538,1.05561,1.00,3.00
2018.04.05 08:01:03.242,1.05537,1.0556,3.37,1.12
2018.04.05 08:01:03.698,1.05538,1.0556,1.87,1.12
2018.04.05 08:01:04.003,1.05544,1.05563,2.25,2.25
2018.04.05 08:01:04.316,1.05541,1.05562,3.94,1.88
2018.04.05 08:01:05.064,1.05539,1.05559,1.19,1.12
2018.04.05 08:01:05.218,1.05538,1.05559,1.50,1.50
2018.04.05 08:01:05.918,1.05538,1.05559,2.25,1.38
2018.04.05 08:01:06.019,1.05539,1.05558,1.00,1.38
2018.04.05 08:01:06.527,1.05539,1.05558,1.00,1.63
2018.04.05 08:01:07.785,1.05539,1.05559,1.00,1.12
2018.04.05 08:01:08.293,1.05538,1.05558,1.50,1.00
2018.04.05 08:01:08.952,1.05538,1.05558,1.50,1.37
2018.04.05 08:01:09.495,1.05539,1.05558,1.00,1.37
2018.04.05 08:01:10.125,1.05539,1.05558,1.00,1.12
2018.04.05 08:01:10.692,1.05538,1.05558,1.50,1.12
2018.04.05 08:01:11.134,1.05537,1.05557,1.50,1.75
2018.04.05 08:01:11.218,1.05537,1.05557,1.50,1.12
2018.04.05 08:01:11.269,1.0554,1.05559,1.00,3.00
2018.04.05 08:01:12.005,1.0554,1.05558,1.87,1.00
2018.04.05 08:01:14.190,1.0554,1.05556,1.87,1.00
2018.04.05 08:01:14.668,1.05542,1.05556,1.00,1.00
2018.04.05 08:01:14.720,1.05542,1.05559,1.00,1.00
2018.04.05 08:01:15.119,1.05544,1.0556,1.00,1.00
2018.04.05 08:01:15.666,1.05543,1.0556,3.00,1.50
2018.04.05 08:01:16.262,1.05543,1.0556,2.25,2.25
2018.04.05 08:01:16.748,1.05541,1.05558,1.50,1.00
2018.04.05 08:01:20.464,1.0554,1.05558,1.12,1.00
2018.04.05 08:01:21.454,1.05541,1.05558,1.00,1.00
2018.04.05 08:01:21.941,1.0554,1.05561,1.87,3.00
2018.04.05 08:01:22.989,1.0554,1.05561,1.87,2.62
2018.04.05 08:01:23.239,1.05542,1.05561,1.00,2.62
2018.04.05 08:01:23.541,1.05539,1.0556,1.37,1.12
2018.04.05 08:01:23.860,1.05539,1.05558,1.87,1.00
2018.04.05 08:01:24.575,1.05541,1.05559,1.00,1.37
2018.04.05 08:01:25.084,1.05541,1.05559,1.50,1.00
2018.04.05 08:01:25.456,1.05537,1.05557,2.00,1.00
2018.04.05 08:01:25.761,1.0554,1.0556,1.12,3.00
2018.04.05 08:01:27.369,1.0554,1.05558,1.12,1.00
2018.04.05 08:01:28.310,1.0554,1.0556,1.12,2.62
2018.04.05 08:01:29.045,1.05539,1.05559,1.37,1.00
2018.04.05 08:01:30.164,1.05539,1.05557,1.37,1.00
2018.04.05 08:01:30.688,1.05539,1.05558,1.37,1.00
2018.04.05 08:01:31.193,1.0554,1.05557,1.12,1.00
2018.04.05 08:01:31.500,1.05541,1.05559,1.00,1.00
2018.04.05 08:01:32.011,1.0554,1.05559,1.12,1.00
2018.04.05 08:01:34.284,1.05542,1.0556,1.50,1.00
2018.04.05 08:01:34.600,1.05543,1.05563,2.25,1.87
2018.04.05 08:01:34.653,1.05546,1.05563,1.50,1.12
2018.04.05 08:01:35.166,1.05547,1.05563,1.00,2.25
2018.04.05 08:01:35.753,1.05547,1.05563,1.00,1.87
2018.04.05 08:01:36.299,1.05547,1.05562,1.00,1.00
2018.04.05 08:01:36.888,1.05547,1.05563,1.00,1.50
2018.04.05 08:01:37.801,1.05546,1.05563,1.00,1.00
2018.04.05 08:01:37.853,1.05546,1.05565,1.00,1.50
2018.04.05 08:01:38.201,1.05547,1.05563,1.00,1.00
2018.04.05 08:01:38.949,1.05546,1.05563,1.50,1.00
2018.04.05 08:01:39.623,1.05547,1.05563,1.00,1.50
2018.04.05 08:01:45.353,1.05546,1.05563,1.50,1.00
2018.04.05 08:01:45.891,1.05547,1.05563,1.00,1.50
2018.04.05 08:01:47.188,1.05542,1.05564,2.25,3.75
2018.04.05 08:01:47.239,1.05543,1.05562,1.50,1.37
2018.04.05 08:01:47.819,1.05542,1.05561,1.75,1.37
2018.04.05 08:01:48.052,1.05541,1.05561,1.50,1.37
2018.04.05 08:01:48.682,1.05541,1.05562,1.50,1.69
2018.04.05 08:01:48.891,1.05541,1.0556,1.00,1.00
2018.04.05 08:01:49.559,1.05541,1.05559,1.00,1.00
2018.04.05 08:01:50.161,1.05542,1.05559,1.00,1.00
2018.04.05 08:01:50.732,1.05542,1.0556,1.00,1.00
2018.04.05 08:01:51.551,1.05543,1.0556,1.00,1.00
2018.04.05 08:01:52.229,1.05542,1.0556,1.00,1.00
2018.04.05 08:01:52.907,1.05543,1.0556,1.00,1.00
2018.04.05 08:01:53.571,1.05542,1.0556,1.00,1.00
2018.04.05 08:01:54.363,1.05542,1.05559,1.00,1.00
2018.04.05 08:01:54.916,1.05542,1.0556,1.00,1.00
2018.04.05 08:01:55.787,1.05542,1.05559,1.00,1.00
2018.04.05 08:01:56.300,1.05542,1.0556,1.00,1.00
2018.04.05 08:01:56.454,1.05542,1.05562,1.00,1.00
2018.04.05 08:01:56.505,1.05544,1.05562,1.00,1.50
2018.04.05 08:01:56.772,1.05542,1.05565,1.00,2.62
2018.04.05 08:01:57.279,1.05543,1.05563,1.12,1.31
2018.04.05 08:01:58.997,1.05543,1.05564,1.87,1.00
2018.04.05 08:01:59.203,1.05545,1.05564,1.50,3.75
2018.04.05 08:01:59.358,1.05538,1.05557,1.00,1.12
2018.04.05 08:02:00.044,1.05537,1.05557,1.00,1.87
2018.04.05 08:02:00.748,1.05536,1.05557,1.50,1.87
2018.04.05 08:02:02.038,1.05537,1.05557,1.50,1.00
2018.04.05 08:02:03.120,1.05538,1.05557,1.00,1.00
2018.04.05 08:02:03.324,1.0554,1.05557,1.00,1.00
2018.04.05 08:02:03.478,1.05538,1.05557,3.00,1.00
2018.04.05 08:02:04.021,1.05539,1.05557,2.25,1.00
2018.04.05 08:02:05.259,1.05539,1.0556,1.50,2.62
2018.04.05 08:02:05.472,1.05539,1.05558,2.25,1.00
2018.04.05 08:02:05.778,1.05539,1.0556,1.50,2.25
2018.04.05 08:02:09.770,1.0554,1.0556,1.00,1.00
2018.04.05 08:02:10.344,1.05539,1.0556,2.25,1.50
2018.04.05 08:02:10.396,1.05542,1.0556,1.00,2.62
2018.04.05 08:02:10.447,1.05543,1.05562,1.00,1.50
2018.04.05 08:02:10.601,1.05545,1.05562,1.00,1.00
2018.04.05 08:02:11.539,1.05546,1.05562,1.00,1.00
2018.04.05 08:02:11.837,1.05544,1.05562,1.00,1.00
2018.04.05 08:02:11.891,1.05546,1.05562,1.00,1.00
2018.04.05 08:02:12.445,1.05545,1.05562,1.87,1.00
2018.04.05 08:02:13.088,1.05546,1.05562,1.00,1.00
2018.04.05 08:02:14.229,1.05541,1.05562,1.87,1.00
2018.04.05 08:02:14.280,1.05543,1.05564,1.00,2.62
2018.04.05 08:02:14.599,1.05545,1.05565,1.00,2.62
2018.04.05 08:02:14.733,1.05545,1.05565,1.00,2.25
2018.04.05 08:02:15.511,1.05545,1.05564,1.00,1.00
2018.04.05 08:02:16.036,1.05545,1.05565,1.50,1.50
2018.04.05 08:02:16.572,1.05545,1.05564,1.50,1.50
2018.04.05 08:02:17.150,1.05545,1.05565,1.50,2.25
2018.04.05 08:02:17.622,1.05545,1.05562,1.00,1.00
2018.04.05 08:02:17.777,1.05543,1.05562,1.00,1.00
2018.04.05 08:02:17.829,1.05541,1.05562,2.81,1.00
2018.04.05 08:02:18.013,1.05545,1.05562,1.00,1.00
2018.04.05 08:02:18.544,1.05545,1.05563,1.00,1.00
2018.04.05 08:02:18.729,1.05545,1.05565,1.50,1.69
2018.04.05 08:02:19.247,1.05546,1.05566,1.87,1.50
2018.04.05 08:02:19.763,1.05547,1.05566,1.00,2.25
2018.04.05 08:02:20.439,1.05547,1.05566,1.00,1.50
2018.04.05 08:02:21.188,1.05546,1.05566,1.87,2.25
2018.04.05 08:02:21.808,1.05547,1.05566,1.00,3.00
2018.04.05 08:02:22.359,1.05546,1.05566,1.87,2.25
2018.04.05 08:02:23.017,1.05547,1.05566,1.00,3.00
2018.04.05 08:02:23.563,1.05546,1.05566,1.87,1.87
2018.04.05 08:02:24.191,1.05547,1.05566,1.00,1.87
2018.04.05 08:02:25.618,1.05547,1.05566,1.50,1.87
2018.04.05 08:02:26.170,1.05544,1.05566,2.25,1.37
2018.04.05 08:02:26.836,1.05545,1.05565,1.50,1.69
2018.04.05 08:02:27.414,1.05545,1.05566,1.50,2.62
2018.04.05 08:02:28.706,1.05545,1.05566,1.50,2.62
2018.04.05 08:02:29.322,1.05545,1.05566,1.50,2.62
2018.04.05 08:02:29.945,1.05545,1.05566,1.50,2.62
2018.04.05 08:02:30.504,1.05545,1.05566,1.50,2.62
2018.04.05 08:02:31.086,1.05545,1.05566,1.50,2.62
2018.04.05 08:02:31.647,1.05545,1.05565,1.50,1.87
2018.04.05 08:02:33.547,1.05544,1.05565,1.75,1.31
2018.04.05 08:02:34.835,1.05545,1.05564,1.50,1.69
2018.04.05 08:02:37.655,1.05542,1.05564,1.25,1.25
2018.04.05 08:02:38.178,1.05543,1.05563,1.00,1.87
2018.04.05 08:02:38.848,1.05542,1.05563,1.50,3.37
2018.04.05 08:02:38.900,1.05542,1.0556,1.00,1.00
2018.04.05 08:02:38.953,1.0554,1.0556,1.00,1.00
2018.04.05 08:02:39.005,1.0554,1.0556,1.00,1.37
2018.04.05 08:02:39.057,1.05538,1.0556,1.00,1.62
2018.04.05 08:02:39.744,1.05537,1.0556,3.19,1.62
2018.04.05 08:02:40.013,1.05537,1.0556,3.00,2.25
2018.04.05 08:02:40.517,1.05538,1.0556,1.00,1.69
2018.04.05 08:02:40.620,1.05538,1.0556,1.00,2.00
2018.04.05 08:02:40.876,1.05538,1.0556,1.00,1.12
2018.04.05 08:02:42.148,1.05539,1.0556,1.00,1.00
2018.04.05 08:02:43.466,1.05541,1.0556,1.00,2.06
2018.04.05 08:02:43.807,1.05543,1.05559,1.00,1.50
2018.04.05 08:02:43.942,1.05541,1.05563,1.00,1.87
2018.04.05 08:02:44.044,1.05544,1.05564,1.00,3.00
2018.04.05 08:02:44.096,1.05542,1.05564,1.00,2.81
2018.04.05 08:02:44.148,1.05542,1.05563,1.00,1.31
2018.04.05 08:02:44.789,1.05542,1.05561,1.00,1.00
2018.04.05 08:02:45.339,1.05543,1.05561,1.00,1.69
2018.04.05 08:02:45.905,1.05542,1.05561,1.00,3.19
2018.04.05 08:02:46.437,1.05542,1.05561,1.00,1.12
2018.04.05 08:02:47.378,1.05541,1.05561,1.00,1.69
2018.04.05 08:02:47.915,1.0554,1.05561,1.00,1.87
2018.04.05 08:02:48.529,1.05541,1.05561,1.00,1.87
2018.04.05 08:02:49.059,1.0554,1.05561,1.00,1.87
2018.04.05 08:02:49.950,1.0554,1.05561,1.50,1.50
2018.04.05 08:02:50.525,1.05541,1.05561,1.00,1.50
2018.04.05 08:02:51.130,1.05542,1.05561,1.00,1.31
2018.04.05 08:02:51.641,1.05542,1.0556,1.00,1.87
2018.04.05 08:02:52.135,1.05541,1.05564,1.87,1.50
2018.04.05 08:02:52.239,1.05547,1.05565,1.00,1.87
2018.04.05 08:02:53.676,1.05548,1.05565,1.00,1.12
2018.04.05 08:02:53.867,1.05543,1.05563,1.00,2.06
2018.04.05 08:02:54.305,1.05546,1.05564,1.00,1.00
2018.04.05 08:02:54.461,1.05546,1.05566,1.00,1.00
2018.04.05 08:02:54.673,1.05546,1.05566,1.50,1.50
2018.04.05 08:02:55.031,1.05549,1.05565,1.00,1.00
2018.04.05 08:02:55.082,1.05547,1.05567,2.62,1.50
2018.04.05 08:02:55.134,1.05549,1.05567,1.00,2.25
2018.04.05 08:02:55.712,1.05548,1.05567,1.00,1.50
2018.04.05 08:02:56.358,1.05549,1.05567,1.00,1.00
2018.04.05 08:02:58.019,1.0555,1.05567,1.00,1.00
2018.04.05 08:02:58.591,1.05549,1.05567,1.00,1.00
2018.04.05 08:02:59.097,1.0555,1.05567,1.00,1.00
2018.04.05 08:03:01.296,1.05549,1.05567,1.00,1.50
2018.04.05 08:03:01.797,1.0555,1.05567,1.00,1.00
2018.04.05 08:03:02.407,1.05549,1.05567,1.00,1.50
2018.04.05 08:03:02.918,1.0555,1.05567,1.00,1.00
2018.04.05 08:03:04.665,1.05549,1.05567,1.00,1.00
2018.04.05 08:03:04.992,1.0555,1.05564,1.00,1.00
2018.04.05 08:03:05.394,1.0555,1.05567,1.00,1.00
2018.04.05 08:03:07.036,1.05549,1.05567,1.00,1.00
2018.04.05 08:03:08.508,1.0555,1.05567,1.00,1.00
2018.04.05 08:03:09.051,1.05549,1.05566,1.00,1.00
2018.04.05 08:03:09.604,1.0555,1.05566,1.00,1.00
2018.04.05 08:03:10.111,1.05549,1.05566,1.00,1.00
2018.04.05 08:03:10.662,1.0555,1.05566,1.00,1.00
2018.04.05 08:03:11.198,1.0555,1.05567,1.00,1.00
2018.04.05 08:03:11.711,1.05549,1.05567,1.00,1.00
2018.04.05 08:03:12.250,1.0555,1.05566,1.00,1.00
2018.04.05 08:03:12.825,1.05549,1.05566,1.00,1.00
2018.04.05 08:03:13.394,1.05549,1.05568,1.00,1.00
2018.04.05 08:03:13.716,1.05549,1.05566,1.00,1.00
2018.04.05 08:03:15.375,1.05548,1.05566,1.00,1.00
2018.04.05 08:03:15.897,1.0555,1.05567,1.00,1.00
2018.04.05 08:03:21.611,1.0555,1.05568,1.00,1.00
2018.04.05 08:03:22.240,1.0555,1.05567,1.00,1.00
2018.04.05 08:03:22.755,1.0555,1.05568,1.00,1.00
2018.04.05 08:03:23.466,1.05549,1.05568,1.00,1.00
2018.04.05 08:03:24.063,1.0555,1.05568,1.00,1.50
2018.04.05 08:03:24.725,1.05551,1.05568,1.00,1.00
2018.04.05 08:03:25.241,1.0555,1.05569,1.00,1.12
2018.04.05 08:03:25.831,1.05551,1.05568,1.00,1.00
2018.04.05 08:03:27.101,1.0555,1.05569,1.00,1.50
2018.04.05 08:03:27.646,1.05551,1.05568,1.00,1.00
2018.04.05 08:03:28.191,1.05551,1.05569,1.00,1.87
2018.04.05 08:03:28.714,1.0555,1.05569,1.00,1.87
2018.04.05 08:03:29.694,1.0555,1.05568,1.00,1.00
2018.04.05 08:03:30.498,1.05551,1.05568,1.00,1.50
2018.04.05 08:03:32.749,1.05549,1.05564,1.00,1.00
2018.04.05 08:03:32.800,1.0555,1.05566,1.00,1.00
2018.04.05 08:03:32.851,1.05543,1.05564,1.00,1.12
2018.04.05 08:03:33.156,1.05545,1.05563,1.00,1.00
2018.04.05 08:03:33.415,1.05547,1.05567,1.00,1.50
2018.04.05 08:03:34.182,1.05547,1.05566,1.00,1.00
2018.04.05 08:03:34.691,1.05548,1.05567,1.00,2.25
2018.04.05 08:03:35.207,1.05548,1.05566,1.00,1.00
2018.04.05 08:03:35.781,1.05548,1.05567,1.00,2.25
2018.04.05 08:03:36.295,1.05547,1.05567,1.00,1.50
2018.04.05 08:03:37.094,1.05548,1.05567,1.00,2.25
2018.04.05 08:03:37.765,1.05548,1.05566,1.00,1.00
2018.04.05 08:03:38.280,1.05548,1.05567,1.00,1.50
2018.04.05 08:03:38.892,1.05549,1.05566,1.00,1.00
2018.04.05 08:03:39.415,1.05549,1.05567,1.00,2.25
2018.04.05 08:03:39.866,1.05547,1.05566,1.00,1.00
2018.04.05 08:03:39.918,1.05545,1.05566,1.00,1.00
2018.04.05 08:03:40.610,1.05546,1.05565,1.00,1.00
2018.04.05 08:03:40.662,1.05544,1.05564,1.50,1.00
2018.04.05 08:03:40.816,1.05546,1.05564,1.00,1.00
2018.04.05 08:03:41.719,1.05547,1.05564,1.00,1.00
2018.04.05 08:03:42.038,1.05547,1.05562,1.00,1.00
2018.04.05 08:03:42.606,1.05546,1.05563,1.00,1.00
2018.04.05 08:03:43.145,1.05546,1.05564,1.00,1.50
2018.04.05 08:03:43.690,1.05546,1.05563,1.00,1.00
2018.04.05 08:03:43.947,1.05544,1.05565,1.50,1.50
2018.04.05 08:03:44.247,1.05545,1.05563,1.00,1.00
2018.04.05 08:03:44.794,1.05544,1.05564,1.50,1.00
2018.04.05 08:03:45.234,1.05546,1.05564,1.00,1.50
2018.04.05 08:03:45.754,1.05546,1.05563,1.00,1.00
2018.04.05 08:03:46.346,1.05546,1.05562,1.00,1.00
2018.04.05 08:03:46.652,1.05546,1.05564,1.87,1.00
2018.04.05 08:03:47.172,1.05546,1.05564,2.81,1.00
2018.04.05 08:03:47.995,1.05546,1.05565,2.81,1.00
2018.04.05 08:03:48.169,1.0555,1.05567,1.00,1.00
2018.04.05 08:03:48.271,1.05548,1.05566,1.25,1.00
2018.04.05 08:03:48.769,1.05548,1.05564,1.50,1.00
2018.04.05 08:03:49.438,1.05548,1.05566,1.50,1.00
2018.04.05 08:03:50.190,1.05547,1.05566,1.87,1.00
2018.04.05 08:03:50.947,1.05548,1.05566,1.50,1.00
2018.04.05 08:03:51.434,1.05548,1.05564,1.50,1.00
2018.04.05 08:03:52.072,1.05547,1.05564,1.69,1.00
2018.04.05 08:03:52.225,1.05548,1.05568,1.50,1.12
2018.04.05 08:03:52.277,1.05545,1.05565,1.50,1.00
2018.04.05 08:03:53.061,1.05545,1.05563,1.00,1.00
2018.04.05 08:03:54.236,1.05544,1.05563,1.00,1.50
2018.04.05 08:03:55.469,1.0555,1.05565,1.00,1.50
2018.04.05 08:03:55.789,1.0555,1.05567,1.00,1.87
2018.04.05 08:03:56.303,1.05549,1.05567,1.00,1.87
2018.04.05 08:03:56.542,1.05546,1.05566,1.50,1.50
2018.04.05 08:03:56.594,1.05543,1.05566,1.50,1.50
2018.04.05 08:03:56.645,1.05543,1.05566,1.00,2.62
2018.04.05 08:03:57.304,1.05543,1.05565,1.69,1.25
2018.04.05 08:03:57.805,1.05543,1.05564,1.37,1.00
2018.04.05 08:03:57.857,1.05546,1.05564,1.00,1.12
2018.04.05 08:03:58.432,1.05548,1.05564,1.00,1.50
2018.04.05 08:03:58.956,1.05549,1.05564,1.00,1.00
2018.04.05 08:03:59.489,1.05548,1.05564,1.00,1.00
2018.04.05 08:03:59.540,1.05549,1.05566,1.00,1.50
2018.04.05 08:04:00.116,1.05549,1.05565,1.00,1.00
2018.04.05 08:04:00.219,1.05546,1.05565,1.00,1.00
2018.04.05 08:04:00.895,1.05546,1.05566,1.00,1.50
2018.04.05 08:04:01.435,1.05547,1.05567,1.00,1.50
2018.04.05 08:04:01.947,1.05547,1.05566,1.00,1.00
2018.04.05 08:04:02.567,1.05547,1.05567,1.00,1.50
2018.04.05 08:04:03.261,1.05548,1.05568,1.12,1.50
2018.04.05 08:04:03.797,1.05548,1.05568,1.12,1.37
2018.04.05 08:04:04.586,1.05549,1.05568,1.00,1.87
2018.04.05 08:04:05.298,1.05548,1.05568,1.87,1.87
2018.04.05 08:04:05.907,1.05548,1.05568,1.87,1.87
2018.04.05 08:04:06.419,1.05548,1.05567,1.12,1.00
2018.04.05 08:04:06.966,1.05548,1.05568,1.12,1.50
2018.04.05 08:04:07.558,1.05548,1.05568,1.12,3.00
2018.04.05 08:04:08.219,1.05549,1.05568,1.00,1.87
2018.04.05 08:04:09.758,1.05549,1.05567,1.00,1.00
2018.04.05 08:04:10.312,1.05548,1.05568,1.87,1.87
2018.04.05 08:04:10.766,1.05547,1.05568,1.69,2.25
2018.04.05 08:04:12.341,1.05547,1.05568,1.69,2.25
2018.04.05 08:04:14.726,1.05547,1.05567,1.69,1.50
2018.04.05 08:04:15.296,1.05548,1.05566,1.12,2.25
2018.04.05 08:04:15.501,1.05541,1.05562,2.25,1.37
2018.04.05 08:04:15.604,1.05544,1.05562,1.00,1.87
2018.04.05 08:04:16.526,1.05544,1.05562,1.00,2.25
2018.04.05 08:04:17.096,1.05541,1.05562,1.50,1.50
2018.04.05 08:04:18.285,1.05541,1.05561,1.50,1.50
2018.04.05 08:04:18.806,1.05541,1.05561,1.50,1.75
2018.04.05 08:04:24.365,1.0554,1.05562,3.37,2.25
2018.04.05 08:04:24.569,1.05542,1.05561,1.00,3.00
2018.04.05 08:04:25.169,1.05543,1.05561,1.00,2.25
2018.04.05 08:04:25.778,1.05543,1.05561,1.00,1.75
2018.04.05 08:04:26.239,1.05542,1.05562,1.00,1.37
2018.04.05 08:04:27.269,1.05543,1.05562,1.00,1.00
2018.04.05 08:04:27.322,1.05546,1.05564,1.00,1.12
2018.04.05 08:04:27.822,1.05546,1.05566,1.00,2.81
2018.04.05 08:04:28.179,1.05546,1.05566,1.00,5.25
2018.04.05 08:04:28.285,1.05544,1.05565,1.00,1.87
2018.04.05 08:04:28.877,1.05545,1.05564,1.00,1.75
2018.04.05 08:04:29.031,1.05545,1.05564,1.00,1.50
2018.04.05 08:04:29.546,1.05545,1.05563,1.00,1.50
2018.04.05 08:04:29.748,1.05543,1.05562,2.25,1.50
2018.04.05 08:04:30.008,1.05545,1.05562,1.00,1.37
2018.04.05 08:04:30.377,1.05544,1.05563,1.50,1.12
2018.04.05 08:04:31.030,1.05545,1.05564,1.00,1.50
2018.04.05 08:04:31.081,1.05545,1.05564,1.00,1.37
2018.04.05 08:04:31.958,1.05544,1.05565,1.00,2.25
2018.04.05 08:04:32.515,1.05545,1.05565,1.00,3.19
2018.04.05 08:04:33.264,1.05542,1.05563,2.44,1.37
2018.04.05 08:04:33.571,1.05542,1.05561,1.00,2.25
2018.04.05 08:04:33.623,1.05541,1.05561,1.87,1.12
2018.04.05 08:04:33.881,1.0554,1.0556,1.50,1.50
2018.04.05 08:04:33.933,1.05538,1.0556,1.12,1.50
2018.04.05 08:04:34.862,1.05537,1.0556,1.69,3.00
2018.04.05 08:04:35.443,1.05537,1.0556,1.50,3.00
2018.04.05 08:04:35.495,1.05537,1.0556,1.50,3.00
2018.04.05 08:04:36.255,1.05538,1.0556,1.00,3.00
2018.04.05 08:04:36.621,1.05543,1.05561,1.00,1.37
2018.04.05 08:04:36.826,1.05542,1.05563,1.00,1.31
2018.04.05 08:04:38.246,1.05543,1.05563,1.00,1.12
2018.04.05 08:04:38.747,1.05542,1.05565,1.12,2.25
2018.04.05 08:04:39.489,1.05541,1.05564,1.00,2.00
2018.04.05 08:04:39.861,1.05543,1.05561,1.00,1.37
2018.04.05 08:04:40.015,1.05543,1.05564,1.00,2.62
2018.04.05 08:04:40.166,1.05543,1.05564,1.00,2.62
2018.04.05 08:04:40.674,1.05542,1.05564,1.00,1.75
2018.04.05 08:04:41.024,1.05542,1.05561,1.00,2.25
2018.04.05 08:04:41.125,1.05538,1.05558,1.00,1.75
2018.04.05 08:04:41.277,1.05539,1.05558,1.69,1.75
2018.04.05 08:04:41.379,1.05538,1.05558,1.00,1.75
2018.04.05 08:04:42.212,1.05538,1.05558,1.25,1.75
2018.04.05 08:04:42.263,1.05537,1.05558,1.87,1.75
2018.04.05 08:04:42.315,1.05539,1.0556,1.50,3.00
2018.04.05 08:04:42.670,1.0554,1.0556,1.69,1.50
2018.04.05 08:04:43.387,1.0554,1.05561,1.00,2.25
2018.04.05 08:04:43.898,1.05541,1.05561,1.00,1.87
2018.04.05 08:04:44.500,1.05542,1.05561,1.00,1.37
2018.04.05 08:04:45.090,1.05543,1.05562,1.00,1.50
2018.04.05 08:04:45.836,1.05542,1.05562,1.00,1.50
2018.04.05 08:04:46.355,1.05543,1.05562,1.00,1.37
2018.04.05 08:04:46.948,1.05542,1.05562,1.00,1.37
2018.04.05 08:04:47.367,1.05544,1.05562,1.00,1.37
2018.04.05 08:04:47.674,1.05547,1.05564,1.00,1.12
2018.04.05 08:04:48.265,1.05545,1.05565,1.00,1.50
2018.04.05 08:04:48.986,1.05544,1.05565,1.00,1.75
2018.04.05 08:04:49.517,1.05545,1.05565,1.00,1.75
2018.04.05 08:04:50.668,1.05548,1.05567,1.00,2.25
2018.04.05 08:04:50.822,1.0555,1.05567,1.00,1.12
2018.04.05 08:04:51.274,1.05547,1.05567,1.25,1.12
2018.04.05 08:04:52.818,1.05547,1.05567,1.00,1.50
2018.04.05 08:04:53.645,1.05548,1.05567,1.00,1.50
2018.04.05 08:04:54.171,1.05547,1.05567,1.00,1.50
2018.04.05 08:04:56.227,1.05548,1.05567,1.00,1.50
2018.04.05 08:04:57.547,1.05547,1.05567,1.00,1.50
2018.04.05 08:04:58.104,1.05548,1.05567,1.00,1.50
2018.04.05 08:04:59.690,1.05549,1.05567,1.00,2.25
2018.04.05 08:04:59.899,1.05547,1.05567,1.00,4.87
2018.04.05 08:05:00.443,1.05547,1.05567,1.50,1.12
2018.04.05 08:05:00.986,1.05548,1.05567,1.00,1.12
2018.04.05 08:05:02.343,1.05548,1.0557,1.00,3.37
2018.04.05 08:05:02.876,1.05547,1.0557,1.50,1.12
2018.04.05 08:05:03.701,1.05548,1.0557,1.00,1.75
2018.04.05 08:05:04.250,1.05547,1.0557,1.50,1.12
2018.04.05 08:05:04.821,1.05548,1.0557,1.00,3.00
2018.04.05 08:05:05.462,1.05547,1.0557,1.50,1.75
2018.04.05 08:05:06.649,1.05548,1.0557,1.00,1.75
2018.04.05 08:05:07.378,1.05547,1.05571,1.50,3.75
2018.04.05 08:05:07.897,1.05547,1.0557,1.00,1.12
2018.04.05 08:05:08.904,1.05546,1.0557,2.25,1.75
2018.04.05 08:05:09.261,1.05552,1.05571,1.00,2.19
2018.04.05 08:05:09.518,1.05552,1.05571,1.00,1.69
2018.04.05 08:05:09.632,1.0555,1.05571,1.00,1.50
2018.04.05 08:05:10.767,1.05551,1.05571,1.00,1.87
2018.04.05 08:05:11.807,1.05551,1.05571,1.00,1.75
2018.04.05 08:05:12.319,1.0555,1.05571,1.00,1.75
2018.04.05 08:05:12.967,1.05551,1.05571,1.00,1.75
2018.04.05 08:05:13.557,1.0555,1.05571,1.00,1.75
2018.04.05 08:05:14.074,1.05551,1.05571,1.00,1.75
2018.04.05 08:05:14.892,1.0555,1.05571,1.00,1.75
2018.04.05 08:05:16.520,1.05551,1.05571,1.00,1.75
2018.04.05 08:05:20.186,1.0555,1.05571,1.00,2.25
2018.04.05 08:05:20.835,1.05551,1.05571,1.00,1.75
2018.04.05 08:05:20.939,1.05547,1.0557,1.50,2.25
2018.04.05 08:05:23.351,1.05549,1.0557,1.00,1.87
2018.04.05 08:05:23.402,1.05546,1.0557,2.25,1.12
2018.04.05 08:05:23.926,1.05547,1.0557,1.00,3.00
2018.04.05 08:05:24.515,1.05546,1.0557,2.25,1.50
2018.04.05 08:05:25.294,1.05547,1.0557,1.00,3.00
2018.04.05 08:05:25.904,1.05547,1.05569,1.00,1.31
2018.04.05 08:05:26.422,1.05546,1.05569,2.25,1.31
2018.04.05 08:05:29.025,1.05547,1.0557,1.00,3.75
2018.04.05 08:05:29.564,1.05546,1.0557,1.50,3.75
2018.04.05 08:05:38.611,1.05547,1.05569,1.00,1.12
2018.04.05 08:05:39.124,1.05546,1.05569,1.50,1.12
2018.04.05 08:05:40.260,1.05547,1.05569,1.25,1.12
2018.04.05 08:05:41.786,1.05546,1.05569,2.62,1.87
2018.04.05 08:05:42.657,1.05547,1.0557,1.00,2.81
2018.04.05 08:05:43.780,1.05546,1.05569,2.44,1.12
2018.04.05 08:05:44.498,1.05547,1.05569,1.00,1.12
2018.04.05 08:05:45.141,1.05546,1.05569,2.44,1.12
2018.04.05 08:05:45.801,1.05547,1.0557,1.00,2.81
2018.04.05 08:05:47.945,1.05546,1.0557,2.44,1.12
2018.04.05 08:05:48.924,1.05547,1.0557,1.00,2.62
2018.04.05 08:05:50.595,1.05546,1.05569,2.62,1.12
2018.04.05 08:05:52.925,1.05546,1.0557,2.44,3.56
2018.04.05 08:05:54.473,1.05548,1.05569,1.00,1.37
2018.04.05 08:05:54.816,1.05553,1.05571,1.00,1.87
2018.04.05 08:05:55.392,1.05554,1.05571,1.00,1.87
2018.04.05 08:05:55.494,1.05553,1.05573,1.00,1.00
2018.04.05 08:05:55.685,1.05558,1.05576,1.00,2.25
2018.04.05 08:05:56.195,1.05557,1.05577,1.00,1.00
2018.04.05 08:05:56.949,1.05556,1.05578,1.50,1.12
2018.04.05 08:05:57.615,1.05557,1.05579,1.00,2.62
2018.04.05 08:05:58.400,1.05556,1.05579,1.50,2.62
2018.04.05 08:05:59.442,1.05556,1.05578,1.00,1.50
2018.04.05 08:06:00.122,1.05556,1.05576,1.00,1.00
2018.04.05 08:06:00.460,1.05554,1.05575,1.00,1.00
2018.04.05 08:06:00.665,1.05555,1.05577,1.50,1.12
2018.04.05 08:06:00.789,1.05558,1.05575,1.00,1.00
2018.04.05 08:06:00.892,1.05558,1.05579,1.00,1.50
2018.04.05 08:06:01.437,1.05559,1.05578,1.00,1.12
2018.04.05 08:06:02.340,1.05558,1.05579,1.00,1.37
2018.04.05 08:06:03.406,1.0556,1.05578,1.00,1.00
2018.04.05 08:06:03.935,1.05561,1.05579,1.00,1.87
2018.04.05 08:06:05.416,1.05561,1.05577,1.00,1.00
2018.04.05 08:06:06.135,1.0556,1.05577,1.00,1.00
2018.04.05 08:06:06.472,1.05556,1.05579,1.00,2.62
2018.04.05 08:06:06.523,1.05556,1.05577,1.00,1.50
2018.04.05 08:06:06.574,1.05553,1.05577,1.87,1.50
2018.04.05 08:06:07.092,1.05554,1.05577,1.12,1.69
2018.04.05 08:06:07.662,1.05555,1.05575,1.00,1.87
2018.04.05 08:06:08.326,1.05554,1.05575,1.00,2.25
2018.04.05 08:06:09.327,1.05555,1.05574,1.00,1.12
2018.04.05 08:06:10.096,1.05554,1.05575,1.00,2.25
2018.04.05 08:06:10.762,1.05553,1.05574,1.00,1.12
2018.04.05 08:06:11.318,1.05554,1.05574,1.00,1.12
2018.04.05 08:06:12.782,1.05554,1.05575,1.00,3.37
2018.04.05 08:06:13.330,1.05553,1.05574,1.00,3.00
2018.04.05 08:06:13.858,1.05552,1.05574,1.00,1.50
2018.04.05 08:06:14.599,1.05553,1.05574,1.00,3.00
2018.04.05 08:06:14.872,1.05553,1.05574,1.00,2.81
2018.04.05 08:06:15.816,1.05554,1.05574,1.00,2.06
2018.04.05 08:06:16.475,1.05553,1.05575,1.00,2.25
2018.04.05 08:06:17.152,1.05554,1.05575,1.00,4.50
2018.04.05 08:06:17.838,1.05555,1.05575,1.00,2.25
2018.04.05 08:06:18.094,1.05557,1.05577,1.00,4.12
2018.04.05 08:06:18.477,1.05561,1.05579,1.00,1.50
2018.04.05 08:06:18.583,1.05559,1.05579,3.00,1.00
2018.04.05 08:06:18.744,1.05562,1.05579,1.00,1.00
2018.04.05 08:06:19.290,1.05561,1.05579,1.00,1.00
2018.04.05 08:06:19.792,1.0556,1.05578,1.00,1.00
2018.04.05 08:06:20.416,1.05561,1.05578,1.00,1.00
2018.04.05 08:06:21.794,1.05561,1.05579,1.00,1.50
2018.04.05 08:06:21.911,1.05559,1.05579,1.50,1.00
2018.04.05 08:06:24.921,1.05559,1.0558,2.25,1.50
2018.04.05 08:06:25.487,1.0556,1.0558,1.00,1.00
2018.04.05 08:06:26.152,1.05559,1.0558,2.25,1.12
2018.04.05 08:06:29.141,1.05562,1.0558,1.00,1.00
2018.04.05 08:06:29.785,1.05561,1.0558,1.00,1.00
2018.04.05 08:06:31.105,1.05562,1.0558,1.00,1.50
2018.04.05 08:06:31.653,1.05561,1.0558,1.00,1.50
2018.04.05 08:06:32.704,1.05559,1.0558,1.50,1.50
2018.04.05 08:06:35.345,1.0556,1.0558,1.00,1.00
2018.04.05 08:06:35.912,1.05559,1.0558,1.50,1.50
2018.04.05 08:06:37.268,1.05561,1.0558,1.00,1.00
2018.04.05 08:06:40.245,1.05562,1.0558,1.00,1.50
2018.04.05 08:06:43.359,1.05561,1.0558,1.00,1.00
2018.04.05 08:06:44.646,1.05562,1.05581,1.50,1.00
2018.04.05 08:06:45.163,1.05563,1.05581,1.50,1.00
2018.04.05 08:06:45.565,1.05563,1.05583,1.00,1.00
2018.04.05 08:06:45.617,1.05565,1.05583,1.00,1.00
2018.04.05 08:06:46.270,1.05565,1.05584,1.00,1.12
2018.04.05 08:06:47.483,1.05565,1.05585,1.00,1.00
2018.04.05 08:06:49.166,1.05565,1.05586,1.00,1.12
2018.04.05 08:07:00.164,1.05568,1.05587,1.00,1.87
2018.04.05 08:07:01.567,1.05569,1.05586,1.00,1.00
2018.04.05 08:07:03.817,1.05569,1.05587,1.00,1.50
2018.04.05 08:07:05.202,1.05569,1.05587,1.00,1.87
2018.04.05 08:07:08.028,1.05568,1.05587,1.00,1.37
2018.04.05 08:07:08.637,1.05569,1.05587,1.00,1.87
2018.04.05 08:07:11.521,1.05566,1.05586,1.00,1.12
2018.04.05 08:07:12.084,1.05567,1.05588,1.00,3.00
2018.04.05 08:07:12.488,1.05565,1.05586,1.00,1.75
2018.04.05 08:07:13.668,1.05564,1.05586,1.00,1.75
2018.04.05 08:07:16.382,1.05565,1.05588,1.00,3.75
2018.04.05 08:07:16.921,1.05565,1.05588,1.00,3.94
2018.04.05 08:07:18.775,1.05565,1.05588,1.00,2.06
2018.04.05 08:07:22.237,1.05563,1.05586,1.87,1.94
2018.04.05 08:07:22.826,1.05564,1.05586,1.00,2.62
2018.04.05 08:07:24.459,1.05565,1.05586,1.00,3.19
2018.04.05 08:07:30.641,1.05565,1.05586,1.00,1.87
2018.04.05 08:07:31.007,1.05563,1.05586,1.00,1.87
2018.04.05 08:07:32.437,1.05563,1.05585,1.25,1.75
2018.04.05 08:07:35.219,1.05565,1.05586,1.00,1.56
2018.04.05 08:07:38.935,1.05566,1.05586,1.00,1.37
2018.04.05 08:07:42.945,1.05565,1.05586,1.50,1.37
2018.04.05 08:07:44.099,1.05566,1.05586,1.00,1.87
2018.04.05 08:07:44.996,1.05567,1.05586,1.00,1.37
2018.04.05 08:07:45.982,1.05567,1.05587,1.00,1.37
2018.04.05 08:07:49.541,1.05567,1.05587,1.50,1.50
2018.04.05 08:07:50.116,1.05568,1.05587,1.00,1.50
2018.04.05 08:07:52.684,1.05568,1.05584,1.00,1.00
2018.04.05 08:07:53.223,1.05568,1.05587,1.00,1.50
2018.04.05 08:07:55.955,1.05567,1.05587,1.50,1.50
2018.04.05 08:07:56.928,1.05565,1.05587,1.00,1.50
2018.04.05 08:07:59.571,1.05565,1.05588,2.25,2.25
2018.04.05 08:08:00.116,1.05566,1.05588,1.00,2.25
2018.04.05 08:08:00.637,1.05567,1.05588,1.00,1.50
2018.04.05 08:08:00.739,1.0557,1.05588,1.00,1.37
2018.04.05 08:08:01.370,1.05569,1.05588,1.00,1.37
2018.04.05 08:08:02.003,1.0557,1.05588,1.00,1.37
2018.04.05 08:08:02.467,1.05568,1.05588,1.00,2.62
2018.04.05 08:08:02.620,1.05566,1.05588,1.00,1.87
2018.04.05 08:08:03.158,1.05566,1.05589,1.44,1.50
2018.04.05 08:08:03.669,1.05566,1.05589,1.44,1.12
2018.04.05 08:08:04.244,1.05566,1.05589,1.25,1.12
2018.04.05 08:08:05.162,1.05566,1.05589,1.00,1.50
2018.04.05 08:08:08.570,1.05567,1.05589,1.00,1.50
2018.04.05 08:08:08.774,1.05565,1.0559,2.81,2.25
2018.04.05 08:08:09.478,1.05565,1.0559,2.62,2.25
2018.04.05 08:08:10.209,1.05565,1.0559,2.81,2.62
2018.04.05 08:08:11.301,1.05566,1.0559,1.00,2.62
2018.04.05 08:08:17.478,1.05565,1.05588,2.25,1.12
2018.04.05 08:08:23.550,1.05566,1.0559,1.00,3.00
2018.04.05 08:08:24.323,1.05567,1.0559,1.00,2.62
2018.04.05 08:08:29.098,1.05567,1.0559,1.00,2.62
2018.04.05 08:08:39.111,1.05568,1.05588,1.00,1.12
2018.04.05 08:08:39.616,1.05567,1.05589,1.50,1.50
2018.04.05 08:08:40.216,1.05567,1.05589,1.00,2.44
2018.04.05 08:08:40.753,1.05568,1.05589,1.00,1.75
2018.04.05 08:08:41.776,1.05568,1.0559,1.00,3.37
2018.04.05 08:08:42.313,1.05568,1.0559,1.00,3.37
2018.04.05 08:08:42.364,1.05567,1.0559,1.00,2.62
2018.04.05 08:08:43.850,1.05567,1.0559,1.00,2.62
2018.04.05 08:08:43.953,1.05569,1.05589,1.00,1.37
2018.04.05 08:08:44.005,1.05566,1.05589,1.00,1.87
2018.04.05 08:08:44.181,1.05565,1.05588,1.00,2.81
2018.04.05 08:08:44.386,1.05563,1.05588,1.00,3.00
2018.04.05 08:08:45.214,1.05563,1.05586,1.00,1.50
2018.04.05 08:08:48.126,1.05561,1.05585,2.62,1.37
2018.04.05 08:08:48.668,1.05561,1.05585,1.50,1.75
2018.04.05 08:08:49.179,1.05562,1.05585,1.00,1.75
2018.04.05 08:08:49.770,1.05562,1.05585,1.00,1.12
2018.04.05 08:08:50.306,1.05561,1.05585,1.50,1.12
2018.04.05 08:08:54.854,1.0556,1.05581,1.50,1.00
2018.04.05 08:08:55.384,1.0556,1.0558,1.00,1.00
2018.04.05 08:08:55.642,1.05563,1.0558,1.00,1.00
2018.04.05 08:08:56.076,1.05562,1.05583,1.00,2.62
2018.04.05 08:08:56.164,1.0556,1.05582,1.00,1.12
2018.04.05 08:08:56.945,1.0556,1.05581,1.00,1.00
2018.04.05 08:08:58.155,1.0556,1.05583,1.00,1.37
2018.04.05 08:08:58.719,1.0556,1.05583,1.00,1.50
2018.04.05 08:09:01.788,1.05558,1.05578,1.00,1.00
2018.04.05 08:09:01.839,1.05555,1.05576,1.00,1.00
2018.04.05 08:09:02.387,1.05553,1.05576,2.06,1.37
2018.04.05 08:09:03.554,1.05553,1.05576,3.19,1.00
2018.04.05 08:09:04.075,1.05553,1.05576,2.62,1.00
2018.04.05 08:09:04.654,1.05553,1.05576,2.62,1.00
2018.04.05 08:09:05.496,1.05553,1.05578,2.62,4.50
2018.04.05 08:09:06.311,1.05553,1.05576,2.62,1.00
2018.04.05 08:09:06.852,1.05553,1.05576,2.62,1.56
2018.04.05 08:09:07.419,1.05553,1.05578,2.62,4.50
2018.04.05 08:09:08.846,1.05553,1.05578,2.62,4.50
2018.04.05 08:09:09.452,1.05553,1.05578,1.44,2.25
2018.04.05 08:09:10.203,1.05553,1.05578,1.87,4.50
2018.04.05 08:09:10.933,1.05553,1.05576,1.87,1.00
2018.04.05 08:09:13.402,1.05553,1.05576,1.69,1.00
2018.04.05 08:09:14.567,1.05553,1.05575,1.12,1.00
2018.04.05 08:09:14.927,1.05554,1.05577,1.25,1.12
2018.04.05 08:09:15.980,1.05554,1.05579,1.69,1.69
2018.04.05 08:09:16.499,1.05556,1.05578,1.00,1.75
2018.04.05 08:09:17.893,1.05557,1.05579,1.00,2.25
2018.04.05 08:09:19.993,1.05557,1.0558,1.00,1.50
2018.04.05 08:09:20.601,1.05557,1.0558,1.00,1.31
2018.04.05 08:09:20.771,1.05557,1.0558,1.00,1.12
2018.04.05 08:09:20.982,1.05557,1.0558,1.00,1.31
2018.04.05 08:09:21.092,1.05557,1.0558,1.00,1.12
2018.04.05 08:09:21.825,1.05557,1.05579,1.00,1.00
2018.04.05 08:09:22.348,1.05556,1.05579,1.25,1.00
2018.04.05 08:09:22.865,1.05556,1.05579,1.00,1.19
2018.04.05 08:09:23.484,1.05556,1.05579,1.25,1.00
2018.04.05 08:09:24.190,1.05556,1.05579,1.00,1.87
2018.04.05 08:09:24.471,1.05554,1.05576,1.00,2.25
2018.04.05 08:09:24.980,1.05554,1.05576,1.00,3.00
2018.04.05 08:09:25.382,1.05554,1.05575,1.00,1.50
2018.04.05 08:09:25.908,1.05553,1.05576,1.00,2.00
2018.04.05 08:09:26.863,1.05553,1.05577,1.00,5.44
2018.04.05 08:09:27.003,1.05553,1.05577,1.00,3.94
2018.04.05 08:09:27.672,1.05556,1.05577,1.00,1.00
2018.04.05 08:09:27.845,1.05558,1.0558,1.00,1.50
2018.04.05 08:09:28.058,1.05558,1.0558,1.00,1.75
2018.04.05 08:09:28.448,1.05558,1.0558,1.37,1.00
2018.04.05 08:09:30.515,1.05559,1.0558,1.00,1.37
2018.04.05 08:09:33.164,1.05559,1.0558,1.00,1.00
2018.04.05 08:09:34.588,1.0556,1.05582,1.00,1.37
2018.04.05 08:09:34.748,1.05557,1.0558,1.31,1.12
2018.04.05 08:09:34.801,1.05557,1.05581,1.00,2.44
2018.04.05 08:09:35.324,1.05557,1.05582,1.00,4.50
2018.04.05 08:09:36.289,1.05557,1.05581,1.00,1.12
2018.04.05 08:09:37.688,1.05557,1.05581,1.00,1.87
2018.04.05 08:09:38.810,1.05557,1.05582,1.50,1.87
2018.04.05 08:09:40.185,1.05559,1.05582,1.00,1.37
2018.04.05 08:09:40.728,1.0556,1.05582,1.00,1.00
2018.04.05 08:09:42.352,1.05561,1.05584,1.00,1.31
2018.04.05 08:09:42.877,1.05559,1.05584,2.06,2.06
2018.04.05 08:09:43.217,1.05559,1.05582,1.00,1.50
2018.04.05 08:09:43.320,1.05559,1.05582,1.50,1.00
2018.04.05 08:09:43.841,1.05559,1.05583,1.69,1.12
2018.04.05 08:09:44.378,1.05561,1.05583,1.00,1.12
2018.04.05 08:09:45.803,1.05561,1.05584,1.00,2.44
2018.04.05 08:09:47.038,1.05559,1.05583,1.50,2.62
2018.04.05 08:09:47.397,1.0556,1.05582,1.50,1.12
2018.04.05 08:09:47.449,1.05562,1.05582,1.00,1.12
2018.04.05 08:09:48.950,1.05562,1.05584,1.50,1.37
2018.04.05 08:09:51.150,1.05562,1.05585,1.50,1.87
2018.04.05 08:09:51.634,1.05562,1.05585,1.50,1.37
2018.04.05 08:09:53.025,1.05562,1.05585,1.00,1.37
2018.04.05 08:09:53.543,1.05563,1.05585,1.00,1.12
2018.04.05 08:09:55.321,1.05562,1.05585,1.00,1.75
2018.04.05 08:09:56.785,1.05562,1.05584,1.00,1.50
2018.04.05 08:09:57.690,1.05562,1.05584,1.87,1.00
2018.04.05 08:09:58.194,1.05562,1.05585,2.25,1.87
2018.04.05 08:09:58.789,1.05562,1.05584,2.25,1.00
2018.04.05 08:09:59.675,1.05563,1.05584,1.00,1.00
2018.04.05 08:10:00.295,1.05563,1.05583,1.12,1.00
2018.04.05 08:10:00.833,1.05563,1.05584,1.87,1.00
2018.04.05 08:10:01.567,1.05563,1.05585,1.12,1.50
2018.04.05 08:10:02.718,1.05564,1.05585,1.00,1.50
2018.04.05 08:10:03.295,1.05564,1.05584,1.00,1.00
2018.04.05 08:10:03.987,1.05565,1.05585,1.00,2.25
2018.04.05 08:10:05.353,1.05564,1.05585,1.00,1.50
2018.04.05 08:10:05.847,1.05563,1.05585,1.12,2.25
2018.04.05 08:10:08.846,1.05563,1.05585,1.87,1.50
2018.04.05 08:10:09.846,1.05564,1.05586,1.00,1.12
2018.04.05 08:10:10.800,1.05567,1.05587,1.00,1.12
2018.04.05 08:10:11.319,1.05566,1.05588,1.50,1.00
2018.04.05 08:10:11.911,1.05566,1.05589,1.50,1.50
2018.04.05 08:10:15.157,1.05565,1.05587,3.19,1.12
2018.04.05 08:10:15.486,1.05564,1.05587,1.50,2.06
2018.04.05 08:10:15.794,1.05563,1.05586,1.50,2.06
2018.04.05 08:10:18.554,1.05563,1.05586,1.00,2.25
2018.04.05 08:10:18.862,1.05563,1.05586,1.00,2.62
2018.04.05 08:10:18.965,1.05563,1.05584,1.00,1.87
2018.04.05 08:10:20.127,1.05563,1.05585,1.00,1.12
2018.04.05 08:10:20.389,1.05563,1.05585,1.00,1.87
2018.04.05 08:10:20.494,1.0556,1.05584,1.00,1.12
2018.04.05 08:10:20.853,1.05562,1.05583,1.00,1.37
2018.04.05 08:10:20.904,1.05562,1.05584,1.00,1.62
2018.04.05 08:10:21.834,1.05562,1.05585,1.00,2.06
2018.04.05 08:10:22.987,1.05562,1.05585,1.50,1.37
2018.04.05 08:10:23.515,1.05563,1.05585,1.00,1.37
2018.04.05 08:10:24.948,1.05563,1.05585,1.00,1.00
2018.04.05 08:10:30.223,1.05564,1.05588,1.00,2.62
2018.04.05 08:10:30.435,1.05561,1.05586,1.50,2.25
2018.04.05 08:10:30.762,1.05561,1.05585,1.00,3.00
2018.04.05 08:10:31.786,1.05561,1.05585,1.00,2.00
2018.04.05 08:10:36.350,1.05561,1.05585,1.00,1.75
2018.04.05 08:10:39.404,1.05562,1.05585,1.00,1.75
2018.04.05 08:10:39.816,1.05561,1.05586,1.50,1.87
2018.04.05 08:10:40.784,1.05561,1.05586,1.50,2.25
2018.04.05 08:10:41.016,1.05561,1.05585,1.50,1.12
2018.04.05 08:10:41.119,1.05561,1.05584,1.00,1.37
2018.04.05 08:10:42.514,1.05561,1.05584,1.00,1.12
2018.04.05 08:10:42.828,1.05561,1.05583,1.00,1.50
2018.04.05 08:10:43.354,1.05561,1.05583,1.00,1.12
2018.04.05 08:10:43.506,1.05559,1.05584,1.69,4.87
2018.04.05 08:10:45.182,1.05559,1.05583,1.00,2.25
2018.04.05 08:10:45.233,1.05559,1.05583,1.00,2.06
2018.04.05 08:10:47.846,1.05559,1.05583,1.00,2.44
2018.04.05 08:10:47.897,1.05559,1.05583,1.00,2.44
2018.04.05 08:10:50.515,1.05559,1.05583,1.00,2.06
2018.04.05 08:10:52.332,1.05559,1.05583,1.00,2.06
2018.04.05 08:10:52.995,1.05559,1.05583,1.00,1.69
2018.04.05 08:10:55.582,1.05559,1.05583,1.50,2.81
2018.04.05 08:10:58.562,1.05559,1.05583,1.00,1.87
2018.04.05 08:10:59.088,1.05559,1.05583,1.00,1.87
2018.04.05 08:11:00.488,1.05559,1.05583,1.00,1.87
2018.04.05 08:11:01.015,1.05559,1.05583,1.00,2.06
2018.04.05 08:11:01.516,1.05559,1.05583,1.00,2.06
2018.04.05 08:11:03.183,1.05559,1.05583,1.00,2.06
2018.04.05 08:11:05.366,1.05559,1.05582,1.00,1.37
2018.04.05 08:11:07.711,1.05559,1.05582,1.00,1.50
2018.04.05 08:11:08.994,1.05559,1.05582,1.00,1.37
2018.04.05 08:11:11.760,1.05559,1.05579,1.00,1.00
2018.04.05 08:11:12.897,1.0556,1.05579,1.00,1.00
2018.04.05 08:11:13.417,1.05559,1.05579,1.00,1.00
2018.04.05 08:11:16.956,1.05557,1.05579,1.00,1.00
2018.04.05 08:11:17.061,1.05557,1.05574,1.00,1.00
2018.04.05 08:11:17.113,1.05555,1.05573,1.25,1.00
2018.04.05 08:11:17.933,1.05555,1.05575,1.00,1.00
2018.04.05 08:11:18.300,1.05556,1.05577,1.00,1.00
2018.04.05 08:11:20.901,1.05556,1.05579,1.31,1.87
2018.04.05 08:11:21.055,1.05556,1.05577,1.50,1.00
2018.04.05 08:11:21.598,1.05556,1.05576,1.50,1.00
2018.04.05 08:11:22.746,1.05556,1.05577,1.12,1.00
2018.04.05 08:11:23.607,1.05556,1.05577,1.19,1.00
2018.04.05 08:11:23.785,1.05555,1.05577,1.69,1.00
2018.04.05 08:11:23.888,1.05558,1.05578,1.00,1.00
2018.04.05 08:11:24.428,1.05557,1.05578,1.12,1.00
2018.04.05 08:11:25.169,1.05558,1.05578,1.00,1.00
2018.04.05 08:11:25.596,1.05555,1.05577,1.00,1.00
2018.04.05 08:11:26.639,1.05555,1.05573,1.00,1.00
2018.04.05 08:11:26.690,1.05552,1.05571,1.00,1.00
2018.04.05 08:11:26.792,1.0555,1.05571,1.87,1.00
2018.04.05 08:11:27.317,1.05549,1.05571,1.31,1.00
2018.04.05 08:11:27.880,1.05549,1.05571,1.69,1.00
2018.04.05 08:11:28.034,1.05547,1.05567,1.00,1.50
2018.04.05 08:11:28.086,1.05545,1.05565,1.12,1.00
2018.04.05 08:11:28.137,1.05543,1.05565,1.00,1.00
2018.04.05 08:11:28.679,1.05543,1.05564,1.31,1.00
2018.04.05 08:11:29.757,1.05543,1.05564,1.69,1.12
2018.04.05 08:11:31.382,1.05544,1.05566,1.00,1.00
2018.04.05 08:11:31.935,1.05544,1.05566,2.06,1.00
2018.04.05 08:11:32.671,1.05544,1.05566,1.00,1.00
2018.04.05 08:11:33.895,1.05543,1.05566,3.19,1.00
2018.04.05 08:11:34.704,1.05546,1.05566,1.00,1.00
2018.04.05 08:11:35.313,1.05545,1.05566,1.69,1.00
2018.04.05 08:11:35.934,1.05546,1.05566,1.00,1.00
2018.04.05 08:11:36.634,1.05545,1.05566,1.25,1.00
2018.04.05 08:11:37.906,1.05543,1.05563,2.06,1.00
2018.04.05 08:11:37.958,1.05544,1.05566,1.81,1.00
2018.04.05 08:11:38.265,1.05544,1.05568,2.25,1.00
2018.04.05 08:11:39.419,1.05544,1.05565,2.81,1.00
2018.04.05 08:11:39.470,1.05544,1.05567,1.12,1.00
2018.04.05 08:11:40.319,1.05544,1.05567,1.12,1.00
2018.04.05 08:11:40.510,1.05545,1.05565,1.00,1.00
2018.04.05 08:11:42.685,1.05543,1.05565,1.69,1.00
2018.04.05 08:11:43.323,1.05543,1.05565,1.69,1.00
2018.04.05 08:11:43.922,1.05543,1.05565,1.81,1.00
2018.04.05 08:11:46.256,1.05542,1.05562,1.50,1.12
2018.04.05 08:11:46.615,1.05544,1.05564,1.00,1.00
2018.04.05 08:11:46.667,1.05542,1.05564,1.87,1.00
2018.04.05 08:11:47.073,1.05542,1.05564,2.06,1.00
2018.04.05 08:11:47.430,1.05542,1.05564,1.12,1.00
2018.04.05 08:11:48.399,1.05542,1.05564,1.31,1.00
2018.04.05 08:11:49.026,1.05542,1.05564,1.87,1.00
2018.04.05 08:11:49.235,1.05542,1.05561,1.44,1.00
2018.04.05 08:11:49.569,1.05541,1.05561,2.25,1.00
2018.04.05 08:11:49.763,1.05542,1.05562,1.12,1.00
2018.04.05 08:11:49.917,1.05542,1.05565,2.81,1.00
2018.04.05 08:11:50.450,1.05545,1.05564,1.00,1.00
2018.04.05 08:11:51.223,1.05542,1.05562,1.87,1.00
2018.04.05 08:11:51.551,1.05548,1.05562,1.00,1.00
2018.04.05 08:11:51.654,1.05544,1.05562,2.44,1.00
2018.04.05 08:11:51.706,1.05544,1.05567,1.87,1.00
2018.04.05 08:11:52.830,1.05544,1.05567,1.00,1.00
2018.04.05 08:11:53.576,1.05543,1.05567,1.87,1.00
2018.04.05 08:11:53.683,1.05543,1.05565,1.00,1.12
2018.04.05 08:11:54.365,1.05542,1.05564,5.44,1.00
2018.04.05 08:11:54.942,1.05544,1.05564,1.00,1.00
2018.04.05 08:11:55.584,1.05545,1.05564,1.00,1.00
2018.04.05 08:12:00.241,1.05544,1.05564,1.00,1.00
2018.04.05 08:12:00.749,1.05544,1.05564,2.25,1.00
2018.04.05 08:12:00.852,1.05547,1.05566,1.50,1.00
2018.04.05 08:12:01.410,1.05546,1.05566,2.25,1.00
2018.04.05 08:12:01.998,1.05547,1.05566,1.50,1.00
2018.04.05 08:12:02.583,1.05546,1.05566,2.25,1.00
2018.04.05 08:12:03.322,1.05547,1.05566,1.50,1.00
2018.04.05 08:12:05.049,1.05547,1.05567,1.87,1.00
2018.04.05 08:12:06.457,1.05546,1.05564,1.00,1.00
2018.04.05 08:12:06.560,1.05546,1.05566,2.44,1.00
2018.04.05 08:12:07.067,1.05546,1.05563,1.00,1.00
2018.04.05 08:12:07.277,1.05541,1.05562,3.38,1.00
2018.04.05 08:12:07.827,1.05543,1.05564,2.06,1.00
2018.04.05 08:12:08.367,1.05543,1.05564,1.88,1.00
2018.04.05 08:12:08.676,1.05543,1.05566,3.38,1.00
2018.04.05 08:12:08.796,1.05544,1.05565,1.63,1.00
2018.04.05 08:12:09.356,1.05546,1.05566,1.00,1.00
2018.04.05 08:12:09.901,1.05545,1.05566,3.00,1.00
2018.04.05 08:12:10.413,1.05546,1.05566,1.12,1.00
2018.04.05 08:12:10.970,1.05545,1.05567,2.25,1.00
2018.04.05 08:12:11.427,1.05545,1.05565,1.37,1.00
2018.04.05 08:12:11.755,1.05543,1.05563,1.31,1.00
2018.04.05 08:12:11.806,1.05544,1.05564,1.88,1.00
2018.04.05 08:12:12.174,1.05546,1.05566,2.44,1.00
2018.04.05 08:12:12.811,1.05546,1.05566,2.63,1.00
2018.04.05 08:12:12.868,1.05546,1.05569,2.81,1.00
2018.04.05 08:12:12.919,1.0555,1.05569,1.87,1.00
2018.04.05 08:12:13.247,1.0555,1.05567,1.50,1.00
2018.04.05 08:12:14.144,1.05548,1.05567,1.00,1.00
2018.04.05 08:12:14.502,1.05548,1.05565,1.00,1.00
2018.04.05 08:12:14.553,1.05548,1.05568,1.00,1.50
2018.04.05 08:12:14.849,1.05546,1.05567,1.31,1.00
2018.04.05 08:12:16.015,1.05546,1.05568,1.69,1.00
2018.04.05 08:12:16.221,1.05548,1.05568,1.75,1.00
2018.04.05 08:12:16.324,1.05547,1.0557,1.75,1.00
2018.04.05 08:12:16.376,1.05548,1.05568,1.75,1.00
2018.04.05 08:12:16.722,1.05546,1.05568,2.25,1.00
2018.04.05 08:12:16.976,1.05549,1.05569,1.69,1.00
2018.04.05 08:12:17.930,1.05549,1.0557,1.87,1.00
2018.04.05 08:12:18.621,1.05549,1.0557,1.88,1.00
2018.04.05 08:12:19.196,1.0555,1.0557,1.00,1.00
2018.04.05 08:12:19.687,1.0555,1.05572,1.31,1.00
2018.04.05 08:12:20.196,1.0555,1.05571,1.75,1.00
2018.04.05 08:12:20.888,1.05551,1.05571,1.75,1.00
2018.04.05 08:12:21.144,1.05552,1.05575,2.00,1.00
2018.04.05 08:12:21.349,1.05551,1.05572,3.19,1.00
2018.04.05 08:12:21.729,1.05553,1.05574,1.75,1.00
2018.04.05 08:12:22.035,1.0555,1.05572,2.44,1.00
2018.04.05 08:12:22.167,1.05548,1.05569,2.06,1.00
2018.04.05 08:12:22.681,1.0555,1.05568,1.00,1.00
2018.04.05 08:12:23.183,1.05548,1.05568,2.06,1.00
2018.04.05 08:12:23.693,1.05548,1.05568,2.44,1.00
2018.04.05 08:12:23.796,1.05548,1.05568,1.00,1.00
2018.04.05 08:12:24.209,1.05548,1.0557,1.25,1.31
2018.04.05 08:12:24.768,1.05548,1.0557,1.69,1.00
2018.04.05 08:12:25.500,1.05551,1.0557,1.00,1.00
2018.04.05 08:12:25.818,1.05553,1.0557,1.00,1.00
2018.04.05 08:12:26.382,1.05553,1.05569,1.00,1.00
2018.04.05 08:12:26.723,1.05551,1.0557,1.00,1.00
2018.04.05 08:12:26.930,1.05551,1.05572,1.00,1.13
2018.04.05 08:12:27.146,1.05551,1.05569,1.00,1.00
2018.04.05 08:12:28.804,1.05547,1.05567,1.00,1.00
2018.04.05 08:12:29.009,1.05547,1.0557,1.44,1.31
2018.04.05 08:12:29.147,1.05548,1.05568,1.25,1.00
2018.04.05 08:12:29.515,1.05548,1.0557,1.25,1.12
2018.04.05 08:12:29.567,1.05551,1.0557,1.00,1.00
2018.04.05 08:12:29.876,1.05554,1.0557,1.00,1.00
2018.04.05 08:12:30.749,1.0555,1.0557,3.38,1.00
2018.04.05 08:12:31.161,1.0555,1.05572,3.19,1.00
2018.04.05 08:12:31.650,1.05553,1.05572,1.00,1.00
2018.04.05 08:12:32.136,1.05554,1.0557,1.00,1.00
2018.04.05 08:12:32.187,1.05551,1.05569,1.00,1.00
2018.04.05 08:12:32.737,1.0555,1.05569,1.00,1.00
2018.04.05 08:12:33.244,1.0555,1.0557,1.12,1.00
2018.04.05 08:12:34.517,1.05549,1.05571,1.88,1.00
2018.04.05 08:12:34.774,1.05548,1.05569,3.94,1.00
2018.04.05 08:12:34.876,1.05548,1.05569,3.75,1.00
2018.04.05 08:12:35.040,1.05548,1.05569,3.94,1.00
2018.04.05 08:12:35.261,1.05548,1.05569,1.31,1.00
2018.04.05 08:12:35.313,1.05548,1.05567,1.00,1.00
2018.04.05 08:12:36.045,1.05545,1.05567,2.06,1.00
2018.04.05 08:12:36.571,1.05546,1.05568,1.44,1.00
2018.04.05 08:12:37.214,1.05546,1.05568,1.25,1.00
2018.04.05 08:12:37.741,1.05547,1.05568,1.12,1.00
2018.04.05 08:12:37.845,1.05547,1.0557,1.12,1.00
2018.04.05 08:12:38.028,1.05549,1.05571,2.25,1.00
2018.04.05 08:12:38.540,1.05549,1.05571,2.06,1.00
2018.04.05 08:12:39.044,1.0555,1.05571,1.62,1.00
2018.04.05 08:12:39.567,1.05549,1.05571,1.25,1.00
2018.04.05 08:12:40.092,1.05549,1.0557,1.56,1.00
2018.04.05 08:12:40.544,1.05549,1.05571,1.75,1.00
2018.04.05 08:12:41.265,1.05549,1.05571,1.75,1.00
2018.04.05 08:12:42.400,1.05549,1.0557,1.75,1.00
2018.04.05 08:12:42.451,1.05549,1.05572,1.88,1.50
2018.04.05 08:12:42.895,1.05549,1.05572,1.88,1.50
2018.04.05 08:12:43.055,1.05549,1.0557,1.00,1.00
2018.04.05 08:12:43.825,1.05549,1.0557,1.50,1.00
2018.04.05 08:12:44.336,1.05549,1.05569,1.31,1.00
2018.04.05 08:12:44.540,1.05549,1.05571,1.31,1.00
2018.04.05 08:12:45.084,1.05549,1.0557,1.50,1.00
2018.04.05 08:12:46.101,1.05549,1.0557,1.50,1.00
2018.04.05 08:12:46.625,1.05549,1.05571,1.00,1.00
2018.04.05 08:12:46.676,1.05549,1.05569,1.00,1.00
2018.04.05 08:12:47.029,1.0555,1.05567,1.13,1.00
2018.04.05 08:12:47.538,1.0555,1.05571,1.13,1.00
2018.04.05 08:12:47.707,1.0555,1.05569,1.13,1.00
2018.04.05 08:12:48.220,1.05549,1.0557,1.50,1.00
2018.04.05 08:12:48.526,1.05549,1.05568,1.00,1.00
2018.04.05 08:12:48.577,1.05549,1.05571,1.00,1.13
2018.04.05 08:12:49.941,1.05549,1.05571,1.50,1.13
2018.04.05 08:12:50.448,1.05549,1.05571,1.12,1.00
2018.04.05 08:12:50.602,1.05549,1.05569,1.00,1.00
2018.04.05 08:12:50.754,1.05549,1.05571,1.63,1.13
2018.04.05 08:12:51.304,1.0555,1.05572,1.88,1.13
2018.04.05 08:12:51.763,1.05549,1.0557,2.25,1.00
2018.04.05 08:12:51.817,1.05549,1.05572,2.63,1.13
2018.04.05 08:12:52.386,1.05549,1.05572,2.81,1.00
2018.04.05 08:12:52.923,1.0555,1.05571,2.06,1.00
2018.04.05 08:12:53.430,1.0555,1.05572,1.87,1.00
2018.04.05 08:12:54.055,1.05551,1.0557,1.37,1.00
2018.04.05 08:12:54.599,1.05551,1.05571,1.37,1.00
2018.04.05 08:12:56.094,1.05549,1.0557,3.56,1.00
2018.04.05 08:12:56.682,1.0555,1.05571,1.88,1.00
2018.04.05 08:12:57.218,1.05551,1.05571,1.00,1.00
2018.04.05 08:12:57.769,1.05549,1.0557,1.88,1.00
2018.04.05 08:12:58.023,1.05549,1.05572,3.94,1.50
2018.04.05 08:12:58.693,1.05549,1.0557,5.06,1.00
2018.04.05 08:12:58.745,1.05549,1.05572,2.06,1.00
2018.04.05 08:12:59.259,1.05551,1.05573,1.00,1.13
2018.04.05 08:12:59.362,1.05549,1.05571,2.44,1.00
2018.04.05 08:13:00.452,1.0555,1.05571,2.44,1.00
2018.04.05 08:13:00.768,1.05555,1.05575,1.00,1.00
2018.04.05 08:13:00.819,1.05553,1.05573,1.37,1.00
2018.04.05 08:13:02.133,1.05552,1.05572,1.88,1.00
2018.04.05 08:13:02.235,1.05552,1.05572,1.13,1.00
2018.04.05 08:13:02.294,1.0555,1.0557,3.56,1.00
2018.04.05 08:13:02.397,1.05549,1.05571,1.50,1.00
2018.04.05 08:13:02.766,1.05547,1.05569,1.69,1.00
2018.04.05 08:13:03.276,1.0555,1.05569,1.00,1.00
2018.04.05 08:13:05.653,1.0555,1.0557,1.31,1.00
2018.04.05 08:13:06.026,1.05549,1.0557,1.88,1.00
2018.04.05 08:13:06.533,1.0555,1.05569,1.63,1.00
2018.04.05 08:13:07.184,1.0555,1.05571,1.56,1.00
2018.04.05 08:13:07.709,1.0555,1.05571,1.56,1.37
2018.04.05 08:13:08.409,1.05551,1.05571,1.63,1.12
2018.04.05 08:13:09.101,1.05551,1.05571,1.13,1.12
2018.04.05 08:13:09.642,1.05551,1.05571,1.31,1.12
2018.04.05 08:13:10.169,1.05551,1.05571,1.25,1.37
2018.04.05 08:13:12.644,1.0555,1.05571,1.81,1.37
2018.04.05 08:13:13.980,1.05551,1.05571,1.37,1.12
2018.04.05 08:13:15.230,1.05551,1.05571,1.31,1.00
2018.04.05 08:13:15.750,1.05551,1.0557,1.50,1.37
2018.04.05 08:13:16.207,1.05551,1.0557,1.50,1.00
2018.04.05 08:13:16.727,1.05551,1.05569,1.50,1.00
2018.04.05 08:13:18.989,1.05551,1.05567,1.00,1.00
2018.04.05 08:13:21.273,1.05549,1.05567,1.00,1.00
2018.04.05 08:13:22.407,1.05549,1.05568,1.25,1.00
2018.04.05 08:13:22.510,1.05549,1.05567,1.00,1.37
2018.04.05 08:13:22.612,1.05546,1.05566,1.38,1.37
2018.04.05 08:13:23.507,1.05546,1.05566,1.31,1.37
2018.04.05 08:13:24.048,1.05544,1.05566,2.44,1.00
2018.04.05 08:13:24.556,1.05547,1.05567,1.00,1.12
2018.04.05 08:13:25.988,1.05546,1.05567,1.31,1.00
2018.04.05 08:13:26.039,1.05547,1.05565,1.00,1.00
2018.04.05 08:13:27.723,1.05545,1.05564,1.56,1.00
2018.04.05 08:13:28.622,1.05546,1.05564,1.31,1.00
2018.04.05 08:13:29.147,1.05546,1.05564,1.63,1.00
2018.04.05 08:13:29.690,1.05545,1.05564,2.81,1.00
2018.04.05 08:13:30.202,1.05545,1.05564,2.06,1.00
2018.04.05 08:13:30.839,1.05547,1.05566,1.00,1.00
2018.04.05 08:13:31.355,1.05547,1.05567,1.00,1.00
2018.04.05 08:13:32.134,1.05548,1.05567,1.00,1.00
2018.04.05 08:13:32.654,1.05547,1.05567,2.06,1.00
2018.04.05 08:13:34.212,1.05546,1.05567,2.06,1.00
2018.04.05 08:13:34.315,1.05547,1.05565,1.25,1.00
2018.04.05 08:13:35.258,1.05545,1.05564,2.25,1.00
2018.04.05 08:13:35.772,1.05545,1.05564,1.88,1.12
2018.04.05 08:13:36.309,1.05544,1.05563,2.06,1.00
2018.04.05 08:13:36.566,1.05544,1.05562,1.88,1.00
2018.04.05 08:13:36.678,1.05545,1.05564,1.69,1.12
2018.04.05 08:13:37.198,1.05545,1.05564,1.44,1.12
2018.04.05 08:13:37.699,1.05545,1.05564,1.13,1.00
2018.04.05 08:13:38.004,1.05547,1.05564,1.00,1.00
2018.04.05 08:13:39.227,1.05546,1.05566,1.56,1.00
2018.04.05 08:13:39.398,1.05547,1.05568,3.56,1.00
2018.04.05 08:13:39.450,1.0555,1.05568,1.50,1.00
2018.04.05 08:13:39.553,1.05546,1.05568,1.69,1.12
2018.04.05 08:13:39.758,1.05547,1.05566,1.69,1.00
2018.04.05 08:13:40.372,1.05547,1.05565,1.44,1.00
2018.04.05 08:13:40.919,1.05545,1.05565,3.38,1.00
2018.04.05 08:13:41.451,1.05545,1.05565,3.19,1.00
2018.04.05 08:13:42.012,1.05546,1.05565,2.06,1.00
2018.04.05 08:13:42.611,1.05546,1.05565,2.06,1.00
2018.04.05 08:13:43.136,1.05546,1.05565,1.63,1.00
2018.04.05 08:13:43.674,1.05546,1.05565,1.31,1.00
2018.04.05 08:13:44.285,1.05546,1.05565,2.25,1.00
2018.04.05 08:13:44.834,1.05546,1.05566,2.44,1.00
2018.04.05 08:13:45.341,1.05545,1.05565,3.19,1.00
2018.04.05 08:13:45.884,1.05545,1.05565,2.63,1.00
2018.04.05 08:13:46.767,1.05545,1.05565,3.00,1.00
2018.04.05 08:13:47.075,1.05549,1.05566,1.00,1.00
2018.04.05 08:13:47.379,1.05545,1.05562,1.31,1.00
2018.04.05 08:13:47.430,1.05545,1.05564,1.88,1.00
2018.04.05 08:13:47.852,1.05547,1.05564,1.44,1.00
2018.04.05 08:13:48.108,1.05545,1.05566,2.06,1.12
2018.04.05 08:13:48.211,1.05546,1.05564,1.25,1.00
2018.04.05 08:13:48.754,1.05545,1.05563,1.88,1.00
2018.04.05 08:13:49.286,1.05545,1.05563,1.19,1.00
2018.04.05 08:13:49.880,1.05543,1.05563,1.56,1.00
2018.04.05 08:13:50.185,1.05544,1.0556,1.25,1.00
2018.04.05 08:13:50.510,1.05544,1.05562,1.19,1.12
2018.04.05 08:13:51.048,1.05543,1.05562,1.31,1.12
2018.04.05 08:13:51.595,1.05544,1.05561,1.25,1.12
2018.04.05 08:13:52.131,1.05544,1.0556,1.00,1.00
2018.04.05 08:13:54.663,1.0554,1.05558,1.19,1.00
2018.04.05 08:13:54.715,1.05539,1.05557,1.13,1.00
2018.04.05 08:13:54.971,1.05543,1.05558,1.25,1.00
2018.04.05 08:13:55.073,1.05543,1.0556,1.25,1.12
2018.04.05 08:13:55.277,1.05542,1.05558,1.25,1.00
2018.04.05 08:13:56.225,1.05543,1.05558,1.25,1.00
2018.04.05 08:13:56.637,1.05543,1.05558,1.25,1.50
2018.04.05 08:13:58.106,1.05543,1.05559,1.25,1.12
2018.04.05 08:13:58.158,1.0554,1.05557,1.12,1.00
2018.04.05 08:13:58.313,1.05534,1.05556,1.50,1.12
2018.04.05 08:13:58.416,1.05534,1.05553,1.00,1.00
2018.04.05 08:13:58.641,1.05531,1.05556,1.19,1.12
2018.04.05 08:13:58.694,1.05541,1.05553,1.00,1.00
2018.04.05 08:13:58.746,1.05541,1.05555,1.19,1.00
2018.04.05 08:13:59.258,1.05541,1.05557,1.19,1.37
2018.04.05 08:14:00.704,1.0554,1.05558,1.25,1.50
2018.04.05 08:14:01.114,1.05543,1.05557,1.25,1.37
2018.04.05 08:14:01.996,1.05543,1.05559,1.25,1.12
2018.04.05 08:14:05.105,1.05542,1.05556,1.25,1.00
2018.04.05 08:14:05.308,1.05542,1.05558,1.25,1.00
2018.04.05 08:14:08.568,1.05542,1.05559,1.25,1.00
2018.04.05 08:14:08.620,1.05544,1.0556,1.25,1.00
2018.04.05 08:14:11.470,1.05544,1.0556,1.19,1.00
2018.04.05 08:14:12.491,1.05543,1.0556,1.31,1.12
2018.04.05 08:14:12.915,1.05543,1.0556,1.25,1.37
2018.04.05 08:14:13.517,1.05543,1.0556,1.13,1.37
2018.04.05 08:14:14.673,1.05544,1.05559,1.25,1.37
2018.04.05 08:14:15.179,1.05543,1.05558,1.25,1.12
2018.04.05 08:14:15.282,1.05543,1.0556,1.31,1.00
2018.04.05 08:14:15.435,1.05543,1.0556,1.31,1.00
2018.04.05 08:14:16.273,1.05543,1.0556,1.31,1.00
2018.04.05 08:14:16.791,1.05543,1.0556,1.25,1.37
2018.04.05 08:14:18.196,1.05543,1.0556,1.31,1.37
2018.04.05 08:14:18.697,1.05543,1.0556,1.31,1.37
2018.04.05 08:14:19.705,1.05543,1.0556,1.31,1.37
2018.04.05 08:14:20.244,1.05543,1.0556,1.25,1.37
2018.04.05 08:14:20.779,1.05543,1.0556,1.31,1.00
2018.04.05 08:14:21.245,1.05543,1.05558,1.13,1.50
2018.04.05 08:14:21.841,1.05543,1.05558,1.25,1.37
2018.04.05 08:14:22.419,1.05542,1.05558,1.38,1.12
2018.04.05 08:14:23.002,1.05542,1.0556,1.13,1.37
2018.04.05 08:14:24.076,1.05542,1.05559,1.44,1.00
2018.04.05 08:14:24.715,1.05542,1.05559,1.13,1.00
2018.04.05 08:14:25.476,1.05542,1.05559,1.44,1.50
2018.04.05 08:14:26.186,1.05542,1.05558,1.19,1.50
2018.04.05 08:14:26.794,1.05542,1.05558,1.25,1.50
2018.04.05 08:14:28.220,1.05542,1.0556,1.25,1.00
2018.04.05 08:14:28.778,1.05542,1.0556,1.25,1.37
2018.04.05 08:14:29.403,1.05542,1.05558,1.13,1.00
2018.04.05 08:14:30.094,1.05542,1.05558,1.25,1.50
2018.04.05 08:14:31.202,1.05542,1.05559,1.44,1.75
2018.04.05 08:14:32.366,1.05542,1.05559,1.44,1.37
2018.04.05 08:14:32.911,1.05542,1.05559,1.00,1.37
2018.04.05 08:14:36.220,1.05542,1.05559,1.38,1.37
2018.04.05 08:14:36.745,1.05542,1.05559,1.13,1.37
2018.04.05 08:14:37.524,1.05542,1.05559,1.38,1.37
2018.04.05 08:14:38.039,1.05542,1.05559,1.25,1.37
2018.04.05 08:14:40.912,1.05542,1.05557,1.00,1.00
2018.04.05 08:14:40.964,1.05537,1.05557,2.25,1.00
2018.04.05 08:14:41.016,1.05534,1.05554,1.62,1.00
2018.04.05 08:14:41.120,1.05533,1.05556,1.00,1.87
2018.04.05 08:14:41.172,1.05533,1.05552,1.50,1.00
2018.04.05 08:14:41.500,1.05541,1.05553,1.00,1.00
2018.04.05 08:14:42.011,1.05542,1.05558,1.25,2.25
2018.04.05 08:14:42.526,1.05541,1.05558,1.25,1.50
2018.04.05 08:14:44.719,1.05543,1.05558,1.00,1.50
2018.04.05 08:14:50.212,1.05543,1.05557,1.00,1.50
2018.04.05 08:14:56.631,1.05543,1.05558,1.25,1.12
2018.04.05 08:15:09.031,1.05543,1.05557,1.00,1.00
2018.04.05 08:15:11.807,1.05543,1.05556,1.12,1.00
2018.04.05 08:15:12.343,1.05542,1.05557,1.50,1.12
2018.04.05 08:15:14.912,1.05542,1.05557,1.50,1.12
2018.04.05 08:15:16.107,1.05542,1.05557,1.31,1.12
2018.04.05 08:15:16.312,1.05542,1.05559,1.25,1.00
2018.04.05 08:15:17.233,1.05543,1.05559,1.44,1.00
2018.04.05 08:15:17.922,1.05542,1.05559,1.13,1.12
2018.04.05 08:15:18.124,1.05544,1.05559,1.25,1.12
2018.04.05 08:15:18.834,1.05543,1.05559,1.00,1.12
2018.04.05 08:15:19.460,1.05543,1.05559,1.25,1.37
2018.04.05 08:15:22.491,1.05543,1.05557,1.25,1.00
2018.04.05 08:15:23.321,1.05541,1.05557,1.25,1.12
2018.04.05 08:15:23.527,1.05544,1.05558,1.19,1.50
2018.04.05 08:15:23.631,1.05543,1.05558,1.00,1.50
2018.04.05 08:15:24.497,1.05542,1.05558,1.13,1.00
2018.04.05 08:15:28.213,1.05542,1.05557,1.00,1.00
2018.04.05 08:15:28.764,1.05541,1.05556,1.25,1.00
2018.04.05 08:15:29.281,1.05541,1.05556,1.19,1.00
2018.04.05 08:15:29.777,1.05541,1.05558,1.19,1.12
2018.04.05 08:15:29.868,1.05541,1.05556,1.19,1.00
2018.04.05 08:15:30.013,1.05538,1.05555,1.00,1.00
2018.04.05 08:15:30.065,1.0554,1.05558,1.19,1.12
2018.04.05 08:15:30.467,1.0554,1.05555,1.13,1.00
2018.04.05 08:15:31.188,1.0554,1.05555,1.31,1.00
2018.04.05 08:15:33.478,1.0554,1.05555,1.25,1.12
2018.04.05 08:15:33.979,1.0554,1.05555,1.19,1.12
2018.04.05 08:15:34.515,1.0554,1.05555,1.25,1.12
2018.04.05 08:15:35.198,1.0554,1.05555,1.19,1.12
2018.04.05 08:15:36.059,1.0554,1.05555,1.25,1.12
2018.04.05 08:15:36.578,1.0554,1.05555,1.19,1.12
2018.04.05 08:15:37.167,1.0554,1.05555,1.25,1.12
2018.04.05 08:15:37.812,1.0554,1.05555,1.19,1.12
2018.04.05 08:15:38.368,1.0554,1.05555,1.12,1.12
2018.04.05 08:15:38.971,1.0554,1.05554,1.44,1.00
2018.04.05 08:15:43.213,1.0554,1.05554,1.00,1.12
2018.04.05 08:15:43.324,1.05532,1.0555,1.25,1.50
2018.04.05 08:15:43.376,1.05525,1.05542,1.00,1.12
2018.04.05 08:15:43.581,1.05524,1.0554,1.25,1.37
2018.04.05 08:15:44.135,1.05525,1.05539,1.00,1.12
2018.04.05 08:15:44.536,1.05521,1.05539,1.50,1.12
2018.04.05 08:15:44.703,1.05524,1.05545,3.00,1.12
2018.04.05 08:15:45.425,1.05525,1.05545,1.88,1.12
2018.04.05 08:15:45.528,1.05522,1.05542,1.44,1.00
2018.04.05 08:15:45.874,1.05521,1.05542,1.69,1.00
2018.04.05 08:15:46.384,1.05522,1.05542,1.25,1.50
2018.04.05 08:15:46.892,1.05522,1.05542,1.25,2.25
2018.04.05 08:15:47.430,1.05521,1.05542,1.38,1.50
2018.04.05 08:15:47.735,1.05519,1.05538,1.00,1.12
2018.04.05 08:15:47.837,1.05519,1.05536,1.00,1.00
2018.04.05 08:15:48.557,1.05519,1.05536,1.44,1.00
2018.04.05 08:15:49.088,1.05518,1.05537,1.31,1.00
2018.04.05 08:15:49.623,1.05518,1.05537,1.50,1.12
2018.04.05 08:15:50.031,1.05523,1.05537,1.00,1.00
2018.04.05 08:15:50.557,1.05524,1.05537,1.00,1.00
2018.04.05 08:15:50.609,1.05517,1.05537,1.75,1.00
2018.04.05 08:15:51.519,1.05518,1.05537,1.31,1.00
2018.04.05 08:15:52.058,1.05517,1.05537,1.75,1.00
2018.04.05 08:15:52.672,1.05517,1.05537,1.75,1.37
2018.04.05 08:15:53.360,1.05518,1.05537,2.06,1.00
2018.04.05 08:15:53.717,1.05517,1.05534,2.25,1.00
2018.04.05 08:15:54.326,1.05516,1.05535,2.25,1.00
2018.04.05 08:15:54.548,1.05517,1.05535,1.50,1.00
2018.04.05 08:15:55.288,1.05517,1.05535,1.75,1.00
2018.04.05 08:15:55.494,1.05518,1.05535,1.25,1.50
2018.04.05 08:15:55.760,1.05516,1.05535,1.94,1.00
2018.04.05 08:15:56.302,1.05517,1.05535,2.25,1.00
2018.04.05 08:15:56.561,1.05516,1.05536,2.44,1.00
2018.04.05 08:15:56.867,1.05516,1.05534,2.25,1.00
2018.04.05 08:15:56.997,1.05519,1.05536,1.13,1.12
2018.04.05 08:15:57.153,1.0552,1.05537,1.88,1.00
2018.04.05 08:15:57.205,1.0552,1.05537,1.88,1.00
2018.04.05 08:15:57.562,1.0552,1.05537,2.06,1.00
2018.04.05 08:15:57.904,1.0552,1.05538,1.69,1.00
2018.04.05 08:15:58.190,1.0552,1.05537,2.06,1.00
2018.04.05 08:15:58.613,1.0552,1.05537,1.69,1.00
2018.04.05 08:15:58.991,1.05519,1.05537,2.25,1.00
2018.04.05 08:15:59.532,1.05519,1.05537,2.25,1.00
2018.04.05 08:16:00.073,1.0552,1.05537,2.06,1.00
2018.04.05 08:16:00.227,1.0552,1.05539,2.06,1.00
2018.04.05 08:16:00.527,1.05517,1.05537,2.25,1.00
2018.04.05 08:16:00.579,1.05517,1.05536,2.06,1.00
2018.04.05 08:16:00.937,1.05516,1.05535,1.69,1.00
2018.04.05 08:16:01.317,1.05517,1.05535,2.25,1.00
2018.04.05 08:16:01.878,1.05518,1.05535,1.81,1.00
2018.04.05 08:16:02.494,1.05518,1.05535,2.25,1.00
2018.04.05 08:16:03.037,1.05519,1.05537,1.50,1.12
2018.04.05 08:16:03.565,1.05517,1.05536,1.81,1.12
2018.04.05 08:16:04.196,1.05517,1.05536,1.81,1.12
2018.04.05 08:16:04.801,1.05517,1.05534,1.56,1.50
2018.04.05 08:16:04.953,1.05516,1.05533,1.50,1.12
2018.04.05 08:16:05.490,1.05516,1.05533,2.25,1.12
2018.04.05 08:16:05.980,1.05515,1.05534,3.00,1.75
2018.04.05 08:16:06.103,1.05516,1.05534,1.56,1.00
2018.04.05 08:16:06.415,1.05517,1.05535,2.06,1.12
2018.04.05 08:16:07.315,1.05518,1.05535,2.06,1.12
2018.04.05 08:16:07.621,1.05519,1.0554,1.37,1.87
2018.04.05 08:16:08.126,1.05519,1.0554,1.31,1.87
2018.04.05 08:16:08.736,1.05519,1.0554,1.62,1.87
2018.04.05 08:16:09.065,1.05518,1.0554,2.06,1.87
2018.04.05 08:16:09.558,1.05519,1.0554,1.62,2.25
2018.04.05 08:16:09.891,1.05526,1.0554,1.00,1.87
2018.04.05 08:16:10.299,1.05518,1.0554,2.06,1.87
2018.04.05 08:16:10.807,1.05519,1.05541,2.81,1.87
2018.04.05 08:16:11.017,1.05519,1.05541,2.06,1.87
2018.04.05 08:16:11.477,1.05519,1.05541,2.06,1.87
2018.04.05 08:16:12.016,1.05519,1.05541,2.06,1.87
2018.04.05 08:16:13.876,1.05518,1.05541,2.25,1.87
2018.04.05 08:16:14.417,1.05519,1.05541,2.06,1.87
2018.04.05 08:16:14.966,1.05519,1.05541,2.06,1.87
2018.04.05 08:16:15.556,1.05519,1.05541,1.44,1.12
2018.04.05 08:16:16.077,1.05518,1.05542,1.69,1.75
2018.04.05 08:16:16.656,1.05518,1.05542,2.00,1.75
2018.04.05 08:16:17.268,1.05518,1.0554,1.69,1.75
2018.04.05 08:16:18.015,1.05518,1.05541,1.31,1.75
2018.04.05 08:16:18.461,1.05518,1.05543,2.25,1.00
2018.04.05 08:16:18.513,1.05519,1.05542,1.87,2.25
2018.04.05 08:16:18.856,1.05519,1.0554,2.44,1.75
2018.04.05 08:16:19.618,1.05521,1.05541,1.12,1.87
2018.04.05 08:16:19.821,1.05521,1.05541,1.31,1.87
2018.04.05 08:16:20.254,1.05521,1.05541,2.25,1.87
2018.04.05 08:16:20.919,1.05521,1.05541,1.81,1.87
2018.04.05 08:16:21.665,1.05522,1.05541,1.44,1.87
2018.04.05 08:16:22.179,1.05522,1.05541,1.31,1.37
2018.04.05 08:16:22.382,1.05522,1.05542,1.31,1.87
2018.04.05 08:16:22.993,1.05521,1.05544,1.81,1.75
2018.04.05 08:16:23.619,1.05524,1.05544,1.12,1.37
2018.04.05 08:16:23.825,1.05523,1.05546,2.25,1.75
2018.04.05 08:16:24.109,1.05523,1.05546,2.25,1.12
2018.04.05 08:16:24.663,1.05524,1.05547,2.06,1.31
2018.04.05 08:16:24.765,1.05523,1.05548,1.56,2.81
2018.04.05 08:16:25.173,1.05525,1.05548,1.56,1.69
2018.04.05 08:16:25.726,1.05525,1.05548,1.56,1.69
2018.04.05 08:16:27.164,1.05525,1.05548,1.63,1.50
2018.04.05 08:16:27.707,1.05524,1.05549,2.06,4.31
2018.04.05 08:16:28.479,1.05524,1.05548,2.25,1.37
2018.04.05 08:16:29.016,1.05524,1.05548,2.25,1.63
2018.04.05 08:16:29.867,1.05525,1.05548,1.50,1.37
2018.04.05 08:16:30.180,1.05531,1.05548,1.00,1.37
2018.04.05 08:16:30.231,1.0553,1.05548,1.00,1.00
2018.04.05 08:16:30.282,1.05535,1.0555,1.00,1.37
2018.04.05 08:16:30.384,1.05534,1.05555,1.00,1.50
2018.04.05 08:16:30.620,1.05533,1.05555,1.38,1.12
2018.04.05 08:16:30.671,1.05536,1.0556,1.13,1.75
2018.04.05 08:16:30.782,1.05538,1.05561,1.75,1.50
2018.04.05 08:16:30.884,1.0554,1.05563,1.50,1.00
2018.04.05 08:16:30.936,1.05541,1.05563,1.13,1.50
2018.04.05 08:16:31.264,1.05549,1.05572,2.06,1.44
2018.04.05 08:16:31.874,1.05548,1.05572,2.81,1.25
2018.04.05 08:16:32.416,1.05549,1.05571,2.44,1.25
2018.04.05 08:16:32.724,1.0555,1.05573,1.00,1.25
2018.04.05 08:16:32.827,1.0555,1.05575,2.81,1.31
2018.04.05 08:16:33.319,1.05554,1.05575,1.00,1.31
2018.04.05 08:16:33.630,1.05557,1.05577,1.00,1.50
2018.04.05 08:16:33.828,1.05552,1.05575,1.69,1.12
2018.04.05 08:16:34.337,1.05551,1.05576,2.81,1.63
2018.04.05 08:16:34.869,1.05552,1.05576,1.88,1.00
2018.04.05 08:16:34.972,1.05553,1.05578,1.88,1.31
2018.04.05 08:16:35.364,1.05552,1.05577,3.00,1.00
2018.04.05 08:16:35.517,1.05555,1.05579,1.25,1.56
2018.04.05 08:16:36.025,1.05555,1.05579,1.00,1.12
2018.04.05 08:16:36.970,1.05555,1.0558,2.06,1.81
2018.04.05 08:16:37.493,1.05556,1.05581,1.12,2.44
2018.04.05 08:16:37.798,1.05553,1.05579,2.06,1.75
2018.04.05 08:16:37.849,1.05553,1.05576,1.25,1.12
2018.04.05 08:16:38.513,1.0555,1.05575,2.44,1.00
2018.04.05 08:16:38.913,1.0555,1.05573,2.06,1.00
2018.04.05 08:16:39.663,1.0555,1.05573,1.88,1.00
2018.04.05 08:16:40.222,1.0555,1.05573,2.63,1.00
2018.04.05 08:16:40.324,1.05552,1.05575,1.87,1.00
2018.04.05 08:16:40.480,1.05554,1.05577,2.06,1.25
2018.04.05 08:16:41.355,1.05555,1.05577,1.00,1.00
2018.04.05 08:16:41.816,1.05554,1.05575,1.87,1.87
2018.04.05 08:16:42.561,1.05554,1.05576,1.12,1.50
2018.04.05 08:16:43.569,1.05551,1.05576,1.31,1.12
2018.04.05 08:16:44.074,1.05551,1.05576,1.50,1.50
2018.04.05 08:16:45.377,1.05551,1.05576,2.44,1.31
2018.04.05 08:16:45.920,1.05552,1.05576,1.69,1.12
2018.04.05 08:16:46.326,1.05554,1.05578,1.00,1.88
2018.04.05 08:16:46.630,1.05556,1.05577,1.00,1.12
2018.04.05 08:16:46.964,1.05557,1.05579,1.63,1.00
2018.04.05 08:16:47.016,1.05556,1.05581,3.56,1.50
2018.04.05 08:16:47.527,1.05556,1.0558,1.31,1.00
2018.04.05 08:16:48.526,1.05556,1.05579,2.06,1.00
2018.04.05 08:16:49.102,1.05556,1.0558,1.12,1.12
2018.04.05 08:16:49.496,1.05559,1.05582,1.00,2.25
2018.04.05 08:16:50.023,1.05559,1.0558,1.00,1.00
2018.04.05 08:16:50.806,1.05558,1.0558,1.50,1.13
2018.04.05 08:16:52.054,1.05559,1.05581,1.00,1.88
2018.04.05 08:16:52.709,1.05559,1.05579,1.00,1.00
2018.04.05 08:16:55.506,1.05559,1.05581,1.00,1.00
2018.04.05 08:16:56.036,1.05558,1.0558,1.50,1.00
2018.04.05 08:16:56.617,1.05556,1.05581,1.50,2.06
2018.04.05 08:16:57.175,1.05556,1.0558,1.50,1.31
2018.04.05 08:16:57.740,1.05556,1.05579,1.13,1.00
2018.04.05 08:16:58.286,1.05556,1.05579,1.63,1.00
2018.04.05 08:16:58.541,1.05557,1.05581,1.38,2.25
2018.04.05 08:16:58.593,1.05558,1.05583,1.50,2.06
2018.04.05 08:16:58.696,1.0556,1.05583,1.50,1.31
2018.04.05 08:16:59.207,1.0556,1.05583,1.12,1.37
2018.04.05 08:17:00.744,1.0556,1.05583,1.12,1.50
2018.04.05 08:17:01.206,1.0556,1.05581,1.87,1.00
2018.04.05 08:17:01.783,1.05558,1.05582,1.13,1.31
2018.04.05 08:17:01.885,1.05557,1.05581,1.44,1.00
2018.04.05 08:17:02.294,1.05555,1.05579,3.94,1.37
2018.04.05 08:17:02.345,1.05555,1.05581,3.00,2.44
2018.04.05 08:17:02.396,1.05555,1.05579,3.37,1.00
2018.04.05 08:17:02.726,1.05556,1.05578,2.63,1.00
2018.04.05 08:17:02.828,1.05556,1.0558,1.50,1.87
2018.04.05 08:17:03.379,1.05556,1.0558,1.38,1.12
2018.04.05 08:17:03.481,1.05555,1.0558,3.19,2.25
2018.04.05 08:17:03.763,1.05558,1.05581,1.13,1.12
2018.04.05 08:17:04.122,1.05559,1.05584,2.81,1.12
2018.04.05 08:17:04.708,1.05561,1.05585,2.62,1.37
2018.04.05 08:17:05.268,1.05562,1.05585,1.50,1.25
2018.04.05 08:17:07.779,1.05562,1.05584,2.25,1.00
2018.04.05 08:17:08.823,1.05561,1.05585,2.81,1.87
2018.04.05 08:17:09.712,1.05562,1.05584,1.87,1.00
2018.04.05 08:17:09.814,1.05562,1.05586,1.12,1.25
2018.04.05 08:17:12.746,1.05562,1.05585,1.12,1.00
2018.04.05 08:17:12.900,1.0556,1.05583,2.00,1.00
2018.04.05 08:17:14.063,1.05561,1.05584,2.25,1.13
2018.04.05 08:17:14.753,1.05561,1.05583,2.25,1.00
2018.04.05 08:17:15.856,1.05561,1.05584,1.50,1.12
2018.04.05 08:17:16.386,1.05562,1.05583,1.12,1.00
2018.04.05 08:17:19.713,1.05561,1.05584,1.87,1.31
2018.04.05 08:17:20.249,1.05562,1.05585,1.50,1.25
2018.04.05 08:17:20.762,1.05562,1.05585,1.00,1.19
2018.04.05 08:17:21.268,1.05562,1.05585,1.50,1.25
2018.04.05 08:17:21.775,1.05562,1.05585,1.50,1.19
2018.04.05 08:17:22.363,1.05562,1.05585,1.50,1.25
2018.04.05 08:17:22.909,1.05561,1.05586,2.81,1.81
2018.04.05 08:17:23.489,1.05561,1.05585,2.63,1.44
2018.04.05 08:17:23.796,1.05558,1.05582,1.50,1.50
2018.04.05 08:17:24.147,1.05558,1.05582,1.63,1.50
2018.04.05 08:17:24.642,1.05559,1.05582,1.25,1.00
2018.04.05 08:17:24.694,1.05559,1.05582,1.63,1.00
2018.04.05 08:17:25.228,1.05559,1.05582,1.44,1.00
2018.04.05 08:17:25.736,1.05559,1.05583,2.25,1.12
2018.04.05 08:17:26.272,1.05562,1.05584,1.87,1.25
2018.04.05 08:17:27.147,1.05559,1.05584,2.63,1.31
2018.04.05 08:17:27.504,1.05562,1.05586,1.88,1.56
2018.04.05 08:17:28.011,1.05561,1.05586,2.44,2.44
2018.04.05 08:17:28.544,1.05562,1.05585,2.25,1.69
2018.04.05 08:17:29.131,1.05562,1.05585,2.44,1.19
2018.04.05 08:17:29.633,1.05562,1.05586,1.87,1.19
2018.04.05 08:17:30.135,1.05562,1.05586,2.81,1.19
2018.04.05 08:17:30.947,1.05562,1.05586,1.12,1.19
2018.04.05 08:17:31.633,1.05562,1.05585,2.44,1.19
2018.04.05 08:17:32.169,1.05562,1.05585,1.87,1.25
2018.04.05 08:17:32.810,1.05562,1.05585,1.50,1.19
2018.04.05 08:17:33.321,1.0556,1.05585,1.38,2.25
2018.04.05 08:17:33.997,1.0556,1.05583,1.25,1.12
2018.04.05 08:17:35.106,1.05559,1.05583,2.25,1.00
2018.04.05 08:17:35.630,1.0556,1.05585,1.13,3.75
2018.04.05 08:17:36.966,1.05561,1.05584,1.25,1.31
2018.04.05 08:17:37.497,1.0556,1.05584,1.38,1.31
2018.04.05 08:17:38.009,1.0556,1.05583,1.88,1.00
2018.04.05 08:17:38.525,1.0556,1.05583,1.88,1.00
2018.04.05 08:17:38.877,1.0556,1.05584,1.38,1.31
2018.04.05 08:17:39.647,1.05561,1.05584,1.50,1.00
2018.04.05 08:17:40.208,1.05561,1.05587,1.75,2.63
2018.04.05 08:17:40.716,1.05562,1.05586,1.00,1.50
2018.04.05 08:17:41.044,1.05561,1.05586,1.50,1.12
2018.04.05 08:17:41.597,1.05561,1.05586,1.13,1.00
2018.04.05 08:17:42.117,1.05561,1.05585,1.50,1.00
2018.04.05 08:17:42.623,1.05561,1.05585,1.50,1.37
2018.04.05 08:17:44.843,1.05562,1.05585,1.00,1.37
2018.04.05 08:17:45.373,1.05561,1.05584,1.50,1.00
2018.04.05 08:17:46.257,1.05561,1.05584,1.88,1.00
2018.04.05 08:17:46.309,1.05564,1.05585,1.00,1.50
2018.04.05 08:17:46.817,1.05565,1.05584,1.00,1.00
2018.04.05 08:17:46.868,1.05561,1.05585,1.50,1.87
2018.04.05 08:17:47.469,1.0556,1.05584,3.00,2.25
2018.04.05 08:17:48.011,1.05561,1.05585,1.38,1.50
2018.04.05 08:17:48.565,1.05561,1.05584,1.13,1.00
2018.04.05 08:17:49.310,1.05561,1.05585,1.88,1.50
2018.04.05 08:17:49.825,1.05561,1.05585,1.88,1.88
2018.04.05 08:17:50.727,1.05561,1.05585,1.50,1.69
2018.04.05 08:17:51.361,1.0556,1.05585,1.50,1.44
2018.04.05 08:17:51.515,1.0556,1.05584,1.00,2.25
2018.04.05 08:17:51.567,1.05559,1.05581,1.00,1.00
2018.04.05 08:17:51.875,1.05557,1.05579,1.13,1.00
2018.04.05 08:17:52.365,1.05557,1.0558,2.25,1.87
2018.04.05 08:17:52.416,1.05559,1.05581,1.50,1.00
2018.04.05 08:17:53.066,1.05558,1.0558,2.44,1.00
2018.04.05 08:17:53.529,1.0556,1.05583,1.00,2.06
2018.04.05 08:17:54.194,1.0556,1.05583,1.00,1.50
2018.04.05 08:17:54.715,1.05558,1.05583,2.06,2.25
2018.04.05 08:17:55.530,1.05558,1.05583,2.06,2.25
2018.04.05 08:17:55.796,1.05558,1.05581,2.44,1.00
2018.04.05 08:17:56.298,1.05558,1.05583,2.81,2.06
2018.04.05 08:17:56.824,1.05558,1.05583,2.63,2.25
2018.04.05 08:17:57.336,1.05559,1.05582,1.25,1.12
2018.04.05 08:17:58.017,1.05559,1.05582,1.00,1.50
2018.04.05 08:17:58.526,1.05559,1.05582,1.00,1.12
2018.04.05 08:17:59.231,1.05559,1.05583,1.13,1.88
2018.04.05 08:17:59.780,1.05559,1.05582,1.00,1.00
2018.04.05 08:18:00.312,1.05559,1.05581,1.00,1.12
2018.04.05 08:18:01.110,1.05558,1.05581,1.88,1.12
2018.04.05 08:18:02.087,1.05557,1.05582,3.19,1.00
2018.04.05 08:18:02.615,1.05559,1.05581,1.00,1.00
2018.04.05 08:18:03.351,1.05559,1.05582,1.12,1.50
2018.04.05 08:18:03.745,1.05562,1.05584,1.00,1.31
2018.04.05 08:18:04.276,1.05562,1.05583,1.00,1.00
2018.04.05 08:18:04.866,1.05562,1.05584,1.00,2.25
2018.04.05 08:18:05.227,1.05561,1.05581,1.00,1.00
2018.04.05 08:18:05.732,1.05562,1.05581,1.00,1.00
2018.04.05 08:18:05.836,1.05559,1.05582,1.88,1.00
2018.04.05 08:18:06.346,1.0556,1.05581,1.50,1.00
2018.04.05 08:18:06.877,1.0556,1.05582,1.31,1.00
2018.04.05 08:18:07.415,1.0556,1.05581,1.50,1.00
2018.04.05 08:18:08.040,1.05561,1.05584,1.00,2.81
2018.04.05 08:18:08.091,1.05557,1.05582,2.25,1.37
2018.04.05 08:18:08.394,1.05554,1.05576,1.38,1.37
2018.04.05 08:18:08.496,1.05556,1.05579,1.13,1.37
2018.04.05 08:18:09.017,1.05554,1.05577,1.69,1.00
2018.04.05 08:18:09.315,1.05554,1.05577,1.69,1.00
2018.04.05 08:18:09.822,1.05554,1.05578,1.69,2.44
2018.04.05 08:18:10.349,1.05553,1.05577,2.19,1.25
2018.04.05 08:18:10.864,1.05554,1.05578,1.13,1.63
2018.04.05 08:18:11.232,1.05554,1.05579,1.63,3.38
2018.04.05 08:18:11.733,1.05554,1.05579,1.38,1.69
2018.04.05 08:18:11.937,1.05554,1.05579,1.38,1.69
2018.04.05 08:18:12.342,1.05554,1.05576,1.88,1.00
2018.04.05 08:18:13.198,1.05555,1.05577,1.13,1.00
2018.04.05 08:18:13.618,1.05556,1.05579,1.31,1.00
2018.04.05 08:18:13.723,1.05554,1.05579,3.75,1.50
2018.04.05 08:18:14.096,1.05555,1.05574,1.00,1.00
2018.04.05 08:18:14.148,1.05555,1.05576,1.13,1.00
2018.04.05 08:18:14.199,1.05552,1.05574,1.38,1.00
2018.04.05 08:18:14.476,1.05551,1.05574,3.19,1.50
2018.04.05 08:18:17.001,1.05551,1.05574,1.88,1.69
2018.04.05 08:18:17.906,1.05556,1.05577,3.00,1.75
2018.04.05 08:18:18.010,1.05558,1.05578,1.31,1.00
2018.04.05 08:18:18.214,1.05556,1.05581,3.56,1.00
2018.04.05 08:18:18.738,1.05558,1.0558,1.12,1.00
2018.04.05 08:18:19.490,1.05558,1.05581,1.12,1.00
2018.04.05 08:18:20.007,1.05557,1.0558,1.44,1.00
2018.04.05 08:18:20.768,1.05557,1.05581,1.25,1.00
2018.04.05 08:18:21.114,1.05554,1.05578,1.50,1.00
2018.04.05 08:18:21.422,1.05553,1.05575,1.00,2.06
2018.04.05 08:18:22.716,1.05553,1.05572,1.00,1.00
2018.04.05 08:18:23.710,1.05553,1.05571,1.00,1.00
2018.04.05 08:18:24.590,1.0555,1.05572,1.38,1.00
2018.04.05 08:18:25.150,1.0555,1.05571,1.88,1.00
2018.04.05 08:18:25.659,1.0555,1.05572,1.88,1.12
2018.04.05 08:18:26.361,1.0555,1.05571,1.88,1.00
2018.04.05 08:18:27.066,1.0555,1.05571,1.38,1.00
2018.04.05 08:18:27.594,1.0555,1.05572,1.38,1.00
2018.04.05 08:18:27.831,1.05553,1.05575,1.13,1.00
2018.04.05 08:18:27.984,1.05553,1.05571,1.00,1.00
2018.04.05 08:18:28.138,1.0555,1.05571,1.12,1.00
2018.04.05 08:18:28.714,1.05549,1.05572,1.37,1.25
2018.04.05 08:18:29.227,1.05549,1.05572,1.00,1.31
2018.04.05 08:18:29.553,1.05549,1.0557,1.00,1.00
2018.04.05 08:18:30.095,1.05549,1.05571,1.44,1.00
2018.04.05 08:18:30.599,1.05549,1.05571,1.25,1.00
2018.04.05 08:18:31.118,1.05549,1.0557,1.13,1.00
2018.04.05 08:18:31.782,1.05549,1.05571,1.00,1.12
2018.04.05 08:18:32.422,1.05549,1.0557,1.00,1.00
2018.04.05 08:18:33.081,1.05546,1.05571,2.62,5.44
2018.04.05 08:18:33.133,1.05544,1.05565,2.44,1.00
2018.04.05 08:18:33.185,1.05542,1.05564,1.12,1.37
2018.04.05 08:18:33.236,1.05544,1.05562,1.12,1.00
2018.04.05 08:18:33.288,1.05544,1.05566,1.00,1.50
2018.04.05 08:18:33.340,1.05544,1.05566,1.00,1.50
2018.04.05 08:18:33.391,1.05541,1.05566,2.63,2.25
2018.04.05 08:18:34.296,1.0554,1.05565,1.87,1.69
2018.04.05 08:18:34.676,1.05538,1.0556,5.44,1.00
2018.04.05 08:18:34.980,1.05536,1.05561,2.44,2.62
2018.04.05 08:18:35.583,1.05538,1.05561,1.13,1.37
2018.04.05 08:18:35.891,1.05541,1.05564,1.00,3.00
2018.04.05 08:18:36.408,1.05541,1.05563,1.00,1.81
2018.04.05 08:18:36.932,1.0554,1.05564,1.00,1.81
2018.04.05 08:18:37.458,1.05541,1.05563,1.13,2.25
2018.04.05 08:18:37.509,1.05544,1.05569,1.00,3.19
2018.04.05 08:18:37.560,1.05546,1.05569,1.00,1.12
2018.04.05 08:18:37.716,1.05547,1.0557,1.69,1.50
2018.04.05 08:18:38.229,1.05548,1.05571,1.00,1.00
2018.04.05 08:18:38.607,1.05546,1.05568,1.50,1.00
2018.04.05 08:18:39.601,1.05546,1.05569,2.63,1.12
2018.04.05 08:18:40.776,1.05547,1.0557,1.50,1.00
2018.04.05 08:18:41.324,1.05547,1.05569,1.50,1.00
2018.04.05 08:18:41.830,1.05548,1.05569,1.00,1.00
2018.04.05 08:18:42.712,1.05548,1.0557,1.12,1.00
2018.04.05 08:18:43.366,1.05548,1.05569,1.00,1.00
2018.04.05 08:18:43.876,1.05549,1.0557,1.00,1.00
2018.04.05 08:18:44.423,1.05549,1.05569,1.00,1.00
2018.04.05 08:18:44.956,1.05549,1.0557,1.00,1.00
2018.04.05 08:18:45.654,1.05549,1.05569,1.00,1.00
2018.04.05 08:18:47.062,1.05549,1.0557,1.00,1.00
2018.04.05 08:18:47.165,1.05547,1.0557,1.69,1.25
2018.04.05 08:18:47.435,1.05549,1.05571,1.00,1.44
2018.04.05 08:18:47.996,1.05548,1.05571,1.00,1.44
2018.04.05 08:18:48.598,1.05548,1.05571,1.50,1.25
2018.04.05 08:18:48.976,1.05548,1.0557,1.50,1.00
2018.04.05 08:18:49.742,1.05549,1.0557,1.00,1.00
2018.04.05 08:18:51.378,1.05548,1.0557,1.50,1.00
2018.04.05 08:18:51.901,1.05548,1.05571,1.50,1.25
2018.04.05 08:18:52.414,1.05548,1.05571,1.50,1.00
2018.04.05 08:18:52.924,1.05548,1.0557,1.50,1.25
2018.04.05 08:18:54.355,1.05548,1.05571,1.50,1.13
2018.04.05 08:18:54.900,1.05549,1.05572,1.50,1.50
2018.04.05 08:18:59.502,1.05549,1.0557,1.31,1.00
2018.04.05 08:19:00.594,1.05548,1.0557,1.12,1.50
2018.04.05 08:19:00.900,1.05548,1.05568,1.00,1.12
2018.04.05 08:19:02.240,1.05545,1.05566,1.50,1.00
2018.04.05 08:19:02.745,1.05543,1.05565,2.81,1.00
2018.04.05 08:19:03.295,1.05543,1.05566,3.38,1.00
2018.04.05 08:19:03.813,1.05543,1.05566,3.38,1.00
2018.04.05 08:19:04.341,1.05544,1.05565,1.69,1.00
2018.04.05 08:19:04.494,1.05544,1.05567,1.88,1.00
2018.04.05 08:19:05.020,1.05545,1.05567,1.31,1.00
2018.04.05 08:19:05.558,1.05545,1.05567,1.13,1.00
2018.04.05 08:19:06.066,1.05546,1.05567,1.00,1.00
2018.04.05 08:19:07.030,1.05544,1.05566,2.81,1.00
2018.04.05 08:19:07.132,1.05544,1.05565,1.25,1.00
2018.04.05 08:19:07.677,1.05543,1.05566,1.88,2.25
2018.04.05 08:19:08.100,1.05543,1.05564,1.88,1.00
2018.04.05 08:19:08.695,1.05543,1.05564,1.88,1.00
2018.04.05 08:19:08.939,1.05543,1.05566,1.88,1.00
2018.04.05 08:19:09.478,1.05544,1.05566,1.88,1.00
2018.04.05 08:19:10.237,1.05544,1.05566,2.25,1.00
2018.04.05 08:19:10.771,1.05544,1.05566,1.88,1.00
2018.04.05 08:19:10.978,1.05544,1.05564,2.06,1.00
2018.04.05 08:19:11.491,1.05544,1.05563,1.25,1.00
2018.04.05 08:19:11.594,1.05541,1.05562,1.31,1.00
2018.04.05 08:19:11.645,1.05544,1.05563,1.00,1.00
2018.04.05 08:19:11.746,1.05541,1.05563,2.44,1.00
2018.04.05 08:19:11.848,1.05539,1.0556,1.88,1.00
2018.04.05 08:19:11.899,1.05539,1.0556,1.13,1.00
2018.04.05 08:19:11.950,1.0554,1.05562,1.31,1.50
2018.04.05 08:19:12.001,1.05539,1.0556,1.88,1.00
2018.04.05 08:19:12.742,1.05538,1.05559,1.94,1.00
2018.04.05 08:19:12.817,1.05538,1.05562,1.94,1.25
2018.04.05 08:19:14.814,1.05538,1.05562,1.63,1.12
2018.04.05 08:19:16.720,1.05539,1.05562,1.50,1.50
2018.04.05 08:19:17.396,1.05539,1.05562,1.69,1.69
2018.04.05 08:19:17.564,1.05538,1.05562,2.06,1.00
2018.04.05 08:19:17.615,1.05538,1.05562,2.25,1.25
2018.04.05 08:19:18.238,1.05538,1.05562,1.69,1.25
2018.04.05 08:19:18.749,1.05539,1.05561,1.63,1.00
2018.04.05 08:19:19.257,1.05539,1.05562,1.63,1.00
2018.04.05 08:19:19.805,1.05539,1.05562,1.38,1.50
2018.04.05 08:19:20.314,1.05538,1.05563,1.69,1.50
2018.04.05 08:19:20.620,1.05541,1.05566,2.81,1.50
2018.04.05 08:19:20.759,1.05541,1.05564,2.06,1.50
2018.04.05 08:19:21.459,1.05541,1.05562,1.63,1.00
2018.04.05 08:19:22.080,1.05541,1.05561,1.00,1.00
2018.04.05 08:19:22.631,1.05539,1.05562,2.25,1.00
2018.04.05 08:19:23.220,1.0554,1.05563,2.25,1.00
2018.04.05 08:19:23.525,1.05539,1.0556,2.81,1.00
2018.04.05 08:19:24.154,1.05537,1.05561,1.88,1.12
2018.04.05 08:19:24.736,1.05538,1.0556,1.88,1.00
2018.04.05 08:19:25.243,1.05538,1.05559,2.06,1.00
2018.04.05 08:19:25.417,1.05539,1.05561,1.50,1.00
2018.04.05 08:19:25.998,1.0554,1.0556,1.25,1.00
2018.04.05 08:19:26.467,1.0554,1.05562,1.44,1.00
2018.04.05 08:19:27.029,1.05541,1.05562,1.44,1.00
2018.04.05 08:19:27.726,1.05541,1.05563,1.44,1.69
2018.04.05 08:19:28.442,1.05541,1.05562,1.88,1.00
2018.04.05 08:19:28.949,1.05541,1.05563,1.50,1.69
2018.04.05 08:19:29.452,1.05541,1.05562,1.44,1.00
2018.04.05 08:19:30.202,1.05541,1.05563,1.44,1.69
2018.04.05 08:19:30.717,1.05541,1.05562,1.44,1.00
2018.04.05 08:19:30.948,1.05538,1.05561,1.81,1.00
2018.04.05 08:19:30.999,1.05538,1.05559,1.81,1.00
2018.04.05 08:19:31.307,1.05538,1.05557,1.00,1.00
2018.04.05 08:19:31.490,1.05538,1.05559,1.88,1.00
2018.04.05 08:19:32.243,1.05538,1.05559,1.69,1.00
2018.04.05 08:19:32.766,1.05537,1.0556,1.75,1.12
2018.04.05 08:19:33.124,1.05537,1.05559,1.50,1.00
2018.04.05 08:19:33.635,1.05536,1.05559,2.06,1.00
2018.04.05 08:19:34.494,1.05536,1.05559,1.88,1.00
2018.04.05 08:19:35.035,1.05536,1.05559,2.63,1.00
2018.04.05 08:19:35.714,1.05536,1.05561,2.63,3.00
2018.04.05 08:19:36.228,1.05536,1.05561,2.25,3.00
2018.04.05 08:19:36.743,1.05536,1.0556,3.19,1.00
2018.04.05 08:19:37.383,1.05536,1.0556,3.00,1.00
2018.04.05 08:19:37.907,1.05536,1.05559,2.25,1.00
2018.04.05 08:19:38.483,1.05536,1.05559,1.69,1.00
2018.04.05 08:19:39.013,1.05535,1.05562,3.56,4.88
2018.04.05 08:19:39.553,1.05536,1.05561,1.81,1.50
2018.04.05 08:19:40.066,1.05537,1.0556,1.25,1.00
2018.04.05 08:19:40.598,1.05535,1.05561,2.81,1.50
2018.04.05 08:19:41.146,1.05537,1.0556,1.50,1.50
2018.04.05 08:19:41.668,1.05537,1.0556,1.13,1.50
2018.04.05 08:19:42.225,1.05537,1.0556,1.50,1.00
2018.04.05 08:19:42.926,1.05537,1.0556,1.13,1.00
2018.04.05 08:19:43.507,1.05537,1.0556,1.50,1.50
2018.04.05 08:19:44.157,1.05537,1.0556,1.88,1.00
2018.04.05 08:19:44.716,1.05537,1.0556,2.25,1.00
2018.04.05 08:19:45.441,1.05537,1.0556,2.44,1.00
2018.04.05 08:19:45.577,1.05537,1.05562,1.69,3.00
2018.04.05 08:19:46.108,1.05537,1.05562,2.06,3.75
2018.04.05 08:19:46.711,1.05536,1.05561,3.94,2.62
2018.04.05 08:19:47.457,1.05536,1.05561,3.94,3.00
2018.04.05 08:19:48.451,1.05537,1.05561,1.13,1.37
2018.04.05 08:19:49.144,1.05537,1.05561,1.31,1.50
2018.04.05 08:19:51.628,1.05538,1.05561,1.25,1.50
2018.04.05 08:19:52.387,1.05538,1.0556,1.00,1.00
2018.04.05 08:19:53.286,1.05538,1.05561,1.25,1.88
2018.04.05 08:19:53.983,1.05538,1.0556,1.25,1.00
2018.04.05 08:19:54.484,1.05537,1.05561,1.31,1.13
2018.04.05 08:19:55.068,1.05539,1.05561,1.00,1.50
2018.04.05 08:19:57.474,1.05539,1.0556,1.13,1.00
2018.04.05 08:19:57.784,1.0554,1.05561,1.19,1.12
2018.04.05 08:19:57.939,1.05541,1.05564,2.44,1.00
2018.04.05 08:19:58.633,1.05541,1.05565,1.69,3.38
2018.04.05 08:19:59.180,1.05541,1.05565,1.87,2.63
2018.04.05 08:19:59.791,1.05541,1.05564,1.31,1.13
2018.04.05 08:20:00.171,1.05541,1.05565,2.44,2.25
2018.04.05 08:20:01.308,1.05541,1.05565,2.06,1.50
2018.04.05 08:20:01.812,1.05542,1.05565,1.00,1.12
2018.04.05 08:20:02.119,1.05539,1.05562,1.50,1.12
2018.04.05 08:20:02.636,1.05539,1.05561,1.88,1.00
2018.04.05 08:20:03.240,1.05539,1.05559,1.69,1.00
2018.04.05 08:20:03.750,1.05539,1.0556,2.06,1.00
2018.04.05 08:20:04.273,1.05539,1.05559,2.06,1.00
2018.04.05 08:20:05.067,1.05539,1.0556,1.63,1.00
2018.04.05 08:20:05.221,1.0554,1.05565,1.12,3.37
2018.04.05 08:20:08.518,1.0554,1.05564,1.63,1.50
2018.04.05 08:20:11.653,1.0554,1.05564,1.69,1.00
2018.04.05 08:20:12.184,1.0554,1.05563,1.50,1.00
2018.04.05 08:20:13.212,1.0554,1.05563,1.37,1.00
2018.04.05 08:20:13.817,1.05539,1.05564,3.56,1.69
2018.04.05 08:20:14.649,1.05539,1.05564,3.94,1.25
2018.04.05 08:20:15.247,1.05542,1.05564,1.00,1.25
2018.04.05 08:20:15.771,1.05541,1.05565,1.12,1.00
2018.04.05 08:20:16.122,1.05541,1.05563,1.31,1.00
2018.04.05 08:20:16.632,1.05541,1.05563,1.69,1.00
2018.04.05 08:20:17.165,1.05541,1.05564,1.69,1.50
2018.04.05 08:20:17.491,1.05541,1.05563,1.25,1.00
2018.04.05 08:20:18.016,1.05541,1.05564,1.25,1.50
2018.04.05 08:20:18.636,1.05541,1.05563,1.56,1.00
2018.04.05 08:20:19.172,1.05541,1.05564,1.56,1.50
2018.04.05 08:20:19.711,1.05541,1.05563,1.56,1.00
2018.04.05 08:20:20.791,1.05541,1.05564,1.63,1.50
2018.04.05 08:20:21.331,1.05543,1.05563,1.00,1.00
2018.04.05 08:20:21.840,1.05539,1.05563,2.06,1.00
2018.04.05 08:20:22.461,1.05542,1.05564,1.12,1.25
2018.04.05 08:20:23.096,1.05542,1.05563,1.00,1.00
2018.04.05 08:20:23.622,1.05542,1.05562,1.00,1.00
2018.04.05 08:20:24.311,1.05542,1.05561,1.00,1.00
2018.04.05 08:20:25.410,1.05542,1.05562,1.00,1.00
2018.04.05 08:20:25.917,1.05542,1.05561,1.00,1.00
2018.04.05 08:20:27.238,1.05542,1.05564,1.12,1.31
2018.04.05 08:20:30.063,1.0554,1.05564,1.87,1.00
2018.04.05 08:20:30.166,1.0554,1.05563,1.88,1.25
2018.04.05 08:20:30.557,1.0554,1.05564,1.00,2.44
2018.04.05 08:20:31.447,1.0554,1.05563,1.00,1.00
2018.04.05 08:20:32.532,1.0554,1.05563,1.00,1.37
2018.04.05 08:20:33.584,1.05539,1.05563,1.87,1.37
2018.04.05 08:20:34.110,1.0554,1.05563,1.00,1.87
2018.04.05 08:20:35.246,1.0554,1.05563,1.00,1.87
2018.04.05 08:20:36.561,1.05538,1.0556,1.25,1.63
2018.04.05 08:20:36.868,1.05534,1.05559,2.25,2.25
2018.04.05 08:20:37.122,1.05535,1.05559,1.56,1.12
2018.04.05 08:20:37.660,1.05537,1.05558,1.13,1.00
2018.04.05 08:20:39.756,1.05537,1.05557,1.00,1.00
2018.04.05 08:20:40.351,1.05537,1.05558,1.25,1.00
2018.04.05 08:20:41.016,1.05537,1.05557,1.25,1.00
2018.04.05 08:20:41.821,1.05537,1.05559,1.25,1.12
2018.04.05 08:20:42.332,1.05537,1.05558,1.25,1.12
2018.04.05 08:20:43.519,1.05536,1.05559,1.44,1.87
2018.04.05 08:20:44.071,1.05536,1.05558,1.31,1.00
2018.04.05 08:20:44.674,1.05536,1.05559,1.63,2.62
2018.04.05 08:20:45.205,1.05536,1.05559,1.13,2.62
2018.04.05 08:20:45.778,1.05536,1.05559,1.63,2.62
2018.04.05 08:20:46.470,1.05536,1.05559,1.13,2.62
2018.04.05 08:20:47.006,1.05536,1.05559,1.63,2.62
2018.04.05 08:20:47.522,1.05536,1.05562,2.63,1.50
2018.04.05 08:20:47.655,1.05536,1.05563,3.38,1.25
2018.04.05 08:20:48.330,1.05538,1.05563,1.88,1.63
2018.04.05 08:20:48.893,1.05538,1.05563,2.25,1.63
2018.04.05 08:20:49.446,1.05538,1.05563,2.63,1.25
2018.04.05 08:20:50.003,1.05539,1.05563,1.00,1.25
2018.04.05 08:20:50.545,1.0554,1.05563,1.00,2.62
2018.04.05 08:20:51.633,1.05538,1.05563,1.25,3.19
2018.04.05 08:20:52.309,1.05537,1.05562,1.12,2.06
2018.04.05 08:20:52.529,1.05537,1.05559,1.50,1.12
2018.04.05 08:20:52.837,1.05536,1.05559,1.44,1.63
2018.04.05 08:20:52.941,1.05536,1.0556,1.69,1.12
2018.04.05 08:20:53.565,1.05536,1.05561,2.63,1.63
2018.04.05 08:20:54.103,1.05536,1.05562,1.50,2.44
2018.04.05 08:20:54.618,1.05536,1.05562,1.25,2.44
2018.04.05 08:20:55.172,1.05536,1.05562,1.31,2.63
2018.04.05 08:20:55.718,1.05536,1.05562,1.31,2.63
2018.04.05 08:20:56.394,1.05536,1.05562,1.31,2.63
2018.04.05 08:20:56.652,1.05535,1.05559,1.44,1.37
2018.04.05 08:20:57.445,1.05535,1.05559,1.63,1.50
2018.04.05 08:20:58.101,1.05535,1.05559,1.63,1.00
2018.04.05 08:20:58.876,1.05535,1.05559,1.44,1.50
2018.04.05 08:20:59.421,1.05535,1.05559,1.81,1.00
2018.04.05 08:20:59.971,1.05536,1.0556,1.00,1.87
2018.04.05 08:21:00.280,1.05537,1.0556,1.38,1.50
2018.04.05 08:21:00.514,1.05539,1.05562,1.00,1.12
2018.04.05 08:21:00.667,1.05539,1.05563,3.56,1.25
2018.04.05 08:21:00.718,1.05539,1.05563,2.06,1.25
2018.04.05 08:21:01.487,1.05539,1.05563,1.12,1.37
2018.04.05 08:21:02.011,1.0554,1.05563,1.00,1.63
2018.04.05 08:21:02.643,1.0554,1.05563,1.00,1.31
2018.04.05 08:21:03.419,1.0554,1.05562,1.00,1.00
2018.04.05 08:21:04.616,1.0554,1.05563,1.25,1.87
2018.04.05 08:21:05.240,1.0554,1.05562,1.25,1.12
2018.04.05 08:21:06.157,1.0554,1.05561,1.25,1.00
2018.04.05 08:21:06.767,1.0554,1.05563,1.44,1.37
2018.04.05 08:21:08.122,1.0554,1.05563,1.00,4.50
2018.04.05 08:21:08.777,1.0554,1.05562,1.25,3.19
2018.04.05 08:21:09.315,1.05538,1.0556,1.63,1.00
2018.04.05 08:21:09.838,1.05538,1.05562,2.25,1.37
2018.04.05 08:21:10.351,1.05539,1.05562,1.38,1.00
2018.04.05 08:21:13.301,1.05541,1.05564,1.00,2.81
2018.04.05 08:21:13.828,1.05541,1.05564,1.13,1.31
2018.04.05 08:21:14.588,1.05541,1.05564,1.37,1.00
2018.04.05 08:21:17.374,1.05541,1.05564,1.00,1.00
2018.04.05 08:21:22.192,1.05541,1.05564,1.00,3.19
2018.04.05 08:21:25.777,1.05541,1.05564,1.00,1.69
2018.04.05 08:21:26.686,1.05541,1.05564,1.38,1.69
2018.04.05 08:21:26.940,1.05541,1.05561,1.00,1.00
2018.04.05 08:21:27.041,1.05541,1.05563,1.00,1.00
2018.04.05 08:21:27.669,1.05541,1.05563,1.00,1.88
2018.04.05 08:21:30.190,1.05541,1.05563,1.12,1.00
2018.04.05 08:21:30.293,1.05541,1.05566,2.25,1.69
2018.04.05 08:21:30.498,1.0554,1.05563,1.69,2.25
2018.04.05 08:21:30.703,1.05542,1.05564,1.00,1.37
2018.04.05 08:21:31.042,1.05542,1.05566,1.00,1.88
2018.04.05 08:21:31.514,1.0554,1.05564,2.25,1.00
2018.04.05 08:21:32.055,1.0554,1.05564,1.69,1.37
2018.04.05 08:21:32.877,1.05538,1.05562,1.56,1.00
2018.04.05 08:21:33.184,1.05536,1.05559,1.00,1.37
2018.04.05 08:21:34.595,1.05536,1.05559,1.00,1.00
2018.04.05 08:21:37.067,1.05534,1.05561,2.44,2.63
2018.04.05 08:21:37.528,1.05537,1.05562,1.31,3.38
2018.04.05 08:21:38.034,1.05537,1.0556,1.00,1.00
2018.04.05 08:21:38.704,1.05536,1.0556,1.00,1.00
2018.04.05 08:21:39.123,1.05534,1.0556,3.56,2.44
2018.04.05 08:21:39.331,1.05532,1.05557,2.06,2.25
2018.04.05 08:21:39.382,1.05532,1.05556,1.69,2.06
2018.04.05 08:21:39.708,1.05539,1.05562,1.50,1.37
2018.04.05 08:21:39.759,1.05541,1.05564,1.12,2.62
2018.04.05 08:21:39.863,1.05541,1.05564,1.12,3.00
2018.04.05 08:21:40.386,1.05542,1.05564,1.00,1.31
2018.04.05 08:21:40.892,1.05542,1.05563,1.00,1.00
2018.04.05 08:21:41.402,1.05542,1.05564,1.00,1.50
2018.04.05 08:21:42.110,1.05542,1.05563,1.00,1.00
2018.04.05 08:21:44.813,1.05542,1.05565,1.00,1.69
2018.04.05 08:21:45.392,1.05542,1.05565,1.00,2.06
2018.04.05 08:21:46.123,1.05542,1.05563,1.00,1.00
2018.04.05 08:21:46.813,1.05542,1.05565,1.00,3.75
2018.04.05 08:21:47.793,1.05542,1.05563,1.00,1.00
2018.04.05 08:21:47.998,1.05542,1.05565,1.00,2.06
2018.04.05 08:21:48.124,1.05542,1.05563,1.00,1.00
2018.04.05 08:21:48.739,1.05542,1.05564,1.12,1.13
2018.04.05 08:21:50.029,1.05542,1.05563,1.00,1.00
2018.04.05 08:21:51.085,1.05542,1.05564,1.00,1.13
2018.04.05 08:21:52.158,1.05542,1.05565,1.00,2.81
2018.04.05 08:21:52.398,1.05538,1.05563,2.44,1.00
2018.04.05 08:21:52.450,1.05538,1.05565,2.06,2.44
2018.04.05 08:21:52.502,1.05541,1.05565,1.00,3.19
2018.04.05 08:21:53.094,1.05541,1.05565,1.00,3.19
2018.04.05 08:21:53.897,1.05538,1.05565,3.19,2.44
2018.04.05 08:21:54.446,1.05541,1.05565,1.00,3.19
2018.04.05 08:21:55.008,1.05541,1.05565,1.00,3.19
2018.04.05 08:21:55.359,1.05544,1.05565,1.00,1.00
2018.04.05 08:21:55.410,1.05545,1.0557,1.00,2.62
2018.04.05 08:21:55.461,1.05546,1.05569,1.00,1.87
2018.04.05 08:21:55.513,1.05544,1.05567,1.50,1.12
2018.04.05 08:21:55.692,1.05544,1.05567,1.13,1.75
2018.04.05 08:21:55.997,1.05544,1.05564,1.00,1.75
2018.04.05 08:21:56.199,1.05544,1.05565,1.00,1.12
2018.04.05 08:21:56.631,1.05546,1.05568,1.00,1.00
2018.04.05 08:21:57.137,1.05546,1.05569,1.00,1.50
2018.04.05 08:21:57.817,1.05546,1.05569,1.00,1.87
2018.04.05 08:22:00.299,1.05546,1.05569,1.25,1.87
2018.04.05 08:22:00.842,1.05546,1.05569,1.19,1.87
2018.04.05 08:22:01.409,1.05546,1.05569,1.13,1.87
2018.04.05 08:22:03.266,1.05546,1.05569,1.44,1.87
2018.04.05 08:22:03.798,1.05546,1.05569,1.13,1.87
2018.04.05 08:22:04.341,1.05546,1.05569,1.00,1.87
2018.04.05 08:22:05.399,1.05546,1.05569,1.13,1.87
2018.04.05 08:22:05.552,1.05547,1.05568,1.00,1.87
2018.04.05 08:22:05.604,1.05544,1.05567,1.44,1.50
2018.04.05 08:22:06.152,1.05544,1.05566,1.00,1.37
2018.04.05 08:22:06.356,1.05545,1.05567,1.87,1.50
2018.04.05 08:22:07.225,1.05545,1.05567,2.25,1.50
2018.04.05 08:22:07.739,1.05544,1.05568,4.13,1.13
2018.04.05 08:22:08.049,1.05547,1.05566,1.00,1.00
2018.04.05 08:22:09.166,1.05547,1.05567,1.00,1.00
2018.04.05 08:22:09.716,1.05547,1.05566,1.00,1.00
2018.04.05 08:22:10.347,1.05547,1.05567,1.00,1.00
2018.04.05 08:22:11.144,1.05547,1.05566,1.00,1.00
2018.04.05 08:22:11.246,1.05547,1.05568,1.00,1.00
2018.04.05 08:22:11.778,1.05547,1.05569,1.00,1.00
2018.04.05 08:22:12.346,1.05547,1.05568,1.00,1.00
2018.04.05 08:22:12.448,1.05543,1.05569,2.81,1.13
2018.04.05 08:22:13.713,1.05543,1.05568,3.56,1.00
2018.04.05 08:22:14.253,1.05543,1.05568,2.44,1.00
2018.04.05 08:22:15.487,1.05543,1.05568,2.63,1.12
2018.04.05 08:22:17.992,1.05547,1.05568,1.00,1.50
2018.04.05 08:22:20.680,1.05547,1.05569,1.00,1.50
2018.04.05 08:22:21.446,1.05547,1.05568,1.00,1.00
2018.04.05 08:22:22.582,1.05547,1.05569,1.00,1.00
2018.04.05 08:22:22.968,1.05544,1.05567,1.69,1.87
2018.04.05 08:22:24.219,1.05543,1.05566,1.12,2.06
2018.04.05 08:22:24.795,1.05544,1.05567,1.25,3.00
2018.04.05 08:22:25.051,1.05543,1.05568,1.63,1.00
2018.04.05 08:22:25.670,1.05542,1.05567,2.25,1.00
2018.04.05 08:22:26.209,1.05544,1.05568,1.50,1.31
2018.04.05 08:22:28.046,1.05543,1.05568,3.38,1.50
2018.04.05 08:22:28.614,1.05546,1.05569,1.13,1.31
2018.04.05 08:22:29.249,1.05546,1.05569,1.00,1.31
2018.04.05 08:22:30.310,1.05546,1.05569,1.13,1.31
2018.04.05 08:22:30.859,1.05546,1.05569,1.00,1.31
2018.04.05 08:22:31.400,1.05546,1.05569,1.13,1.31
2018.04.05 08:22:33.460,1.05546,1.05569,1.00,1.31
2018.04.05 08:22:33.986,1.05546,1.05569,1.00,2.06
2018.04.05 08:22:34.996,1.0555,1.05569,1.00,1.56
2018.04.05 08:22:35.507,1.05546,1.05569,1.13,1.56
2018.04.05 08:22:36.168,1.05546,1.0557,1.12,2.06
2018.04.05 08:22:37.209,1.05546,1.05569,1.50,1.19
2018.04.05 08:22:39.168,1.05546,1.05569,1.00,1.31
2018.04.05 08:22:40.198,1.05546,1.05569,1.00,1.31
2018.04.05 08:22:41.449,1.05546,1.0557,1.50,1.19
2018.04.05 08:22:42.051,1.05546,1.0557,2.44,1.19
2018.04.05 08:22:42.305,1.05546,1.0557,2.44,1.00
2018.04.05 08:22:42.839,1.05547,1.0557,1.69,1.00
2018.04.05 08:22:45.303,1.05548,1.05573,2.19,1.31
2018.04.05 08:22:45.506,1.05547,1.05572,2.25,1.50
2018.04.05 08:22:46.103,1.05547,1.05572,1.63,2.00
2018.04.05 08:22:46.764,1.05547,1.05572,1.25,2.06
2018.04.05 08:22:51.827,1.05547,1.0557,1.00,2.44
2018.04.05 08:22:53.919,1.05547,1.0557,1.00,2.81
2018.04.05 08:22:54.465,1.05547,1.05569,1.00,1.25
2018.04.05 08:22:55.374,1.05547,1.0557,1.00,2.81
2018.04.05 08:22:56.196,1.05547,1.0557,1.00,2.81
2018.04.05 08:22:56.706,1.05546,1.05568,1.00,1.50
2018.04.05 08:23:04.043,1.05546,1.05569,1.00,3.00
2018.04.05 08:23:05.435,1.05546,1.05569,1.00,2.62
2018.04.05 08:23:07.197,1.05546,1.05567,1.00,1.00
2018.04.05 08:23:07.732,1.05546,1.05568,1.00,1.12
2018.04.05 08:23:08.402,1.05546,1.05568,1.00,1.50
2018.04.05 08:23:08.941,1.05546,1.05568,1.00,1.00
2018.04.05 08:23:09.554,1.05546,1.05569,1.00,2.62
2018.04.05 08:23:10.089,1.05546,1.05568,1.00,1.12
2018.04.05 08:23:11.909,1.05546,1.05569,1.00,2.81
2018.04.05 08:23:12.573,1.05546,1.05568,1.00,1.00
2018.04.05 08:23:13.868,1.05546,1.05567,1.00,1.69
2018.04.05 08:23:14.086,1.05544,1.05567,1.13,2.63
2018.04.05 08:23:15.131,1.05544,1.05567,1.00,2.81
2018.04.05 08:23:15.725,1.05544,1.05567,1.00,1.69
2018.04.05 08:23:16.288,1.05544,1.05567,1.00,2.63
2018.04.05 08:23:17.327,1.05542,1.05563,1.00,1.00
2018.04.05 08:23:17.634,1.05545,1.05564,1.00,1.12
2018.04.05 08:23:18.172,1.05542,1.05566,2.62,1.63
2018.04.05 08:23:18.633,1.05542,1.05566,1.50,1.38
2018.04.05 08:23:19.299,1.05542,1.05564,4.13,1.00
2018.04.05 08:23:20.747,1.05543,1.05566,1.00,1.38
2018.04.05 08:23:21.055,1.05545,1.05567,1.00,1.13
2018.04.05 08:23:21.585,1.05545,1.05566,1.00,1.50
2018.04.05 08:23:21.740,1.05537,1.0556,1.00,2.62
2018.04.05 08:23:21.844,1.05534,1.05559,2.25,2.25
2018.04.05 08:23:22.544,1.05534,1.05559,2.81,2.25
2018.04.05 08:23:23.047,1.05534,1.05559,3.00,3.38
2018.04.05 08:23:24.008,1.05534,1.05558,1.31,1.12
2018.04.05 08:23:24.928,1.05534,1.05558,2.06,1.87
2018.04.05 08:23:25.495,1.05534,1.05557,1.31,1.00
2018.04.05 08:23:26.020,1.05534,1.05557,1.50,1.37
2018.04.05 08:23:26.627,1.05534,1.05558,1.31,1.50
2018.04.05 08:23:27.135,1.05534,1.05558,1.50,1.50
2018.04.05 08:23:27.656,1.05534,1.05558,1.81,2.25
2018.04.05 08:23:28.321,1.05534,1.05558,1.50,2.25
2018.04.05 08:23:29.010,1.05534,1.05558,1.81,2.25
2018.04.05 08:23:30.291,1.05536,1.05557,1.00,1.00
2018.04.05 08:23:30.342,1.05539,1.05557,1.00,1.00
2018.04.05 08:23:31.351,1.05539,1.05556,1.00,1.00
2018.04.05 08:23:32.339,1.05539,1.05557,1.00,1.00
2018.04.05 08:23:32.442,1.05536,1.05556,1.69,1.00
2018.04.05 08:23:32.953,1.05537,1.05556,1.63,1.00
2018.04.05 08:23:33.057,1.05539,1.05558,1.12,1.00
2018.04.05 08:23:33.159,1.05542,1.05564,1.12,1.38
2018.04.05 08:23:33.261,1.05542,1.05563,1.12,1.25
2018.04.05 08:23:34.209,1.05542,1.05562,1.12,1.00
2018.04.05 08:23:34.791,1.05542,1.05563,1.00,1.00
2018.04.05 08:23:34.843,1.05544,1.05563,1.00,1.00
2018.04.05 08:23:35.051,1.05537,1.05557,1.00,1.00
2018.04.05 08:23:35.271,1.05535,1.05556,1.31,1.00
2018.04.05 08:23:35.840,1.05534,1.05557,2.63,1.12
2018.04.05 08:23:36.397,1.05535,1.05556,1.13,1.00
2018.04.05 08:23:36.926,1.05534,1.05556,1.13,1.00
2018.04.05 08:23:37.443,1.05534,1.05556,1.63,1.00
2018.04.05 08:23:38.114,1.05534,1.05556,1.13,1.12
2018.04.05 08:23:38.652,1.05534,1.05556,1.38,1.12
2018.04.05 08:23:39.168,1.05534,1.05558,1.31,2.25
2018.04.05 08:23:39.704,1.05534,1.05558,1.81,2.44
2018.04.05 08:23:40.447,1.05534,1.05558,1.50,2.25
2018.04.05 08:23:40.977,1.05534,1.05558,2.25,2.44
2018.04.05 08:23:41.497,1.05534,1.05557,2.06,1.12
2018.04.05 08:23:42.186,1.05534,1.05557,2.06,1.12
2018.04.05 08:23:42.593,1.05534,1.05557,1.69,1.12
2018.04.05 08:23:43.277,1.05534,1.05557,2.25,1.12
2018.04.05 08:23:43.992,1.05534,1.05557,1.88,1.12
2018.04.05 08:23:44.595,1.05534,1.05557,2.06,1.12
2018.04.05 08:23:44.954,1.05535,1.05559,2.81,1.88
2018.04.05 08:23:45.058,1.05535,1.05559,1.62,1.50
2018.04.05 08:23:45.569,1.05534,1.05559,1.69,3.00
2018.04.05 08:23:46.097,1.05534,1.05559,1.00,3.19
2018.04.05 08:23:47.134,1.05534,1.05559,1.87,2.62
2018.04.05 08:23:47.235,1.05536,1.05559,1.25,1.87
2018.04.05 08:23:47.562,1.05538,1.05561,1.12,1.31
2018.04.05 08:23:47.866,1.0554,1.05562,1.00,1.37
2018.04.05 08:23:48.182,1.0554,1.05563,1.37,1.13
2018.04.05 08:23:48.753,1.0554,1.05563,1.50,1.38
2018.04.05 08:23:49.282,1.0554,1.05563,1.50,1.13
2018.04.05 08:23:49.851,1.05542,1.05565,1.12,1.38
2018.04.05 08:23:50.209,1.05542,1.05565,1.12,1.38
2018.04.05 08:23:50.716,1.05541,1.05565,1.63,1.63
2018.04.05 08:23:51.055,1.05541,1.05565,1.50,1.00
2018.04.05 08:23:51.106,1.05544,1.05566,1.37,1.00
2018.04.05 08:23:51.208,1.05542,1.05565,1.12,1.50
2018.04.05 08:23:51.360,1.05543,1.05566,1.37,1.69
2018.04.05 08:23:51.481,1.05544,1.05568,1.12,1.25
2018.04.05 08:23:52.318,1.05543,1.05568,4.13,1.44
2018.04.05 08:23:52.497,1.05545,1.05568,1.50,1.69
2018.04.05 08:23:52.998,1.05545,1.05568,1.50,1.88
2018.04.05 08:23:53.584,1.05545,1.05568,1.50,1.69
2018.04.05 08:23:54.094,1.05545,1.05568,1.12,1.69
2018.04.05 08:23:55.335,1.05545,1.05568,1.50,1.69
2018.04.05 08:23:55.665,1.05545,1.05563,1.50,1.00
2018.04.05 08:23:56.203,1.05545,1.05568,1.50,1.69
2018.04.05 08:24:00.384,1.05545,1.05568,1.12,1.88
2018.04.05 08:24:01.023,1.05545,1.05568,1.12,1.69
2018.04.05 08:24:06.704,1.05545,1.05568,1.50,1.50
2018.04.05 08:24:10.666,1.05545,1.05568,1.75,1.13
2018.04.05 08:24:11.501,1.05545,1.05568,1.12,1.50
2018.04.05 08:24:13.281,1.05545,1.05568,1.12,2.44
2018.04.05 08:24:13.925,1.05545,1.05568,1.12,2.25
2018.04.05 08:24:14.465,1.05545,1.05568,1.50,1.88
2018.04.05 08:24:15.124,1.05545,1.05568,1.50,1.88
2018.04.05 08:24:15.655,1.05545,1.05568,1.12,2.25
2018.04.05 08:24:17.510,1.05542,1.05567,3.19,1.12
2018.04.05 08:24:18.106,1.05542,1.05567,2.81,1.13
2018.04.05 08:24:19.698,1.05542,1.05567,3.00,1.69
2018.04.05 08:24:21.147,1.05542,1.05567,2.62,1.00
2018.04.05 08:24:21.873,1.05542,1.05568,2.62,2.06
2018.04.05 08:24:22.416,1.05542,1.05568,3.00,2.06
2018.04.05 08:24:22.934,1.05542,1.05568,2.25,2.25
2018.04.05 08:24:22.985,1.05542,1.05568,3.00,2.63
2018.04.05 08:24:23.858,1.05542,1.05568,2.62,2.63
2018.04.05 08:24:24.405,1.05542,1.05568,3.00,2.63
2018.04.05 08:24:24.629,1.05542,1.05568,2.63,2.44
2018.04.05 08:24:25.268,1.05542,1.05568,2.25,2.25
2018.04.05 08:24:25.777,1.05542,1.05568,2.63,2.44
2018.04.05 08:24:26.344,1.05542,1.05568,1.88,3.19
2018.04.05 08:24:26.851,1.05543,1.05568,1.00,1.50
2018.04.05 08:24:27.386,1.05543,1.05568,1.88,1.88
2018.04.05 08:24:27.996,1.05544,1.05568,1.00,1.88
2018.04.05 08:24:29.120,1.05542,1.05566,1.50,1.44
2018.04.05 08:24:29.441,1.05542,1.05563,1.00,1.25
2018.04.05 08:24:30.002,1.05542,1.05564,1.12,1.50
2018.04.05 08:24:30.520,1.05542,1.05563,1.12,1.13
2018.04.05 08:24:31.128,1.05542,1.05564,1.00,1.50
2018.04.05 08:24:31.636,1.05542,1.05564,1.69,1.13
2018.04.05 08:24:32.427,1.05542,1.05566,1.69,1.88
2018.04.05 08:24:33.717,1.05543,1.05565,1.19,1.00
2018.04.05 08:24:34.257,1.05542,1.05566,2.44,1.00
2018.04.05 08:24:34.781,1.05542,1.05565,3.00,1.00
2018.04.05 08:24:35.290,1.05542,1.05566,2.25,1.00
2018.04.05 08:24:35.802,1.05542,1.05566,2.06,1.25
2018.04.05 08:24:36.459,1.05542,1.05566,2.81,1.00
2018.04.05 08:24:36.976,1.05542,1.05567,2.25,1.44
2018.04.05 08:24:37.539,1.05542,1.05565,1.00,1.63
2018.04.05 08:24:37.855,1.05545,1.05564,1.00,1.00
2018.04.05 08:24:37.912,1.05541,1.05564,2.25,1.00
2018.04.05 08:24:38.131,1.05541,1.05565,2.81,1.12
2018.04.05 08:24:38.284,1.05545,1.05569,1.00,1.00
2018.04.05 08:24:38.438,1.05545,1.05569,1.88,1.25
2018.04.05 08:24:38.685,1.05545,1.05569,1.88,1.87
2018.04.05 08:24:39.194,1.05545,1.05569,1.00,2.25
2018.04.05 08:24:39.705,1.05544,1.05569,1.69,2.63
2018.04.05 08:24:40.233,1.05544,1.05569,2.25,1.50
2018.04.05 08:24:41.797,1.05545,1.05569,1.50,1.12
2018.04.05 08:24:42.303,1.05544,1.05569,3.19,1.87
2018.04.05 08:24:42.815,1.05544,1.05569,3.00,1.00
2018.04.05 08:24:45.094,1.05544,1.05569,2.44,1.87
2018.04.05 08:24:45.605,1.05544,1.05569,2.25,1.87
2018.04.05 08:24:45.757,1.05546,1.05569,1.00,1.50
2018.04.05 08:24:45.960,1.05547,1.05571,1.00,1.81
2018.04.05 08:24:46.011,1.05549,1.05571,1.00,1.50
2018.04.05 08:24:46.062,1.05547,1.05571,1.00,1.50
2018.04.05 08:24:46.214,1.05549,1.05571,1.00,1.50
2018.04.05 08:24:46.578,1.05549,1.05571,1.00,1.13
2018.04.05 08:24:47.179,1.05549,1.05568,1.00,1.00
2018.04.05 08:24:47.231,1.05546,1.05567,1.50,1.00
2018.04.05 08:24:47.741,1.05546,1.05566,1.63,1.00
2018.04.05 08:24:47.844,1.05544,1.05566,1.13,1.00
2018.04.05 08:24:48.359,1.05544,1.05567,2.06,1.00
2018.04.05 08:24:48.862,1.05545,1.05568,1.50,1.25
2018.04.05 08:24:49.617,1.05545,1.05568,1.88,1.25
2018.04.05 08:24:50.165,1.05545,1.05568,1.87,1.00
2018.04.05 08:24:51.127,1.05546,1.05568,1.19,1.00
2018.04.05 08:24:54.838,1.05545,1.05568,1.81,1.00
2018.04.05 08:24:55.179,1.05546,1.05566,1.00,1.00
2018.04.05 08:24:55.499,1.05548,1.05566,1.00,1.00
2018.04.05 08:24:55.925,1.05546,1.05566,1.00,1.00
2018.04.05 08:24:57.038,1.05545,1.05566,2.25,1.00
2018.04.05 08:24:57.621,1.05543,1.05565,1.50,1.00
2018.04.05 08:24:57.944,1.05542,1.05564,1.50,1.00
2018.04.05 08:24:57.996,1.05541,1.0556,1.25,1.00
2018.04.05 08:24:58.048,1.05537,1.05558,1.50,1.00
2018.04.05 08:24:58.556,1.05535,1.05557,1.31,1.00
2018.04.05 08:24:58.709,1.05535,1.05557,1.56,1.00
2018.04.05 08:24:59.235,1.05535,1.05557,1.81,1.00
2018.04.05 08:24:59.830,1.05536,1.05557,1.50,1.00
2018.04.05 08:25:00.339,1.05538,1.05558,2.25,1.00
2018.04.05 08:25:00.441,1.05539,1.05558,1.69,1.00
2018.04.05 08:25:00.593,1.05537,1.0556,1.88,1.00
2018.04.05 08:25:01.580,1.05538,1.05559,2.00,1.00
2018.04.05 08:25:01.905,1.05535,1.05559,3.75,1.00
2018.04.05 08:25:02.114,1.05535,1.05557,2.25,1.00
2018.04.05 08:25:02.268,1.05535,1.05556,2.25,1.00
2018.04.05 08:25:02.857,1.05535,1.05556,1.38,1.00
2018.04.05 08:25:03.360,1.05535,1.05556,2.25,1.00
2018.04.05 08:25:03.886,1.05535,1.05556,2.06,1.00
2018.04.05 08:25:05.263,1.05535,1.05556,1.50,1.00
2018.04.05 08:25:06.166,1.05535,1.05556,1.88,1.50
2018.04.05 08:25:07.184,1.05537,1.05556,1.00,1.50
2018.04.05 08:25:07.725,1.05534,1.05556,3.00,1.00
2018.04.05 08:25:08.244,1.05533,1.05556,1.88,1.50
2018.04.05 08:25:11.219,1.05533,1.05556,2.19,1.50
2018.04.05 08:25:11.593,1.05532,1.05554,1.38,1.00
2018.04.05 08:25:11.936,1.0553,1.05552,1.75,1.00
2018.04.05 08:25:12.397,1.05529,1.05552,2.63,1.00
2018.04.05 08:25:12.944,1.05532,1.05553,1.69,1.00
2018.04.05 08:25:14.077,1.05531,1.05553,1.13,1.00
2018.04.05 08:25:14.238,1.05532,1.05553,1.00,1.00
2018.04.05 08:25:14.462,1.05532,1.05553,1.13,1.00
2018.04.05 08:25:14.563,1.05531,1.05553,1.13,1.00
2018.04.05 08:25:14.766,1.05532,1.05553,1.50,1.00
2018.04.05 08:25:15.356,1.05531,1.05553,1.13,1.00
2018.04.05 08:25:15.875,1.05531,1.05553,1.13,1.00
2018.04.05 08:25:16.424,1.05531,1.05553,1.13,1.00
2018.04.05 08:25:16.954,1.05532,1.05553,1.75,1.00
2018.04.05 08:25:20.847,1.05533,1.05553,1.25,1.00
2018.04.05 08:25:21.173,1.05533,1.05554,1.94,1.00
2018.04.05 08:25:21.678,1.05534,1.05554,1.69,1.00
2018.04.05 08:25:22.216,1.05535,1.05554,1.25,1.00
2018.04.05 08:25:22.524,1.05536,1.05556,1.00,1.00
2018.04.05 08:25:22.794,1.05535,1.05555,1.69,1.00
2018.04.05 08:25:23.073,1.05535,1.05555,1.50,1.00
2018.04.05 08:25:23.609,1.05535,1.05555,1.69,1.00
2018.04.05 08:25:23.661,1.05533,1.05555,2.63,1.00
2018.04.05 08:25:24.408,1.05533,1.05555,2.63,1.00
2018.04.05 08:25:24.884,1.05534,1.05553,1.38,1.00
2018.04.05 08:25:26.221,1.05539,1.05553,1.00,1.00
2018.04.05 08:25:26.825,1.05533,1.05553,2.06,1.00
2018.04.05 08:25:27.376,1.05533,1.05552,1.50,1.00
2018.04.05 08:25:27.831,1.05532,1.05553,2.63,1.00
2018.04.05 08:25:28.639,1.05534,1.05553,1.38,1.00
2018.04.05 08:25:28.844,1.05535,1.05555,1.38,1.00
2018.04.05 08:25:29.406,1.05535,1.05554,1.63,1.00
2018.04.05 08:25:30.566,1.05532,1.05554,2.25,1.00
2018.04.05 08:25:31.124,1.05532,1.05554,2.44,1.00
2018.04.05 08:25:31.672,1.05534,1.05554,1.81,1.00
2018.04.05 08:25:32.278,1.05534,1.05554,1.50,1.00
2018.04.05 08:25:32.484,1.05535,1.05554,1.38,1.00
2018.04.05 08:25:32.587,1.05535,1.05555,1.50,1.00
2018.04.05 08:25:32.775,1.05535,1.05557,1.69,1.00
2018.04.05 08:25:33.743,1.05536,1.05557,1.38,1.00
2018.04.05 08:25:34.269,1.05536,1.05557,2.25,1.00
2018.04.05 08:25:34.922,1.05536,1.05557,1.88,1.00
2018.04.05 08:25:35.075,1.05538,1.05559,1.25,1.00
2018.04.05 08:25:35.742,1.05538,1.05559,1.63,1.00
2018.04.05 08:25:37.348,1.05538,1.05559,1.25,1.00
2018.04.05 08:25:37.501,1.05538,1.05559,1.63,1.00
2018.04.05 08:25:39.053,1.05539,1.05559,1.13,1.00
2018.04.05 08:25:39.358,1.05539,1.05561,1.31,1.00
2018.04.05 08:25:39.928,1.05539,1.05561,1.88,1.00
2018.04.05 08:25:41.018,1.0554,1.05561,1.00,1.00
2018.04.05 08:25:41.121,1.0554,1.05559,1.44,1.00
2018.04.05 08:25:41.173,1.05539,1.05558,1.25,1.00
2018.04.05 08:25:41.225,1.05536,1.05555,1.88,1.00
2018.04.05 08:25:41.277,1.05536,1.05557,1.88,1.00
2018.04.05 08:25:41.553,1.05536,1.05555,1.13,1.00
2018.04.05 08:25:41.858,1.05536,1.05553,1.88,1.00
2018.04.05 08:25:42.575,1.05535,1.05553,1.38,1.00
2018.04.05 08:25:43.262,1.05534,1.05553,2.00,1.00
2018.04.05 08:25:43.517,1.05534,1.05555,1.81,1.00
2018.04.05 08:25:43.677,1.05535,1.05556,2.06,1.00
2018.04.05 08:25:44.666,1.05537,1.05556,1.00,1.00
2018.04.05 08:25:45.174,1.05537,1.05556,1.38,1.00
2018.04.05 08:25:45.483,1.05538,1.05557,1.75,1.00
2018.04.05 08:25:45.636,1.05538,1.05559,3.75,1.00
2018.04.05 08:25:46.671,1.05539,1.05559,1.00,1.00
2018.04.05 08:25:47.028,1.05538,1.05557,2.44,1.00
2018.04.05 08:25:47.618,1.05538,1.05557,2.06,1.00
2018.04.05 08:25:48.160,1.05537,1.05557,2.25,1.00
2018.04.05 08:25:48.665,1.05537,1.05557,2.06,1.00
2018.04.05 08:25:49.277,1.05537,1.05557,2.06,1.00
2018.04.05 08:25:49.828,1.05537,1.05557,2.06,1.00
2018.04.05 08:25:50.823,1.05537,1.05557,2.06,1.00
2018.04.05 08:25:51.339,1.05537,1.05557,2.06,1.00
2018.04.05 08:25:51.844,1.05537,1.05557,1.63,1.00
2018.04.05 08:25:52.356,1.05537,1.05557,2.06,1.00
2018.04.05 08:25:52.408,1.05537,1.05559,1.81,1.00
2018.04.05 08:25:52.919,1.05536,1.05557,3.94,1.00
2018.04.05 08:25:53.082,1.05536,1.05557,1.69,1.00
2018.04.05 08:25:53.386,1.05538,1.05557,1.38,1.00
2018.04.05 08:25:53.927,1.05538,1.05557,1.25,1.00
2018.04.05 08:25:54.917,1.05538,1.05556,1.13,1.00
2018.04.05 08:25:57.949,1.05538,1.05555,1.00,1.00
2018.04.05 08:25:58.553,1.05538,1.05556,1.00,1.00
2018.04.05 08:26:00.033,1.05538,1.05554,1.00,1.00
2018.04.05 08:26:00.135,1.05538,1.05556,1.00,1.00
2018.04.05 08:26:00.339,1.05535,1.05556,1.50,1.00
2018.04.05 08:26:00.585,1.05535,1.05556,1.69,1.00
2018.04.05 08:26:01.098,1.05535,1.05555,2.06,1.00
2018.04.05 08:26:01.721,1.05535,1.05554,1.69,1.00
2018.04.05 08:26:01.925,1.05535,1.05554,1.38,1.00
2018.04.05 08:26:02.441,1.05535,1.05554,1.38,1.00
2018.04.05 08:26:02.946,1.05535,1.05554,1.38,1.00
2018.04.05 08:26:03.530,1.05535,1.05554,1.63,1.00
2018.04.05 08:26:03.581,1.05535,1.05554,1.63,1.00
2018.04.05 08:26:03.735,1.05536,1.05555,1.38,1.00
2018.04.05 08:26:04.348,1.05537,1.05555,1.38,1.00
2018.04.05 08:26:04.877,1.05537,1.05555,1.88,1.00
2018.04.05 08:26:05.746,1.05537,1.05555,1.38,1.00
2018.04.05 08:26:06.602,1.05535,1.05555,1.88,1.00
2018.04.05 08:26:06.808,1.05537,1.0556,1.38,2.06
2018.04.05 08:26:07.640,1.05537,1.05561,2.25,2.06
2018.04.05 08:26:08.163,1.05538,1.05562,1.12,1.63
2018.04.05 08:26:08.785,1.05537,1.05562,2.44,2.06
2018.04.05 08:26:09.265,1.05537,1.05561,1.69,1.13
2018.04.05 08:26:10.087,1.05537,1.05561,1.75,1.87
2018.04.05 08:26:10.595,1.05538,1.05562,2.25,1.12
2018.04.05 08:26:10.899,1.05539,1.05564,3.19,2.44
2018.04.05 08:26:11.436,1.05539,1.05564,2.63,1.88
2018.04.05 08:26:11.861,1.0554,1.05564,1.63,1.88
2018.04.05 08:26:12.625,1.05539,1.05561,1.69,1.00
2018.04.05 08:26:13.170,1.05538,1.0556,1.50,1.00
2018.04.05 08:26:14.007,1.05538,1.0556,1.12,1.00
2018.04.05 08:26:14.531,1.05538,1.05561,1.00,1.00
2018.04.05 08:26:14.835,1.05538,1.05559,1.00,1.12
2018.04.05 08:26:15.480,1.05538,1.05559,1.00,1.44
2018.04.05 08:26:15.992,1.05538,1.05559,1.00,1.00
2018.04.05 08:26:16.299,1.0554,1.05563,1.44,1.00
2018.04.05 08:26:16.831,1.0554,1.05563,2.25,1.00
2018.04.05 08:26:17.569,1.0554,1.05563,1.31,1.00
2018.04.05 08:26:17.942,1.0554,1.0556,1.31,1.00
2018.04.05 08:26:18.449,1.0554,1.05561,1.31,1.00
2018.04.05 08:26:18.933,1.0554,1.05563,1.87,1.00
2018.04.05 08:26:19.168,1.05542,1.05561,1.00,1.00
2018.04.05 08:26:19.687,1.0554,1.05562,1.00,1.12
2018.04.05 08:26:20.244,1.0554,1.05563,1.25,1.50
2018.04.05 08:26:20.766,1.0554,1.05562,1.25,1.00
2018.04.05 08:26:21.437,1.0554,1.05563,1.31,1.50
2018.04.05 08:26:22.098,1.0554,1.05562,1.31,1.00
2018.04.05 08:26:22.740,1.0554,1.05563,1.31,1.50
2018.04.05 08:26:23.253,1.0554,1.05562,1.50,1.00
2018.04.05 08:26:23.800,1.0554,1.05563,1.25,1.50
2018.04.05 08:26:24.777,1.05538,1.05561,2.81,1.12
2018.04.05 08:26:24.828,1.05536,1.0556,1.50,1.00
2018.04.05 08:26:25.376,1.05536,1.05559,1.25,1.50
2018.04.05 08:26:25.950,1.05536,1.05559,1.44,1.00
2018.04.05 08:26:26.487,1.05536,1.05559,1.50,1.00
2018.04.05 08:26:27.006,1.05536,1.05559,1.50,1.00
2018.04.05 08:26:27.939,1.05535,1.05559,1.13,1.00
2018.04.05 08:26:28.488,1.05535,1.05559,2.06,1.00
2018.04.05 08:26:29.802,1.05535,1.05559,1.88,1.00
2018.04.05 08:26:30.351,1.05535,1.05559,2.06,1.00
2018.04.05 08:26:31.419,1.05536,1.05559,1.00,1.00
2018.04.05 08:26:31.925,1.05535,1.05559,2.06,1.13
2018.04.05 08:26:32.431,1.05535,1.05559,1.88,1.00
2018.04.05 08:26:33.128,1.05535,1.05558,1.88,1.00
2018.04.05 08:26:33.331,1.05535,1.05556,1.88,1.00
2018.04.05 08:26:33.382,1.05535,1.05559,1.88,1.00
2018.04.05 08:26:33.789,1.05535,1.0556,2.81,3.38
2018.04.05 08:26:34.376,1.05535,1.05559,2.81,1.13
2018.04.05 08:26:34.908,1.05536,1.05559,1.50,1.13
2018.04.05 08:26:35.530,1.05536,1.05559,1.38,1.00
2018.04.05 08:26:35.835,1.05539,1.05562,1.00,1.25
2018.04.05 08:26:36.566,1.05539,1.05562,2.25,1.00
2018.04.05 08:26:38.116,1.05539,1.05562,1.13,1.87
2018.04.05 08:26:38.623,1.05539,1.05562,1.88,1.37
2018.04.05 08:26:39.134,1.05539,1.05562,1.69,1.37
2018.04.05 08:26:39.662,1.05539,1.05562,2.06,1.00
2018.04.05 08:26:39.765,1.05539,1.0556,1.25,1.00
2018.04.05 08:26:40.568,1.05539,1.05561,1.00,1.31
2018.04.05 08:26:40.619,1.05536,1.05559,1.87,1.50
2018.04.05 08:26:41.144,1.05536,1.05558,2.63,1.00
2018.04.05 08:26:41.896,1.05536,1.05558,2.25,1.00
2018.04.05 08:26:42.453,1.05536,1.05559,1.38,1.87
2018.04.05 08:26:42.980,1.05536,1.05559,1.13,1.87
2018.04.05 08:26:43.512,1.05536,1.05558,1.38,1.00
2018.04.05 08:26:44.062,1.05536,1.05559,1.00,1.87
2018.04.05 08:26:44.776,1.05536,1.05559,2.25,1.00
2018.04.05 08:26:45.031,1.05537,1.05559,1.50,1.00
2018.04.05 08:26:45.561,1.05537,1.05559,1.25,1.00
2018.04.05 08:26:46.074,1.05537,1.05559,1.31,1.00
2018.04.05 08:26:46.737,1.05537,1.05559,1.13,1.00
2018.04.05 08:26:47.069,1.05537,1.05559,1.44,1.00
2018.04.05 08:26:47.222,1.05537,1.05559,1.13,1.00
2018.04.05 08:26:47.399,1.05537,1.05559,1.44,1.00
2018.04.05 08:26:47.451,1.05537,1.05559,1.25,1.00
2018.04.05 08:26:47.632,1.05537,1.05559,1.38,1.00
2018.04.05 08:26:47.938,1.05537,1.05559,1.25,1.00
2018.04.05 08:26:48.535,1.05537,1.05559,1.38,1.00
2018.04.05 08:26:48.907,1.05538,1.05561,2.81,1.12
2018.04.05 08:26:49.264,1.05538,1.05563,2.63,1.25
2018.04.05 08:26:49.744,1.05542,1.05564,1.00,3.19
2018.04.05 08:26:50.051,1.05547,1.05566,1.00,1.00
2018.04.05 08:26:50.510,1.05547,1.05568,1.00,1.00
2018.04.05 08:26:51.026,1.05547,1.0557,1.00,2.44
2018.04.05 08:26:51.545,1.05547,1.0557,1.00,1.31
2018.04.05 08:26:52.006,1.05548,1.05572,1.50,1.31
2018.04.05 08:26:52.496,1.05548,1.05572,1.50,1.25
2018.04.05 08:26:53.506,1.05548,1.05572,1.69,1.44
2018.04.05 08:26:54.127,1.05548,1.05573,2.25,1.50
2018.04.05 08:26:54.732,1.05548,1.05573,2.25,1.56
2018.04.05 08:26:57.244,1.05548,1.05572,1.87,1.56
2018.04.05 08:26:58.199,1.05548,1.05573,1.87,2.06
2018.04.05 08:26:59.625,1.05548,1.05573,2.25,1.69
2018.04.05 08:27:00.150,1.05547,1.05572,1.75,1.50
2018.04.05 08:27:00.711,1.05547,1.05571,1.75,1.63
2018.04.05 08:27:00.827,1.05547,1.05571,1.75,1.25
2018.04.05 08:27:01.422,1.05547,1.05571,2.00,1.44
2018.04.05 08:27:02.107,1.05547,1.05571,1.25,1.44
2018.04.05 08:27:03.380,1.05547,1.05571,1.00,1.69
2018.04.05 08:27:03.774,1.05551,1.0557,1.00,1.00
2018.04.05 08:27:04.360,1.0555,1.05573,1.00,3.00
2018.04.05 08:27:04.411,1.05547,1.05573,1.12,3.00
2018.04.05 08:27:05.054,1.05547,1.05572,1.50,1.38
2018.04.05 08:27:05.558,1.05547,1.05572,1.37,1.44
2018.04.05 08:27:06.116,1.05547,1.0557,1.37,1.00
2018.04.05 08:27:06.857,1.05547,1.05571,1.37,1.25
2018.04.05 08:27:07.113,1.05545,1.05569,1.31,1.87
2018.04.05 08:27:07.215,1.05545,1.05568,1.50,1.50
2018.04.05 08:27:07.594,1.05545,1.05568,1.50,1.00
2018.04.05 08:27:08.141,1.05545,1.05568,1.13,1.37
2018.04.05 08:27:08.650,1.05545,1.05569,1.38,1.88
2018.04.05 08:27:09.170,1.05545,1.05569,1.13,1.69
2018.04.05 08:27:12.402,1.05545,1.05569,1.00,1.31
2018.04.05 08:27:12.994,1.05545,1.05571,1.31,3.94
2018.04.05 08:27:13.096,1.05545,1.0557,1.63,2.44
2018.04.05 08:27:13.743,1.05546,1.0557,1.44,1.50
2018.04.05 08:27:14.472,1.05546,1.0557,1.63,1.50
2018.04.05 08:27:14.942,1.05546,1.0557,1.25,1.50
2018.04.05 08:27:17.033,1.05546,1.0557,1.25,1.75
2018.04.05 08:27:18.165,1.05546,1.0557,1.25,1.50
2018.04.05 08:27:21.599,1.05546,1.0557,1.25,2.19
2018.04.05 08:27:22.124,1.05546,1.0557,1.00,1.50
2018.04.05 08:27:22.727,1.05542,1.05562,4.12,1.37
2018.04.05 08:27:23.031,1.05537,1.05556,1.88,1.12
2018.04.05 08:27:23.535,1.05535,1.05556,1.38,1.37
2018.04.05 08:27:24.177,1.05535,1.05557,1.44,2.44
2018.04.05 08:27:25.476,1.05535,1.05555,1.88,1.00
2018.04.05 08:27:25.986,1.05535,1.05555,1.88,1.00
2018.04.05 08:27:26.536,1.05535,1.05557,1.63,2.25
2018.04.05 08:27:27.176,1.05535,1.05556,1.88,1.37
2018.04.05 08:27:27.694,1.05535,1.05556,2.06,1.37
2018.04.05 08:27:28.224,1.05535,1.05556,1.88,1.37
2018.04.05 08:27:28.789,1.05535,1.05556,2.06,1.37
2018.04.05 08:27:29.503,1.05536,1.05557,1.13,1.87
2018.04.05 08:27:30.025,1.05537,1.05556,1.00,1.37
2018.04.05 08:27:30.936,1.05536,1.05557,1.13,1.50
2018.04.05 08:27:31.437,1.05535,1.05556,2.06,1.37
2018.04.05 08:27:32.258,1.05535,1.05556,1.88,1.37
2018.04.05 08:27:32.797,1.05535,1.05556,2.06,1.37
2018.04.05 08:27:33.549,1.05535,1.05557,1.38,1.87
2018.04.05 08:27:34.378,1.05535,1.05556,2.06,1.37
2018.04.05 08:27:34.907,1.05535,1.05557,1.38,1.50
2018.04.05 08:27:35.232,1.05535,1.0556,1.38,3.37
2018.04.05 08:27:35.741,1.05535,1.0556,1.88,4.31
2018.04.05 08:27:36.256,1.05535,1.05558,1.00,2.00
2018.04.05 08:27:36.465,1.05521,1.05541,1.00,1.12
2018.04.05 08:27:36.568,1.05517,1.0554,1.50,1.37
2018.04.05 08:27:36.875,1.05519,1.05538,1.50,1.00
2018.04.05 08:27:37.517,1.05519,1.05538,1.37,1.00
2018.04.05 08:27:38.082,1.05519,1.05539,1.31,1.12
2018.04.05 08:27:38.521,1.05519,1.05538,1.63,1.00
2018.04.05 08:27:39.047,1.05519,1.05539,1.44,1.12
2018.04.05 08:27:39.557,1.05518,1.05538,1.81,1.00
2018.04.05 08:27:40.210,1.05518,1.05539,1.50,1.12
2018.04.05 08:27:40.790,1.05518,1.05538,1.56,1.00
2018.04.05 08:27:41.406,1.05518,1.05539,1.31,1.12
2018.04.05 08:27:41.876,1.05517,1.05538,2.06,1.00
2018.04.05 08:27:42.144,1.05517,1.05539,2.06,1.12
2018.04.05 08:27:42.278,1.05518,1.05541,1.38,1.00
2018.04.05 08:27:42.329,1.05518,1.0554,2.06,1.00
2018.04.05 08:27:42.381,1.05518,1.0554,3.00,1.00
2018.04.05 08:27:42.888,1.05519,1.0554,1.63,1.00
2018.04.05 08:27:43.535,1.05519,1.05541,2.06,1.12
2018.04.05 08:27:43.972,1.05524,1.0554,1.00,1.00
2018.04.05 08:27:44.485,1.05519,1.05541,1.56,1.87
2018.04.05 08:27:44.536,1.05519,1.05541,1.69,1.12
2018.04.05 08:27:44.921,1.0552,1.0554,1.31,1.00
2018.04.05 08:27:45.337,1.0552,1.05541,1.13,1.12
2018.04.05 08:27:45.843,1.0552,1.05541,1.44,1.12
2018.04.05 08:27:46.346,1.0552,1.0554,1.44,1.00
2018.04.05 08:27:46.906,1.0552,1.0554,1.63,1.00
2018.04.05 08:27:47.429,1.0552,1.0554,1.38,1.00
2018.04.05 08:27:47.942,1.0552,1.0554,1.63,1.00
2018.04.05 08:27:48.610,1.0552,1.05541,1.63,1.50
2018.04.05 08:27:49.019,1.0552,1.05538,1.00,1.94
2018.04.05 08:27:49.197,1.05507,1.05526,1.56,1.50
2018.04.05 08:27:49.352,1.05507,1.05526,1.25,2.62
2018.04.05 08:27:49.811,1.05508,1.05525,1.44,1.87
2018.04.05 08:27:50.118,1.05507,1.05526,1.25,2.62
2018.04.05 08:27:50.271,1.05507,1.05525,1.63,1.12
2018.04.05 08:27:50.942,1.05507,1.05526,1.88,2.25
2018.04.05 08:27:51.488,1.05506,1.05525,2.06,1.87
2018.04.05 08:27:52.148,1.05507,1.05525,1.63,1.12
2018.04.05 08:27:52.502,1.05507,1.05525,1.63,1.87
2018.04.05 08:27:52.693,1.05505,1.05526,2.81,2.25
2018.04.05 08:27:52.744,1.05507,1.05525,1.38,1.12
2018.04.05 08:27:54.292,1.05507,1.05526,1.63,2.25
2018.04.05 08:27:54.806,1.05507,1.05525,1.38,1.12
2018.04.05 08:27:55.347,1.05508,1.05525,1.44,1.12
2018.04.05 08:27:55.857,1.05508,1.05525,1.38,1.12
2018.04.05 08:27:56.539,1.05508,1.05525,1.38,1.87
2018.04.05 08:27:56.590,1.05508,1.05525,1.44,1.12
2018.04.05 08:27:56.642,1.05508,1.05525,1.38,1.87
2018.04.05 08:27:56.693,1.05508,1.05525,1.44,1.12
2018.04.05 08:27:57.200,1.05508,1.05525,1.38,1.12
2018.04.05 08:27:57.714,1.05507,1.05526,1.88,1.50
2018.04.05 08:27:57.816,1.05507,1.05526,2.06,1.50
2018.04.05 08:27:58.071,1.05508,1.05525,1.38,1.12
2018.04.05 08:27:58.618,1.05508,1.05529,1.00,1.87
2018.04.05 08:27:59.157,1.05507,1.05529,1.00,1.37
2018.04.05 08:27:59.469,1.05512,1.05535,1.00,1.75
2018.04.05 08:27:59.521,1.05514,1.05538,1.00,1.12
2018.04.05 08:27:59.836,1.05513,1.05539,1.50,1.75
2018.04.05 08:28:00.347,1.05513,1.05539,1.00,1.75
2018.04.05 08:28:00.562,1.05515,1.0554,1.50,1.50
2018.04.05 08:28:01.075,1.05515,1.0554,1.31,1.50
2018.04.05 08:28:01.687,1.05515,1.05541,2.44,1.87
2018.04.05 08:28:02.755,1.05515,1.05541,3.19,1.12
2018.04.05 08:28:02.939,1.05515,1.05541,2.62,1.50
2018.04.05 08:28:03.197,1.05515,1.05541,2.81,1.37
2018.04.05 08:28:04.247,1.05516,1.05541,1.31,1.87
2018.04.05 08:28:04.906,1.05515,1.05541,2.06,1.87
2018.04.05 08:28:04.958,1.05517,1.05541,1.00,1.75
2018.04.05 08:28:05.165,1.05514,1.05539,2.81,1.50
2018.04.05 08:28:05.345,1.05515,1.05539,1.12,2.44
2018.04.05 08:28:06.903,1.05515,1.05539,1.12,2.25
2018.04.05 08:28:07.555,1.05514,1.05539,1.50,1.50
2018.04.05 08:28:07.902,1.05514,1.05539,1.50,1.75
2018.04.05 08:28:08.522,1.05514,1.05539,1.50,1.75
2018.04.05 08:28:09.376,1.05514,1.05536,1.00,1.50
2018.04.05 08:28:09.682,1.05514,1.05536,1.00,1.75
2018.04.05 08:28:10.209,1.05514,1.05537,1.00,1.50
2018.04.05 08:28:10.738,1.05514,1.05539,1.00,3.00
2018.04.05 08:28:11.256,1.05514,1.05539,1.50,3.00
2018.04.05 08:28:12.806,1.05516,1.05539,1.00,2.25
2018.04.05 08:28:13.364,1.05515,1.05539,1.87,1.00
2018.04.05 08:28:15.232,1.05516,1.05539,1.00,1.50
2018.04.05 08:28:16.055,1.05518,1.05539,1.00,1.50
2018.04.05 08:28:17.815,1.05517,1.05539,1.00,1.50
2018.04.05 08:28:18.616,1.05518,1.05539,1.00,1.50
2018.04.05 08:28:19.184,1.05517,1.05539,1.00,1.00
2018.04.05 08:28:19.761,1.05518,1.05539,1.50,1.00
2018.04.05 08:28:20.068,1.05522,1.0554,1.00,1.00
2018.04.05 08:28:20.597,1.05523,1.05541,1.00,2.25
2018.04.05 08:28:21.280,1.05522,1.0554,1.00,1.00
2018.04.05 08:28:22.856,1.05523,1.05541,1.00,1.12
2018.04.05 08:28:23.548,1.05522,1.05541,1.00,1.00
2018.04.05 08:28:24.804,1.05523,1.05541,1.00,1.00
2018.04.05 08:28:25.139,1.05518,1.05541,1.00,1.00
2018.04.05 08:28:25.190,1.0552,1.05543,1.00,1.87
2018.04.05 08:28:28.474,1.05521,1.05543,1.00,1.12
2018.04.05 08:28:29.079,1.0552,1.05543,1.00,1.12
2018.04.05 08:28:33.209,1.05522,1.05543,1.00,1.87
2018.04.05 08:28:33.476,1.05525,1.05548,1.00,3.37
2018.04.05 08:28:33.528,1.05527,1.05548,1.12,1.00
2018.04.05 08:28:33.735,1.0553,1.05552,1.00,1.00
2018.04.05 08:28:34.346,1.0553,1.05553,1.00,1.50
2018.04.05 08:28:35.043,1.0553,1.05553,1.37,1.00
2018.04.05 08:28:35.620,1.0553,1.05553,1.12,1.00
2018.04.05 08:28:37.525,1.0553,1.05553,1.37,1.00
2018.04.05 08:28:38.119,1.05529,1.05554,1.87,1.50
2018.04.05 08:28:39.141,1.0553,1.05553,1.37,1.00
2018.04.05 08:28:41.052,1.0553,1.05553,1.50,1.00
2018.04.05 08:28:41.569,1.0553,1.05554,1.62,1.00
2018.04.05 08:28:42.094,1.0553,1.05553,1.62,1.00
2018.04.05 08:28:42.806,1.0553,1.05554,1.62,1.50
2018.04.05 08:28:43.414,1.0553,1.05554,1.69,1.50
2018.04.05 08:28:43.955,1.0553,1.05553,1.69,1.00
2018.04.05 08:28:45.296,1.0553,1.05553,1.37,1.00
2018.04.05 08:28:45.805,1.05532,1.05553,1.00,1.00
2018.04.05 08:28:46.339,1.05532,1.05552,1.00,1.00
2018.04.05 08:28:47.815,1.05532,1.05553,1.12,1.00
2018.04.05 08:28:48.959,1.05532,1.05554,1.00,2.62
2018.04.05 08:28:54.588,1.05529,1.05554,2.06,1.12
2018.04.05 08:28:55.126,1.0553,1.05554,1.00,1.87
2018.04.05 08:28:57.036,1.0553,1.05553,1.00,1.00
2018.04.05 08:28:58.864,1.0553,1.05554,1.00,2.62
2018.04.05 08:28:59.630,1.0553,1.05549,1.00,1.00
2018.04.05 08:29:00.113,1.0553,1.05554,1.00,1.87
2018.04.05 08:29:01.754,1.05531,1.05555,1.00,3.37
2018.04.05 08:29:03.450,1.05533,1.05555,1.00,1.50
2018.04.05 08:29:03.552,1.05532,1.05556,1.50,1.00
2018.04.05 08:29:03.757,1.05534,1.05556,1.50,1.00
2018.04.05 08:29:03.860,1.05536,1.0556,1.00,1.87
2018.04.05 08:29:05.010,1.05538,1.05561,1.00,3.00
2018.04.05 08:29:05.061,1.05536,1.05561,1.87,3.00
2018.04.05 08:29:06.381,1.05536,1.05561,2.25,3.37
2018.04.05 08:29:06.910,1.05536,1.05559,1.31,1.37
2018.04.05 08:29:12.210,1.05543,1.05559,1.00,1.50
2018.04.05 08:29:12.794,1.05536,1.05559,1.00,2.25
2018.04.05 08:29:15.875,1.05536,1.05556,1.00,1.00
2018.04.05 08:29:16.607,1.05536,1.05556,1.00,1.87
2018.04.05 08:29:18.912,1.05534,1.05555,1.37,1.12
2018.04.05 08:29:19.227,1.05533,1.05553,1.31,1.00
2018.04.05 08:29:19.835,1.05533,1.05552,2.81,1.00
2018.04.05 08:29:21.010,1.05531,1.05552,3.56,1.00
2018.04.05 08:29:21.063,1.0553,1.05548,1.00,1.50
2018.04.05 08:29:21.218,1.05523,1.05544,1.00,1.87
2018.04.05 08:29:21.476,1.0552,1.05543,2.44,1.69
2018.04.05 08:29:21.645,1.05521,1.0554,1.75,1.00
2018.04.05 08:29:21.851,1.05524,1.05546,2.81,1.87
2018.04.05 08:29:22.056,1.0553,1.05545,1.00,1.00
2018.04.05 08:29:22.703,1.05524,1.05545,3.94,1.00
2018.04.05 08:29:24.409,1.05526,1.05546,1.00,1.12
2018.04.05 08:29:25.229,1.05524,1.05541,1.00,1.50
2018.04.05 08:29:25.282,1.05521,1.0554,1.00,1.12
2018.04.05 08:29:27.193,1.05521,1.05543,3.00,2.25
2018.04.05 08:29:27.414,1.05523,1.05546,1.50,1.50
2018.04.05 08:29:27.516,1.05523,1.05546,2.81,1.00
2018.04.05 08:29:27.568,1.05523,1.05546,2.06,1.00
2018.04.05 08:29:27.694,1.05525,1.05546,1.75,1.50
2018.04.05 08:29:28.257,1.05525,1.05549,2.19,2.25
2018.04.05 08:29:29.989,1.05526,1.05549,1.69,1.75
2018.04.05 08:29:30.490,1.05527,1.05548,1.25,1.50
2018.04.05 08:29:30.999,1.05526,1.05549,2.25,1.75
2018.04.05 08:29:31.511,1.05527,1.05548,1.00,1.50
2018.04.05 08:29:33.123,1.05526,1.05549,1.50,1.75
2018.04.05 08:29:33.429,1.05523,1.05543,2.62,1.87
2018.04.05 08:29:37.188,1.05522,1.0554,1.00,1.00
2018.04.05 08:29:37.926,1.05521,1.0554,1.00,1.00
2018.04.05 08:29:39.302,1.05523,1.0554,1.00,1.00
2018.04.05 08:29:40.380,1.05522,1.05541,1.00,1.00
2018.04.05 08:29:40.906,1.05523,1.0554,1.00,1.00
2018.04.05 08:29:41.766,1.05521,1.05541,1.50,1.00
2018.04.05 08:29:42.468,1.05521,1.0554,1.50,1.00
2018.04.05 08:29:43.246,1.05523,1.0554,1.00,1.00
2018.04.05 08:29:43.406,1.05521,1.0554,1.00,1.00
2018.04.05 08:29:43.610,1.0552,1.05543,2.44,1.12
2018.04.05 08:29:44.359,1.05521,1.05543,1.00,1.87
2018.04.05 08:29:47.250,1.05527,1.05547,1.00,1.00
2018.04.05 08:29:47.302,1.05526,1.05549,1.87,1.50
2018.04.05 08:29:47.404,1.05527,1.05547,1.00,1.00
2018.04.05 08:29:47.557,1.05529,1.05552,1.87,3.00
2018.04.05 08:29:47.659,1.05531,1.05552,1.00,1.00
2018.04.05 08:29:47.965,1.05531,1.0555,1.00,1.50
2018.04.05 08:29:49.421,1.05531,1.05549,1.00,1.00
2018.04.05 08:29:51.054,1.05531,1.0555,1.00,1.50
2018.04.05 08:29:53.084,1.05531,1.05549,1.00,1.00
2018.04.05 08:29:55.045,1.05531,1.0555,1.00,1.50
2018.04.05 08:29:55.585,1.05531,1.05549,1.00,1.00
2018.04.05 08:29:56.822,1.05531,1.0555,1.00,1.50
2018.04.05 08:30:00.143,1.05531,1.05549,1.00,1.00
2018.04.05 08:30:00.480,1.05542,1.0556,1.50,2.25
2018.04.05 08:30:00.912,1.05543,1.05562,1.00,1.37
2018.04.05 08:30:00.964,1.05541,1.0556,1.12,1.00
2018.04.05 08:30:01.015,1.05536,1.05561,1.50,1.87
2018.04.05 08:30:01.066,1.05536,1.05557,1.50,1.12
2018.04.05 08:30:01.373,1.05542,1.0556,1.00,1.00
2018.04.05 08:30:01.425,1.05539,1.05561,1.00,1.50
2018.04.05 08:30:01.552,1.05542,1.05563,1.50,1.75
2018.04.05 08:30:01.603,1.05542,1.05564,2.25,1.00
2018.04.05 08:30:01.864,1.05545,1.05564,1.00,1.00
2018.04.05 08:30:02.192,1.05549,1.05569,1.12,1.46
2018.04.05 08:30:02.244,1.05548,1.05572,1.00,2.46
2018.04.05 08:30:02.553,1.05554,1.05563,1.50,1.50
2018.04.05 08:30:02.606,1.05557,1.05573,1.87,11.93
2018.04.05 08:30:02.658,1.05557,1.05565,1.00,1.50
2018.04.05 08:30:02.710,1.05553,1.05563,1.00,1.50
2018.04.05 08:30:02.847,1.0555,1.05571,1.00,1.00
2018.04.05 08:30:02.898,1.0555,1.05569,1.00,1.50
2018.04.05 08:30:03.001,1.05548,1.0557,1.50,1.37
2018.04.05 08:30:03.255,1.05546,1.05569,2.06,2.25
2018.04.05 08:30:03.306,1.05548,1.05568,1.00,1.00
2018.04.05 08:30:03.802,1.05551,1.05568,1.62,1.00
2018.04.05 08:30:03.904,1.05555,1.05574,1.00,1.00
2018.04.05 08:30:04.221,1.05553,1.05576,1.12,1.62
2018.04.05 08:30:04.272,1.05553,1.05571,1.00,1.00
2018.04.05 08:30:04.731,1.05549,1.05572,1.87,1.12
2018.04.05 08:30:05.403,1.05549,1.05571,1.69,1.00
2018.04.05 08:30:06.935,1.05549,1.05572,1.00,1.12
2018.04.05 08:30:07.546,1.0555,1.05574,2.62,1.50
2018.04.05 08:30:07.876,1.05555,1.05574,1.00,1.00
2018.04.05 08:30:08.402,1.05554,1.05575,1.00,1.00
2018.04.05 08:30:10.127,1.05553,1.05574,1.00,1.00
2018.04.05 08:30:10.691,1.05552,1.05574,1.50,1.00
2018.04.05 08:30:12.033,1.05552,1.05571,1.50,1.00
2018.04.05 08:30:12.699,1.05554,1.05571,1.00,1.00
2018.04.05 08:30:13.201,1.05553,1.05572,1.00,1.00
2018.04.05 08:30:13.740,1.05554,1.05571,1.00,1.00
2018.04.05 08:30:14.156,1.05552,1.05571,1.00,1.00
2018.04.05 08:30:14.737,1.05551,1.05571,1.00,1.00
2018.04.05 08:30:15.292,1.0555,1.05571,2.44,1.50
2018.04.05 08:30:15.796,1.05551,1.05571,1.50,1.00
2018.04.05 08:30:16.564,1.05552,1.05571,1.00,1.50
2018.04.05 08:30:17.078,1.05553,1.05571,1.00,1.50
2018.04.05 08:30:18.208,1.0555,1.05569,2.25,1.00
2018.04.05 08:30:18.871,1.05549,1.05569,1.00,1.87
2018.04.05 08:30:19.404,1.0555,1.05568,1.00,1.00
2018.04.05 08:30:19.547,1.05548,1.05568,1.25,1.00
2018.04.05 08:30:19.968,1.0555,1.05573,1.37,1.12
2018.04.05 08:30:20.490,1.05552,1.05573,1.00,1.12
2018.04.05 08:30:21.101,1.0555,1.05573,2.25,1.00
2018.04.05 08:30:24.317,1.05551,1.05572,1.12,1.00
2018.04.05 08:30:24.835,1.05551,1.05573,1.12,1.12
2018.04.05 08:30:25.496,1.0555,1.05571,1.00,1.00
2018.04.05 08:30:26.217,1.05551,1.0557,1.00,1.50
2018.04.05 08:30:26.827,1.05552,1.0557,1.00,2.25
2018.04.05 08:30:28.225,1.05551,1.0557,1.50,1.50
2018.04.05 08:30:28.550,1.05553,1.0557,1.00,1.50
2018.04.05 08:30:28.881,1.05555,1.0557,1.00,1.50
2018.04.05 08:30:29.035,1.05551,1.0557,1.50,1.00
2018.04.05 08:30:30.236,1.05552,1.0557,1.00,1.50
2018.04.05 08:30:31.269,1.05551,1.0557,1.50,1.00
2018.04.05 08:30:34.033,1.05554,1.0557,1.00,1.50
2018.04.05 08:30:34.347,1.05553,1.05574,1.00,1.87
2018.04.05 08:30:35.011,1.05554,1.05573,1.00,1.12
2018.04.05 08:30:35.411,1.05555,1.05571,1.00,1.00
2018.04.05 08:30:36.081,1.05554,1.05571,1.00,1.00
2018.04.05 08:30:36.312,1.05551,1.05571,1.87,1.00
2018.04.05 08:30:36.488,1.05551,1.05569,1.00,1.87
2018.04.05 08:30:37.007,1.0555,1.05568,1.00,1.00
2018.04.05 08:30:37.537,1.05549,1.05568,1.25,1.00
2018.04.05 08:30:41.062,1.05549,1.05569,1.25,1.12
2018.04.05 08:30:41.368,1.05551,1.05571,1.00,1.50
2018.04.05 08:30:42.108,1.0555,1.05572,1.25,2.25
2018.04.05 08:30:45.137,1.05551,1.05571,1.00,2.25
2018.04.05 08:30:45.738,1.0555,1.05571,1.25,1.50
2018.04.05 08:30:46.415,1.05551,1.05571,1.00,2.25
2018.04.05 08:30:48.070,1.05552,1.05571,1.00,1.50
2018.04.05 08:30:49.149,1.0555,1.05569,1.00,1.00
2018.04.05 08:30:49.201,1.05543,1.05561,1.00,1.00
2018.04.05 08:30:49.253,1.0554,1.05563,1.50,2.81
2018.04.05 08:30:49.772,1.0554,1.05561,1.00,2.25
2018.04.05 08:30:49.823,1.05537,1.0556,1.50,1.75
2018.04.05 08:30:50.026,1.05536,1.05559,1.69,1.12
2018.04.05 08:30:50.557,1.05537,1.05559,1.25,1.12
2018.04.05 08:30:51.315,1.05537,1.0556,1.25,1.75
2018.04.05 08:30:52.466,1.05537,1.0556,1.69,1.50
2018.04.05 08:30:52.517,1.05538,1.05557,1.00,1.12
2018.04.05 08:30:52.723,1.05536,1.05557,3.19,1.50
2018.04.05 08:30:52.774,1.05536,1.05557,3.37,1.00
2018.04.05 08:30:53.238,1.05541,1.05559,1.00,2.00
2018.04.05 08:30:53.289,1.0554,1.05562,2.25,2.62
2018.04.05 08:30:54.161,1.05539,1.05561,2.25,1.12
2018.04.05 08:30:58.905,1.05539,1.05561,2.25,1.50
2018.04.05 08:30:59.453,1.0554,1.05561,1.00,1.50
2018.04.05 08:30:59.923,1.05546,1.05563,1.00,1.12
2018.04.05 08:30:59.980,1.05542,1.05563,1.00,1.12
2018.04.05 08:31:00.392,1.05542,1.05558,1.00,1.00
2018.04.05 08:31:00.913,1.05541,1.05558,1.00,1.00
2018.04.05 08:31:00.964,1.0554,1.05562,1.00,1.50
2018.04.05 08:31:02.102,1.05541,1.05558,1.00,1.00
2018.04.05 08:31:02.615,1.0554,1.05559,1.00,2.25
2018.04.05 08:31:03.228,1.05541,1.05558,1.00,1.00
2018.04.05 08:31:04.428,1.05541,1.05559,1.00,1.50
2018.04.05 08:31:05.228,1.05542,1.05558,1.00,1.00
2018.04.05 08:31:07.212,1.0554,1.05558,1.00,1.00
2018.04.05 08:31:08.681,1.05539,1.05558,1.00,1.00
2018.04.05 08:31:08.854,1.05537,1.05556,1.00,1.00
2018.04.05 08:31:09.162,1.05539,1.05555,1.00,1.00
2018.04.05 08:31:11.807,1.05537,1.05555,1.00,1.00
2018.04.05 08:31:14.447,1.05537,1.05556,1.25,1.50
2018.04.05 08:31:17.708,1.05537,1.05555,1.00,1.00
2018.04.05 08:31:18.254,1.05537,1.05556,1.00,1.50
2018.04.05 08:31:18.774,1.05537,1.05555,1.00,1.00
2018.04.05 08:31:21.782,1.05537,1.05554,1.00,1.00
2018.04.05 08:31:21.834,1.05537,1.05552,1.00,1.00
2018.04.05 08:31:22.335,1.05537,1.05553,1.00,1.00
2018.04.05 08:31:22.851,1.05533,1.05553,2.81,1.00
2018.04.05 08:31:23.428,1.05533,1.05552,3.00,1.00
2018.04.05 08:31:23.616,1.05536,1.05553,1.00,1.50
2018.04.05 08:31:24.143,1.05533,1.05553,2.25,1.00
2018.04.05 08:31:24.855,1.05533,1.05553,2.25,1.00
2018.04.05 08:31:28.002,1.05533,1.05554,2.44,1.00
2018.04.05 08:31:28.612,1.05533,1.05555,1.50,1.12
2018.04.05 08:31:29.309,1.05533,1.05554,1.69,1.00
2018.04.05 08:31:29.846,1.05533,1.05554,1.69,1.00
2018.04.05 08:31:30.442,1.05533,1.05554,1.50,1.00
2018.04.05 08:31:31.080,1.05533,1.05555,1.12,1.12
2018.04.05 08:31:31.733,1.05533,1.05554,1.50,1.00
2018.04.05 08:31:32.394,1.05533,1.05555,1.12,1.12
2018.04.05 08:31:32.759,1.05533,1.05554,1.19,1.00
2018.04.05 08:31:33.374,1.05533,1.05555,1.12,1.12
2018.04.05 08:31:33.888,1.05533,1.05554,1.69,1.00
2018.04.05 08:31:34.450,1.05533,1.05555,1.69,1.12
2018.04.05 08:31:34.962,1.05533,1.05554,1.31,1.00
2018.04.05 08:31:36.078,1.05533,1.05554,2.06,1.00
2018.04.05 08:31:37.829,1.05533,1.05554,1.50,1.00
2018.04.05 08:31:38.359,1.05533,1.05555,1.87,1.12
2018.04.05 08:31:38.893,1.05534,1.05554,1.12,1.00
2018.04.05 08:31:39.415,1.05533,1.05553,1.50,1.50
2018.04.05 08:31:40.704,1.05533,1.05552,1.87,1.00
2018.04.05 08:31:41.744,1.05533,1.05553,1.62,1.87
2018.04.05 08:31:42.278,1.05533,1.05552,1.00,1.00
2018.04.05 08:31:42.947,1.05533,1.05553,1.50,1.12
2018.04.05 08:31:44.065,1.05533,1.05551,1.50,1.00
2018.04.05 08:31:44.572,1.05533,1.05552,1.00,1.00
2018.04.05 08:31:45.078,1.05533,1.05552,1.00,2.62
2018.04.05 08:31:45.596,1.05532,1.05549,1.00,1.12
2018.04.05 08:31:46.080,1.0553,1.05549,1.12,1.12
2018.04.05 08:31:47.065,1.0553,1.05548,1.50,1.00
2018.04.05 08:31:49.467,1.0553,1.05549,1.50,1.12
2018.04.05 08:31:58.838,1.05529,1.05547,1.00,1.00
2018.04.05 08:31:58.941,1.05526,1.05546,1.25,1.87
2018.04.05 08:31:59.452,1.05526,1.05545,1.69,1.00
2018.04.05 08:32:00.038,1.05526,1.05545,1.50,1.00
2018.04.05 08:32:00.837,1.05526,1.05546,1.69,1.87
2018.04.05 08:32:01.156,1.05526,1.05544,1.00,1.00
2018.04.05 08:32:01.207,1.05526,1.05546,1.00,1.87
2018.04.05 08:32:01.260,1.05523,1.05545,2.62,1.00
2018.04.05 08:32:01.311,1.05523,1.05542,2.81,1.00
2018.04.05 08:32:01.623,1.05522,1.0554,1.19,1.00
2018.04.05 08:32:02.156,1.05522,1.05539,1.19,1.00
2018.04.05 08:32:02.956,1.05521,1.0554,1.31,1.00
2018.04.05 08:32:03.008,1.0552,1.05539,1.56,1.12
2018.04.05 08:32:03.061,1.0552,1.05537,1.19,1.00
2018.04.05 08:32:03.367,1.05518,1.05537,1.19,1.00
2018.04.05 08:32:04.132,1.05518,1.05537,1.19,1.00
2018.04.05 08:32:04.831,1.05516,1.05537,3.19,1.00
2018.04.05 08:32:04.985,1.05518,1.0554,1.69,1.50
2018.04.05 08:32:05.139,1.05518,1.05536,1.44,1.00
2018.04.05 08:32:05.597,1.05515,1.05533,1.19,1.00
2018.04.05 08:32:06.148,1.05514,1.05532,2.62,1.50
2018.04.05 08:32:10.820,1.05513,1.05532,1.50,1.00
2018.04.05 08:32:11.358,1.05513,1.05533,1.50,1.50
2018.04.05 08:32:12.592,1.05515,1.05532,1.00,1.00
2018.04.05 08:32:13.288,1.05514,1.05532,1.12,1.00
2018.04.05 08:32:15.774,1.05512,1.05534,3.19,1.00
2018.04.05 08:32:16.281,1.05514,1.05534,1.69,1.00
2018.04.05 08:32:17.969,1.05515,1.05535,1.69,1.87
2018.04.05 08:32:18.502,1.05515,1.05535,1.69,1.87
2018.04.05 08:32:19.052,1.05515,1.05534,1.87,1.00
2018.04.05 08:32:19.559,1.05515,1.05534,2.06,1.00
2018.04.05 08:32:25.628,1.05515,1.05535,1.62,1.87
2018.04.05 08:32:37.724,1.05518,1.05535,1.00,1.12
2018.04.05 08:32:38.244,1.05514,1.05535,3.75,1.87
2018.04.05 08:32:41.417,1.05514,1.05536,1.50,2.25
2018.04.05 08:32:42.648,1.05514,1.05535,2.06,1.00
2018.04.05 08:32:44.371,1.05517,1.05536,2.19,1.00
2018.04.05 08:32:44.474,1.0552,1.05538,1.00,1.00
2018.04.05 08:32:45.929,1.05519,1.05538,1.00,1.00
2018.04.05 08:32:47.414,1.0552,1.05538,1.00,1.50
2018.04.05 08:32:48.257,1.05518,1.05538,1.69,1.00
2018.04.05 08:32:49.461,1.05518,1.05537,1.69,1.00
2018.04.05 08:32:49.615,1.05516,1.05537,1.69,1.37
2018.04.05 08:32:50.144,1.05516,1.05537,1.25,1.87
2018.04.05 08:32:50.665,1.05516,1.05537,1.44,1.87
2018.04.05 08:32:52.871,1.05521,1.05537,1.00,2.25
2018.04.05 08:32:53.374,1.05516,1.05537,1.44,2.25
2018.04.05 08:32:54.577,1.05515,1.05537,1.87,2.25
2018.04.05 08:32:55.733,1.05515,1.05537,2.25,1.50
2018.04.05 08:32:55.986,1.05515,1.05535,1.00,1.12
2018.04.05 08:32:56.510,1.05515,1.05534,1.25,1.00
2018.04.05 08:32:57.045,1.05515,1.05533,1.25,1.00
2018.04.05 08:32:57.563,1.05515,1.05534,2.06,1.00
2018.04.05 08:32:58.100,1.05515,1.05536,3.37,1.37
2018.04.05 08:33:02.362,1.05516,1.05536,1.31,1.37
2018.04.05 08:33:03.012,1.05516,1.05536,1.31,1.37
2018.04.05 08:33:03.389,1.05515,1.05536,2.62,1.87
2018.04.05 08:33:03.942,1.05516,1.05535,1.00,1.12
2018.04.05 08:33:04.455,1.05515,1.05536,2.44,1.37
2018.04.05 08:33:09.730,1.05515,1.05534,1.00,1.12
2018.04.05 08:33:09.783,1.05513,1.05532,1.00,1.87
2018.04.05 08:33:10.072,1.05509,1.0553,1.69,2.25
2018.04.05 08:33:10.736,1.05509,1.0553,1.69,3.19
2018.04.05 08:33:11.188,1.05509,1.0553,1.69,2.81
2018.04.05 08:33:11.857,1.05509,1.0553,1.19,2.44
2018.04.05 08:33:12.388,1.05509,1.05527,1.69,1.12
2018.04.05 08:33:14.614,1.05504,1.05525,1.69,1.50
2018.04.05 08:33:14.666,1.05504,1.05522,1.00,1.50
2018.04.05 08:33:15.282,1.05502,1.05521,1.62,1.00
2018.04.05 08:33:15.593,1.05508,1.05522,1.00,1.50
2018.04.05 08:33:16.094,1.05502,1.05521,1.62,1.00
2018.04.05 08:33:16.684,1.05501,1.05519,2.06,1.00
2018.04.05 08:33:16.854,1.05502,1.05521,1.25,1.50
2018.04.05 08:33:17.162,1.05505,1.05521,1.00,1.00
2018.04.05 08:33:17.684,1.05503,1.05522,2.06,1.00
2018.04.05 08:33:18.317,1.05503,1.05522,2.06,1.00
2018.04.05 08:33:18.946,1.05504,1.05521,1.44,1.00
2018.04.05 08:33:20.618,1.05505,1.05523,1.00,1.12
2018.04.05 08:33:20.670,1.05507,1.05523,1.00,1.12
2018.04.05 08:33:21.309,1.05506,1.05523,1.00,1.12
2018.04.05 08:33:23.061,1.05504,1.05524,1.25,2.25
2018.04.05 08:33:24.586,1.05503,1.05523,1.69,1.12
2018.04.05 08:33:24.688,1.05506,1.05523,1.00,1.12
2018.04.05 08:33:25.665,1.05505,1.05523,1.00,1.12
2018.04.05 08:33:25.856,1.05506,1.05525,1.00,1.00
2018.04.05 08:33:26.360,1.05508,1.05526,1.00,1.00
2018.04.05 08:33:26.920,1.05507,1.05526,1.00,1.50
2018.04.05 08:33:27.902,1.05508,1.05525,1.00,1.00
2018.04.05 08:33:28.534,1.0551,1.05525,1.00,1.00
2018.04.05 08:33:28.756,1.0551,1.05529,1.12,1.50
2018.04.05 08:33:28.859,1.0551,1.05531,1.87,2.25
2018.04.05 08:33:30.135,1.0551,1.05528,1.19,1.00
2018.04.05 08:33:30.185,1.0551,1.0553,1.19,1.25
2018.04.05 08:33:30.696,1.05514,1.05531,1.00,2.25
2018.04.05 08:33:31.210,1.05513,1.05531,1.00,1.00
2018.04.05 08:33:31.262,1.05511,1.05531,1.25,1.50
2018.04.05 08:33:34.010,1.0551,1.05531,2.06,1.00
2018.04.05 08:33:35.359,1.05513,1.05531,1.00,1.50
2018.04.05 08:33:44.498,1.05508,1.05528,1.25,1.00
2018.04.05 08:33:44.551,1.05506,1.05527,1.87,1.00
2018.04.05 08:33:44.654,1.05506,1.05525,2.81,1.00
2018.04.05 08:33:44.706,1.05506,1.05528,1.31,1.50
2018.04.05 08:33:45.405,1.05506,1.05527,1.12,2.44
2018.04.05 08:33:46.117,1.05505,1.05527,2.62,1.25
2018.04.05 08:33:46.755,1.05506,1.05527,1.00,1.50
2018.04.05 08:33:48.000,1.05506,1.05527,1.00,1.87
2018.04.05 08:33:48.528,1.05506,1.05524,1.00,1.00
2018.04.05 08:33:51.757,1.05505,1.05525,2.25,2.25
2018.04.05 08:33:52.771,1.05507,1.05525,1.00,2.25
2018.04.05 08:33:53.588,1.05506,1.05525,1.00,1.00
2018.04.05 08:33:53.760,1.05506,1.05528,1.00,1.00
2018.04.05 08:33:54.365,1.05507,1.05527,1.00,1.00
2018.04.05 08:33:59.196,1.05504,1.05524,1.50,1.87
2018.04.05 08:33:59.351,1.05496,1.05517,1.50,1.00
2018.04.05 08:33:59.524,1.05494,1.05515,1.00,1.00
2018.04.05 08:33:59.837,1.0549,1.05509,1.00,1.00
2018.04.05 08:34:00.195,1.05488,1.05507,1.31,1.00
2018.04.05 08:34:00.334,1.05489,1.0551,1.25,1.00
2018.04.05 08:34:00.543,1.05487,1.05509,2.81,1.37
2018.04.05 08:34:01.823,1.05487,1.05507,1.87,1.00
2018.04.05 08:34:02.325,1.05486,1.05508,3.56,1.12
2018.04.05 08:34:03.179,1.05486,1.05507,3.00,1.00
2018.04.05 08:34:03.690,1.05487,1.05507,1.12,1.50
2018.04.05 08:34:04.599,1.05486,1.05508,2.62,1.87
2018.04.05 08:34:05.325,1.05487,1.05507,2.06,1.00
2018.04.05 08:34:06.158,1.05487,1.05507,1.31,1.50
2018.04.05 08:34:06.330,1.05484,1.05508,1.87,2.06
2018.04.05 08:34:06.850,1.05484,1.05507,2.06,1.00
2018.04.05 08:34:11.412,1.05487,1.05508,1.00,2.25
2018.04.05 08:34:12.084,1.05487,1.05507,1.25,1.00
2018.04.05 08:34:12.746,1.05487,1.05508,1.25,1.12
2018.04.05 08:34:15.280,1.05487,1.05508,1.00,1.87
2018.04.05 08:34:15.455,1.05486,1.05508,1.69,1.12
2018.04.05 08:34:16.159,1.05486,1.05508,2.06,1.12
2018.04.05 08:34:16.688,1.05486,1.05508,2.81,1.12
2018.04.05 08:34:18.320,1.05488,1.05508,1.62,1.12
2018.04.05 08:34:18.833,1.05488,1.05508,1.25,1.12
2018.04.05 08:34:19.378,1.05489,1.05508,1.12,1.00
2018.04.05 08:34:19.431,1.05492,1.05515,1.50,1.87
2018.04.05 08:34:19.482,1.05494,1.05515,1.00,1.12
2018.04.05 08:34:20.216,1.05494,1.05516,2.06,1.50
2018.04.05 08:34:20.838,1.05494,1.05516,1.69,1.12
2018.04.05 08:34:21.371,1.05494,1.05517,1.87,1.00
2018.04.05 08:34:21.895,1.05494,1.05517,2.00,1.00
2018.04.05 08:34:24.006,1.05496,1.05517,1.19,1.00
2018.04.05 08:34:25.047,1.05494,1.05517,3.56,1.00
2018.04.05 08:34:25.688,1.05495,1.05517,1.19,1.00
2018.04.05 08:34:26.512,1.05494,1.05517,4.12,1.00
2018.04.05 08:34:27.265,1.05495,1.05517,1.19,1.12
2018.04.05 08:34:27.772,1.05494,1.05517,2.62,1.12
2018.04.05 08:34:29.417,1.05495,1.05517,1.19,1.00
2018.04.05 08:34:30.563,1.05502,1.05518,1.00,1.37
2018.04.05 08:34:31.095,1.05501,1.0552,1.00,3.00
2018.04.05 08:34:31.146,1.05495,1.05519,1.50,1.37
2018.04.05 08:34:31.803,1.05494,1.0552,4.31,3.00
2018.04.05 08:34:32.134,1.05495,1.0552,2.44,3.00
2018.04.05 08:34:33.238,1.05497,1.0552,1.19,3.00
2018.04.05 08:34:34.117,1.05502,1.0552,1.00,2.25
2018.04.05 08:34:34.725,1.05497,1.0552,1.87,2.25
2018.04.05 08:34:35.268,1.05498,1.0552,1.69,1.12
2018.04.05 08:34:36.549,1.05498,1.05521,1.50,1.00
2018.04.05 08:34:37.122,1.05498,1.0552,1.50,1.00
2018.04.05 08:34:46.600,1.05498,1.0552,1.25,1.75
2018.04.05 08:34:46.755,1.05495,1.05516,1.12,1.00
2018.04.05 08:34:48.170,1.05495,1.05517,1.00,1.12
2018.04.05 08:34:48.332,1.05493,1.05511,1.00,1.50
2018.04.05 08:34:48.384,1.05489,1.05511,1.12,1.87
2018.04.05 08:34:48.436,1.05489,1.05509,1.00,1.50
2018.04.05 08:34:48.487,1.05487,1.05509,1.50,1.75
2018.04.05 08:34:49.248,1.05488,1.05509,1.00,1.75
2018.04.05 08:34:49.798,1.05487,1.05509,1.00,1.75
2018.04.05 08:34:51.214,1.05487,1.05509,1.00,1.75
2018.04.05 08:34:52.348,1.05488,1.05507,1.00,1.37
2018.04.05 08:34:52.896,1.05488,1.05507,1.00,1.12
2018.04.05 08:34:52.998,1.05485,1.05507,1.50,1.12
2018.04.05 08:34:53.100,1.05483,1.05507,1.69,1.12
2018.04.05 08:34:55.071,1.05483,1.05507,1.69,1.50
2018.04.05 08:34:56.289,1.05483,1.05507,1.69,1.12
2018.04.05 08:34:59.688,1.05483,1.05507,1.19,1.12
2018.04.05 08:35:01.859,1.05483,1.05507,1.87,1.75
2018.04.05 08:35:02.036,1.05483,1.05507,1.87,1.12
2018.04.05 08:35:02.142,1.05483,1.05507,1.87,1.50
2018.04.05 08:35:02.694,1.05483,1.05507,1.87,1.50
2018.04.05 08:35:03.278,1.05485,1.05507,1.00,1.50
2018.04.05 08:35:03.784,1.05483,1.05507,1.87,1.50
2018.04.05 08:35:04.285,1.05483,1.05507,2.44,1.50
2018.04.05 08:35:04.796,1.05483,1.05507,2.62,1.50
2018.04.05 08:35:05.818,1.05484,1.05507,1.00,1.12
2018.04.05 08:35:06.126,1.05487,1.05508,1.00,1.50
2018.04.05 08:35:06.378,1.05484,1.05507,1.69,1.12
2018.04.05 08:35:06.899,1.05483,1.05506,2.25,1.00
2018.04.05 08:35:07.253,1.05484,1.05507,1.50,1.50
2018.04.05 08:35:07.456,1.05483,1.05506,4.31,1.12
2018.04.05 08:35:07.677,1.05482,1.05507,3.19,1.12
2018.04.05 08:35:07.829,1.05484,1.05507,1.00,1.87
2018.04.05 08:35:08.134,1.05481,1.05505,1.50,2.25
2018.04.05 08:35:08.324,1.05481,1.05504,1.00,1.12
2018.04.05 08:35:08.579,1.05481,1.05502,1.25,1.00
2018.04.05 08:35:08.631,1.05482,1.05504,1.00,1.12
2018.04.05 08:35:09.163,1.05481,1.05505,1.69,2.62
2018.04.05 08:35:09.676,1.05482,1.05504,1.50,1.75
2018.04.05 08:35:10.046,1.05489,1.0551,1.00,1.50
2018.04.05 08:35:10.556,1.0549,1.0551,1.00,1.50
2018.04.05 08:35:11.329,1.05489,1.0551,1.00,1.50
2018.04.05 08:35:11.879,1.0549,1.05511,1.00,1.75
2018.04.05 08:35:12.600,1.0549,1.05511,1.00,1.50
2018.04.05 08:35:13.108,1.05489,1.05511,1.00,1.50
2018.04.05 08:35:13.658,1.0549,1.05511,1.00,1.50
2018.04.05 08:35:13.997,1.0549,1.05508,1.00,1.12
2018.04.05 08:35:14.203,1.05487,1.05508,1.00,1.37
2018.04.05 08:35:14.649,1.05484,1.05504,1.00,1.00
2018.04.05 08:35:14.701,1.05482,1.05503,1.00,1.50
2018.04.05 08:35:14.753,1.0548,1.05501,1.31,1.50
2018.04.05 08:35:15.061,1.05482,1.055,1.00,1.00
2018.04.05 08:35:15.989,1.05481,1.05501,1.00,3.00
2018.04.05 08:35:16.349,1.05479,1.055,1.69,1.12
2018.04.05 08:35:16.605,1.05478,1.05498,1.00,1.00
2018.04.05 08:35:16.656,1.05476,1.05498,1.69,1.12
2018.04.05 08:35:16.821,1.05476,1.05498,2.06,1.12
2018.04.05 08:35:17.134,1.05476,1.05498,1.69,1.12
2018.04.05 08:35:17.674,1.05477,1.05498,1.00,1.37
2018.04.05 08:35:17.981,1.05477,1.055,1.25,1.00
2018.04.05 08:35:18.135,1.05475,1.05498,1.25,1.00
2018.04.05 08:35:18.442,1.05473,1.05495,3.00,1.00
2018.04.05 08:35:18.545,1.05473,1.05497,3.37,1.87
2018.04.05 08:35:18.720,1.05476,1.05498,1.00,1.00
2018.04.05 08:35:18.924,1.05476,1.055,1.25,1.12
2018.04.05 08:35:18.975,1.05476,1.05498,1.69,1.12
2018.04.05 08:35:19.472,1.05475,1.05497,1.50,1.37
2018.04.05 08:35:19.574,1.05473,1.05496,1.31,1.12
2018.04.05 08:35:19.838,1.05475,1.05497,1.00,1.87
2018.04.05 08:35:19.889,1.05473,1.05495,1.25,1.00
2018.04.05 08:35:20.259,1.05473,1.05495,1.37,1.50
2018.04.05 08:35:20.504,1.05471,1.05497,3.94,2.62
2018.04.05 08:35:21.010,1.05471,1.05495,1.50,2.25
2018.04.05 08:35:21.266,1.05471,1.05495,1.87,2.25
2018.04.05 08:35:21.799,1.05471,1.05495,2.44,2.25
2018.04.05 08:35:22.004,1.05472,1.05496,1.50,2.25
2018.04.05 08:35:22.505,1.05473,1.05497,1.00,1.12
2018.04.05 08:35:23.024,1.05472,1.05497,1.69,1.50
2018.04.05 08:35:23.534,1.05472,1.05497,1.25,3.00
2018.04.05 08:35:24.141,1.05473,1.05498,2.06,1.37
2018.04.05 08:35:24.723,1.05472,1.05498,1.69,1.50
2018.04.05 08:35:25.232,1.05473,1.05498,3.00,1.00
2018.04.05 08:35:25.773,1.05474,1.05499,1.00,1.75
2018.04.05 08:35:26.133,1.05474,1.05499,1.50,1.50
2018.04.05 08:35:26.628,1.05477,1.05499,1.00,1.50
2018.04.05 08:35:26.679,1.05475,1.05499,1.00,1.50
2018.04.05 08:35:26.730,1.05477,1.05499,1.00,1.50
2018.04.05 08:35:27.256,1.05476,1.05499,1.25,1.50
2018.04.05 08:35:27.760,1.05477,1.05499,1.00,1.12
2018.04.05 08:35:28.343,1.05475,1.05499,1.25,1.50
2018.04.05 08:35:29.502,1.05475,1.05497,1.19,1.12
2018.04.05 08:35:29.928,1.05472,1.05496,1.69,1.00
2018.04.05 08:35:30.138,1.05472,1.05496,1.69,1.50
2018.04.05 08:35:30.190,1.05472,1.05496,3.00,1.50
2018.04.05 08:35:30.740,1.05472,1.05498,2.44,3.00
2018.04.05 08:35:30.983,1.05475,1.05497,1.00,1.50
2018.04.05 08:35:31.137,1.05475,1.05498,1.50,1.00
2018.04.05 08:35:31.680,1.05475,1.05499,1.50,1.12
2018.04.05 08:35:31.885,1.05475,1.05497,1.00,1.00
2018.04.05 08:35:32.296,1.05473,1.05497,1.00,1.37
2018.04.05 08:35:32.836,1.05472,1.05497,2.44,1.37
2018.04.05 08:35:35.118,1.05472,1.05497,1.69,1.75
2018.04.05 08:35:35.619,1.05472,1.05497,3.19,1.12
2018.04.05 08:35:36.578,1.05472,1.05497,1.87,1.12
2018.04.05 08:35:37.163,1.05472,1.05497,1.87,1.37
2018.04.05 08:35:37.697,1.05472,1.05497,1.87,1.87
2018.04.05 08:35:38.223,1.05472,1.05497,1.87,1.87
2018.04.05 08:35:39.767,1.05472,1.05497,1.69,2.25
2018.04.05 08:35:40.864,1.05473,1.05498,1.00,3.56
2018.04.05 08:35:41.413,1.05473,1.05497,1.12,1.87
2018.04.05 08:35:41.975,1.05473,1.05497,1.31,1.12
2018.04.05 08:35:42.479,1.05473,1.05497,1.25,1.12
2018.04.05 08:35:43.197,1.05478,1.05497,1.00,1.12
2018.04.05 08:35:43.751,1.05473,1.05497,1.19,1.87
2018.04.05 08:35:44.340,1.05473,1.05497,1.00,1.87
2018.04.05 08:35:45.205,1.05473,1.05497,1.00,1.87
2018.04.05 08:35:45.717,1.05474,1.05497,1.25,1.50
2018.04.05 08:35:45.971,1.05473,1.05497,2.25,1.00
2018.04.05 08:35:46.614,1.05473,1.05498,2.81,1.50
2018.04.05 08:35:47.224,1.05474,1.05497,1.31,1.12
2018.04.05 08:35:47.545,1.05476,1.05501,1.00,3.00
2018.04.05 08:35:48.055,1.05477,1.055,1.25,1.12
2018.04.05 08:35:48.443,1.0548,1.05502,2.06,1.37
2018.04.05 08:35:49.347,1.0548,1.05502,2.25,1.00
2018.04.05 08:35:49.727,1.05482,1.05505,1.00,2.25
2018.04.05 08:35:50.283,1.05482,1.05505,1.00,2.25
2018.04.05 08:35:52.874,1.0548,1.05503,1.87,2.25
2018.04.05 08:35:53.584,1.0548,1.05503,1.00,2.06
2018.04.05 08:35:54.387,1.0548,1.05503,1.00,1.87
2018.04.05 08:35:54.698,1.0548,1.05503,1.00,2.25
2018.04.05 08:35:56.196,1.05483,1.05503,1.00,2.25
2018.04.05 08:35:56.708,1.0548,1.05501,1.00,1.12
2018.04.05 08:35:56.760,1.05478,1.05501,1.50,1.87
2018.04.05 08:35:57.884,1.05478,1.055,1.00,1.50
2018.04.05 08:35:58.415,1.05478,1.05499,1.00,1.12
2018.04.05 08:35:59.751,1.05478,1.055,1.00,1.87
2018.04.05 08:36:00.756,1.05478,1.055,1.00,1.37
2018.04.05 08:36:05.187,1.05478,1.055,1.00,2.25
2018.04.05 08:36:05.289,1.05475,1.05497,1.00,1.00
2018.04.05 08:36:05.719,1.05477,1.05501,1.00,1.50
2018.04.05 08:36:05.873,1.05477,1.05497,1.00,1.00
2018.04.05 08:36:05.924,1.05477,1.05499,1.00,1.50
2018.04.05 08:36:06.459,1.05477,1.05498,1.00,1.12
2018.04.05 08:36:07.160,1.05477,1.05498,1.00,1.50
2018.04.05 08:36:10.367,1.05477,1.05498,1.00,1.12
2018.04.05 08:36:10.470,1.05477,1.055,1.12,1.12
2018.04.05 08:36:10.937,1.05479,1.055,1.00,1.37
2018.04.05 08:36:11.615,1.05479,1.055,1.00,1.12
2018.04.05 08:36:11.666,1.05477,1.055,1.00,1.87
2018.04.05 08:36:12.033,1.05477,1.055,1.00,3.00
2018.04.05 08:36:13.270,1.05477,1.05498,1.00,1.50
2018.04.05 08:36:14.719,1.05477,1.05498,1.00,1.12
2018.04.05 08:36:14.976,1.05478,1.05502,1.50,1.87
2018.04.05 08:36:15.522,1.05478,1.05503,3.56,1.75
2018.04.05 08:36:16.039,1.05479,1.055,1.00,1.00
2018.04.05 08:36:16.091,1.0548,1.05502,1.00,2.81
2018.04.05 08:36:16.195,1.05479,1.055,1.00,1.00
2018.04.05 08:36:17.456,1.05479,1.05497,1.50,1.00
2018.04.05 08:36:17.818,1.05477,1.05494,1.00,1.00
2018.04.05 08:36:17.973,1.05473,1.05493,1.00,1.00
2018.04.05 08:36:19.745,1.0547,1.05489,1.00,1.00
2018.04.05 08:36:20.067,1.05472,1.05488,1.00,1.00
2018.04.05 08:36:20.120,1.05469,1.05488,1.00,1.00
2018.04.05 08:36:20.644,1.05469,1.05487,1.00,1.00
2018.04.05 08:36:21.576,1.05469,1.05485,1.00,1.00
2018.04.05 08:36:22.098,1.05466,1.05485,1.00,1.00
2018.04.05 08:36:22.402,1.05464,1.05485,2.81,1.00
2018.04.05 08:36:22.618,1.05467,1.05485,1.00,1.00
2018.04.05 08:36:23.212,1.05466,1.05485,1.00,1.00
2018.04.05 08:36:23.753,1.05467,1.05485,1.00,1.00
2018.04.05 08:36:24.299,1.05466,1.05484,1.50,1.00
2018.04.05 08:36:24.639,1.05467,1.05486,1.37,1.00
2018.04.05 08:36:25.124,1.05467,1.05483,1.37,1.00
2018.04.05 08:36:25.435,1.05464,1.05483,1.00,1.00
2018.04.05 08:36:26.669,1.05463,1.05483,1.50,1.00
2018.04.05 08:36:28.177,1.05462,1.05481,1.69,1.00
2018.04.05 08:36:30.215,1.05466,1.05483,1.00,1.00
2018.04.05 08:36:30.520,1.05464,1.05484,1.25,1.00
2018.04.05 08:36:31.596,1.05463,1.05484,1.31,1.00
2018.04.05 08:36:33.569,1.05461,1.05483,1.12,1.00
2018.04.05 08:36:34.951,1.05467,1.05486,1.00,1.00
2018.04.05 08:36:35.606,1.05466,1.05486,1.50,1.00
2018.04.05 08:36:35.962,1.05467,1.05484,1.00,1.00
2018.04.05 08:36:36.510,1.05466,1.05484,1.00,1.00
2018.04.05 08:36:36.816,1.05468,1.05485,1.00,1.00
2018.04.05 08:36:37.323,1.05467,1.05485,1.00,1.00
2018.04.05 08:36:38.258,1.05466,1.05485,1.00,1.00
2018.04.05 08:36:43.766,1.05466,1.05485,1.44,1.00
2018.04.05 08:36:43.818,1.05468,1.05488,1.00,1.00
2018.04.05 08:36:43.870,1.0547,1.05488,1.00,1.00
2018.04.05 08:36:43.974,1.05466,1.05488,3.37,1.00
2018.04.05 08:36:44.169,1.05466,1.05486,3.19,1.00
2018.04.05 08:36:44.478,1.05468,1.05485,1.00,1.00
2018.04.05 08:36:44.941,1.0547,1.05487,1.00,1.00
2018.04.05 08:36:45.479,1.0547,1.05488,1.00,1.00
2018.04.05 08:36:51.167,1.05472,1.05488,1.00,1.00
2018.04.05 08:36:51.625,1.05472,1.05486,1.00,1.00
2018.04.05 08:36:51.676,1.05467,1.05486,1.00,1.00
2018.04.05 08:36:51.780,1.05468,1.05489,1.00,1.00
2018.04.05 08:36:53.222,1.05468,1.05488,1.00,1.00
2018.04.05 08:36:53.598,1.05468,1.05486,1.00,1.00
2018.04.05 08:36:53.650,1.05465,1.05484,1.00,1.00
2018.04.05 08:36:54.163,1.05465,1.05483,1.00,1.00
2018.04.05 08:36:54.964,1.05465,1.05485,1.00,1.00
2018.04.05 08:36:55.482,1.05465,1.05485,1.44,1.00
2018.04.05 08:36:57.905,1.05465,1.05485,1.50,1.00
2018.04.05 08:37:00.100,1.05466,1.05485,1.69,1.00
2018.04.05 08:37:00.676,1.05465,1.05485,1.50,1.00
2018.04.05 08:37:00.964,1.05469,1.05488,1.00,1.00
2018.04.05 08:37:01.015,1.0547,1.0549,1.00,1.00
2018.04.05 08:37:01.218,1.05472,1.05491,1.00,1.00
2018.04.05 08:37:01.408,1.05469,1.05489,1.00,1.00
2018.04.05 08:37:01.926,1.05469,1.0549,1.25,1.00
2018.04.05 08:37:08.299,1.05467,1.05489,1.25,1.00
2018.04.05 08:37:08.350,1.05467,1.05488,1.25,1.75
2018.04.05 08:37:08.919,1.05467,1.05487,1.00,1.12
2018.04.05 08:37:09.228,1.05467,1.05485,1.50,1.00
2018.04.05 08:37:09.981,1.05467,1.05484,1.00,1.00
2018.04.05 08:37:11.017,1.05467,1.05486,1.00,1.00
2018.04.05 08:37:11.272,1.05467,1.05484,1.00,1.00
2018.04.05 08:37:12.187,1.05467,1.05487,1.00,1.37
2018.04.05 08:37:12.238,1.05469,1.05487,1.12,1.00
2018.04.05 08:37:12.289,1.0547,1.05489,1.00,1.00
2018.04.05 08:37:12.340,1.05472,1.05489,1.00,1.00
2018.04.05 08:37:12.697,1.05472,1.05492,1.50,1.00
2018.04.05 08:37:16.790,1.05472,1.05491,1.00,1.00
2018.04.05 08:37:17.372,1.05472,1.05492,1.00,1.00
2018.04.05 08:37:18.806,1.05472,1.05491,1.50,1.00
2018.04.05 08:37:19.842,1.05472,1.05489,1.00,1.00
2018.04.05 08:37:20.374,1.05472,1.0549,1.50,1.00
2018.04.05 08:37:20.763,1.05472,1.05492,1.50,1.00
2018.04.05 08:37:24.087,1.05472,1.0549,1.00,1.00
2018.04.05 08:37:24.635,1.05472,1.05491,1.00,1.00
2018.04.05 08:37:25.923,1.05472,1.05494,1.00,1.75
2018.04.05 08:37:27.529,1.05472,1.05493,1.00,1.50
2018.04.05 08:37:27.682,1.05468,1.05493,1.00,3.37
2018.04.05 08:37:27.733,1.05468,1.05492,1.00,1.37
2018.04.05 08:37:27.937,1.05468,1.05491,1.00,1.50
2018.04.05 08:37:28.260,1.05466,1.05489,1.50,1.12
2018.04.05 08:37:28.311,1.05466,1.05489,1.50,1.75
2018.04.05 08:37:28.616,1.05465,1.05487,1.00,3.00
2018.04.05 08:37:29.200,1.05464,1.05486,1.25,1.87
2018.04.05 08:37:29.623,1.05465,1.05486,1.00,1.87
2018.04.05 08:37:30.310,1.05466,1.05486,1.00,1.00
2018.04.05 08:37:30.582,1.05467,1.05489,1.50,2.62
2018.04.05 08:37:30.685,1.05467,1.0549,1.50,2.81
2018.04.05 08:37:31.198,1.0547,1.0549,1.00,3.75
2018.04.05 08:37:31.250,1.05467,1.05489,1.69,1.12
2018.04.05 08:37:31.302,1.05467,1.05487,1.00,1.12
2018.04.05 08:37:31.353,1.05463,1.05484,1.50,1.50
2018.04.05 08:37:31.987,1.05463,1.0548,1.00,1.00
2018.04.05 08:37:32.097,1.05461,1.0548,1.69,1.00
2018.04.05 08:37:32.199,1.05461,1.05482,1.50,1.00
2018.04.05 08:37:32.354,1.05461,1.0548,1.00,1.00
2018.04.05 08:37:32.456,1.05458,1.05478,1.25,1.00
2018.04.05 08:37:32.508,1.05458,1.05475,1.25,1.00
2018.04.05 08:37:32.745,1.05457,1.05477,1.00,1.00
2018.04.05 08:37:32.899,1.05457,1.05479,1.25,1.00
2018.04.05 08:37:33.732,1.05458,1.05479,1.00,1.00
2018.04.05 08:37:34.593,1.05458,1.05478,1.00,1.00
2018.04.05 08:37:34.645,1.05458,1.05476,1.00,1.00
2018.04.05 08:37:35.210,1.05457,1.05476,1.00,1.00
2018.04.05 08:37:36.216,1.05457,1.05479,1.00,1.00
2018.04.05 08:37:36.453,1.05457,1.05476,1.00,1.00
2018.04.05 08:37:36.962,1.05458,1.05476,1.00,1.00
2018.04.05 08:37:37.865,1.05457,1.05476,1.50,1.00
2018.04.05 08:37:38.265,1.05458,1.05479,1.00,1.00
2018.04.05 08:37:38.504,1.05455,1.05477,1.00,1.37
2018.04.05 08:37:38.659,1.05455,1.05477,1.50,1.12
2018.04.05 08:37:38.710,1.05455,1.05474,1.00,1.00
2018.04.05 08:37:38.916,1.05449,1.05471,1.00,2.62
2018.04.05 08:37:39.130,1.05451,1.0547,1.00,1.00
2018.04.05 08:37:39.444,1.05454,1.05472,1.12,1.00
2018.04.05 08:37:39.701,1.05452,1.05471,1.00,1.00
2018.04.05 08:37:40.977,1.05451,1.05471,1.50,1.00
2018.04.05 08:37:41.591,1.05452,1.05471,1.00,1.00
2018.04.05 08:37:41.642,1.05452,1.05469,1.00,1.00
2018.04.05 08:37:41.927,1.0545,1.05469,1.50,1.00
2018.04.05 08:37:42.542,1.05451,1.05471,1.00,1.00
2018.04.05 08:37:43.048,1.05452,1.05471,1.00,1.00
2018.04.05 08:37:43.559,1.05451,1.05471,1.00,1.00
2018.04.05 08:37:45.369,1.0545,1.05471,1.25,1.50
2018.04.05 08:37:45.428,1.05447,1.05466,1.00,1.00
2018.04.05 08:37:45.751,1.05449,1.05468,1.00,1.00
2018.04.05 08:37:45.969,1.05447,1.05468,2.06,1.00
2018.04.05 08:37:46.496,1.05448,1.05468,1.25,1.00
2018.04.05 08:37:47.035,1.05448,1.05469,1.00,1.12
2018.04.05 08:37:47.593,1.05449,1.05469,1.00,1.12
2018.04.05 08:37:48.518,1.05448,1.05469,1.00,1.12
2018.04.05 08:37:49.069,1.05449,1.05469,1.25,1.12
2018.04.05 08:37:50.512,1.05446,1.05469,2.44,2.62
2018.04.05 08:37:50.564,1.05445,1.05469,1.69,1.87
2018.04.05 08:37:50.667,1.05446,1.05466,1.00,1.00
2018.04.05 08:37:51.475,1.05445,1.05467,1.87,1.00
2018.04.05 08:37:52.033,1.05447,1.05466,1.25,1.00
2018.04.05 08:37:52.085,1.05448,1.05469,1.00,4.31
2018.04.05 08:37:52.611,1.05448,1.05471,2.44,1.87
2018.04.05 08:37:52.764,1.05446,1.0547,1.25,1.50
2018.04.05 08:37:53.414,1.05447,1.0547,1.00,1.50
2018.04.05 08:37:54.120,1.05446,1.05469,1.00,1.12
2018.04.05 08:37:54.592,1.05449,1.0547,1.00,1.00
2018.04.05 08:37:55.392,1.05449,1.0547,1.00,1.50
2018.04.05 08:37:56.091,1.05446,1.0547,1.25,1.50
2018.04.05 08:37:56.872,1.05447,1.0547,1.00,1.12
2018.04.05 08:37:58.640,1.05446,1.0547,1.25,1.12
2018.04.05 08:37:59.703,1.05446,1.05471,1.87,2.25
2018.04.05 08:38:00.026,1.05453,1.05471,1.00,2.25
2018.04.05 08:38:00.079,1.05453,1.05473,1.00,2.62
2018.04.05 08:38:00.132,1.05456,1.05473,1.00,2.62
2018.04.05 08:38:00.236,1.0545,1.0547,1.00,1.00
2018.04.05 08:38:00.542,1.05447,1.0547,1.37,1.00
2018.04.05 08:38:00.696,1.05446,1.0547,1.50,1.00
2018.04.05 08:38:00.849,1.05447,1.05468,1.00,1.00
2018.04.05 08:38:01.470,1.05448,1.0547,1.25,1.50
2018.04.05 08:38:01.697,1.05449,1.0547,1.19,1.50
2018.04.05 08:38:03.268,1.05449,1.05471,1.00,2.25
2018.04.05 08:38:03.609,1.05447,1.05468,1.69,1.00
2018.04.05 08:38:04.143,1.05446,1.05469,1.12,1.87
2018.04.05 08:38:04.660,1.05446,1.05469,1.12,1.87
2018.04.05 08:38:06.223,1.05447,1.05469,3.00,1.00
2018.04.05 08:38:06.325,1.05448,1.05474,1.00,1.75
2018.04.05 08:38:06.376,1.05449,1.05473,1.19,1.75
2018.04.05 08:38:06.478,1.05448,1.05473,1.69,1.75
2018.04.05 08:38:06.758,1.05448,1.05469,1.31,1.00
2018.04.05 08:38:07.378,1.05448,1.05469,1.31,1.00
2018.04.05 08:38:08.317,1.05447,1.05469,1.69,1.00
2018.04.05 08:38:08.862,1.05447,1.05471,1.31,1.50
2018.04.05 08:38:11.093,1.05447,1.05471,1.31,1.75
2018.04.05 08:38:12.128,1.05447,1.05471,1.12,1.75
2018.04.05 08:38:12.646,1.05447,1.05471,1.44,1.75
2018.04.05 08:38:15.103,1.05448,1.05471,1.19,1.75
2018.04.05 08:38:15.786,1.0545,1.05473,1.19,3.19
2018.04.05 08:38:16.304,1.0545,1.05473,1.44,3.00
2018.04.05 08:38:16.845,1.0545,1.05473,1.44,3.00
2018.04.05 08:38:17.379,1.0545,1.05473,1.12,3.00
2018.04.05 08:38:17.583,1.0545,1.05473,1.19,2.25
2018.04.05 08:38:17.997,1.0545,1.05472,1.19,1.00
2018.04.05 08:38:18.100,1.0545,1.05472,1.19,2.25
2018.04.05 08:38:18.409,1.0545,1.05468,1.00,1.37
2018.04.05 08:38:18.926,1.0545,1.05468,1.00,1.50
2018.04.05 08:38:19.752,1.05446,1.05468,1.00,1.50
2018.04.05 08:38:20.570,1.05446,1.05468,1.00,1.87
2018.04.05 08:38:24.724,1.05446,1.05468,1.00,1.87
2018.04.05 08:38:25.208,1.05446,1.05465,1.00,1.00
2018.04.05 08:38:25.749,1.05446,1.05467,1.00,1.00
2018.04.05 08:38:30.449,1.05447,1.05468,1.87,1.50
2018.04.05 08:38:31.035,1.05446,1.05469,3.19,1.50
2018.04.05 08:38:31.086,1.05446,1.05469,2.25,2.25
2018.04.05 08:38:31.719,1.05447,1.05468,1.00,2.25
2018.04.05 08:38:32.268,1.05446,1.05468,1.00,1.75
2018.04.05 08:38:33.546,1.05446,1.05468,1.50,1.12
2018.04.05 08:38:33.651,1.05448,1.0547,1.00,1.87
2018.04.05 08:38:34.002,1.05446,1.05466,1.00,1.37
2018.04.05 08:38:34.899,1.05446,1.05465,1.00,1.87
2018.04.05 08:38:35.637,1.05446,1.05464,1.00,1.12
2018.04.05 08:38:37.011,1.05446,1.05465,1.00,1.87
2018.04.05 08:38:37.740,1.05446,1.05464,1.00,1.12
2018.04.05 08:38:37.791,1.05442,1.05464,1.00,1.37
2018.04.05 08:38:40.544,1.05442,1.05465,1.00,1.87
2018.04.05 08:38:41.468,1.05442,1.05463,1.00,1.00
2018.04.05 08:38:51.629,1.05442,1.05462,1.00,1.00
2018.04.05 08:38:52.741,1.05442,1.05464,1.00,1.50
2018.04.05 08:38:54.464,1.05444,1.05465,1.25,1.87
2018.04.05 08:38:54.897,1.05445,1.05467,1.00,1.12
2018.04.05 08:38:54.949,1.05445,1.05467,1.19,1.12
2018.04.05 08:38:55.479,1.05445,1.05467,1.19,1.12
2018.04.05 08:38:56.197,1.05445,1.05467,1.19,1.50
2018.04.05 08:38:56.929,1.05445,1.05468,1.19,2.62
2018.04.05 08:38:57.473,1.05446,1.05468,1.25,1.87
2018.04.05 08:38:57.730,1.05448,1.05468,1.00,1.37
2018.04.05 08:38:59.286,1.05448,1.05468,1.00,1.75
2018.04.05 08:38:59.389,1.05444,1.05465,1.00,2.25
2018.04.05 08:38:59.902,1.05443,1.05464,1.50,1.50
2018.04.05 08:39:00.449,1.05444,1.05464,1.25,1.50
2018.04.05 08:39:00.501,1.05446,1.05466,1.00,1.50
2018.04.05 08:39:00.656,1.05444,1.05463,1.00,1.00
2018.04.05 08:39:01.174,1.05443,1.05463,1.00,1.50
2018.04.05 08:39:03.213,1.05443,1.05464,1.00,1.00
2018.04.05 08:39:06.281,1.05443,1.05464,1.00,1.37
2018.04.05 08:39:06.826,1.05443,1.05465,1.69,2.62
2018.04.05 08:39:07.411,1.05443,1.05466,1.25,1.50
2018.04.05 08:39:07.998,1.05443,1.05466,2.62,2.25
2018.04.05 08:39:08.551,1.05444,1.05466,1.19,2.25
2018.04.05 08:39:09.294,1.05443,1.05466,1.69,2.25
2018.04.05 08:39:09.997,1.05443,1.05464,1.69,1.00
2018.04.05 08:39:10.403,1.05443,1.05466,1.69,3.00
2018.04.05 08:39:10.505,1.05443,1.05466,1.69,3.37
2018.04.05 08:39:11.087,1.05443,1.05466,1.87,3.37
2018.04.05 08:39:11.277,1.05445,1.05466,1.25,1.50
2018.04.05 08:39:12.741,1.05445,1.05466,1.25,1.87
2018.04.05 08:39:13.348,1.05443,1.05466,2.06,1.87
2018.04.05 08:39:14.777,1.05444,1.05464,1.00,1.00
2018.04.05 08:39:15.447,1.05444,1.05465,1.00,1.87
2018.04.05 08:39:16.015,1.05444,1.05464,1.00,1.12
2018.04.05 08:39:17.424,1.05444,1.05465,1.00,1.87
2018.04.05 08:39:18.501,1.05444,1.05465,1.00,2.25
2018.04.05 08:39:19.813,1.05444,1.05462,1.00,1.00
2018.04.05 08:39:20.352,1.05442,1.05464,2.62,1.50
2018.04.05 08:39:21.635,1.05445,1.05466,1.00,2.62
2018.04.05 08:39:22.349,1.05442,1.05464,1.00,1.50
2018.04.05 08:39:22.674,1.05442,1.05464,1.50,1.00
2018.04.05 08:39:22.726,1.05447,1.05464,1.00,1.00
2018.04.05 08:39:22.778,1.05446,1.05467,1.87,1.50
2018.04.05 08:39:23.540,1.05446,1.05466,1.00,1.50
2018.04.05 08:39:24.188,1.05446,1.05466,1.00,1.12
2018.04.05 08:39:24.926,1.05446,1.05466,1.00,1.37
2018.04.05 08:39:25.846,1.05446,1.05466,1.00,1.12
2018.04.05 08:39:28.589,1.05446,1.05466,1.00,1.37
2018.04.05 08:39:29.212,1.05446,1.05466,1.00,1.00
2018.04.05 08:39:29.504,1.05446,1.05467,1.19,1.37
2018.04.05 08:39:30.025,1.05446,1.05468,1.87,1.87
2018.04.05 08:39:30.530,1.05446,1.05468,1.87,1.50
2018.04.05 08:39:31.346,1.05447,1.05468,1.19,1.50
2018.04.05 08:39:32.046,1.05447,1.05468,1.25,1.50
2018.04.05 08:39:32.186,1.05447,1.05468,1.25,1.12
2018.04.05 08:39:32.709,1.05447,1.05468,1.19,1.12
2018.04.05 08:39:33.964,1.05447,1.05468,1.19,1.50
2018.04.05 08:39:34.118,1.05446,1.05469,2.44,2.25
2018.04.05 08:39:34.271,1.05446,1.05468,1.12,1.12
2018.04.05 08:39:34.804,1.05447,1.05468,1.00,1.37
2018.04.05 08:39:35.450,1.05447,1.05468,1.00,1.12
2018.04.05 08:39:35.859,1.05448,1.0547,1.69,1.00
2018.04.05 08:39:36.845,1.05449,1.05469,1.00,1.00
2018.04.05 08:39:38.225,1.05452,1.05469,1.00,1.00
2018.04.05 08:39:38.277,1.05452,1.05471,1.00,1.00
2018.04.05 08:39:39.597,1.05452,1.0547,1.00,1.00
2018.04.05 08:39:40.203,1.05449,1.0547,1.00,1.00
2018.04.05 08:39:40.710,1.05449,1.05471,1.00,1.87
2018.04.05 08:39:41.216,1.05449,1.0547,1.00,1.50
2018.04.05 08:39:41.816,1.05449,1.05469,1.00,1.00
2018.04.05 08:39:43.611,1.05449,1.0547,1.00,1.50
2018.04.05 08:39:43.815,1.05449,1.05472,1.00,2.62
2018.04.05 08:39:44.604,1.05451,1.05472,1.00,2.62
2018.04.05 08:39:45.202,1.0545,1.05471,1.00,1.00
2018.04.05 08:39:46.071,1.0545,1.05471,1.19,1.12
2018.04.05 08:39:48.040,1.0545,1.05471,1.00,1.00
2018.04.05 08:39:48.368,1.05452,1.05472,1.00,2.62
2018.04.05 08:39:48.844,1.05449,1.05471,1.50,1.00
2018.04.05 08:39:50.140,1.05449,1.0547,1.00,1.00
2018.04.05 08:39:51.073,1.05449,1.0547,1.00,1.37
2018.04.05 08:39:52.701,1.05449,1.0547,1.00,1.50
2018.04.05 08:39:57.137,1.05449,1.0547,1.69,1.00
2018.04.05 08:39:57.669,1.05451,1.05471,1.00,1.00
2018.04.05 08:39:58.218,1.0545,1.05471,1.12,1.12
2018.04.05 08:39:59.342,1.05452,1.05472,1.00,1.87
2018.04.05 08:39:59.879,1.05451,1.05472,1.00,1.12
2018.04.05 08:40:00.587,1.05453,1.05475,1.00,1.75
2018.04.05 08:40:00.689,1.05454,1.05475,1.00,1.87
2018.04.05 08:40:00.930,1.05451,1.05475,1.50,1.50
2018.04.05 08:40:01.535,1.05453,1.05475,1.00,1.50
2018.04.05 08:40:01.637,1.05453,1.05476,2.06,1.12
2018.04.05 08:40:02.221,1.05454,1.05476,1.00,1.12
2018.04.05 08:40:02.736,1.05455,1.05477,1.00,2.25
2018.04.05 08:40:04.230,1.05455,1.05477,1.00,1.00
2018.04.05 08:40:07.924,1.05455,1.05478,1.00,2.81
2018.04.05 08:40:08.516,1.05455,1.05478,1.12,2.81
2018.04.05 08:40:09.072,1.05455,1.05476,1.12,1.00
2018.04.05 08:40:09.915,1.05455,1.05477,1.12,1.00
2018.04.05 08:40:15.324,1.05455,1.05475,1.12,1.69
2018.04.05 08:40:15.403,1.05451,1.05474,1.00,4.12
2018.04.05 08:40:16.661,1.05451,1.05472,2.44,1.00
2018.04.05 08:40:17.383,1.05451,1.05472,1.69,1.00
2018.04.05 08:40:18.372,1.05451,1.05473,1.25,1.12
2018.04.05 08:40:19.088,1.05451,1.05473,1.19,1.37
2018.04.05 08:40:19.456,1.05451,1.05474,1.00,2.62
2018.04.05 08:40:19.660,1.05452,1.05474,1.19,1.87
2018.04.05 08:40:20.409,1.05452,1.05474,1.25,2.62
2018.04.05 08:40:20.936,1.05454,1.05475,1.00,1.12
2018.04.05 08:40:21.308,1.05451,1.05471,1.00,1.00
2018.04.05 08:40:21.361,1.05449,1.05472,1.00,2.62
2018.04.05 08:40:21.617,1.05449,1.05472,1.00,3.00
2018.04.05 08:40:21.669,1.0545,1.05471,1.00,1.00
2018.04.05 08:40:21.874,1.05449,1.05472,1.00,3.00
2018.04.05 08:40:25.337,1.05449,1.0547,1.00,1.00
2018.04.05 08:40:25.440,1.05449,1.05472,1.00,1.12
2018.04.05 08:40:26.167,1.05449,1.05472,1.87,1.00
2018.04.05 08:40:26.768,1.05451,1.05472,1.00,1.00
2018.04.05 08:40:28.099,1.0545,1.05472,1.12,1.00
2018.04.05 08:40:28.456,1.0545,1.05474,1.50,1.12
2018.04.05 08:40:28.964,1.0545,1.05474,2.25,1.12
2018.04.05 08:40:29.548,1.0545,1.05474,1.12,1.31
2018.04.05 08:40:29.600,1.0545,1.05472,1.12,1.00
2018.04.05 08:40:31.131,1.0545,1.05471,1.00,1.00
2018.04.05 08:40:32.429,1.0545,1.05472,1.00,1.00
2018.04.05 08:40:33.536,1.0545,1.05473,1.12,1.25
2018.04.05 08:40:34.358,1.0545,1.05473,1.00,1.62
2018.04.05 08:40:36.161,1.05449,1.05472,1.00,2.62
2018.04.05 08:40:36.530,1.05448,1.0547,1.00,1.00
2018.04.05 08:40:37.057,1.05448,1.05471,1.00,1.50
2018.04.05 08:40:40.076,1.05448,1.05472,1.00,2.81
2018.04.05 08:40:40.620,1.05447,1.05471,2.81,1.12
2018.04.05 08:40:41.275,1.05448,1.05471,1.00,1.12
2018.04.05 08:40:41.822,1.05449,1.05471,1.00,1.00
2018.04.05 08:40:43.355,1.0545,1.0547,1.12,1.00
2018.04.05 08:40:44.021,1.0545,1.05472,1.31,1.50
2018.04.05 08:40:44.655,1.05449,1.05471,1.50,1.37
2018.04.05 08:40:45.240,1.05448,1.05471,2.44,1.00
2018.04.05 08:40:49.332,1.05451,1.05472,1.00,2.25
2018.04.05 08:40:50.666,1.05451,1.05473,1.00,1.00
2018.04.05 08:40:51.033,1.05451,1.05471,1.00,1.00
2018.04.05 08:40:52.431,1.05451,1.05472,1.00,1.00
2018.04.05 08:40:53.163,1.05451,1.05473,1.00,2.81
2018.04.05 08:40:55.597,1.05452,1.05474,1.00,2.81
2018.04.05 08:40:56.165,1.05451,1.05474,1.50,2.06
2018.04.05 08:40:56.975,1.05451,1.05474,1.50,1.69
2018.04.05 08:40:57.554,1.05451,1.05473,1.50,1.00
2018.04.05 08:41:01.369,1.05451,1.05474,1.50,1.50
2018.04.05 08:41:01.704,1.05454,1.05476,1.00,1.37
2018.04.05 08:41:02.773,1.05454,1.05476,1.00,1.00
2018.04.05 08:41:06.124,1.05454,1.05477,1.00,1.50
2018.04.05 08:41:07.126,1.05456,1.05477,1.00,1.00
2018.04.05 08:41:07.464,1.05461,1.05483,1.50,1.00
2018.04.05 08:41:07.771,1.05463,1.05484,1.50,1.00
2018.04.05 08:41:08.027,1.05464,1.05487,1.87,2.62
2018.04.05 08:41:10.987,1.05464,1.05487,1.87,2.62
2018.04.05 08:41:11.602,1.05464,1.05485,1.00,1.12
2018.04.05 08:41:12.462,1.05464,1.05485,1.00,1.62
2018.04.05 08:41:13.354,1.05463,1.05484,1.00,1.00
2018.04.05 08:41:13.912,1.05464,1.05485,1.00,1.00
2018.04.05 08:41:16.275,1.05465,1.05485,1.00,1.00
2018.04.05 08:41:16.327,1.05462,1.05485,3.56,1.12
2018.04.05 08:41:16.848,1.05463,1.05486,2.25,1.37
2018.04.05 08:41:17.364,1.05463,1.05486,3.00,1.00
2018.04.05 08:41:17.415,1.05463,1.05488,2.62,2.06
2018.04.05 08:41:17.466,1.05465,1.05488,1.00,2.44
2018.04.05 08:41:17.826,1.05464,1.05488,1.00,2.62
2018.04.05 08:41:18.312,1.05465,1.05488,1.00,2.25
2018.04.05 08:41:18.862,1.05465,1.05488,1.00,2.62
2018.04.05 08:41:19.409,1.05466,1.05488,1.12,1.87
2018.04.05 08:41:19.936,1.05466,1.05488,1.12,1.50
2018.04.05 08:41:21.283,1.05467,1.05488,1.00,1.00
2018.04.05 08:41:21.836,1.05466,1.05488,1.87,1.00
2018.04.05 08:41:22.467,1.05466,1.05489,1.50,1.00
2018.04.05 08:41:23.536,1.05465,1.05489,1.37,1.25
2018.04.05 08:41:23.658,1.05464,1.05489,2.81,1.12
2018.04.05 08:41:24.168,1.05465,1.05489,1.00,1.50
2018.04.05 08:41:25.014,1.05465,1.05489,1.00,1.50
2018.04.05 08:41:25.370,1.05467,1.05489,1.00,1.00
2018.04.05 08:41:25.460,1.05467,1.05491,2.06,1.12
2018.04.05 08:41:25.514,1.05469,1.05492,1.50,1.81
2018.04.05 08:41:25.768,1.0547,1.05494,1.00,1.87
2018.04.05 08:41:26.307,1.0547,1.05494,1.00,2.25
2018.04.05 08:41:26.868,1.0547,1.05494,1.50,1.12
2018.04.05 08:41:27.298,1.05475,1.05496,1.00,1.00
2018.04.05 08:41:27.349,1.05477,1.055,1.50,2.25
2018.04.05 08:41:27.756,1.05477,1.05502,1.00,1.00
2018.04.05 08:41:28.262,1.05477,1.05502,1.00,1.50
2018.04.05 08:41:28.313,1.05479,1.05502,1.00,1.50
2018.04.05 08:41:28.850,1.05479,1.05502,1.00,1.75
2018.04.05 08:41:29.940,1.05479,1.05502,1.00,1.87
2018.04.05 08:41:30.199,1.05466,1.05489,1.00,1.12
2018.04.05 08:41:30.709,1.05465,1.05489,2.25,1.37
2018.04.05 08:41:31.304,1.05466,1.05489,1.00,1.12
2018.04.05 08:41:31.456,1.05467,1.05491,1.50,1.00
2018.04.05 08:41:31.507,1.05469,1.05492,1.00,1.50
2018.04.05 08:41:31.812,1.05471,1.05492,1.50,1.00
2018.04.05 08:41:32.836,1.05471,1.05496,2.25,2.25
2018.04.05 08:41:34.614,1.05471,1.05496,2.62,1.50
2018.04.05 08:41:36.089,1.05471,1.05497,1.37,3.75
2018.04.05 08:41:36.782,1.05471,1.05497,1.37,3.75
2018.04.05 08:41:37.289,1.05474,1.05498,1.37,1.25
2018.04.05 08:41:37.494,1.05476,1.05501,3.00,2.44
2018.04.05 08:41:38.564,1.05476,1.05499,1.50,1.50
2018.04.05 08:41:38.887,1.05472,1.05494,2.25,1.00
2018.04.05 08:41:38.939,1.05472,1.05496,2.25,1.00
2018.04.05 08:41:39.624,1.05472,1.05496,2.44,1.00
2018.04.05 08:41:39.676,1.05472,1.05496,2.44,1.00
2018.04.05 08:41:40.197,1.05472,1.05495,2.44,1.00
2018.04.05 08:41:41.643,1.05472,1.05496,2.44,1.00
2018.04.05 08:41:44.143,1.05472,1.05495,1.12,1.00
2018.04.05 08:41:48.115,1.05472,1.05496,1.12,1.00
2018.04.05 08:41:49.141,1.05472,1.05498,1.12,2.06
2018.04.05 08:42:00.265,1.05472,1.05497,1.37,1.00
2018.04.05 08:42:01.267,1.05472,1.05498,1.12,1.87
2018.04.05 08:42:01.935,1.05472,1.05496,1.12,1.00
2018.04.05 08:42:03.289,1.05472,1.05497,1.12,1.00
2018.04.05 08:42:03.821,1.05473,1.05497,1.00,1.00
2018.04.05 08:42:07.358,1.05471,1.05493,1.12,1.00
2018.04.05 08:42:08.099,1.05471,1.05492,1.12,1.00
2018.04.05 08:42:10.627,1.05471,1.05493,1.12,1.00
2018.04.05 08:42:11.305,1.05471,1.05492,1.37,1.00
2018.04.05 08:42:15.663,1.05471,1.05493,1.50,1.00
2018.04.05 08:42:17.727,1.05471,1.05495,1.50,1.00
2018.04.05 08:42:17.779,1.05476,1.05498,1.00,2.81
2018.04.05 08:42:17.882,1.05474,1.05498,1.50,1.25
2018.04.05 08:42:18.423,1.05475,1.05499,1.00,2.25
2018.04.05 08:42:19.011,1.05475,1.05499,1.00,2.25
2018.04.05 08:42:19.266,1.05473,1.05495,2.62,1.12
2018.04.05 08:42:20.961,1.05473,1.05492,1.00,1.12
2018.04.05 08:42:21.066,1.05471,1.05492,1.00,1.00
2018.04.05 08:42:21.591,1.0547,1.05492,1.00,1.00
2018.04.05 08:42:22.311,1.05471,1.05492,1.00,1.00
2018.04.05 08:42:26.138,1.05473,1.05495,1.12,1.50
2018.04.05 08:42:26.189,1.05475,1.05495,1.00,1.00
2018.04.05 08:42:26.290,1.05476,1.05499,1.00,1.87
2018.04.05 08:42:27.185,1.05475,1.05499,1.00,2.25
2018.04.05 08:42:27.829,1.05476,1.05499,1.00,1.87
2018.04.05 08:42:28.516,1.05475,1.05499,1.69,1.00
2018.04.05 08:42:28.567,1.05478,1.05499,1.00,1.00
2018.04.05 08:42:28.619,1.05476,1.05499,1.00,1.00
2018.04.05 08:42:28.804,1.05479,1.05499,1.00,1.00
2018.04.05 08:42:29.340,1.05478,1.05499,1.00,1.12
2018.04.05 08:42:29.390,1.05476,1.05499,1.00,1.12
2018.04.05 08:42:31.072,1.05477,1.05499,1.00,1.12
2018.04.05 08:42:32.641,1.05478,1.055,1.00,1.00
2018.04.05 08:42:33.184,1.05477,1.055,2.62,1.00
2018.04.05 08:42:33.749,1.05477,1.055,3.37,1.00
2018.04.05 08:42:33.904,1.05477,1.055,1.87,1.00
2018.04.05 08:42:35.823,1.05477,1.05499,2.25,1.00
2018.04.05 08:42:36.370,1.05477,1.05498,1.12,1.00
2018.04.05 08:42:36.902,1.05478,1.05501,1.50,1.69
2018.04.05 08:42:38.502,1.05481,1.05504,1.00,1.75
2018.04.05 08:42:38.553,1.05481,1.05504,2.25,1.00
2018.04.05 08:42:38.605,1.05484,1.05506,1.00,2.25
2018.04.05 08:42:39.153,1.05483,1.05506,1.00,1.25
2018.04.05 08:42:39.676,1.05483,1.05505,1.50,1.00
2018.04.05 08:42:40.204,1.05483,1.05504,1.00,1.12
2018.04.05 08:42:41.559,1.05483,1.05505,1.00,1.37
2018.04.05 08:42:42.172,1.05483,1.05505,1.00,1.62
2018.04.05 08:42:43.380,1.05483,1.05505,1.00,1.69
2018.04.05 08:42:43.764,1.05479,1.05504,1.50,2.25
2018.04.05 08:42:43.867,1.05479,1.05505,2.25,1.50
2018.04.05 08:42:45.506,1.0548,1.05505,1.37,2.25
2018.04.05 08:42:45.557,1.05481,1.05506,1.87,1.00
2018.04.05 08:42:45.609,1.05483,1.05506,1.50,1.00
2018.04.05 08:42:46.134,1.05484,1.05507,1.50,1.31
2018.04.05 08:42:47.011,1.05485,1.05507,1.87,1.12
2018.04.05 08:42:47.330,1.05487,1.0551,1.00,2.06
2018.04.05 08:42:47.832,1.05487,1.0551,1.00,2.62
2018.04.05 08:42:48.824,1.05487,1.0551,1.00,2.06
2018.04.05 08:42:49.363,1.05487,1.0551,1.00,1.87
2018.04.05 08:42:49.927,1.05487,1.0551,1.00,1.69
2018.04.05 08:42:50.470,1.05487,1.0551,1.00,1.87
2018.04.05 08:42:50.893,1.05485,1.05508,1.12,1.00
2018.04.05 08:42:51.098,1.05485,1.05505,1.12,1.00
2018.04.05 08:42:51.252,1.05485,1.05507,1.00,1.69
2018.04.05 08:42:51.482,1.05484,1.05504,1.00,1.12
2018.04.05 08:42:51.917,1.05483,1.05501,1.00,1.00
2018.04.05 08:42:51.968,1.05483,1.05504,1.00,1.31
2018.04.05 08:42:52.070,1.0548,1.05503,3.00,1.00
2018.04.05 08:42:52.395,1.05481,1.05505,1.12,2.44
2018.04.05 08:42:52.549,1.05485,1.05507,1.12,2.25
2018.04.05 08:42:52.859,1.05494,1.05516,1.00,1.00
2018.04.05 08:42:53.291,1.05496,1.05516,1.00,1.25
2018.04.05 08:42:54.146,1.05494,1.05516,1.37,1.13
2018.04.05 08:42:54.687,1.05494,1.05516,1.37,1.38
2018.04.05 08:42:55.207,1.05494,1.05517,1.37,2.25
2018.04.05 08:42:55.764,1.05492,1.05517,1.50,1.88
2018.04.05 08:42:56.304,1.05493,1.05515,1.00,1.00
2018.04.05 08:42:57.122,1.05493,1.05517,2.25,1.00
2018.04.05 08:42:58.088,1.05493,1.05515,1.12,1.00
2018.04.05 08:42:58.632,1.05494,1.05516,1.00,1.00
2018.04.05 08:42:59.142,1.05494,1.05514,1.00,1.00
2018.04.05 08:42:59.638,1.05497,1.05514,1.00,1.00
2018.04.05 08:43:00.170,1.05494,1.05514,1.00,1.00
2018.04.05 08:43:00.992,1.05493,1.05514,1.00,1.00
2018.04.05 08:43:01.309,1.05497,1.05514,1.00,1.00
2018.04.05 08:43:01.360,1.05497,1.05516,1.00,1.00
2018.04.05 08:43:01.412,1.05499,1.05516,1.00,1.00
2018.04.05 08:43:01.616,1.055,1.05518,1.00,1.00
2018.04.05 08:43:02.121,1.05501,1.05518,1.00,1.37
2018.04.05 08:43:02.325,1.05503,1.05521,1.00,1.12
2018.04.05 08:43:02.376,1.05496,1.0552,3.00,1.12
2018.04.05 08:43:02.428,1.05498,1.05518,1.00,1.00
2018.04.05 08:43:02.683,1.05496,1.05519,1.13,1.50
2018.04.05 08:43:03.566,1.05495,1.05519,1.87,2.25
2018.04.05 08:43:03.618,1.05495,1.05519,3.00,2.62
2018.04.05 08:43:03.670,1.05495,1.05519,3.00,2.25
2018.04.05 08:43:04.345,1.05496,1.05518,1.13,1.00
2018.04.05 08:43:05.295,1.05495,1.05519,3.00,1.50
2018.04.05 08:43:05.847,1.05495,1.05519,2.25,1.50
2018.04.05 08:43:06.595,1.05496,1.05518,1.00,1.00
2018.04.05 08:43:07.085,1.05498,1.05521,1.00,2.00
2018.04.05 08:43:07.928,1.05497,1.05521,1.50,1.75
2018.04.05 08:43:08.858,1.05496,1.05521,1.69,2.25
2018.04.05 08:43:09.486,1.05497,1.05521,1.00,1.87
2018.04.05 08:43:10.449,1.05496,1.05521,1.50,1.37
2018.04.05 08:43:11.748,1.05497,1.05521,1.00,1.37
2018.04.05 08:43:13.190,1.05496,1.05521,1.50,1.37
2018.04.05 08:43:13.752,1.05497,1.05521,1.50,1.37
2018.04.05 08:43:13.886,1.05497,1.05522,1.00,1.69
2018.04.05 08:43:14.404,1.055,1.05522,1.00,1.44
2018.04.05 08:43:14.507,1.055,1.05523,1.00,1.69
2018.04.05 08:43:15.065,1.05501,1.05521,1.00,1.00
2018.04.05 08:43:15.367,1.05501,1.05523,1.00,2.63
2018.04.05 08:43:15.890,1.05501,1.05523,1.00,2.06
2018.04.05 08:43:16.461,1.055,1.05523,1.00,1.88
2018.04.05 08:43:16.989,1.05501,1.05523,1.00,1.88
2018.04.05 08:43:17.697,1.055,1.05524,1.25,2.63
2018.04.05 08:43:18.224,1.055,1.05524,1.13,2.81
2018.04.05 08:43:18.832,1.05501,1.05523,1.00,1.44
2018.04.05 08:43:19.339,1.05502,1.05524,1.00,2.44
2018.04.05 08:43:19.859,1.05503,1.05524,1.00,1.69
2018.04.05 08:43:19.961,1.05502,1.05524,1.00,1.31
2018.04.05 08:43:21.132,1.05503,1.05524,1.00,1.13
2018.04.05 08:43:21.388,1.05501,1.05524,1.00,1.13
2018.04.05 08:43:22.072,1.05502,1.05524,1.00,2.44
2018.04.05 08:43:22.745,1.05502,1.05522,1.00,1.00
2018.04.05 08:43:23.265,1.05502,1.05523,1.00,1.12
2018.04.05 08:43:23.867,1.05501,1.05523,1.00,1.12
2018.04.05 08:43:24.417,1.05501,1.05522,1.00,1.00
2018.04.05 08:43:25.041,1.05502,1.05523,1.00,1.00
2018.04.05 08:43:25.633,1.05502,1.05522,1.00,1.00
2018.04.05 08:43:27.136,1.05502,1.05523,1.00,1.12
2018.04.05 08:43:27.683,1.05502,1.05524,1.00,2.44
2018.04.05 08:43:29.191,1.05503,1.05524,1.00,2.44
2018.04.05 08:43:29.344,1.05501,1.05524,1.50,2.06
2018.04.05 08:43:29.998,1.05502,1.05524,1.00,2.44
2018.04.05 08:43:30.655,1.05501,1.05524,1.50,2.44
2018.04.05 08:43:32.777,1.05501,1.05524,1.00,2.44
2018.04.05 08:43:32.988,1.05502,1.05522,1.00,1.00
2018.04.05 08:43:33.395,1.05501,1.05524,1.50,1.13
2018.04.05 08:43:33.497,1.05502,1.05522,1.00,1.00
2018.04.05 08:43:34.063,1.05502,1.05524,1.00,1.50
2018.04.05 08:43:34.591,1.05502,1.05523,1.00,1.00
2018.04.05 08:43:35.206,1.05502,1.05522,1.00,1.00
2018.04.05 08:43:35.378,1.05502,1.05524,1.00,1.69
2018.04.05 08:43:35.879,1.05501,1.05524,1.50,1.69
2018.04.05 08:43:36.136,1.05501,1.05521,2.62,1.63
2018.04.05 08:43:36.187,1.05498,1.05522,2.44,1.00
2018.04.05 08:43:36.239,1.05497,1.05519,2.25,1.50
2018.04.05 08:43:36.572,1.05499,1.05519,1.00,1.37
2018.04.05 08:43:37.715,1.05499,1.05519,1.00,1.37
2018.04.05 08:43:38.247,1.05498,1.05519,1.00,1.37
2018.04.05 08:43:38.911,1.05499,1.05519,1.00,1.37
2018.04.05 08:43:39.444,1.055,1.0552,1.00,2.25
2018.04.05 08:43:40.216,1.055,1.05519,1.00,1.00
2018.04.05 08:43:41.272,1.05499,1.05519,1.00,1.00
2018.04.05 08:43:42.466,1.055,1.05519,1.00,1.00
2018.04.05 08:43:44.430,1.05499,1.05519,1.00,1.00
2018.04.05 08:43:45.236,1.05501,1.05519,1.00,1.00
2018.04.05 08:43:45.784,1.055,1.05519,1.00,1.00
2018.04.05 08:43:46.506,1.05499,1.05519,1.00,1.00
2018.04.05 08:43:48.227,1.055,1.05519,1.00,1.00
2018.04.05 08:43:49.724,1.05502,1.05519,1.00,1.00
2018.04.05 08:43:49.777,1.05497,1.05518,1.50,1.50
2018.04.05 08:43:49.881,1.05495,1.05516,1.50,1.37
2018.04.05 08:43:50.599,1.05494,1.05516,1.00,1.87
2018.04.05 08:43:51.882,1.05493,1.05515,1.88,1.37
2018.04.05 08:43:51.985,1.05494,1.05516,1.00,1.87
2018.04.05 08:43:52.531,1.05494,1.05516,1.00,1.12
2018.04.05 08:43:53.318,1.05494,1.05516,1.19,1.12
2018.04.05 08:43:53.688,1.05493,1.05516,1.69,1.12
2018.04.05 08:43:54.045,1.05494,1.05516,1.00,1.75
2018.04.05 08:43:54.686,1.05493,1.05514,1.50,1.00
2018.04.05 08:43:55.188,1.05494,1.05514,1.00,1.00
2018.04.05 08:43:55.915,1.05493,1.05514,1.50,1.00
2018.04.05 08:43:56.479,1.05494,1.05516,1.00,2.44
2018.04.05 08:43:57.105,1.05493,1.05515,1.00,2.63
2018.04.05 08:43:58.462,1.05492,1.05515,1.00,3.19
2018.04.05 08:43:59.051,1.05491,1.05513,1.00,1.37
2018.04.05 08:43:59.206,1.05489,1.05511,1.00,1.87
2018.04.05 08:43:59.515,1.05491,1.05511,1.00,1.50
2018.04.05 08:43:59.722,1.0549,1.05514,1.00,1.88
2018.04.05 08:43:59.878,1.05489,1.05511,1.12,1.12
2018.04.05 08:44:00.198,1.05485,1.05511,2.81,1.12
2018.04.05 08:44:00.790,1.05487,1.05511,1.13,1.12
2018.04.05 08:44:01.319,1.05485,1.05511,1.88,2.62
2018.04.05 08:44:01.675,1.05485,1.05511,1.44,1.75
2018.04.05 08:44:02.210,1.05485,1.0551,2.63,2.00
2018.04.05 08:44:02.738,1.05487,1.0551,1.00,1.75
2018.04.05 08:44:03.936,1.05485,1.0551,2.63,1.75
2018.04.05 08:44:04.516,1.05485,1.0551,2.63,1.88
2018.04.05 08:44:05.087,1.05485,1.0551,2.63,1.75
2018.04.05 08:44:07.254,1.05485,1.0551,2.63,1.88
2018.04.05 08:44:07.938,1.05486,1.0551,1.38,2.63
2018.04.05 08:44:08.543,1.05485,1.05509,3.19,1.75
2018.04.05 08:44:09.384,1.05486,1.05509,1.38,1.12
2018.04.05 08:44:10.216,1.05488,1.0551,1.00,2.19
2018.04.05 08:44:10.319,1.05486,1.05511,1.88,2.25
2018.04.05 08:44:10.857,1.05486,1.05511,1.88,2.00
2018.04.05 08:44:11.405,1.05487,1.0551,1.44,1.75
2018.04.05 08:44:11.926,1.05487,1.05509,1.13,1.12
2018.04.05 08:44:12.678,1.05487,1.05509,1.13,1.12
2018.04.05 08:44:13.335,1.05486,1.05509,1.38,1.12
2018.04.05 08:44:14.267,1.05487,1.05509,1.38,1.12
2018.04.05 08:44:15.545,1.05486,1.05509,1.44,1.12
2018.04.05 08:44:16.306,1.05486,1.05511,1.38,1.75
2018.04.05 08:44:16.425,1.05486,1.05506,1.00,1.37
2018.04.05 08:44:16.528,1.05484,1.05506,1.00,2.25
2018.04.05 08:44:16.580,1.05487,1.05506,1.00,1.87
2018.04.05 08:44:16.631,1.05484,1.05506,1.00,1.87
2018.04.05 08:44:17.169,1.05483,1.05505,1.31,1.00
2018.04.05 08:44:17.774,1.05483,1.05505,1.50,1.00
2018.04.05 08:44:17.825,1.05484,1.05505,1.00,1.37
2018.04.05 08:44:19.425,1.05484,1.05503,1.00,1.37
2018.04.05 08:44:20.444,1.05484,1.05505,1.13,1.12
2018.04.05 08:44:21.469,1.05483,1.05503,1.50,1.37
2018.04.05 08:44:21.766,1.05485,1.05507,1.87,1.00
2018.04.05 08:44:22.277,1.05484,1.05508,2.25,1.12
2018.04.05 08:44:22.785,1.05486,1.05509,1.88,2.44
2018.04.05 08:44:23.490,1.05485,1.05509,1.13,2.25
2018.04.05 08:44:24.146,1.05486,1.05508,1.00,1.50
2018.04.05 08:44:25.773,1.05487,1.05508,1.00,1.12
2018.04.05 08:44:26.050,1.05489,1.05508,1.00,1.00
2018.04.05 08:44:26.102,1.05487,1.05508,1.31,1.12
2018.04.05 08:44:26.851,1.05489,1.05508,1.00,1.12
2018.04.05 08:44:27.375,1.05489,1.05509,1.00,1.00
2018.04.05 08:44:28.003,1.05488,1.05511,1.25,2.06
2018.04.05 08:44:28.528,1.05489,1.05511,1.00,2.06
2018.04.05 08:44:29.089,1.05488,1.05511,1.25,2.06
2018.04.05 08:44:29.957,1.05488,1.05511,1.44,1.87
2018.04.05 08:44:30.010,1.05487,1.05511,1.25,1.12
2018.04.05 08:44:30.062,1.05487,1.05511,1.88,1.37
2018.04.05 08:44:30.113,1.05488,1.05512,1.88,1.00
2018.04.05 08:44:30.627,1.05488,1.05511,1.88,1.00
2018.04.05 08:44:31.006,1.05488,1.05511,1.25,2.06
2018.04.05 08:44:31.361,1.05491,1.05511,1.00,1.63
2018.04.05 08:44:31.901,1.05488,1.05511,1.00,2.06
2018.04.05 08:44:33.058,1.05488,1.05512,1.25,3.38
2018.04.05 08:44:33.718,1.05488,1.05511,1.69,1.37
2018.04.05 08:44:34.428,1.05488,1.05512,1.25,2.63
2018.04.05 08:44:35.549,1.05488,1.05511,1.00,1.87
2018.04.05 08:44:35.601,1.05486,1.05501,1.00,2.25
2018.04.05 08:44:35.652,1.05482,1.055,1.00,3.75
2018.04.05 08:44:35.766,1.0548,1.05501,1.50,3.32
2018.04.05 08:44:35.919,1.05478,1.055,1.00,4.07
2018.04.05 08:44:36.326,1.05477,1.05499,1.00,1.50
2018.04.05 08:44:36.818,1.05477,1.05499,1.00,1.50
2018.04.05 08:44:37.519,1.05476,1.05499,1.00,1.38
2018.04.05 08:44:37.755,1.0548,1.05502,1.00,1.00
2018.04.05 08:44:38.295,1.0548,1.05503,1.00,1.25
2018.04.05 08:44:39.026,1.0548,1.05503,1.25,1.44
2018.04.05 08:44:39.847,1.0548,1.05503,1.25,1.12
2018.04.05 08:44:40.366,1.05479,1.05503,1.69,1.12
2018.04.05 08:44:41.514,1.05479,1.05503,1.88,1.12
2018.04.05 08:44:43.446,1.0548,1.05503,1.13,1.00
2018.04.05 08:44:43.987,1.0548,1.05503,1.88,1.12
2018.04.05 08:44:44.526,1.0548,1.05503,1.69,1.63
2018.04.05 08:44:46.326,1.0548,1.05503,1.69,1.25
2018.04.05 08:44:46.915,1.0548,1.05503,1.69,1.63
2018.04.05 08:44:47.452,1.0548,1.05503,1.25,1.25
2018.04.05 08:44:47.974,1.0548,1.05504,1.25,2.63
2018.04.05 08:44:48.482,1.0548,1.05504,1.25,2.25
2018.04.05 08:44:55.281,1.0548,1.05504,2.06,2.44
2018.04.05 08:44:56.560,1.0548,1.05503,1.31,1.00
2018.04.05 08:44:57.268,1.05482,1.05506,1.37,1.50
2018.04.05 08:44:57.372,1.05485,1.05509,1.00,3.38
2018.04.05 08:44:57.885,1.05485,1.05509,1.38,3.00
2018.04.05 08:44:58.391,1.05485,1.05509,1.88,1.87
2018.04.05 08:44:58.927,1.05486,1.05509,1.00,1.12
2018.04.05 08:44:59.459,1.05486,1.05509,1.13,1.50
2018.04.05 08:44:59.975,1.05486,1.05509,1.25,2.06
2018.04.05 08:45:00.799,1.05486,1.05509,1.25,2.25
2018.04.05 08:45:01.305,1.05486,1.05509,1.25,1.50
2018.04.05 08:45:01.816,1.05485,1.05509,2.63,1.50
2018.04.05 08:45:02.489,1.05486,1.0551,1.13,1.50
2018.04.05 08:45:03.203,1.05486,1.05511,3.00,2.63
2018.04.05 08:45:03.541,1.05486,1.05509,1.87,1.00
2018.04.05 08:45:04.070,1.05486,1.05508,1.69,1.00
2018.04.05 08:45:09.579,1.05486,1.05511,1.31,2.44
2018.04.05 08:45:10.416,1.05486,1.05508,1.31,1.00
2018.04.05 08:45:12.028,1.05486,1.0551,1.00,1.63
2018.04.05 08:45:12.639,1.05486,1.0551,1.00,1.50
2018.04.05 08:45:13.287,1.05486,1.0551,1.00,1.50
2018.04.05 08:45:13.974,1.05486,1.0551,1.00,1.50
2018.04.05 08:45:14.570,1.05486,1.05509,1.00,1.12
2018.04.05 08:45:15.090,1.05485,1.05506,1.00,1.12
2018.04.05 08:45:15.397,1.05485,1.05503,1.00,1.87
2018.04.05 08:45:15.947,1.05485,1.05503,1.00,1.50
2018.04.05 08:45:16.522,1.05484,1.05503,1.00,1.50
2018.04.05 08:45:16.826,1.05485,1.05503,1.00,1.87
2018.04.05 08:45:17.345,1.05484,1.05503,1.00,1.87
2018.04.05 08:45:17.986,1.05484,1.05503,1.00,2.06
2018.04.05 08:45:18.732,1.05484,1.05503,1.00,2.44
2018.04.05 08:45:19.754,1.05484,1.05502,1.00,2.25
2018.04.05 08:45:20.295,1.05483,1.05502,1.00,1.50
2018.04.05 08:45:21.414,1.05483,1.05502,1.00,1.50
2018.04.05 08:45:22.154,1.05484,1.05502,1.00,1.50
2018.04.05 08:45:22.696,1.05481,1.05502,1.00,1.88
2018.04.05 08:45:23.052,1.05477,1.05501,1.25,2.25
2018.04.05 08:45:23.623,1.05478,1.05501,1.00,3.37
2018.04.05 08:45:24.148,1.05477,1.05501,1.00,3.00
2018.04.05 08:45:24.659,1.0548,1.055,1.00,1.00
2018.04.05 08:45:24.992,1.05483,1.05501,1.00,1.00
2018.04.05 08:45:25.650,1.05481,1.05501,1.00,1.00
2018.04.05 08:45:26.164,1.0548,1.05501,1.00,1.00
2018.04.05 08:45:28.907,1.05479,1.05502,1.69,1.50
2018.04.05 08:45:29.428,1.0548,1.055,1.00,1.00
2018.04.05 08:45:30.029,1.0548,1.05501,2.06,1.12
2018.04.05 08:45:30.999,1.05479,1.05501,2.81,1.12
2018.04.05 08:45:31.982,1.05479,1.05502,2.44,1.50
2018.04.05 08:45:32.515,1.0548,1.05501,1.69,1.00
2018.04.05 08:45:33.096,1.0548,1.05501,1.69,1.00
2018.04.05 08:45:33.978,1.0548,1.05501,1.37,1.00
2018.04.05 08:45:34.530,1.0548,1.05502,1.12,1.37
2018.04.05 08:45:36.925,1.05481,1.05502,1.00,1.25
2018.04.05 08:45:37.517,1.0548,1.05502,1.00,1.00
2018.04.05 08:45:38.041,1.05481,1.05502,1.50,1.00
2018.04.05 08:45:38.634,1.0548,1.05502,1.69,1.00
2018.04.05 08:45:39.147,1.05481,1.05502,1.50,1.00
2018.04.05 08:45:40.074,1.0548,1.05502,1.69,1.50
2018.04.05 08:45:42.098,1.05481,1.05502,1.50,1.50
2018.04.05 08:45:43.094,1.0548,1.05502,1.69,1.50
2018.04.05 08:45:44.096,1.05481,1.05502,1.50,1.50
2018.04.05 08:45:46.376,1.0548,1.05502,1.25,1.50
2018.04.05 08:45:52.106,1.05481,1.05502,1.00,1.69
2018.04.05 08:46:00.159,1.0548,1.05502,1.13,1.69
2018.04.05 08:46:01.138,1.05481,1.05502,1.00,2.06
2018.04.05 08:46:01.704,1.05481,1.05502,1.00,2.06
2018.04.05 08:46:02.348,1.0548,1.05502,1.25,1.87
2018.04.05 08:46:02.995,1.05481,1.05502,1.00,1.87
2018.04.05 08:46:03.626,1.05481,1.05502,1.00,1.87
2018.04.05 08:46:04.875,1.0548,1.05502,1.13,1.50
2018.04.05 08:46:05.494,1.05481,1.05501,1.00,1.00
2018.04.05 08:46:06.155,1.0548,1.05502,1.13,1.50
2018.04.05 08:46:06.777,1.0548,1.05502,1.13,1.87
2018.04.05 08:46:07.614,1.05481,1.05502,1.00,1.87
2018.04.05 08:46:10.284,1.05481,1.05502,1.25,1.25
2018.04.05 08:46:12.818,1.05484,1.05502,1.00,1.12
2018.04.05 08:46:12.974,1.05485,1.05504,1.00,2.06
2018.04.05 08:46:13.709,1.05485,1.05504,1.00,2.25
2018.04.05 08:46:14.667,1.05484,1.05504,1.00,2.63
2018.04.05 08:46:14.719,1.05481,1.05504,2.06,2.63
2018.04.05 08:46:15.340,1.05482,1.05504,1.00,2.06
2018.04.05 08:46:15.628,1.05486,1.05504,1.00,1.87
2018.04.05 08:46:15.679,1.05483,1.05502,1.00,1.00
2018.04.05 08:46:15.730,1.05483,1.05504,1.00,1.87
2018.04.05 08:46:16.282,1.05483,1.05504,1.00,1.50
2018.04.05 08:46:16.704,1.05481,1.05504,3.19,1.50
2018.04.05 08:46:17.230,1.05481,1.05504,1.50,1.50
2018.04.05 08:46:17.741,1.05481,1.05504,1.31,1.50
2018.04.05 08:46:18.264,1.05481,1.05504,1.44,1.12
2018.04.05 08:46:19.275,1.05485,1.05506,1.25,1.12
2018.04.05 08:46:19.583,1.05487,1.05507,1.00,1.00
2018.04.05 08:46:21.388,1.05487,1.05508,1.50,1.12
2018.04.05 08:46:21.895,1.05483,1.05504,1.00,2.25
2018.04.05 08:46:21.946,1.05481,1.05502,1.12,1.00
2018.04.05 08:46:21.997,1.05479,1.05498,1.00,1.87
2018.04.05 08:46:22.048,1.05476,1.05498,1.38,1.12
2018.04.05 08:46:22.240,1.05473,1.05494,1.38,1.00
2018.04.05 08:46:22.785,1.05473,1.05495,3.00,1.12
2018.04.05 08:46:23.319,1.05473,1.05495,1.81,1.12
2018.04.05 08:46:23.855,1.05473,1.05495,1.75,1.00
2018.04.05 08:46:24.588,1.05473,1.05495,1.81,1.00
2018.04.05 08:46:25.125,1.05474,1.05495,1.50,1.12
2018.04.05 08:46:25.892,1.05474,1.05495,1.31,1.00
2018.04.05 08:46:26.688,1.05474,1.05495,1.50,1.12
2018.04.05 08:46:27.297,1.05473,1.05495,3.00,1.12
2018.04.05 08:46:28.164,1.05473,1.05495,1.88,1.00
2018.04.05 08:46:28.909,1.05473,1.05495,3.38,1.00
2018.04.05 08:46:29.452,1.05473,1.05495,2.06,1.00
2018.04.05 08:46:32.712,1.05473,1.05495,2.44,1.00
2018.04.05 08:46:33.236,1.05473,1.05495,2.44,1.00
2018.04.05 08:46:33.749,1.05476,1.05498,1.00,2.25
2018.04.05 08:46:34.259,1.05475,1.05498,2.25,2.25
2018.04.05 08:46:34.624,1.05475,1.05498,1.75,1.12
2018.04.05 08:46:35.160,1.05475,1.05498,3.00,1.12
2018.04.05 08:46:36.112,1.05475,1.05498,1.88,1.12
2018.04.05 08:46:36.715,1.05475,1.05498,2.25,1.00
2018.04.05 08:46:38.952,1.05475,1.05498,1.69,1.12
2018.04.05 08:46:39.486,1.05475,1.05498,1.44,1.50
2018.04.05 08:46:39.591,1.05475,1.05498,1.44,1.88
2018.04.05 08:46:40.303,1.05475,1.05498,1.25,1.50
2018.04.05 08:46:40.606,1.05478,1.05498,1.00,1.69
2018.04.05 08:46:41.383,1.05477,1.05498,1.13,1.69
2018.04.05 08:46:42.102,1.05478,1.05498,1.00,1.69
2018.04.05 08:46:42.774,1.05477,1.05498,1.00,1.50
2018.04.05 08:46:43.626,1.05478,1.05498,1.00,1.69
2018.04.05 08:46:43.961,1.05475,1.05498,1.44,1.37
2018.04.05 08:46:44.493,1.05475,1.05498,1.63,1.63
2018.04.05 08:46:44.595,1.05475,1.05498,1.00,1.37
2018.04.05 08:46:45.232,1.05475,1.05498,1.63,1.63
2018.04.05 08:46:45.986,1.05474,1.05496,1.44,1.37
2018.04.05 08:46:46.326,1.05473,1.05496,1.50,1.31
2018.04.05 08:46:46.378,1.05472,1.05495,1.63,2.25
2018.04.05 08:46:46.430,1.05472,1.05491,1.13,1.12
2018.04.05 08:46:46.482,1.05469,1.05489,1.38,1.00
2018.04.05 08:46:46.534,1.05469,1.05491,1.38,1.00
2018.04.05 08:46:47.048,1.0547,1.05491,1.31,1.87
2018.04.05 08:46:47.552,1.0547,1.05491,1.31,1.87
2018.04.05 08:46:48.143,1.05469,1.05491,1.63,1.12
2018.04.05 08:46:48.715,1.05469,1.05491,1.38,1.12
2018.04.05 08:46:49.304,1.05466,1.05488,1.50,1.50
2018.04.05 08:46:49.364,1.05468,1.05489,1.38,1.00
2018.04.05 08:46:49.416,1.05468,1.05492,2.63,3.56
2018.04.05 08:46:49.519,1.05472,1.05493,1.38,1.12
2018.04.05 08:46:50.239,1.05473,1.05494,1.13,1.12
2018.04.05 08:46:50.499,1.05473,1.05496,1.38,1.87
2018.04.05 08:46:50.654,1.0547,1.05495,1.38,2.25
2018.04.05 08:46:51.156,1.05471,1.05495,1.38,2.25
2018.04.05 08:46:52.220,1.05474,1.05496,1.38,1.50
2018.04.05 08:46:52.424,1.05476,1.05498,1.00,1.50
2018.04.05 08:46:53.218,1.05476,1.05498,1.00,1.50
2018.04.05 08:46:53.818,1.05476,1.05498,1.00,1.12
2018.04.05 08:46:53.972,1.05477,1.05497,1.69,1.00
2018.04.05 08:46:54.170,1.05475,1.05495,1.00,1.12
2018.04.05 08:46:54.707,1.05475,1.05496,1.00,1.00
2018.04.05 08:46:55.259,1.05475,1.05495,1.00,1.00
2018.04.05 08:46:55.800,1.05475,1.05496,1.00,1.12
2018.04.05 08:46:57.079,1.05475,1.05496,1.00,2.44
2018.04.05 08:46:58.955,1.05472,1.05495,1.88,1.12
2018.04.05 08:46:59.454,1.05472,1.05495,1.88,1.75
2018.04.05 08:46:59.927,1.05472,1.05495,1.88,1.12
2018.04.05 08:47:00.584,1.05472,1.05495,1.88,1.50
2018.04.05 08:47:01.105,1.05472,1.05495,1.44,1.12
2018.04.05 08:47:01.764,1.05472,1.05495,1.63,1.00
2018.04.05 08:47:02.267,1.05472,1.05495,1.50,1.00
2018.04.05 08:47:03.165,1.05472,1.05495,1.63,1.00
2018.04.05 08:47:04.060,1.05472,1.05495,1.63,1.50
2018.04.05 08:47:04.615,1.05472,1.05495,1.38,1.50
2018.04.05 08:47:05.204,1.05472,1.05495,1.38,1.50
2018.04.05 08:47:08.059,1.05472,1.05495,1.63,1.12
2018.04.05 08:47:08.741,1.05472,1.05495,1.38,1.12
2018.04.05 08:47:09.086,1.05472,1.05494,1.38,2.25
2018.04.05 08:47:09.709,1.05472,1.05495,1.88,2.25
2018.04.05 08:47:10.528,1.05472,1.05495,1.88,2.25
2018.04.05 08:47:11.108,1.05472,1.05495,1.38,2.25
2018.04.05 08:47:11.629,1.05472,1.05495,1.13,1.87
2018.04.05 08:47:12.287,1.05472,1.05495,1.13,1.87
2018.04.05 08:47:13.453,1.05472,1.05495,1.13,2.62
2018.04.05 08:47:15.559,1.05471,1.05495,1.38,1.75
2018.04.05 08:47:16.067,1.05473,1.05495,1.00,1.50
2018.04.05 08:47:16.492,1.05475,1.05495,1.00,1.50
2018.04.05 08:47:17.009,1.05475,1.05496,1.13,1.50
2018.04.05 08:47:17.718,1.05475,1.05496,1.00,2.25
2018.04.05 08:47:20.763,1.05475,1.05496,1.13,1.12
2018.04.05 08:47:21.302,1.05476,1.05497,1.00,2.62
2018.04.05 08:47:21.809,1.05476,1.05496,1.00,1.12
2018.04.05 08:47:22.289,1.0548,1.05496,1.00,1.12
2018.04.05 08:47:22.834,1.05475,1.05497,1.88,1.87
2018.04.05 08:47:23.505,1.05475,1.05497,1.88,3.00
2018.04.05 08:47:24.554,1.05475,1.05497,1.88,2.63
2018.04.05 08:47:26.122,1.05475,1.05497,1.69,1.50
2018.04.05 08:47:26.227,1.05475,1.05497,1.69,1.87
2018.04.05 08:47:26.396,1.05476,1.05497,1.00,2.25
2018.04.05 08:47:27.867,1.05476,1.05497,1.25,3.75
2018.04.05 08:47:28.513,1.05476,1.05497,1.25,3.38
2018.04.05 08:47:28.666,1.05475,1.05497,1.44,1.12
2018.04.05 08:47:29.206,1.05475,1.05496,1.25,1.12
2018.04.05 08:47:30.204,1.05473,1.05496,1.88,2.25
2018.04.05 08:47:30.520,1.05474,1.05493,1.00,1.37
2018.04.05 08:47:30.571,1.05469,1.0549,3.56,1.50
2018.04.05 08:47:30.623,1.05469,1.05489,2.06,1.75
2018.04.05 08:47:30.856,1.05465,1.05488,2.44,1.87
2018.04.05 08:47:30.907,1.05465,1.05486,3.19,1.50
2018.04.05 08:47:31.262,1.05465,1.05485,1.63,1.00
2018.04.05 08:47:31.415,1.05468,1.05489,2.81,1.87
2018.04.05 08:47:31.466,1.0547,1.05489,1.25,1.12
2018.04.05 08:47:31.632,1.05471,1.05491,1.00,1.00
2018.04.05 08:47:32.089,1.05468,1.05491,3.75,1.12
2018.04.05 08:47:32.504,1.05468,1.05491,3.00,1.50
2018.04.05 08:47:32.691,1.05468,1.05491,1.13,1.87
2018.04.05 08:47:33.376,1.05467,1.05491,2.63,1.37
2018.04.05 08:47:34.730,1.05468,1.05491,1.63,1.37
2018.04.05 08:47:35.276,1.05468,1.05489,1.13,1.12
2018.04.05 08:47:35.479,1.05466,1.05485,1.00,1.00
2018.04.05 08:47:35.784,1.05464,1.05485,1.63,1.50
2018.04.05 08:47:36.306,1.05464,1.05485,1.81,1.37
2018.04.05 08:47:36.844,1.05464,1.05485,1.25,2.25
2018.04.05 08:47:36.997,1.05463,1.05485,2.06,2.25
2018.04.05 08:47:37.531,1.05463,1.05485,1.88,1.50
2018.04.05 08:47:38.196,1.05462,1.05484,3.00,1.37
2018.04.05 08:47:39.078,1.05471,1.05485,1.00,1.50
2018.04.05 08:47:39.609,1.05463,1.05485,1.50,1.50
2018.04.05 08:47:40.779,1.05463,1.05485,1.63,1.50
2018.04.05 08:47:41.486,1.05463,1.05485,1.50,1.50
2018.04.05 08:47:42.162,1.05463,1.05485,1.38,1.50
2018.04.05 08:47:42.701,1.05463,1.05485,1.63,1.50
2018.04.05 08:47:43.209,1.05463,1.05485,1.44,1.50
2018.04.05 08:47:43.481,1.05462,1.05485,2.25,2.25
2018.04.05 08:47:43.532,1.05462,1.05483,2.25,1.12
2018.04.05 08:47:44.044,1.05462,1.05482,1.38,1.50
2018.04.05 08:47:44.624,1.05462,1.05483,1.69,1.50
2018.04.05 08:47:44.676,1.05462,1.05483,1.50,1.50
2018.04.05 08:47:44.728,1.05462,1.05483,1.38,1.50
2018.04.05 08:47:44.881,1.05462,1.05483,1.44,1.50
2018.04.05 08:47:45.415,1.05462,1.05483,1.50,1.12
2018.04.05 08:47:46.067,1.05462,1.05483,2.06,1.87
2018.04.05 08:47:46.480,1.05462,1.05483,1.44,1.12
2018.04.05 08:47:46.703,1.05462,1.05483,1.69,1.12
2018.04.05 08:47:47.020,1.05462,1.05483,1.50,1.12
2018.04.05 08:47:47.490,1.05462,1.05483,2.44,1.87
2018.04.05 08:47:47.794,1.05462,1.05483,1.50,1.12
2018.04.05 08:47:48.330,1.05462,1.05483,2.25,1.87
2018.04.05 08:47:48.874,1.05464,1.05483,1.50,1.00
2018.04.05 08:47:48.977,1.05464,1.05483,1.50,1.00
2018.04.05 08:47:49.028,1.05464,1.05484,1.38,1.12
2018.04.05 08:47:49.532,1.05464,1.05484,1.38,1.12
2018.04.05 08:47:50.050,1.05463,1.05484,2.00,1.12
2018.04.05 08:47:50.561,1.05463,1.05484,1.81,1.00
2018.04.05 08:47:53.257,1.05461,1.05484,2.44,1.37
2018.04.05 08:47:53.656,1.05463,1.05483,1.00,1.12
2018.04.05 08:47:54.259,1.05461,1.05483,2.63,1.12
2018.04.05 08:47:54.777,1.05461,1.05483,2.44,1.12
2018.04.05 08:47:55.333,1.05463,1.05483,1.50,1.12
2018.04.05 08:47:55.877,1.05463,1.05483,1.31,1.12
2018.04.05 08:47:56.388,1.05463,1.05482,1.31,1.12
2018.04.05 08:47:56.584,1.05459,1.05481,2.62,1.00
2018.04.05 08:47:56.636,1.05459,1.05481,2.06,1.50
2018.04.05 08:47:56.897,1.05457,1.05477,2.44,1.12
2018.04.05 08:47:57.000,1.05458,1.05479,1.19,2.25
2018.04.05 08:47:57.647,1.05457,1.05479,2.81,2.25
2018.04.05 08:47:58.182,1.05457,1.05479,1.38,2.25
2018.04.05 08:47:58.731,1.05457,1.0548,1.63,2.44
2018.04.05 08:47:59.256,1.05457,1.0548,2.06,1.69
2018.04.05 08:47:59.789,1.05457,1.05479,1.38,1.87
2018.04.05 08:47:59.840,1.05456,1.05479,3.56,1.87
2018.04.05 08:48:00.094,1.05456,1.05479,2.06,1.87
2018.04.05 08:48:00.652,1.05456,1.05479,1.56,2.25
2018.04.05 08:48:01.156,1.05455,1.05476,2.81,1.00
2018.04.05 08:48:01.462,1.05462,1.05478,1.00,1.50
2018.04.05 08:48:01.751,1.05456,1.05478,1.50,1.50
2018.04.05 08:48:02.083,1.05456,1.05478,1.63,1.50
2018.04.05 08:48:02.433,1.05456,1.05478,1.81,1.50
2018.04.05 08:48:02.838,1.05455,1.05477,3.00,1.12
2018.04.05 08:48:02.941,1.05455,1.05477,3.00,1.12
2018.04.05 08:48:03.043,1.05455,1.05477,3.00,1.12
2018.04.05 08:48:03.197,1.05456,1.05477,1.50,1.12
2018.04.05 08:48:03.504,1.05456,1.05477,2.06,1.12
2018.04.05 08:48:04.566,1.05456,1.05477,2.25,1.12
2018.04.05 08:48:05.116,1.05455,1.05477,1.81,1.87
2018.04.05 08:48:05.625,1.05455,1.05476,1.81,1.00
2018.04.05 08:48:06.134,1.05455,1.05477,1.81,1.87
2018.04.05 08:48:06.645,1.05455,1.05478,1.81,1.87
2018.04.05 08:48:06.850,1.05455,1.05476,3.00,1.00
2018.04.05 08:48:07.096,1.05455,1.05478,1.81,1.87
2018.04.05 08:48:07.199,1.05455,1.05476,3.00,1.00
2018.04.05 08:48:07.758,1.05455,1.05477,1.81,1.12
2018.04.05 08:48:08.297,1.05455,1.05478,3.00,1.50
2018.04.05 08:48:08.846,1.05457,1.05478,1.44,1.12
2018.04.05 08:48:09.366,1.05457,1.05478,1.12,1.87
2018.04.05 08:48:09.905,1.05457,1.05478,1.31,1.87
2018.04.05 08:48:10.418,1.05457,1.05478,1.31,2.25
2018.04.05 08:48:10.994,1.05457,1.05478,1.63,2.25
2018.04.05 08:48:11.403,1.05457,1.05478,1.31,2.25
2018.04.05 08:48:11.717,1.05457,1.05478,1.63,2.25
2018.04.05 08:48:12.254,1.05457,1.05478,1.31,2.25
2018.04.05 08:48:12.805,1.05457,1.05478,1.56,2.25
2018.04.05 08:48:13.321,1.05457,1.05478,1.63,2.25
2018.04.05 08:48:13.830,1.05457,1.05478,1.31,1.87
2018.04.05 08:48:14.700,1.05457,1.05478,1.31,1.87
2018.04.05 08:48:15.541,1.05456,1.05478,2.06,1.12
2018.04.05 08:48:15.592,1.05456,1.05478,2.06,1.12
2018.04.05 08:48:15.695,1.05455,1.05476,1.56,1.00
2018.04.05 08:48:16.079,1.05457,1.05478,1.63,1.37
2018.04.05 08:48:16.130,1.05456,1.05479,2.06,1.50
2018.04.05 08:48:16.181,1.05457,1.05478,2.06,1.87
2018.04.05 08:48:16.233,1.05457,1.05477,1.88,1.12
2018.04.05 08:48:16.284,1.05457,1.05478,1.88,1.37
2018.04.05 08:48:16.793,1.05456,1.05479,3.94,1.87
2018.04.05 08:48:17.305,1.05456,1.05479,3.19,1.87
2018.04.05 08:48:17.820,1.05457,1.05478,2.06,1.00
2018.04.05 08:48:18.344,1.05456,1.05478,3.75,1.12
2018.04.05 08:48:18.890,1.05457,1.05478,2.81,1.87
2018.04.05 08:48:19.797,1.05456,1.05478,3.75,1.12
2018.04.05 08:48:20.455,1.05456,1.05478,3.75,1.12
2018.04.05 08:48:20.506,1.05457,1.05478,2.81,1.87
2018.04.05 08:48:20.557,1.05457,1.05478,3.00,1.87
2018.04.05 08:48:20.811,1.05456,1.05478,3.75,1.12
2018.04.05 08:48:20.862,1.05456,1.05478,3.75,1.12
2018.04.05 08:48:21.375,1.05457,1.05478,3.00,1.50
2018.04.05 08:48:21.925,1.05457,1.05478,3.00,1.50
2018.04.05 08:48:22.713,1.05456,1.05478,3.75,1.00
2018.04.05 08:48:22.865,1.05457,1.05478,3.00,1.50
2018.04.05 08:48:23.622,1.05457,1.05478,2.81,1.00
2018.04.05 08:48:24.218,1.05457,1.05478,2.81,1.00
2018.04.05 08:48:24.735,1.05456,1.0548,4.31,1.37
2018.04.05 08:48:25.286,1.05457,1.0548,2.25,1.87
2018.04.05 08:48:25.818,1.05456,1.0548,3.00,1.00
2018.04.05 08:48:26.355,1.05457,1.0548,2.06,1.50
2018.04.05 08:48:26.456,1.05458,1.0548,1.50,1.50
2018.04.05 08:48:26.964,1.05458,1.0548,1.38,1.00
2018.04.05 08:48:27.175,1.05458,1.0548,1.25,1.50
2018.04.05 08:48:27.227,1.05458,1.0548,1.38,1.00
2018.04.05 08:48:28.104,1.05458,1.0548,1.19,1.50
2018.04.05 08:48:28.411,1.05458,1.0548,1.44,2.25
2018.04.05 08:48:28.925,1.05458,1.0548,1.44,2.25
2018.04.05 08:48:29.882,1.05458,1.0548,1.44,1.50
2018.04.05 08:48:30.415,1.05458,1.0548,1.38,1.50
2018.04.05 08:48:31.061,1.05458,1.0548,1.44,2.25
2018.04.05 08:48:31.573,1.05458,1.05479,1.38,1.37
2018.04.05 08:48:32.086,1.05458,1.05479,1.38,1.37
2018.04.05 08:48:32.265,1.05458,1.05479,1.44,1.37
2018.04.05 08:48:32.790,1.05458,1.05479,1.38,1.37
2018.04.05 08:48:33.734,1.05458,1.0548,1.38,2.25
2018.04.05 08:48:34.381,1.05458,1.05479,1.38,1.37
2018.04.05 08:48:35.095,1.05458,1.05479,1.44,1.37
2018.04.05 08:48:35.640,1.05458,1.0548,1.25,2.25
2018.04.05 08:48:35.691,1.05458,1.0548,1.38,1.50
2018.04.05 08:48:35.794,1.05458,1.0548,1.31,2.25
2018.04.05 08:48:35.845,1.05458,1.0548,1.38,2.25
2018.04.05 08:48:36.407,1.05458,1.0548,1.44,2.25
2018.04.05 08:48:36.824,1.05458,1.0548,1.63,1.50
2018.04.05 08:48:36.977,1.05458,1.0548,1.63,1.50
2018.04.05 08:48:37.080,1.05458,1.0548,1.38,1.50
2018.04.05 08:48:37.437,1.05458,1.0548,1.44,1.50
2018.04.05 08:48:37.994,1.05458,1.0548,1.63,2.25
2018.04.05 08:48:38.148,1.05458,1.0548,1.31,1.50
2018.04.05 08:48:38.200,1.05458,1.0548,1.63,1.50
2018.04.05 08:48:38.251,1.05458,1.0548,1.63,1.50
2018.04.05 08:48:38.692,1.05458,1.0548,1.63,2.25
2018.04.05 08:48:38.947,1.05458,1.0548,1.31,2.25
2018.04.05 08:48:39.303,1.05462,1.05481,1.00,2.25
2018.04.05 08:48:39.838,1.05458,1.05481,1.44,1.87
2018.04.05 08:48:40.340,1.05458,1.05481,1.38,2.06
2018.04.05 08:48:40.544,1.05458,1.0548,1.31,1.00
2018.04.05 08:48:40.693,1.05458,1.0548,1.38,1.00
2018.04.05 08:48:41.254,1.05458,1.05481,1.38,2.06
2018.04.05 08:48:41.785,1.05458,1.0548,1.38,1.00
2018.04.05 08:48:42.290,1.05458,1.0548,1.38,1.37
2018.04.05 08:48:43.146,1.05458,1.05481,1.44,2.44
2018.04.05 08:48:44.373,1.05458,1.0548,1.31,1.37
2018.04.05 08:48:45.210,1.05458,1.05481,1.38,2.44
2018.04.05 08:48:45.925,1.05458,1.0548,1.13,1.37
2018.04.05 08:48:46.471,1.05458,1.05481,1.31,2.44
2018.04.05 08:48:47.131,1.05458,1.05481,1.25,2.25
2018.04.05 08:48:47.485,1.05458,1.05481,1.38,2.63
2018.04.05 08:48:47.792,1.05458,1.05479,1.13,1.00
2018.04.05 08:48:47.893,1.05458,1.05477,1.00,1.00
2018.04.05 08:48:49.244,1.05458,1.05478,1.13,1.87
2018.04.05 08:48:49.771,1.05458,1.05477,1.00,1.00
2018.04.05 08:48:50.078,1.05456,1.05478,1.50,1.12
2018.04.05 08:48:50.290,1.05456,1.05478,1.63,1.12
2018.04.05 08:48:50.392,1.05456,1.05478,1.56,1.12
2018.04.05 08:48:50.616,1.05456,1.05477,1.63,1.00
2018.04.05 08:48:51.151,1.05456,1.05477,1.63,1.00
2018.04.05 08:48:51.203,1.05455,1.05475,1.63,1.00
2018.04.05 08:48:51.305,1.05455,1.05476,1.63,1.00
2018.04.05 08:48:51.715,1.05455,1.05476,2.06,1.00
2018.04.05 08:48:51.917,1.05455,1.05476,2.06,1.00
2018.04.05 08:48:52.251,1.05455,1.05474,2.06,1.00
2018.04.05 08:48:52.757,1.05455,1.05475,1.63,1.00
2018.04.05 08:48:53.283,1.05455,1.05475,1.56,1.00
2018.04.05 08:48:54.074,1.05455,1.05474,1.56,1.00
2018.04.05 08:48:54.641,1.05455,1.05475,2.06,1.00
2018.04.05 08:48:55.101,1.05455,1.05477,1.56,1.87
2018.04.05 08:48:55.655,1.05457,1.05476,1.44,1.00
2018.04.05 08:48:56.202,1.05457,1.05477,1.31,1.12
2018.04.05 08:48:56.753,1.05457,1.05477,1.31,1.00
2018.04.05 08:48:57.435,1.05457,1.05477,1.12,1.12
2018.04.05 08:48:58.352,1.05457,1.05477,1.44,1.12
2018.04.05 08:48:58.861,1.05457,1.05477,1.25,1.12
2018.04.05 08:48:59.381,1.05457,1.05476,1.00,1.00
2018.04.05 08:49:00.180,1.05457,1.05478,1.44,2.63
2018.04.05 08:49:00.690,1.05457,1.05477,1.25,1.12
2018.04.05 08:49:01.199,1.05457,1.05478,1.50,1.50
2018.04.05 08:49:01.709,1.05457,1.05477,1.25,1.00
2018.04.05 08:49:02.361,1.05457,1.05477,1.44,1.00
2018.04.05 08:49:02.908,1.05457,1.05478,1.44,1.00
2018.04.05 08:49:03.418,1.05457,1.05477,1.13,1.00
2018.04.05 08:49:03.961,1.05457,1.05478,1.25,1.00
2018.04.05 08:49:04.489,1.05457,1.05477,1.50,1.00
2018.04.05 08:49:05.018,1.05457,1.05478,1.44,1.00
2018.04.05 08:49:05.582,1.05457,1.05478,1.25,1.87
2018.04.05 08:49:06.092,1.05457,1.05479,1.19,1.63
2018.04.05 08:49:06.866,1.05457,1.05479,1.31,1.12
2018.04.05 08:49:07.392,1.05457,1.05479,1.31,1.37
2018.04.05 08:49:07.798,1.05457,1.05478,1.38,1.00
2018.04.05 08:49:08.346,1.05457,1.05479,1.63,1.12
2018.04.05 08:49:08.862,1.05457,1.05479,1.38,1.12
2018.04.05 08:49:09.395,1.05457,1.05479,1.63,1.37
2018.04.05 08:49:10.210,1.05457,1.05478,1.63,1.12
2018.04.05 08:49:10.735,1.05457,1.05478,1.63,1.12
2018.04.05 08:49:11.809,1.05457,1.05479,1.38,1.12
2018.04.05 08:49:12.178,1.05457,1.05479,1.38,2.00
2018.04.05 08:49:12.330,1.05457,1.0548,1.44,1.75
2018.04.05 08:49:12.931,1.05457,1.05476,1.25,1.12
2018.04.05 08:49:13.107,1.05457,1.05476,1.63,1.12
2018.04.05 08:49:13.261,1.05457,1.05476,1.25,1.00
2018.04.05 08:49:13.831,1.05457,1.05476,1.44,1.00
2018.04.05 08:49:14.087,1.05457,1.05477,1.13,1.00
2018.04.05 08:49:14.215,1.05457,1.05476,1.38,1.00
2018.04.05 08:49:14.759,1.05457,1.05476,1.44,1.00
2018.04.05 08:49:15.495,1.05457,1.05477,1.63,1.00
2018.04.05 08:49:16.032,1.05457,1.05476,1.38,1.00
2018.04.05 08:49:16.582,1.05457,1.05476,1.63,1.00
2018.04.05 08:49:17.251,1.05457,1.05476,1.38,1.00
2018.04.05 08:49:18.153,1.05457,1.05476,1.38,1.00
2018.04.05 08:49:18.435,1.05457,1.05476,1.50,1.00
2018.04.05 08:49:18.605,1.05457,1.05476,1.38,1.00
2018.04.05 08:49:18.707,1.05457,1.05476,1.50,1.00
2018.04.05 08:49:19.248,1.05457,1.05477,1.50,1.00
2018.04.05 08:49:19.775,1.05457,1.05476,1.50,1.00
2018.04.05 08:49:20.308,1.05457,1.05475,1.50,1.00
2018.04.05 08:49:20.926,1.05457,1.05475,1.44,1.00
2018.04.05 08:49:21.388,1.05457,1.05475,1.38,1.00
2018.04.05 08:49:21.642,1.05457,1.05476,1.44,1.00
2018.04.05 08:49:22.190,1.05457,1.05475,1.25,1.00
2018.04.05 08:49:22.948,1.05457,1.05476,1.13,1.00
2018.04.05 08:49:23.155,1.05457,1.05478,1.00,1.50
2018.04.05 08:49:23.514,1.05457,1.05479,1.31,1.87
2018.04.05 08:49:23.566,1.05457,1.05479,1.25,1.87
2018.04.05 08:49:23.771,1.05457,1.05478,1.63,1.00
2018.04.05 08:49:24.306,1.05457,1.05478,1.31,1.00
2018.04.05 08:49:24.661,1.05466,1.05478,1.00,1.00
2018.04.05 08:49:25.155,1.05457,1.05478,1.44,1.12
2018.04.05 08:49:25.880,1.05457,1.05479,1.88,1.37
2018.04.05 08:49:25.983,1.05457,1.05479,1.88,1.37
2018.04.05 08:49:26.086,1.05457,1.05479,1.88,1.37
2018.04.05 08:49:26.239,1.05457,1.05479,1.88,1.37
2018.04.05 08:49:26.443,1.05457,1.05479,1.88,1.50
2018.04.05 08:49:26.612,1.05457,1.05479,1.69,1.37
2018.04.05 08:49:27.205,1.05457,1.05479,1.88,1.50
2018.04.05 08:49:27.736,1.05457,1.05479,1.38,1.37
2018.04.05 08:49:28.272,1.05456,1.0548,1.69,2.25
2018.04.05 08:49:28.323,1.05457,1.05479,1.38,1.12
2018.04.05 08:49:28.425,1.05457,1.05479,1.38,1.12
2018.04.05 08:49:28.891,1.05457,1.05479,1.63,1.12
2018.04.05 08:49:28.993,1.05457,1.05479,1.63,1.12
2018.04.05 08:49:29.249,1.05457,1.05479,1.63,1.12
2018.04.05 08:49:29.447,1.05457,1.05479,1.63,1.12
2018.04.05 08:49:29.600,1.05457,1.0548,1.44,2.62
2018.04.05 08:49:29.854,1.05455,1.05476,1.81,1.12
2018.04.05 08:49:29.955,1.05453,1.05477,2.25,1.75
2018.04.05 08:49:30.139,1.05453,1.05477,2.25,2.62
2018.04.05 08:49:30.704,1.05453,1.05477,2.25,1.50
2018.04.05 08:49:30.807,1.05454,1.05473,1.50,1.00
2018.04.05 08:49:30.960,1.05454,1.05475,1.75,1.12
2018.04.05 08:49:31.471,1.05455,1.05474,1.56,1.00
2018.04.05 08:49:31.805,1.05455,1.05474,1.69,1.00
2018.04.05 08:49:31.907,1.05455,1.05475,1.56,1.12
2018.04.05 08:49:32.438,1.05453,1.05476,3.00,1.37
2018.04.05 08:49:32.970,1.05455,1.05473,1.81,1.00
2018.04.05 08:49:34.279,1.05455,1.05473,1.56,1.00
2018.04.05 08:49:34.813,1.05455,1.05473,1.81,1.00
2018.04.05 08:49:35.059,1.05455,1.05473,1.56,1.00
2018.04.05 08:49:35.416,1.05455,1.05473,1.81,1.00
2018.04.05 08:49:35.826,1.05455,1.05475,1.81,1.12
2018.04.05 08:49:36.864,1.05454,1.05476,1.81,1.37
2018.04.05 08:49:37.017,1.05455,1.05473,1.56,1.00
2018.04.05 08:49:37.905,1.05455,1.05473,1.56,1.00
2018.04.05 08:49:38.468,1.05455,1.05473,1.63,1.00
2018.04.05 08:49:39.033,1.05454,1.05474,1.75,1.00
2018.04.05 08:49:39.555,1.05454,1.05475,2.25,1.12
2018.04.05 08:49:40.262,1.05458,1.05478,1.13,1.12
2018.04.05 08:49:40.467,1.05458,1.05476,1.19,1.00
2018.04.05 08:49:41.003,1.05458,1.05476,1.25,1.00
2018.04.05 08:49:41.547,1.05456,1.05475,2.81,1.00
2018.04.05 08:49:42.111,1.05456,1.05476,2.25,1.00
2018.04.05 08:49:42.803,1.05456,1.05476,2.06,1.00
2018.04.05 08:49:43.341,1.05456,1.05476,2.25,1.00
2018.04.05 08:49:43.897,1.05456,1.05476,2.06,1.00
2018.04.05 08:49:44.432,1.05456,1.05476,2.25,1.00
2018.04.05 08:49:44.972,1.05456,1.05476,2.06,1.00
2018.04.05 08:49:45.479,1.05457,1.05475,1.88,1.00
2018.04.05 08:49:46.055,1.05457,1.05475,1.88,1.00
2018.04.05 08:49:46.157,1.05457,1.05475,1.88,1.00
2018.04.05 08:49:46.673,1.05457,1.05475,1.88,1.00
2018.04.05 08:49:47.246,1.05457,1.05476,1.38,1.00
2018.04.05 08:49:47.753,1.05457,1.05475,1.25,1.00
2018.04.05 08:49:47.857,1.05457,1.05472,1.38,1.00
2018.04.05 08:49:48.367,1.05457,1.05473,1.44,1.00
2018.04.05 08:49:48.874,1.05457,1.05472,1.38,1.00
2018.04.05 08:49:49.383,1.05457,1.05472,1.19,1.00
2018.04.05 08:49:49.433,1.05457,1.05475,1.44,1.00
2018.04.05 08:49:49.991,1.05457,1.05476,1.25,1.00
2018.04.05 08:49:50.197,1.05457,1.05479,1.12,1.50
2018.04.05 08:49:50.569,1.05457,1.05479,1.38,1.69
2018.04.05 08:49:51.060,1.05457,1.05478,1.13,1.12
2018.04.05 08:49:51.419,1.05459,1.05478,1.25,1.12
2018.04.05 08:49:51.932,1.05459,1.05479,1.25,1.12
2018.04.05 08:49:52.433,1.05459,1.05478,1.00,1.00
2018.04.05 08:49:52.952,1.05459,1.05478,1.25,1.50
2018.04.05 08:49:53.461,1.05456,1.05479,1.63,1.69
2018.04.05 08:49:53.970,1.05456,1.05478,2.06,1.12
2018.04.05 08:49:54.641,1.05456,1.05478,2.06,1.12
2018.04.05 08:49:55.219,1.05456,1.05478,2.06,1.12
2018.04.05 08:49:55.729,1.05457,1.05478,1.44,1.50
2018.04.05 08:49:56.072,1.05457,1.05479,1.31,1.12
2018.04.05 08:49:56.123,1.05457,1.05479,1.56,1.12
2018.04.05 08:49:56.328,1.05457,1.05479,1.63,1.37
2018.04.05 08:49:56.909,1.05457,1.05478,1.75,1.12
2018.04.05 08:49:58.683,1.05456,1.05479,3.00,1.37
2018.04.05 08:49:59.221,1.05456,1.05479,3.19,1.37
2018.04.05 08:49:59.768,1.05456,1.05479,2.25,1.37
2018.04.05 08:50:00.173,1.05456,1.0548,2.44,2.25
2018.04.05 08:50:00.481,1.05464,1.05479,1.00,1.63
2018.04.05 08:50:01.053,1.05457,1.05478,1.50,1.12
2018.04.05 08:50:01.747,1.05458,1.05478,1.00,1.12
2018.04.05 08:50:01.900,1.05457,1.05478,1.75,1.12
2018.04.05 08:50:02.308,1.05456,1.05479,2.25,1.37
2018.04.05 08:50:02.813,1.05456,1.0548,2.25,2.44
2018.04.05 08:50:03.463,1.05457,1.05479,1.50,1.37
2018.04.05 08:50:03.719,1.05457,1.05479,1.50,1.63
2018.04.05 08:50:03.902,1.05457,1.05479,1.50,1.37
2018.04.05 08:50:04.265,1.05457,1.05479,1.50,1.63
2018.04.05 08:50:04.442,1.05458,1.05479,1.00,1.37
2018.04.05 08:50:04.774,1.05457,1.05479,1.50,1.63
2018.04.05 08:50:04.826,1.05457,1.05479,1.50,1.37
2018.04.05 08:50:05.335,1.05457,1.05479,1.75,1.63
2018.04.05 08:50:05.884,1.05457,1.05479,1.75,1.63
2018.04.05 08:50:06.114,1.05457,1.05479,1.81,1.37
2018.04.05 08:50:06.319,1.05457,1.05478,1.38,1.50
2018.04.05 08:50:06.499,1.05456,1.05479,1.88,1.75
2018.04.05 08:50:06.716,1.05455,1.05475,1.00,1.00
2018.04.05 08:50:06.767,1.05455,1.05472,1.19,1.00
2018.04.05 08:50:07.075,1.05455,1.05469,1.00,1.00
2018.04.05 08:50:07.280,1.05452,1.0547,1.88,1.00
2018.04.05 08:50:07.452,1.05453,1.05472,1.63,1.75
2018.04.05 08:50:07.555,1.05452,1.05472,1.44,1.00
2018.04.05 08:50:07.863,1.05453,1.05473,2.06,1.37
2018.04.05 08:50:07.915,1.05452,1.05473,2.06,1.37
2018.04.05 08:50:08.374,1.05453,1.05473,1.31,1.37
2018.04.05 08:50:08.592,1.05453,1.05473,1.31,1.37
2018.04.05 08:50:09.104,1.05452,1.05473,2.25,1.12
2018.04.05 08:50:09.798,1.05452,1.05473,2.06,1.12
2018.04.05 08:50:10.365,1.05452,1.05473,2.25,1.50
2018.04.05 08:50:11.129,1.05452,1.05474,1.31,2.25
2018.04.05 08:50:11.717,1.05452,1.05471,1.00,1.12
2018.04.05 08:50:11.872,1.05452,1.0547,1.44,1.00
2018.04.05 08:50:12.250,1.05451,1.05473,1.69,1.12
2018.04.05 08:50:12.426,1.05458,1.05477,1.25,1.00
2018.04.05 08:50:12.936,1.05459,1.05477,1.00,1.00
2018.04.05 08:50:13.454,1.05457,1.05477,1.44,1.00
2018.04.05 08:50:13.968,1.05457,1.05477,1.31,1.00
2018.04.05 08:50:14.500,1.05456,1.05478,2.25,1.00
2018.04.05 08:50:15.016,1.05457,1.05478,1.63,1.00
2018.04.05 08:50:15.575,1.05457,1.05478,1.12,1.12
2018.04.05 08:50:15.740,1.05457,1.05478,1.63,1.12
2018.04.05 08:50:16.157,1.05457,1.05478,1.31,1.12
2018.04.05 08:50:16.259,1.05457,1.05478,1.63,1.12
2018.04.05 08:50:16.808,1.05457,1.05478,1.13,1.12
2018.04.05 08:50:17.343,1.05456,1.05478,2.81,1.12
2018.04.05 08:50:17.943,1.05456,1.05478,1.88,1.12
2018.04.05 08:50:18.279,1.05456,1.05478,2.06,1.12
2018.04.05 08:50:18.485,1.05456,1.05478,2.06,1.12
2018.04.05 08:50:18.689,1.05456,1.05478,2.06,1.12
2018.04.05 08:50:19.205,1.05456,1.05478,2.06,1.12
2018.04.05 08:50:19.546,1.05462,1.05478,1.00,1.12
2018.04.05 08:50:19.759,1.05456,1.05479,1.63,1.37
2018.04.05 08:50:20.370,1.05456,1.05479,1.63,1.37
2018.04.05 08:50:20.527,1.05456,1.05478,2.25,1.12
2018.04.05 08:50:21.022,1.05456,1.05478,1.88,1.12
2018.04.05 08:50:22.048,1.05456,1.05478,2.25,1.12
2018.04.05 08:50:22.571,1.05456,1.05478,2.25,1.12
2018.04.05 08:50:23.147,1.05456,1.05478,2.25,1.12
2018.04.05 08:50:23.693,1.05456,1.05479,1.38,1.88
2018.04.05 08:50:24.278,1.05457,1.05479,1.50,1.50
2018.04.05 08:50:24.380,1.05456,1.0548,1.88,2.25
2018.04.05 08:50:24.902,1.05457,1.05481,1.38,2.44
2018.04.05 08:50:25.259,1.05458,1.05481,1.37,2.25
2018.04.05 08:50:25.764,1.05459,1.0548,1.12,1.50
2018.04.05 08:50:26.321,1.05459,1.0548,1.31,1.50
2018.04.05 08:50:26.799,1.05459,1.0548,1.31,1.12
2018.04.05 08:50:27.359,1.05459,1.05481,1.12,1.87
2018.04.05 08:50:28.167,1.05459,1.0548,2.25,1.12
2018.04.05 08:50:28.860,1.05457,1.05481,3.56,1.87
2018.04.05 08:50:29.384,1.05458,1.0548,2.06,1.00
2018.04.05 08:50:29.843,1.05458,1.05479,1.25,1.00
2018.04.05 08:50:30.271,1.0546,1.0548,1.00,1.12
2018.04.05 08:50:30.631,1.0546,1.05478,1.00,1.00
2018.04.05 08:50:30.937,1.0546,1.05475,1.00,1.00
2018.04.05 08:50:31.448,1.0546,1.05476,1.00,1.00
2018.04.05 08:50:31.982,1.0546,1.05475,1.00,1.00
2018.04.05 08:50:32.678,1.0546,1.05476,1.00,1.00
2018.04.05 08:50:33.294,1.0546,1.05475,1.00,1.00
2018.04.05 08:50:33.803,1.0546,1.05476,1.00,1.00
2018.04.05 08:50:35.408,1.0546,1.05475,1.00,1.00
2018.04.05 08:50:35.511,1.05456,1.05477,1.25,1.12
2018.04.05 08:50:35.562,1.05456,1.05475,1.25,1.00
2018.04.05 08:50:36.265,1.05456,1.05475,1.44,1.00
2018.04.05 08:50:36.798,1.05456,1.05476,1.44,1.00
2018.04.05 08:50:37.370,1.05456,1.05478,1.25,1.37
2018.04.05 08:50:37.878,1.05456,1.05476,1.25,1.00
2018.04.05 08:50:38.454,1.05456,1.05476,1.50,1.00
2018.04.05 08:50:38.994,1.05456,1.05476,1.12,1.00
2018.04.05 08:50:39.404,1.05456,1.05477,1.50,1.12
2018.04.05 08:50:39.946,1.05456,1.05476,1.50,1.00
2018.04.05 08:50:40.452,1.05456,1.05477,1.50,1.00
2018.04.05 08:50:41.026,1.05456,1.05476,1.50,1.00
2018.04.05 08:50:41.534,1.05456,1.05476,1.12,1.00
2018.04.05 08:50:42.054,1.05456,1.05477,1.50,1.00
2018.04.05 08:50:42.574,1.05456,1.05477,1.12,1.00
2018.04.05 08:50:43.119,1.05456,1.05476,1.50,1.12
2018.04.05 08:50:43.476,1.05456,1.0548,2.81,1.12
2018.04.05 08:50:43.528,1.05456,1.0548,3.00,1.31
2018.04.05 08:50:44.067,1.05459,1.05479,1.25,1.00
2018.04.05 08:50:44.606,1.05459,1.05478,1.00,1.00
2018.04.05 08:50:45.455,1.05459,1.05479,1.00,1.12
2018.04.05 08:50:45.963,1.05459,1.05478,2.25,1.00
2018.04.05 08:50:46.487,1.05459,1.05479,1.50,1.12
2018.04.05 08:50:46.839,1.05459,1.05479,2.25,1.50
2018.04.05 08:50:47.905,1.05459,1.0548,1.00,1.63
2018.04.05 08:50:49.480,1.05464,1.0548,1.00,2.25
2018.04.05 08:50:50.020,1.05459,1.05479,1.00,1.37
2018.04.05 08:50:54.642,1.05459,1.0548,1.00,1.88
2018.04.05 08:50:54.694,1.05456,1.05476,1.00,1.37
2018.04.05 08:50:55.031,1.05454,1.05471,1.25,1.00
2018.04.05 08:50:55.559,1.05454,1.05472,1.44,1.00
2018.04.05 08:50:56.091,1.05454,1.05471,1.00,1.00
2018.04.05 08:50:56.621,1.05451,1.05468,1.69,1.00
2018.04.05 08:50:56.774,1.05449,1.05469,1.19,1.12
2018.04.05 08:50:57.281,1.05449,1.05469,1.13,2.25
2018.04.05 08:50:58.338,1.05449,1.05469,2.06,2.25
2018.04.05 08:50:58.860,1.05449,1.05469,1.13,1.50
2018.04.05 08:50:59.486,1.05449,1.05469,1.69,2.25
2018.04.05 08:50:59.896,1.05449,1.05469,1.25,2.25
2018.04.05 08:51:00.101,1.05449,1.0547,2.06,3.37
2018.04.05 08:51:00.341,1.05449,1.0547,1.25,3.37
2018.04.05 08:51:00.766,1.05449,1.0547,1.56,3.37
2018.04.05 08:51:00.935,1.05449,1.05469,1.13,2.25
2018.04.05 08:51:01.468,1.05449,1.05469,1.87,2.25
2018.04.05 08:51:02.560,1.05449,1.05469,1.25,1.50
2018.04.05 08:51:02.712,1.05449,1.0547,1.56,4.12
2018.04.05 08:51:06.410,1.05449,1.0547,1.25,2.62
2018.04.05 08:51:07.025,1.05449,1.05469,1.44,2.25
2018.04.05 08:51:07.564,1.05449,1.05469,1.13,2.25
2018.04.05 08:51:08.191,1.05449,1.05469,1.00,2.62
2018.04.05 08:51:09.086,1.05449,1.05469,1.00,3.00
2018.04.05 08:51:11.594,1.05449,1.05469,1.38,3.00
2018.04.05 08:51:12.447,1.05449,1.05469,1.13,2.25
2018.04.05 08:51:13.195,1.05449,1.05469,1.38,2.25
2018.04.05 08:51:13.728,1.05449,1.05468,1.00,1.37
2018.04.05 08:51:14.778,1.05449,1.05468,1.00,1.12
2018.04.05 08:51:19.368,1.05449,1.05465,1.19,1.00
2018.04.05 08:51:19.988,1.05449,1.05465,1.25,1.00
2018.04.05 08:51:20.597,1.05449,1.05465,1.19,1.00
2018.04.05 08:51:21.019,1.05449,1.05467,1.19,1.00
2018.04.05 08:51:21.545,1.05449,1.05467,1.12,1.00
2018.04.05 08:51:23.075,1.05449,1.05465,1.00,1.00
2018.04.05 08:51:23.688,1.05449,1.05468,1.31,1.12
2018.04.05 08:51:23.995,1.05449,1.05465,1.12,1.00
2018.04.05 08:51:24.435,1.05449,1.0547,1.75,1.12
2018.04.05 08:51:24.981,1.05449,1.05471,1.56,1.00
2018.04.05 08:51:25.555,1.05449,1.05471,2.25,1.00
2018.04.05 08:51:25.760,1.05454,1.05471,1.00,1.00
2018.04.05 08:51:25.863,1.05454,1.05474,1.00,1.00
2018.04.05 08:51:26.142,1.05456,1.05476,1.00,1.12
2018.04.05 08:51:29.335,1.05456,1.05476,1.00,1.69
2018.04.05 08:51:29.387,1.05456,1.05476,1.00,1.31
2018.04.05 08:51:29.489,1.05456,1.05476,1.25,1.75
2018.04.05 08:51:29.840,1.0545,1.0547,1.00,1.75
2018.04.05 08:51:30.703,1.0545,1.05469,1.00,1.12
2018.04.05 08:51:30.874,1.05447,1.05467,2.06,1.00
2018.04.05 08:51:31.179,1.05447,1.05465,2.25,1.00
2018.04.05 08:51:31.790,1.05447,1.05465,1.69,1.00
2018.04.05 08:51:32.407,1.05447,1.05465,2.06,1.00
2018.04.05 08:51:32.662,1.05447,1.05465,1.87,1.00
2018.04.05 08:51:32.713,1.05447,1.05465,2.06,1.00
2018.04.05 08:51:33.629,1.05447,1.05465,1.12,1.00
2018.04.05 08:51:33.839,1.05447,1.05465,1.69,1.00
2018.04.05 08:51:33.890,1.05447,1.05465,1.00,1.00
2018.04.05 08:51:34.087,1.05447,1.05465,1.69,1.00
2018.04.05 08:51:34.138,1.05447,1.05465,1.12,1.00
2018.04.05 08:51:34.317,1.05448,1.05467,1.00,1.00
2018.04.05 08:51:34.369,1.05448,1.05467,1.19,1.00
2018.04.05 08:51:34.698,1.05448,1.05465,1.19,1.00
2018.04.05 08:51:35.845,1.05448,1.05467,1.19,1.00
2018.04.05 08:51:36.831,1.05448,1.05467,1.19,1.00
2018.04.05 08:51:37.138,1.05448,1.05465,1.19,1.00
2018.04.05 08:51:37.240,1.05447,1.05465,1.12,1.00
2018.04.05 08:51:37.750,1.05448,1.05465,1.12,1.00
2018.04.05 08:51:38.295,1.05447,1.05465,1.12,1.00
2018.04.05 08:51:38.470,1.05447,1.05465,2.25,1.00
2018.04.05 08:51:38.573,1.05447,1.05465,1.00,1.00
2018.04.05 08:51:40.218,1.05447,1.05465,1.50,1.00
2018.04.05 08:51:40.755,1.05447,1.05465,2.25,1.00
2018.04.05 08:51:41.012,1.05447,1.05463,1.00,1.00
2018.04.05 08:51:42.575,1.05447,1.05463,1.37,1.00
2018.04.05 08:51:43.101,1.05447,1.05463,1.31,1.00
2018.04.05 08:51:43.903,1.05447,1.05465,1.31,1.37
2018.04.05 08:51:44.451,1.05447,1.05465,1.62,1.37
2018.04.05 08:51:44.984,1.05447,1.05465,1.12,1.37
2018.04.05 08:51:47.180,1.05447,1.05465,1.19,1.37
2018.04.05 08:51:47.776,1.05447,1.05465,1.25,1.37
2018.04.05 08:51:48.463,1.05447,1.05465,1.25,1.00
2018.04.05 08:51:49.506,1.05447,1.05465,1.19,1.00
2018.04.05 08:51:50.046,1.05447,1.05465,1.19,1.50
2018.04.05 08:51:50.556,1.05447,1.05466,1.00,1.75
2018.04.05 08:51:51.212,1.05447,1.05465,1.19,1.50
2018.04.05 08:51:51.825,1.05445,1.05465,1.25,1.50
2018.04.05 08:51:52.207,1.05444,1.05459,1.00,1.00
2018.04.05 08:51:52.363,1.0544,1.05457,1.25,1.12
2018.04.05 08:51:52.906,1.05439,1.05457,1.25,1.87
2018.04.05 08:51:53.008,1.05439,1.05457,1.38,1.87
2018.04.05 08:51:53.517,1.05438,1.05457,1.88,1.87
2018.04.05 08:51:54.105,1.05438,1.05457,1.38,1.87
2018.04.05 08:51:54.970,1.05438,1.05457,1.38,1.87
2018.04.05 08:51:55.758,1.05438,1.05455,1.38,1.00
2018.04.05 08:51:56.238,1.05438,1.05456,1.13,1.12
2018.04.05 08:51:56.396,1.05438,1.05456,1.63,1.12
2018.04.05 08:51:56.601,1.05438,1.05456,1.25,1.12
2018.04.05 08:51:56.753,1.05438,1.05456,1.38,1.12
2018.04.05 08:51:57.158,1.05438,1.05455,1.13,1.00
2018.04.05 08:51:57.259,1.05438,1.05457,1.44,1.87
2018.04.05 08:51:57.361,1.05438,1.05457,1.25,1.87
2018.04.05 08:51:57.970,1.05438,1.05457,1.44,1.37
2018.04.05 08:51:58.173,1.05438,1.05457,1.25,1.87
2018.04.05 08:51:58.586,1.05438,1.0546,2.63,1.50
2018.04.05 08:51:58.895,1.05445,1.05462,1.00,1.00
2018.04.05 08:51:59.985,1.05445,1.05461,1.00,1.12
2018.04.05 08:52:00.087,1.05442,1.05459,1.00,1.12
2018.04.05 08:52:00.363,1.05439,1.05458,1.44,1.00
2018.04.05 08:52:00.974,1.05439,1.05461,1.88,1.50
2018.04.05 08:52:01.026,1.05442,1.05462,1.38,1.50
2018.04.05 08:52:01.566,1.05447,1.05463,1.00,1.00
2018.04.05 08:52:02.080,1.05447,1.05464,1.00,1.00
2018.04.05 08:52:03.515,1.05447,1.05465,1.00,1.00
2018.04.05 08:52:04.036,1.05447,1.05464,1.00,1.00
2018.04.05 08:52:04.652,1.05445,1.05464,1.25,1.00
2018.04.05 08:52:05.159,1.05445,1.05464,1.44,1.00
2018.04.05 08:52:05.312,1.05443,1.05463,2.06,1.12
2018.04.05 08:52:05.860,1.05443,1.05463,1.81,1.12
2018.04.05 08:52:06.412,1.05443,1.05464,1.44,1.87
2018.04.05 08:52:06.924,1.05443,1.05463,1.12,1.50
2018.04.05 08:52:07.739,1.05443,1.05463,1.25,1.37
2018.04.05 08:52:08.487,1.05443,1.05463,1.44,1.37
2018.04.05 08:52:08.997,1.05443,1.05463,1.00,1.37
2018.04.05 08:52:09.747,1.05443,1.05463,1.19,1.37
2018.04.05 08:52:10.333,1.05443,1.05463,1.00,1.12
2018.04.05 08:52:10.996,1.05443,1.05463,1.19,1.12
2018.04.05 08:52:11.520,1.05443,1.05463,1.25,1.12
2018.04.05 08:52:13.775,1.05443,1.05464,1.13,1.87
2018.04.05 08:52:17.516,1.05443,1.05464,1.00,1.50
2018.04.05 08:52:18.032,1.05444,1.05464,1.19,1.50
2018.04.05 08:52:18.605,1.05444,1.05464,1.25,1.50
2018.04.05 08:52:19.685,1.05444,1.05464,1.25,1.12
2018.04.05 08:52:20.118,1.05444,1.05462,1.00,1.00
2018.04.05 08:52:21.011,1.05442,1.05463,1.63,1.00
2018.04.05 08:52:21.520,1.05442,1.05462,1.63,1.00
2018.04.05 08:52:22.086,1.05442,1.05462,1.38,1.00
2018.04.05 08:52:22.392,1.05442,1.05464,1.63,3.37
2018.04.05 08:52:22.926,1.05442,1.05463,1.38,1.00
2018.04.05 08:52:23.605,1.05442,1.05463,1.63,1.50
2018.04.05 08:52:24.146,1.05442,1.05462,1.63,1.00
2018.04.05 08:52:24.649,1.05442,1.05462,1.44,1.12
2018.04.05 08:52:25.202,1.05442,1.05462,1.63,1.12
2018.04.05 08:52:25.871,1.05442,1.05462,1.31,1.12
2018.04.05 08:52:26.384,1.05442,1.05463,1.63,1.12
2018.04.05 08:52:26.905,1.05442,1.05462,2.06,1.00
2018.04.05 08:52:27.418,1.05442,1.05462,1.38,1.00
2018.04.05 08:52:27.967,1.05442,1.05463,1.63,1.00
2018.04.05 08:52:28.542,1.05442,1.05463,1.44,1.00
2018.04.05 08:52:29.049,1.05442,1.05463,1.63,1.50
2018.04.05 08:52:29.749,1.05442,1.05463,1.63,1.50
2018.04.05 08:52:30.275,1.05442,1.05463,1.13,1.00
2018.04.05 08:52:30.807,1.05442,1.05463,1.63,1.00
2018.04.05 08:52:31.351,1.05442,1.05463,1.13,1.50
2018.04.05 08:52:32.038,1.05442,1.05463,1.44,1.00
2018.04.05 08:52:32.645,1.05442,1.05462,1.44,1.00
2018.04.05 08:52:33.166,1.05442,1.05462,1.25,1.00
2018.04.05 08:52:39.280,1.05442,1.0546,1.00,1.00
2018.04.05 08:52:40.683,1.0544,1.05459,1.00,1.50
2018.04.05 08:52:42.106,1.0544,1.05458,1.50,1.00
2018.04.05 08:52:42.310,1.0544,1.0546,1.00,3.00
2018.04.05 08:52:42.900,1.0544,1.05459,1.00,1.00
2018.04.05 08:52:43.432,1.0544,1.0546,1.25,3.00
2018.04.05 08:52:43.938,1.0544,1.05459,1.25,1.00
2018.04.05 08:52:48.485,1.0544,1.0546,1.00,2.25
2018.04.05 08:52:51.527,1.0544,1.05459,1.00,1.87
2018.04.05 08:52:52.118,1.0544,1.05459,1.00,2.62
2018.04.05 08:52:52.694,1.0544,1.05458,1.00,1.25
2018.04.05 08:52:53.193,1.05437,1.05458,1.87,2.44
2018.04.05 08:52:53.737,1.05437,1.05458,1.00,1.00
2018.04.05 08:52:53.993,1.05441,1.05462,1.00,1.12
2018.04.05 08:52:54.352,1.05446,1.05461,1.00,1.12
2018.04.05 08:52:54.908,1.05447,1.05461,1.00,1.87
2018.04.05 08:52:54.960,1.05441,1.05461,1.25,1.12
2018.04.05 08:52:55.469,1.05442,1.05461,1.00,1.87
2018.04.05 08:52:56.150,1.05442,1.05462,1.00,2.62
2018.04.05 08:52:56.659,1.05442,1.05462,1.00,3.94
2018.04.05 08:52:57.215,1.05442,1.05462,1.00,3.94
2018.04.05 08:52:57.923,1.05444,1.05461,1.00,1.50
2018.04.05 08:52:58.459,1.05442,1.05461,1.00,1.50
2018.04.05 08:52:59.718,1.05442,1.05463,1.50,1.87
2018.04.05 08:53:00.293,1.05446,1.05465,1.00,1.87
2018.04.05 08:53:02.725,1.05446,1.05466,1.00,1.12
2018.04.05 08:53:04.205,1.05446,1.05466,1.00,2.62
2018.04.05 08:53:08.206,1.05446,1.05466,1.00,2.62
2018.04.05 08:53:08.721,1.05446,1.05467,1.00,2.62
2018.04.05 08:53:09.455,1.05446,1.05466,1.00,1.37
2018.04.05 08:53:12.217,1.05451,1.05466,1.00,1.87
2018.04.05 08:53:12.720,1.05451,1.05466,1.00,1.50
2018.04.05 08:53:12.771,1.05446,1.05466,1.00,1.00
2018.04.05 08:53:12.876,1.05448,1.05466,1.00,1.50
2018.04.05 08:53:13.425,1.05446,1.05466,1.00,1.50
2018.04.05 08:53:14.130,1.05446,1.05466,1.00,1.87
2018.04.05 08:53:14.779,1.05446,1.05464,1.00,1.50
2018.04.05 08:53:15.084,1.05446,1.05468,1.00,2.44
2018.04.05 08:53:16.174,1.05453,1.05466,1.00,1.87
2018.04.05 08:53:16.696,1.05446,1.05466,1.00,1.12
2018.04.05 08:53:17.332,1.05446,1.05468,1.00,2.25
2018.04.05 08:53:18.799,1.05446,1.05464,1.00,1.00
2018.04.05 08:53:19.328,1.05446,1.05463,1.00,1.00
2018.04.05 08:53:20.112,1.05446,1.05464,1.00,1.50
2018.04.05 08:53:20.776,1.05446,1.05465,1.00,1.00
2018.04.05 08:53:24.661,1.05446,1.05463,1.00,1.00
2018.04.05 08:53:25.182,1.05446,1.05464,1.00,1.50
2018.04.05 08:53:25.708,1.05446,1.05463,1.00,1.00
2018.04.05 08:53:26.342,1.05446,1.05464,1.00,1.00
2018.04.05 08:53:26.853,1.05446,1.05466,1.00,2.62
2018.04.05 08:53:28.133,1.05446,1.05463,1.00,1.00
2018.04.05 08:53:28.694,1.05446,1.05465,1.00,1.12
2018.04.05 08:53:29.227,1.05447,1.05465,1.00,1.50
2018.04.05 08:53:29.801,1.05446,1.05466,1.00,1.87
2018.04.05 08:53:30.351,1.05447,1.05466,1.00,1.87
2018.04.05 08:53:30.968,1.05446,1.05466,1.00,1.37
2018.04.05 08:53:34.821,1.05446,1.05465,1.00,1.37
2018.04.05 08:53:35.081,1.05443,1.05462,1.00,2.25
2018.04.05 08:53:36.208,1.05443,1.05462,1.00,1.87
2018.04.05 08:53:38.416,1.05443,1.05461,1.00,1.37
2018.04.05 08:53:38.467,1.05443,1.05461,1.00,1.00
2018.04.05 08:53:38.623,1.05442,1.05464,1.50,1.37
2018.04.05 08:53:38.727,1.05446,1.05465,1.00,2.25
2018.04.05 08:53:38.848,1.05446,1.05465,1.00,1.00
2018.04.05 08:53:39.428,1.05446,1.05467,1.00,2.62
2018.04.05 08:53:39.965,1.05446,1.05467,1.00,1.50
2018.04.05 08:53:40.512,1.05446,1.05467,1.00,1.87
2018.04.05 08:53:41.581,1.05446,1.05466,1.00,1.50
2018.04.05 08:53:42.114,1.05446,1.05466,1.00,1.50
2018.04.05 08:53:42.215,1.05446,1.05457,1.00,1.00
2018.04.05 08:53:42.367,1.0544,1.05454,1.00,1.00
2018.04.05 08:53:42.421,1.05439,1.0545,1.00,1.00
2018.04.05 08:53:42.473,1.05439,1.05458,1.00,1.31
2018.04.05 08:53:42.628,1.05439,1.05461,1.00,1.50
2018.04.05 08:53:42.812,1.05441,1.05462,1.00,2.25
2018.04.05 08:53:43.597,1.05441,1.05462,1.00,1.12
2018.04.05 08:53:44.120,1.05441,1.05463,1.00,1.12
2018.04.05 08:53:45.257,1.05441,1.05464,1.00,2.25
2018.04.05 08:53:47.077,1.05441,1.05464,1.00,1.87
2018.04.05 08:53:47.333,1.05443,1.05464,1.00,1.12
2018.04.05 08:53:47.835,1.05443,1.05464,1.00,1.37
2018.04.05 08:53:48.374,1.05443,1.05464,1.00,1.00
2018.04.05 08:53:48.678,1.05443,1.05462,1.00,1.00
2018.04.05 08:53:48.862,1.05443,1.05464,1.00,1.12
2018.04.05 08:53:51.873,1.05443,1.05466,1.50,4.12
2018.04.05 08:53:54.484,1.05443,1.05465,1.50,2.25
2018.04.05 08:53:55.158,1.05443,1.05465,1.50,2.25
2018.04.05 08:53:56.239,1.05441,1.05462,1.00,1.87
2018.04.05 08:53:56.987,1.05441,1.05461,1.00,1.87
2018.04.05 08:53:58.577,1.05441,1.05462,1.62,1.00
2018.04.05 08:53:58.918,1.05444,1.05466,1.00,1.75
2018.04.05 08:53:59.809,1.05444,1.05466,1.00,1.12
2018.04.05 08:54:03.309,1.05444,1.05467,1.00,1.12
2018.04.05 08:54:06.431,1.05444,1.05467,1.00,3.75
2018.04.05 08:54:06.736,1.05444,1.05462,1.00,1.00
2018.04.05 08:54:06.788,1.05444,1.05465,1.00,2.44
2018.04.05 08:54:07.963,1.05444,1.05465,1.00,1.87
2018.04.05 08:54:08.117,1.05444,1.05467,1.50,1.50
2018.04.05 08:54:08.220,1.05444,1.05468,1.00,2.25
2018.04.05 08:54:08.744,1.05444,1.05467,1.69,1.12
2018.04.05 08:54:09.263,1.05444,1.05468,1.31,1.87
2018.04.05 08:54:09.855,1.05444,1.05467,1.87,1.12
2018.04.05 08:54:10.368,1.05447,1.05467,1.00,1.00
2018.04.05 08:54:10.419,1.05447,1.0547,1.00,2.62
2018.04.05 08:54:11.292,1.05447,1.0547,1.00,3.00
2018.04.05 08:54:12.042,1.05447,1.0547,1.12,1.87
2018.04.05 08:54:12.094,1.05447,1.0547,1.00,3.00
2018.04.05 08:54:12.636,1.05448,1.05466,1.00,1.00
2018.04.05 08:54:13.148,1.05448,1.05467,1.00,1.00
2018.04.05 08:54:13.584,1.05448,1.05469,1.00,1.12
2018.04.05 08:54:13.742,1.05451,1.05472,1.00,1.00
2018.04.05 08:54:14.049,1.05448,1.0547,1.00,1.75
2018.04.05 08:54:14.352,1.05445,1.05469,1.00,3.00
2018.04.05 08:54:14.817,1.05445,1.05469,1.00,2.44
2018.04.05 08:54:14.921,1.05448,1.05469,1.00,2.25
2018.04.05 08:54:15.413,1.05448,1.05469,1.00,2.25
2018.04.05 08:54:16.006,1.05448,1.05467,1.00,1.50
2018.04.05 08:54:17.712,1.05448,1.05466,1.00,1.12
2018.04.05 08:54:17.764,1.05446,1.05467,1.00,1.87
2018.04.05 08:54:18.327,1.05446,1.05466,1.00,2.81
2018.04.05 08:54:18.644,1.05443,1.05465,1.00,2.06
2018.04.05 08:54:18.696,1.05443,1.05463,1.00,1.50
2018.04.05 08:54:18.749,1.0544,1.05463,1.00,5.06
2018.04.05 08:54:19.299,1.05438,1.0546,1.38,1.00
2018.04.05 08:54:20.353,1.0544,1.05461,1.00,1.00
2018.04.05 08:54:20.506,1.05439,1.05459,1.50,1.00
2018.04.05 08:54:20.811,1.05441,1.05459,1.25,1.00
2018.04.05 08:54:21.334,1.05441,1.0546,1.12,1.50
2018.04.05 08:54:21.387,1.05443,1.05464,1.00,1.25
2018.04.05 08:54:21.490,1.05446,1.05467,1.00,2.44
2018.04.05 08:54:22.000,1.05446,1.05467,1.00,1.87
2018.04.05 08:54:22.845,1.05446,1.05469,1.00,3.75
2018.04.05 08:54:23.357,1.05446,1.05468,1.00,1.88
2018.04.05 08:54:24.509,1.05449,1.05468,1.00,1.88
2018.04.05 08:54:25.021,1.05446,1.05468,1.50,1.38
2018.04.05 08:54:25.414,1.05446,1.05469,1.00,3.75
2018.04.05 08:54:26.654,1.05446,1.05468,1.00,1.50
2018.04.05 08:54:27.433,1.05444,1.05468,1.00,1.50
2018.04.05 08:54:27.484,1.05446,1.05469,1.00,3.56
2018.04.05 08:54:28.818,1.05446,1.05469,1.00,4.50
2018.04.05 08:54:29.351,1.05446,1.05468,1.00,1.69
2018.04.05 08:54:29.864,1.05446,1.05469,1.00,3.94
2018.04.05 08:54:30.482,1.05446,1.05468,1.00,2.25
2018.04.05 08:54:32.007,1.05446,1.05468,1.00,1.75
2018.04.05 08:54:32.601,1.05446,1.05468,1.00,2.62
2018.04.05 08:54:32.857,1.05446,1.05468,1.00,2.63
2018.04.05 08:54:33.424,1.05446,1.05468,1.00,1.31
2018.04.05 08:54:33.972,1.05446,1.05468,1.00,1.69
2018.04.05 08:54:34.946,1.05446,1.05468,1.00,1.75
2018.04.05 08:54:36.460,1.05446,1.05467,1.00,1.37
2018.04.05 08:54:36.844,1.05442,1.0546,1.25,1.00
2018.04.05 08:54:36.946,1.05442,1.05462,1.19,1.25
2018.04.05 08:54:36.997,1.05442,1.05464,1.44,1.12
2018.04.05 08:54:37.454,1.05444,1.05466,1.00,1.25
2018.04.05 08:54:37.988,1.05444,1.05468,1.12,3.19
2018.04.05 08:54:38.519,1.05444,1.05468,1.31,2.44
2018.04.05 08:54:39.079,1.05444,1.05468,1.25,3.19
2018.04.05 08:54:39.456,1.05445,1.05467,1.00,2.44
2018.04.05 08:54:39.982,1.05444,1.05466,1.12,1.37
2018.04.05 08:54:40.502,1.05444,1.05466,1.50,1.87
2018.04.05 08:54:41.040,1.05444,1.05466,1.44,1.50
2018.04.05 08:54:41.615,1.05444,1.05465,1.12,1.00
2018.04.05 08:54:41.935,1.05441,1.05461,2.25,1.00
2018.04.05 08:54:42.513,1.05442,1.05461,1.25,1.00
2018.04.05 08:54:42.851,1.05442,1.05463,1.50,1.00
2018.04.05 08:54:43.534,1.05442,1.05464,1.31,1.50
2018.04.05 08:54:43.761,1.05444,1.05468,1.00,2.44
2018.04.05 08:54:44.278,1.05445,1.05468,1.31,1.69
2018.04.05 08:54:44.899,1.05444,1.05468,1.25,1.69
2018.04.05 08:54:45.413,1.05444,1.05468,1.31,2.06
2018.04.05 08:54:46.056,1.05444,1.05468,1.13,1.12
2018.04.05 08:54:46.219,1.05442,1.05465,1.38,1.12
2018.04.05 08:54:46.373,1.05441,1.05464,1.88,1.12
2018.04.05 08:54:46.681,1.05442,1.05465,1.31,1.87
2018.04.05 08:54:47.686,1.05442,1.05465,2.06,1.50
2018.04.05 08:54:48.153,1.05442,1.05466,1.37,1.12
2018.04.05 08:54:48.695,1.05442,1.05466,2.06,1.12
2018.04.05 08:54:49.232,1.05442,1.05466,2.06,1.12
2018.04.05 08:54:49.880,1.05442,1.05466,2.06,1.12
2018.04.05 08:54:50.385,1.05442,1.05466,2.06,1.31
2018.04.05 08:54:50.921,1.05442,1.05466,1.88,1.00
2018.04.05 08:54:51.573,1.05443,1.05466,1.31,1.00
2018.04.05 08:54:52.109,1.05443,1.05466,1.81,1.00
2018.04.05 08:54:52.620,1.05443,1.05466,1.50,1.00
2018.04.05 08:54:53.131,1.05444,1.05466,1.50,1.00
2018.04.05 08:54:53.234,1.05442,1.05466,3.00,1.12
2018.04.05 08:54:53.388,1.05441,1.05466,2.06,3.75
2018.04.05 08:54:54.014,1.05442,1.05465,2.25,1.75
2018.04.05 08:54:54.526,1.05443,1.05465,2.25,1.12
2018.04.05 08:54:55.037,1.05443,1.05466,1.50,1.87
2018.04.05 08:54:55.643,1.05443,1.05466,1.81,2.62
2018.04.05 08:54:56.411,1.05443,1.05465,1.69,1.00
2018.04.05 08:54:57.055,1.05443,1.05465,1.25,1.00
2018.04.05 08:54:57.728,1.05444,1.05465,1.00,1.00
2018.04.05 08:54:58.233,1.05443,1.05466,1.88,1.00
2018.04.05 08:54:58.746,1.05444,1.05468,1.31,1.50
2018.04.05 08:54:59.283,1.05444,1.05467,1.87,1.12
2018.04.05 08:54:59.817,1.05444,1.05467,1.31,1.12
2018.04.05 08:55:00.319,1.05444,1.05467,1.69,1.37
2018.04.05 08:55:01.401,1.05444,1.05467,1.69,1.00
2018.04.05 08:55:02.678,1.05444,1.05467,1.87,1.00
2018.04.05 08:55:03.615,1.05444,1.05467,1.12,1.00
2018.04.05 08:55:04.164,1.05444,1.05467,1.31,1.00
2018.04.05 08:55:04.717,1.05444,1.05467,2.06,1.00
2018.04.05 08:55:05.072,1.05444,1.05468,2.25,1.12
2018.04.05 08:55:05.620,1.05444,1.05469,2.06,5.25
2018.04.05 08:55:06.126,1.05444,1.05468,1.87,1.50
2018.04.05 08:55:06.823,1.05444,1.05468,2.06,1.50
2018.04.05 08:55:08.181,1.05444,1.05468,2.44,1.50
2018.04.05 08:55:08.825,1.0545,1.05468,1.00,2.25
2018.04.05 08:55:09.345,1.05445,1.05468,1.31,2.25
2018.04.05 08:55:10.086,1.05445,1.05468,1.69,2.25
2018.04.05 08:55:10.603,1.05445,1.05468,1.25,2.25
2018.04.05 08:55:11.167,1.05445,1.05468,1.31,2.25
2018.04.05 08:55:12.177,1.05445,1.05468,1.25,2.25
2018.04.05 08:55:12.381,1.05446,1.05468,1.44,2.25
2018.04.05 08:55:12.926,1.05446,1.05468,1.63,1.50
2018.04.05 08:55:14.452,1.05447,1.05468,1.44,1.00
2018.04.05 08:55:15.784,1.05447,1.05469,1.44,3.00
2018.04.05 08:55:16.446,1.05447,1.05469,1.25,2.25
2018.04.05 08:55:16.993,1.05447,1.05469,1.44,3.00
2018.04.05 08:55:17.588,1.05447,1.05469,1.25,2.25
2018.04.05 08:55:18.152,1.05447,1.05468,1.44,1.50
2018.04.05 08:55:18.723,1.05447,1.05468,1.25,1.50
2018.04.05 08:55:19.405,1.05447,1.05468,1.44,1.50
2018.04.05 08:55:19.749,1.05445,1.05463,1.00,1.87
2018.04.05 08:55:19.904,1.05441,1.05461,1.87,1.50
2018.04.05 08:55:20.263,1.05443,1.05463,1.00,1.87
2018.04.05 08:55:20.314,1.05442,1.05464,1.25,2.44
2018.04.05 08:55:20.850,1.05443,1.05464,1.00,2.25
2018.04.05 08:55:21.401,1.05443,1.05464,1.00,1.87
2018.04.05 08:55:21.452,1.05443,1.05462,1.00,1.00
2018.04.05 08:55:21.969,1.05442,1.05464,1.00,2.06
2018.04.05 08:55:22.393,1.05447,1.05465,1.00,1.00
2018.04.05 08:55:22.445,1.05448,1.05467,1.00,1.00
2018.04.05 08:55:22.957,1.05449,1.0547,1.00,1.50
2018.04.05 08:55:23.578,1.05449,1.0547,1.00,2.06
2018.04.05 08:55:23.935,1.05449,1.0547,1.00,1.50
2018.04.05 08:55:24.707,1.05449,1.0547,1.00,1.12
2018.04.05 08:55:26.143,1.05449,1.0547,1.00,1.37
2018.04.05 08:55:27.457,1.05449,1.0547,1.00,1.12
2018.04.05 08:55:34.244,1.05449,1.05469,1.00,1.00
2018.04.05 08:55:34.758,1.05449,1.0547,1.00,1.12
2018.04.05 08:55:35.320,1.05447,1.0547,1.25,1.00
2018.04.05 08:55:35.823,1.05447,1.0547,1.69,1.00
2018.04.05 08:55:36.365,1.05447,1.0547,1.50,1.00
2018.04.05 08:55:38.164,1.05447,1.0547,1.88,1.12
2018.04.05 08:55:38.852,1.05447,1.0547,2.06,1.12
2018.04.05 08:55:39.452,1.05447,1.0547,1.69,1.12
2018.04.05 08:55:39.958,1.05447,1.0547,1.88,1.12
2018.04.05 08:55:43.201,1.05449,1.05471,1.00,1.00
2018.04.05 08:55:44.168,1.05449,1.0547,1.12,1.00
2018.04.05 08:55:44.708,1.05449,1.05471,1.50,1.00
2018.04.05 08:55:45.213,1.05449,1.0547,1.13,1.00
2018.04.05 08:55:45.959,1.05449,1.0547,1.19,1.00
2018.04.05 08:55:46.471,1.05449,1.05471,1.13,1.00
2018.04.05 08:55:48.218,1.05449,1.0547,1.13,1.00
2018.04.05 08:55:48.756,1.05449,1.05471,1.00,1.00
2018.04.05 08:55:50.245,1.05449,1.05472,1.00,1.12
2018.04.05 08:55:50.618,1.05449,1.0547,1.00,1.00
2018.04.05 08:55:51.427,1.05449,1.05471,1.00,1.00
2018.04.05 08:55:52.269,1.05449,1.0547,1.00,1.00
2018.04.05 08:55:52.850,1.05449,1.05472,1.00,1.31
2018.04.05 08:55:53.405,1.05449,1.05471,1.00,1.00
2018.04.05 08:55:53.914,1.05449,1.0547,1.00,1.00
2018.04.05 08:55:54.485,1.05449,1.05472,1.00,1.31
2018.04.05 08:55:55.454,1.05449,1.05472,1.37,1.25
2018.04.05 08:55:58.229,1.05449,1.05471,1.50,1.00
2018.04.05 08:55:58.758,1.05449,1.05471,1.00,1.00
2018.04.05 08:55:59.611,1.05449,1.05473,1.00,1.87
2018.04.05 08:56:00.130,1.05449,1.05471,1.00,1.00
2018.04.05 08:56:01.384,1.05449,1.05473,1.13,1.87
2018.04.05 08:56:01.486,1.05449,1.05469,1.13,1.00
2018.04.05 08:56:02.059,1.05448,1.0547,1.13,1.00
2018.04.05 08:56:02.574,1.05446,1.05471,2.81,1.37
2018.04.05 08:56:02.677,1.05446,1.0547,1.50,1.87
2018.04.05 08:56:03.167,1.05444,1.05467,1.88,1.00
2018.04.05 08:56:04.732,1.05448,1.0547,1.00,1.25
2018.04.05 08:56:05.268,1.05447,1.0547,1.12,1.00
2018.04.05 08:56:05.790,1.05447,1.0547,1.50,1.37
2018.04.05 08:56:06.300,1.05447,1.0547,1.50,1.50
2018.04.05 08:56:06.810,1.05447,1.05471,1.87,1.00
2018.04.05 08:56:07.325,1.05447,1.05471,1.50,1.31
2018.04.05 08:56:07.875,1.05447,1.05471,2.06,1.12
2018.04.05 08:56:08.388,1.05447,1.05471,1.50,1.12
2018.04.05 08:56:08.908,1.05447,1.05471,2.25,1.50
2018.04.05 08:56:09.424,1.05447,1.05471,1.31,1.50
2018.04.05 08:56:09.944,1.05446,1.05471,3.38,1.50
2018.04.05 08:56:10.305,1.05448,1.05471,1.00,2.44
2018.04.05 08:56:11.001,1.05448,1.0547,1.00,1.37
2018.04.05 08:56:11.508,1.05448,1.05471,1.00,3.75
2018.04.05 08:56:12.046,1.05448,1.05469,1.00,2.25
2018.04.05 08:56:12.363,1.05448,1.05469,1.00,1.50
2018.04.05 08:56:14.007,1.05448,1.0547,1.00,2.44
2018.04.05 08:56:14.059,1.05445,1.05468,1.13,1.75
2018.04.05 08:56:14.111,1.05445,1.05468,1.87,1.12
2018.04.05 08:56:14.192,1.05444,1.05467,2.06,1.50
2018.04.05 08:56:14.243,1.05442,1.05466,1.25,1.75
2018.04.05 08:56:14.912,1.05442,1.05464,2.06,1.50
2018.04.05 08:56:15.316,1.05442,1.05464,1.00,1.75
2018.04.05 08:56:15.470,1.0544,1.05462,1.13,1.75
2018.04.05 08:56:16.180,1.0544,1.05462,1.31,1.75
2018.04.05 08:56:16.692,1.0544,1.05462,1.44,1.75
2018.04.05 08:56:16.899,1.05442,1.05463,2.25,1.00
2018.04.05 08:56:16.950,1.05443,1.05466,3.00,1.00
2018.04.05 08:56:17.051,1.05445,1.05469,1.00,1.50
2018.04.05 08:56:17.306,1.05448,1.05469,1.00,1.00
2018.04.05 08:56:17.843,1.05448,1.05471,1.00,1.37
2018.04.05 08:56:19.727,1.05449,1.05471,1.00,1.37
2018.04.05 08:56:20.256,1.05448,1.05471,1.88,1.37
2018.04.05 08:56:20.775,1.05448,1.05471,1.88,1.12
2018.04.05 08:56:23.199,1.05449,1.05473,1.00,3.75
2018.04.05 08:56:23.498,1.05449,1.05473,1.00,1.88
2018.04.05 08:56:24.046,1.05449,1.05473,1.00,2.81
2018.04.05 08:56:24.214,1.05449,1.05468,1.00,1.00
2018.04.05 08:56:24.725,1.05449,1.05469,1.00,1.00
2018.04.05 08:56:24.777,1.05449,1.05473,1.00,3.19
2018.04.05 08:56:25.824,1.05449,1.05472,1.00,1.63
2018.04.05 08:56:25.998,1.05449,1.05473,1.00,3.00
2018.04.05 08:56:26.257,1.05449,1.05471,1.00,1.13
2018.04.05 08:56:26.309,1.05446,1.05469,1.00,1.50
2018.04.05 08:56:26.412,1.05446,1.05467,1.00,1.75
2018.04.05 08:56:26.515,1.05446,1.05469,1.50,1.75
2018.04.05 08:56:26.567,1.05446,1.05469,1.00,1.50
2018.04.05 08:56:27.105,1.05446,1.05469,1.50,1.12
2018.04.05 08:56:28.010,1.05446,1.05469,1.50,1.50
2018.04.05 08:56:30.078,1.05449,1.05469,1.00,1.12
2018.04.05 08:56:30.646,1.05448,1.05469,1.00,1.12
2018.04.05 08:56:31.152,1.05449,1.05469,1.00,1.12
2018.04.05 08:56:32.865,1.05448,1.05469,1.00,1.12
2018.04.05 08:56:33.173,1.05448,1.05472,1.00,2.25
2018.04.05 08:56:33.226,1.05448,1.05472,1.13,1.31
2018.04.05 08:56:33.741,1.05449,1.05473,1.00,3.56
2018.04.05 08:56:34.628,1.05448,1.05473,1.88,3.75
2018.04.05 08:56:35.247,1.05448,1.05473,2.25,3.00
2018.04.05 08:56:35.540,1.0545,1.05472,1.00,1.00
2018.04.05 08:56:36.245,1.0545,1.05474,2.06,1.19
2018.04.05 08:56:36.296,1.0545,1.05475,2.06,1.87
2018.04.05 08:56:36.599,1.05453,1.05475,1.00,1.31
2018.04.05 08:56:41.416,1.05453,1.05475,1.00,1.37
2018.04.05 08:56:43.850,1.05453,1.05475,1.00,1.00
2018.04.05 08:56:44.385,1.05453,1.05475,1.00,1.63
2018.04.05 08:56:44.963,1.05453,1.05475,1.00,1.44
2018.04.05 08:56:48.376,1.05451,1.05474,1.31,2.25
2018.04.05 08:56:48.514,1.05451,1.05474,1.75,1.00
2018.04.05 08:56:48.565,1.05451,1.05474,1.12,1.00
2018.04.05 08:56:54.539,1.05451,1.05474,1.63,1.00
2018.04.05 08:56:55.668,1.05451,1.05474,1.31,1.00
2018.04.05 08:56:56.415,1.05451,1.05474,2.44,1.00
2018.04.05 08:56:56.466,1.05453,1.05476,1.87,1.25
2018.04.05 08:56:56.773,1.05456,1.05479,1.50,1.00
2018.04.05 08:56:57.828,1.05455,1.0548,3.56,1.69
2018.04.05 08:56:58.189,1.05455,1.0548,5.81,1.69
2018.04.05 08:57:00.114,1.05455,1.05479,2.06,1.12
2018.04.05 08:57:00.217,1.05455,1.0548,2.25,2.44
2018.04.05 08:57:00.525,1.05456,1.0548,1.00,2.44
2018.04.05 08:57:01.194,1.05455,1.0548,2.63,2.25
2018.04.05 08:57:01.400,1.05455,1.0548,2.44,2.63
2018.04.05 08:57:02.195,1.05456,1.0548,1.00,2.25
2018.04.05 08:57:02.967,1.05455,1.0548,1.87,2.44
2018.04.05 08:57:03.069,1.05455,1.0548,1.00,2.63
2018.04.05 08:57:03.605,1.05456,1.0548,1.00,2.81
2018.04.05 08:57:04.216,1.05455,1.05479,1.69,1.50
2018.04.05 08:57:05.111,1.05455,1.05479,2.81,1.50
2018.04.05 08:57:05.263,1.05458,1.05481,1.12,1.25
2018.04.05 08:57:05.792,1.05457,1.05482,1.88,1.00
2018.04.05 08:57:06.298,1.05458,1.05482,1.62,1.00
2018.04.05 08:57:10.741,1.05458,1.05482,1.50,1.50
2018.04.05 08:57:12.931,1.05457,1.05482,1.50,2.63
2018.04.05 08:57:14.390,1.05455,1.05478,1.88,1.00
2018.04.05 08:57:14.572,1.05457,1.05478,1.00,1.12
2018.04.05 08:57:14.878,1.05456,1.0548,1.50,1.31
2018.04.05 08:57:15.325,1.05456,1.05481,2.06,2.19
2018.04.05 08:57:15.376,1.05456,1.05479,1.31,1.25
2018.04.05 08:57:15.428,1.05457,1.0548,1.37,1.50
2018.04.05 08:57:15.734,1.05459,1.05482,1.75,1.50
2018.04.05 08:57:16.041,1.05462,1.05485,2.06,1.12
2018.04.05 08:57:16.835,1.05462,1.05485,2.06,1.13
2018.04.05 08:57:17.344,1.05463,1.05485,1.00,1.13
2018.04.05 08:57:17.520,1.05466,1.05485,1.37,1.00
2018.04.05 08:57:17.571,1.05467,1.05491,2.25,1.25
2018.04.05 08:57:17.724,1.05468,1.05493,1.37,1.19
2018.04.05 08:57:18.230,1.05469,1.05493,1.00,1.63
2018.04.05 08:57:18.871,1.05469,1.05494,1.25,3.19
2018.04.05 08:57:19.694,1.05469,1.05494,1.25,3.19
2018.04.05 08:57:20.278,1.05468,1.05494,1.37,3.19
2018.04.05 08:57:20.813,1.05468,1.05494,1.37,3.19
2018.04.05 08:57:21.397,1.05468,1.05492,1.37,1.44
2018.04.05 08:57:21.942,1.05468,1.05493,1.87,1.31
2018.04.05 08:57:22.325,1.05468,1.05492,1.00,2.06
2018.04.05 08:57:22.583,1.05465,1.05489,1.81,3.00
2018.04.05 08:57:23.094,1.05465,1.05488,1.56,1.00
2018.04.05 08:57:23.835,1.05465,1.05489,1.00,3.56
2018.04.05 08:57:25.786,1.05465,1.05489,1.00,2.25
2018.04.05 08:57:26.292,1.05465,1.05489,1.00,3.56
2018.04.05 08:57:26.806,1.05465,1.05487,1.12,1.50
2018.04.05 08:57:27.011,1.05466,1.05489,1.00,1.87
2018.04.05 08:57:27.063,1.05466,1.05489,2.19,1.00
2018.04.05 08:57:27.268,1.05466,1.05491,2.44,1.87
2018.04.05 08:57:30.167,1.05469,1.05495,3.19,2.06
2018.04.05 08:57:30.499,1.05471,1.05495,1.31,1.94
2018.04.05 08:57:31.170,1.05471,1.05495,1.31,1.94
2018.04.05 08:57:31.778,1.05471,1.05495,1.50,1.56
2018.04.05 08:57:32.289,1.05471,1.05495,1.50,1.56
2018.04.05 08:57:32.835,1.05471,1.05495,1.50,1.56
2018.04.05 08:57:33.448,1.05471,1.05495,1.50,1.56
2018.04.05 08:57:34.191,1.05471,1.05495,1.50,1.63
2018.04.05 08:57:34.885,1.05472,1.05495,1.00,1.56
2018.04.05 08:57:35.389,1.05472,1.05495,1.00,1.56
2018.04.05 08:57:35.924,1.05472,1.05495,1.00,1.31
2018.04.05 08:57:36.230,1.05472,1.05495,1.37,1.31
2018.04.05 08:57:36.383,1.05471,1.05495,2.06,1.63
2018.04.05 08:57:36.896,1.05471,1.05495,2.06,1.31
2018.04.05 08:57:38.900,1.05471,1.05494,2.06,1.31
2018.04.05 08:57:39.681,1.05471,1.05495,2.06,1.31
2018.04.05 08:57:40.191,1.05471,1.05496,2.06,1.37
2018.04.05 08:57:40.779,1.05471,1.05496,2.06,1.56
2018.04.05 08:57:41.359,1.05471,1.05496,2.06,1.56
2018.04.05 08:57:42.772,1.05472,1.05495,1.25,1.44
2018.04.05 08:57:43.559,1.05472,1.05495,1.25,1.56
2018.04.05 08:57:44.066,1.05472,1.05495,1.25,1.63
2018.04.05 08:57:44.605,1.05471,1.05495,1.56,1.56
2018.04.05 08:57:45.304,1.05471,1.05495,1.56,1.44
2018.04.05 08:57:45.857,1.05471,1.05495,1.56,1.56
2018.04.05 08:57:46.433,1.05473,1.05495,1.00,1.56
2018.04.05 08:57:46.939,1.05471,1.05495,1.56,1.37
2018.04.05 08:57:47.645,1.05471,1.05495,1.56,1.63
2018.04.05 08:57:48.199,1.05471,1.05495,1.56,1.56
2018.04.05 08:57:49.369,1.05469,1.05495,3.19,2.06
2018.04.05 08:57:49.885,1.05469,1.05495,3.19,2.06
2018.04.05 08:57:50.578,1.05469,1.05495,4.50,2.06
2018.04.05 08:57:51.584,1.0547,1.05495,1.50,2.06
2018.04.05 08:57:52.106,1.05469,1.05495,4.50,2.06
2018.04.05 08:57:52.753,1.0547,1.05495,1.37,2.06
2018.04.05 08:57:53.294,1.0547,1.05495,1.63,2.06
2018.04.05 08:57:53.798,1.0547,1.05495,1.37,2.06
2018.04.05 08:57:54.347,1.0547,1.05495,1.63,2.06
2018.04.05 08:57:54.915,1.0547,1.05495,1.37,1.88
2018.04.05 08:57:55.438,1.0547,1.05495,1.37,1.88
2018.04.05 08:57:55.588,1.0547,1.05495,1.63,2.06
2018.04.05 08:57:56.120,1.05469,1.05495,4.13,2.06
2018.04.05 08:57:56.624,1.05469,1.05495,4.13,2.06
2018.04.05 08:57:57.388,1.0547,1.05495,1.37,1.88
2018.04.05 08:57:58.173,1.0547,1.05495,1.63,2.44
2018.04.05 08:57:58.739,1.0547,1.05494,1.63,1.00
2018.04.05 08:57:59.326,1.05469,1.05495,4.50,2.44
2018.04.05 08:57:59.866,1.05469,1.05494,3.19,1.00
2018.04.05 08:58:00.657,1.0547,1.05495,1.63,2.00
2018.04.05 08:58:01.179,1.05469,1.05494,3.38,1.00
2018.04.05 08:58:01.692,1.05469,1.05495,3.38,2.00
2018.04.05 08:58:02.204,1.0547,1.05495,1.37,1.81
2018.04.05 08:58:02.710,1.05469,1.05495,3.19,1.94
2018.04.05 08:58:03.284,1.05469,1.05494,3.19,1.00
2018.04.05 08:58:04.011,1.0547,1.05495,2.06,1.94
2018.04.05 08:58:04.849,1.05469,1.05494,2.44,1.00
2018.04.05 08:58:05.401,1.0547,1.05495,1.63,1.94
2018.04.05 08:58:05.912,1.05469,1.05495,2.81,1.69
2018.04.05 08:58:06.619,1.05469,1.05495,2.06,1.69
2018.04.05 08:58:06.945,1.05468,1.05491,3.37,1.00
2018.04.05 08:58:07.251,1.0547,1.05491,1.00,1.00
2018.04.05 08:58:07.303,1.05468,1.05491,2.25,1.00
2018.04.05 08:58:07.690,1.05466,1.05489,1.88,1.50
2018.04.05 08:58:09.637,1.05466,1.05489,2.25,1.00
2018.04.05 08:58:10.182,1.05467,1.05489,1.00,1.00
2018.04.05 08:58:11.373,1.05466,1.05489,2.25,1.00
2018.04.05 08:58:11.874,1.05466,1.05491,1.50,1.31
2018.04.05 08:58:12.217,1.05465,1.0549,1.88,1.88
2018.04.05 08:58:12.775,1.05465,1.05489,1.31,1.12
2018.04.05 08:58:13.100,1.05464,1.05486,1.88,1.00
2018.04.05 08:58:13.658,1.05465,1.05486,1.00,1.00
2018.04.05 08:58:14.363,1.05463,1.05486,1.88,1.69
2018.04.05 08:58:15.080,1.05465,1.05486,1.00,1.69
2018.04.05 08:58:15.587,1.05464,1.05486,1.00,1.69
2018.04.05 08:58:16.365,1.05465,1.05486,1.00,1.69
2018.04.05 08:58:16.939,1.05464,1.05485,1.00,1.00
2018.04.05 08:58:17.466,1.05465,1.05486,1.00,2.06
2018.04.05 08:58:17.517,1.05463,1.05484,1.00,1.50
2018.04.05 08:58:17.719,1.05461,1.05484,1.12,1.69
2018.04.05 08:58:17.821,1.05459,1.05484,1.50,3.19
2018.04.05 08:58:18.824,1.05459,1.05481,1.25,1.00
2018.04.05 08:58:19.792,1.05459,1.05482,1.00,1.12
2018.04.05 08:58:20.150,1.05461,1.05484,1.69,2.19
2018.04.05 08:58:20.456,1.05463,1.05485,1.00,2.19
2018.04.05 08:58:20.763,1.05463,1.05486,1.00,2.63
2018.04.05 08:58:23.218,1.05463,1.05486,1.00,2.63
2018.04.05 08:58:24.295,1.05463,1.05485,1.00,2.25
2018.04.05 08:58:25.215,1.05464,1.05485,1.00,2.25
2018.04.05 08:58:25.785,1.05463,1.05485,1.00,2.25
2018.04.05 08:58:26.317,1.05463,1.05486,1.00,2.62
2018.04.05 08:58:26.859,1.05463,1.05486,1.00,2.25
2018.04.05 08:58:28.057,1.05463,1.05486,1.00,2.81
2018.04.05 08:58:28.406,1.05463,1.05484,1.00,1.00
2018.04.05 08:58:28.711,1.05461,1.05484,1.50,1.44
2018.04.05 08:58:29.254,1.05461,1.05484,2.44,1.00
2018.04.05 08:58:30.116,1.05462,1.05484,1.37,1.00
2018.04.05 08:58:30.751,1.05462,1.05484,1.31,1.00
2018.04.05 08:58:31.291,1.05462,1.05484,1.37,1.00
2018.04.05 08:58:32.173,1.05462,1.05484,1.50,1.00
2018.04.05 08:58:32.688,1.05462,1.05484,1.31,1.00
2018.04.05 08:58:33.208,1.05462,1.05484,1.12,1.00
2018.04.05 08:58:33.786,1.05461,1.05484,2.63,1.00
2018.04.05 08:58:34.566,1.05461,1.05484,1.88,1.00
2018.04.05 08:58:35.080,1.05461,1.05484,2.63,1.00
2018.04.05 08:58:35.865,1.05461,1.05484,1.88,1.00
2018.04.05 08:58:35.917,1.05463,1.05486,1.37,1.50
2018.04.05 08:58:36.175,1.0546,1.05483,1.12,1.00
2018.04.05 08:58:37.223,1.0546,1.05483,2.44,1.00
2018.04.05 08:58:37.952,1.0546,1.05483,2.25,1.00
2018.04.05 08:58:38.886,1.0546,1.05483,1.63,1.00
2018.04.05 08:58:39.606,1.05461,1.05483,1.13,1.00
2018.04.05 08:58:39.659,1.05463,1.05486,1.31,1.87
2018.04.05 08:58:47.399,1.05463,1.05486,1.87,1.63
2018.04.05 08:58:47.904,1.05463,1.05486,1.12,1.13
2018.04.05 08:58:48.433,1.05463,1.05486,1.87,1.31
2018.04.05 08:58:48.945,1.05463,1.05486,1.00,2.06
2018.04.05 08:58:49.383,1.05463,1.05485,1.00,1.37
2018.04.05 08:58:50.102,1.0546,1.05484,1.63,1.12
2018.04.05 08:58:52.209,1.0546,1.05484,2.63,1.00
2018.04.05 08:58:55.532,1.0546,1.05484,1.63,1.00
2018.04.05 08:58:56.101,1.0546,1.05484,1.25,1.88
2018.04.05 08:58:56.643,1.0546,1.05484,1.44,1.69
2018.04.05 08:58:56.795,1.0546,1.05484,1.44,2.25
2018.04.05 08:58:57.305,1.0546,1.05484,1.44,1.87
2018.04.05 08:58:57.861,1.0546,1.05484,1.25,1.87
2018.04.05 08:58:58.675,1.05459,1.05484,1.63,2.63
2018.04.05 08:59:00.659,1.05459,1.05483,1.63,1.00
2018.04.05 08:59:01.901,1.05459,1.05483,1.44,1.00
2018.04.05 08:59:02.233,1.05454,1.05477,2.63,1.50
2018.04.05 08:59:02.746,1.05455,1.05476,1.00,1.37
2018.04.05 08:59:03.288,1.05454,1.05476,1.38,1.00
2018.04.05 08:59:03.909,1.05454,1.05476,1.31,1.12
2018.04.05 08:59:10.254,1.05452,1.05476,2.06,1.87
2018.04.05 08:59:10.771,1.05453,1.05476,2.06,2.06
2018.04.05 08:59:11.320,1.05455,1.05478,1.37,1.63
2018.04.05 08:59:11.443,1.05455,1.05478,1.87,1.25
2018.04.05 08:59:11.697,1.05455,1.05477,1.00,1.37
2018.04.05 08:59:12.204,1.05456,1.05478,1.12,2.81
2018.04.05 08:59:12.695,1.05455,1.05478,3.00,1.88
2018.04.05 08:59:12.900,1.05455,1.05475,1.37,1.00
2018.04.05 08:59:13.001,1.05452,1.05475,1.13,1.00
2018.04.05 08:59:13.052,1.05451,1.05473,1.50,1.00
2018.04.05 08:59:13.204,1.0545,1.05473,1.69,1.00
2018.04.05 08:59:13.765,1.05451,1.05474,1.13,2.44
2018.04.05 08:59:13.991,1.05451,1.05473,1.00,1.75
2018.04.05 08:59:14.094,1.05449,1.05471,1.00,1.31
2018.04.05 08:59:14.613,1.05449,1.05472,2.06,1.25
2018.04.05 08:59:14.890,1.05448,1.05472,1.31,2.62
2018.04.05 08:59:15.044,1.05447,1.05469,1.19,1.00
2018.04.05 08:59:15.616,1.05447,1.0547,1.44,1.00
2018.04.05 08:59:16.142,1.05446,1.0547,3.75,1.00
2018.04.05 08:59:16.690,1.05446,1.05471,2.06,1.88
2018.04.05 08:59:17.411,1.05447,1.05469,1.00,1.75
2018.04.05 08:59:17.462,1.05444,1.05467,1.31,1.00
2018.04.05 08:59:17.564,1.0544,1.05465,2.25,1.12
2018.04.05 08:59:18.179,1.0544,1.05464,1.38,1.00
2018.04.05 08:59:18.824,1.0544,1.05465,1.38,1.12
2018.04.05 08:59:19.524,1.0544,1.05465,1.69,1.37
2018.04.05 08:59:20.314,1.0544,1.05464,1.50,2.25
2018.04.05 08:59:20.867,1.0544,1.05463,1.50,1.00
2018.04.05 08:59:21.430,1.0544,1.05462,1.69,1.00
2018.04.05 08:59:21.746,1.0544,1.05464,1.69,1.31
2018.04.05 08:59:22.213,1.05438,1.05464,1.88,3.38
2018.04.05 08:59:22.520,1.05437,1.05461,1.13,1.50
2018.04.05 08:59:23.179,1.05437,1.05461,1.88,1.50
2018.04.05 08:59:23.789,1.05437,1.0546,1.56,1.12
2018.04.05 08:59:24.376,1.05437,1.05461,1.38,1.50
2018.04.05 08:59:25.118,1.05437,1.0546,1.13,1.50
2018.04.05 08:59:25.836,1.05437,1.0546,1.63,1.00
2018.04.05 08:59:26.163,1.05438,1.0546,1.38,1.00
2018.04.05 08:59:26.316,1.05438,1.05462,1.13,2.81
2018.04.05 08:59:26.833,1.05437,1.05462,3.00,1.81
2018.04.05 08:59:27.424,1.05438,1.0546,1.13,1.00
2018.04.05 08:59:28.013,1.05437,1.0546,3.00,1.00
2018.04.05 08:59:28.561,1.05438,1.0546,1.13,1.00
2018.04.05 08:59:29.221,1.05438,1.0546,1.38,1.00
2018.04.05 08:59:29.836,1.05437,1.0546,2.06,1.00
2018.04.05 08:59:30.346,1.05438,1.05459,1.38,1.00
2018.04.05 08:59:30.882,1.05437,1.05459,2.06,1.00
2018.04.05 08:59:31.287,1.05438,1.0546,1.69,1.50
2018.04.05 08:59:31.338,1.05438,1.05462,2.06,1.00
2018.04.05 08:59:31.440,1.05444,1.05465,1.00,1.50
2018.04.05 08:59:31.694,1.05444,1.05467,1.13,1.00
2018.04.05 08:59:32.279,1.05443,1.05467,1.50,1.00
2018.04.05 08:59:32.650,1.05443,1.05467,2.81,1.00
2018.04.05 08:59:33.931,1.05444,1.05467,2.00,1.00
2018.04.05 08:59:35.148,1.05443,1.05467,3.00,1.00
2018.04.05 08:59:35.575,1.05443,1.05465,3.00,1.00
2018.04.05 08:59:36.105,1.05444,1.05467,1.69,1.00
2018.04.05 08:59:38.220,1.05443,1.05467,2.62,1.38
2018.04.05 08:59:39.838,1.05443,1.05464,1.69,1.00
2018.04.05 08:59:40.144,1.05441,1.05462,1.75,1.00
2018.04.05 08:59:40.485,1.0544,1.05462,1.31,1.00
2018.04.05 08:59:41.389,1.0544,1.05462,2.44,1.00
2018.04.05 08:59:41.989,1.05441,1.05462,1.00,1.00
2018.04.05 08:59:44.447,1.0544,1.05462,1.69,1.00
2018.04.05 08:59:44.957,1.0544,1.05463,1.25,1.00
2018.04.05 08:59:45.486,1.05441,1.05462,1.13,1.00
2018.04.05 08:59:46.032,1.0544,1.05463,1.56,1.50
2018.04.05 08:59:46.585,1.05439,1.05463,3.38,1.00
2018.04.05 08:59:47.351,1.05441,1.05463,1.00,1.00
2018.04.05 08:59:47.873,1.05442,1.05464,1.12,1.00
2018.04.05 08:59:47.924,1.05442,1.05466,2.06,1.19
2018.04.05 08:59:48.441,1.05442,1.05466,1.75,1.25
2018.04.05 08:59:48.953,1.05442,1.05466,2.06,1.50
2018.04.05 08:59:50.222,1.05442,1.05463,1.50,1.00
2018.04.05 08:59:50.637,1.05441,1.05464,1.69,1.00
2018.04.05 08:59:51.449,1.05441,1.05464,1.88,1.00
2018.04.05 08:59:52.185,1.05441,1.05464,1.88,1.00
2018.04.05 08:59:53.306,1.05442,1.05465,1.25,1.00
2018.04.05 08:59:54.242,1.05442,1.05466,1.00,2.44
2018.04.05 08:59:54.883,1.05441,1.05466,1.56,3.38
2018.04.05 08:59:55.037,1.05441,1.05462,1.31,1.00
2018.04.05 08:59:56.120,1.05439,1.05462,1.88,1.50
2018.04.05 08:59:56.712,1.0544,1.05462,1.00,1.37
2018.04.05 08:59:57.020,1.05435,1.05456,1.50,1.00
2018.04.05 08:59:58.496,1.05433,1.05456,2.06,1.00
2018.04.05 08:59:59.142,1.05433,1.05456,2.06,1.00
2018.04.05 08:59:59.807,1.05433,1.05456,2.06,1.00
