2017.11.17 06:00:00.091,1.10676,1.10693,1.44,1.69
2017.11.17 06:00:00.526,1.10675,1.10693,1.44,1.88
2017.11.17 06:00:01.066,1.10675,1.10692,1.44,2.44
2017.11.17 06:00:01.542,1.10677,1.10692,1.44,1.69
2017.11.17 06:00:01.644,1.10675,1.10692,1.44,1.00
2017.11.17 06:00:02.157,1.10676,1.10693,1.19,1.50
2017.11.17 06:00:03.422,1.10679,1.10695,1.25,1.25
2017.11.17 06:00:03.524,1.10677,1.10693,1.00,1.00
2017.11.17 06:00:03.575,1.10674,1.10693,1.37,1.00
2017.11.17 06:00:03.627,1.10673,1.10691,1.12,1.00
2017.11.17 06:00:04.135,1.10671,1.1069,1.69,1.00
2017.11.17 06:00:07.629,1.10671,1.10691,1.50,1.00
2017.11.17 06:00:08.294,1.10669,1.10691,2.81,1.00
2017.11.17 06:00:08.816,1.1067,1.10691,1.37,1.50
2017.11.17 06:00:08.867,1.10669,1.10691,1.37,1.00
2017.11.17 06:00:10.820,1.10669,1.1069,1.37,1.00
2017.11.17 06:00:11.748,1.10668,1.1069,1.31,1.00
2017.11.17 06:00:12.112,1.10669,1.10688,1.31,1.00
2017.11.17 06:00:12.637,1.10665,1.10687,2.63,1.00
2017.11.17 06:00:13.548,1.10665,1.10687,3.00,1.00
2017.11.17 06:00:14.023,1.10667,1.10686,1.38,1.00
2017.11.17 06:00:14.554,1.10666,1.10687,1.13,1.00
2017.11.17 06:00:14.966,1.10667,1.10687,1.38,1.00
2017.11.17 06:00:15.018,1.10667,1.10687,1.38,1.00
2017.11.17 06:00:15.394,1.10667,1.10689,1.38,2.44
2017.11.17 06:00:15.913,1.10667,1.10688,1.88,1.00
2017.11.17 06:00:16.828,1.10667,1.10688,1.63,1.00
2017.11.17 06:00:17.487,1.10667,1.10688,1.69,1.00
2017.11.17 06:00:18.688,1.10667,1.10688,1.63,1.19
2017.11.17 06:00:18.938,1.10672,1.10689,1.00,1.25
2017.11.17 06:00:20.507,1.10671,1.10689,1.00,2.06
2017.11.17 06:00:23.042,1.10671,1.10688,1.00,1.00
2017.11.17 06:00:26.910,1.10671,1.10688,1.44,1.00
2017.11.17 06:00:27.063,1.10672,1.10688,1.00,1.00
2017.11.17 06:00:27.256,1.1067,1.10689,1.25,1.69
2017.11.17 06:00:27.308,1.10672,1.10689,1.25,1.69
2017.11.17 06:00:27.999,1.10671,1.10689,1.88,1.69
2017.11.17 06:00:28.585,1.10672,1.10689,1.25,1.25
2017.11.17 06:00:30.230,1.10672,1.10691,1.00,1.25
2017.11.17 06:00:31.188,1.10672,1.1069,1.88,1.00
2017.11.17 06:00:34.192,1.10672,1.10691,1.00,1.00
2017.11.17 06:00:34.243,1.10674,1.10691,1.00,1.00
2017.11.17 06:00:34.772,1.10674,1.10693,1.00,1.69
2017.11.17 06:00:34.823,1.10674,1.10691,1.00,1.00
2017.11.17 06:00:38.307,1.10674,1.10692,1.00,2.25
2017.11.17 06:00:39.021,1.10674,1.10693,1.00,1.25
2017.11.17 06:00:40.317,1.10674,1.10695,1.00,1.00
2017.11.17 06:00:41.054,1.10674,1.10697,1.25,2.81
2017.11.17 06:00:41.663,1.10674,1.10697,1.25,3.56
2017.11.17 06:00:41.944,1.10676,1.10697,1.00,1.88
2017.11.17 06:00:42.148,1.10676,1.10697,1.00,1.69
2017.11.17 06:00:42.300,1.10676,1.10697,1.00,1.38
2017.11.17 06:00:43.821,1.10675,1.10697,1.00,1.88
2017.11.17 06:00:45.597,1.1068,1.10697,1.00,1.38
2017.11.17 06:00:48.319,1.1068,1.10696,1.00,1.13
2017.11.17 06:00:48.623,1.10681,1.10695,1.00,1.38
2017.11.17 06:00:49.917,1.10681,1.10695,1.00,2.25
2017.11.17 06:00:50.070,1.10679,1.10695,1.00,1.50
2017.11.17 06:00:50.661,1.10679,1.10694,1.00,1.00
2017.11.17 06:00:51.168,1.10679,1.10693,1.00,2.25
2017.11.17 06:00:52.361,1.10679,1.10692,1.00,1.00
2017.11.17 06:00:52.736,1.10675,1.10691,1.00,1.00
2017.11.17 06:00:53.093,1.10675,1.10689,1.00,1.00
2017.11.17 06:00:53.401,1.10679,1.10693,1.00,1.25
2017.11.17 06:00:53.923,1.1068,1.10694,1.00,1.25
2017.11.17 06:00:54.279,1.10686,1.10694,1.00,1.00
2017.11.17 06:00:54.332,1.10684,1.10694,1.00,1.00
2017.11.17 06:00:54.384,1.10686,1.10696,1.00,1.00
2017.11.17 06:00:54.436,1.10685,1.10698,1.25,1.00
2017.11.17 06:00:54.641,1.10687,1.10699,1.00,1.00
2017.11.17 06:00:55.513,1.10687,1.107,1.00,2.44
2017.11.17 06:00:56.972,1.10687,1.10701,1.00,1.50
2017.11.17 06:00:57.513,1.10688,1.10701,1.00,1.00
2017.11.17 06:00:58.765,1.10688,1.10702,1.00,1.25
2017.11.17 06:00:59.296,1.10689,1.10703,1.00,2.25
2017.11.17 06:00:59.807,1.10689,1.10702,1.00,1.50
2017.11.17 06:01:00.617,1.1069,1.10704,1.00,1.69
2017.11.17 06:01:00.922,1.10693,1.10703,1.00,1.00
2017.11.17 06:01:01.432,1.10692,1.10704,1.00,1.00
2017.11.17 06:01:01.936,1.10692,1.10703,1.00,1.00
2017.11.17 06:01:02.203,1.10693,1.10705,1.00,1.50
2017.11.17 06:01:02.704,1.10693,1.10704,1.00,1.00
2017.11.17 06:01:03.216,1.10693,1.10705,1.00,1.50
2017.11.17 06:01:03.720,1.10694,1.10705,1.00,1.50
2017.11.17 06:01:03.873,1.10692,1.10705,1.00,1.00
2017.11.17 06:01:03.975,1.10694,1.10705,1.00,1.00
2017.11.17 06:01:04.578,1.10695,1.10705,1.00,1.00
2017.11.17 06:01:05.238,1.10695,1.10707,1.00,1.69
2017.11.17 06:01:07.386,1.10695,1.10707,1.00,1.69
2017.11.17 06:01:08.219,1.10695,1.10706,1.00,1.00
2017.11.17 06:01:08.768,1.10695,1.10707,1.00,1.69
2017.11.17 06:01:09.707,1.10695,1.10706,1.00,1.00
2017.11.17 06:01:14.769,1.10695,1.10707,1.00,1.87
2017.11.17 06:01:15.286,1.10694,1.10709,1.00,1.69
2017.11.17 06:01:15.877,1.10695,1.10708,1.00,1.69
2017.11.17 06:01:16.824,1.10695,1.10708,1.00,1.69
2017.11.17 06:01:17.325,1.10696,1.10707,1.00,1.00
2017.11.17 06:01:17.580,1.10694,1.10706,1.00,1.25
2017.11.17 06:01:18.063,1.10695,1.10708,1.00,1.69
2017.11.17 06:01:23.336,1.10695,1.10709,1.00,1.69
2017.11.17 06:01:27.644,1.10693,1.10709,1.00,2.44
2017.11.17 06:01:27.746,1.10691,1.10709,1.00,1.25
2017.11.17 06:01:27.848,1.10691,1.10705,1.00,1.00
2017.11.17 06:01:28.518,1.10691,1.10704,1.00,1.00
2017.11.17 06:01:35.437,1.10691,1.10705,1.00,1.25
2017.11.17 06:01:36.316,1.10691,1.10707,1.00,1.19
2017.11.17 06:01:40.065,1.10693,1.10706,1.00,1.00
2017.11.17 06:01:41.925,1.10693,1.10707,1.00,1.00
2017.11.17 06:01:48.076,1.10694,1.10707,1.00,1.00
2017.11.17 06:01:50.525,1.10693,1.10707,1.00,1.00
2017.11.17 06:01:51.035,1.10693,1.10707,1.00,1.19
2017.11.17 06:01:52.605,1.10694,1.10707,1.00,1.69
2017.11.17 06:01:53.274,1.10694,1.10707,1.00,1.00
2017.11.17 06:01:59.520,1.10693,1.10706,1.00,1.00
2017.11.17 06:02:01.685,1.10693,1.10707,1.00,1.69
2017.11.17 06:02:02.285,1.10694,1.10707,1.00,1.31
2017.11.17 06:02:06.719,1.10695,1.1071,1.00,1.25
2017.11.17 06:02:07.234,1.10697,1.10711,1.00,1.88
2017.11.17 06:02:10.494,1.10697,1.10711,1.00,1.13
2017.11.17 06:02:10.896,1.10699,1.10712,1.00,1.25
2017.11.17 06:02:11.550,1.10699,1.10713,1.00,1.50
2017.11.17 06:02:13.068,1.10699,1.10712,1.00,1.13
2017.11.17 06:02:13.708,1.10699,1.10713,1.00,1.88
2017.11.17 06:02:14.766,1.10699,1.10713,1.00,1.88
2017.11.17 06:02:15.292,1.10699,1.10713,1.00,1.25
2017.11.17 06:02:15.977,1.10699,1.10713,1.00,1.44
2017.11.17 06:02:17.489,1.10699,1.10713,1.00,1.25
2017.11.17 06:02:20.534,1.10699,1.10712,1.00,1.25
2017.11.17 06:02:21.021,1.10697,1.10712,1.00,1.25
2017.11.17 06:02:21.072,1.10699,1.10712,1.00,1.25
2017.11.17 06:02:22.256,1.10699,1.10712,1.00,1.44
2017.11.17 06:02:26.604,1.10699,1.10714,1.00,1.00
2017.11.17 06:02:26.656,1.10702,1.10716,1.00,1.19
2017.11.17 06:02:26.758,1.107,1.10718,1.00,2.44
2017.11.17 06:02:26.809,1.10702,1.10718,1.00,2.44
2017.11.17 06:02:27.332,1.10703,1.10718,1.00,1.69
2017.11.17 06:02:27.862,1.10703,1.10717,1.00,1.00
2017.11.17 06:02:28.375,1.10703,1.10718,1.00,1.00
2017.11.17 06:02:28.893,1.10703,1.10719,1.00,1.50
2017.11.17 06:02:31.393,1.107,1.10719,1.38,1.00
2017.11.17 06:02:33.049,1.107,1.1072,1.38,1.87
2017.11.17 06:02:33.151,1.10699,1.10718,1.00,1.00
2017.11.17 06:02:33.607,1.10695,1.1072,2.44,2.25
2017.11.17 06:02:33.811,1.10699,1.10718,1.38,1.00
2017.11.17 06:02:34.318,1.10697,1.10717,1.38,1.00
2017.11.17 06:02:34.484,1.10696,1.10716,1.13,1.00
2017.11.17 06:02:34.884,1.10695,1.10716,1.13,1.00
2017.11.17 06:02:35.410,1.10694,1.10716,1.88,1.00
2017.11.17 06:02:35.943,1.10694,1.10717,1.13,1.25
2017.11.17 06:02:36.325,1.10693,1.10713,1.50,2.25
2017.11.17 06:02:36.479,1.10688,1.10709,1.00,1.50
2017.11.17 06:02:36.683,1.10687,1.10707,1.38,1.00
2017.11.17 06:02:36.812,1.10684,1.10707,1.88,1.25
2017.11.17 06:02:36.965,1.10685,1.10706,1.38,1.25
2017.11.17 06:02:37.380,1.10684,1.10707,2.63,1.50
2017.11.17 06:02:38.456,1.10685,1.10707,1.44,1.69
2017.11.17 06:02:38.962,1.10684,1.10707,1.88,1.50
2017.11.17 06:02:40.943,1.10685,1.10706,1.44,1.00
2017.11.17 06:02:41.045,1.10684,1.10706,1.38,1.50
2017.11.17 06:02:41.554,1.10684,1.10705,1.50,1.00
2017.11.17 06:02:41.751,1.10685,1.10705,1.44,1.00
2017.11.17 06:02:43.388,1.10685,1.10706,1.38,2.25
2017.11.17 06:02:44.209,1.10684,1.10706,1.38,1.00
2017.11.17 06:02:45.405,1.10684,1.10706,1.38,1.00
2017.11.17 06:02:47.797,1.10685,1.10706,1.63,1.00
2017.11.17 06:02:47.899,1.10684,1.10705,1.88,1.50
2017.11.17 06:02:48.424,1.10684,1.10704,1.88,1.00
2017.11.17 06:02:50.627,1.10684,1.10704,1.88,1.00
2017.11.17 06:02:50.830,1.10682,1.10702,1.38,1.00
2017.11.17 06:02:51.359,1.10681,1.10703,2.44,1.50
2017.11.17 06:02:51.900,1.10681,1.10703,1.88,1.69
2017.11.17 06:02:51.952,1.10681,1.10703,1.38,1.50
2017.11.17 06:02:52.174,1.10681,1.10701,1.38,1.00
2017.11.17 06:02:52.838,1.1068,1.10702,1.38,1.00
2017.11.17 06:02:53.225,1.10682,1.10704,1.31,1.25
2017.11.17 06:02:53.381,1.10678,1.10701,1.13,1.75
2017.11.17 06:02:53.534,1.10677,1.10698,1.88,1.19
2017.11.17 06:02:53.585,1.10677,1.10698,1.88,1.00
2017.11.17 06:02:53.776,1.10677,1.107,1.88,2.44
2017.11.17 06:02:53.827,1.10679,1.10699,1.00,1.00
2017.11.17 06:02:53.980,1.1068,1.10698,1.44,1.00
2017.11.17 06:02:54.525,1.1068,1.10697,1.25,1.00
2017.11.17 06:02:55.071,1.10677,1.10698,1.38,1.69
2017.11.17 06:02:55.224,1.10676,1.10698,1.31,1.69
2017.11.17 06:02:55.620,1.10676,1.10696,1.00,1.00
2017.11.17 06:02:55.925,1.10676,1.10697,1.38,1.50
2017.11.17 06:02:56.230,1.10684,1.10703,1.50,1.00
2017.11.17 06:02:56.618,1.10684,1.10704,1.50,1.87
2017.11.17 06:02:57.076,1.10684,1.10705,1.50,1.87
2017.11.17 06:02:57.228,1.10684,1.10705,1.31,2.25
2017.11.17 06:02:57.280,1.10683,1.10705,1.00,2.25
2017.11.17 06:02:57.331,1.10684,1.10702,1.00,1.00
2017.11.17 06:02:57.433,1.10679,1.10701,1.75,1.00
2017.11.17 06:02:57.485,1.10679,1.10699,1.75,1.00
2017.11.17 06:02:57.818,1.10677,1.10697,1.69,1.00
2017.11.17 06:02:57.971,1.10678,1.10697,1.25,1.00
2017.11.17 06:02:58.175,1.10678,1.10699,1.75,1.00
2017.11.17 06:02:58.698,1.10678,1.10698,1.88,1.00
2017.11.17 06:02:58.800,1.10678,1.107,1.88,1.50
2017.11.17 06:02:59.330,1.10678,1.10699,1.13,1.00
2017.11.17 06:02:59.751,1.10678,1.10701,1.13,1.00
2017.11.17 06:02:59.955,1.10677,1.107,2.06,1.00
2017.11.17 06:03:00.072,1.10678,1.107,1.69,1.00
2017.11.17 06:03:00.278,1.10679,1.107,1.44,1.00
2017.11.17 06:03:00.400,1.10679,1.10698,1.44,1.00
2017.11.17 06:03:00.706,1.1068,1.10699,1.38,1.00
2017.11.17 06:03:01.011,1.10679,1.107,1.38,1.00
2017.11.17 06:03:01.318,1.10677,1.107,2.44,1.00
2017.11.17 06:03:01.370,1.10678,1.10698,1.19,1.00
2017.11.17 06:03:01.422,1.10675,1.10698,2.62,1.00
2017.11.17 06:03:01.610,1.10674,1.10696,1.00,1.00
2017.11.17 06:03:01.915,1.10675,1.10694,1.00,1.00
2017.11.17 06:03:02.474,1.10675,1.10695,1.00,2.44
2017.11.17 06:03:02.792,1.10678,1.10697,1.25,2.25
2017.11.17 06:03:02.996,1.10678,1.10701,2.00,1.69
2017.11.17 06:03:03.301,1.10681,1.10702,1.44,1.00
2017.11.17 06:03:03.505,1.10681,1.10704,2.25,1.00
2017.11.17 06:03:03.607,1.10682,1.10704,1.31,1.00
2017.11.17 06:03:03.812,1.1068,1.10703,2.44,1.50
2017.11.17 06:03:04.332,1.10681,1.10703,1.56,1.50
2017.11.17 06:03:04.998,1.1068,1.10704,2.63,1.00
2017.11.17 06:03:05.050,1.1068,1.10704,2.19,1.50
2017.11.17 06:03:05.710,1.1068,1.10704,2.19,3.00
2017.11.17 06:03:06.715,1.1068,1.10704,2.19,2.25
2017.11.17 06:03:07.286,1.10684,1.10704,1.31,2.25
2017.11.17 06:03:07.820,1.10685,1.10703,1.44,1.00
2017.11.17 06:03:09.353,1.10685,1.10702,1.44,1.00
2017.11.17 06:03:12.177,1.10684,1.10702,1.00,1.50
2017.11.17 06:03:12.230,1.10682,1.107,2.63,1.00
2017.11.17 06:03:12.332,1.10682,1.10702,2.81,1.69
2017.11.17 06:03:12.790,1.10685,1.10702,1.00,1.25
2017.11.17 06:03:13.095,1.10687,1.10704,1.00,1.12
2017.11.17 06:03:13.764,1.10686,1.10704,1.00,1.12
2017.11.17 06:03:14.069,1.10686,1.10702,1.00,1.25
2017.11.17 06:03:14.590,1.10685,1.10703,1.00,1.69
2017.11.17 06:03:15.043,1.10686,1.10703,1.44,1.00
2017.11.17 06:03:19.239,1.10686,1.10704,1.50,1.00
2017.11.17 06:03:19.789,1.10685,1.10705,3.56,1.50
2017.11.17 06:03:20.573,1.10686,1.10705,1.81,1.87
2017.11.17 06:03:22.021,1.1069,1.10704,1.44,1.00
2017.11.17 06:03:22.072,1.10686,1.10704,1.38,1.00
2017.11.17 06:03:22.124,1.1069,1.10706,1.00,1.87
2017.11.17 06:03:22.175,1.10687,1.10706,1.25,1.69
2017.11.17 06:03:22.369,1.10686,1.10703,1.31,1.00
2017.11.17 06:03:23.234,1.10688,1.10704,1.00,1.69
2017.11.17 06:03:23.762,1.10688,1.10707,1.44,2.62
2017.11.17 06:03:24.911,1.10687,1.10706,1.88,1.25
2017.11.17 06:03:25.712,1.10688,1.10707,1.19,3.37
2017.11.17 06:03:25.967,1.10688,1.10705,1.13,1.19
2017.11.17 06:03:26.518,1.10688,1.10705,1.00,2.62
2017.11.17 06:03:27.071,1.10688,1.10704,1.00,1.12
2017.11.17 06:03:28.214,1.10687,1.10704,1.00,1.50
2017.11.17 06:03:30.619,1.10688,1.10704,1.00,1.69
2017.11.17 06:03:32.377,1.10687,1.10704,1.00,1.50
2017.11.17 06:03:32.918,1.10688,1.10703,1.00,1.00
2017.11.17 06:03:33.465,1.10687,1.10703,1.00,1.00
2017.11.17 06:03:33.685,1.10684,1.10703,1.44,1.00
2017.11.17 06:03:33.787,1.10685,1.10703,1.44,1.00
2017.11.17 06:03:34.485,1.10684,1.10703,1.38,1.00
2017.11.17 06:03:35.551,1.10684,1.10704,1.38,1.50
2017.11.17 06:03:35.868,1.10681,1.10698,1.19,1.00
2017.11.17 06:03:35.919,1.1068,1.10698,1.19,1.00
2017.11.17 06:03:35.971,1.10685,1.107,1.00,1.00
2017.11.17 06:03:36.276,1.10687,1.10702,1.00,1.00
2017.11.17 06:03:36.378,1.10687,1.10704,1.00,1.00
2017.11.17 06:03:36.582,1.10685,1.10701,1.19,1.00
2017.11.17 06:03:38.071,1.10685,1.10703,1.19,2.44
2017.11.17 06:03:38.696,1.10684,1.10702,1.19,1.25
2017.11.17 06:03:39.392,1.10682,1.10701,3.56,1.00
2017.11.17 06:03:40.647,1.10682,1.10702,2.25,2.44
2017.11.17 06:03:41.149,1.10682,1.10702,1.62,1.69
2017.11.17 06:03:41.713,1.10682,1.10702,2.25,2.62
2017.11.17 06:03:41.816,1.10682,1.107,1.88,1.50
2017.11.17 06:03:43.022,1.10685,1.10701,1.44,1.50
2017.11.17 06:03:49.100,1.10686,1.10703,1.19,1.19
2017.11.17 06:03:49.619,1.10687,1.10703,1.25,1.50
2017.11.17 06:03:50.300,1.10685,1.10702,1.44,1.00
2017.11.17 06:03:50.849,1.10685,1.10703,1.44,1.50
2017.11.17 06:03:53.977,1.10685,1.10702,1.44,1.00
2017.11.17 06:03:55.010,1.10685,1.10703,1.44,1.50
2017.11.17 06:03:59.407,1.10685,1.10703,1.44,1.44
2017.11.17 06:04:00.170,1.10685,1.10703,1.44,1.69
2017.11.17 06:04:00.221,1.10682,1.10703,1.19,1.25
2017.11.17 06:04:00.841,1.10681,1.10703,1.13,2.62
2017.11.17 06:04:01.049,1.10685,1.107,1.44,1.25
2017.11.17 06:04:02.186,1.10682,1.10699,1.50,1.00
2017.11.17 06:04:02.696,1.10682,1.107,1.44,1.25
2017.11.17 06:04:03.290,1.10682,1.107,1.81,1.00
2017.11.17 06:04:04.011,1.10682,1.107,1.50,1.00
2017.11.17 06:04:04.245,1.10683,1.10699,1.44,1.88
2017.11.17 06:04:04.401,1.10678,1.10696,1.44,1.69
2017.11.17 06:04:04.930,1.10678,1.10695,1.25,1.25
2017.11.17 06:04:05.819,1.10678,1.10695,1.13,1.19
2017.11.17 06:04:06.975,1.1068,1.10695,1.44,1.25
2017.11.17 06:04:07.078,1.1068,1.10698,1.87,1.00
2017.11.17 06:04:07.180,1.1068,1.107,2.06,2.25
2017.11.17 06:04:07.284,1.10682,1.107,1.44,1.50
2017.11.17 06:04:07.336,1.1068,1.107,3.19,1.00
2017.11.17 06:04:07.950,1.1068,1.107,1.50,1.69
2017.11.17 06:04:09.091,1.1068,1.10698,2.44,1.00
2017.11.17 06:04:10.076,1.10678,1.10698,1.50,2.44
2017.11.17 06:04:10.229,1.10678,1.10697,1.13,1.50
2017.11.17 06:04:10.767,1.10677,1.10697,3.19,2.44
2017.11.17 06:04:11.300,1.10678,1.10696,1.31,1.00
2017.11.17 06:04:12.009,1.10677,1.10697,3.00,2.44
2017.11.17 06:04:14.160,1.10678,1.10697,1.31,1.69
2017.11.17 06:04:14.972,1.10678,1.10697,1.63,2.44
2017.11.17 06:04:15.642,1.10677,1.10697,2.25,1.69
2017.11.17 06:04:16.188,1.10677,1.10697,3.19,1.69
2017.11.17 06:04:16.739,1.10678,1.10696,1.63,1.00
2017.11.17 06:04:17.250,1.10678,1.10697,1.63,2.44
2017.11.17 06:04:19.234,1.10677,1.10696,1.38,1.00
2017.11.17 06:04:19.767,1.10674,1.10695,1.81,1.00
2017.11.17 06:04:20.611,1.10674,1.10695,1.56,1.69
2017.11.17 06:04:21.461,1.10674,1.10695,1.88,1.69
2017.11.17 06:04:22.073,1.10674,1.10695,1.38,1.25
2017.11.17 06:04:22.697,1.10674,1.10695,2.06,1.25
2017.11.17 06:04:23.299,1.10674,1.10696,1.63,1.69
2017.11.17 06:04:23.884,1.10674,1.10695,1.50,1.25
2017.11.17 06:04:23.986,1.10679,1.10696,1.00,1.87
2017.11.17 06:04:24.544,1.10678,1.10696,1.00,1.19
2017.11.17 06:04:25.106,1.10679,1.10696,1.00,1.19
2017.11.17 06:04:27.201,1.10679,1.10697,1.00,2.44
2017.11.17 06:04:27.729,1.10679,1.10697,1.00,1.69
2017.11.17 06:04:30.560,1.10675,1.10696,1.38,1.25
2017.11.17 06:04:31.443,1.10674,1.10696,2.25,1.69
2017.11.17 06:04:31.750,1.10673,1.10694,1.25,2.81
2017.11.17 06:04:31.801,1.10671,1.10691,1.38,1.00
2017.11.17 06:04:31.853,1.1067,1.10691,1.00,1.00
2017.11.17 06:04:31.956,1.10672,1.10691,1.44,1.00
2017.11.17 06:04:32.459,1.10674,1.10692,1.38,1.00
2017.11.17 06:04:33.435,1.10673,1.10692,2.06,1.00
2017.11.17 06:04:33.950,1.10674,1.10692,1.44,1.25
2017.11.17 06:04:34.479,1.10673,1.10692,1.63,1.69
2017.11.17 06:04:35.323,1.10674,1.10692,1.38,1.69
2017.11.17 06:04:36.009,1.10673,1.10694,2.25,1.69
2017.11.17 06:04:38.191,1.10674,1.10693,1.44,2.06
2017.11.17 06:04:38.509,1.10673,1.10692,1.50,2.62
2017.11.17 06:04:39.747,1.10676,1.10692,1.00,2.06
2017.11.17 06:04:39.798,1.10676,1.10693,1.00,1.87
2017.11.17 06:04:39.900,1.10678,1.10693,1.00,1.69
2017.11.17 06:04:40.205,1.10676,1.10693,1.25,3.19
2017.11.17 06:04:40.662,1.10675,1.1069,1.00,2.44
2017.11.17 06:04:41.204,1.10674,1.1069,1.00,1.69
2017.11.17 06:04:41.728,1.10671,1.1069,1.00,1.50
2017.11.17 06:04:41.779,1.10673,1.1069,1.00,3.19
2017.11.17 06:04:41.933,1.10669,1.10689,2.25,1.00
2017.11.17 06:04:42.137,1.1067,1.10687,1.63,1.00
2017.11.17 06:04:42.785,1.10671,1.10688,1.44,1.69
2017.11.17 06:04:43.808,1.1067,1.10688,1.63,1.00
2017.11.17 06:04:44.343,1.1067,1.10689,1.25,1.00
2017.11.17 06:04:44.676,1.10671,1.10689,1.44,1.00
2017.11.17 06:04:44.927,1.1067,1.10688,1.69,1.00
2017.11.17 06:04:44.978,1.1067,1.1069,1.69,2.25
2017.11.17 06:04:45.207,1.10671,1.1069,1.44,2.25
2017.11.17 06:04:45.679,1.1067,1.1069,1.69,2.25
2017.11.17 06:04:45.731,1.10674,1.1069,1.00,2.25
2017.11.17 06:04:46.303,1.10673,1.1069,1.25,1.00
2017.11.17 06:04:46.852,1.10674,1.1069,1.25,1.00
2017.11.17 06:04:48.569,1.10674,1.1069,1.38,1.00
2017.11.17 06:04:49.997,1.10674,1.10689,1.38,1.00
2017.11.17 06:04:51.053,1.10673,1.10689,1.38,1.00
2017.11.17 06:04:51.206,1.10669,1.10689,2.06,1.00
2017.11.17 06:04:51.258,1.10669,1.10683,1.00,1.00
2017.11.17 06:04:51.533,1.10655,1.10678,1.50,1.00
2017.11.17 06:04:51.636,1.10656,1.10676,1.00,1.00
2017.11.17 06:04:52.166,1.10655,1.10676,2.44,1.00
2017.11.17 06:04:52.700,1.10656,1.10676,1.00,1.00
2017.11.17 06:04:53.500,1.10655,1.10676,1.00,1.00
2017.11.17 06:04:54.337,1.10656,1.10676,1.00,1.25
2017.11.17 06:04:54.491,1.10654,1.10676,1.12,1.69
2017.11.17 06:04:54.651,1.10655,1.10673,1.00,1.00
2017.11.17 06:04:55.168,1.10655,1.10672,1.00,1.00
2017.11.17 06:04:55.679,1.10655,1.10673,1.00,1.00
2017.11.17 06:04:56.318,1.10654,1.10673,1.25,1.00
2017.11.17 06:04:56.832,1.10655,1.10673,1.00,1.00
2017.11.17 06:04:58.129,1.10654,1.10673,1.12,1.00
2017.11.17 06:04:58.903,1.10655,1.10673,1.00,1.00
2017.11.17 06:04:59.509,1.10654,1.10673,1.25,1.00
2017.11.17 06:05:00.108,1.10654,1.10672,1.25,1.00
2017.11.17 06:05:00.604,1.10655,1.10673,1.19,1.00
2017.11.17 06:05:00.910,1.10658,1.10679,3.00,1.00
2017.11.17 06:05:00.961,1.10659,1.1068,2.00,1.00
2017.11.17 06:05:01.266,1.1066,1.10681,1.69,1.00
2017.11.17 06:05:01.368,1.10663,1.10683,1.38,1.00
2017.11.17 06:05:01.470,1.10665,1.10681,1.25,1.00
2017.11.17 06:05:02.057,1.10662,1.10682,1.88,1.00
2017.11.17 06:05:02.689,1.10663,1.10682,1.38,1.00
2017.11.17 06:05:03.482,1.10662,1.10683,2.81,1.25
2017.11.17 06:05:06.442,1.10665,1.10684,1.00,1.50
2017.11.17 06:05:06.980,1.10666,1.10684,1.00,2.44
2017.11.17 06:05:07.083,1.10663,1.10683,2.25,1.00
2017.11.17 06:05:07.605,1.10663,1.10682,1.44,1.00
2017.11.17 06:05:07.824,1.10668,1.10682,1.44,1.00
2017.11.17 06:05:08.336,1.10668,1.10683,1.44,1.00
2017.11.17 06:05:08.439,1.10668,1.10685,1.44,1.00
2017.11.17 06:05:08.868,1.10667,1.10687,1.44,1.25
2017.11.17 06:05:10.270,1.10667,1.10688,2.62,1.00
2017.11.17 06:05:10.779,1.10669,1.10688,1.00,1.13
2017.11.17 06:05:11.411,1.10668,1.10688,1.25,1.00
2017.11.17 06:05:12.020,1.10669,1.10688,1.00,1.88
2017.11.17 06:05:14.438,1.10668,1.10688,2.62,1.25
2017.11.17 06:05:17.148,1.10671,1.1069,1.12,2.06
2017.11.17 06:05:17.200,1.10669,1.1069,3.00,2.06
2017.11.17 06:05:17.252,1.10671,1.1069,1.44,1.25
2017.11.17 06:05:17.303,1.10668,1.1069,3.00,1.13
2017.11.17 06:05:17.354,1.10671,1.1069,1.87,1.38
2017.11.17 06:05:17.697,1.10682,1.10695,1.87,1.00
2017.11.17 06:05:17.798,1.10682,1.10698,1.12,1.87
2017.11.17 06:05:17.850,1.10692,1.10698,1.44,1.00
2017.11.17 06:05:17.901,1.10687,1.10701,1.00,1.19
2017.11.17 06:05:17.953,1.10684,1.10701,1.00,1.63
2017.11.17 06:05:18.005,1.10681,1.10702,1.44,1.62
2017.11.17 06:05:18.465,1.10681,1.107,1.44,3.00
2017.11.17 06:05:19.335,1.10681,1.10699,1.44,1.00
2017.11.17 06:05:19.641,1.10685,1.10702,1.00,1.00
2017.11.17 06:05:20.029,1.10692,1.10707,1.00,1.25
2017.11.17 06:05:20.537,1.10693,1.10708,1.00,2.25
2017.11.17 06:05:21.048,1.10692,1.10708,1.00,1.50
2017.11.17 06:05:22.719,1.10692,1.10709,1.00,1.12
2017.11.17 06:05:25.270,1.1069,1.10709,1.25,2.06
2017.11.17 06:05:26.472,1.10689,1.10709,1.25,1.87
2017.11.17 06:05:26.763,1.10688,1.10706,1.25,1.25
2017.11.17 06:05:27.270,1.10687,1.10705,1.44,1.25
2017.11.17 06:05:27.897,1.10687,1.10704,1.19,1.00
2017.11.17 06:05:33.449,1.10686,1.10705,2.25,1.25
2017.11.17 06:05:33.604,1.10681,1.10701,1.87,1.38
2017.11.17 06:05:33.757,1.10681,1.10698,1.44,1.00
2017.11.17 06:05:34.636,1.10681,1.10699,1.44,2.06
2017.11.17 06:05:34.941,1.10681,1.10697,1.44,1.00
2017.11.17 06:05:36.665,1.10685,1.107,1.44,1.00
2017.11.17 06:05:36.971,1.10687,1.10703,1.44,1.00
2017.11.17 06:05:37.479,1.10687,1.10702,1.44,1.00
2017.11.17 06:05:39.452,1.10687,1.10701,1.44,1.87
2017.11.17 06:05:40.100,1.10687,1.10702,1.44,1.25
2017.11.17 06:05:41.541,1.10687,1.10702,1.44,1.44
2017.11.17 06:05:42.088,1.10687,1.10702,1.44,3.37
2017.11.17 06:05:42.546,1.10681,1.10702,1.44,1.00
2017.11.17 06:05:42.597,1.10678,1.10698,2.81,1.00
2017.11.17 06:05:43.143,1.10678,1.10697,1.81,1.00
2017.11.17 06:05:43.690,1.10678,1.10696,1.50,1.00
2017.11.17 06:05:44.202,1.10683,1.10699,1.00,2.06
2017.11.17 06:05:46.961,1.10684,1.107,1.00,2.81
2017.11.17 06:05:47.368,1.10684,1.10702,1.00,2.62
2017.11.17 06:05:47.725,1.10684,1.10701,1.00,1.50
2017.11.17 06:05:47.776,1.10682,1.10701,1.00,1.88
2017.11.17 06:05:47.827,1.10679,1.10699,1.00,1.31
2017.11.17 06:05:47.879,1.10679,1.10698,1.00,1.38
2017.11.17 06:05:47.980,1.1068,1.10697,1.00,1.13
2017.11.17 06:05:48.082,1.10682,1.10699,1.00,1.00
2017.11.17 06:05:48.419,1.10687,1.10703,1.00,1.25
2017.11.17 06:05:48.723,1.10687,1.10701,1.00,1.25
2017.11.17 06:05:49.578,1.10687,1.10703,1.00,1.87
2017.11.17 06:05:51.307,1.10687,1.10703,1.00,1.87
2017.11.17 06:05:54.408,1.10687,1.10703,1.00,2.81
2017.11.17 06:05:54.763,1.10686,1.10704,1.00,1.88
2017.11.17 06:05:55.111,1.10686,1.10703,1.00,1.31
2017.11.17 06:05:55.905,1.10686,1.10703,1.00,1.25
2017.11.17 06:05:56.568,1.10686,1.10703,1.00,1.31
2017.11.17 06:05:57.225,1.10686,1.10703,1.00,1.25
2017.11.17 06:05:57.480,1.10684,1.10702,1.00,1.25
2017.11.17 06:05:57.734,1.10684,1.10702,1.00,2.25
2017.11.17 06:05:57.923,1.10684,1.10702,1.00,1.50
2017.11.17 06:05:58.025,1.10686,1.10702,1.00,1.87
2017.11.17 06:05:58.771,1.10686,1.10703,1.00,1.31
2017.11.17 06:05:59.833,1.10686,1.10703,1.00,1.25
2017.11.17 06:06:00.342,1.10686,1.10704,1.00,1.25
2017.11.17 06:06:00.666,1.10688,1.10704,1.00,1.00
2017.11.17 06:06:02.034,1.10688,1.10704,1.00,1.19
2017.11.17 06:06:02.712,1.10688,1.10704,1.00,1.25
2017.11.17 06:06:03.975,1.10686,1.10704,1.25,1.63
2017.11.17 06:06:04.606,1.10686,1.10703,1.25,1.44
2017.11.17 06:06:06.389,1.10686,1.10703,1.25,1.25
2017.11.17 06:06:08.440,1.10687,1.10705,1.00,2.06
2017.11.17 06:06:09.008,1.10687,1.10705,1.00,1.13
2017.11.17 06:06:09.541,1.10687,1.10705,1.00,2.06
2017.11.17 06:06:11.224,1.10684,1.10705,1.63,1.63
2017.11.17 06:06:12.018,1.10684,1.10705,1.31,1.69
2017.11.17 06:06:17.163,1.10684,1.10704,1.44,1.44
2017.11.17 06:06:17.315,1.10683,1.10704,1.25,1.56
2017.11.17 06:06:18.796,1.10681,1.10704,1.63,2.06
2017.11.17 06:06:19.516,1.10681,1.10702,1.19,1.25
2017.11.17 06:06:20.017,1.10682,1.10702,1.25,1.44
2017.11.17 06:06:20.573,1.10682,1.10703,1.19,2.06
2017.11.17 06:06:20.828,1.10681,1.107,1.00,1.44
2017.11.17 06:06:20.880,1.10678,1.107,1.00,1.69
2017.11.17 06:06:20.981,1.10676,1.10696,1.19,1.00
2017.11.17 06:06:21.500,1.10676,1.10697,1.19,1.13
2017.11.17 06:06:21.957,1.10676,1.10697,1.19,2.06
2017.11.17 06:06:22.179,1.10676,1.10696,1.19,1.88
2017.11.17 06:06:23.547,1.10675,1.10696,1.19,2.06
2017.11.17 06:06:24.263,1.10675,1.10694,1.69,1.31
2017.11.17 06:06:25.047,1.10675,1.10696,1.19,1.63
2017.11.17 06:06:25.098,1.10675,1.10696,1.19,1.25
2017.11.17 06:06:25.477,1.10675,1.10696,1.69,2.06
2017.11.17 06:06:25.579,1.10677,1.10697,1.25,1.19
2017.11.17 06:06:25.630,1.10679,1.107,1.00,1.25
2017.11.17 06:06:25.985,1.10683,1.10701,1.00,1.31
2017.11.17 06:06:26.291,1.10688,1.10706,1.00,2.25
2017.11.17 06:06:26.800,1.10688,1.10706,1.00,2.06
2017.11.17 06:06:27.366,1.10688,1.10706,1.00,1.37
2017.11.17 06:06:27.978,1.10688,1.10706,1.00,1.56
2017.11.17 06:06:28.507,1.10688,1.10706,1.00,2.06
2017.11.17 06:06:29.498,1.10687,1.10704,1.00,1.31
2017.11.17 06:06:30.878,1.10685,1.10701,1.00,1.12
2017.11.17 06:06:30.980,1.10683,1.10701,1.00,1.31
2017.11.17 06:06:31.082,1.10681,1.107,1.00,1.25
2017.11.17 06:06:31.320,1.10682,1.10697,1.00,1.00
2017.11.17 06:06:31.830,1.10679,1.10694,1.00,1.00
2017.11.17 06:06:31.932,1.10677,1.10695,1.00,1.25
2017.11.17 06:06:32.034,1.10674,1.10691,1.00,1.00
2017.11.17 06:06:32.339,1.10677,1.10695,1.00,1.00
2017.11.17 06:06:32.865,1.10678,1.10695,1.00,1.00
2017.11.17 06:06:33.473,1.10678,1.10694,1.00,1.00
2017.11.17 06:06:33.524,1.10678,1.10697,1.00,1.00
2017.11.17 06:06:34.034,1.10679,1.10698,1.00,1.63
2017.11.17 06:06:34.346,1.10681,1.10699,1.00,2.06
2017.11.17 06:06:34.976,1.10679,1.10699,1.25,1.88
2017.11.17 06:06:35.152,1.10681,1.10699,1.00,1.38
2017.11.17 06:06:35.357,1.10683,1.10703,1.00,2.25
2017.11.17 06:06:35.409,1.1068,1.10703,1.00,1.38
2017.11.17 06:06:35.511,1.10681,1.10702,1.19,1.38
2017.11.17 06:06:35.826,1.10686,1.10705,1.00,1.56
2017.11.17 06:06:36.030,1.10686,1.10707,1.00,1.38
2017.11.17 06:06:36.488,1.10687,1.10707,1.00,1.69
2017.11.17 06:06:36.539,1.10685,1.10707,1.00,1.81
2017.11.17 06:06:36.856,1.10688,1.10705,1.00,1.38
2017.11.17 06:06:37.230,1.10688,1.10706,1.00,1.87
2017.11.17 06:06:37.435,1.10686,1.10707,1.00,1.88
2017.11.17 06:06:37.588,1.10687,1.10707,1.00,1.63
2017.11.17 06:06:37.893,1.1069,1.10707,1.00,1.38
2017.11.17 06:06:38.046,1.10691,1.1071,1.00,2.06
2017.11.17 06:06:38.561,1.10691,1.1071,1.00,1.56
2017.11.17 06:06:39.110,1.10691,1.10711,1.00,3.00
2017.11.17 06:06:39.644,1.1069,1.10708,1.00,1.63
2017.11.17 06:06:40.176,1.1069,1.10708,1.00,1.63
2017.11.17 06:06:40.940,1.10689,1.10708,1.00,1.63
2017.11.17 06:06:44.219,1.1069,1.10709,1.00,1.88
2017.11.17 06:06:44.900,1.1069,1.10708,1.19,1.25
2017.11.17 06:06:47.287,1.1069,1.10708,1.19,1.50
2017.11.17 06:06:49.250,1.10692,1.10707,1.00,1.38
2017.11.17 06:06:49.907,1.10692,1.10708,1.00,2.25
2017.11.17 06:06:55.432,1.10692,1.10706,1.00,1.00
2017.11.17 06:06:57.715,1.10691,1.10706,1.00,1.88
2017.11.17 06:06:58.744,1.10691,1.10706,1.00,2.25
2017.11.17 06:06:59.288,1.10691,1.10706,1.00,2.44
2017.11.17 06:06:59.841,1.10689,1.10706,1.00,1.87
2017.11.17 06:06:59.892,1.10688,1.10705,1.00,2.81
2017.11.17 06:07:00.351,1.10685,1.10702,1.00,1.44
2017.11.17 06:07:00.554,1.10684,1.10702,1.00,1.81
2017.11.17 06:07:01.464,1.1068,1.10698,1.00,1.38
2017.11.17 06:07:01.771,1.10679,1.10698,1.00,1.75
2017.11.17 06:07:02.547,1.10679,1.10697,1.00,1.38
2017.11.17 06:07:03.657,1.10679,1.10696,1.00,1.38
2017.11.17 06:07:05.723,1.10679,1.10695,1.00,1.13
2017.11.17 06:07:06.243,1.10679,1.10695,1.00,1.38
2017.11.17 06:07:06.752,1.10679,1.10695,1.00,1.13
2017.11.17 06:07:07.614,1.10679,1.10695,1.00,1.38
2017.11.17 06:07:08.772,1.10679,1.10695,1.00,1.13
2017.11.17 06:07:11.527,1.10679,1.10696,1.00,1.38
2017.11.17 06:07:13.229,1.10674,1.10693,1.25,1.44
2017.11.17 06:07:13.332,1.10673,1.1069,1.00,1.00
2017.11.17 06:07:13.726,1.10673,1.10694,1.25,1.25
2017.11.17 06:07:14.286,1.10673,1.10693,1.25,1.25
2017.11.17 06:07:15.208,1.10673,1.10694,1.00,1.13
2017.11.17 06:07:17.552,1.10673,1.10693,1.00,1.13
2017.11.17 06:07:19.224,1.10673,1.10694,1.00,1.25
2017.11.17 06:07:19.699,1.10673,1.10693,1.00,1.44
2017.11.17 06:07:20.004,1.10673,1.10691,1.00,1.19
2017.11.17 06:07:20.055,1.10675,1.10694,1.00,1.44
2017.11.17 06:07:20.107,1.10673,1.10694,1.00,1.38
2017.11.17 06:07:20.158,1.10673,1.10694,1.00,2.63
2017.11.17 06:07:20.482,1.10676,1.10694,1.00,1.19
2017.11.17 06:07:20.534,1.10676,1.10694,1.00,1.00
2017.11.17 06:07:20.739,1.10678,1.10695,1.00,1.00
2017.11.17 06:07:21.044,1.10674,1.10692,1.00,3.00
2017.11.17 06:07:21.096,1.10672,1.10691,1.00,1.94
2017.11.17 06:07:21.148,1.1067,1.10687,1.00,1.31
2017.11.17 06:07:21.408,1.10668,1.10686,1.25,1.44
2017.11.17 06:07:21.768,1.10668,1.10686,1.25,1.38
2017.11.17 06:07:21.870,1.10668,1.10686,1.25,1.25
2017.11.17 06:07:22.287,1.10668,1.10687,1.25,1.63
2017.11.17 06:07:22.402,1.10668,1.10687,1.25,2.62
2017.11.17 06:07:22.656,1.10668,1.10687,1.25,1.38
2017.11.17 06:07:23.194,1.10669,1.10687,1.00,1.38
2017.11.17 06:07:24.477,1.10669,1.10685,1.00,1.44
2017.11.17 06:07:25.666,1.10669,1.10685,1.00,2.62
2017.11.17 06:07:25.768,1.10666,1.10684,1.00,3.37
2017.11.17 06:07:26.285,1.10666,1.10683,1.00,1.25
2017.11.17 06:07:28.290,1.10666,1.10684,1.00,1.00
2017.11.17 06:07:28.934,1.10667,1.10684,1.00,1.25
2017.11.17 06:07:29.569,1.10667,1.10685,1.00,1.87
2017.11.17 06:07:29.991,1.10667,1.10685,1.00,2.81
2017.11.17 06:07:30.510,1.10667,1.10685,1.00,2.63
2017.11.17 06:07:31.061,1.10667,1.10685,1.00,1.69
2017.11.17 06:07:31.517,1.10669,1.10686,1.00,1.50
2017.11.17 06:07:32.211,1.10669,1.10686,1.00,1.50
2017.11.17 06:07:32.726,1.10669,1.10686,1.00,1.25
2017.11.17 06:07:33.098,1.10669,1.10686,1.00,1.50
2017.11.17 06:07:33.941,1.10669,1.10686,1.00,1.25
2017.11.17 06:07:34.207,1.10669,1.10686,1.00,1.50
2017.11.17 06:07:35.662,1.10669,1.10686,1.00,1.44
2017.11.17 06:07:36.237,1.1067,1.10687,1.00,1.56
2017.11.17 06:07:36.840,1.1067,1.10688,1.00,2.81
2017.11.17 06:07:37.051,1.1067,1.10689,1.00,1.88
2017.11.17 06:07:37.152,1.1067,1.10689,1.00,2.06
2017.11.17 06:07:38.251,1.10673,1.1069,1.00,2.06
2017.11.17 06:07:38.305,1.10675,1.10692,1.00,1.56
2017.11.17 06:07:38.356,1.10677,1.10693,1.00,1.81
2017.11.17 06:07:38.458,1.10677,1.10694,1.00,1.81
2017.11.17 06:07:38.966,1.10678,1.10694,1.00,1.81
2017.11.17 06:07:39.631,1.10678,1.10694,1.00,1.81
2017.11.17 06:07:40.119,1.10678,1.10695,1.00,2.25
2017.11.17 06:07:40.271,1.10678,1.10694,1.00,1.75
2017.11.17 06:07:41.023,1.10678,1.10694,1.00,2.25
2017.11.17 06:07:41.676,1.10678,1.10694,1.00,1.75
2017.11.17 06:07:42.249,1.10678,1.10694,1.00,1.81
2017.11.17 06:07:42.453,1.10675,1.10694,1.00,3.00
2017.11.17 06:07:42.750,1.10675,1.10694,1.00,1.19
2017.11.17 06:07:42.801,1.10675,1.10694,1.00,1.75
2017.11.17 06:07:46.700,1.10675,1.10693,1.25,2.25
2017.11.17 06:07:47.324,1.10675,1.10693,1.25,2.25
2017.11.17 06:07:48.160,1.10675,1.10693,1.25,2.25
2017.11.17 06:07:48.622,1.10677,1.10693,1.00,1.00
2017.11.17 06:07:48.926,1.10679,1.10694,1.00,1.44
2017.11.17 06:07:49.488,1.10679,1.10694,1.00,1.56
2017.11.17 06:07:50.043,1.10679,1.10694,1.00,1.37
2017.11.17 06:07:50.564,1.10679,1.10694,1.00,1.63
2017.11.17 06:07:54.366,1.10676,1.10694,1.00,1.50
2017.11.17 06:07:55.502,1.10676,1.10694,1.00,1.56
2017.11.17 06:07:56.020,1.10675,1.10692,1.25,1.56
2017.11.17 06:07:56.223,1.10675,1.10694,1.25,2.06
2017.11.17 06:07:56.834,1.10675,1.10694,1.25,1.75
2017.11.17 06:07:57.608,1.10672,1.10693,1.19,1.81
2017.11.17 06:08:00.747,1.10671,1.10693,1.87,1.31
2017.11.17 06:08:01.900,1.10668,1.1069,1.25,1.63
2017.11.17 06:08:01.952,1.10663,1.10686,2.62,1.44
2017.11.17 06:08:02.004,1.10663,1.10685,1.12,1.25
2017.11.17 06:08:02.158,1.1066,1.10684,3.19,1.38
2017.11.17 06:08:03.531,1.10667,1.10689,1.44,1.19
2017.11.17 06:08:03.887,1.10668,1.1069,1.25,1.13
2017.11.17 06:08:04.436,1.10668,1.10689,1.25,1.63
2017.11.17 06:08:04.833,1.10672,1.10692,1.00,1.25
2017.11.17 06:08:05.194,1.10676,1.10694,1.12,1.56
2017.11.17 06:08:05.572,1.10678,1.10695,1.00,1.00
2017.11.17 06:08:05.724,1.10677,1.10699,1.69,1.00
2017.11.17 06:08:06.081,1.10678,1.10701,1.00,3.75
2017.11.17 06:08:08.043,1.10677,1.107,1.19,2.62
2017.11.17 06:08:08.586,1.10678,1.107,1.25,2.81
2017.11.17 06:08:09.127,1.10677,1.107,1.19,2.25
2017.11.17 06:08:09.502,1.10678,1.107,1.25,2.25
2017.11.17 06:08:10.016,1.10677,1.107,1.19,3.00
2017.11.17 06:08:11.537,1.10677,1.10699,1.19,1.25
2017.11.17 06:08:12.574,1.10678,1.10699,1.25,1.44
2017.11.17 06:08:13.626,1.10678,1.10699,1.25,1.44
2017.11.17 06:08:17.795,1.10678,1.10699,1.25,1.38
2017.11.17 06:08:18.482,1.10677,1.10699,1.19,1.25
2017.11.17 06:08:18.659,1.10678,1.10699,1.25,1.44
2017.11.17 06:08:19.208,1.10677,1.10699,1.19,1.44
2017.11.17 06:08:19.679,1.10678,1.10698,1.25,1.63
2017.11.17 06:08:20.196,1.10677,1.10697,1.19,1.12
2017.11.17 06:08:20.801,1.10678,1.10697,1.25,2.06
2017.11.17 06:08:21.903,1.10677,1.10697,1.19,1.12
2017.11.17 06:08:22.455,1.10678,1.10697,1.25,2.06
2017.11.17 06:08:26.267,1.10677,1.10697,1.19,1.25
2017.11.17 06:08:26.847,1.10677,1.10698,1.19,1.31
2017.11.17 06:08:27.408,1.10677,1.10697,1.19,1.00
2017.11.17 06:08:28.361,1.10678,1.10696,1.25,1.00
2017.11.17 06:08:28.692,1.10676,1.10694,1.44,1.25
2017.11.17 06:08:33.985,1.10676,1.10695,1.44,2.62
2017.11.17 06:08:36.142,1.10676,1.10696,1.44,1.12
2017.11.17 06:08:36.859,1.1068,1.10697,1.00,2.81
2017.11.17 06:08:41.903,1.1068,1.10696,1.00,2.06
2017.11.17 06:08:42.631,1.10679,1.10696,1.00,2.06
2017.11.17 06:08:43.186,1.10679,1.10697,1.00,2.81
2017.11.17 06:08:44.546,1.10679,1.10696,1.00,2.06
2017.11.17 06:08:45.171,1.10677,1.10698,1.19,2.06
2017.11.17 06:08:47.112,1.10677,1.10698,1.19,1.44
2017.11.17 06:08:47.658,1.10677,1.10698,1.19,1.87
2017.11.17 06:08:48.885,1.10676,1.10698,1.44,1.63
2017.11.17 06:08:49.586,1.10676,1.10698,1.44,2.06
2017.11.17 06:08:52.221,1.10676,1.10697,1.44,1.63
2017.11.17 06:08:52.739,1.10676,1.10697,1.44,1.50
2017.11.17 06:09:02.944,1.10676,1.10698,1.44,1.44
2017.11.17 06:09:03.248,1.10676,1.107,1.62,1.25
2017.11.17 06:09:03.491,1.1068,1.10702,1.44,1.87
2017.11.17 06:09:03.942,1.1068,1.10702,1.44,1.62
2017.11.17 06:09:04.476,1.1068,1.10702,1.31,3.00
2017.11.17 06:09:05.139,1.10679,1.10699,1.50,1.00
2017.11.17 06:09:05.778,1.10679,1.10702,1.50,2.25
2017.11.17 06:09:06.669,1.10677,1.10698,1.50,1.00
2017.11.17 06:09:07.470,1.10679,1.10698,1.13,1.00
2017.11.17 06:09:07.521,1.1068,1.107,1.13,1.25
2017.11.17 06:09:07.826,1.10683,1.10704,2.00,1.31
2017.11.17 06:09:08.131,1.10687,1.10707,1.75,1.56
2017.11.17 06:09:08.692,1.10687,1.10707,1.75,1.56
2017.11.17 06:09:09.597,1.10687,1.10707,1.75,1.56
2017.11.17 06:09:09.801,1.10686,1.10706,2.25,1.56
2017.11.17 06:09:10.133,1.10686,1.10706,1.75,1.31
2017.11.17 06:09:10.764,1.1069,1.10707,1.50,1.00
2017.11.17 06:09:11.019,1.1069,1.10709,1.50,1.00
2017.11.17 06:09:11.554,1.1069,1.10707,1.19,1.00
2017.11.17 06:09:13.138,1.10687,1.10707,2.25,1.63
2017.11.17 06:09:13.690,1.10687,1.10707,2.25,2.81
2017.11.17 06:09:14.387,1.10688,1.10707,1.75,2.06
2017.11.17 06:09:15.317,1.10688,1.10706,1.75,2.62
2017.11.17 06:09:15.390,1.10688,1.10706,1.75,1.69
2017.11.17 06:09:16.120,1.10687,1.10706,1.75,2.81
2017.11.17 06:09:17.593,1.10686,1.10706,2.25,1.87
2017.11.17 06:09:17.796,1.10688,1.10705,1.00,1.31
2017.11.17 06:09:18.000,1.10688,1.10704,1.44,1.69
2017.11.17 06:09:21.488,1.10688,1.10705,1.44,1.00
2017.11.17 06:09:26.042,1.1069,1.10705,1.00,1.00
2017.11.17 06:09:33.315,1.10687,1.10706,1.50,1.00
2017.11.17 06:09:34.817,1.10687,1.10705,1.31,1.00
2017.11.17 06:09:36.718,1.10689,1.10705,1.31,1.00
2017.11.17 06:09:36.770,1.10689,1.10708,1.31,1.00
2017.11.17 06:09:36.821,1.10692,1.10707,1.44,1.00
2017.11.17 06:09:36.873,1.10686,1.10704,1.25,1.00
2017.11.17 06:09:37.021,1.10683,1.10707,2.25,2.81
2017.11.17 06:09:37.073,1.10679,1.10698,1.37,1.00
2017.11.17 06:09:37.175,1.10679,1.10698,1.44,1.00
2017.11.17 06:09:37.379,1.10679,1.10698,1.37,1.25
2017.11.17 06:09:38.025,1.10679,1.10698,1.37,1.25
2017.11.17 06:09:38.509,1.10675,1.10696,2.25,1.00
2017.11.17 06:09:38.848,1.10674,1.10693,1.69,1.00
2017.11.17 06:09:39.158,1.10674,1.10691,1.62,1.00
2017.11.17 06:09:39.712,1.10674,1.10691,1.62,1.00
2017.11.17 06:09:39.966,1.10674,1.10693,1.62,1.00
2017.11.17 06:09:40.893,1.10673,1.10692,2.06,1.00
2017.11.17 06:09:41.452,1.10674,1.10692,1.69,1.00
2017.11.17 06:09:41.960,1.10675,1.10691,1.19,1.00
2017.11.17 06:09:42.670,1.10675,1.10691,1.19,1.00
2017.11.17 06:09:43.724,1.10673,1.10691,1.69,1.00
2017.11.17 06:09:43.928,1.10673,1.10692,1.69,1.00
2017.11.17 06:09:44.459,1.10674,1.10691,1.62,1.00
2017.11.17 06:09:44.663,1.10677,1.10694,1.81,1.00
2017.11.17 06:09:45.200,1.10677,1.10695,1.81,1.00
2017.11.17 06:09:46.219,1.10677,1.10694,1.81,1.00
2017.11.17 06:09:46.917,1.10677,1.10695,1.81,1.00
2017.11.17 06:09:47.729,1.10677,1.10695,1.81,1.00
2017.11.17 06:09:48.269,1.10677,1.10695,1.81,1.00
2017.11.17 06:09:49.005,1.10677,1.10695,1.81,1.00
2017.11.17 06:09:49.536,1.10677,1.10695,1.81,1.00
2017.11.17 06:09:51.747,1.10679,1.10695,1.81,1.00
2017.11.17 06:09:52.940,1.10683,1.10699,1.00,1.50
2017.11.17 06:09:58.621,1.10682,1.10698,1.00,1.12
2017.11.17 06:09:58.672,1.10679,1.10698,1.00,1.12
2017.11.17 06:09:58.927,1.10679,1.10696,1.00,1.00
2017.11.17 06:09:59.517,1.10679,1.10696,1.44,1.00
2017.11.17 06:10:00.151,1.10679,1.10696,1.00,1.00
2017.11.17 06:10:00.254,1.10677,1.10696,1.50,1.00
2017.11.17 06:10:00.599,1.10677,1.10696,1.88,1.00
2017.11.17 06:10:01.219,1.10677,1.10696,1.88,1.00
2017.11.17 06:10:01.641,1.10677,1.10695,2.25,1.00
2017.11.17 06:10:02.063,1.10677,1.10693,1.87,1.00
2017.11.17 06:10:05.767,1.10677,1.10692,1.00,1.00
2017.11.17 06:10:05.818,1.10674,1.10692,1.44,1.25
2017.11.17 06:10:05.921,1.10673,1.10692,1.00,1.00
2017.11.17 06:10:05.973,1.1067,1.10692,1.44,2.63
2017.11.17 06:10:06.075,1.1067,1.10689,1.31,1.00
2017.11.17 06:10:06.594,1.10672,1.10688,1.00,1.00
2017.11.17 06:10:07.101,1.10671,1.10688,1.25,1.50
2017.11.17 06:10:07.795,1.10671,1.10687,1.25,1.50
2017.11.17 06:10:17.874,1.10668,1.10684,1.44,1.00
2017.11.17 06:10:28.758,1.10668,1.10683,1.44,1.00
2017.11.17 06:10:35.093,1.10674,1.10683,1.44,1.00
2017.11.17 06:10:35.248,1.10673,1.10688,1.00,1.00
2017.11.17 06:10:35.299,1.10674,1.10688,1.44,1.00
2017.11.17 06:10:35.817,1.10674,1.10689,1.44,1.00
2017.11.17 06:10:36.599,1.10674,1.10688,1.44,1.00
2017.11.17 06:10:57.896,1.10671,1.10688,1.44,1.00
2017.11.17 06:10:57.999,1.10671,1.10686,1.44,1.00
2017.11.17 06:10:58.355,1.10669,1.10684,1.44,1.00
2017.11.17 06:11:06.454,1.10669,1.10686,1.44,1.00
2017.11.17 06:11:10.376,1.10669,1.10689,1.44,1.00
2017.11.17 06:11:14.552,1.1067,1.10689,1.00,1.00
2017.11.17 06:11:15.116,1.1067,1.10687,1.00,1.00
2017.11.17 06:11:16.057,1.10669,1.10687,1.44,1.00
2017.11.17 06:11:17.775,1.1067,1.10687,1.25,1.00
2017.11.17 06:11:23.425,1.10669,1.10687,1.44,1.00
2017.11.17 06:11:23.821,1.10669,1.10691,1.44,1.25
2017.11.17 06:11:26.448,1.1067,1.10691,1.00,1.69
2017.11.17 06:11:27.738,1.10669,1.1069,1.00,1.00
2017.11.17 06:11:27.840,1.10668,1.1069,1.31,1.00
2017.11.17 06:11:28.147,1.10669,1.10688,1.44,1.00
2017.11.17 06:11:30.029,1.10669,1.10689,1.44,1.12
2017.11.17 06:11:30.713,1.10669,1.10688,1.31,1.00
2017.11.17 06:11:30.764,1.10669,1.1069,1.31,3.37
2017.11.17 06:11:35.536,1.10668,1.1069,1.44,1.00
2017.11.17 06:11:35.689,1.10669,1.10689,1.00,1.00
2017.11.17 06:11:35.740,1.10668,1.10689,2.06,1.00
2017.11.17 06:11:36.424,1.10668,1.1069,2.25,1.00
2017.11.17 06:11:39.146,1.10669,1.1069,1.44,1.00
2017.11.17 06:11:39.453,1.10671,1.10693,1.75,2.44
2017.11.17 06:11:40.518,1.1067,1.10692,2.44,1.25
2017.11.17 06:11:40.569,1.1067,1.10692,2.44,1.25
2017.11.17 06:11:40.621,1.1067,1.10692,2.00,1.25
2017.11.17 06:11:40.672,1.10671,1.10692,1.75,1.25
2017.11.17 06:11:41.079,1.10674,1.10694,2.44,1.00
2017.11.17 06:11:41.639,1.10676,1.10694,1.56,1.00
2017.11.17 06:11:42.994,1.10675,1.10694,1.63,1.00
2017.11.17 06:11:45.116,1.10675,1.10694,1.63,1.00
2017.11.17 06:11:47.633,1.10676,1.10694,1.38,1.00
2017.11.17 06:11:54.611,1.10675,1.10694,1.63,1.00
2017.11.17 06:11:55.007,1.10675,1.10694,1.31,1.00
2017.11.17 06:11:56.503,1.10676,1.10694,1.31,1.50
2017.11.17 06:11:56.996,1.10676,1.10694,1.63,1.50
2017.11.17 06:11:58.222,1.10675,1.10694,1.56,1.50
2017.11.17 06:12:00.039,1.10675,1.10694,1.44,1.00
2017.11.17 06:12:00.610,1.10675,1.10694,1.56,1.00
2017.11.17 06:12:00.814,1.10675,1.10696,2.06,1.25
2017.11.17 06:12:01.018,1.10679,1.10695,1.00,1.00
2017.11.17 06:12:02.367,1.10675,1.10694,1.13,1.00
2017.11.17 06:12:02.420,1.10673,1.10693,1.25,1.00
2017.11.17 06:12:02.523,1.1067,1.10687,1.88,1.00
2017.11.17 06:12:02.575,1.10669,1.10687,2.06,1.00
2017.11.17 06:12:02.626,1.1067,1.10685,1.25,1.00
2017.11.17 06:12:03.150,1.10669,1.10686,2.06,1.00
2017.11.17 06:12:03.715,1.10669,1.10686,1.63,1.00
2017.11.17 06:12:04.620,1.10668,1.10686,2.44,1.00
2017.11.17 06:12:05.241,1.10668,1.10686,2.06,1.00
2017.11.17 06:12:05.644,1.10669,1.10686,1.44,1.00
2017.11.17 06:12:05.695,1.10668,1.10686,2.06,1.00
2017.11.17 06:12:05.867,1.10669,1.10686,1.44,1.00
2017.11.17 06:12:06.079,1.10668,1.10686,2.06,1.00
2017.11.17 06:12:06.634,1.10669,1.10686,1.44,1.00
2017.11.17 06:12:07.291,1.10669,1.10686,1.38,1.00
2017.11.17 06:12:07.446,1.10669,1.10686,1.00,1.00
2017.11.17 06:12:07.820,1.10669,1.10686,1.44,1.00
2017.11.17 06:12:08.154,1.10668,1.10686,2.06,1.00
2017.11.17 06:12:08.837,1.10669,1.10685,1.25,1.00
2017.11.17 06:12:09.766,1.10669,1.10685,1.31,1.00
2017.11.17 06:12:09.978,1.10668,1.10685,2.06,1.00
2017.11.17 06:12:10.249,1.10668,1.10687,2.06,1.00
2017.11.17 06:12:10.300,1.10668,1.10685,2.06,1.00
2017.11.17 06:12:16.129,1.10669,1.10685,1.00,1.00
2017.11.17 06:12:17.125,1.10669,1.10685,1.38,1.00
2017.11.17 06:12:17.635,1.10669,1.10685,1.38,1.00
2017.11.17 06:12:18.136,1.10669,1.10685,1.38,1.00
2017.11.17 06:12:18.445,1.10668,1.10685,1.31,1.00
2017.11.17 06:12:18.769,1.10665,1.10684,1.44,1.00
2017.11.17 06:12:18.871,1.10664,1.10683,1.88,1.00
2017.11.17 06:12:19.128,1.10665,1.10683,1.00,1.00
2017.11.17 06:12:19.632,1.10664,1.10683,1.69,1.00
2017.11.17 06:12:21.605,1.10664,1.10682,1.00,1.00
2017.11.17 06:12:22.238,1.10663,1.10682,1.00,1.00
2017.11.17 06:12:22.764,1.10664,1.10682,1.00,1.00
2017.11.17 06:12:29.019,1.10663,1.10682,1.00,1.00
2017.11.17 06:12:29.070,1.10664,1.1068,1.00,1.00
2017.11.17 06:12:29.696,1.10663,1.1068,1.00,1.00
2017.11.17 06:12:31.540,1.10664,1.1068,1.00,1.00
2017.11.17 06:12:32.335,1.10661,1.1068,1.88,1.00
2017.11.17 06:12:38.148,1.10661,1.10681,1.88,1.00
2017.11.17 06:12:38.313,1.1066,1.10677,1.00,1.00
2017.11.17 06:12:38.608,1.1066,1.1068,1.19,1.25
2017.11.17 06:12:39.495,1.10661,1.10681,1.88,1.50
2017.11.17 06:12:43.529,1.10661,1.10682,1.25,2.25
2017.11.17 06:12:43.707,1.10655,1.10676,1.25,1.00
2017.11.17 06:12:44.012,1.10656,1.10675,2.06,1.00
2017.11.17 06:12:44.753,1.10655,1.10675,1.94,1.00
2017.11.17 06:12:44.855,1.10653,1.10674,1.31,1.00
2017.11.17 06:12:45.417,1.10653,1.10674,2.06,1.00
2017.11.17 06:12:45.468,1.10653,1.10672,2.06,1.00
2017.11.17 06:12:45.529,1.10653,1.10674,2.06,1.00
2017.11.17 06:12:46.360,1.10654,1.10674,1.31,1.00
2017.11.17 06:12:46.924,1.10653,1.10674,1.31,1.00
2017.11.17 06:12:47.412,1.10654,1.10672,1.31,1.00
2017.11.17 06:12:48.392,1.10651,1.10672,4.50,1.00
2017.11.17 06:12:48.443,1.10651,1.1067,1.25,1.00
2017.11.17 06:12:48.906,1.10651,1.10671,2.44,1.00
2017.11.17 06:12:49.454,1.10651,1.1067,3.94,1.00
2017.11.17 06:12:49.607,1.10652,1.10673,2.25,1.19
2017.11.17 06:12:50.147,1.10652,1.10673,2.63,1.25
2017.11.17 06:12:50.320,1.10652,1.10671,2.63,1.00
2017.11.17 06:12:50.915,1.10652,1.10671,2.25,1.00
2017.11.17 06:12:51.220,1.10654,1.10673,2.44,1.00
2017.11.17 06:12:51.730,1.10653,1.10673,1.69,1.00
2017.11.17 06:12:52.271,1.10653,1.10673,2.25,1.00
2017.11.17 06:12:52.776,1.10653,1.10673,1.25,1.00
2017.11.17 06:12:54.546,1.10655,1.10673,1.00,1.00
2017.11.17 06:12:54.956,1.10652,1.10673,1.00,1.00
2017.11.17 06:12:55.007,1.10651,1.10671,1.25,1.00
2017.11.17 06:12:55.312,1.10647,1.10666,1.25,1.00
2017.11.17 06:12:55.648,1.10646,1.10664,1.69,1.00
2017.11.17 06:12:56.155,1.10646,1.10664,1.31,1.00
2017.11.17 06:12:56.669,1.10645,1.10664,1.31,1.00
2017.11.17 06:12:56.771,1.10643,1.10663,1.50,1.00
2017.11.17 06:12:56.947,1.10641,1.10659,1.38,1.00
2017.11.17 06:12:57.100,1.1064,1.10659,3.19,1.00
2017.11.17 06:12:57.202,1.1064,1.10659,2.63,1.00
2017.11.17 06:12:57.354,1.1064,1.10659,1.88,1.00
2017.11.17 06:12:57.659,1.10639,1.10659,1.50,1.00
2017.11.17 06:12:57.710,1.10639,1.10662,1.50,1.00
2017.11.17 06:12:58.015,1.10638,1.1066,1.25,1.00
2017.11.17 06:12:58.360,1.10637,1.10658,1.19,1.00
2017.11.17 06:12:58.667,1.10636,1.10656,1.50,1.00
2017.11.17 06:12:58.769,1.10635,1.10656,1.00,1.00
2017.11.17 06:12:59.054,1.10639,1.10656,1.00,1.00
2017.11.17 06:13:01.409,1.10641,1.1066,1.00,1.50
2017.11.17 06:13:01.461,1.10642,1.10662,1.00,1.69
2017.11.17 06:13:01.512,1.10644,1.10663,1.00,1.00
2017.11.17 06:13:02.046,1.10645,1.10664,1.00,1.31
2017.11.17 06:13:05.756,1.10646,1.10665,1.00,1.38
2017.11.17 06:13:06.316,1.10646,1.10665,1.00,1.12
2017.11.17 06:13:06.995,1.10646,1.10665,1.00,2.81
2017.11.17 06:13:07.686,1.10646,1.10665,1.00,1.69
2017.11.17 06:13:10.401,1.10646,1.10665,1.00,1.38
2017.11.17 06:13:10.452,1.10646,1.10665,1.00,1.69
2017.11.17 06:13:11.796,1.10646,1.10666,1.00,2.06
2017.11.17 06:13:12.045,1.10645,1.10664,1.00,1.00
2017.11.17 06:13:12.397,1.1065,1.10667,1.25,1.00
2017.11.17 06:13:12.448,1.1065,1.10669,1.25,1.50
2017.11.17 06:13:12.603,1.10651,1.10671,1.00,1.00
2017.11.17 06:13:12.654,1.10653,1.10672,1.00,1.25
2017.11.17 06:13:13.162,1.10653,1.10672,1.44,1.00
2017.11.17 06:13:13.214,1.10652,1.10673,1.00,3.38
2017.11.17 06:13:13.265,1.10653,1.10672,1.44,1.00
2017.11.17 06:13:13.316,1.10652,1.10673,1.00,3.38
2017.11.17 06:13:13.418,1.10652,1.10673,1.44,2.63
2017.11.17 06:13:14.058,1.10653,1.10673,1.44,2.44
2017.11.17 06:13:14.169,1.10651,1.10673,1.00,2.44
2017.11.17 06:13:14.272,1.10652,1.10673,1.87,3.19
2017.11.17 06:13:14.374,1.10652,1.10673,1.00,3.19
2017.11.17 06:13:14.425,1.10652,1.10673,1.87,3.19
2017.11.17 06:13:14.476,1.10652,1.10673,1.00,2.44
2017.11.17 06:13:17.346,1.10653,1.10673,1.44,1.69
2017.11.17 06:13:17.499,1.10653,1.10673,1.00,1.19
2017.11.17 06:13:19.235,1.10652,1.10673,1.87,1.50
2017.11.17 06:13:19.750,1.10653,1.10672,1.44,1.00
2017.11.17 06:13:21.535,1.10652,1.10672,1.00,1.00
2017.11.17 06:13:21.586,1.10653,1.10672,1.44,1.00
2017.11.17 06:13:21.812,1.10652,1.10672,1.50,1.00
2017.11.17 06:13:21.863,1.10653,1.10672,1.44,1.00
2017.11.17 06:13:22.910,1.10652,1.10672,1.50,1.00
2017.11.17 06:13:22.961,1.10653,1.10672,1.44,1.00
2017.11.17 06:13:23.176,1.10652,1.10672,1.00,1.00
2017.11.17 06:13:23.227,1.10652,1.10672,1.87,1.00
2017.11.17 06:13:23.464,1.10652,1.10672,1.50,1.00
2017.11.17 06:13:23.515,1.10653,1.10672,1.44,1.00
2017.11.17 06:13:23.793,1.10652,1.10672,1.50,1.00
2017.11.17 06:13:23.844,1.10653,1.10673,1.44,1.37
2017.11.17 06:13:24.365,1.10652,1.10674,1.00,2.62
2017.11.17 06:13:24.416,1.10652,1.10673,1.87,1.37
2017.11.17 06:13:24.995,1.10652,1.10674,1.00,1.87
2017.11.17 06:13:25.047,1.10653,1.10674,1.44,2.62
2017.11.17 06:13:27.122,1.10652,1.10673,1.00,2.62
2017.11.17 06:13:27.275,1.10653,1.10673,1.44,1.12
2017.11.17 06:13:27.578,1.10652,1.10673,1.19,2.62
2017.11.17 06:13:31.339,1.10652,1.10673,1.00,2.62
2017.11.17 06:13:34.445,1.10652,1.10673,1.19,1.50
2017.11.17 06:13:35.153,1.10653,1.10673,1.44,1.50
2017.11.17 06:13:35.293,1.10652,1.10673,1.50,1.50
2017.11.17 06:13:36.835,1.10652,1.10673,2.62,1.00
2017.11.17 06:13:36.887,1.10652,1.10673,1.50,1.00
2017.11.17 06:13:37.663,1.10652,1.10672,1.50,1.00
2017.11.17 06:13:38.253,1.10652,1.10673,1.50,1.00
2017.11.17 06:13:40.183,1.10652,1.10672,1.50,2.25
2017.11.17 06:13:40.496,1.10652,1.10672,1.87,1.87
2017.11.17 06:13:40.547,1.10652,1.10672,1.00,1.87
2017.11.17 06:13:45.913,1.10652,1.10672,1.19,1.87
2017.11.17 06:13:45.965,1.10652,1.10672,1.00,1.87
2017.11.17 06:13:46.501,1.10652,1.10671,1.00,1.00
2017.11.17 06:13:46.603,1.1065,1.10671,1.00,1.00
2017.11.17 06:13:47.111,1.1065,1.10672,1.00,1.69
2017.11.17 06:13:48.371,1.10654,1.10672,1.00,1.69
2017.11.17 06:13:49.369,1.10654,1.10672,1.00,1.19
2017.11.17 06:13:49.919,1.10653,1.10671,1.00,2.44
2017.11.17 06:13:50.452,1.10653,1.10672,1.00,1.50
2017.11.17 06:13:51.903,1.10653,1.10671,1.00,1.00
2017.11.17 06:13:53.593,1.10655,1.10671,1.00,1.00
2017.11.17 06:13:56.057,1.10655,1.1067,1.00,1.00
2017.11.17 06:13:56.579,1.10654,1.10669,1.00,1.50
2017.11.17 06:13:58.163,1.10655,1.1067,1.00,1.00
2017.11.17 06:13:59.374,1.10655,1.10671,1.00,1.87
2017.11.17 06:13:59.878,1.10656,1.10672,1.00,1.00
2017.11.17 06:14:01.426,1.10656,1.10673,1.00,1.69
2017.11.17 06:14:01.991,1.10656,1.10672,1.00,1.00
2017.11.17 06:14:04.270,1.10656,1.10671,1.00,1.00
2017.11.17 06:14:04.960,1.10656,1.1067,1.00,1.00
2017.11.17 06:14:07.739,1.10656,1.10672,1.00,3.37
2017.11.17 06:14:08.279,1.10656,1.10671,1.00,1.12
2017.11.17 06:14:10.115,1.10654,1.10671,1.00,1.12
2017.11.17 06:14:11.117,1.10654,1.10671,1.00,1.37
2017.11.17 06:14:11.931,1.10654,1.10669,1.00,1.12
2017.11.17 06:14:17.410,1.10654,1.10671,1.00,1.69
2017.11.17 06:14:22.332,1.10655,1.1067,1.00,1.00
2017.11.17 06:14:26.140,1.10656,1.1067,1.00,1.00
2017.11.17 06:14:27.182,1.10656,1.10672,1.00,1.31
2017.11.17 06:14:30.058,1.10656,1.10671,1.00,1.44
2017.11.17 06:14:30.855,1.10656,1.10672,1.00,1.31
2017.11.17 06:14:37.941,1.10656,1.10672,1.00,1.31
2017.11.17 06:14:38.472,1.10657,1.10672,1.00,1.12
2017.11.17 06:14:39.201,1.10656,1.10672,1.00,1.12
2017.11.17 06:14:39.746,1.10656,1.10672,1.00,1.63
2017.11.17 06:14:41.117,1.10657,1.10673,1.00,1.19
2017.11.17 06:14:41.219,1.10659,1.10675,1.00,1.87
2017.11.17 06:14:41.372,1.10659,1.10675,1.00,1.25
2017.11.17 06:14:41.506,1.10659,1.10675,1.00,1.19
2017.11.17 06:14:42.522,1.10659,1.10674,1.00,1.19
2017.11.17 06:14:45.901,1.1066,1.10674,1.00,1.19
2017.11.17 06:14:47.700,1.1066,1.10674,1.00,1.19
2017.11.17 06:14:49.747,1.10662,1.10675,1.00,1.25
2017.11.17 06:14:50.060,1.10664,1.10677,1.00,1.00
2017.11.17 06:14:50.582,1.10662,1.10677,1.00,1.19
2017.11.17 06:14:51.576,1.10664,1.10677,1.00,1.63
2017.11.17 06:14:51.880,1.10665,1.10679,1.00,1.00
2017.11.17 06:14:52.420,1.10666,1.10681,1.00,1.00
2017.11.17 06:14:52.921,1.10666,1.10681,1.00,1.19
2017.11.17 06:14:52.973,1.10668,1.10681,1.00,1.19
2017.11.17 06:14:53.228,1.10668,1.10682,1.00,1.69
2017.11.17 06:14:53.772,1.10669,1.10682,1.00,1.25
2017.11.17 06:14:54.310,1.10668,1.10682,1.00,1.69
2017.11.17 06:14:55.454,1.10667,1.10682,1.00,1.69
2017.11.17 06:14:56.113,1.10667,1.10682,1.00,1.00
2017.11.17 06:14:56.628,1.10668,1.10682,1.00,1.00
2017.11.17 06:14:58.010,1.10662,1.10682,1.44,1.50
2017.11.17 06:15:00.458,1.10666,1.10682,1.00,1.00
2017.11.17 06:15:01.780,1.10666,1.10683,1.00,1.00
2017.11.17 06:15:02.759,1.10662,1.10683,2.44,1.50
2017.11.17 06:15:03.781,1.10662,1.10682,2.44,1.00
2017.11.17 06:15:04.490,1.10665,1.10683,1.25,1.00
2017.11.17 06:15:08.245,1.10666,1.10683,1.00,1.00
2017.11.17 06:15:08.780,1.10665,1.10683,1.13,1.00
2017.11.17 06:15:09.541,1.10666,1.10683,1.25,1.00
2017.11.17 06:15:10.101,1.10665,1.10683,1.25,1.00
2017.11.17 06:15:10.732,1.10666,1.10683,1.00,1.00
2017.11.17 06:15:11.884,1.10666,1.10684,1.00,1.25
2017.11.17 06:15:16.130,1.10666,1.10685,1.00,1.87
2017.11.17 06:15:16.671,1.10666,1.10684,1.00,1.00
2017.11.17 06:15:17.200,1.10665,1.10684,1.25,1.50
2017.11.17 06:15:17.745,1.10666,1.10684,1.00,1.50
2017.11.17 06:15:19.925,1.10665,1.10684,1.00,1.50
2017.11.17 06:15:23.010,1.10665,1.10685,1.00,3.19
2017.11.17 06:15:23.576,1.10665,1.10684,1.00,1.25
2017.11.17 06:15:24.997,1.10663,1.10685,1.69,1.69
2017.11.17 06:15:25.050,1.10662,1.1068,1.25,1.00
2017.11.17 06:15:27.822,1.10659,1.10678,1.00,1.44
2017.11.17 06:15:28.000,1.10656,1.10679,1.25,1.88
2017.11.17 06:15:28.102,1.10656,1.10677,1.25,2.25
2017.11.17 06:15:28.461,1.10656,1.10675,1.25,1.00
2017.11.17 06:15:28.911,1.10656,1.10673,1.25,1.00
2017.11.17 06:15:29.571,1.10654,1.10673,1.13,1.25
2017.11.17 06:15:29.622,1.10653,1.10671,1.44,1.00
2017.11.17 06:15:30.135,1.10652,1.10672,1.50,1.00
2017.11.17 06:15:30.527,1.10651,1.10671,1.87,1.69
2017.11.17 06:15:31.080,1.10651,1.1067,1.19,1.69
2017.11.17 06:15:31.625,1.10651,1.10673,1.69,1.69
2017.11.17 06:15:31.676,1.10654,1.10673,1.44,1.69
2017.11.17 06:15:32.317,1.10654,1.10673,1.44,1.19
2017.11.17 06:15:33.079,1.10654,1.10673,1.44,2.44
2017.11.17 06:15:35.340,1.10651,1.10673,1.44,2.44
2017.11.17 06:15:35.391,1.1065,1.10671,1.50,1.00
2017.11.17 06:15:44.783,1.10648,1.10671,1.25,1.25
2017.11.17 06:15:45.245,1.10647,1.10669,1.25,1.00
2017.11.17 06:15:45.671,1.10647,1.10668,1.13,2.44
2017.11.17 06:15:49.324,1.10646,1.10668,3.38,1.00
2017.11.17 06:15:49.859,1.10646,1.10669,4.31,1.00
2017.11.17 06:15:55.723,1.10646,1.1067,4.31,3.94
2017.11.17 06:16:04.072,1.10646,1.10669,2.63,1.00
2017.11.17 06:16:05.828,1.10647,1.10668,1.13,1.50
2017.11.17 06:16:06.303,1.10647,1.10667,1.13,1.19
2017.11.17 06:16:08.585,1.10646,1.10667,3.38,1.00
2017.11.17 06:16:09.275,1.10648,1.10667,1.00,1.00
2017.11.17 06:16:09.933,1.10647,1.10667,1.25,1.00
2017.11.17 06:16:10.458,1.10648,1.10667,1.00,1.00
2017.11.17 06:16:11.255,1.10647,1.10667,1.25,1.00
2017.11.17 06:16:12.501,1.10648,1.10667,1.00,1.00
2017.11.17 06:16:12.653,1.10648,1.10669,1.00,1.50
2017.11.17 06:16:15.343,1.10649,1.10669,1.00,1.37
2017.11.17 06:16:17.957,1.10649,1.10669,1.00,1.12
2017.11.17 06:16:18.600,1.1065,1.10669,1.00,1.12
2017.11.17 06:16:19.501,1.10648,1.10669,1.50,1.12
2017.11.17 06:16:20.020,1.10649,1.10669,1.00,1.25
2017.11.17 06:16:21.703,1.10648,1.10669,1.50,1.25
2017.11.17 06:16:22.235,1.10649,1.10669,1.00,1.00
2017.11.17 06:16:22.906,1.1065,1.1067,1.00,1.25
2017.11.17 06:16:23.565,1.1065,1.10669,1.00,1.00
2017.11.17 06:16:29.281,1.10649,1.10669,1.50,1.00
2017.11.17 06:16:29.840,1.1065,1.10669,1.00,1.00
2017.11.17 06:16:31.701,1.1065,1.10671,1.00,1.00
2017.11.17 06:16:34.556,1.1065,1.10672,1.00,2.25
2017.11.17 06:16:35.071,1.1065,1.10671,1.00,1.00
2017.11.17 06:16:35.721,1.1065,1.10672,1.00,2.25
2017.11.17 06:16:36.459,1.1065,1.10671,1.00,1.00
2017.11.17 06:16:38.595,1.1065,1.10672,1.00,2.25
2017.11.17 06:16:39.904,1.1065,1.10671,1.50,1.00
2017.11.17 06:16:40.417,1.1065,1.10672,1.50,2.25
2017.11.17 06:16:41.851,1.1065,1.10671,1.50,1.00
2017.11.17 06:16:42.779,1.1065,1.10672,1.50,2.25
2017.11.17 06:16:44.010,1.1065,1.10671,1.50,1.00
2017.11.17 06:16:44.850,1.1065,1.10672,1.50,2.25
2017.11.17 06:16:46.539,1.1065,1.10671,1.00,1.00
2017.11.17 06:16:47.401,1.1065,1.10672,1.00,2.25
2017.11.17 06:16:48.061,1.1065,1.10671,1.00,1.00
2017.11.17 06:16:49.389,1.1065,1.10672,1.00,2.25
2017.11.17 06:16:52.131,1.1065,1.10671,1.00,1.00
2017.11.17 06:16:52.729,1.1065,1.10672,1.00,2.25
2017.11.17 06:16:53.859,1.1065,1.10671,1.00,1.00
2017.11.17 06:16:54.970,1.10649,1.10672,1.00,2.44
2017.11.17 06:16:55.022,1.10653,1.10672,1.00,3.19
2017.11.17 06:16:55.623,1.10652,1.10671,1.00,1.00
2017.11.17 06:17:00.071,1.10652,1.10672,1.00,2.25
2017.11.17 06:17:00.648,1.10653,1.10672,1.00,1.00
2017.11.17 06:17:01.186,1.10653,1.10671,1.00,1.00
2017.11.17 06:17:02.135,1.10653,1.10672,1.00,2.25
2017.11.17 06:17:02.438,1.10655,1.10673,1.00,1.00
2017.11.17 06:17:03.049,1.10656,1.10673,1.00,1.00
2017.11.17 06:17:03.555,1.10657,1.10674,1.00,1.12
2017.11.17 06:17:03.963,1.10657,1.10674,1.00,2.62
2017.11.17 06:17:04.558,1.10657,1.10673,1.00,1.12
2017.11.17 06:17:08.150,1.10656,1.10673,1.00,1.12
2017.11.17 06:17:10.176,1.10656,1.10672,1.00,1.12
2017.11.17 06:17:15.164,1.10656,1.10672,1.69,1.25
2017.11.17 06:17:15.833,1.10656,1.10673,1.69,1.25
2017.11.17 06:17:16.476,1.10656,1.10673,1.69,1.19
2017.11.17 06:17:16.985,1.10658,1.10673,1.00,1.19
2017.11.17 06:17:22.282,1.10656,1.10673,1.19,1.19
2017.11.17 06:17:27.905,1.10656,1.10673,1.69,1.12
2017.11.17 06:17:34.968,1.10658,1.10674,1.00,1.19
2017.11.17 06:17:36.557,1.10657,1.10672,1.00,1.19
2017.11.17 06:17:36.862,1.10657,1.10673,1.00,2.81
2017.11.17 06:17:36.914,1.10655,1.10673,1.00,2.06
2017.11.17 06:17:37.016,1.10653,1.10673,1.00,1.12
2017.11.17 06:17:37.067,1.10653,1.1067,1.00,1.69
2017.11.17 06:17:37.584,1.10653,1.10668,1.00,1.25
2017.11.17 06:17:38.174,1.10654,1.10668,1.00,1.25
2017.11.17 06:17:38.584,1.10653,1.1067,1.00,1.69
2017.11.17 06:17:42.527,1.10655,1.10672,1.00,1.87
2017.11.17 06:17:42.629,1.10655,1.10672,1.00,1.69
2017.11.17 06:17:43.144,1.10656,1.10672,1.50,1.25
2017.11.17 06:17:47.252,1.10655,1.10672,1.00,1.00
2017.11.17 06:17:47.852,1.10656,1.10672,1.00,1.25
2017.11.17 06:17:48.573,1.10655,1.10672,1.00,1.00
2017.11.17 06:17:49.103,1.10656,1.10675,1.88,1.25
2017.11.17 06:17:49.314,1.10657,1.10677,1.69,1.13
2017.11.17 06:17:49.365,1.10657,1.10677,1.00,1.38
2017.11.17 06:17:49.873,1.10656,1.10678,1.00,2.06
2017.11.17 06:17:49.924,1.10656,1.10678,1.00,2.81
2017.11.17 06:17:50.436,1.10656,1.10677,1.00,1.63
2017.11.17 06:17:50.944,1.10655,1.10676,1.00,1.38
2017.11.17 06:17:51.249,1.10655,1.10679,1.19,2.81
2017.11.17 06:17:51.774,1.10658,1.10677,1.00,1.25
2017.11.17 06:17:57.982,1.10657,1.10678,1.25,2.81
2017.11.17 06:17:58.294,1.10657,1.10678,1.25,1.88
2017.11.17 06:18:00.748,1.10657,1.10678,1.25,1.88
2017.11.17 06:18:01.276,1.10658,1.10678,1.00,2.06
2017.11.17 06:18:01.804,1.10658,1.10678,1.00,3.00
2017.11.17 06:18:02.400,1.10654,1.10675,2.62,1.00
2017.11.17 06:18:02.906,1.10654,1.10676,2.62,1.00
2017.11.17 06:18:03.847,1.10654,1.10676,1.50,1.00
2017.11.17 06:18:04.453,1.10653,1.10676,1.50,1.25
2017.11.17 06:18:04.836,1.10655,1.10676,1.00,1.25
2017.11.17 06:18:07.236,1.10656,1.10676,1.00,1.44
2017.11.17 06:18:10.352,1.10657,1.10678,1.00,3.00
2017.11.17 06:18:10.556,1.10657,1.10676,1.00,1.44
2017.11.17 06:18:11.068,1.10657,1.10673,1.00,1.00
2017.11.17 06:18:11.679,1.10656,1.10673,1.00,1.37
2017.11.17 06:18:12.484,1.10656,1.10673,1.00,1.25
2017.11.17 06:18:12.701,1.10654,1.10673,1.00,1.00
2017.11.17 06:18:13.308,1.10654,1.10674,1.00,1.69
2017.11.17 06:18:13.990,1.10655,1.10673,1.00,1.00
2017.11.17 06:18:14.715,1.10655,1.10674,1.00,1.69
2017.11.17 06:18:14.893,1.10655,1.10672,1.00,1.00
2017.11.17 06:18:15.616,1.10655,1.10671,1.00,1.00
2017.11.17 06:18:27.548,1.10655,1.10673,1.00,1.25
2017.11.17 06:18:27.700,1.10657,1.10677,1.00,1.25
2017.11.17 06:18:28.264,1.10657,1.10677,1.00,1.44
2017.11.17 06:18:35.780,1.10657,1.10677,1.00,1.13
2017.11.17 06:18:36.449,1.10657,1.10677,1.00,1.38
2017.11.17 06:18:46.279,1.10656,1.10676,1.00,1.25
2017.11.17 06:18:51.986,1.10655,1.10676,1.00,1.00
2017.11.17 06:18:52.386,1.10658,1.10676,1.00,1.00
2017.11.17 06:18:54.084,1.10657,1.10676,1.00,1.00
2017.11.17 06:18:54.395,1.10661,1.10678,1.00,3.19
2017.11.17 06:18:55.117,1.10661,1.10677,1.00,1.00
2017.11.17 06:18:55.680,1.10661,1.10677,1.00,1.31
2017.11.17 06:18:56.865,1.10661,1.10676,1.00,1.19
2017.11.17 06:19:04.444,1.10663,1.10676,1.00,1.44
2017.11.17 06:19:06.600,1.10661,1.10675,1.00,1.12
2017.11.17 06:19:07.168,1.10661,1.10674,1.00,1.87
2017.11.17 06:19:12.869,1.10661,1.10675,1.00,1.25
2017.11.17 06:19:13.905,1.10661,1.10676,1.00,2.06
2017.11.17 06:19:14.455,1.10663,1.10676,1.00,2.06
2017.11.17 06:19:19.156,1.10664,1.10676,1.00,1.25
2017.11.17 06:19:19.258,1.10664,1.10679,1.00,1.00
2017.11.17 06:19:19.360,1.10666,1.10679,1.00,1.00
2017.11.17 06:19:19.950,1.10666,1.10678,1.00,1.00
2017.11.17 06:19:20.895,1.10666,1.10679,1.00,1.25
2017.11.17 06:19:31.484,1.10666,1.10681,1.00,1.37
2017.11.17 06:19:32.162,1.10666,1.10681,1.00,1.00
2017.11.17 06:19:35.088,1.10666,1.10682,1.00,1.87
2017.11.17 06:19:36.727,1.10666,1.10681,1.00,1.12
2017.11.17 06:19:36.983,1.10667,1.10683,1.00,1.25
2017.11.17 06:19:37.205,1.1067,1.10686,1.00,1.25
2017.11.17 06:19:37.514,1.10672,1.10686,1.00,1.25
2017.11.17 06:19:38.451,1.10672,1.10685,1.00,1.00
2017.11.17 06:19:38.965,1.10672,1.10686,1.00,1.69
2017.11.17 06:19:40.523,1.1067,1.10686,1.00,1.12
2017.11.17 06:19:42.221,1.1067,1.10685,1.00,1.69
2017.11.17 06:19:42.474,1.1067,1.10684,1.00,1.69
2017.11.17 06:19:43.190,1.1067,1.10684,1.00,1.69
2017.11.17 06:19:53.992,1.1067,1.10683,1.00,1.00
2017.11.17 06:19:55.203,1.10668,1.10682,1.00,1.00
2017.11.17 06:19:55.254,1.10666,1.10682,1.00,1.00
2017.11.17 06:19:55.356,1.10666,1.10681,1.00,1.44
2017.11.17 06:19:55.408,1.10664,1.1068,1.00,2.25
2017.11.17 06:19:55.612,1.10664,1.10677,1.00,1.00
2017.11.17 06:20:05.192,1.10662,1.10679,1.00,2.44
2017.11.17 06:20:05.893,1.10662,1.10679,1.00,1.69
2017.11.17 06:20:07.630,1.10662,1.10678,1.00,1.00
2017.11.17 06:20:09.191,1.10667,1.10683,1.00,1.50
2017.11.17 06:20:09.724,1.10666,1.10684,1.00,3.75
2017.11.17 06:20:10.257,1.10666,1.10684,1.00,3.56
2017.11.17 06:20:10.359,1.10663,1.10684,1.00,3.56
2017.11.17 06:20:11.109,1.10663,1.10682,1.00,1.31
2017.11.17 06:20:11.160,1.10657,1.1068,1.00,2.00
2017.11.17 06:20:11.663,1.10656,1.10678,1.00,1.19
2017.11.17 06:20:12.210,1.10655,1.10679,1.00,3.37
2017.11.17 06:20:12.736,1.10656,1.10679,1.00,3.56
2017.11.17 06:20:15.714,1.10656,1.10676,1.00,1.88
2017.11.17 06:20:15.815,1.10656,1.10676,1.00,1.69
2017.11.17 06:20:16.670,1.10656,1.10675,1.00,1.44
2017.11.17 06:20:16.772,1.10654,1.10674,1.00,1.44
2017.11.17 06:20:17.301,1.10654,1.10674,1.00,1.38
2017.11.17 06:20:19.800,1.10654,1.10674,1.00,1.00
2017.11.17 06:20:20.319,1.10655,1.10675,1.00,1.69
2017.11.17 06:20:21.025,1.1066,1.10675,1.00,1.69
2017.11.17 06:20:25.250,1.1066,1.10674,1.00,1.00
2017.11.17 06:20:25.812,1.10658,1.10674,1.00,1.25
2017.11.17 06:20:32.826,1.10659,1.10674,1.00,1.00
2017.11.17 06:20:32.878,1.10661,1.10674,1.00,1.00
2017.11.17 06:20:33.294,1.10661,1.10676,1.00,1.87
2017.11.17 06:20:33.867,1.10661,1.10675,1.00,1.00
2017.11.17 06:20:34.529,1.10661,1.10676,1.00,1.12
2017.11.17 06:20:38.012,1.10654,1.1067,1.50,1.00
2017.11.17 06:20:38.114,1.1065,1.10668,2.44,1.00
2017.11.17 06:20:38.657,1.1065,1.10668,1.44,1.00
2017.11.17 06:20:38.708,1.1065,1.10666,1.69,1.00
2017.11.17 06:20:39.252,1.1065,1.10666,1.44,1.00
2017.11.17 06:20:39.634,1.10648,1.10666,1.69,1.00
2017.11.17 06:20:39.685,1.10648,1.10664,1.00,1.00
2017.11.17 06:20:40.301,1.10647,1.10664,1.25,1.00
2017.11.17 06:20:41.644,1.10646,1.10664,1.25,1.00
2017.11.17 06:20:43.901,1.10645,1.10664,1.25,1.00
2017.11.17 06:20:44.229,1.10647,1.10664,1.00,1.00
2017.11.17 06:20:44.727,1.10651,1.10664,1.00,1.00
2017.11.17 06:20:45.235,1.1065,1.10664,1.00,1.00
2017.11.17 06:20:45.739,1.10647,1.10664,1.00,1.00
2017.11.17 06:20:46.343,1.10647,1.10663,1.00,1.00
2017.11.17 06:20:48.741,1.10648,1.10663,1.00,1.00
2017.11.17 06:20:49.332,1.10647,1.10663,1.00,1.00
2017.11.17 06:20:50.009,1.10648,1.10663,1.00,1.00
2017.11.17 06:20:50.060,1.10653,1.10663,1.00,1.00
2017.11.17 06:20:50.596,1.10653,1.10664,1.00,1.00
2017.11.17 06:20:51.126,1.10656,1.10665,1.00,1.00
2017.11.17 06:20:51.432,1.10656,1.10667,1.00,1.00
2017.11.17 06:20:51.484,1.10659,1.1067,1.00,1.00
2017.11.17 06:20:51.739,1.10658,1.10672,1.00,1.00
2017.11.17 06:20:52.450,1.10659,1.10672,1.00,1.00
2017.11.17 06:20:53.054,1.10658,1.10672,1.00,1.00
2017.11.17 06:20:53.565,1.10659,1.10672,1.00,1.00
2017.11.17 06:20:53.840,1.10656,1.10672,1.00,1.00
2017.11.17 06:20:53.892,1.10656,1.1067,1.00,1.00
2017.11.17 06:20:54.401,1.10656,1.10671,1.00,1.00
2017.11.17 06:20:55.203,1.10655,1.10671,1.50,1.00
2017.11.17 06:20:55.707,1.10656,1.10671,1.00,1.00
2017.11.17 06:20:57.015,1.10655,1.10671,1.50,1.00
2017.11.17 06:20:58.375,1.10656,1.10671,1.00,1.00
2017.11.17 06:20:59.929,1.10657,1.10671,1.00,1.00
2017.11.17 06:21:00.520,1.10658,1.10671,1.00,1.00
2017.11.17 06:21:03.858,1.10657,1.10671,1.00,1.00
2017.11.17 06:21:04.379,1.10658,1.10673,1.00,1.50
2017.11.17 06:21:04.942,1.10653,1.10671,1.00,1.00
2017.11.17 06:21:05.539,1.10654,1.10671,1.00,1.00
2017.11.17 06:21:08.065,1.10654,1.1067,1.00,1.00
2017.11.17 06:21:09.492,1.10653,1.10669,1.00,1.00
2017.11.17 06:21:10.039,1.10654,1.10669,1.00,1.00
2017.11.17 06:21:11.070,1.10654,1.10668,1.00,1.00
2017.11.17 06:21:11.675,1.10654,1.10669,1.00,1.00
2017.11.17 06:21:16.612,1.10654,1.1067,1.00,1.00
2017.11.17 06:21:17.338,1.10653,1.1067,1.00,1.00
2017.11.17 06:21:17.569,1.10659,1.10674,1.00,1.00
2017.11.17 06:21:17.895,1.10662,1.10677,1.00,1.00
2017.11.17 06:21:19.188,1.10663,1.10677,1.00,1.00
2017.11.17 06:21:19.239,1.10662,1.10679,1.00,1.00
2017.11.17 06:21:19.744,1.10663,1.10678,1.00,1.00
2017.11.17 06:21:21.602,1.10662,1.10678,1.00,1.00
2017.11.17 06:21:22.707,1.10663,1.10678,1.00,1.00
2017.11.17 06:21:25.571,1.10662,1.10678,1.00,1.00
2017.11.17 06:21:26.100,1.10663,1.10678,1.00,1.00
2017.11.17 06:21:27.105,1.10663,1.1068,1.00,1.00
2017.11.17 06:21:31.467,1.10663,1.10678,1.00,1.00
2017.11.17 06:21:34.092,1.10662,1.10678,1.00,1.00
2017.11.17 06:21:36.150,1.10663,1.10678,1.00,1.00
2017.11.17 06:21:39.237,1.10664,1.10678,1.00,1.00
2017.11.17 06:21:40.912,1.10663,1.10678,1.00,1.00
2017.11.17 06:21:41.667,1.10664,1.10678,1.00,1.00
2017.11.17 06:21:42.357,1.10663,1.10678,1.00,1.00
2017.11.17 06:21:42.925,1.10664,1.10678,1.00,1.00
2017.11.17 06:21:43.614,1.10663,1.1068,1.00,1.19
2017.11.17 06:21:46.779,1.10663,1.1068,1.00,1.00
2017.11.17 06:21:47.338,1.10664,1.10681,1.00,1.00
2017.11.17 06:21:47.999,1.10663,1.10681,1.69,1.00
2017.11.17 06:21:48.964,1.10663,1.10678,1.69,1.00
2017.11.17 06:21:49.219,1.10663,1.1068,1.19,1.50
2017.11.17 06:21:49.321,1.1066,1.10681,1.00,1.00
2017.11.17 06:21:49.423,1.10668,1.10685,1.00,1.50
2017.11.17 06:21:49.945,1.10667,1.10685,1.25,1.00
2017.11.17 06:21:50.293,1.10668,1.10685,1.44,1.00
2017.11.17 06:21:51.080,1.10667,1.10685,1.25,1.00
2017.11.17 06:21:51.568,1.10668,1.10685,1.44,1.00
2017.11.17 06:21:52.068,1.10668,1.10685,1.00,1.00
2017.11.17 06:21:52.861,1.10668,1.10685,1.44,1.00
2017.11.17 06:21:53.227,1.10667,1.10685,1.00,1.00
2017.11.17 06:21:53.770,1.10668,1.10685,1.00,1.00
2017.11.17 06:21:54.543,1.10667,1.10685,1.50,1.50
2017.11.17 06:21:54.645,1.10668,1.10683,1.00,1.00
2017.11.17 06:21:55.240,1.10668,1.10683,1.38,1.00
2017.11.17 06:21:55.582,1.10668,1.10683,1.38,1.00
2017.11.17 06:21:55.707,1.10667,1.10683,1.88,1.00
2017.11.17 06:21:55.902,1.10668,1.10683,1.38,1.00
2017.11.17 06:21:55.953,1.10664,1.10683,1.31,1.00
2017.11.17 06:21:56.779,1.10663,1.10683,3.19,1.00
2017.11.17 06:21:58.086,1.10664,1.10681,1.25,1.00
2017.11.17 06:21:58.710,1.10663,1.10681,1.13,1.00
2017.11.17 06:22:04.563,1.10664,1.10681,1.00,1.00
2017.11.17 06:22:10.762,1.10663,1.10681,1.25,1.00
2017.11.17 06:22:12.368,1.10666,1.10681,1.00,1.00
2017.11.17 06:22:13.028,1.10665,1.10681,1.00,1.00
2017.11.17 06:22:13.964,1.10673,1.10684,1.00,2.44
2017.11.17 06:22:14.634,1.10672,1.10683,1.00,1.69
2017.11.17 06:22:17.692,1.10672,1.10682,1.00,1.00
2017.11.17 06:22:18.255,1.10671,1.10682,1.00,1.00
2017.11.17 06:22:24.178,1.10672,1.10685,1.00,1.87
2017.11.17 06:22:24.229,1.10673,1.10685,1.00,1.00
2017.11.17 06:22:24.756,1.10673,1.10687,1.00,1.19
2017.11.17 06:22:25.772,1.10676,1.10687,1.00,1.00
2017.11.17 06:22:25.823,1.10676,1.10689,1.00,1.00
2017.11.17 06:22:26.026,1.10677,1.10691,1.00,1.50
2017.11.17 06:22:27.357,1.10676,1.10691,1.00,1.25
2017.11.17 06:22:27.858,1.10676,1.10692,1.00,1.25
2017.11.17 06:22:28.112,1.10678,1.10694,1.00,3.38
2017.11.17 06:22:28.643,1.10678,1.10694,1.00,1.31
2017.11.17 06:22:29.160,1.10678,1.10694,1.00,1.69
2017.11.17 06:22:29.669,1.10677,1.10693,1.00,2.63
2017.11.17 06:22:29.969,1.10675,1.10693,1.00,1.50
2017.11.17 06:22:33.230,1.10675,1.10693,1.00,2.06
2017.11.17 06:22:33.754,1.10675,1.10693,1.00,1.69
2017.11.17 06:22:35.004,1.10675,1.10693,1.00,2.63
2017.11.17 06:22:36.478,1.10675,1.10693,1.00,1.69
2017.11.17 06:22:37.081,1.10675,1.10693,1.25,2.63
2017.11.17 06:22:39.225,1.10675,1.10693,1.00,1.25
2017.11.17 06:22:39.773,1.10675,1.10693,1.00,2.63
2017.11.17 06:22:40.946,1.10675,1.10693,1.00,1.25
2017.11.17 06:22:41.704,1.10675,1.10693,1.25,1.88
2017.11.17 06:22:43.224,1.10675,1.10693,1.00,1.69
2017.11.17 06:22:44.396,1.10675,1.10693,1.00,1.88
2017.11.17 06:22:45.150,1.10675,1.10693,1.00,1.25
2017.11.17 06:22:45.204,1.10681,1.10699,1.00,1.56
2017.11.17 06:22:45.255,1.10681,1.10699,1.00,1.00
2017.11.17 06:22:45.307,1.10683,1.107,1.00,1.88
2017.11.17 06:22:45.613,1.10686,1.10703,1.00,2.06
2017.11.17 06:22:46.284,1.10686,1.10703,1.00,2.81
2017.11.17 06:22:47.623,1.10683,1.10702,1.00,1.56
2017.11.17 06:22:47.674,1.10683,1.10703,1.00,2.25
2017.11.17 06:22:48.393,1.10683,1.10703,1.00,4.13
2017.11.17 06:22:48.948,1.10683,1.10703,1.00,2.44
2017.11.17 06:22:49.124,1.10685,1.10704,1.19,1.44
2017.11.17 06:22:49.438,1.10693,1.10708,1.00,1.38
2017.11.17 06:22:49.748,1.10687,1.10703,1.00,1.38
2017.11.17 06:22:50.003,1.10684,1.10702,1.00,2.06
2017.11.17 06:22:50.055,1.10685,1.10702,1.00,1.44
2017.11.17 06:22:50.106,1.10685,1.10702,1.00,1.38
2017.11.17 06:22:50.468,1.10679,1.107,1.00,1.56
2017.11.17 06:22:51.024,1.10679,1.107,1.00,1.56
2017.11.17 06:22:51.075,1.10679,1.107,1.00,1.56
2017.11.17 06:22:51.232,1.10679,1.107,1.00,1.56
2017.11.17 06:22:51.400,1.10679,1.10701,1.00,2.25
2017.11.17 06:22:51.912,1.10679,1.10702,1.00,3.00
2017.11.17 06:22:52.457,1.10679,1.10701,1.00,2.25
2017.11.17 06:22:53.005,1.10679,1.10701,1.00,3.00
2017.11.17 06:22:56.281,1.10679,1.10701,1.00,1.81
2017.11.17 06:22:56.784,1.10675,1.10698,1.56,1.00
2017.11.17 06:22:57.415,1.10673,1.10697,2.44,1.00
2017.11.17 06:22:57.800,1.10673,1.10696,1.88,2.62
2017.11.17 06:22:57.952,1.10673,1.10694,1.69,1.00
2017.11.17 06:22:58.348,1.10674,1.10693,1.13,1.44
2017.11.17 06:22:58.904,1.10673,1.10692,1.88,1.00
2017.11.17 06:23:00.207,1.10674,1.10692,1.13,1.12
2017.11.17 06:23:02.196,1.10673,1.10692,1.50,1.00
2017.11.17 06:23:02.523,1.10674,1.10692,1.44,1.00
2017.11.17 06:23:03.864,1.10673,1.10692,1.44,1.00
2017.11.17 06:23:04.476,1.10674,1.10692,1.44,1.25
2017.11.17 06:23:05.307,1.10673,1.10692,1.88,1.00
2017.11.17 06:23:06.764,1.10673,1.10692,1.69,1.00
2017.11.17 06:23:08.287,1.10674,1.10692,1.00,1.00
2017.11.17 06:23:11.626,1.10671,1.10692,1.31,1.00
2017.11.17 06:23:13.825,1.1067,1.10693,2.06,1.69
2017.11.17 06:23:13.876,1.1067,1.10693,1.56,1.69
2017.11.17 06:23:14.131,1.10669,1.10689,1.00,1.00
2017.11.17 06:23:14.183,1.10666,1.10686,1.25,1.00
2017.11.17 06:23:14.693,1.10664,1.10686,1.38,1.00
2017.11.17 06:23:14.747,1.10664,1.10686,1.00,1.00
2017.11.17 06:23:15.259,1.10665,1.10686,1.13,1.00
2017.11.17 06:23:15.549,1.10664,1.10685,1.88,1.00
2017.11.17 06:23:16.037,1.10664,1.10685,1.25,1.00
2017.11.17 06:23:16.366,1.10664,1.10685,1.38,1.00
2017.11.17 06:23:16.438,1.10664,1.10685,1.25,1.00
2017.11.17 06:23:16.878,1.10664,1.10685,1.88,1.00
2017.11.17 06:23:17.223,1.10664,1.10684,1.25,1.00
2017.11.17 06:23:17.667,1.10664,1.10684,1.38,1.00
2017.11.17 06:23:18.078,1.10664,1.10684,1.00,1.00
2017.11.17 06:23:18.129,1.10664,1.10686,1.00,1.00
2017.11.17 06:23:18.678,1.10664,1.10687,2.06,1.25
2017.11.17 06:23:19.240,1.10664,1.10687,1.56,1.00
2017.11.17 06:23:19.808,1.10664,1.10687,2.06,1.25
2017.11.17 06:23:20.524,1.10664,1.10687,2.06,1.00
2017.11.17 06:23:20.699,1.10664,1.10687,1.88,1.00
2017.11.17 06:23:21.368,1.10664,1.10687,2.06,1.00
2017.11.17 06:23:21.893,1.10664,1.10687,1.56,1.00
2017.11.17 06:23:22.147,1.10666,1.10689,1.38,3.37
2017.11.17 06:23:22.249,1.10666,1.10688,1.00,1.13
2017.11.17 06:23:22.633,1.10666,1.10685,1.44,1.00
2017.11.17 06:23:23.966,1.10663,1.1068,1.88,1.00
2017.11.17 06:23:24.068,1.10664,1.1068,1.44,1.00
2017.11.17 06:23:24.322,1.10664,1.1068,1.56,1.00
2017.11.17 06:23:25.026,1.10663,1.1068,1.88,1.00
2017.11.17 06:23:26.053,1.10664,1.1068,1.56,1.00
2017.11.17 06:23:26.624,1.10663,1.1068,1.88,1.00
2017.11.17 06:23:27.195,1.10664,1.1068,1.56,1.00
2017.11.17 06:23:27.760,1.10663,1.1068,1.88,1.00
2017.11.17 06:23:28.287,1.10664,1.1068,1.56,1.00
2017.11.17 06:23:30.044,1.10663,1.1068,1.88,1.00
2017.11.17 06:23:30.563,1.10663,1.1068,3.56,1.00
2017.11.17 06:23:33.664,1.10663,1.1068,3.56,1.00
2017.11.17 06:23:34.097,1.10663,1.10678,2.25,1.00
2017.11.17 06:23:34.750,1.10663,1.10678,3.56,1.00
2017.11.17 06:23:35.409,1.10663,1.10678,1.81,1.00
2017.11.17 06:23:39.349,1.10662,1.10678,1.87,1.00
2017.11.17 06:23:39.498,1.10663,1.10676,1.88,1.00
2017.11.17 06:23:39.550,1.10653,1.1067,1.69,1.00
2017.11.17 06:23:39.601,1.10653,1.10668,1.69,1.00
2017.11.17 06:23:39.754,1.10651,1.10667,1.31,1.00
2017.11.17 06:23:39.856,1.10651,1.10665,1.25,1.00
2017.11.17 06:23:40.476,1.10648,1.10665,3.75,1.00
2017.11.17 06:23:41.035,1.10648,1.10665,3.00,1.00
2017.11.17 06:23:44.037,1.10648,1.10665,2.25,1.00
2017.11.17 06:23:44.667,1.10648,1.10665,2.25,1.00
2017.11.17 06:23:45.229,1.10648,1.10665,2.25,1.00
2017.11.17 06:23:45.496,1.10649,1.10667,1.63,1.00
2017.11.17 06:23:45.922,1.10648,1.10666,3.19,1.00
2017.11.17 06:23:46.282,1.10648,1.10666,3.19,1.00
2017.11.17 06:23:47.096,1.10648,1.10666,2.44,1.00
2017.11.17 06:23:48.130,1.10648,1.10666,2.44,1.00
2017.11.17 06:23:48.664,1.10648,1.10665,1.81,1.00
2017.11.17 06:23:49.355,1.10648,1.10664,1.81,1.00
2017.11.17 06:23:53.941,1.10648,1.10664,1.81,1.00
2017.11.17 06:23:54.566,1.10648,1.10664,1.81,1.00
2017.11.17 06:23:55.273,1.10648,1.10664,1.81,1.00
2017.11.17 06:23:55.969,1.10648,1.10664,1.38,1.00
2017.11.17 06:23:57.125,1.10648,1.10664,1.38,1.00
2017.11.17 06:23:57.415,1.10647,1.10662,1.38,1.00
2017.11.17 06:23:58.078,1.10646,1.10661,1.63,1.00
2017.11.17 06:24:04.995,1.10647,1.10661,1.63,1.00
2017.11.17 06:24:05.097,1.10646,1.10661,1.25,1.00
2017.11.17 06:24:05.484,1.10647,1.10661,1.44,1.00
2017.11.17 06:24:06.085,1.10646,1.10663,1.63,1.00
2017.11.17 06:24:06.752,1.10647,1.10663,1.38,1.00
2017.11.17 06:24:10.329,1.10646,1.10663,1.63,1.00
2017.11.17 06:24:10.863,1.10647,1.10663,1.38,1.00
2017.11.17 06:24:12.387,1.10645,1.10663,2.06,1.00
2017.11.17 06:24:15.025,1.10646,1.10663,1.81,1.00
2017.11.17 06:24:15.224,1.10645,1.10663,3.75,1.00
2017.11.17 06:24:15.478,1.10646,1.10663,1.81,1.00
2017.11.17 06:24:15.905,1.10646,1.10663,1.13,1.00
2017.11.17 06:24:16.419,1.10646,1.10663,2.25,1.00
2017.11.17 06:24:20.146,1.10646,1.10663,2.06,1.00
2017.11.17 06:24:20.543,1.10646,1.10663,1.88,1.00
2017.11.17 06:24:21.161,1.10646,1.10663,1.13,1.00
2017.11.17 06:24:21.785,1.10646,1.10663,2.25,1.00
2017.11.17 06:24:22.895,1.10646,1.10663,1.38,1.00
2017.11.17 06:24:23.326,1.10646,1.10663,1.88,1.00
2017.11.17 06:24:23.557,1.10646,1.10663,1.88,1.00
2017.11.17 06:24:23.951,1.10646,1.10663,1.13,1.00
2017.11.17 06:24:24.506,1.10646,1.10663,2.25,1.00
2017.11.17 06:24:28.588,1.10646,1.10663,1.88,1.00
2017.11.17 06:24:28.781,1.10646,1.10663,1.88,1.00
2017.11.17 06:24:29.150,1.10646,1.10663,2.44,1.00
2017.11.17 06:24:32.212,1.10646,1.10663,1.13,1.00
2017.11.17 06:24:32.266,1.10646,1.10663,1.38,1.00
2017.11.17 06:24:32.317,1.10646,1.10663,1.88,1.00
2017.11.17 06:24:32.628,1.10648,1.10663,1.63,1.00
2017.11.17 06:24:33.243,1.10648,1.10663,1.44,1.00
2017.11.17 06:24:33.593,1.10648,1.10663,1.56,1.00
2017.11.17 06:24:34.276,1.10647,1.10663,1.56,1.00
2017.11.17 06:24:35.734,1.10648,1.10663,1.38,1.00
2017.11.17 06:24:35.887,1.10644,1.10663,2.63,1.00
2017.11.17 06:24:36.470,1.10645,1.10663,2.44,1.00
2017.11.17 06:24:37.000,1.10645,1.10663,1.69,1.00
2017.11.17 06:24:40.122,1.10645,1.10663,1.94,1.00
2017.11.17 06:24:40.935,1.10644,1.10663,2.44,1.00
2017.11.17 06:24:41.728,1.10645,1.10663,2.44,1.00
2017.11.17 06:24:42.330,1.10645,1.10663,1.69,1.00
2017.11.17 06:24:43.995,1.10645,1.10663,2.25,1.00
2017.11.17 06:24:45.988,1.10645,1.10663,3.56,1.00
2017.11.17 06:24:47.505,1.10645,1.10663,2.81,1.00
2017.11.17 06:24:47.684,1.10645,1.10663,2.81,1.00
2017.11.17 06:24:48.243,1.10646,1.10663,1.13,1.00
2017.11.17 06:24:48.794,1.10645,1.10663,2.44,1.00
2017.11.17 06:24:49.314,1.10645,1.10663,3.19,1.00
2017.11.17 06:24:52.386,1.10645,1.10663,2.63,1.00
2017.11.17 06:24:54.628,1.10646,1.10663,1.38,1.00
2017.11.17 06:24:54.985,1.10646,1.10664,4.50,1.00
2017.11.17 06:24:55.398,1.10647,1.10664,1.56,1.00
2017.11.17 06:24:58.083,1.10647,1.10664,1.56,1.00
2017.11.17 06:24:58.764,1.10647,1.10664,1.56,1.00
2017.11.17 06:24:59.744,1.10646,1.10664,2.06,1.00
2017.11.17 06:24:59.950,1.10662,1.10676,1.00,1.00
2017.11.17 06:25:00.132,1.10658,1.10676,1.87,1.00
2017.11.17 06:25:00.652,1.10658,1.10677,1.50,1.00
2017.11.17 06:25:01.468,1.10659,1.10677,1.31,1.00
2017.11.17 06:25:02.087,1.10659,1.10676,1.44,1.00
2017.11.17 06:25:02.721,1.10656,1.10673,2.06,1.00
2017.11.17 06:25:02.773,1.10659,1.10674,1.44,1.00
2017.11.17 06:25:02.825,1.10658,1.10676,1.00,1.00
2017.11.17 06:25:02.877,1.10655,1.10675,1.19,1.00
2017.11.17 06:25:03.396,1.10654,1.10674,1.56,1.00
2017.11.17 06:25:03.612,1.10654,1.10674,1.31,1.00
2017.11.17 06:25:04.228,1.10655,1.10674,1.19,1.00
2017.11.17 06:25:04.798,1.10654,1.10674,1.88,1.00
2017.11.17 06:25:05.822,1.10654,1.10674,1.31,1.00
2017.11.17 06:25:06.457,1.10654,1.10674,1.88,1.00
2017.11.17 06:25:08.197,1.10654,1.10674,1.31,1.00
2017.11.17 06:25:09.622,1.10655,1.10674,1.81,1.00
2017.11.17 06:25:09.943,1.10658,1.10675,1.88,1.00
2017.11.17 06:25:09.994,1.10658,1.10676,1.75,1.00
2017.11.17 06:25:10.356,1.10659,1.10679,1.38,1.25
2017.11.17 06:25:10.510,1.10667,1.10679,1.00,1.00
2017.11.17 06:25:10.561,1.10667,1.10683,1.00,1.00
2017.11.17 06:25:10.612,1.1066,1.10683,2.63,1.00
2017.11.17 06:25:10.766,1.10661,1.10681,1.19,1.00
2017.11.17 06:25:11.466,1.1066,1.10681,2.63,1.44
2017.11.17 06:25:11.902,1.1066,1.10679,1.50,1.44
2017.11.17 06:25:12.531,1.10658,1.10678,1.94,1.00
2017.11.17 06:25:13.200,1.1066,1.10678,1.19,1.12
2017.11.17 06:25:16.249,1.1066,1.10676,1.19,1.00
2017.11.17 06:25:16.797,1.10658,1.10676,2.00,1.00
2017.11.17 06:25:18.981,1.1066,1.10676,1.69,1.00
2017.11.17 06:25:19.032,1.10659,1.10679,1.69,1.00
2017.11.17 06:25:19.084,1.1066,1.10679,1.00,1.44
2017.11.17 06:25:19.397,1.10656,1.10675,1.31,1.00
2017.11.17 06:25:20.610,1.10655,1.10674,2.63,1.00
2017.11.17 06:25:21.179,1.10655,1.10673,1.88,1.00
2017.11.17 06:25:22.035,1.10655,1.10673,1.44,1.00
2017.11.17 06:25:22.921,1.10653,1.10673,1.62,1.00
2017.11.17 06:25:23.077,1.10655,1.10673,1.63,1.00
2017.11.17 06:25:23.602,1.10655,1.10674,1.13,1.00
2017.11.17 06:25:24.456,1.10655,1.10674,1.63,1.00
2017.11.17 06:25:24.508,1.10654,1.10674,1.50,1.00
2017.11.17 06:25:24.728,1.10655,1.10672,1.63,1.00
2017.11.17 06:25:25.655,1.10655,1.10672,1.56,1.00
2017.11.17 06:25:25.706,1.10654,1.10674,1.94,1.00
2017.11.17 06:25:25.859,1.10658,1.10674,1.19,1.00
2017.11.17 06:25:26.029,1.1066,1.10677,1.56,1.00
2017.11.17 06:25:26.233,1.10663,1.10679,1.25,1.00
2017.11.17 06:25:26.748,1.10663,1.10679,1.31,1.00
2017.11.17 06:25:27.394,1.10663,1.10679,1.25,1.00
2017.11.17 06:25:28.681,1.10662,1.10682,1.69,1.25
2017.11.17 06:25:29.190,1.10663,1.10683,1.44,1.00
2017.11.17 06:25:30.445,1.10663,1.10683,2.44,1.00
2017.11.17 06:25:30.781,1.10667,1.10686,1.44,1.00
2017.11.17 06:25:30.883,1.1067,1.10687,2.25,1.00
2017.11.17 06:25:31.036,1.10672,1.10691,1.44,1.25
2017.11.17 06:25:31.198,1.10671,1.10691,1.19,1.25
2017.11.17 06:25:31.834,1.10673,1.1069,1.25,1.00
2017.11.17 06:25:32.850,1.10673,1.10689,1.00,1.00
2017.11.17 06:25:33.003,1.10669,1.10689,1.00,1.00
2017.11.17 06:25:33.105,1.10667,1.10686,1.31,1.00
2017.11.17 06:25:33.792,1.10666,1.10686,2.06,1.00
2017.11.17 06:25:34.328,1.10667,1.10686,1.50,1.00
2017.11.17 06:25:34.765,1.10672,1.10689,1.50,1.00
2017.11.17 06:25:34.867,1.10673,1.10692,1.44,1.00
2017.11.17 06:25:35.173,1.10672,1.1069,1.69,1.00
2017.11.17 06:25:35.224,1.10669,1.10687,2.44,1.00
2017.11.17 06:25:35.326,1.10668,1.10684,1.00,1.00
2017.11.17 06:25:35.377,1.10666,1.10684,1.25,1.00
2017.11.17 06:25:35.617,1.10666,1.10682,1.25,1.00
2017.11.17 06:25:35.872,1.10666,1.10684,1.00,1.00
2017.11.17 06:25:36.438,1.10665,1.10683,1.12,1.00
2017.11.17 06:25:36.489,1.10663,1.10681,1.81,1.00
2017.11.17 06:25:37.012,1.10663,1.1068,1.81,1.00
2017.11.17 06:25:37.063,1.10663,1.10682,1.81,1.00
2017.11.17 06:25:37.534,1.10661,1.10682,5.06,1.00
2017.11.17 06:25:37.818,1.10666,1.10685,1.44,1.00
2017.11.17 06:25:38.022,1.10664,1.10683,1.50,1.00
2017.11.17 06:25:38.405,1.10662,1.10683,2.44,1.00
2017.11.17 06:25:38.600,1.10663,1.10683,1.31,1.00
2017.11.17 06:25:38.702,1.10662,1.10682,2.44,1.00
2017.11.17 06:25:38.813,1.10662,1.10682,1.69,1.00
2017.11.17 06:25:39.335,1.10662,1.10682,1.69,1.00
2017.11.17 06:25:40.065,1.10663,1.10681,1.44,1.00
2017.11.17 06:25:40.681,1.10663,1.10681,1.38,1.00
2017.11.17 06:25:41.254,1.10662,1.10681,1.38,1.00
2017.11.17 06:25:41.846,1.10662,1.10681,1.88,1.00
2017.11.17 06:25:42.476,1.10663,1.10681,1.38,1.00
2017.11.17 06:25:42.527,1.10663,1.10681,1.38,1.00
2017.11.17 06:25:43.486,1.10663,1.10681,1.38,1.00
2017.11.17 06:25:44.008,1.10662,1.10681,1.88,1.00
2017.11.17 06:25:44.537,1.10662,1.10681,1.56,1.00
2017.11.17 06:25:45.149,1.10662,1.10681,1.56,1.00
2017.11.17 06:25:45.800,1.10663,1.10681,1.37,1.00
2017.11.17 06:25:46.467,1.10663,1.10681,1.56,1.00
2017.11.17 06:25:47.004,1.10663,1.10681,1.56,1.00
2017.11.17 06:25:47.553,1.10663,1.10681,1.56,1.00
2017.11.17 06:25:48.099,1.10662,1.10681,1.63,1.00
2017.11.17 06:25:48.674,1.10662,1.10681,1.56,1.00
2017.11.17 06:25:48.878,1.10665,1.10684,1.75,1.00
2017.11.17 06:25:48.930,1.10667,1.10686,1.69,1.00
2017.11.17 06:25:49.084,1.10665,1.10683,2.63,1.00
2017.11.17 06:25:49.389,1.10664,1.10683,1.00,1.00
2017.11.17 06:25:50.029,1.10665,1.10683,1.13,1.00
2017.11.17 06:25:50.919,1.10662,1.10682,2.63,1.00
2017.11.17 06:25:51.428,1.10665,1.10684,1.00,1.00
2017.11.17 06:25:51.530,1.10663,1.10684,1.69,1.00
2017.11.17 06:25:51.632,1.10664,1.10684,1.38,1.00
2017.11.17 06:25:52.005,1.10664,1.10684,1.38,1.00
2017.11.17 06:25:52.417,1.10664,1.10684,1.38,1.00
2017.11.17 06:25:52.951,1.10665,1.10684,1.38,1.00
2017.11.17 06:25:53.002,1.10665,1.10682,1.38,1.00
2017.11.17 06:25:53.053,1.10664,1.10682,1.00,1.00
2017.11.17 06:25:53.592,1.10665,1.10681,1.25,1.00
2017.11.17 06:25:54.578,1.10669,1.10685,1.00,1.00
2017.11.17 06:25:54.747,1.1067,1.10688,1.00,1.00
2017.11.17 06:25:54.957,1.10669,1.10687,1.38,1.00
2017.11.17 06:25:55.191,1.10669,1.10687,2.25,1.00
2017.11.17 06:25:55.361,1.1067,1.10687,1.44,1.00
2017.11.17 06:25:55.524,1.1067,1.10689,1.44,1.00
2017.11.17 06:25:55.576,1.1067,1.10687,1.38,1.00
2017.11.17 06:25:55.680,1.10669,1.10687,1.19,1.00
2017.11.17 06:25:55.731,1.10669,1.10687,1.25,1.00
2017.11.17 06:25:55.886,1.1067,1.10687,1.38,1.00
2017.11.17 06:26:00.289,1.10669,1.10687,1.88,1.00
2017.11.17 06:26:02.190,1.10667,1.10685,1.25,1.00
2017.11.17 06:26:03.081,1.10667,1.10685,1.19,1.00
2017.11.17 06:26:03.313,1.10664,1.10682,1.63,1.00
2017.11.17 06:26:03.773,1.10663,1.10682,1.44,1.00
2017.11.17 06:26:03.938,1.10664,1.10682,1.38,1.00
2017.11.17 06:26:04.289,1.10663,1.10682,2.62,1.00
2017.11.17 06:26:04.557,1.10664,1.10682,1.31,1.00
2017.11.17 06:26:05.239,1.10664,1.10682,1.50,1.00
2017.11.17 06:26:05.290,1.10663,1.10682,1.50,1.00
2017.11.17 06:26:07.185,1.10664,1.10682,1.50,1.00
2017.11.17 06:26:08.012,1.10664,1.10682,1.44,1.00
2017.11.17 06:26:08.063,1.10663,1.10681,1.69,1.00
2017.11.17 06:26:08.114,1.10664,1.10681,1.38,1.00
2017.11.17 06:26:08.325,1.10664,1.10681,1.00,1.00
2017.11.17 06:26:08.833,1.10664,1.10681,1.38,1.00
2017.11.17 06:26:09.344,1.10663,1.10681,1.88,1.00
2017.11.17 06:26:09.901,1.10664,1.10681,1.38,1.00
2017.11.17 06:26:10.437,1.10663,1.1068,1.88,1.00
2017.11.17 06:26:10.794,1.10664,1.1068,1.44,1.00
2017.11.17 06:26:10.845,1.10664,1.1068,1.25,1.00
2017.11.17 06:26:11.270,1.10664,1.10681,1.38,1.00
2017.11.17 06:26:11.901,1.10663,1.10681,1.38,1.00
2017.11.17 06:26:12.593,1.10664,1.10681,1.38,1.00
2017.11.17 06:26:12.871,1.10663,1.10681,1.31,1.00
2017.11.17 06:26:13.214,1.10664,1.10679,1.25,1.00
2017.11.17 06:26:13.825,1.10663,1.10679,2.44,1.00
2017.11.17 06:26:14.358,1.10664,1.10681,1.13,1.00
2017.11.17 06:26:14.900,1.10664,1.10681,1.38,1.00
2017.11.17 06:26:15.004,1.10663,1.10681,2.25,1.00
2017.11.17 06:26:15.218,1.10664,1.10681,1.38,1.00
2017.11.17 06:26:19.687,1.10663,1.10681,1.38,1.00
2017.11.17 06:26:20.330,1.10664,1.10681,1.38,1.00
2017.11.17 06:26:23.464,1.10663,1.10681,1.50,1.00
2017.11.17 06:26:23.699,1.10664,1.10681,1.38,1.00
2017.11.17 06:26:24.224,1.10663,1.10681,1.38,1.00
2017.11.17 06:26:25.333,1.10665,1.10684,1.00,1.00
2017.11.17 06:26:25.705,1.10664,1.10684,2.25,1.00
2017.11.17 06:26:26.480,1.10665,1.10684,1.50,1.00
2017.11.17 06:26:34.890,1.10665,1.10684,1.38,1.00
2017.11.17 06:26:36.961,1.10665,1.10684,1.44,1.00
2017.11.17 06:26:37.603,1.10665,1.10684,1.13,1.00
2017.11.17 06:26:38.504,1.10665,1.10683,1.44,1.00
2017.11.17 06:26:39.048,1.10665,1.10683,1.25,1.00
2017.11.17 06:26:39.657,1.10664,1.10683,1.50,1.00
2017.11.17 06:26:40.642,1.10664,1.10684,1.50,1.00
2017.11.17 06:26:42.351,1.10665,1.10684,1.25,1.25
2017.11.17 06:26:42.961,1.10666,1.10683,1.00,1.00
2017.11.17 06:26:43.941,1.10666,1.10683,1.31,1.00
2017.11.17 06:26:46.378,1.10668,1.10684,1.00,1.00
2017.11.17 06:26:46.582,1.10669,1.10689,2.06,1.69
2017.11.17 06:26:46.634,1.10672,1.10689,1.44,1.50
2017.11.17 06:26:46.990,1.10669,1.10688,1.63,1.00
2017.11.17 06:26:47.517,1.10668,1.10688,2.06,1.00
2017.11.17 06:26:47.888,1.10668,1.10686,2.81,1.00
2017.11.17 06:26:48.193,1.10664,1.1068,3.75,1.00
2017.11.17 06:26:51.709,1.10667,1.10683,1.50,1.00
2017.11.17 06:26:51.812,1.10667,1.10687,2.81,1.25
2017.11.17 06:26:51.864,1.1067,1.10688,1.25,1.19
2017.11.17 06:26:51.967,1.10671,1.1069,1.19,1.00
2017.11.17 06:26:52.480,1.10671,1.10689,1.75,1.00
2017.11.17 06:26:57.774,1.10669,1.10688,1.69,1.00
2017.11.17 06:26:57.876,1.10668,1.10683,1.50,1.00
2017.11.17 06:26:58.414,1.10668,1.10682,1.31,1.00
2017.11.17 06:26:58.843,1.10666,1.10682,1.38,1.00
2017.11.17 06:26:59.365,1.10666,1.10681,1.38,1.00
2017.11.17 06:27:01.832,1.10666,1.10681,1.44,1.00
2017.11.17 06:27:02.370,1.10666,1.10681,1.25,1.00
2017.11.17 06:27:03.657,1.10666,1.1068,1.25,1.00
2017.11.17 06:27:04.198,1.10665,1.1068,1.13,1.00
2017.11.17 06:27:04.838,1.10666,1.1068,1.13,1.00
2017.11.17 06:27:05.159,1.10666,1.10678,1.13,1.00
2017.11.17 06:27:05.492,1.10662,1.10678,1.31,1.00
2017.11.17 06:27:05.699,1.10656,1.10674,2.06,1.00
2017.11.17 06:27:05.801,1.10656,1.10674,2.06,1.00
2017.11.17 06:27:05.954,1.10656,1.10674,2.06,1.00
2017.11.17 06:27:06.962,1.10657,1.10674,1.50,1.00
2017.11.17 06:27:08.149,1.10656,1.10674,1.50,1.00
2017.11.17 06:27:08.795,1.10657,1.10674,1.38,1.00
2017.11.17 06:27:12.883,1.10656,1.10674,1.38,1.00
2017.11.17 06:27:13.464,1.10657,1.10674,1.44,1.00
2017.11.17 06:27:19.119,1.10659,1.10674,1.00,1.00
2017.11.17 06:27:19.776,1.10659,1.10673,1.00,1.00
2017.11.17 06:27:20.599,1.10658,1.10673,1.31,1.00
2017.11.17 06:27:21.807,1.10658,1.10674,1.50,1.00
2017.11.17 06:27:23.667,1.10661,1.10674,1.44,1.00
2017.11.17 06:27:23.718,1.10661,1.10676,1.44,1.00
2017.11.17 06:27:23.820,1.10667,1.10677,1.00,1.00
2017.11.17 06:27:23.871,1.10665,1.10678,1.00,1.00
2017.11.17 06:27:23.923,1.10662,1.10677,1.00,1.00
2017.11.17 06:27:24.718,1.10663,1.10677,1.00,1.00
2017.11.17 06:27:24.944,1.10661,1.10676,1.00,1.00
2017.11.17 06:27:25.495,1.10661,1.10677,1.13,1.00
2017.11.17 06:27:26.114,1.10661,1.10677,1.88,1.00
2017.11.17 06:27:26.165,1.10664,1.10677,1.00,1.00
2017.11.17 06:27:28.395,1.10664,1.10677,1.44,1.00
2017.11.17 06:27:28.496,1.10663,1.10679,1.44,1.00
2017.11.17 06:27:28.770,1.10663,1.10679,1.00,1.00
2017.11.17 06:27:28.976,1.10663,1.10678,1.44,1.00
2017.11.17 06:27:29.910,1.10663,1.10679,1.44,2.62
2017.11.17 06:27:30.435,1.10664,1.10678,1.44,1.00
2017.11.17 06:27:31.179,1.10663,1.10678,1.44,1.00
2017.11.17 06:27:31.434,1.1067,1.10686,1.00,2.62
2017.11.17 06:27:31.947,1.10669,1.10686,1.44,1.00
2017.11.17 06:27:33.378,1.10672,1.10686,1.00,1.00
2017.11.17 06:27:33.775,1.10674,1.10687,1.44,1.00
2017.11.17 06:27:33.826,1.10667,1.10685,1.38,1.19
2017.11.17 06:27:33.879,1.10674,1.10687,1.44,1.25
2017.11.17 06:27:34.033,1.1067,1.10689,1.69,1.50
2017.11.17 06:27:34.135,1.1067,1.10686,1.88,1.00
2017.11.17 06:27:34.498,1.1067,1.10685,1.00,1.00
2017.11.17 06:27:34.549,1.1067,1.10685,1.44,1.00
2017.11.17 06:27:36.080,1.1067,1.10685,1.44,1.00
2017.11.17 06:27:36.637,1.1067,1.10685,1.00,1.00
2017.11.17 06:27:38.327,1.10671,1.10684,1.00,1.00
2017.11.17 06:27:38.688,1.10672,1.10687,1.00,1.12
2017.11.17 06:27:40.157,1.10669,1.10687,1.00,1.31
2017.11.17 06:27:40.208,1.10672,1.10685,1.00,1.00
2017.11.17 06:27:40.260,1.10669,1.10685,1.00,1.00
2017.11.17 06:27:40.311,1.10671,1.10683,1.00,1.00
2017.11.17 06:27:40.363,1.10671,1.10686,1.00,1.69
2017.11.17 06:27:40.952,1.10671,1.10686,1.00,1.25
2017.11.17 06:27:42.194,1.10671,1.10685,1.00,1.00
2017.11.17 06:27:42.455,1.10668,1.10687,1.00,1.25
2017.11.17 06:27:42.506,1.10672,1.10685,1.00,1.00
2017.11.17 06:27:42.557,1.10669,1.10684,1.00,1.00
2017.11.17 06:27:42.609,1.10672,1.10685,1.00,1.00
2017.11.17 06:27:42.660,1.10669,1.10685,1.00,1.00
2017.11.17 06:27:42.711,1.10672,1.10684,1.00,1.00
2017.11.17 06:27:42.763,1.10669,1.10684,1.00,1.00
2017.11.17 06:27:42.814,1.10669,1.10686,1.00,1.00
2017.11.17 06:27:42.866,1.1067,1.10686,1.44,1.25
2017.11.17 06:27:47.198,1.10667,1.10686,1.19,1.69
2017.11.17 06:27:47.249,1.10665,1.10684,2.06,1.00
2017.11.17 06:27:47.301,1.10666,1.10683,1.31,1.00
2017.11.17 06:27:47.352,1.10665,1.10682,1.63,1.00
2017.11.17 06:27:47.403,1.10665,1.10684,2.25,1.00
2017.11.17 06:27:47.454,1.10666,1.10684,1.75,1.00
2017.11.17 06:27:47.595,1.10665,1.10684,1.38,1.50
2017.11.17 06:27:47.749,1.10665,1.10685,3.00,1.87
2017.11.17 06:27:47.902,1.10665,1.10685,1.13,2.25
2017.11.17 06:27:47.953,1.10666,1.10684,1.19,1.00
2017.11.17 06:27:48.216,1.10665,1.10684,1.81,1.25
2017.11.17 06:27:48.268,1.10665,1.10684,2.00,1.00
2017.11.17 06:27:48.371,1.10665,1.10684,1.38,1.00
2017.11.17 06:27:48.422,1.10666,1.10684,1.13,1.00
2017.11.17 06:27:49.645,1.10665,1.10684,1.13,1.00
2017.11.17 06:27:50.147,1.10665,1.10685,1.88,1.44
2017.11.17 06:27:50.920,1.10665,1.10682,1.88,1.00
2017.11.17 06:27:51.644,1.10665,1.10683,1.88,1.00
2017.11.17 06:27:55.805,1.10666,1.10682,1.13,1.00
2017.11.17 06:27:55.958,1.10666,1.10682,1.88,1.00
2017.11.17 06:27:56.010,1.10666,1.10681,1.75,1.00
2017.11.17 06:27:56.061,1.10665,1.10683,1.88,1.00
2017.11.17 06:27:56.163,1.10665,1.10681,1.88,1.00
2017.11.17 06:27:56.214,1.10666,1.10683,1.75,1.00
2017.11.17 06:27:57.224,1.10666,1.10682,1.94,1.00
2017.11.17 06:27:57.275,1.10666,1.10682,1.94,1.00
2017.11.17 06:27:58.226,1.10665,1.1068,2.19,1.00
2017.11.17 06:27:58.826,1.10666,1.10681,1.13,1.00
2017.11.17 06:28:03.524,1.10665,1.10681,2.81,1.00
2017.11.17 06:28:03.960,1.10666,1.10679,2.00,1.00
2017.11.17 06:28:04.011,1.10665,1.10681,1.56,1.00
2017.11.17 06:28:04.113,1.10665,1.10682,2.00,1.00
2017.11.17 06:28:04.266,1.10664,1.1068,1.13,1.00
2017.11.17 06:28:04.479,1.10665,1.10682,1.75,1.00
2017.11.17 06:28:05.658,1.10664,1.10682,1.13,1.00
2017.11.17 06:28:05.710,1.10666,1.10682,1.75,1.00
2017.11.17 06:28:05.813,1.10664,1.10683,1.13,1.00
2017.11.17 06:28:05.865,1.10665,1.10681,2.00,1.00
2017.11.17 06:28:05.917,1.10662,1.1068,2.44,1.00
2017.11.17 06:28:05.968,1.10665,1.10682,1.75,1.00
2017.11.17 06:28:06.019,1.10663,1.10681,2.44,1.00
2017.11.17 06:28:06.071,1.10663,1.10683,2.44,1.00
2017.11.17 06:28:06.122,1.10666,1.1068,1.75,1.00
2017.11.17 06:28:06.174,1.10664,1.10682,1.13,1.00
2017.11.17 06:28:06.226,1.10666,1.10682,1.75,1.00
2017.11.17 06:28:06.557,1.10666,1.1068,1.75,1.00
2017.11.17 06:28:08.034,1.10664,1.1068,1.13,1.00
2017.11.17 06:28:08.085,1.10666,1.1068,1.75,1.00
2017.11.17 06:28:08.136,1.10664,1.10681,1.13,1.00
2017.11.17 06:28:08.187,1.10665,1.10678,2.00,1.00
2017.11.17 06:28:08.239,1.10663,1.1068,2.19,1.00
2017.11.17 06:28:09.078,1.10664,1.10681,1.13,1.00
2017.11.17 06:28:09.459,1.10666,1.10681,1.75,1.00
2017.11.17 06:28:11.374,1.10662,1.10679,1.13,1.00
2017.11.17 06:28:11.426,1.1066,1.10681,1.88,1.00
2017.11.17 06:28:11.477,1.1066,1.10678,1.75,1.00
2017.11.17 06:28:11.796,1.1066,1.10676,1.75,1.00
2017.11.17 06:28:12.501,1.10659,1.10677,1.81,1.00
2017.11.17 06:28:13.162,1.1066,1.10677,1.13,1.00
2017.11.17 06:28:15.039,1.1066,1.10678,1.19,1.50
2017.11.17 06:28:15.618,1.10659,1.10678,1.13,1.00
2017.11.17 06:28:16.129,1.10659,1.10678,1.81,1.00
2017.11.17 06:28:16.636,1.10659,1.10678,1.13,1.00
2017.11.17 06:28:17.342,1.10661,1.10678,1.56,1.00
2017.11.17 06:28:18.027,1.10664,1.10679,1.00,1.00
2017.11.17 06:28:19.481,1.10661,1.10679,2.00,1.00
2017.11.17 06:28:19.583,1.10663,1.10681,1.19,1.00
2017.11.17 06:28:28.190,1.10664,1.10679,1.63,1.00
2017.11.17 06:28:28.417,1.1066,1.10677,1.50,1.00
2017.11.17 06:28:28.468,1.10659,1.10676,2.06,1.00
2017.11.17 06:28:28.620,1.1066,1.10676,2.00,1.00
2017.11.17 06:28:28.672,1.1066,1.10678,2.00,1.00
2017.11.17 06:28:29.223,1.10661,1.10679,1.44,1.00
2017.11.17 06:28:33.946,1.1066,1.10679,2.00,1.50
2017.11.17 06:28:34.048,1.10659,1.10676,1.50,1.00
2017.11.17 06:28:34.352,1.1066,1.10676,1.75,1.00
2017.11.17 06:28:36.507,1.1066,1.10676,1.13,1.00
2017.11.17 06:28:38.105,1.10662,1.10677,1.19,1.00
2017.11.17 06:28:42.938,1.10662,1.10676,1.19,1.00
2017.11.17 06:28:46.080,1.10661,1.10676,1.13,1.00
2017.11.17 06:28:48.309,1.10661,1.10676,1.38,1.00
2017.11.17 06:28:48.411,1.10661,1.10678,1.13,1.00
2017.11.17 06:28:54.271,1.10658,1.10675,1.88,1.00
2017.11.17 06:28:54.374,1.10658,1.10673,1.88,1.00
2017.11.17 06:28:54.426,1.10658,1.10673,1.00,1.00
2017.11.17 06:28:54.477,1.10656,1.10675,1.13,1.00
2017.11.17 06:28:54.528,1.10655,1.10673,3.19,1.00
2017.11.17 06:28:54.884,1.1066,1.10674,1.50,1.00
2017.11.17 06:28:54.935,1.1066,1.10678,2.25,1.00
2017.11.17 06:28:54.986,1.10658,1.10678,2.25,1.00
2017.11.17 06:28:55.140,1.10658,1.10674,1.50,1.00
2017.11.17 06:28:55.521,1.10658,1.10674,1.25,1.00
2017.11.17 06:28:56.044,1.10656,1.10673,1.38,1.00
2017.11.17 06:28:59.070,1.10655,1.10677,3.00,1.44
2017.11.17 06:29:00.138,1.10656,1.10677,1.13,1.25
2017.11.17 06:29:00.240,1.10652,1.10675,3.00,1.25
2017.11.17 06:29:00.291,1.10653,1.10674,3.38,1.00
2017.11.17 06:29:00.657,1.10655,1.10674,2.19,1.00
2017.11.17 06:29:00.962,1.10659,1.10678,1.75,3.56
2017.11.17 06:29:02.117,1.10658,1.10676,1.75,1.00
2017.11.17 06:29:02.322,1.10658,1.10676,1.75,1.50
2017.11.17 06:29:02.373,1.10657,1.10676,1.50,1.50
2017.11.17 06:29:02.678,1.10655,1.10675,1.75,1.19
2017.11.17 06:29:03.263,1.10655,1.10674,1.75,2.81
2017.11.17 06:29:03.979,1.10655,1.10674,1.75,2.81
2017.11.17 06:29:04.285,1.10655,1.10672,1.75,1.50
2017.11.17 06:29:04.924,1.10655,1.10673,3.00,1.69
2017.11.17 06:29:05.492,1.10655,1.10674,3.19,1.00
2017.11.17 06:29:05.979,1.10655,1.10675,1.25,3.19
2017.11.17 06:29:06.031,1.10653,1.10673,1.19,1.25
2017.11.17 06:29:06.184,1.1065,1.10671,2.81,1.25
2017.11.17 06:29:06.236,1.1065,1.10668,1.62,1.00
2017.11.17 06:29:07.198,1.10649,1.10668,3.38,1.00
2017.11.17 06:29:07.351,1.10651,1.1067,1.19,1.25
2017.11.17 06:29:12.843,1.10655,1.1067,1.00,1.00
2017.11.17 06:29:13.369,1.10653,1.1067,1.44,1.00
2017.11.17 06:29:13.946,1.10653,1.10671,1.31,1.00
2017.11.17 06:29:14.380,1.10655,1.10674,1.31,1.87
2017.11.17 06:29:14.431,1.10655,1.10676,1.25,1.00
2017.11.17 06:29:14.483,1.10656,1.10676,1.56,1.00
2017.11.17 06:29:14.795,1.10657,1.10677,1.69,1.00
2017.11.17 06:29:15.208,1.10664,1.10677,1.00,1.00
2017.11.17 06:29:19.704,1.10663,1.10677,1.00,1.00
2017.11.17 06:29:21.747,1.10662,1.10677,1.00,1.25
2017.11.17 06:29:22.272,1.10663,1.10677,1.00,1.50
2017.11.17 06:29:22.522,1.10661,1.10676,1.00,1.00
2017.11.17 06:29:22.838,1.10663,1.10676,1.00,1.12
2017.11.17 06:29:23.550,1.10663,1.10677,1.00,1.00
2017.11.17 06:29:24.098,1.10663,1.10678,1.00,1.69
2017.11.17 06:29:26.340,1.1066,1.10678,1.00,1.87
2017.11.17 06:29:34.459,1.10658,1.10678,1.25,1.19
2017.11.17 06:29:34.511,1.10658,1.10679,1.25,2.44
2017.11.17 06:29:34.847,1.10658,1.10678,1.25,1.44
2017.11.17 06:29:35.398,1.10658,1.10679,1.38,3.56
2017.11.17 06:29:37.348,1.10658,1.10679,1.13,2.06
2017.11.17 06:29:37.851,1.10657,1.10679,1.00,2.62
2017.11.17 06:29:38.258,1.10657,1.10676,2.06,1.25
2017.11.17 06:29:39.224,1.10657,1.10676,1.38,1.00
2017.11.17 06:29:39.856,1.10657,1.10676,1.31,1.00
2017.11.17 06:29:41.310,1.10657,1.10677,1.31,1.69
2017.11.17 06:29:41.806,1.10652,1.10673,1.00,1.31
2017.11.17 06:29:41.857,1.1065,1.10668,1.00,1.00
2017.11.17 06:29:41.908,1.10649,1.10671,2.44,1.25
2017.11.17 06:29:41.960,1.10649,1.1067,1.00,1.88
2017.11.17 06:29:42.266,1.10655,1.10674,1.00,2.06
2017.11.17 06:29:43.063,1.10655,1.10672,1.00,1.19
2017.11.17 06:29:43.577,1.10656,1.10672,1.00,1.88
2017.11.17 06:29:44.188,1.10655,1.10673,1.00,1.38
2017.11.17 06:29:45.288,1.10659,1.10674,1.00,2.25
2017.11.17 06:29:45.391,1.10662,1.10675,1.00,1.00
2017.11.17 06:29:45.442,1.10665,1.10678,1.00,1.00
2017.11.17 06:29:45.493,1.10665,1.10681,1.00,1.87
2017.11.17 06:29:45.544,1.10668,1.10681,1.00,1.25
2017.11.17 06:29:48.111,1.10669,1.10681,1.00,1.25
2017.11.17 06:29:48.514,1.1067,1.10684,1.00,2.25
2017.11.17 06:29:48.566,1.10672,1.10685,1.00,1.87
2017.11.17 06:29:48.924,1.10669,1.10684,1.00,1.19
2017.11.17 06:29:49.128,1.10668,1.10682,1.00,1.50
2017.11.17 06:29:50.047,1.10668,1.1068,1.00,1.00
2017.11.17 06:29:50.354,1.10666,1.10679,1.00,1.25
2017.11.17 06:29:51.571,1.10667,1.10679,1.00,1.69
2017.11.17 06:29:54.115,1.10667,1.10678,1.00,1.38
2017.11.17 06:29:54.217,1.10667,1.10679,1.00,1.56
2017.11.17 06:29:54.822,1.10667,1.10679,1.00,1.25
2017.11.17 06:29:55.977,1.10667,1.10681,1.00,1.00
2017.11.17 06:29:56.490,1.10667,1.10682,1.00,1.13
2017.11.17 06:29:56.624,1.10667,1.10682,1.00,1.88
2017.11.17 06:29:57.136,1.10667,1.10682,1.00,2.63
2017.11.17 06:29:57.702,1.10667,1.1068,1.00,1.00
2017.11.17 06:29:58.241,1.10667,1.1068,1.00,1.87
2017.11.17 06:29:58.768,1.10667,1.1068,1.00,1.25
2017.11.17 06:29:59.402,1.10667,1.1068,1.00,3.00
2017.11.17 06:30:00.018,1.10667,1.1068,1.00,2.06
2017.11.17 06:30:00.544,1.10665,1.1068,1.00,3.00
2017.11.17 06:30:01.219,1.10665,1.1068,1.00,1.31
2017.11.17 06:30:01.707,1.10665,1.1068,1.00,3.00
2017.11.17 06:30:03.634,1.10665,1.1068,1.00,2.25
2017.11.17 06:30:04.529,1.10665,1.10681,1.00,2.62
2017.11.17 06:30:05.030,1.10664,1.10681,1.00,1.25
2017.11.17 06:30:05.603,1.10664,1.10681,1.00,2.62
2017.11.17 06:30:08.000,1.10662,1.1068,1.00,1.87
2017.11.17 06:30:08.529,1.10663,1.10679,1.00,1.69
2017.11.17 06:30:09.037,1.10662,1.10679,1.00,1.38
2017.11.17 06:30:09.744,1.10662,1.10679,1.00,1.13
2017.11.17 06:30:12.084,1.10659,1.1068,1.13,1.00
2017.11.17 06:30:12.566,1.10659,1.1068,1.50,1.38
2017.11.17 06:30:12.619,1.10656,1.10679,2.25,1.38
2017.11.17 06:30:14.120,1.10656,1.10679,2.44,1.38
2017.11.17 06:30:15.013,1.10656,1.10679,2.44,1.38
2017.11.17 06:30:15.065,1.10659,1.10679,1.69,1.25
2017.11.17 06:30:15.116,1.10659,1.10681,1.63,1.00
2017.11.17 06:30:15.828,1.10659,1.10681,1.88,1.19
2017.11.17 06:30:16.336,1.10659,1.10681,1.38,1.00
2017.11.17 06:30:19.406,1.10659,1.10682,1.88,1.25
2017.11.17 06:30:19.559,1.10659,1.10682,2.44,1.87
2017.11.17 06:30:20.245,1.10663,1.10682,1.25,1.87
2017.11.17 06:30:21.176,1.10662,1.10682,1.12,1.87
2017.11.17 06:30:21.856,1.10663,1.10682,1.13,3.19
2017.11.17 06:30:22.363,1.10662,1.10682,1.31,2.44
2017.11.17 06:30:22.984,1.10663,1.10682,1.13,3.00
2017.11.17 06:30:23.547,1.10662,1.10682,1.31,2.25
2017.11.17 06:30:24.085,1.10663,1.10682,1.13,3.00
2017.11.17 06:30:24.922,1.10662,1.10682,1.31,2.44
2017.11.17 06:30:25.728,1.10663,1.10682,1.13,3.37
2017.11.17 06:30:26.237,1.10663,1.10682,1.13,3.37
2017.11.17 06:30:26.742,1.10662,1.10682,1.00,1.69
2017.11.17 06:30:27.085,1.1066,1.1068,1.38,1.00
2017.11.17 06:30:27.972,1.1066,1.1068,1.50,1.00
2017.11.17 06:30:31.855,1.10658,1.1068,1.75,1.25
2017.11.17 06:30:32.158,1.10658,1.1068,1.75,1.25
2017.11.17 06:30:33.211,1.10659,1.1068,1.56,1.25
2017.11.17 06:30:33.364,1.10657,1.10679,1.38,1.00
2017.11.17 06:30:33.567,1.10661,1.10679,1.00,1.69
2017.11.17 06:30:34.142,1.10661,1.10679,1.00,1.87
2017.11.17 06:30:35.897,1.10661,1.10677,1.00,1.44
2017.11.17 06:30:36.417,1.1066,1.10677,1.00,1.25
2017.11.17 06:30:36.943,1.1066,1.10677,1.00,1.44
2017.11.17 06:30:37.636,1.10659,1.10676,1.00,1.69
2017.11.17 06:30:38.071,1.10659,1.10674,1.00,1.00
2017.11.17 06:30:42.179,1.10656,1.10674,1.13,1.00
2017.11.17 06:30:43.360,1.10656,1.10674,2.06,1.00
2017.11.17 06:30:43.869,1.10654,1.10675,1.44,2.63
2017.11.17 06:30:44.427,1.10654,1.10675,1.37,1.25
2017.11.17 06:30:44.954,1.10654,1.10675,1.44,2.63
2017.11.17 06:30:45.006,1.10654,1.10675,1.12,2.63
2017.11.17 06:30:46.894,1.10654,1.10675,1.31,1.88
2017.11.17 06:30:47.399,1.10654,1.10675,1.12,1.25
2017.11.17 06:30:47.504,1.10654,1.10675,1.31,1.88
2017.11.17 06:30:48.616,1.10654,1.10675,1.31,2.63
2017.11.17 06:30:49.365,1.10654,1.10675,1.44,1.69
2017.11.17 06:30:50.623,1.10655,1.10674,1.00,1.25
2017.11.17 06:30:51.132,1.10655,1.10674,1.25,1.44
2017.11.17 06:30:53.056,1.10655,1.10672,1.00,1.00
2017.11.17 06:30:53.671,1.10654,1.10673,1.31,1.88
2017.11.17 06:30:54.392,1.1065,1.10671,2.00,1.00
2017.11.17 06:30:54.799,1.10651,1.10669,1.38,1.00
2017.11.17 06:30:55.352,1.10651,1.1067,1.38,2.44
2017.11.17 06:30:55.505,1.1065,1.1067,1.13,2.44
2017.11.17 06:30:57.155,1.1065,1.1067,1.19,2.06
2017.11.17 06:30:57.906,1.10649,1.1067,1.75,1.12
2017.11.17 06:30:58.513,1.1065,1.1067,1.13,2.06
2017.11.17 06:30:59.467,1.1065,1.1067,1.44,1.50
2017.11.17 06:31:10.704,1.1065,1.1067,1.13,1.19
2017.11.17 06:31:10.858,1.10647,1.10669,1.56,1.13
2017.11.17 06:31:10.961,1.10646,1.10668,1.19,1.44
2017.11.17 06:31:11.329,1.10646,1.10668,1.69,1.38
2017.11.17 06:31:11.566,1.10646,1.10669,2.44,2.44
2017.11.17 06:31:11.618,1.10648,1.10669,1.75,2.25
2017.11.17 06:31:11.822,1.10648,1.10668,1.69,1.25
2017.11.17 06:31:12.281,1.10645,1.10665,2.06,1.00
2017.11.17 06:31:14.585,1.10645,1.10665,1.31,1.00
2017.11.17 06:31:15.109,1.10646,1.10665,2.00,1.00
2017.11.17 06:31:15.624,1.10645,1.10664,2.06,1.00
2017.11.17 06:31:16.380,1.10646,1.10664,1.63,1.00
2017.11.17 06:31:16.967,1.10646,1.10664,1.56,1.00
2017.11.17 06:31:18.746,1.10645,1.10664,1.63,1.00
2017.11.17 06:31:19.433,1.10645,1.10665,1.63,1.50
2017.11.17 06:31:21.655,1.10645,1.10664,1.56,1.00
2017.11.17 06:31:22.173,1.10643,1.10664,1.81,1.00
2017.11.17 06:31:26.635,1.10643,1.10663,2.44,1.00
2017.11.17 06:31:27.157,1.10643,1.10662,2.44,1.00
2017.11.17 06:31:30.257,1.10642,1.10662,3.38,1.00
2017.11.17 06:31:34.807,1.10643,1.10662,1.94,1.00
2017.11.17 06:31:35.504,1.10643,1.10662,1.69,1.00
2017.11.17 06:31:36.048,1.10643,1.10663,2.25,1.50
2017.11.17 06:31:36.284,1.10643,1.10665,1.50,1.69
2017.11.17 06:31:37.182,1.10643,1.10663,2.25,1.00
2017.11.17 06:31:46.924,1.10642,1.10663,3.00,1.00
2017.11.17 06:31:47.558,1.10643,1.10664,1.56,1.12
2017.11.17 06:31:52.273,1.10642,1.10665,2.63,1.00
2017.11.17 06:31:52.837,1.10642,1.10665,3.38,1.19
2017.11.17 06:31:53.613,1.10642,1.10665,3.38,1.25
2017.11.17 06:31:54.187,1.10642,1.10665,3.38,1.19
2017.11.17 06:31:54.846,1.10642,1.10665,3.19,1.69
2017.11.17 06:31:55.016,1.10642,1.10664,1.88,1.00
2017.11.17 06:31:55.417,1.10642,1.10664,3.38,1.00
2017.11.17 06:31:56.186,1.10642,1.10664,3.38,1.00
2017.11.17 06:31:58.219,1.10642,1.10663,2.06,1.44
2017.11.17 06:31:58.806,1.10642,1.10664,1.63,2.62
2017.11.17 06:31:59.355,1.10642,1.10662,2.06,1.12
2017.11.17 06:31:59.873,1.10642,1.10662,1.88,1.19
2017.11.17 06:32:00.503,1.10642,1.10662,1.88,1.00
2017.11.17 06:32:01.075,1.10642,1.10663,2.63,1.25
2017.11.17 06:32:03.127,1.10643,1.10664,1.56,1.87
2017.11.17 06:32:03.708,1.10643,1.10664,2.06,1.87
2017.11.17 06:32:04.235,1.10643,1.10664,1.56,1.25
2017.11.17 06:32:04.566,1.10643,1.10666,1.56,1.50
2017.11.17 06:32:05.126,1.10643,1.10666,1.56,1.87
2017.11.17 06:32:06.345,1.10643,1.10666,1.50,1.87
2017.11.17 06:32:06.759,1.10643,1.10666,1.88,1.87
2017.11.17 06:32:07.453,1.10643,1.10666,1.88,1.87
2017.11.17 06:32:08.006,1.10644,1.10666,1.75,1.44
2017.11.17 06:32:12.003,1.10642,1.10666,1.88,1.25
2017.11.17 06:32:12.315,1.10643,1.10664,1.75,1.00
2017.11.17 06:32:12.958,1.10643,1.10664,1.75,1.00
2017.11.17 06:32:14.716,1.10643,1.10664,1.56,1.00
2017.11.17 06:32:15.815,1.10642,1.10664,2.63,1.00
2017.11.17 06:32:16.996,1.10642,1.10664,1.88,1.00
2017.11.17 06:32:17.552,1.10642,1.10664,2.63,1.00
2017.11.17 06:32:24.066,1.10644,1.10665,1.44,1.00
2017.11.17 06:32:24.117,1.10647,1.10667,1.00,1.00
2017.11.17 06:32:24.624,1.10647,1.10667,1.38,1.00
2017.11.17 06:32:25.546,1.10646,1.10667,2.06,1.00
2017.11.17 06:32:26.064,1.10647,1.10667,1.63,1.25
2017.11.17 06:32:30.322,1.10645,1.10665,1.44,1.00
2017.11.17 06:32:30.424,1.10644,1.10664,1.25,1.00
2017.11.17 06:32:30.476,1.10644,1.10666,1.25,1.00
2017.11.17 06:32:30.527,1.10644,1.10663,1.25,1.00
2017.11.17 06:32:30.882,1.10643,1.10661,1.31,1.00
2017.11.17 06:32:31.980,1.10644,1.10663,1.13,2.44
2017.11.17 06:32:32.567,1.10644,1.10663,1.25,1.88
2017.11.17 06:32:33.076,1.10643,1.10663,1.69,1.69
2017.11.17 06:32:41.850,1.10641,1.10662,1.88,1.00
2017.11.17 06:32:42.354,1.10642,1.10663,1.19,1.13
2017.11.17 06:32:44.453,1.10642,1.10664,1.44,1.88
2017.11.17 06:32:45.015,1.10642,1.10665,1.44,1.88
2017.11.17 06:32:46.786,1.10642,1.10665,1.37,1.88
2017.11.17 06:32:48.730,1.10642,1.10665,1.44,2.25
2017.11.17 06:32:48.985,1.10641,1.10663,1.44,1.50
2017.11.17 06:32:49.036,1.1064,1.10661,2.06,1.25
2017.11.17 06:32:49.407,1.1064,1.10659,1.62,1.00
2017.11.17 06:32:49.458,1.10637,1.10658,1.50,1.00
2017.11.17 06:32:49.663,1.10639,1.10657,1.00,1.25
2017.11.17 06:32:49.971,1.10644,1.10657,1.00,1.00
2017.11.17 06:32:50.665,1.10641,1.10657,1.00,1.00
2017.11.17 06:32:51.034,1.10644,1.10657,1.00,1.00
2017.11.17 06:32:52.107,1.10643,1.10657,1.00,1.00
2017.11.17 06:32:53.426,1.10642,1.10657,1.00,1.00
2017.11.17 06:32:53.808,1.10642,1.10659,1.00,1.87
2017.11.17 06:32:54.389,1.10642,1.10658,1.00,1.00
2017.11.17 06:32:55.053,1.10642,1.10659,1.00,1.87
2017.11.17 06:32:55.645,1.10642,1.10658,1.00,1.69
2017.11.17 06:32:56.116,1.10638,1.10658,1.56,1.25
2017.11.17 06:32:56.833,1.10641,1.10658,1.00,1.25
2017.11.17 06:32:57.134,1.10637,1.10658,2.06,1.25
2017.11.17 06:32:59.229,1.10636,1.10658,3.75,1.69
2017.11.17 06:32:59.780,1.10637,1.10658,1.56,2.25
2017.11.17 06:33:04.914,1.10636,1.10657,1.13,1.00
2017.11.17 06:33:05.422,1.10636,1.10656,1.88,1.69
2017.11.17 06:33:06.647,1.10636,1.10656,1.50,1.00
2017.11.17 06:33:07.360,1.10636,1.10656,2.63,1.50
2017.11.17 06:33:08.022,1.10637,1.10656,1.00,1.00
2017.11.17 06:33:08.676,1.10636,1.10656,1.13,1.00
2017.11.17 06:33:09.847,1.10636,1.10656,1.88,1.00
2017.11.17 06:33:13.819,1.10637,1.10656,1.13,1.12
2017.11.17 06:33:14.882,1.10638,1.10656,1.13,1.00
2017.11.17 06:33:15.425,1.10638,1.10656,1.31,1.00
2017.11.17 06:33:16.625,1.10638,1.10656,1.13,1.12
2017.11.17 06:33:19.290,1.10637,1.10656,1.13,1.00
2017.11.17 06:33:19.724,1.10638,1.10658,1.88,1.50
2017.11.17 06:33:20.230,1.10638,1.10658,1.44,1.00
2017.11.17 06:33:20.983,1.10638,1.10658,1.88,1.69
2017.11.17 06:33:22.734,1.10638,1.10658,1.44,1.00
2017.11.17 06:33:23.341,1.10638,1.10658,1.88,1.25
2017.11.17 06:33:23.863,1.10637,1.10659,1.38,2.63
2017.11.17 06:33:24.393,1.10637,1.10659,1.00,1.50
2017.11.17 06:33:24.674,1.10638,1.10659,1.38,2.25
2017.11.17 06:33:25.015,1.10638,1.10657,1.00,1.00
2017.11.17 06:33:25.535,1.10638,1.10657,1.38,1.00
2017.11.17 06:33:28.716,1.10638,1.10656,1.38,1.25
2017.11.17 06:33:28.818,1.10636,1.10655,1.44,1.00
2017.11.17 06:33:29.387,1.10636,1.10654,1.38,1.00
2017.11.17 06:33:29.946,1.10635,1.10654,2.25,1.12
2017.11.17 06:33:33.393,1.10636,1.10654,1.00,1.25
2017.11.17 06:33:33.597,1.10638,1.10655,1.00,1.69
2017.11.17 06:33:33.750,1.10635,1.10655,1.50,1.00
2017.11.17 06:33:34.431,1.10634,1.10654,1.13,1.69
2017.11.17 06:33:34.754,1.1063,1.10651,1.13,1.00
2017.11.17 06:33:35.455,1.10629,1.10651,1.88,1.00
2017.11.17 06:33:35.659,1.10631,1.10653,1.13,1.50
2017.11.17 06:33:35.813,1.10631,1.1065,1.75,1.00
2017.11.17 06:33:36.393,1.10629,1.1065,1.88,1.50
2017.11.17 06:33:37.164,1.10629,1.1065,1.13,1.50
2017.11.17 06:33:37.781,1.10631,1.1065,1.38,1.50
2017.11.17 06:33:38.139,1.1063,1.1065,1.44,1.50
2017.11.17 06:33:42.354,1.10631,1.1065,1.44,1.50
2017.11.17 06:33:55.075,1.1063,1.10653,2.63,1.69
2017.11.17 06:33:55.623,1.10631,1.10653,1.38,1.44
2017.11.17 06:33:56.730,1.1063,1.10652,1.38,1.25
2017.11.17 06:33:57.519,1.10631,1.10652,1.38,1.25
2017.11.17 06:33:58.314,1.1063,1.10652,1.38,1.25
2017.11.17 06:33:58.922,1.10631,1.10652,1.38,1.25
2017.11.17 06:34:00.057,1.1063,1.10652,1.44,1.25
2017.11.17 06:34:01.301,1.10631,1.10652,1.44,1.25
2017.11.17 06:34:01.812,1.1063,1.10652,1.44,1.25
2017.11.17 06:34:02.839,1.10631,1.10652,1.44,1.25
2017.11.17 06:34:03.373,1.1063,1.10652,1.44,1.25
2017.11.17 06:34:04.207,1.10631,1.10651,1.44,1.00
2017.11.17 06:34:04.797,1.10631,1.10651,1.25,1.00
2017.11.17 06:34:05.525,1.1063,1.10651,1.25,1.00
2017.11.17 06:34:06.703,1.1063,1.10652,1.25,1.25
2017.11.17 06:34:07.558,1.10631,1.10652,1.25,1.25
2017.11.17 06:34:08.167,1.1063,1.10652,1.25,1.25
2017.11.17 06:34:08.947,1.1063,1.10652,1.38,1.25
2017.11.17 06:34:09.100,1.10632,1.10654,1.31,1.25
2017.11.17 06:34:09.151,1.10635,1.10656,1.00,1.50
2017.11.17 06:34:09.734,1.10634,1.10656,1.00,1.44
2017.11.17 06:34:10.760,1.10635,1.10656,1.25,1.31
2017.11.17 06:34:12.411,1.10635,1.10653,1.25,1.00
2017.11.17 06:34:13.872,1.10634,1.10653,1.00,1.00
2017.11.17 06:34:14.423,1.10635,1.10653,1.44,1.00
2017.11.17 06:34:14.953,1.10635,1.10652,1.44,1.00
2017.11.17 06:34:15.833,1.10635,1.10652,1.38,1.00
2017.11.17 06:34:17.005,1.10634,1.10652,1.38,1.00
2017.11.17 06:34:17.741,1.10635,1.10652,1.38,1.00
2017.11.17 06:34:21.096,1.10634,1.10653,1.38,1.00
2017.11.17 06:34:22.105,1.10634,1.10653,1.38,1.00
2017.11.17 06:34:22.724,1.10635,1.10653,1.38,1.00
2017.11.17 06:34:23.257,1.10635,1.10653,1.38,1.00
2017.11.17 06:34:23.794,1.10635,1.10653,1.38,1.00
2017.11.17 06:34:24.165,1.10635,1.10653,1.38,1.00
2017.11.17 06:34:24.457,1.10634,1.10653,1.38,1.00
2017.11.17 06:34:25.850,1.10635,1.10653,1.38,1.00
2017.11.17 06:34:26.457,1.10635,1.10652,1.38,1.00
2017.11.17 06:34:27.013,1.10635,1.10652,1.38,1.00
2017.11.17 06:34:30.128,1.10635,1.10652,1.38,1.00
2017.11.17 06:34:30.699,1.10635,1.10652,1.38,1.00
2017.11.17 06:34:31.358,1.10635,1.10652,1.38,1.00
2017.11.17 06:34:31.919,1.10634,1.10652,1.38,1.00
2017.11.17 06:34:32.270,1.10635,1.10652,1.38,1.00
2017.11.17 06:34:32.774,1.10633,1.10652,1.38,1.00
2017.11.17 06:34:34.774,1.10633,1.10654,1.38,1.00
2017.11.17 06:34:34.876,1.10637,1.10655,1.44,1.00
2017.11.17 06:34:35.428,1.10636,1.10655,1.44,1.00
2017.11.17 06:34:35.965,1.10634,1.10654,1.38,1.00
2017.11.17 06:34:36.595,1.10634,1.10656,1.88,1.31
2017.11.17 06:34:37.356,1.10633,1.10656,1.38,2.06
2017.11.17 06:34:37.966,1.10634,1.10656,1.38,2.25
2017.11.17 06:34:38.522,1.10634,1.10656,1.38,1.31
2017.11.17 06:34:40.768,1.10634,1.10656,1.38,2.25
2017.11.17 06:34:42.307,1.10634,1.10657,1.38,3.00
2017.11.17 06:34:43.098,1.10633,1.10657,1.88,2.06
2017.11.17 06:34:47.352,1.10634,1.10657,1.38,3.94
2017.11.17 06:34:47.894,1.10634,1.10656,1.38,1.31
2017.11.17 06:34:48.491,1.10633,1.10656,1.88,1.44
2017.11.17 06:34:51.002,1.10634,1.10656,1.88,1.44
2017.11.17 06:34:53.343,1.10635,1.10654,1.38,1.19
2017.11.17 06:34:55.692,1.10634,1.10654,1.38,1.19
2017.11.17 06:34:56.216,1.1063,1.10652,1.56,1.00
2017.11.17 06:34:56.753,1.10632,1.10652,1.56,1.00
2017.11.17 06:35:00.814,1.10631,1.10652,2.06,1.00
2017.11.17 06:35:01.474,1.10632,1.10653,2.06,1.00
2017.11.17 06:35:02.266,1.10632,1.10653,1.56,1.00
2017.11.17 06:35:04.461,1.10632,1.10653,2.06,1.69
2017.11.17 06:35:04.732,1.10639,1.10653,1.00,1.25
2017.11.17 06:35:05.399,1.10639,1.10654,1.00,1.25
2017.11.17 06:35:06.225,1.1064,1.10654,1.00,1.25
2017.11.17 06:35:18.293,1.10641,1.10657,1.00,1.50
2017.11.17 06:35:21.127,1.1064,1.10655,1.00,1.19
2017.11.17 06:35:26.292,1.1064,1.10655,1.00,1.19
2017.11.17 06:35:28.293,1.1064,1.10655,1.00,1.19
2017.11.17 06:35:37.789,1.1064,1.10654,1.00,1.19
2017.11.17 06:35:45.733,1.10638,1.10654,1.00,1.19
2017.11.17 06:35:46.513,1.10638,1.10654,1.00,1.25
2017.11.17 06:36:06.437,1.10639,1.10655,1.00,1.19
2017.11.17 06:36:08.734,1.10639,1.10655,1.25,1.19
2017.11.17 06:36:14.571,1.10639,1.10655,1.00,2.62
2017.11.17 06:36:30.116,1.10639,1.10655,1.00,2.06
2017.11.17 06:36:33.304,1.10638,1.10653,1.00,1.25
2017.11.17 06:36:37.705,1.10639,1.10655,1.44,1.00
2017.11.17 06:36:38.233,1.10641,1.10655,1.00,1.00
2017.11.17 06:36:38.736,1.10641,1.10656,1.00,1.00
2017.11.17 06:36:39.313,1.10641,1.10657,1.00,2.25
2017.11.17 06:36:44.203,1.10641,1.10657,1.00,3.19
2017.11.17 06:36:55.368,1.10641,1.10659,1.00,1.69
2017.11.17 06:36:55.572,1.10643,1.10659,1.00,1.00
2017.11.17 06:36:55.827,1.10644,1.10661,1.00,2.62
2017.11.17 06:36:56.352,1.10644,1.10661,1.00,2.81
2017.11.17 06:36:56.998,1.10644,1.10661,1.00,1.87
2017.11.17 06:36:57.522,1.10644,1.10661,1.00,1.31
2017.11.17 06:36:57.972,1.10644,1.10658,1.00,1.00
2017.11.17 06:36:58.479,1.10645,1.10658,1.00,1.00
2017.11.17 06:36:59.974,1.10645,1.10659,1.00,1.69
2017.11.17 06:37:00.280,1.10642,1.10659,1.00,1.88
2017.11.17 06:37:00.331,1.10639,1.10656,1.00,1.44
2017.11.17 06:37:00.484,1.10637,1.10655,1.00,1.63
2017.11.17 06:37:01.046,1.10636,1.10655,1.13,1.12
2017.11.17 06:37:01.582,1.10636,1.10655,1.00,2.81
2017.11.17 06:37:02.984,1.10636,1.10655,1.00,1.87
2017.11.17 06:37:03.560,1.10636,1.10655,1.38,2.81
2017.11.17 06:37:03.863,1.10636,1.10655,1.00,2.63
2017.11.17 06:37:04.364,1.10636,1.10654,1.44,1.19
2017.11.17 06:37:04.784,1.10636,1.10655,1.38,2.62
2017.11.17 06:37:04.938,1.10639,1.10654,1.00,1.00
2017.11.17 06:37:05.919,1.10639,1.10655,1.00,1.25
2017.11.17 06:37:07.684,1.10641,1.10656,1.00,1.44
2017.11.17 06:37:30.758,1.10642,1.10655,1.00,1.00
2017.11.17 06:37:31.267,1.10642,1.10656,1.00,1.12
2017.11.17 06:37:32.088,1.1064,1.10656,1.00,1.69
2017.11.17 06:37:33.677,1.1064,1.10655,1.00,2.25
2017.11.17 06:37:34.185,1.1064,1.10654,1.00,1.12
2017.11.17 06:37:35.871,1.10639,1.10654,1.00,1.87
2017.11.17 06:37:36.179,1.10637,1.10654,1.00,1.87
2017.11.17 06:37:37.538,1.10637,1.10652,1.00,1.00
2017.11.17 06:37:38.047,1.10636,1.10651,1.00,1.00
2017.11.17 06:37:38.616,1.10637,1.10652,1.00,1.25
2017.11.17 06:37:39.587,1.10636,1.10652,1.00,1.25
2017.11.17 06:37:44.956,1.1064,1.10655,1.00,2.62
2017.11.17 06:37:45.109,1.1064,1.10657,1.00,1.25
2017.11.17 06:37:45.161,1.10642,1.10657,1.00,1.00
2017.11.17 06:37:45.466,1.10644,1.10656,1.00,1.00
2017.11.17 06:37:45.743,1.10639,1.10655,1.00,2.25
2017.11.17 06:37:46.784,1.10638,1.10655,1.00,4.12
2017.11.17 06:37:47.401,1.10637,1.10654,1.00,2.19
2017.11.17 06:37:49.580,1.10637,1.10653,1.00,1.12
2017.11.17 06:37:52.766,1.10637,1.10653,1.00,2.25
2017.11.17 06:37:52.817,1.1063,1.10652,1.87,2.25
2017.11.17 06:37:52.868,1.10629,1.10651,2.25,1.19
2017.11.17 06:37:52.970,1.10631,1.10652,1.00,1.19
2017.11.17 06:37:53.073,1.10629,1.10651,1.00,2.62
2017.11.17 06:37:53.392,1.10628,1.10647,1.44,1.00
2017.11.17 06:37:53.934,1.10628,1.10646,1.25,1.25
2017.11.17 06:37:56.786,1.10628,1.10647,1.00,1.00
2017.11.17 06:37:57.804,1.10628,1.10648,1.25,2.44
2017.11.17 06:37:58.346,1.10628,1.10648,1.44,2.44
2017.11.17 06:37:59.310,1.10628,1.10648,1.44,2.44
2017.11.17 06:37:59.844,1.10628,1.10647,1.44,1.00
2017.11.17 06:38:03.009,1.10628,1.10648,1.44,2.62
2017.11.17 06:38:03.567,1.10628,1.10647,1.44,1.00
2017.11.17 06:38:04.045,1.10632,1.10647,1.00,1.00
2017.11.17 06:38:04.737,1.10632,1.10648,1.00,2.62
2017.11.17 06:38:17.793,1.1063,1.10648,1.00,1.00
2017.11.17 06:38:20.309,1.10632,1.1065,1.00,2.62
2017.11.17 06:38:20.846,1.10633,1.1065,1.00,1.44
2017.11.17 06:38:23.505,1.10633,1.1065,1.00,1.69
2017.11.17 06:38:23.657,1.10631,1.10651,1.00,3.19
2017.11.17 06:38:24.495,1.10631,1.1065,1.19,1.50
2017.11.17 06:38:25.080,1.10631,1.10651,1.00,3.37
2017.11.17 06:38:26.678,1.10631,1.1065,1.19,1.69
2017.11.17 06:38:27.994,1.10631,1.1065,1.25,1.69
2017.11.17 06:38:28.645,1.10631,1.1065,1.19,2.44
2017.11.17 06:38:28.846,1.10631,1.1065,1.00,2.06
2017.11.17 06:38:29.397,1.10631,1.1065,1.00,2.06
2017.11.17 06:38:31.390,1.10631,1.1065,1.00,1.62
2017.11.17 06:38:32.266,1.10631,1.1065,1.00,2.06
2017.11.17 06:38:33.153,1.10631,1.10649,1.00,1.12
2017.11.17 06:38:37.150,1.10631,1.10649,1.00,1.31
2017.11.17 06:38:37.764,1.10631,1.10648,1.00,1.44
2017.11.17 06:38:38.376,1.10631,1.10648,1.00,1.25
2017.11.17 06:38:38.941,1.10632,1.10648,1.00,1.00
2017.11.17 06:38:39.897,1.10632,1.10649,1.00,1.00
2017.11.17 06:38:41.282,1.10632,1.10647,1.00,1.25
2017.11.17 06:38:41.790,1.10631,1.10647,1.00,1.25
2017.11.17 06:38:43.283,1.10631,1.10647,1.00,1.87
2017.11.17 06:38:43.855,1.10631,1.10648,1.00,2.62
2017.11.17 06:38:45.176,1.10627,1.10645,1.00,1.81
2017.11.17 06:38:45.603,1.10625,1.10643,1.00,1.00
2017.11.17 06:38:46.708,1.10626,1.10643,1.00,1.31
2017.11.17 06:38:50.263,1.10626,1.10643,1.00,1.00
2017.11.17 06:38:51.016,1.10617,1.10637,2.06,1.00
2017.11.17 06:38:51.740,1.10617,1.10637,2.06,1.00
2017.11.17 06:38:52.251,1.10617,1.10637,2.81,1.00
2017.11.17 06:38:52.850,1.10617,1.10637,2.81,1.00
2017.11.17 06:38:53.389,1.10617,1.10637,2.81,1.00
2017.11.17 06:38:54.178,1.10622,1.10639,1.88,1.00
2017.11.17 06:38:54.229,1.10622,1.10639,1.88,1.00
2017.11.17 06:38:54.281,1.10622,1.10639,1.50,1.00
2017.11.17 06:38:54.434,1.10622,1.1064,2.06,1.00
2017.11.17 06:38:55.040,1.10622,1.1064,1.56,1.00
2017.11.17 06:38:55.472,1.10621,1.1064,1.56,1.00
2017.11.17 06:38:56.027,1.10622,1.1064,1.56,1.00
2017.11.17 06:38:56.691,1.10622,1.10639,1.56,1.00
2017.11.17 06:39:00.143,1.1062,1.1064,2.06,1.00
2017.11.17 06:39:00.652,1.1062,1.10639,1.56,1.00
2017.11.17 06:39:01.190,1.10624,1.10639,1.13,1.00
2017.11.17 06:39:02.137,1.10621,1.10639,1.56,1.00
2017.11.17 06:39:02.923,1.10621,1.10639,1.56,1.00
2017.11.17 06:39:03.535,1.10621,1.10639,1.56,1.00
2017.11.17 06:39:04.027,1.1062,1.10639,1.56,1.00
2017.11.17 06:39:04.613,1.10619,1.1064,3.00,1.00
2017.11.17 06:39:08.874,1.1062,1.1064,1.56,1.00
2017.11.17 06:39:08.925,1.1062,1.1064,1.75,1.00
2017.11.17 06:39:09.180,1.10617,1.10634,1.19,1.00
2017.11.17 06:39:09.232,1.10615,1.10634,1.50,1.00
2017.11.17 06:39:09.610,1.10611,1.10634,2.25,2.25
2017.11.17 06:39:09.661,1.1061,1.1063,2.06,1.75
2017.11.17 06:39:09.866,1.1061,1.1063,1.00,1.00
2017.11.17 06:39:09.969,1.10612,1.10633,1.38,1.25
2017.11.17 06:39:10.415,1.10613,1.10634,1.38,1.50
2017.11.17 06:39:10.956,1.10612,1.10634,1.88,1.00
2017.11.17 06:39:11.524,1.10613,1.10634,1.38,1.25
2017.11.17 06:39:13.718,1.10613,1.10635,1.38,1.12
2017.11.17 06:39:14.056,1.10616,1.10638,1.38,2.25
2017.11.17 06:39:14.419,1.10616,1.10637,1.00,1.00
2017.11.17 06:39:14.471,1.10613,1.10636,1.69,1.88
2017.11.17 06:39:14.827,1.10611,1.10634,1.13,1.88
2017.11.17 06:39:15.194,1.1061,1.10633,2.25,1.44
2017.11.17 06:39:15.453,1.10611,1.10632,1.12,1.00
2017.11.17 06:39:15.765,1.10611,1.10632,1.81,1.00
2017.11.17 06:39:15.968,1.1061,1.10632,1.81,1.00
2017.11.17 06:39:16.512,1.1061,1.10631,1.63,1.00
2017.11.17 06:39:18.859,1.1061,1.10622,1.44,1.50
2017.11.17 06:39:19.249,1.10596,1.10602,1.75,1.00
2017.11.17 06:39:19.301,1.10591,1.10606,2.62,1.00
2017.11.17 06:39:19.353,1.10591,1.10602,2.62,1.00
2017.11.17 06:39:19.456,1.10591,1.10606,2.62,1.00
2017.11.17 06:39:19.508,1.10584,1.10598,1.00,1.00
2017.11.17 06:39:19.559,1.10578,1.10596,1.00,1.00
2017.11.17 06:39:19.610,1.1058,1.10598,1.00,1.00
2017.11.17 06:39:20.041,1.10573,1.10589,1.50,1.00
2017.11.17 06:39:20.348,1.10571,1.10586,2.11,1.00
2017.11.17 06:39:20.601,1.10573,1.10586,1.50,1.00
2017.11.17 06:39:20.805,1.10573,1.10586,1.42,1.00
2017.11.17 06:39:21.331,1.10573,1.10587,1.69,1.00
2017.11.17 06:39:21.383,1.10573,1.10586,1.25,1.00
2017.11.17 06:39:21.485,1.10567,1.10586,1.50,1.37
2017.11.17 06:39:21.688,1.10572,1.10593,1.75,1.87
2017.11.17 06:39:21.790,1.10579,1.106,1.50,1.00
2017.11.17 06:39:21.841,1.10582,1.10603,1.87,1.00
2017.11.17 06:39:22.112,1.10587,1.10607,1.12,1.00
2017.11.17 06:39:22.215,1.10588,1.10604,1.00,1.00
2017.11.17 06:39:22.368,1.10588,1.10607,1.44,1.00
2017.11.17 06:39:22.472,1.10587,1.10606,2.62,1.50
2017.11.17 06:39:22.523,1.10587,1.10603,1.00,1.00
2017.11.17 06:39:22.729,1.10583,1.10603,1.50,1.00
2017.11.17 06:39:22.780,1.10586,1.10602,1.00,1.00
2017.11.17 06:39:23.122,1.10583,1.106,1.44,1.00
2017.11.17 06:39:23.431,1.10582,1.10598,1.38,1.00
2017.11.17 06:39:23.484,1.10584,1.106,1.00,1.00
2017.11.17 06:39:23.844,1.10585,1.10602,1.00,1.00
2017.11.17 06:39:24.110,1.10586,1.106,1.62,1.00
2017.11.17 06:39:24.162,1.10586,1.10602,1.62,1.00
2017.11.17 06:39:24.265,1.10585,1.10598,1.94,1.00
2017.11.17 06:39:24.317,1.10585,1.106,1.94,1.00
2017.11.17 06:39:24.572,1.10584,1.10602,2.81,1.00
2017.11.17 06:39:24.675,1.10585,1.10604,1.00,1.25
2017.11.17 06:39:24.727,1.10586,1.10604,1.31,1.00
2017.11.17 06:39:25.233,1.10588,1.10604,1.00,1.00
2017.11.17 06:39:25.652,1.10587,1.10602,1.88,1.00
2017.11.17 06:39:26.189,1.10587,1.10602,1.13,1.00
2017.11.17 06:39:26.459,1.10584,1.10602,3.94,1.00
2017.11.17 06:39:27.206,1.10584,1.10602,2.06,1.00
2017.11.17 06:39:27.672,1.10584,1.10602,1.69,1.00
2017.11.17 06:39:27.874,1.10584,1.10604,1.88,1.25
2017.11.17 06:39:28.026,1.10585,1.10602,1.38,1.00
2017.11.17 06:39:28.332,1.10584,1.10599,1.88,1.00
2017.11.17 06:39:28.486,1.10582,1.10598,1.44,1.00
2017.11.17 06:39:29.026,1.10583,1.10597,1.00,1.00
2017.11.17 06:39:29.533,1.10582,1.10597,1.25,1.00
2017.11.17 06:39:30.344,1.10579,1.10598,3.19,1.00
2017.11.17 06:39:30.548,1.10579,1.10599,1.31,1.00
2017.11.17 06:39:30.650,1.10579,1.10598,2.25,1.00
2017.11.17 06:39:30.957,1.10584,1.10599,1.00,1.19
2017.11.17 06:39:31.316,1.10585,1.106,1.00,1.25
2017.11.17 06:39:31.368,1.10588,1.106,1.00,1.25
2017.11.17 06:39:31.419,1.10588,1.10603,1.00,1.69
2017.11.17 06:39:31.926,1.10582,1.10601,1.50,1.25
2017.11.17 06:39:32.030,1.10585,1.10603,1.75,1.00
2017.11.17 06:39:32.132,1.10585,1.10604,2.06,1.25
2017.11.17 06:39:32.771,1.10586,1.10605,1.44,1.25
2017.11.17 06:39:33.341,1.10586,1.10605,1.25,1.25
2017.11.17 06:39:33.913,1.10587,1.10605,1.25,1.25
2017.11.17 06:39:34.237,1.10585,1.10603,1.00,1.12
2017.11.17 06:39:34.543,1.10588,1.10609,1.00,1.12
2017.11.17 06:39:34.594,1.10592,1.10611,1.00,1.44
2017.11.17 06:39:35.160,1.10593,1.10611,1.00,2.06
2017.11.17 06:39:35.212,1.10589,1.10605,1.00,1.00
2017.11.17 06:39:35.263,1.1059,1.10608,1.00,3.19
2017.11.17 06:39:35.365,1.10592,1.10608,1.00,2.62
2017.11.17 06:39:35.891,1.10593,1.10608,1.00,1.25
2017.11.17 06:39:37.090,1.10594,1.1061,1.00,1.44
2017.11.17 06:39:38.140,1.10593,1.10609,1.00,1.19
2017.11.17 06:39:38.558,1.10591,1.10609,1.00,2.62
2017.11.17 06:39:39.142,1.10591,1.10607,1.00,1.69
2017.11.17 06:39:39.557,1.1059,1.10604,1.00,1.00
2017.11.17 06:39:39.758,1.10587,1.10604,1.00,1.00
2017.11.17 06:39:39.860,1.10584,1.10604,1.69,1.00
2017.11.17 06:39:40.271,1.10584,1.10604,1.38,1.00
2017.11.17 06:39:40.373,1.10584,1.10606,1.50,2.62
2017.11.17 06:39:40.921,1.10584,1.10605,1.44,1.00
2017.11.17 06:39:41.445,1.10583,1.10604,1.88,1.00
2017.11.17 06:39:42.139,1.10581,1.10602,1.00,1.19
2017.11.17 06:39:42.475,1.10588,1.10605,1.00,1.19
2017.11.17 06:39:42.526,1.10588,1.10606,1.00,1.69
2017.11.17 06:39:42.679,1.10589,1.10606,1.00,1.62
2017.11.17 06:39:42.731,1.10586,1.10606,1.00,1.25
2017.11.17 06:39:42.834,1.10589,1.10606,1.00,1.00
2017.11.17 06:39:43.190,1.10588,1.10604,1.00,1.00
2017.11.17 06:39:43.756,1.10587,1.10602,1.00,1.75
2017.11.17 06:39:43.807,1.10587,1.10605,1.00,1.44
2017.11.17 06:39:43.858,1.10585,1.10605,1.00,1.31
2017.11.17 06:39:43.960,1.10587,1.10604,1.00,1.00
2017.11.17 06:39:44.113,1.10588,1.10606,1.00,2.44
2017.11.17 06:39:44.738,1.10588,1.10605,1.00,1.00
2017.11.17 06:39:45.680,1.10589,1.10606,1.00,1.44
2017.11.17 06:39:45.731,1.1059,1.10606,1.00,1.00
2017.11.17 06:39:45.783,1.10592,1.10607,1.00,1.00
2017.11.17 06:39:45.885,1.10592,1.10609,1.00,1.69
2017.11.17 06:39:46.675,1.10594,1.1061,1.00,1.25
2017.11.17 06:39:46.777,1.10595,1.10613,1.00,1.31
2017.11.17 06:39:46.929,1.10593,1.10614,1.00,2.44
2017.11.17 06:39:47.031,1.10595,1.10614,1.00,3.56
2017.11.17 06:39:47.083,1.10593,1.10614,1.25,3.56
2017.11.17 06:39:48.551,1.10593,1.10612,1.00,1.50
2017.11.17 06:39:49.426,1.10593,1.10612,1.00,2.81
2017.11.17 06:39:49.631,1.10586,1.10606,1.25,1.75
2017.11.17 06:39:49.682,1.10587,1.10606,1.00,2.06
2017.11.17 06:39:49.734,1.1059,1.10608,1.00,1.00
2017.11.17 06:39:49.887,1.10588,1.10607,1.00,1.25
2017.11.17 06:39:49.939,1.10591,1.1061,1.00,1.69
2017.11.17 06:39:50.296,1.10596,1.10615,1.00,1.12
2017.11.17 06:39:50.598,1.10588,1.1061,1.75,1.00
2017.11.17 06:39:50.751,1.10587,1.10612,2.25,2.25
2017.11.17 06:39:50.928,1.10587,1.10611,2.44,1.00
2017.11.17 06:39:50.979,1.10587,1.10611,1.69,1.00
2017.11.17 06:39:51.285,1.10587,1.10609,1.75,1.00
2017.11.17 06:39:51.731,1.10591,1.10611,1.63,1.00
2017.11.17 06:39:51.934,1.10592,1.10613,1.31,1.50
2017.11.17 06:39:51.985,1.1059,1.10613,2.81,1.00
2017.11.17 06:39:52.087,1.10592,1.10615,1.69,1.50
2017.11.17 06:39:52.245,1.10592,1.10611,2.06,1.00
2017.11.17 06:39:52.834,1.10591,1.10611,1.75,1.00
2017.11.17 06:39:53.310,1.10593,1.10611,1.31,1.00
2017.11.17 06:39:53.413,1.10593,1.10613,1.50,1.00
2017.11.17 06:39:53.854,1.10593,1.10612,1.50,1.00
2017.11.17 06:39:53.905,1.10593,1.10612,1.31,1.00
2017.11.17 06:39:54.378,1.10593,1.10611,1.00,1.00
2017.11.17 06:39:54.480,1.10592,1.10608,1.19,1.00
2017.11.17 06:39:54.531,1.10588,1.10609,2.06,1.00
2017.11.17 06:39:54.633,1.10587,1.10606,1.94,1.00
2017.11.17 06:39:54.938,1.10596,1.10612,1.25,1.00
2017.11.17 06:39:55.442,1.10596,1.10612,1.31,1.00
2017.11.17 06:39:55.544,1.10596,1.10614,1.13,1.00
2017.11.17 06:39:55.781,1.10596,1.10612,1.63,1.00
2017.11.17 06:39:56.117,1.10596,1.10612,1.63,1.00
2017.11.17 06:39:56.478,1.10595,1.10612,1.37,1.00
2017.11.17 06:39:56.783,1.10596,1.10612,1.38,1.00
2017.11.17 06:39:57.541,1.10596,1.10612,1.38,1.00
2017.11.17 06:39:58.057,1.10595,1.10612,1.38,1.00
2017.11.17 06:39:58.108,1.106,1.10619,1.13,1.25
2017.11.17 06:39:58.381,1.106,1.10617,1.00,1.50
2017.11.17 06:39:58.639,1.106,1.10619,1.00,1.87
2017.11.17 06:39:59.161,1.106,1.10617,1.00,2.06
2017.11.17 06:39:59.263,1.10593,1.10612,1.38,1.00
2017.11.17 06:39:59.748,1.10593,1.10612,1.25,1.00
2017.11.17 06:39:59.945,1.10593,1.10612,1.38,1.00
2017.11.17 06:40:00.369,1.10591,1.10612,1.50,1.00
2017.11.17 06:40:00.472,1.10591,1.10612,1.19,1.63
2017.11.17 06:40:00.628,1.10588,1.10607,1.50,1.00
2017.11.17 06:40:00.679,1.10588,1.10607,1.88,1.00
2017.11.17 06:40:01.136,1.10589,1.10606,1.75,1.00
2017.11.17 06:40:01.233,1.10589,1.10606,1.56,1.00
2017.11.17 06:40:01.452,1.10589,1.10606,1.38,1.00
2017.11.17 06:40:01.966,1.10588,1.10606,2.81,1.00
2017.11.17 06:40:02.540,1.10589,1.10606,1.38,1.00
2017.11.17 06:40:03.003,1.10586,1.10605,1.19,1.00
2017.11.17 06:40:03.055,1.10586,1.10604,1.25,1.00
2017.11.17 06:40:03.106,1.10585,1.10601,1.25,1.00
2017.11.17 06:40:03.513,1.10585,1.10601,1.38,1.00
2017.11.17 06:40:03.979,1.10585,1.10601,1.50,1.00
2017.11.17 06:40:04.228,1.10585,1.10601,1.94,1.00
2017.11.17 06:40:04.533,1.10584,1.10601,1.81,1.00
2017.11.17 06:40:05.143,1.10586,1.10601,1.69,1.00
2017.11.17 06:40:05.468,1.10584,1.10602,1.81,1.00
2017.11.17 06:40:06.008,1.10585,1.106,2.44,1.00
2017.11.17 06:40:06.582,1.10585,1.10601,1.38,1.00
2017.11.17 06:40:07.246,1.10585,1.10601,2.44,1.00
2017.11.17 06:40:07.589,1.10585,1.10601,1.88,1.00
2017.11.17 06:40:08.451,1.10585,1.10604,1.88,1.00
2017.11.17 06:40:08.990,1.10585,1.10604,1.38,1.00
2017.11.17 06:40:10.280,1.10584,1.10606,2.81,1.00
2017.11.17 06:40:11.352,1.10585,1.10606,1.88,1.00
2017.11.17 06:40:11.959,1.10584,1.10606,2.81,1.00
2017.11.17 06:40:12.165,1.10595,1.10609,1.00,1.00
2017.11.17 06:40:12.950,1.10595,1.1061,1.00,1.25
2017.11.17 06:40:13.768,1.10595,1.10609,1.00,1.00
2017.11.17 06:40:14.749,1.10593,1.10609,1.00,1.00
2017.11.17 06:40:14.800,1.10593,1.10607,1.00,1.00
2017.11.17 06:40:16.290,1.10592,1.10606,1.00,1.00
2017.11.17 06:40:16.882,1.10594,1.10606,1.00,1.00
2017.11.17 06:40:17.270,1.10596,1.10609,1.00,2.44
2017.11.17 06:40:17.321,1.10598,1.10609,1.00,1.00
2017.11.17 06:40:17.372,1.10596,1.10612,1.00,1.87
2017.11.17 06:40:18.388,1.10596,1.10609,1.00,1.00
2017.11.17 06:40:18.999,1.10596,1.1061,1.00,2.06
2017.11.17 06:40:21.490,1.10596,1.10611,1.00,1.69
2017.11.17 06:40:22.510,1.10596,1.10612,1.00,2.25
2017.11.17 06:40:23.018,1.10596,1.10613,1.00,2.62
2017.11.17 06:40:23.535,1.10599,1.10612,1.00,1.00
2017.11.17 06:40:24.075,1.10599,1.10615,1.00,2.06
2017.11.17 06:40:24.434,1.10601,1.10615,1.00,1.69
2017.11.17 06:40:24.537,1.10601,1.10615,1.00,1.87
2017.11.17 06:40:25.903,1.10599,1.10615,1.00,1.25
2017.11.17 06:40:26.312,1.106,1.10614,1.00,1.19
2017.11.17 06:40:26.824,1.106,1.10614,1.00,1.00
2017.11.17 06:40:27.471,1.10607,1.10615,1.00,1.00
2017.11.17 06:40:27.522,1.10604,1.10614,1.00,1.00
2017.11.17 06:40:27.573,1.10601,1.10613,1.00,1.00
2017.11.17 06:40:27.780,1.10599,1.10613,1.00,1.00
2017.11.17 06:40:27.884,1.10603,1.10616,1.00,3.19
2017.11.17 06:40:27.936,1.10603,1.10619,1.00,2.06
2017.11.17 06:40:27.987,1.10606,1.10619,1.00,1.25
2017.11.17 06:40:28.506,1.10606,1.1062,1.00,1.25
2017.11.17 06:40:29.011,1.10606,1.1062,1.00,1.44
2017.11.17 06:40:29.564,1.10604,1.1062,1.00,1.87
2017.11.17 06:40:29.871,1.10603,1.10618,1.00,1.31
2017.11.17 06:40:30.520,1.10603,1.10618,1.00,1.56
2017.11.17 06:40:31.037,1.10604,1.10618,1.00,1.56
2017.11.17 06:40:31.826,1.10604,1.10618,1.00,1.37
2017.11.17 06:40:32.042,1.1061,1.10624,1.00,2.25
2017.11.17 06:40:32.248,1.10612,1.10624,1.00,1.00
2017.11.17 06:40:32.765,1.10614,1.10625,1.00,1.00
2017.11.17 06:40:33.302,1.10614,1.10626,1.00,1.00
2017.11.17 06:40:33.455,1.10614,1.10629,1.00,2.62
2017.11.17 06:40:33.710,1.10616,1.1063,1.00,1.12
2017.11.17 06:40:34.179,1.10616,1.10632,1.00,1.25
2017.11.17 06:40:34.695,1.10615,1.10633,1.00,1.44
2017.11.17 06:40:34.797,1.10615,1.10632,1.00,1.87
2017.11.17 06:40:34.950,1.10615,1.10632,1.00,1.00
2017.11.17 06:40:35.154,1.10615,1.10632,1.00,2.06
2017.11.17 06:40:35.561,1.10617,1.10633,1.00,2.06
2017.11.17 06:40:35.714,1.10617,1.10634,1.00,2.81
2017.11.17 06:40:36.289,1.10617,1.10633,1.00,1.44
2017.11.17 06:40:40.850,1.10618,1.10634,1.00,1.12
2017.11.17 06:40:41.054,1.10621,1.10634,1.00,1.00
2017.11.17 06:40:41.932,1.10623,1.10636,1.00,1.00
2017.11.17 06:40:42.459,1.10623,1.10637,1.00,1.25
2017.11.17 06:40:42.966,1.10623,1.10637,1.00,1.31
2017.11.17 06:40:43.485,1.10623,1.10637,1.00,1.25
2017.11.17 06:40:45.083,1.10623,1.10638,1.00,2.00
2017.11.17 06:40:47.294,1.10623,1.10638,1.00,1.44
2017.11.17 06:40:47.803,1.10624,1.10638,1.00,1.00
2017.11.17 06:40:47.854,1.10626,1.10639,1.00,1.00
2017.11.17 06:40:48.189,1.10624,1.10637,1.00,1.00
2017.11.17 06:40:48.467,1.10622,1.10639,1.00,1.00
2017.11.17 06:40:48.839,1.10624,1.1064,1.00,2.81
2017.11.17 06:40:49.145,1.10627,1.10639,1.00,1.00
2017.11.17 06:40:49.298,1.10628,1.10642,1.00,1.31
2017.11.17 06:40:50.724,1.10628,1.10641,1.00,1.44
2017.11.17 06:40:50.775,1.10625,1.10641,1.00,1.37
2017.11.17 06:40:51.132,1.10627,1.10639,1.00,1.00
2017.11.17 06:40:51.497,1.10624,1.10639,1.00,1.69
2017.11.17 06:40:51.548,1.10621,1.1064,1.00,1.69
2017.11.17 06:40:51.600,1.10621,1.10636,1.00,3.00
2017.11.17 06:40:51.651,1.10619,1.10634,1.00,1.00
2017.11.17 06:40:51.702,1.10617,1.10634,1.00,2.44
2017.11.17 06:40:51.805,1.10617,1.10632,1.00,1.25
2017.11.17 06:40:52.265,1.10619,1.10632,1.00,1.00
2017.11.17 06:40:52.317,1.10619,1.10635,1.00,1.19
2017.11.17 06:40:52.368,1.10621,1.10637,1.00,1.44
2017.11.17 06:40:52.913,1.10622,1.10637,1.00,1.25
2017.11.17 06:40:53.421,1.10623,1.10638,1.00,1.25
2017.11.17 06:40:53.923,1.10622,1.10636,1.00,1.00
2017.11.17 06:40:54.636,1.10622,1.10637,1.00,1.87
2017.11.17 06:40:59.161,1.10622,1.10638,1.00,1.87
2017.11.17 06:40:59.699,1.10622,1.10637,1.00,1.25
2017.11.17 06:40:59.981,1.10625,1.10641,1.00,1.25
2017.11.17 06:41:00.032,1.10627,1.10643,1.00,1.12
2017.11.17 06:41:00.540,1.10627,1.10642,1.00,1.12
2017.11.17 06:41:00.879,1.10629,1.10643,1.00,1.12
2017.11.17 06:41:01.084,1.1063,1.10645,1.00,1.12
2017.11.17 06:41:02.192,1.1063,1.10644,1.00,1.00
2017.11.17 06:41:02.766,1.1063,1.10644,1.00,1.31
2017.11.17 06:41:03.310,1.10629,1.10645,1.00,1.44
2017.11.17 06:41:05.470,1.10629,1.10645,1.00,2.06
2017.11.17 06:41:05.574,1.10628,1.10643,1.00,1.56
2017.11.17 06:41:05.727,1.1063,1.10644,1.00,1.12
2017.11.17 06:41:05.779,1.10628,1.10643,1.00,1.25
2017.11.17 06:41:05.932,1.1063,1.10643,1.00,1.37
2017.11.17 06:41:06.035,1.1063,1.10644,1.00,1.31
2017.11.17 06:41:06.086,1.10631,1.10644,1.00,1.50
2017.11.17 06:41:06.613,1.10632,1.10644,1.00,1.00
2017.11.17 06:41:06.717,1.1063,1.10645,1.00,1.00
2017.11.17 06:41:06.819,1.1063,1.10645,1.00,1.69
2017.11.17 06:41:07.578,1.1063,1.10644,1.00,1.00
2017.11.17 06:41:07.741,1.10632,1.10644,1.00,1.00
2017.11.17 06:41:09.026,1.10633,1.10645,1.00,1.00
2017.11.17 06:41:10.391,1.10634,1.10646,1.00,1.00
2017.11.17 06:41:10.546,1.10633,1.10648,1.00,1.12
2017.11.17 06:41:11.860,1.10633,1.10648,1.00,1.87
2017.11.17 06:41:12.924,1.10633,1.10649,1.00,1.87
2017.11.17 06:41:13.336,1.10634,1.10649,1.00,1.87
2017.11.17 06:41:13.438,1.10636,1.10649,1.00,1.25
2017.11.17 06:41:13.591,1.10636,1.10651,1.00,1.25
2017.11.17 06:41:14.961,1.10636,1.1065,1.00,1.25
2017.11.17 06:41:15.064,1.10635,1.1065,1.00,2.62
2017.11.17 06:41:15.167,1.10633,1.10648,1.00,1.69
2017.11.17 06:41:16.202,1.10631,1.10644,1.00,1.25
2017.11.17 06:41:16.711,1.10632,1.10646,1.00,1.87
2017.11.17 06:41:17.251,1.10633,1.10645,1.00,1.44
2017.11.17 06:41:17.404,1.1063,1.10645,1.00,1.87
2017.11.17 06:41:17.915,1.10631,1.10645,1.00,1.37
2017.11.17 06:41:18.446,1.10634,1.10646,1.00,1.25
2017.11.17 06:41:19.377,1.10634,1.10647,1.00,1.25
2017.11.17 06:41:20.619,1.10634,1.10648,1.00,1.62
2017.11.17 06:41:21.151,1.10634,1.10648,1.00,1.31
2017.11.17 06:41:23.625,1.10637,1.10651,1.00,1.69
2017.11.17 06:41:23.677,1.10637,1.10651,1.00,1.50
2017.11.17 06:41:23.880,1.10637,1.10653,1.00,1.69
2017.11.17 06:41:24.692,1.10638,1.10652,1.00,1.25
2017.11.17 06:41:26.721,1.10638,1.10649,1.00,1.00
2017.11.17 06:41:27.250,1.10637,1.10652,1.00,1.31
2017.11.17 06:41:27.301,1.10637,1.10652,1.00,1.44
2017.11.17 06:41:27.988,1.10637,1.10654,1.00,2.81
2017.11.17 06:41:28.653,1.10637,1.10653,1.00,1.56
2017.11.17 06:41:29.598,1.10637,1.10654,1.00,3.19
2017.11.17 06:41:29.871,1.10634,1.10652,1.00,2.06
2017.11.17 06:41:30.024,1.10636,1.10651,1.00,1.50
2017.11.17 06:41:30.227,1.10634,1.1065,1.00,1.69
2017.11.17 06:41:30.278,1.10633,1.10648,1.00,1.00
2017.11.17 06:41:30.685,1.10633,1.10646,1.00,1.25
2017.11.17 06:41:30.920,1.1063,1.10645,1.00,1.00
2017.11.17 06:41:31.377,1.10632,1.10645,1.00,1.00
2017.11.17 06:41:31.479,1.10632,1.10647,1.00,1.00
2017.11.17 06:41:31.981,1.10633,1.10647,1.00,1.44
2017.11.17 06:41:32.613,1.10633,1.10647,1.00,1.56
2017.11.17 06:41:33.156,1.10634,1.10651,1.00,2.44
2017.11.17 06:41:33.208,1.10634,1.10651,1.00,1.69
2017.11.17 06:41:33.259,1.10632,1.1065,1.00,1.19
2017.11.17 06:41:33.783,1.10632,1.10651,1.00,1.87
2017.11.17 06:41:34.316,1.10632,1.10652,1.00,2.62
2017.11.17 06:41:38.816,1.10632,1.1065,1.00,2.81
2017.11.17 06:41:39.336,1.10632,1.1065,1.00,2.06
2017.11.17 06:41:39.855,1.10632,1.1065,1.00,2.06
2017.11.17 06:41:40.376,1.10632,1.1065,1.00,1.62
2017.11.17 06:41:41.246,1.10632,1.1065,1.00,2.81
2017.11.17 06:41:41.896,1.10631,1.10645,1.00,1.19
2017.11.17 06:41:41.947,1.10625,1.10639,1.00,1.00
2017.11.17 06:41:41.998,1.10627,1.10643,1.00,1.00
2017.11.17 06:41:42.100,1.10628,1.10642,1.00,1.69
2017.11.17 06:41:42.304,1.10626,1.10642,1.00,1.44
2017.11.17 06:41:42.406,1.10628,1.10642,1.00,1.37
2017.11.17 06:41:42.610,1.10632,1.10646,1.00,2.25
2017.11.17 06:41:42.995,1.10633,1.10648,1.00,1.00
2017.11.17 06:41:43.052,1.10636,1.1065,1.00,1.69
2017.11.17 06:41:43.104,1.10636,1.10649,1.00,1.00
2017.11.17 06:41:43.206,1.10636,1.10651,1.00,1.87
2017.11.17 06:41:43.563,1.10636,1.1065,1.00,2.00
2017.11.17 06:41:43.716,1.10634,1.1065,1.00,2.06
2017.11.17 06:41:43.768,1.10636,1.10648,1.00,1.12
2017.11.17 06:41:43.922,1.10633,1.10647,1.00,1.12
2017.11.17 06:41:44.470,1.10634,1.10646,1.00,1.00
2017.11.17 06:41:45.063,1.10633,1.10646,1.00,1.25
2017.11.17 06:41:45.346,1.10635,1.10646,1.00,1.25
2017.11.17 06:41:45.449,1.10633,1.10646,1.00,1.25
2017.11.17 06:41:45.862,1.10635,1.10646,1.00,1.12
2017.11.17 06:41:46.338,1.10633,1.10646,1.00,1.12
2017.11.17 06:41:46.441,1.10635,1.10646,1.00,1.25
2017.11.17 06:41:46.492,1.10633,1.10646,1.00,1.25
2017.11.17 06:41:47.011,1.10634,1.10648,1.00,2.81
2017.11.17 06:41:48.760,1.10634,1.10648,1.00,1.87
2017.11.17 06:41:53.784,1.10634,1.10648,1.00,1.37
2017.11.17 06:41:54.305,1.10633,1.10647,1.00,1.12
2017.11.17 06:41:55.015,1.10633,1.10647,1.00,1.50
2017.11.17 06:41:56.542,1.10633,1.10647,1.00,1.69
2017.11.17 06:41:58.835,1.10633,1.10647,1.00,1.87
2017.11.17 06:42:01.986,1.10633,1.10647,1.00,1.50
2017.11.17 06:42:02.517,1.10632,1.10646,1.00,2.06
2017.11.17 06:42:05.439,1.10634,1.10647,1.00,2.25
2017.11.17 06:42:05.541,1.10631,1.10647,1.00,2.25
2017.11.17 06:42:10.195,1.10632,1.10646,1.00,1.31
2017.11.17 06:42:10.969,1.1063,1.10646,1.00,1.50
2017.11.17 06:42:11.261,1.10632,1.10646,1.00,1.00
2017.11.17 06:42:11.697,1.10632,1.10648,1.00,1.25
2017.11.17 06:42:11.748,1.10634,1.10648,1.00,1.25
2017.11.17 06:42:12.267,1.10634,1.10648,1.00,1.44
2017.11.17 06:42:13.151,1.10634,1.1065,1.00,1.50
2017.11.17 06:42:13.686,1.10635,1.1065,1.00,1.25
2017.11.17 06:42:14.226,1.10635,1.10651,1.00,1.50
2017.11.17 06:42:14.736,1.10636,1.10653,1.00,1.62
2017.11.17 06:42:15.229,1.10638,1.10653,1.00,1.62
2017.11.17 06:42:16.090,1.10636,1.10652,1.00,1.19
2017.11.17 06:42:16.141,1.10636,1.10653,1.00,1.69
2017.11.17 06:42:16.192,1.10634,1.10653,1.00,1.25
2017.11.17 06:42:16.243,1.10634,1.10652,1.00,1.19
2017.11.17 06:42:16.740,1.10636,1.10652,1.00,2.81
2017.11.17 06:42:16.944,1.10636,1.10653,1.00,1.69
2017.11.17 06:42:17.047,1.10638,1.10653,1.00,1.19
2017.11.17 06:42:17.149,1.10639,1.10655,1.00,1.44
2017.11.17 06:42:17.251,1.10636,1.10654,1.00,1.25
2017.11.17 06:42:17.558,1.10639,1.10655,1.00,2.06
2017.11.17 06:42:18.061,1.1064,1.10656,1.00,1.12
2017.11.17 06:42:18.576,1.1064,1.10656,1.00,1.62
2017.11.17 06:42:19.141,1.1064,1.10656,1.00,1.25
2017.11.17 06:42:21.991,1.1064,1.10657,1.00,2.06
2017.11.17 06:42:23.694,1.1064,1.10656,1.00,1.00
2017.11.17 06:42:26.698,1.1064,1.10657,1.00,1.25
2017.11.17 06:42:27.116,1.1064,1.10659,1.00,1.69
2017.11.17 06:42:27.662,1.10641,1.10659,1.00,2.81
2017.11.17 06:42:28.178,1.10641,1.10657,1.00,1.00
2017.11.17 06:42:28.717,1.10641,1.10659,1.00,2.81
2017.11.17 06:42:32.431,1.10641,1.10659,1.00,1.69
2017.11.17 06:42:33.990,1.10641,1.10658,1.00,1.25
2017.11.17 06:42:34.682,1.10641,1.10659,1.00,1.69
2017.11.17 06:42:34.733,1.10641,1.10656,1.00,1.25
2017.11.17 06:42:34.998,1.10637,1.10653,1.00,1.00
2017.11.17 06:42:35.049,1.10635,1.10653,1.00,1.00
2017.11.17 06:42:35.152,1.10634,1.1065,1.00,1.00
2017.11.17 06:42:35.457,1.10637,1.10651,1.00,2.81
2017.11.17 06:42:36.188,1.10637,1.1065,1.00,1.44
2017.11.17 06:42:36.671,1.10636,1.10651,1.00,1.69
2017.11.17 06:42:36.722,1.10633,1.1065,1.00,1.44
2017.11.17 06:42:37.236,1.10633,1.10647,1.00,1.00
2017.11.17 06:42:37.944,1.10631,1.10647,1.00,1.00
2017.11.17 06:42:38.446,1.1063,1.10647,1.00,1.00
2017.11.17 06:42:39.769,1.1063,1.10648,1.00,2.81
2017.11.17 06:42:40.373,1.10633,1.10653,1.25,1.25
2017.11.17 06:42:40.425,1.10636,1.10653,1.00,1.00
2017.11.17 06:42:40.960,1.10637,1.10654,1.00,1.50
2017.11.17 06:42:41.497,1.10636,1.10653,1.00,1.50
2017.11.17 06:42:42.148,1.10637,1.10653,1.00,2.25
2017.11.17 06:42:42.756,1.10635,1.10654,1.00,1.62
2017.11.17 06:42:42.909,1.10637,1.10654,1.00,1.19
2017.11.17 06:42:43.214,1.1064,1.10655,1.00,1.25
2017.11.17 06:42:43.520,1.1064,1.10658,1.00,1.69
2017.11.17 06:42:43.572,1.1064,1.10657,1.00,1.38
2017.11.17 06:42:43.887,1.10636,1.10655,1.00,1.56
2017.11.17 06:42:44.593,1.10636,1.10654,1.00,1.31
2017.11.17 06:42:45.036,1.10638,1.10657,2.00,1.19
2017.11.17 06:42:45.342,1.10644,1.1066,1.00,1.50
2017.11.17 06:42:45.689,1.10646,1.10662,1.00,1.00
2017.11.17 06:42:47.141,1.10645,1.10662,1.00,1.25
2017.11.17 06:42:47.449,1.10642,1.10661,1.00,2.06
2017.11.17 06:42:47.958,1.10641,1.10658,1.00,1.25
2017.11.17 06:42:48.335,1.10643,1.10659,1.00,1.00
2017.11.17 06:42:48.868,1.10643,1.1066,1.00,2.44
2017.11.17 06:42:49.174,1.10643,1.10659,1.00,1.19
2017.11.17 06:42:49.327,1.10643,1.1066,1.00,1.50
2017.11.17 06:42:49.481,1.10644,1.10663,1.00,2.25
2017.11.17 06:42:50.023,1.10644,1.10661,1.00,2.06
2017.11.17 06:42:50.531,1.10644,1.10661,1.00,2.62
2017.11.17 06:42:51.103,1.10644,1.1066,1.00,1.44
2017.11.17 06:42:51.524,1.10644,1.10661,1.00,1.25
2017.11.17 06:42:52.067,1.10644,1.10662,1.00,1.37
2017.11.17 06:42:52.219,1.10644,1.10657,1.00,1.25
2017.11.17 06:42:52.271,1.10639,1.10657,1.00,3.00
2017.11.17 06:42:52.525,1.10639,1.10658,1.00,1.87
2017.11.17 06:42:52.911,1.10642,1.10657,1.00,1.00
2017.11.17 06:42:52.962,1.10642,1.1066,1.00,1.37
2017.11.17 06:42:53.064,1.10644,1.1066,1.00,2.44
2017.11.17 06:42:53.115,1.10642,1.1066,1.00,3.19
2017.11.17 06:42:53.627,1.10643,1.10659,1.00,1.56
2017.11.17 06:42:53.830,1.1064,1.1066,1.00,1.25
2017.11.17 06:42:54.205,1.10643,1.1066,1.00,1.25
2017.11.17 06:42:54.768,1.10642,1.10662,1.25,2.44
2017.11.17 06:42:54.941,1.10642,1.10662,1.25,2.44
2017.11.17 06:42:55.485,1.10642,1.10661,1.00,1.44
2017.11.17 06:42:55.694,1.1064,1.10662,1.00,1.50
2017.11.17 06:42:56.196,1.1064,1.10663,1.25,2.81
2017.11.17 06:42:56.247,1.10642,1.10662,1.00,1.50
2017.11.17 06:42:56.850,1.10642,1.10662,1.00,1.31
2017.11.17 06:42:57.018,1.10642,1.10662,1.00,1.31
2017.11.17 06:42:57.260,1.10642,1.10662,1.00,1.50
2017.11.17 06:42:57.370,1.10642,1.10662,1.00,1.12
2017.11.17 06:42:57.715,1.10641,1.10661,1.00,1.37
2017.11.17 06:42:57.766,1.10639,1.10661,1.25,1.87
2017.11.17 06:42:57.868,1.10641,1.1066,1.00,1.56
2017.11.17 06:42:58.275,1.10639,1.10659,1.25,1.50
2017.11.17 06:42:58.774,1.1064,1.10659,1.44,1.00
2017.11.17 06:42:59.985,1.1064,1.1066,1.44,1.87
2017.11.17 06:43:00.139,1.10641,1.10661,1.00,1.87
2017.11.17 06:43:00.344,1.10641,1.10658,1.00,1.00
2017.11.17 06:43:00.672,1.10642,1.10661,1.00,1.25
2017.11.17 06:43:01.688,1.10641,1.10662,1.12,1.69
2017.11.17 06:43:02.017,1.10641,1.10662,1.63,1.44
2017.11.17 06:43:02.341,1.10642,1.10659,1.00,1.69
2017.11.17 06:43:02.547,1.10645,1.10663,1.12,1.25
2017.11.17 06:43:02.700,1.10647,1.10664,1.00,1.13
2017.11.17 06:43:03.326,1.10644,1.10662,1.50,1.00
2017.11.17 06:43:03.377,1.10644,1.10662,1.00,1.38
2017.11.17 06:43:03.429,1.10642,1.10662,1.00,1.00
2017.11.17 06:43:03.481,1.10642,1.10662,1.00,3.38
2017.11.17 06:43:03.632,1.1064,1.1066,1.25,1.56
2017.11.17 06:43:04.220,1.1064,1.10659,1.25,1.88
2017.11.17 06:43:04.576,1.10638,1.10657,1.12,1.00
2017.11.17 06:43:05.226,1.10638,1.10657,1.12,1.44
2017.11.17 06:43:06.271,1.10638,1.10657,1.12,1.25
2017.11.17 06:43:06.705,1.10638,1.10657,1.50,1.38
2017.11.17 06:43:07.292,1.10642,1.10659,1.19,1.25
2017.11.17 06:43:07.439,1.10642,1.10659,1.00,1.25
2017.11.17 06:43:07.490,1.10637,1.10657,1.25,1.56
2017.11.17 06:43:07.800,1.10635,1.10653,1.00,1.88
2017.11.17 06:43:07.851,1.10636,1.10653,1.00,1.25
2017.11.17 06:43:07.953,1.10636,1.10656,1.00,1.88
2017.11.17 06:43:08.005,1.10638,1.10656,1.00,2.81
2017.11.17 06:43:08.605,1.10638,1.10658,1.00,2.63
2017.11.17 06:43:09.113,1.10639,1.10656,1.00,1.63
2017.11.17 06:43:10.222,1.10639,1.10656,1.00,1.13
2017.11.17 06:43:10.797,1.10639,1.10656,1.00,1.63
2017.11.17 06:43:11.976,1.10639,1.10656,1.00,1.13
2017.11.17 06:43:12.641,1.10639,1.10656,1.00,1.63
2017.11.17 06:43:17.713,1.10639,1.10656,1.00,1.13
2017.11.17 06:43:18.270,1.10639,1.10656,1.00,1.63
2017.11.17 06:43:20.304,1.10639,1.10656,1.00,1.56
2017.11.17 06:43:21.422,1.10637,1.10656,1.00,1.63
2017.11.17 06:43:21.996,1.10637,1.10656,1.00,1.31
2017.11.17 06:43:22.212,1.10637,1.10656,1.00,1.56
2017.11.17 06:43:22.463,1.10637,1.10656,1.00,2.25
2017.11.17 06:43:22.565,1.10637,1.10655,1.00,1.63
2017.11.17 06:43:22.717,1.10638,1.10657,1.00,1.87
2017.11.17 06:43:23.627,1.10644,1.10658,1.00,1.81
2017.11.17 06:43:23.932,1.10641,1.10655,1.00,1.75
2017.11.17 06:43:24.589,1.10641,1.10653,1.00,1.31
2017.11.17 06:43:25.309,1.10641,1.10654,1.00,2.25
2017.11.17 06:43:25.890,1.10641,1.10656,1.00,1.56
2017.11.17 06:43:26.133,1.10644,1.10657,1.00,3.94
2017.11.17 06:43:26.649,1.10644,1.10656,1.00,1.56
2017.11.17 06:43:27.230,1.10644,1.10657,1.00,3.56
2017.11.17 06:43:29.132,1.10644,1.10656,1.00,1.69
2017.11.17 06:43:29.868,1.10644,1.10657,1.00,2.44
2017.11.17 06:43:30.962,1.10644,1.10656,1.00,1.69
2017.11.17 06:43:31.559,1.10641,1.10655,1.00,1.56
2017.11.17 06:43:31.610,1.10641,1.10655,1.00,1.69
2017.11.17 06:43:31.661,1.10639,1.10651,1.00,1.25
2017.11.17 06:43:31.913,1.10638,1.10651,1.00,1.81
2017.11.17 06:43:31.964,1.10638,1.1065,1.00,1.50
2017.11.17 06:43:32.067,1.10635,1.10649,1.00,1.37
2017.11.17 06:43:32.872,1.10637,1.1065,1.00,3.19
2017.11.17 06:43:33.409,1.10637,1.1065,1.00,1.25
2017.11.17 06:43:33.460,1.10636,1.1065,1.00,2.00
2017.11.17 06:43:33.971,1.10635,1.1065,1.00,1.81
2017.11.17 06:43:34.370,1.10637,1.1065,1.00,2.06
2017.11.17 06:43:34.421,1.10636,1.1065,1.00,3.00
2017.11.17 06:43:34.575,1.10637,1.1065,1.00,1.31
2017.11.17 06:43:34.998,1.10638,1.10652,1.00,1.12
2017.11.17 06:43:35.355,1.10641,1.10653,1.00,1.19
2017.11.17 06:43:35.863,1.1064,1.10654,1.00,2.06
2017.11.17 06:43:37.530,1.10641,1.10654,1.00,1.31
2017.11.17 06:43:38.098,1.10642,1.10655,1.00,1.44
2017.11.17 06:43:38.685,1.1064,1.10655,1.00,1.13
2017.11.17 06:43:40.119,1.10642,1.10654,1.00,1.13
2017.11.17 06:43:40.493,1.1064,1.10654,1.00,2.63
2017.11.17 06:43:40.544,1.10638,1.10651,1.00,1.00
2017.11.17 06:43:41.053,1.10638,1.10653,1.00,3.37
2017.11.17 06:43:41.409,1.1064,1.10654,1.00,3.00
2017.11.17 06:43:41.763,1.10642,1.10654,1.00,1.69
2017.11.17 06:43:41.916,1.10639,1.10654,1.00,1.69
2017.11.17 06:43:41.968,1.10641,1.10654,1.00,1.69
2017.11.17 06:43:42.222,1.10639,1.10654,1.00,1.88
2017.11.17 06:43:46.311,1.1064,1.10654,1.00,1.19
2017.11.17 06:43:47.079,1.1064,1.10654,1.00,1.13
2017.11.17 06:43:47.658,1.10641,1.10654,1.00,1.13
2017.11.17 06:43:48.444,1.1064,1.10653,1.00,1.00
2017.11.17 06:43:48.579,1.10642,1.10653,1.00,1.00
2017.11.17 06:43:48.991,1.1064,1.10651,1.00,1.00
2017.11.17 06:43:49.144,1.10638,1.10651,1.00,1.00
2017.11.17 06:43:49.195,1.1064,1.10651,1.00,1.25
2017.11.17 06:43:49.602,1.10642,1.10651,1.00,1.00
2017.11.17 06:43:49.653,1.10642,1.10653,1.00,1.87
2017.11.17 06:43:50.172,1.10641,1.10652,1.00,1.25
2017.11.17 06:43:50.630,1.10639,1.10652,1.00,1.44
2017.11.17 06:43:50.732,1.1064,1.10653,1.00,1.25
2017.11.17 06:43:51.261,1.10641,1.10654,1.00,1.63
2017.11.17 06:43:51.801,1.10642,1.10655,1.00,1.37
2017.11.17 06:43:51.853,1.10645,1.10657,1.00,1.63
2017.11.17 06:43:52.159,1.10647,1.10659,1.00,2.25
2017.11.17 06:43:52.362,1.10648,1.10659,1.00,1.25
2017.11.17 06:43:52.718,1.10648,1.10659,1.00,1.38
2017.11.17 06:43:53.403,1.10646,1.10661,1.00,2.44
2017.11.17 06:43:53.791,1.10648,1.10658,1.00,1.31
2017.11.17 06:43:54.345,1.10647,1.10658,1.00,2.06
2017.11.17 06:43:54.855,1.10647,1.10658,1.00,1.31
2017.11.17 06:43:55.393,1.10646,1.10658,1.00,2.06
2017.11.17 06:43:55.821,1.10648,1.10658,1.00,2.06
2017.11.17 06:43:56.327,1.10647,1.10658,1.00,2.06
2017.11.17 06:43:57.136,1.10647,1.10658,1.00,1.25
2017.11.17 06:43:57.442,1.1065,1.10661,1.00,1.00
2017.11.17 06:43:57.595,1.10651,1.10664,1.00,1.38
2017.11.17 06:43:57.646,1.10649,1.10661,1.00,1.00
2017.11.17 06:43:58.306,1.1065,1.10661,1.00,1.00
2017.11.17 06:43:59.004,1.1065,1.10662,1.00,1.00
2017.11.17 06:44:00.922,1.1065,1.10664,1.00,1.31
2017.11.17 06:44:01.228,1.1065,1.10661,1.00,1.25
2017.11.17 06:44:01.330,1.10651,1.10665,1.00,2.06
2017.11.17 06:44:01.867,1.10652,1.10665,1.00,1.38
2017.11.17 06:44:02.020,1.1065,1.10662,1.00,1.25
2017.11.17 06:44:02.560,1.10651,1.10665,1.00,1.38
2017.11.17 06:44:03.142,1.1065,1.10666,1.00,2.06
2017.11.17 06:44:03.603,1.10648,1.10661,1.00,1.56
2017.11.17 06:44:03.909,1.10648,1.10662,1.00,2.06
2017.11.17 06:44:04.348,1.10648,1.10662,1.00,1.44
2017.11.17 06:44:04.511,1.1065,1.10663,1.00,1.50
2017.11.17 06:44:04.562,1.1065,1.10665,1.00,2.81
2017.11.17 06:44:05.071,1.1065,1.10664,1.00,2.06
2017.11.17 06:44:05.616,1.10649,1.10665,1.00,1.94
2017.11.17 06:44:05.854,1.10649,1.10665,1.00,2.44
2017.11.17 06:44:06.507,1.10649,1.10665,1.00,2.62
2017.11.17 06:44:07.272,1.10649,1.10664,1.00,1.56
2017.11.17 06:44:07.477,1.10652,1.10664,1.00,1.56
2017.11.17 06:44:09.248,1.10646,1.10664,1.00,1.38
2017.11.17 06:44:11.653,1.10646,1.10664,1.00,1.31
2017.11.17 06:44:12.217,1.10645,1.10664,1.00,1.31
2017.11.17 06:44:12.755,1.10645,1.10665,1.00,1.31
2017.11.17 06:44:14.641,1.10645,1.10665,1.00,1.63
2017.11.17 06:44:14.946,1.10645,1.10664,1.00,1.75
2017.11.17 06:44:15.200,1.10642,1.10665,1.00,1.88
2017.11.17 06:44:15.252,1.10644,1.10665,1.00,1.13
2017.11.17 06:44:15.303,1.10642,1.10665,1.00,1.13
2017.11.17 06:44:15.354,1.10644,1.10665,1.00,1.13
2017.11.17 06:44:15.405,1.10642,1.10665,1.00,1.13
2017.11.17 06:44:15.558,1.10644,1.10662,1.00,1.31
2017.11.17 06:44:15.762,1.10642,1.10664,1.00,1.13
2017.11.17 06:44:16.269,1.10642,1.10664,1.00,1.13
2017.11.17 06:44:16.372,1.1064,1.10661,1.00,1.25
2017.11.17 06:44:16.424,1.1064,1.1066,1.00,1.44
2017.11.17 06:44:16.930,1.1064,1.10661,1.00,1.31
2017.11.17 06:44:17.261,1.1064,1.1066,1.00,1.38
2017.11.17 06:44:17.566,1.10641,1.10663,1.00,2.25
2017.11.17 06:44:18.024,1.10644,1.10663,1.00,1.75
2017.11.17 06:44:18.584,1.10643,1.10663,1.00,1.75
2017.11.17 06:44:19.275,1.10643,1.10664,1.00,1.88
2017.11.17 06:44:19.478,1.10641,1.10664,1.00,1.88
2017.11.17 06:44:19.529,1.10643,1.10664,1.00,1.88
2017.11.17 06:44:20.044,1.10644,1.10663,1.00,1.75
2017.11.17 06:44:20.385,1.10641,1.10664,1.00,1.13
2017.11.17 06:44:20.933,1.10642,1.10664,1.00,1.88
2017.11.17 06:44:20.985,1.10642,1.10659,1.00,1.44
2017.11.17 06:44:21.036,1.10638,1.1066,1.00,1.63
2017.11.17 06:44:21.088,1.10637,1.10656,1.00,1.25
2017.11.17 06:44:21.496,1.10636,1.10656,1.00,1.38
2017.11.17 06:44:22.634,1.10636,1.10657,1.00,1.88
2017.11.17 06:44:23.196,1.10635,1.10656,1.25,1.38
2017.11.17 06:44:24.095,1.10638,1.10658,1.00,1.38
2017.11.17 06:44:24.146,1.10636,1.10658,1.00,1.38
2017.11.17 06:44:24.857,1.10636,1.10659,1.00,1.38
2017.11.17 06:44:25.531,1.10636,1.10659,1.00,1.38
2017.11.17 06:44:26.160,1.10636,1.10658,1.25,1.50
2017.11.17 06:44:26.888,1.10639,1.10659,1.00,2.06
2017.11.17 06:44:28.121,1.10638,1.10661,1.00,2.06
2017.11.17 06:44:28.943,1.1064,1.10662,1.00,2.25
2017.11.17 06:44:28.994,1.10637,1.10662,1.00,2.25
2017.11.17 06:44:29.159,1.10639,1.10662,1.00,3.00
2017.11.17 06:44:29.660,1.10639,1.10661,1.00,1.56
2017.11.17 06:44:30.452,1.1064,1.10662,1.00,2.25
2017.11.17 06:44:31.001,1.10641,1.10661,1.00,1.56
2017.11.17 06:44:31.788,1.1064,1.10661,1.00,1.56
2017.11.17 06:44:32.360,1.10639,1.10661,1.00,1.69
2017.11.17 06:44:32.563,1.10639,1.10661,1.00,1.63
2017.11.17 06:44:32.614,1.10641,1.10664,1.00,2.63
2017.11.17 06:44:32.919,1.10644,1.10665,1.00,2.25
2017.11.17 06:44:32.970,1.10642,1.10665,1.00,1.88
2017.11.17 06:44:33.480,1.10643,1.10665,1.00,1.88
2017.11.17 06:44:34.727,1.10643,1.10665,1.00,1.88
2017.11.17 06:44:35.735,1.1064,1.10662,1.00,1.50
2017.11.17 06:44:35.995,1.10639,1.10662,1.00,2.19
2017.11.17 06:44:36.845,1.10639,1.10662,1.00,1.81
2017.11.17 06:44:37.388,1.1064,1.10662,1.00,1.81
2017.11.17 06:44:37.439,1.10638,1.10662,1.00,2.25
2017.11.17 06:44:37.490,1.1064,1.10662,1.00,3.00
2017.11.17 06:44:37.542,1.10637,1.10662,1.00,3.00
2017.11.17 06:44:37.593,1.1064,1.10662,1.00,2.25
2017.11.17 06:44:37.695,1.10638,1.10662,1.00,2.25
2017.11.17 06:44:37.848,1.10636,1.10658,1.00,1.13
2017.11.17 06:44:37.901,1.10636,1.10656,1.00,1.50
2017.11.17 06:44:38.157,1.10637,1.10657,1.00,1.25
2017.11.17 06:44:39.060,1.10637,1.10661,1.00,1.69
2017.11.17 06:44:39.162,1.10639,1.1066,1.00,2.06
2017.11.17 06:44:39.265,1.10636,1.10659,1.00,2.63
2017.11.17 06:44:39.753,1.10636,1.1066,1.50,1.31
2017.11.17 06:44:39.814,1.10638,1.1066,1.00,1.31
2017.11.17 06:44:41.147,1.10638,1.1066,1.00,1.31
2017.11.17 06:44:42.398,1.10638,1.10658,1.00,1.50
2017.11.17 06:44:43.051,1.10638,1.10661,1.00,2.81
2017.11.17 06:44:43.582,1.10637,1.10659,1.00,1.56
2017.11.17 06:44:43.807,1.10641,1.10663,1.00,1.25
2017.11.17 06:44:43.911,1.10641,1.10663,1.00,2.06
2017.11.17 06:44:43.963,1.10638,1.10658,1.00,2.06
2017.11.17 06:44:44.016,1.1064,1.10658,1.00,1.00
2017.11.17 06:44:44.068,1.10632,1.10656,1.50,1.56
2017.11.17 06:44:44.203,1.10631,1.10652,1.00,1.63
2017.11.17 06:44:44.255,1.10624,1.10645,1.25,1.00
2017.11.17 06:44:44.665,1.10623,1.10644,1.00,1.69
2017.11.17 06:44:45.020,1.10625,1.10644,1.00,1.00
2017.11.17 06:44:45.122,1.10622,1.10644,1.25,1.81
2017.11.17 06:44:45.225,1.10625,1.10645,1.00,1.00
2017.11.17 06:44:45.276,1.10625,1.10649,1.50,1.88
2017.11.17 06:44:45.450,1.10631,1.10653,1.00,1.31
2017.11.17 06:44:45.552,1.10629,1.10649,1.00,1.25
2017.11.17 06:44:45.655,1.10627,1.10649,1.25,1.25
2017.11.17 06:44:45.859,1.1063,1.1065,1.00,1.31
2017.11.17 06:44:45.961,1.10627,1.1065,1.25,1.31
2017.11.17 06:44:46.215,1.10629,1.10652,1.38,1.44
2017.11.17 06:44:46.673,1.10634,1.10653,1.00,1.19
2017.11.17 06:44:46.724,1.10636,1.10657,1.00,1.12
2017.11.17 06:44:46.936,1.10635,1.10658,1.00,2.81
2017.11.17 06:44:46.987,1.10633,1.10658,1.00,2.81
2017.11.17 06:44:47.495,1.10633,1.10656,1.00,1.56
2017.11.17 06:44:47.596,1.10633,1.10655,1.00,2.06
2017.11.17 06:44:48.105,1.10632,1.10655,1.25,1.56
2017.11.17 06:44:48.627,1.10632,1.10655,1.00,1.56
2017.11.17 06:44:48.729,1.10629,1.10655,2.06,1.56
2017.11.17 06:44:49.370,1.10629,1.10655,2.06,1.56
2017.11.17 06:44:49.991,1.10629,1.10656,1.31,2.63
2017.11.17 06:44:50.552,1.1063,1.10655,1.31,1.88
2017.11.17 06:44:51.317,1.1063,1.10655,1.31,1.88
2017.11.17 06:44:51.874,1.1063,1.10656,1.44,3.00
2017.11.17 06:44:52.534,1.1063,1.10655,1.31,1.56
2017.11.17 06:44:53.075,1.1063,1.10656,1.12,2.44
2017.11.17 06:44:53.869,1.1063,1.10656,1.12,1.69
2017.11.17 06:44:54.449,1.1063,1.10655,1.25,1.56
2017.11.17 06:44:54.500,1.1063,1.10655,1.25,1.12
2017.11.17 06:44:54.626,1.10629,1.10656,1.44,1.81
2017.11.17 06:44:54.730,1.10633,1.10658,1.00,1.87
2017.11.17 06:44:54.781,1.10633,1.10658,1.00,1.12
2017.11.17 06:44:54.833,1.10634,1.10658,1.00,1.50
2017.11.17 06:44:55.139,1.10632,1.10654,1.00,1.56
2017.11.17 06:44:55.292,1.10631,1.10655,1.25,1.56
2017.11.17 06:44:55.833,1.10632,1.10655,1.00,1.56
2017.11.17 06:44:55.936,1.10631,1.10655,1.25,1.63
2017.11.17 06:44:55.987,1.1063,1.10654,1.00,2.00
2017.11.17 06:44:56.164,1.10626,1.1065,2.44,1.19
2017.11.17 06:44:56.369,1.10628,1.1065,1.00,2.06
2017.11.17 06:44:56.420,1.10626,1.1065,1.12,1.50
2017.11.17 06:44:56.471,1.10628,1.10651,1.00,2.06
2017.11.17 06:44:56.522,1.10625,1.10651,2.81,2.06
2017.11.17 06:44:56.573,1.10627,1.10651,1.25,2.44
2017.11.17 06:44:56.983,1.10625,1.10647,1.87,1.00
2017.11.17 06:44:57.504,1.10624,1.10648,1.44,2.25
2017.11.17 06:44:57.837,1.10622,1.10647,1.56,1.50
2017.11.17 06:44:57.953,1.10624,1.10649,2.06,2.25
2017.11.17 06:44:58.465,1.10623,1.10647,1.81,1.88
2017.11.17 06:44:58.821,1.10623,1.10648,1.56,1.69
2017.11.17 06:44:59.390,1.10623,1.10647,1.81,1.00
2017.11.17 06:44:59.937,1.10623,1.10648,1.31,1.69
2017.11.17 06:45:00.368,1.10623,1.10647,1.81,1.00
2017.11.17 06:45:00.824,1.10623,1.10647,1.62,1.00
2017.11.17 06:45:01.363,1.10623,1.10648,2.06,1.00
2017.11.17 06:45:01.705,1.10624,1.1065,2.06,2.62
2017.11.17 06:45:01.794,1.10624,1.1065,1.19,2.06
2017.11.17 06:45:02.053,1.10624,1.10649,2.06,1.19
2017.11.17 06:45:02.262,1.10624,1.1065,1.19,2.06
2017.11.17 06:45:02.459,1.10624,1.1065,2.06,2.62
2017.11.17 06:45:02.510,1.10624,1.1065,1.19,2.06
2017.11.17 06:45:02.787,1.10624,1.1065,2.06,2.62
2017.11.17 06:45:03.212,1.10624,1.10649,1.88,1.38
2017.11.17 06:45:03.415,1.10624,1.1065,1.88,2.06
2017.11.17 06:45:03.927,1.10624,1.10649,1.88,1.38
2017.11.17 06:45:04.278,1.10624,1.1065,1.88,2.81
2017.11.17 06:45:04.882,1.10624,1.1065,1.38,2.25
2017.11.17 06:45:05.459,1.10625,1.10648,1.38,1.12
2017.11.17 06:45:06.260,1.10625,1.1065,1.44,2.25
2017.11.17 06:45:06.426,1.10625,1.10649,1.38,1.38
2017.11.17 06:45:07.260,1.10625,1.1065,1.38,1.81
2017.11.17 06:45:07.796,1.10624,1.1065,1.25,2.25
2017.11.17 06:45:08.000,1.10625,1.10651,1.44,2.25
2017.11.17 06:45:08.471,1.10627,1.10651,1.88,1.13
2017.11.17 06:45:09.079,1.10627,1.10651,1.00,1.38
2017.11.17 06:45:10.177,1.10627,1.10651,2.63,1.13
2017.11.17 06:45:10.704,1.10625,1.1065,1.13,1.62
2017.11.17 06:45:10.923,1.10624,1.10651,3.19,3.00
2017.11.17 06:45:11.518,1.10626,1.10651,1.13,1.13
2017.11.17 06:45:12.020,1.10627,1.10651,1.19,1.13
2017.11.17 06:45:12.325,1.10626,1.10651,1.69,1.13
2017.11.17 06:45:12.585,1.10627,1.10651,1.44,1.13
2017.11.17 06:45:13.231,1.10627,1.10651,1.44,1.13
2017.11.17 06:45:13.346,1.10626,1.10651,1.88,1.13
2017.11.17 06:45:14.011,1.10626,1.10651,1.88,1.13
2017.11.17 06:45:15.205,1.10626,1.10651,1.88,1.13
2017.11.17 06:45:15.307,1.10627,1.10651,1.44,1.13
2017.11.17 06:45:15.876,1.10626,1.10651,1.88,1.13
2017.11.17 06:45:16.504,1.10627,1.10651,1.44,1.13
2017.11.17 06:45:17.030,1.10626,1.10651,1.88,1.13
2017.11.17 06:45:17.475,1.10627,1.10651,1.38,1.13
2017.11.17 06:45:17.940,1.10626,1.10651,1.38,1.13
2017.11.17 06:45:18.051,1.10627,1.10651,1.38,1.13
2017.11.17 06:45:19.100,1.10626,1.10651,1.44,1.13
2017.11.17 06:45:19.651,1.10627,1.10651,1.44,1.13
2017.11.17 06:45:19.702,1.10626,1.10651,1.44,1.13
2017.11.17 06:45:19.914,1.10625,1.1065,2.44,1.81
2017.11.17 06:45:20.494,1.10625,1.10651,2.44,1.88
2017.11.17 06:45:20.965,1.10625,1.1065,3.19,1.62
2017.11.17 06:45:21.118,1.10625,1.10646,1.00,1.00
2017.11.17 06:45:21.169,1.10623,1.10645,1.69,1.00
2017.11.17 06:45:21.323,1.10623,1.10648,1.00,1.00
2017.11.17 06:45:21.802,1.10622,1.10647,1.50,1.88
2017.11.17 06:45:22.412,1.10621,1.10645,2.06,1.00
2017.11.17 06:45:22.777,1.1062,1.1064,1.69,1.00
2017.11.17 06:45:23.082,1.10615,1.10638,2.00,1.13
2017.11.17 06:45:23.388,1.10618,1.10641,2.00,1.25
2017.11.17 06:45:23.594,1.10618,1.10643,1.37,2.63
2017.11.17 06:45:23.698,1.10621,1.10643,1.31,1.50
2017.11.17 06:45:23.749,1.10622,1.10645,1.56,1.00
2017.11.17 06:45:23.801,1.10622,1.10647,1.56,1.69
2017.11.17 06:45:23.852,1.10622,1.10645,1.56,1.00
2017.11.17 06:45:24.162,1.10629,1.1065,1.75,1.25
2017.11.17 06:45:24.467,1.10628,1.1065,1.19,1.31
2017.11.17 06:45:24.708,1.10627,1.10652,1.31,2.63
2017.11.17 06:45:24.912,1.10628,1.1065,1.00,1.87
2017.11.17 06:45:25.371,1.10626,1.1065,1.13,3.56
2017.11.17 06:45:26.554,1.10626,1.10649,1.13,1.37
2017.11.17 06:45:27.154,1.10625,1.10648,2.19,1.00
2017.11.17 06:45:28.184,1.10625,1.10648,2.19,1.44
2017.11.17 06:45:30.033,1.10626,1.10647,1.13,1.44
2017.11.17 06:45:30.399,1.1063,1.10651,1.12,1.00
2017.11.17 06:45:30.452,1.10627,1.10652,1.56,1.00
2017.11.17 06:45:30.606,1.10627,1.10651,1.94,2.06
2017.11.17 06:45:31.121,1.10627,1.10652,1.94,1.13
2017.11.17 06:45:31.636,1.10628,1.10653,1.69,1.56
2017.11.17 06:45:32.696,1.10627,1.10653,1.94,1.63
2017.11.17 06:45:33.356,1.10627,1.10653,1.94,1.63
2017.11.17 06:45:33.903,1.10627,1.10651,1.31,1.00
2017.11.17 06:45:34.370,1.10627,1.10651,1.31,2.81
2017.11.17 06:45:34.755,1.10625,1.10651,2.06,1.69
2017.11.17 06:45:35.273,1.10625,1.1065,2.06,1.00
2017.11.17 06:45:35.660,1.10626,1.1065,2.06,1.25
2017.11.17 06:45:36.169,1.10627,1.10651,1.31,1.25
2017.11.17 06:45:36.677,1.10627,1.10651,1.31,1.19
2017.11.17 06:45:37.192,1.10627,1.10652,1.94,1.88
2017.11.17 06:45:37.734,1.10627,1.10652,1.94,2.81
2017.11.17 06:45:38.076,1.10629,1.10654,1.50,1.00
2017.11.17 06:45:38.128,1.10628,1.10652,1.50,1.13
2017.11.17 06:45:38.433,1.10629,1.1065,1.44,1.25
2017.11.17 06:45:38.739,1.10622,1.10647,1.31,1.00
2017.11.17 06:45:38.791,1.10621,1.10644,2.06,1.00
2017.11.17 06:45:39.148,1.10623,1.10646,1.44,1.50
2017.11.17 06:45:39.301,1.10623,1.10644,1.19,1.00
2017.11.17 06:45:39.454,1.10631,1.10651,1.00,2.06
2017.11.17 06:45:39.823,1.10627,1.1065,1.50,1.44
2017.11.17 06:45:40.392,1.10627,1.10651,1.50,3.38
2017.11.17 06:45:41.129,1.10624,1.10648,3.75,1.38
2017.11.17 06:45:41.281,1.10624,1.10648,1.87,1.50
2017.11.17 06:45:42.159,1.10627,1.10649,1.13,2.06
2017.11.17 06:45:42.221,1.10627,1.10649,1.44,1.12
2017.11.17 06:45:42.420,1.10627,1.10649,1.13,2.06
2017.11.17 06:45:42.908,1.10627,1.10649,1.13,1.25
2017.11.17 06:45:44.308,1.10627,1.10647,1.13,1.00
2017.11.17 06:45:44.620,1.10624,1.10649,2.06,2.62
2017.11.17 06:45:44.722,1.10624,1.10647,2.81,1.00
2017.11.17 06:45:45.020,1.10624,1.10647,2.06,1.00
2017.11.17 06:45:45.196,1.10624,1.10645,2.81,1.00
2017.11.17 06:45:45.247,1.10624,1.10647,2.06,1.25
2017.11.17 06:45:45.757,1.10624,1.10646,2.06,1.25
2017.11.17 06:45:47.629,1.10624,1.10646,2.44,1.00
2017.11.17 06:45:47.782,1.10624,1.10645,1.63,1.00
2017.11.17 06:45:47.962,1.10624,1.10648,2.81,1.00
2017.11.17 06:45:48.015,1.10621,1.10647,1.13,1.38
2017.11.17 06:45:48.405,1.10618,1.10638,1.13,1.00
2017.11.17 06:45:48.953,1.10618,1.10639,1.13,1.25
2017.11.17 06:45:49.349,1.10619,1.10639,2.44,1.00
2017.11.17 06:45:49.400,1.1062,1.10644,1.75,1.50
2017.11.17 06:45:49.451,1.1062,1.10644,1.50,1.00
2017.11.17 06:45:49.794,1.1062,1.10641,1.88,1.00
2017.11.17 06:45:49.968,1.1062,1.10643,1.88,1.00
2017.11.17 06:45:50.171,1.10621,1.10642,1.00,1.25
2017.11.17 06:45:50.223,1.10621,1.1064,1.00,1.00
2017.11.17 06:45:50.275,1.10617,1.10641,2.25,1.44
2017.11.17 06:45:50.377,1.10621,1.10641,1.00,1.56
2017.11.17 06:45:50.915,1.10621,1.10641,1.00,1.19
2017.11.17 06:45:50.966,1.10621,1.10641,1.00,1.00
2017.11.17 06:45:51.499,1.10618,1.10639,1.38,1.00
2017.11.17 06:45:51.754,1.10618,1.1064,1.44,1.25
2017.11.17 06:45:51.911,1.10618,1.10637,1.44,1.00
2017.11.17 06:45:51.963,1.10613,1.10635,1.44,1.13
2017.11.17 06:45:52.014,1.10613,1.10635,1.88,1.00
2017.11.17 06:45:52.353,1.10613,1.10636,1.50,1.00
2017.11.17 06:45:52.558,1.10617,1.10641,1.12,1.00
2017.11.17 06:45:52.610,1.10617,1.10641,1.56,1.00
2017.11.17 06:45:52.661,1.10621,1.10641,1.00,1.00
2017.11.17 06:45:52.888,1.10617,1.10641,1.50,1.19
2017.11.17 06:45:52.940,1.10613,1.10638,1.87,1.69
2017.11.17 06:45:53.245,1.10613,1.10635,1.00,1.56
2017.11.17 06:45:53.348,1.10613,1.10633,1.00,1.00
2017.11.17 06:45:53.526,1.10609,1.10632,1.19,1.00
2017.11.17 06:45:53.577,1.1061,1.1063,1.25,1.00
2017.11.17 06:45:54.133,1.1061,1.10632,1.25,1.44
2017.11.17 06:45:54.667,1.10609,1.10631,1.00,1.19
2017.11.17 06:45:54.974,1.10602,1.10623,1.31,1.00
2017.11.17 06:45:56.052,1.10602,1.10625,1.31,1.00
2017.11.17 06:45:56.103,1.10602,1.10622,1.31,1.00
2017.11.17 06:45:56.205,1.10603,1.10624,1.25,1.00
2017.11.17 06:45:56.307,1.10604,1.10628,1.25,1.00
2017.11.17 06:45:56.359,1.10604,1.10625,1.25,1.00
2017.11.17 06:45:56.410,1.10604,1.10627,1.87,1.00
2017.11.17 06:45:56.615,1.10605,1.10629,1.31,1.00
2017.11.17 06:45:56.971,1.10608,1.10629,1.00,1.00
2017.11.17 06:45:57.332,1.10605,1.10628,1.25,1.25
2017.11.17 06:45:57.434,1.10602,1.10626,2.62,1.00
2017.11.17 06:45:57.841,1.10601,1.10624,1.31,1.00
2017.11.17 06:45:57.943,1.10601,1.10628,1.31,2.06
2017.11.17 06:45:58.045,1.10602,1.10625,1.31,1.00
2017.11.17 06:45:58.350,1.10598,1.10621,1.69,1.00
2017.11.17 06:45:58.857,1.10598,1.1062,1.69,1.00
2017.11.17 06:45:58.963,1.10598,1.1062,1.56,1.00
2017.11.17 06:45:59.065,1.106,1.10622,1.12,1.00
2017.11.17 06:45:59.167,1.10601,1.1062,1.69,1.00
2017.11.17 06:45:59.476,1.10605,1.10623,1.00,1.00
2017.11.17 06:46:00.137,1.10605,1.10624,1.00,1.00
2017.11.17 06:46:00.454,1.10604,1.10622,1.00,1.00
2017.11.17 06:46:00.956,1.10605,1.10622,1.00,1.00
2017.11.17 06:46:01.513,1.10604,1.10622,1.00,1.00
2017.11.17 06:46:05.986,1.10605,1.10623,1.00,1.00
2017.11.17 06:46:06.037,1.10604,1.10626,1.25,1.00
2017.11.17 06:46:06.570,1.10605,1.10626,1.25,1.00
2017.11.17 06:46:07.163,1.10604,1.10626,1.25,1.00
2017.11.17 06:46:07.840,1.10605,1.10626,1.25,1.00
2017.11.17 06:46:09.442,1.10605,1.10625,1.00,1.00
2017.11.17 06:46:09.741,1.10601,1.10624,2.44,1.00
2017.11.17 06:46:09.792,1.10601,1.10622,1.69,1.00
2017.11.17 06:46:09.894,1.106,1.10625,1.00,2.44
2017.11.17 06:46:09.996,1.10601,1.10625,2.25,1.38
2017.11.17 06:46:10.048,1.106,1.10625,2.25,1.25
2017.11.17 06:46:10.592,1.10603,1.10626,1.62,1.88
2017.11.17 06:46:10.695,1.10604,1.10626,1.12,1.88
2017.11.17 06:46:11.000,1.10603,1.10624,1.37,1.00
2017.11.17 06:46:11.596,1.10608,1.10624,1.00,1.00
2017.11.17 06:46:11.647,1.10603,1.10626,1.81,1.00
2017.11.17 06:46:12.157,1.10606,1.10626,1.25,1.25
2017.11.17 06:46:12.259,1.10602,1.10627,1.88,1.00
2017.11.17 06:46:12.723,1.10603,1.10627,1.31,1.38
2017.11.17 06:46:12.926,1.10603,1.10627,1.63,1.44
2017.11.17 06:46:13.028,1.10604,1.10627,1.56,1.00
2017.11.17 06:46:13.334,1.10606,1.10627,1.63,1.00
2017.11.17 06:46:13.537,1.10606,1.10629,1.13,1.25
2017.11.17 06:46:13.589,1.10607,1.1063,1.13,1.13
2017.11.17 06:46:14.066,1.10608,1.10629,1.00,1.00
2017.11.17 06:46:14.168,1.10607,1.10629,2.25,1.00
2017.11.17 06:46:14.779,1.10607,1.1063,2.06,1.00
2017.11.17 06:46:15.424,1.10607,1.1063,2.44,1.00
2017.11.17 06:46:15.775,1.10608,1.10635,1.56,1.31
2017.11.17 06:46:16.016,1.10607,1.10635,2.81,1.63
2017.11.17 06:46:16.546,1.10608,1.10632,1.94,1.25
2017.11.17 06:46:16.851,1.10607,1.1063,1.56,1.00
2017.11.17 06:46:17.156,1.10607,1.10632,1.31,1.25
2017.11.17 06:46:18.503,1.10607,1.10633,1.31,1.25
2017.11.17 06:46:19.101,1.10608,1.10632,1.31,1.25
2017.11.17 06:46:20.076,1.10607,1.10633,1.31,1.69
2017.11.17 06:46:21.189,1.10609,1.10632,1.56,1.12
2017.11.17 06:46:21.292,1.10609,1.10632,1.19,1.25
2017.11.17 06:46:21.901,1.10608,1.10633,1.13,2.44
2017.11.17 06:46:22.490,1.10609,1.10632,1.19,1.69
2017.11.17 06:46:23.119,1.10607,1.10632,2.19,1.00
2017.11.17 06:46:23.646,1.10609,1.10632,1.19,1.69
2017.11.17 06:46:24.161,1.10607,1.10632,2.19,1.44
2017.11.17 06:46:24.697,1.10606,1.1063,1.25,1.50
2017.11.17 06:46:24.849,1.10604,1.10629,1.44,1.38
2017.11.17 06:46:25.154,1.10603,1.10629,2.63,1.50
2017.11.17 06:46:25.256,1.10604,1.10629,1.19,1.38
2017.11.17 06:46:25.674,1.10603,1.10629,3.00,3.19
2017.11.17 06:46:25.979,1.10606,1.10627,1.19,1.00
2017.11.17 06:46:26.131,1.10605,1.10629,1.44,1.50
2017.11.17 06:46:26.183,1.10603,1.10629,2.06,2.06
2017.11.17 06:46:26.437,1.10604,1.1063,1.31,1.38
2017.11.17 06:46:26.539,1.10606,1.10631,1.56,2.06
2017.11.17 06:46:26.590,1.10606,1.10631,1.56,1.69
2017.11.17 06:46:27.103,1.10606,1.10631,1.88,1.88
2017.11.17 06:46:27.612,1.10606,1.1063,1.69,1.63
2017.11.17 06:46:28.286,1.10606,1.10632,1.69,4.31
2017.11.17 06:46:28.902,1.10606,1.10631,1.50,1.38
2017.11.17 06:46:28.953,1.10606,1.10631,1.44,1.63
2017.11.17 06:46:29.004,1.10605,1.10629,1.25,1.00
2017.11.17 06:46:29.056,1.10603,1.1063,1.31,1.25
2017.11.17 06:46:29.107,1.10602,1.10628,3.00,1.00
2017.11.17 06:46:29.413,1.10606,1.10627,1.12,1.25
2017.11.17 06:46:29.926,1.10606,1.10628,1.63,1.12
2017.11.17 06:46:30.601,1.10605,1.10629,2.44,1.00
2017.11.17 06:46:30.805,1.10602,1.1063,1.87,2.44
2017.11.17 06:46:30.857,1.10603,1.1063,1.50,1.50
2017.11.17 06:46:31.407,1.10606,1.1063,1.00,1.50
2017.11.17 06:46:31.918,1.10603,1.10628,1.31,1.38
2017.11.17 06:46:32.470,1.10603,1.10628,1.75,1.88
2017.11.17 06:46:33.436,1.10604,1.10628,1.38,1.88
2017.11.17 06:46:33.657,1.10605,1.10629,1.19,1.25
2017.11.17 06:46:33.910,1.10606,1.10629,1.12,1.63
2017.11.17 06:46:34.489,1.10606,1.10629,1.31,1.63
2017.11.17 06:46:34.850,1.10605,1.10631,2.44,1.50
2017.11.17 06:46:35.357,1.10609,1.10632,1.13,2.06
2017.11.17 06:46:35.898,1.10609,1.10632,1.44,2.06
2017.11.17 06:46:36.671,1.10608,1.10632,1.44,1.13
2017.11.17 06:46:37.325,1.10609,1.10632,1.25,2.06
2017.11.17 06:46:38.116,1.10609,1.10631,1.44,1.38
2017.11.17 06:46:38.650,1.10609,1.10631,1.69,1.38
2017.11.17 06:46:39.319,1.10609,1.10631,1.19,1.13
2017.11.17 06:46:39.627,1.10607,1.10633,2.00,1.69
2017.11.17 06:46:40.143,1.10609,1.10635,2.06,2.25
2017.11.17 06:46:40.929,1.10609,1.10634,2.06,1.63
2017.11.17 06:46:41.395,1.10609,1.10635,1.56,1.31
2017.11.17 06:46:41.599,1.10609,1.10634,2.06,1.37
2017.11.17 06:46:41.804,1.10608,1.10636,3.56,4.31
2017.11.17 06:46:42.325,1.10609,1.10635,2.06,2.81
2017.11.17 06:46:43.101,1.10609,1.10635,2.06,1.44
2017.11.17 06:46:43.809,1.10609,1.10635,2.06,1.87
2017.11.17 06:46:44.330,1.10609,1.10635,2.06,1.31
2017.11.17 06:46:45.030,1.10609,1.10635,2.06,1.87
2017.11.17 06:46:45.830,1.10609,1.10635,2.44,1.31
2017.11.17 06:46:46.266,1.10611,1.10635,1.75,1.12
2017.11.17 06:46:46.572,1.10616,1.10638,1.75,1.25
2017.11.17 06:46:46.624,1.10613,1.10639,3.00,2.06
2017.11.17 06:46:46.864,1.10616,1.10638,1.75,1.56
2017.11.17 06:46:47.017,1.10616,1.10638,1.00,1.56
2017.11.17 06:46:47.322,1.10615,1.10639,1.00,3.56
2017.11.17 06:46:47.577,1.10615,1.10639,1.25,1.88
2017.11.17 06:46:47.780,1.10613,1.10637,1.69,1.00
2017.11.17 06:46:48.291,1.10613,1.10637,1.88,1.44
2017.11.17 06:46:48.721,1.10612,1.10638,1.75,1.25
2017.11.17 06:46:49.330,1.10612,1.10633,2.00,1.25
2017.11.17 06:46:49.606,1.10615,1.10637,1.25,1.63
2017.11.17 06:46:50.300,1.10615,1.10639,1.25,3.94
2017.11.17 06:46:50.826,1.10615,1.10638,1.25,1.38
2017.11.17 06:46:51.436,1.10615,1.10639,1.25,2.44
2017.11.17 06:46:52.155,1.10617,1.10639,1.00,2.81
2017.11.17 06:46:52.663,1.10616,1.10638,1.50,1.88
2017.11.17 06:46:53.106,1.10616,1.10637,1.00,1.00
2017.11.17 06:46:54.533,1.10615,1.10638,1.69,1.44
2017.11.17 06:46:55.079,1.10616,1.10639,1.00,3.94
2017.11.17 06:46:55.340,1.10616,1.10639,1.19,3.94
2017.11.17 06:46:56.609,1.10615,1.10639,2.25,3.19
2017.11.17 06:46:57.180,1.10616,1.10639,1.19,3.94
2017.11.17 06:46:57.803,1.10615,1.10639,2.25,1.69
2017.11.17 06:46:58.628,1.10616,1.10639,1.19,2.44
2017.11.17 06:46:58.948,1.10614,1.10637,1.44,2.06
2017.11.17 06:46:59.558,1.10608,1.10636,1.50,1.25
2017.11.17 06:47:00.367,1.10607,1.10637,3.00,2.25
2017.11.17 06:47:00.715,1.10608,1.10636,1.69,1.00
2017.11.17 06:47:00.767,1.10612,1.10636,1.38,1.56
2017.11.17 06:47:01.333,1.10612,1.10636,1.44,1.69
2017.11.17 06:47:01.809,1.10613,1.10636,1.13,3.19
2017.11.17 06:47:02.341,1.10613,1.10636,1.44,1.69
2017.11.17 06:47:02.393,1.10612,1.10636,1.00,1.19
2017.11.17 06:47:02.444,1.10608,1.10634,2.25,1.25
2017.11.17 06:47:02.710,1.10608,1.10634,1.56,1.31
2017.11.17 06:47:03.082,1.10608,1.10632,1.88,1.25
2017.11.17 06:47:03.133,1.10608,1.10632,1.56,1.25
2017.11.17 06:47:03.489,1.10607,1.1063,2.81,1.00
2017.11.17 06:47:03.860,1.10608,1.1063,2.06,1.00
2017.11.17 06:47:04.170,1.10607,1.10629,1.25,1.00
2017.11.17 06:47:04.373,1.10607,1.10629,1.38,1.00
2017.11.17 06:47:04.425,1.10607,1.10629,1.44,1.00
2017.11.17 06:47:04.578,1.10609,1.1063,1.44,1.44
2017.11.17 06:47:05.123,1.10608,1.1063,1.63,1.00
2017.11.17 06:47:05.851,1.10609,1.10631,1.38,1.25
2017.11.17 06:47:06.381,1.10608,1.10632,2.44,1.00
2017.11.17 06:47:06.893,1.10609,1.10633,1.56,1.37
2017.11.17 06:47:07.420,1.10608,1.10632,2.06,1.00
2017.11.17 06:47:08.248,1.10609,1.10632,1.38,1.25
2017.11.17 06:47:08.790,1.10608,1.10631,2.06,1.00
2017.11.17 06:47:09.330,1.10608,1.10631,2.06,1.00
2017.11.17 06:47:13.164,1.1061,1.10634,1.13,1.63
2017.11.17 06:47:13.433,1.10608,1.10633,1.25,1.69
2017.11.17 06:47:13.484,1.10608,1.10632,1.25,1.62
2017.11.17 06:47:13.790,1.10608,1.1063,1.38,1.12
2017.11.17 06:47:14.182,1.10608,1.1063,1.88,1.62
2017.11.17 06:47:14.386,1.10608,1.1063,1.25,1.12
2017.11.17 06:47:14.896,1.10607,1.1063,1.88,1.25
2017.11.17 06:47:15.517,1.10608,1.1063,1.13,1.44
2017.11.17 06:47:16.151,1.10607,1.1063,1.31,1.25
2017.11.17 06:47:16.667,1.10608,1.1063,1.13,1.44
2017.11.17 06:47:17.345,1.10607,1.1063,1.13,1.25
2017.11.17 06:47:17.884,1.10608,1.1063,1.13,1.31
2017.11.17 06:47:18.428,1.10607,1.1063,1.13,1.44
2017.11.17 06:47:18.945,1.10608,1.1063,1.13,1.50
2017.11.17 06:47:19.600,1.10608,1.10628,1.25,1.00
2017.11.17 06:47:21.057,1.10607,1.10628,1.25,1.00
2017.11.17 06:47:21.560,1.10607,1.10632,1.13,2.00
2017.11.17 06:47:22.065,1.10608,1.1063,1.00,1.19
2017.11.17 06:47:22.116,1.10605,1.10629,1.31,1.25
2017.11.17 06:47:22.418,1.10607,1.10633,1.44,3.56
2017.11.17 06:47:22.724,1.10605,1.1063,2.62,1.31
2017.11.17 06:47:22.827,1.10606,1.1063,1.31,1.63
2017.11.17 06:47:23.273,1.10604,1.10628,1.25,1.00
2017.11.17 06:47:23.978,1.10603,1.10628,1.50,1.50
2017.11.17 06:47:24.212,1.10603,1.10626,1.00,1.38
2017.11.17 06:47:24.734,1.10601,1.10626,1.87,1.69
2017.11.17 06:47:25.341,1.10601,1.10624,1.19,1.88
2017.11.17 06:47:26.050,1.10601,1.10624,1.19,2.25
2017.11.17 06:47:26.385,1.10599,1.10624,1.19,1.38
2017.11.17 06:47:26.437,1.10601,1.10625,1.19,2.25
2017.11.17 06:47:26.990,1.10601,1.10625,1.19,1.19
2017.11.17 06:47:27.311,1.10601,1.10626,3.37,1.19
2017.11.17 06:47:27.616,1.10606,1.10631,1.38,1.19
2017.11.17 06:47:28.151,1.10605,1.1063,1.88,2.06
2017.11.17 06:47:28.203,1.10605,1.1063,1.56,2.06
2017.11.17 06:47:28.418,1.10604,1.10626,1.50,1.25
2017.11.17 06:47:28.982,1.10604,1.10629,1.38,2.06
2017.11.17 06:47:29.287,1.10604,1.1063,2.44,2.81
2017.11.17 06:47:29.918,1.10604,1.1063,1.56,3.00
2017.11.17 06:47:30.375,1.10602,1.10629,2.06,1.81
2017.11.17 06:47:30.934,1.10604,1.10628,1.38,1.62
2017.11.17 06:47:31.453,1.10603,1.10629,1.38,1.62
2017.11.17 06:47:31.810,1.10604,1.10629,1.56,2.25
2017.11.17 06:47:32.182,1.10603,1.10629,1.56,1.56
2017.11.17 06:47:32.436,1.10601,1.10627,1.94,1.00
2017.11.17 06:47:32.537,1.10602,1.10627,1.31,1.25
2017.11.17 06:47:33.010,1.10603,1.10629,1.56,1.44
2017.11.17 06:47:33.549,1.10602,1.10627,1.13,1.25
2017.11.17 06:47:34.058,1.10603,1.1063,1.38,2.06
2017.11.17 06:47:34.362,1.10604,1.1063,1.38,3.56
2017.11.17 06:47:36.074,1.10607,1.10631,1.38,2.44
2017.11.17 06:47:37.305,1.10606,1.10631,1.38,2.25
2017.11.17 06:47:37.836,1.10607,1.10629,1.38,1.56
2017.11.17 06:47:38.391,1.10606,1.10627,1.00,1.00
2017.11.17 06:47:38.916,1.10607,1.10626,1.13,1.00
2017.11.17 06:47:39.980,1.10606,1.10626,1.13,1.00
2017.11.17 06:47:40.530,1.10604,1.10626,1.38,1.25
2017.11.17 06:47:40.983,1.10603,1.10627,1.88,1.62
2017.11.17 06:47:41.794,1.10604,1.10627,1.38,1.44
2017.11.17 06:47:42.303,1.10604,1.10627,1.38,1.31
2017.11.17 06:47:42.835,1.10603,1.10627,1.44,1.31
2017.11.17 06:47:42.957,1.10603,1.10627,1.88,1.50
2017.11.17 06:47:43.029,1.10603,1.10627,1.88,1.50
2017.11.17 06:47:43.567,1.10604,1.10627,1.38,1.25
2017.11.17 06:47:44.105,1.10604,1.10627,1.38,1.44
2017.11.17 06:47:45.580,1.10605,1.10627,1.38,1.25
2017.11.17 06:47:45.886,1.10608,1.10629,1.38,1.50
2017.11.17 06:47:46.415,1.10609,1.1063,1.38,1.12
2017.11.17 06:47:50.484,1.10609,1.10631,1.38,2.62
2017.11.17 06:47:50.630,1.10609,1.10631,1.00,1.12
2017.11.17 06:47:51.557,1.10609,1.10631,1.38,1.12
2017.11.17 06:47:52.095,1.10609,1.10631,1.38,1.12
2017.11.17 06:47:52.611,1.10609,1.10631,1.38,1.12
2017.11.17 06:47:55.771,1.10608,1.10631,1.00,1.13
2017.11.17 06:47:55.823,1.10605,1.10631,1.50,1.13
2017.11.17 06:47:56.130,1.10605,1.10629,1.00,1.13
2017.11.17 06:47:56.711,1.10605,1.10631,1.25,1.00
2017.11.17 06:47:56.762,1.10606,1.10631,1.31,2.00
2017.11.17 06:47:57.013,1.10606,1.10631,2.44,2.06
2017.11.17 06:47:57.065,1.10603,1.1063,1.87,1.69
2017.11.17 06:47:57.167,1.10603,1.1063,1.50,2.25
2017.11.17 06:47:57.474,1.10602,1.10629,2.44,1.50
2017.11.17 06:47:57.983,1.10606,1.10631,1.19,2.06
2017.11.17 06:47:58.296,1.10603,1.10629,1.75,2.06
2017.11.17 06:47:58.914,1.10602,1.1063,2.06,1.69
2017.11.17 06:47:59.067,1.10606,1.1063,1.25,1.13
2017.11.17 06:48:00.297,1.10605,1.10631,1.13,2.25
2017.11.17 06:48:00.603,1.10606,1.10631,1.25,3.00
2017.11.17 06:48:00.654,1.10602,1.1063,2.81,2.81
2017.11.17 06:48:00.756,1.10603,1.1063,1.38,2.25
2017.11.17 06:48:01.127,1.10603,1.10625,1.00,1.44
2017.11.17 06:48:01.437,1.10602,1.10624,1.00,1.50
2017.11.17 06:48:01.489,1.10601,1.10625,1.00,1.50
2017.11.17 06:48:02.037,1.10602,1.10623,1.00,1.19
2017.11.17 06:48:02.572,1.10601,1.10625,1.50,1.50
2017.11.17 06:48:02.776,1.10598,1.10623,1.00,2.06
2017.11.17 06:48:02.879,1.10599,1.10619,1.00,1.69
2017.11.17 06:48:02.930,1.10596,1.10618,1.25,1.50
2017.11.17 06:48:03.177,1.10594,1.10617,1.38,1.50
2017.11.17 06:48:03.685,1.10594,1.10618,1.25,2.25
2017.11.17 06:48:04.197,1.10591,1.10615,1.00,1.25
2017.11.17 06:48:04.401,1.10591,1.10615,1.50,1.00
2017.11.17 06:48:04.843,1.10593,1.10616,1.38,1.19
2017.11.17 06:48:05.917,1.10592,1.10617,1.63,1.56
2017.11.17 06:48:06.862,1.10593,1.10616,1.38,1.19
2017.11.17 06:48:09.970,1.10593,1.10616,1.50,1.38
2017.11.17 06:48:10.175,1.10591,1.10616,2.06,2.19
2017.11.17 06:48:10.277,1.10591,1.10614,1.13,1.12
2017.11.17 06:48:10.531,1.10589,1.10613,1.63,1.12
2017.11.17 06:48:10.583,1.10586,1.1061,1.69,1.25
2017.11.17 06:48:10.635,1.10585,1.1061,1.31,1.38
2017.11.17 06:48:10.893,1.10583,1.1061,1.25,1.19
2017.11.17 06:48:11.346,1.10584,1.10609,1.25,1.38
2017.11.17 06:48:11.850,1.10583,1.1061,1.69,1.31
2017.11.17 06:48:13.134,1.10584,1.10609,1.25,1.38
2017.11.17 06:48:13.686,1.10583,1.10608,1.87,1.44
2017.11.17 06:48:13.991,1.10584,1.10608,1.31,1.13
2017.11.17 06:48:14.938,1.10588,1.10613,1.00,1.75
2017.11.17 06:48:14.989,1.10588,1.10616,2.25,1.69
2017.11.17 06:48:15.040,1.10594,1.10616,1.00,1.56
2017.11.17 06:48:15.091,1.10594,1.10617,1.00,1.69
2017.11.17 06:48:15.194,1.10594,1.10614,1.00,1.00
2017.11.17 06:48:15.245,1.10591,1.10614,1.87,1.44
2017.11.17 06:48:15.604,1.10589,1.10616,2.63,1.50
2017.11.17 06:48:15.655,1.1059,1.10616,1.38,2.25
2017.11.17 06:48:15.808,1.1059,1.10617,1.50,1.87
2017.11.17 06:48:15.859,1.1059,1.10617,1.50,1.69
2017.11.17 06:48:16.358,1.1059,1.10617,1.88,2.25
2017.11.17 06:48:16.784,1.1059,1.10617,1.50,1.25
2017.11.17 06:48:17.039,1.1059,1.10616,1.94,1.00
2017.11.17 06:48:17.541,1.10592,1.10617,1.13,1.37
2017.11.17 06:48:17.919,1.10596,1.10616,1.19,1.00
2017.11.17 06:48:17.970,1.10594,1.1062,1.88,1.75
2017.11.17 06:48:19.493,1.10596,1.10619,1.19,1.69
2017.11.17 06:48:20.954,1.10595,1.1062,1.75,1.31
2017.11.17 06:48:21.496,1.10595,1.10619,2.00,1.31
2017.11.17 06:48:23.012,1.10596,1.10619,1.19,1.37
2017.11.17 06:48:23.253,1.10596,1.10619,1.13,1.12
2017.11.17 06:48:23.355,1.10595,1.10616,1.13,1.00
2017.11.17 06:48:24.061,1.10594,1.10617,1.13,1.00
2017.11.17 06:48:24.582,1.10595,1.10619,1.13,2.81
2017.11.17 06:48:25.291,1.10595,1.10619,1.31,1.25
2017.11.17 06:48:27.716,1.10596,1.10619,1.13,3.00
2017.11.17 06:48:28.174,1.10595,1.10617,1.25,1.00
2017.11.17 06:48:28.276,1.10591,1.10615,1.56,1.00
2017.11.17 06:48:28.502,1.10594,1.10618,1.38,1.69
2017.11.17 06:48:28.554,1.10593,1.10616,1.38,1.00
2017.11.17 06:48:28.707,1.10596,1.10618,1.00,1.00
2017.11.17 06:48:28.809,1.10597,1.10616,1.00,1.00
2017.11.17 06:48:29.115,1.10597,1.10617,1.63,1.00
2017.11.17 06:48:29.594,1.10596,1.10618,1.50,1.00
2017.11.17 06:48:29.883,1.106,1.10619,1.13,1.00
2017.11.17 06:48:29.934,1.10599,1.10621,1.50,1.25
2017.11.17 06:48:30.090,1.10599,1.10624,1.81,2.44
2017.11.17 06:48:30.246,1.10598,1.10625,1.94,2.62
2017.11.17 06:48:30.450,1.10598,1.10622,1.88,1.00
2017.11.17 06:48:30.752,1.10598,1.1062,1.56,1.00
2017.11.17 06:48:31.357,1.10598,1.1062,1.38,1.50
2017.11.17 06:48:31.773,1.10598,1.10619,1.38,1.00
2017.11.17 06:48:32.299,1.10598,1.1062,1.38,1.00
2017.11.17 06:48:32.475,1.10598,1.1062,1.38,1.00
2017.11.17 06:48:32.628,1.10598,1.1062,1.38,1.00
2017.11.17 06:48:33.266,1.10598,1.1062,1.38,1.00
2017.11.17 06:48:33.317,1.10598,1.1062,1.44,1.25
2017.11.17 06:48:33.892,1.10598,1.1062,1.44,1.13
2017.11.17 06:48:34.097,1.10598,1.1062,1.25,1.13
2017.11.17 06:48:36.787,1.10598,1.10618,1.00,1.00
2017.11.17 06:48:36.838,1.10598,1.1062,1.00,1.69
2017.11.17 06:48:36.991,1.10597,1.10618,1.13,1.25
2017.11.17 06:48:37.498,1.10597,1.10617,1.44,1.25
2017.11.17 06:48:38.194,1.10597,1.10617,1.13,1.00
2017.11.17 06:48:39.264,1.10596,1.10617,1.12,1.00
2017.11.17 06:48:39.768,1.10596,1.10618,2.06,1.69
2017.11.17 06:48:40.327,1.10597,1.10617,1.00,1.00
2017.11.17 06:48:40.587,1.10597,1.10619,1.38,1.00
2017.11.17 06:48:41.191,1.10596,1.10619,1.31,1.50
2017.11.17 06:48:41.327,1.10597,1.10619,1.38,1.50
2017.11.17 06:48:41.749,1.10596,1.10619,1.31,2.25
2017.11.17 06:48:42.167,1.10597,1.10619,1.38,2.44
2017.11.17 06:48:42.892,1.10597,1.10619,1.44,1.69
2017.11.17 06:48:43.203,1.10597,1.10616,1.44,1.00
2017.11.17 06:48:43.305,1.10597,1.10618,1.25,1.25
2017.11.17 06:48:43.508,1.10597,1.10617,1.56,1.25
2017.11.17 06:48:44.992,1.10597,1.10618,1.69,1.25
2017.11.17 06:48:45.779,1.10596,1.10618,2.44,1.25
2017.11.17 06:48:46.475,1.10596,1.10619,1.88,1.00
2017.11.17 06:48:47.069,1.10596,1.10617,1.88,1.00
2017.11.17 06:48:47.392,1.10589,1.10614,1.88,1.69
2017.11.17 06:48:47.802,1.10593,1.10613,1.44,1.19
2017.11.17 06:48:48.272,1.10593,1.10615,1.38,1.31
2017.11.17 06:48:48.506,1.10592,1.10615,1.38,1.31
2017.11.17 06:48:48.608,1.10592,1.10615,1.38,1.37
2017.11.17 06:48:49.140,1.10593,1.10615,1.63,1.37
2017.11.17 06:48:49.662,1.10592,1.10615,1.63,1.37
2017.11.17 06:48:50.176,1.1059,1.10613,1.69,1.00
2017.11.17 06:48:50.278,1.1059,1.10613,1.56,1.00
2017.11.17 06:48:50.481,1.1059,1.10613,1.94,1.00
2017.11.17 06:48:50.584,1.1059,1.10614,1.56,1.19
2017.11.17 06:48:51.050,1.10592,1.10613,2.06,1.19
2017.11.17 06:48:51.631,1.10593,1.10614,1.31,1.19
2017.11.17 06:48:53.018,1.10592,1.10614,1.44,1.19
2017.11.17 06:48:54.393,1.10593,1.10614,1.44,1.00
2017.11.17 06:48:54.648,1.10596,1.10615,1.00,1.00
2017.11.17 06:48:54.801,1.10595,1.10618,1.44,1.25
2017.11.17 06:48:55.108,1.10596,1.10617,1.00,2.25
2017.11.17 06:48:55.631,1.10596,1.10617,1.13,3.00
2017.11.17 06:48:55.855,1.10595,1.10617,1.13,1.87
2017.11.17 06:48:56.451,1.10596,1.10617,1.13,2.81
2017.11.17 06:48:56.970,1.10596,1.10617,1.31,1.87
2017.11.17 06:48:57.479,1.10596,1.10618,1.31,1.44
2017.11.17 06:48:58.983,1.10596,1.10618,1.56,1.44
2017.11.17 06:48:59.677,1.10595,1.10618,1.63,1.25
2017.11.17 06:48:59.981,1.10596,1.10618,1.37,1.44
2017.11.17 06:49:00.235,1.10596,1.10618,1.31,2.06
2017.11.17 06:49:01.097,1.10595,1.10618,1.31,2.06
2017.11.17 06:49:02.402,1.10596,1.10618,1.63,3.00
2017.11.17 06:49:02.454,1.10596,1.10618,1.56,2.81
2017.11.17 06:49:02.505,1.10595,1.10618,1.56,2.06
2017.11.17 06:49:02.607,1.10595,1.10617,1.19,1.63
2017.11.17 06:49:02.708,1.10594,1.10617,1.31,2.06
2017.11.17 06:49:02.947,1.10594,1.10615,1.13,1.00
2017.11.17 06:49:03.463,1.10593,1.10616,1.88,2.62
2017.11.17 06:49:03.768,1.10591,1.10614,1.13,1.12
2017.11.17 06:49:04.115,1.10599,1.10618,1.00,1.19
2017.11.17 06:49:04.217,1.10596,1.10618,1.31,1.19
2017.11.17 06:49:04.319,1.10594,1.10613,1.12,1.00
2017.11.17 06:49:04.828,1.10595,1.10612,1.12,1.00
2017.11.17 06:49:04.879,1.10594,1.10612,1.12,1.00
2017.11.17 06:49:05.532,1.10595,1.10612,1.56,1.00
2017.11.17 06:49:06.061,1.10595,1.10612,1.56,1.00
2017.11.17 06:49:07.916,1.10595,1.1061,1.56,1.00
2017.11.17 06:49:08.842,1.10595,1.10611,1.31,1.00
2017.11.17 06:49:09.451,1.10594,1.10611,1.56,1.00
2017.11.17 06:49:10.186,1.10592,1.1061,1.94,1.00
2017.11.17 06:49:10.321,1.10592,1.1061,1.69,1.00
2017.11.17 06:49:10.373,1.10593,1.10613,1.13,1.00
2017.11.17 06:49:10.424,1.10592,1.10611,2.44,1.00
2017.11.17 06:49:10.725,1.10592,1.10611,2.06,1.00
2017.11.17 06:49:11.329,1.10592,1.10611,2.63,1.00
2017.11.17 06:49:12.127,1.10592,1.10613,2.19,1.00
2017.11.17 06:49:12.665,1.10592,1.10613,2.63,1.00
2017.11.17 06:49:13.188,1.10592,1.10612,2.63,1.00
2017.11.17 06:49:13.828,1.10592,1.10612,2.63,1.00
2017.11.17 06:49:14.028,1.10592,1.10617,2.63,1.00
2017.11.17 06:49:16.451,1.10592,1.10617,2.19,1.00
2017.11.17 06:49:17.020,1.10592,1.10617,2.63,1.25
2017.11.17 06:49:20.055,1.10592,1.10617,2.63,1.25
2017.11.17 06:49:20.682,1.10592,1.10617,2.63,2.06
2017.11.17 06:49:21.270,1.10592,1.10616,1.88,1.25
2017.11.17 06:49:23.596,1.10594,1.10616,1.56,1.25
2017.11.17 06:49:24.108,1.10592,1.10616,2.63,1.00
2017.11.17 06:49:27.116,1.10592,1.10616,1.81,1.25
2017.11.17 06:49:30.707,1.10594,1.10617,1.50,2.25
2017.11.17 06:49:32.295,1.10594,1.10618,1.38,1.87
2017.11.17 06:49:36.456,1.10595,1.10618,1.38,2.81
2017.11.17 06:49:37.153,1.10595,1.1062,1.44,4.31
2017.11.17 06:49:37.693,1.10595,1.1062,1.38,3.94
2017.11.17 06:49:38.681,1.10593,1.10616,1.63,1.00
2017.11.17 06:49:39.242,1.10592,1.10616,1.75,1.12
2017.11.17 06:49:39.810,1.10592,1.10616,1.75,1.00
2017.11.17 06:49:40.416,1.10592,1.10616,1.75,1.25
2017.11.17 06:49:41.373,1.10592,1.10616,1.75,1.00
2017.11.17 06:49:41.977,1.10592,1.10613,1.75,1.00
2017.11.17 06:49:42.643,1.10592,1.10612,1.75,1.00
2017.11.17 06:49:46.653,1.10592,1.10613,1.75,1.00
2017.11.17 06:49:47.481,1.10592,1.10613,1.81,1.00
2017.11.17 06:49:47.583,1.10592,1.10616,1.38,1.44
2017.11.17 06:49:47.727,1.10592,1.10616,1.25,1.69
2017.11.17 06:49:47.780,1.10589,1.10612,1.63,1.31
2017.11.17 06:49:48.330,1.10589,1.1061,1.31,1.25
2017.11.17 06:49:48.840,1.10589,1.1061,1.63,1.00
2017.11.17 06:49:49.367,1.10589,1.1061,1.31,1.69
2017.11.17 06:49:49.904,1.10589,1.10609,1.31,1.25
2017.11.17 06:49:50.563,1.10589,1.1061,1.31,1.00
2017.11.17 06:49:52.171,1.10589,1.10612,1.13,2.44
2017.11.17 06:49:52.324,1.10589,1.10613,1.31,2.62
2017.11.17 06:49:52.685,1.10589,1.10613,1.63,2.44
2017.11.17 06:49:53.193,1.10589,1.10613,1.63,1.69
2017.11.17 06:49:53.954,1.10589,1.10614,1.63,2.62
2017.11.17 06:49:55.654,1.1059,1.10613,1.38,1.00
2017.11.17 06:49:58.100,1.1059,1.10614,1.38,1.19
2017.11.17 06:50:00.215,1.1059,1.10614,1.44,2.62
2017.11.17 06:50:00.770,1.1059,1.10613,1.38,1.00
2017.11.17 06:50:01.582,1.10588,1.10614,1.50,1.25
2017.11.17 06:50:07.114,1.10588,1.10614,1.69,1.75
2017.11.17 06:50:07.267,1.10591,1.10616,2.25,1.31
2017.11.17 06:50:07.318,1.10594,1.10619,1.19,3.38
2017.11.17 06:50:07.868,1.10595,1.10619,1.25,1.88
2017.11.17 06:50:08.642,1.10595,1.10619,1.25,1.19
2017.11.17 06:50:08.971,1.10593,1.10605,1.00,1.00
2017.11.17 06:50:09.029,1.1059,1.10607,1.00,1.00
2017.11.17 06:50:09.080,1.10593,1.10611,1.00,1.19
2017.11.17 06:50:09.133,1.10587,1.10609,1.00,1.00
2017.11.17 06:50:09.184,1.10587,1.10606,1.25,1.00
2017.11.17 06:50:09.566,1.10587,1.10606,1.37,1.00
2017.11.17 06:50:09.617,1.1059,1.1061,1.25,1.69
2017.11.17 06:50:10.622,1.1059,1.10611,1.44,2.44
2017.11.17 06:50:11.150,1.10589,1.1061,1.44,1.00
2017.11.17 06:50:12.860,1.10589,1.10609,1.44,1.00
2017.11.17 06:50:13.580,1.10593,1.1061,1.25,1.00
2017.11.17 06:50:14.207,1.10593,1.10611,1.25,1.00
2017.11.17 06:50:17.664,1.1059,1.1061,1.87,1.00
2017.11.17 06:50:17.981,1.10589,1.1061,2.25,1.00
2017.11.17 06:50:18.184,1.1059,1.1061,1.37,1.00
2017.11.17 06:50:18.696,1.1059,1.1061,1.37,1.00
2017.11.17 06:50:19.121,1.10589,1.10611,2.25,1.00
2017.11.17 06:50:19.223,1.1059,1.10611,1.87,1.00
2017.11.17 06:50:19.975,1.1059,1.1061,1.37,1.00
2017.11.17 06:50:20.077,1.1059,1.10612,1.87,1.00
2017.11.17 06:50:20.806,1.1059,1.10611,1.37,1.00
2017.11.17 06:50:21.314,1.1059,1.10611,1.37,1.00
2017.11.17 06:50:21.655,1.1059,1.10609,1.37,1.00
2017.11.17 06:50:22.206,1.1059,1.10609,1.87,1.00
2017.11.17 06:50:22.258,1.1059,1.10609,1.87,1.00
2017.11.17 06:50:22.787,1.1059,1.10609,1.00,1.00
2017.11.17 06:50:23.416,1.10589,1.10609,1.87,1.00
2017.11.17 06:50:23.916,1.1059,1.10608,1.19,1.00
2017.11.17 06:50:24.460,1.1059,1.10609,1.25,1.00
2017.11.17 06:50:25.939,1.10589,1.10607,1.44,1.00
2017.11.17 06:50:25.990,1.1059,1.10609,1.44,1.00
2017.11.17 06:50:26.502,1.1059,1.1061,1.44,1.00
2017.11.17 06:50:27.110,1.10589,1.1061,1.44,1.00
2017.11.17 06:50:27.810,1.1059,1.1061,1.44,1.25
2017.11.17 06:50:33.119,1.1059,1.1061,1.37,1.00
2017.11.17 06:50:33.680,1.10589,1.1061,1.87,1.00
2017.11.17 06:50:34.038,1.10593,1.1061,1.00,1.25
2017.11.17 06:50:34.718,1.10592,1.1061,1.00,1.00
2017.11.17 06:50:36.066,1.10593,1.1061,1.00,1.00
2017.11.17 06:50:36.928,1.10592,1.1061,1.00,1.00
2017.11.17 06:50:38.528,1.10593,1.1061,1.00,1.00
2017.11.17 06:50:39.059,1.10593,1.10609,1.00,1.00
2017.11.17 06:50:39.565,1.10592,1.10609,1.00,1.00
2017.11.17 06:50:40.101,1.10593,1.10609,1.00,1.00
2017.11.17 06:50:40.189,1.10593,1.10611,1.00,1.00
2017.11.17 06:50:40.708,1.10592,1.10611,1.00,1.00
2017.11.17 06:50:41.333,1.10593,1.10611,1.00,1.00
2017.11.17 06:50:41.937,1.10592,1.10612,1.00,1.25
2017.11.17 06:50:42.441,1.1059,1.10612,1.87,1.25
2017.11.17 06:50:43.103,1.1059,1.10612,1.12,1.25
2017.11.17 06:50:44.684,1.10593,1.10615,1.00,1.69
2017.11.17 06:50:46.165,1.1059,1.10614,1.37,1.00
2017.11.17 06:50:46.464,1.1059,1.10616,1.62,1.00
2017.11.17 06:50:46.668,1.10591,1.10616,1.12,1.00
2017.11.17 06:50:47.160,1.10596,1.10617,1.00,1.00
2017.11.17 06:50:47.724,1.10595,1.10617,1.00,1.25
2017.11.17 06:50:48.039,1.10597,1.10617,1.25,1.25
2017.11.17 06:50:48.668,1.10596,1.10616,1.19,1.69
2017.11.17 06:50:49.328,1.10596,1.10616,1.00,1.25
2017.11.17 06:50:50.415,1.10596,1.10617,1.00,1.69
2017.11.17 06:50:50.917,1.10596,1.10616,1.00,1.25
2017.11.17 06:50:51.443,1.10596,1.10616,1.19,1.69
2017.11.17 06:50:53.105,1.10595,1.10613,1.19,1.56
2017.11.17 06:50:53.156,1.10592,1.1061,1.00,1.00
2017.11.17 06:50:53.258,1.10588,1.1061,1.00,1.12
2017.11.17 06:50:53.360,1.10587,1.10606,1.00,1.00
2017.11.17 06:50:53.995,1.10586,1.10606,1.00,1.00
2017.11.17 06:50:54.645,1.10587,1.10606,1.00,1.00
2017.11.17 06:50:59.374,1.1058,1.10604,3.56,1.00
2017.11.17 06:51:00.504,1.10581,1.10603,1.69,1.00
2017.11.17 06:51:01.020,1.1058,1.10602,3.75,1.00
2017.11.17 06:51:01.638,1.1058,1.10602,1.94,1.00
2017.11.17 06:51:02.018,1.1058,1.10602,1.75,1.00
2017.11.17 06:51:02.120,1.1058,1.10602,2.25,1.00
2017.11.17 06:51:03.440,1.1058,1.10602,3.19,1.00
2017.11.17 06:51:03.750,1.1058,1.106,1.69,1.00
2017.11.17 06:51:04.004,1.1058,1.10602,1.81,1.00
2017.11.17 06:51:06.831,1.1058,1.10602,1.94,1.00
2017.11.17 06:51:07.421,1.1058,1.10602,1.69,1.00
2017.11.17 06:51:07.924,1.1058,1.10602,2.06,1.00
2017.11.17 06:51:08.429,1.1058,1.10602,1.62,1.00
2017.11.17 06:51:09.082,1.1058,1.10604,2.06,1.00
2017.11.17 06:51:09.199,1.1058,1.10601,1.56,1.00
2017.11.17 06:51:10.839,1.10579,1.106,2.81,1.00
2017.11.17 06:51:11.042,1.10579,1.10603,2.62,1.00
2017.11.17 06:51:11.487,1.10581,1.10606,1.81,1.69
2017.11.17 06:51:14.828,1.10581,1.10606,1.62,1.25
2017.11.17 06:51:16.703,1.10581,1.10606,1.81,1.25
2017.11.17 06:51:17.255,1.10581,1.10606,1.75,1.25
2017.11.17 06:51:17.851,1.10581,1.10606,1.75,1.25
2017.11.17 06:51:18.375,1.10581,1.10606,1.75,1.25
2017.11.17 06:51:18.993,1.10581,1.10606,1.75,1.25
2017.11.17 06:51:23.283,1.1058,1.10604,2.00,1.00
2017.11.17 06:51:24.926,1.10581,1.10605,1.62,1.00
2017.11.17 06:51:25.920,1.10581,1.10604,1.44,1.00
2017.11.17 06:51:27.524,1.10582,1.10606,1.25,1.25
2017.11.17 06:51:31.456,1.10581,1.10603,1.62,1.00
2017.11.17 06:51:31.609,1.10582,1.10606,1.25,2.06
2017.11.17 06:51:33.116,1.10582,1.10606,1.31,2.81
2017.11.17 06:51:34.552,1.10582,1.10606,1.12,1.12
2017.11.17 06:51:35.053,1.10582,1.10606,1.31,2.81
2017.11.17 06:51:36.188,1.10581,1.10606,1.81,1.87
2017.11.17 06:51:36.738,1.10582,1.10606,1.19,1.31
2017.11.17 06:51:36.840,1.10582,1.10608,1.69,2.62
2017.11.17 06:51:36.892,1.10583,1.10608,1.50,1.25
2017.11.17 06:51:37.549,1.10583,1.10608,1.75,1.25
2017.11.17 06:51:39.560,1.10593,1.1061,1.00,1.69
2017.11.17 06:51:39.769,1.10599,1.10618,1.00,2.62
2017.11.17 06:51:40.447,1.10599,1.10618,1.00,1.12
2017.11.17 06:51:43.050,1.106,1.10619,1.00,1.62
2017.11.17 06:51:43.312,1.10601,1.10619,1.00,1.56
2017.11.17 06:51:43.465,1.10598,1.10616,1.00,1.19
2017.11.17 06:51:44.269,1.10599,1.10616,1.00,1.87
2017.11.17 06:51:44.820,1.10599,1.10615,1.00,1.87
2017.11.17 06:51:46.071,1.10599,1.10615,1.00,2.06
2017.11.17 06:51:46.578,1.10598,1.10617,1.00,3.37
2017.11.17 06:51:47.127,1.10599,1.10616,1.00,1.62
2017.11.17 06:51:48.119,1.10598,1.10616,1.00,1.62
2017.11.17 06:51:49.588,1.10599,1.10616,1.00,1.62
2017.11.17 06:51:53.194,1.10599,1.10616,1.00,1.25
2017.11.17 06:51:53.736,1.10598,1.10615,1.00,1.69
2017.11.17 06:51:53.991,1.106,1.10615,1.00,1.25
2017.11.17 06:51:54.541,1.106,1.10616,1.00,1.87
2017.11.17 06:51:55.064,1.106,1.10618,1.00,1.44
2017.11.17 06:51:55.303,1.106,1.1062,1.00,2.06
2017.11.17 06:51:56.433,1.106,1.1062,1.00,1.75
2017.11.17 06:51:56.957,1.106,1.1062,1.00,1.56
2017.11.17 06:51:57.715,1.106,1.1062,1.00,3.00
2017.11.17 06:51:58.288,1.106,1.10619,1.00,1.62
2017.11.17 06:51:59.390,1.106,1.1062,1.00,3.75
2017.11.17 06:51:59.550,1.10601,1.1062,1.00,2.25
2017.11.17 06:52:00.138,1.10601,1.1062,1.00,2.25
2017.11.17 06:52:02.686,1.10597,1.10618,1.00,1.44
2017.11.17 06:52:03.539,1.10599,1.10618,1.00,1.44
2017.11.17 06:52:04.417,1.10597,1.10618,1.00,1.44
2017.11.17 06:52:06.646,1.10596,1.10618,1.00,1.44
2017.11.17 06:52:07.253,1.10595,1.10618,1.25,1.87
2017.11.17 06:52:09.016,1.10595,1.10617,1.00,1.25
2017.11.17 06:52:09.517,1.10595,1.10617,1.00,1.44
2017.11.17 06:52:10.648,1.10594,1.10618,1.31,2.25
2017.11.17 06:52:13.076,1.10598,1.10618,1.00,2.25
2017.11.17 06:52:19.936,1.10598,1.10618,1.00,1.31
2017.11.17 06:52:24.770,1.10598,1.10616,1.00,1.25
2017.11.17 06:52:24.822,1.10596,1.10616,1.00,1.25
2017.11.17 06:52:25.393,1.10596,1.10615,1.00,1.69
2017.11.17 06:52:30.026,1.10596,1.1061,1.00,1.19
2017.11.17 06:52:30.078,1.10592,1.10609,1.00,1.44
2017.11.17 06:52:30.129,1.1059,1.1061,1.00,1.87
2017.11.17 06:52:30.180,1.10588,1.10609,1.00,1.62
2017.11.17 06:52:30.697,1.10584,1.10609,1.44,4.50
2017.11.17 06:52:31.090,1.10584,1.10608,1.00,1.75
2017.11.17 06:52:31.192,1.10582,1.10608,1.69,3.75
2017.11.17 06:52:31.772,1.10581,1.10604,1.25,1.50
2017.11.17 06:52:32.251,1.10579,1.10604,1.69,1.50
2017.11.17 06:52:32.763,1.1058,1.10604,1.00,1.50
2017.11.17 06:52:33.042,1.10584,1.10604,1.00,1.50
2017.11.17 06:52:34.356,1.10581,1.10604,1.00,1.50
2017.11.17 06:52:34.717,1.1058,1.10604,1.44,1.25
2017.11.17 06:52:34.768,1.10582,1.10605,1.00,3.19
2017.11.17 06:52:34.819,1.1058,1.10605,1.00,2.44
2017.11.17 06:52:34.870,1.10579,1.106,1.00,1.75
2017.11.17 06:52:35.172,1.10575,1.10597,1.00,1.75
2017.11.17 06:52:35.661,1.10575,1.10598,1.00,2.25
2017.11.17 06:52:36.296,1.10575,1.10598,1.00,1.87
2017.11.17 06:52:46.603,1.10575,1.10598,1.00,2.00
2017.11.17 06:52:49.596,1.10576,1.10597,1.00,1.44
2017.11.17 06:52:49.650,1.10578,1.10597,1.00,1.44
2017.11.17 06:52:49.702,1.10576,1.10598,1.00,1.12
2017.11.17 06:52:50.105,1.10576,1.10598,1.00,2.06
2017.11.17 06:52:51.438,1.10576,1.10597,1.00,1.31
2017.11.17 06:52:52.014,1.10576,1.10598,1.00,1.25
2017.11.17 06:52:52.117,1.10579,1.106,1.00,1.69
2017.11.17 06:52:52.266,1.10576,1.106,1.12,1.19
2017.11.17 06:52:53.400,1.10576,1.10598,1.00,1.19
2017.11.17 06:52:54.514,1.10576,1.10598,1.00,1.19
2017.11.17 06:52:55.026,1.10575,1.10596,1.00,1.44
2017.11.17 06:52:55.657,1.10575,1.10596,1.00,1.69
2017.11.17 06:52:58.572,1.10578,1.10597,1.00,2.44
2017.11.17 06:52:59.089,1.10578,1.10597,1.00,1.69
2017.11.17 06:53:02.251,1.10578,1.10598,1.00,2.25
2017.11.17 06:53:03.482,1.10578,1.10598,1.00,2.62
2017.11.17 06:53:03.533,1.1058,1.10598,1.00,2.62
2017.11.17 06:53:06.083,1.1058,1.10598,1.00,1.37
2017.11.17 06:53:08.019,1.1058,1.10598,1.00,1.25
2017.11.17 06:53:09.194,1.10582,1.10599,1.00,1.25
2017.11.17 06:53:09.551,1.1058,1.106,1.00,3.19
2017.11.17 06:53:09.704,1.10582,1.10599,1.00,1.19
2017.11.17 06:53:10.883,1.10582,1.10601,1.00,2.25
2017.11.17 06:53:12.272,1.10582,1.106,1.00,1.00
2017.11.17 06:53:13.378,1.10582,1.10602,1.00,1.69
2017.11.17 06:53:16.858,1.10581,1.10602,1.00,1.50
2017.11.17 06:53:17.590,1.10582,1.10602,1.00,1.87
2017.11.17 06:53:17.844,1.10584,1.10602,1.00,1.25
2017.11.17 06:53:18.768,1.10582,1.10602,1.00,1.25
2017.11.17 06:53:19.031,1.10584,1.10602,1.00,1.69
2017.11.17 06:53:19.536,1.10583,1.10603,1.00,1.50
2017.11.17 06:53:20.289,1.10584,1.10603,1.00,1.00
2017.11.17 06:53:20.697,1.10584,1.10606,1.00,1.87
2017.11.17 06:53:22.493,1.10584,1.10607,1.00,1.12
2017.11.17 06:53:23.038,1.10584,1.10606,1.50,1.00
2017.11.17 06:53:24.632,1.10586,1.10608,1.00,1.19
2017.11.17 06:53:24.979,1.10584,1.10608,1.00,1.87
2017.11.17 06:53:25.284,1.10584,1.10603,1.00,1.25
2017.11.17 06:53:25.896,1.10583,1.10603,1.00,1.12
2017.11.17 06:53:26.404,1.10582,1.10604,1.25,1.87
2017.11.17 06:53:30.266,1.10581,1.10604,1.69,1.21
2017.11.17 06:53:30.368,1.10582,1.10606,1.00,1.66
2017.11.17 06:53:31.032,1.10583,1.10606,1.00,1.00
2017.11.17 06:53:34.479,1.10583,1.10606,1.81,1.41
2017.11.17 06:53:34.632,1.10583,1.10608,1.69,1.40
2017.11.17 06:53:35.198,1.10584,1.10608,2.44,1.85
2017.11.17 06:53:36.021,1.10586,1.10608,1.25,1.85
2017.11.17 06:53:36.072,1.10586,1.10609,1.25,1.85
2017.11.17 06:53:36.275,1.10586,1.10609,1.25,2.60
2017.11.17 06:53:37.210,1.10586,1.10609,1.25,3.00
2017.11.17 06:53:37.801,1.10586,1.10609,1.25,1.69
2017.11.17 06:53:41.141,1.10586,1.10609,1.25,2.25
2017.11.17 06:53:42.022,1.10586,1.10609,1.25,1.00
2017.11.17 06:53:43.362,1.10586,1.1061,1.12,1.25
2017.11.17 06:53:44.356,1.10586,1.1061,1.25,2.62
2017.11.17 06:53:44.407,1.10586,1.1061,1.25,1.25
2017.11.17 06:53:44.744,1.10586,1.1061,1.12,2.06
2017.11.17 06:53:45.076,1.10586,1.1061,1.12,2.06
2017.11.17 06:53:45.618,1.10586,1.1061,1.12,1.25
2017.11.17 06:53:46.133,1.10586,1.1061,1.12,1.44
2017.11.17 06:53:46.656,1.10586,1.1061,1.31,2.81
2017.11.17 06:53:47.175,1.10586,1.1061,1.12,1.12
2017.11.17 06:53:47.713,1.10586,1.1061,1.62,1.44
2017.11.17 06:53:47.764,1.10586,1.10611,1.25,1.69
2017.11.17 06:53:47.815,1.10586,1.10608,1.25,1.00
2017.11.17 06:53:48.351,1.10587,1.1061,1.25,1.37
2017.11.17 06:53:48.522,1.10588,1.10612,1.00,4.12
2017.11.17 06:53:49.034,1.10587,1.10612,1.69,1.69
2017.11.17 06:53:49.137,1.10587,1.10611,2.81,1.37
2017.11.17 06:53:49.239,1.10588,1.1061,1.50,1.00
2017.11.17 06:53:49.497,1.10588,1.1061,1.87,1.50
2017.11.17 06:53:50.030,1.10588,1.1061,1.25,1.00
2017.11.17 06:53:50.248,1.10588,1.10612,1.25,1.69
2017.11.17 06:53:54.048,1.10587,1.1061,2.44,1.19
2017.11.17 06:53:54.758,1.10586,1.10609,1.00,1.69
2017.11.17 06:53:55.065,1.10583,1.10608,1.00,1.12
2017.11.17 06:53:55.116,1.10583,1.10608,1.00,1.87
2017.11.17 06:53:55.218,1.10583,1.10608,1.00,1.12
2017.11.17 06:53:55.735,1.10582,1.10607,1.25,1.00
2017.11.17 06:53:57.890,1.1058,1.10604,2.06,1.00
2017.11.17 06:53:58.410,1.10581,1.10604,1.31,1.00
2017.11.17 06:53:59.019,1.10581,1.10605,1.50,1.00
2017.11.17 06:53:59.371,1.10581,1.10603,1.50,1.00
2017.11.17 06:53:59.728,1.1058,1.10603,1.87,1.00
2017.11.17 06:53:59.781,1.1058,1.10603,1.50,1.00
2017.11.17 06:53:59.834,1.10581,1.10605,1.12,1.00
2017.11.17 06:53:59.886,1.10585,1.10605,1.00,1.00
2017.11.17 06:53:59.937,1.10582,1.10605,1.00,3.75
2017.11.17 06:53:59.988,1.10581,1.10603,1.00,1.00
2017.11.17 06:54:00.298,1.10579,1.10601,1.44,1.00
2017.11.17 06:54:00.604,1.10578,1.10601,2.25,1.69
2017.11.17 06:54:00.656,1.10578,1.10599,1.44,1.00
2017.11.17 06:54:01.817,1.10575,1.10599,1.44,1.25
2017.11.17 06:54:02.294,1.10575,1.10599,1.25,1.25
2017.11.17 06:54:02.857,1.10575,1.10599,1.19,1.87
2017.11.17 06:54:02.909,1.10574,1.10599,1.69,1.25
2017.11.17 06:54:03.455,1.10574,1.10599,1.69,1.19
2017.11.17 06:54:04.088,1.10574,1.10599,2.81,2.25
2017.11.17 06:54:05.274,1.10576,1.10598,1.69,1.00
2017.11.17 06:54:07.107,1.10576,1.10595,1.00,1.00
2017.11.17 06:54:07.261,1.10574,1.10594,1.50,1.25
2017.11.17 06:54:08.590,1.10577,1.10595,1.00,1.69
2017.11.17 06:54:09.582,1.10577,1.10597,1.00,1.12
2017.11.17 06:54:13.611,1.10577,1.10594,1.00,1.25
2017.11.17 06:54:27.670,1.10576,1.10597,1.00,4.87
2017.11.17 06:54:27.772,1.10576,1.10597,1.00,5.62
2017.11.17 06:54:28.409,1.10577,1.10595,1.00,3.37
2017.11.17 06:54:29.744,1.10577,1.10595,1.00,2.25
2017.11.17 06:54:30.771,1.10577,1.10596,1.00,3.19
2017.11.17 06:54:31.382,1.10577,1.10595,1.00,1.00
2017.11.17 06:54:32.391,1.10577,1.10596,1.00,1.69
2017.11.17 06:54:32.904,1.10577,1.10595,1.00,1.00
2017.11.17 06:54:41.709,1.10577,1.10596,1.00,1.87
2017.11.17 06:54:43.384,1.10575,1.10593,1.25,1.69
2017.11.17 06:54:47.372,1.10577,1.10592,1.00,2.25
2017.11.17 06:54:51.393,1.10577,1.10593,1.00,1.50
2017.11.17 06:54:51.950,1.10578,1.10593,1.00,1.50
2017.11.17 06:54:52.003,1.1058,1.10592,1.00,1.00
2017.11.17 06:54:52.054,1.10581,1.10595,1.00,1.50
2017.11.17 06:54:52.207,1.10579,1.10592,1.00,1.25
2017.11.17 06:54:52.761,1.10578,1.10592,1.00,1.25
2017.11.17 06:54:55.172,1.10577,1.10591,1.00,1.00
2017.11.17 06:54:55.910,1.10578,1.10594,1.00,3.19
2017.11.17 06:54:58.651,1.1058,1.10594,1.00,1.31
2017.11.17 06:54:58.702,1.1058,1.10594,1.00,1.00
2017.11.17 06:54:58.906,1.10581,1.10596,1.00,1.25
2017.11.17 06:54:59.652,1.10582,1.10597,1.00,1.19
2017.11.17 06:55:00.198,1.10582,1.10599,1.00,3.94
2017.11.17 06:55:01.153,1.10581,1.10599,1.00,4.50
2017.11.17 06:55:01.861,1.10581,1.10599,1.00,3.19
2017.11.17 06:55:02.014,1.10581,1.10599,1.00,2.44
2017.11.17 06:55:02.522,1.10581,1.10599,1.00,2.06
2017.11.17 06:55:03.881,1.10581,1.10597,1.00,1.62
2017.11.17 06:55:04.338,1.10583,1.10598,1.00,1.62
2017.11.17 06:55:07.518,1.1058,1.10597,1.00,2.81
2017.11.17 06:55:07.569,1.10582,1.10597,1.00,1.87
2017.11.17 06:55:07.671,1.10582,1.10596,1.00,1.62
2017.11.17 06:55:08.609,1.10582,1.10597,1.00,2.06
2017.11.17 06:55:09.809,1.10582,1.10595,1.00,1.31
2017.11.17 06:55:09.860,1.1058,1.10595,1.00,2.00
2017.11.17 06:55:09.962,1.10577,1.10594,1.00,1.19
2017.11.17 06:55:10.529,1.10578,1.10594,1.00,1.88
2017.11.17 06:55:10.682,1.10578,1.10594,1.00,2.44
2017.11.17 06:55:10.986,1.10578,1.10594,1.00,1.50
2017.11.17 06:55:11.394,1.1058,1.10596,1.00,3.56
2017.11.17 06:55:12.155,1.1058,1.10596,1.00,3.56
2017.11.17 06:55:12.661,1.1058,1.10596,1.00,2.81
2017.11.17 06:55:13.166,1.1058,1.10596,1.00,2.25
2017.11.17 06:55:14.198,1.10576,1.10596,1.00,2.81
2017.11.17 06:55:15.198,1.10576,1.10596,1.00,2.81
2017.11.17 06:55:15.731,1.10576,1.10596,1.00,2.06
2017.11.17 06:55:16.234,1.10576,1.10596,1.00,2.06
2017.11.17 06:55:16.763,1.10576,1.10596,1.00,2.06
2017.11.17 06:55:17.430,1.10576,1.10596,1.00,2.06
2017.11.17 06:55:18.134,1.10576,1.10596,1.00,2.06
2017.11.17 06:55:19.270,1.10576,1.10596,1.00,2.06
2017.11.17 06:55:20.471,1.10576,1.10595,1.00,2.44
2017.11.17 06:55:22.399,1.10576,1.10594,1.00,2.00
2017.11.17 06:55:23.097,1.10576,1.10595,1.00,2.44
2017.11.17 06:55:24.646,1.10576,1.10593,1.00,1.44
2017.11.17 06:55:25.938,1.10576,1.10591,1.00,1.00
2017.11.17 06:55:26.162,1.1057,1.1059,1.44,1.69
2017.11.17 06:55:26.214,1.10569,1.10587,1.50,1.19
2017.11.17 06:55:27.130,1.10569,1.10588,1.25,2.25
2017.11.17 06:55:27.639,1.10569,1.10587,1.69,1.19
2017.11.17 06:55:28.145,1.10569,1.10588,2.25,1.19
2017.11.17 06:55:29.745,1.10569,1.10587,1.69,1.19
2017.11.17 06:55:30.270,1.1057,1.10591,1.25,1.00
2017.11.17 06:55:30.322,1.10572,1.1059,1.00,1.00
2017.11.17 06:55:30.373,1.10573,1.10592,1.50,1.50
2017.11.17 06:55:30.541,1.10575,1.10596,1.38,2.25
2017.11.17 06:55:30.592,1.10575,1.10596,1.00,2.25
2017.11.17 06:55:30.846,1.10575,1.10596,1.38,2.25
2017.11.17 06:55:30.898,1.10575,1.10596,1.38,1.69
2017.11.17 06:55:31.350,1.10579,1.10597,1.12,1.69
2017.11.17 06:55:31.453,1.10579,1.10598,1.12,1.50
2017.11.17 06:55:31.707,1.1058,1.106,2.81,2.62
2017.11.17 06:55:32.499,1.1058,1.106,2.81,2.44
2017.11.17 06:55:33.041,1.10581,1.106,1.19,1.00
2017.11.17 06:55:36.125,1.10581,1.10599,1.19,1.00
2017.11.17 06:55:36.346,1.10579,1.10599,1.69,1.00
2017.11.17 06:55:36.865,1.10577,1.10598,2.06,1.00
2017.11.17 06:55:37.566,1.10576,1.10598,2.81,1.00
2017.11.17 06:55:37.872,1.10577,1.10598,2.25,1.00
2017.11.17 06:55:38.127,1.10577,1.10598,1.50,1.00
2017.11.17 06:55:38.178,1.10577,1.10598,1.44,1.00
2017.11.17 06:55:38.747,1.10577,1.10598,1.50,1.00
2017.11.17 06:55:43.947,1.10577,1.10598,1.38,1.00
2017.11.17 06:55:44.834,1.10576,1.10598,3.38,1.00
2017.11.17 06:55:45.745,1.10576,1.10598,2.25,1.00
2017.11.17 06:55:45.972,1.10577,1.10598,1.38,1.00
2017.11.17 06:55:46.296,1.10577,1.10599,1.88,1.00
2017.11.17 06:55:46.348,1.10577,1.10599,2.63,1.00
2017.11.17 06:55:47.541,1.10577,1.10599,2.06,1.00
2017.11.17 06:55:47.779,1.10578,1.10599,1.63,1.00
2017.11.17 06:55:48.319,1.10584,1.10601,1.00,1.00
2017.11.17 06:55:50.079,1.10584,1.10602,1.00,1.69
2017.11.17 06:55:50.384,1.10581,1.10599,1.00,1.69
2017.11.17 06:55:50.584,1.10577,1.10594,1.00,1.25
2017.11.17 06:55:50.737,1.10579,1.10594,1.00,1.50
2017.11.17 06:55:51.094,1.1058,1.10594,1.00,2.25
2017.11.17 06:55:51.418,1.10578,1.10593,1.00,1.88
2017.11.17 06:55:51.520,1.1058,1.10593,1.00,1.88
2017.11.17 06:55:51.673,1.10582,1.10598,1.00,1.25
2017.11.17 06:55:51.775,1.10582,1.10599,1.00,3.38
2017.11.17 06:55:52.503,1.10583,1.10599,1.00,1.00
2017.11.17 06:55:52.656,1.10583,1.10599,1.00,1.56
2017.11.17 06:55:53.176,1.10583,1.106,1.00,2.81
2017.11.17 06:55:53.753,1.10584,1.10599,1.00,2.06
2017.11.17 06:55:54.292,1.10583,1.10598,1.00,1.38
2017.11.17 06:55:55.850,1.10582,1.10599,1.00,1.88
2017.11.17 06:55:57.481,1.10578,1.10597,1.00,2.06
2017.11.17 06:55:57.634,1.10581,1.10594,1.00,1.00
2017.11.17 06:55:57.737,1.10581,1.10598,1.00,1.63
2017.11.17 06:55:57.788,1.10582,1.10599,1.00,1.00
2017.11.17 06:55:57.840,1.10586,1.106,1.00,1.00
2017.11.17 06:55:57.891,1.10587,1.10603,1.00,1.25
2017.11.17 06:55:58.432,1.10588,1.10605,1.00,2.06
2017.11.17 06:55:59.470,1.10588,1.10604,1.00,1.56
2017.11.17 06:56:00.080,1.10589,1.10604,1.00,1.56
2017.11.17 06:56:00.588,1.10588,1.10604,1.00,2.06
2017.11.17 06:56:01.058,1.10588,1.10605,1.00,1.31
2017.11.17 06:56:01.597,1.10589,1.10606,1.00,1.44
2017.11.17 06:56:02.140,1.1059,1.10607,1.00,3.19
2017.11.17 06:56:02.869,1.10591,1.10607,1.00,2.63
2017.11.17 06:56:03.455,1.10591,1.10606,1.00,1.13
2017.11.17 06:56:03.922,1.10591,1.10605,1.00,1.44
2017.11.17 06:56:04.226,1.1059,1.10606,1.00,1.69
2017.11.17 06:56:04.996,1.1059,1.10606,1.00,2.06
2017.11.17 06:56:05.210,1.1059,1.10608,1.00,1.69
2017.11.17 06:56:05.768,1.10591,1.10607,1.00,1.38
2017.11.17 06:56:06.809,1.10591,1.10608,1.00,1.88
2017.11.17 06:56:08.004,1.10588,1.10607,1.00,1.38
2017.11.17 06:56:08.875,1.10591,1.10608,1.00,1.88
2017.11.17 06:56:09.195,1.10591,1.10605,1.00,1.00
2017.11.17 06:56:09.483,1.10586,1.10602,1.00,1.00
2017.11.17 06:56:10.020,1.10586,1.10602,1.00,1.19
2017.11.17 06:56:10.522,1.10586,1.10602,1.00,1.13
2017.11.17 06:56:11.125,1.10586,1.10603,1.00,1.50
2017.11.17 06:56:11.727,1.10586,1.10602,1.00,1.25
2017.11.17 06:56:12.496,1.10586,1.10603,1.00,1.50
2017.11.17 06:56:13.013,1.10586,1.10602,1.00,1.25
2017.11.17 06:56:15.207,1.10586,1.10603,1.00,1.69
2017.11.17 06:56:17.763,1.10586,1.10602,1.00,1.00
2017.11.17 06:56:18.333,1.10586,1.10602,1.00,1.19
2017.11.17 06:56:19.367,1.10586,1.10602,1.00,1.25
2017.11.17 06:56:20.020,1.10586,1.10603,1.00,1.25
2017.11.17 06:56:22.398,1.10587,1.10603,1.00,1.25
2017.11.17 06:56:26.693,1.10587,1.10602,1.00,1.25
2017.11.17 06:56:27.530,1.10587,1.10603,1.00,1.13
2017.11.17 06:56:27.581,1.10587,1.10602,1.00,1.44
2017.11.17 06:56:28.230,1.10587,1.10602,1.00,1.19
2017.11.17 06:56:28.450,1.10587,1.10603,1.00,1.25
2017.11.17 06:56:28.852,1.10587,1.10602,1.00,1.19
2017.11.17 06:56:29.486,1.10587,1.10603,1.00,1.19
2017.11.17 06:56:30.018,1.10586,1.10603,1.00,1.38
2017.11.17 06:56:30.327,1.10586,1.10605,1.00,2.63
2017.11.17 06:56:30.544,1.10587,1.10605,1.00,2.63
2017.11.17 06:56:30.850,1.10589,1.10604,1.00,1.38
2017.11.17 06:56:31.597,1.10589,1.10604,1.00,1.38
2017.11.17 06:56:32.128,1.10588,1.10604,1.00,1.38
2017.11.17 06:56:32.281,1.10588,1.10606,1.00,2.81
2017.11.17 06:56:32.838,1.10588,1.10606,1.00,2.81
2017.11.17 06:56:33.384,1.10589,1.10609,1.00,2.81
2017.11.17 06:56:33.971,1.10589,1.10607,1.00,2.06
2017.11.17 06:56:34.679,1.10589,1.10608,1.00,3.00
2017.11.17 06:56:35.444,1.1059,1.10606,1.00,1.31
2017.11.17 06:56:36.928,1.1059,1.10607,1.00,1.56
2017.11.17 06:56:37.597,1.10591,1.10606,1.00,1.63
2017.11.17 06:56:38.083,1.10592,1.10611,1.00,2.25
2017.11.17 06:56:38.185,1.10594,1.1061,1.00,1.19
2017.11.17 06:56:38.237,1.10594,1.10612,1.00,2.06
2017.11.17 06:56:38.773,1.10595,1.10612,1.00,2.25
2017.11.17 06:56:39.401,1.10595,1.10612,1.00,2.06
2017.11.17 06:56:39.555,1.10594,1.10609,1.00,1.69
2017.11.17 06:56:42.095,1.10594,1.10607,1.00,1.56
2017.11.17 06:56:43.189,1.10594,1.10607,1.00,1.63
2017.11.17 06:56:43.444,1.10589,1.10607,1.00,3.94
2017.11.17 06:56:43.970,1.10588,1.10606,1.00,2.06
2017.11.17 06:56:44.557,1.10588,1.10607,1.00,3.94
2017.11.17 06:56:44.997,1.10588,1.10609,1.00,3.00
2017.11.17 06:56:45.049,1.1059,1.10606,1.00,1.00
2017.11.17 06:56:45.100,1.1059,1.10609,1.00,1.00
2017.11.17 06:56:45.202,1.10594,1.10611,1.00,2.25
2017.11.17 06:56:45.616,1.10595,1.10611,1.00,1.44
2017.11.17 06:56:45.718,1.10595,1.10612,1.00,2.63
2017.11.17 06:56:46.224,1.10595,1.10611,1.00,1.88
2017.11.17 06:56:46.631,1.10595,1.10608,1.00,1.00
2017.11.17 06:56:46.895,1.10595,1.1061,1.00,1.00
2017.11.17 06:56:47.435,1.10595,1.10611,1.00,1.25
2017.11.17 06:56:47.952,1.10595,1.10611,1.00,1.44
2017.11.17 06:56:48.611,1.10595,1.10611,1.00,2.44
2017.11.17 06:56:49.199,1.10596,1.10611,1.00,1.88
2017.11.17 06:56:49.711,1.10596,1.10611,1.00,1.88
2017.11.17 06:56:50.187,1.10596,1.10611,1.00,1.00
2017.11.17 06:56:51.679,1.10595,1.10611,1.00,1.50
2017.11.17 06:56:51.730,1.10593,1.10611,1.00,1.00
2017.11.17 06:56:54.249,1.10593,1.10612,1.00,1.50
2017.11.17 06:56:54.351,1.10593,1.10614,1.00,2.81
2017.11.17 06:56:54.895,1.10593,1.10613,1.25,1.25
2017.11.17 06:56:55.521,1.10593,1.10614,1.00,2.06
2017.11.17 06:56:58.669,1.10593,1.10613,1.25,1.69
2017.11.17 06:57:00.137,1.10593,1.10612,1.00,1.12
2017.11.17 06:57:00.933,1.10592,1.10611,1.00,1.12
2017.11.17 06:57:03.785,1.10593,1.10612,1.00,1.25
2017.11.17 06:57:03.887,1.10596,1.10612,1.00,1.00
2017.11.17 06:57:03.938,1.10594,1.10612,1.00,1.00
2017.11.17 06:57:04.040,1.10594,1.10614,1.00,3.56
2017.11.17 06:57:04.661,1.10594,1.10613,1.00,1.00
2017.11.17 06:57:05.633,1.10594,1.10614,1.00,2.62
2017.11.17 06:57:05.984,1.10596,1.10614,1.00,1.31
2017.11.17 06:57:06.539,1.10597,1.10613,1.00,1.00
2017.11.17 06:57:07.489,1.10599,1.10613,1.00,1.00
2017.11.17 06:57:08.190,1.10599,1.10614,1.00,2.44
2017.11.17 06:57:08.546,1.10599,1.10612,1.00,1.00
2017.11.17 06:57:09.970,1.10599,1.10611,1.00,1.00
2017.11.17 06:57:11.562,1.10599,1.10613,1.00,1.12
2017.11.17 06:57:12.070,1.10599,1.10613,1.00,1.44
2017.11.17 06:57:12.660,1.10599,1.10613,1.00,1.25
2017.11.17 06:57:13.093,1.10601,1.10614,1.00,2.06
2017.11.17 06:57:13.879,1.10601,1.10615,1.00,1.31
2017.11.17 06:57:17.664,1.10601,1.10614,1.00,1.25
2017.11.17 06:57:18.028,1.10601,1.10613,1.00,1.44
2017.11.17 06:57:18.666,1.10601,1.10614,1.00,1.00
2017.11.17 06:57:19.369,1.106,1.10615,1.00,2.44
2017.11.17 06:57:19.420,1.10598,1.10612,1.00,1.25
2017.11.17 06:57:19.522,1.10596,1.10611,1.00,1.25
2017.11.17 06:57:19.675,1.10595,1.10611,1.00,1.88
2017.11.17 06:57:19.987,1.10595,1.10608,1.00,1.31
2017.11.17 06:57:20.292,1.10595,1.10608,1.00,1.38
2017.11.17 06:57:20.445,1.10595,1.10608,1.00,1.00
2017.11.17 06:57:20.988,1.10595,1.10608,1.00,1.44
2017.11.17 06:57:21.039,1.10595,1.10608,1.00,1.38
2017.11.17 06:57:21.955,1.10595,1.10608,1.00,1.00
2017.11.17 06:57:22.398,1.10595,1.10608,1.00,1.38
2017.11.17 06:57:22.559,1.10593,1.10608,1.00,1.38
2017.11.17 06:57:24.737,1.10593,1.10608,1.00,1.00
2017.11.17 06:57:25.340,1.10593,1.10608,1.00,1.44
2017.11.17 06:57:25.843,1.10593,1.10608,1.00,1.38
2017.11.17 06:57:30.252,1.10593,1.10607,1.00,1.00
2017.11.17 06:57:30.353,1.10593,1.10609,1.00,1.00
2017.11.17 06:57:31.164,1.10593,1.10609,1.00,1.44
2017.11.17 06:57:33.214,1.10593,1.10609,1.00,1.25
2017.11.17 06:57:33.809,1.10593,1.10609,1.00,1.44
2017.11.17 06:57:34.036,1.10593,1.10611,1.00,2.81
2017.11.17 06:57:34.228,1.10593,1.10611,1.00,3.00
2017.11.17 06:57:36.225,1.10593,1.10611,1.00,1.50
2017.11.17 06:57:36.813,1.10593,1.10611,1.00,2.25
2017.11.17 06:57:37.361,1.10593,1.10611,1.00,2.25
2017.11.17 06:57:37.896,1.10594,1.10611,1.00,3.75
2017.11.17 06:57:38.485,1.10594,1.10611,1.00,1.50
2017.11.17 06:57:39.721,1.10594,1.10611,1.00,2.25
2017.11.17 06:57:41.988,1.10594,1.10609,1.00,2.06
2017.11.17 06:57:42.040,1.10594,1.1061,1.00,2.44
2017.11.17 06:57:42.769,1.10594,1.10612,1.00,3.56
2017.11.17 06:57:43.346,1.10594,1.10611,1.00,1.63
2017.11.17 06:57:44.875,1.10594,1.10611,1.00,1.31
2017.11.17 06:57:45.816,1.10594,1.10611,1.00,2.06
2017.11.17 06:57:47.255,1.10594,1.10611,1.00,2.06
2017.11.17 06:57:49.556,1.10594,1.10611,1.00,1.38
2017.11.17 06:57:49.879,1.10594,1.10609,1.00,2.25
2017.11.17 06:57:49.998,1.10594,1.10609,1.00,2.06
2017.11.17 06:57:50.718,1.10594,1.10609,1.00,2.25
2017.11.17 06:57:51.632,1.10594,1.10609,1.00,3.00
2017.11.17 06:57:52.062,1.10592,1.10606,1.00,1.25
2017.11.17 06:57:52.571,1.10594,1.10608,1.00,2.81
2017.11.17 06:57:53.345,1.10594,1.10608,1.00,2.81
2017.11.17 06:57:53.897,1.10594,1.10608,1.00,2.06
2017.11.17 06:57:54.274,1.10594,1.10608,1.00,1.44
2017.11.17 06:57:54.802,1.10594,1.10608,1.00,1.63
2017.11.17 06:57:55.317,1.10594,1.10609,1.00,2.81
2017.11.17 06:57:57.023,1.10594,1.10609,1.00,2.06
2017.11.17 06:57:57.650,1.10594,1.10609,1.00,2.06
2017.11.17 06:57:57.702,1.10594,1.10609,1.00,1.88
2017.11.17 06:57:58.357,1.10594,1.10609,1.00,1.88
2017.11.17 06:58:02.423,1.10594,1.10609,1.00,1.44
2017.11.17 06:58:04.132,1.10594,1.1061,1.00,1.88
2017.11.17 06:58:04.234,1.10594,1.1061,1.00,1.88
2017.11.17 06:58:05.880,1.10596,1.10611,1.00,1.69
2017.11.17 06:58:05.931,1.10598,1.10611,1.00,1.00
2017.11.17 06:58:06.033,1.10598,1.10614,1.00,1.44
2017.11.17 06:58:06.665,1.10598,1.10613,1.00,1.31
2017.11.17 06:58:07.258,1.10598,1.10613,1.00,1.25
2017.11.17 06:58:07.764,1.10598,1.10613,1.00,2.06
2017.11.17 06:58:11.050,1.10598,1.10613,1.00,1.38
2017.11.17 06:58:11.632,1.10598,1.10613,1.00,1.38
2017.11.17 06:58:11.718,1.10598,1.10613,1.00,1.38
2017.11.17 06:58:24.548,1.10598,1.10614,1.00,1.56
2017.11.17 06:58:25.061,1.10599,1.10615,1.00,1.87
2017.11.17 06:58:25.114,1.10601,1.10615,1.00,1.50
2017.11.17 06:58:25.428,1.10607,1.10619,1.00,1.50
2017.11.17 06:58:25.733,1.10603,1.10614,1.00,1.50
2017.11.17 06:58:26.242,1.10603,1.10615,1.00,1.00
2017.11.17 06:58:26.865,1.10602,1.10615,1.00,1.00
2017.11.17 06:58:27.235,1.10602,1.10617,1.00,2.81
2017.11.17 06:58:27.804,1.10602,1.10617,1.00,2.06
2017.11.17 06:58:28.877,1.10602,1.10618,1.00,2.25
2017.11.17 06:58:29.403,1.10602,1.10618,1.00,2.25
2017.11.17 06:58:30.058,1.10602,1.10618,1.00,2.25
2017.11.17 06:58:30.110,1.106,1.10615,1.00,1.63
2017.11.17 06:58:30.212,1.10597,1.10614,1.00,1.63
2017.11.17 06:58:30.415,1.10597,1.10612,1.00,1.44
2017.11.17 06:58:30.773,1.10599,1.10613,1.00,1.50
2017.11.17 06:58:31.078,1.10602,1.10615,1.00,1.50
2017.11.17 06:58:31.383,1.10605,1.10618,1.00,1.00
2017.11.17 06:58:31.435,1.10605,1.1062,1.00,1.50
2017.11.17 06:58:36.601,1.10605,1.10621,1.00,1.50
2017.11.17 06:58:37.122,1.10605,1.1062,1.00,1.50
2017.11.17 06:58:37.682,1.10605,1.10621,1.00,1.88
2017.11.17 06:58:40.070,1.10605,1.1062,1.00,1.00
2017.11.17 06:58:41.064,1.10605,1.10621,1.00,1.88
2017.11.17 06:58:41.764,1.10607,1.10622,1.00,1.38
2017.11.17 06:58:42.343,1.10608,1.10621,1.00,1.44
2017.11.17 06:58:42.882,1.10608,1.10621,1.00,1.38
2017.11.17 06:58:43.434,1.10608,1.10621,1.00,1.44
2017.11.17 06:58:44.446,1.10608,1.10621,1.00,1.38
2017.11.17 06:58:45.017,1.10608,1.10621,1.00,1.44
2017.11.17 06:58:45.489,1.10608,1.10621,1.00,1.38
2017.11.17 06:58:46.002,1.10608,1.10621,1.00,1.38
2017.11.17 06:58:46.473,1.10608,1.10623,1.00,1.44
2017.11.17 06:58:46.727,1.10608,1.10623,1.00,1.88
2017.11.17 06:58:47.079,1.10608,1.10623,1.00,1.63
2017.11.17 06:58:49.442,1.10608,1.10623,1.00,2.06
2017.11.17 06:58:50.553,1.10608,1.10625,1.00,2.06
2017.11.17 06:58:50.604,1.10609,1.10625,1.00,1.69
2017.11.17 06:58:50.655,1.10611,1.10626,1.00,1.37
2017.11.17 06:58:50.962,1.10616,1.10629,1.00,1.44
2017.11.17 06:58:51.584,1.10616,1.10629,1.00,1.38
2017.11.17 06:58:52.300,1.10616,1.10629,1.00,1.44
2017.11.17 06:58:52.710,1.10616,1.10631,1.00,1.25
2017.11.17 06:58:53.425,1.10616,1.10631,1.00,1.44
2017.11.17 06:58:53.967,1.10616,1.10631,1.00,1.25
2017.11.17 06:58:55.130,1.10616,1.10632,1.00,1.37
2017.11.17 06:58:55.711,1.10617,1.10633,1.00,1.87
2017.11.17 06:58:56.297,1.10617,1.10633,1.00,1.87
2017.11.17 06:58:57.733,1.10617,1.10633,1.00,1.44
2017.11.17 06:58:58.270,1.10618,1.10633,1.00,1.44
2017.11.17 06:58:58.809,1.10618,1.10633,1.00,1.37
2017.11.17 06:58:59.605,1.10618,1.10633,1.00,1.44
2017.11.17 06:59:00.119,1.10618,1.10633,1.00,1.37
2017.11.17 06:59:03.109,1.10618,1.10634,1.00,1.63
2017.11.17 06:59:03.629,1.10617,1.10632,1.00,1.44
2017.11.17 06:59:03.827,1.10617,1.10632,1.00,1.87
2017.11.17 06:59:04.156,1.10617,1.10632,1.00,1.25
2017.11.17 06:59:04.208,1.10617,1.10632,1.00,2.06
2017.11.17 06:59:04.738,1.10616,1.10631,1.00,1.44
2017.11.17 06:59:05.852,1.10616,1.10632,1.00,2.06
2017.11.17 06:59:06.207,1.10616,1.10632,1.00,2.81
2017.11.17 06:59:06.309,1.10616,1.10632,1.00,2.81
2017.11.17 06:59:06.795,1.10616,1.10632,1.00,2.81
2017.11.17 06:59:07.497,1.10616,1.10632,1.00,2.06
2017.11.17 06:59:07.549,1.10607,1.10625,1.25,1.00
2017.11.17 06:59:08.130,1.10605,1.10625,3.56,1.00
2017.11.17 06:59:11.618,1.10606,1.10625,2.81,1.00
2017.11.17 06:59:12.274,1.10606,1.10625,2.63,1.00
2017.11.17 06:59:13.347,1.10606,1.10625,2.81,1.00
2017.11.17 06:59:13.976,1.10606,1.10625,2.81,1.00
2017.11.17 06:59:14.479,1.10606,1.10625,2.06,1.00
2017.11.17 06:59:16.838,1.10606,1.10625,1.38,1.00
2017.11.17 06:59:17.163,1.10605,1.10625,2.25,1.00
2017.11.17 06:59:17.215,1.10605,1.10625,2.81,1.00
2017.11.17 06:59:17.920,1.10606,1.10625,2.06,1.00
2017.11.17 06:59:18.108,1.10604,1.10624,1.50,1.00
2017.11.17 06:59:18.647,1.10603,1.10625,1.81,1.00
2017.11.17 06:59:19.392,1.10604,1.10626,1.50,1.00
2017.11.17 06:59:19.923,1.10604,1.10626,1.87,1.00
2017.11.17 06:59:22.322,1.10606,1.10627,1.44,1.00
2017.11.17 06:59:22.424,1.10608,1.10629,1.00,1.50
2017.11.17 06:59:22.577,1.10607,1.10628,1.00,1.44
2017.11.17 06:59:22.628,1.10605,1.10628,1.25,2.44
2017.11.17 06:59:23.228,1.10605,1.10628,1.44,3.00
2017.11.17 06:59:24.027,1.10603,1.10626,2.81,1.25
2017.11.17 06:59:28.168,1.10603,1.10625,2.81,1.00
2017.11.17 06:59:28.808,1.10604,1.10625,1.44,1.25
2017.11.17 06:59:29.311,1.10604,1.10625,1.44,1.25
2017.11.17 06:59:29.719,1.10603,1.10625,1.69,1.69
2017.11.17 06:59:30.257,1.10603,1.10624,1.25,1.12
2017.11.17 06:59:30.889,1.10603,1.10624,1.25,1.44
2017.11.17 06:59:31.120,1.10605,1.10624,1.00,1.25
2017.11.17 06:59:32.148,1.10606,1.10624,1.00,1.44
2017.11.17 06:59:32.418,1.10606,1.10625,1.00,1.12
2017.11.17 06:59:33.063,1.10605,1.10625,1.00,1.00
2017.11.17 06:59:33.580,1.10606,1.10624,1.00,1.25
2017.11.17 06:59:33.633,1.10602,1.10619,1.00,1.00
2017.11.17 06:59:33.735,1.106,1.10619,1.00,1.00
2017.11.17 06:59:33.786,1.10597,1.10619,1.25,1.25
2017.11.17 06:59:33.837,1.10597,1.10619,1.69,1.94
2017.11.17 06:59:34.476,1.10596,1.10619,1.00,2.00
2017.11.17 06:59:35.362,1.10597,1.10619,1.00,2.25
2017.11.17 06:59:36.046,1.10596,1.10619,1.00,2.00
2017.11.17 06:59:38.614,1.10597,1.10619,1.00,3.75
2017.11.17 06:59:39.147,1.10596,1.10618,1.00,2.25
2017.11.17 06:59:39.707,1.10597,1.10618,1.00,3.19
2017.11.17 06:59:40.248,1.10596,1.10618,1.00,2.25
2017.11.17 06:59:41.759,1.10598,1.10618,1.00,1.69
2017.11.17 06:59:42.461,1.10599,1.10618,1.00,2.44
2017.11.17 06:59:42.771,1.10599,1.10618,1.00,1.69
2017.11.17 06:59:42.924,1.10599,1.1062,1.00,1.69
2017.11.17 06:59:43.441,1.10599,1.1062,1.00,1.38
2017.11.17 06:59:43.960,1.10598,1.1062,1.00,1.69
2017.11.17 06:59:44.012,1.10598,1.10618,1.00,1.00
2017.11.17 06:59:44.318,1.10599,1.10618,1.00,1.87
2017.11.17 06:59:44.825,1.10598,1.10618,1.00,1.87
2017.11.17 06:59:45.096,1.10594,1.10617,1.00,1.44
2017.11.17 06:59:45.742,1.10594,1.10616,1.50,1.31
2017.11.17 06:59:46.278,1.10594,1.10614,1.00,1.00
2017.11.17 06:59:46.686,1.10594,1.10611,1.00,1.00
2017.11.17 06:59:46.737,1.10592,1.10611,1.00,1.00
2017.11.17 06:59:46.789,1.10589,1.10611,1.00,2.44
2017.11.17 06:59:47.009,1.10588,1.10611,1.50,2.06
2017.11.17 06:59:47.163,1.10589,1.10611,1.00,2.63
2017.11.17 06:59:47.214,1.10588,1.10609,2.44,1.00
2017.11.17 06:59:47.519,1.1059,1.10611,1.25,2.25
2017.11.17 06:59:48.067,1.1059,1.10611,1.44,2.25
2017.11.17 06:59:48.592,1.1059,1.10611,1.25,1.69
2017.11.17 06:59:49.814,1.10591,1.10611,1.00,1.44
2017.11.17 06:59:50.439,1.1059,1.1061,1.25,1.00
2017.11.17 06:59:50.946,1.10591,1.1061,1.00,1.00
2017.11.17 06:59:52.261,1.1059,1.1061,1.00,1.00
2017.11.17 06:59:52.363,1.10591,1.10612,1.25,1.50
2017.11.17 06:59:52.566,1.10594,1.10613,1.00,1.00
2017.11.17 06:59:52.769,1.10592,1.10613,2.06,1.00
2017.11.17 06:59:53.091,1.10592,1.10613,2.06,1.38
2017.11.17 06:59:54.713,1.1059,1.10613,1.00,1.63
2017.11.17 06:59:55.055,1.10594,1.10612,1.00,1.00
2017.11.17 06:59:55.788,1.10593,1.10612,1.25,1.00
2017.11.17 06:59:56.339,1.10594,1.10612,1.00,1.00
2017.11.17 06:59:56.700,1.10593,1.10614,1.00,1.69
2017.11.17 06:59:57.333,1.10594,1.10614,1.00,1.87
2017.11.17 06:59:57.975,1.10593,1.10614,1.00,1.69
2017.11.17 06:59:58.595,1.10594,1.10613,1.25,1.25
2017.11.17 06:59:58.814,1.10591,1.10613,1.69,1.00
2017.11.17 06:59:59.079,1.10591,1.10613,2.44,1.25
2017.11.17 06:59:59.440,1.10591,1.10613,1.69,1.00
2017.11.17 06:59:59.975,1.10591,1.10613,2.44,1.25
