2013.10.11 18:00:04.087,1.13707,1.13744,2.25,1.50
2013.10.11 18:00:32.876,1.13707,1.13745,1.50,1.50
2013.10.11 18:00:33.057,1.13706,1.13742,1.13,2.25
2013.10.11 18:00:48.156,1.13705,1.13742,1.50,1.50
2013.10.11 18:00:53.667,1.1371,1.13745,1.50,1.50
2013.10.11 18:00:54.116,1.13709,1.13748,1.50,3.19
2013.10.11 18:00:54.177,1.13712,1.13746,1.50,1.50
2013.10.11 18:00:57.676,1.13712,1.13746,1.50,1.50
2013.10.11 18:00:59.486,1.13712,1.13746,1.50,1.50
2013.10.11 18:01:08.180,1.13712,1.13746,1.50,1.50
2013.10.11 18:01:09.799,1.13712,1.13743,1.50,1.50
2013.10.11 18:01:10.303,1.13712,1.13743,1.50,2.25
2013.10.11 18:01:10.877,1.13712,1.13743,1.50,1.50
2013.10.11 18:01:14.237,1.13712,1.13747,1.50,1.50
2013.10.11 18:01:14.746,1.13712,1.13743,1.50,2.25
2013.10.11 18:01:16.726,1.13712,1.13745,1.50,1.50
2013.10.11 18:01:20.437,1.13712,1.13745,1.50,1.50
2013.10.11 18:01:25.352,1.13712,1.13744,2.25,1.50
2013.10.11 18:01:28.321,1.13712,1.13744,1.50,1.50
2013.10.11 18:01:31.090,1.13712,1.13744,1.50,1.50
2013.10.11 18:01:41.668,1.13712,1.13745,1.50,1.50
2013.10.11 18:01:54.205,1.13711,1.1375,2.25,1.50
2013.10.11 18:02:00.709,1.13712,1.1375,1.50,1.50
2013.10.11 18:02:05.319,1.13709,1.13746,2.25,1.50
2013.10.11 18:02:13.558,1.13709,1.13746,1.50,2.25
2013.10.11 18:02:13.737,1.13707,1.13725,1.50,1.13
2013.10.11 18:02:13.797,1.13703,1.13719,1.50,1.50
2013.10.11 18:02:13.978,1.13705,1.13727,1.50,1.50
2013.10.11 18:02:14.047,1.13709,1.13736,1.50,2.25
2013.10.11 18:02:14.107,1.13709,1.13736,1.50,1.50
2013.10.11 18:02:14.227,1.13708,1.13738,1.50,1.50
2013.10.11 18:02:14.766,1.13709,1.13746,1.50,1.50
2013.10.11 18:02:14.885,1.13707,1.13746,1.50,1.50
2013.10.11 18:02:15.206,1.13708,1.13746,1.50,1.50
2013.10.11 18:02:15.266,1.13711,1.13746,1.50,1.50
2013.10.11 18:02:22.106,1.13712,1.13746,1.50,1.50
2013.10.11 18:02:22.713,1.13712,1.13746,1.50,1.50
2013.10.11 18:02:23.767,1.13712,1.13746,1.50,1.50
2013.10.11 18:02:27.893,1.13712,1.13744,1.50,1.13
2013.10.11 18:02:28.387,1.13713,1.13744,3.00,1.50
2013.10.11 18:02:28.627,1.13714,1.13743,2.25,1.50
2013.10.11 18:02:29.363,1.13714,1.13743,1.50,1.88
2013.10.11 18:02:30.001,1.13713,1.13743,3.00,1.88
2013.10.11 18:02:31.107,1.13714,1.13743,3.00,1.88
2013.10.11 18:02:32.129,1.13714,1.13744,1.50,1.50
2013.10.11 18:02:32.638,1.13714,1.13744,2.25,1.50
2013.10.11 18:02:33.438,1.13714,1.13744,3.00,1.50
2013.10.11 18:02:33.736,1.13711,1.13744,1.50,1.50
2013.10.11 18:02:40.068,1.1371,1.13744,1.50,3.00
2013.10.11 18:02:44.286,1.13711,1.13742,1.50,1.50
2013.10.11 18:02:44.781,1.13711,1.1374,1.50,1.50
2013.10.11 18:03:04.388,1.1371,1.1374,1.50,1.50
2013.10.11 18:03:15.216,1.13709,1.1374,1.50,1.50
2013.10.11 18:03:15.889,1.13708,1.1374,2.25,1.50
2013.10.11 18:03:16.787,1.13708,1.1374,2.25,1.50
2013.10.11 18:03:18.206,1.13709,1.1374,1.50,1.50
2013.10.11 18:03:19.170,1.13709,1.1374,1.50,1.50
2013.10.11 18:03:23.515,1.13709,1.1374,1.50,1.50
2013.10.11 18:03:24.023,1.13709,1.1374,1.50,1.50
2013.10.11 18:03:25.163,1.13708,1.13741,2.25,1.50
2013.10.11 18:03:25.716,1.13708,1.13741,2.25,1.50
2013.10.11 18:03:39.560,1.13707,1.13741,2.25,1.50
2013.10.11 18:03:42.228,1.13707,1.13741,2.25,1.50
2013.10.11 18:03:42.468,1.13709,1.13741,1.50,1.50
2013.10.11 18:03:43.478,1.1371,1.13744,1.50,1.50
2013.10.11 18:03:43.553,1.1371,1.13744,1.50,1.50
2013.10.11 18:03:53.726,1.1371,1.13746,1.50,1.50
2013.10.11 18:03:58.387,1.13711,1.13746,1.50,1.50
2013.10.11 18:03:58.927,1.1371,1.13746,1.50,1.50
2013.10.11 18:03:59.256,1.13709,1.13746,2.44,1.50
2013.10.11 18:03:59.877,1.13709,1.13748,3.75,1.50
2013.10.11 18:04:17.016,1.1371,1.13748,1.50,1.50
2013.10.11 18:04:18.876,1.1371,1.13749,2.25,2.25
2013.10.11 18:04:19.493,1.13711,1.13746,1.50,1.50
2013.10.11 18:04:21.458,1.13711,1.13746,1.50,1.50
2013.10.11 18:04:38.718,1.13711,1.13746,1.50,1.50
2013.10.11 18:04:38.957,1.13718,1.1375,1.50,1.50
2013.10.11 18:04:43.828,1.13718,1.1375,1.50,1.50
2013.10.11 18:04:44.651,1.13718,1.1375,1.50,1.88
2013.10.11 18:04:49.383,1.13718,1.1375,1.50,1.88
2013.10.11 18:04:50.135,1.13718,1.1375,1.50,1.88
2013.10.11 18:04:52.296,1.13718,1.1375,1.50,1.88
2013.10.11 18:04:54.326,1.13719,1.1375,1.50,1.88
2013.10.11 18:04:56.946,1.13719,1.1375,1.50,1.88
2013.10.11 18:04:57.497,1.13713,1.13748,1.50,1.88
2013.10.11 18:04:57.558,1.13714,1.13746,1.50,1.88
2013.10.11 18:04:58.110,1.13714,1.13742,1.50,1.13
2013.10.11 18:04:59.306,1.13713,1.13742,1.50,1.13
2013.10.11 18:05:00.176,1.13713,1.13742,1.50,1.13
2013.10.11 18:05:00.735,1.13713,1.13742,1.50,1.13
2013.10.11 18:05:01.407,1.13714,1.13742,1.50,1.13
2013.10.11 18:05:02.608,1.13714,1.13742,1.50,1.13
2013.10.11 18:05:08.396,1.13707,1.13742,2.25,1.13
2013.10.11 18:05:15.950,1.13707,1.13741,2.25,1.88
2013.10.11 18:05:18.091,1.13707,1.13738,2.25,2.25
2013.10.11 18:05:18.397,1.13707,1.13728,2.25,1.50
2013.10.11 18:05:18.517,1.13707,1.13729,2.25,1.50
2013.10.11 18:05:19.987,1.13707,1.13729,2.25,1.50
2013.10.11 18:05:20.166,1.13707,1.13735,3.00,1.50
2013.10.11 18:05:20.346,1.13707,1.13738,3.00,1.50
2013.10.11 18:05:26.006,1.13707,1.13738,3.00,1.50
2013.10.11 18:05:32.228,1.13707,1.13738,2.25,3.00
2013.10.11 18:05:32.766,1.13707,1.13736,2.25,1.50
2013.10.11 18:05:33.598,1.13707,1.13736,2.25,1.50
2013.10.11 18:05:52.327,1.13707,1.13736,2.25,1.50
2013.10.11 18:06:02.117,1.13707,1.13736,1.50,1.50
2013.10.11 18:06:04.271,1.13707,1.13736,2.25,1.50
2013.10.11 18:06:04.337,1.13708,1.13737,1.50,1.50
2013.10.11 18:06:04.577,1.13708,1.13738,1.50,1.50
2013.10.11 18:06:05.316,1.13708,1.13738,1.50,1.50
2013.10.11 18:06:05.697,1.13709,1.13738,1.50,1.13
2013.10.11 18:06:06.727,1.13711,1.13738,1.50,1.13
2013.10.11 18:06:07.284,1.13711,1.13742,1.50,1.50
2013.10.11 18:06:07.846,1.13711,1.13742,1.50,1.50
2013.10.11 18:06:09.847,1.13711,1.13742,1.50,1.50
2013.10.11 18:06:10.384,1.13711,1.13742,1.50,1.50
2013.10.11 18:06:12.796,1.13711,1.13742,1.50,1.50
2013.10.11 18:06:14.206,1.13711,1.13742,1.50,1.50
2013.10.11 18:06:20.980,1.13711,1.13742,1.50,1.50
2013.10.11 18:06:23.381,1.13711,1.13742,1.50,1.50
2013.10.11 18:06:24.227,1.13711,1.13742,1.50,1.50
2013.10.11 18:06:25.917,1.13711,1.13742,1.50,1.50
2013.10.11 18:06:28.539,1.13711,1.13742,1.50,1.50
2013.10.11 18:06:28.657,1.13711,1.13744,1.50,1.50
2013.10.11 18:06:29.403,1.13711,1.13744,1.50,1.50
2013.10.11 18:06:29.948,1.13711,1.13744,1.50,1.50
2013.10.11 18:06:30.581,1.13711,1.13748,1.50,1.88
2013.10.11 18:06:35.538,1.13711,1.13748,1.50,1.88
2013.10.11 18:06:36.237,1.13711,1.13748,1.50,1.88
2013.10.11 18:06:38.277,1.13711,1.13743,1.50,1.50
2013.10.11 18:06:41.757,1.13711,1.13744,1.50,1.50
2013.10.11 18:06:45.179,1.13711,1.13744,1.50,1.50
2013.10.11 18:06:46.199,1.13711,1.13745,1.50,1.50
2013.10.11 18:06:46.747,1.13711,1.13745,1.50,1.50
2013.10.11 18:06:48.286,1.13711,1.13745,1.50,1.50
2013.10.11 18:06:50.960,1.13711,1.13745,1.50,1.50
2013.10.11 18:06:52.060,1.1371,1.13745,1.50,1.50
2013.10.11 18:07:03.413,1.13711,1.13747,1.50,2.25
2013.10.11 18:07:05.860,1.13709,1.13747,1.50,1.50
2013.10.11 18:07:12.117,1.13708,1.13747,2.25,1.50
2013.10.11 18:07:12.671,1.13708,1.13747,2.25,1.50
2013.10.11 18:07:13.866,1.13708,1.13747,2.25,1.50
2013.10.11 18:07:14.376,1.13709,1.13747,1.50,1.50
2013.10.11 18:07:14.886,1.13709,1.13747,1.50,1.50
2013.10.11 18:07:16.426,1.13709,1.13747,2.25,1.50
2013.10.11 18:07:18.356,1.13709,1.13747,2.25,1.50
2013.10.11 18:07:20.157,1.13709,1.13747,1.50,1.50
2013.10.11 18:07:21.857,1.13709,1.13747,1.50,1.50
2013.10.11 18:07:23.989,1.13709,1.13746,2.25,1.13
2013.10.11 18:07:24.346,1.13708,1.13739,2.25,2.25
2013.10.11 18:07:24.648,1.13708,1.13739,2.25,1.50
2013.10.11 18:07:25.163,1.13709,1.13736,1.50,1.50
2013.10.11 18:07:25.487,1.13709,1.13736,2.25,1.50
2013.10.11 18:07:26.027,1.1371,1.13739,1.50,2.25
2013.10.11 18:07:28.717,1.13708,1.13739,2.25,2.25
2013.10.11 18:07:31.219,1.13709,1.13739,2.25,2.25
2013.10.11 18:07:32.367,1.13708,1.13739,2.25,2.25
2013.10.11 18:07:33.550,1.13708,1.13739,2.25,2.25
2013.10.11 18:07:34.188,1.1371,1.13739,1.50,2.25
2013.10.11 18:07:34.408,1.13709,1.13739,1.50,2.25
2013.10.11 18:07:37.977,1.13709,1.13737,1.50,2.25
2013.10.11 18:07:38.677,1.13708,1.13737,2.25,2.25
2013.10.11 18:07:39.297,1.13709,1.13737,1.50,1.50
2013.10.11 18:07:39.357,1.1371,1.1374,1.50,2.25
2013.10.11 18:07:40.158,1.13709,1.1374,1.50,2.25
2013.10.11 18:07:40.687,1.13708,1.1374,2.25,2.25
2013.10.11 18:07:41.435,1.13708,1.13737,2.25,1.50
2013.10.11 18:07:42.047,1.13708,1.13737,2.25,1.50
2013.10.11 18:07:43.147,1.13709,1.13737,1.50,1.50
2013.10.11 18:07:45.536,1.13708,1.13737,2.25,1.50
2013.10.11 18:07:47.397,1.13708,1.13737,2.25,1.50
2013.10.11 18:07:47.962,1.13708,1.13737,1.50,2.25
2013.10.11 18:07:48.643,1.13709,1.13737,1.50,2.25
2013.10.11 18:07:54.135,1.13708,1.13737,1.50,2.25
2013.10.11 18:07:54.498,1.13707,1.13736,1.50,1.50
2013.10.11 18:07:54.617,1.13707,1.13735,1.50,1.50
2013.10.11 18:07:55.392,1.13707,1.13733,1.50,1.50
2013.10.11 18:08:00.376,1.13707,1.13736,1.50,1.50
2013.10.11 18:08:05.638,1.13707,1.13736,2.25,1.50
2013.10.11 18:08:09.600,1.13707,1.13736,2.25,1.50
2013.10.11 18:08:11.467,1.13707,1.13733,2.25,1.50
2013.10.11 18:08:11.707,1.13707,1.13736,2.25,1.50
2013.10.11 18:08:13.212,1.13707,1.13736,2.25,1.50
2013.10.11 18:08:14.079,1.13707,1.13737,1.50,2.25
2013.10.11 18:08:14.907,1.13707,1.13737,1.50,1.50
2013.10.11 18:08:24.613,1.13707,1.13737,1.50,1.50
2013.10.11 18:08:26.407,1.13707,1.13735,1.50,1.50
2013.10.11 18:08:26.767,1.13707,1.13731,1.50,1.50
2013.10.11 18:08:34.318,1.13707,1.13731,1.50,2.25
2013.10.11 18:08:34.620,1.13707,1.1373,1.50,1.50
2013.10.11 18:08:35.618,1.13707,1.13727,1.50,2.25
2013.10.11 18:08:36.768,1.13707,1.13727,1.50,2.25
2013.10.11 18:08:37.645,1.13706,1.13727,1.50,2.25
2013.10.11 18:08:38.194,1.13705,1.13728,3.00,1.50
2013.10.11 18:08:38.748,1.13709,1.13729,1.50,1.50
2013.10.11 18:08:39.119,1.13712,1.13728,1.50,1.50
2013.10.11 18:08:39.359,1.1372,1.13741,2.25,1.88
2013.10.11 18:08:39.420,1.13721,1.13741,1.50,1.13
2013.10.11 18:08:39.481,1.13721,1.13743,1.88,2.25
2013.10.11 18:08:39.599,1.13725,1.13753,1.50,1.50
2013.10.11 18:08:39.660,1.13725,1.13754,1.50,1.50
2013.10.11 18:08:39.719,1.13725,1.13757,1.50,1.50
2013.10.11 18:08:39.841,1.13721,1.13756,2.07,1.50
2013.10.11 18:08:40.078,1.13721,1.13756,2.07,2.25
2013.10.11 18:08:40.318,1.13717,1.13751,1.50,1.50
2013.10.11 18:08:40.378,1.13715,1.1375,1.50,1.50
2013.10.11 18:08:45.312,1.13714,1.1375,1.69,2.25
2013.10.11 18:08:46.248,1.13714,1.1375,3.94,2.25
2013.10.11 18:08:52.788,1.13714,1.13751,2.25,1.50
2013.10.11 18:08:55.008,1.13714,1.13751,2.25,1.50
2013.10.11 18:08:56.218,1.13714,1.13751,3.75,1.50
2013.10.11 18:08:58.715,1.13714,1.13751,3.75,1.50
2013.10.11 18:09:01.046,1.13714,1.13751,2.25,1.50
2013.10.11 18:09:02.738,1.13714,1.13751,2.25,1.50
2013.10.11 18:09:04.173,1.13714,1.13751,2.25,1.50
2013.10.11 18:09:06.500,1.13714,1.13751,2.25,1.50
2013.10.11 18:09:08.738,1.13714,1.13752,3.00,1.50
2013.10.11 18:09:09.840,1.13714,1.13752,3.00,2.25
2013.10.11 18:09:10.348,1.13714,1.13752,3.00,1.50
2013.10.11 18:09:10.892,1.13716,1.13751,1.50,1.50
2013.10.11 18:09:11.739,1.13716,1.13752,1.50,1.50
2013.10.11 18:09:12.289,1.13716,1.13752,1.50,2.25
2013.10.11 18:09:14.168,1.13716,1.13752,1.50,1.50
2013.10.11 18:09:15.439,1.13716,1.13752,1.50,2.25
2013.10.11 18:09:26.938,1.13716,1.13751,1.50,1.50
2013.10.11 18:09:27.475,1.13716,1.13751,1.50,1.50
2013.10.11 18:09:33.180,1.13716,1.13751,1.50,1.50
2013.10.11 18:09:33.689,1.13716,1.13751,1.50,1.50
2013.10.11 18:09:34.813,1.13716,1.13751,1.50,2.25
2013.10.11 18:09:36.368,1.13716,1.13751,1.50,2.25
2013.10.11 18:09:40.450,1.13716,1.13751,1.50,1.50
2013.10.11 18:09:41.418,1.13722,1.13752,1.50,1.50
2013.10.11 18:09:41.778,1.13727,1.13754,1.50,1.50
2013.10.11 18:09:42.319,1.13727,1.13754,1.50,1.50
2013.10.11 18:09:43.508,1.13726,1.13753,1.50,1.50
2013.10.11 18:09:43.568,1.13716,1.13753,1.50,1.50
2013.10.11 18:09:44.133,1.13717,1.13752,1.50,1.50
2013.10.11 18:09:55.990,1.13717,1.13751,1.50,2.25
2013.10.11 18:09:56.309,1.13716,1.13747,1.50,1.50
2013.10.11 18:09:57.959,1.13717,1.13746,1.50,1.50
2013.10.11 18:09:59.864,1.13716,1.13747,1.50,2.25
2013.10.11 18:10:01.131,1.13716,1.13747,1.50,2.25
2013.10.11 18:10:02.709,1.13716,1.13746,1.50,1.50
2013.10.11 18:10:03.333,1.13716,1.13746,1.50,1.50
2013.10.11 18:10:03.884,1.13716,1.13747,1.50,2.25
2013.10.11 18:10:04.600,1.13716,1.13746,1.50,1.50
2013.10.11 18:10:05.151,1.13716,1.13747,1.50,2.25
2013.10.11 18:10:05.269,1.13716,1.13747,1.50,1.50
2013.10.11 18:10:05.779,1.13716,1.13751,2.25,2.25
2013.10.11 18:10:06.328,1.13716,1.13752,2.25,2.25
2013.10.11 18:10:08.859,1.13716,1.13753,1.50,1.50
2013.10.11 18:10:10.219,1.13716,1.13753,1.50,1.50
2013.10.11 18:10:12.559,1.13716,1.13753,1.50,1.50
2013.10.11 18:10:12.679,1.13717,1.13753,1.50,1.50
2013.10.11 18:10:18.499,1.1372,1.13751,1.50,1.50
2013.10.11 18:10:18.680,1.1372,1.13757,1.50,1.50
2013.10.11 18:10:19.040,1.1372,1.13752,2.25,1.50
2013.10.11 18:10:19.218,1.1372,1.13752,1.50,1.50
2013.10.11 18:10:19.982,1.13715,1.13752,1.50,1.50
2013.10.11 18:10:24.389,1.1372,1.13757,1.50,1.50
2013.10.11 18:10:24.512,1.13719,1.13758,1.13,2.25
2013.10.11 18:10:24.571,1.13721,1.13758,1.50,2.25
2013.10.11 18:10:24.930,1.13723,1.13756,1.50,3.00
2013.10.11 18:10:25.171,1.13719,1.13756,2.25,3.00
2013.10.11 18:10:25.290,1.13718,1.13756,2.25,1.50
2013.10.11 18:10:26.289,1.13718,1.13756,2.25,1.50
2013.10.11 18:10:26.969,1.13719,1.13756,1.50,3.00
2013.10.11 18:10:30.018,1.13718,1.13754,2.25,1.50
2013.10.11 18:10:30.259,1.13714,1.13752,1.50,3.00
2013.10.11 18:10:30.934,1.13714,1.13747,1.50,1.50
2013.10.11 18:10:31.610,1.13714,1.13747,1.50,1.50
2013.10.11 18:10:34.099,1.13715,1.13749,1.50,1.50
2013.10.11 18:10:34.409,1.13718,1.13749,1.50,1.50
2013.10.11 18:10:35.468,1.13718,1.13749,1.50,1.50
2013.10.11 18:10:35.990,1.13718,1.13749,1.50,1.50
2013.10.11 18:10:36.715,1.13718,1.13749,1.50,1.50
2013.10.11 18:10:37.392,1.13718,1.13749,1.50,1.50
2013.10.11 18:10:40.749,1.13719,1.13749,1.50,1.50
2013.10.11 18:10:43.929,1.13717,1.13748,1.50,1.50
2013.10.11 18:10:44.049,1.13716,1.13748,1.50,1.50
2013.10.11 18:10:44.591,1.13716,1.13747,1.50,1.50
2013.10.11 18:10:44.770,1.13714,1.13747,1.69,1.50
2013.10.11 18:10:44.950,1.13716,1.13747,1.50,1.50
2013.10.11 18:10:48.643,1.13714,1.13747,2.25,1.50
2013.10.11 18:10:48.953,1.1371,1.13741,1.50,2.25
2013.10.11 18:10:49.632,1.13711,1.13745,1.50,1.88
2013.10.11 18:10:52.200,1.13711,1.13745,1.50,1.50
2013.10.11 18:10:56.359,1.13711,1.13745,1.50,1.88
2013.10.11 18:10:58.199,1.13714,1.13742,1.50,1.50
2013.10.11 18:10:59.619,1.13713,1.13742,1.50,1.50
2013.10.11 18:11:01.579,1.13713,1.13742,1.50,1.50
2013.10.11 18:11:02.718,1.13714,1.13742,1.50,1.50
2013.10.11 18:11:08.309,1.13713,1.13742,1.50,1.50
2013.10.11 18:11:09.319,1.13714,1.13742,1.50,1.50
2013.10.11 18:11:09.980,1.13713,1.13741,1.50,1.50
2013.10.11 18:11:10.652,1.13714,1.13741,1.50,1.50
2013.10.11 18:11:11.939,1.13714,1.13741,1.50,1.50
2013.10.11 18:11:14.168,1.13713,1.13741,1.50,1.50
2013.10.11 18:11:17.640,1.13713,1.13741,1.50,1.50
2013.10.11 18:11:18.254,1.13713,1.13741,1.50,1.50
2013.10.11 18:11:23.458,1.13714,1.13741,1.50,1.50
2013.10.11 18:11:24.288,1.13714,1.13741,1.50,1.50
2013.10.11 18:11:28.518,1.13713,1.13741,1.50,1.50
2013.10.11 18:11:30.231,1.13714,1.13741,1.50,1.50
2013.10.11 18:11:30.767,1.13714,1.13741,1.50,2.25
2013.10.11 18:11:32.409,1.13714,1.13741,1.50,2.25
2013.10.11 18:11:33.319,1.13714,1.13741,1.50,2.25
2013.10.11 18:11:35.349,1.13714,1.13741,1.50,2.25
2013.10.11 18:11:35.470,1.1371,1.1374,1.50,1.50
2013.10.11 18:11:35.651,1.1371,1.13742,1.50,2.25
2013.10.11 18:11:35.889,1.13715,1.13742,1.50,2.25
2013.10.11 18:11:36.129,1.13718,1.13745,1.50,1.50
2013.10.11 18:11:36.250,1.13717,1.13745,1.50,1.50
2013.10.11 18:11:36.789,1.13714,1.13748,1.50,2.25
2013.10.11 18:11:37.421,1.13713,1.13746,2.25,1.50
2013.10.11 18:11:37.900,1.13714,1.13746,1.50,1.13
2013.10.11 18:11:38.260,1.13714,1.13743,1.50,1.50
2013.10.11 18:11:46.299,1.13713,1.13741,1.50,1.50
2013.10.11 18:11:48.165,1.13713,1.13741,1.50,1.50
2013.10.11 18:11:58.488,1.13713,1.13742,1.50,1.50
2013.10.11 18:11:59.307,1.13713,1.13742,1.50,1.50
2013.10.11 18:12:04.186,1.13713,1.13742,1.50,1.50
2013.10.11 18:12:05.259,1.13713,1.13742,1.50,1.50
2013.10.11 18:12:06.180,1.13713,1.13742,1.50,1.50
2013.10.11 18:12:06.999,1.13713,1.13742,1.50,1.50
2013.10.11 18:12:11.660,1.13713,1.13742,1.50,1.50
2013.10.11 18:12:12.255,1.13713,1.13744,1.50,1.50
2013.10.11 18:12:12.799,1.13713,1.13745,1.50,2.25
2013.10.11 18:12:13.344,1.13714,1.13745,1.50,2.25
2013.10.11 18:12:13.859,1.13713,1.13745,1.50,2.25
2013.10.11 18:12:14.581,1.13713,1.13745,1.50,2.25
2013.10.11 18:12:20.479,1.13713,1.13743,1.50,3.00
2013.10.11 18:12:20.938,1.13713,1.1374,1.50,1.50
2013.10.11 18:12:21.859,1.1371,1.1374,1.50,1.50
2013.10.11 18:12:21.981,1.1371,1.13743,1.50,3.75
2013.10.11 18:12:25.699,1.13713,1.13743,1.50,2.25
2013.10.11 18:12:26.285,1.13713,1.13743,1.50,2.25
2013.10.11 18:12:28.119,1.13713,1.13743,1.50,2.25
2013.10.11 18:12:29.209,1.13713,1.13743,1.50,3.00
2013.10.11 18:12:31.660,1.13713,1.13743,1.50,3.00
2013.10.11 18:12:37.929,1.1371,1.13743,1.50,2.25
2013.10.11 18:12:38.665,1.13708,1.13743,1.50,2.25
2013.10.11 18:12:40.848,1.13708,1.13743,1.50,2.25
2013.10.11 18:12:41.968,1.13709,1.13743,1.50,2.25
2013.10.11 18:12:42.459,1.13708,1.13741,1.50,1.50
2013.10.11 18:12:44.589,1.13708,1.1374,1.50,1.50
2013.10.11 18:12:45.320,1.13709,1.13741,1.50,1.50
2013.10.11 18:12:46.939,1.13708,1.13741,1.50,1.50
2013.10.11 18:12:47.547,1.13708,1.13741,1.50,1.50
2013.10.11 18:12:50.158,1.13708,1.13741,1.50,1.50
2013.10.11 18:12:50.771,1.13708,1.13741,1.50,1.50
2013.10.11 18:12:52.949,1.13713,1.13741,1.50,1.50
2013.10.11 18:12:54.256,1.13713,1.13741,1.50,1.50
2013.10.11 18:12:54.910,1.13713,1.13741,1.50,1.50
2013.10.11 18:12:55.463,1.13713,1.13741,1.50,1.50
2013.10.11 18:13:02.529,1.13713,1.13741,1.50,1.50
2013.10.11 18:13:02.989,1.13713,1.13745,1.50,1.50
2013.10.11 18:13:03.048,1.13713,1.13745,1.50,1.50
2013.10.11 18:13:03.852,1.13713,1.13743,1.50,1.50
2013.10.11 18:13:08.841,1.13713,1.13743,1.50,1.50
2013.10.11 18:13:09.628,1.13713,1.13743,1.50,1.50
2013.10.11 18:13:10.279,1.13713,1.13743,1.50,1.50
2013.10.11 18:13:13.810,1.13713,1.13743,1.50,1.50
2013.10.11 18:13:15.662,1.13713,1.13743,1.50,1.50
2013.10.11 18:13:16.189,1.13713,1.13743,1.50,1.50
2013.10.11 18:13:23.439,1.13713,1.13743,1.50,2.25
2013.10.11 18:13:29.409,1.13714,1.13741,1.50,1.50
2013.10.11 18:13:29.677,1.13714,1.13742,1.50,1.50
2013.10.11 18:13:31.159,1.13709,1.13741,1.50,1.50
2013.10.11 18:13:31.219,1.13709,1.13741,1.50,1.50
2013.10.11 18:13:31.519,1.13709,1.13743,1.50,3.75
2013.10.11 18:13:31.759,1.13708,1.13739,1.50,1.50
2013.10.11 18:13:31.879,1.13707,1.13739,2.25,1.50
2013.10.11 18:13:31.999,1.13709,1.13739,1.50,1.50
2013.10.11 18:13:32.119,1.13709,1.13742,1.50,1.50
2013.10.11 18:13:33.199,1.13709,1.13741,1.50,1.50
2013.10.11 18:13:41.691,1.13709,1.13741,1.50,1.50
2013.10.11 18:13:41.879,1.13708,1.13743,2.25,1.50
2013.10.11 18:13:41.938,1.13708,1.13746,2.25,3.00
2013.10.11 18:13:42.158,1.13708,1.13746,2.25,2.25
2013.10.11 18:13:42.218,1.13708,1.13746,2.25,3.00
2013.10.11 18:13:45.241,1.13708,1.13742,2.25,1.50
2013.10.11 18:13:46.196,1.13708,1.13742,2.25,1.50
2013.10.11 18:13:46.738,1.13708,1.13742,2.25,1.50
2013.10.11 18:13:47.049,1.13708,1.13742,3.00,1.50
2013.10.11 18:13:47.230,1.13713,1.13749,1.50,1.88
2013.10.11 18:13:47.790,1.13714,1.13749,1.50,1.88
2013.10.11 18:13:48.552,1.13713,1.13747,1.50,1.50
2013.10.11 18:13:49.860,1.13715,1.13747,1.50,1.50
2013.10.11 18:13:51.056,1.13716,1.13748,1.50,1.13
2013.10.11 18:13:51.980,1.13716,1.13749,1.50,1.88
2013.10.11 18:13:53.302,1.13716,1.13749,1.50,1.88
2013.10.11 18:13:53.439,1.13719,1.13749,1.50,1.50
2013.10.11 18:13:53.559,1.13722,1.13753,1.50,3.00
2013.10.11 18:13:53.679,1.13722,1.13756,2.44,1.50
2013.10.11 18:13:53.799,1.13723,1.13761,2.44,1.50
2013.10.11 18:13:53.919,1.13724,1.13763,3.94,1.13
2013.10.11 18:13:55.119,1.13725,1.13762,1.50,1.13
2013.10.11 18:14:07.899,1.13724,1.13757,2.25,3.00
2013.10.11 18:14:08.079,1.13717,1.13754,1.50,1.50
2013.10.11 18:14:08.319,1.13718,1.13752,1.50,1.50
2013.10.11 18:14:08.499,1.13714,1.13753,2.25,1.50
2013.10.11 18:14:08.558,1.13714,1.13753,1.50,1.50
2013.10.11 18:14:09.099,1.13714,1.13748,1.50,1.50
2013.10.11 18:14:09.402,1.13715,1.13748,1.50,2.25
2013.10.11 18:14:13.149,1.13715,1.13748,1.50,3.00
2013.10.11 18:14:13.329,1.13708,1.13744,3.00,1.50
2013.10.11 18:14:13.389,1.13711,1.13744,1.50,2.25
2013.10.11 18:14:13.976,1.13711,1.13743,1.50,2.25
2013.10.11 18:14:14.549,1.13708,1.13743,1.50,2.25
2013.10.11 18:14:14.609,1.13708,1.13742,1.50,1.50
2013.10.11 18:14:15.322,1.13711,1.1374,1.50,1.50
2013.10.11 18:14:15.991,1.13711,1.1374,1.50,1.50
2013.10.11 18:14:16.502,1.13711,1.1374,1.50,1.50
2013.10.11 18:14:17.171,1.13711,1.1374,1.50,1.50
2013.10.11 18:14:17.811,1.13711,1.1374,1.50,1.50
2013.10.11 18:14:18.520,1.13711,1.1374,1.50,1.50
2013.10.11 18:14:19.193,1.13711,1.1374,1.50,1.50
2013.10.11 18:14:20.912,1.13711,1.1374,1.50,1.50
2013.10.11 18:14:22.770,1.13711,1.1374,1.50,1.50
2013.10.11 18:14:25.380,1.13711,1.1374,1.50,1.50
2013.10.11 18:14:26.145,1.13711,1.1374,1.50,1.50
2013.10.11 18:14:26.867,1.13711,1.13739,1.50,1.50
2013.10.11 18:14:30.281,1.13711,1.1374,1.50,1.50
2013.10.11 18:14:30.891,1.13711,1.13739,1.50,1.50
2013.10.11 18:14:33.488,1.13711,1.13739,1.50,1.50
2013.10.11 18:14:34.194,1.13711,1.13739,1.50,1.50
2013.10.11 18:14:35.409,1.13711,1.13739,1.50,1.50
2013.10.11 18:14:38.681,1.13711,1.1374,1.50,1.50
2013.10.11 18:14:41.122,1.13711,1.1374,1.50,1.50
2013.10.11 18:14:41.949,1.13711,1.1374,1.50,1.50
2013.10.11 18:14:42.129,1.13711,1.13743,1.50,1.50
2013.10.11 18:14:42.770,1.13711,1.13743,1.50,1.50
2013.10.11 18:14:43.380,1.13711,1.13743,1.50,1.50
2013.10.11 18:14:46.140,1.13711,1.13743,1.50,1.50
2013.10.11 18:14:46.970,1.13711,1.13743,1.50,1.50
2013.10.11 18:14:50.530,1.13711,1.13743,1.50,1.50
2013.10.11 18:14:51.064,1.13711,1.13743,1.50,1.50
2013.10.11 18:14:56.111,1.13711,1.13743,1.50,1.50
2013.10.11 18:14:56.969,1.13711,1.13743,1.50,1.50
2013.10.11 18:14:58.239,1.13711,1.13743,1.50,1.50
2013.10.11 18:14:59.453,1.13711,1.13743,1.50,1.50
2013.10.11 18:15:00.289,1.13711,1.13743,1.50,1.50
2013.10.11 18:15:01.215,1.13711,1.13743,1.50,1.50
2013.10.11 18:15:01.339,1.13711,1.13742,1.50,2.25
2013.10.11 18:15:01.674,1.13711,1.1374,1.50,1.50
2013.10.11 18:15:02.387,1.13711,1.1374,1.50,1.50
2013.10.11 18:15:02.889,1.13711,1.1374,1.50,1.50
2013.10.11 18:15:07.809,1.13711,1.13739,1.50,1.50
2013.10.11 18:15:08.229,1.13711,1.1374,1.50,1.50
2013.10.11 18:15:08.290,1.13711,1.1374,1.50,1.50
2013.10.11 18:15:08.650,1.13711,1.13735,1.50,1.50
2013.10.11 18:15:09.190,1.13709,1.13735,1.50,2.25
2013.10.11 18:15:09.369,1.13709,1.13739,1.50,1.50
2013.10.11 18:15:09.549,1.13709,1.13742,2.25,1.50
2013.10.11 18:15:10.303,1.13709,1.13741,1.50,1.50
2013.10.11 18:15:10.549,1.13709,1.13735,2.25,1.50
2013.10.11 18:15:11.688,1.13709,1.13735,2.25,1.50
2013.10.11 18:15:12.384,1.13709,1.13735,2.25,1.50
2013.10.11 18:15:12.960,1.13709,1.13735,1.50,1.50
2013.10.11 18:15:13.469,1.13709,1.13735,2.25,1.50
2013.10.11 18:15:14.158,1.13709,1.13735,2.25,1.50
2013.10.11 18:15:14.759,1.13709,1.13735,1.50,1.50
2013.10.11 18:15:15.389,1.13709,1.13735,2.25,1.50
2013.10.11 18:15:18.773,1.13709,1.13733,1.50,1.50
2013.10.11 18:15:27.009,1.13709,1.13733,1.50,1.50
2013.10.11 18:15:28.840,1.13709,1.13733,2.25,1.50
2013.10.11 18:15:33.206,1.13709,1.13733,2.25,1.50
2013.10.11 18:15:33.739,1.13709,1.13733,1.50,1.50
2013.10.11 18:15:34.280,1.13709,1.13733,2.25,1.50
2013.10.11 18:15:34.802,1.13709,1.13733,1.50,1.50
2013.10.11 18:15:35.459,1.13709,1.13734,1.50,1.50
2013.10.11 18:15:36.225,1.13709,1.13734,1.50,1.50
2013.10.11 18:15:39.378,1.13709,1.13734,2.25,1.50
2013.10.11 18:15:39.827,1.13709,1.13734,2.25,2.25
2013.10.11 18:15:39.950,1.13709,1.13734,1.50,2.25
2013.10.11 18:15:40.770,1.13709,1.13734,1.50,2.25
2013.10.11 18:15:41.123,1.13708,1.13732,1.50,1.50
2013.10.11 18:15:41.960,1.13708,1.13731,1.50,1.50
2013.10.11 18:15:42.019,1.13708,1.13731,1.50,2.25
2013.10.11 18:15:42.750,1.13709,1.13729,1.50,1.50
2013.10.11 18:15:43.340,1.13709,1.13726,1.50,1.50
2013.10.11 18:15:44.239,1.13707,1.13726,1.50,1.50
2013.10.11 18:15:48.349,1.13707,1.13726,1.50,1.50
2013.10.11 18:15:53.460,1.13713,1.13726,1.50,1.50
2013.10.11 18:15:53.761,1.13716,1.13731,1.50,1.50
2013.10.11 18:15:53.821,1.13716,1.13736,1.50,1.50
2013.10.11 18:15:54.000,1.13714,1.13736,1.50,1.50
2013.10.11 18:15:54.061,1.13713,1.13736,1.50,1.50
2013.10.11 18:15:54.122,1.13713,1.13736,1.50,1.50
2013.10.11 18:15:54.669,1.13713,1.13737,1.50,1.50
2013.10.11 18:15:55.669,1.13714,1.13734,1.50,1.50
2013.10.11 18:15:56.512,1.13713,1.13731,1.50,1.50
2013.10.11 18:15:58.307,1.13713,1.13731,1.50,1.50
2013.10.11 18:15:58.871,1.13713,1.13731,1.50,1.50
2013.10.11 18:15:59.779,1.13713,1.13731,1.50,1.50
2013.10.11 18:16:00.531,1.13713,1.13734,1.50,2.25
2013.10.11 18:16:02.499,1.13713,1.13734,1.50,2.25
2013.10.11 18:16:03.911,1.13708,1.13734,3.00,2.25
2013.10.11 18:16:04.213,1.13708,1.13734,3.00,2.25
2013.10.11 18:16:05.088,1.13709,1.13734,1.50,2.25
2013.10.11 18:16:06.039,1.13708,1.13734,3.00,1.50
2013.10.11 18:16:08.321,1.13708,1.13734,3.00,1.50
2013.10.11 18:16:10.179,1.13709,1.13734,1.50,1.50
2013.10.11 18:16:12.719,1.13708,1.13734,1.50,2.25
2013.10.11 18:16:12.840,1.13708,1.13731,1.50,1.50
2013.10.11 18:16:13.271,1.13707,1.13728,3.00,1.50
2013.10.11 18:16:20.790,1.13707,1.13732,2.25,1.50
2013.10.11 18:16:29.073,1.13707,1.13731,1.50,1.50
2013.10.11 18:16:29.199,1.13707,1.13729,1.50,1.50
2013.10.11 18:16:30.531,1.13707,1.13729,2.25,1.50
2013.10.11 18:16:40.450,1.13707,1.1373,1.50,1.50
2013.10.11 18:16:41.139,1.13706,1.13729,1.50,1.50
2013.10.11 18:16:44.895,1.13706,1.13734,1.50,4.13
2013.10.11 18:16:45.322,1.13707,1.13741,1.50,3.75
2013.10.11 18:16:45.690,1.13709,1.13738,1.50,1.50
2013.10.11 18:16:46.170,1.13709,1.13736,1.50,2.25
2013.10.11 18:16:46.806,1.13709,1.13734,1.50,1.50
2013.10.11 18:16:49.070,1.13708,1.13734,2.25,1.50
2013.10.11 18:16:49.881,1.13708,1.13734,2.25,1.50
2013.10.11 18:16:50.609,1.13709,1.13736,1.50,1.50
2013.10.11 18:16:50.669,1.13709,1.13737,1.50,1.50
2013.10.11 18:16:53.379,1.13708,1.13738,3.00,2.25
2013.10.11 18:16:56.949,1.13709,1.13738,1.50,2.25
2013.10.11 18:16:57.512,1.13709,1.13738,1.50,1.50
2013.10.11 18:16:59.373,1.13709,1.13738,1.50,2.25
2013.10.11 18:16:59.987,1.13708,1.13738,3.00,1.50
2013.10.11 18:17:00.525,1.13709,1.13738,1.50,2.25
2013.10.11 18:17:03.241,1.13708,1.13738,3.00,1.50
2013.10.11 18:17:06.617,1.13708,1.13738,3.00,2.25
2013.10.11 18:17:07.132,1.13709,1.13738,1.50,1.50
2013.10.11 18:17:09.292,1.13709,1.13738,1.50,2.25
2013.10.11 18:17:10.014,1.13709,1.13738,1.50,1.50
2013.10.11 18:17:18.159,1.13708,1.13739,2.25,2.25
2013.10.11 18:17:19.260,1.13709,1.13739,1.50,2.25
2013.10.11 18:17:19.763,1.13708,1.13739,3.00,2.25
2013.10.11 18:17:20.470,1.13709,1.13739,1.50,2.25
2013.10.11 18:17:28.161,1.13709,1.13738,1.50,1.50
2013.10.11 18:17:28.864,1.13708,1.13738,3.00,1.50
2013.10.11 18:17:29.527,1.13708,1.13739,3.00,2.25
2013.10.11 18:17:30.171,1.13708,1.13738,3.00,1.50
2013.10.11 18:17:30.695,1.13708,1.13739,3.00,2.25
2013.10.11 18:17:31.258,1.13709,1.13738,1.50,1.50
2013.10.11 18:17:33.250,1.13708,1.13738,3.00,1.50
2013.10.11 18:17:33.763,1.13708,1.13739,3.00,2.25
2013.10.11 18:17:40.255,1.13709,1.13739,1.50,2.25
2013.10.11 18:17:40.828,1.13709,1.13738,1.50,1.50
2013.10.11 18:17:44.106,1.13709,1.13739,1.50,2.25
2013.10.11 18:17:44.885,1.13708,1.13739,3.00,2.25
2013.10.11 18:17:45.547,1.13708,1.13738,2.25,1.50
2013.10.11 18:17:46.419,1.13708,1.13739,2.25,2.25
2013.10.11 18:17:47.194,1.13709,1.13738,1.50,2.25
2013.10.11 18:17:48.259,1.13709,1.13738,1.50,2.25
2013.10.11 18:17:48.899,1.13709,1.13738,1.50,3.00
2013.10.11 18:17:49.504,1.13708,1.13738,2.25,3.00
2013.10.11 18:17:50.167,1.13709,1.13738,1.50,3.00
2013.10.11 18:17:50.824,1.13708,1.13738,2.25,3.00
2013.10.11 18:17:51.827,1.13708,1.13738,2.25,1.50
2013.10.11 18:17:52.484,1.13709,1.13738,1.50,1.50
2013.10.11 18:17:53.383,1.13708,1.13738,2.25,1.50
2013.10.11 18:17:54.011,1.13709,1.13738,1.50,2.25
2013.10.11 18:17:54.814,1.13709,1.13738,1.50,1.50
2013.10.11 18:18:00.391,1.13708,1.13738,2.25,1.50
2013.10.11 18:18:03.219,1.13708,1.13738,2.25,2.25
2013.10.11 18:18:04.181,1.13709,1.13738,1.50,2.25
2013.10.11 18:18:04.964,1.13709,1.13739,1.50,1.50
2013.10.11 18:18:07.110,1.13708,1.13739,2.25,1.50
2013.10.11 18:18:10.330,1.13709,1.13739,1.50,1.50
2013.10.11 18:18:13.497,1.13709,1.13738,1.50,1.50
2013.10.11 18:18:14.159,1.13708,1.13738,1.50,1.50
2013.10.11 18:18:17.599,1.13708,1.13739,2.25,1.50
2013.10.11 18:18:19.219,1.13709,1.13739,1.50,1.50
2013.10.11 18:18:22.930,1.13709,1.13738,1.50,1.50
2013.10.11 18:18:29.187,1.13709,1.13739,1.50,1.50
2013.10.11 18:18:29.860,1.13708,1.13739,1.50,1.50
2013.10.11 18:18:30.677,1.13709,1.13738,1.50,1.50
2013.10.11 18:18:31.260,1.13708,1.13739,1.50,1.50
2013.10.11 18:18:34.150,1.13708,1.13738,1.50,1.50
2013.10.11 18:18:36.360,1.13709,1.13738,1.50,1.50
2013.10.11 18:18:36.869,1.13708,1.13738,1.50,1.50
2013.10.11 18:18:37.419,1.13708,1.13739,1.50,1.50
2013.10.11 18:18:39.601,1.13709,1.13739,1.50,1.50
2013.10.11 18:18:45.829,1.13708,1.13738,1.50,1.50
2013.10.11 18:18:45.889,1.13708,1.13738,1.50,1.50
2013.10.11 18:18:46.674,1.13713,1.13738,1.50,2.25
2013.10.11 18:18:47.589,1.13713,1.13738,1.50,1.50
2013.10.11 18:18:49.200,1.13713,1.13738,1.50,1.50
2013.10.11 18:18:49.933,1.13713,1.13738,1.50,2.25
2013.10.11 18:18:52.615,1.13713,1.13738,1.50,1.50
2013.10.11 18:18:55.639,1.13709,1.13736,1.50,1.50
2013.10.11 18:18:55.940,1.13709,1.13734,1.50,1.50
2013.10.11 18:18:56.119,1.13709,1.13735,1.50,1.88
2013.10.11 18:18:56.180,1.13709,1.13735,1.50,1.50
2013.10.11 18:18:56.299,1.13709,1.13735,1.50,1.50
2013.10.11 18:18:56.360,1.13709,1.13736,1.50,1.13
2013.10.11 18:18:56.480,1.13709,1.1374,1.50,1.88
2013.10.11 18:18:57.058,1.13708,1.1374,2.25,1.88
2013.10.11 18:18:57.591,1.13709,1.1374,1.50,1.88
2013.10.11 18:18:58.629,1.13709,1.1374,1.50,1.88
2013.10.11 18:18:59.189,1.13709,1.1374,1.50,1.88
2013.10.11 18:18:59.719,1.13708,1.1374,2.25,2.63
2013.10.11 18:19:00.808,1.13708,1.1374,2.25,1.88
2013.10.11 18:19:01.321,1.13708,1.13742,2.25,1.50
2013.10.11 18:19:01.977,1.13709,1.13742,1.50,1.50
2013.10.11 18:19:03.303,1.13708,1.13742,2.25,2.25
2013.10.11 18:19:03.780,1.1371,1.13742,1.50,1.50
2013.10.11 18:19:04.320,1.13713,1.13741,1.50,1.50
2013.10.11 18:19:04.849,1.13713,1.13742,1.50,1.50
2013.10.11 18:19:05.809,1.13713,1.13742,1.50,1.50
2013.10.11 18:19:06.415,1.13713,1.13742,1.50,1.50
2013.10.11 18:19:06.998,1.13713,1.13741,1.50,1.50
2013.10.11 18:19:09.180,1.13714,1.13741,1.50,1.50
2013.10.11 18:19:10.389,1.13713,1.13741,1.50,1.50
2013.10.11 18:19:11.140,1.13714,1.13741,1.50,1.50
2013.10.11 18:19:11.814,1.13713,1.13742,1.50,1.50
2013.10.11 18:19:12.359,1.13713,1.13743,2.25,1.50
2013.10.11 18:19:12.419,1.13713,1.13744,2.25,1.50
2013.10.11 18:19:20.331,1.13713,1.13744,2.25,1.50
2013.10.11 18:19:22.299,1.13713,1.13744,2.25,1.50
2013.10.11 18:19:23.050,1.13713,1.13744,2.25,1.50
2013.10.11 18:19:26.307,1.13713,1.13744,2.25,1.50
2013.10.11 18:19:26.970,1.13713,1.13744,2.25,1.50
2013.10.11 18:19:27.664,1.13713,1.13744,2.25,1.50
2013.10.11 18:19:28.767,1.13713,1.13744,2.25,1.50
2013.10.11 18:19:32.191,1.13713,1.13743,2.25,1.50
2013.10.11 18:19:33.229,1.13713,1.13743,2.25,1.50
2013.10.11 18:19:34.290,1.13713,1.13743,2.25,1.50
2013.10.11 18:19:40.360,1.13713,1.13743,2.25,1.50
2013.10.11 18:19:46.499,1.13713,1.13743,2.25,1.50
2013.10.11 18:19:47.051,1.13713,1.13747,2.25,1.13
2013.10.11 18:19:47.241,1.13713,1.13746,1.50,1.88
2013.10.11 18:19:47.769,1.13713,1.13742,1.50,2.25
2013.10.11 18:19:48.337,1.13713,1.13742,1.50,2.25
2013.10.11 18:20:04.193,1.13713,1.13744,1.50,1.50
2013.10.11 18:20:06.927,1.13713,1.13744,1.50,1.50
2013.10.11 18:20:11.190,1.13716,1.13744,1.13,1.50
2013.10.11 18:20:11.490,1.13714,1.13743,1.13,1.50
2013.10.11 18:20:11.969,1.13714,1.13743,1.50,1.50
2013.10.11 18:20:12.527,1.13714,1.13743,1.50,1.50
2013.10.11 18:20:13.499,1.13712,1.13743,1.50,1.50
2013.10.11 18:20:14.224,1.13712,1.13743,1.50,1.50
2013.10.11 18:20:15.651,1.13713,1.13743,1.50,1.50
2013.10.11 18:20:16.029,1.13713,1.13749,1.50,1.50
2013.10.11 18:20:20.334,1.13714,1.13749,1.50,1.50
2013.10.11 18:20:21.480,1.13713,1.13749,1.50,1.50
2013.10.11 18:20:22.040,1.13715,1.13751,1.50,2.63
2013.10.11 18:20:22.717,1.13715,1.13744,1.50,1.50
2013.10.11 18:20:23.220,1.13715,1.13744,1.50,1.50
2013.10.11 18:20:25.630,1.13712,1.13744,2.25,1.50
2013.10.11 18:20:26.150,1.13712,1.13744,2.25,1.50
2013.10.11 18:20:26.330,1.13713,1.13744,1.50,1.50
2013.10.11 18:20:34.449,1.13714,1.13744,1.50,1.50
2013.10.11 18:20:35.020,1.13716,1.13744,1.50,1.50
2013.10.11 18:20:54.396,1.13717,1.13744,1.50,1.50
2013.10.11 18:20:54.956,1.13718,1.13744,1.50,1.50
2013.10.11 18:21:37.249,1.13718,1.13749,2.25,1.50
2013.10.11 18:21:42.731,1.13718,1.13749,2.25,1.50
2013.10.11 18:21:45.859,1.13719,1.13749,1.50,1.50
2013.10.11 18:21:45.919,1.13719,1.13749,3.00,1.50
2013.10.11 18:21:46.230,1.13722,1.13749,1.50,1.50
2013.10.11 18:21:46.870,1.1372,1.13749,1.50,1.50
2013.10.11 18:21:47.170,1.13719,1.13749,1.50,1.50
2013.10.11 18:22:06.681,1.13718,1.13749,1.50,1.50
2013.10.11 18:22:07.200,1.13718,1.13749,1.50,1.50
2013.10.11 18:22:21.960,1.13713,1.1375,2.25,1.69
2013.10.11 18:22:22.471,1.13711,1.13747,1.50,1.50
2013.10.11 18:22:22.990,1.13712,1.13744,1.50,1.50
2013.10.11 18:22:23.635,1.13712,1.13744,1.50,1.50
2013.10.11 18:22:27.220,1.13712,1.13744,1.50,1.50
2013.10.11 18:22:27.771,1.13712,1.13743,1.50,1.50
2013.10.11 18:22:28.314,1.13712,1.13743,1.50,1.50
2013.10.11 18:22:28.819,1.13712,1.13743,1.50,1.50
2013.10.11 18:22:29.926,1.13712,1.13743,1.50,1.50
2013.10.11 18:22:30.461,1.13712,1.13743,1.50,1.50
2013.10.11 18:22:30.522,1.13712,1.13743,1.50,1.50
2013.10.11 18:22:31.143,1.13712,1.13743,1.50,1.50
2013.10.11 18:22:31.681,1.13712,1.13743,1.50,1.50
2013.10.11 18:22:32.329,1.13712,1.13743,1.50,1.50
2013.10.11 18:22:34.151,1.13712,1.13743,1.50,1.50
2013.10.11 18:22:36.910,1.13712,1.13743,1.50,1.50
2013.10.11 18:22:39.500,1.13712,1.13743,1.50,1.50
2013.10.11 18:22:41.818,1.13712,1.13743,1.50,1.50
2013.10.11 18:22:43.580,1.13712,1.13743,1.50,1.50
2013.10.11 18:22:46.167,1.13712,1.13743,1.50,1.50
2013.10.11 18:22:47.379,1.13712,1.13743,1.50,1.50
2013.10.11 18:22:47.621,1.13712,1.13744,1.50,1.50
2013.10.11 18:22:50.262,1.13712,1.13744,1.50,1.50
2013.10.11 18:22:53.872,1.13712,1.13744,1.50,1.50
2013.10.11 18:22:55.280,1.13712,1.13744,1.50,1.50
2013.10.11 18:22:56.209,1.13712,1.13744,1.50,1.50
2013.10.11 18:22:56.890,1.13712,1.13744,1.50,1.50
2013.10.11 18:22:58.320,1.13712,1.13744,1.50,1.50
2013.10.11 18:22:58.834,1.13712,1.13744,1.50,1.50
2013.10.11 18:23:02.961,1.13712,1.13744,1.50,1.50
2013.10.11 18:23:03.505,1.13712,1.13744,1.50,1.50
2013.10.11 18:23:07.141,1.13712,1.13744,1.50,1.50
2013.10.11 18:23:07.689,1.13712,1.13744,1.50,1.50
2013.10.11 18:23:09.062,1.13712,1.13744,1.50,1.50
2013.10.11 18:23:10.371,1.13712,1.13744,1.50,2.25
2013.10.11 18:23:12.292,1.13712,1.13744,1.50,2.25
2013.10.11 18:23:13.759,1.13712,1.13744,2.25,1.50
2013.10.11 18:23:18.590,1.13712,1.13744,2.25,1.50
2013.10.11 18:23:19.254,1.13712,1.13744,2.25,1.50
2013.10.11 18:23:19.800,1.13712,1.13744,2.25,1.50
2013.10.11 18:23:19.981,1.13714,1.13744,1.50,1.50
2013.10.11 18:23:20.400,1.13714,1.13744,3.00,1.50
2013.10.11 18:23:20.469,1.13714,1.13744,1.50,2.25
2013.10.11 18:23:22.585,1.13713,1.13744,2.25,1.50
2013.10.11 18:23:23.160,1.13713,1.13744,1.50,1.50
2013.10.11 18:23:23.781,1.13713,1.13744,1.50,1.50
2013.10.11 18:23:24.481,1.13713,1.13744,1.50,1.50
2013.10.11 18:23:25.136,1.13713,1.13744,1.50,1.50
2013.10.11 18:23:26.099,1.13713,1.13744,1.50,1.50
2013.10.11 18:23:27.620,1.13713,1.13744,2.25,1.50
2013.10.11 18:23:34.220,1.13713,1.13744,1.50,1.50
2013.10.11 18:23:34.844,1.13714,1.13744,1.50,1.50
2013.10.11 18:23:36.178,1.13713,1.13744,1.50,1.50
2013.10.11 18:23:36.863,1.13713,1.13744,2.25,1.50
2013.10.11 18:23:38.240,1.13713,1.13744,1.50,1.50
2013.10.11 18:23:40.312,1.13713,1.13746,1.50,1.50
2013.10.11 18:23:41.031,1.13713,1.13746,1.50,1.50
2013.10.11 18:23:41.559,1.13713,1.13746,2.25,1.50
2013.10.11 18:23:42.282,1.13713,1.13748,2.25,2.63
2013.10.11 18:23:50.990,1.13713,1.13748,1.50,2.25
2013.10.11 18:23:51.623,1.13714,1.13748,1.50,2.63
2013.10.11 18:23:52.360,1.13713,1.13748,1.50,2.25
2013.10.11 18:23:52.870,1.13713,1.13748,2.25,2.63
2013.10.11 18:23:54.229,1.13713,1.13748,1.50,2.25
2013.10.11 18:23:54.954,1.13713,1.13748,2.25,2.63
2013.10.11 18:23:56.680,1.13713,1.13748,1.50,2.25
2013.10.11 18:23:57.190,1.13713,1.13748,2.25,2.63
2013.10.11 18:23:58.409,1.13713,1.13748,1.50,2.25
2013.10.11 18:23:59.481,1.13714,1.13739,1.50,1.50
2013.10.11 18:23:59.863,1.13713,1.13733,1.50,1.50
2013.10.11 18:24:01.390,1.13713,1.13733,1.50,1.50
2013.10.11 18:24:01.571,1.13713,1.13742,2.25,3.00
2013.10.11 18:24:03.570,1.13713,1.13742,1.50,1.50
2013.10.11 18:24:04.200,1.13713,1.13742,2.25,1.50
2013.10.11 18:24:05.361,1.13713,1.13742,1.50,1.50
2013.10.11 18:24:07.110,1.13713,1.13742,1.50,1.50
2013.10.11 18:24:07.631,1.13713,1.13742,1.50,1.50
2013.10.11 18:24:08.330,1.13713,1.13742,1.50,1.50
2013.10.11 18:24:09.462,1.13711,1.13742,1.50,1.50
2013.10.11 18:24:09.581,1.13713,1.13742,1.50,1.50
2013.10.11 18:24:10.730,1.13713,1.13742,1.50,1.50
2013.10.11 18:24:11.780,1.13713,1.13742,2.25,1.50
2013.10.11 18:24:12.741,1.13713,1.13742,1.50,1.50
2013.10.11 18:24:13.339,1.13713,1.13742,1.50,1.50
2013.10.11 18:24:15.223,1.13713,1.13742,1.50,1.50
2013.10.11 18:24:15.780,1.13713,1.13742,1.50,1.50
2013.10.11 18:24:16.320,1.13711,1.13742,2.25,1.50
2013.10.11 18:24:16.885,1.13711,1.13742,1.50,1.50
2013.10.11 18:24:17.365,1.13713,1.13742,2.25,1.50
2013.10.11 18:24:18.210,1.13712,1.13742,2.25,1.50
2013.10.11 18:24:18.980,1.13712,1.13742,2.25,1.50
2013.10.11 18:24:20.512,1.13713,1.13742,1.50,1.50
2013.10.11 18:24:21.550,1.13713,1.13742,1.50,1.50
2013.10.11 18:24:25.740,1.13713,1.13743,1.50,1.50
2013.10.11 18:24:26.938,1.13713,1.13743,1.50,1.50
2013.10.11 18:24:27.444,1.13713,1.13743,1.50,1.50
2013.10.11 18:24:27.990,1.13713,1.13743,1.50,1.50
2013.10.11 18:24:29.237,1.13714,1.13745,1.50,1.50
2013.10.11 18:24:38.770,1.13714,1.13747,1.50,2.25
2013.10.11 18:24:40.970,1.13714,1.13747,1.50,2.25
2013.10.11 18:24:41.502,1.13718,1.13747,1.50,2.25
2013.10.11 18:24:44.260,1.13718,1.13747,1.50,2.25
2013.10.11 18:24:44.871,1.13718,1.13747,1.50,2.25
2013.10.11 18:24:46.095,1.13718,1.13747,1.50,2.25
2013.10.11 18:24:46.788,1.13718,1.13747,1.50,2.25
2013.10.11 18:24:51.880,1.13718,1.13747,1.50,2.25
2013.10.11 18:24:53.210,1.13718,1.13747,1.50,2.25
2013.10.11 18:24:57.708,1.13717,1.13747,1.50,2.25
2013.10.11 18:24:58.220,1.13717,1.13747,1.50,2.25
2013.10.11 18:24:58.730,1.13718,1.13747,1.50,1.50
2013.10.11 18:25:07.860,1.13719,1.13747,1.50,1.50
2013.10.11 18:25:08.370,1.13719,1.13747,1.50,1.50
2013.10.11 18:25:11.839,1.13719,1.13747,1.50,1.50
2013.10.11 18:25:12.391,1.13718,1.13747,1.50,1.50
2013.10.11 18:25:14.521,1.13718,1.13747,1.50,1.50
2013.10.11 18:25:18.960,1.13718,1.13747,1.50,1.50
2013.10.11 18:25:19.507,1.13718,1.13746,1.50,2.25
2013.10.11 18:25:20.010,1.13719,1.13746,1.50,2.25
2013.10.11 18:25:20.926,1.13719,1.13746,1.50,2.25
2013.10.11 18:25:23.202,1.13718,1.13746,1.50,1.50
2013.10.11 18:25:23.710,1.13719,1.13746,1.50,1.50
2013.10.11 18:25:24.010,1.13714,1.13746,2.25,1.50
2013.10.11 18:25:25.829,1.13714,1.13746,1.50,1.50
2013.10.11 18:25:26.362,1.13714,1.13746,2.25,1.50
2013.10.11 18:25:28.990,1.13714,1.13746,2.25,1.50
2013.10.11 18:25:29.590,1.13714,1.13744,1.50,1.50
2013.10.11 18:25:36.071,1.13714,1.13744,1.50,1.50
2013.10.11 18:25:37.159,1.13713,1.13744,1.50,2.25
2013.10.11 18:25:42.219,1.13714,1.13744,1.50,2.25
2013.10.11 18:25:45.289,1.13713,1.13744,2.25,2.25
2013.10.11 18:25:48.158,1.13713,1.13744,2.25,2.25
2013.10.11 18:25:48.911,1.13714,1.13744,1.50,2.25
2013.10.11 18:25:49.470,1.13714,1.13744,1.50,2.25
2013.10.11 18:25:50.081,1.13714,1.13744,1.50,2.25
2013.10.11 18:25:50.911,1.13714,1.13744,1.50,2.25
2013.10.11 18:25:51.779,1.13713,1.13744,1.50,2.25
2013.10.11 18:25:51.839,1.13713,1.13744,1.50,2.25
2013.10.11 18:25:52.541,1.13713,1.13743,2.25,1.50
2013.10.11 18:25:54.559,1.13713,1.13743,1.50,1.50
2013.10.11 18:25:55.921,1.13713,1.13743,1.50,1.50
2013.10.11 18:25:58.229,1.13713,1.13743,1.50,1.50
2013.10.11 18:25:59.066,1.13713,1.13743,1.50,1.50
2013.10.11 18:25:59.967,1.13713,1.13743,1.50,1.50
2013.10.11 18:26:01.199,1.13714,1.13743,1.50,1.50
2013.10.11 18:26:01.742,1.13714,1.13743,1.50,1.50
2013.10.11 18:26:05.196,1.13713,1.13743,1.50,1.50
2013.10.11 18:26:08.052,1.13713,1.13743,1.50,1.50
2013.10.11 18:26:08.725,1.13713,1.13743,1.50,1.50
2013.10.11 18:26:11.921,1.13713,1.13743,1.50,1.50
2013.10.11 18:26:12.449,1.13713,1.13742,2.25,1.50
2013.10.11 18:26:13.569,1.13713,1.13742,1.50,1.50
2013.10.11 18:26:15.009,1.13713,1.13742,2.25,1.50
2013.10.11 18:26:18.228,1.13713,1.13742,1.50,1.50
2013.10.11 18:26:18.839,1.13713,1.13742,2.25,1.50
2013.10.11 18:26:19.850,1.13713,1.13742,1.50,1.50
2013.10.11 18:26:22.179,1.13713,1.13742,2.25,1.50
2013.10.11 18:26:25.139,1.13713,1.13742,1.50,1.50
2013.10.11 18:26:26.254,1.13713,1.13742,2.25,1.50
2013.10.11 18:26:26.729,1.13713,1.13745,2.25,2.25
2013.10.11 18:26:27.512,1.13713,1.13745,1.50,2.25
2013.10.11 18:26:28.459,1.13713,1.13745,1.50,2.25
2013.10.11 18:26:29.161,1.13713,1.13745,1.50,2.25
2013.10.11 18:26:30.510,1.1371,1.13745,1.50,2.25
2013.10.11 18:26:32.998,1.13711,1.13745,1.50,2.25
2013.10.11 18:26:36.720,1.1371,1.13745,1.50,2.25
2013.10.11 18:26:37.427,1.1371,1.13745,1.50,1.50
2013.10.11 18:26:37.973,1.13711,1.13745,1.50,1.50
2013.10.11 18:26:41.659,1.13713,1.13745,1.50,1.50
2013.10.11 18:26:45.122,1.13714,1.13745,1.50,1.50
2013.10.11 18:26:46.255,1.13714,1.13745,2.25,1.50
2013.10.11 18:26:46.648,1.13713,1.13744,2.25,1.50
2013.10.11 18:26:47.230,1.13714,1.13744,2.25,1.50
2013.10.11 18:26:50.868,1.13713,1.13744,2.25,1.50
2013.10.11 18:26:53.960,1.13713,1.13744,2.25,1.50
2013.10.11 18:26:54.617,1.13713,1.13744,2.25,1.50
2013.10.11 18:26:59.591,1.13713,1.13744,2.25,1.50
2013.10.11 18:27:00.689,1.13713,1.13744,3.00,1.50
2013.10.11 18:27:02.359,1.13713,1.13744,2.25,1.50
2013.10.11 18:27:03.690,1.13716,1.13748,1.50,2.25
2013.10.11 18:27:03.809,1.13719,1.13748,1.50,2.25
2013.10.11 18:27:03.870,1.13719,1.13746,1.50,1.50
2013.10.11 18:27:03.993,1.13712,1.13748,1.88,2.25
2013.10.11 18:27:04.059,1.13712,1.13747,1.50,1.50
2013.10.11 18:27:04.420,1.13713,1.13745,2.25,1.50
2013.10.11 18:27:04.969,1.13713,1.13745,2.25,1.50
2013.10.11 18:27:11.679,1.13712,1.13742,3.00,1.50
2013.10.11 18:27:13.680,1.13712,1.13745,3.00,1.50
2013.10.11 18:27:14.382,1.13713,1.13745,2.25,1.50
2013.10.11 18:27:14.890,1.13712,1.13745,3.00,1.50
2013.10.11 18:27:15.500,1.13712,1.13745,3.00,1.50
2013.10.11 18:27:16.019,1.13712,1.13745,2.25,2.25
2013.10.11 18:27:16.139,1.13712,1.13744,2.25,1.50
2013.10.11 18:27:16.449,1.13712,1.13745,2.25,1.50
2013.10.11 18:27:17.053,1.13712,1.13745,2.25,1.50
2013.10.11 18:27:21.180,1.13712,1.13745,1.50,2.25
2013.10.11 18:27:22.123,1.13712,1.13745,1.50,2.25
2013.10.11 18:27:22.783,1.13713,1.13745,1.50,2.25
2013.10.11 18:27:27.180,1.13712,1.13745,1.50,2.25
2013.10.11 18:27:29.179,1.13713,1.13745,1.50,2.25
2013.10.11 18:27:29.239,1.13713,1.13745,1.50,2.25
2013.10.11 18:27:30.079,1.13712,1.13745,1.50,2.25
2013.10.11 18:27:34.079,1.13713,1.13743,1.50,1.50
2013.10.11 18:27:34.509,1.13713,1.13744,1.50,1.50
2013.10.11 18:27:36.549,1.13712,1.13744,1.50,1.50
2013.10.11 18:27:36.670,1.13712,1.13744,1.50,1.50
2013.10.11 18:27:36.729,1.13713,1.13744,1.50,1.50
2013.10.11 18:27:37.304,1.13714,1.13744,1.50,1.50
2013.10.11 18:27:37.830,1.13714,1.13744,1.50,1.50
2013.10.11 18:27:44.959,1.13714,1.13744,1.50,1.50
2013.10.11 18:27:45.611,1.13713,1.13744,1.50,1.50
2013.10.11 18:27:46.113,1.13714,1.13744,1.50,1.50
2013.10.11 18:27:46.639,1.13714,1.13744,1.50,1.50
2013.10.11 18:27:52.000,1.13713,1.13743,2.25,1.50
2013.10.11 18:27:52.389,1.13713,1.13744,1.50,1.50
2013.10.11 18:27:58.657,1.13713,1.13744,2.25,1.50
2013.10.11 18:27:59.200,1.13714,1.13744,1.50,1.50
2013.10.11 18:28:00.419,1.13713,1.13744,2.25,1.50
2013.10.11 18:28:03.040,1.13713,1.13744,1.50,1.50
2013.10.11 18:28:04.299,1.13713,1.13744,2.25,1.50
2013.10.11 18:28:05.275,1.13713,1.13744,1.50,1.50
2013.10.11 18:28:06.430,1.13713,1.13744,2.25,1.50
2013.10.11 18:28:07.679,1.13713,1.13744,2.25,1.50
2013.10.11 18:28:10.029,1.13714,1.1374,1.50,1.50
2013.10.11 18:28:10.529,1.13713,1.13744,2.25,1.50
2013.10.11 18:28:12.190,1.13713,1.13744,1.50,1.50
2013.10.11 18:28:12.976,1.13713,1.13744,1.50,1.50
2013.10.11 18:28:14.090,1.13713,1.13744,1.50,1.50
2013.10.11 18:28:15.545,1.13713,1.13744,1.50,1.50
2013.10.11 18:28:16.931,1.13714,1.13744,1.50,1.50
2013.10.11 18:28:19.359,1.13713,1.13744,2.25,1.50
2013.10.11 18:28:22.143,1.13714,1.13744,1.50,1.50
2013.10.11 18:28:26.059,1.13714,1.13744,1.50,1.50
2013.10.11 18:28:26.613,1.13713,1.13744,1.50,1.50
2013.10.11 18:28:27.177,1.13713,1.13744,2.25,1.50
2013.10.11 18:28:28.709,1.13713,1.13744,1.50,1.50
2013.10.11 18:28:30.030,1.13714,1.13745,1.50,1.50
2013.10.11 18:28:30.663,1.13713,1.13743,2.25,1.50
2013.10.11 18:28:35.247,1.13713,1.13743,1.50,1.50
2013.10.11 18:28:36.279,1.13714,1.13743,1.50,1.50
2013.10.11 18:28:43.331,1.13714,1.13743,1.50,1.50
2013.10.11 18:28:43.462,1.1371,1.13743,1.69,1.50
2013.10.11 18:28:44.422,1.13712,1.13743,1.50,1.50
2013.10.11 18:28:44.722,1.13714,1.13748,1.50,1.13
2013.10.11 18:28:44.781,1.13718,1.13748,1.50,1.13
2013.10.11 18:28:45.141,1.13716,1.13744,1.69,1.50
2013.10.11 18:28:45.379,1.13718,1.13746,1.50,1.50
2013.10.11 18:28:45.439,1.13718,1.13751,1.50,1.50
2013.10.11 18:28:45.560,1.13718,1.1375,1.69,1.50
2013.10.11 18:28:45.680,1.13719,1.13751,1.50,1.13
2013.10.11 18:28:45.739,1.13715,1.13751,3.19,2.25
2013.10.11 18:28:45.920,1.13719,1.13752,1.50,1.50
2013.10.11 18:28:46.374,1.13719,1.13752,2.25,1.50
2013.10.11 18:28:52.151,1.13719,1.13752,2.25,1.50
2013.10.11 18:28:52.479,1.13724,1.13752,1.50,1.50
2013.10.11 18:28:53.303,1.13723,1.13752,1.50,1.50
2013.10.11 18:28:55.011,1.13723,1.13752,1.50,1.50
2013.10.11 18:28:56.829,1.13723,1.13752,1.50,1.50
2013.10.11 18:28:57.611,1.13723,1.13752,1.50,1.50
2013.10.11 18:28:59.460,1.13721,1.13752,1.50,1.50
2013.10.11 18:28:59.519,1.13719,1.13752,1.69,2.25
2013.10.11 18:29:00.119,1.13718,1.13749,2.25,1.13
2013.10.11 18:29:00.359,1.13714,1.13747,1.50,1.50
2013.10.11 18:29:00.899,1.13715,1.13747,1.50,1.50
2013.10.11 18:29:03.201,1.13716,1.13747,1.50,1.50
2013.10.11 18:29:03.560,1.13723,1.13749,1.50,1.50
2013.10.11 18:29:04.188,1.13723,1.13749,1.50,1.50
2013.10.11 18:29:05.579,1.13724,1.13749,1.50,1.50
2013.10.11 18:29:06.406,1.13724,1.13751,1.50,1.50
2013.10.11 18:29:07.000,1.13718,1.13751,2.44,1.50
2013.10.11 18:29:07.059,1.13718,1.13751,2.25,1.50
2013.10.11 18:29:07.718,1.13718,1.13751,2.25,1.50
2013.10.11 18:29:08.701,1.13724,1.13751,1.50,1.50
2013.10.11 18:29:09.419,1.13724,1.13753,1.50,1.50
2013.10.11 18:29:10.160,1.13723,1.13753,1.50,1.50
2013.10.11 18:29:10.759,1.13724,1.13753,1.50,1.50
2013.10.11 18:29:10.879,1.13727,1.13753,1.50,1.50
2013.10.11 18:29:11.388,1.13728,1.13753,1.50,1.50
2013.10.11 18:29:17.429,1.13727,1.13751,1.50,1.50
2013.10.11 18:29:17.551,1.13718,1.13751,2.25,1.50
2013.10.11 18:29:18.639,1.13718,1.13751,2.25,1.50
2013.10.11 18:29:19.239,1.13719,1.13751,1.50,1.50
2013.10.11 18:29:19.659,1.13718,1.13751,2.25,1.50
2013.10.11 18:29:20.199,1.13719,1.13751,1.50,2.25
2013.10.11 18:29:22.221,1.13719,1.1375,1.50,2.25
2013.10.11 18:29:25.630,1.13718,1.1375,2.25,2.25
2013.10.11 18:29:26.191,1.13719,1.1375,1.50,2.25
2013.10.11 18:29:26.739,1.13719,1.13751,1.50,1.50
2013.10.11 18:29:27.270,1.13719,1.13751,1.50,1.50
2013.10.11 18:29:29.163,1.13718,1.13751,2.25,1.50
2013.10.11 18:29:30.610,1.13719,1.13751,1.50,1.50
2013.10.11 18:29:31.193,1.13718,1.13751,2.25,1.50
2013.10.11 18:29:41.269,1.13718,1.13751,2.25,1.50
2013.10.11 18:29:43.589,1.13719,1.13751,1.50,1.50
2013.10.11 18:29:49.220,1.13719,1.13751,1.50,1.50
2013.10.11 18:29:54.199,1.13719,1.13751,1.50,1.50
2013.10.11 18:29:57.839,1.13718,1.13751,2.25,1.50
2013.10.11 18:29:59.149,1.13719,1.13752,3.75,1.50
2013.10.11 18:29:59.450,1.13727,1.13762,2.25,1.88
2013.10.11 18:29:59.630,1.13734,1.13766,1.13,3.00
2013.10.11 18:29:59.689,1.13739,1.13766,1.13,1.50
2013.10.11 18:29:59.990,1.13743,1.13772,1.13,1.69
2013.10.11 18:30:00.170,1.13735,1.13771,1.50,1.69
2013.10.11 18:30:00.290,1.13731,1.1377,2.25,1.69
2013.10.11 18:30:00.349,1.13731,1.13769,1.50,1.50
2013.10.11 18:30:00.409,1.13729,1.13769,2.25,1.50
2013.10.11 18:30:00.711,1.13734,1.13771,1.50,2.25
2013.10.11 18:30:01.219,1.13734,1.13766,2.25,1.50
2013.10.11 18:30:09.509,1.13733,1.13762,1.50,1.50
2013.10.11 18:30:10.049,1.13734,1.13763,1.50,1.50
2013.10.11 18:30:10.229,1.13725,1.13763,1.32,1.50
2013.10.11 18:30:10.289,1.13723,1.13763,4.69,1.50
2013.10.11 18:30:10.533,1.13724,1.13759,1.50,1.50
2013.10.11 18:30:15.171,1.13723,1.13759,3.00,1.50
2013.10.11 18:30:15.530,1.1372,1.13757,1.50,2.25
2013.10.11 18:30:15.771,1.13723,1.13757,1.50,2.25
2013.10.11 18:30:16.215,1.13724,1.13758,1.50,1.50
2013.10.11 18:30:17.180,1.13724,1.13757,1.50,1.50
2013.10.11 18:30:28.110,1.13723,1.13757,1.50,1.50
2013.10.11 18:30:29.889,1.13724,1.13757,1.50,2.25
2013.10.11 18:30:35.347,1.13724,1.13757,1.50,1.50
2013.10.11 18:30:43.830,1.13724,1.13757,1.50,1.50
2013.10.11 18:30:46.274,1.13719,1.13756,1.50,1.50
2013.10.11 18:30:51.010,1.13719,1.13756,1.50,1.50
2013.10.11 18:30:53.519,1.13718,1.13753,1.50,1.50
2013.10.11 18:30:56.650,1.13722,1.13753,1.50,1.50
2013.10.11 18:30:56.774,1.13723,1.13756,1.50,1.50
2013.10.11 18:30:56.840,1.13723,1.13757,1.50,2.25
2013.10.11 18:30:57.019,1.13723,1.13761,3.75,1.50
2013.10.11 18:30:57.201,1.13724,1.13761,3.19,1.50
2013.10.11 18:30:57.560,1.13724,1.13763,2.25,1.50
2013.10.11 18:30:57.680,1.13724,1.13761,2.25,1.50
2013.10.11 18:30:57.920,1.13729,1.13765,2.25,1.50
2013.10.11 18:30:58.490,1.13729,1.13762,3.00,1.50
2013.10.11 18:31:05.620,1.13729,1.13762,3.00,1.50
2013.10.11 18:31:12.970,1.13728,1.13762,1.50,1.50
2013.10.11 18:31:16.690,1.13731,1.13762,1.50,2.25
2013.10.11 18:31:16.755,1.1373,1.13762,1.50,2.25
2013.10.11 18:31:16.821,1.1373,1.13762,1.50,1.50
2013.10.11 18:31:16.880,1.13731,1.13762,1.50,1.50
2013.10.11 18:31:17.240,1.13743,1.13762,1.50,1.50
2013.10.11 18:31:17.804,1.13743,1.13762,1.50,1.50
2013.10.11 18:31:18.774,1.1374,1.13762,1.50,1.50
2013.10.11 18:31:20.579,1.13741,1.13762,1.50,1.50
2013.10.11 18:31:21.420,1.13741,1.13762,1.50,1.50
2013.10.11 18:31:21.480,1.13733,1.13762,2.25,1.50
2013.10.11 18:31:21.540,1.13734,1.13762,2.25,1.50
2013.10.11 18:31:23.791,1.1373,1.13762,1.50,1.50
2013.10.11 18:31:27.090,1.13729,1.13758,1.50,1.50
2013.10.11 18:31:27.210,1.13727,1.13758,3.00,1.50
2013.10.11 18:31:27.272,1.13728,1.13758,1.50,2.25
2013.10.11 18:31:28.719,1.13727,1.13756,1.50,1.50
2013.10.11 18:31:29.020,1.13727,1.13756,1.50,1.50
2013.10.11 18:31:29.560,1.13727,1.13757,2.25,2.25
2013.10.11 18:31:33.930,1.13727,1.13756,1.88,2.25
2013.10.11 18:31:34.720,1.13728,1.1376,1.88,1.50
2013.10.11 18:31:34.839,1.13729,1.13762,3.57,1.50
2013.10.11 18:31:35.650,1.13729,1.13765,4.32,2.25
2013.10.11 18:31:36.352,1.13729,1.13765,4.32,2.25
2013.10.11 18:31:37.630,1.13729,1.13765,1.69,2.25
2013.10.11 18:31:37.749,1.13734,1.13765,2.44,2.25
2013.10.11 18:31:40.599,1.13733,1.13765,2.44,2.25
2013.10.11 18:31:41.153,1.13732,1.13765,1.69,2.25
2013.10.11 18:31:53.783,1.13732,1.13765,1.50,2.25
2013.10.11 18:31:54.587,1.1373,1.13763,1.50,2.25
2013.10.11 18:31:55.429,1.13732,1.13763,2.25,2.25
2013.10.11 18:31:58.170,1.13732,1.13763,2.25,2.25
2013.10.11 18:31:58.370,1.13732,1.13763,2.25,1.50
2013.10.11 18:31:58.943,1.13732,1.13763,1.50,1.50
2013.10.11 18:31:59.561,1.13732,1.13763,1.50,1.50
2013.10.11 18:32:04.004,1.13732,1.13763,1.50,1.50
2013.10.11 18:32:07.011,1.13732,1.13763,1.50,1.50
2013.10.11 18:32:08.149,1.13732,1.13763,1.50,1.50
2013.10.11 18:32:12.170,1.13732,1.13763,2.25,1.50
2013.10.11 18:32:13.240,1.13732,1.13763,1.50,1.50
2013.10.11 18:32:13.990,1.13732,1.13762,1.50,1.50
2013.10.11 18:32:17.662,1.13732,1.13761,1.50,1.50
2013.10.11 18:32:19.305,1.13732,1.13761,2.25,1.50
2013.10.11 18:32:23.837,1.13732,1.13761,2.25,1.50
2013.10.11 18:32:30.794,1.13732,1.13761,1.50,1.50
2013.10.11 18:32:32.191,1.1373,1.13762,1.50,1.50
2013.10.11 18:32:32.250,1.13732,1.13762,1.50,1.50
2013.10.11 18:32:32.370,1.13739,1.13764,1.50,1.50
2013.10.11 18:32:32.791,1.13743,1.13764,1.50,1.50
2013.10.11 18:32:33.149,1.13739,1.13764,1.88,2.25
2013.10.11 18:32:33.450,1.13741,1.13766,1.50,1.50
2013.10.11 18:32:33.997,1.13747,1.13767,1.50,3.00
2013.10.11 18:32:34.560,1.13748,1.13767,1.50,3.00
2013.10.11 18:32:35.081,1.13747,1.13767,1.50,3.00
2013.10.11 18:32:37.629,1.13747,1.13767,1.50,3.00
2013.10.11 18:32:38.199,1.13747,1.13767,1.50,3.00
2013.10.11 18:32:38.714,1.13747,1.13767,1.50,3.00
2013.10.11 18:32:39.290,1.13748,1.13767,1.50,3.00
2013.10.11 18:32:40.301,1.13748,1.13767,1.50,3.00
2013.10.11 18:32:40.961,1.13747,1.13767,1.50,3.00
2013.10.11 18:32:44.150,1.13747,1.13767,1.50,3.00
2013.10.11 18:32:45.881,1.13748,1.13767,1.50,3.00
2013.10.11 18:32:46.970,1.13748,1.13767,1.50,2.25
2013.10.11 18:32:47.331,1.13749,1.13771,1.50,2.63
2013.10.11 18:32:47.390,1.13749,1.13771,1.50,2.63
2013.10.11 18:32:47.931,1.13751,1.13775,1.13,1.50
2013.10.11 18:32:48.410,1.13748,1.13779,2.25,2.25
2013.10.11 18:32:48.470,1.13748,1.13779,1.50,2.25
2013.10.11 18:32:48.830,1.13754,1.13776,1.50,1.50
2013.10.11 18:32:50.671,1.13753,1.13775,1.50,1.50
2013.10.11 18:32:50.946,1.1375,1.13775,1.50,1.50
2013.10.11 18:32:51.191,1.13752,1.13775,1.50,1.50
2013.10.11 18:32:51.550,1.1375,1.13777,1.50,1.50
2013.10.11 18:32:51.671,1.13751,1.13778,1.88,1.50
2013.10.11 18:32:52.180,1.13753,1.13777,1.50,1.50
2013.10.11 18:32:52.240,1.1375,1.13777,2.25,1.50
2013.10.11 18:32:52.420,1.13752,1.13778,1.13,1.50
2013.10.11 18:32:57.539,1.13754,1.13778,1.50,1.50
2013.10.11 18:32:58.902,1.13754,1.13778,1.50,1.50
2013.10.11 18:33:02.120,1.13754,1.13778,1.50,1.50
2013.10.11 18:33:03.130,1.13752,1.13778,1.50,1.50
2013.10.11 18:33:03.310,1.13751,1.13778,1.50,1.50
2013.10.11 18:33:03.430,1.13746,1.13778,1.50,1.50
2013.10.11 18:33:03.490,1.13748,1.13773,1.50,2.25
2013.10.11 18:33:03.790,1.13745,1.13772,1.50,1.50
2013.10.11 18:33:04.090,1.13742,1.13771,1.50,1.88
2013.10.11 18:33:04.450,1.13742,1.13768,2.63,1.50
2013.10.11 18:33:04.689,1.13743,1.13769,1.13,1.50
2013.10.11 18:33:05.290,1.13744,1.13769,1.13,1.50
2013.10.11 18:33:05.450,1.13744,1.13769,1.13,1.50
2013.10.11 18:33:06.080,1.13743,1.13772,1.50,2.25
2013.10.11 18:33:06.439,1.13743,1.13772,1.50,2.25
2013.10.11 18:33:06.944,1.13744,1.13772,1.13,2.25
2013.10.11 18:33:07.070,1.13743,1.13772,2.25,2.25
2013.10.11 18:33:07.191,1.13744,1.13772,1.13,2.25
2013.10.11 18:33:07.312,1.13741,1.1377,2.25,1.50
2013.10.11 18:33:11.661,1.13741,1.1377,1.50,1.50
2013.10.11 18:33:25.181,1.13739,1.13766,2.25,1.50
2013.10.11 18:33:27.290,1.13739,1.13766,2.25,1.50
2013.10.11 18:33:28.111,1.1374,1.13766,1.50,1.50
2013.10.11 18:33:28.475,1.13738,1.13764,1.50,1.50
2013.10.11 18:33:28.541,1.13734,1.13764,1.50,2.25
2013.10.11 18:33:29.092,1.13733,1.13764,1.50,2.25
2013.10.11 18:33:29.642,1.13733,1.13761,1.50,1.50
2013.10.11 18:33:29.771,1.13736,1.13761,1.13,1.50
2013.10.11 18:33:30.777,1.13739,1.13761,1.50,1.50
2013.10.11 18:33:34.919,1.13738,1.13761,1.50,1.50
2013.10.11 18:33:35.636,1.13738,1.13761,1.50,1.50
2013.10.11 18:33:38.853,1.13739,1.13761,1.50,1.50
2013.10.11 18:33:39.041,1.13729,1.13761,1.13,2.25
2013.10.11 18:33:39.221,1.13728,1.13761,1.69,1.50
2013.10.11 18:33:39.401,1.13729,1.13759,1.32,1.50
2013.10.11 18:33:39.879,1.13731,1.13768,1.88,1.50
2013.10.11 18:33:40.471,1.13731,1.13762,1.50,2.25
2013.10.11 18:33:40.930,1.13731,1.13762,1.50,2.25
2013.10.11 18:33:43.849,1.13731,1.13762,1.50,2.25
2013.10.11 18:33:49.190,1.13731,1.13762,1.50,2.25
2013.10.11 18:33:50.701,1.13732,1.13762,1.50,2.25
2013.10.11 18:33:51.360,1.13732,1.13762,1.50,2.25
2013.10.11 18:33:51.893,1.13732,1.13762,1.50,2.25
2013.10.11 18:33:52.544,1.13732,1.13762,1.50,2.25
2013.10.11 18:33:52.852,1.13742,1.13767,1.50,1.50
2013.10.11 18:33:53.410,1.13741,1.13772,3.00,1.50
2013.10.11 18:33:53.992,1.13742,1.13772,2.25,1.50
2013.10.11 18:33:54.110,1.13744,1.13772,1.50,1.50
2013.10.11 18:33:54.521,1.13744,1.13774,1.50,2.25
2013.10.11 18:33:55.391,1.13744,1.13772,1.50,1.50
2013.10.11 18:33:58.160,1.13744,1.13768,1.50,1.50
2013.10.11 18:33:58.700,1.13742,1.13768,1.50,1.50
2013.10.11 18:33:59.760,1.13742,1.13768,2.25,1.50
2013.10.11 18:34:00.694,1.13742,1.13768,2.25,1.50
2013.10.11 18:34:01.424,1.13742,1.13768,2.25,1.50
2013.10.11 18:34:02.014,1.13742,1.13768,2.25,1.50
2013.10.11 18:34:03.407,1.13742,1.13768,2.25,1.50
2013.10.11 18:34:04.648,1.13742,1.13768,1.50,1.50
2013.10.11 18:34:05.752,1.13742,1.13768,1.50,1.50
2013.10.11 18:34:06.093,1.13742,1.13769,1.50,1.50
2013.10.11 18:34:12.031,1.13742,1.13769,1.50,1.50
2013.10.11 18:34:14.329,1.13742,1.13769,1.50,1.50
2013.10.11 18:34:15.207,1.13741,1.1377,3.00,1.50
2013.10.11 18:34:15.332,1.13741,1.13769,3.00,1.50
2013.10.11 18:34:16.050,1.13741,1.13769,3.00,1.50
2013.10.11 18:34:18.440,1.13741,1.13769,3.00,1.50
2013.10.11 18:34:19.130,1.13742,1.13769,1.50,1.50
2013.10.11 18:34:20.101,1.13741,1.13769,3.00,1.50
2013.10.11 18:34:24.192,1.13742,1.13769,1.50,1.50
2013.10.11 18:34:26.140,1.13742,1.13769,1.50,1.50
2013.10.11 18:34:26.619,1.13743,1.1377,1.50,1.50
2013.10.11 18:34:26.694,1.13744,1.1377,1.88,1.50
2013.10.11 18:34:27.002,1.13749,1.13775,2.63,2.25
2013.10.11 18:34:27.242,1.13749,1.13774,2.25,1.50
2013.10.11 18:34:27.301,1.13753,1.13773,1.50,1.50
2013.10.11 18:34:27.602,1.13746,1.13769,1.50,1.50
2013.10.11 18:34:27.901,1.13745,1.13769,1.50,1.50
2013.10.11 18:34:28.495,1.13749,1.13769,1.50,1.50
2013.10.11 18:34:28.562,1.13744,1.13768,2.25,1.50
2013.10.11 18:34:29.080,1.13744,1.13768,1.50,1.50
2013.10.11 18:34:29.172,1.13744,1.13768,1.50,1.50
2013.10.11 18:34:29.231,1.13748,1.13769,1.13,1.50
2013.10.11 18:34:29.846,1.13749,1.13769,1.13,1.50
2013.10.11 18:34:32.980,1.13748,1.13769,1.13,1.50
2013.10.11 18:34:34.351,1.13749,1.13769,1.13,1.50
2013.10.11 18:34:36.010,1.13748,1.13769,1.13,1.50
2013.10.11 18:34:37.661,1.13748,1.13769,1.13,1.50
2013.10.11 18:34:37.843,1.13745,1.1377,1.50,1.50
2013.10.11 18:34:37.911,1.13743,1.13767,1.50,1.50
2013.10.11 18:34:37.970,1.13741,1.13767,1.50,1.50
2013.10.11 18:34:38.030,1.1374,1.13767,1.50,1.50
2013.10.11 18:34:38.216,1.1374,1.13768,1.50,1.50
2013.10.11 18:34:41.950,1.13741,1.13777,2.25,2.25
2013.10.11 18:34:42.550,1.13742,1.13768,1.50,1.50
2013.10.11 18:34:43.720,1.1374,1.13767,2.25,1.50
2013.10.11 18:34:46.682,1.13742,1.13767,1.50,1.50
2013.10.11 18:34:48.588,1.13742,1.13768,1.50,1.50
2013.10.11 18:34:51.731,1.13742,1.13768,1.50,1.50
2013.10.11 18:34:52.090,1.1374,1.13768,1.50,1.50
2013.10.11 18:34:57.950,1.13741,1.13763,1.50,1.50
2013.10.11 18:34:58.513,1.13741,1.13763,2.25,1.50
2013.10.11 18:34:59.079,1.13741,1.13763,2.25,1.50
2013.10.11 18:35:01.088,1.13741,1.13763,2.25,1.50
2013.10.11 18:35:02.943,1.13741,1.13763,1.88,1.50
2013.10.11 18:35:08.161,1.1374,1.13762,1.50,1.50
2013.10.11 18:35:08.284,1.13734,1.13759,1.50,1.50
2013.10.11 18:35:08.351,1.13732,1.13759,1.50,1.50
2013.10.11 18:35:08.470,1.13731,1.1376,1.50,1.50
2013.10.11 18:35:08.980,1.13731,1.13762,1.50,2.63
2013.10.11 18:35:09.170,1.13731,1.13761,1.50,1.50
2013.10.11 18:35:09.750,1.13731,1.13764,1.50,3.00
2013.10.11 18:35:13.290,1.13729,1.13755,1.13,1.13
2013.10.11 18:35:13.350,1.13725,1.13755,3.38,1.13
2013.10.11 18:35:13.471,1.13725,1.13753,1.13,1.50
2013.10.11 18:35:13.830,1.13724,1.13759,2.63,2.25
2013.10.11 18:35:14.432,1.13728,1.13758,2.25,1.50
2013.10.11 18:35:14.990,1.13726,1.13758,1.88,1.50
2013.10.11 18:35:15.351,1.13724,1.13757,1.50,1.50
2013.10.11 18:35:19.964,1.13725,1.13758,1.13,2.25
2013.10.11 18:35:20.471,1.13725,1.13758,1.50,1.50
2013.10.11 18:35:21.101,1.13725,1.13756,3.00,2.25
2013.10.11 18:35:22.260,1.13725,1.13757,3.00,2.25
2013.10.11 18:35:23.321,1.13728,1.13758,1.13,1.50
2013.10.11 18:35:39.423,1.13728,1.13753,2.25,1.50
2013.10.11 18:35:40.064,1.13728,1.13753,2.25,1.50
2013.10.11 18:35:40.520,1.13728,1.13753,2.25,1.50
2013.10.11 18:35:50.530,1.13728,1.13757,2.25,1.50
2013.10.11 18:35:51.242,1.13729,1.13758,1.13,1.50
2013.10.11 18:35:51.849,1.13729,1.13758,1.13,1.50
2013.10.11 18:35:52.511,1.13729,1.13758,1.13,1.50
2013.10.11 18:35:56.650,1.13727,1.13753,1.88,1.50
2013.10.11 18:36:02.341,1.13728,1.13753,1.13,1.50
2013.10.11 18:36:04.011,1.13727,1.13753,2.25,1.50
2013.10.11 18:36:05.272,1.13727,1.13753,2.63,1.50
2013.10.11 18:36:13.710,1.13729,1.13759,1.88,3.00
2013.10.11 18:36:14.226,1.1373,1.13759,1.13,2.25
2013.10.11 18:36:14.737,1.13731,1.1376,1.32,2.25
2013.10.11 18:36:31.200,1.13729,1.13761,2.07,2.25
2013.10.11 18:36:31.525,1.13729,1.13761,2.07,2.25
2013.10.11 18:36:32.391,1.13729,1.13761,2.07,2.25
2013.10.11 18:36:34.191,1.13729,1.13761,2.44,2.25
2013.10.11 18:36:34.263,1.13729,1.13758,2.07,1.50
2013.10.11 18:36:34.320,1.13729,1.13758,1.69,1.50
2013.10.11 18:36:34.860,1.13727,1.13758,2.82,1.50
2013.10.11 18:36:34.920,1.13727,1.13759,2.82,2.25
2013.10.11 18:36:35.421,1.13727,1.13758,2.44,1.50
2013.10.11 18:36:38.761,1.13727,1.13758,1.50,1.88
2013.10.11 18:36:38.880,1.13724,1.13755,1.13,1.50
2013.10.11 18:36:40.141,1.13724,1.13755,2.63,1.50
2013.10.11 18:36:40.331,1.13724,1.13757,1.50,1.50
2013.10.11 18:36:45.204,1.13728,1.13754,1.50,1.50
2013.10.11 18:36:45.791,1.13728,1.13749,1.50,1.50
2013.10.11 18:36:50.850,1.13724,1.13746,1.88,1.50
2013.10.11 18:36:51.331,1.13725,1.13746,1.32,1.50
2013.10.11 18:36:51.580,1.13724,1.13746,1.50,1.50
2013.10.11 18:37:08.767,1.13724,1.13746,3.38,1.50
2013.10.11 18:37:11.182,1.13724,1.13746,1.50,1.50
2013.10.11 18:37:18.271,1.13724,1.13746,3.00,1.50
2013.10.11 18:37:22.972,1.13727,1.13747,1.13,1.50
2013.10.11 18:37:25.311,1.13727,1.13747,1.13,1.50
2013.10.11 18:37:26.131,1.13727,1.13747,1.13,1.50
2013.10.11 18:37:39.456,1.13727,1.13746,1.13,1.50
2013.10.11 18:37:40.260,1.13727,1.13746,1.13,1.50
2013.10.11 18:37:41.891,1.13727,1.13746,1.13,1.50
2013.10.11 18:37:44.592,1.13727,1.13746,1.13,1.50
2013.10.11 18:37:45.676,1.13727,1.13748,1.13,1.50
2013.10.11 18:37:46.061,1.13727,1.13751,1.13,2.25
2013.10.11 18:37:48.271,1.13727,1.13751,1.13,2.25
2013.10.11 18:37:49.282,1.13727,1.13751,1.13,2.25
2013.10.11 18:37:49.971,1.13727,1.13751,1.13,2.25
2013.10.11 18:37:51.751,1.13727,1.13751,1.13,2.25
2013.10.11 18:37:52.390,1.13727,1.13751,1.13,2.25
2013.10.11 18:37:53.541,1.13727,1.13751,1.13,2.25
2013.10.11 18:37:54.130,1.13727,1.13751,1.13,2.25
2013.10.11 18:37:54.641,1.13724,1.13751,1.88,2.25
2013.10.11 18:37:54.760,1.13724,1.1375,1.13,2.25
2013.10.11 18:37:54.820,1.13724,1.13747,1.13,1.50
2013.10.11 18:37:55.181,1.13723,1.13744,1.69,2.25
2013.10.11 18:37:55.541,1.13721,1.13745,2.07,2.25
2013.10.11 18:38:00.770,1.13723,1.13744,1.69,1.50
2013.10.11 18:38:03.001,1.13723,1.13744,2.07,1.50
2013.10.11 18:38:04.993,1.13722,1.13745,1.32,2.25
2013.10.11 18:38:15.491,1.13724,1.13746,1.13,1.50
2013.10.11 18:38:15.611,1.13725,1.13746,1.13,1.50
2013.10.11 18:38:15.671,1.1373,1.13759,1.32,2.25
2013.10.11 18:38:15.790,1.13729,1.13759,1.50,1.50
2013.10.11 18:38:18.110,1.13731,1.13759,1.69,1.50
2013.10.11 18:38:18.491,1.13729,1.13759,2.07,2.25
2013.10.11 18:38:19.859,1.1373,1.13758,1.13,1.50
2013.10.11 18:38:25.281,1.13735,1.13757,1.13,1.50
2013.10.11 18:38:25.831,1.13735,1.13758,1.13,2.25
2013.10.11 18:38:27.961,1.13735,1.13758,1.13,2.25
2013.10.11 18:38:48.200,1.13729,1.13753,1.88,1.50
2013.10.11 18:38:48.859,1.13729,1.13753,1.88,1.50
2013.10.11 18:38:49.792,1.13729,1.13753,1.88,1.50
2013.10.11 18:38:59.290,1.13729,1.13754,1.88,1.50
2013.10.11 18:39:01.521,1.13729,1.13754,1.88,1.50
2013.10.11 18:39:01.701,1.13725,1.13754,1.13,1.50
2013.10.11 18:39:01.881,1.13723,1.13753,2.82,1.50
2013.10.11 18:39:02.001,1.13723,1.13749,1.13,1.50
2013.10.11 18:39:02.181,1.13722,1.13751,2.25,2.25
2013.10.11 18:39:03.676,1.13723,1.13748,1.50,1.50
2013.10.11 18:39:04.314,1.13723,1.13748,2.25,1.50
2013.10.11 18:39:06.827,1.13723,1.13748,2.25,1.50
2013.10.11 18:39:07.142,1.13723,1.13748,1.13,1.50
2013.10.11 18:39:07.202,1.13722,1.13746,2.07,1.50
2013.10.11 18:39:07.561,1.13721,1.13749,1.32,2.25
2013.10.11 18:39:07.741,1.13721,1.13749,1.32,2.25
2013.10.11 18:39:10.281,1.13721,1.13743,1.13,1.50
2013.10.11 18:39:10.581,1.13718,1.13743,1.50,1.50
2013.10.11 18:39:10.761,1.13719,1.13743,1.13,1.50
2013.10.11 18:39:11.130,1.13719,1.13743,1.88,1.50
2013.10.11 18:39:11.641,1.13721,1.13744,1.50,1.50
2013.10.11 18:39:11.761,1.13732,1.13751,1.50,1.50
2013.10.11 18:39:11.822,1.13733,1.13751,1.50,1.50
2013.10.11 18:39:11.942,1.13728,1.13757,1.13,1.50
2013.10.11 18:39:12.120,1.13723,1.13756,1.32,1.50
2013.10.11 18:39:13.321,1.13722,1.13755,2.07,1.50
2013.10.11 18:39:13.682,1.13722,1.13754,2.07,2.25
2013.10.11 18:39:14.121,1.13722,1.13753,2.07,1.50
2013.10.11 18:39:14.651,1.13722,1.1375,2.25,1.50
2013.10.11 18:39:15.010,1.13734,1.1375,2.25,1.50
2013.10.11 18:39:15.609,1.13734,1.13749,1.88,1.50
2013.10.11 18:39:15.911,1.13734,1.13753,2.63,1.50
2013.10.11 18:39:15.970,1.13734,1.13758,2.63,1.50
2013.10.11 18:39:16.270,1.13734,1.13764,2.63,3.38
2013.10.11 18:39:16.496,1.13734,1.13763,2.63,1.50
2013.10.11 18:39:17.160,1.13734,1.13763,2.63,1.88
2013.10.11 18:39:17.507,1.13734,1.13763,2.63,1.88
2013.10.11 18:39:17.868,1.13734,1.13763,2.63,1.88
2013.10.11 18:39:20.663,1.13734,1.13762,2.63,1.50
2013.10.11 18:39:20.971,1.13738,1.13762,1.13,1.50
2013.10.11 18:39:21.511,1.13738,1.13762,1.13,1.50
2013.10.11 18:39:37.662,1.13734,1.13762,1.50,1.50
2013.10.11 18:39:37.781,1.13733,1.13762,1.88,1.50
2013.10.11 18:39:37.841,1.13728,1.13762,3.19,1.50
2013.10.11 18:39:38.260,1.13729,1.13756,1.50,1.50
2013.10.11 18:39:38.620,1.13729,1.1376,1.50,2.25
2013.10.11 18:39:38.980,1.13729,1.13755,1.50,1.50
2013.10.11 18:39:41.064,1.13725,1.13752,2.63,1.50
2013.10.11 18:39:41.184,1.13725,1.13752,1.88,1.50
2013.10.11 18:39:41.251,1.13724,1.13752,1.88,1.50
2013.10.11 18:39:41.892,1.13723,1.13753,2.07,1.50
2013.10.11 18:39:43.038,1.13724,1.1375,1.50,1.50
2013.10.11 18:39:43.530,1.13724,1.13754,1.88,1.50
2013.10.11 18:39:43.591,1.13724,1.13752,1.88,1.50
2013.10.11 18:39:44.210,1.13722,1.13751,1.13,1.50
2013.10.11 18:39:44.271,1.13722,1.13751,1.13,2.25
2013.10.11 18:39:46.271,1.1372,1.13744,1.13,1.50
2013.10.11 18:39:46.332,1.13718,1.13744,1.50,1.50
2013.10.11 18:39:46.514,1.13714,1.13744,2.25,1.50
2013.10.11 18:39:46.760,1.13714,1.13745,1.88,1.50
2013.10.11 18:39:46.881,1.13714,1.13744,1.88,1.50
2013.10.11 18:39:47.260,1.13713,1.13745,1.88,1.50
2013.10.11 18:39:47.440,1.13713,1.13745,1.88,2.25
2013.10.11 18:39:47.561,1.13713,1.13745,1.88,2.25
2013.10.11 18:39:47.681,1.13713,1.13743,1.88,1.50
2013.10.11 18:39:47.983,1.13713,1.13744,1.88,1.50
2013.10.11 18:39:48.100,1.13713,1.13744,1.88,1.50
2013.10.11 18:39:48.340,1.13713,1.13744,1.88,1.50
2013.10.11 18:39:48.520,1.13713,1.13746,1.88,2.25
2013.10.11 18:39:48.702,1.13713,1.13743,1.88,1.50
2013.10.11 18:39:51.930,1.13713,1.1374,1.88,1.50
2013.10.11 18:39:52.232,1.13719,1.1374,1.13,1.50
2013.10.11 18:39:52.412,1.13717,1.1374,1.13,1.50
2013.10.11 18:39:52.591,1.13716,1.1374,1.13,1.50
2013.10.11 18:39:52.831,1.13717,1.1374,1.13,1.50
2013.10.11 18:40:05.630,1.13714,1.13741,3.19,1.50
2013.10.11 18:40:15.747,1.13719,1.13741,1.13,1.50
2013.10.11 18:40:15.884,1.13714,1.13741,3.57,1.50
2013.10.11 18:40:24.921,1.13726,1.13742,1.50,1.50
2013.10.11 18:40:25.041,1.13729,1.13744,1.13,1.50
2013.10.11 18:40:25.101,1.1373,1.13745,1.50,1.50
2013.10.11 18:40:25.282,1.1373,1.13761,1.50,1.50
2013.10.11 18:40:25.341,1.1373,1.1376,1.50,1.13
2013.10.11 18:40:25.461,1.13726,1.13758,1.13,1.13
2013.10.11 18:40:25.521,1.13721,1.13751,1.50,1.50
2013.10.11 18:40:25.581,1.13719,1.13751,1.13,1.50
2013.10.11 18:40:25.701,1.13719,1.1375,1.32,1.50
2013.10.11 18:40:25.942,1.13719,1.13751,1.32,1.50
2013.10.11 18:40:26.401,1.13719,1.13751,2.82,2.25
2013.10.11 18:40:28.881,1.13719,1.13751,1.32,1.50
2013.10.11 18:40:29.240,1.13731,1.13756,1.88,1.50
2013.10.11 18:40:30.011,1.13731,1.13756,1.88,1.50
2013.10.11 18:40:30.711,1.13731,1.13756,1.88,1.50
2013.10.11 18:40:32.251,1.13727,1.13756,2.25,1.50
2013.10.11 18:40:32.792,1.13728,1.13756,1.50,1.50
2013.10.11 18:40:33.330,1.13728,1.13756,1.50,1.50
2013.10.11 18:40:36.290,1.13728,1.13756,1.50,1.50
2013.10.11 18:40:37.332,1.13728,1.13756,1.50,1.50
2013.10.11 18:40:38.270,1.13728,1.13756,1.50,1.50
2013.10.11 18:40:39.234,1.13728,1.13756,1.50,1.50
2013.10.11 18:40:39.845,1.13729,1.13756,1.50,1.50
2013.10.11 18:40:40.471,1.13726,1.13756,1.13,1.50
2013.10.11 18:40:40.591,1.13719,1.13752,2.07,1.13
2013.10.11 18:40:40.771,1.13719,1.13751,1.13,1.50
2013.10.11 18:40:40.831,1.13717,1.1375,2.25,1.50
2013.10.11 18:40:41.011,1.13717,1.13751,1.32,2.25
2013.10.11 18:40:41.071,1.13717,1.13751,1.32,2.25
2013.10.11 18:40:41.131,1.13717,1.1375,1.13,1.50
2013.10.11 18:40:41.491,1.13717,1.1375,1.13,1.50
2013.10.11 18:41:07.123,1.13717,1.1375,1.88,1.50
2013.10.11 18:41:07.241,1.13717,1.13751,1.88,1.50
2013.10.11 18:41:12.062,1.13717,1.13751,2.07,2.25
2013.10.11 18:41:15.172,1.13729,1.13751,1.13,2.25
2013.10.11 18:41:17.144,1.13731,1.13753,1.50,1.50
2013.10.11 18:41:23.204,1.1373,1.13753,1.50,1.50
2013.10.11 18:41:27.960,1.13732,1.13753,1.50,1.50
2013.10.11 18:41:35.201,1.1373,1.13752,1.50,1.50
2013.10.11 18:41:41.480,1.1373,1.13756,1.50,2.25
2013.10.11 18:41:45.680,1.1373,1.13756,1.50,2.25
2013.10.11 18:41:45.860,1.13732,1.13757,1.13,2.25
2013.10.11 18:41:49.141,1.13731,1.13757,1.88,2.25
2013.10.11 18:41:49.765,1.13731,1.13757,1.88,2.25
2013.10.11 18:41:50.446,1.13731,1.13757,1.88,2.25
2013.10.11 18:41:53.133,1.13731,1.13757,1.88,2.25
2013.10.11 18:42:13.870,1.13732,1.13757,1.13,2.25
2013.10.11 18:42:15.782,1.13732,1.13757,1.88,2.25
2013.10.11 18:42:16.332,1.13732,1.13757,1.88,2.25
2013.10.11 18:42:19.571,1.13732,1.13757,1.88,2.25
2013.10.11 18:42:20.073,1.1373,1.13757,1.50,2.25
2013.10.11 18:42:20.141,1.1373,1.13757,1.13,3.00
2013.10.11 18:42:20.681,1.1373,1.13754,1.50,1.50
2013.10.11 18:42:20.921,1.1373,1.13762,1.50,2.25
2013.10.11 18:42:21.040,1.1373,1.13762,1.50,1.50
2013.10.11 18:42:21.647,1.1373,1.13762,1.50,1.50
2013.10.11 18:42:21.996,1.1373,1.13762,1.50,1.50
2013.10.11 18:42:23.077,1.1373,1.13762,1.50,1.50
2013.10.11 18:42:23.461,1.1373,1.13752,1.50,1.50
2013.10.11 18:42:34.201,1.1373,1.13753,1.50,2.25
2013.10.11 18:42:50.841,1.13733,1.13753,1.88,2.25
2013.10.11 18:43:04.210,1.13729,1.13752,1.50,1.50
2013.10.11 18:43:04.512,1.13732,1.13752,1.50,1.50
2013.10.11 18:43:04.754,1.13724,1.13748,2.25,1.13
2013.10.11 18:43:04.821,1.13724,1.13744,1.50,1.88
2013.10.11 18:43:05.121,1.1372,1.13744,1.50,1.13
2013.10.11 18:43:05.181,1.13719,1.13744,1.50,1.13
2013.10.11 18:43:05.301,1.13716,1.13744,1.13,1.13
2013.10.11 18:43:05.822,1.13716,1.13745,1.13,1.13
2013.10.11 18:43:05.941,1.13716,1.13744,1.13,1.50
2013.10.11 18:43:06.242,1.13716,1.1375,1.13,1.50
2013.10.11 18:43:06.900,1.13716,1.13749,1.13,1.50
2013.10.11 18:43:18.690,1.13717,1.1375,1.88,1.50
2013.10.11 18:43:25.732,1.13719,1.1375,1.13,2.25
2013.10.11 18:43:35.901,1.13719,1.13751,1.13,1.50
2013.10.11 18:43:36.440,1.13722,1.13756,1.50,1.50
2013.10.11 18:43:39.421,1.13721,1.13757,1.13,1.88
2013.10.11 18:43:41.534,1.13722,1.13756,1.88,1.50
2013.10.11 18:43:42.294,1.1372,1.13754,1.50,1.13
2013.10.11 18:43:46.431,1.13719,1.13753,1.88,1.50
2013.10.11 18:43:51.521,1.13721,1.13753,1.13,1.50
2013.10.11 18:43:51.647,1.13722,1.13753,1.50,1.50
2013.10.11 18:43:51.774,1.13723,1.13753,1.32,1.50
2013.10.11 18:43:52.171,1.13723,1.13761,1.32,1.50
2013.10.11 18:43:52.851,1.13724,1.13759,1.13,1.50
2013.10.11 18:44:11.122,1.13726,1.13759,2.07,1.50
2013.10.11 18:44:11.481,1.1373,1.13764,1.32,1.50
2013.10.11 18:44:11.602,1.13731,1.13769,1.32,1.50
2013.10.11 18:44:11.662,1.13734,1.13769,1.32,1.50
2013.10.11 18:44:11.742,1.13734,1.13769,1.32,1.50
2013.10.11 18:44:12.281,1.13733,1.13764,1.32,1.50
2013.10.11 18:44:13.061,1.13731,1.13764,2.07,1.50
2013.10.11 18:44:15.132,1.13726,1.13759,2.07,1.50
2013.10.11 18:44:15.311,1.13726,1.13759,1.88,1.50
2013.10.11 18:44:15.742,1.13726,1.13759,1.13,1.50
2013.10.11 18:44:15.861,1.13725,1.13759,1.13,1.50
2013.10.11 18:44:21.651,1.13731,1.13759,1.50,1.50
2013.10.11 18:44:21.711,1.13733,1.13761,1.13,1.50
2013.10.11 18:44:22.011,1.13736,1.13764,1.13,1.50
2013.10.11 18:44:22.071,1.13736,1.1377,1.13,2.25
2013.10.11 18:44:22.491,1.13734,1.13771,2.25,1.50
2013.10.11 18:44:22.610,1.13734,1.13774,2.44,1.50
2013.10.11 18:44:23.252,1.13736,1.13768,1.13,1.50
2013.10.11 18:44:32.791,1.13736,1.13771,1.13,2.25
2013.10.11 18:44:33.451,1.13734,1.13771,1.32,1.50
2013.10.11 18:44:33.572,1.13734,1.13771,1.32,1.50
2013.10.11 18:44:35.981,1.13731,1.13768,1.69,1.50
2013.10.11 18:44:36.161,1.13731,1.13768,1.69,1.50
2013.10.11 18:44:36.280,1.13728,1.13768,2.82,2.25
2013.10.11 18:44:36.521,1.13729,1.13761,1.69,1.50
2013.10.11 18:44:37.421,1.1373,1.13753,1.69,1.50
2013.10.11 18:44:37.721,1.13728,1.13753,1.32,1.50
2013.10.11 18:44:37.841,1.13724,1.13753,2.25,1.50
2013.10.11 18:44:37.962,1.13721,1.13753,2.52,1.50
2013.10.11 18:44:38.632,1.13719,1.13753,3.84,1.50
2013.10.11 18:44:39.238,1.13719,1.13752,2.52,1.50
2013.10.11 18:44:43.232,1.13719,1.13751,3.19,1.50
2013.10.11 18:44:45.773,1.13722,1.13753,1.13,2.25
2013.10.11 18:44:46.081,1.13723,1.13749,1.13,1.13
2013.10.11 18:44:46.439,1.13722,1.13749,1.88,1.13
2013.10.11 18:44:46.562,1.13716,1.13748,1.88,1.13
2013.10.11 18:44:46.621,1.13716,1.13748,1.88,1.13
2013.10.11 18:44:46.802,1.13716,1.13741,2.25,1.88
2013.10.11 18:44:47.691,1.13716,1.1374,2.25,1.13
2013.10.11 18:44:50.442,1.13716,1.13749,3.00,2.25
2013.10.11 18:44:50.741,1.13717,1.13749,1.69,2.25
2013.10.11 18:44:50.861,1.13717,1.13749,1.69,1.50
2013.10.11 18:44:51.162,1.13716,1.13748,1.69,1.50
2013.10.11 18:44:53.371,1.13716,1.13748,2.07,1.50
2013.10.11 18:44:53.492,1.13718,1.13751,1.69,1.50
2013.10.11 18:44:53.558,1.13719,1.13751,2.44,1.50
2013.10.11 18:44:53.860,1.13716,1.13746,1.13,1.50
2013.10.11 18:44:55.112,1.13717,1.13748,1.13,1.50
2013.10.11 18:44:56.163,1.13717,1.13748,1.13,1.50
2013.10.11 18:44:56.281,1.13717,1.13748,1.13,1.50
2013.10.11 18:44:56.621,1.13717,1.13747,1.32,1.50
2013.10.11 18:44:57.471,1.13724,1.13749,1.50,1.50
2013.10.11 18:44:57.592,1.13724,1.13749,1.69,1.13
2013.10.11 18:44:57.711,1.13724,1.13749,1.50,1.13
2013.10.11 18:44:57.831,1.13718,1.13749,1.13,1.88
2013.10.11 18:44:58.566,1.13717,1.13748,1.88,1.50
2013.10.11 18:45:00.748,1.13718,1.13747,1.32,1.50
2013.10.11 18:45:00.817,1.13718,1.13748,1.32,1.50
2013.10.11 18:45:00.941,1.13723,1.13753,1.50,3.75
2013.10.11 18:45:01.001,1.13723,1.13753,1.69,3.75
2013.10.11 18:45:01.241,1.13719,1.13748,1.32,1.50
2013.10.11 18:45:01.541,1.13717,1.13747,2.63,1.50
2013.10.11 18:45:01.761,1.13717,1.13748,2.63,1.50
2013.10.11 18:45:02.062,1.13723,1.13751,1.69,1.50
2013.10.11 18:45:02.421,1.13717,1.13747,1.88,1.50
2013.10.11 18:45:02.541,1.13717,1.13747,1.88,1.50
2013.10.11 18:45:02.781,1.13719,1.13747,1.13,1.50
2013.10.11 18:45:03.291,1.13723,1.13752,1.69,2.25
2013.10.11 18:45:03.351,1.13723,1.13752,1.69,2.25
2013.10.11 18:45:15.037,1.13724,1.13749,1.50,1.13
2013.10.11 18:45:15.222,1.13721,1.13752,1.69,3.38
2013.10.11 18:45:15.362,1.13721,1.13749,1.69,1.13
2013.10.11 18:45:15.612,1.13718,1.13746,1.13,1.13
2013.10.11 18:45:15.801,1.13719,1.13746,1.13,1.88
2013.10.11 18:45:16.101,1.13721,1.13746,1.13,1.88
2013.10.11 18:45:18.213,1.13719,1.13748,1.13,1.50
2013.10.11 18:45:19.303,1.13719,1.13746,1.13,1.13
2013.10.11 18:45:21.492,1.13719,1.13747,1.13,1.88
2013.10.11 18:45:24.202,1.13722,1.13746,1.13,1.13
2013.10.11 18:45:34.583,1.13722,1.13747,1.13,1.50
2013.10.11 18:45:34.881,1.13728,1.13754,1.88,2.25
2013.10.11 18:45:35.062,1.1373,1.13754,1.13,1.50
2013.10.11 18:45:35.302,1.13728,1.13752,1.88,1.13
2013.10.11 18:45:45.557,1.13732,1.13753,1.50,1.50
2013.10.11 18:45:45.877,1.13736,1.13756,1.50,1.50
2013.10.11 18:45:46.191,1.13737,1.13756,1.88,1.50
2013.10.11 18:45:46.311,1.13737,1.13756,1.50,1.50
2013.10.11 18:45:46.371,1.13736,1.13756,1.88,1.50
2013.10.11 18:45:46.551,1.13732,1.13754,2.63,1.50
2013.10.11 18:45:48.262,1.13732,1.13754,1.13,1.50
2013.10.11 18:45:48.904,1.13734,1.13754,1.32,1.50
2013.10.11 18:45:49.571,1.13732,1.13754,1.32,1.50
2013.10.11 18:45:53.191,1.13732,1.13754,1.13,1.50
2013.10.11 18:45:53.406,1.13732,1.13754,1.13,1.50
2013.10.11 18:46:00.131,1.13732,1.13754,1.50,1.50
2013.10.11 18:46:10.192,1.13732,1.13752,1.13,2.25
2013.10.11 18:46:10.251,1.13731,1.13752,1.13,2.25
2013.10.11 18:46:10.491,1.1373,1.13752,1.13,2.25
2013.10.11 18:46:10.611,1.13731,1.13752,1.13,2.25
2013.10.11 18:46:12.071,1.13731,1.13752,1.13,2.25
2013.10.11 18:46:17.154,1.13731,1.13752,1.13,2.25
2013.10.11 18:46:17.692,1.13731,1.13752,1.13,2.25
2013.10.11 18:46:20.242,1.13731,1.13752,1.13,2.25
2013.10.11 18:46:20.864,1.13731,1.13752,1.13,2.25
2013.10.11 18:46:22.068,1.13731,1.13752,1.13,2.25
2013.10.11 18:46:22.612,1.13731,1.13752,1.13,2.25
2013.10.11 18:46:23.181,1.13731,1.13751,1.13,1.50
2013.10.11 18:46:23.878,1.13729,1.13754,1.88,1.50
2013.10.11 18:46:24.982,1.13729,1.13754,1.13,1.50
2013.10.11 18:46:33.086,1.13729,1.13754,1.88,1.50
2013.10.11 18:46:36.371,1.13729,1.13754,1.88,1.50
2013.10.11 18:46:43.422,1.13729,1.13754,1.13,1.50
2013.10.11 18:46:45.072,1.13726,1.13754,3.38,1.50
2013.10.11 18:46:45.314,1.13726,1.13754,1.50,1.50
2013.10.11 18:46:45.851,1.13724,1.13753,1.13,1.50
2013.10.11 18:46:46.391,1.13724,1.13753,1.13,2.25
2013.10.11 18:46:46.512,1.13726,1.13753,1.13,1.50
2013.10.11 18:46:47.214,1.13728,1.13754,1.13,1.50
2013.10.11 18:46:47.802,1.13729,1.13754,1.88,1.50
2013.10.11 18:46:48.104,1.13729,1.13754,2.44,1.50
2013.10.11 18:46:48.176,1.13729,1.13754,2.07,1.50
2013.10.11 18:46:48.483,1.13738,1.13754,1.13,1.50
2013.10.11 18:46:49.023,1.13732,1.13754,1.13,1.50
2013.10.11 18:46:59.164,1.1373,1.13754,1.32,1.50
2013.10.11 18:47:04.932,1.1373,1.13753,1.32,1.50
2013.10.11 18:47:10.802,1.13729,1.13753,3.00,1.50
2013.10.11 18:47:11.052,1.13731,1.13753,1.50,1.50
2013.10.11 18:47:40.421,1.13731,1.13753,1.13,1.50
2013.10.11 18:47:44.861,1.13731,1.13754,1.13,1.50
2013.10.11 18:47:45.922,1.13731,1.13754,1.13,1.50
2013.10.11 18:48:00.992,1.13732,1.13753,1.13,1.50
2013.10.11 18:48:03.502,1.13733,1.13753,1.50,1.50
2013.10.11 18:48:03.752,1.13729,1.13753,2.25,1.50
2013.10.11 18:48:06.063,1.13729,1.13752,1.32,1.50
2013.10.11 18:48:06.635,1.13728,1.13754,1.32,1.50
2013.10.11 18:48:08.913,1.13729,1.13754,1.32,1.50
2013.10.11 18:48:15.953,1.13731,1.13752,1.13,1.50
2013.10.11 18:48:16.252,1.13731,1.13753,1.13,1.50
2013.10.11 18:48:21.271,1.13732,1.13753,1.13,1.50
2013.10.11 18:48:26.003,1.1373,1.13753,1.32,2.25
2013.10.11 18:48:26.641,1.13727,1.13753,1.69,1.50
2013.10.11 18:48:31.302,1.1373,1.13753,1.13,3.00
2013.10.11 18:48:41.201,1.1373,1.13752,1.13,2.25
2013.10.11 18:48:42.241,1.1373,1.13752,1.13,2.25
2013.10.11 18:48:42.781,1.1373,1.13752,1.13,1.50
2013.10.11 18:48:46.621,1.13727,1.13752,2.07,2.25
2013.10.11 18:48:53.242,1.13727,1.13752,1.88,1.50
2013.10.11 18:48:54.111,1.13727,1.13752,1.88,1.50
2013.10.11 18:48:57.741,1.13727,1.13752,1.88,2.25
2013.10.11 18:49:02.728,1.13727,1.13752,1.88,1.50
2013.10.11 18:49:03.362,1.13727,1.13752,1.50,2.25
2013.10.11 18:49:03.782,1.13724,1.13751,1.13,1.50
2013.10.11 18:49:04.342,1.13724,1.13752,1.13,2.25
2013.10.11 18:49:05.100,1.13726,1.13753,1.32,2.25
2013.10.11 18:49:17.259,1.13727,1.13752,1.32,1.50
2013.10.11 18:49:19.299,1.13727,1.13752,1.69,1.50
2013.10.11 18:49:19.601,1.13741,1.13759,1.50,3.00
2013.10.11 18:49:19.845,1.13732,1.1376,2.44,3.00
2013.10.11 18:49:19.912,1.13732,1.13758,2.44,1.50
2013.10.11 18:49:20.242,1.13731,1.13754,1.32,1.50
2013.10.11 18:49:20.301,1.13731,1.13754,1.32,1.50
2013.10.11 18:49:21.422,1.1373,1.13754,2.07,1.50
2013.10.11 18:49:21.942,1.13729,1.13754,2.07,1.50
2013.10.11 18:49:22.312,1.13732,1.13754,1.32,1.50
2013.10.11 18:49:22.432,1.13731,1.13754,1.32,1.50
2013.10.11 18:49:22.702,1.1373,1.13754,1.32,1.50
2013.10.11 18:49:23.061,1.13726,1.13753,1.32,1.13
2013.10.11 18:49:23.242,1.13727,1.13753,1.32,1.13
2013.10.11 18:49:23.302,1.13727,1.13754,1.32,1.50
2013.10.11 18:49:23.422,1.13736,1.13754,1.50,1.50
2013.10.11 18:49:23.602,1.13736,1.13758,2.25,1.50
2013.10.11 18:49:27.902,1.13742,1.13758,2.25,2.25
2013.10.11 18:49:28.203,1.13747,1.13761,1.13,1.50
2013.10.11 18:49:28.322,1.13749,1.13773,1.50,1.50
2013.10.11 18:49:28.502,1.13753,1.13779,1.13,1.88
2013.10.11 18:49:28.683,1.1375,1.13779,1.50,1.50
2013.10.11 18:49:28.922,1.13749,1.13779,1.88,1.13
2013.10.11 18:49:29.283,1.13752,1.13782,1.13,1.50
2013.10.11 18:49:29.461,1.13752,1.13785,1.13,1.13
2013.10.11 18:49:29.581,1.13752,1.13785,1.13,1.13
2013.10.11 18:49:29.647,1.13752,1.13785,1.13,1.13
2013.10.11 18:49:29.772,1.13748,1.13772,1.50,1.88
2013.10.11 18:49:29.891,1.13744,1.13771,1.88,1.50
2013.10.11 18:49:29.954,1.13744,1.13766,1.13,1.50
2013.10.11 18:49:30.012,1.13737,1.13766,1.88,1.88
2013.10.11 18:49:30.591,1.13737,1.13766,1.13,1.88
2013.10.11 18:49:33.198,1.13735,1.13766,1.13,1.13
2013.10.11 18:49:35.881,1.13735,1.13766,1.13,1.88
2013.10.11 18:49:37.033,1.13735,1.13766,1.13,1.88
2013.10.11 18:49:37.152,1.13737,1.13766,1.13,1.88
2013.10.11 18:49:37.332,1.13733,1.13758,1.32,1.50
2013.10.11 18:49:37.391,1.13731,1.13767,1.32,2.25
2013.10.11 18:49:37.571,1.13731,1.13767,1.32,1.50
2013.10.11 18:49:37.812,1.13731,1.13771,2.07,1.50
2013.10.11 18:49:37.931,1.13736,1.13767,1.13,1.13
2013.10.11 18:49:38.635,1.13735,1.13766,1.13,1.50
2013.10.11 18:49:39.539,1.13735,1.13766,1.13,1.13
2013.10.11 18:49:39.842,1.13735,1.13758,1.13,1.50
2013.10.11 18:49:39.961,1.13735,1.13766,1.13,1.50
2013.10.11 18:49:40.022,1.13734,1.13766,1.13,1.50
2013.10.11 18:49:40.201,1.13734,1.13767,1.13,1.88
2013.10.11 18:49:40.819,1.13734,1.13766,1.13,1.50
2013.10.11 18:49:41.355,1.13734,1.13767,1.13,2.63
2013.10.11 18:49:41.849,1.13734,1.13767,1.13,2.63
2013.10.11 18:49:42.151,1.13734,1.13757,1.13,1.50
2013.10.11 18:49:42.613,1.13734,1.13766,1.13,1.88
2013.10.11 18:49:45.792,1.13732,1.13766,2.07,1.13
2013.10.11 18:49:47.812,1.13732,1.13763,2.07,1.13
2013.10.11 18:49:48.131,1.13732,1.13761,1.88,1.88
2013.10.11 18:49:50.722,1.13732,1.13763,1.13,1.50
2013.10.11 18:49:51.357,1.13732,1.13767,1.13,1.50
2013.10.11 18:49:59.701,1.1373,1.13767,1.69,1.50
2013.10.11 18:50:06.751,1.13729,1.13768,1.69,2.63
2013.10.11 18:50:06.812,1.13729,1.13768,1.69,2.63
2013.10.11 18:50:08.908,1.13734,1.13768,1.50,1.88
2013.10.11 18:50:19.908,1.13734,1.13768,1.50,1.88
2013.10.11 18:50:30.452,1.13735,1.13768,2.25,1.88
2013.10.11 18:50:35.173,1.13736,1.13768,1.50,1.13
2013.10.11 18:50:42.655,1.13735,1.13768,2.25,1.13
2013.10.11 18:50:44.374,1.13736,1.13771,1.50,1.50
2013.10.11 18:50:44.434,1.1374,1.13772,1.13,1.50
2013.10.11 18:50:44.554,1.13742,1.13778,2.07,1.50
2013.10.11 18:50:44.792,1.13744,1.13782,1.32,2.25
2013.10.11 18:50:44.911,1.13744,1.13781,1.32,1.50
2013.10.11 18:50:45.091,1.13744,1.13782,1.32,1.50
2013.10.11 18:50:45.421,1.13743,1.13781,1.32,1.50
2013.10.11 18:50:46.183,1.13745,1.1378,1.13,1.50
2013.10.11 18:50:47.213,1.13745,1.13779,1.13,1.13
2013.10.11 18:50:47.512,1.13741,1.13774,1.13,1.50
2013.10.11 18:50:47.752,1.13739,1.13775,1.13,2.63
2013.10.11 18:50:48.211,1.13738,1.13773,1.13,1.50
2013.10.11 18:50:48.566,1.13739,1.13771,1.13,1.50
2013.10.11 18:50:51.823,1.13738,1.13771,1.13,1.50
2013.10.11 18:50:59.113,1.13738,1.13771,1.13,1.50
2013.10.11 18:51:02.922,1.13751,1.13771,1.35,1.50
2013.10.11 18:51:03.044,1.13759,1.13773,1.13,3.00
2013.10.11 18:51:03.101,1.1376,1.13781,1.50,1.50
2013.10.11 18:51:03.221,1.13754,1.13782,1.50,1.50
2013.10.11 18:51:03.402,1.13754,1.13783,1.50,1.50
2013.10.11 18:51:03.644,1.13748,1.13783,2.44,2.25
2013.10.11 18:51:04.042,1.13748,1.13783,1.50,2.25
2013.10.11 18:51:04.648,1.13748,1.13781,1.50,1.50
2013.10.11 18:51:17.582,1.13747,1.13779,1.50,1.50
2013.10.11 18:51:17.703,1.13737,1.13771,1.13,1.50
2013.10.11 18:51:17.822,1.13735,1.13765,1.50,1.13
2013.10.11 18:51:17.942,1.13736,1.13768,1.50,1.13
2013.10.11 18:51:18.002,1.13736,1.1377,2.25,1.13
2013.10.11 18:51:29.153,1.13741,1.13771,1.13,1.50
2013.10.11 18:51:29.273,1.13746,1.13774,1.50,1.50
2013.10.11 18:51:40.112,1.13745,1.13783,1.88,2.63
2013.10.11 18:51:40.352,1.13745,1.13783,1.88,1.50
2013.10.11 18:51:40.412,1.13745,1.13784,1.88,1.50
2013.10.11 18:51:40.592,1.13748,1.13786,1.13,1.50
2013.10.11 18:51:41.433,1.13748,1.13786,1.13,2.63
2013.10.11 18:51:41.542,1.1375,1.13786,1.50,2.63
2013.10.11 18:51:53.913,1.13748,1.13786,1.13,3.38
2013.10.11 18:51:56.401,1.13748,1.13786,1.13,1.88
2013.10.11 18:51:57.702,1.13751,1.13788,1.50,1.13
2013.10.11 18:52:09.693,1.13756,1.13787,1.50,1.13
2013.10.11 18:52:09.812,1.13758,1.13787,1.50,1.13
2013.10.11 18:52:10.235,1.13761,1.13787,1.50,1.13
2013.10.11 18:52:10.421,1.13759,1.13787,1.50,1.13
2013.10.11 18:52:10.542,1.13758,1.13787,2.25,1.13
2013.10.11 18:52:10.781,1.13758,1.13788,2.25,1.13
2013.10.11 18:52:10.962,1.13762,1.13788,1.50,1.13
2013.10.11 18:52:11.081,1.13762,1.13788,1.50,1.13
2013.10.11 18:52:19.922,1.13761,1.13787,1.50,1.13
2013.10.11 18:52:20.422,1.13764,1.13787,1.50,1.13
2013.10.11 18:52:21.787,1.13766,1.13788,1.50,1.88
2013.10.11 18:52:22.102,1.13765,1.13781,1.50,1.13
2013.10.11 18:52:22.832,1.13766,1.13781,1.50,1.13
2013.10.11 18:52:23.111,1.13752,1.13781,1.50,1.13
2013.10.11 18:52:23.232,1.1375,1.13781,1.50,1.13
2013.10.11 18:52:23.292,1.13748,1.13781,2.25,1.13
2013.10.11 18:52:23.822,1.1375,1.13781,1.50,1.88
2013.10.11 18:52:24.482,1.1375,1.13781,1.50,1.88
2013.10.11 18:52:32.023,1.13748,1.13781,1.50,1.13
2013.10.11 18:52:38.024,1.13748,1.13781,1.50,1.88
2013.10.11 18:52:44.566,1.13748,1.13782,1.50,1.13
2013.10.11 18:52:45.662,1.13748,1.13782,1.50,1.13
2013.10.11 18:52:46.213,1.13748,1.13782,1.50,1.13
2013.10.11 18:52:47.283,1.13748,1.13782,1.50,1.13
2013.10.11 18:52:49.182,1.13748,1.13782,1.50,1.13
2013.10.11 18:52:50.234,1.13748,1.13782,1.50,1.13
2013.10.11 18:52:53.802,1.13748,1.13781,1.50,1.50
2013.10.11 18:52:56.232,1.13748,1.13782,1.50,1.13
2013.10.11 18:52:58.452,1.13748,1.13782,1.50,1.13
2013.10.11 18:52:59.892,1.13748,1.13782,1.50,1.13
2013.10.11 18:53:00.452,1.13748,1.13782,1.50,1.13
2013.10.11 18:53:01.097,1.13748,1.13782,1.50,1.13
2013.10.11 18:53:02.663,1.13748,1.13782,1.50,1.88
2013.10.11 18:53:05.132,1.13747,1.13782,2.25,1.88
2013.10.11 18:53:05.252,1.13748,1.13782,1.50,2.63
2013.10.11 18:53:25.633,1.13749,1.13782,1.50,1.88
2013.10.11 18:53:26.163,1.13749,1.13782,1.50,1.88
2013.10.11 18:53:26.719,1.13749,1.13782,1.50,1.88
2013.10.11 18:53:28.202,1.13749,1.13782,1.50,1.88
2013.10.11 18:53:28.804,1.13749,1.13782,1.50,1.88
2013.10.11 18:53:29.333,1.13749,1.13782,1.50,1.88
2013.10.11 18:53:31.012,1.13749,1.13782,1.50,1.88
2013.10.11 18:53:31.567,1.13749,1.13782,1.50,1.88
2013.10.11 18:53:31.884,1.13762,1.13782,2.25,1.13
2013.10.11 18:53:32.122,1.13758,1.13783,1.50,1.50
2013.10.11 18:53:32.182,1.13758,1.13785,1.50,1.50
2013.10.11 18:53:32.242,1.13763,1.13791,1.50,1.88
2013.10.11 18:53:32.483,1.13764,1.13791,1.50,1.88
2013.10.11 18:53:33.132,1.13765,1.13791,1.50,1.88
2013.10.11 18:53:34.123,1.13765,1.13788,1.50,1.50
2013.10.11 18:53:41.528,1.13761,1.13791,2.25,1.88
2013.10.11 18:53:41.715,1.13761,1.13791,1.50,1.13
2013.10.11 18:53:41.782,1.13761,1.13791,2.25,1.13
2013.10.11 18:53:42.314,1.13764,1.13791,2.25,1.13
2013.10.11 18:53:42.803,1.13766,1.13798,2.25,1.50
2013.10.11 18:53:43.162,1.13766,1.13801,2.25,1.50
2013.10.11 18:54:03.522,1.13766,1.13794,2.25,1.88
2013.10.11 18:54:03.762,1.13765,1.13801,1.50,1.50
2013.10.11 18:54:24.452,1.13767,1.13802,2.25,1.13
2013.10.11 18:54:36.203,1.13767,1.13803,2.25,1.13
2013.10.11 18:54:36.683,1.13769,1.13803,2.25,1.13
2013.10.11 18:55:02.044,1.1377,1.13799,1.50,1.50
2013.10.11 18:55:02.103,1.13765,1.13798,2.25,1.50
2013.10.11 18:55:02.224,1.13763,1.13798,1.13,1.50
2013.10.11 18:55:02.473,1.13764,1.13793,1.50,1.50
2013.10.11 18:55:03.136,1.13768,1.138,2.25,1.13
2013.10.11 18:55:03.324,1.13775,1.13802,1.13,1.50
2013.10.11 18:55:03.744,1.13774,1.13806,1.50,1.50
2013.10.11 18:55:03.862,1.13774,1.13804,2.25,1.50
2013.10.11 18:55:04.162,1.13774,1.13806,1.50,1.50
2013.10.11 18:55:04.293,1.13774,1.13804,1.50,1.50
2013.10.11 18:55:04.423,1.13774,1.13806,1.50,1.50
2013.10.11 18:55:04.542,1.13774,1.13804,1.50,1.50
2013.10.11 18:55:04.602,1.13774,1.13807,1.50,1.88
2013.10.11 18:55:05.443,1.13774,1.1381,1.50,1.69
2013.10.11 18:55:05.682,1.13776,1.138,1.13,1.13
2013.10.11 18:55:06.222,1.13771,1.13806,1.50,1.50
2013.10.11 18:55:06.282,1.13772,1.13807,1.50,2.25
2013.10.11 18:55:07.122,1.13772,1.13808,1.13,1.13
2013.10.11 18:55:07.872,1.13772,1.13808,1.13,1.13
2013.10.11 18:55:08.374,1.13773,1.13808,1.13,1.13
2013.10.11 18:55:08.824,1.13773,1.13807,1.13,1.13
2013.10.11 18:55:09.182,1.13772,1.13798,1.50,1.50
2013.10.11 18:55:09.303,1.13772,1.13807,1.88,1.88
2013.10.11 18:55:10.272,1.13772,1.13807,2.63,1.13
2013.10.11 18:55:11.094,1.13772,1.13807,1.88,1.13
2013.10.11 18:55:12.213,1.13772,1.13807,1.88,1.13
2013.10.11 18:55:12.860,1.13772,1.13806,1.88,1.13
2013.10.11 18:55:15.314,1.13773,1.13808,1.13,1.50
2013.10.11 18:55:15.852,1.13775,1.13813,1.13,1.69
2013.10.11 18:55:15.912,1.13775,1.13812,1.13,1.13
2013.10.11 18:55:16.213,1.13774,1.1381,1.50,1.50
2013.10.11 18:55:17.903,1.13776,1.13812,1.13,1.69
2013.10.11 18:55:18.082,1.13776,1.13812,1.13,2.82
2013.10.11 18:55:18.749,1.13775,1.13807,1.50,1.32
2013.10.11 18:55:19.172,1.13773,1.138,1.13,1.13
2013.10.11 18:55:19.539,1.13773,1.13803,1.13,1.50
2013.10.11 18:55:19.662,1.13773,1.13806,1.13,2.25
2013.10.11 18:55:20.852,1.13772,1.13806,2.25,2.44
2013.10.11 18:55:21.222,1.13772,1.13807,1.50,1.32
2013.10.11 18:55:21.739,1.13772,1.13807,1.50,1.32
2013.10.11 18:55:22.334,1.13772,1.13807,1.50,2.07
2013.10.11 18:55:28.212,1.13772,1.13809,1.50,1.69
2013.10.11 18:55:28.332,1.13776,1.1381,1.13,1.50
2013.10.11 18:55:30.113,1.13776,1.13811,1.13,1.69
2013.10.11 18:55:30.722,1.13776,1.13812,1.13,3.19
2013.10.11 18:55:31.874,1.13775,1.13812,1.13,3.00
2013.10.11 18:55:32.407,1.13777,1.13811,1.50,1.50
2013.10.11 18:55:36.642,1.13777,1.13812,1.50,2.63
2013.10.11 18:55:37.643,1.13777,1.13812,1.50,2.63
2013.10.11 18:55:38.435,1.13777,1.13812,1.50,2.25
2013.10.11 18:55:38.984,1.13777,1.13812,1.50,2.25
2013.10.11 18:55:41.772,1.13777,1.13812,1.50,3.00
2013.10.11 18:55:45.592,1.13777,1.13812,1.50,3.00
2013.10.11 18:55:59.022,1.13778,1.13812,1.50,3.38
2013.10.11 18:55:59.631,1.13778,1.13812,1.50,3.38
2013.10.11 18:56:02.635,1.13784,1.13812,1.50,3.38
2013.10.11 18:56:02.942,1.13791,1.13813,1.50,2.26
2013.10.11 18:56:03.003,1.13794,1.13813,1.50,2.25
2013.10.11 18:56:03.063,1.13795,1.13813,1.50,2.25
2013.10.11 18:56:03.368,1.13799,1.13813,1.50,1.50
2013.10.11 18:56:04.092,1.13799,1.13812,1.50,1.50
2013.10.11 18:56:04.213,1.13794,1.13813,1.50,2.25
2013.10.11 18:56:04.756,1.13793,1.13813,1.50,1.50
2013.10.11 18:56:04.823,1.13787,1.13813,1.50,1.50
2013.10.11 18:56:04.882,1.13786,1.13813,1.50,1.50
2013.10.11 18:56:05.695,1.13784,1.13813,2.25,1.50
2013.10.11 18:56:10.395,1.13784,1.13813,2.25,2.25
2013.10.11 18:56:11.473,1.13782,1.13812,1.50,1.50
2013.10.11 18:56:12.661,1.13785,1.13811,1.50,1.50
2013.10.11 18:56:13.424,1.13786,1.13811,2.25,1.50
2013.10.11 18:56:13.954,1.13786,1.13812,2.25,1.50
2013.10.11 18:56:20.562,1.13786,1.13813,2.25,1.50
2013.10.11 18:56:30.424,1.13786,1.13814,2.25,2.25
2013.10.11 18:56:36.652,1.13783,1.13813,2.25,1.50
2013.10.11 18:56:45.142,1.13783,1.13814,2.25,2.25
2013.10.11 18:56:45.812,1.13786,1.13813,1.50,1.50
2013.10.11 18:56:46.586,1.13787,1.13814,1.50,2.25
2013.10.11 18:56:51.973,1.13787,1.13813,1.50,1.50
2013.10.11 18:57:00.622,1.13785,1.13813,1.50,1.50
2013.10.11 18:57:00.935,1.13789,1.13814,1.50,3.00
2013.10.11 18:57:01.323,1.13789,1.13812,1.50,1.50
2013.10.11 18:57:01.382,1.13783,1.13812,1.50,1.50
2013.10.11 18:57:01.694,1.13787,1.13812,1.50,1.50
2013.10.11 18:57:02.012,1.13787,1.13814,1.50,3.00
2013.10.11 18:57:04.273,1.13784,1.13813,2.25,1.50
2013.10.11 18:57:04.572,1.13784,1.13812,1.50,1.50
2013.10.11 18:57:05.304,1.13782,1.1381,1.50,1.50
2013.10.11 18:57:22.174,1.13782,1.13811,1.50,1.50
2013.10.11 18:57:25.192,1.13783,1.13811,2.25,1.50
2013.10.11 18:57:38.075,1.13783,1.13811,2.25,1.50
2013.10.11 18:57:42.188,1.13783,1.13811,2.25,1.50
2013.10.11 18:57:42.858,1.13783,1.13812,2.25,2.63
2013.10.11 18:57:45.182,1.13783,1.1381,2.25,1.50
2013.10.11 18:57:45.894,1.13781,1.1381,2.25,1.50
2013.10.11 18:57:49.402,1.13781,1.13812,2.25,2.63
2013.10.11 18:57:52.713,1.13781,1.13811,2.25,1.50
2013.10.11 18:57:53.544,1.13781,1.13811,2.25,1.50
2013.10.11 18:57:54.469,1.13781,1.13811,2.25,1.88
2013.10.11 18:57:55.612,1.13781,1.13811,2.25,1.88
2013.10.11 18:57:56.203,1.13781,1.13811,2.25,1.13
2013.10.11 18:57:57.506,1.13781,1.13811,2.25,1.13
2013.10.11 18:57:58.224,1.13781,1.13811,2.25,1.88
2013.10.11 18:58:00.840,1.13781,1.13811,2.25,1.88
2013.10.11 18:58:01.433,1.13781,1.13811,1.50,1.13
2013.10.11 18:58:01.672,1.13781,1.13811,2.25,1.13
2013.10.11 18:58:02.522,1.13781,1.13811,2.25,1.88
2013.10.11 18:58:05.352,1.13781,1.13811,2.25,1.13
2013.10.11 18:58:05.896,1.13781,1.13811,1.50,1.13
2013.10.11 18:58:06.975,1.13781,1.13811,1.50,1.13
2013.10.11 18:58:07.372,1.13781,1.13811,1.50,1.88
2013.10.11 18:58:18.126,1.13781,1.13811,1.50,1.50
2013.10.11 18:58:18.252,1.13787,1.13812,1.50,2.25
2013.10.11 18:58:18.312,1.13787,1.13811,2.25,1.50
2013.10.11 18:58:18.895,1.13787,1.13811,2.25,1.50
2013.10.11 18:58:19.472,1.13787,1.13811,2.25,1.50
2013.10.11 18:58:20.185,1.13787,1.13811,2.25,1.50
2013.10.11 18:58:20.932,1.13787,1.13812,2.25,2.25
2013.10.11 18:58:21.543,1.13787,1.13811,2.25,1.50
2013.10.11 18:58:22.213,1.13787,1.13812,2.25,2.25
2013.10.11 18:58:23.274,1.13787,1.13811,2.25,1.50
2013.10.11 18:58:23.872,1.13787,1.13812,2.25,2.25
2013.10.11 18:58:25.516,1.13787,1.13812,2.25,2.25
2013.10.11 18:58:26.103,1.13789,1.13811,1.50,1.50
2013.10.11 18:58:26.652,1.13788,1.13812,1.50,1.50
2013.10.11 18:58:30.215,1.13787,1.13811,1.50,1.50
2013.10.11 18:58:30.573,1.1379,1.13811,1.50,1.50
2013.10.11 18:58:31.243,1.13788,1.13811,2.25,1.50
2013.10.11 18:58:32.007,1.13788,1.13812,2.25,1.50
2013.10.11 18:58:33.194,1.13787,1.13811,3.00,1.50
2013.10.11 18:58:33.841,1.13787,1.13811,2.25,1.50
2013.10.11 18:58:34.313,1.13788,1.13812,1.50,2.25
2013.10.11 18:58:34.982,1.13789,1.13811,1.50,1.50
2013.10.11 18:58:35.343,1.1378,1.13811,3.00,1.50
2013.10.11 18:58:36.358,1.1378,1.13811,2.25,1.50
2013.10.11 18:58:36.662,1.13781,1.13807,2.25,1.50
2013.10.11 18:58:37.102,1.13781,1.13806,2.25,1.50
2013.10.11 18:58:37.552,1.13781,1.13811,1.50,1.50
2013.10.11 18:58:38.143,1.13781,1.13812,1.50,2.25
2013.10.11 18:58:38.925,1.13781,1.13811,1.50,1.50
2013.10.11 18:58:40.962,1.13781,1.13812,1.50,2.25
2013.10.11 18:58:46.143,1.13781,1.13811,2.25,1.50
2013.10.11 18:58:47.562,1.1378,1.13811,3.00,1.50
2013.10.11 18:58:48.083,1.1378,1.13812,3.00,1.50
2013.10.11 18:58:48.622,1.13781,1.13811,1.50,1.50
2013.10.11 18:58:49.195,1.13781,1.13811,1.50,1.50
2013.10.11 18:58:50.214,1.13781,1.13812,1.50,1.50
2013.10.11 18:58:50.883,1.13781,1.13811,1.50,1.50
2013.10.11 18:58:51.483,1.13782,1.13811,1.50,1.50
2013.10.11 18:58:54.562,1.13782,1.13811,1.50,1.50
2013.10.11 18:58:59.065,1.13781,1.13811,1.50,1.50
2013.10.11 18:58:59.796,1.13781,1.13811,1.50,1.50
2013.10.11 18:59:01.833,1.13781,1.13811,2.63,1.50
2013.10.11 18:59:02.384,1.13781,1.13811,1.88,1.50
2013.10.11 18:59:02.955,1.13781,1.13811,2.25,1.50
2013.10.11 18:59:03.483,1.13781,1.13811,1.50,1.50
2013.10.11 18:59:04.057,1.13781,1.13812,2.25,2.25
2013.10.11 18:59:08.286,1.13791,1.13812,1.13,1.50
2013.10.11 18:59:08.596,1.1378,1.13808,3.00,1.88
2013.10.11 18:59:08.903,1.13781,1.13803,2.25,1.13
2013.10.11 18:59:09.023,1.13781,1.13807,1.50,2.25
2013.10.11 18:59:09.563,1.13781,1.13804,2.25,1.88
2013.10.11 18:59:10.073,1.13781,1.13806,1.50,1.50
2013.10.11 18:59:10.779,1.13781,1.13806,1.50,1.50
2013.10.11 18:59:11.425,1.13781,1.13804,1.50,1.13
2013.10.11 18:59:11.724,1.13782,1.13806,1.13,1.50
2013.10.11 18:59:12.093,1.13782,1.13805,1.13,1.13
2013.10.11 18:59:12.875,1.13781,1.13805,1.50,1.50
2013.10.11 18:59:13.303,1.13783,1.13804,1.13,1.50
2013.10.11 18:59:13.486,1.13783,1.13807,1.13,2.25
2013.10.11 18:59:14.763,1.13781,1.13802,1.50,1.50
2013.10.11 18:59:15.419,1.13781,1.13801,1.50,1.50
2013.10.11 18:59:15.974,1.13781,1.13802,2.25,1.50
2013.10.11 18:59:17.332,1.13781,1.13801,2.25,1.50
2013.10.11 18:59:18.503,1.1378,1.13807,2.25,1.50
2013.10.11 18:59:18.564,1.1378,1.13807,2.25,1.50
2013.10.11 18:59:19.165,1.13781,1.13803,1.50,1.50
2013.10.11 18:59:19.794,1.13781,1.13802,2.25,1.50
2013.10.11 18:59:21.052,1.13781,1.13802,1.50,1.50
2013.10.11 18:59:21.295,1.13777,1.13802,1.50,1.50
2013.10.11 18:59:21.595,1.13777,1.13802,1.50,1.50
2013.10.11 18:59:21.954,1.13777,1.13801,1.50,1.50
2013.10.11 18:59:22.015,1.13776,1.13801,3.00,1.50
2013.10.11 18:59:22.143,1.13776,1.13801,3.00,1.50
2013.10.11 18:59:22.534,1.13776,1.13801,3.00,2.25
2013.10.11 18:59:23.053,1.13777,1.13801,1.50,1.50
2013.10.11 18:59:23.413,1.13777,1.13805,1.50,2.25
2013.10.11 18:59:24.363,1.13773,1.138,1.50,1.50
2013.10.11 18:59:24.604,1.13774,1.13802,1.50,2.25
2013.10.11 18:59:25.154,1.13773,1.13801,1.50,1.50
2013.10.11 18:59:25.573,1.13773,1.13804,1.50,1.13
2013.10.11 18:59:26.128,1.13776,1.13804,1.50,1.13
2013.10.11 18:59:26.553,1.13777,1.13804,1.50,1.88
2013.10.11 18:59:27.083,1.13777,1.138,1.50,1.13
2013.10.11 18:59:27.443,1.13777,1.13801,1.50,2.25
2013.10.11 18:59:27.504,1.13777,1.13801,1.50,2.25
2013.10.11 18:59:27.623,1.13777,1.13801,1.50,1.88
2013.10.11 18:59:27.683,1.13777,1.138,1.50,1.50
2013.10.11 18:59:28.227,1.13777,1.13801,1.50,2.63
2013.10.11 18:59:28.473,1.13778,1.13802,1.13,1.88
2013.10.11 18:59:28.953,1.13778,1.13807,1.13,1.50
2013.10.11 18:59:29.433,1.13778,1.13806,1.50,1.50
2013.10.11 18:59:29.494,1.13778,1.13806,1.50,1.50
2013.10.11 18:59:29.673,1.13778,1.13807,1.50,1.50
2013.10.11 18:59:30.553,1.13779,1.13807,1.50,1.50
2013.10.11 18:59:30.852,1.13779,1.13804,1.50,1.50
2013.10.11 18:59:31.633,1.13779,1.13804,1.50,1.50
2013.10.11 18:59:31.964,1.13779,1.13802,1.50,1.50
2013.10.11 18:59:32.624,1.13778,1.13802,2.25,1.50
2013.10.11 18:59:33.343,1.13778,1.13802,2.25,1.50
2013.10.11 18:59:33.702,1.13777,1.13798,1.50,1.50
2013.10.11 18:59:34.243,1.13777,1.13801,1.50,2.25
2013.10.11 18:59:34.975,1.13777,1.138,2.25,1.50
2013.10.11 18:59:35.543,1.13777,1.13802,2.25,1.50
2013.10.11 18:59:36.233,1.13777,1.13802,2.25,1.50
2013.10.11 18:59:36.623,1.13777,1.13801,2.25,1.13
2013.10.11 18:59:37.344,1.13777,1.13802,2.25,1.50
2013.10.11 18:59:37.762,1.13777,1.13799,1.50,1.88
2013.10.11 18:59:37.944,1.13777,1.13797,1.50,2.25
2013.10.11 18:59:38.525,1.13773,1.13796,2.25,1.50
2013.10.11 18:59:38.845,1.13773,1.13792,1.50,1.50
2013.10.11 18:59:39.143,1.13774,1.13791,1.50,1.50
2013.10.11 18:59:39.264,1.13766,1.13792,1.50,1.50
2013.10.11 18:59:39.324,1.13764,1.1379,2.25,1.50
2013.10.11 18:59:39.383,1.13764,1.13787,2.25,1.50
2013.10.11 18:59:39.866,1.13755,1.13786,3.00,1.50
2013.10.11 18:59:39.933,1.13755,1.13783,3.00,1.13
2013.10.11 18:59:40.293,1.13755,1.13781,2.25,1.88
2013.10.11 18:59:41.173,1.13755,1.13781,3.00,1.13
2013.10.11 18:59:41.537,1.13758,1.13781,2.25,1.88
2013.10.11 18:59:42.293,1.13757,1.13781,1.50,1.13
2013.10.11 18:59:42.595,1.13765,1.13787,1.50,1.50
2013.10.11 18:59:42.655,1.13765,1.13789,1.88,1.50
2013.10.11 18:59:42.954,1.13766,1.13792,1.50,1.13
2013.10.11 18:59:45.542,1.13771,1.13802,1.50,3.00
2013.10.11 18:59:46.225,1.13771,1.13801,1.50,1.50
2013.10.11 18:59:46.642,1.13771,1.13802,1.50,1.50
2013.10.11 18:59:47.564,1.13771,1.13802,1.50,1.50
2013.10.11 18:59:48.103,1.13771,1.13801,1.50,1.50
2013.10.11 18:59:49.903,1.13771,1.13802,1.50,1.50
2013.10.11 18:59:51.983,1.13771,1.13801,1.50,1.50
2013.10.11 18:59:52.873,1.13769,1.13796,1.50,1.50
2013.10.11 18:59:53.053,1.13769,1.13796,1.50,1.50
2013.10.11 18:59:53.414,1.13772,1.13796,1.50,1.50
2013.10.11 18:59:54.073,1.13767,1.13797,1.50,2.25
2013.10.11 18:59:55.343,1.13772,1.138,1.50,1.50
2013.10.11 18:59:56.072,1.13775,1.13801,1.50,1.50
2013.10.11 18:59:56.194,1.13785,1.13807,2.25,2.25
2013.10.11 18:59:56.252,1.13785,1.13807,2.25,1.50
2013.10.11 18:59:56.553,1.13784,1.13807,2.25,1.50
2013.10.11 18:59:56.673,1.13782,1.13807,1.50,1.50
2013.10.11 18:59:56.852,1.13779,1.13809,3.00,2.25
2013.10.11 18:59:56.912,1.13779,1.13809,2.25,3.00
2013.10.11 18:59:57.105,1.13779,1.13809,2.25,1.50
2013.10.11 18:59:57.223,1.13778,1.13806,2.25,1.50
2013.10.11 18:59:57.463,1.13778,1.13807,2.25,3.00
2013.10.11 18:59:57.943,1.13779,1.13807,1.13,1.50
2013.10.11 18:59:58.003,1.13783,1.13808,1.50,1.50
2013.10.11 18:59:58.305,1.1379,1.13812,1.50,1.50
2013.10.11 18:59:58.753,1.13789,1.1381,1.50,1.50
2013.10.11 18:59:59.293,1.13788,1.1381,1.50,1.50
2013.10.11 18:59:59.623,1.13789,1.1381,1.13,1.50
2013.10.11 18:59:59.923,1.13798,1.13815,1.50,3.00
