2012.12.03 03:00:00.714,1.26891,1.26916,1.50,1.50
2012.12.03 03:00:00.833,1.26891,1.26919,1.50,1.50
2012.12.03 03:00:01.455,1.26898,1.2692,1.13,1.50
2012.12.03 03:00:02.014,1.26898,1.26919,1.13,1.50
2012.12.03 03:00:03.094,1.26893,1.26919,1.50,1.88
2012.12.03 03:00:03.155,1.26893,1.26919,2.10,1.88
2012.12.03 03:00:03.456,1.26891,1.26918,1.69,1.34
2012.12.03 03:00:03.519,1.26891,1.26918,1.50,1.34
2012.12.03 03:00:03.718,1.26888,1.26918,1.13,1.71
2012.12.03 03:00:04.047,1.26887,1.26918,1.50,1.13
2012.12.03 03:00:04.611,1.26887,1.2692,1.50,1.88
2012.12.03 03:00:06.184,1.26894,1.2692,1.50,1.50
2012.12.03 03:00:06.244,1.26889,1.2692,1.50,1.50
2012.12.03 03:00:06.859,1.26887,1.26919,1.50,2.25
2012.12.03 03:00:06.928,1.26889,1.26919,1.50,3.75
2012.12.03 03:00:07.234,1.26891,1.26919,1.50,2.25
2012.12.03 03:00:08.184,1.26888,1.26912,1.13,1.13
2012.12.03 03:00:08.424,1.2689,1.26918,1.50,1.13
2012.12.03 03:00:09.030,1.2689,1.26919,1.50,1.50
2012.12.03 03:00:09.214,1.26891,1.26919,1.50,1.50
2012.12.03 03:00:10.935,1.26892,1.26919,1.50,1.50
2012.12.03 03:00:11.054,1.26892,1.26923,1.50,2.25
2012.12.03 03:00:11.804,1.26895,1.26923,1.50,1.50
2012.12.03 03:00:15.248,1.26895,1.26922,1.50,1.50
2012.12.03 03:00:17.544,1.26895,1.26923,1.50,1.50
2012.12.03 03:00:18.524,1.26895,1.26922,1.50,1.50
2012.12.03 03:00:19.094,1.26895,1.26922,1.50,2.07
2012.12.03 03:00:19.214,1.26892,1.26922,1.13,3.57
2012.12.03 03:00:19.274,1.26891,1.26917,1.50,1.50
2012.12.03 03:00:21.264,1.26889,1.26922,1.50,4.32
2012.12.03 03:00:25.346,1.26887,1.26917,1.50,1.13
2012.12.03 03:00:25.644,1.26887,1.26914,1.50,1.32
2012.12.03 03:00:25.706,1.26885,1.26914,1.88,1.32
2012.12.03 03:00:26.434,1.2688,1.2691,2.63,1.13
2012.12.03 03:00:27.261,1.2688,1.26909,1.13,1.50
2012.12.03 03:00:27.564,1.2688,1.26908,2.25,1.32
2012.12.03 03:00:28.695,1.26881,1.26908,1.50,1.69
2012.12.03 03:00:31.414,1.26884,1.26912,1.50,1.13
2012.12.03 03:00:31.474,1.26884,1.26913,1.50,2.63
2012.12.03 03:00:31.996,1.26884,1.26912,1.50,1.50
2012.12.03 03:00:32.176,1.26881,1.26912,2.03,1.50
2012.12.03 03:00:33.013,1.26881,1.26914,1.50,1.49
2012.12.03 03:00:35.924,1.26881,1.26914,1.05,1.69
2012.12.03 03:00:36.165,1.26879,1.26906,1.50,1.13
2012.12.03 03:00:36.474,1.26876,1.26906,1.13,1.13
2012.12.03 03:00:37.354,1.26873,1.26901,2.25,1.13
2012.12.03 03:00:37.422,1.26874,1.26899,1.50,1.69
2012.12.03 03:00:37.485,1.26873,1.26899,2.63,1.69
2012.12.03 03:00:47.565,1.26873,1.26893,1.13,1.13
2012.12.03 03:00:47.805,1.26874,1.26893,1.13,1.13
2012.12.03 03:00:47.865,1.26874,1.26893,1.50,1.69
2012.12.03 03:00:47.926,1.26874,1.26895,1.50,1.13
2012.12.03 03:00:47.985,1.26874,1.26903,1.50,1.11
2012.12.03 03:00:48.044,1.26874,1.26903,1.50,1.11
2012.12.03 03:00:48.165,1.26876,1.26903,1.50,1.86
2012.12.03 03:00:48.464,1.26874,1.269,1.13,1.50
2012.12.03 03:00:48.644,1.26873,1.26902,1.13,1.13
2012.12.03 03:00:53.285,1.2687,1.26898,2.25,1.32
2012.12.03 03:00:56.295,1.26871,1.26894,2.25,1.13
2012.12.03 03:00:57.254,1.26872,1.26898,1.50,1.13
2012.12.03 03:01:08.064,1.26874,1.26903,1.50,1.69
2012.12.03 03:01:08.126,1.26874,1.26903,1.50,1.13
2012.12.03 03:01:08.917,1.26875,1.26907,1.50,1.50
2012.12.03 03:01:10.239,1.26875,1.26906,1.50,1.50
2012.12.03 03:01:10.425,1.26883,1.26906,1.13,1.69
2012.12.03 03:01:10.484,1.26883,1.26907,1.13,1.50
2012.12.03 03:01:10.672,1.26875,1.26906,1.50,1.50
2012.12.03 03:01:10.854,1.26875,1.26907,1.50,1.50
2012.12.03 03:01:10.974,1.26879,1.26913,1.50,2.07
2012.12.03 03:01:11.034,1.26879,1.26913,1.50,1.88
2012.12.03 03:01:12.604,1.26882,1.26913,1.50,2.63
2012.12.03 03:01:12.784,1.26878,1.26913,1.88,2.63
2012.12.03 03:01:18.434,1.26881,1.26911,1.50,1.69
2012.12.03 03:01:19.043,1.26885,1.26914,1.50,1.45
2012.12.03 03:01:19.225,1.26885,1.26914,1.50,1.69
2012.12.03 03:01:19.596,1.26886,1.26914,1.50,1.50
2012.12.03 03:01:21.321,1.26886,1.26918,1.50,1.50
2012.12.03 03:01:28.194,1.26891,1.26919,1.50,1.50
2012.12.03 03:01:30.361,1.26891,1.26918,1.50,1.50
2012.12.03 03:01:30.895,1.26891,1.26919,1.50,1.50
2012.12.03 03:01:31.308,1.26891,1.26923,1.50,3.19
2012.12.03 03:01:32.734,1.26891,1.26923,1.50,2.61
2012.12.03 03:01:32.914,1.26891,1.26923,1.50,1.86
2012.12.03 03:01:34.924,1.26893,1.26924,1.50,1.50
2012.12.03 03:01:35.464,1.26897,1.26923,1.50,1.50
2012.12.03 03:01:36.074,1.26897,1.26924,1.50,1.50
2012.12.03 03:01:36.135,1.26897,1.26924,1.50,1.50
2012.12.03 03:01:36.735,1.269,1.26928,1.50,1.50
2012.12.03 03:01:37.478,1.269,1.26929,1.50,3.00
2012.12.03 03:01:39.474,1.269,1.26928,1.50,1.50
2012.12.03 03:01:41.184,1.269,1.26928,1.50,1.50
2012.12.03 03:01:41.424,1.269,1.26929,1.50,1.50
2012.12.03 03:01:42.024,1.26901,1.26928,1.50,1.50
2012.12.03 03:01:43.234,1.269,1.26929,1.50,1.50
2012.12.03 03:01:51.185,1.26896,1.26929,1.50,1.50
2012.12.03 03:01:51.244,1.26896,1.26931,1.50,1.50
2012.12.03 03:01:51.304,1.26896,1.26931,1.88,1.69
2012.12.03 03:01:52.194,1.26896,1.26931,1.50,1.50
2012.12.03 03:01:52.654,1.26896,1.26931,1.50,2.25
2012.12.03 03:01:52.713,1.26896,1.26931,1.50,2.25
2012.12.03 03:01:53.315,1.26896,1.26931,1.50,2.25
2012.12.03 03:01:54.184,1.26896,1.26931,1.50,2.25
2012.12.03 03:02:01.195,1.26892,1.26924,1.88,2.82
2012.12.03 03:02:01.434,1.26892,1.26924,1.88,2.82
2012.12.03 03:02:01.525,1.26892,1.26921,1.88,1.50
2012.12.03 03:02:02.082,1.26892,1.26921,1.50,2.44
2012.12.03 03:02:03.727,1.26892,1.26921,1.50,2.44
2012.12.03 03:02:04.234,1.26892,1.26923,1.50,1.69
2012.12.03 03:02:04.764,1.26892,1.26923,1.50,2.07
2012.12.03 03:02:06.134,1.26893,1.26925,1.50,1.13
2012.12.03 03:02:06.329,1.26893,1.26927,1.50,1.13
2012.12.03 03:02:06.395,1.26898,1.26929,1.50,1.86
2012.12.03 03:02:06.454,1.26898,1.26929,1.50,1.11
2012.12.03 03:02:08.167,1.269,1.2693,1.50,1.50
2012.12.03 03:02:08.711,1.269,1.26929,1.50,1.50
2012.12.03 03:02:11.404,1.269,1.26933,1.50,1.13
2012.12.03 03:02:21.365,1.269,1.26933,1.50,1.13
2012.12.03 03:02:23.665,1.26903,1.26933,1.50,1.13
2012.12.03 03:02:24.174,1.26902,1.26935,1.50,1.50
2012.12.03 03:02:24.414,1.26908,1.26935,1.50,1.50
2012.12.03 03:02:24.534,1.26911,1.26935,1.50,1.50
2012.12.03 03:02:24.834,1.26911,1.26944,1.88,1.50
2012.12.03 03:02:25.204,1.26913,1.26948,1.50,1.13
2012.12.03 03:02:25.384,1.26917,1.26949,1.50,2.25
2012.12.03 03:02:25.744,1.26917,1.26952,1.50,1.13
2012.12.03 03:02:26.344,1.26921,1.26953,1.50,1.88
2012.12.03 03:02:31.446,1.26919,1.26945,1.13,1.13
2012.12.03 03:02:31.774,1.26914,1.26944,1.50,1.50
2012.12.03 03:02:32.024,1.26911,1.26941,1.13,1.13
2012.12.03 03:02:32.088,1.26911,1.26941,1.13,1.13
2012.12.03 03:02:32.715,1.26908,1.26939,2.25,1.50
2012.12.03 03:02:59.874,1.26908,1.26938,1.13,1.32
2012.12.03 03:02:59.934,1.26908,1.26934,1.13,1.13
2012.12.03 03:03:00.175,1.26911,1.26937,1.50,1.69
2012.12.03 03:03:11.704,1.26912,1.26938,1.50,1.13
2012.12.03 03:03:11.824,1.26912,1.26942,1.50,2.25
2012.12.03 03:03:12.145,1.26911,1.26939,1.50,1.50
2012.12.03 03:03:27.668,1.26912,1.26938,1.88,1.04
2012.12.03 03:03:28.043,1.26912,1.26927,1.13,1.13
2012.12.03 03:03:28.115,1.26906,1.26928,1.50,1.13
2012.12.03 03:03:28.496,1.26906,1.26929,1.50,1.13
2012.12.03 03:03:28.675,1.26904,1.26932,1.13,1.13
2012.12.03 03:03:28.925,1.26907,1.26933,1.13,1.04
2012.12.03 03:03:29.386,1.26906,1.26931,1.50,1.50
2012.12.03 03:03:29.965,1.26905,1.26932,1.50,1.50
2012.12.03 03:03:30.619,1.26905,1.26931,1.50,1.50
2012.12.03 03:03:32.454,1.26905,1.26932,1.50,1.50
2012.12.03 03:03:32.974,1.26905,1.26931,1.50,1.50
2012.12.03 03:03:34.924,1.26905,1.26931,1.50,1.50
2012.12.03 03:03:37.054,1.26901,1.26932,1.50,1.88
2012.12.03 03:03:37.474,1.26899,1.26931,1.13,2.25
2012.12.03 03:03:37.594,1.26895,1.26929,1.13,1.69
2012.12.03 03:03:44.644,1.26895,1.26919,1.13,1.13
2012.12.03 03:03:44.945,1.26894,1.26919,1.13,1.13
2012.12.03 03:03:45.547,1.26893,1.26921,1.28,1.13
2012.12.03 03:03:45.735,1.26893,1.26923,1.28,2.44
2012.12.03 03:03:45.974,1.26893,1.26923,1.28,1.69
2012.12.03 03:03:48.384,1.26895,1.26923,1.13,1.13
2012.12.03 03:03:50.044,1.26893,1.26923,2.63,1.13
2012.12.03 03:03:50.225,1.26901,1.26927,1.50,1.13
2012.12.03 03:03:50.765,1.26902,1.26928,1.50,1.13
2012.12.03 03:03:51.530,1.26901,1.26928,1.50,1.13
2012.12.03 03:03:52.031,1.26902,1.26928,1.50,1.13
2012.12.03 03:03:55.384,1.26903,1.2693,1.50,2.07
2012.12.03 03:03:55.444,1.26903,1.2693,1.50,1.32
2012.12.03 03:03:55.564,1.26903,1.26933,1.50,1.50
2012.12.03 03:03:56.164,1.26906,1.26934,1.50,1.50
2012.12.03 03:03:58.507,1.26906,1.26934,1.50,1.50
2012.12.03 03:03:59.151,1.26906,1.26934,1.50,1.50
2012.12.03 03:04:01.335,1.26906,1.26934,1.50,1.50
2012.12.03 03:04:01.394,1.26906,1.26937,1.50,1.88
2012.12.03 03:04:02.095,1.26906,1.26937,1.50,2.63
2012.12.03 03:04:10.015,1.26904,1.26937,1.50,1.13
2012.12.03 03:04:13.590,1.26904,1.26938,1.50,1.88
2012.12.03 03:04:14.188,1.26904,1.26937,1.50,1.50
2012.12.03 03:04:14.744,1.26904,1.26936,1.50,1.50
2012.12.03 03:04:22.174,1.26904,1.26937,1.50,1.50
2012.12.03 03:04:23.219,1.26906,1.26937,1.50,1.04
2012.12.03 03:04:23.404,1.26906,1.26938,1.50,2.63
2012.12.03 03:04:25.864,1.26906,1.26938,1.50,2.63
2012.12.03 03:04:26.295,1.26906,1.26938,1.50,2.63
2012.12.03 03:04:26.819,1.26906,1.26938,1.50,2.63
2012.12.03 03:04:29.114,1.26906,1.26937,1.50,1.50
2012.12.03 03:04:31.304,1.26906,1.26938,1.50,2.63
2012.12.03 03:04:44.724,1.26906,1.26938,1.50,1.13
2012.12.03 03:04:45.235,1.26909,1.26943,1.13,3.57
2012.12.03 03:04:45.363,1.26909,1.26943,1.13,2.07
2012.12.03 03:04:46.275,1.26913,1.26942,1.50,1.50
2012.12.03 03:04:46.944,1.26913,1.26943,1.50,2.25
2012.12.03 03:04:47.494,1.26913,1.26942,1.50,1.50
2012.12.03 03:04:48.305,1.26913,1.26943,1.50,2.25
2012.12.03 03:04:49.695,1.26913,1.26942,1.50,1.50
2012.12.03 03:04:51.040,1.26916,1.26943,1.50,2.25
2012.12.03 03:04:51.622,1.26916,1.26944,1.50,1.50
2012.12.03 03:04:52.635,1.26916,1.26944,1.50,1.50
2012.12.03 03:04:53.444,1.26916,1.26944,1.50,1.50
2012.12.03 03:04:54.055,1.26916,1.26944,2.25,1.50
2012.12.03 03:04:56.355,1.26916,1.26944,1.50,1.50
2012.12.03 03:04:57.304,1.26916,1.26944,1.50,1.50
2012.12.03 03:04:58.194,1.26916,1.26944,1.50,1.50
2012.12.03 03:04:58.374,1.26916,1.26947,1.50,1.13
2012.12.03 03:04:59.749,1.26916,1.26949,1.50,2.25
2012.12.03 03:05:07.185,1.26921,1.26952,1.50,3.19
2012.12.03 03:05:07.544,1.26919,1.26953,1.50,3.00
2012.12.03 03:05:08.113,1.2692,1.26953,1.50,3.00
2012.12.03 03:05:09.295,1.2692,1.26953,1.50,3.00
2012.12.03 03:05:09.984,1.2692,1.26952,1.50,1.50
2012.12.03 03:05:10.540,1.2692,1.26953,1.50,4.50
2012.12.03 03:05:11.327,1.2692,1.26953,1.50,4.50
2012.12.03 03:05:11.879,1.2692,1.26951,1.50,1.50
2012.12.03 03:05:13.105,1.2692,1.26952,1.50,2.25
2012.12.03 03:05:26.194,1.2692,1.26953,1.50,3.00
2012.12.03 03:05:31.514,1.2692,1.26953,1.50,1.50
2012.12.03 03:05:32.025,1.2692,1.26953,1.50,1.50
2012.12.03 03:05:42.330,1.26922,1.26953,1.50,2.07
2012.12.03 03:05:42.455,1.26919,1.26952,1.13,1.32
2012.12.03 03:05:42.995,1.26916,1.26948,1.88,1.50
2012.12.03 03:06:00.185,1.26919,1.2695,1.50,2.63
2012.12.03 03:06:00.425,1.26919,1.26949,1.50,1.50
2012.12.03 03:06:01.065,1.26924,1.2695,1.88,1.50
2012.12.03 03:06:01.244,1.26929,1.26957,1.50,2.07
2012.12.03 03:06:05.644,1.26929,1.2694,1.50,1.88
2012.12.03 03:06:05.954,1.26918,1.26938,1.13,1.13
2012.12.03 03:06:06.016,1.26913,1.26938,1.13,1.13
2012.12.03 03:06:06.525,1.2691,1.26938,1.13,1.92
2012.12.03 03:06:09.854,1.26907,1.26934,1.50,1.50
2012.12.03 03:06:09.974,1.26907,1.26933,1.13,2.07
2012.12.03 03:06:10.425,1.26906,1.26925,1.13,1.35
2012.12.03 03:06:10.725,1.26906,1.26925,1.13,1.35
2012.12.03 03:06:10.784,1.26906,1.26924,1.13,1.50
2012.12.03 03:06:10.845,1.26902,1.26924,1.13,1.50
2012.12.03 03:06:10.965,1.269,1.26923,1.13,1.50
2012.12.03 03:06:11.264,1.26899,1.26923,1.13,1.50
2012.12.03 03:06:11.716,1.26895,1.26923,2.25,1.50
2012.12.03 03:06:13.118,1.26894,1.26922,1.13,1.50
2012.12.03 03:06:14.476,1.26894,1.26922,1.50,1.50
2012.12.03 03:06:14.905,1.26896,1.26924,1.50,1.50
2012.12.03 03:06:14.969,1.26896,1.26926,1.50,3.00
2012.12.03 03:06:17.635,1.269,1.26926,1.50,1.50
2012.12.03 03:06:17.875,1.26897,1.26926,1.50,2.25
2012.12.03 03:06:18.176,1.269,1.26926,1.50,1.50
2012.12.03 03:06:18.296,1.26902,1.26926,1.50,1.50
2012.12.03 03:06:18.355,1.26902,1.26932,1.50,1.50
2012.12.03 03:06:20.165,1.269,1.26932,1.13,2.82
2012.12.03 03:06:20.834,1.26899,1.2693,1.13,1.50
2012.12.03 03:06:20.964,1.269,1.26929,1.13,1.50
2012.12.03 03:06:22.485,1.26897,1.26925,1.13,1.13
2012.12.03 03:06:22.605,1.26895,1.26922,1.13,2.63
2012.12.03 03:06:22.844,1.26893,1.2692,1.13,1.50
2012.12.03 03:06:23.144,1.26891,1.26922,1.50,1.13
2012.12.03 03:06:23.385,1.26888,1.2692,1.13,1.50
2012.12.03 03:06:23.685,1.26894,1.26924,1.50,3.38
2012.12.03 03:06:23.745,1.26894,1.26924,1.50,2.63
2012.12.03 03:06:24.945,1.26894,1.26924,1.50,1.50
2012.12.03 03:06:26.215,1.26892,1.26924,1.50,1.50
2012.12.03 03:06:26.695,1.26892,1.26924,1.50,1.50
2012.12.03 03:06:27.695,1.26888,1.26924,1.13,3.57
2012.12.03 03:06:27.999,1.26887,1.26922,1.50,1.13
2012.12.03 03:06:28.244,1.2689,1.26921,1.50,1.50
2012.12.03 03:06:28.461,1.2689,1.26921,1.50,1.50
2012.12.03 03:06:32.157,1.2689,1.2692,1.50,1.50
2012.12.03 03:06:32.656,1.26882,1.26916,1.13,2.25
2012.12.03 03:06:33.064,1.26883,1.26909,1.13,1.50
2012.12.03 03:06:33.127,1.2688,1.26907,1.13,2.25
2012.12.03 03:06:33.196,1.26874,1.26904,2.40,1.50
2012.12.03 03:06:33.376,1.26874,1.26899,2.40,1.50
2012.12.03 03:06:33.614,1.26877,1.26906,1.65,1.50
2012.12.03 03:06:33.915,1.2688,1.26902,1.28,1.13
2012.12.03 03:06:34.164,1.26866,1.26896,3.15,1.32
2012.12.03 03:06:34.285,1.2687,1.26896,1.13,1.32
2012.12.03 03:06:34.465,1.26872,1.26897,1.50,1.13
2012.12.03 03:06:34.524,1.26872,1.26897,1.65,1.13
2012.12.03 03:06:34.834,1.26867,1.26896,2.40,1.32
2012.12.03 03:06:34.955,1.26872,1.26897,1.65,1.88
2012.12.03 03:06:35.074,1.26872,1.26897,1.50,1.88
2012.12.03 03:06:35.134,1.26872,1.26897,1.65,1.88
2012.12.03 03:06:35.575,1.26873,1.26907,1.65,1.50
2012.12.03 03:06:35.815,1.26877,1.26907,1.65,1.50
2012.12.03 03:06:36.254,1.26882,1.26908,1.88,1.50
2012.12.03 03:06:36.625,1.26889,1.26912,1.13,2.44
2012.12.03 03:06:36.685,1.26889,1.26912,1.13,2.44
2012.12.03 03:06:39.848,1.26889,1.26912,1.13,1.88
2012.12.03 03:06:39.974,1.26888,1.26912,1.13,2.44
2012.12.03 03:06:40.156,1.26886,1.26912,1.50,1.88
2012.12.03 03:06:40.216,1.26884,1.26909,1.13,1.13
2012.12.03 03:06:40.455,1.26882,1.26909,1.13,1.13
2012.12.03 03:06:41.004,1.26881,1.26909,1.50,1.13
2012.12.03 03:06:44.835,1.26881,1.26909,1.88,1.88
2012.12.03 03:06:47.884,1.26884,1.26909,1.88,1.13
2012.12.03 03:06:48.245,1.26891,1.26916,1.50,1.88
2012.12.03 03:06:48.424,1.26891,1.26916,1.50,1.13
2012.12.03 03:06:51.875,1.26889,1.26916,1.13,1.13
2012.12.03 03:06:52.176,1.26884,1.26908,1.13,1.13
2012.12.03 03:06:52.595,1.26883,1.26908,2.63,1.13
2012.12.03 03:06:58.996,1.2688,1.26908,1.50,1.32
2012.12.03 03:07:05.575,1.26882,1.2691,1.50,1.32
2012.12.03 03:07:06.455,1.26878,1.26904,1.28,1.50
2012.12.03 03:07:06.514,1.26878,1.26904,1.28,1.50
2012.12.03 03:07:06.694,1.26874,1.26899,1.65,1.13
2012.12.03 03:07:06.995,1.26874,1.269,1.50,1.13
2012.12.03 03:07:07.174,1.26868,1.26899,1.50,1.13
2012.12.03 03:07:07.724,1.26871,1.26899,1.50,1.13
2012.12.03 03:07:08.134,1.26872,1.269,1.50,1.32
2012.12.03 03:07:10.878,1.26872,1.26902,1.50,1.69
2012.12.03 03:07:11.185,1.26875,1.26902,1.50,1.50
2012.12.03 03:07:11.431,1.26875,1.26908,1.50,1.13
2012.12.03 03:07:14.164,1.26877,1.26907,1.50,2.25
2012.12.03 03:07:14.224,1.26877,1.26903,1.50,1.13
2012.12.03 03:07:20.434,1.26873,1.26903,1.50,2.25
2012.12.03 03:07:20.495,1.26876,1.26903,1.50,1.50
2012.12.03 03:07:20.555,1.26876,1.2691,1.50,1.88
2012.12.03 03:07:20.735,1.26878,1.2691,1.50,1.50
2012.12.03 03:07:20.914,1.26874,1.26909,1.13,1.50
2012.12.03 03:07:20.975,1.26874,1.26898,1.13,1.50
2012.12.03 03:07:21.034,1.26874,1.26897,1.13,1.50
2012.12.03 03:07:21.214,1.26874,1.26897,1.88,1.50
2012.12.03 03:07:23.314,1.26874,1.26903,1.50,1.50
2012.12.03 03:07:23.435,1.26874,1.26904,1.50,1.50
2012.12.03 03:07:23.795,1.26876,1.26906,1.50,1.84
2012.12.03 03:07:30.245,1.26876,1.26909,1.50,1.13
2012.12.03 03:07:30.493,1.2688,1.26911,1.50,1.50
2012.12.03 03:07:31.025,1.26884,1.2691,1.50,1.50
2012.12.03 03:07:31.564,1.26887,1.26911,1.50,1.50
2012.12.03 03:07:35.844,1.26887,1.2691,1.50,1.50
2012.12.03 03:07:36.405,1.26887,1.26911,1.50,1.50
2012.12.03 03:07:37.334,1.26887,1.2691,1.50,1.50
2012.12.03 03:07:37.784,1.26887,1.26919,1.50,3.00
2012.12.03 03:07:37.964,1.26886,1.26919,1.50,2.25
2012.12.03 03:07:38.384,1.26886,1.26917,1.50,3.00
2012.12.03 03:07:40.467,1.26887,1.26917,1.50,3.38
2012.12.03 03:07:40.656,1.26886,1.26916,1.50,1.50
2012.12.03 03:07:41.365,1.26887,1.26916,1.50,1.50
2012.12.03 03:07:41.725,1.26887,1.26916,1.50,1.50
2012.12.03 03:07:41.906,1.26887,1.26917,1.50,1.13
2012.12.03 03:07:42.145,1.2689,1.26918,1.50,1.88
2012.12.03 03:07:42.385,1.26891,1.26918,1.50,1.88
2012.12.03 03:07:44.415,1.26891,1.26918,1.50,1.50
2012.12.03 03:07:44.717,1.26899,1.26918,1.50,1.50
2012.12.03 03:07:44.969,1.26903,1.26932,1.50,1.50
2012.12.03 03:07:45.215,1.26903,1.26932,1.50,1.50
2012.12.03 03:07:45.645,1.26902,1.2694,1.50,1.50
2012.12.03 03:07:45.897,1.26906,1.26941,1.50,2.44
2012.12.03 03:07:47.495,1.26906,1.2694,1.50,1.50
2012.12.03 03:07:48.079,1.26906,1.26941,1.50,3.19
2012.12.03 03:07:51.499,1.26906,1.26937,1.50,1.50
2012.12.03 03:07:51.875,1.26906,1.26937,1.50,2.25
2012.12.03 03:07:51.935,1.26906,1.26936,1.50,1.35
2012.12.03 03:07:53.567,1.26902,1.26933,1.50,1.88
2012.12.03 03:07:53.695,1.26902,1.26935,1.50,1.88
2012.12.03 03:07:58.647,1.26907,1.26936,1.50,1.13
2012.12.03 03:08:10.865,1.26907,1.26938,1.50,2.25
2012.12.03 03:08:10.930,1.26906,1.26934,1.50,1.13
2012.12.03 03:08:11.455,1.26904,1.26934,1.50,1.13
2012.12.03 03:08:16.102,1.26904,1.26934,1.50,1.13
2012.12.03 03:08:16.227,1.26904,1.26936,1.50,1.88
2012.12.03 03:08:16.686,1.26907,1.26936,1.50,1.13
2012.12.03 03:08:20.428,1.26909,1.26938,1.50,1.88
2012.12.03 03:08:25.567,1.2691,1.2694,1.50,1.13
2012.12.03 03:08:25.696,1.2691,1.2694,1.50,1.13
2012.12.03 03:08:40.584,1.26906,1.26941,1.50,1.13
2012.12.03 03:08:49.515,1.26901,1.26939,3.00,1.13
2012.12.03 03:09:00.629,1.26901,1.26938,3.00,1.50
2012.12.03 03:09:17.024,1.26903,1.26939,1.50,1.13
2012.12.03 03:09:37.177,1.26906,1.26944,2.25,1.50
2012.12.03 03:09:37.365,1.26908,1.2694,1.50,1.50
2012.12.03 03:09:49.694,1.26911,1.26945,2.25,1.32
2012.12.03 03:09:50.195,1.2691,1.26945,1.50,2.63
2012.12.03 03:09:52.466,1.26909,1.26945,2.25,1.13
2012.12.03 03:09:52.525,1.26909,1.26945,2.25,1.32
2012.12.03 03:09:53.433,1.26914,1.26946,2.25,1.73
2012.12.03 03:09:53.565,1.26914,1.26951,2.25,2.25
2012.12.03 03:09:53.745,1.2692,1.26957,1.50,1.32
2012.12.03 03:10:03.155,1.26926,1.26958,1.50,2.63
2012.12.03 03:10:13.974,1.26923,1.26959,1.50,1.13
2012.12.03 03:10:14.059,1.26924,1.26959,1.50,1.50
2012.12.03 03:10:30.115,1.26924,1.2696,1.50,2.25
2012.12.03 03:10:31.496,1.26923,1.26953,1.88,1.13
2012.12.03 03:10:31.855,1.26923,1.26958,3.00,3.00
2012.12.03 03:10:32.155,1.26921,1.26957,3.00,2.25
2012.12.03 03:10:32.395,1.26921,1.26958,1.88,3.00
2012.12.03 03:10:32.655,1.26921,1.26958,1.88,2.25
2012.12.03 03:10:32.715,1.26923,1.26957,1.50,1.50
2012.12.03 03:10:33.077,1.26928,1.26957,2.25,1.50
2012.12.03 03:10:33.856,1.26934,1.26958,1.50,1.50
2012.12.03 03:10:36.906,1.2693,1.26953,1.13,1.13
2012.12.03 03:10:36.965,1.26929,1.26953,1.13,1.13
2012.12.03 03:10:37.205,1.26924,1.26953,1.50,1.13
2012.12.03 03:10:54.809,1.26925,1.26955,2.25,1.30
2012.12.03 03:10:55.116,1.26925,1.26955,2.25,1.67
2012.12.03 03:11:11.356,1.2692,1.26956,3.00,3.17
2012.12.03 03:11:11.476,1.2692,1.26953,3.00,1.50
2012.12.03 03:11:26.995,1.26922,1.26951,1.50,1.13
2012.12.03 03:11:34.916,1.26922,1.26951,1.50,1.13
2012.12.03 03:11:35.156,1.26919,1.26951,1.88,1.13
2012.12.03 03:11:35.763,1.26923,1.26951,1.50,1.13
2012.12.03 03:11:36.593,1.26923,1.26951,1.50,1.13
2012.12.03 03:11:37.152,1.26923,1.26951,1.50,1.13
2012.12.03 03:11:40.209,1.26923,1.26953,1.50,1.13
2012.12.03 03:11:40.276,1.26922,1.26956,2.25,1.13
2012.12.03 03:11:40.397,1.26922,1.26958,2.25,2.25
2012.12.03 03:11:40.460,1.26926,1.26958,1.50,1.50
2012.12.03 03:11:40.645,1.26926,1.26958,1.50,1.50
2012.12.03 03:11:41.658,1.26923,1.2696,1.50,1.50
2012.12.03 03:11:56.075,1.26923,1.26958,1.50,1.13
2012.12.03 03:11:56.447,1.26923,1.26951,1.50,1.69
2012.12.03 03:11:58.562,1.26919,1.26952,3.00,1.54
2012.12.03 03:12:02.675,1.26919,1.26952,1.50,1.54
2012.12.03 03:12:02.795,1.26919,1.26956,1.50,1.11
2012.12.03 03:12:02.926,1.26922,1.26956,1.50,1.11
2012.12.03 03:12:12.964,1.26922,1.26956,1.50,2.42
2012.12.03 03:12:14.246,1.26922,1.26957,1.50,2.80
2012.12.03 03:12:17.854,1.26922,1.26956,1.50,2.42
2012.12.03 03:12:20.563,1.26922,1.26957,1.50,2.80
2012.12.03 03:12:21.224,1.26922,1.26956,1.50,2.42
2012.12.03 03:12:32.286,1.26922,1.26957,1.50,2.80
2012.12.03 03:12:33.183,1.26922,1.26956,1.50,2.80
2012.12.03 03:12:41.547,1.26922,1.26956,1.50,2.80
2012.12.03 03:12:44.224,1.26922,1.26955,1.50,1.67
2012.12.03 03:12:44.749,1.26922,1.26956,1.50,2.80
2012.12.03 03:12:46.226,1.26922,1.26956,1.50,2.42
2012.12.03 03:12:46.645,1.26925,1.26956,1.50,2.25
2012.12.03 03:13:34.162,1.26921,1.26949,1.50,1.50
2012.12.03 03:13:34.405,1.26916,1.26951,3.00,1.13
2012.12.03 03:13:34.465,1.26917,1.26952,2.25,1.69
2012.12.03 03:13:35.170,1.26922,1.26954,1.50,1.32
2012.12.03 03:13:41.686,1.26922,1.26955,1.50,1.50
2012.12.03 03:14:34.529,1.26916,1.26956,2.25,1.13
2012.12.03 03:14:34.654,1.26916,1.26956,1.50,1.13
2012.12.03 03:14:35.426,1.26916,1.26956,1.50,1.13
2012.12.03 03:14:51.698,1.26918,1.26957,1.50,1.13
2012.12.03 03:14:54.780,1.26917,1.26957,1.50,1.13
2012.12.03 03:14:57.042,1.26916,1.26957,1.50,1.13
2012.12.03 03:14:57.554,1.26916,1.26957,1.50,1.13
2012.12.03 03:15:02.861,1.26916,1.26955,3.00,1.32
2012.12.03 03:15:03.189,1.26916,1.26954,2.25,1.32
2012.12.03 03:15:03.545,1.26918,1.26953,1.50,1.13
2012.12.03 03:15:24.226,1.26918,1.26953,1.50,1.88
2012.12.03 03:15:24.406,1.26921,1.26953,1.50,1.88
2012.12.03 03:15:49.925,1.26921,1.26956,1.50,2.44
2012.12.03 03:15:50.285,1.26925,1.26956,1.50,1.50
2012.12.03 03:15:51.655,1.26925,1.2696,1.50,2.63
2012.12.03 03:15:54.939,1.26925,1.2696,1.50,2.63
2012.12.03 03:16:02.705,1.26925,1.26961,1.50,1.50
2012.12.03 03:16:02.885,1.26926,1.26964,1.32,2.25
2012.12.03 03:16:02.946,1.26929,1.26965,1.50,4.88
2012.12.03 03:16:10.758,1.26938,1.26964,1.50,1.50
2012.12.03 03:16:11.618,1.26938,1.26972,1.50,1.50
2012.12.03 03:16:17.637,1.26938,1.26972,1.50,1.50
2012.12.03 03:16:47.127,1.26938,1.26963,1.13,1.13
2012.12.03 03:16:47.306,1.26939,1.26963,1.13,1.32
2012.12.03 03:16:47.426,1.26937,1.26963,1.50,1.69
2012.12.03 03:16:47.486,1.26932,1.26965,1.13,1.13
2012.12.03 03:16:47.606,1.26934,1.26972,1.50,1.88
2012.12.03 03:16:47.726,1.26936,1.26973,1.50,3.00
2012.12.03 03:16:47.906,1.26936,1.26973,1.50,2.25
2012.12.03 03:16:48.476,1.26939,1.26973,1.50,1.13
2012.12.03 03:16:48.991,1.26939,1.26976,1.50,1.60
2012.12.03 03:16:52.396,1.26939,1.26973,1.50,2.25
2012.12.03 03:16:52.457,1.26937,1.26969,1.50,1.13
2012.12.03 03:17:09.151,1.26937,1.26967,1.50,1.13
2012.12.03 03:17:39.136,1.26937,1.26968,1.50,1.32
2012.12.03 03:17:52.443,1.26931,1.26967,1.13,1.13
2012.12.03 03:17:54.226,1.26931,1.26967,1.13,1.13
2012.12.03 03:18:01.186,1.26934,1.26971,2.25,1.13
2012.12.03 03:18:01.427,1.26935,1.26968,2.25,1.50
2012.12.03 03:18:02.090,1.26942,1.26968,1.50,1.50
2012.12.03 03:18:02.747,1.2694,1.26968,1.50,1.50
2012.12.03 03:18:06.585,1.26942,1.26972,1.50,1.35
2012.12.03 03:18:10.876,1.26941,1.26971,1.50,1.50
2012.12.03 03:18:26.628,1.26941,1.26971,1.50,1.13
2012.12.03 03:18:45.425,1.26946,1.26974,1.50,1.13
2012.12.03 03:18:45.486,1.26946,1.26975,1.50,1.88
2012.12.03 03:18:46.026,1.26951,1.26976,1.50,1.88
2012.12.03 03:18:47.447,1.26952,1.26975,1.50,1.50
2012.12.03 03:18:47.746,1.26952,1.26983,1.50,1.13
2012.12.03 03:18:49.938,1.26952,1.26986,1.50,2.25
2012.12.03 03:18:59.227,1.26948,1.26983,1.88,1.50
2012.12.03 03:18:59.536,1.26952,1.2698,1.50,1.50
2012.12.03 03:19:02.175,1.26952,1.26984,1.50,1.50
2012.12.03 03:19:02.236,1.26952,1.26985,1.50,1.50
2012.12.03 03:19:04.356,1.26952,1.26986,1.50,2.25
2012.12.03 03:19:10.467,1.26952,1.26983,1.50,1.50
2012.12.03 03:19:11.006,1.26952,1.26984,1.50,1.50
2012.12.03 03:19:14.675,1.26952,1.26983,1.50,1.50
2012.12.03 03:19:21.706,1.26952,1.26987,1.50,1.88
2012.12.03 03:19:51.905,1.26949,1.26988,1.50,1.88
2012.12.03 03:20:04.417,1.26949,1.26987,1.50,1.88
2012.12.03 03:20:17.967,1.26949,1.26987,2.25,1.88
2012.12.03 03:20:18.288,1.2695,1.26987,1.13,1.88
2012.12.03 03:20:18.461,1.2695,1.26987,1.13,1.88
2012.12.03 03:20:18.725,1.26951,1.26987,1.13,1.88
2012.12.03 03:20:18.785,1.26949,1.26987,2.25,1.88
2012.12.03 03:20:22.097,1.26951,1.26984,1.50,1.13
2012.12.03 03:20:24.677,1.26951,1.26985,1.50,2.25
2012.12.03 03:20:25.155,1.26951,1.26986,1.50,1.50
2012.12.03 03:20:25.705,1.26951,1.26985,1.50,1.50
2012.12.03 03:20:27.326,1.26951,1.26986,1.50,1.50
2012.12.03 03:20:32.066,1.26951,1.26987,1.50,1.88
2012.12.03 03:20:32.905,1.26956,1.26987,1.50,1.88
2012.12.03 03:20:33.231,1.26956,1.26987,1.50,1.88
2012.12.03 03:20:33.782,1.26959,1.26986,1.50,1.50
2012.12.03 03:20:37.486,1.26959,1.26987,1.50,1.88
2012.12.03 03:20:41.776,1.26959,1.26989,1.50,1.13
2012.12.03 03:20:50.217,1.2696,1.26992,1.50,1.13
2012.12.03 03:20:50.576,1.2696,1.26994,1.50,3.68
2012.12.03 03:20:56.072,1.26959,1.26993,2.25,1.05
2012.12.03 03:20:56.219,1.26959,1.26988,1.50,1.13
2012.12.03 03:20:56.346,1.26959,1.2699,2.25,1.88
2012.12.03 03:21:29.367,1.26962,1.26988,1.50,1.13
2012.12.03 03:21:29.427,1.26962,1.26991,1.50,1.13
2012.12.03 03:21:30.039,1.26961,1.26988,1.50,1.50
2012.12.03 03:21:35.256,1.26959,1.26988,1.13,1.88
2012.12.03 03:21:35.736,1.26957,1.26984,1.50,1.88
2012.12.03 03:21:44.866,1.26957,1.26984,1.50,1.50
2012.12.03 03:21:44.997,1.26957,1.26985,1.50,1.50
2012.12.03 03:21:45.236,1.26957,1.26988,1.50,2.82
2012.12.03 03:21:46.386,1.26959,1.26989,1.50,2.63
2012.12.03 03:21:46.927,1.2696,1.26988,1.50,1.50
2012.12.03 03:21:46.988,1.26956,1.26985,1.50,1.13
2012.12.03 03:21:47.411,1.2696,1.26984,1.50,1.13
2012.12.03 03:21:47.481,1.26962,1.26989,1.50,2.25
2012.12.03 03:21:47.668,1.26962,1.26989,1.50,1.50
2012.12.03 03:21:48.516,1.26961,1.26988,1.50,1.50
2012.12.03 03:21:49.327,1.26961,1.26989,1.50,1.50
2012.12.03 03:21:49.957,1.26961,1.26989,1.50,1.50
2012.12.03 03:21:50.499,1.26958,1.26989,1.50,1.50
2012.12.03 03:21:50.626,1.26958,1.26988,1.50,2.25
2012.12.03 03:21:51.046,1.26951,1.26984,1.50,1.88
2012.12.03 03:21:53.906,1.26954,1.26984,1.50,1.88
2012.12.03 03:21:54.076,1.26954,1.26984,1.50,1.88
2012.12.03 03:21:54.197,1.26957,1.26984,2.25,1.88
2012.12.03 03:22:10.936,1.26955,1.26987,1.50,1.13
2012.12.03 03:22:29.580,1.26954,1.26988,1.50,1.88
2012.12.03 03:22:35.256,1.26954,1.26987,1.50,1.50
2012.12.03 03:22:41.801,1.26955,1.26988,1.50,1.88
2012.12.03 03:22:42.623,1.26955,1.26987,1.50,1.50
2012.12.03 03:22:43.196,1.26955,1.26988,1.50,1.88
2012.12.03 03:22:43.596,1.26955,1.26991,1.50,1.13
2012.12.03 03:22:43.656,1.26953,1.2699,1.50,1.50
2012.12.03 03:22:43.906,1.26952,1.26989,1.50,1.50
2012.12.03 03:22:44.026,1.26951,1.26986,3.00,1.13
2012.12.03 03:22:44.087,1.26948,1.26986,4.13,1.88
2012.12.03 03:22:44.936,1.26948,1.26986,3.75,1.50
2012.12.03 03:22:46.837,1.2695,1.26988,1.50,1.50
2012.12.03 03:22:46.897,1.26951,1.26988,1.50,1.50
2012.12.03 03:22:52.207,1.26952,1.26988,1.50,1.50
2012.12.03 03:22:52.328,1.26954,1.26988,1.50,1.50
2012.12.03 03:22:54.203,1.26952,1.26988,1.50,1.50
2012.12.03 03:22:55.021,1.26951,1.26988,1.50,1.50
2012.12.03 03:22:58.666,1.26951,1.26988,1.50,1.50
2012.12.03 03:22:58.966,1.26954,1.26989,1.50,1.50
2012.12.03 03:23:03.380,1.26953,1.2699,2.25,1.50
2012.12.03 03:23:03.928,1.26956,1.26992,1.50,2.55
2012.12.03 03:23:04.476,1.26954,1.26993,3.00,2.93
2012.12.03 03:23:07.491,1.26956,1.26993,1.13,2.55
2012.12.03 03:23:07.736,1.26959,1.26994,2.25,1.80
2012.12.03 03:23:08.277,1.26962,1.26994,1.50,1.05
2012.12.03 03:23:26.926,1.26962,1.26993,1.50,1.43
2012.12.03 03:23:27.689,1.26965,1.26994,1.50,2.18
2012.12.03 03:23:28.498,1.26962,1.26994,1.50,1.43
2012.12.03 03:23:44.426,1.26964,1.26994,1.50,1.05
2012.12.03 03:23:44.607,1.26961,1.26994,1.50,1.05
2012.12.03 03:23:45.155,1.26961,1.26994,1.50,1.05
2012.12.03 03:23:46.820,1.26961,1.26994,1.50,1.05
2012.12.03 03:23:58.950,1.26961,1.26994,1.50,1.05
2012.12.03 03:24:15.207,1.26962,1.26997,1.50,1.05
2012.12.03 03:24:24.746,1.26963,1.26993,2.25,1.05
2012.12.03 03:24:25.068,1.26963,1.26988,2.25,1.24
2012.12.03 03:24:25.746,1.26963,1.26994,1.50,1.24
2012.12.03 03:24:25.866,1.26963,1.26994,1.50,1.24
2012.12.03 03:24:25.927,1.26967,1.26994,1.50,1.24
2012.12.03 03:24:26.207,1.26967,1.26996,1.50,1.05
2012.12.03 03:24:31.487,1.26967,1.26998,1.50,1.05
2012.12.03 03:24:31.666,1.26966,1.26998,1.50,1.05
2012.12.03 03:24:32.269,1.26964,1.26998,1.50,1.05
2012.12.03 03:24:36.691,1.26971,1.27003,1.50,2.55
2012.12.03 03:24:36.755,1.26971,1.27003,1.50,2.25
2012.12.03 03:24:36.937,1.26977,1.27003,1.50,1.50
2012.12.03 03:24:37.176,1.26977,1.27011,2.25,3.57
2012.12.03 03:24:37.736,1.26981,1.2701,1.50,1.65
2012.12.03 03:24:37.916,1.26977,1.27006,1.50,1.50
2012.12.03 03:24:37.977,1.26972,1.27005,1.88,1.50
2012.12.03 03:24:38.108,1.26972,1.27005,2.25,2.25
2012.12.03 03:24:47.017,1.26971,1.27006,2.25,1.50
2012.12.03 03:24:47.327,1.26977,1.27011,1.50,2.25
2012.12.03 03:24:47.798,1.26977,1.27008,1.50,1.50
2012.12.03 03:24:47.976,1.26975,1.27006,1.50,1.13
2012.12.03 03:24:48.156,1.26972,1.27006,1.88,1.13
2012.12.03 03:24:48.395,1.26972,1.27008,2.25,4.88
2012.12.03 03:24:51.467,1.26969,1.27006,1.50,1.13
2012.12.03 03:25:00.977,1.26975,1.27006,1.13,2.25
2012.12.03 03:25:01.160,1.26975,1.27006,1.13,2.25
2012.12.03 03:25:01.666,1.26973,1.27006,1.50,1.50
2012.12.03 03:25:02.226,1.26969,1.27006,1.50,1.50
2012.12.03 03:25:06.700,1.26969,1.27006,1.50,2.25
2012.12.03 03:25:07.447,1.26966,1.27006,2.25,4.32
2012.12.03 03:25:07.567,1.26966,1.27003,2.25,1.50
2012.12.03 03:25:07.687,1.26967,1.27003,1.50,1.50
2012.12.03 03:25:07.867,1.26966,1.27003,2.25,1.50
2012.12.03 03:25:08.227,1.26967,1.27003,1.50,1.50
2012.12.03 03:25:08.647,1.26967,1.27003,1.50,1.50
2012.12.03 03:25:08.963,1.26969,1.27003,2.25,1.50
2012.12.03 03:25:09.228,1.26969,1.27003,2.25,1.50
2012.12.03 03:25:09.407,1.26969,1.27003,2.25,1.50
2012.12.03 03:25:09.657,1.26967,1.27004,1.50,2.25
2012.12.03 03:25:09.956,1.26967,1.27003,1.50,2.25
2012.12.03 03:25:10.207,1.26969,1.27004,2.25,1.50
2012.12.03 03:25:10.447,1.26967,1.27003,1.50,2.25
2012.12.03 03:25:10.627,1.26967,1.27004,1.50,1.50
2012.12.03 03:25:10.997,1.26967,1.27003,1.50,1.50
2012.12.03 03:25:11.178,1.26967,1.27004,1.50,1.50
2012.12.03 03:25:11.549,1.26968,1.27003,1.50,1.50
2012.12.03 03:25:11.678,1.26968,1.27004,1.50,2.25
2012.12.03 03:25:12.217,1.26969,1.27006,2.25,1.50
2012.12.03 03:25:12.457,1.26969,1.27004,2.25,1.50
2012.12.03 03:25:12.696,1.2697,1.27006,2.25,3.00
2012.12.03 03:25:12.936,1.2697,1.27004,2.25,1.50
2012.12.03 03:25:13.117,1.26968,1.27006,2.25,3.00
2012.12.03 03:25:13.487,1.26968,1.27003,3.00,1.50
2012.12.03 03:25:17.177,1.26968,1.27007,1.50,2.25
2012.12.03 03:25:33.181,1.26968,1.27006,4.50,1.50
2012.12.03 03:25:33.428,1.26968,1.27005,2.25,2.25
2012.12.03 03:25:34.010,1.26965,1.27,2.25,1.35
2012.12.03 03:25:35.097,1.26964,1.26995,2.07,1.13
2012.12.03 03:25:35.217,1.26962,1.26995,2.25,1.13
2012.12.03 03:25:35.398,1.26964,1.26996,1.50,1.50
2012.12.03 03:25:35.637,1.26962,1.26997,2.25,1.50
2012.12.03 03:25:36.187,1.26964,1.26996,1.50,1.50
2012.12.03 03:25:48.617,1.26962,1.26998,3.00,1.13
2012.12.03 03:25:48.737,1.26961,1.26993,3.38,1.13
2012.12.03 03:25:48.977,1.26961,1.26994,2.25,1.88
2012.12.03 03:25:56.606,1.26961,1.26993,4.50,1.88
2012.12.03 03:25:58.613,1.26963,1.26992,2.25,1.50
2012.12.03 03:25:58.741,1.26966,1.26998,2.25,2.25
2012.12.03 03:25:58.987,1.26968,1.26999,1.50,1.50
2012.12.03 03:25:59.047,1.26968,1.26997,1.50,1.50
2012.12.03 03:25:59.587,1.26966,1.26995,3.00,1.50
2012.12.03 03:26:01.788,1.26966,1.26996,3.00,1.50
2012.12.03 03:26:02.336,1.26966,1.26996,3.00,1.50
2012.12.03 03:26:03.507,1.26966,1.26994,1.50,1.50
2012.12.03 03:26:08.997,1.26964,1.26995,1.50,1.64
2012.12.03 03:26:09.517,1.26967,1.26994,2.25,1.50
2012.12.03 03:26:10.168,1.26967,1.26993,2.25,1.50
2012.12.03 03:26:14.408,1.26967,1.26993,2.25,1.95
2012.12.03 03:26:23.167,1.26962,1.26994,3.00,1.20
2012.12.03 03:26:23.549,1.26967,1.26997,2.82,1.50
2012.12.03 03:26:23.667,1.26967,1.26997,2.82,1.50
2012.12.03 03:26:23.727,1.26967,1.26997,1.32,2.25
2012.12.03 03:26:23.969,1.26965,1.26994,2.63,1.20
2012.12.03 03:26:24.207,1.26961,1.26995,1.50,1.58
2012.12.03 03:26:24.386,1.26963,1.26996,1.50,1.58
2012.12.03 03:26:29.357,1.2697,1.26995,1.50,1.58
2012.12.03 03:26:29.492,1.26971,1.26996,1.50,1.50
2012.12.03 03:26:29.797,1.26976,1.26994,1.50,1.50
2012.12.03 03:26:30.452,1.26974,1.26993,1.50,1.50
2012.12.03 03:26:35.660,1.26975,1.27003,1.50,1.26
2012.12.03 03:26:35.726,1.26975,1.27004,2.25,1.88
2012.12.03 03:26:35.907,1.26975,1.27004,2.25,2.25
2012.12.03 03:26:36.226,1.26976,1.27001,1.50,1.50
2012.12.03 03:26:36.784,1.26976,1.27,1.50,1.50
2012.12.03 03:26:37.716,1.26976,1.27,1.50,1.50
2012.12.03 03:26:39.137,1.26976,1.27,1.50,1.50
2012.12.03 03:26:39.506,1.26976,1.27,1.50,1.50
2012.12.03 03:26:39.627,1.26975,1.26997,1.50,1.50
2012.12.03 03:26:39.807,1.26972,1.26998,1.88,1.50
2012.12.03 03:26:40.237,1.2697,1.26995,1.50,1.50
2012.12.03 03:26:41.707,1.2697,1.26999,1.50,1.64
2012.12.03 03:26:41.768,1.26972,1.26997,1.50,1.64
2012.12.03 03:26:44.397,1.26974,1.26997,1.50,1.64
2012.12.03 03:26:44.578,1.26973,1.27003,1.50,1.13
2012.12.03 03:26:44.638,1.26973,1.27004,1.50,2.25
2012.12.03 03:26:44.817,1.2698,1.2701,2.25,1.13
2012.12.03 03:26:45.537,1.26983,1.2701,1.50,1.13
2012.12.03 03:26:48.138,1.26984,1.27012,1.50,1.50
2012.12.03 03:26:50.137,1.2698,1.2701,2.25,1.13
2012.12.03 03:26:51.236,1.2698,1.27009,1.50,1.13
2012.12.03 03:26:51.356,1.2698,1.27008,1.50,1.13
2012.12.03 03:26:51.823,1.2698,1.2701,2.25,1.13
2012.12.03 03:26:53.696,1.26982,1.2701,1.50,1.13
2012.12.03 03:26:54.896,1.26981,1.27014,1.50,1.28
2012.12.03 03:26:56.376,1.26981,1.27012,1.50,1.50
2012.12.03 03:26:59.499,1.26977,1.27003,2.25,1.13
2012.12.03 03:27:00.007,1.26977,1.27003,2.25,1.13
2012.12.03 03:27:05.067,1.26976,1.27008,2.25,2.25
2012.12.03 03:27:07.187,1.26976,1.27008,2.25,1.88
2012.12.03 03:27:07.316,1.26976,1.27008,2.25,1.88
2012.12.03 03:27:10.930,1.26976,1.27007,2.25,1.13
2012.12.03 03:27:11.177,1.26977,1.27006,1.50,1.13
2012.12.03 03:27:11.298,1.26977,1.2701,1.50,1.65
2012.12.03 03:27:21.874,1.26977,1.27011,1.50,1.65
2012.12.03 03:27:32.303,1.26977,1.27013,1.69,1.65
2012.12.03 03:27:41.597,1.26977,1.27011,1.69,1.39
2012.12.03 03:27:43.276,1.26977,1.27011,1.50,1.39
2012.12.03 03:27:50.568,1.26977,1.27011,1.50,1.39
2012.12.03 03:27:53.132,1.26976,1.2701,3.00,1.13
2012.12.03 03:28:06.458,1.2698,1.2701,2.25,1.13
2012.12.03 03:28:21.916,1.2698,1.27018,2.25,2.78
2012.12.03 03:28:29.367,1.26979,1.27012,2.25,1.65
2012.12.03 03:28:29.728,1.2698,1.27018,1.88,1.50
2012.12.03 03:28:29.789,1.2698,1.27019,1.13,3.00
2012.12.03 03:28:29.848,1.2698,1.27019,1.13,3.04
2012.12.03 03:28:29.967,1.26979,1.2701,1.50,1.17
2012.12.03 03:28:30.207,1.26979,1.2701,2.25,1.17
2012.12.03 03:28:30.567,1.26978,1.2701,2.25,1.17
2012.12.03 03:28:30.627,1.26978,1.2701,1.50,1.17
2012.12.03 03:28:30.748,1.26978,1.26994,1.50,1.13
2012.12.03 03:28:30.809,1.26969,1.26994,2.25,1.13
2012.12.03 03:28:31.347,1.26971,1.27,1.13,1.50
2012.12.03 03:28:41.467,1.26972,1.26998,1.50,1.13
2012.12.03 03:28:41.767,1.26968,1.26999,1.50,1.88
2012.12.03 03:28:41.947,1.26968,1.26999,1.50,1.13
2012.12.03 03:29:01.487,1.26975,1.27005,1.50,1.13
2012.12.03 03:29:02.157,1.2697,1.27006,1.50,3.23
2012.12.03 03:29:04.757,1.2697,1.27002,1.50,1.35
2012.12.03 03:29:05.337,1.2697,1.27001,1.50,1.50
2012.12.03 03:29:05.641,1.26967,1.26999,2.25,1.35
2012.12.03 03:29:09.887,1.26969,1.26998,2.25,1.50
2012.12.03 03:29:10.096,1.2697,1.26997,1.50,1.50
2012.12.03 03:29:10.537,1.26969,1.26995,2.25,1.35
2012.12.03 03:29:17.157,1.26969,1.27001,1.13,1.35
2012.12.03 03:29:17.277,1.26975,1.27004,1.50,2.48
2012.12.03 03:29:32.216,1.26975,1.27007,1.50,1.88
2012.12.03 03:29:36.377,1.26975,1.27008,1.50,2.44
2012.12.03 03:29:36.737,1.26971,1.27001,1.50,1.13
2012.12.03 03:29:41.427,1.26971,1.27001,1.50,1.88
2012.12.03 03:29:43.907,1.26971,1.26999,1.50,1.50
2012.12.03 03:29:44.447,1.26971,1.26999,1.50,1.50
2012.12.03 03:29:45.131,1.26971,1.26997,1.50,1.50
2012.12.03 03:29:45.732,1.26971,1.26996,1.50,1.50
2012.12.03 03:29:46.267,1.2697,1.26996,1.50,1.50
2012.12.03 03:29:54.769,1.26966,1.26995,1.50,1.62
2012.12.03 03:29:55.418,1.26966,1.27,1.50,2.48
2012.12.03 03:29:56.437,1.26969,1.26998,1.88,1.50
2012.12.03 03:29:56.687,1.26967,1.27,1.88,2.25
2012.12.03 03:29:56.987,1.26963,1.26999,1.13,2.25
2012.12.03 03:29:58.475,1.26963,1.26999,1.50,1.50
2012.12.03 03:30:00.719,1.26971,1.27001,1.13,2.25
2012.12.03 03:30:00.778,1.26972,1.27,1.50,1.88
2012.12.03 03:30:00.837,1.26972,1.27,1.50,1.50
2012.12.03 03:30:01.418,1.26972,1.27001,1.50,1.88
2012.12.03 03:30:01.478,1.2697,1.27001,1.13,2.63
2012.12.03 03:30:01.538,1.2697,1.27001,1.13,2.63
2012.12.03 03:30:01.718,1.26971,1.27001,1.50,1.50
2012.12.03 03:30:02.079,1.26972,1.27001,1.13,2.63
2012.12.03 03:30:02.319,1.26971,1.27007,2.63,1.13
2012.12.03 03:30:02.499,1.26972,1.27008,1.13,1.88
2012.12.03 03:30:02.806,1.26977,1.27009,1.50,3.38
2012.12.03 03:30:02.867,1.26977,1.27008,1.50,1.50
2012.12.03 03:30:04.211,1.26977,1.27009,1.50,1.50
2012.12.03 03:30:05.088,1.26979,1.27008,1.50,1.50
2012.12.03 03:30:05.208,1.26979,1.27008,1.50,1.50
2012.12.03 03:30:05.518,1.26979,1.27018,1.50,2.28
2012.12.03 03:30:07.884,1.26979,1.27018,1.50,3.78
2012.12.03 03:30:09.757,1.26979,1.27018,1.50,2.28
2012.12.03 03:30:10.238,1.26979,1.27017,1.50,1.53
2012.12.03 03:30:17.419,1.26975,1.2701,2.25,1.13
2012.12.03 03:30:17.728,1.26981,1.27012,1.50,1.13
2012.12.03 03:30:17.787,1.26981,1.27013,1.50,3.00
2012.12.03 03:30:17.907,1.26981,1.27013,1.50,3.03
2012.12.03 03:30:18.417,1.26981,1.27016,1.50,2.28
2012.12.03 03:30:20.552,1.26981,1.27017,1.50,2.28
2012.12.03 03:30:24.168,1.26981,1.27016,1.88,1.53
2012.12.03 03:30:24.347,1.26984,1.27017,1.50,1.53
2012.12.03 03:30:38.458,1.2698,1.27009,1.50,1.16
2012.12.03 03:30:38.637,1.26982,1.27015,1.50,2.28
2012.12.03 03:30:49.995,1.26982,1.27009,1.50,1.16
2012.12.03 03:30:50.307,1.26977,1.27005,2.25,1.39
2012.12.03 03:30:50.489,1.2698,1.27003,1.50,1.39
2012.12.03 03:30:50.977,1.26978,1.27004,3.00,1.73
2012.12.03 03:30:51.368,1.2698,1.27009,1.50,1.16
2012.12.03 03:30:53.409,1.2698,1.27008,1.50,1.50
2012.12.03 03:30:54.439,1.2698,1.27008,1.50,2.25
2012.12.03 03:30:54.847,1.26979,1.27005,1.50,1.50
2012.12.03 03:30:55.678,1.26979,1.27004,1.50,1.73
2012.12.03 03:30:56.548,1.26979,1.27003,1.50,1.50
2012.12.03 03:30:57.222,1.26979,1.27001,1.50,1.50
2012.12.03 03:30:57.978,1.26979,1.27,1.50,1.50
2012.12.03 03:31:02.929,1.26974,1.27001,1.13,1.73
2012.12.03 03:31:03.167,1.26979,1.27001,1.50,1.73
2012.12.03 03:31:05.138,1.26979,1.27008,1.50,1.69
2012.12.03 03:31:17.868,1.2698,1.27007,1.50,1.69
2012.12.03 03:31:20.357,1.2698,1.27009,1.50,1.69
2012.12.03 03:31:20.607,1.2698,1.2701,1.50,2.25
2012.12.03 03:31:21.227,1.2698,1.27011,1.50,1.50
2012.12.03 03:31:21.997,1.2698,1.27013,1.50,2.78
2012.12.03 03:31:23.178,1.2698,1.27012,1.50,1.28
2012.12.03 03:31:23.487,1.26976,1.27011,1.13,1.50
2012.12.03 03:31:23.807,1.26979,1.27011,1.50,1.20
2012.12.03 03:31:23.869,1.26979,1.27012,1.50,1.58
2012.12.03 03:31:24.444,1.26979,1.27011,1.50,1.50
2012.12.03 03:31:24.745,1.26979,1.2701,1.50,1.65
2012.12.03 03:31:30.152,1.26979,1.27008,1.50,1.50
2012.12.03 03:31:31.554,1.26979,1.2701,1.50,1.11
2012.12.03 03:31:31.722,1.26979,1.27012,1.50,2.03
2012.12.03 03:31:32.598,1.26979,1.27011,1.50,2.40
2012.12.03 03:31:33.557,1.26978,1.27008,1.50,1.50
2012.12.03 03:31:34.095,1.26978,1.27006,1.50,1.50
2012.12.03 03:31:34.635,1.26978,1.27006,1.50,1.50
2012.12.03 03:31:35.948,1.26978,1.27006,1.50,1.50
2012.12.03 03:31:36.478,1.26978,1.27006,1.50,1.50
2012.12.03 03:31:38.277,1.2698,1.2701,1.50,1.11
2012.12.03 03:31:38.427,1.2698,1.27012,1.50,3.53
2012.12.03 03:32:10.227,1.26977,1.2701,1.50,4.13
2012.12.03 03:32:28.137,1.26975,1.27007,1.13,2.25
2012.12.03 03:32:41.287,1.26971,1.27003,1.50,1.39
2012.12.03 03:32:41.598,1.26972,1.27003,1.50,1.39
2012.12.03 03:32:41.723,1.26974,1.27006,1.13,1.88
2012.12.03 03:32:51.507,1.26974,1.27002,1.13,1.50
2012.12.03 03:32:51.568,1.26974,1.27,1.13,1.50
2012.12.03 03:32:52.937,1.26979,1.27007,1.50,3.19
2012.12.03 03:33:10.303,1.26979,1.27007,1.50,1.88
2012.12.03 03:33:10.428,1.26974,1.27006,1.13,1.13
2012.12.03 03:33:14.858,1.26975,1.27003,1.13,2.63
2012.12.03 03:33:15.418,1.26974,1.27003,1.13,2.63
2012.12.03 03:33:15.597,1.26972,1.27,1.50,1.50
2012.12.03 03:33:15.957,1.26969,1.27,2.25,2.25
2012.12.03 03:33:18.117,1.26966,1.26994,1.13,1.88
2012.12.03 03:33:18.468,1.26961,1.26993,2.25,2.07
2012.12.03 03:33:22.348,1.26966,1.26994,1.50,1.32
2012.12.03 03:33:22.407,1.26966,1.26998,1.88,1.84
2012.12.03 03:33:57.899,1.26966,1.26994,1.50,1.50
2012.12.03 03:34:01.179,1.26966,1.26994,1.50,1.50
2012.12.03 03:34:01.538,1.26966,1.26993,1.50,1.50
2012.12.03 03:34:02.107,1.26966,1.26991,1.50,1.75
2012.12.03 03:34:02.747,1.26966,1.2699,1.50,1.50
2012.12.03 03:34:08.858,1.26966,1.2699,1.50,1.50
2012.12.03 03:34:09.047,1.26966,1.26997,1.50,3.04
2012.12.03 03:34:15.865,1.26964,1.26997,1.13,2.29
2012.12.03 03:34:49.679,1.26969,1.26998,1.50,1.50
2012.12.03 03:34:50.038,1.26969,1.27,1.50,1.50
2012.12.03 03:34:50.169,1.26969,1.27,1.50,1.50
2012.12.03 03:34:50.237,1.26961,1.26999,1.50,1.50
2012.12.03 03:34:50.488,1.26963,1.26995,1.50,1.50
2012.12.03 03:34:50.808,1.26969,1.26999,1.50,3.00
2012.12.03 03:34:51.981,1.26969,1.26999,1.50,2.25
2012.12.03 03:35:11.337,1.26971,1.27002,1.50,2.25
2012.12.03 03:35:13.438,1.26971,1.27001,1.50,1.50
2012.12.03 03:35:13.678,1.2697,1.27001,1.50,1.50
2012.12.03 03:35:13.869,1.26972,1.27002,1.50,1.22
2012.12.03 03:35:14.237,1.26972,1.27002,1.50,1.50
2012.12.03 03:35:17.195,1.26972,1.27003,1.50,3.75
2012.12.03 03:35:19.018,1.26972,1.27002,1.50,1.50
2012.12.03 03:35:19.198,1.26969,1.27001,1.13,1.32
2012.12.03 03:35:19.378,1.26968,1.26999,1.13,2.25
2012.12.03 03:35:19.978,1.26969,1.27,1.50,1.50
2012.12.03 03:35:20.333,1.26969,1.26998,1.50,1.50
2012.12.03 03:35:22.303,1.26969,1.26998,1.50,1.50
2012.12.03 03:35:34.407,1.26964,1.26998,2.25,2.37
2012.12.03 03:35:48.678,1.26971,1.27004,1.50,2.25
2012.12.03 03:35:48.737,1.26971,1.27004,1.50,1.50
2012.12.03 03:35:50.538,1.2698,1.27005,1.50,1.88
2012.12.03 03:35:54.919,1.2698,1.27011,1.88,2.40
2012.12.03 03:35:55.159,1.26985,1.2701,1.50,1.50
2012.12.03 03:35:55.397,1.26981,1.2701,2.25,1.65
2012.12.03 03:36:00.681,1.26981,1.27011,1.50,1.65
2012.12.03 03:36:00.869,1.26986,1.27011,1.50,1.65
2012.12.03 03:36:01.689,1.26985,1.27011,1.50,1.65
2012.12.03 03:36:02.198,1.26985,1.2701,1.50,1.50
2012.12.03 03:36:04.364,1.26985,1.27011,1.50,1.65
2012.12.03 03:36:04.922,1.26985,1.2701,1.50,1.65
2012.12.03 03:36:05.227,1.26984,1.27018,2.25,1.28
2012.12.03 03:36:05.879,1.26981,1.27017,2.25,1.65
2012.12.03 03:36:08.117,1.26981,1.27019,1.50,3.90
2012.12.03 03:36:08.477,1.26984,1.27006,1.84,1.13
2012.12.03 03:36:08.718,1.26984,1.27013,1.50,2.25
2012.12.03 03:36:08.897,1.26979,1.27017,1.13,2.40
2012.12.03 03:36:18.178,1.26977,1.27015,1.50,3.15
2012.12.03 03:36:18.418,1.26977,1.27015,1.50,1.65
2012.12.03 03:36:27.118,1.26977,1.27016,1.88,2.40
2012.12.03 03:36:27.427,1.26983,1.27016,1.50,1.65
2012.12.03 03:36:35.688,1.26981,1.27019,3.38,2.40
2012.12.03 03:36:35.880,1.26984,1.27014,1.50,1.28
2012.12.03 03:36:36.129,1.26983,1.27013,1.50,1.65
2012.12.03 03:36:36.908,1.26985,1.27019,1.13,1.65
2012.12.03 03:36:38.148,1.26985,1.27018,1.13,1.65
2012.12.03 03:36:38.631,1.26983,1.27018,1.50,1.65
2012.12.03 03:36:43.559,1.26986,1.27019,2.25,2.40
2012.12.03 03:36:43.739,1.26986,1.27019,3.00,1.65
2012.12.03 03:36:43.918,1.26988,1.27023,2.25,2.40
2012.12.03 03:36:44.170,1.26988,1.27026,2.25,1.20
2012.12.03 03:36:44.678,1.26988,1.27026,3.00,1.20
2012.12.03 03:36:48.989,1.26991,1.27026,2.25,1.20
2012.12.03 03:36:49.298,1.26993,1.27033,2.25,2.63
2012.12.03 03:36:49.980,1.26992,1.27033,2.25,4.13
2012.12.03 03:36:50.529,1.26991,1.2703,2.25,1.58
2012.12.03 03:36:50.951,1.26992,1.27031,2.25,1.58
2012.12.03 03:36:51.019,1.26992,1.27031,3.75,1.65
2012.12.03 03:36:51.198,1.26992,1.27033,4.13,2.93
2012.12.03 03:36:51.728,1.26992,1.27033,4.13,2.93
2012.12.03 03:36:54.208,1.26992,1.27032,1.13,2.40
2012.12.03 03:36:55.358,1.26992,1.27029,2.63,2.78
2012.12.03 03:36:58.179,1.26992,1.27026,2.63,2.55
2012.12.03 03:37:09.700,1.26992,1.2702,2.25,1.28
2012.12.03 03:37:13.998,1.26991,1.27021,2.25,1.28
2012.12.03 03:37:19.718,1.26986,1.27018,1.50,2.25
2012.12.03 03:37:20.198,1.26985,1.27018,1.50,2.25
2012.12.03 03:37:20.705,1.26986,1.27015,1.50,1.13
2012.12.03 03:37:21.666,1.26985,1.27015,1.50,1.13
2012.12.03 03:37:22.173,1.26986,1.27015,1.50,1.13
2012.12.03 03:37:22.771,1.26985,1.27015,1.50,1.13
2012.12.03 03:37:23.428,1.26986,1.27015,1.50,1.13
2012.12.03 03:37:24.804,1.26985,1.27015,1.50,1.13
2012.12.03 03:37:25.120,1.26978,1.27015,2.25,1.13
2012.12.03 03:37:39.958,1.26974,1.27009,2.25,1.50
2012.12.03 03:37:42.147,1.26978,1.27009,1.50,1.50
2012.12.03 03:37:48.918,1.2698,1.27009,1.13,1.50
2012.12.03 03:37:49.278,1.26978,1.27013,2.44,1.13
2012.12.03 03:37:49.468,1.26978,1.27016,3.00,1.13
2012.12.03 03:37:49.588,1.26979,1.27018,2.25,1.13
2012.12.03 03:37:49.719,1.26979,1.27019,2.25,2.25
2012.12.03 03:37:50.388,1.26979,1.27015,1.50,1.13
2012.12.03 03:37:50.448,1.26979,1.27017,1.50,2.63
2012.12.03 03:37:50.908,1.26978,1.2702,2.25,5.40
2012.12.03 03:37:52.457,1.26982,1.27014,1.50,1.13
2012.12.03 03:37:54.508,1.26983,1.27015,1.50,1.13
2012.12.03 03:37:57.229,1.26983,1.27015,2.25,1.13
2012.12.03 03:38:10.669,1.26983,1.27014,1.50,1.13
2012.12.03 03:38:15.148,1.26983,1.2701,1.50,1.50
2012.12.03 03:38:15.329,1.26983,1.27009,1.50,1.50
2012.12.03 03:38:15.868,1.26983,1.27013,1.50,1.13
2012.12.03 03:38:16.438,1.26983,1.27009,1.50,1.50
2012.12.03 03:38:16.783,1.26982,1.27009,2.25,1.13
2012.12.03 03:38:17.327,1.26983,1.27009,1.50,2.25
2012.12.03 03:38:17.449,1.26982,1.27009,2.25,1.50
2012.12.03 03:38:17.748,1.26982,1.27013,2.25,2.25
2012.12.03 03:38:18.449,1.26983,1.27009,1.50,1.50
2012.12.03 03:38:18.638,1.26983,1.27008,1.50,2.25
2012.12.03 03:38:18.939,1.26983,1.27012,1.50,1.13
2012.12.03 03:38:19.601,1.26982,1.27013,2.25,1.13
2012.12.03 03:38:19.848,1.26983,1.27008,1.50,1.50
2012.12.03 03:38:20.158,1.26982,1.27009,1.50,1.88
2012.12.03 03:38:20.419,1.26983,1.27009,1.50,2.25
2012.12.03 03:38:20.598,1.26983,1.27009,1.50,1.88
2012.12.03 03:38:21.219,1.26982,1.27008,1.50,1.50
2012.12.03 03:38:21.278,1.26982,1.27008,1.50,2.25
2012.12.03 03:38:22.093,1.26983,1.27008,1.50,1.50
2012.12.03 03:38:22.227,1.26977,1.27008,2.25,1.50
2012.12.03 03:38:22.429,1.26977,1.2701,2.25,1.13
2012.12.03 03:38:22.608,1.26977,1.27012,2.25,1.13
2012.12.03 03:38:23.397,1.26977,1.27009,2.25,1.50
2012.12.03 03:38:23.637,1.26978,1.27013,2.25,1.50
2012.12.03 03:38:24.378,1.26977,1.27009,2.25,1.50
2012.12.03 03:38:24.617,1.26977,1.27012,2.25,1.50
2012.12.03 03:38:24.937,1.26977,1.27009,1.50,2.25
2012.12.03 03:38:25.541,1.26978,1.27009,1.50,2.25
2012.12.03 03:38:26.491,1.26978,1.27006,1.50,1.50
2012.12.03 03:38:26.797,1.26977,1.27006,2.25,1.13
2012.12.03 03:38:26.858,1.26977,1.2701,2.25,1.13
2012.12.03 03:38:26.921,1.26977,1.27008,1.50,1.50
2012.12.03 03:38:27.125,1.26978,1.27008,1.50,2.44
2012.12.03 03:38:27.657,1.26977,1.27008,1.50,2.25
2012.12.03 03:38:28.260,1.26978,1.27008,1.50,2.25
2012.12.03 03:38:32.154,1.26975,1.27008,1.50,2.25
2012.12.03 03:38:36.281,1.26974,1.27008,1.50,2.25
2012.12.03 03:38:39.411,1.26974,1.27008,2.25,1.50
2012.12.03 03:38:39.919,1.26979,1.27008,1.13,1.50
2012.12.03 03:38:39.979,1.26979,1.27009,1.13,1.50
2012.12.03 03:38:40.930,1.26979,1.27011,1.88,1.50
2012.12.03 03:38:40.988,1.26979,1.27013,4.13,1.13
2012.12.03 03:38:41.538,1.26981,1.27015,1.13,2.25
2012.12.03 03:38:43.677,1.26983,1.27016,1.50,1.13
2012.12.03 03:38:44.037,1.26983,1.27013,1.50,1.13
2012.12.03 03:38:45.488,1.26982,1.27013,1.50,1.13
2012.12.03 03:38:46.048,1.26983,1.27013,1.50,1.13
2012.12.03 03:38:48.048,1.26982,1.27013,1.50,1.13
2012.12.03 03:38:48.610,1.26983,1.27013,1.50,1.13
2012.12.03 03:38:53.198,1.26982,1.27013,1.50,1.13
2012.12.03 03:38:54.965,1.26983,1.27013,1.50,1.13
2012.12.03 03:38:56.475,1.26982,1.27013,1.50,1.13
2012.12.03 03:38:56.798,1.26983,1.27009,1.50,1.50
2012.12.03 03:38:57.466,1.26982,1.27009,1.50,3.00
2012.12.03 03:38:58.122,1.26983,1.27009,1.50,3.00
2012.12.03 03:39:02.148,1.26975,1.27009,2.25,1.50
2012.12.03 03:39:02.448,1.26975,1.27005,1.50,1.13
2012.12.03 03:39:02.868,1.26976,1.27005,2.25,2.63
2012.12.03 03:39:13.851,1.26971,1.27005,2.25,1.13
2012.12.03 03:39:14.261,1.26972,1.27008,3.00,1.13
2012.12.03 03:39:14.952,1.26975,1.27012,1.13,2.63
2012.12.03 03:39:33.099,1.26984,1.27012,1.13,1.13
2012.12.03 03:39:33.398,1.26984,1.27012,1.13,1.13
2012.12.03 03:39:33.698,1.26976,1.27013,2.07,1.13
2012.12.03 03:39:33.758,1.26976,1.27013,2.25,1.13
2012.12.03 03:39:33.939,1.26977,1.27013,1.50,1.13
2012.12.03 03:39:41.198,1.26977,1.27013,1.50,1.88
2012.12.03 03:39:41.968,1.26977,1.27013,2.25,1.13
2012.12.03 03:39:44.408,1.26976,1.27008,2.25,1.50
2012.12.03 03:39:44.958,1.26976,1.27008,2.25,1.50
2012.12.03 03:39:45.209,1.26976,1.2701,2.25,1.13
2012.12.03 03:39:45.448,1.26976,1.2701,2.25,1.13
2012.12.03 03:39:46.758,1.26977,1.27012,1.13,1.13
2012.12.03 03:39:46.978,1.26976,1.27012,2.25,1.50
2012.12.03 03:39:47.158,1.26976,1.27012,2.25,1.13
2012.12.03 03:39:47.409,1.26976,1.27012,2.25,1.50
2012.12.03 03:40:20.562,1.26976,1.27009,2.25,1.13
2012.12.03 03:40:20.928,1.26976,1.27009,2.25,1.13
2012.12.03 03:40:21.429,1.26976,1.27007,2.25,1.13
2012.12.03 03:40:32.279,1.26975,1.27009,2.25,1.13
2012.12.03 03:41:06.800,1.26975,1.27009,2.63,1.13
2012.12.03 03:41:21.186,1.26975,1.27009,1.88,1.13
2012.12.03 03:41:21.860,1.26975,1.27009,1.88,1.13
2012.12.03 03:41:30.163,1.26975,1.27009,1.13,1.50
2012.12.03 03:41:30.528,1.26975,1.27008,2.25,1.50
2012.12.03 03:42:11.178,1.26974,1.27011,2.25,2.25
2012.12.03 03:42:11.358,1.26974,1.27013,2.63,1.88
2012.12.03 03:43:09.979,1.26976,1.27014,2.25,1.50
2012.12.03 03:43:10.463,1.26978,1.27015,2.07,1.35
2012.12.03 03:43:10.540,1.26978,1.27016,2.07,2.63
2012.12.03 03:43:10.600,1.26978,1.27016,2.07,2.63
2012.12.03 03:43:23.470,1.26975,1.27013,2.25,1.13
2012.12.03 03:43:32.228,1.26977,1.27013,1.50,1.88
2012.12.03 03:43:32.468,1.26979,1.27013,1.13,1.13
2012.12.03 03:43:47.578,1.26979,1.27013,2.25,1.88
2012.12.03 03:43:52.428,1.26979,1.27009,1.50,1.50
2012.12.03 03:43:52.689,1.26978,1.27006,1.50,1.32
2012.12.03 03:43:53.411,1.26977,1.27006,1.50,2.07
2012.12.03 03:43:53.938,1.26978,1.27006,1.50,2.07
2012.12.03 03:43:54.834,1.26977,1.27006,1.50,2.07
2012.12.03 03:43:55.424,1.26978,1.27006,1.50,1.50
2012.12.03 03:44:00.010,1.26977,1.27006,1.50,1.50
2012.12.03 03:44:01.203,1.26978,1.27006,1.50,1.50
2012.12.03 03:44:01.786,1.26977,1.27006,1.50,1.50
2012.12.03 03:44:02.359,1.26978,1.27006,1.50,1.50
2012.12.03 03:44:02.478,1.26974,1.27006,1.50,1.50
2012.12.03 03:44:07.928,1.26975,1.27006,1.50,1.50
2012.12.03 03:44:11.960,1.26974,1.27006,1.50,1.50
2012.12.03 03:44:12.408,1.26972,1.27006,2.25,1.50
2012.12.03 03:44:14.191,1.26973,1.27006,1.50,1.50
2012.12.03 03:44:17.768,1.26972,1.27006,2.25,1.50
2012.12.03 03:44:17.888,1.26972,1.27008,3.00,1.13
2012.12.03 03:44:18.068,1.26972,1.27005,2.25,1.13
2012.12.03 03:44:18.608,1.26973,1.27005,1.50,1.13
2012.12.03 03:44:21.698,1.26972,1.27005,1.50,1.13
2012.12.03 03:44:22.597,1.26973,1.27005,1.50,1.13
2012.12.03 03:44:23.303,1.26972,1.27005,1.50,1.13
2012.12.03 03:44:26.141,1.26972,1.27006,2.25,1.69
2012.12.03 03:44:26.938,1.26972,1.27005,3.00,1.13
2012.12.03 03:44:27.646,1.26973,1.27005,1.50,1.13
2012.12.03 03:44:28.200,1.26967,1.27001,2.25,1.50
2012.12.03 03:45:08.439,1.26967,1.27005,2.25,1.13
2012.12.03 03:45:08.899,1.26968,1.27001,2.25,1.50
2012.12.03 03:45:09.149,1.26968,1.27006,2.25,1.13
2012.12.03 03:45:09.448,1.26967,1.27001,2.25,1.50
2012.12.03 03:45:09.688,1.26967,1.27002,2.25,1.13
2012.12.03 03:45:21.899,1.26969,1.27001,3.00,1.50
2012.12.03 03:45:42.939,1.26967,1.27007,2.25,4.13
2012.12.03 03:45:43.428,1.26969,1.27007,2.25,2.07
2012.12.03 03:45:52.388,1.26969,1.27008,3.75,1.32
2012.12.03 03:46:30.439,1.26971,1.27009,1.88,1.50
2012.12.03 03:46:30.748,1.26971,1.27007,1.88,1.50
2012.12.03 03:46:34.089,1.26971,1.27007,1.13,2.63
2012.12.03 03:46:40.179,1.2698,1.27005,2.25,1.13
2012.12.03 03:46:40.240,1.2698,1.27006,2.25,2.25
2012.12.03 03:46:40.419,1.26978,1.27006,2.63,2.25
2012.12.03 03:46:40.719,1.26978,1.27006,2.63,2.63
2012.12.03 03:46:41.819,1.26978,1.27006,1.13,2.63
2012.12.03 03:46:46.459,1.26978,1.27008,1.13,1.50
2012.12.03 03:46:46.709,1.26973,1.27003,1.04,1.50
2012.12.03 03:46:47.727,1.26972,1.27003,1.04,1.50
2012.12.03 03:46:47.790,1.26968,1.27003,2.25,1.50
2012.12.03 03:46:55.219,1.26969,1.27006,2.25,1.13
2012.12.03 03:46:55.600,1.2697,1.27005,1.50,1.13
2012.12.03 03:47:02.739,1.26967,1.27008,3.38,3.38
2012.12.03 03:47:02.799,1.26967,1.27008,2.63,3.38
2012.12.03 03:47:02.980,1.26968,1.26999,1.50,1.50
2012.12.03 03:47:03.409,1.26969,1.27004,2.25,1.13
2012.12.03 03:47:03.709,1.26969,1.27003,2.25,1.13
2012.12.03 03:47:03.889,1.26975,1.27003,1.13,1.13
2012.12.03 03:47:04.069,1.26975,1.27003,1.13,1.13
2012.12.03 03:47:04.249,1.26978,1.27009,2.25,2.25
2012.12.03 03:47:08.440,1.26975,1.27008,1.50,2.25
2012.12.03 03:47:08.679,1.26972,1.27008,1.50,2.25
2012.12.03 03:47:18.100,1.2697,1.27007,4.97,1.13
2012.12.03 03:47:18.339,1.26971,1.27007,2.25,1.13
2012.12.03 03:47:19.549,1.26975,1.27009,2.25,1.13
2012.12.03 03:47:19.610,1.26975,1.27009,2.25,1.13
2012.12.03 03:47:20.159,1.26975,1.27011,3.00,2.63
2012.12.03 03:48:19.777,1.26975,1.27009,2.25,2.25
2012.12.03 03:48:29.448,1.26975,1.27009,2.33,2.25
2012.12.03 03:48:32.468,1.26975,1.27007,2.25,2.25
2012.12.03 03:48:51.718,1.26975,1.27008,2.25,1.50
2012.12.03 03:48:52.260,1.26975,1.27005,3.00,1.50
2012.12.03 03:48:52.569,1.26975,1.27002,2.25,1.50
2012.12.03 03:48:52.689,1.26975,1.27003,2.25,1.50
2012.12.03 03:48:52.749,1.26975,1.27005,2.25,1.88
2012.12.03 03:48:52.929,1.26975,1.27003,2.25,1.50
2012.12.03 03:48:53.230,1.26975,1.27003,2.25,1.50
2012.12.03 03:48:53.470,1.26975,1.27002,3.00,1.50
2012.12.03 03:48:53.651,1.26975,1.27004,3.00,1.50
2012.12.03 03:48:53.890,1.26975,1.27004,2.33,1.50
2012.12.03 03:48:54.249,1.26974,1.27005,2.70,1.50
2012.12.03 03:48:54.429,1.26977,1.27005,2.25,1.50
2012.12.03 03:48:54.679,1.26974,1.27003,1.20,1.50
2012.12.03 03:48:54.859,1.26975,1.27003,2.33,1.50
2012.12.03 03:48:55.219,1.26977,1.27006,2.25,1.50
2012.12.03 03:48:55.409,1.26975,1.27003,2.33,1.50
2012.12.03 03:48:55.659,1.26977,1.27005,2.25,1.50
2012.12.03 03:48:55.959,1.26977,1.27002,2.25,1.50
2012.12.03 03:48:56.200,1.26977,1.27002,2.25,1.50
2012.12.03 03:48:56.439,1.26976,1.27002,2.25,1.50
2012.12.03 03:48:56.619,1.26976,1.27005,2.25,1.88
2012.12.03 03:48:56.919,1.26974,1.27003,1.20,1.50
2012.12.03 03:48:57.409,1.26976,1.27005,1.50,1.50
2012.12.03 03:49:11.409,1.26976,1.27005,1.88,1.50
2012.12.03 03:49:11.468,1.26976,1.27005,1.50,1.50
2012.12.03 03:49:11.969,1.26971,1.27002,1.88,1.50
2012.12.03 03:49:29.428,1.26969,1.27003,2.63,1.50
2012.12.03 03:50:11.577,1.26972,1.27003,1.50,1.50
2012.12.03 03:50:19.349,1.2697,1.27003,1.50,1.50
2012.12.03 03:50:19.469,1.26968,1.27003,1.50,1.50
2012.12.03 03:50:23.699,1.26968,1.27003,2.25,1.50
2012.12.03 03:50:29.379,1.26968,1.27004,2.25,1.50
2012.12.03 03:50:43.779,1.26968,1.27004,2.25,1.50
2012.12.03 03:50:48.720,1.26968,1.27004,2.25,1.50
2012.12.03 03:50:52.229,1.26968,1.27004,2.25,1.50
2012.12.03 03:51:03.499,1.26965,1.27004,2.25,1.50
2012.12.03 03:51:19.399,1.26964,1.27003,3.00,1.50
2012.12.03 03:51:19.902,1.26965,1.27002,1.50,1.50
2012.12.03 03:51:22.521,1.26962,1.27002,2.25,3.00
2012.12.03 03:51:24.429,1.26962,1.26998,2.25,1.50
2012.12.03 03:51:24.996,1.2696,1.26996,2.25,1.13
2012.12.03 03:52:00.989,1.26962,1.26997,2.25,1.88
2012.12.03 03:52:01.353,1.26962,1.26997,2.25,1.88
2012.12.03 03:52:59.419,1.26964,1.26995,1.50,1.50
2012.12.03 03:52:59.601,1.26963,1.26994,1.50,1.50
2012.12.03 03:53:00.330,1.26964,1.26996,1.50,1.13
2012.12.03 03:53:00.888,1.26963,1.26996,3.00,1.13
2012.12.03 03:53:01.701,1.26964,1.26996,1.50,1.13
2012.12.03 03:53:04.939,1.26963,1.26996,1.50,1.13
2012.12.03 03:53:05.289,1.26959,1.26996,2.25,1.13
2012.12.03 03:53:32.739,1.26959,1.26996,1.13,1.13
2012.12.03 03:53:33.039,1.26961,1.26996,1.50,1.13
2012.12.03 03:53:33.609,1.2696,1.26993,1.50,1.50
2012.12.03 03:53:39.310,1.26964,1.26996,2.25,1.13
2012.12.03 03:53:39.430,1.26964,1.26997,2.25,1.13
2012.12.03 03:53:39.944,1.26965,1.27,2.25,1.13
2012.12.03 03:54:32.827,1.26966,1.27001,1.50,1.50
2012.12.03 03:54:36.125,1.26966,1.27001,1.50,1.50
2012.12.03 03:54:42.650,1.26966,1.27001,1.50,1.50
2012.12.03 03:54:51.299,1.26967,1.27,1.50,1.13
2012.12.03 03:55:02.339,1.26967,1.27001,1.50,1.88
2012.12.03 03:55:11.430,1.26966,1.27003,1.50,1.50
2012.12.03 03:55:14.230,1.26965,1.27003,3.00,1.50
2012.12.03 03:55:22.610,1.26966,1.27003,1.50,1.50
2012.12.03 03:55:36.104,1.26966,1.27004,3.00,1.13
2012.12.03 03:55:37.509,1.26968,1.27008,1.50,1.13
2012.12.03 03:55:37.868,1.26971,1.27008,1.50,1.13
2012.12.03 03:55:37.929,1.26971,1.27008,1.50,1.13
2012.12.03 03:55:38.640,1.26971,1.27008,2.25,1.88
2012.12.03 03:55:39.080,1.26977,1.27009,2.25,1.50
2012.12.03 03:55:39.410,1.26977,1.27014,2.25,1.13
2012.12.03 03:55:39.470,1.26978,1.27016,1.50,1.13
2012.12.03 03:55:39.530,1.26979,1.27016,2.25,1.05
2012.12.03 03:55:39.710,1.26981,1.27016,2.25,1.05
2012.12.03 03:55:40.486,1.26981,1.27015,2.25,1.13
2012.12.03 03:56:00.939,1.26987,1.27017,1.50,1.80
2012.12.03 03:56:01.589,1.26983,1.27016,2.25,1.43
2012.12.03 03:56:39.495,1.26982,1.27016,1.50,1.43
2012.12.03 03:56:40.483,1.26982,1.27021,1.50,1.05
2012.12.03 03:57:01.992,1.26981,1.27021,1.50,1.05
2012.12.03 03:57:02.659,1.26982,1.27021,1.50,1.05
2012.12.03 03:57:11.439,1.26981,1.27021,3.00,1.05
2012.12.03 03:57:12.999,1.26982,1.27021,1.50,1.05
2012.12.03 03:57:13.173,1.26982,1.27016,1.50,1.43
2012.12.03 03:57:13.480,1.26986,1.27018,2.25,1.13
2012.12.03 03:57:13.541,1.26986,1.27021,2.25,2.63
2012.12.03 03:57:13.780,1.26989,1.27021,2.25,2.63
2012.12.03 03:57:14.441,1.26989,1.27021,2.25,2.25
2012.12.03 03:57:14.620,1.26989,1.27023,3.00,1.50
2012.12.03 03:57:14.920,1.26997,1.27023,1.13,1.50
2012.12.03 03:57:15.280,1.27001,1.27027,1.13,1.53
2012.12.03 03:57:23.951,1.27001,1.27038,1.13,3.03
2012.12.03 03:57:27.181,1.27009,1.27037,1.13,2.28
2012.12.03 03:57:27.360,1.27009,1.27037,1.13,2.40
2012.12.03 03:57:27.681,1.27009,1.27037,1.13,2.40
2012.12.03 03:57:28.177,1.27004,1.27029,2.25,1.50
2012.12.03 03:57:28.714,1.27007,1.27031,2.25,1.50
2012.12.03 03:57:29.260,1.27003,1.27031,2.25,1.50
2012.12.03 03:57:29.374,1.27003,1.27035,2.25,1.13
2012.12.03 03:57:29.500,1.27003,1.27035,2.25,1.13
2012.12.03 03:57:32.149,1.27003,1.27037,2.25,2.63
2012.12.03 03:57:37.210,1.27003,1.27037,2.25,2.63
2012.12.03 03:57:37.529,1.27003,1.27037,2.25,2.63
2012.12.03 03:57:37.870,1.27003,1.27035,2.25,1.13
2012.12.03 03:57:38.386,1.27003,1.27037,2.25,2.25
2012.12.03 03:58:11.941,1.27005,1.27036,1.13,1.50
2012.12.03 03:58:12.725,1.27005,1.27036,1.13,2.25
2012.12.03 03:58:12.931,1.27005,1.27036,1.13,2.25
2012.12.03 03:58:13.200,1.27005,1.27036,1.13,2.25
2012.12.03 03:58:18.665,1.27005,1.27035,1.13,2.25
2012.12.03 03:58:30.099,1.27005,1.27036,1.13,1.88
2012.12.03 03:58:30.159,1.27015,1.27037,1.13,2.63
2012.12.03 03:58:30.460,1.27008,1.27036,1.50,2.63
2012.12.03 03:58:37.520,1.27005,1.27038,1.13,3.00
2012.12.03 03:58:42.720,1.27012,1.27039,1.13,2.63
2012.12.03 03:58:42.961,1.27006,1.27035,1.50,1.50
2012.12.03 03:58:43.200,1.27005,1.27039,1.50,3.00
2012.12.03 03:58:43.520,1.26999,1.27037,1.07,1.13
2012.12.03 03:58:43.710,1.27,1.27034,1.50,1.50
2012.12.03 03:58:44.410,1.27005,1.27037,1.13,1.13
2012.12.03 03:58:55.420,1.27,1.27033,2.44,1.50
2012.12.03 03:58:55.730,1.26997,1.27036,2.25,2.25
2012.12.03 03:59:00.221,1.26997,1.27033,2.25,1.50
2012.12.03 03:59:01.160,1.27,1.27036,2.25,1.13
2012.12.03 03:59:01.220,1.27,1.27033,2.25,1.50
