2013.12.02 08:00:00.393,1.11531,1.11551,1.50,1.13
2013.12.02 08:00:08.419,1.1153,1.11554,1.13,1.13
2013.12.02 08:00:08.997,1.11531,1.11554,1.13,1.13
2013.12.02 08:00:09.938,1.1153,1.11554,1.13,1.13
2013.12.02 08:00:10.500,1.1153,1.11557,1.13,1.50
2013.12.02 08:00:10.708,1.11526,1.11557,1.13,1.50
2013.12.02 08:00:10.993,1.11526,1.11557,1.13,1.50
2013.12.02 08:00:12.176,1.11526,1.11557,1.13,1.50
2013.12.02 08:00:12.731,1.11529,1.11557,1.13,1.50
2013.12.02 08:00:13.187,1.11529,1.11558,1.13,2.25
2013.12.02 08:00:14.399,1.11527,1.11558,1.88,3.00
2013.12.02 08:00:14.615,1.11528,1.11558,1.50,3.00
2013.12.02 08:00:15.020,1.11526,1.11558,1.50,3.38
2013.12.02 08:00:15.325,1.11525,1.11558,1.50,3.76
2013.12.02 08:00:16.663,1.11526,1.11558,1.13,3.38
2013.12.02 08:00:17.133,1.11525,1.11558,1.13,4.35
2013.12.02 08:00:17.438,1.11524,1.11555,1.13,1.50
2013.12.02 08:00:17.590,1.11524,1.11555,1.13,1.13
2013.12.02 08:00:17.692,1.11524,1.11555,1.13,1.88
2013.12.02 08:00:19.913,1.11524,1.11555,2.63,1.13
2013.12.02 08:00:20.116,1.11526,1.11559,1.50,1.13
2013.12.02 08:00:20.318,1.11527,1.11559,1.50,1.13
2013.12.02 08:00:22.106,1.11526,1.11559,2.25,1.50
2013.12.02 08:00:22.612,1.11526,1.11559,1.58,1.95
2013.12.02 08:00:22.889,1.11527,1.11559,1.50,2.40
2013.12.02 08:00:24.733,1.11526,1.11559,1.58,2.41
2013.12.02 08:00:25.250,1.11527,1.11559,1.50,3.16
2013.12.02 08:00:26.827,1.11527,1.11559,1.50,2.41
2013.12.02 08:00:28.286,1.11526,1.11559,1.50,1.28
2013.12.02 08:00:28.877,1.11525,1.11559,1.95,1.28
2013.12.02 08:00:28.928,1.11525,1.11553,1.95,1.50
2013.12.02 08:00:45.087,1.11527,1.11549,0.25,3.16
2013.12.02 08:00:49.567,1.11527,1.11549,0.25,3.16
2013.12.02 08:00:50.445,1.11527,1.11549,0.25,3.91
2013.12.02 08:00:58.397,1.11527,1.11548,0.25,3.15
2013.12.02 08:00:58.599,1.11527,1.11548,0.25,2.40
2013.12.02 08:01:00.000,1.11527,1.11548,0.25,2.40
2013.12.02 08:01:00.541,1.11527,1.11548,0.25,1.65
2013.12.02 08:01:00.592,1.11527,1.1155,0.25,1.65
2013.12.02 08:01:00.744,1.11527,1.11554,0.25,1.65
2013.12.02 08:01:04.089,1.11527,1.11554,0.25,1.65
2013.12.02 08:01:04.393,1.11527,1.11547,0.25,3.15
2013.12.02 08:01:04.443,1.11527,1.11548,0.25,3.15
2013.12.02 08:01:04.697,1.11527,1.11558,1.25,1.65
2013.12.02 08:01:04.798,1.11527,1.1156,1.25,2.40
2013.12.02 08:01:05.212,1.11527,1.11562,1.00,1.65
2013.12.02 08:01:05.314,1.11527,1.11562,1.00,2.40
2013.12.02 08:01:07.150,1.11527,1.11562,1.00,1.65
2013.12.02 08:01:07.400,1.11527,1.11562,1.00,1.65
2013.12.02 08:01:10.099,1.11527,1.11562,1.00,2.97
2013.12.02 08:01:10.676,1.11527,1.11561,1.00,5.89
2013.12.02 08:01:10.980,1.11527,1.11556,1.00,3.34
2013.12.02 08:01:11.233,1.11527,1.11559,1.00,3.53
2013.12.02 08:01:11.792,1.11527,1.11557,1.00,2.97
2013.12.02 08:01:16.023,1.11527,1.11555,1.00,2.97
2013.12.02 08:01:18.351,1.11527,1.11555,1.00,2.22
2013.12.02 08:01:18.402,1.11527,1.11555,1.00,2.22
2013.12.02 08:01:23.417,1.11527,1.11555,1.00,1.65
2013.12.02 08:01:26.718,1.11527,1.11557,1.00,2.97
2013.12.02 08:01:26.921,1.11527,1.11557,1.00,1.47
2013.12.02 08:01:26.972,1.11527,1.11557,1.25,4.39
2013.12.02 08:01:27.483,1.11527,1.11556,1.25,3.15
2013.12.02 08:01:28.715,1.11527,1.11556,1.25,2.40
2013.12.02 08:01:39.511,1.11527,1.11556,1.25,3.15
2013.12.02 08:01:39.874,1.11527,1.11556,1.25,3.15
2013.12.02 08:01:47.418,1.11527,1.11556,1.25,1.65
2013.12.02 08:01:51.355,1.11527,1.11555,1.25,2.97
2013.12.02 08:01:51.812,1.11527,1.11552,1.25,3.72
2013.12.02 08:01:52.342,1.11527,1.11552,1.25,1.65
2013.12.02 08:01:52.443,1.11527,1.11552,0.25,3.15
2013.12.02 08:01:52.759,1.11527,1.11552,0.25,1.65
2013.12.02 08:01:53.750,1.11527,1.11553,0.25,2.40
2013.12.02 08:01:54.399,1.11516,1.11553,1.28,2.40
2013.12.02 08:02:01.513,1.11516,1.11553,2.03,1.58
2013.12.02 08:02:03.050,1.11516,1.11553,1.28,1.65
2013.12.02 08:02:12.717,1.11516,1.11555,2.03,2.40
2013.12.02 08:02:12.768,1.11516,1.11555,2.03,2.33
2013.12.02 08:02:12.994,1.11517,1.11555,1.65,1.65
2013.12.02 08:02:37.953,1.11518,1.11558,1.65,2.40
2013.12.02 08:02:38.510,1.11518,1.11558,1.65,2.40
2013.12.02 08:02:55.317,1.11514,1.11557,3.15,2.40
2013.12.02 08:02:55.369,1.11514,1.11557,3.15,2.40
2013.12.02 08:03:00.244,1.11516,1.11559,3.15,2.40
2013.12.02 08:03:00.295,1.11516,1.11559,3.15,2.40
2013.12.02 08:03:01.667,1.11518,1.11558,1.65,1.65
2013.12.02 08:03:01.870,1.11518,1.1156,1.65,1.65
2013.12.02 08:03:02.023,1.1152,1.1156,1.28,3.90
2013.12.02 08:03:02.580,1.1152,1.1156,1.28,3.90
2013.12.02 08:03:05.558,1.11526,1.11558,1.58,1.65
2013.12.02 08:03:16.002,1.11526,1.11561,1.58,2.40
2013.12.02 08:03:16.103,1.11526,1.11561,1.65,2.33
2013.12.02 08:03:18.031,1.11526,1.11561,1.65,1.65
2013.12.02 08:03:21.194,1.11526,1.11561,1.50,2.40
2013.12.02 08:03:26.095,1.11526,1.11561,1.65,2.40
2013.12.02 08:03:28.627,1.11526,1.11561,1.65,1.65
2013.12.02 08:03:30.836,1.11526,1.11561,1.65,1.65
2013.12.02 08:03:31.382,1.11526,1.11561,1.65,1.65
2013.12.02 08:03:34.257,1.11526,1.11559,1.65,1.65
2013.12.02 08:03:36.067,1.11526,1.1156,1.58,1.65
2013.12.02 08:03:46.142,1.11526,1.11559,1.50,1.65
2013.12.02 08:03:50.416,1.1152,1.11559,1.65,1.65
2013.12.02 08:03:55.602,1.11522,1.11557,1.65,1.20
2013.12.02 08:03:55.931,1.11525,1.11557,1.65,1.13
2013.12.02 08:03:56.439,1.11525,1.11557,1.65,1.13
2013.12.02 08:03:58.080,1.11525,1.11557,1.58,1.20
2013.12.02 08:03:58.181,1.1152,1.11555,2.25,4.28
2013.12.02 08:03:58.283,1.1152,1.11553,1.65,2.78
2013.12.02 08:03:58.334,1.11517,1.11553,3.90,2.78
2013.12.02 08:03:58.487,1.11518,1.11553,2.40,1.28
2013.12.02 08:03:58.538,1.11521,1.11553,1.65,1.13
2013.12.02 08:03:59.670,1.11518,1.11552,2.40,1.13
2013.12.02 08:03:59.771,1.11518,1.11552,2.40,1.13
2013.12.02 08:04:04.475,1.11518,1.11552,3.98,1.13
2013.12.02 08:04:04.576,1.11524,1.11552,1.50,1.13
2013.12.02 08:04:05.342,1.11518,1.11553,2.40,2.03
2013.12.02 08:04:05.751,1.11518,1.11553,1.50,3.16
2013.12.02 08:04:06.092,1.11518,1.11553,1.65,2.78
2013.12.02 08:04:15.753,1.11517,1.11552,1.65,1.28
2013.12.02 08:04:18.337,1.11514,1.11552,2.40,1.13
2013.12.02 08:04:19.093,1.11514,1.11548,3.90,1.13
2013.12.02 08:04:21.755,1.11514,1.11548,2.40,1.13
2013.12.02 08:04:23.564,1.11513,1.11545,3.15,1.13
2013.12.02 08:04:25.039,1.11514,1.11545,2.03,1.13
2013.12.02 08:04:26.861,1.11511,1.11535,2.03,1.13
2013.12.02 08:04:27.165,1.11509,1.11534,1.50,1.13
2013.12.02 08:04:27.419,1.11503,1.11534,1.65,1.13
2013.12.02 08:04:27.571,1.11502,1.11534,2.78,1.13
2013.12.02 08:04:28.335,1.115,1.11529,1.65,1.13
2013.12.02 08:04:28.488,1.115,1.11529,1.65,1.13
2013.12.02 08:04:28.792,1.11498,1.11529,1.65,1.13
2013.12.02 08:04:29.445,1.115,1.11529,1.65,1.13
2013.12.02 08:04:30.764,1.11498,1.11527,3.15,1.13
2013.12.02 08:04:32.403,1.11499,1.11524,1.65,1.13
2013.12.02 08:04:32.505,1.11495,1.11525,1.65,1.13
2013.12.02 08:04:34.017,1.11494,1.11525,4.28,1.13
2013.12.02 08:04:34.863,1.11496,1.11518,1.65,1.50
2013.12.02 08:04:34.914,1.11494,1.11514,2.03,1.50
2013.12.02 08:04:34.965,1.11494,1.11514,1.20,2.25
2013.12.02 08:04:35.117,1.11493,1.11514,1.13,1.50
2013.12.02 08:04:36.019,1.11496,1.11519,1.28,1.13
2013.12.02 08:04:37.324,1.11499,1.11519,1.13,1.13
2013.12.02 08:04:38.094,1.11499,1.11519,1.28,1.13
2013.12.02 08:04:40.076,1.11496,1.11519,1.28,1.13
2013.12.02 08:04:40.229,1.11492,1.11519,1.65,1.13
2013.12.02 08:04:40.768,1.1149,1.11519,1.65,1.13
2013.12.02 08:04:42.885,1.11491,1.11519,1.65,1.13
2013.12.02 08:04:43.189,1.11488,1.11512,1.50,1.13
2013.12.02 08:04:44.367,1.11485,1.11511,1.13,1.13
2013.12.02 08:04:44.874,1.11486,1.11511,1.13,1.13
2013.12.02 08:04:45.425,1.11486,1.11511,1.13,1.88
2013.12.02 08:04:45.931,1.11485,1.11507,1.50,1.13
2013.12.02 08:04:46.245,1.11485,1.11508,1.65,1.13
2013.12.02 08:04:50.523,1.11483,1.11508,2.25,1.13
2013.12.02 08:04:51.086,1.11482,1.11508,1.88,1.13
2013.12.02 08:04:52.888,1.11485,1.11508,1.13,1.13
2013.12.02 08:04:53.142,1.11487,1.11508,1.20,1.13
2013.12.02 08:04:53.560,1.11484,1.11507,1.13,1.20
2013.12.02 08:04:53.763,1.11479,1.11502,1.13,1.88
2013.12.02 08:04:53.965,1.11473,1.11497,1.13,1.13
2013.12.02 08:04:54.220,1.11474,1.11497,1.20,1.13
2013.12.02 08:04:54.819,1.11479,1.11496,1.50,1.13
2013.12.02 08:04:55.326,1.11478,1.11496,1.58,1.13
2013.12.02 08:04:55.986,1.11479,1.11497,1.50,1.13
2013.12.02 08:04:56.730,1.11476,1.11496,1.50,1.13
2013.12.02 08:04:57.289,1.11476,1.11496,1.50,1.13
2013.12.02 08:04:57.967,1.11479,1.11496,1.50,1.13
2013.12.02 08:04:58.510,1.11476,1.11497,1.50,1.13
2013.12.02 08:04:59.272,1.11476,1.11496,1.58,1.13
2013.12.02 08:04:59.790,1.11478,1.11496,1.50,1.13
2013.12.02 08:05:01.388,1.11478,1.11496,2.03,1.13
2013.12.02 08:05:01.934,1.11478,1.11496,2.03,1.13
2013.12.02 08:05:02.086,1.11479,1.115,1.65,1.50
2013.12.02 08:05:02.138,1.11482,1.11502,1.65,1.13
2013.12.02 08:05:02.291,1.11487,1.11502,1.58,1.13
2013.12.02 08:05:02.342,1.11487,1.11505,2.33,1.50
2013.12.02 08:05:02.393,1.11488,1.11506,1.58,1.13
2013.12.02 08:05:02.495,1.11488,1.11506,1.58,1.13
2013.12.02 08:05:02.697,1.11486,1.11506,1.65,1.13
2013.12.02 08:05:03.152,1.1149,1.11511,1.65,1.13
2013.12.02 08:05:03.582,1.11493,1.11515,1.65,1.50
2013.12.02 08:05:03.839,1.11498,1.11519,1.65,1.50
2013.12.02 08:05:03.941,1.11498,1.1152,1.65,1.13
2013.12.02 08:05:03.992,1.11498,1.1152,1.65,1.13
2013.12.02 08:05:05.646,1.11497,1.1152,3.15,1.13
2013.12.02 08:05:05.799,1.11497,1.11521,1.65,1.13
2013.12.02 08:05:06.370,1.11492,1.11516,2.03,1.13
2013.12.02 08:05:06.421,1.11492,1.11515,1.28,1.50
2013.12.02 08:05:07.443,1.11492,1.11512,1.28,1.13
2013.12.02 08:05:07.794,1.11492,1.11512,1.28,1.13
2013.12.02 08:05:12.589,1.11488,1.11512,2.78,1.13
2013.12.02 08:05:13.174,1.11485,1.1151,1.50,1.28
2013.12.02 08:05:13.376,1.11485,1.1151,1.50,1.28
2013.12.02 08:05:13.579,1.11482,1.11508,2.25,1.20
2013.12.02 08:05:13.902,1.11482,1.11508,2.63,1.20
2013.12.02 08:05:14.157,1.11482,1.11506,1.13,1.13
2013.12.02 08:05:14.360,1.11475,1.115,1.88,1.13
2013.12.02 08:05:14.930,1.11476,1.11498,1.50,1.50
2013.12.02 08:05:20.659,1.11476,1.11496,1.50,1.13
2013.12.02 08:05:23.165,1.11476,1.11497,1.13,1.13
2013.12.02 08:05:23.802,1.11476,1.11496,1.13,1.13
2013.12.02 08:05:25.805,1.1148,1.11496,1.13,1.13
2013.12.02 08:05:27.904,1.11484,1.11498,1.50,1.25
2013.12.02 08:05:28.106,1.11484,1.11498,1.13,1.00
2013.12.02 08:05:30.462,1.11486,1.11498,1.13,0.25
2013.12.02 08:05:32.594,1.11486,1.11498,1.65,0.25
2013.12.02 08:05:34.382,1.11485,1.11498,1.65,0.25
2013.12.02 08:05:34.889,1.11485,1.11498,1.13,0.25
2013.12.02 08:05:36.357,1.11484,1.11498,1.65,0.25
2013.12.02 08:05:36.723,1.11485,1.11498,2.03,0.25
2013.12.02 08:05:39.120,1.11487,1.11498,1.65,0.25
2013.12.02 08:05:39.678,1.11491,1.11498,1.65,0.25
2013.12.02 08:05:45.392,1.11491,1.11498,2.40,0.25
2013.12.02 08:05:51.185,1.1149,1.11498,1.28,0.25
2013.12.02 08:05:57.148,1.11489,1.11498,1.65,0.25
2013.12.02 08:05:57.477,1.11488,1.11498,1.65,0.25
2013.12.02 08:06:00.556,1.11486,1.11498,2.03,0.25
2013.12.02 08:06:01.645,1.11487,1.11498,1.65,0.25
2013.12.02 08:06:05.832,1.1149,1.11498,1.65,0.25
2013.12.02 08:06:10.876,1.11491,1.11498,1.65,0.25
2013.12.02 08:06:13.632,1.11493,1.11498,1.65,0.25
2013.12.02 08:06:16.401,1.11508,1.11526,1.50,0.63
2013.12.02 08:06:16.554,1.11508,1.11534,1.95,2.70
2013.12.02 08:06:16.605,1.11508,1.11534,1.28,1.50
2013.12.02 08:06:17.956,1.11504,1.11532,1.65,1.13
2013.12.02 08:06:18.057,1.11503,1.11532,1.65,1.13
2013.12.02 08:06:18.108,1.11503,1.11532,2.40,1.13
2013.12.02 08:06:18.596,1.115,1.11529,1.28,1.88
2013.12.02 08:06:19.131,1.11499,1.11529,2.40,2.25
2013.12.02 08:06:21.129,1.115,1.11529,1.28,2.25
2013.12.02 08:06:24.585,1.11503,1.1153,1.28,2.25
2013.12.02 08:06:25.817,1.11503,1.1153,1.28,1.50
2013.12.02 08:06:28.130,1.11503,1.1153,1.28,2.25
2013.12.02 08:06:29.030,1.11505,1.11529,1.88,1.50
2013.12.02 08:06:29.132,1.11505,1.11533,2.03,1.50
2013.12.02 08:06:29.334,1.11509,1.11534,1.20,2.25
2013.12.02 08:06:29.689,1.11521,1.11543,1.13,1.50
2013.12.02 08:06:29.740,1.11521,1.1155,1.13,2.25
2013.12.02 08:06:29.943,1.11521,1.1155,1.28,1.50
2013.12.02 08:06:30.044,1.11521,1.11553,2.03,1.50
2013.12.02 08:06:30.147,1.11521,1.11553,2.03,1.50
2013.12.02 08:06:30.961,1.11526,1.11557,1.50,1.28
2013.12.02 08:06:31.012,1.11526,1.11559,1.50,1.28
2013.12.02 08:06:31.113,1.11531,1.11559,1.50,1.28
2013.12.02 08:06:31.164,1.11533,1.11559,1.13,1.28
2013.12.02 08:06:31.714,1.11534,1.1156,1.13,1.28
2013.12.02 08:06:32.710,1.11539,1.11561,1.13,1.13
2013.12.02 08:06:33.013,1.11543,1.11564,1.13,1.50
2013.12.02 08:06:33.115,1.11546,1.11566,1.13,2.63
2013.12.02 08:06:33.165,1.11547,1.11566,1.13,2.25
2013.12.02 08:06:33.700,1.11544,1.1157,1.13,3.08
2013.12.02 08:06:34.335,1.11552,1.1157,1.58,1.58
2013.12.02 08:06:34.437,1.11553,1.11571,1.65,1.50
2013.12.02 08:06:34.488,1.11548,1.11574,1.65,2.33
2013.12.02 08:06:34.539,1.11548,1.11574,1.65,2.33
2013.12.02 08:06:34.590,1.11548,1.11574,1.65,2.33
2013.12.02 08:06:35.096,1.11552,1.1158,1.50,1.65
2013.12.02 08:06:35.248,1.11551,1.1158,1.58,1.50
2013.12.02 08:06:35.451,1.11549,1.11581,1.20,2.85
2013.12.02 08:06:35.552,1.11549,1.11581,1.20,1.65
2013.12.02 08:06:35.755,1.11551,1.1158,1.28,1.58
2013.12.02 08:06:36.532,1.11553,1.1158,1.28,1.58
2013.12.02 08:06:37.530,1.11552,1.11581,2.40,1.13
2013.12.02 08:06:37.732,1.11555,1.11581,1.28,1.20
2013.12.02 08:06:37.945,1.11555,1.11581,1.28,1.13
2013.12.02 08:06:38.152,1.11555,1.11581,1.28,1.20
2013.12.02 08:06:38.925,1.11552,1.11581,2.70,1.58
2013.12.02 08:06:39.030,1.11552,1.11583,2.70,2.33
2013.12.02 08:06:39.360,1.11552,1.11574,1.88,1.50
2013.12.02 08:06:41.256,1.11551,1.11572,1.50,1.58
2013.12.02 08:06:41.585,1.11551,1.11572,1.50,1.58
2013.12.02 08:06:42.123,1.11551,1.11572,1.50,1.58
2013.12.02 08:06:43.687,1.11551,1.11572,1.50,1.58
2013.12.02 08:06:44.196,1.11551,1.11578,1.50,1.73
2013.12.02 08:06:45.715,1.11551,1.1158,1.58,2.03
2013.12.02 08:06:46.586,1.11551,1.11579,1.58,1.58
2013.12.02 08:06:47.107,1.11551,1.1158,1.58,1.28
2013.12.02 08:06:47.656,1.11551,1.1158,1.58,1.28
2013.12.02 08:06:48.653,1.11551,1.1158,1.58,1.28
2013.12.02 08:06:50.199,1.11551,1.1158,1.58,1.28
2013.12.02 08:06:50.810,1.11551,1.11582,1.58,2.10
2013.12.02 08:06:52.049,1.11551,1.11569,1.58,1.50
2013.12.02 08:06:52.151,1.11551,1.11577,1.50,1.65
2013.12.02 08:06:52.202,1.11551,1.11577,1.88,1.73
2013.12.02 08:06:52.304,1.11551,1.11577,1.50,1.73
2013.12.02 08:06:53.063,1.1154,1.11578,2.03,2.03
2013.12.02 08:06:53.200,1.1154,1.11578,2.03,2.85
2013.12.02 08:06:53.762,1.11541,1.11578,1.65,2.10
2013.12.02 08:06:54.508,1.11541,1.11578,1.65,2.10
2013.12.02 08:06:55.750,1.11541,1.11578,1.65,1.35
2013.12.02 08:06:57.023,1.11541,1.11578,2.03,2.10
2013.12.02 08:06:57.646,1.11541,1.11578,2.03,2.10
2013.12.02 08:06:58.155,1.11541,1.11578,2.03,2.10
2013.12.02 08:06:58.668,1.11541,1.11578,2.03,1.35
2013.12.02 08:07:00.018,1.11541,1.11578,1.28,2.10
2013.12.02 08:07:00.911,1.11543,1.11578,1.28,1.35
2013.12.02 08:07:01.442,1.11543,1.11578,1.28,1.35
2013.12.02 08:07:01.966,1.11543,1.11578,1.28,1.35
2013.12.02 08:07:02.529,1.11543,1.11578,1.28,1.35
2013.12.02 08:07:03.049,1.11543,1.11578,1.28,1.35
2013.12.02 08:07:03.403,1.11551,1.11582,1.50,2.48
2013.12.02 08:07:03.946,1.11554,1.11585,1.65,1.58
2013.12.02 08:07:04.453,1.11554,1.11585,1.65,1.58
2013.12.02 08:07:04.961,1.11551,1.11583,1.28,1.58
2013.12.02 08:07:05.265,1.1155,1.11583,1.65,1.58
2013.12.02 08:07:06.064,1.1155,1.11583,1.28,1.58
2013.12.02 08:07:06.683,1.11551,1.11587,1.28,1.73
2013.12.02 08:07:07.241,1.11551,1.11588,1.28,1.73
2013.12.02 08:07:08.956,1.11551,1.11587,1.28,1.73
2013.12.02 08:07:09.479,1.11551,1.11584,1.20,1.73
2013.12.02 08:07:10.075,1.11551,1.11584,1.20,1.73
2013.12.02 08:07:10.625,1.11551,1.11583,1.95,1.65
2013.12.02 08:07:11.138,1.11551,1.11583,1.20,1.65
2013.12.02 08:07:12.807,1.11551,1.11587,3.15,1.73
2013.12.02 08:07:13.325,1.11551,1.11587,3.15,2.48
2013.12.02 08:07:14.632,1.11551,1.11587,3.15,1.73
2013.12.02 08:07:15.622,1.11552,1.11587,1.65,1.65
2013.12.02 08:07:15.723,1.11552,1.11587,1.65,1.73
2013.12.02 08:07:16.541,1.11552,1.11587,2.40,1.65
2013.12.02 08:07:16.677,1.11552,1.11587,2.40,1.73
2013.12.02 08:07:17.264,1.11553,1.11587,1.65,1.73
2013.12.02 08:07:17.518,1.11563,1.11591,1.58,1.58
2013.12.02 08:07:17.619,1.1156,1.11591,1.13,1.73
2013.12.02 08:07:17.923,1.11558,1.11589,2.70,1.73
2013.12.02 08:07:17.974,1.11558,1.11589,2.70,1.73
2013.12.02 08:07:18.481,1.11558,1.11588,1.13,1.73
2013.12.02 08:07:31.105,1.11558,1.11592,1.13,2.48
2013.12.02 08:07:31.669,1.11558,1.11592,1.13,1.73
2013.12.02 08:07:32.590,1.11558,1.11592,1.13,1.73
2013.12.02 08:07:33.134,1.11558,1.11592,1.13,1.73
2013.12.02 08:07:33.906,1.11558,1.11592,1.13,1.73
2013.12.02 08:07:34.726,1.11558,1.11592,1.13,1.73
2013.12.02 08:07:36.484,1.11558,1.11592,1.13,1.73
2013.12.02 08:07:37.292,1.11558,1.11593,1.28,1.73
2013.12.02 08:07:37.793,1.11558,1.11593,1.28,1.73
2013.12.02 08:07:38.523,1.11558,1.11593,1.28,1.73
2013.12.02 08:07:39.075,1.11557,1.11593,1.28,1.73
2013.12.02 08:07:40.352,1.11557,1.11593,1.28,1.73
2013.12.02 08:07:40.876,1.11557,1.11593,1.28,1.73
2013.12.02 08:07:41.385,1.11557,1.11593,1.28,1.73
2013.12.02 08:07:41.923,1.11557,1.11593,1.28,1.73
2013.12.02 08:07:44.864,1.11557,1.11594,1.28,1.73
2013.12.02 08:07:45.776,1.11558,1.11594,1.28,1.73
2013.12.02 08:07:47.390,1.11558,1.11594,1.28,1.73
2013.12.02 08:07:48.139,1.11558,1.11594,1.28,2.48
2013.12.02 08:07:48.646,1.11557,1.11594,1.28,2.48
2013.12.02 08:07:50.097,1.11557,1.11593,1.28,1.73
2013.12.02 08:07:50.938,1.11557,1.11594,1.28,3.23
2013.12.02 08:07:51.583,1.11558,1.11592,1.20,1.73
2013.12.02 08:07:52.051,1.11558,1.11593,1.20,1.73
2013.12.02 08:07:54.136,1.11558,1.11594,1.28,3.23
2013.12.02 08:07:57.491,1.11559,1.11592,1.20,2.48
2013.12.02 08:07:57.999,1.11562,1.11593,1.88,2.48
2013.12.02 08:07:58.680,1.11563,1.11591,1.13,1.73
2013.12.02 08:07:59.218,1.11564,1.11593,1.13,2.48
2013.12.02 08:08:00.176,1.11564,1.11593,1.13,2.48
2013.12.02 08:08:00.683,1.11564,1.11593,1.13,2.48
2013.12.02 08:08:01.221,1.11564,1.11593,1.13,2.48
2013.12.02 08:08:01.762,1.11564,1.11593,1.13,2.48
2013.12.02 08:08:03.431,1.11562,1.11593,1.88,1.73
2013.12.02 08:08:05.716,1.11562,1.11593,1.88,1.73
2013.12.02 08:08:06.744,1.11562,1.11593,1.50,1.73
2013.12.02 08:08:07.465,1.11562,1.11593,1.50,1.73
2013.12.02 08:08:08.126,1.11562,1.11593,1.50,1.73
2013.12.02 08:08:09.154,1.11562,1.11593,1.50,1.73
2013.12.02 08:08:10.980,1.11565,1.11593,1.13,1.73
2013.12.02 08:08:11.528,1.11563,1.11593,1.13,1.73
2013.12.02 08:08:13.600,1.11567,1.11593,1.88,1.73
2013.12.02 08:08:14.122,1.11573,1.11597,1.13,2.33
2013.12.02 08:08:18.482,1.11568,1.11596,1.50,1.73
2013.12.02 08:08:18.990,1.11565,1.11594,1.13,1.73
2013.12.02 08:08:20.292,1.11564,1.11594,1.50,1.73
2013.12.02 08:08:21.000,1.11564,1.11594,1.50,1.73
2013.12.02 08:08:21.659,1.11564,1.11594,1.50,1.73
2013.12.02 08:08:22.675,1.11564,1.11594,1.50,1.73
2013.12.02 08:08:24.402,1.11564,1.11594,1.13,1.73
2013.12.02 08:08:25.142,1.11564,1.11591,1.13,1.73
2013.12.02 08:08:25.194,1.11563,1.11591,1.13,2.48
2013.12.02 08:08:25.700,1.11561,1.11594,1.65,1.73
2013.12.02 08:08:27.372,1.11561,1.11587,1.65,1.20
2013.12.02 08:08:27.625,1.11559,1.11574,1.50,1.50
2013.12.02 08:08:27.727,1.11561,1.11589,1.50,1.73
2013.12.02 08:08:27.929,1.11562,1.11592,1.50,1.73
2013.12.02 08:08:28.590,1.11562,1.11592,1.65,1.58
2013.12.02 08:08:29.828,1.11557,1.11589,1.28,1.58
2013.12.02 08:08:30.265,1.11559,1.1159,1.65,1.58
2013.12.02 08:08:30.811,1.11565,1.11589,1.13,1.58
2013.12.02 08:08:31.320,1.11565,1.1159,1.13,1.95
2013.12.02 08:08:31.631,1.11565,1.1159,1.13,1.95
2013.12.02 08:08:36.295,1.11564,1.11586,1.13,2.33
2013.12.02 08:08:39.865,1.11569,1.11587,1.13,1.58
2013.12.02 08:08:40.388,1.11569,1.11586,1.13,1.58
2013.12.02 08:08:41.705,1.11568,1.11586,1.13,1.65
2013.12.02 08:08:42.558,1.11568,1.11587,1.13,1.65
2013.12.02 08:08:43.427,1.11568,1.11587,1.13,1.58
2013.12.02 08:08:43.944,1.11568,1.11587,1.13,1.58
2013.12.02 08:08:44.451,1.11568,1.11587,1.13,1.58
2013.12.02 08:08:46.426,1.11568,1.11587,1.13,1.58
2013.12.02 08:08:47.429,1.11568,1.11586,1.13,1.58
2013.12.02 08:08:51.418,1.11568,1.11587,1.13,1.58
2013.12.02 08:08:52.743,1.11568,1.11586,1.13,1.58
2013.12.02 08:08:53.248,1.11568,1.11592,1.13,1.58
2013.12.02 08:08:53.858,1.11568,1.11593,1.13,2.03
2013.12.02 08:08:54.364,1.11569,1.11593,1.13,1.73
2013.12.02 08:08:56.870,1.11569,1.11593,1.13,1.73
2013.12.02 08:08:57.382,1.11568,1.11593,1.13,1.73
2013.12.02 08:09:00.590,1.11568,1.11592,1.13,1.35
2013.12.02 08:09:00.643,1.11567,1.11574,1.13,1.50
2013.12.02 08:09:00.846,1.11567,1.11576,1.13,1.50
2013.12.02 08:09:00.948,1.11568,1.11587,1.13,1.35
2013.12.02 08:09:00.999,1.11569,1.11588,1.13,2.10
2013.12.02 08:09:01.505,1.11569,1.1159,1.13,1.73
2013.12.02 08:09:02.143,1.11569,1.11587,1.13,1.73
2013.12.02 08:09:02.461,1.11569,1.11586,1.13,2.48
2013.12.02 08:09:03.581,1.11568,1.11586,1.13,1.73
2013.12.02 08:09:04.224,1.11569,1.1159,1.13,1.73
2013.12.02 08:09:04.732,1.11569,1.11589,1.13,1.73
2013.12.02 08:09:05.941,1.11569,1.11592,1.13,1.35
2013.12.02 08:09:06.455,1.11568,1.11591,1.13,1.35
2013.12.02 08:09:06.962,1.11569,1.11593,1.13,1.73
2013.12.02 08:09:07.620,1.11569,1.11595,1.13,3.23
2013.12.02 08:09:07.975,1.11574,1.11595,1.13,1.65
2013.12.02 08:09:08.498,1.11574,1.11599,1.13,1.73
2013.12.02 08:09:09.023,1.11574,1.11599,1.13,1.73
2013.12.02 08:09:10.093,1.11574,1.11599,1.13,1.73
2013.12.02 08:09:10.709,1.11574,1.11599,1.13,1.73
2013.12.02 08:09:12.654,1.11574,1.11599,1.13,1.73
2013.12.02 08:09:18.761,1.11574,1.11599,1.13,2.48
2013.12.02 08:09:22.208,1.11579,1.11598,1.13,1.65
2013.12.02 08:09:22.310,1.11579,1.11598,1.13,1.58
2013.12.02 08:09:22.758,1.11579,1.11598,1.13,1.65
2013.12.02 08:09:23.062,1.1158,1.11596,1.13,1.65
2013.12.02 08:09:28.108,1.11579,1.11595,1.13,1.58
2013.12.02 08:09:28.159,1.11579,1.11598,1.13,3.90
2013.12.02 08:09:28.667,1.11579,1.11598,1.13,2.40
2013.12.02 08:09:31.181,1.1158,1.11599,1.13,1.65
2013.12.02 08:09:31.283,1.1158,1.11599,1.13,1.65
2013.12.02 08:09:33.919,1.1158,1.11599,1.13,1.65
2013.12.02 08:09:34.124,1.11576,1.11599,1.13,1.58
2013.12.02 08:09:34.950,1.11572,1.11599,1.13,1.65
2013.12.02 08:09:35.001,1.11572,1.11598,1.13,1.65
2013.12.02 08:09:35.052,1.11572,1.11596,1.13,1.58
2013.12.02 08:09:35.255,1.11572,1.11596,1.13,1.65
2013.12.02 08:09:37.130,1.11572,1.11595,1.13,1.13
2013.12.02 08:09:37.333,1.11572,1.116,1.13,1.28
2013.12.02 08:09:37.485,1.11571,1.11603,1.13,1.35
2013.12.02 08:09:37.586,1.11571,1.11604,1.28,2.48
2013.12.02 08:09:37.637,1.11572,1.11604,1.13,2.48
2013.12.02 08:09:39.204,1.11571,1.11602,1.13,1.73
2013.12.02 08:09:40.213,1.11571,1.11602,1.13,1.73
2013.12.02 08:09:51.601,1.11572,1.11589,1.13,1.13
2013.12.02 08:09:51.653,1.11572,1.11589,1.13,1.13
2013.12.02 08:09:51.754,1.11567,1.11575,1.50,1.50
2013.12.02 08:09:51.856,1.1156,1.11575,1.13,1.50
2013.12.02 08:09:51.907,1.11562,1.11586,1.50,1.65
2013.12.02 08:09:51.958,1.11563,1.11589,1.13,1.65
2013.12.02 08:09:52.059,1.11563,1.11593,1.13,2.40
2013.12.02 08:09:52.313,1.11563,1.11594,1.28,1.50
2013.12.02 08:09:52.364,1.11563,1.11595,1.28,1.13
2013.12.02 08:09:52.617,1.11568,1.116,1.28,2.78
2013.12.02 08:09:52.820,1.11569,1.116,1.13,2.78
2013.12.02 08:09:53.125,1.11569,1.11599,1.13,1.28
2013.12.02 08:09:53.277,1.11569,1.116,1.13,1.28
2013.12.02 08:09:55.032,1.11571,1.11602,1.13,1.35
2013.12.02 08:10:00.921,1.11568,1.11603,1.28,1.35
2013.12.02 08:10:01.586,1.11569,1.11605,1.28,2.10
2013.12.02 08:10:02.102,1.11572,1.11605,1.28,1.73
2013.12.02 08:10:02.558,1.11571,1.11603,1.28,1.58
2013.12.02 08:10:03.328,1.11568,1.11604,1.65,1.58
2013.12.02 08:10:03.632,1.1157,1.11608,2.03,3.23
2013.12.02 08:10:04.195,1.1157,1.11608,2.03,3.23
2013.12.02 08:10:04.297,1.1157,1.11596,1.13,1.50
2013.12.02 08:10:04.348,1.1157,1.11602,1.13,1.35
2013.12.02 08:10:04.550,1.11568,1.11598,1.88,2.33
2013.12.02 08:10:04.854,1.11565,1.11584,1.13,1.50
2013.12.02 08:10:07.947,1.11565,1.11584,1.13,1.50
2013.12.02 08:10:11.248,1.11565,1.11584,1.13,1.50
2013.12.02 08:10:13.221,1.11564,1.11583,1.13,1.50
2013.12.02 08:10:16.862,1.11563,1.11582,1.58,1.50
2013.12.02 08:10:17.380,1.11563,1.11582,1.50,1.50
2013.12.02 08:10:17.735,1.11562,1.11582,2.25,1.50
2013.12.02 08:10:18.246,1.11561,1.1158,1.50,2.25
2013.12.02 08:10:18.956,1.11562,1.1158,1.50,2.25
2013.12.02 08:10:19.247,1.11561,1.1158,1.50,2.25
2013.12.02 08:10:19.768,1.11561,1.1158,1.50,2.25
2013.12.02 08:10:20.334,1.11561,1.1158,1.50,2.25
2013.12.02 08:10:20.932,1.1156,1.1158,1.88,2.25
2013.12.02 08:10:21.161,1.1156,1.1158,1.88,1.50
2013.12.02 08:10:21.616,1.1156,1.11576,1.50,1.13
2013.12.02 08:10:21.717,1.11547,1.11564,1.20,1.50
2013.12.02 08:10:21.869,1.11546,1.11569,2.03,2.25
2013.12.02 08:10:21.920,1.11553,1.11572,1.13,1.50
2013.12.02 08:10:22.022,1.11553,1.11573,1.28,2.25
2013.12.02 08:10:22.376,1.11552,1.11583,2.40,1.88
2013.12.02 08:10:22.477,1.11557,1.11588,1.65,1.58
2013.12.02 08:10:22.528,1.11557,1.11588,1.65,1.13
2013.12.02 08:10:23.082,1.11556,1.11591,1.65,1.20
2013.12.02 08:10:23.385,1.11556,1.11589,1.65,1.58
2013.12.02 08:10:27.956,1.1155,1.11588,2.03,2.03
2013.12.02 08:10:28.007,1.1155,1.11588,2.03,2.03
2013.12.02 08:10:29.540,1.1155,1.11587,2.03,1.28
2013.12.02 08:10:29.642,1.11549,1.11579,1.50,1.28
2013.12.02 08:10:29.693,1.11546,1.11579,1.13,1.28
2013.12.02 08:10:29.895,1.11549,1.11581,1.65,1.88
2013.12.02 08:10:30.047,1.11549,1.11581,2.40,1.13
2013.12.02 08:10:30.250,1.11551,1.11581,1.65,1.13
2013.12.02 08:10:30.569,1.1155,1.11581,1.65,1.13
2013.12.02 08:10:32.482,1.11551,1.11583,1.65,1.13
2013.12.02 08:10:32.790,1.11553,1.11585,1.65,1.13
2013.12.02 08:10:32.912,1.11553,1.11585,1.65,1.13
2013.12.02 08:10:34.330,1.11554,1.11585,1.65,1.13
2013.12.02 08:10:36.012,1.11554,1.11585,1.65,1.13
2013.12.02 08:10:40.779,1.11556,1.11585,2.40,1.13
2013.12.02 08:10:41.082,1.1156,1.11589,1.65,1.13
2013.12.02 08:10:41.586,1.1156,1.11595,2.40,1.58
2013.12.02 08:10:43.051,1.11565,1.11594,1.58,1.13
2013.12.02 08:10:48.164,1.11565,1.11595,1.50,1.20
2013.12.02 08:10:48.467,1.11558,1.11594,1.20,2.40
2013.12.02 08:10:48.859,1.11554,1.11594,2.03,2.40
2013.12.02 08:10:49.386,1.11554,1.11594,2.03,2.03
2013.12.02 08:10:50.425,1.11555,1.11594,1.65,1.28
2013.12.02 08:10:51.491,1.11555,1.11592,1.50,2.03
2013.12.02 08:10:52.622,1.11555,1.11592,1.65,2.03
2013.12.02 08:10:54.687,1.11554,1.11589,1.28,1.65
2013.12.02 08:10:54.789,1.11555,1.11588,1.13,1.65
2013.12.02 08:10:55.093,1.11551,1.11586,1.28,1.28
2013.12.02 08:10:55.346,1.11546,1.11568,1.13,2.25
2013.12.02 08:10:55.805,1.11541,1.11568,1.13,2.25
2013.12.02 08:10:58.667,1.11542,1.11568,2.40,2.25
2013.12.02 08:11:00.077,1.11543,1.11568,1.20,1.50
2013.12.02 08:11:00.876,1.1155,1.11573,1.13,2.33
2013.12.02 08:11:00.927,1.1155,1.11573,1.13,2.33
2013.12.02 08:11:01.079,1.11549,1.11574,1.28,1.50
2013.12.02 08:11:01.231,1.1155,1.11581,1.28,1.50
2013.12.02 08:11:01.282,1.1155,1.11584,1.28,1.58
2013.12.02 08:11:01.537,1.11554,1.11584,1.65,1.50
2013.12.02 08:11:01.638,1.11555,1.11588,1.65,2.25
2013.12.02 08:11:01.956,1.11561,1.11592,1.65,1.50
2013.12.02 08:11:02.378,1.11557,1.11593,1.65,1.58
2013.12.02 08:11:02.834,1.11556,1.11593,1.28,1.58
2013.12.02 08:11:11.273,1.11556,1.1159,1.20,1.65
2013.12.02 08:11:11.375,1.11551,1.11586,3.53,1.50
2013.12.02 08:11:11.729,1.11552,1.11584,1.65,1.58
2013.12.02 08:11:13.779,1.11552,1.11584,1.58,1.58
2013.12.02 08:11:14.553,1.11552,1.11584,1.50,2.78
2013.12.02 08:11:29.418,1.11546,1.11581,1.28,1.65
2013.12.02 08:11:29.679,1.11546,1.11578,1.13,1.65
2013.12.02 08:11:31.189,1.11541,1.11578,1.65,1.65
2013.12.02 08:11:33.623,1.11541,1.11576,1.65,1.50
2013.12.02 08:11:39.017,1.1154,1.11574,1.28,1.65
2013.12.02 08:11:39.546,1.11538,1.11573,1.28,1.28
2013.12.02 08:11:40.305,1.11538,1.11571,1.28,1.13
2013.12.02 08:11:42.578,1.11538,1.11574,1.65,2.78
2013.12.02 08:11:47.140,1.11538,1.11573,1.65,1.13
2013.12.02 08:11:47.784,1.11538,1.11572,1.65,1.13
2013.12.02 08:11:47.949,1.11538,1.11572,1.65,1.13
2013.12.02 08:11:48.613,1.11537,1.11569,2.03,1.50
2013.12.02 08:11:51.637,1.11537,1.1157,2.40,1.50
2013.12.02 08:11:51.840,1.11539,1.1157,1.65,1.50
2013.12.02 08:11:52.245,1.11539,1.11575,1.65,1.88
2013.12.02 08:11:54.604,1.11538,1.11569,4.20,1.69
2013.12.02 08:11:54.660,1.11538,1.11564,1.50,1.28
2013.12.02 08:11:54.761,1.11533,1.11562,2.40,1.50
2013.12.02 08:11:54.863,1.1153,1.11562,2.40,1.50
2013.12.02 08:11:54.965,1.1153,1.11561,1.65,1.13
2013.12.02 08:11:55.066,1.11529,1.11562,1.65,1.77
2013.12.02 08:11:55.219,1.11527,1.11562,1.65,2.70
2013.12.02 08:11:55.320,1.11527,1.11562,1.65,2.78
2013.12.02 08:11:55.422,1.11527,1.11562,1.65,2.25
2013.12.02 08:12:00.770,1.11528,1.11563,1.65,1.13
2013.12.02 08:12:09.910,1.11531,1.11563,1.65,1.88
2013.12.02 08:12:09.961,1.11531,1.11563,1.65,1.88
2013.12.02 08:12:11.639,1.11527,1.11564,1.65,1.28
2013.12.02 08:12:12.145,1.1153,1.11564,2.40,1.28
2013.12.02 08:12:13.059,1.1153,1.11564,2.40,1.20
2013.12.02 08:12:15.497,1.11528,1.11559,1.65,1.50
2013.12.02 08:12:26.919,1.11527,1.11559,1.65,1.50
2013.12.02 08:12:27.172,1.11524,1.11559,2.48,1.58
2013.12.02 08:12:27.273,1.11523,1.11559,1.73,1.65
2013.12.02 08:12:27.476,1.11523,1.11557,1.73,1.32
2013.12.02 08:12:27.780,1.11523,1.11554,2.85,1.50
2013.12.02 08:12:28.084,1.11525,1.11554,1.65,1.50
2013.12.02 08:12:29.109,1.11523,1.11554,3.98,1.50
2013.12.02 08:12:29.371,1.11526,1.11558,3.15,1.50
2013.12.02 08:12:29.746,1.11526,1.11558,1.65,1.50
2013.12.02 08:12:29.999,1.11526,1.11558,1.65,1.50
2013.12.02 08:12:34.534,1.11529,1.11558,1.65,1.50
2013.12.02 08:12:34.585,1.11529,1.11558,1.65,1.50
2013.12.02 08:12:34.799,1.11528,1.11558,1.65,1.50
2013.12.02 08:12:35.931,1.11528,1.11558,1.50,1.50
2013.12.02 08:12:36.471,1.11527,1.11558,1.65,1.50
2013.12.02 08:12:38.263,1.11528,1.11558,1.65,1.50
2013.12.02 08:12:38.517,1.11527,1.11558,1.65,1.50
2013.12.02 08:12:38.794,1.11527,1.11557,1.65,1.50
2013.12.02 08:12:41.905,1.11528,1.11557,1.65,1.50
2013.12.02 08:12:42.717,1.11527,1.11557,1.65,1.50
2013.12.02 08:12:42.768,1.11528,1.11557,1.65,1.50
2013.12.02 08:12:42.897,1.11527,1.11557,1.65,1.50
2013.12.02 08:12:44.325,1.11528,1.11557,1.50,1.50
2013.12.02 08:12:44.832,1.11524,1.11557,1.73,1.50
2013.12.02 08:12:45.612,1.11523,1.11554,3.23,1.50
2013.12.02 08:12:46.168,1.11519,1.11554,4.73,1.50
2013.12.02 08:12:46.422,1.11518,1.1155,2.48,1.50
2013.12.02 08:12:46.624,1.11517,1.11548,2.48,1.50
2013.12.02 08:12:46.928,1.11517,1.11541,1.58,1.50
2013.12.02 08:12:47.436,1.11515,1.1154,1.58,1.50
2013.12.02 08:12:48.043,1.11517,1.11543,1.73,1.50
2013.12.02 08:12:48.246,1.11515,1.11545,1.73,1.50
2013.12.02 08:12:48.550,1.1152,1.11545,1.73,1.50
2013.12.02 08:12:48.771,1.1152,1.11545,1.73,1.50
2013.12.02 08:12:49.196,1.1152,1.11547,1.73,1.13
2013.12.02 08:12:51.702,1.11522,1.11547,1.73,1.13
2013.12.02 08:12:52.639,1.11522,1.1155,2.48,1.50
2013.12.02 08:12:52.690,1.11526,1.11553,1.65,1.13
2013.12.02 08:12:56.104,1.11526,1.11553,2.40,1.50
2013.12.02 08:12:56.155,1.11526,1.11552,2.40,1.13
2013.12.02 08:12:56.358,1.11523,1.11553,1.73,1.88
2013.12.02 08:12:56.611,1.1153,1.11558,1.65,1.13
2013.12.02 08:13:01.919,1.11526,1.11554,1.65,1.50
2013.12.02 08:13:02.021,1.11523,1.11554,1.73,1.50
2013.12.02 08:13:02.122,1.1152,1.11554,1.73,1.50
2013.12.02 08:13:02.282,1.11523,1.11554,2.40,1.50
2013.12.02 08:13:02.333,1.11524,1.11554,1.65,1.50
2013.12.02 08:13:04.217,1.11533,1.11559,1.65,2.25
2013.12.02 08:13:04.318,1.11533,1.11561,3.15,1.13
2013.12.02 08:13:04.522,1.11538,1.11565,1.65,1.13
2013.12.02 08:13:04.574,1.11539,1.11564,1.65,1.13
2013.12.02 08:13:05.405,1.11539,1.11566,1.65,1.13
2013.12.02 08:13:05.922,1.11541,1.11566,1.65,1.13
2013.12.02 08:13:05.973,1.11542,1.11566,1.65,1.13
2013.12.02 08:13:06.278,1.11542,1.11574,1.65,1.13
2013.12.02 08:13:07.975,1.1154,1.11573,2.40,1.50
2013.12.02 08:13:08.026,1.1154,1.11573,2.40,1.50
2013.12.02 08:13:08.909,1.1154,1.11569,1.65,1.50
2013.12.02 08:13:09.440,1.1154,1.11573,1.65,1.50
2013.12.02 08:13:10.494,1.11537,1.11573,2.40,1.88
2013.12.02 08:13:12.212,1.11535,1.11568,2.40,1.50
2013.12.02 08:13:12.313,1.11535,1.11566,1.65,1.50
2013.12.02 08:13:12.516,1.11534,1.11566,2.40,1.50
2013.12.02 08:13:12.869,1.11534,1.11566,1.65,1.50
2013.12.02 08:13:13.360,1.11529,1.11563,3.15,1.50
2013.12.02 08:13:13.664,1.11529,1.1156,1.65,1.50
2013.12.02 08:13:15.449,1.11525,1.11559,1.65,1.88
2013.12.02 08:13:15.601,1.11523,1.11554,1.73,1.50
2013.12.02 08:13:15.753,1.11521,1.11554,1.73,1.50
2013.12.02 08:13:15.804,1.11521,1.11554,1.73,1.50
2013.12.02 08:13:19.469,1.11521,1.11554,1.73,1.50
2013.12.02 08:13:21.776,1.1152,1.11554,2.48,1.50
2013.12.02 08:13:22.507,1.11524,1.11554,1.73,1.50
2013.12.02 08:13:22.835,1.11527,1.11555,1.65,1.13
2013.12.02 08:13:24.487,1.11523,1.11554,3.15,1.50
2013.12.02 08:13:24.538,1.11522,1.11554,1.73,1.50
2013.12.02 08:13:24.740,1.1152,1.11549,2.48,1.50
2013.12.02 08:13:26.844,1.11519,1.11548,1.73,1.50
2013.12.02 08:13:27.199,1.11514,1.11549,1.73,1.58
2013.12.02 08:13:28.012,1.11514,1.11549,3.23,2.63
2013.12.02 08:13:29.209,1.11515,1.11549,1.73,2.63
2013.12.02 08:13:30.079,1.11515,1.11549,1.73,2.63
2013.12.02 08:13:30.754,1.11516,1.11549,1.73,1.88
2013.12.02 08:13:35.358,1.11516,1.11549,1.73,2.63
2013.12.02 08:13:37.160,1.11515,1.11545,3.23,1.13
2013.12.02 08:13:37.467,1.11515,1.11542,3.23,1.13
2013.12.02 08:13:38.643,1.11515,1.11542,3.23,1.13
2013.12.02 08:13:39.833,1.11515,1.11542,3.23,1.13
2013.12.02 08:13:40.355,1.11516,1.11542,1.73,1.13
2013.12.02 08:13:40.901,1.11514,1.11542,1.73,1.13
2013.12.02 08:13:41.450,1.11514,1.11542,1.73,1.13
2013.12.02 08:13:41.992,1.11514,1.11542,1.73,1.13
2013.12.02 08:13:42.295,1.11521,1.11543,1.73,1.13
2013.12.02 08:13:45.494,1.11522,1.11542,1.73,1.13
2013.12.02 08:13:45.797,1.11522,1.11542,1.73,1.13
2013.12.02 08:13:46.835,1.11526,1.11546,1.65,1.13
2013.12.02 08:13:47.203,1.11526,1.11546,1.65,1.13
2013.12.02 08:13:49.095,1.11526,1.11546,2.40,1.13
2013.12.02 08:13:52.391,1.11525,1.11545,1.09,1.13
2013.12.02 08:13:53.104,1.11525,1.11545,1.84,1.13
2013.12.02 08:13:53.408,1.11525,1.11545,1.84,1.13
2013.12.02 08:13:53.509,1.11526,1.11545,1.65,1.13
2013.12.02 08:13:53.560,1.11526,1.11545,1.65,1.13
2013.12.02 08:13:53.842,1.11527,1.11546,1.09,1.13
2013.12.02 08:13:53.893,1.11529,1.11546,1.02,1.13
2013.12.02 08:13:54.571,1.11529,1.11549,1.02,1.50
2013.12.02 08:13:56.761,1.11532,1.11549,1.02,1.13
2013.12.02 08:13:56.884,1.1153,1.11549,1.47,1.13
2013.12.02 08:13:57.305,1.11532,1.1155,1.02,1.13
2013.12.02 08:13:57.424,1.11535,1.11549,1.13,1.13
2013.12.02 08:13:58.318,1.11536,1.11556,1.39,1.50
2013.12.02 08:13:59.298,1.11537,1.11557,1.47,1.13
2013.12.02 08:13:59.551,1.11537,1.11562,1.84,1.13
2013.12.02 08:14:00.260,1.11532,1.11562,1.47,1.13
2013.12.02 08:14:02.933,1.11537,1.11562,1.20,1.13
2013.12.02 08:14:04.477,1.11531,1.11562,1.84,1.13
2013.12.02 08:14:06.457,1.1153,1.11559,1.65,1.50
2013.12.02 08:14:06.559,1.1153,1.11559,1.65,1.50
2013.12.02 08:14:07.434,1.11529,1.11562,1.84,1.13
2013.12.02 08:14:08.052,1.1153,1.11563,1.65,1.20
2013.12.02 08:14:09.661,1.11529,1.11563,1.84,1.95
2013.12.02 08:14:09.864,1.11529,1.11563,1.84,2.03
2013.12.02 08:14:09.966,1.11529,1.11563,1.84,1.50
2013.12.02 08:14:11.676,1.11529,1.11563,1.65,1.20
2013.12.02 08:14:11.879,1.11528,1.11563,1.65,1.28
2013.12.02 08:14:11.980,1.11526,1.11559,1.65,1.20
2013.12.02 08:14:12.164,1.11524,1.11557,1.65,2.25
2013.12.02 08:14:12.266,1.11523,1.11557,1.28,2.78
2013.12.02 08:14:12.418,1.11518,1.11557,1.54,2.78
2013.12.02 08:14:13.099,1.11518,1.11557,1.54,2.78
2013.12.02 08:14:13.201,1.11523,1.11544,1.09,1.50
2013.12.02 08:14:13.404,1.11523,1.11546,1.02,1.50
2013.12.02 08:14:13.708,1.11523,1.11553,1.02,1.65
2013.12.02 08:14:13.759,1.11523,1.11553,1.02,1.65
2013.12.02 08:14:14.303,1.11523,1.11553,1.02,1.65
2013.12.02 08:14:15.538,1.11523,1.11554,1.09,1.58
2013.12.02 08:14:15.589,1.11523,1.11554,1.09,1.65
2013.12.02 08:14:16.114,1.11523,1.11555,1.09,1.65
2013.12.02 08:14:17.166,1.11524,1.11558,1.09,2.03
2013.12.02 08:14:18.369,1.11523,1.11558,1.92,1.28
2013.12.02 08:14:18.471,1.11523,1.11558,1.92,1.13
2013.12.02 08:14:22.950,1.11524,1.11559,1.17,1.65
2013.12.02 08:14:23.285,1.11523,1.11556,1.35,1.65
2013.12.02 08:14:23.589,1.11523,1.11549,1.20,2.33
2013.12.02 08:14:23.994,1.11533,1.11551,1.50,1.13
2013.12.02 08:14:24.146,1.1153,1.11553,1.50,1.88
2013.12.02 08:14:24.197,1.11524,1.11553,1.73,1.13
2013.12.02 08:14:24.602,1.11524,1.11549,1.50,1.13
2013.12.02 08:14:24.653,1.11524,1.11549,1.50,1.13
2013.12.02 08:14:24.956,1.1152,1.11549,2.10,1.50
2013.12.02 08:14:26.448,1.11521,1.11552,1.58,1.65
2013.12.02 08:14:26.957,1.11526,1.11556,1.58,1.65
2013.12.02 08:14:27.059,1.11526,1.11559,1.58,2.78
2013.12.02 08:14:27.364,1.11529,1.11559,1.13,2.78
2013.12.02 08:14:28.071,1.11529,1.11559,1.13,2.78
2013.12.02 08:14:29.283,1.11529,1.11559,1.13,3.15
2013.12.02 08:14:30.213,1.11529,1.11554,1.13,1.20
2013.12.02 08:14:30.618,1.11529,1.11559,1.13,1.28
2013.12.02 08:14:33.577,1.11535,1.11562,1.50,2.03
2013.12.02 08:14:33.932,1.11535,1.11562,1.50,1.28
2013.12.02 08:14:34.338,1.11535,1.11564,1.50,2.03
2013.12.02 08:14:34.440,1.11535,1.11564,1.50,2.78
2013.12.02 08:14:43.723,1.11535,1.11564,1.50,1.65
2013.12.02 08:14:47.403,1.11535,1.11564,1.88,1.13
2013.12.02 08:14:47.905,1.11535,1.11565,1.88,1.20
2013.12.02 08:14:53.993,1.11535,1.11564,2.03,1.50
2013.12.02 08:14:55.024,1.11535,1.11564,1.95,1.58
2013.12.02 08:15:00.357,1.11535,1.11564,1.88,1.58
2013.12.02 08:15:02.355,1.11535,1.11564,1.88,2.03
2013.12.02 08:15:02.406,1.11535,1.11564,1.50,1.95
2013.12.02 08:15:02.610,1.11535,1.11564,1.50,1.95
2013.12.02 08:15:03.185,1.11534,1.11564,1.13,1.65
2013.12.02 08:15:03.638,1.11535,1.11564,1.13,1.65
2013.12.02 08:15:05.041,1.11533,1.11564,1.13,2.03
2013.12.02 08:15:05.646,1.11535,1.11564,1.13,1.65
2013.12.02 08:15:08.427,1.11535,1.11565,1.88,2.40
2013.12.02 08:15:08.599,1.11535,1.11565,1.88,1.65
2013.12.02 08:15:09.127,1.11535,1.11564,1.13,1.65
2013.12.02 08:15:10.394,1.11532,1.11564,1.58,1.65
2013.12.02 08:15:10.907,1.11535,1.11564,1.13,2.40
2013.12.02 08:15:10.958,1.11535,1.11564,1.13,1.65
2013.12.02 08:15:11.488,1.11535,1.11567,1.13,3.15
2013.12.02 08:15:12.628,1.11538,1.11566,1.13,1.65
2013.12.02 08:15:12.729,1.11538,1.11566,1.13,1.65
2013.12.02 08:15:16.543,1.11538,1.11567,1.20,1.65
2013.12.02 08:15:16.695,1.11539,1.11566,1.13,1.50
2013.12.02 08:15:17.222,1.11539,1.11569,1.13,1.65
2013.12.02 08:15:19.878,1.11539,1.11568,1.13,1.58
2013.12.02 08:15:19.982,1.11538,1.11566,1.13,1.65
2013.12.02 08:15:22.510,1.11536,1.11567,1.13,2.03
2013.12.02 08:15:22.818,1.11535,1.11566,1.13,2.40
2013.12.02 08:15:23.122,1.11536,1.11566,1.13,2.25
2013.12.02 08:15:23.375,1.11536,1.11564,1.13,1.13
2013.12.02 08:15:23.593,1.11536,1.11566,1.50,1.50
2013.12.02 08:15:24.183,1.11536,1.11568,1.28,1.20
2013.12.02 08:15:29.363,1.11535,1.11568,1.28,1.20
2013.12.02 08:15:29.685,1.11536,1.11564,1.13,1.50
2013.12.02 08:15:29.990,1.11539,1.11563,1.13,1.50
2013.12.02 08:15:30.713,1.11539,1.11567,1.13,1.50
2013.12.02 08:15:33.424,1.1154,1.11564,1.13,1.13
2013.12.02 08:15:36.540,1.1154,1.11564,1.13,2.03
2013.12.02 08:15:36.844,1.11541,1.11564,1.50,1.88
2013.12.02 08:15:37.097,1.11549,1.11568,1.13,1.50
2013.12.02 08:15:37.734,1.1155,1.11568,1.50,1.50
2013.12.02 08:15:38.283,1.11552,1.11573,1.13,1.50
2013.12.02 08:15:38.831,1.11552,1.11572,1.13,1.65
2013.12.02 08:15:39.195,1.11552,1.11573,1.13,1.28
2013.12.02 08:15:39.458,1.11553,1.11575,1.50,1.13
2013.12.02 08:15:39.509,1.11553,1.11577,1.50,1.20
2013.12.02 08:15:39.712,1.11552,1.11574,1.88,1.95
2013.12.02 08:15:39.914,1.11552,1.11571,1.13,1.65
2013.12.02 08:15:40.471,1.11553,1.11568,1.13,1.65
2013.12.02 08:15:40.977,1.11553,1.11568,1.13,1.65
2013.12.02 08:15:41.929,1.11553,1.11574,1.13,2.40
2013.12.02 08:15:42.031,1.11553,1.11574,1.13,2.40
2013.12.02 08:15:43.342,1.11552,1.11576,1.88,1.65
2013.12.02 08:15:43.495,1.11553,1.11574,1.13,1.58
2013.12.02 08:15:44.023,1.11553,1.11574,1.13,2.40
2013.12.02 08:15:44.543,1.11553,1.11576,1.13,2.40
2013.12.02 08:15:44.998,1.11553,1.11576,1.13,1.28
2013.12.02 08:15:46.196,1.11553,1.11574,1.13,1.65
2013.12.02 08:15:46.399,1.11553,1.11574,1.13,1.65
2013.12.02 08:15:46.601,1.11553,1.11574,1.13,1.65
2013.12.02 08:15:46.905,1.11553,1.11573,1.13,1.65
2013.12.02 08:15:47.420,1.11553,1.11573,1.13,1.65
2013.12.02 08:15:47.796,1.11553,1.11575,1.13,2.40
2013.12.02 08:15:48.879,1.11553,1.11573,1.13,1.65
2013.12.02 08:15:52.571,1.11552,1.11573,1.13,1.65
2013.12.02 08:15:56.592,1.11553,1.11572,1.13,1.65
2013.12.02 08:15:58.310,1.11553,1.11573,1.13,1.28
2013.12.02 08:15:58.786,1.11552,1.11573,1.13,2.40
2013.12.02 08:15:59.171,1.11552,1.11573,1.13,3.15
2013.12.02 08:16:07.549,1.11553,1.11574,1.13,2.40
2013.12.02 08:16:07.954,1.11558,1.11579,1.13,1.65
2013.12.02 08:16:08.055,1.11558,1.11579,1.13,1.65
2013.12.02 08:16:10.851,1.11558,1.11582,1.13,1.65
2013.12.02 08:16:10.903,1.11558,1.11583,1.13,1.65
2013.12.02 08:16:11.206,1.11559,1.11579,1.13,1.65
2013.12.02 08:16:11.712,1.11558,1.11581,1.13,1.65
2013.12.02 08:16:12.142,1.11558,1.11582,1.13,4.58
2013.12.02 08:16:13.636,1.11559,1.11577,1.13,1.65
2013.12.02 08:16:13.940,1.11558,1.11572,1.13,1.65
2013.12.02 08:16:14.092,1.11559,1.11575,1.13,1.65
2013.12.02 08:16:15.021,1.11559,1.11577,1.13,1.65
2013.12.02 08:16:17.867,1.11559,1.11578,1.13,1.65
2013.12.02 08:16:32.351,1.11559,1.11583,1.13,2.40
2013.12.02 08:16:32.453,1.11559,1.11583,1.13,2.40
2013.12.02 08:16:33.112,1.11559,1.11581,1.13,1.28
2013.12.02 08:16:33.619,1.11559,1.11576,1.13,1.13
2013.12.02 08:16:34.421,1.11559,1.11581,1.13,2.59
2013.12.02 08:16:35.411,1.11559,1.11582,1.13,1.65
2013.12.02 08:16:36.400,1.11559,1.11583,1.13,1.65
2013.12.02 08:16:36.451,1.11562,1.11585,1.13,1.65
2013.12.02 08:16:36.856,1.11562,1.11581,1.13,1.65
2013.12.02 08:16:37.541,1.11562,1.11584,1.13,3.15
2013.12.02 08:16:48.318,1.11562,1.11583,1.13,2.78
2013.12.02 08:16:58.108,1.11562,1.11579,1.13,2.40
2013.12.02 08:16:58.260,1.1156,1.11579,1.50,1.58
2013.12.02 08:16:58.868,1.11559,1.11582,1.13,3.08
2013.12.02 08:17:00.141,1.11558,1.11585,1.13,1.65
2013.12.02 08:17:00.344,1.11558,1.11584,1.13,1.65
2013.12.02 08:17:00.671,1.11559,1.11586,1.13,3.15
2013.12.02 08:17:00.975,1.11559,1.11586,1.13,1.58
2013.12.02 08:17:01.026,1.11559,1.11591,1.13,1.65
2013.12.02 08:17:01.179,1.11559,1.11589,1.13,2.40
2013.12.02 08:17:41.493,1.11556,1.11589,1.50,2.40
2013.12.02 08:17:41.975,1.11557,1.11591,1.50,3.90
2013.12.02 08:17:42.492,1.11556,1.11589,1.50,1.65
2013.12.02 08:17:42.745,1.11556,1.11589,2.25,1.65
2013.12.02 08:17:46.133,1.11556,1.11588,1.50,2.40
2013.12.02 08:17:46.234,1.11556,1.11589,2.25,2.40
2013.12.02 08:17:48.004,1.11562,1.1159,1.13,1.65
2013.12.02 08:17:48.106,1.11562,1.1159,1.13,1.65
2013.12.02 08:17:54.027,1.11562,1.11588,1.13,1.65
2013.12.02 08:17:54.330,1.11563,1.11588,1.13,1.65
2013.12.02 08:17:56.529,1.11563,1.11588,1.13,1.20
2013.12.02 08:17:57.021,1.11563,1.11588,1.13,1.28
2013.12.02 08:17:58.039,1.11563,1.11588,1.13,1.28
2013.12.02 08:17:58.343,1.11562,1.11578,1.13,1.13
2013.12.02 08:18:02.418,1.11558,1.11578,1.13,1.13
2013.12.02 08:18:02.469,1.11557,1.11583,1.13,1.65
2013.12.02 08:18:02.571,1.11558,1.11585,1.13,1.13
2013.12.02 08:18:02.672,1.11558,1.11587,1.13,1.28
2013.12.02 08:18:07.637,1.11558,1.11589,1.20,1.20
2013.12.02 08:18:12.221,1.11564,1.11594,1.13,2.40
2013.12.02 08:18:12.272,1.11564,1.11594,1.13,2.40
2013.12.02 08:18:12.323,1.11564,1.11594,1.13,2.40
2013.12.02 08:18:15.526,1.11563,1.11597,1.20,3.53
2013.12.02 08:18:15.983,1.11563,1.11597,1.13,2.03
2013.12.02 08:18:18.075,1.11564,1.11596,1.28,1.28
2013.12.02 08:18:22.201,1.11564,1.11595,1.13,1.28
2013.12.02 08:18:26.741,1.11564,1.11595,1.13,2.78
2013.12.02 08:18:27.045,1.11559,1.11573,1.13,2.25
2013.12.02 08:18:27.147,1.11559,1.11572,1.13,1.13
2013.12.02 08:18:27.198,1.11559,1.11572,1.13,1.13
2013.12.02 08:18:27.410,1.11555,1.11573,1.13,2.33
2013.12.02 08:18:28.682,1.11554,1.11573,1.13,2.33
2013.12.02 08:18:31.183,1.11555,1.11575,1.13,2.33
2013.12.02 08:18:33.592,1.11555,1.11573,1.13,2.25
2013.12.02 08:18:38.180,1.1156,1.11573,1.13,2.25
2013.12.02 08:18:44.461,1.1156,1.11573,1.13,1.50
2013.12.02 08:18:49.985,1.1156,1.11573,1.13,2.25
2013.12.02 08:18:51.081,1.1156,1.11575,1.13,1.50
2013.12.02 08:18:56.608,1.1156,1.11576,1.13,2.03
2013.12.02 08:18:58.871,1.11559,1.11574,1.13,1.50
2013.12.02 08:19:01.597,1.11565,1.11578,1.13,1.88
2013.12.02 08:19:02.107,1.11564,1.11578,1.13,1.13
2013.12.02 08:19:02.435,1.11568,1.11581,1.13,1.50
2013.12.02 08:19:06.368,1.11567,1.11575,1.13,1.50
2013.12.02 08:19:06.689,1.11564,1.1157,1.50,1.50
2013.12.02 08:19:06.876,1.11564,1.11571,1.50,1.50
2013.12.02 08:19:06.978,1.11561,1.1157,1.88,1.50
2013.12.02 08:19:07.080,1.11558,1.11569,1.13,1.50
2013.12.02 08:19:07.602,1.11558,1.11569,1.13,1.50
2013.12.02 08:19:09.407,1.11557,1.11568,1.13,1.50
2013.12.02 08:19:09.956,1.11558,1.11568,1.13,1.50
2013.12.02 08:19:10.661,1.11557,1.11569,1.13,2.25
2013.12.02 08:19:14.539,1.11557,1.11567,1.13,1.50
2013.12.02 08:19:14.963,1.11558,1.11573,1.13,1.88
2013.12.02 08:19:15.014,1.11558,1.11573,1.13,1.88
2013.12.02 08:19:15.522,1.11558,1.11572,1.13,1.50
2013.12.02 08:19:15.880,1.11558,1.11571,1.13,1.50
2013.12.02 08:19:18.542,1.11557,1.11572,1.13,1.50
2013.12.02 08:19:18.644,1.11558,1.11571,1.13,1.50
2013.12.02 08:19:19.862,1.11557,1.11572,1.13,1.50
2013.12.02 08:19:20.191,1.11558,1.11572,1.13,2.78
2013.12.02 08:19:20.748,1.11554,1.11572,1.13,1.50
2013.12.02 08:19:21.256,1.11554,1.11574,1.13,1.13
2013.12.02 08:19:28.111,1.11554,1.11575,1.13,1.13
2013.12.02 08:19:28.162,1.11551,1.11581,1.02,1.50
2013.12.02 08:19:28.213,1.11551,1.11582,1.02,2.33
2013.12.02 08:19:28.416,1.11554,1.11583,1.09,1.50
2013.12.02 08:19:28.467,1.1156,1.11587,1.13,1.58
2013.12.02 08:19:30.188,1.11564,1.1159,1.13,1.65
2013.12.02 08:19:31.726,1.11568,1.11589,1.13,1.65
2013.12.02 08:19:31.778,1.11568,1.11589,1.13,1.65
2013.12.02 08:19:32.088,1.11569,1.11591,1.50,1.50
2013.12.02 08:19:32.979,1.11571,1.11593,1.13,1.28
2013.12.02 08:19:33.030,1.11571,1.11593,1.13,1.28
2013.12.02 08:19:39.411,1.11572,1.11592,1.13,1.65
2013.12.02 08:19:39.463,1.11572,1.11592,1.13,1.65
2013.12.02 08:19:48.873,1.11572,1.11595,1.13,1.65
2013.12.02 08:19:53.666,1.11572,1.11591,1.13,1.65
2013.12.02 08:19:53.924,1.11571,1.11591,1.13,1.65
2013.12.02 08:19:55.002,1.11571,1.11595,1.13,1.65
2013.12.02 08:19:55.999,1.11571,1.11595,1.13,1.65
2013.12.02 08:19:59.091,1.11572,1.11596,1.13,1.65
2013.12.02 08:20:00.022,1.11575,1.116,1.13,1.65
2013.12.02 08:20:00.074,1.11575,1.116,1.13,1.65
2013.12.02 08:20:03.973,1.11575,1.11601,1.13,1.73
2013.12.02 08:20:04.512,1.11575,1.11601,1.13,1.65
2013.12.02 08:20:17.988,1.11575,1.11601,1.13,2.40
2013.12.02 08:20:18.090,1.11575,1.11601,1.13,1.65
2013.12.02 08:20:20.232,1.11576,1.11604,1.50,2.48
2013.12.02 08:20:20.538,1.11579,1.11602,1.13,1.73
2013.12.02 08:20:20.640,1.11579,1.11602,1.13,1.73
2013.12.02 08:20:21.149,1.11579,1.11606,1.13,1.73
2013.12.02 08:20:21.251,1.11579,1.11606,1.13,1.73
2013.12.02 08:20:21.606,1.11581,1.11603,1.13,1.58
2013.12.02 08:20:22.139,1.11585,1.11606,1.13,2.40
2013.12.02 08:20:23.223,1.11585,1.11605,1.13,1.73
2013.12.02 08:20:24.957,1.11585,1.11605,1.13,1.73
2013.12.02 08:20:25.870,1.11589,1.11605,1.13,1.73
2013.12.02 08:20:27.290,1.11589,1.11605,1.13,1.73
2013.12.02 08:20:29.713,1.11589,1.11605,1.13,1.73
2013.12.02 08:20:30.267,1.11589,1.11605,1.13,1.73
2013.12.02 08:20:30.887,1.11589,1.11605,1.13,1.73
2013.12.02 08:20:31.929,1.11589,1.11605,1.13,1.73
2013.12.02 08:20:32.872,1.11589,1.11606,1.13,1.73
2013.12.02 08:20:33.499,1.11589,1.11606,1.13,2.48
2013.12.02 08:20:35.266,1.11589,1.11606,1.13,2.48
2013.12.02 08:20:38.597,1.11589,1.11606,1.13,1.73
2013.12.02 08:20:41.672,1.1159,1.11606,1.13,1.65
2013.12.02 08:20:43.251,1.1159,1.11607,1.13,1.65
2013.12.02 08:20:44.622,1.1159,1.11607,1.13,2.40
2013.12.02 08:20:57.292,1.1159,1.1161,1.13,1.65
2013.12.02 08:21:07.738,1.11587,1.11612,1.50,1.65
2013.12.02 08:21:09.048,1.11587,1.11611,1.13,1.65
2013.12.02 08:21:09.970,1.11587,1.11608,1.13,1.58
2013.12.02 08:21:10.072,1.11585,1.11606,1.13,1.58
2013.12.02 08:21:10.376,1.11581,1.11605,1.13,1.88
2013.12.02 08:21:10.730,1.11574,1.11605,1.13,2.03
2013.12.02 08:21:12.855,1.11575,1.11604,1.13,1.65
2013.12.02 08:21:13.072,1.11575,1.11604,1.13,1.65
2013.12.02 08:21:13.411,1.11575,1.11604,1.13,1.65
2013.12.02 08:21:14.608,1.1157,1.11599,1.13,1.65
2013.12.02 08:21:14.710,1.11571,1.11598,1.13,2.03
2013.12.02 08:21:14.963,1.1157,1.11594,1.13,1.65
2013.12.02 08:21:15.014,1.11566,1.11594,1.13,2.40
2013.12.02 08:21:15.065,1.11566,1.11594,1.13,2.40
2013.12.02 08:21:15.115,1.11566,1.11589,1.13,1.50
2013.12.02 08:21:15.528,1.11566,1.11592,1.13,1.65
2013.12.02 08:21:23.976,1.11565,1.11592,1.13,2.40
2013.12.02 08:21:27.566,1.11566,1.11594,1.13,2.40
2013.12.02 08:21:27.617,1.11566,1.11594,1.13,2.40
2013.12.02 08:21:27.719,1.11566,1.11594,1.13,2.40
2013.12.02 08:21:28.106,1.11565,1.11593,1.13,1.65
2013.12.02 08:21:28.259,1.11565,1.11594,1.13,1.65
2013.12.02 08:21:28.310,1.11565,1.11594,1.13,1.65
2013.12.02 08:21:28.412,1.11566,1.11594,1.50,2.33
2013.12.02 08:21:28.463,1.11566,1.11594,1.50,3.08
2013.12.02 08:21:28.972,1.11565,1.11593,1.13,1.65
2013.12.02 08:21:29.276,1.11565,1.11594,1.13,1.65
2013.12.02 08:21:29.328,1.11565,1.11594,1.13,1.65
2013.12.02 08:21:29.480,1.11565,1.11592,1.13,1.65
2013.12.02 08:21:30.011,1.11565,1.11592,1.13,1.65
2013.12.02 08:21:31.507,1.11562,1.1159,1.13,2.40
2013.12.02 08:21:31.667,1.11562,1.1159,1.13,2.40
2013.12.02 08:21:33.503,1.11562,1.1159,1.13,1.65
2013.12.02 08:21:38.399,1.11562,1.11597,1.58,1.20
2013.12.02 08:21:38.450,1.11562,1.11597,2.40,1.13
2013.12.02 08:21:38.652,1.11567,1.11599,2.40,2.03
2013.12.02 08:21:39.379,1.1157,1.11603,1.20,1.65
2013.12.02 08:21:40.159,1.11569,1.11603,1.20,1.65
2013.12.02 08:21:41.288,1.11569,1.11602,1.20,1.28
2013.12.02 08:21:41.951,1.11567,1.11599,1.65,1.20
2013.12.02 08:21:43.074,1.11564,1.11596,2.40,1.13
2013.12.02 08:21:43.175,1.11563,1.11592,4.50,1.20
2013.12.02 08:21:43.226,1.11563,1.11592,3.75,1.20
2013.12.02 08:21:43.277,1.11563,1.11592,1.50,1.58
2013.12.02 08:21:43.431,1.11563,1.11592,1.50,1.58
2013.12.02 08:21:43.684,1.11561,1.11592,1.50,2.40
2013.12.02 08:21:44.109,1.11561,1.11592,1.50,2.40
2013.12.02 08:21:44.706,1.11557,1.11592,1.65,2.40
2013.12.02 08:21:46.217,1.11562,1.11592,1.50,1.65
2013.12.02 08:21:46.521,1.11563,1.11592,1.50,1.65
2013.12.02 08:21:47.046,1.11563,1.11592,1.50,1.58
2013.12.02 08:21:47.187,1.11563,1.11592,1.50,1.58
2013.12.02 08:21:47.339,1.11559,1.11589,1.28,1.13
2013.12.02 08:22:07.361,1.11563,1.11592,1.65,1.13
2013.12.02 08:22:09.932,1.1156,1.11592,1.28,1.20
2013.12.02 08:22:10.648,1.11558,1.11586,1.65,1.13
2013.12.02 08:22:10.699,1.11557,1.11586,3.15,1.13
2013.12.02 08:22:11.207,1.11558,1.11586,1.65,1.13
2013.12.02 08:22:11.691,1.11557,1.11587,3.90,1.13
2013.12.02 08:22:11.996,1.11561,1.11591,1.20,1.13
2013.12.02 08:22:13.324,1.11564,1.11593,2.40,1.50
2013.12.02 08:22:14.320,1.11568,1.11593,1.13,1.13
2013.12.02 08:22:22.171,1.11569,1.11593,1.88,1.13
2013.12.02 08:22:24.806,1.11573,1.11593,1.50,1.13
2013.12.02 08:22:47.351,1.11571,1.11596,1.50,1.58
2013.12.02 08:22:50.118,1.11569,1.11596,1.88,1.58
2013.12.02 08:22:50.169,1.11569,1.11596,1.50,1.95
2013.12.02 08:22:50.220,1.11566,1.11596,1.50,1.28
2013.12.02 08:22:50.271,1.11564,1.11596,1.50,2.03
2013.12.02 08:22:50.423,1.11566,1.11596,1.50,1.28
2013.12.02 08:22:50.677,1.11564,1.11595,1.50,1.65
2013.12.02 08:22:50.728,1.11561,1.11596,1.20,1.65
2013.12.02 08:22:50.930,1.11561,1.11596,1.13,2.40
2013.12.02 08:22:51.082,1.11558,1.11595,1.58,1.65
2013.12.02 08:22:51.288,1.11554,1.11592,1.65,1.65
2013.12.02 08:22:51.339,1.11553,1.11592,1.28,1.65
2013.12.02 08:22:51.390,1.11554,1.11592,1.58,1.65
2013.12.02 08:22:51.542,1.11558,1.11595,2.25,2.78
2013.12.02 08:23:00.958,1.11559,1.11594,1.50,2.03
2013.12.02 08:23:10.647,1.11559,1.11594,1.50,2.03
2013.12.02 08:23:11.639,1.11559,1.11593,1.50,1.65
2013.12.02 08:23:16.054,1.11561,1.11592,1.50,1.65
2013.12.02 08:23:25.386,1.11559,1.11592,1.50,1.65
2013.12.02 08:23:25.908,1.11559,1.11593,2.25,2.03
2013.12.02 08:23:39.030,1.11559,1.11591,2.25,1.65
2013.12.02 08:23:40.045,1.11558,1.11588,2.25,1.65
2013.12.02 08:23:40.501,1.11559,1.11584,2.25,1.58
2013.12.02 08:23:40.653,1.11554,1.1158,1.58,1.50
2013.12.02 08:23:40.704,1.11551,1.1158,1.65,1.50
2013.12.02 08:23:41.059,1.11549,1.11581,1.65,1.50
2013.12.02 08:23:41.634,1.11544,1.1158,2.03,1.28
2013.12.02 08:23:44.764,1.11544,1.1158,2.70,1.28
2013.12.02 08:23:46.395,1.11544,1.11578,4.20,1.65
2013.12.02 08:23:47.895,1.11546,1.1158,1.20,1.28
2013.12.02 08:23:48.147,1.11551,1.1158,1.50,1.28
2013.12.02 08:23:52.397,1.1155,1.11577,1.13,1.65
2013.12.02 08:23:52.600,1.11551,1.1158,1.13,1.28
2013.12.02 08:23:55.713,1.11556,1.1158,1.13,1.20
2013.12.02 08:24:21.435,1.11556,1.11583,1.13,2.40
2013.12.02 08:24:24.732,1.11556,1.11583,1.13,2.40
2013.12.02 08:24:26.175,1.11556,1.11583,1.13,2.40
2013.12.02 08:24:37.585,1.11554,1.11582,1.13,1.65
2013.12.02 08:24:37.737,1.11547,1.11579,1.20,2.40
2013.12.02 08:24:37.788,1.11547,1.11579,1.20,2.40
2013.12.02 08:24:37.940,1.11544,1.11575,1.58,1.28
2013.12.02 08:24:45.159,1.11545,1.11572,1.13,1.13
2013.12.02 08:24:46.479,1.1154,1.11568,1.50,1.88
2013.12.02 08:24:46.631,1.11536,1.11567,3.08,1.28
2013.12.02 08:24:47.189,1.11537,1.11567,1.65,1.13
2013.12.02 08:24:47.290,1.11536,1.11567,1.50,1.28
2013.12.02 08:24:47.442,1.11532,1.11566,1.73,1.20
2013.12.02 08:24:48.029,1.11532,1.11564,1.73,1.13
2013.12.02 08:24:50.423,1.11532,1.11564,2.48,1.13
2013.12.02 08:24:50.979,1.11533,1.11564,1.73,1.13
2013.12.02 08:24:51.694,1.11533,1.11564,2.78,1.13
2013.12.02 08:24:57.278,1.11534,1.11567,2.03,1.20
2013.12.02 08:24:57.379,1.11534,1.11567,1.28,1.28
2013.12.02 08:24:57.898,1.11534,1.11567,2.03,1.13
2013.12.02 08:25:02.398,1.11534,1.11567,1.28,1.20
2013.12.02 08:25:02.681,1.11535,1.11564,1.13,1.58
2013.12.02 08:25:03.203,1.11532,1.11564,1.20,1.65
2013.12.02 08:25:05.295,1.11535,1.11564,1.13,1.65
2013.12.02 08:25:13.339,1.11534,1.11564,1.88,1.65
2013.12.02 08:25:14.179,1.11532,1.11564,1.20,1.65
2013.12.02 08:25:15.185,1.1153,1.11565,1.20,1.65
2013.12.02 08:25:16.686,1.11532,1.11565,1.20,1.65
2013.12.02 08:25:17.322,1.11532,1.11565,1.20,1.65
2013.12.02 08:25:17.983,1.11532,1.11565,1.20,1.65
2013.12.02 08:25:18.572,1.11532,1.11565,1.20,1.65
2013.12.02 08:25:19.155,1.11532,1.11565,1.20,2.03
2013.12.02 08:25:19.395,1.11532,1.11565,1.20,2.03
2013.12.02 08:25:19.899,1.11532,1.11564,1.20,1.65
2013.12.02 08:25:21.169,1.11532,1.11564,1.20,2.03
2013.12.02 08:25:27.986,1.11532,1.11565,1.20,2.40
2013.12.02 08:25:34.893,1.11532,1.11564,1.20,1.65
2013.12.02 08:25:58.674,1.11532,1.11562,1.20,1.28
2013.12.02 08:26:02.809,1.11532,1.11566,1.20,2.40
2013.12.02 08:26:07.873,1.11532,1.11566,1.20,2.40
2013.12.02 08:26:11.931,1.11527,1.11566,1.35,2.40
2013.12.02 08:26:13.258,1.11527,1.11566,2.03,4.58
2013.12.02 08:26:14.052,1.11527,1.11564,1.20,2.03
2013.12.02 08:26:14.711,1.11527,1.11564,1.95,2.03
2013.12.02 08:26:17.043,1.11528,1.11564,1.20,2.03
2013.12.02 08:26:17.586,1.11528,1.11563,1.20,1.28
2013.12.02 08:26:19.273,1.11528,1.11563,1.20,1.28
2013.12.02 08:26:20.551,1.11531,1.11564,1.20,1.65
2013.12.02 08:26:20.755,1.11531,1.11563,1.95,1.28
2013.12.02 08:26:21.059,1.11526,1.11556,3.08,1.65
2013.12.02 08:26:21.363,1.11524,1.11554,2.33,1.65
2013.12.02 08:26:21.667,1.11521,1.11553,1.58,1.65
2013.12.02 08:26:22.226,1.11521,1.11553,1.58,2.40
2013.12.02 08:26:24.550,1.11521,1.11552,1.58,1.65
2013.12.02 08:26:25.162,1.11521,1.11552,1.58,1.65
2013.12.02 08:26:25.935,1.11521,1.11552,1.58,1.65
2013.12.02 08:26:26.485,1.11519,1.11552,1.20,2.03
2013.12.02 08:26:27.101,1.11521,1.11552,1.20,2.03
2013.12.02 08:26:29.425,1.11521,1.11552,1.20,2.03
2013.12.02 08:26:30.355,1.11521,1.11552,1.20,2.03
2013.12.02 08:26:31.777,1.11521,1.11552,1.20,2.03
2013.12.02 08:26:33.863,1.11522,1.11552,1.20,1.65
2013.12.02 08:26:33.965,1.11522,1.1155,1.13,2.40
2013.12.02 08:26:34.067,1.11522,1.11547,1.20,1.20
2013.12.02 08:26:34.579,1.11516,1.11543,1.20,1.20
2013.12.02 08:26:34.732,1.11514,1.11543,1.95,1.20
2013.12.02 08:26:34.885,1.11514,1.11543,1.13,1.20
2013.12.02 08:26:34.990,1.11514,1.11542,1.20,1.13
2013.12.02 08:26:35.482,1.11514,1.11542,1.13,1.13
2013.12.02 08:26:35.903,1.11514,1.11542,1.20,1.13
2013.12.02 08:26:36.513,1.11514,1.11542,1.20,1.13
2013.12.02 08:26:37.677,1.11515,1.11542,1.58,1.13
2013.12.02 08:26:40.014,1.11514,1.11542,2.70,1.13
2013.12.02 08:26:40.573,1.11515,1.11542,1.58,1.13
2013.12.02 08:26:41.083,1.11514,1.11542,1.95,1.13
2013.12.02 08:26:43.217,1.11515,1.11542,1.58,1.13
2013.12.02 08:26:44.228,1.11514,1.11543,2.70,1.28
2013.12.02 08:26:44.625,1.11517,1.11543,1.20,1.13
2013.12.02 08:26:44.778,1.11524,1.11543,1.13,1.13
2013.12.02 08:26:44.879,1.11526,1.11545,1.13,1.50
2013.12.02 08:26:44.981,1.11526,1.11547,1.13,1.13
2013.12.02 08:26:45.184,1.11527,1.11547,1.13,1.13
2013.12.02 08:26:46.797,1.11532,1.11547,1.13,1.13
2013.12.02 08:26:46.905,1.11532,1.11547,1.13,1.13
2013.12.02 08:26:47.264,1.11528,1.11547,1.13,1.13
2013.12.02 08:26:47.467,1.11526,1.11546,1.28,1.13
2013.12.02 08:26:48.113,1.11526,1.11546,1.13,1.13
2013.12.02 08:26:48.653,1.11524,1.11547,1.13,1.13
2013.12.02 08:26:50.685,1.11526,1.11547,1.88,1.13
2013.12.02 08:26:50.887,1.11526,1.11547,1.13,1.13
2013.12.02 08:26:52.622,1.11526,1.11547,1.13,1.13
2013.12.02 08:26:52.775,1.11526,1.1155,1.88,2.25
2013.12.02 08:26:56.700,1.11527,1.11551,1.13,1.13
2013.12.02 08:26:58.868,1.11527,1.11551,1.13,1.13
2013.12.02 08:26:58.969,1.11527,1.11551,1.13,1.28
2013.12.02 08:26:59.071,1.11527,1.11551,1.13,1.28
2013.12.02 08:26:59.174,1.11526,1.1155,1.50,1.13
2013.12.02 08:26:59.326,1.11521,1.11549,1.13,1.50
2013.12.02 08:26:59.733,1.11516,1.11549,2.10,1.65
2013.12.02 08:27:00.763,1.11516,1.11549,1.35,1.65
2013.12.02 08:27:01.043,1.11516,1.11549,1.35,1.65
2013.12.02 08:27:01.348,1.11522,1.1155,1.88,1.13
2013.12.02 08:27:01.500,1.11522,1.1155,1.50,1.13
2013.12.02 08:27:01.703,1.11522,1.1155,1.13,1.28
2013.12.02 08:27:02.229,1.11522,1.1155,1.13,1.28
2013.12.02 08:27:02.735,1.11522,1.1155,1.13,1.28
2013.12.02 08:27:03.055,1.11526,1.1155,1.13,1.13
2013.12.02 08:27:04.535,1.11526,1.11551,1.13,1.13
2013.12.02 08:27:04.838,1.11526,1.1155,1.13,1.13
2013.12.02 08:27:07.392,1.11526,1.1155,1.13,1.13
2013.12.02 08:27:07.531,1.11526,1.1155,1.13,1.13
2013.12.02 08:27:07.684,1.11521,1.11548,1.58,1.50
2013.12.02 08:27:07.988,1.11517,1.11547,1.35,1.58
2013.12.02 08:27:08.342,1.11517,1.11544,1.65,2.33
2013.12.02 08:27:08.545,1.11515,1.11544,2.48,1.13
2013.12.02 08:27:09.066,1.11516,1.11546,1.73,1.13
2013.12.02 08:27:09.219,1.11517,1.11546,1.73,1.13
2013.12.02 08:27:16.431,1.11523,1.1155,1.28,1.13
2013.12.02 08:27:18.854,1.11523,1.1155,1.28,1.13
2013.12.02 08:27:19.410,1.11526,1.11551,1.50,1.13
2013.12.02 08:27:19.461,1.11524,1.11551,1.65,1.13
2013.12.02 08:27:20.143,1.11523,1.11551,1.28,1.13
2013.12.02 08:27:22.124,1.11522,1.11551,2.03,1.13
2013.12.02 08:27:22.887,1.11521,1.11551,1.58,1.13
2013.12.02 08:27:33.447,1.11524,1.11551,1.50,1.28
2013.12.02 08:27:33.700,1.11524,1.11553,1.50,1.13
2013.12.02 08:27:37.910,1.11523,1.11551,1.50,1.20
2013.12.02 08:27:38.574,1.11523,1.11551,1.50,1.20
2013.12.02 08:27:38.791,1.11524,1.11551,1.50,1.20
2013.12.02 08:27:40.791,1.11524,1.11552,1.65,1.13
2013.12.02 08:27:40.842,1.11524,1.11553,1.65,1.13
2013.12.02 08:27:40.994,1.11523,1.11553,2.40,1.13
2013.12.02 08:27:43.192,1.11526,1.11554,1.65,1.13
2013.12.02 08:27:43.395,1.11527,1.11558,2.40,1.13
2013.12.02 08:27:44.197,1.11527,1.11558,2.40,1.13
2013.12.02 08:27:46.881,1.11527,1.11558,1.65,1.50
2013.12.02 08:27:48.982,1.11527,1.11558,2.40,1.50
2013.12.02 08:27:49.313,1.11529,1.1156,1.65,1.13
2013.12.02 08:27:49.770,1.11529,1.11558,1.65,1.13
2013.12.02 08:27:51.426,1.11529,1.11558,1.65,1.13
2013.12.02 08:27:51.983,1.11529,1.11558,1.65,1.13
2013.12.02 08:27:52.645,1.1153,1.11558,1.65,1.13
2013.12.02 08:27:53.539,1.1153,1.11559,1.65,1.13
2013.12.02 08:27:53.792,1.11529,1.11561,1.65,1.13
2013.12.02 08:27:55.413,1.11527,1.11561,2.40,1.13
2013.12.02 08:27:56.821,1.1153,1.11564,1.65,1.28
2013.12.02 08:27:57.176,1.11533,1.11563,1.65,1.50
2013.12.02 08:27:58.152,1.1153,1.11563,2.40,1.50
2013.12.02 08:27:58.254,1.11529,1.11563,1.65,1.65
2013.12.02 08:27:58.356,1.1153,1.11564,1.65,1.65
2013.12.02 08:28:00.006,1.11531,1.11564,1.65,2.33
2013.12.02 08:28:05.009,1.11531,1.1156,1.65,1.13
2013.12.02 08:28:07.166,1.11531,1.11561,1.58,1.28
2013.12.02 08:28:07.671,1.1153,1.1156,1.13,1.28
2013.12.02 08:28:08.950,1.11529,1.11561,1.13,1.65
2013.12.02 08:28:09.873,1.1153,1.11562,1.58,1.20
2013.12.02 08:28:12.101,1.1153,1.11562,2.03,1.13
2013.12.02 08:28:12.203,1.11533,1.11565,2.40,1.28
2013.12.02 08:28:12.557,1.11537,1.11568,1.65,1.50
2013.12.02 08:28:13.501,1.1154,1.11569,1.13,1.20
2013.12.02 08:28:14.415,1.11541,1.11568,1.50,1.13
2013.12.02 08:28:16.965,1.11537,1.11568,1.58,1.28
2013.12.02 08:28:17.067,1.11535,1.11566,1.50,1.28
2013.12.02 08:28:17.169,1.11534,1.11561,1.50,1.28
2013.12.02 08:28:17.321,1.11534,1.11561,1.50,1.28
2013.12.02 08:28:17.625,1.11533,1.11561,1.50,1.28
2013.12.02 08:28:23.921,1.11531,1.11561,1.65,1.13
2013.12.02 08:28:25.094,1.11529,1.11561,2.78,1.50
2013.12.02 08:28:28.408,1.11547,1.11566,1.50,1.65
2013.12.02 08:28:28.509,1.11547,1.11565,1.50,1.50
2013.12.02 08:28:28.635,1.11547,1.11565,1.50,1.13
2013.12.02 08:28:29.092,1.11542,1.11568,1.50,1.28
2013.12.02 08:28:29.143,1.11542,1.11568,1.50,1.28
2013.12.02 08:28:29.245,1.11542,1.11569,2.25,1.20
2013.12.02 08:28:29.549,1.11539,1.11567,2.25,1.20
2013.12.02 08:28:29.803,1.1154,1.11568,1.13,1.20
2013.12.02 08:28:29.955,1.1154,1.11568,1.13,1.20
2013.12.02 08:28:31.402,1.11545,1.1157,2.25,1.20
2013.12.02 08:28:31.807,1.11547,1.11572,1.50,1.13
2013.12.02 08:28:31.909,1.11556,1.11575,1.50,1.50
2013.12.02 08:28:32.010,1.11556,1.11576,2.25,1.88
2013.12.02 08:28:32.163,1.11556,1.11576,1.50,1.13
2013.12.02 08:28:32.264,1.11549,1.11576,1.50,1.20
2013.12.02 08:28:37.902,1.11548,1.11576,1.50,1.58
2013.12.02 08:28:38.301,1.11545,1.11575,1.50,1.65
2013.12.02 08:28:38.982,1.11545,1.11575,1.50,1.65
2013.12.02 08:28:41.203,1.11545,1.11575,1.50,2.40
2013.12.02 08:28:42.165,1.11548,1.11575,1.50,1.65
2013.12.02 08:28:42.318,1.11548,1.11576,1.50,1.65
2013.12.02 08:28:42.369,1.11547,1.11576,1.50,1.65
2013.12.02 08:28:42.420,1.11547,1.11576,1.50,1.65
2013.12.02 08:28:42.774,1.11546,1.11567,2.25,2.40
2013.12.02 08:28:43.078,1.11538,1.11569,3.00,2.40
2013.12.02 08:28:43.381,1.11539,1.11569,2.63,1.65
2013.12.02 08:28:43.692,1.11539,1.11569,1.88,1.65
2013.12.02 08:28:43.794,1.11539,1.11568,1.88,1.65
2013.12.02 08:28:44.300,1.11539,1.11566,2.25,1.65
2013.12.02 08:28:44.922,1.11536,1.11563,1.50,2.03
2013.12.02 08:28:45.125,1.11536,1.11559,1.50,1.20
2013.12.02 08:28:45.380,1.11534,1.11559,1.50,1.20
2013.12.02 08:28:45.450,1.11534,1.11559,1.50,1.20
2013.12.02 08:28:45.550,1.11534,1.11559,1.50,1.20
2013.12.02 08:28:45.703,1.11533,1.11563,2.25,1.28
2013.12.02 08:28:49.070,1.11536,1.11562,1.50,1.13
2013.12.02 08:28:49.323,1.11536,1.11559,1.50,1.13
2013.12.02 08:28:49.882,1.11536,1.1156,1.65,1.13
2013.12.02 08:28:50.643,1.11539,1.11562,1.50,1.50
2013.12.02 08:28:51.642,1.11535,1.11557,2.78,1.13
2013.12.02 08:28:52.148,1.11535,1.11557,1.50,1.13
2013.12.02 08:28:52.199,1.11535,1.11557,1.50,1.13
2013.12.02 08:28:53.171,1.11535,1.11557,1.50,1.13
2013.12.02 08:28:53.910,1.11536,1.11557,1.50,1.13
2013.12.02 08:28:54.935,1.11535,1.11557,1.50,1.13
2013.12.02 08:28:55.237,1.11535,1.11557,1.50,1.13
2013.12.02 08:28:55.390,1.11535,1.11557,1.50,1.13
2013.12.02 08:28:55.491,1.11536,1.11557,1.50,1.13
2013.12.02 08:28:56.895,1.11535,1.11562,1.13,1.50
2013.12.02 08:28:56.996,1.11545,1.1156,1.50,1.13
2013.12.02 08:28:57.099,1.11548,1.11567,1.13,1.13
2013.12.02 08:28:57.150,1.11548,1.11569,1.50,1.13
2013.12.02 08:28:57.201,1.11548,1.1157,1.50,1.13
2013.12.02 08:28:57.302,1.11552,1.11577,1.13,2.33
2013.12.02 08:28:57.353,1.1155,1.11577,1.28,2.25
2013.12.02 08:28:58.091,1.11551,1.11579,2.40,1.13
2013.12.02 08:28:58.243,1.11551,1.11579,2.40,1.13
2013.12.02 08:29:00.181,1.11552,1.11583,2.40,1.13
2013.12.02 08:29:00.285,1.11552,1.11583,1.65,1.50
2013.12.02 08:29:00.803,1.11553,1.11583,1.50,1.65
2013.12.02 08:29:00.969,1.11553,1.11583,1.50,1.65
2013.12.02 08:29:01.621,1.11556,1.11583,1.50,1.65
2013.12.02 08:29:01.930,1.11555,1.11583,1.50,1.65
2013.12.02 08:29:03.359,1.11556,1.11583,1.50,1.65
2013.12.02 08:29:05.532,1.11556,1.11583,1.50,1.65
2013.12.02 08:29:06.433,1.11555,1.11583,1.50,1.65
2013.12.02 08:29:07.104,1.11554,1.11583,1.50,1.28
2013.12.02 08:29:07.692,1.11554,1.11583,1.50,1.28
2013.12.02 08:29:07.946,1.11553,1.11582,1.50,1.47
2013.12.02 08:29:08.098,1.11552,1.11581,1.50,1.28
2013.12.02 08:29:08.249,1.11546,1.11579,2.25,1.28
2013.12.02 08:29:08.790,1.11546,1.11579,1.50,1.47
2013.12.02 08:29:09.298,1.11546,1.11579,1.50,1.47
2013.12.02 08:29:09.889,1.11546,1.11579,1.50,1.47
2013.12.02 08:29:13.322,1.11546,1.11578,1.50,1.28
2013.12.02 08:29:17.525,1.11545,1.11578,1.13,2.78
2013.12.02 08:29:17.576,1.11544,1.11574,1.13,1.28
2013.12.02 08:29:17.677,1.11542,1.11573,1.65,1.28
2013.12.02 08:29:17.880,1.11541,1.11573,1.50,1.28
2013.12.02 08:29:18.184,1.11539,1.11572,2.25,1.65
2013.12.02 08:29:18.488,1.11537,1.1157,1.50,1.65
2013.12.02 08:29:18.798,1.11538,1.1157,1.50,1.65
2013.12.02 08:29:19.308,1.11538,1.1157,1.50,1.65
2013.12.02 08:29:21.479,1.11538,1.1157,1.50,2.03
2013.12.02 08:29:22.109,1.11538,1.1157,1.50,2.03
2013.12.02 08:29:23.649,1.11538,1.1157,1.50,2.40
2013.12.02 08:29:26.619,1.11538,1.11568,1.50,1.65
2013.12.02 08:29:26.934,1.11538,1.11568,1.65,1.50
2013.12.02 08:29:27.511,1.11538,1.11568,1.65,1.50
2013.12.02 08:29:28.710,1.11538,1.11568,1.65,1.50
2013.12.02 08:29:29.390,1.11537,1.1157,2.40,2.33
2013.12.02 08:29:29.954,1.11539,1.1157,2.40,2.33
2013.12.02 08:29:30.393,1.11539,1.1157,1.65,1.58
2013.12.02 08:29:32.471,1.11538,1.1157,1.65,1.58
2013.12.02 08:29:33.120,1.11538,1.1157,3.15,1.13
2013.12.02 08:29:34.429,1.11539,1.1157,1.65,1.13
2013.12.02 08:29:34.956,1.11539,1.1157,1.65,1.13
2013.12.02 08:29:39.041,1.11539,1.1157,1.65,1.13
2013.12.02 08:29:40.798,1.11541,1.1157,1.65,1.13
2013.12.02 08:29:41.000,1.11539,1.1157,1.65,1.13
2013.12.02 08:29:41.475,1.11541,1.11576,1.65,1.58
2013.12.02 08:29:41.914,1.11543,1.11576,2.40,1.50
2013.12.02 08:29:42.381,1.11547,1.11576,1.65,1.50
2013.12.02 08:29:42.685,1.1155,1.11576,1.65,1.13
2013.12.02 08:29:43.227,1.11552,1.1158,1.58,1.50
2013.12.02 08:29:43.738,1.11552,1.1158,1.50,1.50
2013.12.02 08:29:43.890,1.11552,1.1158,1.50,1.50
2013.12.02 08:29:44.440,1.11552,1.1158,1.50,1.50
2013.12.02 08:29:45.863,1.11552,1.1158,1.50,1.50
2013.12.02 08:29:46.470,1.11552,1.1158,1.50,1.50
2013.12.02 08:29:47.035,1.11552,1.1158,1.50,1.50
2013.12.02 08:29:47.562,1.11552,1.1158,1.50,1.50
2013.12.02 08:29:48.080,1.11552,1.1158,1.50,1.50
2013.12.02 08:29:48.585,1.11552,1.1158,1.50,1.50
2013.12.02 08:29:48.992,1.11552,1.1158,1.50,1.50
2013.12.02 08:29:49.888,1.11552,1.1158,1.50,1.65
2013.12.02 08:29:50.480,1.11552,1.1158,1.50,1.28
2013.12.02 08:29:50.992,1.11552,1.1158,1.50,1.28
2013.12.02 08:29:51.902,1.11552,1.1158,1.50,1.28
2013.12.02 08:29:52.830,1.11552,1.1158,1.50,1.28
2013.12.02 08:29:53.460,1.11549,1.1158,3.00,1.28
2013.12.02 08:29:53.966,1.11549,1.1158,2.25,1.28
2013.12.02 08:29:54.359,1.11549,1.1158,3.00,1.28
2013.12.02 08:29:56.419,1.11549,1.1158,3.00,1.65
2013.12.02 08:29:56.723,1.11549,1.11577,3.00,1.58
2013.12.02 08:29:56.926,1.11549,1.11574,1.50,1.50
2013.12.02 08:29:57.078,1.11545,1.11571,1.50,2.40
2013.12.02 08:29:57.129,1.11545,1.11571,1.50,2.40
2013.12.02 08:29:57.668,1.11545,1.11571,1.50,2.40
2013.12.02 08:29:58.099,1.11545,1.11571,1.50,2.40
2013.12.02 08:29:58.839,1.11545,1.11571,1.50,2.40
2013.12.02 08:29:59.361,1.11545,1.11571,1.50,2.25
2013.12.02 08:29:59.908,1.11545,1.11571,1.50,2.25
2013.12.02 08:30:06.076,1.11547,1.11571,1.50,1.50
2013.12.02 08:30:06.589,1.11547,1.11574,1.50,1.50
2013.12.02 08:30:07.352,1.11546,1.11574,1.50,1.50
2013.12.02 08:30:07.910,1.11544,1.11574,2.25,2.40
2013.12.02 08:30:08.440,1.11546,1.11574,1.50,1.65
2013.12.02 08:30:09.139,1.11544,1.11574,2.25,2.40
2013.12.02 08:30:09.682,1.11544,1.11574,2.25,3.15
2013.12.02 08:30:10.504,1.11544,1.11574,2.25,3.15
2013.12.02 08:30:11.081,1.11544,1.11574,2.25,2.40
2013.12.02 08:30:12.468,1.11544,1.11574,1.50,2.40
2013.12.02 08:30:13.077,1.11544,1.11574,1.50,2.40
2013.12.02 08:30:14.117,1.11544,1.11574,1.50,2.40
2013.12.02 08:30:14.726,1.11544,1.11574,2.25,2.40
2013.12.02 08:30:15.536,1.11544,1.11574,1.50,2.40
2013.12.02 08:30:16.046,1.11544,1.11574,1.50,2.40
2013.12.02 08:30:16.701,1.11544,1.11569,1.50,1.28
2013.12.02 08:30:16.854,1.11544,1.11569,1.50,1.65
2013.12.02 08:30:21.378,1.11544,1.11564,1.50,1.95
2013.12.02 08:30:21.682,1.1154,1.11555,1.50,1.13
2013.12.02 08:30:22.431,1.11537,1.11555,1.50,1.13
2013.12.02 08:30:22.977,1.11537,1.11556,1.50,1.88
2013.12.02 08:30:23.502,1.11538,1.11556,1.50,1.88
2013.12.02 08:30:30.862,1.11537,1.11559,1.50,1.58
2013.12.02 08:30:34.402,1.1154,1.11558,1.50,1.50
2013.12.02 08:30:34.828,1.11538,1.11558,2.25,1.50
2013.12.02 08:30:35.686,1.11538,1.11558,1.50,1.50
2013.12.02 08:30:35.905,1.11538,1.11558,1.50,1.13
2013.12.02 08:30:38.139,1.1154,1.11559,1.50,1.50
2013.12.02 08:30:38.928,1.11537,1.11558,3.00,2.25
2013.12.02 08:30:41.552,1.11538,1.11556,1.50,1.50
2013.12.02 08:30:42.076,1.11537,1.11555,2.25,1.13
2013.12.02 08:30:42.739,1.11538,1.11556,1.50,1.13
2013.12.02 08:30:43.571,1.11537,1.11559,2.25,1.50
2013.12.02 08:30:53.360,1.11538,1.11556,1.50,1.43
2013.12.02 08:30:53.665,1.11531,1.11546,1.50,1.50
2013.12.02 08:30:53.968,1.1153,1.11542,1.50,1.50
2013.12.02 08:30:54.513,1.11531,1.11542,1.50,1.50
2013.12.02 08:30:55.712,1.1153,1.11542,1.50,1.50
2013.12.02 08:30:55.813,1.11528,1.11542,1.50,1.50
2013.12.02 08:30:56.066,1.11517,1.11538,1.58,1.13
2013.12.02 08:30:56.234,1.11518,1.11535,1.58,1.50
2013.12.02 08:30:56.553,1.11525,1.11548,1.65,1.13
2013.12.02 08:30:56.705,1.11524,1.11548,1.65,1.13
2013.12.02 08:30:57.114,1.11525,1.11548,1.50,1.13
2013.12.02 08:30:57.165,1.11525,1.11553,1.50,1.20
2013.12.02 08:30:57.267,1.11527,1.11555,2.40,1.50
2013.12.02 08:30:57.419,1.1153,1.11555,1.65,1.50
2013.12.02 08:30:57.736,1.11533,1.11555,1.50,1.88
2013.12.02 08:30:57.958,1.11533,1.11555,1.50,1.88
2013.12.02 08:30:58.267,1.1153,1.11555,1.50,1.88
2013.12.02 08:30:58.874,1.1153,1.11555,1.50,1.88
2013.12.02 08:30:58.925,1.1153,1.11555,1.50,1.88
2013.12.02 08:30:59.077,1.11532,1.11555,1.58,1.13
2013.12.02 08:30:59.229,1.1153,1.11555,1.58,1.13
2013.12.02 08:30:59.754,1.1153,1.11553,1.50,1.13
2013.12.02 08:31:00.260,1.1153,1.11553,1.50,1.13
2013.12.02 08:31:00.788,1.1153,1.11553,1.50,1.13
2013.12.02 08:31:01.289,1.1153,1.11553,1.58,1.13
2013.12.02 08:31:03.731,1.11527,1.11555,1.65,1.50
2013.12.02 08:31:03.833,1.11528,1.11553,1.65,2.63
2013.12.02 08:31:03.934,1.1153,1.11553,1.58,2.25
2013.12.02 08:31:04.087,1.11526,1.11553,1.65,2.25
2013.12.02 08:31:04.449,1.11525,1.11553,1.65,1.88
2013.12.02 08:31:04.958,1.11524,1.11553,2.40,1.13
2013.12.02 08:31:07.909,1.11528,1.11553,1.58,1.13
2013.12.02 08:31:07.961,1.11527,1.11553,1.58,1.13
2013.12.02 08:31:08.013,1.11527,1.11553,1.50,1.13
2013.12.02 08:31:08.532,1.11527,1.11549,1.50,1.13
2013.12.02 08:31:08.938,1.11527,1.11549,1.50,1.13
2013.12.02 08:31:09.142,1.11527,1.11549,1.50,1.13
2013.12.02 08:31:09.446,1.11527,1.11551,1.65,1.50
2013.12.02 08:31:09.575,1.11527,1.11551,1.65,1.50
2013.12.02 08:31:09.811,1.11527,1.11551,1.65,1.50
2013.12.02 08:31:09.912,1.11526,1.11553,1.65,1.13
2013.12.02 08:31:10.013,1.11527,1.11553,1.65,1.13
2013.12.02 08:31:11.221,1.11527,1.11551,1.50,1.13
2013.12.02 08:31:11.525,1.11521,1.11536,1.65,1.88
2013.12.02 08:31:11.684,1.11521,1.1154,1.50,2.25
2013.12.02 08:31:11.837,1.11522,1.11539,1.50,1.50
2013.12.02 08:31:11.989,1.11524,1.11539,1.50,1.50
2013.12.02 08:31:12.192,1.11524,1.1155,2.25,1.65
2013.12.02 08:31:12.344,1.11524,1.11554,3.15,1.50
2013.12.02 08:31:12.395,1.11527,1.11555,1.65,1.88
2013.12.02 08:31:12.446,1.11527,1.11555,1.65,1.50
2013.12.02 08:31:12.749,1.11528,1.11562,1.65,1.50
2013.12.02 08:31:12.800,1.11528,1.11562,1.65,1.50
2013.12.02 08:31:13.243,1.11534,1.11562,1.50,1.50
2013.12.02 08:31:13.547,1.11529,1.11558,1.65,1.13
2013.12.02 08:31:13.598,1.11528,1.11553,1.65,1.13
2013.12.02 08:31:14.305,1.11528,1.11553,1.50,1.13
2013.12.02 08:31:15.958,1.11528,1.11553,1.50,1.13
2013.12.02 08:31:16.129,1.11523,1.11552,1.65,1.50
2013.12.02 08:31:16.183,1.11523,1.11551,1.50,1.28
2013.12.02 08:31:16.285,1.11523,1.11551,1.50,1.28
2013.12.02 08:31:16.437,1.11521,1.11548,1.58,1.50
2013.12.02 08:31:16.488,1.1152,1.11547,1.73,1.50
2013.12.02 08:31:16.589,1.11519,1.11545,1.73,1.13
2013.12.02 08:31:17.095,1.11519,1.11544,2.33,1.50
2013.12.02 08:31:18.210,1.11519,1.11544,1.58,1.13
2013.12.02 08:31:18.525,1.11519,1.11535,1.58,1.13
2013.12.02 08:31:18.728,1.11518,1.11543,2.33,1.13
2013.12.02 08:31:18.829,1.11515,1.1154,1.35,1.13
2013.12.02 08:31:19.479,1.11514,1.1154,1.73,1.13
2013.12.02 08:31:19.782,1.1152,1.11546,1.58,3.00
2013.12.02 08:31:21.082,1.1152,1.11546,1.50,1.13
2013.12.02 08:31:21.183,1.11529,1.11549,1.50,1.13
2013.12.02 08:31:21.234,1.1153,1.11553,1.50,1.13
2013.12.02 08:31:21.285,1.11529,1.11555,2.33,1.13
2013.12.02 08:31:21.335,1.11532,1.1156,1.65,1.50
2013.12.02 08:31:21.487,1.11534,1.11563,1.65,2.25
2013.12.02 08:31:21.538,1.11534,1.11563,1.65,1.50
2013.12.02 08:31:21.842,1.11543,1.11567,1.50,1.13
2013.12.02 08:31:22.458,1.11543,1.11567,1.50,1.13
2013.12.02 08:31:22.812,1.11542,1.11567,1.50,1.13
2013.12.02 08:31:23.014,1.11538,1.11567,1.50,1.13
2013.12.02 08:31:28.679,1.11538,1.11566,1.50,1.13
2013.12.02 08:31:29.288,1.11538,1.11566,1.50,1.13
2013.12.02 08:31:29.440,1.11539,1.11566,1.50,1.13
2013.12.02 08:31:29.603,1.11538,1.11566,2.25,1.13
2013.12.02 08:31:30.994,1.11539,1.11568,1.50,1.88
2013.12.02 08:31:31.905,1.11536,1.11562,1.50,1.13
2013.12.02 08:31:32.209,1.11534,1.1156,2.25,1.13
2013.12.02 08:31:32.260,1.11534,1.1156,2.25,1.13
2013.12.02 08:31:32.361,1.11534,1.1156,2.25,1.13
2013.12.02 08:31:33.139,1.11533,1.11552,1.50,2.25
2013.12.02 08:31:33.241,1.11533,1.11552,1.50,2.25
2013.12.02 08:31:33.495,1.1153,1.11557,1.50,1.13
2013.12.02 08:31:33.596,1.11534,1.11557,1.50,1.13
2013.12.02 08:31:33.799,1.11536,1.1156,1.50,1.88
2013.12.02 08:31:33.900,1.11538,1.11561,1.13,1.13
2013.12.02 08:31:34.153,1.11542,1.11567,1.50,1.13
2013.12.02 08:31:34.204,1.1154,1.11567,1.50,1.13
2013.12.02 08:31:34.364,1.11539,1.11566,2.25,1.13
2013.12.02 08:31:34.870,1.11542,1.11566,1.50,1.13
2013.12.02 08:31:39.613,1.11542,1.11572,1.50,1.88
2013.12.02 08:31:40.820,1.11538,1.11567,1.88,1.13
2013.12.02 08:31:40.973,1.11538,1.11568,1.88,1.88
2013.12.02 08:31:41.486,1.11537,1.11567,1.88,1.88
2013.12.02 08:31:42.379,1.11538,1.11567,1.13,1.88
2013.12.02 08:31:42.581,1.11536,1.11568,1.95,1.88
2013.12.02 08:31:44.272,1.11536,1.11567,2.03,1.88
2013.12.02 08:31:47.389,1.11536,1.11561,1.58,1.13
2013.12.02 08:31:52.624,1.11536,1.1156,2.33,1.13
2013.12.02 08:31:52.726,1.11538,1.11564,1.65,1.13
2013.12.02 08:31:52.828,1.11538,1.11564,1.50,1.13
2013.12.02 08:31:52.879,1.11538,1.11564,1.58,1.13
2013.12.02 08:31:53.183,1.11539,1.11564,1.50,1.13
2013.12.02 08:31:53.487,1.11538,1.11561,1.50,1.13
2013.12.02 08:31:54.068,1.11539,1.1156,1.50,1.13
2013.12.02 08:31:54.756,1.11539,1.1156,1.50,1.13
2013.12.02 08:31:55.270,1.11539,1.1156,1.50,1.13
2013.12.02 08:31:55.648,1.11538,1.11552,1.50,1.50
2013.12.02 08:31:55.952,1.11539,1.11551,1.50,1.50
2013.12.02 08:31:56.053,1.11536,1.11551,1.50,1.50
2013.12.02 08:31:56.154,1.11535,1.11558,1.58,1.13
2013.12.02 08:31:56.559,1.11539,1.11557,1.50,1.13
2013.12.02 08:31:57.079,1.11539,1.11557,1.50,1.13
2013.12.02 08:31:57.659,1.11538,1.11558,1.50,1.13
2013.12.02 08:31:58.249,1.11538,1.11558,1.50,1.13
2013.12.02 08:31:58.756,1.11539,1.11558,1.50,1.13
2013.12.02 08:31:58.959,1.11538,1.11558,1.50,1.13
2013.12.02 08:31:59.562,1.11536,1.11558,1.50,1.13
2013.12.02 08:31:59.664,1.11538,1.11558,1.50,1.13
2013.12.02 08:31:59.765,1.11538,1.11557,1.50,1.13
2013.12.02 08:31:59.867,1.11538,1.11562,1.50,1.88
2013.12.02 08:31:59.918,1.11538,1.11561,1.50,1.13
2013.12.02 08:32:00.071,1.11534,1.11557,1.50,1.13
2013.12.02 08:32:00.592,1.11533,1.11556,1.50,1.13
2013.12.02 08:32:00.898,1.11534,1.11556,1.50,1.13
2013.12.02 08:32:01.202,1.11538,1.11558,1.50,1.13
2013.12.02 08:32:01.455,1.11539,1.11565,1.50,1.20
2013.12.02 08:32:02.828,1.1154,1.11564,1.50,1.13
2013.12.02 08:32:08.300,1.1154,1.1157,1.65,1.13
2013.12.02 08:32:09.299,1.1154,1.11565,1.65,1.13
2013.12.02 08:32:10.421,1.11544,1.11569,1.95,1.13
2013.12.02 08:32:10.623,1.11546,1.11569,1.50,1.13
2013.12.02 08:32:10.674,1.11546,1.11569,1.50,1.13
2013.12.02 08:32:10.725,1.11546,1.11573,1.50,1.13
2013.12.02 08:32:10.941,1.11543,1.11573,1.50,1.13
2013.12.02 08:32:11.453,1.11543,1.1157,1.50,1.13
2013.12.02 08:32:11.605,1.11543,1.1157,1.50,1.13
2013.12.02 08:32:12.743,1.1154,1.11569,2.78,1.88
2013.12.02 08:32:16.110,1.1154,1.11569,2.78,1.88
2013.12.02 08:32:17.648,1.1154,1.11569,2.78,1.88
2013.12.02 08:32:19.368,1.11542,1.11569,1.58,1.88
2013.12.02 08:32:19.622,1.11547,1.11569,2.25,1.13
2013.12.02 08:32:19.976,1.11544,1.11574,3.08,2.33
2013.12.02 08:32:20.601,1.11544,1.11574,2.33,2.33
2013.12.02 08:32:21.552,1.1154,1.11567,2.03,1.13
2013.12.02 08:32:22.103,1.11541,1.11567,1.50,1.13
2013.12.02 08:32:22.815,1.11543,1.11567,1.50,1.13
2013.12.02 08:32:23.634,1.1154,1.11567,2.03,1.13
2013.12.02 08:32:25.137,1.11538,1.11561,1.65,2.25
2013.12.02 08:32:25.239,1.11537,1.1156,1.50,1.50
2013.12.02 08:32:25.290,1.11537,1.1156,1.50,1.50
2013.12.02 08:32:25.340,1.11537,1.1156,2.25,1.50
2013.12.02 08:32:25.830,1.11534,1.1156,1.28,1.88
2013.12.02 08:32:25.928,1.11537,1.1156,1.50,1.88
2013.12.02 08:32:26.433,1.11537,1.1156,1.50,1.88
2013.12.02 08:32:26.917,1.11539,1.1156,1.58,1.88
2013.12.02 08:32:27.120,1.11541,1.11563,1.58,1.50
2013.12.02 08:32:27.221,1.11537,1.11563,2.40,1.50
2013.12.02 08:32:27.424,1.11538,1.11562,1.58,1.50
2013.12.02 08:32:32.948,1.11538,1.11562,1.58,1.50
2013.12.02 08:32:33.100,1.11537,1.11563,1.65,2.25
2013.12.02 08:32:33.501,1.11534,1.11559,1.65,1.13
2013.12.02 08:32:39.181,1.11534,1.11558,1.50,1.50
2013.12.02 08:32:40.113,1.11534,1.11558,1.50,1.50
2013.12.02 08:32:40.833,1.11534,1.11558,1.50,1.50
2013.12.02 08:32:41.501,1.11535,1.11559,1.50,1.13
2013.12.02 08:32:42.389,1.11534,1.11553,2.25,1.13
2013.12.02 08:32:42.591,1.11529,1.11548,2.25,1.50
2013.12.02 08:32:42.895,1.11526,1.11547,1.58,2.25
2013.12.02 08:32:42.997,1.11524,1.11544,1.50,1.50
2013.12.02 08:32:43.529,1.1152,1.11539,1.20,1.50
2013.12.02 08:32:43.631,1.11519,1.11539,1.58,1.50
2013.12.02 08:32:43.682,1.11519,1.11539,1.58,2.25
2013.12.02 08:32:44.155,1.11524,1.11539,1.50,1.13
2013.12.02 08:32:44.358,1.11523,1.11539,1.50,1.13
2013.12.02 08:32:45.332,1.11523,1.1154,1.50,1.13
2013.12.02 08:32:45.587,1.11518,1.1154,1.73,1.13
2013.12.02 08:32:46.109,1.11519,1.1154,1.73,1.13
2013.12.02 08:32:46.339,1.1152,1.11539,1.50,1.13
2013.12.02 08:32:46.541,1.1152,1.1154,1.58,1.13
2013.12.02 08:32:46.693,1.11521,1.1154,3.00,1.13
2013.12.02 08:32:47.282,1.11523,1.11545,1.65,1.13
2013.12.02 08:32:47.434,1.11522,1.11545,1.65,1.13
2013.12.02 08:32:47.485,1.11522,1.11545,1.58,1.13
2013.12.02 08:32:47.536,1.11522,1.11545,1.58,1.13
2013.12.02 08:32:48.415,1.11524,1.11545,1.50,1.88
2013.12.02 08:32:48.583,1.11524,1.11545,2.63,1.13
2013.12.02 08:32:49.606,1.11523,1.11547,1.50,1.13
2013.12.02 08:32:49.961,1.11523,1.11548,1.50,1.13
2013.12.02 08:32:51.644,1.11523,1.11548,1.50,1.13
2013.12.02 08:32:52.480,1.11523,1.11548,1.50,1.13
2013.12.02 08:32:53.238,1.11523,1.11548,1.50,1.13
2013.12.02 08:32:53.603,1.11523,1.11547,2.25,1.13
2013.12.02 08:32:54.799,1.11524,1.11548,1.50,1.13
2013.12.02 08:32:55.282,1.11523,1.11547,4.65,1.13
2013.12.02 08:32:55.689,1.11526,1.11547,1.50,1.13
2013.12.02 08:32:56.636,1.11523,1.11547,3.90,1.13
2013.12.02 08:32:57.181,1.11524,1.11548,1.50,1.88
2013.12.02 08:32:57.909,1.11527,1.11547,1.50,1.13
2013.12.02 08:32:58.212,1.11528,1.11547,1.50,1.13
2013.12.02 08:32:58.769,1.11526,1.11547,1.50,1.13
2013.12.02 08:32:59.277,1.11526,1.11547,1.50,1.13
2013.12.02 08:32:59.899,1.11527,1.11552,1.58,1.13
2013.12.02 08:33:01.463,1.11527,1.11552,2.40,1.13
2013.12.02 08:33:01.837,1.11527,1.11552,2.40,1.13
2013.12.02 08:33:02.396,1.11527,1.11552,1.65,1.13
2013.12.02 08:33:04.676,1.11525,1.11552,1.50,1.13
2013.12.02 08:33:07.943,1.11525,1.11546,1.13,1.13
2013.12.02 08:33:10.831,1.11526,1.11547,1.50,1.13
2013.12.02 08:33:11.935,1.11523,1.11547,3.00,1.13
2013.12.02 08:33:12.139,1.11526,1.11547,1.50,1.13
2013.12.02 08:33:12.395,1.11524,1.11547,1.50,1.13
2013.12.02 08:33:20.907,1.11525,1.11546,1.13,1.13
2013.12.02 08:33:21.437,1.11524,1.11547,2.25,1.13
2013.12.02 08:33:22.667,1.11524,1.11547,1.50,1.13
2013.12.02 08:33:23.168,1.11524,1.11547,1.50,1.13
2013.12.02 08:33:23.792,1.11523,1.11547,2.25,1.13
2013.12.02 08:33:24.548,1.11524,1.11547,1.50,1.13
2013.12.02 08:33:25.222,1.11523,1.11547,2.25,1.13
2013.12.02 08:33:26.480,1.11524,1.11547,1.50,1.13
2013.12.02 08:33:26.845,1.11524,1.11547,1.50,1.13
2013.12.02 08:33:27.837,1.11526,1.11547,1.50,1.13
2013.12.02 08:33:28.630,1.1152,1.11546,1.50,1.13
2013.12.02 08:33:29.239,1.11522,1.11541,1.50,1.13
2013.12.02 08:33:29.340,1.11518,1.11541,1.58,1.13
2013.12.02 08:33:29.849,1.11518,1.11541,1.58,1.13
2013.12.02 08:33:30.474,1.11518,1.11541,1.58,1.13
2013.12.02 08:33:31.013,1.11518,1.11541,1.73,1.13
2013.12.02 08:33:32.282,1.11519,1.11541,1.58,1.13
2013.12.02 08:33:32.818,1.11518,1.11541,1.73,1.13
2013.12.02 08:33:33.963,1.11518,1.11541,1.73,1.13
2013.12.02 08:33:34.239,1.11518,1.11542,1.73,1.50
2013.12.02 08:33:34.492,1.11518,1.11545,1.73,1.13
2013.12.02 08:33:36.483,1.11521,1.11548,2.03,1.13
2013.12.02 08:33:36.534,1.11521,1.11548,2.03,1.13
2013.12.02 08:33:36.880,1.11521,1.11548,1.65,1.13
2013.12.02 08:33:38.648,1.11518,1.11545,2.10,1.13
2013.12.02 08:33:39.643,1.11519,1.11541,1.58,1.13
2013.12.02 08:33:40.561,1.11518,1.11541,2.10,1.13
2013.12.02 08:33:41.265,1.11519,1.11541,1.58,1.13
2013.12.02 08:33:43.361,1.11519,1.11541,1.58,1.13
2013.12.02 08:33:45.785,1.11523,1.11546,1.50,1.13
2013.12.02 08:33:46.506,1.11521,1.11545,1.13,1.13
2013.12.02 08:33:47.017,1.11521,1.11546,1.58,1.13
2013.12.02 08:33:54.808,1.11518,1.11545,1.35,1.13
2013.12.02 08:33:55.228,1.11518,1.11542,1.28,1.13
2013.12.02 08:33:55.776,1.11517,1.11542,1.65,1.13
2013.12.02 08:33:56.300,1.11517,1.11543,1.65,1.13
2013.12.02 08:33:57.638,1.11517,1.11543,1.65,1.13
2013.12.02 08:33:58.160,1.11517,1.11543,1.65,1.13
2013.12.02 08:33:58.669,1.11517,1.11542,1.65,1.13
2013.12.02 08:33:59.334,1.11517,1.11542,1.65,1.13
2013.12.02 08:33:59.889,1.11517,1.11542,1.65,1.13
2013.12.02 08:34:01.089,1.11517,1.11542,1.65,1.13
2013.12.02 08:34:01.747,1.11515,1.11537,1.58,1.13
2013.12.02 08:34:02.260,1.11512,1.11537,1.35,1.13
2013.12.02 08:34:02.802,1.11515,1.11537,1.58,1.13
2013.12.02 08:34:03.070,1.11516,1.11536,1.58,1.13
2013.12.02 08:34:03.394,1.11519,1.11541,2.33,1.13
2013.12.02 08:34:04.145,1.11518,1.11541,1.95,1.13
2013.12.02 08:34:04.955,1.11518,1.11541,1.58,1.13
2013.12.02 08:34:05.500,1.11518,1.11541,1.58,1.13
2013.12.02 08:34:06.236,1.11516,1.11542,2.33,1.13
2013.12.02 08:34:06.508,1.11516,1.11538,1.58,1.13
2013.12.02 08:34:06.836,1.11516,1.11536,1.58,1.13
2013.12.02 08:34:07.457,1.11516,1.11536,1.58,1.13
2013.12.02 08:34:07.763,1.11516,1.11536,1.58,1.13
2013.12.02 08:34:08.065,1.11516,1.11537,1.58,1.13
2013.12.02 08:34:08.318,1.1152,1.11538,1.58,1.13
2013.12.02 08:34:08.420,1.1152,1.11544,1.65,1.13
2013.12.02 08:34:09.096,1.11519,1.11544,2.33,1.13
2013.12.02 08:34:12.812,1.11519,1.1154,1.58,1.13
2013.12.02 08:34:13.015,1.11511,1.1154,2.33,1.95
2013.12.02 08:34:13.521,1.1151,1.11536,1.58,1.13
2013.12.02 08:34:14.080,1.1151,1.11536,1.58,1.13
2013.12.02 08:34:15.130,1.11509,1.11536,1.58,1.13
2013.12.02 08:34:15.648,1.11509,1.11536,1.58,1.13
2013.12.02 08:34:18.045,1.11508,1.11536,2.03,1.13
2013.12.02 08:34:18.096,1.11506,1.1153,2.33,1.13
2013.12.02 08:34:18.198,1.11503,1.1153,2.40,1.13
2013.12.02 08:34:18.522,1.11501,1.11527,1.73,1.13
2013.12.02 08:34:20.681,1.11501,1.11527,1.73,1.13
2013.12.02 08:34:21.035,1.11501,1.11526,2.85,1.13
2013.12.02 08:34:24.925,1.11501,1.11527,1.73,1.13
2013.12.02 08:34:25.634,1.11501,1.11527,1.73,1.13
2013.12.02 08:34:26.294,1.11501,1.11527,2.48,1.13
2013.12.02 08:34:28.482,1.11505,1.11527,1.50,1.13
2013.12.02 08:34:29.485,1.11501,1.11527,3.98,1.13
2013.12.02 08:34:30.281,1.11502,1.11527,2.48,1.13
2013.12.02 08:34:30.914,1.11501,1.11527,3.98,1.13
2013.12.02 08:34:32.864,1.11504,1.11527,1.65,1.13
2013.12.02 08:34:34.624,1.11503,1.11527,1.35,1.13
2013.12.02 08:34:34.675,1.11503,1.11527,1.35,1.13
2013.12.02 08:34:41.018,1.11503,1.11533,1.13,1.28
2013.12.02 08:34:42.455,1.115,1.11533,2.40,1.28
2013.12.02 08:34:42.708,1.11499,1.11533,1.58,1.28
2013.12.02 08:34:43.508,1.11499,1.11527,1.58,1.13
2013.12.02 08:34:46.048,1.11498,1.11527,3.08,1.13
2013.12.02 08:34:46.663,1.11498,1.11527,3.83,1.13
2013.12.02 08:34:47.946,1.11498,1.11527,1.58,1.13
2013.12.02 08:34:49.147,1.1151,1.11529,1.50,1.20
2013.12.02 08:34:49.198,1.11509,1.11527,1.50,1.13
2013.12.02 08:34:49.299,1.11511,1.1153,1.50,1.13
2013.12.02 08:34:49.416,1.11511,1.11535,1.50,1.88
2013.12.02 08:34:49.950,1.11511,1.11536,1.50,1.13
2013.12.02 08:34:51.365,1.11516,1.11535,1.50,1.13
2013.12.02 08:34:51.518,1.11517,1.1154,1.50,1.13
2013.12.02 08:34:53.075,1.11514,1.1154,1.50,1.28
2013.12.02 08:34:57.055,1.11513,1.11541,1.50,1.20
2013.12.02 08:34:58.225,1.11513,1.11541,1.50,1.20
2013.12.02 08:34:59.654,1.11516,1.11541,1.50,1.20
2013.12.02 08:34:59.856,1.11516,1.1154,1.50,1.13
2013.12.02 08:35:08.314,1.11521,1.11548,1.13,1.28
2013.12.02 08:35:15.148,1.11526,1.11554,1.13,1.28
2013.12.02 08:35:18.365,1.11526,1.11554,1.13,1.28
2013.12.02 08:35:20.530,1.11526,1.11554,2.25,1.20
2013.12.02 08:35:21.107,1.11526,1.11553,1.50,1.28
2013.12.02 08:35:21.209,1.11522,1.11553,1.65,1.28
2013.12.02 08:35:21.517,1.11518,1.11554,1.65,1.28
2013.12.02 08:35:21.669,1.11518,1.11554,1.65,1.28
2013.12.02 08:35:24.457,1.11519,1.11553,1.02,1.28
2013.12.02 08:35:25.117,1.11519,1.11553,1.77,1.28
2013.12.02 08:35:27.229,1.11525,1.11553,1.13,1.28
2013.12.02 08:35:27.280,1.11525,1.11553,1.13,1.20
2013.12.02 08:35:33.021,1.11525,1.11559,1.09,2.03
2013.12.02 08:35:33.072,1.11526,1.11559,1.69,2.03
2013.12.02 08:35:33.173,1.11527,1.1156,1.02,1.28
2013.12.02 08:35:33.851,1.11527,1.1156,1.09,1.20
2013.12.02 08:35:39.998,1.11532,1.1156,1.50,1.20
2013.12.02 08:35:40.520,1.11528,1.1156,3.15,1.20
2013.12.02 08:35:43.089,1.11528,1.1156,3.15,1.20
2013.12.02 08:35:43.988,1.11531,1.11559,1.95,1.13
2013.12.02 08:35:44.039,1.11531,1.1156,1.58,1.20
2013.12.02 08:35:45.039,1.11524,1.11559,2.78,1.65
2013.12.02 08:35:45.544,1.11524,1.11558,1.50,1.65
2013.12.02 08:35:45.944,1.11522,1.11553,1.65,1.28
2013.12.02 08:35:47.110,1.11521,1.11554,1.50,2.03
2013.12.02 08:35:48.362,1.11522,1.11554,1.50,2.03
2013.12.02 08:35:48.872,1.11519,1.11554,1.65,1.65
2013.12.02 08:35:50.450,1.11517,1.11554,2.78,1.65
2013.12.02 08:35:53.854,1.11518,1.11554,2.40,1.65
2013.12.02 08:35:54.008,1.1152,1.11554,1.65,1.50
2013.12.02 08:35:54.160,1.1152,1.11554,1.65,1.65
2013.12.02 08:35:54.546,1.11518,1.11554,1.65,1.65
2013.12.02 08:36:14.256,1.11518,1.11555,2.40,1.28
2013.12.02 08:36:54.547,1.11521,1.11558,1.58,1.65
2013.12.02 08:36:55.179,1.11517,1.11559,3.90,1.65
2013.12.02 08:37:01.930,1.11517,1.11551,2.40,1.13
2013.12.02 08:37:02.360,1.11517,1.11551,1.50,1.28
2013.12.02 08:37:02.957,1.11517,1.11551,1.58,1.28
2013.12.02 08:37:03.742,1.11517,1.11551,1.65,1.28
2013.12.02 08:37:05.347,1.11515,1.11551,1.65,2.03
2013.12.02 08:37:05.550,1.11513,1.1155,1.20,2.03
2013.12.02 08:37:06.080,1.11513,1.1155,1.28,2.03
2013.12.02 08:37:11.601,1.11513,1.11546,1.13,1.65
2013.12.02 08:37:15.727,1.11515,1.11546,1.58,1.58
2013.12.02 08:37:16.215,1.11516,1.11546,1.65,1.50
2013.12.02 08:37:27.235,1.11515,1.11548,3.15,1.65
2013.12.02 08:37:27.590,1.11515,1.11551,1.65,1.28
2013.12.02 08:37:35.584,1.11516,1.11551,1.65,1.20
2013.12.02 08:37:36.123,1.11519,1.11553,1.65,1.50
2013.12.02 08:37:36.718,1.11522,1.11553,1.65,1.50
2013.12.02 08:37:38.506,1.11522,1.11558,1.65,1.28
2013.12.02 08:37:39.067,1.11522,1.11557,2.40,1.20
2013.12.02 08:37:46.476,1.1152,1.11553,1.65,1.50
2013.12.02 08:37:47.010,1.11522,1.11553,1.65,1.50
2013.12.02 08:37:54.509,1.11524,1.11553,2.40,1.50
2013.12.02 08:37:58.646,1.11523,1.11553,1.65,1.50
2013.12.02 08:38:05.546,1.11522,1.11553,1.65,1.50
2013.12.02 08:38:06.883,1.11522,1.11553,1.65,1.50
2013.12.02 08:38:07.385,1.11523,1.11553,1.65,1.50
2013.12.02 08:38:08.683,1.11525,1.11553,1.65,1.50
2013.12.02 08:38:08.785,1.11522,1.11553,3.15,1.50
2013.12.02 08:38:10.189,1.11523,1.11558,3.15,1.88
2013.12.02 08:38:30.341,1.11523,1.11553,1.65,1.50
2013.12.02 08:38:30.849,1.11522,1.11553,1.65,1.50
2013.12.02 08:38:36.750,1.1152,1.11558,2.40,1.58
2013.12.02 08:38:37.228,1.11525,1.11559,1.65,1.58
2013.12.02 08:38:39.672,1.11522,1.11557,1.65,2.07
2013.12.02 08:38:39.774,1.11521,1.11557,1.65,2.82
2013.12.02 08:38:39.926,1.11521,1.11556,2.40,1.50
2013.12.02 08:38:43.851,1.11525,1.11556,1.65,1.50
2013.12.02 08:38:44.104,1.11524,1.11556,1.65,1.50
2013.12.02 08:38:44.619,1.11523,1.11556,1.65,1.95
2013.12.02 08:38:45.150,1.11522,1.11556,2.40,1.95
2013.12.02 08:38:48.143,1.11522,1.11555,1.65,1.13
2013.12.02 08:38:48.295,1.11518,1.11548,3.15,1.50
2013.12.02 08:38:49.054,1.11517,1.11551,1.58,1.28
2013.12.02 08:38:49.512,1.11517,1.11548,1.65,1.50
2013.12.02 08:39:05.971,1.11517,1.1155,1.65,1.20
2013.12.02 08:39:06.072,1.11513,1.1155,2.40,2.03
2013.12.02 08:39:06.607,1.11511,1.11545,1.65,1.13
2013.12.02 08:39:06.759,1.1151,1.11544,1.65,1.20
2013.12.02 08:39:06.962,1.11508,1.11543,2.78,1.58
2013.12.02 08:39:07.266,1.11508,1.11543,1.28,2.40
2013.12.02 08:39:07.317,1.11508,1.11541,1.13,1.28
2013.12.02 08:39:07.469,1.11508,1.1154,1.88,1.28
2013.12.02 08:39:07.520,1.11508,1.1154,1.95,1.20
2013.12.02 08:39:08.025,1.11507,1.11541,1.65,1.20
2013.12.02 08:39:08.076,1.11507,1.11541,1.65,1.28
2013.12.02 08:39:13.993,1.11506,1.11539,1.65,1.50
2013.12.02 08:39:14.843,1.11506,1.11539,1.65,1.50
2013.12.02 08:39:14.995,1.11502,1.11533,2.48,1.65
2013.12.02 08:39:15.046,1.11502,1.11533,2.48,1.65
2013.12.02 08:39:15.199,1.11501,1.11533,1.73,1.84
2013.12.02 08:39:15.811,1.11498,1.11529,1.65,2.33
2013.12.02 08:39:16.374,1.11497,1.11529,1.73,3.08
2013.12.02 08:39:17.035,1.11498,1.11529,1.65,3.08
2013.12.02 08:39:17.441,1.11497,1.11528,1.73,1.95
2013.12.02 08:39:17.593,1.11496,1.11527,2.48,1.50
2013.12.02 08:39:18.121,1.11498,1.11527,1.73,1.50
2013.12.02 08:39:18.639,1.11499,1.11527,1.73,1.50
2013.12.02 08:39:19.175,1.11499,1.11528,2.48,1.13
2013.12.02 08:39:19.925,1.11499,1.11528,2.48,1.13
2013.12.02 08:39:21.537,1.11501,1.11528,1.73,1.13
2013.12.02 08:39:22.663,1.11499,1.11529,2.48,1.13
2013.12.02 08:39:23.194,1.11501,1.11529,1.73,1.13
2013.12.02 08:39:23.718,1.11502,1.11533,1.73,3.00
2013.12.02 08:39:25.225,1.11501,1.11533,4.65,1.50
2013.12.02 08:39:26.233,1.11504,1.11533,1.65,1.50
2013.12.02 08:39:27.631,1.11504,1.11532,1.65,1.50
2013.12.02 08:39:27.783,1.115,1.11531,1.73,1.50
2013.12.02 08:39:28.239,1.115,1.11527,1.65,1.50
2013.12.02 08:39:28.796,1.11496,1.11527,1.73,1.50
2013.12.02 08:39:29.077,1.11496,1.11528,1.73,2.25
2013.12.02 08:39:29.606,1.11497,1.11528,1.73,2.25
2013.12.02 08:39:30.128,1.115,1.11529,2.48,1.13
2013.12.02 08:39:30.229,1.11504,1.11532,1.58,1.50
2013.12.02 08:39:31.834,1.11504,1.11534,1.65,1.50
2013.12.02 08:39:32.543,1.11507,1.11536,1.65,1.13
2013.12.02 08:39:32.594,1.11507,1.11539,2.03,1.58
2013.12.02 08:39:32.645,1.11527,1.11539,1.50,1.58
2013.12.02 08:39:32.696,1.11527,1.1154,1.50,1.58
2013.12.02 08:39:32.747,1.11525,1.11542,2.25,1.20
2013.12.02 08:39:32.848,1.11528,1.11546,1.50,2.63
2013.12.02 08:39:32.900,1.11528,1.11547,2.25,1.50
2013.12.02 08:39:33.102,1.1153,1.11548,2.25,1.88
2013.12.02 08:39:33.153,1.11524,1.1155,2.25,1.50
2013.12.02 08:39:33.695,1.11524,1.1155,2.25,1.50
2013.12.02 08:39:34.593,1.11524,1.1155,1.50,1.13
2013.12.02 08:39:34.694,1.11522,1.11549,1.65,1.13
2013.12.02 08:39:34.796,1.11522,1.11549,1.65,1.13
2013.12.02 08:39:38.298,1.11522,1.1155,1.65,2.25
2013.12.02 08:39:38.821,1.11522,1.1155,1.65,2.25
2013.12.02 08:39:39.428,1.11527,1.11551,1.50,1.13
2013.12.02 08:39:40.622,1.11533,1.11551,1.50,1.13
2013.12.02 08:39:40.725,1.11533,1.11555,1.50,1.13
2013.12.02 08:39:40.927,1.11533,1.11557,1.65,1.88
2013.12.02 08:39:41.131,1.11526,1.11553,2.40,1.50
2013.12.02 08:39:41.569,1.11526,1.11552,2.40,1.13
2013.12.02 08:39:44.131,1.11526,1.11552,2.40,1.13
2013.12.02 08:39:44.790,1.11529,1.11552,2.40,1.13
2013.12.02 08:39:45.610,1.11533,1.11552,1.47,1.13
2013.12.02 08:39:45.762,1.11538,1.11561,2.33,1.50
2013.12.02 08:39:45.864,1.11538,1.11561,1.65,1.50
2013.12.02 08:39:46.218,1.11539,1.11563,1.65,2.63
2013.12.02 08:39:46.673,1.11538,1.11561,2.40,1.50
2013.12.02 08:39:48.653,1.11539,1.11562,1.65,1.50
2013.12.02 08:39:48.857,1.11538,1.11562,1.65,1.50
2013.12.02 08:39:51.854,1.11538,1.11563,1.65,1.13
2013.12.02 08:39:52.362,1.11538,1.11564,1.65,1.13
2013.12.02 08:39:53.121,1.11538,1.11564,1.65,1.13
2013.12.02 08:39:53.443,1.11539,1.11564,2.33,1.13
2013.12.02 08:39:57.256,1.11539,1.11564,3.15,1.88
2013.12.02 08:39:57.736,1.11539,1.11564,1.65,1.88
2013.12.02 08:39:59.241,1.11539,1.11564,2.03,1.88
2013.12.02 08:40:12.093,1.11542,1.11561,1.65,1.13
2013.12.02 08:40:12.412,1.11539,1.11554,1.58,1.50
2013.12.02 08:40:12.668,1.11538,1.11566,1.20,1.13
2013.12.02 08:40:12.820,1.11538,1.11566,1.28,1.50
2013.12.02 08:40:22.918,1.11546,1.11563,2.25,1.13
2013.12.02 08:40:23.222,1.11552,1.11577,1.58,1.13
2013.12.02 08:40:23.272,1.11552,1.11579,1.65,1.88
2013.12.02 08:40:23.475,1.11554,1.11579,1.28,1.88
2013.12.02 08:40:23.778,1.11554,1.11574,1.28,1.13
2013.12.02 08:40:24.402,1.11554,1.11574,1.28,1.13
2013.12.02 08:40:25.614,1.11554,1.11578,1.13,1.13
2013.12.02 08:40:25.942,1.11554,1.11579,1.28,1.13
2013.12.02 08:40:32.163,1.11555,1.11579,1.28,1.13
2013.12.02 08:40:37.117,1.11557,1.11581,1.50,1.20
2013.12.02 08:40:38.250,1.11556,1.11581,1.50,2.70
2013.12.02 08:40:39.062,1.11556,1.11581,1.50,2.70
2013.12.02 08:40:39.708,1.11556,1.11581,1.50,2.33
2013.12.02 08:40:39.838,1.11556,1.11581,1.58,2.33
2013.12.02 08:40:40.144,1.11557,1.11583,1.28,1.20
2013.12.02 08:40:40.449,1.11561,1.11592,1.28,1.20
2013.12.02 08:40:40.786,1.11567,1.11594,1.65,1.13
2013.12.02 08:40:40.888,1.11568,1.11595,1.20,1.95
2013.12.02 08:40:41.454,1.11569,1.11601,1.95,2.48
2013.12.02 08:40:41.667,1.11571,1.11601,1.50,1.65
2013.12.02 08:40:41.720,1.11571,1.11599,1.50,3.15
2013.12.02 08:40:42.436,1.11569,1.11598,1.95,1.58
2013.12.02 08:40:43.059,1.11569,1.11599,1.95,1.65
2013.12.02 08:40:44.085,1.11569,1.11598,1.95,1.58
2013.12.02 08:40:44.821,1.11569,1.11599,1.95,1.73
2013.12.02 08:40:45.328,1.11571,1.11594,1.13,1.20
2013.12.02 08:40:45.733,1.11565,1.11593,1.28,2.33
2013.12.02 08:40:47.372,1.11565,1.11593,1.13,2.33
2013.12.02 08:40:47.898,1.11565,1.11597,1.28,2.70
2013.12.02 08:40:48.502,1.11565,1.11596,1.28,1.58
2013.12.02 08:40:49.065,1.11565,1.11596,1.20,1.58
2013.12.02 08:40:49.571,1.11567,1.11596,1.50,1.73
2013.12.02 08:40:50.026,1.11566,1.11594,1.13,1.28
2013.12.02 08:40:53.279,1.11566,1.11596,1.13,2.10
2013.12.02 08:40:54.033,1.11566,1.11596,1.20,1.28
2013.12.02 08:40:55.561,1.11566,1.11596,1.20,1.65
2013.12.02 08:40:56.107,1.11566,1.11595,1.20,1.20
2013.12.02 08:40:56.626,1.11566,1.11595,1.20,1.20
2013.12.02 08:40:57.200,1.11566,1.1159,1.20,1.20
2013.12.02 08:40:57.833,1.11566,1.1159,1.13,1.20
2013.12.02 08:40:58.495,1.11566,1.1159,1.13,1.20
2013.12.02 08:40:59.743,1.11566,1.1159,1.13,1.20
2013.12.02 08:41:00.412,1.11566,1.11591,1.13,1.20
2013.12.02 08:41:01.671,1.11566,1.11591,1.13,1.20
2013.12.02 08:41:01.871,1.11566,1.11591,1.13,1.20
2013.12.02 08:41:02.455,1.11566,1.11591,1.13,1.20
2013.12.02 08:41:02.965,1.11566,1.11594,1.20,1.20
2013.12.02 08:41:03.475,1.11565,1.11594,1.28,1.20
2013.12.02 08:41:04.311,1.11565,1.11597,1.28,1.28
2013.12.02 08:41:05.094,1.11565,1.11599,1.28,1.73
2013.12.02 08:41:10.482,1.11565,1.11599,1.28,1.58
2013.12.02 08:41:12.107,1.11566,1.11598,1.28,2.33
2013.12.02 08:41:12.740,1.11566,1.11598,1.13,1.73
2013.12.02 08:41:13.286,1.11567,1.11598,1.50,1.73
2013.12.02 08:41:13.859,1.11567,1.11598,1.58,1.73
2013.12.02 08:41:14.539,1.11573,1.11601,1.28,1.13
2013.12.02 08:41:14.641,1.11573,1.11601,1.28,1.13
2013.12.02 08:41:15.434,1.11573,1.11601,1.28,1.50
2013.12.02 08:41:15.636,1.11573,1.11601,1.28,1.13
2013.12.02 08:41:15.838,1.11573,1.11602,1.28,2.25
2013.12.02 08:41:16.340,1.11576,1.11604,1.13,1.20
2013.12.02 08:41:16.391,1.11576,1.11604,1.13,1.20
2013.12.02 08:41:17.392,1.11573,1.11602,1.13,2.03
2013.12.02 08:41:18.449,1.11568,1.116,1.88,1.65
2013.12.02 08:41:18.907,1.11569,1.11596,1.13,1.58
2013.12.02 08:41:19.210,1.11569,1.11595,2.63,1.65
2013.12.02 08:41:19.261,1.11569,1.11595,1.88,1.65
2013.12.02 08:41:21.160,1.11569,1.1159,1.13,1.28
2013.12.02 08:41:23.545,1.11569,1.11593,1.13,1.65
2013.12.02 08:41:23.646,1.11569,1.11585,1.13,1.50
2013.12.02 08:41:24.078,1.11566,1.11585,1.13,2.63
2013.12.02 08:41:24.230,1.11563,1.11582,1.50,1.50
2013.12.02 08:41:24.332,1.11563,1.11582,1.50,1.50
2013.12.02 08:41:24.917,1.11563,1.11584,1.13,1.13
2013.12.02 08:41:25.566,1.11563,1.11593,1.13,2.03
2013.12.02 08:41:29.702,1.11563,1.11591,1.50,2.03
2013.12.02 08:41:30.221,1.11563,1.11591,1.50,1.28
2013.12.02 08:41:30.757,1.11563,1.11591,1.50,2.03
2013.12.02 08:41:30.808,1.11564,1.11591,1.50,2.03
2013.12.02 08:41:31.176,1.11566,1.11591,1.50,2.03
2013.12.02 08:41:31.492,1.11571,1.11597,1.50,3.15
2013.12.02 08:41:31.796,1.11571,1.11591,1.50,1.28
2013.12.02 08:41:32.150,1.11569,1.11594,1.50,1.28
2013.12.02 08:41:32.302,1.11569,1.11595,1.50,1.28
2013.12.02 08:41:34.142,1.11569,1.11595,1.50,2.03
2013.12.02 08:41:34.477,1.11569,1.11592,1.50,1.28
2013.12.02 08:41:34.591,1.11569,1.11595,1.50,1.28
2013.12.02 08:41:35.857,1.11566,1.11594,1.50,1.28
2013.12.02 08:41:36.881,1.11566,1.1159,1.50,1.50
2013.12.02 08:41:37.849,1.11568,1.1159,1.13,2.25
2013.12.02 08:41:38.052,1.11566,1.1159,1.50,2.25
2013.12.02 08:41:40.285,1.11569,1.11589,1.50,1.88
2013.12.02 08:41:40.601,1.11562,1.11581,1.13,2.63
2013.12.02 08:41:40.703,1.1156,1.11577,1.13,1.50
2013.12.02 08:41:40.804,1.11557,1.11581,1.50,1.50
2013.12.02 08:41:41.275,1.11555,1.1158,1.58,1.50
2013.12.02 08:41:41.377,1.11557,1.1158,2.25,1.50
2013.12.02 08:41:41.680,1.11557,1.11579,1.50,1.50
2013.12.02 08:41:42.012,1.11551,1.11578,1.50,1.50
2013.12.02 08:41:42.690,1.11556,1.11579,1.50,2.25
2013.12.02 08:41:42.879,1.11557,1.11582,1.50,2.03
2013.12.02 08:41:43.032,1.11558,1.11588,2.33,1.13
2013.12.02 08:41:43.493,1.11557,1.11589,3.15,2.70
2013.12.02 08:41:44.048,1.11558,1.11589,1.50,1.28
2013.12.02 08:41:45.629,1.1156,1.11591,1.58,2.03
2013.12.02 08:41:45.731,1.11565,1.11592,1.50,2.03
2013.12.02 08:41:45.833,1.11561,1.11592,1.58,2.03
2013.12.02 08:41:46.363,1.11561,1.11591,1.65,1.13
2013.12.02 08:41:48.824,1.11561,1.11591,1.50,2.03
2013.12.02 08:41:49.142,1.11561,1.11585,1.50,1.65
2013.12.02 08:41:49.788,1.11557,1.11587,1.50,2.03
2013.12.02 08:41:51.968,1.11557,1.11587,1.50,2.03
2013.12.02 08:42:00.402,1.11562,1.11591,1.50,1.65
2013.12.02 08:42:00.756,1.11562,1.11591,1.50,1.65
2013.12.02 08:42:01.961,1.11559,1.11588,1.50,1.28
2013.12.02 08:42:02.434,1.11558,1.11585,1.50,1.65
2013.12.02 08:42:02.485,1.11557,1.11583,1.50,1.65
2013.12.02 08:42:02.536,1.11557,1.11581,1.50,1.65
2013.12.02 08:42:02.739,1.11559,1.11584,1.50,1.28
2013.12.02 08:42:02.992,1.11554,1.11585,2.25,1.65
2013.12.02 08:42:03.093,1.11557,1.11585,1.50,3.83
2013.12.02 08:42:03.195,1.11557,1.11583,1.50,1.65
2013.12.02 08:42:03.296,1.11557,1.11588,2.25,1.65
2013.12.02 08:42:03.954,1.11562,1.11591,2.25,3.15
2013.12.02 08:42:04.504,1.11558,1.11587,3.00,1.28
2013.12.02 08:42:07.627,1.11566,1.1159,1.50,1.95
2013.12.02 08:42:07.678,1.11566,1.1159,1.50,1.20
2013.12.02 08:42:07.779,1.11566,1.11594,1.50,1.28
2013.12.02 08:42:07.932,1.11564,1.11594,1.50,1.65
2013.12.02 08:42:08.237,1.11568,1.11594,1.50,2.44
2013.12.02 08:42:08.390,1.11567,1.11593,1.50,2.07
2013.12.02 08:42:08.441,1.11563,1.11593,2.33,1.95
2013.12.02 08:42:08.492,1.11563,1.11592,2.33,1.28
2013.12.02 08:42:08.795,1.11563,1.11589,1.50,1.28
2013.12.02 08:42:09.100,1.11571,1.11593,1.50,2.25
2013.12.02 08:42:09.202,1.11566,1.11591,1.50,1.20
2013.12.02 08:42:09.707,1.11562,1.11592,2.25,1.65
2013.12.02 08:42:09.758,1.11562,1.11592,1.50,2.40
2013.12.02 08:42:09.936,1.11562,1.11591,1.50,1.28
2013.12.02 08:42:16.034,1.1156,1.11591,1.50,1.65
2013.12.02 08:42:16.735,1.1156,1.11591,1.50,2.03
2013.12.02 08:42:19.578,1.11561,1.11591,1.50,2.03
2013.12.02 08:42:20.382,1.11561,1.11594,1.50,1.65
2013.12.02 08:42:20.534,1.11566,1.11596,1.50,2.03
2013.12.02 08:42:20.585,1.11561,1.11595,1.58,1.65
2013.12.02 08:42:20.636,1.11561,1.11595,1.65,1.65
2013.12.02 08:42:20.738,1.11561,1.11594,1.50,1.65
2013.12.02 08:42:20.893,1.11561,1.11592,1.50,1.65
2013.12.02 08:42:20.944,1.11561,1.11592,1.58,1.65
2013.12.02 08:42:20.995,1.11563,1.11592,1.58,1.58
2013.12.02 08:42:21.147,1.11561,1.11593,2.40,1.58
2013.12.02 08:42:21.198,1.11561,1.11587,2.25,1.28
2013.12.02 08:42:21.704,1.11561,1.11592,2.25,1.28
2013.12.02 08:42:21.755,1.11561,1.11592,2.25,1.28
2013.12.02 08:42:22.348,1.11561,1.11593,1.50,1.28
2013.12.02 08:42:22.696,1.11561,1.11592,1.50,1.28
2013.12.02 08:42:22.849,1.11561,1.11592,1.50,1.28
2013.12.02 08:42:23.599,1.11559,1.1159,2.25,2.03
2013.12.02 08:42:23.712,1.11559,1.11588,1.50,2.40
2013.12.02 08:42:24.240,1.11558,1.11588,1.50,2.40
2013.12.02 08:42:24.392,1.11558,1.11588,1.50,2.40
2013.12.02 08:42:25.519,1.11558,1.11588,1.50,2.40
2013.12.02 08:42:26.101,1.11558,1.11588,1.50,2.40
2013.12.02 08:42:26.649,1.11558,1.11588,1.50,1.65
2013.12.02 08:42:26.700,1.11559,1.11588,1.50,1.65
2013.12.02 08:42:28.089,1.11558,1.11589,2.25,1.65
2013.12.02 08:42:28.627,1.11558,1.11589,2.25,2.40
2013.12.02 08:42:29.872,1.11558,1.11589,2.25,2.03
2013.12.02 08:42:29.990,1.11558,1.11589,2.25,2.03
2013.12.02 08:42:30.847,1.11562,1.1159,1.50,2.03
2013.12.02 08:42:31.269,1.11562,1.1159,1.50,2.03
2013.12.02 08:42:31.791,1.11559,1.1159,3.00,3.15
2013.12.02 08:42:32.311,1.11562,1.1159,1.50,1.65
2013.12.02 08:42:33.066,1.11559,1.11589,2.25,1.65
2013.12.02 08:42:42.390,1.11562,1.1159,1.50,1.58
2013.12.02 08:42:42.930,1.11562,1.11593,2.25,1.65
2013.12.02 08:42:43.234,1.11564,1.11597,1.50,2.40
2013.12.02 08:42:43.487,1.11566,1.11597,1.50,2.78
2013.12.02 08:42:44.892,1.11565,1.11597,1.58,2.40
2013.12.02 08:42:44.993,1.11565,1.11596,1.58,1.28
2013.12.02 08:42:45.299,1.11567,1.11597,1.50,2.40
2013.12.02 08:42:45.881,1.11571,1.11598,1.50,2.03
2013.12.02 08:42:46.134,1.11571,1.11602,1.50,1.28
2013.12.02 08:42:54.897,1.11571,1.11598,1.50,1.20
2013.12.02 08:42:54.998,1.11571,1.11598,1.50,1.20
2013.12.02 08:43:03.688,1.11568,1.11599,1.50,1.28
2013.12.02 08:43:03.891,1.11565,1.11598,1.58,2.03
2013.12.02 08:43:04.062,1.11566,1.11598,1.50,2.03
2013.12.02 08:43:06.120,1.11562,1.11595,2.25,1.28
2013.12.02 08:43:16.535,1.11561,1.11594,1.50,1.28
2013.12.02 08:43:20.795,1.11563,1.11595,1.50,2.03
2013.12.02 08:43:20.998,1.11565,1.11595,3.00,1.20
2013.12.02 08:43:21.200,1.11565,1.11593,3.00,1.20
2013.12.02 08:43:21.302,1.11565,1.11593,3.00,1.20
2013.12.02 08:43:21.629,1.11566,1.11595,3.75,1.28
2013.12.02 08:43:21.731,1.11566,1.11595,3.75,1.28
2013.12.02 08:43:22.559,1.11567,1.11597,1.50,1.28
2013.12.02 08:43:22.661,1.11565,1.11596,2.25,1.28
2013.12.02 08:43:22.965,1.11566,1.11596,1.50,1.28
2013.12.02 08:43:23.117,1.11566,1.11596,1.50,1.28
2013.12.02 08:43:23.218,1.11564,1.11594,1.50,1.65
2013.12.02 08:43:23.319,1.11564,1.11594,1.50,1.65
2013.12.02 08:43:23.521,1.11565,1.11596,1.50,1.65
2013.12.02 08:43:23.673,1.11565,1.11596,1.50,1.65
2013.12.02 08:43:24.128,1.11565,1.11596,1.50,1.65
2013.12.02 08:43:29.376,1.11564,1.11591,2.25,1.50
2013.12.02 08:43:29.427,1.11564,1.11591,1.50,1.65
2013.12.02 08:43:30.646,1.11562,1.11591,2.25,1.65
2013.12.02 08:43:31.570,1.11564,1.11591,1.50,1.65
2013.12.02 08:43:31.913,1.11564,1.11587,2.25,1.50
2013.12.02 08:43:32.476,1.11564,1.11587,1.50,2.03
2013.12.02 08:43:32.797,1.11564,1.11586,1.50,1.13
2013.12.02 08:43:33.000,1.1156,1.11575,1.50,2.25
2013.12.02 08:43:33.203,1.11558,1.11582,1.50,1.95
2013.12.02 08:43:33.254,1.11557,1.11584,1.50,1.50
2013.12.02 08:43:33.355,1.11557,1.11584,1.50,1.50
2013.12.02 08:43:33.559,1.11558,1.11584,2.33,1.13
2013.12.02 08:43:33.610,1.11559,1.11586,1.50,1.50
2013.12.02 08:43:33.763,1.11559,1.11589,1.58,1.58
2013.12.02 08:43:33.814,1.1156,1.11593,1.65,1.20
2013.12.02 08:43:34.118,1.11561,1.11592,1.65,1.13
2013.12.02 08:43:36.227,1.11561,1.1159,1.50,1.28
2013.12.02 08:43:37.237,1.11558,1.11589,1.50,1.28
2013.12.02 08:43:37.491,1.11558,1.11592,1.65,1.58
2013.12.02 08:43:38.266,1.11558,1.11592,1.58,1.65
2013.12.02 08:43:38.772,1.11561,1.11592,2.25,1.28
2013.12.02 08:43:39.204,1.11563,1.11592,1.50,1.28
2013.12.02 08:43:39.724,1.11562,1.11592,2.25,1.28
2013.12.02 08:43:40.028,1.11562,1.11593,1.50,2.40
2013.12.02 08:43:40.635,1.11563,1.11587,1.50,1.13
2013.12.02 08:43:40.787,1.11559,1.11587,3.38,1.28
2013.12.02 08:43:41.067,1.11559,1.11588,2.25,2.03
2013.12.02 08:43:41.625,1.11559,1.11588,2.25,2.03
2013.12.02 08:43:42.834,1.11559,1.11588,2.25,1.65
2013.12.02 08:43:43.408,1.11559,1.11588,1.50,1.65
2013.12.02 08:43:45.533,1.11558,1.11588,1.28,1.50
2013.12.02 08:43:45.737,1.11561,1.11592,1.65,1.50
2013.12.02 08:43:46.243,1.11562,1.11595,1.65,1.28
2013.12.02 08:43:47.326,1.11564,1.11595,2.25,1.28
2013.12.02 08:43:47.428,1.11564,1.11597,2.25,1.28
2013.12.02 08:43:47.734,1.11564,1.11597,1.50,1.28
2013.12.02 08:43:48.021,1.11567,1.11599,1.50,2.03
2013.12.02 08:44:03.459,1.11568,1.11599,1.65,2.03
2013.12.02 08:44:03.560,1.11567,1.11603,2.40,1.73
2013.12.02 08:44:03.914,1.11568,1.11603,1.28,1.35
2013.12.02 08:44:05.447,1.11572,1.11603,1.58,2.03
2013.12.02 08:44:06.413,1.11573,1.11603,1.50,2.03
2013.12.02 08:44:06.514,1.11571,1.11603,2.25,1.35
2013.12.02 08:44:06.667,1.11571,1.11596,1.50,1.13
2013.12.02 08:44:06.970,1.11568,1.11593,2.33,1.13
2013.12.02 08:44:07.224,1.11568,1.11593,1.50,1.28
2013.12.02 08:44:07.426,1.11565,1.11592,1.50,1.65
2013.12.02 08:44:07.749,1.11565,1.11592,1.50,1.65
2013.12.02 08:44:08.308,1.11567,1.11593,1.50,1.50
2013.12.02 08:44:08.376,1.11567,1.11593,1.50,1.50
2013.12.02 08:44:09.740,1.11568,1.11593,1.50,1.50
2013.12.02 08:44:12.421,1.11569,1.11593,1.58,1.13
2013.12.02 08:44:12.928,1.11569,1.116,1.50,1.65
2013.12.02 08:44:13.258,1.11569,1.116,1.50,1.65
2013.12.02 08:44:13.359,1.11569,1.116,1.50,1.65
2013.12.02 08:44:14.937,1.11569,1.116,1.50,1.65
2013.12.02 08:44:14.988,1.11571,1.11598,1.50,1.28
2013.12.02 08:44:27.680,1.11568,1.11598,1.20,1.28
2013.12.02 08:44:28.606,1.11568,1.11598,1.13,3.45
2013.12.02 08:44:28.873,1.11564,1.11582,1.50,1.50
2013.12.02 08:44:28.926,1.11562,1.11594,2.33,3.15
2013.12.02 08:44:28.977,1.11562,1.11594,2.40,1.28
2013.12.02 08:44:32.245,1.11562,1.11594,1.58,1.65
2013.12.02 08:44:32.550,1.11562,1.11594,1.50,1.65
2013.12.02 08:44:33.387,1.11562,1.11584,1.50,1.50
2013.12.02 08:44:33.691,1.11561,1.11591,1.50,2.03
2013.12.02 08:44:34.070,1.11561,1.11591,1.65,1.13
2013.12.02 08:44:34.172,1.11561,1.11594,2.40,2.78
2013.12.02 08:44:36.316,1.11563,1.11593,1.50,1.13
2013.12.02 08:44:36.419,1.11563,1.11594,1.50,1.65
2013.12.02 08:44:36.672,1.11567,1.11596,1.50,1.20
2013.12.02 08:44:38.735,1.11567,1.11598,1.50,2.40
2013.12.02 08:44:39.092,1.11569,1.11598,1.50,2.40
2013.12.02 08:44:39.194,1.11569,1.11594,1.50,1.50
2013.12.02 08:44:39.397,1.11572,1.11598,1.50,1.65
2013.12.02 08:44:39.448,1.11572,1.11597,1.50,1.28
2013.12.02 08:44:39.976,1.11568,1.11597,1.50,2.03
2013.12.02 08:44:40.298,1.11568,1.11597,1.50,1.28
2013.12.02 08:44:40.990,1.11572,1.11597,1.50,1.28
2013.12.02 08:44:41.651,1.11569,1.11597,1.50,1.28
2013.12.02 08:44:41.866,1.11569,1.11597,1.50,1.28
2013.12.02 08:44:42.418,1.11572,1.11598,1.50,2.03
2013.12.02 08:44:43.261,1.11565,1.11598,1.65,2.40
2013.12.02 08:44:43.783,1.1157,1.11598,1.50,2.03
2013.12.02 08:44:43.834,1.11567,1.11598,1.50,2.03
2013.12.02 08:44:43.936,1.11566,1.11595,1.65,1.50
2013.12.02 08:44:44.087,1.11566,1.11594,1.65,1.50
2013.12.02 08:44:44.416,1.11566,1.11584,1.50,1.58
2013.12.02 08:44:44.467,1.11557,1.11583,3.00,1.58
2013.12.02 08:44:44.569,1.11557,1.11582,2.25,1.65
2013.12.02 08:44:45.127,1.11556,1.11584,1.50,1.65
2013.12.02 08:44:45.437,1.11551,1.11584,1.50,1.65
2013.12.02 08:44:46.329,1.1155,1.11582,1.50,1.65
2013.12.02 08:44:46.583,1.1155,1.11581,1.50,1.65
2013.12.02 08:44:46.684,1.1155,1.11579,1.50,1.65
2013.12.02 08:44:47.039,1.1155,1.11579,1.50,1.58
2013.12.02 08:44:47.140,1.1155,1.11582,1.50,1.65
2013.12.02 08:44:48.790,1.1155,1.11581,1.50,1.65
2013.12.02 08:44:49.573,1.1155,1.11582,1.50,1.65
2013.12.02 08:44:51.724,1.1155,1.11583,2.25,2.40
2013.12.02 08:44:51.886,1.1155,1.11582,2.25,1.65
2013.12.02 08:44:51.937,1.1155,1.11581,1.50,1.65
2013.12.02 08:44:54.367,1.11547,1.11581,1.50,2.03
2013.12.02 08:44:57.347,1.1155,1.11581,1.50,2.03
2013.12.02 08:45:12.079,1.1155,1.11581,1.50,2.40
2013.12.02 08:45:14.810,1.11551,1.11581,2.40,1.13
2013.12.02 08:45:14.911,1.11557,1.11588,1.58,1.50
2013.12.02 08:45:15.215,1.11576,1.11596,2.25,2.25
2013.12.02 08:45:15.266,1.11576,1.11596,2.25,2.25
2013.12.02 08:45:15.418,1.11568,1.11597,1.58,1.32
2013.12.02 08:45:15.570,1.11566,1.11589,1.50,1.02
2013.12.02 08:45:15.823,1.11555,1.11584,1.13,1.84
2013.12.02 08:45:15.874,1.11556,1.11585,1.13,1.28
2013.12.02 08:45:16.399,1.11553,1.11586,2.63,3.53
2013.12.02 08:45:16.947,1.11553,1.11582,1.50,1.28
2013.12.02 08:45:17.907,1.11557,1.11586,1.50,2.78
2013.12.02 08:45:18.211,1.11557,1.11586,1.50,2.03
2013.12.02 08:45:20.986,1.11552,1.11583,1.50,1.28
2013.12.02 08:45:21.613,1.11551,1.11583,1.65,1.28
2013.12.02 08:45:31.700,1.11554,1.11586,1.50,1.28
2013.12.02 08:45:34.226,1.11553,1.11584,1.13,1.28
2013.12.02 08:45:34.452,1.11553,1.11584,1.88,1.28
2013.12.02 08:45:34.553,1.11555,1.11584,1.50,1.28
2013.12.02 08:45:35.111,1.11554,1.11584,1.50,1.28
2013.12.02 08:45:35.620,1.11553,1.11586,1.13,1.28
2013.12.02 08:45:36.607,1.11553,1.11586,1.13,1.28
2013.12.02 08:45:41.229,1.11551,1.11584,1.58,1.28
2013.12.02 08:45:41.693,1.11551,1.11584,1.50,1.28
2013.12.02 08:45:41.795,1.11551,1.11582,1.50,1.28
2013.12.02 08:45:42.002,1.11551,1.11579,1.50,1.28
2013.12.02 08:45:43.768,1.11551,1.11578,1.50,3.08
2013.12.02 08:45:44.072,1.11537,1.11558,1.50,2.40
2013.12.02 08:45:44.224,1.11535,1.11556,1.13,2.40
2013.12.02 08:45:44.276,1.11535,1.11555,1.13,1.65
2013.12.02 08:45:44.377,1.11529,1.11555,1.50,2.33
2013.12.02 08:45:44.428,1.11529,1.11555,1.50,2.33
2013.12.02 08:45:44.631,1.11529,1.11555,1.50,1.58
2013.12.02 08:45:44.683,1.11529,1.11556,1.50,2.78
2013.12.02 08:45:45.296,1.11529,1.11554,1.50,1.20
2013.12.02 08:45:46.920,1.11528,1.11552,1.50,1.50
2013.12.02 08:45:47.072,1.11529,1.11556,2.25,2.25
2013.12.02 08:45:47.122,1.1153,1.11556,1.50,2.25
2013.12.02 08:45:47.628,1.11532,1.11557,1.50,2.40
2013.12.02 08:45:48.154,1.11529,1.11556,3.00,2.25
2013.12.02 08:45:48.676,1.11529,1.11555,3.00,1.50
2013.12.02 08:45:51.910,1.11529,1.11555,2.25,2.33
2013.12.02 08:45:52.236,1.11528,1.11547,1.50,1.50
2013.12.02 08:45:52.540,1.11526,1.11544,2.25,1.50
2013.12.02 08:45:52.641,1.11526,1.11544,2.33,1.50
2013.12.02 08:45:53.154,1.11526,1.11544,2.25,1.50
2013.12.02 08:45:53.859,1.11526,1.11544,2.33,1.50
2013.12.02 08:45:54.565,1.11526,1.1155,2.25,1.65
2013.12.02 08:45:54.717,1.11526,1.11548,2.33,1.50
2013.12.02 08:45:55.364,1.11526,1.11548,2.25,1.50
2013.12.02 08:45:55.415,1.11526,1.11548,2.25,1.50
2013.12.02 08:45:55.758,1.11526,1.11543,1.50,1.50
2013.12.02 08:45:56.221,1.11526,1.11546,1.58,1.50
2013.12.02 08:45:56.891,1.11526,1.11548,1.58,1.50
2013.12.02 08:45:58.936,1.11526,1.11552,1.58,2.40
2013.12.02 08:45:59.037,1.11526,1.11553,1.50,1.58
2013.12.02 08:45:59.240,1.11529,1.11558,1.50,1.28
2013.12.02 08:46:00.371,1.11529,1.11558,1.50,1.28
2013.12.02 08:46:01.698,1.11529,1.11556,1.65,1.13
2013.12.02 08:46:01.901,1.11526,1.11556,1.65,1.13
2013.12.02 08:46:02.643,1.11529,1.11556,1.50,1.13
2013.12.02 08:46:05.598,1.11529,1.11558,1.50,1.13
2013.12.02 08:46:07.136,1.11526,1.11558,1.73,1.13
2013.12.02 08:46:08.302,1.11527,1.11558,1.58,1.28
2013.12.02 08:46:10.888,1.11529,1.11558,1.50,1.28
2013.12.02 08:46:10.990,1.11529,1.1156,1.58,1.28
2013.12.02 08:46:11.142,1.11531,1.1156,1.50,1.28
2013.12.02 08:46:11.752,1.11529,1.1156,1.50,1.28
2013.12.02 08:46:13.606,1.11528,1.11557,1.50,1.28
2013.12.02 08:46:14.468,1.11527,1.11557,1.50,1.95
2013.12.02 08:46:14.580,1.11529,1.11557,1.50,1.95
2013.12.02 08:46:14.732,1.11529,1.11558,1.58,1.95
2013.12.02 08:46:14.884,1.11531,1.11558,1.50,1.20
2013.12.02 08:46:15.253,1.11528,1.11558,2.25,2.03
2013.12.02 08:46:15.456,1.11528,1.11558,1.50,2.03
2013.12.02 08:46:16.349,1.1153,1.11559,1.50,1.28
2013.12.02 08:46:16.451,1.11532,1.1156,1.50,1.65
2013.12.02 08:46:16.653,1.1153,1.11564,1.95,1.65
2013.12.02 08:46:16.705,1.11531,1.11564,1.65,1.58
2013.12.02 08:46:16.756,1.11531,1.11564,1.58,1.58
2013.12.02 08:46:17.320,1.1153,1.1156,1.88,1.65
2013.12.02 08:46:22.066,1.11531,1.11558,1.88,1.28
2013.12.02 08:46:23.118,1.11531,1.11558,1.13,2.78
2013.12.02 08:46:24.613,1.11531,1.11557,1.88,2.25
2013.12.02 08:46:25.942,1.11531,1.11555,1.88,2.25
2013.12.02 08:46:26.591,1.11532,1.11556,1.50,2.25
2013.12.02 08:46:27.591,1.11532,1.11557,1.50,2.25
2013.12.02 08:46:28.064,1.11532,1.11557,1.50,2.25
2013.12.02 08:46:28.581,1.11531,1.11557,1.50,2.25
2013.12.02 08:46:28.786,1.1153,1.11556,1.50,2.25
2013.12.02 08:46:29.926,1.11527,1.11555,1.65,1.88
2013.12.02 08:46:30.581,1.11527,1.11554,1.50,2.25
2013.12.02 08:46:31.461,1.11528,1.11553,1.50,2.25
2013.12.02 08:46:33.940,1.11527,1.11555,1.58,1.13
2013.12.02 08:46:34.556,1.1153,1.11558,1.50,2.78
2013.12.02 08:46:34.707,1.1153,1.11558,1.50,2.03
2013.12.02 08:46:36.664,1.11531,1.11559,1.50,1.65
2013.12.02 08:46:37.185,1.11529,1.11556,1.50,1.50
2013.12.02 08:46:38.058,1.11525,1.11556,1.73,1.50
2013.12.02 08:46:38.343,1.11526,1.11558,1.50,1.65
2013.12.02 08:46:38.445,1.11525,1.11556,1.65,1.58
2013.12.02 08:46:47.629,1.11525,1.11556,1.58,1.65
2013.12.02 08:46:48.058,1.1153,1.11558,2.25,1.65
2013.12.02 08:46:48.836,1.11532,1.11561,1.50,1.28
2013.12.02 08:46:48.937,1.11535,1.11561,1.50,1.28
2013.12.02 08:46:50.796,1.11536,1.11565,1.50,2.03
2013.12.02 08:46:50.847,1.11536,1.11565,1.50,2.03
2013.12.02 08:46:54.554,1.11533,1.11563,1.50,1.65
2013.12.02 08:46:55.078,1.11534,1.1156,1.50,1.13
2013.12.02 08:46:55.231,1.11534,1.1156,1.50,2.03
2013.12.02 08:46:55.332,1.11533,1.1156,1.50,1.28
2013.12.02 08:46:55.434,1.11532,1.11556,1.50,1.13
2013.12.02 08:46:55.738,1.11528,1.11556,2.25,1.13
2013.12.02 08:46:56.303,1.11528,1.11556,2.25,1.13
2013.12.02 08:46:57.256,1.11529,1.11555,1.50,1.28
2013.12.02 08:46:57.769,1.11529,1.11555,1.50,1.28
2013.12.02 08:46:58.578,1.11529,1.11555,1.50,1.28
2013.12.02 08:46:58.679,1.11529,1.11555,1.50,1.28
2013.12.02 08:46:59.314,1.11529,1.11554,1.50,1.20
2013.12.02 08:47:00.023,1.11529,1.11554,1.50,1.20
2013.12.02 08:47:00.713,1.11528,1.11554,1.50,1.20
2013.12.02 08:47:01.359,1.11528,1.11556,2.25,1.13
2013.12.02 08:47:01.893,1.11529,1.11556,1.50,1.13
2013.12.02 08:47:03.556,1.11529,1.11556,1.50,1.13
2013.12.02 08:47:05.475,1.11528,1.11556,2.25,1.13
2013.12.02 08:47:05.990,1.11529,1.11557,1.50,1.95
2013.12.02 08:47:06.575,1.11529,1.11557,1.50,1.95
2013.12.02 08:47:07.777,1.11529,1.11557,1.50,1.95
2013.12.02 08:47:07.879,1.11529,1.11557,1.50,1.95
2013.12.02 08:47:09.927,1.11529,1.11556,1.58,1.13
2013.12.02 08:47:11.578,1.11529,1.11556,1.58,1.13
2013.12.02 08:47:12.155,1.11529,1.11556,2.33,1.13
2013.12.02 08:47:15.941,1.11529,1.11556,1.50,1.20
2013.12.02 08:47:16.482,1.11529,1.11556,1.50,1.20
2013.12.02 08:47:17.142,1.11529,1.11556,1.50,1.20
2013.12.02 08:47:17.800,1.11529,1.11557,1.50,1.95
2013.12.02 08:47:18.777,1.11532,1.11557,1.50,1.95
2013.12.02 08:47:19.285,1.11532,1.11557,1.50,1.58
2013.12.02 08:47:19.831,1.11532,1.11557,1.50,1.58
2013.12.02 08:47:21.000,1.11529,1.11557,1.50,1.95
2013.12.02 08:47:21.152,1.11529,1.11555,1.50,1.13
2013.12.02 08:47:21.304,1.1153,1.11555,1.50,1.13
2013.12.02 08:47:21.811,1.11531,1.11558,1.50,3.15
2013.12.02 08:47:22.988,1.1153,1.11556,2.25,1.20
2013.12.02 08:47:23.241,1.11528,1.11556,1.50,1.20
2013.12.02 08:47:25.616,1.11528,1.11558,1.58,1.58
2013.12.02 08:47:26.154,1.11528,1.11558,1.65,1.50
2013.12.02 08:47:26.826,1.11528,1.11558,1.58,1.13
2013.12.02 08:47:28.343,1.11527,1.11557,1.65,1.88
2013.12.02 08:47:28.563,1.11528,1.11557,1.58,1.13
2013.12.02 08:47:29.334,1.11528,1.11557,1.58,1.13
2013.12.02 08:47:35.669,1.11528,1.11554,1.58,1.13
2013.12.02 08:47:37.649,1.11525,1.11553,2.03,1.13
2013.12.02 08:47:38.179,1.11528,1.11553,1.65,1.13
2013.12.02 08:47:38.700,1.11528,1.11553,1.65,1.13
2013.12.02 08:47:38.953,1.11529,1.11559,1.65,1.88
2013.12.02 08:47:41.919,1.11532,1.1156,1.50,1.13
2013.12.02 08:47:42.222,1.11533,1.11563,1.50,1.20
2013.12.02 08:47:42.728,1.11534,1.11563,2.40,1.13
2013.12.02 08:47:43.707,1.11535,1.11564,1.65,1.88
2013.12.02 08:47:43.930,1.11534,1.11564,1.65,1.88
2013.12.02 08:47:44.081,1.11535,1.11564,1.65,1.13
2013.12.02 08:47:47.043,1.11535,1.11565,3.15,1.13
2013.12.02 08:47:47.246,1.11542,1.11573,1.65,2.03
2013.12.02 08:47:49.974,1.11542,1.11573,1.65,2.03
2013.12.02 08:47:50.485,1.11542,1.11573,1.65,2.03
2013.12.02 08:47:51.684,1.11544,1.11573,1.65,1.13
2013.12.02 08:47:51.735,1.11546,1.11578,1.65,1.20
2013.12.02 08:47:51.938,1.11546,1.11578,1.65,1.20
2013.12.02 08:47:52.462,1.11546,1.11578,1.65,1.20
2013.12.02 08:47:53.528,1.11546,1.11578,1.65,1.20
2013.12.02 08:48:01.412,1.11547,1.1158,1.65,1.13
2013.12.02 08:48:01.563,1.11547,1.11583,2.40,2.03
2013.12.02 08:48:01.978,1.11547,1.11583,2.40,1.95
2013.12.02 08:48:02.526,1.11552,1.11583,1.65,1.88
2013.12.02 08:48:02.653,1.11552,1.11583,1.65,1.13
2013.12.02 08:48:05.415,1.11552,1.11583,1.50,1.28
2013.12.02 08:48:05.517,1.11556,1.11585,1.50,2.03
2013.12.02 08:48:05.669,1.11558,1.11585,1.50,1.13
2013.12.02 08:48:05.771,1.11561,1.11589,1.50,1.65
2013.12.02 08:48:06.277,1.11558,1.11587,1.65,1.50
2013.12.02 08:48:06.446,1.11558,1.11587,1.65,1.50
2013.12.02 08:48:07.862,1.11557,1.11586,1.65,1.13
2013.12.02 08:48:07.914,1.11556,1.11586,1.65,1.88
2013.12.02 08:48:07.965,1.11556,1.11582,1.50,1.50
2013.12.02 08:48:08.118,1.11557,1.11582,1.50,1.50
2013.12.02 08:48:08.169,1.11557,1.11584,1.50,1.50
2013.12.02 08:48:08.272,1.1156,1.11586,1.50,1.20
2013.12.02 08:48:08.704,1.1156,1.11589,1.65,1.13
2013.12.02 08:48:09.661,1.11553,1.11587,2.40,1.20
2013.12.02 08:48:09.711,1.11553,1.11587,1.65,1.28
2013.12.02 08:48:10.223,1.11551,1.11587,2.03,1.28
2013.12.02 08:48:13.638,1.11556,1.11588,1.65,1.65
2013.12.02 08:48:15.479,1.11552,1.11587,1.65,2.03
2013.12.02 08:48:15.530,1.11552,1.11587,1.65,2.03
2013.12.02 08:48:15.581,1.11549,1.11587,1.65,2.03
2013.12.02 08:48:18.652,1.11549,1.11582,1.65,1.58
2013.12.02 08:48:18.754,1.11547,1.11578,1.65,2.25
2013.12.02 08:48:19.258,1.11546,1.11581,2.40,1.65
2013.12.02 08:48:22.475,1.11543,1.11581,1.65,1.65
2013.12.02 08:48:23.605,1.11542,1.11578,2.03,2.40
2013.12.02 08:48:24.060,1.11542,1.11573,1.65,1.50
2013.12.02 08:48:24.162,1.11542,1.11574,1.65,1.13
2013.12.02 08:48:24.465,1.11546,1.11573,1.65,1.13
2013.12.02 08:48:24.984,1.11546,1.11573,1.65,1.13
2013.12.02 08:48:25.898,1.11546,1.11573,1.65,1.13
2013.12.02 08:48:26.279,1.11544,1.11574,1.28,1.13
2013.12.02 08:48:26.817,1.11544,1.11574,1.28,1.13
2013.12.02 08:48:30.762,1.11544,1.11573,1.28,1.13
2013.12.02 08:48:31.418,1.11544,1.11577,1.28,1.32
2013.12.02 08:48:32.200,1.11546,1.11576,1.65,1.88
2013.12.02 08:48:32.708,1.11542,1.11577,1.65,1.20
2013.12.02 08:48:34.572,1.11542,1.11577,1.65,1.20
2013.12.02 08:48:34.799,1.11542,1.11577,1.65,1.95
2013.12.02 08:48:41.246,1.11547,1.11577,1.65,1.88
2013.12.02 08:48:42.294,1.11542,1.11577,1.65,1.28
2013.12.02 08:48:43.613,1.11542,1.11578,1.65,2.03
2013.12.02 08:48:44.256,1.11544,1.11578,1.65,1.95
2013.12.02 08:48:44.458,1.11545,1.1158,6.00,1.13
2013.12.02 08:48:44.509,1.11547,1.11583,1.28,1.88
2013.12.02 08:48:44.739,1.11548,1.11583,1.65,1.95
2013.12.02 08:48:45.306,1.11548,1.11583,1.65,1.95
2013.12.02 08:48:46.346,1.11548,1.11583,1.65,1.20
2013.12.02 08:48:46.895,1.11548,1.11583,1.65,1.20
2013.12.02 08:48:48.872,1.11548,1.11583,1.65,1.20
2013.12.02 08:48:49.975,1.11548,1.11583,1.65,1.20
2013.12.02 08:48:50.121,1.11548,1.11583,1.65,1.20
2013.12.02 08:48:50.424,1.11553,1.11586,1.65,1.28
2013.12.02 08:48:50.665,1.11548,1.11582,1.28,1.28
2013.12.02 08:48:53.141,1.11548,1.11582,1.28,2.03
2013.12.02 08:49:00.744,1.11546,1.11581,1.50,1.28
2013.12.02 08:49:00.794,1.11546,1.1158,1.50,2.03
2013.12.02 08:49:09.641,1.11546,1.1158,1.58,1.95
2013.12.02 08:49:09.692,1.11546,1.11579,1.65,1.13
2013.12.02 08:49:09.793,1.11546,1.11579,1.50,2.03
2013.12.02 08:49:10.255,1.11546,1.11579,1.50,1.28
2013.12.02 08:49:13.694,1.11547,1.11578,1.50,1.65
2013.12.02 08:49:14.052,1.11547,1.11581,1.58,1.65
2013.12.02 08:49:15.194,1.11542,1.11581,1.65,1.65
2013.12.02 08:49:15.498,1.11542,1.11581,1.65,2.03
2013.12.02 08:49:20.927,1.11547,1.11581,1.65,1.28
2013.12.02 08:49:22.863,1.11543,1.11582,1.65,1.28
2013.12.02 08:49:23.116,1.11541,1.11579,1.65,2.40
2013.12.02 08:49:23.217,1.1154,1.11573,3.08,1.58
2013.12.02 08:49:23.268,1.1154,1.11573,2.70,1.65
2013.12.02 08:49:33.432,1.1154,1.11576,1.58,2.03
2013.12.02 08:49:34.356,1.11546,1.11577,1.50,1.65
2013.12.02 08:49:34.407,1.1155,1.11578,1.50,1.65
2013.12.02 08:49:34.459,1.1155,1.11582,1.50,1.65
2013.12.02 08:49:34.965,1.11549,1.11585,2.40,1.28
2013.12.02 08:49:35.252,1.11557,1.11588,2.25,3.90
2013.12.02 08:49:35.663,1.11552,1.11586,2.63,2.40
2013.12.02 08:49:35.866,1.11559,1.11588,1.50,3.15
2013.12.02 08:49:36.068,1.11557,1.11588,1.50,3.15
2013.12.02 08:49:36.170,1.11557,1.11588,1.50,3.15
2013.12.02 08:49:36.474,1.11549,1.11584,3.75,3.08
2013.12.02 08:49:36.626,1.11549,1.11583,3.08,1.65
2013.12.02 08:49:36.676,1.1155,1.11582,1.58,1.65
2013.12.02 08:49:37.081,1.11547,1.11578,1.88,1.65
2013.12.02 08:49:37.284,1.11542,1.11578,2.40,1.65
2013.12.02 08:49:42.951,1.11542,1.11578,1.58,1.65
2013.12.02 08:49:48.953,1.11534,1.11571,1.65,1.58
2013.12.02 08:49:49.004,1.11534,1.1157,1.65,1.65
2013.12.02 08:49:49.107,1.11532,1.1157,2.40,1.65
2013.12.02 08:49:49.259,1.11532,1.11571,1.65,2.40
2013.12.02 08:49:53.343,1.11532,1.11572,1.65,2.03
2013.12.02 08:49:53.917,1.11536,1.11571,1.65,1.28
2013.12.02 08:49:54.018,1.11542,1.11572,1.58,1.65
2013.12.02 08:49:54.327,1.11537,1.11571,1.65,1.58
2013.12.02 08:49:54.479,1.11537,1.11568,1.58,2.33
2013.12.02 08:49:54.530,1.11537,1.11568,1.50,2.40
2013.12.02 08:49:55.042,1.11533,1.11567,1.58,1.65
2013.12.02 08:49:55.347,1.11533,1.11567,1.50,1.65
2013.12.02 08:49:56.504,1.11533,1.11564,1.50,1.65
2013.12.02 08:49:59.409,1.11533,1.11562,1.50,1.65
2013.12.02 08:49:59.814,1.11528,1.1156,1.13,1.65
2013.12.02 08:50:00.837,1.11525,1.1156,1.95,1.65
2013.12.02 08:50:01.289,1.11525,1.1156,1.95,1.65
2013.12.02 08:50:01.617,1.11525,1.1156,1.95,1.65
2013.12.02 08:50:04.135,1.1153,1.11558,1.13,1.65
2013.12.02 08:50:05.116,1.11529,1.11561,1.13,2.03
2013.12.02 08:50:05.420,1.11529,1.11561,1.13,2.03
2013.12.02 08:50:05.471,1.11531,1.11561,1.50,2.03
2013.12.02 08:50:05.674,1.11529,1.11547,1.13,1.50
2013.12.02 08:50:05.725,1.11527,1.11547,1.13,1.50
2013.12.02 08:50:05.877,1.11529,1.11556,1.13,1.65
2013.12.02 08:50:05.928,1.11529,1.11557,1.13,1.65
2013.12.02 08:50:06.030,1.11529,1.11559,1.13,1.28
2013.12.02 08:50:06.876,1.11524,1.11553,1.20,1.50
2013.12.02 08:50:06.927,1.11522,1.11553,1.65,1.50
2013.12.02 08:50:07.029,1.11519,1.11553,1.65,1.58
2013.12.02 08:50:07.443,1.11522,1.11555,1.58,2.40
2013.12.02 08:50:07.494,1.11522,1.11555,1.65,2.40
2013.12.02 08:50:07.596,1.11522,1.11556,1.65,1.50
2013.12.02 08:50:08.135,1.11524,1.11556,1.58,1.58
2013.12.02 08:50:08.684,1.11524,1.11556,1.65,1.50
2013.12.02 08:50:09.190,1.11527,1.11562,1.65,1.28
2013.12.02 08:50:10.136,1.11527,1.11561,1.58,1.65
2013.12.02 08:50:12.114,1.11523,1.11557,1.65,1.58
2013.12.02 08:50:12.165,1.11523,1.11557,1.58,1.65
2013.12.02 08:50:12.632,1.11523,1.11558,1.65,1.65
2013.12.02 08:50:13.529,1.11522,1.11558,2.40,1.65
2013.12.02 08:50:15.138,1.11524,1.11559,1.50,2.40
2013.12.02 08:50:15.674,1.11524,1.1156,1.58,2.78
2013.12.02 08:50:16.257,1.11524,1.11558,1.58,1.65
2013.12.02 08:50:17.641,1.11524,1.11559,1.50,1.65
2013.12.02 08:50:23.308,1.11526,1.11562,1.58,1.65
2013.12.02 08:50:27.122,1.11522,1.11558,1.65,2.40
2013.12.02 08:50:28.841,1.11526,1.11558,1.50,1.65
2013.12.02 08:50:30.145,1.11526,1.11558,1.50,1.65
2013.12.02 08:50:30.692,1.11526,1.1156,1.88,1.65
2013.12.02 08:50:31.199,1.11526,1.11562,2.03,2.03
2013.12.02 08:50:41.583,1.11526,1.1156,1.58,1.65
2013.12.02 08:50:48.025,1.11526,1.11559,1.58,1.65
2013.12.02 08:50:48.127,1.11526,1.11559,1.65,1.65
2013.12.02 08:50:48.430,1.11526,1.1156,1.65,1.65
2013.12.02 08:50:48.901,1.11526,1.11561,1.65,1.65
2013.12.02 08:50:52.552,1.11533,1.11564,1.58,1.28
2013.12.02 08:50:52.654,1.11533,1.11568,1.65,1.65
2013.12.02 08:50:52.755,1.11533,1.11566,1.50,1.65
2013.12.02 08:50:52.806,1.11532,1.11564,1.58,1.65
2013.12.02 08:50:54.308,1.11529,1.11563,1.65,1.65
2013.12.02 08:50:55.127,1.11529,1.11565,2.40,1.65
2013.12.02 08:50:56.150,1.11531,1.11558,1.20,1.50
2013.12.02 08:50:56.353,1.11529,1.11557,1.65,1.50
2013.12.02 08:50:56.891,1.11529,1.11558,1.65,1.50
2013.12.02 08:50:57.144,1.11529,1.11557,1.65,1.50
2013.12.02 08:50:58.932,1.11529,1.11557,1.65,1.50
2013.12.02 08:50:59.641,1.11532,1.11561,1.50,1.65
2013.12.02 08:50:59.742,1.11529,1.1156,2.40,2.33
2013.12.02 08:51:00.728,1.11529,1.11557,1.50,1.50
2013.12.02 08:51:02.571,1.11529,1.1156,2.25,2.40
2013.12.02 08:51:06.094,1.1153,1.11564,1.65,1.65
2013.12.02 08:51:06.906,1.11529,1.11563,2.40,1.58
2013.12.02 08:51:06.957,1.11529,1.11563,1.65,2.70
2013.12.02 08:51:07.969,1.11526,1.11563,2.03,3.53
2013.12.02 08:51:08.079,1.11526,1.11559,1.28,2.03
2013.12.02 08:51:08.282,1.11521,1.11558,1.65,1.65
2013.12.02 08:51:08.334,1.11523,1.11558,1.65,1.65
2013.12.02 08:51:10.106,1.11523,1.11559,1.65,1.65
2013.12.02 08:51:14.145,1.11523,1.11559,1.65,1.47
2013.12.02 08:51:16.366,1.11522,1.11559,2.40,2.22
2013.12.02 08:51:16.620,1.11523,1.1156,1.65,1.20
2013.12.02 08:51:16.924,1.11528,1.11563,2.03,1.65
2013.12.02 08:51:16.975,1.1153,1.11563,1.28,1.50
2013.12.02 08:51:17.421,1.1153,1.11563,1.28,1.65
2013.12.02 08:51:24.927,1.11532,1.11568,3.15,1.65
2013.12.02 08:51:25.230,1.11532,1.11569,1.65,1.65
2013.12.02 08:51:26.359,1.11531,1.11569,1.65,2.40
2013.12.02 08:51:29.292,1.11531,1.11568,1.50,2.40
2013.12.02 08:51:29.822,1.1153,1.11563,2.03,1.58
2013.12.02 08:51:30.359,1.11532,1.11563,1.58,1.58
2013.12.02 08:51:30.770,1.11528,1.11561,1.28,1.50
2013.12.02 08:51:32.193,1.11532,1.11564,1.58,1.28
2013.12.02 08:51:36.867,1.11532,1.11561,1.58,1.50
2013.12.02 08:51:36.917,1.11532,1.11558,1.58,1.50
2013.12.02 08:51:37.271,1.11528,1.11557,1.13,1.13
2013.12.02 08:51:37.676,1.11528,1.11558,1.13,2.40
2013.12.02 08:51:38.151,1.11527,1.11556,1.28,1.50
2013.12.02 08:51:38.354,1.11527,1.11556,1.13,1.58
2013.12.02 08:51:38.892,1.11522,1.11552,2.03,3.00
2013.12.02 08:51:40.081,1.11523,1.11549,1.65,1.13
2013.12.02 08:51:40.644,1.11522,1.1155,1.28,1.13
2013.12.02 08:51:42.279,1.11522,1.1155,1.13,1.13
2013.12.02 08:51:42.433,1.11517,1.11542,2.10,1.50
2013.12.02 08:51:42.484,1.11517,1.11544,2.03,2.25
2013.12.02 08:51:42.787,1.11516,1.11546,1.65,1.58
2013.12.02 08:51:42.838,1.11516,1.11546,1.65,1.58
2013.12.02 08:51:45.212,1.11519,1.11549,1.58,2.03
2013.12.02 08:51:48.181,1.11517,1.11544,1.20,1.50
2013.12.02 08:51:48.485,1.11515,1.11541,1.65,1.13
2013.12.02 08:51:48.889,1.11512,1.11543,2.10,2.25
2013.12.02 08:51:49.143,1.11512,1.11542,2.10,1.50
2013.12.02 08:51:49.346,1.11512,1.11542,2.10,1.50
2013.12.02 08:51:49.874,1.11514,1.11545,1.20,2.03
2013.12.02 08:51:51.465,1.11512,1.11545,1.73,2.03
2013.12.02 08:51:51.919,1.11512,1.11545,1.73,2.03
2013.12.02 08:51:54.148,1.11512,1.11545,1.73,1.28
2013.12.02 08:51:55.139,1.11512,1.11545,1.73,1.28
2013.12.02 08:51:55.769,1.11512,1.11545,1.73,1.28
2013.12.02 08:51:55.829,1.11512,1.11545,1.73,1.28
2013.12.02 08:51:57.330,1.11512,1.11545,1.73,1.28
2013.12.02 08:51:57.697,1.11513,1.11544,1.35,1.13
2013.12.02 08:51:58.415,1.11512,1.11545,1.73,1.13
2013.12.02 08:52:02.425,1.11512,1.11544,2.33,2.03
2013.12.02 08:52:02.527,1.11512,1.11544,2.33,2.40
2013.12.02 08:52:02.882,1.11508,1.11544,2.03,2.40
2013.12.02 08:52:03.869,1.11512,1.11544,1.65,1.65
2013.12.02 08:52:04.223,1.11515,1.11544,1.58,1.28
2013.12.02 08:52:04.850,1.11515,1.11544,1.58,1.28
2013.12.02 08:52:05.103,1.11517,1.11549,1.65,1.28
2013.12.02 08:52:14.179,1.11517,1.11551,1.73,1.28
2013.12.02 08:52:14.686,1.11515,1.11548,1.73,1.65
2013.12.02 08:52:17.968,1.11515,1.11548,1.73,1.65
2013.12.02 08:52:20.526,1.11515,1.11546,1.73,1.50
2013.12.02 08:52:22.003,1.11515,1.11546,1.65,1.65
2013.12.02 08:52:24.932,1.11514,1.11546,1.73,1.65
2013.12.02 08:52:25.265,1.11513,1.11546,1.58,2.78
2013.12.02 08:52:25.812,1.11511,1.11546,1.73,2.78
2013.12.02 08:52:27.086,1.11511,1.1154,1.65,1.20
2013.12.02 08:52:27.694,1.11507,1.1154,2.10,1.28
2013.12.02 08:52:28.450,1.11507,1.1154,1.35,1.28
2013.12.02 08:52:28.982,1.11507,1.1154,2.10,1.13
2013.12.02 08:52:29.083,1.11509,1.1154,1.73,1.13
2013.12.02 08:52:30.221,1.11509,1.11546,1.73,1.28
2013.12.02 08:52:30.820,1.1151,1.11546,1.73,1.28
2013.12.02 08:52:31.784,1.11511,1.11546,1.73,1.28
2013.12.02 08:52:32.140,1.11511,1.11545,1.73,1.28
2013.12.02 08:52:36.778,1.11514,1.11546,3.98,1.13
2013.12.02 08:52:37.869,1.11514,1.11548,2.48,1.65
2013.12.02 08:52:38.079,1.11514,1.11548,1.65,1.65
2013.12.02 08:52:38.383,1.11513,1.11545,1.73,1.20
2013.12.02 08:52:38.889,1.11514,1.11548,1.73,1.28
2013.12.02 08:52:39.094,1.11516,1.11549,1.73,1.28
2013.12.02 08:52:53.622,1.11517,1.11549,1.58,1.28
2013.12.02 08:53:00.272,1.11517,1.11545,1.58,2.40
2013.12.02 08:53:00.425,1.11514,1.11545,1.58,2.40
2013.12.02 08:53:00.627,1.11518,1.11545,1.58,1.65
2013.12.02 08:53:00.729,1.11519,1.11547,1.58,1.65
2013.12.02 08:53:00.830,1.11518,1.11547,1.58,1.65
2013.12.02 08:53:01.184,1.11519,1.11548,1.50,1.28
2013.12.02 08:53:01.386,1.11513,1.11545,1.65,1.65
2013.12.02 08:53:01.487,1.11509,1.1154,1.58,1.58
2013.12.02 08:53:01.792,1.11519,1.11547,2.33,3.45
2013.12.02 08:53:01.843,1.11519,1.11543,1.58,1.50
2013.12.02 08:53:02.046,1.11508,1.11543,1.73,1.28
2013.12.02 08:53:02.556,1.1151,1.11542,1.35,1.20
2013.12.02 08:53:03.026,1.11511,1.11546,1.73,1.28
2013.12.02 08:53:03.639,1.11511,1.11546,1.73,1.28
2013.12.02 08:53:04.209,1.11511,1.11546,1.73,1.28
2013.12.02 08:53:04.371,1.1151,1.11546,1.73,1.28
2013.12.02 08:53:04.674,1.11508,1.11543,1.73,1.50
2013.12.02 08:53:04.927,1.11508,1.11543,1.65,1.65
2013.12.02 08:53:05.231,1.11508,1.1154,1.65,1.28
2013.12.02 08:53:05.818,1.11504,1.11541,1.73,2.03
2013.12.02 08:53:06.597,1.11504,1.11541,1.58,2.03
2013.12.02 08:53:07.104,1.11504,1.11541,1.58,2.03
2013.12.02 08:53:07.205,1.11504,1.11541,1.50,2.03
2013.12.02 08:53:09.081,1.11504,1.11541,3.00,2.03
2013.12.02 08:53:09.443,1.11506,1.11541,1.58,2.03
2013.12.02 08:53:09.544,1.11504,1.11541,1.50,2.03
2013.12.02 08:53:09.645,1.11504,1.11541,1.50,2.03
2013.12.02 08:53:10.640,1.11508,1.11541,1.50,2.03
2013.12.02 08:53:10.842,1.11508,1.11541,2.40,1.28
2013.12.02 08:53:12.063,1.11507,1.1154,1.65,1.13
2013.12.02 08:53:12.750,1.11507,1.1154,1.65,1.13
2013.12.02 08:53:13.351,1.11507,1.1154,1.65,1.13
2013.12.02 08:53:13.579,1.11507,1.1154,1.65,1.13
2013.12.02 08:53:13.833,1.1151,1.1154,1.65,1.13
2013.12.02 08:53:13.934,1.11512,1.11546,1.65,1.28
2013.12.02 08:53:14.151,1.11509,1.11545,1.65,1.28
2013.12.02 08:53:18.386,1.11507,1.11545,1.65,1.28
2013.12.02 08:53:20.161,1.11507,1.1154,1.58,1.28
2013.12.02 08:53:20.364,1.11508,1.11543,2.40,2.40
2013.12.02 08:53:20.516,1.11506,1.11539,2.03,1.20
2013.12.02 08:53:26.036,1.11509,1.11539,2.25,1.13
2013.12.02 08:53:26.087,1.11509,1.1154,2.25,1.58
2013.12.02 08:53:31.800,1.11515,1.11544,1.88,1.28
2013.12.02 08:53:31.905,1.11528,1.11548,1.13,1.28
2013.12.02 08:53:32.057,1.11527,1.11555,1.28,1.50
2013.12.02 08:53:32.209,1.11525,1.11554,1.58,1.13
2013.12.02 08:53:32.609,1.11525,1.11553,1.50,1.20
2013.12.02 08:53:32.871,1.11525,1.11553,1.50,1.20
2013.12.02 08:53:33.319,1.11525,1.11553,1.50,1.20
2013.12.02 08:53:33.876,1.11525,1.11554,1.50,2.03
2013.12.02 08:53:37.610,1.11524,1.11554,1.58,2.03
2013.12.02 08:53:41.219,1.11524,1.11554,1.58,1.65
2013.12.02 08:53:41.558,1.11525,1.11554,1.13,1.65
2013.12.02 08:53:42.599,1.11531,1.11558,1.35,3.83
2013.12.02 08:53:42.903,1.11538,1.11556,2.48,1.58
2013.12.02 08:53:43.207,1.11529,1.11558,1.50,1.65
2013.12.02 08:53:43.258,1.11527,1.11558,1.58,1.65
2013.12.02 08:53:46.076,1.11524,1.11556,1.28,1.58
2013.12.02 08:53:46.484,1.1152,1.1155,1.13,1.65
2013.12.02 08:53:46.535,1.1152,1.1155,1.13,1.65
2013.12.02 08:53:46.840,1.11521,1.11552,1.20,1.20
2013.12.02 08:53:47.709,1.11523,1.11552,1.13,1.20
2013.12.02 08:53:48.836,1.11523,1.11552,1.88,1.20
2013.12.02 08:53:48.938,1.11524,1.11554,1.50,1.65
2013.12.02 08:53:49.250,1.11523,1.11554,2.40,1.50
2013.12.02 08:53:49.532,1.11523,1.11554,2.40,1.50
2013.12.02 08:53:49.837,1.11531,1.11561,1.88,1.28
2013.12.02 08:54:06.488,1.1153,1.11559,1.13,1.65
2013.12.02 08:54:15.837,1.11532,1.11561,1.13,2.78
2013.12.02 08:54:16.228,1.11533,1.11563,1.95,1.58
2013.12.02 08:54:16.788,1.11533,1.11563,1.88,1.65
2013.12.02 08:54:17.530,1.11534,1.11563,1.50,1.65
2013.12.02 08:54:19.398,1.11534,1.1156,1.50,1.50
2013.12.02 08:54:19.744,1.11535,1.11564,1.13,1.65
2013.12.02 08:54:20.353,1.11534,1.11562,1.88,1.65
2013.12.02 08:54:20.455,1.11534,1.11564,1.13,2.40
2013.12.02 08:54:20.506,1.11534,1.1156,1.13,1.50
2013.12.02 08:54:20.608,1.11536,1.11564,1.13,2.40
2013.12.02 08:54:20.710,1.11536,1.1156,1.13,1.50
2013.12.02 08:54:20.963,1.11533,1.11564,2.03,2.33
2013.12.02 08:54:21.167,1.11534,1.11566,1.65,1.13
2013.12.02 08:54:21.712,1.11533,1.11566,1.58,1.20
2013.12.02 08:54:22.167,1.11527,1.11563,2.40,1.65
2013.12.02 08:54:22.413,1.11529,1.11563,2.33,1.65
2013.12.02 08:54:22.515,1.11528,1.11563,1.65,1.65
2013.12.02 08:54:23.029,1.11528,1.11559,1.65,1.50
2013.12.02 08:54:23.131,1.11527,1.11559,1.65,1.65
2013.12.02 08:54:23.458,1.11524,1.11558,1.65,1.65
2013.12.02 08:54:23.769,1.11524,1.11559,2.40,1.20
2013.12.02 08:54:24.326,1.11522,1.11557,1.65,1.50
2013.12.02 08:54:24.377,1.11522,1.11557,1.65,1.50
2013.12.02 08:54:24.579,1.11523,1.11553,2.40,2.25
2013.12.02 08:54:24.732,1.11523,1.11553,1.65,2.25
2013.12.02 08:54:25.053,1.11524,1.11553,1.50,2.40
2013.12.02 08:54:26.089,1.11518,1.11553,2.40,2.78
2013.12.02 08:54:26.272,1.11519,1.11553,1.65,2.78
2013.12.02 08:54:27.170,1.11519,1.11552,2.40,1.20
2013.12.02 08:54:27.605,1.11519,1.11553,1.65,2.03
2013.12.02 08:54:28.987,1.11517,1.11552,2.40,1.20
2013.12.02 08:54:29.393,1.1152,1.1155,1.65,1.50
2013.12.02 08:54:29.799,1.11517,1.11551,1.65,1.02
2013.12.02 08:54:30.001,1.11517,1.11551,2.40,1.77
2013.12.02 08:54:31.160,1.11526,1.11549,1.50,1.69
2013.12.02 08:54:31.413,1.11522,1.11545,1.50,1.13
2013.12.02 08:54:31.464,1.11517,1.11547,1.65,1.69
2013.12.02 08:54:31.566,1.11517,1.1155,1.65,1.69
2013.12.02 08:54:31.768,1.11528,1.11551,1.50,1.50
2013.12.02 08:54:32.275,1.11526,1.11552,1.50,1.20
2013.12.02 08:54:32.377,1.11525,1.11553,1.65,1.13
2013.12.02 08:54:32.478,1.11524,1.11554,1.50,1.65
2013.12.02 08:54:32.580,1.11524,1.11552,1.50,1.50
2013.12.02 08:54:32.884,1.11523,1.11555,1.65,1.28
2013.12.02 08:54:33.036,1.11525,1.11555,1.65,1.13
2013.12.02 08:54:33.537,1.11528,1.11557,1.50,2.40
2013.12.02 08:54:34.104,1.11528,1.11557,1.50,2.40
2013.12.02 08:54:35.513,1.11528,1.11552,1.50,1.50
2013.12.02 08:54:35.841,1.11528,1.11552,1.50,1.65
2013.12.02 08:54:36.184,1.11529,1.11555,1.50,1.28
2013.12.02 08:54:36.642,1.11528,1.11555,1.58,1.20
2013.12.02 08:54:36.694,1.11527,1.11555,1.65,1.13
2013.12.02 08:54:39.992,1.11526,1.11562,2.40,1.65
2013.12.02 08:54:40.241,1.11526,1.1156,2.33,2.40
2013.12.02 08:54:40.545,1.11526,1.11551,1.50,1.13
2013.12.02 08:54:40.704,1.11523,1.11553,1.50,1.28
2013.12.02 08:54:41.209,1.11519,1.11553,2.40,2.40
2013.12.02 08:54:51.776,1.11519,1.11552,1.65,1.65
2013.12.02 08:54:51.980,1.11526,1.11552,1.50,1.65
2013.12.02 08:54:52.487,1.11528,1.11555,1.50,1.20
2013.12.02 08:54:52.689,1.11529,1.11563,1.50,1.65
2013.12.02 08:54:52.790,1.1153,1.11563,1.65,1.65
2013.12.02 08:54:53.151,1.11529,1.11563,1.65,1.65
2013.12.02 08:54:53.664,1.11528,1.11563,2.40,1.65
2013.12.02 08:54:54.170,1.11528,1.11564,2.40,1.65
2013.12.02 08:54:54.479,1.11529,1.11564,2.40,1.65
2013.12.02 08:54:54.657,1.11529,1.11564,2.40,1.65
2013.12.02 08:54:54.759,1.11529,1.11564,2.40,1.65
2013.12.02 08:54:57.443,1.11529,1.11563,1.65,1.65
2013.12.02 08:54:57.545,1.11525,1.11558,1.65,1.58
2013.12.02 08:54:57.951,1.11525,1.11558,1.65,1.65
2013.12.02 08:54:58.105,1.11525,1.11558,1.50,2.40
2013.12.02 08:54:58.734,1.11523,1.11555,1.50,1.65
2013.12.02 08:54:58.836,1.11521,1.11555,1.65,1.65
2013.12.02 08:54:59.089,1.1152,1.1155,1.50,1.65
2013.12.02 08:54:59.393,1.11517,1.11552,1.50,2.78
2013.12.02 08:54:59.494,1.11517,1.11549,1.65,1.50
2013.12.02 08:54:59.964,1.11514,1.11548,2.40,1.65
2013.12.02 08:55:00.522,1.11514,1.11548,2.40,1.65
2013.12.02 08:55:01.650,1.11514,1.11548,2.40,1.65
2013.12.02 08:55:02.216,1.11514,1.11548,2.40,1.58
2013.12.02 08:55:02.267,1.11518,1.11548,1.58,1.50
2013.12.02 08:55:02.318,1.11519,1.11548,2.25,1.50
2013.12.02 08:55:02.572,1.11519,1.11548,1.50,1.50
2013.12.02 08:55:02.929,1.11519,1.11548,2.25,1.50
2013.12.02 08:55:03.233,1.11522,1.11554,1.65,1.13
2013.12.02 08:55:04.554,1.11519,1.11551,1.28,1.58
2013.12.02 08:55:04.757,1.11517,1.11548,1.50,2.40
2013.12.02 08:55:04.808,1.11514,1.11548,1.50,3.15
2013.12.02 08:55:05.010,1.11512,1.11547,1.65,1.65
2013.12.02 08:55:19.861,1.11513,1.11547,1.50,1.65
2013.12.02 08:55:20.383,1.11513,1.1155,2.40,1.28
2013.12.02 08:55:20.536,1.11516,1.1155,1.65,1.28
2013.12.02 08:55:27.858,1.11515,1.11552,1.28,2.40
2013.12.02 08:55:33.105,1.11517,1.11553,1.58,2.78
2013.12.02 08:55:33.156,1.11517,1.11553,2.40,2.78
2013.12.02 08:55:38.119,1.11519,1.11553,1.20,2.03
2013.12.02 08:55:38.575,1.11522,1.11552,1.50,3.08
2013.12.02 08:55:38.727,1.11517,1.11548,1.28,2.78
2013.12.02 08:55:38.930,1.11523,1.11548,1.50,1.65
2013.12.02 08:55:39.083,1.11523,1.11554,1.50,2.40
2013.12.02 08:55:39.236,1.1152,1.11554,1.50,2.40
2013.12.02 08:55:39.764,1.11519,1.11554,2.03,1.65
2013.12.02 08:55:40.274,1.11519,1.11553,1.13,1.65
2013.12.02 08:55:40.849,1.11519,1.11548,1.13,1.65
2013.12.02 08:55:40.951,1.11517,1.11544,1.50,1.09
2013.12.02 08:55:41.002,1.11514,1.11543,2.40,1.50
2013.12.02 08:55:41.104,1.11514,1.11543,2.40,1.50
2013.12.02 08:55:41.306,1.11513,1.11547,1.65,1.65
2013.12.02 08:55:42.217,1.11514,1.11546,2.33,1.65
2013.12.02 08:55:42.745,1.11511,1.11544,2.03,1.09
2013.12.02 08:55:43.900,1.11511,1.11543,2.03,1.09
2013.12.02 08:55:44.709,1.11514,1.11543,1.13,1.09
2013.12.02 08:55:45.351,1.11514,1.11544,2.03,1.02
2013.12.02 08:55:45.956,1.11513,1.11544,1.65,1.77
2013.12.02 08:55:46.159,1.11512,1.11543,1.58,1.77
2013.12.02 08:55:46.665,1.11513,1.11543,1.13,1.09
2013.12.02 08:55:46.716,1.11513,1.11545,1.28,1.02
2013.12.02 08:55:46.979,1.11514,1.11545,1.65,1.02
2013.12.02 08:55:47.030,1.11515,1.11547,1.65,1.69
2013.12.02 08:55:47.569,1.11515,1.11545,1.58,1.02
2013.12.02 08:55:47.992,1.11515,1.11546,1.58,1.02
2013.12.02 08:55:49.480,1.11516,1.11546,2.03,1.50
2013.12.02 08:55:49.582,1.11519,1.11551,3.15,1.84
2013.12.02 08:55:50.411,1.11519,1.1155,1.88,1.09
2013.12.02 08:55:50.564,1.11512,1.11542,1.50,1.02
2013.12.02 08:55:50.665,1.11511,1.11542,1.50,1.77
2013.12.02 08:55:50.969,1.11511,1.11537,1.50,1.09
2013.12.02 08:55:54.991,1.11502,1.11539,1.73,1.02
2013.12.02 08:55:55.253,1.11502,1.11536,1.73,1.84
2013.12.02 08:55:55.863,1.11504,1.11536,1.65,1.84
2013.12.02 08:55:59.167,1.11502,1.11536,1.73,1.09
2013.12.02 08:55:59.709,1.11504,1.11536,1.65,1.09
2013.12.02 08:56:07.347,1.11523,1.11535,1.50,1.69
2013.12.02 08:56:07.550,1.11535,1.11553,1.50,1.50
2013.12.02 08:56:07.651,1.11534,1.11555,1.50,2.25
2013.12.02 08:56:07.904,1.11533,1.11555,2.33,1.50
2013.12.02 08:56:07.955,1.11538,1.11562,1.50,1.58
2013.12.02 08:56:08.158,1.11539,1.11563,2.25,1.58
2013.12.02 08:56:08.259,1.11539,1.11563,1.50,1.50
2013.12.02 08:56:08.310,1.11542,1.11564,1.50,1.50
2013.12.02 08:56:08.563,1.11543,1.11574,2.33,2.03
2013.12.02 08:56:08.614,1.11543,1.11574,2.25,2.03
2013.12.02 08:56:09.432,1.11547,1.11574,1.50,2.03
2013.12.02 08:56:10.011,1.11549,1.11574,1.50,1.65
2013.12.02 08:56:11.257,1.11548,1.11574,1.50,1.65
2013.12.02 08:56:11.996,1.11548,1.11574,1.50,1.65
2013.12.02 08:56:14.254,1.11548,1.11574,1.50,1.65
2013.12.02 08:56:14.736,1.11543,1.11574,2.25,1.65
2013.12.02 08:56:16.855,1.11546,1.11574,1.50,1.65
2013.12.02 08:56:17.170,1.11561,1.11579,1.50,1.50
2013.12.02 08:56:17.626,1.11558,1.1158,3.00,1.58
2013.12.02 08:56:18.132,1.11559,1.11577,1.50,1.13
2013.12.02 08:56:19.179,1.11558,1.11577,2.25,1.13
2013.12.02 08:56:20.412,1.11558,1.11577,2.25,1.13
2013.12.02 08:56:20.666,1.11559,1.11577,1.50,1.13
2013.12.02 08:56:20.878,1.11558,1.11579,2.25,1.13
2013.12.02 08:56:20.929,1.11558,1.11582,2.25,1.35
2013.12.02 08:56:21.647,1.11558,1.11581,3.00,2.48
2013.12.02 08:56:22.155,1.11558,1.11582,3.00,1.35
2013.12.02 08:56:22.430,1.11559,1.11582,1.50,1.35
2013.12.02 08:56:28.391,1.11558,1.11578,2.25,1.50
2013.12.02 08:56:28.493,1.11559,1.11582,2.25,2.10
2013.12.02 08:56:28.816,1.11559,1.11582,2.25,1.95
2013.12.02 08:56:28.918,1.1156,1.11583,1.50,1.95
2013.12.02 08:56:29.448,1.11564,1.11587,1.50,1.73
2013.12.02 08:56:29.550,1.11559,1.11587,1.50,1.73
2013.12.02 08:56:29.702,1.11559,1.11588,1.50,1.73
2013.12.02 08:56:30.006,1.11564,1.1159,2.25,1.35
2013.12.02 08:56:30.158,1.11563,1.11589,1.50,1.65
2013.12.02 08:56:30.361,1.11563,1.11589,1.50,1.65
2013.12.02 08:56:30.688,1.11563,1.11587,1.50,1.58
2013.12.02 08:56:30.792,1.11564,1.11587,1.50,1.58
2013.12.02 08:56:30.995,1.11563,1.11587,1.50,1.58
2013.12.02 08:56:31.930,1.11564,1.11593,1.50,1.73
2013.12.02 08:56:32.032,1.11563,1.11593,1.58,1.73
2013.12.02 08:56:32.562,1.11564,1.11592,1.50,2.48
2013.12.02 08:56:32.783,1.11559,1.11587,2.25,1.65
2013.12.02 08:56:33.299,1.11563,1.11587,1.50,1.65
2013.12.02 08:56:33.502,1.11562,1.11583,1.50,1.58
2013.12.02 08:56:33.704,1.11563,1.11589,1.50,2.33
2013.12.02 08:56:34.210,1.11564,1.11591,1.50,2.03
2013.12.02 08:56:34.815,1.11558,1.11589,2.25,1.73
2013.12.02 08:56:34.967,1.11562,1.11592,1.50,1.73
2013.12.02 08:56:35.222,1.11559,1.11589,1.95,1.65
2013.12.02 08:56:35.758,1.11559,1.11587,1.50,1.58
2013.12.02 08:56:36.164,1.11554,1.11584,1.13,1.73
2013.12.02 08:56:36.670,1.11557,1.11584,1.13,1.58
2013.12.02 08:56:37.124,1.11558,1.11584,1.13,1.58
2013.12.02 08:56:37.998,1.11559,1.11584,1.50,1.58
2013.12.02 08:56:39.122,1.11559,1.11584,1.50,1.58
2013.12.02 08:56:39.722,1.11558,1.11584,1.88,1.58
2013.12.02 08:56:46.044,1.11559,1.11584,1.50,1.58
2013.12.02 08:56:46.716,1.11558,1.11583,1.13,1.73
2013.12.02 08:56:46.919,1.11558,1.11585,1.13,2.10
2013.12.02 08:56:47.476,1.11558,1.11588,1.50,1.58
2013.12.02 08:56:47.578,1.11557,1.11588,1.65,1.58
2013.12.02 08:56:47.781,1.11558,1.11588,1.50,1.58
2013.12.02 08:56:48.306,1.11559,1.11585,1.50,1.28
2013.12.02 08:56:48.840,1.11558,1.11585,1.50,1.28
2013.12.02 08:56:49.625,1.11559,1.11585,1.50,1.28
2013.12.02 08:56:50.561,1.11558,1.11586,1.50,1.35
2013.12.02 08:56:51.775,1.11559,1.11586,1.50,1.35
2013.12.02 08:56:53.091,1.11559,1.11586,1.50,1.35
2013.12.02 08:56:53.598,1.11558,1.11586,1.50,1.35
2013.12.02 08:56:53.821,1.11553,1.11585,2.03,1.65
2013.12.02 08:56:54.327,1.11554,1.11583,1.65,1.58
2013.12.02 08:56:54.904,1.11553,1.11583,2.78,1.58
2013.12.02 08:56:55.883,1.11553,1.11583,2.78,1.58
2013.12.02 08:56:56.870,1.11554,1.11583,2.40,1.58
2013.12.02 08:56:57.790,1.11553,1.11583,2.78,1.58
2013.12.02 08:56:58.534,1.11553,1.11583,2.78,1.58
2013.12.02 08:56:59.080,1.11553,1.11583,2.78,1.58
2013.12.02 08:56:59.661,1.11555,1.11583,1.20,1.58
2013.12.02 08:57:00.166,1.11555,1.11583,1.20,1.58
2013.12.02 08:57:00.414,1.11555,1.11583,1.28,1.58
2013.12.02 08:57:04.680,1.11556,1.11585,2.40,1.20
2013.12.02 08:57:05.135,1.11559,1.11585,1.50,1.20
2013.12.02 08:57:07.551,1.11559,1.11585,1.50,1.20
2013.12.02 08:57:09.024,1.11558,1.11585,1.50,1.28
2013.12.02 08:57:10.618,1.11559,1.11585,1.50,1.20
2013.12.02 08:57:11.531,1.11558,1.11585,1.65,1.20
2013.12.02 08:57:12.065,1.11559,1.11585,1.50,1.20
2013.12.02 08:57:12.726,1.11559,1.11585,1.50,1.20
2013.12.02 08:57:13.387,1.11559,1.11585,1.50,1.20
2013.12.02 08:57:13.655,1.11559,1.11585,1.50,1.20
2013.12.02 08:57:14.184,1.11558,1.11591,1.65,1.35
2013.12.02 08:57:14.729,1.11558,1.11591,1.65,1.35
2013.12.02 08:57:14.932,1.11558,1.11591,1.65,1.28
2013.12.02 08:57:15.185,1.11557,1.11594,2.33,2.78
2013.12.02 08:57:15.236,1.11557,1.11594,2.25,1.95
2013.12.02 08:57:16.328,1.11556,1.11594,2.25,1.58
2013.12.02 08:57:17.863,1.11557,1.11594,2.25,1.20
2013.12.02 08:57:17.964,1.11558,1.11594,1.50,1.13
2013.12.02 08:57:18.167,1.11559,1.11595,1.50,1.20
2013.12.02 08:57:18.492,1.11564,1.116,1.69,1.58
2013.12.02 08:57:18.796,1.11569,1.116,1.13,1.58
2013.12.02 08:57:18.897,1.11569,1.116,1.88,1.50
2013.12.02 08:57:19.099,1.11568,1.11601,2.25,1.58
2013.12.02 08:57:19.632,1.11568,1.11603,2.25,1.58
2013.12.02 08:57:20.322,1.11572,1.11603,1.50,1.58
2013.12.02 08:57:20.983,1.11572,1.11603,1.50,1.58
2013.12.02 08:57:21.514,1.11572,1.11603,1.50,1.58
2013.12.02 08:57:25.074,1.11572,1.11603,1.50,1.58
2013.12.02 08:57:29.294,1.11569,1.11603,1.50,1.58
2013.12.02 08:57:30.189,1.11568,1.11601,1.50,1.50
2013.12.02 08:57:30.240,1.11568,1.116,1.50,1.50
2013.12.02 08:57:30.545,1.11572,1.11598,2.25,1.50
2013.12.02 08:57:31.067,1.11572,1.11596,1.50,1.50
2013.12.02 08:57:31.656,1.11572,1.11596,1.50,1.50
2013.12.02 08:57:31.775,1.11572,1.116,1.50,1.65
2013.12.02 08:57:32.443,1.11565,1.11598,1.28,1.58
2013.12.02 08:57:32.494,1.11565,1.11598,1.13,1.65
2013.12.02 08:57:32.747,1.1156,1.11592,1.50,1.65
2013.12.02 08:57:34.670,1.11561,1.11592,1.50,1.65
2013.12.02 08:57:37.791,1.11562,1.11593,2.33,1.65
2013.12.02 08:57:40.617,1.11562,1.11593,2.33,1.65
2013.12.02 08:57:40.719,1.11563,1.11593,1.50,1.65
2013.12.02 08:57:41.041,1.11568,1.11597,1.50,3.15
2013.12.02 08:57:41.475,1.11564,1.11593,1.50,1.65
2013.12.02 08:57:41.923,1.11567,1.11597,2.25,2.40
2013.12.02 08:57:42.277,1.11563,1.11593,2.25,1.65
2013.12.02 08:57:42.378,1.11568,1.11597,1.50,3.15
2013.12.02 08:57:44.681,1.11564,1.11593,1.50,1.65
2013.12.02 08:57:44.939,1.11563,1.11593,1.50,1.65
2013.12.02 08:57:45.441,1.11567,1.11593,1.50,1.65
2013.12.02 08:57:45.768,1.11564,1.11593,1.50,1.65
2013.12.02 08:57:46.402,1.11564,1.11593,1.50,1.65
2013.12.02 08:57:47.114,1.11563,1.11593,1.50,1.65
2013.12.02 08:57:47.620,1.11563,1.11593,1.50,1.65
2013.12.02 08:57:48.257,1.11563,1.11593,1.50,1.65
2013.12.02 08:57:49.807,1.11564,1.11593,1.50,1.65
2013.12.02 08:57:49.858,1.11563,1.11593,1.65,1.50
2013.12.02 08:57:50.771,1.11564,1.11593,1.50,1.50
2013.12.02 08:57:51.465,1.11563,1.11593,1.65,1.50
2013.12.02 08:57:54.313,1.11563,1.11593,1.65,1.50
2013.12.02 08:57:55.862,1.11563,1.11593,1.65,1.50
2013.12.02 08:57:56.328,1.11565,1.11593,1.50,1.50
2013.12.02 08:57:56.430,1.11563,1.11587,1.65,1.50
2013.12.02 08:57:56.531,1.11557,1.11589,4.65,1.50
2013.12.02 08:57:56.583,1.11557,1.11587,1.50,1.65
2013.12.02 08:57:56.836,1.11559,1.11587,1.13,2.40
2013.12.02 08:57:56.938,1.11559,1.11591,1.28,1.13
2013.12.02 08:57:57.191,1.11563,1.11594,1.58,1.95
2013.12.02 08:57:57.243,1.11563,1.11594,1.65,1.88
2013.12.02 08:57:57.547,1.11563,1.11594,1.65,1.88
2013.12.02 08:57:57.699,1.11563,1.11594,1.65,1.88
2013.12.02 08:57:58.265,1.11563,1.11594,1.65,1.88
2013.12.02 08:57:58.856,1.11563,1.11594,1.65,1.88
2013.12.02 08:58:00.654,1.11559,1.11593,2.78,1.13
2013.12.02 08:58:00.704,1.11559,1.11592,2.78,1.13
2013.12.02 08:58:00.806,1.11559,1.11592,2.78,1.13
2013.12.02 08:58:01.210,1.11562,1.11594,1.65,1.88
2013.12.02 08:58:01.463,1.11561,1.11594,2.40,1.50
2013.12.02 08:58:02.139,1.11561,1.11594,1.65,2.25
2013.12.02 08:58:02.668,1.11561,1.11592,1.65,1.13
2013.12.02 08:58:03.026,1.11561,1.11589,1.65,1.50
2013.12.02 08:58:07.965,1.11561,1.11589,2.40,1.50
2013.12.02 08:58:08.888,1.11564,1.1159,2.25,1.13
2013.12.02 08:58:08.939,1.11564,1.11594,1.50,1.58
2013.12.02 08:58:08.990,1.11565,1.11598,1.58,1.65
2013.12.02 08:58:09.092,1.11564,1.11598,2.40,1.50
2013.12.02 08:58:29.325,1.11565,1.11602,1.28,1.28
2013.12.02 08:58:29.748,1.11565,1.11602,1.28,1.28
2013.12.02 08:58:30.608,1.11568,1.11604,1.65,1.65
2013.12.02 08:58:37.291,1.11566,1.11603,1.65,1.65
2013.12.02 08:58:41.083,1.11563,1.11597,1.28,1.50
2013.12.02 08:58:41.288,1.11562,1.11594,1.13,1.65
2013.12.02 08:58:41.441,1.11558,1.11594,2.40,1.65
2013.12.02 08:58:44.485,1.11557,1.11593,2.03,1.65
2013.12.02 08:58:44.790,1.11565,1.11596,1.58,1.95
2013.12.02 08:58:45.094,1.11561,1.11592,1.65,1.13
2013.12.02 08:58:45.296,1.1156,1.11591,1.65,1.13
2013.12.02 08:58:45.398,1.1156,1.11593,1.65,1.13
2013.12.02 08:58:49.706,1.11558,1.11592,1.28,1.50
2013.12.02 08:58:50.214,1.11565,1.11592,1.50,1.50
2013.12.02 08:58:50.692,1.11566,1.11594,1.50,1.58
2013.12.02 08:58:50.950,1.11565,1.11593,1.65,1.50
2013.12.02 08:58:51.464,1.11569,1.11596,1.50,1.50
2013.12.02 08:58:52.940,1.1157,1.11599,1.50,1.65
2013.12.02 08:58:53.449,1.1157,1.11599,1.50,1.65
2013.12.02 08:58:53.964,1.1157,1.11599,1.50,1.65
2013.12.02 08:58:54.912,1.1157,1.11599,1.50,1.65
2013.12.02 08:58:55.422,1.11571,1.11601,1.50,1.28
2013.12.02 08:58:55.726,1.11574,1.11602,1.50,1.50
2013.12.02 08:58:56.243,1.11574,1.11602,1.50,1.50
2013.12.02 08:58:56.867,1.11574,1.11602,1.50,1.50
2013.12.02 08:58:57.397,1.11573,1.11602,2.25,1.50
2013.12.02 08:58:58.439,1.11574,1.11602,1.50,1.50
2013.12.02 08:58:58.603,1.11574,1.11602,1.50,1.50
2013.12.02 08:58:59.328,1.11573,1.11602,2.25,1.50
2013.12.02 08:58:59.861,1.11574,1.11602,1.50,1.50
2013.12.02 08:59:00.491,1.11571,1.11602,1.65,1.50
2013.12.02 08:59:03.326,1.11569,1.11599,2.33,1.58
2013.12.02 08:59:03.832,1.11569,1.11599,2.25,1.65
2013.12.02 08:59:05.654,1.11572,1.11599,1.50,1.65
2013.12.02 08:59:05.908,1.11573,1.11601,1.50,1.50
2013.12.02 08:59:06.313,1.11578,1.11598,1.50,1.50
2013.12.02 08:59:06.466,1.1157,1.11599,1.58,2.33
2013.12.02 08:59:06.567,1.11568,1.11597,1.58,1.58
2013.12.02 08:59:06.771,1.11564,1.11594,1.20,2.33
2013.12.02 08:59:06.873,1.1156,1.11592,1.88,1.65
2013.12.02 08:59:06.974,1.1156,1.11592,1.13,1.65
2013.12.02 08:59:07.228,1.11556,1.11589,1.50,1.65
2013.12.02 08:59:07.280,1.11557,1.11591,1.50,2.40
2013.12.02 08:59:07.382,1.11555,1.11589,1.65,1.65
2013.12.02 08:59:07.433,1.11554,1.11589,1.65,1.65
2013.12.02 08:59:12.721,1.11555,1.11589,1.65,1.65
2013.12.02 08:59:15.057,1.11555,1.11588,1.28,1.65
2013.12.02 08:59:15.310,1.11555,1.11586,1.28,1.65
2013.12.02 08:59:15.891,1.11555,1.11586,1.13,1.65
2013.12.02 08:59:15.992,1.11555,1.11585,1.13,1.65
2013.12.02 08:59:17.916,1.11554,1.11585,1.13,1.65
2013.12.02 08:59:19.661,1.11554,1.11585,1.13,2.40
2013.12.02 08:59:21.026,1.11555,1.1158,1.13,1.58
2013.12.02 08:59:21.077,1.11555,1.11583,1.20,1.58
2013.12.02 08:59:21.178,1.11555,1.11586,1.28,1.58
2013.12.02 08:59:21.447,1.11555,1.11586,1.28,1.58
2013.12.02 08:59:22.143,1.11561,1.11586,1.13,1.58
2013.12.02 08:59:22.194,1.11561,1.11591,1.13,2.03
2013.12.02 08:59:22.245,1.11561,1.11591,1.13,1.58
2013.12.02 08:59:22.447,1.11562,1.11593,1.13,1.65
2013.12.02 08:59:22.750,1.11565,1.1159,1.20,1.50
2013.12.02 08:59:22.953,1.11558,1.11587,1.50,2.78
2013.12.02 08:59:23.156,1.11557,1.11587,1.50,1.65
2013.12.02 08:59:23.359,1.11557,1.11588,1.50,2.40
2013.12.02 08:59:23.461,1.11554,1.11587,1.50,1.65
2013.12.02 08:59:26.145,1.11554,1.11585,1.50,2.33
2013.12.02 08:59:26.348,1.1155,1.11583,1.65,1.50
2013.12.02 08:59:26.399,1.11553,1.11584,1.65,1.50
2013.12.02 08:59:26.501,1.11553,1.11583,1.50,1.65
2013.12.02 08:59:26.829,1.11556,1.11583,1.50,1.20
2013.12.02 08:59:26.931,1.11552,1.11583,1.65,1.20
2013.12.02 08:59:27.434,1.11551,1.11583,1.50,1.28
2013.12.02 08:59:28.227,1.11551,1.11583,1.50,2.03
2013.12.02 08:59:28.761,1.11551,1.11583,1.50,2.03
2013.12.02 08:59:32.087,1.11551,1.11583,1.50,1.28
2013.12.02 08:59:32.593,1.11552,1.11583,1.65,1.28
2013.12.02 08:59:33.376,1.11553,1.11589,1.65,3.15
2013.12.02 08:59:33.478,1.11553,1.11589,1.65,1.65
2013.12.02 08:59:33.782,1.11555,1.11589,2.03,1.65
2013.12.02 08:59:34.237,1.11561,1.1159,1.50,2.03
2013.12.02 08:59:37.375,1.11559,1.11589,2.25,2.22
2013.12.02 08:59:37.527,1.11558,1.11581,1.50,1.65
2013.12.02 08:59:37.628,1.11558,1.11583,1.50,2.03
2013.12.02 08:59:37.730,1.11559,1.11588,1.50,1.65
2013.12.02 08:59:38.186,1.11556,1.11588,1.50,1.65
2013.12.02 08:59:39.680,1.11556,1.1159,3.00,1.65
2013.12.02 08:59:39.883,1.11556,1.11584,2.25,1.50
2013.12.02 08:59:40.189,1.11557,1.11583,1.50,2.40
2013.12.02 08:59:40.240,1.11557,1.11584,1.50,1.65
2013.12.02 08:59:40.392,1.11558,1.11587,2.25,1.65
2013.12.02 08:59:40.904,1.11554,1.11586,2.40,1.65
2013.12.02 08:59:41.157,1.11559,1.1159,1.50,2.78
2013.12.02 08:59:41.669,1.11559,1.1159,1.50,1.65
2013.12.02 08:59:42.587,1.11559,1.1159,1.50,1.65
2013.12.02 08:59:42.790,1.11559,1.1159,1.50,1.65
2013.12.02 08:59:45.893,1.11559,1.1159,2.25,1.65
2013.12.02 08:59:45.995,1.11559,1.1159,3.00,2.40
2013.12.02 08:59:46.046,1.11559,1.1159,3.00,2.40
2013.12.02 08:59:46.199,1.11559,1.1159,1.50,2.40
2013.12.02 08:59:46.401,1.11555,1.11589,1.58,1.65
2013.12.02 08:59:46.502,1.11554,1.11589,3.90,1.58
2013.12.02 08:59:46.553,1.11556,1.1159,1.65,1.65
2013.12.02 08:59:47.079,1.11556,1.11592,1.65,1.65
2013.12.02 08:59:48.307,1.11555,1.11585,1.20,1.58
2013.12.02 08:59:48.611,1.11555,1.11585,1.13,1.65
2013.12.02 08:59:51.630,1.11549,1.11585,1.28,1.65
2013.12.02 08:59:51.680,1.11549,1.11585,1.28,1.65
2013.12.02 08:59:51.837,1.11549,1.11585,1.28,1.65
2013.12.02 08:59:52.151,1.11549,1.11585,1.20,1.65
2013.12.02 08:59:52.203,1.11549,1.11585,1.28,1.65
2013.12.02 08:59:52.262,1.11549,1.11585,1.28,1.65
2013.12.02 08:59:52.853,1.11551,1.11585,1.28,1.65
2013.12.02 08:59:54.564,1.11552,1.11586,1.50,1.65
2013.12.02 08:59:55.100,1.11552,1.11586,1.58,1.65
2013.12.02 08:59:55.619,1.11552,1.11586,1.50,1.65
2013.12.02 08:59:57.387,1.11552,1.11587,1.58,1.65
2013.12.02 08:59:57.750,1.11552,1.11584,1.50,1.65
2013.12.02 08:59:57.903,1.11547,1.11578,2.03,1.50
2013.12.02 08:59:58.409,1.11546,1.11583,1.28,2.40
2013.12.02 08:59:58.763,1.11546,1.11578,1.28,1.58
2013.12.02 08:59:58.865,1.11542,1.11576,1.20,1.65
2013.12.02 08:59:59.081,1.11542,1.11575,1.20,1.65
2013.12.02 08:59:59.591,1.11539,1.11575,1.28,1.65
