2016.04.07 01:00:00.248,1.11472,1.11501,1.57,1.19
2016.04.07 01:00:00.754,1.11475,1.11504,1.00,1.19
2016.04.07 01:00:01.608,1.11471,1.115,1.00,1.25
2016.04.07 01:00:01.760,1.11474,1.11503,1.00,1.19
2016.04.07 01:00:02.685,1.11474,1.11503,1.87,1.19
2016.04.07 01:00:02.999,1.11473,1.11503,1.37,1.66
2016.04.07 01:00:03.202,1.11473,1.11504,1.00,1.66
2016.04.07 01:00:03.253,1.11473,1.11504,1.50,1.19
2016.04.07 01:00:03.593,1.11475,1.11506,1.94,1.00
2016.04.07 01:00:03.796,1.1148,1.11509,1.00,1.31
2016.04.07 01:00:08.034,1.1148,1.11509,1.00,1.29
2016.04.07 01:00:08.085,1.11476,1.11507,1.20,1.19
2016.04.07 01:00:11.611,1.11476,1.11507,1.50,1.19
2016.04.07 01:00:11.916,1.11476,1.11507,1.20,1.19
2016.04.07 01:00:12.271,1.11473,1.11504,1.00,1.19
2016.04.07 01:00:12.373,1.11473,1.11504,1.50,1.19
2016.04.07 01:00:12.939,1.11477,1.11506,1.00,1.19
2016.04.07 01:00:14.943,1.11477,1.11506,1.25,1.00
2016.04.07 01:00:21.349,1.11481,1.11506,1.19,1.00
2016.04.07 01:00:22.756,1.11487,1.11506,1.19,1.00
2016.04.07 01:00:22.908,1.11487,1.1151,1.19,1.00
2016.04.07 01:00:23.143,1.11487,1.11513,1.19,1.07
2016.04.07 01:00:23.295,1.1149,1.11513,1.19,1.00
2016.04.07 01:00:25.923,1.11495,1.11513,1.19,1.00
2016.04.07 01:00:26.378,1.11491,1.11513,1.19,1.00
2016.04.07 01:00:26.530,1.11491,1.1151,1.19,1.00
2016.04.07 01:00:30.352,1.11484,1.1151,1.19,1.00
2016.04.07 01:00:30.556,1.1149,1.1151,1.19,1.00
2016.04.07 01:00:31.155,1.11494,1.11513,1.19,1.00
2016.04.07 01:00:32.415,1.11496,1.11513,1.19,1.00
2016.04.07 01:00:32.568,1.11495,1.11513,1.19,1.00
2016.04.07 01:00:32.670,1.1149,1.11513,1.19,1.00
2016.04.07 01:00:35.428,1.11491,1.11516,1.19,1.00
2016.04.07 01:00:35.630,1.11499,1.11516,1.19,1.00
2016.04.07 01:00:38.180,1.11499,1.11519,1.19,1.00
2016.04.07 01:00:38.724,1.11503,1.11524,1.19,1.00
2016.04.07 01:00:40.088,1.11503,1.11526,1.19,1.00
2016.04.07 01:00:43.778,1.11503,1.11523,1.19,1.00
2016.04.07 01:00:49.159,1.11498,1.11523,1.19,1.00
2016.04.07 01:00:57.663,1.11507,1.11523,1.19,1.00
2016.04.07 01:00:59.429,1.11507,1.11527,1.19,1.00
2016.04.07 01:01:00.329,1.11507,1.1153,1.19,1.00
2016.04.07 01:01:01.258,1.11507,1.11528,1.19,1.00
2016.04.07 01:01:01.571,1.11502,1.11525,1.19,1.00
2016.04.07 01:01:01.976,1.11502,1.11523,1.19,1.00
2016.04.07 01:01:02.027,1.11496,1.11523,1.19,1.00
2016.04.07 01:01:02.286,1.11496,1.11519,1.19,1.00
2016.04.07 01:01:03.467,1.11492,1.11519,1.19,1.00
2016.04.07 01:01:04.176,1.11492,1.11515,1.19,1.00
2016.04.07 01:01:04.227,1.11487,1.11515,1.19,1.00
2016.04.07 01:01:05.767,1.1149,1.11519,1.25,1.50
2016.04.07 01:01:06.559,1.11494,1.11519,1.19,1.50
2016.04.07 01:01:08.470,1.11493,1.11523,1.29,1.00
2016.04.07 01:01:15.046,1.11499,1.11523,1.19,1.00
2016.04.07 01:01:21.622,1.11493,1.11523,1.19,1.12
2016.04.07 01:01:21.824,1.11493,1.11519,1.19,1.00
2016.04.07 01:01:21.977,1.1149,1.11519,1.69,1.00
2016.04.07 01:01:22.292,1.1149,1.11519,1.00,1.00
2016.04.07 01:01:23.015,1.1149,1.11519,1.19,1.00
2016.04.07 01:01:23.066,1.11488,1.11515,1.19,1.00
2016.04.07 01:01:23.572,1.11488,1.11515,1.19,1.00
2016.04.07 01:01:24.238,1.11492,1.11515,1.19,1.00
2016.04.07 01:01:24.340,1.11492,1.11519,1.19,1.00
2016.04.07 01:01:24.647,1.11493,1.11522,1.69,1.00
2016.04.07 01:01:24.698,1.11497,1.11522,1.19,1.00
2016.04.07 01:01:29.322,1.11496,1.11522,1.19,1.50
2016.04.07 01:01:29.424,1.11502,1.11522,1.19,1.10
2016.04.07 01:01:29.576,1.11502,1.11529,1.19,1.85
2016.04.07 01:01:29.851,1.11503,1.1153,1.19,1.00
2016.04.07 01:01:33.385,1.1151,1.1153,1.19,1.00
2016.04.07 01:01:33.436,1.1151,1.11533,1.19,1.10
2016.04.07 01:01:33.790,1.1151,1.11536,1.19,1.00
2016.04.07 01:01:33.942,1.1151,1.11533,1.19,1.00
2016.04.07 01:01:35.572,1.1151,1.1153,1.19,1.00
2016.04.07 01:01:36.135,1.11509,1.11529,1.19,1.00
2016.04.07 01:01:36.186,1.11509,1.11532,1.19,1.00
2016.04.07 01:01:36.237,1.11505,1.11532,1.19,1.00
2016.04.07 01:01:36.339,1.11505,1.1153,1.19,1.00
2016.04.07 01:01:39.738,1.11505,1.11533,1.19,1.00
2016.04.07 01:01:39.789,1.1151,1.11533,1.19,1.00
2016.04.07 01:01:39.891,1.1151,1.11536,1.19,1.00
2016.04.07 01:01:39.992,1.11517,1.11536,1.19,1.00
2016.04.07 01:01:40.246,1.11517,1.11538,1.19,1.00
2016.04.07 01:01:41.220,1.11515,1.11538,1.19,1.00
2016.04.07 01:01:41.542,1.1151,1.11538,1.19,1.00
2016.04.07 01:01:41.745,1.11515,1.11538,1.19,1.00
2016.04.07 01:01:45.114,1.11515,1.11542,1.19,1.00
2016.04.07 01:01:46.353,1.11513,1.11542,1.19,1.00
2016.04.07 01:01:48.805,1.1152,1.11542,1.19,1.50
2016.04.07 01:01:49.204,1.1152,1.11539,1.19,1.00
2016.04.07 01:01:49.255,1.1152,1.11542,1.19,1.00
2016.04.07 01:01:49.458,1.1152,1.11544,1.19,1.00
2016.04.07 01:01:50.018,1.11514,1.11544,1.19,1.00
2016.04.07 01:01:50.069,1.11514,1.11547,1.69,1.00
2016.04.07 01:01:50.322,1.11523,1.11547,1.19,1.00
2016.04.07 01:01:51.627,1.11523,1.11549,1.19,1.00
2016.04.07 01:01:51.880,1.11518,1.11549,1.19,1.50
2016.04.07 01:01:51.931,1.11518,1.11546,1.19,1.00
2016.04.07 01:01:52.648,1.11514,1.11546,1.19,1.00
2016.04.07 01:01:52.851,1.11518,1.11546,1.19,1.00
2016.04.07 01:01:55.809,1.11522,1.11546,1.19,1.00
2016.04.07 01:01:57.902,1.11522,1.11549,1.19,1.00
2016.04.07 01:01:58.458,1.1153,1.11549,1.19,1.00
2016.04.07 01:01:59.184,1.11529,1.11549,1.19,1.00
2016.04.07 01:01:59.675,1.11529,1.11553,1.19,1.00
2016.04.07 01:02:00.458,1.11529,1.11552,1.19,1.00
2016.04.07 01:02:01.019,1.11529,1.1155,1.19,1.00
2016.04.07 01:02:03.157,1.11529,1.11555,1.19,1.00
2016.04.07 01:02:04.090,1.11526,1.11555,1.19,1.00
2016.04.07 01:02:04.973,1.1153,1.11555,1.19,1.00
2016.04.07 01:02:05.473,1.1153,1.1155,1.19,1.00
2016.04.07 01:02:06.532,1.1153,1.11554,1.19,1.50
2016.04.07 01:02:08.258,1.1153,1.11557,1.56,1.50
2016.04.07 01:02:08.311,1.1153,1.11554,1.19,1.00
2016.04.07 01:02:09.239,1.1153,1.1155,1.19,1.00
2016.04.07 01:02:09.724,1.1153,1.11554,1.19,1.00
2016.04.07 01:02:10.593,1.11522,1.11554,1.76,1.00
2016.04.07 01:02:16.149,1.11522,1.11552,1.19,1.00
2016.04.07 01:02:16.301,1.11522,1.11554,1.19,1.57
2016.04.07 01:02:21.905,1.11522,1.11554,1.25,1.19
2016.04.07 01:02:21.956,1.11524,1.11556,1.50,1.29
2016.04.07 01:02:22.261,1.11521,1.1155,1.00,1.19
2016.04.07 01:02:22.767,1.11519,1.1155,1.39,1.69
2016.04.07 01:02:23.542,1.11518,1.1155,1.50,1.19
2016.04.07 01:02:28.992,1.11519,1.1155,1.12,1.19
2016.04.07 01:02:29.195,1.11518,1.1155,1.50,1.19
2016.04.07 01:02:29.701,1.11519,1.11551,1.20,1.19
2016.04.07 01:02:35.381,1.11516,1.11548,2.44,1.00
2016.04.07 01:02:37.879,1.11517,1.11548,1.76,1.00
2016.04.07 01:02:38.391,1.11518,1.11552,1.69,1.25
2016.04.07 01:02:39.166,1.1152,1.11549,1.29,1.00
2016.04.07 01:02:41.497,1.1152,1.11549,1.29,1.00
2016.04.07 01:02:43.699,1.11522,1.11553,1.76,1.25
2016.04.07 01:02:44.449,1.11526,1.11555,1.69,1.12
2016.04.07 01:02:44.972,1.11532,1.11564,1.31,1.50
2016.04.07 01:02:45.125,1.11533,1.11564,2.14,1.00
2016.04.07 01:02:45.662,1.11542,1.11567,1.19,1.00
2016.04.07 01:02:45.765,1.11542,1.11572,1.19,1.25
2016.04.07 01:02:45.918,1.1154,1.11572,2.51,1.00
2016.04.07 01:02:48.139,1.11544,1.11575,1.19,1.25
2016.04.07 01:02:48.392,1.1154,1.11572,2.44,1.00
2016.04.07 01:02:48.767,1.11538,1.11572,1.25,2.06
2016.04.07 01:02:49.171,1.1154,1.11571,1.00,1.31
2016.04.07 01:02:49.836,1.1154,1.11572,1.75,1.69
2016.04.07 01:02:50.422,1.11544,1.11576,1.37,1.26
2016.04.07 01:02:50.676,1.11549,1.11576,1.00,1.19
2016.04.07 01:02:50.727,1.11549,1.11579,1.56,1.00
2016.04.07 01:02:50.778,1.11553,1.11582,1.00,1.00
2016.04.07 01:02:51.142,1.11551,1.11582,1.64,1.00
2016.04.07 01:02:51.447,1.11558,1.11585,1.19,1.00
2016.04.07 01:02:51.924,1.11558,1.11589,1.29,1.00
2016.04.07 01:02:52.554,1.11558,1.11589,1.19,1.07
2016.04.07 01:02:52.605,1.11553,1.11589,1.69,1.26
2016.04.07 01:02:52.706,1.11554,1.11589,1.19,1.76
2016.04.07 01:02:53.027,1.11558,1.11589,1.19,1.19
2016.04.07 01:02:53.381,1.11563,1.11591,1.19,1.07
2016.04.07 01:02:53.960,1.11571,1.11591,1.19,1.00
2016.04.07 01:02:54.014,1.11571,1.11602,1.26,1.00
2016.04.07 01:02:54.530,1.11571,1.11604,1.19,1.57
2016.04.07 01:02:54.733,1.11571,1.11604,1.19,2.25
2016.04.07 01:02:54.784,1.11568,1.11604,1.29,2.44
2016.04.07 01:02:55.488,1.11567,1.116,2.44,1.50
2016.04.07 01:02:55.793,1.11564,1.11592,1.19,1.12
2016.04.07 01:02:56.301,1.11564,1.11594,1.19,2.00
2016.04.07 01:02:56.505,1.11564,1.11594,1.19,1.32
2016.04.07 01:02:58.567,1.11564,1.11594,1.19,1.25
2016.04.07 01:03:00.942,1.11567,1.11594,1.19,1.00
2016.04.07 01:03:01.253,1.11566,1.11591,1.19,1.07
2016.04.07 01:03:03.130,1.11566,1.11591,1.19,1.10
2016.04.07 01:03:03.199,1.11559,1.11591,1.69,1.29
2016.04.07 01:03:04.525,1.11559,1.11591,1.19,1.94
2016.04.07 01:03:05.266,1.11559,1.11591,1.69,1.31
2016.04.07 01:03:05.368,1.11567,1.11591,1.19,1.12
2016.04.07 01:03:05.419,1.11567,1.11591,1.19,1.10
2016.04.07 01:03:06.470,1.11562,1.11591,1.19,1.10
2016.04.07 01:03:06.976,1.11562,1.11591,1.19,1.07
2016.04.07 01:03:09.409,1.11565,1.11588,1.19,1.00
2016.04.07 01:03:09.662,1.11568,1.11596,1.19,1.10
2016.04.07 01:03:10.017,1.11568,1.11596,1.19,1.12
2016.04.07 01:03:12.090,1.11564,1.11592,1.19,1.00
2016.04.07 01:03:12.394,1.11564,1.11595,1.19,1.07
2016.04.07 01:03:12.597,1.11564,1.11592,1.29,1.00
2016.04.07 01:03:12.901,1.11567,1.11592,1.19,1.00
2016.04.07 01:03:13.406,1.11567,1.11596,1.19,1.00
2016.04.07 01:03:15.467,1.11567,1.11593,1.19,1.10
2016.04.07 01:03:20.927,1.11567,1.11597,1.19,1.10
2016.04.07 01:03:21.563,1.11567,1.11596,1.19,1.00
2016.04.07 01:03:26.521,1.11567,1.116,1.69,1.26
2016.04.07 01:03:26.574,1.11572,1.116,1.19,1.07
2016.04.07 01:03:27.081,1.11572,1.116,1.19,1.00
2016.04.07 01:03:29.594,1.11572,1.11598,1.19,1.00
2016.04.07 01:03:29.992,1.11566,1.11598,1.26,1.25
2016.04.07 01:03:30.043,1.11566,1.11594,1.19,1.00
2016.04.07 01:03:31.347,1.11566,1.11594,1.19,1.10
2016.04.07 01:03:36.162,1.1156,1.11594,1.31,1.76
2016.04.07 01:03:36.712,1.1156,1.1159,1.19,1.00
2016.04.07 01:03:37.317,1.1156,1.1159,1.19,1.07
2016.04.07 01:03:40.793,1.11557,1.1159,1.19,2.44
2016.04.07 01:03:40.946,1.11554,1.11587,1.69,1.94
2016.04.07 01:03:47.362,1.11563,1.11587,1.19,2.00
2016.04.07 01:03:47.515,1.11563,1.11587,1.19,2.06
2016.04.07 01:03:51.762,1.11559,1.11587,1.69,1.31
2016.04.07 01:03:53.949,1.11559,1.11589,1.31,1.19
2016.04.07 01:03:54.406,1.11566,1.11591,1.19,1.25
2016.04.07 01:04:03.352,1.11563,1.11588,1.75,1.19
2016.04.07 01:04:05.563,1.11561,1.11577,1.75,1.19
2016.04.07 01:04:05.614,1.11561,1.11577,1.00,1.19
2016.04.07 01:04:05.666,1.11555,1.11577,1.00,1.19
2016.04.07 01:04:05.718,1.11555,1.11577,1.75,1.19
2016.04.07 01:04:06.023,1.11551,1.11574,1.82,1.19
2016.04.07 01:04:06.310,1.11555,1.11582,1.12,1.19
2016.04.07 01:04:06.564,1.1156,1.1159,1.12,1.19
2016.04.07 01:04:06.666,1.11562,1.1159,1.75,1.19
2016.04.07 01:04:07.188,1.11562,1.1159,1.75,1.69
2016.04.07 01:04:07.239,1.11561,1.1159,1.82,1.69
2016.04.07 01:04:14.377,1.11558,1.11584,1.87,1.19
2016.04.07 01:04:18.023,1.11558,1.11584,1.57,1.19
2016.04.07 01:04:18.074,1.11558,1.11584,1.20,1.19
2016.04.07 01:04:19.538,1.11557,1.11584,1.57,1.19
2016.04.07 01:04:20.512,1.11557,1.11586,1.57,1.19
2016.04.07 01:04:21.403,1.11557,1.11587,1.50,1.00
2016.04.07 01:04:21.940,1.11557,1.11587,2.25,1.00
2016.04.07 01:04:22.806,1.11558,1.11587,1.87,1.00
2016.04.07 01:04:24.805,1.11561,1.11587,1.07,1.00
2016.04.07 01:04:25.110,1.11563,1.11587,1.20,1.00
2016.04.07 01:04:25.313,1.11565,1.11591,1.00,1.00
2016.04.07 01:04:25.364,1.11568,1.11591,1.25,1.00
2016.04.07 01:04:25.623,1.11568,1.11594,1.32,1.25
2016.04.07 01:04:25.725,1.11568,1.11594,1.26,1.00
2016.04.07 01:04:26.255,1.1157,1.11597,1.19,1.00
2016.04.07 01:04:26.356,1.11573,1.11597,1.00,1.00
2016.04.07 01:04:29.197,1.11574,1.11597,1.00,1.00
2016.04.07 01:04:31.171,1.11575,1.11597,1.00,1.00
2016.04.07 01:04:31.273,1.11575,1.11602,1.00,1.19
2016.04.07 01:04:32.125,1.11573,1.11601,1.19,1.19
2016.04.07 01:04:32.187,1.11576,1.11601,1.00,1.19
2016.04.07 01:04:32.492,1.11578,1.11602,1.29,1.00
2016.04.07 01:04:32.746,1.11576,1.11602,2.44,1.00
2016.04.07 01:04:32.797,1.11576,1.11604,3.19,1.00
2016.04.07 01:04:36.437,1.11579,1.11604,1.00,1.00
2016.04.07 01:04:41.095,1.11578,1.11604,1.00,1.00
2016.04.07 01:04:41.634,1.11578,1.11604,1.19,1.00
2016.04.07 01:04:42.652,1.1158,1.11604,1.00,1.19
2016.04.07 01:04:43.200,1.11576,1.11604,1.25,1.29
2016.04.07 01:04:44.076,1.11575,1.11603,1.00,1.19
2016.04.07 01:04:44.383,1.11574,1.11604,1.19,2.06
2016.04.07 01:04:44.589,1.11573,1.116,1.19,1.00
2016.04.07 01:04:44.640,1.11573,1.116,1.50,1.19
2016.04.07 01:04:44.902,1.11576,1.116,1.00,1.19
2016.04.07 01:04:45.754,1.11573,1.116,1.50,1.19
2016.04.07 01:04:47.170,1.11576,1.116,1.19,1.00
2016.04.07 01:04:48.479,1.11573,1.116,1.00,1.00
2016.04.07 01:04:49.993,1.11577,1.116,1.19,1.00
2016.04.07 01:04:50.449,1.11583,1.116,1.19,1.00
2016.04.07 01:04:51.020,1.11583,1.11601,1.19,1.00
2016.04.07 01:04:52.106,1.11582,1.11601,1.19,1.00
2016.04.07 01:04:55.279,1.11578,1.11601,1.19,1.00
2016.04.07 01:04:55.969,1.11574,1.11601,1.69,1.00
2016.04.07 01:04:56.020,1.11574,1.11597,1.69,1.00
2016.04.07 01:04:57.263,1.11578,1.11597,1.19,1.00
2016.04.07 01:05:01.962,1.11579,1.116,1.19,1.00
2016.04.07 01:05:02.183,1.11583,1.116,1.19,1.00
2016.04.07 01:05:03.096,1.11593,1.116,1.19,1.00
2016.04.07 01:05:03.198,1.11585,1.116,1.19,1.00
2016.04.07 01:05:03.656,1.11581,1.116,1.19,1.00
2016.04.07 01:05:09.051,1.11575,1.116,1.19,1.00
2016.04.07 01:05:09.305,1.11575,1.11597,1.19,1.00
2016.04.07 01:05:11.472,1.11581,1.11597,1.19,1.00
2016.04.07 01:05:11.574,1.11581,1.11601,1.19,1.00
2016.04.07 01:05:11.777,1.11586,1.11601,1.19,1.00
2016.04.07 01:05:12.080,1.1159,1.11601,1.19,1.00
2016.04.07 01:05:12.775,1.11584,1.11601,1.29,1.00
2016.04.07 01:05:13.528,1.11579,1.11601,4.12,1.00
2016.04.07 01:05:16.984,1.11583,1.11601,1.19,1.00
2016.04.07 01:05:17.086,1.11579,1.11601,1.12,1.00
2016.04.07 01:05:17.187,1.11572,1.11601,1.94,1.00
2016.04.07 01:05:17.239,1.11571,1.11598,2.44,1.00
2016.04.07 01:05:17.290,1.1157,1.11598,1.01,1.25
2016.04.07 01:05:17.391,1.11571,1.11598,1.39,1.00
2016.04.07 01:05:17.696,1.11571,1.11595,1.29,1.00
2016.04.07 01:05:17.747,1.11568,1.11595,1.94,1.00
2016.04.07 01:05:18.054,1.11565,1.11592,2.06,1.00
2016.04.07 01:05:18.587,1.11567,1.11592,1.22,1.00
2016.04.07 01:05:19.137,1.11565,1.11592,2.06,1.00
2016.04.07 01:05:19.240,1.11565,1.11592,2.06,1.00
2016.04.07 01:05:19.752,1.11564,1.11592,1.31,1.00
2016.04.07 01:05:20.144,1.11563,1.11588,1.76,1.00
2016.04.07 01:05:24.709,1.11557,1.11588,1.75,1.26
2016.04.07 01:05:24.760,1.11554,1.11582,1.85,1.00
2016.04.07 01:05:25.859,1.11555,1.11584,1.19,1.00
2016.04.07 01:05:26.411,1.11554,1.11583,1.57,1.00
2016.04.07 01:05:26.867,1.11554,1.11585,2.32,1.00
2016.04.07 01:05:26.969,1.11557,1.11585,2.44,1.00
2016.04.07 01:05:27.394,1.11559,1.11587,1.01,1.00
2016.04.07 01:05:27.546,1.11558,1.11587,2.81,1.00
2016.04.07 01:05:27.749,1.11558,1.11587,2.14,1.00
2016.04.07 01:05:27.851,1.11558,1.11587,2.81,1.00
2016.04.07 01:05:30.054,1.1156,1.11591,1.19,1.32
2016.04.07 01:05:30.105,1.11557,1.11586,2.06,1.00
2016.04.07 01:05:30.257,1.11557,1.11586,1.62,1.00
2016.04.07 01:05:30.409,1.11554,1.11584,1.76,1.00
2016.04.07 01:05:32.492,1.11554,1.11584,1.00,1.19
2016.04.07 01:05:33.064,1.11557,1.11585,1.69,1.00
2016.04.07 01:05:33.584,1.11558,1.11585,1.22,1.00
2016.04.07 01:05:33.686,1.11556,1.11585,1.29,1.00
2016.04.07 01:05:34.299,1.11553,1.11583,2.06,1.00
2016.04.07 01:05:37.956,1.11557,1.11586,1.07,1.19
2016.04.07 01:05:38.462,1.11557,1.11584,1.50,1.25
2016.04.07 01:05:39.385,1.11556,1.11581,1.75,1.00
2016.04.07 01:05:39.436,1.11554,1.11581,1.76,1.00
2016.04.07 01:05:39.942,1.11555,1.11584,1.76,1.25
2016.04.07 01:05:40.495,1.11554,1.1158,1.29,1.00
2016.04.07 01:05:42.130,1.11556,1.11585,1.00,1.19
2016.04.07 01:05:43.670,1.11554,1.11585,1.69,1.19
2016.04.07 01:05:44.932,1.11555,1.11585,1.22,1.19
2016.04.07 01:05:46.105,1.11557,1.11587,2.44,1.00
2016.04.07 01:05:46.450,1.11557,1.11587,1.75,1.19
2016.04.07 01:05:46.552,1.11558,1.11587,1.75,1.00
2016.04.07 01:05:46.653,1.11558,1.11584,1.12,1.00
2016.04.07 01:05:46.805,1.1155,1.1158,1.94,1.00
2016.04.07 01:05:46.907,1.1155,1.1158,1.26,1.00
2016.04.07 01:05:47.550,1.1155,1.1158,1.69,1.00
2016.04.07 01:05:49.961,1.11549,1.1158,1.26,1.00
2016.04.07 01:05:52.047,1.11549,1.1158,1.00,1.26
2016.04.07 01:05:52.512,1.11546,1.11577,1.20,1.29
2016.04.07 01:05:52.716,1.11549,1.1158,1.19,1.07
2016.04.07 01:05:55.527,1.11546,1.11577,2.06,1.00
2016.04.07 01:05:55.831,1.1155,1.11579,1.19,1.10
2016.04.07 01:05:56.135,1.11552,1.11583,1.10,1.19
2016.04.07 01:05:56.640,1.11552,1.11583,1.57,1.19
2016.04.07 01:05:57.724,1.11552,1.11579,1.07,1.00
2016.04.07 01:05:58.027,1.1155,1.11579,2.14,1.00
2016.04.07 01:05:58.544,1.1155,1.11579,2.06,1.25
2016.04.07 01:05:59.329,1.11548,1.11576,2.04,1.00
2016.04.07 01:06:03.608,1.1155,1.11576,1.00,1.00
2016.04.07 01:06:03.710,1.11549,1.11573,1.00,1.00
2016.04.07 01:06:03.761,1.11545,1.11573,1.76,1.00
2016.04.07 01:06:04.268,1.11547,1.11573,1.32,1.00
2016.04.07 01:06:04.369,1.11547,1.11576,2.44,1.00
2016.04.07 01:06:04.471,1.1155,1.11576,1.12,1.00
2016.04.07 01:06:04.673,1.1155,1.11579,2.25,1.19
2016.04.07 01:06:05.197,1.11551,1.11579,1.87,1.19
2016.04.07 01:06:05.697,1.11549,1.11576,1.75,1.00
2016.04.07 01:06:07.455,1.11551,1.11576,1.26,1.00
2016.04.07 01:06:07.902,1.11551,1.11579,2.81,1.00
2016.04.07 01:06:09.885,1.11553,1.11579,1.69,1.00
2016.04.07 01:06:09.939,1.11557,1.11579,1.00,1.00
2016.04.07 01:06:10.204,1.11555,1.11579,1.01,1.00
2016.04.07 01:06:10.716,1.11556,1.11579,1.00,1.00
2016.04.07 01:06:11.160,1.11554,1.11579,1.20,1.00
2016.04.07 01:06:11.920,1.11552,1.11579,1.00,1.00
2016.04.07 01:06:12.621,1.1155,1.11579,1.01,1.00
2016.04.07 01:06:12.852,1.11552,1.11579,1.00,1.00
2016.04.07 01:06:13.193,1.11552,1.11576,1.00,1.00
2016.04.07 01:06:16.067,1.11554,1.11576,1.00,1.00
2016.04.07 01:06:16.485,1.11552,1.11576,1.00,1.00
2016.04.07 01:06:16.586,1.11552,1.11576,1.69,1.00
2016.04.07 01:06:17.605,1.11552,1.11573,1.19,1.00
2016.04.07 01:06:25.376,1.11556,1.11573,1.19,1.00
2016.04.07 01:06:25.831,1.11551,1.11573,1.19,1.00
2016.04.07 01:06:27.583,1.11544,1.11573,1.31,1.19
2016.04.07 01:06:28.039,1.11542,1.1157,1.69,1.00
2016.04.07 01:06:29.841,1.11544,1.11573,2.51,1.00
2016.04.07 01:06:29.943,1.11552,1.11573,1.00,1.00
2016.04.07 01:06:30.562,1.11552,1.11572,1.00,1.19
2016.04.07 01:06:30.613,1.11548,1.11572,1.00,1.19
2016.04.07 01:06:30.664,1.11548,1.11573,1.00,1.00
2016.04.07 01:06:30.715,1.11554,1.11573,1.00,1.00
2016.04.07 01:06:30.817,1.11544,1.11573,2.51,1.00
2016.04.07 01:06:30.919,1.11547,1.11573,1.00,1.00
2016.04.07 01:06:31.284,1.11552,1.11578,1.00,1.19
2016.04.07 01:06:31.607,1.11555,1.11578,1.00,1.19
2016.04.07 01:06:31.669,1.11553,1.11578,1.00,1.19
2016.04.07 01:06:31.936,1.11553,1.11572,1.00,1.19
2016.04.07 01:06:32.249,1.11555,1.11572,1.00,1.19
2016.04.07 01:06:33.015,1.11553,1.11572,1.00,1.19
2016.04.07 01:06:33.453,1.11551,1.11572,1.00,1.19
2016.04.07 01:06:34.004,1.1155,1.11572,1.00,1.19
2016.04.07 01:06:34.779,1.11549,1.11572,1.87,1.19
2016.04.07 01:06:36.964,1.11542,1.11571,1.12,1.19
2016.04.07 01:06:37.065,1.11542,1.11569,1.00,1.19
2016.04.07 01:06:37.394,1.11542,1.11567,1.00,1.19
2016.04.07 01:06:41.347,1.11541,1.11567,1.00,1.19
2016.04.07 01:06:41.449,1.11541,1.11569,2.25,1.19
2016.04.07 01:06:41.551,1.11546,1.11569,1.50,1.19
2016.04.07 01:06:41.856,1.1155,1.1156,1.00,1.19
2016.04.07 01:06:42.312,1.1155,1.11567,1.00,1.19
2016.04.07 01:06:43.109,1.11548,1.11567,1.00,1.19
2016.04.07 01:06:44.007,1.11546,1.11567,1.50,1.19
2016.04.07 01:06:47.731,1.11546,1.11565,1.00,1.19
2016.04.07 01:06:47.782,1.11543,1.11565,1.00,1.19
2016.04.07 01:06:47.833,1.11541,1.11565,1.00,1.19
2016.04.07 01:06:48.095,1.11545,1.11565,1.00,1.19
2016.04.07 01:06:49.961,1.11543,1.11565,1.00,1.19
2016.04.07 01:06:51.134,1.11545,1.11565,1.00,1.19
2016.04.07 01:06:53.314,1.11542,1.11565,1.50,1.19
2016.04.07 01:06:53.416,1.11539,1.11565,1.00,1.19
2016.04.07 01:06:53.669,1.11544,1.11565,1.00,1.19
2016.04.07 01:06:54.175,1.11545,1.11565,1.00,1.19
2016.04.07 01:06:54.813,1.11544,1.11565,1.50,1.19
2016.04.07 01:06:58.266,1.11544,1.11573,1.50,1.19
2016.04.07 01:07:03.640,1.11543,1.11569,1.25,1.00
2016.04.07 01:07:04.240,1.11544,1.11569,1.00,1.00
2016.04.07 01:07:04.831,1.11544,1.11572,1.00,1.19
2016.04.07 01:07:06.095,1.11546,1.11575,1.00,1.69
2016.04.07 01:07:07.092,1.11546,1.11575,1.29,1.00
2016.04.07 01:07:07.396,1.11547,1.11571,1.19,1.00
2016.04.07 01:07:10.173,1.11549,1.11571,2.06,1.00
2016.04.07 01:07:10.224,1.11549,1.11578,2.06,1.00
2016.04.07 01:07:10.701,1.1155,1.11578,1.26,1.19
2016.04.07 01:07:10.752,1.11553,1.11578,1.00,1.19
2016.04.07 01:07:10.853,1.11549,1.11578,1.29,1.19
2016.04.07 01:07:11.376,1.11552,1.11578,1.00,1.19
2016.04.07 01:07:11.919,1.11547,1.11578,1.69,1.19
2016.04.07 01:07:12.020,1.11547,1.11578,1.56,1.00
2016.04.07 01:07:12.525,1.11547,1.11578,1.19,1.19
2016.04.07 01:07:12.681,1.11545,1.11574,1.76,1.00
2016.04.07 01:07:13.036,1.11548,1.11579,1.19,1.19
2016.04.07 01:07:13.515,1.11545,1.11574,1.76,1.00
2016.04.07 01:07:13.745,1.11549,1.11578,1.19,1.19
2016.04.07 01:07:16.516,1.11549,1.11578,1.10,1.19
2016.04.07 01:07:18.625,1.11545,1.11576,2.07,1.19
2016.04.07 01:07:19.625,1.11547,1.11576,1.69,1.00
2016.04.07 01:07:20.690,1.11545,1.11576,1.69,1.69
2016.04.07 01:07:20.980,1.11547,1.11571,1.00,1.00
2016.04.07 01:07:21.435,1.11542,1.11571,1.31,1.00
2016.04.07 01:07:22.643,1.11543,1.11572,1.76,1.25
2016.04.07 01:07:23.888,1.11546,1.11575,1.19,1.19
2016.04.07 01:07:24.194,1.11548,1.11575,1.76,1.00
2016.04.07 01:07:24.297,1.11548,1.11578,2.51,1.00
2016.04.07 01:07:29.006,1.11548,1.11578,1.01,1.00
2016.04.07 01:07:29.231,1.11553,1.11582,1.62,1.19
2016.04.07 01:07:29.760,1.11552,1.11582,1.01,1.19
2016.04.07 01:07:30.083,1.11551,1.1158,1.75,1.19
2016.04.07 01:07:30.426,1.11549,1.11578,1.31,1.19
2016.04.07 01:07:31.042,1.11549,1.11578,2.06,1.00
2016.04.07 01:07:32.041,1.11551,1.11582,1.64,1.19
2016.04.07 01:07:33.163,1.11553,1.11582,1.69,1.00
2016.04.07 01:07:35.156,1.11555,1.11584,1.29,1.00
2016.04.07 01:07:35.917,1.11563,1.11584,1.19,1.00
2016.04.07 01:07:46.821,1.11563,1.11581,1.19,1.00
2016.04.07 01:07:48.887,1.1156,1.11581,1.19,1.00
2016.04.07 01:07:49.192,1.1156,1.11581,1.19,1.75
2016.04.07 01:07:49.497,1.1156,1.11577,1.19,1.00
2016.04.07 01:07:49.953,1.11564,1.11577,1.19,1.00
2016.04.07 01:07:50.217,1.11564,1.11583,1.19,1.00
2016.04.07 01:07:51.792,1.11564,1.11586,1.19,1.12
2016.04.07 01:07:51.845,1.11569,1.11586,1.19,1.12
2016.04.07 01:07:52.118,1.11572,1.11591,1.19,1.00
2016.04.07 01:07:52.328,1.11567,1.11591,1.19,1.00
2016.04.07 01:07:52.480,1.11567,1.11594,1.19,1.12
2016.04.07 01:07:52.784,1.11567,1.11589,1.19,1.00
2016.04.07 01:07:55.573,1.11569,1.11596,1.25,1.57
2016.04.07 01:07:55.725,1.11569,1.11599,1.25,1.95
2016.04.07 01:07:56.230,1.11569,1.11599,1.25,1.12
2016.04.07 01:07:56.913,1.11567,1.11596,2.44,1.00
2016.04.07 01:07:57.218,1.11571,1.11592,1.19,1.00
2016.04.07 01:08:00.219,1.11565,1.11592,1.19,1.00
2016.04.07 01:08:00.725,1.11565,1.11592,1.19,1.07
2016.04.07 01:08:01.737,1.11565,1.11592,1.19,1.00
2016.04.07 01:08:02.495,1.11571,1.11592,1.19,1.00
2016.04.07 01:08:03.761,1.11571,1.11597,1.19,1.00
2016.04.07 01:08:06.912,1.11571,1.1159,1.19,1.00
2016.04.07 01:08:09.197,1.11571,1.11585,1.19,1.00
2016.04.07 01:08:09.299,1.11571,1.1159,1.19,1.00
2016.04.07 01:08:09.806,1.11566,1.1159,1.19,1.00
2016.04.07 01:08:10.109,1.11571,1.1159,1.19,1.00
2016.04.07 01:08:11.711,1.11571,1.11594,1.19,1.00
2016.04.07 01:08:12.015,1.11577,1.11594,1.19,1.00
2016.04.07 01:08:12.116,1.11571,1.11594,1.19,1.00
2016.04.07 01:08:17.926,1.11577,1.11594,1.19,1.00
2016.04.07 01:08:20.414,1.11577,1.11597,1.19,1.00
2016.04.07 01:08:25.608,1.11572,1.11597,1.29,1.00
2016.04.07 01:08:27.278,1.11572,1.11591,1.19,1.00
2016.04.07 01:08:28.612,1.11563,1.11591,1.56,1.00
2016.04.07 01:08:28.816,1.11563,1.11589,1.19,1.00
2016.04.07 01:08:29.119,1.11566,1.11589,1.19,1.00
2016.04.07 01:08:29.271,1.11559,1.11589,1.94,1.00
2016.04.07 01:08:29.827,1.11565,1.11589,1.19,1.00
2016.04.07 01:08:30.486,1.11562,1.11589,2.04,1.00
2016.04.07 01:08:30.587,1.11567,1.11598,2.44,1.19
2016.04.07 01:08:31.568,1.11565,1.11594,1.19,1.25
2016.04.07 01:08:31.721,1.11565,1.11594,1.19,2.14
2016.04.07 01:08:33.160,1.11562,1.11589,1.19,1.00
2016.04.07 01:08:34.181,1.11562,1.11593,1.76,1.00
2016.04.07 01:08:34.333,1.11567,1.11593,1.19,1.00
2016.04.07 01:08:39.467,1.11562,1.11593,1.69,1.19
2016.04.07 01:08:42.115,1.11567,1.11595,1.29,1.00
2016.04.07 01:08:43.123,1.11567,1.11592,1.19,1.00
2016.04.07 01:08:49.006,1.11567,1.11588,1.19,1.00
2016.04.07 01:08:49.486,1.11574,1.11588,1.19,1.00
2016.04.07 01:08:53.126,1.11575,1.11588,1.19,1.00
2016.04.07 01:08:53.282,1.11575,1.11593,1.19,1.00
2016.04.07 01:08:53.333,1.11575,1.11597,1.19,1.07
2016.04.07 01:08:54.241,1.11575,1.11595,1.19,1.00
2016.04.07 01:08:56.874,1.11569,1.11595,1.19,1.19
2016.04.07 01:08:56.975,1.1157,1.11595,1.19,1.50
2016.04.07 01:08:57.296,1.11569,1.11595,1.19,1.76
2016.04.07 01:08:57.499,1.11569,1.11595,1.19,2.04
2016.04.07 01:08:57.803,1.11569,1.11587,1.19,1.00
2016.04.07 01:08:59.492,1.11569,1.11583,1.19,1.00
2016.04.07 01:09:00.549,1.11569,1.11587,1.19,1.00
2016.04.07 01:09:00.707,1.11564,1.11587,1.19,1.00
2016.04.07 01:09:01.011,1.11564,1.11591,1.19,1.00
2016.04.07 01:09:01.977,1.11564,1.11591,1.19,1.50
2016.04.07 01:09:02.028,1.1156,1.11588,1.19,1.10
2016.04.07 01:09:02.130,1.11559,1.11586,1.19,1.12
2016.04.07 01:09:02.383,1.11555,1.11584,1.31,1.00
2016.04.07 01:09:03.273,1.11555,1.11586,1.31,1.25
2016.04.07 01:09:04.475,1.1156,1.11586,1.19,1.00
2016.04.07 01:09:04.779,1.11564,1.11586,1.19,1.00
2016.04.07 01:09:04.880,1.11564,1.11589,1.19,1.50
2016.04.07 01:09:05.979,1.11559,1.11587,1.19,1.19
2016.04.07 01:09:08.734,1.11564,1.11589,1.19,1.10
2016.04.07 01:09:09.167,1.11573,1.11595,1.19,1.00
2016.04.07 01:09:09.218,1.1157,1.11595,1.19,1.00
2016.04.07 01:09:09.842,1.11566,1.11595,1.19,1.00
2016.04.07 01:09:09.944,1.11569,1.11595,1.19,1.00
2016.04.07 01:09:23.172,1.11569,1.11588,1.19,1.00
2016.04.07 01:09:23.584,1.11563,1.11588,1.31,1.00
2016.04.07 01:09:26.332,1.11567,1.11588,1.19,1.00
2016.04.07 01:09:27.563,1.11573,1.11588,1.19,1.00
2016.04.07 01:09:27.665,1.11573,1.11592,1.19,1.00
2016.04.07 01:09:27.767,1.11578,1.11592,1.19,1.00
2016.04.07 01:09:29.009,1.11578,1.11594,1.19,1.00
2016.04.07 01:09:29.060,1.11578,1.11597,1.19,1.00
2016.04.07 01:09:30.116,1.11572,1.11597,1.19,1.00
2016.04.07 01:09:30.521,1.11577,1.11597,1.19,1.00
2016.04.07 01:09:31.307,1.11577,1.11598,1.19,1.00
2016.04.07 01:09:38.448,1.11579,1.11601,1.39,1.00
2016.04.07 01:09:38.549,1.11577,1.11601,2.32,1.00
2016.04.07 01:09:38.600,1.11577,1.11599,1.75,1.00
2016.04.07 01:09:38.702,1.11572,1.11599,1.19,1.00
2016.04.07 01:09:39.060,1.11574,1.11599,1.19,1.00
2016.04.07 01:09:39.567,1.11576,1.11599,1.19,1.00
2016.04.07 01:09:39.668,1.11572,1.11599,1.31,1.00
2016.04.07 01:09:40.407,1.11575,1.11599,1.19,1.00
2016.04.07 01:09:47.567,1.11581,1.11599,1.19,1.00
2016.04.07 01:09:48.225,1.11573,1.11599,1.56,1.00
2016.04.07 01:09:48.768,1.11573,1.11599,1.26,1.00
2016.04.07 01:09:54.051,1.11579,1.11599,1.19,1.00
2016.04.07 01:09:54.355,1.11573,1.11591,1.19,1.00
2016.04.07 01:09:55.629,1.11578,1.11591,1.19,1.00
2016.04.07 01:09:56.272,1.11578,1.11593,1.19,1.00
2016.04.07 01:09:56.323,1.11578,1.11597,1.19,1.00
2016.04.07 01:09:58.600,1.11572,1.11597,1.19,1.00
2016.04.07 01:10:02.856,1.1157,1.11597,1.56,1.00
2016.04.07 01:10:06.514,1.11568,1.11597,1.31,1.19
2016.04.07 01:10:10.357,1.11568,1.11594,1.00,1.19
2016.04.07 01:10:10.903,1.11568,1.11597,1.19,1.29
2016.04.07 01:10:11.055,1.11566,1.11589,1.29,1.00
2016.04.07 01:10:11.804,1.11571,1.11589,1.19,1.00
2016.04.07 01:10:12.007,1.11571,1.11591,1.19,1.00
2016.04.07 01:10:14.321,1.11573,1.11591,1.19,1.00
2016.04.07 01:10:18.021,1.11573,1.11596,1.19,1.00
2016.04.07 01:10:18.836,1.11579,1.11596,1.19,1.00
2016.04.07 01:10:18.938,1.11579,1.116,1.31,1.00
2016.04.07 01:10:19.235,1.11574,1.116,1.01,1.00
2016.04.07 01:10:19.619,1.11572,1.11598,1.66,1.00
2016.04.07 01:10:32.036,1.11578,1.11598,1.75,1.00
2016.04.07 01:10:32.088,1.1158,1.11604,2.25,1.69
2016.04.07 01:10:32.141,1.1158,1.11602,2.44,1.00
2016.04.07 01:10:32.589,1.11581,1.11602,1.19,1.00
2016.04.07 01:10:33.335,1.11578,1.11603,2.51,1.00
2016.04.07 01:10:33.841,1.11578,1.11602,1.29,1.00
2016.04.07 01:10:40.004,1.11578,1.11598,1.19,1.00
2016.04.07 01:10:40.267,1.11574,1.11598,1.19,1.00
2016.04.07 01:10:40.792,1.11574,1.11603,1.69,1.25
2016.04.07 01:10:41.148,1.11579,1.11603,1.19,1.00
2016.04.07 01:10:41.662,1.1158,1.11603,1.19,1.25
2016.04.07 01:10:42.870,1.1158,1.11604,1.19,1.00
2016.04.07 01:10:44.003,1.11588,1.11604,1.19,1.00
2016.04.07 01:10:45.151,1.11588,1.11605,1.19,1.00
2016.04.07 01:10:45.574,1.11593,1.11605,1.19,1.00
2016.04.07 01:10:55.670,1.11594,1.11613,1.19,1.00
2016.04.07 01:10:57.133,1.11599,1.11613,1.19,1.00
2016.04.07 01:10:57.437,1.11592,1.11614,1.19,1.00
2016.04.07 01:10:57.641,1.11598,1.11614,1.19,1.00
2016.04.07 01:10:58.148,1.11599,1.11614,1.19,1.00
2016.04.07 01:10:59.881,1.11599,1.11613,1.19,1.00
2016.04.07 01:11:04.769,1.11599,1.11614,1.19,1.00
2016.04.07 01:11:08.573,1.11599,1.11613,1.19,1.00
2016.04.07 01:11:08.885,1.11595,1.11613,1.19,1.00
2016.04.07 01:11:10.561,1.11598,1.11613,1.19,1.00
2016.04.07 01:11:20.344,1.11598,1.1161,1.19,1.00
2016.04.07 01:11:23.250,1.11591,1.1161,1.19,1.00
2016.04.07 01:11:23.502,1.11598,1.1161,1.19,1.00
2016.04.07 01:11:24.796,1.11594,1.1161,1.19,1.00
2016.04.07 01:11:24.948,1.11599,1.1161,1.19,1.00
2016.04.07 01:11:25.050,1.11595,1.1161,1.19,1.00
2016.04.07 01:11:25.151,1.11598,1.1161,1.25,1.00
2016.04.07 01:11:25.811,1.11595,1.1161,1.19,1.00
2016.04.07 01:11:26.599,1.11598,1.1161,1.25,1.00
2016.04.07 01:11:31.857,1.11589,1.1161,1.19,1.00
2016.04.07 01:11:33.059,1.11589,1.1161,1.19,1.07
2016.04.07 01:11:33.594,1.11585,1.1161,1.19,1.07
2016.04.07 01:11:38.480,1.11585,1.1161,1.19,1.00
2016.04.07 01:11:38.886,1.11598,1.1161,1.19,1.00
2016.04.07 01:11:39.190,1.11603,1.1161,1.19,1.00
2016.04.07 01:11:39.344,1.11604,1.11613,1.19,1.00
2016.04.07 01:11:40.875,1.11604,1.11614,1.19,1.50
2016.04.07 01:11:43.390,1.11603,1.11611,1.19,1.00
2016.04.07 01:11:43.745,1.11599,1.11611,1.19,1.00
2016.04.07 01:11:46.384,1.11593,1.11611,1.19,1.00
2016.04.07 01:12:01.904,1.11601,1.11611,1.19,1.00
2016.04.07 01:12:01.955,1.11601,1.11614,1.19,1.00
2016.04.07 01:12:02.861,1.11601,1.11617,1.19,1.00
2016.04.07 01:12:02.962,1.11601,1.11621,1.19,1.00
2016.04.07 01:12:03.367,1.11601,1.11624,1.19,1.00
2016.04.07 01:12:21.820,1.11606,1.11624,1.19,1.00
2016.04.07 01:12:27.646,1.11606,1.11627,1.19,1.00
2016.04.07 01:12:27.747,1.11616,1.11627,1.25,1.00
2016.04.07 01:12:28.000,1.11616,1.11632,1.25,1.00
2016.04.07 01:12:29.120,1.11616,1.11634,1.25,1.00
2016.04.07 01:12:30.704,1.11618,1.11634,1.19,1.00
2016.04.07 01:12:43.451,1.11625,1.11634,1.19,1.00
2016.04.07 01:12:43.502,1.11625,1.11638,1.19,1.00
2016.04.07 01:12:45.866,1.11625,1.1164,1.19,1.00
2016.04.07 01:12:50.641,1.11611,1.1164,2.06,1.00
2016.04.07 01:12:52.876,1.11609,1.11636,1.94,1.00
2016.04.07 01:12:55.543,1.11608,1.11636,1.94,1.00
2016.04.07 01:13:01.803,1.11609,1.11636,2.04,1.00
2016.04.07 01:13:02.208,1.11607,1.11636,1.50,1.00
2016.04.07 01:13:04.210,1.11607,1.11634,1.07,1.00
2016.04.07 01:13:05.388,1.11607,1.11634,1.50,1.00
2016.04.07 01:13:10.131,1.11609,1.11634,1.00,1.00
2016.04.07 01:13:10.385,1.11605,1.11634,1.00,1.00
2016.04.07 01:13:10.436,1.11603,1.11629,1.00,1.00
2016.04.07 01:13:11.973,1.116,1.11629,1.10,1.19
2016.04.07 01:13:12.876,1.116,1.11629,1.07,1.19
2016.04.07 01:13:13.230,1.11601,1.11629,1.75,1.00
2016.04.07 01:13:13.484,1.11606,1.11632,1.07,1.00
2016.04.07 01:13:14.970,1.11603,1.11632,1.87,1.00
2016.04.07 01:13:16.423,1.11601,1.11629,1.75,1.00
2016.04.07 01:13:16.525,1.11601,1.11629,1.12,1.00
2016.04.07 01:13:22.364,1.11603,1.11629,1.12,1.00
2016.04.07 01:13:22.415,1.11604,1.11633,1.07,1.00
2016.04.07 01:13:22.466,1.11606,1.11633,1.07,1.00
2016.04.07 01:13:27.399,1.11607,1.11633,1.12,1.00
2016.04.07 01:13:27.753,1.11609,1.11636,1.66,1.00
2016.04.07 01:13:28.003,1.11609,1.11633,1.37,1.00
2016.04.07 01:13:28.055,1.11606,1.11633,1.31,1.00
2016.04.07 01:13:28.562,1.11607,1.11633,1.31,1.00
2016.04.07 01:13:28.613,1.11607,1.11633,2.06,1.00
2016.04.07 01:13:29.327,1.11608,1.11631,1.50,1.19
2016.04.07 01:13:31.454,1.11608,1.11631,1.01,1.19
2016.04.07 01:13:32.071,1.11608,1.11631,1.01,1.19
2016.04.07 01:13:32.762,1.11606,1.11631,2.62,1.19
2016.04.07 01:13:36.623,1.11606,1.11631,1.75,1.19
2016.04.07 01:13:39.910,1.11608,1.11631,1.00,1.19
2016.04.07 01:13:39.962,1.11604,1.11631,1.12,1.19
2016.04.07 01:13:41.636,1.11604,1.11625,1.12,1.19
2016.04.07 01:13:43.015,1.11606,1.11625,1.87,1.19
2016.04.07 01:13:43.520,1.11606,1.11625,2.25,1.19
2016.04.07 01:13:43.571,1.11606,1.11625,1.57,1.19
2016.04.07 01:13:44.219,1.11604,1.11625,1.12,1.19
2016.04.07 01:13:44.640,1.11604,1.11633,1.12,1.25
2016.04.07 01:13:44.713,1.11611,1.11633,1.19,1.00
2016.04.07 01:13:51.643,1.11611,1.1163,1.19,1.00
2016.04.07 01:13:52.562,1.11606,1.1163,1.19,1.00
2016.04.07 01:13:52.664,1.11606,1.11628,1.19,1.00
2016.04.07 01:13:54.099,1.11608,1.11628,1.19,1.00
2016.04.07 01:13:57.306,1.11608,1.11631,1.19,1.00
2016.04.07 01:13:59.792,1.11617,1.11631,1.19,1.00
2016.04.07 01:14:01.253,1.11617,1.11629,1.19,1.00
2016.04.07 01:14:01.354,1.11611,1.11629,1.19,1.00
2016.04.07 01:14:01.665,1.11604,1.11629,1.19,1.00
2016.04.07 01:14:01.766,1.1161,1.11629,1.19,1.00
2016.04.07 01:14:02.019,1.11608,1.11629,1.19,1.00
2016.04.07 01:14:03.122,1.11614,1.11629,1.19,1.00
2016.04.07 01:14:10.197,1.11614,1.11631,1.19,1.00
2016.04.07 01:14:12.419,1.11614,1.11635,1.19,1.00
2016.04.07 01:14:16.869,1.11617,1.11635,1.19,1.00
2016.04.07 01:14:17.173,1.11619,1.11639,1.19,1.00
2016.04.07 01:14:17.325,1.11624,1.11639,1.19,1.00
2016.04.07 01:14:19.699,1.11624,1.11637,1.19,1.00
2016.04.07 01:14:20.511,1.11623,1.11637,1.19,1.00
2016.04.07 01:14:21.018,1.11622,1.11639,1.19,1.00
2016.04.07 01:14:21.069,1.1163,1.11639,1.19,1.00
2016.04.07 01:14:21.171,1.11623,1.11639,1.19,1.00
2016.04.07 01:14:21.820,1.11623,1.11637,1.19,1.00
2016.04.07 01:14:25.194,1.11623,1.11641,1.19,1.10
2016.04.07 01:14:25.245,1.11619,1.11641,1.19,1.00
2016.04.07 01:14:25.346,1.11624,1.11641,1.19,1.00
2016.04.07 01:14:26.556,1.11622,1.11641,1.19,1.00
2016.04.07 01:14:30.420,1.11622,1.11644,1.19,1.00
2016.04.07 01:14:31.271,1.11622,1.1164,1.19,1.00
2016.04.07 01:14:31.423,1.11611,1.1164,2.44,1.00
2016.04.07 01:14:31.575,1.11611,1.11637,1.69,1.00
2016.04.07 01:14:33.770,1.11614,1.11643,1.19,1.00
2016.04.07 01:14:33.821,1.11629,1.11643,1.19,1.00
2016.04.07 01:14:34.125,1.11627,1.11634,1.19,1.00
2016.04.07 01:14:34.489,1.11625,1.11634,1.19,1.00
2016.04.07 01:14:36.962,1.11622,1.1163,1.19,1.00
2016.04.07 01:14:37.598,1.11622,1.11635,1.19,1.00
2016.04.07 01:14:38.657,1.11617,1.11635,1.19,1.00
2016.04.07 01:14:39.113,1.11619,1.11635,1.19,1.00
2016.04.07 01:14:39.561,1.11608,1.1163,1.19,1.00
2016.04.07 01:14:39.764,1.11615,1.11633,1.19,1.37
2016.04.07 01:14:40.275,1.11615,1.11633,1.19,1.00
2016.04.07 01:14:40.868,1.11615,1.11633,1.19,1.00
2016.04.07 01:14:45.072,1.11615,1.11636,1.19,1.00
2016.04.07 01:14:45.123,1.11623,1.11636,1.19,1.00
2016.04.07 01:14:45.829,1.11625,1.11636,1.19,1.00
2016.04.07 01:14:45.880,1.11625,1.1164,1.19,1.00
2016.04.07 01:14:47.322,1.11619,1.1164,1.19,1.00
2016.04.07 01:14:47.624,1.11619,1.11637,1.19,1.00
2016.04.07 01:14:47.675,1.11616,1.11637,1.19,1.00
2016.04.07 01:14:49.523,1.11615,1.11637,1.19,1.00
2016.04.07 01:14:51.614,1.11611,1.11637,1.19,1.00
2016.04.07 01:14:53.054,1.11614,1.11637,1.19,1.00
2016.04.07 01:14:53.307,1.11612,1.11637,1.19,1.00
2016.04.07 01:14:54.371,1.11612,1.11632,1.19,1.00
2016.04.07 01:14:55.183,1.11599,1.11627,1.69,1.00
2016.04.07 01:14:55.389,1.116,1.11629,1.19,1.00
2016.04.07 01:14:55.492,1.116,1.11629,1.00,1.19
2016.04.07 01:14:55.594,1.11604,1.1163,1.00,1.19
2016.04.07 01:14:55.715,1.11605,1.11633,1.19,1.00
2016.04.07 01:14:55.919,1.11604,1.11633,1.19,1.00
2016.04.07 01:14:56.020,1.11609,1.11633,1.19,1.00
2016.04.07 01:14:56.433,1.11613,1.11633,1.19,1.00
2016.04.07 01:14:56.484,1.11609,1.11633,1.19,1.00
2016.04.07 01:14:57.363,1.11607,1.11633,1.19,1.00
2016.04.07 01:14:59.101,1.11611,1.11638,1.19,1.00
2016.04.07 01:14:59.683,1.11617,1.11638,1.19,1.00
2016.04.07 01:15:00.543,1.11626,1.11638,1.19,1.00
2016.04.07 01:15:01.864,1.1163,1.11638,1.19,1.00
2016.04.07 01:15:01.915,1.1163,1.1164,1.19,1.00
2016.04.07 01:15:01.966,1.1163,1.1164,1.19,1.00
2016.04.07 01:15:02.169,1.1163,1.11636,1.19,1.00
2016.04.07 01:15:02.223,1.11623,1.11636,1.19,1.00
2016.04.07 01:15:02.650,1.11613,1.11636,1.00,1.00
2016.04.07 01:15:03.852,1.11607,1.11636,1.00,1.00
2016.04.07 01:15:19.245,1.11607,1.11635,1.00,1.19
2016.04.07 01:15:19.296,1.11602,1.11633,1.50,1.19
2016.04.07 01:15:19.347,1.11602,1.11628,1.50,1.19
2016.04.07 01:15:19.701,1.11602,1.11633,1.00,1.25
2016.04.07 01:15:20.715,1.11602,1.11629,1.00,1.19
2016.04.07 01:15:21.691,1.11602,1.11626,1.00,1.19
2016.04.07 01:15:21.793,1.116,1.11626,1.00,1.19
2016.04.07 01:15:21.945,1.11596,1.11626,1.00,1.19
2016.04.07 01:15:22.486,1.116,1.11628,1.00,1.19
2016.04.07 01:15:22.537,1.116,1.11629,1.00,1.00
2016.04.07 01:15:22.689,1.11597,1.11626,1.00,1.00
2016.04.07 01:15:22.740,1.116,1.11631,1.00,1.00
2016.04.07 01:15:23.930,1.11599,1.11633,1.00,1.00
2016.04.07 01:15:23.981,1.11599,1.1163,1.00,1.00
2016.04.07 01:15:26.691,1.11597,1.11626,1.00,1.00
2016.04.07 01:15:32.832,1.116,1.11631,1.00,1.00
2016.04.07 01:15:33.845,1.11603,1.11634,1.00,1.00
2016.04.07 01:15:35.863,1.11601,1.1163,1.00,1.00
2016.04.07 01:15:37.353,1.11604,1.11633,1.00,1.00
2016.04.07 01:15:41.935,1.11601,1.1163,1.00,1.00
2016.04.07 01:15:43.672,1.11596,1.11627,1.00,1.00
2016.04.07 01:15:45.357,1.116,1.11629,1.00,1.19
2016.04.07 01:15:45.459,1.116,1.11629,1.00,1.00
2016.04.07 01:15:45.994,1.11596,1.11625,1.00,1.25
2016.04.07 01:15:46.653,1.11596,1.11625,1.00,1.19
2016.04.07 01:15:50.607,1.11596,1.11617,1.00,1.19
2016.04.07 01:15:54.106,1.11596,1.11625,1.00,1.19
2016.04.07 01:16:00.178,1.11596,1.11625,1.19,1.00
2016.04.07 01:16:04.132,1.116,1.11629,1.00,1.25
2016.04.07 01:16:05.303,1.11604,1.11632,1.19,1.00
2016.04.07 01:16:05.608,1.11609,1.11636,1.19,1.00
2016.04.07 01:16:05.710,1.11609,1.11638,1.00,1.00
2016.04.07 01:16:05.813,1.1161,1.11638,1.19,1.00
2016.04.07 01:16:06.118,1.11609,1.11638,1.19,1.00
2016.04.07 01:16:06.442,1.11606,1.11635,1.19,1.00
2016.04.07 01:16:06.595,1.11608,1.11635,1.19,1.00
2016.04.07 01:16:10.050,1.11608,1.11637,1.69,1.00
2016.04.07 01:16:10.101,1.11608,1.11637,1.19,1.00
2016.04.07 01:16:12.618,1.11608,1.11637,1.00,1.19
2016.04.07 01:16:12.922,1.11603,1.11634,1.00,1.19
2016.04.07 01:16:21.630,1.11603,1.11634,1.00,1.00
2016.04.07 01:16:27.846,1.116,1.11631,1.00,1.00
2016.04.07 01:16:30.780,1.116,1.11631,1.00,1.19
2016.04.07 01:16:31.596,1.11597,1.11628,1.00,1.00
2016.04.07 01:16:32.018,1.11594,1.11625,1.19,1.00
2016.04.07 01:16:32.322,1.11597,1.11626,1.00,1.00
2016.04.07 01:16:32.677,1.11597,1.11626,1.00,1.69
2016.04.07 01:16:37.423,1.11594,1.11623,1.00,1.19
2016.04.07 01:16:37.474,1.11594,1.11613,1.00,1.12
2016.04.07 01:16:37.525,1.1159,1.11613,1.00,1.12
2016.04.07 01:16:37.576,1.11586,1.11614,1.00,1.00
2016.04.07 01:16:37.677,1.11586,1.11617,1.50,1.00
2016.04.07 01:16:37.728,1.11586,1.11617,1.50,1.19
2016.04.07 01:16:38.154,1.11591,1.11619,1.00,1.19
2016.04.07 01:16:40.025,1.11591,1.11613,1.00,1.19
2016.04.07 01:16:40.076,1.11587,1.11613,1.00,1.19
2016.04.07 01:16:40.229,1.11587,1.11609,1.00,1.19
2016.04.07 01:16:41.576,1.11587,1.11604,1.00,1.19
2016.04.07 01:16:42.315,1.11587,1.11602,1.00,1.19
2016.04.07 01:16:42.822,1.11587,1.11603,1.00,1.19
2016.04.07 01:16:46.286,1.11584,1.11603,1.00,1.19
2016.04.07 01:16:46.842,1.11584,1.11612,1.00,1.00
2016.04.07 01:16:47.348,1.11584,1.11613,1.00,1.00
2016.04.07 01:16:48.263,1.11584,1.11613,1.69,1.00
2016.04.07 01:16:48.314,1.11587,1.11616,1.19,1.00
2016.04.07 01:16:49.024,1.11587,1.11616,1.19,1.00
2016.04.07 01:16:49.379,1.1159,1.11621,1.25,1.00
2016.04.07 01:16:50.576,1.11592,1.11621,1.19,1.00
2016.04.07 01:16:57.170,1.1159,1.11621,1.69,1.25
2016.04.07 01:16:57.727,1.11588,1.11617,1.19,1.00
2016.04.07 01:16:59.287,1.11585,1.11614,1.00,1.00
2016.04.07 01:16:59.628,1.11585,1.11614,1.00,1.19
2016.04.07 01:17:00.286,1.11585,1.11614,1.00,1.19
2016.04.07 01:17:01.011,1.11585,1.11614,1.00,1.19
2016.04.07 01:17:01.163,1.11582,1.11611,1.00,1.19
2016.04.07 01:17:01.266,1.11582,1.11611,1.00,1.19
2016.04.07 01:17:01.824,1.11582,1.1161,1.00,1.19
2016.04.07 01:17:03.578,1.11582,1.11598,1.00,1.19
2016.04.07 01:17:03.899,1.11581,1.11606,1.00,1.50
2016.04.07 01:17:03.951,1.11581,1.11612,1.00,1.19
2016.04.07 01:17:04.002,1.11581,1.11612,1.00,1.19
2016.04.07 01:17:04.570,1.11586,1.11615,1.00,1.19
2016.04.07 01:17:04.922,1.11586,1.11613,1.00,1.19
2016.04.07 01:17:05.782,1.11583,1.1161,1.00,1.19
2016.04.07 01:17:06.556,1.11583,1.11612,1.00,1.19
2016.04.07 01:17:09.066,1.11585,1.11616,1.00,2.06
2016.04.07 01:17:09.400,1.11583,1.11612,1.00,1.19
2016.04.07 01:17:09.501,1.11586,1.11615,1.00,1.69
2016.04.07 01:17:09.814,1.11588,1.11619,1.00,1.19
2016.04.07 01:17:10.271,1.11585,1.11616,1.00,1.19
2016.04.07 01:17:11.141,1.11585,1.11614,1.00,1.19
2016.04.07 01:17:11.836,1.11585,1.11616,1.00,1.19
2016.04.07 01:17:12.255,1.11585,1.11616,1.00,1.00
2016.04.07 01:17:12.306,1.11588,1.11618,1.00,1.25
2016.04.07 01:17:13.017,1.11588,1.11618,1.00,1.32
2016.04.07 01:17:13.573,1.11592,1.11618,1.00,1.32
2016.04.07 01:17:13.776,1.11592,1.11621,1.00,1.00
2016.04.07 01:17:16.873,1.11592,1.11617,1.00,1.19
2016.04.07 01:17:17.374,1.11592,1.11616,1.00,1.19
2016.04.07 01:17:17.914,1.11587,1.1161,1.00,1.19
2016.04.07 01:17:18.224,1.11587,1.11604,1.00,1.19
2016.04.07 01:17:18.632,1.11587,1.11613,1.00,1.19
2016.04.07 01:17:19.292,1.11587,1.11607,1.00,1.19
2016.04.07 01:17:19.495,1.11583,1.11607,1.00,1.19
2016.04.07 01:17:19.647,1.11583,1.11594,1.00,1.19
2016.04.07 01:17:19.951,1.11583,1.11592,1.00,1.19
2016.04.07 01:17:21.072,1.11583,1.11596,1.00,1.19
2016.04.07 01:17:21.812,1.11587,1.11596,1.00,1.19
2016.04.07 01:17:22.166,1.11582,1.11596,1.00,1.19
2016.04.07 01:17:22.268,1.11576,1.1159,2.25,1.25
2016.04.07 01:17:22.369,1.11576,1.11588,1.50,1.19
2016.04.07 01:17:22.834,1.11558,1.11584,1.00,1.19
2016.04.07 01:17:23.240,1.11558,1.11589,1.50,1.19
2016.04.07 01:17:23.392,1.11561,1.11589,1.00,1.19
2016.04.07 01:17:24.008,1.11559,1.11589,1.50,1.19
2016.04.07 01:17:24.160,1.11559,1.11587,1.00,1.19
2016.04.07 01:17:24.686,1.11558,1.11587,1.00,1.19
2016.04.07 01:17:25.067,1.11558,1.11585,1.00,1.19
2016.04.07 01:17:26.416,1.11556,1.11577,1.00,1.19
2016.04.07 01:17:26.571,1.11555,1.1158,1.00,1.25
2016.04.07 01:17:26.673,1.11555,1.11576,1.00,1.19
2016.04.07 01:17:26.825,1.11553,1.11576,1.00,1.19
2016.04.07 01:17:31.633,1.11553,1.11576,1.50,1.19
2016.04.07 01:17:32.190,1.11554,1.11579,1.00,1.19
2016.04.07 01:17:32.586,1.11553,1.11582,1.50,1.19
2016.04.07 01:17:33.158,1.11553,1.11576,1.00,1.19
2016.04.07 01:17:33.694,1.11553,1.11589,1.00,1.19
2016.04.07 01:17:34.373,1.1155,1.11585,1.00,1.19
2016.04.07 01:17:34.883,1.1155,1.11585,1.50,1.19
2016.04.07 01:17:35.237,1.1155,1.11588,1.50,1.00
2016.04.07 01:17:35.440,1.11556,1.11588,1.00,1.00
2016.04.07 01:17:35.542,1.11552,1.11588,1.00,1.00
2016.04.07 01:17:35.745,1.11556,1.11588,1.00,1.00
2016.04.07 01:17:36.561,1.11556,1.11592,1.00,1.19
2016.04.07 01:17:37.062,1.11555,1.11592,1.00,1.19
2016.04.07 01:17:37.612,1.11557,1.11592,1.00,1.00
2016.04.07 01:17:37.951,1.11559,1.11592,1.00,1.00
2016.04.07 01:17:39.264,1.11556,1.11592,1.00,1.00
2016.04.07 01:17:40.525,1.11556,1.11587,1.00,1.19
2016.04.07 01:17:40.576,1.11549,1.11587,1.00,1.19
2016.04.07 01:17:40.628,1.11553,1.11587,1.00,2.25
2016.04.07 01:17:40.879,1.11548,1.11582,1.50,1.75
2016.04.07 01:17:42.784,1.11549,1.11583,1.00,1.19
2016.04.07 01:17:43.597,1.1155,1.11583,1.00,1.19
2016.04.07 01:17:45.025,1.1155,1.11572,1.00,1.19
2016.04.07 01:17:45.973,1.11548,1.11572,1.00,1.19
2016.04.07 01:17:46.478,1.11549,1.11572,1.00,1.19
2016.04.07 01:17:47.114,1.1155,1.11572,1.00,1.19
2016.04.07 01:17:47.165,1.1155,1.11564,1.00,1.19
2016.04.07 01:17:47.528,1.11548,1.11564,1.00,1.19
2016.04.07 01:17:52.693,1.1155,1.11564,1.00,1.19
2016.04.07 01:17:52.845,1.11552,1.11577,1.00,1.19
2016.04.07 01:17:52.997,1.11556,1.11577,1.00,1.19
2016.04.07 01:17:53.367,1.11552,1.11577,1.50,1.19
2016.04.07 01:17:56.698,1.11554,1.11577,1.00,1.19
2016.04.07 01:17:58.675,1.11554,1.11582,1.00,1.19
2016.04.07 01:17:59.463,1.11555,1.11582,1.00,1.19
2016.04.07 01:18:00.149,1.11551,1.11575,1.00,1.19
2016.04.07 01:18:00.200,1.11547,1.11575,1.50,1.19
2016.04.07 01:18:00.251,1.11551,1.11575,1.00,1.19
2016.04.07 01:18:00.665,1.11551,1.11578,1.00,1.19
2016.04.07 01:18:04.587,1.11554,1.11578,1.00,1.19
2016.04.07 01:18:04.688,1.11549,1.11578,1.00,1.19
2016.04.07 01:18:04.790,1.11551,1.11578,1.00,1.19
2016.04.07 01:18:05.105,1.11556,1.11582,1.00,1.19
2016.04.07 01:18:05.358,1.11554,1.11582,1.00,1.19
2016.04.07 01:18:05.410,1.1156,1.11591,1.00,1.31
2016.04.07 01:18:05.461,1.11563,1.11591,1.00,1.31
2016.04.07 01:18:05.679,1.1156,1.11591,1.00,1.31
2016.04.07 01:18:05.730,1.1156,1.11592,1.00,1.19
2016.04.07 01:18:08.541,1.11556,1.11589,1.50,1.19
2016.04.07 01:18:08.592,1.1156,1.11592,1.00,1.19
2016.04.07 01:18:11.996,1.1156,1.11592,1.00,1.19
2016.04.07 01:18:13.204,1.11557,1.11585,1.00,1.25
2016.04.07 01:18:13.509,1.11551,1.11583,1.50,1.00
2016.04.07 01:18:14.011,1.1155,1.11583,1.00,1.00
2016.04.07 01:18:15.334,1.11552,1.11583,1.00,1.00
2016.04.07 01:18:15.674,1.1155,1.11583,1.00,1.00
2016.04.07 01:18:16.029,1.11553,1.11583,1.00,1.00
2016.04.07 01:18:16.131,1.1155,1.11583,1.50,1.00
2016.04.07 01:18:16.334,1.11552,1.11583,1.00,1.00
2016.04.07 01:18:17.015,1.11551,1.11583,1.50,1.00
2016.04.07 01:18:17.330,1.11553,1.11583,1.00,1.00
2016.04.07 01:18:17.634,1.11551,1.1158,1.00,1.00
2016.04.07 01:18:18.635,1.1155,1.1158,1.00,1.00
2016.04.07 01:18:19.550,1.11551,1.1158,1.00,1.00
2016.04.07 01:18:20.086,1.1155,1.1158,1.50,1.00
2016.04.07 01:18:21.353,1.11551,1.1158,1.00,1.00
2016.04.07 01:18:21.767,1.11551,1.11578,1.00,1.19
2016.04.07 01:18:22.291,1.1155,1.11578,1.50,1.19
2016.04.07 01:18:23.445,1.11548,1.11578,1.50,1.19
2016.04.07 01:18:25.476,1.1155,1.11578,1.00,1.19
2016.04.07 01:18:26.149,1.11548,1.11578,1.00,1.19
2016.04.07 01:18:26.323,1.1155,1.11578,1.00,1.19
2016.04.07 01:18:27.211,1.11548,1.11578,1.00,1.19
2016.04.07 01:18:30.229,1.11548,1.11574,1.00,1.19
2016.04.07 01:18:32.079,1.11547,1.11574,2.25,1.19
2016.04.07 01:18:33.583,1.11548,1.11574,1.00,1.19
2016.04.07 01:18:34.133,1.11549,1.11574,1.00,1.19
2016.04.07 01:18:36.437,1.11549,1.11574,1.00,1.19
2016.04.07 01:18:37.459,1.1155,1.11574,1.00,1.19
2016.04.07 01:18:43.181,1.11552,1.11574,1.00,1.19
2016.04.07 01:18:43.286,1.11548,1.11574,1.00,1.19
2016.04.07 01:18:43.338,1.11548,1.11567,1.00,1.19
2016.04.07 01:18:43.389,1.11545,1.11567,1.00,1.19
2016.04.07 01:18:43.541,1.11544,1.11564,1.50,1.19
2016.04.07 01:18:43.643,1.11542,1.11564,1.50,1.19
2016.04.07 01:18:43.744,1.11544,1.11564,1.00,1.19
2016.04.07 01:18:44.371,1.11544,1.11563,1.00,1.19
2016.04.07 01:18:44.523,1.11542,1.11563,1.50,1.19
2016.04.07 01:18:44.574,1.11542,1.11567,1.50,1.19
2016.04.07 01:18:44.827,1.11544,1.11567,1.00,1.19
2016.04.07 01:18:47.424,1.11544,1.11573,1.00,1.25
2016.04.07 01:18:48.620,1.11544,1.11569,1.00,1.00
2016.04.07 01:18:49.419,1.11545,1.11569,1.00,1.00
2016.04.07 01:18:50.044,1.11544,1.11569,1.00,1.00
2016.04.07 01:18:50.566,1.11543,1.11569,1.50,1.00
2016.04.07 01:18:51.211,1.11544,1.11569,1.00,1.00
2016.04.07 01:18:51.566,1.11542,1.11569,1.00,1.00
2016.04.07 01:18:54.760,1.11543,1.11569,1.00,1.00
2016.04.07 01:18:55.478,1.11542,1.11569,1.00,1.00
2016.04.07 01:18:57.367,1.11543,1.11569,1.00,1.00
2016.04.07 01:18:59.644,1.11542,1.11569,1.00,1.00
2016.04.07 01:19:00.055,1.11547,1.11574,1.00,1.00
2016.04.07 01:19:00.156,1.11544,1.11574,1.00,1.00
2016.04.07 01:19:00.359,1.11549,1.11574,1.00,1.00
2016.04.07 01:19:01.292,1.11549,1.11577,1.00,1.00
2016.04.07 01:19:02.327,1.11548,1.11577,1.00,1.00
2016.04.07 01:19:02.480,1.11546,1.11577,1.00,1.00
2016.04.07 01:19:02.531,1.11546,1.11575,1.00,1.00
2016.04.07 01:19:05.338,1.11547,1.11575,1.00,1.00
2016.04.07 01:19:06.438,1.11546,1.11575,1.00,1.00
2016.04.07 01:19:07.278,1.11547,1.11575,1.00,1.00
2016.04.07 01:19:08.303,1.11546,1.11575,1.00,1.00
2016.04.07 01:19:09.850,1.11547,1.11575,1.00,1.00
2016.04.07 01:19:12.122,1.11548,1.11575,1.00,1.00
2016.04.07 01:19:12.629,1.11547,1.11575,1.00,1.00
2016.04.07 01:19:13.270,1.11548,1.11575,1.00,1.00
2016.04.07 01:19:13.778,1.11547,1.11575,1.00,1.00
2016.04.07 01:19:14.327,1.11548,1.11575,1.50,1.00
2016.04.07 01:19:15.644,1.11549,1.11578,1.50,1.00
2016.04.07 01:19:17.644,1.11551,1.11578,1.00,1.00
2016.04.07 01:19:18.200,1.11554,1.11578,1.00,1.00
2016.04.07 01:19:28.360,1.11557,1.11578,1.19,1.00
2016.04.07 01:19:32.251,1.1156,1.11578,1.00,1.00
2016.04.07 01:19:33.155,1.11558,1.11578,1.19,1.00
2016.04.07 01:19:33.452,1.11561,1.11582,1.00,1.00
2016.04.07 01:19:33.815,1.11557,1.11585,1.19,1.00
2016.04.07 01:19:34.337,1.11559,1.11587,1.25,1.00
2016.04.07 01:19:34.388,1.11565,1.11587,1.19,1.00
2016.04.07 01:19:34.911,1.11567,1.11587,1.00,1.00
2016.04.07 01:19:35.869,1.11575,1.11601,1.19,1.00
2016.04.07 01:19:35.921,1.1158,1.11601,1.19,1.00
2016.04.07 01:19:36.275,1.1158,1.11604,1.19,1.00
2016.04.07 01:19:36.967,1.1158,1.11602,1.19,1.00
2016.04.07 01:19:37.328,1.1158,1.116,1.19,1.00
2016.04.07 01:19:37.380,1.11577,1.116,1.19,1.00
2016.04.07 01:19:40.971,1.11572,1.116,1.19,1.25
2016.04.07 01:19:42.393,1.1157,1.11595,1.69,1.00
2016.04.07 01:19:42.545,1.11567,1.11592,1.19,1.00
2016.04.07 01:19:46.656,1.11567,1.11595,1.19,1.25
2016.04.07 01:19:48.116,1.11566,1.11595,1.00,1.69
2016.04.07 01:19:48.622,1.11567,1.11595,1.00,1.69
2016.04.07 01:19:53.180,1.11571,1.11595,1.00,1.19
2016.04.07 01:19:53.434,1.11568,1.11595,1.00,1.19
2016.04.07 01:19:53.636,1.11566,1.11595,1.00,1.19
2016.04.07 01:19:53.738,1.11565,1.11595,2.44,1.00
2016.04.07 01:19:53.839,1.11565,1.11595,1.50,1.69
2016.04.07 01:19:56.160,1.11563,1.11592,1.19,1.00
2016.04.07 01:19:56.465,1.11572,1.11598,1.00,1.19
2016.04.07 01:19:56.516,1.1157,1.11598,1.00,1.19
2016.04.07 01:19:58.490,1.11572,1.11598,1.00,1.19
2016.04.07 01:19:58.794,1.11579,1.11606,1.19,1.00
2016.04.07 01:19:59.836,1.1158,1.11609,1.19,1.19
2016.04.07 01:20:04.544,1.11587,1.11609,1.00,1.19
2016.04.07 01:20:04.645,1.11584,1.11609,1.00,1.19
2016.04.07 01:20:05.983,1.11584,1.11611,1.26,1.25
2016.04.07 01:20:06.325,1.11593,1.11611,1.00,1.25
2016.04.07 01:20:08.021,1.1159,1.11611,1.00,1.25
2016.04.07 01:20:08.274,1.11589,1.1161,1.00,1.19
2016.04.07 01:20:08.580,1.11587,1.1161,1.00,1.19
2016.04.07 01:20:10.686,1.11589,1.1161,1.00,1.19
2016.04.07 01:20:11.887,1.11589,1.11611,1.25,1.00
2016.04.07 01:20:13.717,1.11593,1.11619,1.50,1.29
2016.04.07 01:20:13.971,1.11596,1.11619,1.00,1.29
2016.04.07 01:20:14.123,1.11594,1.11619,1.00,1.29
2016.04.07 01:20:14.645,1.11593,1.11619,1.50,1.29
2016.04.07 01:20:15.293,1.11594,1.11619,1.00,1.29
2016.04.07 01:20:18.204,1.11593,1.11619,1.00,1.19
2016.04.07 01:20:19.827,1.11586,1.11619,1.50,1.19
2016.04.07 01:20:19.928,1.11586,1.11615,1.57,1.19
2016.04.07 01:20:21.010,1.11587,1.11615,1.07,1.19
2016.04.07 01:20:21.620,1.11587,1.11615,1.07,1.19
2016.04.07 01:20:22.227,1.11587,1.11615,1.07,1.19
2016.04.07 01:20:22.756,1.11587,1.11615,1.07,1.19
2016.04.07 01:20:23.337,1.11587,1.11615,1.07,1.19
2016.04.07 01:20:23.838,1.11587,1.11615,1.07,1.19
2016.04.07 01:20:25.878,1.11586,1.11615,1.57,1.19
2016.04.07 01:20:26.546,1.11586,1.11615,1.57,1.19
2016.04.07 01:20:27.073,1.11586,1.11615,1.57,1.19
2016.04.07 01:20:27.674,1.11586,1.11615,1.57,1.19
2016.04.07 01:20:29.334,1.11586,1.11615,1.57,1.19
2016.04.07 01:20:29.842,1.11587,1.11615,1.07,1.00
2016.04.07 01:20:30.806,1.11587,1.11615,1.07,1.25
2016.04.07 01:20:31.313,1.11587,1.11615,1.07,1.25
2016.04.07 01:20:32.066,1.11587,1.11615,1.07,1.25
2016.04.07 01:20:32.867,1.11588,1.11615,1.07,1.25
2016.04.07 01:20:33.439,1.11588,1.11615,1.07,1.25
2016.04.07 01:20:34.226,1.11588,1.11615,1.07,1.25
2016.04.07 01:20:34.874,1.11587,1.11615,1.07,1.25
2016.04.07 01:20:35.178,1.11584,1.11615,1.07,1.19
2016.04.07 01:20:35.229,1.11585,1.11615,1.26,1.00
2016.04.07 01:20:35.482,1.11585,1.11615,1.26,1.00
2016.04.07 01:20:35.723,1.11585,1.11615,1.19,1.00
2016.04.07 01:20:35.774,1.11585,1.11611,1.19,1.00
2016.04.07 01:20:35.977,1.1158,1.11611,1.19,1.00
2016.04.07 01:20:40.097,1.11579,1.11607,1.19,1.00
2016.04.07 01:20:40.760,1.11578,1.11611,1.19,1.00
2016.04.07 01:20:41.464,1.11581,1.11614,1.25,1.00
2016.04.07 01:20:42.790,1.11585,1.11614,1.19,1.00
2016.04.07 01:20:43.713,1.11585,1.1161,1.19,1.00
2016.04.07 01:20:50.728,1.11581,1.1161,1.19,1.00
2016.04.07 01:20:51.237,1.11581,1.1161,1.26,1.00
2016.04.07 01:20:51.785,1.11581,1.1161,1.26,1.00
2016.04.07 01:20:52.306,1.11581,1.1161,1.26,1.00
2016.04.07 01:20:52.917,1.11584,1.1161,1.26,1.00
2016.04.07 01:20:54.936,1.11591,1.1161,1.19,1.00
2016.04.07 01:21:00.411,1.11591,1.11613,1.19,1.00
2016.04.07 01:21:03.884,1.11591,1.11611,1.19,1.00
2016.04.07 01:21:03.935,1.1158,1.11609,1.25,1.31
2016.04.07 01:21:03.986,1.11579,1.11605,1.19,1.00
2016.04.07 01:21:04.290,1.11576,1.11599,1.19,1.00
2016.04.07 01:21:04.544,1.11576,1.11603,1.19,1.00
2016.04.07 01:21:05.260,1.11572,1.11603,1.19,1.00
2016.04.07 01:21:07.719,1.11571,1.116,1.19,1.00
2016.04.07 01:21:16.789,1.11571,1.116,1.00,1.19
2016.04.07 01:21:17.232,1.11571,1.116,1.19,1.00
2016.04.07 01:21:19.659,1.11575,1.116,1.19,1.00
2016.04.07 01:21:19.913,1.11575,1.11603,1.19,1.00
2016.04.07 01:21:20.170,1.11578,1.11603,1.19,1.00
2016.04.07 01:21:20.576,1.11576,1.11603,1.25,1.00
2016.04.07 01:21:20.728,1.11573,1.11601,1.19,1.00
2016.04.07 01:21:20.991,1.11571,1.11601,1.69,1.00
2016.04.07 01:21:21.042,1.11571,1.11598,1.19,1.00
2016.04.07 01:21:21.093,1.11567,1.11598,1.25,1.00
2016.04.07 01:21:21.313,1.11565,1.11594,1.19,1.00
2016.04.07 01:21:21.617,1.11563,1.11589,1.19,1.00
2016.04.07 01:21:21.769,1.11563,1.11591,1.19,1.00
2016.04.07 01:21:28.351,1.11561,1.11591,1.00,1.00
2016.04.07 01:21:28.402,1.11562,1.11594,1.00,1.00
2016.04.07 01:21:28.453,1.1157,1.11594,1.19,1.00
2016.04.07 01:21:28.504,1.1157,1.11597,1.19,1.00
2016.04.07 01:21:28.812,1.1157,1.11602,1.19,1.00
2016.04.07 01:21:37.453,1.1157,1.116,1.19,1.00
2016.04.07 01:21:37.960,1.1157,1.11599,1.19,1.00
2016.04.07 01:21:38.011,1.1157,1.11602,1.19,1.00
2016.04.07 01:21:39.872,1.1157,1.11598,1.19,1.00
2016.04.07 01:21:39.924,1.11565,1.11598,1.25,1.12
2016.04.07 01:21:39.975,1.11565,1.11594,1.25,1.00
2016.04.07 01:21:40.178,1.11557,1.1159,1.69,1.00
2016.04.07 01:21:40.280,1.11557,1.1159,1.69,1.12
2016.04.07 01:21:40.583,1.1155,1.11581,1.00,1.25
2016.04.07 01:21:40.634,1.11548,1.11581,1.25,1.25
2016.04.07 01:21:41.153,1.11549,1.11581,1.19,1.00
2016.04.07 01:21:41.365,1.11551,1.11583,1.19,1.00
2016.04.07 01:21:41.670,1.11555,1.11583,1.19,1.00
2016.04.07 01:21:42.026,1.11553,1.11583,1.00,1.69
2016.04.07 01:21:42.535,1.11551,1.11583,1.69,1.69
2016.04.07 01:21:43.662,1.11551,1.11577,1.00,1.19
2016.04.07 01:21:44.408,1.11551,1.11583,1.19,1.25
2016.04.07 01:21:45.279,1.11554,1.11583,1.00,1.25
2016.04.07 01:21:46.785,1.11551,1.11583,1.19,1.25
2016.04.07 01:21:47.072,1.11551,1.11583,1.00,1.69
2016.04.07 01:21:47.175,1.11548,1.1158,1.76,1.19
2016.04.07 01:21:50.594,1.11551,1.11585,1.19,1.31
2016.04.07 01:21:50.798,1.11556,1.11585,1.00,1.31
2016.04.07 01:21:52.789,1.11551,1.11585,1.19,1.31
2016.04.07 01:21:53.043,1.11549,1.1158,1.29,1.00
2016.04.07 01:21:54.783,1.11549,1.1158,1.00,1.00
2016.04.07 01:21:59.580,1.1155,1.1158,1.00,1.00
2016.04.07 01:22:00.089,1.11549,1.1158,1.00,1.00
2016.04.07 01:22:03.459,1.1155,1.1158,1.00,1.00
2016.04.07 01:22:04.630,1.1155,1.1158,1.19,1.00
2016.04.07 01:22:04.934,1.1156,1.11587,1.19,1.00
2016.04.07 01:22:05.686,1.1156,1.11589,1.19,1.00
2016.04.07 01:22:06.742,1.11557,1.11589,1.19,1.00
2016.04.07 01:22:07.937,1.11555,1.11587,1.19,1.00
2016.04.07 01:22:08.904,1.11555,1.11585,1.19,1.00
2016.04.07 01:22:08.955,1.11553,1.11585,1.01,1.00
2016.04.07 01:22:09.486,1.1155,1.11584,2.06,1.00
2016.04.07 01:22:09.840,1.1155,1.11581,1.19,1.00
2016.04.07 01:22:09.942,1.1155,1.11583,1.69,1.00
2016.04.07 01:22:10.542,1.11554,1.11583,1.00,1.00
2016.04.07 01:22:11.571,1.11553,1.11587,1.32,1.00
2016.04.07 01:22:11.622,1.11553,1.11584,1.32,1.00
2016.04.07 01:22:11.930,1.11555,1.11584,1.19,1.00
2016.04.07 01:22:16.441,1.11554,1.11584,1.25,1.00
2016.04.07 01:22:16.643,1.11553,1.11584,1.07,1.69
2016.04.07 01:22:16.795,1.11552,1.11581,1.00,1.19
2016.04.07 01:22:17.625,1.11558,1.11587,1.00,1.19
2016.04.07 01:22:17.894,1.11554,1.11585,1.00,1.69
2016.04.07 01:22:17.945,1.11551,1.1158,1.25,1.00
2016.04.07 01:22:18.046,1.11553,1.11584,1.00,1.19
2016.04.07 01:22:18.351,1.11557,1.11586,1.00,1.19
2016.04.07 01:22:19.208,1.11559,1.11588,1.00,1.19
2016.04.07 01:22:19.309,1.11559,1.1159,1.00,1.29
2016.04.07 01:22:21.704,1.1156,1.1159,1.19,1.00
2016.04.07 01:22:24.338,1.11563,1.11592,1.25,1.00
2016.04.07 01:22:24.490,1.11564,1.11592,1.19,1.00
2016.04.07 01:22:25.017,1.11563,1.11592,1.00,1.07
2016.04.07 01:22:25.472,1.11563,1.11592,1.69,1.07
2016.04.07 01:22:26.228,1.11574,1.11592,1.19,1.00
2016.04.07 01:22:26.279,1.11574,1.116,1.19,1.10
2016.04.07 01:22:26.891,1.11569,1.116,1.19,1.10
2016.04.07 01:22:26.943,1.11569,1.116,1.19,1.12
2016.04.07 01:22:27.409,1.11567,1.11596,1.69,1.00
2016.04.07 01:22:27.915,1.11567,1.11596,1.69,1.07
2016.04.07 01:22:28.464,1.11567,1.11596,1.69,1.00
2016.04.07 01:22:29.080,1.11578,1.11596,1.19,1.00
2016.04.07 01:22:29.132,1.11578,1.116,1.19,1.07
2016.04.07 01:22:29.334,1.11574,1.116,1.19,1.00
2016.04.07 01:22:30.134,1.11574,1.11603,1.19,1.10
2016.04.07 01:22:31.429,1.11576,1.11603,1.19,1.00
2016.04.07 01:22:32.295,1.11576,1.11605,1.69,1.00
2016.04.07 01:22:32.396,1.11582,1.11605,1.19,1.00
2016.04.07 01:22:32.751,1.11578,1.11605,1.19,1.00
2016.04.07 01:22:33.663,1.11578,1.11603,1.19,1.00
2016.04.07 01:22:34.179,1.11577,1.11603,1.19,1.00
2016.04.07 01:22:37.552,1.11577,1.11606,1.69,1.10
2016.04.07 01:22:38.660,1.11584,1.11606,1.19,1.00
2016.04.07 01:22:40.293,1.11584,1.11606,1.19,2.25
2016.04.07 01:22:40.344,1.11574,1.11603,1.19,1.87
2016.04.07 01:22:40.497,1.11573,1.11599,1.19,1.00
2016.04.07 01:22:42.399,1.11578,1.11599,1.19,1.00
2016.04.07 01:22:42.652,1.11578,1.11604,1.19,1.12
2016.04.07 01:22:42.703,1.11578,1.11607,1.69,1.10
2016.04.07 01:22:42.754,1.11585,1.11607,1.19,1.10
2016.04.07 01:22:42.805,1.11585,1.11611,1.19,1.00
2016.04.07 01:22:42.857,1.11592,1.11611,1.19,1.00
2016.04.07 01:22:42.908,1.11592,1.11613,1.19,1.00
2016.04.07 01:22:43.481,1.11592,1.11618,1.19,1.00
2016.04.07 01:22:43.532,1.11587,1.11618,1.19,1.00
2016.04.07 01:22:43.887,1.11587,1.11615,1.19,1.00
2016.04.07 01:22:44.142,1.11583,1.11611,1.19,1.00
2016.04.07 01:22:45.693,1.11579,1.11611,1.19,1.76
2016.04.07 01:22:46.615,1.11579,1.11609,1.00,1.19
2016.04.07 01:22:47.122,1.11579,1.11611,1.31,1.69
2016.04.07 01:22:47.779,1.11573,1.11605,1.19,1.10
2016.04.07 01:22:48.663,1.11576,1.11608,1.00,1.19
2016.04.07 01:22:50.948,1.11576,1.11608,1.69,1.00
2016.04.07 01:22:50.999,1.11579,1.11611,1.29,1.19
2016.04.07 01:22:51.051,1.11582,1.11614,1.10,1.69
2016.04.07 01:22:52.822,1.1158,1.11612,1.01,1.19
2016.04.07 01:22:55.044,1.1158,1.11612,1.76,1.00
2016.04.07 01:22:55.095,1.11583,1.11615,1.19,1.00
2016.04.07 01:22:56.991,1.11583,1.11615,1.19,1.07
2016.04.07 01:22:57.143,1.11583,1.11611,1.00,1.26
2016.04.07 01:22:57.194,1.1158,1.11611,1.50,1.26
2016.04.07 01:22:57.705,1.11581,1.11611,1.00,2.44
2016.04.07 01:22:59.258,1.11578,1.11611,1.25,2.44
2016.04.07 01:23:00.071,1.11581,1.11611,1.00,2.44
2016.04.07 01:23:02.492,1.11579,1.11611,1.00,2.44
2016.04.07 01:23:02.796,1.11582,1.11611,1.00,2.44
2016.04.07 01:23:03.415,1.11579,1.11611,1.00,2.44
2016.04.07 01:23:03.768,1.11582,1.11611,1.00,2.44
2016.04.07 01:23:04.349,1.11575,1.11611,1.69,2.44
2016.04.07 01:23:04.961,1.11576,1.11607,1.19,1.00
2016.04.07 01:23:08.036,1.11578,1.1161,1.25,1.31
2016.04.07 01:23:08.138,1.11578,1.11604,1.00,1.19
2016.04.07 01:23:08.442,1.11574,1.116,1.00,1.19
2016.04.07 01:23:08.645,1.11572,1.116,1.00,1.19
2016.04.07 01:23:08.871,1.11574,1.116,1.00,1.19
2016.04.07 01:23:09.381,1.11572,1.116,1.00,1.19
2016.04.07 01:23:12.357,1.11571,1.116,1.50,1.69
2016.04.07 01:23:14.283,1.11568,1.11597,1.50,1.19
2016.04.07 01:23:14.989,1.11568,1.11593,1.00,1.19
2016.04.07 01:23:18.285,1.11564,1.11593,1.00,1.19
2016.04.07 01:23:18.796,1.11564,1.11592,1.00,1.19
2016.04.07 01:23:19.379,1.11564,1.11595,1.19,1.26
2016.04.07 01:23:21.225,1.11567,1.11596,1.12,1.69
2016.04.07 01:23:21.580,1.11567,1.11596,1.31,1.25
2016.04.07 01:23:21.885,1.11567,1.11596,1.12,1.19
2016.04.07 01:23:23.686,1.11571,1.11597,1.00,1.19
2016.04.07 01:23:23.890,1.11568,1.11597,1.25,1.69
2016.04.07 01:23:25.307,1.11568,1.11592,1.00,1.19
2016.04.07 01:23:26.203,1.11568,1.11597,1.00,1.25
2016.04.07 01:23:26.661,1.11571,1.116,1.00,1.25
2016.04.07 01:23:27.007,1.11574,1.11603,1.00,1.19
2016.04.07 01:23:27.311,1.11574,1.11603,1.19,1.00
2016.04.07 01:23:28.943,1.11574,1.11603,1.25,1.00
2016.04.07 01:23:29.478,1.11575,1.11603,1.00,1.00
2016.04.07 01:23:29.983,1.11577,1.11603,1.00,1.00
2016.04.07 01:23:30.219,1.11575,1.11603,1.00,1.00
2016.04.07 01:23:30.680,1.11577,1.11603,1.00,1.00
2016.04.07 01:23:31.207,1.11577,1.11603,1.19,1.00
2016.04.07 01:23:32.569,1.11578,1.11603,1.00,1.19
2016.04.07 01:23:32.620,1.11574,1.11603,1.00,1.19
2016.04.07 01:23:32.971,1.11577,1.11603,1.00,1.00
2016.04.07 01:23:33.275,1.11575,1.11601,1.00,1.19
2016.04.07 01:23:33.529,1.11573,1.11601,1.00,1.69
2016.04.07 01:23:35.930,1.1157,1.11601,1.69,1.76
2016.04.07 01:23:36.284,1.11566,1.11597,1.19,1.69
2016.04.07 01:23:36.385,1.11563,1.11593,1.00,1.19
2016.04.07 01:23:36.952,1.11563,1.11592,1.25,1.19
2016.04.07 01:23:41.353,1.11565,1.11591,1.19,1.00
2016.04.07 01:23:42.028,1.11564,1.11591,1.00,1.19
2016.04.07 01:23:42.341,1.11564,1.11591,1.19,1.00
2016.04.07 01:23:42.443,1.11569,1.11597,1.50,1.19
2016.04.07 01:23:42.494,1.11569,1.116,1.69,1.82
2016.04.07 01:23:42.596,1.11569,1.116,1.29,1.00
2016.04.07 01:23:44.208,1.11569,1.116,1.19,1.07
2016.04.07 01:23:44.492,1.1157,1.11594,1.00,1.19
2016.04.07 01:23:44.563,1.11566,1.11595,1.50,1.19
2016.04.07 01:23:44.945,1.11569,1.11595,1.00,1.19
2016.04.07 01:23:45.178,1.11566,1.11595,1.50,1.19
2016.04.07 01:23:45.774,1.11567,1.11595,1.00,1.19
2016.04.07 01:23:46.053,1.11569,1.11595,1.00,1.19
2016.04.07 01:23:46.577,1.1157,1.11597,1.00,1.19
2016.04.07 01:23:47.601,1.11566,1.11597,1.57,1.69
2016.04.07 01:23:49.811,1.11569,1.11597,1.00,1.69
2016.04.07 01:23:50.368,1.11563,1.11594,1.00,1.26
2016.04.07 01:23:50.672,1.1156,1.1159,1.25,1.10
2016.04.07 01:23:50.728,1.11559,1.1159,1.00,1.76
2016.04.07 01:23:51.051,1.11556,1.11587,1.25,1.19
2016.04.07 01:23:51.732,1.11557,1.11587,1.00,1.19
2016.04.07 01:23:52.350,1.11556,1.11587,1.76,1.19
2016.04.07 01:23:53.549,1.11557,1.11587,1.00,1.19
2016.04.07 01:23:54.320,1.11556,1.11587,1.01,1.19
2016.04.07 01:23:56.529,1.11556,1.11586,1.25,1.69
2016.04.07 01:23:56.986,1.11553,1.11578,1.00,1.19
2016.04.07 01:23:57.189,1.11553,1.11583,1.19,1.94
2016.04.07 01:23:57.342,1.11553,1.11584,1.19,1.00
2016.04.07 01:23:57.648,1.1156,1.1159,1.31,1.37
2016.04.07 01:23:57.699,1.11562,1.11591,1.29,1.00
2016.04.07 01:23:57.750,1.11568,1.11595,1.19,1.00
2016.04.07 01:23:58.936,1.11572,1.11601,1.19,1.19
2016.04.07 01:24:01.131,1.11568,1.11599,1.69,1.00
2016.04.07 01:24:02.113,1.11568,1.11596,1.19,1.00
2016.04.07 01:24:02.164,1.11566,1.11596,1.19,1.00
2016.04.07 01:24:03.043,1.11565,1.11596,1.19,1.07
2016.04.07 01:24:03.094,1.11564,1.11593,1.19,1.50
2016.04.07 01:24:03.145,1.11562,1.11593,1.19,2.44
2016.04.07 01:24:03.246,1.11564,1.11593,1.19,2.44
2016.04.07 01:24:03.602,1.11562,1.11589,1.00,1.19
2016.04.07 01:24:03.805,1.11565,1.11593,1.19,1.19
2016.04.07 01:24:04.574,1.11562,1.1159,1.19,1.10
2016.04.07 01:24:05.131,1.11559,1.1159,1.19,1.00
2016.04.07 01:24:05.640,1.11565,1.11596,1.00,1.69
2016.04.07 01:24:05.692,1.11565,1.11592,1.00,1.19
2016.04.07 01:24:09.074,1.11562,1.11591,1.25,1.19
2016.04.07 01:24:09.226,1.11562,1.11587,1.00,1.19
2016.04.07 01:24:09.580,1.11558,1.11587,1.00,1.19
2016.04.07 01:24:10.320,1.11559,1.11587,1.00,1.19
2016.04.07 01:24:10.826,1.11558,1.11587,1.00,1.19
2016.04.07 01:24:11.339,1.11559,1.11587,1.00,1.19
2016.04.07 01:24:11.877,1.11558,1.11587,1.00,1.19
2016.04.07 01:24:13.162,1.11559,1.11587,1.00,1.19
2016.04.07 01:24:14.506,1.1156,1.11587,1.00,1.19
2016.04.07 01:24:14.686,1.11562,1.11587,1.00,1.19
2016.04.07 01:24:15.238,1.11559,1.11587,1.00,1.19
2016.04.07 01:24:15.491,1.11559,1.11589,1.19,1.19
2016.04.07 01:24:16.472,1.11562,1.11589,1.00,1.19
2016.04.07 01:24:16.993,1.11559,1.11589,1.19,1.19
2016.04.07 01:24:18.092,1.11558,1.11589,1.76,1.00
2016.04.07 01:24:18.198,1.11562,1.11589,1.00,1.00
2016.04.07 01:24:18.703,1.11558,1.11589,1.29,1.19
2016.04.07 01:24:21.864,1.11562,1.11589,1.00,1.19
2016.04.07 01:24:22.170,1.11562,1.11591,1.07,1.00
2016.04.07 01:24:22.744,1.11562,1.11591,1.50,1.00
2016.04.07 01:24:24.390,1.11564,1.11591,1.00,1.00
2016.04.07 01:24:24.722,1.11566,1.11591,1.00,1.00
2016.04.07 01:24:24.926,1.11563,1.11591,1.10,1.00
2016.04.07 01:24:27.150,1.11562,1.11591,1.00,1.00
2016.04.07 01:24:27.454,1.11563,1.11591,1.00,1.19
2016.04.07 01:24:27.983,1.11563,1.11593,1.69,1.19
2016.04.07 01:24:28.494,1.11564,1.11593,1.32,1.19
2016.04.07 01:24:28.993,1.11565,1.11595,1.19,1.19
2016.04.07 01:24:29.095,1.11563,1.11595,1.32,1.19
2016.04.07 01:24:29.665,1.11566,1.11596,1.10,1.19
2016.04.07 01:24:29.716,1.11566,1.11596,1.29,1.00
2016.04.07 01:24:30.452,1.11568,1.11596,1.00,1.00
2016.04.07 01:24:31.088,1.11566,1.11596,1.69,1.00
2016.04.07 01:24:31.753,1.11568,1.11596,1.00,1.00
2016.04.07 01:24:32.366,1.11566,1.11596,1.19,1.00
2016.04.07 01:24:40.231,1.11569,1.11596,1.00,1.00
2016.04.07 01:24:40.658,1.11567,1.11596,1.25,1.00
2016.04.07 01:24:42.807,1.11569,1.116,1.00,1.19
2016.04.07 01:24:42.858,1.11574,1.116,1.19,1.00
2016.04.07 01:24:42.959,1.11574,1.11602,1.19,1.25
2016.04.07 01:24:43.212,1.11573,1.11602,1.00,1.25
2016.04.07 01:24:44.731,1.11574,1.11602,1.00,1.25
2016.04.07 01:24:45.237,1.11573,1.11602,1.00,1.25
2016.04.07 01:24:46.255,1.1157,1.116,1.19,1.00
2016.04.07 01:24:49.306,1.11567,1.11596,1.19,1.00
2016.04.07 01:24:49.358,1.11567,1.11596,1.00,1.31
2016.04.07 01:24:49.866,1.11564,1.11593,1.19,1.00
2016.04.07 01:24:50.273,1.11567,1.11596,1.00,1.25
2016.04.07 01:24:51.352,1.11568,1.116,1.00,1.19
2016.04.07 01:24:51.556,1.11568,1.116,1.19,1.00
2016.04.07 01:24:52.457,1.11567,1.116,1.10,1.19
2016.04.07 01:24:53.517,1.11568,1.116,1.00,1.19
2016.04.07 01:24:54.386,1.11566,1.11596,1.00,1.07
2016.04.07 01:24:54.690,1.11562,1.11593,1.19,1.00
2016.04.07 01:24:55.771,1.1156,1.11589,1.69,1.00
2016.04.07 01:24:57.838,1.11559,1.11593,1.19,1.26
2016.04.07 01:24:57.941,1.11559,1.11588,1.00,1.19
2016.04.07 01:24:58.043,1.11561,1.11592,1.25,1.25
2016.04.07 01:24:58.146,1.11561,1.11592,1.00,1.19
2016.04.07 01:24:58.197,1.11559,1.1159,1.00,1.19
2016.04.07 01:24:58.248,1.11559,1.11587,1.00,1.19
2016.04.07 01:24:58.299,1.11556,1.11587,1.00,1.69
2016.04.07 01:24:58.764,1.11556,1.11585,1.00,1.19
2016.04.07 01:25:01.482,1.11561,1.11585,1.00,1.19
2016.04.07 01:25:01.583,1.11557,1.11588,1.00,1.26
2016.04.07 01:25:01.804,1.11554,1.11585,1.25,1.19
2016.04.07 01:25:01.855,1.11554,1.11585,1.25,1.69
2016.04.07 01:25:02.079,1.11554,1.11585,1.00,1.19
2016.04.07 01:25:02.536,1.11554,1.11585,1.19,1.00
2016.04.07 01:25:03.574,1.11557,1.11588,1.25,1.00
2016.04.07 01:25:04.679,1.11555,1.11584,1.39,1.00
2016.04.07 01:25:04.781,1.1155,1.11581,1.12,1.19
2016.04.07 01:25:05.350,1.11544,1.11575,1.57,1.19
2016.04.07 01:25:05.503,1.11547,1.11578,1.25,1.00
2016.04.07 01:25:08.197,1.11548,1.11578,1.00,1.00
2016.04.07 01:25:08.486,1.11556,1.11585,1.00,1.25
2016.04.07 01:25:11.900,1.11552,1.11583,1.69,1.00
2016.04.07 01:25:12.533,1.11552,1.11583,1.00,1.29
2016.04.07 01:25:12.585,1.11551,1.11578,1.00,1.00
2016.04.07 01:25:13.193,1.11553,1.11582,1.00,1.19
2016.04.07 01:25:20.143,1.11553,1.11582,1.19,1.00
2016.04.07 01:25:24.438,1.11555,1.11586,1.25,1.19
2016.04.07 01:25:28.151,1.11558,1.11587,1.00,1.19
2016.04.07 01:25:29.825,1.11558,1.11587,1.26,1.00
2016.04.07 01:25:30.280,1.11562,1.11591,1.00,1.19
2016.04.07 01:25:32.240,1.11562,1.11591,1.19,1.00
2016.04.07 01:25:45.419,1.11564,1.11591,1.19,1.00
2016.04.07 01:25:45.470,1.11565,1.11594,1.19,1.00
2016.04.07 01:25:51.054,1.11567,1.11598,1.19,1.19
2016.04.07 01:26:03.103,1.11564,1.11593,1.19,1.00
2016.04.07 01:26:03.406,1.11561,1.11593,1.19,1.25
2016.04.07 01:26:05.199,1.11563,1.11594,1.00,1.19
2016.04.07 01:26:06.250,1.11566,1.11594,1.45,1.19
2016.04.07 01:26:06.301,1.11568,1.11597,1.00,1.25
2016.04.07 01:26:07.212,1.11568,1.11586,1.00,1.19
2016.04.07 01:26:07.516,1.11562,1.11586,1.50,1.19
2016.04.07 01:26:08.024,1.11561,1.11586,1.00,1.19
2016.04.07 01:26:09.077,1.11558,1.11586,1.00,1.19
2016.04.07 01:26:10.121,1.11558,1.11579,1.00,1.19
2016.04.07 01:26:10.424,1.11558,1.11589,1.00,1.19
2016.04.07 01:26:10.526,1.11562,1.1159,1.00,1.19
2016.04.07 01:26:10.880,1.11562,1.11587,1.07,1.19
2016.04.07 01:26:11.192,1.11562,1.11587,1.00,1.19
2016.04.07 01:26:12.740,1.11562,1.11581,1.00,1.19
2016.04.07 01:26:13.171,1.11558,1.11582,1.00,1.19
2016.04.07 01:26:13.676,1.11556,1.11582,1.50,1.19
2016.04.07 01:26:14.254,1.11557,1.11582,1.00,1.19
2016.04.07 01:26:14.884,1.1156,1.11582,1.00,1.19
2016.04.07 01:26:16.252,1.1156,1.11581,1.00,1.19
2016.04.07 01:26:17.652,1.11558,1.11581,1.00,1.19
2016.04.07 01:26:23.069,1.11555,1.11581,1.07,1.19
2016.04.07 01:26:26.426,1.11558,1.11581,1.00,1.19
2016.04.07 01:26:27.230,1.11555,1.11581,1.10,1.19
2016.04.07 01:26:27.281,1.11555,1.11576,1.10,1.19
2016.04.07 01:26:28.259,1.11555,1.1157,1.00,1.19
2016.04.07 01:26:32.527,1.11552,1.1157,1.00,1.19
2016.04.07 01:26:33.171,1.11552,1.11576,1.12,1.19
2016.04.07 01:26:33.425,1.11553,1.11578,1.12,1.19
2016.04.07 01:26:33.900,1.11556,1.11578,1.00,1.19
2016.04.07 01:26:34.204,1.11558,1.11578,1.00,1.19
2016.04.07 01:26:34.513,1.11559,1.11578,1.12,1.19
2016.04.07 01:26:34.716,1.11562,1.11584,1.00,1.19
2016.04.07 01:26:34.818,1.11559,1.11584,1.00,1.19
2016.04.07 01:26:35.069,1.11562,1.11584,1.07,1.19
2016.04.07 01:26:35.375,1.11565,1.11584,1.00,1.19
2016.04.07 01:26:37.472,1.11569,1.1159,1.00,1.19
2016.04.07 01:26:37.574,1.11571,1.1159,1.00,1.19
2016.04.07 01:26:37.827,1.11578,1.11598,1.00,1.19
2016.04.07 01:26:37.929,1.11579,1.11604,1.00,1.19
2016.04.07 01:26:38.187,1.11582,1.11606,1.00,1.19
2016.04.07 01:26:38.238,1.11582,1.1161,1.07,1.19
2016.04.07 01:26:38.390,1.11583,1.1161,1.57,1.19
2016.04.07 01:26:39.688,1.11584,1.1161,1.50,1.19
2016.04.07 01:26:41.837,1.11585,1.1161,1.00,1.19
2016.04.07 01:26:42.140,1.11579,1.11605,1.37,1.19
2016.04.07 01:26:42.669,1.11579,1.11605,2.25,1.19
2016.04.07 01:26:44.702,1.1158,1.11605,1.37,1.19
2016.04.07 01:26:45.297,1.11581,1.11604,1.12,1.19
2016.04.07 01:26:45.753,1.11581,1.11613,1.12,1.19
2016.04.07 01:26:47.336,1.11579,1.11613,1.37,1.94
2016.04.07 01:26:47.388,1.11576,1.11607,1.82,1.19
2016.04.07 01:26:47.540,1.1157,1.116,1.00,1.00
2016.04.07 01:26:47.592,1.1157,1.11598,1.00,1.32
2016.04.07 01:26:47.997,1.11567,1.11599,1.00,1.26
2016.04.07 01:26:49.702,1.11567,1.11602,1.10,1.39
2016.04.07 01:26:50.159,1.11567,1.11599,1.07,1.19
2016.04.07 01:26:50.362,1.11567,1.11603,1.07,2.06
2016.04.07 01:26:50.565,1.11567,1.11598,1.00,1.26
2016.04.07 01:26:50.667,1.11567,1.11598,1.00,1.07
2016.04.07 01:26:51.184,1.11572,1.11601,1.07,1.00
2016.04.07 01:26:51.286,1.11575,1.11604,1.00,1.25
2016.04.07 01:26:51.794,1.11575,1.11604,1.57,1.25
2016.04.07 01:26:53.044,1.11575,1.11604,1.10,1.25
2016.04.07 01:26:54.224,1.11578,1.11607,1.00,1.10
2016.04.07 01:26:54.883,1.11578,1.11607,1.00,1.19
2016.04.07 01:26:55.627,1.11575,1.11604,1.00,1.25
2016.04.07 01:26:58.315,1.11576,1.11604,1.19,1.10
2016.04.07 01:26:58.620,1.11581,1.11604,1.19,1.00
2016.04.07 01:26:58.772,1.11581,1.11607,1.19,1.00
2016.04.07 01:26:59.025,1.11586,1.11607,1.19,1.00
2016.04.07 01:26:59.429,1.11586,1.11611,1.19,1.00
2016.04.07 01:27:00.242,1.11593,1.11611,1.19,1.00
2016.04.07 01:27:00.293,1.11593,1.11615,1.19,1.20
2016.04.07 01:27:00.822,1.11593,1.11615,1.19,1.00
2016.04.07 01:27:00.924,1.11586,1.11615,1.29,1.00
2016.04.07 01:27:01.982,1.11586,1.11612,1.19,1.00
2016.04.07 01:27:02.033,1.11579,1.11612,2.44,1.00
2016.04.07 01:27:02.236,1.11581,1.11614,1.26,1.10
2016.04.07 01:27:02.642,1.11581,1.11614,1.19,1.50
2016.04.07 01:27:08.057,1.11581,1.1161,1.19,1.00
2016.04.07 01:27:08.362,1.11579,1.11609,1.19,1.87
2016.04.07 01:27:08.806,1.11576,1.11605,1.19,1.00
2016.04.07 01:27:11.123,1.11576,1.11608,1.19,1.10
2016.04.07 01:27:11.375,1.11585,1.11607,1.19,1.10
2016.04.07 01:27:11.967,1.1158,1.11604,1.19,1.00
2016.04.07 01:27:12.018,1.1158,1.11604,1.19,1.12
2016.04.07 01:27:13.522,1.1158,1.11603,1.19,1.00
2016.04.07 01:27:13.675,1.1158,1.11606,1.19,1.57
2016.04.07 01:27:15.214,1.1158,1.1161,1.19,1.57
2016.04.07 01:27:16.175,1.1158,1.1161,2.06,1.00
2016.04.07 01:27:16.226,1.11588,1.11613,1.19,1.12
2016.04.07 01:27:16.276,1.11588,1.11613,1.19,1.00
2016.04.07 01:27:16.327,1.11588,1.11616,1.19,1.00
2016.04.07 01:27:16.634,1.11588,1.11619,1.19,1.10
2016.04.07 01:27:17.132,1.11592,1.11623,1.69,1.12
2016.04.07 01:27:17.183,1.11592,1.11625,1.69,1.12
2016.04.07 01:27:17.285,1.11592,1.11625,1.76,1.10
2016.04.07 01:27:17.843,1.11598,1.11625,1.19,1.00
2016.04.07 01:27:19.356,1.11598,1.11628,1.19,1.00
2016.04.07 01:27:21.972,1.11598,1.11631,1.31,1.32
2016.04.07 01:27:22.205,1.11605,1.11632,1.19,1.00
2016.04.07 01:27:22.615,1.11605,1.11634,1.19,1.00
2016.04.07 01:27:23.024,1.11605,1.11634,1.31,1.00
2016.04.07 01:27:23.126,1.11605,1.11638,1.69,1.00
2016.04.07 01:27:23.670,1.11622,1.11641,1.19,1.87
2016.04.07 01:27:23.771,1.11618,1.11643,1.19,1.50
2016.04.07 01:27:23.873,1.11618,1.11647,1.19,1.00
2016.04.07 01:27:23.924,1.11613,1.11647,1.32,1.00
2016.04.07 01:27:24.127,1.11612,1.11643,1.69,1.00
2016.04.07 01:27:24.432,1.11615,1.11639,1.19,1.00
2016.04.07 01:27:24.914,1.11608,1.11636,1.00,2.00
2016.04.07 01:27:24.966,1.11601,1.11634,1.69,1.50
2016.04.07 01:27:25.638,1.11601,1.11635,1.69,1.12
2016.04.07 01:27:26.535,1.11601,1.11636,1.76,1.31
2016.04.07 01:27:27.086,1.11608,1.11637,1.19,1.00
2016.04.07 01:27:27.456,1.11608,1.11634,1.19,1.00
2016.04.07 01:27:27.558,1.11602,1.11634,1.94,1.50
2016.04.07 01:27:27.610,1.11602,1.11633,1.19,1.50
2016.04.07 01:27:28.023,1.11603,1.11634,1.19,2.62
2016.04.07 01:27:30.041,1.11598,1.11634,1.69,1.31
2016.04.07 01:27:40.408,1.11597,1.11629,1.45,1.19
2016.04.07 01:27:40.509,1.11597,1.11629,1.00,2.44
2016.04.07 01:27:40.560,1.11592,1.11626,1.19,1.31
2016.04.07 01:27:40.864,1.11592,1.11623,1.00,1.19
2016.04.07 01:27:40.915,1.11589,1.11621,1.07,1.19
2016.04.07 01:27:43.517,1.11589,1.11623,2.25,1.19
2016.04.07 01:27:45.573,1.11589,1.11623,1.87,1.29
2016.04.07 01:27:46.512,1.11589,1.1162,1.00,1.19
2016.04.07 01:27:46.876,1.11589,1.11623,1.19,1.76
2016.04.07 01:27:52.940,1.11589,1.11622,1.10,1.26
2016.04.07 01:27:53.244,1.11589,1.11623,1.76,2.44
2016.04.07 01:27:53.296,1.11589,1.11623,1.69,1.12
2016.04.07 01:27:53.398,1.11598,1.11626,1.19,1.85
2016.04.07 01:27:53.499,1.11593,1.11626,1.69,1.69
2016.04.07 01:27:53.962,1.11591,1.1162,1.00,1.19
2016.04.07 01:27:54.266,1.11584,1.11615,1.19,1.29
2016.04.07 01:28:03.520,1.11587,1.11614,1.26,1.00
2016.04.07 01:28:03.673,1.11593,1.11625,2.44,1.19
2016.04.07 01:28:03.725,1.11597,1.11625,1.26,1.19
2016.04.07 01:28:04.231,1.11596,1.11627,2.06,1.19
2016.04.07 01:28:04.797,1.11596,1.11627,1.31,1.29
2016.04.07 01:28:06.026,1.11592,1.11623,1.19,1.69
2016.04.07 01:28:06.280,1.1159,1.11619,1.00,1.26
2016.04.07 01:28:06.572,1.11585,1.11616,1.00,1.29
2016.04.07 01:28:09.471,1.11586,1.11616,1.19,1.12
2016.04.07 01:28:09.572,1.11586,1.11617,1.19,1.57
2016.04.07 01:28:10.254,1.11588,1.11619,1.19,1.29
2016.04.07 01:28:13.850,1.11588,1.11619,1.19,1.31
2016.04.07 01:28:16.912,1.11588,1.11619,1.19,1.29
2016.04.07 01:28:24.328,1.11592,1.11622,1.00,1.19
2016.04.07 01:28:24.836,1.11592,1.11622,1.07,1.19
2016.04.07 01:28:27.591,1.11592,1.11621,1.32,1.19
2016.04.07 01:28:28.572,1.11592,1.11621,1.25,1.19
2016.04.07 01:28:30.237,1.11592,1.11621,1.32,1.19
2016.04.07 01:28:31.142,1.11592,1.11621,1.31,1.19
2016.04.07 01:28:31.243,1.11595,1.11621,1.07,1.19
2016.04.07 01:28:31.447,1.11603,1.11632,1.22,1.00
2016.04.07 01:28:31.548,1.11604,1.11633,1.76,1.00
2016.04.07 01:28:31.650,1.11604,1.11635,3.94,1.00
2016.04.07 01:28:31.701,1.11609,1.11638,1.19,1.00
2016.04.07 01:28:32.005,1.11609,1.11639,1.01,1.69
2016.04.07 01:28:32.271,1.11609,1.11639,1.01,1.00
2016.04.07 01:28:32.625,1.1161,1.11644,1.31,1.69
2016.04.07 01:28:32.676,1.1161,1.11641,1.39,1.19
2016.04.07 01:28:34.235,1.11612,1.11641,1.00,1.19
2016.04.07 01:28:35.100,1.1161,1.11641,2.14,1.19
2016.04.07 01:28:35.550,1.11609,1.11623,1.00,1.69
2016.04.07 01:28:35.601,1.11594,1.11624,1.00,1.94
2016.04.07 01:28:35.653,1.11594,1.11628,1.87,2.04
2016.04.07 01:28:35.755,1.1161,1.11632,1.19,1.12
2016.04.07 01:28:35.857,1.11604,1.11636,2.14,1.00
2016.04.07 01:28:35.959,1.11612,1.11636,1.19,1.07
2016.04.07 01:28:36.061,1.11604,1.11638,1.64,1.07
2016.04.07 01:28:36.314,1.11616,1.11638,1.19,1.50
2016.04.07 01:28:36.416,1.1161,1.11639,1.19,1.29
2016.04.07 01:28:38.594,1.11611,1.1164,1.31,1.94
2016.04.07 01:28:38.695,1.11607,1.1164,1.31,1.94
2016.04.07 01:28:39.000,1.11606,1.11631,1.19,3.00
2016.04.07 01:28:39.051,1.11598,1.11627,1.00,1.29
2016.04.07 01:28:39.559,1.11594,1.11627,1.19,2.44
2016.04.07 01:28:39.712,1.11594,1.11627,1.00,1.94
2016.04.07 01:28:39.967,1.11588,1.11621,2.81,1.00
2016.04.07 01:28:40.069,1.11585,1.11617,1.25,1.69
2016.04.07 01:28:40.171,1.11585,1.11617,1.25,1.94
2016.04.07 01:28:40.508,1.11581,1.11614,1.00,1.31
2016.04.07 01:28:41.221,1.11581,1.11614,1.07,1.29
2016.04.07 01:28:41.373,1.11581,1.11617,1.26,1.56
2016.04.07 01:28:41.424,1.11586,1.11618,1.00,1.94
2016.04.07 01:28:41.577,1.11589,1.11621,1.19,1.00
2016.04.07 01:28:41.779,1.11589,1.1162,1.00,1.19
2016.04.07 01:28:42.179,1.11589,1.11616,1.26,1.19
2016.04.07 01:28:44.214,1.11593,1.11621,1.19,1.25
2016.04.07 01:28:45.840,1.11594,1.11621,1.57,1.19
2016.04.07 01:28:46.183,1.11596,1.11625,1.19,1.94
2016.04.07 01:28:46.554,1.11592,1.11618,1.69,1.75
2016.04.07 01:28:46.656,1.11592,1.11618,1.19,1.07
2016.04.07 01:28:47.012,1.11592,1.11622,1.19,1.69
2016.04.07 01:28:47.064,1.11592,1.11622,1.19,1.29
2016.04.07 01:28:48.241,1.11598,1.11626,1.00,1.69
2016.04.07 01:28:48.292,1.11593,1.11624,1.69,1.26
2016.04.07 01:28:55.891,1.11591,1.11618,1.00,1.19
2016.04.07 01:28:55.992,1.11588,1.11617,1.19,1.69
2016.04.07 01:28:56.525,1.11588,1.11617,1.00,1.19
2016.04.07 01:28:56.576,1.11592,1.1162,1.00,1.19
2016.04.07 01:28:57.786,1.11587,1.11616,1.19,1.19
2016.04.07 01:28:58.369,1.11586,1.11616,1.19,1.31
2016.04.07 01:29:00.516,1.11586,1.11615,1.19,1.31
2016.04.07 01:29:01.021,1.11586,1.11612,1.19,1.07
2016.04.07 01:29:01.173,1.11582,1.11612,1.19,1.26
2016.04.07 01:29:01.742,1.11578,1.11606,1.62,1.19
2016.04.07 01:29:02.049,1.11566,1.11596,1.19,1.94
2016.04.07 01:29:03.134,1.11568,1.11599,1.19,1.46
2016.04.07 01:29:03.185,1.11568,1.11601,1.19,1.76
2016.04.07 01:29:09.394,1.11574,1.11601,1.19,1.50
2016.04.07 01:29:10.413,1.11576,1.11605,1.19,1.20
2016.04.07 01:29:10.515,1.1158,1.11605,1.19,1.20
2016.04.07 01:29:11.053,1.11572,1.11599,1.19,1.07
2016.04.07 01:29:12.485,1.11572,1.11599,1.19,1.75
2016.04.07 01:29:14.011,1.11565,1.11595,1.69,1.95
2016.04.07 01:29:14.115,1.11565,1.11593,1.69,1.75
2016.04.07 01:29:18.300,1.11565,1.11593,1.19,2.25
2016.04.07 01:29:20.518,1.11565,1.11593,1.19,1.12
2016.04.07 01:29:21.076,1.11571,1.11593,1.19,1.12
2016.04.07 01:29:21.178,1.11571,1.11593,1.19,1.00
2016.04.07 01:29:21.280,1.11571,1.11596,1.19,1.07
2016.04.07 01:29:21.833,1.11572,1.11596,1.19,1.07
2016.04.07 01:29:22.367,1.11572,1.11596,1.19,1.87
2016.04.07 01:29:22.582,1.11572,1.11594,1.19,1.87
2016.04.07 01:29:22.839,1.11564,1.11588,1.19,1.07
2016.04.07 01:29:22.941,1.11559,1.11586,1.19,1.75
2016.04.07 01:29:23.042,1.11559,1.11585,1.19,1.75
2016.04.07 01:29:23.144,1.11555,1.11585,1.19,3.00
2016.04.07 01:29:23.650,1.11555,1.11585,1.19,2.25
2016.04.07 01:29:24.323,1.11564,1.11585,1.19,1.75
2016.04.07 01:29:24.374,1.11564,1.11588,1.19,1.75
2016.04.07 01:29:24.476,1.11564,1.11588,1.19,1.07
2016.04.07 01:29:24.578,1.11561,1.11591,1.19,1.50
2016.04.07 01:29:24.680,1.11561,1.11591,1.19,1.75
2016.04.07 01:29:25.680,1.11561,1.11587,1.19,1.12
2016.04.07 01:29:25.883,1.11564,1.11587,1.19,1.00
2016.04.07 01:29:25.984,1.11564,1.1159,1.19,1.07
2016.04.07 01:29:29.380,1.11564,1.11591,1.19,1.12
2016.04.07 01:29:30.791,1.11564,1.11593,1.19,1.10
2016.04.07 01:29:31.281,1.11572,1.11596,1.19,1.12
2016.04.07 01:29:31.383,1.11572,1.11596,1.19,1.00
2016.04.07 01:29:31.535,1.11567,1.11596,1.19,1.07
2016.04.07 01:29:31.738,1.11564,1.11596,1.69,1.07
2016.04.07 01:29:37.752,1.11567,1.11599,1.00,2.25
2016.04.07 01:29:39.548,1.11567,1.11598,1.00,1.07
2016.04.07 01:29:40.612,1.11567,1.11599,1.00,1.00
2016.04.07 01:29:41.856,1.1157,1.11599,1.19,1.00
2016.04.07 01:29:46.573,1.1157,1.11599,1.19,1.12
2016.04.07 01:29:47.668,1.1157,1.11599,1.19,1.00
2016.04.07 01:29:52.772,1.1157,1.11602,1.69,1.12
2016.04.07 01:29:53.345,1.11575,1.11602,1.19,1.12
2016.04.07 01:29:57.989,1.11575,1.11602,1.19,2.25
2016.04.07 01:30:00.977,1.11575,1.11602,1.19,1.12
2016.04.07 01:30:11.548,1.11576,1.11602,1.19,1.12
2016.04.07 01:30:14.274,1.11579,1.11604,1.00,1.87
2016.04.07 01:30:14.325,1.11586,1.1161,1.19,1.10
2016.04.07 01:30:14.952,1.11581,1.1161,1.19,1.10
2016.04.07 01:30:16.726,1.11581,1.11607,1.19,1.00
2016.04.07 01:30:17.033,1.11575,1.11594,1.00,1.00
2016.04.07 01:30:17.086,1.11575,1.116,1.00,1.10
2016.04.07 01:30:17.589,1.11575,1.11602,1.00,1.87
2016.04.07 01:30:17.959,1.11573,1.11604,1.00,1.19
2016.04.07 01:30:20.465,1.11575,1.11605,1.10,1.69
2016.04.07 01:30:20.669,1.11575,1.11607,1.12,1.19
2016.04.07 01:30:21.120,1.11578,1.11611,1.00,2.25
2016.04.07 01:30:21.272,1.11581,1.11613,1.00,1.25
2016.04.07 01:30:22.847,1.11581,1.11613,1.00,1.07
2016.04.07 01:30:23.454,1.11581,1.1161,1.00,1.00
2016.04.07 01:30:23.660,1.11581,1.11613,1.00,1.07
2016.04.07 01:30:23.863,1.11581,1.11612,1.00,1.19
2016.04.07 01:30:26.516,1.11581,1.11613,1.00,1.25
2016.04.07 01:30:26.566,1.11583,1.11614,1.00,1.19
2016.04.07 01:30:26.870,1.11587,1.11619,1.00,1.76
2016.04.07 01:30:27.174,1.11583,1.11617,1.00,1.94
2016.04.07 01:30:27.275,1.11581,1.11613,1.00,1.32
2016.04.07 01:30:27.938,1.11581,1.1161,1.00,1.29
2016.04.07 01:30:28.443,1.11578,1.1161,1.00,3.56
2016.04.07 01:30:29.533,1.11575,1.11601,1.00,1.00
2016.04.07 01:30:29.736,1.11575,1.11606,1.00,1.76
2016.04.07 01:30:30.483,1.11575,1.11606,1.00,1.76
2016.04.07 01:30:31.638,1.11575,1.11606,1.00,1.32
2016.04.07 01:30:32.175,1.11575,1.11607,1.00,1.07
2016.04.07 01:30:33.332,1.11575,1.11607,1.10,1.00
2016.04.07 01:30:33.383,1.11578,1.1161,1.00,1.10
2016.04.07 01:30:33.740,1.11581,1.11613,1.00,1.25
2016.04.07 01:30:34.052,1.11584,1.11616,1.00,1.19
2016.04.07 01:30:35.339,1.11584,1.11615,1.00,1.10
2016.04.07 01:30:35.845,1.11584,1.11614,1.00,1.00
2016.04.07 01:30:36.654,1.11584,1.11615,1.00,1.01
2016.04.07 01:30:37.204,1.11586,1.11613,1.19,1.10
2016.04.07 01:30:37.312,1.11581,1.11613,1.19,1.50
2016.04.07 01:30:37.363,1.11581,1.11613,1.19,2.25
2016.04.07 01:30:37.515,1.11581,1.11612,1.19,1.10
2016.04.07 01:30:39.407,1.11585,1.11612,1.19,1.10
2016.04.07 01:30:40.584,1.1158,1.11613,1.69,1.50
2016.04.07 01:30:40.764,1.1158,1.11608,1.69,1.00
2016.04.07 01:30:41.825,1.11579,1.11608,1.00,1.19
2016.04.07 01:30:43.176,1.11575,1.11606,1.19,1.19
2016.04.07 01:30:43.480,1.11575,1.11603,1.00,1.19
2016.04.07 01:30:43.992,1.11575,1.11601,1.00,1.19
2016.04.07 01:30:44.094,1.11573,1.11601,1.00,1.19
2016.04.07 01:30:44.145,1.11573,1.11602,1.19,1.69
2016.04.07 01:30:44.798,1.11576,1.11605,1.00,1.01
2016.04.07 01:30:44.900,1.11576,1.11607,1.19,2.06
2016.04.07 01:30:45.410,1.11579,1.1161,1.19,1.69
2016.04.07 01:30:48.498,1.11576,1.11607,1.19,2.44
2016.04.07 01:30:49.802,1.11575,1.11602,1.19,1.12
2016.04.07 01:30:49.955,1.11575,1.11602,1.19,1.10
2016.04.07 01:30:50.266,1.11575,1.11601,1.19,1.12
2016.04.07 01:30:50.418,1.11572,1.11601,1.19,2.06
2016.04.07 01:30:50.621,1.11572,1.11601,1.00,1.00
2016.04.07 01:30:50.672,1.11575,1.11604,1.00,1.29
2016.04.07 01:30:50.875,1.11578,1.11609,1.25,1.25
2016.04.07 01:30:50.927,1.11575,1.11606,2.06,1.00
2016.04.07 01:30:51.269,1.11588,1.11617,1.00,1.25
2016.04.07 01:30:51.927,1.11588,1.11617,1.19,1.00
2016.04.07 01:30:53.845,1.11592,1.11621,1.00,1.00
2016.04.07 01:30:54.981,1.11595,1.11625,1.00,1.19
2016.04.07 01:30:55.290,1.11595,1.11626,1.12,1.19
2016.04.07 01:30:55.596,1.11598,1.11629,1.69,1.00
2016.04.07 01:30:56.974,1.11601,1.11633,1.31,1.25
2016.04.07 01:30:57.476,1.11603,1.11633,1.07,1.25
2016.04.07 01:30:57.976,1.11601,1.11633,1.39,1.25
2016.04.07 01:31:02.448,1.11601,1.11633,2.81,1.25
2016.04.07 01:31:02.855,1.11602,1.11633,1.32,1.25
2016.04.07 01:31:03.356,1.11603,1.11633,1.07,1.25
2016.04.07 01:31:05.425,1.11603,1.11633,1.10,1.25
2016.04.07 01:31:06.949,1.11601,1.11633,2.14,1.25
2016.04.07 01:31:12.937,1.11601,1.11632,1.19,1.19
2016.04.07 01:31:13.241,1.11588,1.11622,1.69,1.26
2016.04.07 01:31:13.641,1.11588,1.1162,1.00,1.32
2016.04.07 01:31:15.249,1.11588,1.11622,1.00,1.76
2016.04.07 01:31:16.373,1.11588,1.11619,1.25,1.19
2016.04.07 01:31:17.633,1.11586,1.11618,1.00,1.76
2016.04.07 01:31:18.145,1.11582,1.11616,1.19,1.19
2016.04.07 01:31:18.298,1.11582,1.11612,1.19,1.00
2016.04.07 01:31:20.024,1.11582,1.11616,1.19,1.69
2016.04.07 01:31:20.490,1.11584,1.11616,1.57,1.19
2016.04.07 01:31:20.793,1.11587,1.11619,1.00,1.19
2016.04.07 01:31:21.568,1.11587,1.11619,1.29,1.00
2016.04.07 01:31:23.352,1.11587,1.11619,1.00,1.69
2016.04.07 01:31:23.657,1.11583,1.11616,1.10,1.69
2016.04.07 01:31:24.425,1.11581,1.11611,1.00,1.19
2016.04.07 01:31:24.477,1.11575,1.11609,1.00,1.26
2016.04.07 01:31:24.782,1.1157,1.11605,1.26,1.19
2016.04.07 01:31:25.238,1.1157,1.11605,2.25,1.69
2016.04.07 01:31:25.340,1.1157,1.11605,1.50,1.76
2016.04.07 01:31:26.049,1.11573,1.11606,1.19,1.12
2016.04.07 01:31:26.353,1.11594,1.11619,1.19,1.00
2016.04.07 01:31:26.882,1.11601,1.1162,1.19,1.00
2016.04.07 01:31:26.934,1.11595,1.11629,1.19,1.29
2016.04.07 01:31:27.339,1.11602,1.11626,1.19,1.00
2016.04.07 01:31:27.390,1.11602,1.11631,1.19,1.00
2016.04.07 01:31:27.442,1.11597,1.11631,1.19,1.00
2016.04.07 01:31:31.191,1.11601,1.11631,1.19,1.00
2016.04.07 01:31:32.299,1.11606,1.11631,1.19,1.00
2016.04.07 01:31:32.866,1.11614,1.11634,1.19,1.00
2016.04.07 01:31:32.917,1.11614,1.11638,1.19,1.00
2016.04.07 01:31:33.289,1.11616,1.11641,1.19,1.00
2016.04.07 01:31:33.750,1.1161,1.11641,1.19,1.00
2016.04.07 01:31:35.136,1.11615,1.11641,1.19,1.00
2016.04.07 01:31:35.187,1.11612,1.1164,1.19,1.00
2016.04.07 01:31:35.289,1.11616,1.1164,1.19,1.00
2016.04.07 01:31:36.589,1.11614,1.1164,1.19,1.00
2016.04.07 01:31:36.893,1.1162,1.11642,1.19,1.00
2016.04.07 01:31:38.370,1.11615,1.11642,1.19,1.00
2016.04.07 01:31:39.694,1.11613,1.11642,1.19,1.00
2016.04.07 01:31:39.796,1.11622,1.11642,1.19,1.00
2016.04.07 01:31:39.948,1.11622,1.11645,1.19,1.00
2016.04.07 01:31:40.201,1.11622,1.11647,1.19,1.00
2016.04.07 01:31:40.579,1.11622,1.11644,1.19,1.00
2016.04.07 01:31:41.766,1.11629,1.11644,1.19,1.00
2016.04.07 01:31:41.867,1.11622,1.11644,1.19,1.00
2016.04.07 01:31:41.969,1.11623,1.11644,1.19,1.00
2016.04.07 01:31:42.810,1.11617,1.11644,1.19,1.00
2016.04.07 01:31:43.068,1.11617,1.11643,1.19,1.07
2016.04.07 01:31:43.963,1.11611,1.11642,1.19,1.10
2016.04.07 01:31:44.166,1.11615,1.11642,1.19,1.10
2016.04.07 01:31:45.528,1.11615,1.11639,1.19,1.00
2016.04.07 01:31:48.936,1.11615,1.1164,1.19,1.00
2016.04.07 01:31:49.433,1.11615,1.11642,1.19,1.10
2016.04.07 01:31:50.410,1.11615,1.11639,1.19,1.00
2016.04.07 01:31:50.641,1.11615,1.11642,1.19,1.00
2016.04.07 01:31:51.443,1.11613,1.11641,1.19,1.00
2016.04.07 01:31:51.995,1.11613,1.11642,1.19,1.00
2016.04.07 01:31:55.459,1.11613,1.1164,1.19,1.10
2016.04.07 01:31:55.773,1.11613,1.11638,1.19,1.00
2016.04.07 01:31:56.280,1.11619,1.11637,1.19,1.00
2016.04.07 01:31:59.675,1.11611,1.11637,1.19,1.00
2016.04.07 01:31:59.778,1.11606,1.11636,2.00,1.69
2016.04.07 01:31:59.880,1.11601,1.11634,1.69,2.00
2016.04.07 01:31:59.932,1.11598,1.11631,1.31,1.26
2016.04.07 01:31:59.983,1.11598,1.11627,1.31,1.10
2016.04.07 01:32:00.422,1.11598,1.11624,1.31,1.00
2016.04.07 01:32:00.473,1.11596,1.11623,1.19,1.00
2016.04.07 01:32:00.878,1.11593,1.11623,1.00,1.50
2016.04.07 01:32:01.182,1.11593,1.11623,1.00,1.10
2016.04.07 01:32:01.284,1.11595,1.11623,1.00,1.10
2016.04.07 01:32:01.633,1.11599,1.11623,1.19,1.10
2016.04.07 01:32:01.735,1.11599,1.11625,1.19,1.00
2016.04.07 01:32:02.695,1.11599,1.11627,1.19,1.10
2016.04.07 01:32:03.376,1.116,1.11628,1.19,1.00
2016.04.07 01:32:03.579,1.11599,1.11626,1.19,1.00
2016.04.07 01:32:03.883,1.11595,1.11624,1.19,1.10
2016.04.07 01:32:03.984,1.11598,1.11624,1.19,1.00
2016.04.07 01:32:04.517,1.11598,1.11624,1.19,1.57
2016.04.07 01:32:05.069,1.11595,1.11624,1.69,1.57
2016.04.07 01:32:05.665,1.1159,1.11616,1.19,1.00
2016.04.07 01:32:05.716,1.1159,1.11619,1.19,1.10
2016.04.07 01:32:05.869,1.116,1.11621,1.19,1.87
2016.04.07 01:32:05.920,1.116,1.11621,1.19,1.57
2016.04.07 01:32:05.971,1.11596,1.11621,1.19,1.57
2016.04.07 01:32:08.834,1.116,1.11631,1.25,1.10
2016.04.07 01:32:08.936,1.11607,1.11631,1.19,1.10
2016.04.07 01:32:09.189,1.11603,1.1163,1.19,1.87
2016.04.07 01:32:09.695,1.11603,1.11627,1.19,1.00
2016.04.07 01:32:10.231,1.11603,1.11628,1.19,1.10
2016.04.07 01:32:11.281,1.116,1.1163,1.19,1.87
2016.04.07 01:32:11.433,1.116,1.11629,1.19,1.50
2016.04.07 01:32:11.949,1.11599,1.11622,1.00,1.00
2016.04.07 01:32:12.005,1.11595,1.11622,1.19,1.00
2016.04.07 01:32:12.512,1.11595,1.11624,1.19,1.07
2016.04.07 01:32:13.076,1.11595,1.11624,1.19,1.12
2016.04.07 01:32:14.458,1.116,1.11624,1.00,1.12
2016.04.07 01:32:14.693,1.11598,1.11623,1.00,1.07
2016.04.07 01:32:15.048,1.116,1.11624,1.00,1.12
2016.04.07 01:32:15.856,1.116,1.11624,1.19,1.12
2016.04.07 01:32:20.227,1.11599,1.11625,1.19,1.00
2016.04.07 01:32:20.278,1.11599,1.1163,1.19,1.07
2016.04.07 01:32:20.481,1.11604,1.1163,1.19,1.07
2016.04.07 01:32:21.073,1.11604,1.11627,1.19,1.00
2016.04.07 01:32:22.333,1.11604,1.11624,1.19,2.25
2016.04.07 01:32:22.394,1.11597,1.11621,1.19,1.10
2016.04.07 01:32:22.902,1.11595,1.11621,1.19,1.00
2016.04.07 01:32:23.998,1.11595,1.11624,1.19,1.50
2016.04.07 01:32:24.537,1.11595,1.11623,1.19,1.10
2016.04.07 01:32:24.639,1.11595,1.11623,1.19,1.12
2016.04.07 01:32:25.287,1.11595,1.11621,1.19,1.07
2016.04.07 01:32:25.338,1.11592,1.11621,1.19,1.07
2016.04.07 01:32:25.439,1.11595,1.11621,1.19,1.10
2016.04.07 01:32:25.957,1.11595,1.11617,1.19,1.00
2016.04.07 01:32:26.008,1.11588,1.11614,1.19,1.00
2016.04.07 01:32:26.059,1.11588,1.11612,1.19,1.00
2016.04.07 01:32:26.111,1.11585,1.11612,1.56,1.00
2016.04.07 01:32:26.405,1.11596,1.11614,1.19,1.00
2016.04.07 01:32:26.456,1.11592,1.11616,1.19,1.10
2016.04.07 01:32:31.606,1.116,1.11617,1.19,1.07
2016.04.07 01:32:31.809,1.116,1.11619,1.19,1.00
2016.04.07 01:32:32.176,1.116,1.11623,1.19,1.10
2016.04.07 01:32:33.016,1.116,1.11623,1.19,1.12
2016.04.07 01:32:33.281,1.11595,1.11623,1.19,1.12
2016.04.07 01:32:34.685,1.11599,1.11622,1.00,1.07
2016.04.07 01:32:35.628,1.11599,1.11622,1.00,1.00
2016.04.07 01:32:36.019,1.11614,1.11634,1.25,1.37
2016.04.07 01:32:36.070,1.11614,1.11642,1.25,1.07
2016.04.07 01:32:36.172,1.11614,1.11641,1.25,1.50
2016.04.07 01:32:36.475,1.11614,1.11637,1.25,1.10
2016.04.07 01:32:36.786,1.11614,1.11635,1.25,1.00
2016.04.07 01:32:38.161,1.11614,1.11635,1.00,1.12
2016.04.07 01:32:42.416,1.11614,1.11635,1.00,1.00
2016.04.07 01:32:42.962,1.11614,1.1164,1.00,2.00
2016.04.07 01:32:55.017,1.11611,1.11637,1.00,2.32
2016.04.07 01:32:55.118,1.11607,1.11633,1.19,1.10
2016.04.07 01:32:55.422,1.11607,1.11629,1.19,1.00
2016.04.07 01:32:55.719,1.116,1.11629,1.69,1.00
2016.04.07 01:32:56.225,1.116,1.11629,1.69,1.07
2016.04.07 01:32:56.870,1.116,1.11627,1.19,1.07
2016.04.07 01:32:57.376,1.11606,1.11627,1.19,1.07
2016.04.07 01:32:57.680,1.1161,1.1163,1.19,1.00
2016.04.07 01:32:57.984,1.1161,1.11628,1.19,1.50
2016.04.07 01:32:58.262,1.1161,1.11628,1.19,1.00
2016.04.07 01:32:58.314,1.1161,1.11632,1.19,1.00
2016.04.07 01:32:58.769,1.11614,1.11632,1.19,1.00
2016.04.07 01:32:59.130,1.11614,1.11634,1.19,1.00
2016.04.07 01:33:01.736,1.11614,1.11638,1.19,1.10
2016.04.07 01:33:01.888,1.11614,1.11634,1.19,1.00
2016.04.07 01:33:04.586,1.11614,1.11637,1.19,1.00
2016.04.07 01:33:09.352,1.11609,1.11637,1.19,1.00
2016.04.07 01:33:11.359,1.11609,1.11637,1.19,1.07
2016.04.07 01:33:12.152,1.11609,1.11633,1.19,1.00
2016.04.07 01:33:12.776,1.11615,1.11633,1.19,1.00
2016.04.07 01:33:12.827,1.11615,1.11636,1.19,1.00
2016.04.07 01:33:13.081,1.11623,1.11634,1.19,1.00
2016.04.07 01:33:13.132,1.11624,1.11637,1.19,1.00
2016.04.07 01:33:13.183,1.11624,1.11641,1.19,1.00
2016.04.07 01:33:13.234,1.11624,1.1164,1.19,1.12
2016.04.07 01:33:13.335,1.11617,1.1164,1.19,1.12
2016.04.07 01:33:16.036,1.1161,1.1164,1.50,1.31
2016.04.07 01:33:18.289,1.11608,1.11637,1.00,1.00
2016.04.07 01:33:18.821,1.11609,1.11637,1.00,1.00
2016.04.07 01:33:19.288,1.11611,1.11637,1.00,1.00
2016.04.07 01:33:19.389,1.11609,1.11637,1.00,1.00
2016.04.07 01:33:21.137,1.11609,1.11637,1.00,1.07
2016.04.07 01:33:22.027,1.1161,1.11637,1.00,1.07
2016.04.07 01:33:22.281,1.11611,1.1164,1.50,1.76
2016.04.07 01:33:22.837,1.11608,1.11638,1.12,1.00
2016.04.07 01:33:23.395,1.11611,1.11638,1.00,1.00
2016.04.07 01:33:23.547,1.11611,1.1164,1.50,1.00
2016.04.07 01:33:24.295,1.11612,1.1164,1.00,1.00
2016.04.07 01:33:24.804,1.11611,1.1164,1.00,1.00
2016.04.07 01:33:26.985,1.11612,1.1164,1.00,1.00
2016.04.07 01:33:28.567,1.11611,1.1164,1.00,1.00
2016.04.07 01:33:29.073,1.11611,1.1164,1.37,1.07
2016.04.07 01:33:29.377,1.11609,1.11638,1.00,1.00
2016.04.07 01:33:30.324,1.11609,1.11638,2.32,1.00
2016.04.07 01:33:30.375,1.11613,1.11642,1.00,1.25
2016.04.07 01:33:33.406,1.11615,1.11642,1.00,1.00
2016.04.07 01:33:38.016,1.11616,1.11645,1.00,1.00
2016.04.07 01:33:38.752,1.11618,1.11645,1.00,1.00
2016.04.07 01:33:39.885,1.11617,1.11645,1.50,1.00
2016.04.07 01:33:40.540,1.11618,1.11638,1.00,1.00
2016.04.07 01:33:40.754,1.11616,1.11638,1.50,1.00
2016.04.07 01:33:41.367,1.11615,1.11638,1.00,1.00
2016.04.07 01:33:42.078,1.11614,1.11638,1.00,1.00
2016.04.07 01:33:42.129,1.11614,1.11636,1.00,1.00
2016.04.07 01:33:43.366,1.11615,1.11636,1.00,1.00
2016.04.07 01:33:44.141,1.11614,1.11636,1.00,1.00
2016.04.07 01:33:44.598,1.11616,1.11636,1.00,1.00
2016.04.07 01:33:45.035,1.11618,1.11636,1.00,1.00
2016.04.07 01:33:45.606,1.11616,1.11636,1.00,1.00
2016.04.07 01:33:49.566,1.1161,1.11632,1.00,1.00
2016.04.07 01:33:49.617,1.1161,1.1163,1.00,1.00
2016.04.07 01:33:50.226,1.11612,1.1163,1.00,1.00
2016.04.07 01:33:50.732,1.11611,1.1163,1.00,1.00
2016.04.07 01:33:51.221,1.11608,1.1163,1.00,1.00
2016.04.07 01:33:51.549,1.11606,1.1163,1.00,1.00
2016.04.07 01:33:51.860,1.11608,1.1163,1.00,1.00
2016.04.07 01:33:52.386,1.11607,1.1163,1.00,1.00
2016.04.07 01:33:53.188,1.11608,1.1163,1.00,1.00
2016.04.07 01:33:54.596,1.11607,1.1163,1.00,1.00
2016.04.07 01:33:54.697,1.11602,1.1163,1.76,1.00
2016.04.07 01:33:55.051,1.11611,1.1163,1.00,1.00
2016.04.07 01:33:55.153,1.11608,1.1163,1.00,1.00
2016.04.07 01:33:55.468,1.11611,1.1163,1.00,1.00
2016.04.07 01:33:56.936,1.11609,1.1163,1.00,1.00
2016.04.07 01:33:57.601,1.11608,1.1163,1.00,1.00
2016.04.07 01:33:59.117,1.11603,1.1163,1.20,1.00
2016.04.07 01:33:59.218,1.11605,1.1163,1.87,1.00
2016.04.07 01:33:59.919,1.11604,1.11627,1.00,1.00
2016.04.07 01:34:00.236,1.11604,1.11624,1.00,1.00
2016.04.07 01:34:00.765,1.116,1.11624,1.00,1.00
2016.04.07 01:34:00.867,1.11597,1.11624,1.00,1.00
2016.04.07 01:34:00.969,1.11597,1.1162,1.00,1.00
2016.04.07 01:34:01.223,1.11593,1.11617,1.12,1.00
2016.04.07 01:34:01.452,1.11592,1.11613,1.37,1.00
2016.04.07 01:34:01.554,1.1159,1.11613,1.10,1.00
2016.04.07 01:34:01.655,1.11588,1.11613,1.10,1.00
2016.04.07 01:34:02.162,1.11586,1.11613,1.50,1.00
2016.04.07 01:34:02.365,1.11586,1.11612,1.50,1.19
2016.04.07 01:34:02.417,1.11581,1.11609,1.00,1.19
2016.04.07 01:34:02.468,1.11578,1.11606,1.50,1.00
2016.04.07 01:34:02.739,1.11577,1.11599,1.00,1.00
2016.04.07 01:34:03.044,1.11585,1.11604,1.19,1.00
2016.04.07 01:34:03.558,1.1158,1.11604,1.69,1.00
2016.04.07 01:34:05.205,1.11578,1.11604,1.00,1.00
2016.04.07 01:34:07.507,1.11577,1.116,1.00,1.00
2016.04.07 01:34:07.710,1.11575,1.116,1.00,1.00
2016.04.07 01:34:08.758,1.11574,1.11597,1.00,1.00
2016.04.07 01:34:09.063,1.11572,1.11594,1.00,1.00
2016.04.07 01:34:09.470,1.11575,1.11594,1.00,1.00
2016.04.07 01:34:10.141,1.11573,1.11594,1.00,1.00
2016.04.07 01:34:10.445,1.11575,1.11594,1.00,1.00
2016.04.07 01:34:10.913,1.1157,1.11594,1.00,1.00
2016.04.07 01:34:11.394,1.11568,1.11594,1.00,1.00
2016.04.07 01:34:11.664,1.11566,1.11594,1.00,1.00
2016.04.07 01:34:12.009,1.11575,1.11594,1.19,1.00
2016.04.07 01:34:12.064,1.11575,1.11608,2.44,1.00
2016.04.07 01:34:12.116,1.11585,1.11608,1.00,1.00
2016.04.07 01:34:12.975,1.11582,1.11608,1.25,1.00
2016.04.07 01:34:15.877,1.11585,1.1161,1.00,1.00
2016.04.07 01:34:15.979,1.1159,1.11616,1.10,1.00
2016.04.07 01:34:16.030,1.11593,1.11616,1.00,1.00
2016.04.07 01:34:16.381,1.11595,1.11626,2.25,1.00
2016.04.07 01:34:16.877,1.11595,1.11631,2.62,1.19
2016.04.07 01:34:17.180,1.116,1.11631,1.10,1.19
2016.04.07 01:34:17.232,1.116,1.11631,1.10,1.00
2016.04.07 01:34:19.790,1.116,1.11631,1.00,1.50
2016.04.07 01:34:20.124,1.11575,1.116,1.00,2.25
2016.04.07 01:34:20.276,1.11572,1.11602,1.00,1.75
2016.04.07 01:34:20.378,1.11572,1.11605,1.00,1.75
2016.04.07 01:34:20.480,1.11572,1.11606,2.25,1.19
2016.04.07 01:34:20.531,1.11575,1.11609,1.12,1.00
2016.04.07 01:34:20.583,1.11575,1.11609,1.00,1.12
2016.04.07 01:34:20.886,1.11579,1.11611,1.00,1.25
2016.04.07 01:34:21.450,1.11579,1.11611,1.00,1.32
2016.04.07 01:34:21.855,1.11574,1.11608,1.00,1.69
2016.04.07 01:34:23.439,1.11575,1.11608,1.00,1.31
2016.04.07 01:34:23.743,1.11575,1.11608,1.00,2.06
2016.04.07 01:34:24.366,1.11574,1.11608,1.00,2.14
2016.04.07 01:34:24.771,1.11577,1.11608,1.00,1.69
2016.04.07 01:34:24.823,1.11577,1.11608,1.00,1.19
2016.04.07 01:34:24.874,1.11579,1.11611,1.00,1.69
2016.04.07 01:34:26.238,1.11579,1.11596,1.00,1.19
2016.04.07 01:34:26.340,1.11576,1.11596,1.00,1.19
2016.04.07 01:34:27.015,1.11576,1.11601,1.10,1.19
2016.04.07 01:34:28.130,1.11576,1.11608,1.76,1.19
2016.04.07 01:34:30.233,1.11579,1.11611,1.69,1.19
2016.04.07 01:34:30.761,1.11585,1.11614,1.00,1.19
2016.04.07 01:34:30.964,1.11581,1.11615,1.07,1.69
2016.04.07 01:34:31.470,1.11581,1.11615,1.50,1.76
2016.04.07 01:34:31.933,1.11581,1.11609,1.50,1.19
2016.04.07 01:34:33.387,1.11579,1.116,1.00,1.19
2016.04.07 01:34:34.734,1.11579,1.11601,1.10,1.19
2016.04.07 01:34:35.676,1.11578,1.11601,1.00,1.19
2016.04.07 01:34:36.104,1.11578,1.116,1.87,1.19
2016.04.07 01:34:36.416,1.11584,1.116,1.00,1.19
2016.04.07 01:34:38.476,1.11584,1.11605,1.00,1.19
2016.04.07 01:34:38.630,1.11587,1.11605,1.00,1.19
2016.04.07 01:34:38.681,1.11587,1.11613,1.00,1.19
2016.04.07 01:34:38.733,1.11589,1.11613,1.10,1.19
2016.04.07 01:34:39.242,1.1159,1.11613,1.10,1.19
2016.04.07 01:34:39.772,1.11586,1.11612,1.10,1.19
2016.04.07 01:34:40.231,1.11585,1.11608,1.00,1.19
2016.04.07 01:34:40.382,1.11582,1.11608,1.57,1.19
2016.04.07 01:34:41.020,1.11582,1.11614,1.25,1.69
2016.04.07 01:34:41.602,1.11579,1.11613,1.19,2.44
2016.04.07 01:34:41.653,1.11577,1.11601,1.00,1.19
2016.04.07 01:34:41.754,1.11572,1.11601,1.95,1.19
2016.04.07 01:34:41.806,1.11573,1.11601,1.00,1.19
2016.04.07 01:34:41.857,1.11573,1.11606,2.44,1.29
2016.04.07 01:34:45.709,1.11573,1.11602,1.19,1.00
2016.04.07 01:34:54.401,1.1157,1.11602,1.19,1.69
2016.04.07 01:34:54.957,1.11563,1.11597,1.69,1.69
2016.04.07 01:34:55.569,1.11563,1.11597,1.76,1.76
2016.04.07 01:35:04.197,1.11563,1.11597,1.76,1.76
2016.04.07 01:35:04.501,1.1157,1.11599,1.19,1.62
2016.04.07 01:35:04.805,1.11567,1.11595,1.19,1.19
2016.04.07 01:35:05.302,1.11569,1.11599,1.00,2.44
2016.04.07 01:35:05.404,1.11571,1.11599,1.00,2.06
2016.04.07 01:35:05.965,1.11569,1.11599,1.00,1.31
2016.04.07 01:35:07.820,1.11569,1.1159,1.00,1.19
2016.04.07 01:35:07.871,1.11565,1.1159,1.00,1.29
2016.04.07 01:35:08.175,1.11564,1.11595,1.19,1.31
2016.04.07 01:35:08.769,1.11566,1.11596,1.00,1.19
2016.04.07 01:35:09.629,1.11568,1.11596,1.00,1.19
2016.04.07 01:35:09.941,1.11564,1.11596,1.19,1.19
2016.04.07 01:35:11.836,1.11566,1.11596,1.00,1.29
2016.04.07 01:35:13.380,1.11566,1.11586,1.00,1.19
2016.04.07 01:35:13.583,1.11564,1.11586,1.50,1.19
2016.04.07 01:35:14.981,1.11565,1.11593,1.00,1.29
2016.04.07 01:35:16.793,1.11564,1.11593,1.00,1.29
2016.04.07 01:35:18.268,1.11564,1.11595,1.00,1.31
2016.04.07 01:35:18.742,1.11569,1.11595,1.00,1.31
2016.04.07 01:35:20.870,1.1157,1.11594,1.00,1.69
2016.04.07 01:35:21.318,1.11566,1.11593,1.00,1.31
2016.04.07 01:35:22.935,1.11564,1.11592,1.00,1.26
2016.04.07 01:35:25.245,1.11566,1.11592,1.00,1.26
2016.04.07 01:35:26.688,1.11565,1.11592,1.00,1.26
2016.04.07 01:35:27.191,1.11566,1.11592,1.00,1.26
2016.04.07 01:35:28.225,1.11563,1.11592,1.25,1.26
2016.04.07 01:35:28.428,1.11566,1.11592,1.00,2.44
2016.04.07 01:35:28.530,1.11561,1.11592,1.19,2.44
2016.04.07 01:35:28.732,1.11561,1.1159,1.00,1.26
2016.04.07 01:35:29.262,1.1156,1.1159,1.00,1.26
2016.04.07 01:35:30.003,1.11563,1.1159,1.00,1.26
2016.04.07 01:35:30.105,1.11559,1.1159,1.00,1.19
2016.04.07 01:35:30.156,1.11559,1.11592,1.19,1.26
2016.04.07 01:35:30.308,1.11565,1.11592,1.00,1.26
2016.04.07 01:35:30.511,1.11563,1.11592,1.00,1.26
2016.04.07 01:35:30.770,1.11565,1.11592,1.00,1.26
2016.04.07 01:35:31.127,1.11564,1.11592,1.00,2.51
2016.04.07 01:35:31.279,1.1156,1.11591,1.00,1.31
2016.04.07 01:35:31.583,1.1156,1.11588,1.00,1.26
2016.04.07 01:35:32.511,1.11561,1.11588,1.00,1.19
2016.04.07 01:35:32.821,1.11555,1.11582,1.10,1.19
2016.04.07 01:35:33.126,1.11556,1.1158,1.00,2.44
2016.04.07 01:35:33.177,1.11554,1.1158,1.00,2.44
2016.04.07 01:35:33.278,1.11549,1.1158,1.00,3.94
2016.04.07 01:35:33.329,1.11549,1.11574,1.00,1.00
2016.04.07 01:35:33.651,1.11548,1.11567,1.00,1.19
2016.04.07 01:35:33.702,1.11546,1.11567,1.00,1.19
2016.04.07 01:35:33.804,1.11546,1.11571,1.00,2.44
2016.04.07 01:35:33.957,1.11553,1.11571,1.00,1.19
2016.04.07 01:35:34.008,1.11553,1.11577,1.69,1.31
2016.04.07 01:35:34.110,1.11554,1.11582,1.69,1.69
2016.04.07 01:35:34.161,1.11554,1.11585,2.44,1.19
2016.04.07 01:35:34.212,1.1156,1.1159,1.25,2.06
2016.04.07 01:35:34.263,1.11562,1.1159,1.00,1.19
2016.04.07 01:35:34.725,1.11565,1.1159,1.00,1.19
2016.04.07 01:35:34.877,1.11567,1.11596,1.00,1.19
2016.04.07 01:35:35.029,1.11564,1.11596,1.19,1.19
2016.04.07 01:35:35.535,1.11565,1.11592,1.00,1.19
2016.04.07 01:35:35.586,1.11562,1.11592,1.00,2.44
2016.04.07 01:35:35.688,1.11556,1.11588,1.19,1.60
2016.04.07 01:35:36.264,1.1156,1.11591,1.19,1.66
2016.04.07 01:35:36.366,1.11566,1.11591,1.00,1.19
2016.04.07 01:35:36.467,1.11564,1.11591,1.00,1.19
2016.04.07 01:35:36.670,1.11562,1.11595,1.26,1.19
2016.04.07 01:35:37.283,1.11567,1.11595,1.19,1.00
2016.04.07 01:35:37.540,1.11564,1.11595,1.26,1.19
2016.04.07 01:35:37.844,1.11563,1.11592,1.00,1.29
2016.04.07 01:35:37.895,1.11561,1.11592,1.00,1.29
2016.04.07 01:35:37.996,1.11563,1.11592,1.00,1.29
2016.04.07 01:35:38.249,1.11561,1.11592,1.00,1.29
2016.04.07 01:35:38.863,1.11559,1.11592,1.19,1.29
2016.04.07 01:35:40.593,1.11559,1.11591,1.19,1.32
2016.04.07 01:35:40.953,1.11559,1.11591,1.00,1.26
2016.04.07 01:35:41.459,1.1156,1.11591,1.00,1.31
2016.04.07 01:35:42.663,1.1156,1.11589,1.00,1.94
2016.04.07 01:35:43.024,1.11559,1.11583,1.00,1.19
2016.04.07 01:35:43.178,1.11557,1.11583,1.50,1.29
2016.04.07 01:35:43.382,1.11553,1.11583,1.00,1.29
2016.04.07 01:35:43.434,1.11555,1.11583,1.00,1.29
2016.04.07 01:35:43.485,1.11555,1.11584,1.69,1.32
2016.04.07 01:35:43.588,1.11561,1.11588,1.19,1.25
2016.04.07 01:35:43.921,1.11573,1.116,1.19,1.19
2016.04.07 01:35:44.543,1.11575,1.116,1.19,1.19
2016.04.07 01:35:46.879,1.11577,1.11603,1.19,1.19
2016.04.07 01:35:47.192,1.11584,1.11603,1.19,1.00
2016.04.07 01:35:47.243,1.11584,1.11607,1.19,1.00
2016.04.07 01:35:47.448,1.11588,1.11611,1.19,1.10
2016.04.07 01:35:47.861,1.11589,1.11614,1.19,1.07
2016.04.07 01:35:48.063,1.1159,1.11617,1.19,1.12
2016.04.07 01:35:48.114,1.1159,1.11617,1.19,1.00
2016.04.07 01:35:48.585,1.11594,1.11621,1.19,1.10
2016.04.07 01:35:50.711,1.11595,1.11618,1.00,1.19
2016.04.07 01:35:50.762,1.11589,1.11618,1.87,1.19
2016.04.07 01:35:50.916,1.11586,1.11618,1.19,1.31
2016.04.07 01:35:51.220,1.1159,1.11618,1.00,1.29
2016.04.07 01:35:52.440,1.11587,1.11618,1.19,1.29
2016.04.07 01:35:52.945,1.11583,1.11616,1.00,1.76
2016.04.07 01:35:52.996,1.11583,1.11616,1.00,2.44
2016.04.07 01:35:53.735,1.11585,1.11616,1.00,2.44
2016.04.07 01:35:53.988,1.11582,1.11616,1.50,2.44
2016.04.07 01:35:54.096,1.11585,1.11616,1.00,2.44
2016.04.07 01:35:54.868,1.11588,1.11616,1.00,1.94
2016.04.07 01:35:54.969,1.11586,1.11616,1.00,1.31
2016.04.07 01:35:55.323,1.11584,1.11616,1.19,1.19
2016.04.07 01:35:56.191,1.11583,1.11609,1.19,1.07
2016.04.07 01:35:56.242,1.11578,1.11609,1.19,1.26
2016.04.07 01:35:56.748,1.11577,1.11609,1.19,1.26
2016.04.07 01:35:56.900,1.11581,1.11609,1.19,1.07
2016.04.07 01:35:57.483,1.11579,1.11613,1.69,2.25
2016.04.07 01:35:57.991,1.11579,1.11613,2.06,3.00
2016.04.07 01:35:58.650,1.11579,1.11613,1.31,1.76
2016.04.07 01:36:00.426,1.1158,1.11613,1.00,1.26
2016.04.07 01:36:00.579,1.11582,1.11613,1.10,1.19
2016.04.07 01:36:01.096,1.11583,1.11615,1.07,1.19
2016.04.07 01:36:01.488,1.11583,1.11615,1.76,1.19
2016.04.07 01:36:01.843,1.11587,1.11617,1.00,1.19
2016.04.07 01:36:02.823,1.1159,1.11607,1.00,1.19
2016.04.07 01:36:03.133,1.1159,1.11612,1.00,1.19
2016.04.07 01:36:03.336,1.1159,1.11612,1.50,1.19
2016.04.07 01:36:04.092,1.11593,1.11612,1.00,1.19
2016.04.07 01:36:04.751,1.11591,1.11612,1.12,1.19
2016.04.07 01:36:05.592,1.11588,1.11603,1.00,1.19
2016.04.07 01:36:06.099,1.11588,1.11601,1.00,1.19
2016.04.07 01:36:06.150,1.11588,1.11609,1.00,1.19
2016.04.07 01:36:06.353,1.1159,1.11608,1.00,1.19
2016.04.07 01:36:06.455,1.1159,1.11614,1.10,1.19
2016.04.07 01:36:06.557,1.11587,1.11614,1.50,1.19
2016.04.07 01:36:06.767,1.11587,1.11608,1.12,1.19
2016.04.07 01:36:06.819,1.11581,1.11608,1.00,1.19
2016.04.07 01:36:07.327,1.11581,1.11608,1.00,1.19
2016.04.07 01:36:07.649,1.11585,1.11614,1.19,1.12
2016.04.07 01:36:07.700,1.11587,1.11618,1.69,1.12
2016.04.07 01:36:07.751,1.11588,1.11622,2.06,1.87
2016.04.07 01:36:07.802,1.11597,1.11625,1.00,1.31
2016.04.07 01:36:07.853,1.116,1.11625,1.00,1.25
2016.04.07 01:36:08.111,1.11603,1.11631,1.00,1.19
2016.04.07 01:36:08.162,1.116,1.11631,1.00,1.19
2016.04.07 01:36:08.263,1.11604,1.11631,1.00,1.19
2016.04.07 01:36:08.516,1.11602,1.11631,1.00,1.19
2016.04.07 01:36:09.025,1.11604,1.11631,1.00,1.19
2016.04.07 01:36:09.227,1.11606,1.11637,1.00,1.19
2016.04.07 01:36:09.530,1.11608,1.11638,1.00,1.19
2016.04.07 01:36:11.190,1.11605,1.11626,1.37,1.19
2016.04.07 01:36:11.292,1.11605,1.11626,1.00,1.19
2016.04.07 01:36:11.393,1.11602,1.11626,1.00,1.19
2016.04.07 01:36:11.697,1.11599,1.11626,1.00,1.19
2016.04.07 01:36:11.748,1.11599,1.11621,1.00,1.19
2016.04.07 01:36:12.697,1.11599,1.11621,1.95,1.19
2016.04.07 01:36:13.367,1.11599,1.11626,1.45,1.19
2016.04.07 01:36:16.354,1.11599,1.11621,1.47,1.19
2016.04.07 01:36:16.658,1.116,1.11621,1.12,1.19
2016.04.07 01:36:19.049,1.11599,1.11621,1.47,1.19
2016.04.07 01:36:19.915,1.11599,1.11621,1.10,1.19
2016.04.07 01:36:20.258,1.11599,1.11621,3.00,1.19
2016.04.07 01:36:21.009,1.11601,1.11621,1.75,1.19
2016.04.07 01:36:21.414,1.11603,1.11626,1.07,1.19
2016.04.07 01:36:21.465,1.11603,1.11626,1.75,1.19
2016.04.07 01:36:21.782,1.11603,1.11626,1.10,1.19
2016.04.07 01:36:22.252,1.11605,1.11626,1.07,1.19
2016.04.07 01:36:22.556,1.11601,1.1162,1.50,1.19
2016.04.07 01:36:23.016,1.116,1.1162,1.07,1.19
2016.04.07 01:36:25.291,1.116,1.1162,1.00,1.19
2016.04.07 01:36:28.388,1.11598,1.1162,1.00,1.19
2016.04.07 01:36:28.591,1.11598,1.11625,1.50,1.19
2016.04.07 01:36:32.297,1.11598,1.11626,1.57,1.19
2016.04.07 01:36:32.399,1.11598,1.11627,1.57,1.19
2016.04.07 01:36:33.956,1.11598,1.11618,1.50,1.19
2016.04.07 01:36:34.058,1.11591,1.11618,1.00,1.19
2016.04.07 01:36:34.575,1.11591,1.1161,1.00,1.19
2016.04.07 01:36:35.118,1.11591,1.1161,1.07,1.19
2016.04.07 01:36:35.271,1.11594,1.11613,1.00,1.19
2016.04.07 01:36:35.474,1.11594,1.11619,1.00,1.19
2016.04.07 01:36:35.526,1.11594,1.11619,1.12,1.19
2016.04.07 01:36:35.834,1.11598,1.11619,1.00,1.19
2016.04.07 01:36:38.318,1.11595,1.11619,1.07,1.19
2016.04.07 01:36:38.571,1.11595,1.11615,1.00,1.19
2016.04.07 01:36:39.229,1.11592,1.11615,1.07,1.19
2016.04.07 01:36:39.331,1.11592,1.11607,1.00,1.19
2016.04.07 01:36:39.483,1.11589,1.11607,1.00,1.19
2016.04.07 01:36:39.534,1.11589,1.11607,1.12,1.19
2016.04.07 01:36:40.039,1.11592,1.11607,1.00,1.19
2016.04.07 01:36:40.313,1.11592,1.11612,1.00,1.19
2016.04.07 01:36:42.447,1.11594,1.11612,1.00,1.19
2016.04.07 01:36:42.650,1.11593,1.11618,1.00,1.19
2016.04.07 01:36:42.954,1.11592,1.11615,1.10,1.19
2016.04.07 01:36:44.264,1.11592,1.11615,1.12,1.19
2016.04.07 01:36:44.518,1.11594,1.11621,1.10,1.19
2016.04.07 01:36:44.619,1.11594,1.11621,1.50,1.19
2016.04.07 01:36:45.025,1.11597,1.11621,1.87,1.19
2016.04.07 01:36:45.177,1.11597,1.11621,1.00,1.19
2016.04.07 01:36:45.381,1.11597,1.11629,1.00,1.26
2016.04.07 01:36:45.483,1.11597,1.11629,1.87,1.19
2016.04.07 01:36:45.826,1.11597,1.11621,2.62,1.19
2016.04.07 01:36:46.805,1.11597,1.11621,1.00,1.19
2016.04.07 01:36:46.907,1.11601,1.11621,1.00,1.19
2016.04.07 01:36:48.810,1.11601,1.11621,1.12,1.19
2016.04.07 01:36:50.016,1.11601,1.11621,1.00,1.19
2016.04.07 01:36:50.754,1.11601,1.11628,1.10,1.19
2016.04.07 01:36:50.909,1.11601,1.11624,1.00,1.19
2016.04.07 01:36:51.669,1.11601,1.11621,1.00,1.19
2016.04.07 01:36:53.332,1.11601,1.11626,1.00,1.19
2016.04.07 01:36:53.448,1.11601,1.11624,1.00,1.19
2016.04.07 01:36:53.858,1.11596,1.11625,1.57,1.19
2016.04.07 01:36:54.729,1.11596,1.11626,1.10,1.19
2016.04.07 01:36:55.033,1.11596,1.11626,1.12,1.19
2016.04.07 01:36:55.580,1.11596,1.11626,2.25,1.19
2016.04.07 01:36:55.915,1.11598,1.11621,1.07,1.00
2016.04.07 01:36:56.073,1.11594,1.11621,1.37,1.00
2016.04.07 01:36:56.586,1.11593,1.11621,3.00,1.00
2016.04.07 01:36:58.927,1.11592,1.11619,3.75,1.19
2016.04.07 01:36:59.130,1.11589,1.11618,1.37,1.19
2016.04.07 01:36:59.894,1.11591,1.11618,1.12,1.19
2016.04.07 01:37:00.249,1.11595,1.11622,1.87,1.19
2016.04.07 01:37:00.300,1.116,1.11622,1.00,1.19
2016.04.07 01:37:00.656,1.11595,1.11622,1.37,1.19
2016.04.07 01:37:01.005,1.11593,1.11622,1.75,1.69
2016.04.07 01:37:01.106,1.11593,1.11622,1.12,1.69
2016.04.07 01:37:01.158,1.11592,1.11622,1.12,1.69
2016.04.07 01:37:01.463,1.11598,1.11623,1.87,1.00
2016.04.07 01:37:01.771,1.11595,1.11623,2.32,1.00
2016.04.07 01:37:02.280,1.11599,1.11623,1.00,1.00
2016.04.07 01:37:02.981,1.11598,1.11623,1.10,1.00
2016.04.07 01:37:03.644,1.11598,1.11623,1.66,1.00
2016.04.07 01:37:03.796,1.11601,1.11625,1.37,1.50
2016.04.07 01:37:03.847,1.11601,1.11625,1.00,1.50
2016.04.07 01:37:03.898,1.11604,1.11625,1.00,1.50
2016.04.07 01:37:03.999,1.11602,1.11624,1.00,1.25
2016.04.07 01:37:04.100,1.116,1.11624,1.12,1.69
2016.04.07 01:37:04.412,1.11597,1.11619,1.00,1.00
2016.04.07 01:37:04.918,1.11598,1.11619,1.00,1.00
2016.04.07 01:37:05.423,1.11601,1.11619,1.00,1.00
2016.04.07 01:37:06.744,1.11606,1.11619,1.00,1.00
2016.04.07 01:37:06.846,1.11603,1.11619,1.00,1.00
2016.04.07 01:37:07.192,1.116,1.11619,1.00,1.00
2016.04.07 01:37:07.648,1.11596,1.11619,1.00,1.00
2016.04.07 01:37:07.749,1.11598,1.11619,1.00,1.00
2016.04.07 01:37:08.053,1.11601,1.11619,1.00,1.00
2016.04.07 01:37:08.205,1.11599,1.11619,1.00,1.00
2016.04.07 01:37:08.779,1.116,1.11619,1.00,1.00
2016.04.07 01:37:08.830,1.11597,1.11619,1.10,1.00
2016.04.07 01:37:08.932,1.11597,1.11619,1.12,1.00
2016.04.07 01:37:13.012,1.11597,1.11619,2.25,1.00
2016.04.07 01:37:16.861,1.116,1.11619,2.25,1.00
2016.04.07 01:37:17.476,1.11599,1.11619,1.12,1.00
2016.04.07 01:37:17.582,1.11599,1.11619,1.00,1.00
2016.04.07 01:37:18.194,1.11596,1.11619,1.50,1.00
2016.04.07 01:37:18.296,1.11598,1.11619,1.00,1.00
2016.04.07 01:37:18.770,1.11596,1.11619,1.00,1.00
2016.04.07 01:37:20.498,1.11594,1.11619,1.12,1.00
2016.04.07 01:37:20.549,1.11594,1.11616,1.12,1.00
2016.04.07 01:37:20.774,1.11587,1.11616,1.57,1.00
2016.04.07 01:37:21.129,1.11587,1.11616,1.00,1.00
2016.04.07 01:37:21.231,1.11584,1.11613,1.20,1.00
2016.04.07 01:37:22.212,1.11584,1.11613,1.00,1.00
2016.04.07 01:37:22.882,1.11584,1.11613,1.00,1.07
2016.04.07 01:37:23.210,1.1158,1.11611,1.00,1.00
2016.04.07 01:37:26.773,1.1158,1.11611,1.00,1.95
2016.04.07 01:37:27.297,1.1158,1.11611,1.00,1.87
2016.04.07 01:37:27.814,1.1158,1.11611,1.00,1.07
2016.04.07 01:37:28.344,1.11578,1.11607,1.00,1.00
2016.04.07 01:37:28.652,1.1158,1.11607,1.00,1.00
2016.04.07 01:37:29.099,1.11583,1.11607,1.00,1.00
2016.04.07 01:37:30.077,1.11581,1.11607,1.00,1.00
2016.04.07 01:37:30.179,1.11583,1.11607,1.00,1.00
2016.04.07 01:37:30.280,1.11583,1.1161,1.00,1.00
2016.04.07 01:37:31.277,1.11581,1.1161,1.00,1.00
2016.04.07 01:37:31.811,1.11581,1.1161,1.07,1.00
2016.04.07 01:37:33.267,1.11585,1.1161,1.00,1.00
2016.04.07 01:37:33.318,1.11585,1.11615,1.00,1.10
2016.04.07 01:37:33.622,1.11587,1.11615,1.00,1.00
2016.04.07 01:37:33.926,1.11588,1.11615,1.12,1.00
2016.04.07 01:37:34.128,1.11588,1.11615,1.10,1.00
2016.04.07 01:37:34.738,1.11586,1.11611,1.50,1.19
2016.04.07 01:37:34.890,1.11586,1.11615,1.50,1.19
2016.04.07 01:37:36.526,1.11586,1.11615,1.20,1.19
2016.04.07 01:37:37.034,1.11587,1.11615,1.00,1.19
2016.04.07 01:37:37.979,1.11588,1.11615,1.00,1.19
2016.04.07 01:37:38.183,1.11589,1.11615,1.12,1.19
2016.04.07 01:37:39.143,1.11587,1.11615,1.12,1.19
2016.04.07 01:37:42.969,1.1159,1.11615,1.00,1.19
2016.04.07 01:37:43.599,1.11589,1.11615,1.50,1.19
2016.04.07 01:37:45.505,1.11588,1.11616,1.57,1.19
2016.04.07 01:37:48.826,1.11588,1.11616,2.25,1.19
2016.04.07 01:37:49.446,1.11592,1.11617,1.10,1.00
2016.04.07 01:37:49.978,1.11592,1.11617,1.57,1.00
2016.04.07 01:37:55.932,1.11594,1.11617,1.00,1.00
2016.04.07 01:37:56.450,1.11595,1.11617,1.00,1.00
2016.04.07 01:37:56.501,1.11593,1.11617,1.10,1.00
2016.04.07 01:37:56.886,1.11593,1.11617,1.12,1.00
2016.04.07 01:37:58.819,1.11596,1.11617,1.00,1.00
2016.04.07 01:37:59.072,1.11594,1.11617,1.10,1.00
2016.04.07 01:37:59.123,1.11596,1.11617,1.00,1.00
2016.04.07 01:37:59.628,1.11595,1.11617,1.00,1.00
2016.04.07 01:38:00.251,1.11595,1.11617,1.07,1.00
2016.04.07 01:38:01.066,1.11593,1.11617,1.07,1.00
2016.04.07 01:38:04.923,1.11591,1.11617,1.07,1.00
2016.04.07 01:38:05.398,1.1159,1.11617,1.00,1.00
2016.04.07 01:38:06.162,1.11591,1.11617,1.00,1.00
2016.04.07 01:38:06.319,1.11588,1.11617,1.50,1.00
2016.04.07 01:38:06.523,1.11593,1.11617,1.00,1.10
2016.04.07 01:38:06.725,1.1159,1.11617,1.00,1.00
2016.04.07 01:38:07.620,1.11588,1.11617,1.00,1.00
2016.04.07 01:38:08.125,1.11588,1.11617,1.57,1.00
2016.04.07 01:38:09.082,1.11588,1.11617,2.25,1.00
2016.04.07 01:38:12.944,1.11588,1.11617,1.87,1.00
2016.04.07 01:38:14.343,1.11588,1.11617,2.25,1.00
2016.04.07 01:38:16.454,1.11589,1.11617,1.75,1.00
2016.04.07 01:38:17.142,1.1159,1.11617,1.94,1.00
2016.04.07 01:38:17.511,1.11597,1.1162,1.31,1.00
2016.04.07 01:38:19.107,1.116,1.1162,1.31,1.00
2016.04.07 01:38:19.411,1.11601,1.1162,1.87,1.00
2016.04.07 01:38:21.626,1.116,1.1162,2.06,1.00
2016.04.07 01:38:23.544,1.11604,1.1162,1.00,1.00
2016.04.07 01:38:23.646,1.11602,1.1162,1.10,1.00
2016.04.07 01:38:23.873,1.11609,1.11624,1.00,1.00
2016.04.07 01:38:24.366,1.11607,1.11625,1.00,1.50
2016.04.07 01:38:25.089,1.11607,1.11624,1.00,1.00
2016.04.07 01:38:25.149,1.11598,1.11625,1.10,1.69
2016.04.07 01:38:25.251,1.11598,1.1162,1.00,1.00
2016.04.07 01:38:25.774,1.11597,1.1162,1.00,1.00
2016.04.07 01:38:27.842,1.11599,1.1162,1.00,1.00
2016.04.07 01:38:30.433,1.11597,1.11618,1.00,1.00
2016.04.07 01:38:30.635,1.11594,1.11618,1.00,1.00
2016.04.07 01:38:31.174,1.11597,1.11618,1.00,1.00
2016.04.07 01:38:31.738,1.116,1.11618,1.00,1.00
2016.04.07 01:38:32.072,1.11598,1.11618,1.00,1.00
2016.04.07 01:38:32.593,1.11592,1.11617,1.10,1.25
2016.04.07 01:38:32.644,1.11592,1.11615,1.10,1.19
2016.04.07 01:38:32.948,1.11594,1.11615,1.00,1.19
2016.04.07 01:38:33.524,1.11596,1.11615,1.00,1.19
2016.04.07 01:38:33.766,1.11596,1.11622,1.19,1.50
2016.04.07 01:38:33.817,1.116,1.11622,1.00,1.00
2016.04.07 01:38:34.222,1.11599,1.11619,1.00,1.25
2016.04.07 01:38:34.273,1.11597,1.11619,1.00,1.25
2016.04.07 01:38:34.945,1.11598,1.11619,1.00,1.25
2016.04.07 01:38:36.098,1.11597,1.11619,1.00,1.25
2016.04.07 01:38:36.480,1.11595,1.11617,1.00,1.00
2016.04.07 01:38:37.201,1.11594,1.11617,1.25,1.00
2016.04.07 01:38:38.333,1.11595,1.11617,1.00,1.00
2016.04.07 01:38:39.006,1.11598,1.11617,1.00,1.00
2016.04.07 01:38:39.553,1.1159,1.11617,1.00,1.00
2016.04.07 01:38:39.908,1.11588,1.11609,1.07,1.19
2016.04.07 01:38:40.060,1.11575,1.11602,1.00,1.25
2016.04.07 01:38:40.111,1.11571,1.11599,1.00,1.87
2016.04.07 01:38:40.263,1.11569,1.11597,1.00,1.00
2016.04.07 01:38:40.782,1.11568,1.11597,1.10,1.00
2016.04.07 01:38:40.884,1.11575,1.11597,1.00,1.00
2016.04.07 01:38:40.935,1.11575,1.11601,1.00,1.00
2016.04.07 01:38:41.191,1.11575,1.11604,1.00,1.19
2016.04.07 01:38:41.448,1.11575,1.116,1.00,1.00
2016.04.07 01:38:41.550,1.11571,1.116,1.37,1.00
2016.04.07 01:38:41.702,1.11572,1.116,1.00,1.19
2016.04.07 01:38:42.203,1.11573,1.116,1.00,1.19
2016.04.07 01:38:43.012,1.11573,1.116,1.00,1.00
2016.04.07 01:38:43.292,1.11577,1.116,1.00,1.00
2016.04.07 01:38:43.497,1.11574,1.116,1.00,1.00
2016.04.07 01:38:44.005,1.11573,1.116,1.00,1.00
2016.04.07 01:38:44.746,1.11574,1.116,1.00,1.00
2016.04.07 01:38:45.252,1.11571,1.116,1.00,1.25
2016.04.07 01:38:45.404,1.1157,1.11597,1.00,1.00
2016.04.07 01:38:47.819,1.11572,1.11597,1.00,1.00
2016.04.07 01:38:51.111,1.11571,1.11597,1.00,1.00
2016.04.07 01:38:51.415,1.11577,1.11597,1.19,1.00
2016.04.07 01:38:52.568,1.11574,1.11597,1.25,1.00
2016.04.07 01:38:52.670,1.11575,1.11597,1.19,1.00
2016.04.07 01:38:55.078,1.11575,1.11595,1.19,1.00
2016.04.07 01:39:02.017,1.11573,1.11595,1.19,1.00
2016.04.07 01:39:02.270,1.11567,1.11595,1.69,1.00
2016.04.07 01:39:02.987,1.1157,1.11595,1.00,1.00
2016.04.07 01:39:03.499,1.11567,1.11595,1.69,1.00
2016.04.07 01:39:04.152,1.1157,1.11595,1.00,1.00
2016.04.07 01:39:04.666,1.11571,1.11595,1.00,1.00
2016.04.07 01:39:06.519,1.11567,1.11595,1.19,1.00
2016.04.07 01:39:07.963,1.11574,1.11595,1.19,1.00
2016.04.07 01:39:14.076,1.11574,1.11597,1.19,1.00
2016.04.07 01:39:14.600,1.11574,1.11596,1.19,1.00
2016.04.07 01:39:15.304,1.11574,1.11596,1.19,1.12
2016.04.07 01:39:15.456,1.11567,1.11592,1.19,1.00
2016.04.07 01:39:15.681,1.11563,1.11592,1.69,1.07
2016.04.07 01:39:16.188,1.11563,1.11592,1.69,1.00
2016.04.07 01:39:16.239,1.1157,1.11592,1.19,1.00
2016.04.07 01:39:17.181,1.1157,1.11595,1.19,1.00
2016.04.07 01:39:17.232,1.11574,1.11595,1.19,1.00
2016.04.07 01:39:24.348,1.1157,1.11595,1.19,1.10
2016.04.07 01:39:24.399,1.1157,1.11593,1.19,1.00
2016.04.07 01:39:27.003,1.11576,1.11593,1.19,1.00
2016.04.07 01:39:27.536,1.1157,1.11593,1.19,1.00
2016.04.07 01:39:28.763,1.11565,1.11593,1.19,1.00
2016.04.07 01:39:28.864,1.11565,1.11592,1.19,1.07
2016.04.07 01:39:29.193,1.11565,1.1159,1.19,1.07
2016.04.07 01:39:29.497,1.11571,1.11588,1.19,1.00
2016.04.07 01:39:29.548,1.11564,1.11588,1.19,1.00
2016.04.07 01:39:32.397,1.11564,1.1159,1.19,1.00
2016.04.07 01:39:36.257,1.11563,1.1159,1.00,1.19
2016.04.07 01:39:36.459,1.11561,1.1159,1.25,1.26
2016.04.07 01:39:36.561,1.11561,1.11588,1.00,1.29
2016.04.07 01:39:36.764,1.11559,1.11586,1.00,1.19
2016.04.07 01:39:37.532,1.1156,1.11586,1.00,1.19
2016.04.07 01:39:38.874,1.11559,1.11586,1.00,1.19
2016.04.07 01:39:39.432,1.11558,1.11586,1.25,1.19
2016.04.07 01:39:42.734,1.11554,1.11582,1.19,1.00
2016.04.07 01:39:42.836,1.11558,1.11582,1.19,1.00
2016.04.07 01:39:47.761,1.11553,1.11582,1.69,1.00
2016.04.07 01:39:48.414,1.11558,1.11582,1.00,1.00
2016.04.07 01:39:48.935,1.11557,1.11582,1.25,1.00
2016.04.07 01:39:49.847,1.11557,1.11585,1.25,1.25
2016.04.07 01:39:51.696,1.11562,1.11585,1.00,1.00
2016.04.07 01:39:52.458,1.11562,1.11588,1.00,1.19
2016.04.07 01:39:53.411,1.1156,1.11588,1.19,1.00
2016.04.07 01:39:53.714,1.11559,1.11588,1.19,1.29
2016.04.07 01:39:56.099,1.11562,1.11588,1.00,1.19
2016.04.07 01:39:56.575,1.11562,1.11588,1.19,1.00
2016.04.07 01:40:02.193,1.11559,1.11588,1.19,1.19
2016.04.07 01:40:02.749,1.11556,1.11584,1.00,1.19
2016.04.07 01:40:07.069,1.11551,1.1158,1.31,1.19
2016.04.07 01:40:09.457,1.11548,1.11577,1.00,1.19
2016.04.07 01:40:09.905,1.11545,1.1157,1.00,1.19
2016.04.07 01:40:10.371,1.11548,1.1157,1.00,1.19
2016.04.07 01:40:10.574,1.11548,1.11578,1.10,1.19
2016.04.07 01:40:11.453,1.11545,1.11576,1.31,1.19
2016.04.07 01:40:15.642,1.11546,1.11572,1.19,1.00
2016.04.07 01:40:19.049,1.11541,1.11572,1.29,1.19
2016.04.07 01:40:20.763,1.11542,1.11572,1.22,1.19
2016.04.07 01:40:21.453,1.11541,1.11572,2.00,1.19
2016.04.07 01:40:21.554,1.11541,1.11572,1.01,1.19
2016.04.07 01:40:22.967,1.11538,1.11568,1.20,1.19
2016.04.07 01:40:23.476,1.11538,1.11568,1.12,1.19
2016.04.07 01:40:23.793,1.11538,1.11568,1.87,1.19
2016.04.07 01:40:24.524,1.11538,1.11568,1.20,1.19
2016.04.07 01:40:27.979,1.11541,1.11568,1.00,1.19
2016.04.07 01:40:28.236,1.11539,1.11568,1.00,1.29
2016.04.07 01:40:28.288,1.11539,1.1156,1.00,1.19
2016.04.07 01:40:28.339,1.11536,1.1156,1.50,1.19
2016.04.07 01:40:28.390,1.11536,1.11567,1.31,1.19
2016.04.07 01:40:28.969,1.11538,1.11566,1.00,1.19
2016.04.07 01:40:29.484,1.11537,1.11566,1.25,1.19
2016.04.07 01:40:32.072,1.11535,1.11562,1.00,1.19
2016.04.07 01:40:32.379,1.11533,1.11562,1.00,1.19
2016.04.07 01:40:33.264,1.11532,1.11562,1.00,1.19
2016.04.07 01:40:33.773,1.11539,1.11564,1.19,1.10
2016.04.07 01:40:34.077,1.1154,1.11566,2.06,1.00
2016.04.07 01:40:34.482,1.11543,1.1157,1.31,1.00
2016.04.07 01:40:34.735,1.11542,1.1157,1.25,1.19
2016.04.07 01:40:36.419,1.1154,1.11567,1.57,1.19
2016.04.07 01:40:36.623,1.1154,1.11574,1.69,1.19
2016.04.07 01:40:37.718,1.1154,1.11566,1.50,1.19
2016.04.07 01:40:39.786,1.11542,1.11566,1.50,1.19
2016.04.07 01:40:40.731,1.11545,1.11566,1.00,1.19
2016.04.07 01:40:44.330,1.11545,1.11563,1.07,1.19
2016.04.07 01:40:44.548,1.11545,1.11572,1.75,1.19
2016.04.07 01:40:44.751,1.11554,1.11573,1.50,1.19
2016.04.07 01:40:44.903,1.11554,1.11579,1.00,1.19
2016.04.07 01:40:45.322,1.11552,1.11576,1.00,1.19
2016.04.07 01:40:45.778,1.11553,1.11578,1.10,1.19
2016.04.07 01:40:45.829,1.11553,1.11578,1.50,1.19
2016.04.07 01:40:46.352,1.11556,1.11578,1.12,1.19
2016.04.07 01:40:46.902,1.11557,1.11578,1.00,1.19
2016.04.07 01:40:47.500,1.11558,1.11578,1.10,1.19
2016.04.07 01:40:47.551,1.11558,1.11585,1.10,1.19
2016.04.07 01:40:47.703,1.11559,1.11585,1.07,1.19
2016.04.07 01:40:49.813,1.11557,1.11585,1.10,1.19
2016.04.07 01:40:50.228,1.11559,1.11585,1.10,1.19
2016.04.07 01:40:51.679,1.1156,1.11585,1.00,1.19
2016.04.07 01:40:56.411,1.11556,1.11585,1.12,1.19
2016.04.07 01:40:56.564,1.11556,1.11579,1.12,1.19
2016.04.07 01:40:58.097,1.11558,1.11579,1.00,1.19
2016.04.07 01:40:59.204,1.11556,1.11579,1.00,1.19
2016.04.07 01:41:01.059,1.11557,1.11579,1.00,1.19
2016.04.07 01:41:01.160,1.11557,1.11581,1.00,1.19
2016.04.07 01:41:02.097,1.11556,1.11581,1.50,1.19
2016.04.07 01:41:04.848,1.11556,1.11581,1.95,1.19
2016.04.07 01:41:04.899,1.11556,1.11585,1.85,1.19
2016.04.07 01:41:06.305,1.11558,1.11585,1.50,1.19
2016.04.07 01:41:07.190,1.1156,1.11585,1.07,1.19
2016.04.07 01:41:07.956,1.11563,1.11585,2.70,1.19
2016.04.07 01:41:08.008,1.11567,1.11593,1.00,1.19
2016.04.07 01:41:08.060,1.11571,1.11593,1.12,1.19
2016.04.07 01:41:08.351,1.11576,1.11602,2.25,1.19
2016.04.07 01:41:11.061,1.11576,1.11597,1.57,1.19
2016.04.07 01:41:11.162,1.11576,1.11604,1.57,1.19
2016.04.07 01:41:11.365,1.11578,1.11604,1.87,1.19
2016.04.07 01:41:11.518,1.1158,1.1161,1.75,1.19
2016.04.07 01:41:11.569,1.11582,1.1161,1.12,1.19
2016.04.07 01:41:12.080,1.11582,1.1161,1.75,1.00
2016.04.07 01:41:12.345,1.11578,1.1161,1.87,1.19
2016.04.07 01:41:13.156,1.11578,1.1161,1.87,1.19
2016.04.07 01:41:13.483,1.11578,1.11602,1.87,1.19
2016.04.07 01:41:15.328,1.11576,1.11602,1.50,1.19
2016.04.07 01:41:15.981,1.11575,1.11602,1.37,1.19
2016.04.07 01:41:16.032,1.11575,1.11602,1.00,1.19
2016.04.07 01:41:16.348,1.11573,1.11602,1.00,1.19
2016.04.07 01:41:22.898,1.11569,1.11601,1.50,1.19
2016.04.07 01:41:22.999,1.11569,1.11601,1.00,1.25
2016.04.07 01:41:23.598,1.11565,1.11599,2.81,1.00
2016.04.07 01:41:23.952,1.11565,1.11597,2.81,1.19
2016.04.07 01:41:24.600,1.11569,1.11601,2.06,1.19
2016.04.07 01:41:24.904,1.11574,1.11601,1.50,1.19
2016.04.07 01:41:24.955,1.11574,1.11601,1.69,1.00
2016.04.07 01:41:25.818,1.11566,1.11598,1.19,1.19
2016.04.07 01:41:26.027,1.11566,1.11594,1.00,1.19
2016.04.07 01:41:26.230,1.11563,1.11594,1.00,1.19
2016.04.07 01:41:26.383,1.11563,1.11587,1.00,1.19
2016.04.07 01:41:26.484,1.1156,1.1159,1.10,1.19
2016.04.07 01:41:26.806,1.11555,1.11589,1.07,1.19
2016.04.07 01:41:27.263,1.11555,1.11583,1.00,1.19
2016.04.07 01:41:27.953,1.11554,1.11583,1.00,1.19
2016.04.07 01:41:30.734,1.11555,1.11583,1.00,1.19
2016.04.07 01:41:30.785,1.11555,1.11585,1.00,1.19
2016.04.07 01:41:30.987,1.11554,1.11583,1.07,1.19
2016.04.07 01:41:31.089,1.11556,1.11585,1.19,1.19
2016.04.07 01:41:31.595,1.11558,1.11585,1.00,1.19
2016.04.07 01:41:32.141,1.11557,1.11585,1.25,1.19
2016.04.07 01:41:32.202,1.11557,1.11589,1.69,1.00
2016.04.07 01:41:33.279,1.11561,1.11593,1.00,1.19
2016.04.07 01:41:33.752,1.11561,1.11593,1.76,1.25
2016.04.07 01:41:33.955,1.11561,1.11593,1.19,1.25
2016.04.07 01:41:34.057,1.11561,1.11593,1.19,1.19
2016.04.07 01:41:44.280,1.11564,1.11591,1.19,1.00
2016.04.07 01:41:44.434,1.11565,1.11596,1.19,1.00
2016.04.07 01:41:44.940,1.11569,1.11596,1.19,1.19
2016.04.07 01:41:45.193,1.11571,1.11596,1.19,1.00
2016.04.07 01:41:50.150,1.1157,1.11592,1.19,1.00
2016.04.07 01:41:50.446,1.11565,1.11592,1.19,1.00
2016.04.07 01:41:50.981,1.11567,1.11596,1.19,1.19
2016.04.07 01:41:51.437,1.11568,1.11596,1.19,1.00
2016.04.07 01:41:52.126,1.11568,1.11596,1.19,1.00
2016.04.07 01:41:52.633,1.11567,1.11596,1.19,1.00
2016.04.07 01:41:54.047,1.1157,1.11599,1.25,1.19
2016.04.07 01:41:54.402,1.1157,1.11596,1.00,1.19
2016.04.07 01:41:54.503,1.11567,1.11596,1.00,1.69
2016.04.07 01:41:55.621,1.11567,1.11596,1.19,1.00
2016.04.07 01:41:58.330,1.11563,1.11594,1.19,1.19
2016.04.07 01:42:01.157,1.11561,1.1159,1.00,2.06
2016.04.07 01:42:03.315,1.11557,1.11588,1.19,1.19
2016.04.07 01:42:05.955,1.11557,1.11586,1.00,1.19
2016.04.07 01:42:06.588,1.11557,1.11577,1.00,1.19
2016.04.07 01:42:07.509,1.11557,1.11571,1.00,1.19
2016.04.07 01:42:08.706,1.11552,1.11571,1.00,1.19
2016.04.07 01:42:11.225,1.1155,1.11571,1.00,1.19
2016.04.07 01:42:12.357,1.11551,1.11571,1.00,1.19
2016.04.07 01:42:13.078,1.1155,1.11571,1.50,1.19
2016.04.07 01:42:15.449,1.11544,1.11571,1.00,1.19
2016.04.07 01:42:15.551,1.11543,1.11563,1.00,1.19
2016.04.07 01:42:15.855,1.1154,1.11559,1.00,1.19
2016.04.07 01:42:16.390,1.11541,1.11559,1.00,1.19
2016.04.07 01:42:16.557,1.1154,1.11564,1.50,1.19
2016.04.07 01:42:16.608,1.11543,1.11564,1.00,1.19
2016.04.07 01:42:21.962,1.11535,1.11564,1.00,1.19
2016.04.07 01:42:22.013,1.11534,1.11553,1.00,1.19
2016.04.07 01:42:22.064,1.11532,1.11553,1.00,1.19
2016.04.07 01:42:22.166,1.11536,1.11559,1.00,1.56
2016.04.07 01:42:22.511,1.11536,1.11567,1.19,1.19
2016.04.07 01:42:23.586,1.11539,1.11571,1.00,1.26
2016.04.07 01:42:24.064,1.11536,1.11567,1.19,1.19
2016.04.07 01:42:29.424,1.11534,1.11563,1.19,1.29
2016.04.07 01:42:29.827,1.11533,1.11565,1.00,1.31
2016.04.07 01:42:29.879,1.11525,1.11557,1.56,1.19
2016.04.07 01:42:29.930,1.11529,1.11557,1.00,1.19
2016.04.07 01:42:30.234,1.1153,1.11557,1.00,1.69
2016.04.07 01:42:32.049,1.11525,1.11557,1.50,1.69
2016.04.07 01:42:32.151,1.11532,1.11557,1.00,1.69
2016.04.07 01:42:32.353,1.11528,1.11557,1.00,1.69
2016.04.07 01:42:32.610,1.1153,1.11557,1.00,1.69
2016.04.07 01:42:33.032,1.11525,1.11557,1.00,1.69
2016.04.07 01:42:33.234,1.11525,1.11557,1.19,1.19
2016.04.07 01:42:34.466,1.11528,1.11554,1.25,1.00
2016.04.07 01:42:35.577,1.11528,1.11556,1.25,1.25
2016.04.07 01:42:36.678,1.11528,1.11554,1.25,1.00
2016.04.07 01:42:37.328,1.11528,1.11557,1.25,1.19
2016.04.07 01:42:37.650,1.11528,1.11554,1.25,1.00
2016.04.07 01:42:37.853,1.11528,1.11557,1.25,1.19
2016.04.07 01:42:38.325,1.11528,1.11554,1.25,1.00
2016.04.07 01:42:39.389,1.11528,1.11559,1.25,1.19
2016.04.07 01:42:39.629,1.11528,1.11553,1.25,1.00
2016.04.07 01:42:40.272,1.11528,1.11558,1.19,1.00
2016.04.07 01:42:40.424,1.11534,1.11558,1.19,1.00
2016.04.07 01:42:40.733,1.11535,1.11567,1.19,1.26
2016.04.07 01:42:40.785,1.11539,1.11567,1.10,1.19
2016.04.07 01:42:40.836,1.11542,1.11572,1.19,1.50
2016.04.07 01:42:41.039,1.11538,1.11572,1.31,1.25
2016.04.07 01:42:41.494,1.11539,1.11572,1.19,1.69
2016.04.07 01:42:41.798,1.11538,1.11566,1.25,1.19
2016.04.07 01:42:41.849,1.11541,1.11572,1.19,2.06
2016.04.07 01:42:42.118,1.11538,1.11572,1.00,2.89
2016.04.07 01:42:42.270,1.11536,1.11568,1.25,1.19
2016.04.07 01:42:42.371,1.11536,1.11568,1.00,1.69
2016.04.07 01:42:42.574,1.11532,1.11566,1.10,1.19
2016.04.07 01:42:50.960,1.11529,1.11561,1.19,1.00
2016.04.07 01:42:52.048,1.11532,1.11564,1.00,1.19
2016.04.07 01:42:52.352,1.11532,1.11564,1.56,1.00
2016.04.07 01:42:52.657,1.11532,1.11564,1.37,1.19
2016.04.07 01:42:55.247,1.11532,1.11564,1.00,1.19
2016.04.07 01:42:57.462,1.11532,1.11564,1.19,1.00
2016.04.07 01:42:58.783,1.11533,1.11562,1.19,1.19
2016.04.07 01:43:00.872,1.11534,1.11556,1.00,1.19
2016.04.07 01:43:01.830,1.11534,1.11562,1.69,1.19
2016.04.07 01:43:02.870,1.11541,1.11567,1.19,1.00
2016.04.07 01:43:03.393,1.11534,1.11563,1.19,1.19
2016.04.07 01:43:03.847,1.11534,1.11568,1.69,1.19
2016.04.07 01:43:04.511,1.11534,1.11564,1.00,1.19
2016.04.07 01:43:04.814,1.11534,1.11568,1.19,1.19
2016.04.07 01:43:05.169,1.11538,1.1155,1.00,1.00
2016.04.07 01:43:05.423,1.11532,1.1156,1.76,1.00
2016.04.07 01:43:05.474,1.11534,1.11564,1.19,1.25
2016.04.07 01:43:05.833,1.11536,1.11561,1.19,1.00
2016.04.07 01:43:06.339,1.11536,1.11561,1.25,1.00
2016.04.07 01:43:07.831,1.11538,1.11565,1.00,1.19
2016.04.07 01:43:08.134,1.11544,1.11572,1.19,1.19
2016.04.07 01:43:08.768,1.11547,1.11574,1.00,1.19
2016.04.07 01:43:10.568,1.11545,1.11574,1.01,1.69
2016.04.07 01:43:10.619,1.11545,1.11574,1.25,1.00
2016.04.07 01:43:10.670,1.11545,1.11574,1.00,1.19
2016.04.07 01:43:13.272,1.11545,1.11574,1.19,1.19
2016.04.07 01:43:13.580,1.11541,1.1157,1.69,1.00
2016.04.07 01:43:13.835,1.11541,1.11569,1.00,1.19
2016.04.07 01:43:14.349,1.11541,1.1157,1.19,1.00
2016.04.07 01:43:14.400,1.11541,1.11569,1.00,1.19
2016.04.07 01:43:14.704,1.11545,1.11569,1.00,1.19
2016.04.07 01:43:17.896,1.11545,1.1157,1.00,1.19
2016.04.07 01:43:18.409,1.11548,1.1157,1.00,1.19
2016.04.07 01:43:18.814,1.11551,1.1157,1.00,1.19
2016.04.07 01:43:18.915,1.11551,1.1158,1.00,1.76
2016.04.07 01:43:19.219,1.11551,1.11573,1.37,1.19
2016.04.07 01:43:19.879,1.11551,1.11573,1.00,1.19
2016.04.07 01:43:21.330,1.11551,1.1158,1.00,1.69
2016.04.07 01:43:24.377,1.11551,1.1158,1.00,1.25
2016.04.07 01:43:24.995,1.11552,1.1158,1.00,1.25
2016.04.07 01:43:25.718,1.11551,1.1158,1.00,1.25
2016.04.07 01:43:26.737,1.11551,1.11576,1.00,1.19
2016.04.07 01:43:27.209,1.11553,1.11576,1.00,1.19
2016.04.07 01:43:29.761,1.11553,1.11576,1.50,1.19
2016.04.07 01:43:34.320,1.11556,1.11576,1.00,1.19
2016.04.07 01:43:34.848,1.11557,1.11576,1.00,1.19
2016.04.07 01:43:35.829,1.11557,1.11582,1.75,1.19
2016.04.07 01:43:35.931,1.1156,1.11587,1.12,1.19
2016.04.07 01:43:36.234,1.11563,1.11587,1.00,1.19
2016.04.07 01:43:38.467,1.11563,1.11585,1.00,1.19
2016.04.07 01:43:39.268,1.11563,1.11585,1.00,1.19
2016.04.07 01:43:41.324,1.11563,1.1158,1.00,1.19
2016.04.07 01:43:41.375,1.1156,1.1158,1.00,1.19
2016.04.07 01:43:41.426,1.11556,1.1158,1.00,1.19
2016.04.07 01:43:42.150,1.1156,1.1158,1.00,1.19
2016.04.07 01:43:42.661,1.1156,1.11586,1.00,1.19
2016.04.07 01:43:48.252,1.11557,1.11585,1.00,1.19
2016.04.07 01:43:50.340,1.11557,1.11581,1.00,1.19
2016.04.07 01:43:51.439,1.11557,1.11576,1.00,1.19
2016.04.07 01:43:51.747,1.11552,1.11573,1.12,1.19
2016.04.07 01:43:52.263,1.11551,1.11573,1.00,1.19
2016.04.07 01:43:56.393,1.11551,1.11578,1.00,1.19
2016.04.07 01:43:59.130,1.11551,1.11578,1.75,1.19
2016.04.07 01:43:59.181,1.11551,1.1158,1.75,1.00
2016.04.07 01:43:59.232,1.11554,1.11582,1.75,1.25
2016.04.07 01:43:59.485,1.11559,1.11584,1.00,1.19
2016.04.07 01:44:05.017,1.11562,1.11584,1.00,1.19
2016.04.07 01:44:05.220,1.11562,1.11588,1.00,1.19
2016.04.07 01:44:09.951,1.11562,1.11591,1.69,1.00
2016.04.07 01:44:11.327,1.11554,1.11585,1.69,1.19
2016.04.07 01:44:11.833,1.11555,1.11585,1.19,1.00
2016.04.07 01:44:13.127,1.11555,1.1158,1.19,1.00
2016.04.07 01:44:15.837,1.11555,1.11583,1.19,1.00
2016.04.07 01:44:16.353,1.11558,1.11587,1.19,1.19
2016.04.07 01:44:16.556,1.11558,1.11587,1.69,1.25
2016.04.07 01:44:23.174,1.11558,1.11586,1.69,1.00
2016.04.07 01:44:23.477,1.11558,1.11583,1.19,1.00
2016.04.07 01:44:24.966,1.11558,1.1158,1.19,1.00
2016.04.07 01:44:25.473,1.11551,1.1158,1.19,1.00
2016.04.07 01:44:26.894,1.11551,1.11578,1.19,1.25
2016.04.07 01:44:27.148,1.11542,1.11571,1.25,1.19
2016.04.07 01:44:34.127,1.11542,1.11568,1.25,1.37
2016.04.07 01:44:34.178,1.11531,1.1156,1.19,1.75
2016.04.07 01:44:34.597,1.11535,1.11566,1.69,2.25
2016.04.07 01:44:34.953,1.11537,1.11569,1.19,1.19
2016.04.07 01:44:39.961,1.11537,1.11565,1.00,1.19
2016.04.07 01:44:40.012,1.11531,1.11563,1.19,1.31
2016.04.07 01:44:40.315,1.11529,1.1156,1.19,1.37
2016.04.07 01:44:40.467,1.11525,1.11556,1.00,1.31
2016.04.07 01:44:44.281,1.11525,1.11554,1.00,1.19
2016.04.07 01:44:45.643,1.11528,1.11559,1.19,1.94
2016.04.07 01:44:45.694,1.11525,1.11557,1.19,1.94
2016.04.07 01:44:46.213,1.11529,1.11557,1.00,1.56
2016.04.07 01:44:46.365,1.11532,1.11562,1.19,1.19
2016.04.07 01:44:47.030,1.11532,1.11563,1.00,1.19
2016.04.07 01:44:47.132,1.11532,1.11561,1.19,1.19
2016.04.07 01:44:47.435,1.11527,1.11551,1.00,1.19
2016.04.07 01:44:47.486,1.11523,1.11551,1.31,1.19
2016.04.07 01:44:50.068,1.11523,1.11557,1.19,2.51
2016.04.07 01:44:50.523,1.11527,1.11557,1.19,1.00
2016.04.07 01:44:51.161,1.11527,1.11559,1.19,1.31
2016.04.07 01:44:52.839,1.11526,1.11556,1.19,1.19
2016.04.07 01:44:53.042,1.11522,1.11548,1.00,1.25
2016.04.07 01:44:53.194,1.11519,1.11546,1.19,1.00
2016.04.07 01:44:53.296,1.11519,1.11549,1.19,1.29
2016.04.07 01:44:55.137,1.11524,1.11549,1.19,1.00
2016.04.07 01:44:55.502,1.11524,1.11551,1.19,1.25
2016.04.07 01:44:56.604,1.11524,1.1155,1.19,1.00
2016.04.07 01:44:57.191,1.11524,1.11552,1.19,1.31
2016.04.07 01:44:57.508,1.11524,1.11548,1.19,1.00
2016.04.07 01:44:57.812,1.11538,1.11556,1.19,1.50
2016.04.07 01:44:57.913,1.11538,1.11559,1.19,1.50
2016.04.07 01:44:58.481,1.11534,1.11559,1.19,1.00
2016.04.07 01:44:59.091,1.11534,1.11557,1.19,1.12
2016.04.07 01:44:59.685,1.11525,1.11551,1.19,1.25
2016.04.07 01:44:59.737,1.11525,1.11551,1.19,1.69
2016.04.07 01:45:02.124,1.11525,1.11541,1.19,1.00
2016.04.07 01:45:04.168,1.11525,1.11548,1.19,1.00
2016.04.07 01:45:05.095,1.11525,1.11553,1.19,2.44
2016.04.07 01:45:06.045,1.11519,1.11549,1.69,1.19
2016.04.07 01:45:06.464,1.11519,1.11543,1.00,1.19
2016.04.07 01:45:07.890,1.11523,1.11543,1.00,1.19
2016.04.07 01:45:07.942,1.11525,1.11548,1.00,1.19
2016.04.07 01:45:08.464,1.11524,1.11555,2.25,1.25
2016.04.07 01:45:08.689,1.11526,1.1155,1.07,1.19
2016.04.07 01:45:09.200,1.11526,1.1155,1.00,1.19
2016.04.07 01:45:11.780,1.11519,1.1155,1.87,1.19
2016.04.07 01:45:11.831,1.11519,1.11543,1.10,1.19
2016.04.07 01:45:12.197,1.11519,1.11536,1.00,1.19
2016.04.07 01:45:12.762,1.11519,1.11546,1.00,1.19
2016.04.07 01:45:13.066,1.11519,1.11547,1.00,1.00
2016.04.07 01:45:17.071,1.11519,1.11551,1.00,1.12
2016.04.07 01:45:18.083,1.11519,1.11551,1.00,1.31
2016.04.07 01:45:18.905,1.11519,1.11551,1.76,1.19
2016.04.07 01:45:19.225,1.11526,1.11551,1.00,1.19
2016.04.07 01:45:21.354,1.11529,1.11551,1.00,1.19
2016.04.07 01:45:22.225,1.11522,1.11547,1.00,1.19
2016.04.07 01:45:22.427,1.11519,1.11547,1.00,1.19
2016.04.07 01:45:22.529,1.11519,1.11542,1.00,1.19
2016.04.07 01:45:22.832,1.11519,1.11537,1.00,1.19
2016.04.07 01:45:23.073,1.11515,1.11537,1.00,1.19
2016.04.07 01:45:23.781,1.11512,1.11533,1.00,1.19
2016.04.07 01:45:24.085,1.1151,1.11533,1.00,1.19
2016.04.07 01:45:24.590,1.11507,1.11529,1.00,1.00
2016.04.07 01:45:26.649,1.11509,1.11528,1.50,1.19
2016.04.07 01:45:26.752,1.11509,1.11536,1.00,1.19
2016.04.07 01:45:27.260,1.11509,1.11535,1.00,1.19
2016.04.07 01:45:27.827,1.1151,1.11535,1.00,1.19
2016.04.07 01:45:30.614,1.11509,1.11535,1.00,1.19
2016.04.07 01:45:30.835,1.11512,1.11535,1.00,1.19
2016.04.07 01:45:31.139,1.11514,1.11535,1.00,1.19
2016.04.07 01:45:31.493,1.11512,1.11535,1.00,1.19
2016.04.07 01:45:32.320,1.11514,1.11535,1.00,1.19
2016.04.07 01:45:33.589,1.11511,1.11535,1.00,1.19
2016.04.07 01:45:34.095,1.1151,1.11535,1.50,1.19
2016.04.07 01:45:34.550,1.11508,1.11535,1.00,1.19
2016.04.07 01:45:34.652,1.11508,1.1153,1.00,1.19
2016.04.07 01:45:35.214,1.11507,1.1153,1.00,1.19
2016.04.07 01:45:37.109,1.11504,1.1153,1.50,1.19
2016.04.07 01:45:38.543,1.11503,1.11524,1.00,1.19
2016.04.07 01:45:40.206,1.11501,1.11524,1.87,1.19
2016.04.07 01:45:42.682,1.11505,1.11524,1.00,1.19
2016.04.07 01:45:43.425,1.11505,1.11524,1.00,1.19
2016.04.07 01:45:46.321,1.11502,1.11524,1.00,1.19
2016.04.07 01:45:49.379,1.11502,1.11524,1.00,1.00
2016.04.07 01:45:49.683,1.11499,1.11524,1.00,1.00
2016.04.07 01:45:54.313,1.11499,1.11524,1.00,1.19
2016.04.07 01:45:54.644,1.11499,1.1153,1.19,1.00
2016.04.07 01:45:55.501,1.11502,1.11533,1.25,1.12
2016.04.07 01:45:55.552,1.11502,1.11533,1.25,1.00
2016.04.07 01:45:56.058,1.11502,1.11534,1.25,1.00
2016.04.07 01:45:56.860,1.11502,1.11534,1.62,1.00
2016.04.07 01:45:57.169,1.1151,1.11539,1.19,1.00
2016.04.07 01:45:59.378,1.11505,1.11539,1.69,1.57
2016.04.07 01:45:59.530,1.11505,1.11538,1.69,1.07
2016.04.07 01:45:59.833,1.11505,1.11538,1.69,1.31
2016.04.07 01:46:02.180,1.11508,1.11535,1.19,1.00
2016.04.07 01:46:02.485,1.11519,1.11535,1.19,1.00
2016.04.07 01:46:03.484,1.11512,1.11535,1.19,1.00
2016.04.07 01:46:04.318,1.11512,1.11538,1.19,1.00
2016.04.07 01:46:05.466,1.11512,1.11541,1.19,1.00
2016.04.07 01:46:05.974,1.11516,1.11541,1.19,1.00
2016.04.07 01:46:08.879,1.11516,1.11544,1.19,1.10
2016.04.07 01:46:09.614,1.11516,1.11544,1.19,1.87
2016.04.07 01:46:09.962,1.11496,1.11522,1.19,1.45
2016.04.07 01:46:10.114,1.11496,1.11522,1.19,1.07
2016.04.07 01:46:10.417,1.11499,1.1152,1.19,1.00
2016.04.07 01:46:11.393,1.11499,1.11523,1.19,1.07
2016.04.07 01:46:11.596,1.11497,1.11523,1.19,1.00
2016.04.07 01:46:20.849,1.11497,1.11527,1.31,1.50
2016.04.07 01:46:21.356,1.11497,1.11524,1.31,1.00
2016.04.07 01:46:21.879,1.11497,1.11527,1.31,1.50
2016.04.07 01:46:22.410,1.11497,1.11527,1.31,1.07
2016.04.07 01:46:23.379,1.11505,1.1153,1.19,1.12
2016.04.07 01:46:23.480,1.11505,1.11531,1.19,1.00
2016.04.07 01:46:23.793,1.11511,1.11531,1.19,1.00
2016.04.07 01:46:26.007,1.11509,1.11531,1.19,1.10
2016.04.07 01:46:29.557,1.11507,1.11531,1.19,1.00
2016.04.07 01:46:29.658,1.11504,1.11531,1.19,1.75
2016.04.07 01:46:29.966,1.11504,1.11531,1.19,1.07
2016.04.07 01:46:30.561,1.11504,1.11531,1.69,1.00
2016.04.07 01:46:31.182,1.11504,1.11531,1.19,1.07
2016.04.07 01:46:31.385,1.11504,1.11529,1.19,1.95
2016.04.07 01:46:31.537,1.11498,1.11528,1.19,1.12
2016.04.07 01:46:32.203,1.11497,1.11525,1.19,1.00
2016.04.07 01:46:33.191,1.11505,1.11525,1.19,1.10
2016.04.07 01:46:41.243,1.11505,1.1153,1.19,1.50
2016.04.07 01:46:41.294,1.11505,1.1153,1.19,1.10
2016.04.07 01:46:42.429,1.11505,1.1153,1.19,1.50
2016.04.07 01:46:48.014,1.11505,1.1153,1.19,1.75
2016.04.07 01:46:49.176,1.1151,1.1153,1.19,1.00
2016.04.07 01:46:49.434,1.11503,1.1153,1.19,1.00
2016.04.07 01:46:50.084,1.11501,1.1153,1.25,1.19
2016.04.07 01:46:51.557,1.115,1.11527,1.31,1.00
2016.04.07 01:46:54.068,1.11498,1.11525,1.29,1.19
2016.04.07 01:46:54.601,1.11502,1.11525,1.00,1.19
2016.04.07 01:46:54.754,1.11501,1.11527,1.31,1.00
2016.04.07 01:46:55.358,1.11501,1.1153,1.31,1.19
2016.04.07 01:46:55.606,1.11503,1.1153,1.00,1.19
2016.04.07 01:46:56.910,1.11504,1.1153,1.00,1.19
2016.04.07 01:46:57.062,1.11504,1.1153,1.19,1.00
2016.04.07 01:46:57.264,1.11504,1.11529,1.19,1.19
2016.04.07 01:47:05.067,1.11507,1.11529,1.00,1.19
2016.04.07 01:47:07.580,1.11504,1.11529,1.69,1.19
2016.04.07 01:47:07.631,1.11504,1.11532,1.69,1.00
2016.04.07 01:47:08.030,1.11507,1.11532,1.00,1.00
2016.04.07 01:47:08.474,1.11504,1.11532,1.69,1.00
2016.04.07 01:47:09.135,1.11507,1.11532,1.00,1.00
2016.04.07 01:47:10.640,1.11509,1.11533,1.19,1.00
2016.04.07 01:47:19.696,1.11509,1.11536,1.19,1.00
2016.04.07 01:47:20.252,1.11511,1.11536,1.00,1.00
2016.04.07 01:47:21.023,1.11509,1.11536,1.69,1.00
2016.04.07 01:47:21.478,1.11516,1.11536,1.25,1.00
2016.04.07 01:47:23.219,1.11511,1.11536,1.19,1.00
2016.04.07 01:47:23.750,1.11511,1.11533,1.19,1.00
2016.04.07 01:47:25.126,1.11513,1.11533,1.19,1.00
2016.04.07 01:47:25.177,1.11513,1.11537,1.19,1.00
2016.04.07 01:47:25.229,1.11519,1.11537,1.19,1.00
2016.04.07 01:47:25.533,1.11513,1.11537,1.19,1.00
2016.04.07 01:47:31.176,1.11508,1.11537,1.69,1.19
2016.04.07 01:47:33.149,1.11507,1.11532,1.69,1.00
2016.04.07 01:47:34.196,1.1151,1.11536,1.19,1.25
2016.04.07 01:47:38.192,1.11509,1.11536,1.00,1.19
2016.04.07 01:47:39.181,1.11506,1.11536,1.19,1.19
2016.04.07 01:47:39.839,1.11506,1.11535,1.00,1.19
2016.04.07 01:47:40.518,1.11505,1.11532,1.00,1.19
2016.04.07 01:47:42.030,1.11505,1.11532,1.19,1.00
2016.04.07 01:47:42.336,1.11505,1.11536,1.69,1.25
2016.04.07 01:47:43.043,1.11509,1.11536,1.19,1.00
2016.04.07 01:47:47.668,1.11505,1.11536,1.19,1.69
2016.04.07 01:47:51.799,1.11507,1.11533,1.00,1.19
2016.04.07 01:47:53.117,1.11505,1.11533,1.19,1.19
2016.04.07 01:47:58.775,1.11513,1.11533,1.19,1.00
2016.04.07 01:47:59.079,1.11508,1.11533,1.19,1.00
2016.04.07 01:47:59.487,1.11508,1.11537,1.19,1.00
2016.04.07 01:47:59.538,1.11508,1.11534,1.19,1.00
2016.04.07 01:47:59.741,1.11503,1.11533,1.19,1.19
2016.04.07 01:48:04.271,1.11507,1.11535,1.19,1.19
2016.04.07 01:48:04.611,1.1151,1.11535,1.19,1.00
2016.04.07 01:48:04.664,1.11508,1.11536,1.00,1.19
2016.04.07 01:48:04.715,1.11508,1.11536,1.19,1.25
2016.04.07 01:48:06.462,1.11507,1.11536,1.19,1.32
2016.04.07 01:48:07.342,1.11507,1.11536,1.19,1.25
2016.04.07 01:48:07.545,1.11511,1.11538,1.19,1.00
2016.04.07 01:48:08.423,1.11511,1.11542,1.69,1.25
2016.04.07 01:48:10.646,1.11522,1.11544,1.19,1.10
2016.04.07 01:48:11.107,1.11517,1.11544,1.19,1.25
2016.04.07 01:48:12.867,1.1152,1.11548,1.19,1.00
2016.04.07 01:48:13.404,1.11522,1.11551,1.19,1.19
2016.04.07 01:48:13.710,1.11537,1.11554,1.50,1.19
2016.04.07 01:48:13.761,1.11543,1.1156,1.29,1.00
2016.04.07 01:48:13.863,1.1156,1.11573,1.19,1.00
2016.04.07 01:48:13.914,1.1156,1.11577,1.19,1.00
2016.04.07 01:48:14.172,1.11554,1.1158,1.19,1.00
2016.04.07 01:48:14.324,1.11554,1.11582,1.29,1.00
2016.04.07 01:48:14.375,1.11555,1.11582,1.19,1.00
2016.04.07 01:48:15.513,1.11563,1.11582,1.19,1.00
2016.04.07 01:48:16.373,1.11563,1.11585,1.19,1.00
2016.04.07 01:48:16.474,1.11563,1.11588,1.19,1.00
2016.04.07 01:48:17.081,1.11563,1.11598,1.19,1.01
2016.04.07 01:48:21.759,1.11558,1.11593,1.94,1.19
2016.04.07 01:48:22.297,1.11557,1.11591,2.51,1.19
2016.04.07 01:48:22.851,1.11563,1.11597,1.01,1.19
2016.04.07 01:48:23.003,1.11569,1.11603,1.19,2.00
2016.04.07 01:48:23.206,1.11563,1.11601,1.94,2.06
2016.04.07 01:48:24.103,1.11568,1.11601,1.19,1.31
2016.04.07 01:48:28.166,1.11564,1.116,2.44,1.19
2016.04.07 01:48:31.433,1.1157,1.11603,1.19,1.26
2016.04.07 01:48:35.950,1.11566,1.116,1.26,1.31
2016.04.07 01:48:36.824,1.1157,1.116,1.56,1.19
2016.04.07 01:48:37.334,1.1157,1.116,1.94,1.19
2016.04.07 01:48:37.588,1.11571,1.11607,1.94,1.19
2016.04.07 01:48:41.905,1.1157,1.116,1.94,1.19
2016.04.07 01:48:43.350,1.11573,1.11607,1.69,1.19
2016.04.07 01:48:44.561,1.11567,1.11604,1.69,1.39
2016.04.07 01:48:46.725,1.11563,1.11599,2.06,1.19
2016.04.07 01:48:47.945,1.1156,1.11596,1.19,1.76
2016.04.07 01:48:49.178,1.11566,1.11596,1.19,1.19
2016.04.07 01:48:49.583,1.11558,1.11596,1.69,1.19
2016.04.07 01:48:49.937,1.11561,1.11594,1.19,1.19
2016.04.07 01:48:50.278,1.11563,1.1159,1.19,1.50
2016.04.07 01:48:50.787,1.11563,1.11592,1.19,1.19
2016.04.07 01:48:52.068,1.11563,1.1159,1.00,1.19
2016.04.07 01:48:53.877,1.11563,1.11588,1.00,1.19
2016.04.07 01:49:01.624,1.11563,1.11589,1.19,1.25
2016.04.07 01:49:09.081,1.11553,1.11586,1.94,1.19
2016.04.07 01:49:11.599,1.11553,1.11586,1.69,1.19
2016.04.07 01:49:16.208,1.11552,1.1158,1.00,1.19
2016.04.07 01:49:16.757,1.11548,1.1158,1.69,1.19
2016.04.07 01:49:18.464,1.11553,1.1158,1.00,1.26
2016.04.07 01:49:20.515,1.11553,1.1158,1.00,1.69
2016.04.07 01:49:21.849,1.11552,1.1158,1.25,1.19
2016.04.07 01:49:25.188,1.11553,1.11579,1.00,1.25
2016.04.07 01:49:25.441,1.11553,1.11579,1.00,2.00
2016.04.07 01:49:26.191,1.11554,1.11573,1.00,1.50
2016.04.07 01:49:26.495,1.11553,1.11579,1.00,2.44
2016.04.07 01:49:26.546,1.11553,1.11574,1.00,1.19
2016.04.07 01:49:32.861,1.11553,1.11575,1.00,1.19
2016.04.07 01:49:33.064,1.11553,1.11577,1.00,1.19
2016.04.07 01:49:48.509,1.11547,1.11577,1.69,1.19
2016.04.07 01:49:50.535,1.11547,1.11578,1.69,1.19
2016.04.07 01:49:53.098,1.11547,1.11579,1.50,1.69
2016.04.07 01:49:54.957,1.11547,1.11577,1.69,1.19
2016.04.07 01:49:57.813,1.11554,1.11577,1.00,1.19
2016.04.07 01:50:02.929,1.11547,1.11577,1.19,1.19
2016.04.07 01:50:06.617,1.11544,1.11573,1.19,1.31
2016.04.07 01:50:06.820,1.11544,1.11573,1.31,1.25
2016.04.07 01:50:09.111,1.11544,1.11565,1.19,1.00
2016.04.07 01:50:09.162,1.11538,1.11565,1.31,1.00
2016.04.07 01:50:09.264,1.11535,1.1156,1.19,1.75
2016.04.07 01:50:09.366,1.11535,1.11561,1.19,1.00
2016.04.07 01:50:09.669,1.11536,1.11563,1.19,1.00
2016.04.07 01:50:10.221,1.11537,1.11564,1.19,1.00
2016.04.07 01:50:10.856,1.11537,1.11563,1.19,1.00
2016.04.07 01:50:11.059,1.11537,1.11567,1.19,1.56
2016.04.07 01:50:11.697,1.11541,1.11571,1.19,1.19
2016.04.07 01:50:14.394,1.11537,1.11571,1.19,2.44
2016.04.07 01:50:15.298,1.11537,1.11561,1.00,1.19
2016.04.07 01:50:17.063,1.11537,1.11567,1.00,1.19
2016.04.07 01:50:17.537,1.11537,1.11567,1.75,1.19
2016.04.07 01:50:17.942,1.11542,1.11561,1.12,1.19
2016.04.07 01:50:18.144,1.11542,1.11567,1.12,1.19
2016.04.07 01:50:18.246,1.11537,1.11554,1.75,1.19
2016.04.07 01:50:18.682,1.11537,1.11554,1.00,1.19
2016.04.07 01:50:18.784,1.11534,1.11554,1.00,1.19
2016.04.07 01:50:19.087,1.11531,1.11554,1.00,1.19
2016.04.07 01:50:19.492,1.11529,1.11554,1.00,1.19
2016.04.07 01:50:20.372,1.11529,1.11559,1.00,1.19
2016.04.07 01:50:21.243,1.11529,1.1155,1.00,1.19
2016.04.07 01:50:21.565,1.11525,1.11547,1.00,1.19
2016.04.07 01:50:26.650,1.11525,1.11542,1.00,1.19
2016.04.07 01:50:27.047,1.11525,1.11543,1.00,1.19
2016.04.07 01:50:27.273,1.11525,1.11547,1.00,1.19
2016.04.07 01:50:28.673,1.11523,1.11542,1.00,1.19
2016.04.07 01:50:29.159,1.11523,1.11547,1.00,1.19
2016.04.07 01:50:29.513,1.11526,1.11547,1.00,1.19
2016.04.07 01:50:32.021,1.11524,1.11547,1.00,1.19
2016.04.07 01:50:32.123,1.11521,1.11547,1.00,1.19
2016.04.07 01:50:32.338,1.11521,1.11542,1.00,1.19
2016.04.07 01:50:34.811,1.11518,1.11542,1.00,1.19
2016.04.07 01:50:35.177,1.11518,1.11537,1.00,1.19
2016.04.07 01:50:35.986,1.11515,1.11537,1.00,1.19
2016.04.07 01:50:36.189,1.11515,1.11535,1.00,1.19
2016.04.07 01:50:38.383,1.11518,1.11535,1.00,1.19
2016.04.07 01:50:39.381,1.11518,1.11537,1.00,1.19
2016.04.07 01:50:40.134,1.11518,1.11544,1.00,1.19
2016.04.07 01:50:40.388,1.11519,1.11539,1.00,1.19
2016.04.07 01:50:40.693,1.11518,1.11539,1.00,1.00
2016.04.07 01:50:45.130,1.11518,1.11539,1.00,1.19
2016.04.07 01:50:45.760,1.11518,1.11539,1.37,1.19
2016.04.07 01:50:46.063,1.11518,1.11534,1.00,1.19
2016.04.07 01:50:48.389,1.11521,1.11546,1.00,1.19
2016.04.07 01:50:50.347,1.11522,1.11546,1.00,1.19
2016.04.07 01:50:51.061,1.11521,1.11546,1.00,1.19
2016.04.07 01:50:52.143,1.11521,1.11543,1.00,1.19
2016.04.07 01:50:53.359,1.1152,1.11543,1.00,1.19
2016.04.07 01:50:53.461,1.11518,1.11543,1.00,1.19
2016.04.07 01:50:53.562,1.11518,1.11543,1.75,1.19
2016.04.07 01:50:53.864,1.11518,1.11543,1.00,1.19
2016.04.07 01:50:54.442,1.11518,1.11538,1.00,1.19
2016.04.07 01:50:54.746,1.11518,1.11538,1.75,1.19
2016.04.07 01:50:54.948,1.11518,1.11538,1.00,1.19
2016.04.07 01:50:55.991,1.11518,1.1154,1.00,1.19
2016.04.07 01:51:02.467,1.11515,1.1154,1.07,1.19
2016.04.07 01:51:02.619,1.11514,1.1154,1.00,1.19
2016.04.07 01:51:02.720,1.11514,1.11544,1.00,1.19
2016.04.07 01:51:02.923,1.11514,1.11539,1.00,1.19
2016.04.07 01:51:06.309,1.11512,1.11539,1.07,1.19
2016.04.07 01:51:06.869,1.11509,1.11539,1.00,1.19
2016.04.07 01:51:07.569,1.11509,1.11529,1.50,1.19
2016.04.07 01:51:07.671,1.11509,1.11533,1.00,1.19
2016.04.07 01:51:08.232,1.11509,1.11532,1.10,1.19
2016.04.07 01:51:12.935,1.11509,1.11538,1.07,1.19
2016.04.07 01:51:13.138,1.11509,1.11534,1.07,1.19
2016.04.07 01:51:13.442,1.11509,1.11534,1.50,1.19
2016.04.07 01:51:13.745,1.11509,1.1153,1.50,1.19
2016.04.07 01:51:13.846,1.11509,1.1153,1.07,1.19
2016.04.07 01:51:14.269,1.11512,1.11534,1.10,1.19
2016.04.07 01:51:14.371,1.11513,1.11534,1.12,1.19
2016.04.07 01:51:14.473,1.11513,1.11534,1.10,1.19
2016.04.07 01:51:14.574,1.11509,1.11534,1.10,1.19
2016.04.07 01:51:18.751,1.11509,1.11532,1.00,1.19
2016.04.07 01:51:19.765,1.11509,1.11531,1.00,1.19
2016.04.07 01:51:32.053,1.11509,1.11538,1.12,1.19
2016.04.07 01:51:32.205,1.11509,1.1154,1.12,1.00
2016.04.07 01:51:32.256,1.11509,1.11543,1.12,1.29
2016.04.07 01:51:32.610,1.11514,1.11543,1.00,1.19
2016.04.07 01:51:33.028,1.11514,1.11544,1.75,1.19
2016.04.07 01:51:33.332,1.11512,1.11541,1.47,1.19
2016.04.07 01:51:33.383,1.11512,1.11541,1.00,1.19
2016.04.07 01:51:33.484,1.11512,1.11535,1.00,1.19
2016.04.07 01:51:38.408,1.11509,1.11535,1.85,1.19
2016.04.07 01:51:38.459,1.11508,1.11535,1.00,1.19
2016.04.07 01:51:38.662,1.11505,1.11535,1.50,1.19
2016.04.07 01:51:39.546,1.11505,1.11535,2.25,1.19
2016.04.07 01:51:39.851,1.11505,1.1153,1.57,1.19
2016.04.07 01:51:39.902,1.11505,1.11536,2.17,1.19
2016.04.07 01:51:39.953,1.1151,1.11536,1.50,1.19
2016.04.07 01:51:40.004,1.11512,1.11538,1.20,1.19
2016.04.07 01:51:40.055,1.1152,1.11538,1.00,1.19
2016.04.07 01:51:40.207,1.11519,1.11542,1.10,1.19
2016.04.07 01:51:40.460,1.11516,1.11542,1.00,1.19
2016.04.07 01:51:41.084,1.11516,1.11534,1.00,1.19
2016.04.07 01:51:41.337,1.11512,1.11534,1.12,1.19
2016.04.07 01:51:41.439,1.11512,1.11534,1.00,1.19
2016.04.07 01:51:45.524,1.1151,1.11534,1.00,1.19
2016.04.07 01:51:45.575,1.11507,1.1153,1.50,1.19
2016.04.07 01:51:45.828,1.11503,1.11526,1.12,1.19
2016.04.07 01:51:46.822,1.11503,1.1152,1.00,1.19
2016.04.07 01:51:46.974,1.115,1.1152,1.00,1.19
2016.04.07 01:51:47.075,1.11502,1.1152,1.00,1.19
2016.04.07 01:51:47.279,1.11504,1.11529,1.00,1.19
2016.04.07 01:51:50.107,1.11504,1.11525,1.00,1.19
2016.04.07 01:51:50.158,1.11501,1.11525,1.00,1.19
2016.04.07 01:51:50.708,1.11496,1.11525,1.10,1.69
2016.04.07 01:51:50.759,1.11496,1.11525,1.85,1.69
2016.04.07 01:51:51.216,1.11495,1.11521,3.07,1.19
2016.04.07 01:51:51.419,1.11495,1.11523,3.07,1.19
2016.04.07 01:51:51.947,1.11499,1.11523,1.00,1.19
2016.04.07 01:51:52.403,1.11499,1.11522,2.25,1.19
2016.04.07 01:51:54.546,1.11499,1.11522,1.87,1.19
2016.04.07 01:51:56.042,1.11499,1.11517,3.00,1.19
2016.04.07 01:51:56.143,1.11499,1.11518,1.75,1.19
2016.04.07 01:51:56.295,1.11496,1.11518,1.00,1.19
2016.04.07 01:51:56.622,1.11492,1.11522,1.85,1.19
2016.04.07 01:51:56.824,1.11492,1.1152,1.85,1.19
2016.04.07 01:51:57.431,1.11492,1.1152,1.47,1.19
2016.04.07 01:51:57.482,1.11492,1.1152,1.10,1.19
2016.04.07 01:51:57.861,1.11492,1.1152,1.47,1.19
2016.04.07 01:51:58.672,1.11496,1.11524,1.19,1.69
2016.04.07 01:51:59.027,1.11492,1.11524,1.69,1.69
2016.04.07 01:52:02.123,1.11492,1.11524,1.25,1.25
2016.04.07 01:52:05.627,1.11489,1.11521,1.76,1.00
2016.04.07 01:52:05.729,1.11489,1.11521,1.00,2.06
2016.04.07 01:52:06.032,1.11489,1.11521,1.85,1.19
2016.04.07 01:52:07.031,1.1149,1.11521,1.01,1.25
2016.04.07 01:52:16.391,1.11489,1.11521,1.29,1.19
2016.04.07 01:52:19.791,1.11492,1.11521,1.19,1.00
2016.04.07 01:52:20.293,1.11493,1.11525,1.26,1.00
2016.04.07 01:52:20.497,1.11498,1.11529,1.19,1.00
2016.04.07 01:52:20.802,1.11504,1.1153,1.31,1.00
2016.04.07 01:52:22.004,1.11506,1.1153,1.19,1.00
2016.04.07 01:52:24.859,1.11507,1.1153,1.19,1.00
2016.04.07 01:52:26.995,1.11507,1.11532,1.19,1.00
2016.04.07 01:52:34.404,1.11507,1.11536,1.31,1.25
2016.04.07 01:52:34.657,1.11511,1.11536,1.19,1.00
2016.04.07 01:52:35.290,1.11509,1.1154,1.19,1.19
2016.04.07 01:52:37.061,1.11515,1.1154,1.19,1.00
2016.04.07 01:52:37.214,1.11515,1.11542,1.19,1.00
2016.04.07 01:52:37.469,1.11515,1.11545,2.44,1.00
2016.04.07 01:52:37.520,1.11523,1.11545,1.19,1.00
2016.04.07 01:52:38.539,1.11518,1.11545,1.19,1.00
2016.04.07 01:52:39.703,1.11518,1.11548,1.19,1.00
2016.04.07 01:52:41.605,1.11523,1.11548,1.19,1.00
2016.04.07 01:52:41.706,1.11518,1.11548,1.19,1.25
2016.04.07 01:52:41.909,1.11522,1.11548,1.19,1.00
2016.04.07 01:52:44.328,1.11521,1.11548,1.31,1.25
2016.04.07 01:52:47.399,1.11519,1.11548,1.19,1.19
2016.04.07 01:52:51.375,1.11524,1.11548,1.19,1.00
2016.04.07 01:52:51.760,1.11524,1.11552,1.19,1.00
2016.04.07 01:52:51.811,1.11522,1.1155,1.19,1.19
2016.04.07 01:52:51.913,1.11521,1.1155,1.25,1.19
2016.04.07 01:52:52.165,1.1152,1.11547,1.19,1.00
2016.04.07 01:52:52.999,1.1152,1.11545,1.19,1.00
2016.04.07 01:52:53.252,1.11515,1.11543,1.94,1.00
2016.04.07 01:52:54.343,1.11513,1.11543,1.01,1.19
2016.04.07 01:52:54.496,1.11512,1.11543,1.69,1.19
2016.04.07 01:52:54.800,1.11514,1.11543,1.94,1.19
2016.04.07 01:52:55.307,1.11516,1.11547,2.62,1.69
2016.04.07 01:52:55.649,1.11518,1.11547,1.19,1.00
2016.04.07 01:52:56.683,1.11518,1.11547,1.26,1.19
2016.04.07 01:52:56.985,1.11513,1.11544,2.06,1.50
2016.04.07 01:52:57.289,1.11513,1.11541,1.31,1.00
2016.04.07 01:52:58.662,1.11511,1.11541,1.69,1.00
2016.04.07 01:53:01.173,1.11509,1.11541,1.19,1.19
2016.04.07 01:53:01.558,1.11507,1.11536,2.06,1.00
2016.04.07 01:53:04.086,1.11511,1.1154,1.94,1.19
2016.04.07 01:53:04.542,1.11509,1.11536,1.64,1.00
2016.04.07 01:53:05.255,1.11508,1.11536,1.19,1.00
2016.04.07 01:53:05.560,1.11507,1.11536,1.00,1.69
2016.04.07 01:53:06.274,1.11505,1.11534,1.32,1.19
2016.04.07 01:53:06.820,1.11505,1.11534,1.25,1.19
2016.04.07 01:53:07.924,1.11505,1.11534,1.19,1.19
2016.04.07 01:53:09.529,1.11505,1.11534,1.19,1.69
2016.04.07 01:53:09.847,1.11505,1.11531,1.00,1.19
2016.04.07 01:53:09.999,1.11505,1.11534,1.62,1.19
2016.04.07 01:53:10.304,1.11505,1.11534,1.25,1.19
2016.04.07 01:53:13.499,1.11503,1.1153,1.01,1.00
2016.04.07 01:53:14.617,1.11505,1.1153,1.32,1.00
2016.04.07 01:53:15.263,1.11507,1.1153,1.00,1.00
2016.04.07 01:53:15.415,1.11507,1.11534,1.00,1.19
2016.04.07 01:53:15.790,1.11507,1.11531,1.00,1.19
2016.04.07 01:53:16.145,1.11505,1.11532,1.56,1.19
2016.04.07 01:53:16.297,1.11505,1.11532,1.00,1.19
2016.04.07 01:53:16.562,1.11512,1.11534,1.19,1.00
2016.04.07 01:53:17.019,1.1152,1.11534,1.19,1.00
2016.04.07 01:53:17.070,1.1152,1.11537,1.19,1.00
2016.04.07 01:53:17.324,1.11516,1.11537,1.29,1.00
2016.04.07 01:53:21.726,1.11513,1.11537,1.19,1.00
2016.04.07 01:53:26.343,1.11519,1.11537,1.19,1.00
2016.04.07 01:53:30.743,1.11524,1.11544,1.19,1.50
2016.04.07 01:53:30.845,1.11525,1.11548,1.19,1.00
2016.04.07 01:53:30.997,1.11524,1.11551,1.29,1.00
2016.04.07 01:53:31.048,1.11524,1.11549,1.29,1.00
2016.04.07 01:53:31.512,1.11519,1.11549,1.26,1.12
2016.04.07 01:53:32.697,1.11519,1.11545,1.19,1.00
2016.04.07 01:53:34.228,1.11514,1.11545,1.00,1.25
2016.04.07 01:53:34.505,1.11517,1.11545,1.00,1.25
2016.04.07 01:53:35.992,1.11514,1.11545,1.00,1.25
2016.04.07 01:53:40.639,1.11514,1.11543,1.10,1.19
2016.04.07 01:53:41.288,1.11517,1.11543,1.00,1.19
2016.04.07 01:53:41.860,1.11517,1.11538,1.57,1.19
2016.04.07 01:53:43.537,1.11514,1.11538,1.10,1.19
2016.04.07 01:53:48.416,1.11513,1.11538,1.00,1.19
2016.04.07 01:53:48.922,1.11514,1.11538,1.00,1.19
2016.04.07 01:53:49.139,1.11514,1.11541,1.00,1.00
2016.04.07 01:53:49.571,1.1152,1.11544,1.00,1.19
2016.04.07 01:53:56.727,1.1152,1.11534,1.00,1.19
2016.04.07 01:53:56.930,1.1152,1.1154,1.00,1.25
2016.04.07 01:53:56.982,1.1152,1.1154,1.00,2.00
2016.04.07 01:53:57.309,1.1152,1.11535,1.00,1.19
2016.04.07 01:53:57.830,1.1152,1.11535,1.00,1.19
2016.04.07 01:53:58.488,1.1152,1.11542,1.00,1.19
2016.04.07 01:54:01.650,1.1152,1.11539,1.00,1.19
2016.04.07 01:54:06.410,1.1152,1.11534,1.00,1.19
2016.04.07 01:54:06.972,1.1152,1.11538,1.00,1.19
2016.04.07 01:54:08.062,1.1152,1.11534,1.00,1.19
2016.04.07 01:54:09.149,1.1152,1.11538,1.00,1.19
2016.04.07 01:54:10.315,1.11517,1.11538,1.00,1.19
2016.04.07 01:54:11.265,1.11518,1.11539,1.00,1.19
2016.04.07 01:54:12.218,1.11517,1.11539,1.00,1.19
2016.04.07 01:54:14.741,1.11517,1.11545,1.00,1.19
2016.04.07 01:54:14.792,1.11519,1.11545,1.50,1.19
2016.04.07 01:54:15.096,1.11527,1.11551,1.75,1.19
2016.04.07 01:54:15.317,1.11527,1.11551,1.07,1.19
2016.04.07 01:54:15.469,1.11526,1.11551,1.00,1.19
2016.04.07 01:54:15.975,1.11526,1.11552,1.00,1.19
2016.04.07 01:54:16.330,1.11526,1.11549,1.00,1.19
2016.04.07 01:54:16.861,1.11527,1.11549,1.00,1.19
2016.04.07 01:54:18.083,1.11525,1.11548,1.00,1.19
2016.04.07 01:54:18.184,1.11525,1.11544,1.00,1.19
2016.04.07 01:54:18.431,1.11523,1.11549,2.32,1.19
2016.04.07 01:54:18.482,1.11526,1.11552,1.00,1.25
2016.04.07 01:54:18.988,1.11525,1.11552,1.00,1.25
2016.04.07 01:54:19.872,1.11527,1.11552,1.00,1.25
2016.04.07 01:54:20.176,1.11525,1.11548,1.57,1.19
2016.04.07 01:54:21.608,1.11525,1.11548,1.07,1.19
2016.04.07 01:54:22.115,1.11527,1.11548,1.10,1.19
2016.04.07 01:54:22.419,1.11529,1.11548,1.00,1.19
2016.04.07 01:54:22.470,1.11529,1.11552,1.07,1.00
2016.04.07 01:54:22.996,1.11528,1.11554,1.87,1.19
2016.04.07 01:54:24.562,1.11527,1.11554,2.25,1.19
2016.04.07 01:54:25.089,1.11527,1.11554,1.57,1.19
2016.04.07 01:54:25.443,1.11528,1.11554,1.75,1.19
2016.04.07 01:54:25.595,1.11528,1.11554,1.10,1.19
2016.04.07 01:54:26.001,1.11529,1.11554,1.75,1.19
2016.04.07 01:54:30.062,1.11531,1.11554,1.75,1.19
2016.04.07 01:54:34.561,1.11535,1.11554,1.00,1.19
2016.04.07 01:54:34.663,1.11537,1.11558,1.00,1.19
2016.04.07 01:54:34.764,1.11537,1.11552,1.10,1.19
2016.04.07 01:54:34.918,1.11532,1.11552,1.10,1.19
2016.04.07 01:54:35.602,1.11533,1.11552,1.00,1.19
2016.04.07 01:54:36.167,1.11534,1.11552,1.00,1.19
2016.04.07 01:54:36.318,1.11532,1.11552,1.57,1.19
2016.04.07 01:54:37.661,1.11533,1.11552,1.00,1.19
2016.04.07 01:54:38.170,1.11531,1.11552,1.57,1.19
2016.04.07 01:54:42.925,1.11533,1.11556,1.00,1.19
2016.04.07 01:54:43.077,1.11534,1.11556,2.25,1.19
2016.04.07 01:54:43.430,1.11536,1.11556,1.75,1.19
2016.04.07 01:54:43.481,1.11542,1.11562,1.00,1.19
2016.04.07 01:54:44.029,1.11539,1.11562,1.50,1.19
2016.04.07 01:54:44.698,1.11538,1.11562,1.07,1.19
2016.04.07 01:54:45.284,1.1154,1.11562,1.00,1.19
2016.04.07 01:54:45.588,1.11542,1.11562,1.00,1.19
2016.04.07 01:54:46.262,1.11542,1.11562,1.07,1.19
2016.04.07 01:54:46.583,1.11538,1.11562,1.57,1.19
2016.04.07 01:54:47.092,1.1154,1.11565,1.00,1.25
2016.04.07 01:54:48.346,1.1154,1.11565,1.50,1.25
2016.04.07 01:54:48.650,1.11543,1.11561,1.50,1.19
2016.04.07 01:54:48.752,1.11543,1.11569,1.75,1.00
2016.04.07 01:54:48.803,1.11546,1.11569,1.50,1.00
2016.04.07 01:54:48.855,1.11546,1.11573,1.50,1.19
2016.04.07 01:54:49.350,1.11542,1.11573,1.50,1.26
2016.04.07 01:54:49.556,1.11542,1.11573,1.50,1.69
2016.04.07 01:54:50.011,1.11544,1.11569,1.00,1.00
2016.04.07 01:54:51.971,1.11542,1.11569,1.00,1.00
2016.04.07 01:54:52.886,1.11543,1.11572,1.75,1.00
2016.04.07 01:54:52.937,1.1155,1.11576,1.00,1.00
2016.04.07 01:54:52.988,1.11552,1.11576,1.07,1.00
2016.04.07 01:54:53.191,1.11554,1.11579,1.00,1.00
2016.04.07 01:54:53.494,1.11547,1.11578,1.50,1.25
2016.04.07 01:54:53.545,1.11546,1.11578,1.00,1.25
2016.04.07 01:54:53.596,1.11543,1.11574,1.07,1.00
2016.04.07 01:54:53.948,1.11543,1.11571,2.25,1.00
2016.04.07 01:54:56.004,1.11543,1.11571,1.07,1.00
2016.04.07 01:55:00.184,1.11539,1.11571,1.75,1.19
2016.04.07 01:55:00.235,1.11537,1.11566,1.00,1.00
2016.04.07 01:55:00.387,1.11534,1.11564,2.32,1.00
2016.04.07 01:55:01.558,1.11534,1.11564,1.50,1.00
2016.04.07 01:55:02.095,1.11534,1.11564,1.10,1.00
2016.04.07 01:55:02.501,1.11534,1.11564,1.10,1.19
2016.04.07 01:55:02.856,1.11538,1.11564,1.50,1.19
2016.04.07 01:55:02.958,1.11538,1.11564,1.75,1.00
2016.04.07 01:55:03.109,1.11538,1.11568,2.25,1.25
2016.04.07 01:55:03.160,1.11541,1.11568,1.12,1.00
2016.04.07 01:55:03.312,1.11544,1.1157,1.50,1.00
2016.04.07 01:55:03.666,1.11541,1.1157,1.75,1.00
2016.04.07 01:55:03.767,1.11539,1.11568,2.25,1.00
2016.04.07 01:55:05.304,1.11542,1.11568,1.75,1.00
2016.04.07 01:55:05.811,1.11542,1.11571,1.75,1.00
2016.04.07 01:55:06.407,1.11542,1.11571,1.50,1.00
2016.04.07 01:55:06.458,1.11542,1.11571,1.50,1.19
2016.04.07 01:55:06.509,1.11542,1.11571,1.00,1.29
2016.04.07 01:55:06.560,1.11538,1.11569,1.10,1.25
2016.04.07 01:55:07.436,1.11538,1.11567,1.10,1.00
2016.04.07 01:55:08.033,1.11538,1.11569,1.10,1.69
2016.04.07 01:55:08.235,1.11535,1.11564,1.75,1.00
2016.04.07 01:55:08.589,1.11535,1.11564,1.07,1.00
2016.04.07 01:55:09.366,1.11535,1.11564,1.10,1.00
2016.04.07 01:55:12.085,1.11535,1.11564,1.50,1.00
2016.04.07 01:55:13.324,1.11535,1.11564,1.00,1.00
2016.04.07 01:55:14.905,1.11535,1.11564,1.50,1.00
2016.04.07 01:55:15.412,1.11537,1.11564,1.75,1.00
2016.04.07 01:55:15.615,1.11538,1.11567,2.62,1.00
2016.04.07 01:55:16.137,1.1154,1.11567,1.07,1.00
2016.04.07 01:55:20.565,1.11543,1.11567,1.07,1.00
2016.04.07 01:55:20.667,1.11543,1.11571,1.07,1.00
2016.04.07 01:55:20.718,1.11543,1.11571,1.95,1.00
2016.04.07 01:55:25.871,1.11547,1.11574,1.00,1.00
2016.04.07 01:55:26.173,1.11545,1.11574,1.45,1.00
2016.04.07 01:55:28.493,1.11551,1.11574,1.12,1.00
2016.04.07 01:55:28.696,1.11551,1.11578,1.12,1.00
2016.04.07 01:55:29.717,1.11553,1.11578,1.50,1.00
2016.04.07 01:55:33.359,1.11551,1.11578,1.12,1.00
2016.04.07 01:55:33.461,1.11549,1.11578,2.25,1.00
2016.04.07 01:55:34.038,1.11555,1.1158,1.12,1.00
2016.04.07 01:55:34.295,1.11554,1.11583,1.87,1.00
2016.04.07 01:55:34.447,1.11553,1.11582,1.50,1.00
2016.04.07 01:55:34.549,1.11551,1.11582,1.50,1.00
2016.04.07 01:55:34.650,1.11548,1.11577,1.75,1.00
2016.04.07 01:55:35.105,1.11548,1.11577,1.75,1.00
2016.04.07 01:55:37.282,1.11548,1.11577,1.75,1.00
2016.04.07 01:55:37.722,1.11548,1.11577,1.07,1.00
2016.04.07 01:55:40.476,1.11548,1.11577,1.10,1.00
2016.04.07 01:55:40.535,1.11548,1.11576,1.10,1.19
2016.04.07 01:55:41.369,1.11548,1.11576,1.50,1.19
2016.04.07 01:55:41.776,1.1155,1.11577,1.10,1.00
2016.04.07 01:55:41.827,1.11552,1.11577,1.12,1.00
2016.04.07 01:55:42.738,1.11553,1.11577,1.12,1.19
2016.04.07 01:55:43.244,1.11553,1.11577,1.87,1.69
2016.04.07 01:55:43.999,1.11552,1.11577,1.57,1.69
2016.04.07 01:55:44.404,1.11549,1.11571,1.85,1.19
2016.04.07 01:55:44.505,1.11549,1.11571,1.20,1.19
2016.04.07 01:55:46.081,1.11549,1.11571,1.87,1.19
2016.04.07 01:55:47.434,1.1155,1.11571,1.75,1.19
2016.04.07 01:55:58.531,1.11549,1.11571,1.20,1.19
2016.04.07 01:55:59.046,1.11547,1.11571,1.57,1.19
2016.04.07 01:56:00.935,1.11547,1.11571,1.10,1.19
2016.04.07 01:56:01.586,1.11547,1.11576,1.10,1.19
2016.04.07 01:56:03.580,1.11544,1.11573,1.10,1.19
2016.04.07 01:56:03.986,1.11541,1.1157,1.10,1.19
2016.04.07 01:56:04.646,1.11541,1.1157,1.57,1.19
2016.04.07 01:56:04.950,1.11541,1.1157,3.00,1.19
2016.04.07 01:56:05.480,1.11542,1.1157,1.50,1.19
2016.04.07 01:56:06.394,1.11545,1.11574,1.50,1.19
2016.04.07 01:56:06.648,1.11544,1.11571,1.10,1.19
2016.04.07 01:56:07.289,1.11544,1.11566,1.00,1.19
2016.04.07 01:56:07.749,1.11541,1.11566,1.50,1.19
2016.04.07 01:56:07.851,1.1154,1.1157,1.19,1.69
2016.04.07 01:56:07.953,1.11538,1.11567,1.00,1.29
2016.04.07 01:56:08.307,1.11539,1.11567,1.19,1.00
2016.04.07 01:56:08.796,1.11539,1.11564,1.19,1.00
2016.04.07 01:56:09.734,1.11539,1.11563,1.19,1.07
2016.04.07 01:56:10.088,1.11539,1.11564,1.19,1.50
2016.04.07 01:56:10.139,1.11543,1.11564,1.19,1.50
2016.04.07 01:56:10.292,1.11543,1.11567,1.19,1.00
2016.04.07 01:56:10.801,1.11544,1.11568,1.19,1.00
2016.04.07 01:56:11.156,1.1155,1.11568,1.19,1.00
2016.04.07 01:56:11.207,1.1155,1.11572,1.19,1.50
2016.04.07 01:56:14.332,1.11549,1.11571,1.19,1.00
2016.04.07 01:56:14.837,1.1155,1.11572,1.19,1.00
2016.04.07 01:56:14.888,1.11555,1.11572,1.19,1.00
2016.04.07 01:56:15.647,1.11555,1.11567,1.19,1.00
2016.04.07 01:56:15.699,1.11547,1.11569,1.19,1.00
2016.04.07 01:56:15.755,1.11547,1.11567,1.19,1.00
2016.04.07 01:56:15.886,1.11547,1.11571,1.19,1.10
2016.04.07 01:56:16.420,1.11547,1.11572,1.19,1.00
2016.04.07 01:56:16.522,1.11554,1.11572,1.19,1.00
2016.04.07 01:56:16.895,1.11558,1.11575,1.19,1.50
2016.04.07 01:56:17.098,1.11554,1.11575,1.19,2.25
2016.04.07 01:56:17.427,1.11554,1.11571,1.19,1.00
2016.04.07 01:56:19.431,1.11554,1.11569,1.19,1.10
2016.04.07 01:56:20.971,1.11554,1.11569,1.19,1.07
2016.04.07 01:56:21.174,1.11546,1.11569,1.19,1.07
2016.04.07 01:56:21.691,1.11546,1.11569,1.19,1.00
2016.04.07 01:56:24.357,1.11549,1.11569,1.19,1.00
2016.04.07 01:56:25.125,1.11549,1.11567,1.19,1.00
2016.04.07 01:56:25.227,1.11549,1.11569,1.19,1.00
2016.04.07 01:56:26.343,1.11542,1.11569,1.19,1.50
2016.04.07 01:56:26.447,1.11542,1.11566,1.19,1.00
2016.04.07 01:56:30.713,1.1154,1.11566,1.19,1.00
2016.04.07 01:56:30.763,1.1154,1.11563,1.19,1.00
2016.04.07 01:56:30.865,1.1154,1.11567,1.19,1.25
2016.04.07 01:56:33.331,1.11546,1.11569,1.19,1.00
2016.04.07 01:56:33.483,1.11542,1.11569,1.26,1.00
2016.04.07 01:56:33.989,1.1154,1.11568,2.44,1.00
2016.04.07 01:56:34.524,1.1154,1.11569,1.69,1.50
2016.04.07 01:56:35.587,1.11545,1.11569,1.19,1.00
2016.04.07 01:56:35.790,1.11545,1.11572,1.19,1.00
2016.04.07 01:56:36.497,1.11547,1.11572,1.29,1.00
2016.04.07 01:56:37.207,1.11545,1.11572,1.19,1.00
2016.04.07 01:56:38.375,1.11545,1.11568,1.19,1.00
2016.04.07 01:56:40.168,1.11539,1.11568,1.69,1.00
2016.04.07 01:56:41.707,1.11541,1.11568,1.00,1.19
2016.04.07 01:56:41.910,1.11539,1.11568,1.50,1.19
2016.04.07 01:56:42.365,1.1154,1.11568,1.19,1.00
2016.04.07 01:56:45.311,1.11544,1.11568,1.00,1.00
2016.04.07 01:56:45.870,1.11545,1.11568,1.19,1.00
2016.04.07 01:56:46.362,1.11551,1.11568,1.19,1.00
2016.04.07 01:56:46.464,1.11551,1.11572,1.19,1.00
2016.04.07 01:56:46.619,1.11551,1.11569,1.19,1.00
2016.04.07 01:56:46.771,1.11546,1.11569,1.25,1.00
2016.04.07 01:56:46.875,1.11551,1.11569,1.19,1.00
2016.04.07 01:56:48.343,1.11545,1.11569,1.00,1.00
2016.04.07 01:56:49.470,1.11541,1.11569,1.10,1.00
2016.04.07 01:56:49.723,1.11546,1.11569,1.00,1.00
2016.04.07 01:56:49.824,1.11544,1.11569,1.00,1.00
2016.04.07 01:56:50.330,1.11543,1.11569,1.00,1.00
2016.04.07 01:56:51.945,1.11544,1.11569,1.00,1.00
2016.04.07 01:56:54.141,1.11544,1.11572,1.00,1.00
2016.04.07 01:56:54.192,1.11547,1.11572,1.00,1.00
2016.04.07 01:56:54.344,1.11545,1.11572,1.00,1.00
2016.04.07 01:56:54.806,1.11543,1.11569,1.00,1.19
2016.04.07 01:56:54.908,1.11542,1.11569,1.50,1.19
2016.04.07 01:56:55.330,1.11545,1.11569,1.00,1.00
2016.04.07 01:56:55.634,1.11548,1.11574,1.00,1.00
2016.04.07 01:56:55.685,1.11548,1.11574,1.37,1.00
2016.04.07 01:56:56.100,1.1155,1.11578,1.50,1.00
2016.04.07 01:56:56.620,1.11551,1.11578,1.00,1.00
2016.04.07 01:56:59.025,1.11553,1.11578,1.00,1.00
2016.04.07 01:56:59.396,1.11551,1.11578,1.50,1.00
2016.04.07 01:57:00.234,1.11552,1.11578,1.00,1.00
2016.04.07 01:57:00.588,1.1155,1.11578,1.00,1.00
2016.04.07 01:57:03.225,1.11549,1.11578,1.00,1.00
2016.04.07 01:57:04.731,1.1155,1.11578,1.00,1.00
2016.04.07 01:57:07.288,1.1155,1.11578,1.37,1.00
2016.04.07 01:57:07.538,1.11551,1.1158,1.75,1.00
2016.04.07 01:57:13.567,1.11551,1.1158,1.00,1.00
2016.04.07 01:57:14.191,1.11551,1.1158,1.37,1.00
2016.04.07 01:57:14.702,1.11551,1.1158,1.75,1.00
2016.04.07 01:57:20.527,1.11551,1.1158,1.37,1.00
2016.04.07 01:57:20.579,1.11551,1.1158,1.00,1.00
2016.04.07 01:57:23.648,1.11551,1.1158,1.85,1.00
2016.04.07 01:57:23.699,1.11554,1.11583,1.50,1.00
2016.04.07 01:57:23.801,1.11554,1.11583,1.50,1.00
2016.04.07 01:57:24.542,1.11556,1.11583,1.37,1.10
2016.04.07 01:57:24.594,1.11556,1.11583,1.00,1.10
2016.04.07 01:57:24.952,1.11554,1.11583,1.00,1.29
2016.04.07 01:57:25.104,1.1155,1.11579,1.12,1.00
2016.04.07 01:57:26.757,1.11546,1.11577,1.00,1.00
2016.04.07 01:57:29.892,1.11565,1.11583,1.00,1.31
2016.04.07 01:57:29.943,1.11565,1.11588,1.75,1.00
2016.04.07 01:57:29.994,1.1157,1.11597,1.07,1.00
2016.04.07 01:57:30.146,1.11568,1.11597,1.07,1.00
2016.04.07 01:57:30.400,1.11564,1.11592,1.50,1.00
2016.04.07 01:57:30.927,1.11563,1.1159,1.45,1.00
2016.04.07 01:57:31.584,1.11561,1.1159,2.32,1.00
2016.04.07 01:57:32.125,1.11561,1.1159,2.32,1.19
2016.04.07 01:57:34.836,1.11561,1.1159,1.37,1.19
2016.04.07 01:57:36.834,1.11565,1.1159,1.19,1.00
2016.04.07 01:57:37.714,1.11575,1.1159,1.19,1.00
2016.04.07 01:57:38.397,1.11569,1.1159,1.19,1.00
2016.04.07 01:57:38.713,1.11569,1.11588,1.19,1.00
2016.04.07 01:57:39.200,1.11569,1.1159,1.19,1.00
2016.04.07 01:57:39.301,1.11574,1.1159,1.19,1.00
2016.04.07 01:57:39.655,1.11574,1.11595,1.19,1.00
2016.04.07 01:57:41.046,1.11574,1.11596,1.19,1.00
2016.04.07 01:57:41.147,1.11574,1.11596,1.19,1.00
2016.04.07 01:57:41.198,1.11574,1.116,1.56,1.00
2016.04.07 01:57:54.307,1.11583,1.11598,1.19,1.00
2016.04.07 01:57:59.504,1.11582,1.11598,1.19,1.00
2016.04.07 01:58:06.654,1.11579,1.11598,1.19,1.00
2016.04.07 01:58:07.490,1.11579,1.116,1.19,1.00
2016.04.07 01:58:07.541,1.11581,1.116,1.19,1.00
2016.04.07 01:58:08.095,1.11575,1.116,1.19,1.00
2016.04.07 01:58:08.146,1.11575,1.11598,1.19,1.00
2016.04.07 01:58:08.651,1.1157,1.11598,1.19,1.00
2016.04.07 01:58:09.379,1.1157,1.11594,1.19,1.00
2016.04.07 01:58:09.632,1.11567,1.11594,1.31,1.00
2016.04.07 01:58:09.834,1.11567,1.11594,1.56,1.00
2016.04.07 01:58:10.038,1.11569,1.11597,1.01,1.00
2016.04.07 01:58:10.442,1.11573,1.11597,1.19,1.00
2016.04.07 01:58:13.181,1.11569,1.11597,2.32,1.00
2016.04.07 01:58:13.283,1.11573,1.11595,1.19,1.00
2016.04.07 01:58:13.486,1.11573,1.11599,1.19,1.00
2016.04.07 01:58:14.403,1.11579,1.11601,1.19,1.00
2016.04.07 01:58:14.810,1.11579,1.11597,1.19,1.00
2016.04.07 01:58:15.568,1.11571,1.11597,1.19,1.00
2016.04.07 01:58:15.827,1.11571,1.11593,1.19,1.00
2016.04.07 01:58:16.383,1.11574,1.11593,1.19,1.00
2016.04.07 01:58:22.269,1.11574,1.11598,1.19,1.00
2016.04.07 01:58:22.371,1.11574,1.116,1.19,1.00
2016.04.07 01:58:22.422,1.11582,1.116,1.19,1.00
2016.04.07 01:58:22.607,1.11582,1.11602,1.19,1.00
2016.04.07 01:58:22.812,1.11582,1.116,1.19,1.00
2016.04.07 01:58:23.493,1.11575,1.11596,1.19,1.00
2016.04.07 01:58:31.535,1.11567,1.11596,1.31,1.00
2016.04.07 01:58:31.991,1.11567,1.11596,1.00,1.19
2016.04.07 01:58:33.500,1.11564,1.11593,1.19,1.25
2016.04.07 01:58:35.958,1.11563,1.1159,1.76,1.19
2016.04.07 01:58:36.511,1.11572,1.11594,1.19,1.00
2016.04.07 01:58:39.021,1.11569,1.11594,1.19,1.19
2016.04.07 01:58:39.518,1.1158,1.11594,1.19,1.00
2016.04.07 01:58:39.570,1.1158,1.116,1.94,1.00
2016.04.07 01:58:39.748,1.11578,1.116,1.94,1.00
2016.04.07 01:58:39.799,1.11578,1.11604,1.69,1.00
2016.04.07 01:58:40.476,1.11578,1.11601,1.19,1.00
2016.04.07 01:58:40.934,1.11581,1.11607,1.56,1.00
2016.04.07 01:58:41.035,1.11583,1.11609,1.31,1.00
2016.04.07 01:58:41.086,1.11588,1.11609,1.29,1.00
2016.04.07 01:58:41.188,1.11588,1.11612,1.29,1.00
2016.04.07 01:58:41.340,1.11592,1.11612,1.19,1.00
2016.04.07 01:58:42.007,1.11599,1.11616,1.19,1.00
2016.04.07 01:58:42.412,1.11602,1.11616,1.19,1.00
2016.04.07 01:58:43.424,1.11597,1.11616,1.19,1.00
2016.04.07 01:58:43.526,1.11597,1.11612,1.19,1.00
2016.04.07 01:58:44.636,1.11601,1.11612,1.19,1.00
2016.04.07 01:58:45.194,1.11596,1.11612,1.19,1.00
2016.04.07 01:58:45.752,1.11583,1.11612,1.10,1.00
2016.04.07 01:58:46.046,1.11581,1.11612,1.82,1.00
2016.04.07 01:58:46.350,1.11581,1.11607,1.20,1.00
2016.04.07 01:58:46.553,1.11582,1.11611,1.07,1.00
2016.04.07 01:58:46.605,1.11585,1.11611,2.25,1.00
2016.04.07 01:58:46.656,1.11585,1.11614,3.75,1.00
2016.04.07 01:58:46.707,1.11592,1.11617,1.50,1.00
2016.04.07 01:58:46.808,1.11592,1.11619,1.50,1.00
2016.04.07 01:58:46.859,1.11592,1.11619,1.75,1.00
2016.04.07 01:58:46.961,1.11592,1.11619,1.12,1.00
2016.04.07 01:58:47.063,1.11588,1.11619,1.87,1.00
2016.04.07 01:58:47.311,1.11585,1.11619,2.25,1.19
2016.04.07 01:58:47.625,1.11584,1.1161,1.75,1.19
2016.04.07 01:58:48.488,1.11582,1.1161,3.75,1.19
2016.04.07 01:58:48.941,1.11582,1.1161,1.87,1.19
2016.04.07 01:58:49.497,1.11585,1.1161,1.00,1.69
2016.04.07 01:58:50.017,1.11583,1.1161,1.07,1.69
2016.04.07 01:58:52.007,1.11586,1.1161,1.00,1.69
2016.04.07 01:58:52.460,1.11584,1.1161,1.00,1.69
2016.04.07 01:58:55.213,1.11582,1.1161,1.57,1.69
2016.04.07 01:58:56.053,1.11585,1.1161,1.00,1.69
2016.04.07 01:58:56.487,1.11585,1.1161,1.37,1.00
2016.04.07 01:58:56.982,1.11587,1.11612,2.25,1.00
2016.04.07 01:59:00.379,1.11581,1.1161,4.57,1.19
2016.04.07 01:59:00.688,1.11583,1.11612,1.12,1.00
2016.04.07 01:59:00.840,1.11587,1.11612,1.37,1.00
2016.04.07 01:59:03.315,1.11587,1.11611,1.50,1.19
2016.04.07 01:59:05.519,1.11586,1.11612,2.04,1.00
2016.04.07 01:59:06.177,1.11597,1.11614,1.29,1.00
2016.04.07 01:59:06.228,1.11597,1.11617,1.29,1.00
2016.04.07 01:59:06.532,1.11597,1.11619,1.19,1.00
2016.04.07 01:59:06.749,1.11595,1.11619,1.19,1.00
2016.04.07 01:59:06.801,1.11595,1.11617,1.19,1.00
2016.04.07 01:59:06.852,1.11591,1.11617,1.31,1.00
2016.04.07 01:59:07.356,1.1159,1.11617,1.19,1.00
2016.04.07 01:59:10.587,1.11595,1.11617,1.19,1.00
2016.04.07 01:59:16.929,1.11598,1.11611,1.19,1.00
2016.04.07 01:59:17.081,1.116,1.11615,1.19,1.00
2016.04.07 01:59:17.294,1.116,1.11618,1.19,1.00
2016.04.07 01:59:17.497,1.11593,1.11618,1.76,1.00
2016.04.07 01:59:17.649,1.11593,1.11616,1.19,1.00
2016.04.07 01:59:18.053,1.11591,1.11616,1.00,1.00
2016.04.07 01:59:18.155,1.11591,1.11616,1.69,1.00
2016.04.07 01:59:20.295,1.11594,1.11618,1.31,1.00
2016.04.07 01:59:20.599,1.11601,1.11618,1.19,1.00
2016.04.07 01:59:20.902,1.11601,1.11615,1.19,1.00
2016.04.07 01:59:21.256,1.11597,1.11615,1.19,1.00
2016.04.07 01:59:21.358,1.11597,1.11619,1.19,1.00
2016.04.07 01:59:22.796,1.11594,1.11619,1.26,1.00
2016.04.07 01:59:23.328,1.11592,1.11619,1.37,1.00
2016.04.07 01:59:24.301,1.11594,1.1162,1.07,1.25
2016.04.07 01:59:24.352,1.11603,1.11622,1.75,1.00
2016.04.07 01:59:24.661,1.116,1.11624,1.12,1.00
2016.04.07 01:59:24.712,1.116,1.11622,1.12,1.00
2016.04.07 01:59:24.915,1.11596,1.11622,1.12,1.00
2016.04.07 01:59:25.253,1.11594,1.1162,1.87,1.00
2016.04.07 01:59:25.355,1.11593,1.1162,1.01,1.00
2016.04.07 01:59:25.823,1.11595,1.1162,1.00,1.00
2016.04.07 01:59:26.126,1.11595,1.11612,1.00,1.25
2016.04.07 01:59:26.762,1.11596,1.11612,1.00,1.25
2016.04.07 01:59:27.054,1.11594,1.11612,1.00,1.25
2016.04.07 01:59:27.576,1.11595,1.11612,1.00,1.25
2016.04.07 01:59:28.074,1.11596,1.11612,1.07,1.25
2016.04.07 01:59:28.512,1.11598,1.11618,1.12,1.19
2016.04.07 01:59:28.613,1.116,1.11622,1.50,1.69
2016.04.07 01:59:28.856,1.11601,1.11622,1.00,1.69
2016.04.07 01:59:28.958,1.11597,1.11622,1.57,1.19
2016.04.07 01:59:29.061,1.11597,1.11616,1.57,1.25
2016.04.07 01:59:29.982,1.11594,1.11616,1.47,1.25
2016.04.07 01:59:30.497,1.11594,1.11616,1.87,1.25
2016.04.07 01:59:30.552,1.11598,1.11622,1.00,1.00
2016.04.07 01:59:31.365,1.11599,1.11622,1.00,1.00
2016.04.07 01:59:31.686,1.11603,1.11622,1.00,1.00
2016.04.07 01:59:31.838,1.11603,1.11626,1.00,1.00
2016.04.07 01:59:32.143,1.11601,1.11617,1.12,1.19
2016.04.07 01:59:32.245,1.116,1.11626,1.82,1.25
2016.04.07 01:59:32.682,1.11603,1.11626,1.00,1.69
2016.04.07 01:59:32.836,1.11601,1.11626,1.10,1.69
2016.04.07 01:59:33.453,1.11598,1.11626,2.06,1.00
2016.04.07 01:59:35.809,1.11612,1.11629,1.00,1.00
2016.04.07 01:59:36.113,1.11612,1.11638,3.56,1.00
2016.04.07 01:59:36.164,1.11612,1.11636,3.56,1.00
2016.04.07 01:59:36.522,1.11603,1.1163,2.06,1.00
2016.04.07 01:59:36.572,1.11599,1.11625,1.94,1.00
2016.04.07 01:59:38.047,1.11603,1.11622,1.00,1.00
2016.04.07 01:59:38.200,1.116,1.11622,1.25,1.00
2016.04.07 01:59:38.709,1.116,1.11622,1.00,1.19
2016.04.07 01:59:38.963,1.11598,1.11622,1.00,1.19
2016.04.07 01:59:39.613,1.11601,1.11621,1.00,1.19
2016.04.07 01:59:41.104,1.11608,1.11621,1.19,1.00
2016.04.07 01:59:41.156,1.11608,1.11633,3.56,1.00
2016.04.07 01:59:41.732,1.1161,1.11639,2.81,1.00
2016.04.07 01:59:41.783,1.1161,1.11642,3.56,1.19
2016.04.07 01:59:41.834,1.11625,1.11642,1.00,1.00
2016.04.07 01:59:41.885,1.11625,1.11646,1.00,1.19
2016.04.07 01:59:41.936,1.11627,1.11649,2.25,1.19
2016.04.07 01:59:42.306,1.11618,1.11646,1.19,1.19
2016.04.07 01:59:42.409,1.11618,1.11639,1.19,1.00
2016.04.07 01:59:42.511,1.11618,1.11639,1.00,1.00
2016.04.07 01:59:42.613,1.11615,1.11639,1.25,1.00
2016.04.07 01:59:42.716,1.11616,1.11639,1.26,1.00
2016.04.07 01:59:42.767,1.11616,1.11642,1.76,1.00
2016.04.07 01:59:42.920,1.1162,1.11642,1.00,1.00
2016.04.07 01:59:43.224,1.11618,1.11642,1.25,1.00
2016.04.07 01:59:43.491,1.11623,1.11642,1.19,1.00
2016.04.07 01:59:48.190,1.11626,1.11642,1.19,1.00
2016.04.07 01:59:49.724,1.11616,1.11642,1.19,1.00
2016.04.07 01:59:50.813,1.11616,1.1164,1.19,1.00
2016.04.07 01:59:51.077,1.11614,1.1164,1.19,1.00
2016.04.07 01:59:54.502,1.11613,1.11639,1.00,1.19
2016.04.07 01:59:54.553,1.11611,1.11639,1.00,1.19
2016.04.07 01:59:54.604,1.11612,1.11639,1.94,1.19
2016.04.07 01:59:54.807,1.1163,1.11649,1.00,1.00
2016.04.07 01:59:54.859,1.1163,1.11653,1.00,1.00
2016.04.07 01:59:55.807,1.1164,1.11659,1.94,1.50
2016.04.07 01:59:55.859,1.11643,1.11665,1.94,1.00
2016.04.07 01:59:55.910,1.11637,1.11665,1.76,1.19
2016.04.07 01:59:56.012,1.11637,1.11652,1.50,1.19
2016.04.07 01:59:56.114,1.11625,1.11656,2.06,1.19
2016.04.07 01:59:56.165,1.11625,1.11656,1.69,1.69
2016.04.07 01:59:56.620,1.11619,1.1165,2.44,1.00
2016.04.07 01:59:56.931,1.11619,1.11653,1.69,1.29
2016.04.07 01:59:57.339,1.1162,1.11651,1.25,2.44
2016.04.07 01:59:57.440,1.11622,1.11654,1.00,1.26
2016.04.07 01:59:58.126,1.11621,1.11653,1.00,1.69
2016.04.07 01:59:58.648,1.11618,1.1165,1.19,1.01
2016.04.07 01:59:58.952,1.11619,1.1165,1.00,1.69
2016.04.07 01:59:59.545,1.1162,1.1165,1.00,1.69
2016.04.07 01:59:59.850,1.11607,1.11636,2.62,1.19
2016.04.07 01:59:59.952,1.11607,1.11637,1.00,1.29
