2009.04.01 11:00:00.442,1.23165,1.23215,1.00,3.20
2009.04.01 11:00:01.431,1.23165,1.2321,1.00,1.60
2009.04.01 11:00:06.440,1.23145,1.23195,8.00,1.60
2009.04.01 11:00:07.330,1.23145,1.23195,8.00,3.20
2009.04.01 11:00:07.741,1.23145,1.2317,8.00,1.60
2009.04.01 11:00:08.150,1.2312,1.2321,8.00,1.60
2009.04.01 11:00:08.610,1.2312,1.23195,8.00,1.60
2009.04.01 11:00:09.130,1.2312,1.23205,8.00,1.60
2009.04.01 11:00:09.419,1.23125,1.23225,8.00,3.20
2009.04.01 11:00:09.769,1.23125,1.23205,8.00,1.60
2009.04.01 11:00:10.069,1.23125,1.23215,8.00,1.60
2009.04.01 11:00:10.419,1.23125,1.23225,8.00,3.20
2009.04.01 11:00:11.559,1.23125,1.23205,8.00,1.60
2009.04.01 11:00:16.808,1.23125,1.2322,8.00,3.20
2009.04.01 11:00:17.107,1.23125,1.23205,8.00,1.60
2009.04.01 11:00:17.507,1.23125,1.2321,8.00,1.60
2009.04.01 11:00:19.467,1.23125,1.23215,8.00,1.60
2009.04.01 11:00:20.217,1.23125,1.2322,8.00,3.20
2009.04.01 11:00:24.196,1.23125,1.23225,8.00,1.60
2009.04.01 11:00:27.805,1.23125,1.2321,8.00,1.60
2009.04.01 11:00:29.795,1.2309,1.2321,1.60,1.60
2009.04.01 11:00:36.733,1.23105,1.23215,1.60,1.60
2009.04.01 11:00:37.122,1.23135,1.23225,1.00,1.60
2009.04.01 11:00:37.403,1.23135,1.2323,1.00,2.00
2009.04.01 11:00:39.952,1.2315,1.23235,1.00,2.00
2009.04.01 11:00:40.232,1.2315,1.2324,1.00,1.60
2009.04.01 11:00:44.041,1.2315,1.23215,1.00,1.60
2009.04.01 11:00:44.661,1.2315,1.23235,1.00,1.60
2009.04.01 11:00:44.961,1.2315,1.23245,1.00,1.60
2009.04.01 11:00:45.421,1.2315,1.23255,1.00,1.60
2009.04.01 11:00:45.641,1.2315,1.23255,1.00,3.20
2009.04.01 11:00:45.881,1.2315,1.2324,1.00,1.60
2009.04.01 11:00:46.561,1.2314,1.2324,1.60,1.60
2009.04.01 11:00:46.851,1.2314,1.2325,1.60,1.60
2009.04.01 11:00:47.250,1.2314,1.2325,1.60,3.20
2009.04.01 11:00:47.530,1.2315,1.23245,1.00,1.60
2009.04.01 11:00:48.100,1.2315,1.2324,1.00,1.60
2009.04.01 11:00:51.949,1.2314,1.2324,1.60,1.60
2009.04.01 11:01:05.426,1.2314,1.23245,1.60,2.00
2009.04.01 11:01:05.536,1.2315,1.23245,1.00,2.00
2009.04.01 11:01:05.696,1.2315,1.2325,1.00,3.20
2009.04.01 11:01:05.806,1.2315,1.23235,1.00,1.60
2009.04.01 11:01:05.916,1.2315,1.2324,1.00,1.60
2009.04.01 11:01:07.225,1.2315,1.2324,1.00,1.60
2009.04.01 11:01:08.195,1.2315,1.2323,1.00,1.60
2009.04.01 11:01:09.255,1.2315,1.23205,1.00,1.60
2009.04.01 11:01:09.495,1.2315,1.2321,1.00,1.60
2009.04.01 11:01:09.715,1.2315,1.2324,1.00,1.60
2009.04.01 11:01:11.584,1.2315,1.23255,1.00,1.60
2009.04.01 11:01:13.404,1.2315,1.2324,1.00,1.60
2009.04.01 11:01:14.113,1.2315,1.2323,1.00,1.60
2009.04.01 11:01:17.373,1.2315,1.2322,1.00,1.60
2009.04.01 11:01:17.763,1.2315,1.23245,1.00,1.60
2009.04.01 11:01:17.933,1.2315,1.2324,1.00,1.60
2009.04.01 11:01:18.622,1.2315,1.2325,1.00,1.60
2009.04.01 11:01:19.252,1.2315,1.2324,1.00,1.60
2009.04.01 11:01:20.062,1.2315,1.23235,1.00,1.60
2009.04.01 11:01:22.262,1.2315,1.23245,1.00,1.60
2009.04.01 11:01:23.871,1.2315,1.23255,1.00,3.20
2009.04.01 11:01:24.511,1.2315,1.2325,1.00,1.60
2009.04.01 11:01:29.680,1.2315,1.2324,1.00,1.60
2009.04.01 11:01:30.679,1.2315,1.2324,1.60,1.60
2009.04.01 11:01:30.919,1.2315,1.2325,1.60,1.60
2009.04.01 11:01:45.486,1.23145,1.23245,1.60,1.60
2009.04.01 11:01:47.276,1.2315,1.2325,1.60,3.20
2009.04.01 11:01:47.566,1.2315,1.2325,1.60,1.60
2009.04.01 11:01:51.295,1.23155,1.2327,1.60,3.20
2009.04.01 11:01:51.465,1.23155,1.2327,3.20,1.60
2009.04.01 11:01:51.645,1.23155,1.2328,3.20,1.60
2009.04.01 11:01:51.995,1.2316,1.2329,1.60,1.60
2009.04.01 11:01:52.275,1.23155,1.23285,3.20,1.60
2009.04.01 11:01:53.504,1.23165,1.2328,1.60,1.60
2009.04.01 11:01:53.785,1.2318,1.233,1.60,2.80
2009.04.01 11:01:54.174,1.2317,1.233,1.60,1.60
2009.04.01 11:01:54.864,1.23175,1.23295,3.20,1.60
2009.04.01 11:01:57.893,1.23175,1.23295,3.20,2.80
2009.04.01 11:01:58.003,1.23175,1.2328,1.60,1.60
2009.04.01 11:01:58.413,1.2317,1.2328,1.60,1.60
2009.04.01 11:02:00.113,1.2318,1.2328,1.60,1.60
2009.04.01 11:02:00.502,1.2319,1.23285,1.60,3.20
2009.04.01 11:02:00.732,1.232,1.2331,1.60,3.20
2009.04.01 11:02:01.082,1.232,1.2331,1.60,1.60
2009.04.01 11:02:03.182,1.23195,1.2328,1.60,2.00
2009.04.01 11:02:03.402,1.2315,1.2328,1.60,2.00
2009.04.01 11:02:03.642,1.2314,1.2325,1.00,1.60
2009.04.01 11:02:04.032,1.2314,1.2326,1.00,1.60
2009.04.01 11:02:05.201,1.2315,1.2324,1.00,1.60
2009.04.01 11:02:08.021,1.2315,1.23265,1.00,1.60
2009.04.01 11:02:08.780,1.2315,1.2325,1.00,1.60
2009.04.01 11:02:10.330,1.2315,1.23255,1.00,1.60
2009.04.01 11:02:16.729,1.23145,1.23265,1.60,1.60
2009.04.01 11:02:17.628,1.2315,1.2327,1.60,1.60
2009.04.01 11:02:17.748,1.2315,1.2326,1.00,1.60
2009.04.01 11:02:18.088,1.23145,1.23275,1.60,1.60
2009.04.01 11:02:18.598,1.2315,1.23275,1.60,1.60
2009.04.01 11:02:20.518,1.23145,1.23265,1.60,1.60
2009.04.01 11:02:22.727,1.2315,1.23255,1.00,1.60
2009.04.01 11:02:25.726,1.2315,1.2325,1.00,3.20
2009.04.01 11:02:26.066,1.2315,1.2324,1.00,1.60
2009.04.01 11:02:26.976,1.2315,1.23245,1.00,1.60
2009.04.01 11:02:28.255,1.2315,1.2324,1.00,1.60
2009.04.01 11:02:29.506,1.2315,1.23245,1.00,1.60
2009.04.01 11:02:30.365,1.2315,1.23235,1.00,1.60
2009.04.01 11:02:30.715,1.2315,1.2326,1.00,1.60
2009.04.01 11:02:31.575,1.2315,1.23265,1.00,1.60
2009.04.01 11:02:34.374,1.23145,1.23265,1.60,1.60
2009.04.01 11:02:35.834,1.2315,1.23265,1.60,1.60
2009.04.01 11:02:36.064,1.2315,1.23275,1.60,3.20
2009.04.01 11:02:36.344,1.2315,1.23275,1.60,5.20
2009.04.01 11:02:36.594,1.2315,1.23275,3.20,3.60
2009.04.01 11:02:36.874,1.2315,1.23275,3.20,1.60
2009.04.01 11:02:37.463,1.2315,1.23275,3.20,5.00
2009.04.01 11:02:37.693,1.23145,1.23265,1.60,1.60
2009.04.01 11:02:37.993,1.2314,1.2326,1.60,1.60
2009.04.01 11:02:38.673,1.23145,1.23265,1.60,1.60
2009.04.01 11:02:40.203,1.2315,1.2326,1.00,3.20
2009.04.01 11:02:40.892,1.2315,1.23255,1.00,1.60
2009.04.01 11:02:44.312,1.23145,1.23265,1.60,1.60
2009.04.01 11:02:46.171,1.2315,1.2326,1.00,1.60
2009.04.01 11:02:49.800,1.23155,1.2326,1.60,1.60
2009.04.01 11:02:50.080,1.2316,1.2328,1.60,2.00
2009.04.01 11:02:50.370,1.23135,1.23265,1.60,1.60
2009.04.01 11:02:50.810,1.23145,1.23265,1.00,1.60
2009.04.01 11:02:51.100,1.23145,1.23265,1.00,3.20
2009.04.01 11:02:51.380,1.2314,1.2326,1.60,1.60
2009.04.01 11:02:52.080,1.2314,1.2326,1.60,3.20
2009.04.01 11:02:52.370,1.2315,1.23255,1.00,1.60
2009.04.01 11:02:52.780,1.2315,1.23245,1.00,1.60
2009.04.01 11:02:54.509,1.2315,1.2324,1.00,3.20
2009.04.01 11:02:55.019,1.2315,1.2324,1.00,1.60
2009.04.01 11:02:55.929,1.2315,1.2324,1.00,3.20
2009.04.01 11:02:57.159,1.2315,1.2324,1.00,1.60
2009.04.01 11:02:57.399,1.2315,1.2325,1.00,1.60
2009.04.01 11:02:57.518,1.2315,1.23245,1.00,2.00
2009.04.01 11:02:57.868,1.2315,1.23225,1.00,1.60
2009.04.01 11:03:00.198,1.23145,1.2328,1.60,3.60
2009.04.01 11:03:01.648,1.23145,1.23265,1.60,5.20
2009.04.01 11:03:01.998,1.2315,1.23255,1.00,2.00
2009.04.01 11:03:02.168,1.2315,1.23255,1.00,3.60
2009.04.01 11:03:03.307,1.2315,1.23235,1.00,1.60
2009.04.01 11:03:12.745,1.2314,1.23275,1.60,3.60
2009.04.01 11:03:13.774,1.2314,1.23265,1.60,1.60
2009.04.01 11:03:13.884,1.23145,1.23265,1.60,1.60
2009.04.01 11:03:15.234,1.2314,1.2326,1.60,1.60
2009.04.01 11:03:16.944,1.2315,1.23255,1.00,3.20
2009.04.01 11:03:18.053,1.2315,1.23245,1.00,1.20
2009.04.01 11:03:18.464,1.2315,1.23225,1.00,1.60
2009.04.01 11:03:18.703,1.2315,1.23215,1.00,1.60
2009.04.01 11:03:18.923,1.2315,1.23225,1.00,1.60
2009.04.01 11:03:19.273,1.2315,1.2323,1.00,1.60
2009.04.01 11:03:22.842,1.2315,1.2322,1.00,3.20
2009.04.01 11:03:23.192,1.2315,1.2322,1.00,1.60
2009.04.01 11:03:23.542,1.2315,1.2323,1.00,1.60
2009.04.01 11:03:25.212,1.2315,1.23235,1.00,1.60
2009.04.01 11:03:26.921,1.2315,1.23225,1.00,1.60
2009.04.01 11:03:27.321,1.2315,1.2323,1.00,1.60
2009.04.01 11:03:36.899,1.2315,1.2323,1.00,1.60
2009.04.01 11:03:42.218,1.2315,1.2322,1.00,1.60
2009.04.01 11:03:42.448,1.2315,1.2322,1.00,3.20
2009.04.01 11:03:44.577,1.2315,1.23215,1.00,1.60
2009.04.01 11:03:44.797,1.2315,1.23205,1.00,1.60
2009.04.01 11:03:48.026,1.2315,1.232,1.00,1.20
2009.04.01 11:03:48.326,1.2315,1.23185,1.00,1.60
2009.04.01 11:03:49.716,1.2315,1.23205,1.00,1.60
2009.04.01 11:03:58.624,1.2315,1.2319,1.00,1.60
2009.04.01 11:03:59.194,1.2315,1.23225,1.00,3.20
2009.04.01 11:03:59.544,1.2315,1.23225,1.00,1.60
2009.04.01 11:03:59.894,1.2315,1.23235,1.00,3.20
2009.04.01 11:04:00.233,1.2315,1.2323,1.00,1.60
2009.04.01 11:04:00.573,1.2315,1.2323,1.00,3.20
2009.04.01 11:04:01.043,1.2315,1.2323,1.00,1.60
2009.04.01 11:04:04.462,1.2315,1.2324,1.00,1.60
2009.04.01 11:04:04.932,1.2315,1.2326,1.00,1.60
2009.04.01 11:04:05.272,1.2315,1.23265,1.60,5.20
2009.04.01 11:04:05.552,1.2315,1.23265,1.60,1.60
2009.04.01 11:04:05.893,1.2314,1.23265,1.60,1.60
2009.04.01 11:04:06.272,1.2315,1.2326,3.20,1.60
2009.04.01 11:04:06.722,1.23155,1.23265,1.60,1.60
2009.04.01 11:04:07.182,1.2315,1.2327,1.60,3.60
2009.04.01 11:04:07.642,1.2315,1.2325,1.00,1.60
2009.04.01 11:04:08.272,1.2315,1.2326,1.00,1.60
2009.04.01 11:04:08.741,1.2315,1.23255,1.00,1.60
2009.04.01 11:04:09.791,1.2315,1.23245,1.00,1.60
2009.04.01 11:04:14.950,1.2315,1.23245,1.00,1.60
2009.04.01 11:04:15.340,1.2316,1.23245,1.60,1.60
2009.04.01 11:04:15.689,1.2316,1.23285,1.60,1.60
2009.04.01 11:04:20.599,1.2315,1.23245,1.00,1.60
2009.04.01 11:04:23.788,1.2314,1.2325,1.60,3.20
2009.04.01 11:04:24.078,1.2314,1.2325,1.60,1.60
2009.04.01 11:04:26.227,1.2315,1.2326,1.60,3.20
2009.04.01 11:04:26.567,1.23155,1.2327,1.60,1.60
2009.04.01 11:04:26.807,1.23155,1.2326,1.60,1.60
2009.04.01 11:04:27.207,1.23145,1.2325,1.60,1.60
2009.04.01 11:04:28.896,1.23145,1.23235,1.60,1.60
2009.04.01 11:04:29.956,1.2315,1.2323,1.60,1.60
2009.04.01 11:04:30.136,1.2315,1.2327,1.60,3.20
2009.04.01 11:04:33.535,1.23145,1.2325,1.60,1.60
2009.04.01 11:04:34.865,1.23145,1.23235,1.60,1.60
2009.04.01 11:04:42.253,1.2315,1.2321,1.00,1.60
2009.04.01 11:04:42.463,1.2315,1.23205,1.00,1.60
2009.04.01 11:04:42.883,1.2315,1.2323,1.00,1.60
2009.04.01 11:04:43.163,1.2315,1.2325,1.00,3.20
2009.04.01 11:04:43.763,1.2315,1.23225,1.00,1.60
2009.04.01 11:04:44.053,1.2315,1.2323,1.00,1.60
2009.04.01 11:04:44.743,1.2315,1.2323,1.00,3.20
2009.04.01 11:04:45.263,1.2315,1.23225,1.00,1.60
2009.04.01 11:04:45.852,1.2315,1.2322,1.00,1.60
2009.04.01 11:04:46.142,1.2315,1.2323,1.00,1.60
2009.04.01 11:04:47.772,1.2315,1.2322,1.00,1.60
2009.04.01 11:04:48.352,1.2315,1.23215,1.00,1.20
2009.04.01 11:04:48.521,1.2315,1.232,1.00,1.60
2009.04.01 11:04:51.231,1.2315,1.2321,1.00,1.60
2009.04.01 11:04:51.401,1.2315,1.23225,1.00,1.60
2009.04.01 11:05:05.558,1.2315,1.23225,1.00,1.60
2009.04.01 11:05:05.788,1.2315,1.2323,1.00,1.60
2009.04.01 11:05:06.077,1.2315,1.23235,1.00,3.20
2009.04.01 11:05:09.546,1.2315,1.2323,1.00,1.60
2009.04.01 11:05:09.767,1.2315,1.2323,1.00,3.20
2009.04.01 11:05:10.336,1.2315,1.23225,1.00,1.60
2009.04.01 11:05:11.276,1.2315,1.2322,1.00,1.60
2009.04.01 11:05:21.654,1.2315,1.23205,1.00,1.60
2009.04.01 11:05:24.163,1.2315,1.23215,1.00,3.20
2009.04.01 11:05:24.883,1.2315,1.23215,1.00,1.60
2009.04.01 11:05:25.233,1.2315,1.23215,1.00,3.20
2009.04.01 11:05:25.562,1.2315,1.23215,1.00,1.60
2009.04.01 11:05:27.912,1.2315,1.23205,1.00,1.60
2009.04.01 11:05:28.822,1.2315,1.232,1.00,1.60
2009.04.01 11:05:29.212,1.2315,1.2322,1.00,1.60
2009.04.01 11:05:29.572,1.2315,1.2323,1.00,3.20
2009.04.01 11:05:29.962,1.2315,1.2323,1.00,1.60
2009.04.01 11:05:33.331,1.2315,1.2321,1.00,1.60
2009.04.01 11:05:33.810,1.2315,1.23235,1.00,1.60
2009.04.01 11:05:36.380,1.2315,1.2322,1.00,3.60
2009.04.01 11:05:36.730,1.2315,1.232,1.00,1.60
2009.04.01 11:05:37.140,1.2315,1.23205,1.00,1.60
2009.04.01 11:05:43.488,1.2306,1.23165,1.60,1.00
2009.04.01 11:05:43.718,1.2306,1.2317,1.60,1.00
2009.04.01 11:05:44.429,1.23055,1.2317,1.20,1.00
2009.04.01 11:05:47.667,1.2307,1.2321,2.60,1.60
2009.04.01 11:05:48.167,1.2307,1.23205,1.20,1.60
2009.04.01 11:05:49.087,1.2308,1.2319,1.20,1.60
2009.04.01 11:05:49.307,1.2308,1.232,1.20,1.60
2009.04.01 11:05:55.606,1.23075,1.232,1.60,1.60
2009.04.01 11:05:56.255,1.2307,1.2319,2.60,1.60
2009.04.01 11:05:59.005,1.2308,1.2319,1.20,1.60
2009.04.01 11:05:59.475,1.23075,1.232,1.60,1.60
2009.04.01 11:05:59.894,1.2307,1.2319,1.20,4.80
2009.04.01 11:06:00.684,1.2307,1.2319,1.20,3.20
2009.04.01 11:06:03.853,1.23065,1.23185,1.60,4.80
2009.04.01 11:06:04.193,1.2306,1.2318,1.00,1.60
2009.04.01 11:06:08.252,1.23075,1.2318,1.60,1.60
2009.04.01 11:06:08.472,1.2308,1.23185,1.60,3.20
2009.04.01 11:06:14.091,1.231,1.23185,1.60,3.20
2009.04.01 11:06:19.129,1.2311,1.23185,1.60,3.20
2009.04.01 11:06:20.580,1.23085,1.23185,1.60,3.20
2009.04.01 11:06:20.929,1.23075,1.23185,1.60,3.20
2009.04.01 11:06:21.389,1.23065,1.23185,3.20,3.20
2009.04.01 11:06:22.429,1.2307,1.23185,1.60,3.20
2009.04.01 11:06:22.769,1.23075,1.23185,1.60,3.20
2009.04.01 11:06:23.048,1.23085,1.23185,1.20,3.20
2009.04.01 11:06:23.339,1.231,1.23185,1.60,3.20
2009.04.01 11:06:23.698,1.23105,1.23185,1.60,3.20
2009.04.01 11:06:24.458,1.23105,1.23185,1.60,3.20
2009.04.01 11:06:25.008,1.2311,1.23185,1.60,3.20
2009.04.01 11:06:25.638,1.231,1.23185,1.60,3.20
2009.04.01 11:06:25.878,1.23095,1.23185,1.60,3.20
2009.04.01 11:06:27.148,1.23105,1.23185,1.60,3.20
2009.04.01 11:06:28.307,1.2307,1.23185,1.60,3.20
2009.04.01 11:06:43.204,1.2307,1.23185,3.20,3.20
2009.04.01 11:06:45.253,1.2307,1.23185,4.80,3.20
2009.04.01 11:06:45.353,1.23085,1.23185,1.60,3.20
2009.04.01 11:06:47.143,1.23085,1.23185,1.60,3.20
2009.04.01 11:06:47.323,1.2309,1.23185,1.60,3.20
2009.04.01 11:06:47.543,1.2308,1.23185,1.60,3.20
2009.04.01 11:06:48.982,1.2308,1.23205,1.60,1.60
2009.04.01 11:06:51.342,1.2308,1.232,1.60,3.20
2009.04.01 11:06:51.572,1.2307,1.23195,1.60,1.60
2009.04.01 11:06:51.802,1.23065,1.23185,1.60,1.60
2009.04.01 11:06:51.862,1.2307,1.23185,1.60,1.60
2009.04.01 11:06:52.042,1.2306,1.23185,2.60,3.20
2009.04.01 11:06:53.261,1.2306,1.23185,1.60,3.20
2009.04.01 11:06:53.652,1.23055,1.2318,1.60,3.20
2009.04.01 11:06:53.891,1.2305,1.23175,2.60,1.60
2009.04.01 11:06:56.541,1.2305,1.23175,1.60,1.60
2009.04.01 11:06:57.231,1.23065,1.2318,1.60,1.60
2009.04.01 11:06:57.740,1.23065,1.2317,1.60,1.60
2009.04.01 11:06:58.520,1.23065,1.2317,1.60,1.60
2009.04.01 11:06:59.690,1.23055,1.23165,1.60,1.60
2009.04.01 11:06:59.920,1.23065,1.23165,1.60,1.60
2009.04.01 11:07:00.270,1.23065,1.2317,1.60,1.60
2009.04.01 11:07:00.619,1.23075,1.2321,1.60,1.60
2009.04.01 11:07:01.359,1.2308,1.23215,1.60,4.80
2009.04.01 11:07:01.859,1.2308,1.23205,3.20,4.80
2009.04.01 11:07:02.259,1.2309,1.23205,1.60,3.20
2009.04.01 11:07:02.589,1.2308,1.23205,1.60,4.80
2009.04.01 11:07:02.829,1.2309,1.23205,1.60,4.80
2009.04.01 11:07:03.071,1.23095,1.23205,1.60,3.20
2009.04.01 11:07:04.429,1.231,1.23205,1.60,3.20
2009.04.01 11:07:05.278,1.2311,1.23205,1.60,3.20
2009.04.01 11:07:05.618,1.2314,1.23205,1.60,3.20
2009.04.01 11:07:06.318,1.2313,1.23205,1.60,3.20
2009.04.01 11:07:07.278,1.23135,1.23205,1.60,3.20
2009.04.01 11:07:07.458,1.2314,1.23205,1.60,3.20
2009.04.01 11:07:09.068,1.2315,1.23205,1.60,3.20
2009.04.01 11:07:09.247,1.2314,1.23205,1.60,3.20
2009.04.01 11:07:10.577,1.23145,1.23205,1.60,3.20
2009.04.01 11:07:11.227,1.2314,1.23205,1.60,3.20
2009.04.01 11:07:11.387,1.23135,1.23205,1.60,3.20
2009.04.01 11:07:11.437,1.23135,1.23205,3.20,3.20
2009.04.01 11:07:12.147,1.23135,1.23205,1.60,3.20
2009.04.01 11:07:12.537,1.23125,1.23205,3.20,3.20
2009.04.01 11:07:13.906,1.2313,1.23205,1.60,3.20
2009.04.01 11:07:14.356,1.2315,1.23205,1.60,3.20
2009.04.01 11:07:14.476,1.2316,1.23205,1.60,3.20
2009.04.01 11:07:14.586,1.2315,1.23205,3.20,3.20
2009.04.01 11:07:15.996,1.2316,1.23205,1.60,3.20
2009.04.01 11:07:16.586,1.23155,1.23205,1.60,3.20
2009.04.01 11:07:17.046,1.2315,1.23205,1.60,3.20
2009.04.01 11:07:17.395,1.23145,1.23205,1.60,3.20
2009.04.01 11:07:19.735,1.23155,1.23205,1.60,3.20
2009.04.01 11:07:21.405,1.23155,1.23205,1.60,3.20
2009.04.01 11:07:23.894,1.23155,1.2327,1.60,1.60
2009.04.01 11:07:24.344,1.23145,1.2326,3.20,1.60
2009.04.01 11:07:24.854,1.23145,1.2326,1.60,1.60
2009.04.01 11:07:25.413,1.2312,1.2325,3.20,3.20
2009.04.01 11:07:25.695,1.2314,1.2324,1.60,1.60
2009.04.01 11:07:26.044,1.2314,1.2323,1.60,1.60
2009.04.01 11:07:26.393,1.2312,1.2323,3.20,1.60
2009.04.01 11:07:27.773,1.23125,1.23225,1.60,1.60
2009.04.01 11:07:27.893,1.2313,1.23225,1.60,1.60
2009.04.01 11:07:28.163,1.2311,1.23225,3.20,1.60
2009.04.01 11:07:28.273,1.2311,1.23225,1.60,1.60
2009.04.01 11:07:28.383,1.23095,1.2322,2.60,3.20
2009.04.01 11:07:28.683,1.23095,1.2322,1.20,3.20
2009.04.01 11:07:29.263,1.2309,1.2322,4.80,3.20
2009.04.01 11:07:29.502,1.23095,1.2321,4.80,1.60
2009.04.01 11:07:29.793,1.23095,1.2321,3.20,1.60
2009.04.01 11:07:31.372,1.2311,1.2321,1.60,1.60
2009.04.01 11:07:31.592,1.2311,1.2323,3.20,3.20
2009.04.01 11:07:32.772,1.23125,1.23225,1.60,3.20
2009.04.01 11:07:33.002,1.23125,1.23225,3.20,1.60
2009.04.01 11:07:34.741,1.23125,1.23225,1.60,1.60
2009.04.01 11:07:35.031,1.2313,1.23215,1.60,1.60
2009.04.01 11:07:35.383,1.2311,1.23215,1.60,1.60
2009.04.01 11:07:41.120,1.23105,1.2321,1.60,1.60
2009.04.01 11:07:41.769,1.23095,1.232,3.20,1.60
2009.04.01 11:07:41.889,1.23085,1.2321,1.60,1.60
2009.04.01 11:07:42.239,1.23085,1.23215,4.20,3.20
2009.04.01 11:07:43.249,1.2309,1.2321,1.60,3.20
2009.04.01 11:07:43.369,1.231,1.2321,1.60,3.20
2009.04.01 11:07:43.420,1.231,1.2321,1.60,1.60
2009.04.01 11:07:47.118,1.231,1.232,1.60,1.60
2009.04.01 11:07:49.638,1.23095,1.23195,1.60,1.60
2009.04.01 11:07:57.975,1.2314,1.23205,1.60,1.60
2009.04.01 11:07:58.205,1.23105,1.2324,1.20,1.60
2009.04.01 11:07:58.266,1.231,1.2324,1.20,1.60
2009.04.01 11:07:58.495,1.231,1.2324,2.60,1.60
2009.04.01 11:07:58.605,1.231,1.2324,1.20,1.60
2009.04.01 11:08:04.504,1.2311,1.23235,1.60,3.20
2009.04.01 11:08:05.784,1.2317,1.23235,1.60,1.60
2009.04.01 11:08:05.904,1.2317,1.2328,1.60,1.60
2009.04.01 11:08:06.404,1.23185,1.23285,1.60,1.60
2009.04.01 11:08:06.524,1.23185,1.2328,1.60,1.60
2009.04.01 11:08:06.684,1.2316,1.2328,4.80,1.60
2009.04.01 11:08:06.803,1.2317,1.23275,1.60,1.60
2009.04.01 11:08:07.024,1.2317,1.23265,1.60,3.20
2009.04.01 11:08:07.443,1.2317,1.2326,1.60,1.60
2009.04.01 11:08:08.033,1.2319,1.23255,1.60,1.60
2009.04.01 11:08:08.213,1.232,1.2328,1.60,1.60
2009.04.01 11:08:08.393,1.2319,1.2328,1.60,1.60
2009.04.01 11:08:09.753,1.23215,1.2328,1.60,1.60
2009.04.01 11:08:10.033,1.23245,1.23345,1.60,1.60
2009.04.01 11:08:10.313,1.2324,1.23345,1.60,1.60
2009.04.01 11:08:10.652,1.2322,1.2334,1.60,1.60
2009.04.01 11:08:10.992,1.23195,1.23305,3.20,1.60
2009.04.01 11:08:11.292,1.23195,1.2329,1.60,1.60
2009.04.01 11:08:11.582,1.23195,1.23285,1.60,5.60
2009.04.01 11:08:11.862,1.23145,1.2327,1.60,1.60
2009.04.01 11:08:12.042,1.2313,1.2327,1.20,1.60
2009.04.01 11:08:12.212,1.2314,1.2329,1.60,1.60
2009.04.01 11:08:12.712,1.2318,1.2329,1.60,1.60
2009.04.01 11:08:12.882,1.232,1.2334,3.20,1.60
2009.04.01 11:08:14.292,1.23215,1.2332,1.60,1.60
2009.04.01 11:08:14.692,1.2321,1.2332,3.20,1.60
2009.04.01 11:08:14.971,1.23205,1.233,1.60,1.60
2009.04.01 11:08:15.393,1.23185,1.23295,1.60,2.00
2009.04.01 11:08:15.691,1.2318,1.23285,3.20,1.60
2009.04.01 11:08:15.971,1.23125,1.2327,1.20,1.60
2009.04.01 11:08:16.251,1.2313,1.23265,1.60,1.60
2009.04.01 11:08:16.591,1.23135,1.23265,1.20,1.60
2009.04.01 11:08:16.871,1.2314,1.23285,1.60,1.60
2009.04.01 11:08:17.221,1.232,1.2329,1.60,1.60
2009.04.01 11:08:17.511,1.2317,1.2329,5.40,1.60
2009.04.01 11:08:17.861,1.2318,1.2328,1.60,1.60
2009.04.01 11:08:17.981,1.2315,1.23285,2.60,1.60
2009.04.01 11:08:18.551,1.23165,1.2329,2.60,1.60
2009.04.01 11:08:19.810,1.2316,1.2328,1.60,1.60
2009.04.01 11:08:20.570,1.23155,1.2328,2.60,1.60
2009.04.01 11:08:21.950,1.2317,1.23315,1.60,3.60
2009.04.01 11:08:22.809,1.2317,1.23295,1.60,1.60
2009.04.01 11:08:23.260,1.23155,1.23285,1.60,3.20
2009.04.01 11:08:24.649,1.23155,1.23275,1.60,1.60
2009.04.01 11:08:25.059,1.2317,1.233,1.60,1.60
2009.04.01 11:08:25.389,1.23175,1.2331,1.60,3.60
2009.04.01 11:08:25.739,1.2318,1.2331,1.60,2.00
2009.04.01 11:08:26.439,1.2318,1.23305,1.60,1.60
2009.04.01 11:08:27.079,1.23155,1.2329,1.60,3.20
2009.04.01 11:08:29.268,1.2314,1.2327,1.20,1.60
2009.04.01 11:08:29.778,1.2314,1.2328,4.20,1.60
2009.04.01 11:08:30.008,1.23145,1.23285,1.60,1.60
2009.04.01 11:08:31.558,1.2321,1.23275,1.60,1.60
2009.04.01 11:08:32.137,1.2322,1.2335,1.60,1.60
2009.04.01 11:08:32.587,1.23215,1.2333,1.60,2.00
2009.04.01 11:08:32.877,1.232,1.23295,1.20,1.60
2009.04.01 11:08:33.117,1.2314,1.23295,4.20,1.60
2009.04.01 11:08:33.397,1.2316,1.23305,1.60,1.60
2009.04.01 11:08:34.867,1.23165,1.2329,1.60,1.60
2009.04.01 11:08:35.277,1.23155,1.2328,1.20,1.60
2009.04.01 11:08:36.376,1.23155,1.23265,1.20,1.60
2009.04.01 11:08:36.716,1.23155,1.23275,1.20,1.60
2009.04.01 11:08:37.796,1.2317,1.23315,1.60,3.60
2009.04.01 11:08:38.086,1.2317,1.23305,1.60,1.60
2009.04.01 11:08:38.266,1.2314,1.23285,2.60,1.60
2009.04.01 11:08:40.065,1.2315,1.23265,1.20,1.60
2009.04.01 11:08:40.185,1.2315,1.23275,2.60,1.60
2009.04.01 11:08:40.765,1.2325,1.23275,1.60,1.60
2009.04.01 11:08:40.935,1.2325,1.23315,1.60,5.60
2009.04.01 11:08:41.215,1.2325,1.23315,1.60,4.00
2009.04.01 11:08:41.565,1.2323,1.2336,1.60,1.60
2009.04.01 11:08:41.795,1.23215,1.23335,1.60,1.60
2009.04.01 11:08:42.085,1.23215,1.2331,1.60,4.00
2009.04.01 11:08:42.405,1.23155,1.23295,1.60,1.60
2009.04.01 11:08:42.685,1.23125,1.2327,1.60,1.60
2009.04.01 11:08:42.974,1.2312,1.23265,1.60,1.60
2009.04.01 11:08:43.444,1.23125,1.23255,1.60,1.60
2009.04.01 11:08:44.235,1.2313,1.23255,1.60,1.60
2009.04.01 11:08:46.564,1.2313,1.23255,3.20,1.60
2009.04.01 11:08:46.674,1.23135,1.2326,1.60,1.60
2009.04.01 11:08:49.183,1.23185,1.2326,1.60,1.60
2009.04.01 11:08:49.624,1.23175,1.2328,1.60,1.60
2009.04.01 11:08:50.083,1.232,1.2328,1.60,1.60
2009.04.01 11:08:50.433,1.23215,1.23315,1.60,4.00
2009.04.01 11:08:50.883,1.23205,1.2331,3.20,1.60
2009.04.01 11:08:53.392,1.23205,1.233,1.60,1.60
2009.04.01 11:08:53.572,1.232,1.2328,1.60,1.20
2009.04.01 11:08:53.742,1.2318,1.2328,1.60,1.20
2009.04.01 11:08:53.862,1.2315,1.2326,1.60,1.60
2009.04.01 11:08:54.092,1.23135,1.2326,1.60,3.20
2009.04.01 11:08:59.411,1.23195,1.2329,1.60,1.60
2009.04.01 11:08:59.890,1.23195,1.2328,1.60,4.00
2009.04.01 11:09:01.620,1.23205,1.23275,1.60,4.00
2009.04.01 11:09:03.910,1.2318,1.23275,1.60,4.00
2009.04.01 11:09:04.330,1.2312,1.2326,2.60,1.60
2009.04.01 11:09:04.660,1.2312,1.2326,1.20,1.60
2009.04.01 11:09:05.499,1.2314,1.23255,1.20,1.60
2009.04.01 11:09:05.729,1.2315,1.23265,1.20,1.60
2009.04.01 11:09:06.179,1.2315,1.2327,2.60,1.60
2009.04.01 11:09:07.069,1.2316,1.23275,1.60,4.00
2009.04.01 11:09:09.398,1.23155,1.23275,1.60,4.00
2009.04.01 11:09:12.148,1.2315,1.2327,1.60,1.60
2009.04.01 11:09:29.973,1.2315,1.23255,1.60,1.00
2009.04.01 11:09:37.431,1.23145,1.23245,2.60,1.00
2009.04.01 11:09:40.021,1.2315,1.23245,1.60,1.00
2009.04.01 11:09:45.609,1.2316,1.23245,1.60,1.00
2009.04.01 11:09:45.789,1.23155,1.23245,1.60,1.00
2009.04.01 11:09:55.887,1.2316,1.23245,1.60,1.00
2009.04.01 11:09:56.787,1.23155,1.23245,1.60,1.00
2009.04.01 11:09:58.646,1.23145,1.23245,2.60,1.00
2009.04.01 11:09:58.766,1.2315,1.23245,1.60,1.00
2009.04.01 11:10:01.086,1.23225,1.23245,1.60,1.00
2009.04.01 11:10:01.376,1.232,1.2335,1.60,1.60
2009.04.01 11:10:01.675,1.23225,1.23355,1.60,1.60
2009.04.01 11:10:02.265,1.23245,1.2337,1.60,1.60
2009.04.01 11:10:03.145,1.2326,1.23355,1.60,1.60
2009.04.01 11:10:03.545,1.2326,1.23375,1.60,3.60
2009.04.01 11:10:06.405,1.23275,1.2337,1.60,1.60
2009.04.01 11:10:06.794,1.23275,1.2337,1.60,2.00
2009.04.01 11:10:07.144,1.2325,1.2336,1.60,1.60
2009.04.01 11:10:09.364,1.23245,1.23345,1.60,1.60
2009.04.01 11:10:10.753,1.23255,1.2335,1.60,1.60
2009.04.01 11:10:11.103,1.2326,1.2336,1.60,1.60
2009.04.01 11:10:11.503,1.2326,1.2335,1.60,1.20
2009.04.01 11:10:11.903,1.2324,1.2333,1.60,1.60
2009.04.01 11:10:12.313,1.2323,1.2335,1.60,1.60
2009.04.01 11:10:12.493,1.2323,1.2335,1.60,3.20
2009.04.01 11:10:12.833,1.2323,1.2335,1.60,1.60
2009.04.01 11:10:21.271,1.23235,1.23335,1.60,1.60
2009.04.01 11:10:21.511,1.23235,1.2334,1.60,1.60
2009.04.01 11:10:25.900,1.2325,1.23345,1.60,1.60
2009.04.01 11:10:26.250,1.2325,1.23365,1.60,1.60
2009.04.01 11:10:30.188,1.2325,1.23355,1.60,1.60
2009.04.01 11:10:30.469,1.2325,1.2336,1.60,1.60
2009.04.01 11:10:35.197,1.23265,1.23365,1.60,1.60
2009.04.01 11:10:35.417,1.23275,1.23365,1.60,1.60
2009.04.01 11:10:37.197,1.23265,1.23365,1.60,1.60
2009.04.01 11:10:37.417,1.23275,1.23365,1.60,1.60
2009.04.01 11:10:43.995,1.2329,1.23365,1.20,1.60
2009.04.01 11:10:44.675,1.2329,1.23365,2.60,1.60
2009.04.01 11:10:44.795,1.2329,1.23365,1.60,4.80
2009.04.01 11:10:44.915,1.2331,1.23365,1.60,4.80
2009.04.01 11:10:45.365,1.2333,1.23365,1.60,4.80
2009.04.01 11:10:46.845,1.23335,1.23365,1.60,3.20
2009.04.01 11:10:47.024,1.2328,1.23365,1.20,3.20
2009.04.01 11:10:47.245,1.233,1.23365,1.60,3.20
2009.04.01 11:10:48.524,1.2326,1.23365,1.60,3.20
2009.04.01 11:10:48.824,1.23285,1.23365,1.20,3.20
2009.04.01 11:10:49.124,1.233,1.23365,1.60,3.20
2009.04.01 11:10:49.514,1.2331,1.23365,1.60,3.20
2009.04.01 11:10:49.794,1.23315,1.23365,1.60,1.60
2009.04.01 11:10:50.754,1.2327,1.2335,1.60,1.60
2009.04.01 11:10:51.264,1.2325,1.2335,2.60,1.60
2009.04.01 11:10:51.603,1.2325,1.23325,1.60,1.60
2009.04.01 11:10:51.773,1.2337,1.23385,1.60,2.40
2009.04.01 11:10:52.003,1.23315,1.2339,4.00,1.60
2009.04.01 11:10:52.173,1.23315,1.23365,4.00,1.00
2009.04.01 11:10:52.353,1.23335,1.2338,2.20,1.60
2009.04.01 11:10:52.653,1.23375,1.2352,1.60,1.60
2009.04.01 11:10:52.773,1.23335,1.23385,1.60,1.60
2009.04.01 11:10:52.943,1.2336,1.23385,2.60,1.60
2009.04.01 11:10:53.293,1.23355,1.23385,1.60,1.60
2009.04.01 11:10:54.163,1.23345,1.23365,1.20,1.60
2009.04.01 11:10:54.323,1.2334,1.23365,1.60,1.60
2009.04.01 11:10:54.603,1.23305,1.23365,1.60,1.60
2009.04.01 11:10:54.773,1.2325,1.23365,3.20,1.60
2009.04.01 11:10:54.993,1.2325,1.23365,1.60,1.60
2009.04.01 11:10:57.012,1.23295,1.23365,1.20,1.60
2009.04.01 11:10:57.302,1.2327,1.23365,1.60,1.60
2009.04.01 11:10:57.982,1.2325,1.23365,1.60,1.60
2009.04.01 11:10:58.212,1.2327,1.23365,1.60,1.60
2009.04.01 11:10:59.943,1.2325,1.23375,1.60,3.20
2009.04.01 11:11:00.761,1.23245,1.23375,1.60,3.20
2009.04.01 11:11:02.271,1.23255,1.23375,1.60,3.20
2009.04.01 11:11:02.511,1.23275,1.23375,1.60,3.20
2009.04.01 11:11:02.801,1.233,1.23375,1.60,3.20
2009.04.01 11:11:03.091,1.233,1.23365,1.60,1.60
2009.04.01 11:11:05.950,1.2333,1.23365,1.60,1.60
2009.04.01 11:11:06.240,1.2333,1.23365,3.20,1.60
2009.04.01 11:11:06.860,1.2333,1.23365,4.20,1.60
2009.04.01 11:11:07.160,1.2335,1.23365,1.60,1.60
2009.04.01 11:11:12.669,1.2333,1.23365,1.60,1.60
2009.04.01 11:11:12.728,1.23325,1.23365,1.60,1.60
2009.04.01 11:11:12.908,1.2333,1.23365,1.60,1.60
2009.04.01 11:11:13.018,1.2332,1.23365,1.60,1.60
2009.04.01 11:11:13.248,1.23325,1.23365,2.60,1.60
2009.04.01 11:11:13.368,1.23345,1.23365,1.60,1.60
2009.04.01 11:11:24.126,1.2333,1.23365,1.60,1.60
2009.04.01 11:11:24.586,1.2332,1.23365,1.60,1.60
2009.04.01 11:11:29.484,1.2328,1.23365,1.60,1.60
2009.04.01 11:11:29.714,1.23275,1.23365,1.60,1.60
2009.04.01 11:11:30.054,1.2327,1.23365,1.20,1.60
2009.04.01 11:11:30.964,1.2327,1.23365,1.20,1.60
2009.04.01 11:11:31.134,1.2327,1.23355,1.20,1.60
2009.04.01 11:11:31.364,1.23265,1.23345,1.20,1.60
2009.04.01 11:11:31.844,1.2326,1.23325,1.20,1.60
2009.04.01 11:11:32.184,1.2326,1.2334,1.20,1.60
2009.04.01 11:11:32.603,1.23255,1.2332,1.20,1.60
2009.04.01 11:11:33.013,1.23245,1.2331,1.20,1.60
2009.04.01 11:11:33.613,1.2326,1.2331,1.20,1.60
2009.04.01 11:11:33.843,1.23265,1.2338,1.60,1.60
2009.04.01 11:11:34.653,1.2328,1.2338,1.60,1.60
2009.04.01 11:11:41.671,1.2328,1.2336,1.60,1.20
2009.04.01 11:11:42.001,1.2328,1.23355,1.60,1.60
2009.04.01 11:11:42.171,1.23245,1.23355,1.60,1.60
2009.04.01 11:11:48.510,1.2326,1.2336,1.60,1.60
2009.04.01 11:11:48.730,1.2327,1.23365,1.60,1.60
2009.04.01 11:12:21.092,1.2329,1.23365,1.60,1.60
2009.04.01 11:12:21.322,1.233,1.23365,1.60,1.60
2009.04.01 11:12:26.970,1.23315,1.23365,1.60,1.60
2009.04.01 11:12:27.360,1.2333,1.23365,1.60,1.60
2009.04.01 11:12:27.480,1.23295,1.23365,1.60,1.60
2009.04.01 11:12:32.529,1.23315,1.23365,1.60,1.60
2009.04.01 11:12:33.079,1.2333,1.23365,1.60,1.60
2009.04.01 11:12:33.309,1.2332,1.23365,1.60,1.60
2009.04.01 11:12:33.519,1.2329,1.23365,1.60,1.60
2009.04.01 11:12:38.947,1.23305,1.23365,1.60,1.60
2009.04.01 11:12:46.445,1.23295,1.23365,1.60,1.60
2009.04.01 11:12:46.795,1.23255,1.23365,3.20,1.60
2009.04.01 11:12:47.135,1.23255,1.23365,1.60,1.60
2009.04.01 11:12:49.925,1.2326,1.2335,1.60,1.60
2009.04.01 11:12:50.035,1.2326,1.2335,2.40,1.60
2009.04.01 11:12:50.215,1.2326,1.23355,2.40,1.60
2009.04.01 11:12:51.424,1.23255,1.23345,2.40,1.60
2009.04.01 11:12:56.573,1.23255,1.23305,2.40,1.60
2009.04.01 11:12:56.813,1.23255,1.23335,2.40,1.60
2009.04.01 11:13:00.922,1.23255,1.23375,2.40,3.20
2009.04.01 11:13:00.982,1.23255,1.23375,2.40,1.60
2009.04.01 11:13:07.151,1.23255,1.2337,2.40,1.60
2009.04.01 11:13:08.870,1.23255,1.23365,2.40,2.00
2009.04.01 11:13:09.200,1.23255,1.23365,2.40,3.60
2009.04.01 11:13:11.819,1.23255,1.23365,2.40,1.60
2009.04.01 11:13:11.929,1.2326,1.23365,1.60,1.60
2009.04.01 11:13:12.269,1.2327,1.23365,1.60,1.60
2009.04.01 11:13:12.619,1.2325,1.23365,4.00,1.60
2009.04.01 11:13:16.598,1.2326,1.23365,1.60,1.60
2009.04.01 11:13:17.428,1.23255,1.23365,1.60,1.60
2009.04.01 11:13:27.686,1.2326,1.23365,1.60,1.60
2009.04.01 11:13:47.201,1.2327,1.23365,1.60,1.60
2009.04.01 11:13:47.491,1.23275,1.23365,1.60,1.60
2009.04.01 11:13:47.851,1.2329,1.23365,3.20,1.60
2009.04.01 11:13:53.709,1.23295,1.23365,1.60,1.60
2009.04.01 11:13:53.989,1.2327,1.23365,2.60,1.60
2009.04.01 11:13:54.099,1.2327,1.23365,1.60,1.60
2009.04.01 11:13:57.868,1.2324,1.23375,3.20,3.20
2009.04.01 11:13:59.298,1.2326,1.23375,1.60,3.20
2009.04.01 11:13:59.478,1.2326,1.23365,3.20,1.60
2009.04.01 11:13:59.658,1.2326,1.23365,1.60,1.60
2009.04.01 11:13:59.768,1.2325,1.23375,3.20,3.20
2009.04.01 11:14:01.767,1.23265,1.23365,1.60,1.60
2009.04.01 11:14:02.357,1.23275,1.23365,1.60,1.60
2009.04.01 11:14:03.857,1.23295,1.23365,1.60,1.60
2009.04.01 11:14:06.576,1.2329,1.23365,1.60,1.60
2009.04.01 11:14:15.734,1.233,1.23365,1.60,1.60
2009.04.01 11:14:16.964,1.2328,1.23365,3.20,1.60
2009.04.01 11:14:17.593,1.2328,1.23365,1.60,1.60
2009.04.01 11:14:22.052,1.23275,1.23365,1.60,1.60
2009.04.01 11:14:30.790,1.23285,1.23365,1.60,1.60
2009.04.01 11:14:31.610,1.23285,1.23375,1.60,2.80
2009.04.01 11:14:31.960,1.23265,1.23365,1.60,1.60
2009.04.01 11:14:32.410,1.23255,1.2337,3.20,1.60
2009.04.01 11:14:32.710,1.2326,1.2338,1.60,3.20
2009.04.01 11:14:32.940,1.2328,1.23375,1.60,3.20
2009.04.01 11:14:33.270,1.23265,1.23365,1.60,1.60
2009.04.01 11:14:33.709,1.2327,1.23365,1.60,1.60
2009.04.01 11:14:33.879,1.2327,1.23375,1.60,3.20
2009.04.01 11:14:34.170,1.2327,1.23365,1.60,1.60
2009.04.01 11:14:35.059,1.23265,1.2336,1.60,1.60
2009.04.01 11:14:35.349,1.23275,1.23365,1.60,1.60
2009.04.01 11:14:37.628,1.23265,1.23375,1.60,3.20
2009.04.01 11:14:38.498,1.23275,1.23365,1.60,1.60
2009.04.01 11:14:40.628,1.23265,1.23375,1.60,3.20
2009.04.01 11:14:41.708,1.23275,1.23365,1.60,1.60
2009.04.01 11:14:44.477,1.23285,1.23365,1.60,1.60
2009.04.01 11:14:45.976,1.23275,1.23365,1.60,1.60
2009.04.01 11:14:54.204,1.23265,1.23355,1.60,1.60
2009.04.01 11:14:54.365,1.23265,1.23335,1.60,1.60
2009.04.01 11:14:54.534,1.23245,1.23335,3.20,1.60
2009.04.01 11:14:55.005,1.23265,1.23335,1.60,1.60
2009.04.01 11:14:55.234,1.23265,1.23375,1.60,1.60
2009.04.01 11:14:55.404,1.23255,1.23375,1.60,1.60
2009.04.01 11:14:55.814,1.2324,1.23385,4.20,3.20
2009.04.01 11:15:00.523,1.2325,1.23375,3.20,3.20
2009.04.01 11:15:00.813,1.2326,1.23365,3.20,1.60
2009.04.01 11:15:01.093,1.2326,1.23365,1.60,1.60
2009.04.01 11:15:01.333,1.2325,1.23375,3.20,3.20
2009.04.01 11:15:01.513,1.2326,1.23365,3.20,1.60
2009.04.01 11:15:06.642,1.2327,1.23365,1.60,1.60
2009.04.01 11:15:06.761,1.233,1.23365,1.60,1.60
2009.04.01 11:15:07.392,1.2331,1.23365,1.60,1.60
2009.04.01 11:15:07.721,1.23245,1.23365,3.20,1.60
2009.04.01 11:15:17.819,1.2326,1.23365,1.60,1.60
2009.04.01 11:15:18.229,1.2325,1.23375,3.20,3.20
2009.04.01 11:15:19.758,1.2325,1.23375,1.60,4.80
2009.04.01 11:15:20.098,1.23245,1.2337,3.20,1.60
2009.04.01 11:15:20.498,1.2325,1.2337,1.60,1.60
2009.04.01 11:15:20.778,1.2325,1.23375,3.20,3.20
2009.04.01 11:15:30.346,1.23255,1.23365,1.60,1.60
2009.04.01 11:15:30.876,1.2326,1.23365,1.60,1.60
2009.04.01 11:15:31.106,1.23265,1.23365,1.60,1.60
2009.04.01 11:15:31.835,1.2327,1.23365,1.60,1.60
2009.04.01 11:15:32.096,1.23275,1.23365,1.60,1.60
2009.04.01 11:15:33.665,1.23265,1.23365,1.60,1.60
2009.04.01 11:15:35.025,1.23275,1.23365,1.60,1.60
2009.04.01 11:15:35.245,1.23235,1.23365,1.60,1.60
2009.04.01 11:15:37.924,1.2325,1.23375,1.60,3.20
2009.04.01 11:15:38.224,1.2323,1.23365,2.60,1.60
2009.04.01 11:15:38.804,1.2323,1.23365,1.60,1.60
2009.04.01 11:15:39.104,1.23215,1.2335,2.60,1.60
2009.04.01 11:15:43.173,1.23245,1.23345,1.60,1.60
2009.04.01 11:15:50.231,1.23235,1.23345,1.60,1.60
2009.04.01 11:15:50.591,1.23255,1.23345,1.60,1.60
2009.04.01 11:15:58.149,1.2326,1.23355,1.60,1.60
2009.04.01 11:15:58.479,1.2326,1.23345,1.60,1.60
2009.04.01 11:15:58.889,1.2326,1.2335,1.60,1.60
2009.04.01 11:16:02.008,1.2326,1.23345,1.60,1.60
2009.04.01 11:16:05.417,1.2326,1.23335,1.60,1.60
2009.04.01 11:16:05.758,1.2326,1.23325,1.60,1.60
2009.04.01 11:16:06.067,1.2326,1.2335,1.60,1.60
2009.04.01 11:16:35.350,1.2326,1.23365,1.60,3.60
2009.04.01 11:16:35.750,1.2326,1.2334,1.60,1.60
2009.04.01 11:16:36.030,1.2326,1.23345,1.60,2.00
2009.04.01 11:16:36.300,1.2326,1.23335,1.60,1.60
2009.04.01 11:16:37.120,1.2326,1.23345,1.60,2.00
2009.04.01 11:16:37.809,1.2326,1.2335,1.60,1.60
2009.04.01 11:16:38.139,1.2326,1.23335,1.60,1.60
2009.04.01 11:16:38.709,1.2326,1.23345,1.60,1.60
2009.04.01 11:16:39.820,1.2326,1.23365,1.60,1.60
2009.04.01 11:16:40.679,1.2326,1.2336,1.60,1.60
2009.04.01 11:16:41.309,1.2322,1.23355,3.20,1.60
2009.04.01 11:16:41.819,1.2325,1.23355,1.60,3.60
2009.04.01 11:16:41.999,1.2325,1.2334,1.60,1.60
2009.04.01 11:16:43.088,1.23265,1.23375,1.60,1.60
2009.04.01 11:16:43.368,1.23275,1.23385,1.60,3.60
2009.04.01 11:16:43.728,1.23275,1.23375,1.60,1.60
2009.04.01 11:16:44.058,1.23275,1.23375,1.60,2.80
2009.04.01 11:16:44.408,1.23255,1.2335,1.60,1.60
2009.04.01 11:16:44.698,1.23255,1.23345,1.60,1.60
2009.04.01 11:16:44.998,1.23255,1.23355,1.60,3.20
2009.04.01 11:16:45.277,1.2325,1.2336,1.60,1.60
2009.04.01 11:16:45.608,1.23255,1.23355,1.60,1.60
2009.04.01 11:16:46.178,1.23255,1.23365,1.60,1.60
2009.04.01 11:16:46.467,1.23255,1.2335,1.60,1.60
2009.04.01 11:16:47.097,1.23255,1.2336,3.20,1.60
2009.04.01 11:16:47.447,1.2326,1.23385,1.60,3.20
2009.04.01 11:16:47.857,1.2327,1.23375,1.60,1.60
2009.04.01 11:16:48.097,1.23255,1.2335,1.60,1.60
2009.04.01 11:16:48.337,1.23255,1.2336,1.60,3.60
2009.04.01 11:16:48.637,1.23255,1.2336,1.60,1.60
2009.04.01 11:16:48.987,1.23255,1.23325,1.60,2.00
2009.04.01 11:16:49.157,1.2326,1.233,1.60,1.60
2009.04.01 11:16:49.547,1.2326,1.2336,1.60,1.60
2009.04.01 11:16:50.157,1.23255,1.2335,1.60,1.60
2009.04.01 11:16:51.016,1.23255,1.23325,3.20,1.60
2009.04.01 11:16:51.366,1.23255,1.23365,3.20,5.60
2009.04.01 11:16:51.656,1.23255,1.23365,3.20,1.60
2009.04.01 11:16:55.155,1.23255,1.23365,1.60,3.20
2009.04.01 11:16:55.275,1.23255,1.23345,1.60,1.60
2009.04.01 11:16:56.285,1.23255,1.2336,1.60,5.20
2009.04.01 11:16:56.555,1.23255,1.2334,1.60,1.60
2009.04.01 11:16:57.135,1.23255,1.2335,1.60,1.60
2009.04.01 11:16:57.834,1.23255,1.23335,1.60,1.60
2009.04.01 11:16:58.184,1.23255,1.2337,1.60,2.00
2009.04.01 11:16:58.864,1.23265,1.2337,1.60,2.00
2009.04.01 11:16:59.274,1.23265,1.23375,1.60,1.60
2009.04.01 11:16:59.324,1.2332,1.23365,1.60,1.60
2009.04.01 11:16:59.614,1.23345,1.23365,1.60,1.60
2009.04.01 11:16:59.905,1.23335,1.23365,1.60,1.60
2009.04.01 11:17:01.124,1.23355,1.23365,1.60,1.60
2009.04.01 11:17:01.823,1.23355,1.23365,1.60,1.20
2009.04.01 11:17:02.344,1.23355,1.23365,1.60,1.20
2009.04.01 11:17:02.913,1.233,1.23365,1.60,1.20
2009.04.01 11:17:03.263,1.23315,1.23365,1.60,1.20
2009.04.01 11:17:03.483,1.2326,1.23365,1.60,1.20
2009.04.01 11:17:04.013,1.2325,1.23365,1.60,1.20
2009.04.01 11:17:06.112,1.23265,1.23365,3.20,1.20
2009.04.01 11:17:06.452,1.23265,1.23365,1.60,1.20
2009.04.01 11:17:06.742,1.2329,1.23365,1.60,1.20
2009.04.01 11:17:08.722,1.23315,1.23365,1.60,1.20
2009.04.01 11:17:13.191,1.2331,1.23365,1.20,1.20
2009.04.01 11:17:13.581,1.2331,1.23365,2.60,1.20
2009.04.01 11:17:13.751,1.2331,1.23365,1.20,1.20
2009.04.01 11:17:14.891,1.2331,1.23365,1.60,1.20
2009.04.01 11:17:15.300,1.23315,1.23365,1.60,1.20
2009.04.01 11:17:18.010,1.23295,1.23365,1.20,1.20
2009.04.01 11:17:18.350,1.2329,1.23365,1.60,1.20
2009.04.01 11:17:18.730,1.233,1.23365,1.60,1.20
2009.04.01 11:17:19.199,1.23295,1.23365,1.60,1.20
2009.04.01 11:17:23.688,1.23305,1.23365,1.60,1.20
2009.04.01 11:17:24.398,1.23285,1.23365,1.60,1.20
2009.04.01 11:17:25.418,1.233,1.23365,1.60,1.20
2009.04.01 11:17:25.928,1.2329,1.23365,1.60,1.20
2009.04.01 11:17:28.628,1.23305,1.23365,1.60,1.20
2009.04.01 11:17:38.175,1.23295,1.23365,1.60,1.20
2009.04.01 11:17:39.825,1.2329,1.23365,1.60,1.20
2009.04.01 11:17:41.464,1.23265,1.23365,1.60,1.20
2009.04.01 11:17:42.024,1.23275,1.23365,1.60,1.20
2009.04.01 11:17:42.724,1.2327,1.23365,1.60,1.20
2009.04.01 11:17:46.103,1.2328,1.23365,1.60,1.20
2009.04.01 11:17:48.452,1.23295,1.23365,1.60,1.20
2009.04.01 11:17:54.341,1.233,1.23365,1.60,1.20
2009.04.01 11:18:06.288,1.2329,1.23365,3.20,1.20
2009.04.01 11:18:06.468,1.2329,1.23365,1.60,1.20
2009.04.01 11:18:06.878,1.2328,1.23365,3.20,1.20
2009.04.01 11:18:12.337,1.2329,1.23365,1.60,1.20
2009.04.01 11:18:12.806,1.2328,1.23365,3.20,1.20
2009.04.01 11:18:13.706,1.23285,1.23365,1.60,1.20
2009.04.01 11:18:13.886,1.23285,1.23365,3.20,1.20
2009.04.01 11:18:13.996,1.23285,1.23365,1.60,1.20
2009.04.01 11:18:14.116,1.23275,1.23365,3.20,1.20
2009.04.01 11:18:14.446,1.23275,1.23365,1.60,1.20
2009.04.01 11:18:14.566,1.23285,1.23365,1.60,1.20
2009.04.01 11:18:18.155,1.23275,1.23365,1.60,1.20
2009.04.01 11:18:19.285,1.2327,1.23375,2.40,2.80
2009.04.01 11:18:19.535,1.23275,1.23365,1.60,1.20
2009.04.01 11:18:26.383,1.2328,1.2336,1.20,1.60
2009.04.01 11:18:27.163,1.23275,1.2337,1.60,3.20
2009.04.01 11:18:27.563,1.23275,1.23365,1.60,1.20
2009.04.01 11:18:29.672,1.2327,1.2336,2.40,1.60
2009.04.01 11:18:29.952,1.2328,1.2336,1.20,1.60
2009.04.01 11:18:31.192,1.23255,1.2336,1.60,1.60
2009.04.01 11:18:31.492,1.2327,1.2336,1.20,1.60
2009.04.01 11:18:40.889,1.23275,1.2335,1.20,1.60
2009.04.01 11:18:41.349,1.23275,1.23355,1.20,1.60
2009.04.01 11:18:45.108,1.23275,1.23345,1.20,1.60
2009.04.01 11:18:45.348,1.23275,1.2335,1.20,1.60
2009.04.01 11:18:45.918,1.23275,1.2334,1.20,1.60
2009.04.01 11:18:47.308,1.23275,1.2336,1.20,3.20
2009.04.01 11:18:47.668,1.23275,1.2336,1.20,1.60
2009.04.01 11:18:56.216,1.23275,1.2336,1.20,1.60
2009.04.01 11:18:59.895,1.23275,1.23355,1.20,1.60
2009.04.01 11:19:01.535,1.23275,1.2336,1.20,1.60
2009.04.01 11:19:04.614,1.23275,1.23355,1.20,1.60
2009.04.01 11:19:05.354,1.23275,1.2336,1.20,1.60
2009.04.01 11:19:06.554,1.23275,1.23355,1.20,1.60
2009.04.01 11:19:09.083,1.23275,1.23355,1.20,3.20
2009.04.01 11:19:13.472,1.23275,1.23355,1.20,1.60
2009.04.01 11:19:13.652,1.23275,1.23365,1.20,1.60
2009.04.01 11:19:14.451,1.23275,1.2335,1.20,1.60
2009.04.01 11:19:15.551,1.23275,1.23335,1.20,1.60
2009.04.01 11:19:15.712,1.23275,1.2333,1.20,1.60
2009.04.01 11:19:16.351,1.23275,1.23325,1.20,3.20
2009.04.01 11:19:16.751,1.23275,1.2332,1.20,1.60
2009.04.01 11:19:17.571,1.23275,1.23325,1.20,1.60
2009.04.01 11:19:17.731,1.23275,1.23335,1.20,1.60
2009.04.01 11:19:17.841,1.23275,1.2336,1.20,1.60
2009.04.01 11:19:18.351,1.23275,1.23375,1.20,1.60
2009.04.01 11:19:18.711,1.23275,1.2337,1.20,1.60
2009.04.01 11:19:19.430,1.23285,1.23365,1.60,1.20
2009.04.01 11:19:20.570,1.2328,1.23375,1.60,4.40
2009.04.01 11:19:21.140,1.2328,1.23375,1.60,7.80
2009.04.01 11:19:21.370,1.2328,1.2336,1.60,1.60
2009.04.01 11:19:21.590,1.2328,1.23355,1.60,1.60
2009.04.01 11:19:21.830,1.23275,1.23355,1.20,1.60
2009.04.01 11:19:22.060,1.23275,1.2335,1.20,1.60
2009.04.01 11:19:22.579,1.23275,1.2335,1.20,3.20
2009.04.01 11:19:22.869,1.23275,1.23345,1.20,1.60
2009.04.01 11:19:23.159,1.23275,1.23355,1.20,1.60
2009.04.01 11:19:27.799,1.23275,1.2335,1.20,1.60
2009.04.01 11:19:30.248,1.23275,1.2333,1.20,1.60
2009.04.01 11:19:30.648,1.23275,1.2333,1.20,3.20
2009.04.01 11:19:33.547,1.23275,1.23315,1.20,1.60
2009.04.01 11:19:33.847,1.23275,1.23305,1.20,1.60
2009.04.01 11:19:34.187,1.23275,1.23345,1.20,1.60
2009.04.01 11:19:34.427,1.23275,1.2335,1.20,1.60
2009.04.01 11:19:34.707,1.23275,1.2336,1.20,3.20
2009.04.01 11:19:34.937,1.23275,1.2336,1.20,1.60
2009.04.01 11:19:36.226,1.23275,1.2335,1.20,3.20
2009.04.01 11:19:36.626,1.23275,1.2335,1.20,1.60
2009.04.01 11:19:38.166,1.23275,1.2334,1.20,1.60
2009.04.01 11:20:10.088,1.23275,1.23305,1.20,1.60
2009.04.01 11:20:10.488,1.23275,1.233,1.20,1.60
2009.04.01 11:20:11.408,1.23275,1.2329,1.20,3.20
2009.04.01 11:20:11.738,1.23275,1.2329,1.20,1.60
2009.04.01 11:20:12.378,1.23275,1.2333,1.20,1.60
2009.04.01 11:20:13.147,1.23275,1.23335,1.20,1.60
2009.04.01 11:20:13.777,1.23275,1.2332,1.20,1.60
2009.04.01 11:20:14.767,1.23275,1.2334,1.20,1.60
2009.04.01 11:20:15.277,1.23275,1.23345,1.20,1.60
2009.04.01 11:20:16.187,1.23275,1.2335,1.20,1.60
2009.04.01 11:20:16.487,1.23275,1.2334,1.20,1.60
2009.04.01 11:20:18.166,1.23275,1.23345,1.20,1.60
2009.04.01 11:20:18.856,1.23275,1.2334,1.20,1.60
2009.04.01 11:20:20.586,1.23275,1.2335,1.20,1.60
2009.04.01 11:20:21.155,1.23275,1.23345,1.20,1.60
2009.04.01 11:20:21.706,1.2328,1.2338,1.20,1.60
2009.04.01 11:20:22.005,1.2328,1.23375,1.20,1.20
2009.04.01 11:20:27.284,1.2328,1.23375,1.20,2.80
2009.04.01 11:20:27.794,1.2328,1.23365,1.20,1.20
2009.04.01 11:20:31.213,1.2328,1.2337,1.20,1.60
2009.04.01 11:20:31.962,1.2328,1.23375,1.20,2.80
2009.04.01 11:20:32.713,1.2328,1.23365,1.20,1.20
2009.04.01 11:20:40.111,1.2328,1.2334,1.20,1.60
2009.04.01 11:20:41.290,1.2328,1.2335,1.20,3.20
2009.04.01 11:20:41.891,1.2328,1.23345,1.20,1.60
2009.04.01 11:20:47.279,1.2328,1.2335,1.20,1.60
2009.04.01 11:20:48.119,1.2324,1.2335,3.20,1.60
2009.04.01 11:20:48.339,1.23265,1.2335,1.20,1.60
2009.04.01 11:20:48.878,1.23265,1.2335,1.20,3.20
2009.04.01 11:20:49.049,1.23265,1.23345,1.20,1.60
2009.04.01 11:20:49.968,1.23275,1.2337,1.20,1.20
2009.04.01 11:20:51.398,1.2328,1.23365,1.20,1.20
2009.04.01 11:20:52.378,1.2328,1.23365,1.20,1.60
2009.04.01 11:20:52.658,1.2328,1.23365,1.20,1.20
2009.04.01 11:20:53.917,1.2328,1.23375,1.20,2.80
2009.04.01 11:21:02.335,1.2328,1.23365,1.20,1.60
2009.04.01 11:21:04.235,1.2328,1.23375,1.20,2.80
2009.04.01 11:21:17.272,1.2327,1.23365,2.40,1.20
2009.04.01 11:21:17.502,1.2328,1.23365,1.60,1.20
2009.04.01 11:21:17.792,1.2328,1.2337,1.20,1.60
2009.04.01 11:21:18.391,1.2328,1.23375,1.20,2.80
2009.04.01 11:21:19.431,1.2328,1.23365,1.20,1.20
2009.04.01 11:21:22.311,1.2327,1.23365,2.40,1.20
2009.04.01 11:21:34.168,1.2327,1.23365,2.40,1.20
2009.04.01 11:21:35.018,1.2327,1.23365,3.40,1.20
2009.04.01 11:21:35.368,1.2327,1.23365,5.00,1.20
2009.04.01 11:21:35.728,1.2328,1.23365,1.20,1.20
2009.04.01 11:21:40.146,1.23275,1.23365,1.60,1.20
2009.04.01 11:21:40.666,1.23285,1.23365,1.20,1.20
2009.04.01 11:21:40.966,1.2328,1.23365,1.80,1.20
2009.04.01 11:21:41.486,1.23275,1.23365,1.60,1.20
2009.04.01 11:21:43.995,1.2328,1.23365,1.20,1.20
2009.04.01 11:21:44.446,1.2328,1.23375,1.20,2.80
2009.04.01 11:21:44.805,1.2328,1.23365,1.20,1.20
2009.04.01 11:21:45.385,1.2328,1.23355,1.20,1.60
2009.04.01 11:21:45.605,1.2328,1.2337,1.20,1.20
2009.04.01 11:21:45.845,1.2328,1.23375,1.20,1.60
2009.04.01 11:21:46.085,1.23255,1.23375,1.60,1.60
2009.04.01 11:21:47.175,1.2325,1.2337,4.20,1.60
2009.04.01 11:21:47.405,1.2325,1.2337,2.60,1.60
2009.04.01 11:21:48.434,1.2326,1.2337,1.20,1.60
2009.04.01 11:21:48.714,1.2326,1.23365,1.20,1.20
2009.04.01 11:21:49.054,1.23265,1.23365,1.60,1.20
2009.04.01 11:21:50.424,1.23245,1.2337,4.20,1.60
2009.04.01 11:21:52.873,1.2325,1.2337,3.20,1.60
2009.04.01 11:21:53.943,1.2325,1.2337,1.60,1.60
2009.04.01 11:21:55.722,1.2325,1.2337,3.20,1.60
2009.04.01 11:21:56.702,1.23255,1.2337,1.60,1.60
2009.04.01 11:21:57.032,1.2327,1.2337,1.60,1.60
2009.04.01 11:21:57.322,1.2327,1.23365,1.60,1.20
2009.04.01 11:21:59.822,1.23285,1.23365,1.60,1.20
2009.04.01 11:22:07.949,1.2329,1.23365,1.60,1.20
2009.04.01 11:22:10.969,1.23315,1.23365,1.60,1.20
2009.04.01 11:22:11.149,1.2332,1.23365,1.60,1.20
2009.04.01 11:22:11.429,1.2328,1.23365,1.60,1.20
2009.04.01 11:22:11.708,1.23275,1.23365,1.60,1.20
2009.04.01 11:22:14.318,1.23285,1.23365,1.60,1.20
2009.04.01 11:22:17.297,1.2329,1.23365,1.60,1.20
2009.04.01 11:22:25.835,1.23315,1.23365,1.60,1.20
2009.04.01 11:22:27.694,1.23335,1.23365,1.60,1.20
2009.04.01 11:22:27.874,1.23275,1.23365,1.60,1.20
2009.04.01 11:22:30.064,1.233,1.23365,1.60,1.20
2009.04.01 11:22:52.409,1.23295,1.23365,1.60,1.20
2009.04.01 11:22:53.039,1.23285,1.2337,1.60,1.60
2009.04.01 11:22:53.199,1.2325,1.23365,1.60,1.20
2009.04.01 11:22:53.419,1.23285,1.23365,1.60,1.20
2009.04.01 11:22:53.718,1.2326,1.23365,1.60,1.20
2009.04.01 11:22:54.018,1.23265,1.23365,1.60,1.20
2009.04.01 11:22:55.338,1.2327,1.23365,1.60,1.20
2009.04.01 11:23:01.457,1.23275,1.23365,1.60,1.20
2009.04.01 11:23:02.496,1.23285,1.23365,1.60,1.20
2009.04.01 11:23:04.746,1.23295,1.23365,1.60,1.20
2009.04.01 11:23:05.256,1.23285,1.23365,1.60,1.20
2009.04.01 11:23:05.646,1.23295,1.23365,1.60,1.20
2009.04.01 11:23:06.405,1.23285,1.23365,1.60,1.20
2009.04.01 11:23:07.775,1.2329,1.23365,1.60,1.20
2009.04.01 11:23:08.115,1.2329,1.23375,1.60,1.20
2009.04.01 11:23:10.574,1.233,1.23375,1.60,1.20
2009.04.01 11:23:13.134,1.2331,1.23375,1.60,1.20
2009.04.01 11:23:15.333,1.23285,1.23375,2.60,1.20
2009.04.01 11:23:15.673,1.23285,1.23375,1.20,1.20
2009.04.01 11:23:16.553,1.23295,1.23375,1.20,1.20
2009.04.01 11:23:17.063,1.23305,1.23375,1.60,1.20
2009.04.01 11:23:17.803,1.23315,1.23375,1.60,1.20
2009.04.01 11:23:20.612,1.23305,1.23375,1.20,1.20
2009.04.01 11:23:26.651,1.23305,1.23375,2.60,1.20
2009.04.01 11:23:26.830,1.2332,1.23375,1.60,1.20
2009.04.01 11:23:28.210,1.2332,1.23375,1.60,1.20
2009.04.01 11:23:30.600,1.23315,1.23375,1.60,1.20
2009.04.01 11:23:31.849,1.2332,1.23375,1.60,1.20
2009.04.01 11:23:33.049,1.23295,1.23375,2.60,1.20
2009.04.01 11:23:37.658,1.233,1.23375,1.20,1.20
2009.04.01 11:23:37.818,1.23295,1.23375,1.60,1.20
2009.04.01 11:23:39.657,1.233,1.23375,1.60,1.20
2009.04.01 11:23:42.186,1.23305,1.23375,1.60,1.20
2009.04.01 11:23:42.357,1.23315,1.23375,1.60,1.20
2009.04.01 11:23:53.444,1.23315,1.23375,1.60,1.20
2009.04.01 11:23:54.184,1.2332,1.23375,1.60,1.20
2009.04.01 11:24:06.661,1.2333,1.23375,1.60,1.20
2009.04.01 11:24:11.920,1.23335,1.23375,1.60,1.20
2009.04.01 11:24:12.209,1.23345,1.23375,1.20,1.20
2009.04.01 11:24:12.490,1.2335,1.23375,1.60,1.20
2009.04.01 11:24:15.929,1.23365,1.23375,1.60,1.20
2009.04.01 11:24:16.339,1.23345,1.23375,3.20,1.20
2009.04.01 11:24:16.749,1.23345,1.23375,3.20,1.20
2009.04.01 11:24:16.918,1.23345,1.23375,1.60,1.20
2009.04.01 11:24:18.248,1.2333,1.23375,1.60,1.20
2009.04.01 11:24:19.628,1.23345,1.23375,1.60,1.20
2009.04.01 11:24:24.316,1.2334,1.23375,1.60,1.20
2009.04.01 11:24:25.306,1.2335,1.23375,1.60,1.20
2009.04.01 11:24:32.065,1.23365,1.23495,1.60,1.60
2009.04.01 11:24:32.514,1.2338,1.23495,1.60,1.60
2009.04.01 11:24:32.734,1.2338,1.23485,1.60,3.20
2009.04.01 11:24:34.384,1.23375,1.23475,1.60,1.60
2009.04.01 11:24:34.674,1.23375,1.23475,1.60,3.20
2009.04.01 11:24:35.474,1.23365,1.23465,1.60,1.60
2009.04.01 11:24:35.874,1.2338,1.23465,1.60,3.20
2009.04.01 11:24:36.104,1.2339,1.23465,1.60,1.60
2009.04.01 11:24:36.494,1.2339,1.23505,1.60,1.60
2009.04.01 11:24:36.724,1.2339,1.23505,1.60,3.20
2009.04.01 11:24:42.062,1.23335,1.2344,1.60,1.60
2009.04.01 11:24:42.292,1.2335,1.2344,1.20,1.60
2009.04.01 11:24:42.462,1.2335,1.2342,1.20,1.60
2009.04.01 11:24:42.982,1.2334,1.2342,1.20,1.60
2009.04.01 11:24:43.272,1.2334,1.2339,1.20,1.60
2009.04.01 11:24:43.672,1.23345,1.23385,1.20,1.60
2009.04.01 11:24:46.571,1.23335,1.2346,1.20,1.60
2009.04.01 11:24:49.060,1.23335,1.23465,2.60,1.60
2009.04.01 11:24:53.189,1.2335,1.2346,1.20,1.60
2009.04.01 11:24:53.419,1.23375,1.2346,1.60,1.60
2009.04.01 11:24:53.590,1.23375,1.23505,1.60,1.60
2009.04.01 11:24:55.699,1.23385,1.2347,1.60,1.20
2009.04.01 11:24:56.049,1.23345,1.23445,4.00,1.60
2009.04.01 11:24:56.279,1.23375,1.23445,1.60,1.60
2009.04.01 11:24:56.449,1.2338,1.23515,1.60,1.60
2009.04.01 11:24:56.668,1.2338,1.2352,1.60,1.60
2009.04.01 11:24:57.229,1.23385,1.2351,3.20,1.60
2009.04.01 11:24:57.409,1.23385,1.2351,1.60,1.60
2009.04.01 11:25:02.847,1.23365,1.2349,4.20,1.60
2009.04.01 11:25:03.247,1.2337,1.235,1.60,1.60
2009.04.01 11:25:03.837,1.23365,1.23495,2.60,1.60
2009.04.01 11:25:11.015,1.2337,1.23495,1.60,1.60
2009.04.01 11:25:16.714,1.23365,1.2349,1.60,1.60
2009.04.01 11:25:17.404,1.23375,1.235,1.60,1.60
2009.04.01 11:25:17.674,1.23385,1.2351,1.60,3.20
2009.04.01 11:25:18.123,1.2339,1.2351,1.60,3.60
2009.04.01 11:25:18.883,1.23385,1.2351,1.60,5.20
2009.04.01 11:25:20.433,1.2339,1.2351,1.60,3.20
2009.04.01 11:25:20.773,1.234,1.235,1.60,1.60
2009.04.01 11:25:20.893,1.23395,1.235,1.60,1.60
2009.04.01 11:25:28.521,1.2341,1.23525,1.60,1.60
2009.04.01 11:25:29.381,1.234,1.23525,1.60,3.20
2009.04.01 11:25:29.621,1.23405,1.2353,1.60,1.60
2009.04.01 11:25:30.820,1.2342,1.2353,1.60,1.60
2009.04.01 11:25:30.930,1.23415,1.2353,1.60,3.20
2009.04.01 11:25:31.340,1.23415,1.2353,1.60,1.60
2009.04.01 11:25:34.469,1.23425,1.23535,1.60,1.60
2009.04.01 11:25:34.639,1.23425,1.2354,1.60,1.60
2009.04.01 11:25:36.099,1.2342,1.23525,1.60,1.60
2009.04.01 11:25:36.749,1.2341,1.23525,1.60,3.20
2009.04.01 11:25:38.119,1.2341,1.2351,1.60,1.20
2009.04.01 11:25:38.349,1.23405,1.23505,1.60,1.60
2009.04.01 11:25:39.428,1.23405,1.235,1.60,1.20
2009.04.01 11:25:39.888,1.23405,1.23505,1.60,1.60
2009.04.01 11:25:43.937,1.2341,1.2352,1.60,3.20
2009.04.01 11:25:47.506,1.23355,1.2346,3.20,2.00
2009.04.01 11:25:47.736,1.23365,1.2343,1.60,1.60
2009.04.01 11:25:47.896,1.23315,1.2343,1.60,1.60
2009.04.01 11:25:51.775,1.23325,1.2338,1.60,1.60
2009.04.01 11:25:51.945,1.23355,1.2347,1.60,1.60
2009.04.01 11:25:52.065,1.2338,1.2347,1.60,1.60
2009.04.01 11:25:52.245,1.2337,1.23495,1.60,3.20
2009.04.01 11:25:52.475,1.2337,1.23495,1.60,1.60
2009.04.01 11:25:54.355,1.2338,1.2348,1.60,2.80
2009.04.01 11:25:54.525,1.2336,1.23465,1.60,1.60
2009.04.01 11:25:54.754,1.23365,1.2346,1.60,1.60
2009.04.01 11:25:55.054,1.23315,1.2346,3.20,1.60
2009.04.01 11:25:55.294,1.23335,1.2348,1.60,3.60
2009.04.01 11:25:57.004,1.2335,1.23475,1.60,1.60
2009.04.01 11:25:57.414,1.2336,1.23485,1.60,3.60
2009.04.01 11:26:01.063,1.234,1.23485,1.60,2.00
2009.04.01 11:26:01.123,1.234,1.2354,1.60,1.60
2009.04.01 11:26:05.672,1.23405,1.23515,1.60,1.60
2009.04.01 11:26:05.962,1.234,1.23515,3.20,1.60
2009.04.01 11:26:06.712,1.234,1.2351,1.60,1.60
2009.04.01 11:26:07.052,1.23375,1.23495,3.20,1.60
2009.04.01 11:26:07.412,1.23395,1.23505,1.60,1.60
2009.04.01 11:26:08.771,1.2339,1.2349,1.60,1.60
2009.04.01 11:26:09.071,1.234,1.235,1.60,3.20
2009.04.01 11:26:09.351,1.234,1.23485,1.60,2.00
2009.04.01 11:26:09.641,1.23355,1.2346,2.40,1.60
2009.04.01 11:26:10.241,1.23355,1.2347,2.40,1.60
2009.04.01 11:26:10.531,1.23355,1.2346,2.40,1.60
2009.04.01 11:26:11.051,1.23365,1.23455,2.40,1.60
2009.04.01 11:26:12.610,1.23365,1.23445,2.40,1.60
2009.04.01 11:26:13.580,1.23365,1.2344,2.40,1.60
2009.04.01 11:26:13.850,1.23365,1.23435,2.40,1.60
2009.04.01 11:26:14.180,1.23365,1.23445,2.40,1.60
2009.04.01 11:26:15.410,1.23365,1.23455,2.40,1.60
2009.04.01 11:26:16.909,1.23325,1.23455,1.60,1.60
2009.04.01 11:26:18.309,1.2333,1.23455,2.60,1.60
2009.04.01 11:26:18.879,1.2334,1.23455,1.60,1.60
2009.04.01 11:26:18.939,1.2335,1.2348,1.60,1.60
2009.04.01 11:26:19.159,1.23345,1.23475,1.60,1.60
2009.04.01 11:26:19.399,1.23355,1.23475,1.60,1.60
2009.04.01 11:26:19.648,1.2336,1.2349,1.60,3.60
2009.04.01 11:26:22.028,1.2337,1.23485,1.60,3.60
2009.04.01 11:26:22.198,1.2337,1.23485,3.20,2.00
2009.04.01 11:26:22.368,1.23375,1.23505,1.60,3.60
2009.04.01 11:26:22.778,1.23375,1.23505,1.60,1.60
2009.04.01 11:26:26.447,1.2338,1.235,1.60,1.60
2009.04.01 11:26:26.627,1.2338,1.23495,1.60,2.00
2009.04.01 11:26:26.857,1.2337,1.23495,1.60,3.60
2009.04.01 11:26:27.097,1.2336,1.23485,1.60,1.60
2009.04.01 11:26:27.437,1.2335,1.23475,1.60,1.60
2009.04.01 11:26:27.897,1.23355,1.2348,1.60,1.60
2009.04.01 11:26:29.196,1.2335,1.23475,1.60,1.60
2009.04.01 11:26:33.465,1.23355,1.2348,1.60,1.60
2009.04.01 11:26:35.585,1.2336,1.23485,1.60,1.60
2009.04.01 11:26:47.102,1.2336,1.23475,1.60,1.60
2009.04.01 11:26:47.402,1.23375,1.23475,1.60,1.60
2009.04.01 11:26:47.522,1.23375,1.23495,1.60,1.60
2009.04.01 11:26:49.141,1.23385,1.23495,1.60,1.60
2009.04.01 11:26:49.761,1.2338,1.2349,1.60,1.60
2009.04.01 11:26:52.780,1.23385,1.23495,1.60,1.60
2009.04.01 11:26:53.010,1.23385,1.23505,1.60,5.20
2009.04.01 11:26:53.511,1.23385,1.23495,1.60,1.60
2009.04.01 11:26:55.170,1.23365,1.23485,1.60,3.20
2009.04.01 11:26:55.400,1.2336,1.23475,1.60,1.60
2009.04.01 11:26:55.700,1.2336,1.2347,1.60,1.60
2009.04.01 11:26:55.940,1.23365,1.2347,1.60,1.60
2009.04.01 11:26:56.290,1.2337,1.23475,1.60,1.60
2009.04.01 11:26:56.790,1.23385,1.235,1.60,1.60
2009.04.01 11:26:57.260,1.23385,1.23485,1.60,1.60
2009.04.01 11:26:57.590,1.2338,1.2349,1.60,1.60
2009.04.01 11:26:57.879,1.23385,1.23495,1.60,1.60
2009.04.01 11:26:58.179,1.2338,1.23495,1.60,3.20
2009.04.01 11:26:58.469,1.2338,1.23485,1.60,1.60
2009.04.01 11:27:03.248,1.2336,1.2346,1.60,1.60
2009.04.01 11:27:03.578,1.2336,1.2345,1.60,1.60
2009.04.01 11:27:03.748,1.23345,1.2345,1.60,1.60
2009.04.01 11:27:03.908,1.23345,1.23475,1.60,1.60
2009.04.01 11:27:04.198,1.23345,1.23485,1.60,3.20
2009.04.01 11:27:04.378,1.23345,1.23465,1.60,1.60
2009.04.01 11:27:04.918,1.2335,1.2347,1.60,3.20
2009.04.01 11:27:06.837,1.23365,1.2348,1.60,1.60
2009.04.01 11:27:07.127,1.23365,1.23485,1.60,1.60
2009.04.01 11:27:07.517,1.23365,1.2349,1.60,5.20
2009.04.01 11:27:10.007,1.2337,1.2349,1.60,3.20
2009.04.01 11:27:14.326,1.23365,1.2348,3.20,1.60
2009.04.01 11:27:14.675,1.2337,1.23495,1.60,5.20
2009.04.01 11:27:14.975,1.2337,1.23475,1.60,2.00
2009.04.01 11:27:15.315,1.23345,1.2347,1.60,1.60
2009.04.01 11:27:15.425,1.23345,1.2346,1.60,1.60
2009.04.01 11:27:15.645,1.23345,1.2348,1.60,3.20
2009.04.01 11:27:16.085,1.23345,1.2347,1.60,1.60
2009.04.01 11:27:16.725,1.2335,1.23475,3.20,1.60
2009.04.01 11:27:17.065,1.23355,1.2348,1.60,1.60
2009.04.01 11:27:19.064,1.23365,1.23475,1.60,1.60
2009.04.01 11:27:20.014,1.23345,1.2347,1.60,3.20
2009.04.01 11:27:20.184,1.2334,1.2347,1.60,3.20
2009.04.01 11:27:20.584,1.23335,1.2346,1.60,1.60
2009.04.01 11:27:22.763,1.2335,1.2346,1.60,1.60
2009.04.01 11:27:23.383,1.2335,1.2347,1.60,3.20
2009.04.01 11:27:23.733,1.2335,1.2347,1.60,1.60
2009.04.01 11:27:24.143,1.2335,1.23475,3.20,1.60
2009.04.01 11:27:24.203,1.2336,1.23485,1.60,3.20
2009.04.01 11:27:24.733,1.23355,1.2348,1.60,1.60
2009.04.01 11:27:26.602,1.23355,1.2347,1.60,1.60
2009.04.01 11:27:26.842,1.2335,1.2347,1.60,3.20
2009.04.01 11:27:27.363,1.2335,1.2347,3.20,1.60
2009.04.01 11:27:27.882,1.2335,1.2347,1.60,3.20
2009.04.01 11:27:29.212,1.2335,1.2347,1.60,1.60
2009.04.01 11:27:29.442,1.2335,1.23475,3.20,1.60
2009.04.01 11:27:31.491,1.2335,1.23475,4.80,1.60
2009.04.01 11:27:31.661,1.23365,1.23485,1.60,1.60
2009.04.01 11:27:32.121,1.23365,1.2349,1.60,5.20
2009.04.01 11:27:33.051,1.2337,1.23485,1.60,1.60
2009.04.01 11:27:33.871,1.23365,1.23485,1.60,1.60
2009.04.01 11:27:34.201,1.23355,1.2348,1.60,1.60
2009.04.01 11:27:34.610,1.23355,1.2346,1.60,1.60
2009.04.01 11:27:34.791,1.23315,1.23455,3.20,1.60
2009.04.01 11:27:34.910,1.2334,1.23455,1.60,1.60
2009.04.01 11:27:35.310,1.2335,1.2349,1.20,1.60
2009.04.01 11:27:35.370,1.2336,1.2349,1.60,1.60
2009.04.01 11:27:35.600,1.23365,1.2351,1.60,1.60
2009.04.01 11:27:35.900,1.2338,1.2352,1.60,3.60
2009.04.01 11:27:36.130,1.2338,1.23515,1.60,1.60
2009.04.01 11:27:36.640,1.2337,1.23495,3.20,1.60
2009.04.01 11:27:36.920,1.23385,1.23515,1.60,3.60
2009.04.01 11:27:37.160,1.2339,1.23525,1.60,3.60
2009.04.01 11:27:48.207,1.23395,1.2352,1.60,1.60
2009.04.01 11:27:49.037,1.23395,1.2352,2.60,1.60
2009.04.01 11:27:49.377,1.234,1.2352,1.60,1.60
2009.04.01 11:27:49.897,1.23405,1.2353,1.60,1.60
2009.04.01 11:27:52.926,1.23405,1.2353,1.60,3.20
2009.04.01 11:27:53.486,1.23415,1.2353,1.20,1.60
2009.04.01 11:27:53.766,1.2343,1.2353,1.60,1.60
2009.04.01 11:27:54.066,1.23425,1.23535,1.60,1.60
2009.04.01 11:27:54.416,1.23405,1.2354,1.60,2.80
2009.04.01 11:27:54.766,1.23405,1.2354,1.60,1.60
2009.04.01 11:27:55.156,1.2342,1.23545,1.60,1.60
2009.04.01 11:27:57.935,1.23425,1.2355,1.60,1.60
2009.04.01 11:27:58.845,1.23405,1.23535,1.60,1.60
2009.04.01 11:28:00.644,1.23415,1.2354,1.60,1.60
2009.04.01 11:28:08.172,1.2341,1.23515,1.60,1.20
2009.04.01 11:28:08.502,1.23385,1.23525,1.60,2.80
2009.04.01 11:28:08.832,1.23375,1.23515,1.60,1.60
2009.04.01 11:28:09.822,1.2339,1.23515,1.60,5.00
2009.04.01 11:28:10.212,1.2338,1.23505,1.60,1.60
2009.04.01 11:28:13.581,1.2339,1.23515,1.60,5.00
2009.04.01 11:28:14.151,1.2338,1.23505,1.60,1.60
2009.04.01 11:28:14.381,1.2339,1.23515,1.60,2.80
2009.04.01 11:28:15.141,1.2339,1.2351,1.60,2.00
2009.04.01 11:28:15.561,1.2338,1.23505,1.60,1.60
2009.04.01 11:28:21.659,1.2339,1.23515,1.60,5.00
2009.04.01 11:28:22.229,1.2339,1.2351,1.60,2.00
2009.04.01 11:28:22.469,1.2338,1.23505,1.60,1.60
2009.04.01 11:28:22.689,1.23375,1.23495,1.60,1.60
2009.04.01 11:28:23.719,1.23375,1.2349,1.60,1.60
2009.04.01 11:28:24.078,1.23375,1.23485,1.60,5.00
2009.04.01 11:28:24.298,1.2335,1.2348,1.60,1.60
2009.04.01 11:28:24.818,1.2334,1.2347,1.60,1.60
2009.04.01 11:28:25.178,1.2334,1.2347,2.60,1.60
2009.04.01 11:28:25.350,1.2336,1.23475,1.60,1.20
2009.04.01 11:28:25.768,1.2336,1.23485,1.60,3.40
2009.04.01 11:28:25.998,1.2334,1.23475,1.60,1.60
2009.04.01 11:28:27.308,1.23335,1.2346,1.60,1.60
2009.04.01 11:28:29.517,1.23345,1.2347,1.60,1.60
2009.04.01 11:28:29.877,1.23355,1.2348,1.60,1.60
2009.04.01 11:28:31.498,1.23365,1.23475,1.60,1.20
2009.04.01 11:28:35.545,1.23365,1.23495,1.60,1.60
2009.04.01 11:28:36.116,1.23375,1.235,1.60,1.60
2009.04.01 11:28:42.834,1.2338,1.23505,1.60,2.80
2009.04.01 11:28:47.513,1.2338,1.235,1.60,1.60
2009.04.01 11:28:48.153,1.2338,1.23505,1.60,2.80
2009.04.01 11:28:50.032,1.23385,1.23505,1.60,2.80
2009.04.01 11:28:50.262,1.23395,1.23495,1.60,1.20
2009.04.01 11:28:55.711,1.23385,1.2349,1.60,1.20
2009.04.01 11:28:55.771,1.2339,1.2349,1.60,1.20
2009.04.01 11:28:56.201,1.23385,1.2349,1.60,1.20
2009.04.01 11:28:56.541,1.2338,1.2349,1.60,1.20
2009.04.01 11:28:56.960,1.2338,1.23485,1.60,1.20
2009.04.01 11:28:57.460,1.2338,1.2351,1.60,1.60
2009.04.01 11:28:57.870,1.2339,1.2352,3.20,1.60
2009.04.01 11:28:58.280,1.23395,1.23515,1.60,1.20
2009.04.01 11:28:58.920,1.234,1.23515,1.60,1.60
2009.04.01 11:28:59.150,1.23395,1.23515,3.20,1.60
2009.04.01 11:29:00.969,1.23395,1.23515,3.20,3.60
2009.04.01 11:29:01.250,1.23395,1.235,3.20,1.20
2009.04.01 11:29:01.479,1.23395,1.235,1.60,1.20
2009.04.01 11:29:02.039,1.23395,1.2351,1.60,2.80
2009.04.01 11:29:02.259,1.2339,1.23505,1.60,2.80
2009.04.01 11:29:02.599,1.2339,1.23505,1.60,4.00
2009.04.01 11:29:02.889,1.2337,1.2349,1.60,1.60
2009.04.01 11:29:03.159,1.2337,1.23495,1.60,2.80
2009.04.01 11:29:03.619,1.2337,1.2349,3.20,1.60
2009.04.01 11:29:04.099,1.23375,1.23485,1.60,1.60
2009.04.01 11:29:06.119,1.23375,1.2349,1.60,2.80
2009.04.01 11:29:06.228,1.23375,1.2349,1.60,1.60
2009.04.01 11:29:06.398,1.23375,1.23495,3.20,1.60
2009.04.01 11:29:06.808,1.23375,1.23485,3.20,1.60
2009.04.01 11:29:07.148,1.23375,1.23485,1.60,1.60
2009.04.01 11:29:09.738,1.2338,1.2349,1.60,1.60
2009.04.01 11:29:09.907,1.23375,1.2349,1.60,1.60
2009.04.01 11:29:10.087,1.23385,1.23495,1.60,1.60
2009.04.01 11:29:10.257,1.23375,1.23495,3.20,1.60
2009.04.01 11:29:12.377,1.2338,1.235,1.60,1.60
2009.04.01 11:29:12.607,1.2338,1.23505,3.20,2.80
2009.04.01 11:29:14.186,1.2339,1.23495,1.60,1.20
2009.04.01 11:29:14.646,1.2338,1.23505,1.60,2.80
2009.04.01 11:29:15.846,1.2338,1.23505,1.60,1.60
2009.04.01 11:29:16.366,1.2339,1.23515,1.60,1.60
2009.04.01 11:29:18.875,1.23395,1.2352,1.60,3.60
2009.04.01 11:29:20.195,1.23395,1.2351,1.60,1.60
2009.04.01 11:29:20.435,1.2339,1.2351,1.60,3.20
2009.04.01 11:29:22.174,1.2339,1.2351,1.60,1.60
2009.04.01 11:29:22.934,1.23395,1.2352,1.60,1.60
2009.04.01 11:29:23.394,1.23395,1.2352,1.60,3.60
2009.04.01 11:29:25.014,1.23395,1.23515,1.60,1.60
2009.04.01 11:29:25.684,1.23395,1.2352,1.60,3.60
2009.04.01 11:29:26.093,1.23395,1.23515,1.60,1.60
2009.04.01 11:29:26.323,1.23395,1.2352,1.60,1.60
2009.04.01 11:29:26.973,1.23405,1.2353,1.60,5.20
2009.04.01 11:29:27.853,1.23405,1.2352,1.60,2.00
2009.04.01 11:29:28.023,1.2339,1.2352,1.60,3.60
2009.04.01 11:29:29.113,1.23395,1.23515,1.60,1.60
2009.04.01 11:29:30.362,1.23395,1.2351,1.60,1.60
2009.04.01 11:29:30.593,1.2339,1.2351,1.60,3.20
2009.04.01 11:29:31.702,1.2339,1.2351,1.60,1.60
2009.04.01 11:29:31.933,1.23395,1.23515,1.60,2.00
2009.04.01 11:29:32.412,1.23395,1.2352,1.60,3.60
2009.04.01 11:29:32.912,1.23405,1.2353,1.60,5.20
2009.04.01 11:29:33.262,1.23405,1.2353,3.20,5.20
2009.04.01 11:29:33.482,1.23415,1.2353,1.60,1.60
2009.04.01 11:29:43.749,1.2342,1.2353,1.60,1.60
2009.04.01 11:29:45.999,1.23415,1.2353,1.60,1.60
2009.04.01 11:29:48.808,1.23425,1.23535,1.60,3.20
2009.04.01 11:29:48.978,1.23425,1.23535,3.20,1.60
2009.04.01 11:29:53.367,1.23425,1.23525,1.60,1.60
2009.04.01 11:29:53.877,1.23425,1.23515,1.60,1.60
2009.04.01 11:29:53.997,1.23405,1.23515,4.80,1.60
2009.04.01 11:29:54.797,1.2341,1.23515,1.60,1.60
2009.04.01 11:29:55.487,1.23415,1.23515,3.20,1.60
2009.04.01 11:29:55.716,1.2342,1.23515,1.60,1.60
2009.04.01 11:29:56.056,1.2341,1.23505,1.60,1.60
2009.04.01 11:29:56.266,1.2341,1.235,1.60,1.60
2009.04.01 11:29:56.326,1.234,1.235,3.20,1.60
2009.04.01 11:29:58.976,1.23405,1.23505,1.60,1.60
2009.04.01 11:29:59.775,1.2341,1.23525,1.60,1.60
2009.04.01 11:29:59.945,1.23405,1.2353,1.60,1.60
2009.04.01 11:30:00.236,1.2341,1.2354,1.60,3.20
2009.04.01 11:30:00.565,1.2342,1.2354,1.60,1.60
2009.04.01 11:30:00.845,1.23425,1.23535,1.60,1.60
2009.04.01 11:30:01.075,1.2343,1.23535,1.60,1.60
2009.04.01 11:30:01.315,1.2343,1.2353,1.60,1.60
2009.04.01 11:30:02.325,1.2341,1.2353,1.60,1.60
2009.04.01 11:30:02.665,1.2341,1.2352,1.60,1.60
2009.04.01 11:30:02.994,1.23405,1.23505,1.60,1.60
2009.04.01 11:30:03.334,1.23385,1.23505,3.20,1.60
2009.04.01 11:30:03.674,1.2339,1.2352,1.60,3.20
2009.04.01 11:30:04.114,1.23395,1.2353,1.60,1.60
2009.04.01 11:30:04.624,1.23405,1.23535,1.60,3.20
2009.04.01 11:30:04.964,1.2341,1.23525,1.60,2.00
2009.04.01 11:30:05.264,1.2337,1.23505,3.20,1.60
2009.04.01 11:30:06.534,1.23395,1.235,1.60,1.60
2009.04.01 11:30:07.993,1.23395,1.2349,1.60,1.60
2009.04.01 11:30:08.913,1.234,1.23505,1.60,1.60
2009.04.01 11:30:10.243,1.2341,1.235,1.60,1.60
2009.04.01 11:30:11.713,1.23425,1.2352,1.60,1.60
2009.04.01 11:30:12.192,1.23425,1.2354,1.60,1.60
2009.04.01 11:30:12.532,1.2344,1.2356,1.20,4.00
2009.04.01 11:30:12.882,1.23455,1.23535,4.00,1.60
2009.04.01 11:30:13.232,1.2343,1.2354,1.60,1.60
2009.04.01 11:30:13.512,1.2343,1.23545,1.60,1.60
2009.04.01 11:30:13.852,1.23425,1.23545,1.60,1.60
2009.04.01 11:30:14.202,1.23375,1.2352,2.60,1.60
2009.04.01 11:30:14.492,1.23375,1.2352,1.20,1.60
2009.04.01 11:30:16.691,1.2338,1.23505,2.60,1.60
2009.04.01 11:30:17.031,1.23395,1.23505,1.60,1.60
2009.04.01 11:30:17.532,1.234,1.2353,1.60,1.60
2009.04.01 11:30:19.680,1.23415,1.23545,1.60,5.20
2009.04.01 11:30:22.640,1.23415,1.2354,3.20,3.20
2009.04.01 11:30:22.870,1.23425,1.2354,1.60,1.60
2009.04.01 11:30:23.779,1.2343,1.2354,1.60,1.60
2009.04.01 11:30:24.070,1.23445,1.2356,1.60,1.60
2009.04.01 11:30:24.479,1.23445,1.2357,3.20,1.60
2009.04.01 11:30:25.229,1.23455,1.23565,1.60,1.60
2009.04.01 11:30:25.629,1.23455,1.2356,1.60,1.60
2009.04.01 11:30:25.809,1.23455,1.23565,1.60,1.60
2009.04.01 11:30:27.379,1.2346,1.2357,3.20,1.60
2009.04.01 11:30:27.779,1.2346,1.2356,1.60,1.60
2009.04.01 11:30:28.249,1.2345,1.2356,3.20,1.60
2009.04.01 11:30:28.588,1.2345,1.23555,1.60,1.60
2009.04.01 11:30:28.938,1.2344,1.23555,1.60,1.60
2009.04.01 11:30:37.386,1.2344,1.23545,1.60,1.60
2009.04.01 11:30:37.546,1.23435,1.23545,3.20,1.60
2009.04.01 11:30:39.865,1.23435,1.23545,1.60,1.60
2009.04.01 11:30:40.555,1.2341,1.23535,1.60,1.60
2009.04.01 11:30:42.705,1.2342,1.23545,1.60,1.60
2009.04.01 11:30:53.252,1.23415,1.23535,1.60,1.60
2009.04.01 11:30:55.562,1.2342,1.23545,1.60,1.60
2009.04.01 11:30:56.602,1.23425,1.23545,1.60,1.60
2009.04.01 11:30:56.831,1.23435,1.23565,1.60,1.60
2009.04.01 11:30:59.991,1.2343,1.23555,1.60,1.60
2009.04.01 11:31:00.291,1.23425,1.2355,1.60,1.60
2009.04.01 11:31:10.708,1.23425,1.2355,3.20,1.60
2009.04.01 11:31:11.008,1.23435,1.2356,1.60,3.60
2009.04.01 11:31:14.737,1.23435,1.2356,1.60,1.60
2009.04.01 11:31:15.357,1.23465,1.23565,1.60,3.60
2009.04.01 11:31:15.737,1.23465,1.23565,1.60,1.60
2009.04.01 11:31:16.157,1.2346,1.2357,1.60,2.00
2009.04.01 11:31:16.337,1.23435,1.23565,1.60,1.60
2009.04.01 11:31:16.547,1.2346,1.2359,1.60,1.60
2009.04.01 11:31:17.537,1.2345,1.23585,1.60,1.60
2009.04.01 11:31:20.815,1.2345,1.23575,1.60,1.60
2009.04.01 11:31:21.096,1.23455,1.2358,1.60,1.60
2009.04.01 11:31:28.064,1.2346,1.2358,1.60,3.20
2009.04.01 11:31:28.424,1.2345,1.23575,1.60,1.60
2009.04.01 11:31:28.664,1.2346,1.2358,1.60,1.60
2009.04.01 11:31:30.053,1.2346,1.2358,1.60,3.20
2009.04.01 11:31:30.343,1.2345,1.23575,1.60,1.60
2009.04.01 11:31:35.582,1.2345,1.23575,1.60,5.20
2009.04.01 11:31:35.802,1.2344,1.23565,1.60,1.60
2009.04.01 11:31:36.212,1.2344,1.23565,1.60,3.60
2009.04.01 11:31:40.341,1.2344,1.23565,1.60,1.60
2009.04.01 11:31:40.571,1.2345,1.2357,1.60,2.00
2009.04.01 11:31:44.200,1.23445,1.2356,1.60,1.60
2009.04.01 11:31:44.720,1.23425,1.23555,1.60,5.20
2009.04.01 11:31:45.070,1.23415,1.23545,1.60,1.60
2009.04.01 11:31:45.340,1.23415,1.2355,1.60,3.60
2009.04.01 11:31:45.919,1.2342,1.2355,1.60,1.60
2009.04.01 11:31:46.190,1.2342,1.23545,1.60,3.20
2009.04.01 11:31:46.419,1.23415,1.23535,1.60,3.20
2009.04.01 11:31:46.810,1.23405,1.2353,4.00,1.60
2009.04.01 11:31:47.159,1.23405,1.2352,2.40,1.60
2009.04.01 11:31:47.549,1.23405,1.2351,2.40,1.60
2009.04.01 11:31:47.939,1.23405,1.2352,2.40,1.60
2009.04.01 11:31:48.279,1.23405,1.23515,2.40,1.60
2009.04.01 11:31:48.879,1.23405,1.23515,2.40,1.60
2009.04.01 11:31:49.529,1.23405,1.2352,2.40,1.60
2009.04.01 11:31:51.808,1.23405,1.2353,4.00,1.60
2009.04.01 11:31:54.948,1.2341,1.23535,1.60,1.60
2009.04.01 11:31:55.187,1.2341,1.23535,1.60,5.20
2009.04.01 11:31:55.457,1.2341,1.23535,1.60,3.60
2009.04.01 11:31:55.668,1.23405,1.2353,4.00,1.60
2009.04.01 11:31:55.948,1.2341,1.23535,1.60,3.60
2009.04.01 11:31:57.037,1.2341,1.23535,1.60,1.60
2009.04.01 11:31:57.846,1.2342,1.23555,3.20,3.60
2009.04.01 11:31:58.186,1.2343,1.23565,1.60,3.60
2009.04.01 11:31:58.467,1.2343,1.23565,1.60,1.60
2009.04.01 11:31:58.747,1.2343,1.23565,3.20,1.60
2009.04.01 11:31:59.027,1.2344,1.2356,1.60,1.60
2009.04.01 11:31:59.427,1.23445,1.2357,1.60,5.20
2009.04.01 11:31:59.786,1.23445,1.2356,1.60,1.60
2009.04.01 11:32:00.246,1.2344,1.2356,1.60,3.20
2009.04.01 11:32:00.486,1.2344,1.2356,3.20,1.60
2009.04.01 11:32:01.196,1.23445,1.2357,1.60,3.20
2009.04.01 11:32:03.965,1.2344,1.2356,1.60,3.20
2009.04.01 11:32:13.093,1.2344,1.2352,1.60,1.20
2009.04.01 11:32:13.203,1.2344,1.2348,1.60,1.60
2009.04.01 11:32:13.373,1.23415,1.2348,1.60,1.60
2009.04.01 11:32:13.493,1.234,1.23485,2.40,1.60
2009.04.01 11:32:13.613,1.2341,1.23485,1.60,1.60
2009.04.01 11:32:13.733,1.2341,1.2352,1.60,4.00
2009.04.01 11:32:14.083,1.2341,1.23555,1.60,1.60
2009.04.01 11:32:19.941,1.23405,1.23525,2.40,1.60
2009.04.01 11:32:21.311,1.23415,1.23545,1.60,1.60
2009.04.01 11:32:21.671,1.2342,1.2355,1.60,3.60
2009.04.01 11:32:22.870,1.23415,1.23535,1.60,1.60
2009.04.01 11:32:23.960,1.23415,1.2354,1.60,1.60
2009.04.01 11:32:24.301,1.23415,1.23535,1.60,1.60
2009.04.01 11:32:29.039,1.23415,1.23535,1.60,3.60
2009.04.01 11:32:29.149,1.23405,1.2353,4.00,1.60
2009.04.01 11:32:41.226,1.23405,1.23525,4.00,2.00
2009.04.01 11:32:41.806,1.23405,1.2353,4.00,1.60
2009.04.01 11:32:42.276,1.23405,1.23525,2.40,1.60
2009.04.01 11:32:45.125,1.23405,1.2351,2.40,1.60
2009.04.01 11:32:48.585,1.23405,1.2351,2.40,1.60
2009.04.01 11:32:48.914,1.23405,1.2353,2.40,1.60
2009.04.01 11:32:55.073,1.23405,1.23515,2.40,1.60
2009.04.01 11:32:58.512,1.23405,1.2351,2.40,1.60
2009.04.01 11:32:59.822,1.23405,1.23515,2.40,1.60
2009.04.01 11:33:00.851,1.23405,1.23525,2.40,1.60
2009.04.01 11:33:01.202,1.23405,1.2352,2.40,1.60
2009.04.01 11:33:01.441,1.23405,1.23515,2.40,1.60
2009.04.01 11:33:01.681,1.23405,1.23525,2.40,1.60
2009.04.01 11:33:05.470,1.23405,1.23505,2.40,1.60
2009.04.01 11:33:05.880,1.23405,1.23515,2.40,1.60
2009.04.01 11:33:07.850,1.23405,1.23505,2.40,1.60
2009.04.01 11:33:11.489,1.23405,1.23495,2.40,1.60
2009.04.01 11:33:13.228,1.23405,1.2352,2.40,2.00
2009.04.01 11:33:13.809,1.23415,1.2355,1.60,3.20
2009.04.01 11:33:13.988,1.23425,1.2355,1.60,1.60
2009.04.01 11:33:14.339,1.23425,1.23555,1.60,5.20
2009.04.01 11:33:14.508,1.23425,1.23555,1.60,3.60
2009.04.01 11:33:16.228,1.2342,1.2354,1.60,1.60
2009.04.01 11:33:21.856,1.2343,1.2355,1.60,1.60
2009.04.01 11:33:22.196,1.23445,1.23575,1.60,5.20
2009.04.01 11:33:22.376,1.23445,1.2358,1.60,3.60
2009.04.01 11:33:22.546,1.23445,1.23565,1.60,1.60
2009.04.01 11:33:22.766,1.23435,1.23565,1.60,1.60
2009.04.01 11:33:31.654,1.2344,1.2356,1.60,3.60
2009.04.01 11:33:32.384,1.2343,1.23555,1.60,1.60
2009.04.01 11:33:33.323,1.23425,1.2355,1.60,1.60
2009.04.01 11:33:34.034,1.2342,1.23545,1.60,1.60
2009.04.01 11:33:34.493,1.2342,1.23545,1.60,3.60
2009.04.01 11:33:35.113,1.23415,1.2354,1.60,1.60
2009.04.01 11:33:35.743,1.23425,1.2355,1.60,1.60
2009.04.01 11:33:36.073,1.2343,1.2355,1.60,2.00
2009.04.01 11:33:36.303,1.2342,1.2354,1.60,1.60
2009.04.01 11:33:37.233,1.23425,1.23545,1.60,1.60
2009.04.01 11:33:38.122,1.23425,1.2355,1.60,3.60
2009.04.01 11:33:56.828,1.23435,1.2355,1.60,2.00
2009.04.01 11:33:56.938,1.23435,1.2356,1.60,3.60
2009.04.01 11:34:06.116,1.23435,1.2355,1.60,2.00
2009.04.01 11:34:06.346,1.23435,1.23545,1.60,2.00
2009.04.01 11:34:06.586,1.23425,1.23535,1.60,2.00
2009.04.01 11:34:07.225,1.23405,1.23525,1.60,2.00
2009.04.01 11:34:07.455,1.23405,1.2349,1.60,4.00
2009.04.01 11:34:07.805,1.234,1.2352,2.40,3.20
2009.04.01 11:34:08.195,1.234,1.2352,2.40,1.60
2009.04.01 11:34:08.665,1.23405,1.23495,2.40,1.60
2009.04.01 11:34:10.285,1.23405,1.23515,2.40,2.00
2009.04.01 11:34:10.524,1.23405,1.23495,2.40,1.60
2009.04.01 11:34:10.755,1.23405,1.23505,2.40,1.60
2009.04.01 11:34:11.055,1.23405,1.2351,2.40,1.60
2009.04.01 11:34:11.615,1.23405,1.2351,2.40,1.60
2009.04.01 11:34:12.424,1.2342,1.2351,1.60,1.60
2009.04.01 11:34:13.534,1.2343,1.2353,1.60,3.60
2009.04.01 11:34:16.903,1.23395,1.23525,2.40,3.60
2009.04.01 11:34:24.041,1.23405,1.23525,2.40,1.60
2009.04.01 11:34:24.801,1.23405,1.2352,4.00,2.00
2009.04.01 11:34:25.271,1.23405,1.23515,2.40,1.60
2009.04.01 11:34:33.879,1.23405,1.23515,2.40,1.60
2009.04.01 11:34:34.329,1.23405,1.2352,2.40,1.60
2009.04.01 11:34:34.609,1.23405,1.23515,2.40,1.60
2009.04.01 11:34:41.157,1.23405,1.23495,2.40,1.20
2009.04.01 11:34:41.487,1.23405,1.2347,2.40,1.60
2009.04.01 11:34:42.367,1.23405,1.2349,2.40,1.60
2009.04.01 11:34:42.657,1.23405,1.23505,2.40,1.60
2009.04.01 11:34:42.947,1.23405,1.23525,2.40,1.60
2009.04.01 11:34:44.576,1.23405,1.23515,2.40,2.00
2009.04.01 11:34:44.807,1.23405,1.23455,2.40,1.60
2009.04.01 11:34:45.047,1.23405,1.2347,2.40,1.60
2009.04.01 11:34:45.606,1.23405,1.23495,2.40,1.60
2009.04.01 11:34:45.956,1.23405,1.23485,2.40,1.60
2009.04.01 11:34:46.936,1.23405,1.2348,2.40,1.20
2009.04.01 11:34:47.156,1.23405,1.23465,2.40,1.60
2009.04.01 11:34:47.436,1.23405,1.23495,2.40,1.60
2009.04.01 11:34:47.735,1.23405,1.23485,2.40,1.60
2009.04.01 11:34:48.066,1.23405,1.2349,2.40,1.60
2009.04.01 11:34:48.366,1.23405,1.2347,2.40,1.60
2009.04.01 11:34:48.825,1.23405,1.2348,2.40,1.60
2009.04.01 11:34:49.295,1.23405,1.2346,2.40,1.60
2009.04.01 11:34:49.636,1.23405,1.2346,2.40,3.20
2009.04.01 11:34:50.425,1.23405,1.23455,2.40,1.60
2009.04.01 11:34:51.125,1.23405,1.2346,2.40,1.60
2009.04.01 11:34:51.415,1.23405,1.23485,2.40,3.20
2009.04.01 11:34:51.645,1.23405,1.23485,2.40,1.60
2009.04.01 11:34:52.565,1.23405,1.23475,2.40,1.60
2009.04.01 11:34:54.164,1.23405,1.2351,2.40,1.60
2009.04.01 11:34:54.334,1.23405,1.23515,2.40,1.60
2009.04.01 11:34:54.624,1.23405,1.235,2.40,1.20
2009.04.01 11:34:54.794,1.23405,1.23475,2.40,1.60
2009.04.01 11:35:00.872,1.234,1.23475,2.40,1.60
2009.04.01 11:35:01.583,1.234,1.23465,2.40,1.60
2009.04.01 11:35:01.862,1.234,1.23475,2.40,3.20
2009.04.01 11:35:02.092,1.23405,1.23475,2.40,1.60
2009.04.01 11:35:03.712,1.23405,1.23485,2.40,1.60
2009.04.01 11:35:04.112,1.23405,1.2347,2.40,1.60
2009.04.01 11:35:04.672,1.23385,1.2347,1.00,1.60
2009.04.01 11:35:10.310,1.2339,1.23485,1.00,1.60
2009.04.01 11:35:10.550,1.2339,1.2347,1.00,1.60
2009.04.01 11:35:14.729,1.2339,1.23485,1.00,3.20
2009.04.01 11:35:14.849,1.2339,1.23465,1.00,1.60
2009.04.01 11:35:15.069,1.2339,1.2349,1.00,1.20
2009.04.01 11:35:15.179,1.2339,1.23485,1.00,1.60
2009.04.01 11:35:15.479,1.2339,1.2348,1.00,1.60
2009.04.01 11:35:20.648,1.2339,1.23475,1.00,1.60
2009.04.01 11:35:21.507,1.2339,1.23485,1.00,1.60
2009.04.01 11:35:26.446,1.23405,1.23485,1.60,1.60
2009.04.01 11:35:26.896,1.23405,1.23475,1.60,1.60
2009.04.01 11:35:28.286,1.2341,1.23485,1.60,1.60
2009.04.01 11:35:31.145,1.2343,1.23495,1.60,1.60
2009.04.01 11:35:31.365,1.2341,1.2354,1.60,2.80
2009.04.01 11:35:31.545,1.2341,1.23545,1.60,1.60
2009.04.01 11:35:31.765,1.234,1.23535,1.60,1.60
2009.04.01 11:35:32.235,1.2341,1.2353,1.60,1.60
2009.04.01 11:35:32.705,1.2341,1.2354,3.20,3.20
2009.04.01 11:35:39.263,1.2341,1.23525,1.60,1.60
2009.04.01 11:35:40.403,1.2341,1.2353,1.60,1.60
2009.04.01 11:35:40.693,1.2341,1.23535,3.20,1.60
2009.04.01 11:35:41.583,1.2341,1.23525,1.60,1.60
2009.04.01 11:35:42.092,1.2341,1.2352,1.60,1.60
2009.04.01 11:35:44.472,1.2341,1.2351,1.60,1.60
2009.04.01 11:35:45.772,1.2341,1.2352,1.60,1.60
2009.04.01 11:35:49.311,1.2341,1.2353,1.60,1.60
2009.04.01 11:35:50.111,1.2341,1.23535,3.20,1.60
2009.04.01 11:35:50.740,1.23415,1.2354,1.60,1.60
2009.04.01 11:35:52.070,1.2341,1.23515,1.60,1.60
2009.04.01 11:35:52.530,1.2341,1.2352,1.60,1.60
2009.04.01 11:35:55.719,1.2341,1.23515,1.60,1.60
2009.04.01 11:35:56.789,1.2341,1.23525,1.60,1.60
2009.04.01 11:35:58.038,1.2341,1.2351,1.60,1.60
2009.04.01 11:36:02.787,1.2341,1.23515,1.60,1.60
2009.04.01 11:36:14.075,1.23405,1.2354,2.60,1.60
2009.04.01 11:36:14.295,1.23405,1.2354,1.60,1.60
2009.04.01 11:36:14.595,1.23405,1.2354,1.60,3.20
2009.04.01 11:36:14.834,1.23405,1.2354,1.60,1.60
2009.04.01 11:36:15.065,1.23405,1.23535,3.20,3.60
2009.04.01 11:36:15.234,1.2341,1.23515,1.60,1.60
2009.04.01 11:36:15.454,1.2341,1.2354,1.60,1.60
2009.04.01 11:36:17.114,1.2341,1.23535,3.20,1.60
2009.04.01 11:36:18.014,1.2341,1.2352,1.60,1.60
2009.04.01 11:36:18.983,1.2341,1.2354,3.20,1.60
2009.04.01 11:36:20.543,1.23415,1.2354,1.60,1.60
2009.04.01 11:36:20.723,1.2343,1.2353,1.60,1.60
2009.04.01 11:36:26.452,1.23435,1.23525,1.60,1.60
2009.04.01 11:36:28.371,1.23435,1.2352,1.60,1.60
2009.04.01 11:36:31.341,1.23435,1.23525,1.60,1.60
2009.04.01 11:36:31.751,1.23435,1.2352,1.60,1.60
2009.04.01 11:36:33.190,1.23435,1.2351,1.60,1.60
2009.04.01 11:36:34.480,1.23435,1.2353,1.60,1.60
2009.04.01 11:36:35.929,1.23435,1.23535,1.60,2.00
2009.04.01 11:36:38.729,1.23435,1.23535,1.60,1.60
2009.04.01 11:36:43.058,1.234,1.23535,3.20,1.60
2009.04.01 11:36:44.597,1.23415,1.23535,1.60,1.60
2009.04.01 11:36:44.827,1.2341,1.23535,3.20,1.60
2009.04.01 11:36:55.495,1.23415,1.23535,1.20,1.60
2009.04.01 11:36:56.935,1.2341,1.23535,3.20,1.60
2009.04.01 11:37:01.813,1.2341,1.235,1.60,1.60
2009.04.01 11:37:07.692,1.23415,1.2351,1.60,1.60
2009.04.01 11:37:07.922,1.2341,1.23505,1.60,1.60
2009.04.01 11:37:08.501,1.2341,1.2351,1.60,3.20
2009.04.01 11:37:09.491,1.2341,1.23515,1.60,1.60
2009.04.01 11:37:12.081,1.2342,1.2352,1.60,1.60
2009.04.01 11:37:12.491,1.23425,1.23525,1.60,1.60
2009.04.01 11:37:25.787,1.23425,1.23525,3.20,1.60
2009.04.01 11:37:39.914,1.23425,1.23515,1.60,1.60
2009.04.01 11:37:41.214,1.23425,1.23525,3.20,1.60
2009.04.01 11:37:43.093,1.23425,1.2352,1.60,1.60
2009.04.01 11:37:43.553,1.2343,1.2354,1.60,1.60
2009.04.01 11:37:57.230,1.2344,1.2354,1.60,3.20
2009.04.01 11:37:57.580,1.2344,1.2354,1.60,1.60
2009.04.01 11:37:57.870,1.2344,1.2356,1.60,1.60
2009.04.01 11:38:03.278,1.23425,1.23555,3.20,3.20
2009.04.01 11:38:05.868,1.2343,1.2355,1.60,1.60
2009.04.01 11:38:06.477,1.23425,1.2355,1.60,1.60
2009.04.01 11:38:06.817,1.23415,1.2354,2.60,1.60
2009.04.01 11:38:07.167,1.2341,1.23535,4.20,1.60
2009.04.01 11:38:07.578,1.23415,1.2354,1.60,1.60
2009.04.01 11:38:09.787,1.23425,1.2355,1.60,1.60
2009.04.01 11:38:10.696,1.2342,1.23535,1.60,2.00
2009.04.01 11:38:11.076,1.2339,1.23515,1.20,1.60
2009.04.01 11:38:11.646,1.2338,1.23515,1.00,1.60
2009.04.01 11:38:11.876,1.2339,1.23505,1.20,1.60
2009.04.01 11:38:12.236,1.2339,1.23505,1.00,1.60
2009.04.01 11:38:12.936,1.234,1.23505,1.20,1.60
2009.04.01 11:38:13.346,1.2339,1.23505,1.00,1.60
2009.04.01 11:38:13.506,1.2339,1.235,1.00,1.60
2009.04.01 11:38:15.295,1.2339,1.2351,1.00,1.60
2009.04.01 11:38:17.065,1.2339,1.235,1.00,1.60
2009.04.01 11:38:20.624,1.2339,1.23505,1.00,3.60
2009.04.01 11:38:20.834,1.2339,1.23505,1.00,1.60
2009.04.01 11:38:21.144,1.2339,1.235,1.00,1.60
2009.04.01 11:38:22.743,1.2339,1.23485,1.00,1.20
2009.04.01 11:38:22.863,1.2339,1.2347,1.00,1.60
2009.04.01 11:38:23.644,1.2339,1.23475,1.00,1.60
2009.04.01 11:38:26.953,1.2339,1.23465,1.00,1.60
2009.04.01 11:38:27.193,1.2339,1.2347,1.00,1.60
2009.04.01 11:38:27.252,1.2339,1.2346,1.00,1.60
2009.04.01 11:38:27.702,1.23405,1.23475,1.60,1.60
2009.04.01 11:38:29.992,1.2341,1.2348,1.60,3.20
2009.04.01 11:38:30.212,1.2341,1.23475,1.60,1.60
2009.04.01 11:38:31.581,1.2341,1.23485,1.60,5.20
2009.04.01 11:38:31.811,1.23415,1.2346,1.00,1.60
2009.04.01 11:38:32.611,1.23415,1.2345,1.00,1.60
2009.04.01 11:38:33.341,1.23415,1.2343,1.00,1.60
2009.04.01 11:38:34.201,1.23415,1.23455,1.00,1.60
2009.04.01 11:38:34.651,1.23415,1.23435,1.00,1.60
2009.04.01 11:38:34.881,1.23415,1.23425,1.00,1.60
2009.04.01 11:38:35.111,1.23288,1.23538,1.00,1.60
2009.04.01 11:38:35.780,1.23415,1.2343,1.00,2.60
2009.04.01 11:38:36.531,1.2338,1.234,1.20,1.60
2009.04.01 11:38:37.780,1.2339,1.2341,1.20,1.60
2009.04.01 11:38:38.050,1.2339,1.2342,1.20,1.60
2009.04.01 11:38:39.679,1.2339,1.23415,1.20,1.60
2009.04.01 11:38:39.959,1.2339,1.23415,1.00,1.60
2009.04.01 11:38:41.609,1.2339,1.2342,1.00,1.60
2009.04.01 11:38:43.629,1.2339,1.23445,1.00,1.60
2009.04.01 11:38:44.558,1.2332,1.23445,1.60,1.60
2009.04.01 11:38:46.218,1.23355,1.23435,1.60,1.60
2009.04.01 11:38:47.447,1.23365,1.2344,1.60,1.60
2009.04.01 11:38:51.147,1.23335,1.23435,1.60,1.60
2009.04.01 11:38:51.436,1.2333,1.23455,1.60,2.00
2009.04.01 11:38:51.766,1.23335,1.23445,1.60,1.60
2009.04.01 11:38:52.487,1.2336,1.23445,1.60,1.60
2009.04.01 11:38:52.706,1.2336,1.2344,1.60,1.60
2009.04.01 11:38:52.887,1.2336,1.23445,1.60,1.60
2009.04.01 11:38:53.286,1.2336,1.23435,1.60,1.60
2009.04.01 11:38:54.406,1.23375,1.23445,1.60,1.60
2009.04.01 11:38:55.195,1.2332,1.23445,1.60,1.60
2009.04.01 11:38:59.354,1.23365,1.23445,1.60,1.60
2009.04.01 11:39:03.604,1.2337,1.23445,1.00,1.60
2009.04.01 11:39:05.923,1.2337,1.23455,1.00,3.60
2009.04.01 11:39:06.273,1.2337,1.23455,1.00,2.00
2009.04.01 11:39:09.792,1.2337,1.2346,1.00,1.60
2009.04.01 11:39:10.082,1.2337,1.2348,1.00,1.60
2009.04.01 11:39:10.772,1.2337,1.23475,1.00,1.60
2009.04.01 11:39:13.191,1.2337,1.23475,1.00,1.60
2009.04.01 11:39:13.491,1.2337,1.2347,1.00,1.60
2009.04.01 11:39:16.270,1.2337,1.2348,1.00,1.60
2009.04.01 11:39:16.971,1.2337,1.23475,1.00,1.60
2009.04.01 11:39:17.201,1.2337,1.2346,1.00,1.60
2009.04.01 11:39:23.129,1.2337,1.23455,1.00,1.60
2009.04.01 11:39:28.078,1.2337,1.2344,1.00,1.60
2009.04.01 11:39:29.367,1.2337,1.2343,1.00,1.60
2009.04.01 11:39:33.256,1.23365,1.2343,1.60,1.60
2009.04.01 11:39:43.024,1.23385,1.2343,1.20,1.60
2009.04.01 11:39:45.174,1.23395,1.2344,1.20,1.60
2009.04.01 11:39:49.413,1.23355,1.2344,1.60,1.60
2009.04.01 11:39:51.182,1.23365,1.23435,1.60,1.60
2009.04.01 11:39:51.352,1.23365,1.23445,1.60,1.60
2009.04.01 11:39:51.533,1.23365,1.2345,1.60,1.60
2009.04.01 11:39:52.222,1.23365,1.23445,1.60,1.60
2009.04.01 11:39:52.462,1.23365,1.2345,1.60,1.60
2009.04.01 11:39:58.330,1.23365,1.2346,1.60,1.60
2009.04.01 11:39:59.500,1.23365,1.2347,1.60,1.60
2009.04.01 11:40:04.299,1.23365,1.2346,1.60,1.60
2009.04.01 11:40:06.839,1.23365,1.2347,1.60,1.60
2009.04.01 11:40:07.298,1.23365,1.2346,1.60,1.60
2009.04.01 11:40:07.418,1.23365,1.23475,1.60,1.60
2009.04.01 11:40:08.858,1.23365,1.2346,1.60,1.60
2009.04.01 11:40:09.778,1.23365,1.23465,1.60,1.60
2009.04.01 11:40:12.197,1.23365,1.23455,1.60,1.60
2009.04.01 11:40:13.127,1.2334,1.23455,1.60,1.60
2009.04.01 11:40:13.297,1.23345,1.23455,1.20,1.60
2009.04.01 11:40:13.587,1.2336,1.2345,1.60,1.60
2009.04.01 11:40:13.976,1.2336,1.2347,1.60,1.60
2009.04.01 11:40:15.996,1.23365,1.23455,1.60,1.60
2009.04.01 11:40:16.726,1.23365,1.23465,1.60,1.60
2009.04.01 11:40:18.146,1.23365,1.23455,1.60,1.60
2009.04.01 11:40:19.295,1.2334,1.2345,1.60,1.60
2009.04.01 11:40:19.405,1.2336,1.2345,1.60,1.60
2009.04.01 11:40:20.545,1.23365,1.2344,1.60,1.60
2009.04.01 11:40:21.855,1.2334,1.23435,1.60,1.60
2009.04.01 11:40:22.955,1.23345,1.23455,1.60,1.60
2009.04.01 11:40:24.784,1.23345,1.2346,1.60,1.60
2009.04.01 11:40:25.484,1.23345,1.2345,1.60,1.60
2009.04.01 11:40:26.004,1.23345,1.23445,1.60,1.60
2009.04.01 11:40:26.354,1.2336,1.23445,1.20,1.60
2009.04.01 11:40:26.533,1.2335,1.2349,2.60,1.60
2009.04.01 11:40:27.094,1.2335,1.23485,1.20,1.60
2009.04.01 11:40:29.223,1.2335,1.23475,2.40,1.60
2009.04.01 11:40:29.463,1.23355,1.23475,1.20,1.60
2009.04.01 11:40:31.202,1.2335,1.23475,2.40,1.60
2009.04.01 11:40:31.673,1.2335,1.23465,1.00,1.60
2009.04.01 11:40:33.842,1.2336,1.23455,1.00,1.60
2009.04.01 11:40:34.072,1.2336,1.2346,1.00,1.60
2009.04.01 11:40:34.711,1.2336,1.23455,1.00,1.60
2009.04.01 11:40:35.012,1.2336,1.2346,1.00,1.60
2009.04.01 11:40:35.361,1.2336,1.23455,1.00,1.60
2009.04.01 11:40:36.161,1.23365,1.2346,1.60,1.60
2009.04.01 11:40:37.171,1.23365,1.23465,1.60,1.60
2009.04.01 11:40:37.511,1.23365,1.23455,1.60,1.60
2009.04.01 11:40:42.550,1.23365,1.23465,1.60,1.60
2009.04.01 11:40:43.250,1.23365,1.23475,1.60,1.60
2009.04.01 11:40:46.039,1.2336,1.23475,1.00,1.60
2009.04.01 11:40:48.688,1.2336,1.2347,1.00,1.60
2009.04.01 11:40:50.578,1.2336,1.2346,1.00,1.60
2009.04.01 11:40:53.417,1.2337,1.23505,1.60,1.60
2009.04.01 11:40:58.906,1.2337,1.23485,1.00,2.00
2009.04.01 11:40:59.316,1.2337,1.23485,2.40,2.00
2009.04.01 11:41:02.965,1.23375,1.23485,1.60,2.00
2009.04.01 11:41:04.765,1.23375,1.2348,1.60,2.00
2009.04.01 11:41:07.893,1.23375,1.2348,1.60,3.60
2009.04.01 11:41:11.823,1.23375,1.2348,1.60,2.00
2009.04.01 11:41:18.771,1.23375,1.23475,1.60,1.60
2009.04.01 11:41:18.951,1.23375,1.23475,1.60,3.20
2009.04.01 11:41:19.701,1.2334,1.23475,1.60,3.20
2009.04.01 11:41:21.510,1.2335,1.23475,1.60,1.60
2009.04.01 11:41:21.850,1.2336,1.2348,1.60,2.00
2009.04.01 11:41:23.710,1.2336,1.23475,1.60,1.60
2009.04.01 11:41:23.880,1.2335,1.23475,1.60,3.20
2009.04.01 11:41:24.909,1.2335,1.23475,1.60,5.20
2009.04.01 11:41:25.079,1.23315,1.2345,2.60,1.60
2009.04.01 11:41:26.739,1.23355,1.2344,1.60,1.60
2009.04.01 11:41:34.277,1.2337,1.23485,1.60,2.00
2009.04.01 11:41:35.707,1.2337,1.23465,1.60,1.20
2009.04.01 11:41:38.836,1.23335,1.23435,1.60,1.60
2009.04.01 11:41:39.006,1.2335,1.2348,1.60,1.60
2009.04.01 11:41:39.276,1.2335,1.23485,1.60,2.00
2009.04.01 11:41:42.095,1.23355,1.2349,1.60,2.00
2009.04.01 11:41:42.545,1.2336,1.2349,1.60,2.00
2009.04.01 11:41:43.595,1.2336,1.2346,1.60,2.00
2009.04.01 11:41:43.965,1.23355,1.2346,1.60,2.00
2009.04.01 11:41:44.135,1.23315,1.23455,7.20,1.60
2009.04.01 11:41:44.305,1.2332,1.2346,1.60,3.60
2009.04.01 11:41:44.535,1.23315,1.23455,7.20,1.60
2009.04.01 11:41:44.595,1.23315,1.2345,3.20,1.60
2009.04.01 11:41:45.125,1.23315,1.2344,3.20,1.20
2009.04.01 11:41:45.355,1.23335,1.23425,1.60,1.60
2009.04.01 11:41:46.174,1.23335,1.2342,1.60,1.60
2009.04.01 11:41:48.324,1.23335,1.2341,1.60,2.80
2009.04.01 11:41:48.544,1.23335,1.23395,1.60,1.60
2009.04.01 11:41:49.484,1.23335,1.23405,1.60,1.60
2009.04.01 11:41:50.123,1.23335,1.2344,1.60,1.60
2009.04.01 11:41:50.294,1.23335,1.23445,1.60,1.60
2009.04.01 11:41:50.643,1.23335,1.2346,1.60,2.00
2009.04.01 11:41:51.933,1.2333,1.23445,1.60,2.00
2009.04.01 11:41:55.533,1.23335,1.23445,1.60,3.60
2009.04.01 11:41:57.322,1.2334,1.23445,1.60,3.60
2009.04.01 11:41:57.382,1.23355,1.23445,1.60,1.60
2009.04.01 11:41:57.491,1.2336,1.2348,1.60,1.60
2009.04.01 11:42:02.140,1.2335,1.2345,1.60,1.60
2009.04.01 11:42:03.680,1.2335,1.2344,1.60,3.60
2009.04.01 11:42:03.920,1.23315,1.2344,3.20,1.60
2009.04.01 11:42:04.080,1.23315,1.2344,4.80,1.60
2009.04.01 11:42:04.310,1.2334,1.2344,1.60,1.60
2009.04.01 11:42:04.530,1.23335,1.2344,1.60,1.60
2009.04.01 11:42:04.830,1.23335,1.23425,1.60,1.60
2009.04.01 11:42:06.009,1.2335,1.2342,1.60,1.60
2009.04.01 11:42:07.559,1.2335,1.23445,1.60,1.60
2009.04.01 11:42:07.889,1.2335,1.23425,1.60,1.60
2009.04.01 11:42:08.179,1.2334,1.23425,1.60,1.60
2009.04.01 11:42:09.729,1.2334,1.2342,3.20,1.60
2009.04.01 11:42:09.788,1.23345,1.2342,1.60,1.60
2009.04.01 11:42:10.769,1.23355,1.2342,1.60,1.60
2009.04.01 11:42:13.667,1.2335,1.2342,1.60,1.60
2009.04.01 11:42:17.007,1.23345,1.2342,1.60,1.60
2009.04.01 11:42:23.395,1.23345,1.2342,3.20,1.60
2009.04.01 11:42:23.565,1.23355,1.2342,1.60,1.60
2009.04.01 11:42:26.525,1.2335,1.2342,1.60,1.60
2009.04.01 11:42:28.804,1.23315,1.2342,4.80,3.20
2009.04.01 11:42:29.754,1.2333,1.2342,1.60,3.20
2009.04.01 11:42:30.104,1.2335,1.2342,1.60,3.20
2009.04.01 11:42:30.334,1.2335,1.2342,1.60,1.60
2009.04.01 11:42:31.433,1.2336,1.2342,1.60,1.60
2009.04.01 11:42:31.893,1.23355,1.2342,1.60,1.60
2009.04.01 11:42:36.112,1.2335,1.2342,1.60,1.60
2009.04.01 11:42:39.871,1.2334,1.2342,1.60,1.60
2009.04.01 11:42:40.281,1.23345,1.2342,1.60,1.60
2009.04.01 11:42:40.611,1.23355,1.2342,1.60,1.60
2009.04.01 11:42:45.550,1.2334,1.2342,3.20,1.60
2009.04.01 11:42:48.109,1.23345,1.2342,1.60,1.60
2009.04.01 11:42:48.620,1.23345,1.2342,3.20,1.60
2009.04.01 11:42:48.839,1.23345,1.2342,1.60,1.60
2009.04.01 11:42:49.889,1.2334,1.2342,1.60,1.60
2009.04.01 11:42:52.489,1.23335,1.2342,1.60,1.60
2009.04.01 11:42:52.718,1.23335,1.23405,1.60,1.60
2009.04.01 11:42:54.478,1.23325,1.234,4.80,1.60
2009.04.01 11:42:59.057,1.2335,1.234,3.20,1.60
2009.04.01 11:42:59.747,1.2335,1.234,1.60,1.60
2009.04.01 11:42:59.986,1.23355,1.234,1.60,1.60
2009.04.01 11:43:00.216,1.2335,1.234,1.60,1.60
2009.04.01 11:43:02.326,1.2336,1.234,1.60,1.60
2009.04.01 11:43:02.616,1.2336,1.234,3.20,1.60
2009.04.01 11:43:08.265,1.2336,1.23445,3.20,1.60
2009.04.01 11:43:08.554,1.2336,1.23465,3.20,1.60
2009.04.01 11:43:15.623,1.2336,1.2347,3.20,1.60
2009.04.01 11:43:25.250,1.2336,1.23465,3.20,1.20
2009.04.01 11:43:25.421,1.2336,1.23465,1.60,1.20
2009.04.01 11:43:25.590,1.2336,1.2347,1.60,1.60
2009.04.01 11:43:25.770,1.2336,1.23455,1.60,1.60
2009.04.01 11:43:25.940,1.2336,1.23465,3.20,3.20
2009.04.01 11:43:26.120,1.2336,1.23465,3.20,1.60
2009.04.01 11:43:28.011,1.2336,1.2345,1.60,1.60
2009.04.01 11:43:28.300,1.23355,1.2345,1.60,1.60
2009.04.01 11:43:28.520,1.23355,1.23445,1.60,1.60
2009.04.01 11:43:28.970,1.23345,1.23445,1.60,1.60
2009.04.01 11:43:29.370,1.23355,1.23445,1.60,1.60
2009.04.01 11:43:29.669,1.23355,1.23455,3.20,1.60
2009.04.01 11:43:29.949,1.2336,1.23465,1.60,1.60
2009.04.01 11:43:30.299,1.2336,1.23455,3.20,1.20
2009.04.01 11:43:30.539,1.23325,1.23435,1.60,1.60
2009.04.01 11:43:31.569,1.2333,1.23425,1.60,1.60
2009.04.01 11:43:31.849,1.2334,1.2342,1.60,1.60
2009.04.01 11:43:31.959,1.23345,1.2342,1.60,1.60
2009.04.01 11:43:32.299,1.2335,1.23465,1.60,2.00
2009.04.01 11:43:33.638,1.2335,1.2346,1.60,3.60
2009.04.01 11:43:36.187,1.23355,1.23465,3.20,1.60
2009.04.01 11:43:43.876,1.23355,1.2346,1.60,1.60
2009.04.01 11:43:44.116,1.2335,1.2346,1.60,1.60
2009.04.01 11:44:05.191,1.2335,1.2343,1.60,1.60
2009.04.01 11:44:12.379,1.2334,1.23415,1.60,1.60
2009.04.01 11:44:12.649,1.2335,1.23415,1.60,1.60
2009.04.01 11:44:19.637,1.2334,1.23415,1.60,1.60
2009.04.01 11:44:25.666,1.2334,1.23405,1.60,1.60
2009.04.01 11:44:26.006,1.23335,1.23405,1.60,1.60
2009.04.01 11:44:34.243,1.23345,1.234,1.60,1.60
2009.04.01 11:44:41.892,1.23335,1.234,1.60,1.60
2009.04.01 11:44:45.861,1.2333,1.2342,1.60,1.60
2009.04.01 11:44:46.041,1.2333,1.234,1.60,1.60
2009.04.01 11:44:47.890,1.2334,1.23395,1.60,1.60
2009.04.01 11:44:48.060,1.23345,1.23395,1.60,1.60
2009.04.01 11:44:48.390,1.23325,1.2342,3.20,1.60
2009.04.01 11:44:48.450,1.23325,1.23405,3.20,1.60
2009.04.01 11:44:48.690,1.23325,1.23405,1.60,1.60
2009.04.01 11:44:49.100,1.2333,1.234,1.60,1.60
2009.04.01 11:44:49.720,1.2334,1.23395,1.60,1.60
2009.04.01 11:44:50.190,1.23345,1.23395,1.60,1.60
2009.04.01 11:44:50.550,1.23345,1.234,1.60,1.60
2009.04.01 11:44:50.610,1.2334,1.234,1.60,1.60
2009.04.01 11:44:50.959,1.23345,1.234,1.60,1.60
2009.04.01 11:44:51.190,1.23355,1.234,1.60,1.60
2009.04.01 11:44:54.189,1.2335,1.234,1.60,1.60
2009.04.01 11:44:54.648,1.23345,1.234,1.60,1.60
2009.04.01 11:45:02.217,1.23345,1.2342,1.60,1.60
2009.04.01 11:45:02.437,1.23345,1.23405,1.60,1.60
2009.04.01 11:45:02.837,1.23355,1.23405,1.60,1.60
2009.04.01 11:45:15.344,1.23345,1.234,1.60,1.60
2009.04.01 11:45:15.874,1.23335,1.234,1.60,1.60
2009.04.01 11:45:21.252,1.23345,1.234,1.60,1.60
2009.04.01 11:45:22.712,1.23325,1.234,1.60,1.60
2009.04.01 11:45:22.882,1.2333,1.2342,1.60,1.60
2009.04.01 11:45:23.102,1.2333,1.234,1.60,1.60
2009.04.01 11:45:23.392,1.2333,1.23405,1.60,1.60
2009.04.01 11:45:31.760,1.23335,1.2342,1.60,1.60
2009.04.01 11:45:31.930,1.23335,1.23405,1.60,1.60
2009.04.01 11:45:34.529,1.2334,1.234,1.60,1.60
2009.04.01 11:45:35.029,1.2334,1.234,3.20,1.60
2009.04.01 11:45:35.849,1.2335,1.234,3.20,1.60
2009.04.01 11:45:37.238,1.2335,1.234,1.60,1.60
2009.04.01 11:45:37.588,1.2334,1.234,3.20,1.60
2009.04.01 11:45:41.207,1.2335,1.234,1.60,1.60
2009.04.01 11:45:41.478,1.2335,1.234,3.20,1.60
2009.04.01 11:45:41.698,1.2336,1.234,1.60,1.60
2009.04.01 11:45:42.157,1.23375,1.234,1.60,1.60
2009.04.01 11:45:42.437,1.2337,1.234,1.60,1.60
2009.04.01 11:45:43.427,1.23375,1.234,1.60,1.60
2009.04.01 11:45:47.606,1.23375,1.2342,1.60,1.60
2009.04.01 11:45:47.936,1.23375,1.235,1.60,1.60
2009.04.01 11:45:51.475,1.2337,1.2348,1.60,1.60
2009.04.01 11:45:51.705,1.2337,1.23485,1.60,1.60
2009.04.01 11:45:51.975,1.2335,1.23475,1.60,1.60
2009.04.01 11:45:52.205,1.2335,1.2345,1.60,1.20
2009.04.01 11:45:53.215,1.2335,1.2344,1.60,1.20
2009.04.01 11:45:53.604,1.2333,1.2344,1.60,1.20
2009.04.01 11:45:54.004,1.2333,1.23435,1.60,1.60
2009.04.01 11:45:54.344,1.23325,1.2344,1.60,1.20
2009.04.01 11:45:54.694,1.23335,1.2344,1.60,1.20
2009.04.01 11:45:54.984,1.2333,1.2344,1.60,1.20
2009.04.01 11:45:55.314,1.23325,1.23425,3.20,1.60
2009.04.01 11:45:55.764,1.23335,1.23425,1.60,1.60
2009.04.01 11:45:57.134,1.23335,1.2345,1.60,4.00
2009.04.01 11:45:57.424,1.23335,1.2342,1.60,1.60
2009.04.01 11:45:58.593,1.23335,1.2341,1.60,1.20
2009.04.01 11:45:59.443,1.23335,1.23415,1.60,1.20
2009.04.01 11:46:00.013,1.2334,1.23415,1.60,1.20
2009.04.01 11:46:00.283,1.23335,1.23415,1.60,1.20
2009.04.01 11:46:00.852,1.2334,1.23415,1.60,1.20
2009.04.01 11:46:05.622,1.23335,1.23415,1.60,1.20
2009.04.01 11:46:06.641,1.23335,1.2345,1.60,1.20
2009.04.01 11:46:06.941,1.23335,1.23425,1.60,1.20
2009.04.01 11:46:10.670,1.2333,1.2344,1.60,1.60
2009.04.01 11:46:10.911,1.2333,1.2342,1.60,1.20
2009.04.01 11:46:12.110,1.2333,1.23415,1.60,1.20
2009.04.01 11:46:12.900,1.23335,1.23415,1.60,1.20
2009.04.01 11:46:14.629,1.2333,1.23415,1.60,1.20
2009.04.01 11:46:19.578,1.23335,1.23415,1.60,1.20
2009.04.01 11:46:21.888,1.2333,1.23415,1.60,1.20
2009.04.01 11:46:22.628,1.23335,1.23415,1.60,1.20
2009.04.01 11:46:23.077,1.2333,1.23415,1.60,1.20
2009.04.01 11:46:23.247,1.23335,1.23415,1.60,1.20
2009.04.01 11:46:28.106,1.23335,1.2345,1.60,1.20
2009.04.01 11:46:28.326,1.23335,1.23425,1.60,1.20
2009.04.01 11:46:36.634,1.23335,1.2345,1.60,1.20
2009.04.01 11:46:36.864,1.23335,1.23455,1.60,1.60
2009.04.01 11:46:37.104,1.2334,1.2346,1.60,1.60
2009.04.01 11:46:37.274,1.23345,1.2346,1.60,1.60
2009.04.01 11:46:47.431,1.2334,1.2345,3.20,1.60
2009.04.01 11:46:48.071,1.23345,1.2345,1.60,1.60
2009.04.01 11:46:52.800,1.2335,1.2345,1.60,1.60
2009.04.01 11:46:54.600,1.23345,1.2345,1.60,1.60
2009.04.01 11:46:58.079,1.2334,1.2345,3.20,1.60
2009.04.01 11:46:59.359,1.2334,1.23445,1.60,1.60
2009.04.01 11:46:59.809,1.23335,1.23445,3.20,1.60
2009.04.01 11:47:14.875,1.2334,1.2345,1.60,1.60
2009.04.01 11:47:15.295,1.23345,1.2345,1.60,1.60
2009.04.01 11:47:19.333,1.23325,1.23425,3.20,1.60
2009.04.01 11:47:19.674,1.23335,1.2345,1.60,1.60
2009.04.01 11:47:20.423,1.2333,1.2345,1.60,1.60
2009.04.01 11:47:26.812,1.2334,1.2345,1.60,1.60
2009.04.01 11:47:26.992,1.2334,1.2345,3.20,1.60
2009.04.01 11:47:40.978,1.23335,1.23445,3.20,1.60
2009.04.01 11:47:42.968,1.2334,1.23435,1.60,1.60
2009.04.01 11:47:43.258,1.2333,1.23435,1.60,1.60
2009.04.01 11:48:03.883,1.23325,1.23435,3.20,1.60
2009.04.01 11:48:04.463,1.2333,1.23435,1.60,1.60
2009.04.01 11:48:04.703,1.23325,1.23435,3.20,1.60
2009.04.01 11:48:05.452,1.2333,1.23435,1.60,1.60
2009.04.01 11:48:05.972,1.23325,1.23435,3.20,1.60
2009.04.01 11:48:10.481,1.23325,1.23435,3.20,1.60
2009.04.01 11:48:11.311,1.2333,1.23445,1.60,1.60
2009.04.01 11:48:11.481,1.23345,1.2345,1.60,3.20
2009.04.01 11:48:11.711,1.2335,1.2345,1.60,1.60
2009.04.01 11:48:12.051,1.23345,1.2345,1.60,1.60
2009.04.01 11:48:13.181,1.2336,1.2346,1.60,3.20
2009.04.01 11:48:13.361,1.2336,1.2346,3.20,3.20
2009.04.01 11:48:13.471,1.23355,1.2345,1.60,1.60
2009.04.01 11:48:13.581,1.23355,1.2344,1.60,1.60
2009.04.01 11:48:13.930,1.2335,1.2345,1.60,1.60
2009.04.01 11:48:15.030,1.2336,1.2346,3.20,3.20
2009.04.01 11:48:15.430,1.2337,1.2345,1.60,1.60
2009.04.01 11:48:15.531,1.23345,1.2345,1.60,1.60
2009.04.01 11:48:17.130,1.2336,1.2346,3.20,3.20
2009.04.01 11:48:19.060,1.2337,1.2345,1.60,1.60
2009.04.01 11:48:19.529,1.23345,1.2345,1.60,1.60
2009.04.01 11:48:41.004,1.2336,1.2346,3.20,1.60
2009.04.01 11:48:41.635,1.2336,1.2346,3.20,3.20
2009.04.01 11:48:41.914,1.2337,1.2347,1.60,1.60
2009.04.01 11:48:42.354,1.2337,1.2347,3.20,1.60
2009.04.01 11:48:53.451,1.2338,1.23465,3.20,1.60
2009.04.01 11:49:01.019,1.2341,1.23525,1.60,3.60
2009.04.01 11:49:01.639,1.23405,1.23525,1.60,3.60
2009.04.01 11:49:03.009,1.23405,1.23515,1.60,1.60
2009.04.01 11:49:03.409,1.23395,1.23515,1.60,1.60
2009.04.01 11:49:03.638,1.23395,1.2351,1.60,1.60
2009.04.01 11:49:03.908,1.2339,1.2351,1.60,1.60
2009.04.01 11:49:07.598,1.234,1.23515,1.20,1.60
2009.04.01 11:49:07.867,1.2342,1.2354,1.60,1.60
2009.04.01 11:49:07.928,1.2342,1.23555,1.60,2.00
2009.04.01 11:49:19.415,1.2343,1.2355,1.60,3.60
2009.04.01 11:49:27.143,1.2343,1.2355,1.60,2.00
2009.04.01 11:49:44.458,1.2343,1.2355,1.60,3.60
2009.04.01 11:49:45.368,1.2343,1.2355,1.60,2.00
2009.04.01 11:49:45.888,1.2343,1.2355,1.60,3.60
2009.04.01 11:50:04.814,1.2343,1.2355,1.60,2.00
2009.04.01 11:50:06.653,1.2342,1.23545,1.60,1.60
2009.04.01 11:50:09.193,1.23415,1.2354,1.60,1.60
2009.04.01 11:50:09.652,1.2342,1.23545,1.60,1.60
2009.04.01 11:50:10.552,1.23415,1.2354,1.60,1.60
2009.04.01 11:50:11.302,1.2342,1.23545,1.60,1.60
2009.04.01 11:50:12.152,1.23415,1.2354,1.60,1.60
2009.04.01 11:50:12.782,1.2342,1.23545,1.60,1.60
2009.04.01 11:50:13.141,1.23415,1.2354,1.60,1.60
2009.04.01 11:50:13.481,1.2341,1.23535,1.60,1.60
2009.04.01 11:50:13.881,1.23415,1.23535,1.60,1.60
2009.04.01 11:50:14.391,1.23415,1.2354,1.60,1.60
2009.04.01 11:50:14.861,1.2341,1.23535,1.60,1.60
2009.04.01 11:50:15.161,1.23415,1.2354,1.60,1.60
2009.04.01 11:50:16.081,1.2341,1.23535,1.60,1.60
2009.04.01 11:50:16.251,1.23405,1.2353,1.60,1.60
2009.04.01 11:50:16.721,1.2341,1.23535,1.60,1.60
2009.04.01 11:50:17.251,1.23405,1.2353,1.60,1.60
2009.04.01 11:50:18.450,1.234,1.23525,1.60,1.60
2009.04.01 11:50:19.070,1.23405,1.2353,1.60,1.60
2009.04.01 11:50:19.310,1.23415,1.2354,1.60,3.60
2009.04.01 11:50:19.540,1.2342,1.2354,1.60,2.00
2009.04.01 11:50:20.110,1.2342,1.23535,1.60,2.00
2009.04.01 11:50:20.460,1.23415,1.23535,1.60,2.00
2009.04.01 11:50:23.160,1.23415,1.2353,1.60,2.00
2009.04.01 11:50:23.439,1.23395,1.23525,1.60,1.60
2009.04.01 11:50:23.729,1.2341,1.2353,1.60,2.00
2009.04.01 11:50:23.959,1.2341,1.23535,1.60,2.00
2009.04.01 11:50:34.377,1.23415,1.2354,1.60,3.60
2009.04.01 11:50:34.717,1.2342,1.2354,1.60,2.00
2009.04.01 11:50:35.356,1.23425,1.2354,1.60,2.00
2009.04.01 11:50:35.696,1.23415,1.2354,1.60,3.60
2009.04.01 11:50:38.656,1.23385,1.2351,1.60,2.00
2009.04.01 11:50:39.055,1.2338,1.2351,1.60,3.60
2009.04.01 11:50:41.045,1.2339,1.23515,1.60,3.60
2009.04.01 11:50:41.385,1.23395,1.23515,1.60,2.00
2009.04.01 11:50:44.744,1.234,1.23525,1.60,3.60
2009.04.01 11:50:45.084,1.23405,1.23525,1.60,2.00
2009.04.01 11:50:45.374,1.234,1.2352,1.60,2.00
2009.04.01 11:50:47.823,1.234,1.23525,1.60,3.60
2009.04.01 11:50:48.173,1.234,1.23525,1.60,1.60
2009.04.01 11:50:48.333,1.23405,1.2353,1.60,3.60
2009.04.01 11:50:49.583,1.23415,1.2353,1.60,2.00
2009.04.01 11:50:53.832,1.23415,1.23535,1.60,3.60
2009.04.01 11:50:54.572,1.23415,1.23535,1.60,1.60
2009.04.01 11:50:55.091,1.2343,1.2356,1.60,2.00
2009.04.01 11:50:55.761,1.23425,1.2356,1.60,3.60
2009.04.01 11:51:01.570,1.2343,1.2355,1.60,3.60
2009.04.01 11:51:01.930,1.2343,1.2355,1.60,2.00
2009.04.01 11:51:04.829,1.2343,1.2355,1.60,3.60
2009.04.01 11:51:05.009,1.2339,1.2353,1.20,1.60
2009.04.01 11:51:09.888,1.234,1.2352,2.60,1.60
2009.04.01 11:51:12.567,1.2343,1.23525,1.60,1.60
2009.04.01 11:51:12.747,1.2337,1.2351,1.20,1.60
2009.04.01 11:51:14.767,1.23385,1.2349,1.20,1.60
2009.04.01 11:51:17.687,1.2336,1.2349,3.20,1.60
2009.04.01 11:51:17.806,1.2336,1.23485,1.60,1.60
2009.04.01 11:51:20.425,1.23365,1.2349,3.20,1.60
2009.04.01 11:51:20.775,1.2337,1.2349,2.60,1.60
2009.04.01 11:51:21.715,1.2337,1.23495,4.20,1.60
2009.04.01 11:51:27.904,1.2337,1.23495,2.60,1.60
2009.04.01 11:51:28.064,1.2337,1.23495,1.60,1.60
2009.04.01 11:51:28.433,1.23365,1.2349,3.20,1.60
2009.04.01 11:51:30.393,1.23375,1.2349,1.20,1.60
2009.04.01 11:51:30.623,1.23365,1.2349,3.20,1.60
2009.04.01 11:51:31.453,1.2338,1.2349,1.20,1.60
2009.04.01 11:51:31.623,1.2338,1.23495,1.20,1.60
2009.04.01 11:51:40.121,1.2337,1.2348,1.20,1.60
2009.04.01 11:51:41.141,1.2337,1.23475,1.20,1.60
2009.04.01 11:51:43.560,1.23335,1.2346,1.60,1.60
2009.04.01 11:51:44.999,1.23345,1.2345,1.60,1.60
2009.04.01 11:51:45.349,1.23345,1.23455,1.60,1.60
2009.04.01 11:51:45.929,1.23345,1.2345,1.60,1.60
2009.04.01 11:51:49.348,1.23345,1.23455,1.60,3.20
2009.04.01 11:51:49.618,1.23345,1.2345,1.60,1.60
2009.04.01 11:51:49.968,1.23345,1.23445,1.60,1.60
2009.04.01 11:51:50.808,1.23345,1.2345,1.60,1.60
2009.04.01 11:51:51.458,1.23345,1.23445,1.60,1.60
2009.04.01 11:51:51.688,1.23345,1.23455,1.60,3.20
2009.04.01 11:51:52.038,1.23345,1.23445,1.60,1.60
2009.04.01 11:51:52.388,1.23345,1.23455,2.60,1.60
2009.04.01 11:51:52.858,1.23345,1.23455,1.60,1.60
2009.04.01 11:51:53.308,1.23345,1.2345,1.60,1.60
2009.04.01 11:51:54.207,1.23345,1.2345,2.60,1.60
2009.04.01 11:51:54.497,1.23345,1.2346,1.60,1.60
2009.04.01 11:51:54.737,1.23345,1.23455,1.60,1.60
2009.04.01 11:51:55.427,1.23335,1.23455,2.60,1.60
2009.04.01 11:52:11.563,1.23345,1.23455,1.60,3.20
2009.04.01 11:52:11.793,1.23345,1.23445,1.60,1.60
2009.04.01 11:52:12.883,1.23345,1.2344,1.60,1.60
2009.04.01 11:52:15.932,1.23345,1.23435,1.60,3.20
2009.04.01 11:52:16.222,1.23345,1.23425,1.60,1.60
2009.04.01 11:52:16.852,1.23345,1.23415,1.60,1.60
2009.04.01 11:52:23.420,1.23345,1.23425,1.60,1.60
2009.04.01 11:52:26.050,1.23345,1.23415,1.60,1.60
2009.04.01 11:52:29.999,1.23345,1.23425,1.60,1.60
2009.04.01 11:52:37.017,1.23345,1.23415,1.60,1.60
2009.04.01 11:52:37.357,1.23345,1.2341,1.60,1.60
2009.04.01 11:52:41.136,1.23345,1.2341,1.60,3.20
2009.04.01 11:52:41.366,1.23345,1.23405,1.60,1.60
2009.04.01 11:52:41.656,1.23345,1.23405,1.60,3.20
2009.04.01 11:52:46.025,1.23345,1.23405,1.60,3.20
2009.04.01 11:52:50.544,1.23345,1.2341,1.60,1.60
2009.04.01 11:52:51.174,1.23345,1.2341,1.60,3.20
2009.04.01 11:52:51.513,1.23345,1.23405,1.60,3.20
2009.04.01 11:52:54.853,1.23345,1.234,1.60,3.20
2009.04.01 11:52:55.032,1.23345,1.234,1.60,1.60
2009.04.01 11:52:55.372,1.23345,1.23405,1.60,3.20
2009.04.01 11:52:57.142,1.23345,1.23395,1.60,1.60
2009.04.01 11:52:58.781,1.23345,1.2339,1.60,1.60
2009.04.01 11:52:59.771,1.23345,1.23385,1.60,1.60
2009.04.01 11:52:59.991,1.23345,1.2338,1.60,1.60
2009.04.01 11:53:00.292,1.23345,1.23385,1.60,1.60
2009.04.01 11:53:00.511,1.23345,1.2338,1.60,1.60
2009.04.01 11:53:01.151,1.23345,1.2339,1.60,1.60
2009.04.01 11:53:02.081,1.23345,1.2341,1.60,1.60
2009.04.01 11:53:02.311,1.23345,1.234,1.60,1.60
2009.04.01 11:53:05.310,1.23345,1.23405,1.60,1.60
2009.04.01 11:53:09.839,1.23345,1.234,1.60,1.60
2009.04.01 11:53:10.989,1.23345,1.234,1.60,3.20
2009.04.01 11:53:11.628,1.23345,1.2339,1.60,1.60
2009.04.01 11:53:12.768,1.23345,1.23395,1.60,1.60
2009.04.01 11:53:14.738,1.23345,1.23405,1.60,1.60
2009.04.01 11:53:15.078,1.23345,1.23415,1.60,1.60
2009.04.01 11:53:15.418,1.23345,1.23425,1.60,1.60
2009.04.01 11:53:18.007,1.23345,1.2342,1.60,1.60
2009.04.01 11:53:18.457,1.23345,1.2341,1.60,1.60
2009.04.01 11:53:23.096,1.23345,1.23405,1.60,1.60
2009.04.01 11:53:23.156,1.23345,1.23415,1.60,1.60
2009.04.01 11:53:29.094,1.23345,1.23425,1.60,1.60
2009.04.01 11:53:34.853,1.23345,1.23415,1.60,1.60
2009.04.01 11:53:35.143,1.23345,1.2341,1.60,1.60
2009.04.01 11:53:37.032,1.23335,1.23455,3.20,1.60
2009.04.01 11:53:37.312,1.23345,1.2345,1.60,3.20
2009.04.01 11:53:37.712,1.23345,1.2343,1.60,1.60
2009.04.01 11:53:37.932,1.23345,1.23425,1.60,1.60
2009.04.01 11:53:38.322,1.23345,1.2341,1.60,1.60
2009.04.01 11:53:40.491,1.23345,1.2342,1.60,1.60
2009.04.01 11:53:41.541,1.23345,1.23415,1.60,1.60
2009.04.01 11:53:42.741,1.23345,1.23425,1.60,1.60
2009.04.01 11:53:44.431,1.23345,1.2342,1.60,1.60
2009.04.01 11:53:45.500,1.23345,1.23415,1.60,1.60
2009.04.01 11:53:58.447,1.2335,1.23415,1.60,1.60
2009.04.01 11:53:58.507,1.2335,1.2345,1.60,1.60
2009.04.01 11:53:58.617,1.2335,1.2345,1.60,3.60
2009.04.01 11:53:58.797,1.23345,1.23435,1.60,1.60
2009.04.01 11:53:58.857,1.2332,1.23425,3.20,1.60
2009.04.01 11:54:00.317,1.23325,1.23415,4.80,1.60
2009.04.01 11:54:00.496,1.2334,1.2345,1.60,1.60
2009.04.01 11:54:00.617,1.2334,1.2345,1.60,3.60
2009.04.01 11:54:00.736,1.23315,1.23435,3.20,1.60
2009.04.01 11:54:01.077,1.23315,1.23425,3.20,1.60
2009.04.01 11:54:01.356,1.23325,1.23425,1.60,1.60
2009.04.01 11:54:01.467,1.2332,1.23415,1.60,1.60
2009.04.01 11:54:02.056,1.23335,1.23405,1.60,1.60
2009.04.01 11:54:02.296,1.23335,1.234,1.60,1.60
2009.04.01 11:54:02.816,1.23335,1.23405,1.60,1.60
2009.04.01 11:54:03.096,1.23335,1.2341,1.60,1.60
2009.04.01 11:54:03.937,1.23335,1.23415,1.60,1.60
2009.04.01 11:54:04.356,1.23335,1.23425,1.60,1.60
2009.04.01 11:54:04.596,1.23335,1.2342,1.60,1.60
2009.04.01 11:54:06.025,1.23335,1.23415,1.60,1.60
2009.04.01 11:54:09.674,1.23335,1.2342,1.60,1.60
2009.04.01 11:54:10.874,1.23335,1.23425,1.60,3.20
2009.04.01 11:54:14.183,1.23325,1.2342,3.20,1.60
2009.04.01 11:54:14.573,1.23325,1.2344,3.20,3.20
2009.04.01 11:54:15.043,1.23325,1.2343,3.20,1.60
2009.04.01 11:54:15.363,1.23325,1.2343,3.20,3.20
2009.04.01 11:54:16.033,1.23335,1.2342,1.60,1.60
2009.04.01 11:54:16.393,1.23335,1.23405,1.60,1.60
2009.04.01 11:54:16.733,1.23335,1.23425,1.60,1.60
2009.04.01 11:54:17.023,1.23335,1.2343,1.60,1.60
2009.04.01 11:54:17.523,1.23335,1.23415,1.60,1.60
2009.04.01 11:54:18.602,1.23335,1.2341,1.60,1.60
2009.04.01 11:54:19.382,1.23335,1.23445,1.60,1.60
2009.04.01 11:54:20.032,1.23335,1.2344,1.60,1.60
2009.04.01 11:54:20.492,1.23335,1.23435,1.60,1.60
2009.04.01 11:54:20.832,1.2334,1.23435,1.20,1.60
2009.04.01 11:54:21.112,1.2335,1.2349,1.60,1.60
2009.04.01 11:54:21.522,1.2336,1.235,1.60,1.60
2009.04.01 11:54:22.221,1.2336,1.2349,1.60,1.60
2009.04.01 11:54:23.831,1.23375,1.23495,1.60,1.60
2009.04.01 11:54:24.511,1.2337,1.23495,1.60,1.60
2009.04.01 11:54:24.791,1.2336,1.23485,1.60,1.60
2009.04.01 11:54:25.021,1.2336,1.23485,2.60,1.60
2009.04.01 11:54:26.570,1.2337,1.23495,1.60,1.60
2009.04.01 11:54:26.960,1.2336,1.23485,2.60,1.60
2009.04.01 11:54:29.699,1.23365,1.2349,1.60,1.60
2009.04.01 11:54:33.009,1.23365,1.2349,2.60,1.60
2009.04.01 11:54:39.057,1.23365,1.23485,1.20,1.60
2009.04.01 11:54:39.407,1.23365,1.2349,2.60,1.60
2009.04.01 11:54:49.595,1.2337,1.23495,1.60,1.60
2009.04.01 11:54:50.215,1.23365,1.23485,1.20,1.60
2009.04.01 11:54:50.565,1.23365,1.2349,2.60,1.60
2009.04.01 11:54:51.375,1.2337,1.2349,2.60,1.60
2009.04.01 11:54:51.844,1.23375,1.23495,1.60,1.60
2009.04.01 11:54:52.134,1.2338,1.23495,1.20,1.60
2009.04.01 11:54:52.364,1.2338,1.235,1.20,1.60
2009.04.01 11:54:52.704,1.2338,1.23495,1.20,1.60
2009.04.01 11:54:53.054,1.2338,1.235,1.20,1.60
2009.04.01 11:54:53.514,1.2338,1.23495,1.20,1.60
2009.04.01 11:54:55.463,1.2339,1.235,1.60,1.60
2009.04.01 11:54:55.833,1.23395,1.235,1.60,1.60
2009.04.01 11:54:56.003,1.23395,1.23505,1.60,1.60
2009.04.01 11:54:57.953,1.23385,1.23505,1.60,1.60
2009.04.01 11:54:58.123,1.2338,1.235,2.60,1.60
2009.04.01 11:55:02.241,1.2339,1.23505,1.60,1.60
2009.04.01 11:55:03.521,1.23395,1.235,1.60,1.60
2009.04.01 11:55:12.649,1.23375,1.235,1.60,1.60
2009.04.01 11:55:13.049,1.2337,1.23495,2.60,1.60
2009.04.01 11:55:24.936,1.2337,1.2349,2.60,1.60
2009.04.01 11:55:25.166,1.2337,1.2348,1.20,1.60
2009.04.01 11:55:25.326,1.23365,1.2348,1.20,1.60
2009.04.01 11:55:31.585,1.23345,1.2347,2.60,1.60
2009.04.01 11:55:37.093,1.23345,1.23455,1.60,1.60
2009.04.01 11:55:39.483,1.23335,1.23455,3.20,1.60
2009.04.01 11:55:39.722,1.23345,1.23455,1.60,3.20
2009.04.01 11:55:39.953,1.23345,1.2344,1.60,1.60
2009.04.01 11:55:40.352,1.23335,1.2346,4.20,1.60
2009.04.01 11:55:40.682,1.23335,1.23455,4.20,1.60
2009.04.01 11:55:45.082,1.23345,1.2345,1.60,1.60
2009.04.01 11:55:45.431,1.23345,1.2344,1.60,1.60
2009.04.01 11:55:49.940,1.23345,1.23435,1.60,2.80
2009.04.01 11:55:55.759,1.23345,1.2344,1.60,3.20
2009.04.01 11:55:55.869,1.23345,1.23445,1.60,3.20
2009.04.01 11:55:58.788,1.23355,1.23445,1.60,1.60
2009.04.01 11:55:59.088,1.23355,1.2345,1.60,2.80
2009.04.01 11:55:59.268,1.23355,1.2345,1.60,1.60
2009.04.01 11:56:00.078,1.2337,1.23485,1.60,1.60
2009.04.01 11:56:08.086,1.2337,1.235,3.20,1.60
2009.04.01 11:56:12.654,1.2337,1.23495,3.20,3.60
2009.04.01 11:56:12.765,1.2337,1.23485,1.60,1.60
2009.04.01 11:56:12.885,1.2336,1.23485,3.20,1.60
2009.04.01 11:56:16.553,1.2337,1.23495,1.60,1.60
2009.04.01 11:56:16.893,1.23375,1.23495,1.60,1.60
2009.04.01 11:56:18.443,1.23375,1.2349,1.60,1.60
2009.04.01 11:56:20.993,1.23385,1.2349,1.60,1.60
2009.04.01 11:56:21.233,1.2339,1.235,1.60,1.60
2009.04.01 11:56:22.122,1.2339,1.23505,1.60,1.60
2009.04.01 11:56:22.412,1.2339,1.2351,1.60,3.60
2009.04.01 11:56:23.092,1.2338,1.235,1.60,2.00
2009.04.01 11:56:23.392,1.2336,1.2349,1.60,1.60
2009.04.01 11:56:23.613,1.2336,1.23485,1.60,1.60
2009.04.01 11:56:23.952,1.23345,1.23475,1.60,1.60
2009.04.01 11:56:26.611,1.23365,1.2347,1.60,1.60
2009.04.01 11:56:26.841,1.23375,1.2347,1.60,1.60
2009.04.01 11:56:26.961,1.23375,1.23475,1.60,1.60
2009.04.01 11:56:27.561,1.2336,1.2347,1.60,1.60
2009.04.01 11:56:28.201,1.23375,1.23475,1.60,1.60
2009.04.01 11:56:28.921,1.23375,1.2348,1.60,1.60
2009.04.01 11:56:30.881,1.2338,1.235,1.60,1.60
2009.04.01 11:56:31.340,1.23405,1.2352,1.60,2.00
2009.04.01 11:56:31.570,1.2342,1.2352,1.60,2.00
2009.04.01 11:56:31.800,1.2342,1.23525,1.60,2.00
2009.04.01 11:56:32.910,1.2343,1.2353,1.60,2.00
2009.04.01 11:56:39.159,1.23435,1.23525,1.60,1.60
2009.04.01 11:56:39.458,1.23435,1.2353,1.60,1.60
2009.04.01 11:56:42.637,1.2342,1.2353,1.60,1.60
2009.04.01 11:56:42.757,1.2342,1.2352,1.60,1.60
2009.04.01 11:56:44.417,1.23425,1.2352,3.20,1.60
2009.04.01 11:56:44.717,1.2346,1.23555,1.60,1.60
2009.04.01 11:56:44.957,1.235,1.23555,1.60,1.60
2009.04.01 11:56:45.307,1.2351,1.2362,1.60,1.60
2009.04.01 11:56:45.647,1.2348,1.23635,1.60,1.60
2009.04.01 11:56:46.066,1.23495,1.2363,1.60,1.60
2009.04.01 11:56:46.387,1.23475,1.23605,1.60,1.60
2009.04.01 11:56:46.626,1.23475,1.236,1.60,1.60
2009.04.01 11:56:46.916,1.2348,1.2361,1.60,1.60
2009.04.01 11:56:47.436,1.2349,1.23615,1.60,1.60
2009.04.01 11:56:53.645,1.2348,1.23605,1.60,1.60
2009.04.01 11:57:12.310,1.23475,1.23595,1.60,1.60
2009.04.01 11:57:12.490,1.2348,1.236,1.60,1.60
2009.04.01 11:57:12.650,1.2347,1.23595,1.60,1.60
2009.04.01 11:57:31.536,1.2348,1.23595,1.60,1.60
2009.04.01 11:57:32.115,1.2348,1.23605,1.60,1.60
2009.04.01 11:57:34.445,1.23495,1.23605,1.60,1.60
2009.04.01 11:57:34.805,1.2349,1.23615,1.60,3.60
2009.04.01 11:57:35.265,1.23485,1.23605,1.60,1.60
2009.04.01 11:57:36.944,1.2348,1.23605,1.60,3.60
2009.04.01 11:57:37.304,1.2347,1.23595,1.60,1.60
2009.04.01 11:57:41.373,1.2348,1.23595,1.60,1.60
2009.04.01 11:57:41.493,1.2348,1.23605,1.60,1.60
2009.04.01 11:57:50.211,1.23555,1.23605,1.60,1.60
2009.04.01 11:57:50.431,1.23555,1.23645,1.60,5.60
2009.04.01 11:57:50.721,1.2353,1.23635,1.60,2.00
2009.04.01 11:57:51.081,1.2353,1.23625,1.60,2.00
2009.04.01 11:57:51.241,1.2347,1.2359,1.60,1.60
2009.04.01 11:57:52.140,1.23495,1.2359,1.60,1.60
2009.04.01 11:57:52.470,1.23535,1.2362,1.60,1.60
2009.04.01 11:57:53.061,1.23525,1.2362,1.60,1.60
2009.04.01 11:57:56.340,1.23535,1.23645,1.60,1.60
2009.04.01 11:57:58.459,1.23545,1.2364,1.60,1.60
2009.04.01 11:57:58.689,1.23545,1.23645,1.60,1.60
2009.04.01 11:57:59.559,1.2355,1.23665,1.60,1.60
2009.04.01 11:58:00.768,1.23545,1.23665,1.60,5.20
2009.04.01 11:58:02.278,1.2354,1.23655,1.60,1.60
2009.04.01 11:58:03.428,1.2354,1.23655,3.20,1.60
2009.04.01 11:58:03.548,1.2355,1.2366,3.20,1.60
2009.04.01 11:58:05.777,1.2355,1.2365,1.60,1.60
2009.04.01 11:58:06.427,1.23545,1.2365,1.60,1.60
2009.04.01 11:58:07.847,1.23545,1.2364,1.60,1.20
2009.04.01 11:58:08.197,1.23505,1.23615,1.60,1.60
2009.04.01 11:58:08.607,1.23495,1.23615,2.60,1.60
2009.04.01 11:58:09.786,1.23515,1.236,1.20,1.60
2009.04.01 11:58:10.066,1.23525,1.2362,1.60,1.60
2009.04.01 11:58:10.357,1.23525,1.2361,1.60,1.60
2009.04.01 11:58:10.586,1.23515,1.2362,1.60,1.60
2009.04.01 11:58:10.826,1.23525,1.2362,1.60,1.60
2009.04.01 11:58:11.126,1.2352,1.23615,1.60,1.60
2009.04.01 11:58:12.786,1.23515,1.23615,1.60,1.60
2009.04.01 11:58:15.225,1.23525,1.23635,1.60,1.60
2009.04.01 11:58:15.405,1.2353,1.23635,1.60,1.60
2009.04.01 11:58:15.685,1.23525,1.23635,3.20,1.60
2009.04.01 11:58:19.534,1.2353,1.2362,1.60,1.60
2009.04.01 11:58:20.064,1.2351,1.2362,1.60,1.60
2009.04.01 11:58:20.704,1.23515,1.2364,1.60,1.60
2009.04.01 11:58:21.443,1.23525,1.2364,1.60,1.60
2009.04.01 11:58:21.663,1.2353,1.2364,1.60,1.60
2009.04.01 11:58:22.063,1.23525,1.23635,1.60,1.60
2009.04.01 11:58:22.593,1.23525,1.23635,3.20,1.60
2009.04.01 11:58:22.803,1.2353,1.23635,1.60,1.60
2009.04.01 11:58:25.073,1.23525,1.23625,1.60,2.00
2009.04.01 11:58:25.372,1.2349,1.2362,1.60,1.60
2009.04.01 11:58:26.502,1.23495,1.2362,1.60,1.60
2009.04.01 11:58:27.672,1.23495,1.2361,1.60,1.60
2009.04.01 11:58:28.082,1.23485,1.23605,1.60,2.00
2009.04.01 11:58:28.432,1.23485,1.2361,3.20,1.60
2009.04.01 11:58:29.452,1.23495,1.23615,1.60,1.60
2009.04.01 11:58:30.081,1.2349,1.2359,1.60,1.60
2009.04.01 11:58:30.411,1.2348,1.23605,1.60,1.60
2009.04.01 11:58:30.751,1.2349,1.23605,1.60,1.60
2009.04.01 11:58:31.021,1.23495,1.23605,1.60,1.60
2009.04.01 11:58:31.421,1.235,1.2362,1.60,3.60
2009.04.01 11:58:31.591,1.23495,1.2362,1.60,3.60
2009.04.01 11:58:32.331,1.23495,1.23615,1.60,2.00
2009.04.01 11:58:32.551,1.23495,1.236,1.60,1.60
2009.04.01 11:58:32.851,1.2349,1.236,1.60,1.60
2009.04.01 11:58:33.200,1.2349,1.23595,3.20,1.60
2009.04.01 11:58:33.501,1.2349,1.23585,1.60,1.60
2009.04.01 11:58:34.011,1.2348,1.2358,3.20,1.60
2009.04.01 11:58:35.570,1.2348,1.2358,4.80,1.60
2009.04.01 11:58:35.900,1.2348,1.2357,1.60,1.60
2009.04.01 11:58:36.130,1.23475,1.2357,1.60,1.60
2009.04.01 11:58:37.370,1.2347,1.2356,1.60,1.60
2009.04.01 11:58:37.540,1.2346,1.2356,3.20,1.60
2009.04.01 11:58:39.199,1.2346,1.2356,1.60,1.60
2009.04.01 11:58:40.689,1.2346,1.2356,3.20,1.60
2009.04.01 11:58:48.887,1.2347,1.2357,1.60,1.60
2009.04.01 11:58:48.997,1.2347,1.2357,3.20,1.60
2009.04.01 11:58:49.057,1.2347,1.2356,1.60,1.60
2009.04.01 11:58:49.237,1.2346,1.2356,3.20,1.60
2009.04.01 11:58:49.297,1.2346,1.2355,1.60,1.60
2009.04.01 11:58:49.517,1.23455,1.2355,1.60,1.60
2009.04.01 11:58:49.797,1.2346,1.2356,1.60,1.60
2009.04.01 11:58:50.087,1.2346,1.2356,3.20,1.60
2009.04.01 11:58:55.955,1.2347,1.23565,1.60,1.60
2009.04.01 11:59:01.504,1.23465,1.2356,1.60,1.60
2009.04.01 11:59:01.754,1.2346,1.2356,1.60,1.60
2009.04.01 11:59:01.974,1.2347,1.23585,1.60,3.20
2009.04.01 11:59:02.274,1.23475,1.2356,1.60,1.60
2009.04.01 11:59:02.503,1.2347,1.23585,1.60,1.60
2009.04.01 11:59:02.793,1.23475,1.2356,1.60,1.60
2009.04.01 11:59:03.063,1.2345,1.2356,1.60,1.60
2009.04.01 11:59:03.583,1.23465,1.2356,1.60,1.60
2009.04.01 11:59:03.923,1.23465,1.23585,1.60,1.60
2009.04.01 11:59:04.253,1.2347,1.2359,1.60,1.60
2009.04.01 11:59:05.133,1.2348,1.236,1.60,1.60
2009.04.01 11:59:05.363,1.2348,1.2358,1.60,1.60
2009.04.01 11:59:05.523,1.2346,1.2358,1.60,1.60
2009.04.01 11:59:07.502,1.23465,1.23575,3.20,1.60
2009.04.01 11:59:07.792,1.23465,1.23565,1.60,1.60
2009.04.01 11:59:08.152,1.2346,1.23565,1.60,1.60
2009.04.01 11:59:09.872,1.2346,1.23545,1.60,1.60
2009.04.01 11:59:10.282,1.23425,1.23545,2.60,1.60
2009.04.01 11:59:10.732,1.23425,1.23555,4.20,1.60
2009.04.01 11:59:11.072,1.23435,1.23545,1.60,1.60
2009.04.01 11:59:11.471,1.2345,1.2358,1.20,1.60
2009.04.01 11:59:12.221,1.2346,1.23595,1.60,4.40
2009.04.01 11:59:12.561,1.23475,1.23585,1.60,2.80
2009.04.01 11:59:12.831,1.23475,1.23585,1.60,1.60
2009.04.01 11:59:13.299,1.23495,1.2361,1.60,1.60
2009.04.01 11:59:13.910,1.23475,1.23595,1.60,1.60
2009.04.01 11:59:15.110,1.23475,1.23585,1.60,1.60
2009.04.01 11:59:15.350,1.2348,1.23585,1.60,1.60
2009.04.01 11:59:15.570,1.2348,1.2359,3.20,1.60
2009.04.01 11:59:16.700,1.2347,1.2359,1.60,1.60
2009.04.01 11:59:18.999,1.23465,1.2359,1.60,3.20
2009.04.01 11:59:19.750,1.23455,1.2358,1.60,1.60
2009.04.01 11:59:20.079,1.2345,1.23575,1.60,1.60
2009.04.01 11:59:20.769,1.2344,1.23565,3.20,1.60
2009.04.01 11:59:27.758,1.2344,1.23565,4.80,1.60
2009.04.01 11:59:28.177,1.23445,1.23565,1.20,1.60
2009.04.01 11:59:28.467,1.2345,1.23575,1.60,1.60
2009.04.01 11:59:28.747,1.23455,1.2358,1.60,1.60
2009.04.01 11:59:29.207,1.2345,1.23575,1.60,1.60
2009.04.01 11:59:29.657,1.2346,1.23585,1.60,3.20
2009.04.01 11:59:32.086,1.2347,1.23595,1.60,1.60
2009.04.01 11:59:32.357,1.2347,1.23585,1.60,1.60
2009.04.01 11:59:32.706,1.23455,1.23575,1.60,1.60
2009.04.01 11:59:33.296,1.2345,1.23575,1.60,1.60
2009.04.01 11:59:36.995,1.2345,1.2357,1.60,1.60
2009.04.01 11:59:37.268,1.2345,1.2356,1.60,1.60
2009.04.01 11:59:37.615,1.23455,1.2357,1.60,1.60
2009.04.01 11:59:45.263,1.23455,1.23565,1.60,2.00
2009.04.01 11:59:45.883,1.23435,1.2354,1.60,1.60
2009.04.01 11:59:46.113,1.2343,1.2354,1.60,1.60
2009.04.01 11:59:46.853,1.2343,1.2353,1.60,1.60
2009.04.01 11:59:47.323,1.2343,1.2352,1.60,1.60
2009.04.01 11:59:47.963,1.2342,1.2352,3.20,1.60
2009.04.01 11:59:50.122,1.2342,1.2352,4.80,1.60
2009.04.01 11:59:50.632,1.2342,1.2352,6.40,1.60
2009.04.01 11:59:50.862,1.2343,1.2353,1.60,1.60
2009.04.01 11:59:51.712,1.2343,1.2353,3.20,1.60
2009.04.01 11:59:52.341,1.2343,1.2353,1.60,1.60
2009.04.01 11:59:52.961,1.2343,1.2353,3.20,1.60
2009.04.01 11:59:53.361,1.23435,1.23565,1.60,1.60
2009.04.01 11:59:53.701,1.23445,1.2358,1.60,1.60
2009.04.01 11:59:56.170,1.2345,1.23545,1.60,1.60
2009.04.01 11:59:56.730,1.2343,1.23545,1.60,1.60
2009.04.01 11:59:57.940,1.2343,1.2353,3.20,1.60
2009.04.01 11:59:59.221,1.23435,1.2353,1.60,1.60
