2011.05.06 15:00:00.047,1.3526,1.35312,1.50,1.35
2011.05.06 15:00:00.163,1.35269,1.35312,1.50,1.35
2011.05.06 15:00:00.391,1.3526,1.35312,1.50,1.35
2011.05.06 15:00:00.613,1.35267,1.35309,3.45,1.35
2011.05.06 15:00:00.953,1.35265,1.35304,1.50,1.35
2011.05.06 15:00:01.510,1.3525,1.35302,4.58,1.65
2011.05.06 15:00:01.732,1.35256,1.35302,1.50,2.40
2011.05.06 15:00:01.843,1.35259,1.35302,1.50,2.40
2011.05.06 15:00:02.070,1.3525,1.35302,2.63,2.40
2011.05.06 15:00:02.183,1.3525,1.35302,2.63,2.40
2011.05.06 15:00:02.656,1.35266,1.35298,1.50,2.40
2011.05.06 15:00:02.777,1.35251,1.35294,1.50,1.35
2011.05.06 15:00:03.110,1.35246,1.35294,2.25,1.35
2011.05.06 15:00:04.263,1.35249,1.35294,1.50,1.35
2011.05.06 15:00:04.822,1.35252,1.35297,1.50,1.35
2011.05.06 15:00:04.932,1.35248,1.35293,1.50,2.40
2011.05.06 15:00:05.043,1.35248,1.35293,2.25,2.40
2011.05.06 15:00:05.659,1.35248,1.35282,2.25,1.65
2011.05.06 15:00:05.893,1.35246,1.35293,1.50,2.25
2011.05.06 15:00:09.449,1.35249,1.35297,1.50,1.35
2011.05.06 15:00:10.601,1.35247,1.35293,2.25,2.40
2011.05.06 15:00:10.823,1.35247,1.35285,3.00,1.65
2011.05.06 15:00:11.164,1.35247,1.35288,2.25,1.65
2011.05.06 15:00:11.765,1.35247,1.35288,2.25,2.25
2011.05.06 15:00:11.888,1.3524,1.35287,1.43,1.65
2011.05.06 15:00:12.001,1.35242,1.35293,1.58,4.95
2011.05.06 15:00:12.552,1.35246,1.35287,2.25,2.70
2011.05.06 15:00:12.783,1.35236,1.35287,2.33,3.45
2011.05.06 15:00:13.011,1.35236,1.35286,2.33,1.65
2011.05.06 15:00:13.342,1.35237,1.35285,2.33,2.10
2011.05.06 15:00:13.570,1.35237,1.35287,2.93,3.15
2011.05.06 15:00:13.680,1.35237,1.35283,2.18,1.50
2011.05.06 15:00:14.010,1.35238,1.35287,1.58,3.15
2011.05.06 15:00:14.715,1.35237,1.35287,2.93,3.15
2011.05.06 15:00:15.271,1.35237,1.35284,2.93,2.25
2011.05.06 15:00:15.601,1.35237,1.35284,2.93,1.50
2011.05.06 15:00:16.162,1.35237,1.35287,2.93,2.40
2011.05.06 15:00:16.602,1.35237,1.35293,3.68,2.25
2011.05.06 15:00:16.830,1.35237,1.35293,3.68,1.50
2011.05.06 15:00:18.105,1.35269,1.35292,1.50,2.70
2011.05.06 15:00:18.333,1.35263,1.35292,1.65,2.70
2011.05.06 15:00:18.455,1.35266,1.35292,1.50,2.70
2011.05.06 15:00:18.684,1.35281,1.35312,1.50,2.70
2011.05.06 15:00:18.801,1.35279,1.35326,1.50,1.35
2011.05.06 15:00:19.025,1.35277,1.35323,2.25,3.45
2011.05.06 15:00:19.253,1.35273,1.35317,1.50,2.40
2011.05.06 15:00:19.592,1.35276,1.35317,1.50,2.40
2011.05.06 15:00:19.814,1.35276,1.35314,1.50,1.50
2011.05.06 15:00:19.931,1.35276,1.3532,1.50,3.45
2011.05.06 15:00:20.727,1.35269,1.35314,3.83,2.25
2011.05.06 15:00:21.064,1.35274,1.35314,1.50,1.50
2011.05.06 15:00:21.182,1.35272,1.35316,1.50,1.65
2011.05.06 15:00:21.292,1.35273,1.35323,1.50,4.95
2011.05.06 15:00:21.515,1.35269,1.35312,1.13,1.65
2011.05.06 15:00:21.960,1.35271,1.35313,1.50,1.50
2011.05.06 15:00:22.403,1.35269,1.35312,1.13,2.40
2011.05.06 15:00:23.622,1.35266,1.35313,2.10,1.50
2011.05.06 15:00:24.696,1.35263,1.35313,1.50,2.25
2011.05.06 15:00:24.813,1.35254,1.35294,1.13,1.35
2011.05.06 15:00:25.152,1.35246,1.35295,1.35,1.50
2011.05.06 15:00:25.376,1.35253,1.35297,1.50,2.70
2011.05.06 15:00:25.494,1.35251,1.35299,3.45,2.40
2011.05.06 15:00:26.159,1.35248,1.35299,6.15,1.50
2011.05.06 15:00:26.271,1.35247,1.35295,4.95,1.50
2011.05.06 15:00:26.879,1.35246,1.35294,1.35,1.50
2011.05.06 15:00:27.490,1.35246,1.35294,4.05,1.50
2011.05.06 15:00:27.629,1.35256,1.35305,2.25,1.13
2011.05.06 15:00:29.507,1.35261,1.35305,1.50,1.13
2011.05.06 15:00:29.623,1.35263,1.35304,1.50,1.13
2011.05.06 15:00:29.741,1.35261,1.35304,1.50,1.13
2011.05.06 15:00:31.090,1.35267,1.35303,1.50,1.35
2011.05.06 15:00:31.310,1.35257,1.35303,2.25,1.35
2011.05.06 15:00:33.793,1.35247,1.35295,2.25,2.70
2011.05.06 15:00:34.131,1.35247,1.35295,2.25,3.30
2011.05.06 15:00:34.354,1.35243,1.35288,1.20,1.35
2011.05.06 15:00:34.691,1.35243,1.35284,1.20,2.70
2011.05.06 15:00:35.019,1.35243,1.35288,1.20,2.10
2011.05.06 15:00:35.902,1.35243,1.35288,1.20,2.10
2011.05.06 15:00:36.231,1.35243,1.35293,1.20,2.70
2011.05.06 15:00:36.820,1.35243,1.35294,1.20,1.50
2011.05.06 15:00:37.415,1.35243,1.35289,1.20,2.70
2011.05.06 15:00:38.010,1.35243,1.35294,1.20,1.50
2011.05.06 15:00:38.230,1.35249,1.35301,1.50,3.15
2011.05.06 15:00:43.391,1.35256,1.35299,2.25,1.50
2011.05.06 15:00:43.506,1.35245,1.35296,2.40,1.50
2011.05.06 15:00:43.841,1.35244,1.35295,1.95,1.65
2011.05.06 15:00:43.953,1.35245,1.35294,2.40,2.25
2011.05.06 15:00:44.181,1.35245,1.35294,2.40,1.50
2011.05.06 15:00:47.373,1.3525,1.35303,3.00,2.25
2011.05.06 15:00:47.491,1.3525,1.35303,3.00,1.50
2011.05.06 15:00:48.650,1.3525,1.35303,3.00,1.50
2011.05.06 15:00:49.091,1.3525,1.35293,1.35,1.50
2011.05.06 15:00:49.419,1.3525,1.35293,1.35,1.50
2011.05.06 15:00:50.620,1.35251,1.35303,1.50,2.25
2011.05.06 15:00:50.732,1.35249,1.35303,1.50,2.25
2011.05.06 15:00:52.280,1.35249,1.35303,1.50,2.25
2011.05.06 15:00:53.172,1.35255,1.35303,1.35,2.25
2011.05.06 15:00:53.403,1.35261,1.35303,2.10,2.25
2011.05.06 15:00:53.631,1.35263,1.35308,1.35,1.13
2011.05.06 15:00:53.851,1.35263,1.35308,1.35,1.13
2011.05.06 15:00:54.696,1.35262,1.35313,2.10,2.25
2011.05.06 15:00:54.810,1.35263,1.35313,1.35,2.25
2011.05.06 15:00:55.141,1.35262,1.35313,2.10,2.25
2011.05.06 15:00:56.792,1.35263,1.35313,4.05,2.25
2011.05.06 15:00:57.239,1.35258,1.35311,1.13,1.35
2011.05.06 15:00:58.041,1.35261,1.35313,1.35,2.25
2011.05.06 15:00:58.260,1.35263,1.35313,4.05,2.25
2011.05.06 15:00:59.253,1.35268,1.35313,2.70,2.25
2011.05.06 15:01:00.503,1.35269,1.35313,3.30,2.25
2011.05.06 15:01:01.390,1.35269,1.35314,2.70,1.35
2011.05.06 15:01:01.611,1.35262,1.35313,1.50,2.25
2011.05.06 15:01:01.831,1.35261,1.353,1.50,1.35
2011.05.06 15:01:02.387,1.35257,1.353,1.88,1.35
2011.05.06 15:01:03.269,1.35258,1.353,1.13,1.35
2011.05.06 15:01:03.599,1.35259,1.353,1.50,1.35
2011.05.06 15:01:04.164,1.3526,1.353,1.50,1.35
2011.05.06 15:01:04.790,1.35258,1.353,1.13,1.35
2011.05.06 15:01:04.899,1.35258,1.353,1.13,1.35
2011.05.06 15:01:05.231,1.35257,1.35296,1.50,1.50
2011.05.06 15:01:05.341,1.35257,1.35299,1.50,3.45
2011.05.06 15:01:05.670,1.35258,1.35296,1.50,3.45
2011.05.06 15:01:06.265,1.35262,1.35302,1.50,2.10
2011.05.06 15:01:06.381,1.3526,1.353,2.25,1.35
2011.05.06 15:01:06.709,1.3526,1.353,1.50,1.35
2011.05.06 15:01:07.670,1.35248,1.35298,1.13,1.50
2011.05.06 15:01:08.001,1.35248,1.35295,1.13,1.50
2011.05.06 15:01:08.110,1.35248,1.35292,1.13,1.50
2011.05.06 15:01:09.009,1.35248,1.35292,1.13,1.50
2011.05.06 15:01:10.536,1.35249,1.35292,1.13,1.50
2011.05.06 15:01:10.651,1.35249,1.35292,1.13,1.50
2011.05.06 15:01:11.096,1.35248,1.35292,1.13,1.50
2011.05.06 15:01:11.650,1.35248,1.35293,1.13,1.50
2011.05.06 15:01:13.329,1.35248,1.35292,1.13,1.50
2011.05.06 15:01:14.040,1.35254,1.35292,1.50,1.50
2011.05.06 15:01:14.261,1.35255,1.35298,1.50,1.50
2011.05.06 15:01:14.369,1.35255,1.35298,2.25,1.50
2011.05.06 15:01:14.919,1.35257,1.35299,2.25,1.50
2011.05.06 15:01:16.982,1.35257,1.35301,3.00,1.50
2011.05.06 15:01:17.412,1.35261,1.35301,2.40,1.50
2011.05.06 15:01:17.531,1.35265,1.35311,1.50,1.35
2011.05.06 15:01:17.765,1.35266,1.35311,2.25,1.35
2011.05.06 15:01:17.992,1.35269,1.35314,1.50,1.13
2011.05.06 15:01:18.331,1.35266,1.35314,3.00,1.13
2011.05.06 15:01:18.882,1.35275,1.35313,2.70,1.13
2011.05.06 15:01:19.103,1.35261,1.35312,3.45,1.50
2011.05.06 15:01:19.662,1.35258,1.35305,3.45,1.50
2011.05.06 15:01:22.539,1.35257,1.35314,3.45,3.38
2011.05.06 15:01:23.253,1.35269,1.35313,2.25,1.13
2011.05.06 15:01:23.482,1.35271,1.35313,1.35,1.13
2011.05.06 15:01:23.591,1.35269,1.35313,2.40,1.13
2011.05.06 15:01:23.812,1.3526,1.35313,1.50,1.13
2011.05.06 15:01:25.570,1.35266,1.35314,1.50,1.13
2011.05.06 15:01:27.221,1.3526,1.35304,1.50,3.45
2011.05.06 15:01:27.330,1.3526,1.35304,1.50,3.45
2011.05.06 15:01:27.660,1.3526,1.35305,1.50,3.45
2011.05.06 15:01:29.874,1.35266,1.35309,1.50,3.45
2011.05.06 15:01:30.319,1.35257,1.35308,2.25,3.45
2011.05.06 15:01:31.610,1.35257,1.35308,2.25,3.45
2011.05.06 15:01:33.489,1.35261,1.35313,1.50,2.25
2011.05.06 15:01:33.601,1.35266,1.35314,3.75,3.83
2011.05.06 15:01:33.820,1.35266,1.35314,2.25,1.13
2011.05.06 15:01:35.583,1.35266,1.35314,3.00,1.13
2011.05.06 15:01:36.030,1.35266,1.35314,1.50,1.13
2011.05.06 15:01:36.360,1.35283,1.3532,1.35,1.50
2011.05.06 15:01:36.691,1.35296,1.3534,1.50,3.45
2011.05.06 15:01:36.800,1.35288,1.3534,3.15,3.45
2011.05.06 15:01:37.019,1.35297,1.35339,1.50,3.45
2011.05.06 15:01:37.129,1.35287,1.35339,2.25,3.45
2011.05.06 15:01:37.596,1.35287,1.35339,2.25,3.45
2011.05.06 15:01:37.934,1.35287,1.35329,2.25,1.35
2011.05.06 15:01:38.272,1.35287,1.35326,1.50,1.35
2011.05.06 15:01:38.383,1.35277,1.35326,2.63,4.05
2011.05.06 15:01:38.940,1.35277,1.35323,1.13,1.50
2011.05.06 15:01:40.060,1.35277,1.35326,2.63,1.35
2011.05.06 15:01:40.500,1.35277,1.35321,1.73,2.70
2011.05.06 15:01:40.612,1.35277,1.35321,1.13,3.45
2011.05.06 15:01:40.721,1.35277,1.35321,1.13,2.70
2011.05.06 15:01:41.051,1.35277,1.35324,1.13,1.50
2011.05.06 15:01:41.271,1.35277,1.35324,1.13,3.00
2011.05.06 15:01:42.076,1.35277,1.35324,1.13,3.00
2011.05.06 15:01:43.990,1.35278,1.35324,1.13,2.25
2011.05.06 15:01:44.980,1.35278,1.35326,1.13,1.50
2011.05.06 15:01:47.936,1.35287,1.35337,2.25,1.88
2011.05.06 15:01:48.270,1.35287,1.35336,1.50,1.13
2011.05.06 15:01:48.602,1.35286,1.35337,2.25,1.13
2011.05.06 15:01:48.931,1.35296,1.35337,1.50,1.13
2011.05.06 15:01:51.049,1.35296,1.35337,2.25,1.13
2011.05.06 15:01:53.170,1.35278,1.35333,3.45,2.25
2011.05.06 15:01:55.760,1.35287,1.35337,2.25,1.88
2011.05.06 15:01:58.758,1.35295,1.35343,1.50,1.50
2011.05.06 15:01:58.874,1.35296,1.35349,2.25,1.35
2011.05.06 15:01:59.140,1.35296,1.35346,2.25,1.50
2011.05.06 15:01:59.470,1.35286,1.35344,3.00,2.25
2011.05.06 15:01:59.800,1.35301,1.35344,1.35,1.50
2011.05.06 15:02:00.130,1.35297,1.35349,2.25,1.35
2011.05.06 15:02:00.901,1.35304,1.3535,1.13,1.35
2011.05.06 15:02:01.011,1.35303,1.35351,1.13,2.85
2011.05.06 15:02:02.751,1.35303,1.3535,1.13,1.35
2011.05.06 15:02:03.247,1.35303,1.35347,1.13,1.35
2011.05.06 15:02:05.253,1.35303,1.35347,1.13,1.35
2011.05.06 15:02:06.140,1.35304,1.35346,1.13,3.30
2011.05.06 15:02:13.241,1.35299,1.35351,1.50,2.85
2011.05.06 15:02:13.462,1.35297,1.3535,2.25,1.35
2011.05.06 15:02:15.390,1.35297,1.35341,1.50,1.35
2011.05.06 15:02:15.788,1.35297,1.35312,1.50,1.13
2011.05.06 15:02:15.909,1.35276,1.35314,1.13,1.35
2011.05.06 15:02:16.024,1.35277,1.35321,2.25,2.10
2011.05.06 15:02:16.254,1.35277,1.35321,2.25,2.10
2011.05.06 15:02:16.590,1.35276,1.35321,1.13,2.10
2011.05.06 15:02:16.814,1.35277,1.35313,1.13,2.25
2011.05.06 15:02:17.372,1.35277,1.35313,1.13,2.25
2011.05.06 15:02:17.930,1.35262,1.35311,1.50,1.50
2011.05.06 15:02:18.150,1.35277,1.35307,1.13,2.25
2011.05.06 15:02:18.261,1.35276,1.35307,1.13,1.65
2011.05.06 15:02:18.370,1.35276,1.35311,1.13,2.70
2011.05.06 15:02:18.482,1.35276,1.35311,1.13,2.70
2011.05.06 15:02:18.590,1.35276,1.35314,1.13,1.50
2011.05.06 15:02:18.811,1.35276,1.35322,1.13,2.70
2011.05.06 15:02:20.013,1.35276,1.35324,1.13,1.50
2011.05.06 15:02:20.681,1.35276,1.35324,1.13,2.25
2011.05.06 15:02:20.905,1.35276,1.35319,1.13,1.65
2011.05.06 15:02:22.609,1.35267,1.35319,1.43,4.35
2011.05.06 15:02:23.158,1.35266,1.35319,2.33,2.40
2011.05.06 15:02:25.889,1.35266,1.35311,2.33,2.70
2011.05.06 15:02:28.629,1.35266,1.35311,2.33,2.70
2011.05.06 15:02:29.350,1.35266,1.35311,2.33,3.30
2011.05.06 15:02:29.460,1.35266,1.35311,2.33,3.30
2011.05.06 15:02:30.031,1.35256,1.35311,2.33,3.30
2011.05.06 15:02:36.289,1.35266,1.3531,2.33,3.30
2011.05.06 15:02:36.952,1.35257,1.35308,2.33,4.05
2011.05.06 15:02:37.063,1.35257,1.35308,2.33,3.30
2011.05.06 15:02:37.292,1.35257,1.35305,2.33,1.35
2011.05.06 15:02:37.632,1.35246,1.35293,2.33,2.70
2011.05.06 15:02:38.292,1.35246,1.35294,2.33,2.70
2011.05.06 15:02:39.299,1.35246,1.35293,2.33,2.70
2011.05.06 15:02:42.690,1.35246,1.35292,2.33,2.70
2011.05.06 15:02:43.022,1.35256,1.35292,3.08,2.70
2011.05.06 15:02:43.131,1.35259,1.35304,1.58,2.70
2011.05.06 15:02:43.240,1.35256,1.35304,3.98,2.70
2011.05.06 15:02:43.461,1.35256,1.35304,2.33,2.70
2011.05.06 15:02:43.571,1.35256,1.35302,2.33,3.30
2011.05.06 15:02:44.207,1.35252,1.35304,1.43,1.50
2011.05.06 15:02:44.329,1.3526,1.35303,1.43,2.70
2011.05.06 15:02:44.663,1.35266,1.35307,2.33,2.70
2011.05.06 15:02:44.782,1.35266,1.3532,2.33,4.95
2011.05.06 15:02:45.011,1.35277,1.3532,2.25,4.20
2011.05.06 15:02:55.257,1.35286,1.35333,1.35,2.25
2011.05.06 15:02:55.592,1.35297,1.35335,1.50,1.13
2011.05.06 15:02:55.922,1.35297,1.35335,1.50,3.45
2011.05.06 15:02:56.030,1.35297,1.35335,1.50,3.45
2011.05.06 15:02:56.470,1.35289,1.35336,3.00,1.13
2011.05.06 15:02:56.802,1.35286,1.35326,2.25,1.50
2011.05.06 15:02:57.023,1.35279,1.3532,1.13,1.35
2011.05.06 15:02:57.358,1.35279,1.35317,1.13,2.70
2011.05.06 15:02:58.359,1.35279,1.35316,1.13,2.70
2011.05.06 15:02:58.959,1.35279,1.35317,1.13,2.70
2011.05.06 15:02:59.069,1.35279,1.35328,1.13,3.45
2011.05.06 15:03:01.523,1.35277,1.35319,1.13,1.35
2011.05.06 15:03:01.861,1.35279,1.35311,1.13,3.30
2011.05.06 15:03:02.082,1.35279,1.35311,1.13,2.70
2011.05.06 15:03:02.191,1.35279,1.35309,1.13,2.70
2011.05.06 15:03:02.633,1.35266,1.35307,2.33,2.70
2011.05.06 15:03:03.232,1.35257,1.35306,2.33,2.70
2011.05.06 15:03:03.672,1.35258,1.35308,1.43,2.70
2011.05.06 15:03:03.901,1.35257,1.35306,2.33,2.70
2011.05.06 15:03:04.011,1.35257,1.35306,2.33,2.70
2011.05.06 15:03:04.120,1.35257,1.35307,2.33,4.20
2011.05.06 15:03:04.450,1.35251,1.35302,1.43,3.45
2011.05.06 15:03:05.241,1.35251,1.35302,3.08,2.70
2011.05.06 15:03:05.350,1.35251,1.35304,3.08,1.50
2011.05.06 15:03:05.460,1.35256,1.35308,2.33,3.45
2011.05.06 15:03:06.552,1.35268,1.35313,1.43,2.70
2011.05.06 15:03:07.280,1.35276,1.35322,2.25,3.45
2011.05.06 15:03:10.179,1.35276,1.35316,2.25,2.70
2011.05.06 15:03:10.399,1.35276,1.35318,2.25,2.70
2011.05.06 15:03:11.406,1.35276,1.35318,2.25,3.45
2011.05.06 15:03:11.529,1.35266,1.35314,2.33,2.70
2011.05.06 15:03:12.096,1.3528,1.35324,1.35,4.95
2011.05.06 15:03:15.370,1.35272,1.35323,1.58,2.85
2011.05.06 15:03:15.702,1.35267,1.35323,2.33,2.85
2011.05.06 15:03:21.453,1.35267,1.35316,2.33,2.70
2011.05.06 15:03:21.795,1.35267,1.35315,2.33,3.30
2011.05.06 15:03:22.023,1.35257,1.35313,2.33,5.55
2011.05.06 15:03:22.993,1.35257,1.3531,2.33,1.50
2011.05.06 15:03:23.333,1.35261,1.35313,1.43,2.25
2011.05.06 15:03:23.453,1.35261,1.35313,1.43,1.50
2011.05.06 15:03:23.570,1.35267,1.35316,2.33,1.50
2011.05.06 15:03:23.681,1.35267,1.35312,2.33,1.50
2011.05.06 15:03:24.288,1.35277,1.35296,1.35,1.50
2011.05.06 15:03:24.409,1.35277,1.35303,1.35,1.50
2011.05.06 15:03:24.525,1.35281,1.35319,1.35,1.50
2011.05.06 15:03:24.640,1.35281,1.35323,1.35,2.25
2011.05.06 15:03:27.710,1.35281,1.35334,2.10,2.25
2011.05.06 15:03:28.260,1.35281,1.35334,1.35,2.25
2011.05.06 15:03:39.140,1.35279,1.35332,1.65,1.13
2011.05.06 15:03:39.484,1.35287,1.35332,2.10,1.13
2011.05.06 15:03:39.605,1.35287,1.35331,2.10,1.13
2011.05.06 15:03:39.722,1.35292,1.35331,1.65,1.13
2011.05.06 15:03:40.052,1.35296,1.35331,1.50,1.13
2011.05.06 15:03:40.600,1.35296,1.35331,3.90,1.13
2011.05.06 15:03:41.041,1.35306,1.35332,1.50,1.13
2011.05.06 15:03:41.150,1.35296,1.35332,3.15,1.13
2011.05.06 15:03:41.923,1.35296,1.35327,1.50,1.35
2011.05.06 15:03:42.043,1.35277,1.35324,2.25,1.50
2011.05.06 15:03:42.572,1.35277,1.35327,1.35,6.90
2011.05.06 15:03:42.802,1.35277,1.35327,2.10,2.70
2011.05.06 15:03:42.923,1.35277,1.3533,1.35,2.70
2011.05.06 15:03:43.042,1.35277,1.35327,1.35,1.50
2011.05.06 15:03:43.261,1.35277,1.35326,1.35,1.50
2011.05.06 15:03:44.030,1.35287,1.35331,1.50,1.13
2011.05.06 15:03:44.911,1.35277,1.35331,2.85,1.13
2011.05.06 15:03:45.241,1.35277,1.35321,2.25,1.65
2011.05.06 15:03:45.570,1.35264,1.35314,1.43,1.50
2011.05.06 15:03:46.090,1.35266,1.35317,2.33,2.70
2011.05.06 15:03:46.650,1.35279,1.35318,1.35,2.70
2011.05.06 15:03:47.089,1.35279,1.35324,1.35,1.50
2011.05.06 15:03:49.721,1.35281,1.35333,1.50,3.00
2011.05.06 15:04:04.669,1.35287,1.35333,1.50,4.95
2011.05.06 15:04:04.780,1.35288,1.35333,1.50,2.70
2011.05.06 15:04:04.891,1.35293,1.35339,3.15,1.13
2011.05.06 15:04:05.109,1.35297,1.35343,2.25,1.50
2011.05.06 15:04:05.659,1.35297,1.3534,2.25,1.35
2011.05.06 15:04:05.768,1.35297,1.35338,2.25,1.13
2011.05.06 15:04:05.990,1.35297,1.35334,1.50,3.45
2011.05.06 15:04:06.538,1.35297,1.35324,1.50,2.70
2011.05.06 15:04:06.761,1.35287,1.35326,2.25,2.70
2011.05.06 15:04:06.869,1.35287,1.35333,2.25,3.45
2011.05.06 15:04:07.749,1.35287,1.35329,2.25,2.70
2011.05.06 15:04:08.079,1.35276,1.3533,3.75,4.20
2011.05.06 15:04:08.570,1.35314,1.3533,2.70,1.50
2011.05.06 15:04:08.902,1.35316,1.35348,1.65,1.50
2011.05.06 15:04:09.024,1.35314,1.35357,2.70,1.50
2011.05.06 15:04:09.361,1.35313,1.35364,3.45,1.35
2011.05.06 15:04:09.471,1.35317,1.35362,1.65,1.50
2011.05.06 15:04:09.581,1.35313,1.35362,2.70,1.50
2011.05.06 15:04:09.692,1.35317,1.35363,2.25,1.50
2011.05.06 15:04:10.204,1.35317,1.3537,3.90,1.35
2011.05.06 15:04:11.161,1.35317,1.35358,3.90,2.70
2011.05.06 15:04:11.380,1.35317,1.35358,1.50,3.45
2011.05.06 15:04:11.713,1.35317,1.35355,2.10,3.45
2011.05.06 15:04:12.051,1.35317,1.35355,2.40,2.70
2011.05.06 15:04:12.159,1.35307,1.35356,1.50,3.45
2011.05.06 15:04:12.272,1.35301,1.35355,1.73,3.45
2011.05.06 15:04:12.609,1.35316,1.35346,1.50,3.45
2011.05.06 15:04:13.051,1.35307,1.35347,1.50,3.45
2011.05.06 15:04:13.379,1.35301,1.35345,2.48,3.45
2011.05.06 15:04:14.469,1.35301,1.35349,1.13,3.45
2011.05.06 15:04:15.060,1.35287,1.35343,2.85,2.25
2011.05.06 15:04:15.609,1.35287,1.35338,2.25,2.70
2011.05.06 15:04:16.479,1.35287,1.35337,2.25,2.70
2011.05.06 15:04:16.780,1.35287,1.35334,2.25,2.70
2011.05.06 15:04:17.238,1.35287,1.35336,3.00,2.70
2011.05.06 15:04:17.350,1.35287,1.3534,3.00,2.70
2011.05.06 15:04:17.464,1.35287,1.35332,2.25,3.30
2011.05.06 15:04:17.581,1.35287,1.35332,2.25,2.70
2011.05.06 15:04:17.693,1.35287,1.35328,2.25,2.70
2011.05.06 15:04:17.811,1.35282,1.3533,1.88,2.70
2011.05.06 15:04:17.919,1.35284,1.35336,2.25,5.40
2011.05.06 15:04:18.360,1.35285,1.35332,1.50,2.70
2011.05.06 15:04:19.166,1.35286,1.35341,3.00,4.20
2011.05.06 15:04:20.382,1.35291,1.35339,1.50,2.70
2011.05.06 15:04:20.499,1.35291,1.35337,1.50,2.70
2011.05.06 15:04:20.834,1.3529,1.35309,2.40,2.70
2011.05.06 15:04:20.953,1.3529,1.35329,2.40,3.45
2011.05.06 15:04:21.075,1.35286,1.35337,2.25,1.35
2011.05.06 15:04:21.191,1.35286,1.35335,2.25,2.10
2011.05.06 15:04:22.769,1.35286,1.35334,2.25,3.45
2011.05.06 15:04:23.210,1.35286,1.35331,3.00,1.50
2011.05.06 15:04:23.607,1.35284,1.35331,1.50,1.50
2011.05.06 15:04:23.724,1.35282,1.35332,1.13,2.10
2011.05.06 15:04:23.952,1.35282,1.35324,1.13,2.85
2011.05.06 15:04:24.070,1.35282,1.35321,1.13,2.70
2011.05.06 15:04:24.291,1.35282,1.35313,1.13,2.25
2011.05.06 15:04:24.621,1.35282,1.35313,1.13,1.50
2011.05.06 15:04:26.280,1.35282,1.35313,1.13,1.50
2011.05.06 15:04:26.499,1.35282,1.35324,1.13,1.50
2011.05.06 15:04:27.489,1.35282,1.35324,1.13,1.50
2011.05.06 15:04:27.600,1.35281,1.35328,1.13,1.35
2011.05.06 15:04:28.472,1.35277,1.35328,2.25,2.10
2011.05.06 15:04:29.210,1.35277,1.35324,2.25,1.50
2011.05.06 15:04:29.990,1.35273,1.35324,1.20,3.00
2011.05.06 15:04:30.559,1.35273,1.35324,1.20,3.00
2011.05.06 15:04:30.669,1.35273,1.35324,1.20,2.25
2011.05.06 15:04:30.889,1.35274,1.35324,1.20,3.00
2011.05.06 15:04:31.000,1.35274,1.35318,1.20,1.50
2011.05.06 15:04:31.222,1.35274,1.35313,1.20,1.50
2011.05.06 15:04:31.560,1.35274,1.35323,1.20,1.50
2011.05.06 15:04:31.672,1.35274,1.35324,1.20,2.25
2011.05.06 15:04:32.440,1.35274,1.35324,1.20,2.25
2011.05.06 15:04:33.083,1.35277,1.35333,2.25,3.90
2011.05.06 15:04:35.064,1.35279,1.35333,3.45,1.50
2011.05.06 15:04:35.183,1.35288,1.35333,1.50,2.25
2011.05.06 15:04:35.522,1.35287,1.35339,1.50,2.25
2011.05.06 15:04:35.631,1.35291,1.35332,3.45,1.35
2011.05.06 15:04:36.180,1.35287,1.35331,2.25,1.35
2011.05.06 15:04:36.715,1.35287,1.35324,2.25,1.35
2011.05.06 15:04:37.309,1.35277,1.35324,2.25,1.35
2011.05.06 15:04:37.640,1.35277,1.35321,2.25,1.50
2011.05.06 15:04:37.751,1.35277,1.35321,2.25,1.50
2011.05.06 15:04:38.082,1.35274,1.35323,1.20,1.50
2011.05.06 15:04:38.309,1.35274,1.35323,1.20,1.50
2011.05.06 15:04:38.640,1.35276,1.35323,1.13,3.00
2011.05.06 15:04:38.862,1.35277,1.35323,2.40,1.50
2011.05.06 15:04:39.199,1.35275,1.35323,1.13,2.25
2011.05.06 15:04:39.750,1.35276,1.35332,2.25,1.35
2011.05.06 15:04:39.859,1.35276,1.35332,2.25,1.35
2011.05.06 15:04:41.083,1.35292,1.35336,2.40,2.25
2011.05.06 15:04:41.205,1.35292,1.35336,2.40,2.10
2011.05.06 15:04:41.649,1.35286,1.35331,2.25,1.35
2011.05.06 15:04:43.120,1.35286,1.35336,2.25,1.50
2011.05.06 15:04:43.341,1.35286,1.35337,2.25,1.50
2011.05.06 15:04:43.449,1.3529,1.3534,2.40,2.10
2011.05.06 15:04:45.343,1.35294,1.3534,2.40,2.10
2011.05.06 15:04:45.912,1.35297,1.3534,2.25,2.10
2011.05.06 15:04:46.470,1.35297,1.3534,2.25,1.35
2011.05.06 15:04:50.421,1.35297,1.35335,2.25,1.35
2011.05.06 15:04:50.532,1.35297,1.35337,2.25,1.35
2011.05.06 15:04:51.005,1.35297,1.3534,2.25,1.50
2011.05.06 15:04:51.669,1.35289,1.35341,2.40,1.50
2011.05.06 15:04:52.517,1.35289,1.3534,2.40,1.50
2011.05.06 15:04:55.199,1.35296,1.35343,2.40,1.35
2011.05.06 15:04:55.529,1.35287,1.3534,2.40,1.50
2011.05.06 15:04:55.750,1.35297,1.3534,2.25,1.50
2011.05.06 15:04:59.973,1.35297,1.3534,2.25,1.50
2011.05.06 15:05:00.419,1.35287,1.3534,2.25,1.50
2011.05.06 15:05:01.169,1.35289,1.35341,2.40,1.50
2011.05.06 15:05:01.761,1.35289,1.35338,2.40,1.50
2011.05.06 15:05:01.981,1.35289,1.3534,2.40,1.50
2011.05.06 15:05:02.313,1.35289,1.35334,2.40,3.45
2011.05.06 15:05:02.709,1.35282,1.35335,2.40,1.50
2011.05.06 15:05:02.828,1.35282,1.35329,2.40,2.70
2011.05.06 15:05:02.942,1.35285,1.35329,2.40,3.45
2011.05.06 15:05:03.493,1.35281,1.35332,2.40,3.45
2011.05.06 15:05:06.361,1.35281,1.35332,2.40,3.45
2011.05.06 15:05:07.042,1.35281,1.35332,2.40,3.45
2011.05.06 15:05:08.550,1.35288,1.35335,2.40,1.35
2011.05.06 15:05:10.962,1.35288,1.35335,2.40,1.35
2011.05.06 15:05:12.502,1.35295,1.35338,2.40,3.45
2011.05.06 15:05:13.011,1.35287,1.35343,2.25,2.25
2011.05.06 15:05:13.461,1.35287,1.35336,2.25,3.45
2011.05.06 15:05:13.569,1.35287,1.35336,2.25,3.45
2011.05.06 15:05:13.791,1.35282,1.35333,1.13,2.25
2011.05.06 15:05:14.012,1.35282,1.35332,1.13,3.45
2011.05.06 15:05:15.482,1.35294,1.35334,1.50,2.25
2011.05.06 15:05:15.603,1.35297,1.35337,2.40,2.70
2011.05.06 15:05:15.721,1.35297,1.35341,3.15,1.35
2011.05.06 15:05:15.831,1.35297,1.35337,4.65,1.50
2011.05.06 15:05:16.559,1.35297,1.35333,2.25,1.35
2011.05.06 15:05:16.676,1.35287,1.35333,2.25,1.35
2011.05.06 15:05:17.280,1.35287,1.35333,2.25,1.35
2011.05.06 15:05:17.611,1.35287,1.35332,2.25,4.20
2011.05.06 15:05:18.160,1.35282,1.35331,1.13,3.45
2011.05.06 15:05:18.270,1.35282,1.35331,1.13,3.45
2011.05.06 15:05:18.491,1.35281,1.35325,1.13,1.50
2011.05.06 15:05:18.821,1.35281,1.35324,1.13,2.25
2011.05.06 15:05:18.929,1.35281,1.35324,1.13,1.50
2011.05.06 15:05:19.151,1.35281,1.35329,1.13,4.05
2011.05.06 15:05:19.493,1.35281,1.35329,1.13,3.45
2011.05.06 15:05:19.733,1.35281,1.35333,1.13,3.00
2011.05.06 15:05:19.854,1.35282,1.35332,1.13,2.10
2011.05.06 15:05:20.410,1.35282,1.35331,1.13,1.50
2011.05.06 15:05:20.521,1.35282,1.35333,1.13,3.00
2011.05.06 15:05:21.040,1.35282,1.35322,1.13,1.65
2011.05.06 15:05:21.393,1.35282,1.35322,1.13,2.40
2011.05.06 15:05:21.623,1.35282,1.35324,1.13,2.25
2011.05.06 15:05:21.740,1.35281,1.35324,1.13,2.25
2011.05.06 15:05:21.850,1.35281,1.35323,1.13,2.40
2011.05.06 15:05:22.510,1.35282,1.35324,1.13,2.25
2011.05.06 15:05:22.841,1.35273,1.35323,1.20,2.40
2011.05.06 15:05:23.650,1.35273,1.35322,1.20,2.33
2011.05.06 15:05:23.980,1.35273,1.35323,1.20,1.65
2011.05.06 15:05:27.230,1.35273,1.35323,1.20,2.40
2011.05.06 15:05:27.448,1.35273,1.35323,1.20,1.65
2011.05.06 15:05:29.730,1.35273,1.35324,1.20,1.50
2011.05.06 15:05:30.391,1.35276,1.35334,2.25,1.50
2011.05.06 15:05:30.610,1.35282,1.35334,1.50,1.50
2011.05.06 15:05:31.037,1.35287,1.35339,2.25,3.30
2011.05.06 15:05:32.612,1.35287,1.35336,2.25,1.50
2011.05.06 15:05:32.940,1.35276,1.3532,2.25,1.35
2011.05.06 15:05:33.270,1.35267,1.35316,2.33,2.40
2011.05.06 15:05:33.599,1.35262,1.35313,3.53,2.25
2011.05.06 15:05:33.819,1.35258,1.35313,3.53,2.85
2011.05.06 15:05:34.041,1.35258,1.35313,1.43,2.25
2011.05.06 15:05:34.262,1.35258,1.35313,1.43,2.25
2011.05.06 15:05:34.599,1.35259,1.35313,3.53,2.10
2011.05.06 15:05:36.128,1.35267,1.35318,2.33,2.10
2011.05.06 15:05:36.489,1.35267,1.35316,2.33,1.35
2011.05.06 15:05:36.711,1.35261,1.35318,2.48,1.50
2011.05.06 15:05:36.820,1.35259,1.35314,1.58,1.50
2011.05.06 15:05:38.149,1.3526,1.35312,3.53,1.65
2011.05.06 15:05:38.479,1.35256,1.3531,2.93,1.50
2011.05.06 15:05:40.208,1.35256,1.35307,2.93,1.50
2011.05.06 15:05:40.689,1.35256,1.35306,2.93,1.50
2011.05.06 15:05:41.239,1.35256,1.35304,2.33,1.35
2011.05.06 15:05:43.549,1.35254,1.35303,3.53,2.10
2011.05.06 15:05:45.332,1.35251,1.35303,1.43,2.10
2011.05.06 15:05:46.291,1.35256,1.35307,2.33,1.35
2011.05.06 15:05:47.009,1.35256,1.35309,2.33,1.35
2011.05.06 15:05:48.300,1.35256,1.3531,2.33,1.50
2011.05.06 15:05:48.410,1.35256,1.35314,2.33,1.50
2011.05.06 15:05:48.629,1.35257,1.35304,3.53,1.50
2011.05.06 15:05:48.850,1.35256,1.35307,2.33,1.50
2011.05.06 15:05:48.960,1.35256,1.35307,2.33,1.50
2011.05.06 15:05:49.463,1.35248,1.35303,2.48,1.50
2011.05.06 15:05:49.801,1.35257,1.35311,2.33,2.70
2011.05.06 15:05:50.021,1.35257,1.35313,2.33,1.50
2011.05.06 15:05:52.140,1.35257,1.35313,2.33,2.25
2011.05.06 15:05:52.248,1.35257,1.35312,2.33,1.50
2011.05.06 15:05:54.109,1.35257,1.35312,2.33,1.50
2011.05.06 15:05:55.173,1.35257,1.35312,2.33,1.50
2011.05.06 15:05:57.367,1.35257,1.35313,2.33,2.25
2011.05.06 15:06:07.100,1.35257,1.35313,2.33,1.50
2011.05.06 15:06:07.794,1.35257,1.35312,2.33,2.70
2011.05.06 15:06:07.916,1.35256,1.35312,2.33,1.50
2011.05.06 15:06:08.692,1.35257,1.35312,1.58,1.50
2011.05.06 15:06:09.022,1.35256,1.35305,2.33,2.70
2011.05.06 15:06:09.351,1.35256,1.35302,2.33,2.70
2011.05.06 15:06:10.599,1.35246,1.35299,3.08,2.70
2011.05.06 15:06:11.699,1.35247,1.353,1.58,2.70
2011.05.06 15:06:13.489,1.35246,1.353,3.08,2.70
2011.05.06 15:06:15.995,1.35257,1.35303,2.33,2.40
2011.05.06 15:06:16.222,1.35258,1.35313,2.48,4.20
2011.05.06 15:06:16.450,1.35258,1.35313,2.48,1.50
2011.05.06 15:06:16.781,1.35257,1.35307,2.33,4.20
2011.05.06 15:06:17.111,1.35251,1.35303,2.48,1.50
2011.05.06 15:06:17.992,1.35251,1.35303,2.48,1.50
2011.05.06 15:06:18.210,1.35251,1.35303,2.48,1.50
2011.05.06 15:06:18.539,1.35247,1.35303,3.08,1.50
2011.05.06 15:06:18.760,1.35247,1.35303,3.08,1.50
2011.05.06 15:06:19.328,1.35247,1.35303,3.08,1.50
2011.05.06 15:06:26.803,1.35247,1.35303,3.08,2.25
2011.05.06 15:06:27.140,1.35247,1.35296,2.33,1.35
2011.05.06 15:06:27.253,1.35247,1.35299,2.33,4.20
2011.05.06 15:06:27.808,1.35249,1.35303,2.48,3.45
2011.05.06 15:06:27.920,1.35249,1.35303,2.48,3.45
2011.05.06 15:06:28.029,1.35249,1.35303,2.48,2.70
2011.05.06 15:06:28.251,1.35249,1.35304,2.48,2.85
2011.05.06 15:06:29.892,1.35249,1.35304,2.48,2.25
2011.05.06 15:06:30.001,1.35249,1.35304,2.48,1.50
2011.05.06 15:06:30.332,1.35258,1.35311,1.58,4.05
2011.05.06 15:06:30.770,1.35257,1.35306,2.33,1.65
2011.05.06 15:06:30.881,1.35257,1.35306,2.33,2.40
2011.05.06 15:06:31.100,1.35257,1.35306,2.33,2.40
2011.05.06 15:06:33.820,1.35257,1.35303,2.33,1.50
2011.05.06 15:06:34.150,1.35247,1.35293,2.33,1.65
2011.05.06 15:06:35.198,1.35247,1.35293,2.33,2.40
2011.05.06 15:06:35.781,1.35247,1.35293,2.33,1.65
2011.05.06 15:06:35.891,1.35247,1.35297,2.33,1.73
2011.05.06 15:06:36.000,1.35247,1.35293,2.33,1.50
2011.05.06 15:06:36.333,1.35255,1.35299,1.58,2.78
2011.05.06 15:06:37.222,1.35256,1.35301,2.33,1.50
2011.05.06 15:06:37.441,1.35256,1.35298,2.33,1.50
2011.05.06 15:06:37.988,1.35256,1.35296,1.58,1.50
2011.05.06 15:06:42.289,1.35256,1.35301,1.58,1.50
2011.05.06 15:06:42.730,1.35267,1.35303,1.58,1.50
2011.05.06 15:06:44.268,1.35267,1.353,1.58,1.50
2011.05.06 15:06:45.144,1.35267,1.35307,1.58,1.50
2011.05.06 15:06:45.265,1.35267,1.3531,3.08,1.50
2011.05.06 15:06:45.491,1.35267,1.3531,2.33,1.50
2011.05.06 15:06:46.261,1.35267,1.35303,1.58,1.50
2011.05.06 15:06:48.980,1.35267,1.35307,1.58,1.50
2011.05.06 15:06:56.804,1.35267,1.35298,1.58,1.50
2011.05.06 15:06:57.142,1.35267,1.353,1.58,1.50
2011.05.06 15:06:57.359,1.35257,1.35299,1.58,1.50
2011.05.06 15:06:57.896,1.35257,1.35299,1.58,1.50
2011.05.06 15:06:58.011,1.35257,1.35299,1.58,1.50
2011.05.06 15:07:03.513,1.35257,1.35305,1.58,1.50
2011.05.06 15:07:04.740,1.35266,1.35306,1.58,1.50
2011.05.06 15:07:05.071,1.35266,1.35309,1.58,1.50
2011.05.06 15:07:05.510,1.35266,1.35308,1.58,2.40
2011.05.06 15:07:06.062,1.35246,1.35302,5.33,1.50
2011.05.06 15:07:09.509,1.35259,1.35306,3.08,1.50
2011.05.06 15:07:09.951,1.35268,1.35313,1.73,2.25
2011.05.06 15:07:10.611,1.35257,1.35301,2.33,1.50
2011.05.06 15:07:10.719,1.35257,1.353,1.58,1.50
2011.05.06 15:07:11.398,1.35257,1.353,1.58,1.50
2011.05.06 15:07:12.439,1.35266,1.35302,1.58,1.50
2011.05.06 15:07:14.061,1.35266,1.35307,1.58,1.50
2011.05.06 15:07:18.912,1.35262,1.35312,1.58,1.50
2011.05.06 15:07:19.582,1.35267,1.35314,5.48,2.40
2011.05.06 15:07:23.529,1.35267,1.35317,5.33,1.13
2011.05.06 15:07:28.709,1.35267,1.35314,2.18,2.25
2011.05.06 15:07:29.259,1.3526,1.35314,3.38,3.90
2011.05.06 15:07:31.130,1.3526,1.35304,2.78,2.40
2011.05.06 15:07:31.572,1.35247,1.35295,2.33,1.65
2011.05.06 15:07:31.900,1.35249,1.35303,1.58,3.90
2011.05.06 15:07:33.270,1.35257,1.3531,2.33,2.40
2011.05.06 15:07:40.611,1.35254,1.35303,1.43,3.90
2011.05.06 15:07:42.591,1.35256,1.35303,1.43,4.95
2011.05.06 15:07:44.082,1.35258,1.35309,1.43,1.13
2011.05.06 15:07:44.408,1.35257,1.35309,2.93,1.13
2011.05.06 15:07:47.197,1.3526,1.35304,1.43,3.90
2011.05.06 15:07:47.427,1.35267,1.35304,1.58,2.40
2011.05.06 15:07:52.426,1.35263,1.35314,2.33,2.25
2011.05.06 15:07:54.279,1.35263,1.35314,2.33,2.25
2011.05.06 15:07:54.389,1.35263,1.35314,2.33,2.25
2011.05.06 15:07:55.973,1.35263,1.35314,2.33,2.25
2011.05.06 15:07:56.644,1.35265,1.35303,1.43,1.50
2011.05.06 15:07:56.762,1.35265,1.35311,1.43,2.40
2011.05.06 15:07:57.747,1.35267,1.35313,1.58,2.40
2011.05.06 15:08:00.460,1.35267,1.35313,1.58,2.40
2011.05.06 15:08:01.230,1.35258,1.35311,3.53,1.50
2011.05.06 15:08:01.908,1.35258,1.35314,3.53,3.90
2011.05.06 15:08:02.025,1.3526,1.35314,2.78,3.90
2011.05.06 15:08:02.253,1.35256,1.35314,2.33,3.90
2011.05.06 15:08:05.059,1.3526,1.35307,3.53,1.65
2011.05.06 15:08:05.610,1.35257,1.35307,3.53,1.65
2011.05.06 15:08:05.833,1.3527,1.35316,1.58,2.40
2011.05.06 15:08:06.590,1.35262,1.35313,2.78,2.40
2011.05.06 15:08:07.040,1.35278,1.35313,2.10,2.40
2011.05.06 15:08:07.261,1.3529,1.35323,2.70,1.13
2011.05.06 15:08:07.482,1.35292,1.35323,2.70,1.13
2011.05.06 15:08:07.930,1.35289,1.35323,2.70,1.13
2011.05.06 15:08:08.151,1.35289,1.35337,2.70,1.35
2011.05.06 15:08:08.260,1.35289,1.35337,3.45,1.35
2011.05.06 15:08:08.813,1.35291,1.35337,2.70,1.35
2011.05.06 15:08:09.370,1.35287,1.35331,2.25,2.40
2011.05.06 15:08:10.232,1.35281,1.35326,3.45,2.40
2011.05.06 15:08:11.680,1.35277,1.35323,1.13,2.25
2011.05.06 15:08:11.796,1.35277,1.35319,1.13,1.65
2011.05.06 15:08:12.130,1.35286,1.35334,2.25,1.35
2011.05.06 15:08:12.571,1.3529,1.35334,2.70,1.35
2011.05.06 15:08:12.902,1.3529,1.35331,2.70,2.40
2011.05.06 15:08:13.120,1.3529,1.35328,2.70,3.00
2011.05.06 15:08:13.960,1.35286,1.35338,2.25,2.40
2011.05.06 15:08:14.289,1.35286,1.35338,2.25,2.40
2011.05.06 15:08:15.761,1.35293,1.35341,1.50,1.35
2011.05.06 15:08:15.982,1.35297,1.35341,2.25,1.35
2011.05.06 15:08:16.201,1.35297,1.35341,1.50,1.35
2011.05.06 15:08:16.885,1.35297,1.35344,2.25,2.63
2011.05.06 15:08:17.002,1.353,1.35344,1.50,2.03
2011.05.06 15:08:17.560,1.353,1.35344,1.50,1.13
2011.05.06 15:08:17.781,1.353,1.35351,1.50,1.35
2011.05.06 15:08:18.220,1.35299,1.35351,1.50,1.35
2011.05.06 15:08:20.669,1.35299,1.35351,1.50,1.35
2011.05.06 15:08:20.889,1.35298,1.35346,1.13,2.40
2011.05.06 15:08:23.279,1.35293,1.35343,1.35,2.25
2011.05.06 15:08:23.689,1.35293,1.35343,1.35,2.25
2011.05.06 15:08:24.699,1.35293,1.35343,4.05,1.50
2011.05.06 15:08:25.032,1.35314,1.35351,3.45,1.35
2011.05.06 15:08:25.253,1.35316,1.35359,2.70,1.50
2011.05.06 15:08:25.371,1.35315,1.35359,2.70,1.50
2011.05.06 15:08:25.480,1.35311,1.35359,2.70,1.50
2011.05.06 15:08:25.591,1.35311,1.3536,3.45,1.88
2011.05.06 15:08:26.139,1.35308,1.35357,1.35,1.50
2011.05.06 15:08:26.710,1.35307,1.35354,1.50,1.35
2011.05.06 15:08:26.930,1.35306,1.35352,2.25,1.35
2011.05.06 15:08:27.150,1.35306,1.35345,2.25,2.70
2011.05.06 15:08:27.589,1.35306,1.35351,2.25,3.45
2011.05.06 15:08:28.399,1.35306,1.3535,2.25,2.70
2011.05.06 15:08:28.621,1.35306,1.3535,2.25,2.70
2011.05.06 15:08:29.000,1.35306,1.35353,2.25,1.35
2011.05.06 15:08:30.420,1.35316,1.35357,1.50,2.40
2011.05.06 15:08:30.531,1.35316,1.35356,3.90,1.50
2011.05.06 15:08:30.861,1.35316,1.35361,2.40,1.35
2011.05.06 15:08:30.972,1.35315,1.35359,1.13,2.40
2011.05.06 15:08:31.086,1.35312,1.35361,3.83,1.35
2011.05.06 15:08:31.202,1.35315,1.35358,1.13,2.40
2011.05.06 15:08:31.423,1.35313,1.35358,1.13,2.40
2011.05.06 15:08:31.983,1.35317,1.35361,1.50,1.35
2011.05.06 15:08:32.345,1.35317,1.35361,2.25,1.35
2011.05.06 15:08:32.562,1.35317,1.35361,1.50,1.35
2011.05.06 15:08:33.333,1.35317,1.35361,2.25,1.35
2011.05.06 15:08:33.763,1.35317,1.35361,1.50,1.35
2011.05.06 15:08:34.093,1.35309,1.35351,3.45,1.65
2011.05.06 15:08:34.215,1.35306,1.35351,3.45,1.65
2011.05.06 15:08:34.337,1.35309,1.35354,3.45,1.50
2011.05.06 15:08:34.451,1.35314,1.35354,3.45,1.50
2011.05.06 15:08:35.573,1.35316,1.35354,2.70,2.25
2011.05.06 15:08:36.026,1.35314,1.35364,1.35,2.25
2011.05.06 15:08:38.320,1.35312,1.35357,3.30,1.50
2011.05.06 15:08:39.533,1.35315,1.35364,1.65,2.25
2011.05.06 15:08:39.872,1.35314,1.35362,1.35,1.50
2011.05.06 15:08:40.422,1.35314,1.35364,2.25,2.25
2011.05.06 15:08:40.530,1.35314,1.35364,2.25,2.25
2011.05.06 15:08:44.721,1.3531,1.35356,2.70,1.50
2011.05.06 15:08:44.941,1.35306,1.35354,1.50,2.40
2011.05.06 15:08:45.051,1.35302,1.35354,1.13,3.90
2011.05.06 15:08:45.161,1.35301,1.35348,1.13,3.15
2011.05.06 15:08:48.740,1.35301,1.35354,1.13,3.90
2011.05.06 15:08:48.961,1.35301,1.35354,1.13,3.90
2011.05.06 15:08:51.246,1.35303,1.35354,2.40,2.25
2011.05.06 15:08:57.851,1.35308,1.35361,2.40,1.13
2011.05.06 15:09:03.741,1.35317,1.35361,2.85,1.13
2011.05.06 15:09:04.072,1.35326,1.35365,1.50,1.13
2011.05.06 15:09:04.619,1.35326,1.35361,1.50,1.13
2011.05.06 15:09:05.710,1.35326,1.35361,1.50,1.13
2011.05.06 15:09:09.180,1.35326,1.35372,1.50,1.50
2011.05.06 15:09:09.729,1.35326,1.35373,3.00,1.13
2011.05.06 15:09:10.389,1.35326,1.35373,1.50,1.13
2011.05.06 15:09:10.826,1.35326,1.35373,1.50,1.13
2011.05.06 15:09:10.939,1.35319,1.35373,2.40,2.63
2011.05.06 15:09:21.724,1.35319,1.35373,1.35,1.50
2011.05.06 15:09:22.062,1.35326,1.35373,1.50,1.88
2011.05.06 15:09:24.232,1.35326,1.35373,1.50,1.88
2011.05.06 15:09:24.465,1.35324,1.35367,1.65,2.85
2011.05.06 15:09:24.585,1.35317,1.35361,3.90,1.50
2011.05.06 15:09:25.035,1.35307,1.35358,1.50,2.70
2011.05.06 15:09:26.173,1.35313,1.3536,3.00,3.45
2011.05.06 15:09:26.298,1.35324,1.35371,2.40,3.45
2011.05.06 15:09:26.521,1.35327,1.35373,2.10,1.13
2011.05.06 15:09:26.741,1.35328,1.35375,1.35,1.50
2011.05.06 15:09:27.070,1.35325,1.35374,1.35,2.40
2011.05.06 15:09:27.511,1.35331,1.35377,2.10,1.13
2011.05.06 15:09:27.733,1.35334,1.35377,2.70,1.13
2011.05.06 15:09:27.852,1.35332,1.35377,1.65,1.13
2011.05.06 15:09:27.970,1.3533,1.35377,2.70,1.13
2011.05.06 15:09:28.299,1.35327,1.35377,3.82,1.13
2011.05.06 15:09:28.946,1.35333,1.35377,1.50,1.13
2011.05.06 15:09:29.284,1.3534,1.35377,2.25,1.13
2011.05.06 15:09:29.623,1.35336,1.35377,2.25,1.13
2011.05.06 15:09:29.959,1.35341,1.35378,1.65,1.13
2011.05.06 15:09:30.293,1.35341,1.35378,1.65,1.13
2011.05.06 15:09:30.849,1.35347,1.35378,1.50,1.13
2011.05.06 15:09:33.759,1.35346,1.35378,1.65,1.13
2011.05.06 15:09:34.219,1.35336,1.35378,2.10,1.13
2011.05.06 15:09:34.454,1.35337,1.35378,2.10,1.13
2011.05.06 15:09:34.991,1.35338,1.35378,2.70,1.13
2011.05.06 15:09:35.210,1.35337,1.35378,2.10,1.13
2011.05.06 15:09:36.490,1.35332,1.35373,2.70,2.40
2011.05.06 15:09:36.601,1.35324,1.35373,2.17,2.40
2011.05.06 15:09:36.710,1.35324,1.35373,2.17,2.40
2011.05.06 15:09:36.821,1.35339,1.35376,2.70,1.50
2011.05.06 15:09:37.151,1.35341,1.35379,3.30,1.13
2011.05.06 15:09:37.481,1.35353,1.35394,1.50,2.25
2011.05.06 15:09:37.591,1.35359,1.35399,1.35,1.50
2011.05.06 15:09:37.811,1.35356,1.35379,1.50,1.13
2011.05.06 15:09:37.922,1.35356,1.3538,1.50,1.13
2011.05.06 15:09:38.499,1.3535,1.3539,2.70,1.35
2011.05.06 15:09:38.616,1.35337,1.35388,1.50,3.45
2011.05.06 15:09:38.734,1.35337,1.35388,2.25,3.45
2011.05.06 15:09:38.850,1.35347,1.3539,1.50,1.35
2011.05.06 15:09:38.963,1.35336,1.3539,2.25,1.35
2011.05.06 15:09:39.520,1.35346,1.35394,1.50,2.40
2011.05.06 15:09:39.741,1.35337,1.35383,2.25,1.50
2011.05.06 15:09:39.960,1.35337,1.35386,2.25,2.25
2011.05.06 15:09:40.181,1.35337,1.35393,2.25,2.25
2011.05.06 15:09:41.461,1.35337,1.35393,1.50,2.25
2011.05.06 15:09:41.792,1.35337,1.35385,2.25,1.50
2011.05.06 15:09:42.131,1.35337,1.35393,2.25,2.25
2011.05.06 15:09:48.850,1.35337,1.35392,1.50,2.40
2011.05.06 15:09:50.059,1.35347,1.35384,1.50,1.50
2011.05.06 15:09:50.281,1.35338,1.35386,2.10,1.50
2011.05.06 15:09:51.723,1.35347,1.35394,1.50,1.50
2011.05.06 15:09:51.846,1.35339,1.35397,1.50,4.20
2011.05.06 15:09:51.961,1.35346,1.35393,1.65,2.25
2011.05.06 15:09:52.400,1.35346,1.35398,3.15,1.50
2011.05.06 15:09:52.729,1.35339,1.35394,3.45,2.25
2011.05.06 15:09:54.416,1.3534,1.35394,1.50,2.25
2011.05.06 15:09:54.636,1.3534,1.35394,1.50,2.25
2011.05.06 15:09:57.109,1.35361,1.35394,1.65,3.00
2011.05.06 15:09:57.717,1.35362,1.35399,1.65,1.13
2011.05.06 15:09:58.050,1.35374,1.354,1.65,1.13
2011.05.06 15:09:58.161,1.35374,1.354,1.65,1.13
2011.05.06 15:09:59.993,1.35349,1.35397,2.40,1.35
2011.05.06 15:10:00.550,1.35351,1.35402,2.40,3.45
2011.05.06 15:10:00.879,1.35351,1.35403,2.40,2.25
2011.05.06 15:10:02.411,1.35358,1.35403,1.65,2.25
2011.05.06 15:10:02.916,1.35367,1.35405,1.65,1.13
2011.05.06 15:10:03.030,1.35367,1.35405,1.65,1.13
2011.05.06 15:10:03.771,1.35367,1.35409,2.40,1.13
2011.05.06 15:10:03.880,1.35375,1.35409,1.65,1.13
2011.05.06 15:10:04.465,1.35375,1.35409,1.65,1.13
2011.05.06 15:10:04.581,1.35375,1.35416,1.65,3.45
2011.05.06 15:10:05.111,1.35369,1.35415,2.40,3.45
2011.05.06 15:10:05.660,1.35367,1.35406,2.25,2.70
2011.05.06 15:10:05.770,1.35367,1.35406,1.50,3.45
2011.05.06 15:10:06.553,1.35358,1.35406,1.13,3.45
2011.05.06 15:10:08.862,1.35358,1.35406,1.13,3.45
2011.05.06 15:10:09.519,1.35357,1.35402,2.25,2.70
2011.05.06 15:10:09.910,1.35357,1.354,2.25,2.70
2011.05.06 15:10:10.367,1.35357,1.354,2.25,3.45
2011.05.06 15:10:12.490,1.35351,1.35397,2.40,2.70
2011.05.06 15:10:12.709,1.35355,1.35401,2.40,2.70
2011.05.06 15:10:13.399,1.35355,1.35403,2.40,3.45
2011.05.06 15:10:14.083,1.35357,1.35403,2.25,6.15
2011.05.06 15:10:14.201,1.35364,1.35403,1.65,3.45
2011.05.06 15:10:14.314,1.35364,1.35403,1.65,3.45
2011.05.06 15:10:14.909,1.35368,1.35409,2.40,3.30
2011.05.06 15:10:15.461,1.35367,1.35415,2.25,3.45
2011.05.06 15:10:16.560,1.35376,1.35414,1.50,1.35
2011.05.06 15:10:20.621,1.35367,1.3542,2.25,4.05
2011.05.06 15:10:28.470,1.35362,1.35411,2.40,3.45
2011.05.06 15:10:29.239,1.35366,1.35414,2.40,3.00
2011.05.06 15:10:29.825,1.35366,1.35414,2.40,3.00
2011.05.06 15:10:30.160,1.35372,1.35419,1.65,3.45
2011.05.06 15:10:44.441,1.35366,1.35413,2.25,2.10
2011.05.06 15:10:44.551,1.35358,1.35409,2.40,1.50
2011.05.06 15:10:44.880,1.35353,1.35399,2.40,2.70
2011.05.06 15:10:45.210,1.35362,1.35395,2.40,2.70
2011.05.06 15:10:45.321,1.35357,1.35399,2.25,2.70
2011.05.06 15:10:45.431,1.35363,1.35407,1.65,3.45
2011.05.06 15:10:45.652,1.35363,1.354,2.40,2.70
2011.05.06 15:10:45.760,1.35367,1.35407,1.65,3.45
2011.05.06 15:10:45.979,1.35367,1.35412,2.40,3.45
2011.05.06 15:10:46.969,1.3536,1.35409,2.40,2.70
2011.05.06 15:10:47.820,1.3536,1.35408,2.40,2.70
2011.05.06 15:10:48.791,1.3536,1.3541,2.40,6.15
2011.05.06 15:10:50.661,1.35364,1.35413,2.40,2.25
2011.05.06 15:10:50.994,1.35362,1.35413,1.50,2.25
2011.05.06 15:10:51.330,1.35372,1.35414,2.40,1.13
2011.05.06 15:10:51.899,1.35378,1.35414,1.65,1.13
2011.05.06 15:10:52.242,1.35376,1.35415,1.50,1.13
2011.05.06 15:10:52.680,1.35371,1.35415,1.35,1.13
2011.05.06 15:10:53.901,1.35376,1.35415,1.50,1.13
2011.05.06 15:10:54.232,1.35379,1.35414,1.65,1.13
2011.05.06 15:10:54.575,1.35387,1.35414,1.50,1.13
2011.05.06 15:10:54.910,1.35377,1.35427,1.50,1.13
2011.05.06 15:10:57.014,1.35377,1.35413,1.50,4.50
2011.05.06 15:10:57.354,1.35358,1.35396,1.13,1.50
2011.05.06 15:10:57.582,1.35358,1.35403,1.13,3.45
2011.05.06 15:10:57.801,1.35363,1.35404,1.65,2.25
2011.05.06 15:10:58.350,1.35363,1.35404,1.65,2.25
2011.05.06 15:10:58.461,1.35358,1.35404,1.13,2.25
2011.05.06 15:10:58.900,1.35359,1.35409,2.40,3.45
2011.05.06 15:11:00.971,1.35359,1.35404,1.13,1.50
2011.05.06 15:11:01.961,1.35359,1.35403,1.13,2.70
2011.05.06 15:11:02.513,1.35358,1.35402,1.13,2.70
2011.05.06 15:11:02.742,1.35359,1.35404,1.13,4.20
2011.05.06 15:11:03.184,1.35359,1.35397,1.13,2.70
2011.05.06 15:11:03.301,1.35359,1.354,1.13,2.70
2011.05.06 15:11:03.410,1.35359,1.354,1.13,2.70
2011.05.06 15:11:03.877,1.35351,1.35393,2.40,1.50
2011.05.06 15:11:03.993,1.35351,1.35399,2.40,2.70
2011.05.06 15:11:04.114,1.35357,1.35389,2.40,2.70
2011.05.06 15:11:04.230,1.35357,1.35396,2.40,2.70
2011.05.06 15:11:04.450,1.35357,1.35402,2.40,3.45
2011.05.06 15:11:05.111,1.35363,1.35403,2.40,2.70
2011.05.06 15:11:05.221,1.35363,1.3541,2.40,3.45
2011.05.06 15:11:05.550,1.35363,1.3541,2.40,3.45
2011.05.06 15:11:06.429,1.35368,1.35413,1.65,3.45
2011.05.06 15:11:07.272,1.35365,1.35413,1.65,3.45
2011.05.06 15:11:07.880,1.35366,1.35413,1.50,3.45
2011.05.06 15:11:09.479,1.35366,1.35416,2.25,3.83
2011.05.06 15:11:09.590,1.35366,1.35416,2.25,1.13
2011.05.06 15:11:09.920,1.35373,1.35416,1.65,3.83
2011.05.06 15:11:11.130,1.35373,1.35416,1.65,1.13
2011.05.06 15:11:16.352,1.35376,1.35423,1.50,3.45
2011.05.06 15:11:16.462,1.3538,1.35423,1.65,3.45
2011.05.06 15:11:16.792,1.35377,1.35419,1.50,3.45
2011.05.06 15:11:16.901,1.35377,1.35417,1.50,3.45
2011.05.06 15:11:17.122,1.35367,1.35417,2.25,3.45
2011.05.06 15:11:18.743,1.35377,1.35422,1.50,3.45
2011.05.06 15:11:19.080,1.3538,1.35426,2.40,3.45
2011.05.06 15:11:21.601,1.35377,1.35425,1.50,1.50
2011.05.06 15:11:21.929,1.35377,1.35422,1.50,3.45
2011.05.06 15:11:23.670,1.3537,1.35421,2.40,1.50
2011.05.06 15:11:23.782,1.35367,1.35417,2.25,1.50
2011.05.06 15:11:23.890,1.35367,1.35417,2.25,1.50
2011.05.06 15:11:25.901,1.35367,1.35419,2.25,1.50
2011.05.06 15:11:26.344,1.35367,1.35407,2.25,1.65
2011.05.06 15:11:26.831,1.35372,1.35417,1.35,1.50
2011.05.06 15:11:26.943,1.35374,1.35419,2.40,1.88
2011.05.06 15:11:27.061,1.35366,1.35415,2.25,2.40
2011.05.06 15:11:27.288,1.35369,1.35408,3.45,1.65
2011.05.06 15:11:27.621,1.35364,1.35413,3.45,2.25
2011.05.06 15:11:27.733,1.35364,1.35417,3.45,1.50
2011.05.06 15:11:31.743,1.35364,1.3541,3.45,1.50
2011.05.06 15:11:32.100,1.35363,1.35412,1.35,2.25
2011.05.06 15:11:34.084,1.35366,1.35411,2.40,1.35
2011.05.06 15:11:34.203,1.35366,1.35416,2.40,1.35
2011.05.06 15:11:34.324,1.35376,1.35418,2.40,1.88
2011.05.06 15:11:35.210,1.35366,1.35415,2.25,3.30
2011.05.06 15:11:35.541,1.35356,1.35409,2.25,3.45
2011.05.06 15:11:35.870,1.35362,1.35404,2.40,1.50
2011.05.06 15:11:36.304,1.35363,1.35411,1.35,1.50
2011.05.06 15:11:36.427,1.35368,1.35414,2.40,1.50
2011.05.06 15:11:41.930,1.35363,1.35414,1.35,1.50
2011.05.06 15:11:42.479,1.35368,1.35419,2.40,1.50
2011.05.06 15:11:43.442,1.35367,1.35417,2.25,1.50
2011.05.06 15:11:44.542,1.35367,1.35419,2.25,3.15
2011.05.06 15:11:49.870,1.35369,1.35423,2.40,4.95
2011.05.06 15:11:50.091,1.35368,1.35419,2.40,1.50
2011.05.06 15:11:52.622,1.35368,1.35417,2.40,1.50
2011.05.06 15:11:53.063,1.35377,1.35411,1.50,1.50
2011.05.06 15:11:53.183,1.35367,1.35414,2.25,1.50
2011.05.06 15:11:53.842,1.35367,1.35408,2.25,1.50
2011.05.06 15:11:54.061,1.35361,1.35406,1.13,1.50
2011.05.06 15:11:54.173,1.35361,1.35399,1.13,1.50
2011.05.06 15:11:54.856,1.35362,1.35402,1.13,1.50
2011.05.06 15:11:55.080,1.35362,1.35402,1.13,1.50
2011.05.06 15:11:55.700,1.35361,1.35399,1.13,1.50
2011.05.06 15:11:56.249,1.35361,1.354,1.13,1.50
2011.05.06 15:11:57.621,1.35353,1.354,2.40,1.50
2011.05.06 15:11:57.949,1.35353,1.35399,2.40,1.50
2011.05.06 15:11:58.061,1.35353,1.35394,2.40,2.70
2011.05.06 15:11:58.284,1.35353,1.35392,2.40,1.50
2011.05.06 15:11:58.620,1.35349,1.3539,1.13,3.45
2011.05.06 15:11:58.840,1.35346,1.35384,1.88,3.45
2011.05.06 15:11:59.280,1.3534,1.35382,3.00,1.50
2011.05.06 15:12:01.043,1.35336,1.35378,2.25,1.50
2011.05.06 15:12:01.272,1.35336,1.35378,3.90,2.25
2011.05.06 15:12:01.382,1.35336,1.35378,2.40,1.50
2011.05.06 15:12:01.712,1.35328,1.35377,2.40,1.50
2011.05.06 15:12:01.930,1.35337,1.35377,2.25,1.50
2011.05.06 15:12:02.151,1.35337,1.35373,2.25,1.50
2011.05.06 15:12:02.260,1.35337,1.35372,2.25,1.50
2011.05.06 15:12:03.253,1.3533,1.35372,1.35,1.50
2011.05.06 15:12:03.819,1.35327,1.35375,2.25,1.35
2011.05.06 15:12:04.041,1.35325,1.35373,1.13,2.10
2011.05.06 15:12:04.370,1.35325,1.35373,1.13,2.10
2011.05.06 15:12:05.031,1.35325,1.35373,1.13,2.10
2011.05.06 15:12:05.251,1.35326,1.35381,2.25,2.70
2011.05.06 15:12:05.580,1.35331,1.35384,2.40,1.50
2011.05.06 15:12:07.179,1.35328,1.35382,1.13,1.65
2011.05.06 15:12:08.141,1.35332,1.35384,3.15,1.50
2011.05.06 15:12:09.990,1.35337,1.35389,2.25,1.35
2011.05.06 15:12:10.210,1.35338,1.35389,2.40,1.35
2011.05.06 15:12:20.514,1.35345,1.35393,2.40,1.50
2011.05.06 15:12:20.985,1.35345,1.35392,2.40,1.50
2011.05.06 15:12:21.770,1.35343,1.35394,1.35,2.40
2011.05.06 15:12:27.182,1.35347,1.35399,2.25,1.13
2011.05.06 15:12:29.991,1.35353,1.35403,3.45,2.25
2011.05.06 15:12:31.131,1.35345,1.35393,1.13,1.50
2011.05.06 15:12:31.352,1.35344,1.35397,5.48,1.50
2011.05.06 15:12:33.443,1.35348,1.35394,2.40,1.35
2011.05.06 15:12:33.805,1.35348,1.35393,2.40,1.35
2011.05.06 15:12:33.920,1.35345,1.3539,1.13,2.25
2011.05.06 15:12:34.034,1.35345,1.3539,1.13,1.65
2011.05.06 15:12:34.589,1.35344,1.35389,1.13,2.70
2011.05.06 15:12:50.782,1.3534,1.3539,1.50,2.70
2011.05.06 15:12:51.004,1.3534,1.35393,1.50,1.50
2011.05.06 15:12:51.560,1.35353,1.35403,2.40,2.63
2011.05.06 15:12:56.402,1.35356,1.35403,1.35,2.63
2011.05.06 15:12:58.751,1.35359,1.35403,1.35,2.25
2011.05.06 15:12:59.411,1.35359,1.35411,2.10,3.45
2011.05.06 15:12:59.960,1.35365,1.35412,1.65,1.13
2011.05.06 15:13:01.082,1.3536,1.35412,2.70,1.13
2011.05.06 15:13:01.304,1.35358,1.35405,2.70,1.35
2011.05.06 15:13:01.894,1.35357,1.35405,1.50,1.35
2011.05.06 15:13:02.900,1.35357,1.35405,2.25,1.35
2011.05.06 15:13:05.588,1.35353,1.354,2.40,1.35
2011.05.06 15:13:05.706,1.35343,1.35399,1.73,2.40
2011.05.06 15:13:06.041,1.35343,1.35383,1.73,1.50
2011.05.06 15:13:06.370,1.35343,1.35383,1.13,1.50
2011.05.06 15:13:07.027,1.35336,1.35383,2.78,1.50
2011.05.06 15:13:07.251,1.35336,1.35383,1.13,1.50
2011.05.06 15:13:07.802,1.35336,1.35384,1.13,4.20
2011.05.06 15:13:08.021,1.35336,1.35384,1.13,1.50
2011.05.06 15:13:08.587,1.35345,1.35391,2.40,1.35
2011.05.06 15:13:10.142,1.35338,1.3539,2.40,1.35
2011.05.06 15:13:10.361,1.35344,1.35393,2.40,2.10
2011.05.06 15:13:10.911,1.35344,1.35393,2.40,1.50
2011.05.06 15:13:11.799,1.35344,1.35393,2.40,2.25
2011.05.06 15:13:12.932,1.35342,1.35393,1.35,2.25
2011.05.06 15:13:13.593,1.35345,1.35393,2.40,4.95
2011.05.06 15:13:14.701,1.35344,1.35393,1.35,1.50
2011.05.06 15:13:14.813,1.35351,1.354,1.50,2.40
2011.05.06 15:13:15.032,1.35346,1.35404,2.25,5.03
2011.05.06 15:13:16.807,1.35338,1.35393,1.35,4.95
2011.05.06 15:13:16.925,1.35337,1.3539,2.25,4.05
2011.05.06 15:13:17.374,1.35332,1.35384,2.40,1.50
2011.05.06 15:13:21.271,1.35332,1.35384,2.40,4.95
2011.05.06 15:13:21.491,1.3533,1.35384,1.13,6.45
2011.05.06 15:13:23.057,1.35333,1.35381,2.40,2.10
2011.05.06 15:13:24.303,1.3533,1.3538,1.13,1.50
2011.05.06 15:13:24.420,1.3533,1.35382,1.13,1.50
2011.05.06 15:13:24.643,1.3533,1.35384,1.13,4.20
2011.05.06 15:13:24.875,1.35329,1.35384,1.13,4.20
2011.05.06 15:13:25.504,1.35345,1.35389,2.40,2.70
2011.05.06 15:13:25.635,1.35337,1.35386,2.25,1.35
2011.05.06 15:13:27.070,1.35329,1.35384,1.13,2.25
2011.05.06 15:13:28.191,1.35336,1.35384,2.40,2.25
2011.05.06 15:13:29.892,1.35337,1.35394,3.45,2.25
2011.05.06 15:13:30.005,1.35337,1.35394,3.45,2.25
2011.05.06 15:13:31.222,1.35341,1.35392,5.10,1.50
2011.05.06 15:13:31.442,1.35339,1.35388,1.35,1.65
2011.05.06 15:13:31.771,1.35348,1.35394,1.65,2.25
2011.05.06 15:13:31.991,1.35341,1.35394,2.70,2.25
2011.05.06 15:13:32.102,1.35342,1.35394,1.50,2.25
2011.05.06 15:13:32.322,1.35344,1.35394,3.90,2.25
2011.05.06 15:13:32.434,1.35345,1.35394,1.50,2.25
2011.05.06 15:13:32.772,1.35344,1.35394,2.25,2.25
2011.05.06 15:13:33.368,1.35348,1.35394,1.65,2.25
2011.05.06 15:13:33.478,1.35344,1.35394,2.40,2.25
2011.05.06 15:13:37.320,1.35339,1.35394,1.35,2.25
2011.05.06 15:13:38.833,1.35338,1.35394,2.40,2.25
2011.05.06 15:13:39.185,1.35328,1.35378,1.13,1.65
2011.05.06 15:13:39.523,1.35328,1.35374,1.13,1.50
2011.05.06 15:13:39.860,1.35329,1.35374,1.13,1.50
2011.05.06 15:13:40.532,1.35329,1.35383,1.13,2.10
2011.05.06 15:13:40.861,1.35333,1.35383,3.45,2.10
2011.05.06 15:13:41.082,1.35331,1.35377,2.40,2.25
2011.05.06 15:13:41.301,1.35329,1.35374,1.13,1.50
2011.05.06 15:13:43.231,1.35329,1.35374,1.13,1.50
2011.05.06 15:13:43.564,1.35332,1.35382,2.40,1.35
2011.05.06 15:13:43.905,1.35347,1.35384,2.10,2.25
2011.05.06 15:13:44.023,1.35347,1.35384,2.10,1.50
2011.05.06 15:13:44.143,1.35345,1.35389,2.40,3.45
2011.05.06 15:13:44.374,1.35352,1.3539,1.65,3.45
2011.05.06 15:13:44.717,1.35347,1.35394,1.50,1.35
2011.05.06 15:13:45.179,1.35338,1.35393,3.45,2.25
2011.05.06 15:13:45.510,1.35337,1.35393,2.25,2.25
2011.05.06 15:13:45.842,1.35329,1.35372,1.19,1.65
2011.05.06 15:13:46.172,1.35332,1.35378,2.40,4.95
2011.05.06 15:13:46.283,1.35328,1.35378,1.13,4.95
2011.05.06 15:13:46.392,1.35328,1.35373,1.13,3.90
2011.05.06 15:13:46.725,1.35329,1.35373,1.13,1.50
2011.05.06 15:13:47.392,1.35332,1.35383,2.40,2.25
2011.05.06 15:13:48.077,1.35332,1.35383,2.40,1.50
2011.05.06 15:13:48.415,1.35333,1.35388,2.40,4.20
2011.05.06 15:13:49.743,1.3533,1.35383,2.40,2.25
2011.05.06 15:13:50.070,1.3533,1.35383,2.40,1.50
2011.05.06 15:13:50.292,1.35347,1.35393,1.35,2.25
2011.05.06 15:13:50.936,1.3535,1.35393,1.35,2.25
2011.05.06 15:13:53.193,1.3534,1.35389,1.50,3.45
2011.05.06 15:13:53.970,1.35339,1.35393,1.50,1.50
2011.05.06 15:13:59.165,1.35338,1.35394,2.40,3.60
2011.05.06 15:14:15.140,1.35336,1.35389,2.25,1.35
2011.05.06 15:14:16.270,1.35336,1.35389,2.25,1.35
2011.05.06 15:14:21.770,1.35331,1.35383,1.13,2.25
2011.05.06 15:14:25.830,1.35337,1.35383,1.35,2.25
2011.05.06 15:14:26.970,1.35337,1.35382,1.35,1.50
2011.05.06 15:14:27.525,1.35327,1.3538,2.25,1.35
2011.05.06 15:14:27.872,1.35327,1.35374,1.13,2.25
2011.05.06 15:14:28.202,1.35327,1.35362,2.63,2.70
2011.05.06 15:14:28.314,1.35327,1.35362,2.63,2.70
2011.05.06 15:14:28.434,1.35327,1.35362,1.88,3.45
2011.05.06 15:14:28.772,1.35327,1.35362,2.25,2.70
2011.05.06 15:14:29.282,1.35326,1.3536,1.13,2.70
2011.05.06 15:14:29.632,1.35323,1.35365,2.03,3.45
2011.05.06 15:14:30.293,1.3532,1.35369,1.50,1.50
2011.05.06 15:14:30.524,1.35323,1.35367,2.03,1.50
2011.05.06 15:14:30.861,1.35317,1.35367,2.25,1.50
2011.05.06 15:14:31.850,1.35317,1.35367,2.25,1.50
2011.05.06 15:14:32.401,1.35317,1.35365,2.25,3.45
2011.05.06 15:14:33.231,1.35317,1.35364,2.25,1.50
2011.05.06 15:14:33.615,1.35316,1.35362,1.50,1.50
2011.05.06 15:14:33.735,1.35314,1.35362,2.40,1.50
2011.05.06 15:14:34.292,1.35317,1.3536,1.50,1.50
2011.05.06 15:14:34.511,1.35306,1.35359,2.25,1.50
2011.05.06 15:14:35.572,1.35306,1.35354,2.25,1.50
2011.05.06 15:14:37.454,1.35306,1.35349,2.25,2.25
2011.05.06 15:14:37.682,1.35307,1.35351,2.40,1.50
2011.05.06 15:14:41.040,1.35306,1.35347,2.25,1.50
2011.05.06 15:14:41.260,1.35306,1.35347,2.25,2.25
2011.05.06 15:14:42.691,1.35306,1.35349,2.25,1.50
2011.05.06 15:14:43.257,1.35313,1.35356,1.35,1.50
2011.05.06 15:14:43.581,1.35314,1.35364,1.65,2.25
2011.05.06 15:14:44.160,1.35322,1.35364,1.65,2.25
2011.05.06 15:14:44.490,1.35327,1.35366,1.50,1.50
2011.05.06 15:14:44.720,1.35327,1.35366,1.50,1.50
2011.05.06 15:14:46.040,1.35329,1.35367,1.65,1.13
2011.05.06 15:14:46.152,1.35327,1.35372,3.15,1.50
2011.05.06 15:14:46.263,1.35327,1.35372,3.15,1.50
2011.05.06 15:14:46.382,1.35336,1.35379,1.50,1.50
2011.05.06 15:14:46.710,1.35336,1.3538,3.15,1.50
2011.05.06 15:14:47.042,1.35316,1.35367,2.85,2.40
2011.05.06 15:14:47.260,1.35316,1.35365,2.85,2.40
2011.05.06 15:14:53.700,1.35316,1.35369,2.85,1.50
2011.05.06 15:14:54.030,1.35316,1.35364,1.35,2.25
2011.05.06 15:14:54.361,1.35314,1.3536,1.73,1.50
2011.05.06 15:15:04.964,1.35321,1.35365,1.35,1.50
2011.05.06 15:15:05.411,1.35332,1.35364,1.65,1.50
2011.05.06 15:15:05.520,1.35326,1.35364,1.50,1.50
2011.05.06 15:15:17.470,1.35326,1.35366,1.50,2.25
2011.05.06 15:15:17.692,1.35326,1.35366,2.85,2.25
2011.05.06 15:15:18.021,1.35336,1.35367,1.65,2.25
2011.05.06 15:15:18.241,1.35331,1.35367,1.35,2.25
2011.05.06 15:15:18.693,1.35336,1.35367,1.65,2.25
2011.05.06 15:15:19.259,1.35337,1.35367,1.50,2.25
2011.05.06 15:15:20.058,1.35337,1.35367,1.50,2.25
2011.05.06 15:15:20.711,1.35344,1.35367,1.35,1.50
2011.05.06 15:15:21.039,1.35345,1.35367,1.50,1.50
2011.05.06 15:15:21.420,1.35346,1.3539,2.25,1.50
2011.05.06 15:15:23.042,1.35346,1.35389,1.50,2.10
2011.05.06 15:15:23.590,1.35337,1.35389,2.25,2.10
2011.05.06 15:15:24.453,1.35339,1.3539,2.25,1.50
2011.05.06 15:15:25.202,1.35339,1.3539,1.65,1.50
2011.05.06 15:15:25.530,1.35339,1.35389,2.40,1.50
2011.05.06 15:15:26.452,1.3534,1.35389,1.50,1.50
2011.05.06 15:15:26.872,1.35348,1.35389,2.40,1.50
2011.05.06 15:15:28.710,1.35348,1.35392,2.40,1.50
2011.05.06 15:15:29.810,1.35348,1.35391,2.40,1.50
2011.05.06 15:15:31.360,1.35348,1.35392,2.40,1.50
2011.05.06 15:15:33.041,1.35348,1.35392,2.40,1.50
2011.05.06 15:15:33.870,1.35348,1.35392,2.40,1.50
2011.05.06 15:15:34.568,1.35348,1.35392,2.40,1.50
2011.05.06 15:15:38.073,1.35348,1.35392,2.40,1.50
2011.05.06 15:15:38.181,1.35341,1.35391,2.40,1.50
2011.05.06 15:15:38.400,1.35341,1.35391,2.40,1.50
2011.05.06 15:15:43.543,1.35341,1.35389,2.40,3.45
2011.05.06 15:15:44.711,1.35344,1.35389,1.50,3.45
2011.05.06 15:15:45.041,1.35359,1.35391,1.35,4.20
2011.05.06 15:15:45.590,1.35359,1.35392,1.35,1.50
2011.05.06 15:15:46.860,1.35359,1.35392,1.35,1.50
2011.05.06 15:15:47.431,1.35359,1.35392,1.35,1.50
2011.05.06 15:15:48.890,1.35359,1.35392,1.35,1.50
2011.05.06 15:15:49.004,1.35359,1.35391,1.35,1.50
2011.05.06 15:15:50.751,1.35357,1.35392,2.25,1.50
2011.05.06 15:15:52.899,1.35357,1.35392,2.25,1.50
2011.05.06 15:15:53.010,1.35357,1.35392,2.25,1.50
2011.05.06 15:15:53.231,1.35357,1.35392,2.25,1.50
2011.05.06 15:15:53.562,1.35349,1.35397,1.35,4.20
2011.05.06 15:15:53.670,1.35349,1.35396,1.35,1.50
2011.05.06 15:15:55.302,1.35349,1.35396,1.35,1.50
2011.05.06 15:15:56.670,1.35349,1.35396,1.35,1.50
2011.05.06 15:15:56.892,1.3534,1.35389,1.13,2.70
2011.05.06 15:15:57.219,1.35345,1.35394,2.40,2.10
2011.05.06 15:15:59.749,1.35347,1.35396,2.25,1.50
2011.05.06 15:16:01.492,1.35345,1.35392,2.40,1.35
2011.05.06 15:16:01.602,1.35345,1.35389,2.40,2.70
2011.05.06 15:16:01.713,1.3534,1.35389,1.13,2.70
2011.05.06 15:16:01.821,1.3534,1.35392,1.13,2.25
2011.05.06 15:16:03.763,1.35345,1.35394,2.40,2.10
2011.05.06 15:16:03.994,1.35345,1.35394,2.40,2.10
2011.05.06 15:16:04.441,1.35341,1.35397,1.13,4.80
2011.05.06 15:16:04.774,1.3534,1.35391,1.13,2.25
2011.05.06 15:16:05.004,1.35346,1.35392,2.25,1.50
2011.05.06 15:16:05.121,1.35346,1.35387,2.25,2.70
2011.05.06 15:16:05.451,1.35346,1.35391,2.25,2.25
2011.05.06 15:16:06.032,1.3534,1.35382,1.13,3.45
2011.05.06 15:16:06.373,1.35341,1.35379,1.13,2.70
2011.05.06 15:16:06.919,1.3534,1.3538,1.13,2.70
2011.05.06 15:16:07.362,1.3534,1.35384,1.13,4.20
2011.05.06 15:16:12.232,1.35348,1.35384,2.40,1.50
2011.05.06 15:16:12.752,1.35348,1.35392,2.40,1.50
2011.05.06 15:16:13.930,1.35348,1.35392,2.40,1.50
2011.05.06 15:16:14.521,1.35348,1.35393,2.40,1.50
2011.05.06 15:16:15.072,1.35348,1.35397,2.40,2.70
2011.05.06 15:16:19.443,1.35345,1.35394,2.40,1.50
2011.05.06 15:16:20.000,1.35342,1.35394,1.13,4.65
2011.05.06 15:16:20.223,1.35342,1.35394,1.13,5.40
2011.05.06 15:16:20.342,1.35342,1.35383,1.13,1.50
2011.05.06 15:16:20.671,1.35335,1.35383,1.13,3.00
2011.05.06 15:16:20.783,1.35335,1.35383,1.13,3.00
2011.05.06 15:16:21.001,1.35336,1.35383,1.13,1.50
2011.05.06 15:16:22.262,1.35337,1.35383,2.40,1.50
2011.05.06 15:16:22.700,1.35337,1.35394,2.40,3.00
2011.05.06 15:16:23.732,1.35356,1.35395,1.35,2.40
2011.05.06 15:16:23.846,1.35363,1.35398,2.70,2.25
2011.05.06 15:16:24.181,1.35367,1.35401,3.15,1.50
2011.05.06 15:16:24.510,1.35367,1.35421,3.15,1.13
2011.05.06 15:16:25.060,1.35368,1.35407,2.70,2.25
2011.05.06 15:16:25.290,1.35371,1.35407,2.70,2.25
2011.05.06 15:16:25.620,1.35368,1.35407,5.40,2.25
2011.05.06 15:16:25.731,1.35371,1.35407,2.70,2.25
2011.05.06 15:16:26.280,1.35371,1.35407,2.70,2.25
2011.05.06 15:16:26.856,1.35371,1.35407,2.70,2.25
2011.05.06 15:16:27.950,1.35369,1.35407,2.70,2.25
2011.05.06 15:16:28.670,1.35368,1.35407,2.70,2.25
2011.05.06 15:16:28.890,1.3537,1.35407,2.70,2.25
2011.05.06 15:16:29.329,1.35372,1.35406,2.70,1.50
2011.05.06 15:16:30.861,1.35367,1.35407,2.85,2.25
2011.05.06 15:16:31.823,1.35368,1.35407,3.30,2.25
2011.05.06 15:16:32.056,1.3537,1.35407,2.70,2.25
2011.05.06 15:16:32.394,1.35373,1.35407,2.70,1.50
2011.05.06 15:16:32.746,1.35376,1.35407,1.50,1.50
2011.05.06 15:16:34.531,1.35376,1.35411,1.50,2.25
2011.05.06 15:16:37.031,1.35376,1.35411,2.25,1.50
2011.05.06 15:16:37.546,1.35376,1.35411,2.25,1.50
2011.05.06 15:16:38.265,1.35376,1.35411,2.25,1.50
2011.05.06 15:16:39.149,1.35376,1.35412,2.25,1.50
2011.05.06 15:16:39.590,1.35376,1.35425,2.25,1.50
2011.05.06 15:16:39.921,1.35379,1.35428,2.40,1.50
2011.05.06 15:16:41.161,1.35379,1.35429,2.40,2.10
2011.05.06 15:16:41.492,1.35376,1.35426,2.25,1.50
2011.05.06 15:16:49.553,1.35367,1.35413,2.25,1.50
2011.05.06 15:16:50.186,1.35367,1.35414,2.40,1.50
2011.05.06 15:16:50.303,1.35367,1.35414,2.40,2.25
2011.05.06 15:16:50.533,1.35373,1.35419,2.40,1.50
2011.05.06 15:16:50.874,1.35376,1.35423,2.25,1.50
2011.05.06 15:16:51.822,1.35366,1.35413,3.90,1.50
2011.05.06 15:16:52.150,1.3536,1.35413,2.40,1.50
2011.05.06 15:16:52.482,1.3536,1.3541,2.40,1.35
2011.05.06 15:16:52.812,1.3536,1.35413,3.15,1.50
2011.05.06 15:16:52.923,1.35372,1.35416,1.50,1.50
2011.05.06 15:16:53.034,1.35373,1.35413,1.50,2.70
2011.05.06 15:16:53.422,1.35373,1.35418,1.50,1.35
2011.05.06 15:16:53.547,1.35373,1.35418,3.15,1.35
2011.05.06 15:16:54.462,1.35375,1.35428,2.40,1.35
2011.05.06 15:16:57.224,1.35388,1.35432,2.70,1.13
2011.05.06 15:16:57.347,1.3539,1.35432,2.70,1.13
2011.05.06 15:16:58.161,1.3539,1.35434,2.70,2.25
2011.05.06 15:16:58.271,1.35382,1.35434,5.10,2.25
2011.05.06 15:16:58.380,1.35382,1.35434,5.10,2.25
2011.05.06 15:16:59.941,1.35376,1.35434,2.25,3.00
2011.05.06 15:17:01.020,1.3538,1.35434,1.65,2.25
2011.05.06 15:17:01.350,1.35386,1.35435,1.50,1.50
2011.05.06 15:17:01.849,1.35377,1.35433,2.25,3.00
2011.05.06 15:17:03.812,1.35377,1.35425,2.25,1.50
2011.05.06 15:17:04.141,1.35383,1.35429,2.40,3.45
2011.05.06 15:17:04.252,1.35383,1.35429,2.40,4.20
2011.05.06 15:17:04.802,1.35383,1.35423,2.40,2.25
2011.05.06 15:17:04.910,1.35367,1.35414,2.25,1.50
2011.05.06 15:17:05.240,1.35374,1.35414,2.40,1.50
2011.05.06 15:17:05.570,1.35383,1.35423,2.40,1.50
2011.05.06 15:17:06.056,1.35383,1.35431,2.40,3.45
2011.05.06 15:17:10.852,1.3538,1.35434,1.50,2.25
2011.05.06 15:17:12.200,1.35376,1.35434,3.90,2.85
2011.05.06 15:17:12.870,1.35369,1.35424,1.50,1.50
2011.05.06 15:17:15.431,1.35374,1.35431,1.50,2.40
2011.05.06 15:17:16.075,1.35386,1.35437,2.25,3.45
2011.05.06 15:17:17.940,1.35389,1.35441,2.40,1.13
2011.05.06 15:17:18.730,1.35386,1.35437,2.25,1.50
2011.05.06 15:17:20.112,1.35386,1.35437,2.25,2.25
2011.05.06 15:17:20.443,1.35387,1.35433,1.50,2.25
2011.05.06 15:17:20.782,1.35393,1.35447,2.40,1.50
2011.05.06 15:17:21.113,1.35387,1.35444,2.25,2.40
2011.05.06 15:17:21.661,1.35393,1.35443,3.15,2.25
2011.05.06 15:17:22.426,1.35387,1.3544,2.25,2.10
2011.05.06 15:17:22.546,1.35387,1.35438,2.25,1.50
2011.05.06 15:17:22.773,1.35387,1.35438,2.25,1.50
2011.05.06 15:17:23.240,1.35387,1.35439,2.25,1.50
2011.05.06 15:17:23.460,1.35392,1.35443,1.35,2.25
2011.05.06 15:17:24.431,1.35392,1.35443,1.35,2.25
2011.05.06 15:17:26.082,1.35397,1.35449,1.35,2.40
2011.05.06 15:17:26.732,1.35402,1.35454,1.65,2.25
2011.05.06 15:17:26.952,1.35396,1.35442,2.25,1.50
2011.05.06 15:17:27.171,1.35396,1.35442,2.25,1.50
2011.05.06 15:17:28.037,1.35401,1.35447,2.40,3.45
2011.05.06 15:17:28.618,1.35401,1.3545,2.40,3.45
2011.05.06 15:17:31.240,1.35401,1.3545,1.65,3.45
2011.05.06 15:17:31.571,1.35401,1.35453,2.40,3.45
2011.05.06 15:17:31.683,1.35401,1.3545,2.40,1.35
2011.05.06 15:17:32.544,1.35396,1.35454,2.25,4.95
2011.05.06 15:17:36.813,1.35407,1.35453,1.50,3.45
2011.05.06 15:17:37.483,1.35412,1.35451,1.65,3.45
2011.05.06 15:17:37.593,1.35412,1.35451,3.15,3.45
2011.05.06 15:17:37.811,1.35416,1.35467,2.25,1.35
2011.05.06 15:17:37.920,1.35416,1.35467,2.25,1.35
2011.05.06 15:17:38.472,1.35416,1.35461,1.50,1.50
2011.05.06 15:17:38.802,1.35406,1.35451,2.25,2.70
2011.05.06 15:17:39.021,1.35406,1.35451,2.25,3.45
2011.05.06 15:17:39.922,1.35406,1.35451,2.85,2.70
2011.05.06 15:17:40.033,1.35409,1.35453,2.40,2.70
2011.05.06 15:17:40.143,1.35414,1.35464,1.50,2.25
2011.05.06 15:17:40.264,1.35415,1.35469,1.50,5.10
2011.05.06 15:17:40.769,1.35417,1.35463,2.40,2.70
2011.05.06 15:17:42.372,1.35417,1.35463,2.40,3.45
2011.05.06 15:17:45.050,1.35416,1.35462,2.25,1.50
2011.05.06 15:17:45.805,1.35416,1.35462,2.25,1.50
2011.05.06 15:17:46.929,1.35416,1.35462,2.25,1.50
2011.05.06 15:17:50.970,1.35416,1.35462,1.50,1.50
2011.05.06 15:17:51.853,1.35419,1.35467,1.35,2.40
2011.05.06 15:17:54.634,1.35419,1.35474,1.35,2.25
2011.05.06 15:17:54.980,1.35454,1.35497,2.70,4.50
2011.05.06 15:17:55.312,1.35439,1.35497,3.15,4.50
2011.05.06 15:17:55.534,1.35448,1.35496,2.40,4.50
2011.05.06 15:17:57.432,1.35447,1.35497,2.25,4.50
2011.05.06 15:17:58.429,1.35447,1.35496,2.25,4.50
2011.05.06 15:17:58.981,1.35451,1.35497,3.45,3.75
2011.05.06 15:18:00.521,1.35467,1.35496,1.50,4.50
2011.05.06 15:18:00.741,1.35467,1.35496,1.50,3.75
2011.05.06 15:18:01.290,1.35467,1.35497,1.50,3.75
2011.05.06 15:18:01.509,1.35457,1.35497,4.95,3.75
2011.05.06 15:18:02.267,1.35457,1.35497,4.95,3.75
2011.05.06 15:18:02.832,1.35467,1.35497,1.50,3.75
2011.05.06 15:18:03.273,1.35471,1.35497,2.70,3.75
2011.05.06 15:18:03.727,1.35457,1.35496,4.95,3.75
2011.05.06 15:18:04.394,1.35455,1.35497,2.40,3.75
2011.05.06 15:18:05.818,1.35457,1.35497,2.25,3.75
2011.05.06 15:18:07.005,1.35457,1.35502,2.25,1.50
2011.05.06 15:18:07.231,1.35457,1.35512,2.25,2.40
2011.05.06 15:18:09.264,1.35464,1.3551,5.10,1.35
2011.05.06 15:18:10.073,1.35456,1.35503,3.90,2.25
2011.05.06 15:18:10.184,1.35456,1.35505,2.40,1.50
2011.05.06 15:18:10.524,1.35461,1.35503,3.45,1.50
2011.05.06 15:18:10.862,1.35447,1.35492,2.25,1.65
2011.05.06 15:18:10.971,1.35447,1.35492,3.00,1.65
2011.05.06 15:18:11.192,1.35447,1.355,2.25,1.65
2011.05.06 15:18:11.617,1.35447,1.35492,2.25,1.65
2011.05.06 15:18:12.630,1.35447,1.3549,2.25,1.65
2011.05.06 15:18:13.349,1.35447,1.3549,2.25,1.65
2011.05.06 15:18:14.162,1.35447,1.3549,2.25,1.65
2011.05.06 15:18:14.382,1.35447,1.35485,2.25,4.35
2011.05.06 15:18:14.930,1.35447,1.35484,2.25,2.70
2011.05.06 15:18:15.641,1.35447,1.35496,2.25,2.40
2011.05.06 15:18:15.860,1.35447,1.35489,2.25,1.65
2011.05.06 15:18:16.960,1.35447,1.35489,2.25,2.40
2011.05.06 15:18:17.181,1.35447,1.35489,2.25,1.65
2011.05.06 15:18:19.190,1.35447,1.35489,2.25,5.10
2011.05.06 15:18:19.981,1.35447,1.35482,1.50,3.45
2011.05.06 15:18:20.091,1.35436,1.3548,2.25,2.70
2011.05.06 15:18:23.879,1.35427,1.35471,2.25,1.65
2011.05.06 15:18:24.212,1.35427,1.35465,2.25,1.65
2011.05.06 15:18:24.431,1.35417,1.35465,2.25,1.65
2011.05.06 15:18:24.653,1.35424,1.35468,1.50,2.70
2011.05.06 15:18:24.772,1.35424,1.35468,1.50,2.70
2011.05.06 15:18:24.881,1.35424,1.35473,1.50,3.15
2011.05.06 15:18:26.181,1.35417,1.35473,2.25,3.15
2011.05.06 15:18:26.731,1.35429,1.35478,1.35,1.65
2011.05.06 15:18:27.340,1.35429,1.35483,1.35,2.25
2011.05.06 15:18:27.562,1.35429,1.35476,1.35,1.65
2011.05.06 15:18:28.470,1.35429,1.35471,1.35,1.65
2011.05.06 15:18:28.801,1.35427,1.35472,2.25,2.70
2011.05.06 15:18:29.130,1.35427,1.35476,2.25,1.65
2011.05.06 15:18:29.851,1.35427,1.3547,2.85,1.65
2011.05.06 15:18:29.963,1.35427,1.3547,2.85,1.65
2011.05.06 15:18:30.071,1.35427,1.35472,2.85,2.70
2011.05.06 15:18:30.180,1.35427,1.35477,2.85,1.65
2011.05.06 15:18:31.108,1.35427,1.3547,2.25,2.70
2011.05.06 15:18:31.447,1.35427,1.35476,2.25,1.65
2011.05.06 15:18:31.984,1.35427,1.35476,1.35,2.40
2011.05.06 15:18:32.212,1.35421,1.35476,1.13,3.15
2011.05.06 15:18:32.431,1.35421,1.35469,1.13,1.65
2011.05.06 15:18:32.980,1.35421,1.35468,1.13,1.65
2011.05.06 15:18:33.202,1.35421,1.35471,1.13,1.65
2011.05.06 15:18:33.314,1.35421,1.35464,1.13,1.65
2011.05.06 15:18:33.870,1.3541,1.35464,3.45,2.25
2011.05.06 15:18:35.332,1.35409,1.35464,1.50,3.00
2011.05.06 15:18:35.662,1.35406,1.35452,2.25,1.65
2011.05.06 15:18:35.995,1.3542,1.35453,1.35,1.50
2011.05.06 15:18:36.113,1.3542,1.35463,1.35,1.50
2011.05.06 15:18:36.332,1.35423,1.35473,2.40,2.70
2011.05.06 15:18:36.442,1.35423,1.35464,2.40,1.50
2011.05.06 15:18:36.555,1.35431,1.35474,1.35,1.50
2011.05.06 15:18:37.004,1.35421,1.35479,3.45,2.40
2011.05.06 15:18:37.124,1.3543,1.35473,1.50,1.50
2011.05.06 15:18:37.242,1.3543,1.35484,1.50,3.90
2011.05.06 15:18:37.354,1.35427,1.35484,3.45,3.90
2011.05.06 15:18:37.692,1.35426,1.35483,2.25,3.45
2011.05.06 15:18:38.427,1.35426,1.35484,2.25,3.90
2011.05.06 15:18:38.541,1.35426,1.35484,2.25,3.90
2011.05.06 15:18:39.110,1.35426,1.35484,2.25,3.90
2011.05.06 15:18:39.440,1.35426,1.35484,2.25,3.90
2011.05.06 15:18:39.771,1.35426,1.35484,2.25,3.90
2011.05.06 15:18:40.100,1.35426,1.35484,2.25,3.90
2011.05.06 15:18:40.652,1.35426,1.35484,2.25,3.90
2011.05.06 15:18:41.422,1.35437,1.35493,2.25,2.25
2011.05.06 15:18:42.329,1.35437,1.35489,2.25,2.40
2011.05.06 15:18:42.445,1.35437,1.35489,2.25,2.40
2011.05.06 15:18:44.281,1.35427,1.35483,2.25,6.60
2011.05.06 15:18:44.503,1.35424,1.35468,3.45,2.40
2011.05.06 15:18:44.733,1.35424,1.35464,3.45,1.50
2011.05.06 15:18:45.788,1.35415,1.35464,1.50,1.50
2011.05.06 15:18:45.907,1.35421,1.35464,1.35,2.25
2011.05.06 15:18:46.024,1.35421,1.3547,1.35,1.50
2011.05.06 15:18:46.142,1.35421,1.35473,1.35,4.95
2011.05.06 15:18:46.362,1.35421,1.35473,1.35,1.50
2011.05.06 15:18:48.703,1.35422,1.35475,1.50,2.40
2011.05.06 15:18:49.261,1.35423,1.35474,1.50,4.95
2011.05.06 15:18:51.170,1.35427,1.35477,2.25,3.45
2011.05.06 15:18:51.391,1.35427,1.35477,2.25,3.45
2011.05.06 15:18:52.203,1.35431,1.35477,1.35,2.70
2011.05.06 15:18:52.422,1.35431,1.35478,1.35,1.65
2011.05.06 15:18:52.531,1.35431,1.35483,1.35,2.25
2011.05.06 15:18:52.645,1.35443,1.35486,1.35,1.50
2011.05.06 15:18:52.986,1.35433,1.35477,1.35,1.50
2011.05.06 15:18:53.107,1.35429,1.35485,1.50,1.50
2011.05.06 15:18:53.735,1.35426,1.35461,2.25,2.70
2011.05.06 15:18:53.964,1.35416,1.35461,2.25,3.45
2011.05.06 15:18:54.086,1.35404,1.35452,1.35,1.65
2011.05.06 15:18:54.535,1.35405,1.35454,1.50,1.50
2011.05.06 15:18:54.872,1.35407,1.35459,2.25,1.65
2011.05.06 15:18:55.754,1.35412,1.35463,1.35,2.25
2011.05.06 15:18:55.871,1.35412,1.35463,1.35,1.50
2011.05.06 15:18:56.204,1.35412,1.35458,1.35,2.40
2011.05.06 15:18:56.726,1.35409,1.35454,1.50,1.50
2011.05.06 15:18:57.063,1.35414,1.35453,1.35,1.50
2011.05.06 15:18:57.282,1.35414,1.35456,1.35,1.65
2011.05.06 15:18:57.392,1.35403,1.35453,1.42,1.50
2011.05.06 15:18:59.261,1.35406,1.35462,1.57,2.70
2011.05.06 15:19:00.065,1.3541,1.35461,2.40,2.70
2011.05.06 15:19:00.191,1.35412,1.35464,1.57,2.25
2011.05.06 15:19:00.744,1.35415,1.35464,2.70,2.25
2011.05.06 15:19:01.302,1.35416,1.35464,2.70,2.25
2011.05.06 15:19:01.991,1.35418,1.35464,1.65,2.25
2011.05.06 15:19:02.102,1.35418,1.35471,1.65,1.13
2011.05.06 15:19:03.132,1.35418,1.35471,1.65,1.13
2011.05.06 15:19:03.466,1.3542,1.35471,1.35,1.13
2011.05.06 15:19:03.585,1.35421,1.35474,1.35,4.95
2011.05.06 15:19:03.925,1.3542,1.35463,4.12,2.25
2011.05.06 15:19:04.950,1.3542,1.35474,2.17,2.25
2011.05.06 15:19:05.062,1.35424,1.35477,1.50,2.40
2011.05.06 15:19:05.173,1.35426,1.35478,1.50,3.45
2011.05.06 15:19:05.612,1.35429,1.35484,1.35,2.25
2011.05.06 15:19:06.063,1.35433,1.35484,2.25,2.25
2011.05.06 15:19:06.188,1.35429,1.35484,1.35,2.25
2011.05.06 15:19:06.525,1.35434,1.35483,2.70,3.90
2011.05.06 15:19:06.644,1.35429,1.35483,2.17,3.90
2011.05.06 15:19:06.760,1.35429,1.35481,2.17,2.40
2011.05.06 15:19:07.204,1.35432,1.35473,3.45,1.50
2011.05.06 15:19:07.543,1.35455,1.35494,1.65,3.45
2011.05.06 15:19:07.651,1.35455,1.35494,1.65,3.45
2011.05.06 15:19:07.764,1.35446,1.35497,1.50,1.50
2011.05.06 15:19:07.992,1.35447,1.35495,1.50,2.40
2011.05.06 15:19:08.321,1.35456,1.35496,1.50,1.50
2011.05.06 15:19:08.541,1.35442,1.3548,3.45,1.50
2011.05.06 15:19:08.965,1.35442,1.35475,3.45,1.50
2011.05.06 15:19:09.092,1.35417,1.35452,2.25,2.70
2011.05.06 15:19:09.202,1.35417,1.35452,2.25,2.70
2011.05.06 15:19:09.427,1.35417,1.35452,2.25,2.70
2011.05.06 15:19:09.763,1.35417,1.35459,2.25,3.45
2011.05.06 15:19:09.873,1.35417,1.35455,2.25,2.70
2011.05.06 15:19:10.092,1.35417,1.35462,2.25,3.45
2011.05.06 15:19:12.101,1.35417,1.35462,2.25,3.45
2011.05.06 15:19:12.322,1.35417,1.35459,2.25,2.70
2011.05.06 15:19:12.541,1.35417,1.35464,2.25,5.85
2011.05.06 15:19:12.653,1.35407,1.35459,2.25,2.70
2011.05.06 15:19:17.143,1.3541,1.35459,1.50,2.70
2011.05.06 15:19:17.372,1.35418,1.35468,2.40,3.45
2011.05.06 15:19:18.515,1.35417,1.3547,2.25,5.10
2011.05.06 15:19:18.850,1.35417,1.35457,2.25,2.70
2011.05.06 15:19:19.291,1.35406,1.35457,3.90,2.70
2011.05.06 15:19:19.513,1.35406,1.3546,3.90,3.45
2011.05.06 15:19:19.621,1.35406,1.35457,2.25,2.40
2011.05.06 15:19:19.951,1.35408,1.35462,2.40,1.50
2011.05.06 15:19:20.282,1.35408,1.35459,2.40,2.70
2011.05.06 15:19:22.232,1.35408,1.35459,2.40,3.45
2011.05.06 15:19:22.564,1.35407,1.35459,2.40,2.70
2011.05.06 15:19:23.121,1.35407,1.3546,2.40,3.45
2011.05.06 15:19:24.162,1.35407,1.35458,2.40,2.70
2011.05.06 15:19:24.713,1.35407,1.35458,2.40,2.70
2011.05.06 15:19:24.931,1.35407,1.3546,2.40,2.70
2011.05.06 15:19:26.608,1.35407,1.35458,2.40,2.70
2011.05.06 15:19:27.442,1.35407,1.35462,2.40,2.70
2011.05.06 15:19:30.550,1.35407,1.35462,2.40,3.45
2011.05.06 15:19:33.231,1.35404,1.35459,1.50,3.45
2011.05.06 15:19:33.781,1.35407,1.35463,3.90,2.25
2011.05.06 15:19:35.502,1.35419,1.35464,1.65,3.45
2011.05.06 15:19:35.721,1.35419,1.3547,2.40,3.45
2011.05.06 15:19:37.202,1.35419,1.35469,1.65,1.50
2011.05.06 15:19:37.423,1.35417,1.35465,1.50,3.45
2011.05.06 15:19:37.974,1.35407,1.35458,2.40,1.35
2011.05.06 15:19:38.314,1.35409,1.35455,1.35,3.45
2011.05.06 15:19:38.435,1.35406,1.35452,2.25,3.45
2011.05.06 15:19:38.556,1.35414,1.35454,1.57,1.65
2011.05.06 15:19:38.892,1.3543,1.35463,1.57,2.40
2011.05.06 15:19:39.003,1.3543,1.35463,2.17,1.65
2011.05.06 15:19:39.114,1.35429,1.35463,1.57,1.65
2011.05.06 15:19:39.592,1.35439,1.35469,1.35,1.65
2011.05.06 15:19:39.702,1.35446,1.35496,1.50,1.50
2011.05.06 15:19:40.252,1.35451,1.35493,1.65,3.45
2011.05.06 15:19:40.693,1.35451,1.35493,2.40,3.45
2011.05.06 15:19:40.912,1.35454,1.35496,1.65,1.50
2011.05.06 15:19:41.023,1.35447,1.35496,1.35,1.50
2011.05.06 15:19:41.241,1.35449,1.35497,2.70,1.50
2011.05.06 15:19:41.571,1.35454,1.35497,1.65,1.50
2011.05.06 15:19:42.169,1.35457,1.35496,1.50,1.50
2011.05.06 15:19:42.505,1.35457,1.35497,1.50,1.50
2011.05.06 15:19:43.614,1.35446,1.35497,3.75,1.50
2011.05.06 15:19:44.171,1.35446,1.35495,1.50,1.50
2011.05.06 15:19:47.311,1.35437,1.35494,2.32,2.25
2011.05.06 15:19:50.361,1.35445,1.35494,2.70,2.25
2011.05.06 15:19:50.580,1.35447,1.35497,1.50,1.50
2011.05.06 15:19:52.461,1.35444,1.35493,2.40,3.00
2011.05.06 15:19:53.013,1.35445,1.35493,1.65,2.25
2011.05.06 15:19:53.586,1.35441,1.35493,2.40,4.95
2011.05.06 15:19:56.410,1.35446,1.35496,1.50,1.50
2011.05.06 15:19:57.542,1.35438,1.35493,1.50,2.25
2011.05.06 15:19:59.581,1.35437,1.35484,2.25,1.50
2011.05.06 15:20:00.126,1.35437,1.35484,2.25,1.50
2011.05.06 15:20:12.433,1.35444,1.35493,1.50,2.25
2011.05.06 15:20:12.651,1.35453,1.35493,1.65,2.25
2011.05.06 15:20:12.980,1.35456,1.35497,1.50,1.50
2011.05.06 15:20:13.314,1.35453,1.35497,1.65,1.50
2011.05.06 15:20:13.430,1.35447,1.35497,1.50,1.50
2011.05.06 15:20:13.982,1.35446,1.35497,1.50,1.50
2011.05.06 15:20:14.421,1.35452,1.35497,1.65,1.50
2011.05.06 15:20:16.441,1.35446,1.35496,1.50,1.50
2011.05.06 15:20:18.482,1.35445,1.35496,1.65,1.50
2011.05.06 15:20:18.813,1.35444,1.35493,1.35,2.25
2011.05.06 15:20:19.141,1.35447,1.35497,1.50,1.50
2011.05.06 15:20:20.992,1.35445,1.35493,2.70,2.25
2011.05.06 15:20:21.787,1.35443,1.35493,1.35,2.25
2011.05.06 15:20:23.750,1.35444,1.35493,1.35,2.25
2011.05.06 15:20:23.970,1.35444,1.35493,1.35,2.25
2011.05.06 15:20:24.818,1.35444,1.35493,1.35,2.25
2011.05.06 15:20:25.150,1.35444,1.35493,1.35,2.25
2011.05.06 15:20:25.260,1.35444,1.35493,1.35,2.25
2011.05.06 15:20:25.590,1.35444,1.35493,1.35,2.25
2011.05.06 15:20:26.061,1.35444,1.35493,1.35,2.25
2011.05.06 15:20:29.212,1.35444,1.35493,1.35,2.25
2011.05.06 15:20:31.251,1.35444,1.35493,1.35,2.25
2011.05.06 15:20:31.627,1.35444,1.35493,1.35,2.25
2011.05.06 15:20:35.334,1.35437,1.35489,2.25,3.00
2011.05.06 15:20:35.781,1.35437,1.35489,1.50,1.35
2011.05.06 15:20:38.290,1.35437,1.35489,2.25,1.35
2011.05.06 15:20:38.620,1.35437,1.3549,2.85,2.40
2011.05.06 15:20:39.328,1.35439,1.35491,1.35,2.40
2011.05.06 15:20:40.091,1.35439,1.35491,1.35,2.40
2011.05.06 15:20:41.911,1.35439,1.35491,1.35,2.40
2011.05.06 15:20:42.290,1.35439,1.35491,1.35,2.40
2011.05.06 15:20:42.731,1.35439,1.35491,1.35,2.40
2011.05.06 15:20:43.171,1.35439,1.35491,1.35,2.40
2011.05.06 15:20:44.980,1.35437,1.35481,1.50,1.50
2011.05.06 15:20:45.311,1.35426,1.3547,2.25,1.50
2011.05.06 15:20:45.751,1.35427,1.35482,2.25,4.20
2011.05.06 15:20:46.081,1.35427,1.35483,2.25,2.25
2011.05.06 15:20:47.071,1.35427,1.35476,2.25,2.25
2011.05.06 15:20:47.400,1.35427,1.3548,2.25,3.45
2011.05.06 15:20:49.049,1.35427,1.35474,2.40,2.25
2011.05.06 15:20:49.936,1.35433,1.35483,1.65,2.25
2011.05.06 15:20:50.491,1.35434,1.35483,1.65,2.25
2011.05.06 15:20:52.423,1.35451,1.35482,2.48,2.70
2011.05.06 15:20:52.913,1.35472,1.35497,1.65,1.50
2011.05.06 15:20:53.033,1.35462,1.35497,2.70,1.50
2011.05.06 15:20:53.146,1.35466,1.35497,1.50,1.50
2011.05.06 15:20:53.483,1.35466,1.35497,1.50,1.50
2011.05.06 15:20:53.708,1.35466,1.35497,1.50,1.50
2011.05.06 15:20:53.824,1.35457,1.35496,1.65,1.50
2011.05.06 15:20:54.602,1.35457,1.35496,2.40,1.50
2011.05.06 15:20:55.211,1.35457,1.35496,1.65,1.50
2011.05.06 15:20:56.451,1.35457,1.35496,2.40,1.50
2011.05.06 15:20:56.671,1.35466,1.35496,1.65,1.50
2011.05.06 15:20:58.764,1.35457,1.35496,1.50,1.50
2011.05.06 15:20:59.546,1.35446,1.35494,2.25,1.50
2011.05.06 15:20:59.770,1.35446,1.35494,1.50,1.50
2011.05.06 15:20:59.881,1.3544,1.35493,1.65,2.25
2011.05.06 15:21:00.341,1.35447,1.35494,1.50,1.50
2011.05.06 15:21:04.440,1.3544,1.35492,1.65,1.50
2011.05.06 15:21:04.552,1.3544,1.35486,1.65,3.45
2011.05.06 15:21:04.662,1.35433,1.35483,1.35,2.40
2011.05.06 15:21:04.882,1.35444,1.35486,1.65,3.45
2011.05.06 15:21:06.170,1.35444,1.35493,2.40,2.25
2011.05.06 15:21:06.284,1.35451,1.35496,1.50,1.50
2011.05.06 15:21:06.402,1.35458,1.35496,1.65,1.50
2011.05.06 15:21:06.511,1.35449,1.35496,2.10,1.50
2011.05.06 15:21:06.622,1.35446,1.35497,2.10,1.50
2011.05.06 15:21:06.731,1.35453,1.35497,1.65,1.50
2011.05.06 15:21:08.900,1.35453,1.35497,1.65,1.50
2011.05.06 15:21:09.020,1.35455,1.35496,1.65,1.50
2011.05.06 15:21:09.362,1.35468,1.35497,1.65,1.50
2011.05.06 15:21:09.695,1.35457,1.35496,1.50,1.50
2011.05.06 15:21:09.814,1.3546,1.35497,2.70,1.50
2011.05.06 15:21:09.934,1.35457,1.35497,1.50,1.50
2011.05.06 15:21:10.164,1.35457,1.35497,1.50,1.50
2011.05.06 15:21:10.614,1.35467,1.35497,1.50,1.50
2011.05.06 15:21:12.002,1.35467,1.35497,1.50,1.50
2011.05.06 15:21:12.497,1.35456,1.35496,1.50,1.50
2011.05.06 15:21:12.612,1.3546,1.35497,1.65,1.50
2011.05.06 15:21:13.051,1.3546,1.35497,1.65,1.50
2011.05.06 15:21:13.273,1.35456,1.35497,1.50,1.50
2011.05.06 15:21:14.053,1.35456,1.35497,1.50,1.50
2011.05.06 15:21:14.172,1.35456,1.35497,1.50,1.50
2011.05.06 15:21:14.720,1.35456,1.35497,1.50,1.50
2011.05.06 15:21:15.576,1.35456,1.35496,1.50,1.50
2011.05.06 15:21:15.911,1.35456,1.35496,1.50,1.50
2011.05.06 15:21:16.240,1.35456,1.35496,1.50,1.50
2011.05.06 15:21:17.781,1.35446,1.35496,1.50,1.50
2011.05.06 15:21:18.002,1.35446,1.35496,1.50,1.50
2011.05.06 15:21:18.442,1.35446,1.35486,1.50,1.50
2011.05.06 15:21:18.661,1.35437,1.35486,1.50,2.40
2011.05.06 15:21:19.120,1.35437,1.35487,2.25,3.45
2011.05.06 15:21:19.452,1.35441,1.35496,2.70,1.50
2011.05.06 15:21:19.781,1.35449,1.35485,1.65,3.45
2011.05.06 15:21:19.891,1.35449,1.35485,1.65,3.45
2011.05.06 15:21:20.112,1.35457,1.35497,1.50,1.50
2011.05.06 15:21:20.440,1.35449,1.35496,1.65,1.50
2011.05.06 15:21:20.552,1.35447,1.35495,1.50,2.40
2011.05.06 15:21:22.621,1.35437,1.3549,1.50,2.40
2011.05.06 15:21:23.891,1.35438,1.35492,1.65,3.45
2011.05.06 15:21:24.440,1.35437,1.35486,1.50,3.45
2011.05.06 15:21:28.262,1.35441,1.3549,1.65,6.15
2011.05.06 15:21:28.835,1.35437,1.3549,1.50,5.10
2011.05.06 15:21:30.111,1.35437,1.3549,1.50,5.10
2011.05.06 15:21:30.553,1.35426,1.35473,2.25,2.40
2011.05.06 15:21:31.111,1.35428,1.35476,1.65,3.45
2011.05.06 15:21:36.131,1.35426,1.35476,1.50,3.45
2011.05.06 15:21:36.459,1.35418,1.35473,2.40,2.25
2011.05.06 15:21:37.710,1.35419,1.35473,1.50,2.25
2011.05.06 15:21:37.820,1.35428,1.35473,1.65,2.25
2011.05.06 15:21:38.639,1.35428,1.35476,1.65,3.45
2011.05.06 15:21:39.541,1.35428,1.35472,1.65,1.50
2011.05.06 15:21:39.651,1.35422,1.3547,1.65,3.45
2011.05.06 15:21:39.761,1.35427,1.3547,1.65,3.45
2011.05.06 15:21:39.979,1.35427,1.35474,1.65,2.25
2011.05.06 15:21:43.791,1.35427,1.35479,2.40,3.45
2011.05.06 15:21:43.902,1.35427,1.35481,3.15,6.15
2011.05.06 15:21:44.450,1.35431,1.35476,1.65,1.50
2011.05.06 15:21:45.002,1.35431,1.35476,1.65,1.50
2011.05.06 15:21:46.820,1.35431,1.35468,1.65,1.50
2011.05.06 15:21:47.042,1.35426,1.35468,2.25,1.50
2011.05.06 15:21:50.353,1.35426,1.35478,3.90,1.50
2011.05.06 15:21:50.571,1.35436,1.35478,1.50,1.50
2011.05.06 15:21:51.026,1.35436,1.3548,1.50,3.45
2011.05.06 15:21:51.371,1.35436,1.35489,1.50,3.45
2011.05.06 15:21:52.440,1.35436,1.3549,1.50,3.45
2011.05.06 15:21:53.642,1.35436,1.3549,1.50,3.45
2011.05.06 15:21:57.172,1.35436,1.35487,1.50,3.45
2011.05.06 15:21:57.282,1.35426,1.35487,2.25,5.10
2011.05.06 15:22:04.213,1.35426,1.35484,4.95,2.25
2011.05.06 15:22:05.093,1.35432,1.35484,4.27,2.25
2011.05.06 15:22:05.422,1.35436,1.35484,1.50,2.25
2011.05.06 15:22:05.752,1.35445,1.35494,1.65,2.25
2011.05.06 15:22:06.083,1.35447,1.35496,1.50,1.50
2011.05.06 15:22:06.691,1.35441,1.35493,1.57,2.25
2011.05.06 15:22:07.462,1.35447,1.35496,1.50,1.50
2011.05.06 15:22:13.351,1.35437,1.35484,2.25,3.45
2011.05.06 15:22:13.570,1.35437,1.35477,2.25,2.70
2011.05.06 15:22:15.751,1.35437,1.35477,1.50,3.45
2011.05.06 15:22:16.299,1.35427,1.35472,2.25,3.45
2011.05.06 15:22:16.520,1.35427,1.35472,2.25,2.70
2011.05.06 15:22:17.070,1.35419,1.35473,1.57,2.25
2011.05.06 15:22:17.400,1.35417,1.35469,2.25,1.65
2011.05.06 15:22:17.731,1.35417,1.35464,2.25,2.70
2011.05.06 15:22:17.842,1.35417,1.35473,2.25,4.95
2011.05.06 15:22:18.501,1.35422,1.35473,2.40,2.25
2011.05.06 15:22:19.031,1.35417,1.35469,2.25,3.45
2011.05.06 15:22:19.364,1.35415,1.35464,1.19,3.15
2011.05.06 15:22:20.255,1.35419,1.35464,1.57,1.50
2011.05.06 15:22:21.764,1.35414,1.35463,1.57,1.50
2011.05.06 15:22:22.228,1.35419,1.35474,2.47,2.25
2011.05.06 15:22:22.344,1.3542,1.35474,2.32,2.25
2011.05.06 15:22:28.726,1.35428,1.3548,1.57,3.45
2011.05.06 15:22:28.844,1.35428,1.3548,1.57,3.45
2011.05.06 15:22:29.185,1.35428,1.3548,1.57,3.45
2011.05.06 15:22:29.817,1.35431,1.35477,2.47,1.50
2011.05.06 15:22:30.593,1.35428,1.35481,2.47,1.50
2011.05.06 15:22:30.813,1.35438,1.35482,1.65,1.50
2011.05.06 15:22:30.923,1.35438,1.35483,1.65,2.25
2011.05.06 15:22:31.254,1.35438,1.35487,1.72,1.50
2011.05.06 15:22:31.485,1.3544,1.35487,1.65,1.50
2011.05.06 15:22:31.825,1.3544,1.35492,2.47,1.50
2011.05.06 15:22:32.160,1.35446,1.35492,1.50,1.50
2011.05.06 15:22:45.910,1.35446,1.35491,1.50,1.50
2011.05.06 15:22:46.460,1.35438,1.35488,2.47,1.50
2011.05.06 15:22:47.495,1.35438,1.3549,2.47,1.50
2011.05.06 15:22:47.944,1.35436,1.35482,2.32,1.50
2011.05.06 15:22:48.065,1.35436,1.3548,2.25,1.50
2011.05.06 15:22:48.295,1.35429,1.35471,1.57,3.45
2011.05.06 15:22:48.415,1.35426,1.35477,3.07,1.50
2011.05.06 15:22:48.642,1.35425,1.35474,1.57,2.25
2011.05.06 15:22:48.970,1.35425,1.35474,1.57,2.25
2011.05.06 15:22:49.521,1.35425,1.35474,1.57,2.25
2011.05.06 15:22:53.082,1.35425,1.35474,1.57,2.25
2011.05.06 15:22:53.631,1.35429,1.35474,1.57,2.25
2011.05.06 15:22:55.591,1.35437,1.3548,1.50,1.50
2011.05.06 15:22:55.825,1.3544,1.35494,3.52,3.00
2011.05.06 15:22:55.944,1.35438,1.35491,1.57,1.50
2011.05.06 15:22:56.341,1.35446,1.35491,1.50,1.50
2011.05.06 15:23:00.271,1.35438,1.35491,4.27,1.50
2011.05.06 15:23:01.242,1.35438,1.35491,1.57,1.50
2011.05.06 15:23:01.352,1.35437,1.35486,2.47,1.50
2011.05.06 15:23:02.601,1.35437,1.3549,3.22,1.50
2011.05.06 15:23:03.040,1.35437,1.35492,3.22,1.50
2011.05.06 15:23:03.481,1.35439,1.35488,1.57,2.40
2011.05.06 15:23:07.344,1.35437,1.35483,2.32,6.15
2011.05.06 15:23:08.361,1.35436,1.3548,1.57,3.45
2011.05.06 15:23:11.302,1.35432,1.3548,1.57,3.45
2011.05.06 15:23:11.740,1.35432,1.35481,1.57,1.50
2011.05.06 15:23:12.290,1.35432,1.35481,1.57,1.50
2011.05.06 15:23:13.283,1.35432,1.35481,1.57,3.45
2011.05.06 15:23:13.502,1.35434,1.35482,1.57,1.50
2011.05.06 15:23:16.483,1.35434,1.35476,1.57,1.50
2011.05.06 15:23:17.031,1.3543,1.35477,1.57,1.50
2011.05.06 15:23:17.140,1.35436,1.35477,1.57,1.50
2011.05.06 15:23:17.362,1.35436,1.35486,1.57,1.50
2011.05.06 15:23:17.937,1.35437,1.35486,2.32,1.50
2011.05.06 15:23:18.055,1.35447,1.35492,1.50,1.50
2011.05.06 15:23:18.393,1.35457,1.35492,1.50,1.50
2011.05.06 15:23:18.841,1.35447,1.35492,1.57,1.50
2011.05.06 15:23:19.281,1.35447,1.35482,1.50,1.50
2011.05.06 15:23:20.501,1.35436,1.35487,2.25,1.50
2011.05.06 15:23:20.612,1.35441,1.35487,2.47,1.50
2011.05.06 15:23:21.433,1.35441,1.35487,2.47,1.50
2011.05.06 15:23:23.601,1.35436,1.35487,2.32,1.50
2011.05.06 15:23:24.041,1.35436,1.35485,2.32,1.50
2011.05.06 15:23:26.603,1.35431,1.35475,3.52,1.50
2011.05.06 15:23:26.729,1.35431,1.35474,2.77,1.50
2011.05.06 15:23:27.062,1.35428,1.35479,1.57,1.50
2011.05.06 15:23:27.392,1.35432,1.35479,1.57,1.50
2011.05.06 15:23:28.161,1.35432,1.35476,2.17,1.50
2011.05.06 15:23:28.491,1.35434,1.35483,5.92,2.25
2011.05.06 15:23:29.151,1.35432,1.35481,2.17,1.50
2011.05.06 15:23:30.377,1.35435,1.35484,1.57,2.25
2011.05.06 15:23:31.494,1.35435,1.35484,1.57,2.25
2011.05.06 15:23:31.613,1.35437,1.35484,1.57,2.25
2011.05.06 15:23:32.943,1.35434,1.35484,1.57,2.25
2011.05.06 15:23:35.852,1.35436,1.35484,1.57,2.25
2011.05.06 15:23:36.291,1.35442,1.35491,1.42,1.50
2011.05.06 15:23:36.511,1.35442,1.35493,1.42,2.25
2011.05.06 15:23:38.340,1.35442,1.35493,2.17,2.25
2011.05.06 15:23:38.673,1.35447,1.35497,3.97,2.25
2011.05.06 15:23:39.452,1.35442,1.35493,1.57,3.90
2011.05.06 15:23:39.568,1.35438,1.35484,1.57,1.50
2011.05.06 15:23:39.904,1.35437,1.35484,2.32,1.50
2011.05.06 15:23:40.570,1.35437,1.35481,2.32,1.50
2011.05.06 15:23:40.901,1.35437,1.35481,1.50,1.50
2011.05.06 15:23:42.820,1.35437,1.35484,1.57,3.45
2011.05.06 15:23:43.552,1.35437,1.35484,1.57,3.45
2011.05.06 15:23:43.881,1.35437,1.35484,1.57,3.45
2011.05.06 15:23:51.762,1.35436,1.35483,1.57,2.25
2011.05.06 15:23:52.091,1.35435,1.35483,1.57,2.25
2011.05.06 15:23:53.352,1.35436,1.35483,1.57,2.25
2011.05.06 15:23:54.140,1.35446,1.35482,1.50,1.50
2011.05.06 15:23:54.482,1.35456,1.3548,1.50,1.50
2011.05.06 15:23:54.592,1.35442,1.35479,2.70,1.50
2011.05.06 15:23:54.813,1.35432,1.35472,3.52,1.50
2011.05.06 15:23:55.140,1.35432,1.35477,2.70,1.50
2011.05.06 15:23:55.360,1.35432,1.35477,2.70,1.50
2011.05.06 15:23:59.381,1.35426,1.35473,2.32,1.50
2011.05.06 15:24:00.272,1.35424,1.35467,3.52,1.50
2011.05.06 15:24:00.601,1.35424,1.35458,2.70,1.50
2011.05.06 15:24:00.822,1.35408,1.35458,3.52,1.50
2011.05.06 15:24:01.151,1.3541,1.35463,3.45,1.50
2011.05.06 15:24:02.181,1.35409,1.35458,3.52,1.50
2011.05.06 15:24:06.102,1.3541,1.35453,3.45,1.50
2011.05.06 15:24:06.324,1.35413,1.35456,1.50,1.50
2011.05.06 15:24:06.443,1.35414,1.35459,1.35,1.50
2011.05.06 15:24:06.665,1.35421,1.35469,1.35,3.45
2011.05.06 15:24:07.002,1.35424,1.35474,3.07,2.25
2011.05.06 15:24:07.641,1.35426,1.35474,1.35,2.25
2011.05.06 15:24:07.970,1.35427,1.35474,1.35,2.25
2011.05.06 15:24:08.724,1.35426,1.35474,3.45,2.25
2011.05.06 15:24:09.164,1.35424,1.35474,5.92,2.25
2011.05.06 15:24:09.506,1.35427,1.35464,3.30,2.25
2011.05.06 15:24:09.623,1.35432,1.35474,2.70,2.25
2011.05.06 15:24:09.852,1.35431,1.35474,3.52,2.25
2011.05.06 15:24:10.072,1.35429,1.35474,3.22,2.25
2011.05.06 15:24:12.183,1.35437,1.35474,2.70,2.25
2011.05.06 15:24:13.700,1.35436,1.35474,2.70,2.25
2011.05.06 15:24:14.161,1.35437,1.35483,2.77,2.25
2011.05.06 15:24:15.841,1.35433,1.35483,3.52,2.25
2011.05.06 15:24:15.955,1.35429,1.35483,5.92,2.25
2011.05.06 15:24:16.511,1.35428,1.35483,4.27,2.25
2011.05.06 15:24:17.064,1.35436,1.35492,2.47,3.45
2011.05.06 15:24:17.840,1.35439,1.35483,1.65,2.25
2011.05.06 15:24:20.897,1.35439,1.35483,1.65,2.25
2011.05.06 15:24:21.763,1.35439,1.35488,1.65,1.50
2011.05.06 15:24:21.992,1.3543,1.35483,1.57,1.50
2011.05.06 15:24:22.212,1.35429,1.35483,2.47,1.50
2011.05.06 15:24:22.432,1.35431,1.35483,1.57,2.25
2011.05.06 15:24:22.760,1.35431,1.35484,1.57,2.25
2011.05.06 15:24:23.753,1.3543,1.35481,1.57,1.35
2011.05.06 15:24:23.971,1.35424,1.35473,1.57,1.50
2011.05.06 15:24:24.303,1.35429,1.35484,1.57,2.25
2011.05.06 15:24:24.641,1.35436,1.35483,1.65,2.25
2011.05.06 15:24:25.114,1.3544,1.35493,1.65,2.25
2011.05.06 15:24:25.671,1.35434,1.35494,4.27,2.25
2011.05.06 15:24:35.522,1.35437,1.3549,1.65,3.45
2011.05.06 15:24:40.820,1.35445,1.35493,1.65,2.25
2011.05.06 15:24:41.480,1.35449,1.35493,1.65,2.25
2011.05.06 15:24:44.190,1.35446,1.35496,3.15,1.50
2011.05.06 15:24:46.331,1.35449,1.35497,1.65,1.50
2011.05.06 15:24:48.473,1.35446,1.35497,3.15,2.25
2011.05.06 15:24:48.802,1.3544,1.35491,1.65,1.50
2011.05.06 15:24:49.135,1.35437,1.35486,1.50,4.20
2011.05.06 15:24:49.690,1.35432,1.35483,2.40,2.25
2011.05.06 15:24:51.381,1.35432,1.35483,3.15,2.25
2011.05.06 15:24:58.731,1.35437,1.35485,1.50,3.45
2011.05.06 15:25:00.335,1.35436,1.35485,1.50,3.45
2011.05.06 15:25:02.062,1.35427,1.35481,2.32,3.45
2011.05.06 15:25:02.528,1.35424,1.35471,2.47,3.45
2011.05.06 15:25:02.646,1.35423,1.35464,1.13,1.50
2011.05.06 15:25:02.764,1.35414,1.35464,2.40,2.25
2011.05.06 15:25:03.103,1.35408,1.3546,2.40,1.50
2011.05.06 15:25:04.936,1.35408,1.35456,1.65,3.45
2011.05.06 15:25:05.491,1.35401,1.35448,1.13,1.50
2011.05.06 15:25:05.711,1.35397,1.35448,1.88,4.20
2011.05.06 15:25:06.151,1.35397,1.35448,1.50,1.50
2011.05.06 15:25:07.711,1.35397,1.35448,1.50,1.50
2011.05.06 15:25:07.931,1.35397,1.35448,2.25,1.50
2011.05.06 15:25:08.154,1.35397,1.35448,2.25,4.20
2011.05.06 15:25:10.733,1.35397,1.35448,2.25,1.50
2011.05.06 15:25:11.833,1.35397,1.35447,2.25,1.50
2011.05.06 15:25:12.161,1.35397,1.35447,1.50,1.50
2011.05.06 15:25:15.453,1.35397,1.35447,2.25,1.50
2011.05.06 15:25:16.002,1.35397,1.35447,2.25,1.50
2011.05.06 15:25:16.441,1.354,1.35453,2.40,2.25
2011.05.06 15:25:16.773,1.35404,1.35453,1.57,2.25
2011.05.06 15:25:18.431,1.35406,1.35453,3.52,2.25
2011.05.06 15:25:18.770,1.35406,1.35453,2.77,2.25
2011.05.06 15:25:20.611,1.35404,1.35453,4.27,2.25
2011.05.06 15:25:20.940,1.35413,1.35453,2.70,2.25
2011.05.06 15:25:24.364,1.35414,1.35453,2.70,2.25
2011.05.06 15:25:24.483,1.35411,1.35453,2.77,2.25
2011.05.06 15:25:24.594,1.35411,1.35464,2.77,2.25
2011.05.06 15:25:25.230,1.35424,1.35464,2.77,2.25
2011.05.06 15:25:25.350,1.35424,1.35473,3.52,2.25
2011.05.06 15:25:26.563,1.35429,1.35473,1.65,2.25
2011.05.06 15:25:26.894,1.35429,1.35473,1.65,2.25
2011.05.06 15:25:27.234,1.3542,1.35473,3.45,2.25
2011.05.06 15:25:27.571,1.35411,1.35463,2.40,2.25
2011.05.06 15:25:28.837,1.35415,1.35463,1.57,2.25
2011.05.06 15:25:29.503,1.35409,1.35453,4.20,1.50
2011.05.06 15:25:29.837,1.35425,1.35463,1.65,2.25
2011.05.06 15:25:30.173,1.35427,1.35474,2.70,2.25
2011.05.06 15:25:30.281,1.35425,1.35474,4.35,2.25
2011.05.06 15:25:30.986,1.35428,1.35474,2.70,2.25
2011.05.06 15:25:31.101,1.35428,1.3548,2.70,1.50
2011.05.06 15:25:31.212,1.35431,1.35481,1.65,1.13
2011.05.06 15:25:31.322,1.35428,1.35481,2.70,1.13
2011.05.06 15:25:33.101,1.35426,1.35473,7.05,2.25
2011.05.06 15:25:33.432,1.35432,1.35473,2.70,2.25
2011.05.06 15:25:33.542,1.35432,1.35473,2.70,2.25
2011.05.06 15:25:34.203,1.35427,1.35473,2.70,2.25
2011.05.06 15:25:34.580,1.3543,1.35481,1.65,1.13
2011.05.06 15:25:34.913,1.35427,1.35482,1.50,3.83
2011.05.06 15:25:40.274,1.35427,1.35483,3.00,2.63
2011.05.06 15:25:40.501,1.35433,1.35483,1.65,2.25
2011.05.06 15:25:41.075,1.35434,1.35483,2.70,2.25
2011.05.06 15:25:41.412,1.35436,1.35488,1.50,1.50
2011.05.06 15:25:44.772,1.35436,1.35484,2.25,1.50
2011.05.06 15:25:45.107,1.35441,1.35494,1.65,1.50
2011.05.06 15:25:45.226,1.35441,1.35494,2.40,1.50
2011.05.06 15:25:46.028,1.35449,1.35493,1.65,3.45
2011.05.06 15:25:46.364,1.35447,1.35497,2.70,1.50
2011.05.06 15:25:46.878,1.35442,1.35494,1.35,2.25
2011.05.06 15:25:49.370,1.35446,1.35494,3.30,2.25
2011.05.06 15:25:49.889,1.35445,1.35494,2.70,2.25
2011.05.06 15:25:50.334,1.35436,1.35494,4.27,2.25
2011.05.06 15:25:50.921,1.35438,1.35493,3.45,2.25
2011.05.06 15:25:51.031,1.35444,1.35493,2.25,2.25
2011.05.06 15:25:51.146,1.35445,1.35493,1.57,2.25
2011.05.06 15:25:51.704,1.35454,1.35497,1.65,1.50
2011.05.06 15:25:52.045,1.35458,1.35496,1.65,1.50
2011.05.06 15:25:52.164,1.35458,1.35496,1.65,1.50
2011.05.06 15:25:52.283,1.35458,1.35497,1.65,1.50
2011.05.06 15:25:52.910,1.3546,1.35492,2.70,2.40
2011.05.06 15:25:53.038,1.35444,1.35492,1.50,2.40
2011.05.06 15:25:53.374,1.35436,1.35492,2.25,2.40
2011.05.06 15:25:53.494,1.35436,1.35492,2.25,2.40
2011.05.06 15:26:02.133,1.35426,1.35478,2.25,1.50
2011.05.06 15:26:02.951,1.35426,1.35475,2.25,2.40
2011.05.06 15:26:03.282,1.35416,1.35468,2.25,1.65
2011.05.06 15:26:03.504,1.35416,1.35468,2.25,2.40
2011.05.06 15:26:03.621,1.35408,1.35464,2.47,2.25
2011.05.06 15:26:03.952,1.35408,1.35464,2.47,1.50
2011.05.06 15:26:04.173,1.35411,1.35464,2.40,1.50
2011.05.06 15:26:04.726,1.35417,1.35471,2.25,1.50
2011.05.06 15:26:09.210,1.35425,1.35473,1.57,2.25
2011.05.06 15:26:09.541,1.35433,1.35483,2.40,1.13
2011.05.06 15:26:10.562,1.35437,1.35485,1.50,3.45
2011.05.06 15:26:11.551,1.35429,1.35484,3.15,2.25
2011.05.06 15:26:18.402,1.35429,1.35481,2.40,3.45
2011.05.06 15:26:20.808,1.35429,1.35473,2.40,1.50
2011.05.06 15:26:21.365,1.3543,1.35482,1.50,1.50
2011.05.06 15:26:24.123,1.35428,1.35479,1.50,3.45
2011.05.06 15:26:24.232,1.35427,1.35479,2.25,3.45
2011.05.06 15:26:24.674,1.35417,1.35469,1.57,3.45
2011.05.06 15:26:25.013,1.35415,1.35463,1.13,1.50
2011.05.06 15:26:25.121,1.35415,1.35463,1.13,2.25
2011.05.06 15:26:26.321,1.35417,1.35473,2.25,2.25
2011.05.06 15:26:26.651,1.35417,1.35469,2.25,3.45
2011.05.06 15:26:29.597,1.35409,1.35464,1.19,2.25
2011.05.06 15:26:30.221,1.35409,1.35457,1.13,2.70
2011.05.06 15:26:31.100,1.35409,1.35455,1.13,2.70
2011.05.06 15:26:31.542,1.35409,1.35459,1.88,3.45
2011.05.06 15:26:31.763,1.35417,1.35463,2.25,3.45
2011.05.06 15:26:32.092,1.35417,1.35469,2.25,1.35
2011.05.06 15:26:34.804,1.3541,1.3546,1.50,3.45
2011.05.06 15:26:35.141,1.35407,1.35457,2.25,2.40
2011.05.06 15:26:35.472,1.354,1.35454,1.42,1.50
2011.05.06 15:26:36.181,1.35407,1.35464,3.45,3.00
2011.05.06 15:26:36.293,1.35407,1.35464,3.45,3.00
2011.05.06 15:26:36.622,1.35416,1.35464,2.40,2.25
2011.05.06 15:26:37.833,1.35416,1.35465,3.90,1.50
2011.05.06 15:26:38.906,1.35417,1.35471,2.25,1.50
2011.05.06 15:26:39.132,1.35417,1.35463,2.25,1.50
2011.05.06 15:26:42.172,1.35416,1.35463,2.25,1.50
2011.05.06 15:26:46.497,1.35411,1.35459,3.45,1.50
2011.05.06 15:26:48.862,1.35417,1.35461,2.25,1.50
2011.05.06 15:26:49.411,1.35417,1.35461,2.25,1.50
2011.05.06 15:26:50.182,1.35417,1.35461,2.25,1.50
2011.05.06 15:26:50.402,1.35417,1.35462,2.25,1.50
2011.05.06 15:26:51.565,1.35417,1.35461,2.25,1.50
2011.05.06 15:26:54.273,1.35407,1.35458,2.25,1.50
2011.05.06 15:26:55.784,1.35407,1.35459,2.25,2.40
2011.05.06 15:26:56.011,1.35413,1.35463,1.50,1.50
2011.05.06 15:26:56.232,1.35414,1.35463,1.50,2.25
2011.05.06 15:26:56.694,1.35421,1.35463,1.35,2.25
2011.05.06 15:26:57.043,1.35414,1.35459,2.40,3.45
2011.05.06 15:26:57.702,1.35408,1.35464,3.22,2.25
2011.05.06 15:26:58.102,1.35408,1.35464,3.22,2.25
2011.05.06 15:27:00.304,1.35417,1.35463,2.25,2.25
2011.05.06 15:27:00.423,1.35417,1.35461,2.25,1.50
2011.05.06 15:27:00.532,1.35407,1.35457,1.13,1.50
2011.05.06 15:27:01.069,1.35406,1.35453,1.13,1.50
2011.05.06 15:27:02.801,1.35407,1.35453,1.13,2.25
2011.05.06 15:27:05.553,1.35406,1.35456,1.88,1.50
2011.05.06 15:27:05.882,1.35417,1.35457,2.25,1.50
2011.05.06 15:27:06.429,1.35417,1.35459,2.25,1.50
2011.05.06 15:27:07.758,1.35411,1.3546,1.50,2.40
2011.05.06 15:27:08.091,1.35407,1.35455,2.25,1.50
2011.05.06 15:27:08.673,1.35407,1.35455,2.25,2.25
2011.05.06 15:27:09.261,1.35407,1.35453,2.25,2.70
2011.05.06 15:27:09.373,1.35407,1.35453,2.25,3.45
2011.05.06 15:27:09.481,1.35407,1.35447,2.25,2.70
2011.05.06 15:27:09.963,1.354,1.35447,1.35,2.70
2011.05.06 15:27:10.615,1.35406,1.35448,2.25,2.70
2011.05.06 15:27:10.727,1.35406,1.35453,2.25,2.70
2011.05.06 15:27:11.801,1.35406,1.35455,2.25,4.95
2011.05.06 15:27:12.585,1.35406,1.35455,2.25,4.20
2011.05.06 15:27:13.891,1.35406,1.35455,2.25,4.20
2011.05.06 15:27:15.151,1.35405,1.35457,1.50,1.35
2011.05.06 15:27:15.374,1.354,1.35458,5.85,1.50
2011.05.06 15:27:15.717,1.35409,1.35463,3.15,1.50
2011.05.06 15:27:15.835,1.35409,1.35463,2.40,1.50
2011.05.06 15:27:19.322,1.35408,1.35454,1.35,1.50
2011.05.06 15:27:20.494,1.35408,1.35443,1.35,1.50
2011.05.06 15:27:20.724,1.354,1.35443,1.13,1.50
2011.05.06 15:27:20.953,1.35401,1.35444,1.57,1.50
2011.05.06 15:27:21.063,1.35401,1.35453,1.57,1.50
2011.05.06 15:27:21.504,1.35405,1.35457,1.50,3.45
2011.05.06 15:27:22.861,1.35417,1.35466,2.25,1.50
2011.05.06 15:27:23.193,1.35419,1.35471,1.35,2.25
2011.05.06 15:27:23.524,1.35419,1.35468,1.35,2.40
2011.05.06 15:27:23.867,1.35417,1.35468,2.25,2.40
2011.05.06 15:27:24.097,1.35417,1.35468,2.25,2.40
2011.05.06 15:27:24.753,1.35417,1.35471,2.25,1.50
2011.05.06 15:27:24.876,1.35409,1.35463,2.17,2.25
2011.05.06 15:27:25.214,1.35419,1.35454,3.45,1.50
2011.05.06 15:27:25.972,1.35412,1.35463,1.50,2.25
2011.05.06 15:27:28.203,1.35406,1.35453,2.47,1.50
2011.05.06 15:27:28.314,1.35404,1.35453,1.57,1.50
2011.05.06 15:27:28.438,1.35404,1.35453,1.57,1.50
2011.05.06 15:27:28.772,1.35401,1.35444,1.57,1.50
2011.05.06 15:27:30.311,1.35405,1.35454,2.40,1.50
2011.05.06 15:27:31.085,1.35405,1.35454,2.40,1.50
2011.05.06 15:27:32.371,1.35407,1.35461,2.25,4.20
2011.05.06 15:27:45.458,1.35416,1.35463,2.25,1.50
2011.05.06 15:27:45.793,1.35407,1.35461,2.25,2.40
2011.05.06 15:27:46.950,1.35407,1.35461,2.25,2.40
2011.05.06 15:27:49.487,1.35407,1.35461,2.25,1.65
2011.05.06 15:27:49.714,1.35411,1.35462,2.40,3.45
2011.05.06 15:27:50.053,1.35416,1.35469,2.25,2.40
2011.05.06 15:27:50.272,1.35416,1.3547,2.25,1.50
2011.05.06 15:27:50.822,1.35423,1.35474,1.65,2.25
2011.05.06 15:27:52.911,1.35425,1.35474,1.65,2.25
2011.05.06 15:27:53.380,1.35427,1.3548,2.25,1.50
2011.05.06 15:27:53.494,1.35433,1.3548,2.10,1.50
2011.05.06 15:27:53.605,1.35441,1.3548,1.65,1.50
2011.05.06 15:27:53.834,1.35426,1.35465,2.25,1.65
2011.05.06 15:27:54.062,1.35421,1.35465,3.45,1.65
2011.05.06 15:27:54.391,1.35416,1.35465,2.25,2.40
2011.05.06 15:27:59.602,1.35416,1.35463,2.25,1.50
2011.05.06 15:27:59.823,1.35406,1.35463,3.90,1.50
2011.05.06 15:28:00.046,1.35406,1.3546,2.25,3.45
2011.05.06 15:28:00.381,1.35397,1.35453,3.00,3.15
2011.05.06 15:28:01.110,1.35406,1.35455,2.25,2.70
2011.05.06 15:28:01.345,1.35411,1.3546,2.40,1.50
2011.05.06 15:28:01.461,1.35411,1.3546,2.40,1.50
2011.05.06 15:28:01.793,1.35406,1.35452,2.25,1.65
2011.05.06 15:28:02.671,1.35406,1.35452,2.25,1.65
2011.05.06 15:28:03.111,1.35406,1.35457,2.25,1.50
2011.05.06 15:28:03.885,1.35406,1.35452,2.25,2.40
2011.05.06 15:28:04.575,1.35406,1.35454,2.25,3.45
2011.05.06 15:28:04.804,1.35406,1.35453,2.25,2.40
2011.05.06 15:28:07.244,1.35401,1.35453,4.05,2.40
2011.05.06 15:28:07.583,1.35406,1.35451,2.25,1.50
2011.05.06 15:28:08.244,1.35407,1.35453,2.25,1.50
2011.05.06 15:28:08.365,1.35407,1.35455,2.25,1.50
2011.05.06 15:28:08.849,1.35407,1.35452,2.25,2.40
2011.05.06 15:28:09.187,1.35407,1.35455,2.25,1.50
2011.05.06 15:28:09.963,1.35407,1.35459,2.25,1.50
2011.05.06 15:28:10.513,1.35397,1.35452,2.25,2.70
2011.05.06 15:28:11.065,1.35404,1.35453,3.45,2.25
2011.05.06 15:28:11.404,1.35397,1.35452,2.25,2.40
2011.05.06 15:28:11.523,1.35397,1.35452,2.25,1.65
2011.05.06 15:28:12.103,1.35397,1.35453,3.07,2.25
2011.05.06 15:28:12.545,1.35397,1.35453,2.25,2.25
2011.05.06 15:28:13.103,1.35397,1.35453,2.25,2.25
2011.05.06 15:28:16.257,1.35397,1.35452,4.95,1.50
2011.05.06 15:28:16.482,1.35397,1.35449,2.25,1.50
2011.05.06 15:28:17.346,1.35398,1.35453,3.45,2.25
2011.05.06 15:28:17.902,1.35388,1.35444,3.52,1.50
2011.05.06 15:28:18.234,1.35397,1.35452,2.25,1.50
2011.05.06 15:28:18.463,1.35397,1.35451,2.25,1.50
2011.05.06 15:28:18.801,1.354,1.35453,3.45,2.25
2011.05.06 15:28:18.914,1.35399,1.35449,3.45,2.40
2011.05.06 15:28:20.135,1.35387,1.35444,3.89,2.25
2011.05.06 15:28:23.721,1.35388,1.35444,1.19,2.25
2011.05.06 15:28:24.275,1.35386,1.35444,2.25,2.25
2011.05.06 15:28:26.342,1.35389,1.35441,1.50,1.50
2011.05.06 15:28:26.671,1.354,1.35441,1.50,1.50
2011.05.06 15:28:27.001,1.354,1.35445,1.50,1.50
2011.05.06 15:28:27.113,1.35399,1.35445,1.65,1.50
2011.05.06 15:28:27.222,1.35396,1.35445,1.50,1.50
2011.05.06 15:28:27.331,1.35396,1.35445,2.25,1.50
2011.05.06 15:28:30.041,1.35386,1.35442,2.25,3.45
2011.05.06 15:28:30.371,1.35386,1.35443,2.25,3.45
2011.05.06 15:28:34.931,1.35386,1.35432,2.25,2.40
2011.05.06 15:28:35.266,1.35383,1.35432,1.50,2.40
2011.05.06 15:28:35.713,1.35386,1.35433,2.47,2.25
2011.05.06 15:28:36.043,1.3539,1.35442,1.50,3.45
2011.05.06 15:28:36.153,1.3539,1.35442,1.50,3.45
2011.05.06 15:28:36.704,1.354,1.35449,1.65,1.50
2011.05.06 15:28:37.482,1.35388,1.35443,3.45,2.25
2011.05.06 15:28:39.153,1.354,1.35443,1.65,2.25
2011.05.06 15:28:39.703,1.35393,1.35443,2.40,2.25
2011.05.06 15:28:49.193,1.35396,1.35444,2.25,1.50
2011.05.06 15:28:51.671,1.3539,1.35444,1.57,3.90
2011.05.06 15:28:55.472,1.35392,1.35443,1.57,2.25
2011.05.06 15:28:56.147,1.35384,1.35433,1.13,1.50
2011.05.06 15:28:56.672,1.3539,1.35442,1.50,1.35
2011.05.06 15:28:58.290,1.35387,1.35438,2.25,1.35
2011.05.06 15:28:58.743,1.35396,1.35435,1.50,3.45
2011.05.06 15:28:59.073,1.35407,1.35436,1.50,3.45
2011.05.06 15:28:59.402,1.35407,1.35438,1.50,2.10
2011.05.06 15:29:03.350,1.35397,1.35434,1.50,1.50
2011.05.06 15:29:03.463,1.35386,1.35434,2.40,1.50
2011.05.06 15:29:04.012,1.35376,1.35428,2.25,1.50
2011.05.06 15:29:05.003,1.35376,1.35426,2.25,1.50
2011.05.06 15:29:05.331,1.35367,1.35422,2.25,2.40
2011.05.06 15:29:06.601,1.35367,1.35422,2.25,1.65
2011.05.06 15:29:07.414,1.35367,1.35423,3.90,1.50
2011.05.06 15:29:07.971,1.35376,1.35427,2.25,1.50
2011.05.06 15:29:08.626,1.35376,1.35431,2.32,1.50
2011.05.06 15:29:08.740,1.3538,1.35434,2.40,1.50
2011.05.06 15:29:09.291,1.35388,1.35437,2.40,1.50
2011.05.06 15:29:10.493,1.35396,1.3544,1.50,2.25
2011.05.06 15:29:11.041,1.35387,1.35438,2.25,3.45
2011.05.06 15:29:21.744,1.35397,1.35444,1.50,1.50
2011.05.06 15:29:27.576,1.35392,1.35443,3.45,2.25
2011.05.06 15:29:30.421,1.35397,1.35449,2.25,1.50
2011.05.06 15:29:30.753,1.35406,1.35449,1.65,1.50
2011.05.06 15:29:31.191,1.35396,1.35446,1.50,3.45
2011.05.06 15:29:31.301,1.35396,1.35446,1.50,3.45
2011.05.06 15:29:33.283,1.3539,1.35435,3.45,2.40
2011.05.06 15:29:33.661,1.3539,1.35431,3.45,2.40
2011.05.06 15:29:34.008,1.35377,1.35431,1.19,2.40
2011.05.06 15:29:34.343,1.35378,1.35426,1.13,1.65
2011.05.06 15:29:34.894,1.35386,1.35438,2.25,3.15
2011.05.06 15:29:35.342,1.35389,1.35444,1.57,4.95
2011.05.06 15:29:36.882,1.35386,1.35439,3.07,3.45
2011.05.06 15:29:40.661,1.35377,1.35429,2.69,2.70
2011.05.06 15:29:40.772,1.35377,1.35429,2.69,2.70
2011.05.06 15:29:40.881,1.35377,1.35425,2.69,1.65
2011.05.06 15:29:41.211,1.35377,1.35423,2.69,2.70
2011.05.06 15:29:42.202,1.35371,1.35424,1.57,1.50
2011.05.06 15:29:42.757,1.35371,1.35421,1.57,2.70
2011.05.06 15:29:43.103,1.35376,1.35413,2.40,1.50
2011.05.06 15:29:43.326,1.35387,1.35425,1.65,1.50
2011.05.06 15:29:43.556,1.35379,1.35429,1.50,2.40
2011.05.06 15:29:43.786,1.35373,1.35424,3.45,1.50
2011.05.06 15:29:43.904,1.35369,1.35418,1.13,1.50
2011.05.06 15:29:44.134,1.3537,1.35421,1.13,1.50
2011.05.06 15:29:44.253,1.3537,1.35421,1.13,3.15
2011.05.06 15:29:45.242,1.35366,1.35417,2.25,1.35
2011.05.06 15:29:45.768,1.35366,1.35407,2.25,1.65
2011.05.06 15:29:46.102,1.35366,1.35412,2.25,2.70
2011.05.06 15:29:46.212,1.35366,1.3541,2.25,2.70
2011.05.06 15:29:47.048,1.35366,1.35409,2.25,2.70
2011.05.06 15:29:47.883,1.35366,1.35406,2.25,2.70
2011.05.06 15:29:49.411,1.35366,1.35409,2.25,3.45
2011.05.06 15:29:49.529,1.35357,1.35405,1.13,1.65
2011.05.06 15:29:49.642,1.35358,1.35405,1.13,1.65
2011.05.06 15:29:49.860,1.35358,1.35404,1.13,2.25
2011.05.06 15:29:50.190,1.35346,1.35404,2.32,1.50
2011.05.06 15:29:50.527,1.35345,1.35394,3.22,1.50
2011.05.06 15:29:50.647,1.35345,1.35394,2.40,1.50
2011.05.06 15:29:50.875,1.35345,1.35391,1.50,1.65
2011.05.06 15:29:51.215,1.35358,1.35391,1.35,1.65
2011.05.06 15:29:51.335,1.35364,1.35408,1.50,1.50
2011.05.06 15:29:51.453,1.35364,1.35403,1.50,2.70
2011.05.06 15:29:51.562,1.35364,1.35413,1.50,2.25
2011.05.06 15:29:52.342,1.35372,1.35413,1.65,2.25
2011.05.06 15:29:52.466,1.35377,1.35419,1.50,1.50
2011.05.06 15:29:52.802,1.35366,1.35419,3.45,2.40
2011.05.06 15:29:56.562,1.35378,1.35423,1.65,1.13
2011.05.06 15:29:58.092,1.35382,1.35423,1.65,1.13
2011.05.06 15:29:58.203,1.35382,1.35424,1.65,2.25
2011.05.06 15:29:58.312,1.35389,1.35433,1.65,3.00
2011.05.06 15:29:58.534,1.35384,1.35433,2.70,1.50
2011.05.06 15:29:58.762,1.35389,1.35433,2.70,3.00
2011.05.06 15:29:59.202,1.35387,1.35433,2.70,3.00
2011.05.06 15:29:59.861,1.35389,1.35433,2.70,2.25
2011.05.06 15:30:00.191,1.35389,1.35433,3.45,2.25
2011.05.06 15:30:00.666,1.35394,1.35437,4.35,1.50
2011.05.06 15:30:00.782,1.35394,1.35437,4.35,1.50
2011.05.06 15:30:01.000,1.3539,1.35437,4.95,1.50
2011.05.06 15:30:01.116,1.3539,1.35437,1.50,1.50
2011.05.06 15:30:01.344,1.35388,1.35434,1.50,1.50
2011.05.06 15:30:01.682,1.35394,1.35434,1.65,1.50
2011.05.06 15:30:02.232,1.35392,1.35434,3.45,1.50
2011.05.06 15:30:02.872,1.35391,1.35434,2.70,1.50
2011.05.06 15:30:03.421,1.3539,1.35434,3.45,1.50
2011.05.06 15:30:04.752,1.35389,1.35434,2.70,1.50
2011.05.06 15:30:06.161,1.35384,1.35433,4.20,2.25
2011.05.06 15:30:06.272,1.35384,1.35433,3.45,2.25
2011.05.06 15:30:09.003,1.35387,1.35429,1.50,1.50
2011.05.06 15:30:09.552,1.35378,1.35429,1.13,1.50
2011.05.06 15:30:09.993,1.35377,1.35423,2.25,2.25
2011.05.06 15:30:10.324,1.35373,1.35414,2.70,1.50
2011.05.06 15:30:10.442,1.3537,1.35413,3.45,1.50
2011.05.06 15:30:10.771,1.35366,1.35412,2.25,1.50
2011.05.06 15:30:11.892,1.35366,1.35406,2.25,1.50
2011.05.06 15:30:12.245,1.35376,1.35412,1.50,3.45
2011.05.06 15:30:12.477,1.35376,1.35412,1.50,3.45
2011.05.06 15:30:12.703,1.35377,1.35422,1.65,1.50
2011.05.06 15:30:12.924,1.35386,1.35426,1.50,1.50
2011.05.06 15:30:13.044,1.35386,1.35425,1.50,1.50
2011.05.06 15:30:13.383,1.35396,1.35429,1.50,1.50
2011.05.06 15:30:13.604,1.35396,1.35424,1.50,1.50
2011.05.06 15:30:13.722,1.35396,1.35424,1.50,1.50
2011.05.06 15:30:16.534,1.35396,1.35422,1.50,1.50
2011.05.06 15:30:17.200,1.35396,1.35425,1.50,1.50
2011.05.06 15:30:18.714,1.35387,1.35425,1.50,1.50
2011.05.06 15:30:18.934,1.35376,1.35412,1.50,1.50
2011.05.06 15:30:19.155,1.35377,1.35427,1.50,1.50
2011.05.06 15:30:19.273,1.35367,1.35423,3.90,2.25
2011.05.06 15:30:19.386,1.35378,1.35427,1.65,1.50
2011.05.06 15:30:19.502,1.35378,1.35419,1.65,3.45
2011.05.06 15:30:19.942,1.35385,1.35429,1.65,3.45
2011.05.06 15:30:24.352,1.35389,1.35434,1.65,2.25
2011.05.06 15:30:24.680,1.35389,1.35434,1.65,2.25
2011.05.06 15:30:25.371,1.35389,1.35434,1.65,2.25
2011.05.06 15:30:29.051,1.35389,1.35435,1.65,1.50
2011.05.06 15:30:29.276,1.35389,1.35436,1.65,1.50
2011.05.06 15:30:29.504,1.35386,1.35439,1.50,1.50
2011.05.06 15:30:29.622,1.35388,1.35442,2.70,1.50
2011.05.06 15:30:30.171,1.35387,1.35442,2.70,1.50
2011.05.06 15:30:32.884,1.35387,1.35424,2.70,1.50
2011.05.06 15:30:33.103,1.35363,1.35414,2.40,2.25
2011.05.06 15:30:34.114,1.35363,1.35414,2.40,2.25
2011.05.06 15:30:40.960,1.35356,1.35404,2.25,1.50
2011.05.06 15:30:42.181,1.35356,1.35404,2.25,1.50
2011.05.06 15:30:42.404,1.35347,1.35401,1.13,1.50
2011.05.06 15:30:42.843,1.35383,1.35402,1.50,1.50
2011.05.06 15:30:43.062,1.35342,1.35401,1.65,2.25
2011.05.06 15:30:43.172,1.35342,1.35401,3.15,1.50
2011.05.06 15:30:44.051,1.35341,1.35403,2.40,3.00
2011.05.06 15:30:45.724,1.35351,1.35403,2.40,2.25
2011.05.06 15:30:46.052,1.35346,1.35393,2.47,1.50
2011.05.06 15:30:47.723,1.35346,1.35388,2.47,1.50
2011.05.06 15:30:47.834,1.35346,1.35386,2.47,3.45
2011.05.06 15:30:48.064,1.35347,1.35387,2.40,1.50
2011.05.06 15:30:48.182,1.35347,1.35393,2.40,1.50
2011.05.06 15:30:49.542,1.35347,1.35391,2.40,3.45
2011.05.06 15:30:49.652,1.35337,1.35386,2.25,1.50
2011.05.06 15:30:49.981,1.35343,1.35393,2.40,1.50
2011.05.06 15:30:50.312,1.35351,1.35393,3.22,1.50
2011.05.06 15:30:51.081,1.35355,1.35403,2.40,2.25
2011.05.06 15:30:58.500,1.35355,1.35403,3.22,2.25
2011.05.06 15:31:03.372,1.35361,1.35403,2.70,2.25
2011.05.06 15:31:03.701,1.35364,1.35403,1.65,2.25
2011.05.06 15:31:04.503,1.35364,1.35413,1.65,2.25
2011.05.06 15:31:04.852,1.35368,1.35413,1.72,2.25
2011.05.06 15:31:07.291,1.35368,1.35414,1.72,1.13
2011.05.06 15:31:10.183,1.35363,1.35413,1.72,2.25
2011.05.06 15:31:12.886,1.35363,1.35413,1.72,2.25
2011.05.06 15:31:13.222,1.35373,1.3542,1.65,3.45
2011.05.06 15:31:13.331,1.35373,1.3542,1.65,3.45
2011.05.06 15:31:13.550,1.35373,1.3542,1.65,3.45
2011.05.06 15:31:19.202,1.35373,1.35419,1.65,3.45
2011.05.06 15:31:19.313,1.35367,1.35419,1.50,3.45
2011.05.06 15:31:26.581,1.35367,1.3542,1.50,1.50
2011.05.06 15:31:30.670,1.35366,1.35419,1.50,3.45
2011.05.06 15:31:31.113,1.35373,1.35417,1.65,3.45
2011.05.06 15:31:31.442,1.35373,1.35419,1.65,3.45
2011.05.06 15:31:31.552,1.35366,1.35411,1.50,1.50
2011.05.06 15:31:31.663,1.35366,1.3541,1.50,1.50
2011.05.06 15:31:31.993,1.35373,1.35411,1.65,1.50
2011.05.06 15:31:32.902,1.35373,1.35419,1.65,1.50
2011.05.06 15:31:33.125,1.35366,1.35408,1.50,1.50
2011.05.06 15:31:33.682,1.35364,1.35405,1.65,1.50
2011.05.06 15:31:33.905,1.35364,1.35407,1.65,1.50
2011.05.06 15:31:34.134,1.35372,1.3541,1.65,1.50
2011.05.06 15:31:34.244,1.35364,1.3541,1.65,1.50
2011.05.06 15:31:34.472,1.35359,1.3541,1.72,1.50
2011.05.06 15:31:34.692,1.35353,1.35403,2.47,2.25
2011.05.06 15:31:38.941,1.35359,1.35403,1.65,2.25
2011.05.06 15:31:39.272,1.35363,1.35409,1.65,1.50
2011.05.06 15:31:39.792,1.35363,1.35413,1.72,2.25
2011.05.06 15:31:40.451,1.35363,1.35409,1.72,1.50
2011.05.06 15:31:41.003,1.35373,1.35413,1.65,2.25
2011.05.06 15:31:41.221,1.35373,1.35413,1.65,2.25
2011.05.06 15:31:53.541,1.35374,1.35423,2.70,3.00
2011.05.06 15:31:54.267,1.35373,1.35423,1.65,3.00
2011.05.06 15:32:02.742,1.35373,1.35415,1.65,1.50
2011.05.06 15:32:03.352,1.35368,1.35414,2.47,2.25
2011.05.06 15:32:04.824,1.35368,1.35414,2.47,2.25
2011.05.06 15:32:05.862,1.3537,1.35414,1.57,2.25
2011.05.06 15:32:06.083,1.35387,1.35417,1.65,1.50
2011.05.06 15:32:06.414,1.35377,1.35425,1.57,1.50
2011.05.06 15:32:06.641,1.35373,1.35424,2.47,3.00
2011.05.06 15:32:07.236,1.35373,1.35424,2.47,3.00
2011.05.06 15:32:15.972,1.35367,1.35414,2.40,2.25
2011.05.06 15:32:17.483,1.35373,1.35414,1.65,2.25
2011.05.06 15:32:18.142,1.35377,1.35414,1.65,2.25
2011.05.06 15:32:18.254,1.35372,1.35414,1.72,2.25
2011.05.06 15:32:20.282,1.35369,1.35414,2.47,2.25
2011.05.06 15:32:20.792,1.35369,1.35423,1.72,2.25
2011.05.06 15:32:20.904,1.35373,1.35423,1.65,2.25
2011.05.06 15:32:25.262,1.35367,1.35423,3.07,2.25
2011.05.06 15:32:26.922,1.35367,1.35413,1.50,2.25
2011.05.06 15:32:28.372,1.35372,1.35423,1.65,2.25
2011.05.06 15:32:29.016,1.35366,1.35414,2.40,2.25
2011.05.06 15:32:49.946,1.35366,1.35423,3.90,4.05
2011.05.06 15:32:50.282,1.35372,1.35419,1.65,3.45
2011.05.06 15:32:53.337,1.35366,1.35419,2.25,1.50
2011.05.06 15:32:53.563,1.35366,1.35415,2.25,1.50
2011.05.06 15:32:53.893,1.3536,1.35406,2.40,1.50
2011.05.06 15:32:54.004,1.35352,1.35404,1.50,1.50
2011.05.06 15:32:54.114,1.35347,1.35403,3.97,2.25
2011.05.06 15:32:54.447,1.35346,1.35393,2.78,1.50
2011.05.06 15:32:54.563,1.35346,1.35398,2.78,1.50
2011.05.06 15:32:54.893,1.35354,1.3539,2.40,1.50
2011.05.06 15:32:55.223,1.35354,1.35401,2.40,3.45
2011.05.06 15:32:55.751,1.35363,1.35403,2.40,2.70
2011.05.06 15:32:56.281,1.35363,1.35404,2.47,1.50
2011.05.06 15:32:58.351,1.35368,1.35414,2.40,2.25
2011.05.06 15:32:59.371,1.35368,1.35414,2.47,2.25
2011.05.06 15:33:01.795,1.35371,1.35423,1.57,2.25
2011.05.06 15:33:01.914,1.35382,1.35423,1.65,2.25
2011.05.06 15:33:02.025,1.35382,1.35423,1.72,2.25
2011.05.06 15:33:02.144,1.35378,1.35423,1.57,2.25
2011.05.06 15:33:02.692,1.3538,1.35425,3.52,1.13
2011.05.06 15:33:03.133,1.35382,1.35423,2.77,2.25
2011.05.06 15:33:04.070,1.35381,1.35425,2.47,1.13
2011.05.06 15:33:04.404,1.35383,1.35426,3.52,1.13
2011.05.06 15:33:04.735,1.35383,1.35425,3.52,1.13
2011.05.06 15:33:04.854,1.35383,1.35425,3.52,1.13
2011.05.06 15:33:05.183,1.3539,1.35437,2.47,1.13
2011.05.06 15:33:05.518,1.3539,1.35437,3.52,1.13
2011.05.06 15:33:05.743,1.35387,1.35437,5.02,1.13
2011.05.06 15:33:09.313,1.35387,1.35437,2.32,1.13
2011.05.06 15:33:09.531,1.35387,1.35438,2.32,1.13
2011.05.06 15:33:09.643,1.35387,1.35437,1.57,1.13
2011.05.06 15:33:10.044,1.35389,1.35437,2.47,1.13
2011.05.06 15:33:10.167,1.35389,1.35438,1.65,1.13
2011.05.06 15:33:10.287,1.35387,1.35438,1.50,1.13
2011.05.06 15:33:10.409,1.35385,1.35433,2.70,1.50
2011.05.06 15:33:10.633,1.35382,1.35426,2.70,1.50
2011.05.06 15:33:10.746,1.35377,1.35427,2.70,1.50
2011.05.06 15:33:11.084,1.35368,1.35418,2.40,1.35
2011.05.06 15:33:12.181,1.35368,1.3541,1.65,1.50
2011.05.06 15:33:12.771,1.35351,1.35404,2.40,1.50
2011.05.06 15:33:15.494,1.3536,1.35402,2.40,1.50
2011.05.06 15:33:16.822,1.35347,1.35398,2.40,2.70
2011.05.06 15:33:17.155,1.35347,1.354,2.40,2.70
2011.05.06 15:33:17.276,1.35355,1.35404,1.50,1.50
2011.05.06 15:33:17.616,1.35364,1.35404,2.40,1.50
2011.05.06 15:33:17.732,1.35364,1.35414,2.40,2.25
2011.05.06 15:33:18.771,1.35367,1.3542,2.25,1.13
2011.05.06 15:33:19.873,1.35365,1.3541,3.45,1.50
2011.05.06 15:33:20.422,1.35356,1.3541,2.25,1.50
2011.05.06 15:33:22.651,1.35356,1.35405,2.25,2.40
2011.05.06 15:33:22.763,1.35349,1.35404,1.57,2.25
2011.05.06 15:33:24.052,1.35349,1.35404,1.57,3.00
2011.05.06 15:33:25.042,1.35349,1.35404,1.57,3.00
2011.05.06 15:33:28.704,1.35349,1.35404,1.57,2.25
2011.05.06 15:33:28.818,1.35347,1.35394,1.57,1.50
2011.05.06 15:33:29.043,1.35364,1.35394,2.40,1.50
2011.05.06 15:33:29.155,1.35364,1.35406,2.40,1.50
2011.05.06 15:33:29.274,1.35364,1.3541,2.40,3.45
2011.05.06 15:33:29.814,1.35364,1.35413,2.47,1.50
2011.05.06 15:33:30.353,1.35364,1.35414,2.47,1.50
2011.05.06 15:33:30.683,1.35364,1.3541,2.47,3.45
2011.05.06 15:33:30.795,1.35363,1.35407,1.57,1.50
2011.05.06 15:33:30.912,1.35359,1.35405,1.50,1.50
2011.05.06 15:33:31.244,1.35365,1.35414,2.40,2.25
2011.05.06 15:33:31.363,1.35365,1.35414,2.40,1.50
2011.05.06 15:33:32.923,1.35365,1.35414,2.40,2.25
2011.05.06 15:33:33.144,1.35362,1.35404,1.50,1.50
2011.05.06 15:33:33.476,1.35352,1.35402,1.50,1.35
2011.05.06 15:33:33.946,1.35352,1.35403,1.50,2.10
2011.05.06 15:33:34.068,1.35365,1.35405,2.40,2.25
2011.05.06 15:33:34.628,1.35365,1.3541,2.40,3.45
2011.05.06 15:33:36.612,1.35356,1.35403,2.40,1.50
2011.05.06 15:33:36.941,1.35364,1.3541,2.40,1.50
2011.05.06 15:33:37.232,1.35352,1.35403,5.10,1.50
2011.05.06 15:33:37.945,1.35365,1.35413,2.40,3.00
2011.05.06 15:33:41.644,1.35366,1.35413,1.57,2.25
2011.05.06 15:33:42.423,1.35367,1.35408,2.77,1.50
2011.05.06 15:33:42.643,1.3536,1.35404,3.45,1.50
2011.05.06 15:33:42.864,1.35364,1.35404,2.47,1.50
2011.05.06 15:33:42.972,1.35366,1.35413,1.57,2.25
2011.05.06 15:33:43.301,1.35364,1.35414,2.40,2.25
2011.05.06 15:33:52.637,1.35371,1.35419,2.70,1.13
2011.05.06 15:33:53.216,1.35357,1.3541,3.45,1.50
2011.05.06 15:33:55.433,1.35366,1.35412,4.20,1.50
2011.05.06 15:33:55.542,1.35366,1.35414,4.27,3.00
2011.05.06 15:33:56.203,1.35366,1.35409,4.27,1.50
2011.05.06 15:33:56.314,1.35366,1.35409,4.20,1.50
2011.05.06 15:33:56.878,1.35357,1.35403,1.57,1.50
2011.05.06 15:33:58.452,1.35357,1.35403,1.57,1.50
2011.05.06 15:33:58.563,1.35363,1.35409,2.40,1.50
2011.05.06 15:33:58.673,1.35363,1.35413,2.47,1.50
2011.05.06 15:33:59.283,1.3537,1.35409,1.50,2.25
2011.05.06 15:33:59.833,1.35371,1.35413,1.57,1.50
2011.05.06 15:33:59.943,1.3537,1.35405,3.45,1.50
2011.05.06 15:34:00.053,1.35369,1.35404,2.70,2.25
2011.05.06 15:34:00.382,1.35357,1.354,3.52,1.50
2011.05.06 15:34:03.220,1.35358,1.354,3.52,1.50
2011.05.06 15:34:04.324,1.35358,1.35401,3.52,1.50
2011.05.06 15:34:08.103,1.35356,1.35401,1.57,1.50
2011.05.06 15:34:15.002,1.35355,1.35401,2.40,2.70
2011.05.06 15:34:15.112,1.35355,1.35397,2.40,1.50
2011.05.06 15:34:16.172,1.35355,1.35397,2.40,1.50
2011.05.06 15:34:16.684,1.35355,1.354,2.40,1.50
2011.05.06 15:34:21.928,1.35355,1.35404,2.40,2.25
2011.05.06 15:34:22.050,1.35357,1.35405,2.40,1.50
2011.05.06 15:34:22.166,1.35356,1.35405,2.25,2.25
2011.05.06 15:34:24.263,1.35345,1.35397,3.52,2.70
2011.05.06 15:34:24.703,1.35355,1.35403,1.35,1.50
2011.05.06 15:34:25.539,1.35359,1.35404,2.40,2.25
2011.05.06 15:34:28.546,1.35367,1.35409,1.50,1.50
2011.05.06 15:34:28.663,1.35369,1.35418,1.65,1.50
2011.05.06 15:34:29.543,1.35359,1.35409,2.40,1.50
2011.05.06 15:34:30.093,1.35352,1.35393,2.40,1.50
2011.05.06 15:34:30.773,1.35348,1.35404,2.40,2.25
2011.05.06 15:34:30.884,1.35344,1.35402,2.84,2.70
2011.05.06 15:34:31.221,1.35344,1.35394,2.84,1.50
2011.05.06 15:34:37.282,1.35363,1.35404,2.40,1.50
2011.05.06 15:34:37.613,1.35367,1.35414,2.77,2.25
2011.05.06 15:34:37.722,1.35379,1.35414,1.65,2.25
2011.05.06 15:34:38.498,1.35367,1.35416,2.25,1.50
2011.05.06 15:34:38.612,1.35367,1.35416,3.00,1.50
2011.05.06 15:34:38.725,1.35393,1.35417,1.50,2.40
2011.05.06 15:34:39.331,1.35393,1.3542,1.50,1.50
2011.05.06 15:34:39.882,1.35393,1.35421,1.50,1.13
2011.05.06 15:34:41.052,1.35394,1.35421,1.50,1.13
2011.05.06 15:34:42.914,1.35393,1.35421,1.50,1.13
2011.05.06 15:34:43.571,1.35393,1.35419,1.50,1.50
2011.05.06 15:34:44.772,1.35393,1.35417,1.50,1.50
2011.05.06 15:34:45.322,1.35393,1.35421,1.50,2.63
2011.05.06 15:34:45.652,1.35377,1.3542,1.65,1.13
2011.05.06 15:34:46.442,1.35382,1.35421,1.65,1.13
2011.05.06 15:34:46.663,1.35377,1.3542,1.50,1.13
2011.05.06 15:34:46.774,1.35373,1.3542,3.52,1.73
2011.05.06 15:34:46.882,1.3537,1.3542,1.50,1.35
2011.05.06 15:34:48.703,1.35375,1.3542,2.70,1.13
2011.05.06 15:34:48.921,1.35375,1.3542,2.70,1.13
2011.05.06 15:34:50.265,1.3537,1.35421,1.57,1.13
2011.05.06 15:34:50.821,1.35367,1.3542,5.02,1.13
2011.05.06 15:34:53.882,1.35369,1.35414,1.50,2.25
2011.05.06 15:34:56.813,1.35375,1.35421,1.50,1.13
2011.05.06 15:34:58.770,1.35378,1.35424,1.65,2.63
2011.05.06 15:35:00.304,1.35381,1.35433,1.50,4.20
2011.05.06 15:35:00.854,1.35387,1.35437,2.25,1.13
2011.05.06 15:35:00.963,1.35387,1.35437,2.25,1.13
2011.05.06 15:35:10.813,1.35387,1.35436,2.25,4.20
2011.05.06 15:35:11.400,1.35387,1.35436,2.25,1.50
2011.05.06 15:35:14.833,1.3539,1.35436,1.50,1.50
2011.05.06 15:35:14.945,1.35391,1.35433,1.65,2.85
2011.05.06 15:35:15.285,1.3537,1.35426,1.50,3.15
2011.05.06 15:35:15.404,1.3537,1.35426,1.50,3.15
2011.05.06 15:35:15.513,1.3537,1.35424,1.50,2.85
2011.05.06 15:35:15.733,1.35374,1.35427,2.40,1.50
2011.05.06 15:35:15.842,1.35381,1.35429,1.50,1.50
2011.05.06 15:35:16.338,1.35377,1.35426,3.00,3.45
2011.05.06 15:35:17.321,1.3538,1.35429,1.50,1.50
2011.05.06 15:35:19.595,1.35377,1.35432,2.25,3.45
2011.05.06 15:35:21.982,1.35377,1.35432,2.25,4.20
2011.05.06 15:35:22.864,1.35391,1.35432,1.50,3.45
2011.05.06 15:35:26.191,1.35388,1.35424,1.50,2.25
2011.05.06 15:35:26.537,1.35388,1.35424,1.50,2.25
2011.05.06 15:35:26.659,1.35385,1.35424,1.50,1.50
2011.05.06 15:35:26.771,1.35385,1.35432,1.50,4.20
2011.05.06 15:35:28.412,1.35384,1.35423,1.50,1.50
2011.05.06 15:35:28.741,1.35381,1.35422,1.50,1.50
2011.05.06 15:35:29.882,1.35381,1.3542,1.50,1.50
2011.05.06 15:35:29.993,1.35381,1.3542,1.50,1.50
2011.05.06 15:35:30.104,1.35381,1.35407,1.50,1.50
2011.05.06 15:35:30.213,1.35381,1.35407,1.50,1.50
2011.05.06 15:35:30.542,1.35369,1.35407,1.50,1.50
2011.05.06 15:35:31.286,1.35384,1.35413,1.50,2.70
2011.05.06 15:35:31.624,1.35383,1.35414,1.50,1.50
2011.05.06 15:35:32.291,1.35386,1.35424,1.50,1.50
2011.05.06 15:35:33.044,1.35382,1.35414,1.50,1.50
2011.05.06 15:35:33.485,1.35372,1.35414,1.50,1.50
2011.05.06 15:35:34.152,1.3537,1.35404,1.50,1.50
2011.05.06 15:35:42.136,1.35368,1.35414,1.50,1.50
2011.05.06 15:35:42.474,1.35371,1.35416,1.50,1.65
2011.05.06 15:35:42.587,1.35373,1.35421,1.57,1.65
2011.05.06 15:35:42.814,1.35373,1.35423,1.57,1.50
2011.05.06 15:35:42.923,1.35385,1.35434,1.50,3.00
2011.05.06 15:35:43.033,1.35385,1.35434,1.50,3.00
2011.05.06 15:35:44.684,1.35394,1.35434,1.50,2.25
2011.05.06 15:35:45.012,1.35398,1.35434,1.57,1.50
2011.05.06 15:35:45.125,1.35396,1.35438,1.57,1.13
2011.05.06 15:35:45.244,1.35398,1.35438,1.50,1.13
2011.05.06 15:35:45.902,1.35398,1.35439,1.50,1.13
2011.05.06 15:35:46.452,1.35399,1.35439,1.50,1.13
2011.05.06 15:35:47.205,1.35399,1.35439,1.50,1.13
2011.05.06 15:35:47.544,1.35398,1.35443,1.50,2.63
2011.05.06 15:35:57.131,1.35398,1.35443,1.50,2.63
2011.05.06 15:36:06.772,1.35399,1.35444,1.50,2.25
2011.05.06 15:36:08.225,1.35399,1.35444,1.50,2.25
2011.05.06 15:36:09.052,1.35402,1.35444,1.50,2.25
2011.05.06 15:36:09.853,1.35402,1.35446,1.50,1.13
2011.05.06 15:36:11.632,1.354,1.35444,1.50,2.25
2011.05.06 15:36:14.795,1.35396,1.35436,1.50,1.50
2011.05.06 15:36:14.912,1.35396,1.35433,1.50,1.65
2011.05.06 15:36:15.242,1.35396,1.35423,1.50,1.50
2011.05.06 15:36:15.842,1.35396,1.35423,1.50,1.50
2011.05.06 15:36:18.024,1.35389,1.35423,1.50,1.50
2011.05.06 15:36:18.243,1.3539,1.35423,1.50,1.50
2011.05.06 15:36:18.353,1.35385,1.35425,1.50,1.50
2011.05.06 15:36:18.573,1.35385,1.35425,1.50,2.25
2011.05.06 15:36:19.051,1.35385,1.35424,1.50,1.50
2011.05.06 15:36:20.304,1.35389,1.35424,1.50,1.50
2011.05.06 15:36:20.527,1.35389,1.35433,1.50,3.00
2011.05.06 15:36:21.085,1.35386,1.35434,3.00,1.50
2011.05.06 15:36:22.452,1.35387,1.35434,1.50,3.00
2011.05.06 15:36:22.562,1.35389,1.35434,1.50,3.00
2011.05.06 15:36:22.784,1.35389,1.35434,1.50,2.25
2011.05.06 15:36:23.113,1.35391,1.35434,1.50,2.25
2011.05.06 15:36:25.092,1.3539,1.35434,1.50,2.25
2011.05.06 15:36:25.202,1.3539,1.35434,1.50,2.25
2011.05.06 15:36:29.765,1.3539,1.35434,1.50,2.25
2011.05.06 15:36:29.874,1.35392,1.35434,1.50,2.25
2011.05.06 15:36:30.422,1.35392,1.35434,1.50,2.25
2011.05.06 15:36:30.765,1.35392,1.35434,1.50,2.25
2011.05.06 15:36:30.993,1.35392,1.35434,1.50,2.25
2011.05.06 15:36:32.093,1.35388,1.35428,1.50,1.50
2011.05.06 15:36:32.210,1.35387,1.35431,1.50,1.35
2011.05.06 15:36:32.324,1.35391,1.35433,1.50,1.50
2011.05.06 15:36:33.974,1.35391,1.35434,1.50,2.25
2011.05.06 15:36:34.305,1.35388,1.35424,1.50,1.50
2011.05.06 15:36:34.425,1.35387,1.35424,1.50,1.50
2011.05.06 15:36:34.655,1.35388,1.35424,1.50,1.50
2011.05.06 15:36:36.216,1.35388,1.35431,1.50,1.50
2011.05.06 15:36:36.334,1.35389,1.35431,1.50,1.50
2011.05.06 15:36:36.554,1.35389,1.35431,1.50,1.50
2011.05.06 15:36:38.235,1.35389,1.35433,1.50,1.50
2011.05.06 15:36:38.794,1.35387,1.35431,1.50,1.50
2011.05.06 15:36:40.363,1.35383,1.35429,1.50,2.40
2011.05.06 15:36:40.693,1.35382,1.35419,1.50,2.70
2011.05.06 15:36:40.805,1.3538,1.35419,1.50,2.70
2011.05.06 15:36:41.025,1.35385,1.3542,1.50,1.65
2011.05.06 15:36:41.144,1.35385,1.35424,1.50,2.25
2011.05.06 15:36:41.362,1.35379,1.35423,1.57,1.50
2011.05.06 15:36:41.931,1.35379,1.35424,1.57,2.25
2011.05.06 15:36:43.154,1.35387,1.35433,1.50,4.95
2011.05.06 15:36:43.637,1.35387,1.35432,1.50,1.50
2011.05.06 15:36:43.978,1.35385,1.35433,2.40,2.25
2011.05.06 15:36:44.095,1.35385,1.35433,2.40,2.25
2011.05.06 15:36:44.643,1.35381,1.35429,1.57,1.50
2011.05.06 15:36:44.752,1.35381,1.35429,1.50,2.25
2011.05.06 15:36:45.582,1.35381,1.35427,1.50,1.50
2011.05.06 15:36:46.038,1.35381,1.35427,1.50,1.50
2011.05.06 15:36:48.012,1.35383,1.35428,1.50,1.50
2011.05.06 15:36:48.123,1.35383,1.35431,3.23,1.50
2011.05.06 15:36:48.563,1.35388,1.35433,1.95,2.25
2011.05.06 15:36:49.002,1.35393,1.35436,2.40,1.13
2011.05.06 15:36:49.113,1.35385,1.35433,1.57,1.50
2011.05.06 15:36:49.221,1.35382,1.35433,1.57,1.50
2011.05.06 15:36:49.820,1.35379,1.35433,2.32,3.00
2011.05.06 15:36:50.151,1.35379,1.35433,2.32,3.00
2011.05.06 15:36:51.319,1.35382,1.35433,1.57,3.00
2011.05.06 15:36:52.303,1.35379,1.35423,1.57,2.25
2011.05.06 15:36:52.854,1.35382,1.35423,1.50,2.25
2011.05.06 15:36:53.293,1.35382,1.35423,3.52,2.25
2011.05.06 15:36:55.931,1.35384,1.35433,1.65,2.25
2011.05.06 15:36:56.264,1.35385,1.35424,2.70,2.25
2011.05.06 15:36:56.482,1.35378,1.3543,3.52,2.40
2011.05.06 15:36:56.704,1.35376,1.35424,1.57,2.25
2011.05.06 15:36:57.961,1.35376,1.35424,1.57,2.25
2011.05.06 15:36:59.275,1.35373,1.35424,1.57,4.65
2011.05.06 15:37:00.162,1.35377,1.35429,1.50,1.50
2011.05.06 15:37:00.272,1.35377,1.35429,2.25,1.50
2011.05.06 15:37:05.012,1.35373,1.35424,1.50,3.00
2011.05.06 15:37:05.232,1.35368,1.35419,2.40,1.50
2011.05.06 15:37:05.455,1.35366,1.35419,2.25,3.45
2011.05.06 15:37:05.682,1.35367,1.35414,1.50,1.50
2011.05.06 15:37:08.324,1.35364,1.35414,1.13,1.50
2011.05.06 15:37:08.683,1.35364,1.3541,1.13,1.65
2011.05.06 15:37:08.793,1.35364,1.3541,1.13,1.65
2011.05.06 15:37:09.012,1.35364,1.3541,1.13,1.65
2011.05.06 15:37:09.343,1.35364,1.35403,1.13,1.50
2011.05.06 15:37:09.453,1.35364,1.35414,1.13,1.50
2011.05.06 15:37:11.003,1.35357,1.35403,3.22,1.50
2011.05.06 15:37:11.442,1.3536,1.35403,2.40,1.50
2011.05.06 15:37:11.553,1.3536,1.35411,2.40,2.70
2011.05.06 15:37:11.882,1.3536,1.35414,2.40,1.50
2011.05.06 15:37:12.342,1.3536,1.35414,2.40,1.50
2011.05.06 15:37:13.085,1.35366,1.35414,2.40,1.50
2011.05.06 15:37:14.642,1.35366,1.35414,2.40,2.25
2011.05.06 15:37:14.973,1.35355,1.35393,1.13,1.50
2011.05.06 15:37:15.303,1.35359,1.35393,1.50,1.50
2011.05.06 15:37:15.633,1.35359,1.35393,1.50,1.50
2011.05.06 15:37:15.852,1.35359,1.35403,1.50,1.50
2011.05.06 15:37:15.962,1.3536,1.35403,1.50,1.50
2011.05.06 15:37:17.184,1.35371,1.35403,3.45,1.50
2011.05.06 15:37:17.402,1.35371,1.35414,3.45,2.25
2011.05.06 15:37:17.516,1.35366,1.35405,1.50,1.50
2011.05.06 15:37:17.745,1.35352,1.35393,4.20,1.50
2011.05.06 15:37:18.318,1.35354,1.35393,2.40,1.50
2011.05.06 15:37:18.445,1.35359,1.35403,3.45,1.50
2011.05.06 15:37:23.751,1.35354,1.35403,2.40,1.50
2011.05.06 15:37:27.696,1.35358,1.35403,2.40,2.25
2011.05.06 15:37:28.362,1.35358,1.35403,2.40,1.50
2011.05.06 15:37:36.862,1.35351,1.35404,2.47,1.50
2011.05.06 15:37:39.291,1.35357,1.35404,1.50,1.50
2011.05.06 15:37:39.512,1.3536,1.35413,3.45,2.25
2011.05.06 15:37:41.204,1.35359,1.35413,3.45,1.50
2011.05.06 15:37:42.641,1.35364,1.3542,3.45,2.40
2011.05.06 15:37:42.865,1.35369,1.3542,1.50,1.65
2011.05.06 15:37:43.087,1.35378,1.35426,2.40,1.13
2011.05.06 15:37:43.313,1.35381,1.35431,1.50,1.50
2011.05.06 15:37:43.985,1.35374,1.35423,3.52,1.50
2011.05.06 15:37:44.531,1.35385,1.35423,3.45,1.50
2011.05.06 15:37:45.084,1.35381,1.35423,3.45,2.25
2011.05.06 15:37:49.313,1.35368,1.35413,3.45,1.50
2011.05.06 15:37:52.289,1.35357,1.35413,3.07,2.25
2011.05.06 15:37:52.680,1.35357,1.35404,2.25,1.65
2011.05.06 15:37:53.968,1.35348,1.35397,1.57,1.50
2011.05.06 15:37:54.302,1.35347,1.35393,1.57,1.50
2011.05.06 15:37:54.526,1.35347,1.35393,1.57,1.50
2011.05.06 15:37:54.863,1.35338,1.35393,2.47,1.50
2011.05.06 15:37:54.973,1.35337,1.35391,2.32,2.40
2011.05.06 15:37:55.302,1.35333,1.35384,1.57,3.15
2011.05.06 15:37:56.011,1.35333,1.35384,1.57,3.15
2011.05.06 15:37:56.640,1.3533,1.35384,1.50,1.50
2011.05.06 15:37:58.828,1.35333,1.35384,4.27,2.25
2011.05.06 15:37:59.055,1.35339,1.35394,2.40,2.25
2011.05.06 15:37:59.612,1.35352,1.35401,1.50,5.48
2011.05.06 15:37:59.941,1.35356,1.35401,3.22,3.83
2011.05.06 15:38:00.492,1.35358,1.35402,2.70,1.13
2011.05.06 15:38:00.957,1.35358,1.35401,3.52,1.13
2011.05.06 15:38:05.674,1.35358,1.35401,3.52,1.13
2011.05.06 15:38:06.210,1.35359,1.35405,2.70,2.40
2011.05.06 15:38:06.542,1.3536,1.35406,2.40,1.13
2011.05.06 15:38:06.653,1.3536,1.35406,2.47,1.13
2011.05.06 15:38:07.024,1.35364,1.35406,1.57,1.13
2011.05.06 15:38:07.132,1.35364,1.35408,1.57,1.13
2011.05.06 15:38:07.244,1.35364,1.35413,1.57,2.25
2011.05.06 15:38:07.463,1.35368,1.35413,1.57,2.25
2011.05.06 15:38:07.975,1.35366,1.35403,5.40,1.50
2011.05.06 15:38:08.101,1.35357,1.35401,1.57,1.65
2011.05.06 15:38:08.214,1.35357,1.35401,1.57,1.65
2011.05.06 15:38:08.968,1.35369,1.35409,2.70,2.40
2011.05.06 15:38:09.083,1.35366,1.35409,2.25,2.40
2011.05.06 15:38:09.195,1.35366,1.35417,1.50,1.13
2011.05.06 15:38:09.313,1.35366,1.35417,2.25,1.13
2011.05.06 15:38:10.302,1.35364,1.35414,3.45,2.25
2011.05.06 15:38:10.635,1.35368,1.35414,3.15,2.25
2011.05.06 15:38:14.632,1.35373,1.35417,2.40,1.13
2011.05.06 15:38:14.961,1.35377,1.35427,2.25,1.50
2011.05.06 15:38:20.982,1.3538,1.35432,3.45,1.50
2011.05.06 15:38:22.761,1.3538,1.35432,3.45,1.50
2011.05.06 15:38:23.466,1.35379,1.35433,2.47,2.25
2011.05.06 15:38:23.862,1.35388,1.35433,1.57,2.25
2011.05.06 15:38:24.000,1.35386,1.35434,1.50,2.40
2011.05.06 15:38:24.222,1.35387,1.35434,1.50,2.40
2011.05.06 15:38:24.333,1.35384,1.35434,1.50,2.40
2011.05.06 15:38:24.442,1.35384,1.35433,1.50,2.25
2011.05.06 15:38:24.551,1.3539,1.35433,1.50,2.25
2011.05.06 15:38:24.772,1.3539,1.35433,1.50,2.25
2011.05.06 15:38:25.331,1.3539,1.35433,1.50,2.25
2011.05.06 15:38:25.712,1.3539,1.35433,1.50,2.25
2011.05.06 15:38:26.151,1.35383,1.35433,1.57,3.00
2011.05.06 15:38:26.592,1.35383,1.35433,1.57,3.00
2011.05.06 15:38:27.031,1.35383,1.35433,1.50,3.00
2011.05.06 15:38:27.141,1.35383,1.35433,1.50,3.00
2011.05.06 15:38:27.581,1.35383,1.35433,1.50,3.00
2011.05.06 15:38:27.802,1.35383,1.35433,1.50,3.00
2011.05.06 15:38:28.334,1.35379,1.35421,1.50,2.40
2011.05.06 15:38:28.452,1.35384,1.35434,1.50,3.00
2011.05.06 15:38:28.671,1.35381,1.3543,3.45,2.40
2011.05.06 15:38:29.116,1.35376,1.3543,4.95,3.15
2011.05.06 15:38:29.465,1.35383,1.35432,1.50,1.50
2011.05.06 15:38:29.803,1.35387,1.35429,2.25,1.50
2011.05.06 15:38:30.134,1.35387,1.35425,1.50,1.50
2011.05.06 15:38:30.684,1.35387,1.35422,1.50,1.50
2011.05.06 15:38:31.022,1.35376,1.35422,2.25,1.50
2011.05.06 15:38:37.792,1.35371,1.35423,2.40,2.25
2011.05.06 15:38:38.124,1.35372,1.35422,2.40,3.00
2011.05.06 15:38:38.455,1.35374,1.35419,1.50,1.50
2011.05.06 15:38:38.571,1.35374,1.35413,1.50,1.50
2011.05.06 15:38:38.793,1.35367,1.35413,2.32,1.50
2011.05.06 15:38:39.012,1.35374,1.35413,1.50,1.50
2011.05.06 15:38:45.491,1.35374,1.35421,1.50,1.50
2011.05.06 15:38:45.712,1.35374,1.35424,1.50,3.00
2011.05.06 15:38:46.289,1.35374,1.35423,1.50,2.25
2011.05.06 15:38:46.482,1.35374,1.35423,1.50,2.25
2011.05.06 15:38:47.033,1.35374,1.35423,1.50,2.25
2011.05.06 15:38:52.002,1.35377,1.35423,2.25,1.50
2011.05.06 15:38:53.636,1.35377,1.35423,2.25,1.50
2011.05.06 15:39:01.127,1.35377,1.35418,2.25,2.10
2011.05.06 15:39:01.241,1.35377,1.35415,2.25,1.50
2011.05.06 15:39:02.123,1.35369,1.35407,1.50,1.50
2011.05.06 15:39:02.565,1.35366,1.35418,5.02,1.50
2011.05.06 15:39:02.794,1.35377,1.35424,2.25,2.25
2011.05.06 15:39:03.232,1.35362,1.35413,1.35,1.50
2011.05.06 15:39:03.904,1.35362,1.35414,1.50,2.40
2011.05.06 15:39:04.020,1.35377,1.35427,2.25,3.45
2011.05.06 15:39:06.766,1.3537,1.3542,1.57,1.50
2011.05.06 15:39:07.102,1.35365,1.35404,3.52,1.50
2011.05.06 15:39:10.622,1.3537,1.35414,1.57,1.50
2011.05.06 15:39:19.097,1.35365,1.35414,1.57,1.50
2011.05.06 15:39:20.995,1.35362,1.35414,1.57,2.25
2011.05.06 15:39:21.899,1.35362,1.35414,1.57,3.00
2011.05.06 15:39:28.236,1.35365,1.35414,2.70,2.25
2011.05.06 15:39:28.720,1.35367,1.35408,1.50,1.50
2011.05.06 15:39:30.202,1.35357,1.35408,3.07,1.50
2011.05.06 15:39:33.671,1.35359,1.35408,2.47,1.50
2011.05.06 15:39:34.002,1.3536,1.35413,3.52,2.25
2011.05.06 15:39:34.555,1.35368,1.3541,1.65,1.50
2011.05.06 15:39:34.893,1.35368,1.35412,1.65,1.50
2011.05.06 15:39:35.227,1.35366,1.35409,1.50,1.50
2011.05.06 15:39:35.345,1.35358,1.35409,2.40,1.50
2011.05.06 15:39:35.576,1.35371,1.35411,1.65,1.50
2011.05.06 15:39:40.012,1.35371,1.35414,1.65,1.50
2011.05.06 15:39:40.343,1.35367,1.35417,1.50,1.50
2011.05.06 15:39:42.957,1.35368,1.35416,1.65,3.45
2011.05.06 15:39:47.019,1.35368,1.35417,1.65,1.50
2011.05.06 15:39:47.572,1.35368,1.3542,1.65,1.50
2011.05.06 15:39:49.639,1.35367,1.35416,2.25,2.25
2011.05.06 15:39:50.084,1.35367,1.35413,2.70,1.50
2011.05.06 15:39:50.303,1.35361,1.35413,3.45,1.50
2011.05.06 15:39:56.845,1.35363,1.35413,2.70,1.50
2011.05.06 15:39:56.964,1.35365,1.35413,2.70,1.50
2011.05.06 15:39:57.075,1.35365,1.35414,3.45,3.90
2011.05.06 15:39:57.303,1.35371,1.35414,2.70,2.25
2011.05.06 15:39:57.862,1.35372,1.35424,2.70,2.25
2011.05.06 15:39:58.921,1.35372,1.35423,2.77,1.50
2011.05.06 15:40:00.682,1.35373,1.35423,1.57,1.50
2011.05.06 15:40:00.794,1.35373,1.35423,3.22,1.50
2011.05.06 15:40:01.124,1.35377,1.35429,1.57,1.50
2011.05.06 15:40:01.457,1.35389,1.35431,2.70,1.50
2011.05.06 15:40:01.989,1.35395,1.35436,1.72,1.50
2011.05.06 15:40:02.108,1.35389,1.35425,3.52,1.50
2011.05.06 15:40:02.227,1.35392,1.35425,2.70,1.50
2011.05.06 15:40:02.458,1.35393,1.35421,2.70,1.50
2011.05.06 15:40:02.687,1.35388,1.35425,1.65,1.50
2011.05.06 15:40:02.914,1.35396,1.35425,1.50,1.50
2011.05.06 15:40:03.573,1.35396,1.3542,1.50,1.50
2011.05.06 15:40:03.793,1.35387,1.3542,1.50,1.50
2011.05.06 15:40:06.984,1.35387,1.35419,1.50,1.50
2011.05.06 15:40:07.099,1.35376,1.3541,1.50,1.50
2011.05.06 15:40:08.369,1.35376,1.35414,1.50,1.50
2011.05.06 15:40:10.633,1.35367,1.35405,1.50,1.50
2011.05.06 15:40:14.893,1.35376,1.35411,1.50,1.50
2011.05.06 15:40:15.460,1.35376,1.35411,3.15,1.50
2011.05.06 15:40:21.141,1.35376,1.3541,3.90,1.50
2011.05.06 15:40:23.223,1.35376,1.35406,3.15,1.50
2011.05.06 15:40:26.493,1.3537,1.35398,1.65,1.50
2011.05.06 15:40:26.604,1.35367,1.35413,1.50,3.15
2011.05.06 15:40:26.822,1.35365,1.35413,2.70,3.90
2011.05.06 15:40:26.932,1.35365,1.35413,3.45,3.90
2011.05.06 15:40:27.044,1.35365,1.35413,3.45,3.90
2011.05.06 15:40:36.595,1.35364,1.35413,1.50,2.40
2011.05.06 15:40:36.934,1.35356,1.35411,2.25,1.50
2011.05.06 15:40:37.157,1.35359,1.35411,2.40,1.50
2011.05.06 15:40:37.686,1.35359,1.35413,2.47,2.25
2011.05.06 15:40:37.809,1.35367,1.35413,3.90,1.50
2011.05.06 15:40:38.034,1.35367,1.35413,3.90,1.50
2011.05.06 15:40:38.143,1.35367,1.35413,3.90,1.50
2011.05.06 15:40:38.255,1.35367,1.35413,3.90,1.50
2011.05.06 15:40:38.484,1.35367,1.35413,3.90,1.50
2011.05.06 15:40:42.104,1.35386,1.35413,1.57,1.50
2011.05.06 15:40:42.230,1.35393,1.3544,3.52,1.50
2011.05.06 15:40:43.637,1.35388,1.35433,3.52,1.50
2011.05.06 15:40:43.864,1.35388,1.35429,2.77,2.40
2011.05.06 15:40:44.194,1.35392,1.35428,2.70,2.40
2011.05.06 15:40:44.633,1.35391,1.35433,2.77,2.25
2011.05.06 15:40:44.746,1.35395,1.35433,2.70,2.25
2011.05.06 15:40:44.865,1.35391,1.35433,5.47,2.25
2011.05.06 15:40:44.981,1.35391,1.35433,5.47,2.25
2011.05.06 15:40:45.486,1.35395,1.35443,2.70,1.50
2011.05.06 15:40:45.828,1.35401,1.35444,2.70,2.25
2011.05.06 15:40:46.054,1.35395,1.35444,3.52,2.25
2011.05.06 15:40:46.604,1.35389,1.35444,3.52,2.25
2011.05.06 15:40:49.255,1.35386,1.35434,3.00,1.50
2011.05.06 15:40:49.374,1.35386,1.35432,1.50,1.50
2011.05.06 15:40:50.822,1.35386,1.3542,1.50,1.50
2011.05.06 15:40:51.047,1.35377,1.35417,2.25,1.50
2011.05.06 15:40:51.275,1.35377,1.35414,1.50,1.50
2011.05.06 15:40:51.385,1.35377,1.35414,1.50,1.50
2011.05.06 15:40:52.116,1.35367,1.35411,2.25,1.50
2011.05.06 15:40:53.364,1.35367,1.35411,2.25,1.50
2011.05.06 15:40:53.584,1.35367,1.35412,2.25,1.50
2011.05.06 15:40:55.662,1.35371,1.35412,1.50,1.50
2011.05.06 15:40:55.992,1.35374,1.35416,1.50,1.50
2011.05.06 15:40:56.212,1.35371,1.35413,1.50,1.50
2011.05.06 15:40:57.913,1.35361,1.35412,3.45,3.00
2011.05.06 15:40:58.254,1.35356,1.35406,2.25,1.50
2011.05.06 15:40:58.582,1.35356,1.35406,2.25,1.50
2011.05.06 15:40:59.594,1.35349,1.35402,1.50,1.50
2011.05.06 15:40:59.927,1.35353,1.35402,1.50,1.50
2011.05.06 15:41:00.045,1.35353,1.35402,1.50,1.50
2011.05.06 15:41:00.273,1.35354,1.35407,4.20,1.50
2011.05.06 15:41:02.283,1.35359,1.35406,2.40,1.50
2011.05.06 15:41:03.105,1.35357,1.35407,1.50,1.50
2011.05.06 15:41:03.223,1.35359,1.35409,2.40,1.50
2011.05.06 15:41:03.335,1.35359,1.35412,2.40,1.50
2011.05.06 15:41:03.442,1.35357,1.35407,2.25,2.70
2011.05.06 15:41:03.553,1.35357,1.35412,2.25,4.20
2011.05.06 15:41:03.773,1.35357,1.35407,2.25,2.70
2011.05.06 15:41:04.883,1.35357,1.35407,2.25,2.70
2011.05.06 15:41:05.446,1.35357,1.35407,3.00,4.20
2011.05.06 15:41:16.234,1.35357,1.35406,2.25,4.20
2011.05.06 15:41:16.783,1.35351,1.35404,1.13,2.25
2011.05.06 15:41:17.111,1.35351,1.35404,1.13,1.50
2011.05.06 15:41:17.769,1.35357,1.35407,2.25,2.25
2011.05.06 15:41:17.998,1.35357,1.35413,2.25,4.95
2011.05.06 15:41:18.227,1.35359,1.35411,3.45,2.40
2011.05.06 15:41:18.562,1.35361,1.35403,3.45,2.25
2011.05.06 15:41:18.783,1.35355,1.35403,6.15,2.25
2011.05.06 15:41:19.222,1.35358,1.3541,3.45,1.50
2011.05.06 15:41:19.553,1.35358,1.35413,3.45,2.25
2011.05.06 15:41:20.550,1.35361,1.35411,2.40,1.50
2011.05.06 15:41:20.896,1.35366,1.35411,1.50,1.50
2011.05.06 15:41:21.012,1.3536,1.35411,3.45,1.50
2011.05.06 15:41:22.323,1.35367,1.35411,1.50,1.50
2011.05.06 15:41:25.744,1.35367,1.35411,1.50,1.50
2011.05.06 15:41:27.117,1.35367,1.3542,2.25,1.50
2011.05.06 15:41:27.235,1.35368,1.35423,1.50,2.25
2011.05.06 15:41:27.895,1.35376,1.35424,1.50,1.50
2011.05.06 15:41:29.941,1.35377,1.35429,2.70,2.25
2011.05.06 15:41:30.602,1.35376,1.35425,1.50,1.50
2011.05.06 15:41:31.263,1.35376,1.35422,1.50,1.50
2011.05.06 15:41:35.002,1.35367,1.35421,2.25,1.50
2011.05.06 15:41:38.693,1.35371,1.35418,2.70,1.50
2011.05.06 15:41:38.802,1.35371,1.35418,2.70,1.50
2011.05.06 15:41:40.134,1.35371,1.35423,3.45,3.00
2011.05.06 15:41:41.124,1.35371,1.35423,3.45,3.00
2011.05.06 15:41:43.113,1.35372,1.35423,2.70,3.00
2011.05.06 15:41:43.994,1.35368,1.35423,3.15,2.25
2011.05.06 15:41:44.119,1.35372,1.35423,3.45,2.25
2011.05.06 15:41:44.233,1.35372,1.35423,3.45,2.25
2011.05.06 15:41:46.102,1.35368,1.35421,2.40,1.50
2011.05.06 15:41:46.212,1.35366,1.35419,1.50,2.40
2011.05.06 15:41:47.642,1.35367,1.35419,1.50,3.15
2011.05.06 15:41:49.584,1.35367,1.35423,2.25,2.25
2011.05.06 15:41:49.802,1.35367,1.35423,2.25,2.25
2011.05.06 15:41:51.393,1.35372,1.35423,3.45,2.25
2011.05.06 15:41:51.614,1.35381,1.35429,4.20,1.50
2011.05.06 15:41:51.835,1.35377,1.35426,2.25,1.50
2011.05.06 15:41:52.172,1.35367,1.3542,5.77,1.65
2011.05.06 15:41:56.254,1.35367,1.35419,2.32,1.50
2011.05.06 15:41:56.472,1.35367,1.35417,2.32,3.45
2011.05.06 15:41:59.863,1.35367,1.3542,2.25,2.40
2011.05.06 15:42:03.723,1.3537,1.35423,3.45,2.25
2011.05.06 15:42:08.764,1.35367,1.35422,2.32,1.50
2011.05.06 15:42:09.311,1.35367,1.3542,2.32,3.15
2011.05.06 15:42:09.531,1.35367,1.3542,2.32,3.15
2011.05.06 15:42:10.611,1.35367,1.35418,2.32,1.50
2011.05.06 15:42:11.137,1.35367,1.35418,2.25,2.25
2011.05.06 15:42:11.749,1.35367,1.35414,2.25,1.50
2011.05.06 15:42:11.867,1.35367,1.35412,2.25,1.50
2011.05.06 15:42:12.203,1.35367,1.35411,2.25,1.50
2011.05.06 15:42:12.535,1.35357,1.35411,3.00,1.50
2011.05.06 15:42:14.732,1.35357,1.35411,3.00,1.50
2011.05.06 15:42:19.282,1.35357,1.35411,3.00,1.50
2011.05.06 15:42:20.723,1.35357,1.35409,3.00,1.50
2011.05.06 15:42:23.034,1.35357,1.35408,2.25,1.50
2011.05.06 15:42:23.142,1.35357,1.35407,2.25,1.50
2011.05.06 15:42:23.473,1.35357,1.35401,2.25,1.50
2011.05.06 15:42:23.803,1.35348,1.35395,1.50,1.65
2011.05.06 15:42:23.913,1.35349,1.354,1.50,2.70
2011.05.06 15:42:24.021,1.35349,1.35403,1.50,3.90
2011.05.06 15:42:25.750,1.35362,1.35411,1.57,2.40
2011.05.06 15:42:25.879,1.35362,1.35413,1.57,2.25
2011.05.06 15:42:31.288,1.35365,1.35412,1.50,2.25
2011.05.06 15:42:33.803,1.35368,1.35412,1.65,1.50
2011.05.06 15:42:34.132,1.35376,1.35419,1.50,1.50
2011.05.06 15:42:37.961,1.35367,1.35419,1.50,1.50
2011.05.06 15:42:38.401,1.35367,1.35418,1.50,1.50
2011.05.06 15:42:38.977,1.35367,1.3542,3.22,1.50
2011.05.06 15:42:39.313,1.3537,1.35423,1.50,2.25
2011.05.06 15:42:39.644,1.35371,1.35423,4.95,2.25
2011.05.06 15:42:39.862,1.35371,1.35423,2.25,2.25
2011.05.06 15:42:43.224,1.35377,1.3543,2.25,1.50
2011.05.06 15:42:46.013,1.35377,1.35426,1.50,1.50
2011.05.06 15:42:46.313,1.35371,1.35424,1.57,2.25
2011.05.06 15:42:48.216,1.35372,1.35424,1.57,2.25
2011.05.06 15:42:51.273,1.35376,1.35426,2.25,1.50
2011.05.06 15:42:57.761,1.35376,1.35422,2.25,1.50
2011.05.06 15:42:59.784,1.35376,1.35426,2.25,1.50
2011.05.06 15:42:59.893,1.35376,1.35426,2.85,1.50
2011.05.06 15:43:00.003,1.35377,1.35426,1.35,1.50
2011.05.06 15:43:00.115,1.35381,1.35427,1.65,1.50
2011.05.06 15:43:00.443,1.35387,1.35437,1.50,1.50
2011.05.06 15:43:00.979,1.35382,1.35423,2.70,1.50
2011.05.06 15:43:01.095,1.35368,1.35415,4.27,1.50
2011.05.06 15:43:01.312,1.35368,1.35415,2.77,1.50
2011.05.06 15:43:01.642,1.35366,1.35413,2.25,1.50
2011.05.06 15:43:03.511,1.35366,1.35414,2.25,1.50
2011.05.06 15:43:03.843,1.35366,1.35417,2.25,1.50
2011.05.06 15:43:04.732,1.35366,1.35417,2.25,1.50
2011.05.06 15:43:09.544,1.35366,1.35417,2.25,1.50
2011.05.06 15:43:09.654,1.35366,1.35417,2.25,1.50
2011.05.06 15:43:09.985,1.35366,1.35412,2.25,1.50
2011.05.06 15:43:14.972,1.35361,1.35411,2.32,1.50
2011.05.06 15:43:15.523,1.35361,1.35411,1.50,1.50
2011.05.06 15:43:15.964,1.35361,1.35411,1.50,1.50
2011.05.06 15:43:21.031,1.35361,1.35411,1.50,1.50
2011.05.06 15:43:21.362,1.35361,1.35411,1.50,1.50
2011.05.06 15:43:22.001,1.35366,1.35413,2.25,1.50
2011.05.06 15:43:22.113,1.35366,1.35415,2.25,1.50
2011.05.06 15:43:23.234,1.35366,1.35415,2.25,1.50
2011.05.06 15:43:23.565,1.35366,1.35415,2.25,2.25
2011.05.06 15:43:23.892,1.35362,1.35413,1.50,2.25
2011.05.06 15:43:26.302,1.35362,1.35413,1.50,2.25
2011.05.06 15:43:27.133,1.35362,1.35413,1.50,3.00
2011.05.06 15:43:30.775,1.35357,1.35413,2.25,3.00
2011.05.06 15:43:31.112,1.35358,1.35413,3.45,3.00
2011.05.06 15:43:31.561,1.35358,1.35404,3.45,2.25
2011.05.06 15:43:32.713,1.3535,1.35404,1.57,3.00
2011.05.06 15:43:33.044,1.3535,1.35404,1.57,3.00
2011.05.06 15:43:33.602,1.35349,1.354,1.19,1.50
2011.05.06 15:43:38.243,1.35347,1.35399,1.57,1.50
2011.05.06 15:43:38.572,1.35346,1.35399,3.44,1.50
2011.05.06 15:43:38.792,1.35346,1.35397,3.07,1.50
2011.05.06 15:43:40.112,1.35346,1.35397,3.07,1.50
2011.05.06 15:43:45.861,1.35346,1.35397,3.07,1.50
2011.05.06 15:43:46.862,1.35346,1.35397,3.07,1.50
2011.05.06 15:43:47.523,1.35346,1.35394,3.07,1.50
2011.05.06 15:43:47.744,1.35346,1.35395,2.25,1.50
2011.05.06 15:43:47.851,1.35346,1.35395,2.25,1.50
2011.05.06 15:43:48.402,1.35361,1.354,1.50,1.50
2011.05.06 15:43:51.834,1.35358,1.354,1.50,1.50
2011.05.06 15:43:58.008,1.35359,1.35394,1.50,1.50
2011.05.06 15:43:58.125,1.35359,1.35394,1.50,1.50
2011.05.06 15:43:59.084,1.35351,1.35394,1.57,1.50
2011.05.06 15:44:01.604,1.35352,1.35397,3.52,1.50
2011.05.06 15:44:01.823,1.35353,1.35394,3.52,1.50
2011.05.06 15:44:03.264,1.35351,1.35393,2.32,1.50
2011.05.06 15:44:03.597,1.35356,1.35397,1.57,1.50
2011.05.06 15:44:03.826,1.35357,1.35403,1.57,2.25
2011.05.06 15:44:03.943,1.35364,1.35403,2.40,1.50
2011.05.06 15:44:04.053,1.35364,1.35407,2.40,1.50
2011.05.06 15:44:06.043,1.35369,1.35412,1.50,1.50
2011.05.06 15:44:07.013,1.3537,1.35418,3.22,1.50
2011.05.06 15:44:07.233,1.35376,1.35418,1.65,1.50
2011.05.06 15:44:07.782,1.35377,1.35418,1.50,1.50
2011.05.06 15:44:08.004,1.35379,1.35419,1.50,1.50
2011.05.06 15:44:08.112,1.35383,1.35419,1.65,1.50
2011.05.06 15:44:08.441,1.35383,1.35429,2.40,1.50
2011.05.06 15:44:11.832,1.35386,1.3543,2.25,1.50
2011.05.06 15:44:12.053,1.35381,1.35427,2.47,1.73
2011.05.06 15:44:12.384,1.35369,1.35407,1.57,1.50
2011.05.06 15:44:12.493,1.35367,1.35407,2.32,1.50
2011.05.06 15:44:12.712,1.35367,1.35403,1.50,1.50
2011.05.06 15:44:15.185,1.35367,1.35403,1.50,1.50
2011.05.06 15:44:15.744,1.35356,1.35398,1.50,1.50
2011.05.06 15:44:15.853,1.35356,1.35398,2.25,1.50
2011.05.06 15:44:20.413,1.35361,1.35396,2.70,1.50
2011.05.06 15:44:20.744,1.35366,1.35404,1.50,1.50
2011.05.06 15:44:20.855,1.35359,1.35404,2.47,1.50
2011.05.06 15:44:20.964,1.35357,1.35401,1.57,1.50
2011.05.06 15:44:21.512,1.35351,1.354,2.47,1.50
2011.05.06 15:44:22.833,1.35357,1.35398,2.25,1.50
2011.05.06 15:44:23.398,1.35357,1.35404,2.25,1.50
2011.05.06 15:44:23.622,1.35357,1.35407,2.25,1.50
2011.05.06 15:44:27.735,1.35358,1.35401,2.40,1.50
2011.05.06 15:44:28.073,1.35354,1.35404,2.40,1.50
2011.05.06 15:44:28.766,1.35356,1.35404,2.25,1.50
2011.05.06 15:44:31.022,1.35358,1.35401,2.40,1.50
2011.05.06 15:44:34.722,1.35356,1.35403,2.25,1.50
2011.05.06 15:44:35.108,1.3536,1.35405,2.40,1.50
2011.05.06 15:44:35.493,1.35367,1.3541,2.25,1.50
2011.05.06 15:44:35.603,1.35374,1.35413,1.65,2.25
2011.05.06 15:44:35.714,1.35374,1.3541,1.65,1.50
2011.05.06 15:44:36.043,1.35357,1.3541,2.25,1.50
2011.05.06 15:44:36.153,1.35357,1.35406,2.25,1.50
2011.05.06 15:44:36.265,1.35357,1.35401,2.25,1.50
2011.05.06 15:44:36.372,1.3536,1.35402,2.40,1.50
2011.05.06 15:44:37.252,1.35357,1.35401,2.25,1.50
2011.05.06 15:44:37.692,1.35361,1.35404,1.50,1.50
2011.05.06 15:44:38.923,1.35367,1.35408,1.65,1.50
2011.05.06 15:44:39.033,1.35367,1.35408,1.65,1.50
2011.05.06 15:44:40.863,1.35373,1.35413,1.65,1.50
2011.05.06 15:44:41.192,1.35377,1.3541,1.50,1.50
2011.05.06 15:44:41.524,1.35367,1.3541,2.25,1.50
2011.05.06 15:44:41.633,1.35367,1.3541,1.50,1.50
2011.05.06 15:44:41.963,1.35358,1.35403,1.57,1.50
2011.05.06 15:44:42.825,1.35358,1.35403,1.57,1.50
2011.05.06 15:44:43.267,1.35357,1.35403,2.40,1.50
2011.05.06 15:44:43.822,1.35358,1.354,2.47,1.50
2011.05.06 15:44:47.163,1.35358,1.35398,2.40,1.50
2011.05.06 15:44:47.274,1.35358,1.35396,2.40,1.50
2011.05.06 15:44:47.494,1.35354,1.35396,3.45,1.50
2011.05.06 15:44:47.713,1.35358,1.35394,1.65,1.50
2011.05.06 15:44:47.822,1.3535,1.35399,2.40,1.50
2011.05.06 15:44:47.932,1.3535,1.35399,2.40,1.50
2011.05.06 15:44:48.263,1.3535,1.35395,2.40,1.50
2011.05.06 15:44:50.353,1.3535,1.35395,2.40,1.50
2011.05.06 15:44:53.524,1.35357,1.35396,1.65,1.50
2011.05.06 15:44:54.192,1.35357,1.35395,3.15,1.50
2011.05.06 15:44:54.744,1.35357,1.35395,3.15,1.50
2011.05.06 15:44:55.559,1.3535,1.35392,2.40,1.50
2011.05.06 15:45:03.743,1.35352,1.35395,1.50,1.50
2011.05.06 15:45:08.583,1.35357,1.354,2.25,1.50
2011.05.06 15:45:08.915,1.35365,1.35409,2.40,3.45
2011.05.06 15:45:09.144,1.35367,1.35407,1.65,1.50
2011.05.06 15:45:09.602,1.35357,1.35394,1.50,1.50
2011.05.06 15:45:10.154,1.35356,1.35392,1.50,1.50
2011.05.06 15:45:10.953,1.3535,1.35392,2.40,1.50
2011.05.06 15:45:11.063,1.3535,1.35391,2.40,1.50
2011.05.06 15:45:12.763,1.35337,1.35387,3.00,1.50
2011.05.06 15:45:12.984,1.35337,1.35385,2.25,1.50
2011.05.06 15:45:13.424,1.35347,1.35385,2.25,1.50
2011.05.06 15:45:13.979,1.35347,1.35385,2.25,1.50
2011.05.06 15:45:17.162,1.35337,1.35388,1.50,1.50
2011.05.06 15:45:19.303,1.35347,1.35398,2.25,1.50
2011.05.06 15:45:20.955,1.35347,1.35392,2.40,1.50
2011.05.06 15:45:21.723,1.35346,1.35396,2.25,1.50
2011.05.06 15:45:21.943,1.3535,1.35399,2.40,1.50
2011.05.06 15:45:22.503,1.35352,1.35402,2.40,1.50
2011.05.06 15:45:23.614,1.35352,1.35404,2.47,2.25
2011.05.06 15:45:24.385,1.35368,1.35403,1.65,1.50
2011.05.06 15:45:24.605,1.35368,1.35409,2.40,1.13
2011.05.06 15:45:24.824,1.35366,1.35409,2.25,1.13
2011.05.06 15:45:24.933,1.35366,1.35402,1.50,1.50
2011.05.06 15:45:25.193,1.35357,1.35402,5.02,1.50
2011.05.06 15:45:27.393,1.35357,1.35401,2.25,1.50
2011.05.06 15:45:31.132,1.35357,1.35401,2.25,1.50
2011.05.06 15:45:32.723,1.35357,1.35401,2.25,1.50
2011.05.06 15:45:35.028,1.35361,1.35408,2.40,2.25
2011.05.06 15:45:36.004,1.35357,1.35408,2.25,1.50
2011.05.06 15:45:36.333,1.35357,1.35402,2.25,1.50
2011.05.06 15:45:36.554,1.35349,1.354,2.47,1.50
2011.05.06 15:45:38.608,1.35349,1.354,2.47,1.50
2011.05.06 15:45:38.835,1.35349,1.354,2.40,1.50
2011.05.06 15:45:39.163,1.3535,1.354,1.35,1.50
2011.05.06 15:45:39.603,1.3535,1.354,1.35,1.50
2011.05.06 15:45:42.806,1.35349,1.35395,2.40,1.50
2011.05.06 15:45:43.352,1.35337,1.3539,1.13,1.50
2011.05.06 15:45:43.471,1.35346,1.3539,2.47,1.50
2011.05.06 15:45:51.243,1.35348,1.35395,2.40,1.50
2011.05.06 15:45:51.463,1.35348,1.35395,2.40,1.50
2011.05.06 15:45:51.903,1.35346,1.35395,3.97,1.50
2011.05.06 15:45:55.973,1.35346,1.35392,3.97,1.50
2011.05.06 15:46:01.753,1.35346,1.35392,3.22,1.50
2011.05.06 15:46:03.463,1.35346,1.35392,3.22,1.50
2011.05.06 15:46:03.683,1.35339,1.35385,1.42,1.50
2011.05.06 15:46:06.174,1.35338,1.35384,1.57,1.50
2011.05.06 15:46:06.286,1.35337,1.35384,2.32,1.50
2011.05.06 15:46:06.624,1.35336,1.35378,1.13,1.50
2011.05.06 15:46:11.393,1.3534,1.35381,1.65,1.50
2011.05.06 15:46:11.962,1.35333,1.35375,2.47,1.50
2011.05.06 15:46:14.957,1.35333,1.35375,2.47,1.50
2011.05.06 15:46:21.038,1.35333,1.35375,2.47,1.50
2011.05.06 15:46:21.155,1.35334,1.35375,1.57,1.50
2011.05.06 15:46:21.497,1.35351,1.3539,1.65,1.50
2011.05.06 15:46:21.954,1.35351,1.3539,1.65,1.50
2011.05.06 15:46:22.078,1.35349,1.35396,1.65,1.50
2011.05.06 15:46:22.193,1.35349,1.35396,1.65,1.50
2011.05.06 15:46:23.295,1.35347,1.35386,1.50,1.50
2011.05.06 15:46:25.032,1.35347,1.35384,1.50,1.50
2011.05.06 15:46:32.782,1.35336,1.35384,2.25,1.50
2011.05.06 15:46:33.333,1.35336,1.3538,1.50,4.20
2011.05.06 15:46:33.883,1.35336,1.35374,1.50,1.50
2011.05.06 15:46:34.435,1.35336,1.35376,1.50,1.50
2011.05.06 15:46:34.949,1.35337,1.35376,1.50,1.50
2011.05.06 15:46:35.175,1.3533,1.35376,1.13,1.50
2011.05.06 15:46:35.286,1.3533,1.35377,1.13,1.50
2011.05.06 15:46:35.737,1.35331,1.35375,1.13,1.50
2011.05.06 15:46:35.963,1.35331,1.35373,1.13,1.50
2011.05.06 15:46:36.232,1.35331,1.35373,1.13,1.50
2011.05.06 15:46:36.565,1.35331,1.35377,1.13,1.50
2011.05.06 15:46:36.673,1.35337,1.35377,1.65,1.50
2011.05.06 15:46:36.893,1.35331,1.35375,1.13,1.50
2011.05.06 15:46:39.046,1.35333,1.35378,2.40,1.50
2011.05.06 15:46:40.685,1.35336,1.35381,1.35,1.50
2011.05.06 15:46:40.796,1.35338,1.35383,1.35,3.00
2011.05.06 15:46:41.353,1.35337,1.35383,1.57,3.00
2011.05.06 15:46:43.033,1.35337,1.35383,3.22,3.00
2011.05.06 15:46:44.401,1.35338,1.35389,3.52,1.50
2011.05.06 15:46:44.734,1.35337,1.35387,1.57,1.50
2011.05.06 15:46:45.064,1.35337,1.35387,1.57,1.50
2011.05.06 15:46:46.095,1.35348,1.35393,1.65,1.50
2011.05.06 15:46:46.423,1.3535,1.35386,1.65,1.50
2011.05.06 15:46:46.534,1.35347,1.35389,1.50,1.50
2011.05.06 15:46:47.193,1.35347,1.35384,1.50,1.50
2011.05.06 15:46:50.543,1.3534,1.35386,1.65,1.50
2011.05.06 15:46:51.534,1.35336,1.35383,2.25,1.50
2011.05.06 15:46:54.275,1.35338,1.35382,1.57,1.50
2011.05.06 15:46:54.614,1.35346,1.35384,1.50,1.50
2011.05.06 15:46:59.945,1.3534,1.35386,1.72,1.50
2011.05.06 15:47:00.280,1.35337,1.35382,3.52,1.50
2011.05.06 15:47:01.057,1.35335,1.35378,1.13,1.50
2011.05.06 15:47:01.173,1.35335,1.35375,1.13,1.50
2011.05.06 15:47:04.383,1.35335,1.35384,1.13,2.25
2011.05.06 15:47:04.713,1.35334,1.35384,1.19,1.50
2011.05.06 15:47:05.405,1.35334,1.35384,2.84,1.50
2011.05.06 15:47:05.636,1.35334,1.35384,1.19,2.25
2011.05.06 15:47:05.755,1.3534,1.35381,2.40,2.70
2011.05.06 15:47:06.085,1.3535,1.35399,1.65,3.45
2011.05.06 15:47:06.414,1.35357,1.35404,1.65,2.25
2011.05.06 15:47:09.334,1.35357,1.35404,1.65,2.25
2011.05.06 15:47:10.521,1.35357,1.35404,2.40,2.25
2011.05.06 15:47:10.638,1.35353,1.35404,1.72,2.25
2011.05.06 15:47:11.087,1.35348,1.35404,2.25,2.25
2011.05.06 15:47:11.312,1.35346,1.35403,2.32,1.50
2011.05.06 15:47:12.514,1.35356,1.35403,1.50,4.20
2011.05.06 15:47:22.723,1.35356,1.35398,1.50,1.50
2011.05.06 15:47:23.055,1.35348,1.35398,2.40,1.50
2011.05.06 15:47:23.604,1.35348,1.35403,2.40,3.00
2011.05.06 15:47:23.714,1.35353,1.35403,1.65,3.00
2011.05.06 15:47:23.932,1.35347,1.35403,3.90,3.00
2011.05.06 15:47:24.483,1.35354,1.35401,1.65,1.50
2011.05.06 15:47:24.932,1.35357,1.35402,1.50,1.50
2011.05.06 15:47:27.293,1.35354,1.35404,1.65,6.45
2011.05.06 15:47:32.134,1.35354,1.35404,1.65,3.75
2011.05.06 15:47:32.247,1.35357,1.35404,1.50,2.25
2011.05.06 15:47:32.585,1.3536,1.35407,1.65,1.50
2011.05.06 15:47:33.285,1.35357,1.35409,1.50,4.95
2011.05.06 15:47:34.713,1.35359,1.35409,1.65,1.50
2011.05.06 15:47:42.653,1.35352,1.35401,1.65,1.50
2011.05.06 15:47:42.762,1.35352,1.35401,1.65,1.50
2011.05.06 15:47:43.292,1.35352,1.35395,1.65,1.50
2011.05.06 15:47:47.085,1.35346,1.35384,2.25,1.50
2011.05.06 15:47:47.304,1.35338,1.35384,4.72,1.50
2011.05.06 15:47:47.633,1.35345,1.35389,1.65,1.50
2011.05.06 15:47:48.854,1.35352,1.35392,1.65,1.50
2011.05.06 15:47:49.193,1.35346,1.35389,1.50,1.50
2011.05.06 15:47:49.774,1.35346,1.35389,1.50,1.50
2011.05.06 15:47:50.457,1.35345,1.3539,1.65,1.50
2011.05.06 15:47:50.686,1.35345,1.35383,1.65,1.50
2011.05.06 15:47:51.027,1.35365,1.35395,1.65,3.45
2011.05.06 15:47:51.145,1.35365,1.35398,1.65,3.45
2011.05.06 15:47:51.474,1.35361,1.35413,2.70,1.88
2011.05.06 15:47:51.878,1.35361,1.35413,2.70,1.13
2011.05.06 15:47:52.001,1.35377,1.35412,1.35,1.13
2011.05.06 15:47:52.336,1.35377,1.35423,2.70,1.50
2011.05.06 15:47:52.555,1.35375,1.35423,1.65,1.50
2011.05.06 15:47:52.897,1.35379,1.35423,1.65,1.50
2011.05.06 15:47:53.454,1.35371,1.35429,1.65,2.40
2011.05.06 15:47:53.565,1.35377,1.3543,1.50,1.50
2011.05.06 15:48:00.295,1.35372,1.35419,2.70,1.50
2011.05.06 15:48:00.637,1.35368,1.35421,2.77,1.50
2011.05.06 15:48:03.145,1.35366,1.35418,1.50,1.50
2011.05.06 15:48:04.625,1.35369,1.35423,2.70,3.45
2011.05.06 15:48:04.956,1.35376,1.35424,1.65,2.25
2011.05.06 15:48:05.294,1.35377,1.35425,1.50,1.50
2011.05.06 15:48:05.516,1.35371,1.3542,1.65,1.50
2011.05.06 15:48:07.132,1.35367,1.3542,1.50,1.50
2011.05.06 15:48:07.578,1.35367,1.35421,2.32,3.45
2011.05.06 15:48:07.915,1.35374,1.35423,2.25,2.25
2011.05.06 15:48:08.024,1.35377,1.35423,1.65,2.25
2011.05.06 15:48:08.353,1.35374,1.35423,1.65,2.25
2011.05.06 15:48:11.790,1.35369,1.35422,2.70,1.50
2011.05.06 15:48:16.331,1.35375,1.35423,2.70,2.25
2011.05.06 15:48:17.064,1.3538,1.35423,1.65,2.25
2011.05.06 15:48:20.575,1.35375,1.35424,2.70,2.25
2011.05.06 15:48:20.682,1.35375,1.35424,2.70,2.25
2011.05.06 15:48:21.367,1.35371,1.35424,2.70,2.25
2011.05.06 15:48:21.483,1.35369,1.35424,4.12,2.25
2011.05.06 15:48:35.390,1.35368,1.35424,2.77,2.25
2011.05.06 15:48:56.793,1.35367,1.35414,4.35,2.25
2011.05.06 15:48:57.123,1.35369,1.35414,2.70,2.25
2011.05.06 15:48:57.453,1.35365,1.35414,3.45,2.25
2011.05.06 15:48:58.564,1.35366,1.35414,1.65,2.25
2011.05.06 15:48:59.157,1.35361,1.35414,2.47,2.25
2011.05.06 15:49:01.187,1.35369,1.35414,2.77,2.25
2011.05.06 15:49:01.415,1.35369,1.35414,2.77,2.25
2011.05.06 15:49:01.529,1.35377,1.35414,2.70,2.25
2011.05.06 15:49:01.975,1.35375,1.35429,2.40,1.13
2011.05.06 15:49:02.206,1.35377,1.35429,1.50,1.13
2011.05.06 15:49:04.603,1.35377,1.3543,2.25,1.13
2011.05.06 15:49:05.004,1.35377,1.3543,2.32,1.13
2011.05.06 15:49:05.225,1.35377,1.3543,1.50,1.13
2011.05.06 15:49:05.675,1.35377,1.3543,1.50,1.13
2011.05.06 15:49:07.684,1.35378,1.3543,2.40,1.13
2011.05.06 15:49:08.016,1.35378,1.35414,1.65,1.50
2011.05.06 15:49:08.125,1.35367,1.35414,1.50,1.50
2011.05.06 15:49:08.893,1.35367,1.35412,3.15,3.45
2011.05.06 15:49:10.172,1.35367,1.35412,3.15,3.45
2011.05.06 15:49:14.595,1.35367,1.35406,3.15,3.45
2011.05.06 15:49:19.393,1.35359,1.35406,1.65,3.45
2011.05.06 15:49:19.615,1.35357,1.35406,1.50,6.15
2011.05.06 15:49:20.117,1.3536,1.35404,1.65,3.45
2011.05.06 15:49:20.674,1.3536,1.35407,1.65,3.45
2011.05.06 15:49:28.312,1.3536,1.35402,1.65,3.45
2011.05.06 15:49:28.432,1.35357,1.35402,2.25,3.45
2011.05.06 15:49:28.765,1.35357,1.35403,1.50,6.90
2011.05.06 15:49:28.876,1.35346,1.35399,2.25,3.45
2011.05.06 15:49:30.793,1.35346,1.35398,2.25,1.50
2011.05.06 15:49:31.125,1.35344,1.35387,1.65,1.50
2011.05.06 15:49:31.454,1.35337,1.35383,1.57,2.70
2011.05.06 15:49:31.905,1.35358,1.35383,1.65,1.50
2011.05.06 15:49:32.032,1.35358,1.35402,1.65,1.50
2011.05.06 15:49:32.147,1.35367,1.35413,1.65,2.25
2011.05.06 15:49:32.596,1.35354,1.35413,5.10,2.25
2011.05.06 15:49:32.714,1.35354,1.35413,5.10,2.25
2011.05.06 15:49:33.044,1.35351,1.35404,1.57,2.25
2011.05.06 15:49:34.252,1.35351,1.35404,1.57,2.25
2011.05.06 15:49:34.805,1.35357,1.35409,1.50,2.40
2011.05.06 15:49:36.233,1.35357,1.35413,3.22,4.95
2011.05.06 15:49:38.034,1.3536,1.35413,2.70,2.25
2011.05.06 15:49:38.913,1.35357,1.35409,1.57,2.40
2011.05.06 15:49:41.975,1.35356,1.35409,3.52,2.40
2011.05.06 15:49:42.302,1.35366,1.35414,1.65,2.25
2011.05.06 15:49:43.383,1.35366,1.35414,1.65,2.25
2011.05.06 15:49:44.043,1.35366,1.35414,1.65,2.25
2011.05.06 15:49:44.485,1.35361,1.35414,2.47,2.25
2011.05.06 15:49:45.037,1.35361,1.35414,2.47,2.25
2011.05.06 15:49:45.383,1.35361,1.35414,1.72,2.25
2011.05.06 15:49:48.674,1.35361,1.35414,1.72,2.25
2011.05.06 15:49:51.634,1.35361,1.35406,1.72,1.50
2011.05.06 15:49:51.854,1.35356,1.35403,1.50,1.50
2011.05.06 15:49:52.313,1.35353,1.35403,2.47,1.50
2011.05.06 15:49:53.836,1.35353,1.35403,3.22,1.50
2011.05.06 15:49:54.828,1.35353,1.35403,3.22,1.50
2011.05.06 15:49:55.593,1.35353,1.35403,2.47,1.50
2011.05.06 15:49:56.034,1.35353,1.354,1.65,1.50
2011.05.06 15:49:56.143,1.35346,1.35398,1.57,3.45
2011.05.06 15:49:57.855,1.35349,1.35391,1.65,3.45
2011.05.06 15:49:58.404,1.35349,1.35397,1.65,3.45
2011.05.06 15:49:59.858,1.35353,1.35401,1.65,1.50
2011.05.06 15:50:00.193,1.35356,1.35397,1.50,3.45
2011.05.06 15:50:01.453,1.35349,1.35397,1.65,3.45
2011.05.06 15:50:02.510,1.35343,1.35394,1.50,2.25
2011.05.06 15:50:02.844,1.35354,1.35401,1.65,2.25
2011.05.06 15:50:03.065,1.35346,1.35404,2.25,2.25
2011.05.06 15:50:03.395,1.35346,1.35398,2.25,1.50
2011.05.06 15:50:03.834,1.35346,1.35398,3.90,1.50
2011.05.06 15:50:09.745,1.35346,1.354,3.90,3.45
2011.05.06 15:50:13.047,1.35358,1.35404,1.65,2.25
2011.05.06 15:50:23.505,1.35358,1.35405,1.65,1.50
2011.05.06 15:50:23.615,1.35351,1.35405,3.45,1.50
2011.05.06 15:50:23.727,1.35356,1.35405,1.50,1.50
2011.05.06 15:50:23.957,1.3535,1.35403,1.65,3.00
2011.05.06 15:50:24.426,1.35352,1.35399,1.65,3.45
2011.05.06 15:50:24.552,1.35347,1.35399,1.50,3.45
2011.05.06 15:50:24.665,1.35349,1.35399,1.65,3.45
2011.05.06 15:50:24.995,1.35352,1.35402,1.65,3.45
2011.05.06 15:50:25.325,1.35352,1.35403,1.65,3.00
2011.05.06 15:50:27.383,1.35352,1.35403,1.65,5.70
2011.05.06 15:50:27.929,1.35352,1.35403,1.65,5.70
2011.05.06 15:50:28.518,1.35352,1.35397,1.65,3.45
2011.05.06 15:50:28.978,1.35347,1.35396,1.50,3.45
2011.05.06 15:50:29.093,1.3534,1.35394,1.65,2.25
2011.05.06 15:50:29.644,1.35338,1.35387,2.40,3.45
2011.05.06 15:50:29.867,1.35345,1.35392,1.65,1.50
2011.05.06 15:50:30.424,1.35346,1.35389,1.50,1.50
2011.05.06 15:50:30.753,1.35346,1.35389,1.50,1.50
2011.05.06 15:50:31.974,1.35346,1.35388,1.50,1.50
2011.05.06 15:50:32.569,1.35346,1.35387,1.50,1.50
2011.05.06 15:50:32.682,1.3535,1.35395,1.65,1.50
2011.05.06 15:50:32.797,1.35352,1.35395,1.65,2.25
2011.05.06 15:50:32.916,1.35346,1.35395,2.25,1.50
2011.05.06 15:50:33.035,1.3534,1.35395,2.40,1.50
2011.05.06 15:50:33.256,1.35337,1.35391,3.45,1.50
2011.05.06 15:50:34.984,1.35343,1.3539,1.50,4.20
2011.05.06 15:50:35.318,1.35352,1.3539,1.65,3.45
2011.05.06 15:50:35.985,1.35347,1.35394,1.50,1.50
2011.05.06 15:50:36.098,1.35342,1.35394,1.65,3.00
2011.05.06 15:50:36.757,1.35338,1.35384,2.40,2.25
2011.05.06 15:50:45.256,1.35343,1.35386,1.65,1.50
2011.05.06 15:50:47.054,1.3535,1.35393,1.65,2.25
2011.05.06 15:50:47.163,1.3535,1.35393,1.65,2.25
2011.05.06 15:50:47.384,1.35343,1.35393,1.50,2.25
2011.05.06 15:50:47.494,1.35343,1.35393,1.50,2.25
2011.05.06 15:50:47.823,1.35353,1.354,1.65,2.25
2011.05.06 15:50:49.774,1.35353,1.35403,1.65,2.25
2011.05.06 15:50:49.883,1.35362,1.35403,1.65,2.25
2011.05.06 15:50:49.995,1.35354,1.35406,1.65,4.95
2011.05.06 15:50:50.217,1.35354,1.35403,1.65,1.50
2011.05.06 15:50:50.340,1.35347,1.35398,2.25,1.50
2011.05.06 15:50:50.454,1.3535,1.35398,2.70,1.50
2011.05.06 15:50:50.783,1.35347,1.35398,1.50,1.50
2011.05.06 15:50:52.597,1.35349,1.35403,2.10,2.25
2011.05.06 15:50:52.938,1.35357,1.35409,1.65,3.45
2011.05.06 15:50:53.272,1.35367,1.35411,1.50,1.50
2011.05.06 15:51:00.867,1.35367,1.3542,1.50,1.50
2011.05.06 15:51:01.099,1.35367,1.35419,1.50,1.50
2011.05.06 15:51:03.924,1.35367,1.35417,2.25,3.45
2011.05.06 15:51:04.035,1.35374,1.35419,1.50,4.20
2011.05.06 15:51:04.144,1.35385,1.35419,1.65,3.45
2011.05.06 15:51:04.475,1.35378,1.3543,4.27,2.40
2011.05.06 15:51:04.585,1.35379,1.3543,2.77,2.40
2011.05.06 15:51:04.913,1.35386,1.3543,2.70,2.40
2011.05.06 15:51:05.023,1.35382,1.3543,2.70,2.40
2011.05.06 15:51:06.014,1.35381,1.3543,2.70,2.40
2011.05.06 15:51:06.733,1.35377,1.3543,1.50,2.40
2011.05.06 15:51:07.063,1.35381,1.35431,2.70,2.40
2011.05.06 15:51:10.952,1.35379,1.35431,2.70,2.40
2011.05.06 15:51:11.173,1.3538,1.35433,2.70,2.25
2011.05.06 15:51:11.286,1.35377,1.35433,1.50,2.25
2011.05.06 15:51:11.405,1.35377,1.3543,1.50,2.40
2011.05.06 15:51:12.684,1.35374,1.35424,2.70,2.25
2011.05.06 15:51:12.795,1.3537,1.35424,1.65,2.25
2011.05.06 15:51:12.905,1.35366,1.35418,1.50,2.40
2011.05.06 15:51:13.732,1.35366,1.3542,1.57,1.50
2011.05.06 15:51:14.063,1.35373,1.35424,2.70,2.25
2011.05.06 15:51:14.172,1.3537,1.35424,2.77,2.25
2011.05.06 15:51:14.725,1.35371,1.35424,1.50,2.25
2011.05.06 15:51:15.055,1.35377,1.35413,2.70,1.50
2011.05.06 15:51:15.165,1.35375,1.35413,2.70,3.15
2011.05.06 15:51:15.274,1.35366,1.35413,5.02,2.40
2011.05.06 15:51:17.933,1.35365,1.35414,1.13,2.25
2011.05.06 15:51:18.373,1.35365,1.35414,1.88,2.25
2011.05.06 15:51:18.705,1.3538,1.35424,1.65,2.25
2011.05.06 15:51:18.925,1.35367,1.35413,1.57,1.50
2011.05.06 15:51:19.364,1.35365,1.35412,1.13,3.45
2011.05.06 15:51:19.859,1.35367,1.35414,1.50,1.50
2011.05.06 15:51:19.979,1.35364,1.35408,1.13,3.45
2011.05.06 15:51:25.235,1.35356,1.35408,2.25,1.50
2011.05.06 15:51:25.972,1.3535,1.35401,1.50,1.50
2011.05.06 15:51:26.091,1.35349,1.35399,2.40,1.35
2011.05.06 15:51:27.623,1.35352,1.35399,1.50,1.35
2011.05.06 15:51:27.734,1.35358,1.35408,1.57,3.45
2011.05.06 15:51:27.955,1.35362,1.35408,3.45,1.50
2011.05.06 15:51:28.173,1.35357,1.35399,2.70,2.40
2011.05.06 15:51:28.393,1.35353,1.35401,2.70,2.40
2011.05.06 15:51:28.503,1.3535,1.35401,3.45,2.40
2011.05.06 15:51:29.496,1.35348,1.35403,1.57,2.25
2011.05.06 15:51:30.153,1.35353,1.35403,3.52,2.25
2011.05.06 15:51:31.924,1.35353,1.35403,3.52,2.25
2011.05.06 15:51:32.574,1.35349,1.35402,1.57,1.50
2011.05.06 15:51:32.683,1.35348,1.35402,1.57,1.50
2011.05.06 15:51:32.903,1.35353,1.35393,2.70,2.25
2011.05.06 15:51:33.013,1.35351,1.35393,2.77,2.25
2011.05.06 15:51:35.444,1.35344,1.35393,1.57,2.25
2011.05.06 15:51:41.656,1.35349,1.35393,1.50,2.25
2011.05.06 15:51:41.775,1.35348,1.35397,1.50,2.40
2011.05.06 15:51:42.250,1.35348,1.35397,1.50,2.40
2011.05.06 15:51:42.375,1.3535,1.35393,3.30,1.50
2011.05.06 15:51:42.489,1.35353,1.35396,1.65,1.50
2011.05.06 15:51:42.825,1.35353,1.35387,2.40,1.50
2011.05.06 15:51:43.046,1.35353,1.3539,1.65,1.50
2011.05.06 15:51:43.166,1.35353,1.35409,1.65,3.45
2011.05.06 15:51:43.397,1.35353,1.35409,3.22,3.45
2011.05.06 15:51:43.518,1.35356,1.35409,2.32,3.45
2011.05.06 15:51:44.329,1.35353,1.35404,2.47,1.50
2011.05.06 15:51:44.444,1.35353,1.35404,1.72,1.50
2011.05.06 15:51:44.776,1.35353,1.35398,1.57,1.50
2011.05.06 15:51:44.996,1.35353,1.35404,1.57,3.00
2011.05.06 15:51:45.117,1.35357,1.35399,2.40,1.50
2011.05.06 15:51:45.233,1.35353,1.35393,1.57,2.25
2011.05.06 15:51:45.454,1.35351,1.35397,2.40,1.50
2011.05.06 15:51:45.786,1.35351,1.35394,1.72,2.25
2011.05.06 15:51:46.016,1.35354,1.35394,1.65,2.25
2011.05.06 15:51:46.238,1.35351,1.35397,1.65,1.50
2011.05.06 15:51:46.851,1.35347,1.354,2.32,2.40
2011.05.06 15:51:47.846,1.35354,1.35404,1.65,4.95
2011.05.06 15:51:48.185,1.35357,1.35405,1.50,1.50
2011.05.06 15:51:48.846,1.35361,1.35413,1.65,1.50
2011.05.06 15:51:49.185,1.35367,1.35413,1.50,1.50
2011.05.06 15:51:49.722,1.35353,1.354,1.65,1.50
2011.05.06 15:51:50.057,1.35347,1.35399,3.90,1.50
2011.05.06 15:51:50.506,1.35347,1.35398,3.15,3.45
2011.05.06 15:51:50.725,1.35347,1.35399,4.65,1.50
2011.05.06 15:51:50.947,1.35354,1.35402,1.65,1.50
2011.05.06 15:51:51.065,1.35347,1.35402,2.25,1.50
2011.05.06 15:51:51.174,1.35347,1.35402,2.25,1.50
2011.05.06 15:51:52.070,1.35358,1.35403,1.65,4.95
2011.05.06 15:51:52.200,1.35349,1.35401,2.40,1.50
2011.05.06 15:51:52.755,1.35357,1.35405,1.50,1.13
2011.05.06 15:51:57.642,1.35346,1.354,3.07,3.45
2011.05.06 15:51:57.864,1.35353,1.35404,1.65,2.63
2011.05.06 15:51:58.195,1.35353,1.35404,1.72,2.25
2011.05.06 15:51:59.738,1.35356,1.35412,2.25,1.13
2011.05.06 15:52:00.077,1.35358,1.35412,1.65,1.13
2011.05.06 15:52:00.303,1.35352,1.35404,3.52,2.25
2011.05.06 15:52:00.416,1.35348,1.35403,2.40,2.25
2011.05.06 15:52:01.193,1.35347,1.35403,2.25,3.45
2011.05.06 15:52:01.725,1.35352,1.35405,2.25,3.45
2011.05.06 15:52:02.103,1.35356,1.35411,1.50,1.50
2011.05.06 15:52:07.122,1.35356,1.35413,1.50,1.13
2011.05.06 15:52:11.543,1.35356,1.35414,1.50,4.65
2011.05.06 15:52:13.727,1.35367,1.35411,1.50,1.50
2011.05.06 15:52:14.064,1.3539,1.35415,1.65,1.13
2011.05.06 15:52:14.177,1.35376,1.35415,4.20,1.13
2011.05.06 15:52:14.296,1.35377,1.35416,1.50,1.13
2011.05.06 15:52:14.418,1.35377,1.35423,1.50,3.15
2011.05.06 15:52:14.535,1.35366,1.35423,3.52,3.90
2011.05.06 15:52:14.643,1.35366,1.35418,2.77,1.50
2011.05.06 15:52:14.756,1.35363,1.35412,2.70,2.40
2011.05.06 15:52:15.313,1.35366,1.35416,1.50,1.50
2011.05.06 15:52:20.544,1.35356,1.35411,2.25,3.45
2011.05.06 15:52:20.764,1.35351,1.35403,3.45,2.25
2011.05.06 15:52:21.206,1.35361,1.35403,2.40,2.25
2011.05.06 15:52:21.655,1.35363,1.35414,3.45,2.25
2011.05.06 15:52:21.766,1.35376,1.3542,1.65,1.50
2011.05.06 15:52:22.433,1.35376,1.35424,4.35,2.25
2011.05.06 15:52:22.654,1.3537,1.35424,4.35,2.25
2011.05.06 15:52:23.898,1.35366,1.35424,1.50,2.25
2011.05.06 15:52:24.453,1.35362,1.35413,1.57,2.25
2011.05.06 15:52:26.042,1.35362,1.35413,1.57,2.25
2011.05.06 15:52:28.173,1.35377,1.35413,1.50,1.50
2011.05.06 15:52:28.285,1.35382,1.35425,2.40,1.50
2011.05.06 15:52:28.394,1.35384,1.3543,1.50,3.45
2011.05.06 15:52:28.822,1.35392,1.35437,2.77,1.50
2011.05.06 15:52:29.044,1.35392,1.35443,2.77,2.63
2011.05.06 15:52:29.815,1.35392,1.35443,2.77,2.25
2011.05.06 15:52:30.732,1.35387,1.3544,5.02,2.25
2011.05.06 15:52:33.273,1.35392,1.35442,2.77,3.15
2011.05.06 15:52:33.914,1.35393,1.35443,2.77,3.00
2011.05.06 15:52:34.575,1.35393,1.35439,2.77,1.50
2011.05.06 15:52:40.427,1.35389,1.35431,2.70,1.50
2011.05.06 15:52:40.767,1.35388,1.35443,3.45,2.25
2011.05.06 15:52:40.886,1.35394,1.35443,1.65,2.25
2011.05.06 15:52:40.994,1.35385,1.35443,5.17,2.25
2011.05.06 15:52:41.103,1.35396,1.35445,1.50,2.40
2011.05.06 15:52:41.324,1.35386,1.35444,2.32,2.25
2011.05.06 15:52:41.695,1.35386,1.35443,5.02,1.50
2011.05.06 15:52:41.915,1.35386,1.35437,1.50,1.50
2011.05.06 15:52:42.025,1.35386,1.35437,1.50,1.50
2011.05.06 15:52:42.243,1.35376,1.35432,1.88,1.50
2011.05.06 15:52:42.356,1.35376,1.35426,2.63,2.40
2011.05.06 15:52:42.773,1.35386,1.35432,1.65,1.50
2011.05.06 15:52:42.885,1.35386,1.35434,1.65,1.50
2011.05.06 15:52:44.774,1.35386,1.35435,6.60,1.50
2011.05.06 15:52:44.884,1.35387,1.35443,3.45,1.50
2011.05.06 15:52:44.994,1.35393,1.35444,2.70,3.90
2011.05.06 15:52:45.325,1.35396,1.35444,2.70,2.25
2011.05.06 15:52:46.594,1.35404,1.3545,2.70,1.13
2011.05.06 15:52:46.925,1.35407,1.3545,4.20,1.13
2011.05.06 15:52:47.475,1.35409,1.35461,2.70,1.13
2011.05.06 15:52:47.807,1.35415,1.3546,2.70,1.13
2011.05.06 15:52:47.925,1.35415,1.3546,2.70,1.13
2011.05.06 15:52:48.254,1.35416,1.3546,1.50,1.13
2011.05.06 15:52:48.473,1.35413,1.3546,2.70,1.13
2011.05.06 15:52:48.583,1.3541,1.3546,2.70,1.13
2011.05.06 15:52:50.358,1.35415,1.3546,2.70,1.13
2011.05.06 15:52:50.874,1.35417,1.35468,1.50,2.25
2011.05.06 15:52:53.425,1.35418,1.35463,1.65,1.50
2011.05.06 15:52:54.474,1.35418,1.35463,1.65,1.50
2011.05.06 15:52:54.585,1.35424,1.35463,1.65,1.50
2011.05.06 15:52:55.007,1.35424,1.35463,1.65,1.50
2011.05.06 15:52:55.129,1.35426,1.35466,1.50,1.50
2011.05.06 15:52:56.055,1.35429,1.35466,1.65,1.50
2011.05.06 15:52:56.276,1.35416,1.35471,1.50,1.50
2011.05.06 15:52:56.506,1.35413,1.35461,2.70,1.50
2011.05.06 15:52:56.626,1.35406,1.35461,1.50,1.50
2011.05.06 15:52:56.846,1.35402,1.35453,3.52,2.25
2011.05.06 15:52:57.063,1.35397,1.35452,4.20,1.50
2011.05.06 15:52:58.338,1.35397,1.35448,1.50,1.50
2011.05.06 15:53:00.824,1.35389,1.35444,1.65,2.25
2011.05.06 15:53:08.192,1.35386,1.35435,1.50,1.50
2011.05.06 15:53:08.304,1.35386,1.35435,1.50,1.50
2011.05.06 15:53:08.636,1.3539,1.35435,1.65,1.50
2011.05.06 15:53:09.305,1.35387,1.35439,2.70,1.50
2011.05.06 15:53:09.415,1.35386,1.35439,1.50,1.50
2011.05.06 15:53:09.856,1.35386,1.35432,1.50,1.50
2011.05.06 15:53:10.891,1.3538,1.35432,2.40,1.50
2011.05.06 15:53:11.006,1.35387,1.35432,1.65,1.50
2011.05.06 15:53:11.116,1.35387,1.35432,1.65,1.50
2011.05.06 15:53:12.118,1.35392,1.35443,1.65,2.25
2011.05.06 15:53:12.454,1.35398,1.35443,2.70,2.25
2011.05.06 15:53:13.333,1.35397,1.35443,2.70,2.25
2011.05.06 15:53:13.823,1.35395,1.35443,1.65,2.25
2011.05.06 15:53:14.319,1.35392,1.35443,2.70,2.25
2011.05.06 15:53:14.763,1.35386,1.35434,4.35,2.25
2011.05.06 15:53:16.978,1.35386,1.35434,1.65,2.25
2011.05.06 15:53:17.426,1.35381,1.35434,4.20,2.25
2011.05.06 15:53:18.084,1.35378,1.35424,2.40,2.25
2011.05.06 15:53:18.306,1.3538,1.35431,1.50,1.50
2011.05.06 15:53:18.645,1.35391,1.35431,1.65,1.50
2011.05.06 15:53:19.876,1.35387,1.35438,1.65,1.50
2011.05.06 15:53:19.986,1.35379,1.35433,2.40,2.25
2011.05.06 15:53:20.316,1.35379,1.35426,1.65,1.50
2011.05.06 15:53:20.865,1.35377,1.35429,2.25,1.50
2011.05.06 15:53:21.374,1.35379,1.35428,1.65,1.50
2011.05.06 15:53:21.486,1.35379,1.35428,2.40,1.50
2011.05.06 15:53:21.595,1.35379,1.35428,3.15,1.50
2011.05.06 15:53:21.923,1.35388,1.35434,1.65,2.25
2011.05.06 15:53:22.143,1.35388,1.35434,1.65,1.50
2011.05.06 15:53:25.043,1.35387,1.3544,1.50,3.15
2011.05.06 15:53:28.324,1.35387,1.3544,3.15,1.50
2011.05.06 15:53:28.545,1.35387,1.3544,3.15,1.50
2011.05.06 15:53:33.293,1.35387,1.35443,3.90,3.00
2011.05.06 15:53:35.537,1.35397,1.35443,2.40,2.25
2011.05.06 15:53:35.656,1.35397,1.35443,2.40,2.25
2011.05.06 15:53:35.876,1.35389,1.35438,2.70,2.40
2011.05.06 15:53:35.995,1.35386,1.35437,1.50,3.45
2011.05.06 15:53:36.543,1.35397,1.35444,1.50,3.45
2011.05.06 15:53:36.876,1.35391,1.3544,1.65,3.45
2011.05.06 15:53:36.994,1.35388,1.35438,1.65,1.50
2011.05.06 15:53:37.415,1.35387,1.3543,1.50,2.40
2011.05.06 15:53:37.532,1.35375,1.35423,1.13,2.25
2011.05.06 15:53:39.185,1.35367,1.35414,2.25,3.45
2011.05.06 15:53:39.517,1.35357,1.35413,2.63,1.50
2011.05.06 15:53:40.115,1.35357,1.35394,1.13,1.50
2011.05.06 15:53:40.348,1.35349,1.35394,1.13,1.50
2011.05.06 15:53:40.469,1.35349,1.35403,1.13,2.25
2011.05.06 15:53:40.585,1.35357,1.35403,2.40,1.50
2011.05.06 15:53:41.575,1.35354,1.35403,3.45,2.25
2011.05.06 15:53:48.735,1.35361,1.35413,1.50,2.25
2011.05.06 15:53:49.064,1.35367,1.35414,2.40,2.25
2011.05.06 15:53:49.553,1.35366,1.35414,1.50,2.25
2011.05.06 15:53:49.663,1.35361,1.35414,3.45,2.25
2011.05.06 15:53:50.061,1.35373,1.35424,4.35,2.25
2011.05.06 15:53:50.283,1.35366,1.35424,1.50,2.25
2011.05.06 15:53:52.727,1.35366,1.35424,1.50,2.25
2011.05.06 15:53:52.845,1.35361,1.35413,5.17,2.25
2011.05.06 15:53:53.175,1.35371,1.35424,1.65,2.25
2011.05.06 15:53:54.374,1.35371,1.35419,2.40,1.50
2011.05.06 15:53:54.483,1.35372,1.35419,1.50,1.50
2011.05.06 15:53:54.813,1.3538,1.35431,1.65,1.50
2011.05.06 15:53:56.104,1.35378,1.35429,2.70,1.50
2011.05.06 15:53:56.434,1.35377,1.35433,3.45,2.40
2011.05.06 15:53:56.764,1.35388,1.35434,2.70,2.25
2011.05.06 15:53:57.093,1.35385,1.35434,2.70,2.25
2011.05.06 15:53:57.533,1.35383,1.35434,2.77,2.25
2011.05.06 15:53:58.564,1.3538,1.35423,3.52,2.25
2011.05.06 15:53:58.675,1.3538,1.35423,3.52,2.25
2011.05.06 15:53:59.116,1.35383,1.35436,2.47,1.13
2011.05.06 15:53:59.336,1.35385,1.35437,2.77,1.13
2011.05.06 15:53:59.673,1.35392,1.35444,2.70,2.25
2011.05.06 15:54:00.003,1.35401,1.35444,5.40,2.25
2011.05.06 15:54:00.444,1.35394,1.35444,2.70,2.25
2011.05.06 15:54:01.254,1.354,1.35444,2.70,2.25
2011.05.06 15:54:01.477,1.354,1.35447,2.70,2.40
2011.05.06 15:54:01.814,1.354,1.35451,2.70,1.50
2011.05.06 15:54:01.923,1.354,1.35448,2.70,1.50
2011.05.06 15:54:02.036,1.35397,1.35445,2.40,1.50
2011.05.06 15:54:04.333,1.35398,1.35445,1.65,1.50
2011.05.06 15:54:09.352,1.35398,1.35445,1.65,1.50
2011.05.06 15:54:09.686,1.35396,1.35445,1.50,1.50
2011.05.06 15:54:09.804,1.35397,1.35445,2.40,1.50
2011.05.06 15:54:10.400,1.35397,1.35445,1.65,1.50
2011.05.06 15:54:12.205,1.35396,1.3544,1.50,1.35
2011.05.06 15:54:12.533,1.35396,1.35433,1.50,1.50
2011.05.06 15:54:12.863,1.35386,1.35433,1.50,1.50
2011.05.06 15:54:13.877,1.35386,1.35429,1.50,1.50
2011.05.06 15:54:14.697,1.35386,1.35429,1.50,1.50
2011.05.06 15:54:15.037,1.35377,1.35429,1.65,1.50
2011.05.06 15:54:15.157,1.35376,1.35425,4.20,2.40
2011.05.06 15:54:15.281,1.35367,1.35425,3.45,3.15
2011.05.06 15:54:15.633,1.35372,1.35423,1.65,3.45
2011.05.06 15:54:15.752,1.35367,1.35424,2.40,2.25
2011.05.06 15:54:15.864,1.35374,1.35424,1.65,2.25
2011.05.06 15:54:16.086,1.35374,1.35424,1.65,2.25
2011.05.06 15:54:16.413,1.35377,1.35428,1.50,1.50
2011.05.06 15:54:17.623,1.35377,1.35428,1.50,3.15
2011.05.06 15:54:17.955,1.35374,1.35423,1.65,2.25
2011.05.06 15:54:18.173,1.35377,1.35428,1.50,1.50
2011.05.06 15:54:18.725,1.35391,1.35432,3.15,3.45
2011.05.06 15:54:19.417,1.35391,1.35435,1.65,1.50
2011.05.06 15:54:19.867,1.35391,1.35434,2.40,3.45
2011.05.06 15:54:19.986,1.35392,1.35434,1.50,3.45
2011.05.06 15:54:20.435,1.35397,1.35441,2.70,2.40
2011.05.06 15:54:20.765,1.35398,1.35456,3.52,2.40
2011.05.06 15:54:21.254,1.35417,1.35459,1.50,3.45
2011.05.06 15:54:21.475,1.35417,1.35473,1.50,4.95
2011.05.06 15:54:21.805,1.35417,1.35471,1.50,5.10
2011.05.06 15:54:22.355,1.35416,1.35464,1.65,2.25
2011.05.06 15:54:22.905,1.35432,1.35464,1.65,2.25
2011.05.06 15:54:23.235,1.35425,1.35473,1.65,1.50
2011.05.06 15:54:23.880,1.35422,1.35471,2.70,2.40
2011.05.06 15:54:23.998,1.35415,1.35464,2.70,2.25
2011.05.06 15:54:24.118,1.3541,1.35464,3.52,2.25
2011.05.06 15:54:24.348,1.35418,1.35469,3.52,3.45
2011.05.06 15:54:24.468,1.35424,1.35473,1.65,2.25
2011.05.06 15:54:24.588,1.35427,1.35476,1.50,1.13
2011.05.06 15:54:24.704,1.3542,1.35474,2.70,2.25
2011.05.06 15:54:25.366,1.35426,1.35474,1.65,2.25
2011.05.06 15:54:25.814,1.35417,1.35472,1.65,1.50
2011.05.06 15:54:27.683,1.35417,1.35464,1.65,2.25
2011.05.06 15:54:27.906,1.35409,1.35463,2.70,1.50
2011.05.06 15:54:28.139,1.35412,1.35462,1.65,1.50
2011.05.06 15:54:28.475,1.35407,1.3546,3.15,4.20
2011.05.06 15:54:28.699,1.354,1.35449,5.10,1.50
2011.05.06 15:54:28.816,1.35409,1.35451,1.65,1.50
2011.05.06 15:54:30.968,1.35406,1.35456,1.50,1.50
2011.05.06 15:54:31.526,1.35408,1.35457,1.65,3.45
2011.05.06 15:54:32.974,1.35406,1.35459,4.20,1.50
2011.05.06 15:54:33.084,1.35406,1.35456,4.20,1.50
2011.05.06 15:54:33.415,1.35403,1.35453,2.40,2.25
2011.05.06 15:54:33.965,1.35403,1.35451,1.65,1.50
2011.05.06 15:54:34.077,1.354,1.35451,2.77,1.50
2011.05.06 15:54:34.308,1.35397,1.35451,3.90,1.50
2011.05.06 15:54:35.125,1.35405,1.35453,1.65,2.25
2011.05.06 15:54:35.698,1.35405,1.35453,1.65,2.25
2011.05.06 15:54:35.823,1.35407,1.35457,1.50,1.50
2011.05.06 15:54:35.940,1.35413,1.35457,4.50,1.50
2011.05.06 15:54:36.168,1.35414,1.35467,1.50,3.45
2011.05.06 15:54:36.396,1.35427,1.35467,1.50,3.45
2011.05.06 15:54:37.106,1.35426,1.3547,1.65,1.50
2011.05.06 15:54:37.333,1.35417,1.35471,1.65,2.25
2011.05.06 15:54:38.524,1.35416,1.35468,1.50,1.50
2011.05.06 15:54:38.647,1.35418,1.35465,1.65,1.50
2011.05.06 15:54:38.758,1.35418,1.35465,2.40,1.50
2011.05.06 15:54:38.878,1.3543,1.35472,1.65,1.50
2011.05.06 15:54:39.109,1.35422,1.35469,1.65,1.50
2011.05.06 15:54:39.336,1.35418,1.35469,2.70,1.50
2011.05.06 15:54:39.568,1.35416,1.35468,1.50,1.50
2011.05.06 15:54:39.795,1.35407,1.35462,2.25,1.50
2011.05.06 15:54:40.235,1.35407,1.35456,2.25,1.50
2011.05.06 15:54:41.312,1.35397,1.35448,2.25,1.13
2011.05.06 15:54:42.206,1.3541,1.35448,1.50,1.13
2011.05.06 15:54:42.546,1.3541,1.35448,1.50,1.13
2011.05.06 15:54:42.657,1.35409,1.35447,2.70,1.13
2011.05.06 15:54:42.779,1.35405,1.35447,2.40,1.13
2011.05.06 15:54:43.005,1.35403,1.35448,1.50,1.13
2011.05.06 15:54:43.445,1.35401,1.35448,1.65,1.13
2011.05.06 15:54:46.005,1.35401,1.35445,1.65,1.50
2011.05.06 15:54:46.934,1.3539,1.35437,1.50,1.13
2011.05.06 15:54:47.053,1.35387,1.35437,2.25,1.13
2011.05.06 15:54:47.168,1.35394,1.35437,1.35,1.13
2011.05.06 15:54:47.542,1.35397,1.35437,2.25,1.13
2011.05.06 15:54:47.657,1.354,1.35437,1.50,1.13
2011.05.06 15:54:47.999,1.35396,1.35436,3.97,1.13
2011.05.06 15:54:48.337,1.35401,1.35436,2.70,1.13
2011.05.06 15:54:48.564,1.35397,1.35436,1.50,1.13
2011.05.06 15:54:52.214,1.35397,1.3544,2.25,1.13
2011.05.06 15:54:52.433,1.35397,1.35437,1.50,1.13
2011.05.06 15:54:56.007,1.35392,1.35436,2.40,1.13
2011.05.06 15:54:57.965,1.35396,1.35436,1.50,1.13
2011.05.06 15:54:58.515,1.35407,1.35437,1.50,1.13
2011.05.06 15:55:00.395,1.35411,1.35435,1.65,1.13
2011.05.06 15:55:00.615,1.35407,1.35436,1.50,1.13
2011.05.06 15:55:02.375,1.35398,1.35435,1.65,1.13
2011.05.06 15:55:02.484,1.35398,1.35435,1.65,1.13
2011.05.06 15:55:02.596,1.3541,1.35435,1.65,1.13
2011.05.06 15:55:03.765,1.3541,1.35435,1.65,1.13
2011.05.06 15:55:03.875,1.35406,1.35435,1.50,1.13
2011.05.06 15:55:04.425,1.3541,1.35435,1.65,1.13
2011.05.06 15:55:06.685,1.35407,1.35436,1.50,1.13
2011.05.06 15:55:06.793,1.35405,1.35436,1.65,1.13
2011.05.06 15:55:09.566,1.35397,1.35439,2.40,1.13
2011.05.06 15:55:09.685,1.35397,1.35439,2.40,1.13
2011.05.06 15:55:10.235,1.35397,1.35439,2.40,1.13
2011.05.06 15:55:12.657,1.35386,1.35437,2.25,1.50
2011.05.06 15:55:12.886,1.35383,1.35433,2.40,1.50
2011.05.06 15:55:13.005,1.35383,1.35437,2.47,1.13
2011.05.06 15:55:13.116,1.35383,1.35438,2.47,3.08
2011.05.06 15:55:13.591,1.35383,1.35433,5.17,1.50
2011.05.06 15:55:13.816,1.35397,1.3544,2.40,1.13
2011.05.06 15:55:14.365,1.35399,1.3544,3.15,1.13
2011.05.06 15:55:14.584,1.35405,1.3544,1.65,1.13
2011.05.06 15:55:17.494,1.35405,1.3544,1.65,1.13
2011.05.06 15:55:17.936,1.35409,1.3544,1.65,1.13
2011.05.06 15:55:18.594,1.35401,1.3544,1.65,1.13
2011.05.06 15:55:19.434,1.3541,1.3544,1.65,1.13
2011.05.06 15:55:19.875,1.35399,1.35441,2.47,1.13
2011.05.06 15:55:20.093,1.35402,1.3544,1.65,1.13
2011.05.06 15:55:20.424,1.35409,1.35441,1.65,1.13
2011.05.06 15:55:20.644,1.35397,1.3544,1.35,1.13
2011.05.06 15:55:23.865,1.35387,1.35438,2.25,1.65
2011.05.06 15:55:24.084,1.35387,1.35438,2.25,2.40
2011.05.06 15:55:26.169,1.35397,1.35438,1.65,3.45
2011.05.06 15:55:26.514,1.35387,1.35438,2.25,2.40
2011.05.06 15:55:28.524,1.35393,1.35441,1.35,1.13
2011.05.06 15:55:37.165,1.35396,1.35439,1.35,1.13
2011.05.06 15:55:37.496,1.35388,1.35434,3.45,1.50
2011.05.06 15:55:38.045,1.35385,1.35434,2.40,3.00
2011.05.06 15:55:39.474,1.35376,1.35429,2.25,1.88
2011.05.06 15:55:40.356,1.3537,1.35424,2.40,1.50
2011.05.06 15:55:42.035,1.3537,1.35424,2.40,2.25
2011.05.06 15:55:42.152,1.3537,1.3542,2.40,1.50
2011.05.06 15:55:43.903,1.35367,1.35419,2.40,1.50
2011.05.06 15:55:44.014,1.35367,1.35413,2.40,1.50
2011.05.06 15:55:44.234,1.35366,1.35413,2.40,1.50
2011.05.06 15:55:45.817,1.35366,1.35413,2.40,2.63
2011.05.06 15:55:46.284,1.35363,1.35412,2.40,1.50
2011.05.06 15:55:46.840,1.35366,1.35415,1.50,1.50
2011.05.06 15:55:47.064,1.3538,1.35419,1.65,1.50
2011.05.06 15:55:51.058,1.35373,1.35423,2.40,3.45
2011.05.06 15:55:52.167,1.35367,1.35411,2.40,2.70
2011.05.06 15:55:52.507,1.35366,1.35411,2.25,3.45
2011.05.06 15:55:52.844,1.35367,1.35412,2.25,1.50
2011.05.06 15:55:53.065,1.35367,1.35412,2.25,1.50
2011.05.06 15:55:53.177,1.35367,1.35414,2.25,4.20
2011.05.06 15:55:53.294,1.35367,1.35414,2.25,3.45
2011.05.06 15:55:53.884,1.35357,1.35414,2.40,5.70
2011.05.06 15:55:54.214,1.35359,1.35412,3.45,1.50
2011.05.06 15:55:54.874,1.35357,1.35412,2.40,4.95
2011.05.06 15:55:54.985,1.35357,1.35404,2.40,1.50
2011.05.06 15:55:55.096,1.35348,1.35404,3.52,1.50
2011.05.06 15:55:55.324,1.35355,1.35404,2.40,1.50
2011.05.06 15:55:55.545,1.35355,1.35404,2.40,2.25
2011.05.06 15:55:55.874,1.35355,1.35404,2.40,2.25
2011.05.06 15:55:56.485,1.35355,1.35404,2.40,2.25
2011.05.06 15:55:57.033,1.35354,1.35404,2.40,2.25
2011.05.06 15:55:59.454,1.35355,1.35404,2.40,1.50
2011.05.06 15:56:01.492,1.35355,1.35404,2.40,1.88
2011.05.06 15:56:01.721,1.35346,1.35404,3.00,1.88
2011.05.06 15:56:02.058,1.35353,1.35403,1.50,3.08
2011.05.06 15:56:03.164,1.35367,1.35403,2.40,1.88
2011.05.06 15:56:03.496,1.35367,1.35416,2.40,1.50
2011.05.06 15:56:04.299,1.35367,1.35416,2.40,1.50
2011.05.06 15:56:07.375,1.35367,1.35416,2.40,1.50
2011.05.06 15:56:07.600,1.3536,1.3541,1.42,1.50
2011.05.06 15:56:07.825,1.35364,1.35413,2.40,3.00
2011.05.06 15:56:08.378,1.3536,1.35403,3.52,1.50
2011.05.06 15:56:08.607,1.35371,1.35414,1.35,2.25
2011.05.06 15:56:10.405,1.35377,1.35423,2.70,2.25
2011.05.06 15:56:10.848,1.35373,1.35423,1.57,2.25
2011.05.06 15:56:11.078,1.35376,1.35423,3.52,2.25
2011.05.06 15:56:11.417,1.35384,1.35434,1.65,2.25
2011.05.06 15:56:11.976,1.3538,1.35427,2.40,3.45
2011.05.06 15:56:12.088,1.35377,1.35427,2.25,3.45
2011.05.06 15:56:12.825,1.35376,1.35424,1.65,2.25
2011.05.06 15:56:12.935,1.35368,1.35424,3.22,2.25
2011.05.06 15:56:13.859,1.35369,1.35424,3.52,2.25
2011.05.06 15:56:14.195,1.35384,1.35432,1.65,1.50
2011.05.06 15:56:14.841,1.35377,1.35433,2.85,3.75
2011.05.06 15:56:15.175,1.3538,1.35433,1.50,3.75
2011.05.06 15:56:15.284,1.35384,1.35433,1.50,3.75
2011.05.06 15:56:15.768,1.35383,1.35431,1.50,2.40
2011.05.06 15:56:16.324,1.35377,1.35424,1.50,2.25
2011.05.06 15:56:17.428,1.35389,1.35423,1.42,1.65
2011.05.06 15:56:17.778,1.354,1.35449,2.40,3.45
2011.05.06 15:56:21.802,1.354,1.35453,2.40,2.25
2011.05.06 15:56:22.828,1.354,1.35453,2.40,2.25
2011.05.06 15:56:23.276,1.35406,1.35452,1.50,3.45
2011.05.06 15:56:23.395,1.35409,1.35453,3.15,2.25
2011.05.06 15:56:23.726,1.35411,1.35459,1.50,1.50
2011.05.06 15:56:25.085,1.35414,1.35454,1.50,1.50
2011.05.06 15:56:25.526,1.35418,1.35454,1.50,1.50
2011.05.06 15:56:25.645,1.35408,1.35454,1.50,1.50
2011.05.06 15:56:25.874,1.35408,1.35462,1.50,1.50
2011.05.06 15:56:26.207,1.35408,1.35462,1.50,1.50
2011.05.06 15:56:27.093,1.35409,1.3546,1.50,2.40
2011.05.06 15:56:27.654,1.35406,1.35459,2.25,1.50
2011.05.06 15:56:27.984,1.35406,1.35459,2.25,2.25
2011.05.06 15:56:28.427,1.35411,1.35459,1.50,1.50
2011.05.06 15:56:28.764,1.35418,1.35462,2.40,1.50
2011.05.06 15:56:28.873,1.35418,1.35462,2.40,1.50
2011.05.06 15:56:29.095,1.35418,1.35462,2.40,1.50
2011.05.06 15:56:29.203,1.35418,1.35464,2.40,1.50
2011.05.06 15:56:29.756,1.35418,1.35452,2.40,1.50
2011.05.06 15:56:30.333,1.354,1.35445,2.40,2.70
2011.05.06 15:56:30.453,1.35401,1.35448,2.40,1.50
2011.05.06 15:56:30.570,1.35397,1.35449,1.50,1.50
2011.05.06 15:56:31.645,1.35397,1.35449,2.25,2.25
2011.05.06 15:56:31.865,1.35397,1.35439,2.25,1.50
2011.05.06 15:56:31.976,1.35397,1.35431,1.50,1.50
2011.05.06 15:56:32.087,1.35378,1.35431,3.45,1.50
2011.05.06 15:56:32.537,1.35387,1.35432,1.50,1.50
2011.05.06 15:56:33.379,1.35386,1.35438,2.25,2.25
2011.05.06 15:56:34.178,1.35388,1.35444,2.40,3.75
2011.05.06 15:56:34.515,1.35388,1.35421,1.65,1.50
2011.05.06 15:56:34.848,1.35376,1.35423,2.40,1.50
2011.05.06 15:56:34.967,1.35376,1.35423,2.40,1.50
2011.05.06 15:56:35.195,1.35377,1.35423,3.45,2.40
2011.05.06 15:56:35.717,1.35385,1.35428,1.65,1.13
2011.05.06 15:56:35.844,1.35387,1.35426,1.65,1.50
2011.05.06 15:56:36.067,1.35387,1.35425,1.50,1.50
2011.05.06 15:56:36.625,1.35387,1.35425,1.50,1.50
2011.05.06 15:56:36.846,1.35377,1.35426,1.50,1.50
2011.05.06 15:56:37.407,1.35375,1.35423,2.40,2.25
2011.05.06 15:56:38.461,1.3538,1.35425,1.65,1.50
2011.05.06 15:56:38.590,1.35376,1.35429,2.25,1.13
2011.05.06 15:56:38.706,1.35383,1.35429,1.50,1.13
2011.05.06 15:56:39.044,1.35387,1.3543,1.65,1.50
2011.05.06 15:56:39.263,1.35387,1.35439,2.40,2.63
2011.05.06 15:56:39.924,1.35387,1.35437,2.40,2.25
2011.05.06 15:56:40.254,1.35386,1.35436,2.25,2.25
2011.05.06 15:56:41.316,1.35377,1.35423,2.40,1.50
2011.05.06 15:56:42.998,1.35383,1.35429,2.40,1.50
2011.05.06 15:56:43.445,1.35383,1.35428,2.40,1.50
2011.05.06 15:56:43.890,1.35374,1.35421,3.45,1.50
2011.05.06 15:56:44.011,1.35371,1.35413,2.40,1.50
2011.05.06 15:56:44.475,1.3536,1.35393,3.45,1.50
2011.05.06 15:56:44.696,1.3536,1.35393,3.45,1.50
2011.05.06 15:56:44.807,1.35365,1.35403,1.50,1.88
2011.05.06 15:56:44.929,1.35374,1.35401,1.50,2.70
2011.05.06 15:56:45.044,1.35381,1.35403,1.50,1.50
2011.05.06 15:56:45.158,1.35379,1.35416,1.50,2.40
2011.05.06 15:56:45.277,1.35391,1.35417,1.65,1.13
2011.05.06 15:56:45.504,1.35391,1.35427,1.65,1.13
2011.05.06 15:56:45.725,1.35384,1.35422,2.70,1.13
2011.05.06 15:56:45.836,1.35381,1.35418,1.65,3.45
2011.05.06 15:56:46.373,1.35367,1.3541,2.25,1.50
2011.05.06 15:56:46.597,1.35368,1.35407,1.65,1.50
2011.05.06 15:56:46.825,1.35371,1.35413,2.40,3.45
2011.05.06 15:56:46.934,1.3538,1.3541,1.65,3.45
2011.05.06 15:56:47.266,1.35388,1.3541,1.65,2.70
2011.05.06 15:56:47.814,1.35388,1.35413,1.65,2.70
2011.05.06 15:56:47.927,1.35387,1.3543,1.50,1.50
2011.05.06 15:56:48.047,1.35387,1.3543,1.50,1.50
2011.05.06 15:56:48.634,1.3538,1.3543,1.65,1.50
2011.05.06 15:56:48.967,1.35384,1.35433,1.65,2.25
2011.05.06 15:56:49.306,1.35394,1.35434,1.65,1.50
2011.05.06 15:56:49.424,1.35394,1.3543,1.65,1.13
2011.05.06 15:56:49.750,1.35386,1.35417,1.50,1.13
2011.05.06 15:56:49.872,1.35371,1.35422,2.40,1.88
2011.05.06 15:56:49.989,1.35371,1.35422,2.40,1.13
2011.05.06 15:56:50.330,1.35366,1.35421,2.32,1.50
2011.05.06 15:56:51.041,1.35366,1.35416,1.50,3.83
2011.05.06 15:56:51.162,1.35368,1.3541,2.40,3.45
2011.05.06 15:56:52.005,1.35368,1.35414,1.65,1.13
2011.05.06 15:56:52.115,1.35366,1.35407,1.50,1.13
2011.05.06 15:56:52.226,1.35366,1.3541,2.25,1.13
2011.05.06 15:56:52.556,1.3536,1.35408,1.50,1.13
2011.05.06 15:56:52.776,1.35372,1.35409,1.50,1.88
2011.05.06 15:56:52.886,1.3538,1.35409,3.45,1.50
2011.05.06 15:56:52.999,1.3538,1.35409,2.70,1.50
2011.05.06 15:56:53.117,1.35382,1.35416,2.70,1.13
2011.05.06 15:56:53.493,1.35384,1.35416,2.70,1.13
2011.05.06 15:56:53.836,1.35369,1.35393,2.70,1.49
2011.05.06 15:56:54.386,1.35366,1.35393,1.50,1.49
2011.05.06 15:56:54.506,1.35366,1.35383,1.50,1.53
2011.05.06 15:56:55.495,1.35356,1.35384,1.50,1.92
2011.05.06 15:56:56.805,1.35356,1.35383,1.50,1.23
2011.05.06 15:56:57.024,1.35354,1.35383,1.65,1.23
2011.05.06 15:56:57.243,1.35347,1.35383,1.50,1.24
2011.05.06 15:56:57.465,1.35347,1.35384,2.25,1.04
2011.05.06 15:56:57.575,1.35347,1.35399,2.25,3.45
2011.05.06 15:56:57.795,1.35349,1.35403,2.40,3.00
2011.05.06 15:56:58.124,1.35358,1.35403,1.65,3.00
2011.05.06 15:56:58.343,1.35355,1.35403,2.40,2.25
2011.05.06 15:56:59.194,1.35352,1.35403,4.20,2.25
2011.05.06 15:57:00.376,1.35358,1.35409,1.50,1.50
2011.05.06 15:57:00.704,1.35377,1.35413,1.50,1.50
2011.05.06 15:57:00.818,1.35371,1.35417,1.50,1.50
2011.05.06 15:57:00.935,1.35371,1.35413,1.50,2.25
2011.05.06 15:57:01.157,1.35355,1.35412,4.20,1.50
2011.05.06 15:57:01.494,1.35368,1.35414,3.45,2.25
2011.05.06 15:57:02.116,1.35355,1.3538,2.70,1.50
2011.05.06 15:57:02.251,1.35359,1.35383,2.70,1.50
2011.05.06 15:57:02.369,1.35361,1.35383,2.70,1.50
2011.05.06 15:57:02.486,1.35357,1.35383,1.65,1.50
2011.05.06 15:57:02.829,1.35327,1.35377,2.25,2.70
2011.05.06 15:57:03.055,1.35327,1.35393,2.25,1.50
2011.05.06 15:57:03.277,1.35327,1.3538,2.25,2.70
2011.05.06 15:57:03.615,1.35327,1.35382,2.25,1.50
2011.05.06 15:57:03.834,1.35327,1.35381,2.25,3.45
2011.05.06 15:57:04.438,1.35327,1.35383,2.25,5.70
2011.05.06 15:57:04.787,1.35327,1.35382,2.25,1.50
2011.05.06 15:57:05.017,1.3533,1.35383,2.40,1.50
2011.05.06 15:57:05.246,1.3533,1.35383,3.22,1.50
2011.05.06 15:57:05.685,1.35338,1.35394,3.45,3.00
2011.05.06 15:57:05.796,1.35337,1.35392,2.40,1.50
2011.05.06 15:57:06.235,1.35347,1.35391,2.25,1.13
2011.05.06 15:57:06.765,1.35347,1.35393,2.25,1.13
2011.05.06 15:57:07.325,1.35347,1.35392,2.25,1.13
2011.05.06 15:57:07.547,1.35337,1.35388,4.95,1.13
2011.05.06 15:57:07.780,1.35337,1.35388,4.95,1.50
2011.05.06 15:57:08.333,1.35337,1.35386,2.25,1.50
2011.05.06 15:57:08.907,1.35337,1.35387,2.25,1.50
2011.05.06 15:57:09.025,1.35337,1.35389,2.25,1.88
2011.05.06 15:57:09.136,1.35337,1.35389,2.25,1.88
2011.05.06 15:57:09.717,1.35337,1.35391,2.25,1.50
2011.05.06 15:57:10.789,1.35337,1.35389,2.25,1.13
2011.05.06 15:57:11.348,1.35336,1.35389,2.25,1.13
2011.05.06 15:57:12.581,1.35336,1.3539,2.25,1.13
2011.05.06 15:57:12.914,1.35346,1.35396,2.25,2.25
2011.05.06 15:57:13.245,1.35346,1.35395,2.25,3.45
2011.05.06 15:57:13.464,1.3533,1.35391,1.57,1.50
2011.05.06 15:57:13.794,1.35326,1.35374,2.25,2.70
2011.05.06 15:57:14.124,1.35326,1.35368,2.25,2.70
2011.05.06 15:57:14.234,1.35326,1.35368,2.25,2.70
2011.05.06 15:57:14.566,1.35321,1.35362,1.57,2.70
2011.05.06 15:57:14.676,1.35317,1.35365,2.32,2.70
2011.05.06 15:57:15.168,1.35325,1.35371,1.50,3.45
2011.05.06 15:57:15.286,1.35323,1.35371,1.50,2.70
2011.05.06 15:57:15.409,1.35322,1.35374,3.45,2.25
2011.05.06 15:57:15.637,1.35317,1.35373,3.45,1.50
2011.05.06 15:57:15.864,1.35317,1.35373,3.45,1.50
2011.05.06 15:57:16.968,1.35317,1.35374,1.57,2.25
2011.05.06 15:57:17.089,1.35317,1.35374,1.57,2.25
2011.05.06 15:57:17.426,1.35326,1.3537,2.25,2.25
2011.05.06 15:57:17.546,1.35315,1.35368,1.57,1.50
2011.05.06 15:57:18.046,1.35315,1.35353,1.57,1.50
2011.05.06 15:57:18.161,1.35306,1.35353,4.27,1.50
2011.05.06 15:57:19.497,1.35311,1.35353,3.22,1.50
2011.05.06 15:57:19.835,1.35311,1.35363,3.22,1.50
2011.05.06 15:57:20.495,1.35323,1.35373,2.40,1.13
2011.05.06 15:57:25.258,1.35336,1.35374,1.50,1.13
2011.05.06 15:57:25.595,1.35336,1.35374,3.15,1.13
2011.05.06 15:57:26.584,1.35327,1.35374,2.32,1.13
2011.05.06 15:57:29.147,1.35317,1.35366,2.32,2.70
2011.05.06 15:57:29.728,1.35317,1.35363,1.57,2.70
2011.05.06 15:57:29.852,1.35317,1.35371,2.32,3.45
2011.05.06 15:57:30.407,1.35327,1.35375,2.25,3.45
2011.05.06 15:57:30.746,1.35336,1.35367,1.50,2.70
2011.05.06 15:57:30.855,1.35337,1.35377,2.70,1.13
2011.05.06 15:57:31.184,1.35328,1.35378,1.57,1.13
2011.05.06 15:57:31.847,1.35323,1.35374,1.57,2.25
2011.05.06 15:57:32.756,1.35326,1.35378,2.32,3.83
2011.05.06 15:57:33.197,1.35332,1.35378,1.65,1.13
2011.05.06 15:57:33.754,1.35329,1.35378,1.57,1.13
2011.05.06 15:57:34.855,1.35337,1.35378,1.50,1.13
2011.05.06 15:57:35.520,1.35347,1.35378,1.50,1.13
2011.05.06 15:57:35.856,1.35356,1.35378,1.50,1.13
2011.05.06 15:57:36.187,1.35356,1.35383,1.50,1.50
2011.05.06 15:57:36.526,1.35367,1.35383,1.50,1.50
2011.05.06 15:57:36.634,1.35367,1.35399,1.50,1.13
2011.05.06 15:57:36.745,1.35367,1.35399,1.50,1.13
2011.05.06 15:57:37.299,1.35367,1.354,1.50,1.13
2011.05.06 15:57:37.981,1.35336,1.35381,4.95,1.50
2011.05.06 15:57:38.100,1.35327,1.35379,3.52,1.50
2011.05.06 15:57:38.328,1.35327,1.3538,3.45,1.50
2011.05.06 15:57:38.665,1.35326,1.35379,2.25,4.95
2011.05.06 15:57:38.997,1.35326,1.35378,2.25,2.70
2011.05.06 15:57:39.227,1.35326,1.35379,2.25,3.45
2011.05.06 15:57:40.006,1.35321,1.35373,1.57,1.50
2011.05.06 15:57:40.970,1.35328,1.35373,1.57,1.50
2011.05.06 15:57:41.086,1.35338,1.35384,1.50,3.45
2011.05.06 15:57:41.415,1.35336,1.35389,2.32,1.50
2011.05.06 15:57:41.746,1.35331,1.35382,1.50,1.50
2011.05.06 15:57:41.855,1.35326,1.3538,1.57,1.50
2011.05.06 15:57:42.186,1.35326,1.3538,3.07,1.50
2011.05.06 15:57:43.415,1.35326,1.35382,2.25,4.20
2011.05.06 15:57:44.426,1.35326,1.35378,2.25,1.50
2011.05.06 15:57:46.739,1.35326,1.35368,2.25,1.50
2011.05.06 15:57:47.736,1.35318,1.35374,1.57,2.25
2011.05.06 15:57:48.186,1.35322,1.35377,2.40,2.70
2011.05.06 15:57:48.405,1.35326,1.35381,2.25,3.45
2011.05.06 15:57:49.763,1.35326,1.35384,2.32,2.25
2011.05.06 15:57:50.155,1.35325,1.35384,1.57,2.25
2011.05.06 15:57:50.708,1.35332,1.35385,1.57,1.13
2011.05.06 15:57:52.180,1.35337,1.35388,2.25,1.50
2011.05.06 15:57:52.520,1.3534,1.35393,3.45,1.13
2011.05.06 15:57:52.858,1.35336,1.35368,2.25,1.50
2011.05.06 15:57:52.975,1.35319,1.35366,1.57,1.50
2011.05.06 15:57:53.087,1.35312,1.35357,2.47,1.13
2011.05.06 15:57:53.208,1.35312,1.35355,2.40,1.13
2011.05.06 15:57:53.436,1.35317,1.35359,2.25,1.50
2011.05.06 15:57:53.556,1.35317,1.35358,2.25,1.50
2011.05.06 15:57:54.136,1.35326,1.35361,1.50,1.50
2011.05.06 15:57:54.464,1.35326,1.35363,1.50,1.50
2011.05.06 15:57:54.798,1.35317,1.35361,1.50,4.20
2011.05.06 15:57:55.030,1.35317,1.35361,2.25,1.50
2011.05.06 15:57:55.367,1.35317,1.35366,1.50,1.50
2011.05.06 15:57:55.704,1.35327,1.35368,1.50,4.20
2011.05.06 15:57:56.068,1.35337,1.35368,1.50,1.50
2011.05.06 15:57:56.639,1.35327,1.35369,1.50,1.88
2011.05.06 15:57:57.704,1.35327,1.35369,1.50,4.58
2011.05.06 15:57:57.925,1.35327,1.35362,1.50,1.50
2011.05.06 15:57:58.255,1.35317,1.35359,1.50,1.50
2011.05.06 15:57:58.807,1.35316,1.35361,1.50,1.50
2011.05.06 15:57:59.567,1.35307,1.35366,4.72,2.25
2011.05.06 15:58:00.124,1.35306,1.35356,2.25,3.45
2011.05.06 15:58:00.453,1.35297,1.35353,2.32,4.95
2011.05.06 15:58:01.007,1.35297,1.35353,2.32,2.25
2011.05.06 15:58:01.693,1.35304,1.35353,1.50,1.50
2011.05.06 15:58:01.804,1.35304,1.35353,1.50,2.25
2011.05.06 15:58:02.355,1.35297,1.3535,2.25,3.45
2011.05.06 15:58:02.686,1.35297,1.3535,2.25,3.45
2011.05.06 15:58:02.796,1.35297,1.35351,2.25,3.45
2011.05.06 15:58:03.235,1.35297,1.35351,2.25,3.45
2011.05.06 15:58:04.360,1.35297,1.35349,2.25,3.45
2011.05.06 15:58:06.045,1.35297,1.35348,2.25,2.70
2011.05.06 15:58:06.594,1.35297,1.35346,2.25,2.70
2011.05.06 15:58:07.064,1.35297,1.35346,2.25,3.45
2011.05.06 15:58:07.664,1.35297,1.35346,2.25,3.45
2011.05.06 15:58:07.783,1.35301,1.35353,3.45,2.25
2011.05.06 15:58:08.004,1.353,1.35353,3.45,2.25
2011.05.06 15:58:10.756,1.35308,1.35363,3.45,3.00
2011.05.06 15:58:11.313,1.35309,1.35362,1.50,1.50
2011.05.06 15:58:11.536,1.35309,1.35362,1.57,3.45
2011.05.06 15:58:11.651,1.35309,1.3536,1.57,2.70
2011.05.06 15:58:11.766,1.35309,1.35364,1.57,2.25
2011.05.06 15:58:11.888,1.35309,1.35364,1.57,2.25
2011.05.06 15:58:12.444,1.35319,1.35363,1.57,1.50
2011.05.06 15:58:13.186,1.35319,1.35363,1.57,2.25
2011.05.06 15:58:13.845,1.35319,1.35363,1.57,2.25
2011.05.06 15:58:14.462,1.35326,1.3538,1.57,1.13
2011.05.06 15:58:14.579,1.35331,1.3538,1.50,1.13
2011.05.06 15:58:14.916,1.35331,1.35384,1.57,2.25
2011.05.06 15:58:16.929,1.35337,1.35392,4.20,1.50
2011.05.06 15:58:17.471,1.35316,1.35371,3.82,1.50
2011.05.06 15:58:17.696,1.35316,1.35377,3.82,3.45
2011.05.06 15:58:17.807,1.35336,1.35377,1.50,3.45
2011.05.06 15:58:18.134,1.35336,1.35383,1.50,1.13
2011.05.06 15:58:19.474,1.35336,1.35394,1.50,3.00
2011.05.06 15:58:20.757,1.35336,1.35394,4.95,2.25
2011.05.06 15:58:21.424,1.35336,1.35394,2.25,2.25
2011.05.06 15:58:21.754,1.3534,1.35394,2.70,2.25
2011.05.06 15:58:22.196,1.35336,1.35378,1.50,1.50
2011.05.06 15:58:22.305,1.3533,1.35377,2.40,1.50
2011.05.06 15:58:22.527,1.35327,1.35379,2.25,3.45
2011.05.06 15:58:22.755,1.35318,1.35373,3.45,2.25
2011.05.06 15:58:22.976,1.35323,1.35373,3.45,2.25
2011.05.06 15:58:23.196,1.35323,1.3538,3.45,1.50
2011.05.06 15:58:23.633,1.35322,1.35365,4.20,1.50
2011.05.06 15:58:23.965,1.35307,1.35361,1.50,2.70
2011.05.06 15:58:24.953,1.3532,1.35361,1.57,2.70
2011.05.06 15:58:25.065,1.3532,1.35361,1.57,2.70
2011.05.06 15:58:25.394,1.3532,1.35374,1.57,2.25
2011.05.06 15:58:26.054,1.35325,1.35379,1.50,2.70
2011.05.06 15:58:26.735,1.35336,1.35394,2.70,2.25
2011.05.06 15:58:26.852,1.35327,1.35384,3.45,2.25
2011.05.06 15:58:27.297,1.3534,1.35394,2.70,2.25
2011.05.06 15:58:27.417,1.3534,1.35394,3.45,2.25
2011.05.06 15:58:27.536,1.35347,1.35397,1.50,2.25
2011.05.06 15:58:27.975,1.35337,1.35393,2.25,2.25
2011.05.06 15:58:28.635,1.35337,1.35386,1.50,1.50
2011.05.06 15:58:28.855,1.35331,1.35384,3.45,2.25
2011.05.06 15:58:29.187,1.35326,1.35373,2.25,1.50
2011.05.06 15:58:29.908,1.35327,1.35383,2.25,3.00
2011.05.06 15:58:30.796,1.35329,1.35383,3.45,2.25
2011.05.06 15:58:31.235,1.35329,1.35383,3.45,2.25
2011.05.06 15:58:31.674,1.35327,1.35383,2.25,2.25
2011.05.06 15:58:32.114,1.35327,1.35383,2.25,2.25
2011.05.06 15:58:32.224,1.35327,1.35383,4.95,2.25
2011.05.06 15:58:32.761,1.35337,1.35386,1.50,1.50
2011.05.06 15:58:32.881,1.35327,1.35384,3.45,3.00
2011.05.06 15:58:32.999,1.35326,1.35384,2.25,3.00
2011.05.06 15:58:33.338,1.35326,1.35384,2.25,3.00
2011.05.06 15:58:33.675,1.35327,1.35384,3.45,2.25
2011.05.06 15:58:36.317,1.35336,1.35394,2.25,3.00
2011.05.06 15:58:39.019,1.35333,1.35394,3.45,2.25
2011.05.06 15:58:39.360,1.35339,1.35384,3.45,2.25
2011.05.06 15:58:39.835,1.35337,1.35384,3.45,3.00
2011.05.06 15:58:40.175,1.35336,1.35354,2.70,1.50
2011.05.06 15:58:40.518,1.35303,1.35354,3.45,1.50
2011.05.06 15:58:40.637,1.353,1.35354,3.45,1.50
2011.05.06 15:58:40.754,1.35306,1.35364,2.25,4.95
2011.05.06 15:58:40.864,1.35306,1.35364,2.25,2.25
2011.05.06 15:58:41.195,1.35317,1.35364,1.50,1.50
2011.05.06 15:58:42.185,1.35317,1.35371,2.25,1.13
2011.05.06 15:58:44.194,1.35317,1.3537,2.25,3.83
2011.05.06 15:58:44.965,1.35306,1.35364,2.25,4.20
2011.05.06 15:58:45.298,1.35319,1.35364,1.50,2.70
2011.05.06 15:58:45.526,1.35319,1.35364,3.15,2.70
2011.05.06 15:58:45.747,1.35312,1.3536,1.50,1.35
2011.05.06 15:58:45.977,1.35306,1.35354,3.45,1.50
2011.05.06 15:58:46.764,1.35296,1.35354,4.95,1.50
2011.05.06 15:58:53.847,1.3531,1.35364,2.40,2.25
2011.05.06 15:58:53.966,1.3531,1.35364,2.40,1.50
2011.05.06 15:58:54.553,1.35311,1.35364,3.45,2.25
2011.05.06 15:58:55.105,1.35316,1.35368,2.25,1.35
2011.05.06 15:58:57.087,1.35318,1.3537,2.40,6.75
2011.05.06 15:58:57.542,1.35327,1.35377,2.25,1.13
2011.05.06 15:58:57.765,1.35327,1.35377,2.25,1.13
2011.05.06 15:58:57.876,1.35336,1.35377,1.50,1.13
2011.05.06 15:58:58.316,1.35336,1.35377,1.50,1.13
2011.05.06 15:58:58.535,1.35326,1.35378,2.25,1.88
2011.05.06 15:58:58.755,1.35326,1.35375,2.25,4.20
2011.05.06 15:58:59.088,1.35326,1.35359,2.25,2.70
2011.05.06 15:58:59.426,1.35326,1.35365,2.25,3.45
2011.05.06 15:59:00.383,1.35317,1.3536,2.25,2.70
2011.05.06 15:59:00.714,1.35317,1.35356,2.25,2.70
2011.05.06 15:59:01.046,1.35317,1.35358,2.25,2.70
2011.05.06 15:59:01.487,1.35298,1.35354,2.40,3.30
2011.05.06 15:59:01.826,1.35282,1.35333,1.50,2.70
2011.05.06 15:59:02.049,1.35291,1.35335,1.50,2.70
2011.05.06 15:59:02.169,1.35288,1.35345,2.40,2.70
2011.05.06 15:59:02.696,1.35303,1.35354,3.45,1.50
2011.05.06 15:59:03.026,1.35317,1.35355,2.40,2.70
2011.05.06 15:59:03.137,1.35317,1.3537,2.40,1.50
2011.05.06 15:59:03.475,1.3532,1.35364,3.45,2.25
2011.05.06 15:59:04.928,1.35312,1.35364,3.45,2.25
2011.05.06 15:59:05.277,1.35308,1.35354,3.45,1.50
2011.05.06 15:59:05.506,1.353,1.35354,5.17,1.50
2011.05.06 15:59:05.836,1.35305,1.35354,3.45,2.25
2011.05.06 15:59:07.154,1.35307,1.35363,2.25,5.55
2011.05.06 15:59:07.829,1.35307,1.35354,2.25,1.50
2011.05.06 15:59:08.167,1.35296,1.35352,2.25,3.45
2011.05.06 15:59:08.829,1.35306,1.35353,2.40,2.25
2011.05.06 15:59:09.165,1.35303,1.35353,3.45,1.50
2011.05.06 15:59:10.267,1.35309,1.35353,3.45,1.50
2011.05.06 15:59:10.487,1.35307,1.35358,2.40,1.13
2011.05.06 15:59:11.593,1.35321,1.35374,1.65,2.25
2011.05.06 15:59:12.035,1.3532,1.35374,2.70,2.25
2011.05.06 15:59:12.145,1.35316,1.35374,2.25,4.95
2011.05.06 15:59:14.564,1.35316,1.35374,2.25,4.95
2011.05.06 15:59:15.453,1.35316,1.35374,2.25,4.95
2011.05.06 15:59:16.113,1.35315,1.35364,2.40,1.50
2011.05.06 15:59:16.665,1.35321,1.35373,3.45,2.25
2011.05.06 15:59:17.767,1.35337,1.35381,1.65,1.13
2011.05.06 15:59:18.105,1.3534,1.35381,2.70,1.13
2011.05.06 15:59:18.215,1.35329,1.35381,2.70,1.13
2011.05.06 15:59:18.790,1.35326,1.35376,2.25,3.45
2011.05.06 15:59:22.554,1.35317,1.35374,1.57,2.25
2011.05.06 15:59:22.998,1.35336,1.35376,1.50,3.45
2011.05.06 15:59:25.267,1.35327,1.35379,2.25,1.13
2011.05.06 15:59:25.715,1.35316,1.35364,1.57,1.50
2011.05.06 15:59:28.324,1.35316,1.35371,3.07,3.45
2011.05.06 15:59:28.544,1.35316,1.35374,3.07,4.95
2011.05.06 15:59:30.267,1.35316,1.35373,3.00,1.50
2011.05.06 15:59:30.585,1.35316,1.35373,2.25,1.50
2011.05.06 15:59:30.915,1.35306,1.35361,2.25,3.45
2011.05.06 15:59:31.246,1.35302,1.35353,1.57,1.50
2011.05.06 15:59:31.356,1.35306,1.35361,2.25,2.70
2011.05.06 15:59:32.895,1.35306,1.35364,2.25,6.30
2011.05.06 15:59:33.561,1.35306,1.35362,2.25,2.70
2011.05.06 15:59:34.227,1.35306,1.35364,2.32,2.85
2011.05.06 15:59:37.073,1.35306,1.35362,2.25,2.70
2011.05.06 15:59:37.632,1.35306,1.35362,2.25,3.45
2011.05.06 15:59:38.305,1.35316,1.35365,2.25,1.50
2011.05.06 15:59:40.337,1.35301,1.3536,2.40,1.50
2011.05.06 15:59:40.569,1.35296,1.35349,3.45,1.50
2011.05.06 15:59:40.909,1.35291,1.35333,3.45,2.25
2011.05.06 15:59:41.245,1.35291,1.35323,3.45,1.50
2011.05.06 15:59:41.828,1.3527,1.35321,1.64,2.70
2011.05.06 15:59:42.056,1.35287,1.35327,2.25,2.70
2011.05.06 15:59:42.172,1.35287,1.35329,2.25,2.70
2011.05.06 15:59:42.289,1.35296,1.35337,2.25,3.45
2011.05.06 15:59:42.626,1.35296,1.35337,2.25,2.70
2011.05.06 15:59:42.961,1.35296,1.35344,2.25,1.50
2011.05.06 15:59:43.075,1.35296,1.35346,2.25,4.20
2011.05.06 15:59:43.628,1.35307,1.35354,1.50,3.45
2011.05.06 15:59:44.261,1.35306,1.35356,2.25,3.45
2011.05.06 15:59:45.069,1.35289,1.35346,2.47,1.50
2011.05.06 15:59:45.298,1.35287,1.35339,2.25,1.50
2011.05.06 15:59:45.421,1.35286,1.35333,2.25,2.70
2011.05.06 15:59:45.539,1.35276,1.35333,1.57,4.20
2011.05.06 15:59:45.879,1.35276,1.35323,1.50,1.50
2011.05.06 15:59:46.432,1.35277,1.35333,2.40,4.20
2011.05.06 15:59:46.556,1.35287,1.35334,2.25,1.50
2011.05.06 15:59:47.455,1.35287,1.35332,2.25,4.20
2011.05.06 15:59:47.567,1.35287,1.35332,2.25,4.95
2011.05.06 15:59:47.905,1.35276,1.35329,2.25,4.20
2011.05.06 15:59:48.237,1.35277,1.35329,2.25,1.50
2011.05.06 15:59:48.773,1.35277,1.35324,2.25,2.70
2011.05.06 15:59:48.893,1.35277,1.35333,2.25,1.50
2011.05.06 15:59:49.889,1.35277,1.35333,2.32,1.88
2011.05.06 15:59:51.213,1.35265,1.35313,3.59,1.50
2011.05.06 15:59:51.329,1.35261,1.35313,1.64,1.50
2011.05.06 15:59:51.448,1.35256,1.35317,3.14,2.70
2011.05.06 15:59:51.678,1.35268,1.35324,3.53,2.25
2011.05.06 15:59:51.911,1.35266,1.35325,6.23,1.50
2011.05.06 15:59:52.030,1.35266,1.35324,3.53,1.50
2011.05.06 15:59:52.148,1.3527,1.35324,1.64,1.50
2011.05.06 15:59:52.487,1.35277,1.35313,1.57,1.50
2011.05.06 15:59:52.595,1.35277,1.35323,1.57,1.50
2011.05.06 15:59:52.709,1.35277,1.35331,1.57,3.83
2011.05.06 15:59:53.525,1.35291,1.35342,1.57,1.13
2011.05.06 15:59:55.851,1.35297,1.35342,2.70,1.13
2011.05.06 15:59:56.405,1.35296,1.35342,2.77,1.13
2011.05.06 15:59:57.284,1.35297,1.35342,2.70,1.13
2011.05.06 15:59:57.834,1.35294,1.35342,3.52,1.13
2011.05.06 15:59:58.733,1.35289,1.35343,2.47,2.25
2011.05.06 15:59:58.959,1.35297,1.35349,2.40,1.13
2011.05.06 15:59:59.078,1.35299,1.35349,1.50,1.13
2011.05.06 15:59:59.200,1.35306,1.3535,2.70,1.13
2011.05.06 15:59:59.537,1.35313,1.35349,2.70,1.13
2011.05.06 15:59:59.646,1.3531,1.35349,2.70,1.13
2011.05.06 15:59:59.865,1.35317,1.35349,1.50,1.13
