2016.06.05 22:00:00.115,1.05992,1.06055,0.26,0.75
2016.06.05 22:00:00.266,1.05998,1.06056,0.75,0.75
2016.06.05 22:00:00.583,1.06016,1.06079,0.10,0.75
2016.06.05 22:00:00.633,1.06024,1.06079,0.10,0.75
2016.06.05 22:00:00.684,1.06024,1.06081,0.10,0.75
2016.06.05 22:00:00.735,1.0603,1.06081,0.10,0.75
2016.06.05 22:00:00.786,1.0603,1.06083,0.10,0.75
2016.06.05 22:00:00.958,1.0603,1.06095,0.10,0.75
2016.06.05 22:00:01.010,1.06033,1.06095,0.10,0.75
2016.06.05 22:00:01.746,1.06033,1.06069,0.10,0.75
2016.06.05 22:00:01.949,1.06019,1.06073,0.19,0.75
2016.06.05 22:00:02.101,1.06017,1.06073,0.10,0.75
2016.06.05 22:00:06.915,1.06017,1.06075,0.10,0.75
2016.06.05 22:00:08.774,1.06017,1.0608,0.10,0.75
2016.06.05 22:00:10.120,1.06021,1.0608,0.10,0.75
2016.06.05 22:00:10.423,1.06029,1.06081,0.10,0.75
2016.06.05 22:00:13.775,1.06029,1.06083,0.10,0.75
2016.06.05 22:00:17.461,1.06035,1.06083,0.10,0.75
2016.06.05 22:00:17.714,1.06035,1.06091,0.10,0.75
2016.06.05 22:00:22.695,1.06035,1.06093,0.10,0.75
2016.06.05 22:00:27.061,1.06035,1.06084,0.82,0.75
2016.06.05 22:00:27.382,1.06014,1.06067,0.19,0.75
2016.06.05 22:00:27.484,1.06011,1.06067,0.19,0.75
2016.06.05 22:00:27.585,1.06006,1.06067,0.10,0.75
2016.06.05 22:00:28.594,1.06014,1.06067,0.10,0.75
2016.06.05 22:00:29.015,1.06021,1.06067,0.10,0.75
2016.06.05 22:00:29.659,1.06021,1.06063,0.10,0.75
2016.06.05 22:00:29.968,1.06018,1.0606,0.10,0.37
2016.06.05 22:00:34.611,1.06014,1.0606,0.10,0.37
2016.06.05 22:00:35.133,1.06013,1.0606,0.10,0.37
2016.06.05 22:00:36.839,1.06014,1.0606,0.10,0.37
2016.06.05 22:00:37.041,1.06014,1.06062,0.10,0.75
2016.06.05 22:00:37.142,1.06019,1.06062,0.10,0.75
2016.06.05 22:00:37.725,1.06019,1.06063,0.10,0.75
2016.06.05 22:00:37.889,1.06019,1.06068,0.10,0.37
2016.06.05 22:00:42.394,1.06019,1.06063,0.10,0.37
2016.06.05 22:00:42.647,1.06016,1.06062,0.10,0.37
2016.06.05 22:00:46.061,1.06011,1.06062,0.10,0.37
2016.06.05 22:00:49.461,1.06008,1.06054,0.10,0.75
2016.06.05 22:00:49.767,1.06008,1.06052,0.10,0.37
2016.06.05 22:00:52.341,1.06001,1.06052,0.10,0.37
2016.06.05 22:00:52.792,1.06001,1.0605,0.10,0.75
2016.06.05 22:00:53.097,1.06007,1.0605,0.10,0.75
2016.06.05 22:00:54.447,1.06002,1.0605,0.10,0.75
2016.06.05 22:00:55.047,1.06003,1.0605,0.10,0.75
2016.06.05 22:00:56.956,1.05994,1.06047,0.10,0.37
2016.06.05 22:00:57.504,1.06001,1.06046,0.10,0.37
2016.06.05 22:01:00.814,1.05995,1.06046,0.10,1.12
2016.06.05 22:01:00.916,1.06007,1.06046,0.10,0.75
2016.06.05 22:01:01.486,1.06001,1.06046,0.10,0.75
2016.06.05 22:01:03.089,1.06001,1.06051,0.10,0.75
2016.06.05 22:01:03.822,1.06001,1.06049,0.10,0.75
2016.06.05 22:01:04.125,1.06006,1.06039,0.10,0.37
2016.06.05 22:01:04.436,1.06006,1.06022,0.10,0.75
2016.06.05 22:01:04.687,1.05987,1.06017,0.10,0.37
2016.06.05 22:01:04.939,1.05987,1.06015,0.10,0.75
2016.06.05 22:01:05.091,1.0598,1.06014,0.10,1.12
2016.06.05 22:01:05.192,1.0598,1.06008,0.10,0.37
2016.06.05 22:01:05.849,1.05975,1.06008,0.10,0.37
2016.06.05 22:01:10.840,1.05973,1.06008,0.10,0.37
2016.06.05 22:01:12.456,1.05973,1.06006,0.10,0.75
2016.06.05 22:01:12.759,1.05973,1.06,0.10,0.37
2016.06.05 22:01:12.809,1.05973,1.06008,0.10,0.37
2016.06.05 22:01:18.124,1.05973,1.06002,0.10,0.37
2016.06.05 22:01:20.614,1.05969,1.06002,0.10,0.37
2016.06.05 22:01:23.019,1.05968,1.06002,0.10,0.37
2016.06.05 22:01:25.107,1.0597,1.06002,0.10,0.37
2016.06.05 22:01:25.209,1.0597,1.06005,0.10,0.75
2016.06.05 22:01:30.333,1.0597,1.06008,0.10,0.37
2016.06.05 22:01:32.344,1.0597,1.05986,0.10,0.75
2016.06.05 22:01:32.547,1.05957,1.05992,0.10,0.75
2016.06.05 22:01:32.648,1.05957,1.05998,0.10,0.37
2016.06.05 22:01:32.699,1.05966,1.05998,0.10,0.37
2016.06.05 22:01:32.750,1.05966,1.06005,0.10,0.75
2016.06.05 22:01:33.117,1.05962,1.06007,0.10,0.37
2016.06.05 22:01:33.371,1.0597,1.06007,0.10,0.37
2016.06.05 22:01:33.883,1.05969,1.06007,0.10,0.37
2016.06.05 22:01:34.563,1.05974,1.06007,0.10,0.37
2016.06.05 22:01:35.896,1.05975,1.06007,0.10,0.37
2016.06.05 22:01:39.157,1.05975,1.06008,0.10,0.37
2016.06.05 22:01:39.259,1.05975,1.06013,0.10,0.37
2016.06.05 22:01:46.845,1.05975,1.06008,0.10,0.37
2016.06.05 22:01:46.896,1.05975,1.06014,0.10,0.37
2016.06.05 22:01:50.010,1.05981,1.06014,0.10,0.37
2016.06.05 22:01:52.203,1.05982,1.06037,0.19,0.75
2016.06.05 22:01:52.305,1.05994,1.06041,0.10,0.75
2016.06.05 22:01:57.614,1.05994,1.06042,0.10,0.75
2016.06.05 22:01:58.126,1.05994,1.06041,0.10,0.75
2016.06.05 22:01:58.652,1.05994,1.06042,0.10,0.75
2016.06.05 22:02:02.284,1.05998,1.06042,0.10,0.75
2016.06.05 22:02:02.808,1.05998,1.06043,0.10,0.75
2016.06.05 22:02:02.859,1.05993,1.06043,0.10,0.75
2016.06.05 22:02:03.390,1.05993,1.06042,0.10,0.75
2016.06.05 22:02:07.605,1.05992,1.06042,0.19,0.75
2016.06.05 22:02:08.402,1.05992,1.06041,0.19,0.75
2016.06.05 22:02:13.566,1.05992,1.0604,0.19,0.75
2016.06.05 22:02:14.427,1.05992,1.06034,0.19,0.75
2016.06.05 22:02:14.595,1.05985,1.06034,0.19,0.75
2016.06.05 22:02:15.152,1.05992,1.06034,0.19,0.75
2016.06.05 22:02:16.252,1.05985,1.06034,0.19,0.75
2016.06.05 22:02:17.072,1.0599,1.06034,0.19,0.75
2016.06.05 22:02:19.196,1.05985,1.06034,0.19,0.75
2016.06.05 22:02:19.350,1.05985,1.06032,0.19,0.75
2016.06.05 22:02:19.654,1.05982,1.06024,0.19,0.75
2016.06.05 22:02:20.332,1.05983,1.06024,0.19,0.75
2016.06.05 22:02:20.997,1.05984,1.06024,0.19,0.75
2016.06.05 22:02:24.416,1.05984,1.06027,0.19,0.75
2016.06.05 22:02:24.517,1.05987,1.06027,0.19,0.75
2016.06.05 22:02:25.536,1.05988,1.06027,0.19,0.75
2016.06.05 22:02:27.049,1.05983,1.06027,0.19,0.75
2016.06.05 22:02:27.559,1.05979,1.06027,0.75,0.75
2016.06.05 22:02:27.851,1.05982,1.06027,0.19,0.75
2016.06.05 22:02:29.712,1.05982,1.06023,0.19,0.75
2016.06.05 22:02:31.620,1.05982,1.06017,0.19,0.75
2016.06.05 22:02:32.014,1.05982,1.06023,0.19,0.75
2016.06.05 22:02:32.616,1.05983,1.06023,0.19,0.75
2016.06.05 22:02:32.789,1.05978,1.06023,0.19,0.75
2016.06.05 22:02:33.191,1.05984,1.06023,0.19,0.75
2016.06.05 22:02:34.444,1.05981,1.06022,0.19,0.75
2016.06.05 22:02:34.495,1.05981,1.06017,0.19,0.75
2016.06.05 22:02:34.597,1.05981,1.06023,0.19,0.75
2016.06.05 22:02:35.721,1.05978,1.06023,0.75,0.75
2016.06.05 22:02:35.961,1.05982,1.06023,0.19,0.75
2016.06.05 22:02:36.727,1.05978,1.06016,0.19,0.75
2016.06.05 22:02:39.180,1.05977,1.06016,0.19,0.75
2016.06.05 22:02:39.383,1.05977,1.06022,0.19,0.75
2016.06.05 22:02:40.290,1.05979,1.06022,0.19,0.75
2016.06.05 22:02:46.120,1.05979,1.0602,0.19,0.75
2016.06.05 22:02:46.221,1.05973,1.06015,0.19,0.75
2016.06.05 22:02:46.373,1.05973,1.06022,0.19,0.75
2016.06.05 22:02:46.424,1.05978,1.06022,0.19,0.75
2016.06.05 22:02:47.187,1.05979,1.06022,0.19,0.75
2016.06.05 22:02:47.492,1.05974,1.06021,0.19,0.75
2016.06.05 22:02:47.649,1.05978,1.06021,0.19,0.75
2016.06.05 22:02:50.132,1.05975,1.06021,0.19,0.75
2016.06.05 22:02:50.656,1.05975,1.0602,0.19,0.75
2016.06.05 22:02:50.808,1.05972,1.0602,0.75,0.75
2016.06.05 22:02:51.526,1.05975,1.06018,0.19,0.75
2016.06.05 22:02:57.017,1.05975,1.06019,0.19,0.75
2016.06.05 22:02:57.423,1.05972,1.06019,0.75,0.75
2016.06.05 22:02:58.314,1.05969,1.06019,0.94,0.75
2016.06.05 22:02:58.381,1.05974,1.06019,0.19,0.75
2016.06.05 22:03:00.283,1.05976,1.06019,0.19,0.75
2016.06.05 22:03:02.033,1.05976,1.06021,0.19,0.75
2016.06.05 22:03:04.080,1.05976,1.06019,0.19,0.37
2016.06.05 22:03:11.384,1.05968,1.06019,0.75,1.12
2016.06.05 22:03:11.486,1.05966,1.06019,0.19,1.12
2016.06.05 22:03:11.536,1.05968,1.06019,0.75,1.12
2016.06.05 22:03:11.961,1.0597,1.06019,0.19,0.75
2016.06.05 22:03:12.264,1.05975,1.06017,0.19,0.37
2016.06.05 22:03:12.510,1.05975,1.06019,0.19,0.75
2016.06.05 22:03:13.018,1.05975,1.06018,0.19,0.75
2016.06.05 22:03:13.791,1.05979,1.06018,0.19,0.75
2016.06.05 22:03:15.566,1.05978,1.06018,0.19,0.75
2016.06.05 22:03:15.870,1.05978,1.06012,0.19,0.75
2016.06.05 22:03:16.124,1.05972,1.06012,0.19,0.75
2016.06.05 22:03:19.052,1.05972,1.06018,0.19,0.37
2016.06.05 22:03:19.204,1.05976,1.06018,0.19,0.37
2016.06.05 22:03:19.659,1.05978,1.06019,0.19,0.75
2016.06.05 22:03:24.667,1.05978,1.0602,0.19,0.75
2016.06.05 22:03:25.781,1.05983,1.06023,0.19,0.10
2016.06.05 22:03:26.018,1.05983,1.06026,0.19,1.57
2016.06.05 22:03:26.723,1.05983,1.06025,0.19,0.75
2016.06.05 22:03:32.611,1.05983,1.06028,0.19,0.75
2016.06.05 22:03:32.712,1.05983,1.06026,0.19,0.75
2016.06.05 22:03:32.805,1.05983,1.06028,0.19,0.75
2016.06.05 22:03:32.995,1.05983,1.06026,0.19,0.75
2016.06.05 22:03:33.306,1.05983,1.06028,0.19,1.50
2016.06.05 22:03:33.809,1.05983,1.06026,0.19,0.75
2016.06.05 22:03:33.931,1.05983,1.06028,0.19,0.75
2016.06.05 22:03:34.033,1.05983,1.06026,0.19,0.75
2016.06.05 22:03:34.211,1.05983,1.06028,0.19,0.75
2016.06.05 22:03:34.394,1.05983,1.06026,0.19,0.75
2016.06.05 22:03:35.429,1.05983,1.06028,0.19,1.50
2016.06.05 22:03:38.130,1.05978,1.06028,0.19,2.06
2016.06.05 22:03:38.762,1.05985,1.06028,0.19,2.25
2016.06.05 22:03:40.728,1.05985,1.06026,0.19,0.75
2016.06.05 22:03:50.465,1.05985,1.06027,0.19,1.87
2016.06.05 22:03:51.070,1.05979,1.06026,0.19,0.19
2016.06.05 22:03:51.222,1.05987,1.06027,0.19,1.50
2016.06.05 22:03:52.514,1.05978,1.06027,0.19,2.06
2016.06.05 22:03:52.615,1.05986,1.06027,0.19,1.87
2016.06.05 22:03:55.615,1.05979,1.06026,0.19,0.19
2016.06.05 22:03:57.017,1.05984,1.06026,0.19,0.75
2016.06.05 22:03:58.270,1.05984,1.06025,0.19,0.75
2016.06.05 22:04:00.372,1.05987,1.06023,0.19,0.37
2016.06.05 22:04:00.842,1.05987,1.06025,0.19,0.75
2016.06.05 22:04:00.943,1.05978,1.06023,0.19,0.37
2016.06.05 22:04:01.335,1.05983,1.06023,0.19,0.37
2016.06.05 22:04:03.246,1.05972,1.06026,1.69,1.00
2016.06.05 22:04:06.139,1.05974,1.06026,1.19,1.37
2016.06.05 22:04:06.492,1.05974,1.06026,1.19,1.00
2016.06.05 22:04:08.721,1.05973,1.06027,1.19,1.00
2016.06.05 22:04:11.348,1.05974,1.06027,1.19,1.00
2016.06.05 22:04:13.824,1.05974,1.06026,1.69,1.00
2016.06.05 22:04:16.961,1.05973,1.06026,1.19,1.19
2016.06.05 22:04:22.577,1.05975,1.06027,1.19,1.50
2016.06.05 22:04:24.630,1.05974,1.06027,1.19,1.69
2016.06.05 22:04:24.878,1.05975,1.06027,1.19,1.50
2016.06.05 22:04:25.181,1.05974,1.06025,1.19,1.25
2016.06.05 22:04:25.443,1.05974,1.06025,1.69,1.00
2016.06.05 22:04:25.620,1.05974,1.06025,1.19,1.25
2016.06.05 22:04:25.868,1.05974,1.06025,1.69,1.00
2016.06.05 22:04:26.183,1.05974,1.06025,1.19,1.00
2016.06.05 22:04:26.433,1.05975,1.06025,1.19,1.00
2016.06.05 22:04:26.633,1.05974,1.06025,1.19,1.25
2016.06.05 22:04:27.041,1.05975,1.06025,1.19,1.00
2016.06.05 22:04:27.092,1.05974,1.06025,1.19,1.00
2016.06.05 22:04:27.270,1.05975,1.06025,1.19,1.00
2016.06.05 22:04:28.473,1.05973,1.06025,1.19,1.25
2016.06.05 22:04:29.320,1.05974,1.06025,1.19,1.00
2016.06.05 22:04:32.079,1.05972,1.06025,3.19,1.00
2016.06.05 22:04:32.390,1.05975,1.06025,1.19,1.00
2016.06.05 22:04:32.717,1.05973,1.06025,1.19,1.25
2016.06.05 22:04:35.074,1.05973,1.06024,1.19,1.00
2016.06.05 22:04:35.800,1.05974,1.06024,1.69,1.00
2016.06.05 22:04:36.478,1.05974,1.06024,1.19,1.00
2016.06.05 22:04:39.379,1.05976,1.06024,1.19,1.00
2016.06.05 22:04:40.311,1.05976,1.06026,1.19,1.00
2016.06.05 22:04:43.784,1.05976,1.06026,1.19,1.37
2016.06.05 22:04:44.003,1.05975,1.06026,1.19,1.62
2016.06.05 22:04:44.161,1.05981,1.06026,1.19,1.37
2016.06.05 22:04:44.384,1.05977,1.06026,1.19,1.37
2016.06.05 22:04:44.738,1.05977,1.06029,1.19,1.00
2016.06.05 22:04:44.941,1.05981,1.06029,1.19,1.00
2016.06.05 22:04:47.705,1.05981,1.06029,1.19,1.37
2016.06.05 22:04:48.301,1.05981,1.06031,1.19,1.87
2016.06.05 22:04:48.402,1.05981,1.06034,1.69,1.07
2016.06.05 22:04:48.916,1.05981,1.06034,1.19,1.26
2016.06.05 22:04:48.994,1.05977,1.06027,1.19,1.00
2016.06.05 22:04:49.146,1.05977,1.06025,1.25,1.00
2016.06.05 22:04:49.247,1.05977,1.06025,1.19,1.00
2016.06.05 22:04:49.507,1.05977,1.06027,1.19,1.10
2016.06.05 22:04:53.212,1.05979,1.06027,1.19,1.10
2016.06.05 22:04:54.440,1.05976,1.06027,1.19,1.10
2016.06.05 22:04:54.542,1.05974,1.06027,1.19,1.29
2016.06.05 22:04:55.061,1.05976,1.06026,1.19,1.00
2016.06.05 22:04:55.923,1.05976,1.06027,1.69,1.10
2016.06.05 22:04:56.525,1.05974,1.06027,1.19,1.76
2016.06.05 22:04:56.627,1.05976,1.06027,1.19,1.57
2016.06.05 22:04:59.373,1.05976,1.06027,1.19,1.57
2016.06.05 22:05:00.352,1.05978,1.06027,1.19,1.01
2016.06.05 22:05:03.098,1.05974,1.06029,1.19,3.26
2016.06.05 22:05:03.630,1.05975,1.06027,1.69,1.10
2016.06.05 22:05:10.975,1.05976,1.06028,1.19,1.26
2016.06.05 22:05:11.120,1.05978,1.06026,1.19,1.00
2016.06.05 22:05:12.162,1.05978,1.06027,1.19,1.01
2016.06.05 22:05:17.874,1.05977,1.06028,1.19,1.07
2016.06.05 22:05:22.170,1.0598,1.06027,1.19,1.10
2016.06.05 22:05:30.221,1.05982,1.06031,1.19,1.00
2016.06.05 22:05:30.620,1.05981,1.06031,1.19,1.50
2016.06.05 22:05:30.690,1.05979,1.06028,1.19,1.00
2016.06.05 22:05:30.995,1.0598,1.06028,1.69,1.00
2016.06.05 22:05:35.700,1.0598,1.06029,1.69,1.00
2016.06.05 22:05:38.182,1.0598,1.06029,1.19,1.19
2016.06.05 22:05:38.334,1.0598,1.06029,1.69,1.00
2016.06.05 22:05:40.841,1.05981,1.0603,1.19,1.00
2016.06.05 22:05:47.944,1.05981,1.06028,1.19,1.00
2016.06.05 22:05:50.061,1.05981,1.0603,1.69,1.07
2016.06.05 22:05:50.997,1.05981,1.0603,1.19,1.50
2016.06.05 22:05:51.366,1.0598,1.06027,1.19,1.00
2016.06.05 22:05:56.378,1.0598,1.06029,1.19,1.00
2016.06.05 22:06:01.388,1.0598,1.06027,1.19,1.00
2016.06.05 22:06:03.489,1.05984,1.06027,1.19,1.00
2016.06.05 22:06:04.103,1.05984,1.0603,1.19,1.25
2016.06.05 22:06:04.154,1.05986,1.0603,1.19,1.00
2016.06.05 22:06:04.831,1.05986,1.0603,1.19,1.00
2016.06.05 22:06:05.368,1.05983,1.0603,2.44,1.00
2016.06.05 22:06:06.035,1.05987,1.0603,1.19,1.00
2016.06.05 22:06:06.286,1.05987,1.06034,1.19,1.19
2016.06.05 22:06:06.337,1.05987,1.06029,1.19,1.00
2016.06.05 22:06:06.649,1.05984,1.06025,1.19,1.00
2016.06.05 22:06:06.801,1.05984,1.06029,1.19,1.00
2016.06.05 22:06:07.202,1.05984,1.06027,1.19,1.00
2016.06.05 22:06:07.404,1.05984,1.06029,1.19,1.00
2016.06.05 22:06:10.351,1.05976,1.06025,1.19,1.00
2016.06.05 22:06:10.402,1.05972,1.06021,1.69,1.00
2016.06.05 22:06:10.452,1.05972,1.06021,1.69,1.00
2016.06.05 22:06:10.554,1.05968,1.06018,1.19,1.00
2016.06.05 22:06:15.719,1.05969,1.06019,1.19,1.00
2016.06.05 22:06:20.736,1.05971,1.06018,1.19,1.00
2016.06.05 22:06:25.797,1.05969,1.06017,1.19,1.00
2016.06.05 22:06:27.848,1.05969,1.06017,1.00,1.00
2016.06.05 22:06:30.854,1.05966,1.06016,1.19,1.00
2016.06.05 22:06:34.167,1.05963,1.06011,1.19,1.00
2016.06.05 22:06:34.670,1.05963,1.06011,1.19,1.00
2016.06.05 22:06:38.375,1.05963,1.06011,1.69,1.00
2016.06.05 22:06:39.328,1.05963,1.0601,1.19,1.00
2016.06.05 22:06:40.301,1.05965,1.06013,1.00,1.00
2016.06.05 22:06:40.604,1.0596,1.06011,1.19,1.00
2016.06.05 22:06:40.706,1.0596,1.06011,1.19,1.00
2016.06.05 22:06:40.757,1.05959,1.06005,1.19,1.00
2016.06.05 22:06:40.808,1.05958,1.06005,1.25,1.00
2016.06.05 22:06:41.010,1.05958,1.06005,1.19,1.00
2016.06.05 22:06:44.410,1.05959,1.06005,1.19,1.00
2016.06.05 22:06:44.795,1.0596,1.0601,1.19,1.00
2016.06.05 22:06:45.199,1.05959,1.0601,1.19,1.00
2016.06.05 22:06:46.363,1.05961,1.0601,1.00,1.00
2016.06.05 22:06:46.913,1.0596,1.0601,1.25,1.00
2016.06.05 22:06:47.454,1.05962,1.0601,1.00,1.00
2016.06.05 22:06:47.963,1.05961,1.0601,1.00,1.00
2016.06.05 22:06:48.468,1.05959,1.0601,1.69,1.00
2016.06.05 22:06:48.998,1.05961,1.0601,1.00,1.00
2016.06.05 22:06:49.901,1.05961,1.06009,1.50,1.00
2016.06.05 22:06:55.225,1.05959,1.06008,1.19,1.00
2016.06.05 22:07:00.721,1.05958,1.06009,1.69,1.00
2016.06.05 22:07:10.857,1.05958,1.06006,1.69,1.00
2016.06.05 22:07:12.410,1.05961,1.0601,1.00,1.00
2016.06.05 22:07:12.461,1.05958,1.06008,1.19,1.00
2016.06.05 22:07:14.835,1.05961,1.06008,1.00,1.00
2016.06.05 22:07:15.150,1.05961,1.06008,1.19,1.00
2016.06.05 22:07:16.539,1.05957,1.06008,1.19,1.00
2016.06.05 22:07:17.569,1.05957,1.06005,1.19,1.00
2016.06.05 22:07:22.861,1.05959,1.06008,1.19,1.00
2016.06.05 22:07:27.345,1.05961,1.06003,1.19,1.00
2016.06.05 22:07:34.505,1.05964,1.06003,1.00,1.00
2016.06.05 22:07:38.571,1.05961,1.06006,1.19,1.00
2016.06.05 22:07:41.538,1.05961,1.06006,1.19,1.00
2016.06.05 22:07:45.047,1.05961,1.06009,1.19,1.00
2016.06.05 22:07:51.017,1.05959,1.06006,1.19,1.00
2016.06.05 22:07:51.568,1.05959,1.06006,1.19,1.00
2016.06.05 22:08:02.097,1.05961,1.06005,1.19,1.00
2016.06.05 22:08:17.826,1.05959,1.06003,1.19,1.00
2016.06.05 22:08:22.837,1.05958,1.06004,1.19,1.00
2016.06.05 22:08:36.601,1.05959,1.06004,1.19,1.00
2016.06.05 22:08:41.558,1.05955,1.06004,1.19,1.00
2016.06.05 22:08:51.568,1.05955,1.06004,1.69,1.00
2016.06.05 22:08:52.801,1.05955,1.06004,1.19,1.00
2016.06.05 22:08:53.564,1.05955,1.06004,1.19,1.00
2016.06.05 22:08:54.252,1.05955,1.06004,1.19,1.00
2016.06.05 22:09:02.979,1.05955,1.06003,1.19,1.00
2016.06.05 22:09:05.429,1.05955,1.06003,1.19,1.00
2016.06.05 22:09:05.653,1.05955,1.06003,1.19,1.00
2016.06.05 22:09:08.404,1.05956,1.06005,1.19,1.00
2016.06.05 22:09:13.888,1.05957,1.06006,1.19,1.00
2016.06.05 22:09:19.608,1.05959,1.06007,1.25,1.00
2016.06.05 22:09:20.170,1.05959,1.06007,1.19,1.00
2016.06.05 22:09:38.565,1.05958,1.06007,2.44,1.00
2016.06.05 22:09:42.616,1.0596,1.06009,1.19,1.00
2016.06.05 22:09:46.030,1.05963,1.06009,1.19,1.00
2016.06.05 22:09:46.143,1.05968,1.06018,1.19,1.00
2016.06.05 22:09:46.245,1.05968,1.06018,1.19,1.00
2016.06.05 22:09:47.124,1.05972,1.06021,1.19,1.00
2016.06.05 22:09:57.882,1.05969,1.0602,1.19,1.00
2016.06.05 22:09:58.540,1.05969,1.0602,1.19,1.00
2016.06.05 22:10:02.942,1.05969,1.06018,1.19,1.00
2016.06.05 22:10:07.916,1.05971,1.06019,1.19,1.00
2016.06.05 22:10:18.247,1.05971,1.06019,1.00,1.19
2016.06.05 22:10:36.524,1.05971,1.06022,1.00,1.19
2016.06.05 22:10:43.589,1.05971,1.06022,1.00,1.19
2016.06.05 22:10:45.304,1.05972,1.0602,1.00,1.19
2016.06.05 22:10:59.717,1.05972,1.06021,1.25,1.00
2016.06.05 22:11:17.556,1.05972,1.06021,1.19,1.00
2016.06.05 22:11:20.430,1.05972,1.06023,1.19,1.00
2016.06.05 22:11:26.245,1.05974,1.06023,1.00,1.00
2016.06.05 22:11:31.319,1.05971,1.06021,1.19,1.00
2016.06.05 22:12:00.033,1.0597,1.0602,1.19,1.00
2016.06.05 22:12:11.516,1.05971,1.0602,1.19,1.00
2016.06.05 22:12:21.527,1.05971,1.0602,1.19,1.00
2016.06.05 22:12:25.265,1.05971,1.0602,1.00,1.25
2016.06.05 22:12:29.934,1.0597,1.0602,1.00,1.25
2016.06.05 22:12:42.568,1.05971,1.06022,1.00,1.19
2016.06.05 22:12:43.572,1.05971,1.06022,1.00,1.19
2016.06.05 22:12:51.583,1.05971,1.06021,1.50,1.19
2016.06.05 22:12:54.347,1.05972,1.06021,1.00,1.19
2016.06.05 22:12:56.506,1.05972,1.06021,1.00,1.19
2016.06.05 22:13:04.020,1.05972,1.06021,1.00,1.19
2016.06.05 22:13:06.514,1.05973,1.06022,1.00,1.19
2016.06.05 22:13:11.105,1.05974,1.06022,1.00,1.19
2016.06.05 22:13:21.116,1.05975,1.06021,1.00,1.19
2016.06.05 22:13:28.019,1.05975,1.06021,1.00,1.00
2016.06.05 22:13:31.289,1.05998,1.06036,1.19,1.75
2016.06.05 22:13:31.391,1.06012,1.06043,1.00,1.00
2016.06.05 22:13:31.442,1.06006,1.06043,1.00,1.00
2016.06.05 22:13:31.493,1.06036,1.06067,1.00,1.26
2016.06.05 22:13:31.543,1.06041,1.06069,1.19,1.00
2016.06.05 22:13:31.645,1.06035,1.0608,1.00,1.26
2016.06.05 22:13:31.696,1.06035,1.06073,1.68,1.00
2016.06.05 22:13:31.848,1.06045,1.0608,1.00,1.00
2016.06.05 22:13:31.899,1.06045,1.06082,1.00,1.00
2016.06.05 22:13:32.001,1.06045,1.06085,1.00,1.76
2016.06.05 22:13:33.842,1.06045,1.06086,1.00,1.19
2016.06.05 22:13:36.832,1.06044,1.06086,1.00,1.19
2016.06.05 22:13:42.057,1.0604,1.06086,1.19,1.19
2016.06.05 22:13:50.084,1.06043,1.06085,1.19,1.19
2016.06.05 22:14:01.217,1.06045,1.06086,1.00,1.19
2016.06.05 22:14:02.219,1.06045,1.06079,1.00,1.19
2016.06.05 22:14:02.741,1.06044,1.06079,1.00,1.19
2016.06.05 22:14:10.563,1.06048,1.06087,1.00,1.19
2016.06.05 22:14:11.077,1.06044,1.06087,1.00,1.19
2016.06.05 22:14:16.347,1.06045,1.06087,1.00,1.19
2016.06.05 22:14:21.946,1.06043,1.06087,1.50,1.69
2016.06.05 22:14:28.601,1.06043,1.06086,1.00,1.19
2016.06.05 22:14:30.544,1.0605,1.06086,1.00,1.19
2016.06.05 22:14:34.998,1.0605,1.06085,1.00,1.19
2016.06.05 22:14:40.166,1.06047,1.0608,1.00,1.19
2016.06.05 22:14:45.210,1.06044,1.0608,1.00,1.19
2016.06.05 22:14:45.311,1.06044,1.06075,1.00,1.19
2016.06.05 22:14:49.150,1.06039,1.06075,1.00,1.19
2016.06.05 22:14:49.200,1.06039,1.0607,1.00,1.19
2016.06.05 22:14:49.416,1.0604,1.06081,1.00,1.19
2016.06.05 22:14:49.720,1.0604,1.06077,1.00,1.19
2016.06.05 22:14:50.964,1.06036,1.06077,1.00,1.19
2016.06.05 22:14:53.182,1.0603,1.06073,1.00,1.00
2016.06.05 22:14:53.233,1.0603,1.06067,1.00,1.19
2016.06.05 22:14:54.038,1.06026,1.06067,1.00,1.19
2016.06.05 22:14:54.462,1.06026,1.06061,1.00,1.19
2016.06.05 22:15:00.092,1.06026,1.06062,1.00,1.19
2016.06.05 22:15:00.651,1.06022,1.06062,1.00,1.19
2016.06.05 22:15:01.475,1.06022,1.06057,1.00,1.19
2016.06.05 22:15:01.526,1.06019,1.06057,1.00,1.19
2016.06.05 22:15:07.225,1.06016,1.06057,1.00,1.19
2016.06.05 22:15:11.849,1.06011,1.06057,1.00,1.69
2016.06.05 22:15:11.900,1.06007,1.06057,1.50,1.19
2016.06.05 22:15:11.951,1.06007,1.06052,1.00,1.19
2016.06.05 22:15:13.253,1.06007,1.0606,1.19,1.19
2016.06.05 22:15:17.001,1.06011,1.06061,1.00,1.19
2016.06.05 22:15:17.685,1.06011,1.06061,1.25,1.19
2016.06.05 22:15:32.139,1.06013,1.0606,1.00,1.19
2016.06.05 22:15:35.567,1.06013,1.0606,1.00,1.19
2016.06.05 22:15:39.010,1.06016,1.06061,1.00,1.19
2016.06.05 22:15:39.564,1.06016,1.06061,1.00,1.00
2016.06.05 22:15:44.758,1.06012,1.06058,1.19,1.00
2016.06.05 22:15:44.808,1.06012,1.06058,1.00,1.19
2016.06.05 22:15:48.730,1.06009,1.06054,1.19,1.00
2016.06.05 22:15:56.182,1.06009,1.06054,1.00,1.19
2016.06.05 22:15:57.498,1.06004,1.0605,1.25,1.00
2016.06.05 22:15:57.549,1.06004,1.06048,1.25,1.00
2016.06.05 22:15:57.868,1.06004,1.06048,1.00,1.19
2016.06.05 22:16:01.656,1.06004,1.0605,1.00,1.25
2016.06.05 22:16:02.640,1.06002,1.06047,1.19,1.00
2016.06.05 22:16:08.152,1.06,1.06048,1.19,1.00
2016.06.05 22:16:11.127,1.06,1.06048,1.19,1.69
2016.06.05 22:16:11.695,1.06001,1.06047,1.19,1.00
2016.06.05 22:16:21.582,1.06001,1.06047,1.00,1.00
2016.06.05 22:16:22.087,1.06002,1.06048,1.00,1.00
2016.06.05 22:16:27.049,1.06001,1.06047,1.00,1.00
2016.06.05 22:16:32.343,1.05999,1.06047,1.25,1.00
2016.06.05 22:16:32.851,1.05999,1.06046,1.25,1.00
2016.06.05 22:16:37.978,1.05999,1.06046,1.00,1.69
2016.06.05 22:16:42.761,1.05999,1.06041,1.00,1.19
2016.06.05 22:16:43.267,1.06,1.06041,1.00,1.19
2016.06.05 22:16:53.376,1.05999,1.06041,1.00,1.19
2016.06.05 22:17:03.361,1.05994,1.06033,1.50,1.19
2016.06.05 22:17:03.907,1.05995,1.06033,1.00,1.19
2016.06.05 22:17:04.534,1.05994,1.06033,1.00,1.19
2016.06.05 22:17:06.840,1.0599,1.06033,1.50,1.19
2016.06.05 22:17:06.942,1.05994,1.06033,1.00,1.19
2016.06.05 22:17:17.035,1.05993,1.06033,1.00,1.19
2016.06.05 22:17:18.566,1.05993,1.06039,1.00,1.00
2016.06.05 22:17:18.618,1.06002,1.06046,1.00,1.19
2016.06.05 22:17:19.154,1.06002,1.06042,1.00,1.19
2016.06.05 22:17:22.363,1.06006,1.06042,1.00,1.19
2016.06.05 22:17:22.414,1.06006,1.06044,1.00,1.19
2016.06.05 22:17:27.458,1.06008,1.06044,1.00,1.19
2016.06.05 22:17:33.298,1.06005,1.06044,1.00,1.19
2016.06.05 22:17:35.302,1.06005,1.06042,1.00,1.19
2016.06.05 22:17:38.447,1.06003,1.06042,1.00,1.19
2016.06.05 22:17:38.576,1.06003,1.06049,1.00,1.00
2016.06.05 22:17:44.422,1.06004,1.06051,1.00,1.00
2016.06.05 22:17:49.163,1.06,1.06048,1.00,1.00
2016.06.05 22:17:49.416,1.06004,1.06051,1.00,1.00
2016.06.05 22:17:49.769,1.06008,1.06053,1.00,1.00
2016.06.05 22:17:49.921,1.06003,1.06052,1.00,1.00
2016.06.05 22:17:49.972,1.06004,1.0605,1.00,1.00
2016.06.05 22:17:52.013,1.06004,1.06049,1.00,1.00
2016.06.05 22:17:54.920,1.06002,1.06049,1.00,1.00
2016.06.05 22:17:57.437,1.06002,1.0605,1.00,1.50
2016.06.05 22:18:00.243,1.06002,1.06048,1.00,1.00
2016.06.05 22:18:13.707,1.06005,1.06051,1.00,1.00
2016.06.05 22:18:13.859,1.06005,1.06053,1.00,1.50
2016.06.05 22:18:18.802,1.06007,1.06053,1.00,1.00
2016.06.05 22:18:33.795,1.06004,1.06049,1.50,1.00
2016.06.05 22:18:40.526,1.06002,1.06049,1.00,1.50
2016.06.05 22:18:45.747,1.06001,1.06049,1.00,1.50
2016.06.05 22:18:46.031,1.05997,1.06045,1.19,1.00
2016.06.05 22:18:51.259,1.06005,1.06046,1.19,1.50
2016.06.05 22:18:52.262,1.06005,1.06045,1.19,1.00
2016.06.05 22:18:56.423,1.06005,1.06044,1.19,1.00
2016.06.05 22:18:58.832,1.06005,1.06043,1.19,1.00
2016.06.05 22:18:59.382,1.06005,1.06044,1.19,1.50
2016.06.05 22:19:00.929,1.06005,1.06043,1.19,1.00
2016.06.05 22:19:05.946,1.06001,1.06041,1.19,1.00
2016.06.05 22:19:07.238,1.06001,1.06042,1.19,1.00
2016.06.05 22:19:07.787,1.06001,1.06041,1.19,1.00
2016.06.05 22:19:07.888,1.06001,1.06043,1.19,1.50
2016.06.05 22:19:07.939,1.06005,1.06043,1.19,1.50
2016.06.05 22:19:20.063,1.06005,1.06045,1.19,1.00
2016.06.05 22:19:22.268,1.06005,1.06044,1.19,1.00
2016.06.05 22:19:35.197,1.06005,1.06045,1.19,1.00
2016.06.05 22:19:37.301,1.06005,1.06043,1.19,1.00
2016.06.05 22:19:41.575,1.06006,1.06043,1.19,1.00
2016.06.05 22:19:43.512,1.06006,1.06041,1.19,1.00
2016.06.05 22:19:44.082,1.06006,1.0604,1.19,1.00
2016.06.05 22:19:52.335,1.06006,1.06042,1.19,1.00
2016.06.05 22:19:56.534,1.06005,1.06042,1.19,1.00
2016.06.05 22:20:00.315,1.06005,1.06036,1.19,1.00
2016.06.05 22:20:00.417,1.05994,1.06033,1.19,1.00
2016.06.05 22:20:00.569,1.05994,1.06036,1.19,1.50
2016.06.05 22:20:02.279,1.05992,1.06036,1.25,2.44
2016.06.05 22:20:02.794,1.05998,1.06036,1.19,1.50
2016.06.05 22:20:05.434,1.05998,1.06037,1.19,1.00
2016.06.05 22:20:06.686,1.05998,1.06035,1.19,1.50
2016.06.05 22:20:06.888,1.05989,1.06029,1.19,1.00
2016.06.05 22:20:06.989,1.05989,1.06026,1.19,1.00
2016.06.05 22:20:07.091,1.05989,1.06028,1.19,1.00
2016.06.05 22:20:07.286,1.05995,1.06028,1.19,1.00
2016.06.05 22:20:07.359,1.05987,1.06028,1.19,1.19
2016.06.05 22:20:21.947,1.05988,1.06031,1.00,1.69
2016.06.05 22:20:22.056,1.05988,1.06031,1.19,2.44
2016.06.05 22:20:32.176,1.05993,1.06031,1.19,1.50
2016.06.05 22:20:37.398,1.05993,1.06029,1.19,1.00
2016.06.05 22:20:42.704,1.05993,1.0603,1.19,1.00
2016.06.05 22:20:50.326,1.05988,1.0603,1.19,1.19
2016.06.05 22:20:51.939,1.05985,1.06017,1.19,1.00
2016.06.05 22:20:51.990,1.05975,1.06017,1.69,1.25
2016.06.05 22:20:52.041,1.05975,1.06013,1.69,1.00
2016.06.05 22:20:52.093,1.05975,1.06013,1.00,1.19
2016.06.05 22:21:01.156,1.05978,1.06017,1.19,1.00
2016.06.05 22:21:01.549,1.05979,1.06019,1.25,1.00
2016.06.05 22:21:07.507,1.0598,1.06019,1.00,1.00
2016.06.05 22:21:12.899,1.05979,1.06019,1.25,1.00
2016.06.05 22:21:23.705,1.05977,1.06019,1.19,1.00
2016.06.05 22:21:37.647,1.05983,1.06019,1.19,1.00
2016.06.05 22:21:40.332,1.05983,1.0602,1.19,1.50
2016.06.05 22:21:41.966,1.05979,1.0602,1.00,1.50
2016.06.05 22:21:42.590,1.05977,1.06016,1.19,1.00
2016.06.05 22:21:47.981,1.05977,1.06017,1.19,1.50
2016.06.05 22:21:48.284,1.05966,1.06003,1.00,1.19
2016.06.05 22:21:48.386,1.05961,1.06003,1.00,1.19
2016.06.05 22:21:48.744,1.05965,1.06003,1.19,1.00
2016.06.05 22:21:50.459,1.05975,1.06004,1.19,1.00
2016.06.05 22:21:50.510,1.05977,1.06013,1.19,1.07
2016.06.05 22:21:50.561,1.05977,1.06019,1.19,1.00
2016.06.05 22:21:50.612,1.0598,1.06019,1.19,1.00
2016.06.05 22:21:50.714,1.0598,1.06023,1.19,1.00
2016.06.05 22:21:51.067,1.05985,1.06023,1.19,1.00
2016.06.05 22:21:51.573,1.05985,1.06022,1.19,1.00
2016.06.05 22:21:52.175,1.05983,1.06022,1.19,1.00
2016.06.05 22:21:56.710,1.05983,1.06024,1.19,1.00
2016.06.05 22:22:02.136,1.05984,1.06027,1.19,1.50
2016.06.05 22:22:07.616,1.05984,1.06026,1.19,1.00
2016.06.05 22:22:10.515,1.05984,1.06026,1.19,1.00
2016.06.05 22:22:12.920,1.05982,1.06024,1.69,1.00
2016.06.05 22:22:20.488,1.05982,1.06019,1.19,1.00
2016.06.05 22:22:21.530,1.05983,1.06019,1.19,1.00
2016.06.05 22:22:25.369,1.0598,1.06019,1.19,1.00
2016.06.05 22:22:31.813,1.0598,1.06021,1.19,1.00
2016.06.05 22:22:32.375,1.0598,1.0602,1.19,1.00
2016.06.05 22:22:43.515,1.05979,1.0602,1.19,1.00
2016.06.05 22:22:51.545,1.0598,1.0602,1.19,1.00
2016.06.05 22:22:57.622,1.05983,1.0602,1.19,1.00
2016.06.05 22:22:58.377,1.05983,1.06022,1.19,1.00
2016.06.05 22:23:03.624,1.05983,1.06021,1.19,1.00
2016.06.05 22:23:05.576,1.05982,1.06026,1.19,1.00
2016.06.05 22:23:15.655,1.05983,1.06023,1.19,1.00
2016.06.05 22:23:17.310,1.05983,1.0602,1.19,1.00
2016.06.05 22:23:22.509,1.05983,1.06018,1.19,1.00
2016.06.05 22:23:41.515,1.05982,1.06018,1.19,1.00
2016.06.05 22:23:49.773,1.05977,1.06018,1.19,1.00
2016.06.05 22:23:50.756,1.05984,1.06018,1.19,1.00
2016.06.05 22:23:53.840,1.05984,1.06019,1.19,1.00
2016.06.05 22:23:59.326,1.05984,1.06017,1.19,1.00
2016.06.05 22:24:08.544,1.05985,1.06017,1.19,1.00
2016.06.05 22:24:09.776,1.05985,1.06018,1.19,1.00
2016.06.05 22:24:11.632,1.05984,1.06018,1.19,1.00
2016.06.05 22:24:11.968,1.05988,1.06018,1.19,1.00
2016.06.05 22:24:13.090,1.05977,1.06018,1.19,1.00
2016.06.05 22:24:15.192,1.05977,1.0602,1.19,1.00
2016.06.05 22:24:15.737,1.05977,1.06019,1.19,1.00
2016.06.05 22:24:20.428,1.05977,1.0602,1.19,1.00
2016.06.05 22:24:25.844,1.05977,1.06021,1.69,1.00
2016.06.05 22:24:31.534,1.05978,1.06021,1.19,1.00
2016.06.05 22:25:03.461,1.05982,1.06021,1.19,1.00
2016.06.05 22:25:05.101,1.05982,1.06022,1.19,1.00
2016.06.05 22:25:12.605,1.05982,1.06023,1.19,1.00
2016.06.05 22:25:21.510,1.05983,1.06023,1.19,1.00
2016.06.05 22:25:26.270,1.05983,1.06022,1.19,1.00
2016.06.05 22:25:50.882,1.05983,1.06023,1.19,1.00
2016.06.05 22:25:51.531,1.05982,1.06023,1.19,1.00
2016.06.05 22:25:56.472,1.05983,1.06023,1.19,1.00
2016.06.05 22:26:11.543,1.05982,1.06023,1.19,1.00
2016.06.05 22:26:21.593,1.05983,1.06023,1.19,1.00
2016.06.05 22:26:25.410,1.05983,1.06022,1.19,1.00
2016.06.05 22:26:28.493,1.05977,1.06022,1.69,1.00
2016.06.05 22:26:30.687,1.05977,1.0602,1.69,1.00
2016.06.05 22:26:31.221,1.05977,1.0602,1.69,1.07
2016.06.05 22:26:32.428,1.05977,1.06012,1.19,1.00
2016.06.05 22:26:32.479,1.0597,1.06012,1.26,1.00
2016.06.05 22:26:32.580,1.05968,1.06012,1.19,1.00
2016.06.05 22:26:32.631,1.05965,1.06009,1.94,1.00
2016.06.05 22:26:38.134,1.05965,1.06007,1.31,1.00
2016.06.05 22:26:50.300,1.05969,1.06007,1.19,1.00
2016.06.05 22:26:59.634,1.05969,1.06008,1.19,1.00
2016.06.05 22:27:06.314,1.05969,1.06007,1.19,1.00
2016.06.05 22:27:08.569,1.0597,1.06007,1.19,1.00
2016.06.05 22:27:11.581,1.0597,1.06008,1.19,1.00
2016.06.05 22:27:32.418,1.0597,1.06004,1.19,1.00
2016.06.05 22:27:32.469,1.05965,1.06004,1.19,1.00
2016.06.05 22:27:34.087,1.05961,1.06004,1.19,1.00
2016.06.05 22:27:34.138,1.05959,1.06001,1.76,1.00
2016.06.05 22:27:39.968,1.05959,1.06,1.19,1.00
2016.06.05 22:27:40.019,1.05957,1.06,1.76,1.00
2016.06.05 22:27:53.442,1.05955,1.05994,1.69,1.00
2016.06.05 22:27:53.544,1.05954,1.05997,1.94,1.00
2016.06.05 22:27:53.595,1.05953,1.05997,2.81,1.00
2016.06.05 22:27:53.826,1.05953,1.05997,3.56,1.00
2016.06.05 22:27:54.500,1.05959,1.05997,1.19,1.00
2016.06.05 22:27:58.552,1.05959,1.05998,1.19,1.00
2016.06.05 22:28:01.126,1.05957,1.05998,1.19,1.00
2016.06.05 22:28:09.158,1.05954,1.05998,1.26,1.00
2016.06.05 22:28:19.548,1.05955,1.05997,1.00,1.00
2016.06.05 22:28:24.609,1.05955,1.05998,1.25,1.00
2016.06.05 22:28:31.951,1.05956,1.05998,1.19,1.10
2016.06.05 22:28:32.352,1.05955,1.05998,1.25,1.10
2016.06.05 22:28:35.100,1.05954,1.05998,1.69,1.10
2016.06.05 22:28:40.148,1.05953,1.05997,1.69,1.00
2016.06.05 22:28:47.496,1.05953,1.05996,1.19,1.00
2016.06.05 22:28:48.295,1.05953,1.05997,1.19,1.00
2016.06.05 22:28:51.250,1.05953,1.05995,1.19,1.00
2016.06.05 22:28:51.819,1.05956,1.05995,1.19,1.00
2016.06.05 22:29:08.276,1.05956,1.05996,1.19,1.00
2016.06.05 22:29:13.567,1.05956,1.05994,1.19,1.00
2016.06.05 22:29:18.915,1.05956,1.05995,1.19,1.00
2016.06.05 22:29:20.159,1.05956,1.05997,1.19,1.00
2016.06.05 22:29:26.488,1.05957,1.05997,1.19,1.00
2016.06.05 22:29:30.918,1.05957,1.05996,1.19,1.00
2016.06.05 22:29:32.534,1.05957,1.05992,1.19,1.00
2016.06.05 22:29:37.769,1.05957,1.05994,1.19,1.00
2016.06.05 22:29:39.580,1.0596,1.05998,1.19,1.50
2016.06.05 22:29:39.631,1.0596,1.05998,1.19,1.10
2016.06.05 22:29:39.943,1.05965,1.05998,1.19,1.10
2016.06.05 22:29:40.146,1.05961,1.05998,1.19,1.10
2016.06.05 22:29:40.375,1.05955,1.05998,1.19,1.00
2016.06.05 22:29:40.622,1.05955,1.05998,1.19,1.12
2016.06.05 22:29:40.926,1.05955,1.05996,1.00,1.29
2016.06.05 22:29:42.237,1.05955,1.05991,1.00,1.19
2016.06.05 22:29:44.433,1.05955,1.05995,1.00,1.19
2016.06.05 22:29:44.787,1.05955,1.05991,1.00,1.19
2016.06.05 22:29:45.048,1.05951,1.05991,1.00,1.19
2016.06.05 22:29:45.536,1.05951,1.05988,1.00,1.19
2016.06.05 22:29:46.655,1.05951,1.05986,1.00,1.19
2016.06.05 22:29:58.971,1.05951,1.05987,1.00,1.19
2016.06.05 22:30:00.039,1.05951,1.05987,1.00,1.19
2016.06.05 22:30:00.144,1.05947,1.05987,1.00,1.19
2016.06.05 22:30:00.356,1.05947,1.05983,1.00,1.19
2016.06.05 22:30:00.721,1.05947,1.05985,1.00,1.19
2016.06.05 22:30:00.823,1.05947,1.05983,1.00,1.19
2016.06.05 22:30:01.279,1.05947,1.05986,1.00,1.26
2016.06.05 22:30:01.581,1.05947,1.05983,1.00,1.19
2016.06.05 22:30:01.931,1.05948,1.05987,1.00,1.19
2016.06.05 22:30:02.135,1.05948,1.05983,1.00,1.19
2016.06.05 22:30:04.805,1.05948,1.05982,1.00,1.19
2016.06.05 22:30:06.939,1.05946,1.05982,1.00,1.19
2016.06.05 22:30:06.990,1.05946,1.05986,1.00,1.19
2016.06.05 22:30:07.861,1.05946,1.05982,1.00,1.19
2016.06.05 22:30:11.218,1.05943,1.05982,1.00,1.19
2016.06.05 22:30:11.522,1.05951,1.05979,1.00,1.19
2016.06.05 22:30:14.378,1.05951,1.05982,1.00,1.19
2016.06.05 22:30:14.429,1.05956,1.05982,1.00,1.19
2016.06.05 22:30:14.480,1.05956,1.05988,1.00,1.29
2016.06.05 22:30:14.532,1.05959,1.05988,1.00,1.29
2016.06.05 22:30:14.900,1.05961,1.0599,1.00,1.19
2016.06.05 22:30:14.951,1.05967,1.06003,1.00,1.19
2016.06.05 22:30:15.153,1.05967,1.06008,1.00,1.26
2016.06.05 22:30:19.819,1.05968,1.06008,1.00,1.26
2016.06.05 22:30:30.675,1.05968,1.06008,1.00,1.00
2016.06.05 22:30:37.378,1.05968,1.06007,1.00,1.00
2016.06.05 22:30:37.881,1.05968,1.06006,1.00,1.00
2016.06.05 22:30:38.427,1.05972,1.06006,1.00,1.00
2016.06.05 22:30:43.543,1.05973,1.06006,1.00,1.00
2016.06.05 22:30:47.385,1.05973,1.06008,1.00,1.00
2016.06.05 22:30:51.427,1.05974,1.06008,1.19,1.00
2016.06.05 22:31:04.858,1.05974,1.06009,1.19,1.00
2016.06.05 22:31:05.534,1.05974,1.06008,1.19,1.00
2016.06.05 22:31:06.845,1.05977,1.06008,1.19,1.00
2016.06.05 22:31:17.324,1.05977,1.06005,1.19,1.00
2016.06.05 22:31:18.726,1.05974,1.06005,1.25,1.00
2016.06.05 22:31:24.661,1.05974,1.06012,1.25,1.10
2016.06.05 22:31:33.620,1.05977,1.06012,1.19,1.10
2016.06.05 22:31:42.292,1.05974,1.06012,1.25,1.10
2016.06.05 22:31:42.376,1.05977,1.06012,1.19,1.10
2016.06.05 22:31:42.980,1.05977,1.06011,1.19,1.00
2016.06.05 22:31:49.330,1.05977,1.06012,1.19,1.00
2016.06.05 22:31:49.861,1.05977,1.06011,1.19,1.00
2016.06.05 22:31:50.420,1.05977,1.06012,1.19,1.00
2016.06.05 22:31:50.953,1.05977,1.06011,1.19,1.00
2016.06.05 22:31:52.312,1.05977,1.06012,1.19,1.00
2016.06.05 22:31:53.112,1.05977,1.06011,1.19,1.00
2016.06.05 22:31:54.605,1.05977,1.06014,1.19,1.57
2016.06.05 22:31:55.217,1.05977,1.06011,1.19,1.00
2016.06.05 22:32:06.576,1.05976,1.06011,1.19,1.50
2016.06.05 22:32:14.068,1.05968,1.05999,1.69,1.00
2016.06.05 22:32:14.170,1.05963,1.05999,1.19,1.00
2016.06.05 22:32:14.322,1.05956,1.05991,1.19,1.00
2016.06.05 22:32:14.423,1.05954,1.05991,1.25,1.00
2016.06.05 22:32:14.525,1.05953,1.05991,1.69,1.00
2016.06.05 22:32:19.472,1.05953,1.05994,1.19,1.00
2016.06.05 22:32:19.574,1.05951,1.05994,1.25,1.00
2016.06.05 22:32:24.414,1.05949,1.05991,1.69,1.00
2016.06.05 22:32:24.719,1.0596,1.05995,1.19,1.00
2016.06.05 22:32:25.357,1.0596,1.05998,1.19,1.00
2016.06.05 22:32:26.222,1.0596,1.06001,1.19,1.00
2016.06.05 22:32:31.944,1.0596,1.05999,1.19,1.00
2016.06.05 22:32:35.176,1.05955,1.05999,1.19,1.00
2016.06.05 22:32:35.452,1.05955,1.05999,1.19,1.12
2016.06.05 22:32:41.734,1.05954,1.05996,1.69,1.00
2016.06.05 22:32:47.127,1.05954,1.05994,1.19,1.00
2016.06.05 22:32:53.883,1.05954,1.05996,1.19,1.00
2016.06.05 22:32:59.045,1.05954,1.05995,1.19,1.00
2016.06.05 22:33:06.228,1.05954,1.05994,1.19,1.00
2016.06.05 22:33:06.778,1.05955,1.05994,1.19,1.10
2016.06.05 22:33:09.706,1.05955,1.05994,1.19,1.75
2016.06.05 22:33:10.376,1.05954,1.05994,1.19,1.75
2016.06.05 22:33:12.833,1.05955,1.05993,1.19,1.50
2016.06.05 22:33:17.198,1.05948,1.05989,1.19,1.00
2016.06.05 22:33:17.350,1.05948,1.05989,1.19,1.12
2016.06.05 22:33:18.377,1.05949,1.05989,1.19,1.12
2016.06.05 22:33:19.183,1.05952,1.05989,1.19,1.12
2016.06.05 22:33:51.311,1.05944,1.05987,1.00,1.10
2016.06.05 22:33:51.362,1.05944,1.05987,1.00,1.50
2016.06.05 22:33:51.463,1.05941,1.05983,1.00,1.00
2016.06.05 22:33:51.565,1.05941,1.05983,1.69,1.00
2016.06.05 22:33:52.095,1.05944,1.05983,1.00,1.00
2016.06.05 22:33:52.617,1.05943,1.05983,1.25,1.00
2016.06.05 22:33:53.151,1.05944,1.05983,1.00,1.00
2016.06.05 22:33:53.454,1.05946,1.05983,1.19,1.00
2016.06.05 22:33:58.498,1.05946,1.05988,1.19,1.75
2016.06.05 22:34:03.407,1.05944,1.05984,1.25,1.10
2016.06.05 22:34:04.984,1.05943,1.05984,1.00,1.10
2016.06.05 22:34:05.354,1.05941,1.05983,1.00,1.00
2016.06.05 22:34:05.456,1.05944,1.05983,1.00,1.00
2016.06.05 22:34:06.033,1.05945,1.05983,1.00,1.00
2016.06.05 22:34:06.958,1.05944,1.05983,1.00,1.00
2016.06.05 22:34:07.526,1.05954,1.05985,1.00,1.07
2016.06.05 22:34:08.038,1.05955,1.05987,1.00,1.69
2016.06.05 22:34:08.140,1.05946,1.05984,1.00,1.10
2016.06.05 22:34:08.825,1.05945,1.05984,1.00,1.10
2016.06.05 22:34:09.157,1.05948,1.05984,1.00,1.10
2016.06.05 22:34:09.741,1.05949,1.05984,1.00,1.10
2016.06.05 22:34:11.194,1.05948,1.05984,1.00,1.10
2016.06.05 22:34:11.697,1.05949,1.05984,1.00,1.10
2016.06.05 22:34:12.346,1.05948,1.05984,1.00,1.10
2016.06.05 22:34:12.949,1.05949,1.05984,1.00,1.10
2016.06.05 22:34:13.600,1.05948,1.05984,1.00,1.10
2016.06.05 22:34:14.389,1.05949,1.05984,1.00,1.10
2016.06.05 22:34:14.952,1.05949,1.05983,1.00,1.00
2016.06.05 22:34:16.405,1.05948,1.05983,1.00,1.00
2016.06.05 22:34:17.271,1.05949,1.05983,1.00,1.00
2016.06.05 22:34:18.273,1.05949,1.05983,1.19,1.00
2016.06.05 22:34:20.413,1.05948,1.05984,1.19,1.00
2016.06.05 22:34:29.090,1.05944,1.05979,1.19,1.00
2016.06.05 22:34:29.192,1.05943,1.05984,1.69,1.00
2016.06.05 22:34:32.255,1.05947,1.05984,1.00,1.00
2016.06.05 22:34:32.307,1.05943,1.05984,1.69,1.00
2016.06.05 22:34:40.514,1.05944,1.05982,1.19,1.00
2016.06.05 22:34:43.227,1.05943,1.05974,1.69,1.00
2016.06.05 22:34:43.278,1.05943,1.05974,1.50,1.00
2016.06.05 22:34:43.380,1.05942,1.0598,1.00,1.00
2016.06.05 22:34:43.431,1.0594,1.05982,1.69,1.00
2016.06.05 22:34:43.482,1.05944,1.05982,1.19,1.69
2016.06.05 22:34:43.708,1.05951,1.05984,1.00,1.25
2016.06.05 22:34:43.866,1.05951,1.0598,1.00,1.00
2016.06.05 22:34:44.318,1.05953,1.0598,1.00,1.00
2016.06.05 22:34:44.521,1.0595,1.0598,1.00,1.00
2016.06.05 22:34:44.957,1.05953,1.0598,1.00,1.00
2016.06.05 22:34:45.486,1.05955,1.05983,1.00,1.25
2016.06.05 22:34:49.002,1.05955,1.05982,1.00,1.00
2016.06.05 22:34:49.533,1.05955,1.05986,1.00,1.19
2016.06.05 22:34:50.190,1.05955,1.05982,1.00,1.00
2016.06.05 22:34:50.895,1.05954,1.05982,1.00,1.00
2016.06.05 22:34:51.641,1.05954,1.05987,1.00,1.19
2016.06.05 22:34:53.426,1.05954,1.05987,1.00,1.00
2016.06.05 22:35:03.072,1.05956,1.05987,1.00,1.00
2016.06.05 22:35:03.591,1.05955,1.05987,1.00,1.07
2016.06.05 22:35:03.895,1.05951,1.05979,1.00,1.00
2016.06.05 22:35:04.426,1.05952,1.05979,1.00,1.00
2016.06.05 22:35:04.729,1.05954,1.05979,1.00,1.00
2016.06.05 22:35:05.069,1.05951,1.05979,1.00,1.00
2016.06.05 22:35:13.926,1.05951,1.05978,1.00,1.00
2016.06.05 22:35:19.632,1.05951,1.0598,1.00,1.00
2016.06.05 22:35:22.481,1.05952,1.0598,1.00,1.00
2016.06.05 22:35:25.202,1.05952,1.05979,1.00,1.00
2016.06.05 22:35:25.253,1.05952,1.05977,1.00,1.00
2016.06.05 22:35:26.995,1.05951,1.05977,1.00,1.00
2016.06.05 22:35:27.197,1.05942,1.05978,1.19,1.00
2016.06.05 22:35:27.248,1.05939,1.05976,1.00,1.00
2016.06.05 22:35:27.350,1.05936,1.05967,1.19,1.00
2016.06.05 22:35:27.451,1.0594,1.05976,1.00,1.19
2016.06.05 22:35:27.646,1.05946,1.05985,1.00,1.25
2016.06.05 22:35:27.697,1.05953,1.05985,1.00,1.00
2016.06.05 22:35:28.607,1.05953,1.05986,1.00,1.00
2016.06.05 22:35:34.050,1.05953,1.05987,1.25,1.00
2016.06.05 22:35:34.568,1.05953,1.05986,1.25,1.00
2016.06.05 22:35:36.257,1.05955,1.05985,1.25,1.00
2016.06.05 22:35:36.409,1.05945,1.05982,1.19,1.00
2016.06.05 22:35:36.460,1.05942,1.05979,1.19,1.00
2016.06.05 22:35:36.562,1.05945,1.05982,1.69,1.00
2016.06.05 22:35:36.782,1.05953,1.05982,1.00,1.00
2016.06.05 22:35:36.934,1.05955,1.05986,1.00,1.00
2016.06.05 22:35:38.225,1.05957,1.05984,1.00,1.00
2016.06.05 22:35:38.529,1.05955,1.0598,1.00,1.00
2016.06.05 22:35:39.034,1.05956,1.0598,1.00,1.00
2016.06.05 22:35:39.401,1.05954,1.05983,1.25,1.00
2016.06.05 22:35:39.553,1.05958,1.05983,1.00,1.00
2016.06.05 22:35:39.931,1.05957,1.05988,1.00,1.00
2016.06.05 22:35:41.233,1.05957,1.05984,1.00,1.00
2016.06.05 22:35:41.436,1.05945,1.0598,1.19,1.00
2016.06.05 22:35:41.537,1.0594,1.05978,1.19,1.00
2016.06.05 22:35:41.740,1.05938,1.05975,1.19,1.00
2016.06.05 22:35:46.757,1.05943,1.0598,1.00,1.00
2016.06.05 22:35:46.932,1.05948,1.0598,1.00,1.00
2016.06.05 22:35:46.984,1.05948,1.05982,1.00,1.00
2016.06.05 22:35:47.523,1.05948,1.05982,1.00,1.69
2016.06.05 22:35:49.590,1.05948,1.05982,1.00,1.25
2016.06.05 22:35:49.792,1.05946,1.05981,1.00,1.00
2016.06.05 22:35:49.994,1.05952,1.05981,1.00,1.00
2016.06.05 22:35:50.096,1.0595,1.05981,1.00,1.00
2016.06.05 22:35:54.225,1.0595,1.05981,1.00,1.07
2016.06.05 22:35:54.427,1.0595,1.05982,1.00,1.00
2016.06.05 22:35:56.733,1.0595,1.05982,1.00,1.19
2016.06.05 22:35:56.784,1.05947,1.05982,1.00,1.19
2016.06.05 22:36:00.255,1.05947,1.05979,1.00,1.19
2016.06.05 22:36:00.458,1.05947,1.05984,1.00,1.26
2016.06.05 22:36:00.610,1.05949,1.05983,1.00,1.29
2016.06.05 22:36:01.026,1.05949,1.05987,1.00,1.50
2016.06.05 22:36:06.691,1.05949,1.05984,1.00,1.00
2016.06.05 22:36:08.743,1.05953,1.0599,1.07,1.00
2016.06.05 22:36:08.794,1.05953,1.05992,1.07,1.00
2016.06.05 22:36:08.848,1.05953,1.05996,1.10,1.00
2016.06.05 22:36:09.069,1.05956,1.06,1.00,1.25
2016.06.05 22:36:09.128,1.05959,1.06,1.00,1.00
2016.06.05 22:36:14.716,1.05958,1.06002,2.44,1.00
2016.06.05 22:36:20.161,1.0596,1.05999,1.00,1.00
2016.06.05 22:36:25.216,1.0596,1.05998,1.00,1.00
2016.06.05 22:36:35.368,1.0596,1.05997,1.25,1.00
2016.06.05 22:36:51.493,1.05959,1.05997,1.69,1.00
2016.06.05 22:36:53.445,1.05959,1.05996,1.69,1.00
2016.06.05 22:36:58.653,1.05964,1.06,1.00,1.10
2016.06.05 22:37:09.408,1.05963,1.06001,1.00,1.07
2016.06.05 22:37:18.610,1.05963,1.06001,1.00,1.75
2016.06.05 22:37:20.133,1.05958,1.05996,1.00,1.00
2016.06.05 22:37:20.184,1.05961,1.06,1.00,1.50
2016.06.05 22:37:21.142,1.05963,1.06,1.19,1.50
2016.06.05 22:37:49.005,1.05963,1.06,1.00,1.50
2016.06.05 22:37:49.525,1.05962,1.06,1.25,1.50
2016.06.05 22:38:06.583,1.05961,1.05998,1.25,1.07
2016.06.05 22:38:10.751,1.05961,1.05998,1.25,1.75
2016.06.05 22:38:11.522,1.05958,1.05995,1.19,1.07
2016.06.05 22:38:16.232,1.0596,1.05997,1.19,1.07
2016.06.05 22:38:24.828,1.0596,1.05997,1.19,1.00
2016.06.05 22:38:26.501,1.0596,1.05997,1.19,1.00
2016.06.05 22:38:29.007,1.05966,1.06002,1.00,1.12
2016.06.05 22:38:34.024,1.05965,1.06002,1.00,1.12
2016.06.05 22:38:34.449,1.05956,1.05986,1.69,1.00
2016.06.05 22:38:34.567,1.05939,1.05976,1.94,1.00
2016.06.05 22:38:34.619,1.05939,1.05976,1.19,1.00
2016.06.05 22:38:34.671,1.05941,1.05972,1.19,1.00
2016.06.05 22:38:34.975,1.05935,1.05972,1.69,1.00
2016.06.05 22:38:35.499,1.05935,1.05971,1.19,1.00
2016.06.05 22:38:35.752,1.05931,1.05971,1.19,1.19
2016.06.05 22:38:35.904,1.05929,1.05964,1.19,1.00
2016.06.05 22:38:36.006,1.05925,1.05966,1.69,1.19
2016.06.05 22:38:36.208,1.05934,1.05976,1.19,2.00
2016.06.05 22:38:36.259,1.05934,1.05976,1.19,1.25
2016.06.05 22:38:36.310,1.05942,1.05976,1.19,1.00
2016.06.05 22:38:36.735,1.05937,1.05976,1.19,1.00
2016.06.05 22:38:41.422,1.05936,1.05974,1.19,1.00
2016.06.05 22:38:48.018,1.05936,1.05977,1.19,1.00
2016.06.05 22:38:48.119,1.05936,1.05982,1.19,1.50
2016.06.05 22:38:48.170,1.05943,1.05982,1.00,1.50
2016.06.05 22:38:48.676,1.05943,1.05977,1.25,1.00
2016.06.05 22:38:48.878,1.05935,1.05976,1.19,1.00
2016.06.05 22:38:49.393,1.05934,1.05976,1.69,1.00
2016.06.05 22:38:51.747,1.0595,1.05976,1.19,1.00
2016.06.05 22:38:51.798,1.0595,1.05986,1.19,1.87
2016.06.05 22:38:52.204,1.0595,1.05986,1.19,1.50
2016.06.05 22:38:52.262,1.05953,1.05985,1.19,1.10
2016.06.05 22:38:54.287,1.05953,1.05986,1.19,1.00
2016.06.05 22:38:54.590,1.05953,1.05985,1.19,1.07
2016.06.05 22:39:00.898,1.05949,1.05982,1.19,1.00
2016.06.05 22:39:00.950,1.05952,1.05982,1.19,1.00
2016.06.05 22:39:01.255,1.05952,1.05982,1.19,1.12
2016.06.05 22:39:01.578,1.05952,1.05982,1.19,1.00
2016.06.05 22:39:04.237,1.05944,1.05982,1.69,1.00
2016.06.05 22:39:04.444,1.05951,1.05982,1.19,1.00
2016.06.05 22:39:07.209,1.05944,1.05982,1.00,1.00
2016.06.05 22:39:10.860,1.05944,1.05981,1.00,1.00
2016.06.05 22:39:10.910,1.05946,1.05981,1.00,1.00
2016.06.05 22:39:20.440,1.05946,1.05984,1.00,1.00
2016.06.05 22:39:21.392,1.05945,1.05986,1.00,1.00
2016.06.05 22:39:21.981,1.05946,1.05986,1.00,1.00
2016.06.05 22:39:30.170,1.05946,1.05988,1.00,1.57
2016.06.05 22:39:30.220,1.05949,1.05987,1.00,1.10
2016.06.05 22:39:30.935,1.05944,1.05985,1.19,1.12
2016.06.05 22:39:31.239,1.05944,1.05985,1.00,1.75
2016.06.05 22:39:31.492,1.05944,1.05985,1.19,1.12
2016.06.05 22:39:31.745,1.05944,1.05985,1.19,1.75
2016.06.05 22:39:31.956,1.05944,1.05985,1.19,1.07
2016.06.05 22:39:32.959,1.05949,1.05987,1.00,2.25
2016.06.05 22:39:33.162,1.05949,1.05987,1.00,1.07
2016.06.05 22:39:44.699,1.05944,1.05984,1.19,1.00
2016.06.05 22:39:44.949,1.05947,1.05985,1.00,1.87
2016.06.05 22:39:45.051,1.05947,1.05988,1.00,2.25
2016.06.05 22:39:45.455,1.05947,1.05988,1.00,1.87
2016.06.05 22:39:45.607,1.05956,1.05988,1.19,1.12
2016.06.05 22:39:56.352,1.05956,1.05988,1.19,1.50
2016.06.05 22:39:58.351,1.0595,1.05985,1.19,1.07
2016.06.05 22:40:01.629,1.0595,1.0598,1.19,1.00
2016.06.05 22:40:01.680,1.05946,1.0598,1.19,1.00
2016.06.05 22:40:01.781,1.05945,1.05985,1.19,2.25
2016.06.05 22:40:02.086,1.0595,1.05984,1.19,1.75
2016.06.05 22:40:02.656,1.0595,1.05985,1.19,1.12
2016.06.05 22:40:14.238,1.05947,1.05987,1.19,1.50
2016.06.05 22:40:14.870,1.05947,1.05987,1.19,1.69
2016.06.05 22:40:15.430,1.05947,1.05987,1.19,1.94
2016.06.05 22:40:15.745,1.05945,1.05983,1.19,1.32
2016.06.05 22:40:15.847,1.05945,1.05981,1.00,1.75
2016.06.05 22:40:15.949,1.05946,1.05983,1.00,1.37
2016.06.05 22:40:16.000,1.05943,1.05983,1.00,1.37
2016.06.05 22:40:16.614,1.05943,1.05983,1.19,1.37
2016.06.05 22:40:21.463,1.05943,1.05983,1.00,1.87
2016.06.05 22:40:22.456,1.05941,1.0598,1.50,1.10
2016.06.05 22:40:24.192,1.05941,1.0598,1.50,1.50
2016.06.05 22:40:27.744,1.05961,1.05986,1.00,1.75
2016.06.05 22:40:27.846,1.05958,1.05989,1.00,1.12
2016.06.05 22:40:27.947,1.05953,1.05991,1.00,1.75
2016.06.05 22:40:28.049,1.05953,1.05991,1.00,1.75
2016.06.05 22:40:28.150,1.05953,1.05991,1.00,1.75
2016.06.05 22:40:29.355,1.05953,1.05991,1.00,1.75
2016.06.05 22:40:34.282,1.05951,1.05991,1.00,1.75
2016.06.05 22:40:34.796,1.05951,1.05991,1.19,1.75
2016.06.05 22:40:49.201,1.05951,1.05989,1.00,1.50
2016.06.05 22:40:54.105,1.0595,1.05989,1.00,1.50
2016.06.05 22:40:59.222,1.05951,1.05991,1.00,2.00
2016.06.05 22:41:04.541,1.0595,1.05991,1.00,1.75
2016.06.05 22:41:10.281,1.05951,1.05991,1.00,1.94
2016.06.05 22:41:12.817,1.05951,1.05991,1.00,1.31
2016.06.05 22:41:16.036,1.05952,1.05991,1.00,1.31
2016.06.05 22:41:21.046,1.05951,1.05991,1.00,1.31
2016.06.05 22:41:22.540,1.05956,1.05992,1.00,2.06
2016.06.05 22:41:23.063,1.05956,1.05992,1.00,1.62
2016.06.05 22:41:25.046,1.05948,1.0598,1.00,1.19
2016.06.05 22:41:25.350,1.05945,1.0598,1.00,1.94
2016.06.05 22:41:25.707,1.05941,1.0598,1.25,2.44
2016.06.05 22:41:28.011,1.05941,1.05976,1.25,1.31
2016.06.05 22:41:37.266,1.05929,1.05965,1.00,1.29
2016.06.05 22:41:37.772,1.05928,1.05964,1.00,1.69
2016.06.05 22:41:42.961,1.05926,1.05965,1.00,2.44
2016.06.05 22:41:43.741,1.05926,1.05965,1.00,3.19
2016.06.05 22:41:48.801,1.05926,1.05959,1.00,1.26
2016.06.05 22:41:55.252,1.05933,1.05959,1.00,1.26
2016.06.05 22:41:55.303,1.05929,1.05966,1.25,1.01
2016.06.05 22:41:56.180,1.05929,1.05965,1.00,1.94
2016.06.05 22:41:57.935,1.05926,1.05964,1.00,1.69
2016.06.05 22:42:02.792,1.05933,1.05967,1.25,2.06
2016.06.05 22:42:02.894,1.0593,1.05969,1.69,2.14
2016.06.05 22:42:02.995,1.05926,1.05962,1.19,1.19
2016.06.05 22:42:03.350,1.05932,1.05968,1.00,1.94
2016.06.05 22:42:05.056,1.05935,1.05974,1.00,2.06
2016.06.05 22:42:05.208,1.05938,1.05975,1.00,1.37
2016.06.05 22:42:05.359,1.05942,1.0598,1.00,1.12
2016.06.05 22:42:05.410,1.05942,1.0598,1.25,1.12
2016.06.05 22:42:05.858,1.05942,1.05981,1.25,1.75
2016.06.05 22:42:05.968,1.05938,1.05977,1.00,1.75
2016.06.05 22:42:09.228,1.05933,1.05975,1.19,1.12
2016.06.05 22:42:09.380,1.05928,1.0597,1.19,1.19
2016.06.05 22:42:09.588,1.05928,1.05968,1.19,1.12
2016.06.05 22:42:10.183,1.05928,1.05968,1.00,1.12
2016.06.05 22:42:13.732,1.05925,1.05965,1.00,1.07
2016.06.05 22:42:14.265,1.05925,1.05965,1.00,1.87
2016.06.05 22:42:17.290,1.05925,1.05963,1.00,1.12
2016.06.05 22:42:17.391,1.0592,1.05962,1.19,1.75
2016.06.05 22:42:17.493,1.0592,1.05958,1.19,1.75
2016.06.05 22:42:17.594,1.0592,1.05957,1.00,1.07
2016.06.05 22:42:17.645,1.0592,1.05957,1.19,1.07
2016.06.05 22:42:17.949,1.05918,1.05953,1.19,1.75
2016.06.05 22:42:18.000,1.05914,1.05952,1.00,1.94
2016.06.05 22:42:18.051,1.05914,1.05952,1.00,1.31
2016.06.05 22:42:18.725,1.05914,1.05951,1.00,1.56
2016.06.05 22:42:20.030,1.0591,1.0595,1.19,2.06
2016.06.05 22:42:21.035,1.05902,1.05945,1.19,2.81
2016.06.05 22:42:21.288,1.059,1.05943,1.19,1.31
2016.06.05 22:42:21.674,1.05895,1.05938,1.19,1.19
2016.06.05 22:42:22.130,1.05892,1.05935,1.19,1.29
2016.06.05 22:42:22.910,1.059,1.05938,1.19,1.69
2016.06.05 22:42:23.112,1.059,1.05943,1.19,2.06
2016.06.05 22:42:24.592,1.059,1.05945,1.19,3.19
2016.06.05 22:42:25.221,1.05891,1.05939,1.19,1.00
2016.06.05 22:42:25.726,1.05889,1.05932,1.19,1.00
2016.06.05 22:42:25.777,1.05886,1.05932,1.69,1.19
2016.06.05 22:42:26.503,1.05886,1.05931,1.69,1.94
2016.06.05 22:42:27.220,1.05881,1.05927,1.19,1.50
2016.06.05 22:42:27.776,1.05881,1.05927,1.19,1.69
2016.06.05 22:42:29.475,1.05881,1.05926,1.19,1.31
2016.06.05 22:42:29.527,1.05873,1.05918,1.19,1.19
2016.06.05 22:42:29.705,1.05873,1.05917,1.19,1.32
2016.06.05 22:42:30.277,1.05872,1.05917,1.19,2.00
2016.06.05 22:42:30.529,1.05869,1.05915,1.19,1.12
2016.06.05 22:42:31.636,1.05869,1.05915,1.19,1.31
2016.06.05 22:42:34.388,1.05869,1.05911,1.69,1.19
2016.06.05 22:42:40.209,1.05867,1.05903,1.00,1.19
2016.06.05 22:42:40.260,1.05861,1.05903,1.19,1.19
2016.06.05 22:42:46.468,1.05853,1.05899,1.19,1.01
2016.06.05 22:42:47.336,1.05851,1.05893,1.19,1.19
2016.06.05 22:42:47.438,1.05847,1.05894,1.69,1.50
2016.06.05 22:42:47.853,1.05847,1.05889,1.69,2.25
2016.06.05 22:42:47.904,1.05847,1.05886,1.19,1.69
2016.06.05 22:42:48.005,1.05842,1.05885,1.00,1.31
2016.06.05 22:42:48.157,1.05842,1.05885,1.00,1.69
2016.06.05 22:42:48.310,1.05842,1.05884,1.00,1.26
2016.06.05 22:42:48.361,1.05843,1.05885,1.19,2.44
2016.06.05 22:42:49.083,1.05838,1.0588,1.19,1.26
2016.06.05 22:42:49.633,1.05837,1.05882,1.25,1.69
2016.06.05 22:42:49.785,1.05838,1.0588,1.19,1.26
2016.06.05 22:42:51.979,1.05836,1.05875,1.00,1.19
2016.06.05 22:42:52.080,1.05836,1.05873,1.00,1.19
2016.06.05 22:42:52.289,1.05833,1.05873,1.19,1.19
2016.06.05 22:42:53.168,1.05836,1.05871,1.19,1.19
2016.06.05 22:42:53.493,1.0584,1.05871,1.00,1.19
2016.06.05 22:42:53.699,1.0584,1.05876,1.00,1.94
2016.06.05 22:42:53.750,1.05844,1.05879,1.00,1.94
2016.06.05 22:42:53.801,1.05844,1.0588,1.00,1.69
2016.06.05 22:42:53.852,1.05849,1.05884,1.00,1.64
2016.06.05 22:42:53.903,1.05849,1.05884,1.00,1.26
2016.06.05 22:42:55.860,1.0585,1.05884,1.00,1.26
2016.06.05 22:42:57.259,1.0585,1.05879,1.00,1.19
2016.06.05 22:42:57.702,1.0585,1.0588,1.00,1.19
2016.06.05 22:42:58.156,1.05845,1.0588,1.00,1.19
2016.06.05 22:42:58.258,1.05845,1.05875,1.00,1.19
2016.06.05 22:42:58.967,1.05838,1.05873,1.00,1.26
2016.06.05 22:42:59.022,1.05838,1.0587,1.00,1.19
2016.06.05 22:42:59.224,1.05844,1.05874,1.19,1.00
2016.06.05 22:42:59.275,1.05849,1.05883,1.00,1.26
2016.06.05 22:42:59.680,1.05844,1.05879,1.00,1.19
2016.06.05 22:42:59.984,1.05845,1.05869,1.00,1.19
2016.06.05 22:43:00.586,1.05845,1.0587,1.00,1.19
2016.06.05 22:43:00.695,1.05843,1.05872,1.00,1.19
2016.06.05 22:43:00.746,1.05843,1.0587,1.00,1.26
2016.06.05 22:43:01.179,1.05842,1.05869,1.00,1.57
2016.06.05 22:43:01.259,1.05842,1.05869,1.00,1.87
2016.06.05 22:43:01.659,1.0584,1.05868,1.00,1.07
2016.06.05 22:43:02.363,1.05839,1.05872,1.25,1.75
2016.06.05 22:43:02.719,1.05839,1.05872,1.00,1.50
2016.06.05 22:43:02.770,1.05836,1.05869,1.19,1.07
2016.06.05 22:43:03.166,1.05838,1.0587,1.19,1.07
2016.06.05 22:43:03.267,1.05838,1.05875,1.19,1.12
2016.06.05 22:43:07.711,1.05839,1.05871,1.00,1.50
2016.06.05 22:43:07.763,1.05839,1.05871,1.00,2.25
2016.06.05 22:43:07.814,1.05835,1.05872,1.69,2.25
2016.06.05 22:43:07.865,1.05835,1.05872,1.69,1.57
2016.06.05 22:43:07.916,1.05838,1.05868,1.19,1.00
2016.06.05 22:43:08.163,1.05838,1.05872,1.19,1.07
2016.06.05 22:43:08.375,1.05836,1.05872,1.00,1.07
2016.06.05 22:43:09.908,1.05835,1.05868,1.19,1.07
2016.06.05 22:43:11.182,1.05834,1.05866,1.69,1.50
2016.06.05 22:43:12.314,1.05837,1.05868,1.19,2.25
2016.06.05 22:43:12.535,1.05833,1.05864,1.00,1.07
2016.06.05 22:43:12.832,1.05832,1.05863,1.00,1.50
2016.06.05 22:43:12.933,1.05832,1.05863,1.00,1.00
2016.06.05 22:43:12.984,1.05835,1.05869,1.19,1.07
2016.06.05 22:43:13.378,1.05835,1.05869,1.19,1.50
2016.06.05 22:43:13.844,1.05835,1.05869,1.19,1.07
2016.06.05 22:43:13.910,1.05835,1.05869,1.19,1.12
2016.06.05 22:43:14.070,1.05834,1.05869,1.00,1.12
2016.06.05 22:43:14.171,1.05834,1.05869,1.00,1.75
2016.06.05 22:43:14.589,1.05838,1.05869,1.00,1.75
2016.06.05 22:43:15.417,1.05835,1.05868,1.00,1.50
2016.06.05 22:43:18.267,1.05835,1.05868,1.69,1.50
2016.06.05 22:43:18.368,1.05836,1.0587,1.19,1.87
2016.06.05 22:43:18.419,1.05836,1.05867,1.19,1.07
2016.06.05 22:43:18.540,1.05836,1.05867,1.19,1.12
2016.06.05 22:43:19.473,1.05836,1.05861,1.19,1.10
2016.06.05 22:43:19.523,1.05831,1.05865,1.00,1.75
2016.06.05 22:43:19.675,1.05831,1.05865,1.00,1.07
2016.06.05 22:43:20.000,1.05831,1.05862,1.00,1.00
2016.06.05 22:43:20.304,1.0583,1.05863,1.00,1.87
2016.06.05 22:43:20.607,1.05835,1.05862,1.00,1.57
2016.06.05 22:43:20.860,1.05846,1.05883,1.00,2.25
2016.06.05 22:43:20.911,1.05846,1.05883,1.19,1.75
2016.06.05 22:43:20.962,1.05846,1.05883,1.19,1.50
2016.06.05 22:43:21.177,1.05848,1.05877,1.19,1.00
2016.06.05 22:43:21.229,1.05846,1.05876,1.19,1.00
2016.06.05 22:43:21.331,1.05838,1.05874,1.25,1.00
2016.06.05 22:43:21.389,1.05838,1.05874,1.25,1.12
2016.06.05 22:43:21.756,1.05833,1.05871,1.19,1.10
2016.06.05 22:43:22.009,1.05829,1.05871,1.19,1.29
2016.06.05 22:43:22.161,1.05829,1.05866,1.19,1.00
2016.06.05 22:43:22.464,1.05833,1.05867,1.19,1.07
2016.06.05 22:43:22.566,1.05829,1.05864,1.19,1.00
2016.06.05 22:43:23.413,1.05819,1.05862,1.69,1.00
2016.06.05 22:43:23.565,1.05819,1.05859,1.19,1.00
2016.06.05 22:43:23.667,1.05825,1.05867,1.19,1.57
2016.06.05 22:43:23.768,1.0583,1.05869,1.19,1.12
2016.06.05 22:43:23.819,1.0583,1.05869,1.19,1.00
2016.06.05 22:43:23.870,1.05825,1.05869,1.19,1.00
2016.06.05 22:43:23.921,1.05825,1.05871,1.31,1.00
2016.06.05 22:43:24.023,1.05829,1.05872,1.19,1.50
2016.06.05 22:43:24.327,1.05838,1.05879,1.19,1.19
2016.06.05 22:43:24.561,1.05847,1.05886,1.25,1.26
2016.06.05 22:43:24.613,1.05848,1.05887,1.00,1.00
2016.06.05 22:43:24.765,1.05848,1.05879,1.00,1.19
2016.06.05 22:43:24.816,1.05846,1.05879,1.00,1.19
2016.06.05 22:43:24.867,1.05841,1.05879,1.00,1.19
2016.06.05 22:43:25.417,1.05841,1.05874,1.00,1.12
2016.06.05 22:43:25.819,1.05834,1.05875,1.00,1.69
2016.06.05 22:43:26.320,1.05834,1.05869,1.00,1.00
2016.06.05 22:43:26.973,1.05834,1.0587,1.00,1.25
2016.06.05 22:43:27.176,1.05834,1.05874,1.00,2.44
2016.06.05 22:43:27.683,1.05834,1.05871,1.50,1.19
2016.06.05 22:43:27.835,1.05834,1.0587,1.50,1.25
2016.06.05 22:43:29.318,1.05835,1.05871,1.00,1.56
2016.06.05 22:43:30.810,1.05837,1.05871,1.00,1.37
2016.06.05 22:43:31.113,1.05848,1.05887,1.25,1.47
2016.06.05 22:43:31.164,1.05848,1.05887,1.25,1.10
2016.06.05 22:43:32.039,1.05852,1.05887,1.00,1.10
2016.06.05 22:43:32.431,1.0586,1.05891,1.00,1.69
2016.06.05 22:43:34.351,1.05857,1.0589,1.00,1.31
2016.06.05 22:43:35.399,1.05861,1.05891,1.00,1.50
2016.06.05 22:43:35.501,1.05859,1.05894,1.00,1.00
2016.06.05 22:43:36.175,1.05859,1.05898,1.00,1.31
2016.06.05 22:43:36.340,1.05862,1.05898,1.00,1.31
2016.06.05 22:43:37.540,1.05865,1.05898,1.00,1.31
2016.06.05 22:43:37.869,1.05865,1.05902,1.00,1.10
2016.06.05 22:43:38.575,1.05865,1.05901,1.00,1.00
2016.06.05 22:43:39.528,1.05868,1.05901,1.00,1.00
2016.06.05 22:43:40.051,1.05868,1.05902,1.00,1.95
2016.06.05 22:43:41.590,1.05868,1.05901,1.00,1.00
2016.06.05 22:43:42.184,1.05868,1.05902,1.00,1.95
2016.06.05 22:43:43.570,1.05868,1.05901,1.00,1.00
2016.06.05 22:43:44.172,1.05868,1.05902,1.00,1.20
2016.06.05 22:43:44.773,1.05869,1.05901,1.00,1.00
2016.06.05 22:43:45.576,1.05869,1.05902,1.00,1.10
2016.06.05 22:43:46.095,1.05869,1.05901,1.00,1.00
2016.06.05 22:43:49.548,1.05868,1.05901,1.00,1.00
2016.06.05 22:43:50.627,1.05868,1.05902,1.00,1.57
2016.06.05 22:43:51.580,1.05868,1.05906,1.00,1.10
2016.06.05 22:43:51.681,1.05868,1.05902,1.00,1.19
2016.06.05 22:43:52.425,1.05872,1.05902,1.00,1.19
2016.06.05 22:43:52.476,1.05872,1.05904,1.00,1.19
2016.06.05 22:43:53.440,1.05872,1.05908,1.00,1.00
2016.06.05 22:43:53.491,1.05878,1.05913,1.00,1.29
2016.06.05 22:43:53.542,1.05878,1.05916,1.00,1.69
2016.06.05 22:43:54.146,1.05885,1.05916,1.00,1.31
2016.06.05 22:43:55.105,1.05886,1.05919,1.00,1.69
2016.06.05 22:43:55.462,1.05892,1.05919,1.00,1.69
2016.06.05 22:43:58.709,1.05892,1.05915,1.00,1.19
2016.06.05 22:44:00.160,1.05892,1.05919,1.00,1.19
2016.06.05 22:44:00.668,1.05893,1.05919,1.00,1.19
2016.06.05 22:44:01.361,1.05893,1.05915,1.00,1.19
2016.06.05 22:44:02.269,1.05896,1.05915,1.00,1.19
2016.06.05 22:44:02.371,1.05898,1.05924,1.00,1.19
2016.06.05 22:44:02.421,1.05901,1.05925,1.00,1.19
2016.06.05 22:44:02.825,1.05903,1.05926,1.00,1.19
2016.06.05 22:44:03.128,1.05903,1.0593,1.00,1.19
2016.06.05 22:44:04.307,1.05905,1.05931,1.00,1.19
2016.06.05 22:44:04.611,1.05909,1.0593,1.00,1.19
2016.06.05 22:44:04.878,1.05917,1.05938,1.00,1.00
2016.06.05 22:44:04.929,1.05917,1.05942,1.00,1.25
2016.06.05 22:44:05.031,1.0592,1.05942,1.00,1.00
2016.06.05 22:44:05.581,1.0592,1.05947,1.00,1.19
2016.06.05 22:44:05.999,1.0592,1.05949,1.00,1.00
2016.06.05 22:44:06.050,1.05923,1.05955,1.00,1.10
2016.06.05 22:44:06.100,1.05923,1.05955,1.00,1.31
2016.06.05 22:44:06.404,1.05927,1.05955,1.00,1.19
2016.06.05 22:44:07.931,1.05933,1.05957,1.00,1.69
2016.06.05 22:44:07.982,1.05935,1.05957,1.00,1.00
2016.06.05 22:44:08.033,1.05939,1.05961,1.00,1.19
2016.06.05 22:44:08.084,1.05939,1.05963,1.00,1.25
2016.06.05 22:44:08.185,1.05939,1.05964,1.00,1.19
2016.06.05 22:44:08.236,1.05929,1.05964,1.00,1.19
2016.06.05 22:44:08.648,1.05935,1.05963,1.00,1.19
2016.06.05 22:44:09.439,1.05942,1.05965,1.00,1.19
2016.06.05 22:44:09.491,1.05942,1.05966,1.00,1.00
2016.06.05 22:44:09.542,1.05942,1.05973,1.00,1.00
2016.06.05 22:44:09.643,1.05942,1.05971,1.00,1.00
2016.06.05 22:44:10.140,1.05942,1.05973,1.00,1.00
2016.06.05 22:44:10.247,1.05938,1.05972,1.00,1.00
2016.06.05 22:44:10.460,1.05938,1.05969,1.00,1.19
2016.06.05 22:44:11.394,1.05946,1.05972,1.00,1.00
2016.06.05 22:44:11.698,1.05953,1.05972,1.00,1.00
2016.06.05 22:44:11.800,1.05951,1.05972,1.00,1.00
2016.06.05 22:44:12.344,1.0595,1.05972,1.50,1.00
2016.06.05 22:44:12.602,1.0595,1.05982,1.00,1.19
2016.06.05 22:44:13.581,1.05947,1.05982,1.00,1.19
2016.06.05 22:44:15.345,1.05949,1.05985,1.00,1.00
2016.06.05 22:44:15.548,1.05949,1.05987,1.00,1.69
2016.06.05 22:44:15.750,1.05952,1.05987,1.00,1.25
2016.06.05 22:44:16.053,1.05957,1.05988,1.00,1.00
2016.06.05 22:44:16.211,1.05957,1.05992,1.00,1.00
2016.06.05 22:44:16.757,1.05958,1.05991,1.00,1.00
2016.06.05 22:44:17.028,1.05958,1.05993,1.00,1.00
2016.06.05 22:44:17.130,1.05958,1.05991,1.00,1.00
2016.06.05 22:44:17.433,1.05967,1.05993,1.00,1.19
2016.06.05 22:44:17.535,1.05967,1.05993,1.00,1.00
2016.06.05 22:44:17.586,1.05967,1.05998,1.00,1.00
2016.06.05 22:44:18.062,1.05973,1.05998,1.00,1.00
2016.06.05 22:44:18.716,1.05973,1.05997,1.00,1.00
2016.06.05 22:44:20.115,1.05973,1.06004,1.00,1.00
2016.06.05 22:44:20.635,1.05973,1.06003,1.00,1.00
2016.06.05 22:44:21.215,1.05982,1.0601,1.00,1.19
2016.06.05 22:44:21.265,1.05982,1.0601,1.00,1.00
2016.06.05 22:44:23.218,1.05982,1.06009,1.00,1.00
2016.06.05 22:44:23.920,1.05986,1.06009,1.00,1.00
2016.06.05 22:44:23.975,1.0598,1.06009,1.00,1.00
2016.06.05 22:44:24.050,1.05985,1.06009,1.00,1.00
2016.06.05 22:44:24.202,1.05981,1.06009,1.00,1.00
2016.06.05 22:44:24.253,1.05979,1.06009,1.69,1.00
2016.06.05 22:44:24.355,1.05981,1.06009,1.25,1.00
2016.06.05 22:44:24.456,1.05975,1.0601,1.00,1.19
2016.06.05 22:44:24.507,1.05983,1.06009,1.00,1.19
2016.06.05 22:44:24.707,1.05983,1.06013,1.00,1.00
2016.06.05 22:44:25.224,1.05983,1.06013,1.19,1.00
2016.06.05 22:44:25.577,1.05987,1.06013,1.19,1.00
2016.06.05 22:44:26.938,1.05989,1.06017,1.00,1.50
2016.06.05 22:44:27.263,1.05993,1.06017,1.00,1.50
2016.06.05 22:44:27.566,1.06014,1.0602,1.19,1.00
2016.06.05 22:44:27.617,1.06014,1.06035,1.19,1.00
2016.06.05 22:44:27.769,1.06012,1.06035,1.25,1.00
2016.06.05 22:44:27.820,1.06012,1.06038,1.25,1.00
2016.06.05 22:44:28.361,1.06012,1.06039,1.25,1.00
2016.06.05 22:44:30.031,1.06012,1.06041,1.25,1.50
2016.06.05 22:44:30.432,1.06017,1.06041,1.00,1.50
2016.06.05 22:44:30.735,1.06026,1.06041,1.25,1.00
2016.06.05 22:44:30.837,1.06026,1.06047,1.25,1.00
2016.06.05 22:44:31.039,1.06028,1.06049,1.00,1.00
2016.06.05 22:44:31.534,1.06028,1.06047,1.00,1.00
2016.06.05 22:44:31.939,1.06021,1.06046,1.00,1.00
2016.06.05 22:44:32.202,1.06021,1.06042,1.00,1.00
2016.06.05 22:44:32.284,1.06007,1.06041,1.19,1.00
2016.06.05 22:44:33.648,1.06007,1.06043,1.19,1.00
2016.06.05 22:44:33.699,1.06012,1.06043,1.69,1.00
2016.06.05 22:44:34.175,1.06018,1.06045,1.00,1.00
2016.06.05 22:44:36.108,1.06026,1.06046,1.00,1.00
2016.06.05 22:44:36.161,1.06015,1.06046,1.00,1.00
2016.06.05 22:44:36.262,1.06025,1.06046,1.19,1.00
2016.06.05 22:44:36.364,1.0601,1.06047,1.19,1.12
2016.06.05 22:44:36.466,1.06012,1.06047,1.19,1.10
2016.06.05 22:44:36.567,1.06,1.06046,1.69,1.75
2016.06.05 22:44:37.325,1.05994,1.0604,1.19,1.75
2016.06.05 22:44:37.427,1.05994,1.0604,1.19,1.75
2016.06.05 22:44:37.852,1.05994,1.0604,1.19,1.75
2016.06.05 22:44:38.156,1.06002,1.06039,1.00,1.75
2016.06.05 22:44:38.535,1.06,1.06036,1.00,1.12
2016.06.05 22:44:38.637,1.06,1.06035,1.00,1.75
2016.06.05 22:44:39.160,1.05997,1.0603,1.19,1.10
2016.06.05 22:44:39.550,1.06003,1.06035,1.19,1.75
2016.06.05 22:44:39.729,1.06009,1.06038,1.19,1.45
2016.06.05 22:44:39.780,1.06012,1.06037,1.19,1.10
2016.06.05 22:44:39.859,1.06006,1.06036,1.19,1.00
2016.06.05 22:44:40.062,1.06006,1.06038,1.19,1.00
2016.06.05 22:44:40.113,1.06009,1.06038,1.19,1.00
2016.06.05 22:44:40.463,1.06012,1.06039,1.19,1.10
2016.06.05 22:44:41.307,1.06003,1.06039,1.19,1.10
2016.06.05 22:44:41.358,1.06003,1.06037,1.19,1.00
2016.06.05 22:44:41.409,1.05997,1.06037,1.19,1.75
2016.06.05 22:44:42.256,1.05997,1.06031,1.19,1.00
2016.06.05 22:44:43.585,1.05997,1.0603,1.19,1.00
2016.06.05 22:44:45.330,1.05997,1.06032,1.19,1.10
2016.06.05 22:44:45.977,1.05997,1.0603,1.19,1.00
2016.06.05 22:44:46.280,1.05997,1.06028,1.19,1.00
2016.06.05 22:44:47.768,1.05993,1.06028,1.19,1.00
2016.06.05 22:44:49.079,1.0598,1.06022,1.19,1.37
2016.06.05 22:44:49.130,1.05978,1.06022,1.19,1.37
2016.06.05 22:44:49.181,1.05978,1.06022,1.19,1.87
2016.06.05 22:44:52.629,1.05978,1.06018,1.19,1.75
2016.06.05 22:44:52.894,1.05961,1.06011,1.26,1.12
2016.06.05 22:44:52.946,1.05959,1.06008,1.19,1.75
2016.06.05 22:44:53.280,1.05953,1.06003,1.31,1.07
2016.06.05 22:44:53.382,1.05952,1.06001,1.19,1.75
2016.06.05 22:44:54.839,1.05945,1.05997,1.76,1.75
2016.06.05 22:45:05.166,1.05948,1.05988,1.25,1.00
2016.06.05 22:45:10.392,1.05949,1.0599,1.00,1.00
2016.06.05 22:45:12.868,1.0594,1.0599,1.94,1.00
2016.06.05 22:45:12.970,1.05939,1.0599,1.29,1.31
2016.06.05 22:45:13.973,1.05939,1.0599,1.19,2.44
2016.06.05 22:45:14.922,1.05938,1.05985,1.19,1.75
2016.06.05 22:45:14.973,1.05931,1.05985,1.07,3.94
2016.06.05 22:45:15.075,1.05929,1.05982,1.10,1.94
2016.06.05 22:45:15.753,1.05929,1.05978,1.10,1.31
2016.06.05 22:45:16.176,1.05924,1.05977,2.06,2.44
2016.06.05 22:45:21.323,1.0593,1.05974,1.19,1.26
2016.06.05 22:45:21.475,1.05924,1.05974,2.44,1.25
2016.06.05 22:45:23.958,1.05925,1.05979,1.26,3.19
2016.06.05 22:45:24.326,1.05934,1.05984,1.26,2.06
2016.06.05 22:45:24.529,1.05932,1.05984,1.00,2.44
2016.06.05 22:45:24.630,1.05929,1.05984,1.00,2.44
2016.06.05 22:45:25.141,1.05927,1.05981,1.07,1.94
2016.06.05 22:45:29.465,1.05923,1.05981,2.44,1.69
2016.06.05 22:45:30.033,1.05921,1.05975,3.00,1.29
2016.06.05 22:45:30.396,1.05921,1.05975,3.00,1.69
2016.06.05 22:45:31.207,1.05921,1.05975,1.10,1.94
2016.06.05 22:45:31.461,1.05914,1.05964,1.76,1.31
2016.06.05 22:45:31.967,1.05913,1.05965,1.12,2.44
2016.06.05 22:45:32.119,1.05908,1.05962,2.51,1.94
2016.06.05 22:45:34.211,1.05908,1.05962,1.19,1.94
2016.06.05 22:45:34.518,1.05904,1.05947,1.19,1.19
2016.06.05 22:45:34.670,1.05903,1.05947,1.00,1.32
2016.06.05 22:45:34.848,1.05901,1.05947,1.00,1.32
2016.06.05 22:45:34.899,1.05897,1.05939,1.31,1.00
2016.06.05 22:45:35.432,1.05897,1.05939,1.12,1.00
2016.06.05 22:45:35.534,1.05897,1.05939,1.00,1.00
2016.06.05 22:45:36.465,1.05889,1.05929,1.94,1.00
2016.06.05 22:45:36.516,1.05887,1.05926,1.29,1.00
2016.06.05 22:45:36.718,1.05882,1.05933,1.94,1.19
2016.06.05 22:45:37.315,1.05882,1.05933,1.75,1.69
2016.06.05 22:45:37.366,1.05882,1.05933,1.12,1.76
2016.06.05 22:45:38.237,1.05879,1.05928,1.69,1.19
2016.06.05 22:45:38.492,1.05878,1.05922,1.94,1.19
2016.06.05 22:45:38.594,1.05874,1.05917,1.00,1.19
2016.06.05 22:45:38.645,1.05872,1.05917,1.10,1.19
2016.06.05 22:45:39.371,1.05867,1.05918,1.69,1.94
2016.06.05 22:45:39.725,1.05867,1.05918,1.31,1.10
2016.06.05 22:45:39.927,1.05867,1.05918,1.12,1.76
2016.06.05 22:45:40.131,1.05867,1.05918,1.31,1.10
2016.06.05 22:45:40.794,1.05867,1.05918,2.00,1.00
2016.06.05 22:45:41.328,1.05868,1.05918,1.10,1.50
2016.06.05 22:45:41.430,1.05868,1.05918,1.50,1.10
2016.06.05 22:45:42.010,1.05867,1.05918,1.31,1.12
2016.06.05 22:45:42.331,1.05868,1.05918,1.75,1.00
2016.06.05 22:45:42.655,1.05868,1.05918,1.75,1.69
2016.06.05 22:45:42.807,1.05867,1.05918,1.75,1.00
2016.06.05 22:45:43.244,1.05868,1.05918,1.69,1.69
2016.06.05 22:45:43.346,1.05868,1.05918,1.50,1.00
2016.06.05 22:45:43.397,1.05872,1.05922,1.00,1.31
2016.06.05 22:45:43.448,1.05877,1.05926,1.19,1.94
2016.06.05 22:45:43.550,1.05877,1.05926,1.26,1.26
2016.06.05 22:45:43.651,1.0587,1.05923,1.32,1.94
2016.06.05 22:45:43.704,1.05874,1.05923,1.00,1.94
2016.06.05 22:45:44.008,1.0587,1.05916,1.29,1.19
2016.06.05 22:45:44.109,1.05866,1.05916,1.75,1.00
2016.06.05 22:45:44.211,1.05866,1.05916,1.12,1.07
2016.06.05 22:45:44.314,1.05877,1.05922,1.19,1.31
2016.06.05 22:45:44.416,1.05878,1.05922,1.29,1.25
2016.06.05 22:45:44.517,1.05878,1.05922,1.19,1.31
2016.06.05 22:45:44.741,1.05867,1.05922,2.00,1.12
2016.06.05 22:45:44.842,1.05869,1.05916,1.00,1.00
2016.06.05 22:45:45.146,1.0587,1.05926,2.25,2.44
2016.06.05 22:45:45.197,1.0587,1.05926,1.94,1.31
2016.06.05 22:45:45.298,1.0587,1.05926,1.50,1.94
2016.06.05 22:45:45.635,1.05871,1.0592,1.94,1.00
2016.06.05 22:45:45.737,1.05873,1.0592,1.00,1.01
2016.06.05 22:45:45.838,1.05867,1.0592,2.44,1.01
2016.06.05 22:45:47.165,1.05872,1.0592,1.19,1.10
2016.06.05 22:45:47.469,1.05881,1.05929,1.94,1.69
2016.06.05 22:45:47.519,1.05881,1.05929,2.00,1.19
2016.06.05 22:45:47.585,1.05881,1.05929,2.00,1.19
2016.06.05 22:45:47.949,1.05877,1.05929,1.94,1.69
2016.06.05 22:45:56.745,1.05887,1.05931,1.19,1.29
2016.06.05 22:45:56.846,1.05889,1.05937,1.94,1.50
2016.06.05 22:45:56.948,1.05891,1.05944,1.94,1.66
2016.06.05 22:45:56.999,1.05891,1.05944,1.75,1.29
2016.06.05 22:45:57.309,1.05892,1.05947,1.75,1.19
2016.06.05 22:45:57.964,1.05895,1.05952,1.75,1.29
2016.06.05 22:45:58.268,1.05903,1.05958,1.75,1.29
2016.06.05 22:45:58.319,1.05903,1.0596,1.94,1.31
2016.06.05 22:46:04.223,1.05912,1.05958,1.00,1.29
2016.06.05 22:46:16.582,1.05912,1.05958,1.00,1.29
2016.06.05 22:46:20.700,1.05913,1.05958,1.00,1.29
2016.06.05 22:46:21.084,1.05917,1.0596,1.00,2.06
2016.06.05 22:46:21.185,1.05917,1.05961,1.00,1.00
2016.06.05 22:46:21.640,1.05921,1.05965,1.00,1.26
2016.06.05 22:46:22.190,1.05921,1.05965,1.00,1.07
2016.06.05 22:46:32.400,1.05922,1.05968,1.00,2.44
2016.06.05 22:46:37.692,1.05921,1.05967,1.00,2.44
2016.06.05 22:46:54.908,1.05922,1.05967,1.00,1.69
2016.06.05 22:47:10.741,1.05923,1.05966,1.00,1.31
2016.06.05 22:47:15.784,1.05921,1.05967,1.00,1.69
2016.06.05 22:47:22.231,1.05921,1.05969,1.00,1.31
2016.06.05 22:47:26.504,1.05921,1.05969,1.00,1.31
2016.06.05 22:47:27.163,1.05922,1.05969,1.00,1.31
2016.06.05 22:47:32.150,1.05918,1.05966,1.00,1.69
2016.06.05 22:47:33.484,1.05918,1.05965,1.00,1.29
2016.06.05 22:47:34.651,1.05918,1.05963,1.00,1.19
2016.06.05 22:47:34.795,1.05914,1.05963,1.00,1.19
2016.06.05 22:47:38.714,1.05914,1.05962,1.00,1.26
2016.06.05 22:47:45.016,1.05913,1.05962,1.00,1.57
2016.06.05 22:48:03.489,1.05913,1.0596,1.00,1.00
2016.06.05 22:48:13.538,1.05913,1.05961,1.00,1.10
2016.06.05 22:48:17.969,1.05914,1.05961,1.00,1.10
2016.06.05 22:48:24.098,1.05914,1.05962,1.10,1.00
2016.06.05 22:48:34.559,1.05915,1.05962,1.00,1.00
2016.06.05 22:48:43.483,1.05915,1.05963,1.00,1.50
2016.06.05 22:48:44.083,1.05915,1.05963,1.12,1.00
2016.06.05 22:48:58.822,1.05914,1.05962,1.50,1.00
2016.06.05 22:49:10.562,1.05916,1.05968,1.75,1.69
2016.06.05 22:49:10.613,1.05916,1.05968,1.94,1.50
2016.06.05 22:49:10.664,1.05921,1.05968,1.75,1.00
2016.06.05 22:49:10.967,1.05921,1.05966,1.75,1.00
2016.06.05 22:49:14.030,1.05921,1.05968,1.75,1.00
2016.06.05 22:49:20.127,1.05921,1.05969,2.25,1.00
2016.06.05 22:49:20.773,1.05923,1.0597,1.75,1.00
2016.06.05 22:49:54.656,1.05921,1.05972,1.75,1.00
2016.06.05 22:49:55.657,1.05921,1.0597,1.75,1.00
2016.06.05 22:49:59.661,1.05921,1.05971,1.75,1.00
2016.06.05 22:50:05.911,1.0592,1.05971,1.75,1.00
2016.06.05 22:50:07.488,1.0592,1.0597,1.75,1.00
2016.06.05 22:50:08.249,1.0592,1.0597,1.50,1.00
2016.06.05 22:50:09.325,1.0592,1.0597,1.50,1.19
2016.06.05 22:50:10.481,1.0592,1.05968,1.50,1.19
2016.06.05 22:50:17.186,1.05912,1.05963,2.25,1.00
2016.06.05 22:50:17.237,1.05912,1.05963,1.12,1.00
2016.06.05 22:50:17.288,1.05912,1.0596,1.12,1.19
2016.06.05 22:50:22.166,1.0591,1.0596,1.50,1.31
2016.06.05 22:50:26.150,1.05907,1.05959,2.25,1.94
2016.06.05 22:50:41.271,1.05908,1.05957,1.12,1.31
2016.06.05 22:50:41.340,1.05908,1.05959,1.12,2.44
2016.06.05 22:50:51.834,1.05906,1.05955,1.75,1.29
2016.06.05 22:50:52.037,1.05906,1.05955,1.75,1.10
2016.06.05 22:51:21.229,1.05905,1.05957,1.75,1.26
2016.06.05 22:51:21.890,1.05905,1.05957,1.75,1.26
2016.06.05 22:51:24.816,1.05905,1.05953,1.75,1.00
2016.06.05 22:51:25.120,1.059,1.05953,2.25,1.26
2016.06.05 22:51:25.645,1.05903,1.05956,1.75,1.26
2016.06.05 22:51:25.983,1.05903,1.05942,1.75,1.19
2016.06.05 22:51:26.084,1.05903,1.05949,1.75,1.19
2016.06.05 22:51:26.186,1.05903,1.05956,1.75,1.19
2016.06.05 22:51:26.839,1.05908,1.05957,1.50,1.69
2016.06.05 22:51:30.697,1.05908,1.05957,1.50,1.19
2016.06.05 22:51:44.234,1.05907,1.05957,1.12,1.26
2016.06.05 22:51:51.543,1.05908,1.05959,1.07,2.44
2016.06.05 22:52:07.739,1.05908,1.05958,1.75,1.69
2016.06.05 22:52:21.607,1.05906,1.05958,1.75,1.19
2016.06.05 22:52:21.861,1.05915,1.05967,1.00,1.31
2016.06.05 22:52:21.964,1.05916,1.05969,2.00,1.19
2016.06.05 22:52:22.268,1.05927,1.05974,1.75,1.19
2016.06.05 22:52:22.774,1.05927,1.05974,1.75,1.00
2016.06.05 22:52:32.717,1.05927,1.05973,2.25,1.00
2016.06.05 22:52:38.131,1.05927,1.05971,2.25,1.00
2016.06.05 22:52:48.330,1.05928,1.05972,1.75,1.00
2016.06.05 22:52:53.985,1.05926,1.05972,2.44,1.00
2016.06.05 22:52:54.745,1.05929,1.05977,1.94,1.00
2016.06.05 22:52:55.103,1.05929,1.05971,1.94,1.00
2016.06.05 22:52:55.356,1.05929,1.05977,1.94,1.00
2016.06.05 22:53:00.304,1.05929,1.05972,1.94,1.00
2016.06.05 22:53:02.702,1.05942,1.05981,1.00,1.19
2016.06.05 22:53:02.754,1.05942,1.05981,1.00,1.69
2016.06.05 22:53:03.059,1.05949,1.0599,1.00,1.19
2016.06.05 22:53:03.363,1.05951,1.0599,1.00,1.19
2016.06.05 22:53:03.565,1.05951,1.05994,1.00,1.19
2016.06.05 22:53:06.384,1.05951,1.05994,1.50,1.19
2016.06.05 22:53:26.460,1.05954,1.05997,1.10,1.00
2016.06.05 22:53:26.561,1.05959,1.06002,1.00,1.19
2016.06.05 22:53:31.647,1.05956,1.06002,1.12,1.19
2016.06.05 22:53:31.748,1.05956,1.06002,1.12,1.00
2016.06.05 22:53:36.100,1.05956,1.06008,1.87,1.29
2016.06.05 22:53:40.058,1.05956,1.06008,2.06,1.76
2016.06.05 22:53:40.217,1.05956,1.06008,2.06,1.10
2016.06.05 22:53:40.268,1.05956,1.06008,2.44,1.00
2016.06.05 22:53:46.079,1.0596,1.06009,1.12,1.25
2016.06.05 22:53:58.550,1.0596,1.06009,1.12,1.19
2016.06.05 22:53:58.853,1.0596,1.06008,1.00,2.06
2016.06.05 22:54:00.956,1.0596,1.06009,1.12,1.19
2016.06.05 22:54:05.701,1.05963,1.06008,1.00,1.25
2016.06.05 22:54:10.817,1.05962,1.06009,1.10,1.19
2016.06.05 22:54:15.436,1.05961,1.06007,1.07,1.00
2016.06.05 22:54:15.488,1.05955,1.06001,1.94,1.19
2016.06.05 22:54:15.741,1.05955,1.06,1.07,1.19
2016.06.05 22:54:15.792,1.05952,1.06,1.29,1.19
2016.06.05 22:54:16.073,1.05952,1.06,1.94,1.19
2016.06.05 22:54:16.257,1.05957,1.06008,1.00,1.76
2016.06.05 22:54:16.359,1.05957,1.06008,1.75,1.69
2016.06.05 22:54:17.272,1.05957,1.06006,1.94,1.19
2016.06.05 22:54:17.619,1.05957,1.06006,1.94,1.19
2016.06.05 22:54:34.243,1.05962,1.06006,1.00,1.19
2016.06.05 22:54:34.398,1.05962,1.06009,1.00,1.19
2016.06.05 22:54:35.792,1.05962,1.06006,1.00,1.00
2016.06.05 22:54:45.034,1.05963,1.06006,1.00,1.00
2016.06.05 22:54:51.478,1.05962,1.06006,1.00,1.00
2016.06.05 22:54:55.724,1.05962,1.06009,1.00,1.19
2016.06.05 22:54:57.302,1.05963,1.06009,1.00,1.19
2016.06.05 22:55:06.534,1.05963,1.06009,1.00,1.19
2016.06.05 22:55:11.598,1.05963,1.06009,1.00,1.19
2016.06.05 22:55:14.923,1.05962,1.06008,1.00,1.19
2016.06.05 22:55:15.927,1.05963,1.06006,1.00,1.00
2016.06.05 22:55:16.231,1.05963,1.06013,1.07,1.69
2016.06.05 22:55:16.599,1.05969,1.06013,1.00,1.19
2016.06.05 22:55:16.750,1.05969,1.06019,1.10,1.26
2016.06.05 22:55:16.852,1.05969,1.06019,1.12,1.19
2016.06.05 22:55:27.321,1.05973,1.0602,1.00,1.19
2016.06.05 22:55:27.423,1.05977,1.06025,1.00,1.94
2016.06.05 22:55:27.625,1.05977,1.06028,1.10,1.76
2016.06.05 22:55:28.956,1.05977,1.0603,1.76,1.19
2016.06.05 22:55:35.462,1.05982,1.06033,1.19,2.44
2016.06.05 22:55:36.671,1.05982,1.06028,1.19,1.00
2016.06.05 22:55:47.569,1.05981,1.06031,1.19,1.31
2016.06.05 22:55:51.261,1.05981,1.06028,1.19,1.00
2016.06.05 22:55:53.089,1.05986,1.06033,1.19,2.00
2016.06.05 22:55:53.242,1.05988,1.06036,1.69,1.19
2016.06.05 22:55:53.646,1.05991,1.06043,1.76,1.76
2016.06.05 22:55:58.879,1.05993,1.06036,1.19,1.00
2016.06.05 22:55:59.275,1.05993,1.06034,1.19,1.00
2016.06.05 22:56:01.186,1.05993,1.06034,1.00,1.00
2016.06.05 22:56:01.764,1.0599,1.06034,1.26,1.00
2016.06.05 22:56:02.905,1.0599,1.06033,1.26,1.00
2016.06.05 22:56:03.277,1.05989,1.06031,1.19,1.19
2016.06.05 22:56:03.579,1.05995,1.06031,1.00,1.19
2016.06.05 22:56:03.630,1.05995,1.06035,1.69,1.26
2016.06.05 22:56:03.832,1.05999,1.06035,1.19,1.00
2016.06.05 22:56:17.107,1.05999,1.06038,1.19,1.25
2016.06.05 22:56:17.158,1.05995,1.06038,1.26,1.69
2016.06.05 22:56:17.361,1.05992,1.06035,1.00,1.19
2016.06.05 22:56:18.355,1.05992,1.06035,1.19,1.00
2016.06.05 22:56:18.995,1.05992,1.06037,1.19,1.29
2016.06.05 22:56:28.016,1.05991,1.06037,1.94,1.19
2016.06.05 22:56:31.655,1.05992,1.06037,1.69,1.00
2016.06.05 22:56:40.611,1.05994,1.06035,1.31,1.00
2016.06.05 22:56:41.911,1.05994,1.06029,1.19,1.00
2016.06.05 22:56:42.014,1.05992,1.06037,1.26,1.00
2016.06.05 22:56:42.217,1.05992,1.06032,1.26,1.00
2016.06.05 22:56:43.941,1.05992,1.06035,1.26,1.00
2016.06.05 22:56:44.094,1.05993,1.06036,1.29,1.00
2016.06.05 22:56:44.246,1.05988,1.06033,1.94,1.00
2016.06.05 22:56:44.297,1.05988,1.06033,1.19,1.00
2016.06.05 22:56:44.449,1.05988,1.06031,1.19,1.00
2016.06.05 22:56:45.461,1.05988,1.06034,1.19,1.10
2016.06.05 22:56:45.563,1.05992,1.06034,1.19,1.10
2016.06.05 22:56:51.446,1.05992,1.06034,1.19,1.75
2016.06.05 22:57:41.677,1.05992,1.06029,1.19,1.00
2016.06.05 22:57:41.893,1.05986,1.06029,1.19,1.00
2016.06.05 22:57:42.411,1.05986,1.06031,1.19,1.07
2016.06.05 22:57:42.943,1.05993,1.06035,1.19,1.75
2016.06.05 22:57:43.309,1.05993,1.06035,1.19,1.12
2016.06.05 22:57:43.514,1.05998,1.06036,1.19,3.00
2016.06.05 22:57:53.209,1.05998,1.06031,1.19,1.00
2016.06.05 22:57:53.386,1.05994,1.0603,1.19,1.10
2016.06.05 22:58:02.928,1.05994,1.06028,1.19,1.00
2016.06.05 22:58:03.180,1.05994,1.06032,1.19,1.00
2016.06.05 22:58:03.231,1.05994,1.06036,1.19,1.12
2016.06.05 22:58:03.587,1.05994,1.06028,1.19,1.00
2016.06.05 22:58:04.111,1.05994,1.06032,1.19,1.12
2016.06.05 22:58:07.137,1.05988,1.06031,1.19,1.07
2016.06.05 22:58:30.202,1.05996,1.06036,1.00,1.75
2016.06.05 22:58:30.505,1.06004,1.06043,1.19,1.10
2016.06.05 22:58:30.556,1.06004,1.06047,1.19,1.10
2016.06.05 22:58:31.010,1.06008,1.06049,1.69,1.12
2016.06.05 22:58:31.111,1.06008,1.0605,1.69,1.10
2016.06.05 22:58:33.479,1.06008,1.06045,1.69,1.00
2016.06.05 22:58:33.531,1.06008,1.06049,1.69,1.00
2016.06.05 22:58:33.912,1.06008,1.06045,1.69,1.00
2016.06.05 22:58:34.194,1.06008,1.06045,1.00,1.00
2016.06.05 22:58:34.245,1.06002,1.06041,1.19,1.00
2016.06.05 22:58:34.548,1.06006,1.06047,1.19,1.75
2016.06.05 22:58:34.649,1.06006,1.06047,1.19,1.00
2016.06.05 22:58:35.462,1.06009,1.06049,1.25,1.00
2016.06.05 22:58:35.563,1.06009,1.06047,1.25,1.00
2016.06.05 22:58:38.080,1.06011,1.06047,1.19,1.00
2016.06.05 22:58:38.383,1.06015,1.06047,1.19,1.00
2016.06.05 22:58:40.453,1.06015,1.06044,1.19,1.00
2016.06.05 22:58:41.107,1.06015,1.06046,1.19,1.00
2016.06.05 22:58:43.121,1.06015,1.06048,1.19,1.00
2016.06.05 22:58:43.667,1.06015,1.06047,1.19,1.00
2016.06.05 22:58:44.951,1.06015,1.06048,1.19,1.00
2016.06.05 22:58:46.024,1.06015,1.06049,1.19,1.00
2016.06.05 22:58:46.423,1.06011,1.06049,1.19,1.00
2016.06.05 22:58:47.626,1.06011,1.06047,1.19,1.00
2016.06.05 22:58:55.144,1.0601,1.06046,1.19,1.00
2016.06.05 22:58:55.667,1.0601,1.06047,1.19,1.00
2016.06.05 22:58:56.084,1.06013,1.06047,1.19,1.00
2016.06.05 22:58:56.135,1.06013,1.0605,1.19,1.00
2016.06.05 22:58:56.681,1.06013,1.06051,1.69,1.00
2016.06.05 22:59:01.296,1.06013,1.06051,1.00,1.25
2016.06.05 22:59:01.549,1.06008,1.06044,1.19,1.00
2016.06.05 22:59:01.650,1.06008,1.06046,1.19,1.00
2016.06.05 22:59:02.267,1.06008,1.0605,1.19,1.00
2016.06.05 22:59:02.473,1.06007,1.06052,1.00,1.07
2016.06.05 22:59:02.557,1.06007,1.06044,1.00,1.00
2016.06.05 22:59:02.905,1.06007,1.06042,1.00,1.00
2016.06.05 22:59:03.841,1.06007,1.06045,1.00,1.00
2016.06.05 22:59:04.157,1.06007,1.06043,1.00,1.00
2016.06.05 22:59:04.773,1.06007,1.06045,1.00,1.00
2016.06.05 22:59:05.580,1.06007,1.06045,1.19,1.00
2016.06.05 22:59:07.212,1.06011,1.06045,1.19,1.00
2016.06.05 22:59:20.357,1.06011,1.06047,1.19,1.00
2016.06.05 22:59:23.966,1.06011,1.06046,1.19,1.00
2016.06.05 22:59:24.714,1.06008,1.06046,1.19,1.00
2016.06.05 22:59:32.304,1.06011,1.06046,1.19,1.00
2016.06.05 22:59:36.093,1.06011,1.06044,1.19,1.00
2016.06.05 22:59:39.915,1.05999,1.0604,1.76,1.00
2016.06.05 22:59:40.118,1.05998,1.06039,1.19,1.75
2016.06.05 22:59:40.269,1.05993,1.06039,1.25,2.25
2016.06.05 22:59:40.320,1.05993,1.06039,1.25,1.57
2016.06.05 22:59:40.421,1.05997,1.06039,1.00,1.07
2016.06.05 22:59:41.273,1.05997,1.06038,1.19,1.10
2016.06.05 22:59:47.486,1.05999,1.0604,1.25,1.00
2016.06.05 22:59:59.514,1.05997,1.0604,1.69,1.00
2016.06.05 22:59:59.565,1.05997,1.0604,1.69,1.50
