2011.10.28 06:00:00.329,1.30366,1.30436,1.50,1.50
2011.10.28 06:00:00.668,1.30373,1.30438,1.50,2.25
2011.10.28 06:00:01.022,1.30381,1.30443,1.50,2.25
2011.10.28 06:00:01.389,1.30386,1.30445,1.50,1.50
2011.10.28 06:00:01.839,1.30377,1.30443,2.63,1.50
2011.10.28 06:00:02.607,1.30406,1.30473,1.35,2.63
2011.10.28 06:00:03.287,1.30402,1.30471,1.35,1.50
2011.10.28 06:00:03.525,1.30402,1.30471,3.23,1.50
2011.10.28 06:00:03.867,1.30402,1.30471,3.23,2.25
2011.10.28 06:00:04.727,1.30404,1.30462,2.48,1.13
2011.10.28 06:00:04.957,1.30402,1.30461,3.23,4.88
2011.10.28 06:00:05.800,1.30401,1.30456,1.35,1.50
2011.10.28 06:00:06.467,1.30401,1.30456,3.98,1.50
2011.10.28 06:00:06.807,1.30397,1.30456,2.63,1.35
2011.10.28 06:00:08.804,1.30402,1.30463,2.63,3.38
2011.10.28 06:00:09.258,1.30396,1.30454,2.63,1.50
2011.10.28 06:00:12.599,1.30386,1.30443,2.63,1.50
2011.10.28 06:00:12.825,1.30386,1.30443,2.63,1.50
2011.10.28 06:00:15.626,1.30392,1.3045,2.63,1.13
2011.10.28 06:00:16.326,1.30392,1.30452,3.38,4.50
2011.10.28 06:00:19.106,1.30392,1.30449,2.63,1.50
2011.10.28 06:00:19.229,1.30392,1.30446,2.63,1.50
2011.10.28 06:00:20.227,1.30387,1.30444,2.63,1.50
2011.10.28 06:00:20.569,1.30391,1.30447,3.38,1.50
2011.10.28 06:00:20.796,1.30391,1.30448,2.63,1.50
2011.10.28 06:00:22.031,1.30397,1.30449,2.63,1.50
2011.10.28 06:00:22.779,1.30391,1.30447,2.63,1.50
2011.10.28 06:00:23.135,1.30391,1.30447,2.63,1.50
2011.10.28 06:00:23.698,1.30387,1.30446,2.63,1.50
2011.10.28 06:00:24.365,1.30386,1.30444,2.63,1.50
2011.10.28 06:00:24.705,1.3038,1.30433,1.35,1.50
2011.10.28 06:00:25.058,1.3038,1.30437,1.35,1.50
2011.10.28 06:00:25.290,1.30386,1.30444,2.63,1.50
2011.10.28 06:00:32.655,1.30387,1.30444,2.63,1.65
2011.10.28 06:00:32.889,1.30387,1.30444,2.63,1.65
2011.10.28 06:00:36.435,1.30391,1.30449,2.63,1.50
2011.10.28 06:00:36.775,1.30391,1.30449,2.63,1.50
2011.10.28 06:00:37.956,1.30396,1.30455,2.63,1.50
2011.10.28 06:00:44.297,1.30402,1.30461,1.50,1.35
2011.10.28 06:00:44.635,1.30402,1.3046,1.50,1.05
2011.10.28 06:00:45.994,1.30394,1.30453,1.50,2.63
2011.10.28 06:00:48.537,1.30393,1.30459,1.35,3.38
2011.10.28 06:00:48.878,1.30396,1.30459,2.63,3.38
2011.10.28 06:00:55.568,1.30407,1.30462,1.50,1.35
2011.10.28 06:00:55.910,1.30395,1.30454,1.50,1.05
2011.10.28 06:00:56.648,1.30397,1.30451,2.63,1.50
2011.10.28 06:00:58.992,1.30402,1.30452,1.50,1.50
2011.10.28 06:00:59.626,1.30402,1.30457,1.50,1.50
2011.10.28 06:01:00.136,1.30402,1.30457,1.50,1.50
2011.10.28 06:01:02.446,1.30401,1.30457,3.38,1.50
2011.10.28 06:01:02.680,1.30401,1.30457,3.38,1.50
2011.10.28 06:01:10.529,1.30409,1.3047,1.50,1.50
2011.10.28 06:01:10.649,1.30412,1.3047,1.50,1.50
2011.10.28 06:01:10.771,1.30409,1.30463,2.48,1.05
2011.10.28 06:01:11.565,1.30391,1.30465,1.50,1.50
2011.10.28 06:01:12.016,1.30392,1.30465,3.38,1.50
2011.10.28 06:01:17.467,1.30402,1.30468,1.50,1.70
2011.10.28 06:01:17.994,1.30402,1.30467,1.50,1.33
2011.10.28 06:01:20.215,1.30402,1.30467,1.50,1.33
2011.10.28 06:01:21.077,1.30402,1.30468,1.50,1.70
2011.10.28 06:01:21.529,1.304,1.30471,1.50,1.50
2011.10.28 06:01:21.879,1.30406,1.30471,1.50,1.50
2011.10.28 06:01:22.947,1.30409,1.3047,1.50,1.50
2011.10.28 06:01:23.329,1.30403,1.3047,1.50,1.50
2011.10.28 06:01:25.775,1.30398,1.30469,1.50,3.38
2011.10.28 06:01:28.544,1.30402,1.30468,1.50,2.63
2011.10.28 06:01:28.674,1.30404,1.30469,1.50,1.50
2011.10.28 06:01:32.384,1.30406,1.30469,1.50,1.50
2011.10.28 06:01:33.457,1.30405,1.30469,1.50,1.50
2011.10.28 06:01:33.584,1.30405,1.30468,1.50,2.63
2011.10.28 06:01:35.899,1.30407,1.30468,1.73,2.63
2011.10.28 06:01:36.261,1.30433,1.30494,2.48,2.63
2011.10.28 06:01:36.379,1.30433,1.30501,2.48,2.45
2011.10.28 06:01:37.033,1.30427,1.30486,2.63,1.50
2011.10.28 06:01:37.377,1.30423,1.30485,1.35,1.33
2011.10.28 06:01:37.726,1.30417,1.30478,1.50,1.50
2011.10.28 06:01:38.287,1.30417,1.30478,1.50,1.50
2011.10.28 06:01:39.167,1.30418,1.30475,2.48,1.33
2011.10.28 06:01:40.592,1.3042,1.30475,1.50,1.33
2011.10.28 06:01:40.949,1.30412,1.30468,2.63,1.70
2011.10.28 06:01:41.992,1.30414,1.30472,1.35,1.50
2011.10.28 06:01:42.124,1.30414,1.30474,1.35,1.33
2011.10.28 06:01:42.844,1.30411,1.30473,1.50,1.33
2011.10.28 06:01:43.186,1.30412,1.30472,2.48,1.70
2011.10.28 06:01:43.429,1.30416,1.30476,1.50,1.33
2011.10.28 06:01:43.558,1.30416,1.30481,1.50,1.33
2011.10.28 06:01:43.787,1.30416,1.30483,1.50,1.70
2011.10.28 06:01:44.017,1.30416,1.30481,1.50,1.70
2011.10.28 06:01:46.885,1.30421,1.30481,1.50,1.70
2011.10.28 06:01:48.395,1.30421,1.30484,1.50,1.70
2011.10.28 06:01:48.517,1.30421,1.30481,1.50,1.33
2011.10.28 06:01:49.075,1.30421,1.30476,1.50,1.13
2011.10.28 06:01:49.426,1.30426,1.3048,1.50,1.70
2011.10.28 06:01:49.766,1.30433,1.3048,2.48,1.13
2011.10.28 06:01:50.110,1.30433,1.30487,3.23,1.13
2011.10.28 06:01:50.449,1.30435,1.30489,1.50,1.70
2011.10.28 06:01:54.025,1.30441,1.30489,1.50,1.70
2011.10.28 06:01:54.735,1.30441,1.30488,1.50,1.70
2011.10.28 06:01:56.935,1.30441,1.30489,1.50,1.70
2011.10.28 06:01:58.267,1.30441,1.30489,1.50,1.70
2011.10.28 06:01:58.393,1.30441,1.30487,1.50,1.33
2011.10.28 06:01:58.844,1.30432,1.30485,1.50,1.70
2011.10.28 06:02:00.830,1.30442,1.30493,1.50,1.70
2011.10.28 06:02:01.064,1.30442,1.30497,1.50,1.70
2011.10.28 06:02:01.187,1.30442,1.30493,1.50,1.13
2011.10.28 06:02:01.758,1.30442,1.30495,1.50,1.70
2011.10.28 06:02:02.149,1.30442,1.30493,1.50,1.13
2011.10.28 06:02:03.868,1.30442,1.30492,1.50,1.70
2011.10.28 06:02:03.985,1.30442,1.30491,1.50,1.33
2011.10.28 06:02:05.456,1.30447,1.30497,2.10,2.08
2011.10.28 06:02:05.974,1.30447,1.30494,2.25,1.50
2011.10.28 06:02:06.109,1.30435,1.30489,1.05,1.33
2011.10.28 06:02:06.337,1.30435,1.30487,1.05,1.70
2011.10.28 06:02:06.455,1.30435,1.30483,1.05,1.33
2011.10.28 06:02:07.937,1.30426,1.30483,1.50,1.33
2011.10.28 06:02:09.062,1.30421,1.30479,1.50,1.33
2011.10.28 06:02:19.693,1.30421,1.30479,1.50,1.33
2011.10.28 06:02:21.637,1.30421,1.30482,1.50,1.50
2011.10.28 06:02:21.762,1.30421,1.30482,1.50,1.50
2011.10.28 06:02:23.259,1.30406,1.30471,1.50,1.50
2011.10.28 06:02:23.376,1.30402,1.3047,1.50,1.50
2011.10.28 06:02:23.717,1.30406,1.3047,1.50,1.50
2011.10.28 06:02:24.274,1.30406,1.3047,1.50,2.25
2011.10.28 06:02:28.554,1.30401,1.30468,1.50,2.63
2011.10.28 06:02:31.356,1.30412,1.30471,1.50,1.50
2011.10.28 06:02:31.586,1.30412,1.30471,1.50,1.50
2011.10.28 06:02:32.099,1.30412,1.30471,1.50,1.50
2011.10.28 06:02:33.335,1.30412,1.30473,1.50,2.63
2011.10.28 06:02:35.009,1.30411,1.30477,1.50,1.50
2011.10.28 06:02:35.249,1.30408,1.30475,3.23,1.50
2011.10.28 06:02:35.601,1.30407,1.30478,1.50,1.50
2011.10.28 06:02:35.828,1.30412,1.30479,1.50,2.63
2011.10.28 06:02:39.295,1.30416,1.30484,1.50,4.13
2011.10.28 06:02:39.418,1.30416,1.30478,1.50,2.63
2011.10.28 06:02:42.756,1.30407,1.30474,1.50,1.50
2011.10.28 06:02:43.544,1.30412,1.3048,1.50,1.50
2011.10.28 06:02:44.988,1.30408,1.30474,1.50,1.50
2011.10.28 06:02:45.952,1.30406,1.30471,1.50,1.50
2011.10.28 06:02:46.718,1.30401,1.30469,1.35,3.38
2011.10.28 06:02:47.039,1.30401,1.30468,1.35,1.50
2011.10.28 06:02:49.537,1.30401,1.30465,1.35,1.50
2011.10.28 06:02:52.141,1.30409,1.30478,1.50,1.50
2011.10.28 06:02:52.257,1.30409,1.30478,1.50,1.50
2011.10.28 06:02:52.830,1.30409,1.30472,1.50,1.50
2011.10.28 06:02:53.165,1.30409,1.30472,1.50,1.50
2011.10.28 06:02:53.726,1.30402,1.30468,1.50,2.63
2011.10.28 06:02:54.396,1.30402,1.30473,1.50,1.50
2011.10.28 06:02:54.738,1.30404,1.30469,1.50,1.50
2011.10.28 06:02:59.348,1.30397,1.30463,1.50,3.38
2011.10.28 06:02:59.698,1.30397,1.30464,1.50,1.50
2011.10.28 06:03:00.045,1.30397,1.30463,3.38,1.50
2011.10.28 06:03:01.418,1.3041,1.30468,1.50,1.50
2011.10.28 06:03:01.541,1.30407,1.30473,1.35,1.50
2011.10.28 06:03:02.394,1.30409,1.30474,1.50,1.50
2011.10.28 06:03:02.854,1.304,1.30469,1.50,2.63
2011.10.28 06:03:05.356,1.304,1.30464,1.50,1.50
2011.10.28 06:03:05.747,1.304,1.30463,1.50,1.50
2011.10.28 06:03:08.805,1.304,1.30461,1.50,1.50
2011.10.28 06:03:08.924,1.304,1.30463,1.50,1.50
2011.10.28 06:03:09.204,1.304,1.30458,1.50,1.50
2011.10.28 06:03:09.765,1.304,1.30464,1.50,1.50
2011.10.28 06:03:12.715,1.304,1.30465,1.50,1.50
2011.10.28 06:03:16.717,1.304,1.30465,1.50,1.50
2011.10.28 06:03:16.841,1.30392,1.30461,3.98,1.50
2011.10.28 06:03:16.956,1.30396,1.30463,2.63,1.50
2011.10.28 06:03:17.295,1.30401,1.30465,1.13,1.50
2011.10.28 06:03:20.455,1.30402,1.3047,3.38,1.50
2011.10.28 06:03:20.580,1.30408,1.30473,2.48,1.50
2011.10.28 06:03:22.378,1.30411,1.30476,2.63,1.50
2011.10.28 06:03:23.416,1.30407,1.30476,3.38,1.50
2011.10.28 06:03:24.035,1.30407,1.30474,3.38,1.50
2011.10.28 06:03:24.167,1.30407,1.30474,3.23,1.50
2011.10.28 06:03:24.290,1.30412,1.30474,2.63,1.50
2011.10.28 06:03:25.014,1.30412,1.30474,2.63,1.50
2011.10.28 06:03:27.049,1.30412,1.30479,2.63,1.50
2011.10.28 06:03:29.341,1.30417,1.30479,2.63,1.50
2011.10.28 06:03:34.001,1.30414,1.30479,2.48,2.25
2011.10.28 06:03:34.975,1.30412,1.30478,2.63,2.25
2011.10.28 06:03:38.266,1.30417,1.30478,2.63,3.00
2011.10.28 06:03:41.743,1.30412,1.30476,3.38,3.00
2011.10.28 06:03:42.134,1.30417,1.30476,2.63,3.00
2011.10.28 06:03:46.584,1.30412,1.30471,1.13,1.50
2011.10.28 06:03:54.980,1.30402,1.3046,2.63,1.50
2011.10.28 06:04:02.285,1.30403,1.30468,1.50,1.50
2011.10.28 06:04:07.639,1.30402,1.3046,2.63,1.50
2011.10.28 06:04:08.965,1.30404,1.30468,2.48,1.50
2011.10.28 06:04:14.477,1.30402,1.3046,2.63,1.50
2011.10.28 06:04:14.998,1.30397,1.30459,4.35,1.50
2011.10.28 06:04:26.947,1.30392,1.30463,2.63,3.38
2011.10.28 06:04:29.348,1.30392,1.30456,2.63,1.50
2011.10.28 06:04:29.837,1.30392,1.3046,2.63,1.50
2011.10.28 06:04:38.299,1.30397,1.30464,5.10,1.50
2011.10.28 06:04:43.276,1.30402,1.3046,2.63,1.50
2011.10.28 06:04:46.819,1.30404,1.30468,1.50,2.25
2011.10.28 06:04:58.146,1.30411,1.30474,3.38,1.50
2011.10.28 06:04:58.941,1.30411,1.30474,3.38,1.50
2011.10.28 06:05:01.167,1.30406,1.3047,2.63,1.50
2011.10.28 06:05:01.527,1.30406,1.30469,2.63,1.50
2011.10.28 06:05:15.395,1.30403,1.3046,1.50,1.50
2011.10.28 06:05:19.027,1.30403,1.30459,1.50,1.50
2011.10.28 06:05:20.424,1.30395,1.30456,1.50,1.50
2011.10.28 06:05:49.665,1.30396,1.30463,2.63,1.50
2011.10.28 06:05:49.897,1.30397,1.30463,2.48,1.50
2011.10.28 06:05:52.487,1.30397,1.3046,2.48,1.50
2011.10.28 06:05:52.729,1.30396,1.30459,2.63,1.50
2011.10.28 06:05:54.430,1.30395,1.30458,1.50,1.50
2011.10.28 06:05:55.007,1.30395,1.30458,1.50,1.50
2011.10.28 06:05:55.835,1.30418,1.30467,1.50,1.50
2011.10.28 06:05:55.958,1.30431,1.30476,2.48,3.00
2011.10.28 06:05:59.745,1.30432,1.30476,1.50,3.00
2011.10.28 06:06:05.254,1.30438,1.30476,1.13,3.00
2011.10.28 06:06:08.786,1.30439,1.30476,1.50,3.00
2011.10.28 06:06:08.906,1.30441,1.30476,2.63,3.00
2011.10.28 06:06:09.848,1.30441,1.30476,1.88,2.25
2011.10.28 06:06:12.308,1.3044,1.30476,1.13,3.00
2011.10.28 06:06:12.865,1.30441,1.30476,1.50,2.25
2011.10.28 06:06:13.095,1.3044,1.30498,1.88,1.50
2011.10.28 06:06:17.839,1.3044,1.30499,1.88,1.50
2011.10.28 06:06:20.985,1.3044,1.30493,1.88,1.50
2011.10.28 06:06:21.565,1.30441,1.30503,2.63,1.50
2011.10.28 06:06:22.125,1.3044,1.30499,1.88,1.50
2011.10.28 06:06:23.145,1.3044,1.30494,1.88,1.50
2011.10.28 06:06:24.918,1.3044,1.30494,1.88,1.50
2011.10.28 06:06:28.936,1.30441,1.30494,1.50,1.50
2011.10.28 06:06:29.277,1.30445,1.30503,1.50,1.50
2011.10.28 06:06:29.624,1.30447,1.30499,1.88,1.50
2011.10.28 06:06:30.374,1.30447,1.30508,3.38,1.50
2011.10.28 06:06:31.288,1.30439,1.30503,1.50,3.38
2011.10.28 06:06:31.626,1.30442,1.30506,2.63,1.05
2011.10.28 06:06:32.296,1.30445,1.30506,1.50,1.05
2011.10.28 06:06:37.756,1.30447,1.30507,2.10,1.20
2011.10.28 06:06:38.100,1.30447,1.30507,2.10,1.20
2011.10.28 06:06:39.528,1.30451,1.30506,2.63,1.05
2011.10.28 06:06:40.974,1.30447,1.30499,1.35,2.63
2011.10.28 06:06:42.966,1.30447,1.30503,1.35,1.65
2011.10.28 06:06:46.077,1.30447,1.30503,1.35,1.50
2011.10.28 06:06:46.635,1.30447,1.30503,1.35,1.50
2011.10.28 06:06:48.298,1.30452,1.30513,2.63,1.50
2011.10.28 06:06:48.636,1.30452,1.30514,2.63,1.50
2011.10.28 06:06:58.066,1.30451,1.30508,2.63,1.50
2011.10.28 06:06:58.956,1.30451,1.30508,2.63,1.50
2011.10.28 06:07:05.633,1.30446,1.30504,2.63,1.50
2011.10.28 06:07:06.128,1.30438,1.30503,1.50,2.63
2011.10.28 06:07:07.360,1.30446,1.30504,2.63,1.50
2011.10.28 06:07:11.786,1.30446,1.30504,2.63,1.50
2011.10.28 06:07:12.125,1.30446,1.30504,2.63,1.50
2011.10.28 06:07:12.609,1.30446,1.30503,2.63,1.50
2011.10.28 06:07:13.278,1.30446,1.30508,2.63,1.50
2011.10.28 06:07:14.067,1.30447,1.30504,2.63,1.50
2011.10.28 06:07:21.794,1.30447,1.30503,2.63,1.50
2011.10.28 06:07:22.966,1.30447,1.30498,2.63,1.50
2011.10.28 06:07:23.799,1.30446,1.30498,2.63,1.50
2011.10.28 06:07:26.280,1.30447,1.30504,2.63,1.50
2011.10.28 06:07:34.375,1.30456,1.30504,2.48,1.50
2011.10.28 06:07:34.510,1.30468,1.30524,1.73,1.50
2011.10.28 06:07:34.754,1.30461,1.30517,1.35,1.50
2011.10.28 06:07:35.316,1.30457,1.30514,2.63,1.50
2011.10.28 06:07:38.313,1.30447,1.30503,2.48,1.50
2011.10.28 06:07:38.437,1.30444,1.30503,1.50,1.50
2011.10.28 06:07:38.681,1.30444,1.30509,1.50,1.50
2011.10.28 06:07:39.249,1.30428,1.30504,1.50,2.25
2011.10.28 06:07:39.587,1.30428,1.30504,1.50,1.50
2011.10.28 06:07:45.791,1.30436,1.30503,1.50,1.50
2011.10.28 06:07:46.367,1.30441,1.30514,2.63,1.50
2011.10.28 06:07:46.596,1.30437,1.30514,2.25,1.50
2011.10.28 06:07:47.106,1.30438,1.30514,1.50,1.50
2011.10.28 06:07:47.557,1.30437,1.30514,2.25,1.50
2011.10.28 06:07:50.905,1.30447,1.30514,2.48,1.50
2011.10.28 06:07:54.126,1.30449,1.30523,1.50,1.50
2011.10.28 06:07:56.729,1.30449,1.30513,1.50,1.50
2011.10.28 06:07:56.969,1.30441,1.30513,2.63,1.50
2011.10.28 06:07:57.305,1.30444,1.30513,1.50,1.50
2011.10.28 06:07:58.190,1.30442,1.30518,3.38,2.25
2011.10.28 06:07:59.257,1.30442,1.30513,2.63,1.50
2011.10.28 06:07:59.709,1.3044,1.30513,1.50,1.50
2011.10.28 06:08:01.839,1.30437,1.30508,2.63,1.13
2011.10.28 06:08:02.189,1.30436,1.30508,1.50,1.50
2011.10.28 06:08:05.402,1.30439,1.30503,3.23,1.50
2011.10.28 06:08:06.609,1.30442,1.30498,2.63,1.50
2011.10.28 06:08:06.947,1.30439,1.30498,1.50,1.50
2011.10.28 06:08:07.946,1.30442,1.30502,1.13,1.50
2011.10.28 06:08:09.979,1.30439,1.30504,1.50,1.50
2011.10.28 06:08:18.431,1.30451,1.30504,3.38,1.50
2011.10.28 06:08:18.658,1.30462,1.30518,1.50,1.50
2011.10.28 06:08:19.007,1.30457,1.30517,2.63,1.05
2011.10.28 06:08:20.366,1.30451,1.30514,1.50,1.88
2011.10.28 06:08:21.256,1.30446,1.30514,2.63,1.88
2011.10.28 06:08:22.978,1.30446,1.30503,2.63,1.50
2011.10.28 06:08:23.755,1.30442,1.30499,2.63,1.50
2011.10.28 06:08:23.985,1.30441,1.30499,1.13,1.50
2011.10.28 06:08:27.106,1.30437,1.30493,2.25,1.50
2011.10.28 06:08:28.438,1.30437,1.30493,2.25,1.50
2011.10.28 06:08:29.244,1.30437,1.30493,2.25,1.50
2011.10.28 06:08:29.599,1.30437,1.30485,2.25,1.13
2011.10.28 06:08:31.458,1.30437,1.30485,2.25,1.70
2011.10.28 06:08:31.685,1.30437,1.30485,2.25,1.70
2011.10.28 06:08:46.989,1.30443,1.30485,1.50,1.33
2011.10.28 06:08:47.344,1.30472,1.30504,1.88,1.70
2011.10.28 06:08:47.470,1.30466,1.30504,2.48,2.08
2011.10.28 06:08:47.708,1.30457,1.30502,1.50,1.70
2011.10.28 06:08:48.156,1.30457,1.30499,2.63,1.13
2011.10.28 06:08:48.991,1.30451,1.30499,1.13,1.13
2011.10.28 06:08:49.545,1.30451,1.30492,1.13,1.13
2011.10.28 06:08:49.906,1.30442,1.30489,1.13,1.70
2011.10.28 06:08:50.247,1.30447,1.3049,2.25,1.70
2011.10.28 06:08:51.208,1.30447,1.30492,2.25,1.70
2011.10.28 06:08:51.655,1.30447,1.30495,2.63,1.33
2011.10.28 06:08:51.780,1.30447,1.30496,2.63,1.70
2011.10.28 06:08:52.228,1.30447,1.30495,2.63,1.13
2011.10.28 06:08:52.890,1.30446,1.30492,2.25,1.70
2011.10.28 06:08:56.665,1.30452,1.30496,2.63,1.33
2011.10.28 06:08:56.911,1.30457,1.30503,2.63,1.70
2011.10.28 06:08:57.148,1.30457,1.30501,2.63,2.08
2011.10.28 06:08:57.266,1.30451,1.30495,2.63,1.33
2011.10.28 06:08:57.608,1.30456,1.30502,2.63,1.33
2011.10.28 06:08:57.948,1.30461,1.30502,1.50,1.70
2011.10.28 06:08:58.177,1.30451,1.30497,3.38,1.33
2011.10.28 06:08:58.296,1.30451,1.30497,3.38,1.33
2011.10.28 06:08:58.857,1.30451,1.30497,2.63,1.70
2011.10.28 06:08:59.497,1.30464,1.30497,1.50,1.70
2011.10.28 06:08:59.618,1.30464,1.30512,2.48,1.13
2011.10.28 06:08:59.739,1.30467,1.30512,2.63,1.13
2011.10.28 06:09:00.676,1.30471,1.30513,1.88,1.70
2011.10.28 06:09:01.415,1.30471,1.30513,1.88,1.70
2011.10.28 06:09:02.594,1.30473,1.30513,1.13,1.70
2011.10.28 06:09:03.159,1.30472,1.30513,1.88,1.70
2011.10.28 06:09:03.607,1.30471,1.30511,1.88,1.70
2011.10.28 06:09:04.057,1.30466,1.3051,2.63,1.33
2011.10.28 06:09:05.235,1.30401,1.30489,1.50,1.70
2011.10.28 06:09:05.469,1.3038,1.30458,1.50,1.35
2011.10.28 06:09:05.589,1.3039,1.30465,1.50,1.35
2011.10.28 06:09:05.817,1.30436,1.30485,1.50,1.50
2011.10.28 06:09:05.936,1.30442,1.305,1.50,1.33
2011.10.28 06:09:06.166,1.3045,1.30505,1.35,1.13
2011.10.28 06:09:06.289,1.3045,1.30503,1.35,1.13
2011.10.28 06:09:06.866,1.3046,1.305,1.35,1.70
2011.10.28 06:09:07.237,1.30462,1.305,2.63,1.70
2011.10.28 06:09:07.359,1.30466,1.30514,1.13,1.70
2011.10.28 06:09:07.600,1.30462,1.30502,1.50,1.13
2011.10.28 06:09:08.056,1.30462,1.30502,1.13,1.33
2011.10.28 06:09:10.071,1.30462,1.30506,2.63,1.70
2011.10.28 06:09:13.704,1.30466,1.30506,1.13,1.13
2011.10.28 06:09:14.410,1.30462,1.30506,2.63,1.70
2011.10.28 06:09:14.976,1.30466,1.30507,1.13,1.70
2011.10.28 06:09:15.751,1.30461,1.30507,3.00,1.70
2011.10.28 06:09:16.536,1.30457,1.30506,1.50,1.33
2011.10.28 06:09:17.008,1.30462,1.30507,2.63,1.70
2011.10.28 06:09:17.817,1.30467,1.30507,2.63,1.70
2011.10.28 06:09:18.168,1.30477,1.30518,1.88,1.13
2011.10.28 06:09:20.031,1.30481,1.30518,2.48,1.33
2011.10.28 06:09:20.376,1.30487,1.30528,2.48,1.70
2011.10.28 06:09:21.635,1.30484,1.30528,1.05,1.70
2011.10.28 06:09:21.756,1.30484,1.30528,1.05,1.70
2011.10.28 06:09:22.646,1.30474,1.30518,1.43,1.13
2011.10.28 06:09:23.111,1.30475,1.30519,1.35,1.70
2011.10.28 06:09:23.445,1.30473,1.30519,1.35,1.70
2011.10.28 06:09:24.607,1.30475,1.30518,1.35,1.33
2011.10.28 06:09:24.849,1.30478,1.30528,1.05,1.33
2011.10.28 06:09:24.970,1.30486,1.30528,2.63,1.33
2011.10.28 06:09:25.605,1.30486,1.30528,1.88,1.13
2011.10.28 06:09:26.167,1.30486,1.30528,1.88,1.70
2011.10.28 06:09:27.618,1.30478,1.30528,1.20,1.70
2011.10.28 06:09:27.847,1.30464,1.30502,1.50,1.70
2011.10.28 06:09:28.187,1.30461,1.30505,2.63,1.33
2011.10.28 06:09:28.417,1.30464,1.30505,1.13,1.33
2011.10.28 06:09:29.196,1.30467,1.30508,2.63,1.70
2011.10.28 06:09:29.318,1.3047,1.30508,1.73,1.33
2011.10.28 06:09:29.439,1.3047,1.30518,1.73,1.70
2011.10.28 06:09:29.558,1.30466,1.30514,2.63,1.13
2011.10.28 06:09:30.184,1.30472,1.30515,1.88,1.70
2011.10.28 06:09:31.563,1.30466,1.30506,2.63,1.70
2011.10.28 06:09:31.690,1.30461,1.30503,2.63,1.13
2011.10.28 06:09:32.038,1.30459,1.305,1.13,1.13
2011.10.28 06:09:32.597,1.30457,1.305,2.63,1.13
2011.10.28 06:09:33.438,1.30446,1.30499,3.38,1.70
2011.10.28 06:09:33.560,1.30447,1.30498,2.63,1.70
2011.10.28 06:09:48.185,1.30447,1.30498,1.50,1.70
2011.10.28 06:09:48.958,1.30479,1.30522,1.73,1.50
2011.10.28 06:09:49.199,1.30494,1.3055,1.50,1.33
2011.10.28 06:09:49.320,1.30484,1.30534,1.50,1.33
2011.10.28 06:09:49.662,1.30494,1.30539,1.50,1.33
2011.10.28 06:09:49.888,1.30494,1.30539,1.50,1.33
2011.10.28 06:09:50.536,1.30498,1.30532,1.50,1.33
2011.10.28 06:09:50.898,1.30495,1.30526,1.50,1.33
2011.10.28 06:09:51.016,1.30495,1.30526,1.50,1.33
2011.10.28 06:09:51.583,1.30497,1.30534,2.63,1.33
2011.10.28 06:09:51.708,1.30497,1.30534,2.63,1.33
2011.10.28 06:09:51.832,1.30497,1.30528,1.50,1.33
2011.10.28 06:09:52.166,1.30501,1.30528,1.88,1.33
2011.10.28 06:09:52.506,1.30501,1.30528,1.88,1.13
2011.10.28 06:09:53.969,1.30492,1.30529,4.35,1.70
2011.10.28 06:09:54.721,1.30486,1.30542,1.73,1.33
2011.10.28 06:09:54.840,1.30497,1.30555,1.88,1.50
2011.10.28 06:09:54.962,1.30497,1.30558,2.63,1.50
2011.10.28 06:09:55.212,1.30497,1.30554,2.63,1.33
2011.10.28 06:09:55.582,1.30497,1.30562,3.38,1.35
2011.10.28 06:09:56.260,1.30511,1.30563,2.63,2.45
2011.10.28 06:09:56.487,1.30517,1.30564,1.88,1.50
2011.10.28 06:09:56.718,1.30512,1.30564,2.63,1.50
2011.10.28 06:09:57.352,1.30517,1.30564,1.88,1.50
2011.10.28 06:09:57.908,1.30516,1.3057,1.88,1.13
2011.10.28 06:10:00.245,1.30516,1.30569,1.88,1.50
2011.10.28 06:10:02.500,1.30516,1.30569,1.88,1.50
2011.10.28 06:10:08.328,1.30512,1.30569,1.88,1.50
2011.10.28 06:10:08.562,1.30512,1.30564,1.88,1.13
2011.10.28 06:10:08.682,1.30507,1.30564,1.88,1.70
2011.10.28 06:10:08.811,1.30507,1.3056,1.88,1.13
2011.10.28 06:10:09.148,1.30501,1.3056,1.88,1.70
2011.10.28 06:10:10.355,1.30507,1.3056,1.88,1.70
2011.10.28 06:10:10.707,1.30507,1.30564,1.88,2.45
2011.10.28 06:10:12.415,1.30507,1.30563,1.88,1.50
2011.10.28 06:10:12.759,1.30502,1.30558,1.88,1.50
2011.10.28 06:10:12.880,1.30502,1.30556,1.88,1.33
2011.10.28 06:10:12.999,1.30502,1.30556,1.88,1.33
2011.10.28 06:10:13.118,1.30502,1.30561,1.88,1.70
2011.10.28 06:10:13.482,1.30502,1.30554,1.88,1.70
2011.10.28 06:10:13.819,1.30502,1.30559,2.63,1.33
2011.10.28 06:10:13.936,1.30506,1.30563,1.50,2.08
2011.10.28 06:10:14.741,1.30507,1.30563,1.88,2.08
2011.10.28 06:10:14.859,1.30502,1.30563,2.63,1.50
2011.10.28 06:10:14.978,1.30502,1.30559,1.88,1.50
2011.10.28 06:10:15.100,1.30502,1.30556,1.88,1.33
2011.10.28 06:10:15.220,1.30496,1.30556,2.63,1.33
2011.10.28 06:10:15.447,1.30502,1.30556,1.88,1.33
2011.10.28 06:10:15.788,1.30507,1.30559,1.13,1.50
2011.10.28 06:10:16.127,1.30507,1.30565,2.25,1.13
2011.10.28 06:10:16.251,1.30512,1.30565,2.63,1.70
2011.10.28 06:10:16.491,1.30508,1.30561,1.50,1.13
2011.10.28 06:10:17.799,1.30502,1.30556,1.50,1.13
2011.10.28 06:10:18.136,1.30514,1.30556,1.50,1.13
2011.10.28 06:10:18.488,1.30517,1.30571,2.25,1.13
2011.10.28 06:10:18.608,1.3053,1.30579,1.50,1.05
2011.10.28 06:10:18.845,1.30524,1.30585,1.05,1.70
2011.10.28 06:10:18.970,1.3053,1.30585,1.35,1.13
2011.10.28 06:10:19.197,1.3053,1.30592,1.35,1.50
2011.10.28 06:10:19.316,1.30529,1.30579,1.35,1.33
2011.10.28 06:10:19.658,1.3054,1.30593,1.50,1.50
2011.10.28 06:10:19.776,1.30541,1.30593,2.63,1.50
2011.10.28 06:10:20.088,1.30541,1.30593,1.88,1.50
2011.10.28 06:10:21.285,1.30541,1.30593,2.63,1.50
2011.10.28 06:10:26.621,1.30541,1.30593,1.88,1.33
2011.10.28 06:10:26.740,1.30537,1.30593,2.63,2.08
2011.10.28 06:10:26.860,1.30537,1.3059,1.88,1.13
2011.10.28 06:10:27.493,1.30532,1.30586,3.38,1.13
2011.10.28 06:10:27.726,1.30536,1.30591,1.88,1.70
2011.10.28 06:10:28.327,1.30536,1.30595,2.63,1.13
2011.10.28 06:10:28.558,1.30541,1.30595,1.88,1.13
2011.10.28 06:10:29.137,1.30541,1.30595,1.88,1.70
2011.10.28 06:10:29.718,1.30541,1.30595,1.88,1.70
2011.10.28 06:10:29.837,1.30541,1.30595,1.88,1.33
2011.10.28 06:10:30.517,1.30542,1.30595,1.88,1.70
2011.10.28 06:10:34.075,1.30536,1.30595,1.65,1.70
2011.10.28 06:10:34.417,1.30519,1.30575,1.35,1.50
2011.10.28 06:10:34.760,1.30542,1.30594,1.88,1.70
2011.10.28 06:10:35.576,1.30541,1.30594,1.88,1.70
2011.10.28 06:10:36.185,1.30542,1.30594,1.88,1.70
2011.10.28 06:10:39.368,1.30542,1.30594,2.63,1.70
2011.10.28 06:10:41.394,1.30547,1.30594,1.88,1.70
2011.10.28 06:10:41.958,1.30541,1.30594,2.63,1.70
2011.10.28 06:10:44.029,1.30547,1.30594,1.88,1.70
2011.10.28 06:10:44.152,1.30547,1.30595,1.88,1.33
2011.10.28 06:10:44.388,1.30551,1.30599,1.50,1.13
2011.10.28 06:10:46.495,1.30546,1.30599,2.63,1.13
2011.10.28 06:10:48.749,1.30546,1.30594,1.88,1.13
2011.10.28 06:10:49.098,1.30541,1.30594,2.63,1.70
2011.10.28 06:10:49.615,1.30541,1.30591,2.63,1.33
2011.10.28 06:10:49.847,1.30541,1.3059,2.63,1.70
2011.10.28 06:10:51.061,1.30541,1.30585,1.88,1.50
2011.10.28 06:10:51.177,1.30541,1.30588,2.63,1.70
2011.10.28 06:10:54.990,1.30541,1.30584,2.63,1.50
2011.10.28 06:10:55.338,1.30541,1.30589,2.63,1.50
2011.10.28 06:10:56.019,1.30541,1.30589,2.63,1.50
2011.10.28 06:10:56.594,1.30547,1.30589,1.13,1.50
2011.10.28 06:11:00.010,1.30542,1.30589,2.63,1.50
2011.10.28 06:11:00.347,1.30542,1.3059,2.63,1.13
2011.10.28 06:11:01.083,1.30551,1.30594,1.88,1.70
2011.10.28 06:11:02.368,1.30546,1.30594,2.63,1.13
2011.10.28 06:11:04.436,1.30547,1.3059,2.63,1.50
2011.10.28 06:11:05.746,1.30534,1.30583,1.50,1.73
2011.10.28 06:11:06.379,1.30529,1.30576,2.63,1.35
2011.10.28 06:11:06.495,1.30508,1.30576,1.05,1.35
2011.10.28 06:11:07.057,1.30502,1.30578,2.63,2.25
2011.10.28 06:11:12.375,1.30502,1.30576,3.38,1.50
2011.10.28 06:11:13.947,1.30502,1.30576,3.38,1.50
2011.10.28 06:11:14.176,1.30502,1.30576,3.38,2.25
2011.10.28 06:11:18.251,1.30502,1.3057,3.38,1.33
2011.10.28 06:11:18.367,1.30502,1.30567,3.38,1.70
2011.10.28 06:11:18.603,1.30502,1.30567,3.38,1.13
2011.10.28 06:11:19.369,1.30502,1.30567,3.38,1.70
2011.10.28 06:11:19.938,1.30506,1.30567,2.48,1.70
2011.10.28 06:11:20.518,1.30502,1.30566,3.38,1.13
2011.10.28 06:11:22.296,1.30502,1.30567,2.63,1.33
2011.10.28 06:11:23.286,1.30501,1.30566,5.85,1.33
2011.10.28 06:11:24.438,1.30508,1.30566,1.50,1.13
2011.10.28 06:11:24.557,1.30513,1.3057,1.73,1.13
2011.10.28 06:11:24.897,1.30513,1.3057,2.48,1.13
2011.10.28 06:11:27.839,1.30513,1.3057,2.48,1.13
2011.10.28 06:11:28.861,1.30513,1.3057,2.48,1.13
2011.10.28 06:11:28.976,1.30513,1.3057,2.48,1.13
2011.10.28 06:11:29.320,1.30511,1.3057,2.63,1.70
2011.10.28 06:11:29.985,1.30511,1.3057,2.63,1.13
2011.10.28 06:11:31.018,1.30501,1.30565,2.63,1.70
2011.10.28 06:11:31.578,1.30507,1.30564,2.63,1.13
2011.10.28 06:11:32.538,1.30534,1.30583,1.73,1.50
2011.10.28 06:11:32.660,1.30523,1.30573,1.50,1.33
2011.10.28 06:11:32.997,1.30514,1.3057,1.50,1.70
2011.10.28 06:11:33.740,1.30512,1.30568,2.25,1.50
2011.10.28 06:11:34.299,1.30509,1.30562,1.50,1.33
2011.10.28 06:11:34.526,1.30511,1.30568,2.63,1.13
2011.10.28 06:11:35.209,1.30511,1.30568,2.63,1.13
2011.10.28 06:11:37.198,1.30511,1.30564,2.63,1.50
2011.10.28 06:11:40.085,1.30522,1.30564,1.50,1.50
2011.10.28 06:11:40.437,1.30523,1.30574,3.23,1.50
2011.10.28 06:11:40.559,1.30515,1.30572,1.50,1.50
2011.10.28 06:11:40.680,1.30508,1.30564,1.50,1.70
2011.10.28 06:11:40.907,1.30515,1.30572,1.50,1.13
2011.10.28 06:11:41.960,1.30519,1.30572,1.50,1.13
2011.10.28 06:11:42.399,1.30519,1.30572,1.50,1.13
2011.10.28 06:11:43.147,1.30519,1.30572,1.50,1.13
2011.10.28 06:11:43.729,1.30537,1.30575,1.50,1.33
2011.10.28 06:11:43.966,1.30537,1.30585,1.50,1.70
2011.10.28 06:11:45.645,1.3054,1.3058,1.50,1.50
2011.10.28 06:11:48.769,1.30522,1.30574,1.05,1.50
2011.10.28 06:11:48.887,1.30516,1.30573,2.63,1.70
2011.10.28 06:11:49.119,1.30531,1.30579,1.50,1.50
2011.10.28 06:11:49.460,1.30531,1.3058,1.50,1.88
2011.10.28 06:11:49.795,1.30533,1.30579,1.50,1.50
2011.10.28 06:11:50.347,1.30533,1.30579,1.50,1.50
2011.10.28 06:11:50.987,1.30531,1.30579,1.50,1.50
2011.10.28 06:11:51.643,1.30531,1.30579,1.50,1.50
2011.10.28 06:11:55.004,1.30524,1.30577,1.05,1.50
2011.10.28 06:11:55.131,1.30521,1.30574,2.48,1.50
2011.10.28 06:11:55.253,1.30516,1.30574,2.63,1.50
2011.10.28 06:11:55.797,1.30516,1.30572,2.63,1.33
2011.10.28 06:11:56.366,1.30516,1.30572,2.63,1.33
2011.10.28 06:12:03.719,1.30516,1.30563,2.63,1.50
2011.10.28 06:12:09.685,1.30516,1.30563,2.63,1.50
2011.10.28 06:12:18.591,1.30512,1.30558,2.63,1.50
2011.10.28 06:12:20.168,1.30511,1.30559,1.50,1.50
2011.10.28 06:12:20.625,1.30508,1.30554,1.50,1.50
2011.10.28 06:12:20.746,1.30507,1.30554,2.63,1.50
2011.10.28 06:12:23.426,1.305,1.30549,1.35,1.50
2011.10.28 06:12:26.187,1.30502,1.30554,3.00,1.88
2011.10.28 06:12:27.635,1.30511,1.30554,1.35,1.50
2011.10.28 06:12:27.766,1.30531,1.30575,2.63,1.33
2011.10.28 06:12:29.247,1.30531,1.30575,2.63,1.33
2011.10.28 06:12:29.592,1.30531,1.30578,3.83,1.53
2011.10.28 06:12:29.723,1.30539,1.30578,1.05,1.33
2011.10.28 06:12:30.069,1.30534,1.30575,1.05,1.35
2011.10.28 06:12:30.187,1.30531,1.30575,3.53,1.35
2011.10.28 06:12:30.749,1.30531,1.30575,3.53,1.33
2011.10.28 06:12:30.981,1.30531,1.30576,3.38,1.33
2011.10.28 06:12:31.315,1.30531,1.30575,3.53,1.33
2011.10.28 06:12:32.757,1.30531,1.30576,3.38,1.35
2011.10.28 06:12:33.095,1.30536,1.30582,1.88,1.35
2011.10.28 06:12:33.656,1.30536,1.30582,2.63,1.35
2011.10.28 06:12:34.970,1.30536,1.30582,3.08,1.35
2011.10.28 06:12:38.770,1.30536,1.30582,3.08,2.10
2011.10.28 06:12:40.747,1.30536,1.30576,2.33,1.33
2011.10.28 06:12:41.201,1.30533,1.30575,1.20,1.33
2011.10.28 06:12:41.587,1.30537,1.30586,2.48,1.88
2011.10.28 06:12:41.707,1.30537,1.30583,2.48,1.50
2011.10.28 06:12:41.938,1.30537,1.30576,1.88,1.33
2011.10.28 06:12:42.168,1.30532,1.30576,2.85,1.33
2011.10.28 06:12:45.307,1.30532,1.30575,2.85,1.35
2011.10.28 06:12:45.767,1.30523,1.30564,1.50,1.33
2011.10.28 06:12:45.889,1.30522,1.30566,1.50,1.50
2011.10.28 06:12:46.252,1.30526,1.30566,1.35,1.50
2011.10.28 06:12:46.479,1.30531,1.30576,1.20,1.50
2011.10.28 06:12:47.345,1.30537,1.30572,2.33,1.13
2011.10.28 06:12:48.960,1.30534,1.30577,1.05,1.50
2011.10.28 06:12:49.076,1.30531,1.30577,3.90,1.50
2011.10.28 06:12:49.320,1.30531,1.30573,3.15,1.13
2011.10.28 06:12:49.658,1.30532,1.30573,2.85,1.13
2011.10.28 06:12:50.382,1.30541,1.30573,2.03,1.13
2011.10.28 06:12:50.717,1.30547,1.30573,1.88,1.13
2011.10.28 06:12:51.278,1.30542,1.30572,1.88,1.13
2011.10.28 06:12:51.619,1.30542,1.30583,1.88,1.53
2011.10.28 06:12:53.297,1.30542,1.30574,1.50,1.33
2011.10.28 06:12:53.527,1.30536,1.30573,1.88,1.13
2011.10.28 06:12:54.086,1.30542,1.30572,1.88,1.13
2011.10.28 06:12:54.441,1.30548,1.30584,1.05,1.16
2011.10.28 06:12:55.059,1.30532,1.30584,2.78,1.13
2011.10.28 06:12:55.177,1.30542,1.30584,1.88,1.13
2011.10.28 06:12:55.735,1.30542,1.30585,1.88,1.16
2011.10.28 06:12:57.579,1.30532,1.30585,2.10,1.16
2011.10.28 06:12:57.699,1.30527,1.30581,2.48,1.33
2011.10.28 06:12:57.821,1.30527,1.30573,1.88,1.13
2011.10.28 06:12:58.177,1.30531,1.30584,2.48,1.16
2011.10.28 06:12:58.297,1.30546,1.30584,1.50,1.13
2011.10.28 06:12:58.636,1.30542,1.30583,1.88,1.53
2011.10.28 06:12:58.758,1.30541,1.30583,1.88,1.53
2011.10.28 06:12:59.323,1.30547,1.30584,1.88,1.33
2011.10.28 06:12:59.458,1.30541,1.30585,1.88,1.13
2011.10.28 06:12:59.697,1.30542,1.30583,1.88,1.53
2011.10.28 06:13:00.147,1.30547,1.30585,1.88,1.13
2011.10.28 06:13:00.655,1.30547,1.30585,1.88,1.13
2011.10.28 06:13:00.887,1.30541,1.30585,1.88,1.13
2011.10.28 06:13:01.239,1.30541,1.30573,1.88,1.13
2011.10.28 06:13:01.477,1.30536,1.30573,1.88,1.13
2011.10.28 06:13:02.288,1.30542,1.30573,1.50,1.13
2011.10.28 06:13:05.646,1.30542,1.30573,1.88,1.13
2011.10.28 06:13:11.625,1.30536,1.30573,1.88,1.13
2011.10.28 06:13:12.367,1.30541,1.30573,1.88,1.13
2011.10.28 06:13:15.038,1.30541,1.30583,1.88,1.53
2011.10.28 06:13:18.225,1.30541,1.30583,1.88,1.53
2011.10.28 06:13:19.940,1.30541,1.30583,1.88,1.53
2011.10.28 06:13:20.060,1.30536,1.30577,1.88,1.50
2011.10.28 06:13:20.409,1.30536,1.30573,1.88,1.13
2011.10.28 06:13:20.527,1.30542,1.30573,1.88,1.13
2011.10.28 06:13:22.899,1.30542,1.30573,1.88,1.13
2011.10.28 06:13:23.020,1.30536,1.30572,1.88,1.13
2011.10.28 06:13:23.466,1.30536,1.30572,1.88,1.13
2011.10.28 06:13:23.585,1.30541,1.30572,1.88,1.13
2011.10.28 06:13:24.989,1.30531,1.30572,2.63,1.13
2011.10.28 06:13:25.221,1.30531,1.30573,1.88,1.13
2011.10.28 06:13:25.449,1.30531,1.30572,1.88,1.13
2011.10.28 06:13:28.889,1.30531,1.30578,2.63,1.50
2011.10.28 06:13:42.376,1.30536,1.30578,1.88,1.50
2011.10.28 06:13:42.838,1.30536,1.30585,2.63,1.16
2011.10.28 06:13:43.080,1.30541,1.30584,1.88,1.35
2011.10.28 06:13:43.429,1.30535,1.30585,1.35,1.16
2011.10.28 06:13:43.549,1.30532,1.30579,2.63,1.53
2011.10.28 06:13:44.327,1.30532,1.30579,1.88,1.53
2011.10.28 06:13:45.906,1.30527,1.30579,2.63,1.53
2011.10.28 06:13:46.138,1.30527,1.30575,1.88,1.33
2011.10.28 06:13:53.049,1.30527,1.30569,1.88,2.28
2011.10.28 06:13:54.748,1.30527,1.30572,1.88,4.50
2011.10.28 06:13:54.979,1.30532,1.30577,1.88,2.28
2011.10.28 06:13:55.329,1.30541,1.30583,1.88,1.33
2011.10.28 06:13:55.446,1.30537,1.30583,2.63,1.33
2011.10.28 06:13:55.568,1.30537,1.30583,1.88,1.33
2011.10.28 06:13:56.125,1.30537,1.30584,1.88,2.10
2011.10.28 06:13:56.247,1.30537,1.30584,1.88,1.35
2011.10.28 06:13:56.587,1.30537,1.30587,2.63,1.50
2011.10.28 06:13:56.706,1.30552,1.30587,1.88,1.50
2011.10.28 06:13:59.607,1.30537,1.30587,2.63,1.50
2011.10.28 06:13:59.837,1.30537,1.30586,1.88,1.53
2011.10.28 06:14:00.066,1.30537,1.30586,1.88,1.53
2011.10.28 06:14:00.646,1.30537,1.30584,1.88,1.35
2011.10.28 06:14:02.571,1.30537,1.30584,1.88,2.10
2011.10.28 06:14:02.913,1.30537,1.30581,1.88,2.10
2011.10.28 06:14:03.260,1.30532,1.30572,1.88,1.13
2011.10.28 06:14:03.490,1.30531,1.30573,1.88,1.33
2011.10.28 06:14:05.228,1.30537,1.30579,1.88,1.53
2011.10.28 06:14:05.351,1.30537,1.30579,1.88,1.53
2011.10.28 06:14:13.808,1.30537,1.30579,1.88,1.53
2011.10.28 06:14:14.585,1.30537,1.30579,1.88,1.53
2011.10.28 06:14:18.308,1.30537,1.30579,1.88,1.53
2011.10.28 06:14:18.647,1.30537,1.30572,1.88,1.13
2011.10.28 06:14:19.548,1.30526,1.30573,1.88,1.50
2011.10.28 06:14:19.779,1.30528,1.3058,1.13,1.53
2011.10.28 06:14:20.437,1.30537,1.3058,1.88,1.53
2011.10.28 06:14:20.776,1.30537,1.3058,1.88,1.53
2011.10.28 06:14:21.610,1.30533,1.3058,1.13,1.53
2011.10.28 06:14:21.727,1.30531,1.30574,1.88,1.33
2011.10.28 06:14:21.960,1.30532,1.30572,1.88,1.13
2011.10.28 06:14:24.987,1.30525,1.30572,1.13,1.13
2011.10.28 06:14:25.118,1.30531,1.30572,1.88,1.13
2011.10.28 06:14:25.979,1.30531,1.30563,1.88,1.13
2011.10.28 06:14:26.642,1.30531,1.30563,1.88,1.13
2011.10.28 06:14:27.196,1.30531,1.30563,1.88,1.13
2011.10.28 06:14:27.887,1.30526,1.30563,1.88,1.13
2011.10.28 06:14:28.445,1.30527,1.30563,1.88,1.13
2011.10.28 06:14:29.385,1.30527,1.30563,1.88,1.13
2011.10.28 06:14:31.155,1.30527,1.30568,1.88,1.35
2011.10.28 06:14:31.531,1.30526,1.30568,2.63,1.35
2011.10.28 06:14:31.869,1.30532,1.30573,1.88,1.16
2011.10.28 06:14:33.196,1.30532,1.30573,1.88,1.16
2011.10.28 06:14:34.169,1.30532,1.30573,1.88,1.16
2011.10.28 06:14:39.617,1.30532,1.30572,1.88,1.13
2011.10.28 06:14:43.576,1.30536,1.30572,1.88,1.13
2011.10.28 06:14:43.697,1.30536,1.30574,2.63,1.33
2011.10.28 06:14:43.819,1.30536,1.3058,2.63,1.35
2011.10.28 06:14:43.936,1.30541,1.3058,1.88,1.35
2011.10.28 06:14:45.956,1.30541,1.3058,1.88,1.35
2011.10.28 06:14:46.797,1.30531,1.30575,1.88,1.53
2011.10.28 06:15:01.265,1.30531,1.30574,1.88,1.35
2011.10.28 06:15:01.797,1.30531,1.30574,1.88,1.35
2011.10.28 06:15:02.318,1.30531,1.30574,2.63,1.35
2011.10.28 06:15:02.436,1.30536,1.30574,1.88,1.35
2011.10.28 06:15:03.209,1.30536,1.3058,1.88,1.68
2011.10.28 06:15:04.337,1.30536,1.3058,1.88,1.53
2011.10.28 06:15:04.677,1.30537,1.30572,1.88,1.13
2011.10.28 06:15:05.018,1.30531,1.30573,1.88,1.33
2011.10.28 06:15:05.688,1.30526,1.30571,2.63,1.33
2011.10.28 06:15:05.937,1.30526,1.30566,2.63,1.13
2011.10.28 06:15:06.506,1.30527,1.30562,1.88,1.13
2011.10.28 06:15:07.701,1.30527,1.30568,1.88,1.53
2011.10.28 06:15:08.596,1.30527,1.30568,2.63,2.28
2011.10.28 06:15:09.458,1.30526,1.30568,1.88,2.28
2011.10.28 06:15:10.131,1.30527,1.30568,1.88,2.28
2011.10.28 06:15:11.336,1.30522,1.30568,1.35,2.28
2011.10.28 06:15:11.457,1.30521,1.30568,1.88,2.28
2011.10.28 06:15:12.498,1.30517,1.3056,3.75,1.13
2011.10.28 06:15:17.387,1.30522,1.30569,2.63,1.35
2011.10.28 06:15:17.509,1.30527,1.30568,1.88,1.33
2011.10.28 06:15:20.546,1.30527,1.30561,1.88,1.13
2011.10.28 06:15:21.579,1.30522,1.30561,1.88,1.13
2011.10.28 06:15:21.810,1.30522,1.30561,1.88,1.13
2011.10.28 06:15:22.274,1.30516,1.30552,2.18,1.13
2011.10.28 06:15:22.617,1.30516,1.30561,1.88,1.16
2011.10.28 06:15:22.736,1.30522,1.30561,1.88,1.13
2011.10.28 06:15:31.923,1.30521,1.30552,1.88,1.13
2011.10.28 06:15:33.328,1.30521,1.3056,1.88,1.13
2011.10.28 06:15:39.248,1.30521,1.3056,1.88,1.13
2011.10.28 06:15:41.592,1.30511,1.3056,1.05,1.13
2011.10.28 06:15:42.254,1.30511,1.3056,1.05,1.76
2011.10.28 06:15:42.412,1.30516,1.30563,2.25,1.53
2011.10.28 06:15:45.795,1.30516,1.3056,1.50,1.16
2011.10.28 06:15:46.056,1.30516,1.3056,2.25,1.16
2011.10.28 06:15:46.738,1.30517,1.3056,2.63,1.13
2011.10.28 06:15:47.078,1.30517,1.3056,2.25,1.13
2011.10.28 06:15:50.580,1.30522,1.30569,1.88,1.53
2011.10.28 06:15:52.587,1.30517,1.30569,2.63,1.53
2011.10.28 06:15:52.926,1.30517,1.30561,2.25,1.16
2011.10.28 06:15:55.228,1.30511,1.3056,2.63,1.16
2011.10.28 06:15:56.015,1.30511,1.3056,2.63,1.35
2011.10.28 06:15:56.652,1.30516,1.30561,2.25,1.16
2011.10.28 06:16:00.204,1.30527,1.30569,2.63,1.53
2011.10.28 06:16:00.340,1.30519,1.30574,1.50,1.53
2011.10.28 06:16:01.378,1.30527,1.30579,1.13,1.53
2011.10.28 06:16:01.940,1.30527,1.30579,1.13,1.53
2011.10.28 06:16:02.600,1.30521,1.30579,2.63,1.53
2011.10.28 06:16:03.046,1.30526,1.3058,1.13,1.53
2011.10.28 06:16:05.288,1.30521,1.30575,2.63,1.33
2011.10.28 06:16:05.651,1.30502,1.30563,2.10,1.53
2011.10.28 06:16:06.303,1.30502,1.30563,2.10,1.53
2011.10.28 06:16:06.427,1.30512,1.30563,1.50,1.53
2011.10.28 06:16:06.657,1.3051,1.30566,1.50,1.53
2011.10.28 06:16:07.435,1.30523,1.3057,2.25,1.50
2011.10.28 06:16:07.559,1.30524,1.30574,1.50,1.50
2011.10.28 06:16:07.787,1.30524,1.30574,1.50,1.50
2011.10.28 06:16:10.158,1.30526,1.30573,1.50,1.50
2011.10.28 06:16:15.290,1.30524,1.30573,1.50,1.50
2011.10.28 06:16:17.501,1.30525,1.30573,1.50,1.50
2011.10.28 06:16:17.840,1.3053,1.30583,1.50,1.50
2011.10.28 06:16:18.787,1.30535,1.30593,2.85,1.70
2011.10.28 06:16:18.905,1.30549,1.30593,1.50,1.70
2011.10.28 06:16:19.248,1.3055,1.30593,1.50,1.13
2011.10.28 06:16:19.831,1.30543,1.30593,1.50,1.33
2011.10.28 06:16:19.953,1.30542,1.30593,1.50,1.70
2011.10.28 06:16:20.287,1.3054,1.30594,1.50,1.70
2011.10.28 06:16:21.689,1.30539,1.30594,2.25,2.45
2011.10.28 06:16:22.029,1.30544,1.30593,1.50,1.70
2011.10.28 06:16:22.489,1.30542,1.30593,1.50,1.70
2011.10.28 06:16:23.024,1.30541,1.30593,1.50,1.13
2011.10.28 06:16:24.018,1.30537,1.30593,1.50,1.13
2011.10.28 06:16:24.750,1.30536,1.30583,1.50,1.50
2011.10.28 06:16:25.229,1.30536,1.30583,1.50,1.50
2011.10.28 06:16:25.569,1.30537,1.30589,1.50,1.50
2011.10.28 06:16:25.908,1.30537,1.30589,3.38,1.50
2011.10.28 06:16:27.666,1.30539,1.30589,1.50,1.50
2011.10.28 06:16:29.098,1.30538,1.30589,1.50,1.50
2011.10.28 06:16:31.029,1.30543,1.30593,1.50,1.50
2011.10.28 06:16:31.259,1.30541,1.30593,1.50,1.50
2011.10.28 06:16:31.600,1.30537,1.30593,3.38,1.50
2011.10.28 06:16:31.939,1.30537,1.30593,3.38,1.50
2011.10.28 06:16:32.697,1.3056,1.30598,1.50,1.53
2011.10.28 06:16:32.828,1.3056,1.30603,1.50,1.50
2011.10.28 06:16:33.078,1.3056,1.30603,1.50,1.70
2011.10.28 06:16:33.541,1.30561,1.30613,2.25,1.50
2011.10.28 06:16:34.581,1.30558,1.30613,2.25,1.50
2011.10.28 06:16:35.809,1.30557,1.30609,1.50,1.88
2011.10.28 06:16:35.933,1.30551,1.30604,1.13,1.50
2011.10.28 06:16:36.616,1.30535,1.30594,1.35,1.53
2011.10.28 06:16:41.813,1.30531,1.30594,2.25,1.53
2011.10.28 06:16:43.001,1.30536,1.30591,1.50,1.53
2011.10.28 06:16:43.348,1.30537,1.30597,2.63,1.53
2011.10.28 06:16:43.691,1.30536,1.30597,1.50,1.53
2011.10.28 06:16:43.813,1.30536,1.30591,1.50,1.53
2011.10.28 06:16:49.269,1.30531,1.3059,2.63,1.53
2011.10.28 06:17:05.691,1.30536,1.30589,2.63,1.53
2011.10.28 06:17:06.206,1.30516,1.30579,1.50,1.53
2011.10.28 06:17:06.681,1.30516,1.30579,1.50,1.53
2011.10.28 06:17:18.848,1.30512,1.30575,1.50,1.53
2011.10.28 06:17:20.090,1.30512,1.30575,1.50,1.53
2011.10.28 06:17:32.339,1.30512,1.30575,1.50,1.53
2011.10.28 06:17:39.041,1.30512,1.30575,1.50,1.53
2011.10.28 06:17:40.134,1.30512,1.30575,1.50,1.53
2011.10.28 06:17:49.477,1.30512,1.30575,2.25,1.53
2011.10.28 06:17:53.218,1.30512,1.30574,1.50,1.53
2011.10.28 06:17:56.761,1.30508,1.30571,2.25,1.53
2011.10.28 06:18:00.240,1.30508,1.30569,1.50,1.53
2011.10.28 06:18:04.369,1.30505,1.30563,1.50,1.50
2011.10.28 06:18:05.206,1.30497,1.30559,1.50,2.28
2011.10.28 06:18:08.427,1.30486,1.30545,1.50,1.50
2011.10.28 06:18:12.061,1.30487,1.30549,1.50,2.28
2011.10.28 06:18:15.979,1.30486,1.30545,1.50,1.50
2011.10.28 06:18:17.381,1.30486,1.30545,1.50,1.50
2011.10.28 06:18:23.500,1.30481,1.30543,1.50,1.53
2011.10.28 06:18:24.237,1.30486,1.30546,1.50,1.53
2011.10.28 06:18:24.366,1.3048,1.30543,1.50,1.50
2011.10.28 06:18:25.089,1.30485,1.30546,1.50,1.53
2011.10.28 06:18:25.431,1.30481,1.30543,1.50,1.53
2011.10.28 06:18:27.410,1.30493,1.30554,1.50,2.28
2011.10.28 06:18:27.528,1.30493,1.30554,1.50,2.28
2011.10.28 06:18:27.760,1.30493,1.30554,1.50,2.28
2011.10.28 06:18:28.371,1.30494,1.30554,1.50,1.50
2011.10.28 06:18:29.798,1.30494,1.30553,1.50,1.50
2011.10.28 06:18:32.469,1.30494,1.30553,1.50,1.50
2011.10.28 06:18:37.825,1.30481,1.30543,1.50,1.53
2011.10.28 06:18:38.072,1.30481,1.30543,1.50,2.28
2011.10.28 06:18:39.840,1.30476,1.30535,1.50,1.53
2011.10.28 06:18:39.959,1.30476,1.30535,1.50,1.53
2011.10.28 06:18:40.300,1.30476,1.30535,1.50,1.53
2011.10.28 06:18:40.642,1.30476,1.30535,1.50,1.53
2011.10.28 06:18:40.761,1.30476,1.30535,1.50,1.53
2011.10.28 06:18:41.514,1.30477,1.30535,1.50,1.53
2011.10.28 06:18:41.642,1.30476,1.30535,1.50,1.53
2011.10.28 06:18:43.548,1.30476,1.30535,1.50,1.53
2011.10.28 06:18:43.669,1.30476,1.30535,1.50,1.53
2011.10.28 06:18:46.822,1.30478,1.3054,1.50,1.53
2011.10.28 06:18:46.938,1.30478,1.3054,2.25,1.53
2011.10.28 06:18:54.945,1.30482,1.30543,1.50,1.53
2011.10.28 06:18:55.629,1.30482,1.30543,1.50,1.53
2011.10.28 06:18:55.971,1.30482,1.30545,1.50,1.53
2011.10.28 06:18:59.608,1.30482,1.30541,1.50,1.53
2011.10.28 06:18:59.951,1.30487,1.30541,2.63,1.53
2011.10.28 06:19:00.180,1.30495,1.30546,1.50,1.50
2011.10.28 06:19:08.303,1.30506,1.30557,1.50,1.91
2011.10.28 06:19:10.742,1.30506,1.30563,2.55,1.50
2011.10.28 06:19:13.818,1.30507,1.30559,1.05,1.50
2011.10.28 06:19:17.501,1.305,1.30547,1.05,1.13
2011.10.28 06:19:17.621,1.30496,1.30547,1.50,1.13
2011.10.28 06:19:17.741,1.305,1.30547,1.35,1.13
2011.10.28 06:19:17.859,1.30502,1.30548,1.65,1.13
2011.10.28 06:19:17.980,1.30502,1.30548,1.65,1.13
2011.10.28 06:19:18.105,1.30496,1.30547,1.50,1.13
2011.10.28 06:19:18.231,1.30496,1.30547,1.50,1.13
2011.10.28 06:19:18.593,1.30496,1.30547,1.50,1.13
2011.10.28 06:19:19.425,1.30495,1.30538,1.50,1.13
2011.10.28 06:19:19.771,1.30501,1.30539,1.13,1.13
2011.10.28 06:19:20.343,1.30501,1.30539,1.13,1.13
2011.10.28 06:19:22.309,1.30501,1.30539,1.13,1.13
2011.10.28 06:19:23.072,1.305,1.3054,1.13,1.13
2011.10.28 06:19:24.388,1.305,1.3054,1.13,1.13
2011.10.28 06:19:26.184,1.305,1.30537,1.13,1.13
2011.10.28 06:19:26.303,1.30497,1.30532,1.88,1.13
2011.10.28 06:19:26.422,1.30497,1.30536,1.88,1.13
2011.10.28 06:19:26.543,1.30492,1.30535,2.63,1.13
2011.10.28 06:19:26.663,1.30492,1.30535,1.88,1.13
2011.10.28 06:19:27.009,1.30493,1.30548,1.50,1.53
2011.10.28 06:19:27.844,1.30496,1.30548,1.50,1.53
2011.10.28 06:19:28.452,1.30496,1.30548,2.25,1.53
2011.10.28 06:19:32.007,1.30493,1.30548,1.50,2.28
2011.10.28 06:19:33.649,1.30497,1.30548,2.63,2.28
2011.10.28 06:19:34.001,1.30493,1.30543,1.50,1.53
2011.10.28 06:19:34.341,1.30493,1.30545,1.50,1.35
2011.10.28 06:19:37.881,1.30493,1.30543,1.50,1.53
2011.10.28 06:19:39.972,1.305,1.30547,1.35,1.53
2011.10.28 06:19:40.203,1.305,1.30549,1.35,1.50
2011.10.28 06:19:44.203,1.30502,1.30552,1.35,1.50
2011.10.28 06:19:44.320,1.30502,1.30556,1.35,1.50
2011.10.28 06:19:44.439,1.30502,1.30556,1.35,1.50
2011.10.28 06:19:50.362,1.30512,1.30557,1.88,2.10
2011.10.28 06:19:50.704,1.30514,1.30558,1.65,1.50
2011.10.28 06:19:51.358,1.30521,1.30569,1.50,2.28
2011.10.28 06:19:54.430,1.30522,1.30569,2.63,1.53
2011.10.28 06:19:54.551,1.30522,1.30569,2.93,1.53
2011.10.28 06:19:55.154,1.30522,1.30575,2.85,1.33
2011.10.28 06:19:55.645,1.30527,1.30574,1.88,2.10
2011.10.28 06:19:56.031,1.30527,1.30574,1.88,2.10
2011.10.28 06:20:01.223,1.30511,1.30569,1.65,1.53
2011.10.28 06:20:01.459,1.30517,1.30566,1.88,1.50
2011.10.28 06:20:11.583,1.30521,1.30573,1.88,1.50
2011.10.28 06:20:11.701,1.30521,1.30578,1.88,1.53
2011.10.28 06:20:11.929,1.30527,1.30584,1.88,1.53
2011.10.28 06:20:12.270,1.30521,1.30584,1.50,1.53
2011.10.28 06:20:12.500,1.30514,1.30576,1.50,1.53
2011.10.28 06:20:12.732,1.30516,1.30576,1.50,1.53
2011.10.28 06:20:12.853,1.30526,1.30576,1.73,1.50
2011.10.28 06:20:13.191,1.30526,1.30585,1.88,1.53
2011.10.28 06:20:13.430,1.3052,1.30583,1.50,3.38
2011.10.28 06:20:14.054,1.30517,1.30578,1.88,1.53
2011.10.28 06:20:14.178,1.30512,1.30571,1.88,1.53
2011.10.28 06:20:18.662,1.30506,1.30562,2.63,1.50
2011.10.28 06:20:29.098,1.30502,1.30556,2.63,1.53
2011.10.28 06:20:32.201,1.30497,1.30556,1.13,1.53
2011.10.28 06:20:37.009,1.30506,1.3056,1.13,1.53
2011.10.28 06:20:38.156,1.30506,1.3056,1.88,1.53
2011.10.28 06:20:40.079,1.30506,1.3056,1.88,1.53
2011.10.28 06:20:40.942,1.30501,1.3056,2.25,1.53
2011.10.28 06:20:41.617,1.30507,1.3056,1.88,1.53
2011.10.28 06:20:42.068,1.30507,1.3056,1.88,1.53
2011.10.28 06:20:46.310,1.30497,1.30556,2.63,1.53
2011.10.28 06:20:46.990,1.30481,1.3054,2.63,1.50
2011.10.28 06:20:47.330,1.30481,1.3054,2.63,1.53
2011.10.28 06:20:48.544,1.30481,1.30538,2.63,1.53
2011.10.28 06:20:48.660,1.30481,1.30536,2.63,1.53
2011.10.28 06:20:50.923,1.30489,1.30549,2.48,1.53
2011.10.28 06:20:51.943,1.30486,1.3054,2.63,1.53
2011.10.28 06:20:58.018,1.30482,1.3054,2.63,1.53
2011.10.28 06:20:58.529,1.30482,1.30538,2.63,1.53
2011.10.28 06:21:07.240,1.30477,1.30538,1.50,1.53
2011.10.28 06:21:09.572,1.30489,1.30541,2.48,1.53
2011.10.28 06:21:09.692,1.30489,1.30549,2.48,1.53
2011.10.28 06:21:10.368,1.30482,1.30538,2.63,1.53
2011.10.28 06:21:11.520,1.30477,1.30538,3.38,1.53
2011.10.28 06:21:12.182,1.30477,1.30538,2.63,1.53
2011.10.28 06:21:12.307,1.30477,1.30537,2.63,1.53
2011.10.28 06:21:13.520,1.30477,1.30535,2.63,1.53
2011.10.28 06:21:15.349,1.30477,1.30536,2.63,1.53
2011.10.28 06:21:17.536,1.30482,1.30535,1.50,1.53
2011.10.28 06:21:17.669,1.30476,1.30531,2.48,1.53
2011.10.28 06:21:18.009,1.30468,1.30531,1.50,1.53
2011.10.28 06:21:24.965,1.30463,1.30526,1.50,2.28
2011.10.28 06:21:25.451,1.30469,1.30525,1.13,1.53
2011.10.28 06:21:25.693,1.30482,1.30534,1.13,2.10
2011.10.28 06:21:25.811,1.30487,1.30536,1.50,4.68
2011.10.28 06:21:25.934,1.30494,1.30554,1.50,1.50
2011.10.28 06:21:26.051,1.30494,1.30554,1.50,1.50
2011.10.28 06:21:38.339,1.30496,1.3055,1.50,1.53
2011.10.28 06:21:38.679,1.30496,1.3055,1.50,1.53
2011.10.28 06:21:47.700,1.30491,1.30543,3.38,1.50
2011.10.28 06:21:47.822,1.30491,1.30548,3.38,1.53
2011.10.28 06:21:49.284,1.30487,1.30547,3.38,1.53
2011.10.28 06:21:49.632,1.30491,1.30546,1.50,1.53
2011.10.28 06:21:49.969,1.30491,1.30546,3.38,1.53
2011.10.28 06:21:51.827,1.30497,1.30546,2.63,1.53
2011.10.28 06:21:52.681,1.30506,1.30544,2.63,1.33
2011.10.28 06:21:53.502,1.30501,1.30539,1.50,1.33
2011.10.28 06:21:53.855,1.30497,1.30538,1.13,1.33
2011.10.28 06:21:54.905,1.30497,1.3054,1.13,1.33
2011.10.28 06:21:55.038,1.30492,1.30535,2.25,1.33
2011.10.28 06:21:56.169,1.30491,1.30537,2.25,1.33
2011.10.28 06:21:56.621,1.30496,1.30539,1.13,1.33
2011.10.28 06:21:57.063,1.30496,1.30544,2.63,1.27
2011.10.28 06:21:57.639,1.30502,1.30544,3.38,1.27
2011.10.28 06:21:57.979,1.30506,1.30558,2.63,1.53
2011.10.28 06:21:58.802,1.30506,1.30544,2.63,1.27
2011.10.28 06:21:59.427,1.30507,1.30544,1.88,1.27
2011.10.28 06:22:00.030,1.30507,1.30544,1.88,1.27
2011.10.28 06:22:02.279,1.30507,1.30544,2.63,1.27
2011.10.28 06:22:03.324,1.30502,1.30548,1.50,1.15
2011.10.28 06:22:03.560,1.30502,1.30553,1.50,1.53
2011.10.28 06:22:04.740,1.30502,1.30548,1.50,1.15
2011.10.28 06:22:06.250,1.30502,1.30548,1.50,1.15
2011.10.28 06:22:06.858,1.30507,1.30545,2.63,1.15
2011.10.28 06:22:08.765,1.30506,1.30548,3.38,1.15
2011.10.28 06:22:09.291,1.30506,1.30557,3.38,1.63
2011.10.28 06:22:09.760,1.30478,1.30543,2.48,1.63
2011.10.28 06:22:10.328,1.30497,1.30549,2.25,1.53
2011.10.28 06:22:10.559,1.30497,1.30549,2.25,1.63
2011.10.28 06:22:10.804,1.3049,1.30549,2.48,1.63
2011.10.28 06:22:12.063,1.30482,1.3054,3.38,1.63
2011.10.28 06:22:15.421,1.30487,1.3054,1.50,1.63
2011.10.28 06:22:19.222,1.30482,1.3054,2.25,1.63
2011.10.28 06:22:19.779,1.30482,1.3054,2.63,1.63
2011.10.28 06:22:21.246,1.30497,1.30549,2.63,1.63
2011.10.28 06:22:21.920,1.3049,1.30549,2.48,1.63
2011.10.28 06:22:23.281,1.30496,1.3055,2.63,1.63
2011.10.28 06:22:23.403,1.30496,1.3055,2.63,1.63
2011.10.28 06:22:23.959,1.30492,1.3055,1.88,1.63
2011.10.28 06:22:25.053,1.30496,1.3055,1.50,1.63
2011.10.28 06:22:27.325,1.30506,1.30555,1.50,1.63
2011.10.28 06:22:28.312,1.30502,1.30555,3.38,1.63
2011.10.28 06:22:28.760,1.30502,1.30555,2.63,1.63
2011.10.28 06:22:30.709,1.30492,1.30549,1.50,1.63
2011.10.28 06:22:30.940,1.30492,1.30546,1.50,1.63
2011.10.28 06:22:31.281,1.30492,1.30546,1.50,1.63
2011.10.28 06:22:32.062,1.30491,1.30546,3.38,1.63
2011.10.28 06:22:32.401,1.30487,1.30542,1.50,1.63
2011.10.28 06:22:32.632,1.30492,1.30542,2.63,1.63
2011.10.28 06:22:32.859,1.30492,1.30542,2.63,1.63
2011.10.28 06:22:33.525,1.30492,1.30542,2.63,1.63
2011.10.28 06:22:36.022,1.30486,1.30542,2.25,1.63
2011.10.28 06:22:36.590,1.30486,1.30542,2.25,1.63
2011.10.28 06:22:37.130,1.30486,1.30542,2.25,1.63
2011.10.28 06:22:37.470,1.30487,1.30547,2.63,1.63
2011.10.28 06:22:37.591,1.30487,1.30547,2.63,1.63
2011.10.28 06:22:38.168,1.30487,1.30547,2.25,1.63
2011.10.28 06:22:39.154,1.30491,1.30544,2.63,1.63
2011.10.28 06:22:40.378,1.30492,1.30544,1.50,1.63
2011.10.28 06:22:43.359,1.30492,1.30544,1.50,1.63
2011.10.28 06:22:46.728,1.30492,1.30548,3.38,1.63
2011.10.28 06:22:47.270,1.30492,1.30548,3.38,1.63
2011.10.28 06:22:47.720,1.30496,1.30553,2.63,1.63
2011.10.28 06:22:49.149,1.30496,1.30553,2.63,1.63
2011.10.28 06:22:49.834,1.30497,1.30553,2.63,1.63
2011.10.28 06:22:50.805,1.30502,1.30553,1.50,1.63
2011.10.28 06:22:53.060,1.30497,1.30549,3.38,1.63
2011.10.28 06:22:54.489,1.30507,1.30555,1.50,1.63
2011.10.28 06:22:54.721,1.30502,1.30555,1.50,1.63
2011.10.28 06:22:56.030,1.30497,1.30555,2.63,1.63
2011.10.28 06:22:56.720,1.30494,1.3055,2.48,1.63
2011.10.28 06:22:56.842,1.30492,1.3055,2.25,1.63
2011.10.28 06:22:58.542,1.30492,1.30545,3.38,1.63
2011.10.28 06:22:58.879,1.30492,1.30545,3.38,1.63
2011.10.28 06:22:59.448,1.30484,1.30542,1.50,2.57
2011.10.28 06:22:59.572,1.30482,1.30529,1.50,1.63
2011.10.28 06:23:00.130,1.30482,1.30536,2.63,1.63
2011.10.28 06:23:00.689,1.30486,1.3054,2.63,1.63
2011.10.28 06:23:01.030,1.30486,1.3054,2.63,1.63
2011.10.28 06:23:01.642,1.30486,1.3054,2.63,1.63
2011.10.28 06:23:02.171,1.30489,1.30543,2.48,1.63
2011.10.28 06:23:03.060,1.30492,1.30548,2.63,1.63
2011.10.28 06:23:03.741,1.30492,1.30548,2.63,1.63
2011.10.28 06:23:05.010,1.30512,1.30553,1.73,1.60
2011.10.28 06:23:06.339,1.30512,1.30563,1.73,2.38
2011.10.28 06:23:08.368,1.30501,1.30558,1.50,1.60
2011.10.28 06:23:09.703,1.30499,1.30553,2.48,1.63
2011.10.28 06:23:10.310,1.30499,1.30553,2.48,1.63
2011.10.28 06:23:10.869,1.30499,1.30553,2.48,1.63
2011.10.28 06:23:11.472,1.30499,1.30553,2.48,1.63
2011.10.28 06:23:11.602,1.30499,1.30556,2.48,1.63
2011.10.28 06:23:12.441,1.30512,1.30556,1.73,1.63
2011.10.28 06:23:15.749,1.30512,1.30561,1.73,1.63
2011.10.28 06:23:16.355,1.30512,1.30561,1.73,1.63
2011.10.28 06:23:17.303,1.30506,1.30561,3.38,1.63
2011.10.28 06:23:17.532,1.30504,1.30565,1.50,1.63
2011.10.28 06:23:17.654,1.30498,1.30554,1.35,1.63
2011.10.28 06:23:18.887,1.30487,1.30547,2.48,1.63
2011.10.28 06:23:23.487,1.30487,1.30541,2.48,1.63
2011.10.28 06:23:23.611,1.30487,1.30541,2.48,1.63
2011.10.28 06:23:27.070,1.30487,1.30548,2.48,1.63
2011.10.28 06:23:28.575,1.30486,1.30541,1.50,1.63
2011.10.28 06:23:31.152,1.3049,1.30542,2.48,1.63
2011.10.28 06:23:32.502,1.30482,1.30542,2.48,1.63
2011.10.28 06:23:33.610,1.30479,1.30542,1.50,1.63
2011.10.28 06:23:37.405,1.30479,1.30538,1.50,1.97
2011.10.28 06:23:37.969,1.30475,1.30535,1.50,1.25
2011.10.28 06:23:38.479,1.30475,1.30535,1.50,1.25
2011.10.28 06:23:40.097,1.30475,1.30533,1.50,1.22
2011.10.28 06:23:41.048,1.30475,1.30533,1.50,1.22
2011.10.28 06:23:42.327,1.30471,1.30533,1.50,2.00
2011.10.28 06:23:43.628,1.30471,1.30533,1.50,2.00
2011.10.28 06:23:44.104,1.30471,1.30533,1.50,2.00
2011.10.28 06:23:44.444,1.30471,1.30533,1.50,2.00
2011.10.28 06:23:46.427,1.30471,1.30533,1.50,1.25
2011.10.28 06:23:47.518,1.30471,1.30533,1.50,1.25
2011.10.28 06:23:47.914,1.30471,1.30533,1.50,2.00
2011.10.28 06:23:48.541,1.30471,1.30533,1.50,2.00
2011.10.28 06:23:49.122,1.30471,1.30529,1.50,1.60
2011.10.28 06:23:49.352,1.30471,1.30528,1.50,3.47
2011.10.28 06:23:50.588,1.30466,1.30528,1.50,2.00
2011.10.28 06:23:50.714,1.3046,1.30524,1.88,2.00
2011.10.28 06:23:51.972,1.30466,1.30529,1.50,2.60
2011.10.28 06:23:52.091,1.30476,1.30531,2.48,1.63
2011.10.28 06:23:52.211,1.30476,1.30534,2.48,1.63
2011.10.28 06:23:52.719,1.30476,1.30535,2.48,1.63
2011.10.28 06:23:53.279,1.30479,1.30538,1.50,1.60
2011.10.28 06:23:54.059,1.30479,1.30539,1.50,1.63
2011.10.28 06:23:54.646,1.30479,1.30539,1.50,1.63
2011.10.28 06:23:56.328,1.30479,1.30538,1.50,1.60
2011.10.28 06:23:57.299,1.30479,1.30538,1.50,1.60
2011.10.28 06:23:57.878,1.30479,1.30538,1.50,1.60
2011.10.28 06:24:01.773,1.30488,1.30548,3.23,2.15
2011.10.28 06:24:01.891,1.30488,1.30548,3.23,2.00
2011.10.28 06:24:02.120,1.30487,1.30544,1.50,1.60
2011.10.28 06:24:02.461,1.30487,1.30548,1.50,1.63
2011.10.28 06:24:03.254,1.30488,1.30549,1.50,2.00
2011.10.28 06:24:04.589,1.30488,1.30543,1.50,1.60
2011.10.28 06:24:08.516,1.30488,1.30543,1.50,1.60
2011.10.28 06:24:09.342,1.30488,1.30543,1.50,1.60
2011.10.28 06:24:09.569,1.30487,1.30543,1.50,1.60
2011.10.28 06:24:10.039,1.30487,1.30543,1.50,1.60
2011.10.28 06:24:10.270,1.30487,1.30543,1.50,1.60
2011.10.28 06:24:10.993,1.30499,1.30562,1.50,1.63
2011.10.28 06:24:11.659,1.30499,1.30558,1.50,1.22
2011.10.28 06:24:12.241,1.30499,1.30558,1.50,1.22
2011.10.28 06:24:15.348,1.30499,1.30558,1.50,1.22
2011.10.28 06:24:20.510,1.30499,1.30558,1.50,1.22
2011.10.28 06:24:21.525,1.30499,1.30559,1.50,1.60
2011.10.28 06:24:22.748,1.30507,1.30564,1.73,2.00
2011.10.28 06:24:23.731,1.30507,1.30557,1.73,1.60
2011.10.28 06:24:23.857,1.30503,1.30556,2.48,2.57
2011.10.28 06:24:23.983,1.30507,1.30557,1.73,1.60
2011.10.28 06:24:24.538,1.30507,1.30557,1.73,2.38
2011.10.28 06:24:25.098,1.30506,1.30557,1.73,2.38
2011.10.28 06:24:25.450,1.30501,1.30555,2.48,2.60
2011.10.28 06:24:28.920,1.30493,1.30553,1.50,1.63
2011.10.28 06:24:29.607,1.30488,1.30544,1.50,2.57
2011.10.28 06:24:29.731,1.30488,1.30544,1.50,2.57
2011.10.28 06:24:30.649,1.30488,1.30544,1.50,2.57
2011.10.28 06:24:31.383,1.30493,1.30553,1.50,1.63
2011.10.28 06:24:38.002,1.30502,1.30551,2.48,1.63
2011.10.28 06:24:38.230,1.30502,1.30557,2.48,1.63
2011.10.28 06:24:38.815,1.30495,1.30558,1.50,1.63
2011.10.28 06:24:40.186,1.30495,1.30558,1.50,1.63
2011.10.28 06:24:44.008,1.30514,1.30559,2.48,2.38
2011.10.28 06:24:44.365,1.30515,1.30575,2.48,1.25
2011.10.28 06:24:44.720,1.30521,1.30575,1.73,1.27
2011.10.28 06:24:45.660,1.30529,1.30576,1.73,1.16
2011.10.28 06:24:46.764,1.30538,1.30576,1.73,1.67
2011.10.28 06:24:48.763,1.30545,1.30598,1.73,1.53
2011.10.28 06:24:49.414,1.30537,1.30588,1.73,1.53
2011.10.28 06:24:49.970,1.30538,1.30588,1.73,1.53
2011.10.28 06:24:51.024,1.30538,1.30588,1.73,1.53
2011.10.28 06:24:51.141,1.30533,1.30585,1.73,2.48
2011.10.28 06:24:51.382,1.30538,1.30588,1.73,1.53
2011.10.28 06:24:53.930,1.30538,1.30588,2.48,1.53
2011.10.28 06:24:54.269,1.30538,1.30588,2.48,1.53
2011.10.28 06:24:54.620,1.30545,1.30599,2.48,2.28
2011.10.28 06:24:55.699,1.30553,1.30599,1.73,2.28
2011.10.28 06:24:55.830,1.30553,1.30599,2.48,1.53
2011.10.28 06:24:57.049,1.30553,1.30594,1.73,1.50
2011.10.28 06:24:57.170,1.3054,1.30594,2.48,3.23
2011.10.28 06:24:57.292,1.30552,1.30599,1.73,2.05
2011.10.28 06:24:57.522,1.30545,1.30598,2.48,1.53
2011.10.28 06:24:57.642,1.30545,1.30598,2.48,1.53
2011.10.28 06:24:57.992,1.30548,1.30596,2.48,1.30
2011.10.28 06:24:58.342,1.30548,1.306,2.48,2.05
2011.10.28 06:24:59.230,1.30554,1.30601,2.48,2.05
2011.10.28 06:24:59.581,1.30554,1.30608,2.48,4.91
2011.10.28 06:25:01.982,1.30554,1.30603,1.73,1.50
2011.10.28 06:25:02.103,1.30548,1.30602,2.48,2.48
2011.10.28 06:25:02.220,1.30548,1.30602,2.48,2.48
2011.10.28 06:25:04.394,1.30548,1.30595,2.48,1.35
2011.10.28 06:25:04.635,1.30537,1.30588,2.48,1.30
2011.10.28 06:25:04.751,1.30548,1.30588,1.73,2.05
2011.10.28 06:25:04.992,1.30544,1.30595,2.48,1.38
2011.10.28 06:25:05.455,1.30532,1.30586,2.48,3.26
2011.10.28 06:25:07.879,1.30524,1.30579,2.85,2.66
2011.10.28 06:25:08.332,1.30524,1.30577,1.13,1.53
2011.10.28 06:25:08.672,1.30524,1.30577,1.13,1.53
2011.10.28 06:25:09.785,1.30532,1.30577,2.48,1.53
2011.10.28 06:25:10.133,1.30511,1.30569,2.48,5.13
2011.10.28 06:25:10.482,1.30514,1.30572,1.50,1.53
2011.10.28 06:25:10.711,1.30519,1.30568,1.50,2.48
2011.10.28 06:25:11.279,1.30512,1.30573,3.38,1.53
2011.10.28 06:25:11.511,1.30512,1.30573,3.38,1.53
2011.10.28 06:25:11.860,1.30523,1.30573,2.48,1.53
2011.10.28 06:25:13.184,1.30523,1.30573,2.48,1.53
2011.10.28 06:25:15.739,1.30512,1.30573,2.48,3.41
2011.10.28 06:25:18.506,1.30522,1.30568,1.50,1.13
2011.10.28 06:25:18.759,1.30516,1.30553,1.73,1.88
2011.10.28 06:25:19.323,1.30511,1.30555,1.50,2.85
2011.10.28 06:25:19.910,1.30511,1.30555,1.50,2.48
2011.10.28 06:25:20.254,1.30513,1.30564,1.50,2.63
2011.10.28 06:25:21.446,1.30514,1.30561,1.50,2.48
2011.10.28 06:25:21.685,1.30505,1.30568,1.50,5.88
2011.10.28 06:25:21.913,1.30519,1.30568,2.48,3.38
2011.10.28 06:25:22.035,1.30519,1.30569,1.73,4.13
2011.10.28 06:25:22.155,1.30515,1.30561,1.50,2.48
2011.10.28 06:25:22.488,1.30509,1.30553,1.50,1.88
2011.10.28 06:25:23.432,1.30509,1.30555,1.50,1.73
2011.10.28 06:25:23.661,1.30513,1.30558,1.50,1.50
2011.10.28 06:25:26.303,1.30513,1.30563,1.50,3.38
2011.10.28 06:25:26.650,1.30513,1.30563,1.50,3.38
2011.10.28 06:25:31.443,1.30517,1.30563,1.50,1.50
2011.10.28 06:25:34.020,1.30517,1.30563,1.50,1.50
2011.10.28 06:25:38.208,1.30514,1.30561,2.25,2.48
2011.10.28 06:25:38.440,1.30503,1.30553,1.50,2.63
2011.10.28 06:25:39.000,1.30508,1.30555,1.50,2.48
2011.10.28 06:25:39.120,1.30508,1.30559,1.50,1.35
2011.10.28 06:25:39.460,1.30516,1.30563,1.50,1.50
2011.10.28 06:25:40.564,1.30516,1.30563,1.50,3.38
2011.10.28 06:25:41.774,1.30516,1.30563,1.50,1.88
2011.10.28 06:25:45.931,1.30521,1.30563,1.50,3.38
2011.10.28 06:25:46.053,1.30521,1.3056,1.50,1.73
2011.10.28 06:25:46.285,1.30513,1.3056,1.50,2.48
2011.10.28 06:25:46.950,1.30513,1.3056,1.50,1.73
2011.10.28 06:25:47.302,1.30517,1.30568,1.50,2.63
2011.10.28 06:25:48.226,1.30523,1.30568,1.50,1.88
2011.10.28 06:25:48.812,1.30523,1.30573,1.50,1.50
2011.10.28 06:25:49.265,1.30527,1.30579,1.50,3.38
2011.10.28 06:25:49.990,1.30524,1.30574,1.50,1.50
2011.10.28 06:25:50.230,1.30515,1.30566,1.50,1.50
2011.10.28 06:25:52.089,1.30514,1.30559,2.48,1.50
2011.10.28 06:25:52.430,1.30514,1.30559,1.73,1.50
2011.10.28 06:25:52.663,1.30498,1.30546,1.50,1.38
2011.10.28 06:25:53.212,1.30491,1.30538,1.88,1.53
2011.10.28 06:26:00.522,1.30491,1.30538,1.13,1.53
2011.10.28 06:26:00.638,1.30491,1.30538,1.13,1.50
2011.10.28 06:26:00.759,1.30491,1.3054,1.13,1.53
2011.10.28 06:26:01.430,1.30491,1.3054,1.13,1.50
2011.10.28 06:26:01.555,1.30491,1.30539,1.13,1.50
2011.10.28 06:26:01.785,1.30491,1.3054,1.50,1.50
2011.10.28 06:26:03.331,1.30491,1.3054,1.50,1.50
2011.10.28 06:26:06.919,1.30488,1.30548,1.50,1.53
2011.10.28 06:26:08.370,1.30488,1.3054,1.50,1.50
2011.10.28 06:26:08.931,1.30488,1.30548,1.50,1.53
2011.10.28 06:26:09.270,1.30495,1.30548,1.50,1.50
2011.10.28 06:26:12.741,1.30495,1.30549,1.50,1.50
2011.10.28 06:26:13.079,1.30495,1.30549,1.50,1.50
2011.10.28 06:26:13.314,1.30495,1.30549,1.50,1.50
2011.10.28 06:26:16.339,1.30486,1.30542,1.50,1.50
2011.10.28 06:26:21.148,1.30486,1.30538,1.50,1.50
2011.10.28 06:26:32.509,1.30486,1.30543,1.50,1.50
2011.10.28 06:26:35.243,1.30486,1.30539,1.50,1.50
2011.10.28 06:26:35.995,1.30486,1.30538,1.50,1.50
2011.10.28 06:26:39.481,1.30486,1.30538,1.50,1.50
2011.10.28 06:26:40.322,1.30493,1.30543,1.50,1.50
2011.10.28 06:26:42.119,1.30493,1.30541,1.50,1.50
2011.10.28 06:26:47.972,1.30493,1.30549,1.50,1.50
2011.10.28 06:26:48.595,1.30495,1.30544,1.50,1.50
2011.10.28 06:26:53.109,1.30495,1.30538,1.50,1.50
2011.10.28 06:26:54.918,1.30495,1.30539,1.50,1.50
2011.10.28 06:26:57.708,1.30495,1.30538,1.50,1.50
2011.10.28 06:26:58.055,1.3049,1.30539,1.50,1.50
2011.10.28 06:26:58.397,1.3049,1.30538,1.50,2.63
2011.10.28 06:26:59.700,1.30504,1.30548,1.50,1.50
2011.10.28 06:26:59.943,1.30504,1.30548,1.50,1.50
2011.10.28 06:27:01.382,1.30509,1.30551,1.50,1.50
2011.10.28 06:27:01.500,1.30509,1.30553,1.50,1.50
2011.10.28 06:27:03.012,1.30509,1.30554,1.50,1.50
2011.10.28 06:27:03.999,1.30509,1.30554,1.50,1.50
2011.10.28 06:27:06.814,1.30509,1.30554,1.50,1.50
2011.10.28 06:27:07.042,1.30509,1.30558,1.50,1.50
2011.10.28 06:27:11.973,1.30516,1.30563,1.50,1.50
2011.10.28 06:27:13.500,1.30516,1.30563,1.50,1.50
2011.10.28 06:27:15.493,1.30516,1.30563,1.50,1.50
2011.10.28 06:27:17.741,1.30514,1.30566,1.50,1.50
2011.10.28 06:27:18.619,1.30514,1.30563,2.25,1.50
2011.10.28 06:27:19.452,1.30516,1.30563,1.50,1.50
2011.10.28 06:27:21.919,1.30515,1.30563,1.50,1.50
2011.10.28 06:27:22.039,1.30516,1.30563,1.50,1.50
2011.10.28 06:27:22.879,1.30516,1.30563,1.50,1.50
2011.10.28 06:27:42.906,1.30516,1.30564,1.50,1.50
2011.10.28 06:27:43.031,1.30516,1.30564,1.50,1.50
2011.10.28 06:27:47.044,1.30516,1.30564,1.50,1.50
2011.10.28 06:27:56.490,1.30508,1.30559,1.50,1.50
2011.10.28 06:27:57.249,1.30513,1.30559,1.50,1.50
2011.10.28 06:27:57.372,1.30515,1.30559,1.50,1.50
2011.10.28 06:27:58.789,1.30516,1.30559,1.50,1.50
2011.10.28 06:27:59.633,1.30513,1.30553,1.50,1.50
2011.10.28 06:27:59.758,1.30505,1.30553,1.50,3.38
2011.10.28 06:28:00.102,1.30505,1.30558,1.50,1.50
2011.10.28 06:28:00.443,1.30515,1.30558,1.50,1.50
2011.10.28 06:28:17.239,1.30515,1.30564,1.50,1.50
2011.10.28 06:28:25.260,1.3052,1.3056,1.50,1.50
2011.10.28 06:28:25.613,1.30511,1.30554,1.73,1.13
2011.10.28 06:28:25.735,1.30507,1.30549,1.50,2.48
2011.10.28 06:28:25.854,1.30504,1.30544,1.50,2.48
2011.10.28 06:28:25.973,1.305,1.30553,1.50,3.38
2011.10.28 06:28:26.095,1.30494,1.30545,2.25,2.48
2011.10.28 06:28:26.444,1.30506,1.30559,1.50,1.50
2011.10.28 06:28:27.402,1.30505,1.30559,2.48,1.50
2011.10.28 06:28:28.292,1.30507,1.30558,1.50,1.50
2011.10.28 06:28:28.409,1.30509,1.30559,1.50,1.50
2011.10.28 06:28:31.983,1.30506,1.30553,2.25,1.50
2011.10.28 06:28:32.335,1.30511,1.30564,1.73,3.38
2011.10.28 06:28:32.460,1.30511,1.30564,1.73,2.63
2011.10.28 06:28:32.584,1.30516,1.30568,1.73,1.50
2011.10.28 06:28:32.701,1.3051,1.30568,1.50,1.50
2011.10.28 06:28:33.463,1.30509,1.30568,1.50,1.50
2011.10.28 06:28:36.152,1.30523,1.30568,1.73,1.50
2011.10.28 06:28:36.277,1.30523,1.30574,1.73,3.41
2011.10.28 06:28:36.513,1.30517,1.30573,1.73,2.48
2011.10.28 06:28:36.741,1.30517,1.30573,1.73,4.35
2011.10.28 06:28:38.561,1.30517,1.30568,1.73,1.50
2011.10.28 06:28:38.682,1.30511,1.30561,1.50,1.27
2011.10.28 06:28:39.415,1.30499,1.30561,1.50,1.64
2011.10.28 06:28:40.039,1.30497,1.30559,3.23,1.53
2011.10.28 06:28:52.547,1.30497,1.30554,1.73,4.16
2011.10.28 06:28:53.511,1.30497,1.30554,1.73,4.16
2011.10.28 06:28:54.718,1.30496,1.30555,4.35,1.35
2011.10.28 06:28:59.448,1.30502,1.30555,1.88,1.35
2011.10.28 06:29:02.815,1.30496,1.30553,4.35,3.23
2011.10.28 06:29:03.379,1.30496,1.30553,1.73,5.13
2011.10.28 06:29:12.126,1.30497,1.30549,1.88,1.53
2011.10.28 06:29:12.581,1.30501,1.30554,1.88,1.91
2011.10.28 06:29:15.029,1.30501,1.30554,1.88,1.91
2011.10.28 06:29:16.052,1.30501,1.30554,1.88,2.42
2011.10.28 06:29:17.354,1.30497,1.30554,3.60,2.42
2011.10.28 06:29:18.348,1.30502,1.30554,1.88,2.05
2011.10.28 06:29:20.142,1.30497,1.30554,3.60,1.53
2011.10.28 06:29:20.707,1.30496,1.30551,3.60,1.53
2011.10.28 06:29:25.208,1.30496,1.30552,4.20,1.53
2011.10.28 06:29:25.551,1.30504,1.30547,1.73,1.35
2011.10.28 06:29:25.670,1.30492,1.30545,2.63,2.48
2011.10.28 06:29:25.792,1.30495,1.30547,1.73,1.35
2011.10.28 06:29:26.490,1.30496,1.30547,1.88,1.35
2011.10.28 06:29:27.271,1.30496,1.3055,1.88,1.53
2011.10.28 06:29:27.390,1.30504,1.3055,1.73,1.53
2011.10.28 06:29:27.621,1.30496,1.30552,1.88,2.51
2011.10.28 06:29:27.850,1.30496,1.30552,1.88,2.51
2011.10.28 06:29:28.470,1.30503,1.30553,1.73,1.53
2011.10.28 06:29:28.820,1.30496,1.30551,1.88,2.51
2011.10.28 06:29:28.940,1.30496,1.30551,1.88,2.51
2011.10.28 06:29:32.168,1.30502,1.30557,1.88,1.16
2011.10.28 06:29:32.510,1.30508,1.30557,1.73,1.13
2011.10.28 06:29:36.062,1.30508,1.30547,1.73,4.50
2011.10.28 06:29:36.181,1.30497,1.30541,1.88,1.30
2011.10.28 06:29:36.304,1.30492,1.3054,1.73,1.53
2011.10.28 06:29:36.423,1.30472,1.30531,1.50,2.28
2011.10.28 06:29:36.543,1.30468,1.30531,2.48,1.53
2011.10.28 06:29:37.341,1.30468,1.30525,1.73,1.53
2011.10.28 06:29:38.859,1.30468,1.30524,1.73,1.53
2011.10.28 06:29:45.798,1.30468,1.30514,1.73,1.53
2011.10.28 06:29:46.728,1.30469,1.30514,1.73,1.53
2011.10.28 06:29:47.291,1.30469,1.30519,1.73,2.28
2011.10.28 06:29:48.399,1.30469,1.30529,2.48,1.53
2011.10.28 06:29:50.588,1.30469,1.30525,1.73,2.48
2011.10.28 06:29:53.328,1.30469,1.30518,1.73,1.50
2011.10.28 06:29:53.452,1.30467,1.30518,3.60,1.50
2011.10.28 06:29:55.561,1.30469,1.30518,1.73,1.50
2011.10.28 06:30:00.881,1.30467,1.30529,2.63,1.53
2011.10.28 06:30:01.273,1.3047,1.30529,1.73,1.53
2011.10.28 06:30:01.422,1.3047,1.30529,2.48,1.53
2011.10.28 06:30:01.650,1.3047,1.30529,1.73,1.53
2011.10.28 06:30:04.018,1.30469,1.30529,1.73,1.53
2011.10.28 06:30:04.716,1.30469,1.30529,1.73,1.53
2011.10.28 06:30:08.271,1.30478,1.30529,1.73,1.53
2011.10.28 06:30:08.720,1.30478,1.30533,1.73,1.53
2011.10.28 06:30:09.375,1.3047,1.30533,1.50,2.28
2011.10.28 06:30:11.362,1.30477,1.30533,1.73,1.53
2011.10.28 06:30:11.591,1.30477,1.30533,2.48,1.53
2011.10.28 06:30:17.590,1.30476,1.30521,1.73,1.53
2011.10.28 06:30:18.041,1.30462,1.30522,2.48,1.53
2011.10.28 06:30:18.160,1.30462,1.30514,2.48,1.53
2011.10.28 06:30:18.863,1.3046,1.30504,2.48,1.53
2011.10.28 06:30:19.822,1.3046,1.30504,2.48,1.53
2011.10.28 06:30:20.739,1.3046,1.30504,2.48,1.50
2011.10.28 06:30:21.953,1.30462,1.30513,2.48,1.53
2011.10.28 06:30:26.400,1.30466,1.30519,1.73,1.53
2011.10.28 06:30:28.419,1.30457,1.30521,2.63,1.53
2011.10.28 06:30:29.282,1.30457,1.30521,2.63,1.53
2011.10.28 06:30:31.041,1.30457,1.30521,2.63,1.53
2011.10.28 06:30:31.393,1.30454,1.30516,1.50,1.53
2011.10.28 06:30:31.962,1.30472,1.30519,1.73,1.53
2011.10.28 06:30:32.085,1.30472,1.30519,1.73,1.53
2011.10.28 06:30:33.049,1.30471,1.30527,2.63,1.38
2011.10.28 06:30:33.185,1.30448,1.30511,1.50,1.53
2011.10.28 06:30:33.304,1.30448,1.30511,1.50,1.53
2011.10.28 06:30:33.534,1.30448,1.30511,1.50,1.53
2011.10.28 06:30:33.872,1.30448,1.30511,1.50,1.53
2011.10.28 06:30:41.312,1.30453,1.3051,1.50,1.50
2011.10.28 06:30:41.983,1.30453,1.30504,1.50,2.63
2011.10.28 06:30:42.319,1.30453,1.3051,1.50,1.50
2011.10.28 06:30:42.824,1.30453,1.3051,1.50,1.50
2011.10.28 06:30:43.050,1.30453,1.3051,1.50,1.50
2011.10.28 06:30:43.954,1.30459,1.30521,2.25,1.53
2011.10.28 06:30:44.190,1.30468,1.30523,2.48,2.63
2011.10.28 06:30:45.090,1.30469,1.30525,2.48,2.48
2011.10.28 06:30:46.093,1.30476,1.30526,1.73,1.53
2011.10.28 06:30:47.553,1.30476,1.30526,1.73,1.53
2011.10.28 06:30:50.928,1.30476,1.30525,1.73,1.53
2011.10.28 06:30:51.700,1.30468,1.30513,2.48,1.50
2011.10.28 06:30:52.347,1.30462,1.30517,1.50,2.48
2011.10.28 06:30:52.701,1.30469,1.30519,1.73,1.50
2011.10.28 06:30:53.756,1.30469,1.30511,1.73,1.50
2011.10.28 06:30:53.888,1.30457,1.3051,1.50,2.48
2011.10.28 06:30:54.232,1.30457,1.30509,1.88,1.50
2011.10.28 06:30:54.580,1.3046,1.30517,2.48,1.53
2011.10.28 06:30:56.180,1.30469,1.30512,1.73,1.35
2011.10.28 06:30:56.421,1.30456,1.30509,2.63,3.23
2011.10.28 06:30:56.873,1.30462,1.30509,1.65,2.48
2011.10.28 06:30:57.219,1.30462,1.30507,1.65,1.50
2011.10.28 06:30:57.452,1.30451,1.30477,1.50,1.73
2011.10.28 06:30:57.572,1.30452,1.30492,1.50,1.27
2011.10.28 06:30:57.692,1.30451,1.30492,1.50,1.27
2011.10.28 06:30:57.810,1.30452,1.30499,1.50,1.50
2011.10.28 06:30:59.000,1.30452,1.30504,1.50,2.63
2011.10.28 06:31:00.691,1.3045,1.30514,1.50,2.28
2011.10.28 06:31:00.811,1.30447,1.30511,1.50,1.53
2011.10.28 06:31:02.181,1.30447,1.30511,1.50,1.53
2011.10.28 06:31:02.421,1.30446,1.30507,1.50,1.50
2011.10.28 06:31:03.272,1.30447,1.30511,1.50,1.53
2011.10.28 06:31:04.313,1.30446,1.30507,2.48,1.53
2011.10.28 06:31:05.242,1.30444,1.30507,1.50,1.53
2011.10.28 06:31:05.811,1.30445,1.30511,1.50,1.53
2011.10.28 06:31:09.169,1.30448,1.30511,1.50,1.53
2011.10.28 06:31:10.831,1.30456,1.30518,1.50,1.53
2011.10.28 06:31:11.264,1.30472,1.3052,1.73,1.67
2011.10.28 06:31:14.531,1.30466,1.30518,2.48,1.50
2011.10.28 06:31:15.650,1.30466,1.30513,1.73,1.50
2011.10.28 06:31:16.541,1.30459,1.30514,2.48,3.03
2011.10.28 06:31:16.884,1.3045,1.3051,1.50,1.53
2011.10.28 06:31:17.345,1.30447,1.3051,2.48,1.53
2011.10.28 06:31:19.533,1.30447,1.30506,2.48,1.53
2011.10.28 06:31:27.098,1.30447,1.30501,2.48,1.53
2011.10.28 06:31:28.723,1.30442,1.30497,2.48,1.53
2011.10.28 06:31:30.481,1.30441,1.30504,1.35,1.53
2011.10.28 06:31:35.022,1.30442,1.30503,2.48,1.53
2011.10.28 06:31:36.827,1.30447,1.30509,1.50,1.53
2011.10.28 06:31:37.183,1.30458,1.30509,2.48,1.53
2011.10.28 06:31:37.522,1.30466,1.30505,1.73,1.53
2011.10.28 06:31:38.083,1.30466,1.3051,1.73,1.53
2011.10.28 06:31:38.532,1.30473,1.30516,1.73,2.28
2011.10.28 06:31:38.762,1.30466,1.30516,1.73,2.28
2011.10.28 06:31:40.478,1.30474,1.30516,1.73,1.53
2011.10.28 06:31:40.811,1.30474,1.30516,1.73,1.53
2011.10.28 06:31:40.932,1.30467,1.30516,2.48,1.53
2011.10.28 06:31:41.160,1.30474,1.30519,1.73,1.50
2011.10.28 06:31:41.391,1.30467,1.30523,1.73,1.53
2011.10.28 06:31:46.452,1.30461,1.30513,2.48,1.50
2011.10.28 06:31:47.026,1.30461,1.30512,2.48,1.50
2011.10.28 06:31:49.933,1.30461,1.30507,1.73,1.53
2011.10.28 06:31:50.052,1.30461,1.30507,2.48,1.53
2011.10.28 06:31:52.040,1.30454,1.30509,2.48,1.53
2011.10.28 06:31:52.390,1.30454,1.30515,2.48,1.53
2011.10.28 06:31:53.171,1.3045,1.30502,2.48,2.48
2011.10.28 06:31:53.513,1.30454,1.3051,2.48,1.53
2011.10.28 06:31:55.495,1.30449,1.30503,2.48,2.48
2011.10.28 06:32:01.762,1.3046,1.3051,1.35,3.26
2011.10.28 06:32:02.731,1.30462,1.30527,2.25,1.53
2011.10.28 06:32:03.070,1.30463,1.30527,1.50,1.53
2011.10.28 06:32:03.494,1.3046,1.30523,2.10,1.53
2011.10.28 06:32:04.623,1.3046,1.30519,1.35,1.53
2011.10.28 06:32:09.480,1.30458,1.30514,1.35,1.50
2011.10.28 06:32:13.783,1.3045,1.30512,2.48,1.53
2011.10.28 06:32:15.662,1.30461,1.30512,2.48,1.53
2011.10.28 06:32:15.890,1.30455,1.30514,2.48,1.53
2011.10.28 06:32:16.812,1.30466,1.30515,1.73,1.53
2011.10.28 06:32:17.039,1.30466,1.3052,1.73,1.53
2011.10.28 06:32:26.891,1.30463,1.30525,1.50,1.53
2011.10.28 06:32:27.994,1.30462,1.30523,3.23,1.50
2011.10.28 06:32:28.559,1.30458,1.30519,1.50,2.66
2011.10.28 06:32:29.781,1.30457,1.30518,1.50,1.53
2011.10.28 06:32:33.130,1.30454,1.30513,1.50,1.50
2011.10.28 06:32:34.732,1.30445,1.30507,1.50,1.50
2011.10.28 06:32:35.388,1.30445,1.30507,1.50,1.53
2011.10.28 06:32:40.029,1.30443,1.30503,1.50,1.50
2011.10.28 06:32:40.174,1.30441,1.30503,1.50,1.53
2011.10.28 06:32:41.302,1.30445,1.30503,1.50,3.41
2011.10.28 06:32:42.389,1.30439,1.30494,1.50,1.50
2011.10.28 06:32:46.009,1.30439,1.30493,1.50,2.63
2011.10.28 06:32:46.574,1.30433,1.30499,1.50,3.26
2011.10.28 06:32:47.027,1.30437,1.30499,1.50,2.48
2011.10.28 06:32:47.371,1.30437,1.30499,1.50,4.35
2011.10.28 06:32:48.308,1.30433,1.30487,1.50,2.48
2011.10.28 06:32:53.764,1.30428,1.30484,3.23,1.50
2011.10.28 06:32:54.460,1.30428,1.30479,3.23,1.53
2011.10.28 06:32:55.380,1.30428,1.30481,3.23,1.53
2011.10.28 06:32:55.721,1.30428,1.30484,3.23,1.50
2011.10.28 06:32:56.267,1.30428,1.30481,3.23,1.50
2011.10.28 06:32:56.723,1.30428,1.30481,2.48,1.27
2011.10.28 06:32:56.951,1.30421,1.30475,2.48,1.50
2011.10.28 06:32:57.294,1.30421,1.30475,2.48,1.50
2011.10.28 06:32:57.631,1.30421,1.30475,2.48,1.50
2011.10.28 06:32:58.166,1.30421,1.30475,2.48,1.50
2011.10.28 06:32:58.799,1.30421,1.30474,2.48,1.50
2011.10.28 06:32:59.277,1.30435,1.30477,1.35,1.50
2011.10.28 06:32:59.633,1.30444,1.30483,1.73,1.50
2011.10.28 06:32:59.753,1.30444,1.30499,2.48,1.53
2011.10.28 06:33:01.692,1.30444,1.30499,3.23,1.50
2011.10.28 06:33:09.921,1.30444,1.30494,1.50,1.50
2011.10.28 06:33:10.274,1.30436,1.3049,1.50,1.50
2011.10.28 06:33:11.539,1.30433,1.30488,2.48,1.50
2011.10.28 06:33:13.180,1.30436,1.30486,1.50,1.05
2011.10.28 06:33:13.416,1.3042,1.30468,1.50,2.48
2011.10.28 06:33:13.540,1.3042,1.30468,1.50,2.48
2011.10.28 06:33:14.024,1.30426,1.30479,3.08,1.50
2011.10.28 06:33:14.254,1.30426,1.30479,3.08,1.50
2011.10.28 06:33:14.479,1.30426,1.3048,3.08,1.50
2011.10.28 06:33:15.265,1.30426,1.30483,3.08,2.48
2011.10.28 06:33:16.503,1.30428,1.3048,1.50,1.50
2011.10.28 06:33:17.502,1.30428,1.3048,1.50,1.50
2011.10.28 06:33:17.623,1.30428,1.30478,1.50,1.50
2011.10.28 06:33:17.745,1.30428,1.30475,1.50,1.50
2011.10.28 06:33:17.866,1.30426,1.30473,1.35,2.25
2011.10.28 06:33:17.982,1.30421,1.30472,1.35,2.48
2011.10.28 06:33:18.994,1.30426,1.30472,1.35,2.48
2011.10.28 06:33:19.663,1.30425,1.30474,1.35,1.50
2011.10.28 06:33:20.002,1.30422,1.30474,2.33,1.50
2011.10.28 06:33:26.136,1.30418,1.30466,1.73,2.28
2011.10.28 06:33:26.254,1.30406,1.30455,1.50,2.48
2011.10.28 06:33:26.371,1.30402,1.30455,1.50,2.48
2011.10.28 06:33:28.291,1.30403,1.30455,1.50,2.48
2011.10.28 06:33:29.351,1.30405,1.30459,2.48,1.50
2011.10.28 06:33:31.671,1.30405,1.30459,2.48,1.50
2011.10.28 06:33:35.264,1.30421,1.30459,1.50,1.50
2011.10.28 06:33:35.506,1.30428,1.30483,1.50,1.88
2011.10.28 06:33:36.199,1.30428,1.30483,1.50,1.50
2011.10.28 06:33:36.673,1.30425,1.30483,1.50,1.50
2011.10.28 06:33:37.410,1.30425,1.30484,1.50,1.50
2011.10.28 06:33:37.876,1.30419,1.30473,2.10,2.48
2011.10.28 06:33:38.581,1.30431,1.30479,1.50,1.50
2011.10.28 06:33:39.202,1.30431,1.30469,1.50,1.13
2011.10.28 06:33:39.543,1.30407,1.30451,1.50,1.73
2011.10.28 06:33:40.503,1.30403,1.30443,1.50,1.73
2011.10.28 06:33:40.624,1.30403,1.30443,1.50,1.73
2011.10.28 06:33:42.601,1.30403,1.3042,1.74,1.73
2011.10.28 06:33:42.726,1.30403,1.30422,1.74,1.73
2011.10.28 06:33:42.849,1.30397,1.30439,2.72,1.53
2011.10.28 06:33:42.977,1.3041,1.30448,1.74,2.25
2011.10.28 06:33:43.422,1.3041,1.30448,1.74,1.50
2011.10.28 06:33:43.759,1.30398,1.30448,1.50,1.50
2011.10.28 06:33:44.668,1.30398,1.30448,1.50,2.25
2011.10.28 06:33:45.288,1.30396,1.30433,2.48,1.35
2011.10.28 06:33:45.431,1.30384,1.30444,1.50,1.50
2011.10.28 06:33:46.014,1.30381,1.30431,1.50,1.73
2011.10.28 06:33:46.374,1.30372,1.30426,1.50,1.73
2011.10.28 06:33:46.494,1.30383,1.3043,2.48,1.53
2011.10.28 06:33:46.734,1.30383,1.30436,2.48,1.50
2011.10.28 06:33:46.966,1.30383,1.30437,2.48,1.50
2011.10.28 06:33:47.696,1.30383,1.30438,2.48,1.50
2011.10.28 06:33:48.318,1.30383,1.30438,2.48,1.50
2011.10.28 06:33:49.101,1.30385,1.30439,1.50,1.50
2011.10.28 06:33:49.333,1.30391,1.30446,2.48,1.50
2011.10.28 06:33:50.892,1.30394,1.30449,1.50,1.50
2011.10.28 06:33:51.380,1.304,1.30449,2.48,1.50
2011.10.28 06:33:53.878,1.304,1.30445,2.48,1.50
2011.10.28 06:33:54.213,1.30404,1.30454,2.48,1.50
2011.10.28 06:33:56.659,1.30404,1.30454,2.48,1.50
2011.10.28 06:33:58.483,1.30404,1.30452,2.48,1.50
2011.10.28 06:33:59.617,1.30404,1.30448,2.48,1.50
2011.10.28 06:33:59.961,1.30391,1.30446,3.23,1.50
2011.10.28 06:34:00.578,1.30391,1.30446,3.23,1.50
2011.10.28 06:34:01.473,1.30391,1.30446,3.23,1.50
2011.10.28 06:34:01.832,1.30391,1.30446,3.23,1.50
2011.10.28 06:34:02.794,1.30391,1.30446,3.23,1.50
2011.10.28 06:34:04.496,1.30403,1.30446,2.48,1.50
2011.10.28 06:34:10.109,1.30403,1.30442,2.48,1.27
2011.10.28 06:34:10.701,1.30403,1.30442,2.48,2.05
2011.10.28 06:34:11.041,1.30403,1.30449,2.48,1.50
2011.10.28 06:34:12.201,1.30403,1.30449,2.48,1.50
2011.10.28 06:34:14.353,1.30403,1.30449,2.48,1.50
2011.10.28 06:34:14.473,1.30403,1.30449,2.48,1.50
2011.10.28 06:34:18.802,1.30403,1.30449,2.48,1.50
2011.10.28 06:34:19.443,1.30403,1.30446,2.48,1.50
2011.10.28 06:34:20.400,1.30403,1.30447,2.48,1.50
2011.10.28 06:34:21.414,1.30411,1.30448,1.73,1.50
2011.10.28 06:34:21.538,1.30403,1.30448,2.48,1.50
2011.10.28 06:34:23.919,1.30394,1.30445,2.48,1.35
2011.10.28 06:34:25.544,1.30394,1.30449,2.48,2.13
2011.10.28 06:34:25.663,1.30403,1.30449,2.48,1.53
2011.10.28 06:34:25.784,1.30403,1.30449,2.48,1.53
2011.10.28 06:34:29.241,1.30403,1.30449,1.35,1.13
2011.10.28 06:34:29.832,1.30412,1.30452,2.48,1.50
2011.10.28 06:34:29.955,1.30412,1.30462,2.85,1.50
2011.10.28 06:34:30.181,1.30412,1.30462,2.85,1.50
2011.10.28 06:34:32.262,1.30404,1.30453,2.78,1.35
2011.10.28 06:34:33.057,1.30405,1.30455,1.35,2.48
2011.10.28 06:34:33.663,1.30413,1.30453,2.48,1.50
2011.10.28 06:34:34.034,1.30391,1.30439,1.50,3.60
2011.10.28 06:34:36.639,1.30383,1.30439,1.50,4.35
2011.10.28 06:34:37.431,1.30386,1.30439,1.50,3.60
2011.10.28 06:34:37.771,1.30392,1.30443,1.50,1.35
2011.10.28 06:34:38.007,1.30398,1.30445,4.50,2.48
2011.10.28 06:34:38.246,1.30405,1.30455,2.85,1.50
2011.10.28 06:34:38.371,1.30412,1.30468,1.50,1.13
2011.10.28 06:34:40.360,1.30418,1.30471,1.50,1.53
2011.10.28 06:34:41.881,1.30416,1.3047,2.63,1.50
2011.10.28 06:34:43.440,1.30416,1.3047,2.63,1.50
2011.10.28 06:34:43.986,1.30416,1.30473,2.63,1.50
2011.10.28 06:34:44.335,1.30408,1.30469,2.48,1.53
2011.10.28 06:34:47.012,1.30407,1.30463,1.50,2.25
2011.10.28 06:34:47.587,1.30391,1.30451,1.50,2.51
2011.10.28 06:34:48.413,1.30383,1.30444,3.60,1.50
2011.10.28 06:34:48.792,1.30383,1.30444,3.23,1.53
2011.10.28 06:34:50.501,1.30383,1.30447,2.48,1.53
2011.10.28 06:34:50.731,1.30386,1.30447,1.50,1.50
2011.10.28 06:34:50.851,1.30386,1.30449,1.50,1.16
2011.10.28 06:34:53.939,1.30386,1.3045,1.50,1.53
2011.10.28 06:34:55.012,1.30391,1.30453,1.50,1.53
2011.10.28 06:34:56.264,1.30391,1.30453,1.50,2.28
2011.10.28 06:34:57.813,1.30394,1.30453,2.48,1.53
2011.10.28 06:34:58.703,1.30395,1.30449,2.48,1.13
2011.10.28 06:35:03.590,1.30395,1.30448,2.48,3.41
2011.10.28 06:35:03.723,1.30395,1.30448,2.48,1.53
2011.10.28 06:35:05.591,1.30403,1.30453,2.48,1.13
2011.10.28 06:35:06.236,1.30412,1.30457,1.50,1.50
2011.10.28 06:35:06.981,1.30414,1.3046,2.25,2.48
2011.10.28 06:35:07.564,1.30416,1.30463,1.73,2.63
2011.10.28 06:35:07.682,1.30416,1.30463,2.48,2.63
2011.10.28 06:35:09.636,1.30424,1.30467,1.73,1.53
2011.10.28 06:35:10.083,1.30406,1.30459,1.50,1.73
2011.10.28 06:35:10.644,1.30407,1.30459,1.35,2.48
2011.10.28 06:35:10.769,1.30416,1.30467,2.48,1.53
2011.10.28 06:35:11.853,1.30416,1.30468,2.48,4.91
2011.10.28 06:35:13.270,1.30416,1.30468,2.48,4.91
2011.10.28 06:35:13.604,1.30416,1.30468,1.73,4.91
2011.10.28 06:35:13.953,1.30412,1.30464,2.48,2.48
2011.10.28 06:35:15.475,1.30412,1.30463,2.63,1.88
2011.10.28 06:35:15.594,1.30423,1.30469,2.48,1.16
2011.10.28 06:35:15.824,1.30423,1.30464,1.73,1.50
2011.10.28 06:35:15.945,1.30412,1.30464,2.48,3.23
2011.10.28 06:35:19.123,1.30416,1.30467,2.48,1.53
2011.10.28 06:35:20.641,1.30416,1.30467,2.48,1.53
2011.10.28 06:35:21.551,1.30416,1.30469,3.23,2.66
2011.10.28 06:35:22.692,1.30416,1.30468,2.48,1.50
2011.10.28 06:35:25.990,1.30416,1.30467,2.48,1.50
2011.10.28 06:35:26.782,1.30424,1.30469,1.73,2.66
2011.10.28 06:35:27.013,1.30411,1.30459,2.63,2.48
2011.10.28 06:35:27.636,1.30406,1.30459,2.63,1.73
2011.10.28 06:35:27.781,1.30403,1.30453,3.83,2.63
2011.10.28 06:35:29.471,1.30411,1.30459,2.48,2.66
2011.10.28 06:35:31.311,1.30405,1.3046,2.10,2.51
2011.10.28 06:35:32.061,1.30416,1.30464,2.48,2.63
2011.10.28 06:35:34.552,1.30416,1.30469,3.08,3.41
2011.10.28 06:35:35.003,1.30416,1.30468,3.23,2.63
2011.10.28 06:35:36.317,1.30416,1.30464,2.48,2.63
2011.10.28 06:35:40.542,1.30407,1.30458,2.48,1.88
2011.10.28 06:35:40.770,1.30407,1.30458,2.48,2.63
2011.10.28 06:35:42.764,1.30412,1.30464,1.50,4.35
2011.10.28 06:35:47.403,1.3041,1.30459,1.50,1.50
2011.10.28 06:35:47.757,1.30405,1.30459,1.35,1.50
2011.10.28 06:35:51.931,1.30405,1.30459,1.35,2.25
2011.10.28 06:35:53.801,1.30405,1.30459,1.35,2.25
2011.10.28 06:35:57.061,1.30405,1.30456,1.35,1.50
2011.10.28 06:35:57.191,1.30405,1.30455,1.35,1.50
2011.10.28 06:35:59.051,1.30405,1.30458,1.35,1.50
2011.10.28 06:36:02.746,1.304,1.3045,1.50,1.73
2011.10.28 06:36:03.464,1.30396,1.3045,1.50,2.48
2011.10.28 06:36:03.592,1.30396,1.30443,1.50,1.88
2011.10.28 06:36:05.281,1.30396,1.30443,1.50,1.88
2011.10.28 06:36:06.782,1.30391,1.30452,1.50,1.50
2011.10.28 06:36:07.090,1.30391,1.30452,1.50,1.50
2011.10.28 06:36:13.752,1.30386,1.30448,1.50,1.53
2011.10.28 06:36:14.093,1.30386,1.30439,1.50,3.60
2011.10.28 06:36:14.585,1.30386,1.30439,1.50,3.60
2011.10.28 06:36:15.431,1.30386,1.30429,1.50,1.50
2011.10.28 06:36:15.553,1.3038,1.30429,2.48,2.25
2011.10.28 06:36:15.673,1.30377,1.30422,1.50,1.73
2011.10.28 06:36:16.310,1.3038,1.30437,2.48,1.50
2011.10.28 06:36:17.421,1.30383,1.30438,1.50,2.63
2011.10.28 06:36:17.965,1.30383,1.30437,1.50,1.50
2011.10.28 06:36:18.085,1.30383,1.30423,1.50,2.48
2011.10.28 06:36:18.204,1.30383,1.30427,1.50,1.50
2011.10.28 06:36:18.541,1.30385,1.30438,1.50,2.78
2011.10.28 06:36:18.771,1.30387,1.30438,1.50,2.63
2011.10.28 06:36:19.941,1.30385,1.30433,2.25,1.50
2011.10.28 06:36:20.173,1.30377,1.30423,2.25,2.48
2011.10.28 06:36:20.292,1.30377,1.30423,1.50,1.73
2011.10.28 06:36:20.413,1.30381,1.30438,2.48,4.35
2011.10.28 06:36:21.699,1.30386,1.30434,1.50,1.50
2011.10.28 06:36:21.822,1.30384,1.30428,1.50,1.50
2011.10.28 06:36:21.945,1.30378,1.30422,1.50,1.73
2011.10.28 06:36:22.173,1.30386,1.30439,1.50,5.10
2011.10.28 06:36:23.361,1.30386,1.30439,1.50,5.10
2011.10.28 06:36:24.371,1.30386,1.30439,1.50,5.10
2011.10.28 06:36:28.332,1.30386,1.30439,1.50,4.35
2011.10.28 06:36:28.453,1.30386,1.30439,2.25,1.73
2011.10.28 06:36:28.575,1.30389,1.30444,2.48,1.50
2011.10.28 06:36:33.203,1.3039,1.30444,1.50,2.63
2011.10.28 06:36:33.873,1.30391,1.30451,1.65,1.50
2011.10.28 06:36:37.131,1.304,1.30452,2.48,1.53
2011.10.28 06:36:37.364,1.30402,1.30458,1.50,3.41
2011.10.28 06:36:37.822,1.30402,1.30455,3.23,1.50
2011.10.28 06:36:38.163,1.30412,1.30458,1.73,3.38
2011.10.28 06:36:46.920,1.30412,1.30459,2.48,1.13
2011.10.28 06:36:47.260,1.30412,1.30459,1.73,1.13
2011.10.28 06:36:48.264,1.3042,1.30468,1.73,1.53
2011.10.28 06:36:48.493,1.3042,1.30465,1.73,1.50
2011.10.28 06:36:48.613,1.30411,1.30465,2.48,3.23
2011.10.28 06:36:49.342,1.30411,1.30458,2.48,1.13
2011.10.28 06:36:54.891,1.30411,1.30463,2.48,1.50
2011.10.28 06:36:56.241,1.30416,1.30463,1.50,3.38
2011.10.28 06:36:56.593,1.30419,1.30463,1.50,3.38
2011.10.28 06:36:56.712,1.30411,1.30463,2.48,3.38
2011.10.28 06:36:59.683,1.30403,1.30454,3.23,1.13
2011.10.28 06:37:00.143,1.30396,1.30453,1.50,2.63
2011.10.28 06:37:00.483,1.30393,1.30447,2.25,2.48
2011.10.28 06:37:01.486,1.30393,1.30447,1.50,2.48
2011.10.28 06:37:01.837,1.30398,1.30453,2.48,1.88
2011.10.28 06:37:13.567,1.30397,1.30449,1.50,2.63
2011.10.28 06:37:15.363,1.30398,1.30444,1.50,2.63
2011.10.28 06:37:15.931,1.30398,1.30448,1.50,2.63
2011.10.28 06:37:17.221,1.30398,1.30448,1.50,2.63
2011.10.28 06:37:17.563,1.304,1.30448,2.48,2.63
2011.10.28 06:37:17.799,1.30402,1.30453,2.48,2.63
2011.10.28 06:37:19.814,1.30412,1.30458,2.48,2.63
2011.10.28 06:37:20.374,1.30412,1.30463,2.48,2.63
2011.10.28 06:37:20.714,1.30408,1.30458,1.50,1.50
2011.10.28 06:37:21.052,1.30412,1.30463,1.73,2.63
2011.10.28 06:37:21.879,1.30412,1.30464,2.48,6.15
2011.10.28 06:37:22.235,1.30403,1.30452,1.50,2.48
2011.10.28 06:37:22.681,1.30403,1.30454,3.23,1.13
2011.10.28 06:37:24.364,1.30403,1.30454,2.48,1.13
2011.10.28 06:37:24.595,1.30403,1.30454,3.23,1.13
2011.10.28 06:37:28.331,1.30406,1.30454,1.50,1.13
2011.10.28 06:37:29.028,1.30412,1.30458,2.48,1.35
2011.10.28 06:37:30.337,1.30415,1.30464,3.23,1.46
2011.10.28 06:37:30.685,1.30428,1.30478,2.48,3.98
2011.10.28 06:37:31.047,1.30417,1.30469,1.50,1.35
2011.10.28 06:37:31.288,1.30415,1.30467,1.43,1.53
2011.10.28 06:37:31.524,1.30415,1.30467,1.13,1.53
2011.10.28 06:37:32.380,1.30404,1.30464,1.50,1.50
2011.10.28 06:37:32.735,1.30397,1.30449,2.48,2.48
2011.10.28 06:37:33.446,1.304,1.30454,2.48,1.53
2011.10.28 06:37:33.903,1.304,1.30453,2.48,1.91
2011.10.28 06:37:34.134,1.30396,1.30446,1.13,1.53
2011.10.28 06:37:34.254,1.30387,1.30444,2.48,1.53
2011.10.28 06:37:34.982,1.30387,1.30445,2.48,2.51
2011.10.28 06:37:38.460,1.30387,1.30443,3.98,1.16
2011.10.28 06:37:38.584,1.30387,1.30444,2.48,3.41
2011.10.28 06:37:38.704,1.30387,1.30443,2.48,1.53
2011.10.28 06:37:39.468,1.30384,1.30438,2.48,1.73
2011.10.28 06:37:39.826,1.30373,1.3044,1.50,1.53
2011.10.28 06:37:39.942,1.30374,1.3044,1.50,1.53
2011.10.28 06:37:40.185,1.30376,1.30445,3.23,1.38
2011.10.28 06:37:40.413,1.30376,1.30445,1.50,1.38
2011.10.28 06:37:41.545,1.30376,1.30443,1.50,2.66
2011.10.28 06:37:45.115,1.3038,1.30445,1.50,1.38
2011.10.28 06:37:45.238,1.3038,1.30443,1.50,1.53
2011.10.28 06:37:46.013,1.30382,1.30445,1.50,1.38
2011.10.28 06:37:51.525,1.30386,1.30447,1.50,2.51
2011.10.28 06:37:51.753,1.30386,1.30448,1.50,1.53
2011.10.28 06:37:55.315,1.30384,1.30446,1.50,2.51
2011.10.28 06:37:58.796,1.30386,1.30453,1.50,1.53
2011.10.28 06:37:58.912,1.30386,1.30453,1.50,1.53
2011.10.28 06:37:59.676,1.30386,1.30453,1.50,1.53
2011.10.28 06:38:00.063,1.30385,1.30446,1.50,2.51
2011.10.28 06:38:09.518,1.3038,1.30443,1.50,1.53
2011.10.28 06:38:10.419,1.3038,1.30443,1.50,2.28
2011.10.28 06:38:16.892,1.3038,1.30443,1.50,1.53
2011.10.28 06:38:19.745,1.30401,1.30461,1.50,1.53
2011.10.28 06:38:19.863,1.30401,1.30461,1.50,1.53
2011.10.28 06:38:25.674,1.30402,1.3046,1.50,1.53
2011.10.28 06:38:30.776,1.30393,1.30452,1.50,1.53
2011.10.28 06:38:33.402,1.304,1.30456,1.50,1.53
2011.10.28 06:38:33.523,1.30402,1.30456,2.48,1.53
2011.10.28 06:38:50.271,1.30413,1.30468,1.50,1.53
2011.10.28 06:38:51.144,1.30413,1.30473,3.23,1.53
2011.10.28 06:38:55.683,1.30416,1.30474,1.50,1.50
2011.10.28 06:39:01.312,1.30413,1.30472,2.48,1.53
2011.10.28 06:39:07.203,1.30416,1.30463,1.50,1.53
2011.10.28 06:39:12.447,1.3041,1.3046,2.48,1.53
2011.10.28 06:39:13.108,1.30402,1.30457,1.50,1.53
2011.10.28 06:39:13.234,1.30392,1.3045,2.48,1.53
2011.10.28 06:39:13.592,1.30388,1.30449,2.48,1.53
2011.10.28 06:39:13.935,1.30406,1.30457,2.48,1.53
2011.10.28 06:39:14.054,1.30392,1.30457,3.23,1.53
2011.10.28 06:39:14.293,1.30392,1.30452,2.48,1.53
2011.10.28 06:39:18.233,1.30397,1.30452,1.50,1.53
2011.10.28 06:39:18.356,1.30397,1.30452,1.50,1.50
2011.10.28 06:39:18.598,1.30405,1.30457,2.48,1.53
2011.10.28 06:39:20.591,1.30392,1.30457,4.35,1.53
2011.10.28 06:39:22.912,1.30394,1.30456,2.25,1.53
2011.10.28 06:39:23.039,1.30401,1.30456,2.48,1.53
2011.10.28 06:39:25.919,1.30406,1.30456,1.50,1.53
2011.10.28 06:39:26.264,1.30402,1.30454,1.50,1.53
2011.10.28 06:39:27.099,1.30402,1.30456,1.50,1.53
2011.10.28 06:39:27.225,1.30402,1.30459,1.50,1.53
2011.10.28 06:39:27.452,1.30401,1.30457,3.98,2.51
2011.10.28 06:39:27.573,1.30401,1.30455,3.23,1.53
2011.10.28 06:39:27.808,1.30401,1.30454,3.23,1.53
2011.10.28 06:39:28.042,1.30394,1.30448,1.50,1.50
2011.10.28 06:39:28.392,1.30392,1.30451,1.50,1.53
2011.10.28 06:39:28.515,1.30392,1.30451,1.50,1.53
2011.10.28 06:39:29.828,1.30392,1.30453,1.50,1.53
2011.10.28 06:39:29.961,1.30401,1.30453,2.48,1.53
2011.10.28 06:39:31.355,1.30401,1.30455,2.48,1.53
2011.10.28 06:39:31.583,1.30392,1.30454,1.50,1.53
2011.10.28 06:39:32.032,1.30391,1.30456,3.38,1.53
2011.10.28 06:39:32.486,1.30402,1.30456,2.48,1.53
2011.10.28 06:39:33.207,1.304,1.30453,2.48,1.53
2011.10.28 06:39:33.648,1.304,1.30452,2.48,1.53
2011.10.28 06:39:35.535,1.30402,1.30456,1.50,1.53
2011.10.28 06:39:35.653,1.30402,1.30456,1.50,1.53
2011.10.28 06:39:36.325,1.30393,1.30454,1.05,1.53
2011.10.28 06:39:36.553,1.30393,1.30451,1.05,1.53
2011.10.28 06:39:38.865,1.30391,1.30451,3.38,1.53
2011.10.28 06:39:45.833,1.30392,1.30451,2.63,1.53
2011.10.28 06:39:45.951,1.30392,1.30451,2.63,1.53
2011.10.28 06:39:49.743,1.30392,1.30451,2.63,1.53
2011.10.28 06:39:51.755,1.30392,1.30451,2.63,1.53
2011.10.28 06:39:52.111,1.30392,1.30453,2.63,1.53
2011.10.28 06:39:54.250,1.30392,1.30451,2.63,1.53
2011.10.28 06:39:55.712,1.30392,1.30451,2.63,1.53
2011.10.28 06:40:01.763,1.30392,1.30446,1.50,1.53
2011.10.28 06:40:01.882,1.30386,1.30446,1.50,1.53
2011.10.28 06:40:02.527,1.30386,1.30446,1.50,1.53
2011.10.28 06:40:02.650,1.30389,1.30446,2.48,1.53
2011.10.28 06:40:03.565,1.30384,1.30446,2.48,1.53
2011.10.28 06:40:03.912,1.30381,1.30443,2.10,1.53
2011.10.28 06:40:04.397,1.30381,1.30443,2.10,1.53
2011.10.28 06:40:04.840,1.30381,1.30443,2.10,1.53
2011.10.28 06:40:08.742,1.30381,1.30441,1.50,1.53
2011.10.28 06:40:08.973,1.30372,1.30433,1.88,2.66
2011.10.28 06:40:09.436,1.30371,1.30433,1.50,2.66
2011.10.28 06:40:13.130,1.30378,1.3044,2.48,1.53
2011.10.28 06:40:15.832,1.30382,1.3044,1.50,1.53
2011.10.28 06:40:16.284,1.3038,1.3044,3.23,1.53
2011.10.28 06:40:16.623,1.3038,1.3044,3.23,1.53
2011.10.28 06:40:19.295,1.30383,1.30447,1.50,1.53
2011.10.28 06:40:19.424,1.30393,1.30447,2.48,1.53
2011.10.28 06:40:19.545,1.30394,1.30447,2.48,1.53
2011.10.28 06:40:19.777,1.30394,1.30452,2.48,1.53
2011.10.28 06:40:19.892,1.30394,1.30448,2.48,1.53
2011.10.28 06:40:20.135,1.30394,1.30451,2.48,1.53
2011.10.28 06:40:22.484,1.30394,1.30448,2.48,1.53
2011.10.28 06:40:22.725,1.30394,1.30447,2.48,1.53
2011.10.28 06:40:24.135,1.30381,1.30447,1.50,1.53
2011.10.28 06:40:24.261,1.30393,1.30442,1.50,1.53
2011.10.28 06:40:24.385,1.30393,1.30442,1.50,1.53
2011.10.28 06:40:25.446,1.30393,1.30447,1.50,1.53
2011.10.28 06:40:26.290,1.30393,1.30444,1.50,1.53
2011.10.28 06:40:34.050,1.30393,1.30445,1.50,1.53
2011.10.28 06:40:37.413,1.30394,1.30448,2.48,1.53
2011.10.28 06:40:39.732,1.30401,1.30448,2.48,1.53
2011.10.28 06:40:40.570,1.30401,1.30448,2.48,1.53
2011.10.28 06:40:41.945,1.30412,1.30448,1.73,1.53
2011.10.28 06:40:42.067,1.30412,1.30459,2.48,1.53
2011.10.28 06:40:42.296,1.30406,1.30455,1.50,2.48
2011.10.28 06:40:42.642,1.30405,1.30456,2.48,1.53
2011.10.28 06:40:44.279,1.30406,1.30458,1.50,1.53
2011.10.28 06:40:44.515,1.30411,1.30459,2.48,1.53
2011.10.28 06:40:45.628,1.30417,1.30464,2.48,1.53
2011.10.28 06:40:45.755,1.30417,1.30464,1.73,1.53
2011.10.28 06:40:45.878,1.30411,1.3046,1.50,1.53
2011.10.28 06:40:45.993,1.30409,1.3046,2.48,1.53
2011.10.28 06:40:46.625,1.30417,1.30464,2.48,1.53
2011.10.28 06:40:47.303,1.30412,1.30459,2.48,1.53
2011.10.28 06:40:47.767,1.30412,1.30459,2.48,1.53
2011.10.28 06:40:48.626,1.30406,1.30454,1.50,1.53
2011.10.28 06:40:48.763,1.304,1.30448,2.78,1.53
2011.10.28 06:40:49.445,1.30407,1.30452,2.48,5.05
2011.10.28 06:40:49.796,1.30395,1.30443,2.48,2.05
2011.10.28 06:40:50.353,1.30391,1.30443,1.50,1.53
2011.10.28 06:40:52.392,1.30394,1.30445,1.50,1.53
2011.10.28 06:40:52.827,1.30394,1.30449,1.50,2.28
2011.10.28 06:40:53.992,1.30394,1.30449,1.50,2.28
2011.10.28 06:40:54.111,1.30394,1.30449,1.50,2.28
2011.10.28 06:40:55.392,1.30394,1.30449,1.50,2.28
2011.10.28 06:40:55.738,1.304,1.3045,1.50,1.53
2011.10.28 06:40:56.334,1.30399,1.3045,2.48,1.53
2011.10.28 06:40:56.465,1.30389,1.30449,3.08,1.53
2011.10.28 06:40:56.937,1.30404,1.30451,2.48,1.50
2011.10.28 06:40:57.054,1.30404,1.30453,2.48,1.53
2011.10.28 06:40:59.533,1.30405,1.30456,1.50,1.53
2011.10.28 06:40:59.654,1.30405,1.30457,1.50,1.53
2011.10.28 06:41:00.036,1.30405,1.30456,1.50,2.51
2011.10.28 06:41:00.153,1.30403,1.30456,1.50,2.51
2011.10.28 06:41:01.053,1.30403,1.30454,1.50,1.53
2011.10.28 06:41:01.172,1.30394,1.30448,1.05,1.76
2011.10.28 06:41:04.352,1.30392,1.30447,2.48,1.53
2011.10.28 06:41:06.828,1.30391,1.30449,5.10,3.26
2011.10.28 06:41:07.952,1.30391,1.30449,5.10,3.26
2011.10.28 06:41:08.301,1.30392,1.30451,1.50,1.53
2011.10.28 06:41:08.535,1.304,1.30459,1.35,1.53
2011.10.28 06:41:08.769,1.30412,1.30456,2.48,1.53
2011.10.28 06:41:08.892,1.30392,1.30448,5.10,2.48
2011.10.28 06:41:09.014,1.30392,1.30448,4.35,1.76
2011.10.28 06:41:10.803,1.30411,1.30459,2.48,1.53
2011.10.28 06:41:11.559,1.30411,1.30456,2.48,1.30
2011.10.28 06:41:11.692,1.30392,1.30453,2.48,1.53
2011.10.28 06:41:12.865,1.30397,1.30451,1.50,1.53
2011.10.28 06:41:13.315,1.30387,1.30442,1.50,1.27
2011.10.28 06:41:13.433,1.30387,1.3044,1.50,2.48
2011.10.28 06:41:14.110,1.30387,1.3044,1.50,3.26
2011.10.28 06:41:16.983,1.30392,1.3044,1.50,2.51
2011.10.28 06:41:17.552,1.30385,1.3044,1.50,3.38
2011.10.28 06:41:17.672,1.30396,1.30433,1.50,1.73
2011.10.28 06:41:18.033,1.30402,1.30446,1.50,1.70
2011.10.28 06:41:21.374,1.30402,1.30447,1.50,1.70
2011.10.28 06:41:22.151,1.30401,1.30445,1.50,1.38
2011.10.28 06:41:23.053,1.30401,1.30447,1.50,1.38
2011.10.28 06:41:23.754,1.304,1.30445,1.50,1.38
2011.10.28 06:41:25.711,1.304,1.30445,1.50,1.38
2011.10.28 06:41:26.676,1.30403,1.30446,1.50,1.38
2011.10.28 06:41:27.015,1.30405,1.3045,1.50,1.56
2011.10.28 06:41:27.353,1.30405,1.30452,1.50,1.53
2011.10.28 06:41:27.802,1.30407,1.30448,1.50,1.53
2011.10.28 06:41:28.253,1.30409,1.30454,1.50,1.38
2011.10.28 06:41:29.004,1.30413,1.30459,1.50,1.65
2011.10.28 06:41:31.315,1.30421,1.30456,1.50,1.47
2011.10.28 06:41:31.548,1.30414,1.30445,1.35,1.88
2011.10.28 06:41:31.773,1.30392,1.30445,2.63,2.63
2011.10.28 06:41:31.892,1.30392,1.30446,2.63,1.23
2011.10.28 06:41:32.687,1.30397,1.30446,2.63,1.26
2011.10.28 06:41:33.457,1.30404,1.30446,1.35,1.26
2011.10.28 06:41:33.796,1.30404,1.3045,1.35,1.26
2011.10.28 06:41:34.152,1.30404,1.30452,1.35,1.26
2011.10.28 06:41:41.450,1.304,1.3045,1.65,1.26
2011.10.28 06:41:41.576,1.30403,1.30452,1.50,1.19
2011.10.28 06:41:42.023,1.30411,1.30453,1.50,1.47
2011.10.28 06:41:42.776,1.30409,1.30451,2.48,1.19
2011.10.28 06:41:43.287,1.30409,1.30457,3.23,1.65
2011.10.28 06:41:43.853,1.30409,1.30454,2.48,1.35
2011.10.28 06:41:44.304,1.30406,1.3045,2.93,1.20
2011.10.28 06:41:44.423,1.30404,1.30445,1.13,1.20
2011.10.28 06:41:45.003,1.30397,1.30446,1.50,1.31
2011.10.28 06:41:46.148,1.30397,1.30446,1.50,1.31
2011.10.28 06:41:46.394,1.30392,1.30443,1.50,1.68
2011.10.28 06:41:47.200,1.30396,1.30446,1.50,1.17
2011.10.28 06:41:48.243,1.30397,1.30449,1.35,1.17
2011.10.28 06:41:48.821,1.30404,1.30449,2.48,1.37
2011.10.28 06:41:49.469,1.30404,1.30446,2.48,1.34
2011.10.28 06:41:49.837,1.30403,1.30449,2.48,1.32
2011.10.28 06:41:50.294,1.30402,1.30445,2.63,1.05
2011.10.28 06:41:52.321,1.30403,1.30449,1.50,1.05
2011.10.28 06:41:53.835,1.30415,1.30449,1.73,1.05
2011.10.28 06:41:54.175,1.30403,1.30448,1.50,1.31
2011.10.28 06:41:54.513,1.30399,1.30445,1.35,1.31
2011.10.28 06:41:55.186,1.30399,1.30446,1.35,1.25
2011.10.28 06:41:55.636,1.304,1.30448,1.50,1.31
2011.10.28 06:41:55.973,1.30412,1.30452,2.63,2.15
2011.10.28 06:41:56.520,1.30408,1.30449,2.48,1.22
2011.10.28 06:41:56.981,1.30412,1.30452,2.63,1.16
2011.10.28 06:41:58.293,1.30412,1.30452,2.63,1.47
2011.10.28 06:42:00.702,1.30412,1.30453,2.63,1.34
2011.10.28 06:42:01.478,1.30407,1.30453,2.48,1.49
2011.10.28 06:42:01.616,1.30408,1.30449,1.35,1.31
2011.10.28 06:42:04.191,1.30406,1.30455,3.98,1.32
2011.10.28 06:42:04.436,1.30412,1.30453,2.48,1.32
2011.10.28 06:42:04.797,1.30387,1.30444,1.35,3.56
2011.10.28 06:42:05.025,1.30397,1.30444,2.48,1.68
2011.10.28 06:42:05.482,1.30397,1.30445,2.48,1.17
2011.10.28 06:42:07.052,1.30403,1.30446,1.50,1.19
2011.10.28 06:42:08.675,1.30401,1.30446,2.63,1.19
2011.10.28 06:42:09.015,1.30403,1.30446,1.50,1.23
2011.10.28 06:42:09.474,1.30403,1.30446,1.35,1.34
2011.10.28 06:42:11.793,1.30403,1.30445,1.35,1.23
2011.10.28 06:42:19.296,1.30412,1.30447,1.88,1.16
2011.10.28 06:42:19.845,1.30412,1.30452,2.63,1.43
2011.10.28 06:42:20.641,1.304,1.30449,3.23,1.17
2011.10.28 06:42:30.535,1.304,1.30445,2.48,1.17
2011.10.28 06:42:32.855,1.304,1.30446,2.48,1.31
2011.10.28 06:42:33.093,1.304,1.30449,2.48,1.31
2011.10.28 06:42:43.054,1.30397,1.30446,3.53,1.31
2011.10.28 06:42:44.286,1.30403,1.30446,1.50,1.14
2011.10.28 06:42:44.846,1.304,1.30446,1.50,1.05
2011.10.28 06:42:45.297,1.30397,1.30446,1.50,1.13
2011.10.28 06:42:45.413,1.30397,1.30446,1.50,1.13
2011.10.28 06:42:53.211,1.30386,1.30439,1.50,4.50
2011.10.28 06:42:53.842,1.30386,1.30439,1.50,4.50
2011.10.28 06:42:55.839,1.30394,1.30444,1.50,2.66
2011.10.28 06:42:56.403,1.30389,1.30442,1.50,1.45
2011.10.28 06:42:57.722,1.30387,1.30438,1.50,1.88
2011.10.28 06:42:59.125,1.30388,1.30443,2.48,2.20
2011.10.28 06:42:59.245,1.30386,1.30431,1.50,1.73
2011.10.28 06:42:59.589,1.30383,1.30431,2.10,1.73
2011.10.28 06:43:00.320,1.30387,1.30437,2.63,1.68
2011.10.28 06:43:04.998,1.30388,1.30438,1.50,2.63
2011.10.28 06:43:05.441,1.30391,1.30438,1.50,2.63
2011.10.28 06:43:05.783,1.30395,1.30443,1.35,4.50
2011.10.28 06:43:06.343,1.30387,1.3043,1.50,1.73
2011.10.28 06:43:06.465,1.30392,1.30444,2.48,2.05
2011.10.28 06:43:06.584,1.30395,1.30445,1.35,1.07
2011.10.28 06:43:07.131,1.30398,1.30445,1.50,1.07
2011.10.28 06:43:08.509,1.30402,1.30446,1.35,1.07
2011.10.28 06:43:08.863,1.30402,1.30445,1.50,1.32
2011.10.28 06:43:09.754,1.30402,1.30446,2.63,1.31
2011.10.28 06:43:10.097,1.30404,1.30448,1.50,1.31
2011.10.28 06:43:10.458,1.30412,1.30455,1.43,1.34
2011.10.28 06:43:11.148,1.30408,1.30446,1.88,1.32
2011.10.28 06:43:11.765,1.30408,1.30446,1.13,1.32
2011.10.28 06:43:13.874,1.30402,1.30445,1.35,1.32
2011.10.28 06:43:16.352,1.3039,1.30443,2.48,2.66
2011.10.28 06:43:28.963,1.30406,1.30445,2.48,1.10
2011.10.28 06:43:29.578,1.30406,1.30445,3.53,1.07
2011.10.28 06:43:29.923,1.30412,1.30458,2.10,1.58
2011.10.28 06:43:30.592,1.3041,1.30452,1.50,1.29
2011.10.28 06:43:32.525,1.3041,1.30456,1.50,1.02
2011.10.28 06:43:33.202,1.30411,1.30452,2.63,1.49
2011.10.28 06:43:33.997,1.30411,1.30452,1.50,1.05
2011.10.28 06:43:34.849,1.30402,1.30449,3.38,1.23
2011.10.28 06:43:34.973,1.30402,1.30446,2.63,1.23
2011.10.28 06:43:36.187,1.30404,1.30446,1.35,1.10
2011.10.28 06:43:38.482,1.30411,1.30455,1.35,1.23
2011.10.28 06:43:38.720,1.30406,1.30448,2.63,1.17
2011.10.28 06:43:39.414,1.30408,1.3044,1.35,1.04
2011.10.28 06:43:41.529,1.3041,1.30441,1.35,1.04
2011.10.28 06:43:42.204,1.30413,1.30441,2.10,1.04
2011.10.28 06:43:42.315,1.30403,1.30447,1.50,1.69
2011.10.28 06:43:42.547,1.30405,1.30449,2.10,1.31
2011.10.28 06:43:42.993,1.30405,1.30444,1.35,1.42
2011.10.28 06:43:44.043,1.30407,1.30444,1.88,1.42
2011.10.28 06:43:44.793,1.30407,1.30447,2.63,1.69
2011.10.28 06:43:46.953,1.30407,1.30445,1.50,1.70
2011.10.28 06:43:47.074,1.30407,1.30445,1.50,1.70
2011.10.28 06:43:48.305,1.30409,1.30445,1.13,1.70
2011.10.28 06:43:52.482,1.30407,1.30445,3.38,1.19
2011.10.28 06:43:52.604,1.30407,1.30445,3.38,1.19
2011.10.28 06:43:53.442,1.30407,1.30445,1.50,1.19
2011.10.28 06:43:58.461,1.304,1.30439,2.10,1.88
2011.10.28 06:43:59.438,1.30405,1.30448,1.50,1.10
2011.10.28 06:43:59.557,1.30393,1.30446,1.50,1.17
2011.10.28 06:43:59.911,1.30401,1.30439,1.35,1.88
2011.10.28 06:44:00.385,1.30408,1.30446,1.50,1.14
2011.10.28 06:44:00.747,1.30416,1.30446,2.10,1.11
2011.10.28 06:44:01.709,1.30419,1.30449,1.35,1.58
2011.10.28 06:44:01.887,1.3041,1.30445,1.50,1.20
2011.10.28 06:44:02.010,1.30407,1.30445,2.40,1.20
2011.10.28 06:44:02.558,1.30405,1.30445,1.05,1.17
2011.10.28 06:44:02.677,1.304,1.30445,1.50,1.17
2011.10.28 06:44:03.706,1.30397,1.30445,1.50,1.17
2011.10.28 06:44:04.823,1.30392,1.30442,1.13,2.63
2011.10.28 06:44:05.825,1.30389,1.30435,1.13,1.73
2011.10.28 06:44:05.943,1.30387,1.30435,1.13,2.51
2011.10.28 06:44:06.283,1.30387,1.30441,1.13,2.66
2011.10.28 06:44:09.114,1.30389,1.30442,1.13,2.63
2011.10.28 06:44:12.535,1.30386,1.30442,5.25,2.63
2011.10.28 06:44:13.847,1.30388,1.3043,1.50,1.73
2011.10.28 06:44:14.186,1.30382,1.3043,1.50,1.73
2011.10.28 06:44:14.416,1.30385,1.30437,1.50,1.88
2011.10.28 06:44:15.175,1.30388,1.30438,1.50,2.63
2011.10.28 06:44:15.402,1.30388,1.30446,1.50,1.14
2011.10.28 06:44:18.415,1.30388,1.30445,1.88,1.16
2011.10.28 06:44:18.782,1.30388,1.30445,1.88,1.16
2011.10.28 06:44:22.824,1.30392,1.30446,2.48,1.59
2011.10.28 06:44:23.845,1.30402,1.30442,1.50,1.28
2011.10.28 06:44:24.183,1.30402,1.30443,3.38,1.04
2011.10.28 06:44:26.762,1.30401,1.30444,2.48,1.04
2011.10.28 06:44:27.432,1.304,1.30443,1.13,1.04
2011.10.28 06:44:28.013,1.30397,1.30443,1.50,2.77
2011.10.28 06:44:28.135,1.30391,1.30443,3.38,3.00
2011.10.28 06:44:29.800,1.30387,1.30437,3.38,1.88
2011.10.28 06:44:35.174,1.30389,1.30444,1.50,4.28
2011.10.28 06:44:35.293,1.30389,1.30438,1.50,3.29
2011.10.28 06:44:35.535,1.30384,1.30436,2.85,1.42
2011.10.28 06:44:35.654,1.30384,1.3044,2.85,1.68
2011.10.28 06:44:37.824,1.30394,1.30445,1.50,1.05
2011.10.28 06:44:38.164,1.30396,1.3045,1.50,1.05
2011.10.28 06:44:39.943,1.30415,1.3045,1.50,1.29
2011.10.28 06:44:40.296,1.30419,1.30454,1.50,1.32
2011.10.28 06:44:41.325,1.30401,1.30449,1.50,1.20
2011.10.28 06:44:43.321,1.30402,1.30445,1.50,1.20
2011.10.28 06:44:43.665,1.30397,1.30451,1.50,1.20
2011.10.28 06:44:51.192,1.30403,1.30451,1.50,1.32
2011.10.28 06:44:56.431,1.30407,1.30452,1.50,1.43
2011.10.28 06:45:01.964,1.30412,1.30454,2.48,1.34
2011.10.28 06:45:13.252,1.30407,1.30452,1.50,1.20
2011.10.28 06:45:13.714,1.30401,1.30447,1.50,2.09
2011.10.28 06:45:14.072,1.304,1.30447,1.50,1.34
2011.10.28 06:45:14.198,1.304,1.30447,1.50,2.09
2011.10.28 06:45:15.769,1.30411,1.30447,1.50,1.34
2011.10.28 06:45:21.320,1.30408,1.30447,1.50,1.39
2011.10.28 06:45:21.451,1.30398,1.30446,1.50,1.61
2011.10.28 06:45:25.196,1.30401,1.30444,1.50,1.04
2011.10.28 06:45:25.783,1.30406,1.30444,1.50,1.04
2011.10.28 06:45:27.832,1.30406,1.30444,1.50,1.04
2011.10.28 06:45:28.625,1.30403,1.30444,1.50,1.79
2011.10.28 06:45:28.866,1.30398,1.30444,1.50,1.04
2011.10.28 06:45:29.446,1.30396,1.30444,1.50,1.04
2011.10.28 06:45:29.564,1.30396,1.30444,1.50,1.04
2011.10.28 06:45:29.799,1.30393,1.30444,1.50,1.79
2011.10.28 06:45:30.882,1.30393,1.30443,1.50,1.28
2011.10.28 06:45:33.890,1.30393,1.30443,1.50,2.17
2011.10.28 06:45:38.332,1.30386,1.30438,1.50,1.65
2011.10.28 06:45:38.576,1.30393,1.30445,1.50,1.17
2011.10.28 06:45:40.193,1.30393,1.30445,1.50,1.17
2011.10.28 06:45:42.822,1.30391,1.30446,1.50,1.11
2011.10.28 06:45:43.355,1.30391,1.30444,1.50,1.65
2011.10.28 06:45:43.584,1.30391,1.30446,1.50,1.34
2011.10.28 06:45:43.944,1.30399,1.30446,3.23,1.07
2011.10.28 06:45:44.309,1.304,1.30449,1.50,1.07
2011.10.28 06:45:45.111,1.304,1.30446,1.50,1.07
2011.10.28 06:45:52.484,1.30417,1.3045,1.50,1.27
2011.10.28 06:45:53.233,1.30404,1.3045,2.48,1.99
2011.10.28 06:45:53.714,1.30401,1.30448,1.50,1.20
2011.10.28 06:45:55.243,1.30399,1.3045,1.50,1.20
2011.10.28 06:45:55.594,1.30426,1.30452,1.50,1.07
2011.10.28 06:45:55.946,1.30409,1.30452,1.50,1.36
2011.10.28 06:45:56.066,1.30409,1.30452,1.50,1.31
2011.10.28 06:45:56.874,1.30412,1.30452,1.50,1.21
2011.10.28 06:45:58.795,1.30414,1.30452,1.50,1.21
2011.10.28 06:45:59.132,1.30421,1.30452,1.50,1.21
2011.10.28 06:45:59.653,1.30421,1.30452,1.50,1.36
2011.10.28 06:46:00.308,1.30422,1.30452,1.50,1.19
2011.10.28 06:46:01.704,1.30417,1.30452,2.25,1.30
2011.10.28 06:46:02.046,1.30422,1.30452,1.50,1.30
2011.10.28 06:46:02.496,1.30419,1.30452,1.50,1.30
2011.10.28 06:46:03.072,1.30419,1.30451,1.50,1.30
2011.10.28 06:46:03.813,1.30426,1.30456,1.50,1.27
2011.10.28 06:46:03.949,1.30424,1.30456,1.50,1.27
2011.10.28 06:46:04.067,1.3042,1.30472,3.23,1.13
2011.10.28 06:46:04.524,1.30421,1.30472,2.48,1.27
2011.10.28 06:46:05.085,1.30419,1.30469,2.25,1.27
2011.10.28 06:46:05.863,1.30417,1.30468,1.50,1.27
2011.10.28 06:46:08.496,1.30417,1.30468,1.50,1.27
2011.10.28 06:46:09.373,1.30417,1.30468,2.48,1.64
2011.10.28 06:46:09.603,1.30417,1.30468,2.48,1.64
2011.10.28 06:46:10.052,1.30417,1.30468,1.50,1.13
2011.10.28 06:46:23.220,1.30411,1.30465,1.50,1.64
2011.10.28 06:46:25.833,1.30411,1.30456,1.50,1.50
2011.10.28 06:46:26.183,1.30411,1.3046,1.50,1.64
2011.10.28 06:46:26.767,1.30409,1.3046,1.50,1.64
2011.10.28 06:46:28.188,1.30404,1.3046,1.50,1.64
2011.10.28 06:46:29.433,1.30399,1.30459,1.50,1.27
2011.10.28 06:46:30.911,1.30393,1.30455,1.50,1.53
2011.10.28 06:46:31.252,1.30397,1.30459,1.50,1.67
2011.10.28 06:46:35.634,1.30417,1.30459,2.48,1.27
2011.10.28 06:46:35.984,1.30412,1.30457,2.25,1.64
2011.10.28 06:46:36.323,1.30406,1.30459,1.50,1.64
2011.10.28 06:46:36.881,1.30417,1.30459,2.48,1.64
2011.10.28 06:46:39.601,1.30417,1.30461,2.48,1.64
2011.10.28 06:46:41.783,1.30417,1.30461,2.48,1.64
2011.10.28 06:46:42.145,1.30417,1.30458,1.73,1.64
2011.10.28 06:46:42.722,1.30404,1.30457,1.50,1.64
2011.10.28 06:46:46.941,1.30404,1.30456,1.50,1.64
2011.10.28 06:46:53.311,1.30404,1.30456,1.50,1.64
2011.10.28 06:46:53.774,1.30411,1.30457,1.50,1.64
2011.10.28 06:46:54.663,1.30414,1.30457,1.50,1.64
2011.10.28 06:46:55.204,1.30414,1.30457,1.50,1.64
2011.10.28 06:46:58.706,1.30414,1.30457,1.50,1.27
2011.10.28 06:46:58.934,1.30414,1.30459,1.50,1.13
2011.10.28 06:47:00.533,1.30414,1.30459,1.50,1.27
2011.10.28 06:47:05.072,1.30412,1.30459,1.50,1.13
2011.10.28 06:47:06.603,1.30417,1.30462,2.48,1.64
2011.10.28 06:47:08.512,1.30426,1.30462,1.50,1.64
2011.10.28 06:47:09.073,1.30426,1.30465,1.50,1.64
2011.10.28 06:47:09.836,1.30426,1.30465,1.50,1.64
2011.10.28 06:47:10.392,1.3043,1.30465,1.50,1.64
2011.10.28 06:47:13.412,1.30432,1.30467,1.50,1.27
2011.10.28 06:47:13.774,1.30442,1.30468,1.50,1.27
2011.10.28 06:47:14.829,1.30431,1.30466,1.50,1.64
2011.10.28 06:47:15.429,1.30431,1.30466,1.50,1.64
2011.10.28 06:47:15.995,1.30431,1.30466,1.50,1.64
2011.10.28 06:47:17.034,1.30431,1.30466,1.50,1.64
2011.10.28 06:47:18.533,1.30431,1.30467,2.25,1.27
2011.10.28 06:47:19.312,1.30431,1.30467,1.50,1.27
2011.10.28 06:47:20.940,1.30435,1.30471,1.50,1.64
2011.10.28 06:47:22.367,1.30432,1.30469,2.48,1.64
2011.10.28 06:47:22.484,1.30432,1.30469,1.73,1.64
2011.10.28 06:47:22.605,1.30428,1.30468,1.50,1.64
2011.10.28 06:47:23.446,1.30426,1.30467,1.50,1.13
2011.10.28 06:47:23.564,1.30421,1.30467,1.50,1.13
2011.10.28 06:47:29.943,1.30422,1.30466,2.25,1.64
2011.10.28 06:47:30.176,1.30418,1.30466,1.50,1.13
2011.10.28 06:47:30.405,1.30418,1.30466,1.50,1.27
2011.10.28 06:47:30.853,1.30419,1.30466,1.50,1.64
2011.10.28 06:47:31.565,1.3042,1.30466,2.48,1.13
2011.10.28 06:47:32.134,1.3042,1.30467,3.23,1.64
2011.10.28 06:47:32.476,1.30437,1.30467,1.50,1.64
2011.10.28 06:47:34.296,1.30437,1.30466,1.50,1.13
2011.10.28 06:47:34.415,1.30423,1.30466,1.50,1.13
2011.10.28 06:47:34.763,1.30419,1.30466,1.50,1.64
2011.10.28 06:47:41.606,1.30421,1.30471,1.50,2.02
2011.10.28 06:47:42.352,1.30427,1.30466,1.50,1.64
2011.10.28 06:47:43.444,1.30427,1.30469,1.50,1.64
2011.10.28 06:47:44.125,1.30428,1.30469,2.48,1.64
2011.10.28 06:47:45.763,1.30428,1.30469,2.48,1.64
2011.10.28 06:47:46.104,1.30428,1.30467,1.73,1.64
2011.10.28 06:47:46.720,1.30427,1.30467,1.50,1.64
2011.10.28 06:47:49.668,1.30427,1.30467,1.50,2.02
2011.10.28 06:47:53.031,1.30427,1.30467,1.50,1.27
2011.10.28 06:47:55.135,1.30428,1.30468,2.48,1.27
2011.10.28 06:47:58.144,1.30421,1.30468,1.13,2.02
2011.10.28 06:47:58.533,1.30421,1.30468,1.13,1.27
2011.10.28 06:47:58.885,1.30452,1.30486,1.73,1.27
2011.10.28 06:47:59.116,1.30452,1.30492,2.48,1.27
2011.10.28 06:47:59.346,1.30452,1.30499,2.48,1.67
2011.10.28 06:47:59.464,1.30452,1.30498,2.48,1.64
2011.10.28 06:48:00.024,1.30462,1.30501,1.05,1.64
2011.10.28 06:48:00.362,1.30467,1.30498,1.73,1.64
2011.10.28 06:48:00.483,1.3046,1.30498,1.20,1.64
2011.10.28 06:48:01.086,1.30469,1.30498,1.73,1.64
2011.10.28 06:48:01.883,1.3046,1.30497,1.73,1.64
2011.10.28 06:48:02.129,1.30457,1.30497,4.35,1.64
2011.10.28 06:48:02.378,1.3046,1.30497,1.73,1.13
2011.10.28 06:48:03.806,1.3046,1.30502,2.48,1.27
2011.10.28 06:48:04.523,1.3046,1.30502,2.48,1.30
2011.10.28 06:48:04.651,1.30449,1.30487,1.50,1.27
2011.10.28 06:48:05.942,1.30449,1.30487,1.50,1.27
2011.10.28 06:48:06.876,1.30448,1.30487,2.10,1.27
2011.10.28 06:48:07.333,1.30441,1.30486,1.50,1.64
2011.10.28 06:48:08.112,1.30436,1.30486,2.55,1.64
2011.10.28 06:48:08.242,1.30444,1.30487,3.08,1.27
2011.10.28 06:48:08.367,1.30444,1.30486,3.08,1.64
2011.10.28 06:48:08.972,1.30444,1.30486,3.08,1.64
2011.10.28 06:48:09.205,1.30444,1.30486,3.08,1.64
2011.10.28 06:48:09.744,1.30444,1.30486,3.08,1.64
2011.10.28 06:48:12.755,1.30444,1.30486,3.08,1.64
2011.10.28 06:48:13.849,1.30436,1.30486,1.50,1.64
2011.10.28 06:48:14.306,1.30428,1.30483,2.55,1.64
2011.10.28 06:48:15.423,1.30428,1.30484,2.55,1.64
2011.10.28 06:48:16.458,1.30428,1.30484,2.48,1.64
2011.10.28 06:48:17.573,1.30431,1.30484,2.25,1.64
2011.10.28 06:48:18.340,1.30431,1.30484,2.25,1.64
2011.10.28 06:48:18.573,1.30431,1.30483,2.25,1.64
2011.10.28 06:48:19.117,1.30431,1.30482,2.25,1.50
2011.10.28 06:48:19.666,1.30431,1.30481,1.50,1.27
2011.10.28 06:48:20.294,1.30431,1.30481,1.50,1.27
2011.10.28 06:48:21.599,1.30428,1.3045,2.48,1.27
2011.10.28 06:48:22.144,1.30428,1.3045,1.73,1.27
2011.10.28 06:48:23.619,1.3042,1.30451,1.50,1.27
2011.10.28 06:48:23.856,1.30408,1.30451,1.58,1.27
2011.10.28 06:48:24.411,1.30401,1.30446,1.58,1.64
2011.10.28 06:48:24.643,1.30414,1.30446,1.05,1.64
2011.10.28 06:48:24.987,1.30451,1.3047,1.13,1.64
2011.10.28 06:48:25.106,1.30452,1.3047,1.13,1.13
2011.10.28 06:48:25.224,1.30445,1.30476,1.50,1.27
2011.10.28 06:48:25.344,1.30444,1.30476,1.50,1.27
2011.10.28 06:48:25.901,1.30444,1.30476,1.50,1.27
2011.10.28 06:48:26.028,1.30455,1.30494,1.50,1.13
2011.10.28 06:48:26.253,1.30444,1.30491,1.50,1.13
2011.10.28 06:48:26.372,1.30444,1.30491,1.50,1.13
2011.10.28 06:48:27.696,1.3044,1.30491,1.35,1.13
2011.10.28 06:48:29.532,1.3044,1.30485,1.35,1.13
2011.10.28 06:48:34.506,1.30445,1.30485,1.50,1.64
2011.10.28 06:48:34.844,1.3045,1.30488,1.50,1.27
2011.10.28 06:48:36.244,1.30444,1.30488,1.50,1.27
2011.10.28 06:48:37.111,1.30433,1.30483,2.25,1.64
2011.10.28 06:48:37.233,1.30433,1.30484,2.25,1.64
2011.10.28 06:48:38.766,1.3044,1.30487,1.50,1.64
2011.10.28 06:48:39.556,1.30442,1.30493,1.50,1.13
2011.10.28 06:48:40.155,1.30444,1.30493,1.50,1.13
2011.10.28 06:48:44.503,1.3045,1.30493,1.88,1.13
2011.10.28 06:48:44.864,1.30468,1.30502,1.73,1.50
2011.10.28 06:48:48.265,1.30465,1.30496,1.73,1.13
2011.10.28 06:48:49.054,1.30456,1.30494,2.48,1.13
2011.10.28 06:48:56.812,1.30456,1.30506,2.48,1.27
2011.10.28 06:48:56.933,1.30464,1.30506,1.73,1.27
2011.10.28 06:48:57.258,1.30464,1.30506,1.73,1.27
2011.10.28 06:48:57.482,1.30455,1.30506,1.73,1.27
2011.10.28 06:49:00.018,1.30453,1.30506,3.23,2.48
2011.10.28 06:49:00.574,1.30453,1.30505,1.73,1.53
2011.10.28 06:49:00.692,1.30446,1.30502,2.25,2.51
2011.10.28 06:49:00.925,1.30444,1.30502,1.50,2.51
2011.10.28 06:49:01.516,1.30443,1.305,2.48,1.53
2011.10.28 06:49:02.077,1.30451,1.30505,1.50,1.53
2011.10.28 06:49:02.608,1.30459,1.30506,1.73,1.13
2011.10.28 06:49:05.263,1.30461,1.30506,1.50,1.27
2011.10.28 06:49:08.186,1.30466,1.30507,1.13,1.64
2011.10.28 06:49:08.303,1.30475,1.30508,2.48,1.27
2011.10.28 06:49:08.425,1.30475,1.30528,2.48,1.16
2011.10.28 06:49:08.984,1.30473,1.30526,1.50,3.23
2011.10.28 06:49:09.896,1.30472,1.30513,1.50,1.64
2011.10.28 06:49:10.885,1.30467,1.3051,1.50,2.48
2011.10.28 06:49:11.005,1.30467,1.3051,1.50,2.48
2011.10.28 06:49:11.125,1.30461,1.30514,1.50,1.64
2011.10.28 06:49:11.247,1.30461,1.30514,1.50,1.64
2011.10.28 06:49:11.473,1.30461,1.30513,1.50,1.64
2011.10.28 06:49:11.704,1.30466,1.30513,1.50,1.13
2011.10.28 06:49:12.495,1.30472,1.30513,1.73,1.64
2011.10.28 06:49:12.614,1.30469,1.30513,1.50,1.64
2011.10.28 06:49:14.248,1.30469,1.30513,1.50,1.13
2011.10.28 06:49:14.773,1.30472,1.30518,1.50,2.02
2011.10.28 06:49:15.225,1.30512,1.30535,2.10,1.27
2011.10.28 06:49:15.344,1.30512,1.30551,2.48,1.27
2011.10.28 06:49:15.463,1.30512,1.30551,2.48,1.27
2011.10.28 06:49:15.584,1.30502,1.30563,1.50,1.27
2011.10.28 06:49:15.702,1.30501,1.3057,1.35,1.27
2011.10.28 06:49:16.344,1.30511,1.30575,1.35,1.35
2011.10.28 06:49:16.941,1.30511,1.30575,1.35,1.35
2011.10.28 06:49:17.141,1.30511,1.30575,1.35,1.35
2011.10.28 06:49:20.296,1.30511,1.30573,1.35,1.50
2011.10.28 06:49:20.645,1.30511,1.30573,1.35,1.50
2011.10.28 06:49:21.532,1.30511,1.30573,1.35,1.50
2011.10.28 06:49:21.872,1.3051,1.30572,1.35,1.50
2011.10.28 06:49:21.993,1.30504,1.30573,1.35,4.16
2011.10.28 06:49:27.354,1.30506,1.30569,1.35,1.53
2011.10.28 06:49:27.806,1.30511,1.30568,1.35,1.53
2011.10.28 06:49:27.925,1.30511,1.30568,1.35,1.53
2011.10.28 06:49:28.504,1.30511,1.30568,1.35,1.50
2011.10.28 06:49:28.731,1.30511,1.30572,1.35,1.53
2011.10.28 06:49:30.909,1.30511,1.30574,1.35,1.50
2011.10.28 06:49:31.023,1.30511,1.30575,1.35,1.38
2011.10.28 06:49:32.495,1.30516,1.30581,1.50,2.05
2011.10.28 06:49:34.412,1.30516,1.3058,1.50,1.53
2011.10.28 06:49:35.326,1.3051,1.3057,1.50,1.50
2011.10.28 06:49:35.445,1.30508,1.3057,1.50,1.53
2011.10.28 06:49:37.663,1.30506,1.3057,1.50,1.53
2011.10.28 06:49:37.897,1.30508,1.3057,1.50,1.53
2011.10.28 06:49:38.124,1.30509,1.30574,1.50,1.53
2011.10.28 06:49:38.777,1.30511,1.30574,1.50,1.53
2011.10.28 06:49:41.725,1.30509,1.30572,1.50,1.50
2011.10.28 06:49:42.172,1.30507,1.30571,2.25,1.53
2011.10.28 06:49:43.582,1.30507,1.30571,1.50,1.53
2011.10.28 06:49:43.923,1.30507,1.30571,1.50,1.53
2011.10.28 06:49:44.262,1.30507,1.30571,1.50,1.53
2011.10.28 06:49:50.653,1.30516,1.30579,1.50,1.53
2011.10.28 06:49:50.894,1.30515,1.3058,1.50,1.53
2011.10.28 06:49:51.934,1.30513,1.30576,1.50,1.53
2011.10.28 06:49:52.884,1.30506,1.30574,1.50,2.28
2011.10.28 06:49:53.125,1.30502,1.30561,1.50,1.50
2011.10.28 06:49:53.243,1.305,1.30553,1.50,1.13
2011.10.28 06:49:53.364,1.30494,1.30553,1.50,1.13
2011.10.28 06:49:53.722,1.3049,1.30544,1.13,2.63
2011.10.28 06:49:53.954,1.30488,1.30544,1.50,2.63
2011.10.28 06:49:57.624,1.30488,1.30543,1.50,1.50
2011.10.28 06:49:59.182,1.30486,1.30537,1.50,1.13
2011.10.28 06:49:59.534,1.30476,1.30528,1.50,2.63
2011.10.28 06:49:59.764,1.30472,1.30524,1.50,2.63
2011.10.28 06:49:59.993,1.3047,1.30523,1.50,2.48
2011.10.28 06:50:00.227,1.3047,1.30519,1.50,1.88
2011.10.28 06:50:00.347,1.3047,1.30523,1.50,3.60
2011.10.28 06:50:00.575,1.3047,1.30519,1.50,1.73
2011.10.28 06:50:01.354,1.30468,1.30519,1.50,2.85
2011.10.28 06:50:01.599,1.30468,1.30524,1.50,1.27
2011.10.28 06:50:01.717,1.30475,1.30528,1.50,3.38
2011.10.28 06:50:02.067,1.30486,1.30535,1.50,1.27
2011.10.28 06:50:02.298,1.30487,1.30537,1.50,1.27
2011.10.28 06:50:02.413,1.30486,1.30535,1.50,1.27
2011.10.28 06:50:03.693,1.30486,1.30541,1.50,1.64
2011.10.28 06:50:04.626,1.30486,1.30541,1.50,1.64
2011.10.28 06:50:05.109,1.30488,1.3054,1.50,1.64
2011.10.28 06:50:05.456,1.30494,1.30544,1.50,1.64
2011.10.28 06:50:05.804,1.30494,1.30544,1.50,2.02
2011.10.28 06:50:06.981,1.30497,1.30544,1.50,1.27
2011.10.28 06:50:07.513,1.30497,1.30544,1.50,1.27
2011.10.28 06:50:07.855,1.30502,1.30544,1.50,1.27
2011.10.28 06:50:08.088,1.30503,1.3056,1.50,1.64
2011.10.28 06:50:08.211,1.30503,1.30559,1.50,1.27
2011.10.28 06:50:08.446,1.30507,1.30559,1.50,1.27
2011.10.28 06:50:08.808,1.30526,1.3056,1.50,1.27
2011.10.28 06:50:08.929,1.30522,1.30548,1.50,1.27
2011.10.28 06:50:09.792,1.30523,1.30563,1.50,1.64
2011.10.28 06:50:09.918,1.30527,1.30573,1.50,1.65
2011.10.28 06:50:10.156,1.30523,1.30569,1.50,2.48
2011.10.28 06:50:10.474,1.30522,1.30569,1.50,2.48
2011.10.28 06:50:13.077,1.30523,1.30568,1.50,1.50
2011.10.28 06:50:13.907,1.30515,1.30549,1.50,1.73
2011.10.28 06:50:14.257,1.30514,1.30569,1.50,1.50
2011.10.28 06:50:14.486,1.30513,1.30569,1.50,1.50
2011.10.28 06:50:14.604,1.30508,1.30564,3.23,2.48
2011.10.28 06:50:14.836,1.30508,1.30564,3.23,2.48
2011.10.28 06:50:15.078,1.30512,1.30564,1.50,2.48
2011.10.28 06:50:16.242,1.30518,1.30573,1.50,1.64
2011.10.28 06:50:17.094,1.30518,1.30576,1.50,1.67
2011.10.28 06:50:17.456,1.3054,1.30576,1.73,1.64
2011.10.28 06:50:17.574,1.3054,1.30588,2.48,1.50
2011.10.28 06:50:17.915,1.3054,1.30588,2.48,1.50
2011.10.28 06:50:18.256,1.3054,1.30579,2.48,1.27
2011.10.28 06:50:18.835,1.30541,1.3057,1.73,1.27
2011.10.28 06:50:18.952,1.30541,1.30589,1.73,2.02
2011.10.28 06:50:19.631,1.30549,1.30591,1.73,4.50
2011.10.28 06:50:21.624,1.30544,1.30582,1.35,1.27
2011.10.28 06:50:21.747,1.30526,1.30561,1.13,1.27
2011.10.28 06:50:21.985,1.30517,1.30558,1.50,1.27
2011.10.28 06:50:22.616,1.30499,1.30551,1.13,1.53
2011.10.28 06:50:22.738,1.30499,1.30551,1.13,1.53
2011.10.28 06:50:22.967,1.30493,1.30545,2.48,1.64
2011.10.28 06:50:25.187,1.30489,1.30544,1.50,1.13
2011.10.28 06:50:31.404,1.30493,1.30542,2.48,1.50
2011.10.28 06:50:31.757,1.30474,1.30534,1.50,1.53
2011.10.28 06:50:31.877,1.30474,1.30535,1.50,1.53
2011.10.28 06:50:33.910,1.30474,1.30528,1.50,2.63
2011.10.28 06:50:34.272,1.30492,1.30528,2.48,1.88
2011.10.28 06:50:34.512,1.30486,1.30542,2.48,1.53
2011.10.28 06:50:34.749,1.30486,1.30533,2.48,3.38
2011.10.28 06:50:34.868,1.30474,1.30527,1.50,1.53
2011.10.28 06:50:35.605,1.30485,1.30538,2.48,1.91
2011.10.28 06:50:36.058,1.30479,1.30534,1.50,2.63
2011.10.28 06:50:37.062,1.30486,1.30534,1.73,2.63
2011.10.28 06:50:37.180,1.30486,1.30534,2.48,2.63
2011.10.28 06:50:39.293,1.30476,1.3052,1.50,1.50
2011.10.28 06:50:39.417,1.30473,1.3052,1.50,1.50
2011.10.28 06:50:40.089,1.30472,1.30533,1.50,2.66
2011.10.28 06:51:09.427,1.3046,1.30523,2.63,3.41
2011.10.28 06:51:09.548,1.30458,1.30518,1.50,1.53
2011.10.28 06:51:11.037,1.30462,1.30525,1.50,1.53
2011.10.28 06:51:13.672,1.30475,1.30527,1.35,1.64
2011.10.28 06:51:14.028,1.30502,1.30533,1.73,1.27
2011.10.28 06:51:14.148,1.30502,1.30544,1.73,1.30
2011.10.28 06:51:14.270,1.30502,1.30545,2.48,1.53
2011.10.28 06:51:14.498,1.30507,1.3055,1.35,1.30
2011.10.28 06:51:14.848,1.30507,1.30552,2.48,1.13
2011.10.28 06:51:15.077,1.30508,1.30553,1.50,1.64
2011.10.28 06:51:18.615,1.30516,1.30553,1.73,2.42
2011.10.28 06:51:18.740,1.30516,1.30553,1.73,2.42
2011.10.28 06:51:19.079,1.30506,1.30552,2.48,1.27
2011.10.28 06:51:19.307,1.30506,1.30554,2.48,1.27
2011.10.28 06:51:21.476,1.30506,1.30552,2.48,1.53
2011.10.28 06:51:21.842,1.30511,1.30552,2.33,1.53
2011.10.28 06:51:21.959,1.30511,1.30557,1.73,1.13
2011.10.28 06:51:22.529,1.30514,1.30557,1.13,1.64
2011.10.28 06:51:22.646,1.30524,1.30557,1.73,1.64
2011.10.28 06:51:22.887,1.30515,1.30557,1.73,1.64
2011.10.28 06:51:23.008,1.30515,1.30557,1.73,1.64
2011.10.28 06:51:23.128,1.30511,1.30557,1.73,1.64
2011.10.28 06:51:24.959,1.30515,1.30557,1.73,1.13
2011.10.28 06:51:25.408,1.30515,1.30557,1.73,1.64
2011.10.28 06:51:25.650,1.30524,1.30557,1.73,1.13
2011.10.28 06:51:25.769,1.30512,1.30557,1.13,1.64
2011.10.28 06:51:26.006,1.30504,1.30557,1.73,1.13
2011.10.28 06:51:26.677,1.30507,1.30557,1.50,1.13
2011.10.28 06:51:27.018,1.30523,1.30557,1.73,1.64
2011.10.28 06:51:27.137,1.30514,1.30557,1.73,1.13
2011.10.28 06:51:27.260,1.30514,1.30557,1.73,1.13
2011.10.28 06:51:29.769,1.30523,1.3056,1.73,1.13
2011.10.28 06:51:30.220,1.30535,1.30565,1.73,1.27
2011.10.28 06:51:30.448,1.30535,1.30582,1.73,1.67
2011.10.28 06:51:30.568,1.3054,1.30581,1.73,1.27
2011.10.28 06:51:31.393,1.30521,1.3057,1.50,1.53
2011.10.28 06:51:31.860,1.30512,1.3057,1.88,1.53
2011.10.28 06:51:32.946,1.30512,1.3057,1.88,1.53
2011.10.28 06:51:33.638,1.30512,1.3057,1.88,1.50
2011.10.28 06:51:35.629,1.30512,1.30574,1.88,3.41
2011.10.28 06:51:36.210,1.3052,1.30573,1.50,1.53
2011.10.28 06:51:36.570,1.30547,1.30585,1.50,1.64
2011.10.28 06:51:37.327,1.3056,1.30585,1.73,1.64
2011.10.28 06:51:37.462,1.30535,1.30588,1.50,1.68
2011.10.28 06:51:37.580,1.30534,1.30588,1.88,2.28
2011.10.28 06:51:37.698,1.30534,1.30588,1.13,2.28
2011.10.28 06:51:37.927,1.30534,1.30588,1.13,2.28
2011.10.28 06:51:38.269,1.30534,1.30588,1.13,1.53
2011.10.28 06:51:38.971,1.3052,1.3058,1.50,1.27
2011.10.28 06:51:39.092,1.30527,1.3058,2.48,1.64
2011.10.28 06:51:40.948,1.30528,1.30583,1.50,1.64
2011.10.28 06:51:41.297,1.30528,1.30582,1.50,1.13
2011.10.28 06:51:44.156,1.30528,1.30582,1.50,1.13
2011.10.28 06:51:47.318,1.30528,1.30582,1.50,1.13
2011.10.28 06:51:47.667,1.30522,1.30582,1.50,1.88
2011.10.28 06:51:47.789,1.3052,1.30578,1.50,2.63
2011.10.28 06:51:48.236,1.30518,1.30581,1.50,1.53
2011.10.28 06:51:48.978,1.3051,1.30573,2.25,1.53
2011.10.28 06:51:49.557,1.3051,1.30573,1.50,1.53
2011.10.28 06:51:50.007,1.3051,1.30564,1.50,2.63
2011.10.28 06:51:53.746,1.30508,1.30572,1.50,1.53
2011.10.28 06:51:55.348,1.30515,1.30572,2.48,1.53
2011.10.28 06:51:55.687,1.30515,1.30574,2.48,1.53
2011.10.28 06:51:56.028,1.30512,1.30574,3.23,3.41
2011.10.28 06:51:56.698,1.30512,1.30574,3.23,2.66
2011.10.28 06:51:57.056,1.30515,1.30575,2.48,1.53
2011.10.28 06:51:57.690,1.30515,1.30575,2.48,1.53
2011.10.28 06:51:58.657,1.30515,1.30575,2.48,1.53
2011.10.28 06:52:00.776,1.30512,1.30569,3.23,3.38
2011.10.28 06:52:03.310,1.30515,1.30574,2.48,2.66
2011.10.28 06:52:05.569,1.30515,1.30574,3.98,2.63
2011.10.28 06:52:06.507,1.30525,1.30578,1.50,1.27
2011.10.28 06:52:08.666,1.30527,1.30579,1.50,1.64
2011.10.28 06:52:08.899,1.30536,1.30579,2.48,1.27
2011.10.28 06:52:09.403,1.30536,1.30588,2.48,2.63
2011.10.28 06:52:09.532,1.30536,1.30588,2.48,2.63
2011.10.28 06:52:12.615,1.30527,1.30584,2.48,2.66
2011.10.28 06:52:16.123,1.30524,1.30578,2.48,2.63
2011.10.28 06:52:16.467,1.30524,1.30569,2.48,1.50
2011.10.28 06:52:16.825,1.30504,1.30558,1.74,1.13
2011.10.28 06:52:17.060,1.30499,1.30558,1.88,1.53
2011.10.28 06:52:17.289,1.305,1.3056,1.13,2.28
2011.10.28 06:52:17.625,1.30499,1.30543,1.13,2.66
2011.10.28 06:52:17.969,1.30484,1.30543,3.23,2.66
2011.10.28 06:52:19.620,1.30493,1.30543,2.48,3.41
2011.10.28 06:52:23.551,1.30493,1.30539,1.73,2.66
2011.10.28 06:52:23.896,1.30493,1.30537,1.73,1.53
2011.10.28 06:52:27.986,1.30476,1.30534,1.13,3.38
2011.10.28 06:52:28.221,1.30476,1.30529,1.50,3.41
2011.10.28 06:52:28.342,1.30475,1.30527,1.88,1.53
2011.10.28 06:52:28.576,1.30477,1.30527,2.48,1.53
2011.10.28 06:52:30.982,1.30477,1.3053,2.48,1.53
2011.10.28 06:52:31.209,1.30477,1.30538,3.23,1.13
2011.10.28 06:52:31.716,1.30488,1.30538,2.48,1.88
2011.10.28 06:52:32.068,1.30479,1.30527,2.48,1.53
2011.10.28 06:52:41.325,1.30481,1.30529,2.48,2.63
2011.10.28 06:52:51.830,1.30486,1.30528,1.50,1.88
2011.10.28 06:52:52.888,1.30486,1.30528,1.50,2.63
2011.10.28 06:52:57.686,1.30471,1.30515,1.50,1.50
2011.10.28 06:52:58.036,1.30471,1.30509,1.50,1.88
2011.10.28 06:53:02.687,1.30464,1.30513,2.48,2.63
2011.10.28 06:53:02.929,1.30469,1.30513,3.23,2.63
2011.10.28 06:53:03.568,1.30472,1.30524,1.50,2.63
2011.10.28 06:53:03.696,1.30482,1.30524,2.48,2.63
2011.10.28 06:53:10.644,1.30481,1.30528,2.48,3.38
2011.10.28 06:53:13.433,1.30481,1.30528,2.48,3.38
2011.10.28 06:53:13.665,1.30481,1.30528,2.48,3.38
2011.10.28 06:53:14.435,1.30483,1.30528,1.73,3.38
2011.10.28 06:53:15.936,1.30483,1.30528,2.48,3.38
2011.10.28 06:53:30.968,1.30483,1.30528,2.48,1.50
2011.10.28 06:53:32.826,1.30483,1.30528,2.48,1.50
2011.10.28 06:53:35.085,1.30483,1.30528,1.73,1.50
2011.10.28 06:53:35.318,1.30483,1.30528,2.48,1.50
2011.10.28 06:53:45.374,1.30483,1.30523,2.48,1.88
2011.10.28 06:53:53.300,1.30484,1.30523,1.50,1.88
2011.10.28 06:53:53.418,1.30484,1.30537,1.50,1.13
2011.10.28 06:53:53.543,1.30491,1.30536,1.50,1.13
2011.10.28 06:53:53.898,1.30487,1.30528,1.50,2.63
2011.10.28 06:53:54.925,1.30483,1.30537,2.48,1.13
2011.10.28 06:53:55.277,1.30478,1.30534,1.50,2.63
2011.10.28 06:53:56.360,1.30476,1.3053,3.23,2.48
2011.10.28 06:53:56.711,1.30467,1.30506,1.50,1.27
2011.10.28 06:53:57.050,1.3045,1.30486,1.50,1.50
2011.10.28 06:53:57.170,1.30418,1.30485,2.10,1.50
2011.10.28 06:53:57.406,1.30429,1.30494,1.50,2.63
2011.10.28 06:53:58.650,1.30429,1.30484,1.50,2.63
2011.10.28 06:53:59.549,1.30423,1.30484,1.50,3.41
2011.10.28 06:54:04.924,1.30423,1.30479,1.50,1.50
2011.10.28 06:54:05.052,1.3043,1.30489,1.50,2.66
2011.10.28 06:54:05.391,1.3043,1.30481,2.48,1.53
2011.10.28 06:54:05.630,1.3043,1.30489,2.48,3.41
2011.10.28 06:54:05.857,1.3043,1.30489,2.48,3.41
2011.10.28 06:54:09.273,1.3043,1.30488,2.48,1.53
2011.10.28 06:54:12.175,1.30429,1.30488,2.48,1.53
2011.10.28 06:54:12.295,1.30429,1.30488,2.48,1.53
2011.10.28 06:54:13.454,1.30429,1.30488,2.48,1.53
2011.10.28 06:54:13.798,1.30429,1.30488,2.48,2.28
2011.10.28 06:54:17.247,1.3042,1.30483,1.50,1.53
2011.10.28 06:54:17.378,1.30417,1.30479,3.08,1.53
2011.10.28 06:54:17.500,1.30425,1.30479,2.48,1.53
2011.10.28 06:54:18.057,1.30418,1.30482,2.48,1.53
2011.10.28 06:54:19.151,1.30418,1.30478,2.48,1.50
2011.10.28 06:54:19.853,1.30418,1.30478,2.48,1.53
2011.10.28 06:54:21.769,1.30418,1.30482,2.48,1.53
2011.10.28 06:54:22.429,1.30437,1.30494,2.48,1.67
2011.10.28 06:54:22.879,1.30431,1.30491,1.50,1.53
2011.10.28 06:54:22.996,1.30431,1.30489,1.50,1.53
2011.10.28 06:54:24.748,1.30436,1.30494,2.48,1.67
2011.10.28 06:54:24.867,1.30436,1.30493,2.48,1.27
2011.10.28 06:54:24.988,1.30436,1.30493,2.48,1.27
2011.10.28 06:54:25.219,1.30436,1.30493,2.48,2.02
2011.10.28 06:54:26.011,1.30431,1.3049,1.50,1.53
2011.10.28 06:54:28.346,1.30431,1.3049,1.50,1.53
2011.10.28 06:54:28.686,1.30431,1.30485,1.50,1.53
2011.10.28 06:54:28.920,1.30424,1.3049,3.23,1.53
2011.10.28 06:54:29.036,1.3043,1.3049,2.48,1.53
2011.10.28 06:54:33.230,1.30426,1.30493,2.48,1.53
2011.10.28 06:54:33.350,1.30433,1.30493,2.48,1.50
2011.10.28 06:54:33.470,1.30433,1.30496,2.48,1.53
2011.10.28 06:54:33.809,1.3043,1.30493,1.50,1.53
2011.10.28 06:54:33.931,1.30426,1.30455,1.73,1.13
2011.10.28 06:54:34.279,1.30396,1.30459,1.50,2.63
2011.10.28 06:54:34.398,1.3041,1.30459,1.50,1.88
2011.10.28 06:54:34.523,1.30409,1.30463,1.50,2.63
2011.10.28 06:54:34.768,1.30417,1.30458,1.65,1.88
2011.10.28 06:54:35.517,1.30413,1.30453,1.65,1.88
2011.10.28 06:54:38.296,1.30409,1.30453,2.58,2.63
2011.10.28 06:54:39.858,1.3041,1.30453,1.96,2.63
2011.10.28 06:54:41.149,1.3041,1.30448,1.96,1.50
2011.10.28 06:54:41.379,1.30409,1.30446,2.07,1.50
2011.10.28 06:54:41.501,1.30409,1.30453,2.00,2.63
2011.10.28 06:54:41.727,1.30409,1.30453,2.00,2.63
2011.10.28 06:54:44.296,1.30409,1.30453,1.46,2.63
2011.10.28 06:54:47.098,1.30412,1.30459,2.63,2.63
2011.10.28 06:54:47.547,1.30412,1.30463,2.63,2.63
2011.10.28 06:54:48.847,1.30412,1.30465,2.63,1.50
2011.10.28 06:54:49.094,1.30416,1.30461,2.63,1.50
2011.10.28 06:54:49.453,1.30416,1.30459,2.48,1.50
2011.10.28 06:54:49.583,1.30409,1.30456,1.20,2.48
2011.10.28 06:54:50.304,1.30403,1.30453,3.23,1.88
2011.10.28 06:54:50.419,1.30403,1.30456,2.48,1.73
2011.10.28 06:54:50.539,1.3042,1.3046,1.35,1.50
2011.10.28 06:54:50.887,1.3042,1.30469,1.35,4.27
2011.10.28 06:54:51.487,1.3042,1.30464,1.35,1.88
2011.10.28 06:54:52.516,1.3042,1.30463,1.35,1.50
2011.10.28 06:54:53.097,1.3042,1.30468,1.35,1.50
2011.10.28 06:54:53.330,1.30427,1.30473,3.08,1.67
2011.10.28 06:54:54.345,1.30432,1.30474,2.48,1.27
2011.10.28 06:54:54.700,1.30428,1.30474,1.05,3.14
2011.10.28 06:54:55.256,1.30425,1.30474,1.35,2.77
2011.10.28 06:54:56.335,1.30425,1.3047,1.35,1.64
2011.10.28 06:54:57.833,1.30425,1.3047,1.35,1.64
2011.10.28 06:55:01.822,1.30423,1.30468,2.48,1.50
2011.10.28 06:55:02.166,1.30418,1.30468,2.63,1.50
2011.10.28 06:55:11.874,1.30418,1.30464,3.23,2.63
2011.10.28 06:55:12.226,1.3042,1.30469,1.50,2.63
2011.10.28 06:55:12.349,1.30424,1.30469,2.10,1.88
2011.10.28 06:55:13.089,1.30424,1.30468,3.83,1.88
2011.10.28 06:55:19.719,1.30419,1.30468,2.48,3.38
2011.10.28 06:55:19.836,1.30419,1.30464,2.48,1.88
2011.10.28 06:55:20.959,1.3043,1.30464,2.10,1.88
2011.10.28 06:55:21.080,1.30432,1.30471,1.35,2.48
2011.10.28 06:55:21.199,1.30434,1.30483,1.50,4.27
2011.10.28 06:55:21.549,1.30445,1.30482,2.33,1.64
2011.10.28 06:55:21.897,1.30459,1.30493,2.33,1.50
2011.10.28 06:55:22.018,1.30461,1.30501,1.73,1.50
2011.10.28 06:55:22.137,1.30461,1.30501,2.48,1.50
2011.10.28 06:55:22.260,1.30461,1.30507,2.48,1.64
2011.10.28 06:55:22.487,1.30458,1.30503,2.48,2.63
2011.10.28 06:55:25.979,1.30458,1.30503,2.48,3.38
2011.10.28 06:55:27.480,1.30458,1.30503,2.48,3.38
2011.10.28 06:55:39.151,1.30451,1.30499,2.48,1.50
2011.10.28 06:55:39.273,1.30451,1.30494,1.73,2.63
2011.10.28 06:55:39.391,1.30448,1.30494,1.50,2.63
2011.10.28 06:55:39.510,1.30442,1.30489,3.23,2.63
2011.10.28 06:55:40.982,1.30437,1.30484,1.35,2.63
2011.10.28 06:55:41.205,1.30437,1.30484,1.35,2.63
2011.10.28 06:55:45.714,1.30437,1.30483,1.35,1.50
2011.10.28 06:55:46.659,1.30437,1.30484,2.25,2.63
2011.10.28 06:55:47.271,1.30437,1.30484,2.25,1.88
2011.10.28 06:55:48.222,1.30437,1.30494,2.25,3.38
2011.10.28 06:55:49.457,1.30439,1.30493,1.50,1.50
2011.10.28 06:55:53.695,1.30442,1.30499,1.13,1.16
2011.10.28 06:55:53.819,1.3045,1.30501,1.50,1.64
2011.10.28 06:55:59.396,1.30458,1.30503,2.48,1.50
2011.10.28 06:56:07.179,1.30458,1.30498,2.48,1.88
2011.10.28 06:56:07.305,1.30452,1.30498,2.48,2.63
2011.10.28 06:56:07.439,1.30452,1.30494,2.48,2.63
2011.10.28 06:56:08.216,1.30446,1.30494,2.48,2.66
2011.10.28 06:56:10.407,1.30451,1.30498,1.73,1.50
2011.10.28 06:56:11.241,1.30449,1.30494,1.35,2.63
2011.10.28 06:56:13.479,1.30449,1.30494,1.35,1.88
2011.10.28 06:56:13.612,1.30449,1.30493,1.35,2.63
2011.10.28 06:56:16.017,1.30449,1.30493,1.35,2.63
2011.10.28 06:56:17.992,1.30449,1.30493,1.35,2.63
2011.10.28 06:56:20.616,1.30449,1.30493,1.35,2.63
2011.10.28 06:56:20.955,1.30449,1.30493,1.35,2.63
2011.10.28 06:56:23.507,1.30448,1.30493,1.35,2.63
2011.10.28 06:56:25.050,1.30446,1.30493,1.73,3.38
2011.10.28 06:56:25.168,1.30437,1.30484,1.88,2.63
2011.10.28 06:56:26.146,1.30437,1.30483,1.88,2.63
2011.10.28 06:56:28.506,1.30438,1.30483,1.50,2.63
2011.10.28 06:56:28.923,1.30438,1.30483,1.50,1.88
2011.10.28 06:56:29.288,1.30438,1.30483,1.50,1.88
2011.10.28 06:56:29.768,1.30434,1.30479,1.13,2.63
2011.10.28 06:56:31.676,1.30434,1.30473,1.88,1.88
2011.10.28 06:56:31.907,1.30434,1.30478,1.88,2.63
2011.10.28 06:56:33.347,1.30434,1.30478,1.13,2.63
2011.10.28 06:56:34.696,1.30434,1.30478,1.13,2.63
2011.10.28 06:56:34.820,1.30434,1.30478,1.13,1.88
2011.10.28 06:56:35.049,1.30434,1.30483,1.13,2.63
2011.10.28 06:56:35.280,1.30434,1.30478,1.13,1.88
2011.10.28 06:56:36.412,1.30434,1.30478,1.13,2.63
2011.10.28 06:56:40.990,1.3044,1.30473,1.13,1.88
2011.10.28 06:56:41.109,1.3044,1.30473,1.13,2.63
2011.10.28 06:56:41.336,1.3044,1.30468,1.50,1.88
2011.10.28 06:56:44.369,1.3044,1.30474,1.50,2.63
2011.10.28 06:56:44.937,1.3044,1.30468,1.50,1.88
2011.10.28 06:56:45.580,1.3044,1.30468,1.50,1.88
2011.10.28 06:56:45.699,1.3044,1.3048,1.50,1.50
2011.10.28 06:56:48.000,1.3044,1.30472,1.13,1.50
2011.10.28 06:56:48.338,1.30439,1.30468,1.88,1.88
2011.10.28 06:56:49.039,1.3044,1.30469,1.88,1.88
2011.10.28 06:56:49.629,1.30441,1.30472,1.88,1.53
2011.10.28 06:56:50.187,1.30442,1.30472,1.13,1.53
2011.10.28 06:56:52.568,1.30442,1.30474,1.13,2.66
2011.10.28 06:56:53.128,1.30442,1.30474,1.13,2.66
2011.10.28 06:56:54.774,1.30442,1.30478,1.13,3.41
2011.10.28 06:56:59.399,1.30442,1.30478,1.13,1.53
2011.10.28 06:57:00.518,1.30442,1.30478,1.13,1.53
2011.10.28 06:57:01.368,1.30442,1.30484,1.13,3.41
2011.10.28 06:57:01.720,1.30442,1.30484,1.88,2.66
2011.10.28 06:57:09.053,1.30442,1.3048,1.50,1.73
2011.10.28 06:57:09.177,1.30441,1.30478,1.88,2.66
2011.10.28 06:57:09.301,1.30442,1.30474,1.13,1.91
2011.10.28 06:57:10.327,1.30434,1.30474,1.88,2.66
2011.10.28 06:57:11.743,1.30434,1.30474,1.88,2.66
2011.10.28 06:57:12.356,1.30434,1.30474,1.50,2.66
2011.10.28 06:57:12.478,1.30433,1.30474,1.88,2.66
2011.10.28 06:57:13.958,1.30434,1.30476,1.88,1.53
2011.10.28 06:57:15.307,1.30434,1.30473,1.88,2.63
2011.10.28 06:57:23.592,1.30433,1.30473,1.50,2.63
2011.10.28 06:57:24.807,1.30433,1.30474,1.13,2.66
2011.10.28 06:57:26.269,1.30433,1.30474,1.13,2.66
2011.10.28 06:57:29.791,1.30433,1.30476,1.88,1.53
2011.10.28 06:57:30.127,1.30433,1.30478,1.50,2.63
2011.10.28 06:57:30.677,1.30433,1.30478,1.50,2.63
2011.10.28 06:57:31.237,1.30432,1.30468,1.88,1.88
2011.10.28 06:57:32.322,1.30432,1.30468,1.88,2.63
2011.10.28 06:57:32.989,1.30434,1.30474,1.88,2.63
2011.10.28 06:57:35.506,1.30435,1.30474,1.50,2.63
2011.10.28 06:57:38.866,1.30435,1.30473,1.50,1.88
2011.10.28 06:57:40.746,1.30434,1.30474,1.88,2.63
2011.10.28 06:57:44.720,1.30435,1.30478,1.13,2.66
2011.10.28 06:57:44.837,1.30435,1.30484,1.13,4.16
2011.10.28 06:57:44.959,1.30435,1.30484,1.50,3.41
2011.10.28 06:57:46.239,1.30435,1.30483,1.88,1.53
2011.10.28 06:57:49.405,1.30435,1.30484,1.88,2.63
2011.10.28 06:57:49.748,1.30434,1.30479,1.88,2.63
2011.10.28 06:57:50.876,1.30434,1.30473,1.88,1.50
2011.10.28 06:57:51.000,1.30434,1.30469,1.88,2.63
2011.10.28 06:57:51.560,1.30435,1.30463,1.50,1.88
2011.10.28 06:57:52.458,1.30435,1.30468,1.50,2.66
2011.10.28 06:57:52.589,1.30435,1.30466,1.50,1.53
2011.10.28 06:57:54.008,1.30435,1.30474,1.50,1.53
2011.10.28 06:57:54.356,1.30434,1.30475,1.88,1.53
2011.10.28 06:57:54.697,1.30434,1.30475,1.88,1.53
2011.10.28 06:57:55.338,1.30434,1.30475,1.50,1.53
2011.10.28 06:57:57.001,1.30434,1.30475,1.50,2.28
2011.10.28 06:57:57.123,1.30434,1.3048,1.88,2.51
2011.10.28 06:57:57.800,1.30434,1.30472,1.50,1.73
2011.10.28 06:57:58.143,1.30434,1.30469,1.88,1.88
2011.10.28 06:57:59.259,1.30434,1.30464,1.13,2.48
2011.10.28 06:58:00.388,1.30434,1.30463,1.88,2.63
2011.10.28 06:58:01.307,1.30434,1.30463,1.88,2.63
2011.10.28 06:58:02.446,1.30434,1.30464,1.88,2.48
2011.10.28 06:58:04.336,1.30433,1.30468,1.13,2.63
2011.10.28 06:58:05.410,1.30433,1.30473,1.13,2.48
2011.10.28 06:58:05.528,1.30433,1.30473,1.13,2.48
2011.10.28 06:58:06.091,1.30431,1.30477,1.13,1.35
2011.10.28 06:58:06.447,1.30432,1.30482,1.13,1.50
2011.10.28 06:58:08.394,1.30433,1.30478,1.50,2.63
2011.10.28 06:58:08.628,1.30433,1.30476,1.50,2.48
2011.10.28 06:58:08.749,1.30433,1.30476,1.50,1.73
2011.10.28 06:58:08.868,1.30435,1.30483,2.48,1.50
2011.10.28 06:58:08.987,1.30435,1.30483,2.48,1.50
2011.10.28 06:58:09.326,1.30434,1.30487,1.50,1.50
2011.10.28 06:58:10.094,1.3044,1.30486,2.48,1.50
2011.10.28 06:58:11.357,1.3044,1.30488,2.48,1.35
2011.10.28 06:58:12.357,1.30442,1.30489,1.50,1.35
2011.10.28 06:58:13.466,1.30443,1.30491,1.50,1.35
2011.10.28 06:58:13.698,1.30439,1.30479,1.50,1.50
2011.10.28 06:58:13.929,1.30438,1.30479,1.05,1.53
2011.10.28 06:58:14.050,1.30431,1.30467,1.13,2.48
2011.10.28 06:58:15.832,1.30431,1.30464,1.13,4.76
2011.10.28 06:58:16.282,1.30431,1.30463,1.13,1.53
2011.10.28 06:58:17.245,1.30431,1.30459,1.13,2.63
2011.10.28 06:58:19.016,1.30429,1.30459,1.13,2.63
2011.10.28 06:58:21.476,1.30429,1.30463,1.88,2.66
2011.10.28 06:58:22.221,1.30431,1.30463,1.50,2.63
2011.10.28 06:58:24.261,1.30432,1.30463,1.50,2.63
2011.10.28 06:58:26.085,1.30432,1.30463,1.50,2.63
2011.10.28 06:58:28.999,1.30432,1.30464,1.88,2.63
2011.10.28 06:58:29.451,1.30432,1.30468,1.88,1.27
2011.10.28 06:58:29.569,1.30432,1.30471,1.88,1.73
2011.10.28 06:58:29.691,1.30432,1.30474,1.13,2.63
2011.10.28 06:58:30.324,1.30432,1.30473,1.13,1.88
2011.10.28 06:58:32.107,1.30431,1.30473,1.88,1.88
2011.10.28 06:58:33.613,1.30436,1.3048,1.50,1.27
2011.10.28 06:58:33.754,1.30436,1.30481,1.50,1.53
2011.10.28 06:58:34.002,1.30436,1.30479,1.50,2.66
2011.10.28 06:58:35.007,1.30435,1.30479,1.50,2.63
2011.10.28 06:58:35.237,1.30435,1.30478,1.50,1.50
2011.10.28 06:58:36.473,1.30435,1.30479,1.50,2.63
2011.10.28 06:58:36.597,1.30436,1.30478,1.50,1.53
2011.10.28 06:58:36.940,1.30436,1.30476,1.50,1.50
2011.10.28 06:58:39.651,1.30435,1.30473,1.50,2.25
2011.10.28 06:58:40.228,1.30435,1.30468,1.50,1.88
2011.10.28 06:58:41.307,1.30435,1.30468,1.50,1.88
2011.10.28 06:58:41.646,1.30435,1.30466,1.50,1.73
2011.10.28 06:58:41.988,1.30435,1.30466,1.50,2.48
2011.10.28 06:58:42.218,1.30435,1.30469,1.50,1.05
2011.10.28 06:58:43.003,1.30435,1.30477,1.50,1.50
2011.10.28 06:58:43.650,1.30426,1.30477,2.48,1.50
2011.10.28 06:58:44.010,1.30426,1.30474,2.48,1.50
2011.10.28 06:58:44.238,1.30426,1.30477,2.48,1.50
2011.10.28 06:58:46.262,1.30426,1.30483,2.48,4.38
2011.10.28 06:58:46.503,1.30445,1.30485,1.73,1.53
2011.10.28 06:58:46.742,1.30437,1.30489,3.23,3.38
2011.10.28 06:58:46.968,1.30442,1.30489,1.73,1.50
2011.10.28 06:58:47.089,1.30442,1.30488,2.48,2.63
2011.10.28 06:58:48.111,1.30442,1.30494,3.23,3.52
2011.10.28 06:58:48.235,1.30443,1.30494,1.50,3.52
2011.10.28 06:58:49.260,1.30455,1.30493,1.73,1.27
2011.10.28 06:58:49.491,1.30455,1.30494,1.73,1.64
2011.10.28 06:58:52.312,1.3045,1.30493,2.48,1.50
2011.10.28 06:58:52.552,1.30446,1.30484,1.50,2.63
2011.10.28 06:58:52.671,1.30441,1.30484,2.48,2.63
2011.10.28 06:58:52.796,1.30446,1.30494,1.35,1.27
2011.10.28 06:58:53.474,1.30449,1.30494,1.73,1.27
2011.10.28 06:58:53.609,1.30449,1.30493,2.48,1.50
2011.10.28 06:58:55.908,1.30446,1.3049,3.08,1.50
2011.10.28 06:58:56.029,1.30446,1.30493,3.08,1.27
2011.10.28 06:58:58.307,1.30446,1.30493,3.08,1.50
2011.10.28 06:58:59.308,1.30446,1.30489,2.33,1.50
2011.10.28 06:58:59.870,1.30437,1.30487,2.48,1.50
2011.10.28 06:59:00.516,1.30435,1.30487,1.13,2.48
2011.10.28 06:59:01.831,1.30434,1.30482,1.88,1.68
2011.10.28 06:59:02.168,1.30435,1.30473,1.13,1.88
2011.10.28 06:59:02.906,1.30435,1.30469,1.13,1.88
2011.10.28 06:59:08.380,1.30435,1.30469,1.88,2.63
2011.10.28 06:59:11.979,1.3043,1.30479,2.48,1.35
2011.10.28 06:59:12.099,1.30433,1.30484,1.35,1.50
2011.10.28 06:59:13.926,1.30435,1.30489,1.50,1.64
2011.10.28 06:59:14.926,1.30443,1.30489,2.48,1.64
2011.10.28 06:59:16.032,1.30441,1.30489,2.48,1.13
2011.10.28 06:59:33.009,1.3046,1.30501,1.73,1.67
2011.10.28 06:59:33.731,1.3046,1.30493,1.73,2.63
2011.10.28 06:59:33.867,1.30441,1.30493,2.48,2.63
2011.10.28 06:59:35.382,1.30449,1.30493,1.50,2.63
2011.10.28 06:59:35.501,1.30455,1.305,1.50,2.48
2011.10.28 06:59:35.733,1.30444,1.305,1.50,2.48
2011.10.28 06:59:36.088,1.30443,1.30493,1.50,2.63
2011.10.28 06:59:42.452,1.30441,1.30483,2.48,1.50
2011.10.28 06:59:44.349,1.30448,1.30493,2.48,1.53
2011.10.28 06:59:44.688,1.30441,1.30493,2.48,1.50
2011.10.28 06:59:45.262,1.30453,1.30498,1.73,1.50
2011.10.28 06:59:45.600,1.30441,1.30499,3.98,1.50
2011.10.28 06:59:48.146,1.30441,1.30498,3.98,1.50
2011.10.28 06:59:48.488,1.30453,1.30499,2.48,1.50
2011.10.28 06:59:48.716,1.30442,1.30498,2.48,1.50
2011.10.28 06:59:49.169,1.30442,1.30502,2.48,1.53
2011.10.28 06:59:49.289,1.3046,1.30503,2.48,2.28
2011.10.28 06:59:49.520,1.30449,1.30499,1.73,1.50
2011.10.28 06:59:49.859,1.30449,1.30499,2.48,4.16
2011.10.28 06:59:50.641,1.30442,1.30495,2.48,1.53
2011.10.28 06:59:51.819,1.30442,1.30486,2.48,1.53
2011.10.28 06:59:52.157,1.30437,1.30484,2.48,2.63
2011.10.28 06:59:54.342,1.30437,1.3048,2.48,1.50
2011.10.28 06:59:54.682,1.30437,1.30487,2.48,1.53
2011.10.28 06:59:54.802,1.30437,1.3049,2.48,2.51
2011.10.28 06:59:55.146,1.30449,1.30491,1.73,1.53
2011.10.28 06:59:55.901,1.30433,1.30483,2.48,1.27
2011.10.28 06:59:57.268,1.30433,1.3048,2.48,1.50
2011.10.28 06:59:58.062,1.30431,1.30481,1.50,1.53
2011.10.28 06:59:58.304,1.30431,1.30478,1.50,1.88
