2012.09.04 01:00:01.052,1.28434,1.28469,1.50,1.50
2012.09.04 01:00:01.367,1.28438,1.28471,1.50,3.94
2012.09.04 01:00:03.747,1.28438,1.28471,1.50,1.88
2012.09.04 01:00:03.886,1.28438,1.28471,1.50,1.13
2012.09.04 01:00:04.885,1.28438,1.28471,1.50,1.13
2012.09.04 01:00:05.205,1.28437,1.2847,1.50,1.50
2012.09.04 01:00:05.278,1.28434,1.28467,1.32,1.50
2012.09.04 01:00:05.826,1.28432,1.28467,1.88,1.50
2012.09.04 01:00:06.345,1.28432,1.28467,1.88,1.50
2012.09.04 01:00:06.714,1.28429,1.28465,1.69,1.50
2012.09.04 01:00:06.848,1.28429,1.28465,1.13,2.18
2012.09.04 01:00:07.554,1.28428,1.28465,1.50,2.18
2012.09.04 01:00:07.624,1.28428,1.28465,1.50,2.18
2012.09.04 01:00:07.694,1.28429,1.28465,1.88,2.18
2012.09.04 01:00:08.023,1.28436,1.28466,1.50,1.32
2012.09.04 01:00:08.970,1.28436,1.28469,1.50,1.32
2012.09.04 01:00:09.105,1.28436,1.28472,1.50,1.50
2012.09.04 01:00:10.664,1.28436,1.28469,1.50,2.18
2012.09.04 01:00:10.739,1.28429,1.28469,1.50,2.93
2012.09.04 01:00:11.475,1.28429,1.2846,1.50,1.50
2012.09.04 01:00:11.793,1.28429,1.28458,1.50,1.50
2012.09.04 01:00:12.614,1.28429,1.28464,1.50,1.43
2012.09.04 01:00:13.370,1.28428,1.28466,2.07,1.50
2012.09.04 01:00:16.943,1.28428,1.28463,1.50,1.50
2012.09.04 01:00:17.374,1.28426,1.28463,1.50,2.25
2012.09.04 01:00:17.884,1.28428,1.28463,1.50,2.18
2012.09.04 01:00:18.460,1.28428,1.28463,1.50,1.50
2012.09.04 01:00:19.133,1.28428,1.28466,1.50,2.07
2012.09.04 01:00:21.124,1.28431,1.28466,1.50,1.32
2012.09.04 01:00:21.435,1.28434,1.2847,1.50,2.07
2012.09.04 01:00:21.826,1.28434,1.2847,1.50,1.50
2012.09.04 01:00:22.594,1.28434,1.2847,1.50,1.50
2012.09.04 01:00:24.144,1.28434,1.2847,1.50,1.50
2012.09.04 01:00:24.763,1.28434,1.2847,1.50,1.50
2012.09.04 01:00:25.965,1.28434,1.2847,1.50,1.50
2012.09.04 01:00:30.623,1.28432,1.2847,2.07,1.50
2012.09.04 01:00:30.753,1.28432,1.28468,1.69,2.25
2012.09.04 01:00:30.896,1.28429,1.28464,1.10,1.50
2012.09.04 01:00:37.273,1.28425,1.28461,1.50,2.07
2012.09.04 01:00:38.777,1.28426,1.28461,1.50,2.07
2012.09.04 01:00:43.846,1.28426,1.28461,1.50,2.07
2012.09.04 01:00:45.328,1.28428,1.28461,1.13,2.07
2012.09.04 01:00:45.394,1.28432,1.28464,1.13,2.07
2012.09.04 01:00:45.465,1.28432,1.28466,1.13,1.43
2012.09.04 01:00:45.835,1.28432,1.28468,1.50,1.32
2012.09.04 01:00:50.675,1.2843,1.28468,1.32,1.50
2012.09.04 01:00:51.105,1.2843,1.28466,1.32,2.25
2012.09.04 01:00:52.373,1.28422,1.28457,1.32,1.50
2012.09.04 01:00:52.504,1.28419,1.28457,1.50,1.50
2012.09.04 01:00:57.344,1.28419,1.28455,1.50,1.50
2012.09.04 01:00:57.473,1.28416,1.28451,1.50,1.50
2012.09.04 01:00:57.994,1.28416,1.28451,1.50,1.50
2012.09.04 01:00:58.304,1.28419,1.28452,1.50,1.32
2012.09.04 01:00:58.854,1.28419,1.28452,1.50,1.32
2012.09.04 01:00:59.445,1.28419,1.28455,1.50,1.50
2012.09.04 01:01:00.276,1.28419,1.28455,1.50,1.50
2012.09.04 01:01:02.983,1.28419,1.28455,1.50,1.50
2012.09.04 01:01:04.702,1.28419,1.28455,1.50,2.63
2012.09.04 01:01:04.774,1.28417,1.28454,1.50,1.50
2012.09.04 01:01:04.844,1.28416,1.28454,1.50,1.50
2012.09.04 01:01:06.154,1.28417,1.28455,1.50,2.63
2012.09.04 01:01:06.466,1.28421,1.28455,1.88,1.50
2012.09.04 01:01:06.813,1.28426,1.28458,1.13,2.07
2012.09.04 01:01:07.778,1.28426,1.28458,1.13,1.32
2012.09.04 01:01:07.964,1.28429,1.28463,2.25,4.43
2012.09.04 01:01:08.284,1.28432,1.28461,1.50,1.50
2012.09.04 01:01:10.845,1.28432,1.28463,1.50,1.50
2012.09.04 01:01:12.103,1.28432,1.28463,1.50,1.50
2012.09.04 01:01:12.643,1.28432,1.28463,1.50,1.50
2012.09.04 01:01:13.554,1.28432,1.28463,1.50,1.50
2012.09.04 01:01:14.808,1.28434,1.28465,1.13,1.50
2012.09.04 01:01:15.125,1.28437,1.28468,1.88,1.50
2012.09.04 01:01:15.564,1.28437,1.28473,1.88,1.50
2012.09.04 01:01:16.075,1.28437,1.28473,1.88,1.50
2012.09.04 01:01:16.756,1.28437,1.28473,1.88,1.50
2012.09.04 01:01:20.612,1.28437,1.28473,1.88,1.50
2012.09.04 01:01:21.896,1.28437,1.28471,1.13,1.50
2012.09.04 01:01:22.217,1.28434,1.28468,1.13,2.18
2012.09.04 01:01:22.870,1.2843,1.28464,1.47,3.00
2012.09.04 01:01:22.956,1.28428,1.28463,1.50,1.50
2012.09.04 01:01:23.536,1.28428,1.28463,1.50,1.50
2012.09.04 01:01:28.644,1.28427,1.2846,1.32,1.50
2012.09.04 01:01:28.784,1.28421,1.28457,1.10,2.07
2012.09.04 01:01:32.342,1.28421,1.28455,1.10,1.50
2012.09.04 01:01:34.376,1.28418,1.28455,1.85,1.88
2012.09.04 01:01:34.568,1.28414,1.28449,1.10,2.07
2012.09.04 01:01:35.265,1.28414,1.28449,1.10,2.07
2012.09.04 01:01:37.286,1.28419,1.28454,1.10,1.43
2012.09.04 01:01:37.494,1.28426,1.28456,1.13,1.32
2012.09.04 01:01:41.745,1.28422,1.2846,1.50,2.07
2012.09.04 01:01:41.922,1.28422,1.2846,1.50,1.50
2012.09.04 01:01:43.604,1.2842,1.2846,1.10,1.50
2012.09.04 01:01:43.674,1.2842,1.28459,1.10,1.50
2012.09.04 01:01:43.744,1.28418,1.28454,1.73,1.50
2012.09.04 01:01:43.935,1.28422,1.28457,1.50,1.47
2012.09.04 01:01:45.455,1.28418,1.28449,1.10,1.32
2012.09.04 01:01:45.654,1.2842,1.28449,1.10,1.32
2012.09.04 01:01:45.964,1.2842,1.28461,1.13,1.32
2012.09.04 01:01:47.678,1.2842,1.28461,1.13,1.32
2012.09.04 01:01:52.882,1.28421,1.28462,1.10,3.57
2012.09.04 01:01:54.453,1.28423,1.28457,1.10,1.32
2012.09.04 01:01:54.583,1.28422,1.28454,1.10,1.50
2012.09.04 01:01:54.884,1.28422,1.28454,1.47,1.50
2012.09.04 01:01:55.194,1.28431,1.28457,1.50,1.32
2012.09.04 01:01:59.106,1.28431,1.28462,1.50,2.82
2012.09.04 01:01:59.214,1.28431,1.28462,1.50,2.25
2012.09.04 01:02:12.106,1.28435,1.28464,1.13,1.50
2012.09.04 01:02:12.430,1.28437,1.28468,1.13,2.25
2012.09.04 01:02:12.507,1.28433,1.28465,1.13,1.50
2012.09.04 01:02:12.578,1.28432,1.28465,1.13,1.50
2012.09.04 01:02:12.655,1.28431,1.28458,1.35,1.43
2012.09.04 01:02:12.846,1.28424,1.28452,1.50,1.43
2012.09.04 01:02:12.976,1.28424,1.28443,1.50,1.50
2012.09.04 01:02:14.131,1.28418,1.28451,1.10,1.50
2012.09.04 01:02:16.278,1.28418,1.28451,1.10,1.50
2012.09.04 01:02:17.112,1.28418,1.28451,1.10,1.50
2012.09.04 01:02:19.335,1.28418,1.28451,1.10,1.50
2012.09.04 01:02:20.135,1.28418,1.28451,1.10,1.50
2012.09.04 01:02:20.787,1.28418,1.28451,1.10,1.50
2012.09.04 01:02:22.727,1.28418,1.28451,1.10,1.50
2012.09.04 01:02:23.216,1.28418,1.28449,1.10,1.43
2012.09.04 01:02:23.525,1.28418,1.28444,1.10,1.50
2012.09.04 01:02:26.388,1.28418,1.28442,1.10,1.50
2012.09.04 01:02:26.705,1.28414,1.28437,1.10,1.50
2012.09.04 01:02:27.234,1.28414,1.28437,1.10,1.50
2012.09.04 01:02:28.264,1.28414,1.28437,1.10,1.50
2012.09.04 01:02:28.334,1.28414,1.28439,1.10,2.07
2012.09.04 01:02:28.404,1.28414,1.28439,1.10,1.32
2012.09.04 01:02:28.475,1.28414,1.28445,1.10,1.50
2012.09.04 01:02:29.005,1.28419,1.28445,1.10,1.50
2012.09.04 01:02:29.474,1.28417,1.28445,1.10,1.50
2012.09.04 01:02:29.876,1.28416,1.28445,1.10,1.50
2012.09.04 01:02:29.945,1.28416,1.28436,1.10,1.50
2012.09.04 01:02:30.494,1.28407,1.28436,1.10,1.50
2012.09.04 01:02:30.683,1.28402,1.28436,1.50,1.50
2012.09.04 01:02:30.757,1.28402,1.28436,1.50,1.50
2012.09.04 01:02:30.966,1.28402,1.28436,1.50,1.50
2012.09.04 01:02:31.786,1.28408,1.2844,1.10,1.50
2012.09.04 01:02:31.859,1.28408,1.28443,1.10,1.50
2012.09.04 01:02:32.114,1.28404,1.28443,1.47,2.18
2012.09.04 01:02:32.696,1.28409,1.28439,1.10,2.18
2012.09.04 01:02:33.294,1.28409,1.28439,1.10,1.50
2012.09.04 01:02:33.617,1.28407,1.2843,1.10,2.07
2012.09.04 01:02:33.805,1.28403,1.2843,1.10,1.50
2012.09.04 01:02:34.055,1.28403,1.28428,1.10,1.50
2012.09.04 01:02:34.376,1.28403,1.28428,1.10,1.50
2012.09.04 01:02:39.544,1.28403,1.28433,1.10,1.50
2012.09.04 01:02:39.616,1.28403,1.28433,1.10,1.50
2012.09.04 01:02:40.135,1.28402,1.28428,1.10,1.13
2012.09.04 01:02:40.267,1.28403,1.28428,1.10,1.13
2012.09.04 01:02:40.674,1.28402,1.28428,1.10,1.13
2012.09.04 01:02:40.745,1.28402,1.28433,1.10,2.93
2012.09.04 01:02:40.815,1.28403,1.28433,1.10,2.25
2012.09.04 01:02:41.006,1.28403,1.28433,1.10,3.75
2012.09.04 01:02:41.314,1.28403,1.28433,1.10,3.75
2012.09.04 01:02:41.564,1.28402,1.28434,1.85,1.50
2012.09.04 01:02:41.695,1.28402,1.28433,1.10,2.25
2012.09.04 01:02:42.326,1.28403,1.28434,1.10,1.13
2012.09.04 01:02:44.597,1.28402,1.28435,1.85,1.13
2012.09.04 01:02:44.664,1.28402,1.2843,1.10,1.50
2012.09.04 01:02:46.404,1.28403,1.28421,1.10,1.50
2012.09.04 01:02:46.955,1.28403,1.28421,1.10,1.50
2012.09.04 01:02:47.085,1.28388,1.28421,1.50,1.50
2012.09.04 01:02:47.584,1.28388,1.28421,1.50,1.50
2012.09.04 01:02:48.775,1.28391,1.28423,1.50,1.32
2012.09.04 01:02:49.336,1.28393,1.28423,1.50,1.32
2012.09.04 01:02:53.414,1.28386,1.28421,1.85,1.88
2012.09.04 01:02:53.605,1.28387,1.28419,1.10,1.43
2012.09.04 01:02:53.675,1.28391,1.28421,1.50,2.03
2012.09.04 01:02:53.744,1.28392,1.28421,1.50,2.03
2012.09.04 01:02:53.875,1.28392,1.28421,1.50,1.13
2012.09.04 01:02:58.727,1.28395,1.28423,1.10,2.07
2012.09.04 01:02:59.285,1.28395,1.28423,1.10,2.07
2012.09.04 01:03:00.134,1.28395,1.28423,1.10,2.07
2012.09.04 01:03:00.684,1.28395,1.28418,1.10,1.13
2012.09.04 01:03:01.185,1.28395,1.28414,1.10,1.32
2012.09.04 01:03:01.694,1.28395,1.28414,1.10,2.07
2012.09.04 01:03:02.635,1.28395,1.28414,1.10,1.50
2012.09.04 01:03:03.069,1.28395,1.28413,1.10,1.50
2012.09.04 01:03:03.477,1.28396,1.28409,1.10,1.32
2012.09.04 01:03:03.675,1.28395,1.28409,1.10,1.32
2012.09.04 01:03:04.555,1.28395,1.28422,1.10,1.32
2012.09.04 01:03:04.626,1.28395,1.28422,1.10,1.32
2012.09.04 01:03:06.034,1.28393,1.28422,1.10,1.32
2012.09.04 01:03:06.505,1.28393,1.28422,1.10,2.07
2012.09.04 01:03:07.094,1.28393,1.28422,1.10,2.07
2012.09.04 01:03:09.493,1.28393,1.28422,1.10,2.07
2012.09.04 01:03:14.754,1.28393,1.28422,1.10,1.50
2012.09.04 01:03:15.763,1.28393,1.28418,1.10,1.50
2012.09.04 01:03:16.077,1.28393,1.28415,1.10,1.50
2012.09.04 01:03:16.144,1.28393,1.28416,1.10,1.32
2012.09.04 01:03:16.786,1.28393,1.28416,1.10,1.32
2012.09.04 01:03:18.356,1.28393,1.28422,1.10,1.32
2012.09.04 01:03:18.429,1.28393,1.28423,1.10,1.50
2012.09.04 01:03:19.415,1.28393,1.28423,1.10,1.50
2012.09.04 01:03:19.986,1.28393,1.28423,1.10,1.50
2012.09.04 01:03:20.653,1.28393,1.28423,1.10,1.88
2012.09.04 01:03:23.103,1.28393,1.28419,1.10,1.50
2012.09.04 01:03:23.804,1.28389,1.28419,1.10,2.25
2012.09.04 01:03:23.935,1.28389,1.2842,1.10,1.32
2012.09.04 01:03:24.577,1.28393,1.2842,1.10,1.32
2012.09.04 01:03:26.016,1.28392,1.2842,1.10,1.32
2012.09.04 01:03:26.559,1.28392,1.2842,1.10,1.32
2012.09.04 01:03:27.817,1.28392,1.2842,1.10,1.32
2012.09.04 01:03:29.320,1.28392,1.2842,1.10,1.32
2012.09.04 01:03:33.106,1.28392,1.28422,1.10,1.32
2012.09.04 01:03:33.234,1.28394,1.28423,1.10,1.88
2012.09.04 01:03:38.325,1.28394,1.28427,1.85,2.25
2012.09.04 01:03:38.396,1.28392,1.28427,1.10,2.25
2012.09.04 01:03:39.055,1.28394,1.28424,1.10,1.50
2012.09.04 01:03:40.866,1.28395,1.28427,1.10,2.25
2012.09.04 01:03:41.184,1.28397,1.28427,1.10,1.50
2012.09.04 01:03:43.772,1.28397,1.2843,1.10,2.25
2012.09.04 01:04:01.170,1.28397,1.2843,1.10,1.50
2012.09.04 01:04:01.247,1.28397,1.28426,1.10,1.50
2012.09.04 01:04:01.437,1.28397,1.28427,1.10,1.05
2012.09.04 01:04:01.517,1.28398,1.28429,1.10,2.40
2012.09.04 01:04:01.584,1.28398,1.28429,1.10,2.25
2012.09.04 01:04:01.655,1.28398,1.2843,1.10,1.50
2012.09.04 01:04:01.728,1.28398,1.2843,1.10,2.18
2012.09.04 01:04:08.514,1.28395,1.28429,1.10,1.50
2012.09.04 01:04:08.709,1.28395,1.28424,1.10,1.50
2012.09.04 01:04:17.415,1.28396,1.28424,1.10,1.50
2012.09.04 01:04:17.725,1.28397,1.28426,1.10,1.32
2012.09.04 01:04:17.796,1.28397,1.28426,1.10,1.32
2012.09.04 01:04:17.925,1.28397,1.28424,1.10,1.50
2012.09.04 01:04:18.115,1.28397,1.28424,1.10,1.50
2012.09.04 01:04:18.437,1.28396,1.28424,1.10,1.50
2012.09.04 01:04:19.095,1.28396,1.28424,1.10,1.50
2012.09.04 01:04:19.466,1.28397,1.28433,1.10,1.50
2012.09.04 01:04:21.796,1.28399,1.28438,1.50,2.25
2012.09.04 01:04:22.425,1.28399,1.28438,1.50,2.25
2012.09.04 01:04:22.625,1.28407,1.28438,1.50,1.50
2012.09.04 01:04:23.146,1.28407,1.28438,1.50,1.50
2012.09.04 01:04:23.925,1.28399,1.28434,1.50,1.50
2012.09.04 01:04:23.995,1.28399,1.28434,1.50,1.50
2012.09.04 01:04:26.677,1.28399,1.28437,1.50,1.81
2012.09.04 01:04:26.744,1.28399,1.28437,1.50,1.81
2012.09.04 01:04:26.876,1.28399,1.28437,1.85,1.13
2012.09.04 01:04:27.518,1.284,1.28437,1.10,1.13
2012.09.04 01:04:28.197,1.28399,1.28437,1.85,1.13
2012.09.04 01:04:28.455,1.28405,1.28438,1.50,1.50
2012.09.04 01:04:28.587,1.28405,1.28438,1.50,1.50
2012.09.04 01:04:29.236,1.28405,1.28438,1.50,1.50
2012.09.04 01:04:30.017,1.28405,1.28438,1.50,1.50
2012.09.04 01:04:33.613,1.28404,1.28438,1.32,1.50
2012.09.04 01:04:33.685,1.28404,1.28427,1.32,1.13
2012.09.04 01:04:33.875,1.284,1.28424,1.10,1.32
2012.09.04 01:04:34.076,1.284,1.28424,1.10,1.32
2012.09.04 01:04:35.814,1.284,1.28426,1.10,1.32
2012.09.04 01:04:35.948,1.28406,1.28437,1.50,1.43
2012.09.04 01:04:36.087,1.28406,1.28437,1.50,1.43
2012.09.04 01:04:36.157,1.28406,1.28438,1.50,1.50
2012.09.04 01:04:37.062,1.28406,1.28437,1.50,1.43
2012.09.04 01:04:38.594,1.28405,1.28437,1.50,1.43
2012.09.04 01:04:38.664,1.28403,1.28429,1.32,1.50
2012.09.04 01:04:39.925,1.28398,1.28432,1.50,1.32
2012.09.04 01:04:39.995,1.28398,1.28433,1.50,1.32
2012.09.04 01:04:40.516,1.28398,1.28436,1.50,2.25
2012.09.04 01:04:45.655,1.28401,1.28436,1.13,3.68
2012.09.04 01:04:45.975,1.28406,1.28438,1.50,1.50
2012.09.04 01:04:46.926,1.28406,1.28438,1.50,1.50
2012.09.04 01:04:49.572,1.28406,1.28438,1.50,1.50
2012.09.04 01:04:53.303,1.28406,1.28438,1.50,1.50
2012.09.04 01:04:53.834,1.28406,1.28443,1.50,2.25
2012.09.04 01:04:54.449,1.28406,1.28443,1.50,2.25
2012.09.04 01:04:57.488,1.28406,1.28443,1.50,2.25
2012.09.04 01:04:57.994,1.28406,1.28438,1.50,1.50
2012.09.04 01:04:59.528,1.28406,1.28442,1.50,1.50
2012.09.04 01:05:00.184,1.28413,1.28442,2.07,1.50
2012.09.04 01:05:00.614,1.28413,1.28442,2.07,1.50
2012.09.04 01:05:01.076,1.28413,1.28441,2.07,1.50
2012.09.04 01:05:01.366,1.28413,1.28441,1.32,1.50
2012.09.04 01:05:01.967,1.28407,1.28441,1.50,1.50
2012.09.04 01:05:02.505,1.28407,1.2844,1.50,1.50
2012.09.04 01:05:08.015,1.28414,1.2844,2.07,1.50
2012.09.04 01:05:09.368,1.28414,1.28439,2.07,1.50
2012.09.04 01:05:12.074,1.28414,1.28444,2.07,1.50
2012.09.04 01:05:14.206,1.28414,1.28444,1.32,2.25
2012.09.04 01:05:14.936,1.28406,1.28444,1.50,2.25
2012.09.04 01:05:16.936,1.28404,1.28438,1.32,1.50
2012.09.04 01:05:23.183,1.284,1.28437,1.10,1.50
2012.09.04 01:05:26.567,1.284,1.28437,1.10,1.50
2012.09.04 01:05:32.135,1.28406,1.28439,1.50,2.07
2012.09.04 01:05:32.766,1.28406,1.28444,1.50,2.25
2012.09.04 01:05:41.166,1.28406,1.28444,1.50,2.25
2012.09.04 01:05:42.236,1.28406,1.28437,1.50,1.50
2012.09.04 01:05:42.487,1.28408,1.28442,1.50,1.32
2012.09.04 01:05:43.017,1.28408,1.28442,1.50,1.32
2012.09.04 01:05:44.638,1.28408,1.28444,1.50,1.50
2012.09.04 01:05:46.226,1.28408,1.28444,1.50,1.50
2012.09.04 01:05:49.584,1.28408,1.28444,1.50,1.50
2012.09.04 01:05:52.044,1.28411,1.28444,1.50,1.50
2012.09.04 01:05:52.174,1.28408,1.28438,1.50,2.25
2012.09.04 01:05:52.365,1.28408,1.28439,1.50,1.50
2012.09.04 01:05:52.617,1.28411,1.28444,1.50,1.50
2012.09.04 01:05:54.145,1.28409,1.28441,1.13,2.25
2012.09.04 01:05:54.764,1.28403,1.28443,1.32,1.50
2012.09.04 01:05:54.968,1.28411,1.28444,1.50,1.50
2012.09.04 01:05:55.157,1.28411,1.28442,1.50,1.50
2012.09.04 01:05:55.674,1.28402,1.28442,1.66,1.50
2012.09.04 01:05:56.213,1.28402,1.28438,1.66,1.50
2012.09.04 01:05:56.774,1.28402,1.28442,1.66,1.50
2012.09.04 01:05:57.024,1.28402,1.28439,1.32,2.25
2012.09.04 01:05:58.475,1.28407,1.28438,1.50,1.50
2012.09.04 01:05:58.794,1.28411,1.28439,1.50,1.32
2012.09.04 01:05:59.334,1.28411,1.28439,1.50,1.32
2012.09.04 01:06:15.459,1.28411,1.28439,1.50,1.32
2012.09.04 01:06:16.065,1.28411,1.28439,1.50,1.32
2012.09.04 01:06:16.774,1.28411,1.28445,1.32,1.50
2012.09.04 01:06:17.404,1.28411,1.28445,1.32,1.69
2012.09.04 01:06:21.883,1.28411,1.28448,1.32,1.69
2012.09.04 01:06:22.485,1.28411,1.28448,2.07,1.69
2012.09.04 01:06:32.234,1.28411,1.2845,2.07,2.44
2012.09.04 01:06:32.773,1.28411,1.2845,2.07,2.44
2012.09.04 01:06:37.767,1.28411,1.28452,2.07,2.37
2012.09.04 01:06:37.895,1.28411,1.28452,2.07,2.37
2012.09.04 01:06:39.589,1.28411,1.28447,2.07,2.44
2012.09.04 01:06:42.579,1.28411,1.28447,2.07,2.44
2012.09.04 01:06:49.407,1.28411,1.28452,2.07,2.37
2012.09.04 01:06:49.943,1.28411,1.28452,2.07,2.37
2012.09.04 01:06:54.821,1.28411,1.28446,2.07,1.69
2012.09.04 01:06:55.193,1.28409,1.28439,1.50,1.50
2012.09.04 01:06:57.694,1.28405,1.28428,1.10,1.50
2012.09.04 01:06:57.891,1.28405,1.28428,1.13,2.07
2012.09.04 01:06:57.968,1.28407,1.28432,1.13,1.54
2012.09.04 01:06:58.285,1.28406,1.28435,1.50,1.32
2012.09.04 01:06:58.894,1.28406,1.28435,1.50,1.32
2012.09.04 01:07:00.772,1.28401,1.28433,1.50,3.00
2012.09.04 01:07:01.025,1.28406,1.28431,1.50,1.50
2012.09.04 01:07:01.095,1.28401,1.28433,1.50,2.25
2012.09.04 01:07:01.224,1.28401,1.28434,1.50,1.50
2012.09.04 01:07:01.534,1.28406,1.2843,1.50,1.50
2012.09.04 01:07:01.606,1.28406,1.28434,1.50,1.43
2012.09.04 01:07:01.675,1.28401,1.28434,1.50,1.50
2012.09.04 01:07:01.984,1.28406,1.28435,1.50,1.43
2012.09.04 01:07:02.115,1.28401,1.28435,1.50,1.50
2012.09.04 01:07:02.445,1.28401,1.2843,1.50,1.50
2012.09.04 01:07:02.766,1.28397,1.28428,1.10,1.50
2012.09.04 01:07:02.896,1.28397,1.2843,1.85,2.18
2012.09.04 01:07:03.403,1.28397,1.2843,1.85,1.50
2012.09.04 01:07:04.645,1.28397,1.2843,1.85,2.25
2012.09.04 01:07:10.143,1.28401,1.28432,1.10,1.69
2012.09.04 01:07:10.214,1.28401,1.28432,1.10,1.13
2012.09.04 01:07:11.133,1.28401,1.28432,1.10,1.13
2012.09.04 01:07:11.265,1.28402,1.28424,1.10,1.50
2012.09.04 01:07:11.455,1.28402,1.28424,1.10,1.50
2012.09.04 01:07:17.923,1.28402,1.28424,1.10,1.50
2012.09.04 01:07:20.342,1.28398,1.28424,1.10,1.50
2012.09.04 01:07:20.715,1.28399,1.28418,1.10,1.32
2012.09.04 01:07:21.265,1.28396,1.28418,2.60,1.32
2012.09.04 01:07:21.515,1.28402,1.28418,1.50,1.32
2012.09.04 01:07:22.914,1.28402,1.28435,2.25,1.81
2012.09.04 01:07:23.344,1.28402,1.28437,2.25,1.50
2012.09.04 01:07:24.042,1.28402,1.28437,2.25,1.50
2012.09.04 01:07:24.960,1.28402,1.28437,2.25,1.50
2012.09.04 01:07:25.115,1.28402,1.2843,1.50,1.50
2012.09.04 01:07:25.305,1.284,1.28429,1.50,1.50
2012.09.04 01:07:25.835,1.28396,1.28429,2.60,1.50
2012.09.04 01:07:26.635,1.28399,1.2843,1.10,1.50
2012.09.04 01:07:26.705,1.28399,1.28436,1.50,1.32
2012.09.04 01:07:26.774,1.28399,1.28437,1.50,2.25
2012.09.04 01:07:26.846,1.28402,1.28437,1.50,2.25
2012.09.04 01:07:27.175,1.28398,1.28429,1.66,1.50
2012.09.04 01:07:29.583,1.28399,1.28429,1.10,1.50
2012.09.04 01:07:31.773,1.28402,1.28429,1.50,1.50
2012.09.04 01:07:41.583,1.28402,1.2843,2.25,1.50
2012.09.04 01:07:41.653,1.28402,1.28433,2.25,1.24
2012.09.04 01:07:41.784,1.28402,1.28437,2.25,2.18
2012.09.04 01:07:42.955,1.28402,1.28437,2.25,2.18
2012.09.04 01:07:43.924,1.28402,1.28429,1.50,1.50
2012.09.04 01:07:47.542,1.28402,1.2843,2.25,1.50
2012.09.04 01:07:47.623,1.28397,1.28428,1.10,1.50
2012.09.04 01:07:47.696,1.28398,1.28434,1.10,1.43
2012.09.04 01:07:47.825,1.28398,1.28434,1.10,1.43
2012.09.04 01:07:48.446,1.28402,1.28436,2.25,2.18
2012.09.04 01:07:49.198,1.28402,1.2843,1.50,1.50
2012.09.04 01:07:49.444,1.28398,1.2843,1.10,1.43
2012.09.04 01:07:50.106,1.28402,1.28431,2.25,1.32
2012.09.04 01:07:50.935,1.28402,1.28431,2.25,1.50
2012.09.04 01:07:51.196,1.28398,1.28429,1.10,1.50
2012.09.04 01:07:51.944,1.28398,1.28429,1.10,1.50
2012.09.04 01:08:09.634,1.28395,1.28422,1.85,1.50
2012.09.04 01:08:10.397,1.28393,1.28422,1.10,1.50
2012.09.04 01:08:11.425,1.28397,1.28424,1.10,1.43
2012.09.04 01:08:12.007,1.28397,1.28429,1.10,1.50
2012.09.04 01:08:19.516,1.28397,1.28429,1.10,1.50
2012.09.04 01:08:19.832,1.28397,1.28429,1.10,2.25
2012.09.04 01:08:20.159,1.28393,1.28424,1.10,2.25
2012.09.04 01:08:25.064,1.28397,1.28429,1.10,2.56
2012.09.04 01:08:25.134,1.28397,1.28429,1.10,1.88
2012.09.04 01:08:25.207,1.28397,1.28429,1.10,1.88
2012.09.04 01:08:25.709,1.28397,1.28427,1.10,1.43
2012.09.04 01:08:26.135,1.28397,1.2843,1.10,2.56
2012.09.04 01:08:26.725,1.28398,1.28432,1.10,2.18
2012.09.04 01:08:29.256,1.28398,1.28434,2.41,1.43
2012.09.04 01:08:29.324,1.28398,1.28434,2.41,1.43
2012.09.04 01:08:29.526,1.28398,1.28432,1.32,1.43
2012.09.04 01:08:30.648,1.28395,1.28423,2.41,1.50
2012.09.04 01:08:35.049,1.28391,1.28423,1.10,1.50
2012.09.04 01:08:36.035,1.28391,1.28423,1.10,1.50
2012.09.04 01:08:36.675,1.28391,1.28423,1.10,1.50
2012.09.04 01:08:38.825,1.28391,1.28423,1.10,1.50
2012.09.04 01:08:39.628,1.28391,1.28423,1.10,1.50
2012.09.04 01:08:40.175,1.28391,1.28423,1.10,1.50
2012.09.04 01:08:45.414,1.28395,1.28426,1.10,1.43
2012.09.04 01:08:45.484,1.28395,1.28429,1.10,1.24
2012.09.04 01:08:45.555,1.28395,1.28431,1.10,1.43
2012.09.04 01:08:46.614,1.28397,1.28431,1.50,1.43
2012.09.04 01:08:46.746,1.28397,1.28432,2.82,2.25
2012.09.04 01:08:46.813,1.28399,1.28432,1.50,2.25
2012.09.04 01:08:46.956,1.28397,1.28433,2.07,2.18
2012.09.04 01:08:47.084,1.28397,1.28431,2.07,1.43
2012.09.04 01:08:48.321,1.28397,1.28431,2.07,1.43
2012.09.04 01:08:48.635,1.284,1.28436,1.50,1.43
2012.09.04 01:08:49.555,1.28404,1.28436,2.25,1.43
2012.09.04 01:08:50.391,1.28407,1.28436,1.50,1.43
2012.09.04 01:08:50.536,1.28407,1.28434,1.50,1.43
2012.09.04 01:08:51.067,1.28405,1.28433,1.32,1.43
2012.09.04 01:08:52.301,1.28405,1.28431,1.32,1.43
2012.09.04 01:08:52.437,1.28396,1.28418,2.41,1.50
2012.09.04 01:08:52.505,1.28391,1.28418,1.85,1.50
2012.09.04 01:08:52.635,1.28398,1.28418,1.10,1.43
2012.09.04 01:08:53.144,1.28398,1.28424,1.10,1.32
2012.09.04 01:08:53.747,1.28398,1.28432,1.10,2.74
2012.09.04 01:08:53.936,1.28397,1.28418,1.85,1.50
2012.09.04 01:08:54.065,1.28388,1.28418,1.85,1.50
2012.09.04 01:08:54.556,1.28391,1.28419,1.10,1.32
2012.09.04 01:08:54.625,1.28391,1.28419,1.10,1.32
2012.09.04 01:08:54.876,1.28391,1.28419,1.10,1.32
2012.09.04 01:08:55.475,1.28397,1.28428,2.25,1.32
2012.09.04 01:08:56.698,1.28393,1.28429,1.50,1.43
2012.09.04 01:08:57.188,1.28392,1.28423,1.50,1.50
2012.09.04 01:08:58.156,1.28391,1.28423,2.25,1.50
2012.09.04 01:09:02.014,1.28391,1.28428,2.60,1.50
2012.09.04 01:09:02.635,1.28397,1.28428,2.25,1.50
2012.09.04 01:09:09.626,1.28397,1.28429,2.60,1.50
2012.09.04 01:09:16.243,1.28397,1.28429,2.60,1.50
2012.09.04 01:09:19.548,1.28397,1.28429,2.60,1.50
2012.09.04 01:09:25.955,1.28397,1.28429,1.10,1.50
2012.09.04 01:09:26.688,1.28397,1.28429,1.10,1.50
2012.09.04 01:09:27.586,1.28398,1.28431,1.10,1.50
2012.09.04 01:09:27.714,1.28398,1.28433,1.85,1.24
2012.09.04 01:09:27.908,1.28399,1.28436,1.10,2.18
2012.09.04 01:09:33.044,1.28399,1.28436,1.10,2.18
2012.09.04 01:09:42.808,1.284,1.28437,2.60,2.18
2012.09.04 01:09:42.873,1.28408,1.28437,1.50,1.43
2012.09.04 01:09:43.578,1.28408,1.28441,1.50,1.43
2012.09.04 01:09:43.885,1.28411,1.28445,1.50,1.69
2012.09.04 01:09:44.627,1.28411,1.28445,1.50,1.50
2012.09.04 01:09:46.514,1.28421,1.28445,1.13,1.50
2012.09.04 01:09:46.646,1.28419,1.28448,2.44,1.50
2012.09.04 01:09:46.775,1.28419,1.28446,2.07,1.43
2012.09.04 01:09:50.104,1.28419,1.28446,1.32,2.18
2012.09.04 01:09:50.355,1.2841,1.2844,1.10,1.50
2012.09.04 01:09:53.216,1.28404,1.28428,1.10,1.50
2012.09.04 01:09:53.558,1.28403,1.2843,1.50,1.43
2012.09.04 01:10:01.136,1.28402,1.28434,2.25,1.24
2012.09.04 01:10:01.205,1.28402,1.28434,2.25,1.24
2012.09.04 01:10:01.588,1.28407,1.28439,1.50,1.66
2012.09.04 01:10:03.070,1.28407,1.28439,1.50,2.93
2012.09.04 01:10:12.133,1.28412,1.28439,1.13,2.18
2012.09.04 01:10:12.205,1.28412,1.28442,1.13,2.07
2012.09.04 01:10:12.337,1.28412,1.28445,1.13,1.43
2012.09.04 01:10:19.363,1.28408,1.28444,2.25,1.43
2012.09.04 01:10:19.434,1.28408,1.28444,2.25,1.81
2012.09.04 01:10:21.356,1.28406,1.28438,1.10,2.18
2012.09.04 01:10:23.082,1.28406,1.28438,1.10,2.18
2012.09.04 01:10:29.626,1.28402,1.28438,1.47,2.18
2012.09.04 01:10:29.919,1.28408,1.28439,2.25,1.50
2012.09.04 01:10:35.298,1.28411,1.28439,1.50,1.50
2012.09.04 01:10:36.635,1.28408,1.2844,1.50,2.18
2012.09.04 01:10:36.706,1.28408,1.2844,1.50,1.43
2012.09.04 01:10:37.224,1.28407,1.28444,1.50,2.25
2012.09.04 01:10:38.946,1.28406,1.28439,1.50,1.32
2012.09.04 01:10:39.017,1.28403,1.28437,1.10,1.32
2012.09.04 01:10:39.346,1.28403,1.28436,1.10,1.43
2012.09.04 01:10:39.655,1.28403,1.28437,1.10,1.32
2012.09.04 01:10:39.725,1.284,1.28434,1.10,1.50
2012.09.04 01:10:44.905,1.28399,1.28437,1.10,1.24
2012.09.04 01:10:45.155,1.28401,1.28433,1.50,1.50
2012.09.04 01:10:45.537,1.28402,1.28439,2.25,1.50
2012.09.04 01:10:45.846,1.28402,1.28433,2.25,1.50
2012.09.04 01:10:47.355,1.28402,1.28433,2.25,2.25
2012.09.04 01:10:47.680,1.28398,1.28427,1.10,1.50
2012.09.04 01:10:49.565,1.28398,1.28427,1.10,1.50
2012.09.04 01:10:50.445,1.28397,1.28424,1.10,1.50
2012.09.04 01:10:50.776,1.28396,1.28426,1.88,1.54
2012.09.04 01:10:51.047,1.28399,1.28429,1.85,1.32
2012.09.04 01:10:51.239,1.28399,1.2843,3.35,2.07
2012.09.04 01:10:51.445,1.284,1.2843,1.50,1.32
2012.09.04 01:10:51.717,1.284,1.28435,2.25,1.24
2012.09.04 01:10:51.845,1.284,1.28436,2.25,1.43
2012.09.04 01:10:51.977,1.284,1.28434,1.50,1.50
2012.09.04 01:10:52.365,1.284,1.28434,3.00,1.43
2012.09.04 01:10:52.436,1.28401,1.28435,1.50,1.50
2012.09.04 01:10:52.789,1.284,1.28433,3.00,1.50
2012.09.04 01:10:56.226,1.28401,1.28435,1.50,1.43
2012.09.04 01:10:57.086,1.28403,1.28435,1.50,1.43
2012.09.04 01:10:57.518,1.28406,1.28439,1.50,1.43
2012.09.04 01:10:57.645,1.28406,1.28439,1.50,1.43
2012.09.04 01:10:58.159,1.28406,1.28442,1.50,3.00
2012.09.04 01:10:58.545,1.28403,1.28439,2.07,1.50
2012.09.04 01:10:58.675,1.28406,1.28439,1.50,1.43
2012.09.04 01:11:01.434,1.28403,1.28439,1.32,1.50
2012.09.04 01:11:01.505,1.28402,1.28438,1.50,2.25
2012.09.04 01:11:02.175,1.28404,1.28437,1.10,1.43
2012.09.04 01:11:04.067,1.28404,1.28437,1.10,2.93
2012.09.04 01:11:04.713,1.28404,1.28436,1.10,3.68
2012.09.04 01:11:05.086,1.28397,1.2843,1.10,1.43
2012.09.04 01:11:05.634,1.28397,1.2843,1.10,2.93
2012.09.04 01:11:06.297,1.28397,1.2843,1.10,2.93
2012.09.04 01:11:07.494,1.28397,1.2843,1.10,2.93
2012.09.04 01:11:07.634,1.28397,1.2843,1.10,1.43
2012.09.04 01:11:09.506,1.28397,1.2843,1.10,1.43
2012.09.04 01:11:10.334,1.28397,1.2843,1.10,1.43
2012.09.04 01:11:11.464,1.28405,1.28433,1.10,2.18
2012.09.04 01:11:11.980,1.28405,1.28433,1.10,2.18
2012.09.04 01:11:12.683,1.28405,1.28433,1.10,2.18
2012.09.04 01:11:13.285,1.28406,1.28433,1.10,2.18
2012.09.04 01:11:18.747,1.284,1.28433,2.60,2.18
2012.09.04 01:11:18.945,1.284,1.28433,2.60,1.50
2012.09.04 01:11:19.474,1.284,1.28438,2.60,2.18
2012.09.04 01:11:19.546,1.284,1.28438,2.60,2.18
2012.09.04 01:11:19.735,1.28402,1.2844,1.50,3.68
2012.09.04 01:11:19.805,1.28402,1.2844,1.50,3.68
2012.09.04 01:11:20.187,1.28402,1.2844,1.50,3.68
2012.09.04 01:11:21.354,1.28406,1.2844,1.50,2.93
2012.09.04 01:11:21.665,1.28406,1.2844,1.50,2.93
2012.09.04 01:11:21.735,1.28406,1.28439,1.50,2.18
2012.09.04 01:11:22.056,1.28412,1.2844,1.13,2.25
2012.09.04 01:11:22.556,1.28411,1.28447,1.10,2.25
2012.09.04 01:11:22.695,1.28412,1.28443,1.10,2.25
2012.09.04 01:11:23.209,1.28412,1.28442,1.10,1.50
2012.09.04 01:11:23.998,1.28412,1.28447,1.85,2.18
2012.09.04 01:11:24.066,1.28412,1.28447,1.50,1.50
2012.09.04 01:11:25.663,1.28412,1.28447,1.50,2.25
2012.09.04 01:11:25.738,1.28412,1.28441,1.50,2.25
2012.09.04 01:11:26.055,1.28412,1.28434,1.85,1.50
2012.09.04 01:11:26.185,1.28412,1.28442,1.85,1.50
2012.09.04 01:11:27.216,1.28411,1.28439,1.10,1.50
2012.09.04 01:11:27.525,1.28411,1.28441,1.10,1.32
2012.09.04 01:11:30.897,1.28411,1.28442,1.10,2.07
2012.09.04 01:11:31.415,1.28412,1.28442,1.10,1.50
2012.09.04 01:11:35.837,1.28409,1.28442,1.10,1.50
2012.09.04 01:11:35.904,1.28409,1.28441,1.10,1.13
2012.09.04 01:11:36.226,1.28408,1.28435,1.10,1.50
2012.09.04 01:11:36.746,1.28408,1.28438,1.10,1.32
2012.09.04 01:11:39.615,1.28409,1.28439,1.85,1.32
2012.09.04 01:11:40.799,1.28408,1.28439,1.10,1.32
2012.09.04 01:11:40.924,1.28408,1.28439,1.10,1.32
2012.09.04 01:11:41.848,1.28408,1.28445,1.10,2.18
2012.09.04 01:11:42.843,1.28408,1.28443,1.10,1.50
2012.09.04 01:11:43.935,1.28423,1.28445,2.25,1.50
2012.09.04 01:11:44.005,1.28423,1.2845,2.25,2.22
2012.09.04 01:11:44.076,1.28427,1.28457,1.50,2.48
2012.09.04 01:11:44.146,1.28427,1.28457,1.50,1.50
2012.09.04 01:11:44.216,1.28421,1.28458,1.80,3.38
2012.09.04 01:11:44.345,1.28421,1.28458,1.50,3.38
2012.09.04 01:11:44.414,1.28421,1.28457,1.50,1.50
2012.09.04 01:11:44.715,1.28417,1.28449,1.50,1.50
2012.09.04 01:11:45.916,1.28415,1.28444,1.85,1.50
2012.09.04 01:11:46.322,1.28417,1.28444,1.50,1.50
2012.09.04 01:11:49.365,1.28414,1.28444,1.10,1.50
2012.09.04 01:11:49.436,1.28414,1.28444,1.10,1.50
2012.09.04 01:11:49.686,1.28415,1.28449,1.10,1.32
2012.09.04 01:11:51.387,1.28415,1.2845,1.10,2.44
2012.09.04 01:11:51.924,1.28414,1.2845,1.10,1.88
2012.09.04 01:11:52.687,1.28414,1.28445,1.10,1.50
2012.09.04 01:11:53.227,1.28414,1.28443,1.10,1.50
2012.09.04 01:11:53.828,1.28414,1.28443,1.10,1.50
2012.09.04 01:11:55.070,1.28414,1.28443,1.10,2.25
2012.09.04 01:11:55.275,1.28412,1.28439,1.10,1.50
2012.09.04 01:11:55.406,1.28406,1.28439,1.10,1.50
2012.09.04 01:11:56.026,1.28408,1.28441,1.50,1.32
2012.09.04 01:11:57.065,1.28406,1.28441,1.10,1.32
2012.09.04 01:12:02.714,1.28406,1.28438,1.10,1.50
2012.09.04 01:12:06.385,1.28405,1.28438,1.10,1.50
2012.09.04 01:12:06.576,1.28403,1.28427,1.10,1.32
2012.09.04 01:12:06.958,1.28404,1.28428,1.10,1.32
2012.09.04 01:12:07.334,1.28404,1.28433,1.10,1.47
2012.09.04 01:12:07.477,1.28409,1.28436,2.25,1.32
2012.09.04 01:12:07.606,1.28409,1.28439,2.25,1.50
2012.09.04 01:12:07.677,1.28411,1.28448,2.25,1.50
2012.09.04 01:12:07.747,1.28419,1.28449,1.50,1.50
2012.09.04 01:12:08.805,1.28416,1.28449,1.50,1.50
2012.09.04 01:12:08.875,1.2841,1.28449,2.25,1.50
2012.09.04 01:12:08.945,1.28406,1.28444,1.17,1.50
2012.09.04 01:12:09.255,1.28406,1.28442,1.17,1.32
2012.09.04 01:12:09.585,1.28407,1.28438,1.10,2.25
2012.09.04 01:12:14.144,1.28407,1.28443,1.10,2.07
2012.09.04 01:12:14.671,1.28408,1.28443,1.50,1.50
2012.09.04 01:12:14.748,1.28408,1.28443,1.58,1.50
2012.09.04 01:12:15.057,1.28412,1.28447,1.50,1.13
2012.09.04 01:12:16.056,1.28412,1.28446,1.10,1.13
2012.09.04 01:12:16.185,1.28414,1.28448,1.50,1.13
2012.09.04 01:12:17.057,1.28415,1.2845,2.25,1.13
2012.09.04 01:12:21.137,1.28415,1.28451,3.00,1.69
2012.09.04 01:12:21.784,1.28415,1.28448,1.50,1.50
2012.09.04 01:12:24.004,1.28413,1.28448,1.66,2.25
2012.09.04 01:12:24.316,1.28414,1.28442,1.85,1.50
2012.09.04 01:12:24.637,1.28432,1.28454,1.50,2.07
2012.09.04 01:12:24.825,1.28437,1.28462,1.50,1.50
2012.09.04 01:12:25.018,1.28437,1.28465,1.50,1.50
2012.09.04 01:12:31.525,1.28435,1.28458,1.10,1.50
2012.09.04 01:12:32.478,1.2843,1.28458,1.10,1.50
2012.09.04 01:12:33.138,1.28424,1.28458,1.10,3.75
2012.09.04 01:12:33.459,1.28424,1.28448,1.10,1.50
2012.09.04 01:12:33.596,1.28423,1.28448,1.10,1.50
2012.09.04 01:12:33.786,1.28423,1.28451,1.10,1.50
2012.09.04 01:12:33.857,1.28423,1.28459,1.10,2.82
2012.09.04 01:12:33.926,1.28424,1.28459,1.10,2.82
2012.09.04 01:12:34.665,1.28424,1.28459,1.10,2.07
2012.09.04 01:12:35.387,1.28426,1.28459,1.50,1.50
2012.09.04 01:12:36.195,1.28425,1.28452,1.50,1.50
2012.09.04 01:12:36.625,1.28425,1.28452,1.50,1.50
2012.09.04 01:12:36.885,1.28425,1.28449,1.50,1.50
2012.09.04 01:12:37.186,1.28425,1.28446,1.50,1.50
2012.09.04 01:12:38.802,1.28424,1.28453,1.85,1.50
2012.09.04 01:12:38.947,1.28424,1.28459,1.85,2.25
2012.09.04 01:12:39.149,1.28426,1.28459,1.50,1.50
2012.09.04 01:12:40.575,1.28426,1.28459,1.50,1.50
2012.09.04 01:12:43.924,1.28426,1.28459,1.58,1.50
2012.09.04 01:12:44.177,1.28426,1.28453,1.50,1.50
2012.09.04 01:12:44.734,1.28424,1.28458,1.50,1.50
2012.09.04 01:12:46.554,1.28424,1.28458,1.50,1.50
2012.09.04 01:12:58.706,1.28423,1.28458,1.10,2.25
2012.09.04 01:13:04.245,1.28424,1.28458,1.10,3.75
2012.09.04 01:13:04.316,1.28424,1.28457,1.10,1.50
2012.09.04 01:13:04.864,1.28424,1.2845,1.10,1.50
2012.09.04 01:13:05.496,1.28423,1.2845,1.10,1.50
2012.09.04 01:13:08.764,1.28424,1.2845,1.10,1.50
2012.09.04 01:13:15.416,1.2842,1.2845,1.10,2.25
2012.09.04 01:13:15.487,1.28419,1.28447,1.10,1.50
2012.09.04 01:13:16.497,1.28419,1.28444,1.10,1.50
2012.09.04 01:13:16.985,1.2842,1.28444,1.10,1.50
2012.09.04 01:13:17.125,1.28418,1.28444,1.10,1.50
2012.09.04 01:13:17.261,1.28418,1.28449,1.10,1.50
2012.09.04 01:13:17.837,1.28418,1.28449,1.10,1.50
2012.09.04 01:13:19.667,1.28417,1.28449,1.50,1.50
2012.09.04 01:13:20.105,1.28417,1.28444,1.50,1.50
2012.09.04 01:13:20.936,1.28416,1.28437,1.10,1.50
2012.09.04 01:13:21.245,1.28416,1.28443,1.10,1.50
2012.09.04 01:13:26.245,1.28416,1.28443,1.85,1.50
2012.09.04 01:13:26.502,1.28417,1.28443,1.10,1.50
2012.09.04 01:13:29.016,1.28415,1.28443,1.10,3.00
2012.09.04 01:13:29.407,1.28416,1.28443,1.10,2.25
2012.09.04 01:13:29.747,1.28416,1.28444,2.22,1.32
2012.09.04 01:13:30.568,1.28419,1.28449,1.50,2.07
2012.09.04 01:13:30.759,1.28432,1.28455,1.50,2.07
2012.09.04 01:13:30.895,1.28432,1.28455,1.50,2.25
2012.09.04 01:13:37.225,1.28431,1.28457,1.10,1.50
2012.09.04 01:13:37.295,1.28431,1.28462,1.10,2.25
2012.09.04 01:13:37.427,1.28431,1.28456,1.10,1.50
2012.09.04 01:13:51.238,1.28429,1.28456,1.10,1.50
2012.09.04 01:13:56.548,1.2843,1.28461,1.10,2.25
2012.09.04 01:13:58.127,1.2843,1.28455,1.10,1.50
2012.09.04 01:14:03.815,1.28431,1.28455,1.10,1.50
2012.09.04 01:14:05.895,1.28431,1.28461,1.10,2.25
2012.09.04 01:14:11.315,1.28428,1.28461,1.50,3.00
2012.09.04 01:14:11.506,1.28426,1.28455,1.10,1.50
2012.09.04 01:14:11.995,1.28419,1.28455,1.50,1.50
2012.09.04 01:14:12.066,1.28419,1.2845,1.50,1.50
2012.09.04 01:14:14.275,1.28418,1.28455,1.10,1.50
2012.09.04 01:14:16.027,1.28421,1.28456,2.25,2.18
2012.09.04 01:14:16.527,1.28421,1.28459,2.25,1.50
2012.09.04 01:14:20.555,1.28421,1.28458,1.50,1.50
2012.09.04 01:14:20.684,1.28419,1.28452,1.50,1.50
2012.09.04 01:14:23.297,1.28419,1.2845,1.10,1.50
2012.09.04 01:14:23.365,1.28419,1.28448,1.10,1.50
2012.09.04 01:14:26.716,1.28419,1.28448,1.10,1.50
2012.09.04 01:14:26.846,1.28418,1.2845,1.10,1.50
2012.09.04 01:14:26.916,1.28418,1.28454,1.17,1.50
2012.09.04 01:14:29.956,1.28418,1.28452,1.10,1.50
2012.09.04 01:14:30.146,1.28418,1.28453,1.10,1.50
2012.09.04 01:14:30.456,1.28427,1.28452,1.50,1.50
2012.09.04 01:14:30.706,1.28427,1.28455,1.50,2.07
2012.09.04 01:14:31.556,1.28424,1.28455,1.13,2.82
2012.09.04 01:14:32.064,1.28424,1.28455,1.13,2.25
2012.09.04 01:14:32.546,1.28421,1.28455,1.50,3.00
2012.09.04 01:14:48.604,1.28419,1.28454,1.10,1.50
2012.09.04 01:15:01.066,1.28421,1.28455,1.50,2.07
2012.09.04 01:15:02.585,1.28421,1.28456,2.25,2.82
2012.09.04 01:15:03.146,1.28421,1.28456,2.25,2.25
2012.09.04 01:15:04.431,1.28421,1.28455,1.50,1.50
2012.09.04 01:15:04.805,1.28422,1.28455,1.50,1.32
2012.09.04 01:15:05.779,1.28426,1.28459,2.63,1.50
2012.09.04 01:15:07.275,1.28426,1.28459,2.63,1.50
2012.09.04 01:15:09.825,1.28426,1.28459,2.63,1.50
2012.09.04 01:15:10.665,1.28424,1.28459,1.32,2.25
2012.09.04 01:15:10.735,1.28423,1.28453,1.39,1.50
2012.09.04 01:15:11.446,1.28421,1.28449,1.85,1.50
2012.09.04 01:15:11.965,1.28421,1.28453,1.85,1.50
2012.09.04 01:15:13.355,1.28421,1.28455,1.85,1.32
2012.09.04 01:15:15.175,1.28421,1.28452,1.10,1.50
2012.09.04 01:15:16.305,1.28418,1.28455,1.50,1.32
2012.09.04 01:15:18.146,1.28425,1.28457,1.50,2.07
2012.09.04 01:15:18.215,1.28425,1.28457,1.50,2.07
2012.09.04 01:15:18.285,1.28425,1.28457,1.50,1.50
2012.09.04 01:15:21.383,1.28425,1.28457,1.50,1.50
2012.09.04 01:15:21.457,1.28417,1.28454,1.50,1.32
2012.09.04 01:15:21.776,1.28417,1.28451,1.50,1.50
2012.09.04 01:15:22.087,1.28417,1.28451,1.50,1.50
2012.09.04 01:15:22.155,1.28417,1.28451,1.50,1.50
2012.09.04 01:15:22.715,1.28417,1.28454,1.50,2.74
2012.09.04 01:15:24.207,1.28417,1.2844,1.50,1.13
2012.09.04 01:15:24.277,1.28409,1.2844,2.07,1.13
2012.09.04 01:15:24.528,1.28417,1.28444,1.50,2.41
2012.09.04 01:15:24.682,1.28417,1.2845,1.50,2.56
2012.09.04 01:15:24.758,1.28416,1.2845,1.50,2.56
2012.09.04 01:15:24.958,1.28417,1.2845,1.50,1.73
2012.09.04 01:15:25.098,1.28417,1.28446,1.50,1.50
2012.09.04 01:15:25.239,1.28417,1.28451,1.50,1.50
2012.09.04 01:15:28.313,1.28412,1.28451,1.50,1.50
2012.09.04 01:15:28.449,1.28412,1.28448,1.50,1.13
2012.09.04 01:15:30.039,1.28422,1.28449,1.50,1.24
2012.09.04 01:15:30.587,1.28422,1.28451,1.50,1.32
2012.09.04 01:15:31.218,1.28417,1.28458,1.50,2.07
2012.09.04 01:15:31.290,1.28417,1.28458,1.50,2.07
2012.09.04 01:15:31.365,1.28417,1.28458,1.50,2.74
2012.09.04 01:15:33.044,1.28417,1.28458,1.50,2.74
2012.09.04 01:15:37.495,1.28417,1.28458,1.50,2.74
2012.09.04 01:15:40.006,1.28417,1.28458,1.50,2.74
2012.09.04 01:15:43.666,1.28417,1.28458,1.50,2.74
2012.09.04 01:15:46.227,1.28417,1.28457,1.85,1.43
2012.09.04 01:15:46.534,1.28418,1.28454,1.10,1.50
2012.09.04 01:15:47.064,1.28418,1.28452,1.10,1.50
2012.09.04 01:15:48.157,1.28418,1.28452,1.10,1.50
2012.09.04 01:15:56.314,1.28419,1.28457,1.10,2.18
2012.09.04 01:16:04.996,1.28422,1.28457,1.50,1.81
2012.09.04 01:16:05.248,1.28415,1.28448,1.10,1.50
2012.09.04 01:16:05.555,1.28413,1.28444,1.50,1.50
2012.09.04 01:16:05.745,1.28413,1.28448,1.50,2.07
2012.09.04 01:16:06.256,1.28407,1.28448,2.60,2.07
2012.09.04 01:16:06.327,1.28407,1.28445,1.85,1.50
2012.09.04 01:16:06.396,1.28407,1.28448,1.85,2.07
2012.09.04 01:16:06.897,1.28408,1.28449,1.17,1.50
2012.09.04 01:16:08.559,1.28407,1.28449,1.17,1.50
2012.09.04 01:16:08.695,1.28407,1.28447,1.17,1.50
2012.09.04 01:16:08.767,1.28407,1.28443,1.17,1.50
2012.09.04 01:16:09.096,1.28407,1.28437,1.10,1.50
2012.09.04 01:16:09.848,1.28408,1.28443,1.10,1.50
2012.09.04 01:16:10.105,1.28409,1.28443,1.50,1.50
2012.09.04 01:16:10.417,1.28412,1.28443,1.50,1.50
2012.09.04 01:16:10.509,1.28412,1.28443,1.50,1.50
2012.09.04 01:16:10.787,1.28412,1.28449,1.50,3.00
2012.09.04 01:16:14.735,1.28416,1.28449,1.50,1.50
2012.09.04 01:16:15.236,1.2841,1.28445,1.32,1.50
2012.09.04 01:16:15.796,1.2841,1.28445,1.32,1.50
2012.09.04 01:16:16.426,1.28407,1.28441,2.25,1.43
2012.09.04 01:16:17.086,1.28406,1.28441,1.13,1.43
2012.09.04 01:16:17.218,1.28409,1.28445,1.50,2.56
2012.09.04 01:16:26.576,1.28409,1.28444,1.50,1.13
2012.09.04 01:16:26.930,1.28412,1.28449,1.50,1.88
2012.09.04 01:16:28.416,1.28416,1.28449,1.50,1.88
2012.09.04 01:16:39.824,1.28416,1.28451,1.50,1.50
2012.09.04 01:16:49.844,1.28416,1.28451,1.50,1.50
2012.09.04 01:16:59.905,1.28415,1.28452,1.50,3.31
2012.09.04 01:17:02.053,1.28415,1.28452,1.50,3.31
2012.09.04 01:17:09.975,1.28415,1.28452,1.50,3.31
2012.09.04 01:17:13.138,1.28415,1.28452,1.50,3.31
2012.09.04 01:17:14.375,1.28413,1.28452,1.32,3.31
2012.09.04 01:17:14.506,1.2841,1.28445,1.50,1.50
2012.09.04 01:17:21.865,1.2841,1.28445,1.50,1.50
2012.09.04 01:17:23.009,1.28415,1.28447,1.50,1.88
2012.09.04 01:17:28.856,1.28415,1.28447,1.50,1.88
2012.09.04 01:17:29.415,1.28415,1.28447,1.50,1.50
2012.09.04 01:17:29.756,1.28415,1.28447,1.50,1.50
2012.09.04 01:17:30.344,1.28415,1.28447,1.50,1.50
2012.09.04 01:17:36.585,1.28415,1.28447,1.50,1.50
2012.09.04 01:17:39.906,1.28415,1.2845,1.50,1.50
2012.09.04 01:17:40.686,1.28415,1.2845,1.50,1.50
2012.09.04 01:17:45.676,1.28415,1.28448,1.50,1.43
2012.09.04 01:17:46.326,1.28415,1.28449,1.50,1.50
2012.09.04 01:17:59.695,1.28416,1.28451,1.50,1.13
2012.09.04 01:17:59.787,1.28416,1.28451,1.50,1.13
2012.09.04 01:18:01.382,1.28416,1.28451,1.50,1.13
2012.09.04 01:18:01.934,1.28421,1.28452,1.50,1.43
2012.09.04 01:18:02.475,1.28417,1.2845,1.13,2.25
2012.09.04 01:18:08.144,1.28417,1.2845,1.13,2.25
2012.09.04 01:18:18.117,1.28417,1.28449,1.13,1.50
2012.09.04 01:18:18.185,1.28417,1.28447,1.13,1.50
2012.09.04 01:18:19.087,1.28413,1.28442,1.32,1.50
2012.09.04 01:18:19.155,1.28412,1.28442,1.32,1.50
2012.09.04 01:18:19.837,1.2841,1.28442,1.10,1.50
2012.09.04 01:18:20.539,1.28406,1.28445,2.25,1.50
2012.09.04 01:18:29.176,1.28406,1.28445,2.25,1.50
2012.09.04 01:18:29.754,1.28406,1.28445,2.25,1.50
2012.09.04 01:18:32.608,1.2841,1.28441,1.50,2.25
2012.09.04 01:18:35.168,1.2841,1.28444,1.50,2.56
2012.09.04 01:18:36.301,1.28415,1.28447,1.50,1.13
2012.09.04 01:18:36.906,1.28415,1.28447,1.50,1.13
2012.09.04 01:18:39.837,1.28415,1.28449,1.50,1.43
2012.09.04 01:18:43.898,1.28414,1.28451,1.50,1.88
2012.09.04 01:18:44.496,1.28414,1.28451,1.50,3.49
2012.09.04 01:18:48.448,1.28414,1.28445,1.50,1.50
2012.09.04 01:18:48.516,1.28409,1.28445,1.50,2.25
2012.09.04 01:18:49.181,1.28409,1.28445,1.50,3.68
2012.09.04 01:18:49.786,1.28409,1.28444,1.50,1.43
2012.09.04 01:18:59.904,1.28409,1.28445,1.50,3.68
2012.09.04 01:19:03.134,1.28407,1.28444,2.25,1.43
2012.09.04 01:19:03.265,1.28406,1.28439,1.69,1.50
2012.09.04 01:19:03.757,1.28403,1.28439,2.25,2.18
2012.09.04 01:19:04.095,1.28403,1.28439,1.50,3.68
2012.09.04 01:19:04.226,1.28403,1.28439,1.50,2.93
2012.09.04 01:19:05.906,1.28401,1.28439,2.41,3.68
2012.09.04 01:19:05.976,1.28401,1.28439,1.66,4.43
2012.09.04 01:19:06.525,1.28402,1.28435,1.50,1.43
2012.09.04 01:19:07.366,1.28402,1.28435,1.50,1.43
2012.09.04 01:19:08.910,1.28402,1.28435,1.50,1.43
2012.09.04 01:19:09.914,1.28399,1.28435,1.85,2.18
2012.09.04 01:19:19.935,1.28399,1.28435,1.50,2.18
2012.09.04 01:19:25.208,1.28399,1.28435,1.50,3.68
2012.09.04 01:19:25.395,1.28398,1.28435,1.85,3.68
2012.09.04 01:19:25.467,1.28398,1.28433,1.10,1.50
2012.09.04 01:19:25.598,1.28398,1.28433,1.10,2.18
2012.09.04 01:19:26.196,1.28399,1.28435,1.50,3.79
2012.09.04 01:19:26.271,1.28397,1.28428,2.97,1.50
2012.09.04 01:19:26.348,1.28397,1.2843,2.97,1.50
2012.09.04 01:19:26.420,1.28398,1.28434,1.10,2.82
2012.09.04 01:19:26.677,1.28401,1.28434,1.88,1.32
2012.09.04 01:19:27.202,1.28407,1.28441,1.50,2.63
2012.09.04 01:19:28.256,1.28407,1.28441,1.50,2.63
2012.09.04 01:19:28.916,1.28399,1.28434,1.92,1.50
2012.09.04 01:19:29.052,1.28398,1.28434,2.07,3.87
2012.09.04 01:19:29.128,1.28398,1.28433,1.85,1.50
2012.09.04 01:19:29.447,1.28398,1.28433,1.10,1.50
2012.09.04 01:19:30.852,1.28396,1.28433,1.50,1.50
2012.09.04 01:19:32.415,1.28389,1.28423,1.73,1.50
2012.09.04 01:19:32.547,1.28388,1.28423,1.17,1.50
2012.09.04 01:19:32.795,1.28389,1.28423,1.10,1.50
2012.09.04 01:19:35.478,1.2839,1.28425,1.50,1.43
2012.09.04 01:19:35.547,1.2839,1.28426,1.50,1.43
2012.09.04 01:19:36.096,1.2839,1.28428,1.50,2.18
2012.09.04 01:19:36.645,1.2839,1.28426,1.50,1.32
2012.09.04 01:19:36.715,1.2839,1.28425,1.50,1.32
2012.09.04 01:19:37.036,1.28388,1.28422,1.10,1.50
2012.09.04 01:19:40.535,1.2839,1.28426,1.50,1.50
2012.09.04 01:19:40.665,1.28396,1.28427,1.50,1.13
2012.09.04 01:19:41.228,1.28396,1.28428,1.50,1.50
2012.09.04 01:19:41.596,1.28391,1.28424,2.25,3.00
2012.09.04 01:19:41.926,1.28391,1.28422,1.50,1.50
2012.09.04 01:19:42.234,1.28387,1.28422,1.10,1.50
2012.09.04 01:19:42.548,1.28391,1.28423,1.50,1.32
2012.09.04 01:19:43.345,1.28391,1.28424,2.25,1.32
2012.09.04 01:19:43.669,1.28396,1.2843,1.50,2.25
2012.09.04 01:19:44.294,1.28396,1.2843,1.50,2.25
2012.09.04 01:19:48.748,1.28396,1.28433,1.50,1.50
2012.09.04 01:19:49.738,1.28396,1.28433,1.50,1.50
2012.09.04 01:19:49.925,1.28396,1.28433,1.50,1.50
2012.09.04 01:19:56.300,1.28396,1.28433,1.50,2.25
2012.09.04 01:19:56.604,1.28394,1.28428,1.10,1.50
2012.09.04 01:19:56.975,1.28396,1.2843,1.50,1.32
2012.09.04 01:19:57.524,1.28396,1.2843,1.50,1.32
2012.09.04 01:19:58.610,1.28396,1.28432,1.50,1.32
2012.09.04 01:19:58.685,1.28396,1.28433,1.50,1.50
2012.09.04 01:20:04.245,1.28396,1.28433,1.50,1.50
2012.09.04 01:20:04.395,1.28396,1.28431,1.50,1.50
2012.09.04 01:20:04.737,1.28394,1.28431,1.10,1.50
2012.09.04 01:20:06.657,1.28393,1.28431,3.16,1.50
2012.09.04 01:20:07.237,1.28393,1.28431,2.60,1.50
2012.09.04 01:20:07.779,1.28393,1.28431,2.60,1.50
2012.09.04 01:20:09.888,1.28393,1.28431,2.25,2.25
2012.09.04 01:20:10.484,1.28393,1.28431,2.25,2.25
2012.09.04 01:20:11.774,1.28393,1.28431,2.25,2.25
2012.09.04 01:20:14.586,1.28393,1.28431,2.25,2.25
2012.09.04 01:20:15.147,1.28393,1.28431,2.25,2.25
2012.09.04 01:20:15.695,1.28393,1.28429,2.25,1.50
2012.09.04 01:20:15.826,1.28393,1.28429,1.50,1.50
2012.09.04 01:20:19.854,1.28388,1.28425,1.85,2.25
2012.09.04 01:20:34.605,1.28388,1.28425,1.50,3.00
2012.09.04 01:20:35.097,1.28389,1.2842,1.50,2.25
2012.09.04 01:20:39.565,1.28389,1.28425,1.50,1.32
2012.09.04 01:20:40.057,1.28389,1.28426,1.85,1.50
2012.09.04 01:20:57.812,1.28391,1.28426,1.50,3.00
2012.09.04 01:20:58.136,1.28396,1.28426,1.50,2.25
2012.09.04 01:20:58.747,1.28396,1.28431,1.50,1.13
2012.09.04 01:20:59.754,1.28396,1.28431,1.50,1.13
2012.09.04 01:21:02.747,1.28396,1.28432,1.50,2.56
2012.09.04 01:21:05.348,1.28396,1.28431,1.50,1.43
2012.09.04 01:21:06.025,1.28396,1.28431,1.50,1.43
2012.09.04 01:21:06.705,1.28396,1.28431,1.50,1.43
2012.09.04 01:21:07.215,1.28396,1.28426,1.50,1.50
2012.09.04 01:21:07.466,1.2839,1.28426,1.13,2.25
2012.09.04 01:21:09.645,1.28394,1.28426,1.50,1.50
2012.09.04 01:21:10.195,1.28396,1.28426,1.50,2.25
2012.09.04 01:21:10.565,1.28396,1.28426,1.13,3.00
2012.09.04 01:21:14.756,1.28397,1.28426,1.50,2.25
2012.09.04 01:21:15.185,1.28396,1.28426,1.13,2.18
2012.09.04 01:21:23.148,1.28396,1.28425,1.13,2.93
2012.09.04 01:21:26.445,1.28388,1.28425,1.85,2.93
2012.09.04 01:21:32.067,1.28389,1.28425,1.13,2.93
2012.09.04 01:21:32.755,1.28398,1.28428,1.13,1.43
2012.09.04 01:21:33.307,1.28398,1.28426,1.13,1.43
2012.09.04 01:21:33.435,1.28397,1.28426,2.25,1.43
2012.09.04 01:21:33.636,1.28395,1.28424,1.32,2.93
2012.09.04 01:21:33.766,1.28394,1.28423,1.32,1.43
2012.09.04 01:21:33.836,1.28394,1.28423,1.32,1.43
2012.09.04 01:21:34.156,1.28396,1.28426,1.88,2.25
2012.09.04 01:21:34.227,1.28396,1.28427,1.13,1.43
2012.09.04 01:21:34.863,1.28396,1.28426,1.13,1.43
2012.09.04 01:21:53.114,1.28389,1.28425,1.10,1.43
2012.09.04 01:22:03.175,1.2839,1.28428,1.13,3.68
2012.09.04 01:22:04.698,1.2839,1.28428,1.13,3.68
2012.09.04 01:22:10.597,1.28388,1.28427,1.85,1.13
2012.09.04 01:22:10.725,1.28388,1.28422,1.85,1.50
2012.09.04 01:22:11.274,1.28388,1.2842,1.50,1.50
2012.09.04 01:22:19.815,1.28388,1.2842,1.10,1.88
2012.09.04 01:22:19.886,1.28388,1.2842,1.10,1.88
2012.09.04 01:22:21.186,1.28388,1.28422,1.50,1.13
2012.09.04 01:22:21.316,1.28388,1.28422,1.50,1.88
2012.09.04 01:22:21.876,1.28389,1.28425,1.50,1.50
2012.09.04 01:22:24.780,1.28389,1.28425,1.50,1.13
2012.09.04 01:22:31.448,1.28393,1.28426,1.50,3.00
2012.09.04 01:22:31.756,1.28407,1.28426,1.10,1.50
2012.09.04 01:22:32.006,1.28395,1.28428,1.10,2.18
2012.09.04 01:22:32.138,1.28395,1.28428,1.50,1.43
2012.09.04 01:22:32.205,1.28402,1.28428,1.50,1.43
2012.09.04 01:22:32.337,1.28398,1.28428,1.50,2.18
2012.09.04 01:22:32.647,1.28401,1.28428,1.50,1.43
2012.09.04 01:22:32.776,1.28401,1.28428,1.50,1.43
2012.09.04 01:22:33.457,1.28407,1.2843,1.10,1.32
2012.09.04 01:22:33.916,1.28408,1.28436,1.10,2.07
2012.09.04 01:22:33.987,1.28408,1.28436,1.10,1.50
2012.09.04 01:22:34.118,1.28402,1.28437,1.10,1.50
2012.09.04 01:22:34.187,1.28401,1.28437,2.07,2.25
2012.09.04 01:22:34.326,1.28402,1.28435,1.50,2.25
2012.09.04 01:22:34.455,1.28408,1.28435,1.50,1.50
2012.09.04 01:22:34.528,1.28409,1.2844,1.50,1.13
2012.09.04 01:22:36.146,1.28409,1.28442,2.25,1.43
2012.09.04 01:22:36.220,1.28409,1.28442,2.60,1.43
2012.09.04 01:22:36.298,1.28415,1.28444,1.50,2.93
2012.09.04 01:22:36.367,1.28415,1.28444,1.50,2.25
2012.09.04 01:22:36.438,1.28409,1.28444,1.50,3.00
2012.09.04 01:22:39.832,1.28409,1.28438,1.85,1.13
2012.09.04 01:22:40.249,1.28409,1.28435,1.10,2.18
2012.09.04 01:22:43.895,1.28409,1.28431,1.10,1.13
2012.09.04 01:22:44.205,1.28408,1.28429,1.10,1.50
2012.09.04 01:22:45.156,1.28409,1.28426,1.10,1.13
2012.09.04 01:22:45.466,1.28409,1.28425,1.10,1.13
2012.09.04 01:22:46.047,1.28409,1.28423,1.10,1.32
2012.09.04 01:22:46.596,1.28409,1.28423,1.10,1.32
2012.09.04 01:22:47.006,1.28397,1.28423,1.50,1.32
2012.09.04 01:22:47.198,1.28394,1.28425,1.50,1.32
2012.09.04 01:22:47.268,1.28394,1.28428,1.50,1.43
2012.09.04 01:22:47.399,1.28394,1.28428,2.25,1.43
2012.09.04 01:22:47.738,1.28407,1.28433,1.50,1.43
2012.09.04 01:22:48.136,1.28407,1.28434,1.50,1.81
2012.09.04 01:22:48.348,1.28406,1.28434,1.10,1.06
2012.09.04 01:22:48.488,1.28406,1.28434,1.10,1.06
2012.09.04 01:22:48.929,1.28406,1.28434,1.10,1.06
2012.09.04 01:22:49.270,1.28405,1.28434,1.10,1.06
2012.09.04 01:22:49.585,1.28406,1.28434,1.10,1.06
2012.09.04 01:23:00.106,1.28411,1.28435,1.10,1.81
2012.09.04 01:23:00.518,1.28412,1.28438,1.10,1.50
2012.09.04 01:23:00.655,1.28413,1.28442,1.10,2.18
2012.09.04 01:23:03.479,1.28413,1.2844,1.10,1.43
2012.09.04 01:23:03.846,1.28413,1.28441,1.10,1.06
2012.09.04 01:23:04.495,1.28414,1.28441,1.50,1.06
2012.09.04 01:23:06.374,1.28414,1.28441,1.50,1.06
2012.09.04 01:23:06.895,1.2842,1.28442,1.10,1.81
2012.09.04 01:23:07.538,1.2842,1.28442,1.10,1.81
2012.09.04 01:23:11.536,1.2842,1.28442,1.10,1.43
2012.09.04 01:23:12.536,1.2842,1.28442,1.10,1.43
2012.09.04 01:23:13.248,1.28422,1.28443,1.10,1.50
2012.09.04 01:23:14.885,1.28414,1.28443,1.10,1.50
2012.09.04 01:23:15.075,1.2841,1.28443,1.50,1.50
2012.09.04 01:23:15.146,1.28405,1.28435,1.50,1.50
2012.09.04 01:23:15.215,1.28404,1.28435,2.25,1.50
2012.09.04 01:23:16.227,1.28404,1.28436,1.10,1.50
2012.09.04 01:23:20.126,1.28405,1.28436,1.85,1.50
2012.09.04 01:23:20.677,1.28423,1.28438,1.10,1.32
2012.09.04 01:23:21.145,1.28422,1.28438,1.10,1.32
2012.09.04 01:23:22.587,1.28423,1.28443,1.10,1.32
2012.09.04 01:23:22.777,1.28423,1.28444,1.10,2.18
2012.09.04 01:23:22.846,1.28423,1.28444,1.10,2.18
2012.09.04 01:23:23.736,1.28423,1.28443,1.10,1.13
2012.09.04 01:23:31.724,1.28423,1.28443,1.10,1.13
2012.09.04 01:23:34.010,1.28423,1.28443,1.10,1.13
2012.09.04 01:23:35.815,1.28423,1.28443,1.10,1.13
2012.09.04 01:23:36.726,1.28423,1.28444,1.10,1.43
2012.09.04 01:23:36.855,1.28423,1.28449,1.10,1.66
2012.09.04 01:23:36.986,1.28423,1.28449,1.10,1.43
2012.09.04 01:23:39.149,1.28423,1.28449,1.10,1.43
2012.09.04 01:23:39.230,1.28426,1.2846,1.10,1.66
2012.09.04 01:23:39.378,1.28427,1.28461,1.10,1.50
2012.09.04 01:23:39.459,1.28427,1.28462,1.85,2.56
2012.09.04 01:23:39.608,1.28427,1.2846,1.50,1.43
2012.09.04 01:23:39.753,1.28426,1.2846,1.10,1.43
2012.09.04 01:23:40.247,1.28427,1.28448,1.10,1.43
2012.09.04 01:23:40.448,1.28427,1.28451,1.10,1.43
2012.09.04 01:23:40.517,1.28427,1.28452,1.10,1.50
2012.09.04 01:23:40.777,1.28427,1.28457,1.85,1.50
2012.09.04 01:23:42.379,1.28427,1.2846,1.85,3.00
2012.09.04 01:23:43.611,1.28427,1.2846,1.85,1.50
2012.09.04 01:23:46.190,1.28424,1.2846,1.10,1.50
2012.09.04 01:23:46.945,1.28425,1.2846,1.10,1.50
2012.09.04 01:23:47.136,1.28429,1.28462,1.85,1.24
2012.09.04 01:23:47.387,1.28428,1.28462,1.10,1.43
2012.09.04 01:23:50.345,1.2843,1.28461,1.10,1.43
2012.09.04 01:23:53.085,1.2843,1.28464,1.10,1.43
2012.09.04 01:23:53.396,1.2843,1.2846,1.10,1.43
2012.09.04 01:23:53.886,1.28427,1.2846,1.10,1.50
2012.09.04 01:23:54.275,1.28421,1.2846,1.47,2.25
2012.09.04 01:23:55.584,1.28422,1.2846,1.13,1.50
2012.09.04 01:23:55.907,1.28429,1.28462,1.10,1.24
2012.09.04 01:23:55.976,1.28429,1.28464,1.10,1.50
2012.09.04 01:23:56.106,1.2843,1.28466,1.10,1.66
2012.09.04 01:23:56.556,1.2843,1.28466,1.10,1.43
2012.09.04 01:23:56.888,1.28431,1.28459,1.10,1.43
2012.09.04 01:23:56.957,1.28424,1.28459,1.66,1.43
2012.09.04 01:23:57.219,1.2843,1.28459,1.10,1.66
2012.09.04 01:23:57.357,1.28421,1.28459,1.66,1.66
2012.09.04 01:23:57.426,1.28421,1.28459,1.66,1.66
2012.09.04 01:23:57.557,1.28421,1.28459,1.66,1.66
2012.09.04 01:23:59.006,1.28424,1.28459,1.66,1.43
2012.09.04 01:24:01.656,1.28422,1.28462,2.41,1.81
2012.09.04 01:24:02.132,1.28421,1.2846,1.10,1.13
2012.09.04 01:24:02.355,1.28419,1.28458,1.32,1.50
2012.09.04 01:24:02.556,1.28421,1.28458,1.50,1.13
2012.09.04 01:24:03.698,1.28425,1.2846,1.10,1.06
2012.09.04 01:24:07.324,1.28427,1.28461,1.10,1.81
2012.09.04 01:24:07.394,1.28426,1.28461,1.10,1.81
2012.09.04 01:24:12.083,1.28426,1.28461,1.10,1.06
2012.09.04 01:24:12.394,1.28438,1.28461,1.10,1.06
2012.09.04 01:24:12.705,1.28442,1.28461,1.10,1.06
2012.09.04 01:24:14.685,1.28442,1.2846,1.10,1.62
2012.09.04 01:24:15.186,1.28442,1.28456,1.10,2.37
2012.09.04 01:24:16.125,1.28442,1.28456,1.10,2.37
2012.09.04 01:24:16.436,1.28422,1.28456,1.13,2.37
2012.09.04 01:24:16.625,1.28415,1.28456,2.25,2.37
2012.09.04 01:24:16.696,1.28431,1.28456,1.50,2.37
2012.09.04 01:24:17.007,1.28433,1.2846,1.50,1.32
2012.09.04 01:24:17.377,1.28438,1.2846,1.10,1.32
2012.09.04 01:24:18.195,1.28438,1.28462,1.10,1.81
2012.09.04 01:24:18.838,1.28443,1.28462,1.10,1.81
2012.09.04 01:24:19.446,1.28443,1.2846,1.10,1.50
2012.09.04 01:24:19.806,1.28438,1.28457,1.10,2.18
2012.09.04 01:24:20.365,1.2844,1.28457,1.10,2.18
2012.09.04 01:24:20.436,1.28423,1.28457,1.13,2.18
2012.09.04 01:24:20.505,1.28422,1.28457,2.25,2.18
2012.09.04 01:24:20.575,1.28422,1.28457,1.50,2.18
2012.09.04 01:24:20.706,1.2842,1.28457,1.50,2.18
2012.09.04 01:24:21.150,1.28419,1.28457,1.85,2.18
2012.09.04 01:24:21.476,1.28423,1.28452,1.10,1.43
2012.09.04 01:24:22.488,1.28423,1.28447,1.10,1.43
2012.09.04 01:24:22.827,1.28423,1.28444,1.10,2.07
2012.09.04 01:24:23.436,1.28422,1.28444,1.10,1.32
2012.09.04 01:24:25.157,1.28434,1.28448,1.10,1.32
2012.09.04 01:24:25.298,1.28433,1.28456,1.10,1.43
2012.09.04 01:24:25.366,1.28434,1.28461,1.10,2.18
2012.09.04 01:24:25.739,1.28434,1.28461,1.10,2.18
2012.09.04 01:24:26.066,1.28433,1.28454,1.10,1.43
2012.09.04 01:24:29.929,1.28433,1.28453,1.10,1.99
2012.09.04 01:24:30.397,1.28432,1.28452,1.10,1.43
2012.09.04 01:24:30.467,1.28434,1.28452,1.10,1.43
2012.09.04 01:24:30.993,1.28433,1.28451,1.10,1.50
2012.09.04 01:24:32.656,1.28432,1.28441,1.10,1.50
2012.09.04 01:24:33.187,1.28429,1.28443,1.10,1.13
2012.09.04 01:24:33.496,1.28436,1.28449,1.13,1.32
2012.09.04 01:24:33.568,1.28436,1.28467,1.13,1.43
2012.09.04 01:24:33.637,1.28437,1.28471,1.50,1.43
2012.09.04 01:24:33.778,1.28434,1.28468,1.10,1.50
2012.09.04 01:24:34.088,1.28442,1.28468,1.10,1.50
2012.09.04 01:24:34.637,1.28442,1.28468,1.10,1.43
2012.09.04 01:24:35.327,1.28442,1.28468,1.10,1.43
2012.09.04 01:24:36.706,1.28442,1.28468,1.10,2.18
2012.09.04 01:24:37.027,1.28442,1.28463,1.10,1.43
2012.09.04 01:24:38.627,1.28442,1.28463,1.10,1.43
2012.09.04 01:24:40.566,1.28437,1.28457,1.10,1.43
2012.09.04 01:24:40.757,1.28437,1.28459,1.10,1.24
2012.09.04 01:24:40.897,1.28437,1.28461,1.10,1.43
2012.09.04 01:24:41.407,1.28437,1.28461,1.10,1.43
2012.09.04 01:24:43.946,1.28437,1.28461,1.10,1.43
2012.09.04 01:24:44.466,1.28437,1.28461,1.10,1.43
2012.09.04 01:24:44.537,1.2844,1.28468,1.10,1.43
2012.09.04 01:24:44.607,1.28439,1.28469,1.10,1.50
2012.09.04 01:24:44.985,1.2844,1.28469,1.10,1.50
2012.09.04 01:24:45.237,1.2844,1.28468,1.10,1.43
2012.09.04 01:24:47.709,1.28441,1.28475,1.50,1.62
2012.09.04 01:24:49.497,1.28439,1.28476,1.10,1.06
2012.09.04 01:24:51.087,1.2844,1.28476,1.10,1.88
2012.09.04 01:24:51.395,1.28439,1.28469,1.10,1.50
2012.09.04 01:24:54.376,1.28439,1.28467,1.10,1.50
2012.09.04 01:24:54.686,1.28441,1.28463,1.10,1.50
2012.09.04 01:24:55.197,1.28441,1.28463,1.10,1.50
2012.09.04 01:24:55.757,1.28438,1.28458,1.10,1.50
2012.09.04 01:24:57.116,1.28435,1.28458,1.10,1.50
2012.09.04 01:24:57.848,1.28435,1.28458,1.10,1.50
2012.09.04 01:24:58.548,1.28435,1.28462,1.10,1.43
2012.09.04 01:24:58.616,1.28435,1.28463,1.10,3.31
2012.09.04 01:24:59.179,1.28435,1.28463,1.10,3.31
2012.09.04 01:25:01.336,1.28435,1.28462,1.10,1.43
2012.09.04 01:25:03.216,1.28435,1.28463,1.10,3.38
2012.09.04 01:25:05.846,1.28435,1.28462,1.10,1.50
2012.09.04 01:25:06.037,1.28435,1.28457,1.10,1.50
2012.09.04 01:25:06.646,1.28435,1.28456,1.10,2.25
2012.09.04 01:25:08.518,1.28435,1.28456,1.10,1.50
2012.09.04 01:25:08.588,1.28435,1.28463,1.10,1.13
2012.09.04 01:25:09.008,1.28438,1.28458,1.10,1.50
2012.09.04 01:25:10.796,1.28438,1.28458,1.10,1.50
2012.09.04 01:25:15.696,1.28438,1.28458,1.10,1.50
2012.09.04 01:25:16.908,1.28438,1.28458,1.10,1.50
2012.09.04 01:25:22.725,1.28427,1.28458,1.50,1.50
2012.09.04 01:25:22.814,1.28423,1.28458,2.07,2.25
2012.09.04 01:25:22.885,1.28421,1.28456,1.20,1.50
2012.09.04 01:25:23.196,1.28427,1.28457,1.50,1.69
2012.09.04 01:25:23.888,1.28435,1.28457,1.10,1.69
2012.09.04 01:25:24.875,1.28435,1.28458,1.10,2.07
2012.09.04 01:25:25.637,1.28435,1.28458,1.10,1.50
2012.09.04 01:25:29.095,1.28435,1.28461,1.10,1.13
2012.09.04 01:25:30.046,1.28423,1.28461,2.25,1.13
2012.09.04 01:25:30.116,1.28422,1.28461,1.69,1.13
2012.09.04 01:25:30.186,1.2842,1.28455,1.17,1.50
2012.09.04 01:25:30.316,1.2842,1.28454,1.17,1.13
2012.09.04 01:25:30.896,1.28419,1.28454,1.85,1.13
2012.09.04 01:25:32.385,1.28419,1.28454,1.10,1.13
2012.09.04 01:25:33.385,1.28424,1.28455,1.85,1.88
2012.09.04 01:25:33.906,1.28425,1.28455,1.10,1.50
2012.09.04 01:25:35.466,1.28425,1.28455,1.85,1.50
2012.09.04 01:25:35.537,1.28425,1.28461,1.50,1.50
2012.09.04 01:25:36.996,1.28432,1.28461,1.10,1.50
2012.09.04 01:25:39.657,1.28432,1.28463,1.47,1.43
2012.09.04 01:25:39.727,1.28435,1.28463,1.32,1.43
2012.09.04 01:25:40.057,1.28436,1.28466,1.50,1.88
2012.09.04 01:25:40.437,1.28435,1.28461,1.32,1.50
2012.09.04 01:25:40.749,1.28436,1.28461,1.50,1.50
2012.09.04 01:25:41.096,1.28436,1.28468,1.50,1.50
2012.09.04 01:25:42.163,1.2843,1.28467,1.88,1.50
2012.09.04 01:25:42.299,1.2843,1.28466,1.32,1.13
2012.09.04 01:25:42.428,1.2843,1.28462,1.10,1.50
2012.09.04 01:25:42.956,1.28423,1.28459,1.66,1.13
2012.09.04 01:25:43.506,1.28422,1.28459,2.41,1.13
2012.09.04 01:25:44.840,1.28422,1.28452,1.85,1.50
2012.09.04 01:25:45.510,1.28432,1.28452,1.10,1.50
2012.09.04 01:25:45.862,1.28433,1.28452,1.10,1.50
2012.09.04 01:25:45.942,1.28432,1.2846,1.47,1.50
2012.09.04 01:25:46.019,1.28438,1.28465,1.50,1.88
2012.09.04 01:25:46.347,1.28438,1.28465,1.10,1.88
2012.09.04 01:25:48.126,1.28432,1.28462,1.10,1.13
2012.09.04 01:25:48.327,1.28424,1.28459,1.85,1.50
2012.09.04 01:25:48.457,1.28432,1.28459,1.10,1.50
2012.09.04 01:25:52.074,1.28432,1.28459,1.10,2.25
2012.09.04 01:25:53.007,1.2842,1.28452,1.10,1.50
2012.09.04 01:25:54.124,1.28421,1.28452,1.10,1.50
2012.09.04 01:25:54.826,1.2842,1.2846,2.60,2.07
2012.09.04 01:25:54.896,1.2842,1.2846,2.60,1.50
2012.09.04 01:25:55.028,1.28428,1.2846,1.10,1.50
2012.09.04 01:25:55.556,1.28431,1.2846,1.10,1.50
2012.09.04 01:25:57.589,1.28431,1.2846,1.10,1.50
2012.09.04 01:25:58.222,1.28431,1.2846,1.10,1.50
2012.09.04 01:25:58.765,1.28431,1.2846,1.10,1.50
2012.09.04 01:25:59.525,1.28431,1.2846,1.10,1.50
2012.09.04 01:26:00.347,1.28431,1.2846,1.10,1.50
2012.09.04 01:26:00.666,1.28428,1.2846,1.66,2.63
2012.09.04 01:26:07.207,1.28428,1.2846,1.10,1.13
2012.09.04 01:26:07.646,1.28431,1.28463,1.10,1.43
2012.09.04 01:26:07.897,1.28431,1.28465,1.10,1.50
2012.09.04 01:26:08.399,1.28431,1.28465,1.10,1.50
2012.09.04 01:26:09.089,1.28431,1.28465,1.10,1.50
2012.09.04 01:26:09.936,1.28431,1.28465,1.10,1.88
2012.09.04 01:26:10.375,1.28429,1.28463,1.10,1.81
2012.09.04 01:26:20.014,1.28429,1.28463,1.10,1.81
2012.09.04 01:26:29.999,1.28428,1.2846,1.10,2.25
2012.09.04 01:26:40.236,1.28428,1.2846,1.10,1.50
2012.09.04 01:26:40.555,1.28428,1.28455,1.10,1.50
2012.09.04 01:26:45.696,1.28428,1.28455,1.10,1.50
2012.09.04 01:26:48.769,1.28428,1.28455,1.10,1.50
2012.09.04 01:26:50.229,1.28428,1.28455,1.10,1.50
2012.09.04 01:26:50.979,1.28428,1.28455,1.10,1.50
2012.09.04 01:26:52.201,1.28428,1.28455,1.10,1.50
2012.09.04 01:26:57.355,1.28418,1.28455,1.85,1.50
2012.09.04 01:26:57.876,1.28418,1.28455,1.85,1.50
2012.09.04 01:26:58.427,1.28424,1.28458,1.10,1.32
2012.09.04 01:26:58.976,1.28424,1.28458,1.10,1.32
2012.09.04 01:26:59.987,1.28424,1.28458,1.10,1.32
2012.09.04 01:27:00.527,1.28424,1.28462,1.10,1.81
2012.09.04 01:27:01.068,1.28431,1.28463,1.10,2.25
2012.09.04 01:27:01.637,1.28431,1.28465,1.10,2.07
2012.09.04 01:27:01.885,1.28428,1.28465,1.10,2.25
2012.09.04 01:27:02.769,1.28428,1.2846,1.10,1.43
2012.09.04 01:27:02.977,1.28428,1.28462,1.10,1.50
2012.09.04 01:27:03.687,1.28428,1.28462,1.10,1.50
2012.09.04 01:27:04.319,1.28428,1.28462,1.10,1.50
2012.09.04 01:27:05.776,1.28427,1.28462,1.10,1.50
2012.09.04 01:27:06.495,1.28427,1.28462,1.10,1.50
2012.09.04 01:27:10.075,1.28427,1.28462,1.10,1.50
2012.09.04 01:27:11.968,1.28427,1.28462,1.10,1.50
2012.09.04 01:27:12.526,1.28427,1.28462,1.10,1.50
2012.09.04 01:27:12.822,1.28427,1.28462,1.47,1.50
2012.09.04 01:27:13.570,1.2843,1.28465,1.10,2.25
2012.09.04 01:27:13.653,1.28432,1.28465,1.32,1.50
2012.09.04 01:27:20.687,1.28436,1.28463,1.10,1.50
2012.09.04 01:27:21.009,1.28432,1.2846,1.66,1.50
2012.09.04 01:27:22.164,1.28432,1.2846,1.66,1.50
2012.09.04 01:27:22.908,1.28432,1.2846,1.10,2.18
2012.09.04 01:27:25.669,1.28432,1.28456,1.10,1.88
2012.09.04 01:27:26.196,1.28432,1.28453,1.10,2.25
2012.09.04 01:27:26.961,1.28432,1.28453,1.10,2.25
2012.09.04 01:27:27.313,1.28427,1.28438,1.10,1.13
2012.09.04 01:27:27.530,1.28425,1.28452,1.10,1.35
2012.09.04 01:27:27.611,1.28425,1.28449,1.10,1.50
2012.09.04 01:27:27.687,1.28425,1.28452,1.10,1.88
2012.09.04 01:27:28.243,1.28425,1.28452,1.10,1.88
2012.09.04 01:27:28.508,1.28422,1.28452,1.10,1.88
2012.09.04 01:27:28.849,1.28426,1.28452,1.10,1.13
2012.09.04 01:27:29.048,1.28428,1.2846,1.10,1.24
2012.09.04 01:27:29.978,1.28427,1.28461,1.85,1.43
2012.09.04 01:27:30.110,1.28428,1.28464,1.10,3.00
2012.09.04 01:27:30.428,1.2844,1.28461,1.10,1.50
2012.09.04 01:27:30.498,1.28427,1.2846,1.10,1.43
2012.09.04 01:27:30.569,1.28422,1.28451,1.66,1.13
2012.09.04 01:27:30.698,1.28427,1.28454,1.10,1.13
2012.09.04 01:27:30.769,1.28427,1.28454,1.10,1.13
2012.09.04 01:27:30.906,1.28427,1.28459,1.10,2.25
2012.09.04 01:27:30.978,1.28427,1.28459,1.10,2.25
2012.09.04 01:27:31.118,1.28427,1.28462,1.10,2.18
2012.09.04 01:27:31.189,1.2843,1.28463,1.10,1.13
2012.09.04 01:27:31.258,1.28432,1.28466,2.25,2.85
2012.09.04 01:27:31.577,1.28444,1.28463,1.10,1.13
2012.09.04 01:27:31.647,1.28444,1.28465,1.10,1.28
2012.09.04 01:27:31.717,1.28443,1.28466,1.10,2.10
2012.09.04 01:27:31.846,1.28443,1.28463,1.10,1.13
2012.09.04 01:27:32.157,1.28443,1.28465,1.10,1.28
2012.09.04 01:27:32.287,1.28443,1.28466,1.10,1.73
2012.09.04 01:27:32.358,1.28444,1.28466,1.10,1.50
2012.09.04 01:27:32.427,1.28444,1.28466,1.10,2.25
2012.09.04 01:27:32.746,1.28443,1.28469,1.10,1.32
2012.09.04 01:27:32.817,1.28443,1.28467,1.10,1.50
2012.09.04 01:27:32.947,1.28443,1.28467,1.10,1.50
2012.09.04 01:27:33.138,1.28443,1.2847,1.10,1.13
2012.09.04 01:27:33.266,1.28443,1.2847,1.10,1.13
2012.09.04 01:27:33.398,1.28444,1.28467,1.10,1.50
2012.09.04 01:27:33.597,1.28443,1.2847,1.10,1.81
2012.09.04 01:27:33.728,1.28442,1.2847,1.10,1.81
2012.09.04 01:27:33.926,1.28443,1.2847,1.10,1.13
2012.09.04 01:27:36.050,1.28443,1.28475,1.10,1.88
2012.09.04 01:27:36.486,1.28444,1.28475,1.10,1.88
2012.09.04 01:27:36.816,1.28443,1.28475,1.10,1.88
2012.09.04 01:27:37.006,1.28444,1.28475,1.10,1.88
2012.09.04 01:27:38.786,1.28441,1.28475,1.10,2.56
2012.09.04 01:27:38.857,1.28441,1.28475,1.10,2.56
2012.09.04 01:27:38.930,1.28434,1.28467,1.32,1.13
2012.09.04 01:27:39.268,1.28432,1.28467,1.50,1.88
2012.09.04 01:27:39.807,1.28445,1.28467,1.10,1.13
2012.09.04 01:27:40.018,1.28444,1.28467,1.10,1.13
2012.09.04 01:27:40.268,1.28444,1.28476,1.10,1.50
2012.09.04 01:27:41.617,1.28445,1.28476,1.10,2.25
2012.09.04 01:27:41.952,1.28444,1.28468,1.10,2.10
2012.09.04 01:27:42.158,1.28444,1.28468,1.10,1.50
2012.09.04 01:27:42.368,1.28445,1.28475,1.85,1.50
2012.09.04 01:27:42.437,1.28445,1.28468,1.10,1.13
2012.09.04 01:27:42.687,1.28445,1.28474,1.10,1.66
2012.09.04 01:27:43.277,1.28444,1.28467,1.10,1.50
2012.09.04 01:27:43.486,1.28444,1.28464,1.10,1.43
2012.09.04 01:27:43.917,1.28444,1.28467,1.10,1.50
2012.09.04 01:27:44.247,1.28445,1.28471,1.10,2.74
2012.09.04 01:27:45.726,1.28445,1.2847,1.10,1.43
2012.09.04 01:27:46.968,1.28444,1.28469,1.10,1.06
2012.09.04 01:27:47.039,1.28444,1.28468,1.10,1.13
2012.09.04 01:27:47.167,1.28441,1.28465,1.10,2.18
2012.09.04 01:27:47.610,1.28445,1.28465,1.10,1.50
2012.09.04 01:27:47.679,1.28445,1.28479,1.10,3.00
2012.09.04 01:27:47.806,1.28444,1.28473,1.10,1.43
2012.09.04 01:27:52.616,1.28449,1.28468,1.10,1.13
2012.09.04 01:27:52.746,1.28448,1.28468,1.10,1.69
2012.09.04 01:27:53.056,1.28448,1.28466,1.10,1.50
2012.09.04 01:27:53.557,1.28448,1.28466,1.10,1.50
2012.09.04 01:27:54.428,1.28448,1.28465,1.10,1.13
2012.09.04 01:27:55.346,1.28445,1.28466,1.10,1.81
2012.09.04 01:27:55.727,1.28442,1.28466,1.10,1.13
2012.09.04 01:27:56.271,1.2844,1.28466,1.50,2.18
2012.09.04 01:27:56.352,1.2844,1.28467,1.50,1.43
2012.09.04 01:27:56.489,1.28439,1.28468,1.10,1.32
2012.09.04 01:27:56.750,1.2844,1.28468,1.10,1.32
2012.09.04 01:27:56.828,1.28442,1.28478,2.25,1.50
2012.09.04 01:27:56.898,1.28442,1.28476,1.50,1.50
2012.09.04 01:27:57.216,1.28442,1.28478,2.25,1.73
2012.09.04 01:27:57.363,1.28442,1.28477,1.50,1.50
2012.09.04 01:27:57.707,1.28443,1.28476,1.50,1.13
2012.09.04 01:27:57.897,1.28442,1.28473,1.50,1.13
2012.09.04 01:27:58.222,1.28442,1.28477,1.50,3.94
2012.09.04 01:27:58.417,1.28439,1.28473,1.10,1.13
2012.09.04 01:28:04.368,1.2844,1.2847,1.10,1.88
2012.09.04 01:28:04.698,1.28439,1.28464,1.10,1.50
2012.09.04 01:28:07.927,1.28439,1.28466,1.10,1.32
2012.09.04 01:28:07.999,1.28439,1.28467,1.10,1.24
2012.09.04 01:28:08.067,1.2844,1.28468,1.10,2.25
2012.09.04 01:28:08.747,1.28441,1.28468,1.10,2.25
2012.09.04 01:28:08.817,1.2844,1.2846,1.10,1.43
2012.09.04 01:28:08.886,1.2844,1.28463,1.10,1.66
2012.09.04 01:28:09.018,1.28441,1.28463,1.10,1.66
2012.09.04 01:28:09.227,1.28441,1.28465,1.10,1.43
2012.09.04 01:28:09.418,1.28436,1.28462,1.10,1.32
2012.09.04 01:28:09.489,1.2844,1.28462,1.10,1.32
2012.09.04 01:28:09.830,1.28431,1.28457,1.10,1.13
2012.09.04 01:28:09.957,1.28431,1.28457,1.10,1.13
2012.09.04 01:28:10.478,1.28429,1.28462,1.10,1.32
2012.09.04 01:28:11.023,1.28429,1.2846,1.85,1.50
2012.09.04 01:28:12.116,1.28429,1.2846,1.50,1.50
2012.09.04 01:28:12.190,1.28429,1.28452,1.50,1.13
2012.09.04 01:28:12.527,1.28428,1.28451,1.10,1.50
2012.09.04 01:28:15.876,1.28436,1.28451,1.10,2.93
2012.09.04 01:28:16.009,1.28422,1.28443,1.50,1.13
2012.09.04 01:28:16.137,1.28424,1.28447,1.10,1.28
2012.09.04 01:28:16.517,1.28419,1.28451,2.25,2.07
2012.09.04 01:28:16.716,1.28422,1.28451,2.25,2.07
2012.09.04 01:28:17.057,1.28422,1.28451,2.25,2.07
2012.09.04 01:28:17.698,1.28429,1.28458,1.50,1.73
2012.09.04 01:28:17.837,1.28429,1.28458,1.50,1.50
2012.09.04 01:28:21.568,1.28429,1.28455,1.50,1.13
2012.09.04 01:28:21.939,1.28423,1.28454,2.25,1.50
2012.09.04 01:28:23.813,1.28423,1.28454,2.25,1.50
2012.09.04 01:28:27.907,1.28423,1.28452,2.25,1.50
2012.09.04 01:28:28.118,1.28417,1.28449,2.25,1.32
2012.09.04 01:28:28.699,1.28422,1.28442,2.25,1.06
2012.09.04 01:28:29.048,1.28422,1.28438,1.50,1.35
2012.09.04 01:28:29.397,1.28419,1.28448,1.85,1.43
2012.09.04 01:28:29.526,1.28419,1.28448,1.85,1.43
2012.09.04 01:28:29.599,1.28419,1.28448,1.85,1.43
2012.09.04 01:28:29.667,1.28419,1.28448,1.85,1.43
2012.09.04 01:28:30.253,1.28419,1.28439,1.10,1.69
2012.09.04 01:28:30.813,1.28412,1.28439,1.85,1.69
2012.09.04 01:28:31.006,1.28412,1.28445,1.85,2.78
2012.09.04 01:28:31.537,1.28415,1.28445,1.10,2.56
2012.09.04 01:28:32.238,1.28415,1.28445,1.10,2.56
2012.09.04 01:28:32.848,1.28415,1.28445,1.10,2.56
2012.09.04 01:28:33.963,1.28415,1.28445,1.10,2.56
2012.09.04 01:28:34.827,1.28415,1.28445,1.10,2.56
2012.09.04 01:28:34.895,1.28415,1.28445,1.10,1.81
2012.09.04 01:28:36.969,1.28418,1.28448,1.10,1.32
2012.09.04 01:28:37.098,1.28418,1.2845,1.10,1.43
2012.09.04 01:28:38.376,1.28416,1.2845,1.10,2.93
2012.09.04 01:28:40.938,1.28416,1.28442,1.10,1.50
2012.09.04 01:28:41.126,1.28414,1.28443,1.10,1.13
2012.09.04 01:28:41.257,1.28416,1.28444,1.10,1.32
2012.09.04 01:28:41.818,1.28417,1.28444,1.10,1.32
2012.09.04 01:28:42.353,1.28419,1.28449,1.50,1.32
2012.09.04 01:28:42.856,1.28419,1.28451,1.50,1.43
2012.09.04 01:28:42.929,1.28419,1.28457,2.25,1.88
2012.09.04 01:28:45.061,1.28419,1.28457,2.25,1.88
2012.09.04 01:28:45.779,1.28419,1.28457,2.25,1.88
2012.09.04 01:28:46.478,1.28419,1.28457,2.25,1.88
2012.09.04 01:28:47.187,1.28419,1.28457,2.25,1.88
2012.09.04 01:28:50.146,1.2842,1.28457,1.10,1.13
2012.09.04 01:28:50.657,1.2842,1.28458,1.47,1.50
2012.09.04 01:28:50.917,1.28424,1.28461,1.05,2.82
2012.09.04 01:28:51.426,1.28428,1.28454,1.10,1.13
2012.09.04 01:28:51.686,1.28419,1.28454,1.85,1.13
2012.09.04 01:28:51.872,1.28419,1.28454,1.50,1.13
2012.09.04 01:28:55.436,1.28418,1.28451,1.10,1.13
2012.09.04 01:28:55.796,1.28416,1.28448,1.10,1.81
2012.09.04 01:28:56.396,1.28413,1.28447,1.10,1.43
2012.09.04 01:29:00.177,1.2841,1.28447,1.10,1.43
2012.09.04 01:29:01.757,1.2841,1.28447,1.10,1.43
2012.09.04 01:29:05.975,1.2841,1.28447,1.10,1.43
2012.09.04 01:29:06.106,1.2841,1.28444,1.10,1.43
2012.09.04 01:29:06.417,1.28409,1.28442,1.10,1.81
2012.09.04 01:29:07.407,1.28409,1.28439,1.10,1.69
2012.09.04 01:29:07.725,1.28404,1.28436,1.10,1.69
2012.09.04 01:29:07.976,1.28408,1.28438,1.10,1.69
2012.09.04 01:29:08.166,1.28411,1.28436,1.10,1.69
2012.09.04 01:29:10.036,1.28411,1.28436,1.10,1.69
2012.09.04 01:29:15.849,1.28408,1.28436,1.10,1.69
2012.09.04 01:29:15.976,1.28411,1.28436,1.10,1.69
2012.09.04 01:29:21.484,1.28403,1.28436,1.50,1.69
2012.09.04 01:29:22.135,1.28403,1.28436,1.50,1.69
2012.09.04 01:29:25.442,1.28404,1.28438,1.50,3.49
2012.09.04 01:29:25.517,1.28404,1.28438,1.50,2.82
2012.09.04 01:29:25.656,1.28404,1.28441,1.50,1.13
2012.09.04 01:29:41.368,1.2841,1.28442,1.13,1.32
2012.09.04 01:29:41.615,1.28413,1.28454,1.20,1.50
2012.09.04 01:29:41.985,1.28416,1.28456,1.50,1.50
2012.09.04 01:29:42.569,1.28416,1.2846,1.50,1.69
2012.09.04 01:29:42.896,1.28419,1.28461,1.13,2.18
2012.09.04 01:29:42.966,1.28419,1.28466,1.20,1.50
2012.09.04 01:29:43.889,1.28418,1.28464,1.58,1.13
2012.09.04 01:29:43.956,1.28418,1.28461,1.58,1.13
2012.09.04 01:29:47.174,1.28418,1.28458,1.50,1.06
2012.09.04 01:29:47.516,1.28415,1.28457,1.50,1.43
2012.09.04 01:29:48.495,1.28407,1.28455,1.58,1.44
2012.09.04 01:29:50.685,1.28406,1.28453,1.58,1.43
2012.09.04 01:29:51.006,1.28397,1.28441,1.50,1.43
2012.09.04 01:29:51.740,1.28397,1.28441,1.50,1.43
2012.09.04 01:29:52.536,1.28403,1.28447,1.50,1.43
2012.09.04 01:29:53.611,1.28403,1.28447,1.50,1.43
2012.09.04 01:29:53.967,1.28403,1.28447,1.50,1.43
2012.09.04 01:29:55.708,1.28399,1.28447,1.50,1.43
2012.09.04 01:29:55.954,1.28399,1.28447,1.50,1.43
2012.09.04 01:29:56.975,1.28399,1.28465,1.50,1.43
2012.09.04 01:29:57.046,1.28399,1.28466,1.50,2.21
2012.09.04 01:29:57.114,1.28399,1.28466,1.58,2.21
2012.09.04 01:29:57.186,1.2839,1.28461,1.58,1.43
2012.09.04 01:29:57.317,1.2839,1.28453,1.58,1.43
2012.09.04 01:29:57.385,1.2839,1.28453,1.58,1.43
2012.09.04 01:29:57.515,1.28398,1.28458,1.58,1.43
2012.09.04 01:29:57.645,1.28398,1.28458,1.50,1.43
2012.09.04 01:29:57.954,1.28398,1.28458,1.50,1.43
2012.09.04 01:29:58.525,1.28382,1.28448,1.58,1.43
2012.09.04 01:29:59.047,1.28382,1.28471,1.50,2.25
2012.09.04 01:30:03.226,1.28382,1.28448,1.58,1.43
2012.09.04 01:30:06.836,1.28382,1.28448,1.58,1.43
2012.09.04 01:30:06.967,1.28378,1.2844,1.58,1.43
2012.09.04 01:30:07.094,1.28378,1.2844,1.58,1.43
2012.09.04 01:30:07.801,1.28378,1.2844,1.58,1.43
2012.09.04 01:30:08.645,1.28377,1.28441,1.58,1.43
2012.09.04 01:30:08.835,1.28377,1.28441,1.58,1.43
2012.09.04 01:30:08.965,1.28377,1.28441,1.58,1.43
2012.09.04 01:30:09.097,1.28385,1.28446,1.50,1.43
2012.09.04 01:30:09.780,1.28378,1.28441,1.58,1.43
2012.09.04 01:30:13.015,1.28379,1.28439,1.58,1.43
2012.09.04 01:30:13.973,1.28379,1.28439,1.58,1.43
2012.09.04 01:30:14.279,1.284,1.28439,1.10,1.43
2012.09.04 01:30:14.583,1.28409,1.2847,1.17,2.25
2012.09.04 01:30:14.662,1.28407,1.28475,1.58,1.43
2012.09.04 01:30:14.737,1.28407,1.28473,1.58,1.43
2012.09.04 01:30:14.926,1.2841,1.28471,1.58,1.06
2012.09.04 01:30:15.117,1.2841,1.28467,1.58,1.43
2012.09.04 01:30:15.186,1.28406,1.28467,1.58,1.43
2012.09.04 01:30:15.447,1.28406,1.28458,1.58,1.43
2012.09.04 01:30:15.667,1.28406,1.28458,1.58,1.43
2012.09.04 01:30:16.196,1.28407,1.28453,1.50,1.43
2012.09.04 01:30:16.507,1.28393,1.28443,2.33,1.43
2012.09.04 01:30:16.578,1.28405,1.28443,1.50,1.43
2012.09.04 01:30:16.649,1.28405,1.2844,1.50,1.43
2012.09.04 01:30:16.966,1.28387,1.28429,1.50,1.43
2012.09.04 01:30:17.095,1.28387,1.28433,1.50,1.43
2012.09.04 01:30:17.286,1.28391,1.28441,1.50,1.43
2012.09.04 01:30:17.356,1.28391,1.28441,1.58,1.43
2012.09.04 01:30:17.666,1.28396,1.28448,1.50,1.43
2012.09.04 01:30:17.735,1.28393,1.2844,1.50,1.43
2012.09.04 01:30:18.272,1.28386,1.28439,1.58,1.43
2012.09.04 01:30:18.466,1.2838,1.28435,1.58,1.43
2012.09.04 01:30:18.536,1.2838,1.28427,1.50,1.43
2012.09.04 01:30:18.907,1.28375,1.28423,1.95,1.43
2012.09.04 01:30:19.217,1.28383,1.2843,1.50,1.43
2012.09.04 01:30:19.756,1.28381,1.28424,1.50,1.43
2012.09.04 01:30:19.825,1.28381,1.28424,1.50,1.43
2012.09.04 01:30:20.375,1.28386,1.28424,1.13,1.43
2012.09.04 01:30:20.686,1.28393,1.28436,1.50,1.43
2012.09.04 01:30:21.236,1.28395,1.28434,1.50,1.43
2012.09.04 01:30:21.548,1.28386,1.28418,1.50,1.43
2012.09.04 01:30:21.617,1.28391,1.28422,1.50,1.06
2012.09.04 01:30:21.805,1.28386,1.28423,1.50,1.06
2012.09.04 01:30:22.226,1.28386,1.2843,1.50,2.18
2012.09.04 01:30:22.296,1.28386,1.2843,1.50,1.43
2012.09.04 01:30:23.016,1.28386,1.2843,1.50,1.43
2012.09.04 01:30:23.086,1.28386,1.28426,1.50,1.43
2012.09.04 01:30:23.276,1.28386,1.2843,1.50,1.43
2012.09.04 01:30:24.936,1.28389,1.28434,1.13,1.43
2012.09.04 01:30:25.127,1.28389,1.28434,1.13,1.43
2012.09.04 01:30:26.018,1.28393,1.28439,1.50,1.43
2012.09.04 01:30:26.217,1.28393,1.28435,1.50,1.81
2012.09.04 01:30:26.355,1.28393,1.28434,1.50,1.43
2012.09.04 01:30:26.896,1.28393,1.28434,1.88,1.43
2012.09.04 01:30:27.208,1.28396,1.28438,1.13,1.43
2012.09.04 01:30:27.515,1.28397,1.28443,1.58,1.43
2012.09.04 01:30:27.775,1.28397,1.28441,1.50,1.43
2012.09.04 01:30:28.085,1.28398,1.28439,1.13,1.43
2012.09.04 01:30:28.345,1.28403,1.28442,1.50,1.43
2012.09.04 01:30:29.316,1.28403,1.28442,1.50,1.43
2012.09.04 01:30:32.666,1.28405,1.28442,1.50,1.43
2012.09.04 01:30:32.858,1.28415,1.2845,1.13,1.50
2012.09.04 01:30:33.047,1.28415,1.28451,1.13,2.07
2012.09.04 01:30:33.177,1.28415,1.2845,1.13,1.43
2012.09.04 01:30:33.250,1.28415,1.2845,1.13,1.43
2012.09.04 01:30:33.330,1.28415,1.28448,1.13,1.43
2012.09.04 01:30:33.655,1.28415,1.28453,1.13,2.25
2012.09.04 01:30:37.928,1.28421,1.28453,1.50,2.25
2012.09.04 01:30:38.246,1.28421,1.28453,1.32,1.43
2012.09.04 01:30:38.318,1.28421,1.28453,1.32,1.43
2012.09.04 01:30:38.583,1.28421,1.28454,1.32,1.43
2012.09.04 01:30:39.117,1.28421,1.28458,2.07,1.43
2012.09.04 01:30:39.378,1.28421,1.28458,2.07,1.43
2012.09.04 01:30:40.386,1.28421,1.28459,2.07,2.18
2012.09.04 01:30:41.686,1.28426,1.28458,1.32,1.50
2012.09.04 01:30:42.007,1.28427,1.28458,1.50,1.50
2012.09.04 01:30:42.268,1.28427,1.28458,1.50,1.50
2012.09.04 01:30:43.488,1.28422,1.28462,1.50,2.25
2012.09.04 01:30:43.679,1.28422,1.28459,1.50,2.25
2012.09.04 01:30:46.667,1.28424,1.28459,1.50,2.25
2012.09.04 01:30:47.026,1.28427,1.28459,1.50,1.50
2012.09.04 01:30:47.276,1.28427,1.28465,1.50,1.43
2012.09.04 01:30:47.406,1.28427,1.28466,1.50,1.43
2012.09.04 01:30:47.855,1.28427,1.28465,1.50,1.43
2012.09.04 01:30:48.237,1.28426,1.2846,1.32,1.50
2012.09.04 01:30:48.310,1.28421,1.2846,2.07,1.50
2012.09.04 01:30:51.446,1.28421,1.28458,1.32,1.43
2012.09.04 01:30:56.185,1.28414,1.28458,2.25,1.43
2012.09.04 01:30:58.277,1.28414,1.28458,1.50,1.43
2012.09.04 01:31:03.026,1.28414,1.28458,1.50,1.43
2012.09.04 01:31:10.957,1.28406,1.28452,2.25,1.06
2012.09.04 01:31:11.026,1.28406,1.2845,2.25,1.43
2012.09.04 01:31:11.382,1.2841,1.28446,1.50,2.25
2012.09.04 01:31:12.707,1.2841,1.28448,1.50,2.25
2012.09.04 01:31:13.057,1.28411,1.28453,1.50,1.13
2012.09.04 01:31:13.509,1.28407,1.28447,3.00,1.43
2012.09.04 01:31:13.738,1.2841,1.28451,1.50,1.43
2012.09.04 01:31:14.297,1.28416,1.28453,1.50,1.13
2012.09.04 01:31:14.838,1.28416,1.28453,1.50,1.13
2012.09.04 01:31:16.136,1.28416,1.28452,1.50,1.13
2012.09.04 01:31:17.799,1.2841,1.28452,1.50,1.13
2012.09.04 01:31:19.655,1.2841,1.28452,1.50,1.13
2012.09.04 01:31:25.192,1.2841,1.28452,1.50,1.13
2012.09.04 01:31:25.326,1.2841,1.28454,1.50,1.43
2012.09.04 01:31:25.627,1.2841,1.28454,1.50,1.43
2012.09.04 01:31:27.248,1.2841,1.28451,1.50,1.13
2012.09.04 01:31:27.557,1.28407,1.28429,1.10,1.43
2012.09.04 01:31:27.749,1.28407,1.28437,1.10,1.43
2012.09.04 01:31:27.820,1.28407,1.28437,1.10,1.43
2012.09.04 01:31:28.107,1.28397,1.28437,3.00,1.43
2012.09.04 01:31:31.628,1.28397,1.28437,3.00,1.43
2012.09.04 01:31:32.436,1.28397,1.28437,3.00,1.43
2012.09.04 01:31:33.009,1.28397,1.28437,3.00,1.43
2012.09.04 01:31:33.197,1.28397,1.28434,2.25,1.43
2012.09.04 01:31:33.732,1.28427,1.28436,1.13,1.43
2012.09.04 01:31:33.877,1.28428,1.2845,1.13,1.73
2012.09.04 01:31:34.018,1.2842,1.28457,2.48,1.50
2012.09.04 01:31:34.087,1.2842,1.28455,2.25,1.13
2012.09.04 01:31:34.159,1.2842,1.28455,1.50,1.13
2012.09.04 01:31:34.347,1.2842,1.28449,1.50,1.50
2012.09.04 01:31:34.537,1.28409,1.28446,1.32,1.43
2012.09.04 01:31:35.066,1.28411,1.28449,1.50,1.32
2012.09.04 01:31:35.646,1.2841,1.28446,1.10,1.32
2012.09.04 01:31:35.778,1.28408,1.28446,1.50,1.50
2012.09.04 01:31:36.131,1.28402,1.28446,3.35,2.18
2012.09.04 01:31:36.917,1.28415,1.28446,1.50,1.43
2012.09.04 01:31:37.127,1.28413,1.28449,1.47,1.50
2012.09.04 01:31:37.709,1.28417,1.28448,1.32,1.43
2012.09.04 01:31:46.687,1.28417,1.28449,1.32,1.43
2012.09.04 01:31:46.877,1.28414,1.2845,1.50,3.68
2012.09.04 01:31:53.448,1.28411,1.28449,1.10,2.25
2012.09.04 01:31:53.997,1.28411,1.28446,1.10,2.25
2012.09.04 01:31:54.307,1.28411,1.28442,1.10,1.43
2012.09.04 01:31:55.492,1.28405,1.2844,1.13,1.50
2012.09.04 01:31:57.416,1.28403,1.28441,1.50,1.32
2012.09.04 01:31:59.621,1.28406,1.28444,1.50,1.43
2012.09.04 01:32:00.008,1.28408,1.28445,1.10,3.68
2012.09.04 01:32:00.387,1.28407,1.28444,1.10,1.43
2012.09.04 01:32:06.095,1.28409,1.28444,1.50,2.93
2012.09.04 01:32:06.166,1.28409,1.28444,2.07,2.18
2012.09.04 01:32:06.546,1.28409,1.28447,2.07,1.50
2012.09.04 01:32:09.986,1.28409,1.28447,1.32,3.00
2012.09.04 01:32:10.808,1.28411,1.28446,1.32,2.63
2012.09.04 01:32:13.815,1.28411,1.28446,1.32,2.63
2012.09.04 01:32:18.225,1.28411,1.28446,1.32,2.63
2012.09.04 01:32:19.071,1.28411,1.28446,1.32,2.63
2012.09.04 01:32:19.396,1.28411,1.28446,1.54,1.13
2012.09.04 01:32:19.967,1.28411,1.28446,1.54,1.13
2012.09.04 01:32:20.307,1.28411,1.28445,1.54,1.13
2012.09.04 01:32:24.649,1.28416,1.28446,1.32,1.13
2012.09.04 01:32:28.245,1.28416,1.28446,1.32,2.63
2012.09.04 01:32:30.139,1.28416,1.28446,1.32,2.25
2012.09.04 01:32:31.197,1.28416,1.28446,1.32,2.25
2012.09.04 01:32:31.517,1.28417,1.28446,1.50,2.25
2012.09.04 01:32:31.826,1.28422,1.28449,1.50,1.88
2012.09.04 01:32:31.898,1.28417,1.28449,1.80,1.88
2012.09.04 01:32:32.598,1.28417,1.28449,1.50,1.88
2012.09.04 01:32:33.167,1.28426,1.28449,1.50,1.88
2012.09.04 01:32:33.297,1.28428,1.28449,1.32,1.88
2012.09.04 01:32:33.958,1.28428,1.28449,1.32,1.88
2012.09.04 01:32:34.477,1.28428,1.28449,1.32,1.88
2012.09.04 01:32:34.698,1.28422,1.28449,1.32,1.88
2012.09.04 01:32:35.617,1.28422,1.28449,1.32,1.88
2012.09.04 01:32:36.288,1.28422,1.28449,1.32,1.88
2012.09.04 01:32:39.358,1.28422,1.28449,1.32,1.50
2012.09.04 01:32:39.502,1.28422,1.28449,1.32,1.50
2012.09.04 01:32:40.049,1.28428,1.28452,1.32,1.88
2012.09.04 01:32:40.122,1.28428,1.28452,1.32,1.88
2012.09.04 01:32:40.507,1.28431,1.28453,1.13,1.50
2012.09.04 01:32:41.028,1.28431,1.28453,1.88,1.50
2012.09.04 01:32:41.548,1.28407,1.28447,1.32,2.25
2012.09.04 01:32:41.679,1.28407,1.28447,1.32,2.25
2012.09.04 01:32:41.877,1.28404,1.28446,1.32,1.50
2012.09.04 01:32:42.067,1.28402,1.28439,2.33,2.25
2012.09.04 01:32:42.197,1.28402,1.28439,1.50,2.25
2012.09.04 01:32:42.677,1.28398,1.28438,2.07,1.13
2012.09.04 01:32:42.807,1.28398,1.28437,2.07,1.13
2012.09.04 01:32:45.237,1.28399,1.28438,1.50,1.50
2012.09.04 01:32:47.816,1.28399,1.28438,1.50,1.50
2012.09.04 01:32:48.508,1.28399,1.28438,1.50,1.50
2012.09.04 01:32:50.468,1.28399,1.28438,1.50,1.50
2012.09.04 01:32:50.780,1.28405,1.28443,1.58,1.32
2012.09.04 01:32:52.237,1.28408,1.28443,2.33,1.32
2012.09.04 01:32:53.226,1.28408,1.28443,2.33,1.32
2012.09.04 01:32:55.398,1.28405,1.28443,1.58,1.50
2012.09.04 01:32:55.526,1.28405,1.28443,1.58,1.50
2012.09.04 01:32:55.838,1.28405,1.28443,1.58,1.50
2012.09.04 01:33:02.375,1.28405,1.28443,1.58,1.50
2012.09.04 01:33:05.616,1.28405,1.28443,1.85,1.50
2012.09.04 01:33:06.327,1.28405,1.28443,1.50,1.50
2012.09.04 01:33:06.779,1.28406,1.28443,1.50,1.50
2012.09.04 01:33:09.086,1.28406,1.28443,1.50,1.50
2012.09.04 01:33:10.258,1.28406,1.28441,1.50,1.50
2012.09.04 01:33:12.044,1.28405,1.28441,1.85,2.25
2012.09.04 01:33:20.308,1.28406,1.28441,1.10,1.50
2012.09.04 01:33:20.378,1.28406,1.28444,1.10,1.32
2012.09.04 01:33:20.907,1.28406,1.28443,1.10,1.32
2012.09.04 01:33:21.808,1.28406,1.28443,1.10,1.32
2012.09.04 01:33:22.397,1.28406,1.28443,1.10,1.32
2012.09.04 01:33:25.327,1.28406,1.28443,1.10,1.32
2012.09.04 01:33:25.835,1.28407,1.28443,1.10,1.32
2012.09.04 01:33:31.987,1.28407,1.28443,1.10,1.32
2012.09.04 01:33:33.147,1.28407,1.28443,1.10,1.32
2012.09.04 01:33:38.206,1.28407,1.28443,1.92,1.32
2012.09.04 01:33:38.721,1.28408,1.28445,1.17,2.07
2012.09.04 01:33:39.987,1.28409,1.28445,1.17,2.25
2012.09.04 01:33:43.417,1.28409,1.28445,1.17,2.25
2012.09.04 01:33:43.489,1.28407,1.28442,1.17,1.73
2012.09.04 01:33:43.957,1.28401,1.28434,2.14,1.50
2012.09.04 01:33:48.438,1.28404,1.28436,1.58,1.13
2012.09.04 01:33:48.568,1.28403,1.28436,1.58,1.13
2012.09.04 01:33:49.107,1.28403,1.28441,1.58,3.00
2012.09.04 01:33:53.147,1.28403,1.2844,2.33,1.50
2012.09.04 01:33:55.087,1.28404,1.28441,1.17,1.13
2012.09.04 01:33:55.683,1.28404,1.28441,1.17,1.88
2012.09.04 01:34:00.151,1.28404,1.28441,1.17,2.25
2012.09.04 01:34:00.668,1.28404,1.28441,1.17,2.25
2012.09.04 01:34:03.422,1.28404,1.28441,1.92,1.13
2012.09.04 01:34:03.995,1.28404,1.28441,1.92,1.13
2012.09.04 01:34:04.947,1.28404,1.28437,1.17,1.50
2012.09.04 01:34:05.086,1.28399,1.28435,2.33,1.13
2012.09.04 01:34:06.287,1.28398,1.28433,2.25,1.88
2012.09.04 01:34:07.228,1.28394,1.28422,1.17,1.13
2012.09.04 01:34:07.509,1.28394,1.28427,1.10,1.32
2012.09.04 01:34:07.578,1.28396,1.28426,1.10,1.32
2012.09.04 01:34:07.768,1.28396,1.28427,1.10,1.32
2012.09.04 01:34:07.899,1.28397,1.28427,1.13,1.32
2012.09.04 01:34:08.238,1.28399,1.28434,1.13,1.24
2012.09.04 01:34:08.498,1.28409,1.2844,1.13,1.99
2012.09.04 01:34:08.570,1.28412,1.2844,1.13,1.32
2012.09.04 01:34:08.700,1.28408,1.2844,1.13,1.32
2012.09.04 01:34:08.918,1.28412,1.2844,1.13,1.32
2012.09.04 01:34:09.117,1.28408,1.2844,1.88,1.32
2012.09.04 01:34:09.187,1.28408,1.2844,1.88,1.32
2012.09.04 01:34:09.378,1.28414,1.28443,1.50,2.44
2012.09.04 01:34:09.507,1.28414,1.28443,1.50,1.88
2012.09.04 01:34:10.098,1.28409,1.28443,1.32,1.50
2012.09.04 01:34:11.586,1.28409,1.28443,1.32,1.88
2012.09.04 01:34:11.717,1.28404,1.28439,1.66,1.50
2012.09.04 01:34:11.788,1.28403,1.28437,1.10,2.25
2012.09.04 01:34:11.858,1.284,1.28436,1.10,2.25
2012.09.04 01:34:12.240,1.284,1.2843,1.85,1.06
2012.09.04 01:34:12.438,1.28395,1.28427,1.32,2.85
2012.09.04 01:34:13.116,1.28396,1.28427,1.50,2.10
2012.09.04 01:34:13.188,1.28395,1.28427,1.32,2.10
2012.09.04 01:34:13.257,1.28396,1.28427,1.50,2.10
2012.09.04 01:34:13.569,1.28403,1.28432,1.50,1.32
2012.09.04 01:34:14.348,1.28403,1.28434,1.85,1.32
2012.09.04 01:34:15.629,1.28402,1.28432,1.10,1.32
2012.09.04 01:34:15.819,1.284,1.28433,1.10,1.32
2012.09.04 01:34:18.398,1.284,1.28429,1.10,1.32
2012.09.04 01:34:18.707,1.28396,1.28428,1.10,1.50
2012.09.04 01:34:23.198,1.28402,1.28431,1.10,1.35
2012.09.04 01:34:23.746,1.28402,1.28433,1.10,1.99
2012.09.04 01:34:23.998,1.28402,1.28434,1.85,2.82
2012.09.04 01:34:25.349,1.28403,1.28434,1.10,1.32
2012.09.04 01:34:25.789,1.28403,1.28439,1.10,1.32
2012.09.04 01:34:25.859,1.28402,1.28438,1.10,1.32
2012.09.04 01:34:25.930,1.28402,1.28438,1.17,1.32
2012.09.04 01:34:26.249,1.28403,1.28434,1.10,1.32
2012.09.04 01:34:26.498,1.28404,1.28432,1.10,2.07
2012.09.04 01:34:26.627,1.28402,1.28432,1.10,2.07
2012.09.04 01:34:26.697,1.28402,1.28432,1.10,2.44
2012.09.04 01:34:26.827,1.28399,1.28432,1.50,2.44
2012.09.04 01:34:26.898,1.28399,1.28432,1.50,2.07
2012.09.04 01:34:27.147,1.28402,1.28437,1.32,1.50
2012.09.04 01:34:27.648,1.28402,1.28437,1.32,1.50
2012.09.04 01:34:28.743,1.28399,1.28431,2.25,1.50
2012.09.04 01:34:30.326,1.28399,1.28433,2.25,1.32
2012.09.04 01:34:30.457,1.28399,1.28438,2.25,1.73
2012.09.04 01:34:30.647,1.28399,1.28438,2.25,2.25
2012.09.04 01:34:30.856,1.28402,1.28438,1.10,1.50
2012.09.04 01:34:31.166,1.28404,1.28439,1.17,1.32
2012.09.04 01:34:32.418,1.28406,1.28443,1.50,2.07
2012.09.04 01:34:32.753,1.28409,1.2844,1.32,1.50
2012.09.04 01:34:33.647,1.28402,1.28435,1.85,1.13
2012.09.04 01:34:34.269,1.28404,1.2844,1.10,1.50
2012.09.04 01:34:39.098,1.28405,1.2844,1.85,1.13
2012.09.04 01:34:39.287,1.28408,1.28443,1.50,1.13
2012.09.04 01:34:39.356,1.28406,1.28441,1.39,1.13
2012.09.04 01:34:42.935,1.28406,1.28441,1.32,1.13
2012.09.04 01:34:43.186,1.28404,1.28441,1.10,1.13
2012.09.04 01:34:43.708,1.28404,1.28441,1.10,1.13
2012.09.04 01:34:43.898,1.28404,1.28441,1.10,1.88
2012.09.04 01:34:44.228,1.28402,1.28436,1.10,1.50
2012.09.04 01:34:44.559,1.28402,1.28433,1.32,1.13
2012.09.04 01:34:44.877,1.28401,1.28431,1.32,1.66
2012.09.04 01:34:44.949,1.28401,1.28431,1.32,1.43
2012.09.04 01:34:45.539,1.28401,1.28433,1.32,1.13
2012.09.04 01:34:45.991,1.28402,1.28437,1.32,1.66
2012.09.04 01:34:46.118,1.28407,1.28438,1.50,1.66
2012.09.04 01:34:46.369,1.28409,1.28441,1.50,2.07
2012.09.04 01:34:46.441,1.28409,1.2844,1.50,1.50
2012.09.04 01:34:46.511,1.28407,1.28439,1.50,1.43
2012.09.04 01:34:46.587,1.28403,1.28439,1.85,1.43
2012.09.04 01:34:47.210,1.28401,1.28439,1.10,1.43
2012.09.04 01:34:47.729,1.28401,1.28439,1.10,1.43
2012.09.04 01:34:48.259,1.28401,1.2843,1.10,1.50
2012.09.04 01:34:48.386,1.28401,1.28432,1.10,1.69
2012.09.04 01:34:50.803,1.28403,1.28434,1.10,1.69
2012.09.04 01:34:50.882,1.28404,1.28442,1.10,2.25
2012.09.04 01:34:51.628,1.28404,1.28442,1.10,1.50
2012.09.04 01:34:52.448,1.28404,1.28442,1.10,1.50
2012.09.04 01:34:58.159,1.28404,1.28442,1.10,1.50
2012.09.04 01:35:01.009,1.28404,1.28442,1.10,1.50
2012.09.04 01:35:02.957,1.28408,1.28442,1.50,1.50
2012.09.04 01:35:06.256,1.28408,1.28442,1.85,2.18
2012.09.04 01:35:07.721,1.28408,1.28442,1.85,2.18
2012.09.04 01:35:09.026,1.28408,1.28442,1.85,1.50
2012.09.04 01:35:10.328,1.28408,1.28441,1.10,1.50
2012.09.04 01:35:10.640,1.28409,1.28437,1.10,1.50
2012.09.04 01:35:11.368,1.28409,1.28437,1.10,1.50
2012.09.04 01:35:11.617,1.28408,1.28432,1.10,1.54
2012.09.04 01:35:12.128,1.28409,1.28442,1.10,1.47
2012.09.04 01:35:12.318,1.28408,1.28449,1.10,2.18
2012.09.04 01:35:13.097,1.28408,1.28449,1.10,2.18
2012.09.04 01:35:14.376,1.2841,1.2845,1.50,3.68
2012.09.04 01:35:14.629,1.2841,1.28446,1.50,1.43
2012.09.04 01:35:15.186,1.28409,1.28438,1.10,1.50
2012.09.04 01:35:16.980,1.28409,1.28438,1.10,1.50
2012.09.04 01:35:17.509,1.28409,1.28438,1.10,1.50
2012.09.04 01:35:23.586,1.28409,1.28444,1.10,1.54
2012.09.04 01:35:23.658,1.28409,1.28445,1.10,1.50
2012.09.04 01:35:24.217,1.28409,1.28445,1.10,1.50
2012.09.04 01:35:24.787,1.28409,1.28445,1.10,1.50
2012.09.04 01:35:26.346,1.28409,1.28445,1.10,1.50
2012.09.04 01:35:28.205,1.28409,1.28445,1.10,1.50
2012.09.04 01:35:30.285,1.28409,1.28445,1.10,1.50
2012.09.04 01:35:38.398,1.2841,1.28447,1.10,1.32
2012.09.04 01:35:38.468,1.28411,1.28449,1.10,1.43
2012.09.04 01:35:38.667,1.28411,1.2845,1.85,3.16
2012.09.04 01:35:38.739,1.28411,1.2845,1.85,2.25
2012.09.04 01:35:38.868,1.28411,1.2845,1.10,2.25
2012.09.04 01:35:39.118,1.28411,1.2845,2.60,2.41
2012.09.04 01:35:39.308,1.28411,1.2845,2.60,2.25
2012.09.04 01:35:39.691,1.28411,1.2845,1.13,3.04
2012.09.04 01:35:39.899,1.28411,1.28449,1.13,1.73
2012.09.04 01:35:39.968,1.28411,1.28449,2.63,1.50
2012.09.04 01:35:41.677,1.28409,1.28444,2.60,1.32
2012.09.04 01:35:42.268,1.28409,1.28443,1.10,1.50
2012.09.04 01:35:45.318,1.28409,1.28443,1.10,1.50
2012.09.04 01:35:46.276,1.2841,1.28448,1.10,2.10
2012.09.04 01:35:46.467,1.28411,1.28448,1.10,1.88
2012.09.04 01:35:47.866,1.28411,1.28448,1.17,1.88
2012.09.04 01:35:47.937,1.28412,1.28448,1.17,1.13
2012.09.04 01:35:48.006,1.28416,1.2845,1.50,1.32
2012.09.04 01:35:48.148,1.28413,1.2845,1.39,1.50
2012.09.04 01:35:50.337,1.28411,1.28448,2.41,1.50
2012.09.04 01:35:50.467,1.28412,1.28448,2.63,1.50
2012.09.04 01:35:50.818,1.2842,1.28453,1.32,1.50
2012.09.04 01:35:54.127,1.2842,1.28453,1.32,1.50
2012.09.04 01:35:57.597,1.28422,1.28453,1.50,1.50
2012.09.04 01:35:59.286,1.28415,1.28452,2.63,1.50
2012.09.04 01:35:59.416,1.28415,1.28452,2.25,1.50
2012.09.04 01:36:00.342,1.28415,1.28452,2.25,1.50
2012.09.04 01:36:02.085,1.28415,1.28452,2.25,1.50
2012.09.04 01:36:02.217,1.28417,1.28449,1.32,1.50
2012.09.04 01:36:02.361,1.28415,1.28449,2.07,1.50
2012.09.04 01:36:02.510,1.28417,1.2845,1.32,1.50
2012.09.04 01:36:02.590,1.28412,1.28448,1.66,1.50
2012.09.04 01:36:02.952,1.28417,1.28446,1.32,1.13
2012.09.04 01:36:03.929,1.28405,1.28444,2.48,1.13
2012.09.04 01:36:04.249,1.28411,1.28445,1.10,1.73
2012.09.04 01:36:04.870,1.28411,1.28445,1.10,1.50
2012.09.04 01:36:05.470,1.28411,1.28445,1.10,1.50
2012.09.04 01:36:05.968,1.28411,1.28447,1.10,1.50
2012.09.04 01:36:06.978,1.28411,1.28447,1.10,1.50
2012.09.04 01:36:07.579,1.28411,1.28446,1.10,1.13
2012.09.04 01:36:08.727,1.28416,1.28446,1.50,1.13
2012.09.04 01:36:11.047,1.28411,1.28447,1.10,1.50
2012.09.04 01:36:11.727,1.28411,1.28447,1.10,1.50
2012.09.04 01:36:12.606,1.28408,1.28447,2.60,1.50
2012.09.04 01:36:12.917,1.28405,1.2844,1.66,1.50
2012.09.04 01:36:13.243,1.28405,1.2844,1.10,3.91
2012.09.04 01:36:13.407,1.28405,1.2844,1.10,3.68
2012.09.04 01:36:15.825,1.28405,1.28438,1.10,1.43
2012.09.04 01:36:16.160,1.28405,1.28432,1.10,1.50
2012.09.04 01:36:19.026,1.28405,1.28432,1.10,1.50
2012.09.04 01:36:20.298,1.28405,1.28432,1.10,1.50
2012.09.04 01:36:21.529,1.28405,1.28432,1.10,1.50
2012.09.04 01:36:22.177,1.28405,1.28432,1.10,1.50
2012.09.04 01:36:23.996,1.28405,1.28431,1.10,1.43
2012.09.04 01:36:27.006,1.28405,1.28431,1.10,1.43
2012.09.04 01:36:28.121,1.28405,1.28431,1.10,1.43
2012.09.04 01:36:31.192,1.28405,1.28431,1.10,1.43
2012.09.04 01:36:34.936,1.28406,1.28432,1.10,2.18
2012.09.04 01:36:36.938,1.28406,1.28432,1.10,2.18
2012.09.04 01:36:38.077,1.28406,1.28432,1.10,2.18
2012.09.04 01:36:38.163,1.28406,1.28432,1.10,1.43
2012.09.04 01:36:38.240,1.28406,1.28438,1.10,2.41
2012.09.04 01:36:38.790,1.28402,1.28438,1.10,2.18
2012.09.04 01:36:41.996,1.28408,1.28441,1.10,2.41
2012.09.04 01:36:42.067,1.28408,1.28442,1.10,2.41
2012.09.04 01:36:42.138,1.28408,1.2844,1.10,2.25
2012.09.04 01:36:42.639,1.28408,1.28438,1.10,1.66
2012.09.04 01:36:42.780,1.28408,1.28438,1.10,2.41
2012.09.04 01:36:43.310,1.28407,1.2844,1.10,2.48
2012.09.04 01:36:43.395,1.28407,1.28435,1.10,1.32
2012.09.04 01:36:43.467,1.28407,1.2844,1.10,2.29
2012.09.04 01:36:43.729,1.28407,1.28435,1.10,1.32
2012.09.04 01:36:43.835,1.28407,1.28438,1.10,1.32
2012.09.04 01:36:44.338,1.28407,1.2844,1.85,2.07
2012.09.04 01:36:45.568,1.28407,1.28438,1.10,1.24
2012.09.04 01:36:46.191,1.28407,1.28436,1.10,1.43
2012.09.04 01:36:48.856,1.28407,1.28436,1.10,1.32
2012.09.04 01:36:49.407,1.28407,1.28436,1.10,1.32
2012.09.04 01:36:49.956,1.28409,1.28437,1.10,1.24
2012.09.04 01:36:50.089,1.28412,1.28445,1.50,1.54
2012.09.04 01:36:50.158,1.28407,1.28443,1.10,1.32
2012.09.04 01:36:51.069,1.28406,1.2844,1.10,1.43
2012.09.04 01:36:51.708,1.28404,1.28438,1.10,4.47
2012.09.04 01:36:53.127,1.28404,1.28434,1.10,1.32
2012.09.04 01:36:53.728,1.28402,1.28434,1.10,1.32
2012.09.04 01:36:54.322,1.28402,1.28434,1.10,1.32
2012.09.04 01:36:54.897,1.28402,1.28434,1.10,1.32
2012.09.04 01:36:55.420,1.28407,1.28434,1.10,1.32
2012.09.04 01:36:55.501,1.28407,1.28437,1.10,1.47
2012.09.04 01:36:56.020,1.2841,1.28446,1.85,3.91
2012.09.04 01:36:56.428,1.28412,1.28446,1.85,1.50
2012.09.04 01:36:56.617,1.28412,1.28446,1.17,1.50
2012.09.04 01:36:56.938,1.28412,1.28447,1.85,1.32
2012.09.04 01:36:58.038,1.28418,1.28446,1.50,1.32
2012.09.04 01:36:58.621,1.28417,1.2844,1.13,1.47
2012.09.04 01:36:58.770,1.28416,1.28446,1.50,2.07
2012.09.04 01:36:59.028,1.28411,1.28447,1.50,1.50
2012.09.04 01:36:59.098,1.28411,1.28447,1.50,1.50
2012.09.04 01:37:00.267,1.28411,1.28446,2.25,1.50
2012.09.04 01:37:01.952,1.28416,1.28446,1.50,1.50
2012.09.04 01:37:02.504,1.28416,1.28446,1.50,1.50
2012.09.04 01:37:03.249,1.28416,1.28448,1.50,1.50
2012.09.04 01:37:04.127,1.28416,1.28448,2.25,1.50
2012.09.04 01:37:04.268,1.28416,1.28448,1.50,1.50
2012.09.04 01:37:04.720,1.28417,1.28448,1.50,1.50
2012.09.04 01:37:05.260,1.28417,1.28448,1.50,1.50
2012.09.04 01:37:06.808,1.28417,1.28448,1.50,1.50
2012.09.04 01:37:07.540,1.28425,1.28448,1.50,1.50
2012.09.04 01:37:07.749,1.28427,1.28448,1.50,1.50
2012.09.04 01:37:07.938,1.28427,1.28454,1.50,1.50
2012.09.04 01:37:10.297,1.28424,1.28453,1.50,1.50
2012.09.04 01:37:11.418,1.28424,1.28453,1.50,1.50
2012.09.04 01:37:13.446,1.28423,1.28453,1.50,1.50
2012.09.04 01:37:14.858,1.28416,1.2845,1.10,2.18
2012.09.04 01:37:14.928,1.28416,1.2845,1.10,2.74
2012.09.04 01:37:15.407,1.28411,1.28446,2.22,1.99
2012.09.04 01:37:15.957,1.28411,1.28446,2.22,1.99
2012.09.04 01:37:16.967,1.28417,1.28446,1.47,1.32
2012.09.04 01:37:22.148,1.28419,1.2845,1.50,1.50
2012.09.04 01:37:22.706,1.28419,1.2845,1.50,1.50
2012.09.04 01:37:23.845,1.28419,1.2845,1.50,1.50
2012.09.04 01:37:26.028,1.28425,1.2845,1.50,1.50
2012.09.04 01:37:26.547,1.28425,1.2845,1.50,1.50
2012.09.04 01:37:27.077,1.28425,1.28455,1.50,1.13
2012.09.04 01:37:27.985,1.28431,1.28455,1.50,1.13
2012.09.04 01:37:29.538,1.28426,1.28456,1.50,1.13
2012.09.04 01:37:29.944,1.28426,1.28455,1.50,1.13
2012.09.04 01:37:30.401,1.28426,1.28456,1.50,1.13
2012.09.04 01:37:30.479,1.2842,1.28456,1.50,1.88
2012.09.04 01:37:30.668,1.28426,1.28456,1.50,1.13
2012.09.04 01:37:30.736,1.28426,1.28456,1.50,1.13
2012.09.04 01:37:30.939,1.28426,1.28455,1.50,1.13
2012.09.04 01:37:31.431,1.2842,1.28456,1.50,1.88
2012.09.04 01:37:31.637,1.28424,1.28456,1.50,1.13
2012.09.04 01:37:31.948,1.28424,1.28455,1.13,1.13
2012.09.04 01:37:32.779,1.28432,1.28456,1.50,1.13
2012.09.04 01:37:34.075,1.28427,1.28455,1.50,1.13
2012.09.04 01:37:35.038,1.28421,1.28449,1.32,1.50
2012.09.04 01:37:35.179,1.28421,1.28453,1.32,2.18
2012.09.04 01:37:37.510,1.2842,1.28448,2.25,1.43
2012.09.04 01:37:37.589,1.28413,1.28448,1.50,1.43
2012.09.04 01:37:42.447,1.28411,1.28446,1.50,1.50
2012.09.04 01:37:42.777,1.28409,1.28442,1.50,1.43
2012.09.04 01:37:43.087,1.28411,1.28446,1.50,1.32
2012.09.04 01:37:50.996,1.28413,1.28446,1.50,2.82
2012.09.04 01:37:51.066,1.28413,1.28446,1.50,2.25
2012.09.04 01:38:00.706,1.28416,1.28446,1.50,2.25
2012.09.04 01:38:02.398,1.28414,1.28449,1.13,1.50
2012.09.04 01:38:03.018,1.28418,1.28452,1.50,1.50
2012.09.04 01:38:03.867,1.28417,1.28449,1.50,1.50
2012.09.04 01:38:05.847,1.2842,1.28449,1.50,1.43
2012.09.04 01:38:06.157,1.28419,1.28449,1.13,1.50
2012.09.04 01:38:06.777,1.28419,1.28446,1.13,1.50
2012.09.04 01:38:15.618,1.28415,1.28446,1.32,2.25
2012.09.04 01:38:15.959,1.28419,1.28449,1.50,1.99
2012.09.04 01:38:16.097,1.28414,1.28449,1.13,1.32
2012.09.04 01:38:16.228,1.28404,1.2843,1.73,1.50
2012.09.04 01:38:16.360,1.28404,1.28436,1.50,1.13
2012.09.04 01:38:16.429,1.28404,1.28434,2.25,1.43
2012.09.04 01:38:16.500,1.28403,1.28436,2.25,1.06
2012.09.04 01:38:16.567,1.28403,1.28437,2.25,1.35
2012.09.04 01:38:18.059,1.28403,1.28438,2.25,1.50
2012.09.04 01:38:18.508,1.28406,1.28445,1.50,1.50
2012.09.04 01:38:18.593,1.28403,1.28444,1.50,1.50
2012.09.04 01:38:18.919,1.28403,1.28437,1.50,2.18
2012.09.04 01:38:19.179,1.28406,1.28438,1.88,2.07
2012.09.04 01:38:19.249,1.28408,1.28438,1.50,2.07
2012.09.04 01:38:20.000,1.28412,1.28444,1.50,2.07
2012.09.04 01:38:20.327,1.28412,1.28449,1.50,1.32
2012.09.04 01:38:20.769,1.28415,1.28452,1.32,3.00
2012.09.04 01:38:20.979,1.28415,1.28449,1.32,2.93
2012.09.04 01:38:21.109,1.28415,1.28448,1.32,2.18
2012.09.04 01:38:21.481,1.28417,1.28445,1.13,1.50
2012.09.04 01:38:21.560,1.28417,1.28449,1.13,2.93
2012.09.04 01:38:21.850,1.28417,1.28449,1.13,2.93
2012.09.04 01:38:21.929,1.28418,1.2845,1.13,1.43
2012.09.04 01:38:22.190,1.28413,1.28449,1.50,2.18
2012.09.04 01:38:22.258,1.28409,1.28441,1.50,1.50
2012.09.04 01:38:22.388,1.28407,1.28441,1.32,1.50
2012.09.04 01:38:23.629,1.28409,1.2844,1.13,1.43
2012.09.04 01:38:23.968,1.28419,1.28446,1.13,2.07
2012.09.04 01:38:24.158,1.28416,1.28446,1.88,2.07
2012.09.04 01:38:24.480,1.28419,1.28446,1.13,2.07
2012.09.04 01:38:27.046,1.28419,1.28446,1.13,1.50
2012.09.04 01:38:27.913,1.28417,1.28446,2.25,3.00
2012.09.04 01:38:28.060,1.28413,1.28446,1.28,1.50
2012.09.04 01:38:28.129,1.28412,1.28448,1.80,1.43
2012.09.04 01:38:28.198,1.28413,1.28448,1.05,1.50
2012.09.04 01:38:28.832,1.28412,1.28446,1.50,1.50
2012.09.04 01:38:29.228,1.28412,1.28453,1.50,2.25
2012.09.04 01:38:29.679,1.28409,1.28444,1.13,1.50
2012.09.04 01:38:29.908,1.28409,1.28444,1.13,1.50
2012.09.04 01:38:30.118,1.28414,1.28451,1.05,1.32
2012.09.04 01:38:30.189,1.28415,1.28448,1.05,1.32
2012.09.04 01:38:30.259,1.28411,1.28447,1.35,1.50
2012.09.04 01:38:30.398,1.28409,1.28447,1.13,2.25
2012.09.04 01:38:30.829,1.28407,1.28441,1.13,1.50
2012.09.04 01:38:31.688,1.28411,1.28441,1.50,1.50
2012.09.04 01:38:32.121,1.28411,1.28447,1.50,2.25
2012.09.04 01:38:32.197,1.28412,1.28447,1.50,1.50
2012.09.04 01:38:32.270,1.28416,1.28449,1.50,2.25
2012.09.04 01:38:33.494,1.28418,1.28449,1.50,2.25
2012.09.04 01:38:33.817,1.28413,1.28447,1.32,2.93
2012.09.04 01:38:34.969,1.28417,1.28449,1.50,2.25
2012.09.04 01:38:36.063,1.28421,1.28449,1.50,2.25
2012.09.04 01:38:36.257,1.28418,1.28449,1.88,2.25
2012.09.04 01:38:36.329,1.28421,1.2845,1.50,2.25
2012.09.04 01:38:36.789,1.28418,1.28453,1.88,1.50
2012.09.04 01:38:37.470,1.28419,1.28448,2.25,2.25
2012.09.04 01:38:38.099,1.2842,1.28447,1.32,1.50
2012.09.04 01:38:38.427,1.2842,1.28441,1.32,1.50
2012.09.04 01:38:38.878,1.28418,1.28447,1.32,2.93
2012.09.04 01:38:39.079,1.28414,1.28447,1.88,1.43
2012.09.04 01:38:39.147,1.28414,1.28448,1.88,1.50
2012.09.04 01:38:39.648,1.28418,1.28449,1.50,2.18
2012.09.04 01:38:40.031,1.28418,1.28451,1.50,1.32
2012.09.04 01:38:42.263,1.2842,1.28453,2.07,1.50
2012.09.04 01:38:44.037,1.2842,1.28448,1.50,1.50
2012.09.04 01:38:44.702,1.28414,1.28439,2.63,1.50
2012.09.04 01:38:45.563,1.28406,1.2844,1.50,1.50
2012.09.04 01:38:47.137,1.28406,1.2844,1.50,1.50
2012.09.04 01:38:47.669,1.28412,1.28444,1.50,2.25
2012.09.04 01:38:48.176,1.28412,1.28446,2.25,1.43
2012.09.04 01:38:48.246,1.28415,1.28448,1.50,1.43
2012.09.04 01:38:48.438,1.28415,1.2845,1.50,1.99
2012.09.04 01:38:50.843,1.28418,1.2845,1.50,1.32
2012.09.04 01:38:51.709,1.28422,1.2845,1.50,1.32
2012.09.04 01:38:52.180,1.28423,1.28448,1.50,1.50
2012.09.04 01:38:52.502,1.28419,1.28439,1.32,1.50
2012.09.04 01:38:52.710,1.28419,1.28448,1.32,1.73
2012.09.04 01:38:52.789,1.28419,1.28451,1.32,2.93
2012.09.04 01:38:53.814,1.28418,1.28451,1.32,1.43
2012.09.04 01:38:53.888,1.28418,1.28448,1.32,1.50
2012.09.04 01:38:54.018,1.2841,1.28447,1.50,1.50
2012.09.04 01:38:56.344,1.2841,1.28448,1.50,2.18
2012.09.04 01:38:56.709,1.28417,1.28448,1.50,1.50
2012.09.04 01:38:56.909,1.28417,1.2845,1.50,1.32
2012.09.04 01:38:57.277,1.28422,1.28452,1.50,1.43
2012.09.04 01:38:57.347,1.28422,1.28455,1.50,1.50
2012.09.04 01:38:58.216,1.28419,1.28451,1.20,1.43
2012.09.04 01:38:58.927,1.28418,1.2845,1.50,1.50
2012.09.04 01:38:59.718,1.28413,1.28444,1.32,1.50
2012.09.04 01:39:01.000,1.28411,1.28444,1.50,1.50
2012.09.04 01:39:01.526,1.28411,1.28444,1.50,1.50
2012.09.04 01:39:03.418,1.28411,1.28444,1.50,1.50
2012.09.04 01:39:03.786,1.28411,1.28443,1.50,1.50
2012.09.04 01:39:04.097,1.28415,1.2844,1.50,1.50
2012.09.04 01:39:04.429,1.28417,1.2844,2.25,1.50
2012.09.04 01:39:06.963,1.28424,1.28441,1.50,1.50
2012.09.04 01:39:11.087,1.28422,1.28443,1.50,1.50
2012.09.04 01:39:11.218,1.28418,1.28443,1.50,1.50
2012.09.04 01:39:11.347,1.28422,1.28442,1.50,1.50
2012.09.04 01:39:11.538,1.28422,1.28442,1.50,1.50
2012.09.04 01:39:11.907,1.28422,1.28444,1.50,1.50
2012.09.04 01:39:11.978,1.28423,1.28444,1.43,1.13
2012.09.04 01:39:12.118,1.28423,1.28444,1.73,1.13
2012.09.04 01:39:12.630,1.28424,1.28443,1.35,1.13
2012.09.04 01:39:13.288,1.28424,1.28444,1.20,1.13
2012.09.04 01:39:13.568,1.28424,1.28443,1.80,1.13
2012.09.04 01:39:13.877,1.28428,1.28449,1.50,1.50
2012.09.04 01:39:14.287,1.28424,1.28449,1.50,1.50
2012.09.04 01:39:15.117,1.28428,1.28449,1.50,1.50
2012.09.04 01:39:15.248,1.28431,1.28451,1.50,1.50
2012.09.04 01:39:18.179,1.28432,1.28451,1.50,1.50
2012.09.04 01:39:20.127,1.28424,1.28451,1.47,1.50
2012.09.04 01:39:20.340,1.28417,1.28452,1.50,1.50
2012.09.04 01:39:22.854,1.28415,1.28451,1.50,1.50
2012.09.04 01:39:22.926,1.28413,1.28447,1.32,1.13
2012.09.04 01:39:23.313,1.28411,1.28444,1.50,1.50
2012.09.04 01:39:25.667,1.28415,1.28444,1.50,1.50
2012.09.04 01:39:26.188,1.28415,1.28445,1.65,1.50
2012.09.04 01:39:26.328,1.28415,1.28445,1.50,1.88
2012.09.04 01:39:26.479,1.28421,1.28446,1.50,1.13
2012.09.04 01:39:26.819,1.28422,1.28448,2.25,1.50
2012.09.04 01:39:27.751,1.28416,1.28448,2.82,1.50
2012.09.04 01:39:31.067,1.28419,1.28448,1.05,1.50
2012.09.04 01:39:31.969,1.28418,1.28448,1.35,1.50
2012.09.04 01:39:32.169,1.28421,1.28448,1.65,1.50
2012.09.04 01:39:40.029,1.28419,1.28448,1.32,1.50
2012.09.04 01:39:40.413,1.28416,1.28448,1.32,1.50
2012.09.04 01:39:40.847,1.28416,1.2845,1.32,1.50
2012.09.04 01:39:43.746,1.28415,1.2845,1.50,3.68
2012.09.04 01:39:46.597,1.28415,1.2845,1.50,3.68
2012.09.04 01:39:47.209,1.28415,1.2845,1.50,3.68
2012.09.04 01:39:49.600,1.28416,1.2845,1.50,2.93
2012.09.04 01:39:50.258,1.28422,1.28453,1.50,1.50
2012.09.04 01:39:51.046,1.28422,1.28453,1.50,1.50
2012.09.04 01:39:52.257,1.28414,1.28451,1.80,1.50
2012.09.04 01:39:57.025,1.28414,1.2845,1.65,1.43
2012.09.04 01:40:00.440,1.28414,1.28451,1.50,1.43
2012.09.04 01:40:03.086,1.28414,1.28451,1.50,1.43
2012.09.04 01:40:07.687,1.28414,1.28447,1.50,1.50
2012.09.04 01:40:13.596,1.28414,1.2845,1.50,1.43
2012.09.04 01:40:14.209,1.28414,1.2845,1.50,1.43
2012.09.04 01:40:17.946,1.28414,1.28448,1.50,1.50
2012.09.04 01:40:18.018,1.28414,1.28446,1.50,1.50
2012.09.04 01:40:27.341,1.28412,1.28446,1.50,1.50
2012.09.04 01:40:27.528,1.28408,1.28442,1.05,1.43
2012.09.04 01:40:28.016,1.28407,1.2844,3.00,1.50
2012.09.04 01:40:28.868,1.28407,1.28442,3.00,1.43
2012.09.04 01:40:35.057,1.28407,1.28441,3.00,1.50
2012.09.04 01:40:37.061,1.28407,1.28441,3.00,2.18
2012.09.04 01:40:37.610,1.28402,1.28438,1.50,1.43
2012.09.04 01:40:39.596,1.28402,1.28438,1.50,1.43
2012.09.04 01:40:40.116,1.28408,1.28437,1.50,1.50
2012.09.04 01:40:40.249,1.28402,1.28439,1.50,2.07
2012.09.04 01:40:40.377,1.28402,1.28439,1.50,2.74
2012.09.04 01:40:41.249,1.28399,1.28439,1.50,2.74
2012.09.04 01:40:41.322,1.28399,1.28435,1.50,1.50
2012.09.04 01:40:42.299,1.28398,1.28435,1.50,1.50
2012.09.04 01:40:42.365,1.28399,1.28438,1.50,2.18
2012.09.04 01:40:42.621,1.28418,1.28448,1.40,1.50
2012.09.04 01:40:42.768,1.28415,1.28448,1.73,1.50
2012.09.04 01:40:42.900,1.2842,1.28448,1.50,1.50
2012.09.04 01:40:43.159,1.28421,1.28448,1.88,1.50
2012.09.04 01:40:43.639,1.2841,1.28448,1.50,1.50
2012.09.04 01:40:43.708,1.28408,1.28447,1.50,1.43
2012.09.04 01:40:44.048,1.28414,1.28443,1.50,1.50
2012.09.04 01:40:44.449,1.28408,1.28438,1.50,1.50
2012.09.04 01:40:44.769,1.28408,1.28437,1.50,2.07
2012.09.04 01:40:45.219,1.28406,1.28437,1.10,2.07
2012.09.04 01:40:45.350,1.28408,1.28437,1.50,2.07
2012.09.04 01:40:45.667,1.2841,1.28443,1.50,2.07
2012.09.04 01:40:45.867,1.28408,1.28443,1.50,2.07
2012.09.04 01:40:46.318,1.28408,1.28443,1.50,2.07
2012.09.04 01:40:46.511,1.28418,1.28451,1.50,2.18
2012.09.04 01:40:46.581,1.28418,1.28451,1.50,1.50
2012.09.04 01:40:46.729,1.28421,1.28457,1.50,1.43
2012.09.04 01:40:46.930,1.28419,1.28457,1.50,1.50
2012.09.04 01:40:47.189,1.2842,1.28458,1.65,2.82
2012.09.04 01:40:47.508,1.2842,1.28455,1.35,1.43
2012.09.04 01:40:51.378,1.28427,1.28458,1.50,2.74
2012.09.04 01:40:51.971,1.28427,1.28453,2.25,1.50
2012.09.04 01:40:53.293,1.28427,1.28455,2.25,1.50
2012.09.04 01:40:53.368,1.28427,1.28461,2.25,2.25
2012.09.04 01:40:54.426,1.28427,1.28458,2.25,1.50
2012.09.04 01:40:54.746,1.28424,1.28455,1.32,2.25
2012.09.04 01:40:57.186,1.28418,1.28457,2.25,1.43
2012.09.04 01:40:58.377,1.28418,1.28454,1.50,1.50
2012.09.04 01:40:58.509,1.28415,1.28443,1.66,1.50
2012.09.04 01:40:58.660,1.28415,1.28447,1.50,1.32
2012.09.04 01:40:58.739,1.28417,1.2845,1.50,2.29
2012.09.04 01:40:58.874,1.28412,1.28448,2.33,1.32
2012.09.04 01:40:59.484,1.28412,1.28448,3.08,1.32
2012.09.04 01:40:59.629,1.28415,1.28447,1.50,1.32
2012.09.04 01:40:59.819,1.28419,1.28453,1.50,2.25
2012.09.04 01:40:59.888,1.28419,1.28451,1.50,1.50
2012.09.04 01:41:00.650,1.28419,1.28456,1.50,1.43
2012.09.04 01:41:00.719,1.28421,1.28459,1.50,2.07
2012.09.04 01:41:01.057,1.28437,1.28459,1.50,2.07
2012.09.04 01:41:01.273,1.28423,1.28458,1.05,1.32
2012.09.04 01:41:01.348,1.28421,1.28458,1.50,1.32
2012.09.04 01:41:01.479,1.28418,1.28458,2.25,1.32
2012.09.04 01:41:01.791,1.28422,1.28459,2.07,1.50
2012.09.04 01:41:02.107,1.28417,1.28458,1.32,2.93
2012.09.04 01:41:02.178,1.28419,1.28458,1.32,2.93
2012.09.04 01:41:02.369,1.28431,1.28458,1.50,1.50
2012.09.04 01:41:02.677,1.28431,1.28462,1.50,1.50
2012.09.04 01:41:03.259,1.28437,1.28464,1.50,2.82
2012.09.04 01:41:03.329,1.28437,1.28464,1.50,2.07
2012.09.04 01:41:05.807,1.28433,1.28464,1.50,1.50
2012.09.04 01:41:06.071,1.28434,1.28464,1.13,1.50
2012.09.04 01:41:06.378,1.28451,1.28472,1.50,1.32
2012.09.04 01:41:06.448,1.28451,1.28473,1.50,1.32
2012.09.04 01:41:06.698,1.28439,1.28477,1.58,2.07
2012.09.04 01:41:06.767,1.28437,1.2847,2.48,1.50
2012.09.04 01:41:07.166,1.28438,1.28464,1.50,1.50
2012.09.04 01:41:07.548,1.28436,1.28469,1.50,1.50
2012.09.04 01:41:08.460,1.28438,1.28469,1.50,2.25
2012.09.04 01:41:08.529,1.28432,1.28464,1.85,1.50
2012.09.04 01:41:09.319,1.28432,1.28464,1.50,1.50
2012.09.04 01:41:17.937,1.28432,1.28456,1.50,1.50
2012.09.04 01:41:22.005,1.28432,1.28459,1.50,1.50
2012.09.04 01:41:22.076,1.28432,1.28464,1.50,1.50
2012.09.04 01:41:31.378,1.28432,1.28464,1.88,1.50
2012.09.04 01:41:31.700,1.28441,1.2847,2.07,1.50
2012.09.04 01:41:31.957,1.28437,1.2847,1.32,1.50
2012.09.04 01:41:32.089,1.28437,1.28466,1.32,1.50
2012.09.04 01:41:33.257,1.28436,1.28466,1.50,1.50
2012.09.04 01:41:34.488,1.28431,1.28466,1.58,1.50
2012.09.04 01:41:37.002,1.28431,1.28466,1.50,2.25
2012.09.04 01:41:37.581,1.28432,1.28466,1.50,2.25
2012.09.04 01:41:37.779,1.28441,1.2847,1.50,1.50
2012.09.04 01:41:37.909,1.28437,1.2847,1.58,2.25
2012.09.04 01:41:37.979,1.28436,1.2847,1.58,2.25
2012.09.04 01:41:38.237,1.28436,1.28467,1.50,1.50
2012.09.04 01:41:38.556,1.28432,1.28464,1.50,2.25
2012.09.04 01:41:41.017,1.28428,1.28463,1.32,1.50
2012.09.04 01:41:45.648,1.28428,1.28466,1.32,1.43
2012.09.04 01:41:45.719,1.28442,1.28471,1.50,2.22
2012.09.04 01:41:45.928,1.28437,1.28474,1.50,1.50
2012.09.04 01:41:45.998,1.28437,1.28473,1.50,1.50
2012.09.04 01:41:46.468,1.28437,1.28471,2.25,1.50
2012.09.04 01:41:46.997,1.28439,1.2847,1.50,1.50
2012.09.04 01:41:47.129,1.28437,1.28475,2.25,2.25
2012.09.04 01:41:47.199,1.28447,1.28476,1.32,1.50
2012.09.04 01:41:47.399,1.28447,1.28475,1.32,1.50
2012.09.04 01:41:47.907,1.28441,1.2847,2.07,1.50
2012.09.04 01:41:48.618,1.28441,1.2847,2.25,1.50
2012.09.04 01:41:52.838,1.28444,1.28478,1.13,3.00
2012.09.04 01:41:53.088,1.28452,1.28479,1.50,2.25
2012.09.04 01:41:53.468,1.2844,1.28479,1.62,2.25
2012.09.04 01:41:53.539,1.28438,1.28479,1.24,3.00
2012.09.04 01:41:53.607,1.2844,1.28471,1.62,1.50
2012.09.04 01:41:53.738,1.2844,1.28479,1.39,2.25
2012.09.04 01:41:53.808,1.28446,1.28479,1.50,1.50
2012.09.04 01:41:57.386,1.28439,1.28479,1.39,3.00
2012.09.04 01:41:57.518,1.28439,1.28479,1.32,3.00
2012.09.04 01:41:57.650,1.28437,1.28473,1.58,1.50
2012.09.04 01:41:57.979,1.28439,1.28473,1.58,1.50
2012.09.04 01:41:58.179,1.28442,1.28476,1.50,1.50
2012.09.04 01:41:58.247,1.28442,1.28478,1.50,2.07
2012.09.04 01:42:00.918,1.28439,1.28474,1.58,1.32
2012.09.04 01:42:01.048,1.28436,1.28472,1.58,1.32
2012.09.04 01:42:01.178,1.28439,1.28476,1.50,1.54
2012.09.04 01:42:01.680,1.28446,1.28481,1.50,2.82
2012.09.04 01:42:02.901,1.28447,1.28482,1.50,1.50
2012.09.04 01:42:03.189,1.28442,1.28479,1.39,1.50
2012.09.04 01:42:04.321,1.28441,1.28479,1.32,1.50
2012.09.04 01:42:04.957,1.2844,1.28479,2.25,1.50
2012.09.04 01:42:07.597,1.2844,1.28474,1.50,1.50
2012.09.04 01:42:07.889,1.2844,1.28474,1.50,2.25
2012.09.04 01:42:08.250,1.28433,1.28472,2.60,1.50
2012.09.04 01:42:10.148,1.28447,1.28467,1.50,1.50
2012.09.04 01:42:10.278,1.28447,1.28478,1.50,2.48
2012.09.04 01:42:10.998,1.28447,1.2848,1.50,1.50
2012.09.04 01:42:12.659,1.2845,1.2848,1.50,1.50
2012.09.04 01:42:12.788,1.28452,1.28484,1.32,3.00
2012.09.04 01:42:13.099,1.2844,1.28478,1.32,2.25
2012.09.04 01:42:14.017,1.28438,1.28471,1.58,2.25
2012.09.04 01:42:14.668,1.28436,1.28471,3.64,2.25
2012.09.04 01:42:14.810,1.28441,1.28471,1.50,2.25
2012.09.04 01:42:14.947,1.28441,1.28478,1.95,1.50
2012.09.04 01:42:15.457,1.2845,1.28478,1.50,1.50
2012.09.04 01:42:15.767,1.28451,1.2848,1.50,1.50
2012.09.04 01:42:17.327,1.28451,1.2848,1.50,1.50
2012.09.04 01:42:19.087,1.28451,1.2848,1.50,1.50
2012.09.04 01:42:19.277,1.28447,1.28477,2.25,1.50
2012.09.04 01:42:19.407,1.28447,1.2848,2.25,3.00
2012.09.04 01:42:19.607,1.28449,1.28477,1.50,1.50
2012.09.04 01:42:19.738,1.28447,1.28477,2.40,1.50
2012.09.04 01:42:19.867,1.28447,1.2848,2.25,3.00
2012.09.04 01:42:20.177,1.28447,1.28478,2.48,1.50
2012.09.04 01:42:20.428,1.28455,1.2848,1.50,3.00
2012.09.04 01:42:20.617,1.28452,1.28477,1.50,1.50
2012.09.04 01:42:20.867,1.28455,1.2848,1.50,3.00
2012.09.04 01:42:21.408,1.28456,1.2848,1.50,1.50
2012.09.04 01:42:21.668,1.28454,1.2848,1.50,1.50
2012.09.04 01:42:22.388,1.28452,1.28482,2.25,2.25
2012.09.04 01:42:23.272,1.28452,1.28482,2.25,2.25
2012.09.04 01:42:25.778,1.28447,1.28481,2.25,1.50
2012.09.04 01:42:25.910,1.28447,1.28482,2.25,2.25
2012.09.04 01:42:26.798,1.28447,1.28481,1.73,1.50
2012.09.04 01:42:30.028,1.28453,1.28478,1.32,1.50
2012.09.04 01:42:30.158,1.28454,1.28481,1.50,1.50
2012.09.04 01:42:30.478,1.28446,1.28481,1.65,1.50
2012.09.04 01:42:31.057,1.2845,1.28481,1.50,1.50
2012.09.04 01:42:31.143,1.28451,1.28481,1.50,1.50
2012.09.04 01:42:31.718,1.28455,1.28481,1.50,1.50
2012.09.04 01:42:32.689,1.28449,1.28481,1.50,2.25
2012.09.04 01:42:32.759,1.28447,1.28481,1.50,2.25
2012.09.04 01:42:33.158,1.28452,1.28481,1.50,1.50
2012.09.04 01:42:33.538,1.28446,1.28481,1.50,1.50
2012.09.04 01:42:33.667,1.28452,1.28481,1.50,1.50
2012.09.04 01:42:33.867,1.28449,1.28481,1.50,2.25
2012.09.04 01:42:33.937,1.28446,1.28481,1.65,2.25
2012.09.04 01:42:34.739,1.28446,1.28481,1.50,2.25
2012.09.04 01:42:40.165,1.28449,1.2848,1.50,2.25
2012.09.04 01:42:40.479,1.28453,1.28485,1.50,3.00
2012.09.04 01:42:40.682,1.28453,1.28485,1.50,3.00
2012.09.04 01:42:40.962,1.28455,1.28485,1.50,3.00
2012.09.04 01:42:41.309,1.28455,1.28485,1.50,3.00
2012.09.04 01:42:41.741,1.28459,1.28485,1.50,3.00
2012.09.04 01:42:42.439,1.28459,1.28485,1.50,3.00
2012.09.04 01:42:43.177,1.2846,1.28485,1.50,2.25
2012.09.04 01:42:50.103,1.28457,1.28484,1.32,1.50
2012.09.04 01:42:50.251,1.28459,1.28485,1.50,1.50
2012.09.04 01:42:50.389,1.28457,1.28483,1.32,1.50
2012.09.04 01:42:50.794,1.28457,1.28481,1.32,1.50
2012.09.04 01:42:51.151,1.28444,1.28481,1.32,1.50
2012.09.04 01:42:51.299,1.28437,1.28478,1.10,1.50
2012.09.04 01:42:51.441,1.28437,1.28473,1.10,1.50
2012.09.04 01:42:51.969,1.28438,1.28473,1.10,1.50
2012.09.04 01:42:52.510,1.28437,1.28473,1.10,1.50
2012.09.04 01:42:53.135,1.28437,1.28473,1.10,1.50
2012.09.04 01:42:53.750,1.28437,1.28473,1.10,1.50
2012.09.04 01:42:54.095,1.28433,1.28473,1.50,2.25
2012.09.04 01:42:55.080,1.28434,1.28473,1.50,2.25
2012.09.04 01:42:55.539,1.28434,1.28473,1.58,1.50
2012.09.04 01:42:55.610,1.28437,1.28473,1.50,1.50
2012.09.04 01:42:56.149,1.28434,1.28473,1.50,1.50
2012.09.04 01:42:56.590,1.28439,1.28473,1.50,1.50
2012.09.04 01:42:57.118,1.28439,1.28474,1.50,3.00
2012.09.04 01:43:01.029,1.28435,1.28473,1.32,2.25
2012.09.04 01:43:01.168,1.28434,1.28473,1.50,2.25
2012.09.04 01:43:02.098,1.28434,1.28473,1.50,2.25
2012.09.04 01:43:02.909,1.28432,1.28464,1.50,1.50
2012.09.04 01:43:03.098,1.28428,1.28464,1.50,1.50
2012.09.04 01:43:03.519,1.28431,1.28468,1.58,2.07
2012.09.04 01:43:03.590,1.28431,1.28468,1.58,2.07
2012.09.04 01:43:03.661,1.28432,1.28468,1.50,2.07
2012.09.04 01:43:03.741,1.28434,1.28468,2.33,1.32
2012.09.04 01:43:05.220,1.28441,1.28471,1.50,2.07
2012.09.04 01:43:05.348,1.28441,1.28471,2.07,1.50
2012.09.04 01:43:08.090,1.28442,1.28471,1.32,2.25
2012.09.04 01:43:08.159,1.28441,1.28471,1.32,2.25
2012.09.04 01:43:08.349,1.28435,1.28471,1.32,1.50
2012.09.04 01:43:09.158,1.28435,1.28466,1.32,1.50
2012.09.04 01:43:09.368,1.28427,1.28464,1.32,1.73
2012.09.04 01:43:09.439,1.28428,1.28465,1.32,1.66
2012.09.04 01:43:09.511,1.28434,1.28468,1.05,2.25
2012.09.04 01:43:09.639,1.28429,1.28469,1.05,1.50
2012.09.04 01:43:09.780,1.28427,1.28469,4.02,1.50
2012.09.04 01:43:09.849,1.28427,1.28468,2.89,1.50
2012.09.04 01:43:09.920,1.28428,1.28469,2.14,3.00
2012.09.04 01:43:10.001,1.28434,1.28469,1.20,2.25
2012.09.04 01:43:10.199,1.28428,1.28468,1.39,1.50
2012.09.04 01:43:10.470,1.28428,1.28468,1.39,1.50
2012.09.04 01:43:10.809,1.28436,1.28471,1.32,2.25
2012.09.04 01:43:11.929,1.28436,1.28469,2.07,2.25
2012.09.04 01:43:12.088,1.28444,1.28471,1.50,1.50
2012.09.04 01:43:12.408,1.28444,1.28468,1.50,1.50
2012.09.04 01:43:12.728,1.28437,1.28471,1.58,2.25
2012.09.04 01:43:12.857,1.28444,1.28471,1.50,1.50
2012.09.04 01:43:13.178,1.28441,1.28471,1.50,2.25
2012.09.04 01:43:13.250,1.28436,1.28471,1.58,2.25
2012.09.04 01:43:13.438,1.28441,1.28471,1.50,1.50
2012.09.04 01:43:13.688,1.28436,1.28471,1.58,1.50
2012.09.04 01:43:13.759,1.28436,1.28471,1.50,1.50
2012.09.04 01:43:13.899,1.28436,1.28469,2.25,2.25
2012.09.04 01:43:14.209,1.28436,1.28471,1.50,2.25
2012.09.04 01:43:14.399,1.28437,1.28471,1.50,2.25
2012.09.04 01:43:14.738,1.28441,1.28471,1.32,2.25
2012.09.04 01:43:15.059,1.28443,1.28472,1.50,1.50
2012.09.04 01:43:15.259,1.28441,1.28471,1.32,1.50
2012.09.04 01:43:15.450,1.28441,1.28469,2.07,1.50
2012.09.04 01:43:15.579,1.28441,1.28471,2.07,1.50
2012.09.04 01:43:15.719,1.28441,1.28471,1.32,2.25
2012.09.04 01:43:15.790,1.28436,1.28471,1.32,2.25
2012.09.04 01:43:15.857,1.28434,1.28471,1.32,2.25
2012.09.04 01:43:16.169,1.28434,1.28472,1.39,2.25
2012.09.04 01:43:16.238,1.28436,1.28472,1.58,2.25
2012.09.04 01:43:16.943,1.28434,1.2847,1.32,1.50
2012.09.04 01:43:17.453,1.28432,1.28471,1.05,2.25
2012.09.04 01:43:17.536,1.28429,1.2847,1.54,1.50
2012.09.04 01:43:17.611,1.28429,1.2847,1.54,3.00
2012.09.04 01:43:17.679,1.28436,1.28472,1.20,1.32
2012.09.04 01:43:17.950,1.28437,1.28471,1.05,1.50
2012.09.04 01:43:18.079,1.28435,1.28471,1.13,1.50
2012.09.04 01:43:18.149,1.28435,1.28471,1.20,1.50
2012.09.04 01:43:18.468,1.28436,1.2847,2.29,2.25
2012.09.04 01:43:18.789,1.28444,1.2847,1.32,1.50
2012.09.04 01:43:18.979,1.28437,1.2847,1.62,1.50
2012.09.04 01:43:19.108,1.28437,1.28472,1.32,1.50
2012.09.04 01:43:19.178,1.28444,1.28472,1.32,1.50
2012.09.04 01:43:19.439,1.28436,1.28471,2.37,1.50
2012.09.04 01:43:19.649,1.28436,1.28471,2.14,1.50
2012.09.04 01:43:19.720,1.28438,1.28472,1.50,1.50
2012.09.04 01:43:19.940,1.28437,1.28472,1.80,1.50
2012.09.04 01:43:20.010,1.28437,1.2847,1.73,1.50
2012.09.04 01:43:20.150,1.28438,1.28471,1.50,1.50
2012.09.04 01:43:20.399,1.28439,1.2847,1.58,1.50
2012.09.04 01:43:20.468,1.28439,1.2847,1.50,1.50
2012.09.04 01:43:21.059,1.28436,1.2847,2.07,1.50
2012.09.04 01:43:21.129,1.28446,1.28471,1.50,1.50
2012.09.04 01:43:21.719,1.28446,1.28471,1.50,1.50
2012.09.04 01:43:22.100,1.28446,1.28471,1.50,1.50
2012.09.04 01:43:22.418,1.28444,1.2847,1.32,1.50
2012.09.04 01:43:22.487,1.2844,1.2847,1.32,1.50
2012.09.04 01:43:23.010,1.28439,1.2847,1.50,1.50
2012.09.04 01:43:23.142,1.28446,1.2847,1.50,1.50
2012.09.04 01:43:23.400,1.28441,1.2847,1.50,1.50
2012.09.04 01:43:23.469,1.28439,1.2847,1.50,1.50
2012.09.04 01:43:23.678,1.28447,1.2847,1.50,1.50
2012.09.04 01:43:23.889,1.28441,1.2847,1.50,2.25
2012.09.04 01:43:24.078,1.28446,1.2847,1.50,1.50
2012.09.04 01:43:24.399,1.28446,1.2847,1.50,2.25
2012.09.04 01:43:24.469,1.28435,1.28463,1.24,1.50
2012.09.04 01:43:24.540,1.28433,1.28463,2.44,1.50
2012.09.04 01:43:24.748,1.2842,1.28458,1.50,1.50
2012.09.04 01:43:25.497,1.2842,1.28458,1.50,1.50
2012.09.04 01:43:25.959,1.2842,1.28457,1.50,1.50
2012.09.04 01:43:26.639,1.28419,1.28457,2.25,1.50
2012.09.04 01:43:26.708,1.28419,1.28443,1.50,1.50
2012.09.04 01:43:26.781,1.28413,1.28443,1.32,1.50
2012.09.04 01:43:26.850,1.28411,1.28443,2.40,1.50
2012.09.04 01:43:26.919,1.28414,1.28446,1.50,1.32
2012.09.04 01:43:27.200,1.28427,1.28447,1.50,1.32
2012.09.04 01:43:27.409,1.28422,1.28446,1.58,1.32
2012.09.04 01:43:27.620,1.28419,1.28446,1.50,1.32
2012.09.04 01:43:27.692,1.28425,1.28446,1.50,1.32
2012.09.04 01:43:27.960,1.28423,1.28446,2.70,1.32
2012.09.04 01:43:28.101,1.28423,1.28445,1.50,1.32
2012.09.04 01:43:28.360,1.28418,1.28454,2.60,1.50
2012.09.04 01:43:28.847,1.28419,1.28454,1.50,1.50
2012.09.04 01:43:29.370,1.28418,1.28449,2.60,1.50
2012.09.04 01:43:29.570,1.28418,1.28449,1.50,1.50
2012.09.04 01:43:29.758,1.28415,1.28449,1.50,1.50
2012.09.04 01:43:30.339,1.28413,1.28449,2.25,1.50
2012.09.04 01:43:31.650,1.28412,1.28449,3.00,1.50
2012.09.04 01:43:31.791,1.28412,1.28444,2.25,1.50
2012.09.04 01:43:32.124,1.28412,1.28444,2.25,1.50
2012.09.04 01:43:32.518,1.28412,1.28444,2.25,1.50
2012.09.04 01:43:32.721,1.28412,1.28438,2.25,1.50
2012.09.04 01:43:32.858,1.28407,1.28438,1.50,1.50
2012.09.04 01:43:34.858,1.28412,1.28445,1.50,1.32
2012.09.04 01:43:35.332,1.28427,1.28452,1.50,2.48
2012.09.04 01:43:35.426,1.28418,1.28455,1.13,1.50
2012.09.04 01:43:35.570,1.28417,1.28454,1.50,1.50
2012.09.04 01:43:35.719,1.28414,1.28456,1.50,1.50
2012.09.04 01:43:35.849,1.28414,1.28455,1.50,1.50
2012.09.04 01:43:36.169,1.28417,1.28451,1.50,1.47
2012.09.04 01:43:37.697,1.28417,1.28452,1.50,1.50
2012.09.04 01:43:39.716,1.28417,1.28452,2.25,1.50
2012.09.04 01:43:40.022,1.28424,1.28452,1.50,1.50
2012.09.04 01:43:40.099,1.28424,1.28455,1.50,2.25
2012.09.04 01:43:40.169,1.28428,1.28455,1.50,1.13
2012.09.04 01:43:40.510,1.28428,1.28452,2.07,2.25
2012.09.04 01:43:40.640,1.28428,1.2845,1.32,1.50
2012.09.04 01:43:44.156,1.28428,1.28452,1.32,2.25
2012.09.04 01:43:44.227,1.28421,1.28452,1.50,1.50
2012.09.04 01:43:45.188,1.28421,1.28452,1.50,2.25
2012.09.04 01:43:47.639,1.28415,1.28449,1.32,1.50
2012.09.04 01:43:47.709,1.28415,1.28449,1.32,1.50
2012.09.04 01:43:47.780,1.28409,1.28444,1.58,1.50
2012.09.04 01:43:47.908,1.28411,1.2845,1.50,2.22
2012.09.04 01:43:50.020,1.2842,1.28454,1.50,2.07
2012.09.04 01:43:50.150,1.2842,1.28454,1.50,1.50
2012.09.04 01:43:51.081,1.2842,1.28453,1.50,2.25
2012.09.04 01:43:51.279,1.28415,1.28449,1.50,1.50
2012.09.04 01:43:52.343,1.28415,1.28452,1.50,1.50
2012.09.04 01:43:52.489,1.28415,1.28452,1.58,1.50
2012.09.04 01:43:52.557,1.28421,1.28453,1.50,2.25
2012.09.04 01:43:53.697,1.28417,1.28452,2.07,1.50
2012.09.04 01:43:53.769,1.28415,1.28449,1.50,1.50
2012.09.04 01:43:53.838,1.28412,1.28449,1.17,1.50
2012.09.04 01:43:54.276,1.28415,1.28449,1.50,1.50
2012.09.04 01:43:58.809,1.28412,1.28449,1.10,1.50
2012.09.04 01:43:58.938,1.28411,1.28444,1.10,1.50
2012.09.04 01:44:02.669,1.28404,1.28444,1.73,1.50
2012.09.04 01:44:02.812,1.284,1.2843,1.66,1.50
2012.09.04 01:44:03.400,1.28403,1.2843,1.10,1.50
2012.09.04 01:44:03.528,1.28403,1.28436,1.85,1.32
2012.09.04 01:44:04.227,1.28409,1.28442,1.32,2.25
2012.09.04 01:44:06.427,1.28409,1.28446,1.65,1.50
2012.09.04 01:44:06.949,1.28412,1.28446,1.50,1.50
2012.09.04 01:44:07.020,1.28416,1.28449,1.50,1.43
2012.09.04 01:44:07.148,1.28414,1.28448,2.33,1.50
2012.09.04 01:44:07.219,1.28414,1.28444,1.50,1.50
2012.09.04 01:44:07.289,1.28409,1.28444,4.28,1.50
2012.09.04 01:44:07.359,1.28409,1.28444,3.15,1.50
2012.09.04 01:44:07.969,1.28409,1.28448,1.32,2.18
2012.09.04 01:44:08.297,1.28411,1.28451,2.82,1.50
2012.09.04 01:44:10.430,1.28411,1.2844,1.50,1.50
2012.09.04 01:44:10.500,1.28407,1.2844,1.17,1.50
2012.09.04 01:44:10.751,1.28409,1.28443,1.50,1.32
2012.09.04 01:44:36.627,1.28411,1.28447,1.50,1.50
2012.09.04 01:44:36.698,1.28416,1.2845,1.50,1.24
2012.09.04 01:44:36.826,1.28416,1.28453,1.50,1.43
2012.09.04 01:44:39.501,1.28416,1.28453,1.50,1.50
2012.09.04 01:44:39.830,1.28416,1.28452,1.50,1.50
2012.09.04 01:44:40.499,1.28414,1.28446,1.32,1.50
2012.09.04 01:44:41.469,1.28412,1.2845,2.82,1.43
2012.09.04 01:44:41.537,1.28416,1.28453,1.50,1.50
2012.09.04 01:44:42.638,1.28416,1.28453,1.50,1.50
2012.09.04 01:44:42.768,1.28422,1.28454,1.50,2.25
2012.09.04 01:44:42.960,1.28419,1.28451,1.32,1.43
2012.09.04 01:44:43.279,1.28419,1.28447,1.32,1.50
2012.09.04 01:44:43.689,1.28419,1.28443,1.32,1.50
2012.09.04 01:44:43.950,1.28419,1.28445,1.32,1.43
2012.09.04 01:44:44.019,1.28411,1.28445,1.32,1.43
2012.09.04 01:44:44.088,1.28409,1.28447,1.65,3.00
2012.09.04 01:44:45.668,1.28409,1.2845,1.80,2.82
2012.09.04 01:44:45.739,1.28412,1.2845,1.58,2.07
2012.09.04 01:44:47.740,1.28413,1.28438,1.32,1.50
2012.09.04 01:44:48.098,1.28413,1.28437,1.32,1.50
2012.09.04 01:44:48.911,1.28407,1.28443,1.66,2.18
2012.09.04 01:44:48.977,1.28407,1.28443,1.10,2.18
2012.09.04 01:44:49.327,1.28407,1.28443,1.10,2.18
2012.09.04 01:44:49.648,1.28405,1.28431,1.85,1.50
2012.09.04 01:44:49.880,1.28405,1.28431,1.50,1.50
2012.09.04 01:44:51.008,1.28402,1.28431,1.32,1.50
2012.09.04 01:44:51.520,1.284,1.28431,1.10,1.50
2012.09.04 01:45:00.717,1.28396,1.28431,1.10,1.50
2012.09.04 01:45:14.059,1.28397,1.28431,1.50,1.50
2012.09.04 01:45:14.249,1.28402,1.28438,1.50,1.50
2012.09.04 01:45:15.987,1.28402,1.28434,1.50,1.50
2012.09.04 01:45:16.290,1.28402,1.28432,1.50,1.50
2012.09.04 01:45:16.607,1.28398,1.2843,1.32,1.50
2012.09.04 01:45:17.729,1.28398,1.2843,1.32,1.50
2012.09.04 01:45:19.597,1.28398,1.28434,1.50,1.43
2012.09.04 01:45:19.728,1.28411,1.28435,1.50,1.24
2012.09.04 01:45:19.918,1.2841,1.28435,1.65,1.32
2012.09.04 01:45:19.989,1.28407,1.28431,1.13,1.50
2012.09.04 01:45:20.062,1.28398,1.28431,1.10,1.50
2012.09.04 01:45:20.127,1.28402,1.28435,1.10,1.32
2012.09.04 01:45:20.198,1.28402,1.28436,1.10,1.24
2012.09.04 01:45:20.327,1.28402,1.28435,1.10,1.32
2012.09.04 01:45:20.397,1.28398,1.2843,1.10,1.50
2012.09.04 01:45:21.235,1.28401,1.28435,1.10,1.32
2012.09.04 01:45:21.311,1.28402,1.28437,1.10,1.50
2012.09.04 01:45:23.437,1.28402,1.28437,1.85,1.50
2012.09.04 01:45:23.749,1.28402,1.28442,3.42,1.50
2012.09.04 01:45:24.658,1.28407,1.28443,1.50,1.32
2012.09.04 01:45:25.238,1.28411,1.28447,1.50,2.25
2012.09.04 01:45:25.310,1.28409,1.28446,1.50,1.50
2012.09.04 01:45:25.558,1.28407,1.28445,1.50,1.50
2012.09.04 01:45:25.821,1.28407,1.28441,1.50,1.50
2012.09.04 01:45:28.947,1.28402,1.28441,1.17,3.00
2012.09.04 01:45:29.018,1.28402,1.28438,1.17,1.50
2012.09.04 01:45:30.949,1.28402,1.28433,1.50,1.50
2012.09.04 01:45:31.271,1.28399,1.2843,1.39,1.50
2012.09.04 01:45:34.978,1.28399,1.2843,1.32,1.50
2012.09.04 01:45:39.098,1.284,1.28433,1.50,1.50
2012.09.04 01:45:39.229,1.284,1.28434,1.50,1.32
2012.09.04 01:45:39.419,1.284,1.28433,1.50,1.50
2012.09.04 01:45:39.548,1.28398,1.28431,1.10,1.50
2012.09.04 01:45:40.817,1.284,1.28433,1.50,1.50
2012.09.04 01:45:40.948,1.28402,1.28438,1.50,3.91
2012.09.04 01:45:41.077,1.28402,1.28438,1.50,3.23
2012.09.04 01:46:11.439,1.28403,1.28443,1.50,2.25
2012.09.04 01:46:13.066,1.28402,1.28443,3.08,1.50
2012.09.04 01:46:13.138,1.28402,1.28442,2.25,1.50
2012.09.04 01:46:13.210,1.28402,1.28437,1.50,1.50
2012.09.04 01:46:13.996,1.28401,1.28437,1.50,1.50
2012.09.04 01:46:16.930,1.28402,1.28442,1.50,1.32
2012.09.04 01:46:17.896,1.28407,1.28442,1.50,1.32
2012.09.04 01:46:18.230,1.284,1.28434,1.50,1.50
2012.09.04 01:46:18.300,1.28398,1.28434,1.50,1.50
2012.09.04 01:46:18.667,1.28397,1.28434,1.50,1.50
2012.09.04 01:46:24.178,1.28396,1.28433,2.25,1.50
2012.09.04 01:46:24.496,1.28395,1.28427,2.07,1.50
2012.09.04 01:46:26.155,1.28392,1.28427,2.60,1.50
2012.09.04 01:46:28.998,1.28392,1.28427,1.50,1.50
2012.09.04 01:46:29.750,1.28392,1.28426,2.25,1.43
2012.09.04 01:46:35.998,1.28392,1.2842,1.50,1.50
2012.09.04 01:46:36.669,1.28392,1.2842,1.50,1.50
2012.09.04 01:46:36.740,1.28392,1.28415,1.50,1.50
2012.09.04 01:46:36.880,1.28388,1.28415,1.32,1.50
2012.09.04 01:46:38.577,1.28384,1.28415,1.32,1.50
2012.09.04 01:46:38.771,1.28383,1.28419,2.14,1.50
2012.09.04 01:46:38.838,1.28384,1.28421,1.50,1.50
2012.09.04 01:46:40.947,1.28383,1.28419,1.58,2.07
2012.09.04 01:46:41.018,1.2838,1.28414,1.92,1.50
2012.09.04 01:46:45.615,1.2838,1.28414,2.67,1.50
2012.09.04 01:46:45.747,1.28385,1.2842,1.50,1.50
2012.09.04 01:46:50.906,1.28383,1.28419,1.58,1.50
2012.09.04 01:46:50.978,1.28381,1.28418,1.92,1.50
2012.09.04 01:46:51.047,1.28381,1.28415,1.10,1.50
2012.09.04 01:46:51.179,1.28381,1.28419,1.50,1.50
2012.09.04 01:46:52.978,1.2838,1.28418,1.17,1.50
2012.09.04 01:46:53.048,1.2838,1.28414,1.10,1.50
2012.09.04 01:46:53.879,1.2838,1.28414,1.10,1.50
2012.09.04 01:46:58.747,1.2838,1.28414,1.10,1.50
2012.09.04 01:46:59.371,1.2838,1.28414,1.10,1.50
2012.09.04 01:47:00.779,1.28379,1.28414,1.85,1.50
2012.09.04 01:47:04.112,1.28379,1.28408,1.85,1.50
2012.09.04 01:47:05.303,1.28379,1.28408,1.10,2.25
2012.09.04 01:47:05.616,1.28378,1.28408,1.10,3.68
2012.09.04 01:47:05.688,1.28379,1.28408,1.50,2.18
2012.09.04 01:47:05.758,1.28379,1.28408,1.50,2.18
2012.09.04 01:47:06.302,1.28377,1.28408,2.25,1.50
2012.09.04 01:47:06.437,1.28377,1.28414,2.25,1.43
2012.09.04 01:47:08.180,1.28377,1.28414,2.25,1.43
2012.09.04 01:47:11.538,1.28377,1.28409,1.50,1.50
2012.09.04 01:47:11.858,1.28375,1.28403,1.32,1.50
2012.09.04 01:47:11.928,1.28375,1.28403,1.32,1.43
2012.09.04 01:47:12.059,1.28375,1.28411,1.32,3.00
2012.09.04 01:47:13.805,1.28374,1.28411,2.07,1.50
2012.09.04 01:47:13.939,1.28382,1.28414,1.50,2.56
2012.09.04 01:47:14.013,1.28383,1.28416,1.32,1.50
2012.09.04 01:47:14.090,1.28383,1.28421,1.32,1.43
2012.09.04 01:47:14.348,1.28383,1.28423,1.32,4.50
2012.09.04 01:47:14.479,1.28387,1.28423,1.58,3.00
2012.09.04 01:47:22.559,1.28391,1.28428,1.32,2.25
2012.09.04 01:47:23.320,1.28397,1.28427,1.50,1.50
2012.09.04 01:47:25.501,1.28398,1.28428,1.32,2.25
2012.09.04 01:47:31.856,1.28396,1.28426,1.32,1.50
2012.09.04 01:47:32.760,1.28389,1.28424,1.32,1.50
2012.09.04 01:47:32.861,1.28387,1.28424,1.50,2.25
2012.09.04 01:47:35.454,1.28384,1.28419,1.39,1.50
2012.09.04 01:47:35.531,1.28383,1.28419,1.39,1.50
2012.09.04 01:47:36.062,1.28382,1.28419,1.10,1.50
2012.09.04 01:47:36.627,1.28381,1.2842,1.92,1.50
2012.09.04 01:47:36.759,1.28388,1.28421,1.50,1.32
2012.09.04 01:47:36.948,1.28388,1.28423,1.65,1.50
2012.09.04 01:47:40.687,1.28388,1.28421,1.50,1.50
2012.09.04 01:47:41.000,1.28386,1.28414,1.54,1.50
2012.09.04 01:47:42.066,1.28383,1.28419,1.50,3.75
2012.09.04 01:47:42.199,1.28383,1.28419,1.50,3.00
2012.09.04 01:47:44.909,1.2838,1.28414,1.39,1.50
2012.09.04 01:47:45.337,1.28383,1.28419,1.50,1.50
2012.09.04 01:47:46.518,1.28379,1.28414,1.39,1.50
2012.09.04 01:47:47.269,1.28379,1.28414,1.10,1.50
2012.09.04 01:47:47.799,1.28379,1.28412,1.10,1.50
2012.09.04 01:47:48.107,1.28375,1.28406,1.10,1.50
2012.09.04 01:47:48.760,1.28378,1.28406,1.10,1.50
2012.09.04 01:47:49.844,1.28378,1.28406,1.10,1.50
2012.09.04 01:47:50.472,1.28378,1.28402,1.10,1.50
2012.09.04 01:47:51.069,1.28377,1.284,1.10,1.50
2012.09.04 01:47:51.939,1.28376,1.28403,1.10,1.50
2012.09.04 01:47:52.009,1.28376,1.28406,1.10,2.18
2012.09.04 01:47:52.079,1.28376,1.28406,1.10,1.50
2012.09.04 01:47:52.729,1.28377,1.28406,1.10,1.50
2012.09.04 01:47:57.667,1.28377,1.28402,1.10,1.50
2012.09.04 01:47:57.918,1.28377,1.28402,1.10,1.50
2012.09.04 01:47:57.987,1.28377,1.28403,1.10,1.50
2012.09.04 01:47:58.237,1.28377,1.28402,1.10,1.50
2012.09.04 01:47:58.489,1.28377,1.28404,1.10,2.07
2012.09.04 01:47:58.617,1.28377,1.28402,1.10,1.50
2012.09.04 01:47:58.941,1.28377,1.284,1.10,1.50
2012.09.04 01:48:00.207,1.28377,1.28404,1.10,1.50
2012.09.04 01:48:00.279,1.28377,1.28406,1.10,1.50
2012.09.04 01:48:13.389,1.28375,1.28404,1.10,1.50
2012.09.04 01:48:13.920,1.28376,1.28393,1.10,1.50
2012.09.04 01:48:13.998,1.28376,1.28399,1.10,1.32
2012.09.04 01:48:14.187,1.28376,1.28399,1.10,2.07
2012.09.04 01:48:14.948,1.28376,1.28399,1.10,2.07
2012.09.04 01:48:15.078,1.28375,1.28406,1.10,1.50
2012.09.04 01:48:18.168,1.28375,1.284,1.10,1.50
2012.09.04 01:48:18.479,1.28375,1.284,1.10,1.50
2012.09.04 01:48:18.809,1.28382,1.2841,1.50,1.17
2012.09.04 01:48:19.000,1.28386,1.2842,1.58,1.50
2012.09.04 01:48:19.071,1.28386,1.28422,1.58,1.50
2012.09.04 01:48:19.149,1.28386,1.28428,1.80,3.00
2012.09.04 01:48:19.411,1.28396,1.28428,1.50,2.25
2012.09.04 01:48:19.679,1.28399,1.28433,1.32,3.38
2012.09.04 01:48:19.749,1.28399,1.28432,1.32,1.50
2012.09.04 01:48:19.937,1.28399,1.28433,1.32,3.38
2012.09.04 01:48:20.009,1.28402,1.28428,1.50,1.50
2012.09.04 01:48:20.150,1.28402,1.28433,1.50,2.63
2012.09.04 01:48:22.695,1.28401,1.28433,1.50,2.63
2012.09.04 01:48:23.355,1.28401,1.28433,1.50,2.63
2012.09.04 01:48:23.559,1.28407,1.28435,1.50,1.13
2012.09.04 01:48:23.758,1.28407,1.28438,1.50,3.00
2012.09.04 01:48:23.890,1.28407,1.28438,1.50,2.25
2012.09.04 01:48:24.078,1.28411,1.28438,1.50,1.50
2012.09.04 01:48:24.389,1.28413,1.28438,1.50,1.50
2012.09.04 01:48:25.269,1.28411,1.28438,1.50,1.50
2012.09.04 01:48:25.618,1.28407,1.28438,1.50,1.50
2012.09.04 01:48:25.691,1.28406,1.28438,1.32,2.25
2012.09.04 01:48:25.819,1.28402,1.28433,1.54,3.00
2012.09.04 01:48:27.334,1.28406,1.28433,1.32,1.50
2012.09.04 01:48:29.459,1.28405,1.28437,1.50,1.32
2012.09.04 01:48:31.258,1.28406,1.28438,1.10,1.32
2012.09.04 01:48:31.449,1.28411,1.28442,1.50,2.25
2012.09.04 01:48:31.520,1.28411,1.28444,1.50,1.24
2012.09.04 01:48:31.649,1.28417,1.28445,1.50,1.32
2012.09.04 01:48:32.088,1.28417,1.28445,1.50,1.32
2012.09.04 01:48:32.624,1.28421,1.28454,1.13,2.07
2012.09.04 01:48:32.705,1.28421,1.28454,1.13,1.50
2012.09.04 01:48:37.927,1.28418,1.28452,1.32,1.50
2012.09.04 01:48:37.999,1.28414,1.28449,1.58,1.50
2012.09.04 01:48:38.611,1.28413,1.28448,1.50,2.25
2012.09.04 01:48:50.347,1.28418,1.28453,1.50,1.50
2012.09.04 01:48:53.571,1.28418,1.28453,1.50,2.25
2012.09.04 01:48:57.679,1.28418,1.28453,1.50,1.50
2012.09.04 01:48:57.939,1.28418,1.28453,1.50,1.50
2012.09.04 01:48:58.150,1.28419,1.28455,2.25,1.50
2012.09.04 01:48:58.231,1.28419,1.28455,1.50,1.43
2012.09.04 01:48:58.428,1.28419,1.28453,2.25,1.50
2012.09.04 01:48:59.168,1.28419,1.28453,1.50,1.50
2012.09.04 01:48:59.238,1.28423,1.28459,1.50,3.00
2012.09.04 01:49:00.389,1.28423,1.28457,1.50,1.50
2012.09.04 01:49:00.462,1.2842,1.28454,1.32,1.50
2012.09.04 01:49:00.669,1.28419,1.28452,1.32,1.50
2012.09.04 01:49:01.470,1.28416,1.28452,1.50,1.50
2012.09.04 01:49:04.117,1.28414,1.2845,1.39,1.50
2012.09.04 01:49:04.307,1.28411,1.28449,2.67,1.50
2012.09.04 01:49:04.847,1.28411,1.28446,2.60,1.50
2012.09.04 01:49:06.377,1.28413,1.28448,2.25,2.25
2012.09.04 01:49:10.376,1.28413,1.28449,3.00,1.50
2012.09.04 01:49:10.509,1.28416,1.28454,1.50,1.50
2012.09.04 01:49:12.342,1.28416,1.28448,1.50,1.50
2012.09.04 01:49:13.388,1.28416,1.28454,1.50,1.50
2012.09.04 01:49:15.613,1.28414,1.28454,2.82,2.25
2012.09.04 01:49:15.859,1.28411,1.28448,3.00,1.50
2012.09.04 01:49:18.804,1.28413,1.28448,1.50,1.50
2012.09.04 01:49:19.116,1.28416,1.28449,1.50,1.50
2012.09.04 01:49:23.930,1.28411,1.28449,1.58,3.00
2012.09.04 01:49:30.353,1.28413,1.28449,1.50,3.00
2012.09.04 01:49:30.668,1.28416,1.28449,1.50,1.50
2012.09.04 01:49:31.857,1.28414,1.28449,1.32,2.25
2012.09.04 01:49:31.930,1.28409,1.28446,1.05,1.50
2012.09.04 01:49:32.441,1.28408,1.28443,1.58,2.25
2012.09.04 01:49:39.680,1.28406,1.28439,1.32,1.88
2012.09.04 01:49:40.011,1.28406,1.28434,1.32,1.50
2012.09.04 01:49:40.449,1.28406,1.28429,1.32,1.50
2012.09.04 01:49:41.440,1.28406,1.28435,1.32,1.50
2012.09.04 01:49:42.412,1.28403,1.28435,1.32,1.50
2012.09.04 01:49:42.631,1.28401,1.28435,1.50,1.50
2012.09.04 01:49:43.079,1.28401,1.28435,2.33,1.50
2012.09.04 01:49:43.149,1.28401,1.2844,3.83,1.13
2012.09.04 01:49:43.697,1.28401,1.28442,3.83,2.07
2012.09.04 01:49:44.383,1.28407,1.28442,1.50,1.32
2012.09.04 01:49:50.102,1.28408,1.28443,1.50,2.25
2012.09.04 01:49:50.697,1.28413,1.28443,1.50,2.25
2012.09.04 01:49:51.570,1.28413,1.28445,1.50,2.25
2012.09.04 01:49:51.901,1.28413,1.28445,1.50,1.50
2012.09.04 01:49:52.259,1.2841,1.28435,1.32,1.50
2012.09.04 01:49:52.588,1.2841,1.28428,1.32,1.50
2012.09.04 01:49:52.779,1.28401,1.28428,1.32,1.50
2012.09.04 01:49:54.102,1.28401,1.28435,1.32,1.50
2012.09.04 01:49:54.610,1.28401,1.28427,1.32,1.50
2012.09.04 01:49:56.798,1.28401,1.28435,1.32,1.50
2012.09.04 01:49:56.988,1.28404,1.28435,1.32,1.50
2012.09.04 01:49:57.058,1.28407,1.28435,1.50,1.50
2012.09.04 01:49:57.578,1.28404,1.28435,1.32,2.25
2012.09.04 01:49:57.958,1.28404,1.28431,1.32,3.00
2012.09.04 01:49:58.210,1.28395,1.28422,1.10,1.50
2012.09.04 01:49:58.280,1.28395,1.2842,1.10,1.50
2012.09.04 01:49:58.819,1.28388,1.2842,1.32,1.50
2012.09.04 01:49:59.128,1.28391,1.2842,1.50,1.50
2012.09.04 01:49:59.409,1.28391,1.28426,1.50,3.00
2012.09.04 01:50:03.870,1.28389,1.28426,1.10,3.00
2012.09.04 01:50:04.200,1.2839,1.2842,1.10,2.25
2012.09.04 01:50:04.341,1.2839,1.2842,1.10,1.50
2012.09.04 01:50:04.470,1.2839,1.28419,1.10,1.50
2012.09.04 01:50:04.808,1.2839,1.28425,1.10,2.25
2012.09.04 01:50:04.939,1.2839,1.2842,1.10,1.50
2012.09.04 01:50:05.068,1.2839,1.28425,1.10,2.25
2012.09.04 01:50:06.899,1.28389,1.28425,1.10,1.50
2012.09.04 01:50:07.979,1.28389,1.28425,1.92,2.25
2012.09.04 01:50:09.208,1.2839,1.28425,1.10,1.50
2012.09.04 01:50:10.460,1.28391,1.28417,1.85,1.50
2012.09.04 01:50:11.211,1.28391,1.28423,1.50,1.50
2012.09.04 01:50:11.611,1.28391,1.28423,1.50,1.50
2012.09.04 01:50:12.150,1.284,1.28423,1.50,1.50
2012.09.04 01:50:12.399,1.28401,1.28431,1.50,1.50
2012.09.04 01:50:13.393,1.28399,1.28431,1.32,1.50
2012.09.04 01:50:13.939,1.28395,1.28435,2.25,1.50
2012.09.04 01:50:14.322,1.28395,1.28426,2.25,1.50
2012.09.04 01:50:14.660,1.28394,1.28423,2.25,1.50
2012.09.04 01:50:16.208,1.284,1.28423,2.25,1.50
2012.09.04 01:50:16.278,1.284,1.2843,2.25,1.50
2012.09.04 01:50:16.469,1.284,1.28432,2.25,1.50
2012.09.04 01:50:16.538,1.284,1.28434,2.25,1.50
2012.09.04 01:50:16.609,1.284,1.28434,2.25,1.50
2012.09.04 01:50:20.107,1.28404,1.28434,1.50,1.50
2012.09.04 01:50:20.420,1.28404,1.28429,1.32,1.50
2012.09.04 01:50:20.810,1.28404,1.28423,1.32,1.50
2012.09.04 01:50:21.222,1.28404,1.2842,1.32,1.50
2012.09.04 01:50:21.690,1.28404,1.28423,1.32,1.50
2012.09.04 01:50:21.762,1.28398,1.28428,2.25,1.50
2012.09.04 01:50:21.843,1.28394,1.28428,1.50,1.50
2012.09.04 01:50:22.131,1.28394,1.28434,1.50,2.25
2012.09.04 01:50:22.459,1.28394,1.28428,1.50,1.50
2012.09.04 01:50:23.260,1.28396,1.28428,1.58,1.50
2012.09.04 01:50:23.671,1.28396,1.28428,1.58,1.50
2012.09.04 01:50:23.757,1.28393,1.28428,1.58,1.50
2012.09.04 01:50:23.968,1.28393,1.28428,1.50,1.50
2012.09.04 01:50:27.211,1.28392,1.28421,1.85,1.50
2012.09.04 01:50:27.838,1.28392,1.28428,1.85,1.50
2012.09.04 01:50:31.378,1.28394,1.28428,1.50,1.50
2012.09.04 01:50:31.510,1.28408,1.2844,1.10,2.25
2012.09.04 01:50:31.580,1.28404,1.28439,1.13,2.25
2012.09.04 01:50:31.829,1.28395,1.28428,2.25,1.50
2012.09.04 01:50:32.180,1.28395,1.28419,2.25,1.50
2012.09.04 01:50:32.320,1.28393,1.28419,1.10,1.50
2012.09.04 01:50:32.508,1.28384,1.28416,1.10,1.50
2012.09.04 01:50:32.579,1.28384,1.28414,1.10,1.50
2012.09.04 01:50:36.038,1.28384,1.28419,1.10,1.50
2012.09.04 01:50:41.781,1.28388,1.28421,1.50,1.50
2012.09.04 01:50:42.080,1.28388,1.28421,1.50,1.50
2012.09.04 01:50:42.300,1.28385,1.28421,2.25,1.50
2012.09.04 01:50:46.440,1.28388,1.28421,1.50,1.50
2012.09.04 01:50:47.039,1.28388,1.28422,1.50,2.82
2012.09.04 01:50:48.180,1.28386,1.28422,2.25,1.32
2012.09.04 01:50:48.699,1.28387,1.28427,1.50,1.50
2012.09.04 01:50:49.238,1.28387,1.28422,1.50,1.50
2012.09.04 01:50:49.748,1.28388,1.28423,1.50,2.25
2012.09.04 01:50:50.723,1.28384,1.28412,1.32,2.25
2012.09.04 01:50:50.802,1.28386,1.28393,1.05,1.50
2012.09.04 01:50:50.873,1.28372,1.28392,1.10,1.50
2012.09.04 01:50:50.952,1.28373,1.28406,1.10,1.73
2012.09.04 01:50:52.018,1.28367,1.28386,1.50,1.50
2012.09.04 01:50:52.224,1.28367,1.28404,1.58,1.32
2012.09.04 01:50:52.372,1.28367,1.28407,1.50,3.00
2012.09.04 01:50:52.508,1.28367,1.28407,2.25,3.00
2012.09.04 01:50:52.920,1.28372,1.28407,1.50,2.25
2012.09.04 01:50:53.052,1.28376,1.28413,1.50,1.50
2012.09.04 01:50:53.383,1.28372,1.28413,3.00,2.25
2012.09.04 01:50:53.681,1.28372,1.28413,3.00,1.50
2012.09.04 01:50:55.667,1.28377,1.28413,1.50,2.25
2012.09.04 01:50:55.977,1.28366,1.28404,2.33,1.50
2012.09.04 01:50:56.178,1.28372,1.28406,1.50,2.25
2012.09.04 01:50:56.248,1.28372,1.28406,1.50,1.50
2012.09.04 01:50:56.318,1.28372,1.28406,1.50,2.07
2012.09.04 01:50:57.640,1.28372,1.28404,3.00,1.32
2012.09.04 01:50:58.329,1.28367,1.28401,2.25,1.54
2012.09.04 01:50:58.413,1.28371,1.28395,2.25,1.50
2012.09.04 01:50:58.942,1.28372,1.2841,2.25,1.32
2012.09.04 01:50:59.310,1.28372,1.28412,2.25,1.50
2012.09.04 01:51:01.878,1.28372,1.28409,1.50,1.50
2012.09.04 01:51:02.201,1.28364,1.28396,1.10,2.25
2012.09.04 01:51:02.269,1.28364,1.28396,1.10,2.25
2012.09.04 01:51:02.342,1.28364,1.28397,1.10,1.32
2012.09.04 01:51:02.472,1.28365,1.28403,1.50,3.04
2012.09.04 01:51:02.859,1.28368,1.28403,2.25,1.32
2012.09.04 01:51:04.612,1.2837,1.28404,1.50,1.32
2012.09.04 01:51:04.737,1.28374,1.2841,1.50,2.48
2012.09.04 01:51:04.869,1.28374,1.2841,1.50,1.50
2012.09.04 01:51:05.300,1.28374,1.2841,1.50,2.25
2012.09.04 01:51:11.148,1.28377,1.2841,1.58,1.50
2012.09.04 01:51:11.219,1.28384,1.28416,1.32,1.50
2012.09.04 01:51:11.589,1.28382,1.28416,1.32,1.50
2012.09.04 01:51:11.839,1.28382,1.28413,1.32,1.50
2012.09.04 01:51:12.368,1.28382,1.28412,1.32,1.50
2012.09.04 01:51:14.310,1.2838,1.28412,1.50,1.50
2012.09.04 01:51:17.268,1.28375,1.28412,1.32,2.25
2012.09.04 01:51:17.340,1.28374,1.28412,1.50,2.25
2012.09.04 01:51:18.348,1.28374,1.28404,1.50,1.50
2012.09.04 01:51:18.489,1.28368,1.28403,1.66,1.50
2012.09.04 01:51:19.409,1.28369,1.28396,1.10,1.50
2012.09.04 01:51:19.992,1.28369,1.28396,1.10,1.50
2012.09.04 01:51:22.838,1.28369,1.28396,1.10,2.25
2012.09.04 01:51:23.389,1.28369,1.28389,1.10,1.50
2012.09.04 01:51:23.520,1.28369,1.28392,1.10,2.25
2012.09.04 01:51:24.090,1.28365,1.2839,1.10,1.50
2012.09.04 01:51:25.789,1.2836,1.2839,1.10,1.50
2012.09.04 01:51:26.260,1.28358,1.2839,1.10,1.50
2012.09.04 01:51:27.040,1.28358,1.2839,1.10,1.50
2012.09.04 01:51:27.169,1.2836,1.2839,1.10,1.50
2012.09.04 01:51:27.359,1.28359,1.28392,1.10,1.50
2012.09.04 01:51:27.430,1.2836,1.28392,1.10,2.25
2012.09.04 01:51:27.760,1.2836,1.28388,1.10,1.50
2012.09.04 01:51:31.157,1.28359,1.28386,1.10,1.50
2012.09.04 01:51:31.978,1.28359,1.28392,1.10,1.54
2012.09.04 01:51:32.179,1.28359,1.28394,1.10,1.50
2012.09.04 01:51:33.200,1.2836,1.28389,1.10,1.50
2012.09.04 01:51:33.521,1.28362,1.28389,1.50,1.32
2012.09.04 01:51:33.719,1.2836,1.28389,1.10,1.32
2012.09.04 01:51:35.480,1.28364,1.28389,1.50,2.82
2012.09.04 01:51:35.671,1.2836,1.28389,1.10,1.32
2012.09.04 01:51:36.819,1.28367,1.28406,1.50,1.50
2012.09.04 01:51:37.508,1.28363,1.28398,4.10,1.50
2012.09.04 01:51:38.042,1.28368,1.28405,1.50,1.50
2012.09.04 01:51:38.169,1.28363,1.28403,4.10,1.50
2012.09.04 01:51:38.919,1.28363,1.28403,3.35,1.50
2012.09.04 01:51:39.249,1.28364,1.28398,1.50,1.50
2012.09.04 01:51:39.800,1.28364,1.28403,3.00,2.82
2012.09.04 01:51:40.938,1.28367,1.28399,1.50,1.50
2012.09.04 01:51:45.178,1.2837,1.284,1.50,2.25
2012.09.04 01:51:45.649,1.2837,1.28406,1.50,1.50
2012.09.04 01:51:47.951,1.2837,1.28406,1.88,1.50
2012.09.04 01:51:48.138,1.28371,1.28406,1.50,1.50
2012.09.04 01:51:48.207,1.2837,1.28406,2.10,1.50
2012.09.04 01:51:48.278,1.2837,1.28406,2.10,2.25
2012.09.04 01:51:48.848,1.2837,1.28401,1.88,1.50
2012.09.04 01:51:49.381,1.2837,1.28403,1.88,2.25
2012.09.04 01:51:50.660,1.2837,1.28402,1.88,1.50
2012.09.04 01:51:50.969,1.2837,1.28398,1.10,1.50
2012.09.04 01:51:54.050,1.2837,1.28394,1.10,1.73
2012.09.04 01:51:54.390,1.28365,1.28394,1.32,1.50
2012.09.04 01:51:54.462,1.28365,1.28398,1.32,2.25
2012.09.04 01:51:54.673,1.28366,1.284,1.32,1.50
2012.09.04 01:51:55.970,1.28366,1.28393,1.32,1.50
2012.09.04 01:51:56.179,1.28367,1.28398,1.10,1.32
2012.09.04 01:51:56.250,1.28367,1.28399,1.10,1.32
2012.09.04 01:51:56.461,1.28368,1.28397,1.10,2.25
2012.09.04 01:51:56.790,1.28368,1.28394,1.10,1.50
2012.09.04 01:51:57.189,1.28368,1.28397,1.10,2.25
2012.09.04 01:51:57.259,1.28368,1.28397,1.10,1.50
2012.09.04 01:51:57.807,1.28367,1.28404,1.85,3.75
2012.09.04 01:51:58.714,1.28368,1.28396,1.10,1.50
2012.09.04 01:51:58.907,1.28368,1.28396,1.10,1.50
2012.09.04 01:51:59.099,1.28367,1.28396,1.85,1.50
2012.09.04 01:51:59.459,1.28367,1.28403,1.85,2.25
2012.09.04 01:52:01.908,1.28371,1.28403,1.50,2.25
2012.09.04 01:52:02.038,1.28372,1.28403,1.50,1.50
2012.09.04 01:52:02.170,1.28372,1.28408,1.50,2.25
2012.09.04 01:52:03.878,1.2837,1.28403,1.32,1.50
2012.09.04 01:52:07.839,1.28371,1.284,1.50,1.50
2012.09.04 01:52:08.098,1.28375,1.28408,1.13,2.25
2012.09.04 01:52:11.059,1.28372,1.28408,2.25,2.25
2012.09.04 01:52:11.189,1.28371,1.28406,1.50,1.73
2012.09.04 01:52:11.530,1.28369,1.28398,1.10,1.50
2012.09.04 01:52:11.729,1.28368,1.28398,1.85,1.50
2012.09.04 01:52:12.323,1.28368,1.28398,1.10,1.50
2012.09.04 01:52:12.820,1.2837,1.28398,1.13,1.50
2012.09.04 01:52:12.949,1.28377,1.28405,1.13,2.29
2012.09.04 01:52:13.019,1.28377,1.28405,1.13,1.73
2012.09.04 01:52:13.151,1.28373,1.28409,1.69,1.50
2012.09.04 01:52:13.221,1.28373,1.28409,1.32,1.50
2012.09.04 01:52:15.771,1.28373,1.28406,2.07,1.50
2012.09.04 01:52:18.168,1.28373,1.28407,1.50,2.25
2012.09.04 01:52:25.196,1.28382,1.28412,1.50,2.25
2012.09.04 01:52:25.330,1.28382,1.28417,2.25,3.00
2012.09.04 01:52:25.399,1.28382,1.28409,1.50,2.25
2012.09.04 01:52:25.720,1.28382,1.28409,2.25,1.50
2012.09.04 01:52:25.790,1.28382,1.28417,2.25,3.00
2012.09.04 01:52:25.918,1.28379,1.28413,1.32,1.50
2012.09.04 01:52:26.408,1.28376,1.28412,1.50,2.25
2012.09.04 01:52:26.861,1.28377,1.28412,1.50,2.25
2012.09.04 01:52:26.930,1.28382,1.28412,1.50,1.50
2012.09.04 01:52:27.499,1.28376,1.28412,1.50,2.25
2012.09.04 01:52:27.568,1.28381,1.28412,1.50,1.50
2012.09.04 01:52:28.079,1.28381,1.28412,1.50,1.50
2012.09.04 01:52:30.559,1.28381,1.28412,1.50,1.50
2012.09.04 01:52:30.780,1.28381,1.28418,1.50,3.00
2012.09.04 01:52:31.837,1.28381,1.28418,1.50,2.25
2012.09.04 01:52:32.210,1.28386,1.28418,1.32,3.00
2012.09.04 01:52:33.440,1.28386,1.28418,1.32,3.00
2012.09.04 01:52:58.319,1.28382,1.28416,1.50,1.50
2012.09.04 01:52:58.388,1.28382,1.28414,1.50,1.50
2012.09.04 01:53:15.396,1.2839,1.28414,1.50,1.50
2012.09.04 01:53:15.469,1.2839,1.28419,1.50,1.50
2012.09.04 01:53:17.407,1.28387,1.28419,1.50,1.50
2012.09.04 01:53:17.479,1.28383,1.28419,1.50,1.50
2012.09.04 01:53:17.668,1.28382,1.28419,2.25,1.50
2012.09.04 01:53:17.739,1.28382,1.28419,2.25,2.18
2012.09.04 01:53:18.040,1.28382,1.28417,1.50,1.43
2012.09.04 01:53:18.549,1.28382,1.28413,1.50,1.50
2012.09.04 01:53:18.878,1.28382,1.28405,1.50,1.50
2012.09.04 01:53:19.098,1.28382,1.28413,1.50,1.50
2012.09.04 01:53:23.188,1.28387,1.28413,1.50,1.50
2012.09.04 01:53:23.380,1.28384,1.2842,1.50,2.25
2012.09.04 01:53:23.449,1.28382,1.2842,2.07,2.93
2012.09.04 01:53:32.698,1.28382,1.28415,1.32,1.50
2012.09.04 01:53:32.888,1.28381,1.28415,1.13,1.50
2012.09.04 01:53:33.278,1.28381,1.28415,1.13,3.00
2012.09.04 01:53:33.351,1.28381,1.28412,1.50,1.50
2012.09.04 01:53:33.669,1.28381,1.28415,1.13,1.50
2012.09.04 01:53:33.939,1.28381,1.28415,1.13,1.50
2012.09.04 01:53:34.078,1.28387,1.28418,1.50,1.50
2012.09.04 01:53:36.818,1.28387,1.28418,1.50,2.25
2012.09.04 01:53:36.948,1.28382,1.28415,1.32,1.50
2012.09.04 01:53:37.678,1.28383,1.28415,1.50,1.50
2012.09.04 01:53:38.232,1.28382,1.28414,1.50,1.50
2012.09.04 01:53:38.312,1.28379,1.2841,1.13,1.32
2012.09.04 01:53:38.743,1.28379,1.28408,1.13,1.73
2012.09.04 01:53:38.878,1.28376,1.28408,1.50,1.73
2012.09.04 01:53:39.077,1.28375,1.2841,2.25,1.32
2012.09.04 01:53:43.608,1.28376,1.2841,1.50,1.32
2012.09.04 01:53:43.797,1.28381,1.28411,1.13,1.32
2012.09.04 01:53:44.659,1.28381,1.28414,1.13,1.50
2012.09.04 01:53:50.216,1.28385,1.28416,1.13,2.25
2012.09.04 01:53:50.288,1.28385,1.28416,1.13,1.50
2012.09.04 01:53:50.418,1.28385,1.28418,1.13,1.50
2012.09.04 01:53:50.999,1.28385,1.28421,1.13,1.50
2012.09.04 01:53:54.876,1.28382,1.28419,3.00,1.50
2012.09.04 01:53:54.946,1.28382,1.28419,2.25,1.50
2012.09.04 01:53:55.017,1.28382,1.28415,1.50,1.50
2012.09.04 01:53:57.918,1.28381,1.28415,1.13,2.07
2012.09.04 01:53:58.525,1.28381,1.28415,1.13,2.07
2012.09.04 01:54:04.336,1.28381,1.28415,1.88,1.32
2012.09.04 01:54:04.846,1.28386,1.28416,1.50,1.50
2012.09.04 01:54:10.296,1.28386,1.28423,1.50,1.50
2012.09.04 01:54:10.697,1.28386,1.28423,1.50,1.50
2012.09.04 01:54:11.470,1.28382,1.28417,1.88,1.50
2012.09.04 01:54:11.542,1.28382,1.28417,1.50,1.50
2012.09.04 01:54:14.968,1.28382,1.28419,3.00,1.73
2012.09.04 01:54:17.536,1.28382,1.28417,3.00,1.50
2012.09.04 01:54:19.359,1.28382,1.2842,3.00,1.50
2012.09.04 01:54:19.428,1.28388,1.28421,1.50,1.32
2012.09.04 01:54:19.617,1.28388,1.28422,1.50,1.50
2012.09.04 01:54:24.537,1.28388,1.28422,1.50,1.50
2012.09.04 01:54:48.617,1.28391,1.28422,1.50,1.50
2012.09.04 01:54:48.747,1.28392,1.28422,1.50,1.50
2012.09.04 01:54:49.058,1.28392,1.28422,1.50,1.50
2012.09.04 01:54:56.198,1.28388,1.28423,3.00,1.50
2012.09.04 01:54:56.458,1.28389,1.28423,1.50,1.50
2012.09.04 01:54:56.529,1.28389,1.28421,1.50,1.50
2012.09.04 01:54:57.577,1.28392,1.28423,1.50,2.25
2012.09.04 01:54:57.830,1.28395,1.28428,1.50,2.48
2012.09.04 01:54:57.959,1.28391,1.28421,1.50,1.50
2012.09.04 01:55:01.548,1.28391,1.28421,1.32,1.50
2012.09.04 01:55:02.799,1.28393,1.28421,1.50,1.50
2012.09.04 01:55:03.203,1.28395,1.28421,1.50,1.50
2012.09.04 01:55:06.547,1.28389,1.28421,1.50,1.50
2012.09.04 01:55:09.167,1.28388,1.2842,2.25,1.50
2012.09.04 01:55:09.237,1.28388,1.28419,1.50,1.50
2012.09.04 01:55:09.427,1.28382,1.2842,1.85,1.50
2012.09.04 01:55:15.697,1.28386,1.2842,1.50,1.50
2012.09.04 01:55:15.769,1.28389,1.28421,1.50,1.50
2012.09.04 01:55:16.773,1.28395,1.28426,1.50,1.50
2012.09.04 01:55:17.190,1.28392,1.28422,1.13,1.50
2012.09.04 01:55:17.377,1.28392,1.28427,1.88,2.25
2012.09.04 01:55:17.637,1.28391,1.28422,1.13,1.50
2012.09.04 01:55:17.826,1.28391,1.28427,1.50,2.25
2012.09.04 01:55:18.137,1.28395,1.28426,1.50,1.50
2012.09.04 01:55:23.477,1.28393,1.28427,2.25,2.25
2012.09.04 01:55:23.549,1.28393,1.28422,1.50,1.50
2012.09.04 01:55:29.744,1.2839,1.28422,2.25,1.50
2012.09.04 01:55:38.209,1.28392,1.28422,2.07,1.50
2012.09.04 01:55:38.340,1.28395,1.28426,1.10,1.50
2012.09.04 01:55:38.481,1.28396,1.28426,1.85,1.50
2012.09.04 01:55:38.679,1.28396,1.28427,1.50,1.50
2012.09.04 01:55:38.939,1.28392,1.28419,1.32,1.50
2012.09.04 01:55:39.561,1.28392,1.28415,1.32,2.25
2012.09.04 01:55:40.691,1.28376,1.28415,2.25,3.00
2012.09.04 01:55:40.918,1.28376,1.28415,1.50,3.00
2012.09.04 01:55:50.410,1.28376,1.28415,1.50,3.00
2012.09.04 01:55:50.599,1.28382,1.28415,1.50,2.25
2012.09.04 01:55:58.127,1.28382,1.28418,1.50,1.50
2012.09.04 01:55:58.796,1.28383,1.28418,1.50,1.50
2012.09.04 01:55:59.586,1.28384,1.28418,1.50,1.50
2012.09.04 01:56:00.268,1.28382,1.28418,2.25,1.50
2012.09.04 01:56:01.298,1.28382,1.28418,2.25,1.50
2012.09.04 01:56:04.200,1.28382,1.28419,2.25,1.50
2012.09.04 01:56:06.129,1.2838,1.28413,2.25,1.13
2012.09.04 01:56:06.454,1.28374,1.2841,1.50,1.32
2012.09.04 01:56:06.529,1.28382,1.28413,1.50,2.07
2012.09.04 01:56:21.869,1.28382,1.28419,1.50,1.50
2012.09.04 01:56:22.918,1.28377,1.28418,2.14,1.50
2012.09.04 01:56:22.988,1.28377,1.28416,1.50,1.32
2012.09.04 01:56:23.319,1.28377,1.28413,2.25,1.50
2012.09.04 01:56:23.459,1.28386,1.28418,1.50,2.67
2012.09.04 01:56:24.871,1.28377,1.28417,1.50,1.50
2012.09.04 01:56:25.179,1.28376,1.28416,3.00,1.43
2012.09.04 01:56:25.775,1.28375,1.28411,1.32,2.25
2012.09.04 01:56:26.858,1.28376,1.28411,1.50,2.25
2012.09.04 01:56:27.126,1.28377,1.28411,1.50,1.50
2012.09.04 01:56:27.259,1.28376,1.28412,2.25,1.43
2012.09.04 01:56:34.125,1.28374,1.28408,1.32,1.43
2012.09.04 01:56:34.640,1.28372,1.28408,2.60,1.43
2012.09.04 01:56:34.981,1.28372,1.28406,3.35,1.13
2012.09.04 01:56:35.119,1.28374,1.28408,1.50,1.13
2012.09.04 01:56:35.460,1.28381,1.28411,1.50,1.50
2012.09.04 01:56:35.530,1.28381,1.28416,2.25,2.25
2012.09.04 01:56:35.600,1.28381,1.28416,2.25,1.50
2012.09.04 01:56:35.741,1.28391,1.28419,1.50,1.43
2012.09.04 01:56:35.881,1.28385,1.28418,2.25,1.50
2012.09.04 01:56:35.962,1.28385,1.28413,1.50,1.50
2012.09.04 01:56:36.090,1.28378,1.28413,1.32,1.50
2012.09.04 01:56:36.161,1.28381,1.28415,1.50,2.18
2012.09.04 01:56:36.240,1.28382,1.28418,1.50,3.00
2012.09.04 01:56:36.499,1.28378,1.28414,1.32,1.50
2012.09.04 01:56:36.567,1.28381,1.28415,1.50,1.50
2012.09.04 01:56:37.109,1.28381,1.28418,2.25,3.00
2012.09.04 01:56:39.029,1.28376,1.28412,3.00,1.43
2012.09.04 01:56:39.417,1.28376,1.28415,3.00,1.50
2012.09.04 01:56:39.730,1.28384,1.28416,2.25,1.32
2012.09.04 01:56:41.825,1.28384,1.28418,2.25,1.32
2012.09.04 01:56:41.957,1.28384,1.2842,2.25,1.50
2012.09.04 01:56:42.738,1.28391,1.28422,1.50,1.43
2012.09.04 01:56:42.942,1.28384,1.28418,2.25,1.88
2012.09.04 01:56:43.080,1.28384,1.28417,1.50,1.81
2012.09.04 01:56:43.532,1.2838,1.28417,1.32,1.13
2012.09.04 01:56:43.680,1.28382,1.28418,1.50,4.06
2012.09.04 01:56:44.129,1.28385,1.28418,1.50,1.88
2012.09.04 01:56:52.328,1.28385,1.28418,2.25,1.88
2012.09.04 01:56:52.659,1.28386,1.28421,1.50,1.50
2012.09.04 01:56:52.979,1.28395,1.28421,1.50,1.50
2012.09.04 01:56:53.121,1.28392,1.28422,1.13,1.32
2012.09.04 01:56:53.251,1.28386,1.28421,2.25,1.50
2012.09.04 01:56:53.319,1.28386,1.28421,1.50,2.25
2012.09.04 01:56:53.630,1.28386,1.28416,1.50,2.25
2012.09.04 01:56:53.948,1.2838,1.28414,1.13,2.25
2012.09.04 01:56:54.079,1.2838,1.28416,1.13,1.50
2012.09.04 01:56:58.738,1.28382,1.28417,1.32,3.00
2012.09.04 01:56:58.878,1.28381,1.28415,1.50,1.50
2012.09.04 01:56:59.405,1.28385,1.28418,1.50,1.50
2012.09.04 01:57:09.186,1.28382,1.28418,1.32,1.50
2012.09.04 01:57:16.368,1.28381,1.28417,2.25,1.50
2012.09.04 01:57:16.738,1.28381,1.28418,2.25,1.50
2012.09.04 01:57:16.869,1.28386,1.28419,1.50,1.50
2012.09.04 01:57:24.687,1.28395,1.28422,1.32,2.25
2012.09.04 01:57:25.007,1.28393,1.28424,1.39,1.50
2012.09.04 01:57:42.718,1.28383,1.28416,1.32,1.50
2012.09.04 01:57:42.790,1.28382,1.28416,2.25,1.50
2012.09.04 01:57:43.038,1.28376,1.28416,2.25,1.50
2012.09.04 01:57:46.377,1.28379,1.28416,1.13,1.50
2012.09.04 01:57:46.888,1.28387,1.28416,1.32,1.50
2012.09.04 01:57:47.436,1.28387,1.28418,1.32,2.25
2012.09.04 01:57:48.457,1.2839,1.28418,1.50,2.25
2012.09.04 01:57:48.660,1.28387,1.28418,1.32,2.25
2012.09.04 01:57:48.792,1.28387,1.28412,1.32,1.50
2012.09.04 01:57:51.374,1.28376,1.28412,1.32,1.50
2012.09.04 01:57:51.448,1.28375,1.28412,2.33,1.50
2012.09.04 01:57:57.314,1.28376,1.28412,1.50,1.50
2012.09.04 01:57:58.037,1.28381,1.28412,2.25,1.50
2012.09.04 01:58:00.717,1.2838,1.28412,1.39,1.50
2012.09.04 01:58:01.007,1.28375,1.28412,2.25,1.50
2012.09.04 01:58:05.639,1.28376,1.28412,1.50,1.50
2012.09.04 01:58:05.833,1.28395,1.2842,1.50,2.41
2012.09.04 01:58:05.909,1.28386,1.28424,1.50,1.73
2012.09.04 01:58:07.728,1.28381,1.2842,1.88,2.25
2012.09.04 01:58:07.859,1.28381,1.2842,1.50,1.50
2012.09.04 01:58:19.018,1.28382,1.2842,1.50,2.25
2012.09.04 01:58:19.149,1.28383,1.2842,1.50,2.25
2012.09.04 01:58:19.829,1.28387,1.2842,1.50,1.50
2012.09.04 01:58:20.188,1.28382,1.2842,1.50,2.25
2012.09.04 01:58:22.998,1.28382,1.28411,1.50,1.50
2012.09.04 01:58:23.069,1.28379,1.28413,1.32,1.50
2012.09.04 01:58:23.387,1.28379,1.28416,1.32,1.43
2012.09.04 01:58:23.459,1.28375,1.28409,2.25,1.50
2012.09.04 01:58:23.651,1.28376,1.2841,1.50,1.32
2012.09.04 01:58:23.729,1.28375,1.28409,1.50,1.50
2012.09.04 01:58:23.858,1.28371,1.28409,1.85,1.50
2012.09.04 01:58:23.929,1.28377,1.2841,1.50,1.32
2012.09.04 01:58:24.671,1.28384,1.28412,1.50,1.50
2012.09.04 01:58:24.738,1.28384,1.28417,1.50,2.25
2012.09.04 01:58:24.809,1.28385,1.28417,1.50,1.50
2012.09.04 01:58:24.940,1.28387,1.28417,1.50,1.50
2012.09.04 01:58:25.080,1.28387,1.28422,1.50,1.50
2012.09.04 01:58:25.149,1.28384,1.28422,1.50,2.25
2012.09.04 01:58:25.218,1.28382,1.28422,2.25,2.25
2012.09.04 01:58:25.288,1.28382,1.28418,2.25,1.50
2012.09.04 01:58:25.607,1.28381,1.28416,1.32,1.50
2012.09.04 01:58:28.679,1.28384,1.28416,1.50,1.50
2012.09.04 01:58:28.748,1.28388,1.28423,1.50,1.50
2012.09.04 01:58:33.150,1.28388,1.28423,1.88,2.25
2012.09.04 01:58:33.219,1.28389,1.28423,1.13,2.25
2012.09.04 01:58:33.729,1.28392,1.28423,1.32,3.00
2012.09.04 01:58:34.175,1.28392,1.28423,1.32,3.00
2012.09.04 01:58:34.499,1.28392,1.28423,1.32,3.75
2012.09.04 01:58:38.230,1.28389,1.28423,1.69,3.75
2012.09.04 01:58:38.359,1.28385,1.28423,1.50,3.75
2012.09.04 01:58:38.490,1.28385,1.28423,1.50,3.00
2012.09.04 01:58:38.811,1.28385,1.28419,1.50,1.50
2012.09.04 01:58:39.366,1.28385,1.28423,1.50,3.00
2012.09.04 01:58:39.680,1.28385,1.28423,1.50,3.00
2012.09.04 01:58:40.030,1.28385,1.28423,1.50,3.00
2012.09.04 01:58:45.968,1.28391,1.28423,1.50,2.25
2012.09.04 01:58:49.058,1.28385,1.28423,1.50,3.00
2012.09.04 01:58:49.128,1.28385,1.28423,1.50,3.00
2012.09.04 01:58:55.886,1.28388,1.28423,1.50,2.25
2012.09.04 01:58:56.198,1.28391,1.28423,1.50,2.25
2012.09.04 01:58:56.269,1.28385,1.28423,1.65,3.00
2012.09.04 01:58:56.459,1.28392,1.28423,1.50,2.25
2012.09.04 01:58:56.789,1.28392,1.28423,1.50,2.25
2012.09.04 01:58:58.648,1.28394,1.28423,1.50,2.25
2012.09.04 01:58:58.839,1.28397,1.28427,1.50,1.50
2012.09.04 01:58:59.029,1.28393,1.28427,1.13,1.50
2012.09.04 01:58:59.098,1.28393,1.28427,1.13,1.50
2012.09.04 01:58:59.749,1.2839,1.28423,1.32,3.00
2012.09.04 01:58:59.820,1.2839,1.28423,1.32,3.00
2012.09.04 01:59:00.118,1.2839,1.28423,1.32,3.00
2012.09.04 01:59:07.417,1.28391,1.28423,1.13,2.25
2012.09.04 01:59:07.612,1.28396,1.28427,2.07,1.50
2012.09.04 01:59:08.559,1.28394,1.28426,1.32,1.50
2012.09.04 01:59:11.237,1.28392,1.28424,1.50,2.25
2012.09.04 01:59:11.488,1.2839,1.28424,1.32,3.75
2012.09.04 01:59:11.558,1.2839,1.28424,1.32,3.75
2012.09.04 01:59:13.194,1.28388,1.28424,1.32,3.75
2012.09.04 01:59:13.378,1.28387,1.28424,1.13,3.75
2012.09.04 01:59:13.507,1.28387,1.28424,1.13,3.75
2012.09.04 01:59:25.207,1.28387,1.28424,1.13,4.50
2012.09.04 01:59:29.389,1.28388,1.28424,1.50,4.50
2012.09.04 01:59:29.594,1.28394,1.28424,1.50,3.00
2012.09.04 01:59:35.487,1.28389,1.28424,1.32,1.50
2012.09.04 01:59:35.631,1.28387,1.28423,2.25,2.25
2012.09.04 01:59:35.700,1.28387,1.28423,2.25,2.25
2012.09.04 01:59:36.586,1.28391,1.28423,1.50,2.25
2012.09.04 01:59:38.998,1.2839,1.28423,1.58,2.25
2012.09.04 01:59:39.390,1.2839,1.28423,1.50,2.25
2012.09.04 01:59:41.200,1.28392,1.28426,1.50,2.25
2012.09.04 01:59:41.270,1.28398,1.28426,1.50,2.25
2012.09.04 01:59:41.482,1.28394,1.28428,1.39,1.50
2012.09.04 01:59:41.621,1.28394,1.28423,1.32,1.50
2012.09.04 01:59:43.138,1.28391,1.28423,2.52,1.50
2012.09.04 01:59:43.207,1.28391,1.28423,1.95,1.50
2012.09.04 01:59:43.398,1.28391,1.28423,1.13,2.25
2012.09.04 01:59:43.779,1.28391,1.28423,1.50,2.63
2012.09.04 01:59:43.988,1.28391,1.28423,1.50,1.88
2012.09.04 01:59:45.089,1.28391,1.28423,1.50,2.63
2012.09.04 01:59:46.189,1.28386,1.28421,1.39,1.50
2012.09.04 01:59:46.320,1.28386,1.28418,1.32,1.50
2012.09.04 01:59:46.670,1.28386,1.28421,1.32,1.50
2012.09.04 01:59:47.520,1.28391,1.28423,1.50,2.25
2012.09.04 01:59:47.848,1.28393,1.28428,1.58,1.50
2012.09.04 01:59:47.921,1.28391,1.28429,2.33,3.00
2012.09.04 01:59:48.060,1.28391,1.28429,2.33,2.25
2012.09.04 01:59:50.438,1.28397,1.28429,1.20,2.25
2012.09.04 01:59:50.690,1.28395,1.28431,2.93,1.50
2012.09.04 01:59:50.758,1.28395,1.28431,2.85,1.50
2012.09.04 01:59:51.008,1.28395,1.28425,1.13,1.50
2012.09.04 01:59:51.328,1.28397,1.28428,1.20,2.25
2012.09.04 01:59:51.399,1.28396,1.28428,1.20,3.00
2012.09.04 01:59:51.540,1.28394,1.2842,1.58,1.50
2012.09.04 01:59:51.610,1.28394,1.2842,1.50,1.50
2012.09.04 01:59:51.870,1.28387,1.2842,1.50,2.25
2012.09.04 01:59:52.239,1.28392,1.28426,1.50,2.07
2012.09.04 01:59:52.788,1.28386,1.28424,3.08,2.07
2012.09.04 01:59:53.168,1.28386,1.28422,2.33,2.25
2012.09.04 01:59:53.239,1.28386,1.28416,1.50,1.50
2012.09.04 01:59:53.489,1.2838,1.28416,2.33,1.50
2012.09.04 01:59:57.861,1.2838,1.28414,2.33,1.50
2012.09.04 01:59:58.179,1.2838,1.28411,1.50,1.50
2012.09.04 01:59:58.249,1.2838,1.28412,2.33,1.32
