2014.12.10 07:00:00.249,1.07948,1.07985,1.57,1.00
2014.12.10 07:00:00.552,1.07943,1.0798,1.52,1.15
2014.12.10 07:00:00.805,1.07941,1.0798,1.27,1.15
2014.12.10 07:00:00.906,1.07941,1.07977,1.27,1.07
2014.12.10 07:00:00.957,1.07941,1.07977,1.52,1.00
2014.12.10 07:00:01.108,1.07941,1.07975,1.15,1.07
2014.12.10 07:00:01.159,1.07941,1.07975,1.15,1.15
2014.12.10 07:00:01.412,1.07934,1.07969,2.32,1.00
2014.12.10 07:00:02.103,1.07934,1.07965,2.32,1.00
2014.12.10 07:00:02.154,1.07933,1.07965,1.65,1.00
2014.12.10 07:00:02.668,1.07933,1.07964,1.65,1.00
2014.12.10 07:00:03.734,1.07933,1.07964,1.65,1.00
2014.12.10 07:00:04.604,1.07933,1.07965,1.17,1.10
2014.12.10 07:00:06.085,1.07933,1.07967,2.02,1.17
2014.12.10 07:00:06.405,1.07933,1.07967,2.02,1.00
2014.12.10 07:00:08.643,1.07933,1.07967,2.02,1.00
2014.12.10 07:00:13.182,1.07933,1.07969,2.77,1.15
2014.12.10 07:00:21.034,1.07933,1.07969,2.77,1.15
2014.12.10 07:00:21.136,1.07934,1.07969,2.70,1.07
2014.12.10 07:00:21.238,1.07937,1.07973,1.65,1.00
2014.12.10 07:00:21.643,1.07937,1.07971,1.52,1.00
2014.12.10 07:00:25.830,1.07938,1.07972,1.52,1.00
2014.12.10 07:00:28.576,1.07942,1.07976,1.27,1.15
2014.12.10 07:00:36.092,1.07939,1.07972,1.27,1.00
2014.12.10 07:00:36.144,1.07939,1.07972,1.27,1.15
2014.12.10 07:00:36.552,1.07936,1.07971,2.32,1.15
2014.12.10 07:00:36.824,1.07936,1.07968,2.40,1.07
2014.12.10 07:00:37.361,1.07936,1.07968,2.40,1.00
2014.12.10 07:00:50.357,1.07936,1.0797,2.40,1.00
2014.12.10 07:00:51.141,1.07938,1.07972,1.27,1.17
2014.12.10 07:00:51.595,1.07942,1.07976,1.07,1.57
2014.12.10 07:00:51.646,1.07942,1.07976,1.52,1.00
2014.12.10 07:00:51.798,1.0794,1.07974,1.52,1.00
2014.12.10 07:00:51.899,1.07942,1.07978,1.52,1.17
2014.12.10 07:00:53.662,1.07941,1.07976,1.15,1.00
2014.12.10 07:00:55.854,1.07941,1.07976,1.17,1.07
2014.12.10 07:00:55.904,1.07941,1.07976,1.10,1.52
2014.12.10 07:00:59.853,1.07939,1.07975,1.52,1.07
2014.12.10 07:01:00.055,1.07941,1.07976,1.27,1.00
2014.12.10 07:01:00.581,1.07941,1.07976,1.27,1.00
2014.12.10 07:01:00.632,1.07939,1.07975,1.17,1.47
2014.12.10 07:01:00.682,1.07939,1.07975,1.10,1.47
2014.12.10 07:01:00.733,1.07939,1.07975,1.10,1.47
2014.12.10 07:01:00.835,1.07936,1.0797,1.20,1.10
2014.12.10 07:01:00.885,1.07936,1.0797,1.12,1.10
2014.12.10 07:01:01.138,1.07933,1.07976,1.00,1.27
2014.12.10 07:01:01.643,1.07932,1.07977,1.07,1.27
2014.12.10 07:01:04.253,1.07932,1.07976,1.00,2.02
2014.12.10 07:01:04.881,1.07932,1.07976,1.00,2.02
2014.12.10 07:01:05.968,1.07928,1.07972,1.52,1.27
2014.12.10 07:01:09.583,1.07928,1.07971,1.47,1.65
2014.12.10 07:01:09.887,1.07928,1.07971,1.47,1.27
2014.12.10 07:01:14.295,1.07927,1.0797,1.47,3.07
2014.12.10 07:01:19.568,1.07927,1.0797,1.75,3.07
2014.12.10 07:01:19.669,1.07927,1.0797,1.12,3.07
2014.12.10 07:01:20.733,1.07927,1.07961,2.40,1.00
2014.12.10 07:01:20.835,1.07927,1.07964,2.25,1.15
2014.12.10 07:01:20.936,1.07927,1.0796,1.37,1.00
2014.12.10 07:01:21.088,1.07923,1.07966,2.40,1.52
2014.12.10 07:01:21.341,1.07923,1.07966,1.27,1.15
2014.12.10 07:01:22.149,1.07923,1.07966,2.02,1.52
2014.12.10 07:01:23.899,1.07923,1.07966,1.65,1.55
2014.12.10 07:01:24.151,1.07923,1.07966,2.02,1.52
2014.12.10 07:01:25.024,1.07923,1.07963,2.02,1.10
2014.12.10 07:01:26.511,1.07923,1.07963,1.52,1.17
2014.12.10 07:01:29.977,1.07923,1.07963,1.52,1.55
2014.12.10 07:01:32.462,1.07923,1.07966,1.52,1.52
2014.12.10 07:01:35.182,1.07923,1.07966,1.65,1.65
2014.12.10 07:01:39.404,1.07923,1.07963,1.27,1.92
2014.12.10 07:01:39.454,1.07923,1.07963,1.12,1.90
2014.12.10 07:01:39.557,1.07923,1.07963,1.15,1.90
2014.12.10 07:01:39.607,1.07923,1.07964,1.52,1.52
2014.12.10 07:01:39.658,1.07923,1.07964,1.50,1.52
2014.12.10 07:01:40.163,1.07922,1.07958,2.77,1.00
2014.12.10 07:01:40.466,1.07926,1.0796,1.00,1.12
2014.12.10 07:01:40.517,1.07924,1.07959,1.12,1.00
2014.12.10 07:01:40.567,1.07924,1.07959,1.50,1.00
2014.12.10 07:01:40.771,1.0793,1.07965,1.00,1.20
2014.12.10 07:01:40.873,1.07928,1.07962,1.10,1.00
2014.12.10 07:01:41.452,1.07928,1.07962,1.00,1.07
2014.12.10 07:01:49.313,1.07929,1.07963,1.00,1.17
2014.12.10 07:01:49.516,1.07929,1.07964,1.37,1.00
2014.12.10 07:01:50.123,1.07927,1.07963,1.65,1.00
2014.12.10 07:01:56.288,1.07926,1.07962,1.65,1.00
2014.12.10 07:02:02.920,1.07929,1.07964,1.37,1.00
2014.12.10 07:02:03.122,1.07929,1.07964,1.00,1.20
2014.12.10 07:02:03.173,1.07929,1.07964,1.00,1.27
2014.12.10 07:02:03.719,1.0793,1.07965,1.12,1.15
2014.12.10 07:02:04.393,1.07929,1.07963,1.00,1.17
2014.12.10 07:02:04.646,1.07922,1.07966,1.12,2.02
2014.12.10 07:02:04.747,1.07922,1.07963,1.12,3.07
2014.12.10 07:02:05.050,1.07924,1.0796,1.00,1.52
2014.12.10 07:02:05.543,1.07924,1.07959,1.00,1.55
2014.12.10 07:02:16.085,1.07922,1.07959,1.87,2.02
2014.12.10 07:02:28.473,1.07922,1.07959,1.00,2.02
2014.12.10 07:02:28.777,1.07919,1.07949,1.07,1.00
2014.12.10 07:02:28.929,1.07912,1.07955,1.47,1.52
2014.12.10 07:02:28.980,1.07912,1.07955,1.57,1.52
2014.12.10 07:02:29.081,1.07918,1.07952,1.00,1.00
2014.12.10 07:02:29.384,1.07918,1.07952,1.37,1.00
2014.12.10 07:02:29.485,1.07914,1.07958,1.65,1.17
2014.12.10 07:02:31.357,1.07918,1.07963,1.65,1.65
2014.12.10 07:02:32.080,1.0792,1.07962,1.17,1.90
2014.12.10 07:02:32.586,1.07918,1.07962,1.90,1.65
2014.12.10 07:02:32.889,1.07921,1.07956,1.47,1.12
2014.12.10 07:02:33.193,1.07921,1.07956,1.50,1.17
2014.12.10 07:02:33.901,1.07919,1.07955,1.37,1.07
2014.12.10 07:02:34.642,1.07919,1.07953,1.37,1.00
2014.12.10 07:02:34.895,1.07921,1.07956,1.00,1.65
2014.12.10 07:02:34.996,1.07918,1.07949,1.12,1.00
2014.12.10 07:02:35.451,1.07918,1.07952,1.00,1.00
2014.12.10 07:02:35.653,1.07915,1.07949,2.02,1.00
2014.12.10 07:02:35.804,1.07915,1.07949,1.95,1.00
2014.12.10 07:02:36.321,1.07915,1.07949,1.50,1.00
2014.12.10 07:02:37.207,1.07916,1.07951,1.12,1.20
2014.12.10 07:02:37.850,1.07916,1.07951,1.37,1.20
2014.12.10 07:02:38.108,1.07916,1.07951,1.12,1.20
2014.12.10 07:02:39.132,1.07916,1.07951,1.57,1.00
2014.12.10 07:02:39.233,1.07917,1.07953,1.12,1.00
2014.12.10 07:02:39.779,1.07915,1.07952,1.92,1.00
2014.12.10 07:02:40.032,1.07914,1.0795,1.90,1.00
2014.12.10 07:02:40.610,1.07916,1.07951,1.07,1.12
2014.12.10 07:02:45.439,1.07919,1.07953,1.00,1.00
2014.12.10 07:02:45.961,1.07919,1.07955,1.37,1.15
2014.12.10 07:02:51.711,1.07923,1.07957,1.00,1.15
2014.12.10 07:02:53.330,1.0792,1.07955,1.00,1.00
2014.12.10 07:02:53.482,1.07921,1.07957,1.37,1.00
2014.12.10 07:02:53.987,1.07922,1.07958,1.12,1.10
2014.12.10 07:02:57.292,1.07922,1.07958,1.87,1.10
2014.12.10 07:03:00.797,1.07922,1.07958,1.00,1.47
2014.12.10 07:03:00.901,1.07922,1.07958,1.12,1.20
2014.12.10 07:03:01.412,1.07922,1.07957,1.12,1.00
2014.12.10 07:03:02.821,1.07922,1.07957,1.37,1.00
2014.12.10 07:03:03.333,1.07922,1.07958,1.95,1.10
2014.12.10 07:03:03.586,1.07926,1.07959,1.00,1.50
2014.12.10 07:03:04.101,1.07926,1.0796,1.00,1.00
2014.12.10 07:03:05.444,1.07924,1.0796,1.37,1.50
2014.12.10 07:03:05.748,1.07925,1.07958,1.00,1.52
2014.12.10 07:03:05.798,1.0792,1.07956,1.37,1.10
2014.12.10 07:03:05.951,1.07919,1.07955,3.45,1.00
2014.12.10 07:03:06.255,1.07925,1.07959,1.50,1.00
2014.12.10 07:03:06.357,1.07925,1.07959,1.12,1.00
2014.12.10 07:03:06.509,1.07925,1.07959,1.75,1.00
2014.12.10 07:03:06.559,1.07932,1.07964,1.37,1.00
2014.12.10 07:03:06.610,1.07932,1.07964,1.00,1.00
2014.12.10 07:03:07.116,1.07933,1.07964,1.00,1.00
2014.12.10 07:03:07.218,1.07929,1.07964,1.37,1.00
2014.12.10 07:03:07.572,1.07929,1.07965,1.37,2.40
2014.12.10 07:03:08.121,1.07921,1.07965,3.15,2.02
2014.12.10 07:03:08.223,1.07923,1.07965,1.20,1.15
2014.12.10 07:03:08.324,1.07922,1.07965,1.27,2.02
2014.12.10 07:03:08.532,1.07927,1.07961,1.00,1.07
2014.12.10 07:03:08.835,1.07927,1.07961,1.37,1.07
2014.12.10 07:03:09.879,1.07928,1.07962,1.37,1.17
2014.12.10 07:03:10.082,1.0793,1.07965,1.00,1.65
2014.12.10 07:03:10.587,1.0793,1.07965,1.37,1.65
2014.12.10 07:03:12.302,1.0793,1.07964,1.00,1.50
2014.12.10 07:03:12.353,1.0793,1.07963,1.00,2.32
2014.12.10 07:03:12.403,1.07928,1.07962,1.00,1.15
2014.12.10 07:03:12.504,1.07922,1.07958,1.00,3.52
2014.12.10 07:03:12.606,1.0792,1.07956,1.00,1.65
2014.12.10 07:03:12.656,1.0792,1.07951,1.00,1.10
2014.12.10 07:03:13.161,1.07914,1.0795,1.00,1.55
2014.12.10 07:03:13.363,1.07916,1.07949,1.00,1.15
2014.12.10 07:03:13.868,1.07917,1.07951,1.00,1.15
2014.12.10 07:03:14.019,1.07914,1.0795,1.00,1.65
2014.12.10 07:03:14.222,1.07915,1.07951,1.00,1.17
2014.12.10 07:03:14.273,1.0792,1.07957,1.00,1.52
2014.12.10 07:03:14.576,1.07927,1.07957,1.00,1.07
2014.12.10 07:03:14.627,1.07927,1.07957,1.00,1.00
2014.12.10 07:03:14.677,1.07929,1.07962,1.00,1.15
2014.12.10 07:03:14.829,1.07917,1.07962,1.90,1.15
2014.12.10 07:03:15.496,1.07919,1.07962,1.27,1.27
2014.12.10 07:03:15.597,1.07919,1.07962,1.27,1.27
2014.12.10 07:03:15.648,1.07917,1.07962,2.02,1.52
2014.12.10 07:03:16.153,1.07918,1.07962,1.27,1.15
2014.12.10 07:03:16.789,1.07918,1.07962,1.27,1.15
2014.12.10 07:03:16.839,1.07917,1.07962,1.52,2.25
2014.12.10 07:03:17.042,1.07912,1.07948,1.12,1.15
2014.12.10 07:03:17.229,1.07908,1.07948,1.12,1.52
2014.12.10 07:03:17.330,1.07908,1.07947,1.12,1.52
2014.12.10 07:03:28.771,1.07907,1.07946,1.37,1.15
2014.12.10 07:03:29.493,1.07907,1.07946,1.37,1.15
2014.12.10 07:03:31.995,1.07907,1.07947,1.95,1.15
2014.12.10 07:03:32.046,1.07907,1.07947,2.02,1.17
2014.12.10 07:03:32.551,1.07907,1.07945,1.52,1.00
2014.12.10 07:03:33.094,1.07907,1.07948,1.52,1.15
2014.12.10 07:03:33.603,1.07907,1.07945,1.52,1.00
2014.12.10 07:03:33.956,1.07907,1.07945,1.27,1.00
2014.12.10 07:03:34.108,1.07907,1.07945,1.52,1.00
2014.12.10 07:03:34.159,1.07907,1.07943,1.47,1.10
2014.12.10 07:03:34.462,1.07907,1.07946,2.02,1.10
2014.12.10 07:03:34.714,1.07911,1.0795,1.12,1.15
2014.12.10 07:03:34.916,1.07913,1.07952,1.37,1.15
2014.12.10 07:03:35.018,1.07913,1.07952,1.95,1.07
2014.12.10 07:03:35.271,1.07912,1.07952,1.00,1.65
2014.12.10 07:03:35.322,1.07915,1.07952,1.00,1.15
2014.12.10 07:03:35.373,1.07911,1.07951,1.12,1.15
2014.12.10 07:03:35.526,1.07909,1.0795,1.07,1.15
2014.12.10 07:03:35.829,1.07907,1.0795,1.07,1.15
2014.12.10 07:03:35.881,1.07907,1.07952,1.15,1.15
2014.12.10 07:03:36.335,1.07911,1.0795,1.12,1.15
2014.12.10 07:03:36.487,1.07907,1.07948,1.65,1.17
2014.12.10 07:03:36.640,1.0791,1.07952,1.65,1.17
2014.12.10 07:03:36.691,1.07911,1.07952,1.52,1.65
2014.12.10 07:03:36.893,1.07909,1.07949,1.90,1.00
2014.12.10 07:03:37.197,1.07913,1.07953,1.57,1.15
2014.12.10 07:03:37.655,1.07912,1.07953,1.52,1.15
2014.12.10 07:03:37.958,1.07912,1.07951,1.52,1.00
2014.12.10 07:03:38.414,1.07912,1.07951,1.27,1.00
2014.12.10 07:03:38.465,1.07912,1.07951,1.12,1.15
2014.12.10 07:03:38.617,1.07907,1.07951,1.52,1.15
2014.12.10 07:03:50.205,1.07909,1.07952,1.87,2.32
2014.12.10 07:03:50.823,1.0791,1.07952,1.00,3.07
2014.12.10 07:03:51.533,1.0791,1.07952,1.45,1.15
2014.12.10 07:03:51.584,1.0791,1.07952,1.55,1.15
2014.12.10 07:03:53.565,1.07913,1.07952,1.00,1.52
2014.12.10 07:04:03.119,1.07913,1.07951,1.50,3.07
2014.12.10 07:04:03.271,1.07908,1.07946,1.12,1.15
2014.12.10 07:04:03.321,1.07908,1.07944,1.37,1.15
2014.12.10 07:04:03.840,1.07908,1.07942,1.37,1.15
2014.12.10 07:04:03.891,1.07908,1.07942,1.00,1.15
2014.12.10 07:04:04.309,1.07908,1.07943,1.37,1.27
2014.12.10 07:04:07.403,1.07908,1.07945,1.87,1.52
2014.12.10 07:04:18.472,1.07904,1.07945,1.87,1.52
2014.12.10 07:04:18.831,1.07904,1.07945,1.50,1.52
2014.12.10 07:04:19.344,1.07905,1.07943,1.00,1.52
2014.12.10 07:04:23.003,1.07904,1.07943,2.25,1.52
2014.12.10 07:04:29.429,1.07905,1.07941,1.00,1.27
2014.12.10 07:04:30.017,1.07905,1.07937,1.00,1.00
2014.12.10 07:04:32.353,1.07905,1.07939,1.00,1.10
2014.12.10 07:04:32.891,1.07904,1.07939,2.77,1.00
2014.12.10 07:04:35.594,1.07904,1.07939,2.62,1.00
2014.12.10 07:04:37.998,1.07904,1.07939,2.77,1.00
2014.12.10 07:04:38.151,1.07905,1.07942,1.27,1.57
2014.12.10 07:04:38.202,1.07905,1.0794,1.27,1.00
2014.12.10 07:04:39.246,1.07905,1.0794,1.92,1.00
2014.12.10 07:04:39.860,1.07905,1.0794,1.92,1.00
2014.12.10 07:04:40.367,1.07904,1.0794,2.40,1.00
2014.12.10 07:04:40.958,1.07904,1.0794,2.40,1.00
2014.12.10 07:04:41.464,1.07904,1.0794,2.40,1.00
2014.12.10 07:04:41.878,1.07904,1.0794,1.95,1.07
2014.12.10 07:04:42.029,1.07901,1.07939,3.15,1.17
2014.12.10 07:04:42.130,1.07901,1.07934,1.17,1.00
2014.12.10 07:04:42.484,1.07901,1.07932,1.10,1.00
2014.12.10 07:04:42.636,1.07896,1.07932,1.15,1.00
2014.12.10 07:04:42.686,1.07896,1.07929,1.15,1.00
2014.12.10 07:04:43.201,1.07896,1.0793,1.15,1.00
2014.12.10 07:04:43.859,1.07896,1.0793,1.52,1.00
2014.12.10 07:04:47.118,1.07897,1.0793,1.55,1.00
2014.12.10 07:04:47.622,1.07897,1.0793,1.12,1.00
2014.12.10 07:04:51.135,1.07897,1.0793,1.00,1.07
2014.12.10 07:04:51.438,1.07897,1.07925,1.00,1.00
2014.12.10 07:04:51.590,1.07897,1.07929,1.00,1.00
2014.12.10 07:04:51.742,1.07897,1.0793,1.37,1.10
2014.12.10 07:04:52.247,1.07897,1.07931,1.55,1.00
2014.12.10 07:04:52.766,1.07897,1.07931,1.55,1.00
2014.12.10 07:04:56.858,1.07897,1.0793,1.55,1.00
2014.12.10 07:04:57.335,1.07897,1.07932,1.55,1.00
2014.12.10 07:04:57.537,1.079,1.07931,1.55,1.00
2014.12.10 07:04:57.857,1.07896,1.07928,1.52,1.00
2014.12.10 07:04:57.959,1.07896,1.07928,1.00,1.00
2014.12.10 07:04:59.167,1.07896,1.07929,1.00,1.00
2014.12.10 07:05:00.279,1.07895,1.07929,1.00,1.00
2014.12.10 07:05:00.330,1.07895,1.07933,1.87,1.15
2014.12.10 07:05:00.431,1.07898,1.07935,1.10,1.17
2014.12.10 07:05:00.482,1.079,1.07935,1.12,1.10
2014.12.10 07:05:00.886,1.079,1.07937,1.37,1.15
2014.12.10 07:05:00.987,1.079,1.0794,1.52,1.15
2014.12.10 07:05:01.340,1.079,1.07945,1.52,2.02
2014.12.10 07:05:01.391,1.07905,1.07941,1.47,1.00
2014.12.10 07:05:14.901,1.07908,1.07944,1.00,1.17
2014.12.10 07:05:15.154,1.07908,1.07945,1.20,1.07
2014.12.10 07:05:15.679,1.07908,1.07945,1.27,1.00
2014.12.10 07:05:17.907,1.07908,1.07945,1.65,1.00
2014.12.10 07:05:18.907,1.07908,1.07945,1.65,1.00
2014.12.10 07:05:19.420,1.07908,1.07945,1.65,1.00
2014.12.10 07:05:20.949,1.07908,1.07945,1.65,1.00
2014.12.10 07:05:21.866,1.07908,1.07945,1.65,1.00
2014.12.10 07:05:22.782,1.07908,1.07945,1.65,1.00
2014.12.10 07:05:23.291,1.07908,1.07945,1.65,1.00
2014.12.10 07:05:23.899,1.07908,1.07945,1.65,1.00
2014.12.10 07:05:24.638,1.07911,1.07945,1.50,1.00
2014.12.10 07:05:24.942,1.07911,1.07945,1.00,1.00
2014.12.10 07:05:25.015,1.07911,1.07945,1.37,1.00
2014.12.10 07:05:25.824,1.07911,1.07945,1.37,1.00
2014.12.10 07:05:26.331,1.07911,1.07945,1.37,1.00
2014.12.10 07:05:27.247,1.07911,1.07945,1.37,1.00
2014.12.10 07:05:27.959,1.07911,1.07945,1.37,1.00
2014.12.10 07:05:28.972,1.07911,1.07945,1.37,1.00
2014.12.10 07:05:29.581,1.07911,1.07945,1.37,1.00
2014.12.10 07:05:30.107,1.07911,1.07945,1.37,1.00
2014.12.10 07:05:30.647,1.07911,1.07945,1.75,1.00
2014.12.10 07:05:31.822,1.07911,1.07945,1.37,1.00
2014.12.10 07:05:32.325,1.07911,1.07945,1.37,1.00
2014.12.10 07:05:32.997,1.07911,1.07945,1.37,1.00
2014.12.10 07:05:33.500,1.07911,1.07945,1.37,1.00
2014.12.10 07:05:34.009,1.07912,1.07946,1.37,1.65
2014.12.10 07:05:34.515,1.07912,1.07946,1.37,1.65
2014.12.10 07:05:35.328,1.07912,1.07946,1.37,1.65
2014.12.10 07:05:36.057,1.07912,1.07946,1.37,1.57
2014.12.10 07:05:36.592,1.07912,1.07946,1.37,1.57
2014.12.10 07:05:37.098,1.07911,1.07946,1.37,1.10
2014.12.10 07:05:37.815,1.07911,1.07946,1.87,1.10
2014.12.10 07:05:37.916,1.07911,1.07946,1.50,1.10
2014.12.10 07:05:38.320,1.07913,1.07946,1.37,1.10
2014.12.10 07:05:39.185,1.07913,1.07946,1.75,1.10
2014.12.10 07:05:39.337,1.07913,1.07946,1.50,1.10
2014.12.10 07:05:40.342,1.07913,1.07946,1.75,1.10
2014.12.10 07:05:41.108,1.07913,1.07946,1.37,1.10
2014.12.10 07:05:41.877,1.07912,1.07946,1.75,1.57
2014.12.10 07:05:42.231,1.0791,1.07946,2.32,1.57
2014.12.10 07:05:42.932,1.0791,1.07946,1.85,1.57
2014.12.10 07:05:43.084,1.07909,1.07944,3.15,1.00
2014.12.10 07:05:43.641,1.07909,1.07944,2.40,1.00
2014.12.10 07:05:45.061,1.07909,1.07944,2.40,1.00
2014.12.10 07:05:45.988,1.07909,1.07944,2.40,1.00
2014.12.10 07:05:46.536,1.07909,1.07944,2.40,1.00
2014.12.10 07:05:47.042,1.07909,1.07944,2.40,1.00
2014.12.10 07:05:47.555,1.07909,1.07944,2.40,1.00
2014.12.10 07:05:48.064,1.07909,1.07944,2.40,1.00
2014.12.10 07:05:49.035,1.07909,1.07944,1.92,1.00
2014.12.10 07:05:49.596,1.07909,1.07944,1.92,1.00
2014.12.10 07:05:51.017,1.07909,1.07944,1.92,1.00
2014.12.10 07:05:51.625,1.07909,1.07944,1.92,1.00
2014.12.10 07:05:52.319,1.07909,1.07944,1.92,1.00
2014.12.10 07:05:52.824,1.07909,1.07944,1.65,1.00
2014.12.10 07:05:53.446,1.07909,1.07944,1.65,1.00
2014.12.10 07:05:54.060,1.07909,1.07944,1.92,1.00
2014.12.10 07:05:54.666,1.07909,1.07944,1.92,1.00
2014.12.10 07:05:55.371,1.07909,1.07944,1.92,1.00
2014.12.10 07:05:56.062,1.07909,1.07944,1.85,1.00
2014.12.10 07:05:56.600,1.07908,1.07942,3.15,1.00
2014.12.10 07:05:56.701,1.07909,1.07945,1.10,1.17
2014.12.10 07:05:56.954,1.07908,1.07941,2.25,1.00
2014.12.10 07:05:57.479,1.07908,1.07942,3.00,1.10
2014.12.10 07:05:57.990,1.07908,1.07942,3.07,1.00
2014.12.10 07:05:58.665,1.07908,1.07942,3.07,1.00
2014.12.10 07:05:59.285,1.07908,1.07942,3.07,1.00
2014.12.10 07:05:59.829,1.07909,1.07943,1.85,1.00
2014.12.10 07:06:00.940,1.07909,1.07943,1.85,1.00
2014.12.10 07:06:01.447,1.07909,1.07943,1.85,1.00
2014.12.10 07:06:02.257,1.07909,1.07943,1.85,1.00
2014.12.10 07:06:03.097,1.07909,1.07943,1.85,1.00
2014.12.10 07:06:03.677,1.07909,1.07943,1.85,1.00
2014.12.10 07:06:04.591,1.07909,1.07943,1.85,1.00
2014.12.10 07:06:05.148,1.07909,1.07943,1.85,1.00
2014.12.10 07:06:05.651,1.07909,1.07943,1.85,1.00
2014.12.10 07:06:06.622,1.07909,1.07943,1.85,1.00
2014.12.10 07:06:07.135,1.07909,1.07943,2.32,1.00
2014.12.10 07:06:07.797,1.07909,1.07943,1.95,1.00
2014.12.10 07:06:08.108,1.07909,1.07943,1.95,1.00
2014.12.10 07:06:10.145,1.07909,1.07943,1.95,1.00
2014.12.10 07:06:10.719,1.07909,1.07943,1.95,1.00
2014.12.10 07:06:11.117,1.07911,1.07945,1.37,1.10
2014.12.10 07:06:12.115,1.07911,1.07945,1.37,1.10
2014.12.10 07:06:12.632,1.07909,1.07944,2.32,1.00
2014.12.10 07:06:13.143,1.07912,1.07945,1.75,1.10
2014.12.10 07:06:13.724,1.07914,1.07944,1.00,1.00
2014.12.10 07:06:14.284,1.07912,1.07944,1.87,1.00
2014.12.10 07:06:15.396,1.07912,1.07944,1.37,1.00
2014.12.10 07:06:16.925,1.07912,1.07944,1.37,1.00
2014.12.10 07:06:16.975,1.07912,1.07944,1.75,1.00
2014.12.10 07:06:18.836,1.07912,1.07944,1.87,1.00
2014.12.10 07:06:19.344,1.07912,1.07943,1.37,1.00
2014.12.10 07:06:19.905,1.07911,1.07943,2.25,1.00
2014.12.10 07:06:20.422,1.07911,1.07943,2.62,1.00
2014.12.10 07:06:20.956,1.07911,1.07943,2.25,1.00
2014.12.10 07:06:21.768,1.07911,1.07943,2.25,1.00
2014.12.10 07:06:22.331,1.07909,1.07943,1.75,1.00
2014.12.10 07:06:22.845,1.07909,1.07943,1.75,1.00
2014.12.10 07:06:23.363,1.07909,1.07942,1.75,1.00
2014.12.10 07:06:24.082,1.0791,1.07943,1.75,1.00
2014.12.10 07:06:25.413,1.07909,1.07942,2.25,1.00
2014.12.10 07:06:25.966,1.07909,1.07942,1.75,1.00
2014.12.10 07:06:26.483,1.07909,1.07942,1.75,1.00
2014.12.10 07:06:26.987,1.07909,1.07942,1.75,1.00
2014.12.10 07:06:28.586,1.07909,1.0794,2.25,1.00
2014.12.10 07:06:28.896,1.07909,1.07941,2.25,1.00
2014.12.10 07:06:29.407,1.07909,1.07941,2.25,1.00
2014.12.10 07:06:30.422,1.07909,1.07941,2.25,1.00
2014.12.10 07:06:30.984,1.07909,1.07941,2.25,1.00
2014.12.10 07:06:31.906,1.0791,1.07941,1.75,1.00
2014.12.10 07:06:32.175,1.07909,1.07941,1.37,1.00
2014.12.10 07:06:38.358,1.07909,1.0794,1.37,1.00
2014.12.10 07:06:40.657,1.07909,1.0794,1.37,1.00
2014.12.10 07:06:45.285,1.07909,1.07941,1.87,1.00
2014.12.10 07:06:45.336,1.07912,1.07941,1.00,1.00
2014.12.10 07:06:46.161,1.07912,1.07941,1.37,1.00
2014.12.10 07:06:47.197,1.07912,1.07941,1.00,1.00
2014.12.10 07:06:55.342,1.07913,1.07941,1.00,1.00
2014.12.10 07:06:55.698,1.07911,1.07942,1.00,1.00
2014.12.10 07:06:55.850,1.07911,1.07944,1.00,1.12
2014.12.10 07:06:56.779,1.07911,1.07944,1.00,1.20
2014.12.10 07:07:01.189,1.07911,1.07945,1.00,2.02
2014.12.10 07:07:01.705,1.07911,1.07945,1.00,1.57
2014.12.10 07:07:06.122,1.07912,1.07946,1.00,1.17
2014.12.10 07:07:07.447,1.07915,1.07948,1.00,1.55
2014.12.10 07:07:07.498,1.07915,1.07948,1.00,1.10
2014.12.10 07:07:08.088,1.07915,1.07949,1.37,1.57
2014.12.10 07:07:15.959,1.07915,1.07947,1.37,1.07
2014.12.10 07:07:16.262,1.07909,1.07942,1.00,1.20
2014.12.10 07:07:16.581,1.07908,1.07942,1.00,1.17
2014.12.10 07:07:16.892,1.07902,1.07939,2.25,1.17
2014.12.10 07:07:17.047,1.07904,1.0794,1.20,1.12
2014.12.10 07:07:17.614,1.07904,1.0794,1.20,1.95
2014.12.10 07:07:18.157,1.07903,1.07939,1.87,1.52
2014.12.10 07:07:18.917,1.07903,1.07939,1.50,1.52
2014.12.10 07:07:19.465,1.07903,1.07939,1.50,1.52
2014.12.10 07:07:20.142,1.07903,1.07939,1.50,1.15
2014.12.10 07:07:20.464,1.07902,1.07936,2.25,1.00
2014.12.10 07:07:20.995,1.07901,1.07935,1.75,1.00
2014.12.10 07:07:21.337,1.07903,1.07932,1.00,1.00
2014.12.10 07:07:21.863,1.07899,1.07932,1.50,1.37
2014.12.10 07:07:22.373,1.07899,1.07932,1.50,1.00
2014.12.10 07:07:23.238,1.07899,1.07932,1.50,1.12
2014.12.10 07:07:33.137,1.07899,1.07932,1.00,1.45
2014.12.10 07:07:33.642,1.07896,1.07927,1.55,1.00
2014.12.10 07:07:33.744,1.07895,1.07927,1.57,1.00
2014.12.10 07:07:34.149,1.07896,1.0793,1.37,1.47
2014.12.10 07:07:34.654,1.07893,1.07927,1.75,1.10
2014.12.10 07:07:35.155,1.07893,1.07927,1.75,1.10
2014.12.10 07:07:35.206,1.07893,1.07927,1.50,1.10
2014.12.10 07:07:44.241,1.07893,1.07927,2.62,1.10
2014.12.10 07:07:44.907,1.07896,1.07927,1.37,1.10
2014.12.10 07:07:45.467,1.07896,1.07927,1.37,1.10
2014.12.10 07:07:46.541,1.07896,1.07927,1.37,1.10
2014.12.10 07:07:47.151,1.07896,1.07927,1.37,1.10
2014.12.10 07:07:47.969,1.07896,1.07929,1.37,1.15
2014.12.10 07:07:48.273,1.07896,1.07925,1.87,1.00
2014.12.10 07:07:48.792,1.07896,1.07925,1.87,1.00
2014.12.10 07:07:49.203,1.07896,1.07925,1.50,1.00
2014.12.10 07:07:49.997,1.07896,1.07926,1.00,1.00
2014.12.10 07:07:50.149,1.07896,1.07923,1.00,1.00
2014.12.10 07:07:50.565,1.07896,1.07931,1.27,1.00
2014.12.10 07:07:51.055,1.07896,1.07931,1.65,1.00
2014.12.10 07:07:51.360,1.07902,1.0793,1.00,1.00
2014.12.10 07:07:58.430,1.07902,1.0793,1.37,1.00
2014.12.10 07:07:59.145,1.07902,1.0793,1.37,1.00
2014.12.10 07:07:59.952,1.07902,1.0793,1.37,1.00
2014.12.10 07:08:01.273,1.07902,1.0793,1.37,1.00
2014.12.10 07:08:01.889,1.07902,1.0793,1.37,1.00
2014.12.10 07:08:02.519,1.07902,1.0793,1.37,1.00
2014.12.10 07:08:03.236,1.07902,1.0793,1.37,1.00
2014.12.10 07:08:03.782,1.07902,1.0793,1.37,1.00
2014.12.10 07:08:05.109,1.07902,1.0793,1.37,1.00
2014.12.10 07:08:05.876,1.07902,1.0793,1.37,1.00
2014.12.10 07:08:06.387,1.07902,1.0793,1.37,1.00
2014.12.10 07:08:07.909,1.07902,1.0793,1.37,1.00
2014.12.10 07:08:08.417,1.07902,1.0793,1.37,1.00
2014.12.10 07:08:09.025,1.07902,1.0793,1.37,1.00
2014.12.10 07:08:09.535,1.07902,1.0793,1.37,1.00
2014.12.10 07:08:09.641,1.07902,1.0793,1.00,1.00
2014.12.10 07:08:13.736,1.07902,1.0793,1.37,1.00
2014.12.10 07:08:15.875,1.07902,1.07932,1.37,1.00
2014.12.10 07:08:16.476,1.07902,1.07932,1.37,1.00
2014.12.10 07:08:17.027,1.07902,1.07932,1.00,1.00
2014.12.10 07:08:20.721,1.07902,1.07932,1.37,1.00
2014.12.10 07:08:21.731,1.07902,1.07932,1.37,1.00
2014.12.10 07:08:22.422,1.07902,1.07932,1.37,1.00
2014.12.10 07:08:22.740,1.07902,1.07932,1.00,1.00
2014.12.10 07:08:23.753,1.07902,1.07932,1.37,1.00
2014.12.10 07:08:24.810,1.07902,1.07932,1.37,1.00
2014.12.10 07:08:26.024,1.07898,1.07932,1.75,1.00
2014.12.10 07:08:26.891,1.07897,1.0793,1.87,1.00
2014.12.10 07:08:27.143,1.07897,1.0793,1.87,1.00
2014.12.10 07:08:27.747,1.07897,1.0793,1.87,1.12
2014.12.10 07:08:28.262,1.07897,1.0793,1.87,1.12
2014.12.10 07:08:28.811,1.07897,1.0793,1.87,1.12
2014.12.10 07:08:28.963,1.07903,1.0793,1.00,1.00
2014.12.10 07:08:29.064,1.07904,1.07935,1.37,1.00
2014.12.10 07:08:29.165,1.07904,1.07935,1.12,1.00
2014.12.10 07:08:29.266,1.07905,1.07939,1.75,1.00
2014.12.10 07:08:29.569,1.07907,1.0794,1.27,1.00
2014.12.10 07:08:29.670,1.07908,1.0794,1.95,1.00
2014.12.10 07:08:29.824,1.07907,1.07942,1.92,1.00
2014.12.10 07:08:30.819,1.07909,1.07944,1.00,1.10
2014.12.10 07:08:30.967,1.07909,1.07942,1.00,1.00
2014.12.10 07:08:31.480,1.07909,1.07943,1.00,1.00
2014.12.10 07:08:32.146,1.07907,1.07942,1.92,1.00
2014.12.10 07:08:38.339,1.07907,1.07942,2.25,1.17
2014.12.10 07:08:38.939,1.07908,1.07942,1.00,1.17
2014.12.10 07:08:40.223,1.07907,1.07942,1.75,1.17
2014.12.10 07:08:43.272,1.07908,1.07942,1.00,1.17
2014.12.10 07:08:44.116,1.07907,1.07942,1.75,1.17
2014.12.10 07:08:44.693,1.07908,1.07942,1.00,1.17
2014.12.10 07:08:45.194,1.07907,1.07942,1.75,1.17
2014.12.10 07:08:45.914,1.07908,1.07942,1.00,1.17
2014.12.10 07:08:46.423,1.07907,1.07942,1.75,1.17
2014.12.10 07:08:47.243,1.07908,1.07942,1.00,1.17
2014.12.10 07:08:48.042,1.07907,1.07942,2.25,1.17
2014.12.10 07:08:50.569,1.07907,1.07942,2.25,1.77
2014.12.10 07:08:50.670,1.07905,1.07939,1.00,1.60
2014.12.10 07:08:50.721,1.07904,1.07932,1.87,1.00
2014.12.10 07:08:50.873,1.07903,1.07936,1.50,1.10
2014.12.10 07:08:50.974,1.07906,1.0794,1.50,1.57
2014.12.10 07:08:51.027,1.07906,1.0794,1.75,1.57
2014.12.10 07:08:51.535,1.07904,1.07939,2.32,1.00
2014.12.10 07:08:52.245,1.07904,1.07939,1.85,1.00
2014.12.10 07:08:52.827,1.07904,1.07939,1.85,1.00
2014.12.10 07:08:53.922,1.07904,1.07939,1.85,1.00
2014.12.10 07:08:54.430,1.07904,1.07939,1.85,1.00
2014.12.10 07:08:55.144,1.07905,1.07941,1.75,1.17
2014.12.10 07:08:55.894,1.07905,1.07941,2.25,1.17
2014.12.10 07:08:56.762,1.07905,1.07941,2.25,1.17
2014.12.10 07:08:57.298,1.07906,1.07941,1.75,1.17
2014.12.10 07:08:58.787,1.07906,1.07941,1.75,1.17
2014.12.10 07:09:01.114,1.07909,1.07943,1.12,1.07
2014.12.10 07:09:01.181,1.07909,1.07943,1.12,1.00
2014.12.10 07:09:21.425,1.07907,1.07942,1.37,1.00
2014.12.10 07:09:22.085,1.07911,1.07944,1.12,1.65
2014.12.10 07:09:22.539,1.07918,1.07943,1.00,1.00
2014.12.10 07:09:22.640,1.07918,1.07951,1.00,1.15
2014.12.10 07:09:22.741,1.07918,1.07951,1.00,1.20
2014.12.10 07:09:22.792,1.07916,1.0795,1.00,1.00
2014.12.10 07:09:23.219,1.07916,1.07951,1.00,1.27
2014.12.10 07:09:23.421,1.07909,1.07943,1.50,1.15
2014.12.10 07:09:24.979,1.07909,1.07944,1.00,1.00
2014.12.10 07:09:25.181,1.07907,1.07942,1.55,1.00
2014.12.10 07:09:25.485,1.07906,1.07939,1.00,1.00
2014.12.10 07:09:25.792,1.07905,1.07939,1.57,1.00
2014.12.10 07:09:25.943,1.07905,1.07942,1.85,1.17
2014.12.10 07:09:26.196,1.07904,1.07938,1.45,1.07
2014.12.10 07:09:26.348,1.07904,1.07938,1.00,1.15
2014.12.10 07:09:26.553,1.07902,1.07937,2.32,1.00
2014.12.10 07:09:26.965,1.07904,1.0794,1.75,1.00
2014.12.10 07:09:27.167,1.07904,1.07938,1.75,1.00
2014.12.10 07:09:27.479,1.07904,1.07938,1.75,1.15
2014.12.10 07:09:34.913,1.07904,1.07938,1.50,1.15
2014.12.10 07:09:35.086,1.07908,1.07942,1.00,1.15
2014.12.10 07:09:35.240,1.07908,1.07942,1.00,1.10
2014.12.10 07:09:35.395,1.07905,1.07941,1.37,1.00
2014.12.10 07:09:35.980,1.07905,1.07941,1.00,1.37
2014.12.10 07:09:37.077,1.07906,1.07943,1.00,1.55
2014.12.10 07:09:37.587,1.07906,1.07943,1.37,1.55
2014.12.10 07:09:39.056,1.07906,1.07943,1.50,1.17
2014.12.10 07:09:39.360,1.07906,1.07943,1.50,1.17
2014.12.10 07:09:39.613,1.07906,1.0794,1.00,1.00
2014.12.10 07:09:40.516,1.07906,1.0794,1.37,1.00
2014.12.10 07:09:40.819,1.07909,1.07943,1.00,1.27
2014.12.10 07:09:41.443,1.07909,1.07943,1.37,1.27
2014.12.10 07:09:42.094,1.07909,1.07943,1.00,1.27
2014.12.10 07:09:42.348,1.07906,1.0794,1.00,1.00
2014.12.10 07:09:45.362,1.07906,1.0794,1.37,1.00
2014.12.10 07:09:49.582,1.07908,1.07942,1.12,1.47
2014.12.10 07:09:50.504,1.07909,1.07943,1.00,1.55
2014.12.10 07:09:56.582,1.07909,1.07943,1.37,1.55
2014.12.10 07:09:57.113,1.07912,1.07946,1.00,1.52
2014.12.10 07:10:02.208,1.07912,1.07946,1.00,1.45
2014.12.10 07:10:03.464,1.07912,1.07946,1.00,1.07
2014.12.10 07:10:04.962,1.07912,1.07946,1.37,1.07
2014.12.10 07:10:09.123,1.07912,1.07946,1.37,1.07
2014.12.10 07:10:11.318,1.07915,1.07948,1.00,1.00
2014.12.10 07:10:11.369,1.07915,1.07951,1.00,1.27
2014.12.10 07:10:11.621,1.07916,1.07948,1.00,1.00
2014.12.10 07:10:11.976,1.07915,1.07949,1.00,1.07
2014.12.10 07:10:12.229,1.07911,1.07944,1.37,1.00
2014.12.10 07:10:12.330,1.07911,1.07944,1.00,1.37
2014.12.10 07:10:12.431,1.07909,1.07941,1.50,1.15
2014.12.10 07:10:12.964,1.07906,1.0794,1.37,1.15
2014.12.10 07:10:13.116,1.07906,1.07937,1.00,1.15
2014.12.10 07:10:13.268,1.079,1.07935,1.00,1.10
2014.12.10 07:10:13.369,1.07902,1.07936,1.00,1.17
2014.12.10 07:10:13.521,1.07894,1.07937,6.00,1.00
2014.12.10 07:10:13.572,1.07896,1.07943,1.52,1.52
2014.12.10 07:10:13.932,1.07907,1.07941,1.00,1.20
2014.12.10 07:10:20.603,1.07906,1.0794,1.37,1.00
2014.12.10 07:10:23.579,1.07904,1.07939,1.37,1.00
2014.12.10 07:10:24.415,1.07904,1.07939,1.37,1.00
2014.12.10 07:10:24.465,1.07902,1.07938,1.45,1.07
2014.12.10 07:10:27.009,1.07903,1.07937,1.37,1.07
2014.12.10 07:10:29.342,1.07903,1.07937,1.37,1.07
2014.12.10 07:10:29.443,1.07903,1.07937,1.00,1.07
2014.12.10 07:10:29.646,1.07897,1.07931,1.52,1.00
2014.12.10 07:10:29.747,1.079,1.07934,1.10,1.00
2014.12.10 07:10:29.963,1.079,1.07934,1.47,1.00
2014.12.10 07:10:30.266,1.07906,1.07942,1.37,1.27
2014.12.10 07:10:30.797,1.07905,1.0794,1.37,1.47
2014.12.10 07:10:31.936,1.07905,1.0794,1.75,1.10
2014.12.10 07:10:39.064,1.07905,1.0794,1.50,1.10
2014.12.10 07:10:39.115,1.07905,1.0794,1.50,1.17
2014.12.10 07:10:39.419,1.079,1.07933,1.47,1.00
2014.12.10 07:10:40.584,1.07901,1.07933,1.07,1.00
2014.12.10 07:10:40.635,1.07901,1.07935,1.65,1.00
2014.12.10 07:10:40.686,1.07901,1.07935,1.20,1.37
2014.12.10 07:10:40.888,1.07897,1.07931,1.45,1.00
2014.12.10 07:10:43.379,1.07898,1.07932,1.75,1.10
2014.12.10 07:10:46.522,1.07898,1.07932,1.85,1.00
2014.12.10 07:10:48.474,1.07895,1.0793,1.65,1.00
2014.12.10 07:10:49.686,1.07897,1.07934,1.37,1.15
2014.12.10 07:10:49.788,1.07897,1.07931,1.37,1.00
2014.12.10 07:10:50.093,1.07894,1.07929,3.52,1.00
2014.12.10 07:10:50.194,1.07894,1.07938,2.40,1.52
2014.12.10 07:10:50.397,1.07894,1.07938,2.40,1.52
2014.12.10 07:10:50.598,1.07894,1.07933,2.40,1.20
2014.12.10 07:10:50.649,1.07894,1.07925,2.40,1.00
2014.12.10 07:10:50.851,1.07894,1.0793,2.40,1.00
2014.12.10 07:10:51.003,1.07894,1.07928,3.15,1.00
2014.12.10 07:10:51.331,1.07895,1.07928,1.37,1.00
2014.12.10 07:10:51.839,1.07892,1.07927,1.57,1.00
2014.12.10 07:10:51.890,1.07891,1.07925,1.92,1.00
2014.12.10 07:10:53.562,1.07891,1.07925,1.92,1.00
2014.12.10 07:10:59.312,1.07891,1.07925,1.92,1.00
2014.12.10 07:10:59.565,1.07897,1.07927,1.00,1.00
2014.12.10 07:11:00.602,1.07892,1.07927,1.85,1.00
2014.12.10 07:11:00.712,1.07892,1.07927,1.85,1.00
2014.12.10 07:11:01.531,1.07897,1.07932,1.50,1.57
2014.12.10 07:11:01.582,1.07897,1.07932,1.50,1.50
2014.12.10 07:11:01.633,1.07908,1.07937,1.75,1.07
2014.12.10 07:11:01.684,1.07908,1.07942,1.75,1.00
2014.12.10 07:11:01.936,1.07912,1.07947,1.47,2.70
2014.12.10 07:11:02.343,1.07911,1.07944,1.37,1.07
2014.12.10 07:11:06.672,1.07911,1.07946,1.75,1.10
2014.12.10 07:11:06.875,1.07911,1.07947,1.75,1.65
2014.12.10 07:11:09.079,1.07911,1.07947,1.37,1.65
2014.12.10 07:11:11.171,1.07912,1.07947,1.37,1.65
2014.12.10 07:11:12.688,1.07911,1.07947,1.75,1.65
2014.12.10 07:11:13.656,1.07911,1.07946,1.37,1.10
2014.12.10 07:11:13.858,1.07911,1.07944,1.37,1.00
2014.12.10 07:11:14.882,1.0791,1.07944,1.47,1.50
2014.12.10 07:11:15.087,1.07905,1.07937,1.27,1.00
2014.12.10 07:11:15.188,1.07904,1.0794,1.90,1.00
2014.12.10 07:11:15.289,1.07907,1.07942,1.52,1.00
2014.12.10 07:11:15.795,1.07905,1.07941,1.65,1.00
2014.12.10 07:11:16.303,1.07905,1.07941,1.52,1.00
2014.12.10 07:11:28.301,1.07905,1.07941,1.65,1.00
2014.12.10 07:11:29.366,1.07906,1.07942,1.65,1.00
2014.12.10 07:11:40.532,1.07907,1.07942,1.65,1.00
2014.12.10 07:11:43.721,1.07909,1.07942,1.92,1.00
2014.12.10 07:11:47.723,1.07907,1.07941,1.75,1.00
2014.12.10 07:11:47.824,1.07907,1.07941,1.37,1.00
2014.12.10 07:11:47.976,1.07907,1.07939,1.52,1.00
2014.12.10 07:11:49.712,1.07908,1.07939,1.55,1.00
2014.12.10 07:11:58.130,1.07907,1.07939,1.52,1.00
2014.12.10 07:11:58.333,1.07905,1.07939,2.25,2.10
2014.12.10 07:11:58.434,1.07903,1.07933,2.02,1.00
2014.12.10 07:11:58.587,1.07902,1.07933,1.95,1.00
2014.12.10 07:11:58.738,1.07899,1.07931,1.55,1.00
2014.12.10 07:11:59.192,1.07899,1.07933,1.55,1.00
2014.12.10 07:11:59.717,1.07898,1.07931,1.52,1.00
2014.12.10 07:12:00.282,1.07898,1.07933,1.52,1.00
2014.12.10 07:12:09.022,1.07896,1.07933,4.27,1.00
2014.12.10 07:12:09.174,1.07903,1.07937,2.02,1.00
2014.12.10 07:12:09.326,1.07907,1.07941,1.82,1.50
2014.12.10 07:12:09.377,1.07907,1.07941,1.82,1.00
2014.12.10 07:12:09.528,1.07908,1.07944,1.85,1.10
2014.12.10 07:12:10.907,1.07911,1.07944,1.00,1.10
2014.12.10 07:12:17.645,1.07912,1.07948,1.00,1.52
2014.12.10 07:12:18.656,1.07912,1.07948,1.37,1.27
2014.12.10 07:12:19.460,1.07912,1.07948,1.37,1.15
2014.12.10 07:12:19.612,1.07912,1.07948,1.55,1.00
2014.12.10 07:12:20.391,1.07915,1.0795,1.75,1.17
2014.12.10 07:12:20.543,1.07919,1.07953,1.12,1.65
2014.12.10 07:12:20.694,1.07919,1.07953,1.00,1.37
2014.12.10 07:12:20.795,1.07912,1.07946,1.27,1.00
2014.12.10 07:12:20.947,1.07913,1.07948,1.07,1.00
2014.12.10 07:12:20.998,1.07913,1.07948,1.45,1.00
2014.12.10 07:12:21.099,1.07917,1.07951,1.57,1.00
2014.12.10 07:12:21.301,1.07913,1.07946,1.07,1.00
2014.12.10 07:12:21.806,1.07912,1.07945,1.17,1.00
2014.12.10 07:12:23.036,1.07907,1.07943,3.90,1.00
2014.12.10 07:12:25.703,1.07908,1.07941,1.52,1.00
2014.12.10 07:12:25.917,1.07908,1.07943,1.52,1.00
2014.12.10 07:12:26.434,1.0791,1.07944,1.07,1.00
2014.12.10 07:12:26.938,1.07911,1.07943,1.10,1.00
2014.12.10 07:12:27.409,1.07911,1.07943,1.15,1.00
2014.12.10 07:12:28.423,1.07909,1.07943,1.52,1.00
2014.12.10 07:12:28.726,1.07907,1.07944,2.32,1.55
2014.12.10 07:12:29.326,1.07905,1.07939,1.65,1.00
2014.12.10 07:12:29.629,1.07904,1.0794,1.65,1.37
2014.12.10 07:12:33.136,1.07904,1.0794,1.52,1.37
2014.12.10 07:12:33.187,1.07906,1.0794,1.92,1.00
2014.12.10 07:12:33.347,1.0791,1.07945,1.55,1.00
2014.12.10 07:12:33.398,1.07912,1.07947,1.45,1.12
2014.12.10 07:12:33.500,1.07918,1.07951,1.82,1.00
2014.12.10 07:12:33.551,1.07918,1.07952,1.90,1.00
2014.12.10 07:12:33.653,1.07918,1.07954,1.90,1.00
2014.12.10 07:12:33.704,1.07926,1.07959,1.12,1.20
2014.12.10 07:12:33.855,1.07924,1.07959,1.12,1.20
2014.12.10 07:12:33.906,1.07924,1.07959,1.37,1.10
2014.12.10 07:12:34.109,1.07916,1.07959,2.70,1.00
2014.12.10 07:12:34.362,1.07918,1.07956,1.52,1.00
2014.12.10 07:12:34.463,1.07918,1.07955,1.10,1.07
2014.12.10 07:12:34.513,1.07914,1.0795,1.52,1.00
2014.12.10 07:12:34.817,1.07924,1.0796,1.37,1.15
2014.12.10 07:12:34.918,1.07924,1.0796,1.00,1.15
2014.12.10 07:12:35.069,1.07915,1.07962,2.40,1.15
2014.12.10 07:12:35.221,1.07918,1.07962,1.15,1.10
2014.12.10 07:12:35.776,1.07918,1.07961,2.02,1.00
2014.12.10 07:12:35.828,1.07921,1.07961,2.70,1.00
2014.12.10 07:12:35.879,1.07924,1.07964,1.27,1.00
2014.12.10 07:12:36.132,1.07925,1.07969,1.90,1.52
2014.12.10 07:12:42.723,1.07924,1.07969,2.77,1.52
2014.12.10 07:12:43.232,1.07929,1.07965,1.55,1.50
2014.12.10 07:12:43.385,1.07929,1.07965,1.55,1.00
2014.12.10 07:12:43.946,1.07927,1.07966,2.02,1.10
2014.12.10 07:12:44.261,1.07927,1.07963,1.37,1.47
2014.12.10 07:12:44.399,1.07924,1.07969,1.55,1.90
2014.12.10 07:12:44.451,1.07924,1.0797,2.40,1.90
2014.12.10 07:12:44.653,1.07924,1.07965,1.92,1.52
2014.12.10 07:12:44.958,1.0793,1.07966,1.10,1.27
2014.12.10 07:12:45.060,1.0793,1.07966,1.10,1.10
2014.12.10 07:12:45.161,1.0793,1.07966,1.47,1.10
2014.12.10 07:12:45.480,1.0793,1.07967,1.47,1.27
2014.12.10 07:12:47.462,1.07936,1.07968,1.00,1.15
2014.12.10 07:12:47.563,1.07929,1.07972,1.52,1.47
2014.12.10 07:12:47.917,1.07925,1.07972,3.07,2.32
2014.12.10 07:12:48.220,1.07934,1.07972,1.47,1.95
2014.12.10 07:12:48.542,1.07936,1.07972,1.37,1.95
2014.12.10 07:12:51.276,1.07936,1.07972,1.37,1.95
2014.12.10 07:12:51.327,1.07929,1.07972,1.27,1.20
2014.12.10 07:12:51.587,1.07929,1.07976,2.02,1.27
2014.12.10 07:12:52.096,1.07929,1.07974,2.40,1.52
2014.12.10 07:12:52.605,1.07929,1.07974,2.40,1.52
2014.12.10 07:12:53.727,1.0793,1.07974,1.27,1.52
2014.12.10 07:12:53.828,1.07929,1.07977,2.40,3.52
2014.12.10 07:12:53.929,1.0793,1.07975,1.52,1.65
2014.12.10 07:12:54.232,1.07933,1.07971,1.92,1.12
2014.12.10 07:12:54.577,1.07935,1.07972,1.37,1.20
2014.12.10 07:12:54.628,1.07934,1.07971,1.57,1.00
2014.12.10 07:12:55.133,1.07935,1.0797,1.65,1.00
2014.12.10 07:12:55.397,1.07935,1.07967,1.65,1.00
2014.12.10 07:12:56.400,1.07935,1.07972,1.00,1.55
2014.12.10 07:12:56.510,1.07935,1.07972,1.07,1.47
2014.12.10 07:12:56.818,1.07938,1.07974,1.37,1.37
2014.12.10 07:12:57.025,1.07938,1.07974,1.37,1.12
2014.12.10 07:12:57.563,1.07939,1.07976,1.37,1.52
2014.12.10 07:12:58.067,1.07939,1.07976,1.37,1.52
2014.12.10 07:12:58.118,1.07939,1.07976,1.37,1.52
2014.12.10 07:12:58.219,1.07939,1.07976,1.37,1.52
2014.12.10 07:12:58.371,1.07939,1.07976,1.37,1.15
2014.12.10 07:12:58.876,1.07937,1.07975,1.95,1.57
2014.12.10 07:12:58.926,1.07937,1.07975,1.47,1.65
2014.12.10 07:12:59.128,1.07929,1.07972,1.37,2.02
2014.12.10 07:13:00.324,1.07927,1.07972,1.45,3.82
2014.12.10 07:13:00.628,1.07923,1.07966,1.50,1.52
2014.12.10 07:13:00.678,1.07923,1.07961,2.25,1.27
2014.12.10 07:13:00.892,1.07923,1.07966,2.25,2.02
2014.12.10 07:13:01.098,1.07923,1.07961,2.25,1.27
2014.12.10 07:13:01.868,1.0792,1.07958,2.32,1.10
2014.12.10 07:13:02.070,1.0792,1.07957,1.85,1.00
2014.12.10 07:13:02.171,1.07921,1.07959,1.90,1.00
2014.12.10 07:13:03.436,1.0792,1.07958,2.40,1.00
2014.12.10 07:13:04.061,1.0792,1.0796,2.40,1.37
2014.12.10 07:13:09.670,1.07921,1.07958,1.90,1.00
2014.12.10 07:13:14.180,1.07922,1.07961,1.75,1.52
2014.12.10 07:13:14.281,1.07922,1.07961,1.82,1.07
2014.12.10 07:13:14.332,1.07919,1.07963,1.27,1.10
2014.12.10 07:13:14.736,1.07921,1.07965,1.27,1.00
2014.12.10 07:13:14.938,1.07931,1.0797,1.00,1.15
2014.12.10 07:13:15.040,1.07926,1.0797,1.27,1.15
2014.12.10 07:13:15.361,1.0793,1.07969,1.37,1.52
2014.12.10 07:13:15.413,1.07924,1.07968,1.52,1.52
2014.12.10 07:13:15.528,1.07923,1.07968,3.15,1.15
2014.12.10 07:13:16.875,1.07925,1.0797,1.15,1.90
2014.12.10 07:13:16.926,1.07925,1.0797,1.07,1.90
2014.12.10 07:13:17.179,1.07924,1.0797,1.92,1.52
2014.12.10 07:13:20.363,1.07925,1.0797,1.45,1.52
2014.12.10 07:13:20.465,1.07925,1.0797,1.52,1.52
2014.12.10 07:13:21.586,1.07927,1.07968,1.27,1.20
2014.12.10 07:13:21.888,1.07933,1.07971,1.65,1.10
2014.12.10 07:13:22.192,1.0793,1.07974,1.90,1.15
2014.12.10 07:13:24.592,1.0793,1.07974,1.90,1.10
2014.12.10 07:13:25.294,1.0793,1.07974,1.90,1.10
2014.12.10 07:13:28.581,1.0793,1.07974,1.90,1.57
2014.12.10 07:13:28.682,1.0793,1.07974,1.90,1.10
2014.12.10 07:13:28.732,1.07933,1.07972,1.90,1.00
2014.12.10 07:13:29.059,1.07938,1.07977,1.47,2.02
2014.12.10 07:13:29.160,1.07938,1.07977,1.10,2.02
2014.12.10 07:13:29.375,1.07938,1.07977,1.47,2.02
2014.12.10 07:13:32.740,1.07938,1.07974,1.47,1.17
2014.12.10 07:13:33.043,1.0792,1.07967,1.90,2.02
2014.12.10 07:13:33.094,1.0792,1.07967,1.90,2.02
2014.12.10 07:13:33.195,1.0792,1.07966,1.90,1.52
2014.12.10 07:13:33.246,1.0792,1.07958,1.90,1.00
2014.12.10 07:13:33.398,1.07922,1.07962,1.00,1.27
2014.12.10 07:13:35.981,1.07922,1.07961,1.00,1.27
2014.12.10 07:13:36.676,1.07922,1.07962,1.00,1.27
2014.12.10 07:13:36.926,1.07922,1.07961,1.00,1.65
2014.12.10 07:13:37.378,1.07922,1.07961,1.00,2.02
2014.12.10 07:13:37.597,1.07922,1.07961,1.00,1.65
2014.12.10 07:13:48.233,1.07918,1.0796,1.17,1.52
2014.12.10 07:13:49.700,1.07915,1.0796,2.02,1.90
2014.12.10 07:13:49.751,1.07915,1.07957,1.95,1.65
2014.12.10 07:13:49.852,1.07915,1.07957,2.02,1.82
2014.12.10 07:13:50.373,1.07915,1.07956,2.40,1.10
2014.12.10 07:13:56.471,1.07915,1.0796,2.40,1.90
2014.12.10 07:13:56.572,1.07915,1.0796,2.40,1.65
2014.12.10 07:13:57.149,1.07915,1.0796,2.77,1.52
2014.12.10 07:14:01.146,1.07915,1.0796,2.40,1.65
2014.12.10 07:14:02.559,1.07915,1.0796,2.40,1.65
2014.12.10 07:14:03.085,1.07915,1.0796,2.40,1.65
2014.12.10 07:14:03.491,1.07915,1.0796,2.40,1.90
2014.12.10 07:14:03.696,1.07915,1.0796,2.02,1.90
2014.12.10 07:14:06.399,1.07915,1.0796,2.40,1.65
2014.12.10 07:14:16.185,1.07916,1.0796,1.75,2.02
2014.12.10 07:14:17.518,1.07917,1.0796,1.00,2.40
2014.12.10 07:14:17.619,1.07916,1.07957,1.00,1.90
2014.12.10 07:14:17.957,1.07915,1.0795,1.50,1.10
2014.12.10 07:14:22.836,1.07914,1.0795,1.47,1.10
2014.12.10 07:14:23.306,1.07917,1.07952,1.57,1.00
2014.12.10 07:14:23.509,1.07914,1.07957,1.27,1.52
2014.12.10 07:14:24.136,1.07914,1.07957,1.27,1.52
2014.12.10 07:14:26.134,1.07918,1.07954,1.37,1.00
2014.12.10 07:14:26.649,1.07916,1.07953,1.37,1.52
2014.12.10 07:14:26.801,1.07912,1.07949,2.32,1.10
2014.12.10 07:14:26.902,1.07912,1.07949,2.32,1.10
2014.12.10 07:14:27.216,1.07914,1.0795,1.75,1.07
2014.12.10 07:14:27.319,1.07914,1.0795,1.82,1.00
2014.12.10 07:14:29.106,1.07914,1.0795,1.52,1.12
2014.12.10 07:14:29.519,1.07914,1.0795,1.52,1.12
2014.12.10 07:14:33.080,1.07916,1.07951,1.20,1.00
2014.12.10 07:14:33.181,1.0792,1.07955,1.10,1.00
2014.12.10 07:14:33.490,1.07921,1.07955,1.37,1.00
2014.12.10 07:14:36.681,1.07921,1.07955,1.37,1.00
2014.12.10 07:14:37.186,1.07922,1.07956,1.37,1.10
2014.12.10 07:14:39.520,1.07922,1.07956,1.37,1.47
2014.12.10 07:14:39.571,1.07921,1.07955,1.37,1.52
2014.12.10 07:14:39.773,1.07916,1.07951,1.37,1.00
2014.12.10 07:14:42.509,1.07917,1.07951,1.37,1.00
2014.12.10 07:14:45.404,1.07917,1.07951,1.37,1.00
2014.12.10 07:14:46.568,1.07917,1.07951,1.37,1.00
2014.12.10 07:14:46.826,1.07917,1.07951,1.37,1.00
2014.12.10 07:14:46.928,1.07915,1.07949,2.02,1.00
2014.12.10 07:14:50.940,1.07914,1.07949,1.90,1.00
2014.12.10 07:14:50.991,1.07921,1.07956,1.12,1.00
2014.12.10 07:14:51.041,1.07921,1.07956,1.20,1.00
2014.12.10 07:14:51.344,1.0792,1.07961,1.27,1.00
2014.12.10 07:14:51.445,1.07922,1.07967,1.65,1.90
2014.12.10 07:14:51.873,1.0793,1.07964,1.00,1.10
2014.12.10 07:14:53.643,1.07929,1.07963,1.00,1.00
2014.12.10 07:14:55.976,1.0793,1.07964,1.00,1.10
2014.12.10 07:14:56.498,1.07929,1.07963,1.00,1.00
2014.12.10 07:14:56.861,1.07931,1.07966,1.00,1.52
2014.12.10 07:15:01.448,1.07929,1.07965,1.37,1.17
2014.12.10 07:15:01.976,1.07929,1.07965,1.00,1.17
2014.12.10 07:15:02.280,1.07931,1.07966,1.20,1.07
2014.12.10 07:15:02.330,1.07933,1.07967,1.10,1.00
2014.12.10 07:15:02.835,1.07934,1.07967,1.00,1.00
2014.12.10 07:15:04.721,1.07929,1.07972,2.40,1.27
2014.12.10 07:15:10.381,1.07928,1.07972,1.17,1.90
2014.12.10 07:15:10.432,1.07928,1.07972,1.10,1.90
2014.12.10 07:15:10.533,1.07925,1.07969,1.65,1.90
2014.12.10 07:15:10.583,1.07926,1.0796,1.10,1.00
2014.12.10 07:15:11.752,1.07938,1.0796,1.00,1.00
2014.12.10 07:15:11.853,1.07935,1.07968,1.82,1.00
2014.12.10 07:15:11.954,1.07938,1.07968,3.07,1.00
2014.12.10 07:15:12.004,1.07946,1.07981,1.07,1.95
2014.12.10 07:15:12.106,1.07946,1.07981,1.15,1.37
2014.12.10 07:15:12.358,1.07942,1.0798,1.00,1.65
2014.12.10 07:15:12.414,1.07942,1.0798,1.00,1.52
2014.12.10 07:15:12.938,1.07943,1.0798,1.00,1.52
2014.12.10 07:15:13.550,1.07942,1.07978,1.00,1.20
2014.12.10 07:15:13.916,1.07942,1.07978,1.37,1.82
2014.12.10 07:15:14.376,1.07942,1.07978,1.37,1.52
2014.12.10 07:15:14.427,1.07943,1.0798,1.12,1.52
2014.12.10 07:15:16.101,1.07943,1.0798,1.12,1.90
2014.12.10 07:15:19.111,1.07943,1.0798,1.12,1.52
2014.12.10 07:15:22.781,1.07946,1.07982,1.00,2.40
2014.12.10 07:15:23.084,1.07949,1.07985,1.00,3.15
2014.12.10 07:15:23.388,1.07956,1.07984,1.00,1.47
2014.12.10 07:15:23.438,1.07953,1.07984,1.37,1.47
2014.12.10 07:15:23.944,1.07953,1.07987,1.37,1.90
2014.12.10 07:15:24.095,1.07947,1.07985,1.00,1.65
2014.12.10 07:15:24.197,1.07947,1.07983,1.00,1.15
2014.12.10 07:15:24.247,1.07941,1.07978,1.37,1.17
2014.12.10 07:15:24.348,1.07942,1.0798,1.47,1.00
2014.12.10 07:15:24.450,1.07946,1.07981,1.00,1.65
2014.12.10 07:15:24.868,1.07944,1.0798,1.00,1.65
2014.12.10 07:15:24.969,1.07942,1.07977,1.10,1.37
2014.12.10 07:15:25.072,1.07942,1.07977,1.47,1.00
2014.12.10 07:15:25.223,1.07945,1.07981,1.37,1.52
2014.12.10 07:15:25.324,1.07944,1.0798,1.00,1.27
2014.12.10 07:15:25.375,1.07944,1.0798,1.00,1.55
2014.12.10 07:15:25.426,1.07942,1.07977,1.00,1.45
2014.12.10 07:15:25.628,1.07943,1.07979,1.37,1.15
2014.12.10 07:15:25.887,1.07943,1.07981,1.00,2.40
2014.12.10 07:15:26.405,1.07942,1.07977,1.00,1.52
2014.12.10 07:15:26.920,1.07942,1.07977,1.00,1.52
2014.12.10 07:15:30.554,1.07942,1.07977,1.00,1.65
2014.12.10 07:15:31.101,1.07939,1.07975,1.37,1.37
2014.12.10 07:15:31.697,1.07939,1.07975,1.37,1.37
2014.12.10 07:15:32.890,1.07942,1.07978,1.00,1.52
2014.12.10 07:15:33.452,1.07939,1.07975,1.37,1.37
2014.12.10 07:15:33.870,1.07942,1.07978,1.00,1.15
2014.12.10 07:15:34.371,1.07938,1.07976,1.57,1.20
2014.12.10 07:15:34.730,1.07938,1.07976,1.65,1.27
2014.12.10 07:15:43.075,1.07941,1.07976,1.20,1.52
2014.12.10 07:15:43.451,1.07941,1.07976,1.12,1.52
2014.12.10 07:15:43.956,1.07939,1.07975,1.45,1.52
2014.12.10 07:15:44.489,1.0794,1.07977,1.47,1.52
2014.12.10 07:15:48.389,1.07941,1.07976,1.37,1.27
2014.12.10 07:15:49.742,1.07941,1.07976,1.37,1.27
2014.12.10 07:15:50.351,1.07941,1.07976,1.37,1.27
2014.12.10 07:15:53.004,1.07941,1.07976,1.55,1.27
2014.12.10 07:15:53.105,1.07943,1.07979,1.90,1.17
2014.12.10 07:15:53.358,1.07951,1.07986,1.37,1.90
2014.12.10 07:15:53.663,1.07951,1.07987,1.37,5.32
2014.12.10 07:15:56.250,1.07947,1.07983,1.55,1.90
2014.12.10 07:15:56.352,1.07946,1.07982,1.52,1.65
2014.12.10 07:15:56.856,1.07946,1.07982,1.52,1.52
2014.12.10 07:15:57.749,1.07949,1.07984,1.37,1.52
2014.12.10 07:16:03.487,1.07951,1.07985,1.37,1.52
2014.12.10 07:16:03.589,1.07942,1.07978,1.90,1.00
2014.12.10 07:16:03.791,1.07942,1.07978,1.52,1.75
2014.12.10 07:16:03.892,1.07941,1.07976,1.52,1.52
2014.12.10 07:16:03.943,1.07941,1.07973,1.52,1.00
2014.12.10 07:16:04.570,1.0794,1.07973,1.52,1.00
2014.12.10 07:16:05.110,1.0794,1.07974,1.65,1.10
2014.12.10 07:16:05.161,1.07941,1.07977,1.52,1.37
2014.12.10 07:16:05.303,1.07944,1.07978,1.52,1.00
2014.12.10 07:16:05.455,1.07946,1.07981,1.52,1.12
2014.12.10 07:16:05.760,1.07948,1.07982,1.52,1.12
2014.12.10 07:16:06.283,1.07951,1.07983,1.47,1.20
2014.12.10 07:16:07.510,1.07951,1.07983,1.95,1.47
2014.12.10 07:16:07.561,1.07951,1.07983,1.10,1.47
2014.12.10 07:16:07.612,1.07951,1.07983,1.10,1.10
2014.12.10 07:16:07.663,1.07951,1.07979,1.10,1.00
2014.12.10 07:16:07.966,1.07944,1.07976,1.27,1.00
2014.12.10 07:16:08.486,1.07944,1.07975,1.27,1.00
2014.12.10 07:16:11.279,1.07944,1.07972,1.15,1.00
2014.12.10 07:16:15.348,1.07944,1.07975,1.15,1.00
2014.12.10 07:16:16.677,1.07944,1.07975,1.00,1.20
2014.12.10 07:16:19.512,1.07938,1.07977,2.77,1.52
2014.12.10 07:16:19.784,1.07938,1.07977,3.15,1.52
2014.12.10 07:16:21.100,1.07938,1.07973,2.02,1.00
2014.12.10 07:16:21.624,1.07938,1.07974,3.15,1.00
2014.12.10 07:16:24.835,1.07938,1.07974,1.90,1.00
2014.12.10 07:16:25.348,1.07942,1.07977,1.57,1.15
2014.12.10 07:16:25.701,1.07942,1.07977,1.52,1.12
2014.12.10 07:16:26.004,1.07944,1.0798,1.52,1.52
2014.12.10 07:16:26.409,1.07943,1.07978,1.45,1.52
2014.12.10 07:16:26.561,1.0794,1.07978,1.52,1.52
2014.12.10 07:16:27.117,1.0794,1.07976,1.52,1.55
2014.12.10 07:16:27.576,1.0794,1.07976,1.90,1.27
2014.12.10 07:16:28.137,1.07941,1.07977,1.65,1.52
2014.12.10 07:16:28.538,1.07941,1.07977,1.65,1.52
2014.12.10 07:16:37.778,1.07938,1.07974,1.90,1.10
2014.12.10 07:16:39.585,1.0794,1.07976,1.90,1.17
2014.12.10 07:16:39.868,1.07938,1.07981,1.90,1.52
2014.12.10 07:16:49.218,1.07943,1.07977,1.45,1.27
2014.12.10 07:16:53.099,1.07943,1.07977,1.45,1.27
2014.12.10 07:16:54.368,1.07943,1.07977,1.90,1.00
2014.12.10 07:16:54.419,1.07947,1.07981,1.57,1.27
2014.12.10 07:16:54.621,1.07938,1.07982,5.62,1.65
2014.12.10 07:16:54.672,1.07938,1.07982,1.27,1.65
2014.12.10 07:16:55.177,1.07945,1.07981,1.10,1.52
2014.12.10 07:16:55.279,1.07945,1.07981,1.52,1.57
2014.12.10 07:16:55.431,1.07943,1.07977,1.52,1.00
2014.12.10 07:16:55.532,1.07947,1.07981,1.52,1.10
2014.12.10 07:16:55.784,1.07946,1.07981,1.37,1.15
2014.12.10 07:16:56.087,1.07953,1.07981,1.00,1.10
2014.12.10 07:16:56.188,1.07946,1.07988,1.15,1.15
2014.12.10 07:16:56.391,1.07945,1.07979,1.10,1.15
2014.12.10 07:16:56.744,1.07947,1.07981,1.00,1.15
2014.12.10 07:16:56.795,1.07947,1.07981,1.15,1.17
2014.12.10 07:16:57.047,1.07949,1.07983,1.95,1.15
2014.12.10 07:16:57.201,1.07949,1.07984,2.02,1.10
2014.12.10 07:16:57.302,1.07949,1.07983,1.37,1.15
2014.12.10 07:16:57.403,1.07949,1.07984,1.50,1.15
2014.12.10 07:16:57.504,1.07951,1.07984,1.00,1.15
2014.12.10 07:16:57.606,1.07949,1.07989,1.37,1.15
2014.12.10 07:16:57.707,1.07949,1.07989,1.87,1.17
2014.12.10 07:16:57.808,1.07953,1.07989,1.00,1.17
2014.12.10 07:16:58.061,1.07953,1.07991,1.15,1.00
2014.12.10 07:16:58.565,1.07952,1.07992,1.52,1.00
2014.12.10 07:16:59.020,1.0796,1.07992,1.00,1.00
2014.12.10 07:16:59.121,1.07956,1.07992,1.00,1.00
2014.12.10 07:16:59.172,1.07956,1.07989,1.00,1.00
2014.12.10 07:16:59.324,1.07955,1.07991,1.20,1.00
2014.12.10 07:16:59.425,1.07959,1.07994,1.10,1.15
2014.12.10 07:16:59.627,1.0796,1.07998,1.15,1.15
2014.12.10 07:17:00.135,1.07958,1.08,1.52,1.15
2014.12.10 07:17:02.403,1.0796,1.07998,1.37,2.70
2014.12.10 07:17:08.728,1.07958,1.08,1.65,1.52
2014.12.10 07:17:16.873,1.07966,1.08001,1.37,1.15
2014.12.10 07:17:21.161,1.07961,1.07999,1.65,1.27
2014.12.10 07:17:21.555,1.07961,1.07999,1.52,1.55
2014.12.10 07:17:25.296,1.07967,1.08,1.52,1.00
2014.12.10 07:17:25.607,1.07976,1.08014,1.52,1.52
2014.12.10 07:17:27.838,1.07974,1.08014,1.52,2.40
2014.12.10 07:17:28.058,1.07974,1.08014,1.52,2.40
2014.12.10 07:17:28.108,1.0797,1.08014,1.52,6.00
2014.12.10 07:17:35.890,1.0797,1.08014,1.52,5.25
2014.12.10 07:17:36.092,1.07968,1.08003,1.55,1.52
2014.12.10 07:17:38.118,1.07968,1.08005,1.27,1.55
2014.12.10 07:17:38.168,1.07968,1.08005,1.27,1.57
2014.12.10 07:17:38.338,1.07968,1.08006,2.02,1.52
2014.12.10 07:17:38.440,1.0797,1.08006,1.52,1.00
2014.12.10 07:17:38.542,1.07973,1.08006,1.10,1.55
2014.12.10 07:17:38.845,1.07972,1.08016,1.15,1.15
2014.12.10 07:17:40.039,1.07973,1.08014,1.27,1.52
2014.12.10 07:17:44.560,1.07972,1.08014,1.15,1.90
2014.12.10 07:17:46.562,1.07972,1.08014,1.15,1.90
2014.12.10 07:17:48.349,1.07972,1.08014,1.90,1.52
2014.12.10 07:17:48.451,1.07972,1.08015,1.52,1.90
2014.12.10 07:17:49.321,1.07973,1.08011,1.20,1.15
2014.12.10 07:17:49.372,1.07973,1.08011,1.12,1.15
2014.12.10 07:17:50.327,1.07973,1.08011,3.37,1.45
2014.12.10 07:17:50.378,1.07973,1.08014,5.62,1.57
2014.12.10 07:17:50.429,1.07973,1.08014,3.07,1.92
2014.12.10 07:17:50.479,1.07973,1.08014,1.15,1.90
2014.12.10 07:17:50.832,1.07973,1.08014,1.52,1.52
2014.12.10 07:17:52.422,1.07974,1.08014,2.70,1.45
2014.12.10 07:17:52.908,1.07974,1.08014,1.52,2.40
2014.12.10 07:17:52.959,1.07974,1.08012,1.52,1.92
2014.12.10 07:17:53.060,1.07972,1.08009,1.15,1.47
2014.12.10 07:17:53.161,1.07972,1.0801,1.65,1.55
2014.12.10 07:17:53.266,1.07972,1.08009,1.27,1.52
2014.12.10 07:17:53.771,1.07969,1.08005,1.15,1.47
2014.12.10 07:17:53.872,1.07969,1.08007,5.62,1.12
2014.12.10 07:17:53.973,1.07969,1.08012,6.00,1.52
2014.12.10 07:17:54.478,1.07978,1.08012,1.20,1.90
2014.12.10 07:17:54.831,1.07977,1.08011,1.00,3.82
2014.12.10 07:17:54.932,1.07971,1.0801,1.00,3.82
2014.12.10 07:17:55.134,1.07968,1.08006,1.20,1.90
2014.12.10 07:17:55.185,1.07968,1.08006,1.12,3.82
2014.12.10 07:17:55.286,1.07968,1.08005,1.27,1.52
2014.12.10 07:17:55.337,1.07968,1.08005,1.27,1.55
2014.12.10 07:17:55.388,1.07968,1.08005,1.52,1.57
2014.12.10 07:17:55.489,1.07967,1.08012,1.90,2.40
2014.12.10 07:17:56.017,1.07968,1.08012,1.52,1.72
2014.12.10 07:17:57.197,1.07969,1.08012,1.65,1.97
2014.12.10 07:17:57.247,1.07969,1.0801,1.65,3.07
2014.12.10 07:17:57.551,1.07968,1.08001,1.00,1.15
2014.12.10 07:17:57.753,1.07965,1.08001,1.00,2.02
2014.12.10 07:17:58.287,1.07966,1.08001,1.00,1.27
2014.12.10 07:17:59.113,1.07964,1.07998,1.00,1.52
2014.12.10 07:17:59.623,1.07965,1.07997,1.00,1.65
2014.12.10 07:18:00.143,1.07965,1.08001,1.37,1.15
2014.12.10 07:18:01.322,1.07965,1.08001,1.00,1.90
2014.12.10 07:18:01.727,1.07965,1.08,1.20,1.52
2014.12.10 07:18:01.980,1.07965,1.08001,1.00,2.40
2014.12.10 07:18:03.531,1.07965,1.08002,1.00,2.40
2014.12.10 07:18:04.035,1.07965,1.08001,1.00,1.90
2014.12.10 07:18:06.127,1.07965,1.08001,1.00,2.40
2014.12.10 07:18:06.433,1.07965,1.07998,1.00,3.07
2014.12.10 07:18:09.483,1.07962,1.07998,1.00,3.07
2014.12.10 07:18:20.848,1.07962,1.07995,1.00,5.25
2014.12.10 07:18:21.202,1.0796,1.07993,1.00,1.15
2014.12.10 07:18:21.253,1.0796,1.07993,1.00,1.52
2014.12.10 07:18:21.658,1.0796,1.07996,1.52,1.15
2014.12.10 07:18:21.860,1.07961,1.07996,1.27,1.00
2014.12.10 07:18:22.269,1.07967,1.08003,1.15,1.15
2014.12.10 07:18:22.674,1.07967,1.08005,1.65,1.65
2014.12.10 07:18:24.679,1.07967,1.08003,1.87,1.65
2014.12.10 07:18:25.193,1.07967,1.08003,1.50,1.65
2014.12.10 07:18:25.705,1.07967,1.08003,1.50,1.90
2014.12.10 07:18:32.387,1.07962,1.08001,1.57,3.07
2014.12.10 07:18:33.759,1.07963,1.08001,1.00,3.82
2014.12.10 07:18:35.587,1.07963,1.07997,1.00,2.70
2014.12.10 07:18:35.688,1.07961,1.07996,1.00,1.90
2014.12.10 07:18:36.403,1.07961,1.0799,1.00,1.52
2014.12.10 07:18:36.771,1.07961,1.07988,1.00,1.45
2014.12.10 07:18:36.873,1.07953,1.07988,1.17,1.52
2014.12.10 07:18:37.818,1.07953,1.07989,1.55,1.52
2014.12.10 07:18:38.020,1.07952,1.07994,1.90,1.52
2014.12.10 07:18:38.324,1.0796,1.07994,1.00,1.52
2014.12.10 07:18:38.425,1.0796,1.07994,1.17,1.52
2014.12.10 07:18:39.182,1.0796,1.07995,1.07,1.52
2014.12.10 07:18:39.499,1.0796,1.07995,1.00,1.52
2014.12.10 07:18:40.790,1.0796,1.07989,1.00,1.15
2014.12.10 07:18:40.841,1.07955,1.07989,1.50,1.52
2014.12.10 07:18:40.943,1.07955,1.07988,1.50,1.20
2014.12.10 07:18:40.993,1.07955,1.0799,1.50,1.52
2014.12.10 07:18:41.506,1.07955,1.07992,1.12,3.45
2014.12.10 07:18:42.017,1.07956,1.07992,1.00,3.45
2014.12.10 07:18:43.582,1.07953,1.07988,1.37,1.17
2014.12.10 07:18:43.633,1.07953,1.07993,1.00,1.15
2014.12.10 07:18:43.684,1.07953,1.07993,1.45,1.07
2014.12.10 07:18:43.735,1.07952,1.07995,1.52,1.15
2014.12.10 07:18:43.887,1.07959,1.07999,1.07,1.07
2014.12.10 07:18:43.938,1.07959,1.07999,1.15,1.10
2014.12.10 07:18:44.089,1.07966,1.07999,1.37,1.10
2014.12.10 07:18:44.393,1.07959,1.07997,1.00,2.32
2014.12.10 07:18:44.444,1.07959,1.08,1.00,1.65
2014.12.10 07:18:44.646,1.0796,1.07995,1.00,1.15
2014.12.10 07:18:44.798,1.0796,1.07997,1.00,1.15
2014.12.10 07:18:45.102,1.0796,1.07997,1.37,1.15
2014.12.10 07:18:45.305,1.0796,1.07999,1.00,1.15
2014.12.10 07:18:45.781,1.07959,1.07993,1.00,1.52
2014.12.10 07:18:46.538,1.07959,1.07995,1.00,1.27
2014.12.10 07:18:47.056,1.0796,1.08,1.12,3.15
2014.12.10 07:18:49.846,1.0796,1.07998,1.37,1.52
2014.12.10 07:18:52.377,1.0796,1.07998,1.12,1.52
2014.12.10 07:18:59.949,1.07962,1.07995,1.00,2.70
2014.12.10 07:19:00.444,1.07961,1.07993,1.50,1.52
2014.12.10 07:19:00.949,1.07961,1.07994,1.50,1.52
2014.12.10 07:19:01.152,1.07962,1.08,1.37,2.40
2014.12.10 07:19:01.203,1.07962,1.08,2.25,2.40
2014.12.10 07:19:01.576,1.07962,1.08,2.25,1.15
2014.12.10 07:19:01.778,1.0797,1.08007,1.75,2.70
2014.12.10 07:19:01.829,1.0797,1.08008,1.75,4.20
2014.12.10 07:19:01.879,1.0797,1.08008,1.37,1.15
2014.12.10 07:19:02.342,1.07973,1.08008,1.37,1.00
2014.12.10 07:19:04.367,1.07973,1.08009,1.37,1.52
2014.12.10 07:19:05.124,1.07973,1.08009,1.37,1.52
2014.12.10 07:19:05.235,1.07973,1.08009,1.37,1.52
2014.12.10 07:19:05.538,1.0797,1.08009,1.75,1.52
2014.12.10 07:19:05.640,1.0797,1.08009,1.75,3.45
2014.12.10 07:19:06.094,1.0797,1.08007,1.00,1.52
2014.12.10 07:19:16.748,1.07967,1.08005,1.12,1.52
2014.12.10 07:19:20.826,1.07967,1.08005,1.37,1.52
2014.12.10 07:19:20.927,1.07967,1.08008,2.40,1.65
2014.12.10 07:19:20.978,1.07974,1.0801,1.87,1.15
2014.12.10 07:19:21.079,1.07974,1.08013,1.75,1.15
2014.12.10 07:19:21.401,1.07967,1.08008,1.37,1.15
2014.12.10 07:19:21.552,1.0797,1.08008,1.37,1.15
2014.12.10 07:19:21.603,1.0797,1.08008,1.37,1.15
2014.12.10 07:19:21.755,1.07974,1.08015,1.12,1.15
2014.12.10 07:19:21.856,1.07975,1.08015,1.37,1.15
2014.12.10 07:19:22.175,1.07974,1.08009,1.37,1.15
2014.12.10 07:19:22.226,1.07971,1.08009,1.37,1.15
2014.12.10 07:19:22.378,1.07971,1.08009,1.37,1.15
2014.12.10 07:19:22.631,1.07971,1.08009,1.00,1.15
2014.12.10 07:19:22.833,1.07971,1.08009,1.37,1.15
2014.12.10 07:19:23.236,1.07971,1.08009,1.37,1.15
2014.12.10 07:19:23.838,1.07974,1.08009,1.37,1.10
2014.12.10 07:19:24.141,1.07974,1.08009,2.25,1.15
2014.12.10 07:19:24.394,1.07974,1.08009,1.50,1.52
2014.12.10 07:19:24.545,1.07974,1.08009,1.50,1.15
2014.12.10 07:19:24.748,1.07974,1.08009,1.50,1.15
2014.12.10 07:19:25.253,1.07974,1.08009,1.00,1.10
2014.12.10 07:19:26.646,1.07974,1.08009,1.50,1.47
2014.12.10 07:19:26.950,1.07974,1.08006,1.50,1.57
2014.12.10 07:19:27.253,1.07974,1.08007,1.00,1.90
2014.12.10 07:19:27.775,1.07971,1.08007,1.00,1.90
2014.12.10 07:19:28.240,1.07971,1.08007,1.00,1.90
2014.12.10 07:19:28.543,1.07971,1.08004,1.50,1.90
2014.12.10 07:19:29.845,1.07971,1.08001,1.50,1.90
2014.12.10 07:19:30.046,1.07971,1.08001,1.50,1.52
2014.12.10 07:19:30.318,1.07971,1.08001,1.37,1.27
2014.12.10 07:19:30.419,1.07971,1.08001,1.37,1.12
2014.12.10 07:19:31.055,1.07971,1.08001,1.00,1.12
2014.12.10 07:19:31.208,1.07971,1.0801,1.37,1.52
2014.12.10 07:19:31.309,1.0797,1.08014,2.25,4.57
2014.12.10 07:19:34.187,1.0797,1.08013,1.87,1.90
2014.12.10 07:19:35.015,1.0797,1.08013,1.87,1.90
2014.12.10 07:19:36.115,1.0797,1.08013,1.87,1.90
2014.12.10 07:19:38.122,1.07971,1.08011,1.37,3.82
2014.12.10 07:19:38.274,1.07971,1.08011,1.37,3.82
2014.12.10 07:19:38.325,1.07971,1.08007,1.00,1.90
2014.12.10 07:19:38.477,1.07971,1.08005,1.00,1.27
2014.12.10 07:19:48.918,1.07971,1.08004,1.50,1.07
2014.12.10 07:19:49.020,1.07971,1.08012,1.87,1.52
2014.12.10 07:19:49.222,1.07971,1.08015,1.87,3.45
2014.12.10 07:19:49.524,1.07979,1.08015,1.00,3.45
2014.12.10 07:19:51.780,1.07976,1.08015,1.00,4.57
2014.12.10 07:20:00.932,1.07976,1.08015,1.00,1.65
2014.12.10 07:20:07.744,1.0797,1.08014,1.65,1.52
2014.12.10 07:20:13.084,1.0797,1.08014,1.90,1.52
2014.12.10 07:20:16.602,1.07976,1.08014,1.00,1.52
2014.12.10 07:20:20.143,1.0797,1.08016,1.90,1.52
2014.12.10 07:20:23.333,1.0797,1.08016,1.90,1.52
2014.12.10 07:20:26.614,1.0797,1.08016,1.90,1.52
2014.12.10 07:20:27.611,1.0797,1.08016,1.95,1.90
2014.12.10 07:20:27.864,1.07973,1.08014,1.55,1.52
2014.12.10 07:20:28.016,1.0797,1.08011,2.32,1.52
2014.12.10 07:20:28.319,1.0797,1.08004,1.57,1.00
2014.12.10 07:20:28.704,1.0797,1.08004,1.57,1.00
2014.12.10 07:20:39.813,1.07968,1.08004,1.65,1.00
2014.12.10 07:20:40.935,1.07968,1.08004,1.65,1.00
2014.12.10 07:20:41.444,1.0797,1.08005,1.90,1.00
2014.12.10 07:20:44.230,1.0797,1.08005,1.52,1.37
2014.12.10 07:20:46.132,1.07967,1.08004,2.40,1.37
2014.12.10 07:20:46.334,1.07967,1.08003,1.37,1.37
2014.12.10 07:20:46.524,1.07964,1.07998,1.52,1.12
2014.12.10 07:20:46.726,1.07959,1.07995,1.90,1.00
2014.12.10 07:20:47.234,1.07959,1.07994,1.90,1.00
2014.12.10 07:20:52.238,1.07959,1.07992,1.65,1.00
2014.12.10 07:20:52.804,1.07959,1.07996,1.65,1.12
2014.12.10 07:20:56.352,1.07959,1.07996,1.52,1.37
2014.12.10 07:20:56.566,1.07959,1.07996,1.52,1.37
2014.12.10 07:21:00.839,1.07959,1.07996,1.52,1.37
2014.12.10 07:21:01.355,1.07959,1.07993,1.65,1.00
2014.12.10 07:21:01.809,1.07957,1.07989,2.02,1.00
2014.12.10 07:21:01.859,1.07957,1.07989,2.02,1.00
2014.12.10 07:21:01.910,1.07957,1.07986,2.02,1.00
2014.12.10 07:21:02.213,1.07954,1.07989,1.90,1.00
2014.12.10 07:21:02.810,1.07954,1.07989,2.77,1.00
2014.12.10 07:21:03.064,1.07954,1.07988,2.02,1.00
2014.12.10 07:21:03.823,1.07954,1.07989,2.02,1.00
2014.12.10 07:21:04.795,1.07956,1.0799,1.27,1.00
2014.12.10 07:21:05.148,1.07963,1.07991,1.00,1.00
2014.12.10 07:21:05.552,1.07961,1.07993,1.92,1.00
2014.12.10 07:21:06.057,1.07962,1.07992,1.37,1.00
2014.12.10 07:21:06.309,1.07962,1.07994,1.37,1.00
2014.12.10 07:21:06.360,1.07962,1.07994,1.37,1.00
2014.12.10 07:21:06.920,1.07962,1.07994,1.37,1.00
2014.12.10 07:21:07.598,1.07962,1.07993,1.37,1.00
2014.12.10 07:21:08.142,1.07962,1.07993,1.37,1.00
2014.12.10 07:21:19.632,1.07962,1.07993,1.37,1.00
2014.12.10 07:21:21.374,1.07962,1.07997,1.95,1.07
2014.12.10 07:21:21.627,1.07963,1.07999,1.90,1.00
2014.12.10 07:21:21.930,1.07962,1.07993,1.37,1.00
2014.12.10 07:21:27.678,1.07962,1.07993,1.37,1.00
2014.12.10 07:21:33.052,1.07962,1.07993,1.37,1.00
2014.12.10 07:21:35.466,1.07962,1.07992,1.37,1.00
2014.12.10 07:21:36.882,1.07962,1.07993,1.37,1.00
2014.12.10 07:21:37.135,1.07962,1.07998,2.25,1.00
2014.12.10 07:21:37.388,1.07964,1.07998,1.90,1.00
2014.12.10 07:21:37.439,1.07962,1.07992,1.90,1.00
2014.12.10 07:21:42.599,1.07962,1.0799,1.47,1.00
2014.12.10 07:21:42.649,1.07962,1.0799,1.47,1.00
2014.12.10 07:21:42.851,1.07962,1.0799,1.47,1.00
2014.12.10 07:21:42.974,1.07963,1.07997,1.37,1.37
2014.12.10 07:21:50.915,1.07961,1.07997,1.55,1.37
2014.12.10 07:21:50.965,1.07957,1.07993,1.90,1.00
2014.12.10 07:21:51.268,1.07957,1.07993,1.90,1.00
2014.12.10 07:21:51.588,1.07958,1.07994,1.90,1.00
2014.12.10 07:21:52.283,1.07962,1.07996,1.47,1.12
2014.12.10 07:21:54.795,1.07962,1.07996,1.47,1.37
2014.12.10 07:21:55.360,1.07958,1.07994,1.90,1.00
2014.12.10 07:21:55.615,1.07962,1.07996,1.85,1.00
2014.12.10 07:21:55.716,1.07962,1.07994,1.20,1.00
2014.12.10 07:21:55.857,1.07967,1.07998,1.75,1.00
2014.12.10 07:21:56.059,1.07967,1.07998,1.00,1.00
2014.12.10 07:21:56.160,1.07966,1.07996,1.50,1.00
2014.12.10 07:21:56.701,1.07967,1.07996,1.00,1.00
2014.12.10 07:21:57.571,1.07967,1.07999,1.00,1.00
2014.12.10 07:21:58.090,1.07967,1.07999,1.37,1.00
2014.12.10 07:21:59.170,1.07967,1.07999,1.65,1.00
2014.12.10 07:22:01.627,1.07967,1.07993,1.52,1.00
2014.12.10 07:22:01.678,1.07967,1.07993,1.07,1.00
2014.12.10 07:22:01.830,1.07962,1.07993,1.90,1.00
2014.12.10 07:22:01.931,1.07963,1.07997,1.00,1.47
2014.12.10 07:22:01.981,1.07962,1.07993,1.00,1.00
2014.12.10 07:22:02.284,1.07959,1.07987,1.37,1.00
2014.12.10 07:22:02.537,1.07956,1.0799,1.37,1.00
2014.12.10 07:22:02.739,1.07954,1.07988,1.52,1.00
2014.12.10 07:22:03.315,1.07954,1.07988,2.40,1.00
2014.12.10 07:22:03.527,1.07954,1.07988,2.40,1.00
2014.12.10 07:22:04.300,1.07955,1.07988,1.65,1.00
2014.12.10 07:22:04.502,1.07954,1.07984,1.87,1.00
2014.12.10 07:22:04.654,1.07954,1.07982,1.00,1.00
2014.12.10 07:22:04.755,1.0795,1.07981,1.65,1.00
2014.12.10 07:22:05.334,1.07952,1.07981,1.57,1.00
2014.12.10 07:22:05.486,1.07954,1.07987,2.40,1.00
2014.12.10 07:22:05.588,1.07955,1.07991,1.52,1.00
2014.12.10 07:22:06.143,1.07955,1.07989,1.90,1.00
2014.12.10 07:22:06.672,1.07955,1.07989,1.90,1.00
2014.12.10 07:22:08.702,1.07954,1.07987,1.90,1.00
2014.12.10 07:22:09.984,1.07955,1.07989,1.90,1.00
2014.12.10 07:22:12.843,1.07955,1.07991,1.90,1.00
2014.12.10 07:22:12.893,1.07955,1.07991,1.90,1.00
2014.12.10 07:22:12.995,1.07959,1.07995,1.90,1.00
2014.12.10 07:22:14.382,1.07958,1.07994,1.90,1.00
2014.12.10 07:22:17.370,1.07958,1.07992,1.90,1.00
2014.12.10 07:22:18.172,1.07959,1.07993,1.65,1.00
2014.12.10 07:22:18.375,1.07955,1.0799,1.47,1.37
2014.12.10 07:22:18.476,1.07955,1.0799,1.47,1.37
2014.12.10 07:22:18.678,1.07953,1.07993,2.40,1.17
2014.12.10 07:22:18.780,1.07954,1.07993,1.90,1.00
2014.12.10 07:22:18.830,1.07956,1.07996,1.65,1.87
2014.12.10 07:22:18.881,1.07956,1.07996,1.52,1.00
2014.12.10 07:22:19.405,1.07963,1.08,1.37,1.15
2014.12.10 07:22:19.760,1.07963,1.08,1.47,1.17
2014.12.10 07:22:20.828,1.07963,1.08,1.47,1.17
2014.12.10 07:22:25.055,1.07963,1.08,1.47,1.27
2014.12.10 07:22:26.356,1.07963,1.08,1.47,1.27
2014.12.10 07:22:26.691,1.07963,1.08,1.57,1.55
2014.12.10 07:22:27.362,1.07963,1.08,1.47,1.55
2014.12.10 07:22:28.556,1.07967,1.08002,1.37,1.90
2014.12.10 07:22:28.809,1.0796,1.08,1.52,1.92
2014.12.10 07:22:29.060,1.07963,1.08,1.47,1.55
2014.12.10 07:22:29.162,1.07963,1.08,1.57,1.55
2014.12.10 07:22:34.271,1.07963,1.08,1.47,1.65
2014.12.10 07:22:34.575,1.07966,1.08002,1.37,1.90
2014.12.10 07:22:34.872,1.07966,1.08002,1.37,1.90
2014.12.10 07:22:35.095,1.07966,1.08002,1.00,1.90
2014.12.10 07:22:35.196,1.07963,1.08,1.95,1.55
2014.12.10 07:22:35.298,1.07963,1.07999,1.10,1.47
2014.12.10 07:22:35.500,1.07959,1.07999,1.47,1.65
2014.12.10 07:22:35.601,1.07959,1.07996,1.47,1.85
2014.12.10 07:22:35.702,1.07958,1.07995,1.45,1.37
2014.12.10 07:22:35.955,1.07958,1.07994,1.15,1.12
2014.12.10 07:22:36.207,1.07961,1.07999,1.15,1.00
2014.12.10 07:22:36.666,1.07964,1.08001,1.17,1.07
2014.12.10 07:22:36.716,1.07965,1.08003,1.15,1.00
2014.12.10 07:22:36.868,1.07963,1.08004,2.70,1.00
2014.12.10 07:22:36.919,1.07966,1.08008,1.52,1.00
2014.12.10 07:22:37.070,1.07966,1.0801,2.02,1.17
2014.12.10 07:22:37.481,1.07971,1.0801,1.65,1.55
2014.12.10 07:22:38.014,1.07971,1.0801,1.37,2.02
2014.12.10 07:22:47.381,1.07971,1.0801,1.37,1.52
2014.12.10 07:22:49.344,1.07971,1.08012,1.52,1.52
2014.12.10 07:22:50.920,1.07971,1.08012,1.52,1.90
2014.12.10 07:22:51.223,1.07968,1.08007,1.37,1.90
2014.12.10 07:22:51.375,1.07963,1.08003,2.40,1.50
2014.12.10 07:22:51.728,1.07963,1.08003,2.02,1.75
2014.12.10 07:22:54.334,1.07965,1.08004,1.52,1.85
2014.12.10 07:22:54.463,1.07968,1.08007,1.37,1.90
2014.12.10 07:22:55.161,1.07968,1.08007,1.12,1.90
2014.12.10 07:22:55.892,1.07963,1.07999,1.10,1.37
2014.12.10 07:22:55.993,1.07963,1.07997,1.10,1.12
2014.12.10 07:22:59.322,1.07962,1.07997,1.15,1.12
2014.12.10 07:22:59.524,1.07972,1.08006,1.15,1.00
2014.12.10 07:22:59.575,1.07972,1.08009,1.52,1.00
2014.12.10 07:22:59.626,1.07972,1.08011,2.02,1.00
2014.12.10 07:22:59.828,1.07973,1.08014,1.65,1.45
2014.12.10 07:23:00.130,1.07972,1.0801,1.65,1.37
2014.12.10 07:23:00.776,1.07971,1.08011,1.85,1.52
2014.12.10 07:23:00.877,1.07971,1.0801,1.47,1.65
2014.12.10 07:23:01.571,1.07969,1.08008,1.27,1.47
2014.12.10 07:23:01.992,1.07969,1.08008,1.52,1.47
2014.12.10 07:23:02.042,1.07969,1.08008,1.52,1.47
2014.12.10 07:23:02.348,1.07971,1.08011,1.27,1.47
2014.12.10 07:23:02.602,1.0797,1.08011,1.55,2.02
2014.12.10 07:23:03.112,1.07972,1.08011,1.00,1.52
2014.12.10 07:23:03.672,1.07972,1.0801,1.00,1.65
2014.12.10 07:23:03.976,1.07968,1.08006,1.10,1.90
2014.12.10 07:23:04.027,1.07964,1.08006,1.37,2.40
2014.12.10 07:23:04.078,1.07964,1.08006,2.62,1.95
2014.12.10 07:23:04.129,1.07965,1.08005,2.70,1.37
2014.12.10 07:23:04.180,1.07969,1.08005,1.52,1.50
2014.12.10 07:23:04.282,1.07974,1.08005,1.17,1.00
2014.12.10 07:23:04.535,1.07974,1.08005,1.20,1.00
2014.12.10 07:23:04.586,1.07974,1.08002,1.10,1.00
2014.12.10 07:23:04.636,1.07966,1.08002,2.02,1.00
2014.12.10 07:23:04.687,1.07966,1.08006,1.52,1.00
2014.12.10 07:23:04.788,1.07966,1.08004,1.52,1.00
2014.12.10 07:23:05.091,1.07969,1.0801,1.55,1.15
2014.12.10 07:23:05.344,1.07968,1.08007,1.52,1.10
2014.12.10 07:23:05.748,1.0797,1.08009,1.37,1.17
2014.12.10 07:23:05.900,1.07966,1.08005,1.47,1.17
2014.12.10 07:23:06.052,1.07963,1.08003,1.55,1.07
2014.12.10 07:23:06.356,1.0796,1.08,2.02,1.07
2014.12.10 07:23:08.704,1.07961,1.08001,1.65,1.00
2014.12.10 07:23:09.164,1.07964,1.07996,1.65,1.00
2014.12.10 07:23:09.266,1.07965,1.07996,1.15,1.12
2014.12.10 07:23:09.418,1.07966,1.08003,1.17,1.00
2014.12.10 07:23:09.620,1.07965,1.08002,1.65,1.00
2014.12.10 07:23:09.822,1.07965,1.08005,2.40,1.37
2014.12.10 07:23:10.081,1.07967,1.08007,2.02,1.00
2014.12.10 07:23:11.761,1.07968,1.08007,3.45,1.00
2014.12.10 07:23:11.812,1.0797,1.08011,1.90,1.00
2014.12.10 07:23:11.964,1.07973,1.08014,1.45,2.02
2014.12.10 07:23:12.166,1.07969,1.08014,1.52,1.90
2014.12.10 07:23:12.217,1.07969,1.08014,1.90,1.52
2014.12.10 07:23:12.369,1.07971,1.08013,1.55,1.52
2014.12.10 07:23:12.874,1.07971,1.08008,1.27,1.00
2014.12.10 07:23:12.975,1.07971,1.08008,1.12,1.15
2014.12.10 07:23:13.438,1.07966,1.08007,1.90,1.52
2014.12.10 07:23:14.128,1.07965,1.0801,2.02,1.27
2014.12.10 07:23:14.230,1.07965,1.0801,2.02,1.27
2014.12.10 07:23:14.542,1.07965,1.0801,2.02,1.57
2014.12.10 07:23:14.593,1.07966,1.08007,1.90,1.00
2014.12.10 07:23:14.643,1.07966,1.08007,1.90,1.37
2014.12.10 07:23:15.223,1.07965,1.0801,1.90,1.65
2014.12.10 07:23:15.274,1.07965,1.0801,2.02,1.57
2014.12.10 07:23:15.577,1.07965,1.08008,2.40,1.37
2014.12.10 07:23:19.767,1.07968,1.08008,1.90,1.45
2014.12.10 07:23:19.869,1.07965,1.08005,2.40,1.47
2014.12.10 07:23:20.533,1.07965,1.08004,1.90,1.37
2014.12.10 07:23:21.453,1.07966,1.08007,1.90,1.52
2014.12.10 07:23:22.521,1.07966,1.08006,1.82,1.52
2014.12.10 07:23:23.036,1.07969,1.08008,1.37,1.65
2014.12.10 07:23:23.087,1.07969,1.08008,1.37,1.65
2014.12.10 07:23:23.391,1.07967,1.08008,1.20,2.40
2014.12.10 07:23:23.543,1.07967,1.08007,1.45,1.27
2014.12.10 07:23:23.796,1.07969,1.0801,1.27,1.55
2014.12.10 07:23:24.083,1.07971,1.0801,1.10,1.55
2014.12.10 07:23:24.883,1.07966,1.0801,1.27,1.27
2014.12.10 07:23:25.396,1.07966,1.0801,1.27,1.55
2014.12.10 07:23:26.169,1.07966,1.0801,1.27,1.27
2014.12.10 07:23:34.712,1.07968,1.08014,1.65,1.52
2014.12.10 07:23:35.114,1.07968,1.08014,1.52,1.90
2014.12.10 07:23:39.053,1.07968,1.08014,1.52,1.90
2014.12.10 07:23:41.710,1.07968,1.08014,1.52,1.90
2014.12.10 07:23:41.947,1.07968,1.08014,1.90,1.55
2014.12.10 07:23:42.049,1.07969,1.08014,2.40,2.02
2014.12.10 07:23:42.150,1.0797,1.08014,1.27,2.02
2014.12.10 07:23:42.301,1.07972,1.08012,1.57,1.52
2014.12.10 07:23:43.068,1.0797,1.08008,2.02,1.00
2014.12.10 07:23:43.579,1.07972,1.08012,1.57,1.52
2014.12.10 07:23:45.062,1.07972,1.08012,1.65,1.47
2014.12.10 07:23:50.213,1.07969,1.08008,1.65,1.37
2014.12.10 07:23:50.264,1.07969,1.08008,1.65,1.37
2014.12.10 07:23:50.567,1.07969,1.08001,1.15,1.00
2014.12.10 07:23:50.984,1.07969,1.08005,1.27,1.00
2014.12.10 07:23:51.186,1.07968,1.08013,2.77,1.65
2014.12.10 07:23:51.508,1.0797,1.08013,1.27,1.52
2014.12.10 07:23:51.609,1.07968,1.08013,2.40,1.52
2014.12.10 07:23:51.660,1.07968,1.08013,2.40,1.52
2014.12.10 07:23:54.040,1.07968,1.08013,2.77,1.52
2014.12.10 07:23:54.191,1.07971,1.08013,1.27,1.37
2014.12.10 07:23:54.393,1.07971,1.08013,1.65,1.00
2014.12.10 07:23:54.494,1.07971,1.08013,1.65,1.45
2014.12.10 07:23:54.596,1.07971,1.08013,1.65,1.52
2014.12.10 07:23:54.902,1.07971,1.08013,2.02,1.27
2014.12.10 07:23:55.006,1.07971,1.08013,2.02,1.20
2014.12.10 07:23:55.577,1.07977,1.08013,1.15,1.00
2014.12.10 07:23:55.881,1.07985,1.08013,1.00,1.00
2014.12.10 07:23:57.585,1.07982,1.08013,1.50,1.00
2014.12.10 07:23:57.787,1.07979,1.08013,1.92,1.00
2014.12.10 07:23:57.938,1.0798,1.08014,1.10,1.00
2014.12.10 07:23:58.040,1.07977,1.08014,1.65,1.37
2014.12.10 07:23:58.595,1.07978,1.08015,1.92,1.37
2014.12.10 07:23:58.646,1.07978,1.08016,1.92,1.12
2014.12.10 07:23:58.899,1.07983,1.08019,1.17,1.37
2014.12.10 07:23:59.050,1.07983,1.08019,1.55,1.00
2014.12.10 07:23:59.152,1.07987,1.08023,1.00,2.77
2014.12.10 07:23:59.253,1.07983,1.08021,1.17,1.55
2014.12.10 07:23:59.354,1.0798,1.08016,1.15,1.00
2014.12.10 07:23:59.460,1.07984,1.08019,1.10,1.00
2014.12.10 07:24:00.015,1.07984,1.08019,1.15,1.00
2014.12.10 07:24:00.166,1.07984,1.08023,1.52,1.87
2014.12.10 07:24:00.267,1.0798,1.08023,2.02,1.00
2014.12.10 07:24:00.671,1.0798,1.08023,2.02,1.37
2014.12.10 07:24:02.190,1.07982,1.08023,1.27,1.12
2014.12.10 07:24:02.443,1.07982,1.08021,1.52,1.00
2014.12.10 07:24:02.746,1.07985,1.08023,1.27,1.50
2014.12.10 07:24:02.847,1.07983,1.0802,1.52,1.00
2014.12.10 07:24:03.099,1.07986,1.08022,1.55,1.87
2014.12.10 07:24:03.200,1.07983,1.0802,1.52,1.00
2014.12.10 07:24:03.301,1.07986,1.08022,1.55,1.87
2014.12.10 07:24:03.515,1.07988,1.08022,1.00,1.37
2014.12.10 07:24:04.070,1.07984,1.08022,1.52,1.87
2014.12.10 07:24:05.091,1.07986,1.08022,1.55,1.87
2014.12.10 07:24:05.647,1.07986,1.08021,1.55,1.00
2014.12.10 07:24:05.916,1.07982,1.08021,1.55,1.95
2014.12.10 07:24:05.967,1.0798,1.08016,2.02,1.00
2014.12.10 07:24:06.270,1.07979,1.08017,2.77,1.00
2014.12.10 07:24:06.371,1.0798,1.08023,2.02,1.37
2014.12.10 07:24:06.635,1.07987,1.08023,1.20,1.50
2014.12.10 07:24:06.736,1.07989,1.08023,1.00,1.37
2014.12.10 07:24:06.837,1.07987,1.08023,1.20,1.87
2014.12.10 07:24:07.614,1.07987,1.08023,1.82,1.57
2014.12.10 07:24:07.816,1.07994,1.08028,1.12,1.52
2014.12.10 07:24:09.701,1.07993,1.08029,1.00,1.52
2014.12.10 07:24:09.752,1.07993,1.08029,1.00,1.90
2014.12.10 07:24:09.802,1.07991,1.08027,1.00,1.52
2014.12.10 07:24:11.530,1.07993,1.08029,1.00,1.90
2014.12.10 07:24:12.033,1.07994,1.0803,1.00,1.90
2014.12.10 07:24:12.894,1.07991,1.08027,1.00,1.65
2014.12.10 07:24:13.542,1.0799,1.08026,1.00,1.55
2014.12.10 07:24:31.757,1.07987,1.08023,1.12,1.37
2014.12.10 07:24:32.284,1.07987,1.08023,1.37,1.00
2014.12.10 07:24:32.606,1.07982,1.08018,1.17,1.37
2014.12.10 07:24:32.859,1.07988,1.08024,1.10,1.95
2014.12.10 07:24:32.910,1.07991,1.08026,1.00,1.55
2014.12.10 07:24:33.011,1.07991,1.08027,1.17,1.12
2014.12.10 07:24:36.941,1.07995,1.08027,1.00,1.00
2014.12.10 07:24:37.395,1.07992,1.08026,1.00,1.12
2014.12.10 07:24:37.960,1.07992,1.08026,1.07,1.00
2014.12.10 07:24:38.417,1.07989,1.08026,1.27,1.87
2014.12.10 07:24:38.720,1.07986,1.08019,1.27,1.00
2014.12.10 07:24:39.023,1.07986,1.08016,1.00,1.00
2014.12.10 07:24:39.074,1.0798,1.08016,1.52,1.50
2014.12.10 07:24:39.883,1.0798,1.08015,1.52,1.00
2014.12.10 07:24:40.882,1.0798,1.08015,1.17,1.12
2014.12.10 07:24:41.659,1.07978,1.08014,2.02,1.00
2014.12.10 07:24:42.220,1.07978,1.08014,1.50,1.95
2014.12.10 07:24:42.373,1.07977,1.0801,1.20,1.00
2014.12.10 07:24:42.676,1.07974,1.08008,1.52,1.00
2014.12.10 07:24:42.929,1.07978,1.08015,1.75,1.17
2014.12.10 07:24:43.030,1.07979,1.08017,1.52,1.37
2014.12.10 07:24:43.131,1.07975,1.08009,2.02,1.00
2014.12.10 07:24:43.333,1.07974,1.08005,1.65,1.00
2014.12.10 07:24:43.675,1.07974,1.08011,2.77,1.12
2014.12.10 07:24:43.827,1.07975,1.08013,1.52,1.00
2014.12.10 07:24:43.878,1.07976,1.08014,1.90,1.12
2014.12.10 07:24:44.448,1.07976,1.08014,1.82,1.20
2014.12.10 07:24:45.010,1.07976,1.08014,1.57,1.45
2014.12.10 07:24:45.112,1.07976,1.08014,1.57,1.45
2014.12.10 07:24:45.415,1.07977,1.08014,1.47,1.07
2014.12.10 07:24:45.517,1.07976,1.08014,1.82,1.00
2014.12.10 07:24:45.568,1.07979,1.08016,1.92,1.37
2014.12.10 07:24:45.674,1.07979,1.08015,1.17,1.12
2014.12.10 07:24:45.724,1.07979,1.08015,1.17,1.50
2014.12.10 07:24:45.876,1.07975,1.08011,1.17,1.37
2014.12.10 07:24:46.179,1.07974,1.08011,1.12,1.10
2014.12.10 07:24:46.442,1.07976,1.08015,1.00,1.52
2014.12.10 07:24:46.951,1.07975,1.08013,1.00,1.52
2014.12.10 07:24:47.934,1.07975,1.08013,1.37,1.52
2014.12.10 07:24:48.441,1.07975,1.08013,1.52,1.47
2014.12.10 07:24:48.745,1.07979,1.08015,1.00,1.65
2014.12.10 07:24:48.846,1.07977,1.08014,1.10,1.27
2014.12.10 07:24:48.948,1.07976,1.08013,1.17,1.47
2014.12.10 07:24:49.301,1.07976,1.08013,1.10,1.45
2014.12.10 07:24:49.402,1.07972,1.08009,1.10,1.45
2014.12.10 07:24:49.503,1.07969,1.08008,2.02,1.47
2014.12.10 07:24:55.297,1.0797,1.08006,1.55,1.12
2014.12.10 07:24:56.082,1.07972,1.08009,1.10,1.45
2014.12.10 07:24:56.184,1.07972,1.08009,1.20,1.20
2014.12.10 07:24:56.285,1.07971,1.08008,1.07,1.85
2014.12.10 07:24:56.437,1.07965,1.08,1.52,1.00
2014.12.10 07:24:56.538,1.07966,1.08004,1.55,1.47
2014.12.10 07:24:57.048,1.07965,1.08005,2.77,1.45
2014.12.10 07:24:57.099,1.07965,1.08005,2.77,1.45
2014.12.10 07:24:59.591,1.07965,1.08005,3.15,1.07
2014.12.10 07:24:59.642,1.07968,1.08008,1.45,1.45
2014.12.10 07:24:59.744,1.07971,1.0801,1.52,1.95
2014.12.10 07:24:59.794,1.07971,1.0801,1.52,2.32
2014.12.10 07:24:59.845,1.07969,1.08004,1.15,1.37
2014.12.10 07:24:59.946,1.07968,1.08003,1.15,1.37
2014.12.10 07:24:59.997,1.07968,1.08003,1.17,1.75
2014.12.10 07:25:00.098,1.07961,1.07999,1.10,1.27
2014.12.10 07:25:00.199,1.07956,1.07995,1.27,1.75
2014.12.10 07:25:00.301,1.07954,1.07995,2.40,1.82
2014.12.10 07:25:01.109,1.07956,1.07993,1.65,1.12
2014.12.10 07:25:01.159,1.07956,1.07995,1.65,1.37
2014.12.10 07:25:01.312,1.07956,1.07996,2.02,1.00
2014.12.10 07:25:01.464,1.07961,1.08,1.55,2.02
2014.12.10 07:25:01.514,1.07961,1.08,1.65,1.65
2014.12.10 07:25:01.617,1.07961,1.08,1.92,1.55
2014.12.10 07:25:01.667,1.07961,1.08001,1.92,1.45
2014.12.10 07:25:01.718,1.07962,1.08001,1.27,1.00
2014.12.10 07:25:01.920,1.07967,1.08002,1.37,1.10
2014.12.10 07:25:02.224,1.07989,1.0801,1.00,1.00
2014.12.10 07:25:02.377,1.07982,1.08013,1.37,1.10
2014.12.10 07:25:03.144,1.07974,1.08014,1.95,1.17
2014.12.10 07:25:03.598,1.07974,1.0801,1.12,1.52
2014.12.10 07:25:04.123,1.07968,1.0801,1.90,1.15
2014.12.10 07:25:04.658,1.07968,1.0801,1.90,1.07
2014.12.10 07:25:05.168,1.07973,1.0801,1.15,1.12
2014.12.10 07:25:06.957,1.07969,1.0801,1.27,1.37
2014.12.10 07:25:07.630,1.0797,1.0801,1.52,1.00
2014.12.10 07:25:08.338,1.0797,1.0801,1.15,1.50
2014.12.10 07:25:08.439,1.0797,1.0801,1.17,1.55
2014.12.10 07:25:08.642,1.07967,1.0801,1.52,1.65
2014.12.10 07:25:08.844,1.07966,1.08001,1.55,1.00
2014.12.10 07:25:09.097,1.07964,1.08001,1.90,1.00
2014.12.10 07:25:09.452,1.0797,1.08001,1.37,1.00
2014.12.10 07:25:09.553,1.0797,1.08005,1.27,1.00
2014.12.10 07:25:09.603,1.07972,1.08005,2.70,1.00
2014.12.10 07:25:09.856,1.07977,1.08013,1.52,1.00
2014.12.10 07:25:10.058,1.07975,1.0801,2.02,1.00
2014.12.10 07:25:12.606,1.07977,1.0801,1.85,1.00
2014.12.10 07:25:12.707,1.07979,1.08012,1.50,1.00
2014.12.10 07:25:13.212,1.07978,1.0801,1.37,1.00
2014.12.10 07:25:13.364,1.07974,1.08007,1.00,1.00
2014.12.10 07:25:13.617,1.07969,1.08008,1.52,1.00
2014.12.10 07:25:13.719,1.07979,1.08011,1.45,1.00
2014.12.10 07:25:14.123,1.07986,1.08012,1.37,1.00
2014.12.10 07:25:14.378,1.07979,1.08012,1.52,1.00
2014.12.10 07:25:14.782,1.07982,1.08012,1.37,1.00
2014.12.10 07:25:15.288,1.07984,1.08011,1.37,1.00
2014.12.10 07:25:15.341,1.0798,1.08012,1.45,1.00
2014.12.10 07:25:19.104,1.07975,1.08012,1.90,1.00
2014.12.10 07:25:20.330,1.07976,1.08012,1.65,1.37
2014.12.10 07:25:20.609,1.07976,1.08012,1.65,1.37
2014.12.10 07:25:22.064,1.07975,1.08012,1.90,1.00
2014.12.10 07:25:22.571,1.07977,1.08011,2.40,1.00
2014.12.10 07:25:23.076,1.07977,1.08012,2.02,1.00
2014.12.10 07:25:26.090,1.07977,1.08011,2.02,1.00
2014.12.10 07:25:29.190,1.07977,1.08011,2.02,1.00
2014.12.10 07:25:39.199,1.07977,1.08011,1.87,1.00
2014.12.10 07:25:39.502,1.07977,1.08008,2.62,1.00
2014.12.10 07:25:40.202,1.07977,1.08005,1.87,1.00
2014.12.10 07:25:41.630,1.07975,1.08004,1.00,1.00
2014.12.10 07:25:41.739,1.07968,1.08002,1.52,1.00
2014.12.10 07:25:41.840,1.07968,1.07998,1.12,1.00
2014.12.10 07:25:42.061,1.07964,1.07997,1.20,1.00
2014.12.10 07:25:42.212,1.07963,1.07997,1.65,1.00
2014.12.10 07:25:42.719,1.07967,1.07998,1.55,1.00
2014.12.10 07:25:43.220,1.07964,1.07997,1.55,1.00
2014.12.10 07:25:43.535,1.07964,1.07997,1.27,1.00
2014.12.10 07:25:43.751,1.07968,1.07998,1.00,1.00
2014.12.10 07:25:44.067,1.0797,1.07998,1.00,1.00
2014.12.10 07:25:44.371,1.07967,1.07998,3.07,1.00
2014.12.10 07:25:44.674,1.07971,1.07997,1.52,1.00
2014.12.10 07:25:44.775,1.07973,1.07997,1.37,1.00
2014.12.10 07:25:44.876,1.07971,1.07994,1.37,1.00
2014.12.10 07:25:45.078,1.07966,1.07994,1.10,1.00
2014.12.10 07:25:45.180,1.07969,1.07995,1.00,1.00
2014.12.10 07:25:45.281,1.07964,1.07995,1.00,1.00
2014.12.10 07:25:45.382,1.07965,1.07994,1.37,1.00
2014.12.10 07:25:45.584,1.07964,1.07994,1.00,1.00
2014.12.10 07:25:49.144,1.07964,1.07994,1.50,1.00
2014.12.10 07:25:49.361,1.07964,1.07994,1.12,1.00
2014.12.10 07:25:50.069,1.07964,1.07994,1.07,1.00
2014.12.10 07:25:55.597,1.07963,1.07994,1.15,1.00
2014.12.10 07:25:56.201,1.07961,1.07995,1.52,1.00
2014.12.10 07:25:59.597,1.07961,1.07994,1.52,1.00
2014.12.10 07:26:03.491,1.07961,1.07994,1.52,1.00
2014.12.10 07:26:04.018,1.07961,1.07994,1.52,1.00
2014.12.10 07:26:17.450,1.07961,1.07994,1.52,1.37
2014.12.10 07:26:17.640,1.07957,1.07994,1.15,2.02
2014.12.10 07:26:17.742,1.07956,1.07993,1.10,1.52
2014.12.10 07:26:18.450,1.07956,1.07989,1.15,1.00
2014.12.10 07:26:18.753,1.07957,1.07991,1.52,1.10
2014.12.10 07:26:18.804,1.07959,1.07991,1.57,1.10
2014.12.10 07:26:18.955,1.07962,1.07994,1.27,1.10
2014.12.10 07:26:27.063,1.07961,1.07994,1.07,1.07
2014.12.10 07:26:27.113,1.07961,1.07993,1.00,1.15
2014.12.10 07:26:27.164,1.07961,1.07993,1.00,1.52
2014.12.10 07:26:27.316,1.07955,1.0799,1.57,1.15
2014.12.10 07:26:34.787,1.07953,1.0799,1.52,1.52
2014.12.10 07:26:35.955,1.07954,1.0799,1.52,1.15
2014.12.10 07:26:36.107,1.07957,1.07994,1.90,1.07
2014.12.10 07:26:36.618,1.07966,1.07993,1.00,1.10
2014.12.10 07:26:37.543,1.07966,1.07992,1.00,1.00
2014.12.10 07:26:44.004,1.07966,1.07993,1.00,1.10
2014.12.10 07:26:48.092,1.07966,1.07993,1.37,1.10
2014.12.10 07:26:48.395,1.07969,1.07992,1.00,1.00
2014.12.10 07:26:49.739,1.07967,1.07992,1.00,1.00
2014.12.10 07:26:50.617,1.07966,1.07993,1.00,1.10
2014.12.10 07:26:52.838,1.07963,1.07993,1.47,1.10
2014.12.10 07:26:53.365,1.07967,1.07993,1.00,1.10
2014.12.10 07:26:54.038,1.07968,1.07995,1.00,1.17
2014.12.10 07:26:54.088,1.07968,1.07995,1.00,1.00
2014.12.10 07:26:59.875,1.07966,1.07995,1.00,1.00
2014.12.10 07:27:01.088,1.07965,1.07995,1.00,1.52
2014.12.10 07:27:01.190,1.0796,1.07995,1.15,2.40
2014.12.10 07:27:01.291,1.07958,1.07993,1.10,1.65
2014.12.10 07:27:01.595,1.0796,1.07992,1.00,1.52
2014.12.10 07:27:02.201,1.0796,1.07992,1.00,1.52
2014.12.10 07:27:02.733,1.07956,1.07992,1.87,1.52
2014.12.10 07:27:03.170,1.07956,1.07991,1.00,1.52
2014.12.10 07:27:03.674,1.07956,1.07991,3.75,1.07
2014.12.10 07:27:03.725,1.07957,1.07992,3.45,1.50
2014.12.10 07:27:03.882,1.07961,1.07992,1.90,1.00
2014.12.10 07:27:03.984,1.07967,1.07996,1.37,1.10
2014.12.10 07:27:06.142,1.07967,1.07996,1.37,1.10
2014.12.10 07:27:20.087,1.07967,1.08004,1.00,1.52
2014.12.10 07:27:20.588,1.07968,1.08003,1.00,1.52
2014.12.10 07:27:21.839,1.07968,1.08003,1.37,1.52
2014.12.10 07:27:21.890,1.07968,1.08003,1.47,1.52
2014.12.10 07:27:37.700,1.07963,1.07999,1.65,1.00
2014.12.10 07:27:38.217,1.07963,1.07999,1.65,1.00
2014.12.10 07:27:38.747,1.07965,1.08,1.52,1.00
2014.12.10 07:27:41.530,1.07964,1.07998,1.52,1.00
2014.12.10 07:27:50.807,1.07964,1.07998,1.52,1.00
2014.12.10 07:27:51.983,1.07966,1.08002,1.52,1.17
2014.12.10 07:27:52.034,1.07966,1.08002,1.37,1.15
2014.12.10 07:28:00.128,1.07967,1.08001,1.37,1.27
2014.12.10 07:28:01.537,1.07965,1.08001,1.20,1.27
2014.12.10 07:28:01.739,1.07961,1.07993,1.52,1.00
2014.12.10 07:28:01.840,1.07961,1.07997,1.65,1.10
2014.12.10 07:28:02.193,1.07963,1.07997,1.00,1.15
2014.12.10 07:28:02.395,1.07963,1.07999,1.15,1.15
2014.12.10 07:28:02.598,1.07961,1.07996,1.37,1.15
2014.12.10 07:28:03.772,1.07961,1.07996,1.37,1.15
2014.12.10 07:28:04.478,1.07957,1.07991,1.90,1.00
2014.12.10 07:28:04.793,1.07956,1.0799,1.52,1.10
2014.12.10 07:28:05.101,1.07956,1.07986,1.52,1.00
2014.12.10 07:28:06.266,1.07952,1.07986,2.02,1.10
2014.12.10 07:28:11.789,1.07952,1.07986,1.65,1.47
2014.12.10 07:28:19.478,1.07952,1.07986,1.07,1.55
2014.12.10 07:28:19.528,1.07952,1.07986,1.10,1.52
2014.12.10 07:28:33.239,1.07948,1.07982,1.65,1.00
2014.12.10 07:28:33.289,1.07955,1.07989,1.17,1.15
2014.12.10 07:28:33.340,1.07955,1.07989,1.15,1.00
2014.12.10 07:28:33.643,1.07954,1.07986,1.15,1.00
2014.12.10 07:28:33.946,1.07954,1.07988,2.32,1.00
2014.12.10 07:28:34.602,1.07956,1.07992,1.15,1.00
2014.12.10 07:28:35.133,1.07957,1.07993,1.15,1.10
2014.12.10 07:28:35.919,1.07955,1.07989,1.52,1.00
2014.12.10 07:28:36.006,1.07956,1.07992,1.52,1.00
2014.12.10 07:28:36.273,1.07955,1.07989,1.52,1.00
2014.12.10 07:28:36.324,1.07955,1.07989,1.52,1.00
2014.12.10 07:28:39.784,1.07956,1.07992,1.52,1.15
2014.12.10 07:28:39.885,1.07953,1.07987,2.02,1.00
2014.12.10 07:28:40.391,1.07953,1.07986,1.52,1.00
2014.12.10 07:28:40.926,1.07953,1.07985,1.27,1.00
2014.12.10 07:28:50.668,1.07949,1.07984,2.70,1.00
2014.12.10 07:28:56.388,1.07949,1.07983,1.52,1.00
2014.12.10 07:29:04.403,1.07951,1.07985,1.27,1.17
2014.12.10 07:29:07.277,1.07949,1.07983,2.40,1.00
2014.12.10 07:29:07.789,1.07951,1.07985,1.27,1.17
2014.12.10 07:29:08.319,1.07949,1.07983,1.52,1.00
2014.12.10 07:29:11.784,1.0795,1.07985,1.27,1.27
2014.12.10 07:29:16.638,1.0795,1.07985,1.27,1.27
2014.12.10 07:29:21.218,1.07949,1.07983,1.65,1.00
2014.12.10 07:29:23.406,1.07949,1.07983,1.90,1.00
2014.12.10 07:29:23.711,1.07949,1.07983,1.90,1.00
2014.12.10 07:29:28.196,1.07952,1.07983,1.00,1.10
2014.12.10 07:29:28.502,1.07952,1.07981,1.00,1.00
2014.12.10 07:29:28.604,1.07952,1.07983,1.00,1.10
2014.12.10 07:29:28.654,1.07952,1.07983,1.07,1.10
2014.12.10 07:29:28.959,1.07952,1.07986,1.27,1.00
2014.12.10 07:29:29.061,1.07956,1.07989,1.07,1.07
2014.12.10 07:29:29.111,1.07956,1.0799,1.52,1.17
2014.12.10 07:29:29.162,1.07964,1.0799,1.00,1.07
2014.12.10 07:29:29.364,1.07964,1.07991,1.00,1.00
2014.12.10 07:29:29.873,1.07964,1.07992,1.50,1.00
2014.12.10 07:29:30.254,1.07964,1.07989,1.50,1.00
2014.12.10 07:29:30.608,1.07964,1.07986,1.00,1.00
2014.12.10 07:29:30.811,1.07958,1.07985,1.00,1.17
2014.12.10 07:29:30.862,1.07955,1.07985,1.00,1.17
2014.12.10 07:29:30.912,1.07955,1.07982,1.00,1.00
2014.12.10 07:29:31.431,1.07955,1.07982,1.00,1.17
2014.12.10 07:29:32.413,1.07955,1.07982,1.00,1.10
2014.12.10 07:29:34.146,1.07955,1.07982,1.00,1.17
2014.12.10 07:29:34.550,1.07954,1.07983,1.00,1.00
2014.12.10 07:29:35.055,1.07955,1.07984,1.15,1.00
2014.12.10 07:29:35.358,1.07963,1.07984,1.00,1.00
2014.12.10 07:29:35.896,1.07964,1.07984,1.00,1.00
2014.12.10 07:29:36.405,1.07964,1.07983,1.00,1.00
2014.12.10 07:29:40.169,1.07964,1.07984,1.00,1.00
2014.12.10 07:29:40.270,1.07964,1.07986,1.00,1.00
2014.12.10 07:29:46.189,1.07967,1.07986,1.00,1.00
2014.12.10 07:29:46.290,1.07962,1.07986,1.00,1.00
2014.12.10 07:29:46.340,1.07966,1.07985,1.00,1.00
2014.12.10 07:29:46.644,1.07966,1.07983,1.00,1.00
2014.12.10 07:29:47.149,1.07966,1.07982,1.00,1.00
2014.12.10 07:29:47.301,1.07966,1.07984,1.00,1.00
2014.12.10 07:29:49.818,1.07966,1.07986,1.00,1.17
2014.12.10 07:29:52.108,1.07966,1.07986,1.00,1.00
2014.12.10 07:29:52.159,1.07966,1.07989,1.00,1.12
2014.12.10 07:30:00.215,1.07959,1.0799,1.00,1.57
2014.12.10 07:30:00.316,1.07953,1.0799,1.27,1.57
2014.12.10 07:30:01.179,1.07957,1.07991,1.20,1.27
2014.12.10 07:30:01.482,1.07957,1.07991,1.10,1.27
2014.12.10 07:30:02.710,1.07955,1.07991,1.00,1.52
2014.12.10 07:30:03.064,1.07959,1.07993,1.00,1.90
2014.12.10 07:30:03.215,1.07959,1.07992,1.00,1.52
2014.12.10 07:30:03.693,1.07959,1.07994,1.20,1.27
2014.12.10 07:30:03.744,1.0796,1.07994,1.15,1.27
2014.12.10 07:30:03.794,1.0796,1.07994,1.07,1.52
2014.12.10 07:30:03.846,1.0796,1.07994,1.00,1.52
2014.12.10 07:30:03.897,1.0796,1.07994,1.07,1.27
2014.12.10 07:30:03.948,1.0796,1.07994,1.15,1.27
2014.12.10 07:30:03.999,1.0796,1.07994,1.20,1.17
2014.12.10 07:30:04.253,1.07963,1.07994,1.00,1.17
2014.12.10 07:30:04.760,1.07959,1.07993,1.27,1.07
2014.12.10 07:30:06.226,1.0796,1.07992,1.07,1.17
2014.12.10 07:30:06.277,1.0796,1.07992,1.00,1.15
2014.12.10 07:30:06.378,1.07956,1.07992,1.15,1.52
2014.12.10 07:30:09.056,1.07959,1.07989,1.00,1.17
2014.12.10 07:30:15.776,1.07959,1.07987,1.00,1.00
2014.12.10 07:30:16.285,1.07958,1.07987,1.57,1.00
2014.12.10 07:30:21.534,1.07958,1.07989,1.57,1.17
2014.12.10 07:30:23.707,1.07958,1.07987,1.57,1.00
2014.12.10 07:30:24.745,1.07959,1.07987,1.00,1.00
2014.12.10 07:30:28.784,1.07958,1.07987,1.57,1.00
2014.12.10 07:30:29.019,1.07958,1.07987,1.50,1.07
2014.12.10 07:30:29.272,1.07953,1.07985,1.00,1.27
2014.12.10 07:30:29.777,1.07949,1.07984,1.15,1.17
2014.12.10 07:30:30.255,1.0795,1.07984,1.52,1.00
2014.12.10 07:30:30.306,1.0795,1.07986,2.02,1.00
2014.12.10 07:30:32.312,1.07954,1.07989,2.02,1.15
2014.12.10 07:30:32.363,1.07954,1.07989,2.40,1.00
2014.12.10 07:30:32.875,1.07959,1.0799,1.27,1.00
2014.12.10 07:30:33.391,1.07959,1.07991,1.27,1.00
2014.12.10 07:30:39.681,1.0796,1.07991,1.47,1.00
2014.12.10 07:30:39.988,1.0796,1.0799,1.52,1.00
2014.12.10 07:30:40.091,1.0796,1.07993,1.52,1.00
2014.12.10 07:30:42.223,1.0796,1.07991,1.15,1.00
2014.12.10 07:30:42.797,1.0796,1.07991,1.20,1.00
2014.12.10 07:30:46.948,1.0796,1.07994,1.65,1.15
2014.12.10 07:30:47.356,1.0796,1.07994,1.10,1.15
2014.12.10 07:30:47.861,1.07957,1.07993,1.55,1.15
2014.12.10 07:30:55.449,1.07957,1.07993,1.17,1.52
2014.12.10 07:31:00.437,1.0796,1.07994,1.00,1.27
2014.12.10 07:31:00.487,1.0796,1.07994,1.17,1.27
2014.12.10 07:31:03.425,1.0796,1.07996,1.17,1.55
2014.12.10 07:31:03.526,1.0796,1.07996,1.52,1.20
2014.12.10 07:31:03.627,1.0796,1.07994,1.52,1.00
2014.12.10 07:31:03.935,1.07961,1.07995,3.07,1.00
2014.12.10 07:31:03.986,1.07963,1.07997,1.15,1.12
2014.12.10 07:31:04.442,1.07963,1.07997,1.15,1.95
2014.12.10 07:31:04.493,1.07963,1.07997,1.15,1.95
2014.12.10 07:31:04.745,1.07959,1.07993,1.15,1.10
2014.12.10 07:31:04.846,1.07959,1.07991,1.65,1.00
2014.12.10 07:31:06.469,1.07955,1.07991,1.65,1.37
2014.12.10 07:31:06.722,1.07957,1.07991,1.15,1.12
2014.12.10 07:31:07.287,1.07955,1.07989,1.15,1.00
2014.12.10 07:31:07.439,1.07958,1.07992,1.00,1.15
2014.12.10 07:31:07.958,1.07955,1.07989,1.65,1.57
2014.12.10 07:31:08.059,1.07955,1.07986,1.15,1.00
2014.12.10 07:31:08.564,1.07955,1.07989,1.15,1.27
2014.12.10 07:31:09.085,1.07958,1.07993,1.00,1.52
2014.12.10 07:31:09.601,1.07955,1.07992,1.65,1.52
2014.12.10 07:31:12.646,1.07958,1.07993,1.00,1.52
2014.12.10 07:31:13.154,1.07955,1.07991,1.65,1.52
2014.12.10 07:31:14.081,1.07955,1.07991,1.65,1.52
2014.12.10 07:31:14.283,1.07955,1.07988,1.07,1.45
2014.12.10 07:31:14.334,1.07955,1.07989,1.50,1.52
2014.12.10 07:31:14.485,1.07955,1.07987,1.07,1.20
2014.12.10 07:31:14.637,1.07955,1.07991,1.15,2.02
2014.12.10 07:31:14.688,1.07954,1.07991,2.77,1.27
2014.12.10 07:31:14.991,1.07958,1.07995,1.17,1.52
2014.12.10 07:31:15.041,1.07958,1.07995,1.52,1.52
2014.12.10 07:31:18.816,1.0796,1.07996,1.15,1.45
2014.12.10 07:31:18.867,1.0796,1.07996,1.52,1.00
2014.12.10 07:31:18.917,1.0796,1.07993,1.52,1.00
2014.12.10 07:31:19.371,1.0796,1.07995,1.15,1.00
2014.12.10 07:31:19.422,1.0796,1.07995,1.65,1.07
2014.12.10 07:31:19.473,1.0796,1.07995,1.65,1.15
2014.12.10 07:31:19.675,1.0796,1.07995,1.15,1.52
2014.12.10 07:31:19.776,1.07957,1.07993,1.17,1.52
2014.12.10 07:31:19.927,1.07954,1.07987,1.17,1.07
2014.12.10 07:31:19.978,1.07955,1.07987,1.00,1.27
2014.12.10 07:31:21.758,1.07954,1.0799,1.10,1.52
2014.12.10 07:31:21.809,1.07954,1.0799,1.07,1.52
2014.12.10 07:31:22.165,1.07954,1.0799,1.15,1.27
2014.12.10 07:31:23.192,1.07954,1.0799,1.17,1.65
2014.12.10 07:31:23.293,1.07954,1.0799,1.10,1.65
2014.12.10 07:31:23.496,1.07954,1.07989,2.40,1.00
2014.12.10 07:31:23.547,1.07954,1.07991,3.15,1.00
2014.12.10 07:31:23.598,1.0796,1.07991,1.27,1.00
2014.12.10 07:31:23.901,1.07959,1.08001,2.02,1.52
2014.12.10 07:31:28.114,1.0796,1.08002,1.15,2.40
2014.12.10 07:31:28.216,1.0796,1.08002,1.17,4.57
2014.12.10 07:31:28.619,1.07959,1.07998,1.50,5.25
2014.12.10 07:31:28.720,1.07957,1.07998,1.20,4.87
2014.12.10 07:31:30.423,1.07953,1.07994,1.65,1.52
2014.12.10 07:31:30.930,1.07953,1.07994,1.15,4.84
2014.12.10 07:31:32.473,1.07952,1.07994,1.52,4.84
2014.12.10 07:31:32.834,1.07958,1.07995,1.15,1.27
2014.12.10 07:31:33.137,1.07959,1.07998,1.65,1.10
2014.12.10 07:31:36.985,1.0796,1.07997,1.52,1.00
2014.12.10 07:31:38.724,1.07963,1.07999,2.70,1.45
2014.12.10 07:31:39.079,1.07965,1.08001,2.02,1.00
2014.12.10 07:31:39.743,1.07967,1.08001,2.32,1.00
2014.12.10 07:31:40.325,1.07968,1.08001,2.32,1.00
2014.12.10 07:31:52.696,1.07968,1.07999,2.32,1.00
2014.12.10 07:31:52.949,1.07968,1.08001,2.32,1.00
2014.12.10 07:31:53.151,1.07968,1.07999,2.32,1.00
2014.12.10 07:31:55.108,1.07968,1.08001,2.32,1.00
2014.12.10 07:31:57.256,1.07967,1.08001,2.32,1.00
2014.12.10 07:31:57.307,1.07965,1.08001,1.27,1.00
2014.12.10 07:32:02.037,1.07966,1.08001,1.15,1.37
2014.12.10 07:32:02.139,1.07966,1.08001,1.15,1.45
2014.12.10 07:32:02.191,1.07966,1.07995,1.15,1.00
2014.12.10 07:32:02.505,1.07965,1.07997,1.15,1.00
2014.12.10 07:32:03.650,1.07966,1.07997,1.27,1.00
2014.12.10 07:32:03.701,1.07966,1.07999,1.27,1.00
2014.12.10 07:32:04.221,1.07966,1.08,1.27,1.00
2014.12.10 07:32:04.583,1.07967,1.08,4.50,1.00
2014.12.10 07:32:04.886,1.07967,1.08007,4.87,4.31
2014.12.10 07:32:05.353,1.07967,1.08001,4.87,1.00
2014.12.10 07:32:06.764,1.07967,1.08002,4.50,1.00
2014.12.10 07:32:08.571,1.07967,1.08003,4.50,1.12
2014.12.10 07:32:08.880,1.0797,1.08005,1.27,1.00
2014.12.10 07:32:10.614,1.07971,1.08005,1.15,1.37
2014.12.10 07:32:10.715,1.07972,1.08004,1.00,3.71
2014.12.10 07:32:10.817,1.0797,1.08002,1.65,1.37
2014.12.10 07:32:10.918,1.0797,1.08002,1.65,1.12
2014.12.10 07:32:10.968,1.0797,1.07999,1.65,1.00
2014.12.10 07:32:11.543,1.07971,1.07999,1.20,1.37
2014.12.10 07:32:12.192,1.07971,1.08001,1.20,1.00
2014.12.10 07:32:12.394,1.07968,1.07999,1.15,1.00
2014.12.10 07:32:12.605,1.07968,1.08002,1.27,1.00
2014.12.10 07:32:13.124,1.07968,1.08004,2.02,1.15
2014.12.10 07:32:15.418,1.07968,1.08004,2.02,1.00
2014.12.10 07:32:15.721,1.07972,1.08008,1.15,1.52
2014.12.10 07:32:15.952,1.07971,1.08005,1.65,1.37
2014.12.10 07:32:16.156,1.07973,1.08007,1.15,1.27
2014.12.10 07:32:35.465,1.07974,1.08008,1.15,2.02
2014.12.10 07:32:36.461,1.07974,1.08008,1.15,2.02
2014.12.10 07:32:36.764,1.07971,1.08006,1.15,1.27
2014.12.10 07:32:39.374,1.07971,1.08005,1.65,1.52
2014.12.10 07:32:40.111,1.07971,1.08005,1.65,1.15
2014.12.10 07:32:40.212,1.07971,1.08005,1.65,1.52
2014.12.10 07:32:41.782,1.07971,1.08005,2.02,1.15
2014.12.10 07:32:56.832,1.07973,1.08007,1.07,3.64
2014.12.10 07:32:56.984,1.07969,1.08004,1.65,1.20
2014.12.10 07:32:57.034,1.07969,1.08002,1.15,1.00
2014.12.10 07:32:57.337,1.0797,1.07999,1.07,1.00
2014.12.10 07:32:57.388,1.0797,1.07999,1.10,1.00
2014.12.10 07:32:57.912,1.07965,1.07999,1.15,1.37
2014.12.10 07:32:58.421,1.07961,1.08004,3.45,2.40
2014.12.10 07:32:58.472,1.07961,1.08004,1.27,2.40
2014.12.10 07:32:58.624,1.07961,1.08001,3.45,1.20
2014.12.10 07:32:59.134,1.07964,1.07998,1.27,1.00
2014.12.10 07:33:05.613,1.07965,1.08002,1.27,1.27
2014.12.10 07:33:05.857,1.07964,1.07998,2.77,1.00
2014.12.10 07:33:10.783,1.07964,1.07997,2.02,1.00
2014.12.10 07:33:20.908,1.07964,1.07996,2.02,1.00
2014.12.10 07:33:20.959,1.07964,1.07996,1.27,1.00
2014.12.10 07:33:21.162,1.07964,1.08,2.40,1.52
2014.12.10 07:33:21.465,1.0797,1.08003,2.32,1.00
2014.12.10 07:33:21.566,1.07975,1.08005,1.15,3.19
2014.12.10 07:33:21.667,1.07975,1.08011,1.15,1.15
2014.12.10 07:33:22.172,1.07975,1.08012,1.15,1.00
2014.12.10 07:33:22.274,1.07974,1.08011,1.15,1.15
2014.12.10 07:33:22.677,1.07973,1.08008,1.07,1.15
2014.12.10 07:33:23.182,1.07972,1.08005,1.15,1.00
2014.12.10 07:33:23.233,1.07972,1.08009,1.15,1.10
2014.12.10 07:33:23.750,1.07972,1.08009,1.15,1.47
2014.12.10 07:33:24.106,1.07972,1.08005,1.15,1.37
2014.12.10 07:33:25.389,1.07972,1.08004,1.17,1.17
2014.12.10 07:33:26.386,1.07968,1.08004,1.27,1.52
2014.12.10 07:33:26.437,1.0797,1.08006,1.00,1.52
2014.12.10 07:33:26.689,1.07966,1.08005,1.90,1.17
2014.12.10 07:33:27.097,1.07972,1.08008,1.55,1.00
2014.12.10 07:33:27.198,1.07969,1.08003,1.10,1.12
2014.12.10 07:33:27.503,1.07974,1.08003,1.00,1.00
2014.12.10 07:33:27.656,1.07974,1.08005,1.00,1.00
2014.12.10 07:33:27.757,1.07969,1.08004,1.00,1.00
2014.12.10 07:33:28.492,1.07969,1.08004,1.00,1.37
2014.12.10 07:33:28.997,1.07969,1.08001,1.00,1.00
2014.12.10 07:33:29.390,1.07969,1.07999,1.00,1.00
2014.12.10 07:33:29.928,1.07969,1.08002,1.00,1.87
2014.12.10 07:33:30.594,1.07969,1.08003,1.00,1.12
2014.12.10 07:33:31.125,1.07969,1.08005,1.37,1.50
2014.12.10 07:33:31.529,1.07969,1.08004,1.00,1.50
2014.12.10 07:33:31.933,1.07969,1.08002,1.00,1.00
2014.12.10 07:33:32.236,1.0797,1.08006,1.17,3.94
2014.12.10 07:33:32.388,1.0797,1.08004,1.17,1.00
2014.12.10 07:33:35.607,1.0797,1.08004,1.17,1.37
2014.12.10 07:33:36.320,1.0797,1.08002,1.00,1.00
2014.12.10 07:33:37.334,1.0797,1.08003,1.52,1.00
2014.12.10 07:33:37.435,1.0797,1.08008,1.65,1.47
2014.12.10 07:33:37.963,1.07971,1.0801,1.55,1.52
2014.12.10 07:33:38.114,1.07971,1.0801,1.37,1.52
2014.12.10 07:33:38.216,1.0797,1.08007,1.00,1.52
2014.12.10 07:33:38.267,1.0797,1.08007,1.00,1.90
2014.12.10 07:33:38.771,1.07969,1.08002,1.00,1.95
2014.12.10 07:33:41.376,1.07969,1.08002,1.00,1.37
2014.12.10 07:33:41.652,1.07969,1.08001,1.00,1.37
2014.12.10 07:33:41.991,1.07969,1.08004,1.00,1.47
2014.12.10 07:33:42.507,1.07964,1.08004,1.27,1.47
2014.12.10 07:33:44.807,1.07964,1.08004,1.15,1.47
2014.12.10 07:33:45.215,1.07963,1.08,1.95,1.12
2014.12.10 07:33:45.889,1.07964,1.08,1.00,1.12
2014.12.10 07:33:46.450,1.07964,1.07999,1.00,1.00
2014.12.10 07:33:46.906,1.07964,1.08002,1.87,1.20
2014.12.10 07:33:47.260,1.07964,1.08002,2.02,1.12
2014.12.10 07:33:48.799,1.07964,1.08005,1.52,2.02
2014.12.10 07:33:48.951,1.07964,1.08002,1.00,1.55
2014.12.10 07:33:49.456,1.07963,1.08001,1.00,1.47
2014.12.10 07:33:51.064,1.07956,1.07997,2.40,1.55
2014.12.10 07:33:51.368,1.07954,1.07986,1.15,1.50
2014.12.10 07:33:51.571,1.07947,1.07982,1.15,1.00
2014.12.10 07:33:51.774,1.07947,1.07981,1.15,1.00
2014.12.10 07:33:51.824,1.07947,1.07986,1.15,1.12
2014.12.10 07:33:52.078,1.07949,1.07989,1.15,1.00
2014.12.10 07:33:52.179,1.0795,1.0799,1.15,1.00
2014.12.10 07:33:52.633,1.07956,1.07996,1.15,1.07
2014.12.10 07:33:52.684,1.07956,1.07996,1.15,1.00
2014.12.10 07:33:52.936,1.07956,1.07996,1.15,1.00
2014.12.10 07:33:53.465,1.07956,1.07996,2.32,1.00
2014.12.10 07:33:53.723,1.0796,1.08003,2.02,1.37
2014.12.10 07:33:54.242,1.0796,1.08003,2.40,1.00
2014.12.10 07:33:55.851,1.07964,1.08007,1.65,1.52
2014.12.10 07:33:56.680,1.07964,1.08007,1.65,1.90
2014.12.10 07:33:56.783,1.07964,1.08,1.17,1.37
2014.12.10 07:33:57.036,1.07964,1.08001,1.17,1.10
2014.12.10 07:33:57.339,1.07964,1.08002,1.17,3.71
2014.12.10 07:33:57.894,1.07964,1.08004,1.65,4.09
2014.12.10 07:33:58.197,1.07964,1.08007,2.02,4.31
2014.12.10 07:33:58.299,1.07964,1.08005,2.02,3.64
2014.12.10 07:33:58.670,1.07964,1.08006,1.27,3.56
2014.12.10 07:33:59.264,1.07964,1.08007,1.27,1.37
2014.12.10 07:33:59.567,1.0795,1.07987,1.07,1.00
2014.12.10 07:33:59.769,1.07951,1.07993,1.15,1.55
2014.12.10 07:34:00.280,1.07951,1.07992,1.52,1.45
2014.12.10 07:34:03.694,1.07951,1.07992,3.45,1.37
2014.12.10 07:34:04.000,1.07951,1.07992,1.15,1.37
2014.12.10 07:34:04.204,1.07951,1.07989,3.07,1.00
2014.12.10 07:34:04.356,1.07951,1.07993,3.45,1.37
2014.12.10 07:34:04.507,1.07955,1.07994,1.52,1.50
2014.12.10 07:34:04.881,1.07956,1.07999,1.52,4.31
2014.12.10 07:34:05.293,1.07959,1.07999,2.70,1.00
2014.12.10 07:34:08.848,1.07959,1.07999,2.32,1.37
2014.12.10 07:34:08.899,1.07959,1.07999,2.70,1.12
2014.12.10 07:34:09.597,1.07959,1.07999,2.70,1.37
2014.12.10 07:34:10.082,1.07956,1.07999,1.65,1.37
2014.12.10 07:34:11.903,1.07956,1.07999,1.90,1.00
2014.12.10 07:34:12.055,1.07964,1.08006,1.52,1.47
2014.12.10 07:34:12.106,1.07964,1.08006,1.90,1.10
2014.12.10 07:34:12.308,1.07965,1.08009,3.45,1.12
2014.12.10 07:34:13.884,1.07967,1.08009,2.70,1.12
2014.12.10 07:34:14.188,1.07969,1.08009,2.70,1.00
2014.12.10 07:34:14.239,1.07969,1.08014,3.45,1.47
2014.12.10 07:34:14.954,1.07969,1.08014,4.20,1.20
2014.12.10 07:34:15.417,1.07969,1.08014,4.20,1.47
2014.12.10 07:34:16.154,1.07969,1.08014,4.20,1.57
2014.12.10 07:34:16.204,1.07969,1.08014,2.02,1.65
2014.12.10 07:34:16.255,1.07965,1.0801,2.02,1.57
2014.12.10 07:34:16.458,1.07967,1.0801,1.15,1.95
2014.12.10 07:34:16.659,1.07967,1.0801,1.15,2.32
2014.12.10 07:34:16.761,1.07967,1.0801,1.15,2.32
2014.12.10 07:34:16.862,1.07965,1.0801,1.27,1.82
2014.12.10 07:34:19.658,1.07965,1.0801,2.40,1.45
2014.12.10 07:34:19.810,1.07972,1.08012,1.27,1.37
2014.12.10 07:34:20.325,1.07972,1.08015,1.65,1.65
2014.12.10 07:34:21.191,1.07972,1.08015,1.65,1.92
2014.12.10 07:34:28.202,1.07972,1.08015,2.02,1.45
2014.12.10 07:34:28.619,1.07977,1.08015,4.50,1.00
2014.12.10 07:34:28.821,1.07982,1.0802,1.52,1.37
2014.12.10 07:34:28.922,1.07982,1.08023,1.15,1.75
2014.12.10 07:34:29.024,1.07982,1.08024,1.57,1.90
2014.12.10 07:34:29.226,1.07982,1.08024,1.20,1.15
2014.12.10 07:34:29.479,1.07981,1.08018,1.65,1.00
2014.12.10 07:34:29.681,1.07981,1.0802,1.15,1.20
2014.12.10 07:34:30.202,1.07981,1.0802,1.15,1.57
2014.12.10 07:34:31.904,1.07982,1.0802,1.20,1.65
2014.12.10 07:34:33.911,1.07975,1.08018,1.65,3.75
2014.12.10 07:34:33.962,1.07975,1.08016,1.15,1.82
2014.12.10 07:34:34.063,1.07975,1.08015,1.15,1.47
2014.12.10 07:34:34.115,1.07975,1.08015,1.15,1.85
2014.12.10 07:34:34.418,1.07977,1.08018,1.15,1.50
2014.12.10 07:34:35.126,1.07978,1.08018,1.52,1.37
2014.12.10 07:34:35.446,1.07978,1.08018,1.15,1.00
2014.12.10 07:34:36.406,1.07977,1.08017,1.15,1.00
2014.12.10 07:34:36.811,1.07978,1.08018,1.52,1.37
2014.12.10 07:34:36.912,1.07979,1.08018,1.15,1.00
2014.12.10 07:34:37.023,1.07979,1.08018,1.15,1.37
2014.12.10 07:34:37.759,1.07979,1.08018,1.15,1.00
2014.12.10 07:34:37.915,1.07979,1.08018,1.27,1.37
2014.12.10 07:34:38.017,1.07982,1.08019,1.15,1.00
2014.12.10 07:34:38.068,1.07982,1.08019,1.15,1.00
2014.12.10 07:34:38.118,1.07983,1.08022,1.15,1.00
2014.12.10 07:34:38.220,1.07986,1.08027,1.65,2.32
2014.12.10 07:34:38.321,1.07988,1.08027,1.15,1.00
2014.12.10 07:34:38.372,1.07989,1.08029,1.15,2.25
2014.12.10 07:34:38.473,1.07988,1.08029,1.15,3.00
2014.12.10 07:34:38.524,1.07988,1.08029,1.17,3.07
2014.12.10 07:34:38.574,1.07988,1.08029,1.20,2.40
2014.12.10 07:34:39.141,1.07986,1.08029,1.15,1.00
2014.12.10 07:34:39.520,1.07986,1.08029,1.15,1.37
2014.12.10 07:34:40.151,1.07986,1.08028,2.02,1.37
2014.12.10 07:34:40.252,1.07986,1.08026,1.52,1.37
2014.12.10 07:34:43.180,1.07986,1.08024,1.52,1.00
2014.12.10 07:34:43.920,1.07986,1.08025,1.52,1.12
2014.12.10 07:34:45.954,1.07988,1.08029,1.27,1.87
2014.12.10 07:34:46.470,1.07988,1.08029,1.52,1.87
2014.12.10 07:34:46.879,1.07987,1.08029,1.90,1.00
2014.12.10 07:34:46.980,1.07993,1.08033,1.65,1.87
2014.12.10 07:34:47.295,1.07997,1.08035,1.15,1.47
2014.12.10 07:34:47.606,1.07997,1.08033,1.15,1.37
2014.12.10 07:34:47.656,1.07996,1.08033,1.15,1.65
2014.12.10 07:34:47.758,1.07988,1.08029,1.15,1.15
2014.12.10 07:34:47.808,1.07987,1.08024,1.65,1.00
2014.12.10 07:34:48.111,1.07986,1.08022,1.15,1.10
2014.12.10 07:34:48.632,1.07986,1.08021,1.15,1.12
2014.12.10 07:34:50.002,1.07987,1.0802,1.15,1.00
2014.12.10 07:34:50.204,1.07983,1.0802,1.27,1.15
2014.12.10 07:34:50.712,1.07981,1.08017,1.52,1.00
2014.12.10 07:34:51.001,1.07981,1.08016,1.15,1.37
2014.12.10 07:34:51.321,1.07983,1.0802,1.15,1.52
2014.12.10 07:34:51.854,1.07981,1.08019,2.02,1.17
2014.12.10 07:34:53.290,1.07984,1.08023,2.70,1.47
2014.12.10 07:34:53.391,1.07987,1.08024,1.15,1.55
2014.12.10 07:34:53.492,1.07984,1.08024,3.45,1.65
2014.12.10 07:34:53.593,1.07984,1.08024,3.82,1.17
2014.12.10 07:34:53.694,1.07986,1.08023,1.65,1.52
2014.12.10 07:34:53.795,1.07988,1.08022,1.15,1.12
2014.12.10 07:34:53.897,1.07987,1.08023,1.15,1.15
2014.12.10 07:34:54.406,1.07991,1.08029,1.00,2.40
2014.12.10 07:34:54.507,1.07991,1.08029,1.15,2.40
2014.12.10 07:34:54.810,1.07988,1.08023,1.15,1.15
2014.12.10 07:34:54.861,1.07988,1.08018,1.15,1.12
2014.12.10 07:34:55.165,1.07987,1.08021,1.15,1.20
2014.12.10 07:34:56.291,1.07984,1.08021,1.15,2.40
2014.12.10 07:34:56.393,1.07984,1.08021,1.15,1.90
2014.12.10 07:34:58.633,1.07981,1.08019,2.02,1.15
2014.12.10 07:34:58.822,1.07984,1.08021,1.27,1.57
2014.12.10 07:34:59.127,1.07985,1.08019,4.50,1.12
2014.12.10 07:34:59.178,1.07981,1.08018,1.15,1.75
2014.12.10 07:34:59.482,1.0798,1.08015,1.65,1.37
2014.12.10 07:35:00.257,1.0798,1.08015,1.15,1.37
2014.12.10 07:35:00.409,1.0798,1.0801,1.17,1.12
2014.12.10 07:35:00.460,1.07978,1.08008,1.15,1.00
2014.12.10 07:35:00.662,1.0798,1.08013,1.27,1.00
2014.12.10 07:35:00.914,1.0798,1.08018,1.15,1.47
2014.12.10 07:35:01.166,1.0798,1.08018,1.65,1.10
2014.12.10 07:35:01.527,1.07982,1.08019,1.15,1.15
2014.12.10 07:35:01.628,1.07981,1.08019,1.15,1.00
2014.12.10 07:35:01.679,1.07981,1.08024,1.15,2.77
2014.12.10 07:35:02.033,1.07985,1.08021,3.07,1.37
2014.12.10 07:35:02.337,1.07985,1.08024,3.07,1.95
2014.12.10 07:35:02.490,1.07985,1.08024,1.15,2.02
2014.12.10 07:35:02.793,1.07985,1.08022,3.07,1.00
2014.12.10 07:35:02.996,1.07985,1.08022,1.15,1.15
2014.12.10 07:35:03.804,1.0798,1.08022,2.40,1.65
2014.12.10 07:35:04.107,1.0798,1.08022,1.65,3.52
2014.12.10 07:35:04.410,1.07975,1.08018,1.65,1.65
2014.12.10 07:35:05.116,1.07975,1.08011,1.65,1.15
2014.12.10 07:35:05.697,1.07975,1.08012,1.50,1.52
2014.12.10 07:35:06.002,1.07975,1.08012,1.65,1.52
2014.12.10 07:35:06.507,1.07975,1.08014,1.15,1.90
2014.12.10 07:35:06.659,1.07966,1.08008,1.15,1.52
2014.12.10 07:35:07.333,1.07969,1.08008,1.65,1.07
2014.12.10 07:35:07.637,1.07975,1.08014,1.15,2.40
2014.12.10 07:35:10.933,1.0798,1.08019,1.27,1.15
2014.12.10 07:35:11.236,1.07976,1.08017,1.15,1.52
2014.12.10 07:35:11.357,1.07977,1.08017,1.17,1.52
2014.12.10 07:35:13.164,1.07977,1.08018,1.15,1.52
2014.12.10 07:35:14.841,1.07977,1.08017,1.15,1.90
2014.12.10 07:35:15.445,1.07977,1.08017,1.15,1.52
2014.12.10 07:35:15.547,1.07977,1.08017,1.15,1.90
2014.12.10 07:35:15.648,1.07976,1.08017,1.17,1.52
2014.12.10 07:35:19.632,1.07971,1.08014,1.52,3.45
2014.12.10 07:35:19.954,1.07974,1.08016,1.15,2.77
2014.12.10 07:35:20.465,1.07974,1.08014,1.00,3.45
2014.12.10 07:35:20.969,1.07973,1.08015,1.15,1.65
2014.12.10 07:35:23.437,1.07977,1.08016,1.17,2.02
2014.12.10 07:35:23.488,1.07977,1.08016,1.15,1.52
2014.12.10 07:35:23.939,1.07977,1.08016,2.32,1.17
2014.12.10 07:35:23.990,1.07977,1.08016,2.32,1.10
2014.12.10 07:35:24.142,1.07977,1.08014,2.70,1.00
2014.12.10 07:35:24.312,1.07977,1.08016,2.70,1.10
2014.12.10 07:35:24.973,1.07982,1.08019,1.15,1.00
2014.12.10 07:35:25.478,1.07983,1.08021,2.02,1.17
2014.12.10 07:35:26.253,1.07983,1.08023,2.40,1.52
2014.12.10 07:35:26.457,1.07983,1.0802,1.65,1.52
2014.12.10 07:35:27.164,1.07978,1.08019,1.15,2.02
2014.12.10 07:35:29.258,1.07978,1.08019,1.15,1.52
2014.12.10 07:35:29.308,1.07979,1.08019,1.15,1.15
2014.12.10 07:35:29.867,1.0798,1.08021,1.15,1.52
2014.12.10 07:35:32.882,1.0798,1.08018,1.15,1.55
2014.12.10 07:35:33.091,1.0798,1.08018,1.52,1.27
2014.12.10 07:35:33.243,1.0798,1.08021,1.15,2.02
2014.12.10 07:35:33.446,1.0798,1.08016,1.15,1.20
2014.12.10 07:35:33.698,1.0798,1.08021,1.15,2.02
2014.12.10 07:35:35.751,1.0798,1.08021,1.90,1.15
2014.12.10 07:35:35.802,1.07981,1.08023,3.07,1.52
2014.12.10 07:35:35.903,1.07984,1.08023,3.45,1.37
2014.12.10 07:35:35.954,1.07984,1.08023,3.45,1.00
2014.12.10 07:35:36.056,1.07986,1.08025,1.52,1.20
2014.12.10 07:35:36.157,1.07985,1.08027,1.15,2.02
2014.12.10 07:35:36.208,1.07985,1.08026,1.15,1.27
2014.12.10 07:35:36.309,1.07985,1.08026,1.17,3.07
2014.12.10 07:35:36.713,1.07985,1.08019,1.17,1.65
2014.12.10 07:35:36.815,1.07985,1.08019,1.17,1.52
2014.12.10 07:35:38.604,1.07985,1.08021,1.15,1.47
2014.12.10 07:35:40.399,1.07985,1.08027,1.15,1.65
2014.12.10 07:35:43.612,1.07984,1.08022,1.65,1.55
2014.12.10 07:35:43.938,1.07985,1.08025,1.07,3.82
2014.12.10 07:35:46.017,1.07985,1.08022,1.07,1.90
2014.12.10 07:35:46.949,1.07984,1.08023,1.65,2.02
2014.12.10 07:35:48.005,1.07984,1.08027,1.65,1.65
2014.12.10 07:35:51.292,1.0798,1.08021,4.20,1.92
2014.12.10 07:35:51.425,1.0798,1.08021,2.02,1.90
2014.12.10 07:35:51.475,1.07977,1.08009,1.15,1.75
2014.12.10 07:35:51.526,1.07972,1.08005,1.10,1.65
2014.12.10 07:35:51.577,1.07965,1.08005,2.02,1.27
2014.12.10 07:35:51.830,1.07973,1.08008,1.15,1.17
2014.12.10 07:35:52.487,1.07966,1.08006,2.32,1.00
2014.12.10 07:35:53.023,1.07966,1.08006,2.70,1.37
2014.12.10 07:35:53.281,1.07966,1.08008,3.45,2.77
2014.12.10 07:35:54.941,1.07971,1.08011,4.20,1.55
2014.12.10 07:35:55.631,1.07971,1.08012,4.95,1.52
2014.12.10 07:35:59.917,1.07974,1.08014,1.27,1.65
2014.12.10 07:36:00.466,1.07974,1.08014,1.27,1.52
2014.12.10 07:36:01.543,1.07975,1.08014,2.70,1.47
2014.12.10 07:36:02.071,1.07977,1.08014,1.52,1.10
2014.12.10 07:36:04.557,1.07977,1.08014,1.52,1.15
2014.12.10 07:36:05.063,1.07976,1.08014,1.52,1.27
2014.12.10 07:36:15.774,1.07973,1.0801,1.27,1.55
2014.12.10 07:36:17.652,1.07972,1.08008,1.52,1.27
2014.12.10 07:36:27.580,1.07971,1.08008,2.02,1.12
2014.12.10 07:36:27.985,1.07971,1.08008,2.02,1.27
2014.12.10 07:36:28.187,1.07971,1.0801,4.95,1.20
2014.12.10 07:36:28.288,1.07971,1.0801,2.40,1.15
2014.12.10 07:36:28.692,1.07973,1.0801,1.00,1.52
2014.12.10 07:36:28.995,1.07969,1.08008,2.02,2.02
2014.12.10 07:36:29.502,1.07973,1.0801,1.27,1.37
2014.12.10 07:36:30.020,1.07974,1.08011,1.15,1.57
2014.12.10 07:36:30.275,1.07974,1.08011,1.15,1.52
2014.12.10 07:36:30.913,1.07975,1.08013,1.15,1.65
2014.12.10 07:36:32.189,1.07975,1.08013,1.15,1.52
2014.12.10 07:36:33.371,1.07974,1.08011,1.15,1.55
2014.12.10 07:36:33.624,1.07969,1.08005,1.07,1.52
2014.12.10 07:36:35.200,1.07968,1.08005,1.52,1.47
2014.12.10 07:36:35.715,1.07968,1.08007,1.52,2.02
2014.12.10 07:36:40.421,1.07972,1.08009,1.52,1.10
2014.12.10 07:36:50.474,1.07981,1.08017,1.00,1.65
2014.12.10 07:36:50.525,1.07981,1.08017,1.15,1.65
2014.12.10 07:36:50.575,1.07986,1.08019,1.00,1.90
2014.12.10 07:36:50.627,1.07986,1.08019,1.00,1.52
2014.12.10 07:36:50.678,1.07978,1.08014,1.52,1.00
2014.12.10 07:36:50.729,1.07978,1.08014,1.15,1.50
2014.12.10 07:36:50.831,1.07978,1.08014,1.15,1.65
2014.12.10 07:36:50.932,1.07975,1.08011,2.02,1.15
2014.12.10 07:36:51.236,1.07978,1.08012,1.00,1.52
2014.12.10 07:36:51.337,1.07971,1.08012,1.52,1.52
2014.12.10 07:36:51.753,1.07973,1.0801,1.15,1.10
2014.12.10 07:36:52.850,1.07975,1.08013,1.15,1.15
2014.12.10 07:36:52.901,1.0798,1.08017,1.00,1.27
2014.12.10 07:36:53.104,1.07977,1.08017,1.15,1.15
2014.12.10 07:36:53.154,1.07977,1.08015,1.00,4.50
2014.12.10 07:36:53.577,1.07974,1.08011,1.65,1.65
2014.12.10 07:36:53.732,1.0797,1.08011,1.15,1.65
2014.12.10 07:36:54.237,1.07975,1.08012,1.15,1.65
2014.12.10 07:36:55.142,1.07975,1.08012,1.15,2.02
2014.12.10 07:36:55.934,1.07975,1.08012,1.27,2.02
2014.12.10 07:36:57.438,1.07973,1.08011,1.65,1.15
2014.12.10 07:36:57.640,1.07969,1.08008,1.27,1.52
2014.12.10 07:36:58.045,1.07967,1.08008,4.20,1.55
2014.12.10 07:36:58.356,1.07974,1.08012,1.15,1.15
2014.12.10 07:36:58.457,1.07975,1.08015,1.15,1.17
2014.12.10 07:36:59.973,1.07981,1.08018,1.15,1.45
2014.12.10 07:37:00.176,1.07981,1.08016,1.15,1.52
2014.12.10 07:37:00.379,1.07981,1.0802,1.52,1.27
2014.12.10 07:37:00.581,1.07987,1.08023,1.15,1.50
2014.12.10 07:37:00.885,1.07985,1.0802,1.15,1.00
2014.12.10 07:37:01.390,1.07982,1.08023,1.27,1.52
2014.12.10 07:37:01.960,1.07982,1.08021,1.27,2.02
2014.12.10 07:37:03.994,1.07978,1.08019,1.52,1.52
2014.12.10 07:37:04.247,1.07977,1.08019,1.52,1.52
2014.12.10 07:37:04.769,1.07977,1.08019,1.52,1.52
2014.12.10 07:37:05.277,1.07977,1.08019,1.15,1.90
2014.12.10 07:37:05.328,1.07976,1.08018,1.15,1.90
2014.12.10 07:37:07.298,1.07975,1.08019,1.27,2.40
2014.12.10 07:37:11.917,1.07976,1.08019,2.77,1.52
2014.12.10 07:37:16.843,1.07976,1.08018,2.40,1.65
2014.12.10 07:37:16.944,1.07976,1.08018,2.02,1.90
2014.12.10 07:37:17.046,1.07975,1.08018,1.90,1.52
2014.12.10 07:37:17.147,1.07975,1.08019,3.15,2.40
2014.12.10 07:37:17.449,1.07978,1.08019,1.52,1.52
2014.12.10 07:37:19.670,1.07978,1.08019,1.15,1.90
2014.12.10 07:37:19.822,1.07974,1.08016,2.77,1.90
2014.12.10 07:37:19.974,1.07974,1.08016,3.15,2.02
2014.12.10 07:37:20.026,1.07974,1.08016,3.15,1.65
2014.12.10 07:37:20.078,1.07981,1.08015,1.52,1.00
2014.12.10 07:37:20.180,1.07983,1.08021,1.52,1.57
2014.12.10 07:37:20.332,1.07983,1.08023,1.15,1.15
2014.12.10 07:37:20.484,1.07986,1.08028,1.15,1.15
2014.12.10 07:37:26.266,1.07992,1.08031,1.45,1.65
2014.12.10 07:37:26.317,1.07992,1.08031,2.02,1.65
2014.12.10 07:37:26.519,1.07992,1.08031,2.02,1.17
2014.12.10 07:37:26.621,1.07992,1.08035,6.45,2.40
2014.12.10 07:37:26.924,1.07997,1.08036,5.25,1.37
2014.12.10 07:37:27.126,1.08,1.08038,1.10,1.15
2014.12.10 07:37:29.750,1.08,1.08038,1.47,1.52
2014.12.10 07:37:34.891,1.07999,1.08038,1.55,1.27
2014.12.10 07:37:35.404,1.07999,1.08038,1.55,1.52
2014.12.10 07:37:35.951,1.07998,1.08038,1.52,1.27
2014.12.10 07:37:36.153,1.08003,1.08039,1.90,1.20
2014.12.10 07:37:38.179,1.08002,1.08044,1.65,1.90
2014.12.10 07:37:38.281,1.08002,1.08044,1.15,3.82
2014.12.10 07:37:58.404,1.08001,1.08039,1.10,1.52
2014.12.10 07:38:03.469,1.08,1.08039,1.55,1.52
2014.12.10 07:38:03.632,1.08002,1.08039,1.52,1.52
2014.12.10 07:38:04.091,1.08002,1.08039,1.27,2.40
2014.12.10 07:38:04.243,1.07998,1.08035,1.90,1.15
2014.12.10 07:38:05.174,1.08001,1.08039,1.00,2.40
2014.12.10 07:38:06.266,1.07997,1.08037,2.02,1.90
2014.12.10 07:38:07.108,1.08,1.08039,1.27,1.90
2014.12.10 07:38:07.488,1.08005,1.08039,1.07,1.90
2014.12.10 07:38:07.791,1.08001,1.08035,1.52,1.37
2014.12.10 07:38:08.397,1.08001,1.08038,1.52,1.47
2014.12.10 07:38:08.707,1.08002,1.08041,4.20,1.37
2014.12.10 07:38:08.808,1.08002,1.08041,4.20,1.45
2014.12.10 07:38:08.911,1.08003,1.08041,1.57,1.52
2014.12.10 07:38:09.165,1.08002,1.08039,1.90,1.57
2014.12.10 07:38:09.367,1.08002,1.08039,1.52,1.57
2014.12.10 07:38:11.362,1.08002,1.08039,2.02,1.65
2014.12.10 07:38:11.564,1.08002,1.08039,2.02,1.65
2014.12.10 07:38:13.716,1.08002,1.08039,1.27,1.65
2014.12.10 07:38:18.364,1.08,1.08034,1.20,1.17
2014.12.10 07:38:18.416,1.08,1.08034,1.20,1.15
2014.12.10 07:38:21.835,1.07997,1.08033,1.52,1.52
2014.12.10 07:38:22.460,1.07998,1.08033,1.55,1.52
2014.12.10 07:38:23.358,1.07998,1.08033,1.55,1.52
2014.12.10 07:38:24.165,1.07998,1.08032,1.07,1.27
2014.12.10 07:38:24.316,1.07991,1.08027,1.27,1.90
2014.12.10 07:38:24.417,1.0799,1.08025,1.52,2.02
2014.12.10 07:38:24.894,1.07988,1.08023,1.15,1.92
2014.12.10 07:38:25.045,1.07988,1.08023,1.10,1.90
2014.12.10 07:38:25.096,1.07988,1.08023,1.10,1.90
2014.12.10 07:38:41.176,1.07983,1.08018,1.27,1.15
2014.12.10 07:38:46.981,1.07984,1.08018,1.00,1.15
2014.12.10 07:38:56.978,1.07985,1.08022,1.00,1.52
2014.12.10 07:38:57.129,1.07987,1.0802,1.45,1.07
2014.12.10 07:38:57.180,1.07991,1.08023,1.15,1.37
2014.12.10 07:38:57.231,1.07991,1.08029,1.27,1.90
2014.12.10 07:38:57.534,1.07994,1.0803,1.52,2.40
2014.12.10 07:38:57.685,1.07994,1.0803,1.52,1.75
2014.12.10 07:38:57.887,1.07999,1.08033,1.15,1.90
2014.12.10 07:38:57.938,1.08002,1.08037,1.00,1.90
2014.12.10 07:38:58.242,1.07998,1.08029,1.15,1.12
2014.12.10 07:38:58.494,1.07996,1.0803,1.27,1.52
2014.12.10 07:38:59.107,1.07996,1.08032,1.27,1.65
2014.12.10 07:38:59.658,1.07996,1.08034,1.57,1.65
2014.12.10 07:39:00.517,1.07994,1.0803,1.27,1.52
2014.12.10 07:39:00.568,1.07994,1.0803,1.07,1.52
2014.12.10 07:39:00.619,1.07994,1.0803,1.00,1.52
2014.12.10 07:39:01.161,1.07992,1.0803,1.17,1.52
2014.12.10 07:39:09.963,1.07992,1.08026,1.17,1.27
2014.12.10 07:39:10.064,1.07989,1.08026,1.10,1.27
2014.12.10 07:39:10.114,1.07989,1.08025,1.10,1.27
2014.12.10 07:39:10.317,1.07988,1.08017,1.57,1.37
2014.12.10 07:39:12.398,1.07988,1.08024,2.02,1.45
2014.12.10 07:39:12.600,1.07988,1.08027,2.40,1.90
2014.12.10 07:39:13.056,1.07988,1.08024,2.02,1.45
2014.12.10 07:39:13.107,1.07988,1.08024,1.50,1.90
2014.12.10 07:39:13.259,1.07983,1.08021,2.02,1.52
2014.12.10 07:39:13.411,1.07983,1.08018,1.52,1.57
2014.12.10 07:39:13.613,1.07983,1.08025,1.52,2.02
2014.12.10 07:39:20.110,1.07983,1.08025,1.15,1.90
2014.12.10 07:39:20.363,1.07982,1.08015,1.20,1.95
2014.12.10 07:39:20.565,1.07981,1.08014,1.15,1.12
2014.12.10 07:39:20.970,1.07978,1.08013,1.65,1.37
2014.12.10 07:39:21.071,1.07981,1.08019,1.52,1.90
2014.12.10 07:39:21.235,1.07981,1.08019,1.07,1.52
2014.12.10 07:39:21.388,1.07978,1.08014,1.65,1.15
2014.12.10 07:39:22.196,1.07978,1.08014,1.65,1.90
2014.12.10 07:39:24.832,1.07977,1.08013,1.52,1.15
2014.12.10 07:39:25.357,1.07977,1.08014,1.15,1.57
2014.12.10 07:39:25.408,1.07977,1.08014,1.52,1.50
2014.12.10 07:39:25.510,1.07985,1.08019,1.10,1.52
2014.12.10 07:39:25.763,1.0798,1.08017,1.17,1.17
2014.12.10 07:39:25.813,1.0798,1.08017,1.17,1.15
2014.12.10 07:39:27.532,1.07975,1.08011,2.02,1.47
2014.12.10 07:39:27.923,1.07975,1.08011,1.65,1.10
2014.12.10 07:39:28.813,1.07975,1.08011,1.65,1.47
2014.12.10 07:39:30.849,1.07975,1.08007,1.15,1.00
2014.12.10 07:39:31.303,1.07975,1.0801,1.17,1.57
2014.12.10 07:39:31.354,1.07975,1.0801,1.17,1.65
2014.12.10 07:39:34.377,1.07971,1.08006,1.52,1.07
2014.12.10 07:39:34.479,1.07971,1.08005,1.52,1.15
2014.12.10 07:39:34.732,1.07969,1.08005,1.20,1.15
2014.12.10 07:39:34.783,1.0797,1.08005,1.00,1.52
2014.12.10 07:39:34.935,1.07965,1.08002,2.02,1.15
2014.12.10 07:39:36.985,1.07967,1.08006,1.15,1.52
2014.12.10 07:39:37.467,1.0797,1.08007,1.17,1.65
2014.12.10 07:39:37.518,1.0797,1.08007,1.52,1.57
2014.12.10 07:39:38.124,1.07971,1.08009,1.15,1.90
2014.12.10 07:39:38.427,1.07969,1.08006,1.52,1.47
2014.12.10 07:39:39.148,1.07968,1.08011,1.52,2.40
2014.12.10 07:39:39.400,1.07977,1.08016,1.27,2.02
2014.12.10 07:39:40.697,1.07977,1.08016,1.52,1.65
2014.12.10 07:39:40.899,1.07977,1.08017,1.65,1.52
2014.12.10 07:39:41.001,1.07977,1.08015,1.52,1.15
2014.12.10 07:39:41.304,1.07972,1.0801,2.02,1.52
2014.12.10 07:39:43.106,1.07973,1.08013,1.52,1.55
2014.12.10 07:39:44.406,1.07972,1.08013,2.40,1.27
2014.12.10 07:39:44.709,1.07968,1.08004,1.15,1.17
2014.12.10 07:39:45.214,1.07968,1.08001,1.15,1.00
2014.12.10 07:39:45.699,1.07968,1.08006,1.00,1.27
2014.12.10 07:39:46.932,1.07968,1.08008,1.15,2.02
2014.12.10 07:39:47.033,1.07968,1.08009,2.02,1.65
2014.12.10 07:39:47.387,1.0798,1.08009,1.00,2.02
2014.12.10 07:39:47.690,1.07971,1.08009,1.52,1.15
2014.12.10 07:39:48.225,1.07968,1.08005,1.15,1.00
2014.12.10 07:39:51.250,1.07964,1.08005,2.02,1.27
2014.12.10 07:39:51.352,1.07964,1.08002,1.15,1.90
2014.12.10 07:39:52.879,1.07963,1.07999,1.07,1.15
2014.12.10 07:39:52.930,1.07963,1.08001,1.47,1.90
2014.12.10 07:39:53.031,1.07963,1.08003,1.47,2.40
2014.12.10 07:39:53.134,1.07964,1.07999,1.00,1.65
2014.12.10 07:39:53.546,1.07964,1.08001,1.52,1.65
2014.12.10 07:39:53.850,1.07964,1.08002,1.15,1.52
2014.12.10 07:39:55.957,1.07963,1.07998,1.07,1.15
2014.12.10 07:40:01.671,1.0796,1.08,1.52,1.65
2014.12.10 07:40:04.517,1.0796,1.08,1.52,1.65
2014.12.10 07:40:06.847,1.07962,1.08002,1.27,1.90
2014.12.10 07:40:07.353,1.07964,1.08002,1.15,1.90
2014.12.10 07:40:10.262,1.07965,1.08002,1.65,1.90
2014.12.10 07:40:10.363,1.07964,1.08003,2.02,1.17
2014.12.10 07:40:11.383,1.07969,1.08004,1.95,1.15
2014.12.10 07:40:11.485,1.07969,1.08003,1.50,1.27
2014.12.10 07:40:12.117,1.0797,1.08003,1.00,1.52
2014.12.10 07:40:13.158,1.0797,1.08003,1.00,1.65
2014.12.10 07:40:13.461,1.07962,1.08,1.07,3.07
2014.12.10 07:40:13.512,1.0796,1.07997,1.20,2.70
2014.12.10 07:40:13.664,1.07958,1.07997,1.87,2.70
2014.12.10 07:40:14.119,1.07959,1.07991,1.00,1.15
2014.12.10 07:40:14.372,1.07953,1.07992,1.07,3.52
2014.12.10 07:40:14.901,1.07953,1.07993,1.45,1.90
2014.12.10 07:40:15.103,1.07953,1.07994,1.52,1.90
2014.12.10 07:40:15.406,1.07958,1.07996,1.27,1.92
2014.12.10 07:40:16.083,1.07958,1.07999,1.52,4.46
2014.12.10 07:40:16.185,1.07963,1.07999,1.55,1.45
2014.12.10 07:40:16.235,1.07965,1.07999,1.52,1.87
2014.12.10 07:40:16.337,1.07965,1.07999,1.52,1.37
2014.12.10 07:40:16.540,1.07959,1.08,3.45,1.92
2014.12.10 07:40:16.641,1.0796,1.07999,1.52,1.07
2014.12.10 07:40:16.692,1.0796,1.08001,1.52,1.27
2014.12.10 07:40:16.794,1.07964,1.08004,1.15,4.84
2014.12.10 07:40:16.845,1.07959,1.08003,4.20,2.02
2014.12.10 07:40:17.098,1.07959,1.07991,3.07,1.00
2014.12.10 07:40:17.199,1.07959,1.07994,3.07,1.00
2014.12.10 07:40:17.250,1.07959,1.07994,1.15,1.10
2014.12.10 07:40:17.300,1.07959,1.07994,1.15,1.47
2014.12.10 07:40:17.617,1.07958,1.07999,3.07,1.47
2014.12.10 07:40:18.051,1.0796,1.08,1.15,1.55
2014.12.10 07:40:18.203,1.07961,1.08003,1.15,1.45
2014.12.10 07:40:18.506,1.07965,1.08006,3.07,1.47
2014.12.10 07:40:19.707,1.07965,1.08006,3.45,1.47
2014.12.10 07:40:20.062,1.07965,1.08006,3.82,1.57
2014.12.10 07:40:20.164,1.07965,1.08006,3.82,1.57
2014.12.10 07:40:21.152,1.07965,1.08007,1.52,2.40
2014.12.10 07:40:21.203,1.07965,1.08007,1.52,2.40
2014.12.10 07:40:21.254,1.07965,1.08007,4.57,1.52
2014.12.10 07:40:21.355,1.07969,1.08007,1.52,1.15
2014.12.10 07:40:21.405,1.07969,1.08007,1.15,1.52
2014.12.10 07:40:21.486,1.07969,1.08007,1.15,1.15
2014.12.10 07:40:21.537,1.07965,1.08006,1.65,1.15
2014.12.10 07:40:21.841,1.07968,1.08006,1.00,2.32
2014.12.10 07:40:21.993,1.07964,1.08007,1.65,1.15
2014.12.10 07:40:22.459,1.07964,1.08006,2.02,2.70
2014.12.10 07:40:22.509,1.07964,1.08006,2.02,2.70
2014.12.10 07:40:23.597,1.07964,1.08007,2.02,1.52
2014.12.10 07:40:24.105,1.07964,1.08007,4.20,1.52
2014.12.10 07:40:24.206,1.07965,1.08007,2.70,1.52
2014.12.10 07:40:24.721,1.07965,1.08007,2.70,1.90
2014.12.10 07:40:24.923,1.07972,1.08008,1.15,1.82
2014.12.10 07:40:25.227,1.07971,1.08009,1.65,1.20
2014.12.10 07:40:25.328,1.07972,1.08013,1.52,1.20
2014.12.10 07:40:25.379,1.07973,1.08014,2.32,2.32
2014.12.10 07:40:25.531,1.07973,1.08014,2.32,1.82
2014.12.10 07:40:26.894,1.07972,1.08009,1.27,1.10
2014.12.10 07:40:27.406,1.07972,1.08014,1.27,2.02
2014.12.10 07:40:31.907,1.07971,1.08013,2.02,1.90
2014.12.10 07:40:31.957,1.07971,1.08013,2.02,1.90
2014.12.10 07:40:33.118,1.07971,1.08012,1.52,2.40
2014.12.10 07:40:33.801,1.07971,1.08012,1.52,2.77
2014.12.10 07:40:38.730,1.07971,1.08012,1.52,1.90
2014.12.10 07:40:39.677,1.07973,1.08014,1.27,2.02
2014.12.10 07:40:39.728,1.07973,1.08014,2.40,2.02
2014.12.10 07:40:40.114,1.07977,1.08015,1.15,1.52
2014.12.10 07:40:41.846,1.07974,1.08014,1.15,1.90
2014.12.10 07:40:41.897,1.07974,1.08014,1.15,1.90
2014.12.10 07:40:42.156,1.07974,1.08014,2.02,1.17
2014.12.10 07:40:42.207,1.07974,1.08014,1.52,1.17
2014.12.10 07:40:42.561,1.07975,1.08014,1.15,1.52
2014.12.10 07:40:42.613,1.07975,1.08014,1.15,1.52
2014.12.10 07:40:43.437,1.07975,1.08014,1.52,1.15
2014.12.10 07:40:44.005,1.07975,1.08014,1.15,1.65
2014.12.10 07:40:44.639,1.07974,1.08014,1.27,2.40
2014.12.10 07:40:44.741,1.07974,1.08014,1.65,2.02
2014.12.10 07:40:44.842,1.07977,1.08014,1.52,1.17
2014.12.10 07:40:44.944,1.07976,1.08015,1.15,1.27
2014.12.10 07:40:46.017,1.07977,1.08015,1.15,1.17
2014.12.10 07:40:46.068,1.07977,1.08015,1.15,1.10
2014.12.10 07:40:46.584,1.07977,1.08014,1.27,1.12
2014.12.10 07:40:52.453,1.07977,1.08014,1.52,1.20
2014.12.10 07:40:52.554,1.07977,1.08014,1.52,1.27
2014.12.10 07:40:56.202,1.07975,1.08014,1.52,1.90
2014.12.10 07:40:56.253,1.07975,1.08014,1.52,1.90
2014.12.10 07:41:02.887,1.07975,1.08014,1.52,1.90
2014.12.10 07:41:02.988,1.07976,1.08016,1.27,2.02
2014.12.10 07:41:05.307,1.07977,1.08012,1.15,1.45
2014.12.10 07:41:05.409,1.07977,1.08012,1.10,1.52
2014.12.10 07:41:05.914,1.07973,1.08007,1.15,1.57
2014.12.10 07:41:06.016,1.07974,1.08008,1.00,1.90
2014.12.10 07:41:06.117,1.07972,1.08012,1.52,1.90
2014.12.10 07:41:06.218,1.07972,1.08013,1.90,1.52
2014.12.10 07:41:06.521,1.07981,1.08016,1.15,1.52
2014.12.10 07:41:12.315,1.07981,1.08014,1.57,1.95
2014.12.10 07:41:12.466,1.07976,1.08006,1.00,1.82
2014.12.10 07:41:12.668,1.07976,1.08002,1.00,1.82
2014.12.10 07:41:12.769,1.07968,1.08002,1.65,1.90
2014.12.10 07:41:12.820,1.07969,1.08005,1.27,1.52
2014.12.10 07:41:13.325,1.07969,1.08005,1.10,3.07
2014.12.10 07:41:13.628,1.07969,1.08002,1.65,1.27
2014.12.10 07:41:13.679,1.07969,1.08003,1.65,1.65
2014.12.10 07:41:13.954,1.07966,1.08003,1.15,2.02
2014.12.10 07:41:14.005,1.07965,1.08002,1.25,1.90
2014.12.10 07:41:14.106,1.07964,1.08001,2.02,1.15
2014.12.10 07:41:14.237,1.07964,1.08001,2.02,1.17
2014.12.10 07:41:16.126,1.07962,1.08,3.90,1.52
2014.12.10 07:41:16.228,1.07962,1.07999,2.40,1.60
2014.12.10 07:41:16.735,1.07962,1.07999,2.32,1.60
2014.12.10 07:41:20.638,1.07962,1.07995,3.00,1.27
2014.12.10 07:41:20.739,1.07962,1.07993,1.00,2.10
2014.12.10 07:41:21.244,1.07962,1.07993,1.07,1.92
2014.12.10 07:41:21.345,1.07962,1.07993,1.07,1.10
2014.12.10 07:41:21.446,1.07961,1.07995,2.02,1.47
2014.12.10 07:41:21.749,1.07962,1.07985,1.20,1.37
2014.12.10 07:41:21.901,1.0796,1.07996,1.22,1.35
2014.12.10 07:41:21.951,1.07965,1.07996,1.07,1.82
2014.12.10 07:41:22.052,1.07968,1.07998,1.00,1.20
2014.12.10 07:41:22.418,1.0797,1.08002,1.00,1.52
2014.12.10 07:41:22.519,1.07969,1.08006,1.25,1.27
2014.12.10 07:41:22.620,1.07968,1.08005,1.22,1.65
2014.12.10 07:41:22.923,1.07968,1.08003,1.90,3.71
2014.12.10 07:41:23.025,1.0797,1.08003,1.17,3.71
2014.12.10 07:41:23.075,1.0797,1.08,1.17,1.37
2014.12.10 07:41:23.126,1.07967,1.08,1.15,1.37
2014.12.10 07:41:23.177,1.07967,1.08003,1.15,1.62
2014.12.10 07:41:23.227,1.0797,1.08003,1.17,1.52
2014.12.10 07:41:23.583,1.07968,1.08007,1.90,1.52
2014.12.10 07:41:23.684,1.07968,1.08007,1.90,1.62
2014.12.10 07:41:24.355,1.07968,1.08007,2.40,1.62
2014.12.10 07:41:24.658,1.07971,1.08009,1.75,1.90
2014.12.10 07:41:25.011,1.07974,1.08008,1.20,1.45
2014.12.10 07:41:25.163,1.07977,1.08015,1.27,2.47
2014.12.10 07:41:25.365,1.07977,1.08015,1.65,1.97
2014.12.10 07:41:26.324,1.07977,1.08016,2.02,2.00
2014.12.10 07:41:26.576,1.07977,1.08016,2.02,2.02
2014.12.10 07:41:29.816,1.07976,1.08015,1.82,3.90
2014.12.10 07:41:29.877,1.07973,1.08011,3.52,2.40
2014.12.10 07:41:30.286,1.07975,1.08012,1.07,2.02
2014.12.10 07:41:30.642,1.07977,1.08015,1.07,3.45
2014.12.10 07:41:31.819,1.07977,1.08015,1.27,1.27
2014.12.10 07:41:31.886,1.07977,1.08015,1.35,1.27
2014.12.10 07:41:32.040,1.07979,1.08016,1.07,1.97
2014.12.10 07:41:33.816,1.07973,1.0801,2.02,1.72
2014.12.10 07:41:34.624,1.07975,1.0801,1.27,1.65
2014.12.10 07:41:36.023,1.07975,1.08009,1.15,1.82
2014.12.10 07:41:36.378,1.07974,1.08012,2.77,1.52
2014.12.10 07:41:36.591,1.07974,1.08012,2.77,1.52
2014.12.10 07:41:37.465,1.07978,1.08012,1.07,1.65
2014.12.10 07:41:40.528,1.07977,1.0801,1.27,1.47
2014.12.10 07:41:46.691,1.07978,1.08008,1.07,1.45
2014.12.10 07:41:46.792,1.07974,1.08008,1.52,1.52
2014.12.10 07:41:46.843,1.07974,1.08009,1.27,1.62
2014.12.10 07:41:47.146,1.07973,1.08012,1.90,2.10
2014.12.10 07:41:47.651,1.07977,1.08013,1.27,2.40
2014.12.10 07:41:47.969,1.07972,1.08008,1.92,1.65
2014.12.10 07:41:48.020,1.07969,1.08004,1.92,1.45
2014.12.10 07:41:48.121,1.07969,1.07998,1.82,1.10
2014.12.10 07:41:48.442,1.07964,1.07994,2.40,1.37
2014.12.10 07:41:48.597,1.07966,1.07995,1.07,1.00
2014.12.10 07:41:48.956,1.07965,1.07994,1.50,1.07
2014.12.10 07:41:49.007,1.07965,1.07993,1.00,1.17
2014.12.10 07:41:49.260,1.07964,1.07993,1.45,1.10
2014.12.10 07:41:49.430,1.07965,1.08001,1.65,1.20
2014.12.10 07:41:49.481,1.07965,1.08001,2.02,1.20
2014.12.10 07:41:49.786,1.07971,1.08007,1.27,1.55
2014.12.10 07:41:49.887,1.07971,1.08001,1.52,1.00
2014.12.10 07:41:50.144,1.07969,1.08005,2.02,1.82
2014.12.10 07:41:50.296,1.07969,1.08005,1.90,1.37
2014.12.10 07:41:50.397,1.07969,1.08005,1.27,1.37
2014.12.10 07:41:50.650,1.07969,1.08007,4.57,1.15
2014.12.10 07:41:50.802,1.07969,1.08007,2.77,1.15
2014.12.10 07:41:51.526,1.07972,1.08009,1.52,1.25
2014.12.10 07:41:54.286,1.0797,1.08009,1.27,1.27
2014.12.10 07:41:55.437,1.07968,1.08009,1.90,1.27
2014.12.10 07:41:55.690,1.07964,1.08003,1.62,1.27
2014.12.10 07:42:01.749,1.07962,1.07997,1.15,1.62
2014.12.10 07:42:01.851,1.07959,1.07995,2.02,4.09
2014.12.10 07:42:02.003,1.07956,1.07988,1.25,1.00
2014.12.10 07:42:02.306,1.07955,1.07991,2.10,1.65
2014.12.10 07:42:02.569,1.07955,1.07991,2.10,1.65
2014.12.10 07:42:03.084,1.07956,1.07985,1.10,1.00
2014.12.10 07:42:04.495,1.07955,1.07987,1.65,1.27
2014.12.10 07:42:04.597,1.07955,1.07987,2.02,1.20
2014.12.10 07:42:04.850,1.0796,1.07995,2.77,1.10
2014.12.10 07:42:05.378,1.0796,1.07995,2.10,1.17
2014.12.10 07:42:06.497,1.0796,1.07995,2.02,1.20
2014.12.10 07:42:07.265,1.07961,1.07995,1.52,1.10
2014.12.10 07:42:08.030,1.07961,1.07995,1.52,1.10
2014.12.10 07:42:08.510,1.07961,1.07994,1.00,1.65
2014.12.10 07:42:08.612,1.0796,1.07996,1.57,1.90
2014.12.10 07:42:08.713,1.07961,1.07998,2.02,1.52
2014.12.10 07:42:08.965,1.07961,1.07995,1.65,1.00
2014.12.10 07:42:09.117,1.07961,1.07998,1.65,1.00
2014.12.10 07:42:09.269,1.07961,1.07996,1.65,1.10
2014.12.10 07:42:09.320,1.07961,1.07996,1.15,1.65
2014.12.10 07:42:09.370,1.0796,1.07986,2.32,1.00
2014.12.10 07:42:09.421,1.0796,1.07986,2.25,1.00
2014.12.10 07:42:09.472,1.0796,1.07991,2.40,1.00
2014.12.10 07:42:09.573,1.0796,1.07994,3.15,1.00
2014.12.10 07:42:09.826,1.0796,1.07996,2.47,1.10
2014.12.10 07:42:10.331,1.0796,1.08004,2.47,1.90
2014.12.10 07:42:10.432,1.0796,1.08004,3.07,1.90
2014.12.10 07:42:10.537,1.0796,1.07998,2.70,1.15
2014.12.10 07:42:10.739,1.0796,1.08002,2.85,1.20
2014.12.10 07:42:10.790,1.0796,1.08002,3.52,1.20
2014.12.10 07:42:10.841,1.0796,1.08004,3.15,1.90
2014.12.10 07:42:11.144,1.07963,1.08003,1.12,4.57
2014.12.10 07:42:11.346,1.07963,1.08004,1.27,1.27
2014.12.10 07:42:11.599,1.07961,1.07998,1.82,2.32
2014.12.10 07:42:11.649,1.0796,1.07998,2.25,3.07
2014.12.10 07:42:11.751,1.0796,1.07998,3.07,2.40
2014.12.10 07:42:11.801,1.0796,1.08002,3.15,2.02
2014.12.10 07:42:12.155,1.07961,1.08001,1.25,1.27
2014.12.10 07:42:12.205,1.07961,1.08003,1.22,1.27
2014.12.10 07:42:12.564,1.07961,1.08003,1.15,6.64
2014.12.10 07:42:12.615,1.07961,1.08001,1.15,6.64
2014.12.10 07:42:13.422,1.07961,1.08,1.95,4.46
2014.12.10 07:42:13.523,1.07963,1.08001,1.52,1.52
2014.12.10 07:42:13.675,1.07961,1.08002,1.65,1.97
2014.12.10 07:42:13.726,1.07961,1.08002,3.82,1.97
2014.12.10 07:42:13.776,1.07961,1.08003,3.82,1.65
2014.12.10 07:42:13.827,1.07961,1.08003,1.65,1.65
2014.12.10 07:42:16.149,1.07965,1.08001,1.20,1.27
2014.12.10 07:42:16.694,1.07965,1.08003,1.20,1.27
2014.12.10 07:42:19.602,1.07965,1.08,1.10,2.77
2014.12.10 07:42:19.703,1.07961,1.07995,1.00,1.52
2014.12.10 07:42:20.208,1.07959,1.07994,1.17,1.27
2014.12.10 07:42:24.955,1.07953,1.07991,1.52,1.55
2014.12.10 07:42:25.056,1.07953,1.07991,1.52,1.52
2014.12.10 07:42:25.575,1.07953,1.07989,1.52,1.52
2014.12.10 07:42:25.731,1.07953,1.07988,1.15,1.27
2014.12.10 07:42:27.046,1.07953,1.07987,1.00,1.52
2014.12.10 07:42:34.383,1.07954,1.07987,1.07,1.45
2014.12.10 07:42:34.537,1.07954,1.07989,1.15,1.27
2014.12.10 07:42:35.063,1.07954,1.07991,1.52,2.02
2014.12.10 07:42:35.316,1.07954,1.0799,1.52,1.90
2014.12.10 07:42:35.418,1.07954,1.07989,1.15,3.34
2014.12.10 07:42:35.469,1.07954,1.0799,1.15,3.64
2014.12.10 07:42:35.570,1.07954,1.07993,1.15,1.27
2014.12.10 07:42:35.722,1.07958,1.07998,1.25,1.90
2014.12.10 07:42:35.773,1.07961,1.07998,1.15,1.90
2014.12.10 07:42:35.925,1.07961,1.08002,4.09,1.90
2014.12.10 07:42:35.975,1.07962,1.08004,1.25,2.40
2014.12.10 07:42:36.178,1.07961,1.07996,1.15,1.00
2014.12.10 07:42:36.381,1.07952,1.07993,1.15,2.40
2014.12.10 07:42:36.533,1.07951,1.07991,1.17,3.07
2014.12.10 07:42:36.937,1.07951,1.07985,1.00,1.15
2014.12.10 07:42:36.988,1.07946,1.07985,1.15,1.65
2014.12.10 07:42:37.494,1.07942,1.07985,2.40,1.27
2014.12.10 07:42:37.948,1.07945,1.07985,1.27,1.20
2014.12.10 07:42:38.049,1.07946,1.07985,1.57,1.17
2014.12.10 07:42:38.353,1.07946,1.07988,3.15,1.85
2014.12.10 07:42:38.504,1.07946,1.0799,2.40,1.90
2014.12.10 07:42:38.555,1.07949,1.0799,1.27,1.90
2014.12.10 07:42:38.707,1.07952,1.0799,1.65,1.07
2014.12.10 07:42:38.808,1.07952,1.0799,1.52,1.50
2014.12.10 07:42:39.112,1.07955,1.0799,1.47,1.07
2014.12.10 07:42:40.281,1.07955,1.07994,1.52,1.12
2014.12.10 07:42:43.213,1.07956,1.07996,1.62,1.27
2014.12.10 07:42:43.570,1.07956,1.07996,1.52,1.27
2014.12.10 07:42:46.826,1.07956,1.07995,1.52,1.12
2014.12.10 07:42:47.331,1.07956,1.07997,1.15,1.90
2014.12.10 07:42:47.840,1.07956,1.07996,1.52,1.27
2014.12.10 07:42:48.347,1.07956,1.07995,1.52,1.12
2014.12.10 07:42:48.706,1.07956,1.07995,1.52,1.37
2014.12.10 07:42:50.130,1.07956,1.07995,1.52,1.12
2014.12.10 07:42:50.736,1.07956,1.07996,1.52,1.27
2014.12.10 07:42:51.066,1.07956,1.07995,1.52,1.12
2014.12.10 07:42:51.836,1.07955,1.07996,1.52,1.95
2014.12.10 07:42:51.887,1.07955,1.07996,1.62,4.76
2014.12.10 07:42:51.937,1.07956,1.07996,1.27,4.69
2014.12.10 07:42:52.392,1.07954,1.07993,1.65,1.50
2014.12.10 07:42:52.443,1.07954,1.07993,1.65,1.50
2014.12.10 07:42:52.595,1.07956,1.07993,1.15,1.20
2014.12.10 07:42:52.861,1.07954,1.07993,1.90,1.57
2014.12.10 07:42:52.963,1.07955,1.07994,1.35,2.32
2014.12.10 07:42:53.013,1.07955,1.07989,1.35,1.00
2014.12.10 07:42:53.165,1.07954,1.07995,1.60,1.27
2014.12.10 07:42:53.266,1.07954,1.07995,1.60,1.92
2014.12.10 07:42:53.621,1.07955,1.07996,3.34,1.20
2014.12.10 07:42:53.671,1.07955,1.07997,3.71,1.50
2014.12.10 07:42:53.722,1.07957,1.07997,2.40,1.50
2014.12.10 07:42:53.773,1.07957,1.07997,2.40,1.07
2014.12.10 07:42:54.278,1.07958,1.08001,3.15,2.25
2014.12.10 07:42:54.787,1.07959,1.08,1.27,1.12
2014.12.10 07:42:54.939,1.07959,1.08,1.27,1.27
2014.12.10 07:42:55.242,1.07958,1.07992,3.52,1.00
2014.12.10 07:42:56.260,1.07958,1.07992,3.15,1.37
2014.12.10 07:42:56.361,1.07958,1.07991,1.50,1.27
2014.12.10 07:42:56.412,1.07954,1.07991,1.00,2.02
2014.12.10 07:42:56.921,1.07954,1.07986,1.50,1.45
2014.12.10 07:42:57.396,1.07954,1.0799,1.50,3.71
2014.12.10 07:42:57.909,1.07954,1.0799,1.50,3.56
2014.12.10 07:42:59.503,1.07954,1.07991,1.87,1.27
2014.12.10 07:43:00.737,1.07954,1.07991,1.37,1.65
2014.12.10 07:43:01.042,1.07954,1.07992,1.45,1.60
2014.12.10 07:43:01.143,1.07954,1.07992,1.52,1.52
2014.12.10 07:43:01.666,1.07954,1.07992,1.60,1.00
2014.12.10 07:43:02.480,1.07954,1.07992,1.15,1.07
2014.12.10 07:43:03.714,1.07954,1.07993,1.22,1.10
2014.12.10 07:43:04.760,1.07954,1.07993,1.15,1.12
2014.12.10 07:43:06.867,1.07954,1.07993,1.47,1.27
2014.12.10 07:43:07.396,1.07954,1.07994,1.57,2.02
2014.12.10 07:43:10.941,1.07954,1.07993,1.47,1.27
2014.12.10 07:43:11.449,1.07954,1.07993,1.95,1.27
2014.12.10 07:43:12.024,1.07954,1.07996,1.95,1.90
2014.12.10 07:43:12.965,1.07954,1.07996,1.95,1.20
2014.12.10 07:43:13.142,1.07954,1.07997,2.02,2.10
2014.12.10 07:43:14.151,1.07959,1.07996,1.20,1.37
2014.12.10 07:43:14.656,1.07959,1.07995,1.00,1.27
2014.12.10 07:43:14.758,1.07959,1.07996,1.00,1.90
2014.12.10 07:43:14.809,1.07959,1.07995,1.00,1.27
2014.12.10 07:43:14.962,1.07955,1.07988,1.65,1.07
2014.12.10 07:43:15.013,1.07955,1.07989,1.17,1.10
2014.12.10 07:43:15.318,1.07955,1.07989,1.00,1.27
2014.12.10 07:43:15.650,1.07955,1.07981,1.50,1.00
2014.12.10 07:43:20.393,1.07955,1.07984,1.50,1.00
2014.12.10 07:43:21.095,1.07955,1.0799,1.00,1.27
2014.12.10 07:43:21.297,1.07955,1.07992,1.10,1.27
2014.12.10 07:43:21.846,1.07954,1.07994,2.10,1.27
2014.12.10 07:43:26.735,1.07961,1.07994,3.19,1.52
2014.12.10 07:43:27.246,1.07961,1.07993,3.19,1.65
2014.12.10 07:43:27.297,1.07958,1.07992,3.19,1.07
2014.12.10 07:43:27.549,1.07958,1.07992,3.19,1.85
2014.12.10 07:43:29.845,1.07958,1.07992,3.19,1.20
2014.12.10 07:43:30.144,1.07954,1.07992,2.10,1.20
2014.12.10 07:43:30.799,1.07954,1.07992,3.22,1.20
2014.12.10 07:43:32.900,1.07954,1.07992,3.22,1.20
2014.12.10 07:43:33.304,1.07954,1.07992,2.47,1.20
2014.12.10 07:43:38.905,1.07957,1.07993,1.00,1.55
2014.12.10 07:43:40.633,1.07955,1.07993,1.27,1.55
2014.12.10 07:43:44.441,1.07954,1.07991,1.57,1.72
2014.12.10 07:43:44.592,1.0795,1.07986,2.47,1.20
2014.12.10 07:43:44.956,1.0795,1.07989,3.22,1.65
2014.12.10 07:43:45.259,1.07951,1.07991,1.67,2.77
2014.12.10 07:43:45.563,1.07951,1.07991,1.67,2.77
2014.12.10 07:43:45.867,1.07953,1.07991,1.87,2.40
2014.12.10 07:43:47.591,1.07953,1.07991,1.87,2.02
2014.12.10 07:43:48.105,1.07953,1.07991,1.87,2.02
2014.12.10 07:43:50.584,1.07953,1.07991,1.87,2.40
2014.12.10 07:43:50.735,1.07953,1.07991,1.87,2.77
2014.12.10 07:43:52.096,1.07953,1.07991,1.87,2.40
2014.12.10 07:43:52.199,1.07953,1.07991,1.95,2.02
2014.12.10 07:43:52.714,1.07953,1.07989,1.52,1.07
2014.12.10 07:43:53.354,1.07953,1.07989,1.52,1.07
2014.12.10 07:43:54.258,1.07953,1.07991,2.85,1.12
2014.12.10 07:43:55.434,1.07953,1.07991,2.85,1.50
2014.12.10 07:43:57.373,1.07953,1.07989,3.00,1.07
2014.12.10 07:43:57.983,1.07953,1.07989,2.70,1.17
2014.12.10 07:43:59.347,1.07953,1.07989,1.95,1.17
2014.12.10 07:43:59.853,1.07956,1.07992,1.10,1.22
2014.12.10 07:44:03.204,1.07953,1.0799,2.62,1.15
2014.12.10 07:44:04.571,1.07953,1.07987,1.12,1.00
2014.12.10 07:44:05.166,1.07953,1.07987,1.12,1.87
2014.12.10 07:44:05.475,1.07953,1.07987,1.12,2.25
2014.12.10 07:44:05.700,1.07953,1.07986,1.12,1.12
2014.12.10 07:44:05.953,1.07953,1.07986,1.20,1.10
2014.12.10 07:44:06.055,1.07953,1.07986,1.12,1.12
2014.12.10 07:44:06.565,1.07954,1.07986,1.00,1.50
2014.12.10 07:44:06.882,1.07953,1.07985,1.12,1.37
2014.12.10 07:44:10.436,1.07953,1.07985,1.12,1.12
2014.12.10 07:44:12.613,1.07952,1.07985,1.00,1.12
2014.12.10 07:44:12.764,1.07953,1.07987,1.00,2.02
2014.12.10 07:44:12.865,1.0795,1.07984,1.00,1.10
2014.12.10 07:44:13.408,1.0795,1.07982,1.00,1.50
2014.12.10 07:44:13.922,1.0795,1.07983,1.00,1.00
2014.12.10 07:44:14.244,1.07952,1.07986,1.00,1.65
2014.12.10 07:44:14.550,1.07952,1.07986,1.00,2.02
2014.12.10 07:44:26.443,1.07955,1.07987,1.00,1.12
2014.12.10 07:44:27.100,1.07953,1.07988,1.12,2.62
2014.12.10 07:44:31.023,1.07953,1.07988,1.12,2.62
2014.12.10 07:44:31.074,1.07956,1.07988,1.00,3.52
2014.12.10 07:44:31.190,1.07949,1.07984,1.00,1.10
2014.12.10 07:44:31.241,1.07949,1.07984,1.07,1.75
2014.12.10 07:44:31.343,1.07951,1.07986,1.27,1.75
2014.12.10 07:44:31.444,1.07951,1.07985,1.52,1.12
2014.12.10 07:44:31.545,1.07952,1.07986,1.65,1.50
2014.12.10 07:44:31.799,1.07948,1.07986,1.90,1.00
2014.12.10 07:44:31.900,1.07948,1.07986,1.90,1.00
2014.12.10 07:44:33.224,1.0795,1.07986,1.52,1.10
2014.12.10 07:44:34.800,1.07954,1.07986,1.00,1.10
2014.12.10 07:44:34.952,1.07954,1.07988,1.10,1.10
2014.12.10 07:44:35.464,1.07954,1.07988,1.57,1.10
2014.12.10 07:44:39.137,1.07954,1.07987,1.50,1.00
2014.12.10 07:44:40.010,1.07954,1.07987,1.12,1.00
2014.12.10 07:44:40.264,1.07954,1.07987,1.87,1.00
2014.12.10 07:44:41.137,1.07954,1.07987,1.47,1.00
2014.12.10 07:44:42.797,1.07954,1.07989,1.47,1.17
2014.12.10 07:44:46.897,1.07958,1.07989,1.00,1.17
2014.12.10 07:44:47.206,1.07957,1.07989,1.00,1.50
2014.12.10 07:44:47.568,1.0796,1.07989,1.00,1.95
2014.12.10 07:44:47.618,1.0796,1.07989,1.00,1.20
2014.12.10 07:44:47.669,1.07951,1.07985,1.27,1.00
2014.12.10 07:44:47.973,1.07951,1.07985,1.52,1.12
2014.12.10 07:44:48.024,1.07956,1.07988,1.12,2.25
2014.12.10 07:44:48.075,1.07956,1.07988,1.12,2.25
2014.12.10 07:44:48.176,1.07956,1.07988,1.12,1.57
2014.12.10 07:44:48.479,1.07954,1.07987,1.52,1.10
2014.12.10 07:44:48.994,1.07954,1.0799,1.60,1.12
2014.12.10 07:44:59.637,1.07958,1.07992,1.10,1.75
2014.12.10 07:45:00.769,1.07956,1.07991,1.17,1.75
2014.12.10 07:45:01.567,1.07959,1.07993,1.00,1.75
2014.12.10 07:45:01.618,1.07959,1.07993,1.00,1.12
2014.12.10 07:45:01.719,1.07954,1.0799,1.27,1.00
2014.12.10 07:45:01.770,1.07957,1.07987,1.10,1.00
2014.12.10 07:45:02.275,1.07957,1.0799,1.07,1.12
2014.12.10 07:45:02.972,1.07957,1.07987,1.07,1.00
2014.12.10 07:45:03.124,1.07956,1.07986,1.65,1.00
2014.12.10 07:45:03.174,1.07956,1.07983,1.50,1.00
2014.12.10 07:45:03.837,1.07957,1.07987,1.00,1.10
2014.12.10 07:45:03.938,1.07957,1.07987,1.50,1.50
2014.12.10 07:45:04.090,1.07953,1.07984,1.00,1.10
2014.12.10 07:45:04.292,1.07953,1.07984,1.00,1.50
2014.12.10 07:45:04.817,1.0795,1.07984,1.47,1.50
2014.12.10 07:45:06.705,1.0795,1.07984,1.57,1.07
2014.12.10 07:45:07.474,1.0795,1.07984,1.47,1.50
2014.12.10 07:45:07.886,1.0795,1.07984,1.57,1.07
2014.12.10 07:45:12.339,1.0795,1.07984,1.20,1.07
2014.12.10 07:45:12.440,1.07951,1.07987,1.37,1.75
2014.12.10 07:45:12.744,1.07953,1.07986,1.27,1.10
2014.12.10 07:45:12.946,1.07956,1.07991,1.57,1.75
2014.12.10 07:45:13.249,1.07963,1.07994,1.15,1.75
2014.12.10 07:45:13.300,1.07963,1.07994,1.15,1.00
2014.12.10 07:45:13.452,1.07963,1.07996,1.15,1.10
2014.12.10 07:45:13.654,1.07962,1.07998,2.10,1.50
2014.12.10 07:45:13.855,1.07962,1.0799,1.10,1.00
2014.12.10 07:45:14.209,1.07962,1.07987,1.00,1.00
2014.12.10 07:45:14.361,1.07955,1.07985,1.17,1.00
2014.12.10 07:45:14.462,1.07955,1.07985,1.10,1.07
2014.12.10 07:45:15.714,1.07958,1.07989,1.00,1.12
2014.12.10 07:45:15.817,1.07958,1.07991,1.00,2.02
2014.12.10 07:45:15.968,1.0796,1.07993,1.07,1.75
2014.12.10 07:45:16.069,1.07962,1.07996,1.00,1.75
2014.12.10 07:45:16.170,1.07966,1.07998,1.00,1.20
2014.12.10 07:45:16.373,1.07966,1.08003,1.00,1.27
2014.12.10 07:45:16.629,1.07968,1.08003,1.00,1.27
2014.12.10 07:45:16.932,1.07968,1.08,1.00,1.37
2014.12.10 07:45:17.478,1.07968,1.08,1.10,1.12
2014.12.10 07:45:17.786,1.07968,1.08001,1.10,1.87
2014.12.10 07:45:18.144,1.07971,1.08001,1.00,1.12
2014.12.10 07:45:18.246,1.07969,1.08001,1.00,1.12
2014.12.10 07:45:28.374,1.07971,1.08004,1.00,1.85
2014.12.10 07:45:28.475,1.07971,1.08004,1.00,1.20
2014.12.10 07:45:28.576,1.07971,1.08004,1.00,1.85
2014.12.10 07:45:28.677,1.07971,1.08006,1.00,2.02
2014.12.10 07:45:34.650,1.07973,1.08006,1.00,1.27
2014.12.10 07:45:35.883,1.07975,1.08008,1.00,1.95
2014.12.10 07:45:35.934,1.07975,1.08008,1.10,1.75
2014.12.10 07:45:36.085,1.07973,1.08007,1.25,1.00
2014.12.10 07:45:36.186,1.07975,1.08008,1.20,1.50
2014.12.10 07:45:36.489,1.07979,1.08012,1.10,1.10
2014.12.10 07:45:37.752,1.07976,1.0801,1.20,1.00
2014.12.10 07:45:37.803,1.07976,1.0801,1.10,1.20
2014.12.10 07:45:37.854,1.07976,1.08008,1.10,1.00
2014.12.10 07:45:38.157,1.07974,1.08006,1.00,1.00
2014.12.10 07:45:40.912,1.07974,1.08006,1.00,1.37
2014.12.10 07:45:41.440,1.07973,1.08007,1.00,1.87
2014.12.10 07:45:41.985,1.07972,1.08005,2.32,1.50
2014.12.10 07:45:42.288,1.07975,1.08009,1.00,1.47
2014.12.10 07:45:42.591,1.07973,1.08006,1.00,1.07
2014.12.10 07:45:42.793,1.07975,1.08008,1.00,1.50
2014.12.10 07:45:42.995,1.07976,1.08007,1.00,1.00
2014.12.10 07:45:43.045,1.07976,1.08007,1.00,1.37
2014.12.10 07:45:43.146,1.07972,1.08003,1.50,1.00
2014.12.10 07:45:43.551,1.0797,1.08003,1.00,1.15
2014.12.10 07:45:43.703,1.07968,1.08002,1.10,1.20
2014.12.10 07:45:43.804,1.07968,1.07999,1.00,1.10
2014.12.10 07:45:44.319,1.07968,1.08,1.57,1.00
2014.12.10 07:45:44.877,1.07968,1.08,1.57,1.47
2014.12.10 07:45:45.180,1.0797,1.08002,1.00,1.12
2014.12.10 07:45:45.483,1.07976,1.08009,1.37,2.02
2014.12.10 07:45:45.887,1.07977,1.08007,1.00,1.27
2014.12.10 07:45:46.420,1.07976,1.08007,1.00,1.27
2014.12.10 07:45:46.622,1.07976,1.08007,1.00,1.55
2014.12.10 07:45:47.076,1.07973,1.08006,1.00,4.39
2014.12.10 07:45:47.429,1.07971,1.08006,1.00,4.76
2014.12.10 07:45:49.727,1.07972,1.08006,1.00,4.01
2014.12.10 07:45:51.362,1.07973,1.08007,1.37,1.55
2014.12.10 07:45:56.411,1.07976,1.08007,1.00,1.55
2014.12.10 07:45:57.432,1.07977,1.08008,1.00,1.20
2014.12.10 07:45:57.886,1.07976,1.0801,1.37,1.12
2014.12.10 07:45:58.209,1.07976,1.08009,1.37,1.75
2014.12.10 07:45:58.310,1.07979,1.0801,1.00,1.65
2014.12.10 07:45:58.411,1.07979,1.08007,1.00,1.12
2014.12.10 07:45:58.512,1.07977,1.08012,1.00,1.90
2014.12.10 07:45:58.613,1.07977,1.08012,1.17,1.00
2014.12.10 07:45:58.765,1.07978,1.08013,1.27,1.10
2014.12.10 07:45:59.104,1.07989,1.08019,1.00,1.12
2014.12.10 07:45:59.409,1.07987,1.08018,1.00,1.37
2014.12.10 07:46:00.943,1.07986,1.08019,1.00,1.85
2014.12.10 07:46:01.045,1.07988,1.08021,1.00,1.65
2014.12.10 07:46:01.095,1.07988,1.08019,1.00,1.20
2014.12.10 07:46:01.146,1.07984,1.08019,1.00,3.15
2014.12.10 07:46:01.399,1.07983,1.08019,1.00,1.90
2014.12.10 07:46:01.510,1.07985,1.08019,1.00,1.90
2014.12.10 07:46:01.712,1.07981,1.08016,1.00,1.15
2014.12.10 07:46:01.915,1.0798,1.08015,1.00,2.32
2014.12.10 07:46:02.269,1.07984,1.08019,1.00,1.90
2014.12.10 07:46:02.521,1.07985,1.0802,1.00,1.27
2014.12.10 07:46:02.622,1.07985,1.0802,1.00,1.65
2014.12.10 07:46:03.361,1.07983,1.0802,1.00,1.65
2014.12.10 07:46:04.665,1.07985,1.08019,1.00,1.20
2014.12.10 07:46:05.451,1.07984,1.08019,1.00,1.20
2014.12.10 07:46:06.649,1.07985,1.08019,1.00,1.20
2014.12.10 07:46:12.372,1.07989,1.08021,1.00,1.37
2014.12.10 07:46:12.676,1.07988,1.08018,1.00,1.27
2014.12.10 07:46:12.827,1.07983,1.08018,1.50,1.27
2014.12.10 07:46:13.180,1.07982,1.08016,1.00,1.95
2014.12.10 07:46:13.282,1.07979,1.08016,1.00,2.02
2014.12.10 07:46:13.383,1.07976,1.08013,1.12,1.27
2014.12.10 07:46:13.484,1.07978,1.08013,1.00,1.27
2014.12.10 07:46:14.012,1.07978,1.08011,1.00,1.12
2014.12.10 07:46:18.548,1.07974,1.08011,1.27,1.12
2014.12.10 07:46:18.851,1.07974,1.08014,1.20,1.27
2014.12.10 07:46:19.786,1.07974,1.08016,1.52,3.52
2014.12.10 07:46:19.988,1.07978,1.08017,1.17,2.02
2014.12.10 07:46:20.089,1.07977,1.08014,2.02,1.12
2014.12.10 07:46:20.191,1.07977,1.08013,2.02,1.12
2014.12.10 07:46:20.696,1.07978,1.08012,1.17,1.37
2014.12.10 07:46:20.899,1.07977,1.08012,1.50,1.47
2014.12.10 07:46:21.879,1.07978,1.08012,1.00,1.47
2014.12.10 07:46:23.092,1.07978,1.08012,1.00,1.20
2014.12.10 07:46:24.194,1.07978,1.08013,1.17,1.37
2014.12.10 07:46:24.497,1.07978,1.08017,1.27,1.90
2014.12.10 07:46:25.135,1.07978,1.08017,1.55,1.52
2014.12.10 07:46:25.439,1.07983,1.08017,1.00,4.46
2014.12.10 07:46:25.943,1.07982,1.08017,1.00,1.27
2014.12.10 07:46:30.335,1.07979,1.08017,1.10,1.27
2014.12.10 07:46:30.537,1.07982,1.08019,1.00,2.40
2014.12.10 07:46:31.045,1.07982,1.08019,1.00,2.02
2014.12.10 07:46:31.350,1.07982,1.08021,1.15,2.40
2014.12.10 07:46:34.819,1.07982,1.08019,1.15,1.45
2014.12.10 07:46:36.024,1.07982,1.08019,1.07,1.52
2014.12.10 07:46:36.125,1.0798,1.08018,1.07,1.62
2014.12.10 07:46:36.226,1.0798,1.08018,1.07,1.62
2014.12.10 07:46:36.579,1.0798,1.08014,1.00,1.52
2014.12.10 07:46:37.103,1.07981,1.08017,1.00,1.90
2014.12.10 07:46:37.407,1.07977,1.0801,1.00,1.27
2014.12.10 07:46:37.458,1.07975,1.08011,1.50,1.60
2014.12.10 07:46:37.660,1.07975,1.08009,1.50,1.45
2014.12.10 07:46:38.147,1.07971,1.08006,1.00,1.52
2014.12.10 07:46:39.117,1.07972,1.08006,1.00,1.52
2014.12.10 07:46:41.542,1.07972,1.08009,1.00,1.95
2014.12.10 07:46:46.838,1.07971,1.08009,1.00,1.95
2014.12.10 07:46:48.443,1.0797,1.08006,1.10,1.20
2014.12.10 07:46:48.797,1.0797,1.08006,1.10,1.12
2014.12.10 07:46:49.100,1.07975,1.08009,1.00,1.20
2014.12.10 07:46:49.151,1.07975,1.08009,1.00,1.20
2014.12.10 07:46:50.456,1.07972,1.08008,1.00,1.87
2014.12.10 07:46:50.965,1.07971,1.08007,1.12,1.65
2014.12.10 07:46:51.319,1.07975,1.08008,1.00,1.00
2014.12.10 07:46:51.622,1.07965,1.08008,2.02,1.65
2014.12.10 07:46:51.673,1.07967,1.08005,1.15,1.12
2014.12.10 07:46:51.875,1.07965,1.08006,1.65,1.17
2014.12.10 07:46:51.976,1.07968,1.08008,1.17,1.60
2014.12.10 07:46:52.858,1.07968,1.08008,1.15,1.52
2014.12.10 07:46:52.959,1.0797,1.08008,1.27,1.12
2014.12.10 07:46:54.313,1.07972,1.08014,1.57,3.15
2014.12.10 07:46:54.826,1.07972,1.08014,1.27,1.55
2014.12.10 07:46:58.914,1.0797,1.08011,1.90,3.64
2014.12.10 07:46:59.117,1.07969,1.08009,2.10,3.34
2014.12.10 07:47:04.894,1.07969,1.08011,2.40,1.27
2014.12.10 07:47:09.839,1.0797,1.0801,1.25,1.27
2014.12.10 07:47:09.940,1.0797,1.08005,1.00,1.25
2014.12.10 07:47:10.042,1.07971,1.08006,1.00,2.02
2014.12.10 07:47:10.345,1.07974,1.08006,1.00,1.27
2014.12.10 07:47:11.122,1.07975,1.0801,1.00,2.40
2014.12.10 07:47:11.223,1.07978,1.0801,1.00,1.57
2014.12.10 07:47:11.743,1.07978,1.08011,1.00,1.15
2014.12.10 07:47:12.252,1.07978,1.08012,1.00,1.62
2014.12.10 07:47:13.219,1.07978,1.08012,1.00,1.47
2014.12.10 07:47:13.522,1.07978,1.08013,1.00,2.32
2014.12.10 07:47:13.623,1.0797,1.08012,1.65,1.60
2014.12.10 07:47:13.724,1.0797,1.08012,1.12,1.97
2014.12.10 07:47:14.028,1.07971,1.08006,1.00,1.27
2014.12.10 07:47:18.690,1.0797,1.08005,1.87,1.07
2014.12.10 07:47:19.613,1.0797,1.08005,1.00,1.20
2014.12.10 07:47:20.230,1.07968,1.08004,1.12,1.90
2014.12.10 07:47:26.147,1.07968,1.08004,1.00,1.95
2014.12.10 07:47:26.681,1.07969,1.08004,1.00,1.12
2014.12.10 07:47:27.172,1.07969,1.08003,1.00,4.31
2014.12.10 07:47:27.274,1.07966,1.08,1.00,1.27
2014.12.10 07:47:27.527,1.07969,1.08,1.00,1.37
2014.12.10 07:47:27.729,1.07969,1.08004,1.12,2.77
2014.12.10 07:47:27.830,1.07971,1.08004,1.00,1.37
2014.12.10 07:47:27.931,1.07968,1.08004,1.55,1.37
2014.12.10 07:47:28.494,1.07968,1.08005,1.00,1.90
2014.12.10 07:47:29.366,1.07969,1.08005,1.00,2.02
2014.12.10 07:47:29.619,1.07968,1.08004,1.00,2.02
2014.12.10 07:47:29.922,1.07965,1.08002,1.00,2.02
2014.12.10 07:47:30.023,1.07966,1.07999,1.00,1.57
2014.12.10 07:47:30.328,1.07969,1.08002,1.00,1.27
2014.12.10 07:47:30.379,1.07969,1.08004,1.00,1.27
2014.12.10 07:47:30.480,1.07967,1.08004,1.00,1.27
2014.12.10 07:47:30.748,1.07967,1.08003,1.00,1.27
2014.12.10 07:47:31.514,1.07967,1.08003,1.07,1.27
2014.12.10 07:47:31.615,1.0797,1.08003,1.00,1.27
2014.12.10 07:47:32.120,1.07967,1.08002,1.15,1.65
2014.12.10 07:47:32.428,1.07967,1.08003,1.07,1.52
2014.12.10 07:47:32.529,1.07967,1.08002,1.00,1.65
2014.12.10 07:47:34.781,1.07968,1.08,1.00,1.65
2014.12.10 07:47:35.757,1.07969,1.07999,1.00,1.27
2014.12.10 07:47:36.533,1.07966,1.07999,1.37,2.02
2014.12.10 07:47:40.976,1.07966,1.07999,1.37,2.02
2014.12.10 07:47:41.493,1.07965,1.07999,1.37,2.77
2014.12.10 07:47:42.690,1.07965,1.07999,1.37,2.77
2014.12.10 07:47:43.556,1.07958,1.07999,1.35,2.02
2014.12.10 07:47:43.862,1.07957,1.07995,1.95,1.27
2014.12.10 07:47:44.165,1.07961,1.07994,1.00,2.02
2014.12.10 07:47:44.469,1.07958,1.07992,1.00,1.15
2014.12.10 07:47:44.822,1.07958,1.07989,1.00,1.15
2014.12.10 07:47:45.327,1.07956,1.07992,1.00,1.90
2014.12.10 07:47:46.235,1.07957,1.07992,1.00,1.27
2014.12.10 07:47:46.336,1.07958,1.07992,1.00,1.27
2014.12.10 07:47:48.582,1.07958,1.07993,1.20,1.27
2014.12.10 07:47:50.849,1.07958,1.07993,1.12,1.35
2014.12.10 07:47:53.620,1.07958,1.07993,1.00,1.62
2014.12.10 07:47:53.721,1.07954,1.07989,1.00,1.90
2014.12.10 07:47:53.822,1.07954,1.0799,1.50,1.35
2014.12.10 07:47:53.973,1.07957,1.07992,1.45,1.90
2014.12.10 07:47:54.226,1.07962,1.07994,1.00,2.02
2014.12.10 07:47:54.483,1.07962,1.07994,1.57,1.15
2014.12.10 07:47:55.134,1.07957,1.07996,1.65,1.27
2014.12.10 07:47:55.337,1.07967,1.07998,1.00,1.27
2014.12.10 07:47:55.387,1.07967,1.07998,1.00,1.52
2014.12.10 07:47:55.438,1.07964,1.08,1.10,2.02
2014.12.10 07:47:55.741,1.07964,1.07999,1.10,1.27
2014.12.10 07:47:56.280,1.07965,1.08,1.00,3.82
2014.12.10 07:47:56.785,1.07964,1.07998,1.00,1.27
2014.12.10 07:47:59.279,1.07965,1.07996,1.00,1.27
2014.12.10 07:48:00.270,1.07963,1.07996,1.00,1.27
2014.12.10 07:48:00.473,1.07963,1.07996,1.00,3.45
2014.12.10 07:48:00.826,1.07957,1.07996,1.57,3.45
2014.12.10 07:48:00.996,1.07956,1.07992,1.07,1.27
2014.12.10 07:48:01.147,1.07949,1.07989,3.52,1.52
2014.12.10 07:48:01.299,1.07954,1.0799,1.00,2.02
2014.12.10 07:48:01.952,1.07954,1.07987,1.00,1.52
2014.12.10 07:48:08.228,1.07956,1.07987,1.00,2.02
2014.12.10 07:48:08.539,1.07958,1.07987,1.00,2.02
2014.12.10 07:48:10.281,1.07956,1.07987,1.00,2.02
2014.12.10 07:48:10.332,1.07956,1.07987,1.00,2.02
2014.12.10 07:48:12.169,1.07953,1.07985,1.10,1.27
2014.12.10 07:48:12.330,1.07953,1.07985,1.00,1.27
2014.12.10 07:48:12.380,1.07951,1.07987,1.00,2.02
2014.12.10 07:48:12.482,1.07955,1.07987,1.00,1.90
2014.12.10 07:48:12.634,1.07956,1.07987,1.00,1.27
2014.12.10 07:48:12.836,1.07952,1.07987,1.27,2.10
2014.12.10 07:48:12.960,1.07952,1.07985,1.17,1.27
2014.12.10 07:48:13.314,1.07952,1.07987,1.27,2.77
2014.12.10 07:48:13.416,1.07952,1.07986,1.10,1.27
2014.12.10 07:48:13.517,1.0795,1.07984,1.00,1.27
2014.12.10 07:48:16.440,1.07953,1.07987,1.00,2.02
2014.12.10 07:48:27.452,1.07953,1.07987,1.00,2.02
2014.12.10 07:48:27.604,1.07954,1.07987,1.00,1.35
2014.12.10 07:48:28.108,1.07955,1.07987,1.00,1.22
2014.12.10 07:48:28.916,1.07955,1.07987,1.12,1.27
2014.12.10 07:48:29.169,1.07955,1.07987,1.15,1.27
2014.12.10 07:48:29.823,1.07954,1.07988,1.25,1.52
2014.12.10 07:48:30.187,1.07954,1.07987,1.07,1.15
2014.12.10 07:48:30.238,1.07953,1.07988,1.10,2.77
2014.12.10 07:48:45.001,1.07951,1.07986,1.17,1.60
2014.12.10 07:48:45.097,1.07946,1.07981,1.62,1.22
2014.12.10 07:48:45.503,1.07952,1.07985,1.00,1.90
2014.12.10 07:48:45.554,1.07952,1.07986,1.10,1.90
2014.12.10 07:48:45.605,1.07952,1.07986,1.17,1.82
2014.12.10 07:48:45.757,1.07951,1.07985,1.60,1.07
2014.12.10 07:48:46.009,1.07952,1.07989,1.27,1.25
2014.12.10 07:48:46.060,1.07958,1.07989,1.00,1.25
2014.12.10 07:48:48.302,1.07958,1.07989,1.00,1.90
2014.12.10 07:48:48.353,1.07952,1.07987,1.27,1.62
2014.12.10 07:48:48.404,1.07952,1.07983,1.07,1.20
2014.12.10 07:48:48.454,1.0795,1.07983,1.00,1.27
2014.12.10 07:48:48.505,1.0795,1.07981,1.00,1.52
2014.12.10 07:48:48.814,1.07943,1.07981,1.65,1.52
2014.12.10 07:48:48.915,1.07942,1.0798,2.02,1.15
2014.12.10 07:48:48.966,1.07942,1.0798,2.02,1.15
2014.12.10 07:48:49.067,1.07942,1.07979,1.60,1.20
2014.12.10 07:48:51.146,1.07942,1.07981,2.02,1.27
2014.12.10 07:48:51.686,1.0795,1.07982,1.00,1.27
2014.12.10 07:48:52.042,1.07949,1.07981,1.10,1.27
2014.12.10 07:48:52.344,1.07942,1.07981,1.62,1.27
2014.12.10 07:48:52.496,1.07943,1.07981,1.27,1.27
2014.12.10 07:48:53.662,1.07943,1.07982,3.45,1.12
2014.12.10 07:48:53.713,1.07945,1.07983,1.27,1.20
2014.12.10 07:48:55.917,1.07946,1.07985,2.02,1.65
2014.12.10 07:48:56.421,1.0795,1.07984,1.15,2.02
2014.12.10 07:48:56.675,1.07951,1.07986,1.65,1.22
2014.12.10 07:48:56.776,1.07952,1.07987,1.60,1.20
2014.12.10 07:48:56.828,1.0795,1.07984,2.02,1.00
2014.12.10 07:48:57.359,1.07952,1.07988,1.60,1.15
2014.12.10 07:49:00.752,1.07954,1.07989,1.27,1.27
2014.12.10 07:49:01.322,1.07957,1.07989,1.00,1.27
2014.12.10 07:49:03.791,1.07957,1.0799,1.00,1.27
2014.12.10 07:49:04.000,1.07955,1.0799,1.20,2.02
2014.12.10 07:49:09.767,1.07955,1.07988,1.20,1.27
2014.12.10 07:49:10.432,1.07955,1.07989,1.20,1.27
2014.12.10 07:49:13.082,1.07955,1.07988,1.20,1.27
2014.12.10 07:49:13.183,1.07955,1.0799,1.20,2.02
2014.12.10 07:49:13.393,1.07955,1.07988,1.20,1.27
2014.12.10 07:49:22.680,1.07952,1.07988,1.52,1.90
2014.12.10 07:49:22.983,1.07955,1.0799,1.55,1.65
2014.12.10 07:49:23.286,1.0795,1.07985,1.10,2.77
2014.12.10 07:49:23.337,1.07947,1.07982,1.17,1.62
2014.12.10 07:49:23.850,1.07945,1.07979,1.72,1.22
2014.12.10 07:49:24.153,1.07945,1.07977,1.15,1.57
2014.12.10 07:49:24.356,1.0794,1.07975,2.02,1.60
2014.12.10 07:49:27.676,1.0794,1.07975,2.02,1.27
2014.12.10 07:49:32.710,1.07946,1.0798,1.00,1.65
2014.12.10 07:49:32.761,1.07946,1.0798,1.20,1.62
2014.12.10 07:49:33.169,1.07944,1.07979,1.22,1.62
2014.12.10 07:49:33.443,1.07944,1.07979,1.15,1.62
2014.12.10 07:49:33.947,1.07943,1.07977,1.50,1.15
2014.12.10 07:49:37.617,1.07943,1.07977,1.20,1.22
2014.12.10 07:49:43.910,1.07943,1.07977,1.20,1.07
2014.12.10 07:49:47.619,1.07943,1.07977,1.12,1.50
2014.12.10 07:49:53.786,1.07943,1.07977,1.45,1.00
2014.12.10 07:49:53.887,1.07947,1.07981,1.00,1.20
2014.12.10 07:49:53.988,1.07948,1.07983,1.12,1.87
2014.12.10 07:49:54.089,1.07948,1.07983,1.20,1.20
2014.12.10 07:49:54.191,1.07948,1.07983,1.12,1.12
2014.12.10 07:49:55.176,1.07948,1.07983,1.20,1.12
2014.12.10 07:49:55.486,1.07951,1.07984,1.00,1.45
2014.12.10 07:49:55.939,1.07951,1.07983,1.00,1.12
2014.12.10 07:50:05.791,1.07949,1.07983,1.00,1.27
2014.12.10 07:50:06.302,1.07949,1.07984,1.20,1.22
2014.12.10 07:50:07.110,1.07952,1.07986,1.00,1.52
2014.12.10 07:50:13.388,1.07954,1.07987,1.00,1.52
2014.12.10 07:50:16.902,1.07955,1.07988,1.00,1.60
2014.12.10 07:50:17.440,1.07955,1.07988,1.00,1.60
2014.12.10 07:50:19.396,1.07955,1.07987,1.00,1.52
2014.12.10 07:50:24.484,1.07953,1.07987,1.00,1.52
2014.12.10 07:50:26.532,1.07953,1.07988,1.00,2.10
2014.12.10 07:50:34.457,1.07953,1.07988,1.37,1.72
2014.12.10 07:50:34.659,1.07953,1.0799,1.57,1.50
2014.12.10 07:50:35.252,1.07953,1.0799,1.65,1.07
2014.12.10 07:50:38.877,1.07953,1.0799,1.35,1.45
2014.12.10 07:50:39.037,1.07952,1.07986,1.65,1.00
2014.12.10 07:50:39.550,1.07952,1.07986,1.60,1.10
2014.12.10 07:50:39.858,1.07951,1.07986,1.12,1.95
2014.12.10 07:50:40.161,1.07954,1.07986,1.00,1.07
2014.12.10 07:50:40.685,1.07953,1.07985,1.27,1.07
2014.12.10 07:50:41.354,1.07954,1.07986,1.00,1.12
2014.12.10 07:50:41.404,1.07954,1.07986,1.00,1.10
2014.12.10 07:50:42.958,1.07955,1.07989,1.00,1.50
2014.12.10 07:50:43.067,1.07957,1.07989,1.00,1.50
2014.12.10 07:50:46.437,1.07957,1.07989,1.00,1.75
2014.12.10 07:50:48.767,1.07957,1.07989,1.00,1.07
2014.12.10 07:50:53.806,1.07957,1.07989,1.00,1.50
2014.12.10 07:51:00.199,1.07957,1.07991,1.00,1.65
2014.12.10 07:51:00.300,1.07957,1.07989,1.00,1.12
2014.12.10 07:51:00.553,1.07955,1.07987,1.00,1.62
2014.12.10 07:51:00.604,1.07951,1.07985,1.12,1.12
2014.12.10 07:51:01.261,1.07951,1.07985,1.60,1.10
2014.12.10 07:51:01.666,1.07952,1.07984,1.30,1.37
2014.12.10 07:51:01.919,1.0795,1.07982,1.12,1.07
2014.12.10 07:51:01.970,1.0795,1.07982,2.02,1.00
2014.12.10 07:51:02.122,1.07952,1.07984,1.00,1.10
2014.12.10 07:51:02.223,1.0795,1.07984,1.00,1.20
2014.12.10 07:51:02.325,1.0795,1.07984,1.00,1.50
2014.12.10 07:51:02.628,1.07955,1.07987,1.00,1.65
2014.12.10 07:51:02.780,1.07952,1.07984,1.10,1.00
2014.12.10 07:51:02.831,1.07952,1.07984,1.12,1.00
2014.12.10 07:51:03.134,1.07952,1.07984,1.75,1.00
2014.12.10 07:51:03.386,1.07953,1.07985,1.07,1.00
2014.12.10 07:51:06.747,1.07954,1.07988,1.10,1.20
2014.12.10 07:51:06.797,1.07954,1.07988,1.00,1.87
2014.12.10 07:51:07.101,1.07959,1.07991,1.00,1.50
2014.12.10 07:51:07.303,1.07955,1.0799,1.10,1.57
2014.12.10 07:51:07.606,1.07957,1.0799,1.00,1.57
2014.12.10 07:51:07.657,1.07957,1.07988,1.00,1.20
2014.12.10 07:51:07.708,1.07959,1.07988,1.00,1.12
2014.12.10 07:51:07.961,1.07955,1.07987,1.12,1.00
2014.12.10 07:51:08.012,1.07955,1.07987,1.00,1.07
2014.12.10 07:51:08.063,1.07957,1.07991,1.00,1.82
2014.12.10 07:51:08.366,1.07962,1.07993,1.00,2.70
2014.12.10 07:51:08.518,1.07958,1.07993,1.00,2.77
2014.12.10 07:51:08.569,1.07958,1.07993,1.00,2.25
2014.12.10 07:51:08.670,1.07958,1.07993,1.12,2.02
2014.12.10 07:51:08.720,1.07962,1.07993,1.00,1.27
2014.12.10 07:51:08.822,1.07959,1.07992,1.00,1.50
2014.12.10 07:51:08.923,1.07956,1.07989,2.40,1.10
2014.12.10 07:51:09.024,1.07956,1.07989,2.40,1.50
2014.12.10 07:51:09.277,1.07957,1.0799,1.10,1.07
2014.12.10 07:51:09.479,1.07963,1.07995,1.00,1.65
2014.12.10 07:51:09.587,1.07963,1.07995,1.00,1.25
2014.12.10 07:51:12.334,1.07969,1.07997,1.00,1.95
2014.12.10 07:51:12.435,1.07969,1.08002,1.00,1.57
2014.12.10 07:51:12.536,1.07969,1.08002,1.00,2.25
2014.12.10 07:51:12.804,1.07965,1.07998,1.47,1.10
2014.12.10 07:51:12.955,1.07967,1.08001,1.12,1.22
2014.12.10 07:51:13.006,1.07971,1.08002,1.00,1.27
2014.12.10 07:51:13.107,1.07967,1.08001,1.37,1.22
2014.12.10 07:51:13.208,1.07964,1.07999,1.95,1.00
2014.12.10 07:51:13.309,1.07964,1.07999,1.87,1.12
2014.12.10 07:51:13.612,1.07968,1.08,1.12,1.27
2014.12.10 07:51:13.866,1.0797,1.08003,1.07,1.20
2014.12.10 07:51:14.474,1.07969,1.08004,1.12,2.10
2014.12.10 07:51:14.778,1.07959,1.0799,1.00,1.20
2014.12.10 07:51:14.879,1.07959,1.0799,1.00,1.35
2014.12.10 07:51:14.930,1.07957,1.0799,1.10,1.35
2014.12.10 07:51:15.287,1.07957,1.0799,1.10,1.07
2014.12.10 07:51:15.338,1.07959,1.07992,1.00,1.45
2014.12.10 07:51:15.648,1.07962,1.07992,1.00,1.45
2014.12.10 07:51:15.699,1.07962,1.07995,1.00,1.27
2014.12.10 07:51:16.110,1.07964,1.07995,1.00,1.52
2014.12.10 07:51:16.428,1.07961,1.07993,1.00,1.27
2014.12.10 07:51:16.479,1.07961,1.07993,1.00,1.27
2014.12.10 07:51:16.531,1.07958,1.07991,1.00,1.65
2014.12.10 07:51:16.633,1.07958,1.07989,1.00,1.27
2014.12.10 07:51:16.734,1.07952,1.07987,1.12,2.02
2014.12.10 07:51:16.886,1.07954,1.07987,1.00,2.02
2014.12.10 07:51:17.203,1.07954,1.07987,1.00,2.02
2014.12.10 07:51:17.254,1.07954,1.07987,1.00,2.02
2014.12.10 07:51:17.608,1.07954,1.07987,1.00,2.02
2014.12.10 07:51:18.114,1.07955,1.07987,1.00,1.27
2014.12.10 07:51:18.659,1.07955,1.07987,1.00,1.27
2014.12.10 07:51:19.366,1.07953,1.07986,1.00,1.90
2014.12.10 07:51:19.669,1.07952,1.07983,1.00,1.12
2014.12.10 07:51:19.720,1.0795,1.07983,1.50,1.12
2014.12.10 07:51:19.893,1.0795,1.07983,1.00,1.87
2014.12.10 07:51:20.200,1.0795,1.07983,1.00,1.87
2014.12.10 07:51:20.464,1.0795,1.07983,1.50,1.75
2014.12.10 07:51:20.566,1.0795,1.07985,2.25,1.27
2014.12.10 07:51:20.667,1.07952,1.07983,1.00,1.12
2014.12.10 07:51:20.718,1.0795,1.07983,2.25,1.12
2014.12.10 07:51:20.769,1.0795,1.07983,2.25,1.12
2014.12.10 07:51:22.218,1.0795,1.07983,1.50,1.20
2014.12.10 07:51:23.359,1.07951,1.07982,1.00,1.12
2014.12.10 07:51:23.865,1.0795,1.07978,1.00,1.07
2014.12.10 07:51:24.118,1.07942,1.07976,1.12,1.15
2014.12.10 07:51:24.169,1.07942,1.07976,1.00,1.90
2014.12.10 07:51:24.422,1.07939,1.07972,1.00,1.07
2014.12.10 07:51:25.179,1.07939,1.07972,1.00,1.75
2014.12.10 07:51:25.560,1.07941,1.07972,1.00,1.12
2014.12.10 07:51:25.611,1.07941,1.07976,1.00,1.90
2014.12.10 07:51:25.712,1.0794,1.07972,1.00,1.50
2014.12.10 07:51:26.016,1.07943,1.07977,1.00,1.75
2014.12.10 07:51:26.067,1.07943,1.07977,1.00,1.75
2014.12.10 07:51:26.118,1.07947,1.07977,1.00,1.75
2014.12.10 07:51:26.168,1.07947,1.07981,1.00,1.90
2014.12.10 07:51:26.219,1.07943,1.0798,1.50,1.92
2014.12.10 07:51:26.270,1.07943,1.0798,1.50,1.92
2014.12.10 07:51:26.581,1.07946,1.0798,1.00,1.85
2014.12.10 07:51:27.108,1.07943,1.0798,2.02,1.87
2014.12.10 07:51:27.654,1.07943,1.0798,1.87,1.95
2014.12.10 07:51:28.163,1.07943,1.07978,1.50,1.75
2014.12.10 07:51:28.692,1.07944,1.07978,1.00,1.12
2014.12.10 07:51:29.812,1.07944,1.0798,1.17,1.87
2014.12.10 07:51:30.320,1.07945,1.07981,1.07,1.12
2014.12.10 07:51:30.528,1.07944,1.07979,1.00,1.20
2014.12.10 07:51:30.578,1.07944,1.07979,1.00,1.20
2014.12.10 07:51:31.336,1.07944,1.07979,1.00,1.20
2014.12.10 07:51:32.564,1.07944,1.07978,1.00,1.20
2014.12.10 07:51:32.614,1.07946,1.07978,1.00,1.20
2014.12.10 07:51:32.716,1.07944,1.07978,1.00,1.20
2014.12.10 07:51:32.767,1.07944,1.07978,1.00,1.20
2014.12.10 07:51:35.646,1.07944,1.07974,1.00,1.20
2014.12.10 07:51:35.959,1.07939,1.07968,1.50,1.12
2014.12.10 07:51:36.316,1.07939,1.0797,1.50,1.27
2014.12.10 07:51:36.417,1.07939,1.0797,1.50,1.12
2014.12.10 07:51:36.526,1.07939,1.07974,1.00,1.95
2014.12.10 07:51:36.729,1.07939,1.07973,1.50,1.12
2014.12.10 07:51:37.134,1.0794,1.07974,1.15,1.12
2014.12.10 07:51:37.184,1.0794,1.07974,1.15,1.12
2014.12.10 07:51:37.689,1.07943,1.07976,1.50,1.87
2014.12.10 07:51:38.486,1.07943,1.07976,1.50,1.87
2014.12.10 07:51:42.330,1.07943,1.07977,1.00,1.87
2014.12.10 07:51:42.885,1.07943,1.07977,1.50,1.12
2014.12.10 07:51:43.340,1.07943,1.07976,1.00,1.90
2014.12.10 07:51:43.391,1.07939,1.07973,1.00,1.75
2014.12.10 07:51:43.543,1.07938,1.07973,1.50,1.90
2014.12.10 07:51:44.047,1.07939,1.07969,1.50,1.12
2014.12.10 07:51:44.540,1.07939,1.07967,1.50,1.12
2014.12.10 07:51:44.742,1.07938,1.07973,1.50,1.75
2014.12.10 07:51:44.995,1.07939,1.07969,1.00,1.87
2014.12.10 07:51:45.097,1.07939,1.07972,1.50,1.27
2014.12.10 07:51:45.198,1.07939,1.07971,1.50,1.27
2014.12.10 07:51:45.401,1.07939,1.07971,1.00,4.09
2014.12.10 07:51:45.553,1.07939,1.07972,1.00,4.09
2014.12.10 07:51:45.755,1.07939,1.0797,1.00,1.95
2014.12.10 07:51:45.856,1.07938,1.0797,1.50,1.95
2014.12.10 07:51:45.957,1.07938,1.07973,1.50,4.84
2014.12.10 07:51:46.504,1.07939,1.07973,1.00,4.84
2014.12.10 07:51:47.266,1.07939,1.07968,1.00,1.12
2014.12.10 07:51:49.975,1.07939,1.07972,1.00,1.27
2014.12.10 07:51:51.306,1.07939,1.07971,1.50,1.27
2014.12.10 07:51:59.467,1.07936,1.07969,1.50,1.37
2014.12.10 07:52:00.986,1.07936,1.07969,1.50,1.12
2014.12.10 07:52:05.936,1.07936,1.07969,1.50,1.47
2014.12.10 07:52:09.755,1.07938,1.0797,1.00,1.12
2014.12.10 07:52:09.856,1.07938,1.07973,1.00,1.12
2014.12.10 07:52:10.008,1.07938,1.07974,1.00,1.20
2014.12.10 07:52:10.210,1.07938,1.07974,1.15,1.12
2014.12.10 07:52:18.126,1.0794,1.07975,1.57,4.54
2014.12.10 07:52:18.429,1.0794,1.07976,2.02,1.75
2014.12.10 07:52:18.581,1.07948,1.07982,1.00,1.65
2014.12.10 07:52:18.682,1.0795,1.07985,1.00,1.75
2014.12.10 07:52:18.988,1.07952,1.07986,1.00,1.85
2014.12.10 07:52:19.240,1.07949,1.07986,1.10,1.57
2014.12.10 07:52:19.800,1.07952,1.07984,1.00,1.12
2014.12.10 07:52:20.424,1.0795,1.07984,1.00,1.12
2014.12.10 07:52:20.750,1.07948,1.07982,1.17,1.12
2014.12.10 07:52:20.902,1.07948,1.07984,1.17,1.87
2014.12.10 07:52:21.205,1.07948,1.07981,1.00,1.12
2014.12.10 07:52:31.223,1.07947,1.07979,1.00,1.47
2014.12.10 07:52:32.765,1.07949,1.07979,1.00,1.55
2014.12.10 07:52:33.081,1.07951,1.07982,1.00,1.27
2014.12.10 07:52:33.333,1.07948,1.07982,1.00,1.27
2014.12.10 07:52:33.838,1.07948,1.07981,1.00,1.12
2014.12.10 07:52:38.358,1.07947,1.07981,1.00,1.12
2014.12.10 07:52:38.711,1.07947,1.07982,1.00,1.27
2014.12.10 07:52:38.813,1.07948,1.07979,1.00,1.37
2014.12.10 07:52:43.894,1.07946,1.07979,1.00,1.20
2014.12.10 07:52:44.097,1.07946,1.0798,1.00,1.52
2014.12.10 07:52:44.602,1.07946,1.0798,1.00,2.02
2014.12.10 07:52:44.703,1.07946,1.07976,1.00,1.37
2014.12.10 07:52:45.238,1.07946,1.07974,1.50,1.00
2014.12.10 07:52:45.340,1.07946,1.07974,1.50,1.37
2014.12.10 07:52:45.543,1.07946,1.07977,1.50,1.57
2014.12.10 07:52:53.357,1.07946,1.07977,1.50,1.20
2014.12.10 07:52:53.560,1.07946,1.0798,1.87,1.15
2014.12.10 07:52:53.611,1.07946,1.0798,1.95,1.07
2014.12.10 07:52:53.762,1.07948,1.07982,1.00,1.20
2014.12.10 07:52:54.080,1.07952,1.07986,1.00,2.40
2014.12.10 07:52:54.383,1.07952,1.07985,1.00,1.27
2014.12.10 07:52:55.065,1.07948,1.07984,1.12,1.92
2014.12.10 07:52:55.371,1.07948,1.07984,1.37,1.92
2014.12.10 07:52:55.531,1.07948,1.07984,1.37,1.27
2014.12.10 07:52:55.582,1.07948,1.07984,1.37,1.27
2014.12.10 07:52:55.835,1.07951,1.07986,1.00,1.27
2014.12.10 07:52:56.188,1.07952,1.07987,1.12,1.47
2014.12.10 07:52:59.575,1.07955,1.07987,1.00,1.47
2014.12.10 07:53:05.656,1.07953,1.07987,1.00,1.87
2014.12.10 07:53:06.428,1.07955,1.07987,1.00,1.12
2014.12.10 07:53:06.529,1.07955,1.07987,1.00,1.37
2014.12.10 07:53:07.091,1.07952,1.07986,1.00,1.12
2014.12.10 07:53:07.294,1.07958,1.07988,1.00,1.20
2014.12.10 07:53:07.547,1.07963,1.07999,1.00,2.02
2014.12.10 07:53:07.648,1.07962,1.07998,1.10,5.21
2014.12.10 07:53:07.952,1.07961,1.07987,1.50,1.12
2014.12.10 07:53:08.356,1.07964,1.07992,1.50,1.50
2014.12.10 07:53:08.862,1.07964,1.07992,1.50,1.12
2014.12.10 07:53:15.790,1.07963,1.07994,1.00,1.27
2014.12.10 07:53:15.841,1.07963,1.07994,1.00,1.27
2014.12.10 07:53:16.043,1.07963,1.07991,1.00,1.75
2014.12.10 07:53:16.246,1.07963,1.07992,1.00,1.27
2014.12.10 07:53:16.600,1.07963,1.07995,1.00,2.77
2014.12.10 07:53:17.055,1.07964,1.07993,1.00,1.50
2014.12.10 07:53:17.559,1.07963,1.07994,1.00,1.95
2014.12.10 07:53:20.913,1.07963,1.07998,1.57,1.12
2014.12.10 07:53:20.964,1.07966,1.07998,1.00,1.12
2014.12.10 07:53:21.115,1.07966,1.08,1.00,1.87
2014.12.10 07:53:21.166,1.07969,1.08,1.50,1.87
2014.12.10 07:53:21.217,1.07969,1.08,1.50,1.20
2014.12.10 07:53:21.267,1.07971,1.08,1.00,1.20
2014.12.10 07:53:23.490,1.07971,1.07998,1.00,1.00
2014.12.10 07:53:23.591,1.07971,1.08001,1.00,1.07
2014.12.10 07:53:23.995,1.07971,1.08001,1.00,1.82
2014.12.10 07:53:24.349,1.07971,1.07991,1.00,1.00
2014.12.10 07:53:24.551,1.07971,1.07993,1.00,1.20
2014.12.10 07:53:27.079,1.07971,1.07992,1.00,1.00
2014.12.10 07:53:41.200,1.07971,1.07993,1.00,1.00
2014.12.10 07:53:48.854,1.07971,1.07997,1.00,1.12
2014.12.10 07:53:49.057,1.07972,1.07997,1.00,1.00
2014.12.10 07:53:49.569,1.07972,1.08002,1.00,1.22
2014.12.10 07:54:02.369,1.07967,1.08001,1.45,1.25
2014.12.10 07:54:08.308,1.07966,1.07998,1.00,1.52
2014.12.10 07:54:08.611,1.07966,1.07996,1.00,2.02
2014.12.10 07:54:08.865,1.07966,1.07996,1.00,1.22
2014.12.10 07:54:12.326,1.07966,1.07998,1.17,1.12
2014.12.10 07:54:14.194,1.07967,1.07998,1.10,1.00
2014.12.10 07:54:14.296,1.07966,1.07998,2.85,1.37
2014.12.10 07:54:14.397,1.07966,1.08001,1.65,1.65
2014.12.10 07:54:14.448,1.07967,1.08001,1.17,1.15
2014.12.10 07:54:14.807,1.0798,1.08007,1.00,1.10
2014.12.10 07:54:15.063,1.07981,1.08016,1.65,2.40
2014.12.10 07:54:15.317,1.07983,1.08017,1.17,2.02
2014.12.10 07:54:16.938,1.07985,1.0802,1.00,2.40
2014.12.10 07:54:18.752,1.07985,1.0802,1.27,1.65
2014.12.10 07:54:19.116,1.07981,1.08015,1.65,1.00
2014.12.10 07:54:19.218,1.07982,1.08017,1.27,1.00
2014.12.10 07:54:19.428,1.07981,1.08017,2.10,1.12
2014.12.10 07:54:21.407,1.07983,1.08019,1.52,1.65
2014.12.10 07:54:26.356,1.07983,1.08018,1.15,4.84
2014.12.10 07:54:26.558,1.07981,1.08009,1.50,1.27
2014.12.10 07:54:26.660,1.07981,1.08009,1.00,1.90
2014.12.10 07:54:26.912,1.0798,1.0801,1.10,1.35
2014.12.10 07:54:26.963,1.0798,1.0801,1.00,1.60
2014.12.10 07:54:27.267,1.07981,1.08008,1.00,1.27
2014.12.10 07:54:27.722,1.07972,1.08003,1.00,1.27
2014.12.10 07:54:28.807,1.07973,1.08003,1.00,1.90
2014.12.10 07:54:29.720,1.07972,1.08003,1.00,1.92
2014.12.10 07:54:29.771,1.07972,1.08003,1.00,1.25
2014.12.10 07:54:30.846,1.07972,1.08004,1.00,1.65
2014.12.10 07:54:31.359,1.07972,1.08002,1.00,1.10
2014.12.10 07:54:32.703,1.07972,1.08002,1.00,1.20
2014.12.10 07:54:33.803,1.07972,1.08001,1.00,1.50
2014.12.10 07:54:34.326,1.07973,1.08001,1.00,1.87
2014.12.10 07:54:42.311,1.07973,1.08003,1.00,1.65
2014.12.10 07:54:42.362,1.07973,1.08004,1.00,6.37
2014.12.10 07:54:42.766,1.07973,1.08003,1.00,2.02
2014.12.10 07:54:46.622,1.07973,1.07998,1.00,1.00
2014.12.10 07:54:46.925,1.07965,1.07999,1.22,1.27
2014.12.10 07:54:47.027,1.07964,1.07996,1.20,1.20
2014.12.10 07:54:47.077,1.07962,1.07995,1.25,1.30
2014.12.10 07:54:47.582,1.07961,1.07998,1.65,1.60
2014.12.10 07:54:48.089,1.07961,1.07998,1.27,1.62
2014.12.10 07:54:48.595,1.07961,1.07998,1.65,1.60
2014.12.10 07:54:49.100,1.07962,1.07998,1.25,2.02
2014.12.10 07:54:49.352,1.07956,1.07988,1.27,1.00
2014.12.10 07:54:49.706,1.07959,1.0799,1.72,1.00
2014.12.10 07:54:49.807,1.0796,1.07985,1.20,1.00
2014.12.10 07:54:49.908,1.0796,1.07988,1.20,1.00
2014.12.10 07:54:54.996,1.0796,1.07986,1.10,1.00
2014.12.10 07:54:59.156,1.07959,1.07987,1.72,1.00
2014.12.10 07:54:59.257,1.07959,1.0799,2.10,1.00
2014.12.10 07:54:59.459,1.07959,1.0799,2.40,1.00
2014.12.10 07:54:59.510,1.07963,1.07996,1.25,1.15
2014.12.10 07:54:59.762,1.07964,1.07999,1.22,1.17
2014.12.10 07:55:00.066,1.07971,1.08005,1.30,1.22
2014.12.10 07:55:00.167,1.07972,1.08006,1.07,1.25
2014.12.10 07:55:00.470,1.07972,1.08007,1.50,1.65
2014.12.10 07:55:00.673,1.07972,1.08007,1.07,1.72
2014.12.10 07:55:00.925,1.07972,1.08002,1.50,1.00
2014.12.10 07:55:01.027,1.07972,1.08003,1.20,1.00
2014.12.10 07:55:01.229,1.0797,1.07997,1.22,1.00
2014.12.10 07:55:01.481,1.07967,1.07997,1.60,1.00
2014.12.10 07:55:01.587,1.07968,1.07997,1.27,1.00
2014.12.10 07:55:01.638,1.07968,1.08003,1.27,1.15
2014.12.10 07:55:02.164,1.07972,1.08003,1.00,1.15
2014.12.10 07:55:03.251,1.07969,1.08,1.00,1.65
2014.12.10 07:55:03.818,1.07969,1.08,1.00,1.65
2014.12.10 07:55:05.397,1.07969,1.08,1.50,5.21
2014.12.10 07:55:05.549,1.07964,1.07994,1.50,1.65
2014.12.10 07:55:05.753,1.07964,1.07992,1.50,1.87
2014.12.10 07:55:06.230,1.07959,1.07992,1.12,1.90
2014.12.10 07:55:07.298,1.07959,1.07994,1.20,1.35
2014.12.10 07:55:07.752,1.07962,1.07997,1.00,1.90
2014.12.10 07:55:07.904,1.07962,1.07997,1.57,1.27
2014.12.10 07:55:09.178,1.07962,1.07997,1.20,2.02
2014.12.10 07:55:10.575,1.07962,1.07997,1.57,1.65
2014.12.10 07:55:11.173,1.07964,1.07998,1.00,1.60
2014.12.10 07:55:17.123,1.07965,1.07998,1.00,1.25
2014.12.10 07:55:17.224,1.07965,1.08,1.17,1.65
2014.12.10 07:55:22.288,1.07965,1.07998,2.32,1.62
2014.12.10 07:55:22.591,1.07961,1.07993,1.00,1.27
2014.12.10 07:55:22.642,1.07959,1.07992,1.00,1.65
2014.12.10 07:55:23.047,1.07961,1.07995,1.00,1.65
2014.12.10 07:55:23.350,1.07964,1.07995,1.00,1.25
2014.12.10 07:55:23.603,1.07959,1.07992,1.00,1.52
2014.12.10 07:55:28.694,1.07957,1.07992,1.17,2.02
2014.12.10 07:55:31.146,1.07958,1.07991,1.17,1.25
2014.12.10 07:55:31.663,1.07956,1.07987,1.65,1.00
2014.12.10 07:55:31.866,1.0796,1.07994,1.17,2.02
2014.12.10 07:55:32.377,1.07961,1.07995,1.10,2.10
2014.12.10 07:55:36.214,1.07959,1.07993,1.20,1.22
2014.12.10 07:55:36.265,1.07957,1.07991,1.20,1.15
2014.12.10 07:55:37.472,1.07959,1.07992,1.00,1.27
2014.12.10 07:55:38.299,1.07959,1.07991,1.00,1.27
2014.12.10 07:55:39.667,1.0796,1.07994,1.00,1.90
2014.12.10 07:55:39.768,1.0796,1.07994,1.07,1.90
2014.12.10 07:55:39.870,1.07959,1.07994,1.15,1.52
2014.12.10 07:55:40.073,1.0796,1.07996,1.20,2.77
2014.12.10 07:55:40.579,1.0796,1.07992,1.00,1.27
2014.12.10 07:55:40.732,1.0796,1.07996,1.17,1.90
2014.12.10 07:55:40.783,1.07963,1.07997,1.07,2.32
2014.12.10 07:55:40.834,1.07963,1.07997,1.15,1.75
2014.12.10 07:55:41.036,1.07964,1.07999,1.27,1.90
2014.12.10 07:55:41.087,1.07963,1.07995,1.15,1.00
2014.12.10 07:55:41.340,1.07963,1.07993,1.22,1.00
2014.12.10 07:55:41.442,1.07963,1.07997,1.65,1.20
2014.12.10 07:55:41.493,1.07963,1.07997,1.72,1.10
2014.12.10 07:55:41.949,1.07963,1.07998,1.90,1.17
2014.12.10 07:55:42.051,1.07963,1.07995,1.22,1.00
2014.12.10 07:55:42.412,1.07961,1.07988,1.17,1.07
2014.12.10 07:55:42.463,1.07961,1.07988,1.10,1.17
2014.12.10 07:55:42.514,1.07955,1.07988,1.65,1.25
2014.12.10 07:55:42.616,1.07954,1.07988,1.15,1.65
2014.12.10 07:55:42.920,1.07954,1.07987,1.00,1.90
2014.12.10 07:55:43.578,1.07954,1.07987,1.00,1.90
2014.12.10 07:55:48.060,1.07954,1.07989,1.57,2.40
2014.12.10 07:55:48.110,1.07954,1.07989,1.65,2.40
2014.12.10 07:55:48.313,1.07956,1.07993,1.10,1.90
2014.12.10 07:55:48.465,1.07958,1.07993,1.07,1.92
2014.12.10 07:55:49.386,1.07959,1.07993,1.15,1.92
2014.12.10 07:55:50.775,1.07963,1.07993,1.00,1.15
2014.12.10 07:55:50.977,1.07959,1.07993,1.15,1.15
2014.12.10 07:56:01.068,1.07959,1.07994,1.07,1.90
2014.12.10 07:56:01.119,1.07959,1.07994,1.00,1.90
2014.12.10 07:56:01.657,1.07959,1.0799,1.50,1.27
2014.12.10 07:56:04.490,1.07959,1.07993,1.50,1.65
2014.12.10 07:56:05.439,1.07959,1.07992,1.07,1.20
2014.12.10 07:56:05.793,1.07959,1.07992,1.00,1.27
2014.12.10 07:56:06.299,1.07959,1.07991,1.00,1.65
2014.12.10 07:56:08.619,1.07959,1.07992,1.15,1.75
2014.12.10 07:56:08.670,1.07959,1.07992,1.15,1.00
2014.12.10 07:56:10.378,1.07959,1.07995,1.57,2.40
2014.12.10 07:56:10.710,1.07959,1.07995,1.50,2.40
2014.12.10 07:56:15.196,1.07959,1.07992,2.25,1.27
2014.12.10 07:56:15.701,1.07959,1.07988,1.00,1.27
2014.12.10 07:56:20.186,1.07955,1.0799,1.00,2.40
2014.12.10 07:56:28.643,1.07955,1.07987,1.00,1.90
2014.12.10 07:56:29.189,1.07955,1.07988,1.00,1.27
2014.12.10 07:56:30.153,1.07955,1.07988,1.07,1.17
2014.12.10 07:56:30.204,1.07955,1.07988,1.15,1.10
2014.12.10 07:56:35.535,1.07959,1.07992,1.57,1.15
2014.12.10 07:56:37.947,1.07959,1.07991,1.57,1.10
2014.12.10 07:56:38.668,1.07959,1.07995,2.25,1.15
2014.12.10 07:56:41.185,1.0796,1.07995,1.00,1.15
2014.12.10 07:56:41.387,1.07962,1.07996,1.10,1.15
2014.12.10 07:56:50.831,1.07964,1.07999,1.00,1.27
2014.12.10 07:56:51.391,1.07964,1.07999,1.17,1.17
2014.12.10 07:56:56.229,1.07964,1.07999,1.00,1.15
2014.12.10 07:56:56.583,1.07966,1.08,1.00,1.15
2014.12.10 07:57:08.606,1.07966,1.08,1.20,1.15
2014.12.10 07:57:09.886,1.07966,1.08,1.57,1.15
2014.12.10 07:57:10.421,1.07966,1.08003,1.20,1.25
2014.12.10 07:57:14.405,1.07968,1.08003,1.00,1.15
2014.12.10 07:57:14.716,1.07972,1.08005,1.20,1.65
2014.12.10 07:57:14.921,1.07975,1.08005,1.00,1.15
2014.12.10 07:57:16.034,1.07972,1.08005,1.20,1.65
2014.12.10 07:57:16.186,1.07971,1.08004,1.07,1.17
2014.12.10 07:57:16.489,1.07971,1.08005,1.00,1.15
2014.12.10 07:57:16.741,1.07971,1.08005,1.15,1.20
2014.12.10 07:57:17.244,1.07971,1.08004,1.15,1.00
2014.12.10 07:57:17.759,1.07971,1.08007,1.15,1.15
2014.12.10 07:57:20.674,1.07973,1.08007,1.00,1.15
2014.12.10 07:57:20.978,1.07977,1.08011,1.00,1.15
2014.12.10 07:57:21.079,1.07977,1.08012,1.10,2.02
2014.12.10 07:57:23.279,1.07977,1.08012,1.07,1.15
2014.12.10 07:57:23.330,1.07977,1.08012,1.15,1.17
2014.12.10 07:57:23.835,1.07982,1.08016,1.00,3.52
2014.12.10 07:57:24.378,1.07978,1.08013,1.15,1.65
2014.12.10 07:57:26.064,1.07978,1.08013,1.07,2.02
2014.12.10 07:57:26.115,1.07978,1.08013,1.00,2.02
2014.12.10 07:57:28.206,1.07978,1.0801,1.00,3.07
2014.12.10 07:57:28.257,1.07974,1.08008,1.00,1.65
2014.12.10 07:57:28.510,1.07973,1.08006,1.00,2.40
2014.12.10 07:57:28.561,1.0797,1.08002,1.00,1.15
2014.12.10 07:57:40.094,1.07967,1.08002,1.00,1.15
2014.12.10 07:57:40.325,1.0797,1.08004,1.00,2.10
2014.12.10 07:57:43.061,1.0797,1.08004,1.10,1.22
2014.12.10 07:57:46.084,1.07971,1.08003,1.00,1.15
2014.12.10 07:57:48.565,1.0797,1.08002,1.10,1.15
2014.12.10 07:57:58.096,1.0797,1.08004,1.12,1.15
2014.12.10 07:57:59.275,1.07973,1.08007,1.00,1.27
2014.12.10 07:57:59.477,1.0797,1.08002,1.00,1.00
2014.12.10 07:57:59.681,1.07968,1.08,1.00,1.00
2014.12.10 07:57:59.984,1.07972,1.08004,1.00,1.07
2014.12.10 07:58:00.237,1.07978,1.0801,1.00,1.50
2014.12.10 07:58:00.745,1.07979,1.08011,1.00,1.10
2014.12.10 07:58:02.791,1.07977,1.08011,1.00,1.10
2014.12.10 07:58:04.320,1.07979,1.08011,1.00,1.10
2014.12.10 07:58:04.836,1.0798,1.08013,1.37,1.17
2014.12.10 07:58:05.139,1.07984,1.08017,1.00,1.15
2014.12.10 07:58:06.415,1.07987,1.08017,1.00,1.15
2014.12.10 07:58:08.622,1.07986,1.08018,1.00,1.65
2014.12.10 07:58:10.257,1.07981,1.08016,1.00,1.15
2014.12.10 07:58:10.358,1.07981,1.08016,1.00,1.17
2014.12.10 07:58:10.509,1.07984,1.08016,1.00,1.17
2014.12.10 07:58:10.712,1.07982,1.08015,1.00,1.10
2014.12.10 07:58:10.813,1.0798,1.08014,1.00,1.00
2014.12.10 07:58:10.914,1.0798,1.08014,1.00,1.07
2014.12.10 07:58:11.622,1.07981,1.08016,1.00,1.15
2014.12.10 07:58:12.114,1.07983,1.08017,1.00,1.15
2014.12.10 07:58:17.404,1.07985,1.08016,1.00,1.15
2014.12.10 07:58:19.552,1.07985,1.08016,1.00,1.10
2014.12.10 07:58:19.603,1.07981,1.08016,1.37,1.57
2014.12.10 07:58:19.704,1.07985,1.08015,1.00,1.00
2014.12.10 07:58:20.209,1.07984,1.08018,1.00,1.52
2014.12.10 07:58:20.674,1.07986,1.08019,1.00,1.52
2014.12.10 07:58:29.407,1.07988,1.0802,1.00,1.27
2014.12.10 07:58:29.509,1.07985,1.08017,1.12,1.17
2014.12.10 07:58:30.410,1.07984,1.08016,1.00,1.20
2014.12.10 07:58:32.024,1.07981,1.08015,1.00,1.20
2014.12.10 07:58:33.082,1.07981,1.08015,1.00,1.20
2014.12.10 07:58:33.430,1.07984,1.08016,1.00,1.52
2014.12.10 07:58:33.689,1.07982,1.08014,1.00,1.15
2014.12.10 07:58:41.937,1.0798,1.08014,1.00,1.27
2014.12.10 07:58:42.043,1.07983,1.08016,1.00,1.52
2014.12.10 07:58:42.335,1.07983,1.08016,1.00,1.10
2014.12.10 07:58:42.386,1.07986,1.08018,1.00,1.17
2014.12.10 07:58:42.487,1.07978,1.0802,1.27,1.52
2014.12.10 07:58:42.588,1.07978,1.08008,1.17,1.00
2014.12.10 07:58:42.740,1.07978,1.08008,1.00,1.00
2014.12.10 07:58:43.274,1.07979,1.08008,1.00,1.00
2014.12.10 07:58:43.610,1.07979,1.0801,1.00,1.00
2014.12.10 07:58:51.538,1.07979,1.08013,1.50,1.00
2014.12.10 07:58:57.451,1.07979,1.08011,1.00,1.00
2014.12.10 07:59:06.660,1.07979,1.08011,1.37,1.00
2014.12.10 07:59:07.163,1.0798,1.08012,1.12,1.10
2014.12.10 07:59:17.511,1.0798,1.08012,1.12,1.07
2014.12.10 07:59:19.904,1.0798,1.08012,1.37,1.07
2014.12.10 07:59:20.533,1.07981,1.08014,1.12,1.00
2014.12.10 07:59:28.859,1.07981,1.08014,1.00,1.37
2014.12.10 07:59:29.182,1.0798,1.08012,1.00,1.52
2014.12.10 07:59:29.435,1.0798,1.08012,1.00,1.17
2014.12.10 07:59:29.486,1.07982,1.08014,1.00,1.65
2014.12.10 07:59:29.536,1.07982,1.08014,1.00,1.50
2014.12.10 07:59:29.789,1.07985,1.08014,1.00,1.00
2014.12.10 07:59:30.415,1.07985,1.08016,1.00,1.17
2014.12.10 07:59:30.921,1.07986,1.0802,1.00,2.02
2014.12.10 07:59:31.424,1.07985,1.08018,1.00,1.27
2014.12.10 07:59:40.949,1.07985,1.08018,1.00,1.15
