2016.02.25 13:00:00.575,1.07739,1.07762,1.00,1.24
2016.02.25 13:00:00.626,1.07736,1.07762,1.00,1.24
2016.02.25 13:00:00.677,1.07736,1.07761,1.00,1.49
2016.02.25 13:00:00.728,1.07734,1.07761,1.00,1.86
2016.02.25 13:00:02.352,1.07736,1.07757,1.00,1.12
2016.02.25 13:00:02.504,1.07739,1.07765,1.00,1.24
2016.02.25 13:00:02.555,1.07739,1.07765,1.00,1.61
2016.02.25 13:00:02.606,1.07741,1.07765,1.00,1.61
2016.02.25 13:00:03.100,1.07739,1.07763,1.00,1.61
2016.02.25 13:00:03.620,1.07739,1.07763,1.00,1.50
2016.02.25 13:00:03.773,1.07737,1.07763,1.00,1.61
2016.02.25 13:00:03.823,1.07737,1.07761,1.00,1.00
2016.02.25 13:00:04.126,1.07737,1.07758,1.00,1.50
2016.02.25 13:00:04.497,1.07735,1.07758,1.00,1.50
2016.02.25 13:00:08.043,1.07732,1.07758,1.00,1.50
2016.02.25 13:00:10.144,1.07732,1.07758,1.00,2.36
2016.02.25 13:00:10.568,1.07732,1.07754,1.00,1.00
2016.02.25 13:00:10.770,1.07732,1.07758,1.00,2.36
2016.02.25 13:00:11.276,1.07732,1.07758,1.00,2.36
2016.02.25 13:00:11.826,1.07732,1.07758,1.00,2.36
2016.02.25 13:00:12.327,1.07732,1.07758,1.00,2.36
2016.02.25 13:00:12.813,1.07737,1.07758,1.00,1.15
2016.02.25 13:00:13.015,1.07734,1.07758,1.00,1.15
2016.02.25 13:00:14.634,1.07734,1.07758,1.00,1.11
2016.02.25 13:00:15.847,1.07734,1.07757,1.00,1.11
2016.02.25 13:00:16.409,1.07734,1.07757,1.00,1.00
2016.02.25 13:00:16.958,1.07734,1.07757,1.00,1.11
2016.02.25 13:00:19.160,1.07734,1.07758,1.00,1.99
2016.02.25 13:00:19.678,1.07734,1.07758,1.00,1.99
2016.02.25 13:00:20.050,1.07734,1.07754,1.00,1.00
2016.02.25 13:00:20.848,1.07731,1.07754,1.00,1.00
2016.02.25 13:00:21.696,1.07741,1.07754,1.00,1.00
2016.02.25 13:00:22.111,1.07746,1.07758,1.00,1.00
2016.02.25 13:00:22.163,1.07746,1.07769,1.00,1.00
2016.02.25 13:00:23.295,1.07744,1.07769,1.00,1.15
2016.02.25 13:00:23.346,1.07744,1.07769,1.00,1.86
2016.02.25 13:00:23.700,1.07745,1.07769,1.00,1.00
2016.02.25 13:00:23.751,1.07747,1.07769,1.00,1.00
2016.02.25 13:00:24.262,1.07748,1.07769,1.00,1.00
2016.02.25 13:00:28.319,1.07747,1.07769,1.00,1.00
2016.02.25 13:00:30.993,1.07748,1.07769,1.00,1.00
2016.02.25 13:00:32.784,1.0775,1.07769,1.00,1.00
2016.02.25 13:00:32.885,1.0775,1.07774,1.00,1.00
2016.02.25 13:00:34.239,1.0775,1.07774,1.00,1.11
2016.02.25 13:00:35.090,1.0775,1.07774,1.00,1.50
2016.02.25 13:00:41.124,1.07748,1.07773,1.00,1.00
2016.02.25 13:00:41.175,1.07748,1.07773,1.00,1.49
2016.02.25 13:00:41.226,1.07745,1.07773,1.00,1.61
2016.02.25 13:00:41.277,1.07745,1.07768,1.00,1.00
2016.02.25 13:00:51.268,1.07744,1.07768,1.00,1.00
2016.02.25 13:00:55.271,1.07745,1.07768,1.00,1.00
2016.02.25 13:00:57.269,1.0775,1.07771,1.00,1.00
2016.02.25 13:00:57.471,1.07753,1.07778,1.50,1.00
2016.02.25 13:00:58.008,1.07755,1.07778,1.00,1.00
2016.02.25 13:00:58.972,1.07754,1.07778,1.00,1.00
2016.02.25 13:01:01.796,1.07756,1.07778,1.00,1.00
2016.02.25 13:01:05.866,1.07756,1.0778,1.00,1.00
2016.02.25 13:01:06.971,1.07752,1.0778,1.37,1.50
2016.02.25 13:01:07.024,1.07751,1.07778,1.50,1.56
2016.02.25 13:01:07.329,1.07747,1.07772,1.00,1.00
2016.02.25 13:01:10.394,1.07749,1.07772,1.00,1.00
2016.02.25 13:01:12.670,1.07747,1.07772,1.00,1.00
2016.02.25 13:01:17.414,1.07748,1.07772,1.00,1.31
2016.02.25 13:01:17.769,1.07753,1.07772,1.00,1.00
2016.02.25 13:01:17.871,1.07753,1.07777,1.00,1.50
2016.02.25 13:01:18.275,1.07752,1.07774,1.00,1.00
2016.02.25 13:01:18.326,1.0775,1.07774,1.00,1.00
2016.02.25 13:01:18.630,1.07752,1.07774,1.00,1.00
2016.02.25 13:01:19.187,1.07751,1.07774,2.25,1.00
2016.02.25 13:01:20.000,1.07753,1.07774,1.00,1.00
2016.02.25 13:01:20.354,1.07755,1.07774,1.00,1.00
2016.02.25 13:01:20.405,1.07755,1.07777,1.00,1.00
2016.02.25 13:01:22.606,1.07756,1.07777,1.00,1.00
2016.02.25 13:01:22.657,1.07754,1.07777,1.00,1.00
2016.02.25 13:01:22.759,1.07752,1.07777,1.00,1.00
2016.02.25 13:01:23.416,1.07751,1.07777,1.00,1.87
2016.02.25 13:01:23.518,1.07751,1.07775,1.00,1.00
2016.02.25 13:01:24.221,1.07751,1.07773,1.00,1.00
2016.02.25 13:01:28.144,1.0775,1.07773,1.00,1.00
2016.02.25 13:01:29.978,1.07748,1.07773,1.00,1.87
2016.02.25 13:01:31.857,1.07745,1.07772,1.00,1.31
2016.02.25 13:01:31.958,1.07745,1.0777,1.00,1.00
2016.02.25 13:01:32.363,1.07748,1.0777,1.00,1.00
2016.02.25 13:01:33.057,1.07749,1.0777,1.00,1.00
2016.02.25 13:01:33.365,1.07749,1.07773,1.00,1.12
2016.02.25 13:01:35.020,1.07749,1.07772,1.00,1.00
2016.02.25 13:01:35.273,1.07744,1.07768,1.00,1.00
2016.02.25 13:01:35.374,1.07743,1.07766,1.00,1.56
2016.02.25 13:01:35.776,1.07749,1.07773,1.00,1.00
2016.02.25 13:01:35.827,1.07752,1.07774,1.00,1.00
2016.02.25 13:01:36.332,1.07753,1.07774,1.00,1.00
2016.02.25 13:01:37.522,1.07754,1.07774,1.00,1.00
2016.02.25 13:01:38.977,1.07755,1.07774,1.00,1.00
2016.02.25 13:01:39.440,1.07755,1.07778,1.00,1.00
2016.02.25 13:01:40.570,1.07764,1.07785,1.00,3.07
2016.02.25 13:01:40.620,1.07764,1.07785,1.00,2.25
2016.02.25 13:01:40.671,1.07765,1.07785,1.00,1.12
2016.02.25 13:01:40.722,1.07769,1.07785,1.00,1.00
2016.02.25 13:01:40.875,1.07772,1.07789,1.00,1.00
2016.02.25 13:01:40.976,1.07772,1.07791,1.00,1.00
2016.02.25 13:01:41.027,1.07777,1.07791,1.00,1.00
2016.02.25 13:01:41.739,1.07776,1.07791,1.00,1.00
2016.02.25 13:01:42.733,1.07777,1.07791,1.00,1.00
2016.02.25 13:01:44.163,1.07774,1.07791,1.50,1.00
2016.02.25 13:01:44.668,1.07775,1.07791,1.00,1.00
2016.02.25 13:01:44.900,1.07775,1.07795,1.00,1.00
2016.02.25 13:01:45.717,1.07773,1.07795,1.00,1.00
2016.02.25 13:01:45.972,1.07773,1.07793,1.00,1.00
2016.02.25 13:01:46.175,1.0777,1.07793,1.12,1.00
2016.02.25 13:01:46.449,1.07768,1.07787,1.75,1.00
2016.02.25 13:01:47.433,1.07768,1.07787,1.37,1.00
2016.02.25 13:01:48.053,1.07768,1.07787,1.00,1.00
2016.02.25 13:01:48.442,1.07766,1.07787,1.12,1.00
2016.02.25 13:01:48.594,1.07772,1.07786,1.00,1.00
2016.02.25 13:01:50.100,1.07772,1.07784,1.00,1.00
2016.02.25 13:01:51.134,1.0777,1.07784,1.00,1.00
2016.02.25 13:01:51.355,1.0777,1.07786,1.00,1.00
2016.02.25 13:01:51.406,1.0777,1.07788,1.00,1.00
2016.02.25 13:01:51.507,1.0777,1.0779,1.00,1.00
2016.02.25 13:01:51.558,1.07772,1.0779,1.00,1.00
2016.02.25 13:01:51.660,1.07772,1.07792,1.00,1.00
2016.02.25 13:01:51.761,1.07775,1.07792,1.00,1.00
2016.02.25 13:01:52.597,1.07773,1.07792,1.00,1.00
2016.02.25 13:01:55.329,1.07774,1.07792,1.00,1.00
2016.02.25 13:01:56.520,1.07774,1.07795,1.00,1.00
2016.02.25 13:01:57.344,1.07773,1.07795,1.00,1.00
2016.02.25 13:01:58.125,1.07774,1.07795,1.00,1.00
2016.02.25 13:01:59.744,1.07772,1.07792,1.00,1.00
2016.02.25 13:01:59.946,1.0777,1.07791,1.12,1.00
2016.02.25 13:01:59.997,1.0777,1.07788,1.12,1.00
2016.02.25 13:02:00.200,1.07766,1.07787,1.00,1.00
2016.02.25 13:02:00.459,1.07768,1.0779,1.00,1.00
2016.02.25 13:02:00.511,1.07771,1.07792,1.00,1.00
2016.02.25 13:02:00.814,1.07773,1.07792,1.00,1.00
2016.02.25 13:02:01.118,1.07772,1.0779,1.50,1.00
2016.02.25 13:02:01.270,1.07769,1.07789,1.00,1.00
2016.02.25 13:02:01.371,1.07766,1.07789,1.50,1.00
2016.02.25 13:02:01.472,1.07766,1.07791,1.50,1.00
2016.02.25 13:02:01.694,1.0777,1.07791,1.00,1.00
2016.02.25 13:02:02.004,1.07772,1.07791,1.00,1.00
2016.02.25 13:02:02.251,1.07772,1.07793,1.00,1.00
2016.02.25 13:02:08.084,1.07771,1.0779,1.00,1.00
2016.02.25 13:02:08.286,1.07768,1.07789,1.00,1.00
2016.02.25 13:02:08.337,1.07769,1.07787,1.00,1.00
2016.02.25 13:02:08.545,1.07765,1.07787,1.12,1.00
2016.02.25 13:02:09.202,1.07767,1.07787,1.00,1.00
2016.02.25 13:02:09.487,1.07767,1.07789,1.00,1.00
2016.02.25 13:02:09.751,1.07765,1.07789,1.00,1.00
2016.02.25 13:02:11.075,1.07765,1.0779,1.00,1.00
2016.02.25 13:02:11.378,1.07767,1.0779,1.00,1.00
2016.02.25 13:02:11.884,1.07768,1.0779,1.00,1.00
2016.02.25 13:02:12.188,1.07764,1.0779,1.00,1.00
2016.02.25 13:02:13.490,1.07763,1.07789,1.00,1.00
2016.02.25 13:02:16.783,1.07763,1.07787,1.00,1.00
2016.02.25 13:02:17.095,1.07759,1.07781,1.00,1.00
2016.02.25 13:02:17.196,1.07756,1.07781,1.50,1.00
2016.02.25 13:02:17.348,1.07756,1.07777,1.00,1.00
2016.02.25 13:02:17.399,1.07752,1.07777,2.25,1.00
2016.02.25 13:02:18.413,1.07752,1.07777,1.87,1.00
2016.02.25 13:02:18.970,1.07752,1.07776,1.00,1.00
2016.02.25 13:02:19.492,1.07752,1.07776,1.00,1.50
2016.02.25 13:02:20.112,1.07748,1.07776,1.00,1.50
2016.02.25 13:02:21.193,1.07748,1.07773,1.00,1.00
2016.02.25 13:02:23.226,1.07748,1.07775,1.50,1.12
2016.02.25 13:02:27.199,1.07748,1.07775,2.25,1.00
2016.02.25 13:02:28.458,1.07749,1.07773,1.12,1.00
2016.02.25 13:02:28.861,1.07749,1.07775,1.12,1.00
2016.02.25 13:02:29.013,1.07748,1.07773,1.50,1.00
2016.02.25 13:02:30.959,1.07748,1.07774,1.50,1.00
2016.02.25 13:02:32.948,1.07749,1.07775,1.69,1.00
2016.02.25 13:02:33.479,1.07749,1.07775,1.69,1.00
2016.02.25 13:02:33.686,1.07749,1.07775,1.12,1.00
2016.02.25 13:02:34.366,1.0775,1.07776,1.00,1.00
2016.02.25 13:02:34.572,1.07752,1.07777,1.00,1.50
2016.02.25 13:02:38.039,1.0775,1.07775,1.00,1.00
2016.02.25 13:02:38.606,1.0775,1.07774,1.00,1.00
2016.02.25 13:02:42.798,1.0775,1.07773,1.00,1.00
2016.02.25 13:02:43.305,1.07753,1.07776,1.00,1.00
2016.02.25 13:02:43.619,1.07753,1.07779,1.00,1.50
2016.02.25 13:02:44.523,1.07753,1.07778,1.00,1.00
2016.02.25 13:02:45.182,1.07753,1.07779,1.00,1.00
2016.02.25 13:02:46.812,1.07753,1.07778,1.00,1.00
2016.02.25 13:02:48.360,1.07753,1.0778,1.00,1.00
2016.02.25 13:02:48.797,1.07753,1.07778,1.00,1.00
2016.02.25 13:02:49.440,1.07752,1.07778,1.00,1.00
2016.02.25 13:02:53.178,1.07752,1.07779,1.00,1.00
2016.02.25 13:02:54.281,1.07754,1.07779,1.00,1.00
2016.02.25 13:02:55.928,1.07754,1.07778,1.00,1.00
2016.02.25 13:02:59.306,1.07755,1.07778,1.00,1.00
2016.02.25 13:03:01.132,1.07755,1.07779,1.00,1.00
2016.02.25 13:03:02.987,1.07755,1.0778,1.00,1.50
2016.02.25 13:03:04.289,1.07757,1.0778,1.00,1.50
2016.02.25 13:03:08.626,1.07757,1.07783,1.00,1.50
2016.02.25 13:03:08.677,1.07759,1.07783,1.00,1.50
2016.02.25 13:03:09.031,1.07759,1.07781,1.00,1.00
2016.02.25 13:03:09.636,1.07758,1.07781,1.00,1.00
2016.02.25 13:03:11.311,1.07757,1.07781,1.00,1.00
2016.02.25 13:03:11.644,1.07759,1.07782,1.00,1.87
2016.02.25 13:03:11.758,1.07757,1.07782,1.00,1.69
2016.02.25 13:03:11.810,1.07757,1.07779,1.00,1.00
2016.02.25 13:03:12.320,1.07757,1.07778,1.00,1.00
2016.02.25 13:03:12.827,1.07757,1.07777,1.00,1.00
2016.02.25 13:03:13.072,1.07757,1.07779,1.00,1.00
2016.02.25 13:03:14.779,1.07757,1.07777,1.00,1.00
2016.02.25 13:03:15.859,1.07757,1.07774,1.00,1.00
2016.02.25 13:03:16.062,1.07757,1.07776,1.00,1.00
2016.02.25 13:03:17.945,1.07757,1.07777,1.00,1.00
2016.02.25 13:03:20.363,1.07759,1.07777,1.00,1.00
2016.02.25 13:03:20.907,1.07759,1.07776,1.00,1.00
2016.02.25 13:03:23.358,1.07759,1.07777,1.00,1.00
2016.02.25 13:03:25.628,1.07759,1.07776,1.00,1.00
2016.02.25 13:03:28.642,1.07759,1.07778,1.00,1.00
2016.02.25 13:03:30.699,1.07759,1.07777,1.00,1.00
2016.02.25 13:03:31.280,1.07764,1.07779,1.00,1.00
2016.02.25 13:03:31.381,1.07764,1.07786,1.00,1.00
2016.02.25 13:03:31.483,1.07764,1.07784,1.00,1.00
2016.02.25 13:03:31.787,1.07767,1.07785,1.00,1.00
2016.02.25 13:03:32.509,1.07767,1.07786,1.00,1.00
2016.02.25 13:03:32.560,1.07767,1.07788,1.00,1.00
2016.02.25 13:03:32.766,1.07765,1.07788,1.00,1.00
2016.02.25 13:03:32.817,1.07768,1.07788,1.00,1.00
2016.02.25 13:03:32.969,1.07766,1.07788,1.00,1.00
2016.02.25 13:03:33.123,1.07766,1.07786,1.00,1.00
2016.02.25 13:03:33.630,1.07766,1.07787,1.00,1.00
2016.02.25 13:03:34.913,1.07769,1.07787,1.00,1.00
2016.02.25 13:03:35.397,1.07772,1.07788,1.00,1.00
2016.02.25 13:03:36.155,1.07768,1.07788,1.00,1.00
2016.02.25 13:03:36.390,1.07767,1.07785,1.00,1.00
2016.02.25 13:03:36.442,1.07767,1.07787,1.00,1.00
2016.02.25 13:03:36.998,1.07767,1.07783,1.00,1.00
2016.02.25 13:03:37.099,1.07767,1.07786,1.00,1.00
2016.02.25 13:03:37.892,1.07765,1.07786,1.00,1.37
2016.02.25 13:03:38.298,1.07761,1.07783,1.00,1.12
2016.02.25 13:03:38.925,1.07764,1.07782,1.00,1.50
2016.02.25 13:03:39.432,1.07765,1.07786,1.00,3.00
2016.02.25 13:03:42.651,1.07768,1.07785,1.00,1.50
2016.02.25 13:03:42.702,1.07768,1.07788,1.00,1.87
2016.02.25 13:03:42.753,1.07768,1.07788,1.00,1.50
2016.02.25 13:03:42.804,1.0777,1.07788,1.00,1.50
2016.02.25 13:03:45.377,1.0777,1.0779,1.00,1.00
2016.02.25 13:03:45.428,1.07773,1.0779,1.00,1.00
2016.02.25 13:03:47.921,1.07773,1.07789,1.00,1.00
2016.02.25 13:03:50.051,1.07773,1.0779,1.00,1.00
2016.02.25 13:03:50.686,1.07771,1.0779,1.00,1.00
2016.02.25 13:03:54.109,1.07767,1.0779,1.00,1.00
2016.02.25 13:03:54.620,1.07767,1.07789,1.00,1.00
2016.02.25 13:03:55.096,1.07769,1.0779,1.00,1.00
2016.02.25 13:03:55.350,1.07771,1.07794,1.00,1.50
2016.02.25 13:03:55.754,1.07769,1.07792,1.00,1.00
2016.02.25 13:03:55.957,1.07764,1.07789,1.00,1.00
2016.02.25 13:03:56.505,1.07764,1.07788,1.00,1.00
2016.02.25 13:03:57.036,1.07764,1.07789,1.00,1.50
2016.02.25 13:03:58.092,1.07764,1.07788,1.00,1.00
2016.02.25 13:03:58.641,1.07764,1.07789,1.00,1.50
2016.02.25 13:03:58.944,1.07762,1.07787,1.00,1.00
2016.02.25 13:03:59.256,1.07762,1.07784,1.00,1.12
2016.02.25 13:03:59.561,1.07774,1.07794,1.00,1.00
2016.02.25 13:03:59.930,1.07772,1.07794,1.00,1.50
2016.02.25 13:04:02.067,1.07773,1.07794,1.00,1.00
2016.02.25 13:04:02.321,1.07777,1.07796,1.00,1.12
2016.02.25 13:04:02.424,1.07775,1.07796,1.00,1.12
2016.02.25 13:04:02.740,1.07772,1.07796,1.00,2.62
2016.02.25 13:04:02.842,1.07772,1.07793,1.00,1.00
2016.02.25 13:04:03.296,1.07771,1.07793,1.00,2.25
2016.02.25 13:04:04.289,1.07772,1.07793,1.00,2.25
2016.02.25 13:04:05.784,1.07772,1.07793,1.00,1.00
2016.02.25 13:04:06.747,1.07771,1.07793,1.00,1.00
2016.02.25 13:04:06.899,1.07771,1.07791,1.00,1.12
2016.02.25 13:04:07.443,1.07771,1.0779,1.00,1.00
2016.02.25 13:04:08.787,1.07771,1.07793,1.00,2.25
2016.02.25 13:04:09.935,1.07772,1.07793,1.00,2.25
2016.02.25 13:04:10.242,1.07774,1.07793,1.00,1.75
2016.02.25 13:04:10.497,1.07776,1.07795,1.00,1.00
2016.02.25 13:04:10.968,1.07774,1.07795,1.00,1.50
2016.02.25 13:04:12.416,1.07772,1.07795,1.00,1.50
2016.02.25 13:04:14.873,1.07769,1.07793,1.00,1.00
2016.02.25 13:04:15.034,1.0777,1.07795,1.00,1.00
2016.02.25 13:04:15.135,1.07773,1.07795,1.00,1.00
2016.02.25 13:04:15.540,1.07775,1.07795,1.00,1.00
2016.02.25 13:04:16.102,1.07772,1.07795,1.00,1.00
2016.02.25 13:04:16.609,1.07775,1.07795,1.00,1.00
2016.02.25 13:04:19.455,1.07775,1.07793,1.00,1.00
2016.02.25 13:04:19.958,1.07773,1.07793,1.00,1.00
2016.02.25 13:04:20.598,1.07772,1.07791,1.00,1.00
2016.02.25 13:04:20.649,1.0777,1.07791,1.00,1.00
2016.02.25 13:04:21.157,1.07771,1.07791,1.00,1.00
2016.02.25 13:04:24.761,1.07771,1.07795,1.00,1.50
2016.02.25 13:04:25.497,1.07771,1.07794,1.00,1.00
2016.02.25 13:04:25.548,1.07769,1.07793,1.00,1.00
2016.02.25 13:04:26.013,1.07769,1.07793,1.00,1.87
2016.02.25 13:04:32.261,1.07767,1.07793,1.00,1.50
2016.02.25 13:04:32.767,1.07767,1.07789,1.00,1.00
2016.02.25 13:04:33.284,1.07768,1.07789,1.00,1.00
2016.02.25 13:04:33.588,1.0777,1.07791,1.00,1.12
2016.02.25 13:04:33.892,1.0777,1.07789,1.00,1.00
2016.02.25 13:04:34.095,1.0777,1.07792,1.00,1.37
2016.02.25 13:04:34.619,1.07771,1.07792,1.00,1.00
2016.02.25 13:04:34.894,1.07773,1.07792,1.00,1.00
2016.02.25 13:04:35.046,1.0777,1.07792,1.00,1.00
2016.02.25 13:04:35.198,1.07768,1.07792,1.00,1.50
2016.02.25 13:04:35.401,1.07767,1.07788,1.00,1.00
2016.02.25 13:04:35.674,1.07764,1.07789,1.00,1.50
2016.02.25 13:04:36.207,1.07762,1.07789,1.00,1.50
2016.02.25 13:04:39.945,1.07763,1.07789,1.00,1.50
2016.02.25 13:04:41.835,1.07766,1.07789,1.00,1.50
2016.02.25 13:04:41.886,1.07766,1.07792,1.00,1.00
2016.02.25 13:04:43.826,1.07768,1.07792,1.00,1.00
2016.02.25 13:04:44.808,1.0777,1.07792,1.00,1.00
2016.02.25 13:04:45.111,1.07773,1.07794,1.00,1.00
2016.02.25 13:04:45.162,1.07773,1.07798,1.00,1.12
2016.02.25 13:04:45.680,1.07773,1.07797,1.00,1.00
2016.02.25 13:04:46.182,1.07773,1.07798,1.00,1.12
2016.02.25 13:04:49.500,1.07775,1.078,1.00,1.75
2016.02.25 13:04:49.551,1.07775,1.07802,1.00,1.12
2016.02.25 13:04:49.602,1.07778,1.07798,1.50,1.00
2016.02.25 13:04:49.703,1.07774,1.07794,1.12,1.00
2016.02.25 13:04:49.754,1.07774,1.07792,1.12,1.00
2016.02.25 13:04:49.805,1.0777,1.07792,1.00,1.00
2016.02.25 13:04:49.856,1.07768,1.07792,1.00,1.00
2016.02.25 13:04:49.908,1.07764,1.07789,1.12,1.00
2016.02.25 13:04:50.987,1.07764,1.07791,2.44,1.00
2016.02.25 13:04:51.088,1.07764,1.07791,2.44,1.00
2016.02.25 13:04:51.482,1.07767,1.07794,1.56,1.12
2016.02.25 13:04:51.635,1.07767,1.07794,2.06,1.00
2016.02.25 13:04:52.140,1.07768,1.07794,1.69,1.00
2016.02.25 13:04:53.192,1.07767,1.07794,1.57,1.00
2016.02.25 13:04:54.906,1.07767,1.07791,1.00,1.00
2016.02.25 13:05:00.042,1.07767,1.07792,1.00,1.00
2016.02.25 13:05:01.134,1.07767,1.0779,1.00,1.00
2016.02.25 13:05:04.522,1.07763,1.0779,2.81,1.00
2016.02.25 13:05:05.155,1.07763,1.0779,2.81,1.00
2016.02.25 13:05:05.839,1.07764,1.07789,1.00,1.00
2016.02.25 13:05:10.981,1.07764,1.07788,1.00,1.00
2016.02.25 13:05:11.083,1.07764,1.07786,1.00,1.00
2016.02.25 13:05:11.588,1.07763,1.07786,1.00,1.00
2016.02.25 13:05:12.435,1.07763,1.07788,1.12,1.00
2016.02.25 13:05:13.075,1.07764,1.07788,1.00,1.00
2016.02.25 13:05:13.126,1.07766,1.07788,1.00,1.00
2016.02.25 13:05:13.228,1.07766,1.07791,1.00,1.00
2016.02.25 13:05:15.151,1.07766,1.07788,1.00,1.00
2016.02.25 13:05:15.890,1.07766,1.07791,1.00,1.00
2016.02.25 13:05:20.784,1.07766,1.07791,1.50,1.00
2016.02.25 13:05:22.089,1.07766,1.0779,1.50,1.00
2016.02.25 13:05:22.673,1.07766,1.07791,1.00,1.00
2016.02.25 13:05:23.201,1.07768,1.07794,1.00,1.37
2016.02.25 13:05:23.505,1.07768,1.07795,1.85,1.50
2016.02.25 13:05:25.295,1.07771,1.07794,1.00,1.00
2016.02.25 13:05:30.118,1.07771,1.07795,1.00,1.00
2016.02.25 13:05:31.259,1.07771,1.07794,1.00,1.00
2016.02.25 13:05:31.575,1.07771,1.07792,1.00,1.00
2016.02.25 13:05:31.625,1.07768,1.07792,1.12,1.00
2016.02.25 13:05:31.828,1.07768,1.07795,1.12,1.00
2016.02.25 13:05:32.180,1.07767,1.07791,1.50,1.00
2016.02.25 13:05:45.559,1.07766,1.0779,1.50,1.00
2016.02.25 13:05:53.111,1.07764,1.0779,2.25,1.00
2016.02.25 13:05:53.263,1.07768,1.0779,1.00,1.00
2016.02.25 13:05:54.769,1.07768,1.07786,1.00,1.00
2016.02.25 13:05:54.820,1.07764,1.07786,1.50,1.00
2016.02.25 13:05:54.922,1.07764,1.07784,1.00,1.00
2016.02.25 13:05:54.973,1.07762,1.07784,1.00,1.00
2016.02.25 13:05:56.069,1.07762,1.07786,1.00,1.00
2016.02.25 13:05:56.121,1.07762,1.07786,1.37,1.00
2016.02.25 13:05:56.324,1.07762,1.07788,2.25,1.00
2016.02.25 13:05:57.586,1.07765,1.07791,1.12,1.00
2016.02.25 13:05:57.788,1.07767,1.07791,1.00,1.00
2016.02.25 13:05:58.988,1.07768,1.07791,1.00,1.00
2016.02.25 13:05:59.139,1.07768,1.07793,1.00,1.00
2016.02.25 13:05:59.695,1.07768,1.07791,1.00,1.00
2016.02.25 13:06:00.166,1.07764,1.07789,1.50,1.00
2016.02.25 13:06:00.217,1.07764,1.07787,1.50,1.00
2016.02.25 13:06:00.419,1.07764,1.0779,1.50,1.00
2016.02.25 13:06:00.623,1.07766,1.07793,1.00,1.00
2016.02.25 13:06:00.934,1.07769,1.07793,1.00,1.00
2016.02.25 13:06:01.476,1.07769,1.07794,1.00,1.00
2016.02.25 13:06:02.409,1.0777,1.07796,1.00,1.00
2016.02.25 13:06:04.859,1.07769,1.07794,1.50,1.00
2016.02.25 13:06:07.437,1.07773,1.07797,1.00,1.00
2016.02.25 13:06:07.538,1.07775,1.07801,2.06,1.50
2016.02.25 13:06:07.639,1.07776,1.07801,1.31,1.00
2016.02.25 13:06:07.814,1.07775,1.07801,2.81,1.00
2016.02.25 13:06:08.219,1.07775,1.07799,1.75,1.00
2016.02.25 13:06:09.644,1.07774,1.07799,1.50,1.00
2016.02.25 13:06:09.796,1.07772,1.07799,1.50,1.00
2016.02.25 13:06:10.737,1.07771,1.07794,1.37,1.00
2016.02.25 13:06:10.788,1.07768,1.07793,1.12,1.50
2016.02.25 13:06:10.941,1.07768,1.07793,1.00,2.44
2016.02.25 13:06:11.298,1.07768,1.07793,1.00,1.31
2016.02.25 13:06:11.944,1.07769,1.07794,1.00,1.00
2016.02.25 13:06:13.685,1.07768,1.07793,1.00,1.00
2016.02.25 13:06:14.662,1.07768,1.07791,1.00,1.00
2016.02.25 13:06:14.928,1.07766,1.07792,1.12,1.50
2016.02.25 13:06:18.505,1.07769,1.07794,1.00,1.50
2016.02.25 13:06:18.708,1.0777,1.07796,1.00,1.12
2016.02.25 13:06:22.843,1.07769,1.07794,1.50,1.00
2016.02.25 13:06:23.146,1.07769,1.07791,1.00,1.00
2016.02.25 13:06:23.197,1.07769,1.07793,1.00,1.50
2016.02.25 13:06:23.701,1.07769,1.07792,1.00,1.00
2016.02.25 13:06:25.869,1.07769,1.07793,1.00,1.50
2016.02.25 13:06:26.021,1.07769,1.07791,1.00,1.00
2016.02.25 13:06:32.450,1.07766,1.07791,1.50,1.00
2016.02.25 13:06:35.644,1.07764,1.07779,1.00,1.00
2016.02.25 13:06:35.696,1.0776,1.07779,1.00,1.00
2016.02.25 13:06:35.747,1.0776,1.07783,1.00,1.00
2016.02.25 13:06:35.899,1.07763,1.07785,1.00,1.00
2016.02.25 13:06:36.239,1.07763,1.07787,1.00,1.00
2016.02.25 13:06:37.920,1.07765,1.07792,1.00,2.25
2016.02.25 13:06:38.224,1.07776,1.07797,1.50,1.00
2016.02.25 13:06:38.528,1.0778,1.07797,1.00,1.00
2016.02.25 13:06:38.629,1.07777,1.07797,1.00,1.00
2016.02.25 13:06:39.272,1.07775,1.07797,1.00,1.00
2016.02.25 13:06:39.778,1.07774,1.07797,1.50,1.00
2016.02.25 13:06:40.543,1.07773,1.07797,1.50,1.00
2016.02.25 13:06:42.491,1.07774,1.07797,1.00,1.00
2016.02.25 13:06:43.092,1.07772,1.07797,1.50,1.00
2016.02.25 13:06:43.332,1.07774,1.07796,1.00,1.00
2016.02.25 13:06:43.436,1.07772,1.07796,1.00,1.00
2016.02.25 13:06:43.588,1.07772,1.07794,1.50,1.00
2016.02.25 13:06:43.740,1.0777,1.07794,1.00,1.00
2016.02.25 13:06:43.942,1.07771,1.07791,1.00,1.00
2016.02.25 13:06:43.993,1.07769,1.07791,1.12,1.00
2016.02.25 13:06:44.219,1.07769,1.07789,1.00,1.00
2016.02.25 13:06:44.370,1.07765,1.07789,1.00,1.00
2016.02.25 13:06:53.329,1.07765,1.07786,1.00,1.00
2016.02.25 13:07:00.822,1.07765,1.07791,1.50,1.00
2016.02.25 13:07:00.873,1.07769,1.07791,1.00,1.00
2016.02.25 13:07:01.360,1.07765,1.07791,2.62,1.00
2016.02.25 13:07:01.412,1.07765,1.07788,1.00,1.00
2016.02.25 13:07:11.081,1.07773,1.07794,1.00,1.50
2016.02.25 13:07:11.184,1.07776,1.07798,1.50,1.00
2016.02.25 13:07:11.236,1.07777,1.07802,1.37,1.37
2016.02.25 13:07:11.287,1.07777,1.07802,2.25,1.00
2016.02.25 13:07:11.338,1.07777,1.078,1.12,1.00
2016.02.25 13:07:11.389,1.07773,1.078,1.56,1.00
2016.02.25 13:07:11.744,1.07772,1.07798,2.06,1.00
2016.02.25 13:07:12.193,1.07771,1.07795,1.56,1.00
2016.02.25 13:07:12.720,1.07771,1.07795,1.56,1.00
2016.02.25 13:07:14.107,1.07771,1.07795,1.56,1.00
2016.02.25 13:07:14.579,1.07771,1.07798,1.56,1.12
2016.02.25 13:07:15.906,1.0777,1.07797,1.56,1.00
2016.02.25 13:07:17.139,1.07769,1.07795,2.62,1.00
2016.02.25 13:07:17.673,1.07769,1.07795,2.06,1.00
2016.02.25 13:07:18.298,1.07769,1.07795,2.06,1.00
2016.02.25 13:07:18.651,1.07769,1.07795,1.56,1.50
2016.02.25 13:07:19.408,1.07771,1.07795,1.31,1.00
2016.02.25 13:07:20.169,1.07771,1.07795,1.56,1.00
2016.02.25 13:07:20.678,1.07769,1.07795,1.56,1.50
2016.02.25 13:07:21.155,1.07769,1.07792,1.12,1.00
2016.02.25 13:07:21.571,1.07771,1.07795,1.31,1.00
2016.02.25 13:07:21.622,1.07777,1.07798,1.12,1.87
2016.02.25 13:07:21.723,1.07779,1.07801,1.12,1.50
2016.02.25 13:07:21.824,1.07781,1.07801,1.12,1.50
2016.02.25 13:07:21.926,1.0778,1.07801,2.19,1.50
2016.02.25 13:07:22.027,1.07778,1.07799,1.50,1.00
2016.02.25 13:07:22.554,1.07778,1.07799,1.50,1.00
2016.02.25 13:07:22.883,1.0778,1.07799,1.12,1.00
2016.02.25 13:07:22.934,1.07777,1.07799,2.19,1.00
2016.02.25 13:07:23.035,1.07779,1.07799,1.25,1.00
2016.02.25 13:07:23.136,1.07778,1.07799,1.50,1.00
2016.02.25 13:07:23.642,1.07777,1.07799,2.62,1.00
2016.02.25 13:07:24.237,1.07778,1.07799,1.94,1.00
2016.02.25 13:07:24.918,1.07778,1.07796,1.94,1.00
2016.02.25 13:07:25.593,1.07779,1.07796,1.81,1.00
2016.02.25 13:07:26.101,1.07778,1.078,1.50,1.00
2016.02.25 13:07:26.487,1.07784,1.078,1.12,1.00
2016.02.25 13:07:26.998,1.07784,1.078,1.12,1.00
2016.02.25 13:07:27.100,1.07783,1.078,1.12,1.00
2016.02.25 13:07:27.353,1.07784,1.078,1.12,1.00
2016.02.25 13:07:27.564,1.07779,1.07797,1.12,1.00
2016.02.25 13:07:27.857,1.07778,1.07797,1.12,1.00
2016.02.25 13:07:28.405,1.07779,1.07797,1.12,1.00
2016.02.25 13:07:29.662,1.07778,1.07797,1.12,1.00
2016.02.25 13:07:33.026,1.07777,1.07797,1.87,1.00
2016.02.25 13:07:33.179,1.07778,1.07797,1.12,1.00
2016.02.25 13:07:33.782,1.07777,1.07797,1.87,1.00
2016.02.25 13:07:33.934,1.0778,1.07801,1.81,1.50
2016.02.25 13:07:34.036,1.0778,1.07799,1.12,1.00
2016.02.25 13:07:34.238,1.07776,1.07799,1.00,1.00
2016.02.25 13:07:34.543,1.07776,1.07797,1.00,1.00
2016.02.25 13:07:36.653,1.07776,1.07797,1.37,1.00
2016.02.25 13:07:36.980,1.07784,1.07801,1.00,1.00
2016.02.25 13:07:37.233,1.07784,1.07804,1.37,1.00
2016.02.25 13:07:37.435,1.07782,1.07801,1.37,1.00
2016.02.25 13:07:37.537,1.07782,1.07801,1.12,1.00
2016.02.25 13:07:38.044,1.07781,1.078,1.12,1.00
2016.02.25 13:07:38.271,1.07785,1.078,1.00,1.00
2016.02.25 13:07:38.372,1.07785,1.07802,1.00,1.00
2016.02.25 13:07:38.433,1.07781,1.07802,1.37,1.00
2016.02.25 13:07:38.949,1.07781,1.07802,1.37,1.00
2016.02.25 13:07:39.101,1.07781,1.07802,1.37,1.00
2016.02.25 13:07:39.793,1.07785,1.07802,1.37,1.00
2016.02.25 13:07:39.945,1.07787,1.07806,1.87,1.00
2016.02.25 13:07:39.996,1.07787,1.07806,1.87,1.00
2016.02.25 13:07:40.148,1.07787,1.07805,1.12,1.00
2016.02.25 13:07:40.199,1.07782,1.07805,1.50,1.00
2016.02.25 13:07:40.301,1.07782,1.07805,1.37,1.00
2016.02.25 13:07:40.842,1.07781,1.07805,3.75,1.00
2016.02.25 13:07:41.363,1.07781,1.07805,3.00,1.00
2016.02.25 13:07:41.616,1.07781,1.07802,1.37,1.00
2016.02.25 13:07:41.717,1.07783,1.07804,1.12,1.00
2016.02.25 13:07:42.068,1.07783,1.07804,1.37,1.00
2016.02.25 13:07:42.586,1.07783,1.07804,1.37,1.00
2016.02.25 13:07:44.462,1.07784,1.07804,1.37,1.00
2016.02.25 13:07:44.563,1.07784,1.07802,1.37,1.00
2016.02.25 13:07:45.825,1.07784,1.07802,1.00,1.00
2016.02.25 13:07:46.374,1.07785,1.07802,1.00,1.00
2016.02.25 13:07:48.888,1.07785,1.07799,1.00,1.00
2016.02.25 13:07:49.427,1.07786,1.07799,1.00,1.00
2016.02.25 13:07:51.445,1.07786,1.07801,1.00,1.00
2016.02.25 13:07:51.547,1.07784,1.07801,1.00,1.00
2016.02.25 13:07:51.749,1.07782,1.07801,1.00,1.00
2016.02.25 13:07:51.902,1.07782,1.07799,1.00,1.00
2016.02.25 13:07:52.499,1.07781,1.07799,1.00,1.00
2016.02.25 13:07:53.025,1.0778,1.07799,1.00,1.00
2016.02.25 13:07:53.328,1.07783,1.07799,1.00,1.00
2016.02.25 13:07:53.634,1.07777,1.07797,1.00,1.00
2016.02.25 13:07:53.735,1.07775,1.07796,1.00,1.00
2016.02.25 13:07:54.263,1.07774,1.07795,1.50,1.00
2016.02.25 13:07:54.769,1.07774,1.07794,1.00,1.00
2016.02.25 13:07:57.572,1.07772,1.07794,1.87,1.00
2016.02.25 13:07:58.297,1.07772,1.07795,1.87,1.00
2016.02.25 13:07:58.575,1.07774,1.07793,1.00,1.00
2016.02.25 13:07:58.679,1.0777,1.07792,1.75,1.00
2016.02.25 13:07:58.780,1.0777,1.07791,1.00,1.00
2016.02.25 13:07:59.285,1.07769,1.07791,1.00,1.00
2016.02.25 13:08:00.237,1.07769,1.07792,1.50,1.00
2016.02.25 13:08:00.339,1.07771,1.07792,1.00,1.00
2016.02.25 13:08:00.796,1.07769,1.0779,1.75,1.00
2016.02.25 13:08:01.091,1.07763,1.07784,1.37,1.00
2016.02.25 13:08:01.193,1.07763,1.07784,1.00,1.00
2016.02.25 13:08:01.345,1.07763,1.07786,1.00,1.00
2016.02.25 13:08:01.397,1.07763,1.07786,1.37,1.00
2016.02.25 13:08:01.702,1.07769,1.0779,1.12,1.00
2016.02.25 13:08:01.759,1.07767,1.0779,1.00,1.00
2016.02.25 13:08:02.262,1.07767,1.0779,1.75,1.00
2016.02.25 13:08:02.318,1.07767,1.0779,1.37,1.00
2016.02.25 13:08:02.420,1.0777,1.07791,1.00,1.00
2016.02.25 13:08:02.725,1.07767,1.07788,1.00,1.00
2016.02.25 13:08:03.256,1.07767,1.07789,1.00,1.00
2016.02.25 13:08:03.561,1.07761,1.07786,1.00,1.00
2016.02.25 13:08:03.613,1.07761,1.07786,1.37,1.00
2016.02.25 13:08:03.968,1.07761,1.07786,1.50,1.00
2016.02.25 13:08:04.304,1.07763,1.07786,1.00,1.00
2016.02.25 13:08:04.811,1.07765,1.0779,1.00,1.00
2016.02.25 13:08:05.168,1.07768,1.0779,1.00,1.00
2016.02.25 13:08:05.219,1.07768,1.07793,1.00,1.00
2016.02.25 13:08:05.523,1.07766,1.07793,1.12,1.00
2016.02.25 13:08:06.053,1.07767,1.07793,1.00,1.00
2016.02.25 13:08:06.816,1.07766,1.07793,1.12,1.00
2016.02.25 13:08:10.773,1.07765,1.07794,2.25,1.00
2016.02.25 13:08:10.976,1.07766,1.07794,1.75,1.00
2016.02.25 13:08:11.078,1.07769,1.07795,1.00,1.00
2016.02.25 13:08:11.129,1.07773,1.07795,1.00,1.00
2016.02.25 13:08:11.231,1.0777,1.07795,1.00,1.00
2016.02.25 13:08:11.282,1.0777,1.07797,1.00,1.00
2016.02.25 13:08:11.383,1.0777,1.07797,1.50,1.00
2016.02.25 13:08:12.485,1.07772,1.07796,1.12,1.00
2016.02.25 13:08:13.427,1.07778,1.07796,1.00,1.00
2016.02.25 13:08:13.478,1.07778,1.07799,1.00,1.00
2016.02.25 13:08:13.988,1.07777,1.07799,1.50,1.00
2016.02.25 13:08:18.365,1.07779,1.07799,1.00,1.00
2016.02.25 13:08:18.810,1.07777,1.07799,1.50,1.00
2016.02.25 13:08:19.592,1.07779,1.07799,1.00,1.00
2016.02.25 13:08:22.783,1.07777,1.07799,1.00,1.00
2016.02.25 13:08:26.414,1.0778,1.07804,1.00,1.00
2016.02.25 13:08:27.160,1.07779,1.07804,1.00,1.87
2016.02.25 13:08:29.176,1.07779,1.07801,1.00,1.00
2016.02.25 13:08:31.794,1.07781,1.07801,1.00,1.00
2016.02.25 13:08:31.896,1.07783,1.07804,1.00,1.00
2016.02.25 13:08:32.254,1.07787,1.07804,1.00,1.00
2016.02.25 13:08:32.311,1.07787,1.07807,1.00,1.00
2016.02.25 13:08:34.227,1.07786,1.07807,1.00,1.00
2016.02.25 13:08:35.122,1.07785,1.07807,1.00,1.00
2016.02.25 13:08:42.491,1.07785,1.07807,1.37,1.00
2016.02.25 13:08:42.542,1.07787,1.0781,1.37,1.00
2016.02.25 13:08:42.593,1.07785,1.07808,1.75,1.00
2016.02.25 13:08:42.745,1.07784,1.07806,1.00,1.07
2016.02.25 13:08:42.965,1.07784,1.07798,1.00,1.00
2016.02.25 13:08:43.017,1.07777,1.07798,1.00,1.00
2016.02.25 13:08:43.068,1.07774,1.07798,1.00,1.00
2016.02.25 13:08:43.169,1.07774,1.07796,1.00,1.00
2016.02.25 13:08:46.711,1.07773,1.07796,1.00,1.00
2016.02.25 13:08:47.014,1.07778,1.07798,1.00,1.00
2016.02.25 13:08:47.791,1.07776,1.07798,1.12,1.00
2016.02.25 13:08:48.146,1.07774,1.07798,1.00,1.50
2016.02.25 13:08:48.298,1.07774,1.07795,1.00,1.00
2016.02.25 13:08:48.754,1.0777,1.07795,1.00,1.50
2016.02.25 13:08:54.083,1.07771,1.07795,1.00,1.00
2016.02.25 13:08:57.805,1.07773,1.07795,1.00,1.00
2016.02.25 13:08:58.368,1.07776,1.07795,1.00,1.00
2016.02.25 13:08:58.522,1.07776,1.07799,1.00,1.00
2016.02.25 13:09:00.383,1.07776,1.07796,1.00,1.00
2016.02.25 13:09:00.838,1.07774,1.07796,1.00,1.00
2016.02.25 13:09:03.107,1.0777,1.07794,1.00,1.50
2016.02.25 13:09:03.159,1.0777,1.07792,1.00,1.12
2016.02.25 13:09:03.666,1.0777,1.07794,1.00,2.25
2016.02.25 13:09:05.228,1.07768,1.07794,1.00,3.00
2016.02.25 13:09:05.329,1.07766,1.07791,1.00,1.12
2016.02.25 13:09:05.708,1.07766,1.07785,1.00,1.00
2016.02.25 13:09:05.760,1.07764,1.07785,1.00,1.00
2016.02.25 13:09:05.812,1.07764,1.07787,1.00,1.87
2016.02.25 13:09:06.153,1.07762,1.07787,1.00,1.87
2016.02.25 13:09:06.255,1.07762,1.07784,1.00,1.00
2016.02.25 13:09:06.357,1.07762,1.07786,1.00,1.00
2016.02.25 13:09:06.661,1.07762,1.07783,1.00,1.00
2016.02.25 13:09:08.499,1.0776,1.07783,1.00,1.00
2016.02.25 13:09:09.023,1.0776,1.07784,1.00,1.50
2016.02.25 13:09:09.605,1.07762,1.07784,1.00,1.50
2016.02.25 13:09:09.757,1.07763,1.07787,1.00,1.12
2016.02.25 13:09:10.494,1.0776,1.07787,1.00,1.87
2016.02.25 13:09:14.691,1.07758,1.07786,1.99,1.00
2016.02.25 13:09:16.193,1.07758,1.07786,1.99,1.00
2016.02.25 13:09:18.635,1.07758,1.07784,1.00,1.00
2016.02.25 13:09:19.142,1.07755,1.07783,3.49,1.00
2016.02.25 13:09:23.991,1.07755,1.07784,2.25,1.50
2016.02.25 13:09:27.444,1.07755,1.07784,1.87,1.50
2016.02.25 13:09:28.015,1.07755,1.07784,1.50,1.95
2016.02.25 13:09:28.066,1.07753,1.0778,1.00,1.12
2016.02.25 13:09:33.298,1.07752,1.07782,2.25,2.25
2016.02.25 13:09:33.351,1.07754,1.07781,1.00,1.50
2016.02.25 13:09:33.836,1.07751,1.07779,1.50,1.00
2016.02.25 13:09:33.887,1.07751,1.07776,1.00,1.50
2016.02.25 13:09:34.345,1.0775,1.07775,1.00,1.31
2016.02.25 13:09:34.397,1.07748,1.07774,1.00,1.69
2016.02.25 13:09:35.334,1.07747,1.07773,1.00,1.12
2016.02.25 13:09:36.188,1.07747,1.07773,1.00,2.44
2016.02.25 13:09:36.290,1.07749,1.07774,1.00,1.37
2016.02.25 13:09:36.594,1.07751,1.07775,1.00,1.00
2016.02.25 13:09:37.176,1.07751,1.07776,1.00,1.00
2016.02.25 13:09:41.622,1.0775,1.07778,1.00,1.00
2016.02.25 13:09:43.298,1.07749,1.07776,1.50,1.00
2016.02.25 13:09:44.186,1.07749,1.07774,1.00,1.69
2016.02.25 13:09:44.237,1.07747,1.07774,1.50,1.69
2016.02.25 13:09:44.288,1.07747,1.07772,1.50,1.00
2016.02.25 13:09:45.591,1.07747,1.07775,1.00,1.50
2016.02.25 13:09:45.642,1.0775,1.07776,1.00,1.75
2016.02.25 13:09:45.794,1.07752,1.07778,1.00,1.00
2016.02.25 13:09:46.198,1.0775,1.07777,1.00,1.00
2016.02.25 13:09:46.249,1.07749,1.07775,1.50,1.00
2016.02.25 13:09:47.902,1.07749,1.07775,1.00,2.25
2016.02.25 13:09:48.426,1.07747,1.07773,1.50,1.00
2016.02.25 13:09:48.831,1.07747,1.07771,1.00,1.00
2016.02.25 13:09:48.983,1.07744,1.0777,1.50,1.12
2016.02.25 13:09:53.834,1.07746,1.07771,1.00,2.25
2016.02.25 13:09:54.413,1.07744,1.0777,1.50,1.12
2016.02.25 13:09:54.514,1.07744,1.07768,1.00,1.50
2016.02.25 13:10:05.537,1.07744,1.0777,1.50,1.76
2016.02.25 13:10:06.878,1.07745,1.07772,1.00,1.00
2016.02.25 13:10:07.386,1.07745,1.07772,1.37,1.00
2016.02.25 13:10:14.225,1.07747,1.07768,1.50,1.00
2016.02.25 13:10:14.682,1.07743,1.07767,1.00,1.00
2016.02.25 13:10:15.027,1.0774,1.07764,1.00,1.00
2016.02.25 13:10:15.432,1.0774,1.07767,1.00,1.00
2016.02.25 13:10:15.533,1.07742,1.07768,1.00,1.00
2016.02.25 13:10:15.584,1.07743,1.0777,1.00,1.87
2016.02.25 13:10:15.686,1.07745,1.07771,1.00,1.00
2016.02.25 13:10:17.284,1.07745,1.0777,1.00,1.00
2016.02.25 13:10:17.487,1.07742,1.0777,1.00,1.50
2016.02.25 13:10:22.534,1.07743,1.0777,1.00,1.00
2016.02.25 13:10:27.717,1.07744,1.07771,1.00,1.50
2016.02.25 13:10:30.224,1.07743,1.07769,1.00,1.00
2016.02.25 13:10:30.878,1.07743,1.07769,1.00,2.25
2016.02.25 13:10:31.282,1.07745,1.07769,1.00,1.50
2016.02.25 13:10:31.333,1.07748,1.07773,1.00,1.00
2016.02.25 13:10:31.435,1.07752,1.07773,1.00,1.00
2016.02.25 13:10:31.566,1.0775,1.07776,1.00,1.00
2016.02.25 13:10:31.668,1.07751,1.07776,1.75,1.00
2016.02.25 13:10:32.972,1.0775,1.07776,1.00,1.00
2016.02.25 13:10:33.326,1.07748,1.07774,2.51,1.00
2016.02.25 13:10:33.868,1.07748,1.07773,1.50,1.00
2016.02.25 13:10:34.374,1.07747,1.07773,1.00,1.50
2016.02.25 13:10:37.083,1.07746,1.07773,1.00,1.50
2016.02.25 13:10:38.199,1.07746,1.07772,1.00,1.00
2016.02.25 13:10:38.769,1.07744,1.07771,1.00,1.00
2016.02.25 13:10:42.080,1.07746,1.07773,1.00,1.00
2016.02.25 13:10:43.807,1.07746,1.07772,1.00,1.00
2016.02.25 13:10:44.469,1.07746,1.07772,1.75,1.00
2016.02.25 13:10:45.009,1.07746,1.07773,1.75,1.00
2016.02.25 13:10:45.777,1.07748,1.07774,1.37,1.50
2016.02.25 13:10:46.951,1.07748,1.07776,1.64,1.00
2016.02.25 13:10:47.775,1.07752,1.07776,1.00,1.00
2016.02.25 13:10:47.877,1.07755,1.0778,1.00,1.87
2016.02.25 13:10:47.928,1.07755,1.0778,1.76,1.12
2016.02.25 13:10:48.160,1.07756,1.07782,1.01,1.50
2016.02.25 13:10:48.679,1.07757,1.07783,1.12,1.00
2016.02.25 13:10:48.933,1.07758,1.07785,1.00,1.00
2016.02.25 13:10:49.537,1.07757,1.07783,1.39,1.00
2016.02.25 13:10:49.841,1.07757,1.07783,2.14,1.00
2016.02.25 13:10:50.144,1.07757,1.07783,2.14,1.00
2016.02.25 13:10:50.806,1.07759,1.07784,1.01,1.00
2016.02.25 13:10:51.395,1.07757,1.07783,1.12,1.00
2016.02.25 13:10:51.649,1.07756,1.0778,1.50,1.00
2016.02.25 13:10:52.911,1.07754,1.0778,1.00,1.00
2016.02.25 13:10:53.694,1.07755,1.0778,1.00,1.00
2016.02.25 13:10:53.745,1.07757,1.0778,1.00,1.00
2016.02.25 13:10:53.795,1.07756,1.07783,1.26,1.12
2016.02.25 13:10:53.897,1.0776,1.07783,1.26,1.00
2016.02.25 13:10:54.048,1.07762,1.07786,1.00,1.00
2016.02.25 13:10:54.099,1.07762,1.07786,1.26,1.00
2016.02.25 13:10:54.705,1.07762,1.07786,1.26,1.00
2016.02.25 13:10:54.807,1.07761,1.07786,1.01,1.50
2016.02.25 13:10:57.343,1.07761,1.07786,1.00,2.62
2016.02.25 13:10:57.546,1.07758,1.07786,1.00,2.62
2016.02.25 13:11:00.073,1.07757,1.07782,1.26,1.00
2016.02.25 13:11:00.477,1.07754,1.07781,1.39,1.00
2016.02.25 13:11:01.672,1.07754,1.07778,1.39,1.00
2016.02.25 13:11:04.117,1.07756,1.07778,1.00,1.00
2016.02.25 13:11:04.655,1.07755,1.07778,1.12,1.00
2016.02.25 13:11:07.246,1.07755,1.07779,1.69,1.00
2016.02.25 13:11:08.094,1.07756,1.07779,1.00,1.00
2016.02.25 13:11:08.401,1.07754,1.07779,1.00,1.50
2016.02.25 13:11:09.192,1.07754,1.07778,1.00,1.00
2016.02.25 13:11:09.245,1.0775,1.07778,2.06,1.00
2016.02.25 13:11:11.317,1.07752,1.07779,1.00,1.00
2016.02.25 13:11:11.570,1.07757,1.07785,1.50,1.00
2016.02.25 13:11:12.948,1.07757,1.07784,1.50,1.00
2016.02.25 13:11:13.404,1.07757,1.07782,1.50,1.00
2016.02.25 13:11:13.505,1.07757,1.07785,1.50,1.50
2016.02.25 13:11:13.923,1.07757,1.07783,1.00,1.00
2016.02.25 13:11:14.389,1.07757,1.07786,1.00,1.50
2016.02.25 13:11:15.441,1.07757,1.07783,1.00,1.00
2016.02.25 13:11:15.646,1.07757,1.07786,1.50,2.25
2016.02.25 13:11:15.749,1.07759,1.07786,1.00,1.50
2016.02.25 13:11:16.053,1.07759,1.07786,1.95,1.00
2016.02.25 13:11:17.539,1.07759,1.07786,1.66,1.00
2016.02.25 13:11:18.072,1.07759,1.07786,1.66,1.00
2016.02.25 13:11:18.451,1.07759,1.07786,1.66,1.00
2016.02.25 13:11:19.667,1.07765,1.07786,1.00,1.00
2016.02.25 13:11:19.819,1.07764,1.07789,1.56,1.00
2016.02.25 13:11:19.869,1.07767,1.07789,1.00,1.00
2016.02.25 13:11:20.286,1.07762,1.07789,1.00,1.00
2016.02.25 13:11:20.343,1.07763,1.07787,1.00,1.00
2016.02.25 13:11:20.546,1.07761,1.07786,1.00,1.00
2016.02.25 13:11:20.598,1.07759,1.07786,1.00,1.50
2016.02.25 13:11:21.865,1.07758,1.07786,1.00,1.50
2016.02.25 13:11:22.219,1.07762,1.07786,1.00,1.50
2016.02.25 13:11:22.523,1.0776,1.07786,1.00,1.00
2016.02.25 13:11:23.955,1.07762,1.07787,1.00,1.00
2016.02.25 13:11:24.487,1.07763,1.07787,1.00,1.00
2016.02.25 13:11:24.538,1.07761,1.07787,1.00,1.00
2016.02.25 13:11:26.114,1.07761,1.07785,1.00,1.00
2016.02.25 13:11:26.800,1.07762,1.07785,1.00,1.00
2016.02.25 13:11:26.952,1.07762,1.07787,1.00,1.00
2016.02.25 13:11:28.569,1.0776,1.07787,3.00,1.00
2016.02.25 13:11:28.772,1.07762,1.07787,1.00,1.00
2016.02.25 13:11:30.328,1.0776,1.07787,2.81,1.00
2016.02.25 13:11:37.066,1.0776,1.07786,1.00,1.00
2016.02.25 13:11:39.004,1.07761,1.07786,1.00,1.00
2016.02.25 13:11:39.155,1.07761,1.07789,1.00,1.50
2016.02.25 13:11:41.000,1.07762,1.07789,1.00,1.50
2016.02.25 13:11:41.101,1.0776,1.07789,2.06,1.50
2016.02.25 13:11:41.525,1.07763,1.07793,1.56,1.50
2016.02.25 13:11:41.828,1.07769,1.07793,1.00,1.50
2016.02.25 13:11:43.731,1.07766,1.07793,1.00,1.50
2016.02.25 13:11:43.783,1.07766,1.0779,1.00,1.00
2016.02.25 13:11:43.884,1.07763,1.0779,1.00,1.00
2016.02.25 13:11:44.087,1.07762,1.07792,1.87,1.12
2016.02.25 13:11:44.138,1.07765,1.07792,1.00,1.12
2016.02.25 13:11:44.707,1.07766,1.07796,1.00,2.81
2016.02.25 13:11:44.809,1.07766,1.07794,1.00,1.00
2016.02.25 13:11:44.911,1.0777,1.07794,1.00,1.00
2016.02.25 13:11:45.163,1.0777,1.07796,1.00,1.50
2016.02.25 13:11:45.315,1.07772,1.07796,1.00,1.50
2016.02.25 13:11:45.518,1.0777,1.07796,1.50,1.50
2016.02.25 13:11:46.053,1.07767,1.07794,1.00,1.00
2016.02.25 13:11:46.104,1.07767,1.07792,1.00,1.00
2016.02.25 13:11:46.357,1.07765,1.07792,1.50,1.00
2016.02.25 13:11:46.905,1.07765,1.07791,1.00,1.00
2016.02.25 13:11:47.418,1.07765,1.0779,1.00,1.00
2016.02.25 13:11:52.627,1.07765,1.0779,1.56,1.00
2016.02.25 13:11:53.040,1.07768,1.07792,1.00,1.00
2016.02.25 13:11:53.581,1.07768,1.07792,1.37,1.00
2016.02.25 13:11:58.000,1.07767,1.07793,1.62,1.00
2016.02.25 13:12:07.354,1.07767,1.07795,2.06,1.00
2016.02.25 13:12:07.948,1.07769,1.07795,1.69,1.00
2016.02.25 13:12:08.459,1.07769,1.07795,1.69,1.00
2016.02.25 13:12:13.565,1.07769,1.07795,1.69,1.00
2016.02.25 13:12:15.499,1.07769,1.07795,1.00,1.00
2016.02.25 13:12:16.429,1.07769,1.07796,1.00,1.00
2016.02.25 13:12:16.480,1.07769,1.07797,1.87,1.00
2016.02.25 13:12:17.039,1.07774,1.07798,1.50,1.00
2016.02.25 13:12:20.486,1.07776,1.07798,1.37,1.00
2016.02.25 13:12:20.538,1.0778,1.078,1.00,1.00
2016.02.25 13:12:20.977,1.07775,1.078,1.12,1.00
2016.02.25 13:12:30.458,1.07776,1.078,1.50,1.00
2016.02.25 13:12:30.920,1.07776,1.07801,1.87,1.00
2016.02.25 13:12:32.184,1.07773,1.07798,2.25,1.00
2016.02.25 13:12:34.101,1.07775,1.07798,1.62,1.00
2016.02.25 13:12:36.700,1.07776,1.07797,1.75,1.00
2016.02.25 13:12:37.022,1.07769,1.07794,3.00,1.00
2016.02.25 13:12:37.124,1.0777,1.07797,1.69,1.00
2016.02.25 13:12:37.226,1.0777,1.07797,3.56,1.00
2016.02.25 13:12:37.539,1.07775,1.07798,1.75,1.00
2016.02.25 13:12:39.949,1.07776,1.078,2.25,1.00
2016.02.25 13:12:40.000,1.07776,1.07798,1.75,1.00
2016.02.25 13:12:40.305,1.07769,1.07791,1.37,1.00
2016.02.25 13:12:40.356,1.07769,1.07791,1.12,1.00
2016.02.25 13:12:41.045,1.07773,1.07795,1.00,1.00
2016.02.25 13:12:41.513,1.07775,1.07795,1.00,1.00
2016.02.25 13:12:42.037,1.07775,1.07796,1.00,1.00
2016.02.25 13:12:42.894,1.07774,1.07796,1.00,1.00
2016.02.25 13:12:43.578,1.07774,1.07794,1.00,1.00
2016.02.25 13:12:43.730,1.0777,1.07792,2.44,1.00
2016.02.25 13:12:45.702,1.07767,1.07791,3.00,1.00
2016.02.25 13:12:45.804,1.07767,1.07789,2.25,1.00
2016.02.25 13:12:45.855,1.07767,1.07789,1.50,1.00
2016.02.25 13:12:47.233,1.07765,1.07789,1.50,1.00
2016.02.25 13:12:48.644,1.07767,1.07791,1.50,1.00
2016.02.25 13:12:48.745,1.07768,1.07791,1.31,1.00
2016.02.25 13:12:49.542,1.07767,1.07791,1.87,1.00
2016.02.25 13:12:50.049,1.0777,1.07791,1.00,1.00
2016.02.25 13:12:50.828,1.07767,1.07791,1.50,1.00
2016.02.25 13:12:51.185,1.07771,1.07792,1.00,1.00
2016.02.25 13:12:51.388,1.07773,1.07795,1.00,1.00
2016.02.25 13:12:51.489,1.07775,1.07797,1.00,1.00
2016.02.25 13:12:53.440,1.07775,1.07799,1.00,1.00
2016.02.25 13:12:53.946,1.07776,1.078,1.00,1.00
2016.02.25 13:12:54.432,1.07775,1.07798,1.00,1.00
2016.02.25 13:12:54.584,1.07771,1.07798,1.50,1.12
2016.02.25 13:12:54.635,1.07773,1.07798,1.00,1.12
2016.02.25 13:12:54.686,1.07773,1.078,2.25,1.50
2016.02.25 13:12:56.897,1.07771,1.07799,1.87,1.00
2016.02.25 13:12:56.948,1.07771,1.07796,1.87,1.00
2016.02.25 13:12:57.457,1.07771,1.07796,1.50,1.00
2016.02.25 13:12:57.721,1.07767,1.07794,2.25,1.00
2016.02.25 13:12:59.549,1.0777,1.07794,1.00,1.00
2016.02.25 13:12:59.853,1.07772,1.07795,1.00,1.00
2016.02.25 13:13:00.641,1.07772,1.07796,1.00,1.00
2016.02.25 13:13:01.146,1.07772,1.07795,1.00,1.00
2016.02.25 13:13:01.248,1.07767,1.07794,1.87,1.00
2016.02.25 13:13:01.299,1.07767,1.07794,1.50,2.25
2016.02.25 13:13:01.842,1.07767,1.07792,1.00,1.00
2016.02.25 13:13:02.145,1.07767,1.07794,1.50,1.00
2016.02.25 13:13:02.246,1.07771,1.07794,1.00,1.00
2016.02.25 13:13:02.882,1.07775,1.07799,1.75,1.00
2016.02.25 13:13:07.596,1.07774,1.07799,3.07,1.00
2016.02.25 13:13:07.697,1.07774,1.07799,3.07,1.00
2016.02.25 13:13:16.347,1.07777,1.07799,1.00,1.00
2016.02.25 13:13:22.449,1.07777,1.07797,1.00,1.00
2016.02.25 13:13:23.051,1.07777,1.07797,1.37,1.00
2016.02.25 13:13:23.467,1.07776,1.07799,1.12,1.00
2016.02.25 13:13:23.518,1.07779,1.07799,1.00,1.00
2016.02.25 13:13:23.821,1.07785,1.07803,2.25,1.00
2016.02.25 13:13:24.645,1.07784,1.078,2.25,1.00
2016.02.25 13:13:24.899,1.07784,1.07803,2.25,1.00
2016.02.25 13:13:25.506,1.07789,1.07803,1.00,1.00
2016.02.25 13:13:26.711,1.07785,1.07803,1.75,1.00
2016.02.25 13:13:28.625,1.07785,1.078,1.75,1.00
2016.02.25 13:13:30.154,1.07783,1.07803,1.75,1.00
2016.02.25 13:13:31.663,1.07784,1.078,1.75,1.00
2016.02.25 13:13:31.814,1.07782,1.07797,1.00,1.00
2016.02.25 13:13:31.966,1.07778,1.07797,1.50,1.00
2016.02.25 13:13:32.512,1.07779,1.07797,1.50,1.00
2016.02.25 13:13:32.615,1.07779,1.078,1.50,1.00
2016.02.25 13:13:32.666,1.07781,1.078,1.37,1.00
2016.02.25 13:13:35.056,1.07783,1.07801,1.00,1.00
2016.02.25 13:13:37.972,1.07783,1.07805,1.00,1.00
2016.02.25 13:13:38.023,1.07785,1.07807,1.00,1.00
2016.02.25 13:13:38.328,1.07788,1.07806,1.75,1.00
2016.02.25 13:13:38.378,1.07788,1.07806,1.50,1.00
2016.02.25 13:13:38.429,1.07788,1.07806,1.12,1.00
2016.02.25 13:13:39.136,1.0779,1.07806,1.00,1.00
2016.02.25 13:13:39.440,1.07787,1.07804,1.50,1.00
2016.02.25 13:13:40.302,1.07788,1.07809,1.12,1.00
2016.02.25 13:13:41.061,1.07788,1.07811,1.12,1.50
2016.02.25 13:13:41.162,1.07789,1.07814,1.00,1.00
2016.02.25 13:13:41.213,1.07793,1.07816,1.00,1.00
2016.02.25 13:13:42.817,1.07795,1.07817,1.00,1.00
2016.02.25 13:13:43.051,1.07795,1.0782,1.00,1.20
2016.02.25 13:13:43.591,1.07794,1.07816,1.00,1.00
2016.02.25 13:13:43.642,1.07797,1.0782,1.00,1.95
2016.02.25 13:13:43.750,1.07795,1.07818,1.00,1.00
2016.02.25 13:13:43.800,1.07792,1.07816,1.00,1.00
2016.02.25 13:13:43.851,1.0779,1.07815,1.00,1.00
2016.02.25 13:13:43.902,1.07794,1.07816,1.00,1.00
2016.02.25 13:13:43.953,1.07796,1.07819,1.00,1.00
2016.02.25 13:13:44.236,1.07794,1.07817,1.00,1.00
2016.02.25 13:13:47.305,1.07791,1.07816,1.00,1.00
2016.02.25 13:13:48.011,1.07793,1.07818,1.00,1.00
2016.02.25 13:13:48.324,1.07791,1.07816,1.00,1.00
2016.02.25 13:13:51.826,1.0779,1.07813,1.00,1.00
2016.02.25 13:13:56.841,1.07791,1.07814,1.00,1.00
2016.02.25 13:13:57.770,1.07793,1.07814,1.00,1.00
2016.02.25 13:13:58.335,1.07793,1.07811,1.00,1.00
2016.02.25 13:13:59.569,1.0779,1.07811,1.12,1.00
2016.02.25 13:14:02.530,1.07789,1.07807,1.87,1.00
2016.02.25 13:14:02.631,1.07789,1.07812,1.37,1.00
2016.02.25 13:14:03.863,1.07794,1.07812,1.00,1.00
2016.02.25 13:14:04.499,1.07794,1.07813,1.00,1.00
2016.02.25 13:14:05.768,1.07792,1.07813,1.50,1.00
2016.02.25 13:14:06.310,1.07793,1.07813,1.00,1.00
2016.02.25 13:14:06.741,1.07793,1.07817,1.00,1.00
2016.02.25 13:14:06.792,1.07802,1.07817,1.00,1.00
2016.02.25 13:14:06.945,1.07802,1.07823,1.00,1.00
2016.02.25 13:14:06.996,1.07804,1.07823,1.00,1.00
2016.02.25 13:14:07.407,1.07803,1.07823,1.75,1.00
2016.02.25 13:14:08.101,1.07807,1.07829,1.00,1.00
2016.02.25 13:14:11.062,1.07807,1.07827,1.00,1.00
2016.02.25 13:14:11.366,1.07814,1.07831,1.00,1.00
2016.02.25 13:14:12.937,1.07814,1.07833,1.00,1.00
2016.02.25 13:14:16.448,1.07812,1.07833,1.00,1.00
2016.02.25 13:14:21.646,1.07814,1.07833,1.00,1.00
2016.02.25 13:14:28.104,1.07813,1.07833,1.00,1.00
2016.02.25 13:14:28.623,1.0781,1.07833,1.00,1.00
2016.02.25 13:14:30.552,1.07813,1.07833,1.00,1.00
2016.02.25 13:14:30.755,1.07815,1.07837,1.00,1.00
2016.02.25 13:14:30.906,1.07813,1.07836,1.00,1.00
2016.02.25 13:14:30.958,1.07813,1.07833,1.00,1.00
2016.02.25 13:14:31.197,1.07813,1.07836,1.00,1.00
2016.02.25 13:14:31.790,1.07813,1.07835,1.00,1.00
2016.02.25 13:14:31.892,1.07811,1.07834,1.00,1.00
2016.02.25 13:14:33.277,1.07812,1.07834,1.00,1.00
2016.02.25 13:14:34.932,1.07811,1.07834,1.00,1.00
2016.02.25 13:14:41.004,1.07807,1.0783,1.37,1.00
2016.02.25 13:14:41.063,1.07807,1.07832,1.00,1.00
2016.02.25 13:14:41.114,1.07809,1.07833,1.00,1.00
2016.02.25 13:14:41.788,1.07808,1.07831,1.00,1.00
2016.02.25 13:14:42.840,1.07812,1.07832,1.50,1.00
2016.02.25 13:14:42.942,1.07812,1.07835,1.00,1.50
2016.02.25 13:14:43.094,1.0781,1.07835,1.50,1.50
2016.02.25 13:14:43.245,1.07813,1.07835,1.00,1.00
2016.02.25 13:14:43.775,1.07813,1.07836,1.00,1.00
2016.02.25 13:14:47.443,1.07813,1.07835,1.00,1.00
2016.02.25 13:14:47.637,1.07811,1.07835,1.00,1.00
2016.02.25 13:14:48.174,1.07812,1.07836,1.00,1.00
2016.02.25 13:14:48.225,1.07812,1.07838,1.00,1.50
2016.02.25 13:14:48.377,1.07814,1.07835,1.00,1.00
2016.02.25 13:14:48.428,1.07814,1.07839,1.50,1.00
2016.02.25 13:14:49.678,1.07816,1.0784,1.00,1.00
2016.02.25 13:14:50.114,1.07822,1.07842,1.00,1.00
2016.02.25 13:14:50.166,1.0782,1.07842,1.00,1.00
2016.02.25 13:14:50.704,1.07819,1.07842,1.00,1.00
2016.02.25 13:14:53.065,1.07817,1.07842,1.01,1.00
2016.02.25 13:14:53.569,1.07817,1.07842,1.00,1.37
2016.02.25 13:14:55.067,1.07817,1.07839,1.00,1.00
2016.02.25 13:14:55.448,1.07817,1.07839,1.37,1.00
2016.02.25 13:14:55.499,1.07818,1.07844,1.64,1.00
2016.02.25 13:14:56.732,1.07818,1.07844,1.01,1.00
2016.02.25 13:14:57.474,1.07817,1.07844,1.01,1.50
2016.02.25 13:14:58.695,1.07818,1.07844,1.00,1.00
2016.02.25 13:14:59.495,1.07813,1.07839,3.22,1.00
2016.02.25 13:14:59.647,1.0781,1.07836,1.50,1.75
2016.02.25 13:14:59.799,1.07808,1.07834,1.00,1.12
2016.02.25 13:14:59.901,1.07813,1.07834,1.00,1.12
2016.02.25 13:15:00.053,1.07816,1.07839,1.16,1.07
2016.02.25 13:15:00.298,1.07816,1.07841,1.97,1.00
2016.02.25 13:15:00.349,1.07816,1.07841,1.41,1.00
2016.02.25 13:15:00.552,1.07816,1.07839,1.97,1.00
2016.02.25 13:15:00.704,1.07816,1.07841,1.72,1.00
2016.02.25 13:15:01.008,1.07816,1.07841,1.41,1.00
2016.02.25 13:15:01.532,1.07816,1.07841,1.00,1.00
2016.02.25 13:15:02.035,1.07814,1.07841,1.00,2.25
2016.02.25 13:15:03.519,1.07814,1.07838,1.00,1.00
2016.02.25 13:15:05.085,1.07812,1.07838,1.50,1.00
2016.02.25 13:15:05.507,1.07812,1.0784,1.50,1.50
2016.02.25 13:15:05.861,1.07812,1.07837,1.50,1.00
2016.02.25 13:15:06.863,1.07812,1.07839,1.50,1.00
2016.02.25 13:15:07.285,1.07812,1.07837,1.50,1.00
2016.02.25 13:15:09.358,1.07812,1.07839,1.50,1.00
2016.02.25 13:15:10.148,1.07812,1.07838,1.00,1.00
2016.02.25 13:15:13.758,1.07812,1.07835,1.00,1.00
2016.02.25 13:15:14.408,1.07812,1.07837,1.00,1.00
2016.02.25 13:15:15.219,1.07812,1.07836,1.00,1.00
2016.02.25 13:15:16.882,1.0781,1.07836,1.00,1.00
2016.02.25 13:15:17.387,1.0781,1.07835,1.00,1.00
2016.02.25 13:15:19.821,1.0781,1.07834,1.00,1.00
2016.02.25 13:15:23.837,1.0781,1.07831,1.00,1.00
2016.02.25 13:15:23.888,1.07807,1.07831,1.50,1.00
2016.02.25 13:15:23.939,1.07807,1.07831,1.00,1.12
2016.02.25 13:15:24.143,1.07804,1.07828,1.00,1.00
2016.02.25 13:15:24.447,1.07804,1.07826,1.00,1.00
2016.02.25 13:15:24.675,1.07802,1.07826,1.00,1.00
2016.02.25 13:15:25.625,1.07804,1.07826,1.00,1.00
2016.02.25 13:15:25.676,1.07804,1.07828,1.00,1.00
2016.02.25 13:15:26.676,1.07804,1.07826,1.00,1.00
2016.02.25 13:15:27.218,1.07804,1.07829,1.00,1.00
2016.02.25 13:15:27.269,1.07806,1.07829,1.00,1.00
2016.02.25 13:15:27.775,1.07805,1.07829,1.00,1.50
2016.02.25 13:15:28.127,1.07807,1.0783,1.00,1.12
2016.02.25 13:15:28.228,1.07807,1.07833,1.00,1.00
2016.02.25 13:15:29.290,1.07807,1.07832,1.00,1.00
2016.02.25 13:15:29.553,1.0781,1.07832,1.00,1.00
2016.02.25 13:15:32.358,1.0781,1.07833,1.00,1.00
2016.02.25 13:15:43.930,1.07807,1.07831,1.00,1.00
2016.02.25 13:15:47.764,1.07809,1.07833,1.00,1.00
2016.02.25 13:15:52.856,1.07808,1.07833,1.00,1.50
2016.02.25 13:15:55.337,1.07807,1.0783,1.00,1.00
2016.02.25 13:15:55.387,1.0781,1.07834,1.00,1.00
2016.02.25 13:16:00.063,1.07807,1.07827,1.00,1.00
2016.02.25 13:16:04.234,1.07807,1.0783,1.27,1.00
2016.02.25 13:16:07.252,1.07811,1.07835,1.00,1.00
2016.02.25 13:16:07.354,1.07814,1.07835,1.00,1.00
2016.02.25 13:16:07.674,1.07815,1.0784,1.87,1.00
2016.02.25 13:16:08.564,1.07815,1.07839,1.12,1.00
2016.02.25 13:16:10.031,1.07815,1.0784,1.87,1.00
2016.02.25 13:16:10.081,1.07815,1.07837,1.12,1.00
2016.02.25 13:16:12.634,1.07815,1.07836,1.12,1.00
2016.02.25 13:16:15.683,1.07811,1.07834,2.25,1.00
2016.02.25 13:16:15.734,1.07811,1.07834,1.00,1.00
2016.02.25 13:16:15.785,1.07808,1.07832,1.50,1.00
2016.02.25 13:16:15.836,1.07807,1.07831,1.50,1.00
2016.02.25 13:16:16.342,1.07812,1.07832,1.00,1.00
2016.02.25 13:16:16.392,1.07812,1.07834,1.00,1.00
2016.02.25 13:16:16.735,1.07816,1.07839,1.00,1.50
2016.02.25 13:16:16.840,1.07815,1.07839,1.75,1.00
2016.02.25 13:16:17.197,1.07816,1.07841,1.75,1.00
2016.02.25 13:16:17.248,1.07818,1.07844,1.12,1.00
2016.02.25 13:16:17.350,1.07819,1.07842,1.00,1.00
2016.02.25 13:16:20.039,1.07817,1.07842,1.50,1.00
2016.02.25 13:16:20.461,1.07814,1.07836,1.75,1.00
2016.02.25 13:16:20.512,1.07814,1.07837,1.00,1.00
2016.02.25 13:16:24.198,1.07814,1.07838,1.00,1.00
2016.02.25 13:16:24.487,1.07814,1.07839,1.75,1.00
2016.02.25 13:16:24.596,1.07818,1.07841,1.12,1.00
2016.02.25 13:16:24.798,1.07819,1.07843,1.50,1.00
2016.02.25 13:16:30.024,1.07819,1.07844,1.00,1.00
2016.02.25 13:16:32.312,1.07819,1.07841,1.00,1.00
2016.02.25 13:16:36.163,1.07819,1.07843,1.00,1.00
2016.02.25 13:16:37.187,1.07819,1.07841,1.00,1.00
2016.02.25 13:16:37.288,1.07816,1.07839,1.00,1.00
2016.02.25 13:16:37.440,1.07814,1.07839,1.00,1.00
2016.02.25 13:16:37.795,1.07814,1.07837,1.00,1.00
2016.02.25 13:16:38.703,1.07812,1.07833,1.00,1.00
2016.02.25 13:16:39.007,1.0781,1.07831,1.00,1.00
2016.02.25 13:16:39.312,1.07805,1.07829,1.37,1.00
2016.02.25 13:16:39.467,1.07805,1.07826,1.00,1.00
2016.02.25 13:16:42.488,1.07805,1.07828,1.00,1.00
2016.02.25 13:16:42.539,1.07805,1.0783,1.00,1.00
2016.02.25 13:16:42.926,1.07808,1.07833,1.37,1.00
2016.02.25 13:16:43.128,1.07805,1.07832,1.87,1.00
2016.02.25 13:16:43.280,1.07808,1.07832,1.00,1.00
2016.02.25 13:16:43.584,1.07808,1.07832,1.37,1.50
2016.02.25 13:16:43.686,1.07808,1.07831,1.37,1.00
2016.02.25 13:16:43.737,1.07808,1.07831,1.00,1.00
2016.02.25 13:16:44.271,1.07808,1.07833,1.87,1.00
2016.02.25 13:16:44.828,1.07809,1.07834,1.12,1.00
2016.02.25 13:16:45.333,1.07808,1.07832,1.37,1.00
2016.02.25 13:16:46.896,1.07804,1.07829,1.00,1.00
2016.02.25 13:16:47.426,1.07804,1.07828,1.00,1.00
2016.02.25 13:16:47.830,1.07804,1.0783,1.00,1.00
2016.02.25 13:16:49.053,1.07804,1.0783,1.75,1.00
2016.02.25 13:16:50.127,1.07807,1.07834,1.50,1.50
2016.02.25 13:16:50.178,1.07807,1.07834,1.87,1.50
2016.02.25 13:16:50.532,1.07809,1.07836,1.50,1.00
2016.02.25 13:16:51.038,1.07812,1.07837,1.50,1.00
2016.02.25 13:16:51.456,1.07809,1.07831,1.00,1.00
2016.02.25 13:17:00.357,1.07806,1.07831,1.00,1.00
2016.02.25 13:17:01.873,1.07806,1.0783,1.00,1.00
2016.02.25 13:17:02.076,1.07806,1.07829,1.00,1.37
2016.02.25 13:17:02.575,1.07801,1.07828,1.00,2.25
2016.02.25 13:17:02.778,1.07801,1.07825,1.00,1.00
2016.02.25 13:17:03.944,1.07799,1.07825,1.00,1.00
2016.02.25 13:17:04.649,1.07797,1.07824,1.87,1.00
2016.02.25 13:17:04.801,1.07797,1.07824,1.50,1.37
2016.02.25 13:17:05.513,1.07797,1.07824,1.50,1.00
2016.02.25 13:17:05.765,1.07799,1.07827,1.00,1.37
2016.02.25 13:17:06.146,1.07807,1.07827,1.00,1.00
2016.02.25 13:17:06.197,1.07807,1.07832,1.00,1.00
2016.02.25 13:17:06.502,1.07807,1.07834,1.50,1.00
2016.02.25 13:17:06.909,1.07807,1.07834,1.50,1.00
2016.02.25 13:17:07.293,1.0781,1.07834,1.00,1.00
2016.02.25 13:17:09.045,1.07807,1.07834,1.50,1.00
2016.02.25 13:17:09.551,1.07807,1.07833,1.00,1.00
2016.02.25 13:17:13.567,1.07809,1.07835,1.00,1.12
2016.02.25 13:17:25.779,1.0781,1.07836,1.00,1.00
2016.02.25 13:17:29.380,1.07807,1.07833,1.00,1.00
2016.02.25 13:17:31.524,1.07811,1.07836,1.00,1.00
2016.02.25 13:17:31.856,1.07816,1.07841,1.87,1.00
2016.02.25 13:17:32.008,1.07817,1.07844,1.50,1.00
2016.02.25 13:17:32.059,1.0782,1.07844,1.00,1.00
2016.02.25 13:17:32.521,1.0782,1.07842,1.50,1.00
2016.02.25 13:17:32.724,1.07817,1.07842,1.00,1.00
2016.02.25 13:17:33.368,1.07819,1.07842,1.00,1.00
2016.02.25 13:17:33.419,1.07819,1.07844,1.00,1.00
2016.02.25 13:17:36.245,1.07819,1.07843,1.00,1.00
2016.02.25 13:17:36.348,1.07825,1.07843,1.00,1.00
2016.02.25 13:17:36.399,1.07825,1.07845,1.00,1.00
2016.02.25 13:17:36.450,1.07817,1.07845,1.75,1.00
2016.02.25 13:17:37.108,1.07817,1.07843,1.75,1.00
2016.02.25 13:17:37.564,1.07817,1.0784,1.75,1.00
2016.02.25 13:17:37.666,1.07817,1.07839,1.00,1.00
2016.02.25 13:17:38.021,1.07814,1.07839,1.00,1.00
2016.02.25 13:17:38.275,1.07814,1.07837,1.00,1.00
2016.02.25 13:17:38.637,1.07812,1.07837,1.00,1.00
2016.02.25 13:17:39.124,1.07811,1.07834,1.00,1.00
2016.02.25 13:17:40.188,1.0781,1.07834,1.00,1.00
2016.02.25 13:17:40.340,1.07811,1.07839,1.00,1.75
2016.02.25 13:17:40.391,1.07812,1.07839,1.00,1.00
2016.02.25 13:17:40.492,1.07814,1.07841,1.00,1.00
2016.02.25 13:17:40.795,1.0782,1.07841,1.00,1.00
2016.02.25 13:17:41.311,1.0782,1.07842,1.00,1.00
2016.02.25 13:17:41.980,1.0782,1.07845,1.00,1.50
2016.02.25 13:17:46.362,1.07819,1.07845,1.00,1.50
2016.02.25 13:17:46.849,1.07816,1.07841,1.00,1.12
2016.02.25 13:17:47.161,1.07815,1.07839,1.00,1.00
2016.02.25 13:17:49.611,1.07816,1.07841,1.00,1.50
2016.02.25 13:17:49.763,1.07818,1.07841,1.00,1.00
2016.02.25 13:17:49.813,1.07818,1.07844,1.00,1.00
2016.02.25 13:17:49.915,1.07819,1.07846,1.00,1.12
2016.02.25 13:17:50.432,1.0782,1.07846,1.00,1.12
2016.02.25 13:17:51.645,1.07819,1.07846,1.00,1.12
2016.02.25 13:17:54.297,1.07818,1.07844,1.00,1.00
2016.02.25 13:17:57.096,1.07818,1.07841,1.00,1.00
2016.02.25 13:17:57.248,1.07811,1.07836,1.50,1.00
2016.02.25 13:17:57.652,1.07809,1.07835,1.50,1.37
2016.02.25 13:17:58.154,1.07816,1.07838,1.00,2.25
2016.02.25 13:17:58.356,1.07819,1.07838,1.00,1.00
2016.02.25 13:17:58.407,1.07819,1.07841,1.00,1.69
2016.02.25 13:17:58.913,1.0782,1.07842,1.00,1.57
2016.02.25 13:17:59.302,1.07822,1.07842,1.00,1.57
2016.02.25 13:17:59.758,1.0782,1.07842,1.00,2.14
2016.02.25 13:18:00.013,1.0782,1.07838,1.00,1.12
2016.02.25 13:18:00.115,1.07817,1.07838,1.00,1.50
2016.02.25 13:18:00.317,1.07815,1.07838,1.00,1.50
2016.02.25 13:18:00.987,1.07819,1.0784,1.00,2.14
2016.02.25 13:18:01.291,1.07825,1.07847,1.00,1.00
2016.02.25 13:18:01.392,1.07827,1.07847,1.00,1.00
2016.02.25 13:18:01.903,1.07827,1.07848,1.00,1.50
2016.02.25 13:18:02.610,1.07825,1.07848,1.00,1.50
2016.02.25 13:18:02.662,1.07825,1.07845,1.00,1.00
2016.02.25 13:18:03.192,1.07825,1.07844,1.00,1.00
2016.02.25 13:18:08.244,1.07823,1.07844,1.00,1.00
2016.02.25 13:18:10.097,1.0782,1.07844,1.00,1.50
2016.02.25 13:18:13.084,1.07825,1.07844,1.00,1.00
2016.02.25 13:18:17.115,1.07823,1.07844,1.00,1.00
2016.02.25 13:18:18.102,1.07819,1.07844,1.00,1.00
2016.02.25 13:18:22.962,1.07819,1.07838,1.00,1.00
2016.02.25 13:18:23.013,1.07815,1.07838,1.00,1.00
2016.02.25 13:18:23.242,1.07812,1.07837,2.06,1.50
2016.02.25 13:18:23.448,1.07809,1.07834,1.00,1.00
2016.02.25 13:18:24.739,1.07809,1.07829,1.00,1.00
2016.02.25 13:18:25.480,1.07809,1.07832,1.00,1.50
2016.02.25 13:18:25.981,1.07809,1.07832,1.00,1.00
2016.02.25 13:18:28.499,1.07812,1.07832,1.00,1.00
2016.02.25 13:18:28.549,1.07812,1.07834,1.00,1.00
2016.02.25 13:18:28.600,1.0782,1.07836,1.00,1.37
2016.02.25 13:18:28.651,1.0782,1.07838,1.00,1.00
2016.02.25 13:18:28.753,1.0782,1.0784,1.00,1.00
2016.02.25 13:18:28.805,1.07826,1.07842,1.00,1.00
2016.02.25 13:18:29.110,1.07829,1.07845,1.00,1.00
2016.02.25 13:18:29.161,1.07823,1.07848,1.00,1.00
2016.02.25 13:18:29.364,1.07825,1.07848,1.00,1.00
2016.02.25 13:18:29.886,1.07826,1.07848,1.00,1.00
2016.02.25 13:18:29.937,1.07826,1.0785,1.00,1.00
2016.02.25 13:18:30.448,1.07825,1.0785,1.50,1.00
2016.02.25 13:18:30.651,1.07827,1.07851,1.00,1.00
2016.02.25 13:18:34.481,1.07827,1.0785,1.00,1.00
2016.02.25 13:18:35.848,1.07827,1.07852,1.00,1.00
2016.02.25 13:18:41.055,1.07827,1.07853,1.00,1.00
2016.02.25 13:18:43.507,1.07827,1.07851,1.00,1.00
2016.02.25 13:18:43.947,1.07827,1.07848,1.00,1.00
2016.02.25 13:18:43.999,1.0782,1.07845,1.00,1.00
2016.02.25 13:18:45.436,1.0782,1.07848,1.00,1.50
2016.02.25 13:18:45.589,1.07824,1.0785,1.00,1.00
2016.02.25 13:18:46.095,1.07825,1.0785,1.00,1.00
2016.02.25 13:18:46.948,1.07824,1.07845,1.00,1.00
2016.02.25 13:18:47.252,1.07821,1.0784,1.00,1.00
2016.02.25 13:18:47.303,1.07817,1.0784,1.00,1.00
2016.02.25 13:18:47.404,1.07814,1.0784,1.00,1.00
2016.02.25 13:18:53.420,1.07818,1.0784,1.75,1.00
2016.02.25 13:18:53.471,1.07821,1.07845,1.12,1.00
2016.02.25 13:18:56.039,1.07821,1.07848,1.50,1.00
2016.02.25 13:18:56.090,1.07821,1.0785,1.87,1.50
2016.02.25 13:18:59.059,1.07821,1.07848,1.87,1.00
2016.02.25 13:18:59.362,1.07823,1.0785,1.00,1.50
2016.02.25 13:18:59.867,1.07823,1.07849,1.00,1.00
2016.02.25 13:19:00.876,1.07826,1.07849,1.00,1.00
2016.02.25 13:19:02.441,1.07827,1.0785,1.00,1.37
2016.02.25 13:19:02.543,1.07827,1.07854,1.50,1.12
2016.02.25 13:19:03.479,1.07825,1.07854,1.50,1.12
2016.02.25 13:19:04.356,1.07828,1.07854,1.00,1.12
2016.02.25 13:19:04.894,1.07831,1.07858,1.00,1.75
2016.02.25 13:19:05.842,1.07834,1.07858,1.00,1.75
2016.02.25 13:19:05.944,1.07834,1.07858,1.00,1.00
2016.02.25 13:19:06.146,1.07834,1.0786,1.00,1.00
2016.02.25 13:19:07.165,1.07834,1.0786,1.56,1.50
2016.02.25 13:19:07.317,1.07834,1.0786,1.00,1.50
2016.02.25 13:19:08.135,1.07834,1.07859,1.00,1.00
2016.02.25 13:19:09.330,1.07834,1.0786,1.00,1.50
2016.02.25 13:19:10.849,1.07834,1.07859,1.00,1.00
2016.02.25 13:19:11.354,1.07835,1.07859,1.00,1.00
2016.02.25 13:19:12.458,1.07836,1.07859,1.00,1.00
2016.02.25 13:19:12.965,1.07835,1.07859,1.50,1.00
2016.02.25 13:19:13.985,1.07837,1.07859,1.00,1.00
2016.02.25 13:19:14.490,1.07837,1.0786,1.00,1.50
2016.02.25 13:19:15.028,1.07835,1.07859,1.00,1.00
2016.02.25 13:19:15.079,1.07833,1.07858,1.00,1.75
2016.02.25 13:19:15.333,1.07831,1.07859,1.00,1.75
2016.02.25 13:19:15.637,1.07834,1.07857,1.00,1.75
2016.02.25 13:19:15.941,1.07836,1.07857,1.00,1.00
2016.02.25 13:19:16.218,1.07838,1.07861,1.50,1.37
2016.02.25 13:19:17.809,1.07838,1.07861,1.00,1.00
2016.02.25 13:19:18.496,1.07838,1.07863,1.00,1.00
2016.02.25 13:19:18.954,1.0784,1.07863,1.00,1.00
2016.02.25 13:19:19.458,1.0784,1.07864,1.00,1.87
2016.02.25 13:19:22.325,1.0784,1.07862,1.00,1.00
2016.02.25 13:19:23.199,1.0784,1.07861,1.00,1.00
2016.02.25 13:19:23.729,1.0784,1.07862,1.00,1.00
2016.02.25 13:19:24.230,1.0784,1.07861,1.00,1.00
2016.02.25 13:19:25.036,1.0784,1.07862,1.00,1.00
2016.02.25 13:19:25.764,1.0784,1.07861,1.00,1.00
2016.02.25 13:19:26.293,1.0784,1.07862,1.00,1.00
2016.02.25 13:19:26.901,1.0784,1.07861,1.00,1.00
2016.02.25 13:19:27.456,1.0784,1.07862,1.00,1.00
2016.02.25 13:19:27.963,1.0784,1.07861,1.00,1.00
2016.02.25 13:19:29.268,1.0784,1.07862,1.00,1.00
2016.02.25 13:19:29.820,1.0784,1.07861,1.00,1.00
2016.02.25 13:19:30.550,1.0784,1.07862,1.00,1.00
2016.02.25 13:19:30.866,1.0784,1.07862,1.00,1.75
2016.02.25 13:19:31.583,1.07843,1.07861,1.00,1.50
2016.02.25 13:19:32.284,1.07843,1.07859,1.00,1.00
2016.02.25 13:19:33.116,1.07843,1.0786,1.00,1.12
2016.02.25 13:19:33.639,1.07843,1.07859,1.00,1.00
2016.02.25 13:19:34.142,1.07843,1.0786,1.00,1.12
2016.02.25 13:19:34.652,1.07843,1.07859,1.00,1.00
2016.02.25 13:19:35.207,1.07843,1.07857,1.00,1.00
2016.02.25 13:19:40.563,1.07843,1.07856,1.00,1.00
2016.02.25 13:19:41.067,1.07843,1.07857,1.00,1.00
2016.02.25 13:19:41.666,1.07844,1.07857,1.00,1.00
2016.02.25 13:19:42.221,1.0784,1.07864,1.00,1.12
2016.02.25 13:19:42.272,1.0784,1.07861,1.00,1.00
2016.02.25 13:19:42.576,1.0784,1.07862,1.00,1.75
2016.02.25 13:19:42.677,1.07838,1.07862,1.00,1.75
2016.02.25 13:19:42.829,1.07836,1.07859,1.00,1.12
2016.02.25 13:19:43.031,1.07834,1.07854,1.00,1.00
2016.02.25 13:19:43.270,1.07834,1.07857,1.00,1.10
2016.02.25 13:19:43.473,1.07833,1.07857,1.00,1.95
2016.02.25 13:19:44.669,1.07835,1.07857,1.00,1.47
2016.02.25 13:19:45.185,1.07835,1.07857,1.00,1.00
2016.02.25 13:19:49.129,1.07835,1.0786,1.00,1.57
2016.02.25 13:19:49.836,1.07833,1.07859,1.00,1.12
2016.02.25 13:19:50.362,1.07834,1.07859,1.00,1.87
2016.02.25 13:19:50.565,1.07836,1.07859,1.00,1.12
2016.02.25 13:19:50.717,1.07834,1.07858,1.00,1.00
2016.02.25 13:19:52.579,1.07834,1.07857,1.00,1.00
2016.02.25 13:19:55.725,1.07832,1.07857,1.50,1.00
2016.02.25 13:19:55.826,1.07834,1.07857,1.00,1.00
2016.02.25 13:19:56.151,1.07837,1.07857,1.00,1.00
2016.02.25 13:19:56.303,1.07838,1.0786,1.00,1.50
2016.02.25 13:19:56.454,1.07837,1.07862,1.00,1.10
2016.02.25 13:19:56.556,1.0784,1.07862,1.00,1.00
2016.02.25 13:19:56.657,1.07837,1.07862,1.00,1.50
2016.02.25 13:19:56.758,1.07839,1.07862,1.50,1.00
2016.02.25 13:19:57.285,1.07843,1.07862,1.00,1.00
2016.02.25 13:19:57.538,1.07839,1.07862,1.50,1.00
2016.02.25 13:19:57.741,1.07841,1.07862,1.00,1.00
2016.02.25 13:19:58.846,1.07839,1.07862,1.50,1.00
2016.02.25 13:19:59.992,1.0784,1.07862,1.00,1.00
2016.02.25 13:20:00.279,1.07845,1.07862,1.00,1.00
2016.02.25 13:20:00.384,1.07838,1.07862,1.00,1.00
2016.02.25 13:20:00.536,1.07838,1.07862,1.00,2.32
2016.02.25 13:20:00.738,1.07836,1.07861,1.00,1.37
2016.02.25 13:20:00.891,1.07833,1.07856,1.00,1.00
2016.02.25 13:20:01.236,1.07829,1.07855,1.00,1.82
2016.02.25 13:20:01.630,1.07836,1.07856,1.37,1.12
2016.02.25 13:20:01.691,1.07836,1.07858,1.75,1.00
2016.02.25 13:20:01.792,1.07836,1.0786,1.00,1.00
2016.02.25 13:20:01.843,1.07838,1.0786,1.00,1.00
2016.02.25 13:20:01.894,1.07835,1.07859,1.50,1.00
2016.02.25 13:20:01.995,1.07835,1.07859,1.00,1.37
2016.02.25 13:20:02.334,1.07838,1.0786,1.00,1.12
2016.02.25 13:20:02.385,1.0784,1.0786,1.00,1.12
2016.02.25 13:20:02.537,1.07841,1.07863,1.00,1.00
2016.02.25 13:20:02.639,1.07842,1.07866,1.00,1.10
2016.02.25 13:20:03.145,1.0784,1.07864,1.00,1.00
2016.02.25 13:20:03.686,1.07839,1.07864,1.00,1.50
2016.02.25 13:20:04.090,1.07835,1.07862,1.00,1.00
2016.02.25 13:20:05.299,1.07835,1.07862,1.00,1.07
2016.02.25 13:20:07.004,1.07834,1.07857,1.00,1.00
2016.02.25 13:20:07.372,1.07832,1.07853,1.00,1.00
2016.02.25 13:20:07.676,1.07831,1.0785,1.00,1.00
2016.02.25 13:20:07.828,1.0783,1.07852,2.06,1.00
2016.02.25 13:20:08.352,1.0783,1.07852,1.00,1.00
2016.02.25 13:20:08.555,1.07831,1.07849,1.00,1.00
2016.02.25 13:20:09.084,1.0783,1.07849,1.31,1.00
2016.02.25 13:20:09.572,1.0783,1.07849,1.56,1.00
2016.02.25 13:20:10.654,1.0783,1.07849,1.56,1.00
2016.02.25 13:20:11.216,1.0783,1.07849,1.31,1.00
2016.02.25 13:20:12.560,1.0783,1.07851,1.56,1.00
2016.02.25 13:20:12.610,1.0783,1.07854,2.06,1.00
2016.02.25 13:20:12.712,1.07832,1.07856,1.31,1.00
2016.02.25 13:20:12.864,1.07833,1.07856,1.56,1.00
2016.02.25 13:20:13.218,1.07836,1.07857,1.56,1.00
2016.02.25 13:20:13.785,1.07836,1.07857,1.31,1.00
2016.02.25 13:20:14.093,1.07839,1.07857,1.00,1.00
2016.02.25 13:20:14.144,1.07837,1.07857,1.00,1.00
2016.02.25 13:20:14.826,1.07839,1.07857,1.00,1.00
2016.02.25 13:20:16.595,1.07839,1.07857,1.56,1.00
2016.02.25 13:20:17.137,1.07839,1.07857,1.00,1.00
2016.02.25 13:20:19.218,1.07839,1.07861,1.00,1.00
2016.02.25 13:20:19.269,1.07839,1.07861,1.56,1.00
2016.02.25 13:20:19.572,1.07839,1.07859,1.56,1.00
2016.02.25 13:20:20.354,1.07839,1.07859,1.31,1.00
2016.02.25 13:20:21.806,1.07839,1.0786,1.31,1.00
2016.02.25 13:20:22.312,1.07839,1.07859,1.31,1.00
2016.02.25 13:20:24.434,1.0784,1.07859,1.56,1.00
2016.02.25 13:20:24.536,1.0784,1.07859,1.56,1.00
2016.02.25 13:20:25.053,1.0784,1.07859,1.56,1.00
2016.02.25 13:20:25.602,1.0784,1.07859,1.56,1.00
2016.02.25 13:20:26.759,1.07843,1.07853,1.00,1.00
2016.02.25 13:20:26.810,1.07838,1.07855,1.56,1.00
2016.02.25 13:20:26.861,1.07834,1.07855,2.44,1.00
2016.02.25 13:20:26.962,1.07836,1.07855,1.87,1.00
2016.02.25 13:20:27.114,1.0784,1.07861,1.00,1.12
2016.02.25 13:20:27.344,1.07841,1.07859,1.00,1.00
2016.02.25 13:20:27.650,1.07846,1.07862,1.00,1.00
2016.02.25 13:20:27.852,1.07844,1.07862,1.31,1.00
2016.02.25 13:20:28.105,1.07841,1.0786,1.12,1.00
2016.02.25 13:20:28.308,1.0784,1.07862,2.25,1.00
2016.02.25 13:20:29.043,1.07842,1.07862,1.56,1.00
2016.02.25 13:20:29.145,1.07842,1.07862,1.87,1.00
2016.02.25 13:20:30.234,1.07842,1.07862,1.87,1.00
2016.02.25 13:20:30.690,1.07839,1.07861,2.62,1.00
2016.02.25 13:20:30.741,1.07839,1.07859,2.62,1.00
2016.02.25 13:20:30.792,1.07839,1.07859,1.69,1.00
2016.02.25 13:20:31.465,1.07839,1.07859,2.06,1.00
2016.02.25 13:20:31.859,1.07839,1.07855,1.50,1.00
2016.02.25 13:20:32.011,1.07836,1.07856,2.44,1.00
2016.02.25 13:20:32.516,1.07836,1.07856,2.06,1.00
2016.02.25 13:20:32.718,1.07836,1.07854,2.06,1.00
2016.02.25 13:20:35.072,1.07836,1.07854,1.00,1.00
2016.02.25 13:20:36.796,1.07836,1.07854,2.06,1.00
2016.02.25 13:20:37.101,1.0784,1.07854,1.00,1.00
2016.02.25 13:20:37.203,1.0784,1.07857,1.00,1.00
2016.02.25 13:20:37.355,1.07836,1.07857,1.56,1.00
2016.02.25 13:20:37.457,1.07839,1.07857,1.00,1.00
2016.02.25 13:20:38.974,1.07836,1.07853,2.62,1.00
2016.02.25 13:20:39.025,1.07836,1.07853,1.00,1.00
2016.02.25 13:20:39.077,1.07833,1.0785,1.31,1.00
2016.02.25 13:20:39.546,1.07834,1.07854,1.56,1.00
2016.02.25 13:20:39.597,1.07833,1.07854,1.31,1.00
2016.02.25 13:20:39.799,1.07834,1.07854,1.56,1.00
2016.02.25 13:20:40.153,1.07835,1.07854,1.56,1.00
2016.02.25 13:20:40.304,1.07835,1.07856,1.56,1.00
2016.02.25 13:20:40.761,1.07837,1.07856,1.87,1.00
2016.02.25 13:20:40.913,1.07837,1.07856,1.00,1.00
2016.02.25 13:20:41.014,1.07837,1.07856,1.56,1.00
2016.02.25 13:20:41.115,1.07837,1.07856,1.56,1.00
2016.02.25 13:20:41.704,1.07837,1.07856,1.56,1.00
2016.02.25 13:20:42.327,1.07837,1.07856,1.56,1.00
2016.02.25 13:20:42.378,1.07837,1.07858,1.56,1.00
2016.02.25 13:20:42.529,1.07838,1.07861,1.56,1.00
2016.02.25 13:20:42.580,1.07843,1.07861,1.12,1.00
2016.02.25 13:20:42.631,1.07843,1.07863,1.12,1.10
2016.02.25 13:20:42.683,1.07845,1.07859,1.56,1.00
2016.02.25 13:20:42.784,1.07841,1.07859,1.31,1.00
2016.02.25 13:20:42.886,1.07836,1.07859,2.06,1.00
2016.02.25 13:20:42.988,1.0784,1.07859,1.00,1.00
2016.02.25 13:20:43.293,1.07843,1.07861,1.00,1.00
2016.02.25 13:20:43.858,1.07846,1.07863,1.31,1.00
2016.02.25 13:20:44.216,1.07843,1.07863,1.00,1.00
2016.02.25 13:20:44.420,1.07843,1.07865,1.12,1.00
2016.02.25 13:20:44.572,1.07844,1.07865,1.31,1.00
2016.02.25 13:20:44.674,1.07848,1.07865,1.00,1.00
2016.02.25 13:20:44.971,1.07844,1.07865,2.06,1.00
2016.02.25 13:20:45.477,1.07846,1.07865,1.00,1.00
2016.02.25 13:20:46.430,1.07844,1.07865,1.50,1.00
2016.02.25 13:20:46.796,1.07844,1.07863,1.00,1.00
2016.02.25 13:20:47.957,1.0784,1.07861,1.19,1.00
2016.02.25 13:20:48.497,1.0784,1.07861,1.00,1.00
2016.02.25 13:20:49.306,1.0784,1.07863,1.00,1.00
2016.02.25 13:20:49.891,1.07841,1.07864,1.00,1.10
2016.02.25 13:20:49.942,1.07841,1.07864,1.19,1.10
2016.02.25 13:20:50.462,1.07842,1.07864,1.25,1.00
2016.02.25 13:20:51.364,1.07842,1.07864,1.19,1.00
2016.02.25 13:20:51.906,1.07842,1.07864,1.69,1.00
2016.02.25 13:20:53.373,1.07842,1.07864,1.69,1.00
2016.02.25 13:20:53.475,1.07842,1.07867,3.00,1.00
2016.02.25 13:20:53.576,1.07845,1.07867,1.75,1.00
2016.02.25 13:20:54.111,1.07845,1.07867,1.69,1.00
2016.02.25 13:20:54.212,1.07845,1.07867,1.69,1.00
2016.02.25 13:20:54.527,1.07845,1.07862,1.19,1.00
2016.02.25 13:20:54.578,1.07845,1.07862,1.00,1.00
2016.02.25 13:20:54.681,1.07841,1.07862,1.19,1.12
2016.02.25 13:20:54.782,1.07841,1.0786,1.00,1.00
2016.02.25 13:20:55.564,1.07842,1.0786,1.00,1.00
2016.02.25 13:20:55.716,1.07843,1.07865,1.00,1.00
2016.02.25 13:20:55.767,1.07847,1.07865,1.00,1.00
2016.02.25 13:20:55.868,1.07845,1.07865,1.25,1.37
2016.02.25 13:20:55.920,1.07845,1.07868,1.25,1.12
2016.02.25 13:20:57.293,1.07845,1.07868,1.19,1.12
2016.02.25 13:20:58.295,1.07846,1.07868,1.19,1.12
2016.02.25 13:20:58.397,1.07845,1.07866,1.25,1.00
2016.02.25 13:20:58.448,1.07845,1.07863,1.25,1.00
2016.02.25 13:21:00.154,1.07845,1.07863,1.19,1.00
2016.02.25 13:21:00.600,1.07845,1.07865,1.19,1.00
2016.02.25 13:21:01.038,1.07845,1.07865,1.25,1.00
2016.02.25 13:21:01.360,1.07843,1.07863,1.50,1.00
2016.02.25 13:21:01.411,1.07843,1.07867,1.50,1.00
2016.02.25 13:21:01.512,1.07845,1.07867,1.25,1.00
2016.02.25 13:21:02.917,1.07846,1.07867,1.00,1.00
2016.02.25 13:21:03.490,1.07844,1.07867,1.19,1.00
2016.02.25 13:21:04.135,1.07844,1.07867,1.25,1.00
2016.02.25 13:21:04.828,1.07846,1.07867,1.19,1.00
2016.02.25 13:21:05.329,1.07846,1.07867,1.00,1.00
2016.02.25 13:21:05.633,1.07846,1.07867,1.19,1.00
2016.02.25 13:21:06.234,1.07846,1.07867,1.19,1.00
2016.02.25 13:21:06.540,1.07846,1.07868,1.69,1.00
2016.02.25 13:21:07.047,1.07846,1.07868,1.69,1.00
2016.02.25 13:21:07.458,1.07846,1.07868,1.69,1.00
2016.02.25 13:21:09.131,1.07847,1.07868,1.00,1.00
2016.02.25 13:21:12.817,1.07846,1.07868,1.69,1.00
2016.02.25 13:21:13.410,1.07846,1.07868,1.19,1.00
2016.02.25 13:21:13.461,1.07846,1.07868,1.25,1.00
2016.02.25 13:21:14.538,1.07846,1.07869,1.69,1.00
2016.02.25 13:21:14.593,1.0785,1.07869,1.19,1.00
2016.02.25 13:21:15.038,1.07853,1.0787,1.00,1.00
2016.02.25 13:21:15.092,1.07849,1.0787,1.00,1.00
2016.02.25 13:21:15.889,1.07849,1.07868,1.00,1.00
2016.02.25 13:21:18.106,1.07849,1.07867,1.25,1.00
2016.02.25 13:21:18.308,1.07843,1.07865,1.31,1.00
2016.02.25 13:21:18.979,1.07846,1.07867,1.19,1.00
2016.02.25 13:21:19.131,1.07847,1.07869,1.25,1.00
2016.02.25 13:21:19.182,1.07847,1.07869,1.19,1.00
2016.02.25 13:21:20.412,1.07847,1.07869,1.19,1.00
2016.02.25 13:21:23.050,1.07847,1.07869,1.25,1.00
2016.02.25 13:21:23.824,1.07847,1.07869,1.19,1.00
2016.02.25 13:21:25.229,1.07847,1.07869,1.69,1.00
2016.02.25 13:21:27.453,1.07847,1.07869,1.19,1.00
2016.02.25 13:21:28.394,1.07847,1.07869,2.06,1.00
2016.02.25 13:21:28.445,1.07852,1.07869,1.00,1.00
2016.02.25 13:21:28.676,1.07849,1.07869,1.00,1.10
2016.02.25 13:21:29.182,1.07848,1.07869,1.00,1.00
2016.02.25 13:21:29.334,1.07848,1.07869,1.50,1.00
2016.02.25 13:21:29.436,1.07848,1.07869,1.69,1.00
2016.02.25 13:21:29.543,1.07848,1.07869,1.69,1.00
2016.02.25 13:21:30.036,1.07849,1.07869,1.19,1.00
2016.02.25 13:21:30.556,1.07849,1.07869,1.19,1.00
2016.02.25 13:21:30.961,1.07849,1.07869,1.25,1.00
2016.02.25 13:21:31.854,1.07848,1.07869,1.50,1.00
2016.02.25 13:21:32.465,1.07848,1.07868,1.00,1.00
2016.02.25 13:21:33.268,1.07848,1.07866,1.00,1.00
2016.02.25 13:21:37.335,1.07846,1.07866,1.69,1.00
2016.02.25 13:21:38.512,1.07846,1.07867,1.50,1.00
2016.02.25 13:21:39.302,1.07848,1.07867,1.00,1.00
2016.02.25 13:21:40.859,1.07847,1.07867,1.00,1.00
2016.02.25 13:21:41.371,1.07846,1.07867,1.50,1.00
2016.02.25 13:21:43.468,1.07846,1.07868,1.00,1.00
2016.02.25 13:21:44.830,1.07847,1.07868,1.00,1.00
2016.02.25 13:21:45.135,1.07849,1.07868,1.00,1.00
2016.02.25 13:21:45.439,1.07849,1.07871,1.00,1.00
2016.02.25 13:21:49.418,1.07849,1.07868,1.00,1.00
2016.02.25 13:21:49.671,1.07846,1.07868,1.00,1.00
2016.02.25 13:21:51.537,1.07846,1.07867,1.00,1.00
2016.02.25 13:21:52.453,1.07846,1.07867,1.56,1.00
2016.02.25 13:21:52.981,1.07846,1.07867,1.00,1.00
2016.02.25 13:22:00.627,1.07846,1.07869,1.50,1.00
2016.02.25 13:22:03.013,1.07846,1.07868,1.00,1.00
2016.02.25 13:22:08.018,1.07846,1.07867,1.00,1.00
2016.02.25 13:22:12.431,1.07846,1.07866,1.00,1.00
2016.02.25 13:22:13.235,1.07846,1.07864,1.00,1.00
2016.02.25 13:22:13.286,1.07842,1.07864,1.87,1.00
2016.02.25 13:22:13.337,1.07844,1.07864,1.00,1.00
2016.02.25 13:22:13.718,1.07842,1.07863,1.12,1.00
2016.02.25 13:22:13.883,1.07842,1.07861,1.12,1.00
2016.02.25 13:22:14.397,1.07842,1.07862,1.12,1.00
2016.02.25 13:22:17.960,1.07845,1.07862,1.00,1.00
2016.02.25 13:22:19.736,1.07845,1.07865,1.00,1.00
2016.02.25 13:22:19.888,1.07845,1.07867,1.00,1.00
2016.02.25 13:22:20.556,1.07845,1.07868,1.50,1.00
2016.02.25 13:22:21.025,1.07848,1.07868,1.00,1.00
2016.02.25 13:22:25.792,1.07848,1.07869,1.00,1.00
2016.02.25 13:22:29.690,1.07846,1.07869,1.00,1.00
2016.02.25 13:22:29.741,1.07844,1.07867,1.87,1.00
2016.02.25 13:22:30.045,1.07847,1.07867,1.00,1.00
2016.02.25 13:22:30.552,1.07847,1.07866,1.00,1.00
2016.02.25 13:22:30.994,1.07843,1.07864,1.00,1.00
2016.02.25 13:22:31.147,1.07843,1.07856,1.00,1.00
2016.02.25 13:22:31.198,1.07841,1.07856,1.00,1.00
2016.02.25 13:22:31.249,1.07838,1.0786,1.00,1.00
2016.02.25 13:22:31.452,1.07842,1.07863,1.00,1.00
2016.02.25 13:22:31.856,1.07842,1.0786,1.00,1.00
2016.02.25 13:22:32.186,1.07842,1.07857,1.00,1.00
2016.02.25 13:22:32.492,1.07837,1.07857,1.00,1.00
2016.02.25 13:22:32.696,1.07834,1.07856,1.00,1.00
2016.02.25 13:22:33.145,1.07834,1.07854,1.00,1.00
2016.02.25 13:22:33.814,1.07832,1.07854,1.00,1.00
2016.02.25 13:22:35.607,1.07832,1.07852,1.00,1.00
2016.02.25 13:22:36.358,1.07832,1.07852,1.11,1.00
2016.02.25 13:22:36.460,1.07832,1.07855,1.11,1.00
2016.02.25 13:22:36.511,1.07834,1.07857,1.11,1.50
2016.02.25 13:22:36.851,1.07837,1.07857,1.11,1.00
2016.02.25 13:22:37.157,1.07841,1.07858,1.00,1.00
2016.02.25 13:22:37.562,1.07841,1.07855,1.00,1.00
2016.02.25 13:22:37.613,1.07837,1.07855,1.00,1.00
2016.02.25 13:22:37.663,1.07837,1.07853,1.00,1.00
2016.02.25 13:22:37.816,1.07837,1.07855,1.00,1.50
2016.02.25 13:22:37.918,1.07837,1.07852,1.00,1.00
2016.02.25 13:22:38.873,1.07833,1.07852,1.00,1.00
2016.02.25 13:22:41.286,1.07833,1.07854,1.15,1.00
2016.02.25 13:22:41.620,1.07835,1.07854,1.15,1.00
2016.02.25 13:22:42.184,1.07835,1.07854,1.11,1.00
2016.02.25 13:22:42.601,1.07839,1.0786,1.00,1.50
2016.02.25 13:22:42.965,1.07839,1.0786,1.00,1.75
2016.02.25 13:22:43.471,1.07838,1.07858,1.00,1.75
2016.02.25 13:22:43.673,1.07835,1.07858,1.00,2.25
2016.02.25 13:22:47.809,1.07837,1.07856,1.00,1.75
2016.02.25 13:22:48.012,1.07837,1.07859,1.00,2.25
2016.02.25 13:22:48.468,1.07838,1.07862,1.00,1.00
2016.02.25 13:22:48.726,1.07838,1.07861,1.00,1.50
2016.02.25 13:22:49.053,1.07835,1.07857,1.00,1.10
2016.02.25 13:22:49.361,1.07833,1.07857,1.00,2.32
2016.02.25 13:22:49.665,1.07834,1.07851,1.00,1.00
2016.02.25 13:22:49.968,1.07834,1.07852,1.00,1.75
2016.02.25 13:22:50.120,1.07834,1.07852,1.00,1.12
2016.02.25 13:22:50.459,1.07839,1.07858,1.00,1.75
2016.02.25 13:22:50.509,1.07839,1.0786,1.00,1.75
2016.02.25 13:22:56.282,1.07839,1.07862,1.00,1.95
2016.02.25 13:22:56.334,1.0784,1.07859,1.00,1.10
2016.02.25 13:22:56.637,1.0784,1.07861,1.00,1.87
2016.02.25 13:22:56.943,1.07842,1.07861,1.00,1.85
2016.02.25 13:22:57.094,1.0784,1.0786,1.00,1.75
2016.02.25 13:22:58.351,1.07842,1.07861,1.00,1.85
2016.02.25 13:22:59.958,1.07842,1.07865,1.00,3.07
2016.02.25 13:23:02.413,1.07842,1.07857,1.00,1.50
2016.02.25 13:23:02.464,1.0784,1.07857,1.00,1.50
2016.02.25 13:23:03.706,1.07842,1.07857,1.00,1.00
2016.02.25 13:23:08.723,1.07841,1.07857,1.00,1.00
2016.02.25 13:23:09.868,1.07841,1.07864,1.00,2.25
2016.02.25 13:23:11.287,1.07843,1.07864,1.00,1.75
2016.02.25 13:23:13.325,1.07838,1.07862,1.00,1.50
2016.02.25 13:23:19.609,1.07837,1.07862,1.00,1.50
2016.02.25 13:23:19.711,1.07837,1.07862,1.00,1.50
2016.02.25 13:23:20.260,1.07836,1.0786,1.00,1.75
2016.02.25 13:23:20.877,1.07836,1.0786,1.00,1.37
2016.02.25 13:23:20.928,1.07836,1.0786,1.00,1.00
2016.02.25 13:23:22.227,1.07836,1.0786,1.00,1.37
2016.02.25 13:23:32.033,1.07836,1.07861,1.00,1.87
2016.02.25 13:23:32.083,1.07839,1.07862,1.00,2.25
2016.02.25 13:23:32.841,1.0784,1.07862,1.00,1.00
2016.02.25 13:23:33.108,1.0784,1.07865,1.00,1.87
2016.02.25 13:23:33.614,1.07841,1.07865,1.00,1.12
2016.02.25 13:23:38.213,1.07842,1.07865,1.00,1.87
2016.02.25 13:23:38.778,1.07841,1.07864,1.00,1.00
2016.02.25 13:23:38.879,1.07839,1.07864,1.00,1.00
2016.02.25 13:23:39.031,1.07837,1.07862,1.50,1.00
2016.02.25 13:23:40.281,1.07837,1.07862,1.50,1.37
2016.02.25 13:23:42.232,1.0784,1.07863,1.00,2.25
2016.02.25 13:23:42.947,1.07841,1.07865,1.00,1.12
2016.02.25 13:23:47.120,1.0784,1.07864,1.00,1.00
2016.02.25 13:23:47.221,1.07838,1.07861,1.31,1.00
2016.02.25 13:23:47.525,1.07837,1.07859,1.50,1.50
2016.02.25 13:23:52.938,1.07835,1.0786,1.00,1.00
2016.02.25 13:23:57.732,1.07837,1.07861,1.00,1.00
2016.02.25 13:23:59.383,1.07837,1.07861,2.06,1.00
2016.02.25 13:23:59.440,1.07842,1.07865,1.31,1.00
2016.02.25 13:23:59.744,1.07844,1.07867,1.00,1.12
2016.02.25 13:24:00.250,1.07844,1.07865,1.00,1.00
2016.02.25 13:24:01.433,1.0784,1.07863,1.00,1.00
2016.02.25 13:24:01.635,1.07842,1.07865,1.00,1.87
2016.02.25 13:24:01.737,1.07842,1.07865,1.00,1.00
2016.02.25 13:24:03.740,1.07844,1.07867,1.00,1.00
2016.02.25 13:24:04.044,1.07844,1.07867,1.00,2.25
2016.02.25 13:24:06.204,1.07842,1.07865,1.00,1.12
2016.02.25 13:24:11.115,1.07839,1.07863,1.00,1.50
2016.02.25 13:24:11.217,1.07836,1.07861,1.50,1.00
2016.02.25 13:24:11.267,1.07839,1.07861,1.00,1.00
2016.02.25 13:24:11.586,1.07837,1.07859,1.00,1.75
2016.02.25 13:24:11.789,1.07837,1.07859,1.00,1.75
2016.02.25 13:24:16.429,1.07838,1.07859,1.00,1.75
2016.02.25 13:24:19.474,1.0784,1.07859,1.00,1.75
2016.02.25 13:24:19.777,1.07836,1.07859,1.00,1.75
2016.02.25 13:24:20.080,1.07836,1.07859,1.00,1.00
2016.02.25 13:24:20.362,1.07839,1.07862,1.00,1.50
2016.02.25 13:24:21.338,1.07833,1.07858,1.00,1.00
2016.02.25 13:24:23.397,1.07833,1.07858,1.00,1.37
2016.02.25 13:24:23.712,1.07835,1.0786,1.00,1.75
2016.02.25 13:24:36.862,1.07832,1.07855,1.50,1.00
2016.02.25 13:24:38.919,1.07832,1.07855,1.50,1.50
2016.02.25 13:24:42.022,1.07833,1.07856,1.00,1.75
2016.02.25 13:24:44.946,1.07836,1.07856,1.00,1.75
2016.02.25 13:24:46.156,1.07836,1.07848,1.00,1.00
2016.02.25 13:24:46.207,1.0783,1.07848,1.00,1.00
2016.02.25 13:24:46.258,1.07828,1.07848,1.00,1.00
2016.02.25 13:24:46.360,1.07828,1.07853,1.50,1.75
2016.02.25 13:24:46.411,1.07832,1.07855,1.00,1.75
2016.02.25 13:24:46.462,1.07832,1.07853,1.50,1.12
2016.02.25 13:24:46.564,1.07833,1.07856,1.00,1.00
2016.02.25 13:24:47.430,1.07834,1.07856,1.00,1.00
2016.02.25 13:24:47.812,1.07835,1.07858,1.00,1.00
2016.02.25 13:24:48.190,1.07838,1.07858,1.00,1.00
2016.02.25 13:24:49.520,1.07838,1.07854,1.00,1.00
2016.02.25 13:24:49.571,1.07838,1.07857,1.00,1.00
2016.02.25 13:24:49.820,1.07838,1.0786,1.00,1.12
2016.02.25 13:24:49.973,1.07841,1.07861,1.00,1.00
2016.02.25 13:24:50.125,1.07841,1.07863,1.00,1.00
2016.02.25 13:24:50.284,1.07842,1.07866,1.00,1.50
2016.02.25 13:24:50.492,1.07842,1.07864,1.00,1.00
2016.02.25 13:24:51.482,1.07839,1.07864,1.50,1.00
2016.02.25 13:24:53.832,1.07839,1.07861,1.00,1.00
2016.02.25 13:24:56.198,1.07843,1.07866,1.00,1.00
2016.02.25 13:24:56.450,1.07846,1.07866,1.00,1.00
2016.02.25 13:25:00.240,1.07847,1.07866,1.00,1.00
2016.02.25 13:25:02.952,1.07847,1.0787,1.00,1.12
2016.02.25 13:25:03.004,1.0785,1.07872,1.00,2.70
2016.02.25 13:25:03.308,1.07855,1.07878,1.00,1.10
2016.02.25 13:25:03.765,1.07859,1.07879,1.00,1.00
2016.02.25 13:25:04.293,1.07856,1.07879,1.00,1.00
2016.02.25 13:25:06.249,1.07854,1.07879,1.50,1.00
2016.02.25 13:25:07.755,1.07853,1.07874,1.00,1.00
2016.02.25 13:25:07.806,1.07851,1.07873,1.00,1.00
2016.02.25 13:25:07.857,1.07848,1.07871,1.31,1.00
2016.02.25 13:25:08.060,1.07845,1.0787,1.50,1.00
2016.02.25 13:25:08.615,1.07845,1.07868,1.00,1.00
2016.02.25 13:25:09.093,1.07846,1.0787,1.00,1.12
2016.02.25 13:25:10.418,1.07848,1.07871,1.00,1.50
2016.02.25 13:25:10.520,1.07848,1.07874,1.50,1.00
2016.02.25 13:25:10.926,1.0785,1.07876,1.00,1.12
2016.02.25 13:25:11.280,1.07851,1.07878,1.00,1.00
2016.02.25 13:25:11.594,1.07853,1.07879,1.00,1.12
2016.02.25 13:25:11.907,1.07852,1.07877,1.00,1.00
2016.02.25 13:25:12.216,1.07852,1.07875,1.00,1.00
2016.02.25 13:25:12.575,1.07852,1.07877,1.00,1.00
2016.02.25 13:25:13.108,1.07852,1.07878,1.00,1.00
2016.02.25 13:25:16.915,1.07852,1.07879,2.25,1.12
2016.02.25 13:25:19.291,1.07855,1.0788,1.00,2.25
2016.02.25 13:25:23.512,1.07852,1.07879,2.06,1.12
2016.02.25 13:25:23.566,1.07855,1.07879,1.00,1.12
2016.02.25 13:25:23.668,1.07852,1.07879,2.06,1.12
2016.02.25 13:25:23.972,1.07852,1.07875,1.31,1.00
2016.02.25 13:25:24.074,1.0785,1.07875,1.00,1.00
2016.02.25 13:25:24.124,1.0785,1.07875,1.00,1.87
2016.02.25 13:25:24.428,1.07852,1.07877,1.50,1.37
2016.02.25 13:25:24.479,1.07852,1.07877,1.50,1.00
2016.02.25 13:25:24.895,1.07854,1.07877,1.31,1.00
2016.02.25 13:25:24.946,1.07854,1.07881,1.50,1.00
2016.02.25 13:25:26.227,1.07854,1.07879,1.00,1.00
2016.02.25 13:25:26.771,1.07853,1.07879,1.00,1.00
2016.02.25 13:25:27.870,1.07852,1.07877,1.12,1.00
2016.02.25 13:25:32.869,1.07852,1.07879,1.12,1.00
2016.02.25 13:25:35.032,1.07852,1.07879,2.44,1.00
2016.02.25 13:25:35.084,1.07856,1.07882,1.00,1.12
2016.02.25 13:25:35.388,1.07863,1.07886,1.60,1.00
2016.02.25 13:25:35.635,1.0786,1.07886,1.60,1.00
2016.02.25 13:25:36.162,1.0786,1.07886,2.85,1.00
2016.02.25 13:25:36.713,1.0786,1.07886,2.85,1.00
2016.02.25 13:25:37.257,1.0786,1.07886,2.85,1.00
2016.02.25 13:25:38.934,1.07861,1.07887,1.72,1.00
2016.02.25 13:25:39.535,1.07861,1.07887,1.72,1.00
2016.02.25 13:25:41.095,1.07861,1.07887,1.72,1.00
2016.02.25 13:25:41.145,1.07866,1.0789,1.04,1.00
2016.02.25 13:25:41.297,1.07865,1.0789,1.00,1.00
2016.02.25 13:25:41.781,1.07866,1.07893,1.22,1.12
2016.02.25 13:25:43.302,1.07865,1.07893,1.30,1.12
2016.02.25 13:25:43.526,1.07865,1.07891,1.30,1.00
2016.02.25 13:25:43.856,1.07865,1.07889,1.00,1.00
2016.02.25 13:25:46.334,1.07865,1.07891,1.00,1.00
2016.02.25 13:25:46.858,1.07865,1.07891,1.22,1.00
2016.02.25 13:25:48.516,1.07865,1.07891,1.00,1.00
2016.02.25 13:25:49.113,1.07865,1.0789,1.00,1.00
2016.02.25 13:25:50.775,1.07865,1.07891,1.50,1.00
2016.02.25 13:25:56.330,1.07865,1.07889,1.00,1.00
2016.02.25 13:25:56.763,1.07861,1.07887,1.00,1.00
2016.02.25 13:25:57.269,1.0786,1.07887,1.00,1.00
2016.02.25 13:25:59.380,1.07859,1.07886,1.00,1.00
2016.02.25 13:26:00.815,1.07861,1.07886,1.00,1.00
2016.02.25 13:26:05.343,1.07862,1.07888,1.00,2.62
2016.02.25 13:26:05.546,1.0786,1.07884,1.00,1.00
2016.02.25 13:26:09.750,1.0786,1.07882,1.00,1.00
2016.02.25 13:26:09.852,1.07858,1.07882,1.00,1.87
2016.02.25 13:26:10.448,1.07859,1.07882,1.12,1.00
2016.02.25 13:26:10.499,1.07859,1.07884,1.50,1.00
2016.02.25 13:26:11.230,1.07859,1.07882,1.00,1.00
2016.02.25 13:26:11.381,1.07857,1.07881,1.00,1.00
2016.02.25 13:26:11.795,1.07856,1.07878,1.00,1.00
2016.02.25 13:26:14.837,1.07856,1.07875,1.00,1.00
2016.02.25 13:26:14.990,1.07854,1.07874,1.00,1.00
2016.02.25 13:26:15.041,1.07851,1.07874,1.12,1.00
2016.02.25 13:26:15.546,1.07851,1.07873,1.00,1.00
2016.02.25 13:26:15.833,1.07851,1.0787,1.00,1.00
2016.02.25 13:26:16.802,1.07851,1.07869,1.00,1.00
2016.02.25 13:26:16.853,1.07848,1.07869,1.00,1.00
2016.02.25 13:26:16.904,1.07848,1.07866,1.00,1.00
2016.02.25 13:26:17.005,1.07845,1.07866,1.00,1.00
2016.02.25 13:26:17.287,1.07845,1.07869,1.00,1.37
2016.02.25 13:26:17.338,1.07845,1.07871,1.00,1.00
2016.02.25 13:26:17.388,1.07847,1.07871,1.00,1.00
2016.02.25 13:26:17.490,1.07849,1.07874,1.50,1.00
2016.02.25 13:26:17.642,1.07852,1.07874,1.00,1.00
2016.02.25 13:26:17.693,1.07852,1.07877,1.00,1.12
2016.02.25 13:26:22.009,1.07852,1.07876,1.00,1.00
2016.02.25 13:26:24.296,1.07852,1.07873,1.00,1.00
2016.02.25 13:26:24.347,1.07848,1.07873,1.00,1.00
2016.02.25 13:26:24.398,1.07848,1.07871,1.00,1.00
2016.02.25 13:26:24.499,1.07844,1.07868,1.00,1.00
2016.02.25 13:26:25.169,1.07843,1.07868,1.00,1.00
2016.02.25 13:26:26.020,1.07843,1.0787,1.50,1.00
2016.02.25 13:26:26.071,1.07845,1.07871,1.00,1.12
2016.02.25 13:26:26.604,1.07846,1.07871,1.00,1.12
2016.02.25 13:26:28.983,1.07846,1.07874,1.50,1.00
2016.02.25 13:26:30.356,1.07848,1.07875,1.00,1.00
2016.02.25 13:26:34.780,1.07849,1.07877,1.00,2.25
2016.02.25 13:26:40.293,1.07848,1.07877,1.00,2.25
2016.02.25 13:26:44.531,1.07853,1.07877,1.00,1.50
2016.02.25 13:26:44.683,1.07853,1.07881,1.50,1.37
2016.02.25 13:26:44.734,1.07855,1.07882,1.00,1.50
2016.02.25 13:26:45.663,1.07854,1.07882,1.00,1.50
2016.02.25 13:26:46.144,1.07854,1.07875,1.00,1.00
2016.02.25 13:26:46.195,1.0785,1.07875,1.20,1.00
2016.02.25 13:26:48.536,1.07846,1.07872,1.00,1.00
2016.02.25 13:26:49.086,1.07847,1.07872,1.00,1.00
2016.02.25 13:26:51.548,1.07846,1.07872,1.50,1.50
2016.02.25 13:26:53.942,1.07847,1.07872,1.00,1.00
2016.02.25 13:26:55.764,1.07848,1.07872,1.00,1.00
2016.02.25 13:26:55.866,1.07847,1.07873,1.50,1.75
2016.02.25 13:26:56.087,1.07845,1.07871,1.50,1.75
2016.02.25 13:26:56.290,1.07847,1.07871,1.00,1.85
2016.02.25 13:26:56.492,1.07845,1.07871,1.50,1.85
2016.02.25 13:26:56.745,1.07843,1.07869,1.00,1.75
2016.02.25 13:26:57.294,1.07842,1.07869,1.00,2.25
2016.02.25 13:26:57.548,1.07844,1.07869,1.00,1.75
2016.02.25 13:26:57.700,1.07844,1.0787,1.00,1.00
2016.02.25 13:26:57.902,1.07844,1.07873,1.00,1.95
2016.02.25 13:26:58.567,1.07847,1.07873,1.00,1.37
2016.02.25 13:27:00.710,1.07847,1.07874,1.50,1.20
2016.02.25 13:27:01.220,1.07847,1.07874,1.87,1.10
2016.02.25 13:27:01.764,1.07847,1.07874,1.87,1.10
2016.02.25 13:27:01.916,1.07847,1.07874,1.37,1.47
2016.02.25 13:27:02.436,1.07845,1.07872,1.37,1.50
2016.02.25 13:27:02.920,1.07845,1.07872,1.37,1.50
2016.02.25 13:27:03.976,1.07843,1.07869,1.87,1.00
2016.02.25 13:27:05.482,1.07843,1.07869,1.87,1.00
2016.02.25 13:27:06.033,1.07843,1.07869,1.87,1.00
2016.02.25 13:27:06.538,1.07843,1.0787,1.87,1.00
2016.02.25 13:27:07.816,1.07843,1.07867,1.87,1.00
2016.02.25 13:27:08.019,1.07843,1.07867,1.87,1.00
2016.02.25 13:27:08.544,1.07843,1.07867,1.87,1.00
2016.02.25 13:27:09.503,1.07843,1.0787,1.87,1.00
2016.02.25 13:27:09.806,1.07843,1.07865,1.87,1.00
2016.02.25 13:27:10.267,1.07843,1.07868,1.87,1.12
2016.02.25 13:27:10.774,1.07843,1.07868,1.87,1.12
2016.02.25 13:27:10.976,1.07843,1.07868,1.87,1.12
2016.02.25 13:27:11.487,1.07843,1.07871,1.87,1.00
2016.02.25 13:27:11.640,1.07843,1.07871,1.87,1.00
2016.02.25 13:27:12.168,1.07843,1.07871,1.87,1.00
2016.02.25 13:27:13.036,1.07843,1.07871,1.87,1.00
2016.02.25 13:27:13.805,1.07843,1.07871,1.87,1.00
2016.02.25 13:27:14.326,1.07845,1.0787,1.37,1.00
2016.02.25 13:27:16.493,1.07845,1.07871,1.37,1.00
2016.02.25 13:27:17.150,1.07847,1.07871,1.12,1.00
2016.02.25 13:27:17.769,1.07848,1.07874,1.12,1.50
2016.02.25 13:27:18.073,1.07845,1.07866,1.56,1.00
2016.02.25 13:27:18.427,1.07845,1.07866,1.00,1.00
2016.02.25 13:27:18.479,1.07845,1.07868,1.00,1.00
2016.02.25 13:27:19.349,1.07845,1.07868,1.56,1.00
2016.02.25 13:27:19.890,1.07845,1.0787,1.00,1.57
2016.02.25 13:27:20.654,1.07842,1.07868,1.56,1.00
2016.02.25 13:27:21.161,1.07842,1.07868,1.87,1.00
2016.02.25 13:27:21.212,1.07842,1.07868,1.56,1.00
2016.02.25 13:27:21.619,1.07843,1.07868,1.12,1.00
2016.02.25 13:27:22.161,1.07842,1.07868,1.87,1.00
2016.02.25 13:27:22.566,1.07841,1.07868,1.12,1.37
2016.02.25 13:27:22.871,1.0784,1.0786,1.31,1.00
2016.02.25 13:27:23.229,1.07834,1.07855,1.12,1.00
2016.02.25 13:27:23.746,1.07835,1.07855,1.12,1.00
2016.02.25 13:27:24.590,1.07834,1.07855,1.12,1.00
2016.02.25 13:27:25.119,1.07833,1.07855,1.12,1.00
2016.02.25 13:27:25.437,1.07832,1.07853,1.87,1.00
2016.02.25 13:27:25.763,1.07833,1.07853,1.12,1.00
2016.02.25 13:27:25.814,1.07833,1.07855,1.12,1.00
2016.02.25 13:27:26.129,1.07832,1.07856,1.56,1.50
2016.02.25 13:27:26.896,1.07832,1.07856,1.56,1.50
2016.02.25 13:27:27.813,1.07833,1.07856,1.12,1.50
2016.02.25 13:27:28.117,1.07832,1.07853,1.87,1.00
2016.02.25 13:27:28.694,1.07832,1.07853,1.87,1.00
2016.02.25 13:27:29.865,1.07832,1.07853,1.56,1.00
2016.02.25 13:27:30.519,1.07832,1.07853,1.31,1.00
2016.02.25 13:27:30.981,1.07832,1.07853,1.56,1.00
2016.02.25 13:27:32.096,1.07832,1.07853,1.56,1.50
2016.02.25 13:27:32.400,1.07829,1.07853,1.56,1.50
2016.02.25 13:27:32.552,1.07831,1.07853,1.12,1.50
2016.02.25 13:27:33.390,1.07829,1.07853,1.87,1.50
2016.02.25 13:27:36.671,1.07829,1.07853,1.56,1.50
2016.02.25 13:27:37.160,1.07829,1.07852,1.31,1.00
2016.02.25 13:27:37.473,1.07829,1.07852,1.56,1.00
2016.02.25 13:27:38.003,1.07826,1.07852,2.62,1.00
2016.02.25 13:27:38.380,1.07827,1.07852,1.12,1.00
2016.02.25 13:27:38.684,1.07826,1.0785,2.62,1.00
2016.02.25 13:27:39.222,1.07828,1.0785,1.12,1.00
2016.02.25 13:27:39.735,1.07826,1.0785,2.06,1.00
2016.02.25 13:27:39.991,1.07826,1.0785,2.06,1.00
2016.02.25 13:27:40.493,1.07826,1.07849,1.50,1.00
2016.02.25 13:27:42.465,1.07827,1.0785,1.00,1.00
2016.02.25 13:27:42.617,1.07829,1.0785,1.75,1.00
2016.02.25 13:27:42.668,1.0783,1.07854,1.31,1.00
2016.02.25 13:27:42.769,1.07829,1.07854,1.66,1.00
2016.02.25 13:27:43.274,1.07829,1.07854,1.00,1.50
2016.02.25 13:27:43.922,1.07826,1.07854,1.39,2.25
2016.02.25 13:27:43.973,1.07825,1.07851,2.44,1.00
2016.02.25 13:27:44.125,1.07825,1.07851,1.31,1.00
2016.02.25 13:27:44.176,1.07825,1.07851,1.56,1.00
2016.02.25 13:27:44.277,1.07825,1.07851,1.31,1.00
2016.02.25 13:27:44.328,1.07825,1.07848,1.31,1.00
2016.02.25 13:27:45.007,1.07825,1.07848,1.56,1.00
2016.02.25 13:27:45.267,1.07825,1.07848,1.31,1.00
2016.02.25 13:27:45.782,1.07825,1.07849,1.31,1.00
2016.02.25 13:27:46.739,1.07825,1.07849,1.56,1.00
2016.02.25 13:27:47.465,1.07825,1.07849,1.56,1.00
2016.02.25 13:27:50.454,1.07825,1.07849,1.31,1.00
2016.02.25 13:27:55.174,1.07825,1.07849,1.56,1.00
2016.02.25 13:27:55.724,1.07825,1.07849,1.31,1.00
2016.02.25 13:28:00.120,1.07825,1.07846,1.00,1.00
2016.02.25 13:28:00.323,1.0782,1.07842,1.00,1.00
2016.02.25 13:28:00.576,1.0782,1.07845,1.00,1.12
2016.02.25 13:28:00.851,1.0782,1.07845,1.56,1.00
2016.02.25 13:28:00.902,1.0782,1.07845,1.00,1.00
2016.02.25 13:28:01.575,1.0782,1.07845,1.56,1.00
2016.02.25 13:28:02.256,1.0782,1.07845,1.56,1.00
2016.02.25 13:28:02.896,1.0782,1.07846,1.00,1.00
2016.02.25 13:28:03.890,1.07821,1.07849,1.00,2.62
2016.02.25 13:28:03.940,1.07823,1.07849,1.00,1.87
2016.02.25 13:28:04.469,1.07823,1.07848,1.00,1.00
2016.02.25 13:28:05.021,1.07822,1.07848,1.57,1.00
2016.02.25 13:28:05.400,1.0782,1.07846,1.66,1.00
2016.02.25 13:28:05.725,1.0782,1.07846,1.66,1.00
2016.02.25 13:28:05.978,1.0782,1.07846,1.66,1.00
2016.02.25 13:28:06.079,1.0782,1.07846,1.66,1.00
2016.02.25 13:28:06.180,1.0782,1.07846,1.66,1.00
2016.02.25 13:28:06.281,1.0782,1.07846,1.66,1.00
2016.02.25 13:28:06.822,1.0782,1.07846,1.66,1.00
2016.02.25 13:28:08.371,1.0782,1.07846,1.66,1.00
2016.02.25 13:28:09.041,1.0782,1.07844,1.39,1.00
2016.02.25 13:28:14.638,1.0782,1.07844,1.56,1.00
2016.02.25 13:28:14.948,1.0782,1.07839,1.00,1.00
2016.02.25 13:28:14.999,1.07821,1.07842,1.00,1.00
2016.02.25 13:28:15.151,1.07821,1.07842,1.00,2.25
2016.02.25 13:28:16.930,1.07821,1.07842,1.31,1.50
2016.02.25 13:28:17.624,1.07819,1.07845,1.56,1.75
2016.02.25 13:28:17.829,1.07819,1.07845,1.56,1.75
2016.02.25 13:28:17.880,1.07822,1.07845,1.00,1.75
2016.02.25 13:28:18.184,1.07819,1.07845,1.56,1.75
2016.02.25 13:28:18.285,1.0782,1.07845,1.56,1.75
2016.02.25 13:28:18.588,1.07825,1.07845,1.00,1.75
2016.02.25 13:28:19.485,1.07822,1.07845,1.31,1.75
2016.02.25 13:28:20.087,1.07821,1.07845,1.31,1.75
2016.02.25 13:28:22.935,1.07823,1.07846,1.00,1.75
2016.02.25 13:28:23.137,1.07818,1.07846,1.56,1.75
2016.02.25 13:28:23.470,1.07816,1.07845,1.56,1.75
2016.02.25 13:28:23.673,1.07815,1.07842,2.06,1.50
2016.02.25 13:28:23.724,1.07815,1.07839,2.06,1.00
2016.02.25 13:28:23.775,1.07812,1.07839,1.00,1.00
2016.02.25 13:28:23.826,1.0781,1.07838,1.56,1.37
2016.02.25 13:28:24.129,1.07807,1.07837,1.56,1.82
2016.02.25 13:28:24.231,1.07807,1.07833,1.56,1.37
2016.02.25 13:28:24.778,1.07807,1.07833,1.56,1.37
2016.02.25 13:28:25.302,1.07805,1.07831,1.12,1.00
2016.02.25 13:28:25.988,1.07804,1.07831,2.62,1.00
2016.02.25 13:28:26.597,1.07804,1.07831,2.06,1.00
2016.02.25 13:28:27.867,1.07804,1.07831,2.62,1.00
2016.02.25 13:28:28.173,1.07804,1.07831,2.06,1.00
2016.02.25 13:28:28.523,1.07804,1.07831,2.62,1.00
2016.02.25 13:28:29.025,1.07804,1.07831,2.06,1.00
2016.02.25 13:28:29.850,1.07804,1.07831,2.06,1.00
2016.02.25 13:28:30.184,1.07808,1.07835,1.87,1.00
2016.02.25 13:28:30.386,1.07811,1.07837,1.56,1.00
2016.02.25 13:28:30.835,1.07813,1.07837,1.56,1.00
2016.02.25 13:28:32.673,1.07813,1.07837,1.56,1.00
2016.02.25 13:28:32.912,1.07813,1.07837,1.56,1.00
2016.02.25 13:28:33.447,1.07813,1.07837,1.56,1.00
2016.02.25 13:28:33.951,1.0781,1.07837,1.12,1.00
2016.02.25 13:28:34.339,1.07809,1.07837,1.56,1.87
2016.02.25 13:28:34.441,1.07809,1.07836,1.31,1.00
2016.02.25 13:28:34.492,1.07808,1.07832,1.56,1.00
2016.02.25 13:28:34.593,1.07805,1.07832,2.06,1.00
2016.02.25 13:28:34.695,1.07805,1.07831,1.56,1.37
2016.02.25 13:28:34.796,1.07803,1.07831,2.06,1.37
2016.02.25 13:28:35.595,1.07803,1.07831,2.06,1.37
2016.02.25 13:28:36.304,1.07803,1.07831,1.56,1.37
2016.02.25 13:28:36.456,1.07803,1.07831,2.06,1.37
2016.02.25 13:28:37.404,1.07803,1.07831,2.06,1.37
2016.02.25 13:28:37.970,1.07803,1.07831,2.06,1.37
2016.02.25 13:28:39.629,1.07803,1.07831,1.87,1.37
2016.02.25 13:28:42.043,1.07804,1.07831,1.56,1.37
2016.02.25 13:28:42.397,1.07804,1.07831,1.56,1.37
2016.02.25 13:28:43.697,1.07804,1.07831,1.31,1.37
2016.02.25 13:28:44.156,1.07804,1.07831,1.56,1.37
2016.02.25 13:28:44.926,1.07804,1.07831,1.31,1.37
2016.02.25 13:28:45.029,1.07804,1.07831,1.56,1.37
2016.02.25 13:28:45.550,1.07804,1.07831,1.56,1.37
2016.02.25 13:28:46.124,1.07803,1.07831,1.56,1.37
2016.02.25 13:28:46.685,1.07802,1.07831,1.56,1.37
2016.02.25 13:28:47.964,1.07802,1.07831,1.56,1.37
2016.02.25 13:28:48.066,1.07804,1.07832,2.06,1.00
2016.02.25 13:28:48.116,1.07804,1.07832,2.62,1.00
2016.02.25 13:28:48.779,1.07804,1.07832,2.06,1.00
2016.02.25 13:28:50.295,1.07804,1.07832,2.06,1.00
2016.02.25 13:28:52.048,1.07804,1.07832,1.69,1.37
2016.02.25 13:28:52.467,1.07801,1.07827,2.62,1.00
2016.02.25 13:28:52.518,1.07799,1.07827,1.69,1.87
2016.02.25 13:28:52.620,1.07801,1.07823,1.56,1.00
2016.02.25 13:28:52.772,1.07801,1.07829,1.69,1.50
2016.02.25 13:28:53.227,1.07805,1.07829,1.00,1.00
2016.02.25 13:28:54.990,1.07805,1.07833,1.31,1.50
2016.02.25 13:28:55.042,1.07805,1.07833,1.69,1.00
2016.02.25 13:28:55.144,1.07808,1.07833,1.00,1.00
2016.02.25 13:28:55.801,1.07808,1.07833,1.56,1.00
2016.02.25 13:28:56.318,1.07808,1.07833,1.31,1.00
2016.02.25 13:28:56.941,1.07808,1.07833,1.56,1.00
2016.02.25 13:28:56.992,1.07811,1.07837,1.00,1.50
2016.02.25 13:28:57.348,1.07811,1.07834,1.00,1.00
2016.02.25 13:28:57.556,1.07811,1.07837,1.00,2.25
2016.02.25 13:28:58.380,1.07813,1.07837,1.00,1.50
2016.02.25 13:28:58.583,1.07813,1.07838,1.00,1.00
2016.02.25 13:29:00.228,1.07813,1.0784,1.00,1.87
2016.02.25 13:29:03.442,1.07814,1.0784,1.00,1.37
2016.02.25 13:29:05.700,1.07814,1.07838,1.00,1.00
2016.02.25 13:29:07.222,1.07811,1.07838,1.50,1.00
2016.02.25 13:29:07.273,1.07811,1.07837,1.12,1.00
2016.02.25 13:29:07.374,1.07811,1.0783,1.00,1.00
2016.02.25 13:29:07.425,1.07809,1.0783,1.00,1.00
2016.02.25 13:29:08.105,1.07809,1.07832,1.00,1.00
2016.02.25 13:29:08.258,1.07809,1.07836,1.00,1.50
2016.02.25 13:29:09.578,1.07806,1.07834,1.00,1.12
2016.02.25 13:29:10.794,1.07809,1.07834,1.00,1.12
2016.02.25 13:29:11.685,1.07809,1.07838,1.87,1.37
2016.02.25 13:29:11.736,1.07809,1.07838,1.87,1.31
2016.02.25 13:29:11.887,1.07809,1.07837,1.50,1.69
2016.02.25 13:29:13.181,1.07809,1.07837,1.50,1.37
2016.02.25 13:29:13.383,1.07809,1.07838,1.50,1.00
2016.02.25 13:29:15.481,1.07813,1.07838,1.00,1.00
2016.02.25 13:29:15.533,1.07814,1.07843,1.00,1.00
2016.02.25 13:29:15.584,1.07813,1.0784,1.00,1.00
2016.02.25 13:29:15.839,1.07809,1.07837,1.00,1.00
2016.02.25 13:29:16.356,1.0781,1.07837,1.00,1.00
2016.02.25 13:29:16.846,1.0781,1.07832,1.00,1.00
2016.02.25 13:29:16.948,1.07806,1.07829,1.50,1.00
2016.02.25 13:29:17.459,1.07807,1.07829,1.00,1.00
2016.02.25 13:29:19.885,1.07806,1.07829,1.00,1.00
2016.02.25 13:29:22.018,1.07806,1.07828,1.00,1.00
2016.02.25 13:29:27.070,1.07806,1.07829,1.00,1.00
2016.02.25 13:29:28.403,1.07802,1.07829,1.87,1.00
2016.02.25 13:29:28.454,1.07802,1.07824,1.37,1.00
2016.02.25 13:29:28.909,1.07798,1.07823,1.00,1.00
2016.02.25 13:29:29.161,1.07798,1.07823,1.75,1.00
2016.02.25 13:29:29.947,1.07798,1.07823,1.00,1.00
2016.02.25 13:29:30.206,1.07795,1.07823,2.25,1.00
2016.02.25 13:29:30.612,1.07795,1.07819,1.50,1.00
2016.02.25 13:29:31.340,1.07796,1.07819,1.00,1.00
2016.02.25 13:29:34.579,1.07796,1.07824,1.00,1.00
2016.02.25 13:29:36.384,1.07798,1.07824,1.00,1.00
2016.02.25 13:29:38.184,1.07798,1.07824,1.37,1.00
2016.02.25 13:29:38.489,1.07802,1.07824,1.00,1.00
2016.02.25 13:29:39.714,1.07802,1.07828,1.00,1.00
2016.02.25 13:29:39.815,1.07805,1.07828,1.00,1.00
2016.02.25 13:29:39.866,1.07805,1.07834,1.00,1.37
2016.02.25 13:29:39.917,1.07809,1.07834,1.00,1.37
2016.02.25 13:29:39.969,1.07809,1.07834,1.00,1.00
2016.02.25 13:29:40.121,1.07806,1.07834,1.00,1.00
2016.02.25 13:29:40.476,1.07808,1.07834,1.00,1.00
2016.02.25 13:29:40.888,1.07804,1.07834,1.37,1.00
2016.02.25 13:29:44.102,1.07806,1.07834,1.00,1.00
2016.02.25 13:29:44.204,1.07807,1.07834,1.75,1.00
2016.02.25 13:29:44.558,1.07807,1.07836,1.75,1.00
2016.02.25 13:29:45.330,1.07807,1.07837,1.75,1.00
2016.02.25 13:29:45.974,1.07807,1.07842,1.75,2.25
2016.02.25 13:29:46.025,1.07807,1.07842,1.75,1.50
2016.02.25 13:29:46.340,1.07803,1.07832,2.25,1.50
2016.02.25 13:29:46.392,1.07795,1.07827,1.75,1.00
2016.02.25 13:29:46.972,1.07795,1.07825,1.75,1.00
2016.02.25 13:29:47.073,1.07795,1.07832,1.75,1.87
2016.02.25 13:29:47.124,1.07795,1.07832,1.50,2.25
2016.02.25 13:29:47.625,1.07795,1.07826,1.50,1.00
2016.02.25 13:29:48.176,1.07795,1.0783,2.25,1.75
2016.02.25 13:29:48.711,1.07799,1.07832,1.00,2.25
2016.02.25 13:29:48.813,1.07799,1.07832,2.25,1.00
2016.02.25 13:29:50.234,1.07799,1.07828,1.75,1.00
2016.02.25 13:29:50.335,1.07799,1.07828,1.12,1.00
2016.02.25 13:29:50.386,1.07799,1.07832,1.12,1.50
2016.02.25 13:29:51.040,1.0779,1.07827,1.75,1.75
2016.02.25 13:29:51.343,1.07799,1.0783,1.00,1.75
2016.02.25 13:29:51.444,1.07799,1.0783,1.75,1.00
2016.02.25 13:29:51.914,1.07799,1.07836,1.75,1.75
2016.02.25 13:29:52.438,1.07792,1.07831,1.75,1.75
2016.02.25 13:29:52.970,1.07787,1.07824,1.75,1.00
2016.02.25 13:29:53.021,1.07782,1.0782,1.75,1.75
2016.02.25 13:29:53.123,1.07781,1.07811,1.00,1.00
2016.02.25 13:29:53.444,1.07774,1.07804,1.00,1.00
2016.02.25 13:29:54.150,1.07771,1.07802,1.00,1.00
2016.02.25 13:29:54.251,1.07763,1.07802,1.75,2.25
2016.02.25 13:29:54.622,1.0775,1.07787,1.75,1.75
2016.02.25 13:29:55.126,1.07743,1.07798,1.00,1.00
2016.02.25 13:29:55.403,1.07721,1.07802,1.37,1.00
2016.02.25 13:29:55.454,1.07725,1.07802,1.00,1.00
2016.02.25 13:29:55.555,1.07716,1.07802,1.75,1.00
2016.02.25 13:29:55.824,1.07725,1.07802,1.00,1.00
2016.02.25 13:29:57.073,1.07731,1.07802,1.00,1.00
2016.02.25 13:29:57.582,1.07731,1.07802,1.50,1.00
2016.02.25 13:29:59.573,1.07731,1.07826,1.50,1.00
2016.02.25 13:30:00.264,1.07736,1.07826,1.00,1.00
2016.02.25 13:30:00.567,1.07734,1.07826,1.00,1.00
2016.02.25 13:30:00.799,1.07718,1.07822,1.75,1.12
2016.02.25 13:30:01.030,1.07729,1.07822,1.00,1.00
2016.02.25 13:30:01.106,1.07729,1.07826,1.00,1.00
2016.02.25 13:30:01.157,1.07738,1.07826,1.00,1.00
2016.02.25 13:30:01.259,1.07731,1.07826,1.00,1.00
2016.02.25 13:30:01.436,1.07756,1.07826,1.00,1.00
2016.02.25 13:30:01.689,1.07778,1.07855,1.00,1.00
2016.02.25 13:30:02.082,1.07757,1.07854,1.75,1.00
2016.02.25 13:30:02.378,1.07761,1.07846,1.50,1.00
2016.02.25 13:30:02.709,1.0777,1.07843,1.00,1.00
2016.02.25 13:30:02.810,1.07763,1.07845,1.00,1.00
2016.02.25 13:30:03.155,1.07762,1.0784,1.00,1.00
2016.02.25 13:30:03.307,1.07755,1.07845,1.00,1.00
2016.02.25 13:30:03.459,1.07762,1.07845,1.50,1.00
2016.02.25 13:30:03.947,1.07772,1.07846,1.50,1.00
2016.02.25 13:30:04.049,1.07765,1.07846,1.50,1.00
2016.02.25 13:30:04.150,1.07773,1.07845,1.50,1.00
2016.02.25 13:30:04.252,1.07758,1.07845,2.25,1.00
2016.02.25 13:30:04.807,1.07762,1.07845,1.50,1.00
2016.02.25 13:30:05.112,1.07767,1.07845,1.00,1.00
2016.02.25 13:30:05.450,1.07775,1.07843,1.00,1.00
2016.02.25 13:30:06.680,1.07776,1.07838,1.00,1.00
2016.02.25 13:30:06.989,1.07779,1.07841,1.00,1.00
2016.02.25 13:30:07.040,1.07776,1.07843,1.50,1.00
2016.02.25 13:30:07.142,1.07781,1.07843,1.00,1.00
2016.02.25 13:30:07.450,1.07782,1.07841,1.50,1.00
2016.02.25 13:30:07.890,1.07782,1.07838,1.00,1.00
2016.02.25 13:30:08.196,1.07787,1.07833,1.00,1.00
2016.02.25 13:30:08.247,1.07788,1.07835,1.00,1.00
2016.02.25 13:30:08.625,1.07789,1.07837,1.50,1.00
2016.02.25 13:30:08.839,1.07797,1.07837,1.00,1.00
2016.02.25 13:30:09.143,1.07798,1.07834,1.00,1.00
2016.02.25 13:30:09.480,1.07803,1.07837,1.00,1.00
2016.02.25 13:30:09.789,1.07803,1.07839,1.00,1.50
2016.02.25 13:30:10.137,1.07805,1.07839,1.50,1.50
2016.02.25 13:30:10.701,1.07809,1.07839,1.00,1.00
2016.02.25 13:30:11.226,1.07808,1.07839,1.00,1.00
2016.02.25 13:30:12.458,1.07806,1.07839,1.00,1.00
2016.02.25 13:30:12.560,1.07812,1.07839,1.00,1.00
2016.02.25 13:30:13.035,1.07814,1.07839,1.00,1.50
2016.02.25 13:30:13.577,1.07812,1.07837,1.50,1.00
2016.02.25 13:30:14.113,1.07818,1.07839,1.12,1.00
2016.02.25 13:30:14.166,1.07818,1.07846,1.75,1.00
2016.02.25 13:30:14.674,1.07823,1.07847,1.12,1.00
2016.02.25 13:30:15.628,1.07823,1.07851,1.12,1.00
2016.02.25 13:30:15.679,1.07828,1.07851,1.87,1.00
2016.02.25 13:30:15.899,1.07823,1.07851,1.75,1.50
2016.02.25 13:30:18.844,1.07826,1.07852,1.75,1.00
2016.02.25 13:30:19.401,1.07835,1.07854,1.00,1.00
2016.02.25 13:30:20.003,1.07832,1.07852,1.75,1.00
2016.02.25 13:30:20.054,1.07832,1.07855,1.75,1.00
2016.02.25 13:30:20.584,1.07829,1.07854,1.75,1.00
2016.02.25 13:30:21.163,1.07829,1.07852,1.75,1.00
2016.02.25 13:30:23.018,1.07834,1.07852,1.00,1.00
2016.02.25 13:30:23.124,1.07829,1.07851,1.50,1.00
2016.02.25 13:30:23.385,1.07829,1.07846,1.50,1.00
2016.02.25 13:30:23.537,1.07829,1.07846,1.00,1.00
2016.02.25 13:30:23.639,1.07823,1.07846,1.87,1.00
2016.02.25 13:30:23.906,1.07825,1.07846,1.12,1.00
2016.02.25 13:30:24.058,1.07823,1.07846,1.87,1.00
2016.02.25 13:30:24.315,1.07823,1.07844,1.87,1.00
2016.02.25 13:30:24.518,1.07813,1.07837,1.00,1.00
2016.02.25 13:30:24.620,1.0782,1.07837,1.50,1.00
2016.02.25 13:30:24.999,1.0782,1.0784,1.75,1.00
2016.02.25 13:30:25.050,1.07822,1.07841,1.75,1.00
2016.02.25 13:30:25.152,1.07827,1.07843,1.19,1.00
2016.02.25 13:30:25.253,1.07827,1.07843,1.94,1.00
2016.02.25 13:30:26.054,1.07827,1.07846,2.25,1.00
2016.02.25 13:30:26.105,1.07832,1.07848,1.12,1.00
2016.02.25 13:30:26.214,1.07832,1.07848,1.31,1.00
2016.02.25 13:30:26.315,1.07832,1.07851,1.69,1.00
2016.02.25 13:30:26.366,1.07832,1.07851,1.94,1.00
2016.02.25 13:30:26.966,1.07832,1.07848,1.12,1.00
2016.02.25 13:30:27.067,1.07826,1.07848,1.19,1.00
2016.02.25 13:30:27.119,1.07826,1.07844,1.56,1.00
2016.02.25 13:30:27.170,1.07826,1.07846,1.94,1.00
2016.02.25 13:30:27.222,1.07825,1.07842,1.75,1.00
2016.02.25 13:30:27.273,1.07829,1.07845,1.00,1.00
2016.02.25 13:30:27.426,1.07831,1.07851,1.19,1.37
2016.02.25 13:30:27.477,1.07831,1.07851,1.19,1.00
2016.02.25 13:30:27.529,1.07837,1.07851,1.00,1.00
2016.02.25 13:30:28.010,1.07838,1.07854,1.25,1.50
2016.02.25 13:30:28.061,1.07837,1.07854,1.75,1.00
2016.02.25 13:30:28.315,1.07843,1.07861,1.62,1.00
2016.02.25 13:30:28.518,1.07844,1.07861,1.50,1.00
2016.02.25 13:30:28.998,1.07838,1.07852,1.44,1.00
2016.02.25 13:30:29.101,1.07838,1.0786,3.37,1.00
2016.02.25 13:30:29.152,1.07839,1.07858,1.12,1.00
2016.02.25 13:30:29.306,1.07836,1.07853,1.94,1.00
2016.02.25 13:30:29.409,1.07838,1.07853,1.12,1.00
2016.02.25 13:30:29.511,1.07834,1.07853,1.44,1.00
2016.02.25 13:30:29.934,1.07832,1.07853,1.50,1.00
2016.02.25 13:30:30.188,1.07834,1.07853,1.12,1.00
2016.02.25 13:30:30.390,1.07834,1.07853,1.44,1.00
2016.02.25 13:30:30.931,1.07833,1.07853,1.31,1.00
2016.02.25 13:30:31.033,1.07834,1.07853,1.81,1.00
2016.02.25 13:30:31.084,1.07834,1.07856,1.81,1.00
2016.02.25 13:30:31.135,1.07839,1.07857,1.12,1.00
2016.02.25 13:30:31.186,1.07839,1.0786,1.12,1.00
2016.02.25 13:30:31.288,1.07841,1.07864,1.00,1.00
2016.02.25 13:30:31.339,1.07845,1.07864,1.00,1.00
2016.02.25 13:30:31.440,1.07837,1.07864,1.94,1.00
2016.02.25 13:30:31.491,1.07842,1.07864,1.25,1.00
2016.02.25 13:30:31.794,1.0783,1.07853,1.31,1.00
2016.02.25 13:30:32.104,1.07826,1.07849,1.81,1.00
2016.02.25 13:30:32.457,1.07824,1.07849,1.00,1.00
2016.02.25 13:30:32.703,1.0783,1.07848,1.12,1.00
2016.02.25 13:30:32.804,1.07828,1.07848,1.12,1.00
2016.02.25 13:30:33.007,1.07825,1.07848,1.56,1.00
2016.02.25 13:30:33.260,1.07825,1.07847,1.12,1.00
2016.02.25 13:30:33.576,1.07824,1.07849,2.19,1.00
2016.02.25 13:30:33.627,1.07827,1.07849,1.12,1.00
2016.02.25 13:30:33.678,1.07824,1.07846,1.31,1.00
2016.02.25 13:30:33.781,1.07824,1.07846,2.19,1.00
2016.02.25 13:30:33.933,1.07822,1.07846,1.12,1.00
2016.02.25 13:30:34.142,1.07818,1.07847,1.50,1.00
2016.02.25 13:30:34.244,1.07822,1.07847,1.12,1.00
2016.02.25 13:30:34.622,1.07822,1.07847,1.31,1.00
2016.02.25 13:30:35.027,1.07822,1.07849,1.31,1.00
2016.02.25 13:30:35.128,1.07824,1.07849,1.25,1.00
2016.02.25 13:30:35.230,1.07822,1.07849,1.31,1.00
2016.02.25 13:30:35.793,1.07822,1.07849,1.31,1.00
2016.02.25 13:30:36.254,1.07823,1.07847,1.37,1.00
2016.02.25 13:30:36.676,1.07817,1.07847,1.94,1.00
2016.02.25 13:30:37.131,1.07819,1.0785,1.56,1.87
2016.02.25 13:30:37.182,1.0782,1.0785,1.31,1.50
2016.02.25 13:30:37.233,1.07823,1.07852,1.31,1.12
2016.02.25 13:30:37.335,1.07827,1.07856,1.00,1.75
2016.02.25 13:30:37.386,1.07827,1.07856,1.75,1.00
2016.02.25 13:30:37.437,1.07829,1.07859,1.62,1.00
2016.02.25 13:30:37.779,1.0783,1.07855,1.69,1.00
2016.02.25 13:30:38.083,1.0783,1.07855,1.69,1.00
2016.02.25 13:30:38.586,1.0783,1.07855,2.25,1.00
2016.02.25 13:30:38.981,1.0783,1.07855,1.69,1.00
2016.02.25 13:30:39.083,1.0783,1.07855,1.69,1.00
2016.02.25 13:30:39.285,1.0783,1.07855,1.69,1.00
2016.02.25 13:30:40.093,1.0783,1.07855,1.69,1.00
2016.02.25 13:30:40.195,1.0783,1.07855,1.69,1.00
2016.02.25 13:30:40.296,1.0783,1.07855,1.69,1.00
2016.02.25 13:30:40.936,1.0783,1.07855,1.69,1.00
2016.02.25 13:30:41.245,1.07831,1.07855,1.12,1.00
2016.02.25 13:30:41.398,1.0783,1.07855,1.69,1.00
2016.02.25 13:30:41.499,1.0783,1.07855,1.69,1.00
2016.02.25 13:30:41.702,1.0783,1.07855,1.69,1.00
2016.02.25 13:30:42.231,1.0783,1.07845,1.25,1.00
2016.02.25 13:30:42.434,1.07821,1.07842,1.12,1.00
2016.02.25 13:30:42.485,1.07818,1.07842,1.12,1.00
2016.02.25 13:30:42.587,1.0782,1.07842,1.12,1.00
2016.02.25 13:30:42.739,1.07821,1.07845,1.12,1.00
2016.02.25 13:30:42.841,1.07819,1.07845,1.31,1.00
2016.02.25 13:30:43.032,1.0782,1.07845,1.81,1.00
2016.02.25 13:30:43.235,1.07819,1.07845,1.31,1.00
2016.02.25 13:30:43.488,1.07822,1.07845,1.12,1.00
2016.02.25 13:30:43.590,1.0782,1.07845,1.25,1.00
2016.02.25 13:30:43.692,1.0782,1.07845,1.81,1.00
2016.02.25 13:30:44.139,1.07823,1.07845,1.12,1.00
2016.02.25 13:30:44.686,1.07822,1.07845,1.12,1.00
2016.02.25 13:30:45.031,1.07822,1.07847,1.12,1.00
2016.02.25 13:30:45.133,1.07824,1.07847,1.12,1.00
2016.02.25 13:30:45.379,1.07826,1.07851,1.12,1.00
2016.02.25 13:30:45.480,1.07832,1.07851,1.12,1.00
2016.02.25 13:30:45.531,1.07832,1.07853,1.12,1.00
2016.02.25 13:30:45.683,1.07827,1.07853,1.81,1.00
2016.02.25 13:30:45.784,1.07829,1.07853,1.12,1.00
2016.02.25 13:30:45.986,1.07825,1.07853,1.20,1.00
2016.02.25 13:30:48.114,1.07824,1.07853,1.00,1.00
2016.02.25 13:30:48.670,1.07824,1.07852,1.00,1.50
2016.02.25 13:30:48.823,1.07828,1.07853,1.00,1.50
2016.02.25 13:30:48.874,1.07828,1.07856,1.00,1.00
2016.02.25 13:30:48.925,1.07825,1.07856,2.25,1.00
2016.02.25 13:30:50.231,1.07829,1.07858,1.75,1.00
2016.02.25 13:30:50.879,1.07824,1.07854,1.75,1.00
2016.02.25 13:30:50.981,1.07828,1.07857,1.75,1.00
2016.02.25 13:30:51.083,1.07834,1.07859,1.00,1.00
2016.02.25 13:30:51.235,1.07834,1.07859,1.75,1.00
2016.02.25 13:30:53.046,1.07833,1.07861,1.75,1.00
2016.02.25 13:30:53.451,1.07833,1.07859,1.75,1.00
2016.02.25 13:30:54.757,1.07834,1.07861,1.75,1.00
2016.02.25 13:30:56.353,1.0783,1.07861,2.25,1.00
2016.02.25 13:30:56.658,1.0783,1.07861,2.25,1.00
2016.02.25 13:30:56.760,1.0783,1.07861,1.87,1.00
2016.02.25 13:30:58.189,1.07831,1.07861,1.00,1.00
2016.02.25 13:30:58.240,1.07832,1.07864,1.00,2.25
2016.02.25 13:30:58.291,1.07837,1.07864,1.00,2.25
2016.02.25 13:30:58.832,1.07838,1.07864,1.00,1.00
2016.02.25 13:30:59.359,1.07837,1.07864,1.12,1.00
2016.02.25 13:31:00.115,1.07835,1.0786,1.75,1.00
2016.02.25 13:31:00.267,1.07831,1.07859,1.12,1.00
2016.02.25 13:31:00.590,1.07834,1.0786,1.00,1.00
2016.02.25 13:31:03.127,1.07834,1.07863,1.00,1.00
2016.02.25 13:31:03.381,1.07835,1.07863,2.25,1.00
2016.02.25 13:31:03.482,1.07835,1.07863,1.37,1.00
2016.02.25 13:31:04.701,1.07831,1.0786,2.25,1.00
2016.02.25 13:31:05.971,1.07831,1.07856,1.37,1.87
2016.02.25 13:31:06.023,1.07827,1.07851,1.00,1.75
2016.02.25 13:31:06.126,1.07827,1.07851,1.00,1.00
2016.02.25 13:31:06.280,1.07825,1.07851,1.50,1.00
2016.02.25 13:31:06.482,1.07827,1.07851,1.37,1.00
2016.02.25 13:31:06.735,1.07827,1.07854,1.75,1.00
2016.02.25 13:31:07.497,1.07829,1.07856,1.37,1.00
2016.02.25 13:31:07.801,1.07829,1.07856,1.75,1.00
2016.02.25 13:31:08.467,1.07833,1.07857,1.75,1.00
2016.02.25 13:31:10.224,1.07833,1.0786,1.75,1.00
2016.02.25 13:31:11.622,1.0783,1.07856,2.32,1.00
2016.02.25 13:31:11.951,1.0783,1.07854,1.85,1.00
2016.02.25 13:31:12.052,1.0783,1.07854,1.57,1.00
2016.02.25 13:31:12.406,1.07837,1.07856,1.00,1.00
2016.02.25 13:31:12.456,1.07837,1.07859,1.00,1.50
2016.02.25 13:31:12.507,1.07837,1.07852,1.00,1.00
2016.02.25 13:31:12.870,1.07824,1.0784,2.25,1.00
2016.02.25 13:31:12.922,1.07814,1.07839,1.50,1.00
2016.02.25 13:31:13.023,1.07812,1.0784,1.00,1.37
2016.02.25 13:31:13.074,1.07815,1.07841,1.00,1.50
2016.02.25 13:31:13.125,1.07815,1.07841,1.00,1.00
2016.02.25 13:31:13.176,1.07815,1.07843,1.12,1.00
2016.02.25 13:31:13.227,1.07816,1.07846,1.07,1.50
2016.02.25 13:31:13.632,1.0782,1.07848,1.00,1.00
2016.02.25 13:31:15.425,1.07819,1.07851,1.00,1.00
2016.02.25 13:31:17.881,1.07821,1.07854,1.00,1.00
2016.02.25 13:31:17.932,1.07821,1.07854,1.12,1.00
2016.02.25 13:31:19.234,1.07825,1.07855,1.00,1.00
2016.02.25 13:31:19.638,1.07821,1.07854,1.12,1.00
2016.02.25 13:31:19.892,1.07821,1.07854,1.00,1.50
2016.02.25 13:31:20.555,1.07821,1.0785,1.00,1.00
2016.02.25 13:31:21.060,1.07818,1.0785,1.12,1.00
2016.02.25 13:31:21.111,1.07818,1.0785,1.00,1.00
2016.02.25 13:31:21.621,1.07818,1.07851,1.00,1.00
2016.02.25 13:31:22.150,1.07819,1.07851,1.00,1.00
2016.02.25 13:31:22.852,1.07818,1.07851,1.87,1.00
2016.02.25 13:31:22.903,1.07822,1.07854,1.50,1.00
2016.02.25 13:31:23.775,1.07824,1.07854,1.00,1.00
2016.02.25 13:31:24.857,1.07827,1.07856,1.00,1.00
2016.02.25 13:31:25.195,1.0783,1.07856,1.75,1.00
2016.02.25 13:31:25.363,1.0783,1.07858,1.75,1.00
2016.02.25 13:31:26.996,1.07831,1.07861,1.85,1.00
2016.02.25 13:31:27.047,1.07839,1.07861,1.00,1.00
2016.02.25 13:31:27.557,1.07839,1.07855,1.00,1.00
2016.02.25 13:31:27.709,1.07827,1.07851,1.82,1.00
2016.02.25 13:31:27.810,1.07827,1.07851,1.20,1.00
2016.02.25 13:31:28.064,1.07825,1.07848,1.75,1.00
2016.02.25 13:31:28.166,1.0782,1.07848,1.50,1.00
2016.02.25 13:31:28.462,1.07825,1.07848,1.00,1.00
2016.02.25 13:31:28.614,1.07821,1.07848,1.87,1.00
2016.02.25 13:31:28.918,1.07825,1.07848,1.00,1.00
2016.02.25 13:31:29.120,1.07824,1.07852,1.87,1.00
2016.02.25 13:31:29.272,1.07828,1.07852,1.00,1.00
2016.02.25 13:31:29.787,1.0783,1.07852,1.00,1.00
2016.02.25 13:31:30.664,1.07832,1.07852,1.00,1.00
2016.02.25 13:31:31.168,1.07831,1.07852,1.00,1.00
2016.02.25 13:31:31.270,1.07831,1.07854,1.12,1.00
2016.02.25 13:31:31.372,1.07833,1.07854,1.00,1.00
2016.02.25 13:31:32.209,1.07831,1.07854,1.50,1.00
2016.02.25 13:31:33.529,1.07825,1.07851,2.25,1.00
2016.02.25 13:31:33.630,1.07825,1.07851,2.25,1.00
2016.02.25 13:31:34.168,1.07825,1.07851,1.00,1.00
2016.02.25 13:31:34.843,1.07826,1.07851,1.00,1.00
2016.02.25 13:31:35.192,1.07827,1.07851,1.37,1.00
2016.02.25 13:31:35.496,1.07829,1.07851,1.75,1.00
2016.02.25 13:31:35.800,1.07828,1.07854,1.75,1.00
2016.02.25 13:31:35.851,1.07829,1.07856,1.75,1.00
2016.02.25 13:31:36.536,1.0783,1.07855,1.12,1.00
2016.02.25 13:31:36.637,1.07829,1.07857,1.75,1.00
2016.02.25 13:31:36.739,1.07832,1.0786,1.10,1.00
2016.02.25 13:31:36.840,1.07837,1.0786,1.12,1.00
2016.02.25 13:31:37.043,1.07833,1.0786,2.25,1.00
2016.02.25 13:31:37.144,1.07833,1.0786,1.50,1.00
2016.02.25 13:31:38.042,1.07833,1.07857,1.50,1.00
2016.02.25 13:31:39.443,1.07832,1.07857,1.10,1.00
2016.02.25 13:31:39.984,1.07829,1.07854,1.87,1.00
2016.02.25 13:31:40.237,1.07829,1.07854,1.20,1.00
2016.02.25 13:31:40.727,1.07829,1.07857,1.20,1.00
2016.02.25 13:31:40.778,1.07829,1.07855,1.20,1.00
2016.02.25 13:31:41.087,1.07832,1.07857,1.75,1.00
2016.02.25 13:31:41.143,1.07832,1.07855,1.00,1.00
2016.02.25 13:31:41.662,1.07829,1.07855,1.87,1.00
2016.02.25 13:31:41.764,1.07829,1.07852,1.12,1.00
2016.02.25 13:31:42.080,1.07827,1.07852,1.00,1.00
2016.02.25 13:31:42.130,1.07825,1.0785,1.07,1.00
2016.02.25 13:31:42.333,1.07823,1.0785,1.50,1.00
2016.02.25 13:31:42.535,1.07823,1.07847,1.12,1.00
2016.02.25 13:31:42.712,1.07823,1.07851,1.00,1.50
2016.02.25 13:31:42.763,1.07825,1.07851,1.00,1.50
2016.02.25 13:31:43.400,1.07828,1.07851,1.00,1.00
2016.02.25 13:31:43.553,1.07826,1.07851,1.00,1.00
2016.02.25 13:31:44.081,1.07826,1.07851,1.75,1.00
2016.02.25 13:31:44.183,1.07826,1.07851,1.00,1.00
2016.02.25 13:31:44.722,1.07824,1.07851,1.50,1.00
2016.02.25 13:31:45.077,1.07823,1.07847,1.85,1.00
2016.02.25 13:31:45.737,1.07824,1.07847,1.00,1.00
2016.02.25 13:31:45.941,1.07824,1.0785,1.07,1.00
2016.02.25 13:31:45.992,1.07827,1.0785,1.00,1.00
2016.02.25 13:31:46.527,1.07826,1.0785,1.00,1.00
2016.02.25 13:31:47.236,1.07826,1.07847,1.00,1.00
2016.02.25 13:31:47.389,1.07824,1.0785,1.07,1.00
2016.02.25 13:31:47.591,1.07824,1.07849,1.75,1.00
2016.02.25 13:31:47.846,1.07809,1.07838,1.12,1.00
2016.02.25 13:31:48.530,1.07809,1.07836,1.12,1.00
2016.02.25 13:31:50.726,1.07806,1.07833,1.87,1.00
2016.02.25 13:31:51.373,1.07815,1.07837,1.00,1.12
2016.02.25 13:31:51.791,1.07817,1.0784,1.00,1.00
2016.02.25 13:31:53.585,1.07815,1.0784,1.20,1.00
2016.02.25 13:31:54.246,1.07818,1.0784,1.00,1.00
2016.02.25 13:31:56.444,1.07818,1.07843,1.00,1.00
2016.02.25 13:31:56.849,1.07815,1.07839,1.20,1.00
2016.02.25 13:31:57.235,1.07813,1.07839,1.00,1.00
2016.02.25 13:31:57.741,1.0781,1.07838,1.57,1.00
2016.02.25 13:31:57.842,1.07809,1.07833,2.25,1.00
2016.02.25 13:31:57.943,1.07808,1.07831,1.00,1.00
2016.02.25 13:31:58.045,1.07808,1.07827,1.00,1.00
2016.02.25 13:31:58.096,1.07805,1.07827,1.00,1.00
2016.02.25 13:31:58.663,1.07803,1.07827,1.00,1.00
2016.02.25 13:31:59.271,1.078,1.07827,1.50,1.00
2016.02.25 13:31:59.805,1.07803,1.07827,1.00,1.00
2016.02.25 13:32:00.163,1.07801,1.07827,1.00,1.00
2016.02.25 13:32:01.803,1.07801,1.07824,1.00,1.00
2016.02.25 13:32:02.469,1.07796,1.07824,1.57,1.00
2016.02.25 13:32:03.532,1.07801,1.07824,1.00,1.00
2016.02.25 13:32:05.251,1.07805,1.07824,1.00,1.00
2016.02.25 13:32:05.455,1.07803,1.07824,1.00,1.00
2016.02.25 13:32:05.506,1.07803,1.07827,1.00,1.00
2016.02.25 13:32:06.082,1.07802,1.07827,1.00,1.00
2016.02.25 13:32:06.134,1.07801,1.07827,1.00,1.56
2016.02.25 13:32:06.640,1.078,1.07827,1.00,1.56
2016.02.25 13:32:06.893,1.07798,1.07827,1.87,1.56
2016.02.25 13:32:06.996,1.07802,1.07827,1.00,1.56
2016.02.25 13:32:07.557,1.07799,1.07827,1.00,1.56
2016.02.25 13:32:08.113,1.07799,1.07827,1.00,1.56
2016.02.25 13:32:08.402,1.07804,1.07827,1.00,1.31
2016.02.25 13:32:08.556,1.07809,1.07837,1.50,1.56
2016.02.25 13:32:08.898,1.07812,1.07837,1.75,1.00
2016.02.25 13:32:09.100,1.07814,1.0784,1.50,1.31
2016.02.25 13:32:09.304,1.07817,1.0784,1.00,1.00
2016.02.25 13:32:09.355,1.07817,1.07843,1.00,1.56
2016.02.25 13:32:09.406,1.07821,1.07843,1.00,1.56
2016.02.25 13:32:09.610,1.07822,1.07848,1.00,1.56
2016.02.25 13:32:09.661,1.07822,1.07848,1.00,1.56
2016.02.25 13:32:09.712,1.07822,1.07848,1.37,1.56
2016.02.25 13:32:09.813,1.07824,1.07853,1.75,1.56
2016.02.25 13:32:09.864,1.07824,1.07853,1.75,1.00
2016.02.25 13:32:09.965,1.0783,1.07853,1.00,1.00
2016.02.25 13:32:10.471,1.07824,1.0785,2.62,1.00
2016.02.25 13:32:11.018,1.07822,1.0785,1.50,1.00
2016.02.25 13:32:11.919,1.07818,1.07847,2.25,1.00
2016.02.25 13:32:12.020,1.07818,1.07847,1.50,1.24
2016.02.25 13:32:12.122,1.07818,1.07845,1.00,1.00
2016.02.25 13:32:12.648,1.07818,1.07845,1.07,1.00
2016.02.25 13:32:13.299,1.07818,1.07845,1.07,1.49
2016.02.25 13:32:13.804,1.07818,1.07837,1.00,1.00
2016.02.25 13:32:13.956,1.07814,1.07839,1.12,1.00
2016.02.25 13:32:14.178,1.07809,1.07837,1.75,1.00
2016.02.25 13:32:14.330,1.07808,1.07837,1.20,1.00
2016.02.25 13:32:17.521,1.07812,1.07837,1.00,1.00
2016.02.25 13:32:17.821,1.07813,1.0784,1.50,1.00
2016.02.25 13:32:18.175,1.07811,1.07843,2.25,1.00
2016.02.25 13:32:18.277,1.07814,1.07843,1.12,1.00
2016.02.25 13:32:18.483,1.07817,1.07845,1.00,1.00
2016.02.25 13:32:18.969,1.07819,1.07845,1.00,1.00
2016.02.25 13:32:19.171,1.07816,1.07845,1.00,1.00
2016.02.25 13:32:21.007,1.07816,1.07843,1.00,1.00
2016.02.25 13:32:21.516,1.07815,1.07843,1.50,1.00
2016.02.25 13:32:25.898,1.07815,1.07841,1.50,1.00
2016.02.25 13:32:26.049,1.0781,1.07841,1.69,1.12
2016.02.25 13:32:26.252,1.07812,1.07841,1.00,1.12
2016.02.25 13:32:26.741,1.07812,1.07841,1.37,1.12
2016.02.25 13:32:27.094,1.07816,1.07841,1.00,1.00
2016.02.25 13:32:27.151,1.07816,1.07844,1.00,1.00
2016.02.25 13:32:27.252,1.07816,1.07844,1.75,1.00
2016.02.25 13:32:28.587,1.07815,1.07839,2.25,1.00
2016.02.25 13:32:29.427,1.07818,1.07841,1.12,1.00
2016.02.25 13:32:29.680,1.0782,1.07841,1.00,1.00
2016.02.25 13:32:29.984,1.0782,1.07841,1.37,1.00
2016.02.25 13:32:31.646,1.07824,1.07845,1.75,1.00
2016.02.25 13:32:31.698,1.07824,1.07847,1.75,1.00
2016.02.25 13:32:31.799,1.07832,1.07849,1.12,1.00
2016.02.25 13:32:32.512,1.07832,1.07851,1.12,1.00
2016.02.25 13:32:32.614,1.07831,1.07854,1.50,1.00
2016.02.25 13:32:32.819,1.07831,1.07854,2.25,1.00
2016.02.25 13:32:34.156,1.07833,1.07855,1.75,1.00
2016.02.25 13:32:34.207,1.07833,1.07855,1.50,1.00
2016.02.25 13:32:34.258,1.07833,1.07855,1.50,1.00
2016.02.25 13:32:36.601,1.07834,1.07855,1.00,1.00
2016.02.25 13:32:36.753,1.07845,1.07855,1.00,1.00
2016.02.25 13:32:37.292,1.07844,1.07855,1.00,1.00
2016.02.25 13:32:37.394,1.07842,1.07855,1.00,1.00
2016.02.25 13:32:37.496,1.07844,1.07855,1.00,1.00
2016.02.25 13:32:37.648,1.07839,1.07855,1.00,1.00
2016.02.25 13:32:38.288,1.07837,1.07855,1.00,1.00
2016.02.25 13:32:38.390,1.0784,1.07855,1.00,1.00
2016.02.25 13:32:38.850,1.07837,1.07855,1.00,1.00
2016.02.25 13:32:39.349,1.07837,1.07853,1.00,1.00
2016.02.25 13:32:39.882,1.07836,1.07853,1.00,1.00
2016.02.25 13:32:40.579,1.07837,1.07853,1.00,1.00
2016.02.25 13:32:41.567,1.07835,1.07853,1.00,1.00
2016.02.25 13:32:43.103,1.07833,1.07853,1.00,1.00
2016.02.25 13:32:44.015,1.07832,1.07851,1.37,1.00
2016.02.25 13:32:44.442,1.07832,1.07849,1.00,1.00
2016.02.25 13:32:44.746,1.07828,1.07846,1.00,1.00
2016.02.25 13:32:44.797,1.07825,1.07844,1.00,1.00
2016.02.25 13:32:45.313,1.07825,1.07845,1.00,1.00
2016.02.25 13:32:47.729,1.07825,1.07847,1.00,1.00
2016.02.25 13:32:48.252,1.07825,1.07846,1.00,1.00
2016.02.25 13:32:48.303,1.07822,1.07844,1.50,1.00
2016.02.25 13:32:49.580,1.07822,1.07841,1.50,1.00
2016.02.25 13:32:50.099,1.07822,1.07841,1.00,1.00
2016.02.25 13:32:50.403,1.07818,1.07838,1.00,1.00
2016.02.25 13:32:50.454,1.07818,1.07835,1.00,1.00
2016.02.25 13:32:50.716,1.07818,1.07837,1.00,1.00
2016.02.25 13:32:50.817,1.07818,1.07835,1.00,1.00
2016.02.25 13:32:50.920,1.07813,1.07833,1.00,1.00
2016.02.25 13:32:53.360,1.07813,1.07831,1.00,1.00
2016.02.25 13:32:55.855,1.07813,1.07831,1.04,1.00
2016.02.25 13:32:55.905,1.07813,1.07839,1.04,1.00
2016.02.25 13:32:55.956,1.07815,1.07842,1.50,1.00
2016.02.25 13:32:56.007,1.07818,1.07846,1.91,1.87
2016.02.25 13:32:56.311,1.07829,1.07851,1.00,1.00
2016.02.25 13:32:57.157,1.07831,1.07852,1.00,1.00
2016.02.25 13:32:57.221,1.07828,1.07851,1.00,1.00
2016.02.25 13:32:57.272,1.07832,1.07851,1.00,1.00
2016.02.25 13:32:57.475,1.07829,1.07851,1.00,1.00
2016.02.25 13:32:57.875,1.07829,1.07854,1.00,1.00
2016.02.25 13:32:57.976,1.07831,1.07854,1.00,1.00
2016.02.25 13:32:58.412,1.07836,1.0786,1.37,1.00
2016.02.25 13:32:58.666,1.07836,1.0786,1.87,1.00
2016.02.25 13:32:59.172,1.07838,1.0786,1.00,1.00
2016.02.25 13:33:00.905,1.07836,1.0786,1.37,1.00
2016.02.25 13:33:06.352,1.07838,1.07864,1.00,1.00
2016.02.25 13:33:06.454,1.0784,1.07864,1.00,1.00
2016.02.25 13:33:06.786,1.07842,1.07864,1.00,1.00
2016.02.25 13:33:06.839,1.07842,1.07866,1.00,1.00
2016.02.25 13:33:07.911,1.07842,1.07864,1.00,1.00
2016.02.25 13:33:08.447,1.07842,1.07863,1.00,1.00
2016.02.25 13:33:08.963,1.07843,1.07863,1.00,1.00
2016.02.25 13:33:09.384,1.07844,1.07864,1.37,1.00
2016.02.25 13:33:09.436,1.07844,1.07866,1.37,1.00
2016.02.25 13:33:09.487,1.07844,1.07866,1.00,1.00
2016.02.25 13:33:09.537,1.07844,1.07862,1.00,1.00
2016.02.25 13:33:09.841,1.07836,1.07857,1.75,1.00
2016.02.25 13:33:10.145,1.07836,1.07853,1.75,1.00
2016.02.25 13:33:10.521,1.0783,1.0785,1.75,1.00
2016.02.25 13:33:10.623,1.0783,1.0785,1.00,1.00
2016.02.25 13:33:11.128,1.0783,1.07852,1.00,1.00
2016.02.25 13:33:12.176,1.0783,1.07855,1.00,1.00
2016.02.25 13:33:12.278,1.07833,1.07855,1.00,1.00
2016.02.25 13:33:13.285,1.07833,1.07844,1.50,1.00
2016.02.25 13:33:13.339,1.07833,1.07849,1.00,1.00
2016.02.25 13:33:13.441,1.07831,1.07847,1.00,1.00
2016.02.25 13:33:13.645,1.07823,1.07842,1.00,1.00
2016.02.25 13:33:13.747,1.0782,1.07842,1.00,1.00
2016.02.25 13:33:18.403,1.0782,1.07839,1.12,1.00
2016.02.25 13:33:19.228,1.07816,1.07836,1.50,1.00
2016.02.25 13:33:20.127,1.07816,1.07838,1.50,1.00
2016.02.25 13:33:20.330,1.07816,1.0784,1.00,1.00
2016.02.25 13:33:20.431,1.07817,1.07842,1.00,1.00
2016.02.25 13:33:20.482,1.07821,1.07842,1.00,1.00
2016.02.25 13:33:20.634,1.07821,1.07844,1.00,1.00
2016.02.25 13:33:21.067,1.07825,1.07847,1.00,1.00
2016.02.25 13:33:22.147,1.07825,1.0785,1.00,1.00
2016.02.25 13:33:22.198,1.07828,1.0785,1.00,1.00
2016.02.25 13:33:22.980,1.07828,1.07848,1.00,1.00
2016.02.25 13:33:23.952,1.07823,1.07847,1.00,1.00
2016.02.25 13:33:25.120,1.07823,1.07849,1.00,1.00
2016.02.25 13:33:25.391,1.07827,1.07849,1.00,1.00
2016.02.25 13:33:25.797,1.07827,1.07852,1.00,1.00
2016.02.25 13:33:26.322,1.07827,1.07848,1.00,1.00
2016.02.25 13:33:26.896,1.07827,1.07845,1.00,1.00
2016.02.25 13:33:27.048,1.07823,1.07845,1.00,1.00
2016.02.25 13:33:27.605,1.07824,1.07845,1.00,1.00
2016.02.25 13:33:28.110,1.07823,1.07845,1.12,1.00
2016.02.25 13:33:29.117,1.07827,1.07853,1.50,1.00
2016.02.25 13:33:29.168,1.07828,1.07855,1.50,1.00
2016.02.25 13:33:29.219,1.0783,1.07857,1.00,1.00
2016.02.25 13:33:29.321,1.07834,1.07857,1.00,1.00
2016.02.25 13:33:29.573,1.07829,1.07854,1.20,1.00
2016.02.25 13:33:29.838,1.07826,1.07845,1.37,1.00
2016.02.25 13:33:29.889,1.07825,1.07845,1.00,1.00
2016.02.25 13:33:29.940,1.07821,1.07845,2.14,1.00
2016.02.25 13:33:30.445,1.07824,1.07844,1.00,1.00
2016.02.25 13:33:30.546,1.0782,1.07844,1.37,1.00
2016.02.25 13:33:30.597,1.0782,1.07842,1.00,1.00
2016.02.25 13:33:30.960,1.07816,1.07842,1.00,1.00
2016.02.25 13:33:31.011,1.07816,1.07836,1.00,1.00
2016.02.25 13:33:31.315,1.07812,1.07836,1.75,1.00
2016.02.25 13:33:32.650,1.07812,1.07827,1.37,1.00
2016.02.25 13:33:32.701,1.07805,1.07827,2.06,1.00
2016.02.25 13:33:32.752,1.07802,1.07824,3.00,1.00
2016.02.25 13:33:32.803,1.07802,1.07824,1.00,1.00
2016.02.25 13:33:35.013,1.07802,1.07822,1.00,1.00
2016.02.25 13:33:35.216,1.07796,1.07817,1.00,1.00
2016.02.25 13:33:35.267,1.07796,1.0782,1.00,1.12
2016.02.25 13:33:35.420,1.07796,1.07824,1.31,1.00
2016.02.25 13:33:35.471,1.07797,1.07824,1.47,1.00
2016.02.25 13:33:35.623,1.07796,1.07824,1.12,1.00
2016.02.25 13:33:36.636,1.07796,1.07821,1.12,1.00
2016.02.25 13:33:37.658,1.07796,1.07819,1.12,1.00
2016.02.25 13:33:39.053,1.07793,1.07816,1.75,1.00
2016.02.25 13:33:39.104,1.07793,1.07816,1.00,1.00
2016.02.25 13:33:40.613,1.07793,1.07818,1.00,1.00
2016.02.25 13:33:40.664,1.07796,1.07818,1.00,1.00
2016.02.25 13:33:42.253,1.07796,1.07817,1.00,1.00
2016.02.25 13:33:42.512,1.07792,1.07814,1.00,1.00
2016.02.25 13:33:42.563,1.07789,1.07812,1.37,1.00
2016.02.25 13:33:42.615,1.07785,1.07812,1.37,1.00
2016.02.25 13:33:43.373,1.07784,1.07809,1.50,1.00
2016.02.25 13:33:43.892,1.07787,1.07809,1.00,1.00
2016.02.25 13:33:44.754,1.07789,1.07809,1.00,1.00
2016.02.25 13:33:45.563,1.07784,1.07808,1.50,1.00
2016.02.25 13:33:45.614,1.07786,1.07812,1.25,1.00
2016.02.25 13:33:45.715,1.0779,1.07817,1.37,1.37
2016.02.25 13:33:45.817,1.07796,1.07817,1.00,1.00
2016.02.25 13:33:45.868,1.07799,1.07817,1.00,1.00
2016.02.25 13:33:46.377,1.07799,1.07818,1.00,1.00
2016.02.25 13:33:46.631,1.07797,1.07818,1.00,1.00
2016.02.25 13:33:47.137,1.07796,1.07818,1.00,1.00
2016.02.25 13:33:47.189,1.07798,1.07821,1.00,1.00
2016.02.25 13:33:47.573,1.07801,1.07821,1.00,1.00
2016.02.25 13:33:47.826,1.07806,1.07828,1.00,1.00
2016.02.25 13:33:47.927,1.07803,1.07828,1.12,1.00
2016.02.25 13:33:47.978,1.07806,1.07832,1.00,1.00
2016.02.25 13:33:48.281,1.07809,1.07833,1.00,1.00
2016.02.25 13:33:48.534,1.07806,1.07833,1.00,1.00
2016.02.25 13:33:48.914,1.07812,1.07833,1.00,1.00
2016.02.25 13:33:48.967,1.07811,1.07835,1.37,1.00
2016.02.25 13:33:49.018,1.07811,1.07838,1.00,1.00
2016.02.25 13:33:49.070,1.07811,1.07841,1.00,1.37
2016.02.25 13:33:49.171,1.07815,1.07841,1.00,1.37
2016.02.25 13:33:49.507,1.07819,1.07843,1.12,1.00
2016.02.25 13:33:50.034,1.07822,1.07845,1.00,1.00
2016.02.25 13:33:50.505,1.07822,1.07845,1.75,1.00
2016.02.25 13:33:51.792,1.07819,1.07848,2.06,1.00
2016.02.25 13:33:51.894,1.07819,1.07845,1.31,1.00
2016.02.25 13:33:51.995,1.07818,1.07845,1.66,1.00
2016.02.25 13:33:52.224,1.07821,1.07847,1.75,1.00
2016.02.25 13:33:52.375,1.07823,1.07851,1.12,1.00
2016.02.25 13:33:52.477,1.0783,1.07851,1.00,1.00
2016.02.25 13:33:52.629,1.07825,1.07851,1.50,1.00
2016.02.25 13:33:52.680,1.07825,1.07847,1.37,1.00
2016.02.25 13:33:52.730,1.07818,1.07847,2.06,1.00
2016.02.25 13:33:52.832,1.07819,1.07845,1.25,1.00
2016.02.25 13:33:53.167,1.07815,1.07843,1.87,1.00
2016.02.25 13:33:53.269,1.07813,1.07839,1.69,1.00
2016.02.25 13:33:53.660,1.07815,1.07839,1.00,1.00
2016.02.25 13:33:53.817,1.07813,1.07839,1.12,1.00
2016.02.25 13:33:54.019,1.0781,1.07839,1.31,1.00
2016.02.25 13:33:54.195,1.0781,1.07834,1.00,1.00
2016.02.25 13:33:54.701,1.07811,1.0783,1.00,1.00
2016.02.25 13:33:54.854,1.07805,1.0783,1.87,1.00
2016.02.25 13:33:55.363,1.07807,1.07832,1.00,1.00
2016.02.25 13:33:56.100,1.07807,1.07832,1.37,1.00
2016.02.25 13:33:56.303,1.07815,1.07839,1.12,1.00
2016.02.25 13:33:57.934,1.07815,1.07841,1.12,1.00
2016.02.25 13:33:58.438,1.07816,1.07845,1.50,1.00
2016.02.25 13:33:58.741,1.07819,1.07845,1.00,1.00
2016.02.25 13:33:58.944,1.07817,1.07845,1.00,1.00
2016.02.25 13:33:59.648,1.07817,1.07845,1.56,1.00
2016.02.25 13:34:00.153,1.07817,1.07845,1.00,1.00
2016.02.25 13:34:00.747,1.0782,1.07845,1.00,1.00
2016.02.25 13:34:02.710,1.0782,1.07845,2.06,1.00
2016.02.25 13:34:03.211,1.0782,1.07845,2.06,1.00
2016.02.25 13:34:03.561,1.0782,1.07847,2.06,1.50
2016.02.25 13:34:03.814,1.07822,1.07847,1.00,1.00
2016.02.25 13:34:07.883,1.07822,1.07849,1.00,1.00
2016.02.25 13:34:10.510,1.0782,1.07846,1.10,1.00
2016.02.25 13:34:11.600,1.07821,1.07846,1.00,1.00
2016.02.25 13:34:14.249,1.07823,1.07846,1.00,1.00
2016.02.25 13:34:14.351,1.0782,1.07846,1.00,1.00
2016.02.25 13:34:15.535,1.0782,1.07845,1.00,1.00
2016.02.25 13:34:16.809,1.07819,1.07845,2.25,1.00
2016.02.25 13:34:20.673,1.0782,1.07846,1.50,1.00
2016.02.25 13:34:20.939,1.07824,1.07846,1.00,1.00
2016.02.25 13:34:21.040,1.07824,1.07849,1.00,1.00
2016.02.25 13:34:21.091,1.07828,1.07849,1.00,1.00
2016.02.25 13:34:21.293,1.07825,1.07849,1.00,1.00
2016.02.25 13:34:22.933,1.07824,1.07849,1.25,1.00
2016.02.25 13:34:23.591,1.07822,1.07849,1.37,1.00
2016.02.25 13:34:24.109,1.07822,1.07849,1.00,1.00
2016.02.25 13:34:25.901,1.07822,1.07849,2.44,1.00
2016.02.25 13:34:27.568,1.07822,1.07849,2.44,1.00
2016.02.25 13:34:29.585,1.07822,1.07847,1.37,1.00
2016.02.25 13:34:29.969,1.07819,1.07844,1.00,1.00
2016.02.25 13:34:30.324,1.07817,1.07844,1.00,1.00
2016.02.25 13:34:30.888,1.07816,1.07844,1.00,1.00
2016.02.25 13:34:30.939,1.07816,1.07842,1.00,1.00
2016.02.25 13:34:33.225,1.07816,1.07839,1.00,1.00
2016.02.25 13:34:33.278,1.07816,1.07842,1.00,1.00
2016.02.25 13:34:33.330,1.07816,1.07845,1.75,3.00
2016.02.25 13:34:33.482,1.07813,1.07839,1.12,2.06
2016.02.25 13:34:33.533,1.07813,1.07836,1.12,1.00
2016.02.25 13:34:33.735,1.07809,1.07836,1.00,1.00
2016.02.25 13:34:33.786,1.07809,1.07836,1.37,1.00
2016.02.25 13:34:33.838,1.07811,1.0784,1.00,1.50
2016.02.25 13:34:33.939,1.07813,1.07842,1.00,1.50
2016.02.25 13:34:37.070,1.07811,1.07841,3.56,1.00
2016.02.25 13:34:38.021,1.07812,1.07841,1.00,1.00
2016.02.25 13:34:38.682,1.07813,1.07842,1.00,1.00
2016.02.25 13:34:39.396,1.07818,1.07843,1.00,1.50
2016.02.25 13:34:39.498,1.07818,1.07846,1.00,1.00
2016.02.25 13:34:39.675,1.07818,1.07846,1.37,1.00
2016.02.25 13:34:39.878,1.07813,1.0784,1.00,1.50
2016.02.25 13:34:40.080,1.07811,1.0784,1.12,1.50
2016.02.25 13:34:41.105,1.07811,1.07837,1.12,1.00
2016.02.25 13:34:41.712,1.07816,1.07845,1.87,1.95
2016.02.25 13:34:41.763,1.07819,1.07845,1.12,1.00
2016.02.25 13:34:41.814,1.0782,1.07845,1.37,1.00
2016.02.25 13:34:41.865,1.07823,1.07849,1.50,1.00
2016.02.25 13:34:42.067,1.07823,1.07849,1.00,1.00
2016.02.25 13:34:43.735,1.07823,1.07849,1.37,1.00
2016.02.25 13:34:44.241,1.07823,1.07849,1.75,1.00
2016.02.25 13:34:44.969,1.0782,1.07849,1.12,1.00
2016.02.25 13:34:45.374,1.0782,1.07845,1.12,1.00
2016.02.25 13:34:45.863,1.07816,1.07845,1.87,1.50
2016.02.25 13:34:45.914,1.07816,1.07842,1.12,1.00
2016.02.25 13:34:48.844,1.07816,1.0784,1.00,1.00
2016.02.25 13:34:48.895,1.0781,1.0784,3.00,1.00
2016.02.25 13:34:48.946,1.0781,1.0784,2.32,1.00
2016.02.25 13:34:52.821,1.07813,1.07841,1.00,1.00
2016.02.25 13:34:54.755,1.07804,1.07829,1.00,1.00
2016.02.25 13:34:55.060,1.07807,1.07832,1.37,1.50
2016.02.25 13:34:55.112,1.07807,1.07832,1.00,1.50
2016.02.25 13:34:55.314,1.07807,1.07835,1.00,1.00
2016.02.25 13:34:55.365,1.07811,1.07835,1.00,1.00
2016.02.25 13:34:55.706,1.07803,1.07827,1.00,1.00
2016.02.25 13:34:56.211,1.07802,1.07826,1.00,1.00
2016.02.25 13:34:56.591,1.07799,1.07827,1.50,1.50
2016.02.25 13:34:56.843,1.07799,1.07825,1.50,1.00
2016.02.25 13:34:57.147,1.07799,1.07823,1.00,1.12
2016.02.25 13:34:57.745,1.07799,1.07823,1.00,2.25
2016.02.25 13:34:57.800,1.07796,1.07823,1.00,2.25
2016.02.25 13:34:58.859,1.07792,1.07819,1.00,1.12
2016.02.25 13:35:00.605,1.07794,1.07819,1.00,1.87
2016.02.25 13:35:00.655,1.0779,1.07819,1.50,1.87
2016.02.25 13:35:00.706,1.0779,1.07819,1.50,1.87
2016.02.25 13:35:01.087,1.07791,1.07815,1.00,1.75
2016.02.25 13:35:01.137,1.07787,1.07815,1.00,2.25
2016.02.25 13:35:03.698,1.07783,1.07814,1.00,1.75
2016.02.25 13:35:04.103,1.07783,1.07814,1.37,1.50
2016.02.25 13:35:04.712,1.07783,1.07812,1.37,1.00
2016.02.25 13:35:05.320,1.07783,1.07811,1.37,1.00
2016.02.25 13:35:05.523,1.07783,1.07813,1.37,1.00
2016.02.25 13:35:06.420,1.07786,1.07814,1.00,1.00
2016.02.25 13:35:06.723,1.07786,1.0781,1.00,1.00
2016.02.25 13:35:06.825,1.07783,1.0781,1.00,1.00
2016.02.25 13:35:07.236,1.07791,1.07813,1.00,1.50
2016.02.25 13:35:07.534,1.07792,1.07816,1.00,1.00
2016.02.25 13:35:07.636,1.07785,1.07814,1.59,1.12
2016.02.25 13:35:07.686,1.07785,1.07814,1.21,1.50
2016.02.25 13:35:07.737,1.07785,1.07814,1.00,1.50
2016.02.25 13:35:11.949,1.07782,1.0781,1.00,1.50
2016.02.25 13:35:12.061,1.07779,1.0781,1.12,2.25
2016.02.25 13:35:13.272,1.0778,1.0781,1.50,2.32
2016.02.25 13:35:13.323,1.0778,1.0781,2.62,1.45
2016.02.25 13:35:13.374,1.07782,1.07813,1.75,1.50
2016.02.25 13:35:13.426,1.07782,1.0781,1.37,1.12
2016.02.25 13:35:13.476,1.07782,1.0781,1.00,1.50
2016.02.25 13:35:15.090,1.07785,1.07812,1.00,1.75
2016.02.25 13:35:15.522,1.07808,1.07828,2.25,1.00
2016.02.25 13:35:15.574,1.0781,1.07834,1.12,1.00
2016.02.25 13:35:15.625,1.0781,1.07839,1.12,1.10
2016.02.25 13:35:15.675,1.0781,1.07839,1.12,1.12
2016.02.25 13:35:15.979,1.07801,1.07831,1.69,1.20
2016.02.25 13:35:16.181,1.07801,1.0783,1.12,1.00
2016.02.25 13:35:16.232,1.07801,1.0783,1.12,1.37
2016.02.25 13:35:16.333,1.07797,1.07827,1.00,1.00
2016.02.25 13:35:16.384,1.07795,1.07818,1.00,1.00
2016.02.25 13:35:16.798,1.07791,1.07818,1.12,1.00
2016.02.25 13:35:16.899,1.07791,1.07816,1.12,1.00
2016.02.25 13:35:17.832,1.07791,1.07813,1.12,1.00
2016.02.25 13:35:19.547,1.07788,1.07811,1.75,1.00
2016.02.25 13:35:19.858,1.07803,1.07816,3.07,1.00
2016.02.25 13:35:19.909,1.07812,1.07828,2.25,1.50
2016.02.25 13:35:19.960,1.07812,1.0783,1.87,1.00
2016.02.25 13:35:20.011,1.07814,1.07832,1.00,1.00
2016.02.25 13:35:20.062,1.07814,1.07825,1.37,1.00
2016.02.25 13:35:20.314,1.07818,1.07839,1.12,1.00
2016.02.25 13:35:20.365,1.07818,1.07845,1.69,1.50
2016.02.25 13:35:20.468,1.07818,1.07845,2.44,1.50
2016.02.25 13:35:20.519,1.0782,1.07845,1.00,1.00
2016.02.25 13:35:20.621,1.07824,1.07851,1.12,1.00
2016.02.25 13:35:20.672,1.07824,1.07851,2.06,1.00
2016.02.25 13:35:21.180,1.07828,1.07849,1.00,1.00
2016.02.25 13:35:21.461,1.07822,1.07849,1.12,1.00
2016.02.25 13:35:21.664,1.07825,1.07849,1.25,1.00
2016.02.25 13:35:21.969,1.07827,1.07851,1.00,1.00
2016.02.25 13:35:22.491,1.07826,1.07851,1.12,1.00
2016.02.25 13:35:23.734,1.07826,1.07853,1.12,1.00
2016.02.25 13:35:23.971,1.07826,1.07853,1.50,1.00
2016.02.25 13:35:24.335,1.07823,1.07851,2.32,1.00
2016.02.25 13:35:24.386,1.07823,1.07851,2.32,1.00
2016.02.25 13:35:25.205,1.07829,1.07851,1.00,1.00
2016.02.25 13:35:25.256,1.07829,1.07852,1.37,1.00
2016.02.25 13:35:26.530,1.07831,1.07856,1.56,1.00
2016.02.25 13:35:26.635,1.07835,1.07859,1.00,1.00
2016.02.25 13:35:26.686,1.07835,1.07859,1.37,1.00
2016.02.25 13:35:28.126,1.07837,1.07857,1.00,1.00
2016.02.25 13:35:28.329,1.07828,1.07855,2.81,1.00
2016.02.25 13:35:29.869,1.07832,1.07857,1.69,1.00
2016.02.25 13:35:30.022,1.07826,1.0785,2.14,1.00
2016.02.25 13:35:30.329,1.07821,1.07847,2.06,1.00
2016.02.25 13:35:30.380,1.07821,1.07843,1.37,1.00
2016.02.25 13:35:30.431,1.07821,1.07843,1.00,1.00
2016.02.25 13:35:30.583,1.07817,1.07843,2.06,1.00
2016.02.25 13:35:31.090,1.07819,1.07843,1.00,1.00
2016.02.25 13:35:31.594,1.07818,1.07843,1.12,1.00
2016.02.25 13:35:32.520,1.07816,1.0784,1.75,1.00
2016.02.25 13:35:32.672,1.07817,1.07842,1.50,1.00
2016.02.25 13:35:33.842,1.0782,1.07842,1.00,1.00
2016.02.25 13:35:34.381,1.07821,1.07842,1.00,1.00
2016.02.25 13:35:34.533,1.07819,1.07842,1.00,1.00
2016.02.25 13:35:34.914,1.07821,1.07842,1.00,1.00
2016.02.25 13:35:35.334,1.07819,1.07842,1.00,1.00
2016.02.25 13:35:35.840,1.0782,1.07842,1.00,1.00
2016.02.25 13:35:36.535,1.07818,1.07844,1.25,1.00
2016.02.25 13:35:36.737,1.07828,1.0785,1.00,1.57
2016.02.25 13:35:36.890,1.07827,1.07852,1.00,1.00
2016.02.25 13:35:36.992,1.07828,1.07854,1.00,1.00
2016.02.25 13:35:37.436,1.07828,1.0785,1.00,1.00
2016.02.25 13:35:37.945,1.07824,1.07849,1.12,1.00
2016.02.25 13:35:38.097,1.07827,1.07849,1.00,1.00
2016.02.25 13:35:38.639,1.07827,1.07844,1.00,1.00
2016.02.25 13:35:38.741,1.07827,1.07847,1.00,1.00
2016.02.25 13:35:38.792,1.07827,1.07849,1.00,1.00
2016.02.25 13:35:38.843,1.07825,1.07852,1.56,1.00
2016.02.25 13:35:38.945,1.0783,1.07857,1.12,1.12
2016.02.25 13:35:39.047,1.07832,1.07859,1.94,1.00
2016.02.25 13:35:39.350,1.07846,1.07873,1.37,1.37
2016.02.25 13:35:39.401,1.07846,1.07873,2.25,1.00
2016.02.25 13:35:39.960,1.07846,1.07873,1.37,1.00
2016.02.25 13:35:40.012,1.07843,1.07873,1.37,1.00
2016.02.25 13:35:40.557,1.07843,1.07873,1.37,1.00
2016.02.25 13:35:40.710,1.07843,1.07873,1.50,1.00
2016.02.25 13:35:42.818,1.07843,1.0787,1.00,1.00
2016.02.25 13:35:44.123,1.07843,1.07866,1.00,1.00
2016.02.25 13:35:44.225,1.07839,1.07867,1.12,1.00
2016.02.25 13:35:44.276,1.07837,1.07864,2.25,1.00
2016.02.25 13:35:45.047,1.07842,1.0787,1.00,1.12
2016.02.25 13:35:45.098,1.07844,1.0787,1.00,1.00
2016.02.25 13:35:45.200,1.07845,1.07872,1.50,1.00
2016.02.25 13:35:45.705,1.07846,1.07873,1.00,1.00
2016.02.25 13:35:46.236,1.07845,1.07873,1.50,1.00
2016.02.25 13:35:48.719,1.07844,1.07873,1.00,1.00
2016.02.25 13:35:49.296,1.07844,1.07873,2.06,1.00
2016.02.25 13:35:49.948,1.07844,1.07873,2.06,1.00
2016.02.25 13:35:50.202,1.07844,1.07873,2.06,1.00
2016.02.25 13:35:50.405,1.07842,1.07873,1.20,1.87
2016.02.25 13:35:50.608,1.07844,1.07873,1.00,1.50
2016.02.25 13:35:50.937,1.07851,1.07877,1.00,1.00
2016.02.25 13:35:51.512,1.07851,1.07878,1.00,1.00
2016.02.25 13:35:51.816,1.07851,1.07875,1.00,1.00
2016.02.25 13:35:52.242,1.07848,1.07875,1.25,1.00
2016.02.25 13:35:52.714,1.07848,1.07878,1.25,1.12
2016.02.25 13:35:53.405,1.07848,1.07877,1.12,1.00
2016.02.25 13:35:53.456,1.07848,1.07877,1.75,1.00
2016.02.25 13:35:54.964,1.0785,1.0788,1.75,1.50
2016.02.25 13:35:55.424,1.07855,1.0788,1.00,1.00
2016.02.25 13:35:55.475,1.07855,1.07884,1.50,1.56
2016.02.25 13:35:55.627,1.07855,1.07884,1.87,1.00
2016.02.25 13:35:56.043,1.07857,1.07887,1.10,1.00
2016.02.25 13:35:56.098,1.07859,1.07888,1.50,1.50
2016.02.25 13:35:56.402,1.07859,1.07885,1.50,1.00
2016.02.25 13:35:59.100,1.07855,1.07884,1.75,1.00
2016.02.25 13:35:59.816,1.07855,1.07885,1.75,1.00
2016.02.25 13:35:59.918,1.07857,1.07887,1.75,1.00
2016.02.25 13:36:00.423,1.07859,1.07888,1.50,1.00
2016.02.25 13:36:00.626,1.07859,1.07888,1.75,1.00
2016.02.25 13:36:01.123,1.07859,1.07888,1.50,1.00
2016.02.25 13:36:01.174,1.07859,1.07888,1.12,1.00
2016.02.25 13:36:01.275,1.07857,1.07882,1.75,1.00
2016.02.25 13:36:01.528,1.07854,1.0788,1.99,1.00
2016.02.25 13:36:01.731,1.07852,1.0788,1.00,1.00
2016.02.25 13:36:02.068,1.07853,1.07882,1.50,1.50
2016.02.25 13:36:02.298,1.07853,1.0788,1.00,1.00
2016.02.25 13:36:02.399,1.0785,1.0788,1.57,1.50
2016.02.25 13:36:02.450,1.0785,1.07878,1.00,1.00
2016.02.25 13:36:02.754,1.07845,1.07872,1.24,1.00
2016.02.25 13:36:03.967,1.07845,1.07873,1.75,1.00
2016.02.25 13:36:04.068,1.07845,1.07875,1.75,1.00
2016.02.25 13:36:06.144,1.07845,1.07873,1.99,1.00
2016.02.25 13:36:06.599,1.0785,1.07873,1.00,1.00
2016.02.25 13:36:06.700,1.0785,1.07875,1.00,1.00
2016.02.25 13:36:06.751,1.07852,1.07875,1.75,1.00
2016.02.25 13:36:06.977,1.07854,1.07882,1.75,1.50
2016.02.25 13:36:07.483,1.07855,1.07882,1.00,1.50
2016.02.25 13:36:08.788,1.07856,1.07884,1.37,1.00
2016.02.25 13:36:09.091,1.07851,1.07877,1.12,1.00
2016.02.25 13:36:10.955,1.07851,1.0788,1.12,1.00
2016.02.25 13:36:11.007,1.07855,1.0788,1.00,1.00
2016.02.25 13:36:11.311,1.07855,1.07882,1.75,1.00
2016.02.25 13:36:12.010,1.07854,1.07881,1.37,1.00
2016.02.25 13:36:12.061,1.07853,1.07881,1.00,1.00
2016.02.25 13:36:12.213,1.07855,1.07882,1.00,1.12
2016.02.25 13:36:12.959,1.07855,1.0788,1.00,1.00
2016.02.25 13:36:13.010,1.07851,1.07879,1.12,1.50
2016.02.25 13:36:13.061,1.07845,1.07874,2.81,1.00
2016.02.25 13:36:13.412,1.07848,1.07876,1.75,1.00
2016.02.25 13:36:13.709,1.0785,1.07878,1.20,1.00
2016.02.25 13:36:13.962,1.0785,1.0788,1.12,1.50
2016.02.25 13:36:14.315,1.07849,1.0788,1.24,2.25
2016.02.25 13:36:14.417,1.07847,1.07877,1.12,1.12
2016.02.25 13:36:16.047,1.07847,1.07877,2.36,1.12
2016.02.25 13:36:16.358,1.07844,1.07875,1.95,1.37
2016.02.25 13:36:16.662,1.07834,1.07863,1.69,1.00
2016.02.25 13:36:16.713,1.07834,1.07864,1.12,1.12
2016.02.25 13:36:16.764,1.07834,1.07864,1.50,1.12
2016.02.25 13:36:17.313,1.07837,1.07865,1.15,1.00
2016.02.25 13:36:17.616,1.07841,1.07863,1.00,1.00
2016.02.25 13:36:17.881,1.07834,1.07863,1.24,1.00
2016.02.25 13:36:18.740,1.07838,1.07867,1.49,1.00
2016.02.25 13:36:18.842,1.07838,1.07865,1.49,1.00
2016.02.25 13:36:19.146,1.07835,1.07865,1.75,1.00
2016.02.25 13:36:19.247,1.07835,1.07862,1.75,1.00
2016.02.25 13:36:20.451,1.07836,1.07862,1.24,1.00
2016.02.25 13:36:20.756,1.07836,1.07862,2.11,1.00
2016.02.25 13:36:21.031,1.07837,1.07862,1.15,1.00
2016.02.25 13:36:21.083,1.07839,1.07868,1.49,1.00
2016.02.25 13:36:21.185,1.0784,1.07866,1.37,1.00
2016.02.25 13:36:21.495,1.07842,1.07866,1.52,1.00
2016.02.25 13:36:21.547,1.07841,1.07867,1.10,1.00
2016.02.25 13:36:21.648,1.07844,1.07865,1.00,1.00
2016.02.25 13:36:22.186,1.07844,1.07866,1.00,1.00
2016.02.25 13:36:23.505,1.07844,1.07867,1.00,1.50
2016.02.25 13:36:24.021,1.07844,1.07867,1.50,1.00
2016.02.25 13:36:25.126,1.07844,1.07865,1.50,1.00
2016.02.25 13:36:25.229,1.07839,1.07865,1.24,1.00
2016.02.25 13:36:25.963,1.07839,1.07863,1.00,1.00
2016.02.25 13:36:26.271,1.07839,1.07865,1.00,1.50
2016.02.25 13:36:26.851,1.07839,1.07862,1.00,1.00
2016.02.25 13:36:27.561,1.07835,1.07862,1.12,1.00
2016.02.25 13:36:27.714,1.07835,1.07862,1.00,1.00
2016.02.25 13:36:27.779,1.07835,1.07859,1.00,1.00
2016.02.25 13:36:28.316,1.07831,1.07859,2.81,1.00
2016.02.25 13:36:28.473,1.07826,1.07852,1.10,1.00
2016.02.25 13:36:28.769,1.07828,1.07857,1.00,2.25
2016.02.25 13:36:28.871,1.07828,1.07857,1.75,1.50
2016.02.25 13:36:29.178,1.07835,1.07859,1.75,1.00
2016.02.25 13:36:31.051,1.07835,1.07859,1.00,1.00
2016.02.25 13:36:34.065,1.07835,1.07857,1.00,1.00
2016.02.25 13:36:36.281,1.0783,1.07854,1.75,1.50
2016.02.25 13:36:36.587,1.07825,1.07846,1.00,1.00
2016.02.25 13:36:41.654,1.07825,1.07848,1.00,1.00
2016.02.25 13:36:44.948,1.0782,1.07848,1.87,1.00
2016.02.25 13:36:44.999,1.0782,1.07846,1.00,1.00
2016.02.25 13:36:46.730,1.0782,1.07846,1.37,1.50
2016.02.25 13:36:47.172,1.0782,1.07842,1.00,1.00
2016.02.25 13:36:47.375,1.0782,1.07845,1.00,1.00
2016.02.25 13:36:49.121,1.0782,1.07846,1.00,1.00
2016.02.25 13:36:49.172,1.07822,1.07846,1.00,1.00
2016.02.25 13:36:49.526,1.07827,1.07851,1.75,1.00
2016.02.25 13:36:49.629,1.07827,1.07851,1.00,1.00
2016.02.25 13:36:49.680,1.07827,1.07848,1.00,1.50
2016.02.25 13:36:49.950,1.07823,1.07848,1.41,1.50
2016.02.25 13:36:50.456,1.07823,1.07847,1.00,1.00
2016.02.25 13:36:51.462,1.07823,1.07845,1.00,1.00
2016.02.25 13:36:52.197,1.07823,1.07846,1.00,1.50
2016.02.25 13:36:52.500,1.07823,1.07844,1.00,1.00
2016.02.25 13:36:53.008,1.07823,1.07843,1.00,1.00
2016.02.25 13:36:53.310,1.0782,1.07844,1.00,1.00
2016.02.25 13:36:54.399,1.0782,1.07843,1.00,1.00
2016.02.25 13:36:55.202,1.0782,1.07844,1.00,1.50
2016.02.25 13:36:55.709,1.07817,1.07844,1.50,1.50
2016.02.25 13:36:59.079,1.0782,1.07844,1.00,1.50
2016.02.25 13:36:59.707,1.07817,1.07844,2.25,1.50
2016.02.25 13:37:00.365,1.07818,1.07844,1.24,1.00
2016.02.25 13:37:00.875,1.07822,1.07844,1.00,1.00
2016.02.25 13:37:01.179,1.07818,1.07839,1.00,1.00
2016.02.25 13:37:01.230,1.0781,1.07836,2.62,1.00
2016.02.25 13:37:01.281,1.0781,1.07832,1.85,1.00
2016.02.25 13:37:01.382,1.07808,1.07831,1.50,1.00
2016.02.25 13:37:01.887,1.07808,1.07832,1.00,1.00
2016.02.25 13:37:05.705,1.07808,1.07836,1.00,1.50
2016.02.25 13:37:05.757,1.07812,1.07836,1.00,1.00
2016.02.25 13:37:05.808,1.07812,1.07838,1.50,1.00
2016.02.25 13:37:05.860,1.07812,1.07839,1.87,1.00
2016.02.25 13:37:06.251,1.07812,1.07834,1.75,1.00
2016.02.25 13:37:06.302,1.07811,1.07836,1.75,1.00
2016.02.25 13:37:06.403,1.07811,1.07834,1.75,1.00
2016.02.25 13:37:06.555,1.07811,1.07836,1.75,1.00
2016.02.25 13:37:06.707,1.07811,1.0784,1.75,1.00
2016.02.25 13:37:06.859,1.07811,1.07835,2.25,1.00
2016.02.25 13:37:07.163,1.07811,1.07838,1.75,1.50
2016.02.25 13:37:07.903,1.07811,1.07839,3.00,1.00
2016.02.25 13:37:10.124,1.07812,1.07837,1.75,1.00
2016.02.25 13:37:10.429,1.07812,1.07835,1.00,1.00
2016.02.25 13:37:10.581,1.07811,1.07837,1.37,1.00
2016.02.25 13:37:10.834,1.07811,1.07834,1.00,1.00
2016.02.25 13:37:11.071,1.07811,1.07837,1.00,1.00
2016.02.25 13:37:11.465,1.07811,1.07834,1.00,1.00
2016.02.25 13:37:11.769,1.07811,1.07836,1.00,1.00
2016.02.25 13:37:11.870,1.07811,1.07833,1.00,1.00
2016.02.25 13:37:12.123,1.07811,1.07836,1.00,1.00
2016.02.25 13:37:12.224,1.07811,1.07833,1.00,1.00
2016.02.25 13:37:12.506,1.07811,1.07837,1.00,1.00
2016.02.25 13:37:12.759,1.07811,1.07833,1.09,1.00
2016.02.25 13:37:13.062,1.07805,1.07832,1.50,1.50
2016.02.25 13:37:13.164,1.07808,1.07832,1.00,1.50
2016.02.25 13:37:13.700,1.07807,1.07831,1.00,1.00
2016.02.25 13:37:13.953,1.0781,1.07836,1.00,1.12
2016.02.25 13:37:14.054,1.07812,1.07834,1.00,1.00
2016.02.25 13:37:14.359,1.07807,1.07833,1.09,1.00
2016.02.25 13:37:14.662,1.07806,1.07834,1.91,1.00
2016.02.25 13:37:14.713,1.07808,1.07834,1.00,1.00
2016.02.25 13:37:15.016,1.07808,1.0783,1.00,1.00
2016.02.25 13:37:15.370,1.07806,1.0783,1.10,1.00
2016.02.25 13:37:15.623,1.07805,1.07828,1.07,1.00
2016.02.25 13:37:16.047,1.07803,1.07828,1.10,1.00
2016.02.25 13:37:16.502,1.07804,1.0783,1.50,1.00
2016.02.25 13:37:16.603,1.07806,1.07834,1.00,1.00
2016.02.25 13:37:16.705,1.07808,1.07834,1.12,1.00
2016.02.25 13:37:17.211,1.07814,1.07834,1.00,1.00
2016.02.25 13:37:17.885,1.07815,1.07834,1.00,1.00
2016.02.25 13:37:18.468,1.07817,1.07834,1.00,1.00
2016.02.25 13:37:18.858,1.07817,1.07836,1.00,1.00
2016.02.25 13:37:18.909,1.07817,1.07834,1.00,1.00
2016.02.25 13:37:19.213,1.07819,1.07834,1.00,1.00
2016.02.25 13:37:19.429,1.07816,1.07834,1.00,1.00
2016.02.25 13:37:19.638,1.07816,1.07837,1.00,1.00
2016.02.25 13:37:20.379,1.07815,1.07837,1.00,1.00
2016.02.25 13:37:20.955,1.07816,1.07837,1.00,1.00
2016.02.25 13:37:21.461,1.07815,1.07837,1.00,1.00
2016.02.25 13:37:22.844,1.07816,1.07834,1.00,1.00
2016.02.25 13:37:23.147,1.07819,1.07834,1.00,1.00
2016.02.25 13:37:23.265,1.07816,1.07834,1.00,1.00
2016.02.25 13:37:23.518,1.07813,1.07833,1.00,1.00
2016.02.25 13:37:25.263,1.07811,1.07833,1.00,1.00
2016.02.25 13:37:27.246,1.07813,1.07833,1.00,1.00
2016.02.25 13:37:27.700,1.07814,1.07831,1.00,1.00
2016.02.25 13:37:28.654,1.0781,1.07834,1.00,1.12
2016.02.25 13:37:28.755,1.0781,1.07837,1.87,1.37
2016.02.25 13:37:28.856,1.07814,1.07838,1.50,1.00
2016.02.25 13:37:28.907,1.07817,1.07843,1.00,1.00
2016.02.25 13:37:29.232,1.07826,1.07844,1.07,1.00
2016.02.25 13:37:29.335,1.07827,1.07851,1.10,1.00
2016.02.25 13:37:29.386,1.07827,1.07851,1.50,1.00
2016.02.25 13:37:30.009,1.07828,1.07855,1.20,1.00
2016.02.25 13:37:30.391,1.07826,1.07852,2.25,1.00
2016.02.25 13:37:30.655,1.07823,1.07848,1.00,1.50
2016.02.25 13:37:30.807,1.07823,1.07846,1.00,1.00
2016.02.25 13:37:31.114,1.07823,1.07842,1.00,1.00
2016.02.25 13:37:31.216,1.07817,1.07839,1.12,1.00
2016.02.25 13:37:31.437,1.07813,1.07837,1.12,1.00
2016.02.25 13:37:31.488,1.07813,1.07839,1.87,1.00
2016.02.25 13:37:31.690,1.07813,1.07839,2.25,1.00
2016.02.25 13:37:31.741,1.07815,1.07842,1.00,1.00
2016.02.25 13:37:31.842,1.07817,1.07843,1.00,1.00
2016.02.25 13:37:32.146,1.07818,1.07844,1.85,1.00
2016.02.25 13:37:32.635,1.0782,1.07847,1.12,1.00
2016.02.25 13:37:33.647,1.0782,1.07847,1.20,1.00
2016.02.25 13:37:34.153,1.0782,1.07846,1.20,1.00
2016.02.25 13:37:37.280,1.0782,1.07846,1.12,1.00
2016.02.25 13:37:37.331,1.07817,1.07842,1.45,1.00
2016.02.25 13:37:37.382,1.07817,1.07841,1.00,1.00
2016.02.25 13:37:37.483,1.07813,1.07839,1.75,1.00
2016.02.25 13:37:37.534,1.07812,1.07839,1.47,1.50
2016.02.25 13:37:37.635,1.07812,1.07838,1.10,1.00
2016.02.25 13:37:38.193,1.07812,1.07839,1.00,1.00
2016.02.25 13:37:42.461,1.07812,1.07838,1.00,1.00
2016.02.25 13:37:47.302,1.07816,1.07841,1.00,2.25
2016.02.25 13:37:48.587,1.07816,1.07839,1.00,1.00
2016.02.25 13:37:52.391,1.07821,1.07844,1.00,1.50
2016.02.25 13:37:52.595,1.07825,1.07849,1.00,1.00
2016.02.25 13:37:55.330,1.07825,1.07853,1.00,2.25
2016.02.25 13:37:55.482,1.07825,1.07853,1.12,1.50
2016.02.25 13:37:55.988,1.07825,1.07852,1.12,1.00
2016.02.25 13:37:56.743,1.07825,1.07853,1.12,1.00
2016.02.25 13:37:57.882,1.07829,1.07853,1.00,1.00
2016.02.25 13:38:01.597,1.07829,1.07852,1.00,1.00
2016.02.25 13:38:02.035,1.07825,1.07851,1.12,1.00
2016.02.25 13:38:02.136,1.07825,1.07853,1.12,1.00
2016.02.25 13:38:02.187,1.07828,1.07853,1.00,1.00
2016.02.25 13:38:02.623,1.07831,1.07854,1.00,1.00
2016.02.25 13:38:02.725,1.07831,1.07856,1.00,1.00
2016.02.25 13:38:03.232,1.07829,1.07855,1.87,1.00
2016.02.25 13:38:04.196,1.07829,1.07857,1.87,1.00
2016.02.25 13:38:09.401,1.07829,1.07856,1.37,1.00
2016.02.25 13:38:09.906,1.07829,1.07856,1.00,1.00
2016.02.25 13:38:10.008,1.07827,1.07855,1.00,1.00
2016.02.25 13:38:10.940,1.07826,1.07855,1.87,1.00
2016.02.25 13:38:10.991,1.07826,1.07855,2.36,1.00
2016.02.25 13:38:11.041,1.07831,1.07859,1.12,1.00
2016.02.25 13:38:11.345,1.0783,1.07858,1.00,2.89
2016.02.25 13:38:14.152,1.07829,1.07856,1.00,1.00
2016.02.25 13:38:14.506,1.07827,1.07856,1.00,1.50
2016.02.25 13:38:14.557,1.07827,1.07854,1.00,1.00
2016.02.25 13:38:14.978,1.07827,1.07856,1.00,2.06
2016.02.25 13:38:15.515,1.07827,1.07856,1.00,2.06
2016.02.25 13:38:17.289,1.07827,1.07856,1.00,2.25
2016.02.25 13:38:18.680,1.07827,1.07854,1.00,1.00
2016.02.25 13:38:21.052,1.07827,1.07853,1.00,1.00
2016.02.25 13:38:23.847,1.07827,1.07853,1.00,1.37
2016.02.25 13:38:23.898,1.07823,1.07853,1.50,1.50
2016.02.25 13:38:24.277,1.07823,1.0785,1.50,1.00
2016.02.25 13:38:24.612,1.0782,1.07848,1.00,1.87
2016.02.25 13:38:24.665,1.0782,1.0785,1.12,1.12
2016.02.25 13:38:25.181,1.0782,1.07849,1.39,1.00
2016.02.25 13:38:25.726,1.0782,1.07849,1.54,1.00
2016.02.25 13:38:26.749,1.0782,1.07849,1.54,1.00
2016.02.25 13:38:27.301,1.0782,1.07849,1.54,1.00
2016.02.25 13:38:27.604,1.0782,1.07849,1.54,1.00
2016.02.25 13:38:27.890,1.07817,1.07848,1.16,2.25
2016.02.25 13:38:28.387,1.0782,1.07846,1.37,1.00
2016.02.25 13:38:28.438,1.07823,1.07848,1.00,1.00
2016.02.25 13:38:28.540,1.07823,1.07851,1.57,1.00
2016.02.25 13:38:28.692,1.07826,1.07855,1.00,2.62
2016.02.25 13:38:28.793,1.07826,1.07855,1.37,2.25
2016.02.25 13:38:29.965,1.07827,1.07855,1.00,2.62
2016.02.25 13:38:30.704,1.07829,1.07855,1.00,2.25
2016.02.25 13:38:31.074,1.07827,1.07854,1.00,1.12
2016.02.25 13:38:32.977,1.07824,1.07853,1.87,1.00
2016.02.25 13:38:33.028,1.07824,1.07851,1.87,1.00
2016.02.25 13:38:34.032,1.07824,1.07848,1.12,1.00
2016.02.25 13:38:34.184,1.07822,1.07848,1.00,1.00
2016.02.25 13:38:34.235,1.07822,1.07845,1.00,1.50
2016.02.25 13:38:34.601,1.07818,1.07845,1.50,1.50
2016.02.25 13:38:34.733,1.07818,1.0784,1.50,1.00
2016.02.25 13:38:34.885,1.07815,1.0784,1.07,1.50
2016.02.25 13:38:35.390,1.07815,1.0784,1.10,1.00
2016.02.25 13:38:36.142,1.07817,1.0784,1.00,1.00
2016.02.25 13:38:36.547,1.07817,1.07843,1.10,1.00
2016.02.25 13:38:36.648,1.07817,1.07843,1.47,1.00
2016.02.25 13:38:37.087,1.07821,1.07845,1.10,1.00
2016.02.25 13:38:37.302,1.07821,1.07848,1.51,1.00
2016.02.25 13:38:37.403,1.07822,1.07848,1.42,1.00
2016.02.25 13:38:37.715,1.07829,1.07848,1.00,1.00
2016.02.25 13:38:39.635,1.07829,1.07852,1.00,1.50
2016.02.25 13:38:41.297,1.07827,1.07852,1.00,1.00
2016.02.25 13:38:42.616,1.07826,1.07852,1.00,1.00
2016.02.25 13:38:43.185,1.07823,1.07851,1.37,1.00
2016.02.25 13:38:43.287,1.07823,1.07851,1.00,1.75
2016.02.25 13:38:43.593,1.07826,1.07854,1.87,1.87
2016.02.25 13:38:43.644,1.07826,1.07854,2.25,1.00
2016.02.25 13:38:43.897,1.07823,1.07852,1.00,1.00
2016.02.25 13:38:45.694,1.07823,1.07852,1.41,1.00
2016.02.25 13:38:46.270,1.07823,1.07852,1.00,1.00
2016.02.25 13:38:47.852,1.07823,1.0785,1.00,1.12
2016.02.25 13:38:48.357,1.07823,1.0785,1.00,1.50
2016.02.25 13:38:49.662,1.07822,1.0785,1.00,1.50
2016.02.25 13:38:50.167,1.07822,1.0785,1.12,1.00
2016.02.25 13:38:50.967,1.07822,1.07847,1.12,1.00
2016.02.25 13:38:51.119,1.07818,1.07847,1.00,2.25
2016.02.25 13:38:51.987,1.07824,1.07851,1.50,1.00
2016.02.25 13:38:52.596,1.07823,1.07852,1.75,1.50
2016.02.25 13:38:53.226,1.07823,1.07852,1.16,1.12
2016.02.25 13:38:56.239,1.07823,1.07851,1.00,1.00
2016.02.25 13:38:56.826,1.07822,1.07851,1.12,1.00
2016.02.25 13:38:58.271,1.07822,1.07849,1.12,1.00
2016.02.25 13:38:58.575,1.07818,1.07843,1.00,1.50
2016.02.25 13:38:58.886,1.07818,1.07841,1.00,1.00
2016.02.25 13:38:59.139,1.07818,1.07843,1.00,1.50
2016.02.25 13:38:59.632,1.0782,1.07842,1.00,1.00
2016.02.25 13:39:00.156,1.0782,1.07841,1.00,1.00
2016.02.25 13:39:02.376,1.07811,1.07838,1.37,1.00
2016.02.25 13:39:02.881,1.07813,1.07838,1.00,1.00
2016.02.25 13:39:03.387,1.07814,1.07838,1.00,1.00
2016.02.25 13:39:05.495,1.07812,1.07838,1.00,1.00
2016.02.25 13:39:07.370,1.07816,1.07839,1.00,1.00
2016.02.25 13:39:07.524,1.07814,1.07839,1.00,1.00
2016.02.25 13:39:07.625,1.07816,1.07839,1.00,1.00
2016.02.25 13:39:07.926,1.07814,1.07836,1.00,1.00
2016.02.25 13:39:08.692,1.07815,1.07836,1.00,1.00
2016.02.25 13:39:08.863,1.07815,1.07838,1.00,1.00
2016.02.25 13:39:09.770,1.07813,1.07838,1.00,1.00
2016.02.25 13:39:12.331,1.07816,1.07838,1.00,1.00
2016.02.25 13:39:12.600,1.07817,1.07844,1.50,1.00
2016.02.25 13:39:12.651,1.0782,1.07844,1.00,1.00
2016.02.25 13:39:13.307,1.07818,1.07844,1.12,1.00
2016.02.25 13:39:13.459,1.07822,1.07844,1.00,1.00
2016.02.25 13:39:13.561,1.07815,1.07842,2.62,1.00
2016.02.25 13:39:13.999,1.07811,1.07839,1.00,1.50
2016.02.25 13:39:14.152,1.07809,1.07836,1.00,1.00
2016.02.25 13:39:14.305,1.07807,1.07836,1.87,1.50
2016.02.25 13:39:14.811,1.07808,1.07836,1.00,1.50
2016.02.25 13:39:15.556,1.07807,1.07836,2.62,1.50
2016.02.25 13:39:18.255,1.07808,1.07836,1.26,1.50
2016.02.25 13:39:18.307,1.07811,1.07839,1.12,1.00
2016.02.25 13:39:18.358,1.07814,1.07839,1.00,1.00
2016.02.25 13:39:23.413,1.07812,1.07839,1.00,1.00
2016.02.25 13:39:25.389,1.07816,1.07843,1.00,1.50
2016.02.25 13:39:25.445,1.07816,1.07843,1.37,1.00
2016.02.25 13:39:25.951,1.07816,1.07844,1.87,1.00
2016.02.25 13:39:28.481,1.07818,1.07846,1.00,2.06
2016.02.25 13:39:29.248,1.07818,1.07846,1.00,1.00
2016.02.25 13:39:30.297,1.07818,1.07847,1.00,1.12
2016.02.25 13:39:30.348,1.0782,1.07847,1.00,1.00
2016.02.25 13:39:30.676,1.0782,1.07845,1.00,1.00
2016.02.25 13:39:30.980,1.07824,1.07845,1.00,1.00
2016.02.25 13:39:31.301,1.07819,1.07844,1.50,1.00
2016.02.25 13:39:31.352,1.07823,1.07844,1.00,1.00
2016.02.25 13:39:31.868,1.07822,1.07844,1.00,1.00
2016.02.25 13:39:31.919,1.07819,1.07844,1.00,1.00
2016.02.25 13:39:32.862,1.0782,1.07844,1.00,1.00
2016.02.25 13:39:33.015,1.0782,1.07841,1.00,1.00
2016.02.25 13:39:33.269,1.07816,1.07839,1.00,1.00
2016.02.25 13:39:33.371,1.07814,1.07839,1.00,1.00
2016.02.25 13:39:33.624,1.07814,1.07841,1.00,1.00
2016.02.25 13:39:33.675,1.07816,1.07841,1.50,1.00
2016.02.25 13:39:33.726,1.07817,1.07843,1.00,1.00
2016.02.25 13:39:33.946,1.07819,1.07846,1.00,1.00
2016.02.25 13:39:33.997,1.07822,1.07849,1.50,1.00
2016.02.25 13:39:36.533,1.07822,1.07848,1.50,1.00
2016.02.25 13:39:36.686,1.07817,1.07844,1.12,1.50
2016.02.25 13:39:38.098,1.07817,1.07842,1.12,1.00
2016.02.25 13:39:38.489,1.07817,1.07844,1.12,1.00
2016.02.25 13:39:38.857,1.07822,1.07844,1.00,1.00
2016.02.25 13:39:38.910,1.07822,1.07848,1.00,1.00
2016.02.25 13:39:39.528,1.07822,1.07845,1.00,1.00
2016.02.25 13:39:39.865,1.07817,1.07842,1.00,1.50
2016.02.25 13:39:40.271,1.07819,1.07841,1.12,1.00
2016.02.25 13:39:40.587,1.07821,1.07842,1.00,1.00
2016.02.25 13:39:40.881,1.07817,1.07842,2.25,1.00
2016.02.25 13:39:41.574,1.07817,1.07843,2.25,1.00
2016.02.25 13:39:42.078,1.07819,1.07845,1.00,1.50
2016.02.25 13:39:42.180,1.07816,1.07845,1.00,2.25
2016.02.25 13:39:43.421,1.07816,1.07842,1.00,1.00
2016.02.25 13:39:44.169,1.07815,1.07834,1.12,1.00
2016.02.25 13:39:44.321,1.07807,1.07829,1.00,1.00
2016.02.25 13:39:44.372,1.07805,1.07829,1.12,1.00
2016.02.25 13:39:44.473,1.07806,1.07831,1.00,1.00
2016.02.25 13:39:44.524,1.07807,1.07835,2.25,1.31
2016.02.25 13:39:44.626,1.0781,1.07835,1.00,1.00
2016.02.25 13:39:47.337,1.07813,1.07838,1.00,1.00
2016.02.25 13:39:48.543,1.07813,1.07836,1.00,1.00
2016.02.25 13:39:48.644,1.0781,1.07836,1.00,1.50
2016.02.25 13:39:48.746,1.0781,1.07833,1.00,1.00
2016.02.25 13:39:49.259,1.07807,1.07833,1.00,1.50
2016.02.25 13:39:49.917,1.07807,1.07829,1.00,1.00
2016.02.25 13:39:50.120,1.07804,1.07829,1.00,1.56
2016.02.25 13:39:50.359,1.07801,1.07825,1.12,1.56
2016.02.25 13:39:50.615,1.07797,1.07824,3.00,1.00
2016.02.25 13:39:50.718,1.07797,1.07824,1.75,1.00
2016.02.25 13:39:50.821,1.078,1.07826,1.75,1.31
2016.02.25 13:39:50.922,1.07799,1.07826,1.87,1.31
2016.02.25 13:39:51.025,1.07799,1.07824,1.12,1.31
2016.02.25 13:39:51.127,1.07796,1.07824,1.50,1.56
2016.02.25 13:39:51.652,1.07796,1.07822,1.00,1.00
2016.02.25 13:39:52.173,1.0779,1.07817,1.50,1.00
2016.02.25 13:39:53.557,1.07793,1.07817,1.00,1.00
2016.02.25 13:39:57.352,1.07793,1.07819,1.00,1.00
2016.02.25 13:39:59.075,1.07791,1.07817,1.37,1.00
2016.02.25 13:40:01.289,1.07791,1.07817,1.00,1.00
2016.02.25 13:40:04.236,1.07791,1.07818,1.00,1.00
2016.02.25 13:40:09.309,1.07791,1.07817,1.00,1.00
2016.02.25 13:40:13.689,1.07792,1.0782,1.31,1.50
2016.02.25 13:40:14.180,1.07798,1.0782,1.31,1.00
2016.02.25 13:40:14.231,1.07798,1.07823,1.31,1.00
2016.02.25 13:40:14.540,1.07798,1.07826,1.75,1.00
2016.02.25 13:40:14.919,1.07801,1.07828,1.00,1.00
2016.02.25 13:40:15.475,1.07801,1.07825,1.00,1.00
2016.02.25 13:40:17.405,1.07803,1.07825,1.00,1.00
2016.02.25 13:40:19.880,1.07801,1.07825,1.00,1.00
2016.02.25 13:40:21.020,1.07797,1.07825,1.00,1.00
2016.02.25 13:40:21.071,1.07797,1.07822,1.00,1.00
2016.02.25 13:40:21.576,1.07796,1.07822,1.00,1.00
2016.02.25 13:40:22.472,1.07796,1.07817,1.00,1.00
2016.02.25 13:40:22.523,1.07792,1.07817,1.00,1.00
2016.02.25 13:40:22.826,1.07791,1.07815,1.00,1.00
2016.02.25 13:40:22.878,1.07787,1.07815,1.75,1.00
2016.02.25 13:40:26.122,1.07791,1.07815,1.00,1.00
2016.02.25 13:40:26.657,1.07789,1.07815,1.12,1.00
2016.02.25 13:40:30.264,1.0779,1.07815,1.00,1.50
2016.02.25 13:40:31.487,1.07792,1.07815,1.00,1.50
2016.02.25 13:40:32.684,1.07792,1.07814,1.00,1.00
2016.02.25 13:40:32.788,1.07793,1.07816,1.00,1.00
2016.02.25 13:40:32.839,1.07793,1.07818,1.12,1.50
2016.02.25 13:40:33.043,1.07799,1.07821,1.00,1.50
2016.02.25 13:40:33.592,1.07798,1.07821,1.00,1.00
2016.02.25 13:40:33.898,1.07801,1.0782,1.00,1.00
2016.02.25 13:40:34.152,1.07801,1.07822,1.00,1.00
2016.02.25 13:40:34.253,1.07799,1.07822,1.00,1.00
2016.02.25 13:40:34.455,1.07802,1.07822,1.00,1.00
2016.02.25 13:40:34.691,1.07802,1.07824,1.00,1.00
2016.02.25 13:40:34.742,1.07802,1.07826,1.00,1.00
2016.02.25 13:40:34.793,1.07801,1.07829,1.50,1.12
2016.02.25 13:40:35.000,1.07804,1.07829,1.00,1.00
2016.02.25 13:40:35.305,1.07809,1.0783,1.00,1.00
2016.02.25 13:40:35.623,1.0781,1.07832,1.00,1.50
2016.02.25 13:40:35.674,1.07803,1.07831,1.87,1.00
2016.02.25 13:40:35.965,1.07803,1.07829,1.87,1.00
2016.02.25 13:40:36.168,1.07803,1.07831,1.87,1.50
2016.02.25 13:40:37.494,1.07803,1.07829,1.12,1.00
2016.02.25 13:40:38.401,1.07806,1.07832,1.00,1.00
2016.02.25 13:40:38.705,1.07804,1.07829,1.75,1.00
2016.02.25 13:40:38.756,1.07804,1.07829,1.00,1.00
2016.02.25 13:40:39.764,1.07806,1.07833,1.00,1.99
2016.02.25 13:40:40.270,1.07806,1.07832,1.12,1.00
2016.02.25 13:40:40.372,1.07803,1.07832,1.50,1.00
2016.02.25 13:40:40.473,1.07805,1.07832,1.00,1.00
2016.02.25 13:40:40.977,1.07805,1.07833,1.00,1.50
2016.02.25 13:40:43.610,1.07807,1.07834,1.00,1.50
2016.02.25 13:40:43.814,1.07809,1.07836,1.50,1.00
2016.02.25 13:40:44.168,1.0781,1.07836,1.37,1.00
2016.02.25 13:40:48.190,1.07814,1.07836,1.00,1.00
2016.02.25 13:40:48.242,1.07814,1.07842,1.00,1.87
2016.02.25 13:40:48.293,1.07816,1.07842,1.00,1.00
2016.02.25 13:40:48.496,1.07817,1.07844,1.50,1.00
2016.02.25 13:40:49.272,1.07819,1.07844,1.00,1.00
2016.02.25 13:40:49.779,1.0782,1.07844,1.00,1.00
2016.02.25 13:40:50.123,1.07822,1.07846,1.00,2.25
2016.02.25 13:40:50.645,1.07819,1.07846,1.00,2.25
2016.02.25 13:40:51.733,1.07819,1.07844,1.00,1.00
2016.02.25 13:40:52.253,1.07818,1.07843,1.00,1.00
2016.02.25 13:40:52.840,1.07817,1.07843,1.00,1.00
2016.02.25 13:40:53.508,1.07815,1.07843,2.62,1.00
2016.02.25 13:40:54.036,1.07817,1.07843,1.00,1.00
2016.02.25 13:40:54.816,1.07815,1.07843,2.62,1.00
2016.02.25 13:40:56.325,1.07817,1.07843,1.00,1.00
2016.02.25 13:40:56.680,1.07818,1.07837,1.00,1.50
2016.02.25 13:40:56.782,1.07812,1.07837,1.00,1.00
2016.02.25 13:40:56.884,1.07814,1.07837,1.00,1.12
2016.02.25 13:40:56.986,1.0781,1.07834,1.00,1.50
2016.02.25 13:40:57.633,1.07809,1.07833,1.00,1.00
2016.02.25 13:40:57.735,1.07809,1.0783,1.00,1.00
2016.02.25 13:40:57.786,1.07806,1.0783,1.12,1.00
2016.02.25 13:40:58.404,1.07806,1.07831,1.12,1.00
2016.02.25 13:41:03.642,1.07806,1.07832,1.50,1.00
2016.02.25 13:41:08.509,1.07806,1.07827,1.00,1.00
2016.02.25 13:41:08.661,1.07801,1.07823,1.50,1.00
2016.02.25 13:41:08.813,1.07798,1.07823,1.00,1.37
2016.02.25 13:41:08.863,1.07798,1.0782,1.00,1.00
2016.02.25 13:41:08.914,1.07795,1.0782,1.50,1.00
2016.02.25 13:41:08.965,1.07795,1.07823,1.50,1.87
2016.02.25 13:41:09.592,1.078,1.07823,1.00,1.37
2016.02.25 13:41:09.645,1.078,1.07825,1.00,1.00
2016.02.25 13:41:09.797,1.07805,1.07825,1.00,1.00
2016.02.25 13:41:10.556,1.07805,1.07827,1.00,1.00
2016.02.25 13:41:10.770,1.07807,1.07827,1.00,1.00
2016.02.25 13:41:11.077,1.07809,1.07827,1.00,1.00
2016.02.25 13:41:11.229,1.07807,1.07827,1.00,1.00
2016.02.25 13:41:11.941,1.07806,1.07827,1.00,1.50
2016.02.25 13:41:16.840,1.07804,1.07827,1.00,1.00
2016.02.25 13:41:16.941,1.07802,1.07827,1.00,1.00
2016.02.25 13:41:17.508,1.07807,1.07827,1.00,1.00
2016.02.25 13:41:17.559,1.07807,1.07831,1.00,1.00
2016.02.25 13:41:17.662,1.07809,1.07835,1.00,1.75
2016.02.25 13:41:17.713,1.07811,1.07835,1.00,1.37
2016.02.25 13:41:17.764,1.07811,1.07836,1.00,1.00
2016.02.25 13:41:17.916,1.07811,1.07838,1.00,1.12
2016.02.25 13:41:18.018,1.07811,1.07836,1.00,1.00
2016.02.25 13:41:18.069,1.07808,1.07835,1.12,1.00
2016.02.25 13:41:18.120,1.07806,1.07832,1.91,1.00
2016.02.25 13:41:18.373,1.07801,1.07827,1.00,1.00
2016.02.25 13:41:19.001,1.07801,1.07828,1.00,1.00
2016.02.25 13:41:20.304,1.078,1.07828,1.50,1.50
2016.02.25 13:41:20.361,1.078,1.07828,1.50,2.25
2016.02.25 13:41:20.666,1.07804,1.07829,1.00,1.00
2016.02.25 13:41:21.049,1.07802,1.07829,1.00,1.00
2016.02.25 13:41:21.252,1.07802,1.07826,1.00,1.00
2016.02.25 13:41:21.303,1.07799,1.07826,1.37,1.00
2016.02.25 13:41:21.808,1.07799,1.07826,1.00,1.37
2016.02.25 13:41:22.195,1.07798,1.07823,1.00,1.75
2016.02.25 13:41:22.498,1.07801,1.07823,1.00,1.00
2016.02.25 13:41:22.706,1.07799,1.07824,1.00,1.00
2016.02.25 13:41:23.222,1.07799,1.07825,1.00,1.00
2016.02.25 13:41:23.375,1.07799,1.07822,1.00,1.00
2016.02.25 13:41:23.629,1.07795,1.07822,1.00,1.00
2016.02.25 13:41:24.156,1.07795,1.07822,1.00,1.50
2016.02.25 13:41:24.668,1.07795,1.07822,1.00,1.00
2016.02.25 13:41:27.359,1.078,1.07822,1.00,1.00
2016.02.25 13:41:27.663,1.07801,1.07825,1.00,1.50
2016.02.25 13:41:28.205,1.078,1.07825,1.00,2.25
2016.02.25 13:41:28.745,1.07801,1.07823,1.00,1.00
2016.02.25 13:41:30.211,1.07799,1.07823,1.00,1.00
2016.02.25 13:41:30.364,1.07796,1.07823,1.50,1.00
2016.02.25 13:41:30.415,1.07796,1.07822,1.00,1.75
2016.02.25 13:41:31.622,1.07795,1.0782,1.00,1.37
2016.02.25 13:41:32.945,1.07795,1.07818,1.00,1.00
2016.02.25 13:41:33.785,1.07795,1.0782,1.00,1.87
2016.02.25 13:41:34.119,1.07792,1.0782,1.00,1.87
2016.02.25 13:41:34.657,1.07792,1.07818,1.00,1.00
2016.02.25 13:41:36.510,1.07792,1.07819,1.00,1.12
2016.02.25 13:41:37.213,1.07792,1.07817,1.00,1.00
2016.02.25 13:41:38.321,1.07792,1.07816,1.00,1.12
2016.02.25 13:41:39.100,1.07793,1.07816,1.00,1.12
2016.02.25 13:41:40.404,1.07793,1.07815,1.00,1.00
2016.02.25 13:41:41.287,1.07793,1.07816,1.00,1.00
2016.02.25 13:41:42.187,1.07793,1.07815,1.00,1.00
2016.02.25 13:41:42.439,1.07791,1.07816,1.00,1.00
2016.02.25 13:41:43.977,1.07795,1.07816,1.00,1.00
2016.02.25 13:41:44.224,1.07797,1.07819,1.00,1.12
2016.02.25 13:41:44.275,1.07795,1.07821,1.00,1.50
2016.02.25 13:41:45.797,1.07794,1.07821,1.00,2.25
2016.02.25 13:41:46.111,1.07797,1.07821,1.00,1.50
2016.02.25 13:41:46.264,1.07798,1.07824,1.00,1.50
2016.02.25 13:41:46.845,1.078,1.07824,1.00,1.00
2016.02.25 13:41:47.412,1.078,1.07827,1.00,1.37
2016.02.25 13:41:47.953,1.078,1.07827,1.00,1.75
2016.02.25 13:41:48.143,1.07802,1.07827,1.00,1.75
2016.02.25 13:41:53.115,1.07798,1.07825,1.50,1.12
2016.02.25 13:41:53.513,1.07798,1.0782,1.00,1.00
2016.02.25 13:41:53.564,1.07796,1.0782,1.50,1.00
2016.02.25 13:41:58.464,1.07794,1.0782,1.50,1.00
2016.02.25 13:42:01.119,1.07797,1.0782,1.00,1.50
2016.02.25 13:42:01.424,1.078,1.07824,1.00,1.00
2016.02.25 13:42:02.533,1.07802,1.07824,1.00,1.00
2016.02.25 13:42:02.584,1.07802,1.07827,1.00,1.00
2016.02.25 13:42:03.086,1.07803,1.07827,1.00,1.00
2016.02.25 13:42:03.604,1.07802,1.07827,1.00,1.00
2016.02.25 13:42:04.032,1.07804,1.07827,1.00,1.00
2016.02.25 13:42:05.850,1.07803,1.07827,1.00,1.00
2016.02.25 13:42:07.154,1.07801,1.07827,1.00,1.00
2016.02.25 13:42:07.890,1.078,1.07827,1.50,1.50
2016.02.25 13:42:08.144,1.07803,1.07827,1.00,1.00
2016.02.25 13:42:08.820,1.07802,1.07827,1.00,1.00
2016.02.25 13:42:09.263,1.07804,1.07827,1.00,1.00
2016.02.25 13:42:09.625,1.078,1.07827,1.00,1.50
2016.02.25 13:42:09.919,1.078,1.07823,1.00,1.12
2016.02.25 13:42:10.223,1.07802,1.07823,1.00,1.12
2016.02.25 13:42:11.124,1.07804,1.07823,1.00,1.12
2016.02.25 13:42:11.347,1.078,1.07826,1.00,1.37
2016.02.25 13:42:11.398,1.078,1.07826,1.00,1.00
2016.02.25 13:42:11.500,1.07803,1.07826,1.00,1.00
2016.02.25 13:42:11.823,1.07801,1.07827,1.00,1.50
2016.02.25 13:42:12.418,1.07803,1.07827,1.00,1.50
2016.02.25 13:42:14.033,1.07803,1.07822,1.00,1.00
2016.02.25 13:42:15.317,1.078,1.07822,1.00,1.00
2016.02.25 13:42:17.197,1.07803,1.07822,1.00,1.00
2016.02.25 13:42:22.399,1.07799,1.07822,1.00,1.00
2016.02.25 13:42:22.905,1.078,1.07822,1.00,1.00
2016.02.25 13:42:23.410,1.07801,1.07822,1.00,1.00
2016.02.25 13:42:23.920,1.07802,1.07822,1.00,1.00
2016.02.25 13:42:26.751,1.078,1.07822,1.50,1.00
2016.02.25 13:42:26.802,1.078,1.07826,1.50,1.24
2016.02.25 13:42:27.105,1.07803,1.0783,1.00,1.52
2016.02.25 13:42:27.156,1.07803,1.0783,1.00,1.15
2016.02.25 13:42:27.533,1.07805,1.0783,1.00,1.56
2016.02.25 13:42:27.735,1.07803,1.0783,1.00,2.06
2016.02.25 13:42:28.597,1.07805,1.0783,1.00,1.75
2016.02.25 13:42:29.859,1.07808,1.0783,1.00,2.06
2016.02.25 13:42:29.962,1.07806,1.0783,1.00,1.75
2016.02.25 13:42:30.064,1.07806,1.0783,1.00,1.00
2016.02.25 13:42:30.267,1.07803,1.07829,1.00,1.00
2016.02.25 13:42:30.521,1.07801,1.07829,1.00,1.31
2016.02.25 13:42:30.724,1.07802,1.07828,1.00,1.56
2016.02.25 13:42:31.413,1.07801,1.07828,1.00,2.06
2016.02.25 13:42:31.718,1.07799,1.07826,1.00,2.81
2016.02.25 13:42:32.095,1.07797,1.07825,1.50,1.69
2016.02.25 13:42:32.366,1.07799,1.07825,1.00,1.69
2016.02.25 13:42:32.956,1.07799,1.07825,1.00,1.94
2016.02.25 13:42:33.462,1.07797,1.07824,1.50,1.25
2016.02.25 13:42:33.723,1.07801,1.07823,1.00,1.00
2016.02.25 13:42:33.925,1.07799,1.07823,1.00,1.00
2016.02.25 13:42:34.515,1.07798,1.07823,1.00,1.00
2016.02.25 13:42:35.034,1.07796,1.07823,1.50,2.06
2016.02.25 13:42:35.136,1.07799,1.07819,1.00,1.12
2016.02.25 13:42:35.237,1.07796,1.07818,1.00,1.00
2016.02.25 13:42:35.667,1.07799,1.07819,1.00,1.00
2016.02.25 13:42:35.769,1.07799,1.07821,1.00,1.00
2016.02.25 13:42:36.295,1.07799,1.07822,1.00,1.00
2016.02.25 13:42:41.597,1.07799,1.07821,1.00,1.00
2016.02.25 13:42:44.520,1.07801,1.07823,1.00,1.50
2016.02.25 13:42:44.723,1.07796,1.07823,1.50,1.00
2016.02.25 13:42:44.774,1.07798,1.07823,1.00,1.00
2016.02.25 13:42:45.079,1.07802,1.07831,1.00,1.87
2016.02.25 13:42:45.382,1.07802,1.07831,1.00,2.44
2016.02.25 13:42:45.932,1.07803,1.07829,1.00,1.56
2016.02.25 13:42:46.287,1.07802,1.0783,1.50,1.00
2016.02.25 13:42:46.973,1.07802,1.07831,1.50,1.87
2016.02.25 13:42:47.257,1.07802,1.07828,1.50,1.00
2016.02.25 13:42:47.314,1.07802,1.07831,1.50,3.19
2016.02.25 13:42:47.365,1.07802,1.07831,1.50,3.19
2016.02.25 13:42:47.569,1.07802,1.07831,1.50,2.62
2016.02.25 13:42:48.025,1.07802,1.0783,1.00,1.56
2016.02.25 13:42:48.527,1.07802,1.07828,1.00,1.12
2016.02.25 13:42:48.830,1.07799,1.07826,1.50,1.00
2016.02.25 13:42:48.881,1.07802,1.07824,1.00,1.37
2016.02.25 13:42:48.982,1.078,1.07824,1.00,1.37
2016.02.25 13:42:49.134,1.078,1.07828,1.12,2.06
2016.02.25 13:42:49.331,1.07805,1.07828,1.00,1.50
2016.02.25 13:42:50.005,1.07805,1.07833,1.50,1.50
2016.02.25 13:42:50.107,1.07808,1.07833,1.00,1.50
2016.02.25 13:42:50.584,1.07812,1.07833,1.00,1.50
2016.02.25 13:42:51.392,1.07815,1.07833,1.00,1.00
2016.02.25 13:42:51.443,1.07815,1.07836,1.00,1.31
2016.02.25 13:42:52.510,1.07813,1.07836,1.00,1.00
2016.02.25 13:42:56.353,1.07813,1.07837,1.00,1.00
2016.02.25 13:42:57.934,1.07815,1.07837,1.00,2.25
2016.02.25 13:42:58.035,1.07809,1.07837,1.00,2.25
2016.02.25 13:42:58.137,1.07811,1.07837,1.00,2.32
2016.02.25 13:42:59.226,1.07812,1.07837,1.00,1.00
2016.02.25 13:42:59.531,1.07815,1.07841,1.00,1.50
2016.02.25 13:43:00.076,1.07815,1.07837,1.00,1.00
2016.02.25 13:43:00.536,1.07813,1.07837,1.12,1.00
2016.02.25 13:43:02.295,1.07815,1.07837,1.00,1.00
2016.02.25 13:43:04.715,1.07813,1.07837,1.00,1.00
2016.02.25 13:43:04.789,1.07813,1.07835,1.00,1.00
2016.02.25 13:43:05.632,1.07814,1.07834,1.00,1.00
2016.02.25 13:43:06.162,1.07814,1.07835,1.00,1.00
2016.02.25 13:43:06.946,1.07816,1.07835,1.00,1.00
2016.02.25 13:43:09.479,1.07816,1.07837,1.00,1.50
2016.02.25 13:43:09.795,1.07813,1.07837,1.12,1.00
2016.02.25 13:43:11.639,1.07811,1.07835,1.75,1.00
2016.02.25 13:43:12.375,1.07811,1.07836,1.75,1.00
2016.02.25 13:43:15.884,1.07816,1.07836,1.50,1.00
2016.02.25 13:43:15.935,1.07816,1.0784,1.50,1.50
2016.02.25 13:43:16.087,1.07819,1.07842,1.00,1.00
2016.02.25 13:43:16.441,1.07818,1.07839,1.00,1.00
2016.02.25 13:43:17.094,1.07818,1.07843,1.00,1.50
2016.02.25 13:43:17.196,1.07823,1.07843,1.50,1.00
2016.02.25 13:43:17.247,1.07823,1.07845,1.50,1.00
2016.02.25 13:43:17.297,1.07827,1.07845,1.00,1.00
2016.02.25 13:43:17.550,1.07821,1.07842,1.87,1.00
2016.02.25 13:43:17.601,1.07823,1.07842,1.00,1.00
2016.02.25 13:43:17.918,1.07823,1.07839,1.00,1.00
2016.02.25 13:43:18.512,1.0782,1.07839,1.50,1.00
2016.02.25 13:43:19.359,1.0782,1.07837,1.50,1.00
2016.02.25 13:43:19.968,1.0782,1.07837,1.12,1.00
2016.02.25 13:43:20.019,1.07814,1.07837,1.75,1.00
2016.02.25 13:43:20.669,1.07817,1.07839,1.12,1.00
2016.02.25 13:43:20.770,1.07817,1.07839,1.37,1.00
2016.02.25 13:43:24.783,1.07818,1.07839,1.75,1.00
2016.02.25 13:43:24.834,1.07818,1.07839,1.37,1.00
2016.02.25 13:43:25.202,1.07817,1.07839,1.12,1.00
2016.02.25 13:43:25.888,1.07816,1.07838,1.75,1.00
2016.02.25 13:43:27.475,1.07819,1.07838,1.00,1.00
2016.02.25 13:43:27.628,1.07822,1.07838,1.00,1.00
2016.02.25 13:43:27.882,1.0782,1.07838,1.00,1.00
2016.02.25 13:43:27.984,1.07823,1.07838,1.00,1.00
2016.02.25 13:43:28.619,1.07823,1.0784,1.00,1.00
2016.02.25 13:43:28.721,1.07821,1.0784,1.00,1.00
2016.02.25 13:43:29.225,1.07822,1.0784,1.00,1.00
2016.02.25 13:43:29.775,1.07821,1.0784,1.00,1.00
2016.02.25 13:43:32.612,1.07818,1.0784,1.87,1.00
2016.02.25 13:43:33.037,1.07822,1.07843,1.00,1.00
2016.02.25 13:43:33.088,1.07822,1.07845,1.00,1.50
2016.02.25 13:43:33.240,1.07823,1.07846,1.87,1.00
2016.02.25 13:43:33.543,1.07827,1.07843,1.00,1.00
2016.02.25 13:43:33.594,1.07824,1.07843,1.12,1.00
2016.02.25 13:43:33.645,1.07824,1.07841,1.12,1.00
2016.02.25 13:43:35.707,1.07819,1.07841,1.00,1.00
2016.02.25 13:43:35.768,1.07819,1.07838,1.00,1.00
2016.02.25 13:43:36.325,1.07819,1.0784,1.50,1.00
2016.02.25 13:43:36.478,1.07822,1.0784,1.00,1.00
2016.02.25 13:43:36.850,1.07824,1.0784,1.00,1.00
2016.02.25 13:43:37.671,1.07824,1.07842,1.00,1.00
2016.02.25 13:43:38.176,1.07825,1.07842,1.00,1.00
2016.02.25 13:43:38.702,1.07824,1.07841,1.00,1.00
2016.02.25 13:43:39.265,1.07824,1.07843,1.00,1.00
2016.02.25 13:43:43.055,1.07824,1.07841,1.00,1.00
2016.02.25 13:43:43.511,1.07824,1.07839,1.00,1.00
2016.02.25 13:43:43.613,1.07819,1.07839,1.12,1.00
2016.02.25 13:43:43.664,1.07819,1.07837,1.12,1.00
2016.02.25 13:43:43.867,1.07814,1.07837,1.00,1.00
2016.02.25 13:43:45.512,1.07814,1.07835,1.00,1.00
2016.02.25 13:43:46.416,1.07814,1.07837,2.25,1.00
2016.02.25 13:43:46.619,1.07817,1.0784,1.00,1.00
2016.02.25 13:43:47.321,1.07814,1.07839,1.50,1.00
2016.02.25 13:43:49.129,1.07815,1.07839,1.00,1.00
2016.02.25 13:43:49.682,1.0782,1.07843,1.00,1.50
2016.02.25 13:43:50.340,1.07821,1.07843,1.00,1.00
2016.02.25 13:43:50.957,1.0782,1.07843,1.00,1.00
2016.02.25 13:43:53.596,1.07821,1.07843,1.00,1.00
2016.02.25 13:43:53.697,1.07821,1.07846,1.00,2.25
2016.02.25 13:43:53.749,1.07823,1.07846,1.00,1.50
2016.02.25 13:43:54.083,1.07825,1.07846,1.00,1.00
2016.02.25 13:43:54.134,1.07823,1.07846,1.00,1.00
2016.02.25 13:43:57.307,1.07824,1.07846,1.00,1.00
2016.02.25 13:43:57.361,1.07824,1.07848,1.00,1.00
2016.02.25 13:43:57.867,1.07825,1.07848,1.00,1.00
2016.02.25 13:43:59.301,1.07827,1.07848,1.00,1.00
2016.02.25 13:43:59.639,1.07827,1.07848,2.25,1.00
2016.02.25 13:44:01.276,1.07828,1.07848,1.00,1.00
2016.02.25 13:44:04.561,1.07832,1.07848,1.00,1.00
2016.02.25 13:44:05.036,1.07834,1.07848,1.00,1.00
2016.02.25 13:44:05.087,1.0783,1.07851,1.00,1.00
2016.02.25 13:44:07.215,1.07829,1.07851,1.00,1.50
2016.02.25 13:44:07.847,1.07828,1.07851,1.50,1.50
2016.02.25 13:44:08.829,1.0783,1.07851,1.00,1.50
2016.02.25 13:44:09.341,1.07829,1.07851,1.00,1.50
2016.02.25 13:44:11.009,1.0783,1.07851,1.00,1.00
2016.02.25 13:44:11.361,1.07832,1.07851,1.00,1.00
2016.02.25 13:44:11.463,1.0783,1.07851,1.50,1.00
2016.02.25 13:44:17.800,1.07828,1.07851,1.00,1.50
2016.02.25 13:44:18.942,1.0783,1.07851,1.00,1.00
2016.02.25 13:44:20.047,1.07825,1.07843,1.75,1.00
2016.02.25 13:44:20.362,1.07822,1.07838,1.00,1.00
2016.02.25 13:44:20.413,1.0782,1.07838,1.50,1.00
2016.02.25 13:44:20.616,1.0782,1.07836,1.00,1.00
2016.02.25 13:44:20.819,1.07817,1.07836,1.87,1.00
2016.02.25 13:44:21.567,1.07823,1.07844,1.00,1.00
2016.02.25 13:44:21.821,1.07823,1.07846,1.00,1.00
2016.02.25 13:44:23.331,1.07826,1.07846,1.00,1.00
2016.02.25 13:44:23.533,1.07823,1.07846,1.00,1.00
2016.02.25 13:44:24.309,1.07825,1.07846,1.00,1.00
2016.02.25 13:44:25.102,1.07824,1.07843,1.00,1.50
2016.02.25 13:44:26.781,1.07822,1.07843,1.00,1.00
2016.02.25 13:44:26.883,1.07819,1.07839,1.50,1.00
2016.02.25 13:44:27.708,1.07819,1.07839,1.00,1.00
2016.02.25 13:44:27.810,1.0782,1.07842,1.00,1.00
2016.02.25 13:44:27.962,1.07822,1.07842,1.00,1.12
2016.02.25 13:44:28.266,1.07825,1.07845,1.00,1.00
2016.02.25 13:44:30.873,1.07822,1.07845,1.00,1.00
2016.02.25 13:44:30.924,1.07822,1.07842,1.00,1.00
2016.02.25 13:44:31.629,1.07824,1.07842,1.00,1.00
2016.02.25 13:44:31.781,1.07824,1.07846,1.00,1.00
2016.02.25 13:44:31.984,1.07827,1.07846,1.00,1.00
2016.02.25 13:44:34.637,1.07828,1.07849,1.00,1.00
2016.02.25 13:44:38.259,1.0783,1.07849,1.00,1.00
2016.02.25 13:44:38.724,1.07827,1.07849,1.00,1.00
2016.02.25 13:44:39.535,1.07827,1.07849,1.37,1.00
2016.02.25 13:44:41.631,1.07826,1.07849,1.00,1.50
2016.02.25 13:44:44.493,1.07826,1.07845,1.00,1.00
2016.02.25 13:44:44.544,1.07823,1.07845,1.37,1.50
2016.02.25 13:44:45.049,1.07823,1.07845,1.00,1.00
2016.02.25 13:44:45.949,1.07824,1.07846,1.00,1.50
2016.02.25 13:44:50.463,1.07824,1.07846,1.00,1.42
2016.02.25 13:44:51.011,1.07824,1.07846,1.00,1.17
2016.02.25 13:44:55.516,1.07822,1.07846,1.00,1.00
2016.02.25 13:44:56.397,1.07822,1.07846,1.00,1.42
2016.02.25 13:44:57.468,1.07822,1.07846,1.00,1.00
2016.02.25 13:45:00.115,1.0782,1.07845,1.00,1.10
2016.02.25 13:45:00.638,1.0782,1.07845,1.00,1.35
2016.02.25 13:45:02.622,1.0782,1.07845,1.00,1.10
2016.02.25 13:45:03.139,1.0782,1.07845,1.00,1.35
2016.02.25 13:45:03.641,1.0782,1.07845,1.00,1.10
2016.02.25 13:45:03.995,1.0782,1.07845,1.00,1.35
2016.02.25 13:45:05.150,1.07819,1.07844,1.00,1.35
2016.02.25 13:45:05.868,1.07819,1.07844,1.00,1.10
2016.02.25 13:45:08.920,1.07819,1.07844,1.00,1.35
2016.02.25 13:45:09.224,1.07816,1.07839,1.00,1.00
2016.02.25 13:45:10.088,1.07816,1.07839,1.00,1.85
2016.02.25 13:45:10.595,1.07816,1.07839,1.50,1.50
2016.02.25 13:45:10.999,1.07818,1.07842,1.00,1.00
2016.02.25 13:45:11.455,1.07822,1.07844,1.00,1.50
2016.02.25 13:45:11.992,1.07821,1.07844,1.50,1.50
2016.02.25 13:45:19.087,1.07823,1.07844,1.00,1.00
2016.02.25 13:45:19.391,1.07822,1.07844,1.00,1.56
2016.02.25 13:45:19.915,1.07822,1.07844,1.00,1.56
2016.02.25 13:45:20.270,1.07822,1.07844,1.00,1.56
2016.02.25 13:45:20.473,1.07822,1.07844,1.00,1.56
2016.02.25 13:45:20.575,1.07822,1.07844,1.00,1.56
2016.02.25 13:45:22.887,1.07824,1.07844,1.00,1.56
2016.02.25 13:45:23.393,1.07825,1.07844,1.00,1.00
2016.02.25 13:45:24.503,1.07823,1.07844,1.00,1.00
2016.02.25 13:45:24.554,1.07821,1.07844,1.00,2.06
2016.02.25 13:45:24.965,1.07821,1.0784,1.00,1.00
2016.02.25 13:45:25.016,1.07819,1.0784,1.00,1.00
2016.02.25 13:45:27.931,1.07819,1.0784,1.00,1.56
2016.02.25 13:45:28.436,1.07818,1.0784,1.00,2.06
2016.02.25 13:45:29.104,1.07819,1.0784,1.00,1.00
2016.02.25 13:45:29.459,1.07821,1.0784,1.00,1.00
2016.02.25 13:45:29.837,1.07822,1.07844,1.00,1.00
2016.02.25 13:45:29.990,1.07822,1.07844,1.37,1.00
2016.02.25 13:45:30.394,1.07826,1.07844,1.00,1.00
2016.02.25 13:45:30.546,1.07825,1.07846,1.00,1.00
2016.02.25 13:45:30.784,1.07827,1.07846,1.00,1.50
2016.02.25 13:45:30.835,1.07823,1.07846,1.37,1.50
2016.02.25 13:45:30.886,1.07826,1.07845,1.00,1.00
2016.02.25 13:45:31.138,1.07824,1.07846,1.12,1.00
2016.02.25 13:45:31.391,1.07826,1.07846,1.00,1.00
2016.02.25 13:45:31.978,1.07823,1.07846,1.37,1.00
2016.02.25 13:45:32.029,1.07822,1.07845,1.50,1.69
2016.02.25 13:45:32.130,1.07819,1.07844,1.00,1.57
2016.02.25 13:45:32.232,1.07819,1.07844,1.00,3.19
2016.02.25 13:45:32.738,1.07819,1.07843,1.00,1.20
2016.02.25 13:45:33.196,1.07819,1.07838,1.00,1.00
2016.02.25 13:45:33.702,1.07818,1.07839,1.00,1.00
2016.02.25 13:45:34.320,1.07818,1.07839,1.00,1.56
2016.02.25 13:45:34.827,1.07818,1.07838,1.00,1.56
2016.02.25 13:45:34.878,1.07816,1.07838,1.00,1.56
2016.02.25 13:45:34.980,1.07816,1.07838,1.00,2.25
2016.02.25 13:45:35.031,1.07813,1.07836,1.00,1.56
2016.02.25 13:45:35.082,1.07813,1.07836,1.00,1.87
2016.02.25 13:45:35.235,1.07813,1.07836,1.00,1.56
2016.02.25 13:45:35.469,1.07816,1.07836,1.00,1.31
2016.02.25 13:45:37.839,1.07814,1.07836,1.00,1.00
2016.02.25 13:45:41.607,1.07815,1.07836,1.00,1.00
2016.02.25 13:45:42.538,1.07816,1.07836,1.00,1.00
2016.02.25 13:45:42.589,1.07818,1.07839,1.00,1.31
2016.02.25 13:45:43.096,1.07819,1.07839,1.00,1.00
2016.02.25 13:45:43.621,1.07811,1.07836,1.75,1.00
2016.02.25 13:45:45.151,1.0781,1.07834,1.75,1.00
2016.02.25 13:45:45.302,1.0781,1.07834,1.50,1.00
2016.02.25 13:45:45.757,1.07811,1.07836,1.12,1.00
2016.02.25 13:45:48.740,1.0781,1.07834,1.50,1.00
2016.02.25 13:45:49.191,1.07806,1.07829,1.10,1.50
2016.02.25 13:45:49.495,1.07793,1.07815,1.75,1.00
2016.02.25 13:45:50.327,1.07793,1.07818,4.50,1.00
2016.02.25 13:45:51.460,1.07795,1.0782,1.75,1.00
2016.02.25 13:45:53.520,1.07794,1.07818,1.37,1.00
2016.02.25 13:45:53.622,1.07798,1.07818,1.00,1.00
2016.02.25 13:45:53.921,1.07793,1.07818,2.25,1.00
2016.02.25 13:45:53.972,1.07793,1.07815,2.25,1.00
2016.02.25 13:45:56.805,1.07793,1.07815,2.25,1.00
2016.02.25 13:45:56.857,1.07793,1.07817,3.00,1.00
2016.02.25 13:45:57.313,1.07793,1.0782,3.00,1.00
2016.02.25 13:45:58.159,1.07793,1.07817,3.75,1.00
2016.02.25 13:45:59.862,1.07795,1.07819,1.75,1.00
2016.02.25 13:46:00.217,1.07799,1.07821,1.12,1.00
2016.02.25 13:46:00.268,1.07801,1.07821,1.00,1.00
2016.02.25 13:46:00.572,1.07804,1.07822,1.00,1.00
2016.02.25 13:46:02.851,1.07802,1.07822,1.87,1.00
2016.02.25 13:46:06.883,1.07802,1.07824,1.37,1.00
2016.02.25 13:46:07.228,1.07803,1.07826,1.87,1.00
2016.02.25 13:46:07.279,1.07805,1.07826,1.00,1.00
2016.02.25 13:46:07.582,1.07807,1.07828,1.75,1.00
2016.02.25 13:46:08.384,1.07807,1.07828,1.00,1.00
2016.02.25 13:46:09.040,1.07807,1.07828,1.37,1.00
2016.02.25 13:46:09.570,1.07805,1.07828,1.75,1.00
2016.02.25 13:46:10.291,1.07805,1.07828,2.25,1.00
2016.02.25 13:46:10.443,1.07805,1.07826,1.50,1.00
2016.02.25 13:46:15.438,1.07805,1.07827,2.25,1.00
2016.02.25 13:46:16.267,1.07809,1.07829,1.00,1.00
2016.02.25 13:46:16.502,1.07809,1.07831,1.37,1.00
2016.02.25 13:46:17.021,1.07809,1.0783,1.37,1.00
2016.02.25 13:46:21.736,1.07808,1.07831,1.50,1.00
2016.02.25 13:46:26.833,1.07809,1.07832,1.37,1.00
2016.02.25 13:46:31.241,1.07811,1.07835,1.00,1.00
2016.02.25 13:46:31.393,1.07814,1.07835,1.00,1.00
2016.02.25 13:46:31.698,1.0781,1.0783,1.00,1.00
2016.02.25 13:46:32.288,1.07807,1.0783,1.50,1.00
2016.02.25 13:46:32.344,1.07809,1.0783,1.00,1.00
2016.02.25 13:46:32.849,1.07808,1.0783,2.25,1.00
2016.02.25 13:46:33.715,1.07807,1.07829,1.75,1.00
2016.02.25 13:46:34.728,1.07805,1.07828,1.75,1.00
2016.02.25 13:46:35.000,1.07804,1.07828,1.50,1.00
2016.02.25 13:46:35.458,1.07809,1.07828,1.00,1.00
2016.02.25 13:46:36.701,1.07806,1.07829,1.90,1.00
2016.02.25 13:46:38.037,1.07808,1.0783,2.25,1.00
2016.02.25 13:46:38.441,1.07808,1.07828,2.25,1.00
2016.02.25 13:46:48.214,1.07804,1.07826,2.25,1.00
2016.02.25 13:46:48.720,1.07805,1.07829,1.75,1.00
2016.02.25 13:46:50.621,1.07803,1.07826,1.75,1.00
2016.02.25 13:46:50.672,1.07803,1.07826,1.75,1.00
2016.02.25 13:46:53.085,1.07802,1.07824,1.75,1.00
2016.02.25 13:46:53.189,1.07802,1.07824,1.12,1.00
2016.02.25 13:46:56.058,1.07805,1.07824,1.75,1.00
2016.02.25 13:46:56.161,1.07805,1.07826,1.75,1.00
2016.02.25 13:46:57.177,1.07805,1.0783,1.75,1.00
2016.02.25 13:46:57.228,1.07806,1.07828,1.50,1.00
2016.02.25 13:46:58.278,1.07804,1.07828,1.00,1.00
2016.02.25 13:47:00.751,1.07802,1.07828,3.00,1.00
2016.02.25 13:47:01.284,1.07802,1.07827,1.50,1.00
2016.02.25 13:47:01.335,1.07802,1.07821,1.50,1.00
2016.02.25 13:47:01.386,1.07802,1.07823,1.50,1.00
2016.02.25 13:47:01.437,1.07802,1.0782,1.50,1.00
2016.02.25 13:47:01.691,1.07793,1.07814,1.00,1.00
2016.02.25 13:47:01.792,1.07793,1.07816,1.00,1.00
2016.02.25 13:47:01.844,1.07791,1.07816,1.00,1.00
2016.02.25 13:47:01.895,1.07793,1.07816,1.00,1.00
2016.02.25 13:47:02.198,1.07793,1.07812,1.00,1.00
2016.02.25 13:47:02.249,1.07791,1.07811,1.00,1.00
2016.02.25 13:47:02.300,1.07791,1.07806,1.00,1.00
2016.02.25 13:47:02.794,1.07784,1.07804,1.75,1.00
2016.02.25 13:47:02.845,1.07784,1.07806,1.75,1.00
2016.02.25 13:47:02.896,1.07784,1.07806,1.00,1.00
2016.02.25 13:47:03.416,1.07782,1.07806,1.87,1.00
2016.02.25 13:47:04.426,1.07784,1.07806,1.00,1.00
2016.02.25 13:47:05.429,1.07784,1.07806,1.00,1.56
2016.02.25 13:47:05.938,1.07784,1.07806,1.00,1.56
2016.02.25 13:47:06.293,1.07785,1.07808,3.00,1.56
2016.02.25 13:47:06.632,1.07788,1.07813,1.87,1.00
2016.02.25 13:47:06.784,1.07791,1.07815,1.12,1.00
2016.02.25 13:47:07.240,1.07794,1.07815,1.00,1.00
2016.02.25 13:47:07.450,1.07792,1.07815,1.00,1.00
2016.02.25 13:47:08.564,1.07792,1.07816,1.50,1.00
2016.02.25 13:47:08.716,1.07794,1.07817,1.00,1.00
2016.02.25 13:47:08.818,1.07795,1.0782,1.00,1.00
2016.02.25 13:47:08.869,1.07797,1.07819,1.00,1.00
2016.02.25 13:47:08.920,1.07797,1.07821,1.50,1.00
2016.02.25 13:47:08.971,1.07799,1.07821,1.00,1.00
2016.02.25 13:47:09.201,1.07799,1.07824,1.00,1.00
2016.02.25 13:47:09.454,1.07799,1.07819,1.50,1.00
2016.02.25 13:47:09.505,1.078,1.07821,1.00,1.00
2016.02.25 13:47:09.606,1.078,1.07823,1.00,1.00
2016.02.25 13:47:10.122,1.07801,1.07823,1.00,1.00
2016.02.25 13:47:10.501,1.078,1.07821,1.00,1.00
2016.02.25 13:47:10.804,1.07796,1.07821,1.12,1.00
2016.02.25 13:47:11.076,1.07798,1.07821,1.00,1.00
2016.02.25 13:47:11.279,1.07795,1.07821,2.62,1.00
2016.02.25 13:47:11.689,1.07798,1.07821,1.00,1.00
2016.02.25 13:47:11.740,1.07798,1.07823,1.00,1.00
2016.02.25 13:47:13.738,1.078,1.07823,1.00,1.00
2016.02.25 13:47:14.244,1.078,1.07824,1.00,1.50
2016.02.25 13:47:14.720,1.078,1.07824,1.50,1.00
2016.02.25 13:47:15.025,1.078,1.07822,1.00,1.00
2016.02.25 13:47:16.207,1.078,1.07824,1.00,1.00
2016.02.25 13:47:17.254,1.07801,1.07824,1.00,1.00
2016.02.25 13:47:17.651,1.078,1.07822,1.00,1.00
2016.02.25 13:47:17.854,1.07795,1.07818,1.00,1.00
2016.02.25 13:47:18.007,1.07794,1.07816,1.00,1.00
2016.02.25 13:47:18.361,1.07789,1.07815,1.12,1.00
2016.02.25 13:47:20.403,1.07796,1.07819,1.00,1.00
2016.02.25 13:47:20.719,1.07797,1.07821,1.00,1.00
2016.02.25 13:47:21.224,1.07797,1.07823,1.50,1.50
2016.02.25 13:47:21.774,1.07798,1.07823,1.00,1.00
2016.02.25 13:47:28.203,1.07798,1.07827,2.25,2.06
2016.02.25 13:47:28.254,1.07804,1.0783,1.00,1.64
2016.02.25 13:47:28.305,1.07804,1.0783,1.00,1.07
2016.02.25 13:47:28.744,1.07808,1.07833,1.00,1.00
2016.02.25 13:47:30.964,1.07808,1.07833,1.00,1.56
2016.02.25 13:47:31.546,1.07808,1.0783,1.00,1.00
2016.02.25 13:47:32.110,1.07808,1.07825,1.00,1.00
2016.02.25 13:47:32.264,1.07806,1.07825,1.00,1.00
2016.02.25 13:47:32.316,1.07804,1.07825,1.00,1.00
2016.02.25 13:47:32.607,1.07808,1.07825,1.00,1.00
2016.02.25 13:47:33.012,1.07807,1.07822,1.00,1.00
2016.02.25 13:47:33.062,1.07799,1.07822,1.50,1.00
2016.02.25 13:47:33.614,1.078,1.07822,1.00,1.00
2016.02.25 13:47:34.069,1.07802,1.07822,1.00,1.00
2016.02.25 13:47:35.074,1.078,1.07822,1.00,1.00
2016.02.25 13:47:35.630,1.07799,1.07821,1.00,1.00
2016.02.25 13:47:36.150,1.07802,1.07824,1.00,1.00
2016.02.25 13:47:36.658,1.07803,1.07824,1.00,1.00
2016.02.25 13:47:40.422,1.07803,1.07822,1.00,1.00
2016.02.25 13:47:40.928,1.07803,1.07821,1.00,1.00
2016.02.25 13:47:42.847,1.07803,1.07824,1.00,1.56
2016.02.25 13:47:43.353,1.07803,1.07824,1.00,1.00
2016.02.25 13:47:44.061,1.07803,1.07824,1.00,1.56
2016.02.25 13:47:44.517,1.07803,1.07821,1.00,1.00
2016.02.25 13:47:44.821,1.07803,1.07824,1.00,1.00
2016.02.25 13:47:46.866,1.07804,1.07824,1.00,1.31
2016.02.25 13:47:47.421,1.07803,1.07824,1.00,1.31
2016.02.25 13:47:47.472,1.07799,1.07824,3.00,1.56
2016.02.25 13:47:48.015,1.078,1.0782,1.00,1.00
2016.02.25 13:47:48.774,1.07799,1.0782,2.25,1.31
2016.02.25 13:47:49.154,1.07799,1.0782,1.50,1.56
2016.02.25 13:47:49.205,1.078,1.0782,1.00,1.31
2016.02.25 13:47:49.256,1.078,1.07818,1.00,1.00
2016.02.25 13:47:49.761,1.07799,1.07818,1.50,1.00
2016.02.25 13:47:50.731,1.078,1.07818,1.00,1.00
2016.02.25 13:47:51.234,1.07799,1.07818,1.50,1.00
2016.02.25 13:47:51.740,1.078,1.07818,1.00,1.00
2016.02.25 13:47:51.984,1.078,1.0782,1.00,1.31
2016.02.25 13:47:52.610,1.07799,1.0782,1.50,1.31
2016.02.25 13:47:53.069,1.07799,1.0782,1.50,1.56
2016.02.25 13:47:53.413,1.07796,1.07814,1.00,1.00
2016.02.25 13:47:53.599,1.07791,1.07814,1.99,1.00
2016.02.25 13:47:53.650,1.07799,1.07822,1.00,1.00
2016.02.25 13:47:53.701,1.07802,1.07825,1.00,1.50
2016.02.25 13:47:54.005,1.07806,1.07828,1.00,1.00
2016.02.25 13:47:54.308,1.07808,1.07828,1.00,1.00
2016.02.25 13:47:54.410,1.07806,1.07828,1.00,1.00
2016.02.25 13:47:54.945,1.07805,1.07828,2.25,1.00
2016.02.25 13:47:54.996,1.07806,1.0783,1.00,1.00
2016.02.25 13:47:55.198,1.07808,1.0783,1.00,1.00
2016.02.25 13:47:55.937,1.07806,1.07829,1.00,1.00
2016.02.25 13:47:55.988,1.07808,1.07829,1.00,1.00
2016.02.25 13:47:56.191,1.07805,1.07829,1.00,1.00
2016.02.25 13:47:56.920,1.07806,1.07829,1.00,1.00
2016.02.25 13:47:57.560,1.07816,1.07834,1.00,1.50
2016.02.25 13:47:57.611,1.07813,1.07834,1.00,1.50
2016.02.25 13:47:59.018,1.07809,1.07834,1.41,1.00
2016.02.25 13:47:59.221,1.07809,1.07834,1.16,1.00
2016.02.25 13:47:59.322,1.07809,1.07831,1.16,1.00
2016.02.25 13:47:59.424,1.07809,1.07834,1.16,1.00
2016.02.25 13:47:59.879,1.0781,1.07834,1.41,1.00
2016.02.25 13:48:00.451,1.0781,1.07834,1.00,1.00
2016.02.25 13:48:00.990,1.07808,1.07834,1.91,1.00
2016.02.25 13:48:02.216,1.07811,1.07834,1.16,1.00
2016.02.25 13:48:02.874,1.07811,1.07834,1.41,1.00
2016.02.25 13:48:03.396,1.07808,1.07834,1.50,1.00
2016.02.25 13:48:03.947,1.07808,1.07834,1.41,1.00
2016.02.25 13:48:04.899,1.07808,1.07834,1.16,1.00
2016.02.25 13:48:05.535,1.07809,1.07834,1.16,1.00
2016.02.25 13:48:07.882,1.07809,1.07835,1.00,1.00
2016.02.25 13:48:08.317,1.07813,1.07835,1.00,1.00
2016.02.25 13:48:09.711,1.07813,1.07835,1.56,1.00
2016.02.25 13:48:10.250,1.07813,1.07835,1.00,1.00
2016.02.25 13:48:10.755,1.07814,1.07835,1.00,1.00
2016.02.25 13:48:10.805,1.07812,1.07835,1.00,1.00
2016.02.25 13:48:12.334,1.07809,1.07835,1.87,1.00
2016.02.25 13:48:12.729,1.07809,1.07835,2.44,1.00
2016.02.25 13:48:13.243,1.07809,1.07836,2.44,1.00
2016.02.25 13:48:13.644,1.07812,1.07836,1.00,1.00
2016.02.25 13:48:14.101,1.07815,1.07837,1.56,1.00
2016.02.25 13:48:14.406,1.07811,1.07835,2.06,1.00
2016.02.25 13:48:14.508,1.07813,1.07835,1.25,1.00
2016.02.25 13:48:15.015,1.07812,1.07837,1.69,1.00
2016.02.25 13:48:15.265,1.07812,1.07837,1.94,1.00
2016.02.25 13:48:15.367,1.07817,1.0784,1.31,1.00
2016.02.25 13:48:15.904,1.07818,1.07841,1.12,1.00
2016.02.25 13:48:17.161,1.07821,1.07841,1.00,1.00
2016.02.25 13:48:18.565,1.07817,1.07841,1.37,1.00
2016.02.25 13:48:19.180,1.07819,1.07841,1.00,1.00
2016.02.25 13:48:21.645,1.07823,1.07843,1.00,1.00
2016.02.25 13:48:22.167,1.07823,1.07844,1.00,1.00
2016.02.25 13:48:22.724,1.07823,1.07845,1.00,1.00
2016.02.25 13:48:23.723,1.07823,1.07842,1.00,1.00
2016.02.25 13:48:24.242,1.07822,1.07842,1.12,1.00
2016.02.25 13:48:26.066,1.07821,1.07842,1.99,1.00
2016.02.25 13:48:26.117,1.07821,1.07844,1.99,1.00
2016.02.25 13:48:26.718,1.07821,1.07843,1.99,1.00
2016.02.25 13:48:28.378,1.07823,1.07843,1.00,1.00
2016.02.25 13:48:30.938,1.0782,1.07843,1.75,1.00
2016.02.25 13:48:32.329,1.07822,1.07845,1.12,1.00
2016.02.25 13:48:32.582,1.07826,1.07845,1.49,1.00
2016.02.25 13:48:33.350,1.07825,1.07845,1.59,1.00
2016.02.25 13:48:34.659,1.07825,1.07845,1.96,1.00
2016.02.25 13:48:34.710,1.07825,1.07847,1.96,1.00
2016.02.25 13:48:34.914,1.07829,1.07847,1.00,1.00
2016.02.25 13:48:35.572,1.07829,1.07846,1.00,1.00
2016.02.25 13:48:36.768,1.07828,1.07846,1.50,1.00
2016.02.25 13:48:37.393,1.07826,1.07846,1.61,1.00
2016.02.25 13:48:37.919,1.07825,1.07846,1.24,1.00
2016.02.25 13:48:38.425,1.07827,1.07846,1.49,1.00
2016.02.25 13:48:39.385,1.07827,1.07846,1.24,1.00
2016.02.25 13:48:40.219,1.07825,1.07846,1.99,1.00
2016.02.25 13:48:40.270,1.07826,1.07846,1.15,1.00
2016.02.25 13:48:45.548,1.07824,1.07845,1.24,1.00
2016.02.25 13:48:48.572,1.07823,1.07843,1.24,1.00
2016.02.25 13:48:48.623,1.07818,1.07841,1.50,1.00
2016.02.25 13:48:49.045,1.07816,1.07838,1.00,1.00
2016.02.25 13:48:49.146,1.07815,1.07836,1.00,1.00
2016.02.25 13:48:49.653,1.07816,1.07836,1.00,1.00
2016.02.25 13:48:50.835,1.07816,1.07836,1.49,1.00
2016.02.25 13:48:51.366,1.07816,1.07836,1.00,1.00
2016.02.25 13:48:52.544,1.07815,1.07836,1.00,1.00
2016.02.25 13:48:53.079,1.07814,1.07836,1.24,1.00
2016.02.25 13:48:54.253,1.07814,1.07834,1.00,1.00
2016.02.25 13:48:54.304,1.07812,1.07834,1.00,1.00
2016.02.25 13:48:54.855,1.07811,1.07834,1.00,1.00
2016.02.25 13:48:55.059,1.07814,1.07834,1.00,1.00
2016.02.25 13:48:55.110,1.07814,1.07837,1.00,1.00
2016.02.25 13:48:55.312,1.07817,1.07837,1.00,1.00
2016.02.25 13:48:55.678,1.07809,1.07832,1.57,1.00
2016.02.25 13:48:55.729,1.07808,1.07827,1.12,1.00
2016.02.25 13:48:56.615,1.07808,1.07829,1.12,1.00
2016.02.25 13:48:57.667,1.07808,1.07831,1.87,1.00
2016.02.25 13:48:57.971,1.07812,1.07831,1.00,1.00
2016.02.25 13:48:58.510,1.07812,1.07833,1.00,1.00
2016.02.25 13:49:00.277,1.0781,1.07833,1.00,1.00
2016.02.25 13:49:00.601,1.07807,1.07831,1.50,1.00
2016.02.25 13:49:00.652,1.07807,1.07831,1.00,1.00
2016.02.25 13:49:00.703,1.07807,1.07828,1.00,1.00
2016.02.25 13:49:00.754,1.07803,1.07828,2.25,1.00
2016.02.25 13:49:01.303,1.07804,1.07829,1.00,1.00
2016.02.25 13:49:04.276,1.07803,1.07828,1.12,1.00
2016.02.25 13:49:04.886,1.07802,1.07826,1.00,1.50
2016.02.25 13:49:05.040,1.07798,1.07823,1.00,1.00
2016.02.25 13:49:05.091,1.078,1.07823,1.50,1.00
2016.02.25 13:49:05.193,1.07803,1.07827,1.00,1.00
2016.02.25 13:49:05.396,1.07808,1.07826,1.00,1.00
2016.02.25 13:49:06.409,1.07809,1.07829,1.00,1.00
2016.02.25 13:49:06.965,1.07807,1.07829,1.00,1.00
2016.02.25 13:49:07.253,1.07809,1.07829,1.00,1.00
2016.02.25 13:49:07.407,1.07807,1.07828,1.00,1.00
2016.02.25 13:49:08.750,1.07807,1.07831,1.00,1.00
2016.02.25 13:49:09.370,1.07809,1.07831,1.00,1.00
2016.02.25 13:49:09.472,1.07806,1.07831,1.00,1.00
2016.02.25 13:49:09.877,1.07806,1.07828,1.00,1.00
2016.02.25 13:49:10.224,1.07808,1.07828,1.00,1.00
2016.02.25 13:49:10.426,1.07808,1.0783,1.00,1.00
2016.02.25 13:49:10.597,1.07806,1.0783,1.00,1.00
2016.02.25 13:49:12.907,1.07807,1.0783,1.00,1.00
2016.02.25 13:49:13.413,1.07807,1.07832,1.00,1.12
2016.02.25 13:49:13.933,1.07808,1.07832,1.00,1.00
2016.02.25 13:49:13.985,1.07806,1.07832,1.00,1.50
2016.02.25 13:49:14.138,1.07809,1.07832,1.00,1.50
2016.02.25 13:49:14.190,1.07809,1.07835,1.00,1.00
2016.02.25 13:49:14.342,1.07813,1.07835,1.00,1.00
2016.02.25 13:49:14.747,1.07811,1.07835,1.00,1.00
2016.02.25 13:49:14.849,1.07811,1.07833,1.00,1.00
2016.02.25 13:49:15.355,1.07812,1.07833,1.00,1.00
2016.02.25 13:49:16.429,1.0781,1.07833,1.00,1.00
2016.02.25 13:49:17.113,1.0781,1.07833,1.75,1.00
2016.02.25 13:49:17.416,1.07818,1.07833,1.00,1.00
2016.02.25 13:49:17.518,1.07815,1.07833,1.00,1.00
2016.02.25 13:49:18.019,1.07817,1.07834,1.00,1.00
2016.02.25 13:49:19.459,1.07816,1.07834,1.00,1.00
2016.02.25 13:49:19.512,1.07812,1.07834,1.57,1.00
2016.02.25 13:49:19.820,1.07815,1.07834,1.00,1.00
2016.02.25 13:49:21.450,1.07815,1.07833,1.00,1.00
2016.02.25 13:49:21.915,1.07815,1.07831,1.00,1.00
2016.02.25 13:49:22.118,1.07812,1.07831,1.00,1.00
2016.02.25 13:49:22.377,1.07812,1.07829,1.00,1.00
2016.02.25 13:49:22.668,1.07806,1.07824,1.00,1.00
2016.02.25 13:49:23.182,1.07806,1.07825,1.00,1.00
2016.02.25 13:49:23.755,1.07807,1.07826,1.00,1.00
2016.02.25 13:49:23.806,1.07807,1.07828,1.00,1.00
2016.02.25 13:49:24.437,1.07804,1.07828,1.50,1.00
2016.02.25 13:49:25.418,1.07809,1.07828,1.00,1.00
2016.02.25 13:49:25.570,1.07809,1.0783,1.00,1.00
2016.02.25 13:49:28.404,1.0781,1.0783,1.00,1.00
2016.02.25 13:49:29.650,1.0781,1.07832,1.00,1.00
2016.02.25 13:49:29.701,1.07813,1.07832,1.00,1.00
2016.02.25 13:49:30.055,1.07816,1.07833,1.00,1.50
2016.02.25 13:49:30.297,1.07814,1.07833,1.00,1.50
2016.02.25 13:49:30.562,1.07812,1.07833,1.00,1.50
2016.02.25 13:49:31.101,1.07812,1.07832,1.00,1.00
2016.02.25 13:49:32.051,1.07813,1.07832,1.00,1.00
2016.02.25 13:49:32.607,1.0781,1.07832,1.37,1.00
2016.02.25 13:49:33.362,1.07811,1.07833,1.12,1.00
2016.02.25 13:49:33.413,1.07811,1.07835,1.12,1.00
2016.02.25 13:49:33.464,1.07815,1.07835,1.00,1.00
2016.02.25 13:49:33.768,1.07824,1.07838,1.00,1.00
2016.02.25 13:49:33.819,1.07822,1.07838,1.00,1.00
2016.02.25 13:49:34.021,1.07819,1.07838,1.00,1.00
2016.02.25 13:49:34.122,1.07819,1.07836,1.00,1.00
2016.02.25 13:49:34.492,1.07817,1.07836,1.00,1.00
2016.02.25 13:49:34.543,1.07815,1.07836,1.00,1.00
2016.02.25 13:49:34.695,1.07817,1.07834,1.00,1.00
2016.02.25 13:49:37.109,1.07815,1.07834,1.00,1.00
2016.02.25 13:49:37.536,1.07818,1.07835,1.00,1.00
2016.02.25 13:49:38.041,1.07817,1.07834,1.00,1.00
2016.02.25 13:49:38.194,1.07818,1.07836,1.00,1.00
2016.02.25 13:49:39.529,1.07817,1.07836,1.00,1.00
2016.02.25 13:49:40.046,1.07816,1.07836,1.00,1.00
2016.02.25 13:49:40.502,1.07818,1.07836,1.00,1.00
2016.02.25 13:49:41.006,1.07817,1.07836,1.00,1.00
2016.02.25 13:49:41.736,1.07815,1.07836,1.00,1.00
2016.02.25 13:49:41.787,1.07817,1.07836,1.00,1.00
2016.02.25 13:49:42.191,1.07817,1.07838,1.50,1.00
2016.02.25 13:49:42.242,1.07821,1.07838,1.00,1.00
2016.02.25 13:49:42.742,1.0782,1.07835,1.00,1.00
2016.02.25 13:49:43.198,1.0782,1.07837,1.00,1.00
2016.02.25 13:49:44.233,1.07817,1.07835,1.00,1.00
2016.02.25 13:49:48.759,1.07817,1.07833,1.00,1.00
2016.02.25 13:49:51.549,1.07817,1.07836,1.00,1.00
2016.02.25 13:49:52.038,1.0782,1.07836,1.00,1.00
2016.02.25 13:49:52.241,1.0782,1.0784,1.00,1.00
2016.02.25 13:49:52.291,1.07822,1.0784,1.12,1.00
2016.02.25 13:49:52.749,1.07821,1.07838,1.50,1.00
2016.02.25 13:49:52.801,1.07821,1.0784,1.50,1.00
2016.02.25 13:49:52.853,1.07821,1.07837,1.50,1.00
2016.02.25 13:49:52.903,1.07821,1.0784,1.50,1.00
2016.02.25 13:49:52.954,1.07821,1.07837,1.50,1.00
2016.02.25 13:49:53.106,1.07821,1.07839,1.50,1.00
2016.02.25 13:49:53.410,1.07821,1.07837,1.50,1.00
2016.02.25 13:49:53.814,1.07821,1.07839,1.50,1.00
2016.02.25 13:49:53.865,1.07821,1.07837,1.50,1.00
2016.02.25 13:49:54.196,1.07821,1.07839,1.50,1.00
2016.02.25 13:49:54.651,1.07822,1.07841,1.12,1.00
2016.02.25 13:49:54.802,1.07822,1.07838,1.12,1.00
2016.02.25 13:49:55.105,1.07822,1.0784,1.12,1.00
2016.02.25 13:49:55.655,1.07822,1.07842,1.12,1.50
2016.02.25 13:49:55.908,1.07824,1.07842,1.00,1.00
2016.02.25 13:49:56.111,1.07822,1.07842,1.25,1.00
2016.02.25 13:49:56.313,1.07822,1.0784,1.25,1.00
2016.02.25 13:49:56.894,1.07821,1.07841,1.50,1.00
2016.02.25 13:49:57.518,1.07821,1.07842,2.06,1.00
2016.02.25 13:49:57.569,1.07821,1.07844,2.06,1.00
2016.02.25 13:49:57.974,1.07821,1.07842,2.06,1.00
2016.02.25 13:49:58.589,1.07822,1.07841,1.12,1.00
2016.02.25 13:49:58.640,1.07822,1.07844,1.12,1.00
2016.02.25 13:49:59.612,1.07822,1.07839,1.12,1.00
2016.02.25 13:49:59.933,1.07822,1.07842,1.12,1.00
2016.02.25 13:50:00.035,1.07822,1.0784,1.69,1.00
2016.02.25 13:50:00.749,1.07822,1.07838,1.12,1.00
2016.02.25 13:50:01.002,1.07815,1.07834,1.00,1.00
2016.02.25 13:50:01.541,1.07814,1.07834,1.12,1.00
2016.02.25 13:50:02.539,1.07814,1.07832,1.12,1.00
2016.02.25 13:50:04.982,1.07813,1.07834,1.37,1.00
2016.02.25 13:50:05.303,1.07816,1.07834,1.00,1.00
2016.02.25 13:50:05.826,1.07817,1.07833,1.00,1.00
2016.02.25 13:50:05.877,1.07815,1.07833,1.00,1.00
2016.02.25 13:50:06.437,1.07814,1.07833,1.12,1.00
2016.02.25 13:50:06.813,1.07816,1.07834,1.00,1.00
2016.02.25 13:50:07.740,1.07817,1.07834,1.00,1.00
2016.02.25 13:50:08.026,1.07813,1.07833,1.37,1.00
2016.02.25 13:50:08.279,1.07814,1.07835,2.44,1.00
2016.02.25 13:50:09.973,1.07818,1.07836,1.00,1.50
2016.02.25 13:50:10.175,1.07816,1.07836,1.00,1.00
2016.02.25 13:50:10.277,1.07818,1.07836,1.00,1.00
2016.02.25 13:50:11.757,1.07818,1.07836,1.37,1.00
2016.02.25 13:50:12.816,1.0782,1.07836,1.00,1.00
2016.02.25 13:50:12.867,1.0782,1.07839,1.00,1.00
2016.02.25 13:50:12.969,1.07816,1.07837,1.75,1.00
2016.02.25 13:50:13.020,1.07817,1.07839,1.12,1.00
2016.02.25 13:50:13.173,1.07822,1.07838,1.00,1.00
2016.02.25 13:50:13.548,1.0782,1.07838,1.00,1.00
2016.02.25 13:50:13.700,1.07827,1.07837,1.00,1.00
2016.02.25 13:50:13.954,1.07817,1.07837,1.50,1.00
2016.02.25 13:50:14.712,1.07818,1.07837,1.00,1.00
2016.02.25 13:50:18.952,1.07818,1.07834,1.00,1.00
2016.02.25 13:50:19.104,1.0781,1.0783,1.00,1.00
2016.02.25 13:50:19.256,1.07808,1.07829,1.25,1.00
2016.02.25 13:50:20.087,1.07807,1.07826,1.37,1.00
2016.02.25 13:50:20.340,1.07804,1.07826,2.81,1.00
2016.02.25 13:50:21.161,1.07804,1.07825,1.00,1.00
2016.02.25 13:50:26.934,1.07803,1.07825,1.09,1.00
2016.02.25 13:50:28.024,1.07802,1.07825,3.00,1.00
2016.02.25 13:50:30.492,1.07802,1.07822,1.00,1.00
2016.02.25 13:50:30.694,1.07798,1.07821,1.00,1.00
2016.02.25 13:50:30.796,1.07795,1.07818,1.50,1.00
2016.02.25 13:50:31.128,1.07798,1.07821,1.00,1.00
2016.02.25 13:50:31.180,1.07798,1.07818,1.00,1.00
2016.02.25 13:50:31.501,1.07801,1.07818,1.00,1.00
2016.02.25 13:50:31.906,1.07801,1.07821,1.00,1.00
2016.02.25 13:50:32.742,1.07803,1.07821,1.00,1.00
2016.02.25 13:50:33.096,1.07805,1.07821,1.00,1.00
2016.02.25 13:50:33.198,1.07802,1.07821,1.00,1.00
2016.02.25 13:50:33.883,1.078,1.07822,1.75,1.00
2016.02.25 13:50:35.323,1.07799,1.07821,1.75,1.00
2016.02.25 13:50:37.196,1.07799,1.07821,1.00,1.00
2016.02.25 13:50:37.298,1.07801,1.07821,1.00,1.00
2016.02.25 13:50:40.149,1.07801,1.07822,1.00,1.00
2016.02.25 13:50:43.471,1.07804,1.07827,1.00,1.00
2016.02.25 13:50:46.686,1.07807,1.07827,1.00,1.00
2016.02.25 13:50:46.888,1.07807,1.07829,1.00,1.12
2016.02.25 13:50:47.623,1.07805,1.07828,1.00,1.00
2016.02.25 13:50:57.633,1.07805,1.07829,1.00,1.12
2016.02.25 13:50:58.859,1.07804,1.07829,1.50,1.12
2016.02.25 13:51:02.676,1.07805,1.07829,1.00,1.00
2016.02.25 13:51:03.131,1.0781,1.07829,1.00,1.00
2016.02.25 13:51:03.915,1.07809,1.07829,1.00,1.00
2016.02.25 13:51:04.219,1.07814,1.07832,1.00,1.00
2016.02.25 13:51:04.524,1.07811,1.07832,1.00,1.00
2016.02.25 13:51:09.530,1.07813,1.07832,1.00,1.00
2016.02.25 13:51:10.539,1.07811,1.07832,1.00,1.00
2016.02.25 13:51:17.023,1.07814,1.07832,1.00,1.00
2016.02.25 13:51:22.180,1.07813,1.07832,1.00,1.00
2016.02.25 13:51:23.744,1.07817,1.07833,1.00,1.00
2016.02.25 13:51:23.896,1.07816,1.07838,1.00,2.06
2016.02.25 13:51:23.946,1.07816,1.07834,1.00,1.00
2016.02.25 13:51:24.996,1.0782,1.07834,1.00,1.00
2016.02.25 13:51:25.049,1.07817,1.07834,1.00,1.00
2016.02.25 13:51:25.582,1.07818,1.07834,1.00,1.00
2016.02.25 13:51:26.084,1.07817,1.07834,1.50,1.00
2016.02.25 13:51:27.150,1.07819,1.07834,1.00,1.00
2016.02.25 13:51:27.251,1.07819,1.07838,1.00,1.50
2016.02.25 13:51:27.302,1.07819,1.07838,1.00,1.00
2016.02.25 13:51:29.974,1.07818,1.07838,1.00,1.00
2016.02.25 13:51:31.131,1.07816,1.07838,1.00,1.87
2016.02.25 13:51:31.636,1.07817,1.07838,1.00,1.87
2016.02.25 13:51:32.136,1.07815,1.07838,1.00,1.87
2016.02.25 13:51:32.490,1.07818,1.07838,1.00,1.87
2016.02.25 13:51:34.898,1.07821,1.07838,1.00,1.00
2016.02.25 13:51:34.999,1.07821,1.07841,1.00,1.00
2016.02.25 13:51:35.050,1.07823,1.07841,1.00,1.00
2016.02.25 13:51:35.557,1.07826,1.07841,1.00,1.00
2016.02.25 13:51:35.960,1.07824,1.07845,1.00,1.00
2016.02.25 13:51:37.170,1.07826,1.07845,1.00,1.00
2016.02.25 13:51:37.749,1.07825,1.07845,1.00,1.00
2016.02.25 13:51:37.801,1.07823,1.07845,1.50,1.00
2016.02.25 13:51:37.852,1.07826,1.07845,1.00,1.00
2016.02.25 13:51:38.003,1.07823,1.07845,1.50,1.00
2016.02.25 13:51:40.088,1.07826,1.07845,1.00,1.00
2016.02.25 13:51:40.140,1.07823,1.07845,1.00,1.00
2016.02.25 13:51:40.847,1.07825,1.07845,1.00,1.00
2016.02.25 13:51:41.416,1.07827,1.07845,1.00,1.00
2016.02.25 13:51:41.467,1.07823,1.07845,1.00,1.00
2016.02.25 13:51:41.670,1.07825,1.07845,1.00,1.00
2016.02.25 13:51:41.772,1.07823,1.07845,1.00,1.00
2016.02.25 13:51:42.657,1.07825,1.07845,1.00,1.00
2016.02.25 13:51:43.920,1.07825,1.07847,1.00,1.00
2016.02.25 13:51:44.464,1.07826,1.07847,1.00,1.00
2016.02.25 13:51:45.819,1.07824,1.07847,1.00,1.00
2016.02.25 13:51:47.158,1.07827,1.07847,1.00,1.00
2016.02.25 13:51:48.608,1.07825,1.07847,1.00,1.00
2016.02.25 13:51:49.133,1.07826,1.07847,1.00,1.00
2016.02.25 13:51:50.318,1.07825,1.07847,1.00,1.00
2016.02.25 13:51:50.469,1.07825,1.07844,1.00,1.00
2016.02.25 13:51:51.040,1.07823,1.07844,1.00,1.00
2016.02.25 13:51:56.095,1.07824,1.07844,1.00,1.00
2016.02.25 13:51:56.635,1.07826,1.07844,1.00,1.00
2016.02.25 13:51:56.938,1.07824,1.07844,1.00,1.00
2016.02.25 13:52:00.173,1.07823,1.07841,1.00,1.00
2016.02.25 13:52:00.509,1.07817,1.07838,1.00,1.75
2016.02.25 13:52:02.175,1.07815,1.07837,1.00,1.75
2016.02.25 13:52:04.989,1.07815,1.07834,1.00,1.00
2016.02.25 13:52:05.044,1.07813,1.07834,1.00,1.00
2016.02.25 13:52:06.558,1.07813,1.07834,1.00,1.75
2016.02.25 13:52:06.862,1.07813,1.07834,1.00,1.00
2016.02.25 13:52:07.534,1.07813,1.07833,1.00,1.00
2016.02.25 13:52:07.824,1.07811,1.07834,1.00,2.25
2016.02.25 13:52:08.161,1.07811,1.0783,1.00,1.00
2016.02.25 13:52:13.506,1.07812,1.0783,1.00,1.00
2016.02.25 13:52:15.051,1.07812,1.07833,1.00,1.00
2016.02.25 13:52:20.424,1.0781,1.07833,1.00,1.00
2016.02.25 13:52:24.099,1.07809,1.07833,1.00,2.25
2016.02.25 13:52:24.454,1.07813,1.07833,1.00,1.75
2016.02.25 13:52:24.606,1.07812,1.07833,1.00,1.00
2016.02.25 13:52:25.086,1.07809,1.07833,1.00,1.00
2016.02.25 13:52:25.758,1.07807,1.07833,1.00,1.50
2016.02.25 13:52:25.912,1.07807,1.07833,1.00,2.25
2016.02.25 13:52:26.815,1.0781,1.07833,1.00,1.75
2016.02.25 13:52:27.634,1.0781,1.07833,1.00,1.50
2016.02.25 13:52:27.998,1.07812,1.07833,1.00,1.50
2016.02.25 13:52:30.515,1.07814,1.07833,1.00,1.00
2016.02.25 13:52:32.236,1.07816,1.07833,1.00,1.00
2016.02.25 13:52:32.287,1.07816,1.07837,1.00,1.50
2016.02.25 13:52:32.823,1.07816,1.07837,1.00,1.00
2016.02.25 13:52:34.151,1.07817,1.07837,1.00,1.00
2016.02.25 13:52:34.555,1.07817,1.0784,1.00,1.00
2016.02.25 13:52:34.606,1.0782,1.0784,1.00,1.00
2016.02.25 13:52:44.239,1.07818,1.0784,1.00,1.00
2016.02.25 13:52:44.290,1.07816,1.0784,1.00,1.50
2016.02.25 13:52:44.442,1.07813,1.07837,1.00,1.12
2016.02.25 13:52:46.400,1.07813,1.07835,1.00,1.00
2016.02.25 13:52:47.238,1.07813,1.07837,1.00,1.87
2016.02.25 13:52:47.444,1.07813,1.07837,1.00,1.87
2016.02.25 13:52:47.495,1.07811,1.07834,1.00,1.50
2016.02.25 13:52:49.236,1.0781,1.07834,1.00,1.50
2016.02.25 13:52:49.338,1.07812,1.07834,1.00,1.50
2016.02.25 13:52:49.641,1.07819,1.07837,1.00,1.00
2016.02.25 13:52:49.964,1.07818,1.07838,1.75,1.00
2016.02.25 13:52:50.066,1.07819,1.07838,1.00,1.00
2016.02.25 13:52:50.168,1.07815,1.07838,1.12,1.00
2016.02.25 13:52:50.270,1.07815,1.07836,1.12,1.00
2016.02.25 13:52:51.220,1.07811,1.07834,1.85,1.00
2016.02.25 13:52:51.575,1.07811,1.07834,1.00,1.00
2016.02.25 13:52:52.770,1.07811,1.07834,1.75,1.00
2016.02.25 13:52:54.641,1.07815,1.07836,1.12,1.00
2016.02.25 13:52:55.198,1.07816,1.07836,1.00,1.00
2016.02.25 13:52:55.753,1.07811,1.07836,1.75,1.00
2016.02.25 13:52:58.545,1.07811,1.07833,2.62,1.00
2016.02.25 13:52:58.597,1.07811,1.07833,1.45,1.00
2016.02.25 13:52:58.698,1.0781,1.07831,1.50,1.00
2016.02.25 13:52:58.850,1.07808,1.07831,2.25,1.00
2016.02.25 13:53:01.052,1.0781,1.07833,2.62,1.00
2016.02.25 13:53:01.267,1.07811,1.07833,1.75,1.00
2016.02.25 13:53:03.247,1.07815,1.07835,1.12,1.00
2016.02.25 13:53:08.542,1.07815,1.07836,1.12,1.00
2016.02.25 13:53:12.628,1.07815,1.07837,1.12,1.00
2016.02.25 13:53:14.829,1.07815,1.07837,1.75,1.00
2016.02.25 13:53:17.215,1.07815,1.07838,2.25,1.00
2016.02.25 13:53:17.840,1.07818,1.07841,1.87,1.00
2016.02.25 13:53:17.942,1.07823,1.07841,1.00,1.00
2016.02.25 13:53:18.862,1.0782,1.07841,1.10,1.00
2016.02.25 13:53:19.393,1.07821,1.07841,1.00,1.00
2016.02.25 13:53:21.906,1.0782,1.07841,2.32,1.00
2016.02.25 13:53:22.908,1.07821,1.07841,1.00,1.00
2016.02.25 13:53:23.969,1.07823,1.07841,1.00,1.00
2016.02.25 13:53:24.505,1.07825,1.07844,1.00,1.00
2016.02.25 13:53:24.770,1.07828,1.07845,1.75,1.00
2016.02.25 13:53:25.442,1.07829,1.07847,1.50,1.00
2016.02.25 13:53:25.493,1.07829,1.07845,1.50,1.00
2016.02.25 13:53:25.544,1.07828,1.07848,1.75,1.00
2016.02.25 13:53:26.051,1.07829,1.07848,1.50,1.00
2016.02.25 13:53:26.203,1.07831,1.07853,2.25,1.00
2016.02.25 13:53:26.254,1.07832,1.07854,1.50,1.00
2016.02.25 13:53:26.355,1.07837,1.0786,1.50,1.00
2016.02.25 13:53:26.457,1.0784,1.07863,1.87,1.00
2016.02.25 13:53:26.508,1.07843,1.07865,1.12,1.00
2016.02.25 13:53:26.559,1.07845,1.07868,1.87,1.50
2016.02.25 13:53:26.862,1.07843,1.07864,1.75,1.00
2016.02.25 13:53:27.095,1.07843,1.07862,1.00,1.00
2016.02.25 13:53:27.775,1.0784,1.07862,2.25,1.00
2016.02.25 13:53:29.030,1.0784,1.07865,3.00,1.00
2016.02.25 13:53:29.356,1.0784,1.07863,2.25,1.00
2016.02.25 13:53:29.610,1.07838,1.07861,1.10,1.00
2016.02.25 13:53:31.323,1.07838,1.07857,1.10,1.00
2016.02.25 13:53:31.743,1.07831,1.07853,1.00,1.00
2016.02.25 13:53:33.302,1.07831,1.07854,1.00,1.00
2016.02.25 13:53:33.994,1.07831,1.07853,1.00,1.00
2016.02.25 13:53:35.364,1.07831,1.07854,1.00,1.00
2016.02.25 13:53:35.617,1.07831,1.07856,1.50,1.00
2016.02.25 13:53:37.377,1.07833,1.0786,1.00,1.50
2016.02.25 13:53:37.604,1.07839,1.0786,1.82,1.00
2016.02.25 13:53:37.655,1.07839,1.07862,1.82,1.00
2016.02.25 13:53:37.807,1.0784,1.07862,1.00,1.00
2016.02.25 13:53:38.212,1.07837,1.07859,1.12,1.00
2016.02.25 13:53:39.327,1.07836,1.07862,1.85,1.00
2016.02.25 13:53:42.757,1.07836,1.07857,1.75,1.00
2016.02.25 13:53:42.809,1.07834,1.07857,1.00,1.00
2016.02.25 13:53:42.961,1.07834,1.07859,1.50,1.00
2016.02.25 13:53:43.012,1.07834,1.07859,1.87,1.00
2016.02.25 13:53:43.982,1.07835,1.07859,1.00,1.00
2016.02.25 13:53:44.509,1.07834,1.07859,3.00,1.00
2016.02.25 13:53:45.005,1.07834,1.07859,3.00,1.00
2016.02.25 13:53:49.810,1.07834,1.07859,2.32,1.00
2016.02.25 13:53:51.360,1.07834,1.07859,2.32,1.00
2016.02.25 13:53:52.753,1.07836,1.07861,1.00,1.00
2016.02.25 13:53:52.804,1.07838,1.07861,1.00,1.00
2016.02.25 13:53:56.442,1.07841,1.07865,1.00,1.12
2016.02.25 13:53:56.493,1.07843,1.07865,1.00,1.12
2016.02.25 13:53:56.930,1.07842,1.07862,1.00,1.00
2016.02.25 13:53:56.981,1.07839,1.07862,1.20,1.00
2016.02.25 13:53:57.133,1.07839,1.0786,1.20,1.00
2016.02.25 13:53:57.649,1.07838,1.07859,1.87,1.00
2016.02.25 13:53:58.155,1.07838,1.07859,1.50,1.00
2016.02.25 13:54:00.913,1.07838,1.0786,1.50,1.00
2016.02.25 13:54:03.578,1.07836,1.07859,1.31,1.00
2016.02.25 13:54:03.983,1.07835,1.07861,2.81,1.00
2016.02.25 13:54:04.084,1.07835,1.07858,1.75,1.00
2016.02.25 13:54:04.314,1.07836,1.0786,2.06,1.00
2016.02.25 13:54:04.469,1.07836,1.07858,1.31,1.00
2016.02.25 13:54:04.832,1.07836,1.0786,1.75,1.00
2016.02.25 13:54:04.883,1.07835,1.07858,2.06,1.00
2016.02.25 13:54:05.085,1.07836,1.0786,1.75,1.00
2016.02.25 13:54:05.237,1.07835,1.07858,2.06,1.00
2016.02.25 13:54:05.837,1.07835,1.07861,2.25,1.00
2016.02.25 13:54:06.888,1.07836,1.0786,1.31,1.00
2016.02.25 13:54:08.464,1.07837,1.07862,1.85,1.00
2016.02.25 13:54:08.515,1.07836,1.0786,1.82,1.00
2016.02.25 13:54:11.907,1.07836,1.07858,1.24,1.00
2016.02.25 13:54:12.994,1.07836,1.07858,1.24,1.00
2016.02.25 13:54:14.709,1.07835,1.07858,1.87,1.00
2016.02.25 13:54:14.760,1.07835,1.07858,1.87,1.00
2016.02.25 13:54:16.439,1.07835,1.07857,1.87,1.00
2016.02.25 13:54:20.587,1.07833,1.07852,1.00,1.00
2016.02.25 13:54:20.639,1.07833,1.07854,1.00,1.00
2016.02.25 13:54:20.740,1.07833,1.07856,1.37,1.00
2016.02.25 13:54:20.842,1.07838,1.0786,1.00,1.00
2016.02.25 13:54:20.893,1.07838,1.07862,1.00,1.00
2016.02.25 13:54:20.944,1.07841,1.07863,1.00,1.00
2016.02.25 13:54:21.247,1.07846,1.07865,1.00,1.00
2016.02.25 13:54:21.752,1.07846,1.07867,1.10,1.00
2016.02.25 13:54:23.080,1.07846,1.07869,1.00,1.00
2016.02.25 13:54:23.131,1.07846,1.07871,1.00,1.00
2016.02.25 13:54:23.182,1.07849,1.07871,1.00,1.00
2016.02.25 13:54:23.485,1.07846,1.07864,1.00,1.00
2016.02.25 13:54:23.641,1.07843,1.07864,1.00,1.00
2016.02.25 13:54:23.889,1.07843,1.07868,1.00,1.00
2016.02.25 13:54:24.394,1.07847,1.07868,1.00,1.00
2016.02.25 13:54:24.643,1.07844,1.07868,1.10,1.00
2016.02.25 13:54:25.700,1.07844,1.07869,1.57,1.00
2016.02.25 13:54:25.751,1.07846,1.07869,1.00,1.00
2016.02.25 13:54:26.438,1.07845,1.07869,1.00,1.00
2016.02.25 13:54:27.516,1.07845,1.07871,1.50,1.00
2016.02.25 13:54:28.672,1.07846,1.07871,1.00,1.00
2016.02.25 13:54:29.162,1.07853,1.07875,1.00,1.00
2016.02.25 13:54:29.568,1.07852,1.07877,3.00,1.00
2016.02.25 13:54:30.587,1.07853,1.07875,1.00,1.00
2016.02.25 13:54:30.688,1.07852,1.07877,1.87,1.00
2016.02.25 13:54:30.790,1.07855,1.07877,1.37,1.00
2016.02.25 13:54:30.942,1.07855,1.07879,1.75,1.00
2016.02.25 13:54:31.134,1.07861,1.07879,1.00,1.00
2016.02.25 13:54:31.528,1.07863,1.0788,1.00,1.00
2016.02.25 13:54:32.037,1.07858,1.07881,1.75,1.00
2016.02.25 13:54:32.345,1.07856,1.07879,1.00,1.00
2016.02.25 13:54:32.719,1.07856,1.07874,1.50,1.00
2016.02.25 13:54:32.871,1.07853,1.07874,1.00,1.00
2016.02.25 13:54:32.922,1.0785,1.07874,1.87,1.00
2016.02.25 13:54:34.933,1.07855,1.07874,1.00,1.00
2016.02.25 13:54:35.236,1.07857,1.07881,1.75,1.00
2016.02.25 13:54:35.542,1.07856,1.07878,1.85,1.00
2016.02.25 13:54:35.744,1.07855,1.07877,1.50,1.00
2016.02.25 13:54:36.547,1.07855,1.07875,1.00,1.00
2016.02.25 13:54:36.851,1.07851,1.0787,1.50,1.00
2016.02.25 13:54:37.527,1.07848,1.0787,1.37,1.00
2016.02.25 13:54:37.585,1.07849,1.07872,1.00,1.00
2016.02.25 13:54:39.484,1.07848,1.07872,1.00,1.00
2016.02.25 13:54:39.689,1.07851,1.07872,1.00,1.00
2016.02.25 13:54:40.192,1.0785,1.07872,1.00,1.00
2016.02.25 13:54:40.445,1.07848,1.07872,1.00,1.00
2016.02.25 13:54:41.280,1.07848,1.07872,1.37,1.00
2016.02.25 13:54:41.331,1.07848,1.07875,1.87,1.00
2016.02.25 13:54:42.228,1.07852,1.07873,1.00,1.00
2016.02.25 13:54:42.798,1.0785,1.07874,1.50,1.00
2016.02.25 13:54:42.849,1.07851,1.07877,1.00,1.50
2016.02.25 13:54:42.901,1.07857,1.07877,1.00,1.00
2016.02.25 13:54:43.002,1.07859,1.0788,1.00,1.50
2016.02.25 13:54:43.508,1.07859,1.0788,1.37,1.50
2016.02.25 13:54:43.660,1.07859,1.0788,1.00,1.00
2016.02.25 13:54:44.066,1.07859,1.07882,1.00,1.00
2016.02.25 13:54:45.184,1.07858,1.07882,1.12,1.00
2016.02.25 13:54:46.360,1.07858,1.07881,1.12,1.00
2016.02.25 13:54:47.147,1.07855,1.07879,1.87,1.00
2016.02.25 13:54:47.197,1.07855,1.07879,1.00,1.00
2016.02.25 13:54:47.400,1.07855,1.07876,1.00,1.00
2016.02.25 13:54:47.911,1.07852,1.07876,1.50,1.00
2016.02.25 13:54:48.449,1.07853,1.07876,1.00,1.00
2016.02.25 13:54:48.601,1.07851,1.07876,1.50,1.00
2016.02.25 13:54:48.925,1.07851,1.07873,1.00,1.00
2016.02.25 13:54:49.180,1.07849,1.07873,1.00,1.00
2016.02.25 13:54:50.265,1.0785,1.07873,1.00,1.00
2016.02.25 13:54:52.069,1.07848,1.07873,1.00,1.00
2016.02.25 13:54:52.120,1.07846,1.07869,1.00,1.00
2016.02.25 13:54:56.391,1.07846,1.07871,1.00,1.00
2016.02.25 13:54:56.492,1.07847,1.07873,1.37,1.00
2016.02.25 13:54:56.594,1.07849,1.07876,1.50,1.00
2016.02.25 13:54:56.645,1.07849,1.07876,1.87,1.00
2016.02.25 13:54:57.151,1.07851,1.07876,2.25,1.00
2016.02.25 13:54:57.929,1.07852,1.07876,1.00,1.00
2016.02.25 13:54:58.681,1.07851,1.07876,1.50,1.00
2016.02.25 13:54:59.183,1.07852,1.07876,1.00,1.00
2016.02.25 13:54:59.685,1.07851,1.07876,1.50,1.00
2016.02.25 13:55:00.117,1.07851,1.07874,1.50,1.00
2016.02.25 13:55:00.370,1.07843,1.07867,1.50,1.00
2016.02.25 13:55:00.876,1.07843,1.07866,1.12,1.00
2016.02.25 13:55:00.927,1.07843,1.07864,1.00,1.00
2016.02.25 13:55:01.530,1.07838,1.07861,1.00,1.00
2016.02.25 13:55:01.732,1.07838,1.07863,1.00,1.00
2016.02.25 13:55:02.594,1.07837,1.07863,1.00,1.00
2016.02.25 13:55:03.049,1.07837,1.07859,1.00,1.00
2016.02.25 13:55:03.354,1.07834,1.07857,1.00,1.75
2016.02.25 13:55:03.405,1.07832,1.07857,1.00,1.75
2016.02.25 13:55:03.954,1.07831,1.07856,1.00,1.50
2016.02.25 13:55:05.473,1.07834,1.0786,1.00,2.81
2016.02.25 13:55:06.260,1.07836,1.0786,1.00,1.37
2016.02.25 13:55:06.362,1.0784,1.0786,1.00,1.00
2016.02.25 13:55:06.464,1.07837,1.0786,1.00,1.00
2016.02.25 13:55:06.616,1.07834,1.0786,1.50,1.00
2016.02.25 13:55:06.667,1.07836,1.0786,1.00,1.12
2016.02.25 13:55:06.819,1.07836,1.07862,1.00,1.00
2016.02.25 13:55:07.322,1.07836,1.07861,1.00,1.00
2016.02.25 13:55:07.374,1.07834,1.07861,1.50,2.06
2016.02.25 13:55:07.577,1.07835,1.0786,1.00,1.00
2016.02.25 13:55:08.087,1.07835,1.07859,1.00,1.00
2016.02.25 13:55:08.375,1.07833,1.07859,1.00,1.50
2016.02.25 13:55:09.151,1.07832,1.07857,1.00,1.50
2016.02.25 13:55:10.867,1.07828,1.07854,1.00,1.00
2016.02.25 13:55:11.388,1.07828,1.07854,1.00,1.37
2016.02.25 13:55:12.144,1.07833,1.07855,1.00,2.06
2016.02.25 13:55:12.347,1.07834,1.07857,1.00,1.00
2016.02.25 13:55:12.903,1.07832,1.07857,1.00,1.00
2016.02.25 13:55:13.327,1.07831,1.07856,1.00,2.06
2016.02.25 13:55:14.459,1.07831,1.07856,1.00,1.31
2016.02.25 13:55:14.510,1.07836,1.07857,1.00,1.00
2016.02.25 13:55:14.814,1.0784,1.07859,1.00,1.00
2016.02.25 13:55:14.966,1.0784,1.07862,1.00,1.00
2016.02.25 13:55:15.017,1.0784,1.07864,1.00,1.31
2016.02.25 13:55:15.067,1.0784,1.07862,1.00,1.00
2016.02.25 13:55:15.118,1.0784,1.07864,1.00,1.12
2016.02.25 13:55:15.452,1.0784,1.07861,1.00,1.31
2016.02.25 13:55:15.604,1.07838,1.07861,1.00,1.31
2016.02.25 13:55:15.655,1.07838,1.07861,1.00,1.56
2016.02.25 13:55:16.149,1.07835,1.07859,1.00,1.56
2016.02.25 13:55:16.650,1.07835,1.07859,1.00,1.56
2016.02.25 13:55:16.751,1.07835,1.07854,1.00,1.31
2016.02.25 13:55:16.802,1.07832,1.07854,1.00,1.31
2016.02.25 13:55:16.954,1.0783,1.07854,1.00,1.56
2016.02.25 13:55:17.006,1.0783,1.07849,1.00,1.00
2016.02.25 13:55:17.309,1.07828,1.07852,1.00,1.56
2016.02.25 13:55:17.622,1.07827,1.0785,1.00,1.12
2016.02.25 13:55:18.098,1.07827,1.0785,1.00,2.06
2016.02.25 13:55:18.637,1.07827,1.0785,1.00,1.56
2016.02.25 13:55:18.689,1.07826,1.07844,1.00,1.00
2016.02.25 13:55:18.740,1.07826,1.0785,1.00,2.06
2016.02.25 13:55:19.252,1.07826,1.0785,1.00,2.06
2016.02.25 13:55:19.354,1.07828,1.0785,1.00,2.06
2016.02.25 13:55:19.657,1.07831,1.07852,1.00,2.06
2016.02.25 13:55:20.104,1.07828,1.07849,1.00,1.00
2016.02.25 13:55:20.157,1.07826,1.07852,1.00,2.81
2016.02.25 13:55:20.666,1.07827,1.07852,1.00,2.06
2016.02.25 13:55:21.212,1.07827,1.07852,1.00,1.87
2016.02.25 13:55:21.478,1.07827,1.07852,1.00,1.56
2016.02.25 13:55:21.936,1.07824,1.07848,1.00,1.00
2016.02.25 13:55:22.473,1.07825,1.07851,1.00,2.44
2016.02.25 13:55:22.524,1.07823,1.0785,1.50,1.56
2016.02.25 13:55:23.056,1.07823,1.07847,1.50,2.06
2016.02.25 13:55:23.715,1.07823,1.07845,1.00,1.00
2016.02.25 13:55:24.722,1.07823,1.07844,1.00,1.31
2016.02.25 13:55:25.245,1.07823,1.07842,1.00,1.00
2016.02.25 13:55:25.296,1.07819,1.07844,1.00,1.31
2016.02.25 13:55:25.500,1.0782,1.07846,1.00,1.50
2016.02.25 13:55:26.086,1.07823,1.07846,1.00,1.00
2016.02.25 13:55:26.289,1.07824,1.0785,1.00,1.00
2016.02.25 13:55:27.206,1.07824,1.07847,1.00,1.00
2016.02.25 13:55:28.614,1.07823,1.07846,1.12,1.00
2016.02.25 13:55:29.122,1.07823,1.07845,1.00,1.00
2016.02.25 13:55:29.590,1.07819,1.07845,1.50,1.00
2016.02.25 13:55:29.642,1.07819,1.07842,1.50,1.00
2016.02.25 13:55:30.158,1.07819,1.07841,1.00,1.00
2016.02.25 13:55:30.756,1.07819,1.07845,1.50,1.50
2016.02.25 13:55:31.046,1.07825,1.07847,1.00,1.00
2016.02.25 13:55:31.198,1.07825,1.0785,1.00,1.12
2016.02.25 13:55:31.407,1.07825,1.07848,1.00,1.00
2016.02.25 13:55:32.106,1.07826,1.07847,1.00,1.00
2016.02.25 13:55:33.408,1.07829,1.07847,1.00,1.00
2016.02.25 13:55:33.510,1.07829,1.07852,1.00,2.25
2016.02.25 13:55:34.725,1.07832,1.07852,1.00,1.75
2016.02.25 13:55:34.928,1.07832,1.07856,1.00,1.00
2016.02.25 13:55:35.080,1.0783,1.07853,1.00,1.00
2016.02.25 13:55:35.182,1.07828,1.07852,1.00,1.00
2016.02.25 13:55:35.233,1.07827,1.0785,1.00,1.00
2016.02.25 13:55:35.670,1.07827,1.07847,1.00,1.00
2016.02.25 13:55:36.287,1.07827,1.07851,1.00,1.00
2016.02.25 13:55:36.893,1.07825,1.07847,1.00,1.00
2016.02.25 13:55:36.999,1.07825,1.07849,1.00,1.00
2016.02.25 13:55:37.191,1.07825,1.07846,1.00,1.00
2016.02.25 13:55:37.243,1.07823,1.07846,1.00,1.00
2016.02.25 13:55:38.115,1.07822,1.07844,1.50,1.00
2016.02.25 13:55:38.892,1.07822,1.07847,1.50,1.00
2016.02.25 13:55:39.160,1.07829,1.0785,1.00,1.00
2016.02.25 13:55:39.213,1.07827,1.0785,1.00,1.50
2016.02.25 13:55:39.719,1.07827,1.07849,1.00,1.00
2016.02.25 13:55:41.722,1.07825,1.07848,1.00,1.00
2016.02.25 13:55:41.773,1.07826,1.0785,1.00,1.00
2016.02.25 13:55:41.926,1.07829,1.07852,1.00,2.25
2016.02.25 13:55:42.078,1.07822,1.07847,1.50,1.00
2016.02.25 13:55:42.602,1.07822,1.07845,1.00,1.00
2016.02.25 13:55:44.572,1.07822,1.07844,1.00,1.00
2016.02.25 13:55:45.077,1.07818,1.07843,1.50,1.00
2016.02.25 13:55:45.396,1.07818,1.07841,1.00,1.00
2016.02.25 13:55:45.750,1.07818,1.07839,1.00,1.00
2016.02.25 13:55:45.952,1.07816,1.07839,1.00,1.00
2016.02.25 13:55:46.053,1.07817,1.07841,1.12,1.00
2016.02.25 13:55:46.104,1.07821,1.07845,1.00,1.50
2016.02.25 13:55:46.407,1.07823,1.07847,1.00,1.00
2016.02.25 13:55:46.757,1.07825,1.07847,1.00,1.00
2016.02.25 13:55:46.808,1.07823,1.07847,1.50,1.00
2016.02.25 13:55:46.859,1.07824,1.07849,1.00,1.00
2016.02.25 13:55:47.479,1.07823,1.07848,1.00,1.00
2016.02.25 13:55:48.003,1.07822,1.07848,2.06,1.00
2016.02.25 13:55:49.324,1.07821,1.07846,1.12,1.00
2016.02.25 13:55:50.041,1.0782,1.07845,1.99,1.00
2016.02.25 13:55:50.243,1.07817,1.07844,1.87,1.00
2016.02.25 13:55:50.345,1.07817,1.07842,1.12,1.00
2016.02.25 13:55:51.042,1.07817,1.07839,1.12,1.00
2016.02.25 13:55:51.144,1.07814,1.07838,1.00,1.00
2016.02.25 13:55:51.246,1.07814,1.07835,1.00,1.00
2016.02.25 13:55:51.398,1.07814,1.07837,1.00,1.00
2016.02.25 13:55:52.129,1.07815,1.0784,1.49,1.00
2016.02.25 13:55:52.634,1.07818,1.0784,1.12,1.00
2016.02.25 13:55:53.142,1.07819,1.07841,1.00,1.00
2016.02.25 13:55:54.530,1.07819,1.07839,1.00,1.00
2016.02.25 13:55:54.682,1.07816,1.07839,1.00,1.00
2016.02.25 13:56:02.238,1.07816,1.07842,1.00,1.00
2016.02.25 13:56:02.389,1.07818,1.07844,1.00,1.00
2016.02.25 13:56:02.694,1.07818,1.07842,1.00,1.00
2016.02.25 13:56:02.795,1.0782,1.07845,1.50,1.00
2016.02.25 13:56:02.896,1.07818,1.07843,1.00,1.00
2016.02.25 13:56:03.384,1.07818,1.07841,1.00,1.00
2016.02.25 13:56:06.868,1.07818,1.07839,1.00,1.00
2016.02.25 13:56:08.423,1.07818,1.07836,1.00,1.00
2016.02.25 13:56:08.474,1.07814,1.07836,1.50,1.00
2016.02.25 13:56:08.709,1.07814,1.07834,1.00,1.00
2016.02.25 13:56:08.962,1.0781,1.07833,1.00,1.00
2016.02.25 13:56:11.431,1.0781,1.07831,1.00,1.00
2016.02.25 13:56:13.003,1.0781,1.07832,1.00,1.00
2016.02.25 13:56:14.068,1.0781,1.07834,1.31,1.00
2016.02.25 13:56:14.422,1.0781,1.07832,1.56,1.00
2016.02.25 13:56:14.930,1.0781,1.07833,1.50,1.00
2016.02.25 13:56:15.233,1.0781,1.07833,2.06,1.00
2016.02.25 13:56:15.411,1.0781,1.07833,1.50,1.00
2016.02.25 13:56:15.513,1.0781,1.07833,2.06,1.00
2016.02.25 13:56:15.614,1.0781,1.07833,1.00,1.00
2016.02.25 13:56:15.816,1.07805,1.07832,2.51,1.00
2016.02.25 13:56:16.019,1.07805,1.0783,1.76,1.00
2016.02.25 13:56:16.702,1.07805,1.0783,1.76,1.00
2016.02.25 13:56:17.222,1.07805,1.0783,1.76,1.00
2016.02.25 13:56:17.973,1.07805,1.07832,2.92,1.00
2016.02.25 13:56:18.024,1.07805,1.07832,1.95,1.00
2016.02.25 13:56:18.126,1.07805,1.07832,2.92,1.00
2016.02.25 13:56:18.664,1.07805,1.07832,2.92,1.00
2016.02.25 13:56:19.018,1.07809,1.07832,1.00,1.00
2016.02.25 13:56:19.226,1.07805,1.07832,2.36,1.50
2016.02.25 13:56:19.550,1.07805,1.07832,2.36,1.00
2016.02.25 13:56:20.210,1.07805,1.07832,2.36,1.00
2016.02.25 13:56:20.736,1.07805,1.07832,2.29,1.00
2016.02.25 13:56:21.339,1.07805,1.07832,2.29,1.00
2016.02.25 13:56:22.238,1.07805,1.07832,2.29,1.00
2016.02.25 13:56:22.772,1.07805,1.07831,1.54,1.00
2016.02.25 13:56:23.281,1.07807,1.07829,1.16,1.00
2016.02.25 13:56:23.533,1.07805,1.07829,1.00,1.00
2016.02.25 13:56:25.499,1.07805,1.07829,1.41,1.00
2016.02.25 13:56:26.480,1.07805,1.07829,1.16,1.00
2016.02.25 13:56:27.509,1.07805,1.07829,1.41,1.00
2016.02.25 13:56:27.611,1.07805,1.07826,1.16,1.00
2016.02.25 13:56:27.712,1.07801,1.07826,2.66,1.00
2016.02.25 13:56:28.216,1.07802,1.07825,1.00,1.00
2016.02.25 13:56:28.797,1.07801,1.07825,1.16,1.00
2016.02.25 13:56:29.731,1.07801,1.07823,1.00,1.00
2016.02.25 13:56:30.236,1.07801,1.07822,1.00,1.00
2016.02.25 13:56:30.671,1.078,1.0782,1.00,1.00
2016.02.25 13:56:31.133,1.078,1.07822,1.00,1.00
2016.02.25 13:56:31.437,1.078,1.07823,1.41,1.00
2016.02.25 13:56:31.639,1.07802,1.07825,1.41,1.00
2016.02.25 13:56:32.177,1.07802,1.07825,1.12,1.00
2016.02.25 13:56:32.337,1.07802,1.07828,1.12,1.50
2016.02.25 13:56:32.857,1.07802,1.07827,1.12,1.00
2016.02.25 13:56:34.756,1.07802,1.07828,1.12,1.00
2016.02.25 13:56:36.755,1.07802,1.07826,1.12,1.00
2016.02.25 13:56:47.046,1.07802,1.07824,1.00,1.00
2016.02.25 13:56:57.744,1.07799,1.07823,1.00,1.00
2016.02.25 13:57:03.006,1.07799,1.07824,1.00,1.00
2016.02.25 13:57:04.998,1.07799,1.0782,1.00,1.00
2016.02.25 13:57:05.252,1.07799,1.07823,1.50,1.50
2016.02.25 13:57:05.353,1.07799,1.07826,1.50,1.50
2016.02.25 13:57:05.896,1.07802,1.07826,1.00,1.50
2016.02.25 13:57:07.707,1.07803,1.07826,1.00,1.00
2016.02.25 13:57:09.538,1.07804,1.07828,1.00,1.00
2016.02.25 13:57:10.523,1.07805,1.0783,1.00,1.50
2016.02.25 13:57:10.930,1.07807,1.07831,1.00,1.00
2016.02.25 13:57:15.174,1.07804,1.0783,1.00,1.00
2016.02.25 13:57:15.679,1.07805,1.07829,1.00,1.00
2016.02.25 13:57:15.997,1.07809,1.07833,1.00,1.00
2016.02.25 13:57:19.142,1.07808,1.07831,1.00,1.00
2016.02.25 13:57:20.296,1.07808,1.07832,1.00,1.00
2016.02.25 13:57:20.347,1.07809,1.07834,1.00,1.00
2016.02.25 13:57:20.397,1.0781,1.07831,1.00,1.00
2016.02.25 13:57:20.499,1.07811,1.07833,1.00,1.00
2016.02.25 13:57:20.550,1.07809,1.07833,1.75,1.00
2016.02.25 13:57:20.651,1.07808,1.07832,1.00,1.00
2016.02.25 13:57:21.167,1.07807,1.07832,1.00,1.00
2016.02.25 13:57:22.157,1.07809,1.07833,1.00,1.00
2016.02.25 13:57:22.423,1.07819,1.07845,1.00,1.00
2016.02.25 13:57:22.726,1.07819,1.07842,1.00,1.00
2016.02.25 13:57:23.334,1.07817,1.07842,1.00,1.00
2016.02.25 13:57:23.385,1.07817,1.07839,1.00,1.00
2016.02.25 13:57:23.917,1.07816,1.07839,1.00,1.00
2016.02.25 13:57:24.780,1.07813,1.07837,1.00,1.00
2016.02.25 13:57:25.252,1.07812,1.07835,1.12,1.00
2016.02.25 13:57:25.760,1.07812,1.07836,1.00,1.00
2016.02.25 13:57:26.693,1.07812,1.07833,1.00,1.00
2016.02.25 13:57:28.315,1.07818,1.07834,1.00,1.00
2016.02.25 13:57:29.082,1.07818,1.07835,1.00,1.00
2016.02.25 13:57:29.385,1.07822,1.07836,1.00,1.00
2016.02.25 13:57:29.436,1.07822,1.07843,1.00,1.00
2016.02.25 13:57:29.538,1.07822,1.07841,1.00,1.00
2016.02.25 13:57:29.639,1.07822,1.07843,1.00,1.00
2016.02.25 13:57:30.022,1.07824,1.07843,1.00,1.00
2016.02.25 13:57:30.326,1.07826,1.07843,1.00,1.00
2016.02.25 13:57:30.731,1.07823,1.07843,1.00,1.00
2016.02.25 13:57:30.832,1.07821,1.07843,1.00,1.00
2016.02.25 13:57:30.934,1.0782,1.07839,1.00,1.00
2016.02.25 13:57:32.664,1.07822,1.07839,1.00,1.00
2016.02.25 13:57:32.917,1.07824,1.07843,1.00,1.00
2016.02.25 13:57:32.968,1.07826,1.07844,1.00,1.37
2016.02.25 13:57:33.484,1.07826,1.07844,1.00,1.00
2016.02.25 13:57:33.881,1.07819,1.07842,1.00,1.37
2016.02.25 13:57:34.551,1.07819,1.07841,1.00,1.87
2016.02.25 13:57:34.703,1.07817,1.07841,1.00,1.57
2016.02.25 13:57:34.804,1.07817,1.07839,1.00,1.00
2016.02.25 13:57:35.310,1.07817,1.07839,1.00,1.37
2016.02.25 13:57:35.815,1.07817,1.07837,1.00,1.00
2016.02.25 13:57:36.018,1.07815,1.07836,1.00,1.00
2016.02.25 13:57:36.441,1.07815,1.07833,1.00,1.00
2016.02.25 13:57:36.795,1.07814,1.07829,1.00,1.00
2016.02.25 13:57:37.434,1.07814,1.07831,1.00,1.00
2016.02.25 13:57:37.688,1.07812,1.0783,1.00,1.00
2016.02.25 13:57:37.890,1.07812,1.07828,1.00,1.00
2016.02.25 13:57:38.783,1.07812,1.07831,1.00,1.00
2016.02.25 13:57:38.966,1.07814,1.07831,1.00,1.00
2016.02.25 13:57:39.219,1.07818,1.07839,1.00,1.12
2016.02.25 13:57:39.270,1.07821,1.07839,1.00,1.00
2016.02.25 13:57:39.422,1.07821,1.07842,1.00,1.00
2016.02.25 13:57:40.001,1.07821,1.0784,1.00,1.00
2016.02.25 13:57:40.740,1.07821,1.07838,1.00,1.57
2016.02.25 13:57:40.791,1.07811,1.07836,1.00,1.00
2016.02.25 13:57:40.843,1.07811,1.07833,1.00,1.00
2016.02.25 13:57:40.944,1.07809,1.07833,1.00,1.00
2016.02.25 13:57:40.995,1.07809,1.07831,1.00,1.00
2016.02.25 13:57:41.299,1.07809,1.07829,1.00,1.00
2016.02.25 13:57:41.997,1.07809,1.07828,1.00,1.00
2016.02.25 13:57:42.354,1.07811,1.07828,1.00,1.00
2016.02.25 13:57:42.405,1.07811,1.07832,1.00,1.50
2016.02.25 13:57:42.507,1.07811,1.07834,1.00,1.00
2016.02.25 13:57:43.149,1.07811,1.07833,1.00,1.00
2016.02.25 13:57:43.604,1.0781,1.07831,1.00,1.50
2016.02.25 13:57:45.096,1.07811,1.07831,1.00,1.00
2016.02.25 13:57:48.696,1.07812,1.07831,1.00,1.00
2016.02.25 13:57:50.228,1.07812,1.07832,1.00,1.00
2016.02.25 13:57:50.527,1.07812,1.07834,1.00,1.00
2016.02.25 13:57:51.034,1.07812,1.07835,1.00,1.12
2016.02.25 13:57:51.586,1.07815,1.07835,1.00,1.12
2016.02.25 13:57:52.089,1.07815,1.07836,1.00,1.50
2016.02.25 13:57:56.036,1.07812,1.07836,1.00,1.50
2016.02.25 13:57:56.391,1.07809,1.07836,1.00,1.50
2016.02.25 13:57:56.492,1.07809,1.07831,1.00,1.00
2016.02.25 13:57:56.695,1.07809,1.07834,1.00,1.00
2016.02.25 13:57:56.948,1.07809,1.07832,1.00,1.00
2016.02.25 13:57:57.284,1.07806,1.07832,1.37,1.37
2016.02.25 13:57:57.343,1.07799,1.07824,1.00,1.12
2016.02.25 13:57:57.444,1.07801,1.07824,1.00,1.12
2016.02.25 13:57:57.647,1.07801,1.07827,1.00,1.00
2016.02.25 13:57:57.799,1.07803,1.07827,1.00,1.00
2016.02.25 13:57:58.930,1.07802,1.07827,1.00,1.00
2016.02.25 13:57:59.435,1.07802,1.07826,1.00,1.00
2016.02.25 13:58:00.030,1.07804,1.07827,1.00,1.00
2016.02.25 13:58:00.233,1.07807,1.07833,1.00,1.87
2016.02.25 13:58:00.334,1.0781,1.07833,1.00,1.87
2016.02.25 13:58:01.640,1.07808,1.07833,1.00,1.87
2016.02.25 13:58:01.742,1.07809,1.0783,1.00,1.00
2016.02.25 13:58:01.946,1.07805,1.07827,1.00,1.00
2016.02.25 13:58:02.148,1.07802,1.07826,1.00,1.00
2016.02.25 13:58:02.200,1.07802,1.07823,1.00,1.00
2016.02.25 13:58:02.509,1.078,1.07825,1.00,1.75
2016.02.25 13:58:02.760,1.07808,1.07831,1.00,1.12
2016.02.25 13:58:03.620,1.07805,1.07831,1.00,1.54
2016.02.25 13:58:04.090,1.07801,1.07822,1.12,1.00
2016.02.25 13:58:04.756,1.07802,1.07822,1.00,1.00
2016.02.25 13:58:05.921,1.07801,1.07821,1.00,1.00
2016.02.25 13:58:06.267,1.07803,1.07819,1.00,1.00
2016.02.25 13:58:06.318,1.07803,1.07822,1.00,1.00
2016.02.25 13:58:06.370,1.07805,1.07822,1.00,1.00
2016.02.25 13:58:06.472,1.07801,1.07822,1.00,1.00
2016.02.25 13:58:06.977,1.07801,1.07823,1.00,1.00
2016.02.25 13:58:07.129,1.07803,1.07823,1.00,1.00
2016.02.25 13:58:07.818,1.07805,1.07823,1.00,1.00
2016.02.25 13:58:08.021,1.07802,1.07823,1.00,1.00
2016.02.25 13:58:08.277,1.078,1.07823,1.00,1.00
2016.02.25 13:58:10.017,1.078,1.07824,1.50,1.00
2016.02.25 13:58:10.322,1.07808,1.07827,1.00,1.00
2016.02.25 13:58:10.425,1.07808,1.0783,1.75,1.00
2016.02.25 13:58:10.804,1.07806,1.07829,1.00,1.00
2016.02.25 13:58:10.855,1.07804,1.07827,1.00,1.00
2016.02.25 13:58:11.058,1.07801,1.07826,1.00,1.00
2016.02.25 13:58:13.828,1.07801,1.07823,1.00,1.00
2016.02.25 13:58:14.333,1.07801,1.07826,1.00,1.12
2016.02.25 13:58:16.291,1.07801,1.07823,1.00,1.00
2016.02.25 13:58:16.495,1.07795,1.07818,1.00,1.00
2016.02.25 13:58:16.597,1.07795,1.07816,1.00,1.00
2016.02.25 13:58:16.699,1.07793,1.07816,1.00,1.00
2016.02.25 13:58:18.645,1.07793,1.07814,1.00,1.00
2016.02.25 13:58:19.151,1.07793,1.07813,1.00,1.00
2016.02.25 13:58:20.050,1.07793,1.07816,1.00,1.00
2016.02.25 13:58:20.101,1.07793,1.07819,1.50,1.54
2016.02.25 13:58:21.063,1.07796,1.0782,1.00,1.91
2016.02.25 13:58:21.613,1.07796,1.07819,1.00,1.05
2016.02.25 13:58:22.341,1.07797,1.0782,1.00,1.42
2016.02.25 13:58:22.969,1.07797,1.0782,1.00,1.16
2016.02.25 13:58:23.508,1.07797,1.07819,1.00,1.05
2016.02.25 13:58:24.875,1.07795,1.0782,1.00,1.16
2016.02.25 13:58:25.363,1.07793,1.07817,1.00,1.00
2016.02.25 13:58:25.919,1.07793,1.07817,1.50,1.00
2016.02.25 13:58:26.425,1.07793,1.07817,1.00,1.00
2016.02.25 13:58:31.738,1.07793,1.07814,1.00,1.00
2016.02.25 13:58:34.446,1.07788,1.07814,1.50,1.00
2016.02.25 13:58:34.951,1.07788,1.07813,1.00,1.00
2016.02.25 13:58:35.655,1.07788,1.07814,1.50,1.00
2016.02.25 13:58:39.985,1.07788,1.07813,1.00,1.00
2016.02.25 13:58:40.036,1.07788,1.0781,1.00,1.31
2016.02.25 13:58:40.340,1.07786,1.07808,1.00,1.87
2016.02.25 13:58:40.873,1.07786,1.07806,1.00,1.56
2016.02.25 13:58:41.421,1.07786,1.07806,1.00,1.31
2016.02.25 13:58:41.725,1.07786,1.07806,1.00,1.56
2016.02.25 13:58:42.108,1.07786,1.07806,1.00,1.56
2016.02.25 13:58:44.840,1.07786,1.07804,1.00,1.00
2016.02.25 13:58:44.891,1.07783,1.07804,1.00,1.00
2016.02.25 13:58:45.398,1.07783,1.07804,1.00,1.56
2016.02.25 13:58:45.920,1.07783,1.07804,1.00,1.00
2016.02.25 13:58:47.296,1.07783,1.07804,1.00,1.56
2016.02.25 13:58:48.292,1.07783,1.07804,1.00,1.31
2016.02.25 13:58:48.393,1.07783,1.07804,1.00,1.56
2016.02.25 13:58:51.073,1.07783,1.07797,1.00,1.00
2016.02.25 13:58:51.175,1.07777,1.07796,1.00,1.00
2016.02.25 13:58:51.276,1.07774,1.07799,1.37,1.00
2016.02.25 13:58:51.701,1.07781,1.07804,1.00,1.00
2016.02.25 13:58:52.157,1.07785,1.07805,1.00,1.00
2016.02.25 13:58:52.894,1.07783,1.07805,1.00,1.00
2016.02.25 13:58:53.855,1.07785,1.0781,1.00,1.00
2016.02.25 13:58:53.906,1.07787,1.07812,1.12,2.62
2016.02.25 13:58:54.457,1.07787,1.07812,1.12,1.00
2016.02.25 13:58:54.762,1.07786,1.0781,1.37,1.00
2016.02.25 13:58:55.066,1.07785,1.07804,1.50,1.00
2016.02.25 13:58:55.582,1.07784,1.07805,1.75,1.00
2016.02.25 13:58:57.055,1.07783,1.07807,2.25,1.00
2016.02.25 13:58:58.567,1.07788,1.07812,1.00,1.00
2016.02.25 13:59:03.589,1.07789,1.07812,1.00,1.50
2016.02.25 13:59:06.604,1.0779,1.07812,1.00,1.50
2016.02.25 13:59:07.061,1.07792,1.07816,1.00,1.00
2016.02.25 13:59:07.507,1.07795,1.07816,1.00,1.00
2016.02.25 13:59:07.558,1.07795,1.0782,1.00,1.00
2016.02.25 13:59:08.069,1.07796,1.0782,1.00,1.00
2016.02.25 13:59:10.060,1.07796,1.07822,1.00,1.00
2016.02.25 13:59:12.878,1.07798,1.07822,1.00,1.00
2016.02.25 13:59:18.110,1.07797,1.07822,1.00,1.00
2016.02.25 13:59:19.350,1.07799,1.07822,1.00,1.00
2016.02.25 13:59:20.505,1.07802,1.07822,1.00,1.00
2016.02.25 13:59:20.607,1.07803,1.07825,1.00,1.00
2016.02.25 13:59:20.658,1.07805,1.07825,1.00,1.00
2016.02.25 13:59:20.709,1.07807,1.07829,1.00,1.50
2016.02.25 13:59:21.215,1.07808,1.07829,1.00,1.00
2016.02.25 13:59:22.447,1.07809,1.07829,1.00,1.00
2016.02.25 13:59:29.157,1.07807,1.07829,1.00,1.00
2016.02.25 13:59:29.668,1.07806,1.07829,1.00,1.00
2016.02.25 13:59:30.380,1.07806,1.07829,1.00,1.56
2016.02.25 13:59:30.431,1.07804,1.07829,1.00,2.81
2016.02.25 13:59:30.974,1.07804,1.07826,1.00,1.00
2016.02.25 13:59:31.227,1.07799,1.07823,1.00,1.00
2016.02.25 13:59:31.637,1.07797,1.07822,1.00,1.00
2016.02.25 13:59:32.923,1.078,1.07822,1.37,1.00
2016.02.25 13:59:32.975,1.07802,1.07824,1.37,1.00
2016.02.25 13:59:33.076,1.07804,1.07827,1.12,1.00
2016.02.25 13:59:33.488,1.078,1.07824,2.25,1.00
2016.02.25 13:59:33.589,1.07801,1.07827,1.37,1.50
2016.02.25 13:59:33.640,1.07801,1.07819,1.37,1.00
2016.02.25 13:59:34.015,1.07798,1.07823,2.25,1.00
2016.02.25 13:59:34.066,1.07798,1.07821,1.75,1.00
2016.02.25 13:59:35.380,1.07803,1.07824,1.00,1.00
2016.02.25 13:59:35.898,1.07804,1.07824,1.00,1.00
2016.02.25 13:59:37.083,1.07805,1.07824,1.00,1.00
2016.02.25 13:59:37.285,1.07803,1.07824,1.00,1.00
2016.02.25 13:59:38.805,1.07805,1.07824,1.00,1.00
2016.02.25 13:59:39.008,1.07807,1.07828,1.12,1.00
2016.02.25 13:59:39.702,1.07808,1.07828,1.00,1.00
2016.02.25 13:59:39.753,1.07808,1.07832,1.00,1.00
2016.02.25 13:59:41.438,1.07811,1.07832,1.00,1.00
2016.02.25 13:59:41.488,1.07809,1.07832,1.00,1.50
2016.02.25 13:59:41.590,1.07809,1.07828,1.00,1.00
2016.02.25 13:59:41.842,1.07806,1.07828,1.00,1.00
2016.02.25 13:59:42.229,1.07809,1.07828,1.00,1.00
2016.02.25 13:59:42.929,1.07806,1.07828,1.00,1.00
2016.02.25 13:59:43.081,1.07808,1.07828,1.00,1.00
2016.02.25 13:59:47.877,1.0781,1.07832,1.00,1.00
2016.02.25 13:59:48.401,1.0781,1.07833,1.00,1.00
2016.02.25 13:59:49.500,1.07804,1.07827,1.50,1.00
2016.02.25 13:59:50.113,1.07803,1.07825,1.50,1.00
2016.02.25 13:59:50.604,1.07805,1.07829,1.00,1.00
2016.02.25 13:59:50.705,1.07805,1.07829,1.87,1.00
2016.02.25 13:59:50.908,1.07807,1.07831,2.25,1.00
2016.02.25 13:59:52.751,1.07808,1.0783,1.87,1.00
2016.02.25 13:59:54.618,1.07805,1.07825,1.37,1.00
2016.02.25 13:59:54.669,1.07801,1.07825,1.12,1.00
2016.02.25 13:59:54.821,1.07801,1.07821,1.00,1.00
2016.02.25 13:59:54.872,1.07797,1.0782,1.00,1.00
2016.02.25 13:59:54.923,1.07793,1.07818,1.45,1.00
2016.02.25 13:59:55.508,1.07793,1.07817,1.00,1.00
2016.02.25 13:59:55.565,1.07793,1.07815,1.00,1.00
2016.02.25 13:59:55.919,1.0779,1.07815,1.00,1.00
2016.02.25 13:59:56.443,1.07791,1.07815,1.00,1.00
2016.02.25 13:59:56.968,1.07792,1.07816,1.00,1.00
2016.02.25 13:59:57.170,1.07794,1.07813,1.00,1.00
2016.02.25 13:59:57.372,1.07791,1.07813,1.00,1.00
2016.02.25 13:59:58.151,1.07792,1.07813,1.00,1.00
2016.02.25 13:59:58.404,1.0779,1.07813,1.00,1.00
2016.02.25 13:59:58.909,1.07791,1.07813,1.00,1.00
2016.02.25 13:59:59.062,1.07793,1.07813,1.00,1.00
2016.02.25 13:59:59.601,1.07791,1.07813,1.00,1.00
2016.02.25 13:59:59.652,1.07791,1.07816,1.00,1.00
2016.02.25 13:59:59.804,1.07791,1.07818,1.00,1.00
2016.02.25 13:59:59.854,1.0779,1.07814,1.00,1.00
