2018.02.05 12:00:00.335,1.08673,1.08695,1.25,1.00
2018.02.05 12:00:00.841,1.08674,1.08695,1.00,2.44
2018.02.05 12:00:01.359,1.08674,1.08695,1.00,1.37
2018.02.05 12:00:02.072,1.08673,1.08695,1.12,1.87
2018.02.05 12:00:02.605,1.08673,1.08695,1.12,1.87
2018.02.05 12:00:03.398,1.08673,1.08694,1.00,1.44
2018.02.05 12:00:03.552,1.08673,1.08695,1.00,1.12
2018.02.05 12:00:03.849,1.08675,1.08698,1.00,1.44
2018.02.05 12:00:04.004,1.08679,1.08702,1.00,2.44
2018.02.05 12:00:04.164,1.08681,1.08701,1.00,1.12
2018.02.05 12:00:04.476,1.08696,1.0871,1.00,1.50
2018.02.05 12:00:04.529,1.08691,1.0871,1.69,1.25
2018.02.05 12:00:04.581,1.08688,1.08709,1.31,1.50
2018.02.05 12:00:04.790,1.08687,1.08712,1.25,1.69
2018.02.05 12:00:04.841,1.08688,1.0871,1.25,1.25
2018.02.05 12:00:04.892,1.08686,1.0871,1.69,2.62
2018.02.05 12:00:04.943,1.08686,1.08706,1.00,1.00
2018.02.05 12:00:05.574,1.08687,1.08709,1.00,1.37
2018.02.05 12:00:05.678,1.08688,1.08712,2.25,1.44
2018.02.05 12:00:06.203,1.08689,1.08713,2.06,1.37
2018.02.05 12:00:07.213,1.08689,1.08714,1.31,2.81
2018.02.05 12:00:07.417,1.08689,1.08714,1.31,2.81
2018.02.05 12:00:07.639,1.08688,1.08712,1.50,1.25
2018.02.05 12:00:07.894,1.08689,1.08714,2.06,2.81
2018.02.05 12:00:08.267,1.08689,1.08713,1.00,1.12
2018.02.05 12:00:08.477,1.08689,1.08713,1.00,1.62
2018.02.05 12:00:09.021,1.08689,1.08712,1.00,1.37
2018.02.05 12:00:09.176,1.08689,1.08713,1.00,2.44
2018.02.05 12:00:09.484,1.08689,1.08712,1.25,1.12
2018.02.05 12:00:10.099,1.08689,1.08712,1.00,1.37
2018.02.05 12:00:10.628,1.0869,1.08713,1.37,1.50
2018.02.05 12:00:10.783,1.08687,1.0871,2.06,1.31
2018.02.05 12:00:10.945,1.08687,1.0871,1.50,1.62
2018.02.05 12:00:11.254,1.08689,1.08709,1.00,2.06
2018.02.05 12:00:11.511,1.08687,1.08709,1.12,1.19
2018.02.05 12:00:11.563,1.08687,1.0871,2.25,1.00
2018.02.05 12:00:12.241,1.08688,1.08712,1.00,2.06
2018.02.05 12:00:12.355,1.08688,1.08711,1.25,1.12
2018.02.05 12:00:12.594,1.08688,1.08711,1.25,1.37
2018.02.05 12:00:12.934,1.08688,1.08711,1.25,1.37
2018.02.05 12:00:13.627,1.08688,1.08713,1.50,2.81
2018.02.05 12:00:13.689,1.08689,1.08712,2.06,1.44
2018.02.05 12:00:14.098,1.08691,1.08714,1.00,1.19
2018.02.05 12:00:14.602,1.08692,1.08714,1.00,1.69
2018.02.05 12:00:15.550,1.0869,1.08713,1.25,1.19
2018.02.05 12:00:15.849,1.08688,1.08714,2.62,2.06
2018.02.05 12:00:15.952,1.08689,1.08713,1.00,1.62
2018.02.05 12:00:16.349,1.08688,1.08713,1.87,2.06
2018.02.05 12:00:16.666,1.08682,1.08705,1.00,1.69
2018.02.05 12:00:16.825,1.08681,1.08704,1.25,2.25
2018.02.05 12:00:16.978,1.08681,1.08704,1.25,1.12
2018.02.05 12:00:17.133,1.08681,1.08703,1.25,1.37
2018.02.05 12:00:17.644,1.08679,1.08703,2.06,1.87
2018.02.05 12:00:17.953,1.08679,1.08703,2.06,2.62
2018.02.05 12:00:18.004,1.08678,1.08703,2.44,2.62
2018.02.05 12:00:18.438,1.08678,1.087,1.44,1.00
2018.02.05 12:00:18.948,1.08678,1.08701,1.50,2.25
2018.02.05 12:00:19.256,1.08678,1.087,1.00,1.56
2018.02.05 12:00:19.681,1.08678,1.087,1.00,1.56
2018.02.05 12:00:20.123,1.08676,1.08698,2.44,1.62
2018.02.05 12:00:20.277,1.08676,1.08698,1.00,1.44
2018.02.05 12:00:20.482,1.08676,1.08698,1.50,1.69
2018.02.05 12:00:22.586,1.08676,1.08698,1.50,2.44
2018.02.05 12:00:23.020,1.08676,1.08698,1.00,3.56
2018.02.05 12:00:23.198,1.08676,1.08697,1.00,1.37
2018.02.05 12:00:24.046,1.08672,1.08694,2.25,1.00
2018.02.05 12:00:24.198,1.08671,1.08692,1.25,1.50
2018.02.05 12:00:24.401,1.08666,1.08689,1.00,2.06
2018.02.05 12:00:24.789,1.08666,1.08688,1.25,1.37
2018.02.05 12:00:25.314,1.08666,1.08689,1.00,1.69
2018.02.05 12:00:25.782,1.08666,1.08689,1.00,1.31
2018.02.05 12:00:25.833,1.08666,1.08688,1.25,1.44
2018.02.05 12:00:27.676,1.08667,1.08689,1.44,1.50
2018.02.05 12:00:27.728,1.08666,1.08689,1.69,1.00
2018.02.05 12:00:27.780,1.08664,1.08689,3.00,1.69
2018.02.05 12:00:28.040,1.08667,1.0869,2.25,1.00
2018.02.05 12:00:28.258,1.08669,1.0869,1.50,1.44
2018.02.05 12:00:28.827,1.08667,1.08692,1.87,1.62
2018.02.05 12:00:28.878,1.08669,1.08689,1.00,1.00
2018.02.05 12:00:29.032,1.08662,1.08685,1.25,1.00
2018.02.05 12:00:29.563,1.08662,1.08684,1.25,1.19
2018.02.05 12:00:29.614,1.08662,1.08685,1.00,1.12
2018.02.05 12:00:30.419,1.08662,1.08684,1.00,1.00
2018.02.05 12:00:30.577,1.08664,1.08684,1.00,1.00
2018.02.05 12:00:30.731,1.08667,1.0869,1.12,1.00
2018.02.05 12:00:30.936,1.08665,1.08688,1.69,1.00
2018.02.05 12:00:31.280,1.08662,1.08686,2.44,1.25
2018.02.05 12:00:31.589,1.08657,1.08678,1.87,1.69
2018.02.05 12:00:32.001,1.08657,1.08678,1.87,1.87
2018.02.05 12:00:32.053,1.08657,1.08678,1.50,1.25
2018.02.05 12:00:32.105,1.08654,1.08677,1.87,1.00
2018.02.05 12:00:32.465,1.08654,1.08675,1.87,1.00
2018.02.05 12:00:32.873,1.08654,1.08678,1.87,1.87
2018.02.05 12:00:33.965,1.08654,1.08678,1.87,1.87
2018.02.05 12:00:34.119,1.08654,1.08677,1.50,1.00
2018.02.05 12:00:34.170,1.08654,1.08677,2.25,1.87
2018.02.05 12:00:34.684,1.08655,1.08678,1.25,2.06
2018.02.05 12:00:35.393,1.08656,1.08676,1.87,1.00
2018.02.05 12:00:35.799,1.08655,1.08677,1.25,1.50
2018.02.05 12:00:36.346,1.08655,1.08679,1.87,2.06
2018.02.05 12:00:36.832,1.08656,1.08679,1.37,1.75
2018.02.05 12:00:37.201,1.08655,1.08679,1.69,1.50
2018.02.05 12:00:37.253,1.08655,1.08679,1.50,1.50
2018.02.05 12:00:37.594,1.08656,1.08679,1.44,1.75
2018.02.05 12:00:37.697,1.08655,1.08679,1.50,1.87
2018.02.05 12:00:37.852,1.08655,1.08678,2.44,1.00
2018.02.05 12:00:37.906,1.08656,1.0868,1.00,3.00
2018.02.05 12:00:38.422,1.08654,1.08677,1.37,1.12
2018.02.05 12:00:38.695,1.08654,1.08677,1.37,1.75
2018.02.05 12:00:40.684,1.08653,1.08676,1.31,1.87
2018.02.05 12:00:41.235,1.08654,1.08676,1.37,2.25
2018.02.05 12:00:42.244,1.08654,1.08675,1.37,1.00
2018.02.05 12:00:42.769,1.08653,1.08676,1.50,1.37
2018.02.05 12:00:42.878,1.08651,1.08674,1.87,1.12
2018.02.05 12:00:43.055,1.08651,1.08673,1.00,1.00
2018.02.05 12:00:43.327,1.08649,1.08673,2.06,1.87
2018.02.05 12:00:44.262,1.08649,1.08674,2.06,1.12
2018.02.05 12:00:44.975,1.08649,1.08674,2.06,1.00
2018.02.05 12:00:45.494,1.08653,1.08674,1.44,1.37
2018.02.05 12:00:45.703,1.08649,1.08674,2.25,1.25
2018.02.05 12:00:45.755,1.08649,1.08673,1.50,1.69
2018.02.05 12:00:46.517,1.08651,1.08674,1.44,1.50
2018.02.05 12:00:48.321,1.08648,1.0867,1.12,1.56
2018.02.05 12:00:48.493,1.08647,1.0867,1.37,1.25
2018.02.05 12:00:48.596,1.08646,1.0867,1.87,1.37
2018.02.05 12:00:49.365,1.08645,1.08671,2.81,2.06
2018.02.05 12:00:49.679,1.0865,1.08672,1.00,1.25
2018.02.05 12:00:49.730,1.08647,1.08671,1.50,1.25
2018.02.05 12:00:49.782,1.08645,1.08669,2.25,1.31
2018.02.05 12:00:50.114,1.08646,1.0867,1.50,2.62
2018.02.05 12:00:50.639,1.08647,1.0867,1.37,1.37
2018.02.05 12:00:51.509,1.08646,1.0867,1.81,1.62
2018.02.05 12:00:52.104,1.08645,1.08671,1.87,3.19
2018.02.05 12:00:52.699,1.08646,1.08669,1.37,1.69
2018.02.05 12:00:53.242,1.08643,1.08669,2.62,1.87
2018.02.05 12:00:53.885,1.08643,1.08668,2.62,1.12
2018.02.05 12:00:54.567,1.08644,1.08668,1.37,1.87
2018.02.05 12:00:55.223,1.08645,1.08668,1.12,1.87
2018.02.05 12:00:55.857,1.08645,1.08668,1.12,1.87
2018.02.05 12:00:56.631,1.08647,1.0867,1.00,2.06
2018.02.05 12:00:56.683,1.08647,1.08671,2.44,1.69
2018.02.05 12:00:56.990,1.08648,1.08672,1.69,3.00
2018.02.05 12:00:57.070,1.08648,1.08672,1.69,3.00
2018.02.05 12:00:57.394,1.08648,1.08671,1.25,1.37
2018.02.05 12:00:57.542,1.08648,1.08671,1.87,1.25
2018.02.05 12:00:57.645,1.08647,1.08671,1.00,1.12
2018.02.05 12:00:57.697,1.08648,1.08671,1.00,1.69
2018.02.05 12:00:58.261,1.08645,1.0867,1.87,1.37
2018.02.05 12:00:58.313,1.08644,1.08667,1.50,1.00
2018.02.05 12:00:58.643,1.08643,1.08667,1.75,1.87
2018.02.05 12:00:59.253,1.08642,1.08665,1.50,1.25
2018.02.05 12:01:00.109,1.08646,1.08666,1.12,1.00
2018.02.05 12:01:00.245,1.08645,1.08668,1.37,1.25
2018.02.05 12:01:00.296,1.08645,1.08668,1.44,1.37
2018.02.05 12:01:00.449,1.08641,1.08667,4.50,1.25
2018.02.05 12:01:00.502,1.08642,1.08666,1.87,1.37
2018.02.05 12:01:00.604,1.08642,1.08667,1.87,1.69
2018.02.05 12:01:00.930,1.08645,1.08667,1.44,1.37
2018.02.05 12:01:02.706,1.08644,1.08668,1.44,2.62
2018.02.05 12:01:02.860,1.08644,1.08668,1.50,1.25
2018.02.05 12:01:03.026,1.08645,1.08669,1.87,1.37
2018.02.05 12:01:03.077,1.08645,1.0867,1.25,2.62
2018.02.05 12:01:03.128,1.08645,1.08669,1.87,1.37
2018.02.05 12:01:03.664,1.08645,1.08668,1.37,1.25
2018.02.05 12:01:03.818,1.08645,1.08669,1.25,1.50
2018.02.05 12:01:03.869,1.08647,1.08668,1.25,1.00
2018.02.05 12:01:03.996,1.08647,1.08672,2.62,1.87
2018.02.05 12:01:04.540,1.08648,1.08672,2.25,2.44
2018.02.05 12:01:05.151,1.08649,1.08672,1.00,1.87
2018.02.05 12:01:05.462,1.08648,1.08669,2.25,1.00
2018.02.05 12:01:08.805,1.08646,1.0867,1.37,1.25
2018.02.05 12:01:09.288,1.08646,1.08669,1.62,1.87
2018.02.05 12:01:09.899,1.08646,1.08669,1.62,1.87
2018.02.05 12:01:10.578,1.08647,1.0867,1.37,1.44
2018.02.05 12:01:10.884,1.08648,1.08671,1.37,1.87
2018.02.05 12:01:11.397,1.08652,1.08671,1.00,1.69
2018.02.05 12:01:11.703,1.0866,1.08676,1.00,1.25
2018.02.05 12:01:12.205,1.08661,1.0868,1.00,3.37
2018.02.05 12:01:12.478,1.0866,1.0868,1.00,3.19
2018.02.05 12:01:12.852,1.08661,1.0868,1.00,3.37
2018.02.05 12:01:13.056,1.0866,1.08682,1.00,4.12
2018.02.05 12:01:13.702,1.08661,1.08681,1.00,2.06
2018.02.05 12:01:14.205,1.0866,1.0868,1.00,1.37
2018.02.05 12:01:15.299,1.08663,1.08681,1.00,1.25
2018.02.05 12:01:15.603,1.08665,1.08683,1.00,1.37
2018.02.05 12:01:16.187,1.08666,1.08683,1.00,1.37
2018.02.05 12:01:16.362,1.08665,1.08683,1.00,1.44
2018.02.05 12:01:16.975,1.08664,1.08684,1.00,3.56
2018.02.05 12:01:17.964,1.08663,1.08684,1.00,3.00
2018.02.05 12:01:18.089,1.08663,1.08684,1.00,2.25
2018.02.05 12:01:18.216,1.08664,1.08684,1.00,2.81
2018.02.05 12:01:18.803,1.08664,1.08684,1.00,2.81
2018.02.05 12:01:18.965,1.08657,1.08678,2.06,2.25
2018.02.05 12:01:19.016,1.08658,1.08679,1.12,2.81
2018.02.05 12:01:19.068,1.08659,1.08677,1.00,1.44
2018.02.05 12:01:19.119,1.0866,1.08677,1.00,2.06
2018.02.05 12:01:19.530,1.0866,1.08679,1.00,2.25
2018.02.05 12:01:19.755,1.08663,1.0868,1.00,1.37
2018.02.05 12:01:20.020,1.0866,1.0868,1.50,1.44
2018.02.05 12:01:20.122,1.08659,1.08681,1.00,3.00
2018.02.05 12:01:20.376,1.0866,1.0868,1.00,1.69
2018.02.05 12:01:20.577,1.0866,1.0868,1.00,1.69
2018.02.05 12:01:20.929,1.0866,1.0868,1.00,1.69
2018.02.05 12:01:21.153,1.0866,1.0868,1.00,1.69
2018.02.05 12:01:21.269,1.08659,1.0868,1.50,1.62
2018.02.05 12:01:21.441,1.08659,1.0868,1.50,1.56
2018.02.05 12:01:22.016,1.0866,1.08681,1.00,2.44
2018.02.05 12:01:22.430,1.08663,1.08681,1.00,2.44
2018.02.05 12:01:23.518,1.08662,1.08681,1.00,1.69
2018.02.05 12:01:24.175,1.08663,1.08682,1.00,3.94
2018.02.05 12:01:25.375,1.08662,1.08682,1.00,3.94
2018.02.05 12:01:25.925,1.08663,1.08682,1.00,3.94
2018.02.05 12:01:26.484,1.08662,1.08682,1.00,3.94
2018.02.05 12:01:26.974,1.08662,1.08683,1.50,2.44
2018.02.05 12:01:27.553,1.08663,1.08683,1.00,2.44
2018.02.05 12:01:27.983,1.08667,1.08682,1.00,1.31
2018.02.05 12:01:28.085,1.08666,1.08684,1.00,3.19
2018.02.05 12:01:28.237,1.08669,1.08685,1.00,1.50
2018.02.05 12:01:28.570,1.0868,1.08696,1.00,1.56
2018.02.05 12:01:28.874,1.08684,1.08699,1.00,1.12
2018.02.05 12:01:29.660,1.08684,1.087,1.00,1.87
2018.02.05 12:01:29.942,1.08683,1.08701,1.00,1.50
2018.02.05 12:01:29.994,1.08686,1.08703,1.00,2.44
2018.02.05 12:01:30.300,1.08691,1.08704,1.00,1.31
2018.02.05 12:01:30.631,1.08689,1.08704,1.00,1.62
2018.02.05 12:01:31.774,1.08689,1.08705,1.00,1.69
2018.02.05 12:01:32.435,1.08688,1.08705,1.00,1.62
2018.02.05 12:01:33.917,1.08685,1.08706,1.00,3.19
2018.02.05 12:01:35.156,1.08688,1.08706,1.00,2.44
2018.02.05 12:01:36.053,1.08689,1.08706,1.00,2.06
2018.02.05 12:01:36.699,1.08686,1.08705,1.00,1.81
2018.02.05 12:01:36.904,1.08685,1.08705,1.00,1.69
2018.02.05 12:01:37.124,1.08686,1.08704,1.00,1.37
2018.02.05 12:01:37.653,1.08685,1.08705,1.00,3.00
2018.02.05 12:01:38.864,1.08686,1.08705,1.00,2.81
2018.02.05 12:01:41.072,1.08686,1.08705,1.00,3.94
2018.02.05 12:01:41.210,1.08686,1.08705,1.00,3.94
2018.02.05 12:01:41.562,1.08685,1.08705,1.00,3.19
2018.02.05 12:01:41.613,1.08686,1.08705,1.00,3.94
2018.02.05 12:01:42.009,1.08686,1.08705,1.00,3.94
2018.02.05 12:01:42.111,1.08686,1.08705,1.00,3.94
2018.02.05 12:01:42.230,1.08686,1.08705,1.00,3.94
2018.02.05 12:01:42.435,1.08686,1.08705,1.00,3.94
2018.02.05 12:01:42.640,1.08686,1.08705,1.00,3.94
2018.02.05 12:01:43.680,1.08685,1.08705,1.00,2.81
2018.02.05 12:01:44.210,1.08686,1.08705,1.00,4.31
2018.02.05 12:01:44.614,1.08679,1.08704,2.44,2.44
2018.02.05 12:01:45.131,1.08679,1.08704,2.44,2.44
2018.02.05 12:01:45.730,1.08679,1.08703,1.69,1.37
2018.02.05 12:01:46.243,1.08681,1.08704,1.00,1.25
2018.02.05 12:01:46.345,1.08683,1.08707,1.00,3.37
2018.02.05 12:01:46.498,1.08684,1.08707,1.50,1.37
2018.02.05 12:01:46.561,1.08685,1.08707,1.00,1.25
2018.02.05 12:01:46.900,1.08688,1.08707,1.00,1.25
2018.02.05 12:01:47.564,1.08689,1.0871,1.00,1.87
2018.02.05 12:01:49.474,1.08688,1.0871,1.00,1.44
2018.02.05 12:01:50.081,1.08688,1.08711,1.00,1.50
2018.02.05 12:01:53.110,1.08689,1.0871,1.00,1.37
2018.02.05 12:01:53.414,1.08689,1.08712,1.00,1.37
2018.02.05 12:01:54.043,1.08689,1.08713,1.00,2.06
2018.02.05 12:01:54.561,1.08689,1.08712,1.00,1.37
2018.02.05 12:01:56.338,1.08688,1.08713,1.00,1.31
2018.02.05 12:01:56.470,1.08688,1.08713,1.00,1.31
2018.02.05 12:01:56.521,1.08689,1.08713,1.00,2.06
2018.02.05 12:01:57.239,1.08689,1.08713,1.00,1.87
2018.02.05 12:01:57.746,1.08689,1.08713,1.00,1.87
2018.02.05 12:01:58.329,1.08688,1.08712,1.00,1.44
2018.02.05 12:01:58.711,1.08689,1.08712,1.00,1.87
2018.02.05 12:01:59.906,1.08689,1.08712,1.00,3.00
2018.02.05 12:01:59.958,1.08684,1.08707,1.00,1.31
2018.02.05 12:02:00.010,1.08682,1.08706,1.50,1.56
2018.02.05 12:02:00.113,1.08681,1.08703,1.12,1.56
2018.02.05 12:02:00.216,1.08679,1.08703,1.00,1.56
2018.02.05 12:02:00.267,1.08679,1.08703,1.50,2.06
2018.02.05 12:02:00.587,1.08681,1.08704,1.00,4.12
2018.02.05 12:02:00.926,1.08686,1.08704,1.00,1.87
2018.02.05 12:02:03.404,1.08685,1.08704,1.00,1.25
2018.02.05 12:02:03.646,1.08683,1.08704,1.00,1.44
2018.02.05 12:02:03.698,1.0868,1.08705,3.75,1.62
2018.02.05 12:02:03.852,1.08683,1.08705,1.00,1.56
2018.02.05 12:02:04.563,1.08682,1.08705,1.00,1.19
2018.02.05 12:02:04.618,1.0868,1.08704,1.50,2.06
2018.02.05 12:02:04.834,1.0868,1.08704,1.00,2.81
2018.02.05 12:02:05.342,1.08679,1.08704,3.00,2.06
2018.02.05 12:02:05.646,1.08683,1.08704,1.00,2.62
2018.02.05 12:02:05.798,1.08683,1.08704,1.00,2.44
2018.02.05 12:02:06.190,1.08683,1.08704,1.00,2.44
2018.02.05 12:02:06.294,1.08682,1.08704,1.00,2.44
2018.02.05 12:02:06.620,1.08686,1.08704,2.06,1.37
2018.02.05 12:02:06.828,1.08686,1.08705,1.50,1.25
2018.02.05 12:02:07.531,1.08686,1.08705,1.50,1.44
2018.02.05 12:02:07.583,1.08686,1.08705,1.50,1.25
2018.02.05 12:02:08.106,1.08686,1.08705,1.00,1.44
2018.02.05 12:02:08.655,1.08686,1.08705,1.50,1.44
2018.02.05 12:02:08.776,1.08686,1.08705,1.50,1.25
2018.02.05 12:02:09.033,1.08686,1.08705,1.00,1.56
2018.02.05 12:02:09.644,1.08686,1.08705,1.00,1.56
2018.02.05 12:02:10.678,1.08686,1.08705,1.00,1.56
2018.02.05 12:02:12.598,1.08686,1.08705,1.00,1.25
2018.02.05 12:02:13.008,1.08686,1.08705,1.00,1.62
2018.02.05 12:02:13.591,1.08686,1.08705,1.00,1.62
2018.02.05 12:02:13.646,1.08683,1.08704,1.00,1.31
2018.02.05 12:02:13.719,1.08679,1.08702,1.50,2.06
2018.02.05 12:02:13.771,1.08681,1.08704,1.50,2.25
2018.02.05 12:02:13.823,1.08685,1.08705,1.00,1.12
2018.02.05 12:02:13.875,1.08682,1.08705,1.87,1.37
2018.02.05 12:02:14.664,1.08682,1.08706,1.00,1.87
2018.02.05 12:02:15.255,1.08682,1.08705,1.69,1.12
2018.02.05 12:02:16.448,1.08682,1.08706,1.00,1.87
2018.02.05 12:02:16.751,1.08682,1.08706,1.50,1.87
2018.02.05 12:02:17.318,1.08682,1.08706,1.50,1.87
2018.02.05 12:02:17.627,1.08684,1.08707,2.81,1.12
2018.02.05 12:02:17.873,1.08686,1.08709,1.00,1.50
2018.02.05 12:02:18.029,1.08693,1.08711,1.00,3.00
2018.02.05 12:02:18.080,1.0869,1.08711,1.87,2.62
2018.02.05 12:02:18.232,1.08691,1.08711,1.00,2.62
2018.02.05 12:02:18.770,1.08691,1.08711,1.00,3.37
2018.02.05 12:02:19.023,1.08688,1.08711,1.00,2.44
2018.02.05 12:02:19.630,1.08688,1.08711,1.69,2.81
2018.02.05 12:02:20.145,1.08688,1.08711,1.00,2.62
2018.02.05 12:02:20.247,1.08691,1.08711,1.00,2.25
2018.02.05 12:02:20.451,1.08689,1.08711,1.12,1.87
2018.02.05 12:02:20.654,1.08691,1.08711,1.00,1.75
2018.02.05 12:02:20.705,1.08688,1.08711,1.50,1.75
2018.02.05 12:02:21.275,1.08688,1.08711,1.00,1.50
2018.02.05 12:02:24.095,1.08688,1.08711,1.50,2.06
2018.02.05 12:02:24.444,1.08686,1.08707,1.00,1.50
2018.02.05 12:02:24.494,1.08686,1.08707,1.00,1.50
2018.02.05 12:02:24.850,1.08686,1.08709,1.00,5.62
2018.02.05 12:02:25.351,1.08686,1.08708,1.00,1.12
2018.02.05 12:02:25.546,1.08691,1.08709,1.00,1.50
2018.02.05 12:02:25.597,1.08694,1.08711,1.00,1.50
2018.02.05 12:02:25.699,1.08691,1.08711,1.12,1.50
2018.02.05 12:02:26.463,1.08688,1.08711,1.50,2.25
2018.02.05 12:02:26.713,1.08688,1.08711,1.00,2.06
2018.02.05 12:02:26.867,1.0869,1.0871,1.00,1.37
2018.02.05 12:02:27.020,1.08688,1.0871,1.50,1.37
2018.02.05 12:02:27.193,1.0869,1.0871,1.00,1.37
2018.02.05 12:02:27.319,1.08688,1.0871,1.50,1.44
2018.02.05 12:02:27.564,1.08688,1.0871,1.00,1.37
2018.02.05 12:02:27.667,1.08688,1.0871,1.00,1.44
2018.02.05 12:02:27.873,1.08688,1.08709,1.50,1.37
2018.02.05 12:02:28.136,1.08688,1.0871,1.00,1.25
2018.02.05 12:02:28.311,1.08688,1.08711,1.50,3.00
2018.02.05 12:02:29.009,1.08688,1.08711,1.50,3.19
2018.02.05 12:02:29.126,1.08688,1.0871,1.50,1.12
2018.02.05 12:02:29.358,1.08688,1.08711,1.50,2.81
2018.02.05 12:02:29.410,1.08688,1.08711,1.50,2.06
2018.02.05 12:02:29.462,1.08691,1.08711,1.00,1.00
2018.02.05 12:02:29.774,1.08695,1.08711,1.00,1.00
2018.02.05 12:02:30.444,1.08694,1.08711,1.00,1.00
2018.02.05 12:02:30.998,1.08692,1.08711,1.00,1.00
2018.02.05 12:02:32.272,1.08691,1.08711,1.00,1.00
2018.02.05 12:02:32.374,1.08697,1.08711,1.00,1.00
2018.02.05 12:02:32.426,1.08696,1.08716,1.00,2.44
2018.02.05 12:02:32.477,1.08696,1.08717,1.00,2.25
2018.02.05 12:02:32.672,1.08697,1.08716,1.00,1.37
2018.02.05 12:02:32.723,1.08694,1.08717,1.50,2.62
2018.02.05 12:02:32.876,1.08694,1.08717,1.50,3.56
2018.02.05 12:02:33.359,1.08694,1.08716,1.00,2.81
2018.02.05 12:02:33.464,1.08694,1.08714,1.00,2.06
2018.02.05 12:02:33.567,1.08691,1.08714,1.00,1.87
2018.02.05 12:02:33.679,1.08691,1.0871,1.00,1.00
2018.02.05 12:02:33.783,1.08687,1.08709,1.00,1.87
2018.02.05 12:02:33.888,1.08687,1.08709,1.00,2.06
2018.02.05 12:02:34.199,1.08687,1.08708,1.00,1.69
2018.02.05 12:02:34.468,1.08684,1.08706,1.00,1.44
2018.02.05 12:02:35.015,1.08684,1.08707,1.00,1.87
2018.02.05 12:02:35.573,1.08684,1.08708,1.00,2.81
2018.02.05 12:02:36.161,1.08684,1.08708,1.00,1.50
2018.02.05 12:02:36.562,1.08687,1.0871,1.12,2.62
2018.02.05 12:02:36.614,1.08689,1.0871,1.00,1.25
2018.02.05 12:02:37.159,1.08688,1.0871,1.00,1.19
2018.02.05 12:02:37.685,1.08687,1.0871,1.69,1.44
2018.02.05 12:02:38.213,1.08687,1.0871,1.50,1.25
2018.02.05 12:02:38.266,1.08687,1.08707,1.50,1.19
2018.02.05 12:02:38.596,1.08683,1.08702,1.00,1.38
2018.02.05 12:02:38.910,1.08679,1.08703,1.25,3.38
2018.02.05 12:02:39.116,1.0868,1.08704,1.88,1.88
2018.02.05 12:02:39.168,1.08679,1.08704,2.63,1.69
2018.02.05 12:02:39.627,1.0868,1.08702,1.44,2.06
2018.02.05 12:02:39.783,1.08679,1.08701,1.88,2.06
2018.02.05 12:02:39.835,1.0868,1.08701,1.44,1.94
2018.02.05 12:02:40.364,1.08679,1.08701,1.50,2.06
2018.02.05 12:02:40.727,1.0868,1.087,1.00,1.56
2018.02.05 12:02:41.341,1.0868,1.08701,1.00,1.31
2018.02.05 12:02:41.914,1.0868,1.087,1.00,1.56
2018.02.05 12:02:42.436,1.08683,1.08703,1.00,1.63
2018.02.05 12:02:42.487,1.08682,1.08704,1.50,1.94
2018.02.05 12:02:43.998,1.08679,1.08703,3.75,1.50
2018.02.05 12:02:44.790,1.0868,1.08702,1.75,2.06
2018.02.05 12:02:44.843,1.08679,1.08702,1.00,2.81
2018.02.05 12:02:44.947,1.08678,1.087,1.88,1.38
2018.02.05 12:02:45.318,1.0868,1.087,1.38,1.38
2018.02.05 12:02:45.830,1.08679,1.087,1.88,1.44
2018.02.05 12:02:46.430,1.0868,1.087,1.00,1.19
2018.02.05 12:02:46.532,1.08677,1.087,3.19,1.00
2018.02.05 12:02:46.993,1.08679,1.087,1.38,1.44
2018.02.05 12:02:47.340,1.08679,1.087,1.38,1.56
2018.02.05 12:02:47.551,1.08677,1.087,2.25,1.69
2018.02.05 12:02:48.086,1.08677,1.08698,1.38,1.31
2018.02.05 12:02:48.672,1.08677,1.087,1.44,4.13
2018.02.05 12:02:49.304,1.08677,1.08696,1.44,1.00
2018.02.05 12:02:49.855,1.08677,1.087,1.38,3.75
2018.02.05 12:02:50.412,1.08677,1.087,1.00,3.56
2018.02.05 12:02:50.983,1.08677,1.08699,1.38,1.56
2018.02.05 12:02:51.187,1.08677,1.08699,1.00,1.50
2018.02.05 12:02:51.843,1.08677,1.08697,1.00,1.37
2018.02.05 12:02:52.395,1.08677,1.08697,1.44,1.87
2018.02.05 12:02:52.962,1.08677,1.08697,1.00,1.81
2018.02.05 12:02:53.492,1.08677,1.08697,1.25,2.25
2018.02.05 12:02:54.996,1.08677,1.08697,1.25,2.44
2018.02.05 12:02:56.263,1.08677,1.08697,1.00,1.38
2018.02.05 12:02:58.176,1.08677,1.08697,1.13,2.44
2018.02.05 12:02:58.478,1.08677,1.08699,1.00,1.75
2018.02.05 12:02:58.687,1.08677,1.087,1.12,3.00
2018.02.05 12:02:58.950,1.08677,1.087,1.44,3.94
2018.02.05 12:02:59.001,1.08677,1.087,1.25,3.94
2018.02.05 12:02:59.506,1.08675,1.08695,2.06,1.00
2018.02.05 12:02:59.926,1.08675,1.08696,1.37,1.00
2018.02.05 12:03:00.441,1.08675,1.08696,2.06,1.00
2018.02.05 12:03:00.492,1.08675,1.08695,2.06,1.00
2018.02.05 12:03:00.746,1.08675,1.08695,1.87,1.00
2018.02.05 12:03:01.150,1.08675,1.08698,1.87,2.62
2018.02.05 12:03:01.254,1.08675,1.08697,2.06,1.31
2018.02.05 12:03:01.784,1.08675,1.08697,1.56,1.31
2018.02.05 12:03:02.663,1.08675,1.08697,1.56,1.63
2018.02.05 12:03:03.181,1.08675,1.08695,1.56,1.13
2018.02.05 12:03:03.742,1.08675,1.08696,1.31,1.50
2018.02.05 12:03:04.172,1.08675,1.08695,1.38,1.44
2018.02.05 12:03:04.433,1.08675,1.08697,2.06,1.50
2018.02.05 12:03:04.486,1.08686,1.08699,1.00,1.00
2018.02.05 12:03:04.538,1.08683,1.08706,2.06,2.25
2018.02.05 12:03:04.590,1.08688,1.08708,1.00,1.56
2018.02.05 12:03:04.745,1.0869,1.08709,1.00,1.69
2018.02.05 12:03:04.962,1.08691,1.08709,1.00,1.50
2018.02.05 12:03:05.014,1.08691,1.08709,1.00,1.50
2018.02.05 12:03:05.066,1.08693,1.08713,1.00,1.31
2018.02.05 12:03:05.117,1.0869,1.08715,2.06,3.75
2018.02.05 12:03:05.169,1.08696,1.08715,1.00,3.00
2018.02.05 12:03:05.220,1.08692,1.08715,1.88,2.25
2018.02.05 12:03:05.375,1.08692,1.08715,1.69,2.44
2018.02.05 12:03:05.632,1.08693,1.08716,1.00,2.81
2018.02.05 12:03:05.684,1.08694,1.08715,1.00,1.38
2018.02.05 12:03:05.735,1.08694,1.08716,1.00,2.19
2018.02.05 12:03:06.054,1.08694,1.08717,1.31,3.56
2018.02.05 12:03:06.105,1.08696,1.08717,1.44,1.19
2018.02.05 12:03:06.157,1.08703,1.08721,1.00,1.00
2018.02.05 12:03:06.259,1.08697,1.08723,4.31,3.30
2018.02.05 12:03:06.310,1.08697,1.08722,2.63,2.06
2018.02.05 12:03:06.361,1.08698,1.08721,1.50,1.31
2018.02.05 12:03:06.666,1.08701,1.08724,1.00,1.12
2018.02.05 12:03:06.901,1.08703,1.08725,1.75,1.00
2018.02.05 12:03:07.004,1.08718,1.08739,1.00,1.69
2018.02.05 12:03:07.107,1.08719,1.08739,1.00,1.87
2018.02.05 12:03:07.262,1.08719,1.08739,1.00,1.25
2018.02.05 12:03:07.775,1.08719,1.0874,1.50,1.25
2018.02.05 12:03:07.894,1.08718,1.08741,1.50,1.50
2018.02.05 12:03:08.048,1.08721,1.08744,2.06,2.36
2018.02.05 12:03:08.359,1.0873,1.08751,2.06,1.00
2018.02.05 12:03:08.414,1.08728,1.0875,1.50,1.00
2018.02.05 12:03:08.465,1.08728,1.08748,1.24,1.00
2018.02.05 12:03:08.517,1.08726,1.08751,1.69,3.37
2018.02.05 12:03:08.765,1.08727,1.08748,1.00,1.44
2018.02.05 12:03:09.070,1.08727,1.08748,1.00,1.87
2018.02.05 12:03:09.408,1.08727,1.08749,1.00,1.25
2018.02.05 12:03:09.460,1.08727,1.08747,1.00,1.00
2018.02.05 12:03:09.614,1.08731,1.08753,1.00,1.62
2018.02.05 12:03:10.103,1.08737,1.08755,1.00,1.69
2018.02.05 12:03:10.161,1.08737,1.0876,1.50,2.44
2018.02.05 12:03:10.315,1.08737,1.08758,1.00,1.37
2018.02.05 12:03:10.366,1.08737,1.08758,1.00,1.69
2018.02.05 12:03:10.520,1.08735,1.08758,1.12,1.00
2018.02.05 12:03:10.572,1.08735,1.08758,1.87,1.87
2018.02.05 12:03:10.771,1.08735,1.08758,1.68,1.69
2018.02.05 12:03:11.189,1.08735,1.08758,1.68,2.06
2018.02.05 12:03:11.697,1.08734,1.08754,1.50,1.00
2018.02.05 12:03:11.850,1.08735,1.08756,1.87,1.00
2018.02.05 12:03:12.201,1.08736,1.08757,1.50,1.87
2018.02.05 12:03:12.404,1.08737,1.08758,1.00,1.25
2018.02.05 12:03:13.045,1.08737,1.08757,1.25,1.88
2018.02.05 12:03:13.221,1.08728,1.08748,1.25,1.25
2018.02.05 12:03:13.273,1.08724,1.08747,1.50,1.25
2018.02.05 12:03:13.375,1.08724,1.08747,1.25,1.12
2018.02.05 12:03:13.581,1.08723,1.08748,1.63,2.06
2018.02.05 12:03:13.886,1.08729,1.08749,1.00,2.62
2018.02.05 12:03:14.143,1.08729,1.08749,1.00,1.44
2018.02.05 12:03:14.706,1.08728,1.0875,1.00,1.62
2018.02.05 12:03:15.040,1.08728,1.08751,1.00,3.00
2018.02.05 12:03:15.091,1.08729,1.08751,1.00,3.00
2018.02.05 12:03:15.398,1.08729,1.08751,1.00,3.00
2018.02.05 12:03:15.551,1.08728,1.08751,1.00,3.00
2018.02.05 12:03:15.603,1.08729,1.08751,1.00,3.00
2018.02.05 12:03:16.151,1.08728,1.08751,1.00,3.00
2018.02.05 12:03:16.202,1.08729,1.08751,1.00,2.81
2018.02.05 12:03:16.486,1.08729,1.08751,1.00,2.81
2018.02.05 12:03:17.148,1.08728,1.0875,1.00,1.37
2018.02.05 12:03:17.813,1.08729,1.0875,1.00,1.63
2018.02.05 12:03:18.428,1.08728,1.08749,1.00,1.44
2018.02.05 12:03:18.958,1.08729,1.08749,1.00,1.44
2018.02.05 12:03:19.060,1.08729,1.0875,1.00,1.56
2018.02.05 12:03:19.214,1.08729,1.0875,1.00,1.63
2018.02.05 12:03:19.792,1.08728,1.08749,1.00,1.37
2018.02.05 12:03:20.344,1.08728,1.08748,1.00,1.25
2018.02.05 12:03:20.648,1.08732,1.08753,2.25,1.00
2018.02.05 12:03:20.751,1.08733,1.08753,2.81,1.00
2018.02.05 12:03:20.803,1.08733,1.08755,1.31,1.87
2018.02.05 12:03:20.905,1.08733,1.08755,2.81,1.87
2018.02.05 12:03:21.440,1.08734,1.08755,1.12,1.87
2018.02.05 12:03:22.010,1.08734,1.08756,1.50,1.56
2018.02.05 12:03:22.517,1.08734,1.08756,1.00,1.63
2018.02.05 12:03:23.220,1.08734,1.08756,1.13,2.06
2018.02.05 12:03:23.765,1.08734,1.08756,1.50,2.06
2018.02.05 12:03:24.352,1.08734,1.08756,1.69,2.06
2018.02.05 12:03:24.880,1.08734,1.08756,1.68,2.06
2018.02.05 12:03:25.406,1.08734,1.08755,1.25,1.31
2018.02.05 12:03:25.745,1.08734,1.08756,1.69,2.06
2018.02.05 12:03:25.796,1.08734,1.08756,1.25,2.06
2018.02.05 12:03:26.089,1.08734,1.08756,1.69,2.06
2018.02.05 12:03:26.141,1.08734,1.08756,1.25,2.06
2018.02.05 12:03:26.383,1.08734,1.08755,1.44,1.38
2018.02.05 12:03:26.889,1.08734,1.08755,1.00,1.38
2018.02.05 12:03:27.452,1.08733,1.08755,1.38,1.63
2018.02.05 12:03:27.606,1.08732,1.08755,3.19,1.44
2018.02.05 12:03:28.105,1.08733,1.08755,1.69,1.56
2018.02.05 12:03:28.397,1.08729,1.0875,1.00,1.63
2018.02.05 12:03:28.449,1.08726,1.0875,1.44,1.88
2018.02.05 12:03:28.654,1.08725,1.08748,1.00,1.44
2018.02.05 12:03:28.955,1.08726,1.08748,1.00,1.37
2018.02.05 12:03:29.732,1.08725,1.08748,1.44,2.06
2018.02.05 12:03:29.835,1.08728,1.08749,1.00,1.12
2018.02.05 12:03:29.888,1.08729,1.08749,1.50,1.38
2018.02.05 12:03:29.992,1.08724,1.08747,1.63,1.38
2018.02.05 12:03:30.250,1.08724,1.08747,1.25,1.81
2018.02.05 12:03:30.302,1.08724,1.08747,1.31,2.25
2018.02.05 12:03:30.845,1.08724,1.08747,1.38,2.06
2018.02.05 12:03:31.357,1.08724,1.08747,1.44,1.56
2018.02.05 12:03:32.099,1.08724,1.08748,1.25,3.00
2018.02.05 12:03:32.676,1.08725,1.08746,1.13,1.56
2018.02.05 12:03:33.181,1.08725,1.08746,1.25,1.56
2018.02.05 12:03:34.764,1.08724,1.08748,1.31,1.75
2018.02.05 12:03:35.077,1.08718,1.0874,1.25,1.56
2018.02.05 12:03:35.283,1.08714,1.0874,1.88,4.50
2018.02.05 12:03:35.442,1.08714,1.0874,2.63,4.50
2018.02.05 12:03:36.003,1.08715,1.08739,1.25,1.75
2018.02.05 12:03:36.523,1.08714,1.0874,3.56,3.75
2018.02.05 12:03:37.500,1.08713,1.08732,1.50,1.25
2018.02.05 12:03:37.654,1.08712,1.08732,1.25,1.38
2018.02.05 12:03:38.048,1.08712,1.08732,1.88,1.38
2018.02.05 12:03:39.931,1.08713,1.08732,1.38,1.38
2018.02.05 12:03:40.086,1.08712,1.08732,1.00,1.38
2018.02.05 12:03:40.996,1.08709,1.08732,1.38,1.56
2018.02.05 12:03:41.256,1.08708,1.08733,4.13,2.25
2018.02.05 12:03:41.940,1.08708,1.08733,4.13,2.25
2018.02.05 12:03:42.465,1.08708,1.08732,1.88,2.25
2018.02.05 12:03:42.861,1.08708,1.08732,1.88,2.25
2018.02.05 12:03:43.758,1.08708,1.08733,1.69,2.19
2018.02.05 12:03:44.364,1.08708,1.08732,3.00,1.88
2018.02.05 12:03:44.998,1.0871,1.08733,1.44,1.69
2018.02.05 12:03:45.156,1.0871,1.08733,1.25,1.88
2018.02.05 12:03:45.728,1.0871,1.08733,1.38,1.69
2018.02.05 12:03:45.779,1.08709,1.08733,1.88,1.69
2018.02.05 12:03:45.881,1.0871,1.08733,1.38,1.69
2018.02.05 12:03:46.194,1.0871,1.08733,1.38,1.69
2018.02.05 12:03:46.245,1.08712,1.08733,1.31,1.00
2018.02.05 12:03:46.297,1.08716,1.08734,1.00,1.38
2018.02.05 12:03:46.843,1.08715,1.08736,1.00,1.38
2018.02.05 12:03:47.710,1.08716,1.08736,1.00,1.88
2018.02.05 12:03:48.644,1.08714,1.08735,1.44,1.63
2018.02.05 12:03:49.258,1.08712,1.08735,1.44,1.56
2018.02.05 12:03:49.772,1.08712,1.08734,1.00,2.06
2018.02.05 12:03:49.924,1.08711,1.08734,1.88,2.81
2018.02.05 12:03:50.463,1.08711,1.08734,1.88,2.81
2018.02.05 12:03:53.675,1.08711,1.08734,1.13,2.06
2018.02.05 12:03:54.382,1.08711,1.08734,1.88,2.25
2018.02.05 12:03:54.743,1.08714,1.08733,1.25,1.63
2018.02.05 12:03:55.094,1.08712,1.08733,1.25,1.38
2018.02.05 12:03:55.277,1.08712,1.08733,1.88,1.63
2018.02.05 12:03:55.806,1.08712,1.08734,1.88,2.06
2018.02.05 12:03:56.361,1.08712,1.08734,1.50,3.00
2018.02.05 12:03:57.586,1.08711,1.08734,2.25,3.00
2018.02.05 12:03:57.941,1.08711,1.08734,1.88,3.75
2018.02.05 12:03:57.991,1.08711,1.08734,1.50,3.75
2018.02.05 12:03:58.754,1.08711,1.08734,1.88,4.13
2018.02.05 12:03:58.909,1.08711,1.08731,1.00,1.56
2018.02.05 12:03:59.012,1.08708,1.08731,1.88,1.56
2018.02.05 12:03:59.320,1.0871,1.08731,1.00,1.50
2018.02.05 12:03:59.619,1.08712,1.08731,1.00,1.69
2018.02.05 12:04:00.080,1.08709,1.08731,2.63,2.06
2018.02.05 12:04:00.486,1.08709,1.08731,1.50,1.50
2018.02.05 12:04:00.996,1.08708,1.08731,3.19,1.69
2018.02.05 12:04:01.330,1.08709,1.08731,1.88,1.56
2018.02.05 12:04:01.489,1.08708,1.08731,1.00,1.56
2018.02.05 12:04:02.027,1.08707,1.08726,1.25,1.00
2018.02.05 12:04:02.551,1.08707,1.08727,1.13,1.00
2018.02.05 12:04:03.146,1.08708,1.08728,1.25,1.31
2018.02.05 12:04:03.769,1.08707,1.08728,1.25,1.44
2018.02.05 12:04:04.360,1.08707,1.08728,1.88,1.76
2018.02.05 12:04:04.689,1.08705,1.08728,1.88,1.26
2018.02.05 12:04:05.426,1.08706,1.08728,1.44,1.33
2018.02.05 12:04:06.084,1.08707,1.08728,1.44,1.45
2018.02.05 12:04:06.685,1.08705,1.08728,1.69,1.32
2018.02.05 12:04:07.044,1.08705,1.08726,1.38,1.33
2018.02.05 12:04:07.407,1.08705,1.08727,1.38,1.20
2018.02.05 12:04:07.585,1.08705,1.08726,1.38,1.26
2018.02.05 12:04:08.030,1.08705,1.08727,1.50,1.20
2018.02.05 12:04:08.082,1.087,1.08721,2.63,1.38
2018.02.05 12:04:08.133,1.087,1.08721,1.44,1.63
2018.02.05 12:04:08.364,1.08697,1.08723,2.63,3.00
2018.02.05 12:04:08.469,1.08698,1.08723,1.38,2.25
2018.02.05 12:04:09.046,1.08697,1.08721,2.63,1.63
2018.02.05 12:04:09.148,1.08698,1.0872,1.13,1.31
2018.02.05 12:04:09.480,1.08697,1.0872,2.25,1.38
2018.02.05 12:04:10.034,1.08696,1.08721,3.38,1.38
2018.02.05 12:04:10.893,1.08697,1.0872,1.38,1.38
2018.02.05 12:04:10.945,1.08697,1.08721,1.44,1.50
2018.02.05 12:04:11.111,1.08697,1.0872,1.38,1.44
2018.02.05 12:04:11.683,1.08697,1.08719,1.38,1.38
2018.02.05 12:04:14.095,1.08697,1.08718,1.81,1.00
2018.02.05 12:04:14.703,1.08697,1.08717,1.75,1.00
2018.02.05 12:04:15.187,1.08697,1.0872,1.37,1.00
2018.02.05 12:04:15.697,1.08697,1.0872,1.12,1.00
2018.02.05 12:04:15.914,1.08697,1.08719,1.50,1.44
2018.02.05 12:04:16.327,1.08697,1.0872,1.12,1.00
2018.02.05 12:04:17.003,1.08698,1.08722,1.00,2.44
2018.02.05 12:04:17.350,1.08698,1.08722,1.88,2.25
2018.02.05 12:04:17.401,1.08698,1.08722,1.25,1.50
2018.02.05 12:04:17.565,1.08698,1.08722,1.88,2.25
2018.02.05 12:04:18.676,1.08696,1.0872,1.50,1.25
2018.02.05 12:04:18.851,1.08696,1.08717,1.50,1.00
2018.02.05 12:04:19.678,1.08696,1.08719,1.50,1.13
2018.02.05 12:04:20.710,1.08698,1.0872,1.38,1.00
2018.02.05 12:04:21.091,1.08698,1.0872,1.38,1.88
2018.02.05 12:04:22.070,1.08698,1.0872,1.50,1.88
2018.02.05 12:04:22.781,1.08698,1.0872,1.50,1.88
2018.02.05 12:04:23.340,1.08698,1.08717,1.50,1.00
2018.02.05 12:04:24.181,1.08698,1.08718,1.25,1.00
2018.02.05 12:04:25.179,1.08698,1.08721,1.25,1.88
2018.02.05 12:04:25.944,1.08699,1.0872,1.00,1.38
2018.02.05 12:04:28.134,1.08699,1.08721,1.00,1.88
2018.02.05 12:04:28.762,1.08699,1.08721,1.25,1.50
2018.02.05 12:04:28.971,1.08701,1.08722,1.50,1.88
2018.02.05 12:04:29.276,1.08704,1.08726,1.69,1.63
2018.02.05 12:04:29.783,1.08704,1.08726,1.00,1.38
2018.02.05 12:04:31.041,1.08704,1.08726,1.50,1.56
2018.02.05 12:04:32.106,1.08703,1.08726,3.00,1.63
2018.02.05 12:04:32.636,1.08704,1.08726,1.50,2.06
2018.02.05 12:04:33.209,1.08703,1.08726,2.63,1.63
2018.02.05 12:04:33.737,1.08703,1.08726,1.88,1.56
2018.02.05 12:04:33.789,1.08704,1.08726,1.25,1.88
2018.02.05 12:04:33.841,1.08706,1.08726,1.25,1.00
2018.02.05 12:04:34.192,1.08706,1.0873,1.50,1.50
2018.02.05 12:04:34.897,1.08707,1.0873,1.38,1.56
2018.02.05 12:04:35.406,1.08706,1.0873,3.00,1.63
2018.02.05 12:04:35.612,1.08706,1.0873,1.50,1.56
2018.02.05 12:04:37.259,1.08707,1.08731,1.69,2.06
2018.02.05 12:04:37.311,1.08707,1.08731,1.69,2.06
2018.02.05 12:04:37.411,1.08707,1.08731,1.69,2.06
2018.02.05 12:04:37.516,1.0871,1.08731,1.00,1.50
2018.02.05 12:04:37.931,1.08708,1.08731,1.38,1.56
2018.02.05 12:04:38.437,1.08707,1.08731,1.88,1.56
2018.02.05 12:04:38.783,1.08708,1.08731,1.38,1.56
2018.02.05 12:04:40.711,1.08709,1.08731,1.25,1.69
2018.02.05 12:04:41.501,1.0871,1.08732,1.25,2.44
2018.02.05 12:04:42.472,1.08709,1.08731,1.00,2.63
2018.02.05 12:04:42.778,1.08707,1.0873,1.13,1.69
2018.02.05 12:04:44.818,1.08708,1.0873,1.00,1.81
2018.02.05 12:04:45.478,1.08709,1.0873,1.00,1.56
2018.02.05 12:04:46.103,1.08708,1.08731,1.00,1.88
2018.02.05 12:04:48.922,1.0871,1.08731,1.00,2.00
2018.02.05 12:04:50.003,1.08707,1.08731,2.63,2.00
2018.02.05 12:04:50.571,1.08708,1.08731,1.38,1.56
2018.02.05 12:04:51.641,1.08707,1.08732,3.00,5.06
2018.02.05 12:04:54.021,1.08708,1.0873,1.38,1.56
2018.02.05 12:04:54.926,1.08711,1.08731,1.25,1.75
2018.02.05 12:04:55.506,1.0871,1.08732,1.13,1.56
2018.02.05 12:04:56.204,1.08707,1.0873,2.25,1.50
2018.02.05 12:04:56.808,1.08708,1.0873,1.50,2.00
2018.02.05 12:04:56.860,1.08707,1.0873,1.88,1.88
2018.02.05 12:04:57.087,1.08709,1.08731,1.00,1.31
2018.02.05 12:04:57.640,1.08709,1.08731,1.44,1.13
2018.02.05 12:04:57.691,1.08709,1.0873,1.25,1.31
2018.02.05 12:04:58.219,1.08708,1.08731,1.38,2.44
2018.02.05 12:04:59.406,1.08707,1.0873,1.44,1.13
2018.02.05 12:04:59.920,1.08707,1.0873,1.38,1.88
2018.02.05 12:05:00.375,1.08708,1.08729,1.44,1.13
2018.02.05 12:05:00.940,1.08709,1.0873,1.00,1.13
2018.02.05 12:05:01.478,1.08709,1.08729,1.69,1.13
2018.02.05 12:05:01.955,1.08709,1.08731,1.13,2.44
2018.02.05 12:05:02.057,1.08711,1.08731,1.25,1.69
2018.02.05 12:05:02.568,1.08711,1.08732,1.25,2.06
2018.02.05 12:05:03.136,1.08717,1.08735,1.00,1.38
2018.02.05 12:05:03.187,1.08716,1.08735,1.25,1.44
2018.02.05 12:05:03.811,1.08716,1.08739,1.19,1.75
2018.02.05 12:05:05.676,1.08717,1.0874,1.12,2.25
2018.02.05 12:05:06.184,1.08715,1.08739,1.88,2.81
2018.02.05 12:05:06.288,1.08714,1.08736,1.44,1.56
2018.02.05 12:05:06.340,1.08712,1.08735,1.50,1.63
2018.02.05 12:05:06.393,1.08711,1.08735,1.50,1.69
2018.02.05 12:05:06.445,1.0871,1.08733,1.50,1.56
2018.02.05 12:05:06.498,1.08707,1.0873,3.38,1.38
2018.02.05 12:05:07.153,1.08708,1.0873,1.38,1.56
2018.02.05 12:05:08.046,1.08708,1.0873,1.50,1.56
2018.02.05 12:05:08.904,1.08708,1.08729,1.38,1.63
2018.02.05 12:05:10.338,1.08708,1.08729,1.38,1.63
2018.02.05 12:05:10.463,1.08707,1.08729,1.63,1.13
2018.02.05 12:05:10.752,1.08707,1.08729,2.06,1.38
2018.02.05 12:05:11.135,1.0871,1.08729,1.38,1.38
2018.02.05 12:05:12.656,1.0871,1.08729,1.38,1.44
2018.02.05 12:05:13.007,1.08698,1.08721,1.69,1.38
2018.02.05 12:05:13.515,1.08698,1.08721,3.38,1.25
2018.02.05 12:05:13.721,1.08702,1.08721,1.38,1.44
2018.02.05 12:05:14.648,1.08702,1.08721,1.38,1.38
2018.02.05 12:05:14.700,1.08702,1.08721,1.38,1.44
2018.02.05 12:05:14.996,1.08701,1.08721,1.00,1.25
2018.02.05 12:05:15.400,1.08701,1.08721,1.38,1.25
2018.02.05 12:05:17.696,1.08702,1.08721,1.38,1.44
2018.02.05 12:05:17.960,1.08701,1.0872,1.44,1.00
2018.02.05 12:05:18.386,1.08701,1.08721,1.38,1.00
2018.02.05 12:05:19.066,1.08699,1.08721,1.38,1.44
2018.02.05 12:05:19.273,1.08698,1.0872,1.88,1.38
2018.02.05 12:05:19.376,1.08698,1.0872,1.69,1.25
2018.02.05 12:05:19.479,1.08697,1.08715,1.12,1.25
2018.02.05 12:05:19.787,1.08688,1.08711,1.69,1.69
2018.02.05 12:05:20.387,1.08687,1.0871,2.44,1.37
2018.02.05 12:05:20.897,1.08686,1.0871,2.06,1.56
2018.02.05 12:05:21.732,1.08689,1.08712,1.81,1.56
2018.02.05 12:05:22.266,1.08688,1.08712,3.00,1.31
2018.02.05 12:05:23.509,1.08688,1.08711,1.63,1.56
2018.02.05 12:05:23.664,1.08686,1.08709,2.63,1.25
2018.02.05 12:05:24.222,1.08687,1.0871,1.69,1.56
2018.02.05 12:05:24.750,1.08688,1.0871,1.19,1.63
2018.02.05 12:05:25.832,1.0869,1.0871,1.38,1.38
2018.02.05 12:05:26.164,1.08686,1.0871,1.63,2.63
2018.02.05 12:05:26.671,1.08685,1.08709,2.44,1.38
2018.02.05 12:05:27.214,1.08686,1.0871,1.69,2.06
2018.02.05 12:05:31.264,1.08687,1.08709,1.38,1.88
2018.02.05 12:05:32.246,1.08687,1.08708,1.25,1.13
2018.02.05 12:05:32.298,1.08685,1.08707,1.69,1.56
2018.02.05 12:05:32.826,1.08684,1.08707,1.44,2.06
2018.02.05 12:05:34.197,1.08683,1.08707,1.75,2.81
2018.02.05 12:05:34.300,1.08682,1.08707,1.38,2.63
2018.02.05 12:05:34.842,1.08683,1.08705,1.38,1.31
2018.02.05 12:05:36.178,1.0868,1.08704,1.94,1.56
2018.02.05 12:05:36.927,1.08679,1.08704,2.81,1.56
2018.02.05 12:05:37.349,1.0868,1.08704,1.38,1.56
2018.02.05 12:05:37.657,1.0868,1.08704,2.44,1.63
2018.02.05 12:05:38.160,1.0868,1.08705,2.25,1.69
2018.02.05 12:05:39.935,1.08679,1.08703,1.69,1.56
2018.02.05 12:05:40.520,1.0868,1.08703,1.50,1.63
2018.02.05 12:05:41.161,1.08679,1.08703,2.44,1.56
2018.02.05 12:05:41.474,1.0868,1.08704,3.56,1.25
2018.02.05 12:05:41.645,1.08685,1.08706,1.00,1.25
2018.02.05 12:05:41.697,1.08687,1.0871,1.13,1.56
2018.02.05 12:05:42.018,1.08688,1.0871,1.31,1.69
2018.02.05 12:05:43.098,1.08691,1.08711,1.00,1.69
2018.02.05 12:05:43.202,1.08691,1.08711,1.00,1.44
2018.02.05 12:05:43.705,1.08692,1.0871,1.00,1.25
2018.02.05 12:05:43.807,1.08691,1.0871,1.00,1.38
2018.02.05 12:05:44.136,1.08693,1.08713,1.00,2.06
2018.02.05 12:05:44.545,1.08693,1.08713,1.00,1.38
2018.02.05 12:05:45.096,1.08693,1.08713,1.12,1.56
2018.02.05 12:05:45.199,1.08695,1.08714,1.00,2.06
2018.02.05 12:05:45.251,1.08696,1.08714,1.00,1.19
2018.02.05 12:05:45.302,1.08696,1.08714,1.00,1.38
2018.02.05 12:05:45.405,1.08694,1.08714,1.50,1.38
2018.02.05 12:05:45.522,1.08696,1.08716,1.00,1.88
2018.02.05 12:05:45.676,1.08695,1.08716,1.00,2.44
2018.02.05 12:05:45.728,1.08696,1.08716,1.00,2.81
2018.02.05 12:05:46.242,1.08693,1.08716,3.00,1.69
2018.02.05 12:05:46.773,1.08694,1.08716,1.25,2.44
2018.02.05 12:05:47.429,1.08693,1.08716,2.25,2.44
2018.02.05 12:05:47.481,1.08694,1.08716,1.00,2.44
2018.02.05 12:05:48.017,1.08693,1.08716,2.06,1.69
2018.02.05 12:05:48.463,1.08695,1.08716,1.00,1.69
2018.02.05 12:05:48.877,1.08693,1.08714,1.12,1.63
2018.02.05 12:05:49.389,1.08693,1.08714,1.50,1.88
2018.02.05 12:05:49.920,1.08693,1.08714,1.13,1.88
2018.02.05 12:05:50.429,1.08692,1.08714,1.00,2.06
2018.02.05 12:05:51.085,1.08696,1.08714,1.00,1.25
2018.02.05 12:05:51.499,1.08697,1.08718,2.63,1.56
2018.02.05 12:05:51.804,1.087,1.08721,1.25,1.63
2018.02.05 12:05:52.453,1.08697,1.08719,1.69,1.13
2018.02.05 12:05:52.504,1.08699,1.0872,1.88,1.38
2018.02.05 12:05:53.011,1.08701,1.08722,1.00,1.81
2018.02.05 12:05:53.601,1.087,1.08722,1.00,1.63
2018.02.05 12:05:54.114,1.087,1.08722,1.13,1.56
2018.02.05 12:05:54.509,1.087,1.08722,1.00,1.44
2018.02.05 12:05:54.763,1.08696,1.08718,1.69,1.69
2018.02.05 12:05:54.916,1.08697,1.0872,1.50,1.37
2018.02.05 12:05:55.023,1.087,1.0872,1.00,1.37
2018.02.05 12:05:55.565,1.08699,1.08723,1.88,2.81
2018.02.05 12:05:55.772,1.08693,1.08715,2.63,1.25
2018.02.05 12:05:55.875,1.08693,1.08714,1.00,1.00
2018.02.05 12:05:56.220,1.08691,1.08713,1.81,1.37
2018.02.05 12:05:56.474,1.08691,1.08714,2.81,1.25
2018.02.05 12:05:56.764,1.08691,1.08714,1.88,1.63
2018.02.05 12:05:57.070,1.08691,1.08714,2.63,1.56
2018.02.05 12:05:57.644,1.08691,1.08713,1.25,1.38
2018.02.05 12:05:57.898,1.08693,1.08714,1.13,2.81
2018.02.05 12:05:58.441,1.08696,1.08717,1.12,2.06
2018.02.05 12:05:58.595,1.08694,1.08715,1.00,1.38
2018.02.05 12:05:58.646,1.08694,1.08715,1.00,1.56
2018.02.05 12:05:59.194,1.08692,1.08714,1.50,1.38
2018.02.05 12:05:59.873,1.08691,1.08714,3.00,1.63
2018.02.05 12:05:59.925,1.08691,1.08714,2.25,1.38
2018.02.05 12:06:00.483,1.08693,1.08714,1.44,1.38
2018.02.05 12:06:01.058,1.08692,1.08714,1.50,1.63
2018.02.05 12:06:01.328,1.08692,1.08714,2.25,1.38
2018.02.05 12:06:02.087,1.08692,1.08714,1.38,1.81
2018.02.05 12:06:03.083,1.08691,1.08714,3.00,1.56
2018.02.05 12:06:03.462,1.08692,1.08714,3.38,1.63
2018.02.05 12:06:03.617,1.08693,1.08714,1.50,1.38
2018.02.05 12:06:03.882,1.08693,1.08712,1.44,1.63
2018.02.05 12:06:04.292,1.08691,1.08713,1.25,1.38
2018.02.05 12:06:04.488,1.08691,1.08713,1.38,2.06
2018.02.05 12:06:05.717,1.0869,1.08713,1.88,1.63
2018.02.05 12:06:06.257,1.0869,1.08713,2.06,2.06
2018.02.05 12:06:06.791,1.0869,1.08713,1.88,1.63
2018.02.05 12:06:07.170,1.0869,1.08713,1.69,1.63
2018.02.05 12:06:07.499,1.08691,1.08713,1.50,1.38
2018.02.05 12:06:07.999,1.08692,1.08713,1.88,1.63
2018.02.05 12:06:09.379,1.08692,1.08713,1.38,1.56
2018.02.05 12:06:10.079,1.08691,1.08713,1.88,1.38
2018.02.05 12:06:10.553,1.08694,1.08713,1.00,2.06
2018.02.05 12:06:11.068,1.08693,1.08713,1.00,1.63
2018.02.05 12:06:11.603,1.08694,1.08713,1.00,1.56
2018.02.05 12:06:11.654,1.08691,1.08713,1.50,1.63
2018.02.05 12:06:12.057,1.08694,1.08713,1.44,1.00
2018.02.05 12:06:12.366,1.08712,1.0873,1.00,4.69
2018.02.05 12:06:13.049,1.08712,1.08731,1.00,1.56
2018.02.05 12:06:13.179,1.08709,1.08728,1.00,1.38
2018.02.05 12:06:13.230,1.08709,1.08729,1.00,1.69
2018.02.05 12:06:13.383,1.08711,1.0873,1.00,1.38
2018.02.05 12:06:13.929,1.08711,1.0873,1.00,1.81
2018.02.05 12:06:14.471,1.08711,1.08731,1.00,1.88
2018.02.05 12:06:15.265,1.08708,1.0873,1.25,1.13
2018.02.05 12:06:16.019,1.08707,1.08731,2.25,1.13
2018.02.05 12:06:16.532,1.08708,1.08731,1.50,1.69
2018.02.05 12:06:16.583,1.08708,1.08731,1.00,1.44
2018.02.05 12:06:16.757,1.08708,1.08731,1.50,1.69
2018.02.05 12:06:17.064,1.08711,1.08731,1.00,1.56
2018.02.05 12:06:17.117,1.0871,1.08733,1.00,2.25
2018.02.05 12:06:17.840,1.08711,1.08732,1.25,1.13
2018.02.05 12:06:20.158,1.08711,1.08732,1.00,1.13
2018.02.05 12:06:20.312,1.08708,1.08732,1.63,1.56
2018.02.05 12:06:20.964,1.08707,1.08731,1.63,1.56
2018.02.05 12:06:21.825,1.08707,1.0873,1.50,1.56
2018.02.05 12:06:22.381,1.08706,1.08732,2.25,2.44
2018.02.05 12:06:23.518,1.08708,1.08731,1.44,1.56
2018.02.05 12:06:24.060,1.08707,1.0873,1.50,1.56
2018.02.05 12:06:24.308,1.08707,1.08731,1.38,1.50
2018.02.05 12:06:24.746,1.08706,1.0873,2.25,1.56
2018.02.05 12:06:24.929,1.08706,1.0873,2.81,1.25
2018.02.05 12:06:25.446,1.08707,1.08731,1.25,1.37
2018.02.05 12:06:25.496,1.08707,1.08732,1.38,1.56
2018.02.05 12:06:25.861,1.08706,1.0873,1.75,1.56
2018.02.05 12:06:25.912,1.08705,1.08728,1.38,1.81
2018.02.05 12:06:25.963,1.08705,1.08728,1.19,1.00
2018.02.05 12:06:26.067,1.08706,1.08729,1.31,1.50
2018.02.05 12:06:26.263,1.08707,1.0873,1.50,1.50
2018.02.05 12:06:26.314,1.08708,1.08731,1.31,1.38
2018.02.05 12:06:26.620,1.08711,1.08732,1.00,1.50
2018.02.05 12:06:26.947,1.08709,1.08732,1.63,1.56
2018.02.05 12:06:27.900,1.08708,1.08732,2.63,1.69
2018.02.05 12:06:28.651,1.0871,1.08732,1.00,2.81
2018.02.05 12:06:29.172,1.08709,1.08732,1.13,2.44
2018.02.05 12:06:29.325,1.0871,1.08732,1.00,3.00
2018.02.05 12:06:29.426,1.08706,1.08729,3.56,1.00
2018.02.05 12:06:29.477,1.08706,1.0873,2.81,2.44
2018.02.05 12:06:29.798,1.08709,1.08732,1.00,4.13
2018.02.05 12:06:30.317,1.08707,1.0873,2.06,1.38
2018.02.05 12:06:30.831,1.08707,1.0873,1.81,2.06
2018.02.05 12:06:31.204,1.08706,1.08725,1.50,1.25
2018.02.05 12:06:31.368,1.08707,1.08729,1.38,2.81
2018.02.05 12:06:31.419,1.0871,1.08731,1.00,1.50
2018.02.05 12:06:31.674,1.08708,1.08731,1.13,1.69
2018.02.05 12:06:32.290,1.08708,1.0873,1.63,1.56
2018.02.05 12:06:33.607,1.08708,1.08731,1.25,1.56
2018.02.05 12:06:34.129,1.08708,1.08731,1.00,1.56
2018.02.05 12:06:34.180,1.08708,1.08729,1.88,1.56
2018.02.05 12:06:34.437,1.08701,1.08723,1.63,1.00
2018.02.05 12:06:34.979,1.08701,1.08724,1.38,1.13
2018.02.05 12:06:35.230,1.08701,1.08723,1.69,1.63
2018.02.05 12:06:35.536,1.08704,1.08729,2.06,3.56
2018.02.05 12:06:36.153,1.08704,1.08728,3.00,2.44
2018.02.05 12:06:36.839,1.08704,1.08728,2.25,2.44
2018.02.05 12:06:37.370,1.08704,1.08725,1.25,1.13
2018.02.05 12:06:37.421,1.08704,1.08725,1.25,1.38
2018.02.05 12:06:38.008,1.08701,1.08725,2.25,1.56
2018.02.05 12:06:38.312,1.08701,1.0872,1.00,1.38
2018.02.05 12:06:38.843,1.08699,1.0872,1.44,1.56
2018.02.05 12:06:39.414,1.08699,1.08721,1.13,2.06
2018.02.05 12:06:39.941,1.08699,1.0872,1.44,1.81
2018.02.05 12:06:40.627,1.08699,1.0872,1.25,1.81
2018.02.05 12:06:41.424,1.08696,1.08719,2.06,1.38
2018.02.05 12:06:41.948,1.08696,1.08719,2.81,2.06
2018.02.05 12:06:44.039,1.08696,1.08719,2.06,2.06
2018.02.05 12:06:44.868,1.08696,1.08719,3.19,1.63
2018.02.05 12:06:45.479,1.08697,1.08719,1.38,2.06
2018.02.05 12:06:45.797,1.08697,1.08719,1.63,1.63
2018.02.05 12:06:46.002,1.08696,1.08719,2.63,1.63
2018.02.05 12:06:46.244,1.08697,1.08719,1.44,2.06
2018.02.05 12:06:46.592,1.08697,1.08719,1.69,1.88
2018.02.05 12:06:46.952,1.08697,1.08719,1.31,2.06
2018.02.05 12:06:47.003,1.08697,1.08719,1.31,2.06
2018.02.05 12:06:47.333,1.08697,1.08719,1.50,2.06
2018.02.05 12:06:47.935,1.08697,1.08719,1.44,2.06
2018.02.05 12:06:48.534,1.08697,1.08718,1.38,1.63
2018.02.05 12:06:51.496,1.08697,1.08717,1.44,1.00
2018.02.05 12:06:52.137,1.08696,1.08719,3.56,3.19
2018.02.05 12:06:52.421,1.08696,1.08718,1.00,1.50
2018.02.05 12:06:52.836,1.08694,1.08714,2.81,1.25
2018.02.05 12:06:53.433,1.08694,1.08714,1.44,1.44
2018.02.05 12:06:53.959,1.08694,1.08715,1.13,1.56
2018.02.05 12:06:54.558,1.08694,1.08714,1.00,1.56
2018.02.05 12:06:55.152,1.08694,1.08714,1.50,1.69
2018.02.05 12:06:55.264,1.08695,1.08717,3.00,1.69
2018.02.05 12:06:55.468,1.08693,1.08714,1.00,1.31
2018.02.05 12:06:55.519,1.0869,1.08713,2.63,2.81
2018.02.05 12:06:55.671,1.08693,1.08714,1.12,1.31
2018.02.05 12:06:55.982,1.08696,1.08716,1.00,1.88
2018.02.05 12:06:56.484,1.08696,1.08716,1.00,2.06
2018.02.05 12:06:56.999,1.08695,1.08716,1.00,1.31
2018.02.05 12:06:57.721,1.087,1.08719,1.00,1.63
2018.02.05 12:06:57.772,1.08699,1.08719,1.88,1.00
2018.02.05 12:06:57.874,1.08702,1.08721,1.00,1.13
2018.02.05 12:06:58.393,1.08703,1.08721,1.00,1.63
2018.02.05 12:06:58.951,1.08702,1.08724,1.00,2.06
2018.02.05 12:06:59.503,1.08703,1.08724,1.25,2.06
2018.02.05 12:06:59.606,1.08702,1.08724,1.25,2.06
2018.02.05 12:07:00.179,1.08703,1.08724,1.00,2.25
2018.02.05 12:07:00.779,1.08702,1.08724,1.00,2.06
2018.02.05 12:07:01.317,1.087,1.08719,1.00,2.06
2018.02.05 12:07:01.368,1.08698,1.08719,1.00,2.44
2018.02.05 12:07:01.746,1.08696,1.08718,1.31,2.44
2018.02.05 12:07:02.286,1.08696,1.08717,1.00,1.31
2018.02.05 12:07:03.122,1.08699,1.08717,1.19,1.00
2018.02.05 12:07:03.275,1.087,1.0872,1.19,1.56
2018.02.05 12:07:03.813,1.08699,1.08722,1.88,1.56
2018.02.05 12:07:03.966,1.08699,1.0872,2.81,1.63
2018.02.05 12:07:06.600,1.08699,1.08721,2.06,1.56
2018.02.05 12:07:07.171,1.08699,1.08721,1.13,1.31
2018.02.05 12:07:08.461,1.08699,1.08721,2.06,1.63
2018.02.05 12:07:09.507,1.08699,1.08721,1.13,1.44
2018.02.05 12:07:10.290,1.08699,1.08721,1.88,1.56
2018.02.05 12:07:10.843,1.08699,1.08721,1.25,1.81
2018.02.05 12:07:11.799,1.08699,1.08721,1.25,2.25
2018.02.05 12:07:13.041,1.08699,1.08721,1.88,2.44
2018.02.05 12:07:13.542,1.08699,1.08721,1.25,2.06
2018.02.05 12:07:15.604,1.08699,1.08721,2.06,2.00
2018.02.05 12:07:17.265,1.08699,1.08721,1.31,1.63
2018.02.05 12:07:19.483,1.08699,1.08721,2.06,2.06
2018.02.05 12:07:21.639,1.08699,1.08721,1.13,1.69
2018.02.05 12:07:21.970,1.08699,1.08719,1.00,2.44
2018.02.05 12:07:22.788,1.08698,1.08719,1.00,2.06
2018.02.05 12:07:23.319,1.08699,1.08718,1.00,1.56
2018.02.05 12:07:24.139,1.08696,1.08718,2.06,1.56
2018.02.05 12:07:24.343,1.08699,1.08718,1.00,1.56
2018.02.05 12:07:24.547,1.08698,1.08719,1.25,2.25
2018.02.05 12:07:25.765,1.08699,1.08717,1.00,1.63
2018.02.05 12:07:26.726,1.08698,1.08718,1.00,1.56
2018.02.05 12:07:28.731,1.08698,1.08718,1.00,1.56
2018.02.05 12:07:29.420,1.08697,1.08718,1.00,1.13
2018.02.05 12:07:30.820,1.08696,1.08717,2.25,1.19
2018.02.05 12:07:31.227,1.08697,1.08717,1.88,1.13
2018.02.05 12:07:31.403,1.08697,1.08717,1.63,1.00
2018.02.05 12:07:32.014,1.08699,1.08718,1.25,1.31
2018.02.05 12:07:32.828,1.08697,1.08718,1.88,1.81
2018.02.05 12:07:34.429,1.08697,1.08719,1.50,1.69
2018.02.05 12:07:35.482,1.08697,1.08719,1.69,1.69
2018.02.05 12:07:36.005,1.08695,1.08717,2.25,1.63
2018.02.05 12:07:36.657,1.08696,1.08717,1.38,1.56
2018.02.05 12:07:37.463,1.08695,1.08717,1.44,1.56
2018.02.05 12:07:37.850,1.08694,1.08715,1.00,2.06
2018.02.05 12:07:37.902,1.08694,1.08714,1.00,2.81
2018.02.05 12:07:38.053,1.08688,1.0871,1.88,1.00
2018.02.05 12:07:38.105,1.08694,1.08711,1.00,1.25
2018.02.05 12:07:38.207,1.0869,1.08711,1.13,1.50
2018.02.05 12:07:38.592,1.08689,1.08711,1.38,1.38
2018.02.05 12:07:38.898,1.08697,1.08716,1.87,1.31
2018.02.05 12:07:39.278,1.08699,1.08719,1.50,2.25
2018.02.05 12:07:39.329,1.087,1.08719,1.00,2.25
2018.02.05 12:07:40.821,1.08701,1.08719,1.00,2.06
2018.02.05 12:07:41.331,1.087,1.08718,1.00,1.56
2018.02.05 12:07:41.723,1.08703,1.08721,1.00,1.37
2018.02.05 12:07:42.025,1.08707,1.08724,1.00,1.38
2018.02.05 12:07:42.178,1.08707,1.08727,2.62,1.38
2018.02.05 12:07:42.229,1.08708,1.08727,1.00,1.75
2018.02.05 12:07:44.225,1.08708,1.08728,1.00,1.94
2018.02.05 12:07:45.291,1.08708,1.08727,1.12,1.75
2018.02.05 12:07:45.445,1.08705,1.08726,2.06,1.56
2018.02.05 12:07:46.051,1.08705,1.08725,2.06,2.25
2018.02.05 12:07:47.430,1.08705,1.08725,1.00,1.81
2018.02.05 12:07:47.609,1.087,1.08721,1.44,1.81
2018.02.05 12:07:47.866,1.08699,1.0872,1.25,2.06
2018.02.05 12:07:49.152,1.087,1.08721,1.13,1.75
2018.02.05 12:07:49.397,1.087,1.08722,1.81,2.06
2018.02.05 12:07:49.448,1.08701,1.08722,1.63,2.06
2018.02.05 12:07:49.619,1.087,1.08721,1.50,1.50
2018.02.05 12:07:49.772,1.08703,1.08722,2.06,2.06
2018.02.05 12:07:49.823,1.08704,1.08722,1.50,1.38
2018.02.05 12:07:49.874,1.08707,1.08724,1.00,1.56
2018.02.05 12:07:50.106,1.08704,1.08725,1.12,2.06
2018.02.05 12:07:50.158,1.08702,1.08723,1.00,2.44
2018.02.05 12:07:50.261,1.087,1.08721,1.87,1.56
2018.02.05 12:07:51.054,1.08701,1.08722,1.25,1.75
2018.02.05 12:07:52.143,1.08702,1.08721,1.00,1.81
2018.02.05 12:07:52.326,1.087,1.08719,1.00,1.19
2018.02.05 12:07:52.377,1.08697,1.08718,1.38,1.38
2018.02.05 12:07:53.282,1.08699,1.08716,1.00,1.38
2018.02.05 12:07:53.835,1.08698,1.08717,1.00,1.25
2018.02.05 12:07:54.357,1.08698,1.08717,1.00,1.38
2018.02.05 12:07:54.911,1.08699,1.08718,1.13,1.50
2018.02.05 12:07:55.421,1.08699,1.08718,1.38,1.38
2018.02.05 12:07:56.889,1.08699,1.08719,1.63,1.38
2018.02.05 12:07:57.701,1.08698,1.08719,1.88,1.44
2018.02.05 12:07:57.753,1.08704,1.08722,2.06,1.56
2018.02.05 12:07:58.067,1.08707,1.08724,1.00,1.56
2018.02.05 12:07:58.187,1.08706,1.08724,1.00,1.31
2018.02.05 12:07:58.488,1.08701,1.08723,1.38,2.06
2018.02.05 12:07:58.540,1.08701,1.08722,1.31,2.06
2018.02.05 12:07:58.644,1.08701,1.0872,1.25,1.63
2018.02.05 12:07:58.905,1.08701,1.08722,1.00,1.81
2018.02.05 12:07:59.494,1.08701,1.08722,1.88,1.63
2018.02.05 12:08:00.483,1.08701,1.08723,1.25,2.06
2018.02.05 12:08:00.534,1.08704,1.08724,1.37,1.00
2018.02.05 12:08:00.741,1.08711,1.08732,1.00,1.31
2018.02.05 12:08:01.243,1.08711,1.08733,1.50,1.81
2018.02.05 12:08:01.617,1.0871,1.08733,1.88,2.06
2018.02.05 12:08:01.922,1.08711,1.08732,1.88,1.69
2018.02.05 12:08:03.641,1.08711,1.08733,1.50,2.00
2018.02.05 12:08:04.210,1.08709,1.08732,2.63,1.13
2018.02.05 12:08:04.518,1.08709,1.08731,1.88,2.06
2018.02.05 12:08:04.836,1.08711,1.08731,1.69,1.56
2018.02.05 12:08:07.698,1.0871,1.08731,1.63,1.56
2018.02.05 12:08:07.753,1.08709,1.08731,3.19,1.31
2018.02.05 12:08:08.265,1.0871,1.08731,1.31,1.56
2018.02.05 12:08:08.849,1.0871,1.08731,1.00,1.31
2018.02.05 12:08:09.584,1.08709,1.08731,3.56,1.56
2018.02.05 12:08:10.103,1.08709,1.08732,1.50,1.56
2018.02.05 12:08:10.362,1.08711,1.08733,1.25,2.63
2018.02.05 12:08:10.979,1.0871,1.08733,1.25,2.63
2018.02.05 12:08:13.329,1.08711,1.08733,1.25,2.25
2018.02.05 12:08:14.436,1.08709,1.08732,2.63,1.94
2018.02.05 12:08:14.569,1.08705,1.08725,1.69,1.13
2018.02.05 12:08:14.620,1.08702,1.08725,1.31,1.13
2018.02.05 12:08:15.198,1.08702,1.08725,1.56,1.69
2018.02.05 12:08:15.882,1.08702,1.08726,1.31,3.56
2018.02.05 12:08:16.461,1.08703,1.08725,1.31,1.69
2018.02.05 12:08:17.244,1.08702,1.08725,1.31,2.63
2018.02.05 12:08:17.967,1.08704,1.08725,1.00,1.88
2018.02.05 12:08:18.019,1.08709,1.08725,1.00,1.00
2018.02.05 12:08:18.329,1.08712,1.08727,1.00,1.00
2018.02.05 12:08:19.255,1.08711,1.08727,1.00,1.00
2018.02.05 12:08:19.598,1.08708,1.08731,2.25,2.06
2018.02.05 12:08:19.801,1.08708,1.08731,1.38,2.63
2018.02.05 12:08:20.006,1.08706,1.08729,2.06,1.63
2018.02.05 12:08:20.511,1.08707,1.08729,1.88,1.88
2018.02.05 12:08:20.613,1.0871,1.08729,1.44,1.25
2018.02.05 12:08:21.518,1.0871,1.08729,1.25,1.00
2018.02.05 12:08:21.895,1.08707,1.08729,1.75,1.38
2018.02.05 12:08:22.408,1.08712,1.08729,1.00,1.38
2018.02.05 12:08:22.929,1.08711,1.08729,1.00,1.63
2018.02.05 12:08:23.032,1.08708,1.08729,2.06,1.63
2018.02.05 12:08:23.918,1.08707,1.08728,1.31,1.56
2018.02.05 12:08:24.367,1.08708,1.08729,1.50,1.44
2018.02.05 12:08:24.672,1.08712,1.08729,1.00,1.25
2018.02.05 12:08:24.825,1.08709,1.08729,1.88,1.31
2018.02.05 12:08:25.193,1.08704,1.08727,1.69,1.88
2018.02.05 12:08:25.397,1.08704,1.08727,1.88,1.50
2018.02.05 12:08:25.603,1.08704,1.08727,1.69,1.75
2018.02.05 12:08:26.175,1.08704,1.08727,1.69,1.50
2018.02.05 12:08:26.382,1.08704,1.08727,1.12,1.50
2018.02.05 12:08:26.537,1.08704,1.08725,1.44,1.56
2018.02.05 12:08:27.049,1.08706,1.08723,1.00,1.00
2018.02.05 12:08:27.101,1.08705,1.08726,1.25,1.13
2018.02.05 12:08:27.789,1.08705,1.08726,1.25,1.63
2018.02.05 12:08:28.267,1.08706,1.08723,1.25,1.00
2018.02.05 12:08:28.730,1.08703,1.08723,1.44,1.25
2018.02.05 12:08:29.455,1.08703,1.08723,1.56,1.44
2018.02.05 12:08:29.506,1.08706,1.08723,1.13,1.00
2018.02.05 12:08:29.659,1.08712,1.08733,1.50,2.44
2018.02.05 12:08:29.710,1.08721,1.08736,1.00,1.00
2018.02.05 12:08:29.812,1.08727,1.08743,1.00,1.00
2018.02.05 12:08:29.863,1.08729,1.08745,1.00,1.00
2018.02.05 12:08:29.965,1.08728,1.08748,1.00,1.44
2018.02.05 12:08:30.017,1.08726,1.08748,1.88,1.63
2018.02.05 12:08:30.356,1.08722,1.08741,1.12,1.00
2018.02.05 12:08:30.407,1.08722,1.08744,1.87,1.50
2018.02.05 12:08:30.509,1.08727,1.08745,1.00,1.56
2018.02.05 12:08:30.714,1.08729,1.0875,1.00,2.44
2018.02.05 12:08:31.398,1.0873,1.08749,1.00,1.88
2018.02.05 12:08:31.501,1.08728,1.08749,1.00,2.00
2018.02.05 12:08:31.553,1.08726,1.08749,2.44,2.44
2018.02.05 12:08:31.608,1.08727,1.08748,1.00,3.56
2018.02.05 12:08:32.045,1.08727,1.08747,1.00,3.00
2018.02.05 12:08:32.417,1.08726,1.08746,1.00,1.75
2018.02.05 12:08:32.923,1.08727,1.08746,1.00,2.19
2018.02.05 12:08:34.991,1.08727,1.08746,1.00,2.00
2018.02.05 12:08:35.520,1.08726,1.08746,1.00,2.06
2018.02.05 12:08:36.366,1.08727,1.08746,1.00,1.75
2018.02.05 12:08:36.418,1.08723,1.08746,1.50,2.00
2018.02.05 12:08:36.531,1.08725,1.08748,1.25,3.00
2018.02.05 12:08:36.582,1.08726,1.08748,1.25,3.00
2018.02.05 12:08:36.887,1.08728,1.08749,1.00,1.88
2018.02.05 12:08:37.401,1.08727,1.08748,1.00,1.56
2018.02.05 12:08:40.348,1.08728,1.08748,1.00,1.56
2018.02.05 12:08:40.797,1.08726,1.08748,1.25,1.56
2018.02.05 12:08:41.569,1.08725,1.08748,1.56,1.56
2018.02.05 12:08:42.205,1.08725,1.0875,1.38,3.56
2018.02.05 12:08:42.620,1.08725,1.08743,1.00,1.25
2018.02.05 12:08:42.671,1.08721,1.08743,1.00,1.88
2018.02.05 12:08:42.723,1.08719,1.0874,1.12,1.13
2018.02.05 12:08:43.047,1.08722,1.08745,1.00,1.94
2018.02.05 12:08:43.150,1.08722,1.08745,1.44,1.75
2018.02.05 12:08:43.304,1.08721,1.08745,1.88,1.56
2018.02.05 12:08:43.459,1.08729,1.08751,1.00,2.81
2018.02.05 12:08:43.612,1.08728,1.08751,1.19,1.87
2018.02.05 12:08:43.951,1.08724,1.08747,1.87,1.44
2018.02.05 12:08:44.494,1.08725,1.08749,1.50,1.63
2018.02.05 12:08:45.001,1.08726,1.08749,1.13,1.69
2018.02.05 12:08:45.480,1.08723,1.08747,2.44,2.25
2018.02.05 12:08:45.532,1.08722,1.08747,1.25,2.44
2018.02.05 12:08:45.684,1.08718,1.08742,1.00,1.56
2018.02.05 12:08:45.735,1.08718,1.08742,2.06,1.56
2018.02.05 12:08:45.837,1.08717,1.0874,2.44,1.37
2018.02.05 12:08:45.958,1.0872,1.0874,1.00,1.56
2018.02.05 12:08:46.010,1.08717,1.08739,1.31,1.38
2018.02.05 12:08:46.114,1.08716,1.0874,2.06,1.88
2018.02.05 12:08:46.626,1.08719,1.0874,1.25,1.38
2018.02.05 12:08:46.776,1.08714,1.08736,1.38,1.00
2018.02.05 12:08:47.082,1.08711,1.08735,1.00,2.06
2018.02.05 12:08:47.318,1.08711,1.08735,2.06,2.81
2018.02.05 12:08:47.862,1.08711,1.08733,1.63,1.63
2018.02.05 12:08:48.392,1.0871,1.08734,1.88,1.56
2018.02.05 12:08:48.958,1.08711,1.08734,1.50,1.56
2018.02.05 12:08:49.432,1.0871,1.08732,1.69,1.00
2018.02.05 12:08:49.535,1.08711,1.08734,1.88,1.25
2018.02.05 12:08:49.587,1.08715,1.08734,1.19,1.00
2018.02.05 12:08:49.643,1.08714,1.08736,1.69,1.50
2018.02.05 12:08:49.696,1.08718,1.08736,1.00,1.00
2018.02.05 12:08:50.039,1.08722,1.08739,1.50,1.00
2018.02.05 12:08:50.676,1.08723,1.08739,1.50,1.00
2018.02.05 12:08:52.965,1.08726,1.08743,1.25,1.50
2018.02.05 12:08:53.016,1.08723,1.08744,1.88,1.00
2018.02.05 12:08:53.067,1.08722,1.08744,1.00,1.00
2018.02.05 12:08:53.321,1.08721,1.08744,1.69,2.63
2018.02.05 12:08:53.645,1.08723,1.08742,1.44,1.00
2018.02.05 12:08:54.112,1.08721,1.08742,2.44,1.00
2018.02.05 12:08:54.672,1.08722,1.08742,1.44,1.63
2018.02.05 12:08:56.385,1.08719,1.0874,1.94,1.00
2018.02.05 12:08:56.756,1.08717,1.08741,2.25,1.25
2018.02.05 12:08:56.965,1.08717,1.0874,2.62,1.25
2018.02.05 12:08:57.466,1.08717,1.0874,2.44,1.44
2018.02.05 12:08:57.880,1.08721,1.08742,1.38,2.06
2018.02.05 12:08:58.085,1.08717,1.08742,4.31,1.88
2018.02.05 12:08:58.252,1.08718,1.08741,1.56,1.63
2018.02.05 12:08:58.580,1.08716,1.08737,2.81,1.00
2018.02.05 12:08:59.236,1.08717,1.08737,1.69,1.00
2018.02.05 12:09:00.017,1.08716,1.08737,2.44,1.00
2018.02.05 12:09:00.521,1.08718,1.08737,1.50,1.00
2018.02.05 12:09:00.978,1.08719,1.08737,1.38,1.00
2018.02.05 12:09:01.781,1.08719,1.08737,1.38,1.00
2018.02.05 12:09:02.348,1.08717,1.08737,2.06,1.00
2018.02.05 12:09:04.175,1.08719,1.08737,1.38,1.25
2018.02.05 12:09:04.227,1.08717,1.08737,1.69,1.38
2018.02.05 12:09:04.331,1.0872,1.08737,1.19,1.00
2018.02.05 12:09:04.537,1.08718,1.08737,1.50,1.13
2018.02.05 12:09:04.996,1.08717,1.08737,1.19,1.56
2018.02.05 12:09:05.686,1.08716,1.08737,1.19,1.38
2018.02.05 12:09:06.301,1.08716,1.08737,1.56,1.63
2018.02.05 12:09:06.843,1.08717,1.0874,1.13,2.81
2018.02.05 12:09:08.054,1.08717,1.08739,2.63,1.38
2018.02.05 12:09:08.567,1.08719,1.0874,2.44,1.38
2018.02.05 12:09:08.863,1.08718,1.0874,1.25,1.38
2018.02.05 12:09:09.171,1.08717,1.0874,1.44,1.69
2018.02.05 12:09:11.278,1.08717,1.08739,1.44,1.56
2018.02.05 12:09:12.416,1.08717,1.08739,1.44,1.56
2018.02.05 12:09:12.469,1.08714,1.08737,2.25,1.88
2018.02.05 12:09:12.521,1.08715,1.08737,1.50,1.12
2018.02.05 12:09:12.572,1.08716,1.08737,1.69,1.63
2018.02.05 12:09:12.828,1.08714,1.08737,1.88,1.63
2018.02.05 12:09:13.393,1.08713,1.08737,2.44,2.06
2018.02.05 12:09:14.090,1.08713,1.08737,2.25,1.56
2018.02.05 12:09:14.460,1.08714,1.08737,1.13,1.56
2018.02.05 12:09:14.998,1.08715,1.08737,1.13,2.06
2018.02.05 12:09:15.501,1.08714,1.08737,1.13,1.56
2018.02.05 12:09:15.866,1.08713,1.08737,1.31,1.56
2018.02.05 12:09:16.421,1.08712,1.08737,5.25,1.69
2018.02.05 12:09:16.692,1.08716,1.08737,1.13,2.06
2018.02.05 12:09:16.797,1.08716,1.08737,1.12,1.38
2018.02.05 12:09:16.850,1.08714,1.08737,3.38,1.50
2018.02.05 12:09:16.993,1.0871,1.08732,3.00,1.63
2018.02.05 12:09:17.145,1.08709,1.08731,1.50,1.56
2018.02.05 12:09:17.250,1.08711,1.08732,1.69,1.56
2018.02.05 12:09:17.505,1.0871,1.08732,1.69,1.38
2018.02.05 12:09:17.556,1.08709,1.0873,1.88,1.38
2018.02.05 12:09:17.607,1.08709,1.0873,1.25,1.56
2018.02.05 12:09:17.784,1.08706,1.08727,1.88,1.38
2018.02.05 12:09:17.937,1.08702,1.08722,1.12,1.38
2018.02.05 12:09:18.245,1.08699,1.08721,1.00,1.13
2018.02.05 12:09:18.488,1.08696,1.0872,1.38,1.13
2018.02.05 12:09:18.540,1.08696,1.08721,1.38,3.19
2018.02.05 12:09:19.145,1.08696,1.08721,1.38,3.19
2018.02.05 12:09:19.325,1.08696,1.08721,1.38,2.44
2018.02.05 12:09:19.376,1.08699,1.08721,2.00,1.69
2018.02.05 12:09:19.428,1.08702,1.08722,1.00,2.25
2018.02.05 12:09:19.480,1.08698,1.08721,2.44,1.13
2018.02.05 12:09:19.634,1.08695,1.08721,2.44,2.44
2018.02.05 12:09:19.687,1.08696,1.08718,1.44,2.25
2018.02.05 12:09:19.739,1.08693,1.08716,1.50,1.38
2018.02.05 12:09:19.791,1.08694,1.08715,1.38,2.63
2018.02.05 12:09:19.971,1.08696,1.08719,1.00,1.94
2018.02.05 12:09:20.356,1.08698,1.0872,1.00,2.06
2018.02.05 12:09:20.963,1.08697,1.0872,1.13,1.94
2018.02.05 12:09:21.512,1.08698,1.08719,1.25,1.69
2018.02.05 12:09:21.701,1.08697,1.0872,1.13,2.44
2018.02.05 12:09:21.805,1.08697,1.0872,2.25,2.81
2018.02.05 12:09:22.165,1.08696,1.08719,2.81,1.56
2018.02.05 12:09:23.187,1.08697,1.08719,1.25,1.69
2018.02.05 12:09:23.456,1.08697,1.08718,1.00,2.06
2018.02.05 12:09:24.055,1.08696,1.08718,1.63,1.31
2018.02.05 12:09:24.561,1.08695,1.08718,1.56,1.56
2018.02.05 12:09:25.178,1.08695,1.08719,1.69,1.94
2018.02.05 12:09:25.488,1.08695,1.08718,1.19,2.06
2018.02.05 12:09:27.729,1.08695,1.08718,1.00,2.44
2018.02.05 12:09:28.347,1.08694,1.08718,1.13,2.25
2018.02.05 12:09:29.235,1.08694,1.08718,1.50,1.75
2018.02.05 12:09:29.872,1.08693,1.08717,3.00,1.19
2018.02.05 12:09:30.399,1.08694,1.08718,1.69,1.75
2018.02.05 12:09:30.918,1.08694,1.08717,1.50,1.81
2018.02.05 12:09:31.429,1.08696,1.08719,1.25,1.56
2018.02.05 12:09:32.793,1.08695,1.08719,1.69,1.56
2018.02.05 12:09:33.885,1.08696,1.08719,1.56,1.81
2018.02.05 12:09:35.799,1.08697,1.08721,1.69,1.56
2018.02.05 12:09:37.897,1.08698,1.08721,1.50,1.50
2018.02.05 12:09:38.447,1.08698,1.0872,2.06,1.38
2018.02.05 12:09:39.938,1.08703,1.08726,1.50,1.88
2018.02.05 12:09:39.990,1.08708,1.0873,1.00,1.88
2018.02.05 12:09:40.041,1.08707,1.0873,1.44,1.56
2018.02.05 12:09:40.246,1.08708,1.08732,1.13,2.06
2018.02.05 12:09:41.516,1.08708,1.08732,1.44,2.44
2018.02.05 12:09:42.184,1.08708,1.08732,1.63,1.69
2018.02.05 12:09:43.700,1.08707,1.08732,3.19,1.69
2018.02.05 12:09:44.844,1.08708,1.08729,3.00,1.63
2018.02.05 12:09:45.191,1.08708,1.08729,1.50,1.44
2018.02.05 12:09:45.734,1.08708,1.08729,1.69,1.25
2018.02.05 12:09:48.670,1.08708,1.08729,2.44,1.31
2018.02.05 12:09:49.388,1.08708,1.08729,1.88,1.63
2018.02.05 12:09:49.541,1.08708,1.08729,1.69,1.56
2018.02.05 12:09:50.697,1.08708,1.08729,1.69,1.81
2018.02.05 12:09:52.181,1.08708,1.08729,1.12,1.56
2018.02.05 12:09:53.985,1.08711,1.08729,1.00,1.50
2018.02.05 12:09:54.037,1.08711,1.08729,1.00,1.44
2018.02.05 12:09:54.557,1.08708,1.0873,2.63,1.63
2018.02.05 12:09:55.219,1.08708,1.0873,1.88,1.63
2018.02.05 12:09:55.565,1.08708,1.0873,1.13,1.63
2018.02.05 12:09:56.327,1.08708,1.0873,1.44,1.69
2018.02.05 12:09:56.834,1.08707,1.0873,1.88,1.38
2018.02.05 12:09:56.885,1.08708,1.08729,1.25,1.69
2018.02.05 12:09:57.200,1.08706,1.08725,1.50,1.44
2018.02.05 12:09:57.706,1.08706,1.08729,1.69,2.81
2018.02.05 12:09:57.758,1.08707,1.08729,2.44,1.56
2018.02.05 12:09:58.066,1.08705,1.08725,2.06,1.00
2018.02.05 12:09:58.889,1.08705,1.08725,1.25,1.31
2018.02.05 12:09:58.992,1.08704,1.08725,2.06,1.56
2018.02.05 12:09:59.845,1.08703,1.08725,1.81,1.31
2018.02.05 12:10:00.380,1.08704,1.08725,1.50,1.56
2018.02.05 12:10:01.724,1.08704,1.08725,1.13,1.44
2018.02.05 12:10:02.032,1.08704,1.08725,1.88,1.13
2018.02.05 12:10:02.346,1.08705,1.08725,1.63,1.56
2018.02.05 12:10:02.397,1.08704,1.08725,1.69,1.31
2018.02.05 12:10:03.044,1.08704,1.08725,1.25,1.31
2018.02.05 12:10:03.978,1.08702,1.08723,1.38,1.63
2018.02.05 12:10:04.081,1.087,1.08723,2.63,1.63
2018.02.05 12:10:04.186,1.087,1.08722,1.31,1.69
2018.02.05 12:10:04.443,1.087,1.08722,1.25,2.44
2018.02.05 12:10:05.032,1.087,1.08721,1.31,1.56
2018.02.05 12:10:05.339,1.08701,1.0872,2.00,1.25
2018.02.05 12:10:05.908,1.08702,1.0872,1.50,1.25
2018.02.05 12:10:06.642,1.08703,1.0872,1.31,1.00
2018.02.05 12:10:07.220,1.08704,1.0872,1.13,1.25
2018.02.05 12:10:14.301,1.08704,1.08723,1.38,1.63
2018.02.05 12:10:15.309,1.08704,1.08726,1.38,1.56
2018.02.05 12:10:15.457,1.08703,1.08726,2.63,1.63
2018.02.05 12:10:15.865,1.08707,1.08726,1.00,1.44
2018.02.05 12:10:16.396,1.08707,1.08729,1.25,2.06
2018.02.05 12:10:18.238,1.08705,1.08729,2.44,1.94
2018.02.05 12:10:21.205,1.08706,1.08729,1.63,1.75
2018.02.05 12:10:21.740,1.08706,1.08729,1.25,1.81
2018.02.05 12:10:22.279,1.08705,1.08729,1.69,1.56
2018.02.05 12:10:24.803,1.08704,1.08729,3.38,3.38
2018.02.05 12:10:25.558,1.08705,1.08728,1.50,1.31
2018.02.05 12:10:26.859,1.08704,1.08729,2.63,1.94
2018.02.05 12:10:27.412,1.08704,1.08729,3.38,3.94
2018.02.05 12:10:28.474,1.08705,1.08729,1.50,3.19
2018.02.05 12:10:31.001,1.08704,1.08726,1.50,1.56
2018.02.05 12:10:31.322,1.08704,1.08726,2.25,1.75
2018.02.05 12:10:31.644,1.08707,1.08726,1.00,1.56
2018.02.05 12:10:31.707,1.08705,1.08726,1.13,1.56
2018.02.05 12:10:32.232,1.08704,1.08726,2.25,1.69
2018.02.05 12:10:34.137,1.08705,1.08726,1.13,1.94
2018.02.05 12:10:36.182,1.08704,1.08725,1.00,2.25
2018.02.05 12:10:36.701,1.08703,1.08725,1.13,2.25
2018.02.05 12:10:36.753,1.08703,1.08724,1.38,1.13
2018.02.05 12:10:37.256,1.08706,1.08725,1.00,1.63
2018.02.05 12:10:37.937,1.08707,1.08725,1.00,1.69
2018.02.05 12:10:38.040,1.08704,1.08725,2.25,1.63
2018.02.05 12:10:43.012,1.08705,1.08726,1.25,1.75
2018.02.05 12:10:44.120,1.08704,1.08726,1.50,1.56
2018.02.05 12:10:44.637,1.08703,1.08723,1.00,2.81
2018.02.05 12:10:44.740,1.08703,1.08722,1.00,1.50
2018.02.05 12:10:47.203,1.08699,1.08722,1.88,2.44
2018.02.05 12:10:47.409,1.087,1.08722,1.31,2.06
2018.02.05 12:10:47.461,1.08701,1.08722,1.31,2.44
2018.02.05 12:10:48.841,1.08701,1.08721,1.31,1.38
2018.02.05 12:10:49.357,1.08701,1.08721,1.63,1.44
2018.02.05 12:10:51.222,1.087,1.08721,1.13,1.00
2018.02.05 12:10:51.890,1.087,1.08721,1.44,1.00
2018.02.05 12:10:52.448,1.08701,1.08721,1.38,1.38
2018.02.05 12:10:52.999,1.08701,1.08721,1.31,1.38
2018.02.05 12:10:55.413,1.087,1.08721,1.31,1.00
2018.02.05 12:10:55.968,1.08701,1.08721,1.31,1.38
2018.02.05 12:10:56.441,1.08699,1.08722,1.56,2.44
2018.02.05 12:10:57.439,1.08699,1.08722,1.31,2.44
2018.02.05 12:10:58.095,1.08699,1.08722,1.56,2.44
2018.02.05 12:11:00.588,1.08699,1.08721,1.69,1.87
2018.02.05 12:11:00.640,1.08702,1.08725,1.25,2.44
2018.02.05 12:11:00.811,1.08703,1.08725,1.38,2.06
2018.02.05 12:11:01.313,1.08702,1.08725,2.63,1.69
2018.02.05 12:11:01.615,1.087,1.08723,1.00,2.44
2018.02.05 12:11:01.973,1.087,1.08723,1.44,2.44
2018.02.05 12:11:02.758,1.087,1.08722,1.13,1.00
2018.02.05 12:11:02.811,1.08702,1.08723,1.31,1.38
2018.02.05 12:11:03.310,1.08701,1.08722,1.25,1.69
2018.02.05 12:11:03.834,1.087,1.08722,1.00,2.63
2018.02.05 12:11:04.463,1.087,1.08721,1.00,1.69
2018.02.05 12:11:05.347,1.087,1.0872,1.00,1.13
2018.02.05 12:11:06.254,1.087,1.08719,1.00,1.00
2018.02.05 12:11:06.559,1.08692,1.08713,1.81,1.13
2018.02.05 12:11:06.865,1.08692,1.08715,3.75,1.88
2018.02.05 12:11:07.394,1.08695,1.08717,1.31,2.00
2018.02.05 12:11:08.952,1.08695,1.08717,1.56,1.56
2018.02.05 12:11:09.727,1.08695,1.08718,1.31,2.06
2018.02.05 12:11:11.753,1.08695,1.08718,1.56,3.38
2018.02.05 12:11:12.369,1.08695,1.08717,1.56,1.38
2018.02.05 12:11:12.676,1.08695,1.08715,1.62,1.50
2018.02.05 12:11:13.286,1.08695,1.08715,1.12,1.50
2018.02.05 12:11:14.997,1.08695,1.08715,1.38,1.63
2018.02.05 12:11:15.670,1.08695,1.08716,1.25,1.56
2018.02.05 12:11:17.695,1.08695,1.08715,1.31,1.31
2018.02.05 12:11:18.320,1.08695,1.08716,1.25,1.69
2018.02.05 12:11:19.037,1.08691,1.08713,1.88,2.06
2018.02.05 12:11:19.191,1.08689,1.08713,1.81,1.63
2018.02.05 12:11:19.242,1.0869,1.08713,1.38,2.25
2018.02.05 12:11:19.621,1.08689,1.08713,1.56,1.50
2018.02.05 12:11:19.672,1.0869,1.08713,1.38,2.25
2018.02.05 12:11:20.220,1.08689,1.08713,1.88,2.25
2018.02.05 12:11:20.476,1.08688,1.08712,2.25,1.25
2018.02.05 12:11:20.527,1.08689,1.08713,1.50,1.88
2018.02.05 12:11:20.832,1.08688,1.08708,2.00,1.31
2018.02.05 12:11:21.337,1.08685,1.08707,2.06,1.44
2018.02.05 12:11:21.388,1.08683,1.08703,2.44,1.00
2018.02.05 12:11:21.439,1.08683,1.08704,1.94,1.00
2018.02.05 12:11:22.045,1.08683,1.08703,2.19,1.00
2018.02.05 12:11:22.966,1.08683,1.08705,1.31,1.50
2018.02.05 12:11:23.070,1.08682,1.08703,1.69,1.25
2018.02.05 12:11:23.439,1.08684,1.08705,1.63,1.00
2018.02.05 12:11:23.541,1.08687,1.08707,1.38,1.44
2018.02.05 12:11:23.944,1.08689,1.0871,1.56,1.63
2018.02.05 12:11:24.743,1.08691,1.08713,1.13,2.44
2018.02.05 12:11:24.795,1.0869,1.08713,1.81,2.19
2018.02.05 12:11:25.167,1.08687,1.08711,2.62,1.38
2018.02.05 12:11:25.218,1.08687,1.08707,1.69,1.00
2018.02.05 12:11:25.549,1.08685,1.08704,1.56,1.00
2018.02.05 12:11:26.085,1.08685,1.08705,1.63,1.25
2018.02.05 12:11:26.638,1.08685,1.08704,1.56,1.25
2018.02.05 12:11:27.223,1.08685,1.08705,1.50,1.00
2018.02.05 12:11:28.395,1.08685,1.08704,1.56,1.00
2018.02.05 12:11:28.979,1.08683,1.08705,1.13,1.25
2018.02.05 12:11:29.638,1.08682,1.08704,2.81,1.25
2018.02.05 12:11:30.316,1.08682,1.08705,2.81,1.00
2018.02.05 12:11:32.295,1.08682,1.08704,3.75,1.00
2018.02.05 12:11:32.512,1.08682,1.08704,3.75,1.00
2018.02.05 12:11:32.965,1.0868,1.08701,3.00,1.00
2018.02.05 12:11:33.927,1.08679,1.08701,2.81,1.00
2018.02.05 12:11:34.566,1.08678,1.08701,1.31,1.00
2018.02.05 12:11:34.771,1.08678,1.08702,1.31,1.00
2018.02.05 12:11:37.943,1.08681,1.08701,1.94,1.00
2018.02.05 12:11:39.174,1.08683,1.08702,1.19,1.00
2018.02.05 12:11:39.475,1.08682,1.08706,1.31,1.56
2018.02.05 12:11:39.984,1.08688,1.08711,1.00,3.00
2018.02.05 12:11:40.404,1.08685,1.08711,2.06,4.31
2018.02.05 12:11:41.169,1.08687,1.0871,1.13,1.56
2018.02.05 12:11:42.131,1.08687,1.08711,1.13,1.69
2018.02.05 12:11:42.645,1.08689,1.08712,1.00,3.56
2018.02.05 12:11:43.192,1.08689,1.08707,1.50,1.44
2018.02.05 12:11:43.243,1.08689,1.08708,1.31,1.25
2018.02.05 12:11:43.753,1.08689,1.08709,1.12,1.31
2018.02.05 12:11:44.279,1.0869,1.08709,1.00,1.56
2018.02.05 12:11:46.415,1.08688,1.08709,1.13,1.56
2018.02.05 12:11:46.473,1.08689,1.08709,1.00,1.56
2018.02.05 12:11:47.095,1.08689,1.08709,1.12,1.63
2018.02.05 12:11:48.472,1.08687,1.08709,2.25,1.56
2018.02.05 12:11:48.525,1.08688,1.08709,1.50,1.56
2018.02.05 12:11:49.802,1.08686,1.08707,1.00,1.50
2018.02.05 12:11:50.075,1.08686,1.08705,1.00,1.50
2018.02.05 12:11:50.991,1.08683,1.08705,2.06,1.00
2018.02.05 12:11:52.157,1.08685,1.08706,1.38,1.56
2018.02.05 12:11:52.901,1.08685,1.08706,1.56,1.63
2018.02.05 12:11:53.443,1.08685,1.08706,1.25,1.13
2018.02.05 12:11:53.845,1.08686,1.08706,2.19,1.00
2018.02.05 12:11:55.530,1.08688,1.08706,2.06,1.00
2018.02.05 12:11:56.054,1.08688,1.08706,1.69,1.00
2018.02.05 12:11:56.595,1.08684,1.08706,1.94,1.13
2018.02.05 12:11:57.107,1.08683,1.08706,1.88,1.31
2018.02.05 12:11:57.457,1.08683,1.08703,1.88,1.00
2018.02.05 12:11:57.559,1.08683,1.08705,1.88,1.13
2018.02.05 12:11:57.611,1.08683,1.08705,1.75,1.88
2018.02.05 12:11:57.714,1.08683,1.08705,1.56,1.50
2018.02.05 12:11:58.220,1.08683,1.08704,1.56,1.38
2018.02.05 12:11:59.950,1.08683,1.08706,1.56,3.38
2018.02.05 12:12:00.346,1.08683,1.08706,1.69,2.44
2018.02.05 12:12:01.937,1.08685,1.08705,1.63,1.25
2018.02.05 12:12:02.451,1.08685,1.08706,1.13,1.19
2018.02.05 12:12:03.117,1.08685,1.08706,1.25,2.44
2018.02.05 12:12:04.405,1.08684,1.08706,1.38,3.38
2018.02.05 12:12:04.622,1.08683,1.08706,2.06,2.81
2018.02.05 12:12:04.775,1.08683,1.08705,1.56,1.56
2018.02.05 12:12:05.097,1.08683,1.08706,1.63,3.00
2018.02.05 12:12:09.206,1.08683,1.08704,1.56,1.13
2018.02.05 12:12:12.281,1.08683,1.08703,1.63,1.00
2018.02.05 12:12:12.833,1.08683,1.08702,1.56,1.00
2018.02.05 12:12:13.122,1.08683,1.08704,1.69,2.25
2018.02.05 12:12:14.026,1.08683,1.08703,1.69,1.13
2018.02.05 12:12:14.681,1.08683,1.08705,1.56,1.88
2018.02.05 12:12:15.670,1.08684,1.08706,1.69,1.69
2018.02.05 12:12:15.978,1.08686,1.0871,1.75,2.81
2018.02.05 12:12:16.694,1.08687,1.0871,1.00,2.44
2018.02.05 12:12:17.049,1.08687,1.0871,1.63,1.56
2018.02.05 12:12:18.868,1.08685,1.08707,1.44,1.12
2018.02.05 12:12:18.920,1.08685,1.08707,1.63,2.06
2018.02.05 12:12:19.429,1.08683,1.08704,1.56,2.25
2018.02.05 12:12:21.035,1.08683,1.08704,1.56,1.25
2018.02.05 12:12:21.313,1.08683,1.08705,1.56,1.69
2018.02.05 12:12:21.492,1.08683,1.08705,1.31,2.63
2018.02.05 12:12:22.039,1.08683,1.08705,1.12,2.44
2018.02.05 12:12:22.200,1.08683,1.08705,1.50,1.69
2018.02.05 12:12:22.501,1.08683,1.08704,1.56,1.88
2018.02.05 12:12:23.050,1.0868,1.08702,2.44,1.00
2018.02.05 12:12:23.865,1.0868,1.08701,1.69,1.00
2018.02.05 12:12:25.117,1.0868,1.08702,2.81,1.00
2018.02.05 12:12:26.296,1.0868,1.08701,2.44,1.00
2018.02.05 12:12:26.857,1.0868,1.08702,2.44,1.00
2018.02.05 12:12:27.403,1.0868,1.08702,2.44,1.25
2018.02.05 12:12:27.778,1.0868,1.08699,1.75,1.00
2018.02.05 12:12:27.921,1.0868,1.08702,2.25,1.25
2018.02.05 12:12:28.610,1.0868,1.08703,2.06,2.44
2018.02.05 12:12:29.171,1.0868,1.08703,3.75,1.25
2018.02.05 12:12:31.034,1.0868,1.08703,2.06,1.00
2018.02.05 12:12:32.047,1.0868,1.08703,2.06,1.13
2018.02.05 12:12:39.502,1.08681,1.08703,1.63,1.44
2018.02.05 12:12:41.037,1.0868,1.08703,2.25,2.62
2018.02.05 12:12:41.089,1.0868,1.08703,1.94,1.69
2018.02.05 12:12:41.141,1.08686,1.08703,1.00,1.00
2018.02.05 12:12:41.193,1.08682,1.08703,1.50,1.00
2018.02.05 12:12:41.401,1.08685,1.08703,1.00,1.00
2018.02.05 12:12:41.453,1.08683,1.08703,1.00,1.25
2018.02.05 12:12:41.556,1.0868,1.08703,2.62,1.25
2018.02.05 12:12:41.791,1.0868,1.08702,1.50,1.44
2018.02.05 12:12:42.313,1.08679,1.08702,1.87,1.00
2018.02.05 12:12:42.719,1.0868,1.08702,1.31,1.25
2018.02.05 12:12:43.463,1.0868,1.08702,1.69,1.25
2018.02.05 12:12:44.772,1.08683,1.08702,1.00,1.25
2018.02.05 12:12:46.256,1.08679,1.08702,1.62,1.44
2018.02.05 12:12:46.791,1.0868,1.08702,1.31,1.87
2018.02.05 12:12:46.974,1.08679,1.08702,2.19,1.69
2018.02.05 12:12:47.025,1.08678,1.08702,1.75,2.62
2018.02.05 12:12:47.333,1.08677,1.08701,3.19,1.00
2018.02.05 12:12:47.641,1.08678,1.08701,1.87,1.19
2018.02.05 12:12:47.772,1.08678,1.08701,1.87,1.25
2018.02.05 12:12:47.974,1.08678,1.08701,1.87,1.37
2018.02.05 12:12:48.500,1.08677,1.087,2.62,1.25
2018.02.05 12:12:49.921,1.08678,1.08699,1.37,1.12
2018.02.05 12:12:51.237,1.0868,1.08701,1.00,1.19
2018.02.05 12:12:51.288,1.08681,1.08702,1.00,1.69
2018.02.05 12:12:51.694,1.08682,1.08702,1.19,1.25
2018.02.05 12:12:52.313,1.08682,1.08702,1.25,1.25
2018.02.05 12:12:52.896,1.08681,1.08702,1.31,1.00
2018.02.05 12:12:53.598,1.08682,1.08702,1.25,1.44
2018.02.05 12:12:56.724,1.08681,1.08702,1.31,1.12
2018.02.05 12:12:57.503,1.08682,1.08702,1.25,1.19
2018.02.05 12:12:58.045,1.08682,1.08702,1.00,1.25
2018.02.05 12:12:59.238,1.08682,1.08702,1.37,1.25
2018.02.05 12:12:59.902,1.08686,1.08706,1.00,1.37
2018.02.05 12:12:59.955,1.08687,1.08708,1.37,1.44
2018.02.05 12:13:00.006,1.08688,1.08709,1.75,1.00
2018.02.05 12:13:00.110,1.08693,1.08713,1.12,2.81
2018.02.05 12:13:00.648,1.08693,1.08714,1.00,1.37
2018.02.05 12:13:00.935,1.08692,1.08712,1.00,1.69
2018.02.05 12:13:01.342,1.08692,1.0871,1.00,1.12
2018.02.05 12:13:02.063,1.08692,1.08709,1.00,1.00
2018.02.05 12:13:02.634,1.08692,1.08709,1.00,1.37
2018.02.05 12:13:03.689,1.08692,1.08709,1.00,1.00
2018.02.05 12:13:04.229,1.08692,1.08709,1.00,1.37
2018.02.05 12:13:05.605,1.08692,1.08709,1.00,1.00
2018.02.05 12:13:06.089,1.08688,1.08709,1.00,1.00
2018.02.05 12:13:06.450,1.08688,1.08709,1.00,2.62
2018.02.05 12:13:07.216,1.08688,1.08709,1.00,2.62
2018.02.05 12:13:07.530,1.08692,1.08709,1.00,1.00
2018.02.05 12:13:08.186,1.08693,1.08709,1.00,1.25
2018.02.05 12:13:09.942,1.08692,1.08709,1.00,1.00
2018.02.05 12:13:11.174,1.08693,1.08709,1.00,1.25
2018.02.05 12:13:11.276,1.08689,1.08709,1.75,1.00
2018.02.05 12:13:11.482,1.08691,1.08711,1.37,1.00
2018.02.05 12:13:11.534,1.08694,1.08711,1.12,1.00
2018.02.05 12:13:11.822,1.08697,1.08718,1.12,1.00
2018.02.05 12:13:11.926,1.08701,1.08718,1.00,1.00
2018.02.05 12:13:12.080,1.087,1.08721,1.00,1.00
2018.02.05 12:13:12.593,1.08701,1.08721,1.00,1.44
2018.02.05 12:13:13.103,1.08703,1.08721,1.00,1.00
2018.02.05 12:13:13.952,1.08703,1.08721,1.00,1.44
2018.02.05 12:13:14.480,1.08702,1.08721,1.00,1.00
2018.02.05 12:13:14.850,1.08698,1.08721,1.69,1.00
2018.02.05 12:13:15.344,1.08699,1.08721,1.69,1.37
2018.02.05 12:13:16.616,1.08696,1.08721,1.25,3.00
2018.02.05 12:13:16.822,1.08695,1.08717,1.50,1.44
2018.02.05 12:13:17.455,1.08695,1.08717,1.37,1.37
2018.02.05 12:13:19.978,1.08695,1.08717,1.37,1.50
2018.02.05 12:13:20.492,1.08695,1.08717,1.37,2.25
2018.02.05 12:13:20.937,1.08695,1.08717,1.87,1.44
2018.02.05 12:13:20.988,1.08695,1.08717,1.50,1.87
2018.02.05 12:13:28.084,1.08692,1.08718,5.25,2.25
2018.02.05 12:13:28.299,1.08693,1.08717,1.75,1.50
2018.02.05 12:13:28.350,1.08692,1.08718,5.25,2.25
2018.02.05 12:13:28.470,1.08693,1.08717,1.75,1.50
2018.02.05 12:13:29.070,1.08695,1.08718,1.25,1.87
2018.02.05 12:13:30.136,1.08694,1.08718,1.87,2.25
2018.02.05 12:13:30.351,1.08695,1.08718,1.12,2.25
2018.02.05 12:13:30.953,1.08694,1.08718,1.50,3.00
2018.02.05 12:13:32.146,1.08695,1.08718,1.44,3.00
2018.02.05 12:13:33.552,1.08695,1.08718,1.12,3.00
2018.02.05 12:13:34.069,1.08695,1.08717,1.50,1.37
2018.02.05 12:13:34.679,1.08694,1.08717,2.25,1.37
2018.02.05 12:13:39.405,1.08695,1.08717,1.31,1.44
2018.02.05 12:13:39.457,1.08694,1.08717,1.81,2.06
2018.02.05 12:13:39.960,1.08694,1.08716,1.00,1.81
2018.02.05 12:13:40.522,1.08694,1.08715,1.25,1.50
2018.02.05 12:13:41.065,1.08694,1.08716,1.00,1.81
2018.02.05 12:13:41.236,1.08694,1.08715,1.25,1.50
2018.02.05 12:13:42.888,1.08694,1.08716,1.00,1.75
2018.02.05 12:13:43.312,1.08692,1.08715,2.25,1.56
2018.02.05 12:13:43.940,1.08692,1.08716,1.75,1.56
2018.02.05 12:13:45.451,1.08693,1.08717,1.38,2.81
2018.02.05 12:13:46.739,1.08693,1.08713,1.63,1.63
2018.02.05 12:13:47.242,1.08691,1.08714,2.25,1.50
2018.02.05 12:13:47.450,1.08691,1.08713,2.63,1.50
2018.02.05 12:13:48.342,1.08691,1.08713,2.06,1.56
2018.02.05 12:13:48.394,1.08692,1.08713,1.00,1.56
2018.02.05 12:13:48.897,1.08691,1.08713,1.94,1.56
2018.02.05 12:13:50.224,1.0869,1.08713,2.06,1.25
2018.02.05 12:13:50.795,1.0869,1.08713,3.75,1.63
2018.02.05 12:13:51.323,1.08691,1.08713,1.50,1.50
2018.02.05 12:13:51.683,1.08691,1.08713,1.50,1.75
2018.02.05 12:13:52.272,1.08691,1.08713,1.31,1.50
2018.02.05 12:13:55.551,1.08691,1.08713,1.50,1.75
2018.02.05 12:13:55.704,1.08691,1.08711,1.00,1.00
2018.02.05 12:13:55.755,1.08689,1.08711,3.00,1.38
2018.02.05 12:13:58.227,1.08689,1.08711,1.50,1.38
2018.02.05 12:14:00.145,1.08703,1.08711,1.00,1.63
2018.02.05 12:14:00.197,1.08704,1.08714,1.00,1.37
2018.02.05 12:14:00.576,1.08706,1.08715,1.00,2.44
2018.02.05 12:14:00.627,1.08705,1.08715,1.00,2.44
2018.02.05 12:14:00.787,1.08705,1.08715,1.00,2.06
2018.02.05 12:14:01.145,1.08705,1.08715,1.00,2.63
2018.02.05 12:14:01.735,1.08705,1.08715,1.00,1.56
2018.02.05 12:14:02.432,1.08705,1.08715,1.00,1.56
2018.02.05 12:14:02.534,1.08705,1.08715,1.00,1.56
2018.02.05 12:14:02.652,1.08703,1.08715,1.00,2.81
2018.02.05 12:14:02.914,1.08704,1.08715,1.00,2.44
2018.02.05 12:14:03.067,1.08704,1.08715,1.00,2.25
2018.02.05 12:14:03.524,1.08704,1.08715,1.00,1.94
2018.02.05 12:14:04.806,1.08705,1.08715,1.00,2.81
2018.02.05 12:14:05.244,1.08705,1.08714,1.00,1.56
2018.02.05 12:14:05.463,1.08705,1.08713,1.00,1.38
2018.02.05 12:14:05.670,1.08706,1.08715,1.00,2.44
2018.02.05 12:14:05.723,1.08706,1.08715,1.00,1.63
2018.02.05 12:14:05.882,1.08707,1.08716,1.00,1.69
2018.02.05 12:14:06.035,1.08704,1.0872,1.00,1.88
2018.02.05 12:14:06.087,1.0871,1.0872,1.00,1.25
2018.02.05 12:14:06.400,1.08715,1.08723,1.00,1.00
2018.02.05 12:14:06.733,1.08717,1.08725,1.00,1.63
2018.02.05 12:14:07.276,1.08717,1.08726,1.00,1.56
2018.02.05 12:14:07.778,1.08718,1.08726,1.00,1.56
2018.02.05 12:14:08.114,1.08718,1.08726,1.00,1.56
2018.02.05 12:14:08.455,1.08718,1.08726,1.00,1.56
2018.02.05 12:14:09.005,1.08718,1.08727,1.00,1.56
2018.02.05 12:14:09.110,1.08718,1.08727,1.00,1.56
2018.02.05 12:14:09.264,1.08718,1.08727,1.00,1.56
2018.02.05 12:14:10.034,1.08719,1.08727,1.00,1.56
2018.02.05 12:14:10.241,1.0872,1.08727,1.00,1.44
2018.02.05 12:14:10.592,1.0872,1.08727,1.00,1.37
2018.02.05 12:14:10.799,1.08721,1.0873,1.00,1.56
2018.02.05 12:14:11.460,1.08721,1.0873,1.00,1.56
2018.02.05 12:14:12.646,1.0872,1.08731,1.00,2.06
2018.02.05 12:14:13.170,1.08719,1.08731,1.00,2.06
2018.02.05 12:14:13.221,1.08721,1.08731,1.00,1.56
2018.02.05 12:14:13.526,1.08722,1.08733,1.00,2.19
2018.02.05 12:14:13.731,1.0872,1.08731,1.00,1.56
2018.02.05 12:14:14.973,1.08722,1.08733,1.00,3.19
2018.02.05 12:14:15.516,1.08721,1.08732,1.00,1.56
2018.02.05 12:14:16.282,1.08721,1.08731,1.00,1.56
2018.02.05 12:14:16.792,1.08721,1.08734,1.00,1.56
2018.02.05 12:14:17.316,1.08721,1.08733,1.00,1.56
2018.02.05 12:14:17.855,1.08721,1.08731,1.00,1.56
2018.02.05 12:14:18.411,1.08721,1.08732,1.00,1.56
2018.02.05 12:14:18.942,1.08721,1.08731,1.00,1.56
2018.02.05 12:14:22.079,1.08722,1.08731,1.00,1.56
2018.02.05 12:14:22.588,1.08722,1.08732,1.00,1.56
2018.02.05 12:14:23.104,1.08721,1.08731,1.00,1.56
2018.02.05 12:14:23.675,1.08722,1.08732,1.00,1.56
2018.02.05 12:14:24.188,1.08722,1.08731,1.00,1.56
2018.02.05 12:14:25.403,1.08722,1.08732,1.00,1.63
2018.02.05 12:14:25.913,1.08721,1.08731,1.00,1.63
2018.02.05 12:14:28.196,1.08721,1.08735,1.00,1.25
2018.02.05 12:14:28.249,1.08725,1.08738,1.00,1.37
2018.02.05 12:14:28.578,1.08731,1.08741,1.00,1.56
2018.02.05 12:14:28.629,1.08729,1.0874,1.00,1.56
2018.02.05 12:14:29.240,1.08729,1.0874,1.00,1.56
2018.02.05 12:14:29.842,1.08729,1.0874,1.00,1.75
2018.02.05 12:14:30.201,1.08728,1.0874,1.00,1.56
2018.02.05 12:14:30.303,1.0873,1.0874,1.00,1.56
2018.02.05 12:14:30.898,1.0873,1.08742,1.00,1.75
2018.02.05 12:14:31.484,1.0873,1.08742,1.00,1.56
2018.02.05 12:14:32.174,1.0873,1.08742,1.00,1.56
2018.02.05 12:14:32.842,1.0873,1.08742,1.00,1.56
2018.02.05 12:14:33.510,1.0873,1.08742,1.00,1.56
2018.02.05 12:14:34.092,1.0873,1.08742,1.00,1.81
2018.02.05 12:14:34.471,1.0873,1.08742,1.00,1.56
2018.02.05 12:14:34.929,1.0873,1.08742,1.00,1.56
2018.02.05 12:14:34.980,1.0873,1.08742,1.00,1.56
2018.02.05 12:14:35.261,1.0873,1.08744,1.00,1.88
2018.02.05 12:14:35.313,1.08735,1.08747,1.00,1.63
2018.02.05 12:14:35.692,1.08743,1.08752,1.00,1.38
2018.02.05 12:14:35.847,1.08743,1.08752,1.00,1.44
2018.02.05 12:14:36.261,1.08743,1.08755,1.00,1.56
2018.02.05 12:14:36.517,1.08743,1.08755,1.00,2.06
2018.02.05 12:14:36.983,1.08745,1.08756,1.00,1.75
2018.02.05 12:14:37.706,1.08745,1.08755,1.00,1.56
2018.02.05 12:14:37.860,1.08746,1.08755,1.00,1.63
2018.02.05 12:14:38.615,1.08746,1.08756,1.00,1.56
2018.02.05 12:14:39.033,1.08748,1.08757,1.00,1.69
2018.02.05 12:14:39.606,1.08748,1.08756,1.00,1.56
2018.02.05 12:14:40.361,1.08748,1.08757,1.00,1.69
2018.02.05 12:14:40.413,1.08746,1.08758,1.00,2.06
2018.02.05 12:14:40.822,1.08745,1.08758,1.00,1.31
2018.02.05 12:14:41.495,1.08745,1.08758,1.00,2.81
2018.02.05 12:14:42.090,1.08746,1.08758,1.00,2.81
2018.02.05 12:14:42.622,1.08745,1.08758,1.00,1.31
2018.02.05 12:14:43.087,1.08746,1.08758,1.00,1.31
2018.02.05 12:14:43.344,1.08748,1.08756,1.00,1.37
2018.02.05 12:14:43.396,1.08749,1.08759,1.00,2.06
2018.02.05 12:14:43.636,1.08755,1.08761,1.00,1.25
2018.02.05 12:14:43.946,1.08754,1.08765,1.00,1.56
2018.02.05 12:14:44.505,1.08753,1.08764,1.00,1.56
2018.02.05 12:14:44.837,1.08753,1.08763,1.00,1.69
2018.02.05 12:14:45.358,1.08754,1.08762,1.00,1.13
2018.02.05 12:14:46.247,1.08758,1.08764,1.00,1.00
2018.02.05 12:14:46.298,1.08758,1.08768,1.00,1.13
2018.02.05 12:14:46.350,1.08761,1.08771,1.00,1.88
2018.02.05 12:14:46.688,1.08765,1.08774,1.00,1.56
2018.02.05 12:14:47.235,1.08765,1.08774,1.00,1.37
2018.02.05 12:14:47.286,1.08765,1.08774,1.00,1.19
2018.02.05 12:14:47.389,1.08765,1.08774,1.00,1.00
2018.02.05 12:14:47.702,1.08765,1.08773,1.00,1.56
2018.02.05 12:14:48.412,1.08765,1.08773,1.00,1.44
2018.02.05 12:14:49.060,1.08765,1.08774,1.00,1.56
2018.02.05 12:14:49.876,1.08763,1.08774,1.00,1.56
2018.02.05 12:14:50.645,1.08763,1.08774,1.00,1.44
2018.02.05 12:14:50.950,1.08764,1.08774,1.00,1.00
2018.02.05 12:14:51.502,1.08764,1.08774,1.00,1.44
2018.02.05 12:14:52.005,1.08765,1.08774,1.00,1.44
2018.02.05 12:14:53.774,1.08766,1.08774,1.00,1.44
2018.02.05 12:14:54.360,1.08765,1.08774,1.00,1.44
2018.02.05 12:14:56.407,1.08765,1.08776,1.00,1.63
2018.02.05 12:14:56.959,1.08765,1.08776,1.00,1.56
2018.02.05 12:14:57.014,1.08767,1.08776,1.00,1.00
2018.02.05 12:14:57.066,1.08769,1.08776,1.00,1.00
2018.02.05 12:14:57.118,1.08766,1.08776,1.00,1.37
2018.02.05 12:14:57.170,1.08764,1.08777,1.00,1.37
2018.02.05 12:14:57.222,1.08762,1.08777,1.00,3.37
2018.02.05 12:14:57.326,1.08762,1.08773,1.00,1.00
2018.02.05 12:14:57.863,1.08761,1.08773,1.00,1.87
2018.02.05 12:14:58.339,1.08761,1.08773,1.00,1.87
2018.02.05 12:14:59.013,1.0876,1.08773,1.00,1.37
2018.02.05 12:14:59.529,1.08759,1.08773,1.00,1.75
2018.02.05 12:14:59.941,1.08759,1.08771,1.00,1.87
2018.02.05 12:15:00.279,1.08761,1.0877,1.00,1.25
2018.02.05 12:15:01.832,1.08759,1.08771,1.00,2.06
2018.02.05 12:15:01.884,1.08757,1.0877,1.00,1.19
2018.02.05 12:15:02.192,1.08758,1.08768,1.00,1.37
2018.02.05 12:15:02.505,1.08761,1.08767,1.00,1.00
2018.02.05 12:15:05.166,1.0876,1.08767,1.00,1.19
2018.02.05 12:15:05.575,1.08761,1.08771,1.00,1.44
2018.02.05 12:15:05.780,1.0876,1.0877,1.00,1.37
2018.02.05 12:15:06.640,1.0876,1.0877,1.00,1.37
2018.02.05 12:15:07.247,1.0876,1.0877,1.00,1.37
2018.02.05 12:15:07.725,1.0876,1.0877,1.00,1.25
2018.02.05 12:15:07.777,1.0876,1.0877,1.00,1.37
2018.02.05 12:15:08.470,1.0876,1.0877,1.00,1.00
2018.02.05 12:15:09.439,1.0876,1.0877,1.00,1.44
2018.02.05 12:15:09.595,1.0876,1.0877,1.00,1.38
2018.02.05 12:15:09.755,1.08758,1.08768,1.00,1.50
2018.02.05 12:15:09.807,1.0876,1.08771,1.00,1.88
2018.02.05 12:15:09.960,1.08762,1.08772,1.00,1.37
2018.02.05 12:15:10.317,1.08763,1.08773,1.00,2.06
2018.02.05 12:15:10.534,1.08765,1.08773,1.00,1.63
2018.02.05 12:15:11.102,1.08765,1.08774,1.00,1.56
2018.02.05 12:15:11.805,1.08766,1.08774,1.00,1.44
2018.02.05 12:15:12.308,1.08766,1.08775,1.00,1.50
2018.02.05 12:15:12.831,1.08768,1.08778,1.00,1.37
2018.02.05 12:15:12.882,1.0877,1.08779,1.00,1.88
2018.02.05 12:15:12.985,1.08774,1.08782,1.00,2.81
2018.02.05 12:15:13.037,1.08774,1.08781,1.00,1.88
2018.02.05 12:15:13.581,1.08774,1.08782,1.00,1.88
2018.02.05 12:15:14.114,1.08773,1.08782,1.00,1.44
2018.02.05 12:15:14.666,1.08773,1.08782,1.00,1.38
2018.02.05 12:15:15.141,1.08775,1.08784,1.00,1.63
2018.02.05 12:15:15.560,1.08775,1.08784,1.00,1.56
2018.02.05 12:15:16.076,1.08774,1.08784,1.00,1.56
2018.02.05 12:15:16.791,1.08775,1.08784,1.00,1.63
2018.02.05 12:15:17.438,1.08774,1.08784,1.00,1.63
2018.02.05 12:15:18.116,1.08775,1.08784,1.00,1.63
2018.02.05 12:15:19.963,1.08773,1.08785,1.00,2.81
2018.02.05 12:15:20.014,1.08775,1.08785,1.00,2.81
2018.02.05 12:15:20.165,1.08773,1.08785,1.00,2.81
2018.02.05 12:15:20.677,1.08774,1.08785,1.00,2.81
2018.02.05 12:15:21.476,1.08773,1.08783,1.00,1.63
2018.02.05 12:15:22.019,1.08774,1.08784,1.00,1.56
2018.02.05 12:15:22.768,1.08775,1.08784,1.00,1.00
2018.02.05 12:15:23.351,1.08775,1.08784,1.00,1.19
2018.02.05 12:15:23.660,1.08775,1.08783,1.00,1.63
2018.02.05 12:15:23.815,1.08774,1.08784,1.00,1.38
2018.02.05 12:15:23.969,1.08774,1.08784,1.00,1.63
2018.02.05 12:15:24.641,1.08775,1.08784,1.00,1.63
2018.02.05 12:15:24.844,1.08773,1.08784,1.00,1.63
2018.02.05 12:15:24.946,1.08775,1.08784,1.00,1.38
2018.02.05 12:15:25.808,1.08774,1.08786,1.00,2.06
2018.02.05 12:15:26.433,1.08775,1.08785,1.00,2.81
2018.02.05 12:15:26.714,1.08773,1.08783,1.00,1.38
2018.02.05 12:15:27.248,1.08774,1.08783,1.00,1.38
2018.02.05 12:15:27.792,1.08775,1.08784,1.00,1.38
2018.02.05 12:15:28.115,1.08773,1.08786,1.00,2.81
2018.02.05 12:15:28.320,1.08773,1.08785,1.00,1.63
2018.02.05 12:15:28.861,1.08774,1.08784,1.00,1.63
2018.02.05 12:15:29.492,1.08775,1.08785,1.00,2.06
2018.02.05 12:15:29.543,1.08775,1.08785,1.00,1.63
2018.02.05 12:15:29.594,1.08775,1.08785,1.00,1.63
2018.02.05 12:15:32.772,1.08775,1.08785,1.00,1.38
2018.02.05 12:15:32.927,1.08775,1.08786,1.00,1.19
2018.02.05 12:15:33.018,1.08775,1.08786,1.00,1.38
2018.02.05 12:15:33.375,1.08775,1.08787,1.00,2.44
2018.02.05 12:15:33.913,1.08775,1.08787,1.00,1.99
2018.02.05 12:15:34.545,1.08775,1.08786,1.00,1.62
2018.02.05 12:15:35.084,1.08775,1.08786,1.00,1.81
2018.02.05 12:15:35.637,1.08774,1.08787,1.00,1.74
2018.02.05 12:15:36.300,1.08774,1.08787,1.00,1.74
2018.02.05 12:15:36.967,1.08774,1.08787,1.00,2.24
2018.02.05 12:15:37.608,1.08774,1.08786,1.00,1.81
2018.02.05 12:15:38.322,1.08775,1.08785,1.00,1.63
2018.02.05 12:15:38.864,1.08775,1.08787,1.00,2.25
2018.02.05 12:15:41.203,1.08774,1.08786,1.00,1.63
2018.02.05 12:15:41.256,1.08778,1.08786,1.00,1.31
2018.02.05 12:15:41.740,1.08779,1.08787,1.00,1.19
2018.02.05 12:15:41.792,1.08779,1.08787,1.00,1.00
2018.02.05 12:15:42.310,1.08779,1.08788,1.00,2.06
2018.02.05 12:15:42.983,1.08779,1.08788,1.00,1.88
2018.02.05 12:15:43.034,1.08779,1.08788,1.00,2.06
2018.02.05 12:15:43.086,1.08779,1.08788,1.00,1.88
2018.02.05 12:15:43.610,1.08778,1.08791,1.00,1.69
2018.02.05 12:15:43.712,1.08779,1.08788,1.00,1.38
2018.02.05 12:15:43.865,1.08781,1.0879,1.00,2.63
2018.02.05 12:15:44.368,1.08781,1.0879,1.00,1.88
2018.02.05 12:15:44.647,1.08781,1.0879,1.00,1.38
2018.02.05 12:15:44.699,1.08781,1.08791,1.00,2.44
2018.02.05 12:15:44.802,1.08781,1.08789,1.00,1.63
2018.02.05 12:15:44.854,1.08781,1.08789,1.00,1.44
2018.02.05 12:15:45.373,1.08781,1.0879,1.00,1.38
2018.02.05 12:15:45.555,1.08781,1.08791,1.00,3.00
2018.02.05 12:15:46.096,1.08781,1.0879,1.00,1.38
2018.02.05 12:15:46.865,1.08781,1.0879,1.00,1.38
2018.02.05 12:15:47.813,1.08781,1.0879,1.00,1.88
2018.02.05 12:15:48.389,1.08784,1.08796,1.00,3.56
2018.02.05 12:15:48.543,1.08785,1.08796,1.00,1.56
2018.02.05 12:15:48.850,1.08789,1.08799,1.00,1.38
2018.02.05 12:15:48.954,1.08789,1.08799,1.00,1.56
2018.02.05 12:15:49.314,1.0879,1.08799,1.00,1.00
2018.02.05 12:15:49.535,1.08791,1.08799,1.00,1.00
2018.02.05 12:15:49.840,1.08791,1.08799,1.00,1.38
2018.02.05 12:15:50.144,1.08792,1.088,1.00,1.63
2018.02.05 12:15:50.297,1.08792,1.08801,1.00,2.06
2018.02.05 12:15:50.862,1.08792,1.088,1.00,1.63
2018.02.05 12:15:51.532,1.08792,1.088,1.00,1.38
2018.02.05 12:15:52.233,1.0879,1.088,1.00,1.38
2018.02.05 12:15:52.374,1.0879,1.088,1.00,1.63
2018.02.05 12:15:52.876,1.0879,1.088,1.00,1.38
2018.02.05 12:15:53.206,1.08786,1.08798,1.00,1.63
2018.02.05 12:15:53.309,1.08783,1.08798,1.00,1.31
2018.02.05 12:15:53.461,1.08787,1.08799,1.00,1.56
2018.02.05 12:15:53.769,1.0879,1.08801,1.00,2.06
2018.02.05 12:15:54.281,1.0879,1.088,1.00,1.56
2018.02.05 12:15:54.783,1.0879,1.08801,1.00,2.06
2018.02.05 12:15:55.234,1.08789,1.08793,1.00,1.00
2018.02.05 12:15:55.807,1.08791,1.08801,1.00,1.63
2018.02.05 12:15:56.327,1.08791,1.08801,1.00,1.63
2018.02.05 12:15:56.961,1.08791,1.08801,1.00,2.06
2018.02.05 12:15:57.797,1.08791,1.08801,1.00,2.06
2018.02.05 12:15:58.717,1.08791,1.08801,1.00,1.56
2018.02.05 12:15:58.820,1.08792,1.08801,1.00,1.38
2018.02.05 12:15:58.871,1.08792,1.08801,1.00,1.63
2018.02.05 12:15:59.230,1.08792,1.08801,1.00,1.38
2018.02.05 12:15:59.281,1.08792,1.08801,1.00,1.63
2018.02.05 12:15:59.950,1.08792,1.08801,1.00,1.63
2018.02.05 12:16:00.467,1.08792,1.08802,1.00,1.81
2018.02.05 12:16:00.660,1.08786,1.08798,1.00,1.81
2018.02.05 12:16:00.711,1.08783,1.08797,1.00,1.31
2018.02.05 12:16:00.913,1.08782,1.08793,1.00,1.56
2018.02.05 12:16:00.965,1.08782,1.08793,1.00,1.19
2018.02.05 12:16:01.016,1.08782,1.08793,1.00,1.38
2018.02.05 12:16:01.985,1.08772,1.08793,1.50,1.56
2018.02.05 12:16:02.145,1.08773,1.08792,1.00,1.56
2018.02.05 12:16:02.248,1.08772,1.08793,1.25,2.06
2018.02.05 12:16:02.402,1.0877,1.08792,1.00,1.94
2018.02.05 12:16:02.891,1.0877,1.08791,1.12,2.25
2018.02.05 12:16:03.351,1.08768,1.08791,1.69,2.06
2018.02.05 12:16:03.860,1.08768,1.0879,1.25,1.13
2018.02.05 12:16:04.123,1.08768,1.0879,1.25,1.81
2018.02.05 12:16:04.175,1.08768,1.0879,1.25,1.13
2018.02.05 12:16:04.692,1.08769,1.08791,1.00,2.44
2018.02.05 12:16:06.135,1.08769,1.0879,1.00,1.13
2018.02.05 12:16:06.289,1.08767,1.08787,1.25,1.38
2018.02.05 12:16:06.790,1.08766,1.08789,1.50,1.56
2018.02.05 12:16:07.071,1.08766,1.08789,1.12,1.19
2018.02.05 12:16:07.617,1.08766,1.08789,1.50,1.88
2018.02.05 12:16:08.128,1.08766,1.08789,1.50,1.13
2018.02.05 12:16:08.786,1.08766,1.08789,1.50,1.88
2018.02.05 12:16:11.028,1.08765,1.0879,1.69,3.38
2018.02.05 12:16:12.620,1.08765,1.08789,2.81,1.81
2018.02.05 12:16:13.421,1.08765,1.08789,2.81,1.81
2018.02.05 12:16:14.118,1.08765,1.0879,2.81,1.13
2018.02.05 12:16:14.278,1.08765,1.0879,1.69,1.88
2018.02.05 12:16:14.592,1.08765,1.08789,3.19,1.13
2018.02.05 12:16:15.146,1.08766,1.08789,1.25,1.13
2018.02.05 12:16:15.699,1.08766,1.08789,1.25,1.13
2018.02.05 12:16:16.099,1.08765,1.08789,3.00,1.13
2018.02.05 12:16:16.902,1.08766,1.08789,1.25,1.13
2018.02.05 12:16:17.630,1.08769,1.0879,1.00,1.56
2018.02.05 12:16:17.944,1.08767,1.08785,3.00,1.38
2018.02.05 12:16:17.996,1.08764,1.08785,1.69,2.63
2018.02.05 12:16:18.098,1.08762,1.08785,1.25,3.38
2018.02.05 12:16:18.253,1.08762,1.08785,1.00,3.00
2018.02.05 12:16:18.993,1.08761,1.08785,2.25,3.56
2018.02.05 12:16:19.362,1.08756,1.08779,1.50,1.31
2018.02.05 12:16:19.550,1.08752,1.08774,1.75,1.44
2018.02.05 12:16:19.601,1.08752,1.08774,1.25,1.50
2018.02.05 12:16:19.754,1.0875,1.08773,2.06,1.63
2018.02.05 12:16:20.133,1.0875,1.08774,1.88,1.50
2018.02.05 12:16:20.338,1.0875,1.08774,1.44,2.25
2018.02.05 12:16:20.526,1.08749,1.08774,1.12,2.25
2018.02.05 12:16:21.043,1.08749,1.08773,1.69,1.87
2018.02.05 12:16:21.546,1.08749,1.08773,1.00,2.62
2018.02.05 12:16:22.174,1.08749,1.08772,1.00,1.12
2018.02.05 12:16:22.999,1.08748,1.08772,1.50,1.12
2018.02.05 12:16:23.755,1.08749,1.08772,1.00,1.12
2018.02.05 12:16:26.469,1.08748,1.08772,1.50,1.12
2018.02.05 12:16:27.038,1.08749,1.08772,1.25,1.12
2018.02.05 12:16:27.714,1.08748,1.08772,1.87,1.12
2018.02.05 12:16:28.421,1.08749,1.08773,1.44,3.19
2018.02.05 12:16:33.047,1.08749,1.08772,1.25,1.87
2018.02.05 12:16:33.773,1.08748,1.08772,1.25,1.87
2018.02.05 12:16:34.466,1.08748,1.08772,1.25,1.69
2018.02.05 12:16:34.642,1.08748,1.08772,1.25,1.69
2018.02.05 12:16:34.831,1.08749,1.08772,1.44,1.87
2018.02.05 12:16:35.163,1.08748,1.08772,1.69,1.50
2018.02.05 12:16:35.506,1.08749,1.08772,1.25,1.87
2018.02.05 12:16:36.027,1.08749,1.08772,1.25,1.69
2018.02.05 12:16:36.566,1.08748,1.08772,2.44,1.87
2018.02.05 12:16:37.087,1.08748,1.08772,2.44,1.69
2018.02.05 12:16:37.420,1.08748,1.08772,2.44,1.69
2018.02.05 12:16:37.592,1.08748,1.08772,2.44,1.69
2018.02.05 12:16:38.137,1.08748,1.08772,2.44,1.87
2018.02.05 12:16:38.800,1.08748,1.08772,2.44,1.69
2018.02.05 12:16:38.874,1.08748,1.08772,2.44,1.69
2018.02.05 12:16:39.118,1.08749,1.08772,1.25,1.87
2018.02.05 12:16:40.209,1.08749,1.08772,1.00,1.12
2018.02.05 12:16:40.393,1.08749,1.08772,1.25,1.87
2018.02.05 12:16:41.028,1.08748,1.08759,1.00,1.37
2018.02.05 12:16:41.079,1.08742,1.08758,1.75,1.31
2018.02.05 12:16:41.131,1.08743,1.08753,1.00,1.88
2018.02.05 12:16:41.182,1.08731,1.08751,2.25,1.00
2018.02.05 12:16:41.233,1.08731,1.08747,1.75,1.00
2018.02.05 12:16:41.925,1.08728,1.08747,2.06,1.00
2018.02.05 12:16:42.201,1.08725,1.08743,1.00,1.00
2018.02.05 12:16:42.254,1.08721,1.08742,2.06,1.00
2018.02.05 12:16:42.778,1.08724,1.08744,1.37,1.69
2018.02.05 12:16:43.083,1.08725,1.08744,3.00,1.13
2018.02.05 12:16:43.135,1.08724,1.08744,1.75,1.13
2018.02.05 12:16:44.930,1.08725,1.08745,3.00,1.25
2018.02.05 12:16:45.746,1.08726,1.08745,1.12,1.25
2018.02.05 12:16:46.330,1.08725,1.08744,2.19,1.00
2018.02.05 12:16:48.020,1.08724,1.08743,1.37,1.44
2018.02.05 12:16:48.262,1.08723,1.08744,2.06,1.31
2018.02.05 12:16:48.313,1.08724,1.08744,1.62,1.50
2018.02.05 12:16:48.415,1.08724,1.08744,3.00,1.25
2018.02.05 12:16:48.466,1.08725,1.08744,2.25,1.25
2018.02.05 12:16:49.123,1.08727,1.08744,1.37,1.44
2018.02.05 12:16:49.718,1.08726,1.08746,2.06,1.62
2018.02.05 12:16:49.770,1.08727,1.08748,1.31,1.69
2018.02.05 12:16:50.128,1.08728,1.08749,1.69,1.25
2018.02.05 12:16:50.306,1.08728,1.08748,1.69,1.44
2018.02.05 12:16:51.572,1.08728,1.08749,1.88,1.87
2018.02.05 12:16:52.025,1.08728,1.08743,1.00,2.06
2018.02.05 12:16:52.077,1.08723,1.0874,1.00,1.69
2018.02.05 12:16:52.130,1.08717,1.08736,1.56,1.00
2018.02.05 12:16:52.248,1.08716,1.08734,1.87,1.00
2018.02.05 12:16:52.299,1.08714,1.08733,2.62,1.00
2018.02.05 12:16:52.451,1.08714,1.08736,1.31,1.44
2018.02.05 12:16:52.654,1.08714,1.08737,1.13,1.87
2018.02.05 12:16:52.705,1.08714,1.08736,1.63,1.37
2018.02.05 12:16:53.212,1.08713,1.08734,1.25,1.00
2018.02.05 12:16:53.939,1.08712,1.08733,2.25,1.25
2018.02.05 12:16:54.466,1.08712,1.08733,1.88,1.00
2018.02.05 12:16:54.808,1.08712,1.08735,1.69,1.31
2018.02.05 12:16:55.338,1.08712,1.08735,1.87,1.31
2018.02.05 12:16:55.543,1.08709,1.08732,1.25,1.31
2018.02.05 12:16:55.793,1.08711,1.08731,1.00,1.25
2018.02.05 12:16:56.320,1.08711,1.08732,1.12,1.00
2018.02.05 12:16:56.848,1.08711,1.08731,1.62,1.25
2018.02.05 12:16:58.702,1.08711,1.08731,1.31,1.25
2018.02.05 12:16:58.907,1.08708,1.08732,1.88,1.50
2018.02.05 12:17:00.716,1.08706,1.08729,2.25,1.00
2018.02.05 12:17:01.265,1.08705,1.08729,2.44,1.44
2018.02.05 12:17:01.772,1.08708,1.08728,1.00,1.44
2018.02.05 12:17:02.563,1.08706,1.08728,1.13,1.25
2018.02.05 12:17:03.167,1.08706,1.08728,2.00,1.37
2018.02.05 12:17:04.256,1.08706,1.08728,1.13,1.12
2018.02.05 12:17:04.502,1.08706,1.08728,1.63,1.37
2018.02.05 12:17:04.655,1.08693,1.08713,2.62,1.31
2018.02.05 12:17:04.710,1.08691,1.08711,1.25,1.00
2018.02.05 12:17:04.761,1.08692,1.08714,1.56,1.50
2018.02.05 12:17:04.813,1.08693,1.08717,2.06,1.44
2018.02.05 12:17:04.865,1.08694,1.08718,1.31,1.12
2018.02.05 12:17:05.245,1.08696,1.08717,1.50,1.37
2018.02.05 12:17:05.712,1.08696,1.08717,2.00,1.44
2018.02.05 12:17:06.290,1.08697,1.08717,1.12,1.37
2018.02.05 12:17:06.752,1.08697,1.08719,1.12,1.25
2018.02.05 12:17:07.071,1.08699,1.08719,1.50,1.37
2018.02.05 12:17:07.811,1.08698,1.08719,1.50,1.44
2018.02.05 12:17:08.240,1.08702,1.0872,1.00,1.25
2018.02.05 12:17:08.292,1.08699,1.0872,1.37,1.25
2018.02.05 12:17:08.806,1.08698,1.08723,1.37,2.06
2018.02.05 12:17:09.081,1.08701,1.08723,1.00,2.06
2018.02.05 12:17:09.675,1.08701,1.08724,1.56,2.44
2018.02.05 12:17:10.216,1.08701,1.08721,1.56,1.25
2018.02.05 12:17:10.871,1.08698,1.08721,2.25,1.25
2018.02.05 12:17:12.013,1.08702,1.08721,1.00,1.44
2018.02.05 12:17:14.739,1.08702,1.08723,1.00,1.37
2018.02.05 12:17:15.059,1.08697,1.08712,1.56,1.25
2018.02.05 12:17:15.366,1.08698,1.08709,1.31,1.00
2018.02.05 12:17:15.622,1.08695,1.08707,1.00,1.00
2018.02.05 12:17:15.707,1.08692,1.08707,1.87,1.00
2018.02.05 12:17:15.760,1.0869,1.08709,1.12,1.25
2018.02.05 12:17:15.812,1.0869,1.08707,1.00,1.00
2018.02.05 12:17:16.325,1.08689,1.08706,1.00,1.00
2018.02.05 12:17:16.855,1.0869,1.08706,1.00,1.12
2018.02.05 12:17:17.377,1.08689,1.08704,1.00,1.00
2018.02.05 12:17:17.883,1.0869,1.08705,1.00,1.25
2018.02.05 12:17:18.409,1.0869,1.08705,1.00,1.31
2018.02.05 12:17:18.930,1.0869,1.08705,1.00,1.25
2018.02.05 12:17:19.280,1.0869,1.08705,1.00,1.62
2018.02.05 12:17:21.614,1.08689,1.08705,1.00,1.25
2018.02.05 12:17:22.140,1.08691,1.08704,1.00,1.00
2018.02.05 12:17:22.191,1.08688,1.08704,1.87,1.00
2018.02.05 12:17:22.242,1.08688,1.08707,1.87,1.25
2018.02.05 12:17:22.793,1.08688,1.08706,1.50,1.00
2018.02.05 12:17:23.609,1.08688,1.08705,1.00,1.00
2018.02.05 12:17:24.324,1.08689,1.08705,1.00,1.00
2018.02.05 12:17:24.549,1.08691,1.08706,1.31,1.00
2018.02.05 12:17:24.601,1.08691,1.08708,1.87,1.00
2018.02.05 12:17:24.653,1.08689,1.08708,2.25,1.00
2018.02.05 12:17:24.838,1.08689,1.08704,1.00,1.00
2018.02.05 12:17:25.042,1.08685,1.08704,1.12,1.00
2018.02.05 12:17:25.630,1.08685,1.08705,1.31,1.12
2018.02.05 12:17:26.164,1.08686,1.08705,1.25,1.44
2018.02.05 12:17:27.250,1.08685,1.08705,1.00,1.19
2018.02.05 12:17:28.353,1.08686,1.08705,1.00,1.56
2018.02.05 12:17:28.523,1.08684,1.08705,1.12,1.25
2018.02.05 12:17:28.625,1.08686,1.08705,1.00,1.19
2018.02.05 12:17:28.729,1.08683,1.08705,2.62,1.44
2018.02.05 12:17:29.271,1.08685,1.08705,1.00,1.56
2018.02.05 12:17:29.812,1.08685,1.08705,1.00,1.62
2018.02.05 12:17:30.357,1.08682,1.08705,2.25,1.62
2018.02.05 12:17:30.923,1.08682,1.08705,2.44,1.56
2018.02.05 12:17:31.676,1.08681,1.08705,3.00,1.56
2018.02.05 12:17:32.261,1.08682,1.08704,1.87,1.25
2018.02.05 12:17:32.722,1.08679,1.08699,1.62,1.00
2018.02.05 12:17:33.345,1.08678,1.087,1.69,1.00
2018.02.05 12:17:34.097,1.08678,1.08703,1.50,3.75
2018.02.05 12:17:35.028,1.08678,1.08702,2.06,1.56
2018.02.05 12:17:35.770,1.08678,1.08703,1.87,3.75
2018.02.05 12:17:36.508,1.08678,1.08702,2.25,1.25
2018.02.05 12:17:36.822,1.08681,1.08705,3.00,1.31
2018.02.05 12:17:37.153,1.08686,1.08704,1.12,1.00
2018.02.05 12:17:37.257,1.08687,1.08706,2.62,1.00
2018.02.05 12:17:37.361,1.08691,1.08706,1.00,1.00
2018.02.05 12:17:37.413,1.08687,1.08706,2.25,1.00
2018.02.05 12:17:37.957,1.0869,1.08707,1.50,1.00
2018.02.05 12:17:38.542,1.0869,1.08708,1.87,1.00
2018.02.05 12:17:38.751,1.08691,1.08709,1.50,1.00
2018.02.05 12:17:39.267,1.08693,1.08711,1.69,1.00
2018.02.05 12:17:39.319,1.08693,1.08715,1.69,1.19
2018.02.05 12:17:39.371,1.08693,1.08715,2.06,1.25
2018.02.05 12:17:39.423,1.08694,1.08717,2.25,1.25
2018.02.05 12:17:39.731,1.08697,1.08717,1.00,1.56
2018.02.05 12:17:39.833,1.08695,1.08717,1.87,1.87
2018.02.05 12:17:40.401,1.08696,1.08717,1.00,2.44
2018.02.05 12:17:40.938,1.08697,1.08716,1.00,1.19
2018.02.05 12:17:42.975,1.08699,1.08717,1.00,1.94
2018.02.05 12:17:43.454,1.08698,1.08717,1.00,1.25
2018.02.05 12:17:44.034,1.08699,1.08717,1.00,1.81
2018.02.05 12:17:44.572,1.08699,1.08717,1.00,1.12
2018.02.05 12:17:45.130,1.08698,1.08718,1.56,1.69
2018.02.05 12:17:45.688,1.08698,1.08718,1.00,1.69
2018.02.05 12:17:46.915,1.08698,1.08718,1.00,2.06
2018.02.05 12:17:47.632,1.08699,1.08717,1.00,1.12
2018.02.05 12:17:48.436,1.08698,1.08718,1.00,1.87
2018.02.05 12:17:48.986,1.08699,1.08718,1.00,2.06
2018.02.05 12:17:49.730,1.08698,1.08718,1.00,1.69
2018.02.05 12:17:50.274,1.08699,1.08718,1.00,2.19
2018.02.05 12:17:50.775,1.08698,1.08718,1.00,1.56
2018.02.05 12:17:51.288,1.08699,1.08718,1.00,1.50
2018.02.05 12:17:51.394,1.08702,1.08721,1.00,1.75
2018.02.05 12:17:51.447,1.08709,1.08727,1.00,2.06
2018.02.05 12:17:51.499,1.08709,1.0873,1.00,1.69
2018.02.05 12:17:51.603,1.08711,1.08731,1.00,2.00
2018.02.05 12:17:52.390,1.08711,1.08726,1.00,1.19
2018.02.05 12:17:52.442,1.08711,1.08728,1.00,1.87
2018.02.05 12:17:52.495,1.08725,1.08733,1.00,1.00
2018.02.05 12:17:52.547,1.0872,1.0874,1.00,1.69
2018.02.05 12:17:52.598,1.08722,1.08741,1.00,1.87
2018.02.05 12:17:52.766,1.08723,1.08742,1.12,1.00
2018.02.05 12:17:52.818,1.08725,1.08743,1.00,1.00
2018.02.05 12:17:53.346,1.08724,1.08742,1.00,1.00
2018.02.05 12:17:53.668,1.0874,1.08761,1.00,1.25
2018.02.05 12:17:53.719,1.0874,1.0876,2.06,1.00
2018.02.05 12:17:54.213,1.08741,1.0876,1.00,1.31
2018.02.05 12:17:54.588,1.08741,1.08757,1.00,1.44
2018.02.05 12:17:54.907,1.08737,1.08758,1.12,1.37
2018.02.05 12:17:55.630,1.08737,1.08758,1.12,1.37
2018.02.05 12:17:56.404,1.08738,1.08758,1.00,1.25
2018.02.05 12:17:56.769,1.08738,1.08758,1.56,1.00
2018.02.05 12:17:57.154,1.08738,1.08759,1.00,1.00
2018.02.05 12:17:58.325,1.08738,1.08758,1.00,1.00
2018.02.05 12:17:58.941,1.08738,1.08759,1.00,1.00
2018.02.05 12:18:00.951,1.08738,1.08758,1.12,1.00
2018.02.05 12:18:01.999,1.08738,1.08759,1.00,1.00
2018.02.05 12:18:02.817,1.08738,1.08759,2.06,1.00
2018.02.05 12:18:02.869,1.08741,1.08758,1.00,1.00
2018.02.05 12:18:03.126,1.08741,1.0876,1.00,1.00
2018.02.05 12:18:04.073,1.0874,1.0876,1.50,1.00
2018.02.05 12:18:04.826,1.08741,1.08759,1.00,1.00
2018.02.05 12:18:06.288,1.08741,1.0876,1.00,1.00
2018.02.05 12:18:06.724,1.08741,1.08759,1.00,1.44
2018.02.05 12:18:07.482,1.0874,1.0876,1.00,1.44
2018.02.05 12:18:08.892,1.08741,1.08759,1.00,1.44
2018.02.05 12:18:09.594,1.0874,1.08759,1.00,1.25
2018.02.05 12:18:10.335,1.08741,1.08759,1.00,1.44
2018.02.05 12:18:10.657,1.08739,1.08759,1.50,1.44
2018.02.05 12:18:11.364,1.08738,1.0876,2.62,1.44
2018.02.05 12:18:12.005,1.08738,1.08759,1.31,1.44
2018.02.05 12:18:12.527,1.08738,1.08759,1.00,1.37
2018.02.05 12:18:13.140,1.08738,1.08759,1.00,1.44
2018.02.05 12:18:13.758,1.08738,1.08759,1.00,1.37
2018.02.05 12:18:14.802,1.08738,1.0876,1.00,1.50
2018.02.05 12:18:15.312,1.08738,1.08759,1.25,1.00
2018.02.05 12:18:15.911,1.08739,1.08759,1.00,1.25
2018.02.05 12:18:16.428,1.08739,1.0876,1.00,1.25
2018.02.05 12:18:16.967,1.08739,1.0876,1.00,1.44
2018.02.05 12:18:17.602,1.08739,1.08761,1.87,1.37
2018.02.05 12:18:18.137,1.08739,1.0876,1.12,1.44
2018.02.05 12:18:18.840,1.08739,1.08761,1.12,1.37
2018.02.05 12:18:19.056,1.08738,1.08761,1.37,1.25
2018.02.05 12:18:19.108,1.08739,1.08761,1.12,1.37
2018.02.05 12:18:19.740,1.08739,1.08761,1.12,1.44
2018.02.05 12:18:19.791,1.08738,1.08761,1.37,1.25
2018.02.05 12:18:20.012,1.08739,1.08761,1.12,1.37
2018.02.05 12:18:20.176,1.08739,1.08761,1.12,1.44
2018.02.05 12:18:20.397,1.08739,1.08761,1.12,1.37
2018.02.05 12:18:20.756,1.08739,1.08761,1.12,1.44
2018.02.05 12:18:21.108,1.08738,1.08761,1.37,1.19
2018.02.05 12:18:21.160,1.08739,1.08761,1.12,1.44
2018.02.05 12:18:21.533,1.08739,1.08761,1.12,1.37
2018.02.05 12:18:21.797,1.08739,1.08761,1.12,1.44
2018.02.05 12:18:21.980,1.08739,1.08761,1.12,1.37
2018.02.05 12:18:22.367,1.08738,1.08761,1.37,1.44
2018.02.05 12:18:22.561,1.08739,1.0876,1.00,1.37
2018.02.05 12:18:23.211,1.08741,1.08762,1.00,1.50
2018.02.05 12:18:23.262,1.08739,1.08762,1.50,1.50
2018.02.05 12:18:23.364,1.08739,1.08762,1.50,1.50
2018.02.05 12:18:23.664,1.08738,1.08761,1.50,2.44
2018.02.05 12:18:23.990,1.08739,1.08761,1.00,2.81
2018.02.05 12:18:24.194,1.08739,1.08761,1.00,2.06
2018.02.05 12:18:24.246,1.08743,1.08761,1.00,1.69
2018.02.05 12:18:24.555,1.08748,1.08764,1.00,1.12
2018.02.05 12:18:24.658,1.08746,1.08764,1.50,1.00
2018.02.05 12:18:25.530,1.08747,1.08764,1.00,1.31
2018.02.05 12:18:28.396,1.08746,1.08764,1.50,1.25
2018.02.05 12:18:28.911,1.08747,1.08764,1.00,1.44
2018.02.05 12:18:29.649,1.08746,1.08764,1.50,1.44
2018.02.05 12:18:30.178,1.08747,1.08764,1.00,1.37
2018.02.05 12:18:30.229,1.08743,1.08762,1.50,1.12
2018.02.05 12:18:32.120,1.08742,1.08765,1.87,3.94
2018.02.05 12:18:32.171,1.08743,1.08761,1.00,1.37
2018.02.05 12:18:33.710,1.08742,1.08762,1.50,1.69
2018.02.05 12:18:34.648,1.08741,1.08761,1.00,1.12
2018.02.05 12:18:34.752,1.08739,1.08761,1.00,1.69
2018.02.05 12:18:34.905,1.08739,1.0876,1.00,1.62
2018.02.05 12:18:35.593,1.08738,1.0876,1.12,1.12
2018.02.05 12:18:37.277,1.08737,1.0876,1.50,2.44
2018.02.05 12:18:37.854,1.08738,1.0876,1.00,2.00
2018.02.05 12:18:38.164,1.08742,1.0876,1.00,1.44
2018.02.05 12:18:38.794,1.08741,1.08761,1.50,1.19
2018.02.05 12:18:39.529,1.08742,1.08763,1.00,2.06
2018.02.05 12:18:39.831,1.08742,1.08763,1.00,2.06
2018.02.05 12:18:40.521,1.08741,1.08763,1.50,2.06
2018.02.05 12:18:40.831,1.08748,1.08765,1.00,1.12
2018.02.05 12:18:41.188,1.08748,1.08765,1.00,1.56
2018.02.05 12:18:41.723,1.08744,1.08762,1.50,1.50
2018.02.05 12:18:41.775,1.08744,1.08763,1.00,1.87
2018.02.05 12:18:41.827,1.08741,1.08762,1.00,1.50
2018.02.05 12:18:42.015,1.08741,1.08761,1.00,1.12
2018.02.05 12:18:42.553,1.0874,1.08762,1.00,1.75
2018.02.05 12:18:43.065,1.0874,1.0876,1.00,1.31
2018.02.05 12:18:43.779,1.08739,1.08761,1.00,2.00
2018.02.05 12:18:44.231,1.0874,1.0876,1.00,1.31
2018.02.05 12:18:44.334,1.08737,1.0876,1.50,2.44
2018.02.05 12:18:45.503,1.08737,1.0876,1.00,1.12
2018.02.05 12:18:46.010,1.08738,1.08761,1.00,4.31
2018.02.05 12:18:47.070,1.08738,1.0876,1.00,1.31
2018.02.05 12:18:48.943,1.08738,1.08752,1.00,1.00
2018.02.05 12:18:49.522,1.08738,1.08761,1.00,2.62
2018.02.05 12:18:50.210,1.08738,1.08761,1.50,2.62
2018.02.05 12:18:52.613,1.08738,1.08756,1.50,1.50
2018.02.05 12:18:52.665,1.08736,1.08755,1.00,1.56
2018.02.05 12:18:52.718,1.08731,1.0875,1.50,1.56
2018.02.05 12:18:52.769,1.08729,1.08751,2.44,1.56
2018.02.05 12:18:52.821,1.08729,1.0875,1.69,2.06
2018.02.05 12:18:53.578,1.08728,1.08748,1.00,1.50
2018.02.05 12:18:54.088,1.08728,1.08749,1.00,1.81
2018.02.05 12:18:54.749,1.08727,1.08748,1.50,1.00
2018.02.05 12:18:55.863,1.08729,1.08749,1.00,1.81
2018.02.05 12:18:56.173,1.08735,1.08752,1.00,1.00
2018.02.05 12:18:56.710,1.08735,1.08753,1.00,1.00
2018.02.05 12:18:57.984,1.08734,1.08753,1.00,1.69
2018.02.05 12:18:58.293,1.08724,1.08741,1.00,1.00
2018.02.05 12:18:58.345,1.08718,1.08739,2.00,1.00
2018.02.05 12:18:58.397,1.08717,1.08738,1.69,1.00
2018.02.05 12:18:58.924,1.08717,1.08738,1.75,1.25
2018.02.05 12:18:59.881,1.08717,1.08739,2.25,1.37
2018.02.05 12:19:00.471,1.08717,1.08739,2.25,1.37
2018.02.05 12:19:01.905,1.08717,1.08739,2.25,1.44
2018.02.05 12:19:02.110,1.0872,1.08742,1.00,1.50
2018.02.05 12:19:02.784,1.0872,1.08742,1.00,1.44
2018.02.05 12:19:03.375,1.0872,1.08741,1.50,1.44
2018.02.05 12:19:03.899,1.0872,1.08742,1.00,1.44
2018.02.05 12:19:08.651,1.0872,1.08742,1.31,1.50
2018.02.05 12:19:09.658,1.08718,1.08742,1.69,1.37
2018.02.05 12:19:10.245,1.08717,1.08742,3.37,1.44
2018.02.05 12:19:10.668,1.08718,1.08742,1.31,2.25
2018.02.05 12:19:10.972,1.08718,1.08742,2.44,2.25
2018.02.05 12:19:11.168,1.08718,1.08742,2.06,2.25
2018.02.05 12:19:11.725,1.08718,1.08742,2.06,2.25
2018.02.05 12:19:12.227,1.08718,1.08742,1.31,1.50
2018.02.05 12:19:12.736,1.08718,1.08742,2.06,2.25
2018.02.05 12:19:13.323,1.08718,1.08742,1.31,1.50
2018.02.05 12:19:13.934,1.08718,1.08742,2.06,2.25
2018.02.05 12:19:15.146,1.08719,1.08742,1.00,2.25
2018.02.05 12:19:15.722,1.08717,1.08741,3.37,1.37
2018.02.05 12:19:16.256,1.08718,1.08741,1.50,1.44
2018.02.05 12:19:16.308,1.08717,1.08741,2.62,1.25
2018.02.05 12:19:16.851,1.08718,1.08741,1.50,1.37
2018.02.05 12:19:17.447,1.08718,1.08741,1.50,1.44
2018.02.05 12:19:18.246,1.08717,1.08741,3.19,1.37
2018.02.05 12:19:18.763,1.08718,1.08741,1.31,1.37
2018.02.05 12:19:19.372,1.08718,1.08741,1.31,1.37
2018.02.05 12:19:19.897,1.08717,1.08741,3.19,1.37
2018.02.05 12:19:20.548,1.08718,1.08741,1.31,1.37
2018.02.05 12:19:21.099,1.08717,1.08741,3.19,1.37
2018.02.05 12:19:21.733,1.08718,1.08741,1.69,1.37
2018.02.05 12:19:23.244,1.08717,1.08742,2.44,1.37
2018.02.05 12:19:23.959,1.08717,1.0874,1.69,1.81
2018.02.05 12:19:24.164,1.08717,1.08741,1.87,1.81
2018.02.05 12:19:25.008,1.08718,1.08741,1.62,1.44
2018.02.05 12:19:25.545,1.08717,1.08741,3.56,1.00
2018.02.05 12:19:28.296,1.08717,1.08742,4.31,1.25
2018.02.05 12:19:30.959,1.08719,1.08742,2.25,1.00
2018.02.05 12:19:31.263,1.08715,1.08734,1.31,1.00
2018.02.05 12:19:31.365,1.08714,1.08736,1.12,1.50
2018.02.05 12:19:31.416,1.08719,1.0874,1.00,2.25
2018.02.05 12:19:31.518,1.08721,1.08742,1.00,1.37
2018.02.05 12:19:32.329,1.08722,1.08742,1.00,1.37
2018.02.05 12:19:32.847,1.08722,1.08742,1.00,1.37
2018.02.05 12:19:33.108,1.08721,1.08742,1.00,1.87
2018.02.05 12:19:33.461,1.08722,1.08742,1.00,1.87
2018.02.05 12:19:34.291,1.08721,1.08742,1.00,1.87
2018.02.05 12:19:35.356,1.08722,1.08742,1.00,1.87
2018.02.05 12:19:35.544,1.08722,1.08742,1.00,1.87
2018.02.05 12:19:36.076,1.08721,1.08742,1.00,1.69
2018.02.05 12:19:36.738,1.08722,1.08742,1.00,1.87
2018.02.05 12:19:38.971,1.08721,1.08742,1.00,1.87
2018.02.05 12:19:40.618,1.08722,1.08742,1.00,1.87
2018.02.05 12:19:41.383,1.08721,1.08742,1.25,1.44
2018.02.05 12:19:41.923,1.08722,1.08742,1.25,1.37
2018.02.05 12:19:42.426,1.08721,1.08742,1.25,1.44
2018.02.05 12:19:43.065,1.08722,1.08742,1.25,1.37
2018.02.05 12:19:43.731,1.08721,1.08742,1.12,1.44
2018.02.05 12:19:44.299,1.08721,1.08742,1.31,1.25
2018.02.05 12:19:47.115,1.08722,1.08742,1.25,1.44
2018.02.05 12:19:48.188,1.0872,1.08742,2.25,1.25
2018.02.05 12:19:49.414,1.0872,1.08742,1.81,1.44
2018.02.05 12:19:49.945,1.08719,1.08742,1.37,3.00
2018.02.05 12:19:50.223,1.08719,1.08742,1.37,3.00
2018.02.05 12:19:51.091,1.08719,1.08741,1.37,1.37
2018.02.05 12:19:51.264,1.08719,1.08742,1.37,3.56
2018.02.05 12:19:51.486,1.08719,1.08742,1.37,3.56
2018.02.05 12:19:51.612,1.08719,1.08741,1.37,1.44
2018.02.05 12:19:52.063,1.08716,1.08738,1.00,2.06
2018.02.05 12:19:52.364,1.08716,1.08736,1.00,1.81
2018.02.05 12:19:53.516,1.08716,1.08737,1.00,2.44
2018.02.05 12:19:54.074,1.08716,1.08737,1.00,2.06
2018.02.05 12:19:55.294,1.08716,1.08735,1.00,3.37
2018.02.05 12:19:55.398,1.08713,1.08732,1.62,1.00
2018.02.05 12:19:55.450,1.08713,1.08734,2.25,1.00
2018.02.05 12:19:55.759,1.08716,1.08735,2.44,1.00
2018.02.05 12:19:56.361,1.08717,1.08735,1.25,1.00
2018.02.05 12:19:56.922,1.08716,1.08735,2.06,1.00
2018.02.05 12:19:56.973,1.08716,1.08738,2.06,1.44
2018.02.05 12:19:57.025,1.08716,1.08738,2.44,1.44
2018.02.05 12:19:58.150,1.08718,1.08738,1.56,1.37
2018.02.05 12:19:58.414,1.08716,1.08738,2.44,1.44
2018.02.05 12:20:00.254,1.08717,1.08738,1.00,1.44
2018.02.05 12:20:01.199,1.08717,1.08738,1.69,1.19
2018.02.05 12:20:01.351,1.08717,1.08738,2.44,1.00
2018.02.05 12:20:03.815,1.08718,1.08741,1.31,3.00
2018.02.05 12:20:05.872,1.08718,1.08741,1.31,2.77
2018.02.05 12:20:06.615,1.08718,1.08741,1.25,2.21
2018.02.05 12:20:09.987,1.08718,1.08741,1.31,3.00
2018.02.05 12:20:10.125,1.08718,1.08736,1.31,1.00
2018.02.05 12:20:10.748,1.08718,1.08741,1.31,3.00
2018.02.05 12:20:14.176,1.08718,1.08741,1.31,3.00
2018.02.05 12:20:14.331,1.08718,1.08741,1.25,2.06
2018.02.05 12:20:14.383,1.08718,1.08741,1.31,3.00
2018.02.05 12:20:14.898,1.08719,1.08741,1.00,2.62
2018.02.05 12:20:15.623,1.08718,1.08741,1.25,2.25
2018.02.05 12:20:24.700,1.08718,1.08741,1.25,3.00
2018.02.05 12:20:25.250,1.08718,1.08741,1.00,2.25
2018.02.05 12:20:27.600,1.08718,1.08741,1.25,2.25
2018.02.05 12:20:27.702,1.08718,1.08741,1.00,1.56
2018.02.05 12:20:28.374,1.08718,1.08741,1.25,2.25
2018.02.05 12:20:28.917,1.08718,1.0874,1.00,1.12
2018.02.05 12:20:29.642,1.08718,1.08739,1.25,1.00
2018.02.05 12:20:30.162,1.08718,1.08739,1.25,1.44
2018.02.05 12:20:31.512,1.08718,1.0874,1.31,1.50
2018.02.05 12:20:32.667,1.08718,1.08741,2.81,1.75
2018.02.05 12:20:33.205,1.08718,1.08741,2.81,1.37
2018.02.05 12:20:34.722,1.08718,1.08741,2.44,1.56
2018.02.05 12:20:34.859,1.08718,1.08741,2.44,2.06
2018.02.05 12:20:35.503,1.08718,1.08741,1.69,2.25
2018.02.05 12:20:35.604,1.08718,1.08741,2.44,1.56
2018.02.05 12:20:35.706,1.08718,1.08741,2.44,1.62
2018.02.05 12:20:36.228,1.08718,1.08741,1.69,1.81
2018.02.05 12:20:42.096,1.08723,1.08743,1.12,1.00
2018.02.05 12:20:42.200,1.08721,1.08742,1.31,1.25
2018.02.05 12:20:42.252,1.0872,1.08741,1.31,1.50
2018.02.05 12:20:42.530,1.08717,1.08737,1.31,1.00
2018.02.05 12:20:43.064,1.08717,1.08738,1.12,1.00
2018.02.05 12:20:43.574,1.08717,1.0874,1.69,1.37
2018.02.05 12:20:43.914,1.08713,1.08733,1.87,1.00
2018.02.05 12:20:44.238,1.08713,1.0873,2.25,1.00
2018.02.05 12:20:44.766,1.08713,1.08731,1.00,1.00
2018.02.05 12:20:45.257,1.0871,1.0873,1.00,1.00
2018.02.05 12:20:45.798,1.08709,1.08732,3.00,1.25
2018.02.05 12:20:45.950,1.08715,1.08737,1.00,1.50
2018.02.05 12:20:46.267,1.08719,1.08741,1.00,3.00
2018.02.05 12:20:46.574,1.08718,1.08741,1.69,2.62
2018.02.05 12:20:47.203,1.08718,1.08741,1.31,2.44
2018.02.05 12:20:47.727,1.08718,1.08741,1.69,2.62
2018.02.05 12:20:50.239,1.08718,1.0874,1.00,1.12
2018.02.05 12:20:51.160,1.08718,1.0874,1.50,1.12
2018.02.05 12:20:51.446,1.08718,1.08741,1.00,2.81
2018.02.05 12:20:51.676,1.08718,1.0874,1.50,1.12
2018.02.05 12:20:51.778,1.08718,1.0874,1.50,1.12
2018.02.05 12:20:52.300,1.08718,1.08741,1.00,2.81
2018.02.05 12:20:52.572,1.08715,1.08738,3.56,1.25
2018.02.05 12:20:52.674,1.08715,1.08738,3.00,1.31
2018.02.05 12:20:52.879,1.08715,1.08738,1.56,1.62
2018.02.05 12:20:53.418,1.08715,1.08738,1.25,2.00
2018.02.05 12:20:53.843,1.08715,1.08737,2.00,1.00
2018.02.05 12:20:54.212,1.08713,1.08736,1.25,1.44
2018.02.05 12:20:54.366,1.08712,1.08733,1.00,1.12
2018.02.05 12:20:54.672,1.0871,1.08731,1.00,1.25
2018.02.05 12:20:55.204,1.0871,1.08732,1.00,2.25
2018.02.05 12:20:55.710,1.0871,1.08732,1.00,1.50
2018.02.05 12:20:56.361,1.0871,1.08732,1.37,2.44
2018.02.05 12:20:56.893,1.0871,1.08731,1.37,1.25
2018.02.05 12:20:58.490,1.0871,1.08731,1.00,1.25
2018.02.05 12:20:59.014,1.0871,1.08732,1.00,2.25
2018.02.05 12:20:59.558,1.0871,1.08732,1.00,1.87
2018.02.05 12:21:01.081,1.0871,1.08732,1.00,3.56
2018.02.05 12:21:01.519,1.08708,1.08731,1.00,1.31
2018.02.05 12:21:01.571,1.08707,1.0873,2.06,1.50
2018.02.05 12:21:02.078,1.08707,1.0873,1.00,2.00
2018.02.05 12:21:02.412,1.08707,1.08729,1.00,1.12
2018.02.05 12:21:02.464,1.08707,1.0873,1.00,2.62
2018.02.05 12:21:02.647,1.08707,1.08729,1.00,1.12
2018.02.05 12:21:03.156,1.08707,1.0873,1.00,2.62
2018.02.05 12:21:03.930,1.08707,1.0873,1.12,1.37
2018.02.05 12:21:04.475,1.08708,1.08731,1.00,1.37
2018.02.05 12:21:04.995,1.08707,1.08731,1.87,1.37
2018.02.05 12:21:05.529,1.08707,1.08731,2.25,1.25
2018.02.05 12:21:05.845,1.08708,1.08731,1.50,1.37
2018.02.05 12:21:07.075,1.08708,1.08732,1.69,3.94
2018.02.05 12:21:07.618,1.08708,1.08732,1.69,3.37
2018.02.05 12:21:08.396,1.08707,1.08732,3.19,2.62
2018.02.05 12:21:08.928,1.08708,1.08732,1.69,3.37
2018.02.05 12:21:09.967,1.08708,1.08729,1.56,1.00
2018.02.05 12:21:11.543,1.08707,1.0873,3.37,1.25
2018.02.05 12:21:12.735,1.08707,1.08729,2.44,1.25
2018.02.05 12:21:13.892,1.08707,1.0873,1.50,1.44
2018.02.05 12:21:14.433,1.08713,1.08734,1.50,1.00
2018.02.05 12:21:14.714,1.08716,1.0874,4.31,1.69
2018.02.05 12:21:15.328,1.08716,1.0874,3.19,1.44
2018.02.05 12:21:15.763,1.08716,1.0874,2.44,1.50
2018.02.05 12:21:16.092,1.08716,1.08737,1.69,1.00
2018.02.05 12:21:16.350,1.08713,1.08735,1.00,1.31
2018.02.05 12:21:16.607,1.08713,1.08735,1.00,1.50
2018.02.05 12:21:17.440,1.08713,1.08731,1.00,1.25
2018.02.05 12:21:17.492,1.08711,1.08731,1.00,1.25
2018.02.05 12:21:17.544,1.08709,1.08729,1.25,1.00
2018.02.05 12:21:18.082,1.08709,1.08729,1.25,1.19
2018.02.05 12:21:19.400,1.08709,1.0873,1.12,1.37
2018.02.05 12:21:20.019,1.08709,1.08729,1.12,1.44
2018.02.05 12:21:20.743,1.08709,1.0873,1.12,1.44
2018.02.05 12:21:21.274,1.08709,1.08729,1.00,1.44
2018.02.05 12:21:22.151,1.08709,1.0873,1.00,1.44
2018.02.05 12:21:22.664,1.08709,1.08729,1.12,1.44
2018.02.05 12:21:22.719,1.08709,1.0873,1.12,1.00
2018.02.05 12:21:23.346,1.08709,1.08729,1.12,1.44
2018.02.05 12:21:23.544,1.08709,1.0873,1.87,1.25
2018.02.05 12:21:24.110,1.08709,1.08729,1.87,1.25
2018.02.05 12:21:24.925,1.08709,1.0873,2.06,1.25
2018.02.05 12:21:25.657,1.08709,1.0873,1.12,1.44
2018.02.05 12:21:28.420,1.08709,1.0873,1.00,1.87
2018.02.05 12:21:28.645,1.08709,1.0873,1.25,1.69
2018.02.05 12:21:29.053,1.08709,1.0873,1.00,2.81
2018.02.05 12:21:29.531,1.08707,1.08723,1.00,1.19
2018.02.05 12:21:29.584,1.08704,1.08724,1.00,1.81
2018.02.05 12:21:29.636,1.08706,1.08724,1.00,1.00
2018.02.05 12:21:30.445,1.08703,1.08724,2.44,1.25
2018.02.05 12:21:32.015,1.08704,1.08724,1.00,1.00
2018.02.05 12:21:33.351,1.08699,1.08718,1.50,1.44
2018.02.05 12:21:33.608,1.08693,1.08715,1.00,1.31
2018.02.05 12:21:33.660,1.08693,1.08709,1.00,1.75
2018.02.05 12:21:33.765,1.08685,1.08704,1.00,1.31
2018.02.05 12:21:34.126,1.08688,1.08708,1.00,1.44
2018.02.05 12:21:34.229,1.08684,1.0871,1.44,4.31
2018.02.05 12:21:34.558,1.08685,1.08709,1.25,2.25
2018.02.05 12:21:34.867,1.08686,1.08709,1.50,1.44
2018.02.05 12:21:36.206,1.08686,1.08711,3.37,2.62
2018.02.05 12:21:36.712,1.08686,1.08711,3.75,1.62
2018.02.05 12:21:37.044,1.08689,1.08712,1.00,3.56
2018.02.05 12:21:37.613,1.08689,1.08712,1.25,2.81
2018.02.05 12:21:38.195,1.08688,1.08712,1.31,2.06
2018.02.05 12:21:40.797,1.08688,1.08711,1.00,1.44
2018.02.05 12:21:41.125,1.08689,1.08712,1.00,1.75
2018.02.05 12:21:41.626,1.08689,1.08712,1.44,2.44
2018.02.05 12:21:42.236,1.08688,1.08712,1.87,2.44
2018.02.05 12:21:43.541,1.08689,1.08712,1.43,2.81
2018.02.05 12:21:44.282,1.08689,1.08712,1.37,2.81
2018.02.05 12:21:44.875,1.08689,1.08712,1.37,2.44
2018.02.05 12:21:46.014,1.08689,1.08712,1.19,1.69
2018.02.05 12:21:46.489,1.08688,1.08711,1.12,1.12
2018.02.05 12:21:46.910,1.08688,1.08711,1.49,2.44
2018.02.05 12:21:47.484,1.08688,1.08711,1.37,2.44
2018.02.05 12:21:48.319,1.08688,1.08712,1.37,2.06
2018.02.05 12:21:48.699,1.08688,1.08711,1.00,1.94
2018.02.05 12:21:49.220,1.08687,1.08711,1.69,1.94
2018.02.05 12:21:49.320,1.08687,1.08711,1.69,1.94
2018.02.05 12:21:49.549,1.08687,1.08711,1.87,1.94
2018.02.05 12:21:49.883,1.08687,1.08711,1.69,1.94
2018.02.05 12:21:50.040,1.08687,1.08711,1.87,1.94
2018.02.05 12:21:50.151,1.08687,1.08711,1.69,1.94
2018.02.05 12:21:50.591,1.08687,1.08711,1.69,1.94
2018.02.05 12:21:50.732,1.08687,1.08711,1.69,1.94
2018.02.05 12:21:50.784,1.08687,1.08711,1.87,1.94
2018.02.05 12:21:51.094,1.08689,1.08712,1.87,1.69
2018.02.05 12:21:51.642,1.08689,1.08713,1.44,2.44
2018.02.05 12:21:52.191,1.08689,1.08712,1.87,1.75
2018.02.05 12:21:52.801,1.08689,1.08712,2.25,1.37
2018.02.05 12:21:53.360,1.08689,1.08713,1.50,1.12
2018.02.05 12:21:53.990,1.08689,1.08713,1.69,1.12
2018.02.05 12:21:54.338,1.08689,1.08712,2.44,1.37
2018.02.05 12:21:55.068,1.08689,1.08713,1.69,1.12
2018.02.05 12:21:55.505,1.08691,1.08712,1.44,1.37
2018.02.05 12:21:56.115,1.08691,1.08712,1.25,1.56
2018.02.05 12:21:56.625,1.0869,1.08712,1.56,1.50
2018.02.05 12:21:57.153,1.08689,1.08712,1.56,1.31
2018.02.05 12:21:57.562,1.08689,1.08711,1.63,1.13
2018.02.05 12:21:58.243,1.08689,1.08711,1.63,1.81
2018.02.05 12:21:58.748,1.08689,1.0871,1.56,1.13
2018.02.05 12:21:58.901,1.0869,1.08711,1.56,1.81
2018.02.05 12:21:58.952,1.08693,1.08714,1.00,1.81
2018.02.05 12:21:59.003,1.08694,1.08713,1.44,1.44
2018.02.05 12:22:00.455,1.08691,1.08713,2.81,1.13
2018.02.05 12:22:02.854,1.08691,1.08714,1.88,2.06
2018.02.05 12:22:03.740,1.08697,1.08716,1.00,1.31
2018.02.05 12:22:04.070,1.08701,1.08722,1.00,1.56
2018.02.05 12:22:04.576,1.087,1.0872,1.00,1.13
2018.02.05 12:22:05.295,1.08699,1.08722,1.12,3.19
2018.02.05 12:22:05.550,1.08701,1.08722,1.00,1.50
2018.02.05 12:22:06.687,1.087,1.08723,1.00,3.00
2018.02.05 12:22:06.738,1.087,1.08723,1.25,1.63
2018.02.05 12:22:07.299,1.08701,1.08723,1.13,1.88
2018.02.05 12:22:07.988,1.087,1.08723,1.88,1.50
2018.02.05 12:22:08.228,1.08701,1.08723,1.44,1.63
2018.02.05 12:22:09.208,1.087,1.08723,2.63,1.38
2018.02.05 12:22:09.801,1.087,1.08723,2.25,2.00
2018.02.05 12:22:10.172,1.08701,1.08722,1.69,2.00
2018.02.05 12:22:10.549,1.087,1.08719,1.56,1.25
2018.02.05 12:22:11.057,1.08699,1.08719,1.44,1.00
2018.02.05 12:22:11.718,1.08699,1.08719,1.12,1.00
2018.02.05 12:22:12.374,1.08698,1.08721,3.00,1.69
2018.02.05 12:22:12.818,1.08698,1.08721,2.06,2.06
2018.02.05 12:22:13.026,1.08688,1.0871,1.31,1.56
2018.02.05 12:22:13.180,1.08688,1.08711,1.44,3.38
2018.02.05 12:22:14.786,1.08688,1.08709,1.25,1.13
2018.02.05 12:22:18.224,1.08688,1.08709,1.00,1.31
2018.02.05 12:22:18.940,1.08686,1.08708,1.38,1.50
2018.02.05 12:22:19.327,1.08686,1.08708,1.31,1.50
2018.02.05 12:22:20.086,1.08684,1.08708,2.06,2.25
2018.02.05 12:22:20.640,1.08684,1.08707,1.56,2.25
2018.02.05 12:22:21.238,1.08682,1.08706,1.94,3.00
2018.02.05 12:22:21.546,1.0868,1.08702,1.56,2.06
2018.02.05 12:22:21.855,1.08676,1.08696,1.63,1.37
2018.02.05 12:22:22.825,1.08676,1.08697,1.81,2.00
2018.02.05 12:22:23.593,1.08676,1.08696,1.69,1.88
2018.02.05 12:22:23.951,1.08673,1.08695,1.75,1.38
2018.02.05 12:22:24.501,1.08673,1.08696,1.75,1.88
2018.02.05 12:22:25.282,1.08673,1.08695,1.75,1.38
2018.02.05 12:22:25.922,1.08673,1.08696,1.75,1.88
2018.02.05 12:22:26.547,1.08673,1.08696,1.75,3.38
2018.02.05 12:22:27.249,1.08673,1.08696,1.56,1.50
2018.02.05 12:22:29.980,1.08673,1.08696,1.94,1.88
2018.02.05 12:22:30.549,1.08674,1.08697,1.31,1.50
2018.02.05 12:22:31.092,1.08674,1.08696,1.31,1.44
2018.02.05 12:22:31.804,1.08674,1.08696,2.44,1.44
2018.02.05 12:22:32.877,1.08674,1.08697,3.38,2.25
2018.02.05 12:22:33.515,1.08674,1.08696,3.38,1.44
2018.02.05 12:22:35.147,1.08674,1.08696,3.38,1.44
2018.02.05 12:22:37.429,1.08676,1.08698,1.81,1.81
2018.02.05 12:22:37.483,1.08679,1.08702,2.06,2.06
2018.02.05 12:22:38.139,1.08679,1.08702,1.94,1.31
2018.02.05 12:22:38.500,1.08679,1.08702,1.44,2.44
2018.02.05 12:22:38.808,1.08679,1.08699,1.00,1.69
2018.02.05 12:22:39.374,1.08675,1.08698,1.75,1.75
2018.02.05 12:22:39.909,1.08675,1.08697,1.56,1.00
2018.02.05 12:22:40.960,1.08675,1.08698,1.56,2.06
2018.02.05 12:22:43.005,1.08675,1.08697,1.75,1.69
2018.02.05 12:22:45.029,1.08675,1.08698,1.81,1.50
2018.02.05 12:22:45.641,1.08675,1.08698,1.75,2.25
2018.02.05 12:22:46.171,1.08675,1.08699,1.81,3.00
2018.02.05 12:22:46.512,1.08675,1.08699,1.94,2.81
2018.02.05 12:22:46.844,1.08675,1.08699,1.38,2.19
2018.02.05 12:22:46.996,1.08675,1.08699,1.31,2.19
2018.02.05 12:22:47.641,1.08675,1.08699,1.31,1.94
2018.02.05 12:22:48.244,1.08675,1.08698,1.81,1.69
2018.02.05 12:22:50.049,1.08675,1.08698,1.31,1.69
2018.02.05 12:22:50.152,1.08674,1.08698,1.56,2.63
2018.02.05 12:22:51.560,1.08673,1.08698,2.63,3.38
2018.02.05 12:22:51.612,1.08674,1.08698,1.75,2.44
2018.02.05 12:22:52.123,1.08676,1.08699,1.50,2.81
2018.02.05 12:22:52.512,1.08674,1.08699,1.75,2.81
2018.02.05 12:22:52.665,1.08672,1.08697,3.38,1.56
2018.02.05 12:22:53.390,1.08673,1.08697,1.13,2.81
2018.02.05 12:22:54.309,1.08676,1.08697,1.00,2.81
2018.02.05 12:22:54.361,1.08683,1.08701,1.00,1.38
2018.02.05 12:22:54.518,1.0868,1.087,1.00,1.13
2018.02.05 12:22:55.036,1.08677,1.08698,1.63,1.13
2018.02.05 12:22:55.299,1.08681,1.087,1.00,1.31
2018.02.05 12:22:55.350,1.08677,1.087,3.94,1.31
2018.02.05 12:22:55.807,1.08678,1.08701,1.38,1.31
2018.02.05 12:22:56.263,1.08677,1.08701,1.69,1.31
2018.02.05 12:22:59.584,1.08677,1.08701,1.81,1.50
2018.02.05 12:23:02.334,1.08679,1.08702,1.31,1.69
2018.02.05 12:23:02.386,1.08681,1.08702,1.44,1.38
2018.02.05 12:23:02.438,1.08679,1.08703,1.50,2.06
2018.02.05 12:23:02.905,1.08678,1.08702,1.38,1.94
2018.02.05 12:23:02.956,1.08678,1.08701,1.13,1.69
2018.02.05 12:23:04.094,1.0868,1.08701,1.00,1.56
2018.02.05 12:23:04.603,1.08679,1.08698,1.25,1.69
2018.02.05 12:23:05.277,1.08679,1.08699,1.00,2.00
2018.02.05 12:23:05.809,1.08678,1.08699,1.25,2.44
2018.02.05 12:23:06.923,1.08678,1.08698,1.44,1.56
2018.02.05 12:23:07.715,1.08678,1.08699,1.00,2.44
2018.02.05 12:23:09.515,1.08678,1.08698,1.25,1.69
2018.02.05 12:23:10.042,1.08678,1.08697,1.00,1.00
2018.02.05 12:23:10.414,1.08676,1.08696,1.69,1.56
2018.02.05 12:23:10.952,1.08676,1.08696,1.88,1.50
2018.02.05 12:23:12.725,1.08678,1.08696,1.00,1.19
2018.02.05 12:23:12.930,1.08679,1.087,1.25,1.31
2018.02.05 12:23:13.186,1.08679,1.08698,1.00,1.69
2018.02.05 12:23:13.576,1.08676,1.08697,1.25,1.38
2018.02.05 12:23:14.382,1.08675,1.08694,1.44,1.38
2018.02.05 12:23:14.783,1.08674,1.08693,1.00,1.63
2018.02.05 12:23:15.303,1.08674,1.08693,1.13,2.25
2018.02.05 12:23:15.885,1.08673,1.08693,1.25,1.50
2018.02.05 12:23:15.988,1.08679,1.08695,1.00,1.25
2018.02.05 12:23:16.225,1.08677,1.08699,1.00,1.13
2018.02.05 12:23:16.584,1.08679,1.08698,1.13,1.19
2018.02.05 12:23:16.911,1.08678,1.08697,1.12,1.31
2018.02.05 12:23:17.424,1.08677,1.08697,1.00,1.88
2018.02.05 12:23:18.251,1.08678,1.08697,1.00,1.50
2018.02.05 12:23:18.779,1.08678,1.08697,1.00,2.44
2018.02.05 12:23:19.090,1.0868,1.08698,1.00,1.56
2018.02.05 12:23:19.639,1.08679,1.08698,1.00,1.75
2018.02.05 12:23:20.169,1.08678,1.08698,1.00,1.56
2018.02.05 12:23:20.887,1.08677,1.08698,1.00,1.56
2018.02.05 12:23:21.095,1.08678,1.08699,1.12,2.25
2018.02.05 12:23:21.147,1.0868,1.087,1.00,2.44
2018.02.05 12:23:21.302,1.08674,1.08694,1.00,1.38
2018.02.05 12:23:21.892,1.08674,1.08693,1.00,1.94
2018.02.05 12:23:22.210,1.08677,1.08695,1.00,2.25
2018.02.05 12:23:22.262,1.08679,1.08695,1.00,1.12
2018.02.05 12:23:22.785,1.08678,1.08695,1.00,1.38
2018.02.05 12:23:23.312,1.08677,1.08695,1.00,1.13
2018.02.05 12:23:26.579,1.08677,1.08695,1.00,1.63
2018.02.05 12:23:27.729,1.08677,1.08695,1.00,1.63
2018.02.05 12:23:30.592,1.08676,1.08697,1.50,1.44
2018.02.05 12:23:30.644,1.08683,1.08701,1.12,2.06
2018.02.05 12:23:30.951,1.08687,1.08706,1.50,1.63
2018.02.05 12:23:31.157,1.08687,1.08708,1.00,1.38
2018.02.05 12:23:31.581,1.08688,1.08709,1.00,1.38
2018.02.05 12:23:31.885,1.08688,1.08709,1.00,1.94
2018.02.05 12:23:32.433,1.08688,1.0871,1.00,1.75
2018.02.05 12:23:32.973,1.08688,1.0871,1.00,1.75
2018.02.05 12:23:33.528,1.08688,1.0871,1.00,1.75
2018.02.05 12:23:33.891,1.08688,1.0871,1.12,1.81
2018.02.05 12:23:33.995,1.08691,1.08711,1.00,1.56
2018.02.05 12:23:34.047,1.08692,1.08711,1.00,1.56
2018.02.05 12:23:34.556,1.08691,1.08711,1.00,1.69
2018.02.05 12:23:34.609,1.08691,1.08712,1.00,2.81
2018.02.05 12:23:34.942,1.08689,1.08711,1.00,2.19
2018.02.05 12:23:35.776,1.08689,1.08712,1.31,6.56
2018.02.05 12:23:36.426,1.08689,1.08711,1.12,1.94
2018.02.05 12:23:36.479,1.08689,1.0871,1.00,1.88
2018.02.05 12:23:37.414,1.08688,1.08709,1.88,2.44
2018.02.05 12:23:39.768,1.08688,1.08709,1.00,1.69
2018.02.05 12:23:40.302,1.08688,1.08709,1.69,1.69
2018.02.05 12:23:40.835,1.08688,1.08709,1.00,1.88
2018.02.05 12:23:41.611,1.0869,1.08709,1.00,1.88
2018.02.05 12:23:42.120,1.08689,1.08709,1.00,1.56
2018.02.05 12:23:42.617,1.08688,1.08708,1.00,1.56
2018.02.05 12:23:43.217,1.08688,1.08709,1.25,1.75
2018.02.05 12:23:43.737,1.08688,1.08709,1.00,1.81
2018.02.05 12:23:44.261,1.08688,1.08709,1.00,1.31
2018.02.05 12:23:45.027,1.08688,1.0871,1.13,2.44
2018.02.05 12:23:45.574,1.08688,1.0871,1.88,2.63
2018.02.05 12:23:46.643,1.08685,1.08703,1.31,1.38
2018.02.05 12:23:47.051,1.08689,1.08705,1.00,1.00
2018.02.05 12:23:47.307,1.08686,1.08706,1.44,1.38
2018.02.05 12:23:47.409,1.08689,1.08706,1.12,1.44
2018.02.05 12:23:47.714,1.08692,1.08713,1.12,1.56
2018.02.05 12:23:48.020,1.0869,1.08712,1.88,1.56
2018.02.05 12:23:48.206,1.0869,1.0871,1.00,1.94
2018.02.05 12:23:48.741,1.08688,1.0871,1.44,2.25
2018.02.05 12:23:49.995,1.08688,1.0871,1.25,2.06
2018.02.05 12:23:50.310,1.08687,1.08707,1.00,2.81
2018.02.05 12:23:50.362,1.08686,1.08706,1.00,1.50
2018.02.05 12:23:50.701,1.08684,1.08706,1.44,1.13
2018.02.05 12:23:52.447,1.08684,1.08707,1.13,4.50
2018.02.05 12:23:52.926,1.08687,1.08707,1.25,2.25
2018.02.05 12:23:53.230,1.08688,1.08709,1.81,2.06
2018.02.05 12:23:54.179,1.08688,1.08705,1.13,1.38
2018.02.05 12:23:54.964,1.08688,1.08705,1.38,1.38
2018.02.05 12:23:55.193,1.08688,1.08705,1.25,1.38
2018.02.05 12:23:55.245,1.08688,1.08705,1.44,1.38
2018.02.05 12:23:55.348,1.08688,1.08705,1.25,1.44
2018.02.05 12:23:55.777,1.08688,1.08705,1.13,1.38
2018.02.05 12:23:56.280,1.08688,1.08705,1.75,1.44
2018.02.05 12:23:56.332,1.08689,1.08705,1.00,1.38
2018.02.05 12:23:56.383,1.08688,1.08705,1.00,1.25
2018.02.05 12:23:56.615,1.08689,1.08705,1.88,1.38
2018.02.05 12:23:56.999,1.08691,1.0871,1.31,1.38
2018.02.05 12:23:57.052,1.08691,1.08708,1.12,1.38
2018.02.05 12:23:57.104,1.08689,1.08708,1.50,1.38
2018.02.05 12:23:57.206,1.08688,1.08708,1.50,1.38
2018.02.05 12:23:57.842,1.0869,1.08708,1.00,1.38
2018.02.05 12:23:58.413,1.08689,1.08708,1.00,2.00
2018.02.05 12:24:00.117,1.08688,1.08708,1.44,2.00
2018.02.05 12:24:00.321,1.08685,1.08702,1.00,1.44
2018.02.05 12:24:00.372,1.08683,1.08702,1.00,1.56
2018.02.05 12:24:00.499,1.08681,1.08702,1.00,2.44
2018.02.05 12:24:00.550,1.08679,1.08698,1.00,1.63
2018.02.05 12:24:00.652,1.08677,1.08698,1.25,1.69
2018.02.05 12:24:01.198,1.08678,1.08696,1.00,1.13
2018.02.05 12:24:01.251,1.08678,1.08694,1.00,1.00
2018.02.05 12:24:01.560,1.08681,1.08696,1.00,1.00
2018.02.05 12:24:01.612,1.08679,1.08696,1.00,1.00
2018.02.05 12:24:01.819,1.08677,1.08694,1.00,1.00
2018.02.05 12:24:02.366,1.08678,1.08694,1.00,1.63
2018.02.05 12:24:02.872,1.08677,1.08694,1.00,1.63
2018.02.05 12:24:03.275,1.08674,1.08695,1.44,1.50
2018.02.05 12:24:03.328,1.08673,1.08695,1.00,2.63
2018.02.05 12:24:03.535,1.08667,1.08687,1.87,1.00
2018.02.05 12:24:03.587,1.08668,1.08687,1.12,1.69
2018.02.05 12:24:03.793,1.08666,1.08687,1.13,1.69
2018.02.05 12:24:04.316,1.08666,1.08687,1.38,1.69
2018.02.05 12:24:04.608,1.08664,1.08684,1.44,1.81
2018.02.05 12:24:06.137,1.08665,1.08684,1.38,1.88
2018.02.05 12:24:06.683,1.08665,1.08684,1.38,1.88
2018.02.05 12:24:06.871,1.08665,1.08684,1.13,1.69
2018.02.05 12:24:07.302,1.08663,1.08682,1.00,1.63
2018.02.05 12:24:07.353,1.08663,1.08682,1.00,1.38
2018.02.05 12:24:07.490,1.08656,1.08679,1.75,1.13
2018.02.05 12:24:07.542,1.08654,1.08678,3.00,1.56
2018.02.05 12:24:07.645,1.08656,1.08677,1.00,1.38
2018.02.05 12:24:07.697,1.08654,1.08677,2.25,1.50
2018.02.05 12:24:07.749,1.08655,1.08674,1.25,1.13
2018.02.05 12:24:07.851,1.08651,1.08674,1.56,2.19
2018.02.05 12:24:07.903,1.08649,1.08671,1.50,1.00
2018.02.05 12:24:08.572,1.08649,1.08673,1.56,1.31
2018.02.05 12:24:09.287,1.08648,1.08673,1.56,1.50
2018.02.05 12:24:09.607,1.08649,1.0867,1.50,1.88
2018.02.05 12:24:09.801,1.08644,1.08668,1.50,1.87
2018.02.05 12:24:10.336,1.08644,1.08668,1.37,3.33
2018.02.05 12:24:10.854,1.08644,1.08668,1.56,3.52
2018.02.05 12:24:11.517,1.08643,1.08668,2.06,1.46
2018.02.05 12:24:12.257,1.08649,1.08672,1.25,2.21
2018.02.05 12:24:12.569,1.08654,1.08673,1.00,1.46
2018.02.05 12:24:12.906,1.08655,1.08675,1.00,1.57
2018.02.05 12:24:13.520,1.08656,1.08676,1.00,2.02
2018.02.05 12:24:13.624,1.08656,1.08676,1.00,2.21
2018.02.05 12:24:14.155,1.08656,1.08676,1.00,2.21
2018.02.05 12:24:14.308,1.08656,1.08675,1.00,1.57
2018.02.05 12:24:14.359,1.08655,1.08677,1.25,2.02
2018.02.05 12:24:14.900,1.08656,1.08678,1.25,1.64
2018.02.05 12:24:15.406,1.08655,1.08678,1.00,2.14
2018.02.05 12:24:15.457,1.08656,1.08677,1.00,1.08
2018.02.05 12:24:16.025,1.08655,1.08677,1.13,1.69
2018.02.05 12:24:16.558,1.08656,1.08677,1.13,1.69
2018.02.05 12:24:18.645,1.08655,1.08678,1.13,1.31
2018.02.05 12:24:20.094,1.08655,1.08678,1.13,1.12
2018.02.05 12:24:20.146,1.08656,1.08678,1.13,2.19
2018.02.05 12:24:20.840,1.08657,1.08679,1.00,1.69
2018.02.05 12:24:21.696,1.08658,1.08681,1.13,3.38
2018.02.05 12:24:21.849,1.08657,1.0868,2.63,1.13
2018.02.05 12:24:22.156,1.08658,1.0868,1.38,1.13
2018.02.05 12:24:22.207,1.08658,1.08681,1.38,1.31
2018.02.05 12:24:22.259,1.08658,1.08681,1.38,1.31
2018.02.05 12:24:23.431,1.08657,1.08682,1.88,3.56
2018.02.05 12:24:24.124,1.08658,1.08682,1.44,3.00
2018.02.05 12:24:24.800,1.08657,1.08682,1.88,2.81
2018.02.05 12:24:25.473,1.08658,1.08682,1.50,3.19
2018.02.05 12:24:26.753,1.08657,1.08682,3.00,3.94
2018.02.05 12:24:27.493,1.08658,1.08681,1.50,1.94
2018.02.05 12:24:28.022,1.08657,1.08682,2.25,2.81
2018.02.05 12:24:30.628,1.08657,1.08682,3.00,2.81
2018.02.05 12:24:30.788,1.08658,1.08682,1.50,1.94
2018.02.05 12:24:31.325,1.08659,1.08683,1.00,1.31
2018.02.05 12:24:31.377,1.0866,1.08685,2.63,3.56
2018.02.05 12:24:31.909,1.08661,1.08685,1.25,2.63
2018.02.05 12:24:32.414,1.08662,1.08685,1.25,2.63
2018.02.05 12:24:33.817,1.08662,1.08684,1.25,1.31
2018.02.05 12:24:34.330,1.08659,1.08684,2.25,1.94
2018.02.05 12:24:34.929,1.0866,1.08684,1.50,2.06
2018.02.05 12:24:34.980,1.0866,1.08684,1.00,2.06
2018.02.05 12:24:37.077,1.08659,1.08682,1.69,1.69
2018.02.05 12:24:38.245,1.08659,1.08684,1.50,3.38
2018.02.05 12:24:40.642,1.08659,1.08682,1.50,1.50
2018.02.05 12:24:40.694,1.08659,1.08682,1.50,1.50
2018.02.05 12:24:40.745,1.08659,1.08682,1.50,1.50
2018.02.05 12:24:41.252,1.0866,1.08682,1.00,1.13
2018.02.05 12:24:41.964,1.0866,1.08683,1.44,1.94
2018.02.05 12:24:42.881,1.08659,1.08682,1.44,1.13
2018.02.05 12:24:43.491,1.08659,1.08682,1.38,1.13
2018.02.05 12:24:44.009,1.08659,1.08683,1.50,1.31
2018.02.05 12:24:45.221,1.08659,1.08682,2.25,1.56
2018.02.05 12:24:45.868,1.0866,1.08683,1.38,1.94
2018.02.05 12:24:46.450,1.0866,1.08684,1.13,2.44
2018.02.05 12:24:47.068,1.0866,1.08683,1.38,1.31
2018.02.05 12:24:47.673,1.0866,1.08683,1.00,2.44
2018.02.05 12:24:48.269,1.0866,1.08683,1.38,2.44
2018.02.05 12:24:48.771,1.0866,1.08683,1.13,2.06
2018.02.05 12:24:49.620,1.0866,1.08684,1.88,1.69
2018.02.05 12:24:49.867,1.08661,1.08682,1.63,1.12
2018.02.05 12:24:49.919,1.08658,1.08681,1.69,2.25
2018.02.05 12:24:50.022,1.0866,1.08681,1.37,1.25
2018.02.05 12:24:50.176,1.08661,1.08684,2.06,1.44
2018.02.05 12:24:50.330,1.08661,1.08684,2.25,1.25
2018.02.05 12:24:50.673,1.08661,1.08684,3.00,1.31
2018.02.05 12:24:50.937,1.08661,1.08684,2.25,1.38
2018.02.05 12:24:51.512,1.08661,1.08684,3.19,1.88
2018.02.05 12:24:51.785,1.08669,1.0869,1.00,1.94
2018.02.05 12:24:51.889,1.08671,1.08693,1.50,1.31
2018.02.05 12:24:52.552,1.08672,1.08693,1.13,1.50
2018.02.05 12:24:53.055,1.08672,1.08694,1.44,1.88
2018.02.05 12:24:53.445,1.08675,1.08694,1.00,1.69
2018.02.05 12:24:53.976,1.08674,1.08694,1.00,1.13
2018.02.05 12:24:56.667,1.08675,1.08695,1.00,1.75
2018.02.05 12:24:58.263,1.08674,1.08695,1.00,2.44
2018.02.05 12:24:58.797,1.08675,1.08696,1.00,1.75
2018.02.05 12:24:58.849,1.08678,1.08697,1.00,3.19
2018.02.05 12:24:58.900,1.08678,1.08697,1.00,1.69
2018.02.05 12:24:59.308,1.08677,1.08697,1.87,1.63
2018.02.05 12:24:59.461,1.08678,1.087,1.25,1.88
2018.02.05 12:24:59.628,1.08688,1.08705,1.00,1.56
2018.02.05 12:25:00.148,1.08687,1.08705,1.12,1.75
2018.02.05 12:25:01.067,1.08686,1.08705,1.12,2.19
2018.02.05 12:25:01.404,1.08688,1.08704,1.00,1.63
2018.02.05 12:25:01.506,1.08689,1.08708,1.00,1.81
2018.02.05 12:25:01.760,1.08686,1.08708,2.44,1.81
2018.02.05 12:25:01.965,1.08689,1.08708,1.00,1.81
2018.02.05 12:25:02.514,1.08689,1.08708,1.00,2.25
2018.02.05 12:25:03.550,1.08688,1.08709,1.00,3.19
2018.02.05 12:25:04.554,1.08689,1.08709,1.00,1.75
2018.02.05 12:25:05.792,1.08687,1.08709,2.63,1.56
2018.02.05 12:25:06.177,1.08688,1.08707,1.00,1.25
2018.02.05 12:25:06.279,1.0869,1.08712,1.50,1.56
2018.02.05 12:25:06.584,1.0869,1.08711,1.31,1.75
2018.02.05 12:25:07.332,1.08689,1.08711,1.88,1.81
2018.02.05 12:25:08.059,1.0869,1.08711,1.00,1.31
2018.02.05 12:25:08.244,1.08692,1.08715,1.31,3.38
2018.02.05 12:25:08.397,1.0869,1.08714,1.44,1.94
2018.02.05 12:25:08.448,1.08692,1.08714,1.37,2.06
2018.02.05 12:25:09.338,1.08691,1.08714,1.87,1.81
2018.02.05 12:25:09.392,1.08689,1.0871,1.31,1.50
2018.02.05 12:25:09.734,1.08687,1.0871,1.31,1.81
2018.02.05 12:25:13.212,1.08689,1.0871,1.00,1.31
2018.02.05 12:25:13.264,1.0869,1.08713,1.13,2.81
2018.02.05 12:25:13.315,1.0869,1.08712,1.13,1.38
2018.02.05 12:25:13.367,1.0869,1.08712,1.00,1.13
2018.02.05 12:25:13.419,1.08687,1.08713,2.44,3.94
2018.02.05 12:25:13.572,1.08688,1.08711,1.38,1.31
2018.02.05 12:25:14.082,1.08689,1.08711,1.00,1.31
2018.02.05 12:25:14.640,1.0869,1.08712,1.13,1.88
2018.02.05 12:25:14.692,1.08689,1.08712,2.44,1.88
2018.02.05 12:25:15.088,1.08692,1.08713,1.00,3.38
2018.02.05 12:25:15.242,1.0869,1.08713,1.13,1.69
2018.02.05 12:25:15.747,1.0869,1.08712,1.13,1.69
2018.02.05 12:25:16.468,1.08688,1.08712,1.44,1.88
2018.02.05 12:25:16.571,1.0869,1.08712,1.12,1.56
2018.02.05 12:25:16.622,1.08688,1.08712,2.06,2.25
2018.02.05 12:25:17.135,1.08688,1.0871,1.50,1.94
2018.02.05 12:25:17.656,1.08688,1.08711,1.50,3.00
2018.02.05 12:25:17.913,1.08685,1.0871,1.13,1.69
2018.02.05 12:25:18.438,1.08686,1.0871,1.13,2.06
2018.02.05 12:25:18.592,1.08684,1.08708,1.38,1.13
2018.02.05 12:25:18.644,1.08686,1.08709,1.25,2.19
2018.02.05 12:25:21.003,1.08685,1.08708,2.63,1.88
2018.02.05 12:25:21.728,1.08685,1.08708,2.63,2.06
2018.02.05 12:25:22.127,1.08686,1.08706,1.00,1.31
2018.02.05 12:25:22.988,1.08685,1.08707,1.50,1.31
2018.02.05 12:25:23.565,1.08683,1.08708,3.19,2.19
2018.02.05 12:25:24.196,1.08683,1.08707,1.13,2.06
2018.02.05 12:25:24.540,1.08681,1.08704,1.50,2.25
2018.02.05 12:25:24.591,1.08681,1.08704,1.00,2.81
2018.02.05 12:25:24.743,1.0868,1.08701,1.88,1.56
2018.02.05 12:25:25.021,1.08679,1.08701,1.69,2.06
2018.02.05 12:25:25.401,1.0868,1.08701,1.44,2.25
2018.02.05 12:25:26.114,1.08679,1.08701,1.88,2.06
2018.02.05 12:25:26.637,1.0868,1.08701,1.13,1.88
2018.02.05 12:25:27.286,1.08678,1.08701,1.88,1.88
2018.02.05 12:25:27.766,1.08679,1.08701,1.38,2.25
2018.02.05 12:25:28.539,1.0868,1.08701,1.00,1.63
2018.02.05 12:25:29.084,1.0868,1.08702,1.88,2.19
2018.02.05 12:25:29.343,1.08691,1.08707,1.00,1.88
2018.02.05 12:25:29.395,1.08691,1.08708,1.00,1.63
2018.02.05 12:25:29.446,1.08691,1.08711,1.00,1.44
2018.02.05 12:25:29.600,1.08694,1.08712,1.00,2.06
2018.02.05 12:25:29.753,1.08693,1.08712,1.12,1.25
2018.02.05 12:25:30.045,1.08694,1.08714,1.37,1.56
2018.02.05 12:25:30.354,1.08697,1.08716,1.31,1.62
2018.02.05 12:25:30.458,1.08696,1.08718,2.63,1.69
2018.02.05 12:25:31.039,1.08697,1.08718,1.50,1.13
2018.02.05 12:25:33.018,1.08697,1.0872,1.25,1.81
2018.02.05 12:25:33.070,1.08696,1.08717,1.50,1.31
2018.02.05 12:25:33.122,1.08695,1.08716,1.00,1.50
2018.02.05 12:25:33.173,1.08695,1.08717,1.00,1.31
2018.02.05 12:25:33.225,1.08692,1.08713,1.25,1.38
2018.02.05 12:25:33.328,1.08691,1.08715,1.13,3.38
2018.02.05 12:25:33.865,1.0869,1.08711,1.13,1.88
2018.02.05 12:25:34.390,1.08688,1.08711,1.38,1.88
2018.02.05 12:25:34.910,1.08688,1.08711,1.38,1.75
2018.02.05 12:25:35.688,1.08688,1.08712,1.38,1.88
2018.02.05 12:25:36.398,1.08688,1.08712,1.88,1.88
2018.02.05 12:25:36.449,1.08688,1.08712,1.69,2.06
2018.02.05 12:25:36.812,1.08688,1.08711,1.88,1.94
2018.02.05 12:25:37.350,1.08688,1.08711,1.38,2.44
2018.02.05 12:25:37.916,1.08687,1.0871,2.25,1.56
2018.02.05 12:25:38.433,1.08687,1.08711,2.25,2.44
2018.02.05 12:25:38.586,1.08687,1.08711,1.69,2.44
2018.02.05 12:25:38.810,1.08688,1.08711,1.38,2.44
2018.02.05 12:25:43.126,1.08688,1.0871,1.13,1.31
2018.02.05 12:25:43.671,1.08687,1.0871,1.44,1.88
2018.02.05 12:25:44.021,1.08691,1.0871,1.00,2.06
2018.02.05 12:25:47.200,1.0869,1.0871,1.00,2.06
2018.02.05 12:25:47.875,1.08691,1.08709,1.00,1.31
2018.02.05 12:25:48.910,1.0869,1.0871,1.00,1.88
2018.02.05 12:25:49.378,1.08689,1.08704,1.00,1.13
2018.02.05 12:25:49.431,1.08686,1.08703,1.25,1.00
2018.02.05 12:25:49.483,1.08682,1.08705,1.38,1.50
2018.02.05 12:25:49.586,1.08681,1.08703,1.12,1.13
2018.02.05 12:25:49.637,1.08681,1.08702,1.12,1.38
2018.02.05 12:25:50.098,1.08685,1.08704,1.31,1.63
2018.02.05 12:25:50.470,1.08688,1.08707,1.00,2.06
2018.02.05 12:25:51.477,1.08688,1.08707,1.00,2.44
2018.02.05 12:25:51.581,1.08682,1.08703,1.00,1.31
2018.02.05 12:25:51.634,1.0868,1.08698,1.69,1.38
2018.02.05 12:25:51.686,1.08678,1.087,1.69,1.69
2018.02.05 12:25:51.789,1.08683,1.08704,1.00,1.75
2018.02.05 12:25:52.598,1.08682,1.08704,1.13,2.63
2018.02.05 12:25:52.853,1.08676,1.08698,1.50,1.38
2018.02.05 12:25:52.905,1.08676,1.08697,1.25,1.38
2018.02.05 12:25:53.212,1.08674,1.08698,1.50,1.81
2018.02.05 12:25:53.748,1.08674,1.08698,1.50,2.25
2018.02.05 12:25:53.852,1.08674,1.08698,1.50,2.06
2018.02.05 12:25:54.403,1.08674,1.08698,1.44,2.81
2018.02.05 12:25:55.147,1.08674,1.08697,1.38,1.69
2018.02.05 12:25:56.573,1.08673,1.08697,1.88,1.69
2018.02.05 12:25:57.179,1.08673,1.08697,1.50,2.06
2018.02.05 12:25:57.937,1.08673,1.08697,1.88,1.31
2018.02.05 12:25:58.567,1.08674,1.08697,1.44,1.31
2018.02.05 12:25:58.771,1.08674,1.08697,1.38,1.13
2018.02.05 12:25:59.044,1.08673,1.08693,1.12,1.38
2018.02.05 12:25:59.349,1.08672,1.08695,1.63,2.06
2018.02.05 12:25:59.402,1.08672,1.08695,1.50,1.56
2018.02.05 12:26:00.036,1.08672,1.08693,2.63,1.63
2018.02.05 12:26:00.558,1.08672,1.08693,2.06,1.38
2018.02.05 12:26:01.131,1.08672,1.08694,1.81,1.63
2018.02.05 12:26:01.769,1.08672,1.08693,2.44,1.63
2018.02.05 12:26:02.148,1.08672,1.08694,2.25,1.63
2018.02.05 12:26:02.328,1.08672,1.08693,2.44,1.63
2018.02.05 12:26:02.482,1.08673,1.08694,1.00,1.63
2018.02.05 12:26:02.768,1.08672,1.08693,2.06,1.63
2018.02.05 12:26:03.117,1.08672,1.08694,1.88,1.69
2018.02.05 12:26:04.181,1.08673,1.08696,1.50,3.00
2018.02.05 12:26:05.005,1.08672,1.08695,2.63,1.56
2018.02.05 12:26:05.648,1.08673,1.08695,1.50,1.31
2018.02.05 12:26:05.899,1.0867,1.08692,1.38,1.56
2018.02.05 12:26:07.253,1.08671,1.08694,1.13,3.19
2018.02.05 12:26:07.880,1.08672,1.08693,1.13,1.56
2018.02.05 12:26:11.000,1.08671,1.08694,2.44,2.81
2018.02.05 12:26:11.769,1.08672,1.08694,1.13,2.81
2018.02.05 12:26:12.304,1.08672,1.08694,1.13,2.63
2018.02.05 12:26:13.433,1.08671,1.08694,1.69,2.63
2018.02.05 12:26:15.122,1.08672,1.08694,1.13,2.81
2018.02.05 12:26:15.766,1.08672,1.08694,1.13,2.63
2018.02.05 12:26:16.493,1.0867,1.08691,1.00,2.06
2018.02.05 12:26:16.595,1.08666,1.08687,2.25,1.44
2018.02.05 12:26:16.647,1.0867,1.0869,1.31,1.50
2018.02.05 12:26:16.698,1.08673,1.08692,1.31,1.37
2018.02.05 12:26:17.048,1.08666,1.08689,1.56,1.94
2018.02.05 12:26:17.859,1.08665,1.08689,2.63,1.31
2018.02.05 12:26:17.962,1.08665,1.08688,1.25,1.69
2018.02.05 12:26:18.166,1.08665,1.08688,1.75,2.06
2018.02.05 12:26:18.889,1.08665,1.08687,1.56,1.56
2018.02.05 12:26:19.879,1.08665,1.08687,1.38,2.44
2018.02.05 12:26:19.982,1.08662,1.08687,2.25,1.13
2018.02.05 12:26:20.187,1.08663,1.08686,1.38,1.50
2018.02.05 12:26:20.987,1.08663,1.08685,1.44,1.50
2018.02.05 12:26:21.787,1.08663,1.08686,1.38,1.50
2018.02.05 12:26:22.474,1.08663,1.08686,1.38,1.50
2018.02.05 12:26:23.128,1.08663,1.08685,1.38,1.69
2018.02.05 12:26:23.966,1.08662,1.08685,1.69,1.56
2018.02.05 12:26:24.320,1.08661,1.08685,2.63,1.31
2018.02.05 12:26:25.065,1.08661,1.08685,3.75,1.31
2018.02.05 12:26:26.388,1.08661,1.08686,2.63,3.94
2018.02.05 12:26:26.936,1.08662,1.08686,1.38,3.19
2018.02.05 12:26:28.413,1.08662,1.08686,1.00,3.19
2018.02.05 12:26:29.014,1.08662,1.08685,1.44,1.56
2018.02.05 12:26:30.777,1.08662,1.08685,1.00,1.31
2018.02.05 12:26:31.129,1.08662,1.08685,1.38,2.06
2018.02.05 12:26:31.501,1.08662,1.08685,1.44,2.06
2018.02.05 12:26:31.552,1.08662,1.08685,1.38,1.69
2018.02.05 12:26:32.885,1.08661,1.08685,2.63,1.31
2018.02.05 12:26:33.535,1.08661,1.08685,1.88,1.31
2018.02.05 12:26:33.824,1.08661,1.08685,1.25,1.31
2018.02.05 12:26:34.031,1.08661,1.08686,1.88,3.94
2018.02.05 12:26:34.645,1.08661,1.08685,1.88,1.94
2018.02.05 12:26:35.156,1.0866,1.08686,3.38,2.06
2018.02.05 12:26:36.024,1.0866,1.08685,3.00,1.56
2018.02.05 12:26:36.129,1.08659,1.08683,2.44,3.38
2018.02.05 12:26:36.559,1.08659,1.08682,1.25,3.38
2018.02.05 12:26:37.184,1.0866,1.08681,1.25,1.13
2018.02.05 12:26:37.819,1.0866,1.08681,1.38,1.13
2018.02.05 12:26:37.872,1.08657,1.08682,3.38,1.94
2018.02.05 12:26:39.713,1.08657,1.0868,1.44,1.13
2018.02.05 12:26:40.261,1.08657,1.0868,1.38,1.88
2018.02.05 12:26:41.689,1.08654,1.08675,1.38,1.00
2018.02.05 12:26:41.741,1.08652,1.08676,3.94,1.31
2018.02.05 12:26:41.792,1.08653,1.08675,1.38,1.38
2018.02.05 12:26:41.895,1.08654,1.08675,1.69,1.44
2018.02.05 12:26:41.947,1.08654,1.08676,1.38,1.38
2018.02.05 12:26:42.050,1.08656,1.0868,1.69,2.44
2018.02.05 12:26:42.185,1.08661,1.08682,1.00,1.31
2018.02.05 12:26:42.813,1.0866,1.08681,1.88,1.50
2018.02.05 12:26:43.366,1.08661,1.08682,1.13,1.31
2018.02.05 12:26:43.895,1.08661,1.08682,1.25,1.13
2018.02.05 12:26:44.143,1.0866,1.08682,1.88,1.31
2018.02.05 12:26:47.090,1.08661,1.08682,1.13,1.88
2018.02.05 12:26:47.696,1.0866,1.08682,1.13,1.88
2018.02.05 12:26:47.857,1.08661,1.08682,1.13,1.88
2018.02.05 12:26:52.109,1.08661,1.08683,1.00,2.81
2018.02.05 12:26:52.846,1.08661,1.08683,1.00,2.81
2018.02.05 12:26:53.207,1.0866,1.08683,1.81,1.44
2018.02.05 12:26:53.309,1.0866,1.08683,1.69,1.50
2018.02.05 12:26:53.372,1.08661,1.08683,1.25,1.87
2018.02.05 12:26:54.152,1.08661,1.08683,1.25,1.87
2018.02.05 12:26:54.680,1.0866,1.08683,1.69,1.50
2018.02.05 12:26:55.206,1.08661,1.08683,1.00,1.87
2018.02.05 12:26:56.144,1.0866,1.08683,2.06,1.50
2018.02.05 12:26:56.768,1.08661,1.08683,1.25,1.87
2018.02.05 12:26:57.493,1.08661,1.08683,1.00,1.87
2018.02.05 12:26:59.664,1.08661,1.08683,1.00,1.31
2018.02.05 12:27:01.850,1.0866,1.08683,1.50,1.25
2018.02.05 12:27:02.800,1.08661,1.08683,1.25,1.44
2018.02.05 12:27:03.334,1.08661,1.08685,1.00,2.44
2018.02.05 12:27:04.064,1.08662,1.08685,1.00,2.81
2018.02.05 12:27:06.117,1.08661,1.08685,1.00,2.62
2018.02.05 12:27:07.152,1.08662,1.08685,1.00,3.19
2018.02.05 12:27:07.658,1.08662,1.08685,1.00,2.62
2018.02.05 12:27:07.709,1.0866,1.08683,2.06,1.31
2018.02.05 12:27:07.913,1.08658,1.0868,1.50,2.44
2018.02.05 12:27:08.015,1.08654,1.08678,2.62,2.25
2018.02.05 12:27:08.564,1.08655,1.0868,2.62,1.94
2018.02.05 12:27:08.650,1.08656,1.08678,1.44,1.19
2018.02.05 12:27:09.584,1.08657,1.0868,1.00,2.00
2018.02.05 12:27:10.111,1.08658,1.08679,1.00,1.37
2018.02.05 12:27:10.214,1.08656,1.08678,1.12,1.94
2018.02.05 12:27:10.765,1.08656,1.08678,1.44,1.31
2018.02.05 12:27:10.816,1.08657,1.08679,1.00,1.12
2018.02.05 12:27:11.324,1.08658,1.08679,1.25,1.37
2018.02.05 12:27:11.867,1.08658,1.08678,1.44,1.00
2018.02.05 12:27:12.604,1.08658,1.0868,1.12,1.75
2018.02.05 12:27:12.706,1.08657,1.0868,1.12,1.50
2018.02.05 12:27:12.760,1.08658,1.0868,1.44,1.87
2018.02.05 12:27:13.040,1.08657,1.0868,1.69,1.50
2018.02.05 12:27:13.634,1.08658,1.08681,1.25,1.12
2018.02.05 12:27:14.146,1.08657,1.08681,2.06,1.37
2018.02.05 12:27:15.685,1.08658,1.08681,1.25,1.12
2018.02.05 12:27:15.788,1.08657,1.08679,2.06,1.94
2018.02.05 12:27:16.770,1.0866,1.0868,1.00,1.12
2018.02.05 12:27:16.855,1.0866,1.0868,1.19,1.00
2018.02.05 12:27:16.957,1.08662,1.08686,2.81,2.25
2018.02.05 12:27:17.008,1.08665,1.08686,1.12,2.62
2018.02.05 12:27:17.059,1.08664,1.08686,1.87,1.00
2018.02.05 12:27:17.568,1.08664,1.08686,1.25,1.50
2018.02.05 12:27:18.141,1.08664,1.08686,1.25,2.06
2018.02.05 12:27:18.703,1.08665,1.08686,1.00,1.44
2018.02.05 12:27:19.739,1.08668,1.08689,1.00,1.50
2018.02.05 12:27:20.028,1.08665,1.08688,1.00,1.94
2018.02.05 12:27:20.256,1.08665,1.08684,1.00,2.25
2018.02.05 12:27:20.308,1.08663,1.08682,1.00,1.25
2018.02.05 12:27:20.360,1.08661,1.08678,1.00,2.06
2018.02.05 12:27:20.412,1.08655,1.08678,1.25,2.81
2018.02.05 12:27:20.514,1.08653,1.08676,2.62,1.37
2018.02.05 12:27:20.847,1.08653,1.08675,1.25,1.37
2018.02.05 12:27:21.952,1.08653,1.08675,1.00,1.37
2018.02.05 12:27:24.844,1.08651,1.08674,2.62,1.44
2018.02.05 12:27:25.264,1.08651,1.08673,2.06,1.62
2018.02.05 12:27:25.632,1.08651,1.08673,1.00,2.62
2018.02.05 12:27:27.111,1.08653,1.08674,1.00,1.87
2018.02.05 12:27:27.165,1.08651,1.08674,1.31,1.50
2018.02.05 12:27:27.723,1.08651,1.08675,1.69,1.50
2018.02.05 12:27:28.180,1.08653,1.08675,1.69,1.44
2018.02.05 12:27:28.231,1.08657,1.08679,1.12,1.87
2018.02.05 12:27:28.283,1.08656,1.08679,1.87,1.00
2018.02.05 12:27:28.645,1.0866,1.08679,1.00,1.25
2018.02.05 12:27:32.079,1.08659,1.08682,1.00,1.37
2018.02.05 12:27:32.614,1.0866,1.08682,1.00,1.50
2018.02.05 12:27:33.360,1.08659,1.08681,1.00,1.12
2018.02.05 12:27:33.619,1.08656,1.08679,1.50,2.25
2018.02.05 12:27:34.058,1.08659,1.08679,1.00,1.75
2018.02.05 12:27:34.708,1.08658,1.08679,1.00,1.50
2018.02.05 12:27:35.294,1.08659,1.08679,1.00,2.62
2018.02.05 12:27:35.752,1.0866,1.08679,1.00,1.44
2018.02.05 12:27:35.803,1.0866,1.08681,1.00,1.50
2018.02.05 12:27:35.854,1.08665,1.08684,1.00,1.69
2018.02.05 12:27:35.945,1.08665,1.08684,1.00,1.50
2018.02.05 12:27:35.996,1.08664,1.08686,2.25,1.31
2018.02.05 12:27:36.149,1.08665,1.08686,1.00,1.12
2018.02.05 12:27:36.753,1.08664,1.08686,1.50,1.12
2018.02.05 12:27:37.382,1.08665,1.08686,1.00,2.06
2018.02.05 12:27:38.079,1.08665,1.08686,1.00,1.62
2018.02.05 12:27:38.620,1.08665,1.08686,1.00,1.19
2018.02.05 12:27:42.892,1.08665,1.08687,1.00,1.94
2018.02.05 12:27:43.441,1.08664,1.08687,1.50,2.00
2018.02.05 12:27:44.034,1.08665,1.08686,1.00,1.19
2018.02.05 12:27:45.677,1.08665,1.08687,1.00,2.06
2018.02.05 12:27:46.351,1.08665,1.08685,1.00,1.12
2018.02.05 12:27:47.007,1.08665,1.08686,1.00,1.31
2018.02.05 12:27:48.236,1.08664,1.08686,1.50,1.12
2018.02.05 12:27:48.740,1.08665,1.08687,1.00,2.81
2018.02.05 12:27:49.319,1.08665,1.08687,1.00,2.06
2018.02.05 12:27:49.768,1.08667,1.08687,1.00,2.06
2018.02.05 12:27:50.895,1.08666,1.08687,1.00,1.44
2018.02.05 12:27:51.639,1.08666,1.08687,1.00,1.25
2018.02.05 12:27:55.787,1.08666,1.08687,1.56,1.25
2018.02.05 12:27:56.096,1.08673,1.08693,1.00,1.37
2018.02.05 12:27:56.597,1.08673,1.08693,1.00,1.37
2018.02.05 12:27:57.295,1.08672,1.08693,1.00,1.44
2018.02.05 12:27:57.557,1.08667,1.0869,2.81,1.25
2018.02.05 12:27:58.077,1.08671,1.0869,1.00,1.50
2018.02.05 12:27:58.627,1.0867,1.0869,1.00,1.31
2018.02.05 12:27:59.746,1.08671,1.0869,1.00,2.25
2018.02.05 12:28:00.163,1.08671,1.0869,1.00,2.62
2018.02.05 12:28:00.525,1.08667,1.08689,1.00,1.87
2018.02.05 12:28:01.375,1.08666,1.08689,1.00,3.37
2018.02.05 12:28:01.529,1.08664,1.08689,3.37,3.37
2018.02.05 12:28:02.145,1.08665,1.08688,1.00,1.12
2018.02.05 12:28:02.506,1.08665,1.08682,1.00,1.31
2018.02.05 12:28:02.610,1.08659,1.08679,1.00,2.25
2018.02.05 12:28:02.661,1.08657,1.08678,1.25,1.12
2018.02.05 12:28:02.714,1.08655,1.08677,1.25,1.12
2018.02.05 12:28:02.868,1.08655,1.08675,1.00,1.12
2018.02.05 12:28:03.517,1.08656,1.08675,1.00,1.50
2018.02.05 12:28:04.184,1.08655,1.08675,1.00,1.12
2018.02.05 12:28:04.800,1.08652,1.08675,2.62,1.31
2018.02.05 12:28:04.903,1.08652,1.08675,3.19,1.69
2018.02.05 12:28:05.504,1.08652,1.08675,1.00,1.19
2018.02.05 12:28:05.852,1.08651,1.08674,1.50,1.87
2018.02.05 12:28:06.208,1.08649,1.08674,3.37,2.00
2018.02.05 12:28:06.374,1.08653,1.08675,1.25,2.06
2018.02.05 12:28:06.628,1.08654,1.08677,1.00,2.06
2018.02.05 12:28:06.679,1.08655,1.08675,1.00,1.56
2018.02.05 12:28:07.025,1.08651,1.08674,1.69,1.31
2018.02.05 12:28:07.558,1.08649,1.08673,1.87,1.87
2018.02.05 12:28:08.164,1.08649,1.08672,1.50,1.62
2018.02.05 12:28:08.794,1.08648,1.08671,2.44,1.31
2018.02.05 12:28:09.051,1.08648,1.08671,1.50,1.62
2018.02.05 12:28:09.764,1.08648,1.08671,1.00,2.25
2018.02.05 12:28:10.175,1.08648,1.08671,1.50,2.25
2018.02.05 12:28:11.033,1.08647,1.08671,1.50,2.81
2018.02.05 12:28:11.765,1.08648,1.0867,1.12,2.00
2018.02.05 12:28:12.532,1.08647,1.0867,1.37,1.12
2018.02.05 12:28:13.936,1.08646,1.0867,2.25,2.19
2018.02.05 12:28:14.042,1.08647,1.0867,1.37,1.87
2018.02.05 12:28:14.093,1.0865,1.08669,1.00,1.12
2018.02.05 12:28:14.198,1.08649,1.08672,1.50,1.12
2018.02.05 12:28:14.608,1.08649,1.08674,1.87,3.19
2018.02.05 12:28:15.086,1.08653,1.08675,1.00,1.87
2018.02.05 12:28:15.188,1.08652,1.08676,2.81,1.44
2018.02.05 12:28:15.240,1.08652,1.08676,3.19,1.44
2018.02.05 12:28:15.893,1.08653,1.08676,1.25,1.37
2018.02.05 12:28:16.472,1.08652,1.08674,1.00,1.50
2018.02.05 12:28:17.375,1.08652,1.08675,1.00,1.50
2018.02.05 12:28:17.682,1.08652,1.08674,1.00,1.37
2018.02.05 12:28:18.161,1.08659,1.08679,1.00,1.87
2018.02.05 12:28:18.264,1.08662,1.08684,1.00,1.44
2018.02.05 12:28:19.903,1.08662,1.08684,1.00,1.87
2018.02.05 12:28:20.117,1.08659,1.08683,3.19,1.44
2018.02.05 12:28:20.585,1.08659,1.08679,1.00,1.25
2018.02.05 12:28:20.740,1.08655,1.08677,1.12,1.44
2018.02.05 12:28:21.275,1.08652,1.08675,3.75,1.69
2018.02.05 12:28:22.168,1.08653,1.08675,1.69,1.00
2018.02.05 12:28:22.342,1.08659,1.0868,1.12,1.00
2018.02.05 12:28:22.962,1.0866,1.0868,1.00,1.00
2018.02.05 12:28:23.928,1.08661,1.0868,1.12,1.37
2018.02.05 12:28:24.036,1.0866,1.08684,1.12,3.37
2018.02.05 12:28:24.247,1.08661,1.08684,1.12,2.62
2018.02.05 12:28:24.564,1.0866,1.08683,1.37,1.37
2018.02.05 12:28:25.359,1.0866,1.08684,1.12,1.19
2018.02.05 12:28:25.465,1.0866,1.08684,1.87,2.44
2018.02.05 12:28:25.569,1.08661,1.08684,1.00,2.62
2018.02.05 12:28:26.077,1.08661,1.08684,1.00,2.62
2018.02.05 12:28:26.253,1.08661,1.08684,1.00,2.62
2018.02.05 12:28:26.531,1.08661,1.08684,1.00,1.87
2018.02.05 12:28:26.835,1.08661,1.08684,1.00,1.87
2018.02.05 12:28:26.992,1.08661,1.08684,1.00,1.87
2018.02.05 12:28:27.144,1.08661,1.08684,1.00,1.87
2018.02.05 12:28:27.318,1.08661,1.08684,1.00,1.87
2018.02.05 12:28:27.645,1.08661,1.08684,1.00,1.87
2018.02.05 12:28:27.814,1.08661,1.08684,1.00,1.87
2018.02.05 12:28:28.034,1.08661,1.08684,1.00,1.87
2018.02.05 12:28:28.360,1.0866,1.08684,1.50,1.69
2018.02.05 12:28:28.462,1.08661,1.08684,1.00,1.87
2018.02.05 12:28:28.796,1.08661,1.08684,1.00,1.87
2018.02.05 12:28:29.329,1.0866,1.08684,2.25,1.87
2018.02.05 12:28:29.561,1.08661,1.08684,1.00,1.31
2018.02.05 12:28:29.619,1.0866,1.08684,1.50,1.12
2018.02.05 12:28:29.765,1.08661,1.08684,1.00,1.62
2018.02.05 12:28:30.284,1.0866,1.08684,1.50,1.62
2018.02.05 12:28:30.812,1.08661,1.08684,1.00,2.06
2018.02.05 12:28:31.110,1.08661,1.08684,1.00,2.06
2018.02.05 12:28:31.212,1.08661,1.08684,1.00,2.06
2018.02.05 12:28:31.406,1.0866,1.08684,2.25,1.87
2018.02.05 12:28:31.644,1.08661,1.08684,1.00,2.06
2018.02.05 12:28:31.887,1.0866,1.08684,2.25,1.87
2018.02.05 12:28:32.015,1.08661,1.08684,1.00,2.06
2018.02.05 12:28:32.349,1.08661,1.08684,1.00,2.06
2018.02.05 12:28:32.492,1.08661,1.08684,1.00,2.06
2018.02.05 12:28:32.839,1.0866,1.08684,2.25,1.87
2018.02.05 12:28:33.025,1.0866,1.08684,2.25,1.87
2018.02.05 12:28:33.077,1.08661,1.08684,1.00,2.06
2018.02.05 12:28:33.415,1.0866,1.08684,2.25,1.87
2018.02.05 12:28:33.712,1.0866,1.08684,2.25,2.06
2018.02.05 12:28:33.935,1.0866,1.08684,2.25,1.87
2018.02.05 12:28:34.241,1.08661,1.08684,1.00,2.06
2018.02.05 12:28:34.445,1.08661,1.08684,1.19,1.31
2018.02.05 12:28:34.547,1.08661,1.08684,1.12,1.62
2018.02.05 12:28:35.049,1.0866,1.08684,2.06,1.37
2018.02.05 12:28:42.107,1.08661,1.08684,1.31,1.37
2018.02.05 12:28:42.261,1.08661,1.08684,1.25,1.44
2018.02.05 12:28:42.909,1.08662,1.08684,1.00,1.44
2018.02.05 12:28:43.569,1.08662,1.08684,1.50,1.37
2018.02.05 12:28:49.206,1.08661,1.08684,1.50,1.37
2018.02.05 12:28:49.257,1.08662,1.08684,1.00,1.44
2018.02.05 12:28:49.314,1.08662,1.08684,1.00,1.44
2018.02.05 12:28:49.877,1.08661,1.08684,1.50,1.37
2018.02.05 12:28:55.596,1.08662,1.08684,1.00,1.37
2018.02.05 12:28:56.196,1.08662,1.08684,1.00,1.37
2018.02.05 12:29:00.129,1.08661,1.08684,1.69,1.44
2018.02.05 12:29:00.924,1.08662,1.08684,1.25,1.37
2018.02.05 12:29:01.052,1.08663,1.08684,1.31,1.37
2018.02.05 12:29:01.104,1.08663,1.08684,3.56,1.00
2018.02.05 12:29:01.259,1.08663,1.08684,1.69,1.00
2018.02.05 12:29:01.418,1.08663,1.08684,2.81,1.00
2018.02.05 12:29:01.932,1.08663,1.08684,1.69,1.00
2018.02.05 12:29:03.436,1.08663,1.08684,2.44,1.00
2018.02.05 12:29:03.488,1.08665,1.08686,1.25,1.25
2018.02.05 12:29:04.148,1.08667,1.08686,1.00,1.00
2018.02.05 12:29:04.199,1.08667,1.0869,1.37,1.87
2018.02.05 12:29:04.250,1.08667,1.08685,1.00,1.00
2018.02.05 12:29:04.783,1.08666,1.08687,1.00,1.37
2018.02.05 12:29:05.197,1.08666,1.08689,1.00,2.62
2018.02.05 12:29:05.300,1.08669,1.08691,1.37,1.00
2018.02.05 12:29:05.619,1.0867,1.08693,1.31,1.87
2018.02.05 12:29:05.721,1.08669,1.08692,1.50,1.25
2018.02.05 12:29:05.825,1.08667,1.08691,1.25,1.31
2018.02.05 12:29:06.133,1.08664,1.08685,1.69,1.25
2018.02.05 12:29:06.288,1.08663,1.08688,3.00,1.44
2018.02.05 12:29:06.392,1.08666,1.08689,1.00,1.37
2018.02.05 12:29:06.547,1.08664,1.08686,1.25,1.25
2018.02.05 12:29:06.650,1.08664,1.08686,1.00,1.37
2018.02.05 12:29:07.147,1.08664,1.08687,1.00,1.87
2018.02.05 12:29:07.300,1.08662,1.08686,1.87,1.37
2018.02.05 12:29:08.218,1.08663,1.08687,1.00,2.62
2018.02.05 12:29:08.754,1.08663,1.08686,1.00,1.44
2018.02.05 12:29:09.278,1.08663,1.08686,1.50,1.87
2018.02.05 12:29:11.068,1.08663,1.08686,1.50,1.87
2018.02.05 12:29:11.170,1.08663,1.08686,1.50,1.25
2018.02.05 12:29:11.334,1.08663,1.08686,1.50,1.37
2018.02.05 12:29:11.849,1.08663,1.08686,1.50,1.44
2018.02.05 12:29:12.164,1.08663,1.08683,1.00,1.25
2018.02.05 12:29:12.472,1.0866,1.0868,1.00,1.12
2018.02.05 12:29:12.746,1.0866,1.08682,1.00,1.00
2018.02.05 12:29:13.392,1.0866,1.08682,1.00,1.44
2018.02.05 12:29:14.034,1.0866,1.08681,1.00,1.44
2018.02.05 12:29:14.409,1.08657,1.08681,1.87,2.62
2018.02.05 12:29:14.539,1.0866,1.08682,1.00,1.44
2018.02.05 12:29:15.065,1.08659,1.08681,1.25,2.25
2018.02.05 12:29:15.596,1.08659,1.0868,1.50,1.19
2018.02.05 12:29:15.892,1.08659,1.08681,1.25,1.87
2018.02.05 12:29:16.419,1.08659,1.0868,1.50,1.00
2018.02.05 12:29:16.849,1.08659,1.08683,2.44,1.44
2018.02.05 12:29:16.957,1.08663,1.08684,1.00,1.50
2018.02.05 12:29:17.272,1.08664,1.08688,1.00,2.62
2018.02.05 12:29:17.776,1.08664,1.08688,1.00,1.12
2018.02.05 12:29:18.313,1.08664,1.08689,1.50,3.00
2018.02.05 12:29:18.842,1.08664,1.08688,1.69,1.37
2018.02.05 12:29:19.308,1.08664,1.08688,1.50,1.44
2018.02.05 12:29:19.358,1.08664,1.08688,1.69,1.87
2018.02.05 12:29:19.678,1.0867,1.08692,1.00,1.69
2018.02.05 12:29:19.729,1.0867,1.08691,1.00,1.00
2018.02.05 12:29:19.833,1.08667,1.08691,1.00,1.37
2018.02.05 12:29:20.140,1.08669,1.08691,1.50,1.87
2018.02.05 12:29:20.579,1.08669,1.08691,1.00,1.19
2018.02.05 12:29:20.682,1.08669,1.08691,1.00,1.25
2018.02.05 12:29:20.886,1.08669,1.08691,1.00,1.37
2018.02.05 12:29:21.176,1.08669,1.08692,1.50,1.87
2018.02.05 12:29:21.229,1.08666,1.0869,1.31,1.69
2018.02.05 12:29:21.572,1.08665,1.08688,2.25,1.12
2018.02.05 12:29:22.113,1.08665,1.08689,2.25,1.31
2018.02.05 12:29:22.433,1.08665,1.08689,1.50,1.37
2018.02.05 12:29:22.786,1.08665,1.08689,2.44,1.12
2018.02.05 12:29:23.518,1.08666,1.0869,1.69,1.87
2018.02.05 12:29:23.570,1.0867,1.08691,1.00,1.37
2018.02.05 12:29:23.828,1.08669,1.08693,1.25,2.25
2018.02.05 12:29:24.177,1.0867,1.08693,1.25,1.37
2018.02.05 12:29:24.502,1.08669,1.08693,1.25,1.00
2018.02.05 12:29:24.705,1.0867,1.08693,1.25,1.62
2018.02.05 12:29:25.216,1.08669,1.08693,1.25,1.25
2018.02.05 12:29:25.595,1.08668,1.08693,2.25,1.62
2018.02.05 12:29:25.899,1.08665,1.08689,1.50,1.37
2018.02.05 12:29:26.436,1.08665,1.08688,1.69,1.37
2018.02.05 12:29:26.945,1.08665,1.08688,1.69,1.37
2018.02.05 12:29:27.493,1.08665,1.08688,1.44,1.44
2018.02.05 12:29:28.080,1.08665,1.08689,1.25,1.37
2018.02.05 12:29:28.645,1.08665,1.08688,1.00,1.25
2018.02.05 12:29:29.156,1.08665,1.08687,1.50,1.00
2018.02.05 12:29:30.068,1.08665,1.0869,1.50,4.31
2018.02.05 12:29:30.841,1.08665,1.08686,1.25,1.00
2018.02.05 12:29:31.764,1.08665,1.08688,1.25,1.25
2018.02.05 12:29:32.303,1.08665,1.08687,1.00,1.44
2018.02.05 12:29:32.861,1.08665,1.08688,1.25,1.44
2018.02.05 12:29:33.151,1.08663,1.08686,1.69,1.25
2018.02.05 12:29:33.308,1.08665,1.08686,1.25,1.44
2018.02.05 12:29:34.415,1.08664,1.08687,1.25,1.44
2018.02.05 12:29:34.748,1.08664,1.08687,1.25,1.37
2018.02.05 12:29:36.181,1.08663,1.08688,1.50,1.94
2018.02.05 12:29:36.816,1.08663,1.08685,1.69,1.44
2018.02.05 12:29:38.167,1.08663,1.08685,1.87,1.44
2018.02.05 12:29:40.282,1.08663,1.08686,1.69,1.44
2018.02.05 12:29:40.978,1.08664,1.08685,1.25,1.25
2018.02.05 12:29:43.244,1.08663,1.08685,1.87,1.19
2018.02.05 12:29:43.411,1.08663,1.08686,1.69,1.25
2018.02.05 12:29:43.929,1.08663,1.08686,1.50,1.44
2018.02.05 12:29:44.032,1.08662,1.0868,1.00,1.00
2018.02.05 12:29:44.658,1.08662,1.08681,1.00,1.00
2018.02.05 12:29:45.282,1.08662,1.0868,1.00,1.00
2018.02.05 12:29:45.909,1.08662,1.08681,1.00,1.12
2018.02.05 12:29:46.538,1.08662,1.08681,1.00,1.19
2018.02.05 12:29:47.171,1.08659,1.0868,1.31,2.44
2018.02.05 12:29:47.576,1.08659,1.08678,1.00,1.44
2018.02.05 12:29:47.920,1.08659,1.08679,1.00,1.25
2018.02.05 12:29:47.971,1.08659,1.08678,1.00,1.37
2018.02.05 12:29:48.073,1.08657,1.08679,1.50,1.12
2018.02.05 12:29:48.125,1.08657,1.08675,1.00,1.00
2018.02.05 12:29:48.176,1.08655,1.08679,1.00,2.44
2018.02.05 12:29:48.308,1.08656,1.08679,1.00,1.50
2018.02.05 12:29:48.564,1.08659,1.08682,1.50,1.87
2018.02.05 12:29:48.972,1.08659,1.08682,1.31,1.87
2018.02.05 12:29:49.205,1.08659,1.08682,1.00,1.44
2018.02.05 12:29:49.746,1.08659,1.08682,1.00,1.37
2018.02.05 12:29:50.769,1.08659,1.08679,1.25,1.25
2018.02.05 12:29:50.925,1.08661,1.08683,1.25,1.31
2018.02.05 12:29:51.591,1.08661,1.08684,1.25,1.25
2018.02.05 12:29:52.176,1.08661,1.08685,1.31,3.37
2018.02.05 12:29:53.292,1.08661,1.08685,1.25,1.19
2018.02.05 12:29:53.797,1.08661,1.08685,2.06,3.37
2018.02.05 12:29:54.365,1.08664,1.08685,1.00,1.87
2018.02.05 12:29:54.981,1.08665,1.08686,1.00,1.44
2018.02.05 12:29:55.156,1.08663,1.08686,2.06,1.00
2018.02.05 12:29:55.318,1.08666,1.08689,1.12,1.37
2018.02.05 12:29:55.422,1.08667,1.0869,1.50,1.50
2018.02.05 12:29:55.474,1.08669,1.08691,1.44,1.25
2018.02.05 12:29:55.798,1.08672,1.0869,1.00,1.00
2018.02.05 12:29:56.332,1.08672,1.0869,1.00,1.44
2018.02.05 12:29:56.632,1.08672,1.08691,1.00,1.00
2018.02.05 12:29:56.899,1.08672,1.0869,1.00,1.44
2018.02.05 12:29:57.216,1.08672,1.08691,1.00,1.00
2018.02.05 12:29:58.108,1.08672,1.08691,1.00,1.44
2018.02.05 12:29:58.412,1.08666,1.08687,1.50,1.25
2018.02.05 12:29:58.515,1.08664,1.08686,1.00,1.00
2018.02.05 12:29:58.669,1.08664,1.08687,1.00,1.37
2018.02.05 12:29:59.215,1.08664,1.08687,1.31,1.31
2018.02.05 12:29:59.471,1.08664,1.08687,1.12,1.37
2018.02.05 12:29:59.986,1.08664,1.08688,1.12,1.69
2018.02.05 12:30:00.508,1.08664,1.08688,1.00,1.87
2018.02.05 12:30:02.002,1.08664,1.08687,1.00,1.75
2018.02.05 12:30:02.398,1.08661,1.08684,1.50,2.62
2018.02.05 12:30:02.450,1.08659,1.08682,1.69,1.50
2018.02.05 12:30:02.552,1.08659,1.08681,1.00,1.44
2018.02.05 12:30:02.878,1.08659,1.08679,1.00,1.44
2018.02.05 12:30:03.184,1.08659,1.0868,1.00,1.25
2018.02.05 12:30:03.380,1.08659,1.08679,1.00,1.37
2018.02.05 12:30:04.152,1.08659,1.0868,1.00,1.37
2018.02.05 12:30:06.122,1.08659,1.0868,1.00,1.00
2018.02.05 12:30:06.327,1.08659,1.08677,1.00,1.00
2018.02.05 12:30:06.481,1.08655,1.08676,2.06,1.00
2018.02.05 12:30:07.615,1.08655,1.08676,2.25,1.00
2018.02.05 12:30:08.641,1.08655,1.08678,1.87,1.37
2018.02.05 12:30:08.744,1.08655,1.08679,2.25,1.69
2018.02.05 12:30:08.795,1.08655,1.08679,2.44,1.69
2018.02.05 12:30:09.251,1.08655,1.08677,1.25,1.00
2018.02.05 12:30:09.611,1.08655,1.08679,1.25,1.25
2018.02.05 12:30:09.661,1.08655,1.08679,2.44,1.87
2018.02.05 12:30:10.105,1.08656,1.08679,1.12,1.00
2018.02.05 12:30:10.393,1.08655,1.08678,1.87,1.00
2018.02.05 12:30:10.955,1.08655,1.0868,1.87,3.37
2018.02.05 12:30:11.688,1.08656,1.0868,1.19,3.00
2018.02.05 12:30:11.892,1.08656,1.08679,1.81,1.44
2018.02.05 12:30:12.561,1.08656,1.0868,1.44,2.62
2018.02.05 12:30:14.101,1.08657,1.0868,1.94,1.37
2018.02.05 12:30:14.607,1.08657,1.0868,1.94,1.44
2018.02.05 12:30:15.855,1.08656,1.0868,1.87,1.69
2018.02.05 12:30:16.367,1.08656,1.0868,1.31,1.00
2018.02.05 12:30:16.850,1.08657,1.08679,1.50,1.44
2018.02.05 12:30:16.902,1.08655,1.08679,3.19,1.69
2018.02.05 12:30:17.485,1.08656,1.08678,1.56,1.25
2018.02.05 12:30:18.655,1.08659,1.08681,1.00,2.62
2018.02.05 12:30:20.211,1.08659,1.08681,1.00,1.87
2018.02.05 12:30:22.811,1.08659,1.08681,1.25,1.87
2018.02.05 12:30:23.477,1.08659,1.0868,1.00,1.44
2018.02.05 12:30:24.032,1.08659,1.08679,1.00,1.44
2018.02.05 12:30:24.597,1.08659,1.0868,1.00,1.44
2018.02.05 12:30:25.575,1.08659,1.0868,1.00,1.00
2018.02.05 12:30:27.551,1.08659,1.08679,1.25,1.00
2018.02.05 12:30:28.098,1.08659,1.0868,1.00,1.00
2018.02.05 12:30:28.605,1.08659,1.08679,1.69,1.25
2018.02.05 12:30:29.163,1.08659,1.0868,1.12,1.44
2018.02.05 12:30:32.652,1.08659,1.08679,1.69,1.44
2018.02.05 12:30:33.054,1.08659,1.0868,1.31,1.00
2018.02.05 12:30:33.642,1.08659,1.08679,1.69,1.00
2018.02.05 12:30:34.060,1.08659,1.0868,1.31,1.00
2018.02.05 12:30:35.384,1.08659,1.08679,1.69,1.00
2018.02.05 12:30:35.915,1.08659,1.0868,1.31,1.00
2018.02.05 12:30:36.670,1.08659,1.08682,1.31,2.62
2018.02.05 12:30:36.939,1.08659,1.08679,1.69,1.25
2018.02.05 12:30:37.582,1.08659,1.0868,1.31,1.00
2018.02.05 12:30:38.220,1.08659,1.08679,1.69,1.00
2018.02.05 12:30:38.734,1.08659,1.0868,1.31,1.00
2018.02.05 12:30:39.462,1.08659,1.08679,1.12,1.44
2018.02.05 12:30:40.006,1.08659,1.08679,1.00,1.37
2018.02.05 12:30:40.262,1.08655,1.08678,1.44,1.31
2018.02.05 12:30:40.367,1.08655,1.08677,1.25,2.06
2018.02.05 12:30:40.699,1.08651,1.08672,2.25,1.00
2018.02.05 12:30:41.124,1.08651,1.08672,1.37,1.00
2018.02.05 12:30:41.176,1.08651,1.08673,1.25,1.50
2018.02.05 12:30:41.330,1.08651,1.08672,1.25,1.62
2018.02.05 12:30:42.163,1.08651,1.08672,1.00,1.87
2018.02.05 12:30:42.803,1.08651,1.08671,1.44,1.12
2018.02.05 12:30:45.635,1.08648,1.08672,1.37,1.12
2018.02.05 12:30:45.842,1.08648,1.08672,2.25,1.62
2018.02.05 12:30:47.613,1.08648,1.08672,1.37,1.44
2018.02.05 12:30:48.128,1.08648,1.08671,1.37,1.44
2018.02.05 12:30:48.968,1.08648,1.08669,1.37,1.00
2018.02.05 12:30:49.509,1.08648,1.08669,1.00,1.25
2018.02.05 12:30:50.036,1.08647,1.08669,1.12,1.00
2018.02.05 12:30:50.716,1.08647,1.08668,1.37,1.12
2018.02.05 12:30:51.972,1.08647,1.08668,1.12,1.00
2018.02.05 12:30:52.602,1.08646,1.08668,1.44,1.44
2018.02.05 12:30:53.152,1.08645,1.08668,1.00,1.00
2018.02.05 12:30:53.975,1.08646,1.08668,1.00,1.00
2018.02.05 12:30:56.056,1.08645,1.08668,1.50,1.00
2018.02.05 12:30:56.858,1.08646,1.08668,1.00,1.00
2018.02.05 12:30:57.088,1.08646,1.08671,1.00,1.87
2018.02.05 12:30:57.221,1.08652,1.08676,1.00,3.00
2018.02.05 12:30:57.274,1.08649,1.08673,1.50,1.00
2018.02.05 12:30:57.377,1.08651,1.08673,1.00,1.00
2018.02.05 12:30:58.351,1.0865,1.08668,1.00,1.00
2018.02.05 12:31:00.056,1.08649,1.08669,1.00,1.00
2018.02.05 12:31:00.560,1.08649,1.08668,1.00,1.00
2018.02.05 12:31:00.612,1.08648,1.08671,1.00,1.87
2018.02.05 12:31:01.126,1.08648,1.0867,1.00,1.50
2018.02.05 12:31:03.837,1.08648,1.08671,1.00,1.12
2018.02.05 12:31:04.324,1.08649,1.08673,1.00,2.25
2018.02.05 12:31:04.377,1.08652,1.08674,1.50,1.00
2018.02.05 12:31:04.720,1.08657,1.08678,1.00,1.00
2018.02.05 12:31:05.979,1.08658,1.0868,1.00,1.50
2018.02.05 12:31:06.603,1.08659,1.08681,1.00,1.00
2018.02.05 12:31:07.255,1.08659,1.08682,1.00,1.12
2018.02.05 12:31:08.527,1.08659,1.08681,1.00,1.00
2018.02.05 12:31:08.630,1.08657,1.0868,1.00,1.00
2018.02.05 12:31:08.681,1.08661,1.08682,1.00,1.12
2018.02.05 12:31:09.006,1.08663,1.08683,1.00,1.00
2018.02.05 12:31:09.690,1.08661,1.08683,1.00,1.50
2018.02.05 12:31:10.232,1.0866,1.08683,1.00,1.00
2018.02.05 12:31:10.799,1.08661,1.08683,1.00,1.00
2018.02.05 12:31:11.326,1.0866,1.08683,1.50,1.00
2018.02.05 12:31:12.474,1.08661,1.08683,1.00,1.00
2018.02.05 12:31:19.449,1.08662,1.08685,1.00,1.00
2018.02.05 12:31:19.502,1.08666,1.08688,1.00,1.50
2018.02.05 12:31:20.017,1.08665,1.08686,1.00,1.00
2018.02.05 12:31:20.274,1.08663,1.08686,1.00,1.00
2018.02.05 12:31:20.428,1.08663,1.08683,1.00,1.00
2018.02.05 12:31:21.353,1.08662,1.08684,1.00,1.00
2018.02.05 12:31:22.361,1.08662,1.08683,1.00,1.00
2018.02.05 12:31:24.380,1.08662,1.08684,1.00,1.00
2018.02.05 12:31:24.849,1.08662,1.08686,1.50,1.50
2018.02.05 12:31:26.562,1.08662,1.08683,1.00,1.00
2018.02.05 12:31:27.905,1.08662,1.08684,1.00,1.00
2018.02.05 12:31:28.812,1.08662,1.08686,1.00,2.25
2018.02.05 12:31:30.948,1.08662,1.08685,1.00,1.00
2018.02.05 12:31:31.122,1.08664,1.08684,1.00,1.50
2018.02.05 12:31:31.174,1.0866,1.08685,1.50,3.56
2018.02.05 12:31:31.379,1.08657,1.0868,2.25,1.00
2018.02.05 12:31:31.890,1.08657,1.08679,1.00,1.25
2018.02.05 12:31:32.416,1.08656,1.08678,1.00,1.00
2018.02.05 12:31:32.754,1.08659,1.0868,1.00,1.25
2018.02.05 12:31:32.806,1.0866,1.08683,1.00,1.00
2018.02.05 12:31:32.857,1.08661,1.08685,1.50,1.00
2018.02.05 12:31:33.441,1.08661,1.08686,1.00,2.25
2018.02.05 12:31:33.493,1.08663,1.08686,1.00,2.25
2018.02.05 12:31:34.386,1.08662,1.08686,1.00,1.00
2018.02.05 12:31:35.521,1.08663,1.08686,1.00,1.00
2018.02.05 12:31:36.376,1.08664,1.08686,1.00,1.00
2018.02.05 12:31:37.900,1.08663,1.08686,1.00,1.00
2018.02.05 12:31:39.047,1.08662,1.08686,1.00,1.00
2018.02.05 12:31:39.580,1.08661,1.08686,3.00,1.00
2018.02.05 12:31:40.193,1.08662,1.08686,1.00,1.69
2018.02.05 12:31:40.495,1.08658,1.08679,1.00,1.00
2018.02.05 12:31:40.850,1.08655,1.08678,1.50,1.50
2018.02.05 12:31:40.951,1.08655,1.08675,1.00,1.00
2018.02.05 12:31:41.313,1.08655,1.08678,1.00,1.50
2018.02.05 12:31:41.365,1.08657,1.0868,1.00,1.37
2018.02.05 12:31:41.416,1.08657,1.08681,1.00,2.06
2018.02.05 12:31:42.485,1.08658,1.08681,1.00,1.69
2018.02.05 12:31:42.537,1.08659,1.08682,1.00,1.50
2018.02.05 12:31:42.642,1.08663,1.08682,1.00,1.00
2018.02.05 12:31:42.696,1.08664,1.08684,1.00,1.00
2018.02.05 12:31:43.242,1.08665,1.08685,1.00,1.00
2018.02.05 12:31:43.782,1.08664,1.08685,1.00,1.00
2018.02.05 12:31:44.312,1.08665,1.08685,1.00,1.00
2018.02.05 12:31:44.892,1.08664,1.08685,1.00,1.50
2018.02.05 12:31:45.492,1.08665,1.08685,1.00,1.00
2018.02.05 12:31:47.607,1.08665,1.08687,1.50,1.69
2018.02.05 12:31:48.149,1.08665,1.08688,2.25,1.00
2018.02.05 12:31:48.669,1.08666,1.0869,1.00,1.50
2018.02.05 12:31:49.183,1.08666,1.0869,1.00,1.19
2018.02.05 12:31:49.715,1.08666,1.0869,1.00,1.25
2018.02.05 12:31:50.028,1.08666,1.08687,1.00,1.00
2018.02.05 12:31:50.764,1.08666,1.08688,1.00,1.00
2018.02.05 12:31:51.018,1.08666,1.0869,1.50,2.44
2018.02.05 12:31:51.424,1.08666,1.0869,1.00,2.25
2018.02.05 12:31:56.249,1.08666,1.08689,2.63,1.31
2018.02.05 12:31:58.211,1.08666,1.0869,1.44,2.63
2018.02.05 12:31:58.520,1.08671,1.08693,1.00,2.00
2018.02.05 12:31:58.828,1.08669,1.0869,1.50,2.44
2018.02.05 12:31:59.334,1.08669,1.08689,1.00,1.94
2018.02.05 12:31:59.946,1.08669,1.08689,1.00,1.69
2018.02.05 12:32:00.448,1.08669,1.08689,1.50,1.94
2018.02.05 12:32:01.009,1.08669,1.0869,1.00,1.88
2018.02.05 12:32:03.641,1.08669,1.08689,1.50,1.75
2018.02.05 12:32:03.945,1.08669,1.08689,1.50,2.06
2018.02.05 12:32:04.072,1.08669,1.0869,1.50,2.25
2018.02.05 12:32:05.136,1.08669,1.0869,1.50,3.19
2018.02.05 12:32:05.665,1.08669,1.08689,1.00,2.25
2018.02.05 12:32:06.026,1.08669,1.08689,1.50,2.06
2018.02.05 12:32:06.322,1.08669,1.08689,1.00,1.56
2018.02.05 12:32:06.482,1.08669,1.08689,1.50,1.56
2018.02.05 12:32:06.659,1.08669,1.08689,1.00,1.56
2018.02.05 12:32:06.749,1.08669,1.08689,1.50,1.56
2018.02.05 12:32:06.852,1.08666,1.08685,1.00,1.63
2018.02.05 12:32:07.396,1.08666,1.08684,1.00,1.38
2018.02.05 12:32:07.816,1.08666,1.08684,1.00,1.38
2018.02.05 12:32:09.774,1.08666,1.08684,1.00,1.50
2018.02.05 12:32:10.437,1.08666,1.08685,1.00,1.50
2018.02.05 12:32:11.228,1.08666,1.08685,1.00,1.56
2018.02.05 12:32:11.712,1.08666,1.08685,1.00,1.56
2018.02.05 12:32:11.851,1.08666,1.08685,1.00,1.56
2018.02.05 12:32:12.704,1.08666,1.08686,1.00,1.75
2018.02.05 12:32:12.858,1.08666,1.08686,1.00,1.75
2018.02.05 12:32:13.367,1.08666,1.08686,1.00,1.75
2018.02.05 12:32:13.918,1.08666,1.08686,1.00,1.75
2018.02.05 12:32:14.500,1.08666,1.08686,1.00,1.75
2018.02.05 12:32:15.429,1.08666,1.08686,1.00,2.25
2018.02.05 12:32:16.150,1.08666,1.08686,1.00,2.44
2018.02.05 12:32:16.673,1.08666,1.08686,1.00,1.69
2018.02.05 12:32:17.166,1.08666,1.08686,1.00,2.25
2018.02.05 12:32:17.217,1.08666,1.08686,1.00,2.25
2018.02.05 12:32:17.700,1.08666,1.08683,1.00,1.63
2018.02.05 12:32:17.751,1.08664,1.08687,1.00,1.75
2018.02.05 12:32:17.904,1.08664,1.08687,1.44,2.06
2018.02.05 12:32:18.122,1.08666,1.08687,1.00,2.81
2018.02.05 12:32:18.589,1.08664,1.08687,1.88,2.06
2018.02.05 12:32:18.642,1.08664,1.08687,2.25,2.06
2018.02.05 12:32:18.698,1.08664,1.08687,2.25,2.06
2018.02.05 12:32:18.921,1.08664,1.08687,2.25,2.25
2018.02.05 12:32:19.308,1.08664,1.08687,2.25,2.06
2018.02.05 12:32:20.297,1.08664,1.08687,2.25,2.25
2018.02.05 12:32:20.848,1.08664,1.08687,2.25,2.06
2018.02.05 12:32:22.814,1.08665,1.08687,1.25,2.06
2018.02.05 12:32:23.221,1.08667,1.0869,1.88,2.81
2018.02.05 12:32:23.273,1.08667,1.08687,1.25,1.38
2018.02.05 12:32:23.990,1.08667,1.08687,1.13,1.63
2018.02.05 12:32:24.786,1.08667,1.08688,1.50,1.63
2018.02.05 12:32:25.091,1.08668,1.08687,1.00,1.56
2018.02.05 12:32:25.275,1.08665,1.08687,1.44,1.56
2018.02.05 12:32:25.681,1.08663,1.08683,1.44,1.38
2018.02.05 12:32:26.182,1.08664,1.08687,1.13,2.25
2018.02.05 12:32:26.707,1.08665,1.08686,1.00,1.50
2018.02.05 12:32:27.234,1.08664,1.08687,1.25,2.25
2018.02.05 12:32:27.798,1.08665,1.08686,1.00,1.50
2018.02.05 12:32:28.381,1.08665,1.08684,1.00,2.25
2018.02.05 12:32:28.434,1.08663,1.08681,1.00,1.38
2018.02.05 12:32:28.487,1.08658,1.08677,1.69,1.69
2018.02.05 12:32:28.622,1.08659,1.08681,1.87,1.69
2018.02.05 12:32:28.934,1.08663,1.08684,1.50,1.38
2018.02.05 12:32:28.986,1.08663,1.08684,1.50,1.38
2018.02.05 12:32:29.089,1.08663,1.08684,1.50,1.56
2018.02.05 12:32:29.190,1.08663,1.08684,1.12,1.56
2018.02.05 12:32:29.582,1.08663,1.08684,1.50,1.56
2018.02.05 12:32:30.089,1.08663,1.08684,2.06,1.56
2018.02.05 12:32:30.461,1.08664,1.08685,1.44,2.06
2018.02.05 12:32:30.512,1.08663,1.08685,2.63,2.06
2018.02.05 12:32:30.617,1.08665,1.08684,1.00,1.44
2018.02.05 12:32:30.720,1.08663,1.08684,2.63,1.38
2018.02.05 12:32:30.773,1.08663,1.08684,2.25,1.38
2018.02.05 12:32:30.947,1.08666,1.08683,1.00,1.56
2018.02.05 12:32:30.998,1.08662,1.08682,2.25,1.00
2018.02.05 12:32:31.049,1.08663,1.08682,1.12,1.38
2018.02.05 12:32:31.255,1.08665,1.08684,1.00,1.19
2018.02.05 12:32:31.500,1.0866,1.08679,1.50,1.00
2018.02.05 12:32:31.551,1.08659,1.08682,1.31,1.75
2018.02.05 12:32:31.706,1.08657,1.0868,1.38,1.63
2018.02.05 12:32:31.758,1.08657,1.0868,1.88,1.56
2018.02.05 12:32:31.809,1.08657,1.0868,1.88,1.56
2018.02.05 12:32:32.441,1.0866,1.08679,1.69,1.00
2018.02.05 12:32:32.493,1.08661,1.0868,1.50,1.63
2018.02.05 12:32:32.545,1.08664,1.08683,1.00,1.88
2018.02.05 12:32:32.648,1.08666,1.08684,1.00,1.63
2018.02.05 12:32:32.700,1.08664,1.08684,1.00,1.38
2018.02.05 12:32:33.212,1.08665,1.08685,1.31,2.25
2018.02.05 12:32:34.402,1.08664,1.08685,1.25,2.25
2018.02.05 12:32:34.934,1.08665,1.08685,1.00,2.25
2018.02.05 12:32:35.537,1.08663,1.08685,1.31,2.44
2018.02.05 12:32:35.797,1.08662,1.08682,1.44,1.50
2018.02.05 12:32:36.108,1.08662,1.08682,1.38,1.63
2018.02.05 12:32:36.456,1.08666,1.08685,1.00,2.25
2018.02.05 12:32:36.975,1.08667,1.08685,1.00,1.38
2018.02.05 12:32:37.132,1.08665,1.08685,1.31,1.38
2018.02.05 12:32:37.505,1.08662,1.08685,2.63,2.06
2018.02.05 12:32:37.608,1.08663,1.08685,3.00,1.38
2018.02.05 12:32:38.186,1.08664,1.08687,1.50,1.94
2018.02.05 12:32:38.628,1.08662,1.08685,1.25,3.00
2018.02.05 12:32:38.730,1.08662,1.08685,1.25,2.06
2018.02.05 12:32:39.038,1.08659,1.0868,1.50,1.56
2018.02.05 12:32:39.466,1.0866,1.0868,1.13,1.63
2018.02.05 12:32:39.517,1.0866,1.08681,1.88,1.56
2018.02.05 12:32:39.670,1.08659,1.08679,1.50,1.00
2018.02.05 12:32:39.775,1.08662,1.08683,1.00,1.00
2018.02.05 12:32:40.127,1.08663,1.08683,1.00,1.37
2018.02.05 12:32:40.643,1.08663,1.08682,1.00,1.56
2018.02.05 12:32:41.256,1.08662,1.08684,1.25,2.06
2018.02.05 12:32:41.722,1.08663,1.08684,1.00,3.00
2018.02.05 12:32:41.773,1.08659,1.08681,1.00,1.13
2018.02.05 12:32:41.923,1.08654,1.08676,2.06,1.38
2018.02.05 12:32:42.432,1.08653,1.08674,1.63,1.56
2018.02.05 12:32:42.533,1.08653,1.08673,1.44,1.00
2018.02.05 12:32:43.099,1.08653,1.08673,1.63,1.31
2018.02.05 12:32:43.651,1.08653,1.08672,1.31,1.13
2018.02.05 12:32:45.532,1.08653,1.08673,1.25,1.38
2018.02.05 12:32:46.242,1.08653,1.08674,1.38,1.56
2018.02.05 12:32:47.610,1.08653,1.08674,1.25,1.56
2018.02.05 12:32:48.674,1.08653,1.08674,1.00,1.56
2018.02.05 12:32:49.212,1.08651,1.08674,1.88,2.06
2018.02.05 12:32:51.579,1.08652,1.08673,1.44,1.56
2018.02.05 12:32:51.744,1.08649,1.08672,2.06,1.31
2018.02.05 12:32:52.341,1.08649,1.08672,2.06,1.56
2018.02.05 12:32:52.392,1.08649,1.08672,1.56,1.56
2018.02.05 12:32:53.064,1.08649,1.08672,1.63,1.63
2018.02.05 12:32:53.936,1.08649,1.08672,2.06,1.56
2018.02.05 12:32:56.844,1.08649,1.08673,1.56,1.56
2018.02.05 12:32:57.466,1.08649,1.08671,1.69,1.31
2018.02.05 12:32:57.634,1.08649,1.08671,1.31,1.31
2018.02.05 12:32:57.685,1.08649,1.08671,1.31,1.63
2018.02.05 12:32:58.200,1.08649,1.08671,1.56,1.56
2018.02.05 12:32:58.693,1.08646,1.08671,3.19,1.31
2018.02.05 12:33:00.198,1.0865,1.0867,1.63,1.63
2018.02.05 12:33:00.702,1.0865,1.08672,1.88,1.63
2018.02.05 12:33:01.443,1.08651,1.08672,1.38,1.38
2018.02.05 12:33:02.454,1.0865,1.08672,1.88,1.63
2018.02.05 12:33:03.053,1.08651,1.08672,1.38,1.56
2018.02.05 12:33:06.275,1.0865,1.08675,2.63,2.44
2018.02.05 12:33:09.574,1.08651,1.08675,1.38,2.25
2018.02.05 12:33:10.325,1.08651,1.08675,1.56,3.00
2018.02.05 12:33:10.376,1.08655,1.08675,1.00,1.38
2018.02.05 12:33:10.494,1.08655,1.08677,1.50,1.56
2018.02.05 12:33:10.545,1.08652,1.08675,1.88,1.63
2018.02.05 12:33:10.596,1.08652,1.08675,1.38,1.56
2018.02.05 12:33:10.953,1.08654,1.08675,1.25,1.63
2018.02.05 12:33:11.055,1.08656,1.08678,1.00,2.06
2018.02.05 12:33:11.682,1.08655,1.08678,1.00,1.56
2018.02.05 12:33:12.032,1.08655,1.08678,1.38,2.06
2018.02.05 12:33:12.496,1.08655,1.08678,1.25,4.69
2018.02.05 12:33:12.601,1.08653,1.08676,1.44,1.75
2018.02.05 12:33:12.804,1.08653,1.08676,2.25,2.81
2018.02.05 12:33:12.855,1.08654,1.08676,1.00,3.56
2018.02.05 12:33:12.958,1.08651,1.08672,1.38,1.56
2018.02.05 12:33:13.183,1.08652,1.08675,2.25,1.56
2018.02.05 12:33:13.285,1.08654,1.08675,1.00,1.75
2018.02.05 12:33:13.387,1.08655,1.08675,1.00,1.63
2018.02.05 12:33:13.439,1.08653,1.08675,1.00,1.63
2018.02.05 12:33:13.490,1.08654,1.08675,1.44,1.81
2018.02.05 12:33:13.739,1.08652,1.08675,3.75,1.56
2018.02.05 12:33:14.285,1.08653,1.08675,2.63,1.56
2018.02.05 12:33:15.404,1.08654,1.08678,1.00,1.56
2018.02.05 12:33:15.670,1.08654,1.08679,3.00,2.44
2018.02.05 12:33:15.976,1.08658,1.0868,1.13,2.06
2018.02.05 12:33:16.723,1.08657,1.0868,1.13,3.00
2018.02.05 12:33:17.224,1.08657,1.0868,1.88,2.00
2018.02.05 12:33:17.665,1.08658,1.0868,1.44,1.81
2018.02.05 12:33:18.168,1.08658,1.0868,1.38,1.56
2018.02.05 12:33:18.467,1.08657,1.0868,1.31,2.44
2018.02.05 12:33:19.120,1.08657,1.0868,1.25,2.44
2018.02.05 12:33:19.684,1.08658,1.08679,1.13,1.75
2018.02.05 12:33:20.487,1.08657,1.0868,1.69,3.19
2018.02.05 12:33:21.080,1.08657,1.08679,1.25,2.25
2018.02.05 12:33:21.459,1.08659,1.0868,1.00,2.25
2018.02.05 12:33:21.563,1.08661,1.08682,1.00,1.37
2018.02.05 12:33:21.854,1.08662,1.08682,1.38,1.63
2018.02.05 12:33:21.906,1.08662,1.08685,2.25,1.88
2018.02.05 12:33:21.958,1.08664,1.08685,1.25,1.38
2018.02.05 12:33:22.011,1.08663,1.08687,3.00,1.38
2018.02.05 12:33:22.320,1.08664,1.08687,1.25,3.75
2018.02.05 12:33:22.875,1.08664,1.08684,1.69,1.75
2018.02.05 12:33:23.124,1.08664,1.08684,1.00,1.38
2018.02.05 12:33:23.276,1.08663,1.08686,1.69,2.06
2018.02.05 12:33:23.635,1.08663,1.08683,1.44,1.56
2018.02.05 12:33:23.686,1.08657,1.0868,2.44,1.38
2018.02.05 12:33:24.213,1.08659,1.08681,1.00,1.56
2018.02.05 12:33:24.780,1.08659,1.0868,1.13,1.56
2018.02.05 12:33:27.064,1.08659,1.08682,1.88,1.56
2018.02.05 12:33:27.166,1.08662,1.08684,1.00,3.94
2018.02.05 12:33:27.711,1.08663,1.08684,1.25,2.25
2018.02.05 12:33:28.822,1.08663,1.08685,1.38,2.25
2018.02.05 12:33:29.339,1.08662,1.08685,1.50,2.25
2018.02.05 12:33:29.913,1.08663,1.08685,1.50,2.06
2018.02.05 12:33:31.079,1.08665,1.08685,1.00,2.44
2018.02.05 12:33:31.225,1.08664,1.08685,2.25,1.56
2018.02.05 12:33:31.328,1.08665,1.08686,1.44,1.75
2018.02.05 12:33:31.841,1.08663,1.08685,1.88,1.94
2018.02.05 12:33:31.892,1.08663,1.08685,1.25,1.94
2018.02.05 12:33:32.481,1.08663,1.08685,2.25,2.44
2018.02.05 12:33:34.064,1.08665,1.08685,1.00,1.94
2018.02.05 12:33:34.167,1.08665,1.08687,1.56,1.81
2018.02.05 12:33:34.794,1.08665,1.08687,1.56,1.75
2018.02.05 12:33:35.281,1.08665,1.08688,1.25,3.00
2018.02.05 12:33:35.625,1.08663,1.08688,3.00,2.25
2018.02.05 12:33:36.164,1.08663,1.08686,1.31,1.81
2018.02.05 12:33:36.704,1.08663,1.08686,1.88,2.44
2018.02.05 12:33:37.216,1.08663,1.08684,1.00,1.81
2018.02.05 12:33:37.764,1.08665,1.08685,1.25,2.19
2018.02.05 12:33:38.387,1.08664,1.08686,1.00,3.19
2018.02.05 12:33:38.937,1.08665,1.08686,1.00,3.38
2018.02.05 12:33:39.629,1.08663,1.08684,1.88,2.44
2018.02.05 12:33:40.138,1.08662,1.08684,1.88,2.25
2018.02.05 12:33:40.485,1.08662,1.08683,1.69,2.00
2018.02.05 12:33:41.064,1.08662,1.08683,1.25,1.81
2018.02.05 12:33:41.967,1.08662,1.08683,1.00,2.44
2018.02.05 12:33:42.798,1.08662,1.08683,1.00,3.00
2018.02.05 12:33:44.044,1.08662,1.08684,1.69,3.75
2018.02.05 12:33:48.694,1.08659,1.08682,1.25,1.75
2018.02.05 12:33:48.797,1.08659,1.0868,1.38,1.19
2018.02.05 12:33:48.849,1.08659,1.08683,1.69,3.00
2018.02.05 12:33:48.902,1.08662,1.08684,1.00,1.87
2018.02.05 12:33:49.057,1.08666,1.08689,1.00,1.87
2018.02.05 12:33:49.161,1.08667,1.08689,1.00,2.44
2018.02.05 12:33:49.519,1.08667,1.08689,1.00,2.25
2018.02.05 12:33:49.571,1.08664,1.08689,2.06,2.81
2018.02.05 12:33:49.751,1.08665,1.08688,1.25,1.62
2018.02.05 12:33:50.057,1.08665,1.08688,1.25,1.69
2018.02.05 12:33:50.262,1.08665,1.08687,1.25,1.31
2018.02.05 12:33:50.783,1.08664,1.08687,2.06,1.62
2018.02.05 12:33:51.294,1.08664,1.08687,1.50,1.87
2018.02.05 12:33:54.183,1.08664,1.08688,1.25,2.81
2018.02.05 12:33:54.551,1.08664,1.08687,1.31,1.44
2018.02.05 12:33:54.615,1.08664,1.08687,1.31,1.44
2018.02.05 12:33:54.773,1.08664,1.08687,1.31,1.37
2018.02.05 12:33:55.027,1.08664,1.08687,1.31,1.44
2018.02.05 12:33:55.230,1.08663,1.08686,1.25,1.44
2018.02.05 12:33:55.448,1.0866,1.08682,1.87,1.69
2018.02.05 12:33:55.552,1.08659,1.08682,1.00,1.12
2018.02.05 12:33:55.816,1.08661,1.08683,1.25,1.44
2018.02.05 12:33:55.867,1.08661,1.08684,1.00,1.25
2018.02.05 12:33:56.248,1.08661,1.08683,1.69,1.25
2018.02.05 12:33:56.562,1.08661,1.08682,1.00,1.31
2018.02.05 12:33:56.716,1.08659,1.08681,1.00,2.06
2018.02.05 12:33:56.768,1.08656,1.08679,1.25,3.75
2018.02.05 12:33:56.820,1.08653,1.08674,1.37,1.69
2018.02.05 12:33:58.512,1.08653,1.08675,1.44,1.87
2018.02.05 12:33:59.027,1.08653,1.08674,1.37,1.50
2018.02.05 12:33:59.590,1.08653,1.08675,1.00,3.00
2018.02.05 12:34:00.107,1.08653,1.08674,1.25,1.37
2018.02.05 12:34:00.562,1.08653,1.08673,1.00,1.12
2018.02.05 12:34:01.821,1.08651,1.08674,1.00,2.62
2018.02.05 12:34:04.636,1.08651,1.08673,1.25,1.31
2018.02.05 12:34:06.473,1.08651,1.08674,1.00,4.50
2018.02.05 12:34:11.350,1.08651,1.08673,1.25,1.12
2018.02.05 12:34:15.925,1.08651,1.08672,1.44,1.44
2018.02.05 12:34:15.976,1.08652,1.08674,1.87,1.00
2018.02.05 12:34:16.080,1.08652,1.0867,1.00,1.00
2018.02.05 12:34:16.184,1.08643,1.08665,1.44,1.50
2018.02.05 12:34:16.237,1.08642,1.08664,1.25,1.69
2018.02.05 12:34:16.444,1.0864,1.08664,2.25,2.25
2018.02.05 12:34:16.496,1.0864,1.08662,1.50,1.50
2018.02.05 12:34:16.964,1.08641,1.08661,1.37,1.00
2018.02.05 12:34:17.495,1.08639,1.08661,2.44,1.00
2018.02.05 12:34:17.810,1.08643,1.08667,2.06,2.25
2018.02.05 12:34:17.862,1.08647,1.08668,1.00,1.69
2018.02.05 12:34:17.914,1.08642,1.08666,1.25,3.00
2018.02.05 12:34:17.966,1.08641,1.08662,1.44,1.12
2018.02.05 12:34:18.208,1.08639,1.08662,1.44,1.25
2018.02.05 12:34:18.260,1.08636,1.0866,3.19,1.12
2018.02.05 12:34:18.632,1.08642,1.08663,1.31,1.00
2018.02.05 12:34:18.684,1.08647,1.08667,1.00,2.62
2018.02.05 12:34:19.203,1.08646,1.08667,1.00,1.37
2018.02.05 12:34:19.735,1.08647,1.08667,1.00,1.44
2018.02.05 12:34:20.238,1.08647,1.08671,1.44,4.31
2018.02.05 12:34:20.614,1.0865,1.08671,1.00,1.37
2018.02.05 12:34:20.818,1.08648,1.08671,1.25,1.12
2018.02.05 12:34:21.341,1.08648,1.08671,1.25,1.75
2018.02.05 12:34:21.671,1.0865,1.08672,1.00,1.75
2018.02.05 12:34:23.689,1.08649,1.08671,1.00,1.37
2018.02.05 12:34:24.204,1.08648,1.08672,1.25,2.62
2018.02.05 12:34:24.444,1.08648,1.08672,1.37,2.25
2018.02.05 12:34:24.993,1.08649,1.08673,1.00,1.50
2018.02.05 12:34:25.157,1.0865,1.08673,1.00,1.75
2018.02.05 12:34:25.521,1.08648,1.08672,1.69,1.37
2018.02.05 12:34:25.727,1.08647,1.08672,1.69,1.50
2018.02.05 12:34:25.893,1.08648,1.08672,1.25,1.75
2018.02.05 12:34:26.490,1.08648,1.08672,1.25,2.25
2018.02.05 12:34:26.995,1.08647,1.08672,1.25,2.25
2018.02.05 12:34:27.302,1.08648,1.0867,1.00,1.12
2018.02.05 12:34:27.807,1.08647,1.0867,1.00,1.37
2018.02.05 12:34:28.356,1.08647,1.08672,1.25,3.19
2018.02.05 12:34:28.798,1.08648,1.08672,1.19,1.94
2018.02.05 12:34:29.366,1.08648,1.08673,1.12,2.25
2018.02.05 12:34:29.418,1.08647,1.08672,1.44,1.37
2018.02.05 12:34:29.571,1.0865,1.08673,1.25,2.25
2018.02.05 12:34:34.553,1.08648,1.08672,1.69,1.87
2018.02.05 12:34:35.078,1.08649,1.08672,1.00,1.37
2018.02.05 12:34:35.643,1.08649,1.08672,1.37,3.37
2018.02.05 12:34:35.746,1.08649,1.08671,1.00,1.69
2018.02.05 12:34:35.900,1.08651,1.08672,1.00,1.50
2018.02.05 12:34:35.959,1.08648,1.08671,2.06,1.56
2018.02.05 12:34:36.476,1.08647,1.08671,1.69,1.12
2018.02.05 12:34:37.011,1.08654,1.08673,1.00,1.87
2018.02.05 12:34:37.266,1.08647,1.08669,1.00,1.56
2018.02.05 12:34:37.367,1.08645,1.08667,1.87,1.00
2018.02.05 12:34:37.707,1.08645,1.08667,1.00,1.50
2018.02.05 12:34:38.273,1.08645,1.08668,1.00,1.50
2018.02.05 12:34:39.611,1.08645,1.08668,2.25,1.37
2018.02.05 12:34:40.392,1.08647,1.08667,1.00,1.44
2018.02.05 12:34:41.391,1.08647,1.08668,1.00,1.50
2018.02.05 12:34:41.941,1.08647,1.08667,1.00,1.50
2018.02.05 12:34:42.500,1.08646,1.08667,1.69,1.37
2018.02.05 12:34:43.694,1.08646,1.08666,1.00,1.87
2018.02.05 12:34:43.954,1.08639,1.0866,2.06,1.00
2018.02.05 12:34:44.006,1.08648,1.08669,1.00,1.50
2018.02.05 12:34:44.112,1.08647,1.08669,1.50,1.44
2018.02.05 12:34:44.650,1.08648,1.08671,1.00,2.62
2018.02.05 12:34:51.854,1.08649,1.08671,1.00,1.37
2018.02.05 12:34:52.568,1.0865,1.08671,1.00,1.50
2018.02.05 12:34:57.618,1.0865,1.08671,1.00,1.69
2018.02.05 12:34:58.203,1.08649,1.08671,1.00,1.44
2018.02.05 12:34:58.306,1.08649,1.08671,1.00,1.37
2018.02.05 12:35:00.268,1.08648,1.08669,1.00,1.50
2018.02.05 12:35:00.369,1.08648,1.08671,1.00,2.25
2018.02.05 12:35:00.623,1.08648,1.0867,1.00,1.87
2018.02.05 12:35:00.877,1.08648,1.0867,1.00,1.44
2018.02.05 12:35:00.981,1.08648,1.0867,1.00,2.06
2018.02.05 12:35:01.504,1.08648,1.0867,1.00,2.25
2018.02.05 12:35:01.835,1.08646,1.0867,1.00,2.62
2018.02.05 12:35:02.385,1.08646,1.08668,1.00,1.37
2018.02.05 12:35:03.638,1.08646,1.08668,1.00,1.37
2018.02.05 12:35:03.915,1.08644,1.08668,1.69,1.75
2018.02.05 12:35:04.019,1.08644,1.08668,1.25,1.25
2018.02.05 12:35:04.224,1.08644,1.08668,2.25,1.87
2018.02.05 12:35:04.920,1.08643,1.08668,4.50,1.37
2018.02.05 12:35:05.287,1.08647,1.08669,1.50,1.37
2018.02.05 12:35:05.389,1.08647,1.08669,1.69,1.44
2018.02.05 12:35:05.926,1.08647,1.08669,1.00,1.37
2018.02.05 12:35:06.095,1.0865,1.0867,1.00,1.37
2018.02.05 12:35:06.146,1.0865,1.0867,1.00,1.25
2018.02.05 12:35:06.787,1.08649,1.0867,1.00,1.44
2018.02.05 12:35:08.817,1.08647,1.0867,3.19,1.50
2018.02.05 12:35:09.002,1.08651,1.0867,1.00,1.37
2018.02.05 12:35:09.054,1.08652,1.08673,1.00,1.50
2018.02.05 12:35:09.262,1.0865,1.08673,1.00,2.25
2018.02.05 12:35:09.461,1.08651,1.08673,1.00,1.87
2018.02.05 12:35:09.766,1.08641,1.0866,1.24,1.56
2018.02.05 12:35:10.591,1.08641,1.08661,1.25,1.65
2018.02.05 12:35:11.124,1.08635,1.08658,1.22,1.29
2018.02.05 12:35:14.569,1.08635,1.08657,1.47,1.29
2018.02.05 12:35:15.127,1.08635,1.08658,1.22,1.84
2018.02.05 12:35:15.944,1.08634,1.08657,1.41,1.46
2018.02.05 12:35:20.525,1.08634,1.08657,1.41,1.46
2018.02.05 12:35:24.428,1.08633,1.08658,2.29,1.84
2018.02.05 12:35:25.253,1.08634,1.08657,2.29,1.84
2018.02.05 12:35:25.940,1.08634,1.08659,2.10,2.21
2018.02.05 12:35:30.578,1.08636,1.08658,1.41,1.09
2018.02.05 12:35:30.631,1.08642,1.08663,1.00,3.90
2018.02.05 12:35:30.683,1.08639,1.08663,2.29,2.77
2018.02.05 12:35:30.735,1.08643,1.08664,1.25,1.19
2018.02.05 12:35:30.788,1.08642,1.08665,2.62,1.00
2018.02.05 12:35:30.840,1.08645,1.08667,1.00,1.50
2018.02.05 12:35:31.177,1.08644,1.08667,1.50,1.87
2018.02.05 12:35:32.137,1.08644,1.08667,1.69,2.25
2018.02.05 12:35:32.657,1.08643,1.08664,1.00,1.00
2018.02.05 12:35:33.247,1.08644,1.08664,1.00,1.25
2018.02.05 12:35:36.376,1.08643,1.08664,1.25,1.25
2018.02.05 12:35:37.167,1.08643,1.08665,1.25,1.00
2018.02.05 12:35:37.491,1.08643,1.08665,1.25,1.19
2018.02.05 12:35:37.543,1.08643,1.08668,1.31,4.12
2018.02.05 12:35:37.696,1.08645,1.08667,1.25,1.87
2018.02.05 12:35:38.440,1.08645,1.08667,1.25,1.87
2018.02.05 12:35:40.191,1.08644,1.08668,1.25,2.62
2018.02.05 12:35:40.502,1.08647,1.08669,1.00,1.37
2018.02.05 12:35:40.808,1.08647,1.08669,1.00,1.75
2018.02.05 12:35:41.460,1.08646,1.08669,1.50,1.87
2018.02.05 12:35:41.766,1.08643,1.08666,3.56,1.44
2018.02.05 12:35:41.920,1.08643,1.08666,2.44,1.44
2018.02.05 12:35:42.929,1.08643,1.08666,2.62,1.44
2018.02.05 12:35:43.444,1.08643,1.08667,2.44,1.44
2018.02.05 12:35:44.328,1.08643,1.08663,1.25,1.50
2018.02.05 12:35:44.483,1.08641,1.08663,1.50,1.12
2018.02.05 12:35:44.637,1.08642,1.08667,1.87,1.50
2018.02.05 12:35:44.689,1.08646,1.08667,1.00,1.75
2018.02.05 12:35:45.097,1.08646,1.08668,1.00,2.62
2018.02.05 12:35:45.352,1.08646,1.08668,1.00,2.62
2018.02.05 12:35:45.486,1.08644,1.08667,1.69,1.69
2018.02.05 12:35:46.006,1.08644,1.08664,1.00,1.00
2018.02.05 12:35:46.903,1.08644,1.08665,1.00,1.00
2018.02.05 12:35:47.697,1.08641,1.08665,1.25,2.62
2018.02.05 12:35:47.749,1.08643,1.08664,1.00,1.37
2018.02.05 12:35:48.058,1.08637,1.08658,1.72,1.31
2018.02.05 12:35:48.670,1.08637,1.0866,1.72,1.12
2018.02.05 12:35:49.623,1.08636,1.0866,1.72,1.12
2018.02.05 12:35:50.363,1.08636,1.0866,1.72,1.12
2018.02.05 12:35:51.278,1.08636,1.0866,1.29,1.75
2018.02.05 12:35:51.626,1.08636,1.08657,1.22,1.37
2018.02.05 12:35:52.115,1.08636,1.08659,1.22,1.12
2018.02.05 12:35:53.160,1.08636,1.08659,1.72,1.12
2018.02.05 12:35:53.212,1.08636,1.0866,1.22,2.25
2018.02.05 12:35:53.425,1.08636,1.0866,1.72,1.87
2018.02.05 12:35:53.761,1.08636,1.0866,1.47,2.25
2018.02.05 12:35:54.966,1.08636,1.0866,1.22,1.87
2018.02.05 12:35:55.740,1.08636,1.0866,1.47,3.00
2018.02.05 12:35:55.942,1.08636,1.08659,1.72,1.31
2018.02.05 12:35:56.671,1.08636,1.08659,1.72,1.30
2018.02.05 12:35:59.931,1.08635,1.08656,1.72,1.15
2018.02.05 12:36:00.114,1.08635,1.08656,1.19,1.15
2018.02.05 12:36:00.216,1.08635,1.08656,1.25,1.30
2018.02.05 12:36:00.733,1.08635,1.08656,1.25,1.25
2018.02.05 12:36:01.057,1.08635,1.08656,1.25,1.37
2018.02.05 12:36:01.861,1.08635,1.08658,1.00,1.87
2018.02.05 12:36:02.408,1.08635,1.08658,1.00,1.87
2018.02.05 12:36:02.988,1.08635,1.08658,1.00,2.62
2018.02.05 12:36:03.490,1.08635,1.08658,1.00,3.75
2018.02.05 12:36:04.083,1.08635,1.08658,1.00,3.37
2018.02.05 12:36:04.602,1.08635,1.08658,1.19,3.37
2018.02.05 12:36:05.122,1.08635,1.08658,1.37,3.37
2018.02.05 12:36:05.656,1.08635,1.08658,1.44,2.62
2018.02.05 12:36:06.409,1.08635,1.08655,1.37,1.00
2018.02.05 12:36:06.547,1.08635,1.08655,1.00,1.25
2018.02.05 12:36:07.096,1.08635,1.08656,1.50,1.25
2018.02.05 12:36:08.330,1.08635,1.08658,1.50,2.25
2018.02.05 12:36:08.432,1.08635,1.08658,1.00,2.25
2018.02.05 12:36:08.940,1.08635,1.08658,1.00,2.25
2018.02.05 12:36:09.443,1.08635,1.08658,1.50,2.25
2018.02.05 12:36:09.985,1.08633,1.08655,2.47,1.44
2018.02.05 12:36:10.623,1.08633,1.08657,2.44,2.62
2018.02.05 12:36:11.367,1.08633,1.08657,2.62,1.87
2018.02.05 12:36:12.655,1.08634,1.08657,1.00,1.37
2018.02.05 12:36:13.266,1.08634,1.08656,1.25,1.37
2018.02.05 12:36:13.864,1.08633,1.08657,1.25,2.62
2018.02.05 12:36:14.018,1.0863,1.08651,1.22,1.56
2018.02.05 12:36:14.070,1.0863,1.08652,1.29,1.25
2018.02.05 12:36:14.275,1.08632,1.08653,1.22,1.00
2018.02.05 12:36:14.630,1.08624,1.08648,1.91,1.24
2018.02.05 12:36:15.020,1.0863,1.08653,1.04,1.62
2018.02.05 12:36:15.226,1.08631,1.08653,1.29,1.81
2018.02.05 12:36:15.922,1.08631,1.08653,1.29,1.81
2018.02.05 12:36:16.215,1.08631,1.08653,1.91,1.00
2018.02.05 12:36:16.267,1.08632,1.08656,1.22,2.56
2018.02.05 12:36:16.370,1.08631,1.08656,1.72,1.50
2018.02.05 12:36:16.876,1.08632,1.08656,1.22,2.44
2018.02.05 12:36:16.928,1.08631,1.08656,1.72,1.69
2018.02.05 12:36:16.980,1.0863,1.08653,2.47,1.00
2018.02.05 12:36:17.585,1.0863,1.08654,2.10,1.25
2018.02.05 12:36:17.921,1.08631,1.08653,1.35,1.44
2018.02.05 12:36:18.456,1.08631,1.08653,1.35,1.44
2018.02.05 12:36:21.978,1.08628,1.08654,3.41,1.25
2018.02.05 12:36:22.080,1.08629,1.08653,1.22,1.31
2018.02.05 12:36:22.461,1.08629,1.08653,1.47,1.37
2018.02.05 12:36:22.930,1.08629,1.08652,1.97,1.00
2018.02.05 12:36:23.449,1.08629,1.08652,2.29,1.44
2018.02.05 12:36:24.038,1.08629,1.08652,1.91,1.25
2018.02.05 12:36:25.067,1.0863,1.08652,1.47,1.44
2018.02.05 12:36:25.277,1.08633,1.08656,1.35,2.81
2018.02.05 12:36:25.330,1.08635,1.08659,1.00,1.69
2018.02.05 12:36:25.382,1.08638,1.08659,1.00,1.25
2018.02.05 12:36:26.041,1.08637,1.0866,1.69,1.25
2018.02.05 12:36:26.347,1.08637,1.0866,1.25,2.06
2018.02.05 12:36:26.937,1.08636,1.08658,1.12,1.12
2018.02.05 12:36:27.245,1.08634,1.08658,1.25,2.06
2018.02.05 12:36:27.804,1.08636,1.08658,1.12,1.62
2018.02.05 12:36:28.341,1.08635,1.08658,1.00,1.37
2018.02.05 12:36:28.887,1.08636,1.08658,1.00,2.06
2018.02.05 12:36:29.158,1.08634,1.08658,1.31,1.87
2018.02.05 12:36:29.265,1.08635,1.08657,1.25,1.37
2018.02.05 12:36:29.546,1.08632,1.08654,1.72,1.25
2018.02.05 12:36:30.083,1.08631,1.08654,1.22,1.87
2018.02.05 12:36:32.056,1.08631,1.08654,1.72,1.37
2018.02.05 12:36:33.005,1.08631,1.08654,1.66,1.44
2018.02.05 12:36:34.100,1.08631,1.08654,2.10,1.25
2018.02.05 12:36:34.980,1.08631,1.08654,1.91,1.37
2018.02.05 12:36:35.553,1.08631,1.08654,1.91,1.25
2018.02.05 12:36:35.900,1.08631,1.08654,1.41,1.87
2018.02.05 12:36:38.245,1.08631,1.08654,1.66,1.19
2018.02.05 12:36:38.766,1.08631,1.08654,1.60,1.25
2018.02.05 12:36:40.717,1.08631,1.08654,1.91,1.00
2018.02.05 12:36:41.407,1.08631,1.08653,1.22,1.25
2018.02.05 12:36:43.145,1.08631,1.08654,1.47,2.44
2018.02.05 12:36:43.707,1.08631,1.08654,2.66,1.25
2018.02.05 12:36:45.616,1.08631,1.08653,2.10,1.00
2018.02.05 12:36:45.926,1.08629,1.08648,1.22,1.00
2018.02.05 12:36:46.436,1.08628,1.08649,1.22,1.50
2018.02.05 12:36:46.944,1.08628,1.0865,1.22,1.56
2018.02.05 12:36:48.374,1.0863,1.08649,1.22,1.00
2018.02.05 12:36:48.771,1.0863,1.08653,1.72,1.87
2018.02.05 12:36:49.278,1.0863,1.08653,1.91,1.24
2018.02.05 12:36:49.918,1.0863,1.08653,2.66,1.68
2018.02.05 12:36:50.125,1.08631,1.08653,1.22,1.43
2018.02.05 12:36:50.330,1.08631,1.08653,1.72,1.00
2018.02.05 12:36:51.012,1.08631,1.08653,1.22,1.24
2018.02.05 12:36:52.296,1.08631,1.08653,1.22,1.19
2018.02.05 12:36:52.872,1.0863,1.08653,2.47,1.25
2018.02.05 12:36:54.031,1.0863,1.08653,1.72,1.50
2018.02.05 12:36:54.389,1.0863,1.08653,1.22,1.43
2018.02.05 12:36:55.503,1.0863,1.08653,1.22,1.37
2018.02.05 12:36:55.858,1.0863,1.08651,1.22,1.37
2018.02.05 12:36:56.370,1.0863,1.08652,1.04,2.24
2018.02.05 12:36:56.474,1.08627,1.08651,1.79,2.24
2018.02.05 12:36:56.526,1.08627,1.08651,1.22,2.24
2018.02.05 12:36:56.577,1.08626,1.0865,1.54,1.43
2018.02.05 12:36:57.090,1.08629,1.08652,1.22,1.87
2018.02.05 12:36:57.641,1.08627,1.0865,1.47,1.87
2018.02.05 12:36:57.744,1.08627,1.0865,1.22,1.24
2018.02.05 12:36:58.132,1.08629,1.08652,1.50,1.46
2018.02.05 12:36:58.234,1.08632,1.08652,1.00,1.34
2018.02.05 12:36:58.337,1.08631,1.08652,1.00,1.00
2018.02.05 12:36:58.989,1.08632,1.08652,1.25,1.00
2018.02.05 12:36:59.386,1.08631,1.08652,1.00,1.34
2018.02.05 12:36:59.972,1.08631,1.08652,1.00,1.84
2018.02.05 12:37:00.325,1.08631,1.08652,1.00,1.50
2018.02.05 12:37:00.428,1.08632,1.08652,1.00,1.84
2018.02.05 12:37:00.597,1.08631,1.08652,1.00,1.20
2018.02.05 12:37:01.104,1.08632,1.08652,1.00,1.00
2018.02.05 12:37:01.566,1.08632,1.08654,1.00,1.44
2018.02.05 12:37:01.734,1.08632,1.08654,1.00,1.44
2018.02.05 12:37:02.123,1.08632,1.08654,1.00,1.44
2018.02.05 12:37:02.320,1.08631,1.08654,1.50,1.44
2018.02.05 12:37:02.394,1.08632,1.08654,1.00,1.37
2018.02.05 12:37:02.543,1.08632,1.08654,1.00,1.44
2018.02.05 12:37:03.289,1.08631,1.08654,2.44,1.25
2018.02.05 12:37:03.813,1.08632,1.08654,1.25,1.37
2018.02.05 12:37:04.321,1.08633,1.08656,1.50,2.25
2018.02.05 12:37:04.829,1.08633,1.08656,2.25,1.44
2018.02.05 12:37:05.307,1.08633,1.08655,1.25,1.37
2018.02.05 12:37:05.604,1.08633,1.08656,1.00,2.62
2018.02.05 12:37:05.781,1.08633,1.08656,1.00,2.62
2018.02.05 12:37:05.832,1.08631,1.08654,1.69,1.44
2018.02.05 12:37:08.834,1.08631,1.08654,1.19,1.87
2018.02.05 12:37:09.123,1.08634,1.08654,1.00,1.00
2018.02.05 12:37:09.596,1.08634,1.08654,1.87,1.00
2018.02.05 12:37:10.207,1.08634,1.08654,1.87,1.00
2018.02.05 12:37:10.719,1.08634,1.08658,1.44,3.00
2018.02.05 12:37:11.377,1.08633,1.08658,2.62,2.25
2018.02.05 12:37:14.320,1.08633,1.08658,2.44,2.25
2018.02.05 12:37:16.421,1.08633,1.08656,1.87,1.37
2018.02.05 12:37:17.034,1.08633,1.08657,1.25,1.44
2018.02.05 12:37:24.820,1.08633,1.08656,1.69,1.44
2018.02.05 12:37:25.349,1.08633,1.08656,1.87,1.44
2018.02.05 12:37:25.882,1.08633,1.08656,1.25,1.37
2018.02.05 12:37:26.770,1.08633,1.08656,1.44,1.44
2018.02.05 12:37:26.881,1.08633,1.08657,1.25,1.44
2018.02.05 12:37:29.364,1.08633,1.08656,1.44,1.37
2018.02.05 12:37:32.704,1.08633,1.08656,1.25,1.19
2018.02.05 12:37:33.326,1.08633,1.08656,1.44,1.87
2018.02.05 12:37:33.674,1.08633,1.08656,1.37,1.44
2018.02.05 12:37:33.731,1.08633,1.08657,1.44,1.87
2018.02.05 12:37:36.550,1.08633,1.08657,2.62,1.87
2018.02.05 12:37:36.775,1.08633,1.08656,2.81,1.44
2018.02.05 12:37:37.311,1.08633,1.08657,2.62,1.44
2018.02.05 12:37:37.363,1.08633,1.08657,2.62,1.87
2018.02.05 12:37:37.985,1.08633,1.08656,2.81,1.44
2018.02.05 12:37:38.189,1.08633,1.08656,1.44,1.19
2018.02.05 12:37:38.240,1.08635,1.08657,1.25,1.25
2018.02.05 12:37:38.343,1.08639,1.08659,1.00,1.87
2018.02.05 12:37:38.446,1.08641,1.08661,1.00,1.25
2018.02.05 12:37:38.711,1.0864,1.08661,1.00,1.37
2018.02.05 12:37:38.817,1.08636,1.08658,1.87,1.44
2018.02.05 12:37:39.219,1.08636,1.08658,1.37,1.37
2018.02.05 12:37:39.321,1.08636,1.08658,1.31,1.00
2018.02.05 12:37:39.811,1.08637,1.08661,1.25,2.62
2018.02.05 12:37:40.075,1.08637,1.08661,1.25,2.62
2018.02.05 12:37:40.315,1.08637,1.08661,1.25,2.62
2018.02.05 12:37:40.593,1.08637,1.0866,1.00,1.44
2018.02.05 12:37:40.797,1.08637,1.08659,1.25,1.37
2018.02.05 12:37:41.054,1.08634,1.08657,1.81,1.50
2018.02.05 12:37:41.229,1.08634,1.08657,2.25,1.37
2018.02.05 12:37:41.737,1.08634,1.08657,1.62,1.87
2018.02.05 12:37:42.632,1.08634,1.08657,2.06,1.37
2018.02.05 12:37:42.860,1.08634,1.08657,2.44,1.25
2018.02.05 12:37:43.771,1.08634,1.08657,3.37,1.19
2018.02.05 12:37:44.079,1.08643,1.08662,1.00,1.00
2018.02.05 12:37:44.642,1.08643,1.08664,1.00,1.44
2018.02.05 12:37:44.846,1.08644,1.08665,1.00,1.69
2018.02.05 12:37:44.948,1.08643,1.08664,1.44,1.37
2018.02.05 12:37:45.050,1.08638,1.08661,1.50,1.50
2018.02.05 12:37:45.102,1.08638,1.08658,1.00,1.25
2018.02.05 12:37:45.204,1.08636,1.08658,1.00,1.25
2018.02.05 12:37:45.345,1.08636,1.08658,2.25,1.37
2018.02.05 12:37:45.397,1.08638,1.08659,1.00,1.00
2018.02.05 12:37:45.448,1.08639,1.08659,1.00,1.69
2018.02.05 12:37:45.552,1.08639,1.08662,1.00,1.37
2018.02.05 12:37:45.654,1.08638,1.08662,1.31,1.44
2018.02.05 12:37:46.263,1.08639,1.08662,1.56,1.37
2018.02.05 12:37:46.803,1.08642,1.08662,1.25,1.37
2018.02.05 12:37:47.155,1.08638,1.08661,1.25,1.00
2018.02.05 12:37:47.410,1.08637,1.0866,1.69,1.44
2018.02.05 12:37:47.715,1.08636,1.08656,1.25,1.00
2018.02.05 12:37:48.037,1.08634,1.08655,1.25,1.50
2018.02.05 12:37:48.638,1.08633,1.08655,1.37,1.50
2018.02.05 12:37:49.154,1.08633,1.08653,1.37,1.00
2018.02.05 12:37:49.857,1.08633,1.08654,1.37,1.00
2018.02.05 12:37:50.034,1.08633,1.08656,1.37,1.87
2018.02.05 12:37:50.086,1.08633,1.08656,1.87,1.50
2018.02.05 12:37:50.394,1.08634,1.08656,1.87,1.00
2018.02.05 12:37:50.497,1.08634,1.08656,1.37,1.25
2018.02.05 12:37:51.582,1.08634,1.08656,1.50,1.25
2018.02.05 12:37:51.633,1.08634,1.08655,1.25,1.12
2018.02.05 12:37:52.184,1.08634,1.08655,1.25,1.44
2018.02.05 12:37:52.692,1.08633,1.08655,1.69,1.25
2018.02.05 12:37:53.235,1.08635,1.08656,1.00,1.25
2018.02.05 12:37:53.542,1.08643,1.08664,1.25,1.25
2018.02.05 12:37:53.922,1.08645,1.08664,1.00,1.00
2018.02.05 12:37:54.442,1.08646,1.08664,1.00,1.00
2018.02.05 12:37:54.952,1.08645,1.08664,1.25,1.00
2018.02.05 12:37:55.490,1.08646,1.08664,1.00,1.00
2018.02.05 12:37:56.901,1.08645,1.08664,1.00,1.00
2018.02.05 12:37:57.472,1.08646,1.08664,1.00,1.25
2018.02.05 12:37:58.701,1.08645,1.08664,1.00,1.00
2018.02.05 12:38:03.210,1.08646,1.08664,1.00,1.00
2018.02.05 12:38:03.748,1.08644,1.08664,1.31,1.00
2018.02.05 12:38:04.721,1.08643,1.08664,1.69,1.00
2018.02.05 12:38:04.951,1.08638,1.08662,2.25,1.69
2018.02.05 12:38:05.004,1.08637,1.08661,1.69,1.69
2018.02.05 12:38:05.056,1.08635,1.08657,1.25,1.00
2018.02.05 12:38:05.158,1.08632,1.08656,1.19,1.00
2018.02.05 12:38:05.210,1.08631,1.08652,2.06,1.00
2018.02.05 12:38:05.262,1.08629,1.08652,1.75,1.00
2018.02.05 12:38:05.518,1.08627,1.08648,1.31,1.00
2018.02.05 12:38:06.063,1.08627,1.08648,1.69,1.00
2018.02.05 12:38:07.056,1.08627,1.0865,1.69,2.25
2018.02.05 12:38:07.623,1.08627,1.0865,1.25,2.25
2018.02.05 12:38:08.038,1.08627,1.0865,1.69,2.25
2018.02.05 12:38:08.684,1.08626,1.0865,1.69,1.31
2018.02.05 12:38:08.909,1.08628,1.08651,1.37,1.37
2018.02.05 12:38:09.063,1.08628,1.08652,1.37,3.00
2018.02.05 12:38:09.600,1.08627,1.08652,1.37,1.37
2018.02.05 12:38:09.906,1.08628,1.08652,1.75,1.69
2018.02.05 12:38:09.958,1.08628,1.08651,1.75,1.44
2018.02.05 12:38:10.636,1.08628,1.08651,1.44,1.37
2018.02.05 12:38:11.163,1.08626,1.08651,2.44,1.44
2018.02.05 12:38:12.170,1.08629,1.08652,1.25,1.50
2018.02.05 12:38:13.275,1.08629,1.08651,1.50,1.00
2018.02.05 12:38:13.974,1.08629,1.0865,1.50,1.00
2018.02.05 12:38:14.482,1.08628,1.0865,1.31,1.00
2018.02.05 12:38:15.026,1.08628,1.0865,2.06,1.00
2018.02.05 12:38:17.312,1.08628,1.0865,2.81,1.00
2018.02.05 12:38:17.901,1.08628,1.0865,2.06,1.00
2018.02.05 12:38:18.725,1.08628,1.0865,1.31,1.00
2018.02.05 12:38:20.140,1.08628,1.0865,2.06,1.00
2018.02.05 12:38:20.322,1.08628,1.0865,1.25,1.00
2018.02.05 12:38:20.978,1.08628,1.0865,1.87,1.00
2018.02.05 12:38:21.422,1.0863,1.08654,2.06,1.69
2018.02.05 12:38:21.473,1.08633,1.08654,1.50,1.00
2018.02.05 12:38:21.525,1.08635,1.08659,1.87,2.62
2018.02.05 12:38:21.902,1.08633,1.08656,2.25,1.00
2018.02.05 12:38:22.410,1.08632,1.08655,1.44,1.00
2018.02.05 12:38:31.845,1.08631,1.08653,1.37,1.00
2018.02.05 12:38:35.358,1.08632,1.08653,1.12,1.00
2018.02.05 12:38:38.532,1.08632,1.08653,1.87,1.00
2018.02.05 12:38:41.152,1.08634,1.08657,1.31,1.00
2018.02.05 12:38:41.358,1.08639,1.08658,1.00,1.19
2018.02.05 12:38:41.768,1.08639,1.08661,1.37,1.44
2018.02.05 12:38:41.971,1.08636,1.08658,1.00,1.00
2018.02.05 12:38:42.073,1.08634,1.08657,1.12,1.69
2018.02.05 12:38:42.250,1.08634,1.08657,1.62,2.62
2018.02.05 12:38:42.783,1.08634,1.08657,1.37,2.62
2018.02.05 12:38:43.294,1.08634,1.08655,1.00,1.37
2018.02.05 12:38:43.829,1.08631,1.08653,1.62,1.00
2018.02.05 12:38:43.932,1.08628,1.08651,2.25,1.50
2018.02.05 12:38:44.548,1.08628,1.0865,2.06,1.00
2018.02.05 12:38:45.687,1.08628,1.08651,1.50,1.00
2018.02.05 12:38:47.720,1.08628,1.08651,1.50,1.00
2018.02.05 12:38:48.254,1.08628,1.08651,2.25,1.00
2018.02.05 12:38:48.813,1.08628,1.08651,2.25,1.25
2018.02.05 12:38:49.671,1.08628,1.08651,2.25,1.25
2018.02.05 12:38:50.239,1.08628,1.08651,2.25,1.44
2018.02.05 12:38:51.654,1.08628,1.08651,2.25,1.00
2018.02.05 12:38:51.858,1.08629,1.08651,1.12,1.00
2018.02.05 12:38:52.863,1.0863,1.08651,1.44,1.00
2018.02.05 12:38:53.585,1.0863,1.08651,1.37,1.00
2018.02.05 12:38:55.858,1.08631,1.08651,1.37,1.00
2018.02.05 12:38:56.786,1.0863,1.08651,1.25,1.00
2018.02.05 12:38:57.353,1.08631,1.08651,1.25,1.25
2018.02.05 12:38:57.455,1.08634,1.08654,1.00,1.44
2018.02.05 12:38:57.506,1.08634,1.08657,1.50,1.87
2018.02.05 12:38:57.609,1.08636,1.08657,1.00,1.25
2018.02.05 12:38:57.949,1.08639,1.08662,1.00,2.62
2018.02.05 12:38:58.001,1.08636,1.0866,1.25,1.50
2018.02.05 12:38:58.521,1.08636,1.0866,1.25,1.87
2018.02.05 12:38:59.017,1.08637,1.0866,1.00,1.87
2018.02.05 12:38:59.069,1.08635,1.08659,2.44,1.00
2018.02.05 12:38:59.174,1.08636,1.0866,1.87,1.69
2018.02.05 12:38:59.694,1.08636,1.0866,1.31,1.87
2018.02.05 12:38:59.923,1.08635,1.0866,3.19,1.87
2018.02.05 12:39:00.500,1.08636,1.08659,1.31,1.00
2018.02.05 12:39:01.036,1.08636,1.0866,1.75,1.50
2018.02.05 12:39:01.242,1.08636,1.0866,1.75,2.62
2018.02.05 12:39:01.599,1.08635,1.0866,3.00,1.69
2018.02.05 12:39:01.897,1.08635,1.0866,2.62,1.87
2018.02.05 12:39:02.452,1.08636,1.0866,1.44,2.62
2018.02.05 12:39:02.976,1.08636,1.0866,1.56,2.62
2018.02.05 12:39:03.642,1.08635,1.0866,3.37,1.87
2018.02.05 12:39:04.271,1.08635,1.0866,3.37,1.87
2018.02.05 12:39:04.605,1.08636,1.0866,1.50,2.62
2018.02.05 12:39:05.121,1.08635,1.0866,3.00,1.87
2018.02.05 12:39:05.173,1.08635,1.0866,2.62,1.87
2018.02.05 12:39:05.276,1.08639,1.08661,1.50,1.25
2018.02.05 12:39:05.422,1.0864,1.08658,1.00,1.69
2018.02.05 12:39:05.475,1.08634,1.08658,1.00,1.00
2018.02.05 12:39:05.830,1.08635,1.08656,1.12,1.25
2018.02.05 12:39:06.335,1.08634,1.08657,1.50,1.00
2018.02.05 12:39:06.848,1.08634,1.08656,1.50,1.25
2018.02.05 12:39:06.950,1.08634,1.08655,1.25,1.25
2018.02.05 12:39:07.705,1.08634,1.08654,1.25,1.00
2018.02.05 12:39:07.863,1.08632,1.08654,1.25,1.00
2018.02.05 12:39:08.017,1.08632,1.08652,1.25,1.00
2018.02.05 12:39:09.417,1.08632,1.08653,1.00,1.00
2018.02.05 12:39:09.986,1.08632,1.08652,1.00,1.25
2018.02.05 12:39:10.711,1.08632,1.08653,1.00,1.25
2018.02.05 12:39:14.815,1.08632,1.08652,1.00,1.25
2018.02.05 12:39:16.531,1.08632,1.08655,1.00,1.50
2018.02.05 12:39:17.553,1.08632,1.08655,1.00,2.44
2018.02.05 12:39:19.588,1.08632,1.08654,1.00,1.25
2018.02.05 12:39:19.867,1.08632,1.08653,1.00,1.44
2018.02.05 12:39:21.042,1.08632,1.08654,1.00,1.87
2018.02.05 12:39:22.200,1.08632,1.08653,1.00,1.44
2018.02.05 12:39:22.710,1.08632,1.08654,1.00,1.87
2018.02.05 12:39:24.908,1.08629,1.08654,2.44,2.62
2018.02.05 12:39:25.426,1.08629,1.08654,2.62,2.62
2018.02.05 12:39:28.491,1.08629,1.08653,3.94,1.44
2018.02.05 12:39:28.636,1.08629,1.08654,2.44,2.62
2018.02.05 12:39:29.191,1.08629,1.08652,1.25,1.44
2018.02.05 12:39:29.646,1.08629,1.08651,1.25,1.19
2018.02.05 12:39:29.808,1.08629,1.08651,1.25,1.25
2018.02.05 12:39:29.859,1.08629,1.08651,1.44,1.19
2018.02.05 12:39:30.005,1.08629,1.08651,1.44,1.25
2018.02.05 12:39:30.743,1.08629,1.08652,1.25,1.37
2018.02.05 12:39:31.446,1.08629,1.08648,1.12,1.00
2018.02.05 12:39:31.596,1.08626,1.08649,1.12,1.25
2018.02.05 12:39:31.647,1.08626,1.08648,1.62,1.44
2018.02.05 12:39:32.014,1.08624,1.08648,1.87,2.06
2018.02.05 12:39:33.005,1.08624,1.08646,1.25,1.44
2018.02.05 12:39:34.469,1.08624,1.08646,1.19,1.00
2018.02.05 12:39:34.817,1.08624,1.08645,1.44,1.44
2018.02.05 12:39:35.079,1.08624,1.08649,3.19,1.87
2018.02.05 12:39:35.284,1.08624,1.08645,1.00,1.25
2018.02.05 12:39:35.673,1.08625,1.08648,1.87,1.44
2018.02.05 12:39:35.979,1.08627,1.08649,1.25,1.25
2018.02.05 12:39:36.080,1.08627,1.08649,2.06,1.25
2018.02.05 12:39:36.438,1.08628,1.08651,1.19,1.00
2018.02.05 12:39:36.797,1.08628,1.08651,1.56,1.37
2018.02.05 12:39:37.269,1.08627,1.08651,2.06,1.00
2018.02.05 12:39:37.862,1.08628,1.08651,2.06,1.44
2018.02.05 12:39:37.917,1.0863,1.08652,1.25,1.25
2018.02.05 12:39:47.931,1.08631,1.08652,1.25,1.37
2018.02.05 12:39:48.538,1.0863,1.08652,1.25,1.44
2018.02.05 12:39:49.077,1.08629,1.08652,2.62,1.25
2018.02.05 12:39:49.390,1.0863,1.08652,1.12,1.44
2018.02.05 12:39:50.314,1.08629,1.08652,2.62,1.25
2018.02.05 12:39:53.721,1.08632,1.08652,1.25,1.44
2018.02.05 12:40:02.087,1.08629,1.08651,1.25,1.25
2018.02.05 12:40:02.341,1.08629,1.08652,2.44,1.87
2018.02.05 12:40:02.914,1.08629,1.08652,1.87,1.00
2018.02.05 12:40:03.423,1.08629,1.08652,2.25,1.00
2018.02.05 12:40:03.525,1.08632,1.08655,1.50,1.31
2018.02.05 12:40:04.072,1.08632,1.08653,1.00,1.25
2018.02.05 12:40:05.355,1.08632,1.08652,1.00,1.25
2018.02.05 12:40:05.842,1.08632,1.08655,1.50,1.87
2018.02.05 12:40:06.046,1.0863,1.0865,1.25,1.00
2018.02.05 12:40:06.249,1.08627,1.08648,1.00,1.25
2018.02.05 12:40:06.796,1.08627,1.08648,1.00,1.37
2018.02.05 12:40:07.335,1.08627,1.08647,1.44,1.25
2018.02.05 12:40:09.433,1.08627,1.08647,1.25,1.12
2018.02.05 12:40:09.977,1.08627,1.08648,1.25,1.12
2018.02.05 12:40:10.636,1.08627,1.08647,1.19,1.12
2018.02.05 12:40:11.346,1.08627,1.08647,1.25,1.12
2018.02.05 12:40:12.020,1.08627,1.08647,1.44,1.00
2018.02.05 12:40:12.301,1.08624,1.08647,1.12,2.44
2018.02.05 12:40:12.716,1.08624,1.08646,1.50,1.44
2018.02.05 12:40:13.297,1.08629,1.08652,1.00,1.31
2018.02.05 12:40:13.456,1.08629,1.0865,1.87,1.00
2018.02.05 12:40:13.802,1.0863,1.08648,1.00,1.00
2018.02.05 12:40:14.113,1.08625,1.08645,2.62,1.50
2018.02.05 12:40:14.634,1.08625,1.08644,1.62,1.00
2018.02.05 12:40:15.166,1.08625,1.08645,1.44,1.00
2018.02.05 12:40:15.995,1.08625,1.08644,1.87,1.00
2018.02.05 12:40:17.550,1.08625,1.08648,1.87,2.25
2018.02.05 12:40:18.212,1.08625,1.08648,2.06,1.31
2018.02.05 12:40:19.262,1.08625,1.08645,1.25,1.00
2018.02.05 12:40:19.365,1.08622,1.08644,1.31,1.00
2018.02.05 12:40:19.417,1.0862,1.08641,1.37,1.00
2018.02.05 12:40:20.502,1.0862,1.08642,1.25,1.25
2018.02.05 12:40:20.708,1.0862,1.08641,1.37,1.00
2018.02.05 12:40:20.967,1.0862,1.08643,1.44,1.25
2018.02.05 12:40:21.360,1.08624,1.08646,1.12,1.25
2018.02.05 12:40:21.868,1.08624,1.08646,2.25,1.00
2018.02.05 12:40:22.529,1.08624,1.08646,1.25,1.00
2018.02.05 12:40:22.801,1.08623,1.08644,1.69,1.00
2018.02.05 12:40:22.852,1.08623,1.08644,1.25,1.00
2018.02.05 12:40:23.899,1.08623,1.08642,1.25,1.00
2018.02.05 12:40:24.515,1.0862,1.08643,1.87,1.00
2018.02.05 12:40:24.863,1.0862,1.08645,2.25,1.25
2018.02.05 12:40:25.397,1.0862,1.08645,2.25,1.69
2018.02.05 12:40:25.640,1.0862,1.08645,2.62,1.25
2018.02.05 12:40:25.792,1.08621,1.08645,1.37,2.06
2018.02.05 12:40:25.995,1.0862,1.08645,2.62,1.25
2018.02.05 12:40:26.425,1.08621,1.08645,1.44,1.87
2018.02.05 12:40:27.382,1.0862,1.08645,2.62,1.69
2018.02.05 12:40:28.105,1.0862,1.08645,2.62,1.87
2018.02.05 12:40:28.812,1.08621,1.08645,1.44,2.62
2018.02.05 12:40:29.625,1.08621,1.08645,1.44,2.25
2018.02.05 12:40:30.632,1.08621,1.08645,1.25,1.25
2018.02.05 12:40:32.243,1.08621,1.08645,1.25,1.44
2018.02.05 12:40:33.583,1.0862,1.08643,1.44,1.00
2018.02.05 12:40:34.245,1.0862,1.08642,2.62,1.00
2018.02.05 12:40:34.297,1.08624,1.08646,1.00,3.00
2018.02.05 12:40:34.502,1.08624,1.08646,1.00,3.00
2018.02.05 12:40:35.415,1.08624,1.08645,1.00,1.37
2018.02.05 12:40:35.735,1.08622,1.08644,1.00,1.19
2018.02.05 12:40:39.153,1.08622,1.08644,1.00,1.00
2018.02.05 12:40:39.377,1.08623,1.08648,1.69,3.00
2018.02.05 12:40:39.546,1.08623,1.08647,3.00,1.37
2018.02.05 12:40:39.786,1.08623,1.08648,1.69,2.62
2018.02.05 12:40:39.959,1.08623,1.08647,3.00,1.37
2018.02.05 12:40:40.419,1.08623,1.08648,1.87,2.44
2018.02.05 12:40:40.529,1.08626,1.08648,1.87,1.19
2018.02.05 12:40:40.839,1.08631,1.08652,1.50,1.00
2018.02.05 12:40:41.149,1.08626,1.08645,1.00,1.44
2018.02.05 12:40:41.275,1.08623,1.08643,1.25,1.00
2018.02.05 12:40:41.480,1.08623,1.08642,1.37,1.00
2018.02.05 12:40:42.021,1.08623,1.08642,1.44,1.00
2018.02.05 12:40:43.316,1.08623,1.08643,1.25,1.00
2018.02.05 12:40:43.929,1.08623,1.08642,1.25,1.00
2018.02.05 12:40:45.712,1.08623,1.08645,1.69,1.62
2018.02.05 12:40:45.872,1.08623,1.08645,1.25,1.00
2018.02.05 12:40:46.167,1.08626,1.08647,1.00,1.00
2018.02.05 12:40:46.269,1.08626,1.08649,1.00,1.69
2018.02.05 12:40:46.421,1.08626,1.08649,1.50,1.87
2018.02.05 12:40:46.726,1.08626,1.08649,2.06,1.44
2018.02.05 12:40:47.015,1.08628,1.0865,1.31,1.00
2018.02.05 12:40:47.516,1.08628,1.0865,1.31,1.44
2018.02.05 12:40:48.052,1.08628,1.08651,2.06,1.37
2018.02.05 12:40:49.825,1.08628,1.08652,1.25,1.31
2018.02.05 12:40:49.877,1.08627,1.08649,1.00,1.19
2018.02.05 12:40:50.033,1.08625,1.08648,1.25,1.50
2018.02.05 12:40:50.137,1.08627,1.08647,1.25,1.00
2018.02.05 12:40:50.474,1.08624,1.08647,1.87,1.50
2018.02.05 12:40:50.688,1.08625,1.08647,1.37,1.87
2018.02.05 12:40:51.350,1.08624,1.08645,1.37,1.00
2018.02.05 12:40:51.872,1.08624,1.08645,1.37,1.25
2018.02.05 12:40:52.027,1.08621,1.08645,1.25,1.25
2018.02.05 12:40:52.237,1.08621,1.08645,1.87,2.06
2018.02.05 12:40:52.976,1.08621,1.08645,1.87,2.06
2018.02.05 12:40:53.633,1.08621,1.08645,1.37,1.12
2018.02.05 12:40:54.167,1.08621,1.08645,1.87,2.06
2018.02.05 12:40:54.888,1.08621,1.08645,1.87,2.06
2018.02.05 12:40:54.991,1.08622,1.08644,1.00,1.00
2018.02.05 12:40:55.092,1.08624,1.08646,1.00,1.25
2018.02.05 12:40:55.398,1.0863,1.08651,1.00,1.37
2018.02.05 12:40:55.601,1.08629,1.08651,1.00,1.69
2018.02.05 12:40:56.276,1.0863,1.08651,1.00,1.87
2018.02.05 12:40:56.766,1.08632,1.08651,1.00,1.00
2018.02.05 12:40:57.299,1.08631,1.08651,1.00,1.25
2018.02.05 12:40:57.749,1.08628,1.08649,1.00,1.25
2018.02.05 12:40:57.955,1.08631,1.08649,1.00,1.25
2018.02.05 12:40:58.059,1.0863,1.08653,1.00,2.06
2018.02.05 12:40:58.294,1.08631,1.08653,1.00,2.25
2018.02.05 12:40:58.756,1.08627,1.0865,2.44,1.44
2018.02.05 12:40:59.217,1.08629,1.08652,1.00,1.87
2018.02.05 12:41:00.348,1.0863,1.08652,1.00,1.37
2018.02.05 12:41:00.450,1.08629,1.08652,1.25,1.50
2018.02.05 12:41:00.553,1.08627,1.08647,1.31,1.00
2018.02.05 12:41:01.251,1.08627,1.08648,1.00,1.00
2018.02.05 12:41:03.576,1.08627,1.08651,1.25,2.25
2018.02.05 12:41:06.164,1.08627,1.08647,1.31,1.00
2018.02.05 12:41:06.219,1.08624,1.08646,1.50,1.12
2018.02.05 12:41:06.396,1.08624,1.0864,1.00,1.00
2018.02.05 12:41:07.044,1.08624,1.08641,1.00,1.00
2018.02.05 12:41:10.567,1.08621,1.0864,1.25,1.00
2018.02.05 12:41:11.915,1.0862,1.08641,1.69,1.00
2018.02.05 12:41:12.472,1.0862,1.0864,2.25,1.00
2018.02.05 12:41:14.814,1.08625,1.08648,1.69,1.00
2018.02.05 12:41:14.946,1.08628,1.0865,1.50,1.19
2018.02.05 12:41:14.998,1.08629,1.08653,1.69,2.62
2018.02.05 12:41:15.255,1.08629,1.08653,1.69,2.44
2018.02.05 12:41:15.462,1.08628,1.08651,1.00,1.44
2018.02.05 12:41:15.994,1.08628,1.08651,1.25,1.37
2018.02.05 12:41:16.607,1.08628,1.08651,1.00,1.44
2018.02.05 12:41:17.182,1.08628,1.08652,2.25,1.37
2018.02.05 12:41:17.698,1.08628,1.08653,1.69,2.25
2018.02.05 12:41:18.663,1.08628,1.08653,1.50,2.81
2018.02.05 12:41:19.149,1.08628,1.08649,1.25,1.00
2018.02.05 12:41:19.895,1.08627,1.0865,1.00,2.62
2018.02.05 12:41:20.416,1.08628,1.0865,1.00,1.25
2018.02.05 12:41:20.942,1.08627,1.0865,1.25,1.25
2018.02.05 12:41:21.526,1.08628,1.0865,1.00,1.87
2018.02.05 12:41:22.154,1.08627,1.0865,1.00,1.87
2018.02.05 12:41:23.072,1.08625,1.08649,2.25,1.00
2018.02.05 12:41:23.382,1.08625,1.08647,1.12,1.44
2018.02.05 12:41:23.690,1.08626,1.08647,1.69,1.19
2018.02.05 12:41:24.293,1.08626,1.08647,1.87,1.25
2018.02.05 12:41:24.511,1.08626,1.08649,2.06,1.25
2018.02.05 12:41:25.534,1.08627,1.08649,1.50,1.87
2018.02.05 12:41:27.867,1.08627,1.08649,1.25,1.25
2018.02.05 12:41:29.668,1.08627,1.08649,1.31,1.87
2018.02.05 12:41:30.476,1.08626,1.08646,1.19,1.00
2018.02.05 12:41:30.529,1.08623,1.08645,1.00,1.31
2018.02.05 12:41:30.617,1.08622,1.08641,1.00,1.00
2018.02.05 12:41:30.668,1.08619,1.08642,1.25,1.69
2018.02.05 12:41:30.719,1.08619,1.08642,1.25,2.06
2018.02.05 12:41:30.974,1.08617,1.08641,1.50,1.25
2018.02.05 12:41:31.126,1.08618,1.0864,1.00,1.87
2018.02.05 12:41:31.658,1.08617,1.0864,1.44,1.00
2018.02.05 12:41:32.180,1.08618,1.0864,1.37,1.34
2018.02.05 12:41:33.172,1.08617,1.0864,1.37,1.09
2018.02.05 12:41:35.531,1.08618,1.0864,1.37,1.34
2018.02.05 12:41:36.210,1.08617,1.0864,1.37,1.00
2018.02.05 12:41:37.013,1.08617,1.0864,1.87,1.25
2018.02.05 12:41:37.565,1.08618,1.0864,1.44,1.44
2018.02.05 12:41:37.765,1.08617,1.0864,1.87,1.25
2018.02.05 12:41:38.402,1.08617,1.0864,1.87,1.25
2018.02.05 12:41:39.092,1.08618,1.0864,1.44,1.44
2018.02.05 12:41:39.622,1.08618,1.0864,1.44,1.44
2018.02.05 12:41:39.929,1.08617,1.08637,1.69,1.25
2018.02.05 12:41:39.981,1.08615,1.08637,1.25,2.62
2018.02.05 12:41:40.033,1.08614,1.08637,1.87,1.25
2018.02.05 12:41:40.085,1.08613,1.08638,2.25,1.19
2018.02.05 12:41:40.189,1.08613,1.08637,2.25,1.00
2018.02.05 12:41:40.976,1.08613,1.08638,2.25,1.00
2018.02.05 12:41:41.668,1.08613,1.08637,2.25,1.00
2018.02.05 12:41:41.871,1.08615,1.0864,1.37,1.42
2018.02.05 12:41:42.626,1.08615,1.0864,1.87,1.80
2018.02.05 12:41:43.149,1.08616,1.0864,1.25,1.75
2018.02.05 12:41:43.252,1.08615,1.0864,1.69,1.50
2018.02.05 12:41:43.304,1.08616,1.0864,1.44,1.75
2018.02.05 12:41:43.613,1.08615,1.0864,1.87,1.50
2018.02.05 12:41:46.215,1.08616,1.0864,1.87,2.00
2018.02.05 12:41:56.164,1.08618,1.08641,1.25,3.37
2018.02.05 12:41:59.855,1.08618,1.0864,1.44,1.37
2018.02.05 12:42:00.422,1.08618,1.08641,1.25,3.56
2018.02.05 12:42:01.434,1.08618,1.0864,1.44,1.37
2018.02.05 12:42:01.951,1.08618,1.08641,1.25,2.62
2018.02.05 12:42:03.584,1.08618,1.08641,1.37,3.00
2018.02.05 12:42:03.687,1.08618,1.0864,1.19,1.44
2018.02.05 12:42:04.207,1.08618,1.08641,1.25,2.62
2018.02.05 12:42:04.677,1.08618,1.0864,1.37,1.44
2018.02.05 12:42:05.717,1.08618,1.0864,1.37,1.00
2018.02.05 12:42:05.925,1.08625,1.08648,1.50,1.87
2018.02.05 12:42:06.131,1.08625,1.08648,1.50,1.87
2018.02.05 12:42:06.182,1.08625,1.08648,1.50,1.87
2018.02.05 12:42:06.558,1.08625,1.08648,1.25,1.19
2018.02.05 12:42:06.730,1.08625,1.08648,1.50,1.87
2018.02.05 12:42:06.956,1.08625,1.08648,1.50,1.87
2018.02.05 12:42:07.245,1.08625,1.08648,1.50,1.87
2018.02.05 12:42:08.501,1.08625,1.08648,1.25,1.87
2018.02.05 12:42:09.459,1.08625,1.08648,1.25,2.62
2018.02.05 12:42:09.960,1.08625,1.08648,1.00,1.87
2018.02.05 12:42:10.479,1.08625,1.08648,2.06,1.87
2018.02.05 12:42:11.276,1.08625,1.08648,1.69,1.44
2018.02.05 12:42:14.837,1.08625,1.08648,1.31,1.87
2018.02.05 12:42:15.370,1.08626,1.08648,1.25,1.87
2018.02.05 12:42:17.112,1.08626,1.08651,2.25,4.87
2018.02.05 12:42:18.409,1.08626,1.08645,1.00,1.00
2018.02.05 12:42:18.512,1.08623,1.08646,1.69,1.00
2018.02.05 12:42:19.000,1.08623,1.08645,1.87,1.25
2018.02.05 12:42:19.173,1.08623,1.08646,1.69,1.25
2018.02.05 12:42:19.346,1.08625,1.08648,1.00,1.87
2018.02.05 12:42:19.652,1.08627,1.08648,1.00,1.87
2018.02.05 12:42:20.175,1.08626,1.08648,1.00,1.44
2018.02.05 12:42:20.429,1.08626,1.08649,1.87,1.00
2018.02.05 12:42:20.632,1.08627,1.08649,1.44,1.37
2018.02.05 12:42:21.158,1.08626,1.08649,2.62,1.00
2018.02.05 12:42:21.704,1.08627,1.08649,1.37,1.44
2018.02.05 12:42:22.227,1.08627,1.08649,1.37,1.44
2018.02.05 12:42:22.549,1.08626,1.08649,1.69,1.69
2018.02.05 12:42:22.600,1.08626,1.08646,1.25,1.00
2018.02.05 12:42:23.060,1.08626,1.08646,1.37,1.00
2018.02.05 12:42:23.619,1.08626,1.08646,1.37,1.25
2018.02.05 12:42:24.130,1.08626,1.08646,1.12,1.44
2018.02.05 12:42:24.637,1.08626,1.08647,1.25,1.44
2018.02.05 12:42:25.071,1.08626,1.08649,1.12,2.62
2018.02.05 12:42:25.477,1.08626,1.08648,1.37,1.37
2018.02.05 12:42:26.032,1.08626,1.08648,1.37,1.37
2018.02.05 12:42:26.564,1.08626,1.08649,1.69,1.87
2018.02.05 12:42:26.842,1.08626,1.08649,1.69,1.50
2018.02.05 12:42:27.401,1.08626,1.08649,1.69,1.87
2018.02.05 12:42:27.908,1.08626,1.08649,1.25,2.06
2018.02.05 12:42:28.135,1.08627,1.08649,1.00,1.50
2018.02.05 12:42:28.705,1.08627,1.08649,1.00,1.87
2018.02.05 12:42:29.597,1.08627,1.08649,1.31,1.37
2018.02.05 12:42:31.307,1.08628,1.08649,1.00,1.44
2018.02.05 12:42:31.409,1.08629,1.08651,1.50,1.44
2018.02.05 12:42:31.911,1.08629,1.08652,1.00,2.06
2018.02.05 12:42:35.627,1.08629,1.08652,1.50,2.06
2018.02.05 12:42:35.951,1.08629,1.08652,1.50,1.37
2018.02.05 12:42:36.522,1.08629,1.08652,1.44,1.87
2018.02.05 12:42:36.811,1.08629,1.08652,1.44,1.44
2018.02.05 12:42:37.365,1.08629,1.08652,1.87,1.87
2018.02.05 12:42:37.495,1.08629,1.08652,1.44,1.00
2018.02.05 12:42:38.352,1.08629,1.08652,1.50,1.87
2018.02.05 12:42:38.979,1.08629,1.08652,1.50,1.50
2018.02.05 12:42:39.330,1.08629,1.08652,1.50,1.87
2018.02.05 12:42:40.490,1.08629,1.08652,1.25,1.44
2018.02.05 12:42:40.689,1.08631,1.08652,1.00,1.69
2018.02.05 12:42:40.999,1.08627,1.08648,1.00,1.00
2018.02.05 12:42:41.103,1.0863,1.08649,1.00,1.31
2018.02.05 12:42:41.207,1.08631,1.08653,1.00,3.00
2018.02.05 12:42:41.395,1.08633,1.08655,1.00,1.75
2018.02.05 12:42:41.961,1.08633,1.08656,1.00,2.25
2018.02.05 12:42:42.467,1.08633,1.08656,1.00,2.25
2018.02.05 12:42:43.587,1.08633,1.08655,1.25,1.37
2018.02.05 12:42:44.026,1.08633,1.08656,1.00,2.25
2018.02.05 12:42:44.703,1.08633,1.08656,1.00,2.25
2018.02.05 12:42:45.213,1.08633,1.08655,1.25,1.87
2018.02.05 12:42:45.769,1.08633,1.08655,1.00,1.87
2018.02.05 12:42:46.429,1.08633,1.08655,1.00,1.44
2018.02.05 12:42:47.283,1.08633,1.08655,1.25,1.37
2018.02.05 12:42:48.874,1.08633,1.08654,1.00,1.25
2018.02.05 12:42:49.660,1.08633,1.08653,1.00,1.44
2018.02.05 12:42:49.764,1.08633,1.08654,1.00,1.25
2018.02.05 12:42:50.415,1.08633,1.08653,1.00,1.25
2018.02.05 12:42:51.179,1.08635,1.08658,2.19,1.44
2018.02.05 12:42:51.281,1.08637,1.08661,2.06,1.31
2018.02.05 12:42:51.332,1.08636,1.08658,1.19,1.00
2018.02.05 12:42:51.384,1.08636,1.08657,1.00,1.00
2018.02.05 12:42:51.638,1.08633,1.08659,3.19,1.50
2018.02.05 12:42:51.689,1.08634,1.08658,1.69,1.37
2018.02.05 12:42:52.043,1.08634,1.08658,1.31,1.69
2018.02.05 12:42:52.624,1.08633,1.08659,2.62,2.81
2018.02.05 12:42:53.244,1.08633,1.08659,2.44,1.69
2018.02.05 12:42:56.903,1.08634,1.08658,1.12,1.37
2018.02.05 12:42:57.262,1.08634,1.08658,1.44,1.37
2018.02.05 12:42:57.364,1.08633,1.08659,2.62,1.69
2018.02.05 12:42:57.529,1.08634,1.08658,1.44,1.37
2018.02.05 12:42:57.642,1.08633,1.08659,2.62,1.69
2018.02.05 12:42:57.842,1.08634,1.08658,1.44,1.37
2018.02.05 12:42:58.042,1.08633,1.08659,2.62,1.69
2018.02.05 12:42:58.757,1.08634,1.08658,1.44,1.37
2018.02.05 12:43:02.770,1.08635,1.08658,1.00,2.62
2018.02.05 12:43:03.839,1.08635,1.08658,1.25,3.37
2018.02.05 12:43:04.385,1.08632,1.08655,1.37,1.12
2018.02.05 12:43:05.031,1.08633,1.08655,1.25,1.25
2018.02.05 12:43:05.663,1.08633,1.08654,1.25,1.00
2018.02.05 12:43:06.320,1.08633,1.08653,1.25,1.00
2018.02.05 12:43:07.317,1.08632,1.08653,3.19,1.00
2018.02.05 12:43:08.102,1.08633,1.08653,1.00,1.25
2018.02.05 12:43:08.229,1.08632,1.08651,1.69,1.00
2018.02.05 12:43:08.483,1.08632,1.08653,1.25,1.25
2018.02.05 12:43:08.676,1.08632,1.08653,1.25,1.37
2018.02.05 12:43:10.217,1.08632,1.08655,1.25,1.87
2018.02.05 12:43:10.752,1.08632,1.08655,1.25,2.25
2018.02.05 12:43:12.075,1.08632,1.08655,1.00,1.25
2018.02.05 12:43:12.679,1.08632,1.08655,1.25,1.87
2018.02.05 12:43:13.215,1.08631,1.08653,1.25,1.00
2018.02.05 12:43:13.622,1.08631,1.08653,1.44,1.44
2018.02.05 12:43:13.752,1.0863,1.08653,1.87,1.25
2018.02.05 12:43:14.310,1.08631,1.08653,1.19,1.87
2018.02.05 12:43:15.084,1.0863,1.08653,2.06,1.25
2018.02.05 12:43:15.593,1.08631,1.08655,2.44,1.50
2018.02.05 12:43:15.871,1.08632,1.08653,1.50,1.00
2018.02.05 12:43:16.374,1.08632,1.08655,1.81,1.37
2018.02.05 12:43:18.616,1.08631,1.08653,1.69,1.12
2018.02.05 12:43:19.142,1.08631,1.08652,1.94,1.25
2018.02.05 12:43:19.194,1.08631,1.08652,1.31,1.37
2018.02.05 12:43:19.705,1.08631,1.08653,1.00,1.37
2018.02.05 12:43:20.800,1.08631,1.08652,1.25,1.37
2018.02.05 12:43:21.479,1.08631,1.08653,1.00,1.37
2018.02.05 12:43:22.024,1.08631,1.08655,1.50,2.81
2018.02.05 12:43:22.246,1.08631,1.08652,1.00,1.00
2018.02.05 12:43:22.302,1.08629,1.08652,1.00,1.00
2018.02.05 12:43:22.509,1.08631,1.08652,1.25,1.25
2018.02.05 12:43:22.937,1.08632,1.08655,1.00,1.87
2018.02.05 12:43:23.460,1.08633,1.08655,1.00,1.37
2018.02.05 12:43:24.134,1.08632,1.08654,1.00,1.25
2018.02.05 12:43:24.659,1.08633,1.08654,1.00,1.44
2018.02.05 12:43:26.401,1.08632,1.08654,1.50,1.25
2018.02.05 12:43:26.761,1.08633,1.08654,1.00,1.37
2018.02.05 12:43:27.900,1.08632,1.08654,1.00,1.44
2018.02.05 12:43:28.403,1.08633,1.08655,1.25,1.50
2018.02.05 12:43:29.119,1.08633,1.08655,1.00,2.25
2018.02.05 12:43:29.410,1.08631,1.08655,1.00,1.87
2018.02.05 12:43:29.616,1.08633,1.08655,1.00,1.44
2018.02.05 12:43:30.121,1.08633,1.08655,1.00,1.12
2018.02.05 12:43:30.425,1.08632,1.08653,1.00,1.44
2018.02.05 12:43:30.953,1.08631,1.08653,1.00,1.69
2018.02.05 12:43:31.490,1.08631,1.08652,1.25,1.19
2018.02.05 12:43:31.700,1.08631,1.08653,1.00,1.69
2018.02.05 12:43:31.900,1.08631,1.08652,1.25,1.19
2018.02.05 12:43:31.951,1.08631,1.08653,1.00,1.50
2018.02.05 12:43:32.374,1.08631,1.08655,1.00,1.69
2018.02.05 12:43:32.425,1.08634,1.08656,1.00,2.62
2018.02.05 12:43:32.529,1.08636,1.08658,1.50,1.00
2018.02.05 12:43:32.580,1.0864,1.08658,1.00,1.25
2018.02.05 12:43:32.790,1.08635,1.08658,1.50,1.37
2018.02.05 12:43:32.961,1.08634,1.08657,1.00,7.31
2018.02.05 12:43:33.477,1.08634,1.08654,1.00,1.44
2018.02.05 12:43:33.683,1.08634,1.08656,1.00,1.69
2018.02.05 12:43:33.948,1.08634,1.08655,1.00,1.37
2018.02.05 12:43:34.545,1.08634,1.08655,1.00,1.50
2018.02.05 12:43:35.097,1.08634,1.08656,1.00,1.87
2018.02.05 12:43:35.745,1.08634,1.08656,1.00,1.87
2018.02.05 12:43:38.040,1.08632,1.08654,1.00,1.87
2018.02.05 12:43:38.763,1.08632,1.08652,1.00,1.25
2018.02.05 12:43:40.731,1.08632,1.08651,1.00,1.00
2018.02.05 12:43:43.480,1.08632,1.0865,1.00,1.00
2018.02.05 12:43:44.484,1.08631,1.0865,1.25,1.00
2018.02.05 12:43:45.008,1.0863,1.08648,1.00,1.00
2018.02.05 12:43:45.791,1.08629,1.08648,1.87,1.00
2018.02.05 12:43:45.842,1.08631,1.0865,1.69,1.00
2018.02.05 12:43:46.401,1.08632,1.0865,1.00,1.00
2018.02.05 12:43:46.993,1.08632,1.0865,1.69,1.00
2018.02.05 12:43:47.585,1.08632,1.0865,1.50,1.00
2018.02.05 12:43:48.330,1.08632,1.0865,1.69,1.00
2018.02.05 12:43:50.092,1.08632,1.0865,1.69,1.00
2018.02.05 12:43:50.967,1.08632,1.08649,1.00,1.00
2018.02.05 12:43:52.567,1.08632,1.0865,1.00,1.00
2018.02.05 12:43:52.670,1.08632,1.08647,1.00,1.00
2018.02.05 12:43:52.773,1.0863,1.08647,1.25,1.00
2018.02.05 12:43:56.167,1.08631,1.08647,1.25,1.00
2018.02.05 12:43:56.764,1.08631,1.08646,1.25,1.00
2018.02.05 12:43:58.939,1.08631,1.08646,1.87,1.00
2018.02.05 12:43:59.186,1.08632,1.08649,1.00,1.00
2018.02.05 12:43:59.741,1.08632,1.0865,1.00,1.25
2018.02.05 12:43:59.860,1.08629,1.0865,1.44,1.00
2018.02.05 12:43:59.911,1.0863,1.08648,1.00,1.00
2018.02.05 12:44:00.293,1.0863,1.08646,1.00,1.00
2018.02.05 12:44:00.880,1.0863,1.08646,1.31,1.00
2018.02.05 12:44:01.858,1.08629,1.08646,1.69,1.00
2018.02.05 12:44:02.921,1.08629,1.08649,1.00,1.25
2018.02.05 12:44:08.595,1.08632,1.08649,1.00,1.25
2018.02.05 12:44:08.933,1.08632,1.08647,1.00,1.00
2018.02.05 12:44:09.515,1.08631,1.08647,1.00,1.00
2018.02.05 12:44:10.064,1.08632,1.08647,1.00,1.00
2018.02.05 12:44:10.343,1.08631,1.08649,1.00,1.00
2018.02.05 12:44:10.905,1.08632,1.08649,1.00,1.00
2018.02.05 12:44:11.570,1.08631,1.08649,1.00,1.00
2018.02.05 12:44:12.087,1.08631,1.08648,1.00,1.00
2018.02.05 12:44:12.614,1.08632,1.08648,1.00,1.00
2018.02.05 12:44:13.131,1.08632,1.08649,1.00,1.00
2018.02.05 12:44:13.651,1.08631,1.08649,1.00,1.00
2018.02.05 12:44:14.220,1.08632,1.08649,1.00,1.00
2018.02.05 12:44:14.854,1.08631,1.08649,1.00,1.00
2018.02.05 12:44:15.301,1.08631,1.08647,1.00,1.00
2018.02.05 12:44:15.830,1.08632,1.08647,1.00,1.00
2018.02.05 12:44:16.415,1.0863,1.08647,1.00,1.00
2018.02.05 12:44:16.820,1.0863,1.08649,1.69,1.00
2018.02.05 12:44:17.340,1.0863,1.08653,1.00,1.37
2018.02.05 12:44:17.648,1.0863,1.08653,1.69,1.50
2018.02.05 12:44:18.490,1.08632,1.08653,1.25,1.37
2018.02.05 12:44:18.694,1.0863,1.08654,1.19,1.37
2018.02.05 12:44:18.746,1.0863,1.08651,1.00,1.37
2018.02.05 12:44:22.796,1.0863,1.08654,1.00,2.44
2018.02.05 12:44:23.295,1.08632,1.08654,1.00,3.56
2018.02.05 12:44:23.800,1.08632,1.08653,1.00,1.31
2018.02.05 12:44:24.419,1.08632,1.08654,1.00,2.81
2018.02.05 12:44:25.593,1.0863,1.08654,1.50,2.81
2018.02.05 12:44:29.095,1.0863,1.08654,1.50,1.56
2018.02.05 12:44:33.569,1.08631,1.08654,1.00,3.37
2018.02.05 12:44:34.242,1.08632,1.08653,1.00,1.37
2018.02.05 12:44:35.683,1.08632,1.08654,1.00,2.62
2018.02.05 12:44:38.792,1.08631,1.08654,1.50,1.56
2018.02.05 12:44:38.843,1.08632,1.08654,1.00,1.50
2018.02.05 12:44:38.895,1.08632,1.08654,1.00,1.50
2018.02.05 12:44:39.158,1.0863,1.08653,1.00,1.44
2018.02.05 12:44:39.209,1.0863,1.0865,1.00,1.25
2018.02.05 12:44:39.532,1.08627,1.08649,1.37,1.87
2018.02.05 12:44:39.952,1.08631,1.08652,1.00,1.50
2018.02.05 12:44:40.003,1.08634,1.08652,1.00,1.00
2018.02.05 12:44:40.105,1.08631,1.08654,1.50,2.44
2018.02.05 12:44:40.207,1.08631,1.08654,1.00,2.06
2018.02.05 12:44:40.511,1.08631,1.08654,1.50,2.25
2018.02.05 12:44:40.874,1.08628,1.08652,1.50,2.06
2018.02.05 12:44:40.927,1.08628,1.08652,1.00,2.06
2018.02.05 12:44:41.131,1.08628,1.08651,1.25,1.37
2018.02.05 12:44:42.235,1.08628,1.08652,1.25,2.06
2018.02.05 12:44:42.540,1.08629,1.08653,2.25,1.44
2018.02.05 12:44:42.732,1.0863,1.08653,1.50,1.62
2018.02.05 12:44:43.291,1.0863,1.08653,1.31,1.62
2018.02.05 12:44:43.343,1.08629,1.08653,1.69,1.62
2018.02.05 12:44:43.901,1.08629,1.08653,2.81,1.56
2018.02.05 12:44:44.441,1.08631,1.08654,2.06,2.06
2018.02.05 12:44:44.720,1.08631,1.08654,1.69,2.44
2018.02.05 12:44:45.158,1.08631,1.08654,2.06,3.56
2018.02.05 12:44:45.413,1.08631,1.08654,2.44,1.87
2018.02.05 12:44:46.158,1.08631,1.08654,2.44,2.06
2018.02.05 12:44:46.414,1.08631,1.08654,1.69,2.44
2018.02.05 12:44:46.979,1.08632,1.08654,1.00,1.44
2018.02.05 12:44:47.494,1.08632,1.08654,1.25,1.87
2018.02.05 12:44:50.263,1.08632,1.08654,1.00,1.44
2018.02.05 12:44:50.921,1.08632,1.08654,1.69,1.37
2018.02.05 12:44:51.077,1.08632,1.08654,2.06,1.37
2018.02.05 12:44:51.286,1.08633,1.08654,1.50,1.00
2018.02.05 12:44:51.689,1.08633,1.08654,1.31,1.19
2018.02.05 12:44:51.798,1.08633,1.08654,1.31,1.00
2018.02.05 12:44:52.122,1.08633,1.08654,1.31,1.19
2018.02.05 12:44:52.711,1.08634,1.08654,1.69,1.37
2018.02.05 12:44:53.286,1.08635,1.08657,1.12,1.25
2018.02.05 12:44:53.338,1.08637,1.0866,1.00,2.62
2018.02.05 12:44:53.647,1.08639,1.0866,1.00,1.50
2018.02.05 12:44:54.104,1.08639,1.0866,1.00,1.37
2018.02.05 12:44:54.206,1.08639,1.0866,1.00,1.44
2018.02.05 12:44:54.906,1.08638,1.0866,1.00,1.37
2018.02.05 12:44:55.319,1.08641,1.0866,1.00,1.37
2018.02.05 12:44:55.425,1.08641,1.08663,1.00,1.44
2018.02.05 12:44:55.632,1.08643,1.08663,1.00,1.37
2018.02.05 12:44:56.328,1.08642,1.08663,1.00,1.25
2018.02.05 12:44:56.877,1.08642,1.08663,1.00,1.37
2018.02.05 12:44:57.030,1.08642,1.08663,1.00,1.25
2018.02.05 12:44:57.345,1.08642,1.08663,1.00,1.37
2018.02.05 12:44:57.503,1.08639,1.08662,1.00,1.12
2018.02.05 12:44:57.640,1.08638,1.08662,1.69,1.56
2018.02.05 12:44:57.945,1.0864,1.08661,1.00,1.37
2018.02.05 12:44:58.275,1.0864,1.08661,1.00,2.06
2018.02.05 12:44:58.808,1.0864,1.08661,1.00,1.37
2018.02.05 12:44:59.226,1.0864,1.08661,1.00,2.62
2018.02.05 12:44:59.395,1.0864,1.08661,1.00,3.37
2018.02.05 12:44:59.497,1.08638,1.08661,1.69,1.87
2018.02.05 12:44:59.640,1.08643,1.08662,1.00,1.69
2018.02.05 12:45:00.274,1.08642,1.08663,1.00,1.87
2018.02.05 12:45:02.395,1.08643,1.08664,1.00,1.37
2018.02.05 12:45:03.574,1.08641,1.08663,1.69,1.37
2018.02.05 12:45:03.677,1.08641,1.08663,1.25,1.25
2018.02.05 12:45:03.881,1.08641,1.08663,1.25,1.37
2018.02.05 12:45:04.126,1.08639,1.08663,1.87,2.44
2018.02.05 12:45:04.280,1.0864,1.08663,1.12,2.81
2018.02.05 12:45:04.592,1.0864,1.08663,1.12,3.56
2018.02.05 12:45:05.141,1.0864,1.08663,1.00,2.06
2018.02.05 12:45:05.534,1.0864,1.08663,1.00,1.87
2018.02.05 12:45:05.738,1.08638,1.08661,1.25,1.00
2018.02.05 12:45:06.047,1.08638,1.08661,1.87,1.37
2018.02.05 12:45:06.190,1.08637,1.08661,1.25,3.19
2018.02.05 12:45:06.343,1.08636,1.0866,1.87,1.56
2018.02.05 12:45:06.648,1.08637,1.08659,1.00,1.62
2018.02.05 12:45:07.458,1.08638,1.08659,1.31,1.37
2018.02.05 12:45:07.509,1.0864,1.08661,1.25,1.37
2018.02.05 12:45:07.561,1.0864,1.08664,1.69,3.94
2018.02.05 12:45:07.664,1.0864,1.08664,2.06,3.56
2018.02.05 12:45:08.046,1.0864,1.08664,2.06,3.56
2018.02.05 12:45:08.098,1.0864,1.08664,2.06,3.56
2018.02.05 12:45:08.329,1.0864,1.08664,2.06,3.56
2018.02.05 12:45:08.381,1.0864,1.08662,1.00,1.87
2018.02.05 12:45:08.789,1.08638,1.08661,2.44,1.87
2018.02.05 12:45:08.891,1.08638,1.08661,1.44,1.87
2018.02.05 12:45:09.214,1.08638,1.08661,1.12,3.56
2018.02.05 12:45:09.398,1.08638,1.08661,1.19,2.62
2018.02.05 12:45:09.656,1.08638,1.08661,1.25,2.62
2018.02.05 12:45:10.128,1.08635,1.08659,1.44,1.87
2018.02.05 12:45:10.383,1.08636,1.08659,1.31,1.37
2018.02.05 12:45:10.844,1.08641,1.08661,1.00,1.25
2018.02.05 12:45:10.998,1.08643,1.08663,1.00,1.00
2018.02.05 12:45:11.252,1.08649,1.08671,1.00,1.87
2018.02.05 12:45:11.405,1.08649,1.08671,1.00,2.06
2018.02.05 12:45:11.983,1.08647,1.0867,1.25,1.62
2018.02.05 12:45:12.085,1.08645,1.08669,1.25,1.37
2018.02.05 12:45:12.136,1.08643,1.08665,1.50,1.12
2018.02.05 12:45:12.187,1.08641,1.08662,1.00,1.44
2018.02.05 12:45:12.239,1.08638,1.08661,1.00,1.31
2018.02.05 12:45:12.391,1.08637,1.0866,1.25,1.37
2018.02.05 12:45:14.059,1.08637,1.08659,1.25,1.50
2018.02.05 12:45:15.546,1.08637,1.08657,1.00,1.25
2018.02.05 12:45:15.881,1.08636,1.08657,1.69,1.37
2018.02.05 12:45:16.189,1.08637,1.08654,1.00,1.44
2018.02.05 12:45:17.647,1.08634,1.08657,1.00,2.62
2018.02.05 12:45:17.850,1.08634,1.08657,1.00,4.12
2018.02.05 12:45:19.176,1.08634,1.08656,1.00,1.19
2018.02.05 12:45:19.726,1.08634,1.08656,1.50,1.44
2018.02.05 12:45:20.061,1.08635,1.08656,1.19,1.37
2018.02.05 12:45:20.336,1.08635,1.08657,1.25,1.87
2018.02.05 12:45:20.641,1.08638,1.08657,1.00,1.37
2018.02.05 12:45:20.906,1.08638,1.08657,1.00,1.25
2018.02.05 12:45:21.257,1.08638,1.08657,1.00,1.37
2018.02.05 12:45:22.779,1.08637,1.08657,1.00,1.19
2018.02.05 12:45:22.837,1.08638,1.08657,1.00,1.25
2018.02.05 12:45:23.011,1.08638,1.08657,1.00,1.37
2018.02.05 12:45:23.718,1.08637,1.08657,1.00,1.44
2018.02.05 12:45:26.681,1.08637,1.08657,1.00,1.00
2018.02.05 12:45:27.526,1.08635,1.08657,1.50,1.44
2018.02.05 12:45:27.627,1.08635,1.08657,1.00,1.25
2018.02.05 12:45:27.801,1.08635,1.08657,1.50,1.37
2018.02.05 12:45:28.823,1.08634,1.08657,1.69,1.44
2018.02.05 12:45:29.429,1.08634,1.08657,1.69,1.19
2018.02.05 12:45:31.066,1.08637,1.08657,1.00,1.37
2018.02.05 12:45:32.022,1.08638,1.08657,1.00,1.44
2018.02.05 12:45:32.256,1.08637,1.08657,1.00,1.12
2018.02.05 12:45:32.308,1.08638,1.08657,1.00,1.37
2018.02.05 12:45:33.460,1.08636,1.08657,1.00,1.37
2018.02.05 12:45:35.852,1.08636,1.08657,1.00,1.44
2018.02.05 12:45:35.903,1.08636,1.08657,1.00,1.44
2018.02.05 12:45:36.149,1.08636,1.08657,1.00,1.37
2018.02.05 12:45:37.146,1.08635,1.08657,1.00,1.37
2018.02.05 12:45:37.798,1.08636,1.08657,1.00,1.37
2018.02.05 12:45:39.500,1.08635,1.08657,1.00,1.37
2018.02.05 12:45:41.655,1.08636,1.08657,1.00,1.25
2018.02.05 12:45:41.933,1.08636,1.08657,1.00,1.37
2018.02.05 12:45:42.138,1.08638,1.08659,1.00,1.25
2018.02.05 12:45:42.298,1.08639,1.08659,1.00,1.37
2018.02.05 12:45:42.830,1.08639,1.0866,1.00,1.50
2018.02.05 12:45:44.278,1.08638,1.0866,1.00,1.50
2018.02.05 12:45:44.875,1.08639,1.0866,1.00,1.75
2018.02.05 12:45:45.382,1.08639,1.08659,1.00,1.50
2018.02.05 12:45:45.536,1.08638,1.08658,1.00,1.25
2018.02.05 12:45:45.719,1.08639,1.08658,1.00,1.37
2018.02.05 12:45:46.025,1.08639,1.08658,1.00,1.44
2018.02.05 12:45:46.076,1.08638,1.08658,1.00,1.25
2018.02.05 12:45:46.251,1.08639,1.08658,1.00,1.37
2018.02.05 12:45:46.439,1.08638,1.08658,1.00,1.25
2018.02.05 12:45:46.674,1.08639,1.08658,1.00,1.37
2018.02.05 12:45:46.987,1.08639,1.08658,1.00,1.44
2018.02.05 12:45:47.236,1.08639,1.08658,1.00,1.37
2018.02.05 12:45:47.793,1.08638,1.08658,1.00,1.37
2018.02.05 12:45:47.994,1.08639,1.08658,1.00,1.44
2018.02.05 12:45:48.158,1.08639,1.08658,1.00,1.44
2018.02.05 12:45:48.690,1.08638,1.0866,1.00,1.69
2018.02.05 12:45:48.745,1.08639,1.0866,1.00,2.00
2018.02.05 12:45:49.648,1.08638,1.0866,1.00,1.69
2018.02.05 12:45:50.296,1.08639,1.0866,1.00,2.06
2018.02.05 12:45:50.578,1.08639,1.0866,1.00,3.19
2018.02.05 12:45:50.754,1.08639,1.0866,1.00,3.19
2018.02.05 12:45:51.065,1.08638,1.0866,1.00,3.56
2018.02.05 12:45:51.296,1.08638,1.0866,1.00,3.56
2018.02.05 12:45:51.970,1.08639,1.08659,1.00,1.62
2018.02.05 12:45:52.146,1.08638,1.0866,1.00,3.56
2018.02.05 12:45:52.197,1.08639,1.08659,1.00,1.62
2018.02.05 12:45:52.860,1.08639,1.08659,1.00,1.62
2018.02.05 12:45:53.013,1.08638,1.0866,1.00,3.56
2018.02.05 12:45:53.321,1.08638,1.0866,1.00,1.25
2018.02.05 12:45:53.423,1.08639,1.0866,1.00,1.37
2018.02.05 12:45:53.791,1.08638,1.0866,1.00,1.25
2018.02.05 12:45:53.893,1.08639,1.0866,1.00,1.37
2018.02.05 12:45:54.402,1.08639,1.0866,1.00,1.44
2018.02.05 12:45:54.569,1.08639,1.0866,1.00,1.37
2018.02.05 12:45:54.792,1.08638,1.0866,1.00,1.25
2018.02.05 12:45:55.033,1.08639,1.0866,1.00,1.37
2018.02.05 12:45:55.559,1.08638,1.0866,1.00,1.44
2018.02.05 12:45:55.948,1.08639,1.08653,1.00,1.00
2018.02.05 12:45:56.342,1.08639,1.0866,1.00,1.44
2018.02.05 12:45:56.393,1.08636,1.08659,2.06,1.19
2018.02.05 12:45:56.444,1.08636,1.08659,1.25,1.00
2018.02.05 12:45:56.671,1.08636,1.08659,2.06,1.37
2018.02.05 12:45:57.332,1.08636,1.08659,1.25,1.19
2018.02.05 12:45:57.384,1.08636,1.08659,1.25,1.00
2018.02.05 12:45:57.540,1.08636,1.08659,2.06,1.37
2018.02.05 12:45:57.861,1.08636,1.08659,2.06,1.25
2018.02.05 12:45:58.033,1.08636,1.08659,2.06,1.37
2018.02.05 12:45:58.260,1.08636,1.08659,2.06,1.25
2018.02.05 12:45:58.517,1.08636,1.08659,2.06,1.37
2018.02.05 12:45:58.904,1.08636,1.08659,1.25,1.00
2018.02.05 12:45:59.177,1.08636,1.08659,2.06,1.37
2018.02.05 12:45:59.690,1.08636,1.08659,1.25,1.37
2018.02.05 12:46:00.210,1.08636,1.08659,1.69,1.37
2018.02.05 12:46:00.464,1.08636,1.08659,1.00,1.00
2018.02.05 12:46:00.669,1.08636,1.08659,1.69,1.37
2018.02.05 12:46:01.199,1.08636,1.08658,1.25,1.56
2018.02.05 12:46:01.903,1.08636,1.08658,1.69,1.75
2018.02.05 12:46:02.405,1.08636,1.08659,1.25,1.12
2018.02.05 12:46:03.008,1.08638,1.0866,1.00,1.69
2018.02.05 12:46:03.112,1.0864,1.08661,1.00,1.50
2018.02.05 12:46:03.625,1.08641,1.08662,1.00,2.81
2018.02.05 12:46:04.107,1.0864,1.08662,1.00,2.81
2018.02.05 12:46:04.646,1.08641,1.08662,1.00,2.62
2018.02.05 12:46:05.035,1.08639,1.08662,1.00,2.62
2018.02.05 12:46:05.644,1.08639,1.08662,1.69,2.62
2018.02.05 12:46:06.128,1.08639,1.08661,1.00,1.87
2018.02.05 12:46:06.244,1.08639,1.08661,1.50,1.50
2018.02.05 12:46:06.916,1.08639,1.08661,1.50,1.50
2018.02.05 12:46:08.377,1.08639,1.08661,1.00,1.87
2018.02.05 12:46:08.986,1.08639,1.08661,1.50,2.25
2018.02.05 12:46:09.997,1.08639,1.08661,1.00,1.44
2018.02.05 12:46:10.547,1.08639,1.08661,1.00,1.87
2018.02.05 12:46:11.434,1.08639,1.08661,1.50,1.50
2018.02.05 12:46:12.195,1.08639,1.08661,1.25,1.37
2018.02.05 12:46:13.619,1.08639,1.08662,1.00,1.37
2018.02.05 12:46:14.127,1.08639,1.08663,1.25,1.87
2018.02.05 12:46:14.359,1.08639,1.08663,1.69,2.06
2018.02.05 12:46:15.768,1.08639,1.08663,1.69,3.00
2018.02.05 12:46:15.873,1.08647,1.08666,1.00,1.50
2018.02.05 12:46:15.926,1.08648,1.08668,1.00,1.50
2018.02.05 12:46:16.192,1.08647,1.08667,1.37,1.25
2018.02.05 12:46:16.600,1.08652,1.08671,1.00,2.81
2018.02.05 12:46:16.652,1.08653,1.08671,1.00,1.25
2018.02.05 12:46:17.046,1.08652,1.08671,1.00,1.62
2018.02.05 12:46:17.579,1.08653,1.08673,1.00,1.75
2018.02.05 12:46:18.101,1.08653,1.08674,1.00,3.00
2018.02.05 12:46:18.281,1.0865,1.08674,1.12,3.00
2018.02.05 12:46:19.217,1.08651,1.08673,1.00,1.50
2018.02.05 12:46:19.684,1.08653,1.08674,1.00,3.00
2018.02.05 12:46:20.737,1.08652,1.08674,1.00,1.50
2018.02.05 12:46:20.992,1.08655,1.08676,1.00,2.81
2018.02.05 12:46:21.301,1.08662,1.08679,1.00,3.56
2018.02.05 12:46:21.594,1.08662,1.08681,1.00,2.44
2018.02.05 12:46:21.919,1.08662,1.08681,1.00,2.06
2018.02.05 12:46:22.438,1.08662,1.08681,1.00,2.06
2018.02.05 12:46:23.132,1.08661,1.08681,1.00,2.06
2018.02.05 12:46:23.804,1.08662,1.08681,1.00,2.06
2018.02.05 12:46:25.060,1.08658,1.08681,1.37,2.06
2018.02.05 12:46:25.207,1.08655,1.08679,1.50,2.06
2018.02.05 12:46:25.315,1.08652,1.08677,1.50,1.37
2018.02.05 12:46:25.837,1.08653,1.08676,1.31,1.12
2018.02.05 12:46:26.457,1.08653,1.08676,1.12,1.37
2018.02.05 12:46:27.137,1.08653,1.08676,1.12,1.37
2018.02.05 12:46:28.239,1.08653,1.08676,1.00,1.87
2018.02.05 12:46:28.896,1.08652,1.08676,1.69,1.87
2018.02.05 12:46:29.439,1.08652,1.08676,1.00,1.44
2018.02.05 12:46:30.108,1.08652,1.08676,2.44,1.87
2018.02.05 12:46:33.758,1.08661,1.08679,1.00,1.75
2018.02.05 12:46:33.810,1.08659,1.08678,1.50,1.50
2018.02.05 12:46:33.862,1.08655,1.08679,1.50,2.25
2018.02.05 12:46:33.966,1.08656,1.08679,1.00,1.50
2018.02.05 12:46:34.274,1.08657,1.08678,1.37,1.12
2018.02.05 12:46:34.326,1.08656,1.08679,1.87,1.81
2018.02.05 12:46:34.430,1.08657,1.08679,1.00,2.06
2018.02.05 12:46:34.943,1.08656,1.08679,1.00,1.87
2018.02.05 12:46:35.462,1.08657,1.08679,1.00,1.75
2018.02.05 12:46:35.850,1.08656,1.08678,2.25,1.81
2018.02.05 12:46:35.902,1.08659,1.08678,1.12,1.00
2018.02.05 12:46:36.058,1.08661,1.08684,1.50,1.44
2018.02.05 12:46:36.110,1.08662,1.08684,1.00,1.69
2018.02.05 12:46:36.442,1.08665,1.08684,1.00,1.56
2018.02.05 12:46:37.004,1.08665,1.08684,1.00,2.06
2018.02.05 12:46:39.029,1.08665,1.08684,1.00,1.56
2018.02.05 12:46:39.548,1.08665,1.08684,1.00,1.56
2018.02.05 12:46:39.819,1.08664,1.08684,1.00,1.56
2018.02.05 12:46:40.024,1.08665,1.08685,1.00,3.19
2018.02.05 12:46:40.541,1.08665,1.08684,1.00,1.62
2018.02.05 12:46:41.261,1.08664,1.08684,1.00,1.62
2018.02.05 12:46:41.544,1.08664,1.08684,1.00,1.12
2018.02.05 12:46:41.696,1.08665,1.08684,1.00,1.62
2018.02.05 12:46:42.261,1.08665,1.08685,1.00,3.19
2018.02.05 12:46:43.306,1.08665,1.08685,1.75,2.44
2018.02.05 12:46:43.358,1.08674,1.0869,1.00,1.50
2018.02.05 12:46:43.410,1.08677,1.08693,1.00,1.31
2018.02.05 12:46:43.462,1.08681,1.08697,1.00,1.25
2018.02.05 12:46:43.514,1.08683,1.08698,1.00,1.87
2018.02.05 12:46:43.740,1.0868,1.08701,1.00,1.00
2018.02.05 12:46:43.964,1.0868,1.08702,1.00,3.56
2018.02.05 12:46:44.362,1.08679,1.08702,1.12,3.19
2018.02.05 12:46:44.414,1.0868,1.08702,1.00,3.56
2018.02.05 12:46:44.971,1.08679,1.08702,1.12,1.62
2018.02.05 12:46:45.291,1.08681,1.08703,1.37,2.44
2018.02.05 12:46:45.548,1.08682,1.08704,1.50,1.69
2018.02.05 12:46:46.109,1.08683,1.08704,1.50,1.00
2018.02.05 12:46:46.211,1.08683,1.08702,1.00,1.00
2018.02.05 12:46:46.262,1.08683,1.08707,1.00,3.56
2018.02.05 12:46:46.313,1.08683,1.08707,1.00,2.06
2018.02.05 12:46:46.617,1.08683,1.08707,2.81,1.87
2018.02.05 12:46:46.892,1.08682,1.08708,1.69,3.00
2018.02.05 12:46:47.049,1.08683,1.08707,1.69,1.44
2018.02.05 12:46:47.152,1.08682,1.08705,1.00,1.00
2018.02.05 12:46:47.307,1.08681,1.08704,1.00,1.50
2018.02.05 12:46:47.629,1.0868,1.08704,1.00,2.06
2018.02.05 12:46:48.252,1.08679,1.08705,1.12,4.31
2018.02.05 12:46:48.781,1.0868,1.08704,1.25,2.81
2018.02.05 12:46:49.042,1.0868,1.08704,1.25,1.37
2018.02.05 12:46:49.362,1.08679,1.08705,1.69,2.81
2018.02.05 12:46:49.442,1.0868,1.08704,1.25,1.37
2018.02.05 12:46:49.987,1.0868,1.08704,1.37,1.37
2018.02.05 12:46:50.140,1.08682,1.08706,1.00,2.06
2018.02.05 12:46:50.791,1.08682,1.08706,1.00,1.87
2018.02.05 12:46:51.084,1.08683,1.08706,1.00,1.87
2018.02.05 12:46:51.136,1.08683,1.08706,1.00,1.87
2018.02.05 12:46:51.441,1.08683,1.08706,1.00,1.87
2018.02.05 12:46:52.072,1.08682,1.08706,1.00,1.87
2018.02.05 12:46:53.049,1.0868,1.08706,1.69,1.69
2018.02.05 12:46:53.151,1.08681,1.08704,1.00,1.56
2018.02.05 12:46:53.202,1.0868,1.08704,1.00,2.06
2018.02.05 12:46:53.519,1.0868,1.08703,1.00,1.62
2018.02.05 12:46:54.055,1.08678,1.08703,1.25,1.87
2018.02.05 12:46:54.572,1.08678,1.08702,1.69,1.37
2018.02.05 12:46:54.782,1.08678,1.08702,1.69,1.44
2018.02.05 12:46:55.135,1.08678,1.08702,1.69,1.37
2018.02.05 12:46:55.431,1.08678,1.08702,1.69,1.44
2018.02.05 12:46:55.599,1.08678,1.08702,1.69,1.37
2018.02.05 12:46:55.701,1.08678,1.08703,1.00,2.06
2018.02.05 12:46:55.946,1.0868,1.08703,1.00,1.69
2018.02.05 12:46:55.997,1.08679,1.08703,1.00,1.44
2018.02.05 12:46:56.165,1.0868,1.08703,1.00,1.69
2018.02.05 12:46:56.969,1.0868,1.08703,1.00,1.69
2018.02.05 12:46:57.630,1.08679,1.08703,1.00,1.37
2018.02.05 12:46:58.240,1.0868,1.08703,1.00,1.69
2018.02.05 12:46:58.946,1.08679,1.08702,1.00,1.50
2018.02.05 12:47:00.380,1.0868,1.08702,1.00,1.37
2018.02.05 12:47:00.641,1.0868,1.08702,1.00,1.44
2018.02.05 12:47:00.853,1.0868,1.08702,1.00,1.62
2018.02.05 12:47:01.108,1.0868,1.08702,1.00,1.31
2018.02.05 12:47:01.212,1.08678,1.08703,1.25,2.06
2018.02.05 12:47:01.264,1.08678,1.08702,2.06,1.37
2018.02.05 12:47:01.880,1.08678,1.08703,1.25,1.87
2018.02.05 12:47:01.982,1.08678,1.08703,1.69,1.87
2018.02.05 12:47:02.083,1.08682,1.08705,1.00,1.37
2018.02.05 12:47:02.134,1.08681,1.08705,2.62,1.31
2018.02.05 12:47:02.185,1.08683,1.08706,1.00,1.31
2018.02.05 12:47:02.288,1.08683,1.08708,1.50,1.25
2018.02.05 12:47:02.390,1.08686,1.08711,2.25,3.00
2018.02.05 12:47:02.628,1.08684,1.08708,1.25,1.50
2018.02.05 12:47:02.882,1.08683,1.08708,1.25,2.44
2018.02.05 12:47:03.086,1.08684,1.08708,1.25,3.00
2018.02.05 12:47:03.240,1.08684,1.08708,1.25,3.00
2018.02.05 12:47:03.804,1.08684,1.08708,2.06,1.87
2018.02.05 12:47:04.350,1.08686,1.08708,1.00,1.87
2018.02.05 12:47:04.660,1.0869,1.0871,1.00,1.87
2018.02.05 12:47:05.263,1.0869,1.0871,1.00,2.06
2018.02.05 12:47:05.529,1.08687,1.0871,1.31,2.00
2018.02.05 12:47:05.682,1.08686,1.0871,1.31,2.62
2018.02.05 12:47:06.263,1.08687,1.0871,1.31,2.81
2018.02.05 12:47:06.878,1.08687,1.0871,1.31,1.12
2018.02.05 12:47:07.605,1.08686,1.0871,1.31,1.94
2018.02.05 12:47:08.765,1.08687,1.0871,1.31,2.00
2018.02.05 12:47:09.304,1.08686,1.0871,1.25,2.00
2018.02.05 12:47:13.020,1.08687,1.0871,1.25,3.37
2018.02.05 12:47:13.416,1.08685,1.08708,1.00,2.62
2018.02.05 12:47:13.621,1.08682,1.08706,1.25,1.69
2018.02.05 12:47:13.673,1.08682,1.08706,1.25,2.62
2018.02.05 12:47:14.037,1.08682,1.08706,1.00,3.75
2018.02.05 12:47:14.157,1.08681,1.08706,1.50,3.75
2018.02.05 12:47:14.237,1.08682,1.08706,1.00,3.75
2018.02.05 12:47:14.639,1.08684,1.08704,1.00,1.44
2018.02.05 12:47:15.540,1.08684,1.08704,1.00,1.44
2018.02.05 12:47:16.243,1.08683,1.08704,1.00,1.37
2018.02.05 12:47:16.898,1.08684,1.08704,1.00,1.37
2018.02.05 12:47:17.509,1.08683,1.08703,1.00,1.19
2018.02.05 12:47:18.026,1.08683,1.08702,1.00,1.81
2018.02.05 12:47:18.565,1.08684,1.08701,1.00,1.44
2018.02.05 12:47:19.147,1.08683,1.08702,1.00,1.81
2018.02.05 12:47:21.223,1.08684,1.08701,1.00,1.44
2018.02.05 12:47:21.572,1.0868,1.08701,1.00,1.37
2018.02.05 12:47:21.728,1.08679,1.08702,1.12,2.62
2018.02.05 12:47:21.883,1.08683,1.08703,1.00,1.62
2018.02.05 12:47:22.516,1.08684,1.08704,1.00,1.87
2018.02.05 12:47:28.054,1.08683,1.08704,1.00,1.50
2018.02.05 12:47:28.569,1.08684,1.08704,1.00,1.75
2018.02.05 12:47:28.859,1.08681,1.08704,1.50,1.50
2018.02.05 12:47:29.394,1.08682,1.08704,1.00,1.75
2018.02.05 12:47:32.657,1.08681,1.08704,1.50,1.50
2018.02.05 12:47:32.759,1.08684,1.08704,1.00,1.50
2018.02.05 12:47:33.240,1.08683,1.08706,1.50,1.50
2018.02.05 12:47:33.773,1.08683,1.08706,1.50,1.87
2018.02.05 12:47:33.825,1.08683,1.08704,1.00,1.12
2018.02.05 12:47:34.502,1.08683,1.08704,1.00,1.50
2018.02.05 12:47:34.922,1.08683,1.08703,1.00,1.37
2018.02.05 12:47:38.192,1.08683,1.08704,1.00,1.37
2018.02.05 12:47:38.879,1.08683,1.08704,1.00,1.31
2018.02.05 12:47:39.624,1.08683,1.08703,1.00,1.50
2018.02.05 12:47:40.175,1.08683,1.08704,1.00,1.50
2018.02.05 12:47:40.823,1.08683,1.08703,1.00,1.31
2018.02.05 12:47:47.111,1.08681,1.08703,2.25,1.25
2018.02.05 12:47:48.836,1.08682,1.08704,1.00,3.00
2018.02.05 12:47:59.281,1.08682,1.08703,1.50,2.25
2018.02.05 12:48:02.117,1.08682,1.08704,1.50,3.56
2018.02.05 12:48:02.687,1.08682,1.08703,1.50,2.06
2018.02.05 12:48:03.487,1.08682,1.08704,1.50,3.19
2018.02.05 12:48:04.019,1.08682,1.08703,1.50,2.06
2018.02.05 12:48:04.905,1.08682,1.08704,1.50,3.19
2018.02.05 12:48:05.656,1.08682,1.08703,1.50,2.06
2018.02.05 12:48:07.423,1.08681,1.08703,2.25,1.69
2018.02.05 12:48:11.200,1.08681,1.08704,2.25,3.19
2018.02.05 12:48:11.303,1.08681,1.08699,1.50,1.69
2018.02.05 12:48:11.406,1.08679,1.08698,1.69,1.62
2018.02.05 12:48:13.054,1.08679,1.08698,1.50,1.00
2018.02.05 12:48:16.375,1.08679,1.08701,1.00,2.06
2018.02.05 12:48:16.937,1.08679,1.08701,1.25,2.81
2018.02.05 12:48:17.596,1.08679,1.08701,1.00,2.06
2018.02.05 12:48:18.115,1.08678,1.08701,1.25,1.31
2018.02.05 12:48:18.957,1.08678,1.08701,1.44,1.31
2018.02.05 12:48:22.302,1.08678,1.08701,1.25,2.25
2018.02.05 12:48:27.441,1.08679,1.087,1.25,1.12
2018.02.05 12:48:28.114,1.08679,1.08699,1.44,1.00
2018.02.05 12:48:28.647,1.08679,1.087,1.25,1.12
2018.02.05 12:48:29.286,1.08678,1.08701,2.25,1.69
2018.02.05 12:48:30.376,1.08679,1.087,1.25,1.12
2018.02.05 12:48:34.421,1.08678,1.087,1.69,1.44
2018.02.05 12:48:34.950,1.08679,1.087,1.25,1.75
2018.02.05 12:48:37.535,1.08678,1.087,1.69,1.44
2018.02.05 12:48:41.599,1.08679,1.087,1.25,1.12
2018.02.05 12:48:47.624,1.08676,1.08699,2.25,1.00
2018.02.05 12:48:47.956,1.08676,1.08698,2.62,1.19
2018.02.05 12:48:48.511,1.08676,1.08699,2.44,1.81
2018.02.05 12:48:50.939,1.08673,1.08687,1.31,1.00
2018.02.05 12:48:51.097,1.08676,1.08694,1.00,1.87
2018.02.05 12:48:51.148,1.08673,1.08694,1.88,1.12
2018.02.05 12:48:51.303,1.08675,1.08694,1.00,1.12
2018.02.05 12:48:51.406,1.08675,1.08698,1.69,3.00
2018.02.05 12:48:51.458,1.08678,1.08698,1.00,2.06
2018.02.05 12:48:51.983,1.08677,1.08698,1.38,1.50
2018.02.05 12:48:54.195,1.08677,1.08698,1.37,1.87
2018.02.05 12:48:55.074,1.08676,1.08698,1.38,1.81
2018.02.05 12:48:55.823,1.08676,1.08698,1.00,1.75
2018.02.05 12:48:55.976,1.08678,1.08698,1.00,1.62
2018.02.05 12:48:56.510,1.08677,1.08698,1.38,1.81
2018.02.05 12:48:57.137,1.08677,1.08698,1.38,1.62
2018.02.05 12:48:59.401,1.08678,1.08698,1.38,1.25
2018.02.05 12:49:00.217,1.08676,1.08697,1.00,1.75
2018.02.05 12:49:00.459,1.0867,1.0869,1.00,1.00
2018.02.05 12:49:00.656,1.08668,1.0869,2.44,1.87
2018.02.05 12:49:01.304,1.08668,1.0869,1.50,1.44
2018.02.05 12:49:01.407,1.08666,1.0869,1.38,2.81
2018.02.05 12:49:01.546,1.08664,1.08687,2.63,1.75
2018.02.05 12:49:02.122,1.08664,1.08687,2.63,1.31
2018.02.05 12:49:02.752,1.08663,1.08685,3.00,1.25
2018.02.05 12:49:04.424,1.08664,1.08687,1.38,1.31
2018.02.05 12:49:04.746,1.08668,1.08685,1.00,1.00
2018.02.05 12:49:05.195,1.08665,1.08684,1.00,1.38
2018.02.05 12:49:05.299,1.08663,1.08685,1.31,2.19
2018.02.05 12:49:06.058,1.08663,1.08685,1.00,2.06
2018.02.05 12:49:07.895,1.08663,1.08685,1.50,1.88
2018.02.05 12:49:09.098,1.08659,1.08682,2.00,1.38
2018.02.05 12:49:09.150,1.0866,1.08681,1.19,1.38
2018.02.05 12:49:09.464,1.08658,1.08681,1.31,1.56
2018.02.05 12:49:10.128,1.08658,1.08682,1.31,1.88
2018.02.05 12:49:11.540,1.08659,1.08682,2.44,1.50
2018.02.05 12:49:12.070,1.08659,1.08681,2.44,1.44
2018.02.05 12:49:12.542,1.08659,1.08682,2.44,1.50
2018.02.05 12:49:13.058,1.08659,1.08682,2.06,1.50
2018.02.05 12:49:13.824,1.08659,1.08681,2.06,1.31
2018.02.05 12:49:14.649,1.08659,1.08682,2.06,1.81
2018.02.05 12:49:15.877,1.08659,1.08681,2.06,1.50
2018.02.05 12:49:16.195,1.08665,1.08685,1.44,1.31
2018.02.05 12:49:17.965,1.08666,1.08686,1.38,1.31
2018.02.05 12:49:20.515,1.08665,1.08686,1.44,1.31
2018.02.05 12:49:20.989,1.08668,1.08687,1.25,1.44
2018.02.05 12:49:21.091,1.08669,1.08687,1.25,1.63
2018.02.05 12:49:21.667,1.08668,1.08687,1.44,1.38
2018.02.05 12:49:22.520,1.08668,1.08687,1.00,1.38
2018.02.05 12:49:23.079,1.08669,1.08687,1.38,1.00
2018.02.05 12:49:23.426,1.08669,1.08689,1.38,1.38
2018.02.05 12:49:24.613,1.08669,1.08688,1.00,1.44
2018.02.05 12:49:24.664,1.08668,1.08688,1.00,1.00
2018.02.05 12:49:25.168,1.08668,1.08688,1.50,1.44
2018.02.05 12:49:25.538,1.08669,1.08688,1.38,1.38
2018.02.05 12:49:26.227,1.08668,1.08688,1.88,1.38
2018.02.05 12:49:26.879,1.08669,1.08688,1.38,1.38
2018.02.05 12:49:26.981,1.08674,1.08692,1.00,1.44
2018.02.05 12:49:27.134,1.08672,1.08694,3.00,2.06
2018.02.05 12:49:27.438,1.0867,1.08689,1.50,1.38
2018.02.05 12:49:29.131,1.08669,1.08689,1.38,1.38
2018.02.05 12:49:29.337,1.08668,1.08689,1.88,1.63
2018.02.05 12:49:29.741,1.08668,1.08689,1.88,1.63
2018.02.05 12:49:30.362,1.08668,1.08689,1.88,1.38
2018.02.05 12:49:30.797,1.08666,1.08689,3.00,1.56
2018.02.05 12:49:30.960,1.08666,1.08689,2.63,1.56
2018.02.05 12:49:31.467,1.08666,1.08689,2.25,2.00
2018.02.05 12:49:34.079,1.08666,1.08689,2.63,1.94
2018.02.05 12:49:34.618,1.08666,1.08689,2.63,1.69
2018.02.05 12:49:35.130,1.08665,1.08686,3.38,1.25
2018.02.05 12:49:38.666,1.08666,1.08686,1.50,1.38
2018.02.05 12:49:50.961,1.08664,1.08686,1.88,1.38
2018.02.05 12:49:51.214,1.08661,1.08681,1.88,1.00
2018.02.05 12:49:51.317,1.08657,1.08679,1.56,1.38
2018.02.05 12:49:52.181,1.08657,1.0868,1.56,2.81
2018.02.05 12:49:52.357,1.08661,1.08681,1.75,1.37
2018.02.05 12:49:52.460,1.08662,1.08682,2.25,1.12
2018.02.05 12:49:52.564,1.08663,1.08684,2.81,1.00
2018.02.05 12:49:52.915,1.08663,1.08684,2.81,1.00
2018.02.05 12:49:53.898,1.08663,1.08684,2.81,1.00
2018.02.05 12:49:54.103,1.08664,1.08684,1.63,1.00
2018.02.05 12:49:54.521,1.08664,1.08684,1.56,1.00
2018.02.05 12:49:56.980,1.08664,1.08684,1.38,1.00
2018.02.05 12:49:57.537,1.08664,1.08684,1.56,1.00
2018.02.05 12:49:58.805,1.08666,1.08686,1.38,1.62
2018.02.05 12:49:59.634,1.08666,1.08686,1.88,1.37
2018.02.05 12:50:00.177,1.08667,1.08686,1.38,1.25
2018.02.05 12:50:00.688,1.08666,1.08686,1.88,1.00
2018.02.05 12:50:01.277,1.08667,1.08686,1.38,1.25
2018.02.05 12:50:02.114,1.08666,1.08686,1.38,1.00
2018.02.05 12:50:02.804,1.08666,1.08686,1.38,1.25
2018.02.05 12:50:03.164,1.08666,1.08686,1.38,1.25
2018.02.05 12:50:03.873,1.08666,1.08686,1.38,1.00
2018.02.05 12:50:04.305,1.08666,1.08686,1.25,1.00
2018.02.05 12:50:04.499,1.08666,1.08686,1.38,1.00
2018.02.05 12:50:04.815,1.08666,1.08686,1.38,1.00
2018.02.05 12:50:05.903,1.08666,1.08686,1.38,1.00
2018.02.05 12:50:07.138,1.08666,1.08686,1.38,1.00
2018.02.05 12:50:07.671,1.08666,1.08686,1.38,1.00
2018.02.05 12:50:09.030,1.08666,1.08686,1.38,1.00
2018.02.05 12:50:09.825,1.08666,1.08686,1.38,1.00
2018.02.05 12:50:10.067,1.08666,1.08686,1.00,1.37
2018.02.05 12:50:10.172,1.08667,1.08691,1.50,3.94
2018.02.05 12:50:10.328,1.08669,1.08691,1.31,1.81
2018.02.05 12:50:10.744,1.08669,1.08691,1.38,1.81
2018.02.05 12:50:11.290,1.08669,1.08691,2.25,1.56
2018.02.05 12:50:11.800,1.08669,1.08691,2.25,1.31
2018.02.05 12:50:12.516,1.08669,1.08691,2.25,1.50
2018.02.05 12:50:12.989,1.08669,1.08687,1.38,1.37
2018.02.05 12:50:13.040,1.08667,1.08687,1.63,1.12
2018.02.05 12:50:13.286,1.08669,1.08687,1.38,1.12
2018.02.05 12:50:13.337,1.08671,1.0869,1.38,1.44
2018.02.05 12:50:13.541,1.08671,1.0869,1.38,1.44
2018.02.05 12:50:13.592,1.08671,1.0869,1.00,1.44
2018.02.05 12:50:14.131,1.08671,1.0869,1.44,1.00
2018.02.05 12:50:14.183,1.08674,1.08694,1.31,1.44
2018.02.05 12:50:14.234,1.08676,1.08695,1.00,1.44
2018.02.05 12:50:14.582,1.08676,1.08695,1.38,1.38
2018.02.05 12:50:15.096,1.08676,1.08695,1.38,1.44
2018.02.05 12:50:15.488,1.08674,1.08695,1.25,1.38
2018.02.05 12:50:15.802,1.08672,1.08695,3.38,2.00
2018.02.05 12:50:15.905,1.08672,1.08694,3.94,1.00
2018.02.05 12:50:16.108,1.08674,1.08695,1.88,2.00
2018.02.05 12:50:16.435,1.08674,1.08695,1.88,1.69
2018.02.05 12:50:17.144,1.08674,1.08695,1.88,1.31
2018.02.05 12:50:18.321,1.08674,1.08695,1.88,1.44
2018.02.05 12:50:18.868,1.08674,1.08695,1.88,1.31
2018.02.05 12:50:19.020,1.08674,1.08695,1.88,1.31
2018.02.05 12:50:19.538,1.08674,1.08695,1.38,1.44
2018.02.05 12:50:20.166,1.08674,1.08695,1.00,1.87
2018.02.05 12:50:20.273,1.08674,1.08695,1.00,1.25
2018.02.05 12:50:20.777,1.08674,1.08695,1.38,2.06
2018.02.05 12:50:22.307,1.08674,1.08695,1.50,1.25
2018.02.05 12:50:22.409,1.08672,1.08692,1.44,1.00
2018.02.05 12:50:22.816,1.0867,1.08692,2.06,1.69
2018.02.05 12:50:23.669,1.08672,1.08692,1.13,1.00
2018.02.05 12:50:23.721,1.08674,1.08696,1.50,1.37
2018.02.05 12:50:24.429,1.08674,1.08696,1.13,1.44
2018.02.05 12:50:26.469,1.08675,1.08696,1.75,1.37
2018.02.05 12:50:27.013,1.08675,1.08696,1.50,1.44
2018.02.05 12:50:27.541,1.08675,1.08696,1.50,1.25
2018.02.05 12:50:30.229,1.08676,1.08699,1.50,2.06
2018.02.05 12:50:30.836,1.08676,1.08699,1.38,2.06
2018.02.05 12:50:31.374,1.08676,1.08699,2.25,2.06
2018.02.05 12:50:31.728,1.08676,1.08699,1.88,2.06
2018.02.05 12:50:32.275,1.08677,1.08699,1.38,1.69
2018.02.05 12:50:32.864,1.08677,1.08699,2.06,1.69
2018.02.05 12:50:33.459,1.08677,1.08699,3.19,1.63
2018.02.05 12:50:36.635,1.08678,1.08699,1.38,1.56
2018.02.05 12:50:36.943,1.08678,1.08699,2.06,1.63
2018.02.05 12:50:36.995,1.08678,1.08699,1.63,1.44
2018.02.05 12:50:37.525,1.08678,1.08699,2.44,1.44
2018.02.05 12:50:38.086,1.0868,1.08699,1.38,1.38
2018.02.05 12:50:38.642,1.08679,1.08699,1.38,1.44
2018.02.05 12:50:39.153,1.08679,1.08699,1.38,1.38
2018.02.05 12:50:40.208,1.08679,1.08699,1.38,1.38
2018.02.05 12:50:40.392,1.08679,1.08699,1.00,1.75
2018.02.05 12:50:40.928,1.08678,1.08699,1.38,1.63
2018.02.05 12:50:41.623,1.08678,1.08699,1.88,1.69
2018.02.05 12:50:41.779,1.08678,1.08699,1.00,1.69
2018.02.05 12:50:42.308,1.08678,1.08699,1.13,1.69
2018.02.05 12:50:42.413,1.08678,1.08699,1.63,2.44
2018.02.05 12:50:42.849,1.08679,1.08699,1.38,1.38
2018.02.05 12:50:42.953,1.0868,1.08699,1.00,1.63
2018.02.05 12:50:43.454,1.0868,1.08702,1.38,2.06
2018.02.05 12:50:43.662,1.0868,1.08702,1.38,1.56
2018.02.05 12:50:44.167,1.08681,1.08702,1.50,1.56
2018.02.05 12:50:45.449,1.08681,1.08702,1.50,1.63
2018.02.05 12:50:46.142,1.08681,1.08702,1.38,1.56
2018.02.05 12:50:47.528,1.08681,1.08702,1.38,1.69
2018.02.05 12:50:48.638,1.0868,1.08702,1.38,2.44
2018.02.05 12:50:49.218,1.0868,1.08702,1.38,1.69
2018.02.05 12:50:51.377,1.08679,1.08702,2.06,2.44
2018.02.05 12:50:51.914,1.08679,1.08702,1.88,1.69
2018.02.05 12:50:52.584,1.08679,1.08702,1.88,1.69
2018.02.05 12:50:53.117,1.08679,1.08702,1.38,2.44
2018.02.05 12:50:53.703,1.08679,1.08702,1.38,2.06
2018.02.05 12:50:55.165,1.08679,1.08702,3.19,1.88
2018.02.05 12:50:57.166,1.0868,1.08702,1.56,1.88
2018.02.05 12:50:59.151,1.0868,1.08702,1.56,2.81
2018.02.05 12:51:08.548,1.0868,1.08702,1.88,2.25
2018.02.05 12:51:09.093,1.0868,1.08702,1.75,2.44
2018.02.05 12:51:12.834,1.0868,1.08702,1.50,1.50
2018.02.05 12:51:13.390,1.0868,1.08702,1.50,1.63
2018.02.05 12:51:14.722,1.0868,1.08701,1.50,1.00
2018.02.05 12:51:15.257,1.0868,1.08702,1.75,1.62
2018.02.05 12:51:16.027,1.0868,1.08702,1.38,1.69
2018.02.05 12:51:16.762,1.0868,1.08702,1.38,1.62
2018.02.05 12:51:16.864,1.0868,1.08702,1.00,2.06
2018.02.05 12:51:17.061,1.0868,1.08701,1.38,1.63
2018.02.05 12:51:17.213,1.08679,1.08701,3.37,1.44
2018.02.05 12:51:17.781,1.08679,1.08701,3.75,1.63
2018.02.05 12:51:18.381,1.08679,1.08702,2.81,1.69
2018.02.05 12:51:19.039,1.08679,1.08702,2.81,1.69
2018.02.05 12:51:19.647,1.08679,1.08702,3.56,2.25
2018.02.05 12:51:20.345,1.08679,1.08702,3.56,2.25
2018.02.05 12:51:20.396,1.08679,1.08702,2.81,1.69
2018.02.05 12:51:20.922,1.08679,1.08702,2.81,2.00
2018.02.05 12:51:21.454,1.08679,1.08702,3.56,2.25
2018.02.05 12:51:21.659,1.08683,1.08702,1.00,1.69
2018.02.05 12:51:21.710,1.08683,1.08705,1.00,3.00
2018.02.05 12:51:21.763,1.08683,1.08705,3.94,1.50
2018.02.05 12:51:22.065,1.08684,1.08705,1.88,1.13
2018.02.05 12:51:23.388,1.08683,1.08704,1.69,2.06
2018.02.05 12:51:23.761,1.08684,1.08704,1.44,2.25
2018.02.05 12:51:24.062,1.08681,1.08703,1.69,1.38
2018.02.05 12:51:24.426,1.08681,1.08703,1.38,1.69
2018.02.05 12:51:24.991,1.0868,1.08703,3.00,1.69
2018.02.05 12:51:26.028,1.08681,1.08703,1.00,1.56
2018.02.05 12:51:26.419,1.08681,1.08703,1.38,1.88
2018.02.05 12:51:27.203,1.08681,1.08703,1.44,1.88
2018.02.05 12:51:27.357,1.0868,1.08702,1.00,2.06
2018.02.05 12:51:27.644,1.0868,1.08701,1.44,1.50
2018.02.05 12:51:28.287,1.0868,1.08701,1.38,1.81
2018.02.05 12:51:29.802,1.0868,1.08702,1.31,2.19
2018.02.05 12:51:30.308,1.0868,1.08701,1.31,1.50
2018.02.05 12:51:31.705,1.08681,1.08702,1.25,2.19
2018.02.05 12:51:32.206,1.08682,1.08701,1.25,1.50
2018.02.05 12:51:32.578,1.08682,1.08702,1.25,1.31
2018.02.05 12:51:32.731,1.08681,1.08702,1.13,1.31
2018.02.05 12:51:32.782,1.08682,1.08703,1.00,3.00
2018.02.05 12:51:33.143,1.08684,1.08702,1.00,1.94
2018.02.05 12:51:33.777,1.08684,1.08703,1.00,2.81
2018.02.05 12:51:34.948,1.08683,1.08702,1.00,1.13
2018.02.05 12:51:35.291,1.08681,1.08702,1.00,1.13
2018.02.05 12:51:35.820,1.08682,1.08701,1.25,1.38
2018.02.05 12:51:36.772,1.08681,1.08702,1.25,1.13
2018.02.05 12:51:36.823,1.08685,1.08703,1.00,1.75
2018.02.05 12:51:37.131,1.08688,1.08704,1.00,1.50
2018.02.05 12:51:37.646,1.08687,1.08704,1.00,2.06
2018.02.05 12:51:37.959,1.08685,1.08704,1.12,1.56
2018.02.05 12:51:38.011,1.08685,1.08704,1.12,1.56
2018.02.05 12:51:38.062,1.08687,1.08705,1.00,1.31
2018.02.05 12:51:38.114,1.0869,1.08707,1.00,1.13
2018.02.05 12:51:38.338,1.08686,1.08706,1.00,1.75
2018.02.05 12:51:38.939,1.08687,1.08707,1.25,1.13
2018.02.05 12:51:39.466,1.08687,1.08706,1.00,2.63
2018.02.05 12:51:39.517,1.08684,1.08706,1.81,2.63
2018.02.05 12:51:40.175,1.08685,1.08706,1.50,2.44
2018.02.05 12:51:40.923,1.08685,1.08706,1.00,2.44
2018.02.05 12:51:41.680,1.08685,1.08706,1.50,2.44
2018.02.05 12:51:42.580,1.08685,1.08706,1.00,2.25
2018.02.05 12:51:43.124,1.08685,1.08706,1.00,1.75
2018.02.05 12:51:43.743,1.08684,1.08706,1.25,1.56
2018.02.05 12:51:44.866,1.08685,1.08706,1.25,2.44
2018.02.05 12:51:45.541,1.08684,1.08706,1.25,2.44
2018.02.05 12:51:46.987,1.08685,1.08706,1.25,2.63
2018.02.05 12:51:47.474,1.08682,1.08705,1.25,2.44
2018.02.05 12:51:47.578,1.0868,1.08701,1.88,1.38
2018.02.05 12:51:48.540,1.08679,1.08701,1.88,1.31
2018.02.05 12:51:52.526,1.0868,1.08701,1.38,1.31
2018.02.05 12:51:52.746,1.08687,1.08707,1.00,2.81
2018.02.05 12:51:53.207,1.08687,1.08709,1.00,2.44
2018.02.05 12:51:53.259,1.08687,1.08708,1.88,1.31
2018.02.05 12:51:53.413,1.08687,1.08708,1.00,1.13
2018.02.05 12:51:53.737,1.0869,1.08711,1.00,1.94
2018.02.05 12:51:54.415,1.0869,1.08711,1.00,2.19
2018.02.05 12:51:54.621,1.08688,1.0871,1.25,1.13
2018.02.05 12:51:54.742,1.0869,1.0871,1.00,1.31
2018.02.05 12:51:55.366,1.08691,1.0871,1.00,1.94
2018.02.05 12:51:56.421,1.0869,1.0871,1.00,1.75
2018.02.05 12:51:57.093,1.08687,1.0871,1.75,1.31
2018.02.05 12:51:57.363,1.08688,1.08709,1.00,1.13
2018.02.05 12:51:57.829,1.08688,1.08699,1.25,1.00
2018.02.05 12:51:57.881,1.08683,1.08702,2.06,1.38
2018.02.05 12:51:57.985,1.08683,1.08706,1.50,2.25
2018.02.05 12:51:58.219,1.08684,1.08706,1.25,2.63
2018.02.05 12:51:58.271,1.08686,1.08707,1.00,3.19
2018.02.05 12:51:58.582,1.0869,1.0871,1.12,1.69
2018.02.05 12:51:58.889,1.08692,1.0871,1.00,1.69
2018.02.05 12:51:59.404,1.08693,1.0871,1.00,1.69
2018.02.05 12:51:59.898,1.0869,1.0871,1.25,2.00
2018.02.05 12:52:00.000,1.08688,1.08708,1.00,1.75
2018.02.05 12:52:00.051,1.08686,1.08708,1.50,1.75
2018.02.05 12:52:00.878,1.08686,1.08707,1.88,1.13
2018.02.05 12:52:01.386,1.08686,1.08707,1.88,1.13
2018.02.05 12:52:02.624,1.08686,1.08708,1.88,2.06
2018.02.05 12:52:04.359,1.08686,1.08707,1.88,1.56
2018.02.05 12:52:04.742,1.08686,1.08709,1.88,1.31
2018.02.05 12:52:04.794,1.08688,1.0871,1.25,1.13
2018.02.05 12:52:05.102,1.0869,1.0871,1.25,1.13
2018.02.05 12:52:06.049,1.0869,1.0871,1.00,1.13
2018.02.05 12:52:09.783,1.08687,1.0871,3.00,1.88
2018.02.05 12:52:09.835,1.08686,1.08708,1.25,3.00
2018.02.05 12:52:09.990,1.08685,1.08704,1.44,1.44
2018.02.05 12:52:11.233,1.08683,1.08704,1.38,1.31
2018.02.05 12:52:11.656,1.08686,1.08708,1.88,1.69
2018.02.05 12:52:12.400,1.08686,1.08707,1.44,1.13
2018.02.05 12:52:18.428,1.08686,1.08708,1.13,2.06
2018.02.05 12:52:20.856,1.08687,1.08708,1.69,1.44
2018.02.05 12:52:21.162,1.08692,1.08714,1.00,4.31
2018.02.05 12:52:21.468,1.08692,1.08714,1.00,3.38
2018.02.05 12:52:22.238,1.0869,1.08714,1.88,1.88
2018.02.05 12:52:22.782,1.08691,1.08714,1.25,3.38
2018.02.05 12:52:22.834,1.0869,1.08714,1.88,3.56
2018.02.05 12:52:22.948,1.08691,1.08714,1.44,3.56
2018.02.05 12:52:23.619,1.0869,1.08713,1.88,1.13
2018.02.05 12:52:24.216,1.0869,1.08713,1.38,1.13
2018.02.05 12:52:24.799,1.0869,1.08712,1.38,1.56
2018.02.05 12:52:24.850,1.08687,1.08711,1.88,2.06
2018.02.05 12:52:25.611,1.08686,1.0871,3.19,2.19
2018.02.05 12:52:25.662,1.08687,1.0871,1.38,1.13
2018.02.05 12:52:25.865,1.08686,1.0871,2.44,1.13
2018.02.05 12:52:25.967,1.08687,1.08711,1.13,3.00
2018.02.05 12:52:26.221,1.08686,1.08709,1.50,1.75
2018.02.05 12:52:26.272,1.08683,1.08703,1.25,1.00
2018.02.05 12:52:26.588,1.08682,1.08699,1.00,1.00
2018.02.05 12:52:26.975,1.08682,1.08699,1.38,1.00
2018.02.05 12:52:27.457,1.08682,1.08703,1.44,1.69
2018.02.05 12:52:27.654,1.08682,1.08702,1.88,1.12
2018.02.05 12:52:28.236,1.08683,1.08703,1.44,1.69
2018.02.05 12:52:28.712,1.08683,1.08702,1.38,1.12
2018.02.05 12:52:28.815,1.08682,1.08703,1.88,1.69
2018.02.05 12:52:28.869,1.08682,1.08699,1.38,1.00
2018.02.05 12:52:28.921,1.08679,1.08699,2.06,1.00
2018.02.05 12:52:29.024,1.08679,1.08699,1.44,1.87
2018.02.05 12:52:29.548,1.08679,1.087,1.13,1.87
2018.02.05 12:52:29.868,1.08676,1.08698,2.44,1.87
2018.02.05 12:52:30.618,1.08676,1.08698,1.88,2.25
2018.02.05 12:52:33.673,1.08676,1.08698,2.06,1.37
2018.02.05 12:52:35.414,1.08676,1.08698,2.06,1.25
2018.02.05 12:52:35.927,1.08676,1.08698,2.06,1.44
2018.02.05 12:52:36.306,1.08675,1.08692,1.25,1.00
2018.02.05 12:52:36.459,1.0867,1.0869,1.63,1.12
2018.02.05 12:52:36.664,1.08669,1.0869,1.56,1.69
2018.02.05 12:52:38.415,1.0867,1.08689,1.56,1.00
2018.02.05 12:52:38.953,1.0867,1.08691,2.00,1.88
2018.02.05 12:52:39.131,1.08673,1.08692,1.00,1.25
2018.02.05 12:52:39.390,1.08671,1.08692,1.50,1.38
2018.02.05 12:52:39.493,1.08671,1.08692,1.88,1.38
2018.02.05 12:52:40.011,1.08674,1.08695,1.13,1.38
2018.02.05 12:52:40.595,1.08674,1.08697,1.44,2.81
2018.02.05 12:52:40.735,1.08674,1.08696,1.38,1.94
2018.02.05 12:52:41.150,1.08674,1.08696,1.88,1.44
2018.02.05 12:52:41.657,1.08675,1.08698,1.38,1.31
2018.02.05 12:52:41.861,1.08675,1.08696,1.63,1.50
2018.02.05 12:52:42.533,1.08676,1.08696,1.38,1.00
2018.02.05 12:52:44.637,1.08676,1.08696,1.38,1.38
2018.02.05 12:52:45.134,1.08677,1.087,1.38,2.06
2018.02.05 12:52:45.872,1.08681,1.08702,1.00,1.69
2018.02.05 12:52:46.177,1.08681,1.08702,1.88,1.13
2018.02.05 12:52:46.692,1.08681,1.08703,1.44,1.50
2018.02.05 12:52:46.874,1.0868,1.08703,1.50,1.50
2018.02.05 12:52:47.417,1.0868,1.08704,2.25,2.19
2018.02.05 12:52:48.025,1.08682,1.08703,1.50,1.38
2018.02.05 12:52:48.672,1.08684,1.08705,1.44,2.06
2018.02.05 12:52:48.951,1.08687,1.08707,1.50,1.63
2018.02.05 12:52:49.200,1.08688,1.0871,1.69,1.75
2018.02.05 12:52:49.353,1.08686,1.08708,1.88,1.38
2018.02.05 12:52:49.404,1.08686,1.0871,1.69,2.44
2018.02.05 12:52:49.455,1.08685,1.08705,2.25,1.38
2018.02.05 12:52:49.974,1.08686,1.08706,1.88,1.38
2018.02.05 12:52:50.548,1.08685,1.08708,1.44,2.06
2018.02.05 12:52:51.221,1.08684,1.08708,1.88,1.31
2018.02.05 12:52:51.819,1.08684,1.08707,2.25,1.56
2018.02.05 12:52:54.269,1.08684,1.08704,1.44,1.63
2018.02.05 12:52:54.371,1.08683,1.08706,1.38,2.44
2018.02.05 12:52:55.128,1.08681,1.08705,3.00,1.56
2018.02.05 12:52:55.196,1.08681,1.08705,2.62,1.56
2018.02.05 12:52:55.556,1.0868,1.08699,1.12,1.44
2018.02.05 12:52:56.101,1.08678,1.08698,1.44,1.38
2018.02.05 12:52:56.666,1.08677,1.08699,1.88,1.50
2018.02.05 12:52:57.316,1.08679,1.08698,1.19,1.38
2018.02.05 12:52:57.988,1.08679,1.08698,1.19,1.38
2018.02.05 12:52:58.894,1.08679,1.08699,1.00,1.50
2018.02.05 12:52:59.412,1.08677,1.08698,1.88,1.38
2018.02.05 12:52:59.965,1.08677,1.08698,1.75,1.56
2018.02.05 12:53:00.460,1.08681,1.08698,1.25,1.00
2018.02.05 12:53:00.650,1.08688,1.08707,1.37,1.00
2018.02.05 12:53:00.701,1.08686,1.08707,2.06,2.00
2018.02.05 12:53:01.071,1.08684,1.08705,2.44,1.38
2018.02.05 12:53:01.248,1.08684,1.08706,1.50,1.38
2018.02.05 12:53:01.458,1.08684,1.08705,1.69,1.38
2018.02.05 12:53:02.005,1.08685,1.08706,1.13,1.38
2018.02.05 12:53:02.343,1.08685,1.08703,1.00,1.38
2018.02.05 12:53:02.447,1.08683,1.08704,1.00,2.06
2018.02.05 12:53:03.051,1.08683,1.08703,1.13,1.56
2018.02.05 12:53:03.102,1.08683,1.08705,1.00,1.81
2018.02.05 12:53:03.204,1.08683,1.08704,1.25,1.50
2018.02.05 12:53:03.306,1.0868,1.08697,1.25,1.00
2018.02.05 12:53:03.462,1.08677,1.08698,1.88,1.31
2018.02.05 12:53:03.513,1.08677,1.08694,1.38,1.00
2018.02.05 12:53:03.564,1.08677,1.08695,1.00,1.00
2018.02.05 12:53:03.806,1.08683,1.08706,1.00,2.25
2018.02.05 12:53:04.170,1.08684,1.08706,1.19,2.06
2018.02.05 12:53:04.660,1.08684,1.08706,1.88,2.06
2018.02.05 12:53:05.302,1.08685,1.08707,1.88,1.13
2018.02.05 12:53:06.019,1.08685,1.08707,1.31,1.75
2018.02.05 12:53:06.283,1.08685,1.08707,1.13,1.88
2018.02.05 12:53:06.386,1.08683,1.08706,2.06,1.31
2018.02.05 12:53:06.517,1.08681,1.087,1.00,1.25
2018.02.05 12:53:06.669,1.08681,1.087,1.13,1.63
2018.02.05 12:53:07.639,1.08678,1.08699,2.63,1.13
2018.02.05 12:53:08.155,1.08679,1.087,1.69,1.38
2018.02.05 12:53:08.733,1.08679,1.087,1.75,1.00
2018.02.05 12:53:08.835,1.08681,1.087,1.00,1.38
2018.02.05 12:53:08.938,1.08679,1.08699,1.25,1.38
2018.02.05 12:53:09.142,1.08676,1.08695,1.69,1.44
2018.02.05 12:53:09.703,1.08676,1.08695,1.38,1.38
2018.02.05 12:53:11.445,1.08676,1.08696,1.13,1.38
2018.02.05 12:53:11.979,1.08673,1.08697,2.06,1.13
2018.02.05 12:53:12.388,1.08674,1.08697,1.25,1.12
2018.02.05 12:53:12.936,1.08674,1.08697,1.87,1.88
2018.02.05 12:53:14.395,1.08672,1.08695,1.63,1.75
2018.02.05 12:53:14.704,1.08665,1.08686,1.56,1.25
2018.02.05 12:53:15.026,1.08669,1.08691,1.50,1.69
2018.02.05 12:53:15.079,1.08669,1.08693,3.94,1.31
2018.02.05 12:53:15.185,1.08672,1.08694,3.00,1.81
2018.02.05 12:53:15.561,1.08673,1.08695,1.63,1.50
2018.02.05 12:53:16.097,1.08672,1.08694,1.69,1.13
2018.02.05 12:53:16.808,1.08672,1.08695,2.44,1.13
2018.02.05 12:53:17.820,1.08672,1.08694,2.06,1.13
2018.02.05 12:53:18.332,1.08672,1.08695,2.44,1.25
2018.02.05 12:53:18.896,1.08675,1.08698,1.88,2.25
2018.02.05 12:53:19.217,1.08675,1.08697,2.44,1.25
2018.02.05 12:53:19.748,1.08675,1.08697,2.81,1.13
2018.02.05 12:53:21.372,1.08679,1.08697,1.13,1.38
2018.02.05 12:53:21.474,1.08677,1.08697,1.13,1.38
2018.02.05 12:53:22.064,1.08674,1.08696,2.44,1.25
2018.02.05 12:53:23.437,1.08678,1.087,1.88,2.06
2018.02.05 12:53:23.489,1.08676,1.08698,1.25,1.69
2018.02.05 12:53:23.541,1.08673,1.08694,1.88,1.00
2018.02.05 12:53:23.593,1.08673,1.08691,1.38,1.25
2018.02.05 12:53:23.645,1.08673,1.08694,1.13,2.25
2018.02.05 12:53:23.697,1.08673,1.08692,1.13,1.88
2018.02.05 12:53:23.803,1.08669,1.08692,1.50,1.88
2018.02.05 12:53:24.057,1.08669,1.08691,1.50,2.06
2018.02.05 12:53:24.368,1.08666,1.08688,1.88,1.44
2018.02.05 12:53:24.624,1.08666,1.08687,1.88,1.38
2018.02.05 12:53:24.779,1.08666,1.08691,3.56,3.94
2018.02.05 12:53:24.954,1.08666,1.08691,2.44,1.69
2018.02.05 12:53:25.693,1.08668,1.08691,2.00,1.69
2018.02.05 12:53:26.730,1.08668,1.08692,1.38,3.00
2018.02.05 12:53:27.052,1.08669,1.08692,1.50,1.69
2018.02.05 12:53:27.680,1.08668,1.08692,1.38,1.69
2018.02.05 12:53:28.445,1.08669,1.08694,2.00,5.25
2018.02.05 12:53:28.503,1.0867,1.08693,1.31,1.75
2018.02.05 12:53:28.554,1.08671,1.08694,1.13,2.25
2018.02.05 12:53:28.708,1.08671,1.08693,1.88,1.38
2018.02.05 12:53:29.159,1.0867,1.08694,2.44,1.50
2018.02.05 12:53:29.700,1.08671,1.08693,1.13,1.38
2018.02.05 12:53:30.004,1.08674,1.08693,1.00,1.88
2018.02.05 12:53:30.300,1.0867,1.08691,1.31,1.38
2018.02.05 12:53:30.977,1.08671,1.08691,1.38,1.38
2018.02.05 12:53:31.659,1.0867,1.08692,1.13,1.38
2018.02.05 12:53:32.234,1.08671,1.08694,1.50,1.50
2018.02.05 12:53:32.598,1.08672,1.08694,1.38,1.75
2018.02.05 12:53:33.193,1.08672,1.08694,1.75,1.75
2018.02.05 12:53:33.713,1.08672,1.08694,1.75,1.94
2018.02.05 12:53:34.230,1.08672,1.08693,1.13,1.50
2018.02.05 12:53:34.755,1.08673,1.08693,1.38,1.38
2018.02.05 12:53:35.293,1.08673,1.08694,1.13,1.13
2018.02.05 12:53:35.706,1.08675,1.08698,1.25,3.37
2018.02.05 12:53:35.759,1.08672,1.08692,1.25,1.38
2018.02.05 12:53:35.811,1.08667,1.08692,2.63,1.38
2018.02.05 12:53:35.863,1.0867,1.08691,1.75,1.69
2018.02.05 12:53:35.967,1.0867,1.08693,2.25,2.25
2018.02.05 12:53:36.020,1.08671,1.08692,2.00,1.44
2018.02.05 12:53:36.368,1.08671,1.08693,1.88,1.63
2018.02.05 12:53:36.641,1.0867,1.08689,1.50,1.44
2018.02.05 12:53:37.241,1.0867,1.0869,1.31,1.44
2018.02.05 12:53:37.383,1.08668,1.08691,1.31,1.31
2018.02.05 12:53:37.752,1.0867,1.0869,1.00,1.50
2018.02.05 12:53:38.264,1.08666,1.0869,2.06,2.06
2018.02.05 12:53:38.571,1.08666,1.08689,1.38,1.56
2018.02.05 12:53:39.243,1.08665,1.08689,2.44,1.63
2018.02.05 12:53:40.154,1.08665,1.08687,2.06,2.06
2018.02.05 12:53:40.206,1.08663,1.08684,1.69,1.00
2018.02.05 12:53:40.717,1.08665,1.08686,2.00,1.31
2018.02.05 12:53:41.241,1.08667,1.08689,1.00,1.56
2018.02.05 12:53:41.702,1.08667,1.08689,1.38,1.56
2018.02.05 12:53:42.428,1.08668,1.08689,1.44,1.63
2018.02.05 12:53:42.814,1.08664,1.08687,1.88,1.38
2018.02.05 12:53:42.865,1.08664,1.08685,1.38,1.38
2018.02.05 12:53:42.968,1.08663,1.08684,1.63,1.00
2018.02.05 12:53:43.123,1.08663,1.08682,1.88,1.00
2018.02.05 12:53:43.175,1.08663,1.08685,1.56,2.25
2018.02.05 12:53:43.277,1.08663,1.08684,1.63,1.00
2018.02.05 12:53:43.788,1.08663,1.08684,2.06,1.69
2018.02.05 12:53:43.840,1.08666,1.08687,1.31,1.13
2018.02.05 12:53:44.374,1.08666,1.08688,1.38,1.63
2018.02.05 12:53:45.002,1.08667,1.08688,1.13,1.38
2018.02.05 12:53:45.718,1.0867,1.0869,1.13,1.88
2018.02.05 12:53:46.220,1.08671,1.08691,1.00,1.38
2018.02.05 12:53:46.730,1.0867,1.08691,1.75,1.63
2018.02.05 12:53:48.405,1.08665,1.08685,1.38,1.50
2018.02.05 12:53:48.457,1.08661,1.08682,1.56,1.00
2018.02.05 12:53:48.559,1.0866,1.08682,2.81,1.44
2018.02.05 12:53:48.714,1.0866,1.08683,2.06,1.50
2018.02.05 12:53:51.344,1.0866,1.08682,1.69,1.25
2018.02.05 12:53:52.154,1.0866,1.08684,3.19,3.00
2018.02.05 12:53:52.361,1.08658,1.08679,2.06,1.00
2018.02.05 12:53:52.550,1.08658,1.08678,2.06,1.00
2018.02.05 12:53:52.758,1.0866,1.08679,1.19,1.00
2018.02.05 12:53:53.283,1.08658,1.08678,1.50,1.00
2018.02.05 12:53:53.336,1.0866,1.08681,1.31,1.50
2018.02.05 12:53:53.440,1.08664,1.08684,1.25,1.38
2018.02.05 12:53:53.492,1.0866,1.08684,1.75,1.88
2018.02.05 12:53:53.595,1.08658,1.08682,2.06,2.25
2018.02.05 12:53:53.770,1.08657,1.08681,3.19,1.25
2018.02.05 12:53:53.823,1.08662,1.08684,1.31,1.25
2018.02.05 12:53:53.875,1.08662,1.08682,1.69,1.00
2018.02.05 12:53:54.336,1.08662,1.08684,1.88,1.31
2018.02.05 12:53:54.613,1.08666,1.08688,1.50,1.56
2018.02.05 12:53:54.665,1.08669,1.08689,1.00,1.56
2018.02.05 12:53:54.882,1.08666,1.08689,1.81,2.44
2018.02.05 12:53:55.504,1.08666,1.08686,1.81,1.00
2018.02.05 12:53:56.582,1.08664,1.08683,1.31,1.00
2018.02.05 12:53:57.145,1.08665,1.08683,1.56,1.00
2018.02.05 12:53:57.247,1.08664,1.08686,1.63,1.13
2018.02.05 12:53:58.747,1.08663,1.08685,1.69,1.13
2018.02.05 12:53:59.262,1.08663,1.08685,1.69,1.38
2018.02.05 12:54:01.223,1.08664,1.08686,1.69,1.31
2018.02.05 12:54:01.735,1.08664,1.08688,1.38,2.44
2018.02.05 12:54:02.283,1.08664,1.08688,2.25,3.19
2018.02.05 12:54:03.013,1.08664,1.08688,1.31,2.63
2018.02.05 12:54:03.166,1.08667,1.08688,1.56,1.88
2018.02.05 12:54:03.704,1.08667,1.08688,1.56,1.25
2018.02.05 12:54:04.295,1.08669,1.0869,1.88,1.25
2018.02.05 12:54:04.856,1.0867,1.08692,1.75,1.88
2018.02.05 12:54:04.960,1.08667,1.08687,1.31,1.00
2018.02.05 12:54:05.063,1.08665,1.08689,4.13,1.00
2018.02.05 12:54:05.257,1.08665,1.08689,4.88,1.25
2018.02.05 12:54:05.771,1.08668,1.08692,1.88,3.56
2018.02.05 12:54:06.108,1.08668,1.08691,1.88,1.31
2018.02.05 12:54:06.688,1.0867,1.08691,1.13,1.44
2018.02.05 12:54:07.345,1.0867,1.08691,1.13,1.25
2018.02.05 12:54:07.396,1.08668,1.08688,2.25,1.00
2018.02.05 12:54:07.450,1.08666,1.08686,2.06,1.00
2018.02.05 12:54:08.000,1.08665,1.08685,1.69,1.25
2018.02.05 12:54:08.528,1.08665,1.08683,1.69,1.00
2018.02.05 12:54:09.037,1.08665,1.08686,1.19,1.25
2018.02.05 12:54:09.589,1.08664,1.08685,1.94,1.25
2018.02.05 12:54:10.938,1.08664,1.08686,1.31,2.44
2018.02.05 12:54:10.989,1.08664,1.08684,1.56,1.00
2018.02.05 12:54:11.200,1.08664,1.08688,2.06,1.63
2018.02.05 12:54:11.464,1.08664,1.08682,1.56,1.00
2018.02.05 12:54:11.568,1.08662,1.08683,1.69,1.00
2018.02.05 12:54:12.087,1.08662,1.08682,1.63,1.13
2018.02.05 12:54:13.344,1.08662,1.08683,1.38,1.13
2018.02.05 12:54:13.954,1.08662,1.08682,1.63,1.13
2018.02.05 12:54:14.668,1.08662,1.08682,1.63,1.13
2018.02.05 12:54:14.997,1.08662,1.08682,1.63,1.13
2018.02.05 12:54:18.700,1.08662,1.08682,1.38,1.44
2018.02.05 12:54:18.906,1.0866,1.08681,1.63,1.88
2018.02.05 12:54:19.069,1.08656,1.08678,1.81,2.44
2018.02.05 12:54:19.582,1.08655,1.08677,2.06,1.25
2018.02.05 12:54:20.006,1.08656,1.08677,1.56,1.00
2018.02.05 12:54:20.190,1.08656,1.08678,1.56,1.12
2018.02.05 12:54:20.615,1.08655,1.08675,1.63,1.37
2018.02.05 12:54:21.028,1.08653,1.08677,3.56,2.06
2018.02.05 12:54:21.182,1.08654,1.08677,2.06,1.87
2018.02.05 12:54:21.512,1.08658,1.08679,1.31,1.44
2018.02.05 12:54:21.614,1.08658,1.08681,1.25,2.25
2018.02.05 12:54:21.716,1.08657,1.08681,2.06,2.25
2018.02.05 12:54:22.049,1.08661,1.08683,1.38,1.88
2018.02.05 12:54:22.640,1.0866,1.08683,2.25,1.50
2018.02.05 12:54:23.334,1.0866,1.08683,2.25,1.50
2018.02.05 12:54:23.859,1.08661,1.08686,1.38,3.94
2018.02.05 12:54:24.291,1.08661,1.08684,2.06,1.38
2018.02.05 12:54:24.803,1.08662,1.08684,1.38,1.75
2018.02.05 12:54:26.504,1.08662,1.08685,2.25,1.38
2018.02.05 12:54:27.058,1.08662,1.08685,2.25,1.38
2018.02.05 12:54:27.594,1.08662,1.08685,2.25,1.38
2018.02.05 12:54:28.229,1.08662,1.08685,2.44,1.38
2018.02.05 12:54:28.331,1.08662,1.08685,2.25,1.19
2018.02.05 12:54:28.865,1.08663,1.08685,1.12,1.87
2018.02.05 12:54:29.019,1.08663,1.08685,1.31,2.06
2018.02.05 12:54:29.121,1.08663,1.08685,1.13,1.13
2018.02.05 12:54:29.533,1.08663,1.08685,1.31,2.06
2018.02.05 12:54:29.585,1.08663,1.08685,1.13,1.13
2018.02.05 12:54:29.756,1.08664,1.08685,1.50,1.38
2018.02.05 12:54:30.227,1.08664,1.08686,1.50,1.31
2018.02.05 12:54:30.381,1.08664,1.08685,1.50,1.75
2018.02.05 12:54:30.562,1.08661,1.08684,1.50,1.31
2018.02.05 12:54:30.614,1.08661,1.08683,1.50,1.12
2018.02.05 12:54:31.141,1.08661,1.08683,1.50,1.44
2018.02.05 12:54:31.743,1.08661,1.08684,1.50,1.69
2018.02.05 12:54:34.931,1.08661,1.08684,1.38,2.44
2018.02.05 12:54:36.305,1.08661,1.08684,1.38,2.06
2018.02.05 12:54:36.935,1.08661,1.08684,1.38,2.06
2018.02.05 12:54:39.107,1.08661,1.08684,1.38,1.69
2018.02.05 12:54:40.457,1.08668,1.08683,1.00,1.00
2018.02.05 12:54:40.562,1.08668,1.08691,1.00,3.94
2018.02.05 12:54:40.614,1.08667,1.08688,1.00,1.62
2018.02.05 12:54:40.717,1.08663,1.08686,1.31,1.50
2018.02.05 12:54:40.851,1.08663,1.08683,1.00,1.00
2018.02.05 12:54:40.954,1.08664,1.08686,1.00,2.06
2018.02.05 12:54:41.006,1.08669,1.08687,1.00,1.25
2018.02.05 12:54:41.058,1.08668,1.0869,1.12,1.19
2018.02.05 12:54:41.162,1.08668,1.08692,1.50,3.37
2018.02.05 12:54:41.318,1.08666,1.08687,1.00,1.62
2018.02.05 12:54:41.370,1.08663,1.08686,1.31,1.12
2018.02.05 12:54:41.473,1.08664,1.08685,1.87,1.00
2018.02.05 12:54:41.590,1.08664,1.08688,2.25,2.06
2018.02.05 12:54:41.743,1.08664,1.08686,1.38,2.44
2018.02.05 12:54:42.274,1.08664,1.08686,1.44,3.37
2018.02.05 12:54:42.325,1.08664,1.08686,1.25,2.62
2018.02.05 12:54:42.617,1.08664,1.08687,1.88,1.75
2018.02.05 12:54:43.233,1.08664,1.08687,1.69,1.81
2018.02.05 12:54:43.599,1.08664,1.08688,2.06,1.88
2018.02.05 12:54:44.559,1.0867,1.08689,1.00,1.00
2018.02.05 12:54:44.716,1.08668,1.08689,1.31,1.00
2018.02.05 12:54:44.869,1.08673,1.08688,1.00,1.87
2018.02.05 12:54:44.921,1.08665,1.08687,1.63,2.06
2018.02.05 12:54:45.231,1.08666,1.08689,1.88,1.69
2018.02.05 12:54:45.540,1.08668,1.0869,1.50,1.31
2018.02.05 12:54:45.719,1.08667,1.0869,1.25,1.13
2018.02.05 12:54:46.235,1.08666,1.08689,1.44,1.50
2018.02.05 12:54:46.844,1.08665,1.08687,1.50,1.12
2018.02.05 12:54:47.538,1.08662,1.08685,2.81,2.25
2018.02.05 12:54:48.067,1.08662,1.08685,1.88,2.25
2018.02.05 12:54:48.878,1.08662,1.08685,1.88,1.50
2018.02.05 12:54:49.547,1.08663,1.08685,1.38,2.06
2018.02.05 12:54:50.287,1.08662,1.08685,1.88,1.50
2018.02.05 12:54:50.950,1.08663,1.08685,1.38,2.06
2018.02.05 12:54:51.123,1.08662,1.08685,1.88,1.50
2018.02.05 12:54:52.104,1.08663,1.08685,1.38,2.06
2018.02.05 12:54:52.988,1.08662,1.08684,1.88,1.00
2018.02.05 12:54:54.402,1.08663,1.08684,1.38,1.31
2018.02.05 12:54:54.989,1.08665,1.08685,1.38,1.13
2018.02.05 12:54:55.041,1.08668,1.08685,1.00,1.25
2018.02.05 12:54:55.364,1.08664,1.08686,1.62,3.38
2018.02.05 12:54:55.416,1.08663,1.08682,2.44,1.00
2018.02.05 12:54:55.468,1.08663,1.08686,1.25,1.81
2018.02.05 12:54:55.572,1.08663,1.08685,1.38,1.50
2018.02.05 12:54:56.262,1.08664,1.08687,1.50,2.06
2018.02.05 12:54:56.860,1.08663,1.08686,1.50,1.88
2018.02.05 12:54:57.454,1.08664,1.08686,1.38,1.44
2018.02.05 12:54:57.962,1.08665,1.08687,1.38,2.06
2018.02.05 12:54:58.469,1.08667,1.08687,1.44,1.31
2018.02.05 12:54:58.778,1.08664,1.08687,1.50,3.19
2018.02.05 12:55:00.055,1.08666,1.08686,1.50,1.63
2018.02.05 12:55:00.789,1.08665,1.08688,1.88,4.88
2018.02.05 12:55:01.393,1.08665,1.08688,1.88,4.88
2018.02.05 12:55:02.712,1.08666,1.08687,1.00,1.50
2018.02.05 12:55:03.061,1.08666,1.08688,1.44,2.63
2018.02.05 12:55:03.528,1.08665,1.08685,1.38,1.00
2018.02.05 12:55:03.682,1.08666,1.08687,1.38,2.06
2018.02.05 12:55:04.737,1.08665,1.08687,1.69,2.00
2018.02.05 12:55:05.376,1.08666,1.08687,1.13,1.94
2018.02.05 12:55:05.993,1.08666,1.08687,1.13,1.94
2018.02.05 12:55:06.688,1.08666,1.08687,1.38,1.94
2018.02.05 12:55:11.001,1.08665,1.08685,1.87,1.38
2018.02.05 12:55:11.105,1.08663,1.08684,1.13,1.38
2018.02.05 12:55:11.208,1.08662,1.08684,1.50,1.38
2018.02.05 12:55:11.729,1.08663,1.08685,1.38,1.50
2018.02.05 12:55:12.486,1.08664,1.08685,1.38,1.69
2018.02.05 12:55:12.641,1.08661,1.08684,1.69,1.94
2018.02.05 12:55:12.845,1.08661,1.08684,1.88,2.25
2018.02.05 12:55:13.158,1.08661,1.08684,1.88,2.06
2018.02.05 12:55:13.633,1.08662,1.08684,1.38,1.38
2018.02.05 12:55:14.203,1.08663,1.08684,1.38,1.63
2018.02.05 12:55:14.796,1.08663,1.08684,1.38,1.63
2018.02.05 12:55:15.009,1.08662,1.08684,1.38,1.38
2018.02.05 12:55:16.243,1.08663,1.08684,1.38,1.50
2018.02.05 12:55:17.347,1.08662,1.08684,1.38,1.50
2018.02.05 12:55:18.357,1.08662,1.08684,1.38,1.50
2018.02.05 12:55:19.041,1.08663,1.08684,1.38,1.69
2018.02.05 12:55:19.781,1.08663,1.08684,1.38,2.63
2018.02.05 12:55:19.833,1.08662,1.08684,1.38,2.63
2018.02.05 12:55:20.223,1.08663,1.08683,1.38,1.38
2018.02.05 12:55:20.377,1.08662,1.08684,1.38,2.25
2018.02.05 12:55:20.959,1.08663,1.08684,1.38,2.63
2018.02.05 12:55:21.473,1.08663,1.08684,1.88,1.38
2018.02.05 12:55:22.405,1.08664,1.08684,1.38,1.88
2018.02.05 12:55:23.508,1.08672,1.08691,1.50,1.00
2018.02.05 12:55:23.560,1.08675,1.08693,1.00,1.25
2018.02.05 12:55:23.613,1.08675,1.08695,1.00,1.56
2018.02.05 12:55:23.717,1.08674,1.08694,1.12,1.00
2018.02.05 12:55:24.028,1.08673,1.08694,1.88,1.44
2018.02.05 12:55:24.340,1.08675,1.08694,1.12,1.56
2018.02.05 12:55:25.165,1.08675,1.08694,1.12,1.81
2018.02.05 12:55:26.240,1.08675,1.08694,1.00,1.81
2018.02.05 12:55:26.729,1.08673,1.08693,1.00,1.56
2018.02.05 12:55:27.265,1.08672,1.08693,1.25,1.81
2018.02.05 12:55:28.460,1.08673,1.08692,1.25,1.56
2018.02.05 12:55:28.970,1.0867,1.08692,1.50,2.25
2018.02.05 12:55:29.588,1.0867,1.08692,1.50,1.94
2018.02.05 12:55:29.896,1.08679,1.08697,1.00,1.38
2018.02.05 12:55:29.948,1.08677,1.08697,2.25,1.00
2018.02.05 12:55:30.242,1.08678,1.08698,1.25,1.50
2018.02.05 12:55:30.348,1.08683,1.08701,1.00,2.44
2018.02.05 12:55:30.451,1.08682,1.08702,1.00,1.56
2018.02.05 12:55:31.277,1.08683,1.08702,1.00,1.56
2018.02.05 12:55:33.545,1.08682,1.08704,2.06,1.56
2018.02.05 12:55:34.241,1.08683,1.08703,1.25,1.94
2018.02.05 12:55:34.840,1.08682,1.08703,1.31,1.56
2018.02.05 12:55:35.582,1.08685,1.08705,1.00,1.63
2018.02.05 12:55:35.634,1.08687,1.08707,1.00,1.25
2018.02.05 12:55:35.839,1.08686,1.08708,1.00,3.19
2018.02.05 12:55:35.890,1.08684,1.08708,1.87,1.81
2018.02.05 12:55:36.044,1.08684,1.08707,1.87,1.87
2018.02.05 12:55:36.385,1.08681,1.08705,2.25,1.56
2018.02.05 12:55:36.940,1.08681,1.08705,1.75,1.13
2018.02.05 12:55:37.452,1.08682,1.08704,1.00,1.56
2018.02.05 12:55:37.773,1.08683,1.08707,3.00,1.31
2018.02.05 12:55:37.824,1.08681,1.08706,1.69,2.06
2018.02.05 12:55:37.926,1.08681,1.08704,1.19,1.44
2018.02.05 12:55:38.028,1.0868,1.08704,1.94,2.06
2018.02.05 12:55:38.997,1.08679,1.08704,2.81,1.56
2018.02.05 12:55:40.525,1.0868,1.08703,1.13,1.38
2018.02.05 12:55:40.629,1.0868,1.08702,1.25,1.38
2018.02.05 12:55:40.732,1.08677,1.08701,2.63,1.56
2018.02.05 12:55:41.264,1.08677,1.08701,1.88,1.31
2018.02.05 12:55:41.772,1.08677,1.08702,1.88,2.44
2018.02.05 12:55:43.533,1.08676,1.08702,2.63,1.88
2018.02.05 12:55:44.058,1.08677,1.08702,1.13,2.19
2018.02.05 12:55:44.597,1.08678,1.08702,1.88,1.56
2018.02.05 12:55:46.035,1.08679,1.08702,1.88,1.56
2018.02.05 12:55:46.086,1.08678,1.08702,1.50,1.56
2018.02.05 12:55:46.291,1.08679,1.08703,2.06,2.44
2018.02.05 12:55:46.600,1.08678,1.08703,1.38,2.81
2018.02.05 12:55:47.347,1.08681,1.08703,1.38,2.44
2018.02.05 12:55:47.892,1.08687,1.08707,1.00,3.00
2018.02.05 12:55:48.301,1.08684,1.08706,1.44,1.88
2018.02.05 12:55:48.352,1.08687,1.08709,1.00,2.63
2018.02.05 12:55:48.610,1.08695,1.08715,1.00,2.81
2018.02.05 12:55:48.816,1.08693,1.08714,1.69,1.81
2018.02.05 12:55:49.840,1.08693,1.08714,1.50,1.81
2018.02.05 12:55:50.347,1.08692,1.08714,1.00,1.81
2018.02.05 12:55:50.804,1.08692,1.08715,1.50,3.00
2018.02.05 12:55:50.907,1.08692,1.08715,1.31,2.06
2018.02.05 12:55:51.289,1.08692,1.08714,1.12,1.12
2018.02.05 12:55:51.342,1.08689,1.08713,1.31,1.37
2018.02.05 12:55:51.395,1.08689,1.08713,1.31,1.00
2018.02.05 12:55:51.447,1.08691,1.08714,1.19,1.69
2018.02.05 12:55:51.942,1.08691,1.08711,1.31,1.00
2018.02.05 12:55:51.994,1.08692,1.08714,1.63,1.31
2018.02.05 12:55:52.047,1.08695,1.08714,1.00,1.63
2018.02.05 12:55:52.354,1.08692,1.08714,1.31,2.81
2018.02.05 12:55:52.611,1.08688,1.0871,1.69,1.63
2018.02.05 12:55:52.664,1.08686,1.0871,1.19,1.63
2018.02.05 12:55:52.745,1.08688,1.0871,1.50,1.69
2018.02.05 12:55:52.848,1.08686,1.08709,1.50,1.69
2018.02.05 12:55:53.006,1.08689,1.08709,1.00,1.56
2018.02.05 12:55:53.057,1.08688,1.0871,1.00,1.69
2018.02.05 12:55:53.108,1.08689,1.08711,1.44,2.25
2018.02.05 12:55:53.664,1.08689,1.08711,1.13,2.06
2018.02.05 12:55:55.791,1.0869,1.08712,1.13,1.75
2018.02.05 12:55:56.738,1.0869,1.08712,1.50,2.25
2018.02.05 12:55:57.259,1.08689,1.08712,1.88,2.25
2018.02.05 12:55:57.613,1.08691,1.08712,1.13,1.88
2018.02.05 12:55:58.137,1.08692,1.08715,1.88,2.25
2018.02.05 12:55:58.719,1.08695,1.08716,1.69,1.56
2018.02.05 12:55:58.771,1.08699,1.08716,1.00,1.56
2018.02.05 12:55:58.926,1.08698,1.0872,2.06,1.63
2018.02.05 12:55:59.162,1.08702,1.08722,1.00,2.25
2018.02.05 12:55:59.920,1.08702,1.08722,1.00,1.94
2018.02.05 12:56:00.022,1.08702,1.08722,1.00,1.63
2018.02.05 12:56:00.562,1.08702,1.08723,1.00,3.00
2018.02.05 12:56:01.213,1.08702,1.08724,1.25,2.81
2018.02.05 12:56:01.596,1.08702,1.08725,1.38,2.00
2018.02.05 12:56:02.127,1.08701,1.08725,1.69,2.06
2018.02.05 12:56:02.279,1.08701,1.08725,2.06,1.94
2018.02.05 12:56:03.023,1.08701,1.08725,1.50,1.88
2018.02.05 12:56:03.712,1.087,1.08722,1.31,2.25
2018.02.05 12:56:03.920,1.08696,1.08721,2.63,1.13
2018.02.05 12:56:04.593,1.08698,1.08721,1.00,2.63
2018.02.05 12:56:05.098,1.08698,1.08721,1.00,1.88
2018.02.05 12:56:05.773,1.08697,1.08721,1.00,2.25
2018.02.05 12:56:05.824,1.08699,1.08719,1.44,1.38
2018.02.05 12:56:05.925,1.08696,1.08719,1.31,1.38
2018.02.05 12:56:06.282,1.08696,1.08719,1.31,2.06
2018.02.05 12:56:06.384,1.08694,1.08719,1.38,2.44
2018.02.05 12:56:06.588,1.08694,1.08716,1.13,1.56
2018.02.05 12:56:06.690,1.08694,1.08717,1.19,2.63
2018.02.05 12:56:06.919,1.08692,1.08712,2.19,1.00
2018.02.05 12:56:09.034,1.08691,1.08713,1.13,1.00
2018.02.05 12:56:09.671,1.08691,1.08712,1.13,1.00
2018.02.05 12:56:10.262,1.0869,1.08713,2.63,1.00
2018.02.05 12:56:11.030,1.08696,1.08715,1.50,1.25
2018.02.05 12:56:11.242,1.08697,1.08719,1.38,1.13
2018.02.05 12:56:11.746,1.08697,1.08719,1.13,1.63
2018.02.05 12:56:12.055,1.08697,1.0872,1.50,1.31
2018.02.05 12:56:12.209,1.08697,1.08721,1.13,2.06
2018.02.05 12:56:12.740,1.08697,1.08721,2.25,1.56
2018.02.05 12:56:12.921,1.08697,1.08721,1.13,1.50
2018.02.05 12:56:13.682,1.08697,1.08721,2.25,1.75
2018.02.05 12:56:15.386,1.08697,1.08721,1.88,1.56
2018.02.05 12:56:15.440,1.08694,1.08718,1.88,2.63
2018.02.05 12:56:15.543,1.08692,1.08714,1.37,1.00
2018.02.05 12:56:15.646,1.08692,1.08713,1.63,1.44
2018.02.05 12:56:16.245,1.08693,1.08714,1.00,1.44
2018.02.05 12:56:16.791,1.08693,1.08714,1.44,1.63
2018.02.05 12:56:16.843,1.0869,1.08714,1.75,1.13
2018.02.05 12:56:17.466,1.0869,1.08713,1.75,1.75
2018.02.05 12:56:17.941,1.08697,1.08716,1.19,1.00
2018.02.05 12:56:17.994,1.08706,1.08718,1.00,1.69
2018.02.05 12:56:18.097,1.08703,1.08724,1.37,1.44
2018.02.05 12:56:18.148,1.08703,1.08723,1.00,1.38
2018.02.05 12:56:18.199,1.08707,1.08727,1.00,1.13
2018.02.05 12:56:18.250,1.08707,1.08727,1.00,1.13
2018.02.05 12:56:18.403,1.08701,1.08722,1.00,1.13
2018.02.05 12:56:18.454,1.08698,1.08722,1.38,1.75
2018.02.05 12:56:18.505,1.08698,1.08719,1.00,1.38
2018.02.05 12:56:19.054,1.08698,1.08721,1.44,2.06
2018.02.05 12:56:19.116,1.08697,1.08721,1.44,2.06
2018.02.05 12:56:19.547,1.08698,1.08719,1.25,1.56
2018.02.05 12:56:20.059,1.08698,1.08718,1.00,2.25
2018.02.05 12:56:20.590,1.08698,1.08718,1.00,2.63
2018.02.05 12:56:21.585,1.08697,1.08717,1.00,1.56
2018.02.05 12:56:22.100,1.08698,1.08717,1.00,1.88
2018.02.05 12:56:23.103,1.08697,1.08717,1.00,2.25
2018.02.05 12:56:23.659,1.08698,1.08717,1.00,1.13
2018.02.05 12:56:24.255,1.08697,1.08718,1.00,2.44
2018.02.05 12:56:24.768,1.08698,1.08718,1.00,2.44
2018.02.05 12:56:25.288,1.08697,1.08718,1.00,2.44
2018.02.05 12:56:26.990,1.08699,1.08718,1.00,1.94
2018.02.05 12:56:27.300,1.08705,1.08724,1.00,1.94
2018.02.05 12:56:28.271,1.08706,1.08724,1.00,1.56
2018.02.05 12:56:28.324,1.08705,1.08724,1.50,1.69
2018.02.05 12:56:29.003,1.08704,1.08724,1.00,2.63
2018.02.05 12:56:30.512,1.08704,1.08724,1.13,1.56
2018.02.05 12:56:31.029,1.08704,1.08726,1.44,2.19
2018.02.05 12:56:33.238,1.08705,1.08726,1.00,1.75
2018.02.05 12:56:33.611,1.08704,1.08726,1.88,1.56
2018.02.05 12:56:34.313,1.08705,1.08727,1.62,3.00
2018.02.05 12:56:34.690,1.08712,1.08729,1.00,1.50
2018.02.05 12:56:35.188,1.08708,1.0873,1.13,2.44
2018.02.05 12:56:35.241,1.08706,1.08729,3.19,1.13
2018.02.05 12:56:35.293,1.08704,1.08726,1.62,2.00
2018.02.05 12:56:35.396,1.08702,1.08725,2.25,1.50
2018.02.05 12:56:35.819,1.08703,1.08723,1.00,2.25
2018.02.05 12:56:36.336,1.08703,1.08721,1.00,2.44
2018.02.05 12:56:36.387,1.08701,1.08721,1.00,2.44
2018.02.05 12:56:37.722,1.087,1.08721,2.25,2.00
2018.02.05 12:56:40.414,1.08701,1.08721,1.13,1.31
2018.02.05 12:56:40.669,1.08701,1.08721,1.00,1.31
2018.02.05 12:56:40.720,1.08696,1.08719,1.88,2.63
2018.02.05 12:56:41.306,1.08696,1.08718,1.50,1.81
2018.02.05 12:56:42.032,1.08696,1.08718,1.12,2.44
2018.02.05 12:56:42.359,1.08698,1.08721,2.44,2.25
2018.02.05 12:56:42.463,1.08701,1.08721,1.00,1.50
2018.02.05 12:56:42.567,1.08698,1.0872,1.37,1.69
2018.02.05 12:56:42.620,1.08706,1.08725,1.00,3.94
2018.02.05 12:56:43.156,1.08706,1.08725,1.00,2.06
2018.02.05 12:56:43.959,1.08706,1.08724,1.00,1.56
2018.02.05 12:56:44.506,1.08706,1.08723,1.00,2.25
2018.02.05 12:56:44.558,1.08703,1.08723,1.12,2.06
2018.02.05 12:56:45.088,1.08702,1.08723,1.50,2.25
2018.02.05 12:56:46.707,1.087,1.08721,1.00,2.19
2018.02.05 12:56:46.811,1.08696,1.08719,2.25,1.50
2018.02.05 12:56:46.914,1.08697,1.08717,1.00,1.13
2018.02.05 12:56:47.442,1.08696,1.08717,1.50,1.13
2018.02.05 12:56:48.860,1.08695,1.08717,1.31,1.13
2018.02.05 12:56:49.169,1.08695,1.08715,1.00,1.75
2018.02.05 12:56:49.352,1.08696,1.08717,1.00,1.88
2018.02.05 12:56:49.405,1.08699,1.08718,1.00,2.63
2018.02.05 12:56:49.560,1.08694,1.08717,3.38,2.81
2018.02.05 12:56:49.611,1.08694,1.08716,1.69,1.31
2018.02.05 12:56:50.230,1.08695,1.08715,1.00,1.13
2018.02.05 12:56:50.767,1.08694,1.08717,1.50,3.00
2018.02.05 12:56:52.591,1.08694,1.08713,1.50,1.63
2018.02.05 12:56:52.900,1.08695,1.08716,1.25,3.00
2018.02.05 12:56:53.054,1.08695,1.08714,1.25,1.50
2018.02.05 12:56:53.261,1.08698,1.08718,1.00,2.25
2018.02.05 12:56:53.621,1.08696,1.08718,1.25,2.25
2018.02.05 12:56:53.804,1.08699,1.08718,1.00,2.25
2018.02.05 12:56:54.487,1.08698,1.08718,1.00,1.50
2018.02.05 12:56:54.866,1.08694,1.08716,1.81,1.38
2018.02.05 12:56:55.414,1.08697,1.08716,1.25,1.63
2018.02.05 12:56:56.751,1.08696,1.08716,2.06,1.25
2018.02.05 12:56:58.165,1.08695,1.08716,1.75,1.56
2018.02.05 12:56:58.217,1.08698,1.08716,1.44,1.00
2018.02.05 12:56:58.404,1.08702,1.08722,1.00,1.38
2018.02.05 12:56:58.658,1.08703,1.08722,1.38,1.63
2018.02.05 12:56:59.935,1.08707,1.08722,1.00,1.38
2018.02.05 12:56:59.987,1.08708,1.08722,1.00,1.44
2018.02.05 12:57:00.535,1.08709,1.08725,1.00,1.50
2018.02.05 12:57:01.627,1.08708,1.08725,1.00,1.37
2018.02.05 12:57:03.374,1.08709,1.08725,1.00,1.63
2018.02.05 12:57:03.622,1.08707,1.08725,1.25,1.63
2018.02.05 12:57:03.726,1.08703,1.08721,1.25,1.38
2018.02.05 12:57:03.830,1.087,1.08721,1.00,1.63
2018.02.05 12:57:04.045,1.087,1.08721,1.38,1.69
2018.02.05 12:57:04.710,1.087,1.08721,1.44,1.38
2018.02.05 12:57:05.225,1.08703,1.08721,1.00,1.50
2018.02.05 12:57:05.705,1.08702,1.08721,1.37,1.25
2018.02.05 12:57:06.454,1.08703,1.08724,1.13,3.19
2018.02.05 12:57:07.071,1.08704,1.08724,1.38,1.63
2018.02.05 12:57:07.175,1.08701,1.08724,2.25,1.63
2018.02.05 12:57:07.278,1.087,1.08722,2.63,1.44
2018.02.05 12:57:07.483,1.08703,1.08725,1.50,1.75
2018.02.05 12:57:08.053,1.08703,1.08725,1.00,1.50
2018.02.05 12:57:08.978,1.08704,1.08725,1.38,1.56
2018.02.05 12:57:10.997,1.08703,1.08725,1.38,1.50
2018.02.05 12:57:11.504,1.08704,1.08725,1.38,1.75
2018.02.05 12:57:12.555,1.08703,1.08725,1.81,1.50
2018.02.05 12:57:12.830,1.08703,1.08725,1.37,1.19
2018.02.05 12:57:14.225,1.08704,1.08725,1.12,1.37
2018.02.05 12:57:14.794,1.08703,1.08725,1.37,1.44
2018.02.05 12:57:15.961,1.08703,1.08725,1.12,1.44
2018.02.05 12:57:17.280,1.08703,1.08725,1.50,1.44
2018.02.05 12:57:17.332,1.08709,1.08729,1.00,2.06
2018.02.05 12:57:17.446,1.0871,1.08729,1.00,1.12
2018.02.05 12:57:17.498,1.08707,1.08729,1.56,1.12
2018.02.05 12:57:17.911,1.08707,1.0873,1.87,2.81
2018.02.05 12:57:18.016,1.08706,1.0873,1.31,2.81
2018.02.05 12:57:18.326,1.08707,1.08728,1.31,1.12
2018.02.05 12:57:19.049,1.08707,1.08729,1.56,1.25
2018.02.05 12:57:19.585,1.08707,1.08729,2.06,1.00
2018.02.05 12:57:19.893,1.08707,1.08729,2.06,1.19
2018.02.05 12:57:20.068,1.08707,1.08729,2.06,1.12
2018.02.05 12:57:20.221,1.08704,1.08727,2.81,1.50
2018.02.05 12:57:20.374,1.08704,1.08727,1.50,1.87
2018.02.05 12:57:20.979,1.08704,1.08727,1.31,1.87
2018.02.05 12:57:21.542,1.08704,1.08727,1.12,1.87
2018.02.05 12:57:22.045,1.08703,1.08727,3.00,1.75
2018.02.05 12:57:22.581,1.08704,1.08727,1.12,1.75
2018.02.05 12:57:23.521,1.08703,1.08727,2.25,2.44
2018.02.05 12:57:24.030,1.08704,1.08727,1.12,2.44
2018.02.05 12:57:24.245,1.08704,1.08727,1.12,2.44
2018.02.05 12:57:24.525,1.08704,1.08727,1.12,2.44
2018.02.05 12:57:24.628,1.08703,1.08727,1.87,2.25
2018.02.05 12:57:24.832,1.08704,1.08726,1.12,1.69
2018.02.05 12:57:25.361,1.08703,1.08727,1.62,3.19
2018.02.05 12:57:26.279,1.08703,1.08726,1.62,1.12
2018.02.05 12:57:28.131,1.08703,1.08727,1.62,3.56
2018.02.05 12:57:28.665,1.08703,1.08724,1.25,1.00
2018.02.05 12:57:29.379,1.08703,1.08724,1.00,1.19
2018.02.05 12:57:29.945,1.08702,1.08724,1.69,1.50
2018.02.05 12:57:30.822,1.08701,1.08724,3.94,1.50
2018.02.05 12:57:31.291,1.08703,1.08724,1.19,1.50
2018.02.05 12:57:31.999,1.08701,1.08724,3.37,1.25
2018.02.05 12:57:32.678,1.08701,1.08724,3.37,1.62
2018.02.05 12:57:35.677,1.08701,1.08724,2.81,1.81
2018.02.05 12:57:36.263,1.08704,1.08724,1.94,1.44
2018.02.05 12:57:36.630,1.08704,1.08724,1.25,1.25
2018.02.05 12:57:37.019,1.08704,1.08724,1.69,1.25
2018.02.05 12:57:37.716,1.08705,1.08724,1.31,1.25
2018.02.05 12:57:38.252,1.08704,1.08724,1.31,1.25
2018.02.05 12:57:38.761,1.08704,1.08724,2.06,1.44
2018.02.05 12:57:39.091,1.08703,1.08724,2.06,1.25
2018.02.05 12:57:39.142,1.08704,1.08726,1.69,2.06
2018.02.05 12:57:39.420,1.08704,1.08726,1.87,2.25
2018.02.05 12:57:40.124,1.08703,1.08726,2.25,1.87
2018.02.05 12:57:40.739,1.08703,1.08726,2.81,1.87
2018.02.05 12:57:41.667,1.08703,1.08726,2.44,2.25
2018.02.05 12:57:42.176,1.08704,1.08726,1.19,3.19
2018.02.05 12:57:42.228,1.08703,1.08726,2.44,2.25
2018.02.05 12:57:42.430,1.08704,1.08726,1.25,3.00
2018.02.05 12:57:44.255,1.08703,1.08726,2.44,3.19
2018.02.05 12:57:49.359,1.08703,1.08726,2.06,1.69
2018.02.05 12:57:49.410,1.08703,1.08726,2.06,1.50
2018.02.05 12:57:49.768,1.08703,1.08726,2.06,2.25
2018.02.05 12:57:50.320,1.08703,1.08726,2.06,2.25
2018.02.05 12:57:50.976,1.08703,1.08726,2.06,1.50
2018.02.05 12:57:56.375,1.08704,1.08726,1.19,1.37
2018.02.05 12:58:01.817,1.08703,1.08726,2.44,1.44
2018.02.05 12:58:01.931,1.08703,1.08726,2.44,1.25
2018.02.05 12:58:02.291,1.08703,1.08726,2.44,1.62
2018.02.05 12:58:02.444,1.08703,1.08726,1.87,1.25
2018.02.05 12:58:03.152,1.08703,1.08726,2.62,1.25
2018.02.05 12:58:07.512,1.08703,1.08726,1.87,1.87
2018.02.05 12:58:12.881,1.08703,1.08726,1.12,2.06
2018.02.05 12:58:14.242,1.08703,1.08726,1.50,2.62
2018.02.05 12:58:14.354,1.08703,1.08724,1.50,1.00
2018.02.05 12:58:15.061,1.08702,1.08725,1.00,2.44
2018.02.05 12:58:16.664,1.08703,1.08724,1.00,1.12
2018.02.05 12:58:18.103,1.08701,1.08724,1.00,1.87
2018.02.05 12:58:19.789,1.08702,1.08725,1.00,1.50
2018.02.05 12:58:21.745,1.08699,1.08721,1.50,1.12
2018.02.05 12:58:21.847,1.08695,1.08718,1.87,1.12
2018.02.05 12:58:21.950,1.087,1.08721,1.00,1.87
2018.02.05 12:58:23.229,1.087,1.08723,1.00,1.37
2018.02.05 12:58:23.965,1.08699,1.08724,2.62,1.69
2018.02.05 12:58:24.850,1.087,1.08723,1.00,1.37
2018.02.05 12:58:25.053,1.08698,1.0872,1.00,1.12
2018.02.05 12:58:25.633,1.08696,1.08719,1.12,1.50
2018.02.05 12:58:25.735,1.08698,1.08719,1.00,1.50
2018.02.05 12:58:25.887,1.08695,1.08719,2.62,1.69
2018.02.05 12:58:26.452,1.08696,1.08719,1.12,1.69
2018.02.05 12:58:28.148,1.08698,1.0872,1.00,1.87
2018.02.05 12:58:28.655,1.08698,1.0872,1.00,1.00
2018.02.05 12:58:29.171,1.08698,1.0872,2.62,1.00
2018.02.05 12:58:30.921,1.087,1.0872,1.00,1.00
2018.02.05 12:58:31.862,1.08698,1.0872,1.00,1.12
2018.02.05 12:58:32.424,1.08697,1.0872,1.50,1.12
2018.02.05 12:58:32.476,1.08698,1.0872,1.50,1.50
2018.02.05 12:58:34.961,1.08698,1.0872,1.44,1.12
2018.02.05 12:58:35.472,1.08698,1.0872,3.00,1.50
2018.02.05 12:58:36.113,1.08698,1.0872,1.87,1.31
2018.02.05 12:58:36.562,1.08696,1.08719,1.75,1.44
2018.02.05 12:58:37.781,1.08695,1.0872,1.87,3.19
2018.02.05 12:58:38.089,1.08699,1.08717,1.25,1.00
2018.02.05 12:58:38.141,1.08698,1.08721,1.50,1.12
2018.02.05 12:58:38.297,1.08697,1.08718,1.50,1.00
2018.02.05 12:58:38.915,1.08698,1.08718,1.31,1.44
2018.02.05 12:58:39.296,1.08698,1.0872,1.94,1.00
2018.02.05 12:58:39.887,1.08697,1.0872,3.56,1.44
2018.02.05 12:58:40.369,1.08699,1.0872,1.31,1.37
2018.02.05 12:58:40.871,1.08698,1.0872,2.81,1.44
2018.02.05 12:58:41.340,1.08699,1.08721,1.62,1.00
2018.02.05 12:58:41.711,1.08698,1.08721,1.50,1.37
2018.02.05 12:58:42.285,1.08698,1.08722,2.06,1.50
2018.02.05 12:58:45.539,1.08699,1.08722,1.69,1.94
2018.02.05 12:58:46.156,1.08698,1.08722,2.44,1.62
2018.02.05 12:58:46.811,1.08699,1.08722,1.69,2.25
2018.02.05 12:58:46.863,1.08702,1.08722,1.00,1.00
2018.02.05 12:58:46.914,1.08704,1.08723,1.00,1.25
2018.02.05 12:58:47.425,1.08701,1.08723,3.19,1.00
2018.02.05 12:58:47.477,1.08705,1.08726,1.00,1.44
2018.02.05 12:58:47.867,1.08709,1.08728,2.06,1.00
2018.02.05 12:58:48.433,1.0871,1.08733,1.69,3.19
2018.02.05 12:58:48.965,1.0871,1.08733,1.31,2.06
2018.02.05 12:58:49.617,1.0871,1.08733,1.56,2.06
2018.02.05 12:58:50.127,1.0871,1.08733,1.00,2.06
2018.02.05 12:58:50.179,1.0871,1.08732,1.31,1.31
2018.02.05 12:58:50.232,1.08707,1.08729,2.06,1.00
2018.02.05 12:58:50.582,1.08705,1.08727,2.25,1.44
2018.02.05 12:58:51.360,1.08705,1.08727,1.87,1.37
2018.02.05 12:58:51.867,1.08703,1.08725,1.12,1.25
2018.02.05 12:58:53.082,1.08703,1.08725,1.81,1.25
2018.02.05 12:58:53.892,1.08703,1.08725,1.62,1.44
2018.02.05 12:58:54.460,1.08702,1.08725,5.25,1.37
2018.02.05 12:58:55.979,1.08703,1.08725,1.87,2.06
2018.02.05 12:58:56.031,1.08703,1.08725,1.69,2.81
2018.02.05 12:58:56.135,1.08702,1.08723,1.00,1.00
2018.02.05 12:58:56.444,1.087,1.08723,1.69,1.31
2018.02.05 12:58:56.554,1.087,1.08723,2.81,1.62
2018.02.05 12:58:56.905,1.087,1.08723,1.69,1.00
2018.02.05 12:58:57.058,1.087,1.08723,3.19,2.06
2018.02.05 12:58:57.480,1.087,1.08723,2.81,2.06
2018.02.05 12:58:58.127,1.087,1.08723,2.44,3.00
2018.02.05 12:58:58.281,1.087,1.08723,2.44,3.00
2018.02.05 12:58:58.605,1.08702,1.08723,1.31,1.81
2018.02.05 12:58:58.861,1.08702,1.08723,1.31,1.62
2018.02.05 12:58:58.963,1.08701,1.08723,1.12,1.44
2018.02.05 12:58:59.245,1.08701,1.08723,1.81,1.37
2018.02.05 12:58:59.741,1.08701,1.08723,1.12,1.25
2018.02.05 12:58:59.942,1.08701,1.08723,1.81,1.37
2018.02.05 12:59:00.578,1.08701,1.08723,1.12,1.44
2018.02.05 12:59:00.959,1.08701,1.08723,1.00,1.37
2018.02.05 12:59:01.791,1.087,1.08723,1.00,1.75
2018.02.05 12:59:01.842,1.087,1.08722,1.69,1.00
2018.02.05 12:59:02.148,1.08698,1.0872,1.56,1.19
2018.02.05 12:59:02.812,1.08697,1.0872,3.56,1.75
2018.02.05 12:59:03.412,1.08697,1.08719,1.69,1.00
2018.02.05 12:59:03.839,1.08698,1.0872,1.87,1.37
2018.02.05 12:59:03.890,1.08698,1.0872,1.50,1.00
2018.02.05 12:59:03.942,1.08698,1.0872,1.12,1.00
2018.02.05 12:59:04.305,1.08698,1.0872,1.12,1.37
2018.02.05 12:59:04.559,1.08695,1.08718,2.25,1.19
2018.02.05 12:59:04.792,1.08693,1.08716,1.87,1.37
2018.02.05 12:59:05.105,1.08692,1.08714,1.44,1.37
2018.02.05 12:59:05.759,1.08692,1.08715,1.87,2.25
2018.02.05 12:59:06.155,1.08691,1.08715,1.50,2.44
2018.02.05 12:59:06.208,1.0869,1.08712,1.19,1.50
2018.02.05 12:59:06.725,1.0869,1.08713,1.44,1.81
2018.02.05 12:59:07.434,1.0869,1.08713,1.44,1.50
2018.02.05 12:59:08.048,1.0869,1.08712,1.62,1.25
2018.02.05 12:59:08.799,1.0869,1.08713,1.62,1.25
2018.02.05 12:59:09.450,1.0869,1.08712,1.50,1.25
2018.02.05 12:59:11.163,1.08691,1.08714,1.25,1.50
2018.02.05 12:59:11.545,1.08689,1.08712,2.62,1.37
2018.02.05 12:59:12.161,1.08689,1.08712,1.31,1.44
2018.02.05 12:59:12.539,1.08689,1.08712,2.62,1.12
2018.02.05 12:59:12.865,1.08689,1.08712,2.25,1.37
2018.02.05 12:59:13.665,1.08688,1.08712,2.62,1.44
2018.02.05 12:59:13.767,1.08689,1.08712,1.87,1.25
2018.02.05 12:59:14.079,1.0869,1.08713,1.12,1.37
2018.02.05 12:59:14.628,1.0869,1.08713,1.12,1.37
2018.02.05 12:59:15.221,1.08689,1.08713,1.87,1.37
2018.02.05 12:59:15.770,1.08689,1.08713,1.50,1.19
2018.02.05 12:59:15.822,1.08689,1.08713,1.50,1.25
2018.02.05 12:59:16.179,1.08688,1.08714,2.62,2.25
2018.02.05 12:59:16.711,1.08689,1.08712,1.37,1.12
2018.02.05 12:59:17.216,1.08689,1.08712,1.81,1.62
2018.02.05 12:59:19.784,1.0869,1.08712,1.19,1.37
2018.02.05 12:59:19.836,1.0869,1.08712,1.44,1.25
2018.02.05 12:59:20.348,1.0869,1.08712,1.44,1.37
2018.02.05 12:59:22.010,1.08691,1.08714,1.87,1.31
2018.02.05 12:59:22.164,1.08689,1.08713,2.00,1.25
2018.02.05 12:59:22.419,1.08689,1.08713,1.12,1.19
2018.02.05 12:59:23.508,1.0869,1.08713,1.81,1.87
2018.02.05 12:59:24.949,1.0869,1.08713,1.56,1.87
2018.02.05 12:59:25.000,1.0869,1.08713,1.56,1.87
2018.02.05 12:59:25.420,1.0869,1.08713,1.56,1.62
2018.02.05 12:59:27.137,1.08689,1.08714,1.69,2.81
2018.02.05 12:59:27.378,1.08689,1.08713,2.44,3.56
2018.02.05 12:59:27.684,1.08692,1.08713,1.37,3.37
2018.02.05 12:59:28.444,1.08691,1.08713,1.37,2.62
2018.02.05 12:59:28.613,1.08689,1.08711,1.44,1.50
2018.02.05 12:59:28.666,1.08688,1.08712,1.50,3.37
2018.02.05 12:59:29.206,1.08687,1.08709,1.75,1.50
2018.02.05 12:59:32.614,1.08691,1.0871,1.94,1.00
2018.02.05 12:59:32.665,1.08689,1.0871,1.00,1.00
2018.02.05 12:59:32.868,1.08689,1.0871,1.62,1.00
2018.02.05 12:59:33.125,1.08687,1.08709,1.37,1.25
2018.02.05 12:59:33.228,1.08687,1.08709,1.44,1.62
2018.02.05 12:59:33.558,1.08683,1.08706,1.81,1.37
2018.02.05 12:59:34.132,1.08682,1.08706,1.37,1.75
2018.02.05 12:59:34.765,1.08682,1.08705,1.75,3.37
2018.02.05 12:59:34.997,1.08681,1.08705,2.25,2.44
2018.02.05 12:59:35.748,1.08682,1.08705,1.44,3.94
2018.02.05 12:59:36.613,1.08681,1.08705,1.12,4.12
2018.02.05 12:59:37.122,1.0868,1.08704,2.06,1.44
2018.02.05 12:59:37.174,1.08682,1.08705,1.12,2.06
2018.02.05 12:59:37.278,1.08683,1.08706,2.62,1.37
2018.02.05 12:59:37.434,1.08683,1.08706,2.25,1.25
2018.02.05 12:59:38.455,1.08681,1.08704,2.62,1.31
2018.02.05 12:59:38.609,1.0868,1.08705,3.00,3.94
2018.02.05 12:59:39.158,1.08681,1.08704,1.25,1.50
2018.02.05 12:59:39.273,1.0868,1.08701,2.25,1.25
2018.02.05 12:59:39.820,1.08679,1.08702,1.75,1.31
2018.02.05 12:59:40.622,1.0868,1.08701,1.37,1.00
2018.02.05 12:59:40.827,1.08682,1.08706,2.25,1.00
2018.02.05 12:59:40.932,1.08686,1.08709,1.37,1.87
2018.02.05 12:59:41.378,1.08687,1.08711,1.56,1.50
2018.02.05 12:59:41.573,1.08688,1.08711,1.19,3.19
2018.02.05 12:59:41.944,1.08688,1.08711,1.19,3.19
2018.02.05 12:59:42.130,1.08687,1.0871,1.37,1.69
2018.02.05 12:59:42.260,1.08685,1.08706,2.06,1.50
2018.02.05 12:59:42.313,1.08681,1.08701,3.19,1.25
2018.02.05 12:59:42.417,1.08676,1.087,2.25,1.44
2018.02.05 12:59:42.469,1.08674,1.08695,2.44,1.00
2018.02.05 12:59:42.675,1.08674,1.08696,1.25,1.00
2018.02.05 12:59:42.829,1.08673,1.08695,1.56,2.06
2018.02.05 12:59:42.984,1.0867,1.08695,1.00,2.25
2018.02.05 12:59:43.037,1.08668,1.0869,3.19,1.50
2018.02.05 12:59:43.089,1.08668,1.0869,1.44,1.00
2018.02.05 12:59:43.921,1.08668,1.08693,2.62,2.00
2018.02.05 12:59:44.175,1.08669,1.08693,1.12,2.25
2018.02.05 12:59:44.739,1.08669,1.08692,1.50,1.50
2018.02.05 12:59:45.538,1.08669,1.08692,1.75,1.50
2018.02.05 12:59:46.421,1.0867,1.08693,1.75,2.06
2018.02.05 12:59:46.957,1.08671,1.08694,1.87,1.50
2018.02.05 12:59:47.263,1.08669,1.08691,1.50,1.69
2018.02.05 12:59:47.764,1.0867,1.08694,1.44,2.06
2018.02.05 12:59:48.385,1.08669,1.08693,2.62,1.44
2018.02.05 12:59:48.757,1.0867,1.08693,1.87,1.37
2018.02.05 12:59:49.285,1.08672,1.08695,1.31,1.50
2018.02.05 12:59:51.107,1.08671,1.08694,1.62,1.44
2018.02.05 12:59:51.159,1.08668,1.08693,2.44,1.87
2018.02.05 12:59:51.211,1.08668,1.0869,1.87,1.00
2018.02.05 12:59:51.522,1.08667,1.08688,1.44,1.25
2018.02.05 12:59:52.059,1.08667,1.0869,1.37,1.50
2018.02.05 12:59:52.162,1.08667,1.0869,1.50,1.31
2018.02.05 12:59:52.336,1.08667,1.08688,1.87,1.00
2018.02.05 12:59:52.387,1.08669,1.08692,2.25,1.00
2018.02.05 12:59:52.590,1.08669,1.08692,1.25,1.31
2018.02.05 12:59:52.641,1.08669,1.08692,1.25,1.31
2018.02.05 12:59:52.692,1.08669,1.08692,2.25,1.31
2018.02.05 12:59:53.211,1.08669,1.08694,3.00,1.50
2018.02.05 12:59:53.875,1.08671,1.08694,1.81,2.25
2018.02.05 12:59:54.509,1.08671,1.08694,1.19,1.50
2018.02.05 12:59:55.154,1.08671,1.08694,1.75,1.50
2018.02.05 12:59:55.311,1.08671,1.08695,1.44,3.00
2018.02.05 12:59:55.712,1.08672,1.08695,1.31,2.44
2018.02.05 12:59:55.974,1.08671,1.08695,1.62,2.25
2018.02.05 12:59:56.224,1.08672,1.08695,1.25,2.06
2018.02.05 12:59:57.578,1.08671,1.08694,1.12,2.06
2018.02.05 12:59:57.912,1.08667,1.08691,1.81,2.25
2018.02.05 12:59:58.221,1.08667,1.08689,1.62,1.56
2018.02.05 12:59:58.909,1.08667,1.08689,1.25,1.69
2018.02.05 12:59:59.438,1.08667,1.08689,1.25,1.50
