2015.01.12 21:00:00.128,1.0478,1.04801,0.37,0.75
2015.01.12 21:00:00.280,1.04783,1.048,0.37,0.75
2015.01.12 21:00:00.381,1.04779,1.04807,0.37,0.75
2015.01.12 21:00:00.825,1.04778,1.04804,1.50,0.75
2015.01.12 21:00:01.027,1.04774,1.04804,1.12,0.75
2015.01.12 21:00:01.078,1.04774,1.04806,0.37,0.75
2015.01.12 21:00:01.387,1.04774,1.04808,0.75,0.75
2015.01.12 21:00:02.063,1.04777,1.04808,0.37,0.75
2015.01.12 21:00:02.365,1.04777,1.04804,0.37,0.75
2015.01.12 21:00:02.567,1.04775,1.04804,0.37,0.75
2015.01.12 21:00:02.618,1.04775,1.04806,0.37,0.75
2015.01.12 21:00:02.769,1.04771,1.04806,0.45,0.75
2015.01.12 21:00:02.820,1.04771,1.04803,0.37,0.75
2015.01.12 21:00:03.143,1.04771,1.04805,0.37,0.75
2015.01.12 21:00:03.668,1.04771,1.04804,0.37,0.75
2015.01.12 21:00:11.150,1.04771,1.04805,0.37,0.75
2015.01.12 21:00:13.503,1.04771,1.04803,0.37,0.75
2015.01.12 21:00:13.929,1.04769,1.04802,0.37,0.75
2015.01.12 21:00:14.433,1.04769,1.04803,0.37,0.75
2015.01.12 21:00:16.951,1.04778,1.04803,0.37,0.75
2015.01.12 21:00:17.103,1.04778,1.04811,0.37,1.12
2015.01.12 21:00:17.153,1.04781,1.04811,0.37,1.12
2015.01.12 21:00:17.456,1.04781,1.04809,0.37,0.75
2015.01.12 21:00:24.689,1.04779,1.04809,0.37,0.75
2015.01.12 21:00:24.790,1.04781,1.04809,0.37,0.75
2015.01.12 21:00:24.891,1.04776,1.04809,0.37,0.75
2015.01.12 21:00:25.093,1.04778,1.04808,0.37,0.75
2015.01.12 21:00:25.396,1.0478,1.04807,0.37,0.75
2015.01.12 21:00:25.559,1.0478,1.04809,0.37,0.75
2015.01.12 21:00:26.170,1.04782,1.04809,0.37,0.75
2015.01.12 21:00:26.373,1.04777,1.04809,0.37,0.75
2015.01.12 21:00:26.676,1.04773,1.04811,0.75,0.75
2015.01.12 21:00:26.727,1.04773,1.04807,0.75,0.75
2015.01.12 21:00:26.829,1.04767,1.04804,0.75,0.10
2015.01.12 21:00:26.931,1.04761,1.04803,0.75,0.82
2015.01.12 21:00:27.435,1.04762,1.04803,0.10,0.75
2015.01.12 21:00:28.600,1.04772,1.04803,0.37,0.75
2015.01.12 21:00:28.902,1.04772,1.04805,0.37,0.75
2015.01.12 21:00:29.298,1.04772,1.04807,0.37,0.37
2015.01.12 21:00:30.028,1.04772,1.04808,0.37,0.82
2015.01.12 21:00:31.699,1.04766,1.04805,0.82,0.37
2015.01.12 21:00:31.911,1.04766,1.04803,0.82,0.37
2015.01.12 21:00:32.113,1.04766,1.04806,1.20,0.37
2015.01.12 21:00:34.197,1.04768,1.04808,0.37,1.12
2015.01.12 21:00:34.608,1.04768,1.04805,0.37,0.75
2015.01.12 21:00:34.827,1.04768,1.04807,0.37,0.75
2015.01.12 21:00:35.598,1.04768,1.04805,0.37,0.75
2015.01.12 21:00:40.924,1.04768,1.04808,0.37,1.12
2015.01.12 21:00:41.127,1.0477,1.04808,0.37,0.75
2015.01.12 21:00:51.935,1.04769,1.04808,0.37,0.75
2015.01.12 21:00:57.818,1.04769,1.04805,0.37,0.75
2015.01.12 21:01:00.952,1.04768,1.04805,0.15,0.75
2015.01.12 21:01:01.495,1.04767,1.04805,0.37,0.75
2015.01.12 21:01:03.404,1.04766,1.04805,1.12,0.75
2015.01.12 21:01:03.920,1.04767,1.04805,0.75,0.75
2015.01.12 21:01:04.437,1.04766,1.04804,0.37,0.75
2015.01.12 21:01:04.897,1.04765,1.04801,0.10,0.75
2015.01.12 21:01:14.529,1.04766,1.04801,0.37,0.75
2015.01.12 21:01:15.087,1.04766,1.04803,0.37,0.75
2015.01.12 21:01:31.036,1.04766,1.04801,0.37,0.75
2015.01.12 21:01:31.196,1.04763,1.04801,0.37,0.75
2015.01.12 21:01:37.526,1.04763,1.048,0.45,0.75
2015.01.12 21:01:38.066,1.04764,1.048,0.37,0.75
2015.01.12 21:01:53.639,1.04763,1.048,0.37,0.75
2015.01.12 21:01:54.176,1.04763,1.04799,0.37,0.75
2015.01.12 21:01:54.710,1.04764,1.04799,0.37,0.75
2015.01.12 21:01:55.130,1.04766,1.04799,0.37,0.75
2015.01.12 21:01:55.382,1.04766,1.04801,0.37,0.75
2015.01.12 21:01:55.862,1.04768,1.04801,0.37,0.75
2015.01.12 21:01:55.912,1.04768,1.04803,0.37,0.75
2015.01.12 21:02:07.924,1.04768,1.04804,0.37,0.75
2015.01.12 21:02:18.455,1.04768,1.04805,0.37,0.75
2015.01.12 21:02:29.346,1.04768,1.04804,0.37,0.75
2015.01.12 21:02:31.878,1.04768,1.04806,0.37,1.12
2015.01.12 21:02:38.945,1.04769,1.04808,0.37,0.37
2015.01.12 21:02:43.877,1.04769,1.04807,0.37,0.75
2015.01.12 21:02:49.586,1.04769,1.04808,0.37,0.37
2015.01.12 21:02:50.070,1.04767,1.04807,0.52,0.37
2015.01.12 21:02:53.090,1.04768,1.04808,0.37,0.37
2015.01.12 21:02:53.191,1.04767,1.04804,0.15,0.37
2015.01.12 21:02:56.063,1.04768,1.04804,0.10,0.37
2015.01.12 21:02:56.405,1.04768,1.04806,0.45,0.37
2015.01.12 21:03:01.927,1.04768,1.04805,0.10,0.37
2015.01.12 21:03:02.028,1.04769,1.04807,0.37,1.12
2015.01.12 21:03:03.137,1.04768,1.04807,0.10,1.12
2015.01.12 21:03:03.238,1.04768,1.04804,0.10,1.12
2015.01.12 21:03:03.490,1.04764,1.04804,1.20,1.12
2015.01.12 21:03:13.252,1.04765,1.04804,0.37,0.75
2015.01.12 21:03:13.353,1.04768,1.04804,0.37,0.75
2015.01.12 21:03:14.355,1.04769,1.04804,1.50,0.75
2015.01.12 21:03:14.789,1.04768,1.04807,0.10,1.12
2015.01.12 21:03:15.596,1.04768,1.04806,0.45,0.37
2015.01.12 21:03:22.612,1.04765,1.04806,0.37,0.37
2015.01.12 21:03:30.062,1.04765,1.04804,0.37,0.75
2015.01.12 21:03:30.575,1.04764,1.04804,0.37,1.12
2015.01.12 21:03:32.394,1.04763,1.04801,0.37,0.37
2015.01.12 21:03:39.328,1.04764,1.04803,0.37,0.37
2015.01.12 21:03:40.645,1.04762,1.04801,0.37,0.37
2015.01.12 21:03:59.172,1.04761,1.04799,0.37,0.37
2015.01.12 21:04:02.762,1.04756,1.04801,1.90,1.12
2015.01.12 21:04:02.863,1.04756,1.04802,3.15,1.50
2015.01.12 21:04:04.553,1.04757,1.04802,1.27,1.50
2015.01.12 21:04:27.434,1.04761,1.04802,1.37,1.37
2015.01.12 21:04:27.737,1.04761,1.04803,1.87,1.00
2015.01.12 21:04:28.125,1.04761,1.04803,1.75,1.37
2015.01.12 21:04:34.806,1.04762,1.04803,1.10,1.37
2015.01.12 21:04:37.824,1.04761,1.04803,1.92,1.12
2015.01.12 21:04:39.329,1.04761,1.04803,2.02,1.12
2015.01.12 21:04:39.632,1.04762,1.04801,1.47,1.00
2015.01.12 21:04:42.843,1.04762,1.04801,1.20,1.00
2015.01.12 21:04:43.248,1.04762,1.04804,1.95,1.00
2015.01.12 21:04:55.553,1.04762,1.04802,1.27,1.00
2015.01.12 21:04:58.064,1.04762,1.04804,1.27,1.00
2015.01.12 21:05:00.503,1.04763,1.04804,1.27,1.00
2015.01.12 21:05:00.806,1.04765,1.04804,1.20,1.00
2015.01.12 21:05:08.290,1.04766,1.04804,1.75,1.00
2015.01.12 21:05:11.296,1.04766,1.04804,1.47,1.00
2015.01.12 21:05:13.441,1.04767,1.04804,1.37,1.00
2015.01.12 21:05:13.945,1.04767,1.04803,1.37,1.00
2015.01.12 21:05:15.912,1.04767,1.04802,1.37,1.00
2015.01.12 21:05:16.014,1.04767,1.04804,1.37,1.00
2015.01.12 21:05:18.885,1.04767,1.04803,1.37,1.00
2015.01.12 21:05:19.412,1.04767,1.04803,1.12,1.00
2015.01.12 21:05:19.945,1.04767,1.04802,1.12,1.00
2015.01.12 21:05:41.671,1.04766,1.04802,1.00,1.00
2015.01.12 21:05:43.364,1.04767,1.04802,1.12,1.00
2015.01.12 21:05:43.465,1.04767,1.04802,1.37,1.00
2015.01.12 21:05:54.794,1.04767,1.04802,1.37,1.00
2015.01.12 21:05:56.394,1.04767,1.04802,1.12,1.00
2015.01.12 21:06:00.512,1.04767,1.04802,1.37,1.00
2015.01.12 21:06:01.017,1.04767,1.04803,1.45,1.00
2015.01.12 21:06:11.832,1.04767,1.04803,1.57,1.00
2015.01.12 21:06:11.983,1.04767,1.04805,1.57,1.00
2015.01.12 21:06:18.292,1.04766,1.04804,1.92,1.00
2015.01.12 21:06:18.835,1.04766,1.04804,1.65,1.00
2015.01.12 21:06:23.253,1.04766,1.04804,1.47,1.00
2015.01.12 21:06:28.678,1.04766,1.04804,1.47,1.00
2015.01.12 21:06:29.201,1.04766,1.04804,1.47,1.00
2015.01.12 21:06:29.709,1.04766,1.04804,1.47,1.00
2015.01.12 21:06:31.097,1.04766,1.04804,1.20,1.00
2015.01.12 21:06:31.225,1.04766,1.04804,1.47,1.00
2015.01.12 21:06:35.113,1.04766,1.04804,1.57,1.00
2015.01.12 21:06:44.339,1.04766,1.04804,1.57,1.00
2015.01.12 21:06:45.139,1.04766,1.04804,1.57,1.00
2015.01.12 21:06:46.477,1.04766,1.04804,1.57,1.00
2015.01.12 21:06:53.191,1.04766,1.04804,1.20,1.00
2015.01.12 21:06:53.874,1.04767,1.04804,1.00,1.00
2015.01.12 21:06:54.378,1.04767,1.04805,1.00,1.12
2015.01.12 21:06:54.882,1.04767,1.04805,1.37,1.12
2015.01.12 21:06:56.389,1.04767,1.04805,1.12,1.00
2015.01.12 21:07:00.706,1.04767,1.04805,1.00,1.87
2015.01.12 21:07:02.939,1.04767,1.04805,1.12,1.50
2015.01.12 21:07:03.304,1.04771,1.04806,1.00,1.12
2015.01.12 21:07:03.641,1.04771,1.04808,1.37,1.50
2015.01.12 21:07:04.558,1.04771,1.0481,1.37,1.50
2015.01.12 21:07:06.341,1.04772,1.0481,1.37,1.75
2015.01.12 21:07:13.651,1.04772,1.04808,1.37,1.37
2015.01.12 21:07:14.182,1.04771,1.04808,1.37,1.37
2015.01.12 21:07:21.594,1.04772,1.0481,1.37,1.37
2015.01.12 21:07:29.484,1.04772,1.0481,1.37,1.37
2015.01.12 21:07:29.995,1.04772,1.04809,1.37,1.37
2015.01.12 21:07:30.531,1.04767,1.04809,1.90,1.37
2015.01.12 21:07:33.680,1.04767,1.04809,1.90,1.37
2015.01.12 21:07:34.419,1.04771,1.04809,1.37,1.37
2015.01.12 21:07:35.717,1.04772,1.04809,1.37,1.37
2015.01.12 21:07:36.021,1.04772,1.04809,1.37,1.50
2015.01.12 21:07:37.622,1.04771,1.04809,1.37,1.12
2015.01.12 21:07:39.789,1.04771,1.04809,1.37,1.37
2015.01.12 21:07:40.082,1.04771,1.04809,1.37,1.12
2015.01.12 21:07:40.595,1.04771,1.04809,1.37,1.37
2015.01.12 21:07:41.101,1.04771,1.04809,1.37,1.37
2015.01.12 21:07:41.183,1.04771,1.04809,1.37,1.37
2015.01.12 21:07:46.725,1.04772,1.04809,1.37,1.37
2015.01.12 21:07:47.296,1.04772,1.04809,1.37,1.37
2015.01.12 21:07:48.023,1.04771,1.04807,1.37,1.00
2015.01.12 21:07:49.100,1.04766,1.04807,1.50,1.17
2015.01.12 21:07:49.151,1.04766,1.04804,1.12,1.00
2015.01.12 21:07:49.252,1.04767,1.04801,1.00,1.00
2015.01.12 21:07:49.757,1.04761,1.04801,1.75,1.00
2015.01.12 21:07:52.532,1.04762,1.04801,1.37,1.37
2015.01.12 21:07:53.661,1.04762,1.048,1.50,1.00
2015.01.12 21:07:55.550,1.04762,1.048,1.50,1.00
2015.01.12 21:07:55.921,1.04767,1.04801,1.37,1.00
2015.01.12 21:07:56.459,1.04766,1.04803,1.37,1.37
2015.01.12 21:08:05.665,1.04766,1.04803,1.37,1.00
2015.01.12 21:08:10.137,1.04766,1.04803,1.37,1.00
2015.01.12 21:08:10.806,1.04766,1.04803,1.37,1.00
2015.01.12 21:08:15.414,1.04766,1.04803,1.37,1.00
2015.01.12 21:08:15.919,1.04766,1.04803,1.37,1.37
2015.01.12 21:08:16.082,1.04766,1.04803,1.37,1.87
2015.01.12 21:08:16.183,1.04761,1.04803,1.75,1.87
2015.01.12 21:08:16.739,1.04761,1.04803,1.75,1.87
2015.01.12 21:08:17.404,1.04757,1.04798,1.45,1.37
2015.01.12 21:08:18.482,1.04757,1.04798,1.75,1.37
2015.01.12 21:08:21.110,1.04756,1.04798,1.75,1.37
2015.01.12 21:08:29.939,1.04756,1.04798,1.75,1.00
2015.01.12 21:08:30.609,1.04756,1.04801,1.75,1.87
2015.01.12 21:08:34.639,1.04757,1.04801,1.75,1.87
2015.01.12 21:08:41.022,1.04757,1.04801,1.85,1.95
2015.01.12 21:08:44.930,1.04757,1.04801,1.95,1.95
2015.01.12 21:08:49.960,1.04758,1.04797,1.45,1.00
2015.01.12 21:08:50.061,1.04758,1.04801,1.47,1.00
2015.01.12 21:08:50.112,1.04754,1.04798,2.77,1.00
2015.01.12 21:08:50.162,1.04754,1.04798,2.77,1.00
2015.01.12 21:08:50.415,1.04753,1.04794,3.52,1.00
2015.01.12 21:08:52.461,1.04755,1.04794,1.27,1.00
2015.01.12 21:09:02.030,1.04756,1.04793,1.27,1.00
2015.01.12 21:09:02.749,1.04756,1.04793,1.55,1.00
2015.01.12 21:09:17.869,1.04754,1.04793,1.65,1.00
2015.01.12 21:09:17.970,1.04755,1.04793,1.95,1.75
2015.01.12 21:09:18.149,1.04746,1.0479,1.10,1.92
2015.01.12 21:09:18.200,1.04743,1.04786,1.53,2.32
2015.01.12 21:09:18.250,1.0474,1.04779,1.93,1.00
2015.01.12 21:09:18.790,1.04742,1.0478,1.10,1.00
2015.01.12 21:09:19.111,1.04737,1.0478,1.94,1.00
2015.01.12 21:09:19.314,1.0474,1.04784,1.90,1.37
2015.01.12 21:09:21.401,1.0474,1.04782,1.90,1.00
2015.01.12 21:09:23.175,1.0474,1.04782,2.05,1.37
2015.01.12 21:09:24.799,1.0474,1.04782,1.90,1.00
2015.01.12 21:09:27.611,1.04739,1.04784,3.45,1.12
2015.01.12 21:09:32.279,1.0474,1.04784,1.90,1.12
2015.01.12 21:09:33.270,1.0474,1.04784,1.90,1.12
2015.01.12 21:09:33.615,1.0474,1.04784,1.90,1.50
2015.01.12 21:09:34.422,1.0474,1.04784,1.90,1.50
2015.01.12 21:09:34.809,1.04743,1.04784,1.00,1.50
2015.01.12 21:09:34.860,1.04743,1.04784,1.00,1.12
2015.01.12 21:09:37.832,1.04743,1.04781,1.00,1.00
2015.01.12 21:09:38.158,1.0474,1.04781,1.20,1.00
2015.01.12 21:09:40.833,1.04739,1.04781,2.77,1.00
2015.01.12 21:09:41.342,1.04739,1.04781,2.30,1.00
2015.01.12 21:09:41.913,1.04739,1.04782,2.02,1.00
2015.01.12 21:09:45.839,1.04741,1.04782,1.15,1.12
2015.01.12 21:09:50.879,1.04739,1.04782,1.55,1.12
2015.01.12 21:09:55.962,1.0474,1.04782,1.18,1.12
2015.01.12 21:10:03.200,1.04739,1.04782,2.40,1.12
2015.01.12 21:10:03.595,1.04739,1.04779,3.75,1.00
2015.01.12 21:10:03.696,1.04736,1.04775,1.52,1.00
2015.01.12 21:10:05.713,1.04737,1.04775,1.00,1.00
2015.01.12 21:10:05.764,1.04737,1.04771,1.00,1.00
2015.01.12 21:10:05.865,1.04737,1.04776,1.00,1.12
2015.01.12 21:10:07.670,1.04736,1.04776,1.27,1.12
2015.01.12 21:10:08.373,1.04737,1.04776,1.00,1.12
2015.01.12 21:10:10.298,1.04736,1.04776,1.27,1.12
2015.01.12 21:10:10.843,1.04737,1.04776,1.00,1.12
2015.01.12 21:10:11.214,1.04737,1.04776,1.38,1.12
2015.01.12 21:10:13.836,1.04736,1.04776,2.03,1.12
2015.01.12 21:10:14.181,1.04736,1.04776,1.51,1.37
2015.01.12 21:10:14.702,1.04737,1.04774,1.38,1.00
2015.01.12 21:10:15.254,1.04736,1.04774,1.88,1.00
2015.01.12 21:10:15.761,1.04737,1.04774,1.38,1.00
2015.01.12 21:10:16.116,1.04736,1.04776,2.03,1.12
2015.01.12 21:10:16.319,1.04738,1.04776,1.53,1.00
2015.01.12 21:10:16.621,1.04739,1.0478,3.07,1.00
2015.01.12 21:10:18.150,1.0474,1.0478,1.90,1.00
2015.01.12 21:10:20.129,1.04741,1.04776,1.65,1.00
2015.01.12 21:10:20.350,1.04741,1.04778,1.65,1.00
2015.01.12 21:10:21.790,1.0474,1.0478,1.90,1.50
2015.01.12 21:10:26.859,1.04741,1.04778,1.27,1.00
2015.01.12 21:10:27.162,1.04741,1.04776,1.27,1.00
2015.01.12 21:10:27.719,1.0474,1.04776,1.52,1.00
2015.01.12 21:10:32.533,1.04739,1.04776,1.65,1.00
2015.01.12 21:10:32.953,1.04737,1.04776,1.57,1.00
2015.01.12 21:10:44.469,1.04737,1.04776,1.45,1.12
2015.01.12 21:10:44.977,1.04736,1.04775,1.55,1.00
2015.01.12 21:10:47.153,1.04737,1.04775,1.00,1.00
2015.01.12 21:10:47.254,1.04736,1.04772,1.00,1.00
2015.01.12 21:10:47.557,1.04737,1.04775,1.20,1.00
2015.01.12 21:11:00.141,1.04736,1.04772,1.44,1.00
2015.01.12 21:11:00.839,1.04736,1.04772,1.29,1.00
2015.01.12 21:11:01.619,1.04737,1.04772,1.29,1.00
2015.01.12 21:11:02.124,1.04736,1.04772,1.29,1.00
2015.01.12 21:11:02.698,1.04737,1.04772,1.29,1.00
2015.01.12 21:11:03.237,1.04736,1.04772,1.29,1.00
2015.01.12 21:11:03.843,1.04737,1.04772,1.29,1.00
2015.01.12 21:11:04.349,1.04736,1.04772,1.00,1.00
2015.01.12 21:11:04.855,1.04737,1.04772,1.00,1.00
2015.01.12 21:11:05.402,1.04736,1.04772,1.00,1.00
2015.01.12 21:11:05.503,1.04737,1.04774,1.00,1.12
2015.01.12 21:11:06.072,1.04736,1.04774,1.00,1.12
2015.01.12 21:11:06.699,1.04737,1.04774,1.00,1.12
2015.01.12 21:11:07.444,1.04736,1.04774,2.17,1.12
2015.01.12 21:11:09.411,1.04737,1.04774,1.00,1.12
2015.01.12 21:11:11.099,1.04737,1.04774,1.50,1.00
2015.01.12 21:11:12.106,1.04737,1.04775,1.50,1.00
2015.01.12 21:11:12.409,1.04737,1.04774,1.12,1.00
2015.01.12 21:11:12.518,1.04737,1.04772,2.17,1.00
2015.01.12 21:11:12.770,1.04737,1.04779,3.07,1.87
2015.01.12 21:11:12.829,1.04737,1.04779,3.07,1.87
2015.01.12 21:11:13.184,1.04738,1.04779,2.32,1.75
2015.01.12 21:11:13.386,1.04739,1.04779,1.80,1.75
2015.01.12 21:11:13.489,1.04739,1.04779,2.55,1.12
2015.01.12 21:11:13.591,1.04739,1.04779,1.42,1.37
2015.01.12 21:11:13.642,1.04739,1.04778,1.80,1.12
2015.01.12 21:11:18.113,1.04738,1.04778,2.62,1.12
2015.01.12 21:11:18.659,1.04738,1.04778,2.62,1.12
2015.01.12 21:11:20.035,1.04738,1.04778,2.62,1.12
2015.01.12 21:11:20.765,1.0474,1.04778,1.42,1.00
2015.01.12 21:11:22.135,1.04739,1.04778,1.42,1.37
2015.01.12 21:11:22.641,1.04737,1.04775,1.67,1.12
2015.01.12 21:11:23.226,1.04739,1.04778,1.00,1.50
2015.01.12 21:11:29.168,1.04739,1.04779,1.00,1.00
2015.01.12 21:11:29.397,1.04738,1.04779,2.47,1.75
2015.01.12 21:11:29.905,1.04738,1.04781,2.47,1.90
2015.01.12 21:11:30.006,1.04741,1.04782,2.17,1.75
2015.01.12 21:11:30.310,1.04741,1.04784,1.95,1.75
2015.01.12 21:11:30.411,1.04741,1.04781,1.95,1.12
2015.01.12 21:11:30.809,1.04738,1.04776,3.00,1.00
2015.01.12 21:11:33.641,1.04739,1.04782,1.57,1.50
2015.01.12 21:11:33.743,1.0474,1.04782,1.20,2.25
2015.01.12 21:11:34.401,1.04742,1.04782,1.27,1.37
2015.01.12 21:11:39.903,1.04746,1.04782,2.17,1.37
2015.01.12 21:11:40.540,1.04746,1.04783,1.80,1.50
2015.01.12 21:11:41.257,1.04747,1.04784,1.80,1.50
2015.01.12 21:11:41.668,1.04744,1.04784,2.32,1.75
2015.01.12 21:11:41.973,1.0474,1.04785,1.95,1.50
2015.01.12 21:11:42.329,1.0474,1.04784,2.32,1.37
2015.01.12 21:11:42.480,1.04741,1.04786,1.55,3.00
2015.01.12 21:11:42.873,1.04741,1.04784,2.70,1.75
2015.01.12 21:11:45.398,1.04741,1.04784,1.55,1.75
2015.01.12 21:11:50.277,1.04748,1.04785,2.17,1.37
2015.01.12 21:11:50.328,1.04748,1.04786,2.17,2.62
2015.01.12 21:11:50.379,1.04748,1.04789,2.17,1.75
2015.01.12 21:11:50.683,1.04746,1.04787,2.32,1.00
2015.01.12 21:11:50.734,1.0475,1.04794,1.80,1.52
2015.01.12 21:11:50.885,1.04749,1.04794,2.70,1.00
2015.01.12 21:11:51.390,1.0475,1.04794,2.32,1.75
2015.01.12 21:11:51.542,1.04752,1.04792,1.42,1.75
2015.01.12 21:11:51.694,1.04748,1.04792,2.32,1.00
2015.01.12 21:11:58.874,1.04749,1.04793,3.07,1.12
2015.01.12 21:11:59.376,1.04749,1.04793,3.07,1.12
2015.01.12 21:12:01.107,1.04749,1.04793,3.07,1.12
2015.01.12 21:12:02.121,1.04749,1.04794,3.07,1.87
2015.01.12 21:12:02.426,1.04756,1.04784,1.12,1.00
2015.01.12 21:12:02.729,1.04756,1.04784,1.37,1.00
2015.01.12 21:12:03.075,1.04756,1.04784,1.37,1.37
2015.01.12 21:12:10.148,1.04757,1.04785,1.37,1.37
2015.01.12 21:12:10.350,1.04757,1.04785,1.37,1.37
2015.01.12 21:12:10.854,1.04757,1.04785,1.37,1.37
2015.01.12 21:12:12.178,1.04757,1.04785,1.37,1.37
2015.01.12 21:12:17.461,1.04756,1.04785,1.37,1.12
2015.01.12 21:12:20.201,1.04765,1.04793,1.00,1.50
2015.01.12 21:12:20.403,1.04762,1.0479,1.37,1.37
2015.01.12 21:12:20.706,1.04759,1.04787,1.37,1.37
2015.01.12 21:12:21.173,1.04759,1.04787,1.37,1.37
2015.01.12 21:12:28.320,1.04759,1.04789,1.37,1.37
2015.01.12 21:12:28.421,1.04759,1.04789,1.75,1.00
2015.01.12 21:12:28.936,1.04763,1.04791,1.37,1.37
2015.01.12 21:12:29.408,1.0476,1.04788,1.37,1.37
2015.01.12 21:12:29.618,1.0476,1.04788,1.37,1.37
2015.01.12 21:12:30.154,1.0476,1.04788,1.37,1.37
2015.01.12 21:12:30.458,1.04757,1.04787,1.37,1.50
2015.01.12 21:12:32.455,1.04756,1.04784,1.37,1.37
2015.01.12 21:12:33.004,1.04758,1.04786,1.37,1.45
2015.01.12 21:12:34.193,1.0476,1.04788,1.37,1.00
2015.01.12 21:12:35.194,1.0476,1.04788,1.37,1.37
2015.01.12 21:12:35.346,1.0476,1.04788,1.37,1.47
2015.01.12 21:12:35.650,1.04763,1.04791,1.37,1.47
2015.01.12 21:12:35.701,1.04763,1.04791,1.37,1.20
2015.01.12 21:12:36.206,1.04765,1.04795,1.37,1.37
2015.01.12 21:12:36.408,1.04767,1.04797,1.00,1.85
2015.01.12 21:12:45.117,1.04767,1.04789,1.00,1.75
2015.01.12 21:12:45.219,1.04766,1.04794,1.12,1.85
2015.01.12 21:12:45.422,1.04763,1.04791,1.37,1.47
2015.01.12 21:12:45.935,1.04763,1.04791,1.37,1.37
2015.01.12 21:12:46.138,1.04763,1.04791,1.37,1.12
2015.01.12 21:12:52.417,1.04765,1.04795,1.37,1.75
2015.01.12 21:12:53.120,1.04763,1.04793,1.37,1.37
2015.01.12 21:12:55.691,1.04763,1.04793,1.12,1.37
2015.01.12 21:13:00.079,1.04763,1.04793,1.37,1.37
2015.01.12 21:13:10.885,1.04755,1.04786,2.02,1.12
2015.01.12 21:13:11.290,1.04755,1.04786,1.37,1.00
2015.01.12 21:13:11.493,1.04759,1.04789,1.37,1.00
2015.01.12 21:13:13.208,1.04763,1.04791,1.37,1.00
2015.01.12 21:13:13.309,1.04765,1.04795,1.37,1.10
2015.01.12 21:13:22.118,1.04765,1.04793,1.37,1.00
2015.01.12 21:13:22.428,1.04765,1.04793,1.37,1.37
2015.01.12 21:13:24.253,1.04767,1.04795,1.37,1.20
2015.01.12 21:13:24.455,1.04767,1.04795,1.37,1.47
2015.01.12 21:13:25.229,1.04767,1.04795,1.37,1.47
2015.01.12 21:13:25.801,1.04767,1.04795,1.37,1.47
2015.01.12 21:13:27.038,1.04767,1.04795,1.37,1.47
2015.01.12 21:13:29.057,1.04767,1.04795,1.37,1.00
2015.01.12 21:13:31.335,1.04767,1.04797,1.37,1.37
2015.01.12 21:13:32.176,1.04767,1.04797,1.37,1.37
2015.01.12 21:13:32.703,1.04766,1.04794,1.37,1.00
2015.01.12 21:13:40.545,1.04766,1.04794,1.37,1.12
2015.01.12 21:13:43.728,1.04765,1.04793,1.37,1.00
2015.01.12 21:13:44.233,1.04766,1.04796,1.37,1.12
2015.01.12 21:13:49.933,1.0477,1.04798,1.12,1.12
2015.01.12 21:13:49.984,1.04768,1.04796,1.37,1.00
2015.01.12 21:13:53.080,1.0477,1.04798,1.12,1.12
2015.01.12 21:13:53.524,1.0477,1.04798,1.12,1.37
2015.01.12 21:13:54.249,1.0477,1.04798,1.12,1.12
2015.01.12 21:13:54.562,1.0477,1.04798,1.12,1.37
2015.01.12 21:13:55.188,1.0477,1.04798,1.12,1.37
2015.01.12 21:14:01.370,1.0477,1.048,1.12,1.37
2015.01.12 21:14:01.890,1.0477,1.048,1.12,1.37
2015.01.12 21:14:06.994,1.0477,1.04798,1.00,1.12
2015.01.12 21:14:07.603,1.0477,1.04798,1.00,1.37
2015.01.12 21:14:11.812,1.0477,1.04798,1.00,1.00
2015.01.12 21:14:15.928,1.04769,1.048,1.12,1.37
2015.01.12 21:14:16.234,1.04772,1.04802,1.00,1.37
2015.01.12 21:14:18.325,1.04769,1.04799,1.12,1.12
2015.01.12 21:14:23.937,1.04771,1.04799,1.00,1.12
2015.01.12 21:14:28.163,1.04771,1.04799,1.00,1.37
2015.01.12 21:14:28.366,1.04769,1.04797,1.12,1.12
2015.01.12 21:14:28.886,1.0477,1.048,1.00,1.37
2015.01.12 21:14:30.204,1.04769,1.04799,1.12,1.37
2015.01.12 21:14:34.515,1.04768,1.04796,1.37,1.00
2015.01.12 21:14:34.616,1.04768,1.04796,1.37,1.37
2015.01.12 21:14:35.587,1.0477,1.04798,1.00,1.37
2015.01.12 21:14:36.514,1.04767,1.04799,1.37,1.37
2015.01.12 21:14:37.074,1.04767,1.04799,1.37,1.37
2015.01.12 21:14:38.407,1.04766,1.04796,1.37,1.12
2015.01.12 21:14:38.930,1.04766,1.04796,1.37,1.12
2015.01.12 21:14:39.066,1.04766,1.04796,1.37,1.12
2015.01.12 21:14:39.387,1.0477,1.04798,1.37,1.37
2015.01.12 21:14:39.590,1.0477,1.04798,1.37,1.37
2015.01.12 21:14:40.096,1.0477,1.04798,1.37,1.37
2015.01.12 21:14:52.157,1.0477,1.04798,1.37,1.37
2015.01.12 21:14:52.817,1.04769,1.04797,1.37,1.37
2015.01.12 21:14:56.595,1.04769,1.04797,1.37,1.37
2015.01.12 21:15:00.089,1.04769,1.04797,1.37,1.37
2015.01.12 21:15:00.751,1.0477,1.04798,1.37,1.00
2015.01.12 21:15:01.055,1.04773,1.04801,1.12,1.12
2015.01.12 21:15:01.105,1.04773,1.04801,1.37,1.12
2015.01.12 21:15:01.409,1.04773,1.04801,1.37,1.12
2015.01.12 21:15:01.871,1.0477,1.04798,1.37,1.00
2015.01.12 21:15:07.988,1.04774,1.04802,1.37,1.00
2015.01.12 21:15:08.090,1.04772,1.048,1.37,1.00
2015.01.12 21:15:08.855,1.04773,1.04803,1.37,1.37
2015.01.12 21:15:09.159,1.04773,1.04803,1.37,1.12
2015.01.12 21:15:09.463,1.04776,1.04806,1.37,1.37
2015.01.12 21:15:09.523,1.04776,1.04806,1.37,1.37
2015.01.12 21:15:10.035,1.04776,1.04806,1.37,1.00
2015.01.12 21:15:10.086,1.04779,1.04807,1.37,1.00
2015.01.12 21:15:10.389,1.04778,1.04808,1.00,1.12
2015.01.12 21:15:10.440,1.04778,1.04808,1.00,1.75
2015.01.12 21:15:10.945,1.04775,1.04805,1.37,1.37
2015.01.12 21:15:11.644,1.04775,1.04805,1.37,1.37
2015.01.12 21:15:11.952,1.04775,1.04805,1.37,1.37
2015.01.12 21:15:12.053,1.04775,1.04805,1.37,1.37
2015.01.12 21:15:13.542,1.04775,1.04805,1.37,1.12
2015.01.12 21:15:14.048,1.04778,1.04806,1.00,1.37
2015.01.12 21:15:14.553,1.04778,1.04806,1.00,1.12
2015.01.12 21:15:16.159,1.04778,1.04806,1.00,1.37
2015.01.12 21:15:16.939,1.04778,1.04806,1.00,1.37
2015.01.12 21:15:22.780,1.04778,1.04806,1.00,1.37
2015.01.12 21:15:23.285,1.04779,1.04807,1.00,1.37
2015.01.12 21:15:24.889,1.04781,1.04809,1.00,1.50
2015.01.12 21:15:25.880,1.04781,1.04809,1.00,1.37
2015.01.12 21:15:28.398,1.04781,1.04809,1.00,1.50
2015.01.12 21:15:28.707,1.04778,1.04806,1.37,1.00
2015.01.12 21:15:29.220,1.04778,1.04806,1.37,1.37
2015.01.12 21:15:32.802,1.04778,1.04806,1.37,1.37
2015.01.12 21:15:33.308,1.04778,1.04806,1.37,1.37
2015.01.12 21:15:33.409,1.04778,1.04806,1.00,1.37
2015.01.12 21:15:34.715,1.04776,1.04805,1.37,1.37
2015.01.12 21:15:35.917,1.04775,1.04805,1.37,1.37
2015.01.12 21:15:42.533,1.04775,1.04803,1.37,1.12
2015.01.12 21:15:44.852,1.04777,1.04805,1.12,1.37
2015.01.12 21:15:45.358,1.04777,1.04805,1.12,1.00
2015.01.12 21:15:45.966,1.0478,1.04808,1.37,1.00
2015.01.12 21:15:46.633,1.0478,1.04808,1.37,1.12
2015.01.12 21:15:57.199,1.04781,1.04809,1.37,1.12
2015.01.12 21:15:57.755,1.04784,1.04812,1.37,1.50
2015.01.12 21:15:59.364,1.04784,1.04812,1.37,1.50
2015.01.12 21:15:59.520,1.04784,1.04812,1.00,1.50
2015.01.12 21:16:03.570,1.04786,1.04813,1.00,1.00
2015.01.12 21:16:03.622,1.04786,1.04815,1.00,1.00
2015.01.12 21:16:03.672,1.04785,1.04813,1.00,1.00
2015.01.12 21:16:05.721,1.04783,1.04813,1.00,1.00
2015.01.12 21:16:05.872,1.04783,1.04813,1.37,1.00
2015.01.12 21:16:06.594,1.04785,1.04815,1.37,1.57
2015.01.12 21:16:09.833,1.04785,1.04815,1.12,1.50
2015.01.12 21:16:09.885,1.04781,1.04811,1.37,1.00
2015.01.12 21:16:10.188,1.04778,1.04808,1.37,1.00
2015.01.12 21:16:15.093,1.04778,1.04808,1.37,1.00
2015.01.12 21:16:24.113,1.0478,1.04808,1.37,1.00
2015.01.12 21:16:34.606,1.0478,1.04808,1.37,1.00
2015.01.12 21:16:35.883,1.0478,1.04808,1.37,1.00
2015.01.12 21:16:41.454,1.04781,1.04809,1.37,1.00
2015.01.12 21:16:48.092,1.04781,1.04809,1.37,1.00
2015.01.12 21:17:04.887,1.0478,1.04808,1.37,1.00
2015.01.12 21:17:05.582,1.0478,1.04808,1.37,1.00
2015.01.12 21:17:06.572,1.0478,1.04808,1.37,1.00
2015.01.12 21:17:34.900,1.04781,1.04809,1.37,1.50
2015.01.12 21:17:36.961,1.04781,1.04809,1.37,1.50
2015.01.12 21:17:43.570,1.04781,1.04809,1.37,1.50
2015.01.12 21:17:44.164,1.04781,1.04807,1.37,1.00
2015.01.12 21:17:44.316,1.04779,1.04807,1.37,1.50
2015.01.12 21:17:44.720,1.04776,1.04804,1.12,1.00
2015.01.12 21:17:59.271,1.04776,1.04806,1.12,1.00
2015.01.12 21:18:01.161,1.04772,1.048,1.20,1.00
2015.01.12 21:18:01.582,1.04773,1.04803,1.00,1.00
2015.01.12 21:18:01.683,1.04773,1.04801,1.00,1.00
2015.01.12 21:18:01.986,1.04768,1.04796,1.00,1.00
2015.01.12 21:18:12.204,1.04771,1.04799,1.00,1.00
2015.01.12 21:18:13.608,1.04774,1.04802,1.00,1.00
2015.01.12 21:18:55.543,1.04772,1.04802,1.37,1.00
2015.01.12 21:19:01.740,1.04772,1.04802,1.00,1.00
2015.01.12 21:19:09.362,1.04772,1.048,1.00,1.00
2015.01.12 21:19:14.093,1.04774,1.04802,1.00,1.00
2015.01.12 21:19:33.517,1.04773,1.04801,1.00,1.00
2015.01.12 21:19:44.116,1.04773,1.04803,1.00,1.00
2015.01.12 21:20:00.434,1.04775,1.04806,1.00,1.57
2015.01.12 21:20:00.737,1.04781,1.04809,1.00,1.00
2015.01.12 21:20:01.047,1.04781,1.04809,1.37,1.00
2015.01.12 21:20:01.567,1.04784,1.04812,1.00,1.00
2015.01.12 21:20:01.669,1.04787,1.04813,1.00,1.00
2015.01.12 21:20:02.058,1.0479,1.04813,1.00,1.00
2015.01.12 21:20:02.160,1.04787,1.04813,1.00,1.00
2015.01.12 21:20:03.044,1.04785,1.04813,1.00,1.00
2015.01.12 21:20:04.189,1.04785,1.04813,1.37,1.00
2015.01.12 21:20:04.290,1.04788,1.04813,1.00,1.00
2015.01.12 21:20:04.786,1.04784,1.04813,1.00,1.00
2015.01.12 21:20:05.294,1.04785,1.04813,1.00,1.50
2015.01.12 21:20:06.660,1.04785,1.04815,1.37,1.00
2015.01.12 21:20:07.166,1.04786,1.04816,1.37,1.00
2015.01.12 21:20:08.060,1.04785,1.04813,1.37,1.00
2015.01.12 21:20:11.083,1.04786,1.04816,1.37,1.00
2015.01.12 21:20:15.219,1.04786,1.04816,1.37,1.00
2015.01.12 21:20:24.769,1.04786,1.04814,1.37,1.00
2015.01.12 21:20:25.559,1.04786,1.04814,1.37,1.00
2015.01.12 21:20:25.913,1.04787,1.04817,1.37,1.10
2015.01.12 21:20:26.347,1.04787,1.04817,1.37,1.10
2015.01.12 21:20:27.869,1.04787,1.04817,1.37,1.10
2015.01.12 21:20:30.070,1.04787,1.04817,1.37,1.00
2015.01.12 21:20:30.322,1.04787,1.04817,1.00,1.00
2015.01.12 21:20:30.524,1.04786,1.04814,1.00,1.00
2015.01.12 21:20:32.334,1.04786,1.04813,1.00,1.00
2015.01.12 21:20:32.435,1.04783,1.04811,1.00,1.00
2015.01.12 21:20:32.788,1.04784,1.04814,1.00,1.50
2015.01.12 21:21:04.051,1.04788,1.04816,1.00,1.00
2015.01.12 21:21:04.354,1.04786,1.04814,1.10,1.00
2015.01.12 21:21:06.922,1.04786,1.04814,1.12,1.00
2015.01.12 21:21:07.024,1.04786,1.04814,1.00,1.00
2015.01.12 21:21:09.631,1.04784,1.04814,1.00,1.50
2015.01.12 21:21:14.581,1.04787,1.04814,1.00,1.00
2015.01.12 21:21:18.777,1.04782,1.0481,1.20,1.00
2015.01.12 21:21:18.878,1.04784,1.04814,1.00,1.50
2015.01.12 21:21:19.899,1.04784,1.04813,1.00,1.00
2015.01.12 21:21:22.102,1.04787,1.04813,1.00,1.00
2015.01.12 21:21:31.981,1.04786,1.04813,1.00,1.00
2015.01.12 21:21:44.109,1.04785,1.04813,1.00,1.50
2015.01.12 21:21:44.668,1.04785,1.04811,1.00,1.00
2015.01.12 21:21:45.192,1.04786,1.04812,1.00,1.00
2015.01.12 21:21:47.523,1.04784,1.04812,1.00,1.00
2015.01.12 21:21:48.029,1.04782,1.04812,1.00,1.50
2015.01.12 21:21:50.227,1.04785,1.04812,1.00,1.00
2015.01.12 21:21:50.531,1.04782,1.04812,1.00,1.00
2015.01.12 21:21:58.150,1.04782,1.0481,1.00,1.00
2015.01.12 21:22:03.064,1.04783,1.04811,1.00,1.00
2015.01.12 21:22:04.334,1.04783,1.0481,1.00,1.00
2015.01.12 21:22:13.047,1.04782,1.0481,1.00,1.50
2015.01.12 21:22:20.091,1.04785,1.0481,1.00,1.00
2015.01.12 21:22:20.141,1.04785,1.04813,1.00,1.00
2015.01.12 21:22:20.192,1.04786,1.04816,1.00,1.00
2015.01.12 21:22:20.496,1.0479,1.04818,1.00,1.00
2015.01.12 21:22:26.939,1.04791,1.04819,1.00,1.00
2015.01.12 21:22:35.259,1.04789,1.04819,1.00,1.00
2015.01.12 21:22:50.886,1.04789,1.04819,1.75,1.00
2015.01.12 21:22:50.987,1.04796,1.04826,1.17,1.00
2015.01.12 21:22:51.189,1.04793,1.04821,1.10,1.00
2015.01.12 21:22:53.087,1.0479,1.04818,1.00,1.00
2015.01.12 21:23:00.750,1.04789,1.04817,1.00,1.00
2015.01.12 21:23:12.192,1.04787,1.04817,1.00,1.00
2015.01.12 21:23:20.632,1.04789,1.04817,1.00,1.00
2015.01.12 21:23:24.907,1.04786,1.04814,1.00,1.00
2015.01.12 21:23:31.319,1.04784,1.04814,1.00,1.00
2015.01.12 21:23:42.106,1.04784,1.04814,1.37,1.00
2015.01.12 21:23:42.258,1.04788,1.04816,1.37,1.00
2015.01.12 21:23:42.562,1.0479,1.0482,1.37,1.00
2015.01.12 21:23:42.664,1.0479,1.0482,1.75,1.00
2015.01.12 21:23:42.967,1.04791,1.0482,1.75,1.00
2015.01.12 21:23:43.079,1.04791,1.0482,2.25,1.00
2015.01.12 21:23:43.180,1.04792,1.0482,1.50,1.00
2015.01.12 21:23:43.332,1.0479,1.0482,1.37,1.00
2015.01.12 21:23:43.433,1.04793,1.04823,1.37,1.00
2015.01.12 21:23:43.535,1.04792,1.0482,1.37,1.00
2015.01.12 21:23:43.637,1.04792,1.0482,1.00,1.00
2015.01.12 21:23:46.868,1.04792,1.0482,1.12,1.00
2015.01.12 21:23:46.969,1.04792,1.0482,1.00,1.00
2015.01.12 21:23:55.760,1.04791,1.04819,1.00,1.00
2015.01.12 21:23:59.759,1.04788,1.04816,1.00,1.00
2015.01.12 21:24:00.071,1.04786,1.04814,1.00,1.00
2015.01.12 21:24:00.475,1.0478,1.04819,1.50,1.00
2015.01.12 21:24:00.678,1.0478,1.04815,1.12,1.00
2015.01.12 21:24:00.729,1.0478,1.04815,1.00,1.07
2015.01.12 21:24:01.082,1.0479,1.0482,1.00,1.07
2015.01.12 21:24:01.588,1.0479,1.0482,1.00,1.00
2015.01.12 21:24:03.258,1.0479,1.0482,1.00,1.07
2015.01.12 21:24:03.764,1.0479,1.0482,1.00,1.00
2015.01.12 21:24:09.259,1.0479,1.04818,1.00,1.00
2015.01.12 21:24:13.884,1.04792,1.04818,1.00,1.00
2015.01.12 21:24:14.441,1.04791,1.04818,1.00,1.00
2015.01.12 21:24:19.848,1.04791,1.04818,1.37,1.00
2015.01.12 21:24:19.899,1.04794,1.04822,1.00,1.00
2015.01.12 21:24:20.356,1.04794,1.04822,1.87,1.00
2015.01.12 21:24:22.157,1.04794,1.04822,1.87,1.00
2015.01.12 21:24:24.077,1.04794,1.0482,1.37,1.00
2015.01.12 21:25:00.734,1.04793,1.04823,1.37,1.00
2015.01.12 21:25:01.954,1.04792,1.0482,1.87,1.00
2015.01.12 21:25:11.057,1.04792,1.04819,1.37,1.00
2015.01.12 21:25:17.586,1.04792,1.04819,1.37,1.00
2015.01.12 21:25:46.595,1.04792,1.04819,1.37,1.00
2015.01.12 21:26:01.226,1.04791,1.04821,1.87,1.00
2015.01.12 21:26:02.545,1.04791,1.04821,1.87,1.00
2015.01.12 21:26:07.966,1.04791,1.0482,1.37,1.00
2015.01.12 21:26:17.616,1.04791,1.0482,1.37,1.00
2015.01.12 21:26:18.565,1.04791,1.04821,1.87,1.00
2015.01.12 21:26:18.616,1.04791,1.04821,1.87,1.00
2015.01.12 21:26:18.769,1.04793,1.04823,1.37,1.00
2015.01.12 21:26:18.870,1.04793,1.04823,1.37,1.00
2015.01.12 21:26:20.369,1.04796,1.04823,1.37,1.00
2015.01.12 21:26:20.622,1.04793,1.04823,1.37,1.00
2015.01.12 21:26:28.631,1.04793,1.04823,1.87,1.00
2015.01.12 21:26:47.193,1.04794,1.04822,1.37,1.00
2015.01.12 21:27:02.643,1.04794,1.04822,1.37,1.00
2015.01.12 21:27:32.656,1.04795,1.04822,1.12,1.00
2015.01.12 21:27:44.273,1.04794,1.04823,1.37,1.00
2015.01.12 21:28:02.552,1.04795,1.04823,1.37,1.00
2015.01.12 21:28:41.375,1.04795,1.04822,1.37,1.00
2015.01.12 21:28:47.666,1.04795,1.04822,1.12,1.00
2015.01.12 21:28:49.852,1.04795,1.04821,1.12,1.00
2015.01.12 21:29:02.618,1.04793,1.04821,1.12,1.00
2015.01.12 21:29:06.019,1.04791,1.04819,1.37,1.00
2015.01.12 21:29:06.628,1.04794,1.04819,1.00,1.00
2015.01.12 21:29:06.678,1.04794,1.04823,1.00,1.00
2015.01.12 21:29:06.780,1.04794,1.04819,1.00,1.00
2015.01.12 21:29:06.831,1.04791,1.04819,1.00,1.00
2015.01.12 21:29:07.401,1.04792,1.04824,1.00,1.37
2015.01.12 21:29:07.452,1.04792,1.04824,1.47,1.00
2015.01.12 21:29:07.755,1.04789,1.04819,1.15,1.00
2015.01.12 21:29:07.907,1.04789,1.04819,1.00,1.00
2015.01.12 21:29:09.428,1.04789,1.04819,2.25,1.00
2015.01.12 21:29:09.630,1.04803,1.04839,1.10,1.37
2015.01.12 21:29:09.731,1.04803,1.04839,1.75,1.37
2015.01.12 21:29:09.832,1.04803,1.04839,1.75,1.37
2015.01.12 21:29:10.142,1.04803,1.04839,1.75,1.75
2015.01.12 21:29:10.395,1.04789,1.04829,1.75,1.12
2015.01.12 21:29:10.497,1.04789,1.04823,1.00,1.00
2015.01.12 21:29:10.548,1.04789,1.04823,1.75,1.00
2015.01.12 21:29:10.852,1.04796,1.04825,1.12,1.00
2015.01.12 21:29:11.358,1.04791,1.04825,1.17,1.00
2015.01.12 21:29:11.408,1.04792,1.0482,1.10,1.00
2015.01.12 21:29:12.828,1.04797,1.04825,1.00,1.00
2015.01.12 21:29:12.929,1.04794,1.04824,1.17,1.00
2015.01.12 21:29:13.030,1.04791,1.04821,1.27,1.00
2015.01.12 21:29:13.081,1.04791,1.04821,1.27,1.00
2015.01.12 21:29:13.598,1.04791,1.04821,1.27,1.00
2015.01.12 21:29:15.861,1.04791,1.04821,1.65,1.00
2015.01.12 21:29:16.243,1.04807,1.04838,1.00,2.02
2015.01.12 21:29:16.446,1.04803,1.04839,1.75,1.00
2015.01.12 21:29:16.547,1.04803,1.04839,1.75,1.00
2015.01.12 21:29:17.298,1.04809,1.04843,1.00,1.37
2015.01.12 21:29:17.400,1.04809,1.04845,1.00,2.25
2015.01.12 21:29:17.502,1.04814,1.04842,1.00,1.00
2015.01.12 21:29:18.129,1.04811,1.04839,1.12,1.00
2015.01.12 21:29:18.282,1.04807,1.04837,1.00,1.00
2015.01.12 21:29:19.481,1.04807,1.04837,1.07,1.00
2015.01.12 21:29:20.325,1.04814,1.04842,1.00,1.00
2015.01.12 21:29:20.634,1.04814,1.04842,1.50,1.00
2015.01.12 21:29:32.457,1.04817,1.04847,1.10,1.00
2015.01.12 21:29:33.184,1.04816,1.04844,1.07,1.00
2015.01.12 21:29:34.569,1.04816,1.04844,1.12,1.00
2015.01.12 21:29:36.543,1.04821,1.04851,1.00,1.10
2015.01.12 21:29:36.696,1.04818,1.04849,1.10,1.00
2015.01.12 21:29:38.285,1.04814,1.04847,1.75,1.00
2015.01.12 21:29:38.798,1.04814,1.04847,1.50,1.00
2015.01.12 21:29:39.407,1.04814,1.04847,1.75,1.00
2015.01.12 21:29:46.400,1.04818,1.04849,1.10,1.00
2015.01.12 21:29:46.602,1.04815,1.04846,1.50,1.00
2015.01.12 21:29:46.805,1.04811,1.04844,1.75,1.00
2015.01.12 21:29:46.906,1.04811,1.04844,1.12,1.00
2015.01.12 21:29:47.412,1.04813,1.04847,1.10,1.10
2015.01.12 21:29:47.564,1.04813,1.04847,1.12,1.00
2015.01.12 21:29:50.320,1.04813,1.04847,1.75,1.00
2015.01.12 21:29:50.826,1.04817,1.04848,1.10,1.00
2015.01.12 21:29:51.130,1.04817,1.04848,1.50,1.00
2015.01.12 21:29:52.770,1.04817,1.04848,1.87,1.00
2015.01.12 21:29:53.361,1.04817,1.04848,1.87,1.00
2015.01.12 21:29:56.610,1.04819,1.04847,1.45,1.00
2015.01.12 21:30:01.131,1.04819,1.04847,1.20,1.00
2015.01.12 21:30:01.334,1.04817,1.04845,1.37,1.00
2015.01.12 21:30:01.385,1.04817,1.04845,1.00,1.00
2015.01.12 21:30:07.911,1.04818,1.04846,1.00,1.00
2015.01.12 21:30:10.929,1.04815,1.04845,1.37,1.00
2015.01.12 21:30:11.515,1.04815,1.04845,1.00,1.00
2015.01.12 21:30:13.376,1.04815,1.04845,1.37,1.00
2015.01.12 21:30:13.578,1.04815,1.04845,1.37,1.00
2015.01.12 21:30:26.084,1.04818,1.04846,1.37,1.00
2015.01.12 21:30:27.311,1.04818,1.04846,1.00,1.00
2015.01.12 21:30:28.986,1.04816,1.04844,1.10,1.00
2015.01.12 21:30:48.202,1.04813,1.04843,1.00,1.00
2015.01.12 21:30:48.686,1.04812,1.0484,1.00,1.00
2015.01.12 21:30:59.288,1.04811,1.04839,1.00,1.00
2015.01.12 21:30:59.490,1.04808,1.04838,1.00,1.00
2015.01.12 21:31:18.142,1.04815,1.04844,1.00,1.47
2015.01.12 21:31:18.243,1.04815,1.04844,1.00,1.00
2015.01.12 21:31:18.344,1.04818,1.04845,1.00,1.00
2015.01.12 21:31:18.647,1.04819,1.04847,1.00,1.50
2015.01.12 21:31:18.956,1.04812,1.0484,1.00,1.00
2015.01.12 21:31:19.269,1.0481,1.04838,1.00,1.00
2015.01.12 21:31:19.778,1.0481,1.04838,1.00,1.37
2015.01.12 21:31:20.423,1.04806,1.04836,1.00,1.00
2015.01.12 21:31:42.121,1.04806,1.04834,1.00,1.00
2015.01.12 21:31:42.769,1.04806,1.04836,1.00,1.50
2015.01.12 21:31:59.106,1.04808,1.04836,1.00,1.50
2015.01.12 21:32:02.988,1.04806,1.04834,1.00,1.00
2015.01.12 21:32:03.291,1.04803,1.04831,1.00,1.00
2015.01.12 21:32:13.241,1.048,1.04828,1.00,1.00
2015.01.12 21:32:13.544,1.04797,1.04825,1.00,1.00
2015.01.12 21:32:18.640,1.04798,1.04826,1.00,1.00
2015.01.12 21:32:19.840,1.04795,1.04825,1.00,1.00
2015.01.12 21:32:21.527,1.04792,1.0482,1.00,1.00
2015.01.12 21:32:21.729,1.04787,1.04817,1.00,1.00
2015.01.12 21:32:21.830,1.04785,1.04819,1.37,1.00
2015.01.12 21:32:21.932,1.0479,1.0482,1.00,1.00
2015.01.12 21:32:27.671,1.04793,1.04823,1.00,1.00
2015.01.12 21:32:29.686,1.04792,1.0482,1.00,1.00
2015.01.12 21:32:29.990,1.04794,1.04818,1.00,1.00
2015.01.12 21:32:30.091,1.04792,1.04818,1.00,1.00
2015.01.12 21:32:30.344,1.04787,1.04817,1.00,1.00
2015.01.12 21:32:30.547,1.04789,1.04818,1.00,1.00
2015.01.12 21:32:35.769,1.04792,1.04818,1.00,1.00
2015.01.12 21:32:46.179,1.04792,1.04815,1.00,1.00
2015.01.12 21:32:46.281,1.0479,1.04815,1.00,1.00
2015.01.12 21:32:58.302,1.04793,1.04815,1.00,1.00
2015.01.12 21:33:02.637,1.04793,1.04818,1.00,1.00
2015.01.12 21:33:02.892,1.04793,1.0482,1.00,1.00
2015.01.12 21:33:07.015,1.04791,1.0482,1.00,1.00
2015.01.12 21:33:09.374,1.04791,1.04818,1.00,1.00
2015.01.12 21:33:09.733,1.04789,1.04817,1.00,1.00
2015.01.12 21:33:10.421,1.04785,1.04815,1.00,1.00
2015.01.12 21:33:10.826,1.04782,1.04812,1.00,1.00
2015.01.12 21:33:13.119,1.04782,1.04812,1.37,1.00
2015.01.12 21:33:13.221,1.04784,1.04814,1.00,1.00
2015.01.12 21:33:13.322,1.04786,1.04816,1.00,1.00
2015.01.12 21:33:14.135,1.0479,1.04818,1.00,1.00
2015.01.12 21:33:14.438,1.04793,1.04821,1.00,1.00
2015.01.12 21:33:15.098,1.04793,1.04821,1.37,1.00
2015.01.12 21:33:15.149,1.04795,1.04823,1.12,1.00
2015.01.12 21:33:15.250,1.04798,1.04826,1.00,1.12
2015.01.12 21:33:15.554,1.04801,1.04829,1.00,1.00
2015.01.12 21:33:15.858,1.04804,1.04832,1.00,1.12
2015.01.12 21:33:16.834,1.04802,1.04835,1.00,1.37
2015.01.12 21:33:17.239,1.04802,1.04835,1.00,1.50
2015.01.12 21:33:17.943,1.04802,1.04835,1.00,1.37
2015.01.12 21:33:21.738,1.04802,1.04833,1.00,1.37
2015.01.12 21:33:22.233,1.04802,1.04833,1.00,1.37
2015.01.12 21:33:22.751,1.04802,1.04833,1.00,1.37
2015.01.12 21:33:23.540,1.04802,1.04833,1.00,1.37
2015.01.12 21:33:24.062,1.04802,1.04833,1.00,1.37
2015.01.12 21:33:24.948,1.04802,1.04833,1.00,1.37
2015.01.12 21:33:25.550,1.04802,1.04833,1.00,1.37
2015.01.12 21:33:26.969,1.04802,1.04833,1.00,1.37
2015.01.12 21:33:27.750,1.04802,1.04833,1.00,1.37
2015.01.12 21:33:28.689,1.04802,1.04833,1.00,1.00
2015.01.12 21:33:29.678,1.04802,1.04833,1.00,1.37
2015.01.12 21:33:31.847,1.048,1.04833,1.00,1.37
2015.01.12 21:33:31.898,1.048,1.04835,1.00,2.25
2015.01.12 21:33:32.000,1.048,1.04834,1.00,1.00
2015.01.12 21:33:32.051,1.048,1.04828,1.00,1.00
2015.01.12 21:33:32.355,1.04797,1.04825,1.00,1.00
2015.01.12 21:33:32.456,1.04794,1.04824,1.00,1.00
2015.01.12 21:33:37.252,1.04792,1.04822,1.00,1.00
2015.01.12 21:33:37.555,1.04789,1.04819,1.00,1.00
2015.01.12 21:33:38.194,1.04789,1.04818,1.00,1.00
2015.01.12 21:33:38.699,1.04789,1.04817,1.00,1.00
2015.01.12 21:33:38.890,1.04786,1.04816,1.00,1.00
2015.01.12 21:33:59.384,1.04786,1.04816,1.00,1.37
2015.01.12 21:33:59.951,1.04786,1.04814,1.00,1.37
2015.01.12 21:34:29.877,1.04786,1.04814,1.37,1.37
2015.01.12 21:34:32.628,1.04787,1.04815,1.37,1.37
2015.01.12 21:34:33.153,1.04787,1.04815,1.37,1.37
2015.01.12 21:34:33.658,1.04787,1.04815,1.37,1.37
2015.01.12 21:34:59.938,1.04788,1.04816,1.37,1.37
2015.01.12 21:35:01.639,1.04788,1.04816,1.37,1.50
2015.01.12 21:35:02.179,1.04787,1.04815,1.37,1.37
2015.01.12 21:35:02.489,1.04787,1.04815,1.37,1.50
2015.01.12 21:35:03.035,1.04787,1.04815,1.37,1.50
2015.01.12 21:35:03.351,1.04787,1.04815,1.37,1.50
2015.01.12 21:35:10.597,1.04787,1.04815,1.37,1.50
2015.01.12 21:35:13.960,1.04786,1.04815,1.37,1.37
2015.01.12 21:35:14.364,1.04785,1.04815,1.37,1.75
2015.01.12 21:35:14.465,1.04785,1.04815,1.37,1.37
2015.01.12 21:35:14.790,1.04785,1.04815,1.37,1.75
2015.01.12 21:35:14.891,1.04785,1.04815,1.37,1.37
2015.01.12 21:35:15.118,1.04785,1.04815,1.37,1.37
2015.01.12 21:35:16.181,1.04785,1.04815,1.37,1.75
2015.01.12 21:35:16.689,1.04785,1.04815,1.37,1.75
2015.01.12 21:35:18.282,1.04785,1.04815,1.37,1.75
2015.01.12 21:35:18.891,1.04785,1.04815,1.37,1.75
2015.01.12 21:35:20.104,1.04785,1.04813,1.37,1.37
2015.01.12 21:35:20.468,1.04785,1.04813,1.37,1.37
2015.01.12 21:35:20.620,1.04785,1.04813,1.37,1.37
2015.01.12 21:35:21.167,1.04785,1.04813,1.37,1.37
2015.01.12 21:35:31.617,1.04785,1.04813,1.37,1.37
2015.01.12 21:35:38.626,1.04785,1.04813,1.37,1.47
2015.01.12 21:35:43.388,1.04785,1.04813,1.37,1.37
2015.01.12 21:35:57.964,1.04786,1.04813,1.37,1.37
2015.01.12 21:35:58.563,1.04786,1.04813,1.37,1.37
2015.01.12 21:36:01.573,1.04787,1.04815,1.37,1.37
2015.01.12 21:36:01.624,1.04787,1.04813,1.37,1.00
2015.01.12 21:36:01.675,1.04787,1.04813,1.37,1.37
2015.01.12 21:36:03.074,1.04787,1.04813,1.37,1.12
2015.01.12 21:36:03.376,1.04787,1.04813,1.37,1.37
2015.01.12 21:36:06.425,1.04787,1.04813,1.37,1.12
2015.01.12 21:36:06.627,1.04787,1.04813,1.37,1.37
2015.01.12 21:36:08.395,1.04787,1.04813,1.37,1.00
2015.01.12 21:36:08.597,1.04787,1.04813,1.37,1.37
2015.01.12 21:36:10.421,1.04787,1.04813,1.37,1.00
2015.01.12 21:36:10.522,1.04787,1.04813,1.37,1.37
2015.01.12 21:36:15.117,1.04787,1.04813,1.37,1.00
2015.01.12 21:36:15.397,1.04787,1.04815,1.37,1.50
2015.01.12 21:37:17.626,1.0479,1.04815,1.37,1.00
2015.01.12 21:37:23.008,1.04781,1.04814,1.57,1.00
2015.01.12 21:37:26.847,1.04789,1.04816,1.37,1.00
2015.01.12 21:37:26.898,1.04789,1.04816,1.37,1.00
2015.01.12 21:37:34.598,1.04789,1.04816,1.37,1.00
2015.01.12 21:37:35.238,1.04786,1.04815,1.37,1.00
2015.01.12 21:37:39.591,1.04784,1.04814,1.37,1.00
2015.01.12 21:37:45.123,1.04784,1.04814,1.37,1.00
2015.01.12 21:37:46.218,1.04784,1.04812,1.37,1.00
2015.01.12 21:37:47.037,1.04784,1.04812,1.37,1.10
2015.01.12 21:37:47.582,1.04781,1.04811,1.37,1.00
2015.01.12 21:37:54.798,1.04781,1.04813,1.37,1.07
2015.01.12 21:37:54.848,1.04781,1.04813,1.37,1.07
2015.01.12 21:37:55.423,1.04782,1.0481,1.37,1.00
2015.01.12 21:37:55.966,1.04782,1.0481,1.37,1.00
2015.01.12 21:37:56.117,1.04783,1.04813,1.37,1.07
2015.01.12 21:38:00.444,1.04783,1.04813,1.37,1.00
2015.01.12 21:38:02.525,1.04778,1.04806,1.37,1.00
2015.01.12 21:38:02.626,1.04778,1.04806,1.37,1.00
2015.01.12 21:38:02.828,1.04776,1.04803,1.37,1.00
2015.01.12 21:38:03.173,1.04774,1.04802,1.37,1.37
2015.01.12 21:38:03.678,1.04772,1.048,1.37,1.00
2015.01.12 21:38:06.394,1.04772,1.048,1.37,1.00
2015.01.12 21:38:06.547,1.04773,1.04803,1.37,1.45
2015.01.12 21:38:06.597,1.04773,1.04803,1.37,1.37
2015.01.12 21:38:08.392,1.04773,1.04803,1.37,1.00
2015.01.12 21:38:08.443,1.04777,1.04805,1.37,1.10
2015.01.12 21:38:08.930,1.04777,1.04805,1.37,1.00
2015.01.12 21:38:09.265,1.04777,1.04805,1.37,1.00
2015.01.12 21:38:09.471,1.04779,1.04809,1.37,1.20
2015.01.12 21:38:10.020,1.04779,1.04809,1.37,1.12
2015.01.12 21:38:10.329,1.04779,1.04809,1.37,1.12
2015.01.12 21:38:15.053,1.04779,1.04807,1.37,1.00
2015.01.12 21:38:17.386,1.04788,1.04816,1.37,1.87
2015.01.12 21:38:17.488,1.04794,1.04822,1.37,1.00
2015.01.12 21:38:17.589,1.04792,1.0482,1.37,1.00
2015.01.12 21:38:18.145,1.04792,1.0482,1.12,1.00
2015.01.12 21:38:18.297,1.04789,1.04817,1.37,1.00
2015.01.12 21:38:21.529,1.04789,1.04817,1.37,1.37
2015.01.12 21:38:22.040,1.04785,1.04815,1.37,1.00
2015.01.12 21:38:26.305,1.04788,1.04816,1.37,1.00
2015.01.12 21:38:27.114,1.04786,1.04814,1.37,1.00
2015.01.12 21:38:27.893,1.04788,1.04816,1.37,1.00
2015.01.12 21:38:34.321,1.04789,1.04819,1.37,1.12
2015.01.12 21:38:35.613,1.04789,1.04819,1.37,1.00
2015.01.12 21:38:36.603,1.04789,1.04819,1.37,1.00
2015.01.12 21:38:49.872,1.04788,1.04818,1.37,1.00
2015.01.12 21:39:00.665,1.04791,1.04819,1.37,1.00
2015.01.12 21:39:09.483,1.04792,1.0482,1.12,1.00
2015.01.12 21:39:29.147,1.04791,1.04819,1.12,1.00
2015.01.12 21:39:32.642,1.04791,1.04819,1.37,1.00
2015.01.12 21:39:39.758,1.04791,1.04819,1.00,1.00
2015.01.12 21:39:47.549,1.04792,1.0482,1.00,1.00
2015.01.12 21:39:48.273,1.04794,1.04822,1.00,1.00
2015.01.12 21:40:02.481,1.04792,1.0482,1.00,1.00
2015.01.12 21:40:09.598,1.04791,1.04819,1.12,1.00
2015.01.12 21:40:09.902,1.04787,1.04817,1.37,1.00
2015.01.12 21:40:10.563,1.04787,1.04817,1.37,1.00
2015.01.12 21:40:17.582,1.04787,1.04817,1.37,1.00
2015.01.12 21:40:26.573,1.04787,1.04819,1.37,1.00
2015.01.12 21:40:27.081,1.0479,1.04818,1.37,1.00
2015.01.12 21:40:30.452,1.0479,1.04818,1.00,1.00
2015.01.12 21:40:31.272,1.04786,1.04816,1.00,1.00
2015.01.12 21:40:36.698,1.04786,1.04814,1.00,1.00
2015.01.12 21:40:44.596,1.04788,1.04816,1.00,1.00
2015.01.12 21:40:45.316,1.0479,1.0482,1.00,1.00
2015.01.12 21:40:45.776,1.04788,1.04818,1.00,1.00
2015.01.12 21:40:46.083,1.04788,1.04816,1.00,1.00
2015.01.12 21:40:48.002,1.04786,1.04814,1.00,1.00
2015.01.12 21:41:08.906,1.04786,1.04813,1.00,1.00
2015.01.12 21:41:08.956,1.04782,1.04812,1.12,1.00
2015.01.12 21:41:09.286,1.04782,1.04812,1.37,1.00
2015.01.12 21:41:09.645,1.04786,1.04814,1.00,1.00
2015.01.12 21:41:09.848,1.04787,1.04817,1.00,1.00
2015.01.12 21:41:12.468,1.04783,1.04811,1.00,1.00
2015.01.12 21:41:13.175,1.0478,1.04808,1.37,1.00
2015.01.12 21:41:13.277,1.04784,1.04812,1.37,1.00
2015.01.12 21:41:13.532,1.04787,1.04815,1.00,1.00
2015.01.12 21:41:14.146,1.0479,1.04818,1.00,1.00
2015.01.12 21:41:19.683,1.04791,1.04821,1.00,1.00
2015.01.12 21:41:41.524,1.04793,1.04821,1.00,1.00
2015.01.12 21:41:56.615,1.04794,1.04826,1.87,1.00
2015.01.12 21:41:56.716,1.04794,1.04833,1.87,1.00
2015.01.12 21:41:56.817,1.04801,1.04833,1.87,1.00
2015.01.12 21:41:57.331,1.04801,1.04834,1.87,1.00
2015.01.12 21:41:57.886,1.04801,1.04833,1.87,1.00
2015.01.12 21:41:58.496,1.04801,1.04834,1.87,1.00
2015.01.12 21:41:59.215,1.04801,1.04833,1.87,1.00
2015.01.12 21:42:00.285,1.04798,1.04834,1.87,1.00
2015.01.12 21:42:00.892,1.04798,1.04833,1.87,1.00
2015.01.12 21:42:01.735,1.04798,1.04834,1.87,1.00
2015.01.12 21:42:02.615,1.04798,1.04833,1.87,1.00
2015.01.12 21:42:03.574,1.04798,1.04834,1.87,1.00
2015.01.12 21:42:04.084,1.04798,1.04833,1.87,1.00
2015.01.12 21:42:04.616,1.04798,1.04834,1.87,1.00
2015.01.12 21:42:04.868,1.04806,1.04836,1.00,1.00
2015.01.12 21:42:04.919,1.04806,1.0484,1.00,1.00
2015.01.12 21:42:05.079,1.04797,1.04831,1.00,1.00
2015.01.12 21:42:06.924,1.04793,1.04829,2.62,1.00
2015.01.12 21:42:20.450,1.04788,1.04831,1.92,1.00
2015.01.12 21:42:20.661,1.04788,1.04834,1.92,1.00
2015.01.12 21:42:20.850,1.04788,1.04832,1.65,1.00
2015.01.12 21:42:21.536,1.04788,1.04831,1.92,1.00
2015.01.12 21:42:22.844,1.04788,1.04833,1.65,1.00
2015.01.12 21:42:23.047,1.04788,1.04831,1.92,1.00
2015.01.12 21:42:23.568,1.04788,1.04832,1.65,1.00
2015.01.12 21:42:24.146,1.04788,1.04831,1.92,1.00
2015.01.12 21:42:24.656,1.04788,1.04832,1.55,1.00
2015.01.12 21:42:24.807,1.04788,1.04834,1.55,1.00
2015.01.12 21:42:25.010,1.04788,1.04832,1.55,1.00
2015.01.12 21:42:26.735,1.04788,1.04831,1.55,1.00
2015.01.12 21:42:27.038,1.04791,1.04827,1.37,1.00
2015.01.12 21:42:32.576,1.04791,1.04827,1.37,1.00
2015.01.12 21:42:36.223,1.04796,1.04826,1.00,1.00
2015.01.12 21:42:43.283,1.04794,1.04824,1.37,1.00
2015.01.12 21:42:47.626,1.04794,1.04824,1.12,1.00
2015.01.12 21:42:48.647,1.04794,1.04824,1.37,1.00
2015.01.12 21:42:51.500,1.04793,1.04821,1.37,1.00
2015.01.12 21:43:00.847,1.04792,1.04823,1.37,1.00
2015.01.12 21:43:02.579,1.04793,1.04823,1.37,1.00
2015.01.12 21:43:03.348,1.04797,1.04825,1.00,1.00
2015.01.12 21:43:12.753,1.04798,1.04826,1.00,1.00
2015.01.12 21:43:20.550,1.04797,1.04826,1.00,1.00
2015.01.12 21:43:21.059,1.04797,1.04825,1.00,1.00
2015.01.12 21:43:26.101,1.04795,1.04823,1.00,1.00
2015.01.12 21:43:35.204,1.04796,1.04824,1.00,1.00
2015.01.12 21:43:55.217,1.04795,1.04823,1.00,1.00
2015.01.12 21:44:12.734,1.04795,1.04825,1.00,1.00
2015.01.12 21:44:22.260,1.04797,1.04825,1.00,1.00
2015.01.12 21:44:34.277,1.04796,1.04824,1.00,1.00
2015.01.12 21:45:01.927,1.04795,1.04823,1.00,1.00
2015.01.12 21:45:12.675,1.04796,1.04824,1.00,1.00
2015.01.12 21:45:19.191,1.04798,1.04826,1.00,1.00
2015.01.12 21:45:24.276,1.04796,1.04826,1.00,1.00
2015.01.12 21:45:29.482,1.04798,1.04826,1.00,1.00
2015.01.12 21:45:35.428,1.04797,1.04825,1.00,1.00
2015.01.12 21:45:40.530,1.04799,1.04827,1.00,1.00
2015.01.12 21:45:47.011,1.04798,1.04826,1.00,1.00
2015.01.12 21:46:10.244,1.04805,1.04831,1.00,1.00
2015.01.12 21:46:10.762,1.048,1.0483,1.00,1.00
2015.01.12 21:46:10.864,1.048,1.04824,1.00,1.00
2015.01.12 21:46:11.368,1.04799,1.04824,1.00,1.00
2015.01.12 21:46:21.526,1.04799,1.04825,1.00,1.00
2015.01.12 21:46:51.096,1.04799,1.04824,1.00,1.00
2015.01.12 21:46:52.232,1.04801,1.04829,1.00,1.50
2015.01.12 21:47:06.178,1.04805,1.04829,1.00,1.00
2015.01.12 21:47:06.561,1.04805,1.04831,1.00,1.00
2015.01.12 21:47:15.353,1.04804,1.04831,1.00,1.00
2015.01.12 21:47:15.455,1.04799,1.04829,1.87,1.00
2015.01.12 21:47:18.126,1.04799,1.04829,1.37,1.00
2015.01.12 21:47:20.577,1.04799,1.04827,1.57,1.00
2015.01.12 21:47:31.981,1.04798,1.04826,1.55,1.00
2015.01.12 21:47:46.683,1.04798,1.04826,1.50,1.00
2015.01.12 21:47:46.835,1.04799,1.04829,1.12,1.00
2015.01.12 21:47:46.886,1.04799,1.04829,1.50,1.00
2015.01.12 21:48:01.513,1.04799,1.04827,1.50,1.00
2015.01.12 21:48:01.614,1.04799,1.04827,1.12,1.00
2015.01.12 21:48:23.657,1.04797,1.04825,1.00,1.00
2015.01.12 21:48:32.666,1.04809,1.04831,1.00,1.00
2015.01.12 21:48:32.768,1.04809,1.04836,1.37,1.12
2015.01.12 21:48:32.819,1.04809,1.04836,1.00,1.12
2015.01.12 21:48:33.335,1.04809,1.04837,1.00,1.87
2015.01.12 21:48:33.487,1.04801,1.04828,1.00,1.00
2015.01.12 21:48:34.030,1.048,1.04828,1.00,1.00
2015.01.12 21:48:50.096,1.04797,1.04825,1.00,1.00
2015.01.12 21:49:06.921,1.04795,1.04825,1.00,1.00
2015.01.12 21:49:12.114,1.04795,1.04825,1.37,1.00
2015.01.12 21:49:12.616,1.04795,1.04825,1.00,1.00
2015.01.12 21:49:14.867,1.04793,1.04823,1.50,1.00
2015.01.12 21:49:20.244,1.04793,1.04821,1.50,1.00
2015.01.12 21:49:20.598,1.04797,1.04821,1.00,1.00
2015.01.12 21:49:20.648,1.04804,1.04832,1.00,1.12
2015.01.12 21:49:23.745,1.04804,1.04834,1.00,1.00
2015.01.12 21:49:24.152,1.048,1.0483,1.37,1.00
2015.01.12 21:49:24.253,1.04805,1.04833,1.00,1.00
2015.01.12 21:49:25.882,1.048,1.0483,1.37,1.00
2015.01.12 21:49:26.386,1.048,1.0483,1.00,1.00
2015.01.12 21:49:31.473,1.048,1.04828,1.00,1.00
2015.01.12 21:49:39.372,1.04804,1.04832,1.00,1.00
2015.01.12 21:49:42.811,1.04805,1.04832,1.00,1.00
2015.01.12 21:49:43.115,1.04814,1.04836,1.00,1.12
2015.01.12 21:49:43.217,1.04807,1.04837,1.37,1.12
2015.01.12 21:49:43.369,1.04804,1.04832,1.12,1.00
2015.01.12 21:49:43.472,1.04797,1.04836,1.37,1.12
2015.01.12 21:49:43.573,1.04797,1.04837,1.12,1.12
2015.01.12 21:49:43.624,1.04799,1.04837,1.00,1.12
2015.01.12 21:49:44.280,1.04798,1.04836,1.00,1.12
2015.01.12 21:49:44.592,1.04805,1.04841,1.00,1.00
2015.01.12 21:49:44.909,1.04805,1.04836,1.00,1.12
2015.01.12 21:49:45.424,1.04803,1.04837,1.37,1.87
2015.01.12 21:49:45.782,1.04808,1.04836,1.00,1.12
2015.01.12 21:49:46.131,1.04812,1.04841,1.37,1.00
2015.01.12 21:49:46.233,1.04812,1.04846,1.12,1.00
2015.01.12 21:49:46.284,1.04812,1.04848,1.12,1.00
2015.01.12 21:49:46.707,1.04809,1.04847,1.00,1.00
2015.01.12 21:49:47.216,1.04807,1.04846,1.00,1.37
2015.01.12 21:49:47.317,1.04804,1.04846,1.87,1.37
2015.01.12 21:49:48.751,1.04804,1.04842,1.12,1.37
2015.01.12 21:49:49.326,1.04801,1.04842,1.00,1.37
2015.01.12 21:49:49.377,1.048,1.04842,1.87,1.37
2015.01.12 21:49:49.894,1.04804,1.04842,1.37,1.37
2015.01.12 21:49:50.475,1.04804,1.04842,1.37,1.37
2015.01.12 21:49:51.012,1.04804,1.04842,1.37,1.37
2015.01.12 21:49:51.518,1.04804,1.04842,1.37,1.37
2015.01.12 21:49:52.285,1.04804,1.04842,1.37,1.37
2015.01.12 21:49:52.923,1.04801,1.04842,1.87,1.37
2015.01.12 21:49:53.435,1.04801,1.04835,1.87,1.00
2015.01.12 21:49:59.728,1.04801,1.04835,1.50,1.00
2015.01.12 21:50:02.654,1.04801,1.04836,1.50,1.12
2015.01.12 21:50:03.162,1.04802,1.04837,1.37,1.12
2015.01.12 21:50:03.708,1.04802,1.04837,1.37,1.37
2015.01.12 21:50:05.019,1.04802,1.04837,1.37,1.12
2015.01.12 21:50:05.797,1.04802,1.04837,1.37,1.37
2015.01.12 21:50:07.747,1.04802,1.04837,1.37,1.12
2015.01.12 21:50:08.666,1.04802,1.04838,1.37,1.37
2015.01.12 21:50:09.986,1.04802,1.04838,1.37,1.37
2015.01.12 21:50:10.545,1.04802,1.04838,1.37,1.37
2015.01.12 21:50:11.135,1.04802,1.04838,1.37,1.37
2015.01.12 21:50:11.641,1.04802,1.04838,1.37,1.37
2015.01.12 21:50:14.382,1.04802,1.04839,1.37,1.37
2015.01.12 21:50:16.406,1.04802,1.04839,1.37,1.37
2015.01.12 21:50:16.918,1.04802,1.04839,1.37,1.37
2015.01.12 21:50:17.472,1.04802,1.04839,1.37,1.37
2015.01.12 21:50:18.282,1.04802,1.04839,1.37,1.37
2015.01.12 21:50:18.797,1.04802,1.04839,1.37,1.37
2015.01.12 21:50:19.128,1.04807,1.04839,1.00,1.37
2015.01.12 21:50:19.330,1.04807,1.04841,1.00,1.00
2015.01.12 21:50:19.381,1.04809,1.04845,1.00,1.00
2015.01.12 21:50:25.301,1.04811,1.04845,1.00,1.00
2015.01.12 21:50:25.644,1.04813,1.04841,1.00,1.00
2015.01.12 21:50:25.695,1.04807,1.04838,1.00,1.00
2015.01.12 21:50:25.746,1.04807,1.04838,1.00,1.37
2015.01.12 21:50:26.100,1.04803,1.04835,1.00,1.00
2015.01.12 21:50:26.302,1.04806,1.04836,1.00,1.00
2015.01.12 21:50:26.606,1.048,1.04828,1.00,1.00
2015.01.12 21:50:28.276,1.04803,1.0483,1.00,1.00
2015.01.12 21:50:28.579,1.04803,1.04833,1.00,1.00
2015.01.12 21:50:29.265,1.04803,1.04831,1.00,1.00
2015.01.12 21:50:30.373,1.04808,1.04831,1.00,1.00
2015.01.12 21:50:30.475,1.04808,1.04834,1.00,1.00
2015.01.12 21:50:30.983,1.04808,1.04835,1.00,1.00
2015.01.12 21:50:34.715,1.04811,1.04835,1.00,1.00
2015.01.12 21:50:35.018,1.04811,1.04839,1.00,1.87
2015.01.12 21:50:35.919,1.04811,1.04839,1.00,1.87
2015.01.12 21:50:37.037,1.04811,1.04839,1.00,1.87
2015.01.12 21:50:37.851,1.04811,1.04839,1.00,1.87
2015.01.12 21:50:40.042,1.04811,1.04839,1.00,1.87
2015.01.12 21:50:42.190,1.04811,1.04839,1.00,1.87
2015.01.12 21:50:45.452,1.04811,1.04838,1.00,1.37
2015.01.12 21:50:46.174,1.04811,1.04838,1.00,1.37
2015.01.12 21:50:47.087,1.04811,1.04838,1.00,1.37
2015.01.12 21:50:47.683,1.04811,1.04838,1.00,1.37
2015.01.12 21:50:48.191,1.04811,1.04838,1.00,1.37
2015.01.12 21:50:48.851,1.04811,1.04838,1.00,1.37
2015.01.12 21:50:49.632,1.04811,1.04838,1.00,1.37
2015.01.12 21:50:50.171,1.04811,1.04838,1.00,1.37
2015.01.12 21:50:50.746,1.04811,1.04838,1.00,1.37
2015.01.12 21:50:51.257,1.04811,1.04838,1.00,1.37
2015.01.12 21:50:54.099,1.04811,1.04838,1.00,1.37
2015.01.12 21:50:55.024,1.04811,1.04838,1.00,1.37
2015.01.12 21:50:55.638,1.04811,1.04838,1.00,1.37
2015.01.12 21:50:56.705,1.04811,1.04838,1.00,1.37
2015.01.12 21:50:58.298,1.04811,1.04838,1.00,1.37
2015.01.12 21:50:58.808,1.04811,1.04837,1.00,1.37
2015.01.12 21:50:59.843,1.04814,1.04837,1.00,1.37
2015.01.12 21:50:59.944,1.04812,1.04837,1.00,1.12
2015.01.12 21:51:00.953,1.04812,1.04837,1.00,1.37
2015.01.12 21:51:02.262,1.04812,1.04834,1.00,1.00
2015.01.12 21:51:02.414,1.04812,1.04836,1.00,1.12
2015.01.12 21:51:02.667,1.04809,1.04838,1.00,1.37
2015.01.12 21:51:03.195,1.04809,1.04838,1.00,1.37
2015.01.12 21:51:03.449,1.04806,1.04836,1.00,1.12
2015.01.12 21:51:03.959,1.04802,1.04832,1.00,1.00
2015.01.12 21:51:09.695,1.04807,1.04835,1.00,1.00
2015.01.12 21:51:12.172,1.04803,1.04831,1.00,1.00
2015.01.12 21:51:17.999,1.048,1.04828,1.00,1.00
2015.01.12 21:51:18.596,1.04802,1.04831,1.00,1.00
2015.01.12 21:51:20.111,1.04803,1.04833,1.00,1.00
2015.01.12 21:51:20.218,1.04803,1.04831,1.00,1.00
2015.01.12 21:51:21.823,1.04799,1.04831,1.00,1.00
2015.01.12 21:51:21.874,1.04799,1.04831,1.37,1.00
2015.01.12 21:51:21.925,1.04798,1.04842,1.75,1.37
2015.01.12 21:51:22.474,1.04798,1.04843,1.57,1.37
2015.01.12 21:51:23.102,1.04797,1.04843,1.82,1.37
2015.01.12 21:51:23.610,1.04797,1.04843,1.82,1.37
2015.01.12 21:51:25.022,1.04799,1.04843,1.37,1.37
2015.01.12 21:51:25.538,1.04799,1.04843,1.37,1.37
2015.01.12 21:51:26.275,1.04797,1.04843,2.32,1.37
2015.01.12 21:51:27.202,1.04797,1.04843,1.82,1.37
2015.01.12 21:51:27.710,1.04797,1.04843,1.82,1.37
2015.01.12 21:51:28.217,1.04797,1.04842,1.82,1.37
2015.01.12 21:51:30.151,1.04806,1.04836,1.00,1.12
2015.01.12 21:51:32.831,1.04802,1.04832,1.00,1.00
2015.01.12 21:51:34.568,1.04806,1.04834,1.00,1.00
2015.01.12 21:51:36.543,1.04802,1.04832,1.00,1.00
2015.01.12 21:51:36.644,1.04806,1.04836,1.00,1.12
2015.01.12 21:51:41.076,1.04803,1.04831,1.00,1.00
2015.01.12 21:51:41.177,1.04806,1.04836,1.00,1.12
2015.01.12 21:51:41.380,1.04802,1.04832,1.00,1.00
2015.01.12 21:51:43.458,1.04802,1.04836,1.00,1.00
2015.01.12 21:51:44.021,1.04803,1.04835,1.00,1.00
2015.01.12 21:51:44.218,1.04803,1.04835,1.37,1.00
2015.01.12 21:51:52.404,1.04809,1.04839,1.37,1.37
2015.01.12 21:51:52.954,1.04813,1.04841,1.37,1.37
2015.01.12 21:51:53.488,1.04813,1.04841,1.37,1.37
2015.01.12 21:51:54.138,1.0481,1.04838,1.37,1.37
2015.01.12 21:51:55.054,1.0481,1.04838,1.37,1.37
2015.01.12 21:51:55.572,1.0481,1.04838,1.37,1.37
2015.01.12 21:51:56.117,1.0481,1.04838,1.37,1.37
2015.01.12 21:51:57.081,1.0481,1.04838,1.37,1.37
2015.01.12 21:51:57.695,1.0481,1.04838,1.37,1.37
2015.01.12 21:51:58.200,1.0481,1.04838,1.37,1.37
2015.01.12 21:51:58.707,1.0481,1.04838,1.37,1.37
2015.01.12 21:52:02.562,1.04808,1.04836,1.37,1.12
2015.01.12 21:52:08.744,1.0481,1.0484,1.37,1.37
2015.01.12 21:52:09.367,1.0481,1.0484,1.37,1.37
2015.01.12 21:52:10.260,1.0481,1.0484,1.37,1.37
2015.01.12 21:52:10.824,1.0481,1.0484,1.37,1.37
2015.01.12 21:52:12.709,1.0481,1.0484,1.37,1.37
2015.01.12 21:52:13.449,1.0481,1.0484,1.37,1.37
2015.01.12 21:52:14.869,1.04804,1.04833,1.12,1.00
2015.01.12 21:52:15.373,1.04804,1.04833,1.87,1.00
2015.01.12 21:52:17.108,1.04804,1.04833,1.12,1.00
2015.01.12 21:52:17.661,1.04808,1.04836,1.37,1.00
2015.01.12 21:52:23.483,1.04808,1.04838,1.37,1.37
2015.01.12 21:52:24.082,1.04808,1.04838,1.37,1.37
2015.01.12 21:52:26.815,1.04808,1.04838,1.37,1.37
2015.01.12 21:52:27.851,1.04808,1.04838,1.37,1.37
2015.01.12 21:52:28.353,1.04808,1.04838,1.37,1.37
2015.01.12 21:52:28.862,1.04808,1.04838,1.37,1.37
2015.01.12 21:52:30.002,1.04808,1.04838,1.37,1.37
2015.01.12 21:52:30.602,1.04808,1.04838,1.37,1.37
2015.01.12 21:52:31.113,1.04808,1.04838,1.37,1.37
2015.01.12 21:52:31.983,1.04808,1.04838,1.37,1.37
2015.01.12 21:52:32.751,1.04808,1.04838,1.37,1.37
2015.01.12 21:52:33.260,1.04808,1.04838,1.37,1.37
2015.01.12 21:52:34.120,1.04809,1.04839,1.37,1.37
2015.01.12 21:52:34.621,1.04809,1.04839,1.12,1.37
2015.01.12 21:52:35.234,1.04809,1.04839,1.12,1.37
2015.01.12 21:52:36.513,1.04809,1.04839,1.12,1.37
2015.01.12 21:52:37.254,1.04809,1.04839,1.12,1.37
2015.01.12 21:52:37.926,1.04809,1.04839,1.12,1.37
2015.01.12 21:52:38.535,1.04809,1.04839,1.12,1.37
2015.01.12 21:52:40.995,1.04809,1.04839,1.12,1.37
2015.01.12 21:52:42.216,1.04809,1.04839,1.12,1.37
2015.01.12 21:52:44.328,1.04809,1.04839,1.12,1.37
2015.01.12 21:52:44.835,1.04809,1.04839,1.12,1.37
2015.01.12 21:52:45.133,1.04809,1.04839,1.37,1.37
2015.01.12 21:52:45.642,1.04809,1.04839,1.37,1.37
2015.01.12 21:52:47.216,1.04809,1.04839,1.37,1.37
2015.01.12 21:52:47.780,1.04809,1.04839,1.37,1.37
2015.01.12 21:52:48.723,1.04811,1.04839,1.37,1.37
2015.01.12 21:52:49.340,1.04811,1.04839,1.37,1.37
2015.01.12 21:52:50.636,1.04811,1.04839,1.37,1.37
2015.01.12 21:52:51.959,1.04811,1.04839,1.37,1.37
2015.01.12 21:52:52.571,1.04811,1.04839,1.37,1.37
2015.01.12 21:52:52.874,1.04811,1.04839,1.37,1.37
2015.01.12 21:52:53.581,1.04811,1.04839,1.37,1.37
2015.01.12 21:52:54.238,1.04812,1.04838,1.37,1.00
2015.01.12 21:52:54.707,1.0481,1.04838,1.37,1.37
2015.01.12 21:52:55.616,1.04812,1.04838,1.37,1.37
2015.01.12 21:52:56.121,1.04812,1.04838,1.37,1.37
2015.01.12 21:52:57.240,1.04812,1.04838,1.37,1.37
2015.01.12 21:52:57.752,1.04812,1.04838,1.37,1.37
2015.01.12 21:52:59.905,1.04812,1.04838,1.37,1.37
2015.01.12 21:53:00.209,1.04817,1.04845,1.37,1.00
2015.01.12 21:53:00.361,1.04818,1.04848,1.37,1.50
2015.01.12 21:53:00.866,1.04821,1.04845,1.37,1.00
2015.01.12 21:53:04.709,1.04821,1.04845,1.12,1.00
2015.01.12 21:53:06.573,1.04821,1.04847,1.12,1.00
2015.01.12 21:53:07.034,1.04821,1.04849,1.12,1.50
2015.01.12 21:53:07.136,1.04821,1.04849,1.37,1.00
2015.01.12 21:53:07.706,1.04825,1.04851,1.37,1.00
2015.01.12 21:53:12.232,1.04825,1.0485,1.37,1.00
2015.01.12 21:53:13.730,1.04825,1.0485,1.12,1.00
2015.01.12 21:53:18.685,1.04825,1.04848,1.12,1.00
2015.01.12 21:53:20.543,1.04825,1.04851,1.12,1.00
2015.01.12 21:53:21.203,1.04825,1.0485,1.50,1.00
2015.01.12 21:53:22.304,1.04828,1.0485,1.00,1.00
2015.01.12 21:53:27.513,1.04828,1.04851,1.00,1.00
2015.01.12 21:53:28.121,1.04828,1.04852,1.00,1.00
2015.01.12 21:53:34.317,1.04828,1.04851,1.00,1.00
2015.01.12 21:53:35.592,1.04826,1.04851,1.00,1.00
2015.01.12 21:53:40.453,1.04826,1.04853,1.00,1.00
2015.01.12 21:53:43.249,1.04826,1.04852,1.00,1.00
2015.01.12 21:53:43.557,1.04826,1.04849,1.00,1.00
2015.01.12 21:53:43.659,1.04826,1.04851,1.00,1.00
2015.01.12 21:53:45.018,1.04825,1.04851,1.12,1.00
2015.01.12 21:53:47.517,1.04825,1.04848,1.12,1.00
2015.01.12 21:53:49.282,1.04825,1.04849,1.12,1.00
2015.01.12 21:53:50.950,1.04827,1.04849,1.00,1.00
2015.01.12 21:53:52.228,1.04827,1.04848,1.00,1.00
2015.01.12 21:53:59.014,1.04826,1.04848,1.00,1.00
2015.01.12 21:54:02.159,1.04826,1.0485,1.00,1.00
2015.01.12 21:54:03.502,1.0482,1.04848,1.37,1.00
2015.01.12 21:54:03.603,1.04826,1.04853,1.00,1.00
2015.01.12 21:54:03.906,1.04826,1.04849,1.00,1.00
2015.01.12 21:54:15.099,1.04826,1.04848,1.00,1.00
2015.01.12 21:54:21.518,1.04825,1.04848,1.00,1.00
2015.01.12 21:54:22.037,1.04826,1.04848,1.00,1.00
2015.01.12 21:54:27.213,1.04826,1.04845,1.00,1.00
2015.01.12 21:54:27.882,1.04826,1.04847,1.00,1.00
2015.01.12 21:54:29.966,1.04825,1.04847,1.00,1.00
2015.01.12 21:54:31.061,1.04825,1.04846,1.00,1.00
2015.01.12 21:54:35.945,1.04825,1.04846,1.37,1.00
2015.01.12 21:54:36.244,1.04828,1.04844,1.00,1.00
2015.01.12 21:54:39.270,1.04826,1.04844,1.12,1.00
2015.01.12 21:54:40.326,1.04826,1.04846,1.00,1.00
2015.01.12 21:54:52.188,1.04826,1.04844,1.00,1.00
2015.01.12 21:55:00.318,1.04826,1.04856,1.00,1.00
2015.01.12 21:55:00.722,1.04826,1.04854,1.00,1.00
2015.01.12 21:55:08.119,1.04825,1.04853,1.12,1.00
2015.01.12 21:55:11.207,1.04828,1.04856,1.00,1.00
2015.01.12 21:55:13.912,1.04829,1.04857,1.00,1.00
2015.01.12 21:55:21.021,1.04829,1.04854,1.00,1.00
2015.01.12 21:55:21.540,1.04829,1.04852,1.00,1.00
2015.01.12 21:55:26.543,1.04822,1.04848,1.12,1.00
2015.01.12 21:55:26.646,1.04821,1.04848,1.37,1.00
2015.01.12 21:55:26.748,1.04822,1.04852,1.37,1.50
2015.01.12 21:55:28.706,1.04825,1.04854,1.00,1.50
2015.01.12 21:55:29.249,1.04824,1.04854,1.75,1.50
2015.01.12 21:55:32.770,1.04824,1.04853,1.75,1.00
2015.01.12 21:55:33.091,1.0482,1.04848,1.37,1.00
2015.01.12 21:55:33.193,1.04821,1.04851,1.37,1.00
2015.01.12 21:55:33.346,1.04821,1.04851,1.00,1.00
2015.01.12 21:55:33.801,1.04819,1.04849,1.00,1.00
2015.01.12 21:55:36.015,1.04817,1.04846,1.00,1.00
2015.01.12 21:55:36.318,1.04812,1.04842,1.00,1.00
2015.01.12 21:55:51.136,1.04805,1.04837,1.00,1.00
2015.01.12 21:55:51.237,1.04806,1.04834,1.00,1.00
2015.01.12 21:55:51.567,1.04803,1.04831,1.50,1.00
2015.01.12 21:55:57.940,1.04806,1.04831,1.00,1.00
2015.01.12 21:55:58.408,1.04808,1.04836,1.00,1.12
2015.01.12 21:56:02.961,1.04813,1.04841,1.00,1.37
2015.01.12 21:56:03.511,1.04813,1.04841,1.00,1.37
2015.01.12 21:56:04.115,1.04813,1.04841,1.00,1.37
2015.01.12 21:56:04.634,1.04813,1.04841,1.00,1.37
2015.01.12 21:56:05.231,1.04813,1.04841,1.00,1.37
2015.01.12 21:56:05.980,1.04813,1.04841,1.00,1.37
2015.01.12 21:56:06.031,1.04801,1.04831,1.00,1.00
2015.01.12 21:56:09.141,1.04806,1.04836,1.00,1.12
2015.01.12 21:56:09.964,1.04803,1.04833,1.00,1.00
2015.01.12 21:56:12.458,1.04803,1.04836,1.00,1.12
2015.01.12 21:56:12.560,1.04806,1.04836,1.00,1.00
2015.01.12 21:56:20.078,1.04808,1.04836,1.00,1.12
2015.01.12 21:56:28.700,1.04803,1.04831,1.00,1.00
2015.01.12 21:56:34.203,1.04802,1.04831,1.00,1.00
2015.01.12 21:56:34.860,1.04801,1.04831,1.00,1.00
2015.01.12 21:56:46.331,1.04799,1.04827,1.50,1.00
2015.01.12 21:56:50.102,1.048,1.0483,1.00,1.00
2015.01.12 21:57:00.626,1.048,1.04829,1.00,1.00
2015.01.12 21:57:01.179,1.048,1.04828,1.00,1.00
2015.01.12 21:57:04.559,1.04802,1.0483,1.00,1.00
2015.01.12 21:57:17.354,1.04801,1.04829,1.00,1.00
2015.01.12 21:57:22.973,1.04796,1.04826,1.00,1.00
2015.01.12 21:57:30.001,1.04795,1.04823,1.00,1.00
2015.01.12 21:57:31.908,1.04799,1.04829,1.00,1.00
2015.01.12 21:57:36.603,1.04802,1.0483,1.00,1.00
2015.01.12 21:57:46.140,1.04804,1.04834,1.00,1.00
2015.01.12 21:57:46.242,1.04809,1.04837,1.00,1.37
2015.01.12 21:57:49.127,1.04809,1.04837,1.00,1.12
2015.01.12 21:57:49.670,1.04809,1.04837,1.00,1.37
2015.01.12 21:57:51.906,1.04805,1.04838,1.00,1.37
2015.01.12 21:57:52.008,1.04806,1.04834,1.00,1.00
2015.01.12 21:57:52.917,1.04803,1.04831,1.00,1.00
2015.01.12 21:57:53.230,1.04804,1.04834,1.00,1.00
2015.01.12 21:58:12.846,1.04803,1.04831,1.00,1.00
2015.01.12 21:58:13.149,1.04795,1.04825,1.00,1.00
2015.01.12 21:58:13.351,1.04793,1.04821,1.00,1.00
2015.01.12 21:58:15.001,1.04796,1.04824,1.00,1.00
2015.01.12 21:58:16.779,1.04797,1.04827,1.00,1.00
2015.01.12 21:58:16.880,1.04801,1.04829,1.00,1.00
2015.01.12 21:58:17.758,1.04797,1.04825,1.00,1.00
2015.01.12 21:58:17.809,1.04795,1.04825,1.00,1.00
2015.01.12 21:58:26.901,1.04794,1.04822,1.00,1.00
2015.01.12 21:58:38.125,1.04791,1.04821,1.00,1.00
2015.01.12 21:58:38.327,1.04793,1.04823,1.00,1.00
2015.01.12 21:58:38.630,1.04792,1.0482,1.00,1.00
2015.01.12 21:58:38.833,1.04792,1.04822,1.00,1.00
2015.01.12 21:58:42.032,1.04794,1.04824,1.00,1.00
2015.01.12 21:58:46.844,1.04792,1.04821,1.00,1.00
2015.01.12 21:58:47.147,1.04795,1.04823,1.00,1.00
2015.01.12 21:58:52.411,1.04796,1.04826,1.00,1.00
2015.01.12 21:58:52.613,1.048,1.04829,1.00,1.00
2015.01.12 21:58:52.715,1.04804,1.04834,1.00,1.00
2015.01.12 21:58:52.816,1.04807,1.04836,1.00,1.00
2015.01.12 21:58:53.119,1.04804,1.04832,1.00,1.00
2015.01.12 21:58:53.423,1.04807,1.04835,1.00,1.00
2015.01.12 21:58:55.260,1.04804,1.04832,1.00,1.00
2015.01.12 21:58:55.563,1.04802,1.0483,1.00,1.00
2015.01.12 21:58:59.171,1.04804,1.04832,1.00,1.00
2015.01.12 21:58:59.474,1.04808,1.04835,1.00,1.00
2015.01.12 21:58:59.575,1.0481,1.04838,1.50,1.00
2015.01.12 21:59:00.355,1.04813,1.0484,1.00,1.00
2015.01.12 21:59:00.659,1.04813,1.04843,1.00,1.00
2015.01.12 21:59:01.884,1.04812,1.0484,1.00,1.00
2015.01.12 21:59:03.296,1.04809,1.04839,1.50,0.75
2015.01.12 21:59:05.563,1.04809,1.04833,0.75,0.75
2015.01.12 21:59:05.614,1.04805,1.04833,1.50,0.75
2015.01.12 21:59:05.665,1.04805,1.04831,0.75,0.75
2015.01.12 21:59:05.719,1.04803,1.04831,0.75,0.75
2015.01.12 21:59:09.418,1.048,1.04828,0.75,0.75
2015.01.12 21:59:13.377,1.04799,1.04831,0.75,0.75
2015.01.12 21:59:13.478,1.04802,1.0483,0.75,0.75
2015.01.12 21:59:13.824,1.04804,1.0483,0.75,0.75
2015.01.12 21:59:14.045,1.04802,1.0483,0.75,0.75
2015.01.12 21:59:14.197,1.048,1.04828,0.75,0.75
2015.01.12 21:59:14.600,1.04803,1.04828,0.75,0.75
2015.01.12 21:59:14.705,1.04804,1.04832,0.75,0.75
2015.01.12 21:59:18.664,1.04806,1.04832,0.75,0.75
2015.01.12 21:59:18.774,1.04804,1.04832,0.75,0.75
2015.01.12 21:59:19.905,1.04802,1.0483,0.75,0.75
2015.01.12 21:59:20.991,1.048,1.04828,0.75,0.75
2015.01.12 21:59:28.300,1.04797,1.04825,0.75,0.75
2015.01.12 21:59:28.501,1.04793,1.04823,0.75,0.75
2015.01.12 21:59:28.804,1.04792,1.0482,0.75,0.75
2015.01.12 21:59:29.308,1.04796,1.04824,0.75,0.75
2015.01.12 21:59:29.460,1.048,1.04829,0.75,0.75
2015.01.12 21:59:31.126,1.04803,1.04831,0.75,0.75
2015.01.12 21:59:35.530,1.04796,1.04824,0.75,0.75
2015.01.12 21:59:35.631,1.04795,1.04827,0.75,0.75
2015.01.12 21:59:35.732,1.04793,1.04823,0.75,0.75
2015.01.12 21:59:36.037,1.04799,1.04827,0.75,0.75
2015.01.12 21:59:36.155,1.04799,1.04834,0.75,0.75
2015.01.12 21:59:36.521,1.048,1.04828,0.75,0.75
2015.01.12 21:59:43.246,1.04799,1.04833,0.75,0.75
2015.01.12 21:59:44.330,1.04792,1.04822,0.75,0.75
2015.01.12 21:59:44.667,1.04794,1.04824,0.75,0.75
2015.01.12 21:59:44.970,1.04802,1.0483,0.75,0.75
2015.01.12 21:59:45.227,1.04764,1.04848,0.75,0.75
2015.01.12 21:59:45.520,1.04764,1.04852,0.75,0.45
2015.01.12 21:59:45.813,1.04765,1.04848,0.75,0.75
2015.01.12 21:59:46.136,1.04765,1.04843,0.75,0.75
2015.01.12 21:59:46.645,1.04765,1.04839,0.75,0.75
2015.01.12 21:59:46.947,1.04764,1.04833,1.42,0.75
2015.01.12 21:59:47.745,1.04764,1.04838,0.75,0.75
2015.01.12 21:59:47.947,1.04766,1.04833,0.75,0.75
2015.01.12 21:59:48.255,1.04766,1.04839,0.75,0.75
2015.01.12 21:59:48.798,1.04765,1.04834,0.75,0.75
2015.01.12 21:59:49.151,1.04757,1.04834,0.75,0.75
2015.01.12 21:59:49.202,1.04755,1.04833,0.75,0.75
2015.01.12 21:59:49.380,1.04755,1.04828,0.75,0.75
2015.01.12 21:59:49.483,1.04755,1.04839,0.75,0.75
2015.01.12 21:59:49.534,1.0476,1.04839,1.42,0.75
2015.01.12 21:59:49.862,1.04765,1.04839,0.75,0.75
2015.01.12 21:59:50.165,1.04765,1.04828,0.75,0.75
2015.01.12 21:59:50.216,1.04765,1.04834,0.75,0.75
2015.01.12 21:59:50.300,1.04765,1.04829,0.75,0.75
2015.01.12 21:59:50.526,1.04766,1.04834,1.42,0.75
2015.01.12 21:59:50.710,1.04766,1.04828,1.42,0.75
2015.01.12 21:59:50.915,1.04765,1.04833,0.75,0.75
2015.01.12 21:59:51.963,1.04764,1.04829,0.75,0.75
2015.01.12 21:59:52.775,1.04765,1.04829,0.75,0.75
2015.01.12 21:59:53.958,1.04764,1.04829,0.75,0.75
2015.01.12 21:59:54.681,1.04764,1.04833,0.75,0.75
2015.01.12 21:59:55.072,1.04764,1.04829,0.75,0.75
2015.01.12 21:59:56.405,1.04764,1.04823,0.75,0.75
2015.01.12 21:59:56.614,1.04764,1.04828,0.75,0.75
2015.01.12 21:59:57.210,1.04765,1.04828,0.75,0.75
2015.01.12 21:59:57.361,1.04765,1.04824,0.75,0.75
2015.01.12 21:59:58.026,1.04765,1.04828,0.75,0.75
2015.01.12 21:59:59.225,1.04758,1.04828,0.75,0.75
