2013.11.07 13:00:00.418,1.13289,1.13316,1.69,1.50
2013.11.07 13:00:00.719,1.13288,1.13316,1.50,1.50
2013.11.07 13:00:01.276,1.13287,1.13316,1.50,1.50
2013.11.07 13:00:01.829,1.13287,1.13314,1.50,1.13
2013.11.07 13:00:02.187,1.13291,1.13316,1.69,1.50
2013.11.07 13:00:02.546,1.13299,1.13316,1.50,1.50
2013.11.07 13:00:02.669,1.133,1.13318,2.44,1.50
2013.11.07 13:00:02.799,1.13306,1.13327,1.32,2.25
2013.11.07 13:00:02.928,1.13307,1.13327,1.50,2.25
2013.11.07 13:00:03.357,1.13304,1.13326,1.50,1.50
2013.11.07 13:00:03.538,1.13306,1.13326,1.50,1.50
2013.11.07 13:00:03.668,1.13301,1.13326,1.69,1.50
2013.11.07 13:00:03.846,1.13304,1.13327,1.69,1.50
2013.11.07 13:00:04.148,1.13304,1.13327,2.82,1.50
2013.11.07 13:00:04.809,1.13306,1.13335,1.69,1.13
2013.11.07 13:00:04.879,1.13307,1.13336,2.07,1.13
2013.11.07 13:00:05.196,1.13306,1.13335,1.32,1.13
2013.11.07 13:00:05.616,1.13306,1.13335,1.32,1.13
2013.11.07 13:00:05.676,1.13307,1.13335,1.32,1.13
2013.11.07 13:00:06.216,1.13308,1.13326,1.13,1.50
2013.11.07 13:00:06.625,1.13299,1.13315,1.69,1.50
2013.11.07 13:00:06.697,1.13306,1.13318,1.32,1.50
2013.11.07 13:00:07.116,1.13306,1.13326,1.32,2.63
2013.11.07 13:00:07.177,1.13306,1.13326,1.32,1.88
2013.11.07 13:00:07.478,1.13302,1.13326,1.32,1.13
2013.11.07 13:00:07.597,1.13302,1.13328,1.32,1.88
2013.11.07 13:00:08.686,1.13305,1.13328,1.13,1.13
2013.11.07 13:00:08.807,1.13304,1.13328,1.32,1.13
2013.11.07 13:00:09.167,1.13297,1.13329,1.88,2.25
2013.11.07 13:00:09.226,1.13297,1.13328,1.69,1.50
2013.11.07 13:00:09.527,1.13304,1.13326,1.32,2.25
2013.11.07 13:00:09.887,1.13293,1.13325,1.50,2.25
2013.11.07 13:00:10.007,1.13297,1.13328,1.32,1.50
2013.11.07 13:00:11.036,1.13302,1.13328,1.32,1.50
2013.11.07 13:00:11.156,1.13302,1.13327,1.32,2.25
2013.11.07 13:00:11.277,1.13301,1.1333,1.32,1.50
2013.11.07 13:00:11.396,1.13302,1.13331,1.32,1.50
2013.11.07 13:00:11.578,1.13302,1.13331,1.50,1.13
2013.11.07 13:00:11.757,1.13302,1.13328,1.32,1.13
2013.11.07 13:00:12.148,1.13301,1.13327,1.32,2.25
2013.11.07 13:00:12.217,1.13293,1.13328,1.50,1.13
2013.11.07 13:00:12.519,1.13293,1.13323,1.50,1.50
2013.11.07 13:00:12.767,1.13287,1.13313,1.88,1.50
2013.11.07 13:00:12.897,1.13287,1.1331,1.13,2.25
2013.11.07 13:00:13.255,1.13282,1.13313,2.07,3.00
2013.11.07 13:00:14.097,1.13282,1.13313,2.07,1.50
2013.11.07 13:00:14.216,1.13282,1.13313,2.07,1.50
2013.11.07 13:00:14.990,1.13289,1.13312,1.50,1.50
2013.11.07 13:00:15.178,1.13284,1.13314,1.50,1.69
2013.11.07 13:00:15.727,1.13287,1.13313,1.69,2.25
2013.11.07 13:00:16.026,1.13282,1.13317,1.69,1.50
2013.11.07 13:00:16.447,1.13286,1.13315,1.69,1.50
2013.11.07 13:00:16.566,1.13286,1.13318,1.69,1.88
2013.11.07 13:00:17.117,1.1329,1.13318,1.13,1.13
2013.11.07 13:00:17.648,1.13291,1.13318,1.35,1.13
2013.11.07 13:00:18.008,1.133,1.13321,2.25,1.50
2013.11.07 13:00:18.186,1.13297,1.13321,1.13,2.25
2013.11.07 13:00:18.306,1.13291,1.13319,2.44,1.50
2013.11.07 13:00:18.488,1.13291,1.13319,1.50,1.50
2013.11.07 13:00:18.608,1.13291,1.1332,1.69,2.25
2013.11.07 13:00:18.979,1.13291,1.1332,1.69,1.50
2013.11.07 13:00:19.108,1.13288,1.13317,1.69,1.13
2013.11.07 13:00:19.588,1.13285,1.13314,1.13,1.50
2013.11.07 13:00:20.138,1.13285,1.13317,1.32,1.13
2013.11.07 13:00:20.498,1.13285,1.13313,1.13,1.50
2013.11.07 13:00:20.569,1.13281,1.13313,1.32,1.50
2013.11.07 13:00:21.056,1.13279,1.13312,1.69,2.25
2013.11.07 13:00:21.409,1.13281,1.13309,1.69,1.50
2013.11.07 13:00:21.994,1.13281,1.13314,1.69,1.50
2013.11.07 13:00:24.566,1.13279,1.13311,2.07,2.25
2013.11.07 13:00:24.626,1.13279,1.13311,1.32,1.50
2013.11.07 13:00:24.927,1.13279,1.13307,1.32,1.50
2013.11.07 13:00:25.048,1.13279,1.13307,1.32,1.50
2013.11.07 13:00:25.169,1.13281,1.13308,1.32,2.25
2013.11.07 13:00:25.298,1.13281,1.13308,1.32,2.25
2013.11.07 13:00:25.366,1.13281,1.13308,1.32,2.25
2013.11.07 13:00:25.906,1.13281,1.13308,1.32,1.50
2013.11.07 13:00:25.968,1.13281,1.13311,1.32,2.25
2013.11.07 13:00:26.027,1.13281,1.13311,1.32,1.50
2013.11.07 13:00:26.088,1.13287,1.13311,1.32,1.50
2013.11.07 13:00:26.336,1.13284,1.13316,1.32,1.50
2013.11.07 13:00:26.816,1.13282,1.13312,1.69,1.50
2013.11.07 13:00:28.188,1.13281,1.13311,1.69,1.50
2013.11.07 13:00:28.438,1.13282,1.13311,1.69,1.50
2013.11.07 13:00:28.498,1.13282,1.13311,1.69,1.50
2013.11.07 13:00:28.918,1.13287,1.13313,1.32,1.50
2013.11.07 13:00:29.276,1.13288,1.13312,1.32,1.50
2013.11.07 13:00:29.877,1.13281,1.13313,1.32,1.50
2013.11.07 13:00:29.937,1.13281,1.13309,1.32,1.50
2013.11.07 13:00:30.117,1.13283,1.13309,1.13,1.50
2013.11.07 13:00:30.476,1.13286,1.1331,2.44,1.50
2013.11.07 13:00:32.158,1.13291,1.13314,1.32,1.50
2013.11.07 13:00:32.706,1.13288,1.13317,1.69,1.13
2013.11.07 13:00:33.367,1.13287,1.13317,2.44,1.13
2013.11.07 13:00:33.427,1.13288,1.13317,1.69,1.13
2013.11.07 13:00:33.968,1.13286,1.13315,2.44,1.50
2013.11.07 13:00:34.147,1.13295,1.13317,1.32,1.13
2013.11.07 13:00:34.208,1.13295,1.13321,1.32,1.50
2013.11.07 13:00:34.397,1.13287,1.13314,1.32,1.50
2013.11.07 13:00:34.638,1.13284,1.13314,1.69,1.50
2013.11.07 13:00:35.142,1.13287,1.13312,1.32,1.13
2013.11.07 13:00:35.690,1.13288,1.13312,1.50,1.13
2013.11.07 13:00:35.818,1.13284,1.13312,1.13,1.13
2013.11.07 13:00:35.937,1.13283,1.13312,1.32,1.88
2013.11.07 13:00:36.296,1.13287,1.13306,1.32,1.88
2013.11.07 13:00:36.597,1.13291,1.13306,1.69,1.13
2013.11.07 13:00:36.717,1.13288,1.13306,1.69,1.13
2013.11.07 13:00:37.336,1.1329,1.13306,1.50,1.13
2013.11.07 13:00:37.576,1.13283,1.13306,1.69,1.13
2013.11.07 13:00:37.936,1.13282,1.13303,1.13,1.13
2013.11.07 13:00:38.056,1.13278,1.13303,1.50,2.63
2013.11.07 13:00:38.117,1.13278,1.13303,1.50,2.63
2013.11.07 13:00:38.176,1.13277,1.13302,1.50,1.50
2013.11.07 13:00:38.236,1.13274,1.13295,2.63,1.50
2013.11.07 13:00:38.717,1.13271,1.13299,1.88,2.63
2013.11.07 13:00:39.136,1.1327,1.13299,1.50,1.69
2013.11.07 13:00:39.196,1.13267,1.13281,1.50,3.00
2013.11.07 13:00:39.257,1.13268,1.13277,1.50,1.50
2013.11.07 13:00:39.316,1.13268,1.13286,1.69,3.00
2013.11.07 13:00:39.437,1.13269,1.13285,1.13,2.63
2013.11.07 13:00:39.617,1.13262,1.13287,1.13,1.13
2013.11.07 13:00:39.677,1.13261,1.13283,1.13,1.50
2013.11.07 13:00:39.979,1.13257,1.13284,2.44,1.13
2013.11.07 13:00:40.347,1.13263,1.13284,1.69,1.13
2013.11.07 13:00:40.468,1.13265,1.13287,1.32,1.13
2013.11.07 13:00:40.527,1.13265,1.13288,1.32,1.13
2013.11.07 13:00:40.587,1.13265,1.13288,1.32,1.13
2013.11.07 13:00:41.095,1.13269,1.13288,1.32,1.13
2013.11.07 13:00:41.887,1.13265,1.13279,2.25,1.13
2013.11.07 13:00:42.009,1.13261,1.13278,1.50,3.57
2013.11.07 13:00:42.316,1.13258,1.13277,1.50,1.69
2013.11.07 13:00:42.376,1.13248,1.13277,2.63,1.69
2013.11.07 13:00:42.436,1.13248,1.13278,2.25,2.63
2013.11.07 13:00:42.796,1.13252,1.13282,1.50,1.50
2013.11.07 13:00:42.916,1.13252,1.13283,1.50,1.13
2013.11.07 13:00:43.098,1.13252,1.13284,1.50,1.13
2013.11.07 13:00:43.696,1.13257,1.13287,1.32,1.13
2013.11.07 13:00:44.070,1.13258,1.13287,1.69,1.13
2013.11.07 13:00:44.637,1.13258,1.13281,1.50,1.32
2013.11.07 13:00:44.827,1.13252,1.13276,1.50,1.50
2013.11.07 13:00:44.887,1.13252,1.13277,1.50,1.50
2013.11.07 13:00:44.947,1.1325,1.13281,1.13,2.63
2013.11.07 13:00:45.190,1.13251,1.13279,1.50,1.32
2013.11.07 13:00:45.378,1.13251,1.13281,1.50,1.50
2013.11.07 13:00:45.437,1.13251,1.13283,1.50,1.88
2013.11.07 13:00:45.497,1.13249,1.13283,1.50,1.13
2013.11.07 13:00:45.857,1.13255,1.13286,1.32,1.13
2013.11.07 13:00:46.216,1.13255,1.13275,1.50,1.50
2013.11.07 13:00:46.456,1.13253,1.13276,1.32,1.50
2013.11.07 13:00:46.636,1.13256,1.13284,1.32,1.13
2013.11.07 13:00:46.947,1.13256,1.13283,2.07,1.13
2013.11.07 13:00:47.427,1.13256,1.13283,1.50,1.69
2013.11.07 13:00:47.486,1.13256,1.13278,1.50,1.50
2013.11.07 13:00:47.546,1.13252,1.13278,1.50,1.50
2013.11.07 13:00:48.086,1.13249,1.13276,1.50,1.50
2013.11.07 13:00:48.145,1.13249,1.13276,1.50,2.25
2013.11.07 13:00:48.368,1.13248,1.13276,2.25,2.25
2013.11.07 13:00:48.826,1.13249,1.13275,1.50,1.50
2013.11.07 13:00:49.066,1.13249,1.13281,2.44,2.25
2013.11.07 13:00:49.427,1.13252,1.13283,1.50,1.50
2013.11.07 13:00:49.788,1.13252,1.13283,3.19,1.50
2013.11.07 13:00:50.089,1.13249,1.13271,1.32,2.25
2013.11.07 13:00:50.156,1.13248,1.13271,1.50,2.82
2013.11.07 13:00:50.217,1.13249,1.13271,1.50,2.82
2013.11.07 13:00:50.628,1.13249,1.13272,1.50,1.50
2013.11.07 13:00:51.007,1.13249,1.13277,1.50,1.50
2013.11.07 13:00:51.377,1.13249,1.13274,1.50,1.13
2013.11.07 13:00:51.737,1.13247,1.13275,2.44,1.13
2013.11.07 13:00:51.796,1.13247,1.13279,3.94,1.50
2013.11.07 13:00:51.977,1.13249,1.13279,2.44,1.50
2013.11.07 13:00:52.457,1.13251,1.13282,2.82,1.13
2013.11.07 13:00:52.698,1.1325,1.13278,1.69,1.50
2013.11.07 13:00:53.065,1.13254,1.13278,1.50,1.50
2013.11.07 13:00:53.366,1.1325,1.13273,2.25,1.13
2013.11.07 13:00:53.426,1.1325,1.13272,1.50,1.50
2013.11.07 13:00:53.486,1.1325,1.13272,1.50,2.25
2013.11.07 13:00:53.788,1.13249,1.13271,1.50,1.32
2013.11.07 13:00:53.969,1.13247,1.13272,1.50,3.19
2013.11.07 13:00:54.156,1.13247,1.13272,1.50,3.19
2013.11.07 13:00:54.457,1.13245,1.13272,2.25,3.00
2013.11.07 13:00:55.059,1.13247,1.13268,1.50,2.25
2013.11.07 13:00:55.140,1.13247,1.13267,1.50,1.50
2013.11.07 13:00:55.387,1.13247,1.13272,2.25,3.19
2013.11.07 13:00:55.507,1.13247,1.13275,3.94,1.50
2013.11.07 13:00:55.567,1.13248,1.13276,1.50,1.50
2013.11.07 13:00:55.929,1.13253,1.13278,1.50,1.50
2013.11.07 13:00:56.408,1.13253,1.13276,1.50,1.50
2013.11.07 13:00:57.039,1.13251,1.13276,1.50,1.50
2013.11.07 13:00:57.107,1.1325,1.13276,2.25,1.50
2013.11.07 13:00:57.579,1.1325,1.13279,2.25,1.50
2013.11.07 13:00:57.767,1.1325,1.13279,2.25,1.50
2013.11.07 13:00:58.609,1.13252,1.13276,1.50,1.69
2013.11.07 13:00:58.796,1.13247,1.13268,1.50,1.50
2013.11.07 13:00:58.916,1.13247,1.13268,1.50,1.50
2013.11.07 13:00:59.367,1.13246,1.13269,1.69,1.50
2013.11.07 13:00:59.546,1.13246,1.13272,2.07,1.50
2013.11.07 13:00:59.787,1.13252,1.13274,1.50,2.25
2013.11.07 13:01:00.269,1.13253,1.13275,1.50,1.50
2013.11.07 13:01:00.397,1.1325,1.13275,1.50,1.50
2013.11.07 13:01:00.966,1.1325,1.1328,1.50,1.50
2013.11.07 13:01:01.817,1.1325,1.1328,1.50,1.50
2013.11.07 13:01:02.357,1.1325,1.1328,2.25,1.50
2013.11.07 13:01:02.416,1.1325,1.1328,2.25,1.50
2013.11.07 13:01:03.356,1.1325,1.1328,2.44,1.50
2013.11.07 13:01:03.776,1.13254,1.1328,1.69,1.50
2013.11.07 13:01:04.078,1.13254,1.1328,1.69,1.50
2013.11.07 13:01:04.147,1.13254,1.13283,1.50,1.69
2013.11.07 13:01:04.207,1.13254,1.1328,1.50,1.50
2013.11.07 13:01:04.268,1.13252,1.1328,1.50,1.50
2013.11.07 13:01:04.449,1.13251,1.13283,2.25,1.88
2013.11.07 13:01:04.516,1.13252,1.13283,1.50,1.88
2013.11.07 13:01:04.899,1.13255,1.1328,2.25,1.50
2013.11.07 13:01:05.390,1.13255,1.13283,1.50,2.63
2013.11.07 13:01:06.208,1.13262,1.13283,1.50,1.50
2013.11.07 13:01:06.636,1.13258,1.13283,1.50,1.50
2013.11.07 13:01:06.695,1.13258,1.13283,1.50,1.50
2013.11.07 13:01:07.117,1.13258,1.1328,1.50,1.50
2013.11.07 13:01:07.356,1.13254,1.13274,1.50,1.50
2013.11.07 13:01:07.537,1.13256,1.13279,1.13,1.50
2013.11.07 13:01:07.717,1.13251,1.13279,2.25,1.50
2013.11.07 13:01:07.776,1.13251,1.13279,1.50,1.50
2013.11.07 13:01:07.899,1.13249,1.13279,3.19,1.50
2013.11.07 13:01:08.258,1.13255,1.1328,1.50,1.50
2013.11.07 13:01:08.789,1.13256,1.1328,2.25,1.50
2013.11.07 13:01:09.148,1.13251,1.13276,1.50,1.50
2013.11.07 13:01:09.397,1.13249,1.13276,2.25,1.50
2013.11.07 13:01:09.936,1.13249,1.13279,3.00,1.50
2013.11.07 13:01:10.129,1.1325,1.13279,2.25,1.13
2013.11.07 13:01:10.249,1.13251,1.13279,2.44,1.13
2013.11.07 13:01:10.558,1.13261,1.13284,1.32,1.50
2013.11.07 13:01:10.619,1.13261,1.13283,1.32,1.50
2013.11.07 13:01:10.688,1.13263,1.13283,1.50,1.50
2013.11.07 13:01:10.807,1.1326,1.13283,1.32,1.50
2013.11.07 13:01:10.929,1.13258,1.13283,1.13,1.50
2013.11.07 13:01:11.059,1.13252,1.1328,1.13,1.50
2013.11.07 13:01:11.179,1.13252,1.1328,1.13,1.50
2013.11.07 13:01:11.248,1.13254,1.1328,1.13,1.50
2013.11.07 13:01:12.960,1.13254,1.13283,2.07,1.50
2013.11.07 13:01:13.217,1.13257,1.13283,1.69,1.50
2013.11.07 13:01:13.749,1.13257,1.13286,2.82,1.50
2013.11.07 13:01:13.867,1.13259,1.13286,1.50,2.07
2013.11.07 13:01:14.048,1.13254,1.13274,1.13,1.50
2013.11.07 13:01:14.176,1.13252,1.13275,2.44,1.50
2013.11.07 13:01:14.237,1.13252,1.1328,2.44,1.50
2013.11.07 13:01:14.299,1.13256,1.1328,1.50,1.50
2013.11.07 13:01:14.605,1.13256,1.1328,1.69,1.50
2013.11.07 13:01:15.086,1.13259,1.13285,1.69,1.50
2013.11.07 13:01:15.208,1.13259,1.13288,1.69,1.50
2013.11.07 13:01:15.749,1.13261,1.13288,1.69,1.50
2013.11.07 13:01:16.497,1.13262,1.13288,1.32,1.50
2013.11.07 13:01:16.740,1.13262,1.13293,1.69,1.50
2013.11.07 13:01:16.808,1.13261,1.13292,2.82,1.50
2013.11.07 13:01:17.277,1.13262,1.13288,1.32,1.50
2013.11.07 13:01:18.216,1.13256,1.13279,3.38,1.50
2013.11.07 13:01:18.717,1.1326,1.13285,2.44,1.50
2013.11.07 13:01:19.266,1.1326,1.13285,1.50,1.50
2013.11.07 13:01:20.108,1.13268,1.13288,1.50,1.50
2013.11.07 13:01:20.176,1.13263,1.13291,1.69,1.50
2013.11.07 13:01:20.977,1.13267,1.13289,1.32,1.50
2013.11.07 13:01:21.216,1.13261,1.13285,1.50,1.50
2013.11.07 13:01:21.697,1.13257,1.13284,1.50,1.32
2013.11.07 13:01:22.856,1.13255,1.13284,1.13,3.00
2013.11.07 13:01:22.986,1.13255,1.13286,1.32,1.50
2013.11.07 13:01:23.166,1.13257,1.1329,2.07,2.25
2013.11.07 13:01:23.598,1.1326,1.13292,1.50,1.50
2013.11.07 13:01:23.840,1.1326,1.13292,1.50,2.25
2013.11.07 13:01:24.286,1.13262,1.13292,1.50,2.44
2013.11.07 13:01:24.407,1.13264,1.13292,1.50,1.50
2013.11.07 13:01:24.526,1.13265,1.13292,1.50,1.50
2013.11.07 13:01:24.769,1.13264,1.13292,2.25,1.50
2013.11.07 13:01:24.899,1.13264,1.13287,2.25,1.50
2013.11.07 13:01:25.216,1.13264,1.13289,1.50,1.50
2013.11.07 13:01:25.276,1.13264,1.13289,3.00,1.50
2013.11.07 13:01:25.397,1.13264,1.13289,1.50,1.50
2013.11.07 13:01:25.516,1.13264,1.13294,2.25,1.50
2013.11.07 13:01:25.876,1.13268,1.13294,2.44,1.50
2013.11.07 13:01:25.996,1.13272,1.13294,1.69,1.50
2013.11.07 13:01:26.297,1.13272,1.13299,1.32,1.50
2013.11.07 13:01:26.536,1.13267,1.13293,1.69,1.50
2013.11.07 13:01:26.896,1.13267,1.13292,1.13,1.50
2013.11.07 13:01:26.959,1.13263,1.13291,1.13,1.50
2013.11.07 13:01:27.146,1.13262,1.1329,1.50,1.50
2013.11.07 13:01:27.267,1.13261,1.13285,1.50,1.50
2013.11.07 13:01:27.326,1.13257,1.13286,1.50,1.50
2013.11.07 13:01:27.386,1.13256,1.13284,1.13,1.50
2013.11.07 13:01:27.747,1.13251,1.1328,1.32,1.58
2013.11.07 13:01:28.166,1.13251,1.13279,2.25,1.50
2013.11.07 13:01:30.716,1.13257,1.13283,1.50,3.00
2013.11.07 13:01:30.776,1.13257,1.13282,1.50,1.50
2013.11.07 13:01:31.377,1.13257,1.13283,1.50,2.25
2013.11.07 13:01:31.736,1.13258,1.13283,1.69,1.50
2013.11.07 13:01:32.667,1.13264,1.13286,1.50,1.50
2013.11.07 13:01:32.907,1.13264,1.13289,1.50,1.32
2013.11.07 13:01:33.207,1.13257,1.13283,1.13,1.69
2013.11.07 13:01:33.696,1.13254,1.1328,1.13,1.50
2013.11.07 13:01:34.201,1.13249,1.1328,4.50,1.50
2013.11.07 13:01:34.447,1.13252,1.13282,1.50,2.25
2013.11.07 13:01:34.627,1.13253,1.13283,2.07,1.50
2013.11.07 13:01:34.931,1.13256,1.13285,1.69,1.50
2013.11.07 13:01:35.117,1.13256,1.13285,1.50,1.50
2013.11.07 13:01:35.377,1.13254,1.13285,1.50,1.50
2013.11.07 13:01:35.779,1.13253,1.13285,1.88,3.00
2013.11.07 13:01:36.028,1.13254,1.13285,1.50,2.25
2013.11.07 13:01:36.687,1.13254,1.13281,1.69,1.50
2013.11.07 13:01:36.808,1.13254,1.13283,2.44,1.50
2013.11.07 13:01:37.347,1.13254,1.13285,3.38,2.25
2013.11.07 13:01:37.691,1.13254,1.13283,2.63,2.25
2013.11.07 13:01:37.772,1.13254,1.13284,3.57,1.50
2013.11.07 13:01:37.838,1.13254,1.13285,3.00,1.50
2013.11.07 13:01:38.146,1.13258,1.13285,1.32,1.50
2013.11.07 13:01:38.637,1.13258,1.13285,1.32,1.50
2013.11.07 13:01:38.877,1.13254,1.13285,4.69,1.50
2013.11.07 13:01:39.116,1.13255,1.13285,1.32,1.50
2013.11.07 13:01:39.636,1.13254,1.13285,1.32,1.50
2013.11.07 13:01:40.647,1.13254,1.13285,2.25,2.25
2013.11.07 13:01:46.588,1.13249,1.1328,1.69,1.50
2013.11.07 13:01:48.168,1.13249,1.13279,3.19,1.50
2013.11.07 13:01:48.236,1.13252,1.13279,1.50,1.50
2013.11.07 13:01:48.595,1.13249,1.13279,3.94,1.50
2013.11.07 13:01:48.898,1.13249,1.13279,3.00,1.50
2013.11.07 13:01:49.198,1.13248,1.13274,2.25,1.13
2013.11.07 13:01:49.378,1.13249,1.1327,1.50,1.88
2013.11.07 13:01:52.560,1.13249,1.13273,1.50,1.50
2013.11.07 13:01:53.346,1.13247,1.13273,2.25,1.69
2013.11.07 13:01:53.411,1.13248,1.13268,1.50,1.50
2013.11.07 13:01:53.597,1.13245,1.13266,1.50,2.25
2013.11.07 13:01:53.778,1.13253,1.13267,1.50,1.50
2013.11.07 13:01:53.909,1.13253,1.13272,1.50,1.50
2013.11.07 13:01:53.977,1.13253,1.13274,1.50,2.63
2013.11.07 13:01:54.098,1.13253,1.13279,2.25,1.50
2013.11.07 13:01:54.219,1.13258,1.13284,1.69,1.50
2013.11.07 13:01:54.648,1.13258,1.13284,3.00,1.50
2013.11.07 13:01:54.769,1.13258,1.13284,4.50,1.50
2013.11.07 13:01:55.278,1.13259,1.13284,3.00,1.50
2013.11.07 13:01:55.956,1.13259,1.13286,2.25,1.13
2013.11.07 13:01:56.500,1.13259,1.13286,3.00,1.13
2013.11.07 13:01:57.040,1.13258,1.13284,3.00,1.50
2013.11.07 13:01:57.848,1.13259,1.13284,1.50,1.50
2013.11.07 13:01:58.406,1.13259,1.13284,1.50,1.50
2013.11.07 13:01:58.847,1.13259,1.13287,1.50,1.13
2013.11.07 13:01:59.356,1.13258,1.13286,2.25,1.13
2013.11.07 13:01:59.423,1.13258,1.13286,1.50,1.13
2013.11.07 13:01:59.577,1.13258,1.13286,1.50,1.13
2013.11.07 13:02:00.138,1.13258,1.13286,1.69,1.13
2013.11.07 13:02:00.268,1.13258,1.13287,1.69,1.13
2013.11.07 13:02:00.568,1.1326,1.13286,1.50,1.13
2013.11.07 13:02:00.699,1.13255,1.13279,1.50,1.50
2013.11.07 13:02:01.178,1.13256,1.13279,1.50,1.50
2013.11.07 13:02:01.697,1.13254,1.13284,1.50,2.25
2013.11.07 13:02:02.116,1.13258,1.13287,1.69,1.13
2013.11.07 13:02:02.728,1.13256,1.13287,1.69,1.13
2013.11.07 13:02:03.238,1.13255,1.13279,2.25,1.50
2013.11.07 13:02:03.787,1.13257,1.13284,1.50,1.50
2013.11.07 13:02:04.146,1.13263,1.13286,1.50,1.13
2013.11.07 13:02:05.536,1.13264,1.13286,1.50,1.13
2013.11.07 13:02:06.380,1.13264,1.13286,1.50,1.13
2013.11.07 13:02:06.916,1.13261,1.13286,1.50,1.13
2013.11.07 13:02:07.547,1.13259,1.13278,1.50,1.50
2013.11.07 13:02:07.870,1.13259,1.13279,1.50,2.82
2013.11.07 13:02:08.181,1.13257,1.13266,1.50,1.50
2013.11.07 13:02:08.248,1.13257,1.13279,1.50,1.50
2013.11.07 13:02:08.306,1.13254,1.13279,1.50,2.25
2013.11.07 13:02:08.367,1.13254,1.13279,1.50,1.50
2013.11.07 13:02:08.487,1.13264,1.1328,1.50,2.25
2013.11.07 13:02:09.026,1.13262,1.13284,1.69,1.50
2013.11.07 13:02:09.087,1.1326,1.13279,1.13,1.50
2013.11.07 13:02:09.746,1.13259,1.13284,1.50,1.50
2013.11.07 13:02:10.326,1.13258,1.13285,1.88,1.13
2013.11.07 13:02:11.116,1.13258,1.13285,1.88,1.13
2013.11.07 13:02:12.576,1.13259,1.13285,1.50,1.13
2013.11.07 13:02:13.116,1.13259,1.13285,1.50,1.13
2013.11.07 13:02:13.637,1.13258,1.13285,1.50,1.13
2013.11.07 13:02:13.816,1.13263,1.13286,1.50,1.13
2013.11.07 13:02:13.941,1.13258,1.13283,1.50,1.50
2013.11.07 13:02:14.072,1.13258,1.13279,1.50,3.00
2013.11.07 13:02:14.146,1.13258,1.13279,1.50,1.50
2013.11.07 13:02:14.206,1.13258,1.13284,1.50,2.25
2013.11.07 13:02:14.386,1.13258,1.13284,2.07,1.50
2013.11.07 13:02:15.726,1.13259,1.13283,1.50,1.50
2013.11.07 13:02:16.456,1.13259,1.13283,2.25,1.50
2013.11.07 13:02:16.757,1.13258,1.13279,1.13,1.50
2013.11.07 13:02:16.817,1.13258,1.13279,1.50,1.50
2013.11.07 13:02:17.814,1.13253,1.13279,1.50,1.50
2013.11.07 13:02:18.207,1.13257,1.13279,1.13,1.50
2013.11.07 13:02:18.567,1.13253,1.13276,1.50,1.50
2013.11.07 13:02:18.687,1.13253,1.13279,2.25,1.50
2013.11.07 13:02:18.807,1.13256,1.13279,1.50,1.50
2013.11.07 13:02:19.166,1.13253,1.13279,1.50,2.25
2013.11.07 13:02:19.467,1.13256,1.13279,1.13,2.25
2013.11.07 13:02:19.526,1.13258,1.13279,1.50,1.50
2013.11.07 13:02:19.829,1.1326,1.13283,1.69,1.50
2013.11.07 13:02:20.137,1.13278,1.13287,1.50,1.50
2013.11.07 13:02:20.496,1.13267,1.13284,1.13,1.50
2013.11.07 13:02:20.896,1.13269,1.13285,1.50,1.50
2013.11.07 13:02:20.956,1.13273,1.13293,1.50,1.50
2013.11.07 13:02:21.877,1.13274,1.13293,2.25,1.50
2013.11.07 13:02:22.422,1.13274,1.13293,1.50,1.50
2013.11.07 13:02:23.629,1.13273,1.13293,1.50,1.50
2013.11.07 13:02:24.148,1.13274,1.13288,1.50,1.50
2013.11.07 13:02:24.783,1.13273,1.13294,1.50,1.50
2013.11.07 13:02:25.286,1.13273,1.13294,1.50,1.50
2013.11.07 13:02:26.007,1.13273,1.13293,1.50,1.50
2013.11.07 13:02:26.516,1.13273,1.13294,1.50,1.50
2013.11.07 13:02:27.018,1.13274,1.13298,1.50,1.50
2013.11.07 13:02:27.530,1.13274,1.13293,1.50,1.50
2013.11.07 13:02:28.158,1.13274,1.13298,1.50,1.50
2013.11.07 13:02:28.866,1.13274,1.13298,1.50,1.50
2013.11.07 13:02:29.166,1.13276,1.13297,1.50,1.50
2013.11.07 13:02:29.686,1.13278,1.133,1.50,1.88
2013.11.07 13:02:30.246,1.13279,1.13299,1.50,1.50
2013.11.07 13:02:30.606,1.13284,1.133,2.25,1.50
2013.11.07 13:02:31.328,1.13286,1.13313,2.25,1.32
2013.11.07 13:02:31.886,1.13287,1.13313,1.50,1.32
2013.11.07 13:02:32.327,1.13284,1.13313,2.25,1.32
2013.11.07 13:02:32.386,1.13284,1.13309,2.25,1.50
2013.11.07 13:02:32.446,1.13287,1.13309,1.50,1.50
2013.11.07 13:02:32.686,1.13287,1.13309,1.50,1.50
2013.11.07 13:02:32.926,1.13283,1.13309,1.88,1.50
2013.11.07 13:02:33.046,1.13281,1.13309,2.63,1.50
2013.11.07 13:02:34.307,1.13282,1.13313,1.50,1.13
2013.11.07 13:02:34.666,1.13287,1.13312,2.07,1.13
2013.11.07 13:02:35.149,1.13287,1.13312,2.07,1.13
2013.11.07 13:02:38.283,1.13287,1.13313,2.82,1.13
2013.11.07 13:02:43.938,1.13288,1.13313,1.13,1.13
2013.11.07 13:02:44.498,1.13291,1.13312,1.50,1.13
2013.11.07 13:02:45.049,1.13289,1.13313,1.69,1.88
2013.11.07 13:02:45.176,1.13289,1.13313,1.13,1.88
2013.11.07 13:02:45.357,1.13285,1.13312,1.13,1.13
2013.11.07 13:02:45.895,1.13285,1.13309,1.32,1.50
2013.11.07 13:02:47.208,1.13282,1.13313,2.44,1.88
2013.11.07 13:02:47.619,1.13283,1.13309,2.44,1.50
2013.11.07 13:02:47.789,1.13283,1.13309,2.44,1.50
2013.11.07 13:02:48.342,1.13284,1.13309,1.69,1.50
2013.11.07 13:02:49.439,1.13284,1.13309,1.69,1.50
2013.11.07 13:02:49.917,1.13284,1.13309,1.32,1.50
2013.11.07 13:02:50.276,1.13285,1.13313,1.69,1.50
2013.11.07 13:02:51.078,1.13287,1.13313,2.25,1.50
2013.11.07 13:02:51.199,1.13287,1.13319,2.44,1.50
2013.11.07 13:02:51.387,1.1329,1.13319,2.07,1.50
2013.11.07 13:02:51.789,1.13292,1.13319,1.32,1.50
2013.11.07 13:02:52.156,1.13292,1.13313,1.13,1.50
2013.11.07 13:02:52.217,1.13283,1.13313,2.07,1.50
2013.11.07 13:02:52.336,1.13282,1.13313,1.32,1.50
2013.11.07 13:02:52.616,1.13282,1.13313,1.32,1.50
2013.11.07 13:02:53.298,1.13281,1.13313,1.32,1.50
2013.11.07 13:02:53.919,1.13279,1.13313,3.19,1.50
2013.11.07 13:02:54.107,1.13279,1.13309,2.25,1.50
2013.11.07 13:02:54.937,1.13276,1.13308,1.88,3.00
2013.11.07 13:02:55.238,1.13278,1.13305,1.69,1.50
2013.11.07 13:02:55.356,1.13277,1.13308,1.69,1.50
2013.11.07 13:02:57.147,1.13276,1.13308,1.88,1.50
2013.11.07 13:02:57.480,1.13276,1.13304,1.13,1.50
2013.11.07 13:02:57.786,1.13277,1.13308,1.50,3.00
2013.11.07 13:02:58.116,1.13276,1.13307,1.88,1.88
2013.11.07 13:02:58.677,1.13276,1.13307,1.13,1.88
2013.11.07 13:02:58.856,1.13277,1.13307,1.50,1.13
2013.11.07 13:02:58.916,1.13277,1.13307,1.69,1.13
2013.11.07 13:02:59.218,1.13299,1.13311,1.32,1.50
2013.11.07 13:02:59.277,1.133,1.13318,1.69,1.13
2013.11.07 13:02:59.638,1.13299,1.13317,1.50,1.50
2013.11.07 13:02:59.757,1.13299,1.13317,1.50,1.50
2013.11.07 13:03:00.258,1.13289,1.13317,2.03,1.50
2013.11.07 13:03:00.328,1.13287,1.13317,1.69,1.50
2013.11.07 13:03:00.986,1.13286,1.13312,1.13,1.50
2013.11.07 13:03:01.045,1.13282,1.13312,1.13,1.50
2013.11.07 13:03:01.226,1.13281,1.13308,2.07,1.50
2013.11.07 13:03:02.477,1.13278,1.13308,1.50,1.50
2013.11.07 13:03:03.318,1.13277,1.13311,1.88,3.00
2013.11.07 13:03:03.620,1.13308,1.13317,1.50,1.13
2013.11.07 13:03:03.748,1.13303,1.13313,2.25,1.50
2013.11.07 13:03:03.930,1.13303,1.13312,1.50,1.50
2013.11.07 13:03:04.177,1.13291,1.13311,1.32,1.50
2013.11.07 13:03:04.478,1.13293,1.13322,2.82,1.13
2013.11.07 13:03:05.191,1.13293,1.13323,1.69,1.13
2013.11.07 13:03:05.586,1.13293,1.13323,1.69,1.13
2013.11.07 13:03:05.956,1.13297,1.13323,1.32,1.13
2013.11.07 13:03:07.081,1.13298,1.13328,2.44,1.13
2013.11.07 13:03:08.270,1.13299,1.13328,2.44,1.88
2013.11.07 13:03:08.797,1.13299,1.13328,3.19,1.13
2013.11.07 13:03:09.589,1.13299,1.13328,1.69,1.13
2013.11.07 13:03:09.910,1.133,1.1333,1.69,1.13
2013.11.07 13:03:10.156,1.13299,1.13328,3.19,1.13
2013.11.07 13:03:10.499,1.133,1.13328,1.69,1.13
2013.11.07 13:03:10.848,1.133,1.13328,1.69,1.13
2013.11.07 13:03:11.856,1.13299,1.13328,1.69,1.13
2013.11.07 13:03:16.598,1.133,1.13327,1.69,1.13
2013.11.07 13:03:18.696,1.133,1.13328,1.69,1.88
2013.11.07 13:03:19.628,1.13303,1.13327,1.50,1.13
2013.11.07 13:03:20.249,1.13303,1.13327,1.50,1.13
2013.11.07 13:03:20.797,1.13304,1.13328,1.50,1.13
2013.11.07 13:03:21.336,1.13307,1.13327,1.69,1.13
2013.11.07 13:03:24.236,1.13306,1.13332,2.44,1.13
2013.11.07 13:03:25.169,1.13306,1.13332,1.69,1.13
2013.11.07 13:03:25.656,1.13303,1.13332,2.44,1.13
2013.11.07 13:03:26.548,1.13305,1.13338,3.19,1.13
2013.11.07 13:03:26.666,1.13306,1.13337,1.32,1.13
2013.11.07 13:03:26.968,1.13307,1.13333,1.32,1.50
2013.11.07 13:03:27.147,1.13308,1.13337,2.44,1.13
2013.11.07 13:03:27.358,1.13309,1.13337,1.32,1.13
2013.11.07 13:03:27.537,1.13309,1.13337,1.32,1.13
2013.11.07 13:03:28.740,1.13304,1.13336,1.32,1.50
2013.11.07 13:03:28.807,1.13301,1.13336,1.69,1.50
2013.11.07 13:03:30.727,1.133,1.13337,2.07,2.63
2013.11.07 13:03:31.266,1.133,1.13337,2.07,2.63
2013.11.07 13:03:31.757,1.13303,1.13337,1.32,1.50
2013.11.07 13:03:34.838,1.13301,1.13332,1.50,2.25
2013.11.07 13:03:39.556,1.13295,1.1333,1.88,1.50
2013.11.07 13:03:40.335,1.13297,1.13329,1.50,2.25
2013.11.07 13:03:41.796,1.13296,1.13326,1.50,1.50
2013.11.07 13:03:42.007,1.13296,1.13329,1.88,2.25
2013.11.07 13:03:42.189,1.13303,1.13329,1.50,2.25
2013.11.07 13:03:42.692,1.13303,1.13331,1.50,2.25
2013.11.07 13:03:43.207,1.13297,1.13331,2.07,2.25
2013.11.07 13:03:43.477,1.13303,1.13332,1.50,2.25
2013.11.07 13:03:43.779,1.13297,1.13332,2.44,1.50
2013.11.07 13:03:44.364,1.13299,1.13334,1.69,2.25
2013.11.07 13:03:45.727,1.13297,1.13332,1.69,3.00
2013.11.07 13:03:45.786,1.13297,1.13331,1.69,1.50
2013.11.07 13:03:46.027,1.13297,1.13333,4.32,1.50
2013.11.07 13:03:46.806,1.13296,1.1333,1.13,1.50
2013.11.07 13:03:48.326,1.13303,1.1333,1.50,2.25
2013.11.07 13:03:48.568,1.13303,1.13334,1.69,1.50
2013.11.07 13:03:48.686,1.13301,1.13337,1.69,1.88
2013.11.07 13:03:49.226,1.13303,1.13334,1.32,1.50
2013.11.07 13:03:49.346,1.13303,1.13334,1.69,1.50
2013.11.07 13:03:49.586,1.13303,1.13334,1.32,1.50
2013.11.07 13:03:50.138,1.13302,1.13334,1.32,1.50
2013.11.07 13:03:50.967,1.13303,1.13334,1.32,1.50
2013.11.07 13:03:51.348,1.13302,1.13336,1.69,1.88
2013.11.07 13:03:52.596,1.13303,1.13334,1.32,1.50
2013.11.07 13:03:52.897,1.13307,1.13339,2.07,1.50
2013.11.07 13:03:53.436,1.1331,1.13339,1.32,1.50
2013.11.07 13:03:53.616,1.1331,1.13339,1.69,1.50
2013.11.07 13:03:53.797,1.1331,1.13339,1.69,1.50
2013.11.07 13:03:54.387,1.13311,1.1334,1.50,1.50
2013.11.07 13:03:54.717,1.13311,1.13345,1.50,1.69
2013.11.07 13:03:56.177,1.13308,1.13344,1.50,2.44
2013.11.07 13:03:57.836,1.13308,1.13344,1.50,2.44
2013.11.07 13:03:58.137,1.13307,1.13334,1.50,1.32
2013.11.07 13:03:58.450,1.13305,1.13334,1.13,2.07
2013.11.07 13:04:00.116,1.13312,1.13334,1.50,1.13
2013.11.07 13:04:00.656,1.1331,1.13344,1.13,1.50
2013.11.07 13:04:01.076,1.13311,1.13335,1.13,1.69
2013.11.07 13:04:02.100,1.13303,1.13332,2.63,1.69
2013.11.07 13:04:02.169,1.13303,1.13332,1.13,1.88
2013.11.07 13:04:02.478,1.13302,1.13332,1.13,1.32
2013.11.07 13:04:03.827,1.13302,1.13332,1.13,1.32
2013.11.07 13:04:04.578,1.13302,1.13332,1.13,1.32
2013.11.07 13:04:04.807,1.13302,1.13332,1.13,1.32
2013.11.07 13:04:05.134,1.13303,1.13328,1.13,1.69
2013.11.07 13:04:06.187,1.13302,1.13332,1.13,1.88
2013.11.07 13:04:06.366,1.13302,1.13332,1.13,1.88
2013.11.07 13:04:06.486,1.13302,1.13332,1.13,3.57
2013.11.07 13:04:06.607,1.13303,1.13326,1.13,1.32
2013.11.07 13:04:07.148,1.13296,1.13325,1.13,1.69
2013.11.07 13:04:07.626,1.13295,1.13328,1.50,1.69
2013.11.07 13:04:08.188,1.13297,1.13327,1.50,1.32
2013.11.07 13:04:08.249,1.13297,1.13327,1.50,1.32
2013.11.07 13:04:08.867,1.13293,1.13319,1.50,1.32
2013.11.07 13:04:09.377,1.13291,1.13318,1.13,1.32
2013.11.07 13:04:09.737,1.13288,1.13314,1.13,2.07
2013.11.07 13:04:10.219,1.13287,1.13314,1.13,2.07
2013.11.07 13:04:10.827,1.13288,1.13314,1.13,1.69
2013.11.07 13:04:11.668,1.13288,1.13314,1.13,1.69
2013.11.07 13:04:11.747,1.13288,1.13315,1.13,2.07
2013.11.07 13:04:13.127,1.13288,1.13313,1.13,1.32
2013.11.07 13:04:14.337,1.13288,1.13313,1.13,1.32
2013.11.07 13:04:14.696,1.13287,1.13314,1.50,2.07
2013.11.07 13:04:14.876,1.13288,1.13314,1.50,1.88
2013.11.07 13:04:15.416,1.13291,1.13316,1.50,1.50
2013.11.07 13:04:15.615,1.1329,1.13314,1.50,1.32
2013.11.07 13:04:15.856,1.13287,1.13309,1.50,2.82
2013.11.07 13:04:15.916,1.13287,1.13309,1.50,2.44
2013.11.07 13:04:16.337,1.13287,1.13309,1.50,1.32
2013.11.07 13:04:17.436,1.13284,1.13311,2.25,1.13
2013.11.07 13:04:17.556,1.13284,1.13314,1.50,1.69
2013.11.07 13:04:17.796,1.13287,1.13319,2.25,1.13
2013.11.07 13:04:17.918,1.13289,1.13318,1.50,1.13
2013.11.07 13:04:18.277,1.13286,1.13312,1.50,1.69
2013.11.07 13:04:18.580,1.13283,1.13312,2.25,1.69
2013.11.07 13:04:19.128,1.13285,1.13314,2.25,1.88
2013.11.07 13:04:19.607,1.13285,1.13314,2.25,1.69
2013.11.07 13:04:19.787,1.13292,1.13319,2.25,1.50
2013.11.07 13:04:20.146,1.13295,1.1332,1.69,1.50
2013.11.07 13:04:20.449,1.13305,1.13329,1.50,1.50
2013.11.07 13:04:20.757,1.13311,1.13339,1.50,2.25
2013.11.07 13:04:21.058,1.13318,1.1334,1.50,1.50
2013.11.07 13:04:21.177,1.13317,1.13339,1.50,1.50
2013.11.07 13:04:21.418,1.13317,1.1334,2.25,1.50
2013.11.07 13:04:21.596,1.13317,1.13343,2.25,1.50
2013.11.07 13:04:22.726,1.13317,1.13343,1.50,1.50
2013.11.07 13:04:23.149,1.13312,1.13328,1.50,1.50
2013.11.07 13:04:23.278,1.13306,1.13328,2.63,1.50
2013.11.07 13:04:23.637,1.13308,1.13334,1.50,1.50
2013.11.07 13:04:23.948,1.13307,1.13334,2.25,1.50
2013.11.07 13:04:24.741,1.1331,1.13334,1.50,1.50
2013.11.07 13:04:25.468,1.1331,1.13334,1.50,1.50
2013.11.07 13:04:26.627,1.1331,1.13337,1.50,1.50
2013.11.07 13:04:27.246,1.13311,1.1334,1.50,1.13
2013.11.07 13:04:29.107,1.13309,1.13323,1.50,1.32
2013.11.07 13:04:29.166,1.13304,1.13318,2.63,1.69
2013.11.07 13:04:29.406,1.133,1.13322,1.50,1.50
2013.11.07 13:04:29.466,1.133,1.13322,1.50,1.13
2013.11.07 13:04:29.526,1.13297,1.13321,1.50,1.13
2013.11.07 13:04:29.707,1.13306,1.13319,1.50,1.13
2013.11.07 13:04:29.826,1.13306,1.13327,1.50,1.13
2013.11.07 13:04:29.886,1.13306,1.13331,1.50,1.88
2013.11.07 13:04:30.006,1.13307,1.13333,1.50,1.13
2013.11.07 13:04:30.186,1.13307,1.13338,1.69,1.88
2013.11.07 13:04:30.696,1.13301,1.13329,1.50,1.50
2013.11.07 13:04:32.836,1.13296,1.13333,1.50,2.25
2013.11.07 13:04:33.877,1.13302,1.13327,2.25,1.88
2013.11.07 13:04:33.948,1.13302,1.13319,2.25,1.50
2013.11.07 13:04:34.308,1.13292,1.13313,1.50,1.13
2013.11.07 13:04:34.487,1.13292,1.13316,1.50,1.13
2013.11.07 13:04:34.606,1.13292,1.13318,1.50,1.13
2013.11.07 13:04:35.098,1.13287,1.13318,1.50,1.13
2013.11.07 13:04:35.458,1.13287,1.13319,1.13,1.50
2013.11.07 13:04:36.438,1.13286,1.13318,1.13,1.69
2013.11.07 13:04:36.729,1.13286,1.13319,1.13,1.69
2013.11.07 13:04:36.977,1.13288,1.13324,1.50,2.82
2013.11.07 13:04:37.599,1.13288,1.13323,1.50,1.69
2013.11.07 13:04:37.907,1.13286,1.13322,1.69,1.50
2013.11.07 13:04:38.148,1.13286,1.13322,1.50,1.69
2013.11.07 13:04:38.449,1.13286,1.13322,1.13,1.69
2013.11.07 13:04:38.807,1.13285,1.13313,1.13,1.32
2013.11.07 13:04:39.417,1.13285,1.13309,1.13,1.13
2013.11.07 13:04:39.476,1.1328,1.13309,1.50,1.13
2013.11.07 13:04:39.596,1.13279,1.13309,1.50,2.44
2013.11.07 13:04:39.717,1.1328,1.13309,1.50,2.82
2013.11.07 13:04:40.417,1.13286,1.1331,1.50,2.07
2013.11.07 13:04:41.803,1.13282,1.13308,1.50,1.69
2013.11.07 13:04:41.927,1.13279,1.13293,1.13,1.50
2013.11.07 13:04:42.168,1.13276,1.13296,1.50,1.50
2013.11.07 13:04:42.297,1.13276,1.13301,3.00,1.88
2013.11.07 13:04:42.416,1.13276,1.13304,3.00,2.25
2013.11.07 13:04:42.476,1.13276,1.13306,3.00,1.50
2013.11.07 13:04:42.628,1.13282,1.13307,1.50,1.13
2013.11.07 13:04:43.039,1.13277,1.13307,2.25,1.13
2013.11.07 13:04:43.407,1.13281,1.13309,1.50,1.32
2013.11.07 13:04:45.406,1.13281,1.1331,1.50,1.32
2013.11.07 13:04:45.666,1.1328,1.1331,1.50,1.32
2013.11.07 13:04:46.637,1.13279,1.13304,1.50,1.32
2013.11.07 13:04:46.757,1.13277,1.13298,1.50,1.32
2013.11.07 13:04:46.816,1.13277,1.13289,1.50,1.50
2013.11.07 13:04:46.936,1.13276,1.13298,1.50,1.50
2013.11.07 13:04:46.998,1.13277,1.13302,1.50,1.50
2013.11.07 13:04:47.116,1.13278,1.13302,1.50,1.50
2013.11.07 13:04:47.766,1.13277,1.13304,2.25,1.32
2013.11.07 13:04:48.896,1.13276,1.13298,1.50,1.32
2013.11.07 13:04:48.957,1.1327,1.13289,1.50,2.25
2013.11.07 13:04:49.437,1.13272,1.13296,1.50,1.13
2013.11.07 13:04:49.498,1.13275,1.13298,1.50,1.50
2013.11.07 13:04:49.558,1.13276,1.13298,1.50,1.50
2013.11.07 13:04:49.868,1.13276,1.13297,1.50,1.50
2013.11.07 13:04:50.407,1.13277,1.13306,2.25,1.69
2013.11.07 13:04:53.057,1.13277,1.13303,2.25,1.50
2013.11.07 13:04:53.978,1.13278,1.13303,1.50,1.50
2013.11.07 13:04:54.217,1.13278,1.13303,1.50,1.50
2013.11.07 13:04:54.396,1.13277,1.13303,1.50,1.50
2013.11.07 13:04:54.636,1.13275,1.13302,3.00,1.50
2013.11.07 13:04:55.019,1.13275,1.13302,3.00,1.50
2013.11.07 13:04:55.446,1.13275,1.13302,3.00,1.50
2013.11.07 13:04:57.798,1.13277,1.13305,1.50,1.50
2013.11.07 13:04:57.857,1.13277,1.133,1.50,1.13
2013.11.07 13:04:58.158,1.13275,1.1329,1.50,1.50
2013.11.07 13:04:58.218,1.13275,1.13293,1.50,1.50
2013.11.07 13:04:58.408,1.13273,1.13293,1.50,1.50
2013.11.07 13:04:58.930,1.13272,1.13299,1.50,1.88
2013.11.07 13:04:59.747,1.13272,1.13303,1.50,1.50
2013.11.07 13:05:00.588,1.13277,1.13304,1.50,1.88
2013.11.07 13:05:00.947,1.13272,1.13289,1.50,1.69
2013.11.07 13:05:01.007,1.13272,1.13289,1.50,1.69
2013.11.07 13:05:01.127,1.13272,1.1329,1.50,1.69
2013.11.07 13:05:03.857,1.13268,1.13293,1.50,1.50
2013.11.07 13:05:03.977,1.13268,1.13298,1.13,1.13
2013.11.07 13:05:04.157,1.13276,1.13307,1.50,1.69
2013.11.07 13:05:04.396,1.13276,1.13308,1.50,1.50
2013.11.07 13:05:04.696,1.13276,1.13307,3.00,1.69
2013.11.07 13:05:05.056,1.13276,1.13304,1.50,1.69
2013.11.07 13:05:07.147,1.13276,1.13304,1.50,1.50
2013.11.07 13:05:09.806,1.13274,1.13302,1.50,1.50
2013.11.07 13:05:10.167,1.13279,1.13304,2.25,1.50
2013.11.07 13:05:10.286,1.13275,1.13304,3.38,1.50
2013.11.07 13:05:14.058,1.13273,1.13302,2.25,1.50
2013.11.07 13:05:14.366,1.13268,1.13297,2.25,1.69
2013.11.07 13:05:14.967,1.13269,1.13297,1.50,1.69
2013.11.07 13:05:15.269,1.13265,1.13297,1.13,1.69
2013.11.07 13:05:16.167,1.13266,1.13297,1.13,2.82
2013.11.07 13:05:16.606,1.13266,1.13297,1.88,2.82
2013.11.07 13:05:19.198,1.13267,1.13297,1.50,1.69
2013.11.07 13:05:19.778,1.13268,1.13298,1.50,2.44
2013.11.07 13:05:20.558,1.13267,1.13297,2.25,1.69
2013.11.07 13:05:21.160,1.13267,1.13293,1.50,1.50
2013.11.07 13:05:21.468,1.13261,1.13277,1.50,1.88
2013.11.07 13:05:21.526,1.13261,1.13277,1.50,1.13
2013.11.07 13:05:21.709,1.13263,1.1328,1.50,1.13
2013.11.07 13:05:21.836,1.13263,1.13283,1.50,1.13
2013.11.07 13:05:21.896,1.13262,1.13284,1.50,1.13
2013.11.07 13:05:22.076,1.13262,1.13288,1.50,1.13
2013.11.07 13:05:24.499,1.13264,1.1329,1.88,1.88
2013.11.07 13:05:24.759,1.13264,1.13291,1.13,1.13
2013.11.07 13:05:25.019,1.13264,1.13291,1.13,1.13
2013.11.07 13:05:26.427,1.13266,1.13293,1.13,1.13
2013.11.07 13:05:26.735,1.13266,1.13292,1.13,1.13
2013.11.07 13:05:27.043,1.13266,1.13292,1.13,1.13
2013.11.07 13:05:27.359,1.13268,1.13293,1.50,1.50
2013.11.07 13:05:27.667,1.13266,1.13294,1.50,1.50
2013.11.07 13:05:27.727,1.13266,1.13294,1.13,1.50
2013.11.07 13:05:30.417,1.13265,1.13294,1.50,1.50
2013.11.07 13:05:32.148,1.13265,1.13296,1.50,1.13
2013.11.07 13:05:32.957,1.13263,1.13288,1.88,1.50
2013.11.07 13:05:33.136,1.13263,1.1329,1.13,1.50
2013.11.07 13:05:33.856,1.13261,1.13291,2.25,1.69
2013.11.07 13:05:34.156,1.13261,1.1329,1.50,1.69
2013.11.07 13:05:35.443,1.13261,1.13289,1.50,1.32
2013.11.07 13:05:36.057,1.13256,1.13289,1.88,2.07
2013.11.07 13:05:36.797,1.13261,1.13289,1.50,2.07
2013.11.07 13:05:38.449,1.13256,1.13288,1.88,1.50
2013.11.07 13:05:43.867,1.13256,1.13288,3.38,1.69
2013.11.07 13:05:44.286,1.13252,1.13284,1.50,1.69
2013.11.07 13:05:44.347,1.13256,1.13286,1.50,1.32
2013.11.07 13:05:46.358,1.13256,1.13284,1.50,1.32
2013.11.07 13:05:46.835,1.13251,1.13278,1.50,1.69
2013.11.07 13:05:47.597,1.13251,1.13278,1.50,1.69
2013.11.07 13:05:49.805,1.13252,1.13279,1.50,1.69
2013.11.07 13:05:50.308,1.13252,1.13278,1.50,1.50
2013.11.07 13:05:50.368,1.13255,1.13279,1.13,1.69
2013.11.07 13:05:50.487,1.13262,1.13281,1.69,1.50
2013.11.07 13:05:50.608,1.1326,1.13281,2.44,2.25
2013.11.07 13:05:51.087,1.13255,1.13281,1.32,1.50
2013.11.07 13:05:51.149,1.13256,1.13288,1.69,1.50
2013.11.07 13:05:51.326,1.13257,1.13288,3.00,1.50
2013.11.07 13:05:51.627,1.13255,1.13281,1.13,1.50
2013.11.07 13:05:52.168,1.13256,1.13282,1.13,1.50
2013.11.07 13:05:52.406,1.13257,1.13281,1.50,1.50
2013.11.07 13:05:53.276,1.13257,1.13282,1.50,1.50
2013.11.07 13:05:53.637,1.13259,1.13288,1.50,1.50
2013.11.07 13:05:55.869,1.13257,1.13281,1.50,1.50
2013.11.07 13:06:00.828,1.13257,1.13286,1.88,1.69
2013.11.07 13:06:01.077,1.13259,1.13288,2.44,1.50
2013.11.07 13:06:01.920,1.13263,1.13288,1.50,1.69
2013.11.07 13:06:02.289,1.13252,1.13281,2.25,1.50
2013.11.07 13:06:02.357,1.13252,1.13279,2.25,2.25
2013.11.07 13:06:02.538,1.13252,1.1328,3.00,1.50
2013.11.07 13:06:02.779,1.13252,1.13281,3.19,1.50
2013.11.07 13:06:03.328,1.13252,1.13281,3.19,1.50
2013.11.07 13:06:03.688,1.13252,1.13281,3.19,1.50
2013.11.07 13:06:04.049,1.13252,1.13281,2.44,2.25
2013.11.07 13:06:04.297,1.13252,1.1328,3.00,1.50
2013.11.07 13:06:04.416,1.13252,1.13281,1.50,1.50
2013.11.07 13:06:04.476,1.13252,1.1328,1.50,1.50
2013.11.07 13:06:04.656,1.13252,1.13281,1.50,1.50
2013.11.07 13:06:06.047,1.13252,1.13284,1.50,1.88
2013.11.07 13:06:06.586,1.13252,1.13283,1.50,1.50
2013.11.07 13:06:06.647,1.13251,1.13283,1.50,2.25
2013.11.07 13:06:08.658,1.13251,1.13281,1.50,1.50
2013.11.07 13:06:09.193,1.13249,1.13281,1.13,2.25
2013.11.07 13:06:09.437,1.13249,1.13282,1.88,1.50
2013.11.07 13:06:09.556,1.13249,1.13282,1.13,2.25
2013.11.07 13:06:10.506,1.13249,1.13282,1.13,2.25
2013.11.07 13:06:11.260,1.13249,1.13283,1.13,1.13
2013.11.07 13:06:16.007,1.13251,1.13284,1.50,2.44
2013.11.07 13:06:18.298,1.13248,1.13282,2.25,1.69
2013.11.07 13:06:18.406,1.13251,1.13283,1.50,1.69
2013.11.07 13:06:18.556,1.13248,1.13282,2.25,1.69
2013.11.07 13:06:18.677,1.13251,1.13283,1.50,2.07
2013.11.07 13:06:19.337,1.13251,1.13281,1.50,1.50
2013.11.07 13:06:19.646,1.13251,1.13283,1.69,2.63
2013.11.07 13:06:20.172,1.13252,1.13282,1.50,1.50
2013.11.07 13:06:20.256,1.13248,1.13282,1.50,1.50
2013.11.07 13:06:22.837,1.13251,1.1328,1.50,1.50
2013.11.07 13:06:23.017,1.13251,1.13282,1.50,3.00
2013.11.07 13:06:23.137,1.13251,1.1328,1.50,1.32
2013.11.07 13:06:23.257,1.13248,1.13277,3.00,1.69
2013.11.07 13:06:23.377,1.13251,1.13281,1.50,1.50
2013.11.07 13:06:23.437,1.13251,1.13282,1.50,3.75
2013.11.07 13:06:23.617,1.13251,1.13282,1.50,3.19
2013.11.07 13:06:24.786,1.13251,1.13281,1.50,2.44
2013.11.07 13:06:25.338,1.13251,1.13281,1.50,2.44
2013.11.07 13:06:26.219,1.13248,1.1328,3.00,1.69
2013.11.07 13:06:27.086,1.13249,1.13278,1.50,2.25
2013.11.07 13:06:27.206,1.13251,1.13278,1.50,1.50
2013.11.07 13:06:27.446,1.13249,1.13278,1.50,2.25
2013.11.07 13:06:27.738,1.13249,1.13277,1.50,2.25
2013.11.07 13:06:28.036,1.13249,1.13278,1.50,1.50
2013.11.07 13:06:28.156,1.13251,1.13279,1.50,2.25
2013.11.07 13:06:28.396,1.13249,1.13279,1.50,3.00
2013.11.07 13:06:29.317,1.13247,1.13277,1.88,1.50
2013.11.07 13:06:31.547,1.13247,1.13279,1.50,1.69
2013.11.07 13:06:33.110,1.13248,1.13277,1.50,1.50
2013.11.07 13:06:33.661,1.13248,1.13277,1.50,1.50
2013.11.07 13:06:34.032,1.13247,1.13277,1.88,2.25
2013.11.07 13:06:34.220,1.13248,1.13279,1.13,2.44
2013.11.07 13:06:34.347,1.13247,1.13277,1.50,1.50
2013.11.07 13:06:35.979,1.13248,1.13277,1.50,1.50
2013.11.07 13:06:37.488,1.13249,1.13279,1.50,1.69
2013.11.07 13:06:37.608,1.13249,1.13283,2.25,2.07
2013.11.07 13:06:37.969,1.13256,1.1328,1.13,1.50
2013.11.07 13:06:39.726,1.13261,1.13282,1.13,1.50
2013.11.07 13:06:40.027,1.13254,1.13283,1.13,1.88
2013.11.07 13:06:42.047,1.13257,1.13284,2.25,1.13
2013.11.07 13:06:43.296,1.13256,1.13284,1.88,1.50
2013.11.07 13:06:43.797,1.13257,1.13284,1.50,1.50
2013.11.07 13:06:45.476,1.13256,1.13286,2.25,1.50
2013.11.07 13:06:49.008,1.13259,1.13284,1.50,1.50
2013.11.07 13:06:49.130,1.13257,1.13282,1.50,1.69
2013.11.07 13:06:49.318,1.1325,1.13279,1.50,1.50
2013.11.07 13:06:49.437,1.13252,1.13279,1.50,1.50
2013.11.07 13:06:50.998,1.13252,1.13283,1.50,2.07
2013.11.07 13:06:51.537,1.13252,1.1328,1.50,1.50
2013.11.07 13:06:51.838,1.13251,1.13279,1.50,1.69
2013.11.07 13:06:52.197,1.13251,1.13279,1.50,2.07
2013.11.07 13:06:52.617,1.13251,1.13279,1.50,1.32
2013.11.07 13:06:53.148,1.13252,1.13278,1.50,1.69
2013.11.07 13:06:54.870,1.13252,1.13281,1.88,1.32
2013.11.07 13:06:54.937,1.13252,1.13284,1.13,1.69
2013.11.07 13:06:55.116,1.13252,1.13284,3.00,1.69
2013.11.07 13:06:55.237,1.13252,1.13284,1.88,1.69
2013.11.07 13:06:55.596,1.13252,1.13284,1.88,1.50
2013.11.07 13:06:56.376,1.13251,1.13284,1.88,1.69
2013.11.07 13:06:58.339,1.13252,1.13281,2.82,1.50
2013.11.07 13:06:58.697,1.13261,1.13287,1.50,1.50
2013.11.07 13:06:58.998,1.13258,1.13286,1.13,2.25
2013.11.07 13:06:59.118,1.13259,1.13285,1.13,1.50
2013.11.07 13:06:59.656,1.13258,1.13285,2.25,1.50
2013.11.07 13:07:00.926,1.13257,1.13285,1.13,1.50
2013.11.07 13:07:01.166,1.13259,1.13288,1.13,1.50
2013.11.07 13:07:02.016,1.13259,1.13288,1.13,2.63
2013.11.07 13:07:02.376,1.13258,1.13288,2.07,1.50
2013.11.07 13:07:02.436,1.13259,1.13288,2.25,1.13
2013.11.07 13:07:02.797,1.13261,1.13289,1.13,1.50
2013.11.07 13:07:02.917,1.13259,1.13289,1.13,1.50
2013.11.07 13:07:05.778,1.13258,1.13289,1.50,1.88
2013.11.07 13:07:05.859,1.13258,1.13282,1.50,1.50
2013.11.07 13:07:06.169,1.13254,1.13282,1.50,2.44
2013.11.07 13:07:06.528,1.1325,1.13278,1.50,1.69
2013.11.07 13:07:07.096,1.1325,1.13278,1.50,1.32
2013.11.07 13:07:08.557,1.13249,1.13275,1.50,1.32
2013.11.07 13:07:09.278,1.13252,1.13278,1.50,1.32
2013.11.07 13:07:09.338,1.13249,1.13275,1.50,1.32
2013.11.07 13:07:10.027,1.13251,1.13278,1.50,1.13
2013.11.07 13:07:10.549,1.13249,1.13275,1.50,1.13
2013.11.07 13:07:10.668,1.13252,1.13278,1.69,1.13
2013.11.07 13:07:10.726,1.13252,1.1328,1.69,2.63
2013.11.07 13:07:10.967,1.13252,1.13281,1.50,2.44
2013.11.07 13:07:18.608,1.13249,1.13278,1.50,2.44
2013.11.07 13:07:19.157,1.13248,1.1327,1.50,1.13
2013.11.07 13:07:19.707,1.13247,1.13269,1.50,1.13
2013.11.07 13:07:21.308,1.13247,1.1327,1.50,1.13
2013.11.07 13:07:22.278,1.13247,1.13271,2.25,1.32
2013.11.07 13:07:22.457,1.13248,1.13271,1.50,1.13
2013.11.07 13:07:22.518,1.13248,1.13271,1.50,1.32
2013.11.07 13:07:22.756,1.13248,1.13273,1.50,1.69
2013.11.07 13:07:25.136,1.13247,1.13273,1.50,1.69
2013.11.07 13:07:25.196,1.13246,1.13272,1.50,1.32
2013.11.07 13:07:25.258,1.13246,1.13273,1.50,2.44
2013.11.07 13:07:29.108,1.13246,1.13273,1.50,1.69
2013.11.07 13:07:29.618,1.13247,1.13271,1.50,2.44
2013.11.07 13:07:29.919,1.13246,1.1327,1.50,1.32
2013.11.07 13:07:30.098,1.13246,1.1327,1.50,1.69
2013.11.07 13:07:31.526,1.13247,1.13273,1.50,3.19
2013.11.07 13:07:32.217,1.13247,1.1327,2.25,1.69
2013.11.07 13:07:32.639,1.13247,1.13273,1.50,1.69
2013.11.07 13:07:33.117,1.13247,1.13273,1.50,2.82
2013.11.07 13:07:33.476,1.13242,1.13263,3.00,1.32
2013.11.07 13:07:33.597,1.13242,1.13263,2.25,2.07
2013.11.07 13:07:33.658,1.13242,1.13262,2.25,1.69
2013.11.07 13:07:34.090,1.13236,1.13264,1.50,2.25
2013.11.07 13:07:34.277,1.13237,1.13266,1.50,1.50
2013.11.07 13:07:34.398,1.13236,1.13265,2.25,1.32
2013.11.07 13:07:34.699,1.13236,1.13264,2.25,2.07
2013.11.07 13:07:34.942,1.13231,1.13262,1.50,1.32
2013.11.07 13:07:35.607,1.13234,1.1326,1.50,1.32
2013.11.07 13:07:35.729,1.13231,1.13259,1.50,1.69
2013.11.07 13:07:35.849,1.1323,1.13253,1.50,1.32
2013.11.07 13:07:36.388,1.13231,1.13251,1.50,3.57
2013.11.07 13:07:40.578,1.13225,1.13244,1.50,1.32
2013.11.07 13:07:40.639,1.13218,1.13244,1.13,1.69
2013.11.07 13:07:40.817,1.13217,1.13243,1.50,1.69
2013.11.07 13:07:40.878,1.13223,1.13243,1.50,2.44
2013.11.07 13:07:40.997,1.13223,1.13242,1.50,2.44
2013.11.07 13:07:41.181,1.13212,1.1324,1.13,1.69
2013.11.07 13:07:41.307,1.1321,1.13238,2.25,1.69
2013.11.07 13:07:41.609,1.1321,1.13238,1.88,1.32
2013.11.07 13:07:42.608,1.1321,1.13237,1.50,2.44
2013.11.07 13:07:42.807,1.1321,1.13238,1.50,3.19
2013.11.07 13:07:43.346,1.1321,1.13239,1.50,1.13
2013.11.07 13:07:43.468,1.13212,1.1324,1.50,1.88
2013.11.07 13:07:44.018,1.13213,1.1324,1.13,1.13
2013.11.07 13:07:45.471,1.13211,1.13242,1.13,2.07
2013.11.07 13:07:45.600,1.13211,1.1324,1.88,1.13
2013.11.07 13:07:46.326,1.1321,1.13239,1.13,1.13
2013.11.07 13:07:46.405,1.13207,1.13239,1.13,1.13
2013.11.07 13:07:48.434,1.13207,1.13239,1.13,1.13
2013.11.07 13:07:49.766,1.13207,1.1324,1.13,1.88
2013.11.07 13:07:49.886,1.13205,1.13236,1.88,1.69
2013.11.07 13:07:50.307,1.13205,1.13235,1.13,2.44
2013.11.07 13:07:50.428,1.13207,1.13235,1.13,1.50
2013.11.07 13:07:50.668,1.13205,1.13236,1.88,1.69
2013.11.07 13:07:50.848,1.13205,1.13232,1.88,1.50
2013.11.07 13:07:51.516,1.13205,1.13236,1.50,2.82
2013.11.07 13:07:51.637,1.13205,1.13236,1.50,4.32
2013.11.07 13:07:51.876,1.13205,1.13235,1.50,1.32
2013.11.07 13:07:52.417,1.13205,1.13233,1.50,1.50
2013.11.07 13:07:54.407,1.13201,1.13233,1.88,2.63
2013.11.07 13:07:55.447,1.13201,1.13234,1.13,1.13
2013.11.07 13:07:55.887,1.13201,1.13234,1.13,1.50
2013.11.07 13:07:56.128,1.13206,1.13232,1.50,1.13
2013.11.07 13:07:57.306,1.13206,1.13239,1.88,3.19
2013.11.07 13:07:57.486,1.13205,1.13239,1.50,3.19
2013.11.07 13:08:01.196,1.13203,1.13238,2.63,2.25
2013.11.07 13:08:01.497,1.13203,1.13232,2.63,3.38
2013.11.07 13:08:01.679,1.13203,1.13232,1.88,2.07
2013.11.07 13:08:03.435,1.13203,1.13231,1.50,1.69
2013.11.07 13:08:03.557,1.13203,1.13231,1.50,1.69
2013.11.07 13:08:03.916,1.13202,1.13232,1.50,3.19
2013.11.07 13:08:04.397,1.13202,1.13232,1.50,2.07
2013.11.07 13:08:04.757,1.13203,1.13232,1.50,1.88
2013.11.07 13:08:05.597,1.13203,1.13232,1.50,1.69
2013.11.07 13:08:05.657,1.13202,1.13232,2.25,1.69
2013.11.07 13:08:06.857,1.13203,1.13232,1.50,1.13
2013.11.07 13:08:07.219,1.13202,1.13232,2.25,1.13
2013.11.07 13:08:08.377,1.13202,1.13236,2.25,1.69
2013.11.07 13:08:12.257,1.13204,1.13238,1.50,1.69
2013.11.07 13:08:12.557,1.13203,1.13237,1.50,1.69
2013.11.07 13:08:12.676,1.13203,1.13236,1.50,2.07
2013.11.07 13:08:14.627,1.13201,1.13235,1.50,2.44
2013.11.07 13:08:14.867,1.13201,1.13233,2.25,1.69
2013.11.07 13:08:15.287,1.13202,1.13233,1.50,1.69
2013.11.07 13:08:15.708,1.13202,1.13233,1.50,1.69
2013.11.07 13:08:16.108,1.13202,1.13233,1.50,1.69
2013.11.07 13:08:16.467,1.13202,1.13233,1.50,3.19
2013.11.07 13:08:16.904,1.13202,1.13233,1.50,1.69
2013.11.07 13:08:21.576,1.13198,1.13232,1.50,1.69
2013.11.07 13:08:23.648,1.13197,1.13228,1.50,1.69
2013.11.07 13:08:23.880,1.132,1.13228,1.50,1.69
2013.11.07 13:08:23.947,1.132,1.13228,1.50,2.25
2013.11.07 13:08:24.128,1.13199,1.13228,1.13,3.57
2013.11.07 13:08:24.189,1.13197,1.13223,1.13,1.32
2013.11.07 13:08:24.367,1.13193,1.13222,2.25,1.69
2013.11.07 13:08:24.618,1.13194,1.13218,1.50,1.32
2013.11.07 13:08:25.236,1.13194,1.13218,1.50,1.32
2013.11.07 13:08:25.696,1.13194,1.13218,2.25,1.32
2013.11.07 13:08:27.406,1.13196,1.13222,1.50,1.32
2013.11.07 13:08:27.607,1.13196,1.13226,1.50,2.07
2013.11.07 13:08:27.848,1.13197,1.13227,1.50,3.19
2013.11.07 13:08:28.500,1.13199,1.13227,1.13,2.25
2013.11.07 13:08:28.572,1.13203,1.13231,1.13,1.69
2013.11.07 13:08:28.641,1.13197,1.13227,2.63,1.69
2013.11.07 13:08:29.276,1.13197,1.13227,3.38,1.69
2013.11.07 13:08:30.346,1.13197,1.13227,3.38,1.69
2013.11.07 13:08:31.570,1.13197,1.13227,3.38,1.69
2013.11.07 13:08:31.908,1.13201,1.13223,1.13,1.32
2013.11.07 13:08:32.148,1.13202,1.13227,1.13,1.50
2013.11.07 13:08:32.687,1.13207,1.13233,1.88,1.50
2013.11.07 13:08:32.747,1.13207,1.13233,1.88,1.50
2013.11.07 13:08:33.427,1.13201,1.13234,1.88,3.57
2013.11.07 13:08:35.736,1.13201,1.13234,1.88,2.44
2013.11.07 13:08:36.263,1.13201,1.13234,1.88,2.44
2013.11.07 13:08:36.509,1.13201,1.13232,1.88,1.69
2013.11.07 13:08:36.630,1.13202,1.13228,1.13,1.69
2013.11.07 13:08:36.820,1.13202,1.13228,1.13,1.50
2013.11.07 13:08:37.366,1.13201,1.13234,2.25,2.82
2013.11.07 13:08:38.057,1.13201,1.13233,2.25,2.44
2013.11.07 13:08:38.880,1.13203,1.13233,1.50,2.44
2013.11.07 13:08:39.440,1.13201,1.13233,1.88,2.44
2013.11.07 13:08:40.437,1.13201,1.13234,3.75,2.07
2013.11.07 13:08:40.796,1.13201,1.13234,3.38,1.69
2013.11.07 13:08:41.316,1.13202,1.13234,1.13,1.69
2013.11.07 13:08:41.496,1.13203,1.13234,1.50,1.69
2013.11.07 13:08:41.799,1.13202,1.13229,1.13,1.32
2013.11.07 13:08:42.289,1.132,1.13229,1.13,1.32
2013.11.07 13:08:42.647,1.13201,1.1323,1.50,1.69
2013.11.07 13:08:42.888,1.13201,1.1323,1.50,2.07
2013.11.07 13:08:47.476,1.13194,1.13224,1.13,1.69
2013.11.07 13:08:52.052,1.13199,1.13222,1.50,1.69
2013.11.07 13:08:53.203,1.13199,1.13222,1.50,1.50
2013.11.07 13:08:54.347,1.13197,1.1322,1.50,1.69
2013.11.07 13:08:54.527,1.13191,1.13214,1.50,1.50
2013.11.07 13:08:54.706,1.13186,1.13215,1.50,1.50
2013.11.07 13:08:54.947,1.13191,1.13215,1.50,1.50
2013.11.07 13:08:55.306,1.13192,1.13215,1.50,2.25
2013.11.07 13:08:55.366,1.13191,1.13215,1.50,2.25
2013.11.07 13:08:55.486,1.13191,1.13215,1.50,2.25
2013.11.07 13:08:57.018,1.13191,1.13216,1.50,1.13
2013.11.07 13:08:57.697,1.13191,1.13216,1.50,1.13
2013.11.07 13:08:58.106,1.13189,1.13216,2.25,1.13
2013.11.07 13:08:59.387,1.13191,1.13214,1.50,2.25
2013.11.07 13:09:03.867,1.13181,1.13214,3.00,1.50
2013.11.07 13:09:07.290,1.13188,1.13214,1.50,1.50
2013.11.07 13:09:07.727,1.13188,1.13215,2.25,1.50
2013.11.07 13:09:09.858,1.1319,1.13217,2.25,4.13
2013.11.07 13:09:09.917,1.1319,1.13217,2.25,4.13
2013.11.07 13:09:10.038,1.13196,1.13218,2.25,1.50
2013.11.07 13:09:10.218,1.13183,1.13217,1.88,2.25
2013.11.07 13:09:10.457,1.13188,1.13214,1.50,1.50
2013.11.07 13:09:10.996,1.13183,1.13214,1.50,2.25
2013.11.07 13:09:11.497,1.13185,1.13214,1.50,2.25
2013.11.07 13:09:12.308,1.13183,1.13214,1.50,3.00
2013.11.07 13:09:12.742,1.1318,1.13204,2.25,1.50
2013.11.07 13:09:12.827,1.1318,1.13211,2.25,2.44
2013.11.07 13:09:14.917,1.1318,1.13204,1.50,1.69
2013.11.07 13:09:14.978,1.1318,1.13204,1.50,1.69
2013.11.07 13:09:15.098,1.1318,1.13204,1.50,1.50
2013.11.07 13:09:15.277,1.1318,1.13211,1.50,2.07
2013.11.07 13:09:16.387,1.1318,1.13211,2.25,2.07
2013.11.07 13:09:17.567,1.13182,1.13211,1.50,2.07
2013.11.07 13:09:18.317,1.13182,1.13211,1.50,2.07
2013.11.07 13:09:18.697,1.13182,1.13211,1.50,1.50
2013.11.07 13:09:19.243,1.13186,1.13217,1.50,1.69
2013.11.07 13:09:19.637,1.13183,1.13203,2.25,2.07
2013.11.07 13:09:19.817,1.1318,1.13202,1.50,1.32
2013.11.07 13:09:20.117,1.13183,1.13203,1.50,2.44
2013.11.07 13:09:20.237,1.13183,1.13203,1.50,2.25
2013.11.07 13:09:20.537,1.13185,1.13208,1.50,1.32
2013.11.07 13:09:24.520,1.13181,1.13204,1.50,1.13
2013.11.07 13:09:24.767,1.13181,1.13208,1.50,1.32
2013.11.07 13:09:28.308,1.13182,1.13208,2.25,1.69
2013.11.07 13:09:28.437,1.13181,1.13203,2.25,1.69
2013.11.07 13:09:28.496,1.13182,1.13203,1.50,1.32
2013.11.07 13:09:28.677,1.13181,1.13205,1.50,1.69
2013.11.07 13:09:28.797,1.13181,1.13205,1.50,1.69
2013.11.07 13:09:29.430,1.13183,1.13205,1.50,1.69
2013.11.07 13:09:29.989,1.13184,1.13205,1.50,1.69
2013.11.07 13:09:30.587,1.13181,1.13205,1.50,1.69
2013.11.07 13:09:31.127,1.13181,1.13205,1.50,1.69
2013.11.07 13:09:31.630,1.13181,1.13205,1.50,1.69
2013.11.07 13:09:32.798,1.13181,1.13205,1.50,1.69
2013.11.07 13:09:33.353,1.13181,1.13205,1.50,1.69
2013.11.07 13:09:33.862,1.13181,1.13205,1.50,1.69
2013.11.07 13:09:35.346,1.13181,1.13205,1.50,1.69
2013.11.07 13:09:35.469,1.13178,1.13203,3.00,1.69
2013.11.07 13:09:35.988,1.13178,1.13203,3.00,1.69
2013.11.07 13:09:36.497,1.13178,1.13203,3.00,1.69
2013.11.07 13:09:37.135,1.13178,1.13203,3.00,1.69
2013.11.07 13:09:37.651,1.13178,1.13203,3.00,1.69
2013.11.07 13:09:38.187,1.13178,1.13203,1.50,1.69
2013.11.07 13:09:40.316,1.13178,1.13201,2.25,1.32
2013.11.07 13:09:40.616,1.13174,1.13195,1.50,1.50
2013.11.07 13:09:40.737,1.13174,1.13196,2.25,1.50
2013.11.07 13:09:41.097,1.13176,1.13194,1.50,1.69
2013.11.07 13:09:41.156,1.13174,1.13195,2.25,1.13
2013.11.07 13:09:41.457,1.13179,1.13202,2.25,1.13
2013.11.07 13:09:42.518,1.13178,1.13203,1.50,2.25
2013.11.07 13:09:43.147,1.13178,1.13203,1.50,2.44
2013.11.07 13:09:43.696,1.13178,1.13203,1.50,2.44
2013.11.07 13:09:44.056,1.13179,1.13203,1.50,2.44
2013.11.07 13:09:44.600,1.13182,1.13203,1.50,1.69
2013.11.07 13:09:45.122,1.13182,1.13203,1.50,1.69
2013.11.07 13:09:45.726,1.13179,1.13203,1.88,1.50
2013.11.07 13:09:46.157,1.13178,1.13195,3.00,1.32
2013.11.07 13:09:46.277,1.13174,1.13193,1.50,1.32
2013.11.07 13:09:46.399,1.13174,1.13194,1.50,1.13
2013.11.07 13:09:46.459,1.13178,1.13197,1.50,2.25
2013.11.07 13:09:46.519,1.13178,1.13198,1.50,1.50
2013.11.07 13:09:46.640,1.13178,1.13197,1.50,1.69
2013.11.07 13:09:46.947,1.13175,1.13196,2.25,2.44
2013.11.07 13:09:47.277,1.13178,1.13201,2.25,1.50
2013.11.07 13:09:47.337,1.13178,1.13202,2.25,1.50
2013.11.07 13:09:47.677,1.13178,1.13201,3.00,1.69
2013.11.07 13:09:48.040,1.1318,1.13203,1.50,1.50
2013.11.07 13:09:48.240,1.13182,1.13201,1.50,1.69
2013.11.07 13:09:48.548,1.13182,1.13202,3.00,1.88
2013.11.07 13:09:48.668,1.13183,1.13202,1.50,1.88
2013.11.07 13:09:50.367,1.13178,1.13201,1.50,1.69
2013.11.07 13:09:50.488,1.13175,1.13189,1.50,1.32
2013.11.07 13:09:50.547,1.13174,1.13189,1.50,1.32
2013.11.07 13:09:50.728,1.13174,1.1319,1.50,2.07
2013.11.07 13:09:51.279,1.13172,1.1319,1.50,1.32
2013.11.07 13:09:51.398,1.13173,1.13191,1.50,1.69
2013.11.07 13:09:51.637,1.13174,1.13192,1.50,2.07
2013.11.07 13:09:51.938,1.13176,1.13192,1.50,2.82
2013.11.07 13:09:52.836,1.13176,1.13191,1.50,1.32
2013.11.07 13:09:53.138,1.13174,1.13192,1.50,3.57
2013.11.07 13:09:53.688,1.13174,1.13192,1.50,3.57
2013.11.07 13:09:53.996,1.13167,1.13192,1.50,2.44
2013.11.07 13:09:54.117,1.13172,1.13192,1.50,1.69
2013.11.07 13:09:54.240,1.13182,1.13201,1.13,1.13
2013.11.07 13:09:54.607,1.13176,1.13201,2.25,1.32
2013.11.07 13:09:55.202,1.13176,1.13192,1.50,2.07
2013.11.07 13:09:55.279,1.13162,1.13193,2.25,2.07
2013.11.07 13:09:56.597,1.13161,1.13183,1.50,1.13
2013.11.07 13:09:56.958,1.13167,1.13181,1.50,1.88
2013.11.07 13:09:57.018,1.13166,1.13181,1.50,1.13
2013.11.07 13:09:57.137,1.13166,1.13181,1.50,1.13
2013.11.07 13:09:57.258,1.13166,1.13184,1.13,1.50
2013.11.07 13:09:57.377,1.13166,1.13185,1.88,1.50
2013.11.07 13:09:57.687,1.13171,1.13187,1.13,1.50
2013.11.07 13:09:57.991,1.13177,1.13192,1.88,1.50
2013.11.07 13:09:58.178,1.1318,1.13195,1.50,2.25
2013.11.07 13:09:58.240,1.1318,1.13195,1.50,2.25
2013.11.07 13:09:58.310,1.13186,1.13195,1.13,2.25
2013.11.07 13:09:58.499,1.13187,1.13199,1.13,1.88
2013.11.07 13:09:59.038,1.13189,1.13203,2.25,1.50
2013.11.07 13:09:59.099,1.13189,1.13203,1.50,2.25
2013.11.07 13:10:01.389,1.13189,1.13203,1.50,1.50
2013.11.07 13:10:01.748,1.13197,1.13206,1.13,1.50
2013.11.07 13:10:01.868,1.13195,1.13207,1.13,1.50
2013.11.07 13:10:01.990,1.13192,1.13205,2.25,1.50
2013.11.07 13:10:02.119,1.13189,1.13203,1.88,1.50
2013.11.07 13:10:02.238,1.13187,1.13216,3.00,2.44
2013.11.07 13:10:02.297,1.13187,1.13215,2.25,1.69
2013.11.07 13:10:02.357,1.13187,1.13215,1.50,1.69
2013.11.07 13:10:02.476,1.13185,1.13215,1.13,2.25
2013.11.07 13:10:02.777,1.13189,1.13218,1.50,2.63
2013.11.07 13:10:02.957,1.13189,1.13218,2.25,2.07
2013.11.07 13:10:03.136,1.13189,1.13217,2.25,1.32
2013.11.07 13:10:03.438,1.13188,1.13213,3.00,1.32
2013.11.07 13:10:03.557,1.13188,1.13213,2.25,1.32
2013.11.07 13:10:03.677,1.13188,1.13206,1.50,1.32
2013.11.07 13:10:03.798,1.13181,1.13206,1.50,1.69
2013.11.07 13:10:03.919,1.13181,1.13201,1.50,1.32
2013.11.07 13:10:03.979,1.13177,1.13201,2.25,1.32
2013.11.07 13:10:04.100,1.13177,1.13201,2.25,1.32
2013.11.07 13:10:04.288,1.13178,1.13201,1.50,1.32
2013.11.07 13:10:04.723,1.1318,1.13201,1.50,1.32
2013.11.07 13:10:04.802,1.13181,1.13205,1.50,1.32
2013.11.07 13:10:04.869,1.13182,1.13205,1.50,1.50
2013.11.07 13:10:04.928,1.13182,1.13205,2.25,1.50
2013.11.07 13:10:05.047,1.13186,1.13217,2.25,2.82
2013.11.07 13:10:05.168,1.13186,1.13217,2.25,3.57
2013.11.07 13:10:05.348,1.13186,1.1322,2.25,1.69
2013.11.07 13:10:05.649,1.13191,1.13216,1.50,1.32
2013.11.07 13:10:05.897,1.13191,1.13211,1.50,1.50
2013.11.07 13:10:06.137,1.13186,1.13205,1.50,1.50
2013.11.07 13:10:06.197,1.13183,1.13204,1.50,1.50
2013.11.07 13:10:06.439,1.13176,1.13198,1.13,1.50
2013.11.07 13:10:06.497,1.13176,1.13198,1.13,2.44
2013.11.07 13:10:06.860,1.13169,1.13188,2.63,1.32
2013.11.07 13:10:07.467,1.13165,1.13185,1.50,1.50
2013.11.07 13:10:08.208,1.13171,1.13185,1.50,1.50
2013.11.07 13:10:08.965,1.13161,1.13184,1.50,1.32
2013.11.07 13:10:09.088,1.13162,1.13185,1.50,1.69
2013.11.07 13:10:09.327,1.13171,1.13197,1.50,1.69
2013.11.07 13:10:09.509,1.1317,1.1319,1.13,1.69
2013.11.07 13:10:09.688,1.13172,1.1319,1.13,1.50
2013.11.07 13:10:09.749,1.13174,1.13193,1.13,2.44
2013.11.07 13:10:09.817,1.13174,1.13193,1.13,2.44
2013.11.07 13:10:09.877,1.13175,1.13193,1.13,1.88
2013.11.07 13:10:10.357,1.13173,1.13191,1.13,1.32
2013.11.07 13:10:10.538,1.13171,1.13191,2.25,1.32
2013.11.07 13:10:10.719,1.1317,1.13194,1.50,1.32
2013.11.07 13:10:10.850,1.13167,1.13196,1.50,1.69
2013.11.07 13:10:11.457,1.13167,1.13196,2.25,1.69
2013.11.07 13:10:11.849,1.13167,1.13189,1.50,1.32
2013.11.07 13:10:12.389,1.13161,1.13189,1.50,1.32
2013.11.07 13:10:12.459,1.13158,1.13178,3.00,1.50
2013.11.07 13:10:12.651,1.13158,1.13174,2.25,1.50
2013.11.07 13:10:12.838,1.13159,1.13174,1.50,1.50
2013.11.07 13:10:13.440,1.13158,1.13174,2.25,1.50
2013.11.07 13:10:14.376,1.13155,1.13174,3.00,1.50
2013.11.07 13:10:14.977,1.13155,1.13173,2.25,1.50
2013.11.07 13:10:15.497,1.13155,1.13173,2.25,1.50
2013.11.07 13:10:16.666,1.13155,1.1318,2.25,1.69
2013.11.07 13:10:16.727,1.13156,1.13182,1.50,1.32
2013.11.07 13:10:16.907,1.13165,1.13192,1.50,4.13
2013.11.07 13:10:17.397,1.13165,1.13192,2.25,1.50
2013.11.07 13:10:17.701,1.13174,1.13195,1.50,1.32
2013.11.07 13:10:19.307,1.13174,1.13195,2.25,1.32
2013.11.07 13:10:19.409,1.13174,1.13195,1.50,1.32
2013.11.07 13:10:19.826,1.13174,1.13195,1.88,1.32
2013.11.07 13:10:20.157,1.13172,1.13183,1.50,1.32
2013.11.07 13:10:20.217,1.13164,1.13183,2.25,1.32
2013.11.07 13:10:20.622,1.13164,1.13183,1.50,1.32
2013.11.07 13:10:20.688,1.13164,1.13193,1.50,1.69
2013.11.07 13:10:22.358,1.13164,1.13193,1.50,1.69
2013.11.07 13:10:22.627,1.13167,1.13195,1.50,2.44
2013.11.07 13:10:23.327,1.13164,1.13193,1.50,1.69
2013.11.07 13:10:25.806,1.13162,1.13191,1.50,2.44
2013.11.07 13:10:27.188,1.13167,1.13193,1.50,2.07
2013.11.07 13:10:27.647,1.13167,1.13193,1.50,1.69
2013.11.07 13:10:28.598,1.13161,1.13192,1.50,1.32
2013.11.07 13:10:29.121,1.13162,1.13189,1.50,1.32
2013.11.07 13:10:29.608,1.13161,1.13189,1.50,1.50
2013.11.07 13:10:30.928,1.1316,1.13189,1.50,2.07
2013.11.07 13:10:31.346,1.1317,1.13189,1.50,1.50
2013.11.07 13:10:31.646,1.13167,1.13185,1.50,1.50
2013.11.07 13:10:31.947,1.13164,1.13184,1.50,1.69
2013.11.07 13:10:32.127,1.1316,1.13179,1.50,1.32
2013.11.07 13:10:32.188,1.13154,1.13179,1.50,1.32
2013.11.07 13:10:32.366,1.13154,1.1318,2.25,1.32
2013.11.07 13:10:32.909,1.13155,1.13183,2.25,1.32
2013.11.07 13:10:33.448,1.13157,1.13184,1.50,1.32
2013.11.07 13:10:33.688,1.13157,1.13179,1.50,1.32
2013.11.07 13:10:34.717,1.13157,1.13172,1.50,1.32
2013.11.07 13:10:34.777,1.13157,1.13172,1.50,1.32
2013.11.07 13:10:35.206,1.13154,1.13178,1.50,1.32
2013.11.07 13:10:35.329,1.13151,1.13173,1.50,1.32
2013.11.07 13:10:35.512,1.13148,1.13164,1.50,1.69
2013.11.07 13:10:35.639,1.13151,1.13164,1.50,1.50
2013.11.07 13:10:35.709,1.13152,1.13172,1.50,1.50
2013.11.07 13:10:35.959,1.13153,1.13178,2.25,1.32
2013.11.07 13:10:36.138,1.13153,1.13183,2.25,1.32
2013.11.07 13:10:36.199,1.13157,1.13183,1.50,1.32
2013.11.07 13:10:36.386,1.13155,1.13183,1.50,1.32
2013.11.07 13:10:36.690,1.13156,1.13178,1.50,1.32
2013.11.07 13:10:37.116,1.13156,1.13178,1.50,1.32
2013.11.07 13:10:37.297,1.13149,1.13162,2.25,1.69
2013.11.07 13:10:37.358,1.13149,1.13163,2.25,1.69
2013.11.07 13:10:37.477,1.13149,1.13172,1.50,1.69
2013.11.07 13:10:37.539,1.13154,1.13174,1.84,1.69
2013.11.07 13:10:37.778,1.13149,1.13178,1.50,1.32
2013.11.07 13:10:37.957,1.1315,1.13178,1.50,1.32
2013.11.07 13:10:38.627,1.13153,1.13178,1.50,1.32
2013.11.07 13:10:39.407,1.1315,1.13178,1.50,1.32
2013.11.07 13:10:39.648,1.13159,1.13184,2.25,1.88
2013.11.07 13:10:39.838,1.13163,1.13186,1.50,1.50
2013.11.07 13:10:40.018,1.13157,1.13184,2.25,1.32
2013.11.07 13:10:41.649,1.13154,1.13184,3.00,1.32
2013.11.07 13:10:41.778,1.13154,1.13184,2.25,1.32
2013.11.07 13:10:42.918,1.13154,1.13183,3.00,1.50
2013.11.07 13:10:42.978,1.13154,1.13187,3.38,1.69
2013.11.07 13:10:43.337,1.13179,1.13196,1.50,1.50
2013.11.07 13:10:43.639,1.13168,1.13186,3.38,1.32
2013.11.07 13:10:43.759,1.13162,1.13172,1.50,1.32
2013.11.07 13:10:43.818,1.1316,1.13172,1.50,2.07
2013.11.07 13:10:43.937,1.13154,1.13175,1.50,1.32
2013.11.07 13:10:44.058,1.13153,1.13175,1.50,1.32
2013.11.07 13:10:45.108,1.13154,1.13182,1.50,1.13
2013.11.07 13:10:45.288,1.13161,1.13184,1.50,2.07
2013.11.07 13:10:46.098,1.13161,1.13184,1.50,1.69
2013.11.07 13:10:47.117,1.1316,1.13184,1.50,1.32
2013.11.07 13:10:47.177,1.1316,1.13179,1.50,1.32
2013.11.07 13:10:47.237,1.13157,1.13173,1.50,1.69
2013.11.07 13:10:47.358,1.13156,1.13173,1.50,1.50
2013.11.07 13:10:47.417,1.13157,1.13173,1.50,1.50
2013.11.07 13:10:47.477,1.13157,1.13181,1.50,1.69
2013.11.07 13:10:49.166,1.13156,1.13184,1.50,1.69
2013.11.07 13:10:49.698,1.13156,1.13184,1.50,2.07
2013.11.07 13:10:50.408,1.13156,1.13184,1.50,2.07
2013.11.07 13:10:52.850,1.13156,1.13184,1.50,2.44
2013.11.07 13:10:54.038,1.13156,1.13184,1.50,1.69
2013.11.07 13:10:56.060,1.13156,1.13184,1.50,2.07
2013.11.07 13:10:56.190,1.13156,1.13184,1.50,1.32
2013.11.07 13:10:56.437,1.13157,1.13185,2.25,1.69
2013.11.07 13:10:56.617,1.13157,1.13187,1.50,2.44
2013.11.07 13:10:57.194,1.13156,1.13187,1.50,2.44
2013.11.07 13:10:58.611,1.13156,1.13174,1.32,1.50
2013.11.07 13:10:58.738,1.13166,1.13187,1.50,1.88
2013.11.07 13:10:58.799,1.13166,1.13183,1.50,1.32
2013.11.07 13:10:58.918,1.13164,1.13183,1.50,1.32
2013.11.07 13:10:59.097,1.13156,1.13181,2.25,1.69
2013.11.07 13:10:59.640,1.13151,1.13184,2.25,1.32
2013.11.07 13:11:01.098,1.13156,1.13187,1.88,2.44
2013.11.07 13:11:01.158,1.13156,1.13188,2.63,2.07
2013.11.07 13:11:01.217,1.13157,1.13188,1.50,1.69
2013.11.07 13:11:01.576,1.13161,1.13188,1.13,1.69
2013.11.07 13:11:02.027,1.13159,1.13188,1.50,1.69
2013.11.07 13:11:02.278,1.13161,1.13188,1.13,1.69
2013.11.07 13:11:02.637,1.13161,1.13191,1.50,1.69
2013.11.07 13:11:02.700,1.13161,1.13188,1.50,2.07
2013.11.07 13:11:03.237,1.13157,1.13185,1.13,1.69
2013.11.07 13:11:03.786,1.13157,1.13183,1.13,1.69
2013.11.07 13:11:07.748,1.13159,1.13187,1.13,1.32
2013.11.07 13:11:08.539,1.13159,1.13187,1.88,1.32
2013.11.07 13:11:10.388,1.13159,1.13184,1.50,3.57
2013.11.07 13:11:10.508,1.13157,1.13182,1.13,1.32
2013.11.07 13:11:11.017,1.13155,1.13181,1.13,1.69
2013.11.07 13:11:11.076,1.13154,1.13181,1.88,1.69
2013.11.07 13:11:11.694,1.13154,1.13183,1.88,1.32
2013.11.07 13:11:12.230,1.13154,1.13181,2.25,1.69
2013.11.07 13:11:12.419,1.13154,1.1318,2.25,2.07
2013.11.07 13:11:12.599,1.13151,1.13174,1.50,1.50
2013.11.07 13:11:12.719,1.13154,1.13175,1.13,2.25
2013.11.07 13:11:12.838,1.13155,1.13175,1.13,2.25
2013.11.07 13:11:13.652,1.13154,1.13176,2.25,1.69
2013.11.07 13:11:14.379,1.13154,1.13177,1.50,2.44
2013.11.07 13:11:16.448,1.13149,1.13177,2.25,1.69
2013.11.07 13:11:17.328,1.13149,1.13176,1.50,1.32
2013.11.07 13:11:17.687,1.13149,1.13173,2.25,1.50
2013.11.07 13:11:17.808,1.1315,1.13178,1.50,2.44
2013.11.07 13:11:19.900,1.1315,1.13178,1.50,1.32
2013.11.07 13:11:21.398,1.13147,1.13176,2.25,2.82
2013.11.07 13:11:22.149,1.13149,1.13176,1.50,1.32
2013.11.07 13:11:25.197,1.13149,1.13177,1.50,1.32
2013.11.07 13:11:25.936,1.13149,1.13178,1.50,1.32
2013.11.07 13:11:26.481,1.13149,1.13178,1.50,1.32
2013.11.07 13:11:26.547,1.13149,1.13178,1.50,2.07
2013.11.07 13:11:26.607,1.13145,1.13169,1.13,1.32
2013.11.07 13:11:26.967,1.13147,1.13168,1.50,1.69
2013.11.07 13:11:27.149,1.13149,1.13172,1.50,2.25
2013.11.07 13:11:27.217,1.13149,1.13175,1.50,2.82
2013.11.07 13:11:27.398,1.13149,1.13175,1.69,1.50
2013.11.07 13:11:27.459,1.13153,1.1318,1.50,2.25
2013.11.07 13:11:27.696,1.13154,1.13182,1.69,2.25
2013.11.07 13:11:27.878,1.13156,1.13183,1.50,2.25
2013.11.07 13:11:30.514,1.13157,1.13186,1.50,1.50
2013.11.07 13:11:31.617,1.13154,1.13186,1.69,1.50
2013.11.07 13:11:31.858,1.13155,1.13184,1.32,1.50
2013.11.07 13:11:31.977,1.13155,1.13186,2.44,1.50
2013.11.07 13:11:32.157,1.13164,1.13187,1.50,1.50
2013.11.07 13:11:32.338,1.13153,1.13184,1.50,1.69
2013.11.07 13:11:32.459,1.13159,1.13184,1.50,1.50
2013.11.07 13:11:32.588,1.13159,1.13187,1.50,1.50
2013.11.07 13:11:32.647,1.13157,1.13187,3.00,2.44
2013.11.07 13:11:32.768,1.13157,1.13187,1.50,2.44
2013.11.07 13:11:32.888,1.13157,1.13187,1.69,1.50
2013.11.07 13:11:33.069,1.1316,1.13189,1.50,1.50
2013.11.07 13:11:33.369,1.13159,1.13189,1.50,1.69
2013.11.07 13:11:33.907,1.13157,1.13189,2.25,2.25
2013.11.07 13:11:34.218,1.1316,1.13185,1.50,1.69
2013.11.07 13:11:34.756,1.13157,1.13182,1.50,1.69
2013.11.07 13:11:35.081,1.13157,1.13182,1.50,2.07
2013.11.07 13:11:35.148,1.13157,1.13182,1.50,2.07
2013.11.07 13:11:38.447,1.13154,1.1318,1.50,2.82
2013.11.07 13:11:38.628,1.13154,1.1318,1.50,2.44
2013.11.07 13:11:39.107,1.13154,1.13182,1.50,3.57
2013.11.07 13:11:39.759,1.13154,1.13183,1.50,1.69
2013.11.07 13:11:40.088,1.13154,1.13184,1.50,1.69
2013.11.07 13:11:42.917,1.13154,1.13186,1.50,1.32
2013.11.07 13:11:43.597,1.13154,1.13187,1.50,1.50
2013.11.07 13:11:43.658,1.13158,1.1319,1.13,2.63
2013.11.07 13:11:44.880,1.13167,1.13194,1.50,1.13
2013.11.07 13:11:45.437,1.13167,1.13194,1.50,1.13
2013.11.07 13:11:45.750,1.13167,1.13194,1.50,1.13
2013.11.07 13:11:46.319,1.13167,1.13194,1.50,1.13
2013.11.07 13:11:47.098,1.13164,1.13183,1.50,1.32
2013.11.07 13:11:47.279,1.13157,1.13182,1.50,1.32
2013.11.07 13:11:47.348,1.13157,1.13182,1.50,1.32
2013.11.07 13:11:47.407,1.13158,1.13182,1.50,1.32
2013.11.07 13:11:48.066,1.13158,1.13184,1.50,1.88
2013.11.07 13:11:48.384,1.13164,1.13187,1.50,1.50
2013.11.07 13:11:48.687,1.13158,1.13187,1.50,1.69
2013.11.07 13:11:48.938,1.13157,1.13183,1.50,1.32
2013.11.07 13:11:50.858,1.13157,1.13181,1.50,1.50
2013.11.07 13:11:51.116,1.13157,1.13183,1.50,1.69
2013.11.07 13:11:51.654,1.13157,1.13184,1.50,1.69
2013.11.07 13:11:52.378,1.13158,1.13189,1.50,2.82
2013.11.07 13:11:53.037,1.13156,1.13189,1.50,3.57
2013.11.07 13:11:53.398,1.1316,1.13189,1.32,2.25
2013.11.07 13:11:53.639,1.13166,1.13189,1.50,1.50
2013.11.07 13:11:54.788,1.13162,1.13198,1.50,2.07
2013.11.07 13:11:55.088,1.13163,1.13198,1.50,2.07
2013.11.07 13:11:57.079,1.13166,1.13194,1.50,1.32
2013.11.07 13:11:57.198,1.13163,1.13193,1.50,1.32
2013.11.07 13:12:06.386,1.13163,1.13194,1.50,1.69
2013.11.07 13:12:06.448,1.13164,1.13197,1.50,2.82
2013.11.07 13:12:06.966,1.13164,1.13199,3.00,1.69
2013.11.07 13:12:08.107,1.13164,1.13199,3.75,1.69
2013.11.07 13:12:08.168,1.13164,1.13198,3.75,1.69
2013.11.07 13:12:09.157,1.13164,1.13199,3.75,1.69
2013.11.07 13:12:10.947,1.13163,1.13198,2.25,2.44
2013.11.07 13:12:12.908,1.13165,1.13199,2.25,1.32
2013.11.07 13:12:13.302,1.13165,1.13198,2.25,1.32
2013.11.07 13:12:16.107,1.13163,1.13197,1.50,1.69
2013.11.07 13:12:16.468,1.13163,1.13192,1.50,1.69
2013.11.07 13:12:16.887,1.13162,1.13191,1.50,1.69
2013.11.07 13:12:16.947,1.13162,1.13188,1.50,1.32
2013.11.07 13:12:17.307,1.13163,1.13193,1.50,2.07
2013.11.07 13:12:17.667,1.13161,1.13193,1.50,2.44
2013.11.07 13:12:20.318,1.13161,1.13191,1.50,1.50
2013.11.07 13:12:20.377,1.13163,1.13191,1.50,1.50
2013.11.07 13:12:20.500,1.13163,1.13193,1.50,1.88
2013.11.07 13:12:20.687,1.13163,1.13194,1.50,1.69
2013.11.07 13:12:20.807,1.13163,1.13194,1.50,1.69
2013.11.07 13:12:21.252,1.13163,1.13195,1.88,1.69
2013.11.07 13:12:21.557,1.13163,1.13195,1.50,1.69
2013.11.07 13:12:21.870,1.13163,1.13195,1.50,1.69
2013.11.07 13:12:22.688,1.13163,1.13195,1.50,1.69
2013.11.07 13:12:23.227,1.13163,1.13195,1.88,1.69
2013.11.07 13:12:23.348,1.13163,1.13195,1.88,1.69
2013.11.07 13:12:23.411,1.13163,1.13195,1.88,1.50
2013.11.07 13:12:27.035,1.13168,1.13199,1.50,1.69
2013.11.07 13:12:31.554,1.13167,1.13199,1.13,1.69
2013.11.07 13:12:32.170,1.13175,1.13208,1.50,1.50
2013.11.07 13:12:33.700,1.13179,1.13209,1.13,1.32
2013.11.07 13:12:34.908,1.13179,1.13209,1.88,1.32
2013.11.07 13:12:36.439,1.13179,1.13209,1.88,1.13
2013.11.07 13:12:36.917,1.13181,1.13209,1.50,1.69
2013.11.07 13:12:37.037,1.13176,1.13207,1.13,1.69
2013.11.07 13:12:37.397,1.13176,1.13207,1.13,2.44
2013.11.07 13:12:38.288,1.13175,1.13203,1.50,1.69
2013.11.07 13:12:38.718,1.1318,1.13203,1.50,1.69
2013.11.07 13:12:38.899,1.13175,1.13203,1.88,1.50
2013.11.07 13:12:39.878,1.13175,1.13205,1.50,1.50
2013.11.07 13:12:41.889,1.13175,1.13204,1.50,1.69
2013.11.07 13:12:41.950,1.13175,1.13203,1.50,2.44
2013.11.07 13:12:42.497,1.13175,1.13204,1.50,3.00
2013.11.07 13:12:42.557,1.13175,1.13206,1.50,1.50
2013.11.07 13:12:42.927,1.13175,1.13206,1.50,1.50
2013.11.07 13:12:43.899,1.13175,1.13206,1.69,1.50
2013.11.07 13:12:44.568,1.13175,1.13206,2.82,1.50
2013.11.07 13:12:44.908,1.13178,1.13208,1.69,1.50
2013.11.07 13:12:45.540,1.13183,1.13211,1.50,1.50
2013.11.07 13:12:46.079,1.13189,1.1321,2.25,1.50
2013.11.07 13:12:46.498,1.1319,1.13202,1.50,1.13
2013.11.07 13:12:47.348,1.13189,1.13202,1.50,1.13
2013.11.07 13:12:47.716,1.13189,1.132,1.50,1.13
2013.11.07 13:12:48.227,1.13189,1.13203,1.50,1.13
2013.11.07 13:12:48.528,1.13189,1.13205,1.50,1.13
2013.11.07 13:12:48.647,1.13189,1.13207,1.50,1.50
2013.11.07 13:12:48.887,1.13191,1.1321,1.13,1.50
2013.11.07 13:12:49.007,1.13186,1.1321,1.50,1.50
2013.11.07 13:12:49.128,1.13188,1.13209,1.50,1.50
2013.11.07 13:12:49.487,1.13179,1.13205,1.13,2.25
2013.11.07 13:12:52.339,1.13176,1.13203,1.50,1.32
2013.11.07 13:12:52.899,1.13174,1.13201,1.50,2.44
2013.11.07 13:12:53.107,1.13174,1.13201,2.25,2.44
2013.11.07 13:12:54.651,1.13176,1.13201,1.13,1.32
2013.11.07 13:12:54.837,1.13178,1.13202,1.13,1.69
2013.11.07 13:12:54.958,1.13179,1.13203,1.50,2.44
2013.11.07 13:12:57.097,1.13178,1.13204,2.25,1.69
2013.11.07 13:12:57.397,1.13181,1.13206,1.13,1.50
2013.11.07 13:12:57.638,1.13181,1.13207,1.13,2.44
2013.11.07 13:12:57.878,1.13177,1.13206,1.50,2.07
2013.11.07 13:12:58.057,1.13172,1.13197,2.25,2.44
2013.11.07 13:12:58.177,1.13172,1.13193,1.50,1.32
2013.11.07 13:12:58.297,1.13169,1.1319,1.13,1.69
2013.11.07 13:12:58.418,1.13165,1.13185,1.13,1.32
2013.11.07 13:12:58.719,1.13158,1.13179,1.50,2.44
2013.11.07 13:12:59.277,1.13147,1.13174,2.25,1.32
2013.11.07 13:12:59.406,1.13147,1.13174,2.25,1.32
2013.11.07 13:13:00.418,1.13146,1.13172,1.50,1.32
2013.11.07 13:13:00.987,1.13146,1.13172,1.50,1.32
2013.11.07 13:13:01.820,1.13146,1.13172,1.50,1.32
2013.11.07 13:13:02.149,1.13146,1.13172,1.50,1.32
2013.11.07 13:13:02.697,1.13144,1.13172,1.13,1.32
2013.11.07 13:13:02.877,1.13142,1.1317,1.88,1.69
2013.11.07 13:13:02.938,1.13146,1.1317,1.50,1.69
2013.11.07 13:13:03.309,1.13146,1.13172,1.50,1.32
2013.11.07 13:13:03.369,1.13146,1.13173,1.50,1.32
2013.11.07 13:13:08.147,1.13141,1.13168,1.50,3.00
2013.11.07 13:13:08.207,1.13141,1.13168,1.50,3.00
2013.11.07 13:13:08.327,1.13139,1.13168,1.50,1.50
2013.11.07 13:13:08.447,1.13139,1.13169,1.50,2.07
2013.11.07 13:13:08.807,1.13138,1.13169,2.25,3.00
2013.11.07 13:13:08.927,1.13138,1.13169,3.00,1.69
2013.11.07 13:13:10.127,1.1314,1.13172,1.50,2.44
2013.11.07 13:13:10.554,1.1314,1.13173,1.50,2.44
2013.11.07 13:13:10.861,1.1314,1.13171,1.88,1.32
2013.11.07 13:13:10.927,1.13141,1.13173,1.13,1.69
2013.11.07 13:13:11.987,1.1314,1.13174,1.50,2.82
2013.11.07 13:13:12.468,1.13141,1.13174,1.13,2.07
2013.11.07 13:13:12.897,1.13141,1.13175,3.00,1.69
2013.11.07 13:13:13.096,1.13141,1.13171,3.00,1.32
2013.11.07 13:13:13.338,1.13141,1.13174,1.50,1.32
2013.11.07 13:13:13.877,1.13142,1.13174,1.50,2.07
2013.11.07 13:13:14.898,1.13142,1.13172,1.50,1.69
2013.11.07 13:13:15.498,1.1314,1.13171,1.50,1.32
2013.11.07 13:13:15.679,1.1314,1.13173,1.88,3.19
2013.11.07 13:13:15.918,1.1314,1.13173,1.88,3.19
2013.11.07 13:13:16.467,1.13142,1.13172,1.50,1.69
2013.11.07 13:13:16.647,1.13145,1.13173,1.13,3.00
2013.11.07 13:13:16.706,1.13145,1.13176,2.63,3.38
2013.11.07 13:13:16.887,1.13145,1.13179,2.63,2.07
2013.11.07 13:13:17.067,1.13143,1.13171,2.25,1.32
2013.11.07 13:13:17.128,1.13141,1.13171,2.25,1.32
2013.11.07 13:13:17.427,1.1314,1.13169,1.50,1.32
2013.11.07 13:13:17.487,1.1314,1.1317,2.25,1.32
2013.11.07 13:13:18.030,1.13142,1.13171,1.50,1.32
2013.11.07 13:13:18.419,1.13142,1.13173,1.50,1.69
2013.11.07 13:13:18.657,1.13142,1.13174,1.50,1.32
2013.11.07 13:13:18.837,1.13142,1.13174,1.50,1.69
2013.11.07 13:13:19.391,1.1314,1.13169,1.13,1.32
2013.11.07 13:13:20.517,1.13138,1.13169,3.38,1.32
2013.11.07 13:13:20.579,1.13139,1.13174,1.50,1.32
2013.11.07 13:13:22.168,1.13142,1.13172,1.50,1.32
2013.11.07 13:13:22.228,1.13139,1.13172,2.25,1.32
2013.11.07 13:13:22.898,1.1314,1.13172,1.50,1.32
2013.11.07 13:13:23.099,1.13141,1.13173,1.50,1.32
2013.11.07 13:13:24.634,1.13141,1.13174,1.50,2.07
2013.11.07 13:13:27.609,1.13144,1.13174,1.50,2.07
2013.11.07 13:13:28.887,1.13144,1.13173,1.50,1.32
2013.11.07 13:13:29.187,1.13144,1.13171,1.50,1.69
2013.11.07 13:13:29.850,1.13144,1.13173,1.50,2.82
2013.11.07 13:13:30.357,1.13144,1.13173,1.50,2.82
2013.11.07 13:13:30.417,1.13144,1.13173,1.50,2.25
2013.11.07 13:13:30.897,1.13147,1.13179,2.25,1.32
2013.11.07 13:13:31.017,1.13147,1.13178,1.50,2.07
2013.11.07 13:13:31.420,1.13149,1.13178,1.50,3.19
2013.11.07 13:13:31.608,1.13149,1.13175,1.50,1.32
2013.11.07 13:13:31.848,1.13142,1.13174,3.38,1.32
2013.11.07 13:13:33.228,1.13147,1.13177,1.50,3.19
2013.11.07 13:13:33.649,1.13149,1.13177,1.50,2.07
2013.11.07 13:13:36.390,1.13149,1.1318,1.50,3.19
2013.11.07 13:13:36.698,1.13163,1.13181,1.13,2.25
2013.11.07 13:13:37.057,1.13175,1.13199,1.50,1.50
2013.11.07 13:13:37.177,1.13174,1.13198,1.50,1.69
2013.11.07 13:13:37.418,1.13175,1.13199,1.50,1.50
2013.11.07 13:13:37.598,1.13176,1.13198,1.50,1.50
2013.11.07 13:13:37.839,1.13176,1.13198,1.50,1.50
2013.11.07 13:13:37.959,1.13176,1.132,1.50,1.50
2013.11.07 13:13:38.078,1.13172,1.13205,1.13,1.69
2013.11.07 13:13:38.378,1.13173,1.13205,1.13,1.69
2013.11.07 13:13:39.559,1.13172,1.13204,1.13,1.32
2013.11.07 13:13:42.026,1.13173,1.13203,1.13,1.32
2013.11.07 13:13:42.387,1.13173,1.13203,1.13,1.32
2013.11.07 13:13:42.518,1.13173,1.13203,1.13,1.32
2013.11.07 13:13:42.848,1.13173,1.13203,1.13,1.32
2013.11.07 13:13:44.110,1.13173,1.13203,1.13,1.32
2013.11.07 13:13:44.687,1.13179,1.13205,1.50,1.32
2013.11.07 13:13:45.360,1.13177,1.13205,1.50,1.32
2013.11.07 13:13:45.428,1.13177,1.13205,1.50,1.69
2013.11.07 13:13:50.702,1.13173,1.13201,1.13,1.32
2013.11.07 13:13:52.550,1.13173,1.13201,1.13,1.69
2013.11.07 13:13:52.979,1.1317,1.13198,1.13,1.32
2013.11.07 13:13:57.889,1.13172,1.13196,1.50,1.69
2013.11.07 13:13:59.107,1.13172,1.13196,1.50,1.69
2013.11.07 13:13:59.409,1.13165,1.13193,1.13,2.44
2013.11.07 13:13:59.649,1.13168,1.1319,1.50,1.32
2013.11.07 13:13:59.709,1.13168,1.13191,1.50,2.07
2013.11.07 13:13:59.887,1.13168,1.13194,1.50,1.32
2013.11.07 13:13:59.948,1.13168,1.13194,1.50,2.07
2013.11.07 13:14:00.128,1.13166,1.13194,1.50,1.32
2013.11.07 13:14:00.557,1.13166,1.13191,1.50,2.82
2013.11.07 13:14:00.738,1.13166,1.1319,1.50,1.13
2013.11.07 13:14:01.297,1.13166,1.13193,1.50,1.32
2013.11.07 13:14:03.687,1.13164,1.13191,1.50,1.32
2013.11.07 13:14:04.075,1.13164,1.13191,1.50,1.32
2013.11.07 13:14:04.514,1.13161,1.13187,1.50,2.07
2013.11.07 13:14:08.908,1.13164,1.13188,1.50,2.82
2013.11.07 13:14:09.827,1.13165,1.13189,1.50,1.88
2013.11.07 13:14:09.888,1.13165,1.13189,1.50,1.88
2013.11.07 13:14:10.367,1.13165,1.13192,1.50,2.44
2013.11.07 13:14:12.378,1.13163,1.13193,1.50,1.32
2013.11.07 13:14:13.559,1.13164,1.13193,1.50,1.69
2013.11.07 13:14:13.680,1.13162,1.13193,1.50,1.69
2013.11.07 13:14:13.988,1.13162,1.13191,1.50,2.07
2013.11.07 13:14:17.948,1.13163,1.13198,1.13,3.57
2013.11.07 13:14:18.319,1.13161,1.1319,1.50,1.69
2013.11.07 13:14:18.437,1.13161,1.13185,1.50,2.07
2013.11.07 13:14:18.678,1.13159,1.13185,1.13,1.32
2013.11.07 13:14:18.739,1.13157,1.13188,2.25,3.19
2013.11.07 13:14:19.428,1.13155,1.13184,1.50,1.69
2013.11.07 13:14:19.728,1.13157,1.13187,2.25,1.69
2013.11.07 13:14:19.967,1.13158,1.13188,1.50,1.69
2013.11.07 13:14:20.087,1.13158,1.13188,1.50,1.69
2013.11.07 13:14:20.449,1.13161,1.13189,1.50,1.32
2013.11.07 13:14:20.627,1.13162,1.13193,1.50,2.07
2013.11.07 13:14:20.927,1.1316,1.13189,1.50,1.32
2013.11.07 13:14:21.228,1.13162,1.13189,1.13,1.32
2013.11.07 13:14:21.738,1.13161,1.13189,1.13,1.32
2013.11.07 13:14:22.287,1.13161,1.13189,1.13,1.32
2013.11.07 13:14:23.287,1.1316,1.13189,1.13,1.32
2013.11.07 13:14:25.319,1.13156,1.13189,1.88,2.07
2013.11.07 13:14:26.095,1.13157,1.13189,1.50,2.07
2013.11.07 13:14:29.239,1.13156,1.13189,1.50,2.07
2013.11.07 13:14:30.737,1.13161,1.13189,1.50,1.32
2013.11.07 13:14:31.278,1.13157,1.13188,2.25,1.69
2013.11.07 13:14:32.917,1.13161,1.13189,1.50,1.32
2013.11.07 13:14:33.040,1.13161,1.13189,1.50,1.32
2013.11.07 13:14:33.108,1.13161,1.1319,1.50,2.44
2013.11.07 13:14:33.701,1.13161,1.1319,1.50,1.69
2013.11.07 13:14:33.888,1.13161,1.1319,1.50,1.32
2013.11.07 13:14:34.382,1.13161,1.1319,1.50,1.32
2013.11.07 13:14:39.967,1.13165,1.13194,1.50,1.69
2013.11.07 13:14:41.588,1.13162,1.13194,3.38,1.32
2013.11.07 13:14:43.008,1.13162,1.13193,3.38,1.32
2013.11.07 13:14:46.859,1.13162,1.13192,1.13,2.07
2013.11.07 13:14:53.108,1.13159,1.13192,1.13,1.32
2013.11.07 13:14:58.191,1.13158,1.13193,1.13,2.44
2013.11.07 13:15:03.679,1.13155,1.13189,1.50,2.44
2013.11.07 13:15:05.108,1.13156,1.13188,1.50,2.07
2013.11.07 13:15:05.348,1.13157,1.13187,1.50,1.50
2013.11.07 13:15:05.408,1.13157,1.13187,1.50,2.25
2013.11.07 13:15:05.532,1.13157,1.13191,1.50,2.44
2013.11.07 13:15:05.599,1.13157,1.1319,1.50,1.32
2013.11.07 13:15:09.318,1.13163,1.13187,1.50,1.13
2013.11.07 13:15:09.443,1.13163,1.13194,3.19,2.25
2013.11.07 13:15:09.511,1.1317,1.13195,1.50,1.50
2013.11.07 13:15:11.640,1.13174,1.13206,1.13,1.69
2013.11.07 13:15:12.480,1.13177,1.13206,1.13,1.50
2013.11.07 13:15:14.948,1.1318,1.1321,1.13,1.50
2013.11.07 13:15:15.187,1.13182,1.1321,1.50,1.69
2013.11.07 13:15:15.428,1.13182,1.13209,1.88,1.32
2013.11.07 13:15:15.727,1.13182,1.13209,1.13,1.32
2013.11.07 13:15:16.207,1.1318,1.13209,1.13,1.32
2013.11.07 13:15:16.479,1.1318,1.13203,1.13,1.32
2013.11.07 13:15:16.600,1.1318,1.13207,1.13,1.32
2013.11.07 13:15:16.847,1.13182,1.13214,1.50,3.57
2013.11.07 13:15:17.088,1.13187,1.13214,1.50,1.69
2013.11.07 13:15:17.699,1.13187,1.13211,1.50,1.69
2013.11.07 13:15:17.774,1.13187,1.13213,2.25,1.32
2013.11.07 13:15:17.838,1.13188,1.13218,1.50,2.07
2013.11.07 13:15:18.019,1.13193,1.13218,2.25,1.32
2013.11.07 13:15:18.088,1.13193,1.13218,1.50,1.32
2013.11.07 13:15:18.147,1.13193,1.13214,1.50,1.32
2013.11.07 13:15:18.707,1.13188,1.13214,2.25,1.32
2013.11.07 13:15:21.208,1.13188,1.13214,1.50,1.32
2013.11.07 13:15:22.029,1.13189,1.13218,1.50,2.07
2013.11.07 13:15:22.517,1.13189,1.13218,1.50,2.07
2013.11.07 13:15:23.447,1.13188,1.13218,1.50,2.07
2013.11.07 13:15:24.098,1.13188,1.13218,2.25,2.07
2013.11.07 13:15:24.704,1.1319,1.13218,1.13,2.07
2013.11.07 13:15:27.598,1.13191,1.13218,1.50,1.32
2013.11.07 13:15:28.148,1.1319,1.13218,1.50,1.32
2013.11.07 13:15:28.671,1.13194,1.13213,1.50,1.32
2013.11.07 13:15:28.798,1.13187,1.13209,2.25,1.32
2013.11.07 13:15:28.863,1.13187,1.13209,1.50,1.32
2013.11.07 13:15:28.929,1.13181,1.13209,1.50,2.44
2013.11.07 13:15:29.167,1.13187,1.13202,1.50,1.69
2013.11.07 13:15:29.407,1.13182,1.13206,1.50,1.32
2013.11.07 13:15:29.709,1.13172,1.132,1.50,2.07
2013.11.07 13:15:30.130,1.13176,1.13198,1.50,1.50
2013.11.07 13:15:30.261,1.13182,1.13202,1.50,1.50
2013.11.07 13:15:30.388,1.13182,1.13202,1.50,1.50
2013.11.07 13:15:30.512,1.13182,1.13204,1.50,1.69
2013.11.07 13:15:30.697,1.13181,1.13206,1.50,1.50
2013.11.07 13:15:30.817,1.13192,1.13209,1.50,1.69
2013.11.07 13:15:31.421,1.13192,1.13211,1.50,1.50
2013.11.07 13:15:33.110,1.13194,1.13212,1.50,1.50
2013.11.07 13:15:33.231,1.13204,1.13214,1.50,1.50
2013.11.07 13:15:33.298,1.13204,1.13221,1.50,2.25
2013.11.07 13:15:33.419,1.13202,1.13221,1.50,1.50
2013.11.07 13:15:33.478,1.13202,1.13221,1.50,2.07
2013.11.07 13:15:33.538,1.13192,1.13221,1.50,2.07
2013.11.07 13:15:33.660,1.13189,1.13219,1.50,2.07
2013.11.07 13:15:33.848,1.13186,1.13216,2.25,3.19
2013.11.07 13:15:34.211,1.13191,1.13215,1.50,1.32
2013.11.07 13:15:34.518,1.13184,1.13213,1.13,1.69
2013.11.07 13:15:34.581,1.13181,1.13211,1.13,1.69
2013.11.07 13:15:35.388,1.13203,1.13211,1.50,1.69
2013.11.07 13:15:35.508,1.13204,1.13217,2.25,1.50
2013.11.07 13:15:35.628,1.13204,1.13222,1.50,1.69
2013.11.07 13:15:35.748,1.13189,1.13221,1.88,1.69
2013.11.07 13:15:35.869,1.13189,1.13217,1.13,1.32
2013.11.07 13:15:36.229,1.13189,1.13213,1.50,1.50
2013.11.07 13:15:36.531,1.13184,1.13214,1.13,2.82
2013.11.07 13:15:36.840,1.13184,1.13211,1.50,1.69
2013.11.07 13:15:36.908,1.13184,1.13211,1.50,1.50
2013.11.07 13:15:37.148,1.13184,1.1321,1.50,1.69
2013.11.07 13:15:37.450,1.13183,1.13208,1.13,1.32
2013.11.07 13:15:37.807,1.13183,1.13208,1.13,1.32
2013.11.07 13:15:37.868,1.13183,1.13208,1.13,1.32
2013.11.07 13:15:37.988,1.13183,1.13208,1.13,1.32
2013.11.07 13:15:38.047,1.13183,1.13209,1.13,3.19
2013.11.07 13:15:38.169,1.13187,1.1321,1.50,1.50
2013.11.07 13:15:38.610,1.13186,1.1321,1.50,1.50
2013.11.07 13:15:38.789,1.13186,1.13212,1.50,1.50
2013.11.07 13:15:38.849,1.13186,1.13213,1.50,1.69
2013.11.07 13:15:39.442,1.13186,1.13213,1.50,1.69
2013.11.07 13:15:39.767,1.132,1.13223,1.50,2.25
2013.11.07 13:15:39.948,1.13198,1.13222,1.50,1.69
2013.11.07 13:15:40.008,1.13191,1.13221,1.13,2.44
2013.11.07 13:15:40.067,1.13189,1.13213,1.13,1.50
2013.11.07 13:15:40.127,1.13186,1.13213,1.50,1.69
2013.11.07 13:15:40.617,1.13186,1.13209,1.50,1.50
2013.11.07 13:15:41.639,1.13186,1.13208,1.50,1.69
2013.11.07 13:15:43.447,1.13186,1.13208,1.50,1.50
2013.11.07 13:15:43.617,1.13186,1.13208,1.50,1.50
2013.11.07 13:15:44.348,1.13186,1.13211,1.50,1.69
2013.11.07 13:15:44.648,1.13186,1.13212,1.50,1.50
2013.11.07 13:15:44.768,1.13186,1.13215,1.50,1.69
2013.11.07 13:15:44.830,1.13186,1.13215,1.50,1.69
2013.11.07 13:15:45.198,1.13186,1.13214,1.50,1.32
2013.11.07 13:15:45.317,1.13184,1.13213,1.50,1.32
2013.11.07 13:15:45.378,1.13182,1.13213,1.50,1.32
2013.11.07 13:15:48.178,1.13184,1.13212,1.50,1.69
2013.11.07 13:15:49.552,1.13184,1.13212,1.50,1.69
2013.11.07 13:15:56.688,1.13182,1.13212,1.50,1.69
2013.11.07 13:15:57.618,1.13182,1.13211,1.50,1.32
2013.11.07 13:15:58.158,1.13181,1.13212,1.50,1.69
2013.11.07 13:15:59.237,1.13184,1.13213,1.50,2.44
2013.11.07 13:16:00.135,1.13187,1.13213,1.13,2.44
2013.11.07 13:16:00.437,1.13199,1.13221,1.50,1.50
2013.11.07 13:16:00.559,1.13199,1.13226,1.50,3.19
2013.11.07 13:16:00.622,1.13199,1.13225,2.25,2.07
2013.11.07 13:16:00.749,1.13197,1.13224,1.50,1.69
2013.11.07 13:16:00.811,1.13199,1.13224,1.50,1.69
2013.11.07 13:16:00.939,1.13197,1.13224,1.50,1.69
2013.11.07 13:16:01.719,1.13202,1.1323,1.50,1.69
2013.11.07 13:16:05.100,1.13205,1.1323,1.50,1.32
2013.11.07 13:16:05.437,1.13205,1.1323,1.50,1.32
2013.11.07 13:16:05.678,1.13205,1.1323,1.50,1.69
2013.11.07 13:16:05.737,1.13202,1.13227,1.50,1.32
2013.11.07 13:16:06.099,1.13202,1.13228,1.50,2.44
2013.11.07 13:16:06.159,1.13202,1.13226,1.50,1.50
2013.11.07 13:16:06.520,1.13205,1.13222,1.50,1.50
2013.11.07 13:16:06.648,1.13201,1.13222,1.50,1.50
2013.11.07 13:16:07.138,1.132,1.13223,1.50,1.69
2013.11.07 13:16:07.379,1.132,1.13221,1.50,2.44
2013.11.07 13:16:11.388,1.132,1.1322,1.50,2.07
2013.11.07 13:16:11.628,1.132,1.1322,1.50,2.44
2013.11.07 13:16:12.250,1.13197,1.13223,1.50,1.69
2013.11.07 13:16:13.229,1.13197,1.13223,1.50,1.69
2013.11.07 13:16:16.927,1.13196,1.13215,1.50,1.50
2013.11.07 13:16:17.107,1.13189,1.13203,1.50,1.50
2013.11.07 13:16:17.227,1.13189,1.13203,1.50,1.50
2013.11.07 13:16:18.341,1.13184,1.13204,2.25,1.50
2013.11.07 13:16:19.519,1.13184,1.13204,2.25,2.25
2013.11.07 13:16:19.579,1.13185,1.13196,1.50,1.50
2013.11.07 13:16:19.879,1.13181,1.13195,1.50,1.50
2013.11.07 13:16:19.999,1.13182,1.13203,1.50,1.50
2013.11.07 13:16:21.686,1.13185,1.13204,1.50,1.50
2013.11.07 13:16:22.107,1.13186,1.13203,1.50,1.50
2013.11.07 13:16:24.078,1.13189,1.13204,1.50,1.69
2013.11.07 13:16:25.917,1.13189,1.13204,1.50,1.69
2013.11.07 13:16:26.937,1.1318,1.13203,1.50,1.69
2013.11.07 13:16:27.298,1.13178,1.13189,1.50,1.50
2013.11.07 13:16:27.847,1.13178,1.13188,1.50,1.50
2013.11.07 13:16:28.482,1.13179,1.13187,1.50,1.50
2013.11.07 13:16:29.301,1.13178,1.13187,1.50,1.50
2013.11.07 13:16:29.847,1.13179,1.13186,1.50,1.50
2013.11.07 13:16:29.968,1.13176,1.13185,1.50,1.50
2013.11.07 13:16:30.028,1.13167,1.13183,1.50,1.50
2013.11.07 13:16:31.660,1.13166,1.13189,1.50,1.50
2013.11.07 13:16:33.977,1.13165,1.13183,1.50,1.50
2013.11.07 13:16:34.218,1.13161,1.13184,1.88,1.50
2013.11.07 13:16:34.458,1.13167,1.13184,1.13,1.50
2013.11.07 13:16:34.987,1.13167,1.13183,1.13,1.50
2013.11.07 13:16:35.447,1.13165,1.13184,1.50,1.50
2013.11.07 13:16:38.368,1.13162,1.13183,1.13,1.50
2013.11.07 13:16:40.248,1.13172,1.132,1.50,1.32
2013.11.07 13:16:40.670,1.13172,1.13202,1.50,1.69
2013.11.07 13:16:40.738,1.13172,1.13203,1.50,1.50
2013.11.07 13:16:44.147,1.13175,1.13202,1.50,1.13
2013.11.07 13:16:44.448,1.13175,1.13202,1.50,1.32
2013.11.07 13:16:45.427,1.13175,1.13203,1.50,1.50
2013.11.07 13:16:45.487,1.13177,1.13203,1.50,1.50
2013.11.07 13:16:45.607,1.13176,1.13206,1.50,3.94
2013.11.07 13:16:46.276,1.13176,1.13206,1.50,2.44
2013.11.07 13:16:58.810,1.13175,1.13209,2.63,3.94
2013.11.07 13:16:59.108,1.13176,1.13206,1.50,1.32
2013.11.07 13:16:59.168,1.13176,1.13203,1.50,1.32
2013.11.07 13:16:59.467,1.13175,1.13203,1.50,1.88
2013.11.07 13:16:59.947,1.13175,1.13201,1.50,1.32
2013.11.07 13:17:05.218,1.13171,1.13199,1.50,1.32
2013.11.07 13:17:08.118,1.13171,1.13199,1.50,2.44
2013.11.07 13:17:08.477,1.1317,1.13192,1.50,1.32
2013.11.07 13:17:08.718,1.13167,1.13193,1.50,1.32
2013.11.07 13:17:08.897,1.13169,1.13194,1.50,1.69
2013.11.07 13:17:09.077,1.13169,1.13197,1.50,1.69
2013.11.07 13:17:09.378,1.13169,1.13197,1.50,1.13
2013.11.07 13:17:09.918,1.13168,1.13198,1.50,1.69
2013.11.07 13:17:10.227,1.13169,1.13198,2.25,1.50
2013.11.07 13:17:15.927,1.13169,1.13197,2.25,1.50
2013.11.07 13:17:16.287,1.13169,1.13193,1.50,1.50
2013.11.07 13:17:21.480,1.13169,1.13195,1.50,1.50
2013.11.07 13:17:21.548,1.13169,1.13196,1.50,1.50
2013.11.07 13:17:22.210,1.13169,1.13197,1.50,2.44
2013.11.07 13:17:24.011,1.13169,1.13196,1.50,1.69
2013.11.07 13:17:30.077,1.13169,1.13196,1.50,1.69
2013.11.07 13:17:31.078,1.13169,1.13198,1.50,1.50
2013.11.07 13:17:31.259,1.13169,1.13197,1.50,1.50
2013.11.07 13:17:31.618,1.13169,1.13194,2.25,2.25
2013.11.07 13:17:32.037,1.13172,1.13198,1.50,1.69
2013.11.07 13:17:32.721,1.13171,1.13198,1.50,1.50
2013.11.07 13:17:33.212,1.13171,1.13198,1.50,1.50
2013.11.07 13:17:34.459,1.13171,1.13194,1.50,1.50
2013.11.07 13:17:42.838,1.13177,1.13194,1.50,1.50
2013.11.07 13:17:42.897,1.13184,1.13197,1.50,1.50
2013.11.07 13:17:43.078,1.13187,1.13197,1.50,1.69
2013.11.07 13:17:43.199,1.13183,1.132,1.50,1.32
2013.11.07 13:17:43.258,1.13184,1.132,1.50,1.32
2013.11.07 13:17:43.318,1.13181,1.13196,1.13,1.69
2013.11.07 13:17:43.439,1.13181,1.13196,1.50,1.50
2013.11.07 13:17:43.498,1.13181,1.13196,1.50,1.50
2013.11.07 13:17:43.858,1.1319,1.13203,1.50,1.50
2013.11.07 13:17:44.178,1.13181,1.13203,1.50,1.50
2013.11.07 13:17:44.238,1.13181,1.13203,1.50,3.00
2013.11.07 13:17:44.540,1.13181,1.132,1.50,1.50
2013.11.07 13:17:45.607,1.13181,1.13202,1.50,1.50
2013.11.07 13:17:45.667,1.13185,1.13204,1.50,2.25
2013.11.07 13:17:46.467,1.13185,1.13205,1.50,1.50
2013.11.07 13:17:47.201,1.13185,1.13206,1.50,1.50
2013.11.07 13:17:49.132,1.13181,1.13208,1.50,1.69
2013.11.07 13:17:49.258,1.13183,1.13212,1.13,2.07
2013.11.07 13:17:49.618,1.13188,1.13211,1.13,1.50
2013.11.07 13:17:50.157,1.13195,1.13218,1.13,2.44
2013.11.07 13:17:50.218,1.13195,1.13218,1.13,2.44
2013.11.07 13:17:53.429,1.13202,1.13222,1.50,1.88
2013.11.07 13:17:53.549,1.13202,1.13226,1.50,1.50
2013.11.07 13:17:54.078,1.13199,1.13226,1.13,2.44
2013.11.07 13:17:54.199,1.132,1.1322,1.13,1.50
2013.11.07 13:17:54.319,1.13199,1.13222,1.13,1.50
2013.11.07 13:17:54.568,1.132,1.13225,1.13,1.50
2013.11.07 13:17:56.198,1.13204,1.13224,1.13,1.50
2013.11.07 13:18:00.097,1.13207,1.13226,1.13,2.44
2013.11.07 13:18:00.977,1.13207,1.13226,1.13,2.25
2013.11.07 13:18:02.471,1.13207,1.13226,1.13,3.00
2013.11.07 13:18:04.267,1.13207,1.13226,1.50,1.50
2013.11.07 13:18:04.789,1.13207,1.13228,1.50,1.50
2013.11.07 13:18:04.850,1.13207,1.1323,1.50,2.25
2013.11.07 13:18:05.828,1.13205,1.13228,1.50,1.13
2013.11.07 13:18:06.188,1.13201,1.13227,1.50,2.63
2013.11.07 13:18:06.248,1.13201,1.13227,1.50,2.63
2013.11.07 13:18:06.429,1.13201,1.13227,1.50,3.57
2013.11.07 13:18:06.669,1.13207,1.13227,1.50,2.63
2013.11.07 13:18:07.237,1.13202,1.13225,1.50,1.50
2013.11.07 13:18:08.186,1.13202,1.13225,1.50,2.25
2013.11.07 13:18:09.414,1.13202,1.13225,1.50,1.50
2013.11.07 13:18:09.730,1.13206,1.13225,1.50,1.50
2013.11.07 13:18:09.858,1.13206,1.13229,1.50,1.50
2013.11.07 13:18:10.159,1.13203,1.13228,1.50,2.25
2013.11.07 13:18:10.279,1.13202,1.13227,1.50,2.25
2013.11.07 13:18:10.588,1.132,1.13225,1.50,3.00
2013.11.07 13:18:11.143,1.132,1.13225,1.50,1.50
2013.11.07 13:18:11.644,1.13198,1.13225,2.25,1.50
2013.11.07 13:18:12.160,1.13198,1.13225,2.25,1.50
2013.11.07 13:18:12.801,1.13199,1.13225,1.50,1.50
2013.11.07 13:18:13.777,1.13198,1.13225,2.25,1.50
2013.11.07 13:18:14.805,1.13199,1.13225,1.50,1.50
2013.11.07 13:18:15.230,1.13198,1.13225,1.50,2.44
2013.11.07 13:18:15.469,1.13199,1.13225,1.50,1.50
2013.11.07 13:18:15.587,1.13199,1.13229,1.50,3.38
2013.11.07 13:18:20.197,1.13199,1.13228,1.13,1.50
2013.11.07 13:18:22.328,1.13201,1.13228,1.50,1.50
2013.11.07 13:18:23.018,1.13201,1.13228,1.50,1.50
2013.11.07 13:18:25.747,1.13201,1.13229,1.50,1.50
2013.11.07 13:18:26.127,1.13201,1.13228,1.50,1.50
2013.11.07 13:18:26.438,1.13209,1.13227,1.13,3.00
2013.11.07 13:18:26.797,1.13205,1.13223,1.88,2.25
2013.11.07 13:18:26.977,1.13209,1.13227,1.13,3.00
2013.11.07 13:18:27.458,1.13205,1.13223,1.88,1.50
2013.11.07 13:18:27.697,1.13205,1.13227,1.88,1.50
2013.11.07 13:18:27.938,1.13209,1.13231,1.13,3.57
2013.11.07 13:18:27.998,1.13205,1.1323,1.88,1.32
2013.11.07 13:18:28.058,1.13205,1.13228,2.25,1.50
2013.11.07 13:18:28.418,1.13216,1.1323,1.13,1.50
2013.11.07 13:18:28.719,1.13216,1.13233,1.13,3.00
2013.11.07 13:18:29.258,1.13216,1.13234,1.13,2.25
2013.11.07 13:18:29.378,1.13216,1.13234,1.13,2.25
2013.11.07 13:18:34.418,1.13217,1.13235,1.50,1.50
2013.11.07 13:18:34.740,1.13217,1.13238,1.50,1.50
2013.11.07 13:18:35.211,1.13216,1.13241,2.63,1.50
2013.11.07 13:18:35.277,1.13217,1.13239,1.88,2.25
2013.11.07 13:18:35.638,1.13216,1.13235,1.88,1.50
2013.11.07 13:18:38.858,1.13216,1.13235,1.88,1.50
2013.11.07 13:18:38.918,1.13216,1.13234,1.88,1.50
2013.11.07 13:18:39.668,1.13216,1.13233,1.13,1.50
2013.11.07 13:18:42.118,1.13215,1.13235,1.13,1.50
2013.11.07 13:18:47.578,1.13216,1.13239,1.88,2.25
2013.11.07 13:18:47.638,1.13219,1.13239,1.13,2.25
2013.11.07 13:18:47.878,1.13219,1.13239,1.13,2.25
2013.11.07 13:18:51.252,1.1322,1.13239,1.13,2.25
2013.11.07 13:18:51.557,1.13219,1.13238,1.13,1.69
2013.11.07 13:18:52.588,1.13219,1.13238,1.13,2.25
2013.11.07 13:18:52.711,1.1322,1.13239,1.13,3.75
2013.11.07 13:18:54.428,1.1322,1.13241,1.13,1.13
2013.11.07 13:18:54.667,1.13219,1.1324,1.13,1.50
2013.11.07 13:18:55.110,1.13219,1.13238,1.13,2.44
2013.11.07 13:18:55.719,1.13219,1.13241,1.13,2.82
2013.11.07 13:18:56.888,1.1322,1.13241,1.13,1.88
2013.11.07 13:18:57.700,1.1322,1.13241,1.13,1.50
2013.11.07 13:18:59.788,1.1322,1.1324,1.13,1.50
2013.11.07 13:19:00.587,1.1322,1.1324,1.13,1.32
2013.11.07 13:19:01.129,1.13219,1.13239,1.13,2.82
2013.11.07 13:19:01.369,1.1322,1.13239,1.13,1.32
2013.11.07 13:19:01.547,1.13219,1.1324,1.13,1.69
2013.11.07 13:19:01.908,1.13219,1.1324,1.13,1.50
2013.11.07 13:19:02.028,1.13224,1.13242,1.13,1.13
2013.11.07 13:19:02.596,1.13224,1.13243,1.13,1.88
2013.11.07 13:19:05.390,1.13224,1.13243,1.13,2.07
2013.11.07 13:19:12.086,1.13224,1.13242,1.13,1.32
2013.11.07 13:19:12.751,1.13223,1.13241,1.13,1.69
2013.11.07 13:19:12.938,1.13223,1.1324,1.13,2.25
2013.11.07 13:19:14.718,1.13223,1.13241,1.13,2.44
2013.11.07 13:19:15.408,1.13223,1.13241,1.13,3.94
2013.11.07 13:19:16.489,1.13224,1.13241,1.13,3.00
2013.11.07 13:19:19.928,1.13224,1.13239,1.13,1.50
2013.11.07 13:19:27.119,1.13223,1.13241,1.13,1.50
2013.11.07 13:19:27.988,1.13223,1.13241,1.13,2.25
2013.11.07 13:19:28.408,1.13224,1.13238,1.13,1.50
2013.11.07 13:19:28.528,1.13224,1.13241,1.13,1.69
2013.11.07 13:19:28.589,1.13223,1.13242,1.13,1.32
2013.11.07 13:19:29.010,1.13229,1.13246,1.50,1.13
2013.11.07 13:19:29.079,1.13229,1.13248,1.50,1.32
2013.11.07 13:19:29.200,1.1323,1.13257,1.50,2.82
2013.11.07 13:19:29.328,1.13236,1.13255,1.13,1.13
2013.11.07 13:19:29.688,1.13245,1.13259,1.13,1.50
2013.11.07 13:19:29.989,1.13246,1.13268,1.50,1.50
2013.11.07 13:19:30.051,1.13249,1.13273,1.13,2.25
2013.11.07 13:19:30.239,1.13248,1.13273,1.13,1.50
2013.11.07 13:19:30.778,1.13248,1.13273,1.13,1.69
2013.11.07 13:19:31.199,1.13248,1.13273,1.13,1.50
2013.11.07 13:19:31.268,1.13246,1.13265,1.88,1.50
2013.11.07 13:19:31.578,1.13248,1.13269,1.13,3.94
2013.11.07 13:19:31.889,1.13248,1.13269,1.13,3.94
2013.11.07 13:19:32.918,1.13248,1.13271,1.13,1.50
2013.11.07 13:19:33.458,1.13252,1.13274,1.88,1.50
2013.11.07 13:19:33.579,1.13252,1.13274,1.13,1.50
2013.11.07 13:19:35.138,1.13252,1.13275,1.13,2.44
2013.11.07 13:19:36.789,1.13252,1.13275,1.13,2.44
2013.11.07 13:19:40.928,1.13256,1.13277,1.13,2.44
2013.11.07 13:19:41.047,1.13256,1.13277,1.13,2.44
2013.11.07 13:19:42.920,1.13256,1.13277,1.88,2.25
2013.11.07 13:19:42.989,1.13256,1.13279,1.88,1.13
2013.11.07 13:19:43.232,1.13261,1.13281,1.50,1.50
2013.11.07 13:19:43.597,1.13261,1.13283,1.88,2.25
2013.11.07 13:19:43.913,1.13264,1.13282,1.13,1.50
2013.11.07 13:19:44.452,1.13264,1.13282,1.13,1.50
2013.11.07 13:19:44.787,1.13264,1.13286,1.13,2.63
2013.11.07 13:19:45.328,1.13267,1.13286,2.25,1.88
2013.11.07 13:19:45.702,1.13267,1.13284,1.50,1.50
2013.11.07 13:19:47.419,1.13268,1.13284,1.13,1.50
2013.11.07 13:19:47.658,1.13268,1.13282,1.13,2.25
2013.11.07 13:19:47.928,1.13268,1.13281,1.13,2.44
2013.11.07 13:19:48.230,1.13264,1.13275,1.50,2.44
2013.11.07 13:19:48.468,1.13265,1.13276,1.50,3.00
2013.11.07 13:19:49.008,1.1326,1.13277,3.75,1.88
2013.11.07 13:19:49.069,1.1326,1.13277,3.75,1.88
2013.11.07 13:19:49.609,1.13261,1.13278,3.75,2.82
2013.11.07 13:19:49.848,1.13261,1.13277,3.75,1.13
2013.11.07 13:19:51.471,1.13264,1.13277,1.88,1.13
2013.11.07 13:19:51.599,1.13264,1.13277,1.13,1.88
2013.11.07 13:19:51.908,1.13264,1.13278,1.13,1.88
2013.11.07 13:19:52.147,1.13264,1.13282,1.13,1.88
2013.11.07 13:19:52.268,1.13268,1.13286,1.13,1.69
2013.11.07 13:19:54.120,1.13268,1.13284,1.13,2.25
2013.11.07 13:19:54.539,1.13267,1.13284,1.13,2.07
2013.11.07 13:19:55.248,1.13272,1.13288,1.13,1.32
2013.11.07 13:19:57.109,1.13268,1.1329,1.13,2.44
2013.11.07 13:19:57.708,1.13268,1.1329,1.13,1.50
2013.11.07 13:19:59.848,1.13269,1.1329,1.13,1.50
2013.11.07 13:20:00.628,1.13267,1.13288,1.13,1.88
2013.11.07 13:20:01.288,1.13269,1.13282,1.13,1.13
2013.11.07 13:20:01.648,1.13266,1.13285,1.50,1.88
2013.11.07 13:20:01.827,1.13266,1.13287,1.50,1.69
2013.11.07 13:20:02.278,1.13264,1.13287,1.13,1.50
2013.11.07 13:20:02.458,1.13263,1.13287,1.13,1.50
2013.11.07 13:20:02.821,1.13264,1.13284,1.13,1.50
2013.11.07 13:20:04.170,1.13259,1.13282,1.13,1.50
2013.11.07 13:20:11.378,1.13258,1.13284,1.13,1.50
2013.11.07 13:20:11.438,1.13267,1.13284,1.13,1.50
2013.11.07 13:20:11.558,1.13267,1.13287,1.13,3.00
2013.11.07 13:20:11.738,1.13268,1.13288,1.13,1.88
2013.11.07 13:20:11.857,1.13267,1.13289,1.88,1.88
2013.11.07 13:20:13.138,1.13263,1.13288,1.50,1.13
2013.11.07 13:20:13.198,1.13262,1.13288,1.50,1.13
2013.11.07 13:20:13.718,1.13261,1.13288,1.13,1.13
2013.11.07 13:20:15.488,1.13261,1.13288,1.13,1.88
2013.11.07 13:20:15.609,1.13261,1.13277,1.13,1.69
2013.11.07 13:20:15.670,1.13261,1.13274,1.13,1.13
2013.11.07 13:20:15.908,1.13257,1.13273,1.50,1.50
2013.11.07 13:20:16.209,1.13252,1.13274,1.50,1.50
2013.11.07 13:20:16.268,1.13252,1.13281,1.50,3.75
2013.11.07 13:20:16.518,1.13252,1.13281,1.88,1.50
2013.11.07 13:20:16.643,1.13252,1.13281,1.88,1.50
2013.11.07 13:20:17.697,1.13252,1.13283,1.88,1.50
2013.11.07 13:20:20.390,1.13252,1.13275,1.13,1.13
2013.11.07 13:20:20.449,1.13252,1.13282,1.88,2.25
2013.11.07 13:20:27.098,1.13252,1.13286,1.13,1.50
2013.11.07 13:20:27.410,1.13252,1.13286,1.13,1.50
2013.11.07 13:20:30.808,1.13252,1.13283,1.13,2.25
2013.11.07 13:20:31.048,1.13253,1.13285,2.44,1.50
2013.11.07 13:20:31.289,1.13254,1.13288,1.69,1.50
2013.11.07 13:20:31.469,1.13253,1.13286,1.69,1.50
2013.11.07 13:20:31.829,1.13254,1.13286,1.50,2.25
2013.11.07 13:20:35.313,1.13251,1.13279,1.13,1.50
2013.11.07 13:20:35.581,1.13252,1.13279,1.13,1.50
2013.11.07 13:20:39.909,1.13252,1.13281,1.88,1.50
2013.11.07 13:20:42.390,1.13252,1.13283,1.88,2.25
2013.11.07 13:20:42.511,1.13252,1.13283,1.88,3.75
2013.11.07 13:20:42.819,1.13257,1.13283,1.50,1.50
2013.11.07 13:20:42.879,1.13259,1.13283,1.50,1.50
2013.11.07 13:20:43.010,1.13259,1.13286,1.50,1.88
2013.11.07 13:20:43.070,1.13259,1.13286,1.50,1.50
2013.11.07 13:20:43.189,1.13259,1.13287,1.50,1.88
2013.11.07 13:20:43.250,1.13259,1.13287,1.50,1.13
2013.11.07 13:20:43.769,1.13259,1.13288,2.44,1.13
2013.11.07 13:20:43.888,1.1326,1.13288,2.44,1.13
2013.11.07 13:20:44.371,1.1326,1.13288,2.44,1.13
2013.11.07 13:20:47.181,1.13261,1.13293,1.50,2.25
2013.11.07 13:20:51.388,1.13261,1.1329,1.50,1.50
2013.11.07 13:20:52.668,1.13261,1.13293,1.50,3.00
2013.11.07 13:20:52.849,1.13262,1.13293,1.50,1.50
2013.11.07 13:20:52.910,1.13262,1.13291,1.50,2.25
2013.11.07 13:20:53.388,1.13262,1.13293,1.50,2.44
2013.11.07 13:20:53.509,1.13258,1.13291,1.50,1.50
2013.11.07 13:20:54.049,1.13261,1.13293,1.50,3.19
2013.11.07 13:20:54.109,1.13261,1.13292,1.50,2.44
2013.11.07 13:20:54.899,1.13261,1.13288,1.50,1.13
2013.11.07 13:20:55.908,1.13261,1.13288,1.50,1.88
2013.11.07 13:20:56.459,1.13262,1.13286,1.50,1.13
2013.11.07 13:20:56.818,1.13261,1.13288,1.69,1.50
2013.11.07 13:20:57.119,1.13271,1.13292,1.32,1.50
2013.11.07 13:20:57.299,1.13271,1.13295,1.32,1.50
2013.11.07 13:20:57.360,1.1327,1.13295,1.69,1.50
2013.11.07 13:20:57.720,1.1327,1.13298,2.44,1.50
2013.11.07 13:20:57.959,1.13268,1.13299,2.07,1.50
2013.11.07 13:20:58.080,1.13268,1.13295,1.32,1.50
2013.11.07 13:20:58.139,1.13268,1.13295,1.13,1.50
2013.11.07 13:20:58.439,1.13267,1.13299,1.69,1.50
2013.11.07 13:20:58.739,1.13271,1.13302,1.69,1.50
2013.11.07 13:20:58.918,1.13267,1.13295,1.50,1.13
2013.11.07 13:20:59.268,1.13266,1.13286,1.13,4.50
2013.11.07 13:20:59.569,1.13273,1.13292,1.69,4.50
2013.11.07 13:20:59.928,1.13281,1.13292,1.32,4.50
2013.11.07 13:21:00.859,1.13279,1.13292,2.07,1.50
2013.11.07 13:21:01.350,1.13279,1.13291,1.32,1.50
2013.11.07 13:21:02.599,1.13278,1.13295,1.50,1.13
2013.11.07 13:21:02.659,1.13277,1.13296,1.50,1.13
2013.11.07 13:21:03.089,1.13272,1.13296,3.19,1.13
2013.11.07 13:21:03.269,1.13272,1.13296,2.44,1.13
2013.11.07 13:21:03.730,1.13269,1.13291,3.57,1.13
2013.11.07 13:21:04.031,1.13269,1.13291,2.82,1.13
2013.11.07 13:21:04.389,1.13274,1.13293,2.07,1.13
2013.11.07 13:21:04.928,1.13281,1.13291,1.13,1.13
2013.11.07 13:21:05.228,1.13279,1.13291,1.69,1.13
2013.11.07 13:21:05.927,1.13284,1.13293,1.50,1.13
2013.11.07 13:21:06.239,1.13284,1.13293,1.32,1.13
2013.11.07 13:21:06.608,1.13286,1.13293,1.13,1.13
2013.11.07 13:21:07.639,1.13291,1.13297,1.13,1.50
2013.11.07 13:21:07.819,1.13289,1.13306,1.69,2.63
2013.11.07 13:21:08.599,1.13286,1.13301,1.69,1.50
2013.11.07 13:21:08.659,1.13286,1.13297,2.07,1.13
2013.11.07 13:21:08.720,1.13287,1.13298,1.69,1.13
2013.11.07 13:21:08.898,1.13285,1.13298,1.69,1.13
2013.11.07 13:21:09.224,1.13282,1.13297,1.32,1.13
2013.11.07 13:21:09.590,1.13281,1.13298,2.07,1.13
2013.11.07 13:21:09.949,1.13289,1.13301,1.32,1.50
2013.11.07 13:21:10.128,1.13287,1.133,2.25,1.50
2013.11.07 13:21:10.188,1.13291,1.13297,1.50,1.13
2013.11.07 13:21:10.549,1.13287,1.13301,1.32,1.13
2013.11.07 13:21:10.608,1.13286,1.13297,1.50,1.13
2013.11.07 13:21:10.909,1.1329,1.13302,1.32,1.13
2013.11.07 13:21:10.978,1.1329,1.133,1.32,1.13
2013.11.07 13:21:11.218,1.1329,1.13302,1.32,1.13
2013.11.07 13:21:11.459,1.13287,1.13301,1.50,1.13
2013.11.07 13:21:11.698,1.13282,1.13301,1.69,1.13
2013.11.07 13:21:11.818,1.13281,1.133,1.69,1.13
2013.11.07 13:21:12.177,1.13283,1.13302,1.69,1.13
2013.11.07 13:21:12.418,1.13283,1.13301,1.32,1.13
2013.11.07 13:21:12.598,1.13283,1.13301,1.69,1.13
2013.11.07 13:21:13.561,1.13282,1.13301,1.32,1.13
2013.11.07 13:21:13.688,1.13283,1.13301,1.32,1.13
2013.11.07 13:21:13.868,1.13282,1.133,1.32,1.13
2013.11.07 13:21:14.228,1.13281,1.133,1.32,1.13
2013.11.07 13:21:15.108,1.13281,1.13301,1.69,1.13
2013.11.07 13:21:15.651,1.13283,1.13304,1.69,1.13
2013.11.07 13:21:15.960,1.13284,1.13303,2.07,1.13
2013.11.07 13:21:16.199,1.13284,1.13303,1.32,1.13
2013.11.07 13:21:16.438,1.13283,1.13303,1.32,1.13
2013.11.07 13:21:16.917,1.13284,1.13305,2.07,1.13
2013.11.07 13:21:18.647,1.13284,1.13304,1.69,1.13
2013.11.07 13:21:18.948,1.13283,1.13304,2.07,1.13
2013.11.07 13:21:19.623,1.13288,1.13303,1.50,1.13
2013.11.07 13:21:19.750,1.13281,1.13303,1.69,1.13
2013.11.07 13:21:20.192,1.13285,1.13299,1.32,1.13
2013.11.07 13:21:21.468,1.13286,1.13299,1.32,1.13
2013.11.07 13:21:21.991,1.13286,1.13299,1.13,1.13
2013.11.07 13:21:22.538,1.13284,1.13303,1.69,1.50
2013.11.07 13:21:22.599,1.13284,1.13303,1.69,1.50
2013.11.07 13:21:22.958,1.13284,1.13303,1.50,1.50
2013.11.07 13:21:25.618,1.13286,1.13304,1.13,1.50
2013.11.07 13:21:26.458,1.13287,1.13303,1.69,1.50
2013.11.07 13:21:26.700,1.13289,1.13304,1.32,1.50
2013.11.07 13:21:27.490,1.1328,1.13302,1.69,1.50
2013.11.07 13:21:28.050,1.13282,1.13304,1.69,1.50
2013.11.07 13:21:28.177,1.13286,1.13304,1.32,1.50
2013.11.07 13:21:28.477,1.13285,1.13302,1.13,1.50
2013.11.07 13:21:29.890,1.13283,1.13303,1.13,1.50
2013.11.07 13:21:30.443,1.13282,1.13303,1.50,1.50
2013.11.07 13:21:30.515,1.13284,1.13303,1.69,1.50
2013.11.07 13:21:31.179,1.13284,1.13303,1.50,1.50
2013.11.07 13:21:31.539,1.13283,1.13303,2.44,1.50
2013.11.07 13:21:33.899,1.13283,1.13303,2.82,1.50
2013.11.07 13:21:34.080,1.13289,1.13302,1.69,1.50
2013.11.07 13:21:34.321,1.13283,1.13303,1.69,1.50
2013.11.07 13:21:34.629,1.13282,1.13303,2.82,1.58
2013.11.07 13:21:34.929,1.13272,1.13293,1.13,1.13
2013.11.07 13:21:35.230,1.13273,1.13294,1.69,1.50
2013.11.07 13:21:35.528,1.13276,1.13294,1.50,1.13
2013.11.07 13:21:35.889,1.13281,1.13295,1.13,1.88
2013.11.07 13:21:37.168,1.1328,1.13295,1.32,1.88
2013.11.07 13:21:38.458,1.1328,1.13295,1.13,1.88
2013.11.07 13:21:38.998,1.1328,1.13295,1.32,1.88
2013.11.07 13:21:39.658,1.1328,1.13292,1.13,1.13
2013.11.07 13:21:40.868,1.13279,1.13292,1.13,1.13
2013.11.07 13:21:42.709,1.13283,1.13293,1.69,1.13
2013.11.07 13:21:42.889,1.13284,1.13293,1.50,1.13
2013.11.07 13:21:43.431,1.13275,1.13293,1.50,1.13
2013.11.07 13:21:43.678,1.13279,1.1329,1.13,1.13
2013.11.07 13:21:46.521,1.13277,1.1329,1.69,1.13
2013.11.07 13:21:47.068,1.13277,1.1329,1.69,1.13
2013.11.07 13:21:51.693,1.13277,1.1329,1.32,1.13
2013.11.07 13:21:51.785,1.13283,1.13295,1.50,1.13
2013.11.07 13:21:52.272,1.13278,1.13295,1.69,1.13
2013.11.07 13:21:52.818,1.13279,1.13294,1.50,1.13
2013.11.07 13:21:59.189,1.1328,1.13299,1.13,1.13
2013.11.07 13:21:59.369,1.1328,1.13299,1.13,1.13
2013.11.07 13:22:00.145,1.1329,1.13302,1.32,1.13
2013.11.07 13:22:00.210,1.13296,1.13308,1.13,1.50
2013.11.07 13:22:00.279,1.13298,1.13313,1.88,2.63
2013.11.07 13:22:00.458,1.13298,1.13316,2.63,1.13
2013.11.07 13:22:01.342,1.13299,1.13317,1.50,1.13
2013.11.07 13:22:02.647,1.13297,1.13317,1.50,1.13
2013.11.07 13:22:03.154,1.13288,1.13317,1.69,1.88
2013.11.07 13:22:03.368,1.13288,1.13317,1.69,1.88
2013.11.07 13:22:03.632,1.13288,1.13316,1.69,1.13
2013.11.07 13:22:03.761,1.13288,1.13316,1.69,1.13
2013.11.07 13:22:04.748,1.13283,1.1331,1.69,1.50
2013.11.07 13:22:04.868,1.13279,1.1331,1.50,3.00
2013.11.07 13:22:04.928,1.13279,1.13306,1.50,1.50
2013.11.07 13:22:05.647,1.13279,1.13308,1.50,1.88
2013.11.07 13:22:05.708,1.13279,1.13309,1.50,1.88
2013.11.07 13:22:06.068,1.13279,1.13309,1.50,1.88
2013.11.07 13:22:06.779,1.13283,1.13309,1.13,1.88
2013.11.07 13:22:08.558,1.13283,1.13308,1.13,1.13
2013.11.07 13:22:08.928,1.13281,1.13307,1.13,3.38
2013.11.07 13:22:09.118,1.13281,1.13306,1.13,1.50
2013.11.07 13:22:10.548,1.13277,1.13302,1.32,1.50
2013.11.07 13:22:10.668,1.13282,1.13302,1.13,1.50
2013.11.07 13:22:11.101,1.13278,1.13303,1.13,1.50
2013.11.07 13:22:12.209,1.13276,1.13301,1.69,2.25
2013.11.07 13:22:12.628,1.13278,1.13301,1.13,2.25
2013.11.07 13:22:13.363,1.13276,1.13301,1.13,2.25
2013.11.07 13:22:14.268,1.13277,1.13302,1.13,1.50
2013.11.07 13:22:14.401,1.13284,1.13302,1.13,3.38
2013.11.07 13:22:16.138,1.1328,1.13302,1.13,1.50
2013.11.07 13:22:16.738,1.13282,1.13302,1.13,1.88
2013.11.07 13:22:17.040,1.13284,1.13303,1.13,1.13
2013.11.07 13:22:23.483,1.13281,1.13303,1.13,1.13
2013.11.07 13:22:23.729,1.13279,1.13302,1.13,1.13
2013.11.07 13:22:26.952,1.13279,1.13303,1.13,1.13
2013.11.07 13:22:27.140,1.13279,1.13303,1.13,1.13
2013.11.07 13:22:27.561,1.13282,1.13302,1.50,1.50
2013.11.07 13:22:27.630,1.13278,1.13302,1.13,2.63
2013.11.07 13:22:27.690,1.13276,1.13302,2.07,2.63
2013.11.07 13:22:27.749,1.13277,1.13302,1.32,1.50
2013.11.07 13:22:28.108,1.13278,1.13306,1.13,1.13
2013.11.07 13:22:32.530,1.13282,1.13307,1.50,1.13
2013.11.07 13:22:32.658,1.13282,1.13307,1.50,1.32
2013.11.07 13:22:32.720,1.13282,1.13308,1.50,1.69
2013.11.07 13:22:32.898,1.13281,1.13314,1.13,2.25
2013.11.07 13:22:33.078,1.13285,1.13314,1.13,1.50
2013.11.07 13:22:33.320,1.13285,1.1331,1.13,2.25
2013.11.07 13:22:33.504,1.13281,1.13312,1.13,2.25
2013.11.07 13:22:33.870,1.13285,1.13312,1.13,2.25
2013.11.07 13:22:37.421,1.13291,1.13309,1.13,1.50
2013.11.07 13:22:40.618,1.13297,1.13315,1.13,1.88
2013.11.07 13:22:40.741,1.13297,1.13315,1.13,1.88
2013.11.07 13:22:40.868,1.13297,1.13317,1.13,1.13
2013.11.07 13:22:41.410,1.13301,1.13318,1.13,1.50
2013.11.07 13:22:42.788,1.13301,1.13318,1.13,2.25
2013.11.07 13:22:44.770,1.13297,1.13318,1.13,3.00
2013.11.07 13:22:44.959,1.13297,1.1332,1.13,1.88
2013.11.07 13:22:45.199,1.13294,1.13318,1.13,1.50
2013.11.07 13:22:45.318,1.13294,1.13318,1.13,1.50
2013.11.07 13:22:45.949,1.13302,1.1332,1.13,1.50
2013.11.07 13:22:48.121,1.13296,1.13318,1.13,2.25
2013.11.07 13:22:48.428,1.13296,1.1332,1.32,1.50
2013.11.07 13:22:49.209,1.13291,1.13318,1.32,2.25
2013.11.07 13:22:49.719,1.1329,1.13318,1.32,2.25
2013.11.07 13:22:51.013,1.13291,1.13321,1.32,1.50
2013.11.07 13:22:57.129,1.13293,1.13318,1.13,1.50
2013.11.07 13:22:57.570,1.13292,1.13318,1.13,1.50
2013.11.07 13:22:59.528,1.13292,1.13317,1.13,1.50
2013.11.07 13:22:59.915,1.13291,1.13314,1.13,2.25
2013.11.07 13:23:00.243,1.13291,1.13309,1.13,1.50
2013.11.07 13:23:00.430,1.13291,1.13311,1.13,1.50
2013.11.07 13:23:00.941,1.13291,1.13314,1.13,2.25
2013.11.07 13:23:04.601,1.13282,1.13311,1.13,3.75
2013.11.07 13:23:04.670,1.13281,1.13309,1.50,2.25
2013.11.07 13:23:05.389,1.13279,1.13307,1.13,1.50
2013.11.07 13:23:07.381,1.13278,1.13307,1.13,1.50
2013.11.07 13:23:08.928,1.13279,1.13307,1.13,1.50
2013.11.07 13:23:09.321,1.13278,1.13307,1.13,1.50
2013.11.07 13:23:09.498,1.13278,1.13307,1.13,3.00
2013.11.07 13:23:10.054,1.13277,1.13304,1.13,2.25
2013.11.07 13:23:10.383,1.13279,1.13304,1.13,2.25
2013.11.07 13:23:11.199,1.13276,1.13306,1.13,1.50
2013.11.07 13:23:13.648,1.13279,1.13306,1.13,1.50
2013.11.07 13:23:15.720,1.13277,1.13306,1.13,1.50
2013.11.07 13:23:16.913,1.13279,1.13308,1.13,1.13
2013.11.07 13:23:19.681,1.13276,1.13309,1.13,1.13
2013.11.07 13:23:26.978,1.13276,1.13308,1.13,1.13
2013.11.07 13:23:28.369,1.13278,1.13311,1.32,1.13
2013.11.07 13:23:28.729,1.13278,1.13312,2.07,1.13
2013.11.07 13:23:29.451,1.13276,1.13311,1.50,1.50
2013.11.07 13:23:35.709,1.1328,1.13309,1.13,2.25
2013.11.07 13:23:36.371,1.13279,1.1331,1.13,1.50
2013.11.07 13:23:38.969,1.13277,1.1331,1.50,1.50
2013.11.07 13:23:39.859,1.13278,1.1331,1.50,1.50
2013.11.07 13:23:40.452,1.1328,1.1331,1.32,1.50
2013.11.07 13:23:41.871,1.1328,1.1331,1.32,1.50
2013.11.07 13:23:41.998,1.13278,1.13307,1.50,1.50
2013.11.07 13:23:42.526,1.13278,1.13305,1.50,1.50
2013.11.07 13:23:45.088,1.13273,1.13304,1.32,1.50
2013.11.07 13:23:45.601,1.13273,1.13302,1.32,2.25
2013.11.07 13:23:49.260,1.13273,1.13302,1.32,1.50
2013.11.07 13:23:49.824,1.13273,1.13302,1.32,1.50
2013.11.07 13:23:50.458,1.1327,1.13301,1.32,1.50
2013.11.07 13:23:50.855,1.1327,1.13296,1.32,1.50
2013.11.07 13:23:56.040,1.13275,1.13296,2.25,1.13
2013.11.07 13:23:56.595,1.13272,1.13295,2.07,1.13
2013.11.07 13:23:56.670,1.13269,1.13296,1.13,1.13
2013.11.07 13:23:56.912,1.13268,1.13297,1.50,1.13
2013.11.07 13:23:57.399,1.13274,1.13292,1.88,1.13
2013.11.07 13:23:58.188,1.13278,1.13292,1.13,1.13
2013.11.07 13:23:59.220,1.13268,1.13281,1.50,1.50
2013.11.07 13:23:59.461,1.13266,1.13285,1.50,1.88
2013.11.07 13:23:59.532,1.13266,1.13285,1.50,1.13
2013.11.07 13:23:59.658,1.1326,1.13278,1.13,1.50
2013.11.07 13:23:59.839,1.1325,1.1327,1.50,1.50
2013.11.07 13:23:59.958,1.13248,1.1327,1.50,1.50
2013.11.07 13:24:00.078,1.1325,1.13271,1.50,1.69
2013.11.07 13:24:00.499,1.13253,1.13276,1.50,1.13
2013.11.07 13:24:01.038,1.1326,1.13272,1.13,1.13
2013.11.07 13:24:01.519,1.1326,1.13272,1.13,1.88
2013.11.07 13:24:01.758,1.13266,1.13276,1.13,1.13
2013.11.07 13:24:01.878,1.13261,1.13276,1.13,1.13
2013.11.07 13:24:02.058,1.13261,1.13274,1.13,1.13
2013.11.07 13:24:03.770,1.13262,1.13275,1.13,1.13
2013.11.07 13:24:03.979,1.1326,1.13274,1.32,1.13
2013.11.07 13:24:04.548,1.1326,1.13277,1.32,1.13
2013.11.07 13:24:06.669,1.1326,1.13277,1.13,1.13
2013.11.07 13:24:09.650,1.1326,1.13282,1.13,1.13
2013.11.07 13:24:10.402,1.1326,1.13282,1.32,1.13
2013.11.07 13:24:12.400,1.13265,1.13281,1.13,1.13
2013.11.07 13:24:12.640,1.13263,1.13288,1.13,1.13
2013.11.07 13:24:12.879,1.13271,1.13288,1.13,1.13
2013.11.07 13:24:13.568,1.13271,1.13295,1.13,1.50
2013.11.07 13:24:14.659,1.13267,1.13295,1.88,2.25
2013.11.07 13:24:15.198,1.13266,1.13293,1.13,2.25
2013.11.07 13:24:15.739,1.13266,1.13292,1.50,2.44
2013.11.07 13:24:16.158,1.13267,1.13291,1.13,1.50
2013.11.07 13:24:16.638,1.13268,1.13292,1.13,1.50
2013.11.07 13:24:16.758,1.13268,1.13293,1.13,1.50
2013.11.07 13:24:17.284,1.13268,1.13294,1.13,1.50
2013.11.07 13:24:17.638,1.13266,1.13294,1.13,2.44
2013.11.07 13:24:17.698,1.13262,1.13291,1.88,1.50
2013.11.07 13:24:18.000,1.13267,1.13291,1.13,1.50
2013.11.07 13:24:18.060,1.13267,1.13293,1.13,2.25
2013.11.07 13:24:19.279,1.13267,1.13296,1.32,1.50
2013.11.07 13:24:19.400,1.13267,1.13296,1.32,1.50
2013.11.07 13:24:19.758,1.13273,1.133,1.13,2.25
2013.11.07 13:24:19.818,1.13268,1.133,1.32,3.00
2013.11.07 13:24:20.308,1.13268,1.133,2.44,1.50
2013.11.07 13:24:20.769,1.13268,1.133,2.44,1.50
2013.11.07 13:24:22.108,1.1327,1.13301,2.07,1.13
2013.11.07 13:24:22.673,1.13276,1.13303,1.32,1.13
2013.11.07 13:24:23.099,1.13271,1.13304,2.25,1.69
2013.11.07 13:24:23.278,1.13271,1.13305,1.50,1.69
2013.11.07 13:24:23.638,1.13271,1.13305,1.69,1.50
2013.11.07 13:24:32.359,1.13274,1.13306,1.50,1.50
2013.11.07 13:24:32.718,1.13275,1.13307,1.50,1.13
2013.11.07 13:24:32.838,1.13275,1.13309,1.50,1.13
2013.11.07 13:24:33.971,1.13278,1.13309,1.13,1.13
2013.11.07 13:24:34.489,1.13278,1.13309,1.13,1.13
2013.11.07 13:24:35.018,1.13278,1.1331,1.13,1.50
2013.11.07 13:24:39.058,1.13275,1.1331,2.25,1.50
2013.11.07 13:24:39.930,1.13279,1.13312,1.50,1.69
2013.11.07 13:24:40.289,1.13281,1.13313,1.50,1.69
2013.11.07 13:24:42.671,1.13276,1.13313,1.50,5.07
2013.11.07 13:24:54.388,1.13277,1.13312,1.50,2.07
2013.11.07 13:24:55.153,1.13276,1.13311,1.13,1.69
2013.11.07 13:24:55.339,1.13276,1.1331,1.13,1.69
2013.11.07 13:24:55.578,1.13276,1.1331,1.32,1.50
2013.11.07 13:24:56.089,1.13279,1.13313,1.32,2.25
2013.11.07 13:24:58.651,1.13278,1.13313,1.69,2.25
2013.11.07 13:25:00.830,1.13279,1.13311,1.69,1.50
2013.11.07 13:25:06.028,1.13279,1.1331,1.50,1.50
2013.11.07 13:25:06.519,1.13277,1.13306,1.50,2.25
2013.11.07 13:25:08.613,1.13279,1.13306,1.50,2.25
2013.11.07 13:25:09.049,1.13279,1.13309,1.69,1.50
2013.11.07 13:25:11.998,1.13275,1.13309,1.32,2.25
2013.11.07 13:25:19.291,1.13274,1.13309,3.19,1.50
2013.11.07 13:25:19.659,1.13274,1.13309,3.57,1.50
2013.11.07 13:25:25.688,1.1328,1.13311,1.50,2.82
2013.11.07 13:25:25.929,1.13276,1.13311,1.88,2.44
2013.11.07 13:25:26.922,1.13276,1.13311,1.13,2.44
2013.11.07 13:25:33.309,1.13276,1.13307,1.13,1.50
2013.11.07 13:25:33.886,1.13276,1.13306,1.13,2.44
2013.11.07 13:25:34.841,1.13276,1.13305,1.13,1.32
2013.11.07 13:25:34.958,1.13276,1.13305,1.13,1.32
2013.11.07 13:25:35.241,1.13272,1.13305,1.50,1.32
2013.11.07 13:25:37.299,1.1327,1.13305,1.69,2.63
2013.11.07 13:25:40.761,1.13276,1.13304,1.13,1.13
2013.11.07 13:25:40.881,1.13274,1.13301,1.50,1.69
2013.11.07 13:25:40.942,1.13273,1.13301,1.50,1.69
2013.11.07 13:25:41.010,1.13273,1.13301,1.50,2.82
2013.11.07 13:25:41.460,1.13274,1.13298,1.50,2.25
2013.11.07 13:25:41.819,1.13274,1.13297,1.50,1.50
2013.11.07 13:25:42.290,1.13277,1.13297,1.13,2.63
2013.11.07 13:25:42.598,1.13278,1.13293,1.50,1.13
2013.11.07 13:25:42.929,1.13279,1.13292,1.50,1.13
2013.11.07 13:25:43.480,1.13278,1.13292,1.50,1.13
2013.11.07 13:25:44.019,1.13279,1.13292,1.50,1.13
2013.11.07 13:25:44.567,1.13278,1.13292,1.50,1.13
2013.11.07 13:25:45.089,1.13279,1.13292,1.50,1.13
2013.11.07 13:25:45.339,1.13277,1.13292,1.50,1.13
2013.11.07 13:25:45.399,1.13276,1.13292,1.50,1.13
2013.11.07 13:25:46.142,1.13273,1.13293,1.50,1.13
2013.11.07 13:25:46.661,1.13273,1.13293,1.50,1.32
2013.11.07 13:25:47.219,1.13267,1.13293,2.25,2.44
2013.11.07 13:25:47.355,1.13267,1.13293,1.50,2.44
2013.11.07 13:25:47.881,1.13267,1.13289,1.50,1.13
2013.11.07 13:25:48.118,1.13267,1.13289,1.50,1.13
2013.11.07 13:25:49.938,1.13267,1.13289,1.50,1.13
2013.11.07 13:25:51.043,1.13267,1.13289,1.50,1.13
2013.11.07 13:25:51.753,1.13267,1.13289,1.50,1.13
2013.11.07 13:25:52.888,1.13267,1.13289,1.50,1.13
2013.11.07 13:25:53.389,1.13264,1.13289,1.88,1.13
2013.11.07 13:25:54.014,1.13264,1.13289,1.88,1.13
2013.11.07 13:25:54.668,1.13267,1.13289,1.50,1.13
2013.11.07 13:25:56.741,1.13263,1.13288,1.50,1.13
2013.11.07 13:25:57.359,1.13263,1.13288,1.50,1.13
2013.11.07 13:25:57.954,1.13264,1.13288,1.50,1.13
2013.11.07 13:25:58.552,1.13263,1.13288,1.50,1.13
2013.11.07 13:25:58.779,1.13261,1.13288,1.50,1.13
2013.11.07 13:25:58.838,1.13258,1.13288,2.44,1.13
2013.11.07 13:25:59.871,1.13261,1.13288,1.50,1.13
2013.11.07 13:25:59.988,1.13261,1.13288,2.25,1.13
2013.11.07 13:26:00.108,1.13261,1.13288,1.50,1.13
2013.11.07 13:26:00.529,1.13256,1.13285,3.75,1.13
2013.11.07 13:26:00.588,1.13256,1.13285,2.63,1.13
2013.11.07 13:26:00.888,1.13256,1.13284,2.82,1.13
2013.11.07 13:26:01.191,1.13268,1.13291,1.50,1.13
2013.11.07 13:26:01.431,1.13269,1.1329,1.13,1.13
2013.11.07 13:26:01.561,1.13274,1.13291,1.50,1.13
2013.11.07 13:26:02.099,1.13273,1.13296,1.50,1.13
2013.11.07 13:26:02.459,1.13272,1.13296,1.50,1.13
2013.11.07 13:26:02.519,1.13271,1.13296,1.50,1.13
2013.11.07 13:26:03.169,1.1327,1.13296,1.50,1.13
2013.11.07 13:26:03.861,1.13269,1.13296,2.25,1.32
2013.11.07 13:26:04.053,1.13264,1.13296,2.44,1.50
2013.11.07 13:26:04.794,1.13263,1.13296,1.69,1.13
2013.11.07 13:26:04.878,1.13263,1.13296,2.44,1.13
2013.11.07 13:26:05.359,1.13266,1.13295,1.32,1.13
2013.11.07 13:26:05.660,1.13271,1.13295,1.32,1.13
2013.11.07 13:26:05.929,1.13273,1.13295,1.50,1.13
2013.11.07 13:26:06.228,1.1327,1.13295,1.50,1.13
2013.11.07 13:26:06.288,1.13267,1.13296,1.50,1.13
2013.11.07 13:26:07.618,1.13264,1.13296,2.44,1.13
2013.11.07 13:26:10.519,1.13264,1.13296,1.69,1.13
2013.11.07 13:26:12.429,1.13267,1.13294,1.32,1.13
2013.11.07 13:26:12.489,1.13267,1.13294,1.32,1.13
2013.11.07 13:26:13.016,1.13268,1.13295,1.50,1.13
2013.11.07 13:26:13.679,1.13276,1.13294,1.50,1.13
2013.11.07 13:26:14.099,1.13266,1.13295,1.69,1.13
2013.11.07 13:26:15.370,1.13266,1.13296,2.44,1.50
2013.11.07 13:26:15.430,1.13266,1.13296,3.19,1.50
2013.11.07 13:26:15.500,1.13268,1.13296,1.50,1.50
2013.11.07 13:26:16.510,1.13265,1.13295,2.44,1.13
2013.11.07 13:26:16.770,1.13265,1.13295,2.44,1.50
2013.11.07 13:26:30.891,1.13268,1.13295,1.69,1.13
2013.11.07 13:26:32.312,1.13272,1.13295,1.50,1.13
2013.11.07 13:26:33.641,1.13276,1.13295,1.32,1.13
2013.11.07 13:26:33.950,1.13284,1.13299,1.69,1.50
2013.11.07 13:26:35.359,1.13287,1.13309,2.82,1.13
2013.11.07 13:26:35.719,1.13287,1.13309,2.82,1.13
2013.11.07 13:26:36.232,1.13289,1.13309,2.07,1.13
2013.11.07 13:26:37.299,1.13295,1.13315,1.13,1.13
2013.11.07 13:26:37.539,1.13305,1.13322,1.32,1.13
2013.11.07 13:26:37.660,1.13299,1.13319,2.07,1.13
2013.11.07 13:26:39.098,1.13296,1.1332,1.32,1.13
2013.11.07 13:26:39.158,1.13295,1.1332,1.32,1.13
2013.11.07 13:26:41.328,1.13291,1.13318,1.69,1.50
2013.11.07 13:26:46.559,1.13294,1.13319,1.69,1.13
2013.11.07 13:26:46.860,1.13299,1.13319,2.07,1.13
2013.11.07 13:26:47.728,1.13299,1.1332,2.07,1.13
2013.11.07 13:26:48.964,1.13297,1.13319,1.50,1.88
2013.11.07 13:26:49.030,1.13293,1.13315,1.88,1.50
2013.11.07 13:26:49.270,1.13286,1.13319,1.50,1.50
2013.11.07 13:26:51.017,1.13283,1.13318,2.07,1.50
2013.11.07 13:26:51.280,1.13283,1.13318,1.32,1.50
2013.11.07 13:26:51.749,1.13284,1.13318,1.32,1.50
2013.11.07 13:26:52.690,1.13286,1.13313,1.32,1.88
2013.11.07 13:26:53.780,1.13284,1.13312,1.32,1.13
2013.11.07 13:26:54.478,1.13284,1.13313,1.32,1.88
2013.11.07 13:26:55.606,1.13281,1.13313,1.69,1.88
2013.11.07 13:26:56.380,1.13281,1.13313,1.69,1.88
2013.11.07 13:26:56.620,1.13288,1.13313,1.13,1.13
2013.11.07 13:26:56.680,1.13285,1.13313,1.32,1.13
2013.11.07 13:26:57.303,1.13281,1.13313,1.69,1.13
2013.11.07 13:27:00.390,1.13281,1.13313,1.69,1.13
2013.11.07 13:27:00.971,1.13281,1.13311,1.69,1.13
2013.11.07 13:27:03.140,1.13285,1.13312,1.13,1.13
2013.11.07 13:27:04.719,1.13282,1.13312,1.32,1.13
2013.11.07 13:27:04.952,1.13285,1.13312,1.13,1.13
2013.11.07 13:27:05.419,1.13281,1.13312,1.32,1.88
2013.11.07 13:27:05.960,1.13281,1.13309,2.44,1.50
2013.11.07 13:27:06.500,1.13282,1.13309,1.13,1.50
2013.11.07 13:27:08.731,1.1328,1.13306,1.32,1.50
2013.11.07 13:27:08.980,1.13281,1.13306,1.32,1.50
2013.11.07 13:27:09.099,1.13279,1.13306,2.07,1.50
2013.11.07 13:27:09.340,1.13279,1.13301,1.13,1.50
2013.11.07 13:27:09.698,1.13279,1.13297,1.13,1.50
2013.11.07 13:27:10.201,1.13279,1.13296,1.13,1.50
2013.11.07 13:27:16.598,1.13281,1.13301,1.13,1.50
2013.11.07 13:27:17.810,1.13273,1.13302,2.07,1.50
2013.11.07 13:27:18.049,1.1328,1.13304,1.32,1.13
2013.11.07 13:27:19.642,1.1328,1.13303,1.32,1.13
2013.11.07 13:27:20.411,1.1328,1.13303,1.32,1.13
2013.11.07 13:27:24.669,1.13282,1.13305,1.32,1.13
2013.11.07 13:27:25.228,1.13281,1.13304,1.32,1.13
2013.11.07 13:27:33.819,1.13279,1.13304,1.32,1.13
2013.11.07 13:27:34.199,1.13282,1.13304,1.32,1.13
2013.11.07 13:27:35.578,1.13278,1.13303,2.82,1.13
2013.11.07 13:27:38.899,1.13276,1.13304,1.32,1.13
2013.11.07 13:27:46.560,1.13276,1.13304,1.32,1.13
2013.11.07 13:27:46.879,1.13276,1.13303,1.32,1.13
2013.11.07 13:27:49.408,1.13276,1.13303,1.32,1.13
2013.11.07 13:27:56.664,1.13276,1.13307,1.32,1.50
2013.11.07 13:27:58.121,1.13283,1.13307,1.32,1.13
2013.11.07 13:27:58.599,1.13283,1.13314,1.32,1.50
2013.11.07 13:27:58.659,1.13279,1.1329,2.25,1.50
2013.11.07 13:27:58.899,1.13273,1.13284,2.44,1.50
2013.11.07 13:27:59.019,1.13271,1.13285,1.50,1.50
2013.11.07 13:27:59.139,1.13272,1.13286,1.50,1.50
2013.11.07 13:27:59.260,1.13268,1.13292,1.32,2.25
2013.11.07 13:27:59.320,1.13268,1.13297,1.32,1.50
2013.11.07 13:27:59.439,1.13276,1.13298,1.32,1.50
2013.11.07 13:27:59.679,1.13274,1.13301,1.13,1.50
2013.11.07 13:28:00.049,1.13277,1.13306,1.50,1.88
2013.11.07 13:28:00.169,1.13281,1.13306,1.32,2.25
2013.11.07 13:28:00.790,1.13279,1.1331,1.32,1.88
2013.11.07 13:28:01.099,1.13281,1.1331,1.69,2.63
2013.11.07 13:28:01.659,1.13282,1.13311,1.69,2.63
2013.11.07 13:28:01.841,1.13282,1.13313,1.50,2.25
2013.11.07 13:28:02.369,1.13282,1.13311,1.50,1.50
2013.11.07 13:28:02.966,1.13282,1.1331,1.50,1.50
2013.11.07 13:28:03.618,1.13282,1.1331,1.50,1.50
2013.11.07 13:28:04.060,1.13278,1.13309,1.50,1.88
2013.11.07 13:28:05.601,1.13278,1.13307,1.50,1.32
2013.11.07 13:28:06.984,1.13278,1.13307,1.50,1.32
2013.11.07 13:28:08.359,1.13276,1.13307,1.50,3.94
2013.11.07 13:28:08.540,1.13276,1.13302,1.50,1.69
2013.11.07 13:28:08.660,1.13276,1.13305,1.50,1.32
2013.11.07 13:28:09.270,1.13276,1.13302,1.69,1.50
2013.11.07 13:28:09.450,1.13271,1.13302,2.07,2.25
2013.11.07 13:28:09.569,1.13269,1.13302,1.32,2.25
2013.11.07 13:28:10.891,1.13271,1.13302,1.13,2.44
2013.11.07 13:28:12.131,1.13271,1.13302,1.13,2.44
2013.11.07 13:28:14.899,1.13279,1.13305,1.13,1.88
2013.11.07 13:28:15.439,1.13274,1.13304,1.50,1.32
2013.11.07 13:28:15.499,1.13271,1.13304,1.13,1.32
2013.11.07 13:28:16.599,1.13272,1.13306,1.88,1.32
2013.11.07 13:28:17.019,1.13273,1.13304,1.50,2.44
2013.11.07 13:28:18.180,1.13273,1.13301,1.50,1.50
2013.11.07 13:28:19.019,1.13273,1.13302,1.69,2.25
2013.11.07 13:28:19.140,1.13273,1.133,1.50,1.50
2013.11.07 13:28:19.450,1.13273,1.133,1.50,2.25
2013.11.07 13:28:23.171,1.1327,1.13299,1.50,1.50
2013.11.07 13:28:23.529,1.13258,1.13275,1.13,1.32
2013.11.07 13:28:23.590,1.13253,1.13275,2.25,1.32
2013.11.07 13:28:23.649,1.13253,1.13274,1.50,1.13
2013.11.07 13:28:23.890,1.13246,1.13276,1.50,1.69
2013.11.07 13:28:23.948,1.13243,1.13272,1.50,1.50
2013.11.07 13:28:24.070,1.13243,1.13271,1.50,1.50
2013.11.07 13:28:24.429,1.13239,1.13272,1.69,1.50
2013.11.07 13:28:24.549,1.13246,1.13275,1.50,2.25
2013.11.07 13:28:24.609,1.13241,1.13273,1.69,1.50
2013.11.07 13:28:24.668,1.13242,1.13273,1.32,2.25
2013.11.07 13:28:25.154,1.13244,1.13279,1.69,1.50
2013.11.07 13:28:25.338,1.13247,1.13282,1.69,1.69
2013.11.07 13:28:26.299,1.13246,1.1328,1.32,2.25
2013.11.07 13:28:26.419,1.13246,1.1328,1.32,2.25
2013.11.07 13:28:27.160,1.13246,1.1328,1.32,2.63
2013.11.07 13:28:27.720,1.13245,1.1328,2.07,1.88
2013.11.07 13:28:28.079,1.13249,1.13281,1.50,1.32
2013.11.07 13:28:28.319,1.13251,1.13281,1.32,1.13
2013.11.07 13:28:28.559,1.13255,1.1329,2.44,1.88
2013.11.07 13:28:28.680,1.13255,1.1329,2.82,1.88
2013.11.07 13:28:29.019,1.13258,1.13291,1.69,1.13
2013.11.07 13:28:29.380,1.13253,1.1329,2.82,1.32
2013.11.07 13:28:29.799,1.13252,1.1329,1.69,1.32
2013.11.07 13:28:30.151,1.13252,1.1329,1.69,1.32
2013.11.07 13:28:30.510,1.13268,1.13298,1.50,1.69
2013.11.07 13:28:30.629,1.13261,1.13293,2.63,1.13
2013.11.07 13:28:31.860,1.13261,1.13291,1.13,1.69
2013.11.07 13:28:32.378,1.13277,1.13294,1.50,2.07
2013.11.07 13:28:32.451,1.13262,1.13298,1.13,2.07
2013.11.07 13:28:32.739,1.1326,1.1329,1.50,1.69
2013.11.07 13:28:32.798,1.13259,1.1329,1.88,2.44
2013.11.07 13:28:32.918,1.13259,1.1329,2.07,1.50
2013.11.07 13:28:33.099,1.13257,1.13289,1.13,1.32
2013.11.07 13:28:33.857,1.13257,1.13287,1.13,1.50
2013.11.07 13:28:34.049,1.13258,1.13289,1.13,2.82
2013.11.07 13:28:34.168,1.13258,1.13289,1.13,1.32
2013.11.07 13:28:34.229,1.13257,1.13279,1.13,1.50
2013.11.07 13:28:34.289,1.13258,1.13268,1.13,1.50
2013.11.07 13:28:34.352,1.13254,1.13269,1.69,1.13
2013.11.07 13:28:34.419,1.13248,1.13261,1.50,1.32
2013.11.07 13:28:34.539,1.13247,1.13261,1.13,1.32
2013.11.07 13:28:34.659,1.13233,1.13254,1.13,1.50
2013.11.07 13:28:34.720,1.13232,1.13253,1.13,1.50
2013.11.07 13:28:34.839,1.1323,1.13253,2.25,1.50
2013.11.07 13:28:35.081,1.13239,1.13262,1.32,1.13
2013.11.07 13:28:35.269,1.13239,1.13268,1.32,2.25
2013.11.07 13:28:35.629,1.13246,1.13271,1.32,2.25
2013.11.07 13:28:35.691,1.13246,1.13271,1.69,2.25
2013.11.07 13:28:35.989,1.13251,1.13286,1.32,1.50
2013.11.07 13:28:36.230,1.13252,1.13286,1.13,1.50
2013.11.07 13:28:36.291,1.13252,1.13287,1.13,1.50
2013.11.07 13:28:36.730,1.13253,1.13285,1.13,2.25
2013.11.07 13:28:37.319,1.13253,1.13289,1.32,2.25
2013.11.07 13:28:37.439,1.13259,1.13289,1.69,1.50
2013.11.07 13:28:37.499,1.13261,1.13294,1.69,1.50
2013.11.07 13:28:37.859,1.13261,1.13295,1.69,1.50
2013.11.07 13:28:38.394,1.13261,1.13296,1.69,2.25
2013.11.07 13:28:39.229,1.13259,1.13293,1.88,1.50
2013.11.07 13:28:39.970,1.13259,1.13295,1.69,1.50
2013.11.07 13:28:40.289,1.13278,1.13296,1.50,2.44
2013.11.07 13:28:40.829,1.13278,1.13293,1.50,1.50
2013.11.07 13:28:41.369,1.13278,1.13296,1.50,1.50
2013.11.07 13:28:41.964,1.13278,1.13297,1.50,1.50
2013.11.07 13:28:42.679,1.13278,1.13301,1.50,2.44
2013.11.07 13:28:45.829,1.13278,1.13302,1.50,2.25
2013.11.07 13:28:46.336,1.13278,1.13302,1.50,1.50
2013.11.07 13:28:49.861,1.13278,1.133,1.50,1.17
2013.11.07 13:28:50.219,1.13266,1.1328,1.50,1.50
2013.11.07 13:28:50.339,1.13265,1.13272,1.50,1.50
2013.11.07 13:28:50.399,1.13259,1.13272,1.50,1.50
2013.11.07 13:28:50.699,1.13257,1.13282,3.00,1.50
2013.11.07 13:28:50.760,1.13257,1.13285,4.50,1.50
2013.11.07 13:28:50.819,1.13261,1.13293,1.13,1.13
2013.11.07 13:28:50.882,1.13261,1.13294,1.13,1.13
2013.11.07 13:28:50.949,1.13261,1.13294,1.13,1.13
2013.11.07 13:28:51.369,1.13259,1.13283,1.13,1.13
2013.11.07 13:28:51.430,1.1326,1.13283,1.13,1.13
2013.11.07 13:28:51.490,1.1326,1.13283,1.13,1.13
2013.11.07 13:28:51.669,1.1326,1.13281,1.13,1.13
2013.11.07 13:28:51.910,1.1326,1.13284,1.13,2.82
2013.11.07 13:28:52.414,1.1326,1.13281,1.13,1.32
2013.11.07 13:28:52.538,1.1326,1.13281,1.13,1.32
2013.11.07 13:28:52.969,1.13261,1.13281,1.13,1.13
2013.11.07 13:28:53.453,1.1326,1.13284,1.13,3.19
2013.11.07 13:28:53.653,1.13257,1.13279,2.63,1.50
2013.11.07 13:28:53.721,1.13257,1.13274,1.50,1.50
2013.11.07 13:28:53.782,1.13257,1.13273,1.13,1.50
2013.11.07 13:28:54.029,1.13258,1.13282,1.50,1.50
2013.11.07 13:28:54.089,1.13258,1.13284,1.50,2.25
2013.11.07 13:28:54.150,1.13257,1.13285,1.50,1.50
2013.11.07 13:28:54.450,1.13257,1.13286,2.25,1.50
2013.11.07 13:28:54.569,1.1326,1.13292,1.13,4.88
2013.11.07 13:28:54.629,1.1326,1.13292,1.13,4.13
2013.11.07 13:28:54.751,1.13264,1.13294,1.13,1.50
2013.11.07 13:28:55.061,1.13267,1.13298,1.13,1.50
2013.11.07 13:28:55.490,1.13269,1.13299,1.13,1.50
2013.11.07 13:28:55.608,1.13269,1.13299,1.13,1.50
2013.11.07 13:28:55.909,1.1327,1.13299,1.13,2.44
2013.11.07 13:28:56.959,1.1327,1.13298,1.13,2.25
2013.11.07 13:28:57.283,1.1327,1.13296,1.13,2.25
2013.11.07 13:28:57.469,1.1327,1.13297,1.13,1.50
2013.11.07 13:28:58.011,1.13269,1.133,1.13,1.13
2013.11.07 13:28:58.308,1.13269,1.13299,1.13,1.50
2013.11.07 13:28:58.429,1.13269,1.133,1.13,1.13
2013.11.07 13:28:58.670,1.13269,1.13299,1.13,1.50
2013.11.07 13:28:58.789,1.13269,1.133,1.13,1.13
2013.11.07 13:28:59.388,1.13275,1.133,1.13,1.13
2013.11.07 13:28:59.826,1.13275,1.13301,1.13,1.13
2013.11.07 13:29:00.381,1.13279,1.13299,1.13,1.50
2013.11.07 13:29:01.010,1.13278,1.13302,1.13,1.88
2013.11.07 13:29:01.430,1.13279,1.133,1.13,1.13
2013.11.07 13:29:01.802,1.13278,1.13293,1.13,1.50
2013.11.07 13:29:03.201,1.13278,1.13296,1.13,2.25
2013.11.07 13:29:03.282,1.13274,1.1329,1.13,1.50
2013.11.07 13:29:03.483,1.13276,1.1329,1.13,2.25
2013.11.07 13:29:04.031,1.13276,1.13292,1.13,1.50
2013.11.07 13:29:04.579,1.13275,1.13294,1.13,1.50
2013.11.07 13:29:10.998,1.13275,1.13295,1.13,1.50
2013.11.07 13:29:11.298,1.13275,1.13295,1.13,1.50
2013.11.07 13:29:11.689,1.13275,1.13295,1.13,1.50
2013.11.07 13:29:11.750,1.13276,1.13296,1.13,1.13
2013.11.07 13:29:12.229,1.13276,1.13296,1.13,2.63
2013.11.07 13:29:12.532,1.13276,1.13288,1.13,1.50
2013.11.07 13:29:12.599,1.13275,1.13288,1.13,1.50
2013.11.07 13:29:12.718,1.13269,1.13284,1.13,1.50
2013.11.07 13:29:14.364,1.13269,1.13286,1.13,1.50
2013.11.07 13:29:14.428,1.1327,1.13286,1.13,2.25
2013.11.07 13:29:15.339,1.1327,1.13284,1.13,1.50
2013.11.07 13:29:16.778,1.13269,1.13281,1.13,1.50
2013.11.07 13:29:17.078,1.1327,1.13289,1.13,1.50
2013.11.07 13:29:17.258,1.1327,1.13288,1.13,1.50
2013.11.07 13:29:18.179,1.1327,1.13288,1.13,2.25
2013.11.07 13:29:18.361,1.13267,1.13288,1.13,2.25
2013.11.07 13:29:20.139,1.13273,1.13288,1.50,2.25
2013.11.07 13:29:20.618,1.13277,1.13292,1.50,1.50
2013.11.07 13:29:20.798,1.13277,1.13295,1.50,1.50
2013.11.07 13:29:23.009,1.13277,1.13296,1.50,1.50
2013.11.07 13:29:23.309,1.13278,1.13299,1.50,2.25
2013.11.07 13:29:30.072,1.13277,1.13299,1.13,2.25
2013.11.07 13:29:30.199,1.13277,1.13287,1.50,1.50
2013.11.07 13:29:30.500,1.13277,1.13282,1.50,1.50
2013.11.07 13:29:30.879,1.13276,1.13287,1.50,1.50
2013.11.07 13:29:32.150,1.13277,1.13291,1.50,1.50
2013.11.07 13:29:32.269,1.13277,1.13293,1.50,1.50
2013.11.07 13:29:32.748,1.13277,1.13293,1.50,2.25
2013.11.07 13:29:33.107,1.13276,1.13287,1.50,1.50
2013.11.07 13:29:33.939,1.13277,1.13287,1.50,1.50
2013.11.07 13:29:34.259,1.13277,1.13285,1.50,1.50
2013.11.07 13:29:34.378,1.13274,1.13284,1.50,2.25
2013.11.07 13:29:34.558,1.13272,1.13279,1.50,1.50
2013.11.07 13:29:34.618,1.13273,1.13286,1.50,2.25
2013.11.07 13:29:35.233,1.13277,1.13288,1.50,1.50
2013.11.07 13:29:36.289,1.13277,1.13291,1.50,1.50
2013.11.07 13:29:36.409,1.13277,1.13308,1.50,2.25
2013.11.07 13:29:36.948,1.13277,1.13308,1.50,1.50
2013.11.07 13:29:37.808,1.13278,1.13314,1.50,3.75
2013.11.07 13:29:38.048,1.13282,1.13319,1.50,2.25
2013.11.07 13:29:38.407,1.13284,1.13319,2.25,1.50
2013.11.07 13:29:38.888,1.13282,1.13313,1.50,1.13
2013.11.07 13:29:39.525,1.13282,1.13313,1.50,1.13
2013.11.07 13:29:40.379,1.13285,1.13318,1.13,1.13
2013.11.07 13:29:40.438,1.13296,1.13323,1.50,1.13
2013.11.07 13:29:40.558,1.1331,1.13325,1.50,1.50
2013.11.07 13:29:40.859,1.13304,1.13324,1.50,1.50
2013.11.07 13:29:40.920,1.13304,1.13333,2.25,1.58
2013.11.07 13:29:40.979,1.13291,1.13315,2.25,3.00
2013.11.07 13:29:41.160,1.13279,1.13296,1.50,1.50
2013.11.07 13:29:41.219,1.1328,1.13296,1.34,1.50
2013.11.07 13:29:41.351,1.13275,1.13293,1.50,1.50
2013.11.07 13:29:41.528,1.13276,1.133,2.09,1.50
2013.11.07 13:29:41.767,1.13275,1.133,2.25,1.50
2013.11.07 13:29:41.948,1.13274,1.13296,1.95,1.50
2013.11.07 13:29:42.008,1.13277,1.13296,1.35,1.50
2013.11.07 13:29:42.068,1.13274,1.13296,1.95,1.50
2013.11.07 13:29:42.188,1.13279,1.13304,1.50,2.25
2013.11.07 13:29:42.548,1.13305,1.13331,3.75,1.50
2013.11.07 13:29:42.728,1.13308,1.13331,1.50,1.50
2013.11.07 13:29:43.027,1.13308,1.13331,1.50,1.50
2013.11.07 13:29:43.329,1.13308,1.13344,1.50,1.69
2013.11.07 13:29:43.769,1.1331,1.13345,1.50,1.50
2013.11.07 13:29:44.157,1.1331,1.13348,2.25,1.50
2013.11.07 13:29:44.667,1.1331,1.13349,2.25,2.25
2013.11.07 13:29:45.157,1.13313,1.13354,1.50,2.25
2013.11.07 13:29:45.459,1.13318,1.13365,1.50,1.50
2013.11.07 13:29:45.818,1.13327,1.13365,1.69,1.50
2013.11.07 13:29:46.009,1.13327,1.13367,1.69,1.50
2013.11.07 13:29:46.128,1.13336,1.13369,1.02,1.50
2013.11.07 13:29:46.307,1.13336,1.1337,1.02,1.50
2013.11.07 13:29:46.793,1.13328,1.1337,2.36,1.50
2013.11.07 13:29:46.857,1.13328,1.1337,1.61,2.25
2013.11.07 13:29:47.098,1.13317,1.13368,1.69,2.25
2013.11.07 13:29:47.159,1.13317,1.13368,1.69,1.50
2013.11.07 13:29:47.338,1.13299,1.13367,1.50,2.25
2013.11.07 13:29:47.397,1.13299,1.13367,1.50,2.25
2013.11.07 13:29:47.799,1.13282,1.13366,1.50,1.50
2013.11.07 13:29:47.977,1.13281,1.13366,1.50,1.50
2013.11.07 13:29:48.039,1.13281,1.13367,1.50,1.50
2013.11.07 13:29:48.517,1.1328,1.1338,1.50,1.50
2013.11.07 13:29:48.707,1.13292,1.1338,1.69,1.50
2013.11.07 13:29:49.067,1.13323,1.1338,1.69,1.50
2013.11.07 13:29:49.307,1.1332,1.13381,1.69,1.50
2013.11.07 13:29:49.808,1.1332,1.13388,1.69,1.50
2013.11.07 13:29:49.867,1.1332,1.13392,1.69,1.50
2013.11.07 13:29:49.987,1.13311,1.13391,1.69,1.50
2013.11.07 13:29:50.227,1.13297,1.13398,1.69,1.50
2013.11.07 13:29:50.348,1.13298,1.13408,1.69,1.50
2013.11.07 13:29:50.407,1.13328,1.13422,1.50,1.50
2013.11.07 13:29:50.647,1.13329,1.13422,1.50,1.50
2013.11.07 13:29:51.388,1.13324,1.13363,1.50,0.75
2013.11.07 13:29:51.508,1.13312,1.13354,1.50,0.75
2013.11.07 13:29:51.627,1.13304,1.13348,2.18,0.75
2013.11.07 13:29:51.748,1.13283,1.13422,1.13,1.50
2013.11.07 13:29:51.808,1.13283,1.13422,1.13,1.50
2013.11.07 13:29:51.928,1.13275,1.13422,1.69,1.50
2013.11.07 13:29:52.089,1.13283,1.13422,1.13,1.50
2013.11.07 13:29:52.208,1.13283,1.13422,1.13,1.50
2013.11.07 13:29:52.328,1.13278,1.13426,1.13,1.50
2013.11.07 13:29:52.688,1.13358,1.13425,1.50,1.50
2013.11.07 13:29:52.812,1.13378,1.13437,1.50,1.50
2013.11.07 13:29:53.057,1.13355,1.13436,1.50,1.50
2013.11.07 13:29:53.237,1.13342,1.13431,1.50,1.50
2013.11.07 13:29:53.417,1.1334,1.13431,1.50,1.50
2013.11.07 13:29:53.657,1.13307,1.1343,1.50,1.50
2013.11.07 13:29:53.716,1.13295,1.13427,2.25,1.50
2013.11.07 13:29:53.837,1.13274,1.13426,2.25,1.50
2013.11.07 13:29:53.898,1.13274,1.13422,1.50,1.50
2013.11.07 13:29:54.491,1.13277,1.13421,1.13,1.50
2013.11.07 13:29:55.237,1.13277,1.13421,1.13,1.50
2013.11.07 13:29:55.781,1.13276,1.13421,1.13,1.50
2013.11.07 13:29:56.099,1.13362,1.13422,0.75,1.50
2013.11.07 13:29:56.479,1.13317,1.13421,1.50,1.50
2013.11.07 13:29:56.918,1.13325,1.1343,1.50,1.50
2013.11.07 13:29:57.338,1.13325,1.13432,1.50,1.50
2013.11.07 13:29:57.932,1.13371,1.13432,0.75,1.50
2013.11.07 13:29:58.008,1.13371,1.13439,0.75,1.50
2013.11.07 13:29:58.070,1.13371,1.1344,0.75,1.50
2013.11.07 13:29:58.190,1.13322,1.13432,1.50,1.50
2013.11.07 13:29:58.564,1.13322,1.13432,1.50,1.50
2013.11.07 13:29:58.689,1.13322,1.13432,1.50,1.50
2013.11.07 13:29:59.047,1.13322,1.13427,1.50,1.50
2013.11.07 13:29:59.708,1.13349,1.13417,1.50,1.50
2013.11.07 13:30:00.447,1.13349,1.13417,1.50,1.50
2013.11.07 13:30:00.874,1.13346,1.13417,1.50,2.25
2013.11.07 13:30:01.179,1.13324,1.13416,1.50,1.50
2013.11.07 13:30:01.488,1.13376,1.13421,0.75,1.50
2013.11.07 13:30:01.628,1.13324,1.13421,1.50,1.50
2013.11.07 13:30:01.688,1.13324,1.13421,1.50,1.50
2013.11.07 13:30:01.869,1.13316,1.13436,1.50,3.75
2013.11.07 13:30:01.929,1.13319,1.13436,1.50,3.75
2013.11.07 13:30:02.199,1.13306,1.13389,2.03,1.50
2013.11.07 13:30:03.197,1.13306,1.13374,2.03,1.50
2013.11.07 13:30:03.310,1.13289,1.13369,1.50,1.50
2013.11.07 13:30:03.370,1.13292,1.13369,1.50,1.50
2013.11.07 13:30:03.488,1.13283,1.13369,1.50,1.50
2013.11.07 13:30:04.108,1.13283,1.13421,1.50,3.83
2013.11.07 13:30:04.343,1.13298,1.13407,1.50,1.58
2013.11.07 13:30:04.420,1.13287,1.13394,1.50,2.63
2013.11.07 13:30:04.479,1.13287,1.13422,1.50,1.50
2013.11.07 13:30:04.609,1.13281,1.13353,1.35,0.75
2013.11.07 13:30:04.678,1.13274,1.13353,1.50,0.75
2013.11.07 13:30:04.738,1.13275,1.13353,1.50,0.75
2013.11.07 13:30:05.202,1.13274,1.13404,2.25,1.50
2013.11.07 13:30:05.712,1.13284,1.13398,1.58,1.50
2013.11.07 13:30:06.379,1.13292,1.13356,1.50,0.75
2013.11.07 13:30:06.630,1.13292,1.13352,1.50,0.75
2013.11.07 13:30:07.009,1.13279,1.13352,1.50,0.75
2013.11.07 13:30:07.079,1.13341,1.1342,0.75,1.50
2013.11.07 13:30:07.259,1.13362,1.13419,0.75,1.50
2013.11.07 13:30:07.500,1.13329,1.13396,1.50,1.50
2013.11.07 13:30:07.681,1.13329,1.13396,1.50,1.13
2013.11.07 13:30:07.871,1.13329,1.13396,1.50,1.13
2013.11.07 13:30:07.939,1.13337,1.13396,1.50,1.13
2013.11.07 13:30:08.241,1.13336,1.13388,1.50,1.13
2013.11.07 13:30:08.369,1.13337,1.13388,1.88,1.13
2013.11.07 13:30:08.729,1.13336,1.13387,1.50,1.13
2013.11.07 13:30:08.847,1.13337,1.13387,1.50,1.13
2013.11.07 13:30:08.908,1.13337,1.13387,1.13,1.13
2013.11.07 13:30:09.209,1.1334,1.13387,1.50,1.13
2013.11.07 13:30:09.569,1.1336,1.13395,1.50,1.13
2013.11.07 13:30:09.748,1.1336,1.13396,1.50,1.13
2013.11.07 13:30:09.988,1.1336,1.13396,1.50,1.13
2013.11.07 13:30:10.297,1.13372,1.13395,2.25,1.13
2013.11.07 13:30:10.359,1.13373,1.13399,1.50,1.13
2013.11.07 13:30:10.419,1.13373,1.13399,1.50,1.13
2013.11.07 13:30:10.480,1.13383,1.13399,1.50,1.13
2013.11.07 13:30:10.838,1.13388,1.13407,1.50,1.13
2013.11.07 13:30:10.898,1.13387,1.13404,1.50,1.13
2013.11.07 13:30:11.080,1.13392,1.13409,1.50,1.13
2013.11.07 13:30:11.318,1.13388,1.13409,1.50,1.13
2013.11.07 13:30:11.651,1.13381,1.13409,1.50,1.13
2013.11.07 13:30:11.724,1.13387,1.13413,1.13,1.50
2013.11.07 13:30:12.237,1.13387,1.13414,1.13,1.50
2013.11.07 13:30:12.322,1.13371,1.13414,1.88,1.50
2013.11.07 13:30:12.450,1.13371,1.13413,1.50,1.50
2013.11.07 13:30:12.750,1.13372,1.13417,1.50,1.50
2013.11.07 13:30:12.868,1.13372,1.13399,1.50,1.13
2013.11.07 13:30:13.049,1.13388,1.13402,2.18,1.13
2013.11.07 13:30:13.408,1.13389,1.13405,2.18,1.13
2013.11.07 13:30:13.528,1.13393,1.13426,2.18,4.50
2013.11.07 13:30:13.649,1.13397,1.13427,2.18,3.75
2013.11.07 13:30:13.889,1.13397,1.13405,2.18,1.13
2013.11.07 13:30:14.008,1.13397,1.13417,2.18,1.13
2013.11.07 13:30:14.249,1.13367,1.13422,1.50,1.50
2013.11.07 13:30:14.490,1.13365,1.13398,1.13,1.50
2013.11.07 13:30:14.549,1.13362,1.13396,1.13,1.13
2013.11.07 13:30:14.790,1.1336,1.13399,2.63,1.50
2013.11.07 13:30:14.848,1.1336,1.13398,2.25,1.50
2013.11.07 13:30:14.907,1.13362,1.13398,1.50,1.50
2013.11.07 13:30:14.968,1.13362,1.13392,1.50,1.50
2013.11.07 13:30:15.028,1.13362,1.13392,1.50,1.50
2013.11.07 13:30:15.148,1.13362,1.13418,1.88,1.50
2013.11.07 13:30:15.268,1.13368,1.13418,1.13,1.50
2013.11.07 13:30:15.328,1.13368,1.13418,1.13,2.25
2013.11.07 13:30:15.688,1.13388,1.13407,1.13,1.50
2013.11.07 13:30:15.808,1.13388,1.13407,1.13,1.50
2013.11.07 13:30:15.869,1.13387,1.13407,1.13,2.25
2013.11.07 13:30:15.989,1.13372,1.13407,1.13,3.00
2013.11.07 13:30:16.108,1.13367,1.13407,1.50,1.50
2013.11.07 13:30:16.169,1.13357,1.13403,1.58,1.50
2013.11.07 13:30:16.228,1.13357,1.13403,1.58,1.50
2013.11.07 13:30:16.352,1.13357,1.13403,1.28,1.50
2013.11.07 13:30:16.659,1.13363,1.13385,1.80,1.50
2013.11.07 13:30:16.901,1.13363,1.13389,2.55,1.13
2013.11.07 13:30:16.961,1.13354,1.13389,1.13,1.13
2013.11.07 13:30:17.023,1.13362,1.1339,2.25,1.13
2013.11.07 13:30:17.090,1.1337,1.1339,1.50,1.13
2013.11.07 13:30:17.150,1.1337,1.13389,1.50,1.13
2013.11.07 13:30:17.281,1.13369,1.13401,1.50,1.13
2013.11.07 13:30:17.673,1.13349,1.13401,1.69,1.50
2013.11.07 13:30:17.812,1.13349,1.13401,3.19,1.50
2013.11.07 13:30:17.880,1.1335,1.134,1.69,1.13
2013.11.07 13:30:18.189,1.13345,1.13385,1.32,1.50
2013.11.07 13:30:18.309,1.13346,1.13385,2.44,1.50
2013.11.07 13:30:18.549,1.13343,1.13381,3.00,1.50
2013.11.07 13:30:19.151,1.13342,1.13382,1.50,1.50
2013.11.07 13:30:19.851,1.13338,1.13378,1.50,1.50
2013.11.07 13:30:20.300,1.13334,1.13378,1.50,1.50
2013.11.07 13:30:20.602,1.13338,1.13378,1.50,1.50
2013.11.07 13:30:20.911,1.13337,1.13367,1.50,1.13
2013.11.07 13:30:21.519,1.13339,1.13355,1.50,1.13
2013.11.07 13:30:22.044,1.1333,1.13355,4.50,1.50
2013.11.07 13:30:22.120,1.13331,1.13361,1.50,1.50
2013.11.07 13:30:22.180,1.13331,1.13361,2.25,1.50
2013.11.07 13:30:22.301,1.13336,1.13366,1.50,1.50
2013.11.07 13:30:22.663,1.13323,1.13373,1.50,1.50
2013.11.07 13:30:22.730,1.13324,1.13373,1.13,1.13
2013.11.07 13:30:22.919,1.13329,1.13374,1.13,1.13
2013.11.07 13:30:23.039,1.13329,1.13374,1.13,1.13
2013.11.07 13:30:23.162,1.13329,1.13373,1.13,1.13
2013.11.07 13:30:23.290,1.13329,1.13365,1.13,1.13
2013.11.07 13:30:23.409,1.13333,1.13364,1.13,1.13
2013.11.07 13:30:23.729,1.13333,1.13364,1.13,1.13
2013.11.07 13:30:23.849,1.13329,1.13364,1.13,1.13
2013.11.07 13:30:24.361,1.13327,1.13358,1.13,1.13
2013.11.07 13:30:25.461,1.13327,1.13358,1.50,1.13
2013.11.07 13:30:25.582,1.13327,1.13354,1.50,1.13
2013.11.07 13:30:25.709,1.13328,1.13354,1.13,1.13
2013.11.07 13:30:25.831,1.13328,1.13355,1.13,1.13
2013.11.07 13:30:26.317,1.13328,1.13355,1.13,1.50
2013.11.07 13:30:26.632,1.13318,1.13349,1.50,1.50
2013.11.07 13:30:26.823,1.13317,1.13345,1.50,1.13
2013.11.07 13:30:27.370,1.13314,1.13354,1.88,1.13
2013.11.07 13:30:27.491,1.13314,1.13354,1.88,1.13
2013.11.07 13:30:28.151,1.13325,1.13355,2.55,1.13
2013.11.07 13:30:28.609,1.13337,1.13354,1.05,1.88
2013.11.07 13:30:28.750,1.13315,1.13343,1.50,1.50
2013.11.07 13:30:28.869,1.13315,1.13343,1.50,1.50
2013.11.07 13:30:28.991,1.13316,1.13343,1.50,1.50
2013.11.07 13:30:29.051,1.13316,1.13343,1.50,1.50
2013.11.07 13:30:29.410,1.13321,1.13343,1.50,1.50
2013.11.07 13:30:29.840,1.13315,1.13343,1.50,1.50
2013.11.07 13:30:29.901,1.13314,1.13344,1.50,1.50
2013.11.07 13:30:29.972,1.13317,1.13343,1.50,1.50
2013.11.07 13:30:30.042,1.13314,1.13343,1.50,1.13
2013.11.07 13:30:30.113,1.13312,1.13343,1.50,1.13
2013.11.07 13:30:30.180,1.13324,1.13344,1.50,1.50
2013.11.07 13:30:30.240,1.13324,1.13343,1.50,1.50
2013.11.07 13:30:30.419,1.13324,1.13344,2.25,1.50
2013.11.07 13:30:30.540,1.13324,1.13344,1.50,1.50
2013.11.07 13:30:30.907,1.13327,1.13344,1.13,1.50
2013.11.07 13:30:31.353,1.13332,1.1336,1.13,1.50
2013.11.07 13:30:31.428,1.13324,1.1336,3.00,1.50
2013.11.07 13:30:31.499,1.13324,1.1336,3.00,1.50
2013.11.07 13:30:31.811,1.13324,1.1336,3.00,1.50
2013.11.07 13:30:32.531,1.13324,1.13343,3.00,1.50
2013.11.07 13:30:32.891,1.13318,1.1334,1.50,1.50
2013.11.07 13:30:33.021,1.13319,1.13344,1.50,1.13
2013.11.07 13:30:33.153,1.13317,1.13343,1.13,1.13
2013.11.07 13:30:33.402,1.13309,1.13343,1.69,1.13
2013.11.07 13:30:33.711,1.13332,1.13357,1.13,1.13
2013.11.07 13:30:33.831,1.13311,1.13346,1.69,1.50
2013.11.07 13:30:33.951,1.13311,1.13335,1.69,1.50
2013.11.07 13:30:34.190,1.13313,1.13333,1.50,1.50
2013.11.07 13:30:34.531,1.13313,1.13333,1.32,1.50
2013.11.07 13:30:34.712,1.1331,1.13333,1.50,1.50
2013.11.07 13:30:34.841,1.1331,1.13333,1.50,1.50
2013.11.07 13:30:34.900,1.13309,1.13333,2.25,1.50
2013.11.07 13:30:34.970,1.1331,1.13336,1.69,1.88
2013.11.07 13:30:35.150,1.13314,1.13336,1.88,1.88
2013.11.07 13:30:35.329,1.13314,1.13336,1.50,1.50
2013.11.07 13:30:35.792,1.13314,1.13336,1.50,1.50
2013.11.07 13:30:36.121,1.13317,1.13332,1.50,1.50
2013.11.07 13:30:36.310,1.13314,1.13336,1.50,1.50
2013.11.07 13:30:36.621,1.13314,1.13336,1.50,1.50
2013.11.07 13:30:37.061,1.13314,1.13336,1.69,1.50
2013.11.07 13:30:37.480,1.13313,1.13342,2.07,1.50
2013.11.07 13:30:37.662,1.13313,1.13338,1.69,1.50
2013.11.07 13:30:37.800,1.13313,1.13336,1.32,1.50
2013.11.07 13:30:37.919,1.13313,1.13335,1.13,1.50
2013.11.07 13:30:38.041,1.13304,1.13335,2.25,1.50
2013.11.07 13:30:38.172,1.13304,1.13333,1.69,1.50
2013.11.07 13:30:38.615,1.133,1.13333,5.07,1.50
2013.11.07 13:30:38.943,1.13304,1.13328,1.69,1.50
2013.11.07 13:30:39.312,1.13304,1.13328,1.69,1.50
2013.11.07 13:30:39.379,1.13308,1.13328,1.50,1.50
2013.11.07 13:30:39.741,1.13304,1.13328,3.00,1.50
2013.11.07 13:30:40.106,1.13304,1.13338,2.25,1.13
2013.11.07 13:30:40.181,1.13302,1.13328,3.00,1.50
2013.11.07 13:30:40.254,1.13303,1.13328,1.50,1.50
2013.11.07 13:30:40.382,1.13304,1.13328,2.25,1.50
2013.11.07 13:30:40.447,1.13304,1.13328,1.50,1.50
2013.11.07 13:30:40.513,1.13302,1.13328,1.50,1.50
2013.11.07 13:30:40.824,1.13298,1.13324,1.50,1.50
2013.11.07 13:30:40.892,1.13298,1.13327,1.50,1.50
2013.11.07 13:30:41.020,1.13296,1.13327,3.00,1.50
2013.11.07 13:30:41.200,1.13298,1.13327,1.50,1.50
2013.11.07 13:30:41.511,1.13316,1.13336,1.13,1.13
2013.11.07 13:30:41.690,1.13309,1.13343,2.25,1.13
2013.11.07 13:30:41.751,1.13307,1.13343,1.50,1.13
2013.11.07 13:30:42.049,1.13307,1.13334,1.50,1.50
2013.11.07 13:30:42.110,1.13307,1.13343,1.50,1.13
2013.11.07 13:30:42.710,1.13306,1.13337,1.50,1.13
2013.11.07 13:30:43.011,1.13305,1.13341,1.32,1.13
2013.11.07 13:30:43.191,1.13306,1.13342,1.50,1.32
2013.11.07 13:30:43.251,1.13305,1.13342,1.13,1.32
2013.11.07 13:30:43.789,1.13303,1.13337,1.88,1.32
2013.11.07 13:30:44.149,1.13307,1.13338,1.50,1.13
2013.11.07 13:30:44.569,1.13308,1.13337,1.50,1.13
2013.11.07 13:30:44.929,1.13307,1.13338,1.50,1.32
2013.11.07 13:30:45.289,1.13302,1.13338,1.50,1.88
2013.11.07 13:30:45.349,1.13306,1.13338,1.50,1.50
2013.11.07 13:30:45.531,1.13304,1.13334,3.00,1.13
2013.11.07 13:30:45.711,1.13303,1.13333,2.25,1.13
2013.11.07 13:30:46.224,1.13304,1.13333,1.50,1.13
2013.11.07 13:30:46.659,1.13304,1.13333,1.50,1.13
2013.11.07 13:30:47.029,1.13304,1.13333,1.50,1.50
2013.11.07 13:30:47.090,1.13304,1.13333,1.50,1.50
2013.11.07 13:30:47.269,1.13304,1.13333,1.50,1.50
2013.11.07 13:30:47.450,1.13301,1.13334,2.44,1.13
2013.11.07 13:30:47.509,1.13302,1.13334,2.44,1.13
2013.11.07 13:30:47.811,1.13313,1.13334,1.50,1.13
2013.11.07 13:30:48.009,1.13313,1.13334,1.50,1.13
2013.11.07 13:30:48.069,1.13313,1.13336,1.50,1.13
2013.11.07 13:30:48.760,1.13313,1.13339,1.50,1.13
2013.11.07 13:30:48.820,1.13313,1.13339,1.50,1.13
2013.11.07 13:30:49.060,1.13313,1.13337,1.50,1.13
2013.11.07 13:30:49.121,1.13312,1.13335,1.50,1.50
2013.11.07 13:30:49.310,1.13313,1.13334,1.50,1.13
2013.11.07 13:30:49.429,1.13314,1.13341,1.50,1.50
2013.11.07 13:30:49.850,1.13319,1.13339,1.50,1.13
2013.11.07 13:30:49.970,1.13319,1.13339,1.50,1.13
2013.11.07 13:30:50.271,1.13327,1.13351,1.50,1.50
2013.11.07 13:30:51.040,1.13327,1.13354,1.13,1.50
2013.11.07 13:30:51.160,1.13325,1.13343,1.13,2.25
2013.11.07 13:30:51.221,1.1332,1.1334,1.50,3.00
2013.11.07 13:30:51.399,1.1332,1.1334,1.50,1.50
2013.11.07 13:30:51.459,1.13325,1.13341,1.13,1.50
2013.11.07 13:30:51.761,1.13327,1.1334,1.50,1.50
2013.11.07 13:30:52.179,1.13327,1.13347,1.13,1.50
2013.11.07 13:30:53.665,1.13327,1.13344,1.88,1.50
2013.11.07 13:30:53.748,1.13303,1.13316,1.50,1.50
2013.11.07 13:30:53.822,1.13286,1.13318,1.69,1.50
2013.11.07 13:30:53.950,1.133,1.13314,1.50,1.13
2013.11.07 13:30:54.010,1.13301,1.13322,1.50,1.50
2013.11.07 13:30:54.070,1.13304,1.13322,1.50,1.50
2013.11.07 13:30:54.311,1.13301,1.1332,1.50,1.50
2013.11.07 13:30:54.429,1.13283,1.13319,2.25,1.13
2013.11.07 13:30:54.730,1.13279,1.13317,2.25,1.50
2013.11.07 13:30:55.030,1.13279,1.13316,1.50,1.13
2013.11.07 13:30:55.149,1.1328,1.13316,1.50,1.13
2013.11.07 13:30:55.269,1.1328,1.13316,1.50,1.13
2013.11.07 13:30:55.330,1.1328,1.13317,1.50,1.50
2013.11.07 13:30:55.451,1.1328,1.13316,1.50,1.13
2013.11.07 13:30:55.573,1.13284,1.13319,1.50,1.13
2013.11.07 13:30:55.880,1.1329,1.13324,1.50,1.50
2013.11.07 13:30:56.433,1.1329,1.13325,1.50,1.13
2013.11.07 13:30:56.541,1.1329,1.13323,1.50,1.13
2013.11.07 13:30:56.720,1.1329,1.13325,1.50,1.13
2013.11.07 13:30:57.021,1.13286,1.13311,1.50,1.50
2013.11.07 13:30:57.140,1.13274,1.13309,1.50,1.50
2013.11.07 13:30:57.320,1.1329,1.13309,1.50,4.50
2013.11.07 13:30:57.380,1.13291,1.13326,1.50,2.63
2013.11.07 13:30:57.799,1.13289,1.13324,1.50,1.13
2013.11.07 13:30:58.159,1.13287,1.13306,1.50,1.50
2013.11.07 13:30:58.459,1.13274,1.13303,1.50,1.69
2013.11.07 13:30:58.519,1.13274,1.13297,1.50,1.13
2013.11.07 13:30:58.639,1.13275,1.13303,1.50,1.69
2013.11.07 13:30:58.992,1.13273,1.13303,1.50,1.50
2013.11.07 13:30:59.240,1.13273,1.13304,1.50,1.50
2013.11.07 13:30:59.480,1.13272,1.13303,1.50,1.13
2013.11.07 13:30:59.721,1.13265,1.13304,1.50,1.69
2013.11.07 13:30:59.959,1.1327,1.133,1.50,2.07
2013.11.07 13:31:00.260,1.13271,1.13302,1.50,1.32
2013.11.07 13:31:00.380,1.13273,1.13301,1.50,1.32
2013.11.07 13:31:00.682,1.13279,1.13309,2.44,1.13
2013.11.07 13:31:00.989,1.13289,1.1331,1.50,1.13
2013.11.07 13:31:01.571,1.13288,1.13308,1.50,1.13
2013.11.07 13:31:01.880,1.13288,1.13308,1.50,1.13
2013.11.07 13:31:02.060,1.13288,1.13308,1.69,1.13
2013.11.07 13:31:02.190,1.13288,1.13309,1.50,1.13
2013.11.07 13:31:02.432,1.13283,1.13309,1.13,1.13
2013.11.07 13:31:02.501,1.13284,1.13309,1.13,1.13
2013.11.07 13:31:02.623,1.13282,1.13309,1.13,1.13
2013.11.07 13:31:02.689,1.13282,1.13309,1.32,1.13
2013.11.07 13:31:02.992,1.13282,1.13308,1.32,1.13
2013.11.07 13:31:03.300,1.13281,1.13316,1.69,1.13
2013.11.07 13:31:03.360,1.13284,1.13316,1.13,1.13
2013.11.07 13:31:03.541,1.13284,1.13315,1.32,1.13
2013.11.07 13:31:03.662,1.13282,1.13315,2.25,1.13
2013.11.07 13:31:03.730,1.13282,1.13315,1.50,1.13
2013.11.07 13:31:04.483,1.13289,1.13316,1.50,1.13
2013.11.07 13:31:04.610,1.13288,1.13316,1.50,1.13
2013.11.07 13:31:04.790,1.13281,1.13315,1.50,1.13
2013.11.07 13:31:05.329,1.13281,1.13315,1.50,1.13
2013.11.07 13:31:05.449,1.13281,1.13315,1.50,1.13
2013.11.07 13:31:05.637,1.13281,1.13315,1.50,1.13
2013.11.07 13:31:06.955,1.13281,1.13315,1.69,1.13
2013.11.07 13:31:07.020,1.13284,1.13315,1.50,1.13
2013.11.07 13:31:07.672,1.1328,1.13315,3.04,1.13
2013.11.07 13:31:07.799,1.13283,1.13315,1.69,1.13
2013.11.07 13:31:08.369,1.13282,1.13315,2.44,1.13
2013.11.07 13:31:08.430,1.13282,1.1332,2.44,1.13
2013.11.07 13:31:09.200,1.1328,1.13312,2.25,1.13
2013.11.07 13:31:09.931,1.1328,1.13312,1.50,1.32
2013.11.07 13:31:10.251,1.1328,1.13312,2.25,1.32
2013.11.07 13:31:10.610,1.1328,1.13312,1.69,1.13
2013.11.07 13:31:10.742,1.13279,1.13312,3.00,1.13
2013.11.07 13:31:12.480,1.13276,1.13308,2.44,2.25
2013.11.07 13:31:12.719,1.13279,1.13308,1.50,2.25
2013.11.07 13:31:13.125,1.1328,1.13304,1.88,1.13
2013.11.07 13:31:13.431,1.13277,1.13293,1.13,1.50
2013.11.07 13:31:13.989,1.13275,1.13304,1.50,1.50
2013.11.07 13:31:14.229,1.13278,1.13304,1.13,1.50
2013.11.07 13:31:14.469,1.13273,1.13304,1.50,1.88
2013.11.07 13:31:14.529,1.13273,1.13304,1.88,1.88
2013.11.07 13:31:14.861,1.13272,1.13296,2.25,1.13
2013.11.07 13:31:14.991,1.13272,1.13299,1.50,1.13
2013.11.07 13:31:15.411,1.13272,1.133,1.50,1.50
2013.11.07 13:31:15.660,1.13272,1.133,1.50,1.50
2013.11.07 13:31:15.729,1.13272,1.133,1.50,1.13
2013.11.07 13:31:15.849,1.13272,1.13298,1.50,1.13
2013.11.07 13:31:16.964,1.13272,1.13299,1.50,1.13
2013.11.07 13:31:17.393,1.13271,1.13299,1.50,1.13
2013.11.07 13:31:17.946,1.13271,1.13297,1.50,1.13
2013.11.07 13:31:18.070,1.13271,1.13297,2.25,1.13
2013.11.07 13:31:18.459,1.13271,1.13297,2.25,1.13
2013.11.07 13:31:18.721,1.13276,1.13297,1.50,1.13
2013.11.07 13:31:19.990,1.13276,1.13306,1.50,1.13
2013.11.07 13:31:20.350,1.13281,1.13296,1.50,1.13
2013.11.07 13:31:20.471,1.13281,1.13295,1.50,1.13
2013.11.07 13:31:21.322,1.13281,1.13288,1.50,1.50
2013.11.07 13:31:21.694,1.13272,1.13284,1.50,1.13
2013.11.07 13:31:21.764,1.13274,1.13285,1.50,1.13
2013.11.07 13:31:22.070,1.13273,1.13284,1.50,1.13
2013.11.07 13:31:22.371,1.13265,1.13284,1.69,1.50
2013.11.07 13:31:22.611,1.13268,1.13284,1.50,1.50
2013.11.07 13:31:22.742,1.13262,1.13283,1.50,1.13
2013.11.07 13:31:23.882,1.13267,1.13279,1.50,1.50
2013.11.07 13:31:24.013,1.13269,1.13288,1.69,2.25
2013.11.07 13:31:24.080,1.13265,1.13287,1.50,1.50
2013.11.07 13:31:24.514,1.13267,1.13289,2.55,2.63
2013.11.07 13:31:25.000,1.13273,1.13288,1.50,1.13
2013.11.07 13:31:25.120,1.13273,1.13291,1.50,1.13
2013.11.07 13:31:25.239,1.13267,1.13291,1.88,1.13
2013.11.07 13:31:25.360,1.13267,1.13288,1.13,1.13
2013.11.07 13:31:25.719,1.13274,1.13291,1.50,1.50
2013.11.07 13:31:25.960,1.13258,1.13295,3.19,2.55
2013.11.07 13:31:26.179,1.13258,1.13293,3.19,1.50
2013.11.07 13:31:26.602,1.13264,1.13295,1.50,1.80
2013.11.07 13:31:26.660,1.13266,1.13298,2.25,2.25
2013.11.07 13:31:26.782,1.13266,1.13293,1.50,2.25
2013.11.07 13:31:27.091,1.13264,1.13286,1.50,1.50
2013.11.07 13:31:27.271,1.13265,1.13297,1.50,1.50
2013.11.07 13:31:27.390,1.13264,1.13301,1.69,1.50
2013.11.07 13:31:27.509,1.13265,1.13301,2.25,2.25
2013.11.07 13:31:27.810,1.13265,1.13302,2.25,1.50
2013.11.07 13:31:28.113,1.13266,1.13301,1.50,2.25
2013.11.07 13:31:28.241,1.13264,1.133,1.69,2.25
2013.11.07 13:31:28.551,1.13263,1.13299,2.44,1.50
2013.11.07 13:31:28.812,1.13262,1.13297,1.69,1.50
2013.11.07 13:31:29.059,1.13261,1.13297,1.69,2.25
2013.11.07 13:31:29.381,1.1326,1.13272,3.94,1.13
2013.11.07 13:31:29.501,1.1326,1.13269,1.50,1.50
2013.11.07 13:31:29.572,1.13253,1.13269,1.50,1.50
2013.11.07 13:31:29.700,1.13243,1.13269,1.50,1.50
2013.11.07 13:31:29.819,1.13236,1.13269,3.00,1.50
2013.11.07 13:31:30.121,1.13233,1.13261,1.50,1.50
2013.11.07 13:31:30.481,1.13252,1.13268,1.50,3.00
2013.11.07 13:31:30.551,1.13252,1.13273,1.50,1.50
2013.11.07 13:31:30.611,1.13252,1.13279,1.50,1.50
2013.11.07 13:31:31.151,1.13253,1.13285,1.50,1.50
2013.11.07 13:31:31.329,1.13251,1.13281,1.50,2.25
2013.11.07 13:31:31.390,1.1325,1.13285,1.88,1.13
2013.11.07 13:31:31.811,1.13251,1.1328,1.50,1.50
2013.11.07 13:31:31.894,1.13253,1.1328,1.69,1.50
2013.11.07 13:31:32.020,1.13264,1.1328,1.50,1.50
2013.11.07 13:31:32.202,1.13261,1.13289,1.50,1.13
2013.11.07 13:31:32.271,1.13253,1.13289,1.50,1.13
2013.11.07 13:31:32.340,1.13253,1.13289,2.25,1.13
2013.11.07 13:31:32.401,1.13253,1.1329,2.25,2.25
2013.11.07 13:31:32.463,1.13254,1.1329,1.69,1.50
2013.11.07 13:31:32.899,1.13257,1.13294,2.44,1.50
2013.11.07 13:31:33.079,1.13258,1.13294,1.32,1.50
2013.11.07 13:31:33.380,1.13258,1.13294,1.32,2.25
2013.11.07 13:31:33.681,1.13261,1.13294,2.07,1.50
2013.11.07 13:31:33.801,1.13261,1.13293,1.69,1.50
2013.11.07 13:31:34.159,1.13249,1.13286,1.69,1.50
2013.11.07 13:31:34.280,1.13259,1.13288,2.07,1.50
2013.11.07 13:31:34.820,1.13259,1.13292,2.25,2.25
2013.11.07 13:31:35.262,1.13259,1.1329,2.07,1.50
2013.11.07 13:31:35.929,1.13259,1.13287,1.32,1.50
2013.11.07 13:31:36.120,1.13259,1.13287,1.69,1.50
2013.11.07 13:31:36.240,1.13259,1.13286,1.69,1.50
2013.11.07 13:31:36.361,1.13259,1.13287,1.69,1.50
2013.11.07 13:31:36.723,1.13259,1.13288,1.50,1.50
2013.11.07 13:31:36.911,1.13258,1.13293,2.25,2.25
2013.11.07 13:31:37.285,1.13259,1.13294,1.50,2.25
2013.11.07 13:31:37.352,1.13259,1.13294,1.50,2.25
2013.11.07 13:31:37.671,1.13259,1.13294,1.50,2.25
2013.11.07 13:31:37.800,1.13259,1.13293,1.50,1.50
2013.11.07 13:31:38.040,1.13259,1.13289,1.50,1.50
2013.11.07 13:31:38.160,1.13259,1.13291,1.50,3.00
2013.11.07 13:31:38.327,1.13259,1.13289,2.25,1.50
2013.11.07 13:31:38.934,1.13259,1.13293,1.50,2.25
2013.11.07 13:31:39.000,1.13259,1.13288,1.50,1.50
2013.11.07 13:31:39.433,1.13257,1.13287,1.32,1.50
2013.11.07 13:31:39.514,1.13264,1.13293,1.69,1.50
2013.11.07 13:31:40.043,1.13261,1.13292,1.69,1.50
2013.11.07 13:31:40.112,1.13261,1.13292,1.69,1.50
2013.11.07 13:31:40.431,1.13282,1.13297,1.32,1.50
2013.11.07 13:31:40.622,1.13282,1.13304,1.69,1.50
2013.11.07 13:31:40.930,1.13279,1.13307,1.32,1.50
2013.11.07 13:31:41.049,1.13277,1.13306,1.50,1.50
2013.11.07 13:31:41.472,1.13272,1.13303,2.25,1.50
2013.11.07 13:31:41.542,1.13266,1.13303,2.25,2.25
2013.11.07 13:31:41.611,1.13265,1.133,1.50,1.50
2013.11.07 13:31:41.672,1.13262,1.13299,1.69,1.50
2013.11.07 13:31:42.101,1.13259,1.13295,1.50,1.50
2013.11.07 13:31:42.640,1.13259,1.13296,1.50,2.44
2013.11.07 13:31:42.881,1.13253,1.13288,1.50,1.50
2013.11.07 13:31:42.958,1.13252,1.13288,1.13,1.50
2013.11.07 13:31:43.560,1.1326,1.1329,1.50,1.50
2013.11.07 13:31:44.100,1.13256,1.13288,1.50,3.00
2013.11.07 13:31:44.161,1.13251,1.13285,1.50,1.50
2013.11.07 13:31:44.289,1.13247,1.13285,2.25,2.25
2013.11.07 13:31:44.411,1.13242,1.13281,2.25,1.88
2013.11.07 13:31:44.590,1.13244,1.13279,1.50,1.50
2013.11.07 13:31:44.890,1.13242,1.13279,1.50,2.25
2013.11.07 13:31:44.951,1.13238,1.1327,1.69,1.50
2013.11.07 13:31:45.260,1.13241,1.13271,1.69,1.50
2013.11.07 13:31:45.500,1.13242,1.1328,1.50,1.50
2013.11.07 13:31:45.560,1.13242,1.13279,1.69,1.13
2013.11.07 13:31:45.861,1.13249,1.13284,1.50,1.50
2013.11.07 13:31:45.920,1.13251,1.13288,1.50,1.50
2013.11.07 13:31:45.981,1.13254,1.13292,1.50,1.88
2013.11.07 13:31:46.160,1.13254,1.13292,1.50,1.50
2013.11.07 13:31:46.220,1.13255,1.13292,1.50,1.50
2013.11.07 13:31:46.580,1.13259,1.13295,1.50,1.50
2013.11.07 13:31:47.052,1.13259,1.13296,1.50,2.25
2013.11.07 13:31:47.303,1.13256,1.13294,2.25,1.50
2013.11.07 13:31:47.375,1.13256,1.13294,2.25,1.50
2013.11.07 13:31:47.441,1.13254,1.13291,1.69,1.50
2013.11.07 13:31:47.514,1.13252,1.13291,1.69,1.50
2013.11.07 13:31:47.642,1.1325,1.13284,1.50,1.50
2013.11.07 13:31:47.711,1.13247,1.13284,1.50,1.50
2013.11.07 13:31:47.770,1.13244,1.13283,1.50,1.50
2013.11.07 13:31:48.129,1.13284,1.133,5.25,1.50
2013.11.07 13:31:48.190,1.13291,1.13299,1.50,1.50
2013.11.07 13:31:48.370,1.13282,1.13299,2.66,1.13
2013.11.07 13:31:48.551,1.13263,1.13278,1.50,1.50
2013.11.07 13:31:48.670,1.13247,1.13271,1.50,1.50
2013.11.07 13:31:48.731,1.13247,1.13272,1.50,1.50
2013.11.07 13:31:48.913,1.13246,1.13273,1.13,1.50
2013.11.07 13:31:49.039,1.13243,1.13275,2.63,1.50
2013.11.07 13:31:49.160,1.13246,1.1328,1.50,1.50
2013.11.07 13:31:49.279,1.13248,1.1328,1.50,1.50
2013.11.07 13:31:49.401,1.1325,1.13285,1.50,1.50
2013.11.07 13:31:49.472,1.13253,1.13288,1.50,1.50
2013.11.07 13:31:49.661,1.13253,1.13288,1.50,1.50
2013.11.07 13:31:50.093,1.1325,1.1328,2.25,1.50
2013.11.07 13:31:50.220,1.13253,1.13289,1.50,1.50
2013.11.07 13:31:50.281,1.13255,1.1329,1.50,2.25
2013.11.07 13:31:50.470,1.13255,1.13289,1.50,1.50
2013.11.07 13:31:50.801,1.13254,1.13289,1.50,1.50
2013.11.07 13:31:51.159,1.13268,1.13293,1.50,1.50
2013.11.07 13:31:51.461,1.13282,1.13295,1.88,1.50
2013.11.07 13:31:51.644,1.13282,1.13297,2.25,1.50
2013.11.07 13:31:51.771,1.13282,1.13297,1.88,1.50
2013.11.07 13:31:52.070,1.13272,1.13302,1.50,1.13
2013.11.07 13:31:52.371,1.13264,1.13284,1.50,1.50
2013.11.07 13:31:52.732,1.13263,1.13279,1.50,1.50
2013.11.07 13:31:52.859,1.13258,1.13279,1.50,1.50
2013.11.07 13:31:52.980,1.13253,1.13279,1.50,1.50
2013.11.07 13:31:53.160,1.13253,1.13278,1.50,1.13
2013.11.07 13:31:53.400,1.13249,1.13278,2.25,1.13
2013.11.07 13:31:53.930,1.13249,1.13275,1.50,1.50
2013.11.07 13:31:54.112,1.13249,1.13274,2.25,1.50
2013.11.07 13:31:54.608,1.13251,1.13281,2.25,1.13
2013.11.07 13:31:54.683,1.13254,1.13289,1.50,1.50
2013.11.07 13:31:54.991,1.13267,1.13286,1.50,1.13
2013.11.07 13:31:55.061,1.13267,1.13291,3.38,1.13
2013.11.07 13:31:55.122,1.13267,1.13292,3.38,1.13
2013.11.07 13:31:55.429,1.13268,1.13298,1.13,1.13
2013.11.07 13:31:55.610,1.13269,1.13298,1.50,1.13
2013.11.07 13:31:55.671,1.13269,1.13298,1.50,1.13
2013.11.07 13:31:55.852,1.13267,1.13297,1.50,1.13
2013.11.07 13:31:55.919,1.1327,1.13298,1.50,1.13
2013.11.07 13:31:56.101,1.1327,1.13297,2.25,1.13
2013.11.07 13:31:57.390,1.1327,1.13298,3.75,1.13
2013.11.07 13:31:57.449,1.1327,1.13297,3.75,1.13
2013.11.07 13:31:57.570,1.13272,1.13298,1.50,1.13
2013.11.07 13:31:57.635,1.13272,1.13302,1.50,1.13
2013.11.07 13:31:57.701,1.13271,1.13283,1.50,1.50
2013.11.07 13:31:58.240,1.13267,1.13279,2.25,1.13
2013.11.07 13:31:58.302,1.13267,1.13278,1.50,1.13
2013.11.07 13:31:58.369,1.13261,1.13279,1.50,1.50
2013.11.07 13:31:58.431,1.13259,1.13279,1.50,1.50
2013.11.07 13:31:58.490,1.13256,1.13278,1.50,1.13
2013.11.07 13:31:58.612,1.13254,1.13281,1.50,1.50
2013.11.07 13:31:58.921,1.1326,1.13281,1.50,1.50
2013.11.07 13:31:59.041,1.13251,1.13281,2.25,2.25
2013.11.07 13:31:59.099,1.13256,1.13281,1.50,2.25
2013.11.07 13:31:59.279,1.13249,1.13275,1.50,1.13
2013.11.07 13:31:59.340,1.13245,1.13275,1.50,1.13
2013.11.07 13:31:59.399,1.13244,1.13275,2.44,1.13
2013.11.07 13:31:59.459,1.13249,1.13275,1.50,1.13
2013.11.07 13:32:00.000,1.13257,1.13282,1.50,1.50
2013.11.07 13:32:00.301,1.13256,1.13288,1.50,1.88
2013.11.07 13:32:00.491,1.13256,1.13288,2.25,1.88
2013.11.07 13:32:01.132,1.13259,1.13289,1.50,1.50
2013.11.07 13:32:01.260,1.13259,1.13289,1.50,1.50
2013.11.07 13:32:01.381,1.13253,1.13287,2.25,1.13
2013.11.07 13:32:01.692,1.13252,1.13284,1.50,1.13
2013.11.07 13:32:02.235,1.13258,1.13287,1.50,1.13
2013.11.07 13:32:02.316,1.13258,1.13288,1.50,1.13
2013.11.07 13:32:02.399,1.13258,1.13281,1.50,1.32
2013.11.07 13:32:02.851,1.13256,1.13272,1.50,2.07
2013.11.07 13:32:02.982,1.13241,1.13263,1.50,1.50
2013.11.07 13:32:03.054,1.13238,1.13267,1.50,1.13
2013.11.07 13:32:03.121,1.13236,1.13264,1.50,1.13
2013.11.07 13:32:03.481,1.13242,1.13263,1.50,1.13
2013.11.07 13:32:03.802,1.13242,1.13267,1.50,1.13
2013.11.07 13:32:04.003,1.13246,1.13262,1.50,1.13
2013.11.07 13:32:04.070,1.13246,1.13262,1.50,1.13
2013.11.07 13:32:04.372,1.13234,1.13263,3.38,1.13
2013.11.07 13:32:04.620,1.13232,1.13268,1.13,1.88
2013.11.07 13:32:05.042,1.13232,1.13268,1.13,1.88
2013.11.07 13:32:05.109,1.13232,1.13268,1.13,1.88
2013.11.07 13:32:05.273,1.13232,1.13268,1.88,1.88
2013.11.07 13:32:05.491,1.13231,1.13268,3.94,1.88
2013.11.07 13:32:05.610,1.13231,1.13268,3.94,2.63
2013.11.07 13:32:05.910,1.13234,1.13271,2.25,1.88
2013.11.07 13:32:06.463,1.13237,1.13271,1.50,1.13
2013.11.07 13:32:06.533,1.13238,1.13273,1.50,1.69
2013.11.07 13:32:07.359,1.13238,1.13274,1.50,1.69
2013.11.07 13:32:07.421,1.13238,1.13274,1.50,1.69
2013.11.07 13:32:07.780,1.13238,1.13268,1.50,1.13
2013.11.07 13:32:08.275,1.13237,1.13267,2.25,1.13
2013.11.07 13:32:08.500,1.13237,1.13267,1.50,1.13
2013.11.07 13:32:08.620,1.13237,1.13267,1.50,1.13
2013.11.07 13:32:08.921,1.13234,1.13267,2.25,1.13
2013.11.07 13:32:08.980,1.13234,1.13267,2.25,1.13
2013.11.07 13:32:10.032,1.13232,1.13263,2.44,1.13
2013.11.07 13:32:10.162,1.13235,1.13264,1.50,1.50
2013.11.07 13:32:10.349,1.13234,1.13268,1.50,1.50
2013.11.07 13:32:10.470,1.13233,1.13262,1.50,1.50
2013.11.07 13:32:10.653,1.13247,1.13267,1.13,1.32
2013.11.07 13:32:11.083,1.13251,1.13273,1.50,1.50
2013.11.07 13:32:11.152,1.13248,1.13273,1.50,1.50
2013.11.07 13:32:11.222,1.13244,1.13265,2.25,1.50
2013.11.07 13:32:11.290,1.13237,1.13262,1.50,1.13
2013.11.07 13:32:11.351,1.13235,1.13262,1.50,1.13
2013.11.07 13:32:11.471,1.13239,1.13262,1.50,1.13
2013.11.07 13:32:11.592,1.13231,1.13262,1.50,1.13
2013.11.07 13:32:11.720,1.13233,1.13262,1.50,1.88
2013.11.07 13:32:12.231,1.13232,1.13262,2.25,1.88
2013.11.07 13:32:12.469,1.13234,1.13263,1.50,1.50
2013.11.07 13:32:14.111,1.13237,1.13267,1.50,1.13
2013.11.07 13:32:14.831,1.13236,1.13263,1.50,1.69
2013.11.07 13:32:14.960,1.13236,1.13263,1.50,1.69
2013.11.07 13:32:15.079,1.13236,1.13262,1.50,1.50
2013.11.07 13:32:15.439,1.13226,1.1325,1.50,1.50
2013.11.07 13:32:15.740,1.13223,1.13247,1.13,1.88
2013.11.07 13:32:16.043,1.13221,1.13247,1.50,1.13
2013.11.07 13:32:16.170,1.13218,1.13244,1.50,4.50
2013.11.07 13:32:16.294,1.13218,1.13251,1.50,1.88
2013.11.07 13:32:16.422,1.13218,1.13251,1.50,1.88
2013.11.07 13:32:16.490,1.13218,1.13251,1.50,2.63
2013.11.07 13:32:16.551,1.13218,1.13251,1.50,2.63
2013.11.07 13:32:16.910,1.13218,1.13252,1.69,1.13
2013.11.07 13:32:17.107,1.13218,1.13251,1.69,1.13
2013.11.07 13:32:17.230,1.13218,1.13247,1.50,1.13
2013.11.07 13:32:17.684,1.13219,1.13253,1.69,1.13
2013.11.07 13:32:19.023,1.13219,1.13254,2.25,1.69
2013.11.07 13:32:19.389,1.13222,1.13254,1.50,1.32
2013.11.07 13:32:19.450,1.13222,1.13239,1.50,1.50
2013.11.07 13:32:19.511,1.13219,1.13239,1.50,1.50
2013.11.07 13:32:19.571,1.13222,1.1324,1.50,1.50
2013.11.07 13:32:19.691,1.13216,1.13239,1.69,2.63
2013.11.07 13:32:19.872,1.13198,1.13238,1.50,1.50
2013.11.07 13:32:19.994,1.13204,1.13237,1.50,1.13
2013.11.07 13:32:20.243,1.13205,1.13237,1.50,1.13
2013.11.07 13:32:20.311,1.13206,1.13241,1.50,1.13
2013.11.07 13:32:20.431,1.13205,1.13231,1.50,1.13
2013.11.07 13:32:20.551,1.13205,1.13231,1.50,1.13
2013.11.07 13:32:20.790,1.13205,1.13236,2.25,1.13
2013.11.07 13:32:20.910,1.13206,1.1324,1.50,1.13
2013.11.07 13:32:21.211,1.13204,1.13234,2.25,1.13
2013.11.07 13:32:21.570,1.13205,1.13239,1.50,1.13
2013.11.07 13:32:21.629,1.13205,1.13239,1.50,1.13
2013.11.07 13:32:21.810,1.13203,1.13235,3.19,1.13
2013.11.07 13:32:21.930,1.13204,1.13237,1.69,1.13
2013.11.07 13:32:22.289,1.13203,1.13238,1.69,1.13
2013.11.07 13:32:22.921,1.13203,1.13238,1.69,1.13
2013.11.07 13:32:23.482,1.13207,1.13242,2.44,1.13
2013.11.07 13:32:24.339,1.13207,1.13242,2.44,1.13
2013.11.07 13:32:24.640,1.13207,1.13235,2.44,1.13
2013.11.07 13:32:24.999,1.13212,1.13241,1.69,1.13
2013.11.07 13:32:25.301,1.13208,1.13241,2.25,1.13
2013.11.07 13:32:25.736,1.13208,1.13241,1.69,1.13
2013.11.07 13:32:25.871,1.13209,1.13241,1.50,1.13
2013.11.07 13:32:26.283,1.13206,1.13237,1.69,1.13
2013.11.07 13:32:26.840,1.13205,1.13237,1.69,1.13
2013.11.07 13:32:28.401,1.13207,1.13241,1.69,1.13
2013.11.07 13:32:28.590,1.1321,1.13239,1.50,1.50
2013.11.07 13:32:28.829,1.13207,1.13237,1.50,1.32
2013.11.07 13:32:30.362,1.13206,1.13229,2.25,1.50
2013.11.07 13:32:30.430,1.13203,1.13229,3.00,1.50
2013.11.07 13:32:30.550,1.13203,1.13229,1.50,1.50
2013.11.07 13:32:30.609,1.13203,1.13233,1.50,1.32
2013.11.07 13:32:30.731,1.13203,1.13233,2.25,1.13
2013.11.07 13:32:31.192,1.13206,1.13233,1.50,1.13
2013.11.07 13:32:31.403,1.13206,1.13233,1.50,1.32
2013.11.07 13:32:31.589,1.13202,1.13233,2.25,1.32
2013.11.07 13:32:32.140,1.13202,1.13233,3.19,1.13
2013.11.07 13:32:32.200,1.13203,1.13233,1.69,1.50
2013.11.07 13:32:32.708,1.13206,1.13233,2.25,1.50
2013.11.07 13:32:34.764,1.13208,1.13237,1.50,1.13
2013.11.07 13:32:34.829,1.13212,1.13239,1.50,1.50
2013.11.07 13:32:35.130,1.13209,1.13239,1.50,1.13
2013.11.07 13:32:35.310,1.13208,1.13239,2.25,1.13
2013.11.07 13:32:35.882,1.13208,1.13234,1.50,1.50
2013.11.07 13:32:36.364,1.13213,1.13238,1.50,1.50
2013.11.07 13:32:36.791,1.13207,1.13233,2.25,1.50
2013.11.07 13:32:37.101,1.13207,1.13233,1.50,1.50
2013.11.07 13:32:38.630,1.13208,1.13241,2.25,1.13
2013.11.07 13:32:38.870,1.13208,1.13241,2.25,1.13
2013.11.07 13:32:40.372,1.13211,1.13241,1.50,1.13
2013.11.07 13:32:40.911,1.13213,1.13241,1.50,1.13
2013.11.07 13:32:41.644,1.13213,1.13241,1.50,1.13
2013.11.07 13:32:41.713,1.13213,1.13241,1.50,1.13
2013.11.07 13:32:41.902,1.1321,1.13241,2.25,1.13
2013.11.07 13:32:42.090,1.13207,1.1324,2.25,1.13
2013.11.07 13:32:42.595,1.13207,1.1324,2.25,1.13
2013.11.07 13:32:42.677,1.13209,1.1324,1.50,1.13
2013.11.07 13:32:42.993,1.13209,1.1324,1.50,1.13
2013.11.07 13:32:43.123,1.13208,1.1324,1.50,1.13
2013.11.07 13:32:43.189,1.13207,1.13237,1.50,2.07
2013.11.07 13:32:43.549,1.13201,1.13227,1.50,1.13
2013.11.07 13:32:43.729,1.13201,1.13227,1.69,1.13
2013.11.07 13:32:44.169,1.13205,1.13224,1.69,1.50
2013.11.07 13:32:44.290,1.13205,1.13226,1.69,1.50
2013.11.07 13:32:44.471,1.13205,1.13226,1.50,1.88
2013.11.07 13:32:44.831,1.13205,1.13231,1.50,1.69
2013.11.07 13:32:45.132,1.13205,1.13236,2.25,2.07
2013.11.07 13:32:45.681,1.13207,1.1324,1.32,2.25
2013.11.07 13:32:46.932,1.13213,1.13241,1.32,1.88
2013.11.07 13:32:47.241,1.13227,1.1325,1.50,1.50
2013.11.07 13:32:47.603,1.13233,1.13257,1.50,1.50
2013.11.07 13:32:47.929,1.13231,1.13257,3.00,1.50
2013.11.07 13:32:48.362,1.13233,1.13257,1.50,1.50
2013.11.07 13:32:48.662,1.13232,1.13256,1.50,1.50
2013.11.07 13:32:48.910,1.13234,1.13268,2.44,1.13
2013.11.07 13:32:49.543,1.13238,1.13268,2.25,1.13
2013.11.07 13:32:49.830,1.13238,1.13268,2.25,1.13
2013.11.07 13:32:50.440,1.13238,1.13268,2.25,1.13
2013.11.07 13:32:50.710,1.13238,1.13268,2.25,1.13
2013.11.07 13:32:51.205,1.13236,1.13268,1.50,1.13
2013.11.07 13:32:51.480,1.13236,1.13267,1.50,1.13
2013.11.07 13:32:51.670,1.13233,1.13267,2.63,1.13
2013.11.07 13:32:52.841,1.13228,1.13261,1.88,1.50
2013.11.07 13:32:52.900,1.13228,1.13261,1.88,1.50
2013.11.07 13:32:53.140,1.13234,1.1326,1.50,1.13
2013.11.07 13:32:53.532,1.13234,1.13265,1.50,2.25
2013.11.07 13:32:54.362,1.13234,1.13265,1.50,1.50
2013.11.07 13:32:54.682,1.13231,1.13251,2.25,1.13
2013.11.07 13:32:55.171,1.13231,1.13243,1.50,1.50
2013.11.07 13:32:55.290,1.13231,1.13251,1.50,1.13
2013.11.07 13:32:56.199,1.13237,1.13251,1.50,1.69
2013.11.07 13:32:56.259,1.13232,1.1325,1.50,1.69
2013.11.07 13:32:56.802,1.13232,1.13247,1.50,1.88
2013.11.07 13:32:57.041,1.13235,1.13252,1.50,1.13
2013.11.07 13:32:57.401,1.13226,1.1325,1.50,1.13
2013.11.07 13:32:57.472,1.13215,1.13249,2.25,1.13
2013.11.07 13:32:57.782,1.13213,1.13233,1.50,1.88
2013.11.07 13:32:58.330,1.13216,1.13239,1.50,1.88
2013.11.07 13:32:58.511,1.13216,1.13238,1.50,1.13
2013.11.07 13:32:58.629,1.13217,1.13239,1.50,1.88
2013.11.07 13:32:59.109,1.13212,1.1324,1.50,2.07
2013.11.07 13:32:59.610,1.13212,1.13241,1.50,1.13
2013.11.07 13:33:00.249,1.13212,1.13238,1.50,2.25
2013.11.07 13:33:00.309,1.13212,1.13237,1.50,1.50
2013.11.07 13:33:00.430,1.13212,1.13237,1.50,1.50
2013.11.07 13:33:00.490,1.13212,1.13236,1.50,1.50
2013.11.07 13:33:00.789,1.13212,1.13236,1.50,1.88
2013.11.07 13:33:01.690,1.13211,1.13237,1.50,1.13
2013.11.07 13:33:01.750,1.13211,1.13236,1.50,1.13
2013.11.07 13:33:01.809,1.13211,1.13236,1.50,1.13
2013.11.07 13:33:02.501,1.13206,1.13229,1.50,1.50
2013.11.07 13:33:02.881,1.13206,1.13229,1.50,1.50
2013.11.07 13:33:03.480,1.13206,1.13229,1.50,1.50
2013.11.07 13:33:03.873,1.13206,1.13229,1.50,1.50
2013.11.07 13:33:04.361,1.13211,1.13227,1.50,1.50
2013.11.07 13:33:04.667,1.13202,1.13227,1.50,1.50
2013.11.07 13:33:04.979,1.13201,1.13227,1.50,1.50
2013.11.07 13:33:05.690,1.13203,1.13233,1.50,1.13
2013.11.07 13:33:05.752,1.13203,1.13232,1.50,1.50
2013.11.07 13:33:05.879,1.13203,1.13233,1.69,1.13
2013.11.07 13:33:06.360,1.13203,1.13233,1.50,1.13
2013.11.07 13:33:07.969,1.13202,1.13234,1.32,2.63
2013.11.07 13:33:09.121,1.13201,1.13233,1.88,1.13
2013.11.07 13:33:09.241,1.13204,1.13233,1.50,1.13
2013.11.07 13:33:09.421,1.13204,1.13234,1.50,1.13
2013.11.07 13:33:09.780,1.13201,1.13233,1.69,1.88
2013.11.07 13:33:09.840,1.13201,1.13232,1.69,1.50
2013.11.07 13:33:11.099,1.13208,1.13233,1.32,1.50
2013.11.07 13:33:11.470,1.13206,1.13234,1.13,1.13
2013.11.07 13:33:12.202,1.13206,1.13233,1.13,1.13
2013.11.07 13:33:12.393,1.13208,1.13234,1.13,1.88
2013.11.07 13:33:14.421,1.13209,1.13233,1.13,1.13
2013.11.07 13:33:14.611,1.13204,1.13232,1.69,2.25
2013.11.07 13:33:14.730,1.13204,1.13234,1.69,1.88
2013.11.07 13:33:15.151,1.13204,1.13234,1.69,1.13
2013.11.07 13:33:16.901,1.13201,1.13233,1.50,2.63
2013.11.07 13:33:17.422,1.132,1.13233,1.50,3.19
2013.11.07 13:33:18.922,1.13201,1.13233,1.50,3.19
2013.11.07 13:33:19.515,1.132,1.13233,1.50,3.19
2013.11.07 13:33:20.400,1.132,1.13233,1.50,2.63
2013.11.07 13:33:20.582,1.13198,1.13228,1.50,2.07
2013.11.07 13:33:20.710,1.13197,1.13228,3.94,1.50
2013.11.07 13:33:20.951,1.13201,1.13228,1.50,1.50
2013.11.07 13:33:21.493,1.13201,1.13225,2.25,1.50
2013.11.07 13:33:21.621,1.13197,1.13218,1.50,1.13
2013.11.07 13:33:22.172,1.13197,1.13224,2.25,1.13
2013.11.07 13:33:22.352,1.13197,1.13223,2.25,1.50
2013.11.07 13:33:22.661,1.13197,1.13221,1.50,2.25
2013.11.07 13:33:23.001,1.13197,1.13219,3.00,1.50
2013.11.07 13:33:23.312,1.13197,1.13218,3.00,2.25
2013.11.07 13:33:23.959,1.13197,1.13218,2.25,1.50
2013.11.07 13:33:24.690,1.13197,1.13221,3.00,1.50
2013.11.07 13:33:24.881,1.13197,1.13221,2.25,1.50
2013.11.07 13:33:25.646,1.13197,1.13222,3.00,1.50
2013.11.07 13:33:25.834,1.13198,1.13222,1.50,1.50
2013.11.07 13:33:26.383,1.13197,1.13222,2.25,1.50
2013.11.07 13:33:26.641,1.13198,1.13223,1.50,1.50
2013.11.07 13:33:27.161,1.13198,1.13225,1.69,2.25
2013.11.07 13:33:27.682,1.13197,1.13225,1.69,1.50
2013.11.07 13:33:27.751,1.13197,1.13224,3.19,1.50
2013.11.07 13:33:29.031,1.13197,1.13225,1.69,1.50
2013.11.07 13:33:29.361,1.13196,1.13225,1.50,1.50
2013.11.07 13:33:29.482,1.13196,1.13224,1.50,1.50
2013.11.07 13:33:29.551,1.13196,1.13224,1.50,2.25
2013.11.07 13:33:30.110,1.13196,1.13219,1.50,1.50
2013.11.07 13:33:31.417,1.13195,1.13221,3.00,1.50
2013.11.07 13:33:32.099,1.13195,1.13221,2.25,1.50
2013.11.07 13:33:32.553,1.13195,1.13223,2.25,1.50
2013.11.07 13:33:32.801,1.13197,1.13223,1.50,2.25
2013.11.07 13:33:32.990,1.13195,1.13223,2.25,3.00
2013.11.07 13:33:33.058,1.13195,1.13223,2.25,2.25
2013.11.07 13:33:33.546,1.13196,1.13223,1.50,2.44
2013.11.07 13:33:34.321,1.13196,1.13218,1.50,1.69
2013.11.07 13:33:34.681,1.13196,1.13214,1.50,1.50
2013.11.07 13:33:34.920,1.13196,1.13221,1.50,1.50
2013.11.07 13:33:36.419,1.13197,1.13222,1.50,1.50
2013.11.07 13:33:36.661,1.13197,1.13224,1.50,2.25
2013.11.07 13:33:37.671,1.13196,1.13222,1.50,1.50
2013.11.07 13:33:38.031,1.13196,1.13222,1.50,1.69
2013.11.07 13:33:38.392,1.13196,1.13222,1.50,3.94
2013.11.07 13:33:38.764,1.13193,1.13213,1.50,1.50
2013.11.07 13:33:39.325,1.13184,1.13193,1.50,1.50
2013.11.07 13:33:39.425,1.13179,1.13198,1.50,2.25
2013.11.07 13:33:39.491,1.13179,1.13197,1.50,1.50
2013.11.07 13:33:40.590,1.13179,1.13198,1.50,1.50
2013.11.07 13:33:40.891,1.13166,1.13199,1.50,1.50
2013.11.07 13:33:41.011,1.13166,1.132,1.50,1.88
2013.11.07 13:33:41.131,1.13166,1.132,1.50,2.25
2013.11.07 13:33:41.732,1.13172,1.13201,1.50,1.13
2013.11.07 13:33:42.043,1.13182,1.13203,1.50,1.50
2013.11.07 13:33:42.589,1.13174,1.13205,1.50,1.88
2013.11.07 13:33:42.892,1.13173,1.13205,1.50,1.13
2013.11.07 13:33:43.083,1.13173,1.13208,2.25,1.13
2013.11.07 13:33:43.391,1.13176,1.13207,1.50,2.82
2013.11.07 13:33:43.933,1.13176,1.13207,1.50,1.32
2013.11.07 13:33:44.360,1.13172,1.13206,1.50,2.07
2013.11.07 13:33:44.719,1.13168,1.13204,1.50,1.32
2013.11.07 13:33:45.019,1.13168,1.13197,1.50,1.50
2013.11.07 13:33:45.140,1.13164,1.13195,1.13,1.69
2013.11.07 13:33:45.319,1.1316,1.13188,4.50,1.88
2013.11.07 13:33:45.565,1.13162,1.13185,1.50,1.50
2013.11.07 13:33:46.109,1.13159,1.13187,4.50,2.44
2013.11.07 13:33:46.410,1.13157,1.1318,4.50,1.69
2013.11.07 13:33:46.712,1.13157,1.13181,4.50,1.50
2013.11.07 13:33:46.843,1.13155,1.13179,4.50,2.25
2013.11.07 13:33:47.271,1.13155,1.1318,4.50,1.69
2013.11.07 13:33:47.460,1.13156,1.13184,4.50,1.69
2013.11.07 13:33:47.520,1.13156,1.13184,4.50,1.32
2013.11.07 13:33:47.639,1.13156,1.13185,4.50,1.32
2013.11.07 13:33:48.371,1.13156,1.13184,4.50,2.82
2013.11.07 13:33:48.681,1.13156,1.13182,4.50,1.69
2013.11.07 13:33:49.232,1.13156,1.1318,4.50,1.50
2013.11.07 13:33:49.979,1.13157,1.13185,4.50,1.50
2013.11.07 13:33:50.039,1.13157,1.13186,4.50,2.44
2013.11.07 13:33:50.160,1.13157,1.13167,3.75,1.88
2013.11.07 13:33:50.401,1.13154,1.13167,4.50,1.13
2013.11.07 13:33:50.640,1.13154,1.13173,4.50,1.50
2013.11.07 13:33:50.701,1.13154,1.13173,4.50,1.13
2013.11.07 13:33:50.999,1.13154,1.13173,4.50,1.13
2013.11.07 13:33:51.300,1.13154,1.13162,3.75,1.50
2013.11.07 13:33:51.360,1.13155,1.13161,3.75,1.50
2013.11.07 13:33:51.420,1.13155,1.13164,4.50,1.50
2013.11.07 13:33:51.540,1.13156,1.13173,4.50,1.88
2013.11.07 13:33:51.602,1.13153,1.13168,3.75,1.50
2013.11.07 13:33:51.911,1.13149,1.13157,4.50,1.50
2013.11.07 13:33:51.970,1.13153,1.13167,3.75,1.13
2013.11.07 13:33:52.030,1.1315,1.13168,1.13,1.13
2013.11.07 13:33:52.089,1.1315,1.13173,1.13,2.25
2013.11.07 13:33:52.209,1.13154,1.13174,4.50,1.13
2013.11.07 13:33:52.510,1.1315,1.13161,4.13,2.63
2013.11.07 13:33:52.570,1.13151,1.13156,4.13,1.13
2013.11.07 13:33:52.753,1.13154,1.13171,4.88,1.50
2013.11.07 13:33:52.942,1.13152,1.13174,4.50,2.63
2013.11.07 13:33:53.011,1.13152,1.13174,4.50,1.88
2013.11.07 13:33:53.370,1.13154,1.13174,4.50,1.13
2013.11.07 13:33:53.729,1.13154,1.13173,4.50,2.25
2013.11.07 13:33:53.909,1.13152,1.13164,4.88,1.13
2013.11.07 13:33:54.211,1.13153,1.13172,4.88,1.50
2013.11.07 13:33:54.461,1.13152,1.13178,4.50,1.88
2013.11.07 13:33:56.110,1.13157,1.13174,1.13,1.13
2013.11.07 13:33:56.715,1.13156,1.13173,1.13,1.50
2013.11.07 13:33:57.020,1.13156,1.13166,1.13,1.32
2013.11.07 13:33:57.641,1.13156,1.13166,1.13,1.13
2013.11.07 13:33:58.141,1.13156,1.13168,1.13,1.50
2013.11.07 13:33:58.320,1.13156,1.13173,1.13,2.63
2013.11.07 13:33:58.622,1.13157,1.13173,1.13,2.63
2013.11.07 13:33:59.129,1.13156,1.13173,1.13,1.88
2013.11.07 13:33:59.671,1.13157,1.1318,1.13,1.69
2013.11.07 13:34:00.040,1.13156,1.13178,4.50,1.50
2013.11.07 13:34:00.341,1.13155,1.13176,4.50,1.32
2013.11.07 13:34:00.400,1.13155,1.13179,4.50,2.07
2013.11.07 13:34:00.760,1.13155,1.13179,4.50,2.07
2013.11.07 13:34:00.942,1.13156,1.13181,1.50,1.69
2013.11.07 13:34:01.001,1.13156,1.13181,1.50,1.13
2013.11.07 13:34:01.061,1.13156,1.13183,1.50,1.50
2013.11.07 13:34:01.122,1.13156,1.13183,1.50,1.50
2013.11.07 13:34:01.431,1.13156,1.13172,4.50,1.50
2013.11.07 13:34:01.741,1.13164,1.13184,1.50,1.13
2013.11.07 13:34:01.802,1.13164,1.13191,1.50,1.50
2013.11.07 13:34:01.991,1.13164,1.13193,1.50,1.50
2013.11.07 13:34:02.172,1.13163,1.13198,2.25,1.50
2013.11.07 13:34:02.360,1.13169,1.13198,1.13,1.50
2013.11.07 13:34:02.662,1.13174,1.13204,1.50,2.25
2013.11.07 13:34:02.963,1.13179,1.13206,2.25,2.25
2013.11.07 13:34:03.526,1.1318,1.13206,1.50,1.50
2013.11.07 13:34:03.649,1.1318,1.13206,1.50,2.25
2013.11.07 13:34:03.709,1.1318,1.13206,1.50,2.25
2013.11.07 13:34:04.431,1.13179,1.13204,1.50,1.50
2013.11.07 13:34:04.611,1.13173,1.13206,1.50,1.50
2013.11.07 13:34:05.153,1.13167,1.13198,1.50,1.50
2013.11.07 13:34:05.222,1.13163,1.13198,2.25,1.50
2013.11.07 13:34:05.840,1.13163,1.13198,1.50,2.25
2013.11.07 13:34:05.960,1.13162,1.13199,2.25,2.25
2013.11.07 13:34:06.502,1.13168,1.13198,2.07,1.50
2013.11.07 13:34:06.633,1.13168,1.13199,2.07,1.50
2013.11.07 13:34:06.699,1.13168,1.13199,1.50,1.69
2013.11.07 13:34:07.614,1.13164,1.13198,1.50,1.69
2013.11.07 13:34:08.163,1.1317,1.13198,1.50,1.50
2013.11.07 13:34:08.231,1.1317,1.13198,1.50,1.50
2013.11.07 13:34:08.650,1.13168,1.13196,1.50,2.25
2013.11.07 13:34:08.831,1.13168,1.13195,1.50,1.13
2013.11.07 13:34:09.132,1.13172,1.13195,1.50,1.50
2013.11.07 13:34:09.491,1.13177,1.13206,2.25,1.50
2013.11.07 13:34:09.550,1.13176,1.13205,1.50,3.23
2013.11.07 13:34:09.867,1.13192,1.13206,1.50,1.50
2013.11.07 13:34:10.001,1.13189,1.13206,1.50,1.50
2013.11.07 13:34:10.065,1.13187,1.13206,1.50,1.50
2013.11.07 13:34:10.577,1.13184,1.1321,1.50,1.69
2013.11.07 13:34:10.762,1.13182,1.1321,2.25,1.69
2013.11.07 13:34:11.191,1.1318,1.13209,1.50,1.69
2013.11.07 13:34:11.492,1.13178,1.13213,2.63,1.69
2013.11.07 13:34:11.802,1.13182,1.13208,1.50,1.69
2013.11.07 13:34:11.860,1.13176,1.13208,1.88,1.69
2013.11.07 13:34:11.923,1.13176,1.13203,1.88,1.32
2013.11.07 13:34:12.232,1.13171,1.13203,1.88,1.32
2013.11.07 13:34:12.300,1.1317,1.13203,1.50,1.32
2013.11.07 13:34:12.361,1.1317,1.13204,1.50,3.19
2013.11.07 13:34:12.421,1.13171,1.13201,1.50,1.50
2013.11.07 13:34:12.960,1.13175,1.13208,1.50,2.07
2013.11.07 13:34:13.261,1.13175,1.13208,1.50,1.32
2013.11.07 13:34:13.571,1.13181,1.13212,1.50,1.69
2013.11.07 13:34:13.875,1.13185,1.13215,1.50,2.07
2013.11.07 13:34:14.484,1.13179,1.1321,1.13,1.69
2013.11.07 13:34:14.552,1.13177,1.1321,1.13,1.69
2013.11.07 13:34:14.922,1.13178,1.13208,1.13,1.32
2013.11.07 13:34:15.350,1.13179,1.13211,1.13,1.32
2013.11.07 13:34:15.711,1.13179,1.13208,1.13,1.32
2013.11.07 13:34:16.668,1.13179,1.13208,1.13,1.32
2013.11.07 13:34:17.045,1.13176,1.13208,2.25,1.32
2013.11.07 13:34:17.230,1.13175,1.13208,1.88,1.32
2013.11.07 13:34:17.350,1.13175,1.13208,1.88,1.32
2013.11.07 13:34:17.759,1.13175,1.13203,1.88,1.32
2013.11.07 13:34:17.841,1.13174,1.13203,1.13,1.32
2013.11.07 13:34:18.090,1.13175,1.13203,1.13,1.32
2013.11.07 13:34:19.093,1.13176,1.13208,1.13,1.32
2013.11.07 13:34:19.412,1.13176,1.13204,1.88,1.32
2013.11.07 13:34:19.840,1.13176,1.13204,1.13,1.32
2013.11.07 13:34:19.901,1.13176,1.13207,1.13,2.25
2013.11.07 13:34:19.963,1.13176,1.13207,1.13,1.50
2013.11.07 13:34:20.091,1.13174,1.13206,1.13,2.07
2013.11.07 13:34:20.512,1.13176,1.13209,1.13,1.69
2013.11.07 13:34:20.571,1.13176,1.13207,1.13,1.69
2013.11.07 13:34:20.929,1.13178,1.13205,1.50,1.32
2013.11.07 13:34:21.600,1.13176,1.13212,2.25,1.50
2013.11.07 13:34:21.661,1.13188,1.13213,1.13,1.88
2013.11.07 13:34:21.912,1.13196,1.13216,2.25,2.25
2013.11.07 13:34:22.220,1.13194,1.13219,1.50,1.50
2013.11.07 13:34:22.464,1.13194,1.13214,1.13,1.50
2013.11.07 13:34:22.651,1.13188,1.13214,1.13,1.69
2013.11.07 13:34:22.832,1.13185,1.13215,1.13,2.25
2013.11.07 13:34:22.961,1.13185,1.13217,1.13,1.13
2013.11.07 13:34:23.382,1.13189,1.13219,1.13,1.50
2013.11.07 13:34:23.921,1.13193,1.13221,1.13,1.69
2013.11.07 13:34:24.043,1.1319,1.13221,1.13,1.69
2013.11.07 13:34:24.620,1.1319,1.13221,1.13,1.69
2013.11.07 13:34:25.238,1.1319,1.13222,1.13,1.50
2013.11.07 13:34:26.120,1.13192,1.13223,1.13,1.50
2013.11.07 13:34:27.033,1.13192,1.13219,1.13,1.69
2013.11.07 13:34:27.585,1.13192,1.13219,1.13,2.07
2013.11.07 13:34:27.871,1.13192,1.13219,1.13,1.69
2013.11.07 13:34:27.992,1.13196,1.1322,1.13,1.69
2013.11.07 13:34:28.321,1.13196,1.13219,1.13,1.32
2013.11.07 13:34:28.799,1.13196,1.1322,1.13,2.07
2013.11.07 13:34:29.103,1.13192,1.13217,1.88,1.32
2013.11.07 13:34:29.423,1.13193,1.13215,1.50,1.69
2013.11.07 13:34:29.732,1.13195,1.13219,1.13,1.69
2013.11.07 13:34:30.042,1.13196,1.13223,1.13,2.25
2013.11.07 13:34:30.230,1.13196,1.13216,1.13,1.50
2013.11.07 13:34:31.170,1.13195,1.13216,1.13,1.69
2013.11.07 13:34:31.710,1.13195,1.1322,1.13,1.32
2013.11.07 13:34:32.314,1.13196,1.1322,1.13,1.32
2013.11.07 13:34:33.431,1.13196,1.13222,2.25,1.69
2013.11.07 13:34:33.491,1.13196,1.13223,1.50,1.69
2013.11.07 13:34:33.693,1.13196,1.13223,1.50,1.69
2013.11.07 13:34:33.821,1.13196,1.13224,1.88,3.19
2013.11.07 13:34:34.062,1.13196,1.13224,1.88,1.50
2013.11.07 13:34:34.371,1.13196,1.13224,1.13,3.19
2013.11.07 13:34:34.674,1.13193,1.1322,1.13,1.69
2013.11.07 13:34:34.921,1.13192,1.13223,2.25,2.25
2013.11.07 13:34:34.982,1.13192,1.13223,2.63,2.25
2013.11.07 13:34:35.111,1.13196,1.13226,1.32,1.50
2013.11.07 13:34:35.361,1.13196,1.13229,2.63,1.32
2013.11.07 13:34:35.901,1.13197,1.13224,1.50,1.32
2013.11.07 13:34:36.261,1.13202,1.13226,1.88,2.07
2013.11.07 13:34:36.503,1.13201,1.13224,1.88,1.32
2013.11.07 13:34:36.751,1.13203,1.13224,2.63,1.32
2013.11.07 13:34:36.870,1.13203,1.13224,2.63,1.32
2013.11.07 13:34:37.120,1.13204,1.13224,1.50,1.32
2013.11.07 13:34:37.662,1.13206,1.13226,2.25,1.13
2013.11.07 13:34:37.971,1.13208,1.13226,1.50,1.50
2013.11.07 13:34:38.770,1.13208,1.13231,2.25,1.50
2013.11.07 13:34:38.980,1.13208,1.13233,1.50,3.19
2013.11.07 13:34:39.612,1.13209,1.13233,2.25,3.00
2013.11.07 13:34:39.922,1.13216,1.13241,1.50,1.50
2013.11.07 13:34:40.232,1.13216,1.13241,1.50,1.50
2013.11.07 13:34:40.738,1.13215,1.13242,1.13,1.50
2013.11.07 13:34:41.304,1.13216,1.13242,1.13,1.50
2013.11.07 13:34:41.630,1.13216,1.13242,2.25,1.50
2013.11.07 13:34:41.690,1.13216,1.13242,1.50,1.50
2013.11.07 13:34:41.749,1.13216,1.13242,1.50,1.50
2013.11.07 13:34:42.420,1.13215,1.13242,1.13,2.44
2013.11.07 13:34:43.080,1.13215,1.13239,1.13,1.50
2013.11.07 13:34:44.170,1.13217,1.1324,1.50,1.69
2013.11.07 13:34:44.289,1.13218,1.1324,1.50,1.69
2013.11.07 13:34:44.592,1.13218,1.13243,1.50,1.50
2013.11.07 13:34:44.900,1.13215,1.1324,1.13,1.32
2013.11.07 13:34:45.212,1.13214,1.13233,1.13,1.32
2013.11.07 13:34:45.344,1.13213,1.13239,1.50,2.25
2013.11.07 13:34:45.413,1.13213,1.13239,1.50,2.25
2013.11.07 13:34:45.903,1.13201,1.13231,1.13,1.13
2013.11.07 13:34:46.033,1.13202,1.13234,1.13,1.13
2013.11.07 13:34:46.340,1.13202,1.13231,1.13,1.13
2013.11.07 13:34:47.322,1.13201,1.13231,1.13,1.50
2013.11.07 13:34:47.630,1.132,1.13231,1.13,1.50
2013.11.07 13:34:47.932,1.13213,1.13229,1.50,1.69
2013.11.07 13:34:48.062,1.13221,1.13231,1.50,1.13
2013.11.07 13:34:48.131,1.13207,1.13228,1.50,1.13
2013.11.07 13:34:48.251,1.13208,1.13233,1.50,1.69
2013.11.07 13:34:48.311,1.13212,1.13235,1.50,1.69
2013.11.07 13:34:48.371,1.13212,1.13236,1.50,2.82
2013.11.07 13:34:48.822,1.13193,1.13231,2.63,1.69
2013.11.07 13:34:49.212,1.13194,1.13231,2.25,1.69
2013.11.07 13:34:49.282,1.13198,1.13232,1.50,2.44
2013.11.07 13:34:49.590,1.13199,1.13233,1.50,1.69
2013.11.07 13:34:49.652,1.1321,1.13233,1.50,1.50
2013.11.07 13:34:49.723,1.1321,1.13233,1.50,1.50
2013.11.07 13:34:50.181,1.13202,1.13234,1.50,1.32
2013.11.07 13:34:50.482,1.13202,1.13228,1.50,1.13
2013.11.07 13:34:50.671,1.13202,1.13228,1.50,1.13
2013.11.07 13:34:50.731,1.13201,1.13228,1.50,1.13
2013.11.07 13:34:50.791,1.13197,1.13228,1.50,1.13
2013.11.07 13:34:50.850,1.13197,1.13228,1.50,1.50
2013.11.07 13:34:50.971,1.13197,1.13224,1.50,1.13
2013.11.07 13:34:51.511,1.13195,1.13224,1.50,1.88
2013.11.07 13:34:51.753,1.13195,1.13218,1.50,1.50
2013.11.07 13:34:53.151,1.13194,1.13224,1.88,2.63
2013.11.07 13:34:54.077,1.13191,1.13223,1.50,1.50
2013.11.07 13:34:54.629,1.13191,1.13223,1.50,1.32
2013.11.07 13:34:55.373,1.13191,1.13223,1.50,1.32
2013.11.07 13:34:55.682,1.13191,1.13222,1.50,1.32
2013.11.07 13:34:55.804,1.13191,1.13222,1.50,1.32
2013.11.07 13:34:55.870,1.13191,1.13222,1.50,1.32
2013.11.07 13:34:56.240,1.13191,1.13223,1.50,1.32
2013.11.07 13:34:56.601,1.13191,1.13223,1.88,1.32
2013.11.07 13:34:56.900,1.13191,1.13224,1.88,1.69
2013.11.07 13:34:57.362,1.13193,1.13223,1.50,1.32
2013.11.07 13:34:57.701,1.13192,1.13218,3.38,1.32
2013.11.07 13:34:57.881,1.13192,1.13222,3.38,1.69
2013.11.07 13:34:57.941,1.13193,1.13222,1.13,1.69
2013.11.07 13:34:58.300,1.13192,1.13218,1.13,1.32
2013.11.07 13:34:58.420,1.13193,1.13223,1.88,1.69
2013.11.07 13:34:58.481,1.13196,1.13224,1.13,2.07
2013.11.07 13:34:58.900,1.13195,1.13223,1.13,1.69
2013.11.07 13:34:59.260,1.13195,1.13219,1.13,1.32
2013.11.07 13:34:59.920,1.13195,1.13219,1.13,1.32
2013.11.07 13:35:00.161,1.13192,1.13206,1.13,1.32
2013.11.07 13:35:00.402,1.13192,1.13208,1.13,1.32
2013.11.07 13:35:00.650,1.13192,1.13211,1.13,1.32
2013.11.07 13:35:00.831,1.13192,1.13212,1.13,1.32
2013.11.07 13:35:01.419,1.13189,1.13205,1.50,1.32
2013.11.07 13:35:01.491,1.13188,1.13205,1.13,1.32
2013.11.07 13:35:01.672,1.13185,1.13206,2.25,1.32
2013.11.07 13:35:03.072,1.13185,1.13206,1.13,1.32
2013.11.07 13:35:03.202,1.13196,1.13205,1.13,1.32
2013.11.07 13:35:03.393,1.13192,1.13209,1.13,1.32
2013.11.07 13:35:03.461,1.13192,1.13212,1.13,1.13
2013.11.07 13:35:03.581,1.13195,1.13222,1.50,1.13
2013.11.07 13:35:03.642,1.13195,1.13224,1.50,1.13
2013.11.07 13:35:03.840,1.132,1.13224,1.88,1.13
2013.11.07 13:35:04.810,1.13202,1.13229,1.13,1.69
2013.11.07 13:35:05.286,1.13202,1.13231,1.13,1.13
2013.11.07 13:35:05.470,1.13206,1.13231,1.32,1.13
2013.11.07 13:35:05.772,1.13213,1.13232,1.50,1.88
2013.11.07 13:35:06.079,1.13213,1.13232,1.50,1.13
2013.11.07 13:35:06.201,1.13213,1.13232,1.50,1.13
2013.11.07 13:35:06.730,1.13213,1.13228,1.69,1.13
2013.11.07 13:35:06.952,1.13212,1.13228,1.69,1.13
2013.11.07 13:35:07.340,1.13213,1.13228,2.44,1.13
2013.11.07 13:35:07.480,1.13216,1.13228,1.69,1.13
2013.11.07 13:35:07.691,1.13213,1.13228,1.69,1.13
2013.11.07 13:35:07.750,1.13213,1.13228,1.50,1.13
2013.11.07 13:35:07.809,1.1321,1.13228,1.50,1.13
2013.11.07 13:35:07.869,1.1321,1.13228,1.69,1.13
2013.11.07 13:35:08.230,1.13213,1.13235,1.50,1.50
2013.11.07 13:35:08.937,1.13216,1.13239,1.50,1.50
2013.11.07 13:35:09.007,1.13214,1.13234,1.50,1.50
2013.11.07 13:35:09.459,1.13213,1.13233,1.88,1.88
2013.11.07 13:35:09.570,1.13213,1.13233,1.88,1.88
2013.11.07 13:35:09.900,1.13213,1.13233,1.88,1.88
2013.11.07 13:35:10.028,1.13213,1.13233,1.88,1.13
2013.11.07 13:35:11.151,1.13213,1.13241,1.32,1.50
2013.11.07 13:35:11.210,1.13215,1.13241,1.50,1.50
2013.11.07 13:35:11.511,1.13215,1.13244,1.50,3.57
2013.11.07 13:35:11.571,1.13215,1.13244,1.50,3.57
2013.11.07 13:35:11.750,1.13216,1.13244,1.50,2.82
2013.11.07 13:35:11.931,1.13221,1.13244,1.50,1.50
2013.11.07 13:35:12.433,1.13224,1.13241,1.50,1.50
2013.11.07 13:35:12.561,1.13224,1.1325,1.50,1.13
2013.11.07 13:35:12.622,1.13226,1.13249,1.50,1.13
2013.11.07 13:35:12.750,1.13229,1.13249,1.50,1.13
2013.11.07 13:35:12.810,1.13229,1.13247,1.50,1.13
2013.11.07 13:35:12.871,1.13221,1.13247,1.50,1.13
2013.11.07 13:35:12.991,1.13223,1.13247,1.50,1.13
2013.11.07 13:35:13.302,1.13223,1.13248,1.69,2.82
2013.11.07 13:35:13.373,1.13223,1.13246,1.50,1.69
2013.11.07 13:35:13.500,1.13224,1.13252,1.13,1.32
2013.11.07 13:35:13.561,1.13224,1.13253,1.13,1.32
2013.11.07 13:35:13.861,1.13227,1.13253,1.13,1.32
2013.11.07 13:35:14.175,1.13231,1.13253,2.25,1.32
2013.11.07 13:35:14.424,1.13237,1.13256,1.13,1.50
2013.11.07 13:35:15.092,1.13232,1.13258,1.13,1.50
2013.11.07 13:35:17.340,1.13229,1.13253,1.13,1.50
2013.11.07 13:35:17.992,1.13229,1.13254,1.13,1.50
2013.11.07 13:35:18.133,1.13233,1.13263,1.32,1.50
2013.11.07 13:35:18.440,1.13237,1.1327,1.69,1.50
2013.11.07 13:35:18.619,1.13237,1.13268,2.63,1.50
2013.11.07 13:35:18.740,1.13238,1.13268,1.50,1.50
2013.11.07 13:35:18.859,1.13235,1.13268,3.00,1.50
2013.11.07 13:35:19.611,1.13236,1.13272,1.88,1.50
2013.11.07 13:35:19.731,1.13242,1.13272,1.13,1.50
2013.11.07 13:35:20.032,1.13242,1.13273,1.32,1.50
2013.11.07 13:35:20.102,1.13241,1.13273,1.32,1.50
2013.11.07 13:35:20.589,1.13236,1.13267,1.50,1.50
2013.11.07 13:35:20.650,1.13236,1.13267,1.13,1.50
2013.11.07 13:35:20.832,1.13237,1.13273,1.13,1.50
2013.11.07 13:35:20.899,1.13237,1.13273,1.13,1.50
2013.11.07 13:35:21.019,1.13238,1.13273,1.13,1.50
2013.11.07 13:35:21.321,1.13242,1.13276,1.69,1.88
2013.11.07 13:35:22.441,1.13242,1.13277,1.13,1.88
2013.11.07 13:35:22.749,1.13243,1.13277,1.32,1.13
2013.11.07 13:35:22.869,1.13243,1.13277,1.32,1.13
2013.11.07 13:35:24.430,1.13238,1.13274,1.50,1.69
2013.11.07 13:35:24.911,1.13237,1.13268,1.50,1.50
2013.11.07 13:35:25.090,1.13238,1.13276,1.50,2.07
2013.11.07 13:35:27.600,1.13233,1.13274,1.69,1.69
2013.11.07 13:35:27.841,1.13231,1.13267,1.32,1.50
2013.11.07 13:35:28.371,1.13232,1.13268,1.50,1.69
2013.11.07 13:35:29.872,1.13238,1.13272,1.50,1.32
2013.11.07 13:35:30.062,1.13237,1.13268,1.50,1.50
2013.11.07 13:35:30.191,1.13238,1.13277,1.69,1.13
2013.11.07 13:35:30.429,1.13237,1.13277,1.50,1.69
2013.11.07 13:35:30.671,1.13232,1.13268,1.50,1.69
2013.11.07 13:35:31.210,1.13237,1.13271,1.50,1.32
2013.11.07 13:35:31.751,1.13231,1.13264,1.50,1.32
2013.11.07 13:35:32.290,1.13237,1.13272,1.50,1.69
2013.11.07 13:35:33.130,1.13242,1.13273,1.50,2.82
2013.11.07 13:35:33.581,1.13242,1.13273,1.50,1.88
2013.11.07 13:35:33.664,1.13246,1.13273,1.32,1.50
2013.11.07 13:35:34.063,1.13242,1.13273,1.50,1.50
2013.11.07 13:35:34.382,1.13247,1.13276,1.88,1.50
2013.11.07 13:35:34.741,1.13251,1.13277,1.50,1.50
2013.11.07 13:35:35.099,1.13256,1.13286,1.50,1.50
2013.11.07 13:35:35.221,1.13256,1.13282,1.50,1.13
2013.11.07 13:35:35.400,1.13256,1.13282,1.50,1.13
2013.11.07 13:35:35.522,1.13258,1.13282,1.50,1.13
2013.11.07 13:35:35.701,1.13251,1.13281,1.50,1.50
2013.11.07 13:35:37.271,1.13245,1.13282,3.00,1.13
2013.11.07 13:35:37.462,1.13245,1.13276,3.00,1.50
2013.11.07 13:35:37.712,1.1325,1.13283,1.32,1.50
2013.11.07 13:35:38.591,1.13257,1.13283,1.69,1.50
2013.11.07 13:35:39.322,1.1325,1.13286,1.50,1.69
2013.11.07 13:35:39.862,1.13257,1.13285,2.25,2.25
2013.11.07 13:35:39.933,1.13256,1.13284,1.50,2.25
2013.11.07 13:35:40.004,1.13251,1.13284,1.50,2.25
2013.11.07 13:35:40.310,1.13255,1.13284,1.50,1.50
2013.11.07 13:35:40.430,1.13258,1.13284,1.69,1.50
2013.11.07 13:35:40.734,1.13259,1.13295,2.07,1.88
2013.11.07 13:35:40.801,1.13259,1.13295,2.07,1.88
2013.11.07 13:35:41.334,1.13259,1.13296,1.69,1.13
2013.11.07 13:35:41.408,1.13267,1.13295,1.32,1.13
2013.11.07 13:35:41.591,1.13269,1.13295,1.50,1.13
2013.11.07 13:35:42.492,1.13264,1.13295,1.32,1.50
2013.11.07 13:35:42.910,1.13265,1.13295,1.32,1.50
2013.11.07 13:35:43.330,1.13264,1.13294,1.32,2.25
2013.11.07 13:35:44.100,1.13264,1.13294,1.32,2.25
2013.11.07 13:35:44.640,1.13264,1.13294,1.13,2.25
2013.11.07 13:35:44.701,1.13264,1.13294,1.13,2.25
2013.11.07 13:35:45.191,1.13262,1.13294,1.13,3.19
2013.11.07 13:35:45.371,1.13262,1.13289,1.13,1.32
2013.11.07 13:35:45.850,1.13259,1.13289,1.13,1.50
2013.11.07 13:35:46.390,1.13258,1.13289,1.13,1.50
2013.11.07 13:35:47.390,1.13259,1.13287,1.13,1.13
2013.11.07 13:35:47.813,1.13258,1.13286,1.13,1.50
2013.11.07 13:35:48.431,1.13259,1.13286,1.13,1.88
2013.11.07 13:35:48.791,1.13259,1.13286,1.13,1.13
2013.11.07 13:35:49.462,1.13258,1.13289,1.13,1.50
2013.11.07 13:35:49.659,1.13267,1.13292,1.50,1.69
2013.11.07 13:35:49.721,1.13267,1.13292,1.50,1.69
2013.11.07 13:35:50.202,1.13267,1.13291,1.50,1.50
2013.11.07 13:35:50.392,1.13261,1.13294,1.50,1.50
2013.11.07 13:35:50.901,1.13264,1.13294,2.07,2.25
2013.11.07 13:35:51.141,1.13263,1.13293,1.50,1.69
2013.11.07 13:35:51.322,1.13258,1.13293,1.13,1.88
2013.11.07 13:35:51.441,1.13259,1.13292,1.13,1.13
2013.11.07 13:35:51.860,1.13258,1.13293,1.32,1.13
2013.11.07 13:35:51.980,1.13266,1.13293,1.50,1.13
2013.11.07 13:35:52.460,1.13266,1.13295,1.50,1.50
2013.11.07 13:35:52.980,1.13268,1.13296,1.50,1.50
2013.11.07 13:35:53.530,1.13268,1.13296,1.50,1.50
2013.11.07 13:35:53.891,1.13269,1.13297,1.69,1.50
2013.11.07 13:35:54.200,1.13269,1.13302,1.69,1.50
2013.11.07 13:35:54.390,1.13269,1.13302,1.50,1.50
2013.11.07 13:35:55.660,1.13265,1.13302,1.32,1.50
2013.11.07 13:35:56.082,1.13265,1.13302,1.32,1.50
2013.11.07 13:35:56.260,1.13269,1.13302,1.50,1.50
2013.11.07 13:35:56.881,1.13269,1.13302,1.50,1.50
2013.11.07 13:35:58.850,1.13269,1.13302,1.50,1.50
2013.11.07 13:36:00.040,1.13269,1.13298,1.50,1.50
2013.11.07 13:36:00.161,1.13269,1.133,2.07,2.25
2013.11.07 13:36:00.340,1.13269,1.13298,2.82,1.58
2013.11.07 13:36:00.462,1.13268,1.13298,1.50,1.32
2013.11.07 13:36:00.650,1.13264,1.13293,1.13,1.69
2013.11.07 13:36:00.897,1.13261,1.13293,1.69,2.44
2013.11.07 13:36:00.960,1.13264,1.13293,1.50,2.44
2013.11.07 13:36:01.392,1.13264,1.13293,1.50,2.25
2013.11.07 13:36:01.690,1.13264,1.13293,1.50,2.25
2013.11.07 13:36:02.171,1.13264,1.13291,1.50,1.50
2013.11.07 13:36:02.231,1.13264,1.13292,1.50,3.08
2013.11.07 13:36:02.480,1.13264,1.13291,2.25,1.50
2013.11.07 13:36:02.763,1.13264,1.13293,3.00,3.75
2013.11.07 13:36:02.950,1.13269,1.13293,1.69,1.50
2013.11.07 13:36:03.012,1.13274,1.13296,2.25,2.25
2013.11.07 13:36:03.191,1.13274,1.13296,1.50,1.50
2013.11.07 13:36:03.433,1.13273,1.13292,2.25,1.50
2013.11.07 13:36:03.560,1.13271,1.13292,1.50,1.50
2013.11.07 13:36:03.621,1.13271,1.13292,1.50,1.50
2013.11.07 13:36:03.802,1.13272,1.13292,1.13,1.50
2013.11.07 13:36:04.161,1.13267,1.13288,1.50,1.69
2013.11.07 13:36:04.401,1.13262,1.13288,1.13,2.44
2013.11.07 13:36:04.992,1.13261,1.13286,1.88,1.50
2013.11.07 13:36:05.531,1.13266,1.13287,1.50,1.50
2013.11.07 13:36:06.488,1.13261,1.13287,1.50,1.88
2013.11.07 13:36:08.021,1.13261,1.13292,1.50,1.69
2013.11.07 13:36:08.574,1.13261,1.13291,1.50,1.69
2013.11.07 13:36:09.641,1.13261,1.13292,1.50,1.69
2013.11.07 13:36:10.060,1.13261,1.1329,1.50,1.32
2013.11.07 13:36:10.421,1.13261,1.13285,1.50,1.50
2013.11.07 13:36:10.480,1.13261,1.13286,1.50,1.13
2013.11.07 13:36:10.721,1.13261,1.13289,1.50,1.13
2013.11.07 13:36:11.330,1.13261,1.1329,1.50,2.07
2013.11.07 13:36:11.451,1.13257,1.13288,1.50,1.69
2013.11.07 13:36:12.121,1.13257,1.13288,1.50,1.32
2013.11.07 13:36:13.591,1.1326,1.1329,1.50,1.69
2013.11.07 13:36:13.950,1.1326,1.13288,1.50,1.13
2013.11.07 13:36:15.380,1.13266,1.13293,1.50,1.13
2013.11.07 13:36:15.442,1.13266,1.13295,1.50,1.32
2013.11.07 13:36:16.450,1.13266,1.13295,1.50,1.13
2013.11.07 13:36:16.570,1.13266,1.13296,1.50,1.13
2013.11.07 13:36:16.881,1.13263,1.13295,1.13,1.13
2013.11.07 13:36:18.360,1.13261,1.13294,1.88,2.25
2013.11.07 13:36:18.620,1.1326,1.13291,3.38,1.50
2013.11.07 13:36:18.680,1.13261,1.13293,1.50,2.25
2013.11.07 13:36:18.860,1.13261,1.13293,2.07,2.25
2013.11.07 13:36:18.922,1.13262,1.13293,1.69,1.50
2013.11.07 13:36:19.169,1.13261,1.13293,2.07,1.50
2013.11.07 13:36:19.350,1.13262,1.13293,1.50,2.44
2013.11.07 13:36:19.470,1.13261,1.13293,1.13,3.00
2013.11.07 13:36:19.650,1.1326,1.13289,1.13,1.50
2013.11.07 13:36:19.890,1.1326,1.13293,1.50,3.57
2013.11.07 13:36:20.193,1.13262,1.13293,1.50,3.57
2013.11.07 13:36:20.320,1.13262,1.13293,1.88,2.63
2013.11.07 13:36:20.988,1.13262,1.13293,1.88,2.63
2013.11.07 13:36:21.470,1.13266,1.13293,1.50,1.50
2013.11.07 13:36:21.712,1.13266,1.13293,1.50,1.50
2013.11.07 13:36:21.840,1.13266,1.13293,1.50,1.50
2013.11.07 13:36:23.462,1.13265,1.13293,1.50,1.50
2013.11.07 13:36:23.968,1.13262,1.13293,1.88,1.69
2013.11.07 13:36:24.292,1.13262,1.13283,1.13,1.13
2013.11.07 13:36:24.614,1.1326,1.13283,2.25,1.32
2013.11.07 13:36:24.863,1.13259,1.13283,2.63,1.32
2013.11.07 13:36:25.171,1.13259,1.13278,1.13,1.32
2013.11.07 13:36:25.829,1.1325,1.13271,1.13,1.13
2013.11.07 13:36:26.132,1.13249,1.13271,1.13,1.13
2013.11.07 13:36:26.491,1.13247,1.13269,2.25,1.02
2013.11.07 13:36:26.852,1.13239,1.13272,1.50,1.13
2013.11.07 13:36:26.984,1.13247,1.13272,1.50,1.13
2013.11.07 13:36:27.292,1.13251,1.13283,1.50,1.13
2013.11.07 13:36:28.141,1.13268,1.13286,1.32,1.50
2013.11.07 13:36:28.201,1.13268,1.13292,1.32,1.88
2013.11.07 13:36:28.260,1.13268,1.13286,1.32,1.50
2013.11.07 13:36:28.571,1.13274,1.13283,1.50,1.50
2013.11.07 13:36:28.754,1.13273,1.13296,1.50,1.13
2013.11.07 13:36:28.821,1.13273,1.13295,1.50,1.13
2013.11.07 13:36:29.001,1.13273,1.13298,1.50,1.88
2013.11.07 13:36:29.123,1.13273,1.13298,1.50,1.32
2013.11.07 13:36:29.251,1.13269,1.13298,1.50,1.32
2013.11.07 13:36:29.801,1.13269,1.13298,1.50,1.13
2013.11.07 13:36:29.871,1.13269,1.13298,1.50,1.13
2013.11.07 13:36:30.197,1.13273,1.13303,1.32,1.50
2013.11.07 13:36:31.045,1.13278,1.13302,1.50,1.50
2013.11.07 13:36:31.615,1.13278,1.13303,1.50,1.50
2013.11.07 13:36:32.161,1.1328,1.13303,1.50,2.25
2013.11.07 13:36:32.459,1.13274,1.13303,1.50,3.19
2013.11.07 13:36:32.520,1.13272,1.13303,2.25,3.19
2013.11.07 13:36:32.880,1.13272,1.13302,1.50,1.69
2013.11.07 13:36:33.122,1.13268,1.13302,1.50,1.69
2013.11.07 13:36:33.591,1.1327,1.13303,2.25,3.19
2013.11.07 13:36:34.140,1.13269,1.13302,1.50,1.69
2013.11.07 13:36:34.381,1.13266,1.13302,1.50,1.69
2013.11.07 13:36:34.562,1.13266,1.13302,1.50,1.69
2013.11.07 13:36:35.071,1.13272,1.13302,1.50,1.50
2013.11.07 13:36:35.130,1.13273,1.13302,1.50,1.50
2013.11.07 13:36:35.552,1.13278,1.13303,1.50,1.50
2013.11.07 13:36:35.612,1.13279,1.13303,1.50,1.50
2013.11.07 13:36:37.063,1.13279,1.13303,2.25,1.50
2013.11.07 13:36:38.372,1.13279,1.13302,1.50,1.50
2013.11.07 13:36:38.563,1.13274,1.13302,1.50,1.50
2013.11.07 13:36:38.690,1.13279,1.13302,1.50,1.50
2013.11.07 13:36:39.881,1.13279,1.13302,1.50,2.44
2013.11.07 13:36:40.240,1.1328,1.13302,1.50,1.50
2013.11.07 13:36:40.605,1.1328,1.13302,1.50,1.50
2013.11.07 13:36:40.850,1.1328,1.13303,1.50,1.50
2013.11.07 13:36:40.910,1.1328,1.13303,1.50,1.50
2013.11.07 13:36:41.141,1.13273,1.13302,2.25,1.69
2013.11.07 13:36:41.501,1.13274,1.13302,2.25,1.50
2013.11.07 13:36:43.633,1.13278,1.13302,1.50,1.50
2013.11.07 13:36:43.761,1.13274,1.13302,1.50,1.50
2013.11.07 13:36:45.182,1.13273,1.133,1.50,1.32
2013.11.07 13:36:45.540,1.13264,1.13293,1.13,1.32
2013.11.07 13:36:46.140,1.13264,1.13294,1.13,1.32
2013.11.07 13:36:46.499,1.13272,1.13299,1.50,1.32
2013.11.07 13:36:47.311,1.13272,1.13298,1.50,2.25
2013.11.07 13:36:47.610,1.13272,1.13298,1.50,1.69
2013.11.07 13:36:47.990,1.13271,1.13298,1.50,1.69
2013.11.07 13:36:48.384,1.13274,1.133,1.50,3.00
2013.11.07 13:36:48.570,1.13276,1.133,1.88,1.50
2013.11.07 13:36:49.134,1.13277,1.13299,1.13,1.50
2013.11.07 13:36:49.321,1.13277,1.13299,1.13,1.69
2013.11.07 13:36:49.681,1.13276,1.13291,1.13,1.13
2013.11.07 13:36:49.922,1.13276,1.13291,1.13,1.13
2013.11.07 13:36:51.242,1.13276,1.13291,1.13,1.69
2013.11.07 13:36:55.294,1.13276,1.13287,1.13,1.69
2013.11.07 13:36:55.603,1.13275,1.13282,1.13,1.32
2013.11.07 13:36:55.731,1.13268,1.13281,1.88,1.32
2013.11.07 13:36:56.866,1.13271,1.13283,1.13,2.07
2013.11.07 13:36:57.171,1.1327,1.13283,1.13,1.88
2013.11.07 13:36:57.603,1.13271,1.13289,1.13,3.57
2013.11.07 13:36:57.912,1.13277,1.13289,1.13,3.75
2013.11.07 13:36:58.423,1.13281,1.13289,1.13,1.50
2013.11.07 13:36:59.103,1.13281,1.13298,1.13,2.44
2013.11.07 13:36:59.231,1.13281,1.13299,1.13,1.69
2013.11.07 13:36:59.769,1.13281,1.13301,1.13,2.63
2013.11.07 13:36:59.950,1.13281,1.13302,1.13,2.25
2013.11.07 13:37:00.492,1.13281,1.13302,1.13,1.50
2013.11.07 13:37:01.670,1.13281,1.13302,1.88,1.50
2013.11.07 13:37:02.616,1.13281,1.13302,1.13,1.50
2013.11.07 13:37:03.169,1.13281,1.13302,1.13,1.50
2013.11.07 13:37:03.821,1.13281,1.13302,1.13,3.00
2013.11.07 13:37:04.300,1.13281,1.13299,1.13,1.50
2013.11.07 13:37:04.901,1.13281,1.13302,1.13,2.25
2013.11.07 13:37:04.959,1.13281,1.13301,1.13,1.50
2013.11.07 13:37:05.676,1.1328,1.13292,1.13,1.50
2013.11.07 13:37:06.150,1.1328,1.13291,1.13,1.50
2013.11.07 13:37:07.760,1.13281,1.13294,1.13,1.50
2013.11.07 13:37:08.592,1.13281,1.13294,1.13,1.50
2013.11.07 13:37:09.144,1.13281,1.13295,1.13,2.25
2013.11.07 13:37:09.690,1.1328,1.13297,1.13,1.50
2013.11.07 13:37:10.292,1.13281,1.13296,1.13,1.50
2013.11.07 13:37:10.482,1.13281,1.133,1.13,2.25
2013.11.07 13:37:10.983,1.13281,1.133,1.50,2.25
2013.11.07 13:37:11.634,1.13281,1.13301,1.50,2.25
2013.11.07 13:37:11.700,1.13287,1.13301,1.50,2.25
2013.11.07 13:37:12.183,1.13287,1.13302,1.50,2.25
2013.11.07 13:37:12.621,1.13282,1.13301,1.50,1.50
2013.11.07 13:37:13.160,1.13281,1.13301,1.88,1.69
2013.11.07 13:37:14.135,1.13279,1.1329,1.13,1.69
2013.11.07 13:37:14.462,1.13276,1.13284,1.50,1.50
2013.11.07 13:37:14.531,1.13276,1.13286,1.50,1.50
2013.11.07 13:37:14.591,1.13276,1.13285,1.50,1.13
2013.11.07 13:37:15.371,1.13264,1.13278,1.05,1.32
2013.11.07 13:37:15.741,1.13269,1.13279,1.13,1.69
2013.11.07 13:37:15.951,1.13267,1.13279,2.93,1.69
2013.11.07 13:37:16.492,1.13266,1.13279,2.93,2.44
2013.11.07 13:37:16.990,1.1327,1.13281,1.50,1.50
2013.11.07 13:37:17.411,1.13269,1.13279,1.13,1.50
2013.11.07 13:37:17.771,1.1326,1.13282,1.13,1.13
2013.11.07 13:37:17.830,1.13264,1.13283,1.13,1.13
2013.11.07 13:37:18.130,1.13264,1.13285,1.13,1.13
2013.11.07 13:37:18.631,1.13263,1.13286,1.13,1.50
2013.11.07 13:37:19.053,1.13264,1.13286,1.13,1.50
2013.11.07 13:37:19.132,1.13263,1.13283,1.13,2.25
2013.11.07 13:37:19.442,1.13255,1.13272,1.13,1.50
2013.11.07 13:37:19.560,1.13251,1.13274,1.50,2.25
2013.11.07 13:37:19.680,1.13251,1.13271,1.50,2.25
2013.11.07 13:37:20.041,1.13251,1.13267,1.50,1.50
2013.11.07 13:37:20.960,1.1325,1.13267,1.50,1.50
2013.11.07 13:37:21.200,1.1325,1.13266,1.50,1.50
2013.11.07 13:37:21.344,1.1325,1.13267,1.50,1.50
2013.11.07 13:37:21.472,1.1325,1.13271,1.50,2.25
2013.11.07 13:37:21.604,1.1325,1.13271,1.50,1.50
2013.11.07 13:37:22.110,1.1325,1.13271,1.50,2.25
2013.11.07 13:37:22.231,1.13251,1.1327,1.50,1.50
2013.11.07 13:37:22.882,1.13259,1.13271,1.50,1.50
2013.11.07 13:37:23.378,1.13245,1.13269,1.13,2.25
2013.11.07 13:37:23.446,1.13256,1.13265,1.50,1.50
2013.11.07 13:37:23.573,1.13256,1.13269,1.50,1.50
2013.11.07 13:37:23.700,1.13252,1.13275,1.50,1.50
2013.11.07 13:37:23.945,1.13247,1.13275,1.50,1.50
2013.11.07 13:37:24.370,1.13252,1.13274,1.50,1.13
2013.11.07 13:37:24.611,1.13242,1.13266,2.25,2.44
2013.11.07 13:37:25.170,1.1324,1.13267,1.13,1.69
2013.11.07 13:37:25.761,1.13241,1.13266,1.13,1.69
2013.11.07 13:37:25.880,1.13241,1.13266,1.13,1.69
2013.11.07 13:37:25.940,1.13241,1.13264,1.13,2.25
2013.11.07 13:37:26.061,1.13241,1.13264,1.13,2.25
2013.11.07 13:37:26.185,1.13241,1.13265,1.13,2.25
2013.11.07 13:37:26.501,1.13247,1.13269,1.50,2.25
2013.11.07 13:37:26.744,1.13249,1.13277,1.13,2.44
2013.11.07 13:37:26.810,1.13249,1.13277,1.13,2.44
2013.11.07 13:37:27.170,1.13248,1.13275,1.13,1.69
2013.11.07 13:37:27.530,1.13248,1.13272,1.13,1.69
2013.11.07 13:37:27.891,1.13249,1.13263,1.13,1.32
2013.11.07 13:37:28.200,1.13241,1.13254,1.50,1.32
2013.11.07 13:37:28.439,1.13241,1.13261,1.50,3.00
2013.11.07 13:37:28.680,1.13247,1.13272,1.50,2.07
2013.11.07 13:37:28.742,1.13247,1.13273,1.50,4.50
2013.11.07 13:37:29.051,1.13247,1.13279,1.50,1.69
2013.11.07 13:37:29.170,1.13247,1.13279,1.50,1.69
2013.11.07 13:37:29.470,1.13249,1.13281,1.13,1.69
2013.11.07 13:37:30.521,1.13249,1.13281,1.13,1.69
2013.11.07 13:37:30.582,1.13249,1.13283,1.88,1.50
2013.11.07 13:37:30.892,1.13262,1.13283,1.13,1.50
2013.11.07 13:37:31.681,1.13261,1.13286,1.13,1.50
2013.11.07 13:37:31.741,1.13259,1.13285,1.13,1.50
2013.11.07 13:37:32.111,1.13259,1.13281,1.13,1.50
2013.11.07 13:37:32.610,1.13253,1.13279,1.13,1.50
2013.11.07 13:37:33.571,1.13258,1.13279,1.13,1.88
2013.11.07 13:37:33.697,1.13257,1.13279,1.13,2.82
2013.11.07 13:37:33.880,1.13258,1.13276,1.13,1.50
2013.11.07 13:37:34.071,1.13253,1.13276,1.13,2.25
2013.11.07 13:37:34.493,1.1325,1.13276,1.13,1.50
2013.11.07 13:37:34.860,1.13252,1.13279,1.13,1.13
2013.11.07 13:37:35.041,1.13252,1.13279,1.13,1.13
2013.11.07 13:37:35.161,1.13253,1.13283,1.88,2.82
2013.11.07 13:37:35.342,1.13256,1.13281,1.13,1.32
2013.11.07 13:37:35.470,1.13253,1.13276,1.88,1.69
2013.11.07 13:37:35.590,1.13253,1.13274,1.88,1.69
2013.11.07 13:37:35.892,1.13253,1.13274,1.13,1.50
2013.11.07 13:37:35.962,1.13253,1.13275,1.13,2.44
2013.11.07 13:37:36.500,1.13252,1.13279,1.13,1.69
2013.11.07 13:37:37.271,1.13252,1.13279,1.13,1.69
2013.11.07 13:37:37.572,1.13253,1.13274,1.13,1.69
2013.11.07 13:37:37.640,1.13252,1.13274,1.13,1.50
2013.11.07 13:37:38.120,1.13247,1.1328,1.13,1.13
2013.11.07 13:37:38.420,1.13248,1.13279,1.13,1.69
2013.11.07 13:37:39.269,1.13247,1.13277,1.13,1.69
2013.11.07 13:37:39.692,1.13257,1.1328,1.50,1.32
2013.11.07 13:37:39.880,1.13257,1.13279,1.50,1.32
2013.11.07 13:37:40.303,1.13248,1.13278,1.13,1.32
2013.11.07 13:37:41.342,1.13248,1.13276,1.13,1.69
2013.11.07 13:37:41.651,1.13248,1.13277,1.13,2.07
2013.11.07 13:37:41.711,1.13248,1.13276,1.13,1.69
2013.11.07 13:37:42.308,1.13247,1.13276,1.13,2.44
2013.11.07 13:37:42.830,1.13247,1.13274,1.13,2.07
2013.11.07 13:37:43.192,1.13248,1.13269,1.13,1.69
2013.11.07 13:37:43.561,1.13243,1.13267,1.13,1.50
2013.11.07 13:37:43.921,1.13246,1.13266,1.50,1.13
2013.11.07 13:37:43.983,1.13246,1.13273,1.50,1.13
2013.11.07 13:37:44.051,1.13246,1.13276,1.50,2.82
2013.11.07 13:37:44.233,1.13246,1.13276,1.50,1.32
2013.11.07 13:37:44.481,1.13246,1.13276,2.25,1.32
2013.11.07 13:37:45.341,1.13256,1.13279,1.50,1.88
2013.11.07 13:37:45.400,1.13256,1.13279,1.50,1.50
2013.11.07 13:37:45.580,1.13256,1.13284,1.50,1.50
2013.11.07 13:37:45.702,1.13256,1.13287,1.88,2.25
2013.11.07 13:37:45.891,1.13256,1.13284,1.88,1.50
2013.11.07 13:37:45.954,1.13256,1.13284,1.88,1.69
2013.11.07 13:37:46.284,1.13256,1.13284,1.50,1.50
2013.11.07 13:37:46.663,1.13256,1.13281,1.50,1.50
2013.11.07 13:37:47.022,1.13256,1.1328,1.50,1.50
2013.11.07 13:37:47.605,1.13256,1.1328,1.50,1.50
2013.11.07 13:37:48.051,1.13256,1.1328,1.50,3.00
2013.11.07 13:37:48.420,1.13256,1.1328,1.50,1.50
2013.11.07 13:37:48.600,1.13256,1.1328,1.50,1.50
2013.11.07 13:37:49.141,1.13253,1.13281,1.13,2.25
2013.11.07 13:37:49.672,1.13253,1.13282,1.32,3.00
2013.11.07 13:37:49.922,1.13258,1.13282,1.32,2.25
2013.11.07 13:37:50.402,1.13258,1.13283,1.32,1.50
2013.11.07 13:37:50.653,1.13257,1.13282,1.32,1.50
2013.11.07 13:37:50.961,1.13257,1.13284,1.13,1.50
2013.11.07 13:37:51.553,1.13257,1.13284,1.13,1.50
2013.11.07 13:37:51.893,1.1326,1.13283,1.50,1.50
2013.11.07 13:37:51.962,1.1326,1.13283,1.50,1.50
2013.11.07 13:37:52.201,1.13256,1.13271,1.13,1.50
2013.11.07 13:37:52.680,1.1325,1.13271,1.50,1.69
2013.11.07 13:37:53.121,1.1325,1.13271,1.50,1.69
2013.11.07 13:37:53.645,1.1325,1.13271,1.88,1.50
2013.11.07 13:37:53.952,1.1325,1.13271,1.13,2.25
2013.11.07 13:37:54.854,1.1325,1.13271,1.13,2.25
2013.11.07 13:37:54.921,1.13256,1.13277,1.50,1.69
2013.11.07 13:37:55.042,1.13257,1.13279,1.13,2.82
2013.11.07 13:37:55.776,1.13264,1.13278,1.13,2.44
2013.11.07 13:37:55.851,1.13258,1.13265,1.13,1.32
2013.11.07 13:37:56.160,1.13252,1.13264,1.13,1.32
2013.11.07 13:37:56.220,1.13248,1.13264,1.50,1.32
2013.11.07 13:37:56.942,1.13249,1.13262,1.13,1.32
2013.11.07 13:37:57.180,1.13249,1.13262,1.13,2.07
2013.11.07 13:37:57.723,1.13249,1.13261,1.13,1.32
2013.11.07 13:37:58.171,1.13249,1.13263,1.13,2.25
2013.11.07 13:37:58.294,1.1325,1.13263,1.13,1.50
2013.11.07 13:37:58.663,1.13252,1.13268,1.50,1.50
2013.11.07 13:37:59.152,1.13259,1.13271,1.13,1.50
2013.11.07 13:37:59.270,1.13262,1.13277,1.13,1.32
2013.11.07 13:37:59.450,1.13262,1.13282,1.88,1.50
2013.11.07 13:38:00.530,1.13262,1.13284,1.88,1.50
2013.11.07 13:38:00.592,1.13262,1.13284,1.88,1.69
2013.11.07 13:38:00.951,1.13262,1.1328,1.13,1.69
2013.11.07 13:38:01.253,1.13262,1.13278,1.13,1.50
2013.11.07 13:38:01.769,1.13262,1.13276,1.13,1.50
2013.11.07 13:38:02.011,1.13262,1.13278,1.13,1.50
2013.11.07 13:38:02.641,1.1326,1.1328,1.13,1.50
2013.11.07 13:38:03.065,1.13258,1.13281,1.13,2.25
2013.11.07 13:38:03.610,1.13258,1.13281,1.13,1.50
2013.11.07 13:38:04.201,1.13258,1.13281,1.13,3.19
2013.11.07 13:38:04.858,1.13258,1.13279,1.13,2.44
2013.11.07 13:38:05.531,1.13263,1.13279,1.13,2.44
2013.11.07 13:38:06.072,1.13263,1.13282,1.13,1.32
2013.11.07 13:38:06.380,1.13263,1.13282,1.13,2.25
2013.11.07 13:38:06.622,1.13262,1.13282,1.13,1.69
2013.11.07 13:38:06.863,1.13262,1.13282,1.13,1.50
2013.11.07 13:38:06.990,1.13263,1.13283,1.13,3.00
2013.11.07 13:38:07.230,1.13263,1.13282,1.13,1.50
2013.11.07 13:38:07.681,1.13263,1.13282,1.13,1.69
2013.11.07 13:38:07.990,1.13262,1.13275,1.13,1.50
2013.11.07 13:38:08.345,1.13262,1.13274,1.13,1.69
2013.11.07 13:38:08.590,1.13261,1.13274,1.13,1.50
2013.11.07 13:38:09.140,1.13262,1.13275,1.13,1.50
2013.11.07 13:38:09.920,1.13263,1.1328,1.13,2.25
2013.11.07 13:38:10.251,1.13263,1.13281,1.13,3.00
2013.11.07 13:38:10.783,1.13263,1.13281,1.13,1.50
2013.11.07 13:38:11.341,1.13262,1.1328,1.13,2.44
2013.11.07 13:38:11.690,1.13262,1.13273,1.13,1.50
2013.11.07 13:38:11.810,1.13262,1.13275,1.13,1.50
2013.11.07 13:38:11.870,1.13261,1.13275,1.13,1.69
2013.11.07 13:38:12.486,1.13262,1.13274,1.13,2.44
2013.11.07 13:38:14.870,1.13258,1.1327,1.13,1.32
2013.11.07 13:38:15.210,1.13247,1.13262,1.13,1.69
2013.11.07 13:38:15.750,1.13248,1.13265,1.13,2.44
2013.11.07 13:38:18.862,1.13248,1.13265,1.13,2.44
2013.11.07 13:38:20.201,1.13247,1.13263,1.13,1.69
2013.11.07 13:38:20.260,1.13243,1.1326,1.13,1.50
2013.11.07 13:38:20.564,1.13243,1.13255,1.13,1.69
2013.11.07 13:38:20.870,1.13237,1.13248,1.13,1.32
2013.11.07 13:38:20.990,1.13235,1.13247,1.13,2.07
2013.11.07 13:38:21.434,1.13232,1.13243,1.43,1.32
2013.11.07 13:38:21.575,1.13234,1.13249,1.13,1.32
2013.11.07 13:38:22.001,1.13239,1.13256,1.13,1.32
2013.11.07 13:38:22.240,1.13249,1.13257,1.13,2.63
2013.11.07 13:38:22.662,1.13253,1.13274,1.13,1.69
2013.11.07 13:38:23.100,1.13253,1.13274,1.13,1.32
2013.11.07 13:38:23.340,1.13253,1.13274,1.13,1.32
2013.11.07 13:38:23.853,1.13255,1.13277,1.13,1.69
2013.11.07 13:38:24.611,1.13258,1.13273,1.13,1.32
2013.11.07 13:38:24.912,1.13255,1.1327,1.13,1.69
2013.11.07 13:38:25.340,1.13255,1.1327,1.13,1.32
2013.11.07 13:38:25.401,1.13255,1.1327,1.13,1.13
2013.11.07 13:38:25.641,1.13253,1.13272,1.13,1.50
2013.11.07 13:38:25.881,1.13253,1.13276,1.13,2.25
2013.11.07 13:38:25.950,1.13253,1.13276,1.13,3.00
2013.11.07 13:38:26.070,1.13253,1.13276,1.13,2.25
2013.11.07 13:38:26.492,1.13251,1.13273,1.13,3.00
2013.11.07 13:38:26.621,1.13251,1.13273,1.13,2.25
2013.11.07 13:38:27.220,1.13255,1.13276,1.13,1.50
2013.11.07 13:38:27.860,1.1326,1.13274,1.13,1.50
2013.11.07 13:38:28.161,1.1326,1.13272,1.13,1.50
2013.11.07 13:38:28.470,1.13259,1.1327,1.13,1.50
2013.11.07 13:38:29.497,1.1326,1.13274,1.13,4.50
2013.11.07 13:38:29.571,1.13259,1.13274,1.13,3.75
2013.11.07 13:38:29.689,1.1326,1.13271,1.13,1.50
2013.11.07 13:38:29.811,1.1326,1.13272,1.13,1.50
2013.11.07 13:38:30.004,1.13259,1.13272,1.13,1.50
2013.11.07 13:38:30.549,1.13259,1.13272,1.13,1.50
2013.11.07 13:38:30.670,1.13259,1.13275,1.13,3.00
2013.11.07 13:38:30.904,1.13259,1.13274,1.13,1.50
2013.11.07 13:38:31.210,1.13256,1.13271,1.50,1.13
2013.11.07 13:38:31.871,1.13253,1.13272,1.13,3.94
2013.11.07 13:38:35.050,1.13254,1.13264,1.13,1.13
2013.11.07 13:38:35.441,1.13254,1.13261,1.13,1.13
2013.11.07 13:38:35.980,1.13253,1.13259,1.13,1.13
2013.11.07 13:38:36.099,1.13251,1.1326,1.13,1.13
2013.11.07 13:38:36.461,1.13251,1.13259,1.50,1.50
2013.11.07 13:38:36.818,1.1325,1.13258,1.50,1.13
2013.11.07 13:38:36.942,1.1325,1.13259,1.50,2.25
2013.11.07 13:38:37.453,1.13244,1.13264,1.13,3.19
2013.11.07 13:38:38.881,1.13244,1.13265,1.13,1.50
2013.11.07 13:38:39.459,1.13248,1.13271,1.13,1.13
2013.11.07 13:38:39.831,1.13248,1.13272,1.13,1.50
2013.11.07 13:38:41.946,1.13248,1.13272,1.13,1.69
2013.11.07 13:38:42.290,1.13248,1.13271,1.13,1.32
2013.11.07 13:38:42.542,1.13248,1.13267,1.13,1.50
2013.11.07 13:38:42.792,1.13248,1.1327,1.13,1.50
2013.11.07 13:38:42.851,1.13248,1.13266,1.13,1.50
2013.11.07 13:38:43.390,1.13248,1.1327,1.13,2.44
2013.11.07 13:38:43.650,1.13248,1.1327,1.13,2.44
2013.11.07 13:38:45.221,1.13248,1.13271,1.13,3.19
2013.11.07 13:38:45.923,1.13248,1.13268,1.13,1.32
2013.11.07 13:38:47.660,1.13248,1.1327,1.13,1.69
2013.11.07 13:38:48.802,1.13254,1.13272,1.13,1.32
2013.11.07 13:38:48.860,1.13256,1.13277,1.13,2.07
2013.11.07 13:38:48.922,1.13256,1.13276,1.13,1.69
2013.11.07 13:38:49.110,1.13259,1.13276,1.13,1.69
2013.11.07 13:38:49.711,1.13259,1.13277,1.13,2.44
2013.11.07 13:38:49.890,1.13258,1.13279,1.13,2.07
2013.11.07 13:38:51.880,1.13258,1.13279,1.13,1.32
2013.11.07 13:38:52.421,1.13259,1.13278,1.13,2.44
2013.11.07 13:38:55.289,1.13262,1.13275,1.13,1.69
2013.11.07 13:38:55.667,1.13262,1.13276,1.13,1.69
2013.11.07 13:38:56.134,1.13262,1.13274,1.13,1.69
2013.11.07 13:38:56.442,1.13258,1.1327,1.50,1.69
2013.11.07 13:38:57.612,1.13257,1.13279,1.13,2.44
2013.11.07 13:38:58.149,1.13262,1.13279,1.13,1.50
2013.11.07 13:38:59.215,1.13261,1.13276,1.13,1.50
2013.11.07 13:38:59.950,1.13261,1.13276,1.13,1.69
2013.11.07 13:39:01.582,1.13262,1.13276,1.13,2.44
2013.11.07 13:39:02.120,1.13262,1.13277,1.13,1.69
2013.11.07 13:39:03.112,1.13262,1.13276,1.13,2.25
2013.11.07 13:39:03.170,1.13262,1.13277,1.13,2.25
2013.11.07 13:39:03.350,1.13262,1.13277,1.13,3.19
2013.11.07 13:39:03.890,1.13262,1.13274,1.13,1.50
2013.11.07 13:39:04.339,1.13262,1.1327,1.13,1.69
2013.11.07 13:39:04.701,1.13259,1.13268,2.25,1.50
2013.11.07 13:39:05.131,1.13254,1.13268,1.50,2.25
2013.11.07 13:39:05.672,1.13252,1.13266,3.75,1.69
2013.11.07 13:39:05.735,1.13248,1.13265,1.50,1.50
2013.11.07 13:39:05.922,1.13248,1.13264,1.50,1.50
2013.11.07 13:39:06.062,1.13248,1.13266,1.50,1.50
2013.11.07 13:39:06.601,1.13251,1.13268,1.13,1.50
2013.11.07 13:39:06.843,1.1325,1.13265,1.13,1.50
2013.11.07 13:39:07.151,1.13246,1.13263,1.13,1.69
2013.11.07 13:39:09.432,1.13247,1.13255,1.13,1.50
2013.11.07 13:39:10.220,1.13243,1.13264,1.13,2.25
2013.11.07 13:39:10.342,1.13243,1.13264,1.13,1.50
2013.11.07 13:39:11.511,1.13244,1.13264,1.13,1.69
2013.11.07 13:39:12.380,1.13245,1.13267,1.13,2.44
2013.11.07 13:39:12.723,1.13245,1.13267,1.13,2.44
2013.11.07 13:39:14.133,1.13245,1.13261,1.13,1.50
2013.11.07 13:39:14.660,1.13245,1.13262,1.13,1.69
2013.11.07 13:39:14.900,1.13245,1.13261,1.13,1.50
2013.11.07 13:39:15.020,1.13245,1.13263,1.13,1.50
2013.11.07 13:39:15.079,1.13245,1.13265,1.13,2.25
2013.11.07 13:39:15.199,1.13245,1.13265,1.13,2.44
2013.11.07 13:39:15.710,1.13244,1.13265,1.13,2.44
2013.11.07 13:39:16.281,1.13246,1.13267,1.88,1.69
2013.11.07 13:39:16.640,1.13249,1.13273,1.13,3.00
2013.11.07 13:39:16.892,1.1325,1.13273,1.13,1.50
2013.11.07 13:39:16.954,1.13252,1.13273,1.13,1.50
2013.11.07 13:39:17.262,1.13256,1.13275,1.13,1.50
2013.11.07 13:39:17.622,1.13253,1.13273,1.13,1.69
2013.11.07 13:39:17.810,1.13253,1.13273,1.13,1.69
2013.11.07 13:39:18.343,1.13253,1.13272,1.13,2.44
2013.11.07 13:39:18.413,1.13253,1.13272,1.13,1.69
2013.11.07 13:39:18.652,1.13253,1.13277,1.13,2.44
2013.11.07 13:39:18.840,1.13253,1.13275,1.13,1.69
2013.11.07 13:39:20.376,1.13253,1.13274,1.13,1.69
2013.11.07 13:39:21.008,1.13253,1.13275,1.13,1.69
2013.11.07 13:39:22.220,1.13254,1.13274,1.13,2.44
2013.11.07 13:39:22.280,1.13254,1.13274,1.13,2.44
2013.11.07 13:39:22.623,1.13255,1.13271,1.13,1.50
2013.11.07 13:39:22.931,1.13253,1.13271,1.13,1.69
2013.11.07 13:39:23.052,1.13254,1.1327,1.13,1.69
2013.11.07 13:39:23.172,1.13254,1.13269,1.13,1.69
2013.11.07 13:39:23.530,1.13253,1.13266,1.13,2.07
2013.11.07 13:39:24.663,1.13249,1.13268,1.13,1.50
2013.11.07 13:39:24.731,1.1325,1.13274,1.13,3.57
2013.11.07 13:39:24.790,1.1325,1.13274,1.13,3.19
2013.11.07 13:39:24.971,1.1325,1.13271,1.13,1.50
2013.11.07 13:39:28.220,1.1325,1.13269,1.13,1.50
2013.11.07 13:39:28.580,1.13249,1.13267,1.13,3.19
2013.11.07 13:39:29.030,1.13248,1.13267,1.13,2.82
2013.11.07 13:39:29.342,1.13248,1.13267,1.13,4.69
2013.11.07 13:39:29.821,1.13248,1.13267,1.13,2.82
2013.11.07 13:39:30.063,1.13253,1.13267,1.13,2.82
2013.11.07 13:39:30.130,1.13253,1.13267,1.13,1.50
2013.11.07 13:39:30.310,1.13254,1.1327,1.13,1.69
2013.11.07 13:39:30.612,1.13254,1.13272,1.13,1.13
2013.11.07 13:39:31.090,1.13254,1.13273,1.13,1.13
2013.11.07 13:39:31.272,1.13254,1.13275,1.13,1.50
2013.11.07 13:39:31.450,1.13254,1.13275,1.13,1.50
2013.11.07 13:39:32.810,1.13254,1.13276,1.13,1.50
2013.11.07 13:39:33.313,1.13254,1.13276,1.13,1.50
2013.11.07 13:39:34.432,1.13255,1.13275,1.13,1.50
2013.11.07 13:39:34.860,1.13255,1.13275,1.13,1.50
2013.11.07 13:39:35.519,1.13254,1.13273,1.13,1.50
2013.11.07 13:39:36.171,1.13254,1.13271,1.13,1.50
2013.11.07 13:39:37.176,1.13254,1.1327,1.13,1.50
2013.11.07 13:39:38.100,1.13254,1.13271,1.13,1.50
2013.11.07 13:39:38.841,1.13254,1.13274,1.13,2.25
2013.11.07 13:39:39.351,1.13255,1.13273,1.13,1.13
2013.11.07 13:39:39.471,1.13255,1.13278,1.13,1.69
2013.11.07 13:39:40.133,1.13259,1.13278,1.13,1.32
2013.11.07 13:39:40.200,1.13259,1.13282,1.13,2.44
2013.11.07 13:39:42.182,1.1326,1.13283,1.13,1.50
2013.11.07 13:39:42.592,1.1326,1.13283,1.13,1.50
2013.11.07 13:39:43.112,1.1326,1.13279,1.13,3.00
2013.11.07 13:39:43.612,1.1326,1.13277,1.13,1.50
2013.11.07 13:39:44.151,1.1326,1.13276,1.13,1.32
2013.11.07 13:39:44.582,1.13256,1.13271,1.13,1.32
2013.11.07 13:39:45.841,1.13254,1.13271,1.13,2.07
2013.11.07 13:39:46.335,1.13255,1.13274,1.13,2.44
2013.11.07 13:39:46.654,1.13256,1.13279,1.13,1.69
2013.11.07 13:39:47.200,1.13255,1.13275,1.13,1.69
2013.11.07 13:39:47.741,1.13256,1.13275,1.13,2.44
2013.11.07 13:39:49.261,1.13251,1.13268,1.13,1.50
2013.11.07 13:39:50.208,1.13251,1.13272,1.13,2.44
2013.11.07 13:39:50.712,1.13251,1.13272,1.13,2.82
2013.11.07 13:39:50.952,1.13252,1.13268,1.13,1.32
2013.11.07 13:39:51.141,1.13248,1.1327,1.50,1.69
2013.11.07 13:39:51.202,1.13244,1.13271,1.13,1.69
2013.11.07 13:39:51.331,1.13244,1.13268,1.13,1.32
2013.11.07 13:39:51.880,1.13244,1.13271,1.13,1.69
2013.11.07 13:39:54.079,1.13244,1.13273,1.13,1.69
2013.11.07 13:39:54.210,1.13244,1.13273,1.13,2.07
2013.11.07 13:39:54.270,1.13239,1.13271,1.88,1.69
2013.11.07 13:39:54.330,1.13239,1.13266,1.13,1.50
2013.11.07 13:39:54.688,1.13239,1.13266,1.13,1.50
2013.11.07 13:39:55.013,1.13235,1.1326,1.13,1.50
2013.11.07 13:39:55.323,1.13233,1.13263,1.13,1.32
2013.11.07 13:39:55.393,1.13234,1.13264,1.13,1.32
2013.11.07 13:39:55.701,1.13235,1.13263,1.13,1.69
2013.11.07 13:39:56.160,1.13234,1.13263,1.13,1.32
2013.11.07 13:39:56.710,1.13236,1.13268,1.50,1.69
2013.11.07 13:39:56.950,1.13234,1.13263,1.13,1.13
2013.11.07 13:39:57.152,1.13234,1.13261,1.13,1.32
2013.11.07 13:39:57.463,1.13234,1.13259,1.13,1.32
2013.11.07 13:39:57.772,1.13231,1.13259,1.88,2.07
2013.11.07 13:39:57.940,1.13237,1.13259,1.50,1.32
2013.11.07 13:39:58.190,1.13232,1.13258,1.88,1.32
2013.11.07 13:39:58.370,1.13232,1.13259,1.50,1.32
2013.11.07 13:39:59.470,1.13232,1.13259,1.50,1.32
2013.11.07 13:39:59.651,1.13232,1.13259,1.50,1.32
2013.11.07 13:39:59.772,1.13232,1.13259,1.50,1.32
2013.11.07 13:39:59.892,1.13232,1.13259,1.88,1.69
2013.11.07 13:39:59.961,1.13232,1.13254,1.50,1.69
2013.11.07 13:40:00.142,1.13232,1.13253,1.50,2.07
2013.11.07 13:40:00.212,1.13232,1.13251,1.50,1.13
2013.11.07 13:40:00.760,1.13231,1.13257,1.50,1.32
2013.11.07 13:40:02.073,1.13227,1.13257,1.50,1.69
2013.11.07 13:40:02.143,1.13227,1.13253,1.50,2.44
2013.11.07 13:40:02.211,1.13227,1.13253,1.50,3.19
2013.11.07 13:40:02.345,1.13221,1.13252,1.88,1.88
2013.11.07 13:40:02.651,1.13221,1.1325,1.50,2.44
2013.11.07 13:40:03.113,1.13221,1.13248,1.50,1.69
2013.11.07 13:40:03.181,1.13221,1.13248,1.50,1.69
2013.11.07 13:40:03.420,1.13224,1.1325,1.50,1.50
2013.11.07 13:40:03.480,1.1323,1.13251,1.50,1.13
2013.11.07 13:40:03.601,1.1323,1.13257,1.50,1.32
2013.11.07 13:40:03.663,1.13232,1.13253,1.50,1.50
2013.11.07 13:40:03.970,1.13238,1.13258,1.50,1.50
2013.11.07 13:40:04.032,1.13238,1.13262,1.50,2.25
2013.11.07 13:40:04.210,1.13241,1.13262,1.50,1.50
2013.11.07 13:40:04.602,1.13245,1.13273,1.50,1.50
2013.11.07 13:40:04.921,1.13248,1.13273,1.50,1.50
2013.11.07 13:40:05.265,1.13249,1.13274,1.50,1.50
2013.11.07 13:40:05.702,1.13246,1.13277,1.69,1.13
2013.11.07 13:40:05.772,1.13245,1.13277,2.44,1.13
2013.11.07 13:40:06.382,1.13245,1.13277,1.50,2.25
2013.11.07 13:40:06.622,1.13245,1.13277,1.50,1.13
2013.11.07 13:40:07.040,1.13243,1.13272,1.50,1.32
2013.11.07 13:40:07.281,1.13243,1.13272,1.50,1.32
2013.11.07 13:40:07.341,1.13242,1.13272,1.50,1.32
2013.11.07 13:40:09.102,1.13241,1.13281,1.32,1.32
2013.11.07 13:40:09.652,1.13244,1.13283,1.69,1.88
2013.11.07 13:40:09.953,1.13243,1.13282,1.69,1.13
2013.11.07 13:40:10.551,1.13243,1.13278,1.50,1.50
2013.11.07 13:40:10.637,1.13243,1.13278,1.50,1.69
2013.11.07 13:40:10.944,1.13247,1.13283,1.50,2.82
2013.11.07 13:40:11.370,1.13251,1.13282,1.69,1.13
2013.11.07 13:40:11.430,1.13252,1.13282,1.50,1.13
2013.11.07 13:40:11.610,1.13246,1.13281,1.50,1.69
2013.11.07 13:40:11.851,1.13246,1.13279,1.50,1.69
2013.11.07 13:40:12.091,1.13248,1.13281,1.50,2.44
2013.11.07 13:40:13.182,1.13248,1.13282,1.88,1.13
2013.11.07 13:40:13.361,1.13248,1.13282,1.13,1.13
2013.11.07 13:40:13.841,1.13249,1.13282,1.13,1.13
2013.11.07 13:40:14.386,1.13254,1.13283,1.50,1.13
2013.11.07 13:40:14.932,1.13254,1.13282,2.44,1.13
2013.11.07 13:40:15.425,1.13251,1.13282,2.25,1.13
2013.11.07 13:40:15.733,1.13258,1.13278,1.50,1.50
2013.11.07 13:40:15.863,1.13253,1.13278,1.13,1.50
2013.11.07 13:40:16.411,1.13248,1.13287,1.88,1.32
2013.11.07 13:40:18.823,1.13253,1.13284,1.13,1.50
2013.11.07 13:40:18.883,1.13251,1.13284,1.13,1.50
2013.11.07 13:40:19.192,1.13264,1.13288,2.25,1.50
2013.11.07 13:40:19.431,1.13259,1.1329,1.13,1.13
2013.11.07 13:40:19.731,1.1326,1.13289,1.13,1.50
2013.11.07 13:40:20.331,1.1326,1.1328,1.13,1.50
2013.11.07 13:40:20.872,1.1326,1.1328,1.13,1.50
2013.11.07 13:40:21.182,1.1326,1.1328,1.13,2.25
2013.11.07 13:40:22.192,1.13259,1.13282,1.13,1.50
2013.11.07 13:40:23.210,1.13259,1.13274,1.13,1.50
2013.11.07 13:40:23.271,1.13255,1.13273,1.13,1.50
2013.11.07 13:40:23.330,1.13255,1.13271,1.13,1.13
2013.11.07 13:40:23.570,1.13253,1.13271,1.50,1.32
2013.11.07 13:40:23.811,1.13253,1.13274,1.50,1.50
2013.11.07 13:40:24.792,1.13259,1.13274,1.50,1.50
2013.11.07 13:40:24.971,1.13261,1.13274,1.50,1.50
2013.11.07 13:40:25.033,1.13261,1.13274,1.50,1.50
2013.11.07 13:40:25.378,1.13264,1.13275,2.07,1.50
2013.11.07 13:40:26.343,1.13268,1.13274,1.69,1.13
2013.11.07 13:40:26.603,1.13267,1.1328,1.69,1.65
2013.11.07 13:40:26.972,1.13267,1.13294,1.69,2.63
2013.11.07 13:40:27.041,1.13267,1.13294,1.69,1.50
2013.11.07 13:40:27.162,1.13267,1.13295,1.69,1.50
2013.11.07 13:40:27.522,1.13268,1.13299,1.69,1.50
2013.11.07 13:40:27.971,1.13267,1.13298,1.69,1.50
2013.11.07 13:40:28.832,1.13268,1.13301,1.69,1.50
2013.11.07 13:40:29.191,1.13276,1.13301,2.82,1.50
2013.11.07 13:40:29.370,1.13276,1.13301,1.69,1.50
2013.11.07 13:40:29.611,1.13272,1.13298,1.50,1.50
2013.11.07 13:40:29.672,1.13272,1.13298,1.50,1.50
2013.11.07 13:40:30.151,1.13273,1.13298,1.13,1.50
2013.11.07 13:40:30.692,1.13273,1.13299,1.13,1.50
2013.11.07 13:40:31.470,1.13273,1.133,1.13,2.63
2013.11.07 13:40:31.991,1.13273,1.133,1.88,1.13
2013.11.07 13:40:32.089,1.13273,1.13299,1.88,1.50
2013.11.07 13:40:32.452,1.13273,1.13303,1.88,2.63
2013.11.07 13:40:32.575,1.13273,1.13303,1.13,2.44
2013.11.07 13:40:33.131,1.13273,1.13299,1.13,2.44
2013.11.07 13:40:33.251,1.13271,1.13297,2.63,2.44
2013.11.07 13:40:33.492,1.13272,1.13297,1.13,1.50
2013.11.07 13:40:33.612,1.13272,1.13299,1.13,1.13
2013.11.07 13:40:34.089,1.13272,1.133,1.32,2.25
2013.11.07 13:40:34.210,1.13272,1.13301,1.32,1.88
2013.11.07 13:40:34.389,1.13272,1.13303,1.32,1.50
2013.11.07 13:40:34.778,1.13272,1.13304,1.32,2.25
2013.11.07 13:40:34.856,1.13273,1.13304,1.69,1.50
2013.11.07 13:40:35.223,1.13272,1.13304,1.13,1.50
2013.11.07 13:40:35.351,1.13272,1.13307,1.13,3.19
2013.11.07 13:40:36.121,1.13277,1.13308,1.13,2.44
2013.11.07 13:40:36.361,1.13277,1.13307,1.13,1.69
2013.11.07 13:40:37.041,1.13277,1.13307,1.13,1.69
2013.11.07 13:40:38.861,1.13277,1.13304,1.13,1.50
2013.11.07 13:40:38.920,1.13277,1.13303,1.13,1.50
2013.11.07 13:40:39.041,1.13273,1.13303,1.88,1.50
2013.11.07 13:40:39.161,1.13272,1.133,1.13,1.13
2013.11.07 13:40:39.520,1.13272,1.13298,1.13,2.25
2013.11.07 13:40:40.190,1.13273,1.13297,1.13,1.50
2013.11.07 13:40:40.530,1.13273,1.13297,1.13,1.50
2013.11.07 13:40:41.991,1.13283,1.13297,1.50,1.50
2013.11.07 13:40:42.112,1.13286,1.13298,2.25,1.88
2013.11.07 13:40:42.172,1.1329,1.13298,1.50,1.50
2013.11.07 13:40:42.292,1.1329,1.13306,1.50,1.50
2013.11.07 13:40:42.351,1.13292,1.13306,1.50,1.50
2013.11.07 13:40:42.710,1.13302,1.13318,1.32,1.50
2013.11.07 13:40:42.830,1.133,1.13321,2.63,1.50
2013.11.07 13:40:42.890,1.13308,1.13331,1.50,1.13
2013.11.07 13:40:42.951,1.13308,1.13331,1.50,1.13
2013.11.07 13:40:43.660,1.13317,1.13341,1.13,1.50
2013.11.07 13:40:44.213,1.13318,1.13334,1.13,1.50
2013.11.07 13:40:44.792,1.13318,1.13338,1.13,1.50
2013.11.07 13:40:44.862,1.13318,1.13337,1.13,1.50
2013.11.07 13:40:45.282,1.13318,1.13341,1.13,1.13
2013.11.07 13:40:45.353,1.13318,1.13341,1.13,1.88
2013.11.07 13:40:45.660,1.13315,1.13341,1.50,1.13
2013.11.07 13:40:46.025,1.13316,1.13342,1.50,2.25
2013.11.07 13:40:46.391,1.13316,1.13342,1.50,2.44
2013.11.07 13:40:46.642,1.13315,1.13342,1.50,1.50
2013.11.07 13:40:46.761,1.13315,1.13344,1.50,1.13
2013.11.07 13:40:47.383,1.13311,1.13344,1.13,1.88
2013.11.07 13:40:47.934,1.13307,1.13333,1.88,1.50
2013.11.07 13:40:48.181,1.13307,1.13333,1.13,1.50
2013.11.07 13:40:48.653,1.13307,1.13333,2.07,1.50
2013.11.07 13:40:48.841,1.13307,1.13333,1.88,1.50
2013.11.07 13:40:48.902,1.13307,1.13331,1.13,1.50
2013.11.07 13:40:49.391,1.13309,1.1333,1.13,1.13
2013.11.07 13:40:49.452,1.13309,1.1333,1.13,1.13
2013.11.07 13:40:49.571,1.13309,1.1333,1.13,1.13
2013.11.07 13:40:49.872,1.13309,1.1333,1.13,1.13
2013.11.07 13:40:52.382,1.13309,1.13328,1.13,1.13
2013.11.07 13:40:52.684,1.13309,1.13327,1.13,1.88
2013.11.07 13:40:52.991,1.13309,1.13326,1.13,1.50
2013.11.07 13:40:53.602,1.13309,1.13327,1.13,1.50
2013.11.07 13:40:54.152,1.13309,1.1333,1.13,1.13
2013.11.07 13:40:54.523,1.13309,1.13328,1.13,1.13
2013.11.07 13:40:54.590,1.13309,1.1333,1.13,1.13
2013.11.07 13:40:54.771,1.13309,1.13333,1.13,1.13
2013.11.07 13:40:54.830,1.13309,1.13333,1.13,1.50
2013.11.07 13:40:55.191,1.1331,1.1333,1.88,1.13
2013.11.07 13:40:55.371,1.1331,1.1333,1.88,1.13
2013.11.07 13:40:56.684,1.13297,1.13326,1.50,1.50
2013.11.07 13:40:56.994,1.13297,1.13323,1.50,1.50
2013.11.07 13:40:58.005,1.13295,1.13323,1.13,2.25
2013.11.07 13:40:59.483,1.13297,1.13323,1.50,1.13
2013.11.07 13:41:00.426,1.13297,1.13323,1.88,1.13
2013.11.07 13:41:01.850,1.13296,1.13323,1.88,1.13
2013.11.07 13:41:02.153,1.13294,1.13313,1.13,1.50
2013.11.07 13:41:02.222,1.13294,1.13313,1.13,1.50
2013.11.07 13:41:02.342,1.13294,1.13323,1.32,1.13
2013.11.07 13:41:02.403,1.13301,1.13324,1.50,1.13
2013.11.07 13:41:02.651,1.13302,1.13328,1.50,1.13
2013.11.07 13:41:02.771,1.13302,1.1333,1.69,1.13
2013.11.07 13:41:02.893,1.13303,1.13333,2.82,2.63
2013.11.07 13:41:03.443,1.13304,1.13333,1.13,1.13
2013.11.07 13:41:06.801,1.13306,1.13333,1.50,1.13
2013.11.07 13:41:06.981,1.13306,1.13336,2.25,1.13
2013.11.07 13:41:07.460,1.13307,1.13336,1.50,1.13
2013.11.07 13:41:07.762,1.13313,1.13337,1.88,1.13
2013.11.07 13:41:07.823,1.13315,1.13338,2.25,1.50
2013.11.07 13:41:08.182,1.13317,1.13336,1.50,1.50
2013.11.07 13:41:08.766,1.13311,1.13333,1.13,1.50
2013.11.07 13:41:08.891,1.13311,1.13333,1.13,2.25
2013.11.07 13:41:09.194,1.13311,1.13333,1.13,2.44
2013.11.07 13:41:09.261,1.13311,1.13333,1.13,2.44
2013.11.07 13:41:09.471,1.13311,1.13333,1.13,2.44
2013.11.07 13:41:10.210,1.1331,1.13329,1.13,1.50
2013.11.07 13:41:10.511,1.13313,1.13328,2.25,1.50
2013.11.07 13:41:10.633,1.13316,1.13329,1.50,1.13
2013.11.07 13:41:11.001,1.13311,1.13334,2.25,1.50
2013.11.07 13:41:11.183,1.13325,1.13331,1.50,1.50
2013.11.07 13:41:11.312,1.13322,1.13347,1.88,2.25
2013.11.07 13:41:11.681,1.13327,1.13348,2.25,1.50
2013.11.07 13:41:11.801,1.13325,1.1335,1.88,1.50
2013.11.07 13:41:11.861,1.13325,1.1335,1.88,1.50
2013.11.07 13:41:11.980,1.13325,1.13346,1.50,1.13
2013.11.07 13:41:12.101,1.13322,1.13346,1.88,1.32
2013.11.07 13:41:12.221,1.13322,1.13346,1.50,1.13
2013.11.07 13:41:12.460,1.1332,1.13345,1.13,1.50
2013.11.07 13:41:12.701,1.1332,1.13345,1.13,1.50
2013.11.07 13:41:12.883,1.1332,1.13345,1.13,1.50
2013.11.07 13:41:13.671,1.13319,1.13349,1.13,1.50
2013.11.07 13:41:13.920,1.1332,1.13354,1.50,1.69
2013.11.07 13:41:14.040,1.1332,1.13354,1.69,1.50
2013.11.07 13:41:14.643,1.1332,1.13349,1.50,1.50
2013.11.07 13:41:14.950,1.1332,1.13351,1.50,1.50
2013.11.07 13:41:15.132,1.1332,1.1335,1.50,1.50
2013.11.07 13:41:15.670,1.1332,1.1335,1.13,1.50
2013.11.07 13:41:17.390,1.13317,1.13347,1.32,1.50
2013.11.07 13:41:17.638,1.13319,1.13351,1.13,2.25
2013.11.07 13:41:17.943,1.1332,1.13349,1.88,1.13
2013.11.07 13:41:18.273,1.13319,1.13349,1.88,1.13
2013.11.07 13:41:18.632,1.13319,1.1335,1.88,1.13
2013.11.07 13:41:18.891,1.13319,1.13336,1.88,1.13
2013.11.07 13:41:18.951,1.13319,1.13336,1.88,1.13
2013.11.07 13:41:21.342,1.1332,1.13342,1.88,1.50
2013.11.07 13:41:21.628,1.1332,1.13343,1.88,1.13
2013.11.07 13:41:22.411,1.13314,1.13346,1.32,1.50
2013.11.07 13:41:22.650,1.13321,1.13349,1.50,2.25
2013.11.07 13:41:23.432,1.13322,1.13351,1.69,1.50
2013.11.07 13:41:23.551,1.13322,1.13353,1.69,1.50
2013.11.07 13:41:24.081,1.13321,1.13356,2.44,1.50
2013.11.07 13:41:24.201,1.13322,1.13357,1.69,2.63
2013.11.07 13:41:25.370,1.13322,1.13357,1.69,2.63
2013.11.07 13:41:25.945,1.13318,1.13353,2.82,2.25
2013.11.07 13:41:26.434,1.13322,1.13353,1.50,3.00
2013.11.07 13:41:27.131,1.13321,1.13353,1.69,1.50
2013.11.07 13:41:27.687,1.13321,1.13353,1.69,1.50
2013.11.07 13:41:28.273,1.13321,1.13354,1.69,1.50
2013.11.07 13:41:28.334,1.13319,1.13352,1.69,1.50
2013.11.07 13:41:29.351,1.13318,1.13351,2.07,1.50
2013.11.07 13:41:29.803,1.13318,1.13353,2.07,1.50
2013.11.07 13:41:34.090,1.13319,1.13353,1.69,1.50
2013.11.07 13:41:34.392,1.13317,1.13353,2.82,1.50
2013.11.07 13:41:35.791,1.13317,1.13354,2.82,2.25
2013.11.07 13:41:36.032,1.1332,1.13353,1.69,1.50
2013.11.07 13:41:36.633,1.13318,1.13348,2.07,2.25
2013.11.07 13:41:37.182,1.13317,1.13353,2.07,3.00
2013.11.07 13:41:37.492,1.13318,1.13349,1.88,1.13
2013.11.07 13:41:38.226,1.13312,1.13342,1.88,1.69
2013.11.07 13:41:39.892,1.13309,1.13343,1.32,1.50
2013.11.07 13:41:40.421,1.13311,1.13344,2.44,1.50
2013.11.07 13:41:40.661,1.1331,1.13344,2.82,1.13
2013.11.07 13:41:40.900,1.13312,1.13342,1.50,1.50
2013.11.07 13:41:41.320,1.13315,1.1334,1.13,1.50
2013.11.07 13:41:41.801,1.13312,1.13338,1.50,1.50
2013.11.07 13:41:42.311,1.13312,1.13339,1.50,2.25
2013.11.07 13:41:42.640,1.13312,1.13343,1.69,3.00
2013.11.07 13:41:43.999,1.13314,1.13344,1.32,1.50
2013.11.07 13:41:44.544,1.13314,1.13345,1.32,1.50
2013.11.07 13:41:44.614,1.13314,1.13345,1.32,1.50
2013.11.07 13:41:45.121,1.13313,1.13345,1.69,1.50
2013.11.07 13:41:46.570,1.13318,1.13347,1.32,3.00
2013.11.07 13:41:46.697,1.13318,1.13347,1.32,1.50
2013.11.07 13:41:46.940,1.13314,1.13347,1.32,1.50
2013.11.07 13:41:47.000,1.13314,1.13347,1.32,2.25
2013.11.07 13:41:47.361,1.13313,1.13338,2.07,1.50
2013.11.07 13:41:48.041,1.13313,1.13339,1.32,1.50
2013.11.07 13:41:48.301,1.13313,1.13342,1.32,2.25
2013.11.07 13:41:48.362,1.13313,1.13342,1.32,2.25
2013.11.07 13:41:48.431,1.13313,1.13341,1.13,1.50
2013.11.07 13:41:48.612,1.13312,1.13338,1.50,1.50
2013.11.07 13:41:48.735,1.13312,1.13334,1.50,1.50
2013.11.07 13:41:49.052,1.13312,1.13328,1.50,2.25
2013.11.07 13:41:49.602,1.13298,1.13323,1.13,2.25
2013.11.07 13:41:50.020,1.13298,1.13325,1.13,1.50
2013.11.07 13:41:50.080,1.13298,1.13325,1.13,2.25
2013.11.07 13:41:50.260,1.13297,1.13324,1.13,2.25
2013.11.07 13:41:50.620,1.13301,1.13325,1.50,2.25
2013.11.07 13:41:50.981,1.13301,1.13326,1.50,2.25
2013.11.07 13:41:51.341,1.13301,1.13322,1.50,1.50
2013.11.07 13:41:52.541,1.13297,1.13325,1.13,1.50
2013.11.07 13:41:52.860,1.13297,1.13322,1.13,1.50
2013.11.07 13:41:54.571,1.13297,1.13321,1.13,1.50
2013.11.07 13:41:54.691,1.13298,1.13317,1.13,1.50
2013.11.07 13:41:55.241,1.13293,1.13317,1.13,2.25
2013.11.07 13:41:55.694,1.13293,1.13317,1.13,2.25
2013.11.07 13:41:56.851,1.13297,1.13316,1.50,1.50
2013.11.07 13:41:57.211,1.13287,1.13314,1.88,1.69
2013.11.07 13:41:57.573,1.13286,1.13306,1.13,1.50
2013.11.07 13:41:57.641,1.13286,1.13309,1.13,2.25
2013.11.07 13:41:57.933,1.13286,1.13308,1.13,1.50
2013.11.07 13:41:58.471,1.13286,1.13306,1.13,1.50
2013.11.07 13:41:59.250,1.13285,1.13304,1.50,2.25
2013.11.07 13:41:59.803,1.13291,1.13304,1.50,1.50
2013.11.07 13:41:59.932,1.13292,1.13305,1.50,1.50
2013.11.07 13:42:00.142,1.13292,1.13304,1.50,1.50
2013.11.07 13:42:00.260,1.13292,1.13311,1.50,2.25
2013.11.07 13:42:00.620,1.13292,1.13308,1.50,2.25
2013.11.07 13:42:02.098,1.13282,1.13305,1.50,1.50
2013.11.07 13:42:02.600,1.13282,1.13305,1.50,2.25
2013.11.07 13:42:02.841,1.13286,1.13308,1.50,1.69
2013.11.07 13:42:03.471,1.13286,1.13308,1.50,1.50
2013.11.07 13:42:03.710,1.13286,1.13311,1.50,1.50
2013.11.07 13:42:03.950,1.13286,1.13311,1.50,3.00
2013.11.07 13:42:04.311,1.13277,1.13299,1.50,1.50
2013.11.07 13:42:04.670,1.13266,1.13292,1.88,1.50
2013.11.07 13:42:04.910,1.13266,1.13292,1.88,1.50
2013.11.07 13:42:05.462,1.13271,1.13292,1.69,1.50
2013.11.07 13:42:06.000,1.13276,1.13292,1.50,1.50
2013.11.07 13:42:07.481,1.13272,1.13295,1.50,1.50
2013.11.07 13:42:07.601,1.13272,1.13299,1.50,1.50
2013.11.07 13:42:07.661,1.13272,1.13296,1.50,1.50
2013.11.07 13:42:09.111,1.13276,1.13299,1.50,1.50
2013.11.07 13:42:09.352,1.13276,1.13299,1.50,1.50
2013.11.07 13:42:09.532,1.13274,1.13299,1.50,2.25
2013.11.07 13:42:09.651,1.13272,1.13293,1.50,1.50
2013.11.07 13:42:09.770,1.13272,1.13298,1.50,1.50
2013.11.07 13:42:10.297,1.13272,1.13295,1.50,1.50
2013.11.07 13:42:12.845,1.13267,1.13297,1.50,2.44
2013.11.07 13:42:15.644,1.13272,1.13297,1.50,3.38
2013.11.07 13:42:15.712,1.13272,1.13296,1.50,1.32
2013.11.07 13:42:15.890,1.13272,1.13296,1.50,1.69
2013.11.07 13:42:16.261,1.13272,1.13294,1.50,1.69
2013.11.07 13:42:16.501,1.13267,1.13294,1.50,1.50
2013.11.07 13:42:19.981,1.13264,1.13299,1.50,1.50
2013.11.07 13:42:20.102,1.13263,1.13296,1.32,1.50
2013.11.07 13:42:20.413,1.13263,1.13294,1.13,1.50
2013.11.07 13:42:21.083,1.13263,1.13297,1.32,1.50
2013.11.07 13:42:21.570,1.13264,1.13294,1.13,1.50
2013.11.07 13:42:21.931,1.13264,1.13291,1.13,2.25
2013.11.07 13:42:22.232,1.13264,1.13291,1.13,2.25
2013.11.07 13:42:23.715,1.13264,1.1329,1.13,1.50
2013.11.07 13:42:23.843,1.13264,1.13291,1.13,2.25
2013.11.07 13:42:24.441,1.13264,1.13291,1.13,2.44
2013.11.07 13:42:24.753,1.13266,1.13288,1.50,1.50
2013.11.07 13:42:25.421,1.13269,1.13289,1.50,1.13
2013.11.07 13:42:25.482,1.13269,1.13293,1.50,1.50
2013.11.07 13:42:25.552,1.13269,1.13294,1.50,1.50
2013.11.07 13:42:25.860,1.13266,1.13294,1.50,1.69
2013.11.07 13:42:26.795,1.13266,1.13294,1.50,1.69
2013.11.07 13:42:27.601,1.13264,1.13292,1.13,1.32
2013.11.07 13:42:28.465,1.13267,1.13291,1.50,2.07
2013.11.07 13:42:28.906,1.13267,1.13291,1.50,2.07
2013.11.07 13:42:29.211,1.13267,1.13291,1.50,2.07
2013.11.07 13:42:29.901,1.13267,1.13291,1.50,2.07
2013.11.07 13:42:30.520,1.13267,1.13291,1.50,2.07
2013.11.07 13:42:30.641,1.13267,1.13291,1.50,2.07
2013.11.07 13:42:31.310,1.13267,1.13291,1.50,2.07
2013.11.07 13:42:31.571,1.13267,1.13291,1.50,2.07
2013.11.07 13:42:32.290,1.13267,1.13291,1.50,2.82
2013.11.07 13:42:35.783,1.13267,1.13291,1.50,2.82
2013.11.07 13:42:38.903,1.13264,1.13289,1.13,1.13
2013.11.07 13:42:39.152,1.13266,1.13294,1.50,1.69
2013.11.07 13:42:39.892,1.13271,1.13296,1.50,1.50
2013.11.07 13:42:40.021,1.13271,1.133,1.50,2.25
2013.11.07 13:42:40.200,1.13271,1.13302,1.50,2.63
2013.11.07 13:42:40.741,1.13271,1.13304,1.50,2.25
2013.11.07 13:42:40.801,1.1327,1.13302,1.50,1.50
2013.11.07 13:42:40.923,1.13273,1.13304,1.13,1.50
2013.11.07 13:42:41.550,1.13273,1.13302,1.13,1.13
2013.11.07 13:42:42.062,1.13272,1.13302,1.88,2.25
2013.11.07 13:42:42.570,1.13273,1.13296,1.13,1.50
2013.11.07 13:42:42.896,1.13271,1.13294,1.50,1.50
2013.11.07 13:42:43.290,1.13267,1.13292,1.13,2.25
2013.11.07 13:42:43.733,1.13266,1.13289,1.50,2.25
2013.11.07 13:42:44.671,1.13264,1.13291,1.32,1.50
2013.11.07 13:42:45.130,1.13264,1.13291,1.32,1.50
2013.11.07 13:42:46.901,1.13264,1.13291,1.32,1.50
2013.11.07 13:42:47.762,1.13264,1.13294,1.32,2.25
2013.11.07 13:42:47.913,1.13268,1.13294,1.32,2.25
2013.11.07 13:42:48.212,1.13266,1.13293,1.50,1.50
2013.11.07 13:42:48.574,1.13266,1.13288,1.69,1.50
2013.11.07 13:42:49.341,1.13271,1.13288,1.50,1.50
2013.11.07 13:42:49.890,1.13271,1.13288,1.50,1.50
2013.11.07 13:42:50.450,1.13278,1.13291,1.50,1.50
2013.11.07 13:42:50.510,1.1328,1.13298,1.50,1.88
2013.11.07 13:42:50.691,1.13273,1.13298,1.88,1.50
2013.11.07 13:42:50.751,1.13273,1.13296,1.13,1.50
2013.11.07 13:42:51.004,1.13271,1.13289,1.50,1.50
2013.11.07 13:42:52.372,1.13271,1.13292,1.50,3.75
2013.11.07 13:42:54.080,1.13271,1.13291,1.50,2.25
2013.11.07 13:42:54.800,1.13271,1.13291,1.50,1.50
2013.11.07 13:42:54.981,1.13272,1.13294,1.50,2.25
2013.11.07 13:42:55.342,1.13269,1.13294,1.13,2.25
2013.11.07 13:42:55.844,1.13268,1.13295,1.50,2.25
2013.11.07 13:42:57.416,1.13266,1.1329,1.50,1.50
2013.11.07 13:42:57.724,1.1327,1.13287,1.50,1.50
2013.11.07 13:42:58.270,1.13267,1.13285,1.69,1.50
2013.11.07 13:42:58.391,1.13267,1.13289,1.69,1.50
2013.11.07 13:42:59.041,1.1327,1.13289,1.50,1.50
2013.11.07 13:42:59.341,1.1327,1.13292,1.50,1.69
2013.11.07 13:42:59.652,1.13266,1.13291,1.69,1.50
2013.11.07 13:42:59.892,1.13266,1.13291,1.69,1.50
2013.11.07 13:43:00.250,1.13261,1.13286,1.13,3.75
2013.11.07 13:43:00.860,1.13262,1.13286,1.50,2.25
2013.11.07 13:43:01.471,1.13261,1.13291,1.69,2.25
2013.11.07 13:43:03.710,1.13262,1.13291,1.13,2.25
2013.11.07 13:43:04.321,1.13265,1.13291,1.50,2.25
2013.11.07 13:43:04.501,1.13265,1.13295,1.50,2.25
2013.11.07 13:43:04.681,1.13262,1.13293,1.13,1.50
2013.11.07 13:43:04.922,1.13265,1.13293,1.50,2.25
2013.11.07 13:43:05.361,1.13262,1.13292,1.13,1.50
2013.11.07 13:43:05.889,1.13261,1.13291,2.07,1.13
2013.11.07 13:43:06.130,1.13265,1.13293,1.50,1.13
2013.11.07 13:43:06.310,1.13265,1.13295,1.50,1.13
2013.11.07 13:43:06.669,1.13262,1.13292,1.50,1.50
2013.11.07 13:43:06.746,1.13265,1.13292,1.50,1.50
2013.11.07 13:43:09.142,1.13265,1.13292,1.50,1.50
2013.11.07 13:43:10.870,1.13265,1.13292,1.50,2.25
2013.11.07 13:43:11.361,1.13265,1.13291,1.69,1.50
2013.11.07 13:43:12.182,1.13267,1.13291,1.13,1.50
2013.11.07 13:43:12.343,1.13267,1.13291,1.13,1.50
2013.11.07 13:43:14.591,1.13267,1.13293,1.13,2.25
2013.11.07 13:43:15.451,1.13266,1.13293,1.32,2.25
2013.11.07 13:43:16.451,1.13267,1.13293,1.13,2.25
2013.11.07 13:43:16.870,1.13269,1.13293,2.44,1.50
2013.11.07 13:43:17.371,1.13271,1.13297,1.32,1.50
2013.11.07 13:43:17.432,1.13271,1.13301,1.32,1.50
2013.11.07 13:43:20.162,1.13273,1.13301,1.69,1.50
2013.11.07 13:43:20.461,1.13273,1.133,1.88,1.50
2013.11.07 13:43:20.520,1.13273,1.133,1.13,1.50
2013.11.07 13:43:21.240,1.13273,1.13297,1.13,1.50
2013.11.07 13:43:21.660,1.13278,1.13297,1.13,1.50
2013.11.07 13:43:22.071,1.13281,1.13297,1.13,1.50
2013.11.07 13:43:22.582,1.13281,1.13296,1.13,1.50
2013.11.07 13:43:22.893,1.1328,1.13291,1.13,1.50
2013.11.07 13:43:23.201,1.1328,1.13288,1.13,1.50
2013.11.07 13:43:23.503,1.13278,1.13286,1.13,1.50
2013.11.07 13:43:24.323,1.13279,1.13287,1.88,1.50
2013.11.07 13:43:24.853,1.13283,1.13288,1.13,1.50
2013.11.07 13:43:26.152,1.13279,1.13287,1.88,1.50
2013.11.07 13:43:26.283,1.13279,1.13287,1.88,1.50
2013.11.07 13:43:26.610,1.13281,1.13288,1.13,1.50
2013.11.07 13:43:27.371,1.13282,1.13292,1.13,1.50
2013.11.07 13:43:27.661,1.13282,1.13291,1.13,1.50
2013.11.07 13:43:27.723,1.13283,1.13297,1.13,1.69
2013.11.07 13:43:27.790,1.13279,1.13288,1.13,1.13
2013.11.07 13:43:28.311,1.13278,1.13286,1.13,1.50
2013.11.07 13:43:28.841,1.13278,1.13287,1.13,1.50
2013.11.07 13:43:29.023,1.13279,1.13287,1.13,1.13
2013.11.07 13:43:29.451,1.13276,1.13292,1.13,1.88
2013.11.07 13:43:29.933,1.13276,1.13292,1.13,1.50
2013.11.07 13:43:30.062,1.13276,1.13296,1.13,1.50
2013.11.07 13:43:30.742,1.13276,1.13297,1.13,1.50
2013.11.07 13:43:31.351,1.13276,1.13297,1.13,1.50
2013.11.07 13:43:31.771,1.13276,1.13301,1.13,1.50
2013.11.07 13:43:31.950,1.13275,1.13301,1.13,2.25
2013.11.07 13:43:32.491,1.13275,1.13296,1.13,1.50
2013.11.07 13:43:33.131,1.13276,1.13292,1.13,1.50
2013.11.07 13:43:33.711,1.13276,1.13291,1.13,1.50
2013.11.07 13:43:34.491,1.13276,1.13292,1.13,1.50
2013.11.07 13:43:35.050,1.13279,1.13292,1.13,1.50
2013.11.07 13:43:35.866,1.13279,1.13291,1.13,1.50
2013.11.07 13:43:36.412,1.13278,1.13291,1.13,1.50
2013.11.07 13:43:36.951,1.13279,1.13291,1.13,1.88
2013.11.07 13:43:37.288,1.13278,1.13291,1.13,1.50
2013.11.07 13:43:37.548,1.13279,1.13291,1.13,1.50
2013.11.07 13:43:37.611,1.13278,1.1329,1.13,1.50
2013.11.07 13:43:37.730,1.13279,1.13291,1.13,1.50
2013.11.07 13:43:38.445,1.13279,1.13291,1.13,1.50
2013.11.07 13:43:39.171,1.13278,1.13296,1.13,1.50
2013.11.07 13:43:39.232,1.13278,1.13301,1.13,1.50
2013.11.07 13:43:39.291,1.13278,1.13302,1.13,2.25
2013.11.07 13:43:39.471,1.13278,1.13302,1.13,3.00
2013.11.07 13:43:39.773,1.13279,1.13293,1.13,1.50
2013.11.07 13:43:40.251,1.13279,1.13297,1.13,1.50
2013.11.07 13:43:40.311,1.13279,1.13296,1.13,1.50
2013.11.07 13:43:40.631,1.13279,1.13297,1.13,1.50
2013.11.07 13:43:40.855,1.13279,1.13296,1.13,1.50
2013.11.07 13:43:41.410,1.13279,1.13292,1.13,1.13
2013.11.07 13:43:41.713,1.13278,1.13289,1.13,1.13
2013.11.07 13:43:41.782,1.13279,1.13292,1.13,1.50
2013.11.07 13:43:41.844,1.13279,1.13297,1.13,1.50
2013.11.07 13:43:41.912,1.13278,1.133,1.88,1.13
2013.11.07 13:43:42.052,1.13286,1.13306,1.50,1.13
2013.11.07 13:43:42.232,1.13287,1.13305,1.13,1.13
2013.11.07 13:43:42.591,1.13287,1.13304,1.13,1.50
2013.11.07 13:43:42.651,1.13287,1.13307,1.13,1.69
2013.11.07 13:43:42.711,1.13289,1.13308,1.13,1.50
2013.11.07 13:43:43.012,1.13292,1.13315,1.13,1.69
2013.11.07 13:43:43.080,1.13292,1.13307,1.13,1.50
2013.11.07 13:43:43.320,1.13292,1.13313,1.13,1.32
2013.11.07 13:43:44.679,1.13292,1.13312,1.13,1.32
2013.11.07 13:43:44.759,1.13302,1.13315,1.13,1.50
2013.11.07 13:43:44.822,1.13302,1.13315,1.13,1.50
2013.11.07 13:43:44.942,1.13302,1.13319,1.13,2.25
2013.11.07 13:43:45.481,1.13302,1.13315,1.13,1.50
2013.11.07 13:43:45.780,1.13302,1.13319,1.13,3.75
2013.11.07 13:43:46.430,1.13302,1.13318,1.13,2.25
2013.11.07 13:43:46.996,1.13302,1.13317,1.13,1.50
2013.11.07 13:43:47.062,1.13302,1.13316,1.13,2.07
2013.11.07 13:43:47.123,1.13297,1.13312,1.13,1.69
2013.11.07 13:43:47.181,1.13297,1.13312,1.13,1.50
2013.11.07 13:43:47.241,1.13295,1.13306,1.13,1.50
2013.11.07 13:43:47.421,1.13294,1.13306,1.13,1.50
2013.11.07 13:43:47.482,1.13297,1.13306,1.13,1.50
2013.11.07 13:43:47.663,1.13298,1.13316,1.88,1.50
2013.11.07 13:43:47.724,1.13299,1.13316,1.13,1.50
2013.11.07 13:43:48.034,1.13299,1.13317,1.13,2.25
2013.11.07 13:43:48.400,1.13299,1.13314,1.13,1.50
2013.11.07 13:43:48.941,1.13299,1.13314,1.13,2.25
2013.11.07 13:43:49.481,1.13299,1.13316,1.13,1.50
2013.11.07 13:43:49.822,1.133,1.13314,1.13,2.44
2013.11.07 13:43:50.182,1.13303,1.13311,1.13,1.88
2013.11.07 13:43:50.480,1.13298,1.13309,1.88,1.50
2013.11.07 13:43:50.781,1.13303,1.13319,1.13,3.00
2013.11.07 13:43:50.900,1.13303,1.13317,1.13,1.50
2013.11.07 13:43:51.202,1.13302,1.13316,1.13,1.50
2013.11.07 13:43:51.262,1.13302,1.13316,1.13,1.50
2013.11.07 13:43:51.681,1.13303,1.13317,1.13,1.50
2013.11.07 13:43:51.801,1.13303,1.13318,1.13,3.00
2013.11.07 13:43:51.920,1.13303,1.13318,1.13,2.25
2013.11.07 13:43:51.980,1.13303,1.13318,1.13,3.00
2013.11.07 13:43:52.341,1.13302,1.13312,1.13,1.50
2013.11.07 13:43:52.521,1.13303,1.13316,1.13,1.50
2013.11.07 13:43:52.960,1.13302,1.13313,1.13,2.25
2013.11.07 13:43:53.163,1.13302,1.13311,1.13,1.50
2013.11.07 13:43:53.351,1.13303,1.13311,1.13,1.50
2013.11.07 13:43:53.827,1.13302,1.13315,1.13,1.50
2013.11.07 13:43:54.486,1.13303,1.13312,1.13,2.25
2013.11.07 13:43:55.492,1.13303,1.13315,1.13,1.50
2013.11.07 13:43:59.840,1.13303,1.13315,1.13,2.25
2013.11.07 13:44:00.523,1.13303,1.13315,1.13,2.25
2013.11.07 13:44:01.046,1.13303,1.13315,1.13,2.25
2013.11.07 13:44:04.822,1.13302,1.13318,1.13,2.25
2013.11.07 13:44:05.722,1.13302,1.13317,1.13,1.50
2013.11.07 13:44:06.080,1.13298,1.13307,1.13,1.50
2013.11.07 13:44:06.142,1.13299,1.13307,1.13,1.50
2013.11.07 13:44:06.331,1.13289,1.13311,1.13,1.50
2013.11.07 13:44:06.451,1.13288,1.13308,1.13,1.69
2013.11.07 13:44:06.991,1.13283,1.13303,1.13,1.50
2013.11.07 13:44:07.230,1.13283,1.13306,1.13,3.00
2013.11.07 13:44:07.531,1.13283,1.13306,1.13,3.19
2013.11.07 13:44:07.891,1.13283,1.13302,1.13,1.50
2013.11.07 13:44:08.292,1.13283,1.13305,1.13,1.50
2013.11.07 13:44:08.352,1.13283,1.13303,1.13,1.50
2013.11.07 13:44:08.964,1.13282,1.13304,1.13,1.50
2013.11.07 13:44:09.742,1.13278,1.13302,1.13,2.25
2013.11.07 13:44:09.801,1.13278,1.13301,1.13,1.50
2013.11.07 13:44:10.160,1.13278,1.13299,1.13,1.50
2013.11.07 13:44:10.523,1.13278,1.13299,1.13,1.50
2013.11.07 13:44:11.103,1.13278,1.13299,1.13,1.50
2013.11.07 13:44:11.321,1.13279,1.13301,1.13,1.50
2013.11.07 13:44:11.872,1.1328,1.13302,1.13,1.50
2013.11.07 13:44:12.060,1.1328,1.13304,1.13,1.50
2013.11.07 13:44:12.601,1.13279,1.13305,1.13,1.50
2013.11.07 13:44:12.661,1.13279,1.13305,1.13,2.25
2013.11.07 13:44:12.964,1.13279,1.13302,1.13,2.25
2013.11.07 13:44:13.643,1.1328,1.13301,1.13,3.00
2013.11.07 13:44:13.930,1.1328,1.13296,1.13,1.50
2013.11.07 13:44:14.900,1.1328,1.13297,1.13,1.50
2013.11.07 13:44:15.861,1.1328,1.133,1.13,1.69
2013.11.07 13:44:16.101,1.1328,1.13299,1.13,2.25
2013.11.07 13:44:16.525,1.1328,1.13299,1.13,2.25
2013.11.07 13:44:18.100,1.1328,1.13299,1.13,2.25
2013.11.07 13:44:18.911,1.1328,1.13299,1.13,2.25
2013.11.07 13:44:19.450,1.1328,1.133,1.13,1.50
2013.11.07 13:44:19.850,1.1328,1.13303,1.13,2.25
2013.11.07 13:44:20.401,1.13279,1.13306,1.13,1.69
2013.11.07 13:44:20.520,1.13279,1.13306,1.13,1.32
2013.11.07 13:44:20.641,1.13279,1.13306,1.13,1.32
2013.11.07 13:44:21.961,1.13285,1.13311,1.13,1.69
2013.11.07 13:44:22.583,1.13287,1.13311,1.13,1.50
2013.11.07 13:44:23.005,1.13285,1.13303,1.13,2.25
2013.11.07 13:44:23.313,1.13285,1.13298,1.13,1.50
2013.11.07 13:44:23.620,1.1328,1.13297,1.13,2.44
2013.11.07 13:44:23.680,1.1328,1.13297,1.13,1.69
2013.11.07 13:44:25.403,1.13279,1.13301,1.13,3.19
2013.11.07 13:44:26.523,1.1328,1.133,1.13,1.69
2013.11.07 13:44:26.894,1.1328,1.13295,1.13,1.50
2013.11.07 13:44:27.901,1.13279,1.13295,1.13,1.50
2013.11.07 13:44:28.441,1.1328,1.13298,1.13,1.50
2013.11.07 13:44:28.563,1.13276,1.13298,1.13,1.50
2013.11.07 13:44:28.632,1.13275,1.13298,1.13,2.25
2013.11.07 13:44:28.933,1.13276,1.13294,1.13,1.50
2013.11.07 13:44:29.760,1.13276,1.13296,1.13,1.50
2013.11.07 13:44:30.263,1.13276,1.13298,1.13,3.00
2013.11.07 13:44:30.573,1.13276,1.13298,1.13,3.00
2013.11.07 13:44:30.632,1.13276,1.13296,1.13,1.50
2013.11.07 13:44:30.691,1.13276,1.13298,1.13,2.25
2013.11.07 13:44:30.751,1.13275,1.13296,1.13,1.50
2013.11.07 13:44:31.233,1.13275,1.13295,1.13,1.50
2013.11.07 13:44:31.741,1.13267,1.13294,1.50,1.50
2013.11.07 13:44:32.526,1.13266,1.13295,2.25,1.69
2013.11.07 13:44:33.299,1.13267,1.13294,1.13,1.69
2013.11.07 13:44:34.070,1.13267,1.13294,1.13,1.50
2013.11.07 13:44:34.622,1.13271,1.13295,1.50,1.50
2013.11.07 13:44:35.020,1.13267,1.13295,1.13,2.25
2013.11.07 13:44:35.414,1.13272,1.13296,1.50,1.50
2013.11.07 13:44:35.544,1.13272,1.13301,1.50,1.69
2013.11.07 13:44:35.921,1.1327,1.13301,1.13,1.50
2013.11.07 13:44:36.603,1.13267,1.13299,1.88,1.69
2013.11.07 13:44:36.902,1.13272,1.13301,1.50,1.69
2013.11.07 13:44:37.081,1.13272,1.13303,1.50,1.32
2013.11.07 13:44:37.623,1.13271,1.13302,1.50,2.63
2013.11.07 13:44:37.810,1.13269,1.13305,1.13,1.32
2013.11.07 13:44:38.171,1.1327,1.13301,1.13,2.07
2013.11.07 13:44:38.515,1.1327,1.13301,1.13,2.07
2013.11.07 13:44:39.381,1.1327,1.13302,1.13,3.38
2013.11.07 13:44:40.310,1.13269,1.13299,1.13,2.44
2013.11.07 13:44:40.612,1.13266,1.13294,2.25,1.13
2013.11.07 13:44:40.933,1.1326,1.1329,1.13,1.69
2013.11.07 13:44:41.471,1.13261,1.13291,1.50,2.44
2013.11.07 13:44:43.683,1.13266,1.1329,1.50,1.69
2013.11.07 13:44:43.872,1.13266,1.13289,1.50,1.32
2013.11.07 13:44:43.931,1.13266,1.13287,1.50,1.32
2013.11.07 13:44:44.291,1.13262,1.13281,1.50,1.13
2013.11.07 13:44:45.011,1.13256,1.13278,1.88,1.50
2013.11.07 13:44:45.311,1.13257,1.13282,1.50,2.25
2013.11.07 13:44:45.372,1.13256,1.13282,1.50,1.50
2013.11.07 13:44:45.441,1.13256,1.13284,1.88,1.50
2013.11.07 13:44:45.800,1.13256,1.13288,1.88,1.50
2013.11.07 13:44:45.920,1.13256,1.13288,1.88,1.50
2013.11.07 13:44:46.220,1.13256,1.13289,1.50,1.69
2013.11.07 13:44:48.031,1.13256,1.13289,1.50,1.69
2013.11.07 13:44:48.581,1.13256,1.13286,1.50,1.50
2013.11.07 13:44:48.881,1.13257,1.13283,1.50,1.32
2013.11.07 13:44:48.943,1.13257,1.13285,1.50,1.13
2013.11.07 13:44:49.570,1.13257,1.13283,1.50,1.88
2013.11.07 13:44:50.142,1.13251,1.13284,1.13,2.44
2013.11.07 13:44:50.212,1.13251,1.13279,1.13,1.69
2013.11.07 13:44:50.395,1.13251,1.13278,1.50,2.25
2013.11.07 13:44:50.641,1.13257,1.13278,1.50,1.69
2013.11.07 13:44:53.622,1.13243,1.13272,1.50,1.50
2013.11.07 13:44:53.681,1.13243,1.13273,1.50,2.25
2013.11.07 13:44:53.741,1.13243,1.13273,1.50,1.50
2013.11.07 13:44:53.861,1.13238,1.13274,1.50,1.69
2013.11.07 13:44:54.220,1.13238,1.13269,1.50,1.50
2013.11.07 13:44:54.280,1.13238,1.13269,1.50,1.50
2013.11.07 13:44:55.460,1.13237,1.13269,1.50,1.32
2013.11.07 13:44:55.581,1.13237,1.13266,1.50,1.13
2013.11.07 13:44:55.763,1.13237,1.13266,1.50,1.13
2013.11.07 13:44:56.122,1.13243,1.13266,1.32,1.13
2013.11.07 13:44:56.443,1.13243,1.1327,1.32,1.13
2013.11.07 13:44:56.800,1.13245,1.13271,1.69,1.13
2013.11.07 13:44:56.921,1.13244,1.13271,1.50,1.13
2013.11.07 13:44:57.190,1.13245,1.13271,1.50,1.13
2013.11.07 13:44:57.310,1.13244,1.1327,2.44,1.13
2013.11.07 13:44:57.876,1.13243,1.13273,2.07,1.88
2013.11.07 13:44:58.071,1.13243,1.13273,2.82,1.88
2013.11.07 13:44:58.372,1.13248,1.13279,1.69,1.88
2013.11.07 13:44:59.792,1.13251,1.13278,2.44,1.13
2013.11.07 13:45:00.330,1.13255,1.13278,1.88,1.13
2013.11.07 13:45:00.690,1.13254,1.13284,2.25,1.88
2013.11.07 13:45:00.811,1.13251,1.13284,1.69,1.88
2013.11.07 13:45:00.990,1.13249,1.13278,2.25,1.50
2013.11.07 13:45:01.350,1.13247,1.13278,1.88,1.50
2013.11.07 13:45:02.360,1.13248,1.13279,1.50,1.32
2013.11.07 13:45:02.902,1.13247,1.13276,1.50,2.07
2013.11.07 13:45:02.961,1.13242,1.13273,1.50,1.69
2013.11.07 13:45:03.323,1.13239,1.13271,1.50,1.69
2013.11.07 13:45:03.392,1.13239,1.13272,1.50,1.69
2013.11.07 13:45:04.832,1.13246,1.13275,1.50,3.57
2013.11.07 13:45:05.371,1.13246,1.13275,1.50,1.69
2013.11.07 13:45:05.901,1.13242,1.13274,1.50,1.69
2013.11.07 13:45:06.442,1.13241,1.13271,2.25,1.32
2013.11.07 13:45:06.981,1.13239,1.13269,1.50,1.69
2013.11.07 13:45:07.793,1.13239,1.1327,1.50,1.32
2013.11.07 13:45:08.132,1.13238,1.13265,2.25,1.32
2013.11.07 13:45:08.452,1.13239,1.13265,1.50,1.69
2013.11.07 13:45:08.572,1.13239,1.13265,1.50,1.69
2013.11.07 13:45:08.944,1.13239,1.13268,1.50,1.32
2013.11.07 13:45:09.732,1.1325,1.13271,1.50,1.50
2013.11.07 13:45:10.033,1.13249,1.13279,1.50,2.07
2013.11.07 13:45:10.341,1.1325,1.13277,1.50,1.50
2013.11.07 13:45:10.845,1.13252,1.13278,1.50,1.13
2013.11.07 13:45:13.190,1.13252,1.13278,1.50,1.13
2013.11.07 13:45:14.673,1.13245,1.13278,1.13,2.82
2013.11.07 13:45:15.214,1.1324,1.13265,1.50,1.50
2013.11.07 13:45:15.761,1.13241,1.13265,1.50,1.50
2013.11.07 13:45:15.942,1.13241,1.13272,1.50,1.13
2013.11.07 13:45:16.063,1.13241,1.13272,1.50,1.13
2013.11.07 13:45:16.610,1.13244,1.13275,1.50,1.88
2013.11.07 13:45:17.351,1.13242,1.13275,1.50,1.88
2013.11.07 13:45:20.871,1.13241,1.13272,1.50,1.13
2013.11.07 13:45:21.331,1.13241,1.13272,1.50,1.13
2013.11.07 13:45:24.852,1.13243,1.13272,1.50,1.13
2013.11.07 13:45:28.031,1.13245,1.13272,1.50,1.13
2013.11.07 13:45:28.154,1.13247,1.13276,1.50,1.50
2013.11.07 13:45:28.221,1.13244,1.13276,2.44,1.50
2013.11.07 13:45:28.764,1.13245,1.13277,1.50,1.13
2013.11.07 13:45:31.673,1.13243,1.13277,2.25,1.13
2013.11.07 13:45:32.885,1.13243,1.13277,3.00,1.13
2013.11.07 13:45:35.621,1.13243,1.13277,1.50,1.13
2013.11.07 13:45:36.611,1.13243,1.13277,2.25,1.13
2013.11.07 13:45:36.671,1.13246,1.13277,1.50,1.13
2013.11.07 13:45:39.511,1.13246,1.13277,2.25,1.13
2013.11.07 13:45:41.350,1.13253,1.13277,2.44,1.13
2013.11.07 13:45:41.652,1.13257,1.13282,1.50,1.13
2013.11.07 13:45:42.000,1.13255,1.13282,3.00,1.13
2013.11.07 13:45:42.572,1.13255,1.13282,3.00,1.13
2013.11.07 13:45:46.382,1.13256,1.13282,1.50,1.13
2013.11.07 13:45:46.501,1.13259,1.13282,1.50,1.13
2013.11.07 13:45:49.270,1.13252,1.13283,1.50,1.88
2013.11.07 13:45:49.331,1.1325,1.13282,1.50,1.50
2013.11.07 13:45:49.390,1.13249,1.13279,1.50,1.50
2013.11.07 13:45:49.571,1.13248,1.13277,1.50,1.50
2013.11.07 13:45:49.872,1.13242,1.13273,1.50,1.32
2013.11.07 13:45:49.991,1.13244,1.13273,1.50,1.13
2013.11.07 13:45:50.170,1.13244,1.13273,2.25,1.50
2013.11.07 13:45:50.230,1.13244,1.13273,2.25,1.50
2013.11.07 13:45:50.532,1.13244,1.13273,2.25,1.50
2013.11.07 13:45:51.451,1.13246,1.13278,1.50,1.50
2013.11.07 13:45:52.173,1.13246,1.13278,3.19,1.13
2013.11.07 13:45:52.852,1.13249,1.13277,2.44,1.13
2013.11.07 13:45:54.422,1.13262,1.13277,1.13,1.13
2013.11.07 13:45:54.601,1.13264,1.13288,2.63,1.50
2013.11.07 13:45:54.901,1.13258,1.13293,2.25,1.13
2013.11.07 13:45:55.091,1.13256,1.13292,1.50,2.25
2013.11.07 13:45:55.211,1.13255,1.13292,1.69,2.63
2013.11.07 13:45:55.334,1.13255,1.13292,1.69,2.63
2013.11.07 13:45:55.402,1.13255,1.13292,1.69,2.63
2013.11.07 13:45:55.521,1.13255,1.13292,2.44,2.63
2013.11.07 13:45:55.642,1.13258,1.13292,1.32,2.63
2013.11.07 13:45:55.821,1.13257,1.13292,1.32,2.63
2013.11.07 13:45:56.202,1.13257,1.13292,1.69,2.25
2013.11.07 13:45:57.135,1.13255,1.13289,2.44,1.13
2013.11.07 13:45:57.495,1.13255,1.13283,1.50,2.25
2013.11.07 13:45:58.993,1.13253,1.13282,1.50,1.50
2013.11.07 13:45:59.542,1.13253,1.13282,2.25,1.50
2013.11.07 13:45:59.723,1.13251,1.13282,3.38,1.50
2013.11.07 13:45:59.794,1.13251,1.13282,2.63,1.50
2013.11.07 13:45:59.923,1.13251,1.13283,2.07,3.00
2013.11.07 13:46:00.471,1.1325,1.13283,1.13,3.00
2013.11.07 13:46:01.305,1.13251,1.13283,1.88,2.25
2013.11.07 13:46:05.492,1.13251,1.13274,1.88,1.50
2013.11.07 13:46:06.292,1.13252,1.13274,1.50,1.50
2013.11.07 13:46:06.831,1.1325,1.13274,1.88,1.50
2013.11.07 13:46:09.220,1.13252,1.13273,1.50,1.50
2013.11.07 13:46:09.581,1.13254,1.13273,2.07,1.50
2013.11.07 13:46:10.001,1.13258,1.13278,1.69,1.50
2013.11.07 13:46:10.625,1.13258,1.13278,2.82,1.50
2013.11.07 13:46:11.434,1.13261,1.13283,2.25,2.25
2013.11.07 13:46:11.504,1.13261,1.13282,2.25,1.50
2013.11.07 13:46:12.171,1.13255,1.13283,1.88,1.50
2013.11.07 13:46:12.533,1.13255,1.13283,1.13,1.50
2013.11.07 13:46:12.734,1.13256,1.13283,1.50,1.50
2013.11.07 13:46:13.221,1.1326,1.13283,1.13,1.50
2013.11.07 13:46:13.581,1.1326,1.13284,2.63,2.25
2013.11.07 13:46:13.940,1.13264,1.13283,1.50,1.50
2013.11.07 13:46:14.194,1.13258,1.13284,2.07,2.25
2013.11.07 13:46:15.140,1.13258,1.13284,1.69,2.25
2013.11.07 13:46:15.931,1.13258,1.13284,1.69,2.25
2013.11.07 13:46:15.992,1.13258,1.13283,1.50,1.50
2013.11.07 13:46:16.411,1.13256,1.13284,1.13,2.25
2013.11.07 13:46:16.534,1.13256,1.13284,1.13,2.25
2013.11.07 13:46:17.062,1.13258,1.13284,1.13,2.25
2013.11.07 13:46:19.611,1.13256,1.13284,1.13,2.44
2013.11.07 13:46:20.150,1.13253,1.13284,2.63,2.44
2013.11.07 13:46:22.090,1.13255,1.13283,2.25,1.50
2013.11.07 13:46:22.732,1.13255,1.13283,1.50,1.50
2013.11.07 13:46:23.268,1.13252,1.13283,2.25,1.50
2013.11.07 13:46:23.890,1.13255,1.13284,1.69,2.25
2013.11.07 13:46:24.431,1.13258,1.13284,1.13,2.25
2013.11.07 13:46:26.337,1.13259,1.13284,1.13,2.25
2013.11.07 13:46:26.844,1.13259,1.13284,1.13,2.25
2013.11.07 13:46:27.212,1.13257,1.13284,1.32,2.25
2013.11.07 13:46:27.762,1.13259,1.13284,1.88,2.25
2013.11.07 13:46:28.283,1.13259,1.13283,1.88,1.50
2013.11.07 13:46:30.122,1.1326,1.13284,1.50,2.25
2013.11.07 13:46:30.241,1.1326,1.13284,2.25,2.25
2013.11.07 13:46:30.601,1.1327,1.13284,1.50,2.25
2013.11.07 13:46:32.612,1.13268,1.13284,1.69,2.25
2013.11.07 13:46:32.863,1.13273,1.13286,1.50,1.50
2013.11.07 13:46:33.041,1.13268,1.13303,3.19,1.50
2013.11.07 13:46:33.222,1.13268,1.13303,3.57,1.50
2013.11.07 13:46:33.651,1.13274,1.13305,1.13,1.50
2013.11.07 13:46:35.170,1.13271,1.13305,1.13,1.50
2013.11.07 13:46:35.716,1.13271,1.13307,1.13,2.44
2013.11.07 13:46:36.081,1.13274,1.13303,1.50,2.25
2013.11.07 13:46:36.141,1.13274,1.13303,1.50,2.44
2013.11.07 13:46:36.381,1.13274,1.13303,1.50,2.25
2013.11.07 13:46:36.920,1.13272,1.13302,2.07,2.25
2013.11.07 13:46:36.980,1.13272,1.13302,1.32,2.25
2013.11.07 13:46:37.282,1.13272,1.13302,1.88,1.50
2013.11.07 13:46:37.711,1.13272,1.13302,1.13,2.25
2013.11.07 13:46:38.131,1.13276,1.13302,1.88,1.50
2013.11.07 13:46:38.671,1.13274,1.13303,1.50,2.25
2013.11.07 13:46:38.972,1.13273,1.13302,1.13,2.07
2013.11.07 13:46:39.032,1.13273,1.13303,1.88,2.07
2013.11.07 13:46:39.332,1.13272,1.13303,1.50,2.25
2013.11.07 13:46:39.931,1.13273,1.13303,1.50,2.25
2013.11.07 13:46:40.233,1.13276,1.13301,1.50,1.13
2013.11.07 13:46:40.422,1.13274,1.13301,1.50,1.32
2013.11.07 13:46:41.511,1.13273,1.13303,1.50,2.07
2013.11.07 13:46:42.652,1.1327,1.13303,3.00,1.69
2013.11.07 13:46:44.411,1.1327,1.13303,3.38,1.69
2013.11.07 13:46:44.907,1.1327,1.13303,3.38,2.07
2013.11.07 13:46:45.703,1.1327,1.13304,2.63,2.44
2013.11.07 13:46:45.821,1.1327,1.13304,2.63,2.25
2013.11.07 13:46:46.182,1.13275,1.13303,1.50,2.44
2013.11.07 13:46:46.541,1.1327,1.13303,1.88,2.82
2013.11.07 13:46:47.962,1.13269,1.13298,1.88,1.32
2013.11.07 13:46:48.143,1.13268,1.13302,1.13,2.07
2013.11.07 13:46:48.322,1.13269,1.13303,3.38,4.32
2013.11.07 13:46:48.691,1.13269,1.13303,3.38,2.82
2013.11.07 13:46:49.290,1.13268,1.13297,1.13,1.69
2013.11.07 13:46:49.791,1.13267,1.13294,1.50,1.50
2013.11.07 13:46:50.330,1.13264,1.13293,1.13,1.69
2013.11.07 13:46:52.091,1.13264,1.13296,1.13,1.50
2013.11.07 13:46:52.211,1.13264,1.13296,1.13,1.50
2013.11.07 13:46:52.674,1.13264,1.13299,1.50,1.69
2013.11.07 13:46:52.864,1.13263,1.13298,1.88,1.69
2013.11.07 13:46:53.172,1.13267,1.13299,1.50,1.69
2013.11.07 13:46:54.561,1.13271,1.13299,1.50,1.69
2013.11.07 13:46:55.180,1.13265,1.13301,1.50,2.44
2013.11.07 13:46:55.691,1.13265,1.13296,1.50,5.25
2013.11.07 13:46:55.873,1.13261,1.13292,1.50,3.75
2013.11.07 13:46:58.414,1.13261,1.13292,1.69,3.75
2013.11.07 13:46:58.722,1.13262,1.13292,1.69,3.75
2013.11.07 13:46:59.032,1.13259,1.13292,1.69,4.50
2013.11.07 13:47:00.762,1.13259,1.13292,1.50,4.50
2013.11.07 13:47:00.881,1.13258,1.13292,2.63,4.50
2013.11.07 13:47:00.942,1.13258,1.13291,2.63,1.69
2013.11.07 13:47:01.481,1.13258,1.13289,1.13,1.69
2013.11.07 13:47:01.841,1.13258,1.13291,1.50,2.07
2013.11.07 13:47:03.361,1.13252,1.13289,1.50,2.44
2013.11.07 13:47:03.782,1.13256,1.13291,2.25,6.57
2013.11.07 13:47:05.562,1.13256,1.13286,1.50,1.50
2013.11.07 13:47:05.741,1.13256,1.13287,1.50,1.50
2013.11.07 13:47:06.160,1.13256,1.13287,1.50,1.50
2013.11.07 13:47:06.880,1.13256,1.13283,1.50,1.69
2013.11.07 13:47:07.302,1.13256,1.13287,1.50,1.88
2013.11.07 13:47:07.871,1.13256,1.13287,1.50,2.07
2013.11.07 13:47:08.445,1.13256,1.13283,1.50,1.69
2013.11.07 13:47:08.871,1.13256,1.13283,1.50,1.50
2013.11.07 13:47:09.051,1.13256,1.13286,1.50,1.88
2013.11.07 13:47:09.833,1.13253,1.13285,1.50,1.50
2013.11.07 13:47:10.598,1.13253,1.13285,1.50,1.50
2013.11.07 13:47:12.852,1.13253,1.13285,1.50,1.50
2013.11.07 13:47:13.411,1.13256,1.13288,1.50,1.13
2013.11.07 13:47:13.652,1.13258,1.13291,1.50,6.19
2013.11.07 13:47:13.771,1.13255,1.13291,1.50,1.32
2013.11.07 13:47:14.014,1.13257,1.13291,1.50,1.32
2013.11.07 13:47:14.481,1.13259,1.13289,1.50,1.32
2013.11.07 13:47:14.782,1.13257,1.13284,1.50,1.50
2013.11.07 13:47:15.402,1.13256,1.13287,1.50,1.88
2013.11.07 13:47:15.945,1.13256,1.13287,1.50,1.88
2013.11.07 13:47:17.461,1.13256,1.13287,1.50,1.88
2013.11.07 13:47:20.361,1.13256,1.13287,1.50,2.63
2013.11.07 13:47:21.212,1.13256,1.13287,1.50,1.88
2013.11.07 13:47:21.931,1.13256,1.13287,1.50,2.63
2013.11.07 13:47:23.930,1.13252,1.13287,1.50,2.82
2013.11.07 13:47:28.251,1.13256,1.13288,1.50,2.82
2013.11.07 13:47:30.610,1.13256,1.13288,1.50,3.57
2013.11.07 13:47:34.613,1.13256,1.13281,1.50,1.32
2013.11.07 13:47:34.851,1.13252,1.13282,1.50,1.69
2013.11.07 13:47:34.911,1.13252,1.13283,1.50,3.19
2013.11.07 13:47:36.972,1.13252,1.13282,1.50,1.13
2013.11.07 13:47:37.394,1.13252,1.13281,1.50,1.50
2013.11.07 13:47:37.882,1.13248,1.1328,1.50,1.50
2013.11.07 13:47:39.350,1.13248,1.13278,1.50,1.69
2013.11.07 13:47:39.872,1.13248,1.1328,1.50,1.88
2013.11.07 13:47:40.181,1.13248,1.13278,1.50,1.50
2013.11.07 13:47:40.432,1.13248,1.13284,3.00,1.69
2013.11.07 13:47:40.962,1.13251,1.13279,1.50,1.32
2013.11.07 13:47:41.651,1.13251,1.13279,1.50,1.13
2013.11.07 13:47:41.834,1.13251,1.13282,1.50,1.32
2013.11.07 13:47:42.853,1.13251,1.1328,1.50,1.32
2013.11.07 13:47:46.171,1.13251,1.13283,1.50,1.13
2013.11.07 13:47:46.412,1.13251,1.13282,1.50,2.44
2013.11.07 13:47:48.691,1.13251,1.13286,3.00,1.32
2013.11.07 13:47:49.493,1.13251,1.13286,3.00,1.13
2013.11.07 13:47:51.560,1.13253,1.13288,2.25,1.69
2013.11.07 13:47:52.351,1.13257,1.13288,1.50,1.69
2013.11.07 13:47:55.831,1.13253,1.13288,2.44,1.50
2013.11.07 13:47:55.962,1.13253,1.13288,2.44,1.50
2013.11.07 13:47:56.411,1.13253,1.13288,3.19,1.50
2013.11.07 13:47:57.400,1.13252,1.13284,1.50,1.32
2013.11.07 13:47:57.640,1.13251,1.13281,1.50,1.50
2013.11.07 13:47:57.981,1.13249,1.13278,1.88,1.13
2013.11.07 13:47:58.341,1.13245,1.13273,1.50,1.13
2013.11.07 13:47:58.581,1.13242,1.13273,2.25,1.13
2013.11.07 13:47:58.880,1.13242,1.13271,1.50,1.88
2013.11.07 13:47:59.181,1.13242,1.13268,1.50,1.32
2013.11.07 13:48:02.461,1.13236,1.13269,1.50,3.57
2013.11.07 13:48:03.238,1.13238,1.13269,1.50,3.57
2013.11.07 13:48:03.573,1.13231,1.13266,2.63,1.32
2013.11.07 13:48:05.402,1.13238,1.13269,1.69,2.25
2013.11.07 13:48:05.884,1.13236,1.13269,2.44,1.88
2013.11.07 13:48:06.373,1.13241,1.13269,2.07,1.13
2013.11.07 13:48:06.654,1.13246,1.13269,1.32,1.13
2013.11.07 13:48:06.961,1.13246,1.13268,1.32,1.13
2013.11.07 13:48:07.753,1.13243,1.13269,1.32,1.13
2013.11.07 13:48:08.012,1.13249,1.13269,1.32,1.13
2013.11.07 13:48:08.603,1.13256,1.13269,1.32,1.13
2013.11.07 13:48:08.722,1.13253,1.13269,1.32,1.13
2013.11.07 13:48:09.801,1.13251,1.13272,1.50,1.13
2013.11.07 13:48:09.981,1.13246,1.13272,1.69,1.13
2013.11.07 13:48:10.281,1.13243,1.13273,2.07,1.13
2013.11.07 13:48:14.203,1.13243,1.13272,1.69,1.13
2013.11.07 13:48:16.213,1.13242,1.13272,2.07,1.13
2013.11.07 13:48:16.754,1.13246,1.13273,1.32,1.13
2013.11.07 13:48:17.062,1.13253,1.13277,1.32,1.13
2013.11.07 13:48:18.052,1.1325,1.13277,1.69,1.13
2013.11.07 13:48:18.291,1.13249,1.13281,2.07,1.13
2013.11.07 13:48:18.891,1.13252,1.13286,1.69,1.13
2013.11.07 13:48:24.882,1.1325,1.13285,1.50,2.82
2013.11.07 13:48:26.132,1.13247,1.13279,1.50,3.00
2013.11.07 13:48:26.661,1.1325,1.13279,1.50,1.50
2013.11.07 13:48:27.181,1.13249,1.13278,2.25,1.50
2013.11.07 13:48:27.722,1.13251,1.13282,1.50,1.32
2013.11.07 13:48:27.924,1.13251,1.13282,1.50,1.32
2013.11.07 13:48:29.621,1.13252,1.13283,1.50,1.50
2013.11.07 13:48:30.040,1.13251,1.13285,1.50,1.32
2013.11.07 13:48:30.582,1.13252,1.13285,1.50,1.13
2013.11.07 13:48:30.641,1.13252,1.13285,2.25,1.13
2013.11.07 13:48:31.002,1.13255,1.13286,1.50,1.13
2013.11.07 13:48:31.192,1.13256,1.13289,2.25,1.50
2013.11.07 13:48:31.490,1.13257,1.13289,1.50,1.50
2013.11.07 13:48:31.851,1.13259,1.13289,1.50,1.50
2013.11.07 13:48:32.173,1.1326,1.1329,1.88,4.50
2013.11.07 13:48:32.450,1.1326,1.1329,2.07,4.50
2013.11.07 13:48:34.171,1.13259,1.13289,1.50,1.50
2013.11.07 13:48:34.233,1.13257,1.13289,1.50,1.88
2013.11.07 13:48:34.661,1.13256,1.13289,1.50,1.50
2013.11.07 13:48:35.169,1.13258,1.13289,1.13,1.50
2013.11.07 13:48:35.692,1.13258,1.13291,1.50,4.88
2013.11.07 13:48:37.062,1.13256,1.13289,2.25,2.25
2013.11.07 13:48:37.802,1.13258,1.13291,1.88,4.50
2013.11.07 13:48:40.132,1.13258,1.13289,1.13,1.50
2013.11.07 13:48:40.418,1.13258,1.13291,1.50,4.50
2013.11.07 13:48:41.632,1.13258,1.13291,1.50,6.57
2013.11.07 13:48:41.692,1.13256,1.13285,1.50,1.13
2013.11.07 13:48:42.292,1.13255,1.13285,1.50,1.13
2013.11.07 13:48:42.825,1.13256,1.13286,1.50,1.69
2013.11.07 13:48:43.348,1.13255,1.13284,1.50,1.13
2013.11.07 13:48:43.863,1.13255,1.13284,1.50,1.13
2013.11.07 13:48:44.542,1.13255,1.13284,1.50,1.13
2013.11.07 13:48:45.081,1.13255,1.13284,1.50,1.13
2013.11.07 13:48:46.091,1.13252,1.13284,1.13,1.13
2013.11.07 13:48:46.870,1.13255,1.13286,1.50,1.50
2013.11.07 13:48:47.544,1.13255,1.13286,1.50,1.50
2013.11.07 13:48:47.610,1.13251,1.13285,2.63,1.50
2013.11.07 13:48:48.212,1.13255,1.13286,1.50,1.50
2013.11.07 13:48:52.362,1.13255,1.13285,2.25,1.50
2013.11.07 13:48:52.543,1.13255,1.13283,3.00,2.63
2013.11.07 13:48:52.961,1.13251,1.13281,2.25,1.13
2013.11.07 13:48:55.171,1.13251,1.13283,1.88,1.88
2013.11.07 13:48:55.352,1.13251,1.13282,1.88,1.50
2013.11.07 13:48:55.471,1.1325,1.13272,1.88,1.50
2013.11.07 13:48:55.651,1.13246,1.13271,1.69,1.50
2013.11.07 13:48:55.712,1.13246,1.13276,1.69,1.13
2013.11.07 13:48:56.433,1.13247,1.13276,1.32,1.13
2013.11.07 13:48:57.298,1.1325,1.13276,1.50,1.13
2013.11.07 13:48:57.506,1.1325,1.13282,1.50,1.88
2013.11.07 13:48:57.931,1.1325,1.13283,2.44,1.50
2013.11.07 13:48:58.051,1.13251,1.13286,2.25,1.13
2013.11.07 13:48:58.352,1.13254,1.13286,1.50,1.13
2013.11.07 13:48:58.661,1.13252,1.13286,1.69,1.13
2013.11.07 13:49:00.262,1.13252,1.13286,1.69,1.13
2013.11.07 13:49:02.611,1.13252,1.13281,1.69,1.50
2013.11.07 13:49:02.732,1.1325,1.13281,1.50,1.50
2013.11.07 13:49:03.249,1.1325,1.13281,1.50,1.13
2013.11.07 13:49:07.151,1.13249,1.13278,1.50,1.13
2013.11.07 13:49:07.452,1.1325,1.13281,1.50,1.13
2013.11.07 13:49:07.823,1.13247,1.13279,1.50,1.13
2013.11.07 13:49:09.094,1.13247,1.13279,1.50,1.13
2013.11.07 13:49:09.341,1.13245,1.13274,1.50,1.13
2013.11.07 13:49:10.992,1.13244,1.13274,1.50,1.13
2013.11.07 13:49:11.553,1.13245,1.13275,2.25,1.50
2013.11.07 13:49:14.362,1.1325,1.13281,1.69,2.07
2013.11.07 13:49:14.424,1.13261,1.13281,1.88,1.88
2013.11.07 13:49:14.961,1.13261,1.13289,1.13,1.50
2013.11.07 13:49:15.693,1.13261,1.1329,1.88,4.50
2013.11.07 13:49:16.321,1.13261,1.1329,1.88,4.50
2013.11.07 13:49:18.685,1.13261,1.13288,2.07,1.50
2013.11.07 13:49:19.201,1.13261,1.13288,2.07,1.50
2013.11.07 13:49:19.852,1.13261,1.1329,2.07,4.50
2013.11.07 13:49:20.423,1.13265,1.13291,1.32,4.50
2013.11.07 13:49:24.211,1.13265,1.13291,3.57,4.50
2013.11.07 13:49:26.104,1.13265,1.1329,1.69,1.50
2013.11.07 13:49:26.471,1.13261,1.13291,1.32,4.50
2013.11.07 13:49:29.780,1.13256,1.13291,1.69,6.00
2013.11.07 13:49:30.671,1.13254,1.13287,3.19,1.50
2013.11.07 13:49:32.093,1.13253,1.13287,1.50,1.69
2013.11.07 13:49:32.211,1.13252,1.13286,1.88,1.69
2013.11.07 13:49:32.570,1.1325,1.13285,2.25,2.25
2013.11.07 13:49:32.692,1.13253,1.13284,1.32,1.50
2013.11.07 13:49:32.871,1.13256,1.13287,1.50,1.50
2013.11.07 13:49:32.992,1.13254,1.1328,1.50,1.50
2013.11.07 13:49:38.655,1.13252,1.13284,1.69,1.50
2013.11.07 13:49:40.453,1.13247,1.13273,1.32,1.50
2013.11.07 13:49:40.532,1.13246,1.13273,1.32,1.13
2013.11.07 13:49:41.144,1.13243,1.13273,1.50,1.13
2013.11.07 13:49:42.332,1.13243,1.13272,3.00,1.50
2013.11.07 13:49:42.693,1.13243,1.13271,2.25,1.50
2013.11.07 13:49:44.331,1.1324,1.13271,1.50,1.50
2013.11.07 13:49:45.261,1.1324,1.13271,2.25,1.50
2013.11.07 13:49:45.539,1.1324,1.13271,2.25,1.50
2013.11.07 13:49:48.874,1.1324,1.13271,2.44,1.50
2013.11.07 13:49:49.064,1.1324,1.13271,2.44,1.50
2013.11.07 13:49:49.192,1.13241,1.13271,2.25,1.50
2013.11.07 13:49:49.874,1.13241,1.13271,2.25,1.50
2013.11.07 13:49:49.941,1.13241,1.13271,1.50,1.50
2013.11.07 13:49:50.476,1.13236,1.13271,2.25,2.25
2013.11.07 13:49:50.881,1.13236,1.13271,2.44,2.25
2013.11.07 13:49:51.982,1.1324,1.13271,1.69,1.50
2013.11.07 13:49:52.400,1.13235,1.13268,1.69,1.50
2013.11.07 13:49:52.703,1.13235,1.13265,1.50,1.13
2013.11.07 13:49:53.902,1.13236,1.13264,1.50,1.50
2013.11.07 13:49:54.421,1.13231,1.13266,2.44,1.13
2013.11.07 13:49:54.902,1.13232,1.13266,1.69,1.13
2013.11.07 13:49:55.402,1.13235,1.13264,1.50,1.50
2013.11.07 13:49:55.623,1.13235,1.13264,1.50,1.50
2013.11.07 13:49:56.521,1.13228,1.13264,2.44,1.50
2013.11.07 13:49:56.864,1.13228,1.13264,1.69,1.50
2013.11.07 13:49:58.639,1.13232,1.13264,1.50,1.50
2013.11.07 13:49:58.891,1.13232,1.13264,1.50,1.50
2013.11.07 13:49:58.951,1.13232,1.13264,1.69,1.50
2013.11.07 13:49:59.132,1.13232,1.13264,1.50,1.50
2013.11.07 13:49:59.191,1.13232,1.13264,1.50,1.50
2013.11.07 13:49:59.433,1.1323,1.13261,1.69,1.50
2013.11.07 13:49:59.611,1.13231,1.13261,1.32,1.50
2013.11.07 13:49:59.671,1.13231,1.13261,1.32,1.50
2013.11.07 13:49:59.911,1.13231,1.13256,1.50,1.13
2013.11.07 13:50:00.434,1.13227,1.13257,1.50,1.50
2013.11.07 13:50:00.683,1.13227,1.13258,1.69,2.25
2013.11.07 13:50:00.811,1.13228,1.13261,1.69,1.88
2013.11.07 13:50:01.173,1.13252,1.13267,1.50,1.50
2013.11.07 13:50:01.532,1.13255,1.13284,1.13,1.50
2013.11.07 13:50:01.725,1.13254,1.13287,2.25,1.13
2013.11.07 13:50:01.794,1.13259,1.13287,1.50,1.13
2013.11.07 13:50:01.866,1.13263,1.13291,2.07,4.88
2013.11.07 13:50:02.172,1.13267,1.13291,1.13,3.75
2013.11.07 13:50:02.291,1.13266,1.13291,1.88,4.50
2013.11.07 13:50:02.591,1.13262,1.13291,1.50,4.50
2013.11.07 13:50:06.281,1.13261,1.13289,2.25,1.50
2013.11.07 13:50:07.241,1.13263,1.13291,2.44,3.75
2013.11.07 13:50:07.422,1.13265,1.13291,2.25,4.50
2013.11.07 13:50:07.601,1.13265,1.13291,2.25,4.50
2013.11.07 13:50:07.662,1.13265,1.13291,2.25,4.50
2013.11.07 13:50:07.992,1.13265,1.13291,2.25,4.50
2013.11.07 13:50:08.652,1.13267,1.13293,3.75,1.50
2013.11.07 13:50:08.720,1.13269,1.13294,1.50,4.50
2013.11.07 13:50:08.845,1.13265,1.13291,2.07,4.50
2013.11.07 13:50:08.914,1.13264,1.13291,1.69,4.50
2013.11.07 13:50:09.161,1.13267,1.13292,2.25,4.50
2013.11.07 13:50:09.341,1.13262,1.13292,1.69,4.50
2013.11.07 13:50:09.853,1.13262,1.13288,1.50,1.50
2013.11.07 13:50:10.113,1.13263,1.13291,2.25,4.50
2013.11.07 13:50:10.513,1.13266,1.13291,2.25,4.50
2013.11.07 13:50:13.141,1.13262,1.13288,1.50,1.50
2013.11.07 13:50:13.262,1.13258,1.13288,2.25,1.50
2013.11.07 13:50:13.561,1.13259,1.13288,1.69,1.50
2013.11.07 13:50:13.681,1.13259,1.13288,1.69,1.50
2013.11.07 13:50:13.924,1.13259,1.13289,1.50,1.50
2013.11.07 13:50:14.233,1.1326,1.13289,1.50,1.50
2013.11.07 13:50:14.303,1.13257,1.13289,1.50,1.50
2013.11.07 13:50:14.663,1.13256,1.13286,2.82,1.50
2013.11.07 13:50:14.843,1.13258,1.13286,1.50,1.50
2013.11.07 13:50:14.904,1.13259,1.13289,1.50,1.50
2013.11.07 13:50:14.973,1.13259,1.13289,1.50,1.50
2013.11.07 13:50:15.151,1.13259,1.13289,1.50,1.69
2013.11.07 13:50:15.211,1.13258,1.13286,1.50,1.50
2013.11.07 13:50:15.457,1.13258,1.13287,1.50,1.50
2013.11.07 13:50:15.972,1.13258,1.13289,1.50,1.69
2013.11.07 13:50:16.092,1.13259,1.13289,1.69,1.50
2013.11.07 13:50:16.153,1.13259,1.13289,1.69,1.50
2013.11.07 13:50:16.273,1.13265,1.13289,1.50,1.50
2013.11.07 13:50:16.632,1.1327,1.13289,2.25,1.50
2013.11.07 13:50:16.934,1.1327,1.13289,1.50,1.50
2013.11.07 13:50:17.112,1.13265,1.13289,1.50,1.50
2013.11.07 13:50:17.604,1.13264,1.13292,2.25,4.50
2013.11.07 13:50:18.152,1.13262,1.13288,2.25,1.50
2013.11.07 13:50:18.392,1.13262,1.13291,2.44,4.50
2013.11.07 13:50:19.712,1.13266,1.13291,1.50,4.50
2013.11.07 13:50:20.131,1.13266,1.13292,1.69,4.50
2013.11.07 13:50:20.673,1.13264,1.13291,2.07,4.50
2013.11.07 13:50:21.191,1.13264,1.13292,1.69,4.88
2013.11.07 13:50:21.935,1.13264,1.13292,2.07,4.88
2013.11.07 13:50:22.663,1.13264,1.13292,2.07,4.88
2013.11.07 13:50:22.811,1.13264,1.13292,2.07,4.88
2013.11.07 13:50:23.233,1.13264,1.13293,2.07,1.50
2013.11.07 13:50:25.633,1.13267,1.13293,1.50,1.50
2013.11.07 13:50:25.693,1.13267,1.13289,1.50,1.50
2013.11.07 13:50:26.051,1.13268,1.13293,1.13,4.88
2013.11.07 13:50:26.353,1.1327,1.13294,2.44,1.50
2013.11.07 13:50:26.693,1.1327,1.13295,2.82,4.50
2013.11.07 13:50:26.953,1.1327,1.13294,3.19,1.50
2013.11.07 13:50:27.433,1.1327,1.13294,3.19,5.25
2013.11.07 13:50:27.574,1.1327,1.13294,2.82,1.50
2013.11.07 13:50:27.635,1.1327,1.13295,3.19,4.50
2013.11.07 13:50:28.390,1.1327,1.13295,1.69,4.50
2013.11.07 13:50:29.122,1.13268,1.13294,1.69,1.50
2013.11.07 13:50:29.434,1.13271,1.13294,1.50,1.50
2013.11.07 13:50:36.171,1.1327,1.13293,1.88,1.50
2013.11.07 13:50:38.518,1.13273,1.13294,1.50,4.50
2013.11.07 13:50:39.331,1.13272,1.13294,1.50,1.50
2013.11.07 13:50:39.632,1.13274,1.13295,1.69,4.50
2013.11.07 13:50:40.052,1.13271,1.13293,1.50,1.50
2013.11.07 13:50:40.543,1.13271,1.13293,1.50,1.50
2013.11.07 13:50:42.961,1.13275,1.13295,2.82,4.50
2013.11.07 13:50:44.491,1.13274,1.13297,2.07,4.88
2013.11.07 13:50:45.004,1.13274,1.13297,2.07,4.88
2013.11.07 13:50:45.522,1.13275,1.13296,1.69,4.88
2013.11.07 13:50:45.642,1.13278,1.13296,1.69,4.88
2013.11.07 13:50:45.701,1.13278,1.13296,2.44,4.88
2013.11.07 13:50:45.882,1.13279,1.13296,2.44,4.88
2013.11.07 13:50:45.942,1.13279,1.13302,2.44,1.50
2013.11.07 13:50:46.493,1.13289,1.13302,1.13,1.50
2013.11.07 13:50:50.161,1.13288,1.13297,1.13,4.13
2013.11.07 13:50:50.222,1.13279,1.13297,3.57,4.13
2013.11.07 13:50:51.675,1.1328,1.13297,1.50,4.13
2013.11.07 13:50:51.861,1.1328,1.13296,1.88,4.88
2013.11.07 13:50:51.922,1.1328,1.13296,1.88,4.13
2013.11.07 13:50:52.584,1.13279,1.13296,1.13,4.88
2013.11.07 13:50:52.652,1.13278,1.13296,1.50,4.88
2013.11.07 13:50:53.133,1.13276,1.13295,1.50,4.88
2013.11.07 13:50:53.373,1.13274,1.13295,3.75,4.88
2013.11.07 13:50:54.042,1.13274,1.13295,2.25,4.88
2013.11.07 13:50:54.161,1.13274,1.13295,2.25,4.13
2013.11.07 13:50:54.702,1.13274,1.13294,2.44,4.13
2013.11.07 13:50:54.882,1.13275,1.13294,1.32,4.13
2013.11.07 13:50:55.183,1.13275,1.13296,1.32,4.13
2013.11.07 13:50:55.432,1.13276,1.13297,1.50,4.13
2013.11.07 13:50:55.623,1.13274,1.13297,1.13,4.13
2013.11.07 13:50:55.683,1.13271,1.13297,1.50,4.13
2013.11.07 13:50:55.864,1.13271,1.13297,1.69,4.13
2013.11.07 13:50:56.173,1.13274,1.13297,2.07,4.13
2013.11.07 13:50:56.424,1.13274,1.13297,1.69,4.13
2013.11.07 13:50:56.942,1.13276,1.13297,1.50,4.13
2013.11.07 13:50:57.416,1.13272,1.13296,2.25,4.13
2013.11.07 13:50:58.171,1.13273,1.13296,1.50,4.13
2013.11.07 13:50:58.471,1.13275,1.13297,1.50,4.13
2013.11.07 13:50:58.531,1.13272,1.13297,1.13,4.13
2013.11.07 13:50:59.093,1.1327,1.13296,2.25,4.13
2013.11.07 13:50:59.152,1.1327,1.13296,3.00,4.88
2013.11.07 13:51:00.351,1.13271,1.13297,1.50,4.88
2013.11.07 13:51:00.592,1.13272,1.13296,2.07,4.88
2013.11.07 13:51:00.831,1.13272,1.13296,1.88,4.88
2013.11.07 13:51:01.372,1.13272,1.13293,1.13,1.50
2013.11.07 13:51:02.056,1.13272,1.13297,1.13,4.88
2013.11.07 13:51:02.181,1.13271,1.13297,1.13,4.88
2013.11.07 13:51:03.241,1.13268,1.13296,1.32,4.88
2013.11.07 13:51:03.422,1.13266,1.13296,1.69,4.88
2013.11.07 13:51:03.602,1.13267,1.13296,1.50,4.88
2013.11.07 13:51:03.664,1.13267,1.13293,1.50,1.50
2013.11.07 13:51:03.735,1.13266,1.13293,2.25,1.50
2013.11.07 13:51:06.555,1.13266,1.1329,1.50,1.50
2013.11.07 13:51:06.802,1.13262,1.1329,1.50,1.50
2013.11.07 13:51:08.812,1.13262,1.1329,2.25,1.50
2013.11.07 13:51:08.873,1.13265,1.13293,1.50,1.50
2013.11.07 13:51:08.933,1.13264,1.13293,2.07,1.50
2013.11.07 13:51:09.171,1.13265,1.13293,1.50,1.50
2013.11.07 13:51:10.352,1.13265,1.1329,1.50,1.50
2013.11.07 13:51:10.602,1.13264,1.1329,1.50,1.50
2013.11.07 13:51:11.149,1.13263,1.13293,1.69,1.50
2013.11.07 13:51:11.452,1.13268,1.13293,1.50,5.25
2013.11.07 13:51:11.964,1.13266,1.13293,1.50,5.25
2013.11.07 13:51:12.035,1.13262,1.13293,1.69,1.50
2013.11.07 13:51:12.609,1.13262,1.1329,1.69,1.50
2013.11.07 13:51:13.023,1.13261,1.1329,1.88,1.50
2013.11.07 13:51:13.203,1.13259,1.1329,2.25,1.50
2013.11.07 13:51:13.442,1.13257,1.13288,2.25,1.50
2013.11.07 13:51:13.502,1.13257,1.13288,2.25,1.50
2013.11.07 13:51:13.862,1.13258,1.13292,3.19,4.88
2013.11.07 13:51:14.102,1.13261,1.13292,1.32,4.88
2013.11.07 13:51:14.222,1.13261,1.13289,1.69,1.50
2013.11.07 13:51:14.581,1.1326,1.13289,1.69,1.50
2013.11.07 13:51:15.069,1.13259,1.13289,1.69,1.50
2013.11.07 13:51:15.252,1.13261,1.13289,1.50,1.50
2013.11.07 13:51:15.373,1.13259,1.13289,1.69,1.50
2013.11.07 13:51:16.133,1.1326,1.13289,1.69,1.50
2013.11.07 13:51:16.315,1.1326,1.13289,1.69,1.50
2013.11.07 13:51:16.684,1.13258,1.13289,3.00,1.50
2013.11.07 13:51:16.872,1.13258,1.13289,3.00,1.50
2013.11.07 13:51:17.533,1.13258,1.13289,1.50,1.50
2013.11.07 13:51:18.071,1.13256,1.13286,2.25,1.50
2013.11.07 13:51:19.604,1.13256,1.13289,1.50,1.69
2013.11.07 13:51:19.673,1.13256,1.13287,1.50,2.25
2013.11.07 13:51:20.152,1.13253,1.13285,1.69,1.50
2013.11.07 13:51:20.511,1.13255,1.13285,1.50,1.50
2013.11.07 13:51:21.234,1.13251,1.13284,1.13,1.50
2013.11.07 13:51:21.362,1.1325,1.13283,1.32,1.50
2013.11.07 13:51:21.424,1.13253,1.13287,1.69,2.25
2013.11.07 13:51:21.732,1.13258,1.13289,1.50,1.50
2013.11.07 13:51:21.854,1.13257,1.13289,1.50,1.50
2013.11.07 13:51:22.544,1.13257,1.13289,1.50,1.50
2013.11.07 13:51:22.896,1.13257,1.13289,1.50,1.50
2013.11.07 13:51:23.565,1.13257,1.13289,1.50,1.50
2013.11.07 13:51:23.695,1.13256,1.13289,1.69,1.50
2013.11.07 13:51:24.417,1.13255,1.13289,1.69,1.50
2013.11.07 13:51:24.972,1.13254,1.13289,2.44,1.50
2013.11.07 13:51:25.402,1.13255,1.13289,1.69,1.50
2013.11.07 13:51:25.763,1.1326,1.13288,1.69,1.50
2013.11.07 13:51:26.123,1.13255,1.13285,1.69,1.50
2013.11.07 13:51:26.311,1.13255,1.13285,1.69,1.50
2013.11.07 13:51:26.371,1.13255,1.13285,1.50,1.50
2013.11.07 13:51:26.914,1.13255,1.13287,2.44,1.50
2013.11.07 13:51:26.973,1.13257,1.13287,1.50,1.50
2013.11.07 13:51:27.034,1.13257,1.13288,2.25,1.50
2013.11.07 13:51:27.742,1.13257,1.13288,1.50,1.50
2013.11.07 13:51:28.043,1.13258,1.13288,1.50,1.50
2013.11.07 13:51:28.345,1.13264,1.13288,1.50,1.50
2013.11.07 13:51:28.472,1.13259,1.13289,2.44,1.50
2013.11.07 13:51:28.893,1.1326,1.13287,1.69,1.50
2013.11.07 13:51:29.135,1.13258,1.13287,1.50,1.50
2013.11.07 13:51:29.504,1.13256,1.13287,1.69,1.50
2013.11.07 13:51:29.806,1.13257,1.13287,1.50,1.50
2013.11.07 13:51:30.291,1.1326,1.13289,1.50,1.50
2013.11.07 13:51:30.591,1.13261,1.13289,1.32,1.50
2013.11.07 13:51:30.712,1.13261,1.13287,1.69,1.50
2013.11.07 13:51:31.092,1.13257,1.13288,1.69,1.50
2013.11.07 13:51:31.616,1.13258,1.13295,1.69,1.50
2013.11.07 13:51:31.696,1.13261,1.13288,1.69,1.50
2013.11.07 13:51:31.883,1.13266,1.13296,1.32,5.63
2013.11.07 13:51:32.385,1.13269,1.13294,1.13,1.50
2013.11.07 13:51:32.512,1.13261,1.13289,1.50,1.50
2013.11.07 13:51:32.636,1.13258,1.13289,3.19,1.50
2013.11.07 13:51:32.764,1.13258,1.13288,1.69,1.50
2013.11.07 13:51:32.833,1.13258,1.13288,1.69,1.50
2013.11.07 13:51:33.154,1.1326,1.13288,1.50,1.50
2013.11.07 13:51:33.466,1.13263,1.13288,2.44,1.50
2013.11.07 13:51:34.732,1.13268,1.13296,1.69,4.50
2013.11.07 13:51:35.451,1.13269,1.13296,1.32,4.50
2013.11.07 13:51:36.332,1.13272,1.13296,1.32,4.50
2013.11.07 13:51:36.632,1.13277,1.133,1.69,1.13
2013.11.07 13:51:37.171,1.13276,1.13298,1.69,1.50
2013.11.07 13:51:39.124,1.13276,1.13298,1.32,1.13
2013.11.07 13:51:39.251,1.13274,1.13298,1.32,1.13
2013.11.07 13:51:39.312,1.13274,1.13298,1.69,1.13
2013.11.07 13:51:39.677,1.13281,1.13298,1.32,1.13
2013.11.07 13:51:40.183,1.13279,1.13298,1.13,1.13
2013.11.07 13:51:40.523,1.13279,1.13299,2.07,1.13
2013.11.07 13:51:40.641,1.13279,1.13299,2.07,1.13
2013.11.07 13:51:41.172,1.13279,1.13299,1.32,1.13
2013.11.07 13:51:41.291,1.13278,1.133,1.32,1.13
2013.11.07 13:51:41.662,1.13272,1.133,1.69,1.13
2013.11.07 13:51:41.784,1.13272,1.13299,1.69,1.13
2013.11.07 13:51:42.293,1.13272,1.13299,3.19,1.13
2013.11.07 13:51:42.801,1.13272,1.13299,1.69,1.13
2013.11.07 13:51:46.013,1.13271,1.13299,2.82,1.13
2013.11.07 13:51:46.343,1.13273,1.13299,1.69,1.13
2013.11.07 13:51:46.681,1.13275,1.13299,1.69,1.13
2013.11.07 13:51:46.986,1.13284,1.13298,1.32,1.13
2013.11.07 13:51:47.174,1.13282,1.13298,1.69,1.13
2013.11.07 13:51:47.716,1.13278,1.13299,1.32,1.13
2013.11.07 13:51:48.132,1.13278,1.13298,1.13,1.13
2013.11.07 13:51:54.654,1.13277,1.13301,1.32,1.50
2013.11.07 13:51:54.843,1.13277,1.13301,2.07,1.50
2013.11.07 13:51:55.383,1.13279,1.13302,2.07,1.50
2013.11.07 13:51:55.935,1.13279,1.13301,1.13,1.50
2013.11.07 13:51:56.452,1.13279,1.13301,1.13,1.50
2013.11.07 13:51:57.361,1.13279,1.13301,1.88,1.50
2013.11.07 13:51:57.892,1.13278,1.13302,1.13,1.50
2013.11.07 13:51:58.521,1.13281,1.13301,1.50,1.50
2013.11.07 13:51:58.722,1.13279,1.13301,1.88,1.50
2013.11.07 13:51:58.963,1.13279,1.13301,1.88,2.25
2013.11.07 13:51:59.524,1.13274,1.13301,1.50,2.25
2013.11.07 13:51:59.593,1.13275,1.13301,1.50,1.50
2013.11.07 13:52:00.351,1.13276,1.13301,2.07,1.50
2013.11.07 13:52:00.715,1.13275,1.13302,1.69,1.50
2013.11.07 13:52:05.161,1.13273,1.13302,1.69,1.50
2013.11.07 13:52:07.081,1.13275,1.13301,1.69,1.50
2013.11.07 13:52:07.142,1.13275,1.13301,1.50,1.50
2013.11.07 13:52:07.203,1.13273,1.13301,1.13,1.50
2013.11.07 13:52:07.644,1.13271,1.13301,2.63,1.50
2013.11.07 13:52:07.785,1.13272,1.13301,1.32,1.50
2013.11.07 13:52:08.484,1.13283,1.13301,1.50,1.50
2013.11.07 13:52:08.792,1.13282,1.13303,3.57,1.50
2013.11.07 13:52:08.913,1.13282,1.13303,1.88,1.50
2013.11.07 13:52:09.153,1.13277,1.13303,2.44,1.50
2013.11.07 13:52:09.453,1.13275,1.13302,1.69,1.50
2013.11.07 13:52:09.692,1.13275,1.13303,1.13,2.25
2013.11.07 13:52:10.235,1.13275,1.13303,1.32,2.25
2013.11.07 13:52:10.303,1.13275,1.13303,1.69,2.25
2013.11.07 13:52:10.903,1.13281,1.13303,1.13,1.50
2013.11.07 13:52:12.082,1.13277,1.13302,1.32,1.50
2013.11.07 13:52:12.933,1.13282,1.13303,1.69,1.50
2013.11.07 13:52:13.844,1.13283,1.13302,1.69,1.50
2013.11.07 13:52:14.410,1.13286,1.13303,1.32,1.50
2013.11.07 13:52:14.955,1.13286,1.13304,1.32,2.25
2013.11.07 13:52:16.286,1.13279,1.13303,1.69,1.50
2013.11.07 13:52:16.352,1.1328,1.13303,1.32,1.50
2013.11.07 13:52:16.412,1.13279,1.13303,1.69,1.50
2013.11.07 13:52:16.952,1.13277,1.13304,2.44,2.25
2013.11.07 13:52:17.474,1.13276,1.13304,2.44,2.25
2013.11.07 13:52:17.623,1.13276,1.13304,1.13,2.25
2013.11.07 13:52:18.161,1.13276,1.13304,1.32,2.25
2013.11.07 13:52:19.282,1.13277,1.13304,1.69,2.25
2013.11.07 13:52:20.361,1.13277,1.13304,1.69,2.25
2013.11.07 13:52:22.998,1.13278,1.13304,1.69,2.25
2013.11.07 13:52:23.384,1.13282,1.13304,1.50,2.25
2013.11.07 13:52:23.933,1.13282,1.13304,3.75,1.50
2013.11.07 13:52:24.235,1.1328,1.13304,1.69,2.25
2013.11.07 13:52:24.605,1.1328,1.13303,1.69,1.50
2013.11.07 13:52:25.455,1.13283,1.13303,1.50,1.50
2013.11.07 13:52:26.162,1.13281,1.13303,3.19,1.50
2013.11.07 13:52:27.522,1.13278,1.13304,1.69,2.25
2013.11.07 13:52:28.421,1.13277,1.13303,3.00,1.50
2013.11.07 13:52:29.196,1.13277,1.13303,2.25,1.50
2013.11.07 13:52:29.444,1.13275,1.13302,1.50,1.50
2013.11.07 13:52:29.622,1.13276,1.13303,1.50,1.50
2013.11.07 13:52:29.684,1.13275,1.13303,2.44,1.50
2013.11.07 13:52:30.232,1.13274,1.13303,2.25,1.50
2013.11.07 13:52:31.871,1.13274,1.13304,1.50,3.00
2013.11.07 13:52:32.231,1.13274,1.13303,1.50,1.50
2013.11.07 13:52:32.795,1.13273,1.13303,1.13,1.88
2013.11.07 13:52:35.902,1.13273,1.13302,1.32,1.13
2013.11.07 13:52:36.261,1.13277,1.13302,2.25,1.13
2013.11.07 13:52:36.564,1.13278,1.13303,2.44,1.88
2013.11.07 13:52:36.874,1.13282,1.13303,1.69,1.88
2013.11.07 13:52:37.114,1.13282,1.13303,2.25,1.88
2013.11.07 13:52:37.304,1.13283,1.13303,2.25,2.25
2013.11.07 13:52:37.662,1.13291,1.13304,1.50,1.50
2013.11.07 13:52:37.781,1.13287,1.13304,1.69,1.50
2013.11.07 13:52:38.804,1.13287,1.13304,2.44,1.50
2013.11.07 13:52:40.011,1.13286,1.13304,1.69,1.50
2013.11.07 13:52:40.133,1.13288,1.13304,1.50,1.50
2013.11.07 13:52:40.936,1.13287,1.13305,1.50,2.25
2013.11.07 13:52:41.003,1.13285,1.13305,3.00,2.25
2013.11.07 13:52:41.301,1.13283,1.13302,1.13,1.50
2013.11.07 13:52:43.284,1.13276,1.13303,1.50,3.38
2013.11.07 13:52:44.192,1.13277,1.13303,2.44,1.13
2013.11.07 13:52:44.513,1.13283,1.13302,1.50,1.13
2013.11.07 13:52:45.139,1.13279,1.13304,2.25,2.25
2013.11.07 13:52:47.911,1.13281,1.13304,1.50,2.25
2013.11.07 13:52:48.542,1.13278,1.13304,1.50,2.25
2013.11.07 13:52:48.663,1.13277,1.13302,2.25,1.50
2013.11.07 13:52:50.833,1.1328,1.13302,1.69,1.50
2013.11.07 13:52:50.953,1.1328,1.13302,1.69,1.50
2013.11.07 13:52:52.271,1.13282,1.13302,1.50,1.50
2013.11.07 13:52:55.255,1.13282,1.13303,1.69,2.25
2013.11.07 13:52:55.791,1.13284,1.13303,1.50,2.25
2013.11.07 13:52:56.331,1.13284,1.13303,1.69,2.25
2013.11.07 13:52:57.762,1.13283,1.13303,1.69,2.25
2013.11.07 13:53:02.424,1.13283,1.13303,1.50,2.25
2013.11.07 13:53:02.972,1.13279,1.13301,1.50,1.13
2013.11.07 13:53:04.531,1.13282,1.13302,3.19,1.88
2013.11.07 13:53:04.592,1.13283,1.13302,1.69,1.88
2013.11.07 13:53:04.832,1.13283,1.13302,1.50,1.13
2013.11.07 13:53:04.952,1.13282,1.13302,2.82,1.13
2013.11.07 13:53:05.194,1.13285,1.13301,1.50,1.13
2013.11.07 13:53:05.621,1.13283,1.13301,1.50,1.13
2013.11.07 13:53:06.283,1.13282,1.13301,2.07,1.13
2013.11.07 13:53:06.677,1.1328,1.13302,1.50,1.13
2013.11.07 13:53:07.133,1.13278,1.13302,1.50,1.88
2013.11.07 13:53:07.371,1.13279,1.13302,1.69,1.88
2013.11.07 13:53:07.672,1.13282,1.13302,2.25,1.50
2013.11.07 13:53:08.285,1.13279,1.13303,2.44,1.50
2013.11.07 13:53:08.834,1.13278,1.13303,2.44,1.50
2013.11.07 13:53:09.692,1.13276,1.13301,2.44,1.13
2013.11.07 13:53:09.873,1.13277,1.133,2.44,1.13
2013.11.07 13:53:10.962,1.13281,1.133,2.44,1.13
2013.11.07 13:53:11.323,1.13275,1.13302,1.69,1.88
2013.11.07 13:53:12.323,1.13277,1.13301,1.50,1.13
2013.11.07 13:53:12.501,1.13277,1.13301,1.69,1.13
2013.11.07 13:53:12.925,1.13282,1.13302,3.00,1.13
2013.11.07 13:53:13.352,1.13286,1.13301,1.50,1.13
2013.11.07 13:53:13.474,1.13283,1.13301,1.50,1.13
2013.11.07 13:53:13.542,1.13286,1.13302,1.50,1.50
2013.11.07 13:53:14.864,1.13287,1.13303,1.32,2.25
2013.11.07 13:53:15.344,1.1329,1.13304,1.50,1.50
2013.11.07 13:53:15.702,1.13291,1.13304,1.32,1.50
2013.11.07 13:53:16.923,1.1329,1.13305,1.32,1.13
2013.11.07 13:53:18.152,1.13291,1.13304,2.07,1.50
2013.11.07 13:53:18.343,1.13292,1.13304,2.07,1.50
2013.11.07 13:53:18.593,1.13295,1.13305,1.13,1.50
2013.11.07 13:53:18.652,1.13291,1.13305,1.13,1.50
2013.11.07 13:53:18.892,1.13289,1.13308,1.69,1.50
2013.11.07 13:53:18.953,1.13289,1.13308,1.50,1.50
2013.11.07 13:53:19.073,1.13283,1.13308,2.07,1.50
2013.11.07 13:53:19.132,1.13283,1.13313,2.07,1.50
2013.11.07 13:53:19.582,1.13283,1.13313,2.44,1.50
2013.11.07 13:53:19.701,1.13283,1.13308,2.44,1.50
2013.11.07 13:53:20.062,1.13283,1.13308,2.82,1.50
2013.11.07 13:53:20.183,1.13281,1.13308,1.69,1.50
2013.11.07 13:53:20.603,1.13279,1.13308,1.13,1.50
2013.11.07 13:53:21.137,1.13278,1.13308,1.69,1.50
2013.11.07 13:53:22.140,1.13277,1.13308,1.32,1.50
2013.11.07 13:53:22.951,1.13278,1.13308,1.69,1.50
2013.11.07 13:53:23.254,1.13275,1.13308,3.57,1.50
2013.11.07 13:53:24.235,1.13275,1.13307,2.82,2.25
2013.11.07 13:53:25.465,1.13275,1.13303,2.07,3.00
2013.11.07 13:53:25.842,1.13279,1.13303,1.50,3.00
2013.11.07 13:53:26.205,1.13283,1.13302,1.69,1.50
2013.11.07 13:53:26.623,1.13284,1.13303,1.69,1.50
2013.11.07 13:53:27.672,1.13279,1.13303,1.50,1.50
2013.11.07 13:53:28.535,1.13281,1.13303,1.32,2.25
2013.11.07 13:53:29.413,1.13284,1.13303,1.32,1.50
2013.11.07 13:53:30.803,1.13283,1.13303,2.44,2.25
2013.11.07 13:53:31.163,1.13283,1.13302,1.32,1.50
2013.11.07 13:53:32.182,1.13284,1.13302,1.69,1.50
2013.11.07 13:53:32.744,1.13282,1.13302,1.32,1.50
2013.11.07 13:53:33.295,1.13285,1.13303,2.44,1.50
2013.11.07 13:53:33.724,1.13283,1.13303,1.69,1.50
2013.11.07 13:53:36.462,1.13278,1.13303,2.44,1.50
2013.11.07 13:53:37.023,1.13276,1.13303,1.69,1.88
2013.11.07 13:53:37.445,1.1328,1.13303,1.50,1.88
2013.11.07 13:53:37.754,1.1328,1.13301,1.50,1.50
2013.11.07 13:53:37.900,1.13275,1.13301,2.44,1.50
2013.11.07 13:53:38.143,1.13275,1.13301,1.50,1.50
2013.11.07 13:53:38.696,1.13276,1.13303,1.32,1.50
2013.11.07 13:53:41.616,1.13276,1.13303,1.32,1.50
2013.11.07 13:53:41.934,1.13272,1.13303,1.32,1.50
2013.11.07 13:53:42.235,1.13276,1.13303,1.32,1.88
2013.11.07 13:53:42.482,1.13272,1.13303,2.07,2.25
2013.11.07 13:53:44.655,1.13276,1.13303,1.32,1.50
2013.11.07 13:53:46.163,1.13273,1.13303,1.32,1.88
2013.11.07 13:53:49.364,1.1327,1.13302,1.32,1.50
2013.11.07 13:53:49.425,1.1327,1.13297,1.13,1.50
2013.11.07 13:53:49.552,1.13268,1.13297,1.50,1.50
2013.11.07 13:53:49.853,1.13266,1.13298,4.32,1.50
2013.11.07 13:53:50.154,1.13267,1.133,2.07,1.13
2013.11.07 13:53:50.451,1.13267,1.133,1.69,1.13
2013.11.07 13:53:51.623,1.13267,1.13298,1.32,1.50
2013.11.07 13:53:54.123,1.13267,1.13298,1.69,1.50
2013.11.07 13:53:54.482,1.13273,1.13298,1.69,1.50
2013.11.07 13:53:55.642,1.13273,1.13298,1.69,1.50
2013.11.07 13:53:56.162,1.13273,1.13298,1.69,1.50
2013.11.07 13:53:56.573,1.13274,1.13297,1.69,1.50
2013.11.07 13:53:56.875,1.13274,1.13298,1.50,1.50
2013.11.07 13:53:57.243,1.13268,1.13299,1.69,1.88
2013.11.07 13:53:57.485,1.13268,1.13299,2.82,1.88
2013.11.07 13:53:57.671,1.13268,1.13298,1.50,1.50
2013.11.07 13:53:57.852,1.13268,1.13298,1.69,1.50
2013.11.07 13:53:59.330,1.13266,1.13298,2.82,1.50
2013.11.07 13:53:59.634,1.13277,1.13299,1.32,1.13
2013.11.07 13:53:59.763,1.13296,1.13302,1.50,1.13
2013.11.07 13:53:59.882,1.13296,1.13302,1.50,1.13
2013.11.07 13:53:59.944,1.13298,1.13306,1.50,1.88
2013.11.07 13:54:00.013,1.13297,1.13303,1.13,2.25
2013.11.07 13:54:00.192,1.13292,1.13302,1.50,1.13
2013.11.07 13:54:00.493,1.13291,1.13299,1.50,1.13
2013.11.07 13:54:00.692,1.13291,1.13301,1.50,1.13
2013.11.07 13:54:00.812,1.13287,1.13301,1.50,1.13
2013.11.07 13:54:00.932,1.13284,1.13299,1.50,1.13
2013.11.07 13:54:01.234,1.13279,1.133,1.50,1.13
2013.11.07 13:54:01.544,1.13295,1.13304,1.24,1.50
2013.11.07 13:54:01.613,1.13286,1.13304,1.74,1.50
2013.11.07 13:54:01.744,1.1328,1.13303,2.25,1.50
2013.11.07 13:54:02.223,1.13279,1.13303,2.25,1.50
2013.11.07 13:54:02.584,1.13278,1.13303,2.25,1.50
2013.11.07 13:54:02.834,1.13278,1.13303,2.44,1.50
2013.11.07 13:54:03.203,1.13281,1.13299,1.50,1.50
2013.11.07 13:54:03.993,1.13281,1.13299,1.88,1.50
2013.11.07 13:54:04.352,1.13282,1.13303,3.19,1.50
2013.11.07 13:54:04.545,1.13283,1.13303,1.50,1.50
2013.11.07 13:54:04.853,1.13286,1.13308,1.50,1.13
2013.11.07 13:54:05.161,1.13289,1.13309,1.50,1.88
2013.11.07 13:54:05.722,1.13291,1.13313,2.44,1.13
2013.11.07 13:54:05.974,1.13291,1.13317,3.19,1.13
2013.11.07 13:54:06.281,1.13291,1.13319,3.19,1.88
2013.11.07 13:54:06.803,1.13291,1.13318,3.19,1.13
2013.11.07 13:54:07.395,1.13291,1.13317,2.44,1.13
2013.11.07 13:54:07.536,1.13286,1.13316,1.69,1.13
2013.11.07 13:54:07.841,1.13283,1.13304,2.33,1.50
2013.11.07 13:54:08.154,1.13283,1.13304,1.50,1.50
2013.11.07 13:54:08.404,1.13281,1.13302,1.69,1.50
2013.11.07 13:54:08.473,1.13283,1.13304,1.50,1.50
2013.11.07 13:54:08.532,1.13282,1.13309,1.50,1.88
2013.11.07 13:54:09.071,1.13285,1.1331,1.13,1.13
2013.11.07 13:54:09.192,1.13285,1.1331,1.13,1.13
2013.11.07 13:54:09.552,1.13285,1.13304,1.50,1.50
2013.11.07 13:54:09.612,1.13285,1.13304,1.69,1.50
2013.11.07 13:54:09.972,1.13289,1.13304,1.50,1.50
2013.11.07 13:54:10.744,1.13286,1.13304,3.00,1.50
2013.11.07 13:54:10.923,1.13284,1.13304,2.25,1.50
2013.11.07 13:54:11.103,1.13283,1.13304,1.88,1.50
2013.11.07 13:54:11.223,1.13286,1.13304,1.50,1.50
2013.11.07 13:54:11.842,1.13286,1.13311,2.63,1.13
2013.11.07 13:54:12.422,1.13286,1.13311,2.25,1.13
2013.11.07 13:54:12.622,1.13286,1.13311,2.25,1.13
2013.11.07 13:54:13.044,1.13287,1.13311,1.50,1.13
2013.11.07 13:54:13.113,1.13291,1.13311,2.25,1.13
2013.11.07 13:54:13.354,1.13292,1.13312,1.50,1.50
2013.11.07 13:54:13.891,1.13299,1.13316,2.25,1.50
2013.11.07 13:54:14.324,1.13297,1.13316,1.50,1.50
2013.11.07 13:54:14.453,1.1329,1.13316,1.50,1.50
2013.11.07 13:54:14.514,1.13289,1.13316,1.50,1.50
2013.11.07 13:54:14.583,1.13287,1.13316,1.50,1.50
2013.11.07 13:54:14.703,1.13286,1.13308,3.19,1.50
2013.11.07 13:54:15.258,1.13286,1.13308,2.44,1.50
2013.11.07 13:54:15.624,1.13283,1.13304,1.13,1.50
2013.11.07 13:54:15.693,1.13278,1.13304,1.50,2.25
2013.11.07 13:54:15.753,1.13278,1.13304,1.13,2.25
2013.11.07 13:54:16.776,1.13277,1.13304,1.50,2.25
2013.11.07 13:54:17.316,1.13269,1.13299,2.25,1.13
2013.11.07 13:54:17.682,1.13269,1.13297,2.25,1.13
2013.11.07 13:54:18.171,1.13263,1.13295,2.63,1.13
2013.11.07 13:54:18.476,1.13265,1.13292,1.50,1.13
2013.11.07 13:54:18.962,1.1327,1.13294,1.50,1.13
2013.11.07 13:54:19.024,1.1327,1.13296,1.50,1.50
2013.11.07 13:54:19.092,1.1327,1.13294,1.50,1.13
2013.11.07 13:54:19.634,1.13269,1.13295,1.50,1.13
2013.11.07 13:54:20.972,1.13268,1.13296,1.50,1.88
2013.11.07 13:54:21.276,1.13261,1.13286,1.50,1.13
2013.11.07 13:54:21.406,1.13258,1.13288,2.25,1.13
2013.11.07 13:54:21.593,1.13262,1.13288,1.50,1.32
2013.11.07 13:54:21.653,1.13262,1.13289,1.50,1.69
2013.11.07 13:54:21.712,1.1326,1.13288,1.50,1.13
2013.11.07 13:54:21.835,1.13259,1.13285,1.50,1.13
2013.11.07 13:54:22.082,1.13257,1.13285,4.50,1.13
2013.11.07 13:54:22.143,1.13257,1.13287,3.94,1.13
2013.11.07 13:54:22.333,1.13258,1.13287,3.00,1.50
2013.11.07 13:54:22.395,1.13259,1.1328,1.50,1.13
2013.11.07 13:54:22.643,1.1326,1.13283,1.50,1.13
2013.11.07 13:54:22.822,1.1326,1.13283,2.63,1.50
2013.11.07 13:54:23.182,1.13272,1.13292,1.50,1.50
2013.11.07 13:54:23.484,1.1328,1.13293,1.50,1.50
2013.11.07 13:54:23.793,1.13273,1.13286,2.44,1.13
2013.11.07 13:54:23.911,1.13273,1.13285,1.50,1.13
2013.11.07 13:54:24.033,1.13273,1.13281,1.50,1.13
2013.11.07 13:54:24.392,1.13261,1.13276,1.50,1.13
2013.11.07 13:54:24.873,1.13257,1.13277,1.50,1.88
2013.11.07 13:54:24.934,1.13252,1.13277,1.13,1.88
2013.11.07 13:54:25.006,1.13252,1.13277,1.13,1.88
2013.11.07 13:54:25.314,1.13257,1.13276,1.50,1.13
2013.11.07 13:54:25.623,1.13263,1.13276,2.07,1.88
2013.11.07 13:54:26.068,1.13266,1.13277,2.82,1.88
2013.11.07 13:54:26.392,1.1327,1.13279,1.13,1.50
2013.11.07 13:54:26.633,1.13268,1.13279,1.32,1.50
2013.11.07 13:54:26.703,1.13266,1.13279,1.13,1.50
2013.11.07 13:54:26.942,1.13262,1.13282,1.50,1.13
2013.11.07 13:54:27.302,1.13267,1.13278,1.13,1.13
2013.11.07 13:54:27.362,1.13265,1.13277,1.32,1.13
2013.11.07 13:54:27.422,1.13266,1.13278,1.69,1.13
2013.11.07 13:54:27.482,1.13269,1.13281,1.69,1.13
2013.11.07 13:54:27.602,1.13269,1.1328,1.88,1.13
2013.11.07 13:54:27.723,1.13264,1.13281,1.50,1.13
2013.11.07 13:54:27.973,1.1326,1.13281,2.25,1.13
2013.11.07 13:54:28.335,1.13256,1.13281,1.32,1.88
2013.11.07 13:54:28.403,1.13256,1.13277,1.13,1.13
2013.11.07 13:54:28.764,1.13255,1.13275,2.82,1.13
2013.11.07 13:54:29.075,1.13258,1.13273,1.50,1.13
2013.11.07 13:54:29.874,1.13255,1.13273,2.44,1.13
2013.11.07 13:54:30.243,1.13255,1.13272,1.32,1.13
2013.11.07 13:54:30.544,1.13264,1.13275,1.69,1.50
2013.11.07 13:54:30.663,1.13264,1.13275,1.69,1.50
2013.11.07 13:54:30.904,1.13263,1.13275,1.50,1.13
2013.11.07 13:54:31.024,1.13259,1.13275,1.69,1.13
2013.11.07 13:54:31.204,1.13262,1.13279,1.50,1.13
2013.11.07 13:54:31.272,1.13263,1.13279,1.50,1.50
2013.11.07 13:54:31.333,1.13264,1.13279,1.88,1.50
2013.11.07 13:54:31.582,1.13266,1.13282,1.32,1.13
2013.11.07 13:54:31.983,1.13266,1.13282,1.32,1.13
2013.11.07 13:54:32.353,1.13267,1.13281,3.94,1.13
2013.11.07 13:54:32.828,1.1327,1.13285,1.69,1.50
2013.11.07 13:54:33.952,1.13283,1.13304,1.69,1.50
2013.11.07 13:54:34.194,1.13291,1.13307,1.50,1.13
2013.11.07 13:54:34.313,1.13292,1.13311,1.50,1.13
2013.11.07 13:54:34.371,1.13292,1.13311,1.88,1.50
2013.11.07 13:54:34.431,1.13293,1.13311,1.50,1.50
2013.11.07 13:54:34.905,1.13296,1.13315,1.50,1.50
2013.11.07 13:54:34.983,1.13294,1.13311,1.50,1.50
2013.11.07 13:54:35.053,1.13301,1.13311,1.50,1.50
2013.11.07 13:54:35.534,1.13293,1.13314,1.50,1.50
2013.11.07 13:54:35.594,1.13292,1.13314,1.50,1.50
2013.11.07 13:54:35.714,1.13289,1.13315,1.50,1.50
2013.11.07 13:54:35.772,1.13289,1.13315,1.50,1.50
2013.11.07 13:54:35.831,1.13289,1.13314,1.50,1.50
2013.11.07 13:54:36.053,1.13289,1.13312,1.50,1.50
2013.11.07 13:54:36.354,1.13284,1.13312,2.25,1.50
2013.11.07 13:54:36.425,1.13284,1.13312,2.25,1.50
2013.11.07 13:54:37.864,1.13284,1.13312,2.25,1.50
2013.11.07 13:54:38.222,1.13291,1.1331,1.50,1.50
2013.11.07 13:54:38.342,1.13289,1.1331,1.50,1.50
2013.11.07 13:54:38.401,1.13289,1.13305,1.50,1.50
2013.11.07 13:54:38.462,1.13289,1.13313,1.50,1.50
2013.11.07 13:54:38.761,1.13286,1.13309,2.25,1.50
2013.11.07 13:54:38.893,1.13286,1.13309,2.25,1.50
2013.11.07 13:54:39.014,1.13286,1.13305,1.50,1.50
2013.11.07 13:54:39.372,1.13286,1.13299,1.50,1.50
2013.11.07 13:54:39.562,1.13283,1.13299,1.13,1.50
2013.11.07 13:54:39.863,1.13288,1.133,2.44,1.50
2013.11.07 13:54:39.922,1.13288,1.13315,2.44,1.50
2013.11.07 13:54:40.042,1.13306,1.13323,1.13,1.13
2013.11.07 13:54:40.161,1.13311,1.13325,1.50,1.32
2013.11.07 13:54:40.462,1.13307,1.13326,3.38,1.69
2013.11.07 13:54:40.522,1.13307,1.13326,3.38,1.69
2013.11.07 13:54:40.584,1.13307,1.13329,2.25,1.69
2013.11.07 13:54:40.883,1.13308,1.13334,1.13,1.50
2013.11.07 13:54:41.002,1.13307,1.13334,1.13,1.50
2013.11.07 13:54:41.062,1.1331,1.13335,1.50,1.50
2013.11.07 13:54:41.182,1.1331,1.13335,1.50,1.50
2013.11.07 13:54:41.742,1.1331,1.13336,1.50,1.50
2013.11.07 13:54:42.131,1.1331,1.13336,1.50,1.50
2013.11.07 13:54:42.702,1.1331,1.13329,1.50,1.50
2013.11.07 13:54:42.762,1.1331,1.13329,1.50,1.50
2013.11.07 13:54:43.064,1.13307,1.13329,1.50,1.50
2013.11.07 13:54:43.433,1.13304,1.13334,2.07,1.50
2013.11.07 13:54:43.995,1.13311,1.13333,2.07,1.50
2013.11.07 13:54:44.245,1.13317,1.13346,1.69,1.69
2013.11.07 13:54:44.325,1.13316,1.13344,1.69,1.69
2013.11.07 13:54:44.452,1.13316,1.13329,1.50,1.50
2013.11.07 13:54:44.841,1.13308,1.13329,1.77,1.50
2013.11.07 13:54:45.145,1.13322,1.13344,1.13,1.32
2013.11.07 13:54:45.335,1.1334,1.13349,1.88,1.88
2013.11.07 13:54:45.402,1.13336,1.13349,1.13,1.50
2013.11.07 13:54:45.461,1.13334,1.13349,1.13,1.50
2013.11.07 13:54:45.522,1.13334,1.13349,1.13,1.50
2013.11.07 13:54:45.585,1.13332,1.13349,2.25,1.50
2013.11.07 13:54:45.652,1.13332,1.13348,1.50,1.69
2013.11.07 13:54:45.773,1.13325,1.13346,1.13,1.69
2013.11.07 13:54:45.834,1.13321,1.13338,1.69,1.50
2013.11.07 13:54:45.954,1.13326,1.13338,1.50,1.50
2013.11.07 13:54:46.085,1.1332,1.13338,1.50,1.50
2013.11.07 13:54:46.154,1.13318,1.13338,1.13,1.50
2013.11.07 13:54:46.463,1.13322,1.13349,1.50,1.50
2013.11.07 13:54:46.584,1.13313,1.13347,1.88,1.50
2013.11.07 13:54:46.655,1.13322,1.13345,1.50,1.50
2013.11.07 13:54:46.782,1.13312,1.13344,1.50,1.50
2013.11.07 13:54:46.842,1.13309,1.13338,1.50,1.50
2013.11.07 13:54:47.233,1.13309,1.13338,1.13,1.50
2013.11.07 13:54:47.783,1.13312,1.13343,1.50,1.50
2013.11.07 13:54:48.022,1.13312,1.13349,1.50,2.25
2013.11.07 13:54:48.504,1.13312,1.13349,2.82,2.25
2013.11.07 13:54:48.903,1.13314,1.13349,1.32,2.25
2013.11.07 13:54:49.323,1.13318,1.13349,1.32,1.50
2013.11.07 13:54:49.683,1.13319,1.13348,1.13,1.50
2013.11.07 13:54:49.983,1.13318,1.13348,1.32,1.50
2013.11.07 13:54:50.163,1.13319,1.13346,2.25,1.50
2013.11.07 13:54:50.283,1.13315,1.13345,2.44,1.13
2013.11.07 13:54:50.402,1.1332,1.1335,1.32,1.50
2013.11.07 13:54:50.641,1.13327,1.13354,1.13,1.50
2013.11.07 13:54:51.254,1.13326,1.13354,1.13,1.50
2013.11.07 13:54:51.502,1.13326,1.13354,1.13,1.50
2013.11.07 13:54:52.112,1.13329,1.13361,1.13,2.44
2013.11.07 13:54:52.750,1.13329,1.13358,1.13,1.69
2013.11.07 13:54:52.821,1.13329,1.13358,1.13,1.69
2013.11.07 13:54:53.195,1.13327,1.13356,1.32,1.69
2013.11.07 13:54:53.747,1.13331,1.13355,1.69,1.50
2013.11.07 13:54:54.556,1.1333,1.13355,1.69,1.69
2013.11.07 13:54:54.624,1.13329,1.13355,1.88,1.69
2013.11.07 13:54:54.695,1.13329,1.13349,1.88,1.50
2013.11.07 13:54:54.884,1.13329,1.13349,1.50,1.50
2013.11.07 13:54:55.396,1.13327,1.13349,1.50,1.50
2013.11.07 13:54:55.974,1.13327,1.13349,1.50,1.50
2013.11.07 13:54:56.533,1.13327,1.13349,1.50,1.50
2013.11.07 13:54:57.054,1.13327,1.13354,1.50,1.50
2013.11.07 13:54:59.404,1.13328,1.13343,1.50,1.13
2013.11.07 13:54:59.702,1.13328,1.13354,1.50,1.50
2013.11.07 13:54:59.762,1.13328,1.13357,1.50,1.69
2013.11.07 13:55:00.242,1.1333,1.13357,1.50,1.69
2013.11.07 13:55:00.724,1.13331,1.13365,2.25,2.82
2013.11.07 13:55:01.084,1.13331,1.13363,2.63,1.69
2013.11.07 13:55:01.152,1.13332,1.13366,1.50,2.07
2013.11.07 13:55:01.332,1.13332,1.13363,1.69,1.69
2013.11.07 13:55:02.140,1.13332,1.13361,1.50,1.69
2013.11.07 13:55:02.805,1.13333,1.13361,1.50,1.69
2013.11.07 13:55:02.872,1.13333,1.13361,1.50,1.69
2013.11.07 13:55:03.051,1.1333,1.13361,1.88,1.69
2013.11.07 13:55:03.602,1.1333,1.13357,1.50,1.50
2013.11.07 13:55:04.143,1.13328,1.13361,2.25,3.00
2013.11.07 13:55:04.382,1.13324,1.13358,2.25,1.69
2013.11.07 13:55:04.925,1.1333,1.13361,2.07,1.69
2013.11.07 13:55:05.173,1.13335,1.13361,1.88,1.69
2013.11.07 13:55:05.233,1.13337,1.13361,1.50,1.69
2013.11.07 13:55:05.776,1.13337,1.13364,1.50,1.32
2013.11.07 13:55:06.143,1.13334,1.13364,2.25,1.32
2013.11.07 13:55:06.212,1.13334,1.13364,1.50,1.32
2013.11.07 13:55:06.575,1.13334,1.13364,1.50,1.32
2013.11.07 13:55:07.243,1.13334,1.13364,1.50,1.32
2013.11.07 13:55:08.512,1.13326,1.13353,1.50,2.25
2013.11.07 13:55:08.752,1.13326,1.13357,1.50,2.44
2013.11.07 13:55:08.812,1.13326,1.13357,1.50,2.44
2013.11.07 13:55:08.932,1.13324,1.13355,2.44,1.50
2013.11.07 13:55:09.473,1.13318,1.13349,1.13,1.50
2013.11.07 13:55:09.713,1.13318,1.13349,1.13,1.50
2013.11.07 13:55:09.832,1.13318,1.13349,1.13,1.50
2013.11.07 13:55:10.371,1.13318,1.13351,1.13,1.50
2013.11.07 13:55:10.915,1.13318,1.13354,1.88,1.50
2013.11.07 13:55:11.953,1.13326,1.13359,1.88,1.13
2013.11.07 13:55:12.132,1.13327,1.1336,1.50,1.32
2013.11.07 13:55:12.752,1.13333,1.13362,1.13,2.07
2013.11.07 13:55:13.114,1.13336,1.13362,1.50,2.07
2013.11.07 13:55:13.413,1.13348,1.13368,1.50,1.69
2013.11.07 13:55:13.652,1.13342,1.1336,1.88,1.50
2013.11.07 13:55:13.833,1.13342,1.13368,2.63,2.82
2013.11.07 13:55:13.893,1.13347,1.13368,1.50,1.50
2013.11.07 13:55:14.131,1.13349,1.13373,1.50,1.13
2013.11.07 13:55:14.251,1.13353,1.13373,1.50,1.13
2013.11.07 13:55:14.911,1.13355,1.1338,1.32,1.69
2013.11.07 13:55:15.467,1.13355,1.1338,2.07,1.69
2013.11.07 13:55:16.014,1.13355,1.13379,1.69,1.69
2013.11.07 13:55:16.193,1.13351,1.13378,1.50,1.32
2013.11.07 13:55:16.582,1.13348,1.13376,2.63,2.07
2013.11.07 13:55:18.241,1.13351,1.1338,1.13,1.32
2013.11.07 13:55:18.423,1.13355,1.13381,1.69,2.44
2013.11.07 13:55:18.844,1.13355,1.13379,1.88,1.32
2013.11.07 13:55:18.963,1.13354,1.13381,1.13,1.32
2013.11.07 13:55:19.086,1.13354,1.13379,1.13,1.69
2013.11.07 13:55:19.393,1.13354,1.13379,1.13,2.44
2013.11.07 13:55:19.464,1.13354,1.13379,1.13,2.44
2013.11.07 13:55:19.781,1.13354,1.13379,1.13,2.44
2013.11.07 13:55:20.142,1.13354,1.13371,1.13,1.50
2013.11.07 13:55:20.789,1.13353,1.13371,1.13,1.50
2013.11.07 13:55:21.175,1.13344,1.13363,1.50,1.50
2013.11.07 13:55:21.663,1.13341,1.13362,1.13,1.50
2013.11.07 13:55:21.784,1.13341,1.13364,1.13,1.50
2013.11.07 13:55:21.853,1.13341,1.13366,1.32,1.50
2013.11.07 13:55:21.912,1.13341,1.13369,1.32,1.50
2013.11.07 13:55:22.455,1.13341,1.13366,1.13,1.13
2013.11.07 13:55:22.763,1.13345,1.13366,1.13,1.13
2013.11.07 13:55:23.141,1.13345,1.13363,1.13,1.13
2013.11.07 13:55:23.261,1.13344,1.13367,1.88,3.19
2013.11.07 13:55:24.004,1.13344,1.13359,1.13,1.13
2013.11.07 13:55:24.352,1.13344,1.13359,1.13,1.13
2013.11.07 13:55:24.603,1.13344,1.13363,1.88,1.50
2013.11.07 13:55:25.153,1.13347,1.13366,1.50,1.50
2013.11.07 13:55:25.214,1.13349,1.13371,1.13,1.13
2013.11.07 13:55:25.273,1.13352,1.13371,1.50,1.13
2013.11.07 13:55:25.872,1.13352,1.13371,2.25,1.13
2013.11.07 13:55:25.931,1.13352,1.13373,2.25,1.13
2013.11.07 13:55:26.143,1.1335,1.13366,1.50,1.13
2013.11.07 13:55:26.632,1.13349,1.13373,2.25,1.50
2013.11.07 13:55:26.693,1.13348,1.13373,1.13,1.69
2013.11.07 13:55:28.124,1.13354,1.13373,1.50,1.50
2013.11.07 13:55:28.194,1.13356,1.13375,1.50,1.13
2013.11.07 13:55:28.443,1.13359,1.13379,1.50,1.32
2013.11.07 13:55:28.991,1.13359,1.13379,1.13,1.32
2013.11.07 13:55:29.505,1.13359,1.13382,1.88,1.32
2013.11.07 13:55:30.015,1.13359,1.1338,1.50,1.32
2013.11.07 13:55:30.521,1.13359,1.1338,1.50,1.32
2013.11.07 13:55:31.062,1.13359,1.1338,2.25,1.32
2013.11.07 13:55:32.354,1.1336,1.1338,2.25,1.32
2013.11.07 13:55:32.475,1.13358,1.13378,1.13,1.69
2013.11.07 13:55:32.952,1.13354,1.13378,1.13,1.69
2013.11.07 13:55:33.672,1.13352,1.13373,1.50,1.13
2013.11.07 13:55:34.903,1.13355,1.13377,1.13,2.44
2013.11.07 13:55:34.963,1.13359,1.13377,1.13,1.69
2013.11.07 13:55:35.023,1.13363,1.13377,1.50,1.88
2013.11.07 13:55:35.524,1.13364,1.13386,1.50,1.50
2013.11.07 13:55:36.673,1.13365,1.13386,1.50,1.69
2013.11.07 13:55:36.913,1.13365,1.13391,1.50,2.82
2013.11.07 13:55:36.985,1.13365,1.13391,1.88,2.07
2013.11.07 13:55:37.656,1.13365,1.1339,1.88,1.32
2013.11.07 13:55:37.781,1.13365,1.13393,1.88,1.13
2013.11.07 13:55:37.903,1.13367,1.13394,1.13,1.50
2013.11.07 13:55:37.963,1.1337,1.13396,1.50,2.44
2013.11.07 13:55:38.025,1.13371,1.13396,1.50,1.69
2013.11.07 13:55:38.082,1.13371,1.13396,1.69,1.69
2013.11.07 13:55:38.202,1.13371,1.13396,1.32,1.69
2013.11.07 13:55:39.833,1.13372,1.13393,1.13,1.50
2013.11.07 13:55:40.413,1.1337,1.13393,1.88,1.50
2013.11.07 13:55:40.472,1.13372,1.13393,1.50,1.50
2013.11.07 13:55:40.611,1.13374,1.13398,1.50,1.69
2013.11.07 13:55:40.732,1.13374,1.13398,1.50,1.69
2013.11.07 13:55:41.093,1.13379,1.13398,1.13,2.07
2013.11.07 13:55:41.273,1.13373,1.13394,1.50,1.69
2013.11.07 13:55:41.342,1.13377,1.13397,1.13,1.69
2013.11.07 13:55:41.702,1.13377,1.13398,1.13,1.69
2013.11.07 13:55:41.882,1.13377,1.13398,1.13,1.69
2013.11.07 13:55:42.182,1.13377,1.13397,1.13,1.69
2013.11.07 13:55:42.722,1.13377,1.13397,1.13,1.69
2013.11.07 13:55:43.144,1.13377,1.13397,1.13,1.69
2013.11.07 13:55:43.394,1.13377,1.13399,1.13,1.69
2013.11.07 13:55:43.942,1.13375,1.13396,1.13,1.69
2013.11.07 13:55:44.483,1.13378,1.13399,1.13,1.69
2013.11.07 13:55:44.723,1.13375,1.134,1.50,1.69
2013.11.07 13:55:45.230,1.13377,1.13405,1.50,1.69
2013.11.07 13:55:45.752,1.13377,1.13405,1.50,1.69
2013.11.07 13:55:46.143,1.13377,1.13405,1.50,1.69
2013.11.07 13:55:46.264,1.13378,1.13405,1.13,1.69
2013.11.07 13:55:46.688,1.13383,1.13405,1.50,2.07
2013.11.07 13:55:47.162,1.13377,1.13399,1.50,1.69
2013.11.07 13:55:47.765,1.13377,1.134,1.50,1.69
2013.11.07 13:55:48.319,1.1338,1.13406,1.13,3.57
2013.11.07 13:55:48.933,1.1338,1.13406,1.13,2.44
2013.11.07 13:55:49.489,1.1338,1.13406,1.13,2.44
2013.11.07 13:55:49.983,1.13383,1.13406,1.32,2.44
2013.11.07 13:55:51.814,1.13381,1.13405,1.32,1.69
2013.11.07 13:55:52.362,1.13382,1.13406,1.32,1.69
2013.11.07 13:55:52.871,1.13382,1.13406,1.32,1.69
2013.11.07 13:55:53.583,1.13382,1.13406,1.32,1.69
2013.11.07 13:55:54.248,1.13382,1.13406,1.32,1.69
2013.11.07 13:55:54.797,1.13382,1.13406,1.32,1.69
2013.11.07 13:55:55.572,1.13389,1.13409,1.13,2.25
2013.11.07 13:55:55.631,1.13389,1.13409,1.13,2.44
2013.11.07 13:55:56.144,1.13389,1.13408,1.13,1.50
2013.11.07 13:55:56.263,1.13382,1.13407,1.32,1.69
2013.11.07 13:55:57.122,1.13382,1.13407,1.32,2.44
2013.11.07 13:55:57.734,1.13382,1.13407,1.32,1.69
2013.11.07 13:55:58.882,1.13381,1.13405,2.07,1.32
2013.11.07 13:55:59.422,1.13382,1.13408,1.32,1.32
2013.11.07 13:55:59.482,1.13382,1.13408,1.32,1.13
2013.11.07 13:55:59.662,1.13382,1.13408,1.13,1.13
2013.11.07 13:55:59.722,1.13385,1.13408,1.13,1.13
2013.11.07 13:56:00.232,1.13385,1.13412,1.13,1.50
2013.11.07 13:56:00.352,1.13384,1.13412,1.13,1.50
2013.11.07 13:56:00.494,1.13385,1.13412,1.13,1.50
2013.11.07 13:56:00.803,1.13389,1.1341,1.88,1.50
2013.11.07 13:56:00.864,1.13389,1.13411,1.13,1.50
2013.11.07 13:56:01.112,1.13389,1.13412,1.88,1.50
2013.11.07 13:56:01.172,1.13389,1.13412,1.88,1.88
2013.11.07 13:56:01.687,1.13389,1.13409,1.88,1.13
2013.11.07 13:56:03.343,1.13388,1.13413,1.50,1.13
2013.11.07 13:56:03.745,1.13394,1.13415,1.13,1.69
2013.11.07 13:56:04.073,1.1339,1.13415,1.13,3.19
2013.11.07 13:56:04.492,1.1339,1.13415,1.13,3.19
2013.11.07 13:56:04.843,1.13391,1.13411,1.13,1.50
2013.11.07 13:56:05.201,1.13387,1.13409,1.50,1.88
2013.11.07 13:56:05.882,1.13385,1.1341,1.50,1.32
2013.11.07 13:56:06.422,1.1338,1.13404,1.50,1.32
2013.11.07 13:56:06.602,1.13382,1.13408,1.13,1.50
2013.11.07 13:56:06.662,1.13387,1.13409,1.13,1.50
2013.11.07 13:56:06.783,1.13389,1.13414,1.88,1.50
2013.11.07 13:56:07.023,1.1339,1.13415,1.13,1.50
2013.11.07 13:56:07.143,1.13391,1.13419,1.13,2.25
2013.11.07 13:56:07.502,1.134,1.13419,1.13,1.50
2013.11.07 13:56:07.744,1.13399,1.13421,1.13,1.69
2013.11.07 13:56:07.921,1.13402,1.13423,1.13,2.44
2013.11.07 13:56:08.383,1.134,1.13421,1.13,1.69
2013.11.07 13:56:08.452,1.134,1.13424,1.50,1.69
2013.11.07 13:56:08.983,1.134,1.13424,1.50,1.69
2013.11.07 13:56:09.042,1.13403,1.13424,1.50,1.69
2013.11.07 13:56:09.438,1.13403,1.13423,1.50,1.69
2013.11.07 13:56:09.514,1.13389,1.13417,2.25,1.50
2013.11.07 13:56:09.583,1.13389,1.13417,2.25,1.50
2013.11.07 13:56:10.931,1.13389,1.13412,1.88,1.50
2013.11.07 13:56:11.191,1.1339,1.13419,1.32,1.50
2013.11.07 13:56:11.312,1.13391,1.13422,1.32,1.69
2013.11.07 13:56:11.611,1.13391,1.13422,1.32,1.69
2013.11.07 13:56:12.993,1.1339,1.13418,1.32,3.00
2013.11.07 13:56:13.174,1.1339,1.13417,1.13,1.50
2013.11.07 13:56:13.532,1.13385,1.13412,1.50,1.50
2013.11.07 13:56:13.891,1.13382,1.13412,1.13,1.50
2013.11.07 13:56:14.448,1.13382,1.13412,1.13,1.50
2013.11.07 13:56:15.044,1.13381,1.13412,1.32,1.50
2013.11.07 13:56:15.115,1.13382,1.1341,1.13,1.69
2013.11.07 13:56:15.303,1.13381,1.13408,1.13,2.25
2013.11.07 13:56:15.661,1.13378,1.13407,1.13,2.25
2013.11.07 13:56:16.139,1.1338,1.13407,1.13,2.25
2013.11.07 13:56:16.382,1.13373,1.13406,2.25,1.69
2013.11.07 13:56:17.212,1.13371,1.13406,1.50,2.25
2013.11.07 13:56:17.391,1.13371,1.13406,1.50,1.50
2013.11.07 13:56:18.353,1.13371,1.13406,1.50,1.50
2013.11.07 13:56:20.401,1.13372,1.13408,1.50,2.25
2013.11.07 13:56:20.521,1.13371,1.13405,1.50,2.25
2013.11.07 13:56:21.425,1.13371,1.13405,1.50,2.25
2013.11.07 13:56:22.615,1.13374,1.13405,1.13,2.25
2013.11.07 13:56:22.922,1.13385,1.13409,1.50,1.50
2013.11.07 13:56:23.042,1.13385,1.1341,1.50,1.50
2013.11.07 13:56:23.603,1.13385,1.1341,1.50,1.50
2013.11.07 13:56:24.103,1.13385,1.1341,2.07,1.50
2013.11.07 13:56:24.456,1.1339,1.1341,1.50,1.50
2013.11.07 13:56:25.074,1.1339,1.1341,1.88,1.50
2013.11.07 13:56:26.592,1.1339,1.1341,1.88,1.50
2013.11.07 13:56:27.143,1.1339,1.1341,1.88,1.50
2013.11.07 13:56:28.222,1.13382,1.1341,1.13,1.50
2013.11.07 13:56:28.282,1.13381,1.1341,1.50,1.88
2013.11.07 13:56:28.342,1.13381,1.1341,1.50,1.88
2013.11.07 13:56:28.905,1.13381,1.13408,1.50,1.50
2013.11.07 13:56:29.193,1.13379,1.13406,1.50,1.50
2013.11.07 13:56:29.253,1.13378,1.13406,1.50,1.50
2013.11.07 13:56:29.374,1.13375,1.13405,1.69,1.50
2013.11.07 13:56:29.504,1.13379,1.13406,1.13,1.13
2013.11.07 13:56:29.812,1.13376,1.13405,2.63,1.50
2013.11.07 13:56:30.563,1.13376,1.134,1.88,1.50
2013.11.07 13:56:31.701,1.13376,1.134,1.88,1.50
2013.11.07 13:56:32.132,1.1338,1.134,1.13,1.50
2013.11.07 13:56:32.561,1.1338,1.134,1.13,1.50
2013.11.07 13:56:33.323,1.1338,1.134,1.13,1.50
2013.11.07 13:56:35.772,1.1338,1.134,1.50,1.50
2013.11.07 13:56:36.423,1.1338,1.134,1.13,1.50
2013.11.07 13:56:37.212,1.13379,1.134,1.32,1.50
2013.11.07 13:56:37.831,1.1338,1.134,1.13,1.50
2013.11.07 13:56:38.254,1.13381,1.134,1.88,1.50
2013.11.07 13:56:38.434,1.13385,1.13405,1.32,2.25
2013.11.07 13:56:38.502,1.13387,1.13405,1.50,1.50
2013.11.07 13:56:38.801,1.13385,1.13404,1.50,1.50
2013.11.07 13:56:47.603,1.13384,1.134,1.13,1.50
2013.11.07 13:56:47.662,1.13381,1.134,1.13,1.50
2013.11.07 13:56:47.904,1.1338,1.13398,1.13,1.50
2013.11.07 13:56:48.445,1.13381,1.13401,1.69,1.13
2013.11.07 13:56:48.692,1.13379,1.13401,2.07,1.13
2013.11.07 13:56:48.754,1.1338,1.13401,1.32,1.13
2013.11.07 13:56:48.993,1.13379,1.13394,1.32,1.50
2013.11.07 13:56:49.525,1.13379,1.13394,1.32,1.50
2013.11.07 13:56:49.814,1.13379,1.13394,1.32,1.50
2013.11.07 13:56:50.508,1.13379,1.13394,1.32,1.50
2013.11.07 13:56:50.811,1.13374,1.13394,1.13,1.50
2013.11.07 13:56:52.796,1.13368,1.13394,1.88,2.25
2013.11.07 13:56:52.983,1.13371,1.13394,1.50,1.50
2013.11.07 13:56:53.162,1.13369,1.13394,2.25,1.50
2013.11.07 13:56:53.702,1.13369,1.13394,3.00,1.50
2013.11.07 13:56:54.002,1.13371,1.13394,1.50,1.50
2013.11.07 13:56:56.914,1.13371,1.13394,1.69,1.50
2013.11.07 13:56:57.701,1.13377,1.13389,1.50,1.50
2013.11.07 13:56:59.893,1.13377,1.13393,1.50,1.50
2013.11.07 13:57:00.011,1.13377,1.13393,1.50,1.50
2013.11.07 13:57:02.725,1.13374,1.13389,1.50,1.50
2013.11.07 13:57:02.794,1.13368,1.13389,1.50,1.50
2013.11.07 13:57:03.133,1.13367,1.13389,2.63,1.50
2013.11.07 13:57:03.213,1.13364,1.13384,3.00,1.50
2013.11.07 13:57:03.405,1.13365,1.13384,1.50,1.50
2013.11.07 13:57:03.653,1.13369,1.13386,1.69,1.13
2013.11.07 13:57:03.836,1.13372,1.13386,2.25,1.13
2013.11.07 13:57:04.085,1.13371,1.13387,2.25,1.13
2013.11.07 13:57:04.637,1.13371,1.13386,2.63,1.13
2013.11.07 13:57:05.266,1.13371,1.13386,2.63,1.13
2013.11.07 13:57:05.574,1.1337,1.13386,1.13,1.13
2013.11.07 13:57:05.703,1.13366,1.13387,1.13,1.13
2013.11.07 13:57:05.762,1.13365,1.13387,1.50,1.13
2013.11.07 13:57:06.122,1.13362,1.13384,1.50,1.50
2013.11.07 13:57:06.663,1.13359,1.13378,1.50,1.50
2013.11.07 13:57:06.781,1.13358,1.13378,1.50,1.88
2013.11.07 13:57:07.023,1.13358,1.13377,2.25,1.13
2013.11.07 13:57:07.142,1.13355,1.13377,3.75,1.13
2013.11.07 13:57:07.203,1.13355,1.13378,3.75,1.13
2013.11.07 13:57:08.634,1.13355,1.13378,4.32,1.13
2013.11.07 13:57:08.822,1.13359,1.13378,2.25,1.13
2013.11.07 13:57:11.143,1.13362,1.13378,1.50,1.13
2013.11.07 13:57:11.203,1.13361,1.13378,1.50,1.13
2013.11.07 13:57:11.326,1.13356,1.13378,1.50,1.13
2013.11.07 13:57:11.456,1.13356,1.13378,2.25,1.13
2013.11.07 13:57:11.763,1.1336,1.13372,1.50,1.13
2013.11.07 13:57:12.583,1.13357,1.13372,1.50,1.13
2013.11.07 13:57:13.145,1.13359,1.13372,1.50,1.13
2013.11.07 13:57:13.513,1.13364,1.13374,1.13,1.13
2013.11.07 13:57:13.874,1.13362,1.13376,2.44,1.50
2013.11.07 13:57:14.252,1.13365,1.13377,1.69,1.50
2013.11.07 13:57:14.312,1.13368,1.13378,1.32,1.50
2013.11.07 13:57:14.554,1.1337,1.13384,2.44,1.50
2013.11.07 13:57:14.623,1.1337,1.13385,3.19,1.50
2013.11.07 13:57:14.923,1.13376,1.13389,2.44,1.50
2013.11.07 13:57:15.162,1.13377,1.13388,1.69,1.50
2013.11.07 13:57:15.463,1.13377,1.13398,1.69,1.58
2013.11.07 13:57:16.122,1.13377,1.13388,1.13,1.50
2013.11.07 13:57:16.243,1.13372,1.13386,1.50,1.50
2013.11.07 13:57:16.545,1.13362,1.13381,2.25,1.13
2013.11.07 13:57:17.074,1.13362,1.13381,3.94,1.13
2013.11.07 13:57:17.326,1.13364,1.13383,1.13,1.13
2013.11.07 13:57:17.644,1.13371,1.13385,1.32,1.50
2013.11.07 13:57:17.713,1.13371,1.13385,1.69,1.50
2013.11.07 13:57:17.954,1.13371,1.13385,1.69,1.50
2013.11.07 13:57:18.512,1.13371,1.13386,1.69,1.50
2013.11.07 13:57:19.553,1.1337,1.13386,1.32,1.50
2013.11.07 13:57:19.792,1.13372,1.13386,1.32,1.50
2013.11.07 13:57:19.912,1.13367,1.13384,1.88,1.50
2013.11.07 13:57:20.673,1.13364,1.13381,1.69,1.13
2013.11.07 13:57:22.115,1.13372,1.13382,1.13,1.13
2013.11.07 13:57:22.784,1.13372,1.13385,1.32,1.50
2013.11.07 13:57:25.582,1.13368,1.13382,2.44,1.13
2013.11.07 13:57:29.375,1.13369,1.13385,1.88,2.25
2013.11.07 13:57:29.563,1.13366,1.13384,2.25,1.50
2013.11.07 13:57:30.044,1.13364,1.13382,1.13,1.13
2013.11.07 13:57:30.582,1.13362,1.13382,2.44,1.13
2013.11.07 13:57:31.344,1.13363,1.13381,1.69,1.13
2013.11.07 13:57:31.882,1.13361,1.13378,1.32,1.13
2013.11.07 13:57:32.732,1.13358,1.13377,2.25,1.13
2013.11.07 13:57:32.923,1.13358,1.13377,2.44,1.13
2013.11.07 13:57:33.103,1.13358,1.13378,1.69,1.13
2013.11.07 13:57:33.703,1.1336,1.13378,1.50,1.13
2013.11.07 13:57:33.822,1.13357,1.13378,1.50,1.13
2013.11.07 13:57:35.366,1.13358,1.13378,3.00,1.13
2013.11.07 13:57:35.894,1.13358,1.13378,2.07,1.13
2013.11.07 13:57:35.953,1.13358,1.13378,1.88,1.13
2013.11.07 13:57:36.017,1.13358,1.13378,1.50,1.13
2013.11.07 13:57:37.083,1.13358,1.13378,1.69,1.13
2013.11.07 13:57:37.384,1.13364,1.13377,1.50,1.13
2013.11.07 13:57:40.622,1.13364,1.13381,3.00,2.25
2013.11.07 13:57:40.743,1.13371,1.13385,1.50,1.13
2013.11.07 13:57:40.923,1.13368,1.13385,3.00,1.13
2013.11.07 13:57:41.164,1.13368,1.13385,3.57,1.13
2013.11.07 13:57:41.759,1.13368,1.13391,3.94,1.13
2013.11.07 13:57:42.274,1.13368,1.13391,3.57,1.13
2013.11.07 13:57:42.393,1.13368,1.13387,3.38,1.13
2013.11.07 13:57:45.212,1.13368,1.13375,1.50,1.50
2013.11.07 13:57:45.331,1.13359,1.13375,1.88,1.50
2013.11.07 13:57:45.632,1.13355,1.13375,1.50,1.50
2013.11.07 13:57:45.812,1.13353,1.13381,1.50,1.50
2013.11.07 13:57:46.051,1.1335,1.1338,1.50,1.13
2013.11.07 13:57:46.212,1.1335,1.1338,1.88,1.13
2013.11.07 13:57:46.513,1.13358,1.13381,1.32,1.13
2013.11.07 13:57:46.872,1.13364,1.13382,1.50,1.50
2013.11.07 13:57:47.635,1.13361,1.13384,1.32,1.13
2013.11.07 13:57:48.772,1.13359,1.13383,2.44,1.13
2013.11.07 13:57:49.314,1.13359,1.13381,1.69,1.13
2013.11.07 13:57:49.434,1.13358,1.13381,2.07,1.13
2013.11.07 13:57:49.613,1.13351,1.13379,1.32,1.13
2013.11.07 13:57:50.240,1.13351,1.13377,1.32,1.13
2013.11.07 13:57:50.754,1.13351,1.13377,1.32,1.13
2013.11.07 13:57:51.171,1.13353,1.13377,1.32,1.13
2013.11.07 13:57:51.842,1.13353,1.13377,1.32,1.13
2013.11.07 13:57:52.888,1.13357,1.13376,2.07,1.13
2013.11.07 13:57:53.025,1.13359,1.13376,1.50,1.13
2013.11.07 13:57:54.205,1.13356,1.13377,3.57,1.13
2013.11.07 13:57:55.983,1.13356,1.13376,2.25,1.13
2013.11.07 13:57:57.143,1.13356,1.13376,2.25,1.13
2013.11.07 13:57:57.539,1.13359,1.13376,1.50,1.13
2013.11.07 13:57:58.463,1.13361,1.13376,1.13,1.13
2013.11.07 13:57:59.634,1.13361,1.13376,1.13,1.13
2013.11.07 13:58:00.536,1.13362,1.13379,1.50,1.50
2013.11.07 13:58:00.841,1.13369,1.13381,1.32,1.13
2013.11.07 13:58:01.142,1.13373,1.13382,1.50,1.13
2013.11.07 13:58:01.202,1.13368,1.13381,4.32,1.13
2013.11.07 13:58:01.442,1.13365,1.13382,1.13,1.13
2013.11.07 13:58:01.973,1.13365,1.13382,1.13,1.13
2013.11.07 13:58:02.092,1.13365,1.13382,1.69,1.13
2013.11.07 13:58:02.934,1.13369,1.13382,2.44,1.13
2013.11.07 13:58:03.186,1.13367,1.13381,1.50,1.13
2013.11.07 13:58:03.252,1.13367,1.13382,1.13,1.13
2013.11.07 13:58:03.433,1.13376,1.13394,1.13,2.18
2013.11.07 13:58:03.553,1.13376,1.13395,1.13,2.55
2013.11.07 13:58:03.682,1.13376,1.13394,1.13,2.48
2013.11.07 13:58:04.102,1.13367,1.13394,1.32,2.48
2013.11.07 13:58:04.162,1.13376,1.13394,1.50,2.48
2013.11.07 13:58:04.594,1.13377,1.13385,1.50,1.50
2013.11.07 13:58:05.082,1.13373,1.13386,1.50,1.13
2013.11.07 13:58:05.202,1.13372,1.13396,1.50,2.25
2013.11.07 13:58:05.944,1.13365,1.1339,2.25,1.50
2013.11.07 13:58:06.183,1.13366,1.13396,1.88,1.69
2013.11.07 13:58:06.363,1.13372,1.13396,1.50,1.50
2013.11.07 13:58:06.602,1.13374,1.13403,1.50,1.88
2013.11.07 13:58:07.185,1.13375,1.13405,1.50,1.50
2013.11.07 13:58:07.492,1.1338,1.13403,1.13,1.50
2013.11.07 13:58:07.851,1.1338,1.13403,1.13,1.50
2013.11.07 13:58:07.912,1.1338,1.13403,1.13,1.50
2013.11.07 13:58:08.343,1.1338,1.13405,1.13,1.50
2013.11.07 13:58:08.413,1.1338,1.13408,1.13,1.50
2013.11.07 13:58:08.533,1.13388,1.13408,1.50,1.50
2013.11.07 13:58:08.713,1.13383,1.13409,2.25,3.00
2013.11.07 13:58:09.101,1.13383,1.13408,1.50,1.50
2013.11.07 13:58:09.615,1.13385,1.1341,1.50,1.50
2013.11.07 13:58:09.683,1.13385,1.1341,1.50,1.50
2013.11.07 13:58:09.742,1.13386,1.1341,1.50,1.50
2013.11.07 13:58:11.153,1.13387,1.1341,1.13,1.50
2013.11.07 13:58:11.675,1.13387,1.1341,1.13,1.50
2013.11.07 13:58:12.974,1.13387,1.1341,1.13,1.50
2013.11.07 13:58:13.472,1.13387,1.1341,1.13,2.07
2013.11.07 13:58:14.071,1.13388,1.13409,1.13,1.50
2013.11.07 13:58:14.974,1.13388,1.13409,1.88,1.50
2013.11.07 13:58:15.332,1.13395,1.13414,1.50,1.50
2013.11.07 13:58:16.422,1.13392,1.13422,1.13,1.50
2013.11.07 13:58:17.185,1.13392,1.13423,1.13,1.50
2013.11.07 13:58:21.153,1.13392,1.13421,1.88,1.50
2013.11.07 13:58:21.332,1.13398,1.13422,1.13,2.25
2013.11.07 13:58:21.876,1.13398,1.13422,1.13,1.50
2013.11.07 13:58:22.193,1.13398,1.13427,1.13,1.50
2013.11.07 13:58:22.754,1.13397,1.13422,1.13,1.50
2013.11.07 13:58:23.252,1.13397,1.13422,1.88,1.50
2013.11.07 13:58:23.765,1.13398,1.13422,1.13,1.50
2013.11.07 13:58:24.842,1.13399,1.13422,2.44,1.50
2013.11.07 13:58:24.908,1.134,1.13423,1.69,1.50
2013.11.07 13:58:25.432,1.13401,1.13427,1.50,1.50
2013.11.07 13:58:25.911,1.13401,1.13427,1.50,1.50
2013.11.07 13:58:26.032,1.13401,1.13421,1.50,1.50
2013.11.07 13:58:26.604,1.13397,1.13421,2.63,1.50
2013.11.07 13:58:26.794,1.13398,1.13422,1.50,2.25
2013.11.07 13:58:26.923,1.13398,1.13422,1.50,3.00
2013.11.07 13:58:27.604,1.134,1.13421,1.50,2.25
2013.11.07 13:58:28.592,1.13394,1.13417,1.13,1.32
2013.11.07 13:58:28.652,1.13393,1.13404,1.13,1.50
2013.11.07 13:58:28.893,1.13394,1.13408,1.13,1.13
2013.11.07 13:58:29.383,1.13393,1.13409,1.13,1.13
2013.11.07 13:58:29.682,1.13393,1.13416,1.13,1.13
2013.11.07 13:58:29.862,1.13393,1.13418,1.13,1.50
2013.11.07 13:58:31.194,1.13393,1.13421,1.13,2.25
2013.11.07 13:58:31.315,1.13394,1.13421,1.13,1.50
2013.11.07 13:58:31.863,1.13395,1.13421,1.13,2.25
2013.11.07 13:58:32.425,1.13395,1.13422,1.13,2.44
2013.11.07 13:58:35.142,1.13395,1.13421,1.13,1.50
2013.11.07 13:58:35.801,1.13398,1.13421,1.69,1.50
2013.11.07 13:58:36.463,1.13394,1.13413,2.44,1.13
2013.11.07 13:58:36.883,1.13395,1.13419,2.63,1.13
2013.11.07 13:58:37.122,1.13399,1.13422,2.25,1.13
2013.11.07 13:58:37.424,1.13398,1.1342,1.50,1.32
2013.11.07 13:58:37.603,1.13394,1.13407,1.50,1.50
2013.11.07 13:58:37.782,1.13394,1.13422,1.88,2.25
2013.11.07 13:58:38.322,1.13395,1.13416,1.13,1.13
2013.11.07 13:58:38.383,1.13395,1.13416,1.13,1.13
2013.11.07 13:58:38.923,1.13393,1.1341,1.13,1.13
2013.11.07 13:58:39.662,1.13394,1.13417,1.13,2.63
2013.11.07 13:58:39.901,1.13394,1.13417,1.13,1.88
2013.11.07 13:58:40.872,1.13394,1.13417,1.13,1.69
2013.11.07 13:58:41.173,1.13392,1.13413,1.50,1.50
2013.11.07 13:58:41.233,1.13392,1.13414,1.50,1.50
2013.11.07 13:58:41.412,1.13392,1.13414,1.50,1.50
2013.11.07 13:58:41.652,1.13395,1.13421,1.88,2.25
2013.11.07 13:58:41.831,1.13395,1.13425,1.88,1.88
2013.11.07 13:58:42.622,1.13399,1.13427,1.13,1.50
2013.11.07 13:58:43.228,1.13399,1.13427,1.13,1.50
2013.11.07 13:58:44.323,1.13395,1.13426,1.88,1.50
2013.11.07 13:58:45.213,1.13395,1.1342,1.13,1.50
2013.11.07 13:58:45.391,1.13395,1.1342,1.13,1.50
2013.11.07 13:58:48.913,1.13394,1.13424,1.13,2.44
2013.11.07 13:58:49.623,1.13394,1.13424,1.13,2.25
2013.11.07 13:58:50.304,1.13416,1.13429,1.50,2.07
2013.11.07 13:58:50.387,1.13421,1.1343,2.25,1.69
2013.11.07 13:58:50.456,1.13425,1.1343,1.88,1.13
2013.11.07 13:58:50.587,1.13425,1.13434,1.13,1.50
2013.11.07 13:58:50.954,1.13422,1.13441,1.50,4.50
2013.11.07 13:58:51.022,1.13422,1.13441,1.50,4.50
2013.11.07 13:58:51.263,1.13414,1.13434,2.25,1.50
2013.11.07 13:58:51.802,1.13414,1.13432,1.50,1.50
2013.11.07 13:58:53.361,1.13411,1.13433,3.00,5.25
2013.11.07 13:58:54.035,1.13412,1.13433,2.25,5.25
2013.11.07 13:58:54.575,1.13411,1.13433,2.25,5.25
2013.11.07 13:58:55.162,1.13412,1.13432,1.69,1.50
2013.11.07 13:58:55.508,1.13412,1.13432,1.69,1.50
2013.11.07 13:58:56.402,1.13417,1.13432,1.32,1.50
2013.11.07 13:59:02.572,1.13416,1.13433,2.44,4.50
2013.11.07 13:59:03.212,1.13416,1.13434,2.44,5.25
2013.11.07 13:59:03.894,1.13419,1.13434,1.50,4.50
2013.11.07 13:59:04.255,1.13423,1.13436,1.50,1.13
2013.11.07 13:59:04.745,1.13425,1.13438,1.13,1.13
2013.11.07 13:59:04.813,1.13426,1.13438,1.88,1.88
2013.11.07 13:59:04.873,1.13426,1.13438,1.50,1.13
2013.11.07 13:59:04.932,1.13425,1.13441,1.88,1.13
2013.11.07 13:59:04.992,1.13425,1.13443,1.88,1.50
2013.11.07 13:59:05.052,1.13425,1.13443,1.88,1.50
2013.11.07 13:59:05.539,1.13424,1.13443,1.50,1.88
2013.11.07 13:59:05.735,1.13423,1.13438,1.50,1.50
2013.11.07 13:59:06.204,1.1342,1.13438,1.13,1.50
2013.11.07 13:59:08.734,1.13412,1.13437,2.25,1.13
2013.11.07 13:59:08.863,1.13412,1.13435,1.50,1.13
2013.11.07 13:59:08.924,1.13411,1.13429,1.50,1.13
2013.11.07 13:59:08.982,1.13408,1.13429,2.63,1.13
2013.11.07 13:59:10.432,1.13408,1.1343,2.25,1.13
2013.11.07 13:59:10.974,1.13407,1.13429,1.50,1.13
2013.11.07 13:59:12.323,1.13409,1.13429,1.50,1.13
2013.11.07 13:59:12.883,1.1341,1.13429,1.88,1.13
2013.11.07 13:59:13.662,1.1341,1.13429,1.50,1.13
2013.11.07 13:59:13.857,1.1341,1.13433,1.50,1.13
2013.11.07 13:59:14.263,1.13409,1.13433,1.88,1.13
2013.11.07 13:59:15.715,1.13409,1.13433,3.00,1.13
2013.11.07 13:59:16.043,1.1341,1.13433,1.50,1.13
2013.11.07 13:59:16.342,1.1341,1.13435,1.13,1.13
2013.11.07 13:59:16.874,1.1341,1.13435,1.32,1.13
2013.11.07 13:59:16.933,1.1341,1.13439,2.07,1.88
2013.11.07 13:59:17.622,1.1341,1.13439,1.69,1.88
2013.11.07 13:59:19.473,1.1341,1.13439,2.07,1.50
2013.11.07 13:59:19.592,1.13413,1.13439,1.50,1.50
2013.11.07 13:59:19.952,1.13413,1.13443,2.82,2.25
2013.11.07 13:59:20.933,1.13412,1.13433,1.88,1.50
2013.11.07 13:59:21.055,1.13413,1.13433,1.13,2.25
2013.11.07 13:59:21.121,1.13411,1.13433,1.88,2.25
2013.11.07 13:59:21.181,1.13413,1.13433,1.69,2.25
2013.11.07 13:59:21.242,1.13414,1.13438,1.50,1.50
2013.11.07 13:59:21.363,1.13414,1.13438,1.50,1.50
2013.11.07 13:59:21.422,1.13414,1.13433,1.50,1.50
2013.11.07 13:59:21.782,1.13411,1.13425,1.69,1.50
2013.11.07 13:59:21.922,1.13411,1.13425,1.50,1.50
2013.11.07 13:59:21.982,1.13407,1.13425,2.07,1.50
2013.11.07 13:59:22.522,1.13407,1.13425,2.07,1.50
2013.11.07 13:59:23.063,1.13407,1.13425,1.88,1.50
2013.11.07 13:59:23.572,1.13407,1.13425,1.88,1.50
2013.11.07 13:59:23.872,1.13409,1.13425,1.32,1.50
2013.11.07 13:59:23.992,1.13411,1.13427,1.69,1.50
2013.11.07 13:59:24.171,1.13416,1.13431,1.50,1.13
2013.11.07 13:59:24.232,1.1342,1.13433,1.50,1.50
2013.11.07 13:59:24.412,1.1342,1.13438,1.50,1.13
2013.11.07 13:59:24.652,1.1342,1.13438,1.50,1.13
2013.11.07 13:59:25.189,1.1342,1.13438,1.50,1.13
2013.11.07 13:59:26.193,1.1342,1.13439,1.69,1.88
2013.11.07 13:59:28.212,1.1342,1.13438,1.69,1.13
2013.11.07 13:59:29.048,1.1342,1.13439,1.69,1.50
2013.11.07 13:59:30.186,1.1342,1.13438,1.69,1.50
2013.11.07 13:59:30.725,1.13421,1.13438,1.32,1.50
2013.11.07 13:59:31.033,1.13424,1.13441,1.50,1.50
2013.11.07 13:59:31.094,1.13424,1.13441,1.50,1.50
2013.11.07 13:59:31.163,1.13424,1.13441,1.88,1.50
2013.11.07 13:59:31.224,1.13424,1.13444,1.88,3.00
2013.11.07 13:59:31.413,1.13426,1.13444,1.32,2.25
2013.11.07 13:59:31.715,1.13434,1.13448,1.32,1.50
2013.11.07 13:59:31.955,1.13435,1.13451,1.69,2.25
2013.11.07 13:59:32.014,1.13435,1.13451,1.50,1.50
2013.11.07 13:59:32.196,1.13428,1.13451,3.00,1.50
2013.11.07 13:59:32.442,1.13428,1.13453,2.63,2.25
2013.11.07 13:59:32.745,1.13429,1.13451,1.50,1.50
2013.11.07 13:59:32.815,1.13428,1.13449,2.25,1.50
2013.11.07 13:59:32.886,1.13428,1.13444,2.25,1.50
2013.11.07 13:59:33.194,1.13421,1.13444,1.13,1.50
2013.11.07 13:59:33.262,1.13418,1.13444,1.13,1.50
2013.11.07 13:59:33.805,1.13418,1.13444,1.13,1.50
2013.11.07 13:59:33.932,1.1342,1.13449,1.13,1.69
2013.11.07 13:59:34.173,1.1342,1.13449,1.13,1.50
2013.11.07 13:59:35.312,1.13424,1.13448,1.50,1.50
2013.11.07 13:59:35.613,1.13418,1.13443,1.88,1.50
2013.11.07 13:59:35.973,1.13412,1.1343,1.13,1.50
2013.11.07 13:59:36.152,1.13407,1.1343,2.25,1.88
2013.11.07 13:59:36.453,1.13403,1.13429,1.50,1.69
2013.11.07 13:59:36.813,1.13386,1.1342,1.32,1.50
2013.11.07 13:59:37.521,1.13403,1.13421,1.50,1.50
2013.11.07 13:59:37.655,1.13404,1.13425,1.88,1.13
2013.11.07 13:59:37.725,1.13404,1.13429,2.07,1.88
2013.11.07 13:59:38.034,1.13406,1.13433,1.88,1.88
2013.11.07 13:59:38.223,1.13406,1.13434,2.25,1.88
2013.11.07 13:59:38.702,1.13408,1.13438,1.32,1.13
2013.11.07 13:59:39.242,1.1341,1.13438,1.13,1.13
2013.11.07 13:59:39.922,1.13409,1.13439,1.13,3.00
2013.11.07 13:59:40.272,1.13414,1.13439,1.13,3.00
2013.11.07 13:59:40.513,1.13417,1.13442,2.07,1.50
2013.11.07 13:59:40.642,1.13416,1.13442,1.69,1.50
2013.11.07 13:59:40.827,1.13414,1.13442,1.13,2.44
2013.11.07 13:59:41.193,1.1341,1.1344,1.32,1.88
2013.11.07 13:59:41.252,1.1341,1.13441,1.32,2.25
2013.11.07 13:59:41.493,1.1341,1.13443,1.32,2.63
2013.11.07 13:59:41.912,1.13417,1.13442,1.32,1.50
2013.11.07 13:59:42.272,1.13417,1.13442,1.32,1.50
2013.11.07 13:59:42.585,1.13417,1.13442,2.07,1.50
2013.11.07 13:59:43.273,1.13418,1.13443,1.13,2.25
2013.11.07 13:59:43.633,1.13427,1.13444,1.50,1.50
2013.11.07 13:59:44.104,1.13426,1.13447,1.50,1.13
2013.11.07 13:59:44.884,1.13426,1.13442,1.50,1.50
2013.11.07 13:59:45.122,1.13417,1.13442,1.13,1.50
2013.11.07 13:59:45.302,1.13415,1.13442,1.13,1.50
2013.11.07 13:59:45.985,1.13407,1.13434,1.13,1.50
2013.11.07 13:59:46.175,1.13407,1.13436,1.32,1.50
2013.11.07 13:59:46.620,1.13406,1.13435,1.32,2.25
2013.11.07 13:59:46.943,1.13411,1.13438,1.32,1.50
2013.11.07 13:59:47.245,1.13414,1.13439,1.32,1.13
2013.11.07 13:59:47.313,1.13412,1.13439,1.13,1.13
2013.11.07 13:59:47.374,1.13408,1.13439,1.13,1.88
2013.11.07 13:59:47.613,1.13406,1.13439,1.69,1.88
2013.11.07 13:59:50.522,1.13406,1.13438,1.32,2.63
2013.11.07 13:59:50.726,1.13406,1.13437,1.69,1.13
2013.11.07 13:59:51.032,1.13403,1.13432,1.32,1.13
2013.11.07 13:59:51.523,1.134,1.13429,1.69,1.13
2013.11.07 13:59:51.704,1.13403,1.13433,1.32,1.13
2013.11.07 13:59:51.825,1.13402,1.13433,1.69,1.13
2013.11.07 13:59:51.893,1.13406,1.13434,1.13,1.50
2013.11.07 13:59:51.952,1.13407,1.13434,1.13,1.50
2013.11.07 13:59:52.575,1.13409,1.13433,1.69,1.13
2013.11.07 13:59:53.154,1.13411,1.13436,1.50,3.00
2013.11.07 13:59:53.522,1.13411,1.13434,1.50,1.50
2013.11.07 13:59:55.222,1.13408,1.13434,1.13,2.25
2013.11.07 13:59:55.345,1.13408,1.13434,1.13,1.50
2013.11.07 13:59:55.532,1.13406,1.13432,2.44,1.13
2013.11.07 13:59:55.652,1.13401,1.13432,3.19,1.13
2013.11.07 13:59:55.711,1.13401,1.13432,2.44,1.13
2013.11.07 13:59:56.158,1.13409,1.13433,1.50,1.50
2013.11.07 13:59:56.473,1.13409,1.13433,1.88,1.50
2013.11.07 13:59:57.012,1.13407,1.13435,1.32,1.50
2013.11.07 13:59:57.193,1.13406,1.13432,1.69,1.13
2013.11.07 13:59:57.715,1.13406,1.13432,1.69,1.13
2013.11.07 13:59:58.024,1.13407,1.13433,1.69,1.50
2013.11.07 13:59:58.607,1.1341,1.13433,1.88,1.50
2013.11.07 13:59:58.915,1.13411,1.13436,2.07,3.75
2013.11.07 13:59:59.704,1.13408,1.13432,1.69,1.50
2013.11.07 13:59:59.894,1.13401,1.13429,1.88,1.88
2013.11.07 13:59:59.955,1.13398,1.13426,1.13,1.50
