2015.10.19 10:00:00.145,1.07163,1.07189,1.75,1.50
2015.10.19 10:00:00.968,1.07164,1.0719,1.00,1.00
2015.10.19 10:00:01.122,1.07164,1.07188,1.00,1.00
2015.10.19 10:00:01.628,1.07164,1.07189,1.00,1.00
2015.10.19 10:00:02.135,1.07164,1.07188,1.00,1.00
2015.10.19 10:00:02.438,1.07163,1.07186,1.00,1.00
2015.10.19 10:00:03.863,1.07163,1.07182,1.00,1.00
2015.10.19 10:00:04.671,1.07163,1.07183,1.00,1.00
2015.10.19 10:00:05.640,1.07163,1.07184,1.00,1.00
2015.10.19 10:00:06.177,1.07163,1.07183,1.00,1.00
2015.10.19 10:00:08.280,1.07163,1.07182,1.00,1.00
2015.10.19 10:00:10.230,1.07159,1.07182,1.12,1.00
2015.10.19 10:00:11.144,1.07159,1.07182,1.50,1.00
2015.10.19 10:00:11.400,1.07165,1.07188,1.50,1.00
2015.10.19 10:00:12.516,1.07169,1.07188,1.00,1.00
2015.10.19 10:00:12.827,1.07169,1.07186,1.00,1.00
2015.10.19 10:00:16.297,1.07166,1.07186,1.12,1.00
2015.10.19 10:00:19.433,1.07163,1.07187,2.25,1.00
2015.10.19 10:00:20.205,1.07162,1.07185,1.00,1.00
2015.10.19 10:00:20.712,1.07162,1.0718,1.50,1.00
2015.10.19 10:00:21.385,1.0716,1.0718,1.75,1.00
2015.10.19 10:00:21.437,1.0716,1.07184,1.75,1.00
2015.10.19 10:00:21.964,1.07163,1.07186,1.75,1.00
2015.10.19 10:00:22.878,1.07163,1.07187,1.75,1.00
2015.10.19 10:00:23.671,1.07163,1.07189,1.75,1.50
2015.10.19 10:00:24.470,1.07163,1.07188,2.25,1.00
2015.10.19 10:00:24.985,1.07163,1.07189,1.75,1.00
2015.10.19 10:00:26.436,1.07163,1.0719,1.75,1.00
2015.10.19 10:00:28.010,1.07167,1.07187,1.00,1.00
2015.10.19 10:00:28.212,1.07164,1.07188,1.00,1.00
2015.10.19 10:00:29.023,1.07164,1.0719,1.00,1.00
2015.10.19 10:00:29.345,1.07159,1.0719,1.50,1.50
2015.10.19 10:00:31.796,1.07159,1.0719,1.12,1.37
2015.10.19 10:00:32.305,1.07159,1.07186,1.00,1.50
2015.10.19 10:00:33.169,1.07159,1.07188,1.50,1.00
2015.10.19 10:00:34.270,1.07159,1.07188,1.50,1.00
2015.10.19 10:00:34.799,1.07163,1.07188,1.00,1.00
2015.10.19 10:00:36.068,1.07162,1.07188,1.00,1.00
2015.10.19 10:00:38.046,1.07162,1.07189,1.00,1.00
2015.10.19 10:00:39.098,1.07167,1.07191,1.00,1.00
2015.10.19 10:00:40.390,1.07164,1.07191,1.00,3.37
2015.10.19 10:00:40.593,1.07164,1.07189,1.00,1.00
2015.10.19 10:00:41.048,1.07159,1.07188,1.50,1.00
2015.10.19 10:00:41.597,1.07159,1.07186,1.50,1.00
2015.10.19 10:00:42.105,1.07159,1.07187,1.50,1.50
2015.10.19 10:00:43.311,1.07159,1.07184,1.50,1.00
2015.10.19 10:00:43.818,1.0716,1.07184,1.00,1.00
2015.10.19 10:00:43.920,1.0716,1.07187,1.00,1.00
2015.10.19 10:00:44.450,1.07159,1.07187,1.12,1.00
2015.10.19 10:00:44.658,1.07159,1.07184,1.12,1.00
2015.10.19 10:00:44.960,1.07159,1.07181,1.12,1.00
2015.10.19 10:00:45.162,1.07159,1.07183,1.12,1.00
2015.10.19 10:00:46.468,1.07159,1.07181,1.00,1.00
2015.10.19 10:00:47.237,1.07157,1.07183,1.00,1.00
2015.10.19 10:00:47.338,1.07157,1.07181,1.00,1.00
2015.10.19 10:00:47.623,1.07157,1.07183,1.00,1.00
2015.10.19 10:00:50.285,1.07157,1.07181,1.00,1.00
2015.10.19 10:00:53.443,1.07157,1.07183,1.00,1.00
2015.10.19 10:00:54.648,1.07157,1.07181,1.00,1.00
2015.10.19 10:01:00.214,1.0716,1.07181,1.00,1.00
2015.10.19 10:01:01.983,1.07153,1.07178,1.50,1.00
2015.10.19 10:01:04.116,1.07153,1.07179,1.50,1.00
2015.10.19 10:01:06.329,1.07153,1.07178,1.50,1.00
2015.10.19 10:01:07.285,1.07153,1.07178,1.00,1.00
2015.10.19 10:01:08.878,1.07153,1.07179,1.00,1.00
2015.10.19 10:01:14.147,1.07153,1.07178,1.00,1.00
2015.10.19 10:01:14.199,1.07153,1.07178,1.37,1.00
2015.10.19 10:01:14.787,1.07156,1.07181,1.37,1.00
2015.10.19 10:01:16.213,1.07153,1.07181,1.00,1.50
2015.10.19 10:01:16.932,1.07153,1.07178,1.00,1.00
2015.10.19 10:01:17.534,1.07148,1.07177,1.00,1.50
2015.10.19 10:01:17.636,1.0715,1.07173,1.00,1.00
2015.10.19 10:01:17.838,1.07142,1.07171,1.50,1.00
2015.10.19 10:01:17.889,1.07142,1.07168,1.50,1.00
2015.10.19 10:01:18.042,1.07142,1.07169,1.00,1.87
2015.10.19 10:01:18.143,1.07142,1.07166,1.00,1.00
2015.10.19 10:01:18.194,1.07139,1.07166,1.12,1.00
2015.10.19 10:01:18.883,1.07139,1.07168,2.25,1.00
2015.10.19 10:01:19.194,1.07141,1.07164,1.00,1.00
2015.10.19 10:01:20.752,1.07141,1.07165,2.25,1.00
2015.10.19 10:01:20.955,1.07147,1.07172,1.00,1.00
2015.10.19 10:01:21.006,1.07144,1.07172,1.50,1.00
2015.10.19 10:01:22.452,1.07141,1.07172,1.37,1.12
2015.10.19 10:01:23.052,1.07141,1.07161,1.00,1.00
2015.10.19 10:01:23.105,1.07138,1.07162,1.00,1.00
2015.10.19 10:01:23.156,1.07138,1.0716,1.00,1.00
2015.10.19 10:01:23.460,1.07133,1.0716,1.75,1.00
2015.10.19 10:01:23.971,1.07133,1.07159,1.75,1.00
2015.10.19 10:01:24.991,1.07133,1.07158,1.75,1.00
2015.10.19 10:01:25.509,1.07133,1.07159,1.75,1.00
2015.10.19 10:01:25.882,1.0714,1.07158,1.00,1.00
2015.10.19 10:01:27.786,1.0714,1.07159,1.00,1.00
2015.10.19 10:01:27.837,1.07136,1.07159,1.75,1.00
2015.10.19 10:01:30.669,1.07139,1.07163,1.00,1.00
2015.10.19 10:01:30.922,1.07139,1.0716,1.00,1.00
2015.10.19 10:01:31.024,1.07139,1.07163,1.00,1.00
2015.10.19 10:01:32.730,1.07139,1.07164,1.00,1.00
2015.10.19 10:01:32.933,1.07139,1.07169,1.00,1.75
2015.10.19 10:01:33.034,1.07142,1.07165,1.00,1.12
2015.10.19 10:01:33.136,1.07144,1.0717,1.00,1.75
2015.10.19 10:01:33.187,1.07146,1.07172,1.00,1.75
2015.10.19 10:01:33.238,1.07146,1.07172,1.50,1.00
2015.10.19 10:01:33.289,1.07146,1.07174,1.50,1.50
2015.10.19 10:01:33.683,1.07148,1.07174,1.00,1.50
2015.10.19 10:01:33.988,1.07154,1.07181,1.00,2.25
2015.10.19 10:01:34.443,1.07154,1.0718,1.00,1.00
2015.10.19 10:01:34.494,1.07151,1.07179,1.00,1.00
2015.10.19 10:01:35.167,1.0715,1.07179,1.00,1.50
2015.10.19 10:01:35.686,1.0715,1.07177,1.00,1.00
2015.10.19 10:01:37.715,1.0715,1.07177,1.00,1.87
2015.10.19 10:01:38.222,1.0715,1.07176,1.00,1.00
2015.10.19 10:01:38.765,1.0715,1.07175,1.00,1.00
2015.10.19 10:01:39.084,1.07154,1.07174,1.00,1.00
2015.10.19 10:01:40.468,1.07151,1.07174,1.00,1.00
2015.10.19 10:01:41.146,1.07151,1.07176,1.00,1.00
2015.10.19 10:01:42.136,1.07151,1.07175,1.00,1.00
2015.10.19 10:01:43.963,1.07151,1.07176,1.00,1.00
2015.10.19 10:01:49.642,1.07151,1.07174,1.00,1.00
2015.10.19 10:01:50.461,1.07151,1.07179,1.00,1.00
2015.10.19 10:01:51.158,1.07151,1.0718,1.00,1.50
2015.10.19 10:01:51.943,1.07151,1.0718,1.00,1.87
2015.10.19 10:01:52.147,1.07147,1.07175,1.00,1.12
2015.10.19 10:01:52.198,1.07147,1.07172,1.00,1.00
2015.10.19 10:01:52.249,1.07144,1.0717,1.00,1.12
2015.10.19 10:01:52.300,1.07139,1.0717,1.00,2.25
2015.10.19 10:01:52.694,1.07136,1.07165,1.95,1.12
2015.10.19 10:01:53.101,1.07136,1.07161,1.00,1.00
2015.10.19 10:01:53.304,1.07133,1.07161,1.00,1.50
2015.10.19 10:01:54.251,1.07128,1.07156,1.00,1.37
2015.10.19 10:01:54.756,1.07127,1.07154,1.00,1.00
2015.10.19 10:01:56.194,1.07127,1.07156,1.12,1.12
2015.10.19 10:01:56.245,1.0713,1.07157,1.00,1.50
2015.10.19 10:01:56.549,1.07132,1.07157,1.00,1.50
2015.10.19 10:01:56.701,1.07136,1.07164,1.00,1.50
2015.10.19 10:01:56.752,1.07138,1.07164,1.00,1.37
2015.10.19 10:01:56.803,1.07138,1.07165,1.12,1.00
2015.10.19 10:01:56.854,1.07147,1.07165,1.00,1.00
2015.10.19 10:01:57.274,1.0714,1.07165,1.50,1.00
2015.10.19 10:01:57.329,1.07142,1.07171,1.00,2.25
2015.10.19 10:01:57.481,1.07142,1.07171,1.00,3.00
2015.10.19 10:01:57.785,1.07142,1.07168,1.00,1.37
2015.10.19 10:01:57.937,1.07138,1.07167,1.12,1.12
2015.10.19 10:01:58.190,1.07138,1.07166,1.00,1.50
2015.10.19 10:02:04.259,1.07135,1.07164,1.12,1.12
2015.10.19 10:02:04.562,1.07135,1.07161,1.12,1.00
2015.10.19 10:02:04.867,1.0713,1.07157,2.25,1.00
2015.10.19 10:02:05.070,1.07136,1.07163,1.00,1.00
2015.10.19 10:02:05.222,1.07142,1.07167,1.00,1.75
2015.10.19 10:02:05.374,1.07138,1.07166,1.00,1.50
2015.10.19 10:02:11.859,1.07135,1.07164,1.12,1.12
2015.10.19 10:02:14.065,1.07135,1.07164,1.00,1.50
2015.10.19 10:02:16.633,1.07135,1.07162,1.00,1.00
2015.10.19 10:02:17.147,1.07135,1.07161,1.00,1.00
2015.10.19 10:02:18.154,1.07135,1.07164,1.50,1.50
2015.10.19 10:02:18.204,1.07139,1.07164,1.00,1.50
2015.10.19 10:02:24.470,1.07139,1.07163,1.00,1.00
2015.10.19 10:02:27.260,1.07135,1.07163,2.25,1.00
2015.10.19 10:02:27.718,1.07132,1.07159,2.25,1.00
2015.10.19 10:02:28.224,1.07133,1.07158,1.75,1.00
2015.10.19 10:02:30.691,1.07133,1.07158,1.50,1.00
2015.10.19 10:02:32.715,1.07132,1.07157,1.07,1.00
2015.10.19 10:02:33.120,1.07134,1.07158,1.37,1.00
2015.10.19 10:02:33.222,1.07136,1.07161,1.10,1.00
2015.10.19 10:02:33.676,1.07137,1.07164,1.10,1.50
2015.10.19 10:02:34.421,1.07136,1.07164,1.57,1.00
2015.10.19 10:02:36.729,1.07135,1.07161,2.62,1.00
2015.10.19 10:02:38.468,1.0713,1.07157,1.12,1.00
2015.10.19 10:02:38.671,1.0713,1.07157,1.10,1.00
2015.10.19 10:02:42.263,1.0713,1.07157,1.47,1.00
2015.10.19 10:02:42.314,1.0713,1.07157,1.85,1.00
2015.10.19 10:02:43.124,1.07133,1.07158,1.12,1.00
2015.10.19 10:02:44.798,1.07134,1.07158,1.00,1.00
2015.10.19 10:02:47.219,1.07133,1.07158,1.12,1.00
2015.10.19 10:02:48.472,1.0713,1.07157,2.32,1.00
2015.10.19 10:02:51.494,1.07123,1.07149,1.82,1.00
2015.10.19 10:02:52.009,1.07126,1.07149,1.00,1.00
2015.10.19 10:02:52.811,1.07122,1.07149,2.32,1.00
2015.10.19 10:02:54.484,1.07122,1.07149,2.32,1.50
2015.10.19 10:02:55.332,1.07124,1.07149,1.00,1.00
2015.10.19 10:02:57.905,1.07124,1.07149,2.32,1.00
2015.10.19 10:02:58.208,1.07127,1.07152,1.10,1.12
2015.10.19 10:02:58.312,1.0713,1.07152,1.00,1.12
2015.10.19 10:02:58.615,1.07127,1.07152,1.00,1.12
2015.10.19 10:03:02.905,1.07128,1.07155,1.12,1.00
2015.10.19 10:03:02.969,1.07136,1.0716,1.37,1.00
2015.10.19 10:03:03.071,1.07137,1.07163,2.25,1.00
2015.10.19 10:03:03.274,1.07137,1.07163,1.50,1.00
2015.10.19 10:03:03.376,1.07137,1.07161,1.12,1.00
2015.10.19 10:03:03.680,1.07134,1.07157,1.00,1.00
2015.10.19 10:03:05.946,1.0713,1.07157,2.32,1.00
2015.10.19 10:03:05.997,1.07131,1.07157,1.57,1.00
2015.10.19 10:03:06.425,1.07134,1.0716,1.12,1.00
2015.10.19 10:03:07.149,1.07134,1.07159,1.20,1.00
2015.10.19 10:03:10.647,1.0713,1.07159,1.85,1.00
2015.10.19 10:03:10.850,1.07134,1.07159,1.00,1.00
2015.10.19 10:03:11.641,1.07134,1.07159,1.50,1.00
2015.10.19 10:03:12.966,1.07134,1.07159,1.87,1.00
2015.10.19 10:03:13.310,1.07134,1.07159,1.12,1.00
2015.10.19 10:03:14.867,1.0713,1.07159,1.12,1.00
2015.10.19 10:03:15.576,1.07136,1.07159,1.00,1.00
2015.10.19 10:03:16.577,1.07135,1.07159,1.50,1.00
2015.10.19 10:03:16.729,1.07135,1.07162,2.25,1.00
2015.10.19 10:03:22.864,1.07138,1.07162,1.00,1.00
2015.10.19 10:03:22.915,1.07135,1.07162,1.10,1.50
2015.10.19 10:03:24.001,1.07137,1.07162,1.00,1.00
2015.10.19 10:03:24.684,1.07134,1.07162,1.07,1.00
2015.10.19 10:03:26.836,1.07134,1.07162,1.00,1.00
2015.10.19 10:03:26.888,1.07134,1.0716,1.00,1.00
2015.10.19 10:03:28.511,1.07132,1.07159,1.57,1.00
2015.10.19 10:03:28.825,1.07136,1.07159,1.00,1.00
2015.10.19 10:03:30.449,1.07132,1.07159,1.57,1.00
2015.10.19 10:03:33.135,1.07132,1.07159,1.20,1.00
2015.10.19 10:03:34.336,1.07132,1.07161,1.50,1.00
2015.10.19 10:03:35.858,1.07135,1.07156,1.00,1.00
2015.10.19 10:03:37.754,1.07131,1.07156,1.75,1.00
2015.10.19 10:03:40.139,1.07129,1.07154,1.50,1.00
2015.10.19 10:03:40.190,1.07129,1.07154,1.12,1.00
2015.10.19 10:03:47.514,1.07129,1.07154,1.20,1.00
2015.10.19 10:03:51.588,1.07129,1.07153,1.20,1.00
2015.10.19 10:03:56.838,1.07129,1.07154,1.20,1.00
2015.10.19 10:03:58.424,1.07129,1.07151,1.20,1.00
2015.10.19 10:03:58.677,1.07125,1.07148,1.00,1.00
2015.10.19 10:03:59.217,1.07125,1.07148,1.37,1.00
2015.10.19 10:03:59.834,1.07125,1.07153,1.85,1.00
2015.10.19 10:04:00.403,1.07126,1.07153,1.12,1.00
2015.10.19 10:04:00.908,1.07129,1.07152,1.00,1.00
2015.10.19 10:04:04.362,1.07126,1.07152,1.87,1.00
2015.10.19 10:04:05.212,1.07126,1.07152,1.57,1.00
2015.10.19 10:04:05.580,1.07126,1.07147,1.57,1.00
2015.10.19 10:04:06.952,1.07145,1.07155,1.00,1.00
2015.10.19 10:04:07.003,1.07145,1.07169,1.00,1.00
2015.10.19 10:04:07.104,1.07149,1.07169,1.00,1.00
2015.10.19 10:04:07.610,1.07148,1.0717,1.00,1.00
2015.10.19 10:04:08.540,1.07148,1.07168,1.20,1.00
2015.10.19 10:04:10.328,1.07148,1.07171,1.20,1.00
2015.10.19 10:04:10.631,1.07148,1.07171,1.87,1.00
2015.10.19 10:04:11.295,1.07148,1.07171,1.20,1.00
2015.10.19 10:04:15.900,1.07148,1.07171,1.00,1.00
2015.10.19 10:04:16.411,1.07148,1.0717,1.00,1.00
2015.10.19 10:04:21.187,1.07148,1.07168,1.00,1.00
2015.10.19 10:04:25.433,1.07145,1.07168,1.00,1.00
2015.10.19 10:04:26.102,1.07145,1.07169,1.00,1.00
2015.10.19 10:04:27.065,1.07146,1.07169,1.87,1.00
2015.10.19 10:04:27.116,1.07149,1.07171,1.00,1.00
2015.10.19 10:04:27.420,1.07149,1.07174,1.00,1.00
2015.10.19 10:04:27.471,1.07149,1.07174,1.50,1.00
2015.10.19 10:04:28.729,1.07153,1.07177,1.75,1.00
2015.10.19 10:04:30.173,1.07156,1.07177,1.00,1.00
2015.10.19 10:04:30.678,1.07156,1.0718,1.00,1.50
2015.10.19 10:04:35.793,1.07156,1.07179,1.00,1.00
2015.10.19 10:04:40.059,1.07153,1.07179,1.12,1.00
2015.10.19 10:04:41.708,1.07153,1.07178,1.12,1.00
2015.10.19 10:04:43.617,1.07153,1.07175,1.12,1.00
2015.10.19 10:04:44.862,1.07153,1.07165,1.00,1.00
2015.10.19 10:04:44.914,1.07148,1.07165,1.00,1.00
2015.10.19 10:04:45.015,1.07144,1.07165,1.12,1.00
2015.10.19 10:04:45.066,1.07144,1.07169,1.12,1.07
2015.10.19 10:04:45.117,1.07144,1.07166,1.12,1.00
2015.10.19 10:04:45.421,1.07142,1.07161,1.50,1.00
2015.10.19 10:04:45.523,1.07139,1.07161,1.00,1.50
2015.10.19 10:04:45.624,1.07139,1.07159,1.00,1.00
2015.10.19 10:04:46.022,1.07138,1.07159,1.37,1.00
2015.10.19 10:04:46.606,1.07138,1.07161,1.75,2.25
2015.10.19 10:04:48.456,1.07138,1.07161,1.75,1.00
2015.10.19 10:04:48.608,1.07142,1.07164,1.75,1.00
2015.10.19 10:04:48.760,1.07146,1.07164,1.12,1.00
2015.10.19 10:04:48.913,1.07149,1.07173,1.00,1.00
2015.10.19 10:04:49.424,1.07149,1.07173,1.45,1.00
2015.10.19 10:04:50.739,1.07149,1.07174,1.45,1.00
2015.10.19 10:04:54.364,1.07149,1.07172,1.07,1.00
2015.10.19 10:04:56.753,1.07149,1.07174,1.45,1.00
2015.10.19 10:04:56.855,1.07149,1.07171,1.45,1.00
2015.10.19 10:04:59.013,1.07149,1.07172,1.45,1.00
2015.10.19 10:05:02.593,1.07149,1.07171,1.45,1.00
2015.10.19 10:05:02.896,1.0715,1.07172,1.12,1.00
2015.10.19 10:05:04.022,1.07149,1.07171,1.75,1.00
2015.10.19 10:05:04.225,1.07145,1.07171,1.00,1.50
2015.10.19 10:05:04.276,1.07145,1.07168,1.00,1.00
2015.10.19 10:05:04.890,1.07145,1.07167,1.00,1.00
2015.10.19 10:05:06.214,1.07145,1.07167,1.07,1.00
2015.10.19 10:05:07.298,1.07145,1.0717,1.07,1.00
2015.10.19 10:05:08.185,1.07145,1.0717,1.45,1.00
2015.10.19 10:05:11.992,1.07145,1.07168,1.57,1.00
2015.10.19 10:05:12.096,1.07146,1.07171,1.47,1.00
2015.10.19 10:05:12.621,1.07145,1.07171,1.87,1.00
2015.10.19 10:05:13.211,1.07145,1.07168,1.87,1.00
2015.10.19 10:05:13.363,1.07145,1.07168,1.07,1.00
2015.10.19 10:05:23.246,1.07142,1.07167,1.75,1.00
2015.10.19 10:05:23.347,1.07142,1.07164,1.50,1.00
2015.10.19 10:05:29.660,1.07145,1.07169,1.10,1.00
2015.10.19 10:05:31.732,1.07143,1.07165,1.12,1.00
2015.10.19 10:05:32.929,1.07143,1.07168,1.12,1.00
2015.10.19 10:05:33.384,1.07145,1.07168,1.75,1.00
2015.10.19 10:05:33.867,1.07146,1.07168,1.00,1.00
2015.10.19 10:05:37.501,1.07142,1.07168,1.75,1.00
2015.10.19 10:05:37.703,1.07142,1.07166,1.75,1.00
2015.10.19 10:05:45.900,1.07145,1.07166,1.20,1.00
2015.10.19 10:05:45.951,1.07145,1.0717,1.20,1.00
2015.10.19 10:05:46.866,1.07147,1.07167,1.00,1.00
2015.10.19 10:05:47.315,1.07145,1.07157,1.00,1.00
2015.10.19 10:05:47.374,1.07139,1.07159,1.00,1.00
2015.10.19 10:05:47.425,1.07134,1.07159,1.50,1.00
2015.10.19 10:05:47.780,1.07134,1.07159,1.00,1.00
2015.10.19 10:05:48.086,1.07134,1.07155,1.00,1.00
2015.10.19 10:05:48.627,1.07134,1.0716,1.00,1.00
2015.10.19 10:05:50.905,1.07134,1.07161,1.10,1.87
2015.10.19 10:05:51.057,1.07134,1.07161,1.87,1.50
2015.10.19 10:05:51.738,1.07139,1.07161,1.00,1.50
2015.10.19 10:05:56.221,1.07135,1.07159,1.12,1.00
2015.10.19 10:05:56.374,1.07135,1.07159,1.20,1.00
2015.10.19 10:05:56.819,1.07135,1.07161,1.12,1.00
2015.10.19 10:05:57.626,1.07135,1.07163,1.12,1.50
2015.10.19 10:05:58.364,1.07135,1.07162,1.12,1.00
2015.10.19 10:05:59.449,1.07138,1.07162,1.00,1.00
2015.10.19 10:05:59.849,1.07142,1.07162,1.37,1.00
2015.10.19 10:05:59.900,1.07142,1.0717,1.75,1.00
2015.10.19 10:06:06.126,1.07145,1.07168,1.12,1.00
2015.10.19 10:06:06.229,1.07139,1.07164,1.00,1.00
2015.10.19 10:06:07.022,1.07139,1.07168,1.00,1.50
2015.10.19 10:06:07.499,1.07139,1.07164,1.00,1.00
2015.10.19 10:06:07.804,1.07133,1.07161,1.12,1.00
2015.10.19 10:06:07.906,1.07132,1.07161,1.50,1.00
2015.10.19 10:06:13.044,1.07132,1.0716,1.50,1.00
2015.10.19 10:06:13.755,1.07132,1.0716,1.87,1.00
2015.10.19 10:06:14.261,1.07132,1.0716,1.50,1.00
2015.10.19 10:06:23.697,1.07132,1.07161,1.50,1.00
2015.10.19 10:06:29.804,1.07132,1.0716,1.50,1.00
2015.10.19 10:06:31.677,1.07132,1.0716,1.12,1.00
2015.10.19 10:06:35.857,1.07132,1.07156,1.00,1.00
2015.10.19 10:06:42.760,1.07128,1.07156,1.87,1.00
2015.10.19 10:06:46.135,1.07129,1.07156,2.70,1.37
2015.10.19 10:06:46.287,1.07128,1.07154,1.00,1.00
2015.10.19 10:06:46.388,1.07128,1.07152,1.00,1.00
2015.10.19 10:06:46.439,1.07128,1.07154,1.00,1.00
2015.10.19 10:06:46.591,1.07128,1.07157,1.12,1.12
2015.10.19 10:06:46.693,1.0713,1.07157,1.00,1.12
2015.10.19 10:06:46.998,1.07132,1.07157,1.50,1.00
2015.10.19 10:06:48.485,1.07129,1.07157,1.85,1.00
2015.10.19 10:06:52.577,1.07129,1.07157,1.00,1.12
2015.10.19 10:06:55.491,1.07129,1.07157,1.50,1.00
2015.10.19 10:06:57.432,1.07129,1.07158,1.50,1.00
2015.10.19 10:06:57.867,1.07129,1.07158,1.12,1.37
2015.10.19 10:07:00.422,1.07131,1.07158,1.00,1.37
2015.10.19 10:07:00.474,1.07131,1.0716,1.12,1.87
2015.10.19 10:07:00.576,1.07132,1.07162,1.37,1.37
2015.10.19 10:07:00.729,1.07136,1.07164,1.00,1.00
2015.10.19 10:07:00.780,1.07138,1.07163,1.00,1.00
2015.10.19 10:07:00.832,1.07138,1.07166,1.50,1.00
2015.10.19 10:07:01.242,1.07138,1.07161,1.50,1.12
2015.10.19 10:07:01.295,1.0713,1.07161,1.00,3.00
2015.10.19 10:07:01.818,1.0713,1.07158,1.00,1.00
2015.10.19 10:07:01.869,1.0713,1.07158,1.00,1.37
2015.10.19 10:07:01.970,1.0713,1.07158,1.00,1.20
2015.10.19 10:07:04.114,1.07131,1.07158,1.00,1.00
2015.10.19 10:07:05.036,1.07131,1.0716,1.00,1.10
2015.10.19 10:07:08.466,1.07131,1.07161,1.50,1.00
2015.10.19 10:07:09.839,1.07134,1.07162,1.00,1.00
2015.10.19 10:07:14.151,1.07134,1.07162,1.37,1.00
2015.10.19 10:07:14.685,1.07134,1.07162,1.75,1.00
2015.10.19 10:07:15.740,1.07134,1.07161,1.00,1.75
2015.10.19 10:07:16.296,1.07136,1.07161,1.00,1.00
2015.10.19 10:07:16.448,1.07136,1.07165,1.00,1.47
2015.10.19 10:07:16.549,1.07136,1.07165,1.12,1.20
2015.10.19 10:07:25.476,1.07136,1.07165,1.12,1.20
2015.10.19 10:07:25.971,1.07136,1.07162,1.12,1.00
2015.10.19 10:07:26.400,1.07133,1.07159,1.37,1.00
2015.10.19 10:07:26.452,1.07133,1.07159,1.12,1.00
2015.10.19 10:07:27.168,1.07136,1.07159,1.00,1.00
2015.10.19 10:07:27.219,1.07136,1.07164,1.37,1.50
2015.10.19 10:07:27.617,1.07136,1.07164,1.37,1.10
2015.10.19 10:07:29.696,1.07136,1.07162,1.37,1.00
2015.10.19 10:07:29.997,1.07136,1.07164,1.37,1.10
2015.10.19 10:07:30.099,1.07136,1.07162,1.37,1.00
2015.10.19 10:07:34.012,1.07136,1.07165,1.37,1.57
2015.10.19 10:07:34.518,1.07136,1.07163,1.37,1.00
2015.10.19 10:07:34.569,1.07136,1.07159,1.37,1.00
2015.10.19 10:07:34.722,1.07132,1.07159,1.00,1.12
2015.10.19 10:07:34.829,1.07132,1.07155,1.00,1.00
2015.10.19 10:07:35.410,1.07125,1.07149,1.00,1.00
2015.10.19 10:07:37.656,1.07125,1.07152,1.00,1.50
2015.10.19 10:07:45.677,1.07125,1.07151,1.00,1.00
2015.10.19 10:07:53.599,1.07125,1.07154,1.00,1.12
2015.10.19 10:07:53.701,1.07127,1.07153,1.00,1.00
2015.10.19 10:07:54.596,1.07127,1.07152,1.00,1.12
2015.10.19 10:07:54.900,1.07121,1.07149,1.75,1.00
2015.10.19 10:07:54.951,1.07121,1.07149,1.12,1.00
2015.10.19 10:07:55.792,1.07121,1.07149,1.10,1.00
2015.10.19 10:07:56.602,1.07121,1.07149,1.12,1.00
2015.10.19 10:07:57.107,1.07121,1.07149,1.00,1.00
2015.10.19 10:08:00.063,1.07121,1.07145,1.00,1.00
2015.10.19 10:08:01.095,1.07124,1.07145,1.00,1.00
2015.10.19 10:08:01.540,1.07122,1.07145,1.00,1.00
2015.10.19 10:08:01.692,1.07117,1.07145,1.10,1.00
2015.10.19 10:08:03.126,1.07117,1.07144,1.10,1.00
2015.10.19 10:08:05.316,1.07115,1.07142,1.12,1.00
2015.10.19 10:08:05.417,1.07116,1.07144,1.07,1.00
2015.10.19 10:08:08.271,1.07116,1.07143,1.07,1.00
2015.10.19 10:08:13.147,1.07116,1.07144,1.07,1.00
2015.10.19 10:08:18.943,1.07116,1.07143,1.20,1.00
2015.10.19 10:08:19.095,1.07116,1.0714,1.20,1.00
2015.10.19 10:08:19.247,1.07113,1.07139,1.00,1.00
2015.10.19 10:08:19.845,1.07115,1.07139,1.00,1.50
2015.10.19 10:08:19.899,1.07119,1.07148,1.50,1.57
2015.10.19 10:08:21.765,1.07123,1.07152,1.00,2.32
2015.10.19 10:08:21.816,1.07123,1.07152,1.50,1.57
2015.10.19 10:08:21.968,1.07127,1.07152,1.00,1.00
2015.10.19 10:08:22.712,1.07124,1.07152,1.00,1.00
2015.10.19 10:08:24.074,1.07123,1.07152,1.50,1.00
2015.10.19 10:08:25.193,1.07123,1.0715,1.00,1.00
2015.10.19 10:08:27.303,1.07121,1.07146,1.12,1.00
2015.10.19 10:08:27.606,1.07111,1.07137,1.00,1.37
2015.10.19 10:08:27.910,1.07111,1.07133,1.00,1.00
2015.10.19 10:08:27.961,1.07106,1.07135,1.12,1.00
2015.10.19 10:08:28.012,1.07109,1.07135,1.00,1.00
2015.10.19 10:08:28.113,1.07112,1.07139,1.12,1.20
2015.10.19 10:08:28.164,1.07112,1.0714,1.50,1.50
2015.10.19 10:08:28.266,1.07113,1.07142,1.37,1.00
2015.10.19 10:08:28.950,1.07113,1.07142,1.50,1.00
2015.10.19 10:08:31.037,1.07117,1.07143,1.00,1.20
2015.10.19 10:08:31.240,1.07117,1.07148,2.25,1.95
2015.10.19 10:08:31.393,1.07122,1.0715,1.00,1.12
2015.10.19 10:08:31.697,1.07126,1.0715,1.12,1.00
2015.10.19 10:08:32.236,1.07126,1.07151,1.12,1.00
2015.10.19 10:08:32.641,1.07126,1.07154,1.12,1.57
2015.10.19 10:08:33.369,1.07126,1.07154,1.12,1.87
2015.10.19 10:08:33.572,1.07126,1.07154,1.12,1.50
2015.10.19 10:08:33.693,1.07126,1.07152,1.12,1.00
2015.10.19 10:08:34.469,1.07123,1.07152,1.12,1.95
2015.10.19 10:08:35.953,1.07123,1.07149,1.12,1.00
2015.10.19 10:08:36.707,1.07123,1.07148,1.12,1.00
2015.10.19 10:08:36.758,1.0712,1.07148,1.00,1.00
2015.10.19 10:08:38.939,1.07123,1.07146,1.00,1.00
2015.10.19 10:08:39.142,1.0712,1.07146,1.00,1.20
2015.10.19 10:08:39.649,1.07117,1.07146,1.75,1.50
2015.10.19 10:08:41.874,1.0712,1.07143,1.12,1.00
2015.10.19 10:08:41.926,1.0712,1.07146,1.12,1.00
2015.10.19 10:08:42.130,1.07117,1.07146,1.12,1.95
2015.10.19 10:08:42.181,1.07117,1.07142,1.12,1.00
2015.10.19 10:08:42.283,1.07117,1.07146,1.12,2.62
2015.10.19 10:08:42.486,1.07119,1.07146,1.00,1.50
2015.10.19 10:08:42.638,1.0712,1.07148,1.00,1.10
2015.10.19 10:08:43.575,1.0712,1.07147,1.00,1.00
2015.10.19 10:08:43.879,1.07118,1.07147,1.00,1.50
2015.10.19 10:08:44.082,1.07118,1.07147,1.75,1.00
2015.10.19 10:08:45.052,1.07121,1.07148,1.00,1.00
2015.10.19 10:08:46.104,1.07121,1.07147,1.00,1.57
2015.10.19 10:08:46.410,1.07121,1.0714,1.00,1.00
2015.10.19 10:08:46.461,1.07118,1.0714,1.00,1.12
2015.10.19 10:08:46.513,1.07114,1.07139,1.00,1.00
2015.10.19 10:08:47.031,1.07114,1.07138,1.00,1.12
2015.10.19 10:08:47.644,1.0711,1.07139,1.00,2.25
2015.10.19 10:08:48.302,1.0711,1.07136,1.00,1.00
2015.10.19 10:08:49.020,1.0711,1.07137,1.00,1.00
2015.10.19 10:08:49.562,1.0711,1.07139,1.00,2.25
2015.10.19 10:08:49.891,1.0711,1.07136,1.00,1.00
2015.10.19 10:08:50.737,1.0711,1.07137,1.00,1.00
2015.10.19 10:08:51.345,1.0711,1.07136,1.00,1.00
2015.10.19 10:08:52.904,1.0711,1.07137,1.00,1.00
2015.10.19 10:08:54.971,1.07107,1.07137,1.10,1.50
2015.10.19 10:08:55.996,1.07109,1.07137,1.00,1.00
2015.10.19 10:08:56.814,1.07109,1.07138,1.00,1.12
2015.10.19 10:08:58.427,1.07109,1.07134,1.00,1.00
2015.10.19 10:08:59.120,1.07106,1.07134,1.12,1.12
2015.10.19 10:08:59.315,1.07106,1.07134,1.00,1.12
2015.10.19 10:08:59.366,1.07106,1.07132,1.00,1.00
2015.10.19 10:08:59.670,1.07104,1.07129,1.00,1.00
2015.10.19 10:09:00.176,1.071,1.07129,1.07,1.00
2015.10.19 10:09:05.498,1.071,1.07129,1.82,1.00
2015.10.19 10:09:06.373,1.07101,1.07131,1.85,1.00
2015.10.19 10:09:06.474,1.07103,1.07133,1.50,1.00
2015.10.19 10:09:06.627,1.07103,1.07133,2.32,1.00
2015.10.19 10:09:07.850,1.07106,1.07132,1.37,1.00
2015.10.19 10:09:11.332,1.07106,1.07135,1.37,1.50
2015.10.19 10:09:11.434,1.07106,1.07133,1.37,1.00
2015.10.19 10:09:12.427,1.07106,1.07132,1.37,1.00
2015.10.19 10:09:17.084,1.07107,1.07137,1.12,1.12
2015.10.19 10:09:17.237,1.07107,1.07137,1.00,1.75
2015.10.19 10:09:18.982,1.07105,1.07134,1.00,1.50
2015.10.19 10:09:19.442,1.07105,1.07133,1.00,1.75
2015.10.19 10:09:19.948,1.07105,1.0713,1.00,1.00
2015.10.19 10:09:23.504,1.07105,1.07132,1.00,1.00
2015.10.19 10:09:23.767,1.07105,1.07134,1.50,1.00
2015.10.19 10:09:24.071,1.07108,1.07132,1.00,1.75
2015.10.19 10:09:24.224,1.07104,1.0713,1.00,1.75
2015.10.19 10:09:24.807,1.07101,1.0713,1.00,2.25
2015.10.19 10:09:30.921,1.07101,1.07124,1.00,1.00
2015.10.19 10:09:31.996,1.07097,1.07124,1.00,1.12
2015.10.19 10:09:33.987,1.07097,1.07127,1.12,1.12
2015.10.19 10:09:34.139,1.07097,1.07127,1.75,1.00
2015.10.19 10:09:34.655,1.07101,1.07127,1.00,1.00
2015.10.19 10:09:35.525,1.07098,1.07127,1.07,2.25
2015.10.19 10:09:36.050,1.07098,1.07127,1.00,2.25
2015.10.19 10:09:36.609,1.07094,1.07122,1.87,1.00
2015.10.19 10:09:38.239,1.07098,1.07127,1.00,2.25
2015.10.19 10:09:38.987,1.07098,1.07127,1.50,1.00
2015.10.19 10:09:40.641,1.07099,1.07127,1.50,1.00
2015.10.19 10:09:40.894,1.07102,1.0713,1.12,1.00
2015.10.19 10:09:44.885,1.07102,1.07128,1.50,1.12
2015.10.19 10:09:44.936,1.07099,1.07128,1.50,1.12
2015.10.19 10:09:45.240,1.07099,1.07126,1.00,1.00
2015.10.19 10:09:45.544,1.07099,1.07126,1.00,1.75
2015.10.19 10:09:45.777,1.07099,1.07126,1.00,1.00
2015.10.19 10:09:46.341,1.07098,1.07126,1.00,1.00
2015.10.19 10:09:49.062,1.07098,1.07126,1.00,1.37
2015.10.19 10:09:49.608,1.07098,1.07126,1.50,2.25
2015.10.19 10:09:49.660,1.07098,1.07126,1.00,1.00
2015.10.19 10:09:53.325,1.07101,1.07126,1.00,1.00
2015.10.19 10:09:53.478,1.07098,1.07126,1.00,1.50
2015.10.19 10:09:55.527,1.07101,1.07129,1.00,1.75
2015.10.19 10:09:56.437,1.07101,1.0713,1.00,1.00
2015.10.19 10:09:57.426,1.07101,1.0713,1.00,1.37
2015.10.19 10:09:58.102,1.07099,1.07128,1.00,2.25
2015.10.19 10:09:59.673,1.07099,1.07127,1.00,1.00
2015.10.19 10:09:59.724,1.07099,1.07127,1.00,1.37
2015.10.19 10:10:01.039,1.07099,1.07127,1.00,1.50
2015.10.19 10:10:01.090,1.07099,1.07128,1.00,1.87
2015.10.19 10:10:02.306,1.07102,1.07128,1.00,1.37
2015.10.19 10:10:06.551,1.07102,1.07128,1.00,1.00
2015.10.19 10:10:07.028,1.07104,1.07128,1.00,1.00
2015.10.19 10:10:07.079,1.07105,1.07131,1.00,1.00
2015.10.19 10:10:07.231,1.07105,1.07134,1.50,1.00
2015.10.19 10:10:07.758,1.07106,1.07134,1.00,1.00
2015.10.19 10:10:08.900,1.07105,1.07134,1.00,1.00
2015.10.19 10:10:08.952,1.07105,1.07132,1.00,1.00
2015.10.19 10:10:09.465,1.07105,1.07132,1.00,1.50
2015.10.19 10:10:15.836,1.07105,1.07132,1.12,1.12
2015.10.19 10:10:30.246,1.07105,1.07131,1.00,1.00
2015.10.19 10:10:30.448,1.07101,1.07131,1.00,2.25
2015.10.19 10:10:35.087,1.07098,1.07122,1.00,1.37
2015.10.19 10:10:35.239,1.07098,1.07124,1.00,1.00
2015.10.19 10:10:35.492,1.07098,1.07125,1.00,1.50
2015.10.19 10:10:35.847,1.07096,1.07122,1.00,1.00
2015.10.19 10:10:37.324,1.07095,1.07122,1.00,1.00
2015.10.19 10:10:38.346,1.07095,1.07125,1.00,1.75
2015.10.19 10:10:41.129,1.07095,1.07124,1.00,1.75
2015.10.19 10:10:45.628,1.07096,1.07122,1.00,1.12
2015.10.19 10:10:48.483,1.07096,1.07122,1.12,1.12
2015.10.19 10:10:50.233,1.07096,1.07121,1.12,1.00
2015.10.19 10:10:50.285,1.07096,1.07121,1.10,1.00
2015.10.19 10:10:55.515,1.07093,1.0712,1.87,1.00
2015.10.19 10:10:57.597,1.07098,1.07123,1.00,1.37
2015.10.19 10:10:57.649,1.07094,1.07123,2.62,1.50
2015.10.19 10:10:58.156,1.07095,1.07123,1.12,2.25
2015.10.19 10:10:58.359,1.07097,1.07119,1.10,1.00
2015.10.19 10:10:59.065,1.07093,1.07119,1.12,1.12
2015.10.19 10:11:03.986,1.07098,1.07123,1.00,1.75
2015.10.19 10:11:04.037,1.07094,1.07121,1.07,2.25
2015.10.19 10:11:04.138,1.07094,1.07121,1.50,1.75
2015.10.19 10:11:04.239,1.07094,1.07121,1.07,1.75
2015.10.19 10:11:04.492,1.07094,1.07124,3.00,1.12
2015.10.19 10:11:04.867,1.07098,1.07121,1.10,1.00
2015.10.19 10:11:07.184,1.07095,1.07124,1.50,1.87
2015.10.19 10:11:07.794,1.07095,1.07124,1.12,1.87
2015.10.19 10:11:08.039,1.071,1.07124,1.00,1.12
2015.10.19 10:11:11.189,1.071,1.07124,1.00,2.25
2015.10.19 10:11:11.392,1.07095,1.07122,1.10,1.75
2015.10.19 10:11:11.443,1.07099,1.07122,1.00,1.75
2015.10.19 10:11:11.494,1.07099,1.07123,1.00,1.00
2015.10.19 10:11:14.011,1.07099,1.07123,1.00,1.50
2015.10.19 10:11:14.518,1.07099,1.07121,1.00,1.00
2015.10.19 10:11:14.722,1.07099,1.07121,1.12,1.00
2015.10.19 10:11:15.506,1.07095,1.07123,1.75,1.12
2015.10.19 10:11:15.713,1.07095,1.07121,1.87,1.00
2015.10.19 10:11:15.864,1.07095,1.07126,1.87,2.25
2015.10.19 10:11:16.017,1.07098,1.07129,1.50,1.87
2015.10.19 10:11:16.118,1.071,1.07129,1.75,1.37
2015.10.19 10:11:16.421,1.07105,1.07134,1.87,1.87
2015.10.19 10:11:16.472,1.07107,1.07134,1.75,1.87
2015.10.19 10:11:16.523,1.07108,1.07136,1.37,1.12
2015.10.19 10:11:16.574,1.07111,1.07136,1.75,1.12
2015.10.19 10:11:16.625,1.07112,1.07138,1.75,1.00
2015.10.19 10:11:17.052,1.07121,1.07144,1.75,1.50
2015.10.19 10:11:17.103,1.07121,1.07144,1.12,1.00
2015.10.19 10:11:17.306,1.07121,1.07144,1.12,1.75
2015.10.19 10:11:17.818,1.07121,1.07144,1.07,1.75
2015.10.19 10:11:18.400,1.07118,1.07147,3.37,1.00
2015.10.19 10:11:18.906,1.07122,1.07148,1.07,1.00
2015.10.19 10:11:20.493,1.07122,1.07147,1.07,1.00
2015.10.19 10:11:21.298,1.07122,1.07147,1.00,1.00
2015.10.19 10:11:21.349,1.07122,1.07143,1.00,1.00
2015.10.19 10:11:22.192,1.07118,1.07143,1.12,1.00
2015.10.19 10:11:24.505,1.07118,1.07143,1.75,1.00
2015.10.19 10:11:27.272,1.07118,1.07142,1.75,1.00
2015.10.19 10:11:29.328,1.07118,1.07142,1.12,1.00
2015.10.19 10:11:37.335,1.07118,1.07142,1.50,1.00
2015.10.19 10:11:39.149,1.07118,1.07144,1.50,1.00
2015.10.19 10:11:45.163,1.07118,1.07143,1.50,1.00
2015.10.19 10:11:52.363,1.07118,1.07144,1.50,1.00
2015.10.19 10:12:09.207,1.07118,1.07145,1.50,1.00
2015.10.19 10:12:14.628,1.07118,1.07146,1.50,1.12
2015.10.19 10:12:15.555,1.07118,1.07146,1.00,1.12
2015.10.19 10:12:15.758,1.07118,1.07143,1.00,1.00
2015.10.19 10:12:16.063,1.07118,1.07142,1.00,1.75
2015.10.19 10:12:16.114,1.07113,1.07139,1.10,1.87
2015.10.19 10:12:16.166,1.07111,1.07136,1.00,1.00
2015.10.19 10:12:16.470,1.07101,1.07129,1.50,1.00
2015.10.19 10:12:16.521,1.07101,1.07129,1.10,1.50
2015.10.19 10:12:17.112,1.07101,1.07132,2.25,3.07
2015.10.19 10:12:17.365,1.07107,1.07135,1.57,1.00
2015.10.19 10:12:17.417,1.07111,1.07135,1.00,1.00
2015.10.19 10:12:17.620,1.07111,1.07139,1.10,1.00
2015.10.19 10:12:20.364,1.07111,1.07139,1.07,1.00
2015.10.19 10:12:21.116,1.07111,1.07139,1.00,1.00
2015.10.19 10:12:24.196,1.07111,1.07137,1.00,1.00
2015.10.19 10:13:03.895,1.07111,1.0714,1.37,1.37
2015.10.19 10:13:03.946,1.07115,1.07142,1.00,1.00
2015.10.19 10:13:04.383,1.07115,1.07144,1.00,1.50
2015.10.19 10:13:10.041,1.07112,1.07143,1.50,1.00
2015.10.19 10:13:14.169,1.07117,1.07144,1.00,1.50
2015.10.19 10:13:14.474,1.07117,1.07143,1.00,1.75
2015.10.19 10:13:14.626,1.07113,1.07142,1.00,1.75
2015.10.19 10:13:15.850,1.0711,1.07139,1.20,1.00
2015.10.19 10:13:16.223,1.07113,1.07142,1.00,1.75
2015.10.19 10:13:16.324,1.07116,1.07145,1.00,1.10
2015.10.19 10:13:17.531,1.07116,1.07145,1.57,1.00
2015.10.19 10:13:18.442,1.07119,1.07148,1.00,1.50
2015.10.19 10:13:19.100,1.07122,1.07151,1.00,1.85
2015.10.19 10:13:19.151,1.07122,1.07151,1.00,1.10
2015.10.19 10:13:19.303,1.07122,1.07151,1.50,1.00
2015.10.19 10:13:19.506,1.07127,1.07155,1.00,1.00
2015.10.19 10:13:20.355,1.07125,1.07155,1.47,1.00
2015.10.19 10:13:20.406,1.07128,1.07157,1.00,1.37
2015.10.19 10:13:21.042,1.07128,1.07154,1.00,1.00
2015.10.19 10:13:21.613,1.07123,1.07154,1.50,3.00
2015.10.19 10:13:21.663,1.07128,1.07154,1.00,1.75
2015.10.19 10:13:21.866,1.07128,1.07156,1.10,1.00
2015.10.19 10:13:21.967,1.07128,1.07156,1.12,1.00
2015.10.19 10:13:22.490,1.07128,1.07153,1.12,1.00
2015.10.19 10:13:22.977,1.07124,1.0715,1.00,1.50
2015.10.19 10:13:23.203,1.07121,1.0715,1.00,2.25
2015.10.19 10:13:27.787,1.07121,1.07149,1.00,1.00
2015.10.19 10:13:33.796,1.07121,1.0715,1.00,2.25
2015.10.19 10:13:34.316,1.07121,1.0715,1.50,1.50
2015.10.19 10:13:35.797,1.07123,1.0715,1.00,1.00
2015.10.19 10:13:37.890,1.07123,1.07152,1.00,1.12
2015.10.19 10:13:38.397,1.07124,1.07152,1.00,1.00
2015.10.19 10:13:40.502,1.07117,1.07143,1.87,1.00
2015.10.19 10:13:40.553,1.07112,1.07142,1.82,1.50
2015.10.19 10:13:45.392,1.07115,1.07143,1.37,1.00
2015.10.19 10:13:48.011,1.07115,1.07143,1.50,1.00
2015.10.19 10:13:50.770,1.07115,1.07144,1.50,1.00
2015.10.19 10:14:03.394,1.07115,1.07145,1.50,1.12
2015.10.19 10:14:08.124,1.07118,1.07145,1.75,1.00
2015.10.19 10:14:08.698,1.07121,1.07145,1.00,1.00
2015.10.19 10:14:09.002,1.07116,1.0714,1.10,1.00
2015.10.19 10:14:09.566,1.07111,1.0714,1.37,1.12
2015.10.19 10:14:11.339,1.07111,1.07136,1.37,1.00
2015.10.19 10:14:16.649,1.07111,1.07137,1.37,1.00
2015.10.19 10:14:18.579,1.07112,1.07141,1.12,2.25
2015.10.19 10:14:18.631,1.07116,1.07141,1.10,1.00
2015.10.19 10:14:18.986,1.07118,1.07141,1.00,1.00
2015.10.19 10:14:19.509,1.07116,1.07142,1.07,1.00
2015.10.19 10:14:22.443,1.07116,1.07144,1.07,1.00
2015.10.19 10:14:22.746,1.07118,1.07147,1.00,1.50
2015.10.19 10:14:22.848,1.07118,1.07147,1.75,1.00
2015.10.19 10:14:23.152,1.07121,1.07147,1.87,1.00
2015.10.19 10:14:23.253,1.07123,1.0715,1.12,1.00
2015.10.19 10:14:23.355,1.07123,1.07152,1.87,1.00
2015.10.19 10:14:26.144,1.07125,1.07154,1.10,1.50
2015.10.19 10:14:27.361,1.07125,1.07151,1.10,1.00
2015.10.19 10:14:27.564,1.07121,1.07148,1.00,1.00
2015.10.19 10:14:30.069,1.07121,1.0715,1.00,1.00
2015.10.19 10:14:35.642,1.07121,1.07152,1.07,2.25
2015.10.19 10:14:35.693,1.07126,1.07152,1.00,1.50
2015.10.19 10:14:35.795,1.07127,1.07157,1.00,2.25
2015.10.19 10:14:35.896,1.0713,1.07157,1.00,1.00
2015.10.19 10:14:35.997,1.07131,1.0716,1.00,1.12
2015.10.19 10:14:36.048,1.0713,1.07157,1.00,1.00
2015.10.19 10:14:36.150,1.0713,1.07161,1.50,2.25
2015.10.19 10:14:36.607,1.0713,1.07158,1.00,1.00
2015.10.19 10:14:40.664,1.0713,1.07158,1.37,1.00
2015.10.19 10:14:41.499,1.0713,1.07158,1.82,1.00
2015.10.19 10:14:41.652,1.0713,1.0716,1.45,1.00
2015.10.19 10:14:41.703,1.0713,1.0716,1.20,1.00
2015.10.19 10:14:41.754,1.0713,1.07156,1.20,1.00
2015.10.19 10:14:41.957,1.07126,1.07152,1.20,1.00
2015.10.19 10:14:42.160,1.07126,1.07155,1.47,1.37
2015.10.19 10:14:42.212,1.07127,1.07157,1.75,1.00
2015.10.19 10:14:42.263,1.07127,1.07157,1.75,1.00
2015.10.19 10:14:43.044,1.07131,1.07157,1.00,1.00
2015.10.19 10:14:43.095,1.07131,1.07159,1.00,1.12
2015.10.19 10:14:43.875,1.07131,1.07155,1.00,1.00
2015.10.19 10:14:44.130,1.07125,1.07155,1.50,1.75
2015.10.19 10:14:44.621,1.07125,1.07153,1.00,1.12
2015.10.19 10:14:45.131,1.07121,1.07152,1.82,1.00
2015.10.19 10:14:46.198,1.07125,1.07153,1.00,1.12
2015.10.19 10:14:46.744,1.07128,1.07153,1.00,1.12
2015.10.19 10:14:46.795,1.07128,1.07156,1.00,1.00
2015.10.19 10:14:47.296,1.07128,1.07156,1.07,1.00
2015.10.19 10:14:53.135,1.07129,1.07154,1.10,1.00
2015.10.19 10:14:58.792,1.07129,1.07156,1.10,1.00
2015.10.19 10:15:03.176,1.07129,1.07156,1.57,1.00
2015.10.19 10:15:03.480,1.07129,1.07156,1.85,1.00
2015.10.19 10:15:04.444,1.07129,1.07159,1.85,1.50
2015.10.19 10:15:06.696,1.07131,1.07159,2.25,1.00
2015.10.19 10:15:06.951,1.07131,1.07159,1.57,1.00
2015.10.19 10:15:07.830,1.07131,1.07159,1.10,1.12
2015.10.19 10:15:08.084,1.07131,1.07155,1.00,1.00
2015.10.19 10:15:09.288,1.07128,1.07155,1.85,1.00
2015.10.19 10:15:11.272,1.07129,1.07155,1.75,1.00
2015.10.19 10:15:11.628,1.07129,1.07155,1.00,1.00
2015.10.19 10:15:12.143,1.07128,1.07155,1.00,1.00
2015.10.19 10:15:12.244,1.07128,1.07151,1.00,1.00
2015.10.19 10:15:12.733,1.07125,1.07151,1.00,1.00
2015.10.19 10:15:13.282,1.07125,1.07152,1.00,1.12
2015.10.19 10:15:16.226,1.07128,1.07152,1.00,1.00
2015.10.19 10:15:16.530,1.07127,1.07155,1.75,1.00
2015.10.19 10:15:17.053,1.07125,1.07156,1.82,1.00
2015.10.19 10:15:17.206,1.07129,1.07158,1.75,1.50
2015.10.19 10:15:17.459,1.07129,1.07158,1.12,1.87
2015.10.19 10:15:18.751,1.07129,1.07158,1.87,1.00
2015.10.19 10:15:19.370,1.07139,1.07162,1.12,1.00
2015.10.19 10:15:19.428,1.07139,1.07166,1.12,1.00
2015.10.19 10:15:20.063,1.07139,1.07166,1.37,1.00
2015.10.19 10:15:20.114,1.07139,1.07168,1.37,1.50
2015.10.19 10:15:20.215,1.07143,1.07171,1.12,1.57
2015.10.19 10:15:20.721,1.07143,1.07171,1.12,1.00
2015.10.19 10:15:21.178,1.07143,1.07167,1.00,1.00
2015.10.19 10:15:22.040,1.07139,1.07167,1.75,1.00
2015.10.19 10:15:24.714,1.07146,1.07167,1.00,1.00
2015.10.19 10:15:24.765,1.07146,1.0717,1.00,1.00
2015.10.19 10:15:25.068,1.07142,1.0717,1.00,1.00
2015.10.19 10:15:29.323,1.07142,1.07172,1.00,1.00
2015.10.19 10:15:29.374,1.07144,1.07173,1.00,1.50
2015.10.19 10:15:29.678,1.07147,1.07172,1.00,1.75
2015.10.19 10:15:30.156,1.07143,1.07169,1.47,1.00
2015.10.19 10:15:30.207,1.07143,1.0717,1.00,1.00
2015.10.19 10:15:35.278,1.07143,1.07168,1.12,1.00
2015.10.19 10:15:36.817,1.07141,1.07165,1.00,1.00
2015.10.19 10:15:37.019,1.07138,1.07163,1.00,1.00
2015.10.19 10:15:41.115,1.07141,1.07166,1.00,1.00
2015.10.19 10:15:41.166,1.07139,1.07166,1.00,1.00
2015.10.19 10:15:42.267,1.07141,1.07166,1.12,1.00
2015.10.19 10:15:47.233,1.07141,1.07167,1.12,1.00
2015.10.19 10:15:50.432,1.07141,1.07165,1.12,1.00
2015.10.19 10:15:50.636,1.07137,1.07165,1.50,1.00
2015.10.19 10:15:53.755,1.07139,1.07168,1.00,2.25
2015.10.19 10:15:53.806,1.07139,1.07168,1.37,1.50
2015.10.19 10:15:54.314,1.07141,1.07168,1.75,1.00
2015.10.19 10:15:56.781,1.07141,1.07164,1.75,1.00
2015.10.19 10:15:56.934,1.07141,1.07164,1.00,1.37
2015.10.19 10:15:57.361,1.07138,1.07164,1.00,1.37
2015.10.19 10:15:57.413,1.07138,1.07161,1.00,1.00
2015.10.19 10:15:58.022,1.07141,1.07164,1.00,1.37
2015.10.19 10:15:58.665,1.07141,1.07164,1.00,1.00
2015.10.19 10:15:59.023,1.07141,1.07166,1.00,1.00
2015.10.19 10:15:59.944,1.07137,1.07166,1.00,1.87
2015.10.19 10:15:59.995,1.07137,1.07163,1.00,1.00
2015.10.19 10:16:02.112,1.07137,1.07166,1.37,1.87
2015.10.19 10:16:02.633,1.07137,1.07166,2.25,1.00
2015.10.19 10:16:03.533,1.07141,1.07168,1.00,1.00
2015.10.19 10:16:05.163,1.07141,1.07168,1.00,1.37
2015.10.19 10:16:11.418,1.07141,1.07164,1.00,1.00
2015.10.19 10:16:17.433,1.07141,1.07166,1.00,1.00
2015.10.19 10:16:22.200,1.07141,1.07168,1.00,1.00
2015.10.19 10:16:22.968,1.07141,1.07168,1.00,1.37
2015.10.19 10:16:23.565,1.07141,1.07166,1.00,1.00
2015.10.19 10:16:27.225,1.07141,1.07168,1.00,1.00
2015.10.19 10:16:31.113,1.07141,1.07166,1.00,1.00
2015.10.19 10:16:31.163,1.07139,1.07166,1.00,1.00
2015.10.19 10:16:31.214,1.07137,1.07163,1.95,1.00
2015.10.19 10:16:31.265,1.07137,1.07163,1.00,1.00
2015.10.19 10:16:36.264,1.07137,1.07164,1.00,1.00
2015.10.19 10:16:36.378,1.07137,1.07164,1.37,1.00
2015.10.19 10:16:36.530,1.07137,1.07167,1.75,1.00
2015.10.19 10:16:41.398,1.07137,1.07168,1.75,1.00
2015.10.19 10:16:42.163,1.07141,1.07168,1.87,1.00
2015.10.19 10:16:42.215,1.07145,1.07174,1.75,1.50
2015.10.19 10:16:42.317,1.0715,1.07173,1.00,1.00
2015.10.19 10:16:42.369,1.07141,1.0717,2.25,1.00
2015.10.19 10:16:42.420,1.07141,1.0717,2.32,1.00
2015.10.19 10:16:42.978,1.07145,1.07174,1.00,3.00
2015.10.19 10:16:54.029,1.07145,1.07174,1.37,1.00
2015.10.19 10:16:55.114,1.07145,1.07174,3.00,1.00
2015.10.19 10:16:55.165,1.07148,1.07178,1.12,1.00
2015.10.19 10:16:55.836,1.07151,1.0718,1.00,1.87
2015.10.19 10:16:58.122,1.07151,1.0718,1.57,1.50
2015.10.19 10:16:58.333,1.07151,1.0718,1.37,1.87
2015.10.19 10:16:58.688,1.07148,1.07177,1.00,1.00
2015.10.19 10:16:59.420,1.07148,1.07176,1.00,1.00
2015.10.19 10:17:01.362,1.07148,1.07177,1.00,1.00
2015.10.19 10:17:02.421,1.07148,1.07176,1.00,1.00
2015.10.19 10:17:04.288,1.0715,1.07176,1.00,1.00
2015.10.19 10:17:04.491,1.07148,1.07176,1.00,2.25
2015.10.19 10:17:04.643,1.07146,1.07171,1.00,1.00
2015.10.19 10:17:04.744,1.07145,1.07174,1.37,1.00
2015.10.19 10:17:05.244,1.07148,1.07177,1.57,1.00
2015.10.19 10:17:05.854,1.07148,1.07177,1.50,1.00
2015.10.19 10:17:08.603,1.07141,1.07165,1.75,1.00
2015.10.19 10:17:08.654,1.07141,1.07165,1.00,1.00
2015.10.19 10:17:08.705,1.07138,1.07165,1.00,1.00
2015.10.19 10:17:08.807,1.07141,1.07168,1.00,1.50
2015.10.19 10:17:10.966,1.07141,1.0717,1.50,1.00
2015.10.19 10:17:12.435,1.07141,1.07172,1.50,1.50
2015.10.19 10:17:12.486,1.07145,1.07172,1.00,1.00
2015.10.19 10:17:12.918,1.07147,1.07175,1.50,1.00
2015.10.19 10:17:12.969,1.07147,1.07178,1.50,1.50
2015.10.19 10:17:13.477,1.07147,1.07177,1.50,1.00
2015.10.19 10:17:13.910,1.07147,1.07175,1.50,1.00
2015.10.19 10:17:14.322,1.07147,1.07172,1.00,1.00
2015.10.19 10:17:14.373,1.07145,1.07172,1.00,1.00
2015.10.19 10:17:14.424,1.07145,1.0717,1.00,1.00
2015.10.19 10:17:14.628,1.07145,1.07172,1.00,1.00
2015.10.19 10:17:14.962,1.07142,1.0717,1.00,1.12
2015.10.19 10:17:15.699,1.07142,1.0717,1.00,1.50
2015.10.19 10:17:15.753,1.0714,1.07169,1.00,1.12
2015.10.19 10:17:15.905,1.0714,1.07169,2.62,1.00
2015.10.19 10:17:16.159,1.07144,1.07173,1.12,1.12
2015.10.19 10:17:16.209,1.07145,1.07175,1.37,1.37
2015.10.19 10:17:16.260,1.07147,1.07178,1.50,1.12
2015.10.19 10:17:16.919,1.07147,1.07175,1.12,1.12
2015.10.19 10:17:17.224,1.07142,1.07172,1.12,1.12
2015.10.19 10:17:28.154,1.07142,1.07173,1.37,1.00
2015.10.19 10:17:34.042,1.07144,1.07172,1.00,1.00
2015.10.19 10:17:36.235,1.07144,1.07173,1.00,1.50
2015.10.19 10:17:38.343,1.07144,1.07172,1.00,1.00
2015.10.19 10:17:40.884,1.07144,1.07171,1.00,1.00
2015.10.19 10:17:41.036,1.07142,1.07171,1.12,1.00
2015.10.19 10:17:47.046,1.07142,1.0717,1.12,1.00
2015.10.19 10:17:48.302,1.07142,1.0717,1.00,1.87
2015.10.19 10:17:48.549,1.0714,1.07169,1.00,1.50
2015.10.19 10:17:48.999,1.07137,1.07163,1.37,1.00
2015.10.19 10:17:49.252,1.07133,1.0716,1.00,1.12
2015.10.19 10:17:49.405,1.07133,1.07162,1.87,1.37
2015.10.19 10:17:49.456,1.07138,1.07163,1.00,1.00
2015.10.19 10:17:49.853,1.07139,1.07165,1.00,1.00
2015.10.19 10:17:50.354,1.07139,1.07164,1.00,1.00
2015.10.19 10:17:53.619,1.07139,1.07162,1.00,1.00
2015.10.19 10:17:53.721,1.07139,1.07164,1.00,1.00
2015.10.19 10:17:53.925,1.07143,1.07164,1.00,1.00
2015.10.19 10:17:53.977,1.07141,1.07166,1.00,1.00
2015.10.19 10:17:54.028,1.07138,1.07166,1.50,1.00
2015.10.19 10:17:54.281,1.07138,1.07169,1.50,3.00
2015.10.19 10:17:55.229,1.07138,1.07166,1.00,1.00
2015.10.19 10:17:55.533,1.07139,1.07164,1.00,1.00
2015.10.19 10:17:55.584,1.07139,1.07166,1.00,1.00
2015.10.19 10:17:57.670,1.07139,1.07164,1.00,1.00
2015.10.19 10:17:58.220,1.07139,1.0716,1.00,1.00
2015.10.19 10:17:58.373,1.07135,1.0716,1.00,1.00
2015.10.19 10:18:04.985,1.07135,1.07161,1.00,1.00
2015.10.19 10:18:05.808,1.07135,1.07163,1.00,1.87
2015.10.19 10:18:07.307,1.07135,1.07163,1.00,1.50
2015.10.19 10:18:09.527,1.07135,1.0716,1.00,1.00
2015.10.19 10:18:10.763,1.0713,1.07155,1.50,1.00
2015.10.19 10:18:11.207,1.0713,1.07151,1.00,1.00
2015.10.19 10:18:11.471,1.07127,1.07152,1.12,1.00
2015.10.19 10:18:14.017,1.07127,1.07154,1.00,1.12
2015.10.19 10:18:15.640,1.07132,1.07154,1.75,1.00
2015.10.19 10:18:15.692,1.07136,1.07164,1.00,1.12
2015.10.19 10:18:16.210,1.07136,1.07163,1.00,1.00
2015.10.19 10:18:17.716,1.07136,1.07162,1.00,1.00
2015.10.19 10:18:18.867,1.07136,1.07151,1.00,1.00
2015.10.19 10:18:18.921,1.07133,1.07151,1.00,1.00
2015.10.19 10:18:18.972,1.07131,1.07151,1.00,1.00
2015.10.19 10:18:19.023,1.07131,1.07157,1.00,1.00
2015.10.19 10:18:19.688,1.07131,1.07155,1.00,1.00
2015.10.19 10:18:21.914,1.07131,1.07159,1.50,1.00
2015.10.19 10:18:22.167,1.07134,1.07163,1.75,1.00
2015.10.19 10:18:23.276,1.07134,1.07163,1.00,3.00
2015.10.19 10:18:24.593,1.07134,1.07163,1.75,1.50
2015.10.19 10:18:24.948,1.07137,1.07166,1.00,1.00
2015.10.19 10:18:27.512,1.07137,1.07166,1.75,1.00
2015.10.19 10:18:27.766,1.07139,1.07168,1.50,1.00
2015.10.19 10:18:28.321,1.07139,1.07169,1.50,1.12
2015.10.19 10:18:28.372,1.07139,1.07169,1.75,1.00
2015.10.19 10:18:28.885,1.07139,1.07169,1.50,1.00
2015.10.19 10:18:29.310,1.07141,1.07169,1.00,1.00
2015.10.19 10:18:29.462,1.07139,1.07169,1.50,1.00
2015.10.19 10:18:29.776,1.07141,1.07169,1.00,1.00
2015.10.19 10:18:30.935,1.0714,1.0717,1.00,1.50
2015.10.19 10:18:31.432,1.07142,1.0717,1.00,1.00
2015.10.19 10:18:31.736,1.07142,1.07168,1.12,1.00
2015.10.19 10:18:31.889,1.07142,1.07172,1.12,1.50
2015.10.19 10:18:32.573,1.07142,1.07169,1.12,1.00
2015.10.19 10:18:32.980,1.07142,1.07172,1.12,1.50
2015.10.19 10:18:33.558,1.07147,1.07175,1.00,2.32
2015.10.19 10:18:33.966,1.07147,1.07175,1.00,1.12
2015.10.19 10:18:34.017,1.07147,1.07172,1.00,1.00
2015.10.19 10:18:34.119,1.07147,1.07174,1.00,1.00
2015.10.19 10:18:34.221,1.07148,1.07176,1.12,1.00
2015.10.19 10:18:34.272,1.07151,1.07176,1.00,1.00
2015.10.19 10:18:34.733,1.07153,1.07181,1.00,1.00
2015.10.19 10:18:34.785,1.07153,1.07178,1.00,1.75
2015.10.19 10:18:34.988,1.07153,1.07178,1.00,1.20
2015.10.19 10:18:35.191,1.07149,1.07178,1.00,1.95
2015.10.19 10:18:36.010,1.07149,1.07178,1.00,1.87
2015.10.19 10:18:36.812,1.07149,1.07176,1.00,1.00
2015.10.19 10:18:37.407,1.07142,1.07168,1.50,1.00
2015.10.19 10:18:37.749,1.07145,1.0717,1.00,1.00
2015.10.19 10:18:39.178,1.07145,1.07175,1.12,1.00
2015.10.19 10:18:40.068,1.07149,1.07175,1.00,1.00
2015.10.19 10:18:40.622,1.07152,1.07177,1.00,1.50
2015.10.19 10:18:40.825,1.07152,1.07181,1.12,1.00
2015.10.19 10:18:41.388,1.07152,1.07177,1.00,1.00
2015.10.19 10:18:41.691,1.07152,1.07179,1.00,1.12
2015.10.19 10:18:42.182,1.07152,1.07176,1.00,1.00
2015.10.19 10:18:44.307,1.07152,1.07179,1.00,1.12
2015.10.19 10:18:44.892,1.07152,1.07179,1.37,1.00
2015.10.19 10:18:44.994,1.07153,1.07182,1.00,1.00
2015.10.19 10:18:49.088,1.07157,1.07182,1.00,1.50
2015.10.19 10:18:49.392,1.07157,1.07178,1.00,1.00
2015.10.19 10:18:49.849,1.07157,1.07176,1.00,1.00
2015.10.19 10:18:50.313,1.07158,1.0718,1.00,1.00
2015.10.19 10:18:50.817,1.07163,1.0718,1.00,1.00
2015.10.19 10:18:50.868,1.07163,1.07182,1.00,1.00
2015.10.19 10:18:51.402,1.07157,1.0718,1.00,1.00
2015.10.19 10:18:52.015,1.07157,1.07177,1.00,1.00
2015.10.19 10:18:52.067,1.07155,1.07177,1.00,1.00
2015.10.19 10:18:52.329,1.07155,1.07179,1.00,1.00
2015.10.19 10:18:52.380,1.07164,1.0718,1.00,1.00
2015.10.19 10:18:53.886,1.07169,1.07181,1.00,1.00
2015.10.19 10:18:54.209,1.07161,1.07181,1.00,1.50
2015.10.19 10:18:55.809,1.07161,1.07178,1.00,1.00
2015.10.19 10:18:56.637,1.07165,1.07178,1.00,1.00
2015.10.19 10:18:56.957,1.07165,1.0718,1.00,1.00
2015.10.19 10:18:58.376,1.07161,1.0718,1.00,1.00
2015.10.19 10:18:59.591,1.07161,1.07183,1.00,1.00
2015.10.19 10:18:59.845,1.07161,1.07181,1.00,1.00
2015.10.19 10:19:00.346,1.07161,1.0718,1.00,1.00
2015.10.19 10:19:01.907,1.07161,1.07181,1.00,1.00
2015.10.19 10:19:05.344,1.07161,1.07182,1.00,1.00
2015.10.19 10:19:05.647,1.07161,1.07179,1.00,1.00
2015.10.19 10:19:05.699,1.07161,1.07183,1.00,1.50
2015.10.19 10:19:06.165,1.07157,1.07173,1.00,1.00
2015.10.19 10:19:06.216,1.07155,1.07176,1.00,1.12
2015.10.19 10:19:06.368,1.07158,1.07176,1.00,1.12
2015.10.19 10:19:06.521,1.07158,1.07179,1.00,1.00
2015.10.19 10:19:06.572,1.07162,1.07179,1.00,1.00
2015.10.19 10:19:06.623,1.07162,1.07181,1.00,1.12
2015.10.19 10:19:06.977,1.07166,1.07182,1.00,1.50
2015.10.19 10:19:07.029,1.07166,1.07182,1.00,1.00
2015.10.19 10:19:07.080,1.07163,1.07186,1.00,1.50
2015.10.19 10:19:07.563,1.07169,1.07188,1.47,1.12
2015.10.19 10:19:07.617,1.07171,1.07193,1.00,1.50
2015.10.19 10:19:08.072,1.07171,1.07191,1.00,1.00
2015.10.19 10:19:08.223,1.07166,1.0719,1.50,1.00
2015.10.19 10:19:08.476,1.07165,1.07188,1.75,1.00
2015.10.19 10:19:08.578,1.07165,1.07188,1.12,1.00
2015.10.19 10:19:09.727,1.07165,1.07188,1.10,1.00
2015.10.19 10:19:12.738,1.07164,1.07185,1.00,1.50
2015.10.19 10:19:13.043,1.07164,1.07177,1.00,1.00
2015.10.19 10:19:13.196,1.0716,1.07177,1.00,1.00
2015.10.19 10:19:13.247,1.0716,1.07179,1.00,1.00
2015.10.19 10:19:13.992,1.0716,1.0718,1.00,1.00
2015.10.19 10:19:14.144,1.0716,1.07182,1.00,1.12
2015.10.19 10:19:17.547,1.07164,1.07179,1.00,1.00
2015.10.19 10:19:19.249,1.07164,1.07181,1.00,1.00
2015.10.19 10:19:19.754,1.07164,1.07182,1.00,1.00
2015.10.19 10:19:20.262,1.07164,1.07183,1.00,1.50
2015.10.19 10:19:24.288,1.07164,1.07182,1.00,1.00
2015.10.19 10:19:31.420,1.07164,1.07184,1.00,1.50
2015.10.19 10:19:34.101,1.07164,1.07184,1.00,1.50
2015.10.19 10:19:44.178,1.07164,1.07182,1.00,1.00
2015.10.19 10:19:44.583,1.07164,1.07183,1.00,1.37
2015.10.19 10:19:45.226,1.07164,1.07181,1.00,1.00
2015.10.19 10:19:46.038,1.07164,1.07178,1.00,1.00
2015.10.19 10:19:46.190,1.0716,1.07178,1.00,1.00
2015.10.19 10:19:47.171,1.07164,1.07176,1.00,1.00
2015.10.19 10:19:47.514,1.07161,1.07176,1.00,1.00
2015.10.19 10:19:50.321,1.07161,1.07179,1.00,1.00
2015.10.19 10:19:50.372,1.07161,1.07181,1.00,1.12
2015.10.19 10:19:50.424,1.07164,1.07183,1.00,1.00
2015.10.19 10:19:50.576,1.07164,1.07186,1.00,1.37
2015.10.19 10:19:51.398,1.07164,1.07183,1.00,1.00
2015.10.19 10:19:51.567,1.07164,1.07186,1.00,2.62
2015.10.19 10:19:51.618,1.07164,1.07186,1.00,3.00
2015.10.19 10:19:51.720,1.07164,1.07186,1.00,2.25
2015.10.19 10:19:52.902,1.07164,1.07186,1.00,1.75
2015.10.19 10:19:53.408,1.07164,1.07183,1.00,1.00
2015.10.19 10:19:53.915,1.07164,1.07184,1.00,1.12
2015.10.19 10:20:00.517,1.07164,1.07185,1.00,1.00
2015.10.19 10:20:01.023,1.07164,1.07184,1.00,1.00
2015.10.19 10:20:01.704,1.07164,1.07185,1.00,1.00
2015.10.19 10:20:02.218,1.07164,1.07184,1.00,1.00
2015.10.19 10:20:02.572,1.07164,1.07182,1.00,1.00
2015.10.19 10:20:03.414,1.07164,1.07181,1.00,1.00
2015.10.19 10:20:03.717,1.07161,1.07178,1.00,1.00
2015.10.19 10:20:04.495,1.07161,1.07179,1.00,1.00
2015.10.19 10:20:05.280,1.07161,1.07181,1.00,1.50
2015.10.19 10:20:06.269,1.07161,1.07183,1.00,1.00
2015.10.19 10:20:06.320,1.07161,1.07185,1.00,1.12
2015.10.19 10:20:06.371,1.07165,1.07186,1.00,1.50
2015.10.19 10:20:06.523,1.07166,1.07191,1.00,1.00
2015.10.19 10:20:06.735,1.07166,1.07191,1.75,1.00
2015.10.19 10:20:07.279,1.07169,1.07192,1.12,1.00
2015.10.19 10:20:07.784,1.07169,1.07193,1.12,1.50
2015.10.19 10:20:12.302,1.07179,1.07193,1.00,1.00
2015.10.19 10:20:12.353,1.07179,1.07204,1.00,1.00
2015.10.19 10:20:12.854,1.07179,1.07202,1.00,1.00
2015.10.19 10:20:12.908,1.07175,1.07202,1.12,1.00
2015.10.19 10:20:13.453,1.07171,1.07199,1.87,1.00
2015.10.19 10:20:14.008,1.07171,1.07198,1.12,1.00
2015.10.19 10:20:15.674,1.07172,1.07198,1.00,1.00
2015.10.19 10:20:17.583,1.07176,1.07201,1.00,1.50
2015.10.19 10:20:18.576,1.07176,1.07196,1.00,1.00
2015.10.19 10:20:18.627,1.07174,1.07196,1.00,1.00
2015.10.19 10:20:19.137,1.07173,1.07196,1.00,1.00
2015.10.19 10:20:21.440,1.07176,1.07196,1.00,1.00
2015.10.19 10:20:21.937,1.07176,1.072,1.00,3.00
2015.10.19 10:20:24.079,1.07172,1.072,1.00,3.00
2015.10.19 10:20:24.181,1.07174,1.072,1.00,3.00
2015.10.19 10:20:24.590,1.07174,1.07193,1.00,1.00
2015.10.19 10:20:25.056,1.07174,1.07191,1.00,1.00
2015.10.19 10:20:25.107,1.07171,1.07191,1.00,1.00
2015.10.19 10:20:25.210,1.07171,1.07194,1.00,2.25
2015.10.19 10:20:25.311,1.07171,1.07195,1.00,1.75
2015.10.19 10:20:26.127,1.07171,1.07195,1.00,1.50
2015.10.19 10:20:26.181,1.07174,1.07196,1.00,1.75
2015.10.19 10:20:26.487,1.07179,1.07199,1.00,1.75
2015.10.19 10:20:26.538,1.07179,1.07198,1.00,1.50
2015.10.19 10:20:26.696,1.07182,1.07198,1.00,1.00
2015.10.19 10:20:26.798,1.07178,1.07198,1.00,1.12
2015.10.19 10:20:27.402,1.07178,1.072,1.00,1.50
2015.10.19 10:20:27.453,1.07178,1.07198,1.00,1.00
2015.10.19 10:20:27.961,1.07178,1.07203,1.00,1.00
2015.10.19 10:20:28.416,1.07181,1.07203,1.00,1.00
2015.10.19 10:20:31.182,1.07183,1.07203,1.00,1.00
2015.10.19 10:20:31.233,1.07183,1.07209,1.00,1.87
2015.10.19 10:20:31.689,1.07183,1.07202,1.00,1.00
2015.10.19 10:20:31.993,1.07183,1.07207,1.00,1.50
2015.10.19 10:20:32.044,1.07181,1.07207,1.00,1.50
2015.10.19 10:20:32.465,1.07181,1.07205,1.00,1.37
2015.10.19 10:20:32.516,1.07178,1.07205,1.00,1.75
2015.10.19 10:20:32.820,1.07181,1.07205,1.00,1.75
2015.10.19 10:20:33.277,1.07181,1.072,1.00,1.00
2015.10.19 10:20:33.782,1.07181,1.07202,1.00,1.00
2015.10.19 10:20:34.409,1.07181,1.07206,1.00,1.00
2015.10.19 10:20:35.908,1.07181,1.07205,1.00,1.00
2015.10.19 10:20:36.414,1.07181,1.07206,1.00,1.50
2015.10.19 10:20:37.521,1.07181,1.07205,1.00,1.00
2015.10.19 10:20:38.189,1.07181,1.07203,1.00,1.00
2015.10.19 10:20:38.240,1.07177,1.07203,1.00,1.00
2015.10.19 10:20:38.898,1.07177,1.07206,1.00,1.50
2015.10.19 10:20:41.825,1.07177,1.07206,1.00,1.75
2015.10.19 10:20:45.857,1.07183,1.07209,1.00,1.00
2015.10.19 10:20:46.413,1.07183,1.07213,1.00,1.50
2015.10.19 10:20:46.464,1.07182,1.07211,1.00,1.00
2015.10.19 10:20:47.569,1.07182,1.07208,1.00,1.00
2015.10.19 10:20:47.620,1.07182,1.0721,1.00,1.00
2015.10.19 10:20:47.773,1.0718,1.07208,1.50,1.00
2015.10.19 10:20:53.517,1.07182,1.07211,1.00,1.50
2015.10.19 10:20:53.942,1.07185,1.07211,1.00,1.00
2015.10.19 10:20:55.711,1.07185,1.07216,1.00,2.25
2015.10.19 10:21:08.340,1.07185,1.07216,1.37,1.12
2015.10.19 10:21:08.869,1.07185,1.07216,2.25,1.00
2015.10.19 10:21:09.933,1.07189,1.07218,1.12,1.12
2015.10.19 10:21:10.034,1.0719,1.07218,1.37,1.12
2015.10.19 10:21:10.086,1.07192,1.07221,1.12,1.12
2015.10.19 10:21:14.994,1.0719,1.07218,1.75,1.00
2015.10.19 10:21:16.547,1.07192,1.07222,1.12,1.50
2015.10.19 10:21:16.700,1.07192,1.07217,1.12,1.00
2015.10.19 10:21:16.751,1.07192,1.0722,1.12,1.00
2015.10.19 10:21:17.258,1.07193,1.0722,1.00,1.00
2015.10.19 10:21:17.755,1.07194,1.07223,1.50,1.50
2015.10.19 10:21:18.443,1.07194,1.07222,2.25,1.00
2015.10.19 10:21:18.797,1.07194,1.07219,1.50,1.00
2015.10.19 10:21:19.323,1.07195,1.07224,1.00,1.50
2015.10.19 10:21:21.055,1.07194,1.0722,1.50,1.00
2015.10.19 10:21:21.653,1.07194,1.07223,1.00,1.00
2015.10.19 10:21:22.119,1.07194,1.07217,1.50,1.00
2015.10.19 10:21:22.758,1.07195,1.07214,1.00,1.00
2015.10.19 10:21:25.342,1.07202,1.0723,1.00,1.00
2015.10.19 10:21:25.393,1.07202,1.07228,1.00,1.00
2015.10.19 10:21:25.546,1.07197,1.07228,2.25,1.00
2015.10.19 10:21:25.648,1.07197,1.07225,1.87,1.37
2015.10.19 10:21:25.699,1.07197,1.07224,1.50,1.00
2015.10.19 10:21:25.903,1.07195,1.07224,2.25,1.50
2015.10.19 10:21:25.954,1.07195,1.07221,1.50,1.00
2015.10.19 10:21:26.705,1.07195,1.07224,1.87,1.12
2015.10.19 10:21:26.756,1.07199,1.07228,1.00,1.75
2015.10.19 10:21:26.959,1.07202,1.07231,1.00,1.37
2015.10.19 10:21:27.263,1.07202,1.07227,1.00,1.00
2015.10.19 10:21:27.466,1.07202,1.07231,1.00,1.37
2015.10.19 10:21:28.938,1.07199,1.07228,1.37,1.00
2015.10.19 10:21:30.183,1.07199,1.07228,1.37,1.37
2015.10.19 10:21:30.784,1.07199,1.07226,1.00,1.00
2015.10.19 10:21:31.878,1.07199,1.07228,1.00,1.75
2015.10.19 10:21:32.031,1.07199,1.07227,1.00,1.50
2015.10.19 10:21:32.082,1.07195,1.07226,1.37,1.50
2015.10.19 10:21:32.133,1.07195,1.07223,1.00,1.50
2015.10.19 10:21:32.184,1.07195,1.07211,1.00,1.00
2015.10.19 10:21:32.285,1.07193,1.07212,1.00,1.00
2015.10.19 10:21:32.387,1.07193,1.07215,1.00,1.00
2015.10.19 10:21:32.489,1.07193,1.07218,1.00,1.00
2015.10.19 10:21:32.590,1.07193,1.07215,1.00,1.00
2015.10.19 10:21:33.029,1.07193,1.0722,1.00,1.00
2015.10.19 10:21:33.635,1.07193,1.0722,2.25,1.00
2015.10.19 10:21:33.686,1.07193,1.07222,3.00,1.00
2015.10.19 10:21:33.889,1.07197,1.07225,1.00,1.12
2015.10.19 10:21:34.407,1.07197,1.07225,1.37,1.00
2015.10.19 10:21:36.015,1.07199,1.07224,1.00,1.00
2015.10.19 10:21:37.492,1.07199,1.07225,1.00,1.00
2015.10.19 10:21:40.929,1.07199,1.07227,1.00,1.12
2015.10.19 10:21:41.030,1.07199,1.07225,1.00,1.00
2015.10.19 10:21:54.736,1.07199,1.07229,1.00,1.75
2015.10.19 10:21:57.617,1.07199,1.0723,1.37,1.37
2015.10.19 10:21:57.668,1.072,1.0723,1.00,1.00
2015.10.19 10:22:00.876,1.072,1.07228,1.00,1.00
2015.10.19 10:22:01.187,1.072,1.07226,1.00,1.00
2015.10.19 10:22:01.762,1.07198,1.07222,1.00,1.00
2015.10.19 10:22:02.004,1.07201,1.07229,1.00,1.87
2015.10.19 10:22:02.974,1.07215,1.07229,1.00,1.50
2015.10.19 10:22:04.441,1.07212,1.07229,1.00,1.50
2015.10.19 10:22:04.645,1.07214,1.07229,1.00,1.37
2015.10.19 10:22:04.950,1.07218,1.07229,1.00,1.00
2015.10.19 10:22:05.001,1.07218,1.07232,1.00,1.00
2015.10.19 10:22:05.103,1.07221,1.07232,1.00,1.00
2015.10.19 10:22:05.204,1.07221,1.07235,1.00,1.00
2015.10.19 10:22:05.797,1.07223,1.07236,1.00,1.00
2015.10.19 10:22:05.848,1.07223,1.07239,1.00,1.00
2015.10.19 10:22:05.950,1.0722,1.07239,1.00,1.00
2015.10.19 10:22:06.460,1.0722,1.07239,1.00,2.25
2015.10.19 10:22:06.700,1.0722,1.07235,1.00,1.00
2015.10.19 10:22:07.222,1.0722,1.07236,1.00,1.00
2015.10.19 10:22:07.668,1.0722,1.07238,1.00,1.12
2015.10.19 10:22:09.168,1.0722,1.07236,1.00,1.00
2015.10.19 10:22:09.483,1.0722,1.07233,1.00,1.00
2015.10.19 10:22:10.035,1.0722,1.07232,1.00,1.00
2015.10.19 10:22:10.795,1.07228,1.07236,1.00,1.50
2015.10.19 10:22:10.997,1.07225,1.07236,1.00,1.75
2015.10.19 10:22:11.099,1.07228,1.07238,1.00,1.75
2015.10.19 10:22:11.150,1.07224,1.07238,1.00,1.50
2015.10.19 10:22:11.201,1.07224,1.07238,1.00,1.50
2015.10.19 10:22:11.453,1.07231,1.07239,1.00,1.75
2015.10.19 10:22:12.527,1.07222,1.07244,1.00,1.75
2015.10.19 10:22:17.192,1.07225,1.07244,1.00,1.75
2015.10.19 10:22:26.317,1.07225,1.07243,1.00,1.12
2015.10.19 10:22:31.083,1.07225,1.07246,1.00,1.75
2015.10.19 10:22:31.133,1.07225,1.07246,1.00,1.75
2015.10.19 10:22:31.184,1.07222,1.0724,1.00,1.12
2015.10.19 10:22:31.387,1.07222,1.07238,1.00,1.37
2015.10.19 10:22:31.640,1.07218,1.07239,1.00,1.75
2015.10.19 10:22:34.259,1.07218,1.07235,1.00,1.00
2015.10.19 10:22:34.310,1.07218,1.07235,1.00,1.75
2015.10.19 10:22:34.512,1.07218,1.0724,1.00,1.75
2015.10.19 10:22:34.665,1.07222,1.0724,1.00,2.25
2015.10.19 10:22:35.677,1.07227,1.07248,1.00,2.25
2015.10.19 10:22:37.597,1.07224,1.07246,1.00,1.75
2015.10.19 10:22:40.009,1.07224,1.07247,1.00,3.00
2015.10.19 10:22:40.516,1.07224,1.07246,1.00,2.25
2015.10.19 10:22:42.906,1.07222,1.07244,1.00,1.75
2015.10.19 10:22:47.897,1.07221,1.07245,1.00,2.25
2015.10.19 10:22:51.779,1.07221,1.07244,1.00,1.75
2015.10.19 10:22:52.298,1.07221,1.0724,1.00,1.37
2015.10.19 10:22:52.810,1.07221,1.0724,1.00,1.00
2015.10.19 10:22:53.317,1.07221,1.07241,1.00,1.00
2015.10.19 10:22:57.655,1.07221,1.07241,1.00,1.50
2015.10.19 10:22:57.857,1.07219,1.07241,1.00,1.75
2015.10.19 10:22:57.909,1.07216,1.07241,1.50,1.75
2015.10.19 10:22:57.960,1.07216,1.07238,1.00,1.37
2015.10.19 10:22:58.112,1.07213,1.07233,1.00,1.37
2015.10.19 10:23:01.164,1.07218,1.07239,1.00,1.75
2015.10.19 10:23:01.323,1.07218,1.07239,1.00,1.50
2015.10.19 10:23:02.232,1.07215,1.07239,1.00,1.50
2015.10.19 10:23:02.731,1.07215,1.07236,1.00,1.87
2015.10.19 10:23:03.264,1.07215,1.07234,1.00,1.00
2015.10.19 10:23:04.083,1.07219,1.07241,1.00,2.25
2015.10.19 10:23:04.236,1.07221,1.07241,1.00,1.00
2015.10.19 10:23:08.606,1.07218,1.07244,1.50,1.75
2015.10.19 10:23:09.051,1.07218,1.07235,1.50,1.00
2015.10.19 10:23:10.901,1.07218,1.07238,1.50,1.12
2015.10.19 10:23:11.104,1.07222,1.07241,1.00,1.75
2015.10.19 10:23:12.635,1.07218,1.07241,1.00,1.75
2015.10.19 10:23:12.889,1.07218,1.07241,1.00,1.50
2015.10.19 10:23:12.991,1.07218,1.07241,1.00,1.50
2015.10.19 10:23:19.966,1.07214,1.07239,1.00,1.75
2015.10.19 10:23:20.269,1.07213,1.07238,1.00,1.75
2015.10.19 10:23:21.588,1.07213,1.07237,1.00,2.25
2015.10.19 10:23:22.818,1.07213,1.07237,1.00,1.00
2015.10.19 10:23:22.920,1.07213,1.07233,1.00,1.00
2015.10.19 10:23:23.125,1.07215,1.07244,1.00,3.00
2015.10.19 10:23:23.328,1.07216,1.07243,1.00,1.00
2015.10.19 10:23:23.594,1.07217,1.0724,1.00,1.00
2015.10.19 10:23:23.727,1.07217,1.07243,1.00,1.00
2015.10.19 10:23:24.245,1.07217,1.07242,1.00,1.00
2015.10.19 10:23:24.934,1.07217,1.07243,1.00,1.00
2015.10.19 10:23:25.492,1.07217,1.07243,1.00,1.37
2015.10.19 10:23:32.620,1.07214,1.07242,1.00,1.00
2015.10.19 10:23:35.123,1.07214,1.07239,1.00,1.00
2015.10.19 10:23:36.576,1.07213,1.07239,1.00,1.00
2015.10.19 10:23:36.953,1.07213,1.07241,1.00,1.00
2015.10.19 10:23:38.083,1.07213,1.07238,1.00,1.12
2015.10.19 10:23:38.387,1.0721,1.07236,1.00,1.75
2015.10.19 10:23:38.438,1.07208,1.07236,1.00,2.25
2015.10.19 10:23:38.540,1.07211,1.07236,1.00,2.25
2015.10.19 10:23:38.641,1.07211,1.07239,1.00,1.00
2015.10.19 10:23:38.744,1.07214,1.07239,1.00,1.00
2015.10.19 10:23:39.343,1.07217,1.07242,1.00,1.00
2015.10.19 10:23:39.395,1.07214,1.07242,1.87,1.00
2015.10.19 10:23:39.548,1.07214,1.07242,1.50,1.75
2015.10.19 10:23:41.718,1.07212,1.07241,1.00,1.50
2015.10.19 10:23:41.870,1.0721,1.07239,1.00,1.75
2015.10.19 10:23:42.173,1.07208,1.07239,1.00,1.75
2015.10.19 10:23:42.955,1.07209,1.07239,1.00,1.75
2015.10.19 10:23:43.056,1.07209,1.07239,1.50,1.50
2015.10.19 10:23:43.157,1.07209,1.07233,1.50,1.00
2015.10.19 10:23:44.002,1.07209,1.07234,1.00,1.00
2015.10.19 10:23:44.670,1.07209,1.07238,1.12,1.12
2015.10.19 10:23:46.957,1.0721,1.07238,1.00,1.12
2015.10.19 10:23:47.471,1.0721,1.07238,1.37,1.37
2015.10.19 10:23:47.883,1.07209,1.07238,1.00,1.37
2015.10.19 10:23:49.083,1.07209,1.07238,1.12,1.00
2015.10.19 10:23:56.413,1.07206,1.07236,1.37,1.00
2015.10.19 10:23:56.515,1.07205,1.07236,1.37,1.37
2015.10.19 10:23:56.668,1.07204,1.07231,1.50,1.00
2015.10.19 10:23:56.971,1.07202,1.07229,1.75,1.00
2015.10.19 10:23:58.087,1.07202,1.07225,1.75,1.00
2015.10.19 10:23:59.480,1.07202,1.07226,1.75,1.00
2015.10.19 10:24:00.022,1.07202,1.07227,1.75,1.00
2015.10.19 10:24:01.733,1.07202,1.07229,1.75,1.00
2015.10.19 10:24:02.451,1.07204,1.07227,1.50,1.00
2015.10.19 10:24:04.567,1.07204,1.07228,1.50,1.00
2015.10.19 10:24:05.236,1.07204,1.07226,1.75,1.00
2015.10.19 10:24:05.954,1.07204,1.07231,1.75,1.50
2015.10.19 10:24:07.252,1.07204,1.07228,1.75,1.00
2015.10.19 10:24:07.653,1.07204,1.0723,1.75,1.00
2015.10.19 10:24:08.190,1.07204,1.07229,1.75,1.00
2015.10.19 10:24:08.784,1.07204,1.07227,1.75,1.00
2015.10.19 10:24:08.936,1.07202,1.07227,1.37,1.00
2015.10.19 10:24:14.826,1.07202,1.07226,1.37,1.00
2015.10.19 10:24:15.028,1.07199,1.07226,1.87,1.00
2015.10.19 10:24:18.896,1.07199,1.07224,1.12,1.00
2015.10.19 10:24:20.685,1.07196,1.07224,1.87,1.00
2015.10.19 10:24:21.112,1.07195,1.07226,1.50,1.87
2015.10.19 10:24:32.608,1.07198,1.07226,1.00,1.12
2015.10.19 10:24:32.710,1.07198,1.07226,1.75,1.00
2015.10.19 10:24:34.140,1.072,1.07231,2.25,1.12
2015.10.19 10:24:38.423,1.07203,1.07231,1.00,1.12
2015.10.19 10:24:40.872,1.07204,1.07231,1.00,1.12
2015.10.19 10:24:40.923,1.07204,1.07233,2.25,1.00
2015.10.19 10:24:41.024,1.07208,1.07237,1.00,1.87
2015.10.19 10:24:41.278,1.07204,1.07235,2.25,1.00
2015.10.19 10:24:42.799,1.07204,1.07235,1.87,1.87
2015.10.19 10:24:42.850,1.07204,1.07235,1.00,2.25
2015.10.19 10:24:43.356,1.07201,1.07232,2.25,1.12
2015.10.19 10:24:48.293,1.07205,1.07234,1.00,1.75
2015.10.19 10:24:48.446,1.07207,1.07236,1.12,1.00
2015.10.19 10:24:48.547,1.07204,1.07234,1.75,1.00
2015.10.19 10:24:50.352,1.07206,1.07234,1.12,1.12
2015.10.19 10:24:50.403,1.07204,1.07234,1.12,1.12
2015.10.19 10:24:50.555,1.07203,1.07234,1.12,1.37
2015.10.19 10:24:51.094,1.07203,1.07233,1.00,2.25
2015.10.19 10:24:52.284,1.07201,1.0723,1.12,1.00
2015.10.19 10:24:53.080,1.07201,1.0723,1.87,1.00
2015.10.19 10:24:53.683,1.07201,1.0723,1.37,1.00
2015.10.19 10:24:54.234,1.07201,1.0723,1.00,1.00
2015.10.19 10:24:58.703,1.07201,1.0723,1.00,1.87
2015.10.19 10:25:05.361,1.07201,1.07227,1.00,1.00
2015.10.19 10:25:06.665,1.07201,1.07228,1.00,1.12
2015.10.19 10:25:06.969,1.07197,1.07228,1.00,2.25
2015.10.19 10:25:15.980,1.07198,1.07227,1.00,1.00
2015.10.19 10:25:21.998,1.07198,1.07228,1.00,1.50
2015.10.19 10:25:23.553,1.072,1.07229,1.00,1.50
2015.10.19 10:25:23.857,1.072,1.0723,2.25,1.00
2015.10.19 10:25:24.953,1.072,1.07231,1.75,1.12
2015.10.19 10:25:37.095,1.07202,1.07231,1.00,1.37
2015.10.19 10:25:38.442,1.07199,1.07229,1.00,1.00
2015.10.19 10:25:54.060,1.07199,1.0723,1.50,1.00
2015.10.19 10:25:57.840,1.07199,1.07224,1.12,1.12
2015.10.19 10:25:57.892,1.07197,1.07224,1.00,1.12
2015.10.19 10:25:58.196,1.07197,1.07222,1.00,1.00
2015.10.19 10:25:58.730,1.07195,1.07222,1.50,1.00
2015.10.19 10:25:59.468,1.07198,1.07222,1.50,1.00
2015.10.19 10:25:59.570,1.07198,1.07225,1.50,1.00
2015.10.19 10:26:00.124,1.07202,1.07225,1.00,1.00
2015.10.19 10:26:00.734,1.07202,1.07222,1.00,1.00
2015.10.19 10:26:00.785,1.07196,1.07222,1.50,1.00
2015.10.19 10:26:02.901,1.07201,1.07222,1.00,1.00
2015.10.19 10:26:03.843,1.07197,1.07222,1.12,1.00
2015.10.19 10:26:11.713,1.07197,1.0722,1.12,1.00
2015.10.19 10:26:13.861,1.07194,1.07223,2.25,1.50
2015.10.19 10:26:13.912,1.07194,1.07223,1.75,1.50
2015.10.19 10:26:15.909,1.07196,1.07223,1.50,1.00
2015.10.19 10:26:24.304,1.07196,1.07221,1.50,1.00
2015.10.19 10:26:26.829,1.07193,1.07221,1.50,1.00
2015.10.19 10:26:30.236,1.07193,1.07219,1.50,1.00
2015.10.19 10:26:35.211,1.07193,1.07218,1.50,1.00
2015.10.19 10:26:38.693,1.07193,1.07213,1.50,1.00
2015.10.19 10:26:38.846,1.0719,1.07213,1.12,1.00
2015.10.19 10:26:38.947,1.0719,1.07211,1.00,1.00
2015.10.19 10:26:39.151,1.07186,1.07215,1.50,1.00
2015.10.19 10:26:39.603,1.07193,1.07218,1.00,1.00
2015.10.19 10:26:40.382,1.07193,1.0722,1.00,1.00
2015.10.19 10:26:42.912,1.07194,1.07222,1.00,1.00
2015.10.19 10:26:42.963,1.07194,1.07222,1.37,1.00
2015.10.19 10:26:43.468,1.07197,1.07223,1.00,1.00
2015.10.19 10:26:44.687,1.07203,1.07225,1.00,1.00
2015.10.19 10:26:44.739,1.07203,1.07228,1.00,1.50
2015.10.19 10:26:46.773,1.07203,1.07227,1.00,1.00
2015.10.19 10:26:47.862,1.07203,1.07228,1.00,1.00
2015.10.19 10:26:48.515,1.07203,1.07229,1.00,1.50
2015.10.19 10:26:50.777,1.07205,1.07229,1.00,1.50
2015.10.19 10:26:53.277,1.07205,1.07231,1.00,1.50
2015.10.19 10:26:55.170,1.07201,1.07229,1.00,2.25
2015.10.19 10:26:55.644,1.07201,1.07225,1.00,1.00
2015.10.19 10:26:56.490,1.07201,1.07223,1.00,1.00
2015.10.19 10:26:58.906,1.07201,1.07225,1.00,1.00
2015.10.19 10:27:01.322,1.07201,1.07229,1.00,2.25
2015.10.19 10:27:02.804,1.07201,1.07226,1.00,1.00
2015.10.19 10:27:16.039,1.07202,1.07226,1.00,1.00
2015.10.19 10:27:22.077,1.07199,1.07226,1.50,1.00
2015.10.19 10:27:26.531,1.07204,1.07226,1.00,1.00
2015.10.19 10:27:26.632,1.07207,1.07231,1.00,1.00
2015.10.19 10:27:28.852,1.07206,1.07231,1.00,1.00
2015.10.19 10:27:28.903,1.07206,1.07233,1.50,1.00
2015.10.19 10:27:28.954,1.07206,1.07233,1.50,2.25
2015.10.19 10:27:29.359,1.07204,1.0723,1.00,1.00
2015.10.19 10:27:29.613,1.07201,1.0723,1.12,1.00
2015.10.19 10:27:30.652,1.07203,1.0723,1.00,1.00
2015.10.19 10:27:30.804,1.07201,1.0723,1.87,1.00
2015.10.19 10:27:30.906,1.07203,1.07228,1.00,1.00
2015.10.19 10:27:31.059,1.07196,1.07226,1.50,2.25
2015.10.19 10:27:31.161,1.07196,1.07226,1.00,3.00
2015.10.19 10:27:31.314,1.07193,1.07222,1.00,1.37
2015.10.19 10:27:32.366,1.07196,1.07222,1.00,1.37
2015.10.19 10:27:32.820,1.07197,1.07226,1.00,1.12
2015.10.19 10:27:36.417,1.07199,1.07226,1.00,1.12
2015.10.19 10:27:36.772,1.07197,1.07226,1.00,1.12
2015.10.19 10:27:40.492,1.07196,1.07223,1.12,1.00
2015.10.19 10:27:41.137,1.07196,1.07222,1.00,1.00
2015.10.19 10:27:41.787,1.07194,1.07223,1.50,1.00
2015.10.19 10:27:43.181,1.07194,1.07222,1.50,1.00
2015.10.19 10:27:44.698,1.07194,1.07223,1.87,1.00
2015.10.19 10:27:47.560,1.07195,1.07223,1.00,1.00
2015.10.19 10:27:48.132,1.07194,1.07223,1.12,1.00
2015.10.19 10:27:51.439,1.07194,1.07222,1.12,1.00
2015.10.19 10:27:51.592,1.07194,1.07217,1.00,1.00
2015.10.19 10:27:51.896,1.07189,1.07218,1.00,1.00
2015.10.19 10:27:52.010,1.07192,1.07221,1.00,1.00
2015.10.19 10:27:52.443,1.07196,1.07222,1.00,1.00
2015.10.19 10:27:53.183,1.07191,1.07222,3.00,1.50
2015.10.19 10:27:53.388,1.07195,1.07222,1.00,1.00
2015.10.19 10:27:53.959,1.07192,1.07221,1.00,1.00
2015.10.19 10:27:54.283,1.07196,1.07221,1.00,1.00
2015.10.19 10:27:54.588,1.07197,1.07225,1.75,1.00
2015.10.19 10:27:55.184,1.07198,1.07229,1.75,1.50
2015.10.19 10:27:55.235,1.07198,1.07229,2.25,1.00
2015.10.19 10:27:56.755,1.07202,1.07233,1.75,1.00
2015.10.19 10:28:02.221,1.07202,1.07231,1.75,1.00
2015.10.19 10:28:07.689,1.07202,1.0723,2.25,1.00
2015.10.19 10:28:12.843,1.07202,1.07228,2.25,1.00
2015.10.19 10:28:14.433,1.07202,1.07228,2.25,1.00
2015.10.19 10:28:16.350,1.07203,1.07232,2.25,1.00
2015.10.19 10:28:16.452,1.0721,1.07232,1.00,1.00
2015.10.19 10:28:16.705,1.0721,1.07236,1.00,1.00
2015.10.19 10:28:19.355,1.0721,1.07238,1.00,1.00
2015.10.19 10:28:19.946,1.07211,1.07239,1.00,1.00
2015.10.19 10:28:22.138,1.07211,1.07239,1.37,1.00
2015.10.19 10:28:24.313,1.07213,1.07241,1.00,1.00
2015.10.19 10:28:24.987,1.07213,1.07237,1.00,1.00
2015.10.19 10:28:25.241,1.07207,1.07235,1.12,1.00
2015.10.19 10:28:25.393,1.07207,1.07235,1.37,1.00
2015.10.19 10:28:25.803,1.07211,1.07235,1.37,1.00
2015.10.19 10:28:25.854,1.07211,1.0724,1.50,1.00
2015.10.19 10:28:26.006,1.07211,1.0724,2.25,1.00
2015.10.19 10:28:26.158,1.07213,1.07244,1.75,1.00
2015.10.19 10:28:26.512,1.07215,1.07244,1.50,1.00
2015.10.19 10:28:28.241,1.07218,1.07245,1.50,1.00
2015.10.19 10:28:32.506,1.07218,1.07246,1.50,1.00
2015.10.19 10:28:37.679,1.07218,1.07247,1.50,1.50
2015.10.19 10:28:45.403,1.07218,1.07247,1.37,1.50
2015.10.19 10:28:54.751,1.0722,1.07247,1.00,1.50
2015.10.19 10:28:59.457,1.07218,1.07244,1.12,1.00
2015.10.19 10:28:59.659,1.07212,1.0724,1.12,1.00
2015.10.19 10:28:59.812,1.07212,1.07238,1.12,1.00
2015.10.19 10:29:00.421,1.07212,1.0724,1.12,1.00
2015.10.19 10:29:05.523,1.07212,1.07241,1.12,1.00
2015.10.19 10:29:13.973,1.07212,1.07241,1.37,1.00
2015.10.19 10:29:14.222,1.07215,1.07244,1.12,1.00
2015.10.19 10:29:34.016,1.07215,1.07244,1.00,1.37
2015.10.19 10:29:35.642,1.07218,1.07245,1.00,1.50
2015.10.19 10:29:49.151,1.07218,1.07246,1.00,1.37
2015.10.19 10:29:49.744,1.07218,1.07246,1.00,1.00
2015.10.19 10:29:53.760,1.07218,1.07247,1.00,1.12
2015.10.19 10:29:56.095,1.07218,1.07247,1.37,1.00
2015.10.19 10:29:56.197,1.07221,1.0725,1.00,1.00
2015.10.19 10:29:56.248,1.07224,1.07252,1.50,1.00
2015.10.19 10:29:56.826,1.07217,1.07244,1.37,1.37
2015.10.19 10:29:56.877,1.07213,1.07242,1.50,1.50
2015.10.19 10:29:56.979,1.07213,1.07241,1.00,1.87
2015.10.19 10:29:57.334,1.07213,1.07236,1.00,1.00
2015.10.19 10:29:57.547,1.07213,1.07238,1.00,1.00
2015.10.19 10:29:58.393,1.07213,1.07241,1.00,3.00
2015.10.19 10:29:59.349,1.07213,1.07238,1.00,1.00
2015.10.19 10:30:00.651,1.07213,1.07236,1.00,1.00
2015.10.19 10:30:00.702,1.07213,1.07238,1.00,1.00
2015.10.19 10:30:00.754,1.07209,1.07238,1.50,1.00
2015.10.19 10:30:00.906,1.07212,1.0724,1.37,1.12
2015.10.19 10:30:01.380,1.07212,1.07242,1.37,1.87
2015.10.19 10:30:01.944,1.07216,1.07243,1.00,1.37
2015.10.19 10:30:02.201,1.07216,1.07245,1.50,1.00
2015.10.19 10:30:05.916,1.07219,1.07247,1.50,1.00
2015.10.19 10:30:06.426,1.07219,1.07248,1.50,1.00
2015.10.19 10:30:08.031,1.07222,1.07251,1.75,1.00
2015.10.19 10:30:20.191,1.07215,1.07244,1.37,1.50
2015.10.19 10:30:20.546,1.07217,1.07248,1.75,1.12
2015.10.19 10:30:20.648,1.07221,1.0725,1.00,1.75
2015.10.19 10:30:20.750,1.07221,1.0725,1.12,1.00
2015.10.19 10:30:21.054,1.07223,1.0725,1.00,1.00
2015.10.19 10:30:21.595,1.07223,1.07248,1.00,1.00
2015.10.19 10:30:21.649,1.07219,1.07247,1.00,1.00
2015.10.19 10:30:22.155,1.07218,1.07247,1.00,1.00
2015.10.19 10:30:22.440,1.07218,1.07247,1.75,1.00
2015.10.19 10:30:23.243,1.07221,1.07248,1.75,1.00
2015.10.19 10:30:23.294,1.07224,1.07253,1.00,1.50
2015.10.19 10:30:25.427,1.07224,1.07252,1.00,1.00
2015.10.19 10:30:29.940,1.07224,1.07249,1.00,1.00
2015.10.19 10:30:34.032,1.0722,1.07249,1.50,1.00
2015.10.19 10:30:36.005,1.0722,1.07249,1.00,1.50
2015.10.19 10:30:36.309,1.0722,1.07246,1.00,1.00
2015.10.19 10:30:36.360,1.07218,1.07246,1.00,1.00
2015.10.19 10:30:36.411,1.07217,1.07244,1.00,1.00
2015.10.19 10:30:36.512,1.07215,1.07243,1.00,1.00
2015.10.19 10:30:37.249,1.07215,1.07244,1.12,1.12
2015.10.19 10:30:37.351,1.07217,1.07247,1.37,1.12
2015.10.19 10:30:39.268,1.07219,1.07248,1.50,1.00
2015.10.19 10:30:39.932,1.07219,1.07245,1.50,1.00
2015.10.19 10:30:39.985,1.07214,1.07245,2.25,1.00
2015.10.19 10:30:40.518,1.07214,1.07244,2.25,1.00
2015.10.19 10:30:43.812,1.07214,1.07244,1.50,1.00
2015.10.19 10:30:46.264,1.07214,1.07245,1.50,1.87
2015.10.19 10:30:49.797,1.07219,1.07248,1.37,1.37
2015.10.19 10:30:49.848,1.07219,1.07249,1.75,1.00
2015.10.19 10:30:50.373,1.07219,1.07246,1.00,1.00
2015.10.19 10:30:50.977,1.07216,1.07246,1.00,1.00
2015.10.19 10:30:51.177,1.07216,1.07247,1.37,1.87
2015.10.19 10:30:51.482,1.07219,1.07247,1.50,1.00
2015.10.19 10:30:51.914,1.07223,1.0725,1.00,1.00
2015.10.19 10:30:52.228,1.07225,1.0725,1.00,1.00
2015.10.19 10:30:52.431,1.07219,1.07246,1.50,1.00
2015.10.19 10:30:52.937,1.07219,1.07246,1.00,1.00
2015.10.19 10:30:53.414,1.0722,1.07249,1.75,1.00
2015.10.19 10:30:53.920,1.07223,1.07249,1.00,1.00
2015.10.19 10:30:54.447,1.07223,1.07248,1.00,1.00
2015.10.19 10:30:55.734,1.07219,1.07246,1.12,1.00
2015.10.19 10:31:02.862,1.07216,1.07245,1.50,1.12
2015.10.19 10:31:02.913,1.07216,1.07245,1.12,1.12
2015.10.19 10:31:03.273,1.07216,1.07242,1.12,1.00
2015.10.19 10:31:14.014,1.07216,1.0724,1.12,1.00
2015.10.19 10:31:23.787,1.07216,1.0724,1.37,1.00
2015.10.19 10:31:25.306,1.07216,1.07241,1.50,1.00
2015.10.19 10:31:28.366,1.07216,1.07244,2.25,1.00
2015.10.19 10:31:28.417,1.07219,1.07244,1.37,1.00
2015.10.19 10:31:28.518,1.07219,1.07247,1.87,1.00
2015.10.19 10:31:28.721,1.07224,1.07247,1.37,1.00
2015.10.19 10:31:30.230,1.0722,1.07247,1.50,1.00
2015.10.19 10:31:30.281,1.07219,1.07247,1.50,1.00
2015.10.19 10:31:33.920,1.07219,1.07248,2.25,1.50
2015.10.19 10:31:33.972,1.07232,1.07251,1.00,1.10
2015.10.19 10:31:34.023,1.0723,1.07251,1.00,1.00
2015.10.19 10:31:34.125,1.0723,1.07244,1.00,1.00
2015.10.19 10:31:34.328,1.07215,1.07244,1.87,1.87
2015.10.19 10:31:34.379,1.07215,1.0724,1.00,1.00
2015.10.19 10:31:34.430,1.07215,1.07238,1.00,1.00
2015.10.19 10:31:34.531,1.07212,1.07238,1.00,1.12
2015.10.19 10:31:36.712,1.07209,1.07234,1.00,1.00
2015.10.19 10:31:36.763,1.07207,1.07236,1.50,1.50
2015.10.19 10:31:36.966,1.07208,1.07236,1.50,1.00
2015.10.19 10:31:37.298,1.07212,1.07236,1.50,1.00
2015.10.19 10:31:39.441,1.07212,1.07239,1.37,1.00
2015.10.19 10:31:39.542,1.07214,1.07241,1.00,1.00
2015.10.19 10:31:39.759,1.07217,1.07241,1.00,1.00
2015.10.19 10:31:39.963,1.07214,1.07239,1.50,1.00
2015.10.19 10:31:40.965,1.07215,1.07239,1.00,1.00
2015.10.19 10:31:41.069,1.07212,1.07239,1.00,1.00
2015.10.19 10:31:41.120,1.07212,1.07235,1.00,1.00
2015.10.19 10:31:41.171,1.07209,1.07235,1.00,1.00
2015.10.19 10:31:42.247,1.07209,1.07238,1.00,1.50
2015.10.19 10:31:42.299,1.07211,1.07238,1.00,1.50
2015.10.19 10:31:42.620,1.07214,1.07238,1.00,1.50
2015.10.19 10:31:42.721,1.07212,1.07239,1.00,1.00
2015.10.19 10:31:42.772,1.07212,1.07241,1.75,1.00
2015.10.19 10:31:43.076,1.07217,1.07241,1.00,1.00
2015.10.19 10:31:43.178,1.07215,1.07241,1.00,1.00
2015.10.19 10:31:44.711,1.07214,1.07241,1.12,1.00
2015.10.19 10:31:45.849,1.07216,1.07241,1.00,1.00
2015.10.19 10:31:47.444,1.07218,1.07241,1.00,1.00
2015.10.19 10:31:49.551,1.07217,1.07241,1.00,1.00
2015.10.19 10:31:50.333,1.07213,1.07241,1.50,1.00
2015.10.19 10:31:52.335,1.07212,1.0724,2.25,1.00
2015.10.19 10:31:52.387,1.07212,1.0724,2.25,1.12
2015.10.19 10:31:52.740,1.07212,1.07238,1.00,1.00
2015.10.19 10:31:56.578,1.0721,1.07238,1.12,1.00
2015.10.19 10:31:57.366,1.0721,1.07237,1.12,1.00
2015.10.19 10:32:02.548,1.07209,1.07238,1.50,1.50
2015.10.19 10:32:03.806,1.07209,1.07238,1.00,2.25
2015.10.19 10:32:03.857,1.07209,1.07235,1.00,1.00
2015.10.19 10:32:05.552,1.07207,1.07234,1.00,1.00
2015.10.19 10:32:05.809,1.07207,1.07229,1.00,1.00
2015.10.19 10:32:05.962,1.07203,1.07229,1.50,1.75
2015.10.19 10:32:06.114,1.072,1.07227,1.50,1.37
2015.10.19 10:32:06.215,1.07196,1.07225,1.37,1.00
2015.10.19 10:32:08.720,1.07196,1.07225,1.50,1.75
2015.10.19 10:32:09.311,1.07196,1.07225,1.87,1.37
2015.10.19 10:32:10.327,1.07196,1.07225,1.87,1.00
2015.10.19 10:32:11.789,1.07196,1.07224,1.87,1.00
2015.10.19 10:32:16.443,1.07196,1.07223,1.87,1.00
2015.10.19 10:32:19.340,1.07194,1.07223,1.50,2.25
2015.10.19 10:32:22.889,1.07194,1.07221,1.00,1.00
2015.10.19 10:32:25.732,1.07195,1.07221,1.00,1.00
2015.10.19 10:32:27.009,1.07195,1.07222,1.00,1.00
2015.10.19 10:32:29.368,1.07196,1.07222,1.00,1.00
2015.10.19 10:32:32.387,1.07196,1.07224,1.50,1.00
2015.10.19 10:32:32.901,1.07196,1.07223,1.50,1.00
2015.10.19 10:32:33.053,1.07199,1.07223,1.00,1.00
2015.10.19 10:32:33.484,1.07199,1.0722,1.00,1.00
2015.10.19 10:32:33.535,1.07194,1.0722,1.37,1.37
2015.10.19 10:32:34.041,1.07194,1.0722,1.00,1.75
2015.10.19 10:32:34.193,1.07194,1.0722,1.00,1.00
2015.10.19 10:32:35.272,1.07194,1.0722,1.00,1.37
2015.10.19 10:32:42.473,1.07195,1.0722,1.00,1.75
2015.10.19 10:32:43.172,1.07194,1.0722,1.00,2.25
2015.10.19 10:32:43.476,1.07194,1.07216,1.00,1.75
2015.10.19 10:32:44.033,1.07192,1.07216,1.50,1.75
2015.10.19 10:32:46.611,1.07193,1.07216,1.00,1.75
2015.10.19 10:32:48.429,1.07193,1.07216,1.00,1.75
2015.10.19 10:32:48.951,1.07193,1.07216,1.00,1.75
2015.10.19 10:32:50.358,1.07191,1.07216,1.50,1.75
2015.10.19 10:32:50.814,1.07187,1.07213,1.00,1.75
2015.10.19 10:32:50.917,1.07184,1.0721,1.00,1.75
2015.10.19 10:32:56.990,1.07187,1.07211,1.00,1.37
2015.10.19 10:32:57.040,1.07187,1.07211,1.00,1.12
2015.10.19 10:32:57.972,1.07193,1.07216,1.00,1.37
2015.10.19 10:32:58.024,1.07195,1.07216,1.00,1.00
2015.10.19 10:32:58.076,1.07193,1.07216,1.00,1.00
2015.10.19 10:32:58.228,1.07193,1.07216,1.00,1.50
2015.10.19 10:33:03.791,1.07192,1.07216,1.00,1.50
2015.10.19 10:33:03.842,1.07192,1.07216,1.00,1.00
2015.10.19 10:33:04.344,1.07192,1.07216,1.00,1.50
2015.10.19 10:33:04.921,1.07191,1.07216,1.00,1.50
2015.10.19 10:33:07.244,1.07191,1.07213,1.00,1.00
2015.10.19 10:33:07.346,1.07187,1.07213,1.50,1.00
2015.10.19 10:33:07.814,1.07179,1.07205,1.87,1.00
2015.10.19 10:33:07.865,1.07179,1.07205,1.50,1.75
2015.10.19 10:33:11.190,1.07176,1.07203,1.50,1.12
2015.10.19 10:33:12.147,1.07178,1.07203,1.00,1.12
2015.10.19 10:33:16.816,1.07176,1.07203,1.50,1.12
2015.10.19 10:33:17.015,1.07179,1.07203,1.00,1.12
2015.10.19 10:33:18.968,1.07177,1.07203,1.00,1.12
2015.10.19 10:33:21.486,1.07176,1.07203,1.50,1.12
2015.10.19 10:33:22.916,1.07175,1.07203,1.00,1.12
2015.10.19 10:33:24.182,1.07175,1.07203,1.00,1.50
2015.10.19 10:33:24.234,1.07175,1.07203,1.00,1.75
2015.10.19 10:33:25.011,1.07176,1.07203,1.00,1.75
2015.10.19 10:33:27.383,1.07176,1.07203,1.50,1.00
2015.10.19 10:33:28.675,1.07179,1.07203,1.00,1.00
2015.10.19 10:33:30.006,1.07176,1.07201,1.50,1.00
2015.10.19 10:33:30.057,1.07176,1.07199,1.00,1.00
2015.10.19 10:33:30.108,1.07171,1.07197,1.00,1.12
2015.10.19 10:33:30.210,1.07171,1.07197,1.00,2.25
2015.10.19 10:33:30.672,1.07171,1.07197,1.50,1.50
2015.10.19 10:33:30.976,1.07171,1.07197,1.00,2.25
2015.10.19 10:33:32.943,1.07172,1.07196,1.00,1.75
2015.10.19 10:33:37.008,1.0717,1.07196,1.50,1.75
2015.10.19 10:33:39.172,1.07171,1.07196,1.00,1.75
2015.10.19 10:33:40.821,1.0718,1.07205,1.00,1.50
2015.10.19 10:33:40.872,1.07178,1.07205,1.50,1.50
2015.10.19 10:33:41.074,1.07174,1.07202,1.50,1.00
2015.10.19 10:33:41.125,1.07173,1.07192,1.12,1.00
2015.10.19 10:33:41.227,1.07171,1.07192,1.00,1.50
2015.10.19 10:33:41.278,1.07165,1.07192,1.00,2.25
2015.10.19 10:33:41.328,1.07167,1.07192,1.00,1.75
2015.10.19 10:33:41.531,1.07168,1.07193,1.00,1.50
2015.10.19 10:33:41.632,1.07173,1.07194,1.00,1.00
2015.10.19 10:33:43.738,1.07174,1.07194,1.00,1.00
2015.10.19 10:33:44.042,1.07177,1.07194,1.00,1.00
2015.10.19 10:33:44.244,1.07177,1.07198,1.00,1.00
2015.10.19 10:33:44.295,1.07175,1.07198,1.00,1.00
2015.10.19 10:33:45.404,1.07175,1.07198,1.00,1.50
2015.10.19 10:33:45.946,1.07175,1.07196,1.00,1.00
2015.10.19 10:33:49.567,1.07176,1.07196,1.00,1.00
2015.10.19 10:33:49.669,1.0717,1.07193,1.00,1.00
2015.10.19 10:33:49.973,1.07171,1.07195,1.00,1.00
2015.10.19 10:33:50.024,1.07174,1.07195,1.00,1.00
2015.10.19 10:33:50.513,1.07183,1.07199,1.00,1.87
2015.10.19 10:33:50.574,1.07182,1.07203,1.00,1.00
2015.10.19 10:33:50.675,1.07179,1.07203,1.00,1.00
2015.10.19 10:33:51.366,1.07179,1.072,1.00,1.00
2015.10.19 10:33:53.206,1.07178,1.072,1.00,1.00
2015.10.19 10:33:58.240,1.07178,1.07201,1.50,1.00
2015.10.19 10:33:58.545,1.07181,1.07204,1.00,1.00
2015.10.19 10:33:58.596,1.07179,1.07204,1.00,1.00
2015.10.19 10:33:58.799,1.07183,1.07204,1.00,1.00
2015.10.19 10:33:59.103,1.07183,1.07204,1.00,1.75
2015.10.19 10:33:59.494,1.07178,1.07204,1.50,1.75
2015.10.19 10:33:59.597,1.07175,1.07199,1.00,1.00
2015.10.19 10:34:00.309,1.07175,1.07201,1.00,1.00
2015.10.19 10:34:03.026,1.07175,1.07199,1.00,1.00
2015.10.19 10:34:03.533,1.07174,1.07199,1.50,1.00
2015.10.19 10:34:03.634,1.07174,1.07203,1.50,1.75
2015.10.19 10:34:03.736,1.07174,1.072,1.87,1.37
2015.10.19 10:34:04.383,1.07177,1.072,1.00,1.00
2015.10.19 10:34:04.434,1.07181,1.07206,1.00,1.12
2015.10.19 10:34:06.151,1.07186,1.07206,1.00,1.00
2015.10.19 10:34:06.204,1.07181,1.07208,1.50,1.75
2015.10.19 10:34:06.457,1.07179,1.07204,1.00,1.12
2015.10.19 10:34:07.658,1.07182,1.07204,1.00,1.00
2015.10.19 10:34:09.780,1.07182,1.07206,1.00,1.00
2015.10.19 10:34:09.831,1.07184,1.07206,1.00,1.00
2015.10.19 10:34:11.538,1.07182,1.07206,1.00,1.00
2015.10.19 10:34:11.589,1.07182,1.07206,1.00,1.50
2015.10.19 10:34:12.060,1.07182,1.07204,1.00,1.75
2015.10.19 10:34:12.212,1.0718,1.07201,1.00,1.00
2015.10.19 10:34:12.313,1.07177,1.07201,1.00,1.00
2015.10.19 10:34:12.416,1.07179,1.07201,1.00,1.00
2015.10.19 10:34:12.720,1.07176,1.07199,1.00,1.50
2015.10.19 10:34:12.771,1.07174,1.07199,1.50,1.50
2015.10.19 10:34:12.873,1.07174,1.07194,1.50,1.00
2015.10.19 10:34:13.335,1.07169,1.07192,1.00,1.00
2015.10.19 10:34:14.871,1.07169,1.07194,1.00,1.50
2015.10.19 10:34:15.635,1.07173,1.07194,1.00,1.12
2015.10.19 10:34:18.317,1.07173,1.07197,1.00,1.00
2015.10.19 10:34:19.699,1.07174,1.07197,1.00,1.00
2015.10.19 10:34:23.512,1.07174,1.07198,1.00,1.87
2015.10.19 10:34:23.563,1.07174,1.07196,1.00,1.00
2015.10.19 10:34:24.077,1.07172,1.07196,1.00,1.00
2015.10.19 10:34:28.773,1.07172,1.07197,1.00,1.00
2015.10.19 10:34:29.904,1.07175,1.07197,1.00,1.00
2015.10.19 10:34:32.347,1.07172,1.07197,1.00,1.00
2015.10.19 10:34:33.759,1.07172,1.07199,1.00,1.00
2015.10.19 10:34:33.811,1.07172,1.07197,1.00,1.00
2015.10.19 10:34:33.862,1.07172,1.07199,1.00,1.00
2015.10.19 10:34:34.882,1.07179,1.07202,1.00,1.00
2015.10.19 10:34:36.625,1.0718,1.07202,1.00,1.00
2015.10.19 10:34:36.726,1.07178,1.07202,1.00,1.00
2015.10.19 10:34:37.389,1.07178,1.07205,1.00,1.00
2015.10.19 10:34:37.876,1.0718,1.07205,1.00,1.00
2015.10.19 10:34:38.183,1.07178,1.07203,1.00,1.00
2015.10.19 10:34:40.182,1.0718,1.07203,1.00,1.00
2015.10.19 10:34:43.266,1.0718,1.07204,1.00,1.00
2015.10.19 10:34:43.368,1.07177,1.07204,1.00,1.00
2015.10.19 10:34:43.902,1.07177,1.07203,1.00,1.00
2015.10.19 10:34:43.954,1.07177,1.07201,1.00,1.00
2015.10.19 10:34:48.655,1.07177,1.07201,1.00,1.37
2015.10.19 10:34:48.858,1.07174,1.07201,1.00,1.37
2015.10.19 10:34:49.403,1.07176,1.07201,1.00,1.00
2015.10.19 10:34:49.504,1.07177,1.07204,1.12,1.00
2015.10.19 10:34:49.606,1.07179,1.07204,1.00,1.00
2015.10.19 10:34:51.596,1.07177,1.07204,1.12,1.00
2015.10.19 10:34:52.361,1.07176,1.07199,1.50,1.00
2015.10.19 10:34:52.462,1.07172,1.07199,2.25,1.00
2015.10.19 10:34:54.710,1.07171,1.07199,1.00,1.37
2015.10.19 10:34:55.173,1.07172,1.07199,1.50,1.00
2015.10.19 10:34:55.476,1.07178,1.07204,1.00,1.00
2015.10.19 10:34:56.145,1.07176,1.07204,1.50,1.00
2015.10.19 10:34:56.458,1.07176,1.07201,1.50,1.00
2015.10.19 10:34:56.862,1.07179,1.07201,1.00,1.00
2015.10.19 10:34:58.210,1.07176,1.07201,1.00,1.00
2015.10.19 10:34:58.261,1.07174,1.07201,1.12,1.00
2015.10.19 10:35:01.868,1.07173,1.07199,1.00,1.00
2015.10.19 10:35:02.173,1.07173,1.07196,1.00,1.00
2015.10.19 10:35:02.714,1.0717,1.07196,1.50,1.00
2015.10.19 10:35:03.280,1.07171,1.07196,1.37,1.00
2015.10.19 10:35:03.845,1.07171,1.07196,1.00,1.00
2015.10.19 10:35:07.013,1.0717,1.07194,1.00,1.00
2015.10.19 10:35:07.518,1.07171,1.07194,1.00,1.00
2015.10.19 10:35:08.625,1.0717,1.07194,1.00,1.00
2015.10.19 10:35:10.640,1.0717,1.07194,1.37,1.00
2015.10.19 10:35:10.692,1.07177,1.07202,1.12,1.00
2015.10.19 10:35:11.141,1.07181,1.07205,1.00,1.00
2015.10.19 10:35:11.700,1.07181,1.07205,1.50,1.00
2015.10.19 10:35:12.188,1.07181,1.07207,2.25,1.00
2015.10.19 10:35:12.239,1.07182,1.0721,1.12,1.50
2015.10.19 10:35:12.290,1.07182,1.0721,1.75,1.50
2015.10.19 10:35:12.594,1.07187,1.0721,1.00,1.00
2015.10.19 10:35:13.454,1.07189,1.07207,1.00,1.00
2015.10.19 10:35:13.606,1.07184,1.07204,1.00,1.00
2015.10.19 10:35:13.759,1.07181,1.07204,1.50,1.00
2015.10.19 10:35:24.022,1.07181,1.07203,1.00,1.00
2015.10.19 10:35:27.055,1.07181,1.07208,1.00,1.75
2015.10.19 10:35:27.106,1.07185,1.0721,1.00,2.62
2015.10.19 10:35:27.157,1.07185,1.0721,1.00,1.87
2015.10.19 10:35:27.259,1.07188,1.07216,1.00,1.75
2015.10.19 10:35:27.680,1.07194,1.07217,1.00,1.75
2015.10.19 10:35:27.731,1.07194,1.07219,1.00,1.50
2015.10.19 10:35:28.532,1.07194,1.07219,1.00,1.75
2015.10.19 10:35:28.685,1.07189,1.07216,1.00,1.12
2015.10.19 10:35:29.211,1.07188,1.07216,1.50,1.12
2015.10.19 10:35:30.089,1.07188,1.07211,1.50,1.00
2015.10.19 10:35:30.598,1.0719,1.07214,1.00,1.00
2015.10.19 10:35:31.104,1.07189,1.07214,1.00,1.00
2015.10.19 10:35:31.985,1.07191,1.07214,1.00,1.00
2015.10.19 10:35:32.454,1.07191,1.0721,1.00,1.00
2015.10.19 10:35:32.504,1.07185,1.0721,1.00,1.00
2015.10.19 10:35:32.555,1.07185,1.07212,1.00,1.00
2015.10.19 10:35:32.859,1.07185,1.07215,1.00,1.50
2015.10.19 10:35:32.960,1.0719,1.07215,1.00,1.50
2015.10.19 10:35:35.813,1.07192,1.07217,1.00,1.50
2015.10.19 10:35:38.233,1.07195,1.07217,1.00,1.00
2015.10.19 10:35:43.181,1.07194,1.07217,1.00,1.12
2015.10.19 10:35:44.168,1.07197,1.07217,1.00,1.00
2015.10.19 10:35:45.296,1.07197,1.07218,1.00,1.00
2015.10.19 10:35:46.275,1.07198,1.07218,1.00,1.00
2015.10.19 10:35:48.224,1.07196,1.07218,1.00,1.00
2015.10.19 10:35:50.693,1.07194,1.07218,1.00,1.00
2015.10.19 10:35:50.795,1.0719,1.07218,1.12,1.00
2015.10.19 10:35:51.375,1.07192,1.07218,1.00,1.00
2015.10.19 10:35:51.688,1.07192,1.07215,1.00,1.00
2015.10.19 10:35:52.445,1.07192,1.07212,1.00,1.00
2015.10.19 10:35:52.547,1.07191,1.07216,1.00,1.00
2015.10.19 10:35:53.002,1.07188,1.07214,1.00,1.00
2015.10.19 10:35:53.205,1.07188,1.07214,1.75,1.00
2015.10.19 10:35:53.458,1.07188,1.07217,1.75,1.00
2015.10.19 10:35:53.560,1.07193,1.07218,1.00,1.00
2015.10.19 10:35:53.611,1.07193,1.0722,1.00,1.00
2015.10.19 10:35:54.067,1.07196,1.0722,1.00,1.00
2015.10.19 10:35:54.118,1.07196,1.07223,1.00,1.50
2015.10.19 10:35:54.551,1.07196,1.07223,1.75,1.50
2015.10.19 10:35:59.523,1.07198,1.07225,1.75,1.50
2015.10.19 10:36:00.371,1.07198,1.07224,1.75,1.00
2015.10.19 10:36:00.677,1.07198,1.07224,1.00,1.00
2015.10.19 10:36:02.872,1.07197,1.07224,1.00,1.00
2015.10.19 10:36:04.650,1.07197,1.07225,1.00,2.25
2015.10.19 10:36:05.411,1.07196,1.07225,1.00,2.25
2015.10.19 10:36:10.206,1.07196,1.07225,1.50,1.50
2015.10.19 10:36:10.941,1.07198,1.07225,1.37,1.12
2015.10.19 10:36:12.632,1.07206,1.07232,1.12,1.50
2015.10.19 10:36:16.700,1.0721,1.07232,1.00,1.00
2015.10.19 10:36:16.751,1.0721,1.07234,1.00,1.00
2015.10.19 10:36:16.852,1.07208,1.07234,1.00,1.00
2015.10.19 10:36:20.114,1.0721,1.07234,1.00,1.00
2015.10.19 10:36:22.360,1.07209,1.07234,1.00,1.00
2015.10.19 10:36:26.540,1.07207,1.07231,1.00,1.00
2015.10.19 10:36:27.495,1.07196,1.07224,1.00,1.00
2015.10.19 10:36:28.030,1.07197,1.07223,1.00,1.00
2015.10.19 10:36:33.307,1.07197,1.07224,1.00,1.00
2015.10.19 10:36:39.388,1.07197,1.07226,1.00,1.12
2015.10.19 10:36:39.439,1.07197,1.07226,1.50,1.00
2015.10.19 10:36:39.744,1.07205,1.07229,1.00,1.00
2015.10.19 10:36:40.913,1.0719,1.07217,1.37,1.12
2015.10.19 10:36:40.965,1.0719,1.07217,1.00,1.75
2015.10.19 10:36:41.168,1.07185,1.07216,1.00,1.75
2015.10.19 10:36:46.841,1.07185,1.0721,1.00,1.00
2015.10.19 10:36:46.993,1.0718,1.07206,1.00,1.00
2015.10.19 10:36:53.387,1.0718,1.07205,1.00,1.00
2015.10.19 10:36:57.685,1.07182,1.07208,1.00,1.00
2015.10.19 10:36:58.149,1.07182,1.07212,1.37,1.37
2015.10.19 10:36:58.202,1.07185,1.07212,1.50,1.00
2015.10.19 10:36:58.712,1.07185,1.07212,1.00,1.50
2015.10.19 10:37:00.859,1.07182,1.07211,1.00,1.12
2015.10.19 10:37:01.753,1.07182,1.07209,1.00,1.00
2015.10.19 10:37:06.750,1.07182,1.07208,1.00,1.00
2015.10.19 10:37:08.268,1.07177,1.07202,1.75,1.00
2015.10.19 10:37:08.319,1.0718,1.07205,1.00,1.00
2015.10.19 10:37:08.370,1.0718,1.07208,1.00,1.00
2015.10.19 10:37:08.421,1.0718,1.0721,1.00,1.00
2015.10.19 10:37:08.523,1.07184,1.0721,1.00,1.00
2015.10.19 10:37:08.675,1.0718,1.07208,1.00,1.00
2015.10.19 10:37:09.916,1.07178,1.07207,1.00,1.00
2015.10.19 10:37:14.530,1.07178,1.07206,1.00,1.00
2015.10.19 10:37:21.871,1.07166,1.07195,1.50,1.50
2015.10.19 10:37:22.175,1.07166,1.07192,1.50,1.00
2015.10.19 10:37:22.226,1.07166,1.07192,1.00,1.00
2015.10.19 10:37:28.123,1.07161,1.0719,1.75,1.00
2015.10.19 10:37:28.629,1.07161,1.07187,1.75,1.00
2015.10.19 10:37:28.731,1.07156,1.07187,2.25,1.00
2015.10.19 10:37:29.236,1.07156,1.07186,2.25,1.00
2015.10.19 10:37:29.440,1.07161,1.07188,1.00,1.00
2015.10.19 10:37:36.617,1.07165,1.07191,1.00,1.50
2015.10.19 10:37:37.054,1.07169,1.07193,1.00,1.00
2015.10.19 10:37:37.105,1.07166,1.07193,1.00,1.00
2015.10.19 10:37:37.156,1.07164,1.07191,1.00,1.00
2015.10.19 10:37:37.460,1.0716,1.07189,1.12,1.00
2015.10.19 10:37:37.664,1.07161,1.07188,1.75,1.00
2015.10.19 10:37:38.184,1.07165,1.07194,1.75,1.00
2015.10.19 10:37:40.132,1.07165,1.07196,1.75,1.50
2015.10.19 10:37:42.006,1.07165,1.07194,1.75,1.00
2015.10.19 10:37:44.596,1.07165,1.07194,1.00,1.00
2015.10.19 10:37:45.626,1.07167,1.07194,1.00,1.00
2015.10.19 10:37:46.981,1.07167,1.07196,1.00,1.50
2015.10.19 10:37:50.947,1.07166,1.07196,1.50,1.50
2015.10.19 10:37:50.999,1.0717,1.07196,1.00,1.00
2015.10.19 10:37:52.744,1.0717,1.07198,1.00,1.50
2015.10.19 10:38:03.889,1.0717,1.07196,1.12,1.00
2015.10.19 10:38:04.399,1.0717,1.07192,1.00,1.75
2015.10.19 10:38:04.450,1.07163,1.07192,1.00,1.75
2015.10.19 10:38:05.995,1.07163,1.07189,1.00,1.00
2015.10.19 10:38:11.152,1.07163,1.07188,1.00,1.00
2015.10.19 10:38:11.914,1.07163,1.07187,1.00,1.00
2015.10.19 10:38:12.407,1.07163,1.07185,1.00,1.00
2015.10.19 10:38:19.971,1.07163,1.07189,1.00,1.00
2015.10.19 10:38:22.046,1.07164,1.07189,1.00,1.00
2015.10.19 10:38:22.199,1.07164,1.07191,1.00,1.00
2015.10.19 10:38:22.952,1.07167,1.07191,1.00,1.00
2015.10.19 10:38:27.523,1.07167,1.07192,1.00,1.00
2015.10.19 10:38:28.363,1.07167,1.07192,1.50,1.00
2015.10.19 10:38:29.862,1.07167,1.07195,1.50,1.00
2015.10.19 10:38:29.913,1.0717,1.07195,1.00,1.00
2015.10.19 10:38:30.368,1.0717,1.07197,1.75,1.00
2015.10.19 10:38:30.469,1.0717,1.07197,1.00,1.00
2015.10.19 10:38:30.520,1.0717,1.07194,1.00,1.00
2015.10.19 10:38:31.217,1.0717,1.07197,1.00,1.00
2015.10.19 10:38:33.449,1.0717,1.07194,1.00,1.00
2015.10.19 10:38:33.995,1.07167,1.07192,1.00,1.00
2015.10.19 10:38:34.051,1.07167,1.07192,1.00,1.75
2015.10.19 10:38:34.253,1.07167,1.07192,1.00,1.00
2015.10.19 10:38:38.819,1.07167,1.07193,1.00,1.00
2015.10.19 10:38:52.793,1.07163,1.07192,1.50,1.00
2015.10.19 10:38:54.294,1.07163,1.07192,3.00,1.00
2015.10.19 10:38:54.598,1.0717,1.07193,1.00,1.00
2015.10.19 10:38:57.196,1.0717,1.07192,1.00,1.00
2015.10.19 10:38:57.759,1.07169,1.07192,1.00,1.00
2015.10.19 10:38:58.270,1.07165,1.07192,1.75,1.00
2015.10.19 10:38:59.784,1.07165,1.07193,1.75,1.00
2015.10.19 10:39:10.864,1.07166,1.07195,1.50,1.00
2015.10.19 10:39:10.915,1.0717,1.07195,1.00,1.00
2015.10.19 10:39:20.392,1.07172,1.07195,1.00,1.00
2015.10.19 10:39:21.204,1.07172,1.07192,1.00,1.00
2015.10.19 10:39:21.310,1.07169,1.07192,1.00,1.00
2015.10.19 10:39:21.361,1.07168,1.0719,1.00,1.00
2015.10.19 10:39:21.412,1.07165,1.0719,1.37,1.00
2015.10.19 10:39:21.463,1.07163,1.0719,1.00,1.00
2015.10.19 10:39:21.565,1.07163,1.07187,1.00,1.00
2015.10.19 10:39:28.275,1.07163,1.07183,1.00,1.00
2015.10.19 10:39:28.328,1.07158,1.07183,1.12,1.00
2015.10.19 10:39:30.355,1.0716,1.07183,1.00,1.00
2015.10.19 10:39:30.576,1.0716,1.07187,1.00,1.00
2015.10.19 10:39:31.387,1.0716,1.07185,1.00,1.00
2015.10.19 10:39:33.736,1.07161,1.07185,1.37,1.00
2015.10.19 10:39:34.041,1.07161,1.07186,1.75,1.00
2015.10.19 10:39:34.092,1.07161,1.07186,1.50,1.00
2015.10.19 10:39:34.395,1.07165,1.0719,1.00,1.00
2015.10.19 10:39:34.446,1.07169,1.0719,1.00,1.00
2015.10.19 10:39:34.497,1.07169,1.07193,1.00,1.00
2015.10.19 10:39:35.593,1.0717,1.07194,1.75,1.00
2015.10.19 10:39:36.458,1.0717,1.07194,1.00,1.00
2015.10.19 10:39:38.827,1.0717,1.07192,1.00,1.00
2015.10.19 10:39:40.401,1.07169,1.0719,1.12,1.00
2015.10.19 10:39:40.503,1.07166,1.0719,1.00,1.00
2015.10.19 10:39:45.817,1.07166,1.07187,1.00,1.00
2015.10.19 10:39:47.838,1.07161,1.07187,1.00,1.00
2015.10.19 10:39:48.773,1.07161,1.07187,1.75,1.00
2015.10.19 10:39:54.773,1.07165,1.0718,1.12,1.00
2015.10.19 10:39:54.925,1.07157,1.07176,1.00,1.50
2015.10.19 10:39:54.976,1.07154,1.07174,1.50,1.00
2015.10.19 10:39:55.291,1.07154,1.0717,1.00,1.00
2015.10.19 10:39:55.769,1.07149,1.0717,1.00,1.00
2015.10.19 10:39:56.645,1.07149,1.07173,1.00,1.00
2015.10.19 10:39:57.920,1.07149,1.07173,2.25,1.00
2015.10.19 10:40:01.463,1.07153,1.07173,1.00,1.00
2015.10.19 10:40:04.622,1.07153,1.07176,1.00,1.00
2015.10.19 10:40:06.677,1.0715,1.07176,1.00,1.00
2015.10.19 10:40:06.730,1.0715,1.07173,1.50,1.00
2015.10.19 10:40:07.035,1.07151,1.07175,1.00,1.00
2015.10.19 10:40:07.375,1.0715,1.07173,1.00,1.00
2015.10.19 10:40:08.869,1.0715,1.07171,1.00,1.00
2015.10.19 10:40:08.920,1.07147,1.07171,1.00,1.00
2015.10.19 10:40:24.849,1.07147,1.07173,1.00,1.00
2015.10.19 10:40:31.241,1.07147,1.07171,1.00,1.00
2015.10.19 10:40:32.440,1.07147,1.07176,1.00,1.00
2015.10.19 10:40:32.895,1.07148,1.07177,1.00,2.25
2015.10.19 10:40:33.249,1.07148,1.07171,1.00,1.00
2015.10.19 10:40:47.866,1.07148,1.07174,1.00,1.50
2015.10.19 10:40:47.968,1.0715,1.07174,1.00,1.00
2015.10.19 10:40:57.605,1.0715,1.07177,1.00,1.00
2015.10.19 10:40:58.126,1.0715,1.07177,2.25,1.00
2015.10.19 10:40:59.910,1.07151,1.07179,1.12,1.00
2015.10.19 10:40:59.961,1.07154,1.07179,1.00,1.00
2015.10.19 10:41:00.515,1.07154,1.07183,1.50,1.50
2015.10.19 10:41:00.566,1.07157,1.07183,1.00,1.00
2015.10.19 10:41:01.072,1.07156,1.07183,1.00,1.00
2015.10.19 10:41:02.002,1.07156,1.07181,1.00,1.00
2015.10.19 10:41:05.465,1.07159,1.07188,1.00,1.12
2015.10.19 10:41:05.516,1.07161,1.07188,1.00,1.12
2015.10.19 10:41:05.820,1.07166,1.0719,1.00,1.00
2015.10.19 10:41:06.142,1.07166,1.07192,1.00,1.00
2015.10.19 10:41:07.644,1.07166,1.07192,1.50,1.00
2015.10.19 10:41:08.147,1.07168,1.07192,1.00,1.00
2015.10.19 10:41:11.298,1.07168,1.07193,1.00,1.00
2015.10.19 10:41:14.046,1.07168,1.07187,1.00,1.00
2015.10.19 10:41:14.096,1.07165,1.07187,1.00,1.00
2015.10.19 10:41:14.147,1.07163,1.07184,1.00,1.00
2015.10.19 10:41:14.451,1.0716,1.07179,1.00,1.00
2015.10.19 10:41:14.553,1.07156,1.07179,1.00,1.00
2015.10.19 10:41:15.928,1.07156,1.07181,1.00,1.00
2015.10.19 10:41:16.825,1.07156,1.07174,1.12,1.00
2015.10.19 10:41:17.079,1.07147,1.07169,1.00,1.00
2015.10.19 10:41:17.670,1.07147,1.0717,1.00,1.50
2015.10.19 10:41:17.721,1.07147,1.07173,1.00,1.12
2015.10.19 10:41:17.823,1.07152,1.07173,1.00,1.00
2015.10.19 10:41:17.874,1.07152,1.07176,1.00,1.00
2015.10.19 10:41:18.077,1.07152,1.07178,1.00,1.00
2015.10.19 10:41:18.128,1.07154,1.07178,1.00,1.00
2015.10.19 10:41:18.585,1.07154,1.07182,1.50,1.50
2015.10.19 10:41:21.041,1.07154,1.0718,1.12,1.00
2015.10.19 10:41:25.203,1.07154,1.07177,1.00,1.00
2015.10.19 10:41:25.306,1.07149,1.07177,1.00,1.50
2015.10.19 10:41:25.410,1.07149,1.07174,1.50,1.00
2015.10.19 10:41:25.462,1.07149,1.07178,1.75,1.00
2015.10.19 10:41:25.513,1.07149,1.07174,1.75,1.00
2015.10.19 10:41:25.615,1.07149,1.07172,1.00,1.00
2015.10.19 10:41:25.666,1.07149,1.07166,1.00,1.00
2015.10.19 10:41:25.768,1.07141,1.07167,1.37,1.00
2015.10.19 10:41:25.819,1.07141,1.07164,1.00,1.00
2015.10.19 10:41:26.409,1.07141,1.07165,1.12,1.00
2015.10.19 10:41:27.031,1.07141,1.07164,1.00,1.00
2015.10.19 10:41:27.083,1.07138,1.07164,1.00,1.00
2015.10.19 10:41:28.147,1.07136,1.0716,1.50,1.00
2015.10.19 10:41:28.467,1.07138,1.0716,1.75,1.00
2015.10.19 10:41:28.620,1.07138,1.0716,1.00,1.00
2015.10.19 10:41:28.937,1.07138,1.07157,1.00,1.00
2015.10.19 10:41:29.489,1.07136,1.07157,1.50,1.00
2015.10.19 10:41:40.936,1.07136,1.07157,1.00,1.00
2015.10.19 10:41:41.038,1.07131,1.07154,1.00,1.00
2015.10.19 10:41:41.190,1.07128,1.07154,1.50,1.00
2015.10.19 10:41:41.292,1.07128,1.07152,1.00,1.00
2015.10.19 10:41:41.737,1.07131,1.07156,1.00,1.00
2015.10.19 10:41:41.788,1.07131,1.07159,1.00,1.00
2015.10.19 10:41:42.295,1.07132,1.07159,1.50,1.00
2015.10.19 10:41:42.396,1.07132,1.07157,1.50,1.00
2015.10.19 10:41:42.702,1.07128,1.07153,1.50,1.00
2015.10.19 10:41:44.042,1.07128,1.0715,1.00,1.00
2015.10.19 10:41:49.355,1.07128,1.07153,1.00,1.00
2015.10.19 10:41:55.359,1.07128,1.07151,1.00,1.00
2015.10.19 10:41:56.941,1.07128,1.07157,1.00,1.00
2015.10.19 10:41:57.427,1.07132,1.07158,1.00,1.00
2015.10.19 10:41:59.638,1.07132,1.07153,1.00,1.00
2015.10.19 10:41:59.689,1.0713,1.07153,1.50,1.00
2015.10.19 10:41:59.790,1.0713,1.0715,1.00,1.00
2015.10.19 10:41:59.942,1.07122,1.07143,1.00,1.00
2015.10.19 10:42:00.361,1.07122,1.07139,1.00,1.00
2015.10.19 10:42:00.412,1.07119,1.07139,1.00,1.00
2015.10.19 10:42:00.939,1.07119,1.07145,1.00,1.00
2015.10.19 10:42:01.018,1.07122,1.07145,1.00,1.00
2015.10.19 10:42:07.581,1.07122,1.07146,1.00,1.00
2015.10.19 10:42:12.867,1.07122,1.07147,1.50,1.00
2015.10.19 10:42:17.632,1.07122,1.07151,1.00,1.00
2015.10.19 10:42:17.686,1.07125,1.07152,1.00,1.50
2015.10.19 10:42:18.132,1.07125,1.07154,1.00,1.00
2015.10.19 10:42:18.493,1.07128,1.07154,1.00,1.00
2015.10.19 10:42:18.798,1.07131,1.07156,1.00,1.00
2015.10.19 10:42:19.331,1.07127,1.07156,1.00,2.25
2015.10.19 10:42:19.382,1.07127,1.07156,2.25,1.50
2015.10.19 10:42:24.231,1.07127,1.07156,1.00,1.37
2015.10.19 10:42:36.991,1.07127,1.07156,1.37,1.00
2015.10.19 10:42:43.732,1.07129,1.07156,1.00,1.00
2015.10.19 10:42:43.783,1.07132,1.07161,1.37,1.12
2015.10.19 10:42:43.986,1.07132,1.07161,1.87,1.00
2015.10.19 10:42:44.241,1.07134,1.07161,1.00,1.00
2015.10.19 10:42:44.786,1.07133,1.07161,1.12,1.00
2015.10.19 10:42:45.298,1.07135,1.07164,1.00,2.25
2015.10.19 10:42:47.108,1.07135,1.07162,1.00,1.00
2015.10.19 10:42:47.412,1.07131,1.07159,1.00,1.75
2015.10.19 10:42:49.143,1.07131,1.07156,1.00,1.00
2015.10.19 10:42:49.939,1.07131,1.0716,1.12,1.12
2015.10.19 10:42:56.012,1.07131,1.0716,1.37,1.00
2015.10.19 10:43:12.008,1.07131,1.0716,1.87,1.00
2015.10.19 10:43:13.650,1.07133,1.07163,1.00,2.25
2015.10.19 10:43:16.471,1.07133,1.07163,1.00,2.25
2015.10.19 10:43:16.522,1.07133,1.07163,1.00,2.25
2015.10.19 10:43:16.573,1.07131,1.0716,1.00,1.50
2015.10.19 10:43:16.826,1.07127,1.07158,1.50,1.87
2015.10.19 10:43:16.877,1.07127,1.07157,1.37,1.37
2015.10.19 10:43:16.928,1.07127,1.07157,1.00,2.25
2015.10.19 10:43:17.130,1.07124,1.07155,1.00,1.12
2015.10.19 10:43:18.287,1.07124,1.07155,1.00,1.50
2015.10.19 10:43:18.597,1.07124,1.07155,1.00,1.75
2015.10.19 10:43:19.549,1.07124,1.07155,3.75,1.50
2015.10.19 10:43:19.600,1.07127,1.07157,1.12,1.37
2015.10.19 10:43:19.651,1.07127,1.07157,1.50,1.12
2015.10.19 10:43:19.703,1.07127,1.07157,1.37,1.50
2015.10.19 10:43:20.209,1.07127,1.07155,1.00,1.00
2015.10.19 10:43:30.607,1.07127,1.07158,1.37,1.37
2015.10.19 10:43:30.658,1.07127,1.07158,3.00,1.00
2015.10.19 10:43:30.961,1.07131,1.07158,1.00,1.00
2015.10.19 10:43:31.163,1.07133,1.07162,1.00,1.00
2015.10.19 10:43:31.264,1.07133,1.07162,1.75,1.00
2015.10.19 10:43:39.773,1.07133,1.07162,1.00,1.12
2015.10.19 10:43:40.130,1.0713,1.07159,1.12,1.00
2015.10.19 10:43:40.585,1.0713,1.07159,1.00,1.50
2015.10.19 10:43:40.788,1.07133,1.07163,1.00,1.50
2015.10.19 10:43:42.183,1.07132,1.07163,2.25,1.50
2015.10.19 10:43:44.773,1.07124,1.07153,1.50,1.00
2015.10.19 10:43:44.824,1.07124,1.07153,1.12,1.00
2015.10.19 10:44:17.602,1.07124,1.07152,1.00,1.00
2015.10.19 10:44:24.133,1.07124,1.07151,1.00,1.00
2015.10.19 10:44:29.593,1.07124,1.07152,1.00,1.00
2015.10.19 10:44:38.202,1.07124,1.07153,1.00,1.12
2015.10.19 10:44:38.901,1.07125,1.07153,1.00,1.12
2015.10.19 10:44:39.503,1.07124,1.07153,1.00,1.12
2015.10.19 10:44:40.288,1.07126,1.07153,1.12,1.00
2015.10.19 10:44:40.845,1.07126,1.07154,1.87,1.00
2015.10.19 10:44:41.224,1.07126,1.07157,1.87,2.25
2015.10.19 10:44:43.565,1.07129,1.07159,1.12,1.87
2015.10.19 10:44:43.997,1.07129,1.07159,1.50,1.00
2015.10.19 10:44:44.048,1.07129,1.07159,1.12,1.37
2015.10.19 10:44:44.582,1.07128,1.07156,1.00,1.00
2015.10.19 10:44:47.550,1.07128,1.07154,1.00,1.00
2015.10.19 10:44:59.279,1.07124,1.07154,1.00,1.50
2015.10.19 10:45:00.297,1.07124,1.07153,1.00,1.00
2015.10.19 10:45:00.348,1.07124,1.07153,1.00,1.37
2015.10.19 10:45:01.645,1.07124,1.07152,1.00,1.75
2015.10.19 10:45:12.805,1.07121,1.07152,1.00,2.25
2015.10.19 10:45:23.960,1.07125,1.07153,1.00,1.87
2015.10.19 10:45:33.807,1.07125,1.07152,1.00,1.00
2015.10.19 10:45:40.537,1.07125,1.07153,1.00,1.12
2015.10.19 10:45:50.397,1.07125,1.07152,1.00,1.00
2015.10.19 10:45:53.418,1.07125,1.07149,1.00,1.00
2015.10.19 10:45:53.924,1.07122,1.07149,1.00,1.00
2015.10.19 10:45:53.976,1.07122,1.07147,1.00,1.00
2015.10.19 10:45:54.739,1.07122,1.07149,1.00,1.00
2015.10.19 10:45:54.841,1.07124,1.07149,1.00,1.00
2015.10.19 10:45:54.942,1.07128,1.07156,1.00,1.00
2015.10.19 10:45:56.136,1.07128,1.07156,1.50,1.75
2015.10.19 10:45:57.399,1.07129,1.07156,1.00,1.37
2015.10.19 10:45:57.450,1.07129,1.07156,1.00,1.00
2015.10.19 10:45:59.657,1.07128,1.07156,1.50,1.00
2015.10.19 10:45:59.934,1.07128,1.07155,1.00,1.75
2015.10.19 10:46:00.838,1.07128,1.07155,1.50,1.00
2015.10.19 10:46:01.399,1.07128,1.07154,1.50,1.00
2015.10.19 10:46:04.546,1.07128,1.07155,1.00,1.00
2015.10.19 10:46:05.760,1.07128,1.07156,1.50,1.00
2015.10.19 10:46:05.812,1.07131,1.07156,1.00,1.00
2015.10.19 10:46:11.250,1.07131,1.07157,1.00,1.00
2015.10.19 10:46:13.584,1.07131,1.07156,1.00,1.75
2015.10.19 10:46:19.649,1.07131,1.07156,1.00,1.37
2015.10.19 10:46:19.699,1.07131,1.07156,1.00,1.00
2015.10.19 10:46:20.204,1.07131,1.07156,1.00,1.37
2015.10.19 10:46:26.602,1.07135,1.07159,1.00,1.00
2015.10.19 10:46:26.905,1.07135,1.07155,1.00,1.00
2015.10.19 10:46:27.057,1.07129,1.07154,1.00,1.12
2015.10.19 10:46:27.360,1.07129,1.07151,1.00,1.00
2015.10.19 10:46:27.866,1.0712,1.07141,1.37,1.00
2015.10.19 10:46:27.917,1.07118,1.07141,1.00,1.00
2015.10.19 10:46:28.070,1.07118,1.07139,1.00,1.00
2015.10.19 10:46:29.255,1.07118,1.0714,1.00,1.00
2015.10.19 10:46:29.357,1.07118,1.07142,1.00,1.50
2015.10.19 10:46:30.321,1.07118,1.07144,1.00,1.00
2015.10.19 10:46:30.576,1.07121,1.07144,1.00,1.00
2015.10.19 10:46:34.783,1.07121,1.07145,1.00,1.00
2015.10.19 10:46:35.508,1.07121,1.07148,1.00,1.00
2015.10.19 10:46:36.178,1.07121,1.07143,1.00,1.00
2015.10.19 10:46:39.225,1.07121,1.07141,1.00,1.00
2015.10.19 10:46:39.529,1.07117,1.07141,1.00,1.00
2015.10.19 10:46:40.431,1.07117,1.07138,1.00,1.00
2015.10.19 10:46:40.965,1.07115,1.07138,1.50,1.00
2015.10.19 10:46:45.166,1.07115,1.07137,1.00,1.00
2015.10.19 10:46:56.008,1.07115,1.07138,1.00,1.00
2015.10.19 10:46:59.304,1.07115,1.07136,1.00,1.00
2015.10.19 10:47:08.729,1.07115,1.07136,1.50,1.00
2015.10.19 10:47:09.748,1.07115,1.07136,1.00,1.00
2015.10.19 10:47:14.389,1.07118,1.07141,1.00,1.12
2015.10.19 10:47:14.748,1.07118,1.07138,1.00,1.00
2015.10.19 10:47:14.799,1.07115,1.07138,1.00,1.00
2015.10.19 10:47:20.199,1.07115,1.07139,1.00,1.00
2015.10.19 10:47:22.573,1.07115,1.07141,1.00,1.00
2015.10.19 10:47:22.674,1.07119,1.07141,1.00,1.00
2015.10.19 10:47:27.562,1.07119,1.0714,1.12,1.00
2015.10.19 10:47:33.009,1.07119,1.07141,1.00,1.00
2015.10.19 10:47:33.578,1.07119,1.0714,1.00,1.00
2015.10.19 10:47:33.794,1.07116,1.0714,1.00,1.00
2015.10.19 10:47:37.299,1.07116,1.07135,1.00,1.00
2015.10.19 10:47:37.846,1.07112,1.07135,1.00,1.00
2015.10.19 10:47:42.260,1.07112,1.07136,1.00,1.00
2015.10.19 10:47:42.311,1.0711,1.07136,1.00,1.00
2015.10.19 10:47:43.531,1.07115,1.07138,1.00,1.00
2015.10.19 10:47:43.876,1.07117,1.07138,1.00,1.00
2015.10.19 10:47:47.781,1.07117,1.07142,1.12,1.00
2015.10.19 10:47:47.933,1.07117,1.07137,1.50,1.00
2015.10.19 10:47:48.085,1.07114,1.07137,1.50,1.00
2015.10.19 10:47:48.187,1.07114,1.0714,1.37,1.00
2015.10.19 10:47:48.761,1.07114,1.07137,1.00,1.00
2015.10.19 10:47:50.718,1.07114,1.0714,1.00,1.37
2015.10.19 10:47:50.769,1.07114,1.0714,1.00,1.00
2015.10.19 10:47:51.024,1.07117,1.0714,1.00,1.00
2015.10.19 10:47:55.868,1.07117,1.07139,1.00,1.00
2015.10.19 10:48:01.302,1.07117,1.07142,1.00,1.00
2015.10.19 10:48:01.806,1.07117,1.07143,1.00,1.00
2015.10.19 10:48:02.109,1.07119,1.07146,1.00,1.12
2015.10.19 10:48:04.431,1.07119,1.07149,2.25,1.00
2015.10.19 10:48:04.533,1.07123,1.0715,1.00,1.00
2015.10.19 10:48:04.584,1.07123,1.07152,2.25,1.50
2015.10.19 10:48:05.425,1.07123,1.07152,3.00,1.50
2015.10.19 10:48:05.835,1.07123,1.07152,1.00,1.87
2015.10.19 10:48:06.392,1.07123,1.07149,1.00,1.00
2015.10.19 10:48:07.448,1.0712,1.07149,1.00,1.50
2015.10.19 10:48:08.311,1.0712,1.07147,1.00,1.00
2015.10.19 10:48:08.825,1.0712,1.07147,1.00,1.50
2015.10.19 10:48:12.693,1.0712,1.07144,1.00,1.00
2015.10.19 10:48:12.744,1.07117,1.07146,1.00,2.62
2015.10.19 10:48:12.846,1.07117,1.07146,1.12,2.25
2015.10.19 10:48:12.948,1.07117,1.07146,1.12,1.87
2015.10.19 10:48:12.999,1.07119,1.07146,1.00,1.12
2015.10.19 10:48:13.727,1.07119,1.07149,1.50,1.00
2015.10.19 10:48:14.876,1.07119,1.07146,1.12,1.00
2015.10.19 10:48:15.391,1.07117,1.07144,1.00,1.37
2015.10.19 10:48:17.838,1.07113,1.07141,1.00,1.00
2015.10.19 10:48:18.141,1.07113,1.07138,1.00,1.00
2015.10.19 10:48:19.274,1.07102,1.07127,1.00,1.75
2015.10.19 10:48:19.326,1.071,1.07127,1.00,1.75
2015.10.19 10:48:35.117,1.071,1.07125,1.00,1.12
2015.10.19 10:48:35.219,1.071,1.07122,1.00,1.00
2015.10.19 10:48:40.533,1.071,1.07123,1.00,1.00
2015.10.19 10:48:42.013,1.07104,1.07123,1.00,1.00
2015.10.19 10:48:46.642,1.071,1.07123,1.00,1.00
2015.10.19 10:48:57.105,1.07099,1.07119,1.00,1.00
2015.10.19 10:48:58.142,1.07096,1.07102,1.00,1.00
2015.10.19 10:48:58.198,1.07072,1.07096,1.50,1.00
2015.10.19 10:48:58.249,1.07072,1.07098,1.50,1.00
2015.10.19 10:48:58.401,1.07076,1.07098,1.00,1.00
2015.10.19 10:48:58.452,1.07076,1.07101,1.00,1.00
2015.10.19 10:48:58.554,1.07079,1.07104,1.00,1.00
2015.10.19 10:48:59.084,1.07082,1.07107,1.00,1.00
2015.10.19 10:48:59.564,1.07082,1.0711,1.50,1.00
2015.10.19 10:48:59.673,1.07082,1.0711,2.25,1.00
2015.10.19 10:49:00.037,1.07082,1.0711,1.00,1.00
2015.10.19 10:49:01.396,1.07082,1.07107,1.00,1.00
2015.10.19 10:49:01.953,1.07082,1.07105,1.00,1.00
2015.10.19 10:49:02.453,1.0708,1.07105,1.00,1.00
2015.10.19 10:49:10.595,1.0708,1.07106,1.00,1.50
2015.10.19 10:49:11.584,1.0708,1.07109,1.50,1.50
2015.10.19 10:49:12.963,1.0708,1.07109,1.00,2.25
2015.10.19 10:49:13.469,1.0708,1.07105,1.00,1.00
2015.10.19 10:49:16.600,1.0708,1.07106,1.00,1.00
2015.10.19 10:49:19.162,1.07082,1.07106,1.00,1.00
2015.10.19 10:49:19.710,1.0708,1.07106,1.50,1.00
2015.10.19 10:49:23.795,1.0708,1.07108,1.50,1.00
2015.10.19 10:49:24.831,1.0708,1.07106,1.12,1.00
2015.10.19 10:49:25.334,1.0708,1.07107,1.00,1.12
2015.10.19 10:49:27.726,1.07083,1.07111,1.50,1.87
2015.10.19 10:49:28.170,1.07085,1.07114,1.00,2.25
2015.10.19 10:49:28.221,1.07085,1.07113,1.00,1.00
2015.10.19 10:49:28.728,1.07084,1.07113,1.00,1.00
2015.10.19 10:49:31.021,1.07087,1.07113,1.00,1.00
2015.10.19 10:49:31.123,1.07089,1.07118,1.00,3.00
2015.10.19 10:49:31.630,1.07089,1.07118,1.12,1.87
2015.10.19 10:49:37.557,1.07085,1.07114,1.12,1.00
2015.10.19 10:49:37.608,1.07085,1.07111,1.00,1.00
2015.10.19 10:49:37.913,1.07082,1.07108,1.00,1.00
2015.10.19 10:49:37.964,1.07082,1.0711,1.00,1.00
2015.10.19 10:49:38.914,1.07082,1.07111,2.25,1.50
2015.10.19 10:49:39.285,1.07086,1.07113,1.00,1.00
2015.10.19 10:49:40.065,1.07085,1.07113,1.00,1.00
2015.10.19 10:49:42.611,1.07085,1.07114,1.00,1.87
2015.10.19 10:49:43.123,1.07084,1.07111,1.00,1.37
2015.10.19 10:49:43.549,1.07084,1.07102,1.00,1.00
2015.10.19 10:49:43.600,1.07079,1.07102,1.00,1.00
2015.10.19 10:49:43.651,1.07079,1.071,1.00,1.00
2015.10.19 10:49:45.302,1.07079,1.07103,1.00,1.00
2015.10.19 10:49:45.659,1.07079,1.07106,1.50,1.00
2015.10.19 10:49:45.862,1.07082,1.07103,1.00,1.00
2015.10.19 10:49:45.964,1.07084,1.0711,1.00,1.00
2015.10.19 10:49:47.194,1.07082,1.0711,1.00,1.00
2015.10.19 10:49:48.073,1.07079,1.0711,2.25,1.50
2015.10.19 10:49:49.092,1.07079,1.07103,1.00,1.00
2015.10.19 10:49:49.146,1.07075,1.07103,1.50,1.00
2015.10.19 10:49:56.197,1.07076,1.07102,1.37,1.00
2015.10.19 10:49:56.299,1.07075,1.07106,1.75,2.25
2015.10.19 10:49:56.350,1.07076,1.07106,1.00,2.25
2015.10.19 10:50:06.035,1.0708,1.07106,1.00,1.00
2015.10.19 10:50:06.340,1.07083,1.07109,1.00,1.00
2015.10.19 10:50:06.774,1.07086,1.07109,1.00,1.00
2015.10.19 10:50:07.100,1.07083,1.07109,1.50,1.00
2015.10.19 10:50:09.845,1.0708,1.07109,1.50,1.50
2015.10.19 10:50:09.998,1.0708,1.07109,1.12,2.62
2015.10.19 10:50:10.423,1.07077,1.07102,1.00,1.00
2015.10.19 10:50:10.778,1.07079,1.07106,1.00,1.12
2015.10.19 10:50:10.931,1.0708,1.07109,1.37,1.37
2015.10.19 10:50:11.083,1.07082,1.0711,1.50,1.12
2015.10.19 10:50:16.006,1.07082,1.07107,1.00,1.00
2015.10.19 10:50:20.124,1.0708,1.07106,1.12,1.00
2015.10.19 10:50:24.422,1.0708,1.07106,1.00,1.50
2015.10.19 10:50:25.561,1.0708,1.07104,1.00,1.00
2015.10.19 10:50:26.942,1.07069,1.07097,1.00,1.75
2015.10.19 10:50:27.246,1.07067,1.07094,1.00,1.00
2015.10.19 10:50:43.804,1.07067,1.07094,1.00,1.37
2015.10.19 10:50:47.268,1.07068,1.07094,1.00,1.50
2015.10.19 10:50:51.901,1.07067,1.07095,1.00,1.75
2015.10.19 10:50:55.327,1.07067,1.07095,1.37,1.37
2015.10.19 10:50:55.480,1.07074,1.07099,1.00,1.00
2015.10.19 10:50:55.992,1.07073,1.07101,1.00,1.50
2015.10.19 10:50:57.848,1.07074,1.07101,1.00,1.50
2015.10.19 10:51:06.825,1.07076,1.07102,1.00,1.75
2015.10.19 10:51:07.310,1.07087,1.07114,1.37,2.62
2015.10.19 10:51:07.361,1.07087,1.07116,1.75,1.00
2015.10.19 10:51:07.566,1.07087,1.07116,1.37,1.37
2015.10.19 10:51:08.074,1.07087,1.07116,1.12,1.50
2015.10.19 10:51:08.125,1.07087,1.07116,1.12,1.12
2015.10.19 10:51:08.866,1.07087,1.07114,1.12,1.00
2015.10.19 10:51:09.120,1.07083,1.07114,2.25,1.00
2015.10.19 10:51:10.067,1.07087,1.07114,1.37,1.00
2015.10.19 10:51:10.509,1.07104,1.07119,1.00,1.00
2015.10.19 10:51:10.560,1.07089,1.07117,1.00,1.37
2015.10.19 10:51:10.662,1.0709,1.07117,1.00,1.87
2015.10.19 10:51:10.713,1.07087,1.07117,1.50,1.75
2015.10.19 10:51:11.427,1.07089,1.07117,1.00,2.25
2015.10.19 10:51:12.148,1.0709,1.07117,1.00,2.25
2015.10.19 10:51:12.524,1.0709,1.07117,1.00,1.00
2015.10.19 10:51:12.576,1.07094,1.0712,1.00,1.87
2015.10.19 10:51:12.627,1.07094,1.07122,1.00,1.37
2015.10.19 10:51:13.133,1.07091,1.07122,1.12,1.37
2015.10.19 10:51:14.590,1.07091,1.07122,1.00,1.37
2015.10.19 10:51:15.613,1.07093,1.07122,1.00,1.37
2015.10.19 10:51:17.139,1.07095,1.07124,1.00,1.75
2015.10.19 10:51:18.346,1.07095,1.07124,1.00,1.50
2015.10.19 10:51:18.908,1.07095,1.07124,1.00,1.12
2015.10.19 10:51:21.211,1.07095,1.07123,1.00,1.00
2015.10.19 10:51:21.436,1.07095,1.07123,1.00,1.87
2015.10.19 10:51:22.336,1.07094,1.07125,2.25,1.50
2015.10.19 10:51:22.846,1.07096,1.07125,1.00,1.50
2015.10.19 10:51:27.990,1.07095,1.07125,1.12,1.50
2015.10.19 10:51:30.048,1.07095,1.07125,1.00,1.75
2015.10.19 10:51:30.251,1.07098,1.07128,1.00,3.00
2015.10.19 10:51:30.303,1.07099,1.07128,1.37,1.87
2015.10.19 10:51:30.404,1.07101,1.0713,1.87,1.00
2015.10.19 10:51:30.506,1.07101,1.0713,2.62,1.00
2015.10.19 10:51:34.893,1.07101,1.0713,2.25,1.00
2015.10.19 10:51:35.095,1.07106,1.0713,1.12,1.00
2015.10.19 10:51:35.506,1.07111,1.0713,1.12,1.00
2015.10.19 10:51:35.558,1.07111,1.07144,1.87,1.75
2015.10.19 10:51:39.753,1.07112,1.07141,1.00,1.37
2015.10.19 10:51:40.795,1.07111,1.07139,1.00,1.37
2015.10.19 10:51:40.860,1.07109,1.07141,1.12,1.75
2015.10.19 10:51:40.911,1.07109,1.07141,1.37,1.50
2015.10.19 10:51:40.962,1.07109,1.07141,1.75,1.12
2015.10.19 10:51:41.318,1.07111,1.07141,1.50,1.00
2015.10.19 10:51:41.520,1.07111,1.07145,2.25,1.37
2015.10.19 10:51:41.622,1.07111,1.07145,2.25,1.37
2015.10.19 10:51:41.673,1.07111,1.07145,1.87,1.75
2015.10.19 10:51:42.098,1.07111,1.07145,3.00,1.87
2015.10.19 10:51:42.149,1.07111,1.07142,2.25,1.00
2015.10.19 10:51:42.301,1.07111,1.07145,2.25,2.62
2015.10.19 10:51:42.352,1.07111,1.07145,2.25,2.25
2015.10.19 10:51:42.859,1.07113,1.07147,1.75,1.50
2015.10.19 10:51:48.603,1.07117,1.0715,1.00,2.25
2015.10.19 10:51:49.410,1.07118,1.0715,1.00,2.25
2015.10.19 10:51:52.089,1.07114,1.07149,3.00,1.75
2015.10.19 10:51:53.033,1.07124,1.07149,1.00,1.00
2015.10.19 10:51:53.236,1.07128,1.07161,1.50,1.87
2015.10.19 10:51:53.287,1.07128,1.07161,2.25,1.20
2015.10.19 10:51:53.447,1.07129,1.07155,1.00,1.00
2015.10.19 10:51:53.651,1.07128,1.07162,1.00,1.87
2015.10.19 10:51:53.854,1.07128,1.07161,1.75,1.50
2015.10.19 10:51:53.955,1.07126,1.07155,1.37,1.00
2015.10.19 10:51:54.415,1.07123,1.07152,1.00,1.00
2015.10.19 10:51:54.619,1.0712,1.07152,1.00,1.00
2015.10.19 10:51:55.024,1.0712,1.0715,1.00,1.00
2015.10.19 10:51:55.328,1.07114,1.07148,2.25,1.50
2015.10.19 10:51:56.509,1.07114,1.07148,1.50,1.75
2015.10.19 10:51:56.560,1.07114,1.07145,1.50,1.00
2015.10.19 10:51:56.662,1.07114,1.07148,1.50,1.37
2015.10.19 10:51:56.713,1.07117,1.07148,1.00,1.00
2015.10.19 10:51:56.916,1.07117,1.07151,1.50,1.37
2015.10.19 10:51:57.381,1.0712,1.07151,1.00,1.00
2015.10.19 10:51:57.432,1.07114,1.07148,1.00,2.25
2015.10.19 10:52:05.726,1.07111,1.07147,1.75,3.00
2015.10.19 10:52:07.706,1.07114,1.07146,1.00,1.75
2015.10.19 10:52:10.235,1.07112,1.07146,1.50,1.75
2015.10.19 10:52:14.001,1.07112,1.07145,1.50,1.00
2015.10.19 10:52:24.813,1.07111,1.07143,1.75,1.37
2015.10.19 10:52:24.914,1.07108,1.0714,1.75,1.87
2015.10.19 10:52:25.335,1.07107,1.07133,1.75,1.00
2015.10.19 10:52:25.437,1.07111,1.0714,1.00,1.50
2015.10.19 10:52:26.011,1.07105,1.0714,2.25,1.87
2015.10.19 10:52:26.063,1.07105,1.0714,2.25,2.25
2015.10.19 10:52:27.629,1.07106,1.07136,1.00,1.00
2015.10.19 10:52:27.730,1.07108,1.07139,1.00,1.50
2015.10.19 10:52:28.769,1.07109,1.0714,2.25,1.00
2015.10.19 10:52:30.827,1.07113,1.07147,1.37,1.75
2015.10.19 10:52:30.878,1.07115,1.07146,1.00,1.00
2015.10.19 10:52:41.601,1.07117,1.07146,1.00,1.50
2015.10.19 10:52:41.919,1.07119,1.07149,1.37,1.00
2015.10.19 10:52:42.172,1.07108,1.07139,2.25,1.12
2015.10.19 10:52:42.223,1.07108,1.07137,1.50,1.50
2015.10.19 10:52:42.325,1.07106,1.07135,1.00,1.00
2015.10.19 10:52:42.376,1.07106,1.07137,1.00,2.25
2015.10.19 10:52:42.427,1.07108,1.07134,1.00,1.00
2015.10.19 10:52:42.630,1.07106,1.07133,1.00,1.12
2015.10.19 10:52:43.107,1.07106,1.07129,1.00,1.00
2015.10.19 10:52:43.158,1.07101,1.07129,1.50,1.00
2015.10.19 10:52:43.259,1.07101,1.07129,1.00,1.12
2015.10.19 10:52:43.766,1.07099,1.0713,2.25,1.00
2015.10.19 10:52:43.969,1.07099,1.0713,2.25,1.50
2015.10.19 10:52:44.518,1.071,1.0713,1.00,1.50
2015.10.19 10:52:45.026,1.07099,1.0713,1.50,2.25
2015.10.19 10:52:45.632,1.07099,1.07125,1.50,1.00
2015.10.19 10:52:45.683,1.07092,1.07125,1.87,2.25
2015.10.19 10:52:45.734,1.07092,1.07125,1.50,2.25
2015.10.19 10:52:46.165,1.07083,1.07107,1.12,1.00
2015.10.19 10:52:46.685,1.07083,1.0711,1.12,1.00
2015.10.19 10:52:46.839,1.07083,1.0711,2.62,1.00
2015.10.19 10:52:47.504,1.07086,1.07115,1.75,1.00
2015.10.19 10:52:53.475,1.07089,1.07108,1.00,1.00
2015.10.19 10:52:53.526,1.07085,1.0711,1.37,1.00
2015.10.19 10:52:53.577,1.07084,1.0711,1.00,1.10
2015.10.19 10:52:53.679,1.07079,1.07104,1.75,1.00
2015.10.19 10:52:53.780,1.07076,1.07106,1.37,1.12
2015.10.19 10:52:53.882,1.07075,1.07101,1.50,1.00
2015.10.19 10:52:54.084,1.07069,1.07099,3.37,1.00
2015.10.19 10:52:55.096,1.07069,1.07096,1.50,1.00
2015.10.19 10:52:55.431,1.07072,1.07099,1.00,1.00
2015.10.19 10:52:55.635,1.07069,1.07099,1.00,1.00
2015.10.19 10:52:56.534,1.0707,1.07099,1.00,1.00
2015.10.19 10:52:57.059,1.07068,1.07099,1.00,1.00
2015.10.19 10:52:57.597,1.07069,1.07099,1.00,1.00
2015.10.19 10:52:58.507,1.07068,1.07099,1.00,1.00
2015.10.19 10:52:58.638,1.07068,1.07095,1.00,1.00
2015.10.19 10:52:58.959,1.07068,1.07091,1.00,1.00
2015.10.19 10:52:59.422,1.07068,1.07093,1.00,1.00
2015.10.19 10:53:00.016,1.07069,1.07093,1.87,1.00
2015.10.19 10:53:00.070,1.07075,1.07101,1.00,1.00
2015.10.19 10:53:00.222,1.07075,1.07104,1.00,1.00
2015.10.19 10:53:00.728,1.07075,1.07105,1.00,2.25
2015.10.19 10:53:01.123,1.07076,1.07105,1.37,1.50
2015.10.19 10:53:01.631,1.07077,1.07105,1.75,1.50
2015.10.19 10:53:03.246,1.07066,1.071,2.25,1.87
2015.10.19 10:53:03.297,1.07066,1.071,2.25,2.25
2015.10.19 10:53:03.348,1.07066,1.07096,2.25,1.00
2015.10.19 10:53:03.651,1.07062,1.07091,1.75,1.00
2015.10.19 10:53:04.119,1.07068,1.0709,1.00,1.00
2015.10.19 10:53:04.661,1.07077,1.07105,1.12,1.37
2015.10.19 10:53:04.712,1.07077,1.07107,1.50,1.12
2015.10.19 10:53:05.324,1.07079,1.07111,1.00,1.75
2015.10.19 10:53:06.517,1.07073,1.07103,1.00,1.00
2015.10.19 10:53:06.568,1.07072,1.07101,1.37,1.00
2015.10.19 10:53:06.619,1.07068,1.07101,2.25,1.37
2015.10.19 10:53:06.880,1.07075,1.07103,1.00,1.75
2015.10.19 10:53:07.032,1.07075,1.07106,1.00,2.25
2015.10.19 10:53:07.083,1.07078,1.07106,1.00,1.75
2015.10.19 10:53:07.662,1.07078,1.07103,1.00,1.00
2015.10.19 10:53:07.828,1.07076,1.07103,1.00,1.00
2015.10.19 10:53:08.305,1.07073,1.07103,1.87,1.00
2015.10.19 10:53:12.938,1.07073,1.07105,1.87,1.50
2015.10.19 10:53:14.369,1.07073,1.07104,2.25,1.12
2015.10.19 10:53:14.420,1.07073,1.07104,2.25,1.00
2015.10.19 10:53:14.724,1.07079,1.07104,1.00,1.00
2015.10.19 10:53:17.302,1.07076,1.07104,1.12,1.00
2015.10.19 10:53:18.046,1.07076,1.07105,1.12,1.00
2015.10.19 10:53:20.602,1.07075,1.07102,1.37,1.00
2015.10.19 10:53:21.006,1.07078,1.07102,1.00,1.00
2015.10.19 10:53:21.612,1.07078,1.07103,1.00,1.12
2015.10.19 10:53:25.211,1.07076,1.07103,1.00,1.12
2015.10.19 10:53:28.888,1.07074,1.07096,1.00,1.00
2015.10.19 10:53:29.191,1.07061,1.07088,1.75,1.50
2015.10.19 10:53:29.242,1.07061,1.07085,1.75,1.00
2015.10.19 10:53:29.293,1.07059,1.07085,1.75,1.00
2015.10.19 10:53:30.368,1.07059,1.07088,1.75,1.00
2015.10.19 10:53:31.294,1.07059,1.07093,2.25,1.87
2015.10.19 10:53:31.395,1.0707,1.07096,1.00,1.00
2015.10.19 10:53:32.385,1.0707,1.07084,1.00,1.07
2015.10.19 10:53:32.436,1.07056,1.07084,1.00,1.82
2015.10.19 10:53:32.701,1.07056,1.07084,1.00,1.57
2015.10.19 10:53:33.203,1.07063,1.07086,1.00,1.00
2015.10.19 10:53:33.305,1.07063,1.0709,1.00,1.75
2015.10.19 10:53:33.406,1.07067,1.07095,1.00,3.00
2015.10.19 10:53:33.827,1.07069,1.07098,1.00,1.75
2015.10.19 10:53:33.931,1.07069,1.07098,1.00,1.00
2015.10.19 10:53:34.196,1.07069,1.07098,1.00,1.50
2015.10.19 10:53:34.717,1.07067,1.07098,1.00,1.50
2015.10.19 10:53:34.819,1.0707,1.07098,1.00,1.50
2015.10.19 10:53:39.210,1.07067,1.07087,1.00,1.00
2015.10.19 10:53:39.262,1.07062,1.07087,1.00,1.00
2015.10.19 10:53:39.313,1.07058,1.07087,1.50,1.00
2015.10.19 10:53:39.414,1.07065,1.07093,1.00,1.75
2015.10.19 10:53:39.516,1.07065,1.07095,1.00,1.75
2015.10.19 10:53:39.617,1.07067,1.07095,1.00,1.12
2015.10.19 10:53:39.718,1.07068,1.07099,1.12,1.12
2015.10.19 10:53:40.022,1.07073,1.07099,1.00,1.12
2015.10.19 10:53:40.544,1.07073,1.07095,1.00,1.00
2015.10.19 10:53:40.654,1.0707,1.07095,1.00,1.00
2015.10.19 10:53:40.705,1.07065,1.07095,1.00,1.00
2015.10.19 10:53:41.233,1.07064,1.07095,1.50,1.00
2015.10.19 10:53:41.336,1.07064,1.07096,1.75,1.00
2015.10.19 10:53:42.436,1.07064,1.07099,1.75,3.00
2015.10.19 10:53:45.250,1.07063,1.07095,1.75,1.00
2015.10.19 10:53:45.352,1.07063,1.07095,1.75,1.50
2015.10.19 10:53:45.403,1.07063,1.07092,1.75,1.00
2015.10.19 10:53:46.039,1.07062,1.07088,1.00,3.00
2015.10.19 10:53:46.090,1.07058,1.07085,1.00,2.25
2015.10.19 10:53:46.344,1.07055,1.07084,1.00,1.50
2015.10.19 10:53:46.446,1.07053,1.07084,1.00,1.50
2015.10.19 10:53:46.654,1.07059,1.07085,1.00,2.25
2015.10.19 10:53:47.502,1.07067,1.07086,1.00,1.75
2015.10.19 10:53:47.554,1.07067,1.07085,1.00,1.00
2015.10.19 10:53:47.963,1.0706,1.07085,1.00,1.00
2015.10.19 10:53:48.167,1.07064,1.07085,1.00,1.00
2015.10.19 10:53:49.077,1.07065,1.07085,1.00,1.00
2015.10.19 10:53:49.467,1.07061,1.07085,1.00,1.00
2015.10.19 10:53:51.378,1.07063,1.07085,1.00,1.00
2015.10.19 10:53:52.075,1.07063,1.07088,1.00,1.12
2015.10.19 10:53:52.652,1.07068,1.07088,1.00,1.12
2015.10.19 10:53:54.401,1.07066,1.07091,1.00,2.25
2015.10.19 10:53:54.856,1.07063,1.07091,1.00,2.25
2015.10.19 10:53:56.538,1.07063,1.07089,1.00,1.75
2015.10.19 10:53:56.591,1.07065,1.07088,1.00,1.12
2015.10.19 10:53:57.294,1.07063,1.07091,1.00,2.25
2015.10.19 10:53:58.207,1.0706,1.07091,1.00,1.75
2015.10.19 10:53:58.412,1.07062,1.07088,1.00,1.12
2015.10.19 10:53:58.748,1.07063,1.07088,1.00,2.25
2015.10.19 10:53:58.900,1.07059,1.07088,1.00,1.75
2015.10.19 10:54:05.687,1.07055,1.07086,1.12,1.50
2015.10.19 10:54:05.788,1.07054,1.07083,1.50,1.00
2015.10.19 10:54:06.379,1.07049,1.07084,1.87,1.75
2015.10.19 10:54:06.430,1.07051,1.07085,1.12,2.25
2015.10.19 10:54:06.532,1.07051,1.07085,1.75,2.25
2015.10.19 10:54:06.990,1.07049,1.07082,1.75,1.00
2015.10.19 10:54:08.555,1.07049,1.07075,1.37,1.00
2015.10.19 10:54:08.606,1.07047,1.07075,1.50,1.00
2015.10.19 10:54:08.657,1.07045,1.07075,1.37,1.37
2015.10.19 10:54:08.709,1.07043,1.07072,1.00,1.75
2015.10.19 10:54:08.811,1.07043,1.07074,1.50,1.00
2015.10.19 10:54:08.862,1.07043,1.07073,1.37,1.37
2015.10.19 10:54:09.166,1.0704,1.07062,1.00,1.00
2015.10.19 10:54:09.318,1.07047,1.07078,1.00,1.50
2015.10.19 10:54:09.369,1.07045,1.07078,1.75,1.12
2015.10.19 10:54:09.420,1.07045,1.0708,2.25,1.12
2015.10.19 10:54:14.085,1.07052,1.07082,1.00,1.75
2015.10.19 10:54:14.409,1.07056,1.07085,1.00,1.75
2015.10.19 10:54:14.460,1.07056,1.07085,1.00,1.75
2015.10.19 10:54:21.955,1.07056,1.07088,1.37,1.50
2015.10.19 10:54:23.465,1.07055,1.07085,1.37,1.37
2015.10.19 10:54:23.518,1.07053,1.07085,1.00,2.25
2015.10.19 10:54:24.044,1.07051,1.07085,3.00,2.25
2015.10.19 10:54:26.108,1.07053,1.07086,1.00,2.25
2015.10.19 10:54:26.159,1.07055,1.07086,1.00,1.75
2015.10.19 10:54:26.464,1.07063,1.0709,1.00,1.50
2015.10.19 10:54:26.900,1.0707,1.07098,1.00,1.00
2015.10.19 10:54:27.522,1.0707,1.07099,1.37,1.50
2015.10.19 10:54:28.699,1.0707,1.07099,1.12,1.50
2015.10.19 10:54:28.752,1.07068,1.07101,1.00,2.25
2015.10.19 10:54:28.955,1.07065,1.07094,1.00,1.00
2015.10.19 10:54:31.728,1.07065,1.07094,1.00,1.50
2015.10.19 10:54:31.880,1.07062,1.07091,1.00,1.50
2015.10.19 10:54:32.082,1.07059,1.07085,1.00,1.00
2015.10.19 10:54:32.615,1.07055,1.0708,1.00,1.00
2015.10.19 10:54:32.667,1.07051,1.0708,1.00,1.50
2015.10.19 10:54:33.334,1.07051,1.0708,1.37,1.12
2015.10.19 10:54:33.386,1.07054,1.07084,1.75,1.00
2015.10.19 10:54:33.487,1.07062,1.07085,1.00,1.00
2015.10.19 10:54:33.690,1.07057,1.07084,1.00,1.50
2015.10.19 10:54:34.853,1.07056,1.07085,1.50,1.75
2015.10.19 10:54:34.955,1.07059,1.07085,1.00,1.75
2015.10.19 10:54:35.006,1.07059,1.07088,1.00,1.00
2015.10.19 10:54:35.361,1.07061,1.0709,1.00,1.50
2015.10.19 10:54:35.666,1.07057,1.07086,1.00,2.25
2015.10.19 10:54:36.255,1.07055,1.07083,1.00,1.75
2015.10.19 10:54:36.356,1.07051,1.0708,1.00,1.12
2015.10.19 10:54:36.509,1.07051,1.07077,1.00,1.00
2015.10.19 10:54:36.661,1.07047,1.07077,1.00,1.50
2015.10.19 10:54:37.016,1.07047,1.07077,1.00,1.75
2015.10.19 10:54:37.219,1.07047,1.07078,1.12,1.50
2015.10.19 10:54:37.717,1.0705,1.07078,1.00,1.50
2015.10.19 10:54:38.809,1.07049,1.07078,1.00,1.50
2015.10.19 10:54:39.012,1.07049,1.07078,1.50,1.00
2015.10.19 10:54:39.513,1.07049,1.07077,1.00,1.00
2015.10.19 10:54:39.766,1.07047,1.07077,1.50,1.00
2015.10.19 10:54:39.868,1.07052,1.07077,1.00,1.50
2015.10.19 10:54:40.375,1.07052,1.07078,1.00,1.12
2015.10.19 10:54:44.306,1.07056,1.07078,1.00,1.12
2015.10.19 10:54:44.792,1.07054,1.07081,1.00,1.37
2015.10.19 10:54:44.843,1.07054,1.07081,1.00,1.00
2015.10.19 10:54:44.894,1.07052,1.07081,1.00,1.50
2015.10.19 10:54:45.096,1.07052,1.07081,1.00,1.87
2015.10.19 10:54:45.198,1.0705,1.07078,1.00,1.12
2015.10.19 10:54:46.369,1.07049,1.07078,1.00,1.12
2015.10.19 10:54:46.521,1.07051,1.07078,1.00,1.12
2015.10.19 10:54:48.801,1.07049,1.07078,1.00,1.12
2015.10.19 10:54:50.816,1.07049,1.07078,1.37,1.00
2015.10.19 10:54:51.769,1.07052,1.07081,1.75,1.00
2015.10.19 10:54:52.073,1.07052,1.07081,1.00,1.00
2015.10.19 10:54:53.557,1.07056,1.07085,1.50,1.00
2015.10.19 10:54:53.861,1.07063,1.07091,1.00,1.12
2015.10.19 10:54:56.258,1.07063,1.07092,1.00,2.25
2015.10.19 10:54:56.311,1.0706,1.0709,1.00,1.75
2015.10.19 10:54:58.808,1.07059,1.0709,1.87,1.75
2015.10.19 10:54:59.347,1.07062,1.07093,1.00,3.00
2015.10.19 10:55:01.757,1.07062,1.07092,1.00,1.00
2015.10.19 10:55:03.553,1.07063,1.07092,1.00,1.00
2015.10.19 10:55:03.655,1.07066,1.07092,1.00,1.00
2015.10.19 10:55:03.909,1.07068,1.07095,1.00,1.12
2015.10.19 10:55:05.308,1.07067,1.07095,1.00,1.87
2015.10.19 10:55:05.359,1.07067,1.07095,1.00,2.62
2015.10.19 10:55:05.873,1.07066,1.07095,1.00,2.25
2015.10.19 10:55:09.419,1.07062,1.07091,1.12,1.12
2015.10.19 10:55:11.062,1.07062,1.07091,1.00,1.37
2015.10.19 10:55:14.838,1.07059,1.07088,1.87,1.37
2015.10.19 10:55:15.375,1.07059,1.07088,1.00,1.75
2015.10.19 10:55:16.177,1.07057,1.07085,1.50,1.00
2015.10.19 10:55:18.015,1.07057,1.07085,1.50,1.00
2015.10.19 10:55:18.268,1.07058,1.07089,1.37,1.12
2015.10.19 10:55:19.045,1.07062,1.0709,1.75,1.00
2015.10.19 10:55:19.096,1.07062,1.07092,1.75,1.00
2015.10.19 10:55:25.040,1.07061,1.07092,2.25,1.00
2015.10.19 10:55:25.569,1.07064,1.07093,1.75,1.00
2015.10.19 10:55:26.008,1.07064,1.07093,1.00,1.00
2015.10.19 10:55:26.536,1.07064,1.07092,1.00,1.00
2015.10.19 10:55:29.658,1.07064,1.07095,1.75,1.87
2015.10.19 10:55:31.058,1.07068,1.07098,1.50,1.12
2015.10.19 10:55:31.423,1.07072,1.07101,1.50,1.00
2015.10.19 10:55:31.575,1.07075,1.07103,1.00,1.12
2015.10.19 10:55:31.727,1.07072,1.07101,1.00,1.50
2015.10.19 10:55:32.363,1.07075,1.07103,1.00,1.12
2015.10.19 10:55:37.376,1.07078,1.07104,1.12,1.00
2015.10.19 10:55:40.375,1.07075,1.07104,1.12,1.87
2015.10.19 10:55:41.753,1.07074,1.07102,1.00,1.50
2015.10.19 10:55:41.956,1.07071,1.07102,2.25,1.50
2015.10.19 10:55:43.771,1.07071,1.07102,1.00,2.25
2015.10.19 10:55:44.954,1.07071,1.07102,1.12,2.25
2015.10.19 10:55:46.555,1.07072,1.07102,1.00,1.50
2015.10.19 10:55:47.067,1.07071,1.07102,1.12,1.00
2015.10.19 10:55:51.705,1.07071,1.07097,1.87,1.00
2015.10.19 10:55:52.009,1.07062,1.07088,1.00,1.00
2015.10.19 10:55:52.313,1.07052,1.0707,1.00,1.00
2015.10.19 10:55:52.414,1.07049,1.07071,1.00,1.00
2015.10.19 10:55:52.904,1.07049,1.07074,1.00,1.00
2015.10.19 10:55:54.511,1.07049,1.07078,1.00,1.87
2015.10.19 10:55:54.868,1.07049,1.07072,1.00,1.00
2015.10.19 10:55:55.073,1.07044,1.07072,1.87,1.00
2015.10.19 10:55:55.378,1.07044,1.0707,1.00,1.00
2015.10.19 10:55:55.905,1.07044,1.0707,2.25,1.00
2015.10.19 10:55:57.420,1.07046,1.07073,1.00,1.00
2015.10.19 10:55:57.983,1.07044,1.07073,2.25,1.00
2015.10.19 10:55:58.437,1.07049,1.07073,1.00,1.00
2015.10.19 10:55:59.182,1.07043,1.07066,1.12,1.12
2015.10.19 10:55:59.436,1.07036,1.07066,1.00,1.50
2015.10.19 10:55:59.640,1.07035,1.07062,1.00,1.00
2015.10.19 10:55:59.996,1.07031,1.07056,1.50,1.00
2015.10.19 10:56:00.597,1.07032,1.0706,1.00,1.00
2015.10.19 10:56:00.650,1.07034,1.0706,1.00,1.00
2015.10.19 10:56:00.954,1.07039,1.0706,1.00,1.00
2015.10.19 10:56:01.615,1.07044,1.07063,1.00,1.12
2015.10.19 10:56:02.203,1.0704,1.07063,1.00,1.12
2015.10.19 10:56:02.517,1.07034,1.07063,1.12,1.12
2015.10.19 10:56:03.223,1.07034,1.0706,1.12,1.00
2015.10.19 10:56:03.275,1.07034,1.07063,1.12,1.12
2015.10.19 10:56:03.326,1.07032,1.07063,1.00,1.50
2015.10.19 10:56:04.299,1.07037,1.07069,1.00,2.25
2015.10.19 10:56:04.351,1.0704,1.07069,1.00,1.00
2015.10.19 10:56:04.402,1.0704,1.07071,1.00,1.00
2015.10.19 10:56:04.504,1.07041,1.07075,1.75,1.50
2015.10.19 10:56:04.808,1.07046,1.07079,1.75,1.12
2015.10.19 10:56:05.628,1.07048,1.0708,1.00,2.25
2015.10.19 10:56:06.136,1.07047,1.0708,1.12,1.75
2015.10.19 10:56:07.128,1.07044,1.07075,1.75,1.00
2015.10.19 10:56:07.653,1.07044,1.0707,1.75,1.00
2015.10.19 10:56:07.755,1.07042,1.0707,1.75,1.50
2015.10.19 10:56:08.414,1.07042,1.0707,1.00,1.00
2015.10.19 10:56:08.465,1.0704,1.07069,1.00,1.00
2015.10.19 10:56:08.980,1.0704,1.0707,1.00,1.00
2015.10.19 10:56:09.033,1.07043,1.0707,1.00,1.00
2015.10.19 10:56:09.758,1.07044,1.07071,1.00,1.00
2015.10.19 10:56:10.231,1.07057,1.07075,1.00,1.37
2015.10.19 10:56:10.282,1.07054,1.07073,1.00,1.75
2015.10.19 10:56:10.665,1.07044,1.07073,1.50,1.75
2015.10.19 10:56:10.717,1.07044,1.07069,1.00,1.00
2015.10.19 10:56:10.973,1.07038,1.07067,1.00,1.00
2015.10.19 10:56:11.126,1.07037,1.07065,1.00,1.12
2015.10.19 10:56:11.430,1.07041,1.07074,1.75,1.50
2015.10.19 10:56:12.067,1.07056,1.07079,1.00,1.00
2015.10.19 10:56:12.119,1.07056,1.07081,1.00,1.12
2015.10.19 10:56:12.170,1.0705,1.07081,1.37,1.12
2015.10.19 10:56:13.704,1.07048,1.07079,1.50,1.00
2015.10.19 10:56:14.025,1.07046,1.07076,1.00,1.00
2015.10.19 10:56:15.719,1.07045,1.07067,1.00,1.00
2015.10.19 10:56:15.770,1.07036,1.07063,1.00,1.00
2015.10.19 10:56:15.894,1.07034,1.07063,1.50,1.00
2015.10.19 10:56:15.945,1.07037,1.07068,1.12,1.12
2015.10.19 10:56:16.148,1.07036,1.07065,1.50,1.37
2015.10.19 10:56:16.452,1.07032,1.07061,1.00,1.12
2015.10.19 10:56:17.405,1.07029,1.07061,2.25,1.12
2015.10.19 10:56:22.969,1.07034,1.07062,1.00,1.50
2015.10.19 10:56:23.121,1.07035,1.07065,1.00,1.87
2015.10.19 10:56:23.564,1.07035,1.07065,1.50,1.00
2015.10.19 10:56:23.768,1.07034,1.07065,1.12,1.12
2015.10.19 10:56:25.022,1.07036,1.07065,1.50,1.12
2015.10.19 10:56:25.327,1.07041,1.07068,1.00,1.37
2015.10.19 10:56:25.833,1.07035,1.07068,1.75,1.00
2015.10.19 10:56:26.991,1.07058,1.07068,1.00,1.00
2015.10.19 10:56:27.042,1.07058,1.07082,1.00,2.25
2015.10.19 10:56:27.194,1.07063,1.07084,1.00,1.00
2015.10.19 10:56:27.399,1.07053,1.07081,1.00,1.00
2015.10.19 10:56:27.450,1.07053,1.07077,1.00,1.00
2015.10.19 10:56:27.886,1.07049,1.07076,1.00,1.00
2015.10.19 10:56:28.462,1.07049,1.07073,1.00,1.00
2015.10.19 10:56:28.513,1.07047,1.07073,1.00,1.00
2015.10.19 10:56:28.570,1.07045,1.07073,1.00,1.50
2015.10.19 10:56:28.693,1.0705,1.07073,1.00,1.50
2015.10.19 10:56:29.095,1.07053,1.07073,1.00,1.50
2015.10.19 10:56:29.197,1.07046,1.0707,1.00,1.00
2015.10.19 10:56:29.401,1.07049,1.0707,1.00,1.00
2015.10.19 10:56:29.882,1.07046,1.0707,1.00,1.00
2015.10.19 10:56:29.934,1.07049,1.0707,1.00,1.00
2015.10.19 10:56:30.442,1.07047,1.0707,1.00,1.00
2015.10.19 10:56:30.493,1.07044,1.0707,1.00,1.00
2015.10.19 10:56:30.702,1.07041,1.0707,1.50,1.00
2015.10.19 10:56:31.683,1.07042,1.07069,1.00,1.50
2015.10.19 10:56:31.784,1.07042,1.07071,1.00,1.50
2015.10.19 10:56:31.886,1.07042,1.07071,1.75,1.00
2015.10.19 10:56:32.198,1.07045,1.07074,1.00,1.00
2015.10.19 10:56:33.253,1.07045,1.07071,1.00,1.50
2015.10.19 10:56:34.072,1.0704,1.07071,1.50,2.25
2015.10.19 10:56:34.910,1.07039,1.07067,1.37,1.37
2015.10.19 10:56:34.961,1.07038,1.07067,1.00,1.75
2015.10.19 10:56:35.114,1.07038,1.07067,1.12,1.12
2015.10.19 10:56:36.051,1.07038,1.07067,1.50,1.12
2015.10.19 10:56:36.467,1.07041,1.07067,1.87,1.00
2015.10.19 10:56:36.519,1.07041,1.07069,1.87,1.00
2015.10.19 10:56:37.034,1.07042,1.07071,1.00,1.37
2015.10.19 10:56:41.032,1.07041,1.07071,1.12,1.37
2015.10.19 10:56:41.607,1.0704,1.07068,1.37,1.00
2015.10.19 10:56:42.113,1.0704,1.07066,1.50,1.00
2015.10.19 10:56:42.215,1.07038,1.07066,1.00,1.00
2015.10.19 10:56:42.469,1.07038,1.07066,1.37,1.00
2015.10.19 10:56:42.622,1.07034,1.07065,1.75,1.00
2015.10.19 10:56:42.724,1.07034,1.07065,1.12,1.50
2015.10.19 10:56:42.979,1.07034,1.07061,1.12,1.00
2015.10.19 10:56:43.486,1.07033,1.07061,1.00,1.37
2015.10.19 10:56:44.026,1.07035,1.07061,1.00,1.37
2015.10.19 10:56:44.532,1.07039,1.07061,1.00,1.37
2015.10.19 10:56:45.433,1.07039,1.07064,1.00,1.00
2015.10.19 10:56:45.872,1.07041,1.07064,1.00,1.00
2015.10.19 10:56:46.389,1.07041,1.07065,1.00,1.12
2015.10.19 10:56:46.966,1.07036,1.07065,1.12,1.50
2015.10.19 10:56:47.017,1.07034,1.07063,1.00,1.50
2015.10.19 10:56:47.220,1.07034,1.07061,1.00,1.50
2015.10.19 10:56:47.625,1.07032,1.07058,1.00,1.87
2015.10.19 10:56:47.726,1.07033,1.07058,1.00,3.75
2015.10.19 10:56:48.038,1.07033,1.07054,1.00,1.00
2015.10.19 10:56:48.538,1.07026,1.07054,1.00,1.00
2015.10.19 10:56:48.589,1.07026,1.07054,1.00,1.37
2015.10.19 10:56:48.641,1.07019,1.07046,1.50,1.00
2015.10.19 10:56:48.895,1.07017,1.07046,1.00,2.25
2015.10.19 10:56:48.946,1.07019,1.07046,1.00,2.25
2015.10.19 10:56:49.149,1.07023,1.07051,1.50,1.37
2015.10.19 10:56:49.452,1.07018,1.07046,1.12,1.00
2015.10.19 10:56:49.604,1.07018,1.07046,1.00,1.12
2015.10.19 10:56:50.500,1.07022,1.07046,1.37,1.00
2015.10.19 10:56:50.553,1.07022,1.07055,3.75,1.12
2015.10.19 10:56:52.093,1.07025,1.07058,3.00,1.37
2015.10.19 10:56:52.145,1.0703,1.07058,1.00,1.00
2015.10.19 10:56:52.196,1.07037,1.07058,1.00,1.00
2015.10.19 10:56:52.247,1.07037,1.07061,1.00,1.00
2015.10.19 10:56:54.401,1.07037,1.07059,1.00,1.00
2015.10.19 10:56:54.952,1.07036,1.07059,1.00,1.00
2015.10.19 10:56:56.320,1.07035,1.07059,1.00,1.00
2015.10.19 10:56:56.654,1.07037,1.07059,1.00,1.00
2015.10.19 10:56:57.735,1.07037,1.07058,1.00,1.00
2015.10.19 10:57:01.368,1.0703,1.07058,1.50,1.00
2015.10.19 10:57:01.470,1.07027,1.07058,1.37,1.12
2015.10.19 10:57:01.573,1.0703,1.07058,1.00,1.12
2015.10.19 10:57:01.878,1.07037,1.07058,1.00,1.00
2015.10.19 10:57:03.081,1.07037,1.07059,1.00,1.50
2015.10.19 10:57:07.284,1.07037,1.07061,1.50,1.00
2015.10.19 10:57:08.068,1.07037,1.07061,1.00,1.00
2015.10.19 10:57:13.345,1.07037,1.0706,1.00,1.00
2015.10.19 10:57:13.897,1.07029,1.0706,2.25,1.00
2015.10.19 10:57:13.998,1.07029,1.07057,1.75,1.00
2015.10.19 10:57:14.302,1.07036,1.07056,1.00,1.00
2015.10.19 10:57:17.739,1.07039,1.07056,1.00,1.00
2015.10.19 10:57:18.201,1.07037,1.07056,1.00,1.00
2015.10.19 10:57:18.824,1.07039,1.07056,1.00,1.00
2015.10.19 10:57:19.239,1.07036,1.07056,1.12,1.00
2015.10.19 10:57:19.771,1.07037,1.07056,1.00,1.00
2015.10.19 10:57:24.441,1.07031,1.07056,1.50,1.00
2015.10.19 10:57:24.593,1.07029,1.07056,1.75,1.00
2015.10.19 10:57:24.897,1.07039,1.07056,1.00,1.00
2015.10.19 10:57:25.351,1.07036,1.07056,1.00,1.00
2015.10.19 10:57:26.448,1.07031,1.07056,1.75,1.00
2015.10.19 10:57:27.403,1.07037,1.07056,1.00,1.00
2015.10.19 10:57:29.148,1.0704,1.07056,1.50,1.00
2015.10.19 10:57:29.199,1.0704,1.0706,1.50,1.00
2015.10.19 10:57:29.250,1.07038,1.07058,1.00,1.00
2015.10.19 10:57:30.061,1.07038,1.07057,1.00,1.00
2015.10.19 10:57:30.636,1.0703,1.07057,1.75,1.50
2015.10.19 10:57:31.519,1.0703,1.07056,1.75,1.00
2015.10.19 10:57:37.708,1.07031,1.07055,1.50,1.00
2015.10.19 10:57:43.137,1.07032,1.07057,1.37,1.00
2015.10.19 10:57:43.780,1.07032,1.07057,1.75,1.00
2015.10.19 10:57:47.365,1.07033,1.07057,1.87,1.00
2015.10.19 10:57:47.416,1.07033,1.07057,1.00,1.00
2015.10.19 10:57:47.963,1.07032,1.07057,1.50,1.00
2015.10.19 10:57:49.591,1.07034,1.07057,1.50,1.00
2015.10.19 10:57:49.895,1.07041,1.07057,1.00,1.00
2015.10.19 10:57:50.097,1.07036,1.07057,1.00,1.00
2015.10.19 10:57:51.738,1.07037,1.07057,1.00,1.00
2015.10.19 10:57:58.692,1.07039,1.07057,1.00,1.00
2015.10.19 10:57:58.995,1.07046,1.07061,1.50,1.00
2015.10.19 10:57:59.875,1.07046,1.07061,1.12,1.00
2015.10.19 10:58:00.340,1.0705,1.0707,1.00,1.00
2015.10.19 10:58:05.336,1.07051,1.0707,1.00,1.00
2015.10.19 10:58:05.387,1.07053,1.0707,1.00,1.00
2015.10.19 10:58:05.439,1.07053,1.07074,1.00,1.00
2015.10.19 10:58:13.478,1.07055,1.07076,1.00,1.00
2015.10.19 10:58:16.883,1.07053,1.07076,1.00,1.00
2015.10.19 10:58:21.339,1.07052,1.07076,1.00,1.00
2015.10.19 10:58:21.870,1.07055,1.07076,1.00,1.00
2015.10.19 10:58:21.972,1.07052,1.07076,1.00,1.00
2015.10.19 10:58:22.074,1.07049,1.07075,1.37,1.12
2015.10.19 10:58:22.176,1.07051,1.07075,1.00,1.75
2015.10.19 10:58:22.329,1.07051,1.07075,1.00,1.00
2015.10.19 10:58:22.380,1.07051,1.07077,1.00,1.00
2015.10.19 10:58:26.719,1.07053,1.07077,1.00,1.00
2015.10.19 10:58:27.024,1.07056,1.0708,2.25,1.00
2015.10.19 10:58:27.327,1.07056,1.07083,2.25,1.00
2015.10.19 10:58:27.530,1.07056,1.07083,1.37,1.00
2015.10.19 10:58:28.837,1.07054,1.07083,1.37,1.50
2015.10.19 10:58:29.242,1.07053,1.07079,1.00,1.00
2015.10.19 10:58:30.204,1.07047,1.07075,1.12,1.00
2015.10.19 10:58:36.114,1.07049,1.07075,1.00,1.00
2015.10.19 10:58:36.557,1.07051,1.07075,1.87,1.00
2015.10.19 10:58:36.608,1.07054,1.07082,1.50,1.50
2015.10.19 10:58:36.816,1.07057,1.07085,1.12,1.87
2015.10.19 10:58:37.120,1.0706,1.07085,1.00,1.00
2015.10.19 10:58:37.374,1.0706,1.07088,1.00,1.00
2015.10.19 10:58:40.099,1.0706,1.07088,1.37,1.00
2015.10.19 10:58:40.568,1.07063,1.07088,1.00,1.00
2015.10.19 10:58:41.150,1.07062,1.07088,1.12,1.00
2015.10.19 10:58:41.714,1.07066,1.07088,1.00,1.00
2015.10.19 10:58:41.766,1.07068,1.07094,1.00,1.00
2015.10.19 10:58:42.254,1.0707,1.07094,1.00,1.00
2015.10.19 10:58:42.356,1.0707,1.07097,1.00,1.00
2015.10.19 10:58:43.780,1.07071,1.07097,1.00,1.00
2015.10.19 10:58:43.831,1.07071,1.07099,1.37,1.37
2015.10.19 10:58:44.135,1.07074,1.07099,1.75,1.00
2015.10.19 10:58:44.287,1.07076,1.07104,2.25,1.50
2015.10.19 10:58:44.784,1.0708,1.07108,1.00,1.00
2015.10.19 10:58:44.835,1.0708,1.07108,1.37,1.00
2015.10.19 10:58:45.088,1.0708,1.07109,1.12,1.87
2015.10.19 10:58:46.629,1.07083,1.07109,1.00,1.12
2015.10.19 10:58:46.832,1.07084,1.07113,1.00,1.37
2015.10.19 10:58:48.098,1.07083,1.07115,1.12,2.32
2015.10.19 10:58:48.853,1.07083,1.07112,1.50,1.12
2015.10.19 10:58:49.317,1.07084,1.07114,1.00,1.50
2015.10.19 10:58:49.519,1.07084,1.0711,1.00,1.00
2015.10.19 10:58:50.066,1.07084,1.07112,1.00,1.00
2015.10.19 10:58:51.140,1.07085,1.07112,1.00,1.00
2015.10.19 10:58:51.191,1.07088,1.07114,1.00,1.00
2015.10.19 10:58:51.344,1.0709,1.07117,1.00,1.00
2015.10.19 10:58:51.446,1.07093,1.07121,1.00,1.37
2015.10.19 10:58:51.548,1.07093,1.07123,1.00,1.50
2015.10.19 10:58:51.649,1.07096,1.07123,1.00,1.00
2015.10.19 10:58:51.852,1.07096,1.07127,1.12,2.25
2015.10.19 10:58:52.533,1.07093,1.07123,1.12,1.75
2015.10.19 10:58:53.067,1.07093,1.07123,1.00,1.75
2015.10.19 10:58:53.422,1.07093,1.07125,1.12,1.75
2015.10.19 10:58:57.434,1.07094,1.07125,1.00,2.25
2015.10.19 10:58:58.255,1.07094,1.07125,1.37,1.37
2015.10.19 10:58:58.357,1.07095,1.07125,1.00,1.00
2015.10.19 10:58:58.802,1.07097,1.07126,1.00,2.25
2015.10.19 10:58:59.107,1.071,1.07129,1.12,1.00
2015.10.19 10:58:59.642,1.071,1.07131,1.12,1.47
2015.10.19 10:59:02.017,1.071,1.07127,1.12,1.00
2015.10.19 10:59:02.371,1.071,1.07129,1.12,1.00
2015.10.19 10:59:02.472,1.071,1.07126,1.12,1.00
2015.10.19 10:59:03.634,1.07101,1.07129,1.00,1.00
2015.10.19 10:59:04.140,1.07101,1.07133,1.00,4.50
2015.10.19 10:59:04.241,1.07101,1.07127,1.00,1.00
2015.10.19 10:59:04.494,1.07101,1.07132,1.00,1.75
2015.10.19 10:59:05.884,1.07099,1.0713,1.00,3.75
2015.10.19 10:59:06.430,1.071,1.07131,1.00,1.20
2015.10.19 10:59:09.950,1.07101,1.07132,1.00,2.62
2015.10.19 10:59:11.532,1.07103,1.07132,1.00,1.00
2015.10.19 10:59:12.430,1.07103,1.07131,1.00,1.00
2015.10.19 10:59:12.942,1.07102,1.07131,1.00,1.00
2015.10.19 10:59:15.822,1.07102,1.07132,1.00,1.00
2015.10.19 10:59:18.591,1.07103,1.07132,1.00,1.00
2015.10.19 10:59:24.133,1.07101,1.07132,1.50,1.00
2015.10.19 10:59:24.436,1.07101,1.07133,1.00,3.00
2015.10.19 10:59:27.010,1.07101,1.07127,1.00,1.00
2015.10.19 10:59:28.365,1.07101,1.07129,1.00,1.50
2015.10.19 10:59:29.399,1.07098,1.0713,1.50,1.75
2015.10.19 10:59:32.667,1.07097,1.07127,1.00,1.00
2015.10.19 10:59:32.819,1.07094,1.07126,1.87,1.75
2015.10.19 10:59:33.505,1.07094,1.07125,1.50,1.50
2015.10.19 10:59:37.626,1.07094,1.07123,1.50,1.00
2015.10.19 10:59:38.171,1.07094,1.07126,1.50,2.25
2015.10.19 10:59:39.726,1.07091,1.07122,1.75,1.00
2015.10.19 10:59:39.828,1.07088,1.0712,1.75,1.00
2015.10.19 10:59:40.258,1.07086,1.07115,1.00,1.37
2015.10.19 10:59:40.360,1.07084,1.07116,2.25,1.00
2015.10.19 10:59:40.865,1.07084,1.07117,2.25,1.00
2015.10.19 10:59:45.136,1.07084,1.07118,3.00,1.00
2015.10.19 10:59:45.340,1.07087,1.07119,1.75,1.00
2015.10.19 10:59:46.178,1.07085,1.07118,1.75,1.75
2015.10.19 10:59:46.432,1.07085,1.07114,1.75,1.00
2015.10.19 10:59:46.686,1.07084,1.07117,1.75,1.50
2015.10.19 10:59:46.942,1.07084,1.07114,1.75,1.00
2015.10.19 10:59:47.818,1.07085,1.07115,1.75,1.00
2015.10.19 10:59:48.358,1.07086,1.07113,1.00,1.00
2015.10.19 10:59:48.662,1.07086,1.0711,1.00,1.00
2015.10.19 10:59:49.053,1.07086,1.07113,1.00,1.00
2015.10.19 10:59:49.445,1.07086,1.07116,1.00,1.00
2015.10.19 10:59:51.392,1.07086,1.07117,1.00,1.00
2015.10.19 10:59:51.595,1.07086,1.07115,1.00,1.00
2015.10.19 10:59:52.496,1.07086,1.07117,1.50,1.00
2015.10.19 10:59:52.648,1.07086,1.0712,1.50,1.87
2015.10.19 10:59:52.699,1.07088,1.0712,2.25,1.12
2015.10.19 10:59:54.142,1.07092,1.07122,1.00,1.00
2015.10.19 10:59:56.568,1.07092,1.07121,1.50,1.00
2015.10.19 10:59:58.429,1.07092,1.0712,1.00,1.00
2015.10.19 10:59:58.733,1.07089,1.07115,1.00,1.00
2015.10.19 10:59:58.784,1.07086,1.07115,1.37,1.00
2015.10.19 10:59:59.668,1.07086,1.07119,1.37,1.75
