2009.05.07 23:00:01.594,1.2706,1.2732,3.20,1.60
2009.05.07 23:00:01.894,1.2706,1.2733,3.20,1.60
2009.05.07 23:00:02.124,1.271,1.27335,1.60,1.60
2009.05.07 23:00:02.353,1.2714,1.2734,1.60,1.60
2009.05.07 23:00:02.693,1.2714,1.2733,1.60,3.20
2009.05.07 23:00:02.873,1.2714,1.2733,3.20,3.20
2009.05.07 23:00:03.163,1.27155,1.2733,1.60,1.60
2009.05.07 23:00:12.661,1.2717,1.27315,1.60,1.60
2009.05.07 23:00:13.111,1.2717,1.2731,1.60,1.60
2009.05.07 23:00:13.601,1.2717,1.27305,1.60,1.60
2009.05.07 23:00:15.190,1.2717,1.2729,1.60,1.60
2009.05.07 23:00:17.949,1.2716,1.27275,1.60,1.60
2009.05.07 23:00:18.179,1.2715,1.27275,1.60,1.60
2009.05.07 23:00:18.649,1.2714,1.27275,1.60,1.60
2009.05.07 23:00:20.989,1.2714,1.2727,1.60,3.20
2009.05.07 23:00:25.178,1.2715,1.2727,1.60,1.60
2009.05.07 23:00:25.538,1.27155,1.2727,1.60,1.60
2009.05.07 23:00:25.818,1.27155,1.2728,1.60,1.60
2009.05.07 23:00:26.038,1.27155,1.27305,1.60,1.60
2009.05.07 23:00:26.448,1.27155,1.2731,1.60,1.60
2009.05.07 23:00:31.116,1.27155,1.273,1.60,1.20
2009.05.07 23:00:31.226,1.2715,1.2728,1.60,1.60
2009.05.07 23:00:44.713,1.27125,1.27265,1.60,1.60
2009.05.07 23:00:45.363,1.27105,1.27265,1.60,1.60
2009.05.07 23:00:46.183,1.27105,1.27265,1.60,3.20
2009.05.07 23:00:47.913,1.2711,1.27265,1.60,1.60
2009.05.07 23:00:50.172,1.2711,1.273,1.60,1.20
2009.05.07 23:00:50.392,1.2711,1.27275,1.60,1.60
2009.05.07 23:00:53.351,1.2711,1.27265,1.60,3.20
2009.05.07 23:00:59.020,1.2711,1.27255,1.60,1.60
2009.05.07 23:01:00.069,1.2711,1.2727,1.60,3.20
2009.05.07 23:01:43.389,1.2711,1.2725,1.60,3.20
2009.05.07 23:01:43.789,1.27105,1.27225,1.60,1.60
2009.05.07 23:01:56.086,1.271,1.272,1.60,1.60
2009.05.07 23:01:58.505,1.2711,1.27205,1.60,1.60
2009.05.07 23:01:58.865,1.2711,1.2721,1.60,1.60
2009.05.07 23:02:04.704,1.2711,1.27205,1.60,1.60
2009.05.07 23:02:05.264,1.27105,1.2722,1.60,3.20
2009.05.07 23:02:05.733,1.27105,1.2722,1.60,1.60
2009.05.07 23:02:15.601,1.271,1.27205,1.60,1.60
2009.05.07 23:02:55.312,1.2708,1.27195,1.60,1.60
2009.05.07 23:02:55.531,1.27075,1.27195,1.60,1.60
2009.05.07 23:02:55.941,1.27065,1.27195,1.60,1.60
2009.05.07 23:02:58.291,1.2709,1.272,1.60,3.20
2009.05.07 23:02:58.471,1.2709,1.272,1.60,1.60
2009.05.07 23:03:45.179,1.27075,1.27195,1.60,1.60
2009.05.07 23:03:45.819,1.27065,1.27195,1.60,1.60
2009.05.07 23:04:17.232,1.2707,1.27185,1.60,1.60
2009.05.07 23:05:14.028,1.27065,1.2717,1.60,1.60
2009.05.07 23:05:17.717,1.2707,1.27175,1.60,1.60
2009.05.07 23:05:18.007,1.2707,1.2718,1.60,1.60
2009.05.07 23:06:06.235,1.27075,1.2719,1.60,1.60
2009.05.07 23:06:06.295,1.27075,1.27195,1.60,1.60
2009.05.07 23:06:12.774,1.27085,1.272,1.60,3.20
2009.05.07 23:06:13.413,1.27085,1.272,1.60,1.60
2009.05.07 23:06:13.763,1.2707,1.27195,1.60,1.60
2009.05.07 23:06:14.113,1.27085,1.27195,1.60,1.60
2009.05.07 23:06:20.302,1.2707,1.27195,3.20,1.60
2009.05.07 23:06:20.812,1.2707,1.27195,1.60,1.60
2009.05.07 23:06:25.061,1.27075,1.27185,1.60,1.60
2009.05.07 23:06:28.490,1.27065,1.2717,1.60,1.60
2009.05.07 23:06:44.356,1.27075,1.2718,1.60,1.60
2009.05.07 23:07:00.842,1.27075,1.2719,1.60,1.60
2009.05.07 23:07:01.232,1.27075,1.27195,1.60,1.60
2009.05.07 23:07:10.010,1.27075,1.27185,1.60,1.60
2009.05.07 23:07:28.655,1.27095,1.2718,1.60,1.60
2009.05.07 23:07:28.815,1.27125,1.2719,1.60,1.60
2009.05.07 23:07:29.105,1.27125,1.27195,1.60,1.60
2009.05.07 23:07:29.285,1.27125,1.2724,1.60,3.20
2009.05.07 23:07:29.575,1.27125,1.2724,1.60,1.60
2009.05.07 23:07:31.894,1.271,1.27215,3.20,1.60
2009.05.07 23:07:32.005,1.27105,1.27215,1.60,1.60
2009.05.07 23:07:32.064,1.27105,1.27205,1.60,1.60
2009.05.07 23:07:32.354,1.2709,1.27205,1.60,1.60
2009.05.07 23:07:32.594,1.27065,1.27205,1.60,1.60
2009.05.07 23:08:20.043,1.27075,1.27185,1.60,1.60
2009.05.07 23:08:25.962,1.2707,1.2718,1.60,1.60
2009.05.07 23:08:28.551,1.27085,1.2718,1.60,1.60
2009.05.07 23:08:28.661,1.2712,1.2719,1.60,1.60
2009.05.07 23:08:28.881,1.27055,1.2719,1.60,1.60
2009.05.07 23:08:29.001,1.2709,1.272,1.60,1.60
2009.05.07 23:08:29.181,1.27055,1.272,1.60,1.60
2009.05.07 23:08:41.378,1.2708,1.27205,1.60,1.60
2009.05.07 23:08:41.728,1.2707,1.272,1.60,1.60
2009.05.07 23:08:42.137,1.2708,1.27205,1.60,1.60
2009.05.07 23:08:42.577,1.2708,1.2721,1.60,3.20
2009.05.07 23:08:50.066,1.27075,1.272,1.60,1.60
2009.05.07 23:08:50.466,1.2707,1.272,3.20,1.60
2009.05.07 23:08:50.706,1.27075,1.27205,1.60,1.60
2009.05.07 23:08:50.886,1.27075,1.2721,1.60,1.60
2009.05.07 23:08:51.126,1.27075,1.2722,1.60,1.60
2009.05.07 23:08:51.305,1.27075,1.2723,1.60,3.20
2009.05.07 23:08:51.885,1.27075,1.2723,1.60,1.60
2009.05.07 23:08:51.945,1.27075,1.27215,1.60,1.60
2009.05.07 23:09:00.393,1.2709,1.2721,1.60,1.60
2009.05.07 23:09:01.193,1.27105,1.27215,1.60,3.20
2009.05.07 23:09:01.553,1.27105,1.27215,1.60,1.60
2009.05.07 23:09:25.737,1.2709,1.2721,3.20,1.60
2009.05.07 23:09:25.967,1.2709,1.2721,1.60,1.60
2009.05.07 23:10:56.155,1.2707,1.2721,4.80,1.60
2009.05.07 23:10:56.395,1.2707,1.2721,3.20,1.60
2009.05.07 23:10:56.565,1.2707,1.2721,1.60,1.60
2009.05.07 23:11:04.565,1.2708,1.2721,1.60,1.60
2009.05.07 23:11:04.673,1.2709,1.2721,1.60,1.60
2009.05.07 23:11:05.643,1.2709,1.2722,1.60,1.60
2009.05.07 23:11:05.803,1.27095,1.2722,1.60,3.00
2009.05.07 23:11:05.983,1.27095,1.2722,1.60,1.60
2009.05.07 23:11:06.163,1.27095,1.2723,1.60,3.00
2009.05.07 23:11:09.792,1.27085,1.27205,1.60,1.60
2009.05.07 23:11:10.152,1.27085,1.2722,1.60,1.40
2009.05.07 23:11:10.322,1.27075,1.2722,3.20,1.60
2009.05.07 23:11:10.552,1.27075,1.27235,3.20,1.40
2009.05.07 23:11:13.431,1.2709,1.2723,1.60,3.00
2009.05.07 23:11:18.690,1.27095,1.2722,3.20,1.40
2009.05.07 23:11:44.063,1.27105,1.2723,1.60,3.00
2009.05.07 23:11:44.114,1.27105,1.2723,3.20,1.40
2009.05.07 23:11:45.463,1.2712,1.27235,1.60,1.60
2009.05.07 23:11:45.633,1.27145,1.27235,1.60,1.60
2009.05.07 23:11:45.813,1.2716,1.2731,1.60,1.40
2009.05.07 23:11:55.081,1.2717,1.27295,1.60,3.60
2009.05.07 23:11:55.261,1.2718,1.27295,1.60,2.00
2009.05.07 23:12:00.380,1.2718,1.27305,3.20,1.40
2009.05.07 23:12:00.490,1.272,1.2734,1.60,1.40
2009.05.07 23:12:10.627,1.272,1.27325,1.60,1.40
2009.05.07 23:12:10.917,1.2719,1.27315,1.60,1.40
2009.05.07 23:12:38.590,1.2719,1.27315,1.60,3.00
2009.05.07 23:12:38.710,1.27165,1.273,1.60,1.40
2009.05.07 23:12:46.708,1.27185,1.27295,1.60,1.60
2009.05.07 23:12:46.768,1.2715,1.27285,3.20,1.40
2009.05.07 23:12:58.596,1.27175,1.27285,1.60,1.40
2009.05.07 23:12:58.876,1.27175,1.27305,1.60,3.00
2009.05.07 23:12:58.996,1.2717,1.27305,1.60,4.60
2009.05.07 23:12:59.116,1.27165,1.27295,3.20,1.40
2009.05.07 23:12:59.575,1.27175,1.27295,1.60,1.40
2009.05.07 23:12:59.685,1.2718,1.27305,1.60,1.40
2009.05.07 23:13:21.220,1.2719,1.273,1.60,1.40
2009.05.07 23:13:21.500,1.2719,1.2731,1.60,1.40
2009.05.07 23:13:22.270,1.27195,1.27315,1.60,3.00
2009.05.07 23:13:22.500,1.27195,1.27315,3.20,1.40
2009.05.07 23:13:23.770,1.27195,1.2731,1.60,1.40
2009.05.07 23:13:24.000,1.2719,1.2731,1.60,1.40
2009.05.07 23:13:39.716,1.2718,1.273,1.60,1.40
2009.05.07 23:13:39.776,1.27175,1.273,4.80,1.40
2009.05.07 23:13:39.836,1.27175,1.273,3.20,1.40
2009.05.07 23:13:40.126,1.2717,1.27295,1.60,1.40
2009.05.07 23:13:40.356,1.2717,1.2729,1.60,1.40
2009.05.07 23:13:55.192,1.27175,1.2729,1.60,1.40
2009.05.07 23:13:55.362,1.27175,1.273,1.60,1.40
2009.05.07 23:13:55.762,1.2717,1.2729,1.60,1.40
2009.05.07 23:14:41.411,1.2717,1.2729,1.60,3.00
2009.05.07 23:14:41.711,1.2716,1.2728,1.60,1.40
2009.05.07 23:15:42.406,1.2716,1.2729,1.60,1.60
2009.05.07 23:15:59.302,1.2716,1.27285,3.20,1.40
2009.05.07 23:16:51.599,1.27155,1.2729,3.20,1.40
2009.05.07 23:16:53.209,1.2717,1.27295,1.60,1.40
2009.05.07 23:16:53.659,1.2718,1.27305,1.60,3.00
2009.05.07 23:16:53.939,1.2718,1.27305,1.60,1.40
2009.05.07 23:17:45.516,1.27185,1.2731,1.60,1.40
2009.05.07 23:17:57.963,1.27175,1.273,3.20,1.40
2009.05.07 23:18:17.288,1.27175,1.2729,1.60,1.60
2009.05.07 23:18:17.519,1.2717,1.2729,1.60,3.00
2009.05.07 23:18:35.524,1.2717,1.2729,1.60,1.40
2009.05.07 23:18:35.644,1.27175,1.273,1.60,3.00
2009.05.07 23:18:36.034,1.27175,1.273,1.60,1.40
2009.05.07 23:18:53.410,1.2717,1.27295,3.20,1.40
2009.05.07 23:18:58.459,1.2717,1.2729,1.60,1.40
2009.05.07 23:19:07.537,1.2717,1.27295,3.20,1.40
2009.05.07 23:19:34.980,1.2717,1.27285,1.60,1.40
2009.05.07 23:19:55.995,1.2717,1.2728,1.60,1.40
2009.05.07 23:19:56.345,1.2717,1.27285,1.60,1.60
2009.05.07 23:19:56.575,1.2717,1.2729,1.60,3.00
2009.05.07 23:20:27.277,1.27165,1.27265,1.60,1.60
2009.05.07 23:20:48.222,1.27175,1.2727,1.60,3.20
2009.05.07 23:20:48.392,1.27175,1.2727,1.60,1.60
2009.05.07 23:20:49.442,1.27165,1.27265,1.60,1.60
2009.05.07 23:20:56.210,1.27155,1.2726,1.60,3.00
2009.05.07 23:20:56.850,1.27145,1.27255,1.60,1.40
2009.05.07 23:20:57.090,1.27135,1.2725,1.60,1.40
2009.05.07 23:20:57.540,1.2715,1.2725,1.60,1.40
2009.05.07 23:20:57.780,1.2715,1.2726,1.60,3.00
2009.05.07 23:20:59.829,1.27135,1.27245,1.60,1.60
2009.05.07 23:21:00.190,1.27145,1.2725,1.60,1.60
2009.05.07 23:21:01.449,1.27155,1.27255,1.60,3.00
2009.05.07 23:21:01.629,1.27155,1.27255,1.60,1.60
2009.05.07 23:21:01.799,1.27155,1.2726,1.60,3.00
2009.05.07 23:21:02.309,1.27165,1.2726,1.60,1.40
2009.05.07 23:21:02.539,1.27165,1.27265,1.60,4.60
2009.05.07 23:21:02.719,1.27165,1.27265,1.60,3.00
2009.05.07 23:21:05.168,1.2716,1.27255,1.60,1.60
2009.05.07 23:21:06.518,1.27165,1.2726,1.60,1.40
2009.05.07 23:21:06.578,1.27165,1.2727,1.60,1.60
2009.05.07 23:21:06.858,1.27185,1.27335,1.60,1.40
2009.05.07 23:21:21.194,1.2719,1.27315,1.60,1.40
2009.05.07 23:21:21.494,1.2719,1.2731,1.60,1.40
2009.05.07 23:21:25.473,1.2719,1.2731,1.60,3.60
2009.05.07 23:21:25.583,1.2719,1.273,1.60,1.60
2009.05.07 23:21:25.883,1.2715,1.27285,1.60,1.40
2009.05.07 23:21:27.683,1.2716,1.27275,3.20,1.60
2009.05.07 23:21:27.853,1.2716,1.27275,1.60,3.00
2009.05.07 23:21:29.852,1.27175,1.27275,1.60,1.40
2009.05.07 23:21:30.072,1.27175,1.27285,1.60,1.60
2009.05.07 23:21:30.252,1.2716,1.27275,1.60,1.60
2009.05.07 23:21:30.422,1.27155,1.27275,1.60,3.00
2009.05.07 23:21:43.809,1.27155,1.27265,1.60,1.60
2009.05.07 23:21:44.558,1.27155,1.27275,1.60,1.40
2009.05.07 23:21:45.118,1.2716,1.27255,1.60,1.60
2009.05.07 23:21:45.288,1.2715,1.27255,1.60,1.60
2009.05.07 23:21:47.208,1.27155,1.27265,1.60,3.20
2009.05.07 23:21:47.658,1.27155,1.27265,1.60,1.60
2009.05.07 23:21:48.228,1.2715,1.2725,1.60,1.60
2009.05.07 23:21:51.547,1.27155,1.27255,1.60,1.60
2009.05.07 23:21:51.727,1.27155,1.27255,3.20,1.60
2009.05.07 23:21:51.837,1.27155,1.2729,3.20,1.40
2009.05.07 23:21:55.926,1.27155,1.2727,1.60,1.40
2009.05.07 23:21:56.206,1.27155,1.27275,1.60,1.40
2009.05.07 23:21:57.845,1.27155,1.2728,3.20,1.40
2009.05.07 23:22:00.594,1.27155,1.2728,4.80,1.40
2009.05.07 23:22:00.924,1.2718,1.27285,1.60,1.60
2009.05.07 23:22:01.044,1.2718,1.2729,1.60,1.60
2009.05.07 23:22:02.244,1.27175,1.27285,1.60,1.60
2009.05.07 23:22:03.454,1.2719,1.2729,1.60,3.00
2009.05.07 23:22:03.624,1.2719,1.2729,1.60,1.60
2009.05.07 23:22:03.674,1.27195,1.2729,1.60,1.60
2009.05.07 23:22:05.993,1.27185,1.2728,1.60,1.60
2009.05.07 23:22:11.242,1.2719,1.2729,1.60,3.00
2009.05.07 23:22:11.422,1.27195,1.2729,1.60,1.60
2009.05.07 23:22:11.832,1.27195,1.2733,1.60,1.40
2009.05.07 23:22:16.131,1.27205,1.27315,1.60,1.60
2009.05.07 23:22:16.191,1.27195,1.27315,1.60,3.00
2009.05.07 23:22:43.274,1.27195,1.273,1.60,1.40
2009.05.07 23:22:46.663,1.27195,1.27305,1.60,3.00
2009.05.07 23:22:48.233,1.27195,1.273,1.60,1.40
2009.05.07 23:22:56.991,1.27205,1.273,1.60,1.40
2009.05.07 23:22:57.111,1.27205,1.2731,1.60,3.00
2009.05.07 23:22:57.351,1.27205,1.2731,1.60,1.40
2009.05.07 23:23:03.509,1.27185,1.273,1.60,3.00
2009.05.07 23:23:03.559,1.27185,1.27295,1.60,1.40
2009.05.07 23:23:03.919,1.27185,1.2729,1.60,1.40
2009.05.07 23:23:09.378,1.27195,1.2729,1.60,1.40
2009.05.07 23:23:09.778,1.27195,1.273,1.60,1.40
2009.05.07 23:24:00.736,1.27185,1.273,1.60,3.00
2009.05.07 23:24:00.846,1.27185,1.27295,1.60,1.40
2009.05.07 23:24:01.436,1.27185,1.2729,1.60,1.40
2009.05.07 23:24:02.015,1.27185,1.27295,1.60,1.40
2009.05.07 23:24:28.010,1.27185,1.273,1.60,3.00
2009.05.07 23:24:31.178,1.27185,1.27295,1.60,1.40
2009.05.07 23:24:34.337,1.27185,1.273,1.60,3.00
2009.05.07 23:24:35.267,1.27185,1.27295,1.60,1.40
2009.05.07 23:24:37.327,1.2718,1.27285,1.60,1.60
2009.05.07 23:24:37.617,1.2718,1.27285,1.60,3.00
2009.05.07 23:24:39.396,1.2718,1.27285,1.60,1.60
2009.05.07 23:24:42.006,1.2718,1.27285,1.60,3.00
2009.05.07 23:24:48.414,1.2716,1.27285,3.20,3.00
2009.05.07 23:24:48.534,1.2716,1.2728,3.20,1.40
2009.05.07 23:24:48.824,1.2716,1.2728,1.60,1.40
2009.05.07 23:24:49.544,1.2716,1.2727,1.60,1.60
2009.05.07 23:24:49.764,1.2716,1.2727,1.60,3.00
2009.05.07 23:24:49.944,1.2716,1.2727,1.60,1.60
2009.05.07 23:24:50.703,1.27165,1.27275,1.60,1.40
2009.05.07 23:24:50.874,1.27165,1.2728,1.60,3.00
2009.05.07 23:24:51.113,1.2716,1.27265,1.60,1.60
2009.05.07 23:24:51.333,1.27155,1.27265,1.60,3.00
2009.05.07 23:24:51.563,1.27155,1.27265,1.60,1.60
2009.05.07 23:24:52.523,1.2713,1.2725,3.20,1.60
2009.05.07 23:24:52.643,1.2713,1.2724,1.60,1.60
2009.05.07 23:24:53.003,1.27115,1.27235,1.60,3.00
2009.05.07 23:24:53.283,1.2711,1.27235,1.60,3.00
2009.05.07 23:24:53.573,1.271,1.27215,1.60,1.60
2009.05.07 23:24:54.343,1.27115,1.2722,1.60,1.40
2009.05.07 23:24:54.453,1.27115,1.2723,1.60,1.60
2009.05.07 23:24:54.962,1.2708,1.27205,3.20,1.60
2009.05.07 23:24:55.122,1.27075,1.27205,1.60,1.60
2009.05.07 23:24:55.692,1.27085,1.2721,1.60,1.60
2009.05.07 23:24:55.872,1.2709,1.27215,1.60,1.40
2009.05.07 23:24:56.042,1.271,1.2721,1.60,1.60
2009.05.07 23:24:56.212,1.2711,1.27215,1.60,1.60
2009.05.07 23:24:56.392,1.27125,1.2724,1.60,4.60
2009.05.07 23:24:56.562,1.27125,1.2724,1.60,3.00
2009.05.07 23:25:00.781,1.2711,1.2723,1.60,1.60
2009.05.07 23:25:00.961,1.27125,1.27235,1.60,1.60
2009.05.07 23:25:01.411,1.2713,1.27245,1.60,1.60
2009.05.07 23:25:01.581,1.27125,1.27235,1.60,3.00
2009.05.07 23:25:02.511,1.2712,1.27225,1.60,1.60
2009.05.07 23:25:02.741,1.2713,1.2723,1.60,1.40
2009.05.07 23:25:03.261,1.2713,1.27235,1.60,1.60
2009.05.07 23:25:08.039,1.2713,1.27235,1.60,3.00
2009.05.07 23:25:08.799,1.2713,1.27235,1.60,1.60
2009.05.07 23:25:08.859,1.2711,1.2723,4.80,1.60
2009.05.07 23:25:08.979,1.2711,1.2723,3.20,3.00
2009.05.07 23:25:09.099,1.2711,1.2723,1.60,3.00
2009.05.07 23:25:10.369,1.27105,1.2723,3.20,3.00
2009.05.07 23:25:10.539,1.271,1.27225,3.20,1.40
2009.05.07 23:25:11.049,1.2709,1.27215,1.60,1.40
2009.05.07 23:25:11.908,1.271,1.27225,3.20,1.40
2009.05.07 23:25:24.225,1.271,1.2722,1.60,1.40
2009.05.07 23:25:26.775,1.271,1.27225,3.20,1.40
2009.05.07 23:25:27.994,1.271,1.27225,1.60,1.40
2009.05.07 23:25:28.224,1.2709,1.27215,1.60,1.40
2009.05.07 23:25:28.794,1.27085,1.2721,3.20,1.40
2009.05.07 23:25:29.034,1.2708,1.27205,1.60,1.40
2009.05.07 23:25:30.414,1.27085,1.27205,1.60,1.40
2009.05.07 23:25:30.584,1.2708,1.27205,1.60,1.40
2009.05.07 23:25:30.704,1.27075,1.272,1.60,1.40
2009.05.07 23:25:30.874,1.2707,1.27195,1.60,1.40
2009.05.07 23:25:31.224,1.27075,1.272,1.60,1.40
2009.05.07 23:25:32.823,1.27065,1.2719,3.20,1.40
2009.05.07 23:25:33.113,1.27075,1.272,1.60,1.40
2009.05.07 23:25:33.233,1.27085,1.272,1.60,1.40
2009.05.07 23:25:33.473,1.27085,1.27205,1.60,1.40
2009.05.07 23:25:34.553,1.2709,1.27215,1.60,3.00
2009.05.07 23:25:34.663,1.271,1.27215,1.60,3.00
2009.05.07 23:25:35.123,1.271,1.2721,1.60,1.40
2009.05.07 23:25:36.163,1.271,1.27215,1.60,1.40
2009.05.07 23:25:36.223,1.2711,1.27225,1.60,1.60
2009.05.07 23:25:36.572,1.27115,1.27245,1.60,3.00
2009.05.07 23:25:36.632,1.27115,1.27245,1.60,1.40
2009.05.07 23:25:36.852,1.27115,1.2725,1.60,1.40
2009.05.07 23:25:39.492,1.2713,1.27265,1.60,1.40
2009.05.07 23:25:39.672,1.27135,1.2727,1.60,1.40
2009.05.07 23:25:39.962,1.2715,1.27285,1.60,1.40
2009.05.07 23:25:40.311,1.27155,1.2729,1.60,1.40
2009.05.07 23:25:41.381,1.27165,1.2729,1.60,1.40
2009.05.07 23:25:41.561,1.2717,1.27295,1.60,1.40
2009.05.07 23:25:42.711,1.2713,1.27275,1.60,1.40
2009.05.07 23:25:43.341,1.27135,1.2728,1.60,1.40
2009.05.07 23:25:43.891,1.27135,1.2726,1.60,1.40
2009.05.07 23:25:44.470,1.2711,1.27245,3.20,1.40
2009.05.07 23:25:48.840,1.2713,1.2725,1.60,3.00
2009.05.07 23:25:52.049,1.27135,1.2725,1.60,1.40
2009.05.07 23:25:52.279,1.27145,1.2724,1.60,1.60
2009.05.07 23:25:52.568,1.27125,1.2724,1.60,3.00
2009.05.07 23:25:56.907,1.2714,1.2724,1.60,1.60
2009.05.07 23:25:58.197,1.2714,1.27235,1.60,1.40
2009.05.07 23:25:58.417,1.2713,1.27235,1.60,3.00
2009.05.07 23:26:07.295,1.27105,1.2723,3.20,1.40
2009.05.07 23:26:07.925,1.27105,1.2723,1.60,1.40
2009.05.07 23:26:10.234,1.2711,1.27235,3.20,3.00
2009.05.07 23:26:10.744,1.2711,1.2722,3.20,1.60
2009.05.07 23:26:10.904,1.2711,1.2722,1.60,1.60
2009.05.07 23:26:20.922,1.27115,1.2722,1.60,1.40
2009.05.07 23:26:21.152,1.27115,1.2723,1.60,3.00
2009.05.07 23:27:00.772,1.2713,1.27255,1.60,1.40
2009.05.07 23:27:03.361,1.2712,1.27245,1.60,1.40
2009.05.07 23:27:05.771,1.27115,1.2724,1.60,1.40
2009.05.07 23:27:05.941,1.2713,1.27265,1.60,1.60
2009.05.07 23:27:06.001,1.2713,1.2727,1.60,3.00
2009.05.07 23:27:06.121,1.2714,1.2727,1.60,3.00
2009.05.07 23:27:06.351,1.2714,1.2727,1.60,1.40
2009.05.07 23:27:06.471,1.27155,1.273,1.60,1.40
2009.05.07 23:27:06.981,1.27175,1.2731,1.60,1.40
2009.05.07 23:27:07.160,1.2719,1.2733,1.60,1.40
2009.05.07 23:27:07.280,1.27195,1.27335,1.60,1.40
2009.05.07 23:27:07.570,1.27205,1.27335,1.60,1.40
2009.05.07 23:27:07.750,1.2721,1.2734,1.60,1.40
2009.05.07 23:27:10.770,1.27195,1.2733,3.20,1.40
2009.05.07 23:27:10.940,1.27205,1.2734,1.60,1.40
2009.05.07 23:27:11.220,1.27205,1.2733,1.60,1.20
2009.05.07 23:27:11.330,1.2717,1.2729,1.00,1.40
2009.05.07 23:27:11.500,1.27175,1.2729,1.60,1.40
2009.05.07 23:27:11.679,1.27175,1.27285,1.60,1.40
2009.05.07 23:27:11.909,1.2714,1.27285,3.20,1.40
2009.05.07 23:27:12.140,1.27135,1.27285,3.20,1.40
2009.05.07 23:27:12.899,1.2714,1.27275,1.60,1.40
2009.05.07 23:27:15.308,1.27145,1.2727,3.20,1.40
2009.05.07 23:27:17.478,1.27145,1.27265,1.60,1.40
2009.05.07 23:27:17.818,1.2714,1.27265,3.20,1.40
2009.05.07 23:27:17.998,1.2714,1.27265,1.60,1.40
2009.05.07 23:27:20.257,1.27125,1.2725,1.60,1.40
2009.05.07 23:27:21.777,1.2713,1.2725,1.60,1.40
2009.05.07 23:27:22.007,1.27135,1.27255,1.60,1.40
2009.05.07 23:27:27.366,1.2714,1.27265,1.60,1.40
2009.05.07 23:27:27.775,1.2715,1.2727,1.60,1.40
2009.05.07 23:27:28.135,1.2715,1.27275,1.60,1.40
2009.05.07 23:27:29.116,1.27125,1.2726,3.20,1.40
2009.05.07 23:27:33.514,1.2713,1.2724,3.20,1.60
2009.05.07 23:27:33.574,1.2713,1.2724,1.60,3.00
2009.05.07 23:27:34.444,1.2713,1.2724,1.60,1.40
2009.05.07 23:27:34.734,1.2713,1.2726,3.20,3.00
2009.05.07 23:27:34.794,1.2713,1.2726,3.20,1.40
2009.05.07 23:27:55.079,1.27135,1.27255,1.60,1.40
2009.05.07 23:27:55.299,1.2714,1.27265,1.60,1.40
2009.05.07 23:27:55.649,1.2715,1.2727,1.60,1.40
2009.05.07 23:27:55.949,1.2715,1.27275,1.60,1.40
2009.05.07 23:27:56.419,1.27145,1.27265,1.60,1.40
2009.05.07 23:27:56.878,1.27155,1.2729,1.60,1.40
2009.05.07 23:27:57.818,1.2716,1.27295,1.60,1.40
2009.05.07 23:27:57.998,1.2717,1.27295,1.60,1.40
2009.05.07 23:27:58.218,1.27125,1.2727,3.20,1.40
2009.05.07 23:27:58.668,1.2713,1.2727,1.60,1.40
2009.05.07 23:27:58.838,1.2713,1.27275,1.60,1.40
2009.05.07 23:28:01.157,1.2714,1.27265,3.20,1.40
2009.05.07 23:28:01.337,1.27165,1.27265,1.60,1.40
2009.05.07 23:28:01.517,1.27165,1.2729,1.60,1.40
2009.05.07 23:28:01.627,1.2716,1.2728,1.60,1.60
2009.05.07 23:28:10.885,1.27175,1.2728,1.60,1.40
2009.05.07 23:28:11.165,1.27175,1.27285,1.60,3.00
2009.05.07 23:28:11.225,1.27175,1.27285,1.60,1.40
2009.05.07 23:28:13.594,1.27175,1.2729,1.60,3.00
2009.05.07 23:28:16.224,1.27165,1.27275,3.20,1.60
2009.05.07 23:28:16.454,1.27165,1.27275,1.60,1.60
2009.05.07 23:28:16.564,1.2717,1.2728,1.60,1.40
2009.05.07 23:28:16.674,1.2717,1.27285,1.60,1.60
2009.05.07 23:28:16.794,1.2718,1.2729,1.60,3.00
2009.05.07 23:28:16.974,1.2718,1.2729,1.60,4.60
2009.05.07 23:28:17.084,1.2719,1.27295,1.60,1.60
2009.05.07 23:28:17.363,1.2719,1.2729,1.60,1.40
2009.05.07 23:28:20.523,1.2717,1.27285,3.20,1.40
2009.05.07 23:28:20.933,1.2717,1.27285,1.60,1.40
2009.05.07 23:28:23.682,1.2717,1.27275,1.60,1.40
2009.05.07 23:28:24.132,1.2717,1.27285,1.60,4.60
2009.05.07 23:28:24.242,1.27175,1.27285,1.60,1.40
2009.05.07 23:28:24.302,1.27175,1.2729,1.60,1.40
2009.05.07 23:28:33.210,1.27165,1.27275,1.60,3.00
2009.05.07 23:28:33.619,1.2717,1.27285,1.60,3.00
2009.05.07 23:28:33.780,1.27175,1.27285,1.60,1.40
2009.05.07 23:28:34.130,1.27185,1.27295,1.60,1.60
2009.05.07 23:28:34.359,1.27185,1.27315,1.60,1.40
2009.05.07 23:28:34.779,1.2719,1.27315,1.60,1.40
2009.05.07 23:28:38.389,1.27185,1.2731,1.60,1.40
2009.05.07 23:28:38.809,1.2719,1.27315,1.60,1.40
2009.05.07 23:28:42.148,1.272,1.2732,1.60,1.40
2009.05.07 23:28:42.377,1.27195,1.2732,1.60,1.40
2009.05.07 23:28:45.377,1.2717,1.27295,1.60,1.40
2009.05.07 23:28:47.526,1.27175,1.2729,1.60,3.00
2009.05.07 23:28:48.396,1.27175,1.2729,1.60,1.60
2009.05.07 23:28:48.736,1.27175,1.2729,1.60,3.00
2009.05.07 23:28:50.946,1.2719,1.2729,1.60,1.40
2009.05.07 23:28:51.235,1.2719,1.273,1.60,3.00
2009.05.07 23:28:51.515,1.2719,1.2731,1.60,3.00
2009.05.07 23:28:51.855,1.2719,1.27315,1.60,1.40
2009.05.07 23:28:52.035,1.272,1.27325,1.60,1.40
2009.05.07 23:28:52.545,1.27205,1.2733,1.60,1.40
2009.05.07 23:28:52.715,1.2721,1.2733,1.60,1.40
2009.05.07 23:28:53.505,1.2719,1.2732,1.60,1.40
2009.05.07 23:28:53.866,1.2719,1.27315,1.60,1.20
2009.05.07 23:28:53.985,1.2719,1.273,1.60,1.60
2009.05.07 23:28:54.255,1.2719,1.2731,3.20,1.60
2009.05.07 23:28:54.595,1.27195,1.2731,1.60,3.00
2009.05.07 23:28:54.994,1.27205,1.273,1.60,1.40
2009.05.07 23:28:55.505,1.27195,1.273,1.60,1.60
2009.05.07 23:28:55.734,1.27195,1.273,1.60,3.00
2009.05.07 23:28:56.204,1.27195,1.273,1.60,1.60
2009.05.07 23:28:57.584,1.27195,1.273,1.60,3.00
2009.05.07 23:28:58.554,1.27205,1.273,1.60,1.40
2009.05.07 23:28:59.003,1.27205,1.27305,1.60,1.40
2009.05.07 23:28:59.763,1.27205,1.2731,1.60,1.60
2009.05.07 23:28:59.943,1.27215,1.27315,1.60,3.00
2009.05.07 23:29:06.532,1.27215,1.27315,1.60,1.60
2009.05.07 23:29:08.681,1.27215,1.27315,1.60,3.00
2009.05.07 23:29:10.651,1.27215,1.27315,1.60,1.60
2009.05.07 23:29:10.991,1.27215,1.27315,1.60,3.00
2009.05.07 23:29:17.359,1.27215,1.27315,1.60,1.60
2009.05.07 23:29:19.069,1.27215,1.27315,1.60,3.00
2009.05.07 23:29:20.548,1.27205,1.27305,1.60,1.60
2009.05.07 23:29:26.507,1.27215,1.2731,1.60,3.00
2009.05.07 23:29:26.857,1.27215,1.2731,1.60,1.60
2009.05.07 23:29:26.977,1.27215,1.27315,1.60,1.60
2009.05.07 23:29:27.617,1.27215,1.27315,1.60,3.00
2009.05.07 23:29:37.164,1.2722,1.27315,1.60,1.40
2009.05.07 23:29:37.734,1.2722,1.27325,1.60,1.60
2009.05.07 23:29:37.964,1.2722,1.27345,1.60,3.00
2009.05.07 23:29:38.134,1.2722,1.27345,1.60,1.40
2009.05.07 23:29:50.721,1.2722,1.27335,1.60,1.40
2009.05.07 23:29:50.951,1.2721,1.27335,3.20,1.40
2009.05.07 23:29:54.240,1.2721,1.2733,3.20,1.60
2009.05.07 23:29:54.290,1.2721,1.27325,1.60,1.40
2009.05.07 23:30:20.844,1.272,1.2732,3.20,1.60
2009.05.07 23:30:21.064,1.272,1.27315,1.60,1.40
2009.05.07 23:30:21.244,1.2721,1.27315,1.60,1.40
2009.05.07 23:30:21.424,1.2721,1.2732,1.60,1.60
2009.05.07 23:30:22.183,1.27195,1.2732,3.20,1.60
2009.05.07 23:30:22.353,1.27195,1.27315,1.60,1.40
2009.05.07 23:30:28.252,1.27215,1.2732,1.60,1.60
2009.05.07 23:30:28.362,1.2721,1.2732,1.60,1.60
2009.05.07 23:30:28.542,1.27205,1.2732,3.20,1.60
2009.05.07 23:30:28.892,1.2722,1.27325,1.60,1.60
2009.05.07 23:30:29.411,1.2721,1.2732,1.60,1.60
2009.05.07 23:30:29.751,1.27205,1.27295,1.60,1.60
2009.05.07 23:30:30.381,1.27185,1.27295,1.60,1.60
2009.05.07 23:30:50.387,1.2719,1.27285,1.60,3.00
2009.05.07 23:30:55.495,1.27195,1.27285,1.60,1.40
2009.05.07 23:30:55.675,1.27195,1.27295,1.60,1.60
2009.05.07 23:30:56.025,1.27195,1.27295,1.60,3.00
2009.05.07 23:30:56.085,1.27195,1.27305,1.60,3.00
2009.05.07 23:30:56.385,1.27195,1.27305,1.60,1.40
2009.05.07 23:30:56.605,1.27175,1.27305,3.20,1.40
2009.05.07 23:30:57.065,1.2718,1.2731,1.60,1.40
2009.05.07 23:31:00.454,1.27195,1.2728,1.60,1.60
2009.05.07 23:31:02.443,1.27205,1.2728,1.60,1.60
2009.05.07 23:31:02.733,1.27205,1.27305,1.60,3.20
2009.05.07 23:31:02.914,1.27205,1.27305,1.60,1.60
2009.05.07 23:31:03.153,1.272,1.273,1.60,1.60
2009.05.07 23:31:06.213,1.27205,1.27305,1.60,4.60
2009.05.07 23:31:06.512,1.27205,1.27305,1.60,3.00
2009.05.07 23:31:17.030,1.272,1.27295,1.60,1.60
2009.05.07 23:31:22.449,1.27205,1.273,1.60,3.00
2009.05.07 23:31:22.619,1.27205,1.27305,1.60,4.60
2009.05.07 23:31:23.189,1.27205,1.27305,1.60,3.00
2009.05.07 23:31:26.868,1.27195,1.27295,3.20,1.60
2009.05.07 23:31:27.048,1.27195,1.27285,3.20,1.60
2009.05.07 23:31:27.347,1.27195,1.27285,1.60,1.60
2009.05.07 23:31:31.447,1.27195,1.2728,1.60,1.60
2009.05.07 23:31:31.917,1.27195,1.273,1.60,3.20
2009.05.07 23:31:32.036,1.27205,1.27305,1.60,1.60
2009.05.07 23:31:32.207,1.27205,1.27315,1.60,1.60
2009.05.07 23:31:32.496,1.27205,1.27325,1.60,3.00
2009.05.07 23:31:32.776,1.27205,1.2733,1.60,3.00
2009.05.07 23:31:32.997,1.27205,1.27325,1.60,1.40
2009.05.07 23:31:46.123,1.2722,1.27295,1.60,1.60
2009.05.07 23:31:46.363,1.2722,1.27315,1.60,3.20
2009.05.07 23:31:46.593,1.2723,1.27315,1.60,1.60
2009.05.07 23:31:46.993,1.2723,1.27335,1.60,1.60
2009.05.07 23:31:50.452,1.272,1.27295,1.60,1.60
2009.05.07 23:31:58.800,1.27215,1.27295,1.60,1.60
2009.05.07 23:31:59.080,1.2721,1.27295,1.60,1.60
2009.05.07 23:31:59.430,1.27215,1.27295,1.60,1.60
2009.05.07 23:31:59.550,1.2723,1.27295,1.60,1.60
2009.05.07 23:31:59.780,1.2723,1.2732,1.60,1.60
2009.05.07 23:32:00.010,1.2722,1.2732,1.60,1.60
2009.05.07 23:32:00.990,1.2722,1.2731,1.60,1.60
2009.05.07 23:32:01.110,1.27215,1.27315,1.60,3.00
2009.05.07 23:32:01.459,1.27215,1.27315,1.60,3.20
2009.05.07 23:32:01.809,1.2722,1.27315,1.60,1.60
2009.05.07 23:32:01.989,1.2722,1.27325,1.60,6.20
2009.05.07 23:32:02.169,1.272,1.2732,1.60,1.40
2009.05.07 23:32:02.749,1.2719,1.27315,3.20,1.60
2009.05.07 23:32:02.989,1.2719,1.2731,1.60,1.40
2009.05.07 23:32:04.379,1.27195,1.2731,1.60,3.00
2009.05.07 23:32:04.729,1.27205,1.2731,1.60,3.00
2009.05.07 23:32:04.838,1.27215,1.2731,1.60,3.00
2009.05.07 23:32:04.889,1.27215,1.2731,1.60,1.60
2009.05.07 23:32:04.999,1.27215,1.2733,1.60,3.00
2009.05.07 23:32:05.059,1.27215,1.2733,1.60,1.60
2009.05.07 23:32:05.178,1.27215,1.27335,1.60,1.40
2009.05.07 23:32:05.418,1.27205,1.27325,1.60,1.40
2009.05.07 23:32:13.826,1.27205,1.2731,1.60,1.60
2009.05.07 23:32:15.106,1.27215,1.27315,1.60,3.20
2009.05.07 23:32:16.326,1.27225,1.27315,1.60,1.60
2009.05.07 23:32:27.323,1.27235,1.27315,1.60,1.60
2009.05.07 23:32:27.733,1.2724,1.27305,1.60,1.60
2009.05.07 23:32:28.243,1.272,1.27305,1.60,1.60
2009.05.07 23:32:28.933,1.272,1.273,1.60,1.60
2009.05.07 23:32:30.682,1.27225,1.273,1.60,1.60
2009.05.07 23:32:31.092,1.27225,1.2732,3.20,1.60
2009.05.07 23:32:31.212,1.27225,1.27375,3.20,1.40
2009.05.07 23:32:32.602,1.27235,1.2736,1.60,1.40
2009.05.07 23:32:32.762,1.27225,1.2735,3.20,1.40
2009.05.07 23:32:32.992,1.27225,1.2735,1.60,1.40
2009.05.07 23:32:33.112,1.27205,1.2734,1.60,1.40
2009.05.07 23:32:46.729,1.2722,1.27345,1.60,1.40
2009.05.07 23:32:50.407,1.27195,1.2733,3.20,1.40
2009.05.07 23:32:50.767,1.27195,1.2733,1.60,1.40
2009.05.07 23:32:53.587,1.27195,1.2732,1.60,1.40
2009.05.07 23:32:53.757,1.27185,1.2731,1.60,1.40
2009.05.07 23:32:57.766,1.2718,1.27305,1.60,1.40
2009.05.07 23:32:58.386,1.2716,1.27295,1.60,1.40
2009.05.07 23:33:04.954,1.2716,1.2728,1.60,1.40
2009.05.07 23:33:05.704,1.2715,1.27275,1.60,1.40
2009.05.07 23:33:06.694,1.2716,1.2728,1.60,1.40
2009.05.07 23:33:10.063,1.2714,1.27265,1.60,1.40
2009.05.07 23:33:10.423,1.27135,1.2726,1.60,1.40
2009.05.07 23:33:12.152,1.2716,1.27305,1.60,1.40
2009.05.07 23:33:15.032,1.27175,1.273,1.60,1.40
2009.05.07 23:33:15.422,1.27165,1.2729,1.60,1.40
2009.05.07 23:33:18.391,1.2716,1.27285,1.60,1.40
2009.05.07 23:33:18.791,1.27165,1.2729,1.60,1.40
2009.05.07 23:33:20.440,1.27175,1.273,1.60,1.40
2009.05.07 23:33:25.459,1.2717,1.27295,1.60,1.40
2009.05.07 23:33:25.869,1.27175,1.273,1.60,1.40
2009.05.07 23:33:26.799,1.2718,1.27305,1.60,1.40
2009.05.07 23:33:29.339,1.27175,1.273,1.60,1.40
2009.05.07 23:33:29.918,1.2718,1.27305,1.60,1.40
2009.05.07 23:33:30.998,1.27185,1.2731,1.60,1.40
2009.05.07 23:33:31.798,1.2719,1.2731,1.60,1.40
2009.05.07 23:33:32.258,1.27185,1.27305,1.60,1.40
2009.05.07 23:33:33.577,1.2714,1.27285,1.60,1.40
2009.05.07 23:33:33.917,1.27145,1.2729,1.60,1.40
2009.05.07 23:33:34.717,1.27165,1.2729,1.60,1.40
2009.05.07 23:33:34.897,1.2718,1.27315,1.60,1.40
2009.05.07 23:33:35.347,1.27175,1.2731,1.60,1.40
2009.05.07 23:33:35.577,1.27185,1.27315,1.60,1.40
2009.05.07 23:33:37.986,1.2718,1.27305,1.60,1.40
2009.05.07 23:33:51.723,1.27185,1.27305,1.60,1.40
2009.05.07 23:33:56.581,1.27185,1.2731,1.60,1.40
2009.05.07 23:34:05.000,1.27185,1.27305,1.60,1.40
2009.05.07 23:34:05.529,1.27185,1.2731,1.60,1.40
2009.05.07 23:34:07.149,1.2716,1.27295,1.60,1.40
2009.05.07 23:34:08.239,1.2717,1.27295,1.60,1.40
2009.05.07 23:34:08.869,1.2716,1.27285,1.60,1.40
2009.05.07 23:34:09.089,1.27165,1.2729,1.60,1.40
2009.05.07 23:34:09.438,1.2717,1.27295,1.60,1.40
2009.05.07 23:34:10.518,1.27195,1.2735,1.60,1.40
2009.05.07 23:34:13.467,1.27205,1.2733,1.60,1.40
2009.05.07 23:34:13.817,1.2721,1.27335,1.60,1.40
2009.05.07 23:34:22.465,1.2722,1.2734,1.60,1.40
2009.05.07 23:35:06.105,1.2723,1.2734,1.60,1.40
2009.05.07 23:35:06.465,1.2723,1.2735,1.60,1.40
2009.05.07 23:35:19.412,1.2723,1.27355,3.20,3.00
2009.05.07 23:35:26.040,1.27235,1.2736,3.20,1.40
2009.05.07 23:35:40.577,1.2723,1.2735,3.20,1.40
2009.05.07 23:35:41.046,1.2723,1.2735,1.60,1.40
2009.05.07 23:35:44.955,1.2723,1.27345,1.60,1.40
2009.05.07 23:35:45.365,1.2723,1.2735,1.60,1.40
2009.05.07 23:35:52.243,1.2722,1.2734,3.20,1.40
2009.05.07 23:35:56.023,1.2722,1.27335,1.60,1.40
2009.05.07 23:35:56.263,1.2723,1.27335,1.60,1.40
2009.05.07 23:35:56.323,1.2723,1.27345,1.60,1.40
2009.05.07 23:35:58.122,1.27235,1.27355,1.60,1.40
2009.05.07 23:36:00.561,1.2723,1.27355,3.20,3.00
2009.05.07 23:36:00.682,1.2723,1.27345,1.60,1.40
2009.05.07 23:36:22.306,1.2722,1.27345,3.20,1.40
2009.05.07 23:36:22.536,1.2722,1.27335,1.60,1.40
2009.05.07 23:36:22.706,1.27215,1.27335,1.60,1.40
2009.05.07 23:36:22.826,1.27195,1.27315,1.60,1.40
2009.05.07 23:36:23.066,1.2714,1.2729,1.60,1.40
2009.05.07 23:36:27.675,1.27265,1.27365,1.60,1.60
2009.05.07 23:36:27.915,1.27265,1.27365,1.60,3.00
2009.05.07 23:36:30.974,1.27265,1.27365,1.60,4.60
2009.05.07 23:36:36.053,1.27255,1.27355,1.60,1.60
2009.05.07 23:36:36.683,1.27255,1.27355,1.60,3.20
2009.05.07 23:36:38.142,1.27245,1.27345,1.60,1.60
2009.05.07 23:36:38.532,1.27245,1.2734,1.60,1.60
2009.05.07 23:36:53.219,1.2723,1.27335,1.60,3.00
2009.05.07 23:36:53.899,1.2722,1.27325,1.60,1.60
2009.05.07 23:36:55.488,1.2723,1.2733,1.60,1.40
2009.05.07 23:36:55.608,1.2723,1.27335,1.60,3.20
2009.05.07 23:36:55.778,1.2723,1.27335,1.60,1.60
2009.05.07 23:37:02.007,1.27235,1.2733,1.60,1.40
2009.05.07 23:37:02.127,1.27235,1.27335,1.60,1.60
2009.05.07 23:37:02.247,1.27235,1.2734,1.60,1.60
2009.05.07 23:37:02.367,1.27235,1.27345,1.60,1.60
2009.05.07 23:37:11.814,1.27235,1.27335,3.20,1.60
2009.05.07 23:37:11.984,1.2724,1.27325,1.60,1.60
2009.05.07 23:37:12.264,1.27215,1.27325,3.20,1.60
2009.05.07 23:37:12.374,1.27215,1.27325,1.60,1.60
2009.05.07 23:37:12.904,1.27225,1.2733,1.60,1.40
2009.05.07 23:37:13.144,1.27225,1.27335,1.60,3.00
2009.05.07 23:37:16.863,1.2724,1.27335,1.60,1.40
2009.05.07 23:37:16.923,1.2724,1.2734,1.60,1.60
2009.05.07 23:37:19.532,1.27235,1.27335,1.60,1.60
2009.05.07 23:37:52.065,1.2717,1.27295,1.60,1.40
2009.05.07 23:37:52.234,1.27175,1.27295,1.60,1.40
2009.05.07 23:37:52.445,1.27175,1.27305,3.20,1.40
2009.05.07 23:37:52.564,1.27185,1.2731,1.60,1.40
2009.05.07 23:37:52.924,1.2718,1.27305,1.60,1.40
2009.05.07 23:37:53.444,1.2718,1.27295,1.60,1.40
2009.05.07 23:37:53.674,1.2718,1.27305,3.20,1.40
2009.05.07 23:38:02.792,1.2721,1.2732,1.60,3.00
2009.05.07 23:38:04.742,1.2722,1.2732,1.60,1.40
2009.05.07 23:38:04.912,1.2722,1.27325,1.60,3.20
2009.05.07 23:38:04.972,1.2722,1.27325,1.60,1.60
2009.05.07 23:38:06.021,1.2721,1.2732,1.60,1.60
2009.05.07 23:38:06.381,1.2721,1.2732,1.60,3.00
2009.05.07 23:38:50.850,1.2722,1.27325,1.60,3.20
2009.05.07 23:38:50.910,1.2722,1.27325,1.60,1.60
2009.05.07 23:38:54.320,1.2721,1.2732,1.60,3.00
2009.05.07 23:38:55.479,1.2719,1.2731,1.60,1.40
2009.05.07 23:38:55.869,1.2718,1.2731,1.60,1.40
2009.05.07 23:38:55.929,1.27175,1.27305,3.20,1.40
2009.05.07 23:38:57.239,1.2718,1.27305,4.80,1.40
2009.05.07 23:38:57.599,1.27195,1.27325,3.20,1.40
2009.05.07 23:38:57.889,1.272,1.27325,1.60,1.40
2009.05.07 23:38:58.129,1.2719,1.2732,1.60,1.40
2009.05.07 23:38:58.648,1.2719,1.27315,1.60,1.40
2009.05.07 23:39:01.678,1.2718,1.27305,3.20,1.40
2009.05.07 23:39:02.188,1.272,1.27305,1.60,1.40
2009.05.07 23:39:02.408,1.272,1.27325,1.60,3.00
2009.05.07 23:40:02.653,1.2721,1.2732,1.60,1.60
2009.05.07 23:40:29.847,1.2719,1.2732,1.60,1.60
2009.05.07 23:40:30.187,1.2719,1.2731,1.60,3.60
2009.05.07 23:40:30.486,1.27175,1.27285,1.60,1.40
2009.05.07 23:40:30.546,1.2714,1.27285,1.60,1.40
2009.05.07 23:40:30.826,1.27125,1.2727,1.60,1.40
2009.05.07 23:40:36.985,1.27175,1.2726,1.60,1.40
2009.05.07 23:40:37.155,1.27175,1.27325,3.20,1.40
2009.05.07 23:40:47.352,1.27195,1.2731,1.60,1.40
2009.05.07 23:40:47.652,1.27195,1.2732,3.20,3.00
2009.05.07 23:40:47.762,1.27195,1.2732,3.20,1.40
2009.05.07 23:40:54.250,1.2719,1.2731,3.20,1.40
2009.05.07 23:41:16.995,1.27195,1.2731,1.60,1.40
2009.05.07 23:41:17.115,1.27195,1.2732,3.20,3.00
2009.05.07 23:41:17.235,1.27195,1.2732,3.20,1.40
2009.05.07 23:41:48.788,1.2719,1.2731,3.20,1.40
2009.05.07 23:41:56.805,1.2719,1.2731,1.60,1.40
2009.05.07 23:42:07.763,1.27185,1.2731,3.20,1.40
2009.05.07 23:42:16.511,1.2713,1.27255,1.60,1.40
2009.05.07 23:42:16.961,1.27125,1.2725,1.60,1.40
2009.05.07 23:42:17.371,1.2713,1.27255,1.60,1.40
2009.05.07 23:42:18.790,1.2712,1.27245,1.60,1.40
2009.05.07 23:42:19.420,1.27095,1.2723,1.60,1.40
2009.05.07 23:42:23.089,1.2711,1.27235,1.60,1.40
2009.05.07 23:42:24.679,1.27125,1.27235,1.60,1.40
2009.05.07 23:42:24.849,1.27145,1.27275,1.60,1.60
2009.05.07 23:42:28.258,1.27145,1.2725,3.20,1.60
2009.05.07 23:42:28.428,1.27145,1.2725,1.60,1.60
2009.05.07 23:42:28.548,1.2714,1.2725,3.20,1.60
2009.05.07 23:42:28.778,1.2714,1.2725,1.60,1.60
2009.05.07 23:42:54.061,1.2715,1.27255,1.60,3.00
2009.05.07 23:42:54.282,1.2715,1.27255,1.60,1.60
2009.05.07 23:42:54.402,1.2715,1.27265,1.60,1.60
2009.05.07 23:42:54.921,1.2715,1.2727,1.60,3.00
2009.05.07 23:42:55.381,1.27155,1.2727,1.60,1.60
2009.05.07 23:42:55.611,1.27165,1.2727,1.60,1.60
2009.05.07 23:42:57.561,1.27165,1.2727,1.60,3.00
2009.05.07 23:42:57.671,1.27155,1.27265,1.60,1.60
2009.05.07 23:43:00.360,1.2717,1.2727,1.60,1.40
2009.05.07 23:43:00.650,1.2717,1.2728,1.60,4.60
2009.05.07 23:43:00.710,1.2717,1.2728,1.60,3.20
2009.05.07 23:43:01.000,1.2717,1.2728,1.60,1.60
2009.05.07 23:43:11.098,1.27165,1.2727,1.60,1.60
2009.05.07 23:43:50.448,1.2717,1.2727,1.60,1.60
2009.05.07 23:43:50.508,1.27175,1.27295,1.60,1.60
2009.05.07 23:43:50.628,1.2718,1.27295,1.60,1.60
2009.05.07 23:43:50.928,1.27195,1.2731,1.60,1.60
2009.05.07 23:43:50.978,1.272,1.2732,1.60,1.60
2009.05.07 23:43:51.268,1.272,1.27325,1.60,3.20
2009.05.07 23:43:51.328,1.272,1.27325,1.60,1.60
2009.05.07 23:43:56.007,1.27205,1.2731,1.60,1.60
2009.05.07 23:43:56.246,1.272,1.2731,3.20,1.60
2009.05.07 23:43:56.356,1.272,1.2731,1.60,1.60
2009.05.07 23:43:57.147,1.2719,1.27305,1.60,1.60
2009.05.07 23:43:57.486,1.2719,1.27305,1.60,3.00
2009.05.07 23:44:04.625,1.272,1.27305,1.60,1.40
2009.05.07 23:44:05.044,1.272,1.2731,1.60,1.60
2009.05.07 23:44:09.513,1.2721,1.27315,1.60,1.40
2009.05.07 23:44:09.633,1.2721,1.2732,1.60,4.60
2009.05.07 23:44:10.043,1.2721,1.2732,1.60,3.00
2009.05.07 23:44:13.462,1.272,1.2731,3.20,1.60
2009.05.07 23:44:13.512,1.272,1.2731,1.60,1.60
2009.05.07 23:44:28.109,1.2721,1.27315,1.60,1.40
2009.05.07 23:44:28.349,1.2721,1.2732,1.60,4.60
2009.05.07 23:44:28.469,1.2721,1.2732,1.60,3.00
2009.05.07 23:44:32.328,1.272,1.2731,1.60,1.60
2009.05.07 23:44:49.064,1.27195,1.273,1.60,1.60
2009.05.07 23:44:49.994,1.272,1.2731,1.60,1.60
2009.05.07 23:45:12.658,1.2721,1.27315,1.60,1.40
2009.05.07 23:45:12.938,1.2721,1.2732,1.60,4.60
2009.05.07 23:45:13.408,1.2721,1.2732,1.60,3.00
2009.05.07 23:45:15.677,1.2721,1.2732,1.60,1.60
2009.05.07 23:45:15.917,1.2722,1.27325,1.60,1.60
2009.05.07 23:45:31.434,1.2722,1.27325,1.60,3.00
2009.05.07 23:45:31.494,1.272,1.27325,1.60,3.00
2009.05.07 23:45:33.333,1.27215,1.27325,1.60,1.60
2009.05.07 23:45:39.202,1.2722,1.2732,1.60,1.40
2009.05.07 23:45:39.381,1.272,1.2732,1.60,1.40
2009.05.07 23:45:41.321,1.27205,1.27325,3.20,1.60
2009.05.07 23:45:41.441,1.27215,1.27325,1.60,1.60
2009.05.07 23:45:42.341,1.272,1.27325,4.80,1.60
2009.05.07 23:45:42.581,1.272,1.2732,1.60,1.40
2009.05.07 23:45:49.309,1.27205,1.27325,1.60,3.00
2009.05.07 23:45:52.019,1.27215,1.27325,1.60,3.00
2009.05.07 23:45:52.358,1.27215,1.27325,1.60,1.60
2009.05.07 23:45:54.978,1.27235,1.27335,1.60,1.60
2009.05.07 23:45:55.098,1.27235,1.2734,1.60,3.20
2009.05.07 23:45:55.488,1.27235,1.2734,1.60,1.60
2009.05.07 23:46:04.136,1.27235,1.27335,1.60,1.60
2009.05.07 23:46:08.105,1.27225,1.27325,1.60,1.60
2009.05.07 23:46:10.234,1.27235,1.2733,1.60,3.00
2009.05.07 23:46:10.354,1.27235,1.2733,1.60,4.80
2009.05.07 23:46:10.714,1.27235,1.2733,1.60,3.20
2009.05.07 23:46:14.403,1.27225,1.2732,1.60,1.60
2009.05.07 23:46:15.123,1.2718,1.27295,1.60,1.60
2009.05.07 23:46:15.463,1.2719,1.27305,1.60,3.20
2009.05.07 23:46:17.543,1.272,1.27295,3.20,3.20
2009.05.07 23:46:17.662,1.2721,1.27315,1.60,3.00
2009.05.07 23:46:17.842,1.2721,1.27315,1.60,1.60
2009.05.07 23:46:17.962,1.27195,1.27315,1.60,3.20
2009.05.07 23:46:18.072,1.2721,1.27315,1.60,1.60
2009.05.07 23:46:21.121,1.27195,1.27305,1.60,1.60
2009.05.07 23:46:21.531,1.27185,1.27305,1.60,1.60
2009.05.07 23:46:21.651,1.2717,1.2728,1.60,1.40
2009.05.07 23:46:21.831,1.2717,1.2729,1.60,1.40
2009.05.07 23:46:21.891,1.2715,1.2729,1.60,1.40
2009.05.07 23:46:24.031,1.27175,1.27275,1.60,1.40
2009.05.07 23:46:24.091,1.27205,1.27275,1.60,1.40
2009.05.07 23:46:24.311,1.27205,1.27315,1.60,1.60
2009.05.07 23:46:24.471,1.27195,1.27315,1.60,1.60
2009.05.07 23:46:25.060,1.27185,1.27305,1.60,1.60
2009.05.07 23:46:25.290,1.27205,1.27315,1.60,4.60
2009.05.07 23:46:25.460,1.27205,1.27305,1.60,3.20
2009.05.07 23:46:25.760,1.27205,1.27305,1.60,1.60
2009.05.07 23:46:28.929,1.27215,1.2731,1.60,3.00
2009.05.07 23:46:29.219,1.27215,1.2731,1.60,3.20
2009.05.07 23:46:29.279,1.27215,1.2731,1.60,1.60
2009.05.07 23:46:34.808,1.2721,1.27305,1.60,1.60
2009.05.07 23:46:35.158,1.27215,1.2731,1.60,1.60
2009.05.07 23:46:35.378,1.27215,1.2732,1.60,1.60
2009.05.07 23:46:36.418,1.27225,1.27325,1.60,3.00
2009.05.07 23:46:36.818,1.27225,1.2733,1.60,1.60
2009.05.07 23:46:43.476,1.27205,1.27325,3.20,1.60
2009.05.07 23:46:43.756,1.27205,1.27325,1.60,1.60
2009.05.07 23:46:43.866,1.272,1.27325,3.20,1.60
2009.05.07 23:46:44.046,1.272,1.27325,1.60,3.00
2009.05.07 23:46:45.306,1.27215,1.27325,1.60,3.00
2009.05.07 23:46:45.426,1.27215,1.27325,1.60,1.60
2009.05.07 23:47:45.031,1.272,1.27325,4.80,1.60
2009.05.07 23:47:45.211,1.27215,1.27325,1.60,1.60
2009.05.07 23:48:18.803,1.2721,1.27325,1.60,1.60
2009.05.07 23:48:18.983,1.27205,1.27325,4.80,1.60
2009.05.07 23:48:19.033,1.27205,1.2733,4.80,1.40
2009.05.07 23:48:19.433,1.27205,1.2733,3.20,1.40
2009.05.07 23:48:19.483,1.2722,1.2734,1.60,3.00
2009.05.07 23:48:19.653,1.2722,1.2734,1.60,1.40
2009.05.07 23:48:21.473,1.27205,1.27335,1.60,1.40
2009.05.07 23:48:29.101,1.2721,1.27325,1.60,1.60
2009.05.07 23:48:29.431,1.27205,1.27325,3.20,1.60
2009.05.07 23:48:33.270,1.2722,1.2733,1.60,3.20
2009.05.07 23:48:33.509,1.2722,1.2733,1.60,1.60
2009.05.07 23:48:38.328,1.27235,1.27335,1.60,3.00
2009.05.07 23:48:38.508,1.27235,1.27335,1.60,1.60
2009.05.07 23:49:16.089,1.27225,1.2733,1.60,1.60
2009.05.07 23:49:17.559,1.27225,1.2733,3.00,1.60
2009.05.07 23:49:18.758,1.27225,1.2733,1.60,1.60
2009.05.07 23:49:18.998,1.27225,1.2733,1.60,3.00
2009.05.07 23:49:56.580,1.27225,1.2733,1.60,1.60
2009.05.07 23:49:57.049,1.27235,1.27335,1.60,3.20
2009.05.07 23:49:57.109,1.27235,1.27335,1.60,1.60
2009.05.07 23:49:58.049,1.27225,1.2733,1.60,1.60
2009.05.07 23:49:58.279,1.27225,1.2733,1.60,3.00
2009.05.07 23:50:24.233,1.27215,1.2732,3.00,1.60
2009.05.07 23:50:24.583,1.27215,1.2732,3.00,3.00
2009.05.07 23:50:30.931,1.27275,1.27395,1.60,1.60
2009.05.07 23:50:32.261,1.2727,1.2737,1.60,1.60
2009.05.07 23:50:32.491,1.2727,1.2737,1.60,3.20
2009.05.07 23:50:34.550,1.2726,1.2736,3.20,1.60
2009.05.07 23:50:34.790,1.2726,1.2736,1.60,1.60
2009.05.07 23:50:38.109,1.27215,1.27335,3.20,1.40
2009.05.07 23:50:38.399,1.27205,1.2733,1.60,1.40
2009.05.07 23:50:38.759,1.272,1.27325,2.60,1.40
2009.05.07 23:50:39.339,1.2721,1.27325,1.20,1.40
2009.05.07 23:50:39.509,1.2722,1.27325,1.60,1.40
2009.05.07 23:50:39.679,1.27225,1.2736,1.60,1.40
2009.05.07 23:50:42.088,1.27245,1.2737,1.60,1.40
2009.05.07 23:50:42.318,1.27255,1.2737,1.60,3.60
2009.05.07 23:50:42.938,1.2725,1.2737,1.60,3.60
2009.05.07 23:50:43.178,1.2724,1.27365,3.20,1.40
2009.05.07 23:50:45.827,1.2724,1.27365,4.60,1.40
2009.05.07 23:50:45.887,1.2726,1.27365,1.60,1.40
2009.05.07 23:50:46.008,1.2726,1.27375,1.60,5.40
2009.05.07 23:50:46.467,1.2726,1.27375,1.60,7.00
2009.05.07 23:50:48.107,1.2727,1.27375,1.60,5.40
2009.05.07 23:50:49.087,1.2727,1.27375,1.60,7.00
2009.05.07 23:50:50.017,1.2727,1.27375,1.60,5.40
2009.05.07 23:50:53.206,1.27265,1.27365,1.60,1.60
2009.05.07 23:51:05.423,1.27255,1.27355,1.60,1.60
2009.05.07 23:51:05.893,1.27255,1.27355,1.60,3.20
2009.05.07 23:51:11.511,1.27265,1.27355,1.60,1.60
2009.05.07 23:51:11.801,1.27265,1.2736,1.60,1.60
2009.05.07 23:51:11.921,1.27265,1.27365,1.60,1.60
2009.05.07 23:51:13.731,1.27265,1.27365,1.60,3.20
2009.05.07 23:51:14.191,1.27265,1.27365,1.60,4.80
2009.05.07 23:51:16.740,1.2726,1.27355,1.60,1.60
2009.05.07 23:51:19.979,1.2724,1.27345,1.60,1.60
2009.05.07 23:51:20.600,1.27235,1.27345,1.60,3.00
2009.05.07 23:51:22.999,1.2722,1.27335,1.60,1.60
2009.05.07 23:51:23.219,1.27235,1.2734,1.60,1.60
2009.05.07 23:51:23.808,1.2722,1.27335,1.60,1.60
2009.05.07 23:51:25.368,1.27235,1.27335,1.60,1.60
2009.05.07 23:51:27.188,1.27215,1.27325,1.60,1.60
2009.05.07 23:51:27.428,1.2721,1.27325,1.60,1.60
2009.05.07 23:51:27.667,1.27195,1.2732,3.20,1.60
2009.05.07 23:51:27.777,1.27175,1.273,2.60,1.40
2009.05.07 23:51:28.417,1.27175,1.2731,4.20,1.40
2009.05.07 23:51:32.716,1.2718,1.27305,5.60,1.40
2009.05.07 23:51:32.886,1.2719,1.2731,1.60,3.00
2009.05.07 23:51:33.286,1.2718,1.27305,4.60,1.40
2009.05.07 23:51:33.796,1.2718,1.27305,3.20,3.20
2009.05.07 23:51:35.136,1.2718,1.273,1.60,1.60
2009.05.07 23:51:35.646,1.2717,1.27295,3.20,1.40
2009.05.07 23:51:40.914,1.27165,1.27285,3.20,1.40
2009.05.07 23:51:41.094,1.27165,1.27285,1.60,1.40
2009.05.07 23:51:43.404,1.2716,1.2728,1.60,3.00
2009.05.07 23:51:43.634,1.27155,1.2728,4.60,3.00
2009.05.07 23:51:43.974,1.27155,1.27265,1.40,1.40
2009.05.07 23:51:44.153,1.2712,1.2726,2.60,1.40
2009.05.07 23:51:44.383,1.27125,1.27265,1.60,1.40
2009.05.07 23:51:45.113,1.2712,1.27255,1.60,1.40
2009.05.07 23:51:45.803,1.27135,1.2726,1.60,1.40
2009.05.07 23:51:45.913,1.27145,1.2727,1.60,1.40
2009.05.07 23:51:46.433,1.27135,1.2726,1.60,1.40
2009.05.07 23:51:46.833,1.2714,1.27265,1.60,1.40
2009.05.07 23:51:47.243,1.27155,1.2729,1.60,3.60
2009.05.07 23:51:47.353,1.27165,1.2729,1.60,3.60
2009.05.07 23:51:47.523,1.27155,1.2727,1.60,2.00
2009.05.07 23:51:48.093,1.27105,1.2724,1.20,1.40
2009.05.07 23:51:48.562,1.27105,1.2725,1.20,1.40
2009.05.07 23:51:48.802,1.271,1.2725,1.60,1.40
2009.05.07 23:51:49.092,1.27095,1.2724,1.60,1.40
2009.05.07 23:51:49.492,1.27155,1.2723,1.60,1.40
2009.05.07 23:51:49.722,1.27165,1.273,1.60,6.80
2009.05.07 23:51:50.002,1.27155,1.2729,1.60,3.60
2009.05.07 23:51:52.262,1.2717,1.27275,1.60,5.20
2009.05.07 23:51:52.321,1.2718,1.27275,1.60,1.60
2009.05.07 23:51:53.082,1.2718,1.27285,1.60,5.20
2009.05.07 23:51:53.201,1.2717,1.27275,1.60,1.60
2009.05.07 23:51:53.741,1.2715,1.2726,3.20,1.60
2009.05.07 23:51:54.131,1.2715,1.2726,1.60,1.60
2009.05.07 23:51:54.651,1.27155,1.2727,1.60,3.00
2009.05.07 23:51:55.111,1.2716,1.2726,1.60,1.60
2009.05.07 23:51:55.271,1.2716,1.27265,1.60,1.60
2009.05.07 23:51:57.880,1.2717,1.2727,1.60,4.60
2009.05.07 23:51:58.060,1.2717,1.2727,1.60,3.20
2009.05.07 23:51:58.580,1.2717,1.2727,1.60,1.60
2009.05.07 23:52:02.979,1.2715,1.27255,1.60,1.60
2009.05.07 23:52:03.220,1.27145,1.27255,1.60,1.60
2009.05.07 23:52:03.329,1.27135,1.27255,1.60,1.60
2009.05.07 23:52:03.549,1.2712,1.2725,1.60,1.40
2009.05.07 23:52:03.669,1.27115,1.2725,3.20,1.40
2009.05.07 23:52:06.798,1.2712,1.27245,1.60,3.00
2009.05.07 23:52:06.918,1.27115,1.27235,3.20,1.40
2009.05.07 23:52:07.088,1.27115,1.27235,1.60,1.40
2009.05.07 23:52:07.328,1.2712,1.27245,3.20,5.20
2009.05.07 23:52:07.508,1.2713,1.27245,1.60,3.00
2009.05.07 23:52:07.848,1.2713,1.2725,3.20,1.60
2009.05.07 23:52:08.118,1.2712,1.2724,1.60,1.40
2009.05.07 23:52:08.758,1.2712,1.27245,3.20,1.40
2009.05.07 23:52:12.317,1.2712,1.27245,1.60,1.40
2009.05.07 23:52:12.487,1.27115,1.27235,1.60,1.40
2009.05.07 23:52:12.947,1.27115,1.2724,1.60,1.40
2009.05.07 23:52:13.166,1.2711,1.27235,3.20,1.40
2009.05.07 23:52:15.356,1.2711,1.27225,1.60,1.40
2009.05.07 23:52:15.596,1.27115,1.27245,1.60,3.00
2009.05.07 23:52:15.706,1.27115,1.27245,1.60,1.40
2009.05.07 23:52:15.986,1.2711,1.2724,3.20,1.40
2009.05.07 23:52:16.546,1.2712,1.27245,1.60,1.40
2009.05.07 23:52:16.776,1.2712,1.27245,1.60,1.40
2009.05.07 23:52:17.855,1.27115,1.27235,1.60,1.40
2009.05.07 23:52:25.213,1.2711,1.27235,1.60,1.40
2009.05.07 23:52:25.733,1.27115,1.27235,1.60,1.40
2009.05.07 23:52:31.112,1.27095,1.27225,1.60,1.40
2009.05.07 23:52:31.662,1.2709,1.2722,1.60,1.40
2009.05.07 23:52:34.381,1.271,1.27225,1.60,1.40
2009.05.07 23:52:39.130,1.27105,1.2723,1.60,1.40
2009.05.07 23:52:55.796,1.27105,1.2723,3.20,1.40
2009.05.07 23:52:55.956,1.2711,1.27235,1.60,3.60
2009.05.07 23:52:56.186,1.2711,1.27235,1.60,1.40
2009.05.07 23:53:10.562,1.2711,1.27225,1.60,2.00
2009.05.07 23:53:10.962,1.271,1.27225,1.60,3.60
2009.05.07 23:53:20.120,1.271,1.27225,3.20,3.60
2009.05.07 23:53:20.350,1.27115,1.27225,1.60,2.00
2009.05.07 23:53:20.400,1.27115,1.27245,1.60,1.40
2009.05.07 23:53:31.777,1.2711,1.2723,1.60,2.00
2009.05.07 23:53:32.067,1.27105,1.2723,1.60,2.00
2009.05.07 23:53:32.227,1.271,1.2723,1.60,3.60
2009.05.07 23:53:32.698,1.2711,1.2724,1.60,1.40
2009.05.07 23:53:33.507,1.27105,1.27235,1.60,1.40
2009.05.07 23:53:33.797,1.2711,1.2723,1.60,2.00
2009.05.07 23:53:34.037,1.271,1.27225,1.60,1.40
2009.05.07 23:53:40.106,1.2711,1.27225,1.40,1.40
2009.05.07 23:53:40.386,1.2712,1.27235,1.60,1.40
2009.05.07 23:53:40.605,1.2713,1.27255,1.60,1.60
2009.05.07 23:53:40.835,1.2713,1.2726,1.60,5.20
2009.05.07 23:53:41.065,1.2713,1.2726,1.60,3.60
2009.05.07 23:53:44.205,1.27115,1.27245,1.60,1.40
2009.05.07 23:53:44.444,1.27115,1.27255,1.60,3.60
2009.05.07 23:53:44.734,1.27105,1.27225,1.60,2.00
2009.05.07 23:53:45.024,1.27095,1.2722,1.60,1.40
2009.05.07 23:53:45.304,1.27115,1.27255,1.60,1.40
2009.05.07 23:53:45.714,1.27105,1.27245,1.60,1.40
2009.05.07 23:53:46.454,1.27105,1.2723,1.60,1.40
2009.05.07 23:53:46.754,1.27105,1.27215,1.60,2.00
2009.05.07 23:53:47.044,1.27065,1.2721,1.60,1.40
2009.05.07 23:53:47.224,1.27055,1.2719,1.20,1.40
2009.05.07 23:53:47.343,1.27055,1.272,2.60,1.40
2009.05.07 23:53:47.694,1.27055,1.27195,1.60,2.00
2009.05.07 23:53:47.854,1.2708,1.27175,1.20,1.40
2009.05.07 23:53:48.264,1.2707,1.27175,1.20,1.40
2009.05.07 23:53:48.504,1.2707,1.27215,2.60,1.40
2009.05.07 23:53:48.623,1.2707,1.2721,1.20,1.40
2009.05.07 23:53:49.663,1.27055,1.27185,1.20,1.40
2009.05.07 23:53:49.943,1.2705,1.2718,1.60,2.00
2009.05.07 23:53:50.123,1.2704,1.2717,1.60,1.40
2009.05.07 23:53:50.533,1.2707,1.2717,1.20,1.40
2009.05.07 23:53:50.883,1.27075,1.27225,1.60,1.40
2009.05.07 23:53:51.573,1.27095,1.27225,1.20,1.40
2009.05.07 23:53:51.743,1.271,1.2723,1.60,1.40
2009.05.07 23:53:55.062,1.27105,1.27225,1.60,1.40
2009.05.07 23:53:55.292,1.271,1.27225,1.60,1.40
2009.05.07 23:53:55.772,1.27105,1.27225,1.60,1.40
2009.05.07 23:53:59.951,1.271,1.27225,1.60,1.40
2009.05.07 23:54:00.641,1.27105,1.27225,1.60,1.40
2009.05.07 23:54:02.610,1.271,1.27225,1.60,1.40
2009.05.07 23:54:03.300,1.27105,1.27225,1.60,1.40
2009.05.07 23:54:04.620,1.271,1.27225,1.60,1.40
2009.05.07 23:54:05.249,1.2711,1.27235,1.60,1.40
2009.05.07 23:54:12.108,1.27125,1.2725,1.60,3.60
2009.05.07 23:54:12.348,1.27115,1.2724,1.60,1.40
2009.05.07 23:54:13.277,1.27125,1.2725,1.60,3.60
2009.05.07 23:54:16.936,1.27125,1.2725,1.60,1.40
2009.05.07 23:54:19.486,1.27125,1.27245,1.60,2.00
2009.05.07 23:54:19.826,1.27085,1.2723,1.60,1.40
2009.05.07 23:54:19.946,1.27095,1.2723,1.60,1.40
2009.05.07 23:54:20.066,1.27095,1.27235,1.60,1.40
2009.05.07 23:54:20.546,1.27095,1.2724,3.20,1.40
2009.05.07 23:54:21.415,1.2711,1.27235,1.60,3.60
2009.05.07 23:54:25.524,1.2711,1.27235,3.20,3.60
2009.05.07 23:54:25.695,1.2712,1.27245,1.60,1.40
2009.05.07 23:54:44.590,1.2712,1.27245,3.20,1.40
2009.05.07 23:54:44.920,1.2713,1.2725,1.60,1.40
2009.05.07 23:54:45.100,1.27125,1.2725,1.60,1.40
2009.05.07 23:54:51.728,1.27125,1.2725,3.20,1.40
2009.05.07 23:54:51.908,1.27145,1.27275,1.60,3.00
2009.05.07 23:54:52.078,1.27155,1.27275,1.60,1.60
2009.05.07 23:54:52.438,1.27145,1.27285,1.60,1.40
2009.05.07 23:54:52.848,1.27145,1.2728,1.60,1.60
2009.05.07 23:54:53.018,1.2715,1.27275,1.60,3.00
2009.05.07 23:54:53.258,1.27155,1.2728,1.60,5.20
2009.05.07 23:54:53.488,1.27145,1.2727,1.60,1.40
2009.05.07 23:54:54.577,1.2715,1.27275,1.60,1.40
2009.05.07 23:54:55.787,1.2715,1.2727,1.60,1.40
2009.05.07 23:54:56.297,1.2715,1.2727,1.60,3.60
2009.05.07 23:54:56.527,1.2713,1.2726,1.60,1.40
2009.05.07 23:54:56.997,1.27125,1.27255,1.60,1.40
2009.05.07 23:54:57.517,1.2713,1.2726,1.60,1.40
2009.05.07 23:55:01.116,1.2711,1.27265,1.20,2.00
2009.05.07 23:55:01.406,1.271,1.27255,2.60,2.00
2009.05.07 23:55:01.966,1.27105,1.2726,1.20,2.00
2009.05.07 23:55:15.422,1.2715,1.27265,1.60,1.60
2009.05.07 23:55:26.970,1.2715,1.27245,1.60,1.20
2009.05.07 23:55:27.150,1.2713,1.27225,1.60,1.60
2009.05.07 23:55:27.450,1.27125,1.27225,1.60,1.60
2009.05.07 23:55:27.620,1.2709,1.27225,1.40,1.60
2009.05.07 23:55:29.379,1.27115,1.2722,1.20,1.60
2009.05.07 23:55:29.889,1.2711,1.2728,1.20,2.00
2009.05.07 23:55:32.679,1.2712,1.27265,1.60,2.00
2009.05.07 23:55:33.128,1.2712,1.2727,2.60,2.00
2009.05.07 23:55:35.967,1.2712,1.2728,1.60,3.20
2009.05.07 23:55:37.797,1.27115,1.2728,1.60,3.20
2009.05.07 23:55:38.097,1.27095,1.2728,1.60,3.20
2009.05.07 23:55:43.586,1.2711,1.27285,1.60,3.20
2009.05.07 23:55:44.455,1.27125,1.2729,1.60,1.60
2009.05.07 23:55:44.685,1.27135,1.27295,1.60,1.60
2009.05.07 23:55:45.085,1.27135,1.273,1.60,1.60
2009.05.07 23:55:45.325,1.27135,1.2731,1.60,7.00
2009.05.07 23:55:47.195,1.27135,1.273,1.60,1.60
2009.05.07 23:55:47.425,1.27135,1.273,1.60,3.60
2009.05.07 23:55:47.585,1.27135,1.2729,1.60,1.60
2009.05.07 23:55:47.925,1.27115,1.2729,1.60,1.60
2009.05.07 23:55:48.104,1.2711,1.2729,1.60,1.60
2009.05.07 23:55:49.004,1.27115,1.27285,1.60,3.20
2009.05.07 23:55:50.674,1.27125,1.27285,1.60,1.60
2009.05.07 23:55:50.844,1.27135,1.2729,1.60,1.60
2009.05.07 23:55:51.174,1.27135,1.273,1.60,1.60
2009.05.07 23:55:51.284,1.27135,1.27305,1.60,1.60
2009.05.07 23:55:51.633,1.27135,1.2731,1.60,7.00
2009.05.07 23:55:52.883,1.2714,1.2731,1.60,5.20
2009.05.07 23:55:55.533,1.2714,1.27305,1.60,2.00
2009.05.07 23:55:56.582,1.2714,1.2731,1.60,5.20
2009.05.07 23:55:57.032,1.27135,1.273,1.60,1.60
2009.05.07 23:55:57.152,1.2713,1.273,3.20,1.60
2009.05.07 23:55:57.262,1.2713,1.273,1.60,1.60
2009.05.07 23:55:57.892,1.2713,1.273,1.60,3.20
2009.05.07 23:56:05.760,1.27135,1.27265,1.60,1.60
2009.05.07 23:56:06.460,1.27145,1.2727,1.60,1.60
2009.05.07 23:56:07.080,1.27155,1.27265,1.60,3.20
2009.05.07 23:56:07.260,1.27155,1.27265,1.60,1.60
2009.05.07 23:56:09.479,1.27165,1.27275,1.60,3.20
2009.05.07 23:56:09.889,1.27165,1.2728,1.60,1.60
2009.05.07 23:56:10.069,1.27165,1.27285,1.60,1.60
2009.05.07 23:56:10.399,1.27145,1.27285,1.60,1.60
2009.05.07 23:56:10.569,1.27145,1.27295,1.60,1.60
2009.05.07 23:56:10.749,1.2714,1.2729,1.60,1.60
2009.05.07 23:56:10.979,1.27105,1.27325,1.20,2.00
2009.05.07 23:56:11.679,1.27075,1.2733,1.60,6.80
2009.05.07 23:56:11.799,1.27075,1.2728,1.60,1.60
2009.05.07 23:56:13.968,1.27085,1.2725,1.60,1.60
2009.05.07 23:56:14.018,1.27085,1.2725,3.20,1.60
2009.05.07 23:56:14.418,1.27085,1.2725,1.60,1.60
2009.05.07 23:56:14.638,1.27065,1.2725,1.60,1.60
2009.05.07 23:56:14.878,1.27075,1.2725,1.60,1.60
2009.05.07 23:56:15.168,1.271,1.27245,1.60,1.60
2009.05.07 23:56:19.217,1.2711,1.2723,1.60,1.60
2009.05.07 23:56:20.957,1.2712,1.2723,1.60,1.60
2009.05.07 23:56:57.578,1.2712,1.2722,1.60,1.60
2009.05.07 23:56:58.257,1.2712,1.27225,1.60,1.60
2009.05.07 23:57:03.446,1.2712,1.27235,1.60,1.60
2009.05.07 23:57:03.626,1.2712,1.2724,1.60,1.60
2009.05.07 23:57:04.016,1.2712,1.27245,1.60,1.60
2009.05.07 23:57:04.416,1.27135,1.27245,1.60,1.60
2009.05.07 23:57:08.555,1.27135,1.27235,1.60,1.60
2009.05.07 23:57:10.575,1.2714,1.2724,1.60,1.60
2009.05.07 23:57:10.934,1.2714,1.27245,1.60,1.60
2009.05.07 23:57:13.424,1.27135,1.27235,1.60,1.60
2009.05.07 23:57:15.683,1.2714,1.2724,1.60,1.60
2009.05.07 23:57:15.913,1.2715,1.27245,1.60,1.60
2009.05.07 23:57:17.183,1.2716,1.27255,1.60,3.20
2009.05.07 23:57:17.653,1.2716,1.27255,1.60,1.60
2009.05.07 23:57:19.462,1.2715,1.27245,1.60,1.60
2009.05.07 23:57:19.582,1.2716,1.27255,1.60,1.60
2009.05.07 23:57:20.122,1.2716,1.27255,1.60,3.20
2009.05.07 23:57:20.472,1.27155,1.2726,1.60,4.80
2009.05.07 23:57:21.152,1.27165,1.2727,1.60,3.20
2009.05.07 23:57:21.332,1.27165,1.2727,1.60,1.60
2009.05.07 23:57:24.661,1.2716,1.2726,1.60,1.60
2009.05.07 23:57:25.751,1.27165,1.2726,1.60,1.60
2009.05.07 23:57:26.091,1.27175,1.2727,1.60,1.60
2009.05.07 23:57:26.741,1.27175,1.27275,1.60,1.60
2009.05.07 23:57:34.948,1.2718,1.2728,1.40,3.20
2009.05.07 23:57:35.228,1.27175,1.2728,1.60,1.60
2009.05.07 23:57:56.473,1.27185,1.2729,1.60,3.20
2009.05.07 23:57:56.583,1.2718,1.2728,1.60,1.60
2009.05.07 23:58:05.421,1.2719,1.27285,1.60,3.20
2009.05.07 23:58:06.161,1.2719,1.27285,1.60,1.60
2009.05.07 23:58:06.861,1.272,1.2729,1.60,1.60
2009.05.07 23:58:07.161,1.2719,1.27285,1.60,1.60
2009.05.07 23:58:08.261,1.272,1.27295,1.60,4.80
2009.05.07 23:58:08.610,1.272,1.27295,1.60,3.20
2009.05.07 23:58:08.730,1.272,1.27295,1.60,1.60
2009.05.07 23:58:19.188,1.27195,1.2729,1.60,1.60
2009.05.07 23:58:19.428,1.27195,1.273,1.60,1.60
2009.05.07 23:58:19.608,1.27205,1.27305,1.60,1.60
2009.05.07 23:58:20.008,1.27205,1.2734,1.60,1.60
2009.05.07 23:58:20.368,1.27205,1.27355,1.60,1.60
2009.05.07 23:58:20.548,1.27205,1.2735,1.60,2.00
2009.05.07 23:58:21.827,1.2721,1.2733,1.60,1.60
2009.05.07 23:58:27.956,1.2722,1.2733,1.60,1.60
2009.05.07 23:58:29.925,1.27205,1.27325,1.60,3.60
2009.05.07 23:58:30.145,1.27205,1.27325,3.20,3.60
2009.05.07 23:58:30.325,1.27205,1.27325,1.60,3.60
2009.05.07 23:58:31.415,1.27205,1.27315,1.60,1.60
2009.05.07 23:58:32.225,1.2721,1.2732,1.60,1.60
2009.05.07 23:58:32.924,1.2721,1.27325,1.60,3.60
2009.05.07 23:58:33.554,1.2719,1.27325,1.60,3.60
2009.05.07 23:58:33.734,1.2719,1.27315,1.60,2.00
2009.05.07 23:58:33.914,1.27185,1.27315,1.60,2.00
2009.05.07 23:58:34.364,1.2715,1.273,1.60,2.00
2009.05.07 23:58:34.524,1.27145,1.2731,1.20,2.00
2009.05.07 23:58:36.074,1.2715,1.273,1.20,2.00
2009.05.07 23:58:36.954,1.27145,1.27295,1.20,2.00
2009.05.07 23:58:45.132,1.2714,1.2729,1.20,2.00
2009.05.07 23:58:48.771,1.27145,1.27295,1.20,2.00
2009.05.07 23:58:49.231,1.2714,1.2729,1.20,2.00
2009.05.07 23:58:51.390,1.27135,1.27285,1.20,2.00
2009.05.07 23:58:55.459,1.27145,1.2728,1.60,2.00
2009.05.07 23:58:55.639,1.27155,1.273,1.60,2.00
2009.05.07 23:58:55.879,1.2715,1.273,1.60,2.00
2009.05.07 23:58:59.058,1.27155,1.27305,1.20,2.00
2009.05.07 23:58:59.238,1.2716,1.27305,1.60,2.00
2009.05.07 23:59:00.278,1.27155,1.27305,1.20,2.00
2009.05.07 23:59:01.648,1.27165,1.27315,1.20,3.60
2009.05.07 23:59:01.878,1.27165,1.27315,1.20,2.00
2009.05.07 23:59:05.467,1.27125,1.27255,1.60,1.60
2009.05.07 23:59:05.807,1.27135,1.27265,1.60,1.60
2009.05.07 23:59:08.946,1.27135,1.27235,3.20,1.60
2009.05.07 23:59:09.056,1.27135,1.27235,1.60,1.60
2009.05.07 23:59:10.756,1.2714,1.27245,1.60,3.20
2009.05.07 23:59:11.265,1.2714,1.27245,1.60,1.60
2009.05.07 23:59:13.945,1.27135,1.27235,1.60,1.60
2009.05.07 23:59:15.204,1.27145,1.2724,1.60,3.20
2009.05.07 23:59:15.384,1.27145,1.2724,1.60,1.60
2009.05.07 23:59:17.114,1.2715,1.27245,1.60,1.60
2009.05.07 23:59:17.704,1.2715,1.27315,1.60,1.60
2009.05.07 23:59:17.754,1.2715,1.2732,1.60,1.60
2009.05.07 23:59:17.934,1.2715,1.27325,1.60,2.00
2009.05.07 23:59:20.283,1.2715,1.273,1.60,2.00
2009.05.07 23:59:20.513,1.2715,1.27285,1.60,1.60
2009.05.07 23:59:23.252,1.2715,1.2728,1.60,3.20
2009.05.07 23:59:31.940,1.27155,1.2728,1.60,1.60
2009.05.07 23:59:32.400,1.27155,1.27285,1.60,1.60
