2011.07.04 15:00:00.228,1.29566,1.29596,1.88,1.50
2011.07.04 15:00:00.451,1.29571,1.29596,1.50,1.50
2011.07.04 15:00:00.681,1.29572,1.29613,1.73,3.75
2011.07.04 15:00:00.803,1.29572,1.29617,1.73,1.50
2011.07.04 15:00:00.921,1.29566,1.29617,1.88,1.50
2011.07.04 15:00:01.041,1.29567,1.29613,1.88,1.88
2011.07.04 15:00:02.760,1.29568,1.29613,1.13,1.88
2011.07.04 15:00:03.097,1.29586,1.29622,1.88,2.25
2011.07.04 15:00:03.429,1.29586,1.29621,1.88,1.50
2011.07.04 15:00:03.542,1.29586,1.29627,4.35,2.25
2011.07.04 15:00:03.770,1.2958,1.29626,3.38,2.48
2011.07.04 15:00:03.889,1.29577,1.29622,1.13,1.13
2011.07.04 15:00:03.997,1.29566,1.29614,2.63,1.88
2011.07.04 15:00:04.217,1.29566,1.29614,2.63,2.63
2011.07.04 15:00:05.062,1.29566,1.29613,3.23,3.00
2011.07.04 15:00:05.617,1.29566,1.29614,1.73,1.88
2011.07.04 15:00:05.731,1.29567,1.29614,3.00,1.88
2011.07.04 15:00:05.847,1.29568,1.29617,1.73,1.50
2011.07.04 15:00:06.068,1.29568,1.29623,2.10,3.23
2011.07.04 15:00:06.397,1.29572,1.29623,1.20,1.35
2011.07.04 15:00:06.948,1.29572,1.29624,3.08,1.88
2011.07.04 15:00:07.388,1.29577,1.29626,2.25,3.23
2011.07.04 15:00:07.938,1.29576,1.29624,2.25,1.50
2011.07.04 15:00:08.267,1.29576,1.29624,1.88,2.25
2011.07.04 15:00:08.933,1.29566,1.29617,4.35,1.13
2011.07.04 15:00:09.489,1.29562,1.29613,1.13,1.88
2011.07.04 15:00:09.820,1.29563,1.29622,2.85,3.75
2011.07.04 15:00:10.147,1.29563,1.29614,2.18,1.88
2011.07.04 15:00:10.367,1.29561,1.29614,1.43,1.88
2011.07.04 15:00:10.477,1.2956,1.29614,3.83,2.48
2011.07.04 15:00:10.808,1.2956,1.29604,3.83,1.50
2011.07.04 15:00:12.007,1.29558,1.29613,2.33,1.35
2011.07.04 15:00:12.184,1.29558,1.29612,2.33,1.35
2011.07.04 15:00:12.528,1.29566,1.29608,1.88,1.50
2011.07.04 15:00:12.858,1.29566,1.29596,1.88,1.13
2011.07.04 15:00:13.298,1.29568,1.29596,2.48,1.13
2011.07.04 15:00:13.628,1.29568,1.29599,2.48,1.13
2011.07.04 15:00:13.849,1.29567,1.29594,1.88,1.50
2011.07.04 15:00:15.627,1.29556,1.29592,1.88,1.13
2011.07.04 15:00:16.760,1.29561,1.29599,3.38,1.50
2011.07.04 15:00:16.883,1.29557,1.29601,6.08,1.50
2011.07.04 15:00:17.437,1.29563,1.29601,1.58,1.50
2011.07.04 15:00:18.129,1.29566,1.29602,2.48,1.50
2011.07.04 15:00:18.348,1.29566,1.29604,2.48,1.13
2011.07.04 15:00:20.725,1.2958,1.29607,1.73,1.88
2011.07.04 15:00:20.840,1.29567,1.29607,5.75,1.50
2011.07.04 15:00:20.948,1.29567,1.29607,5.00,1.50
2011.07.04 15:00:21.497,1.29566,1.29606,2.75,1.50
2011.07.04 15:00:21.718,1.29571,1.29606,2.10,1.50
2011.07.04 15:00:22.268,1.29568,1.29607,1.50,1.50
2011.07.04 15:00:22.380,1.29566,1.29606,2.63,3.00
2011.07.04 15:00:22.498,1.29566,1.29605,1.88,1.13
2011.07.04 15:00:22.607,1.29566,1.29605,1.88,1.88
2011.07.04 15:00:22.938,1.29566,1.29606,2.37,1.88
2011.07.04 15:00:23.157,1.29561,1.29603,1.50,1.50
2011.07.04 15:00:23.487,1.29561,1.296,1.88,1.13
2011.07.04 15:00:23.708,1.29561,1.29601,1.13,1.13
2011.07.04 15:00:23.822,1.29564,1.29601,3.75,1.13
2011.07.04 15:00:24.428,1.29563,1.29601,5.48,1.50
2011.07.04 15:00:24.649,1.2956,1.29602,4.35,1.50
2011.07.04 15:00:25.089,1.29567,1.29608,1.88,1.50
2011.07.04 15:00:25.417,1.29567,1.29591,1.88,1.88
2011.07.04 15:00:25.749,1.29567,1.29591,1.88,1.50
2011.07.04 15:00:25.857,1.29557,1.29593,2.25,1.50
2011.07.04 15:00:25.966,1.29557,1.29593,1.88,1.50
2011.07.04 15:00:26.186,1.29556,1.29593,1.88,1.50
2011.07.04 15:00:27.049,1.29567,1.29593,1.88,1.50
2011.07.04 15:00:27.157,1.29567,1.29599,1.88,1.50
2011.07.04 15:00:27.377,1.29577,1.29599,1.88,1.50
2011.07.04 15:00:28.405,1.29567,1.29599,1.88,1.88
2011.07.04 15:00:28.986,1.29566,1.29599,1.88,1.88
2011.07.04 15:00:29.677,1.29566,1.29599,2.63,1.50
2011.07.04 15:00:30.011,1.2957,1.29592,1.73,1.13
2011.07.04 15:00:30.127,1.29566,1.29592,1.88,1.13
2011.07.04 15:00:30.238,1.29557,1.29593,3.75,1.50
2011.07.04 15:00:30.347,1.29557,1.29593,3.75,1.50
2011.07.04 15:00:30.457,1.29557,1.29593,3.75,1.50
2011.07.04 15:00:30.567,1.29557,1.29593,3.75,1.88
2011.07.04 15:00:30.679,1.29557,1.29592,2.63,1.50
2011.07.04 15:00:30.787,1.29557,1.29592,2.63,1.50
2011.07.04 15:00:30.897,1.29557,1.29592,2.63,1.50
2011.07.04 15:00:31.835,1.29557,1.29585,1.88,1.13
2011.07.04 15:00:32.167,1.29553,1.29581,2.63,1.88
2011.07.04 15:00:34.067,1.29556,1.2959,1.88,1.50
2011.07.04 15:00:34.178,1.29556,1.29593,1.88,1.50
2011.07.04 15:00:34.726,1.29557,1.29593,1.88,1.50
2011.07.04 15:00:35.288,1.29556,1.29593,1.13,1.50
2011.07.04 15:00:35.841,1.29553,1.29593,1.50,1.50
2011.07.04 15:00:36.447,1.29549,1.29577,3.00,1.50
2011.07.04 15:00:36.791,1.29549,1.29582,1.88,1.50
2011.07.04 15:00:37.019,1.29543,1.29576,1.50,1.50
2011.07.04 15:00:37.240,1.29546,1.2958,1.13,1.50
2011.07.04 15:00:37.458,1.29546,1.29582,1.13,1.50
2011.07.04 15:00:37.567,1.29547,1.29585,2.25,1.50
2011.07.04 15:00:38.050,1.29547,1.29588,2.25,1.50
2011.07.04 15:00:38.267,1.29547,1.29589,2.25,1.50
2011.07.04 15:00:38.377,1.29556,1.29589,1.88,1.50
2011.07.04 15:00:38.707,1.29556,1.29589,1.88,1.50
2011.07.04 15:00:40.329,1.29556,1.29587,1.88,1.50
2011.07.04 15:00:42.227,1.29556,1.29583,1.88,1.50
2011.07.04 15:00:42.558,1.29547,1.29583,3.00,1.50
2011.07.04 15:00:43.271,1.29547,1.2958,1.13,1.35
2011.07.04 15:00:43.609,1.29541,1.29573,1.50,1.88
2011.07.04 15:00:43.720,1.29532,1.29573,1.50,1.88
2011.07.04 15:00:43.830,1.29532,1.29573,1.50,1.50
2011.07.04 15:00:43.947,1.29532,1.29573,1.50,1.50
2011.07.04 15:00:44.388,1.29532,1.29574,1.50,3.38
2011.07.04 15:00:45.707,1.29532,1.29574,1.50,3.38
2011.07.04 15:00:46.150,1.29532,1.2957,1.50,1.50
2011.07.04 15:00:46.987,1.29526,1.2957,2.63,1.13
2011.07.04 15:00:47.097,1.29526,1.2957,2.63,1.13
2011.07.04 15:00:47.427,1.29526,1.29569,3.38,1.13
2011.07.04 15:00:47.646,1.29526,1.29569,3.38,1.13
2011.07.04 15:00:48.208,1.29526,1.2957,4.35,1.50
2011.07.04 15:00:48.428,1.29532,1.29575,3.75,1.13
2011.07.04 15:00:48.540,1.2953,1.29575,1.50,1.13
2011.07.04 15:00:48.651,1.29537,1.29583,2.63,2.63
2011.07.04 15:00:49.431,1.29536,1.29581,2.25,1.13
2011.07.04 15:00:49.987,1.29536,1.29578,2.25,1.13
2011.07.04 15:00:51.587,1.29531,1.29575,1.13,1.13
2011.07.04 15:00:52.136,1.29526,1.29574,2.63,1.88
2011.07.04 15:00:53.127,1.29526,1.29574,2.63,1.88
2011.07.04 15:00:55.398,1.29526,1.29574,2.63,3.38
2011.07.04 15:00:58.947,1.29526,1.29574,3.75,1.88
2011.07.04 15:01:00.239,1.29537,1.29579,1.13,1.88
2011.07.04 15:01:01.249,1.29537,1.29581,1.13,1.50
2011.07.04 15:01:01.611,1.29537,1.29581,1.13,1.50
2011.07.04 15:01:01.947,1.29533,1.2958,1.20,1.35
2011.07.04 15:01:02.058,1.29527,1.29577,2.63,1.50
2011.07.04 15:01:02.785,1.29537,1.29574,2.25,1.13
2011.07.04 15:01:02.900,1.29536,1.29582,1.13,1.35
2011.07.04 15:01:03.568,1.29537,1.29583,2.63,3.23
2011.07.04 15:01:03.792,1.2954,1.29583,3.75,2.63
2011.07.04 15:01:03.909,1.2954,1.29583,3.75,1.88
2011.07.04 15:01:04.238,1.29556,1.29583,1.73,1.88
2011.07.04 15:01:04.788,1.29556,1.29589,1.73,1.13
2011.07.04 15:01:05.008,1.29556,1.29593,1.73,2.63
2011.07.04 15:01:05.779,1.29556,1.29583,1.73,1.88
2011.07.04 15:01:05.890,1.2955,1.29583,2.48,1.88
2011.07.04 15:01:09.208,1.29547,1.29583,3.75,1.88
2011.07.04 15:01:09.319,1.29547,1.29593,4.13,1.88
2011.07.04 15:01:09.867,1.29546,1.29594,5.63,3.38
2011.07.04 15:01:09.980,1.29546,1.29594,2.63,2.63
2011.07.04 15:01:10.788,1.29546,1.29585,2.63,1.13
2011.07.04 15:01:11.448,1.29546,1.29584,2.63,1.50
2011.07.04 15:01:11.999,1.29539,1.29583,1.13,1.50
2011.07.04 15:01:12.793,1.29547,1.29593,2.63,2.63
2011.07.04 15:01:17.936,1.29539,1.29583,3.75,1.88
2011.07.04 15:01:20.209,1.29537,1.29583,3.38,1.88
2011.07.04 15:01:20.751,1.29546,1.29583,1.13,1.50
2011.07.04 15:01:21.518,1.29537,1.29584,1.50,1.13
2011.07.04 15:01:23.236,1.29547,1.29592,1.88,1.35
2011.07.04 15:01:28.637,1.29546,1.29584,1.13,2.25
2011.07.04 15:01:30.207,1.29537,1.29583,2.63,1.88
2011.07.04 15:01:32.249,1.29536,1.29584,1.13,6.00
2011.07.04 15:01:33.238,1.29533,1.29583,2.25,1.13
2011.07.04 15:01:33.458,1.29534,1.29583,2.25,3.75
2011.07.04 15:01:33.568,1.29537,1.29583,2.63,3.38
2011.07.04 15:01:33.902,1.29537,1.2958,2.63,1.50
2011.07.04 15:01:34.019,1.29537,1.29583,2.63,2.63
2011.07.04 15:01:36.818,1.29537,1.29583,2.63,2.63
2011.07.04 15:01:37.039,1.29537,1.29583,2.63,1.88
2011.07.04 15:01:37.257,1.29537,1.29583,2.63,1.88
2011.07.04 15:01:39.898,1.29546,1.29586,2.63,2.25
2011.07.04 15:01:40.427,1.29544,1.29584,1.20,1.88
2011.07.04 15:01:40.537,1.29544,1.29584,1.20,2.63
2011.07.04 15:01:40.869,1.29536,1.29583,3.38,1.50
2011.07.04 15:01:41.198,1.29527,1.29576,2.63,1.50
2011.07.04 15:01:41.637,1.29526,1.29573,3.38,1.13
2011.07.04 15:01:42.077,1.29527,1.29573,1.13,2.25
2011.07.04 15:01:42.297,1.29527,1.29573,1.13,2.63
2011.07.04 15:01:42.518,1.29535,1.2958,1.35,1.50
2011.07.04 15:01:42.846,1.29537,1.29583,2.63,2.63
2011.07.04 15:01:43.067,1.29537,1.29583,2.63,1.88
2011.07.04 15:01:43.510,1.29537,1.29583,2.63,2.63
2011.07.04 15:01:43.917,1.29536,1.29574,1.13,1.50
2011.07.04 15:01:44.247,1.29536,1.29574,1.13,1.50
2011.07.04 15:01:44.358,1.29536,1.29584,2.63,1.88
2011.07.04 15:01:52.166,1.29543,1.29583,1.13,1.88
2011.07.04 15:01:52.870,1.29543,1.29584,1.13,1.88
2011.07.04 15:01:54.297,1.29546,1.29583,1.13,1.50
2011.07.04 15:01:55.082,1.29546,1.29591,2.63,2.25
2011.07.04 15:01:55.311,1.29537,1.29583,1.35,2.63
2011.07.04 15:01:55.648,1.29537,1.29574,1.35,1.88
2011.07.04 15:02:05.807,1.29537,1.29583,2.63,2.63
2011.07.04 15:02:06.246,1.29537,1.29583,2.63,1.88
2011.07.04 15:02:11.857,1.29537,1.29582,2.63,1.50
2011.07.04 15:02:13.298,1.29543,1.29583,1.13,2.63
2011.07.04 15:02:13.836,1.29543,1.29583,1.13,1.88
2011.07.04 15:02:17.440,1.29539,1.29583,1.50,2.63
2011.07.04 15:02:17.547,1.29537,1.29583,3.38,3.38
2011.07.04 15:02:19.656,1.29537,1.29583,2.63,3.38
2011.07.04 15:02:23.462,1.29536,1.29583,2.63,1.50
2011.07.04 15:02:28.568,1.29536,1.29583,2.63,1.50
2011.07.04 15:02:30.739,1.29536,1.29583,2.63,1.50
2011.07.04 15:02:31.576,1.29536,1.29583,2.63,1.50
2011.07.04 15:02:31.906,1.29537,1.29583,2.63,2.63
2011.07.04 15:02:34.378,1.29537,1.29583,1.88,2.63
2011.07.04 15:02:34.926,1.29526,1.29574,1.73,2.63
2011.07.04 15:02:35.257,1.29526,1.29574,6.23,1.88
2011.07.04 15:02:36.697,1.29527,1.29573,1.13,1.88
2011.07.04 15:02:36.808,1.29527,1.29573,1.13,2.63
2011.07.04 15:02:37.028,1.29527,1.29573,1.88,1.88
2011.07.04 15:02:37.247,1.29527,1.29574,1.50,1.88
2011.07.04 15:02:37.576,1.29527,1.29574,1.50,1.88
2011.07.04 15:02:37.938,1.29536,1.29574,1.13,1.88
2011.07.04 15:02:38.047,1.29537,1.29577,1.13,1.50
2011.07.04 15:02:39.248,1.29537,1.29576,2.63,1.50
2011.07.04 15:02:40.818,1.29537,1.29576,2.63,1.50
2011.07.04 15:02:41.943,1.29537,1.29577,2.63,1.50
2011.07.04 15:02:42.958,1.29537,1.29576,2.63,1.50
2011.07.04 15:02:43.788,1.29527,1.29576,1.50,1.88
2011.07.04 15:02:44.118,1.29526,1.29574,2.63,1.88
2011.07.04 15:02:44.228,1.29531,1.29574,1.50,1.88
2011.07.04 15:02:44.557,1.29531,1.29574,1.50,1.88
2011.07.04 15:02:44.998,1.29536,1.29578,1.50,1.13
2011.07.04 15:02:45.217,1.29537,1.29582,3.00,2.63
2011.07.04 15:02:50.369,1.29537,1.29578,2.63,1.13
2011.07.04 15:02:50.587,1.29537,1.29578,1.13,1.13
2011.07.04 15:02:58.212,1.29537,1.29575,2.63,2.85
2011.07.04 15:02:58.332,1.29527,1.29574,1.50,3.38
2011.07.04 15:02:58.449,1.29521,1.29574,1.50,3.38
2011.07.04 15:02:59.065,1.29521,1.29563,1.50,1.88
2011.07.04 15:02:59.376,1.29526,1.29563,1.50,1.88
2011.07.04 15:02:59.709,1.29536,1.29564,1.13,1.88
2011.07.04 15:02:59.818,1.29536,1.29577,1.13,1.50
2011.07.04 15:03:01.238,1.29537,1.29582,2.63,2.63
2011.07.04 15:03:03.843,1.29537,1.29579,1.88,1.88
2011.07.04 15:03:03.956,1.29527,1.29572,1.50,1.35
2011.07.04 15:03:08.562,1.29536,1.29575,3.00,1.13
2011.07.04 15:03:09.341,1.29536,1.29575,2.63,1.73
2011.07.04 15:03:09.898,1.29527,1.29574,1.50,2.63
2011.07.04 15:03:14.589,1.29531,1.29574,1.50,2.63
2011.07.04 15:03:14.703,1.29531,1.29574,1.50,2.63
2011.07.04 15:03:15.419,1.29531,1.29574,1.50,2.63
2011.07.04 15:03:15.859,1.29531,1.29574,1.50,2.63
2011.07.04 15:03:16.797,1.29531,1.29574,1.50,2.63
2011.07.04 15:03:17.128,1.29531,1.29574,1.50,2.63
2011.07.04 15:03:17.348,1.29531,1.29574,1.50,2.63
2011.07.04 15:03:17.460,1.29531,1.29574,1.50,2.63
2011.07.04 15:03:17.978,1.29531,1.29574,1.50,2.63
2011.07.04 15:03:19.258,1.29531,1.29573,1.50,2.63
2011.07.04 15:03:20.147,1.29527,1.29573,3.38,2.63
2011.07.04 15:03:23.698,1.29531,1.29573,1.50,2.63
2011.07.04 15:03:23.809,1.29536,1.29577,1.13,1.50
2011.07.04 15:03:33.047,1.29537,1.29583,1.88,3.00
2011.07.04 15:03:35.490,1.29546,1.2958,3.00,1.13
2011.07.04 15:03:35.608,1.29548,1.29586,3.75,2.25
2011.07.04 15:03:35.828,1.29545,1.2958,2.48,1.13
2011.07.04 15:03:35.938,1.29537,1.2958,1.13,1.13
2011.07.04 15:03:36.047,1.29536,1.29582,3.38,2.63
2011.07.04 15:03:37.455,1.29544,1.29582,1.13,2.63
2011.07.04 15:03:38.181,1.29546,1.29582,2.63,1.88
2011.07.04 15:03:46.029,1.29546,1.29593,2.63,1.13
2011.07.04 15:03:46.979,1.29537,1.29583,2.63,1.88
2011.07.04 15:03:50.188,1.29536,1.29584,2.63,1.88
2011.07.04 15:03:51.750,1.29538,1.29586,1.13,1.50
2011.07.04 15:03:54.189,1.29547,1.29593,1.88,2.63
2011.07.04 15:03:57.648,1.29539,1.29593,2.25,2.63
2011.07.04 15:03:58.197,1.29547,1.29593,1.88,2.63
2011.07.04 15:04:04.058,1.29539,1.29583,1.50,1.13
2011.07.04 15:04:04.171,1.29538,1.29583,1.50,2.63
2011.07.04 15:04:26.532,1.29532,1.29574,1.50,2.63
2011.07.04 15:04:34.659,1.29522,1.29573,1.50,2.63
2011.07.04 15:04:34.877,1.29527,1.29573,2.63,1.88
2011.07.04 15:04:36.146,1.29533,1.29573,1.13,1.88
2011.07.04 15:04:36.709,1.29533,1.29574,1.13,1.88
2011.07.04 15:04:40.379,1.29533,1.29579,1.13,1.13
2011.07.04 15:04:40.492,1.29533,1.29573,1.13,1.88
2011.07.04 15:04:42.998,1.29533,1.29573,1.13,1.88
2011.07.04 15:04:44.098,1.29533,1.29573,1.13,1.88
2011.07.04 15:04:46.428,1.29536,1.29584,2.63,2.63
2011.07.04 15:04:52.499,1.29533,1.29573,1.13,1.88
2011.07.04 15:05:00.237,1.29536,1.29584,1.13,2.63
2011.07.04 15:05:02.637,1.29536,1.29584,1.13,2.63
2011.07.04 15:05:02.877,1.29529,1.29573,2.25,1.88
2011.07.04 15:05:04.945,1.29536,1.29576,1.88,1.50
2011.07.04 15:05:05.058,1.29537,1.29579,1.50,1.50
2011.07.04 15:05:05.278,1.29539,1.29583,1.13,2.25
2011.07.04 15:05:05.500,1.29537,1.29586,1.88,1.13
2011.07.04 15:05:05.828,1.29536,1.29584,1.13,2.25
2011.07.04 15:05:06.049,1.29528,1.29573,2.25,1.88
2011.07.04 15:05:07.368,1.29529,1.29576,2.25,1.13
2011.07.04 15:05:07.809,1.29529,1.29573,2.25,5.63
2011.07.04 15:05:08.588,1.29529,1.29574,2.25,2.63
2011.07.04 15:05:09.412,1.29528,1.29563,2.25,1.88
2011.07.04 15:05:10.276,1.29523,1.29564,2.63,1.88
2011.07.04 15:05:11.241,1.29524,1.29563,2.25,1.88
2011.07.04 15:05:12.788,1.29524,1.29574,1.20,2.63
2011.07.04 15:05:12.898,1.29527,1.29574,3.75,2.63
2011.07.04 15:05:13.447,1.29527,1.29574,4.13,1.88
2011.07.04 15:05:15.727,1.29532,1.29573,4.13,1.88
2011.07.04 15:05:17.347,1.29532,1.29578,4.88,1.13
2011.07.04 15:05:18.448,1.29532,1.29573,4.88,1.88
2011.07.04 15:05:19.519,1.29531,1.29578,1.50,1.13
2011.07.04 15:05:20.067,1.29531,1.29573,1.50,1.88
2011.07.04 15:05:22.256,1.29531,1.29573,1.50,1.88
2011.07.04 15:05:23.167,1.29529,1.29574,1.35,1.88
2011.07.04 15:05:23.937,1.29526,1.29564,1.13,1.50
2011.07.04 15:05:24.596,1.29524,1.29563,2.25,1.88
2011.07.04 15:05:26.137,1.29523,1.29563,5.25,1.88
2011.07.04 15:05:30.248,1.29524,1.29574,2.25,1.88
2011.07.04 15:05:30.838,1.29527,1.29573,2.63,1.88
2011.07.04 15:05:32.498,1.29521,1.29574,3.75,2.63
2011.07.04 15:05:33.241,1.29518,1.29563,2.25,1.88
2011.07.04 15:05:41.167,1.29519,1.29564,2.25,2.48
2011.07.04 15:05:41.497,1.29516,1.29564,1.88,2.48
2011.07.04 15:05:41.717,1.29516,1.29553,1.50,1.88
2011.07.04 15:05:42.388,1.29517,1.29561,3.38,1.50
2011.07.04 15:05:42.608,1.29517,1.29563,2.63,1.88
2011.07.04 15:05:45.617,1.29517,1.29563,2.63,2.63
2011.07.04 15:05:45.948,1.29517,1.29563,2.63,1.88
2011.07.04 15:06:00.388,1.29516,1.29564,2.63,1.88
2011.07.04 15:06:03.287,1.29516,1.29564,2.63,2.63
2011.07.04 15:06:05.588,1.29514,1.29554,1.50,1.13
2011.07.04 15:06:06.552,1.29513,1.29554,1.50,2.63
2011.07.04 15:06:07.109,1.29514,1.29553,1.50,1.13
2011.07.04 15:06:07.217,1.29514,1.29554,2.25,2.63
2011.07.04 15:06:12.928,1.29511,1.29554,1.50,2.63
2011.07.04 15:06:13.570,1.29517,1.29563,2.63,2.63
2011.07.04 15:06:28.020,1.29511,1.29564,2.48,2.63
2011.07.04 15:06:28.349,1.29514,1.29559,1.13,1.13
2011.07.04 15:06:28.568,1.29508,1.29554,3.75,2.63
2011.07.04 15:06:31.699,1.29514,1.29554,1.88,2.63
2011.07.04 15:06:32.033,1.29517,1.29563,1.50,2.63
2011.07.04 15:06:32.258,1.29519,1.29563,1.13,2.63
2011.07.04 15:06:32.608,1.29526,1.29569,1.88,1.50
2011.07.04 15:06:36.168,1.29524,1.29564,1.20,2.63
2011.07.04 15:06:37.167,1.29516,1.29564,2.63,2.63
2011.07.04 15:06:37.388,1.29516,1.29564,2.63,2.63
2011.07.04 15:06:37.607,1.29516,1.29564,1.88,2.63
2011.07.04 15:06:38.062,1.29514,1.29564,1.35,2.63
2011.07.04 15:06:38.400,1.29509,1.29564,2.25,2.63
2011.07.04 15:06:38.728,1.29516,1.29564,1.88,2.63
2011.07.04 15:06:48.040,1.29507,1.29553,2.63,1.13
2011.07.04 15:06:48.367,1.29507,1.29553,2.63,2.63
2011.07.04 15:06:48.701,1.29507,1.29553,2.63,2.63
2011.07.04 15:06:49.029,1.29507,1.29553,2.63,2.63
2011.07.04 15:06:59.308,1.29507,1.29553,2.63,2.63
2011.07.04 15:07:03.561,1.29498,1.29553,2.25,5.63
2011.07.04 15:07:03.897,1.295,1.29553,1.13,2.63
2011.07.04 15:07:04.228,1.295,1.29544,1.13,1.88
2011.07.04 15:07:14.929,1.29506,1.29549,1.50,1.13
2011.07.04 15:07:15.588,1.29506,1.29544,1.50,1.88
2011.07.04 15:07:20.570,1.29502,1.29543,1.50,1.88
2011.07.04 15:07:20.681,1.29501,1.29543,1.13,1.88
2011.07.04 15:07:21.018,1.29501,1.29543,1.13,1.88
2011.07.04 15:07:24.888,1.29503,1.29543,1.50,2.63
2011.07.04 15:07:25.679,1.29506,1.29543,1.13,2.63
2011.07.04 15:07:25.790,1.29499,1.29543,6.00,2.63
2011.07.04 15:07:26.118,1.29498,1.2953,2.63,3.00
2011.07.04 15:07:26.447,1.29499,1.29543,5.25,1.88
2011.07.04 15:07:27.175,1.29499,1.29543,2.25,2.48
2011.07.04 15:07:27.293,1.29496,1.29534,1.50,1.88
2011.07.04 15:07:29.647,1.29501,1.29533,1.50,1.50
2011.07.04 15:07:37.029,1.29495,1.29533,1.50,1.13
2011.07.04 15:07:37.251,1.29492,1.29533,1.50,1.13
2011.07.04 15:07:37.369,1.29492,1.29533,1.50,1.13
2011.07.04 15:07:37.702,1.29492,1.29532,1.73,1.50
2011.07.04 15:07:38.037,1.29498,1.29533,1.73,1.88
2011.07.04 15:07:38.476,1.29487,1.29533,2.63,1.88
2011.07.04 15:07:40.292,1.29498,1.29533,1.50,1.88
2011.07.04 15:07:59.320,1.29497,1.29533,1.50,1.88
2011.07.04 15:08:03.232,1.29491,1.29533,1.50,2.63
2011.07.04 15:08:03.898,1.29491,1.29524,1.50,1.88
2011.07.04 15:08:08.339,1.29487,1.29524,1.50,1.88
2011.07.04 15:08:17.228,1.29487,1.29534,1.50,2.63
2011.07.04 15:08:17.448,1.29487,1.29515,1.50,1.50
2011.07.04 15:08:17.888,1.29487,1.29534,1.50,2.63
2011.07.04 15:08:18.218,1.29494,1.29534,1.50,2.63
2011.07.04 15:08:18.438,1.29492,1.29534,1.50,2.63
2011.07.04 15:08:18.548,1.29492,1.29534,1.50,1.88
2011.07.04 15:08:18.878,1.29492,1.29534,1.50,1.88
2011.07.04 15:08:19.428,1.29491,1.29534,1.50,2.63
2011.07.04 15:08:26.549,1.29491,1.29533,1.50,1.88
2011.07.04 15:08:26.878,1.29491,1.29533,4.50,1.88
2011.07.04 15:08:29.196,1.29498,1.29533,1.50,1.88
2011.07.04 15:08:44.048,1.29498,1.29534,1.50,1.88
2011.07.04 15:08:45.988,1.29497,1.29534,1.50,1.88
2011.07.04 15:08:48.287,1.29498,1.29534,1.50,1.88
2011.07.04 15:08:52.148,1.29497,1.29534,1.50,1.88
2011.07.04 15:08:54.558,1.29498,1.29534,1.50,1.88
2011.07.04 15:08:55.925,1.29492,1.29534,1.50,1.88
2011.07.04 15:08:56.749,1.29492,1.29533,1.50,1.88
2011.07.04 15:08:58.449,1.29492,1.29538,1.50,1.73
2011.07.04 15:09:02.688,1.29492,1.29533,1.50,1.88
2011.07.04 15:09:17.020,1.29498,1.29533,1.50,1.88
2011.07.04 15:09:17.131,1.29497,1.29533,1.50,1.88
2011.07.04 15:09:26.987,1.29488,1.29533,3.38,1.88
2011.07.04 15:09:27.328,1.29489,1.29533,1.13,1.88
2011.07.04 15:09:30.438,1.29489,1.29533,1.13,1.88
2011.07.04 15:09:30.930,1.29489,1.29533,1.13,1.88
2011.07.04 15:09:31.043,1.29489,1.29533,1.13,1.88
2011.07.04 15:09:31.159,1.29488,1.29533,3.38,1.88
2011.07.04 15:09:32.409,1.29489,1.29533,1.13,1.88
2011.07.04 15:09:33.450,1.29489,1.29534,1.13,1.88
2011.07.04 15:09:34.934,1.29489,1.29534,1.13,1.88
2011.07.04 15:09:35.455,1.29495,1.29543,3.75,2.63
2011.07.04 15:09:35.571,1.29492,1.29542,1.50,1.35
2011.07.04 15:09:35.898,1.29489,1.29524,1.50,1.88
2011.07.04 15:09:36.230,1.29489,1.29524,1.50,1.88
2011.07.04 15:09:36.560,1.29484,1.29527,2.25,1.50
2011.07.04 15:09:36.670,1.29487,1.29531,1.50,1.50
2011.07.04 15:09:36.780,1.29487,1.29533,1.50,1.88
2011.07.04 15:09:36.888,1.29487,1.29524,1.50,1.88
2011.07.04 15:09:37.220,1.29489,1.29538,1.13,1.13
2011.07.04 15:09:37.657,1.29489,1.29534,4.13,1.88
2011.07.04 15:09:42.660,1.29497,1.29534,1.50,1.88
2011.07.04 15:09:44.587,1.29489,1.29534,4.13,2.63
2011.07.04 15:09:45.028,1.29484,1.29529,3.45,1.35
2011.07.04 15:09:45.358,1.29481,1.29524,1.50,2.48
2011.07.04 15:09:47.329,1.29481,1.29524,1.50,1.88
2011.07.04 15:09:47.768,1.29482,1.29524,1.13,1.88
2011.07.04 15:09:47.990,1.29488,1.29536,1.13,1.88
2011.07.04 15:09:51.559,1.29496,1.29534,1.50,1.88
2011.07.04 15:10:03.500,1.29491,1.29534,1.50,1.88
2011.07.04 15:10:12.009,1.29497,1.29534,1.50,1.88
2011.07.04 15:10:22.377,1.29497,1.29542,1.13,1.88
2011.07.04 15:10:22.928,1.29501,1.29542,1.13,1.88
2011.07.04 15:10:23.259,1.29506,1.29541,1.88,1.88
2011.07.04 15:10:23.798,1.29507,1.29541,1.88,1.88
2011.07.04 15:10:25.067,1.29507,1.29546,1.88,2.63
2011.07.04 15:10:30.600,1.29507,1.29546,1.88,2.63
2011.07.04 15:11:02.116,1.29507,1.29549,2.63,1.13
2011.07.04 15:11:02.234,1.29516,1.29552,3.00,1.88
2011.07.04 15:11:02.449,1.29514,1.29551,5.93,1.88
2011.07.04 15:11:02.670,1.29507,1.29549,2.63,1.13
2011.07.04 15:11:02.778,1.29509,1.29549,1.50,1.13
2011.07.04 15:11:04.328,1.29507,1.29549,3.38,1.13
2011.07.04 15:11:05.158,1.29513,1.29549,1.13,1.13
2011.07.04 15:11:05.379,1.29514,1.29552,3.75,1.13
2011.07.04 15:11:05.598,1.29527,1.29552,1.88,1.13
2011.07.04 15:11:07.068,1.29513,1.29554,2.93,1.50
2011.07.04 15:11:07.178,1.29508,1.29554,2.25,1.50
2011.07.04 15:11:07.290,1.29506,1.29553,1.35,2.63
2011.07.04 15:11:07.617,1.295,1.29549,4.13,1.35
2011.07.04 15:11:07.988,1.29506,1.29549,1.88,1.35
2011.07.04 15:11:14.011,1.29506,1.29554,2.63,3.38
2011.07.04 15:11:18.886,1.29506,1.29552,1.88,1.13
2011.07.04 15:11:18.999,1.29506,1.29553,3.00,1.13
2011.07.04 15:11:19.328,1.29517,1.29553,1.88,1.13
2011.07.04 15:11:19.658,1.29507,1.29553,1.88,1.13
2011.07.04 15:11:19.877,1.29506,1.29553,1.88,1.13
2011.07.04 15:11:21.338,1.29506,1.29553,2.63,1.13
2011.07.04 15:11:24.512,1.29506,1.29553,1.88,1.13
2011.07.04 15:11:25.569,1.29504,1.29553,1.20,3.00
2011.07.04 15:11:26.668,1.29507,1.29553,1.88,3.00
2011.07.04 15:11:30.118,1.29501,1.29554,1.50,6.38
2011.07.04 15:11:32.357,1.29498,1.29544,1.50,2.63
2011.07.04 15:11:32.578,1.29497,1.29543,1.88,2.63
2011.07.04 15:11:32.690,1.29497,1.29534,1.50,1.88
2011.07.04 15:11:33.020,1.29497,1.29542,1.50,1.13
2011.07.04 15:11:33.620,1.29497,1.29543,3.38,2.63
2011.07.04 15:11:44.629,1.29504,1.29543,1.50,1.13
2011.07.04 15:11:44.852,1.29501,1.29543,1.50,2.63
2011.07.04 15:11:45.350,1.29504,1.29543,1.50,2.63
2011.07.04 15:11:46.389,1.29504,1.29543,1.50,2.63
2011.07.04 15:12:02.720,1.29509,1.29543,4.50,1.88
2011.07.04 15:12:02.829,1.29512,1.29547,1.13,1.50
2011.07.04 15:12:03.051,1.29517,1.29547,1.88,1.50
2011.07.04 15:12:03.919,1.29517,1.29546,1.88,2.25
2011.07.04 15:12:04.031,1.29512,1.29547,3.38,2.25
2011.07.04 15:12:04.138,1.29507,1.29547,3.38,2.25
2011.07.04 15:12:04.578,1.29507,1.29546,2.63,2.25
2011.07.04 15:12:05.382,1.29507,1.29553,1.88,2.63
2011.07.04 15:12:06.928,1.29507,1.29553,3.38,2.63
2011.07.04 15:12:07.478,1.29506,1.29554,2.63,3.38
2011.07.04 15:12:07.958,1.29506,1.29554,2.63,3.38
2011.07.04 15:12:08.238,1.29506,1.29554,2.63,3.38
2011.07.04 15:12:08.458,1.29506,1.29554,3.00,1.88
2011.07.04 15:12:08.788,1.29517,1.29555,1.88,1.50
2011.07.04 15:12:09.409,1.29517,1.29555,2.63,1.50
2011.07.04 15:12:09.628,1.29517,1.29555,3.38,1.50
2011.07.04 15:12:10.227,1.29522,1.29555,3.00,1.50
2011.07.04 15:12:10.343,1.29517,1.29555,2.63,1.50
2011.07.04 15:12:11.249,1.29517,1.29555,2.63,1.50
2011.07.04 15:12:26.820,1.29516,1.29555,2.63,1.50
2011.07.04 15:12:28.140,1.29516,1.29555,2.63,1.50
2011.07.04 15:12:28.798,1.29516,1.29555,2.63,1.50
2011.07.04 15:12:31.400,1.29516,1.29555,2.63,1.50
2011.07.04 15:12:42.498,1.29526,1.29555,1.25,1.50
2011.07.04 15:13:02.617,1.29521,1.29555,1.62,1.50
2011.07.04 15:13:11.539,1.29521,1.29564,1.62,2.63
2011.07.04 15:13:26.997,1.29521,1.29564,1.50,2.63
2011.07.04 15:13:28.286,1.29516,1.29564,2.63,2.63
2011.07.04 15:13:29.860,1.29516,1.29564,2.63,2.63
2011.07.04 15:13:33.129,1.29516,1.29564,2.63,2.63
2011.07.04 15:13:39.091,1.29516,1.29564,2.63,2.63
2011.07.04 15:13:39.649,1.29516,1.29564,1.88,3.98
2011.07.04 15:13:44.488,1.29516,1.29558,2.63,1.50
2011.07.04 15:13:48.054,1.29516,1.29554,2.63,1.50
2011.07.04 15:13:48.638,1.29517,1.29545,2.63,1.13
2011.07.04 15:13:49.302,1.29517,1.29542,1.50,1.50
2011.07.04 15:13:57.238,1.29507,1.29541,1.50,1.50
2011.07.04 15:13:58.129,1.29507,1.29532,1.50,1.50
2011.07.04 15:13:58.799,1.29503,1.29532,2.63,1.50
2011.07.04 15:13:58.910,1.29503,1.29529,2.63,1.13
2011.07.04 15:13:59.407,1.29503,1.29528,2.63,1.50
2011.07.04 15:13:59.638,1.29497,1.29523,2.63,1.50
2011.07.04 15:14:10.349,1.29497,1.29532,1.13,1.50
2011.07.04 15:14:23.051,1.29497,1.29535,2.63,1.50
2011.07.04 15:14:23.158,1.29497,1.29537,2.63,1.50
2011.07.04 15:14:23.271,1.29497,1.29537,2.63,1.50
2011.07.04 15:14:33.424,1.29497,1.29543,1.50,1.88
2011.07.04 15:14:33.538,1.29497,1.29544,1.50,3.38
2011.07.04 15:14:33.648,1.29497,1.29544,1.50,3.38
2011.07.04 15:14:41.071,1.29498,1.29544,1.50,3.38
2011.07.04 15:14:48.520,1.29497,1.29533,1.13,1.50
2011.07.04 15:14:49.831,1.29498,1.29533,1.50,1.50
2011.07.04 15:15:03.670,1.29496,1.29537,2.63,1.50
2011.07.04 15:15:03.780,1.29496,1.29538,3.38,1.50
2011.07.04 15:15:05.327,1.29496,1.29537,3.38,1.50
2011.07.04 15:15:06.208,1.29496,1.29537,3.38,1.50
2011.07.04 15:15:08.028,1.29496,1.29539,2.63,1.50
2011.07.04 15:15:08.577,1.29496,1.29539,2.63,1.50
2011.07.04 15:15:09.321,1.29499,1.29539,1.50,1.50
2011.07.04 15:15:09.539,1.29497,1.29537,1.50,1.50
2011.07.04 15:15:15.698,1.29496,1.29537,1.88,1.50
2011.07.04 15:15:27.298,1.29496,1.29534,1.88,1.50
2011.07.04 15:15:27.630,1.29496,1.29527,1.88,1.50
2011.07.04 15:15:28.743,1.29496,1.29518,1.88,1.88
2011.07.04 15:15:28.859,1.29492,1.29517,1.50,1.13
2011.07.04 15:15:32.280,1.29487,1.29518,1.50,1.50
2011.07.04 15:15:32.498,1.29487,1.29518,1.50,1.50
2011.07.04 15:15:35.943,1.29505,1.29524,1.25,1.88
2011.07.04 15:15:36.759,1.29505,1.29523,1.25,1.88
2011.07.04 15:15:37.980,1.29505,1.29523,1.25,1.88
2011.07.04 15:15:38.311,1.29503,1.29523,1.25,1.88
2011.07.04 15:15:38.761,1.29503,1.29528,1.25,1.73
2011.07.04 15:15:38.989,1.29514,1.29533,1.25,2.63
2011.07.04 15:15:39.738,1.29518,1.29544,1.25,2.63
2011.07.04 15:15:40.069,1.29522,1.29544,1.25,2.63
2011.07.04 15:15:52.408,1.29515,1.29547,1.62,2.63
2011.07.04 15:15:52.517,1.29512,1.29547,1.25,2.63
2011.07.04 15:16:06.159,1.29512,1.29546,1.25,2.63
2011.07.04 15:16:16.490,1.29506,1.29549,2.00,1.13
2011.07.04 15:16:33.757,1.29506,1.2955,2.00,1.13
2011.07.04 15:16:34.692,1.29506,1.29549,2.00,1.50
2011.07.04 15:16:36.278,1.29506,1.29546,2.75,1.13
2011.07.04 15:16:37.610,1.29506,1.29545,1.88,1.13
2011.07.04 15:16:39.541,1.29506,1.29546,3.23,2.63
2011.07.04 15:16:39.868,1.29517,1.29546,1.88,2.63
2011.07.04 15:16:56.295,1.29517,1.29554,1.88,1.88
2011.07.04 15:16:57.379,1.29516,1.29554,1.88,1.88
2011.07.04 15:17:03.420,1.29517,1.29554,1.88,1.88
2011.07.04 15:17:04.252,1.29517,1.29554,2.63,1.13
2011.07.04 15:17:04.367,1.29536,1.29554,1.25,1.13
2011.07.04 15:17:04.478,1.29517,1.29553,2.75,1.13
2011.07.04 15:17:04.587,1.29517,1.29547,1.88,1.50
2011.07.04 15:17:04.812,1.29506,1.29555,2.63,1.50
2011.07.04 15:17:05.398,1.29506,1.29554,2.63,1.88
2011.07.04 15:17:06.317,1.29506,1.29554,2.63,1.88
2011.07.04 15:17:22.339,1.29507,1.29553,2.63,1.88
2011.07.04 15:17:31.794,1.29509,1.29553,1.50,2.63
2011.07.04 15:17:32.138,1.29512,1.29553,1.50,2.63
2011.07.04 15:17:33.558,1.29506,1.29554,2.63,3.00
2011.07.04 15:17:44.225,1.29509,1.29554,1.50,3.38
2011.07.04 15:18:08.915,1.29509,1.29554,1.35,2.63
2011.07.04 15:18:22.860,1.29511,1.29553,2.25,2.63
2011.07.04 15:18:22.969,1.29513,1.29554,3.75,1.50
2011.07.04 15:18:23.080,1.29518,1.29556,1.13,1.13
2011.07.04 15:18:24.969,1.29518,1.29557,1.88,2.63
2011.07.04 15:18:30.298,1.29518,1.29558,1.88,1.50
2011.07.04 15:18:30.519,1.29518,1.29558,1.88,1.50
2011.07.04 15:18:31.429,1.29523,1.29563,1.50,2.63
2011.07.04 15:18:35.709,1.2952,1.29563,1.50,2.63
2011.07.04 15:18:36.293,1.29517,1.29563,3.38,2.63
2011.07.04 15:18:37.251,1.29517,1.29563,3.38,2.63
2011.07.04 15:18:38.239,1.29517,1.29563,3.38,2.63
2011.07.04 15:18:56.494,1.29516,1.29563,2.63,2.25
2011.07.04 15:19:13.759,1.29516,1.29563,1.13,3.38
2011.07.04 15:19:14.088,1.29515,1.29553,1.50,1.88
2011.07.04 15:19:15.591,1.29516,1.29553,1.50,1.88
2011.07.04 15:19:17.377,1.29517,1.29553,1.50,1.88
2011.07.04 15:19:17.569,1.29517,1.29563,3.38,2.63
2011.07.04 15:19:17.790,1.29517,1.29563,2.63,2.63
2011.07.04 15:19:23.218,1.29517,1.29563,1.88,2.63
2011.07.04 15:19:23.658,1.29516,1.29554,1.50,1.88
2011.07.04 15:19:26.339,1.29517,1.29563,1.88,3.38
2011.07.04 15:19:27.388,1.29517,1.29563,2.63,2.63
2011.07.04 15:19:38.713,1.29517,1.29561,1.88,2.25
2011.07.04 15:19:38.828,1.29517,1.29561,2.63,2.25
2011.07.04 15:20:08.212,1.29516,1.29564,3.38,3.00
2011.07.04 15:20:08.439,1.29516,1.29564,3.38,3.00
2011.07.04 15:20:09.093,1.29519,1.29564,1.50,3.00
2011.07.04 15:20:15.692,1.29516,1.29564,3.38,2.63
2011.07.04 15:20:22.490,1.29517,1.29563,3.00,1.13
2011.07.04 15:20:32.499,1.29518,1.29563,1.13,2.63
2011.07.04 15:20:46.911,1.29517,1.29563,3.38,2.63
2011.07.04 15:21:09.978,1.29517,1.29564,1.50,2.63
2011.07.04 15:21:10.933,1.29517,1.29564,1.50,2.63
2011.07.04 15:21:11.052,1.29517,1.29564,1.50,2.63
2011.07.04 15:21:11.222,1.29517,1.29564,1.50,2.63
2011.07.04 15:21:11.669,1.29517,1.29564,1.50,2.63
2011.07.04 15:21:12.652,1.29517,1.29564,1.50,2.63
2011.07.04 15:21:32.541,1.29517,1.29563,2.63,1.88
2011.07.04 15:21:37.572,1.29517,1.29561,2.63,1.13
2011.07.04 15:21:43.002,1.29517,1.29556,2.63,1.50
2011.07.04 15:21:43.442,1.29517,1.29555,1.88,1.88
2011.07.04 15:21:43.560,1.29517,1.29554,1.88,1.13
2011.07.04 15:21:43.889,1.29517,1.29549,3.60,1.50
2011.07.04 15:21:44.218,1.29527,1.29549,1.88,1.50
2011.07.04 15:21:44.811,1.29517,1.29549,3.60,1.50
2011.07.04 15:21:45.209,1.29517,1.29549,4.35,1.50
2011.07.04 15:22:00.240,1.29521,1.29549,1.13,1.50
2011.07.04 15:22:00.458,1.29521,1.29554,1.13,1.13
2011.07.04 15:22:01.200,1.29527,1.29557,1.88,1.50
2011.07.04 15:22:05.709,1.29527,1.29562,1.88,1.50
2011.07.04 15:22:18.428,1.29526,1.29562,1.88,1.50
2011.07.04 15:22:27.089,1.29516,1.29564,2.63,1.13
2011.07.04 15:22:27.920,1.29517,1.29564,1.73,2.63
2011.07.04 15:22:29.200,1.29517,1.29564,2.48,2.63
2011.07.04 15:22:37.180,1.29517,1.29564,2.48,2.63
2011.07.04 15:22:43.081,1.29517,1.29564,2.48,2.63
2011.07.04 15:22:43.193,1.29517,1.29564,2.48,2.63
2011.07.04 15:22:51.320,1.29516,1.29554,2.25,1.13
2011.07.04 15:22:52.803,1.29516,1.29554,2.25,1.13
2011.07.04 15:22:54.679,1.29516,1.29564,2.63,2.63
2011.07.04 15:23:01.955,1.29516,1.29564,2.63,2.63
2011.07.04 15:23:02.181,1.29516,1.29564,2.63,2.63
2011.07.04 15:23:05.644,1.29517,1.29563,2.63,1.88
2011.07.04 15:23:09.805,1.29517,1.29563,2.63,2.63
2011.07.04 15:23:10.309,1.29517,1.29553,2.63,1.50
2011.07.04 15:23:23.950,1.29516,1.29553,2.63,1.50
2011.07.04 15:23:24.061,1.29516,1.29553,2.63,1.50
2011.07.04 15:23:30.801,1.29516,1.29554,2.63,1.13
2011.07.04 15:23:31.021,1.29516,1.29563,1.88,1.50
2011.07.04 15:23:39.343,1.29517,1.29563,1.88,3.38
2011.07.04 15:23:50.459,1.29517,1.2956,3.38,1.50
2011.07.04 15:23:53.249,1.29518,1.29561,1.50,3.00
2011.07.04 15:23:57.449,1.29518,1.29561,1.50,1.50
2011.07.04 15:24:05.313,1.29517,1.29563,2.63,2.63
2011.07.04 15:24:05.860,1.29518,1.29563,1.50,2.63
2011.07.04 15:24:17.950,1.29521,1.29564,3.00,2.63
2011.07.04 15:24:18.060,1.29521,1.29564,3.38,2.25
2011.07.04 15:24:18.389,1.29521,1.29567,3.38,2.25
2011.07.04 15:24:19.192,1.29527,1.29567,1.88,2.25
2011.07.04 15:24:47.020,1.29527,1.29571,2.63,1.13
2011.07.04 15:24:48.111,1.29518,1.29564,1.35,2.63
2011.07.04 15:24:51.391,1.29516,1.29564,3.38,2.63
2011.07.04 15:24:51.722,1.29526,1.29563,3.98,3.75
2011.07.04 15:24:52.184,1.29526,1.2957,3.38,1.13
2011.07.04 15:24:52.305,1.29521,1.29563,1.50,2.63
2011.07.04 15:24:52.532,1.29518,1.29561,1.50,1.13
2011.07.04 15:24:52.972,1.29517,1.29563,2.63,2.63
2011.07.04 15:24:55.841,1.29518,1.29563,1.50,2.63
2011.07.04 15:24:56.170,1.29517,1.29563,2.63,2.63
2011.07.04 15:25:00.769,1.29517,1.29563,1.88,2.63
2011.07.04 15:25:08.198,1.29516,1.29564,2.63,1.13
2011.07.04 15:25:09.811,1.29517,1.29563,1.88,2.63
2011.07.04 15:25:12.343,1.29517,1.29563,2.63,2.63
2011.07.04 15:25:12.678,1.29517,1.29563,2.63,2.63
2011.07.04 15:25:15.092,1.29517,1.29563,2.63,2.63
2011.07.04 15:25:15.596,1.2952,1.29563,1.50,2.63
2011.07.04 15:25:15.819,1.29521,1.29563,1.50,2.63
2011.07.04 15:25:16.289,1.29525,1.29563,1.50,2.63
2011.07.04 15:25:18.260,1.29517,1.29563,2.63,2.63
2011.07.04 15:25:20.209,1.29517,1.29561,2.63,3.00
2011.07.04 15:25:20.319,1.29508,1.29561,1.50,3.75
2011.07.04 15:25:20.650,1.29512,1.29563,1.50,1.88
2011.07.04 15:25:20.869,1.29516,1.29564,2.63,2.63
2011.07.04 15:25:22.300,1.29519,1.29564,1.50,2.63
2011.07.04 15:25:23.290,1.29517,1.29564,1.50,2.63
2011.07.04 15:25:24.230,1.29519,1.29564,1.50,2.63
2011.07.04 15:25:29.962,1.29517,1.29564,1.50,2.63
2011.07.04 15:25:38.909,1.29517,1.29557,1.50,1.13
2011.07.04 15:25:39.021,1.29506,1.29554,3.38,1.13
2011.07.04 15:25:40.089,1.29507,1.29553,1.50,2.63
2011.07.04 15:25:40.420,1.29508,1.29563,3.75,2.63
2011.07.04 15:25:41.210,1.29517,1.29563,1.88,2.63
2011.07.04 15:25:41.540,1.29513,1.29563,1.50,2.63
2011.07.04 15:25:41.870,1.29507,1.29553,2.63,2.63
2011.07.04 15:25:42.090,1.29502,1.29554,1.35,2.63
2011.07.04 15:25:42.201,1.29503,1.29554,3.75,2.63
2011.07.04 15:25:42.528,1.29503,1.29554,3.75,3.00
2011.07.04 15:25:43.231,1.29511,1.29554,1.50,3.00
2011.07.04 15:25:43.563,1.29516,1.29557,1.50,2.63
2011.07.04 15:25:44.582,1.29517,1.29557,5.63,2.63
2011.07.04 15:25:49.069,1.29518,1.29556,1.50,1.88
2011.07.04 15:25:51.313,1.2952,1.29556,1.50,1.88
2011.07.04 15:25:52.523,1.29518,1.29557,1.50,1.88
2011.07.04 15:25:52.640,1.2952,1.29557,1.50,1.88
2011.07.04 15:25:53.516,1.2952,1.29563,1.50,2.63
2011.07.04 15:25:54.258,1.29518,1.29563,1.50,2.63
2011.07.04 15:25:55.908,1.29518,1.29563,1.50,2.63
2011.07.04 15:26:06.598,1.29519,1.29563,1.20,2.63
2011.07.04 15:26:06.860,1.29517,1.29563,6.38,1.13
2011.07.04 15:26:08.321,1.29507,1.29563,1.88,2.63
2011.07.04 15:26:08.544,1.29512,1.29562,1.50,3.75
2011.07.04 15:26:09.139,1.29518,1.29564,1.50,2.63
2011.07.04 15:26:09.581,1.29516,1.29561,3.75,1.13
2011.07.04 15:26:09.909,1.29507,1.29561,3.38,1.13
2011.07.04 15:26:10.405,1.29507,1.29561,3.38,1.13
2011.07.04 15:26:11.279,1.29516,1.29561,2.63,1.13
2011.07.04 15:26:24.740,1.29507,1.29552,1.50,1.13
2011.07.04 15:26:24.849,1.29506,1.29552,2.63,1.13
2011.07.04 15:26:25.399,1.29507,1.29553,2.63,2.63
2011.07.04 15:26:25.619,1.29503,1.29553,1.50,2.63
2011.07.04 15:26:27.262,1.29511,1.29553,1.50,2.63
2011.07.04 15:26:27.491,1.29525,1.29565,3.75,1.13
2011.07.04 15:26:27.709,1.29525,1.29565,3.75,1.13
2011.07.04 15:26:27.820,1.29536,1.29565,1.88,1.13
2011.07.04 15:26:29.038,1.29536,1.29565,1.88,1.13
2011.07.04 15:26:31.880,1.29536,1.29565,1.88,1.13
2011.07.04 15:26:32.211,1.2953,1.29565,3.00,1.13
2011.07.04 15:26:32.320,1.2953,1.29566,3.38,1.13
2011.07.04 15:26:32.947,1.29527,1.29565,1.88,1.13
2011.07.04 15:26:33.689,1.29526,1.29565,2.63,1.13
2011.07.04 15:26:42.290,1.29519,1.29573,3.38,2.63
2011.07.04 15:26:43.519,1.29526,1.29574,1.88,2.63
2011.07.04 15:26:50.459,1.29527,1.29571,1.88,2.63
2011.07.04 15:26:55.269,1.29527,1.29573,1.88,2.63
2011.07.04 15:27:02.220,1.29519,1.29564,3.75,2.63
2011.07.04 15:27:02.641,1.29513,1.29553,1.20,1.88
2011.07.04 15:27:08.600,1.29515,1.29553,1.50,1.88
2011.07.04 15:27:08.709,1.29515,1.29566,1.50,3.00
2011.07.04 15:27:08.930,1.29521,1.29567,3.75,2.25
2011.07.04 15:27:09.369,1.29517,1.29563,2.63,1.88
2011.07.04 15:27:09.798,1.29517,1.29563,2.63,2.63
2011.07.04 15:27:10.560,1.29527,1.29567,1.88,2.25
2011.07.04 15:27:10.779,1.29527,1.29566,1.88,2.25
2011.07.04 15:27:20.334,1.29517,1.29566,2.63,2.25
2011.07.04 15:27:21.152,1.29516,1.29564,2.63,1.88
2011.07.04 15:27:30.329,1.29516,1.29564,2.63,2.63
2011.07.04 15:27:32.010,1.29516,1.29554,1.50,1.88
2011.07.04 15:27:37.420,1.29506,1.29554,2.63,1.88
2011.07.04 15:27:37.529,1.29506,1.29554,2.63,1.88
2011.07.04 15:27:41.490,1.29507,1.29553,1.13,1.88
2011.07.04 15:27:42.149,1.29497,1.29544,1.50,1.88
2011.07.04 15:27:44.079,1.29497,1.29544,1.50,1.88
2011.07.04 15:27:44.190,1.29497,1.29544,1.50,2.25
2011.07.04 15:27:44.302,1.29493,1.29543,2.25,2.25
2011.07.04 15:27:44.630,1.29493,1.29533,2.25,1.88
2011.07.04 15:27:49.770,1.29487,1.29543,2.63,2.25
2011.07.04 15:27:49.880,1.29487,1.29541,2.63,1.50
2011.07.04 15:27:49.990,1.29483,1.29538,2.63,3.00
2011.07.04 15:27:50.320,1.29482,1.29523,1.13,1.88
2011.07.04 15:27:50.540,1.29477,1.29523,2.63,2.63
2011.07.04 15:27:50.760,1.2948,1.29523,3.75,1.88
2011.07.04 15:27:50.870,1.2948,1.2953,3.75,1.13
2011.07.04 15:27:51.679,1.29486,1.2953,2.63,1.13
2011.07.04 15:27:55.618,1.29486,1.29534,2.63,2.63
2011.07.04 15:27:57.149,1.29477,1.2953,1.50,1.50
2011.07.04 15:27:57.491,1.29477,1.29523,3.38,1.88
2011.07.04 15:28:03.080,1.29476,1.29527,6.38,1.13
2011.07.04 15:28:03.301,1.29487,1.29533,2.63,1.88
2011.07.04 15:28:03.524,1.29494,1.29533,1.50,1.88
2011.07.04 15:28:03.753,1.29501,1.29541,3.75,2.25
2011.07.04 15:28:03.876,1.29502,1.29553,1.50,3.38
2011.07.04 15:28:03.994,1.29501,1.29545,3.75,1.13
2011.07.04 15:28:04.332,1.295,1.29533,3.75,1.88
2011.07.04 15:28:04.550,1.29491,1.29533,1.13,1.88
2011.07.04 15:28:04.660,1.2949,1.29524,1.13,1.88
2011.07.04 15:28:07.174,1.29487,1.29533,1.13,1.88
2011.07.04 15:28:07.729,1.29486,1.29534,1.50,1.88
2011.07.04 15:28:07.950,1.29482,1.29534,1.50,2.63
2011.07.04 15:28:08.060,1.29482,1.29524,1.50,1.88
2011.07.04 15:28:08.641,1.29482,1.29524,1.50,1.88
2011.07.04 15:28:09.260,1.29478,1.29524,2.25,1.88
2011.07.04 15:28:12.530,1.29487,1.29533,2.63,2.63
2011.07.04 15:28:13.659,1.29487,1.29528,2.63,1.50
2011.07.04 15:28:14.531,1.29487,1.29526,2.63,1.50
2011.07.04 15:28:14.860,1.29479,1.29524,2.25,2.63
2011.07.04 15:28:15.505,1.29479,1.29524,2.25,2.63
2011.07.04 15:28:16.088,1.29476,1.29524,2.63,2.63
2011.07.04 15:28:16.532,1.29479,1.29523,1.13,1.88
2011.07.04 15:28:19.631,1.29476,1.29524,1.13,2.63
2011.07.04 15:28:19.850,1.29476,1.29524,2.63,3.38
2011.07.04 15:28:20.181,1.2948,1.29523,1.13,1.88
2011.07.04 15:28:25.449,1.29477,1.29523,1.13,2.63
2011.07.04 15:28:26.098,1.29476,1.29524,2.63,2.63
2011.07.04 15:28:27.861,1.29476,1.29524,2.63,2.63
2011.07.04 15:28:28.271,1.29476,1.29519,2.63,1.50
2011.07.04 15:28:28.380,1.29471,1.29523,1.50,3.75
2011.07.04 15:28:28.601,1.29471,1.29513,1.50,1.88
2011.07.04 15:28:28.820,1.29468,1.29513,2.25,2.63
2011.07.04 15:28:33.549,1.29468,1.29517,2.25,1.88
2011.07.04 15:28:39.384,1.29476,1.29522,2.63,2.63
2011.07.04 15:28:41.490,1.29468,1.29521,3.75,2.63
2011.07.04 15:28:46.990,1.29467,1.29513,1.13,2.25
2011.07.04 15:28:47.430,1.29467,1.29503,1.13,1.50
2011.07.04 15:28:52.079,1.29458,1.29512,2.63,4.50
2011.07.04 15:28:53.703,1.29459,1.29503,2.25,1.88
2011.07.04 15:29:03.451,1.29457,1.29503,2.63,2.25
2011.07.04 15:29:03.561,1.29454,1.29502,2.25,3.75
2011.07.04 15:29:04.113,1.29454,1.29494,2.25,1.50
2011.07.04 15:29:04.450,1.29454,1.29504,1.20,1.88
2011.07.04 15:29:04.999,1.29455,1.29493,1.13,1.88
2011.07.04 15:29:06.265,1.29453,1.29503,2.25,1.88
2011.07.04 15:29:09.013,1.29449,1.29493,2.63,1.88
2011.07.04 15:29:09.241,1.2945,1.29497,1.13,3.00
2011.07.04 15:29:09.350,1.29449,1.29484,2.63,1.88
2011.07.04 15:29:09.571,1.29449,1.29484,2.63,1.88
2011.07.04 15:29:11.261,1.29449,1.2948,2.63,3.00
2011.07.04 15:29:11.597,1.2945,1.29484,1.13,1.88
2011.07.04 15:29:12.149,1.2945,1.29483,1.13,1.88
2011.07.04 15:29:14.109,1.29448,1.29483,1.88,1.88
2011.07.04 15:29:14.332,1.2945,1.29483,1.13,1.88
2011.07.04 15:29:14.659,1.29448,1.29483,2.25,1.88
2011.07.04 15:29:14.771,1.29433,1.29481,1.20,1.13
2011.07.04 15:29:14.880,1.29436,1.29484,2.63,1.88
2011.07.04 15:29:25.119,1.29436,1.29484,2.63,2.63
2011.07.04 15:29:25.230,1.29436,1.29474,1.88,3.75
2011.07.04 15:29:25.341,1.29453,1.29471,1.58,1.50
2011.07.04 15:29:25.671,1.29453,1.29464,1.50,1.50
2011.07.04 15:29:26.242,1.29431,1.29464,1.50,1.50
2011.07.04 15:29:26.353,1.29414,1.29463,1.20,1.13
2011.07.04 15:29:27.051,1.29414,1.29464,3.75,2.63
2011.07.04 15:29:27.271,1.29424,1.29472,1.50,2.25
2011.07.04 15:29:27.602,1.29426,1.29472,2.63,1.50
2011.07.04 15:29:27.711,1.29426,1.29472,3.00,2.25
2011.07.04 15:29:28.039,1.29426,1.29472,6.00,1.50
2011.07.04 15:29:29.410,1.29427,1.29476,2.63,1.13
2011.07.04 15:29:30.229,1.29427,1.2947,1.13,1.50
2011.07.04 15:29:30.540,1.29427,1.29463,1.50,1.88
2011.07.04 15:29:40.550,1.29418,1.29464,2.25,2.63
2011.07.04 15:29:40.773,1.29418,1.29453,2.25,1.88
2011.07.04 15:29:42.471,1.29407,1.29448,2.63,1.50
2011.07.04 15:29:42.693,1.29396,1.29443,1.13,3.75
2011.07.04 15:29:42.811,1.29395,1.29434,1.88,1.13
2011.07.04 15:29:43.292,1.294,1.29444,1.13,2.63
2011.07.04 15:29:43.629,1.29408,1.29454,3.75,1.88
2011.07.04 15:29:47.900,1.29414,1.29454,1.13,1.88
2011.07.04 15:29:48.524,1.29414,1.29454,1.13,1.88
2011.07.04 15:29:49.652,1.29414,1.29453,1.13,1.88
2011.07.04 15:29:50.599,1.29414,1.29453,1.13,1.88
2011.07.04 15:29:50.819,1.29414,1.29453,1.13,1.88
2011.07.04 15:29:51.370,1.29417,1.29463,1.13,2.63
2011.07.04 15:29:51.479,1.29417,1.29463,3.00,2.63
2011.07.04 15:29:55.340,1.29417,1.29463,1.13,1.13
2011.07.04 15:29:56.581,1.29426,1.29464,1.13,1.88
2011.07.04 15:29:58.920,1.29426,1.29464,1.13,1.88
2011.07.04 15:29:59.031,1.29426,1.29473,1.13,2.63
2011.07.04 15:30:00.477,1.29437,1.29476,1.88,1.13
2011.07.04 15:30:00.824,1.29437,1.2948,2.63,1.50
2011.07.04 15:30:01.491,1.29435,1.2948,4.88,1.50
2011.07.04 15:30:04.640,1.29417,1.29475,1.50,1.13
2011.07.04 15:30:04.750,1.29417,1.29475,1.50,1.13
2011.07.04 15:30:05.206,1.29419,1.29463,2.25,1.88
2011.07.04 15:30:08.241,1.29422,1.29463,1.50,1.88
2011.07.04 15:30:11.271,1.29422,1.29463,1.13,1.88
2011.07.04 15:30:13.690,1.29423,1.29463,1.13,1.88
2011.07.04 15:30:14.199,1.29423,1.29464,1.13,1.88
2011.07.04 15:30:14.753,1.29431,1.29464,1.13,1.88
2011.07.04 15:30:15.093,1.29434,1.29474,1.50,4.13
2011.07.04 15:30:15.213,1.29437,1.29474,3.75,3.38
2011.07.04 15:30:15.902,1.29437,1.29475,5.63,1.50
2011.07.04 15:30:16.497,1.29437,1.29478,2.63,1.50
2011.07.04 15:30:16.831,1.29441,1.29483,1.50,2.63
2011.07.04 15:30:16.941,1.29437,1.29481,1.25,1.50
2011.07.04 15:30:17.052,1.29434,1.29476,1.62,1.50
2011.07.04 15:30:17.164,1.29434,1.29465,1.50,1.13
2011.07.04 15:30:17.610,1.29429,1.29463,2.25,2.63
2011.07.04 15:30:18.521,1.29429,1.29463,2.25,2.63
2011.07.04 15:30:19.350,1.29428,1.29463,1.88,3.00
2011.07.04 15:30:19.915,1.29429,1.29463,1.50,3.00
2011.07.04 15:30:22.651,1.29428,1.29463,1.88,1.13
2011.07.04 15:30:24.512,1.29429,1.29459,1.50,1.50
2011.07.04 15:30:24.874,1.29429,1.29453,1.50,1.88
2011.07.04 15:30:25.526,1.29428,1.29453,1.50,1.88
2011.07.04 15:30:26.049,1.29421,1.29453,1.50,1.88
2011.07.04 15:30:31.261,1.29421,1.29451,1.50,1.13
2011.07.04 15:30:31.700,1.2941,1.29449,1.50,1.88
2011.07.04 15:30:32.727,1.2941,1.29449,1.50,1.88
2011.07.04 15:30:33.729,1.29409,1.29445,1.13,1.50
2011.07.04 15:30:33.842,1.2941,1.29443,1.13,1.50
2011.07.04 15:30:33.951,1.29409,1.29443,2.63,1.50
2011.07.04 15:30:34.064,1.2941,1.29435,1.13,1.13
2011.07.04 15:30:34.291,1.29408,1.29434,2.63,1.50
2011.07.04 15:30:34.731,1.2941,1.29444,1.62,1.13
2011.07.04 15:30:34.951,1.29417,1.29443,1.25,1.50
2011.07.04 15:30:35.170,1.29418,1.29443,1.25,1.50
2011.07.04 15:30:36.322,1.29419,1.29443,1.25,1.50
2011.07.04 15:30:39.481,1.29426,1.29464,1.13,2.63
2011.07.04 15:30:39.589,1.29426,1.29464,1.25,2.63
2011.07.04 15:30:39.810,1.29427,1.29464,1.25,2.63
2011.07.04 15:30:45.770,1.2943,1.29464,1.25,2.63
2011.07.04 15:30:45.882,1.2943,1.29464,1.25,2.63
2011.07.04 15:30:46.219,1.29426,1.29453,1.25,1.88
2011.07.04 15:30:52.980,1.29425,1.29453,1.25,1.88
2011.07.04 15:30:57.178,1.29426,1.29453,1.13,1.88
2011.07.04 15:30:57.289,1.29422,1.29453,2.00,1.88
2011.07.04 15:30:58.390,1.29422,1.29453,1.62,1.88
2011.07.04 15:31:01.208,1.29422,1.29453,1.62,1.88
2011.07.04 15:31:06.710,1.29421,1.29464,1.62,2.63
2011.07.04 15:31:06.929,1.29426,1.29464,1.62,2.63
2011.07.04 15:31:07.489,1.29426,1.29463,1.62,1.88
2011.07.04 15:31:10.402,1.29426,1.29463,2.00,1.88
2011.07.04 15:31:10.730,1.2943,1.29473,3.87,2.63
2011.07.04 15:31:13.059,1.2943,1.29473,3.87,2.63
2011.07.04 15:31:19.299,1.29429,1.29473,3.00,2.63
2011.07.04 15:31:27.349,1.29427,1.29473,2.00,2.63
2011.07.04 15:31:30.521,1.29427,1.29473,2.75,2.63
2011.07.04 15:31:30.852,1.2945,1.29484,3.00,1.50
2011.07.04 15:31:30.959,1.2945,1.29484,3.00,1.50
2011.07.04 15:31:35.043,1.29446,1.29486,2.00,1.13
2011.07.04 15:31:35.273,1.29444,1.29486,1.69,2.63
2011.07.04 15:31:35.601,1.29447,1.29485,1.88,1.13
2011.07.04 15:31:36.661,1.29447,1.29485,1.88,1.13
2011.07.04 15:31:39.474,1.29447,1.29486,2.63,1.50
2011.07.04 15:31:40.059,1.29455,1.29484,1.25,1.13
2011.07.04 15:31:42.171,1.29455,1.29484,1.25,2.63
2011.07.04 15:31:42.282,1.29442,1.29478,3.87,1.50
2011.07.04 15:31:42.390,1.29442,1.29467,3.00,1.50
2011.07.04 15:31:43.158,1.29446,1.29467,1.88,1.50
2011.07.04 15:31:44.510,1.29446,1.29471,1.88,1.13
2011.07.04 15:31:45.060,1.29436,1.29473,2.63,2.25
2011.07.04 15:31:45.610,1.29437,1.29473,1.88,2.25
2011.07.04 15:31:55.895,1.29437,1.29473,2.25,2.25
2011.07.04 15:31:56.124,1.29437,1.29477,2.25,1.50
2011.07.04 15:31:56.242,1.29444,1.29477,3.38,1.50
2011.07.04 15:31:56.459,1.29444,1.29479,3.38,1.50
2011.07.04 15:31:57.009,1.29447,1.29479,1.88,1.50
2011.07.04 15:31:58.440,1.29447,1.29486,1.88,1.50
2011.07.04 15:31:58.659,1.29447,1.29486,1.88,1.50
2011.07.04 15:31:58.934,1.29447,1.29486,2.63,1.50
2011.07.04 15:32:01.311,1.29447,1.29493,2.63,2.63
2011.07.04 15:32:01.640,1.29447,1.29493,2.63,2.63
2011.07.04 15:32:07.350,1.29443,1.29484,3.75,2.63
2011.07.04 15:32:07.569,1.29441,1.29484,3.75,2.63
2011.07.04 15:32:30.459,1.29447,1.29483,3.75,2.63
2011.07.04 15:33:06.740,1.29443,1.29482,3.00,1.50
2011.07.04 15:33:08.393,1.29443,1.29482,3.75,1.50
2011.07.04 15:33:19.230,1.29446,1.29482,2.63,1.50
2011.07.04 15:33:23.140,1.29446,1.29482,2.63,1.50
2011.07.04 15:33:23.473,1.29452,1.29487,1.62,1.50
2011.07.04 15:33:23.810,1.29473,1.29493,1.25,2.63
2011.07.04 15:33:25.319,1.29467,1.29493,1.62,2.63
2011.07.04 15:33:25.429,1.2946,1.29493,1.25,2.63
2011.07.04 15:33:31.670,1.29467,1.29493,1.25,2.63
2011.07.04 15:33:32.859,1.29467,1.29493,1.25,2.63
2011.07.04 15:33:33.941,1.29467,1.29493,1.25,1.88
2011.07.04 15:33:40.303,1.29473,1.29494,1.25,1.50
2011.07.04 15:33:40.917,1.29473,1.29494,1.25,1.50
2011.07.04 15:33:41.301,1.29473,1.29494,1.25,1.50
2011.07.04 15:33:41.520,1.29477,1.29503,1.25,1.13
2011.07.04 15:33:41.740,1.29479,1.29503,1.25,1.13
2011.07.04 15:33:45.500,1.29479,1.29514,1.25,2.63
2011.07.04 15:33:47.301,1.29466,1.29514,2.75,3.38
2011.07.04 15:33:47.851,1.29466,1.29514,2.75,3.38
2011.07.04 15:33:48.180,1.29466,1.29505,1.88,1.35
2011.07.04 15:33:48.402,1.29466,1.29505,1.88,1.35
2011.07.04 15:33:48.511,1.29457,1.29505,1.88,1.35
2011.07.04 15:33:49.063,1.29456,1.29502,1.88,2.48
2011.07.04 15:33:50.281,1.2945,1.29496,1.62,1.50
2011.07.04 15:33:50.721,1.2945,1.29493,1.62,1.13
2011.07.04 15:33:51.329,1.29448,1.29493,1.62,2.63
2011.07.04 15:33:53.580,1.29448,1.2949,1.62,1.13
2011.07.04 15:33:53.690,1.29445,1.2949,1.62,1.13
2011.07.04 15:33:53.800,1.29445,1.29484,1.62,1.88
2011.07.04 15:33:53.910,1.29445,1.29484,1.62,2.63
2011.07.04 15:33:54.240,1.29447,1.29484,1.50,1.88
2011.07.04 15:33:55.441,1.29443,1.29484,1.62,3.00
2011.07.04 15:33:55.660,1.29443,1.29474,1.62,1.88
2011.07.04 15:33:55.769,1.29441,1.29474,2.37,1.88
2011.07.04 15:33:56.319,1.29441,1.29473,2.37,1.88
2011.07.04 15:33:57.324,1.29443,1.29473,1.62,1.88
2011.07.04 15:33:57.661,1.29443,1.29473,1.62,1.88
2011.07.04 15:33:59.449,1.29443,1.29474,1.62,1.88
2011.07.04 15:34:00.481,1.29443,1.29473,1.62,1.88
2011.07.04 15:34:10.370,1.29434,1.29473,1.62,1.88
2011.07.04 15:34:17.314,1.29437,1.29474,1.62,1.88
2011.07.04 15:34:18.511,1.29437,1.29473,1.62,1.88
2011.07.04 15:34:33.411,1.29437,1.29474,1.62,1.88
2011.07.04 15:34:35.746,1.29437,1.29474,1.62,1.88
2011.07.04 15:34:48.485,1.2946,1.29473,1.25,1.88
2011.07.04 15:34:56.080,1.29447,1.29473,1.25,1.88
2011.07.04 15:34:56.840,1.2943,1.29473,1.25,1.88
2011.07.04 15:34:56.951,1.29437,1.29472,1.62,3.00
2011.07.04 15:34:57.171,1.29435,1.29478,1.62,1.50
2011.07.04 15:34:57.281,1.29433,1.29474,1.62,2.63
2011.07.04 15:34:57.391,1.29433,1.29474,1.62,5.63
2011.07.04 15:34:57.611,1.29433,1.29471,1.62,1.13
2011.07.04 15:34:57.721,1.29433,1.29474,1.62,2.63
2011.07.04 15:34:57.831,1.29422,1.29466,2.00,1.50
2011.07.04 15:34:58.346,1.29438,1.29484,1.25,2.63
2011.07.04 15:34:58.570,1.29438,1.29484,1.25,2.63
2011.07.04 15:34:59.290,1.29438,1.29473,1.25,2.63
2011.07.04 15:35:01.291,1.29447,1.29474,1.25,2.63
2011.07.04 15:35:06.252,1.29444,1.29474,1.25,2.63
2011.07.04 15:35:06.580,1.29445,1.29474,1.25,2.63
2011.07.04 15:35:20.232,1.29443,1.29473,1.25,2.63
2011.07.04 15:35:23.999,1.29436,1.29473,1.62,2.63
2011.07.04 15:35:24.582,1.29443,1.29484,3.87,2.63
2011.07.04 15:35:24.694,1.29443,1.29484,3.87,2.63
2011.07.04 15:35:40.351,1.29439,1.29484,1.62,2.63
2011.07.04 15:35:48.570,1.29435,1.29483,1.62,2.63
2011.07.04 15:35:49.371,1.29435,1.29474,1.62,2.63
2011.07.04 15:35:52.274,1.29434,1.29474,1.62,2.63
2011.07.04 15:35:52.501,1.29431,1.29474,1.62,2.63
2011.07.04 15:35:53.640,1.29436,1.29474,1.62,2.63
2011.07.04 15:35:56.270,1.2944,1.29483,3.00,2.63
2011.07.04 15:35:56.600,1.29436,1.29483,1.62,2.63
2011.07.04 15:36:01.961,1.29438,1.29483,3.38,1.13
2011.07.04 15:36:02.071,1.2944,1.29483,3.87,1.13
2011.07.04 15:36:02.182,1.2944,1.29483,4.62,1.13
2011.07.04 15:36:02.291,1.29464,1.29483,1.25,1.13
2011.07.04 15:36:02.405,1.29464,1.29494,1.25,2.63
2011.07.04 15:36:02.523,1.29466,1.29494,1.25,2.63
2011.07.04 15:36:02.852,1.29477,1.29494,1.25,2.63
2011.07.04 15:36:06.691,1.29474,1.29483,1.25,1.88
2011.07.04 15:36:10.103,1.29473,1.29485,1.25,1.13
2011.07.04 15:36:15.931,1.29474,1.29494,1.25,2.63
2011.07.04 15:36:25.488,1.29461,1.29493,1.25,2.63
2011.07.04 15:36:45.121,1.29458,1.29494,1.25,2.63
2011.07.04 15:36:48.320,1.29452,1.29494,1.32,2.63
2011.07.04 15:36:48.760,1.2945,1.29494,1.32,2.63
2011.07.04 15:36:51.031,1.2945,1.29485,1.32,1.13
2011.07.04 15:36:51.741,1.29448,1.29484,1.32,1.88
2011.07.04 15:36:52.321,1.29447,1.29484,1.62,1.88
2011.07.04 15:36:53.264,1.29446,1.29484,1.62,1.88
2011.07.04 15:37:10.549,1.29444,1.29484,1.20,1.88
2011.07.04 15:37:24.300,1.29436,1.29484,2.00,1.88
2011.07.04 15:37:24.410,1.29444,1.29484,1.20,1.88
2011.07.04 15:37:25.780,1.29444,1.29484,1.20,1.88
2011.07.04 15:37:26.111,1.29444,1.29484,1.20,2.63
2011.07.04 15:37:26.680,1.29444,1.29484,1.32,1.13
2011.07.04 15:37:34.981,1.29444,1.29494,1.25,2.63
2011.07.04 15:37:35.372,1.29449,1.29494,1.20,2.63
2011.07.04 15:37:35.980,1.29449,1.29494,1.20,2.63
2011.07.04 15:37:37.233,1.29449,1.29494,1.20,2.63
2011.07.04 15:37:37.630,1.2947,1.29494,1.25,2.63
2011.07.04 15:38:02.311,1.2947,1.29494,1.13,2.63
2011.07.04 15:38:02.533,1.29456,1.29494,1.25,2.63
2011.07.04 15:38:18.243,1.29456,1.29494,1.25,2.63
2011.07.04 15:38:18.361,1.29449,1.29494,1.25,2.63
2011.07.04 15:38:18.471,1.29449,1.29494,1.25,2.63
2011.07.04 15:38:19.109,1.29449,1.29484,1.25,1.88
2011.07.04 15:38:25.940,1.29447,1.29484,1.25,2.63
2011.07.04 15:38:46.401,1.29445,1.29484,3.12,1.13
2011.07.04 15:38:46.619,1.29449,1.29484,3.00,1.13
2011.07.04 15:38:46.840,1.29446,1.29493,3.50,2.63
2011.07.04 15:38:48.815,1.29447,1.29493,1.13,2.63
2011.07.04 15:38:49.040,1.29446,1.29493,3.50,2.63
2011.07.04 15:38:54.431,1.29446,1.29493,4.25,2.63
2011.07.04 15:38:54.542,1.29448,1.29493,2.00,2.63
2011.07.04 15:38:54.760,1.29448,1.29493,1.25,1.13
2011.07.04 15:38:55.090,1.2945,1.29504,3.87,2.63
2011.07.04 15:39:01.911,1.29462,1.29494,4.50,2.25
2011.07.04 15:39:02.133,1.29477,1.29523,3.12,2.63
2011.07.04 15:39:02.352,1.29468,1.29523,3.87,2.63
2011.07.04 15:39:02.464,1.29473,1.29523,4.50,1.88
2011.07.04 15:39:02.803,1.29477,1.29523,1.13,2.63
2011.07.04 15:39:03.022,1.29472,1.29522,1.62,1.13
2011.07.04 15:39:03.350,1.29466,1.29514,3.50,2.63
2011.07.04 15:39:07.237,1.29466,1.29514,3.50,2.63
2011.07.04 15:39:17.921,1.29491,1.29514,1.25,2.63
2011.07.04 15:39:18.798,1.29491,1.29514,1.25,2.63
2011.07.04 15:39:34.410,1.29477,1.29514,1.25,2.63
2011.07.04 15:39:43.541,1.29477,1.29513,1.25,3.38
2011.07.04 15:39:51.376,1.29468,1.29506,1.62,1.13
2011.07.04 15:39:52.314,1.29469,1.29504,1.62,1.88
2011.07.04 15:39:52.541,1.29469,1.29504,1.62,1.88
2011.07.04 15:40:01.239,1.29468,1.29504,3.75,1.88
2011.07.04 15:40:11.240,1.29468,1.29504,3.75,1.88
2011.07.04 15:40:14.079,1.29468,1.29503,3.75,1.88
2011.07.04 15:40:14.524,1.29452,1.29493,3.75,1.88
2011.07.04 15:40:14.972,1.29439,1.295,1.25,3.75
2011.07.04 15:40:15.081,1.29439,1.29494,2.75,1.50
2011.07.04 15:40:19.642,1.29446,1.29494,2.63,1.88
2011.07.04 15:40:25.472,1.29456,1.29504,3.75,2.63
2011.07.04 15:40:25.911,1.29457,1.29503,2.63,1.88
2011.07.04 15:40:26.916,1.29456,1.29504,1.13,2.63
2011.07.04 15:40:27.251,1.29457,1.29493,1.13,1.50
2011.07.04 15:40:30.912,1.29452,1.29493,1.25,1.88
2011.07.04 15:40:31.242,1.29454,1.29493,1.20,1.88
2011.07.04 15:40:32.599,1.29453,1.29494,1.32,1.88
2011.07.04 15:40:40.162,1.29456,1.29504,1.13,1.88
2011.07.04 15:40:46.348,1.29465,1.29504,1.50,1.88
2011.07.04 15:40:46.873,1.29478,1.29504,1.25,1.88
2011.07.04 15:40:55.399,1.29478,1.29504,1.25,2.63
2011.07.04 15:41:00.653,1.29477,1.29504,1.25,1.88
2011.07.04 15:41:02.300,1.29477,1.29503,1.25,1.88
2011.07.04 15:41:03.332,1.29477,1.29504,1.25,1.88
2011.07.04 15:41:13.310,1.29465,1.29504,2.00,1.88
2011.07.04 15:41:16.233,1.29465,1.29503,1.13,2.25
2011.07.04 15:41:16.562,1.29465,1.29494,1.62,1.88
2011.07.04 15:41:17.042,1.29465,1.29494,1.62,1.88
2011.07.04 15:41:20.620,1.29465,1.29494,1.62,1.88
2011.07.04 15:41:20.913,1.29466,1.29494,1.62,1.88
2011.07.04 15:41:23.550,1.29468,1.29494,1.62,1.88
2011.07.04 15:41:30.438,1.29468,1.29493,1.62,1.50
2011.07.04 15:41:34.360,1.29468,1.29494,1.62,1.50
2011.07.04 15:41:40.340,1.29461,1.29494,1.62,1.50
2011.07.04 15:41:41.881,1.29457,1.29493,1.62,1.88
2011.07.04 15:42:00.440,1.29456,1.29494,1.62,1.88
2011.07.04 15:42:20.751,1.29457,1.29503,1.13,1.88
2011.07.04 15:42:20.972,1.29455,1.29503,3.38,1.88
2011.07.04 15:42:22.511,1.29457,1.29503,1.13,1.88
2011.07.04 15:42:22.841,1.29475,1.29503,1.25,1.88
2011.07.04 15:42:38.391,1.29475,1.29504,1.25,1.88
2011.07.04 15:42:43.387,1.29461,1.29504,1.25,1.88
2011.07.04 15:42:43.500,1.29461,1.29504,1.25,1.88
2011.07.04 15:42:48.405,1.29461,1.29503,1.25,1.88
2011.07.04 15:43:01.384,1.29461,1.29503,1.25,1.88
2011.07.04 15:43:03.472,1.29461,1.29504,1.25,1.88
2011.07.04 15:43:09.920,1.29454,1.29504,3.87,1.88
2011.07.04 15:43:22.110,1.29452,1.29504,3.87,1.88
2011.07.04 15:43:24.754,1.29452,1.29504,3.00,1.88
2011.07.04 15:43:25.811,1.29449,1.29504,3.00,1.88
2011.07.04 15:43:26.030,1.29447,1.29504,3.00,1.88
2011.07.04 15:43:27.060,1.29448,1.29504,3.00,1.88
2011.07.04 15:43:29.809,1.29447,1.29504,3.00,1.88
2011.07.04 15:43:30.500,1.29448,1.29504,3.00,1.88
2011.07.04 15:43:33.520,1.29448,1.29503,3.00,1.88
2011.07.04 15:43:37.210,1.29447,1.29503,1.88,1.88
2011.07.04 15:43:39.179,1.29448,1.29503,3.00,1.88
2011.07.04 15:43:44.366,1.29448,1.29503,3.75,1.88
2011.07.04 15:43:48.451,1.29446,1.29504,2.63,1.88
2011.07.04 15:43:49.050,1.29447,1.29503,2.63,1.88
2011.07.04 15:43:54.200,1.29447,1.29503,2.63,2.63
2011.07.04 15:44:04.213,1.29446,1.295,2.63,1.13
2011.07.04 15:44:04.542,1.29452,1.29493,1.50,2.63
2011.07.04 15:44:08.112,1.29442,1.29483,1.50,1.88
2011.07.04 15:44:10.205,1.29439,1.29483,3.75,1.88
2011.07.04 15:44:10.434,1.29442,1.29494,2.37,1.88
2011.07.04 15:44:10.761,1.29451,1.29494,1.13,1.88
2011.07.04 15:44:11.310,1.29451,1.29494,1.13,1.88
2011.07.04 15:44:17.154,1.29446,1.29504,2.63,2.63
2011.07.04 15:44:19.833,1.29446,1.29504,2.63,2.63
2011.07.04 15:44:20.173,1.29446,1.29499,2.63,3.75
2011.07.04 15:44:20.612,1.29446,1.29504,2.63,5.63
2011.07.04 15:44:41.471,1.29442,1.29504,3.75,2.63
2011.07.04 15:44:46.275,1.29437,1.29489,1.13,1.50
2011.07.04 15:44:46.613,1.2945,1.29494,1.50,2.63
2011.07.04 15:44:46.722,1.29443,1.29494,1.13,2.63
2011.07.04 15:44:46.832,1.29442,1.29488,2.48,3.00
2011.07.04 15:44:46.942,1.29445,1.29496,1.13,3.75
2011.07.04 15:44:47.052,1.29445,1.29496,1.13,3.75
2011.07.04 15:44:47.271,1.29438,1.29492,1.50,3.75
2011.07.04 15:44:47.630,1.2944,1.29492,1.50,3.75
2011.07.04 15:44:47.961,1.2945,1.29498,1.13,1.13
2011.07.04 15:44:48.071,1.2945,1.29504,1.13,2.63
2011.07.04 15:44:51.471,1.29463,1.29504,3.38,2.63
2011.07.04 15:44:51.582,1.29463,1.29513,4.13,1.50
2011.07.04 15:44:52.172,1.29464,1.2951,3.75,1.50
2011.07.04 15:44:52.501,1.29458,1.29513,3.75,3.38
2011.07.04 15:44:56.786,1.29458,1.29506,3.75,1.50
2011.07.04 15:44:59.872,1.29458,1.29509,3.75,1.50
2011.07.04 15:45:00.130,1.29458,1.29506,3.75,1.50
2011.07.04 15:45:00.246,1.2946,1.29509,3.75,1.50
2011.07.04 15:45:00.690,1.29456,1.29509,2.63,1.50
2011.07.04 15:45:07.321,1.29447,1.29508,1.13,3.75
2011.07.04 15:45:07.651,1.29455,1.29498,3.75,1.50
2011.07.04 15:45:08.832,1.29454,1.29504,3.75,1.50
2011.07.04 15:45:25.340,1.29462,1.29504,1.50,3.38
2011.07.04 15:45:26.269,1.29473,1.29504,1.25,3.38
2011.07.04 15:45:49.340,1.29462,1.29504,1.62,2.63
2011.07.04 15:46:04.184,1.29462,1.29503,1.62,3.38
2011.07.04 15:46:08.848,1.29459,1.29503,1.25,2.63
2011.07.04 15:46:09.991,1.29458,1.29503,3.87,1.88
2011.07.04 15:46:10.100,1.29458,1.29503,3.12,1.88
2011.07.04 15:46:33.382,1.29458,1.29504,3.12,1.88
2011.07.04 15:46:37.370,1.29448,1.29504,2.00,1.88
2011.07.04 15:46:37.480,1.29456,1.29504,3.00,1.88
2011.07.04 15:46:37.591,1.29454,1.29504,3.00,1.88
2011.07.04 15:46:37.810,1.29448,1.29504,1.50,1.88
2011.07.04 15:46:38.571,1.29449,1.29504,1.50,1.88
2011.07.04 15:46:38.953,1.29456,1.29504,3.75,1.88
2011.07.04 15:46:40.533,1.29455,1.29505,3.75,1.13
2011.07.04 15:46:58.462,1.29455,1.29505,3.75,1.13
2011.07.04 15:47:18.387,1.29455,1.29505,3.75,1.13
2011.07.04 15:47:20.461,1.29455,1.29513,3.75,2.63
2011.07.04 15:47:25.204,1.29455,1.29505,3.75,1.13
2011.07.04 15:47:27.442,1.29455,1.29504,3.75,1.13
2011.07.04 15:47:31.099,1.29454,1.29505,3.75,1.13
2011.07.04 15:47:40.592,1.29454,1.29514,3.75,2.63
2011.07.04 15:47:54.782,1.29454,1.29505,3.75,1.13
2011.07.04 15:47:55.927,1.29454,1.29513,3.75,2.63
2011.07.04 15:47:57.894,1.29461,1.29519,1.50,1.13
2011.07.04 15:47:58.221,1.2946,1.29519,3.75,1.13
2011.07.04 15:47:58.601,1.29456,1.29517,2.63,3.75
2011.07.04 15:48:20.843,1.29453,1.29506,3.75,1.13
2011.07.04 15:48:22.172,1.29453,1.29504,3.75,1.13
2011.07.04 15:48:23.341,1.29448,1.29503,3.75,2.63
2011.07.04 15:48:26.409,1.29448,1.29503,3.75,2.63
2011.07.04 15:48:27.044,1.29456,1.29503,3.75,1.88
2011.07.04 15:48:38.443,1.29448,1.29504,3.75,1.88
2011.07.04 15:48:40.320,1.29448,1.29503,3.75,1.88
2011.07.04 15:48:49.543,1.29448,1.29503,3.75,1.88
2011.07.04 15:49:23.061,1.29446,1.29503,3.75,2.63
2011.07.04 15:49:23.312,1.29446,1.29493,3.75,1.88
2011.07.04 15:49:41.359,1.29446,1.29494,3.75,1.88
2011.07.04 15:49:48.472,1.2945,1.29493,3.75,1.88
2011.07.04 15:49:49.022,1.2946,1.29512,3.75,1.13
2011.07.04 15:49:49.351,1.2946,1.29513,3.75,3.38
2011.07.04 15:49:51.397,1.2946,1.29513,3.75,3.38
2011.07.04 15:50:08.854,1.29455,1.29507,3.75,1.13
2011.07.04 15:50:26.355,1.29451,1.29504,3.75,1.13
2011.07.04 15:50:26.912,1.29451,1.29504,3.75,1.13
2011.07.04 15:50:30.552,1.29451,1.29503,3.75,1.88
2011.07.04 15:50:33.803,1.29451,1.29504,3.75,2.63
2011.07.04 15:50:48.361,1.29455,1.29503,3.75,1.88
2011.07.04 15:51:11.321,1.29464,1.29503,2.00,1.88
2011.07.04 15:51:33.486,1.29464,1.29504,1.25,1.88
2011.07.04 15:51:34.349,1.29464,1.29504,1.13,1.88
2011.07.04 15:51:34.462,1.29452,1.29504,3.87,1.88
2011.07.04 15:51:34.570,1.29458,1.29504,1.32,1.88
2011.07.04 15:51:36.396,1.29468,1.29504,1.20,1.88
2011.07.04 15:51:38.732,1.29468,1.29504,1.20,1.88
2011.07.04 15:51:42.241,1.29468,1.29504,1.20,1.88
2011.07.04 15:51:44.681,1.29458,1.29504,1.62,1.88
2011.07.04 15:51:44.791,1.29464,1.29504,1.20,1.88
2011.07.04 15:51:47.660,1.29463,1.29504,1.20,1.88
2011.07.04 15:51:48.453,1.29463,1.29503,1.20,1.88
2011.07.04 15:51:55.782,1.29463,1.29503,1.20,1.88
2011.07.04 15:51:57.311,1.29463,1.29503,1.20,1.88
2011.07.04 15:52:03.481,1.29463,1.29504,1.20,1.88
2011.07.04 15:52:10.071,1.29464,1.29504,1.20,1.88
2011.07.04 15:52:12.492,1.29464,1.29504,1.20,1.88
2011.07.04 15:52:14.214,1.29464,1.29503,1.20,1.88
2011.07.04 15:52:14.802,1.29463,1.29503,1.20,1.88
2011.07.04 15:52:16.157,1.29463,1.29503,1.20,1.88
2011.07.04 15:52:25.001,1.29464,1.29503,1.20,1.88
2011.07.04 15:52:42.492,1.29467,1.29503,1.20,1.88
2011.07.04 15:52:45.313,1.29468,1.29503,1.20,1.88
2011.07.04 15:52:48.600,1.29468,1.29503,1.69,1.88
2011.07.04 15:52:50.270,1.29469,1.29503,1.20,1.88
2011.07.04 15:52:50.961,1.29468,1.29503,1.32,1.88
2011.07.04 15:52:51.072,1.29468,1.29503,1.32,2.63
2011.07.04 15:52:51.621,1.29468,1.29503,1.32,2.63
2011.07.04 15:52:52.281,1.29463,1.29503,1.32,2.63
2011.07.04 15:52:54.012,1.29465,1.29503,1.32,2.63
2011.07.04 15:52:54.120,1.29465,1.29503,1.32,2.63
2011.07.04 15:52:54.342,1.29466,1.29503,2.00,1.88
2011.07.04 15:52:54.671,1.29468,1.29503,1.25,1.88
2011.07.04 15:52:58.322,1.29465,1.29503,1.32,2.63
2011.07.04 15:52:58.431,1.29465,1.29503,1.32,2.63
2011.07.04 15:53:13.252,1.29464,1.29503,1.95,2.63
2011.07.04 15:53:13.781,1.29465,1.29503,1.20,1.88
2011.07.04 15:53:16.342,1.29465,1.29505,1.20,1.13
2011.07.04 15:53:16.453,1.29465,1.29513,1.50,1.13
2011.07.04 15:53:16.564,1.29465,1.29514,1.62,3.38
2011.07.04 15:54:02.859,1.29471,1.29513,1.20,3.38
2011.07.04 15:54:05.868,1.29471,1.29513,1.20,2.63
2011.07.04 15:54:11.954,1.29468,1.29513,1.20,2.63
2011.07.04 15:54:19.466,1.29492,1.29514,1.13,2.63
2011.07.04 15:54:19.692,1.29493,1.29521,1.62,3.00
2011.07.04 15:54:19.803,1.29494,1.29523,5.07,3.00
2011.07.04 15:54:19.912,1.29497,1.29543,1.13,1.50
2011.07.04 15:54:20.024,1.29502,1.29554,1.62,1.50
2011.07.04 15:54:20.352,1.29505,1.29554,1.25,1.50
2011.07.04 15:54:23.231,1.29507,1.29554,1.25,1.50
2011.07.04 15:54:25.252,1.29503,1.29554,3.12,1.50
2011.07.04 15:54:25.474,1.295,1.29559,2.00,1.50
2011.07.04 15:54:25.694,1.29499,1.29553,1.32,5.25
2011.07.04 15:54:25.913,1.29498,1.29551,2.44,3.75
2011.07.04 15:54:40.563,1.29499,1.29543,1.20,1.50
2011.07.04 15:54:43.291,1.29498,1.29543,1.20,2.25
2011.07.04 15:54:44.381,1.29498,1.29543,1.20,2.25
2011.07.04 15:54:48.775,1.29498,1.29543,1.20,2.25
2011.07.04 15:54:49.323,1.29498,1.29543,1.20,2.25
2011.07.04 15:54:50.624,1.29499,1.29543,1.20,2.25
2011.07.04 15:54:56.298,1.29499,1.29543,1.20,3.00
2011.07.04 15:55:02.441,1.29498,1.29543,1.20,1.50
2011.07.04 15:55:04.382,1.29498,1.29543,1.20,1.50
2011.07.04 15:55:10.850,1.29492,1.29543,1.62,1.50
2011.07.04 15:55:12.244,1.29498,1.29543,1.20,1.50
2011.07.04 15:55:19.959,1.29498,1.29543,1.20,3.00
2011.07.04 15:55:20.922,1.2949,1.29543,1.62,1.50
2011.07.04 15:55:21.031,1.29494,1.29543,1.20,1.50
2011.07.04 15:55:26.328,1.29494,1.29544,1.20,2.63
2011.07.04 15:55:27.384,1.29494,1.29544,1.20,2.63
2011.07.04 15:55:28.348,1.29493,1.29544,1.20,2.63
2011.07.04 15:55:31.081,1.29486,1.29544,1.13,2.63
2011.07.04 15:55:32.904,1.29493,1.29544,1.20,2.63
2011.07.04 15:55:34.104,1.29493,1.29543,1.20,2.63
2011.07.04 15:55:37.642,1.29493,1.29543,1.20,2.63
2011.07.04 15:55:40.274,1.29493,1.29544,1.20,2.63
2011.07.04 15:55:41.370,1.29493,1.29544,1.20,2.63
2011.07.04 15:55:45.961,1.29493,1.29544,1.20,2.63
2011.07.04 15:55:47.972,1.29494,1.29544,1.20,2.63
2011.07.04 15:55:48.535,1.29494,1.29543,1.20,1.88
2011.07.04 15:55:48.893,1.29494,1.29543,1.20,2.63
2011.07.04 15:55:49.994,1.29494,1.29543,1.20,1.88
2011.07.04 15:55:54.894,1.29494,1.29543,1.20,2.63
2011.07.04 15:55:55.222,1.29499,1.29543,1.25,2.63
2011.07.04 15:55:55.552,1.29501,1.29543,1.25,3.38
2011.07.04 15:56:14.851,1.29488,1.29533,1.95,1.13
2011.07.04 15:56:15.510,1.29488,1.29533,1.50,1.13
2011.07.04 15:56:15.621,1.29488,1.29533,1.95,1.13
2011.07.04 15:56:16.203,1.29488,1.29533,1.95,1.13
2011.07.04 15:56:21.447,1.29489,1.29534,1.20,2.63
2011.07.04 15:56:22.437,1.29489,1.29534,1.20,2.63
2011.07.04 15:56:23.164,1.29489,1.29534,1.20,2.63
2011.07.04 15:56:25.041,1.29488,1.29534,1.95,2.63
2011.07.04 15:56:30.912,1.29488,1.29534,1.95,2.63
2011.07.04 15:56:36.295,1.29489,1.29533,1.20,2.63
2011.07.04 15:56:39.962,1.29478,1.29534,3.75,2.63
2011.07.04 15:56:40.071,1.29488,1.29534,1.95,2.63
2011.07.04 15:56:43.871,1.29488,1.29534,1.95,2.63
2011.07.04 15:56:49.971,1.29477,1.29533,2.63,2.63
2011.07.04 15:56:52.144,1.29488,1.29533,1.95,2.63
2011.07.04 15:56:55.812,1.29488,1.29533,1.20,1.88
2011.07.04 15:56:58.990,1.29488,1.29533,1.20,1.88
2011.07.04 15:57:01.301,1.29488,1.29533,1.20,1.88
2011.07.04 15:57:12.382,1.29488,1.29533,1.20,1.88
2011.07.04 15:57:16.242,1.29488,1.29533,1.20,1.88
2011.07.04 15:57:18.393,1.29488,1.29534,1.20,1.88
2011.07.04 15:57:19.362,1.29488,1.29533,1.20,1.88
2011.07.04 15:57:20.691,1.29488,1.29533,1.20,1.88
2011.07.04 15:57:24.339,1.29488,1.29533,1.20,1.88
2011.07.04 15:57:29.511,1.29488,1.29533,1.20,1.88
2011.07.04 15:57:36.362,1.29481,1.29533,3.00,1.88
2011.07.04 15:57:36.503,1.29481,1.29533,3.75,1.88
2011.07.04 15:57:37.043,1.29484,1.29533,1.20,1.88
2011.07.04 15:57:42.340,1.29483,1.29533,1.20,1.88
2011.07.04 15:57:44.981,1.29484,1.29533,1.20,1.88
2011.07.04 15:57:47.204,1.29483,1.29533,1.20,1.88
2011.07.04 15:57:48.834,1.29484,1.29534,1.20,1.88
2011.07.04 15:57:53.495,1.29483,1.29534,1.20,1.88
2011.07.04 15:57:55.825,1.29483,1.29534,1.20,1.88
2011.07.04 15:58:04.091,1.29481,1.29534,3.00,1.88
2011.07.04 15:58:04.253,1.29481,1.29534,3.75,1.88
2011.07.04 15:58:04.902,1.29488,1.29534,1.20,1.88
2011.07.04 15:58:06.339,1.29488,1.29534,1.20,1.88
2011.07.04 15:58:18.415,1.29489,1.29533,1.20,1.88
2011.07.04 15:58:21.061,1.29488,1.29533,1.20,1.88
2011.07.04 15:58:26.240,1.29488,1.29533,1.20,1.88
2011.07.04 15:58:30.974,1.29489,1.29533,1.20,1.88
2011.07.04 15:58:31.193,1.29489,1.29533,4.20,2.63
2011.07.04 15:58:31.521,1.29491,1.29533,3.00,2.63
2011.07.04 15:58:34.032,1.29491,1.29533,3.75,2.63
2011.07.04 15:58:36.224,1.29493,1.29533,1.20,2.63
2011.07.04 15:58:37.372,1.29493,1.29533,1.20,2.63
2011.07.04 15:58:44.064,1.29491,1.29543,3.75,2.63
2011.07.04 15:58:44.441,1.29494,1.29543,1.20,2.63
2011.07.04 15:58:45.283,1.29494,1.29543,1.20,2.63
2011.07.04 15:58:46.362,1.29494,1.29543,1.20,2.63
2011.07.04 15:58:49.292,1.29494,1.29543,1.20,2.63
2011.07.04 15:58:51.082,1.29493,1.29543,1.20,2.63
2011.07.04 15:58:51.838,1.29494,1.29543,1.20,2.63
2011.07.04 15:59:00.652,1.29493,1.29553,1.20,3.75
2011.07.04 15:59:00.763,1.29502,1.29554,3.00,2.63
2011.07.04 15:59:01.368,1.29494,1.29554,1.20,5.63
2011.07.04 15:59:01.597,1.29505,1.29554,3.00,5.63
2011.07.04 15:59:01.712,1.29493,1.29554,1.20,5.63
2011.07.04 15:59:02.522,1.29493,1.29553,1.20,3.75
2011.07.04 15:59:03.193,1.29494,1.29553,1.20,3.75
2011.07.04 15:59:06.352,1.29493,1.29553,1.20,3.75
2011.07.04 15:59:10.792,1.29501,1.29553,3.00,3.75
2011.07.04 15:59:10.902,1.29493,1.29554,4.20,2.63
2011.07.04 15:59:17.233,1.29493,1.29554,1.20,5.63
2011.07.04 15:59:18.073,1.29493,1.29554,1.20,5.63
2011.07.04 15:59:19.553,1.29494,1.29554,1.20,5.63
2011.07.04 15:59:23.531,1.29494,1.29554,1.20,5.63
2011.07.04 15:59:27.228,1.29494,1.29554,1.20,5.63
2011.07.04 15:59:27.802,1.29494,1.29554,1.20,5.63
2011.07.04 15:59:34.037,1.29494,1.29554,1.20,5.63
2011.07.04 15:59:36.971,1.29494,1.29551,1.20,3.75
2011.07.04 15:59:37.521,1.29493,1.29554,1.20,2.63
2011.07.04 15:59:38.082,1.29493,1.29553,1.20,2.63
2011.07.04 15:59:40.061,1.29494,1.29553,1.20,2.63
2011.07.04 15:59:40.831,1.29493,1.29554,1.20,2.63
2011.07.04 15:59:42.236,1.29493,1.29554,1.20,2.63
2011.07.04 15:59:48.474,1.29493,1.29553,1.20,2.63
2011.07.04 15:59:55.052,1.29494,1.29553,1.20,2.63
2011.07.04 15:59:57.538,1.29494,1.29553,1.20,2.63
