2010.03.15 13:00:20.790,1.3021,1.30255,1.60,1.50
2010.03.15 13:00:35.479,1.30205,1.30255,1.60,1.50
2010.03.15 13:00:37.571,1.30205,1.3026,1.60,2.70
2010.03.15 13:00:37.842,1.3021,1.3026,1.60,1.50
2010.03.15 13:00:39.139,1.3022,1.3026,1.20,1.50
2010.03.15 13:00:42.796,1.3021,1.30255,1.60,1.50
2010.03.15 13:00:42.968,1.30205,1.3026,1.60,1.50
2010.03.15 13:00:43.355,1.3022,1.3026,1.20,1.50
2010.03.15 13:00:43.528,1.3021,1.3026,4.00,1.50
2010.03.15 13:00:43.860,1.30205,1.3026,1.00,1.50
2010.03.15 13:00:44.854,1.30205,1.3026,5.60,1.50
2010.03.15 13:00:45.192,1.30205,1.3026,1.60,1.50
2010.03.15 13:00:45.877,1.302,1.3026,2.80,1.50
2010.03.15 13:00:46.268,1.30205,1.3026,1.00,1.50
2010.03.15 13:00:46.582,1.302,1.3026,2.80,1.50
2010.03.15 13:00:50.617,1.302,1.30255,1.00,2.70
2010.03.15 13:00:50.887,1.3021,1.3026,1.20,1.50
2010.03.15 13:00:51.236,1.30205,1.3026,2.80,1.50
2010.03.15 13:00:52.944,1.30205,1.3026,10.80,1.50
2010.03.15 13:00:56.344,1.30205,1.30255,8.00,1.50
2010.03.15 13:00:56.605,1.302,1.3026,2.80,1.50
2010.03.15 13:00:56.915,1.30205,1.3026,1.60,1.50
2010.03.15 13:00:57.227,1.30205,1.3026,1.60,1.50
2010.03.15 13:01:00.564,1.30205,1.30255,1.60,1.50
2010.03.15 13:01:04.357,1.302,1.30255,2.80,1.50
2010.03.15 13:01:13.380,1.302,1.30255,3.60,1.50
2010.03.15 13:01:20.983,1.302,1.30255,2.00,1.50
2010.03.15 13:01:21.165,1.30205,1.30255,1.60,1.50
2010.03.15 13:01:23.305,1.30205,1.3026,1.60,1.50
2010.03.15 13:01:23.386,1.30205,1.3026,2.40,2.70
2010.03.15 13:01:24.091,1.3021,1.3026,1.00,1.50
2010.03.15 13:01:25.838,1.302,1.30255,1.00,1.50
2010.03.15 13:01:26.139,1.30195,1.30255,1.90,3.10
2010.03.15 13:01:26.437,1.30205,1.30255,1.00,3.10
2010.03.15 13:01:26.725,1.30205,1.3026,1.00,1.50
2010.03.15 13:01:27.307,1.30215,1.3026,1.00,1.50
2010.03.15 13:01:27.657,1.3021,1.3026,1.20,3.10
2010.03.15 13:01:28.008,1.3021,1.3026,1.60,1.50
2010.03.15 13:01:28.356,1.3021,1.3026,1.70,1.50
2010.03.15 13:01:30.400,1.30215,1.30255,1.60,1.50
2010.03.15 13:01:31.042,1.30215,1.30255,1.00,1.50
2010.03.15 13:01:35.683,1.30205,1.30255,1.60,1.50
2010.03.15 13:01:35.981,1.30205,1.3026,1.00,7.10
2010.03.15 13:01:37.298,1.3021,1.3026,1.00,7.10
2010.03.15 13:01:40.849,1.30205,1.30255,1.00,1.50
2010.03.15 13:02:11.006,1.3021,1.30255,1.00,1.50
2010.03.15 13:02:12.801,1.3022,1.3026,1.00,1.50
2010.03.15 13:02:22.523,1.302,1.3026,2.80,3.20
2010.03.15 13:02:22.867,1.30205,1.30255,1.00,5.50
2010.03.15 13:02:23.295,1.30205,1.3026,1.00,5.90
2010.03.15 13:02:24.227,1.3022,1.3026,1.00,5.90
2010.03.15 13:02:31.168,1.3021,1.30255,1.00,3.10
2010.03.15 13:02:32.006,1.3021,1.30255,1.00,4.30
2010.03.15 13:02:33.032,1.3021,1.3026,1.00,5.90
2010.03.15 13:02:36.915,1.3021,1.30255,1.00,4.70
2010.03.15 13:02:37.666,1.3021,1.3026,1.00,12.30
2010.03.15 13:02:38.089,1.3021,1.3026,1.00,16.30
2010.03.15 13:02:38.348,1.3022,1.3026,1.00,16.30
2010.03.15 13:02:38.614,1.302,1.30255,1.20,8.70
2010.03.15 13:02:38.740,1.302,1.3025,1.00,4.40
2010.03.15 13:02:38.858,1.302,1.3025,1.00,12.40
2010.03.15 13:02:39.099,1.30205,1.3025,1.00,12.40
2010.03.15 13:02:39.222,1.30205,1.3025,1.00,10.80
2010.03.15 13:02:39.661,1.3021,1.30255,1.00,11.10
2010.03.15 13:02:41.780,1.3021,1.30255,1.00,1.50
2010.03.15 13:02:52.007,1.3022,1.30255,1.00,1.50
2010.03.15 13:02:55.541,1.3021,1.30245,1.00,2.80
2010.03.15 13:02:55.688,1.30205,1.3025,1.00,1.20
2010.03.15 13:02:55.969,1.30215,1.30265,1.00,2.70
2010.03.15 13:02:56.248,1.30215,1.30265,1.00,1.50
2010.03.15 13:02:58.977,1.30225,1.30255,1.00,1.50
2010.03.15 13:02:59.125,1.3022,1.3026,1.00,1.50
2010.03.15 13:03:00.355,1.30225,1.3026,1.00,1.50
2010.03.15 13:03:01.465,1.30215,1.3026,1.00,1.50
2010.03.15 13:03:01.764,1.30225,1.3026,1.00,1.50
2010.03.15 13:03:02.397,1.3022,1.3026,1.00,1.50
2010.03.15 13:03:02.749,1.30225,1.3026,1.00,1.50
2010.03.15 13:03:03.097,1.30225,1.3026,1.20,1.50
2010.03.15 13:03:03.338,1.30225,1.3026,1.00,1.50
2010.03.15 13:03:03.707,1.3022,1.3026,1.00,3.10
2010.03.15 13:03:03.954,1.30215,1.3026,1.00,1.50
2010.03.15 13:03:04.204,1.3022,1.30255,1.00,3.10
2010.03.15 13:03:06.415,1.3022,1.3026,1.00,1.50
2010.03.15 13:03:07.962,1.30215,1.3026,1.00,1.50
2010.03.15 13:03:08.303,1.3022,1.3026,1.00,2.70
2010.03.15 13:03:09.649,1.30225,1.30255,1.00,1.50
2010.03.15 13:03:09.944,1.30225,1.3026,2.80,1.50
2010.03.15 13:03:10.245,1.30215,1.3026,1.60,1.50
2010.03.15 13:03:10.915,1.30225,1.3026,1.20,1.50
2010.03.15 13:03:11.263,1.30215,1.3026,1.00,1.50
2010.03.15 13:03:11.613,1.30225,1.3026,1.00,1.50
2010.03.15 13:03:11.963,1.30225,1.3026,1.20,1.50
2010.03.15 13:03:12.346,1.30215,1.3026,1.60,1.50
2010.03.15 13:03:12.696,1.30225,1.3026,1.00,1.50
2010.03.15 13:03:12.946,1.30225,1.3028,1.20,4.70
2010.03.15 13:03:13.193,1.30215,1.30255,1.00,1.50
2010.03.15 13:03:13.432,1.30215,1.30255,1.00,1.90
2010.03.15 13:03:13.670,1.30215,1.30255,1.00,1.50
2010.03.15 13:03:16.279,1.3022,1.30255,1.00,1.50
2010.03.15 13:03:16.584,1.30215,1.3026,1.00,1.50
2010.03.15 13:03:16.989,1.3022,1.3026,1.00,1.50
2010.03.15 13:03:17.336,1.3022,1.3026,1.00,1.90
2010.03.15 13:03:17.682,1.3021,1.3026,1.00,1.90
2010.03.15 13:03:18.036,1.30215,1.3026,1.20,1.50
2010.03.15 13:03:18.754,1.3021,1.3026,1.20,1.50
2010.03.15 13:03:20.129,1.30205,1.3026,1.00,1.50
2010.03.15 13:03:20.408,1.302,1.3026,3.60,1.50
2010.03.15 13:03:20.970,1.302,1.30255,3.60,3.10
2010.03.15 13:03:21.263,1.302,1.30255,1.00,1.50
2010.03.15 13:03:21.469,1.302,1.30255,1.00,1.90
2010.03.15 13:03:27.260,1.302,1.30255,1.00,6.70
2010.03.15 13:03:27.599,1.3021,1.3025,1.00,1.20
2010.03.15 13:03:27.940,1.302,1.3026,1.00,7.50
2010.03.15 13:03:28.278,1.30205,1.3026,1.30,6.70
2010.03.15 13:03:28.616,1.3021,1.3026,1.00,6.30
2010.03.15 13:03:28.868,1.3021,1.3026,1.00,6.70
2010.03.15 13:03:29.127,1.3021,1.3026,1.00,5.10
2010.03.15 13:03:30.016,1.3021,1.3026,1.00,6.70
2010.03.15 13:03:30.335,1.3021,1.3026,1.00,5.10
2010.03.15 13:03:31.748,1.30215,1.3026,1.00,3.50
2010.03.15 13:03:31.978,1.3021,1.30255,1.20,1.50
2010.03.15 13:03:32.291,1.3021,1.30255,2.80,1.50
2010.03.15 13:03:32.638,1.30205,1.30255,1.20,1.60
2010.03.15 13:03:33.140,1.30205,1.3026,2.80,1.70
2010.03.15 13:03:33.336,1.302,1.3026,1.00,2.80
2010.03.15 13:03:33.689,1.302,1.3025,1.00,2.80
2010.03.15 13:03:34.409,1.302,1.3026,1.00,11.50
2010.03.15 13:03:34.759,1.302,1.30255,1.00,5.90
2010.03.15 13:03:35.106,1.302,1.3026,1.00,9.90
2010.03.15 13:03:35.457,1.302,1.3026,1.00,9.90
2010.03.15 13:03:35.805,1.302,1.3026,1.00,7.50
2010.03.15 13:03:36.155,1.30195,1.3025,2.00,1.00
2010.03.15 13:03:36.963,1.302,1.3025,1.00,1.60
2010.03.15 13:03:37.203,1.30195,1.30245,1.00,1.20
2010.03.15 13:03:37.441,1.302,1.3025,1.00,1.60
2010.03.15 13:03:37.786,1.3019,1.30245,1.00,2.80
2010.03.15 13:03:38.134,1.3019,1.3025,1.00,7.60
2010.03.15 13:03:38.474,1.302,1.3025,1.00,7.60
2010.03.15 13:03:40.165,1.302,1.30245,1.00,2.80
2010.03.15 13:03:40.340,1.302,1.30265,1.00,8.00
2010.03.15 13:03:40.697,1.30205,1.30265,2.80,3.70
2010.03.15 13:03:40.903,1.302,1.30255,1.00,1.00
2010.03.15 13:03:41.246,1.302,1.30255,1.00,1.20
2010.03.15 13:03:41.593,1.302,1.30255,1.00,4.80
2010.03.15 13:03:41.936,1.302,1.30255,1.00,3.20
2010.03.15 13:03:42.286,1.302,1.30255,1.00,4.80
2010.03.15 13:03:43.437,1.30195,1.3025,5.20,1.00
2010.03.15 13:03:43.703,1.30195,1.30255,4.00,6.00
2010.03.15 13:03:43.925,1.30195,1.30255,1.20,5.30
2010.03.15 13:03:46.899,1.30195,1.3025,1.20,1.60
2010.03.15 13:03:47.380,1.30195,1.3025,1.20,1.60
2010.03.15 13:03:47.723,1.30195,1.30245,1.00,1.60
2010.03.15 13:03:48.074,1.3019,1.30245,3.60,1.60
2010.03.15 13:03:48.419,1.3019,1.30245,1.00,2.80
2010.03.15 13:03:48.718,1.30195,1.3025,1.20,1.60
2010.03.15 13:03:52.956,1.30195,1.30255,2.00,6.80
2010.03.15 13:03:57.406,1.30195,1.3025,2.00,1.00
2010.03.15 13:03:57.814,1.30195,1.30255,1.00,4.40
2010.03.15 13:03:59.842,1.302,1.3026,1.00,6.40
2010.03.15 13:03:59.982,1.302,1.3026,1.00,6.00
2010.03.15 13:04:00.120,1.302,1.3026,1.00,4.40
2010.03.15 13:04:01.314,1.302,1.3025,1.00,1.00
2010.03.15 13:04:01.755,1.302,1.3025,2.40,1.00
2010.03.15 13:04:01.922,1.302,1.30255,11.60,1.70
2010.03.15 13:04:02.254,1.30205,1.30255,1.60,1.70
2010.03.15 13:04:02.594,1.3021,1.30255,1.20,1.60
2010.03.15 13:04:02.949,1.30205,1.3026,4.80,1.70
2010.03.15 13:04:03.302,1.30205,1.3026,1.00,1.70
2010.03.15 13:04:05.560,1.302,1.3026,8.80,4.30
2010.03.15 13:04:05.861,1.30205,1.30255,1.00,2.80
2010.03.15 13:04:06.173,1.30205,1.3026,1.00,3.10
2010.03.15 13:04:07.160,1.30205,1.30255,1.00,2.70
2010.03.15 13:04:08.656,1.302,1.3025,1.00,1.20
2010.03.15 13:04:09.126,1.302,1.30255,1.00,3.10
2010.03.15 13:04:15.467,1.302,1.3025,1.00,1.20
2010.03.15 13:04:16.586,1.30205,1.30255,1.00,3.10
2010.03.15 13:04:16.826,1.302,1.3026,8.00,3.10
2010.03.15 13:04:17.066,1.30205,1.3026,1.00,3.10
2010.03.15 13:04:18.820,1.302,1.3026,10.00,3.20
2010.03.15 13:04:20.432,1.302,1.30255,10.00,1.50
2010.03.15 13:04:20.778,1.302,1.30255,4.00,1.50
2010.03.15 13:04:21.131,1.302,1.3025,4.00,1.20
2010.03.15 13:04:21.365,1.302,1.3026,1.00,6.00
2010.03.15 13:04:26.609,1.302,1.30255,1.00,1.60
2010.03.15 13:04:28.262,1.302,1.30255,1.00,2.70
2010.03.15 13:04:28.553,1.302,1.3026,1.00,6.00
2010.03.15 13:04:28.842,1.302,1.30255,1.00,2.70
2010.03.15 13:04:29.245,1.302,1.3026,1.00,6.00
2010.03.15 13:04:34.821,1.302,1.30255,1.00,1.60
2010.03.15 13:04:35.202,1.302,1.3026,1.00,6.00
2010.03.15 13:04:39.785,1.3021,1.30255,1.00,1.50
2010.03.15 13:04:40.787,1.30205,1.30255,2.80,1.50
2010.03.15 13:04:40.979,1.302,1.3026,2.40,2.70
2010.03.15 13:04:41.169,1.302,1.3026,2.40,2.70
2010.03.15 13:04:42.127,1.302,1.3026,2.40,3.10
2010.03.15 13:04:43.678,1.3021,1.3026,1.00,1.90
2010.03.15 13:04:43.878,1.3021,1.3026,1.00,1.50
2010.03.15 13:04:45.583,1.302,1.30255,1.60,1.50
2010.03.15 13:04:45.860,1.302,1.30255,1.60,1.90
2010.03.15 13:04:47.429,1.3021,1.30255,1.00,1.50
2010.03.15 13:04:49.116,1.3021,1.30255,1.00,3.10
2010.03.15 13:04:49.247,1.30205,1.30255,1.00,4.30
2010.03.15 13:04:49.602,1.30215,1.3026,1.00,3.10
2010.03.15 13:04:49.779,1.30215,1.30255,1.00,4.30
2010.03.15 13:04:50.075,1.30205,1.30255,1.00,5.90
2010.03.15 13:04:50.271,1.30205,1.30255,1.00,9.50
2010.03.15 13:04:50.452,1.302,1.30255,1.00,6.70
2010.03.15 13:04:50.800,1.30205,1.30255,1.00,9.10
2010.03.15 13:04:51.717,1.302,1.30255,1.00,9.60
2010.03.15 13:04:52.277,1.302,1.30245,1.00,1.60
2010.03.15 13:04:52.665,1.302,1.3024,1.00,1.20
2010.03.15 13:04:53.014,1.30195,1.30245,1.00,2.80
2010.03.15 13:04:54.886,1.30195,1.30245,1.00,1.20
2010.03.15 13:04:55.097,1.30195,1.30255,1.00,9.20
2010.03.15 13:04:55.896,1.30195,1.3025,1.00,7.60
2010.03.15 13:04:56.171,1.30195,1.30255,1.00,9.60
2010.03.15 13:04:56.445,1.30195,1.3025,1.00,7.60
2010.03.15 13:04:56.716,1.30195,1.30255,1.00,9.60
2010.03.15 13:04:59.852,1.30195,1.30245,1.00,1.00
2010.03.15 13:05:00.031,1.30195,1.30245,1.00,1.60
2010.03.15 13:05:00.097,1.30195,1.30245,1.00,4.40
2010.03.15 13:05:01.094,1.3019,1.30245,1.00,2.80
2010.03.15 13:05:04.838,1.30195,1.3024,1.00,1.20
2010.03.15 13:05:05.183,1.3019,1.30245,1.00,4.40
2010.03.15 13:05:06.213,1.3019,1.30245,1.00,2.90
2010.03.15 13:05:06.904,1.3019,1.30245,1.00,7.60
2010.03.15 13:05:09.684,1.3019,1.3023,1.00,2.80
2010.03.15 13:05:10.047,1.3019,1.3023,1.00,1.60
2010.03.15 13:05:10.397,1.3019,1.30235,1.00,1.00
2010.03.15 13:05:10.745,1.3019,1.30245,1.00,4.50
2010.03.15 13:05:11.873,1.3019,1.3025,1.00,6.00
2010.03.15 13:05:12.222,1.3019,1.30245,1.00,4.40
2010.03.15 13:05:12.573,1.3019,1.3025,1.00,7.60
2010.03.15 13:05:12.922,1.3019,1.30245,1.00,4.40
2010.03.15 13:05:13.401,1.3019,1.30245,1.00,4.40
2010.03.15 13:05:13.746,1.3019,1.3025,1.00,7.60
2010.03.15 13:05:14.981,1.3019,1.3024,1.00,1.00
2010.03.15 13:05:15.133,1.3019,1.3024,1.00,1.20
2010.03.15 13:05:15.290,1.3019,1.30245,1.00,3.20
2010.03.15 13:05:16.123,1.3019,1.3024,1.00,1.00
2010.03.15 13:05:16.351,1.3019,1.30245,1.00,4.40
2010.03.15 13:05:16.801,1.3019,1.3025,1.00,7.60
2010.03.15 13:05:17.023,1.3019,1.30245,1.00,4.40
2010.03.15 13:05:17.592,1.3019,1.3025,1.00,11.60
2010.03.15 13:05:19.726,1.3019,1.3024,1.00,1.00
2010.03.15 13:05:20.168,1.3019,1.30235,1.00,1.00
2010.03.15 13:05:22.134,1.3019,1.30225,1.00,1.00
2010.03.15 13:05:22.391,1.3019,1.30245,1.00,11.20
2010.03.15 13:05:22.573,1.3019,1.30245,1.00,4.80
2010.03.15 13:05:22.911,1.3019,1.3024,1.00,6.50
2010.03.15 13:05:23.588,1.3019,1.30235,1.00,6.40
2010.03.15 13:05:32.273,1.3019,1.30225,1.00,1.00
2010.03.15 13:05:32.964,1.3019,1.3023,1.00,3.20
2010.03.15 13:05:34.379,1.3019,1.3023,1.00,1.60
2010.03.15 13:05:34.723,1.3019,1.30235,1.00,6.40
2010.03.15 13:05:43.624,1.3019,1.30215,1.00,8.00
2010.03.15 13:05:48.754,1.3019,1.3021,1.00,4.00
2010.03.15 13:05:52.197,1.3019,1.3022,1.00,4.00
2010.03.15 13:05:53.743,1.3019,1.3024,1.00,1.60
2010.03.15 13:05:56.093,1.3019,1.3023,1.00,1.00
2010.03.15 13:05:56.558,1.3019,1.30235,1.00,1.60
2010.03.15 13:06:00.366,1.3019,1.30235,1.00,3.20
2010.03.15 13:06:01.730,1.3019,1.30235,1.00,1.60
2010.03.15 13:06:12.818,1.3019,1.30235,1.00,3.20
2010.03.15 13:06:13.094,1.3019,1.30225,1.00,1.60
2010.03.15 13:06:13.374,1.3019,1.30235,1.00,1.00
2010.03.15 13:06:13.920,1.3019,1.30235,1.00,1.60
2010.03.15 13:06:14.605,1.3019,1.3023,1.00,1.00
2010.03.15 13:06:14.947,1.3019,1.3023,1.00,1.60
2010.03.15 13:06:18.860,1.3019,1.3024,1.00,6.00
2010.03.15 13:06:19.280,1.3019,1.3024,1.60,1.60
2010.03.15 13:06:19.560,1.3019,1.3024,1.60,1.20
2010.03.15 13:06:19.839,1.3019,1.3024,1.00,6.80
2010.03.15 13:06:20.388,1.30195,1.3025,1.20,1.00
2010.03.15 13:06:20.855,1.3019,1.30245,2.40,1.60
2010.03.15 13:06:21.203,1.3019,1.30245,1.00,1.60
2010.03.15 13:06:21.550,1.30185,1.30245,2.00,1.60
2010.03.15 13:06:21.832,1.30185,1.30245,2.00,1.60
2010.03.15 13:06:23.139,1.3019,1.3025,1.00,3.20
2010.03.15 13:06:23.450,1.30185,1.3024,2.00,1.00
2010.03.15 13:06:23.761,1.30195,1.3024,1.00,1.60
2010.03.15 13:06:24.297,1.30195,1.30245,1.00,1.20
2010.03.15 13:06:25.391,1.30195,1.30245,1.00,1.60
2010.03.15 13:06:25.739,1.30195,1.30245,1.00,1.60
2010.03.15 13:06:26.085,1.30195,1.30245,1.00,4.80
2010.03.15 13:06:26.437,1.30195,1.30245,1.00,4.80
2010.03.15 13:06:27.123,1.3019,1.30245,1.00,4.80
2010.03.15 13:06:27.644,1.30195,1.30245,1.00,4.80
2010.03.15 13:06:29.982,1.3019,1.30245,2.00,4.80
2010.03.15 13:06:30.303,1.30195,1.30245,1.00,1.60
2010.03.15 13:06:30.790,1.30195,1.30245,1.00,1.60
2010.03.15 13:06:33.260,1.30195,1.30245,1.00,1.60
2010.03.15 13:06:33.380,1.30195,1.3025,1.00,3.20
2010.03.15 13:06:34.256,1.30195,1.30245,1.00,1.60
2010.03.15 13:06:34.563,1.30195,1.30245,1.00,4.80
2010.03.15 13:06:34.722,1.30195,1.30245,1.00,4.80
2010.03.15 13:06:35.097,1.30195,1.30245,2.00,4.80
2010.03.15 13:06:35.254,1.30195,1.30245,1.00,3.20
2010.03.15 13:06:35.417,1.30195,1.30245,1.00,4.80
2010.03.15 13:06:35.766,1.30195,1.30245,1.00,3.20
2010.03.15 13:06:36.278,1.30195,1.3025,2.00,3.20
2010.03.15 13:06:36.849,1.302,1.3025,1.00,3.20
2010.03.15 13:06:37.162,1.30195,1.3025,1.00,3.20
2010.03.15 13:06:37.472,1.302,1.3025,1.00,3.20
2010.03.15 13:06:37.782,1.30195,1.3025,2.00,3.20
2010.03.15 13:06:38.131,1.30195,1.3025,1.00,3.20
2010.03.15 13:06:38.481,1.302,1.3025,1.00,3.20
2010.03.15 13:06:38.823,1.30195,1.30245,1.00,1.60
2010.03.15 13:06:39.130,1.30195,1.3025,1.00,3.20
2010.03.15 13:06:41.141,1.30195,1.30245,1.00,1.60
2010.03.15 13:06:41.478,1.30195,1.3024,1.00,3.20
2010.03.15 13:06:41.820,1.30195,1.3024,1.00,4.40
2010.03.15 13:06:43.311,1.3019,1.3024,1.00,4.40
2010.03.15 13:06:43.659,1.30195,1.3024,1.00,4.40
2010.03.15 13:06:45.199,1.30195,1.30245,1.00,6.00
2010.03.15 13:06:45.508,1.3019,1.3024,1.00,1.20
2010.03.15 13:06:45.810,1.3019,1.3024,1.00,4.40
2010.03.15 13:06:46.413,1.3019,1.30245,1.00,2.80
2010.03.15 13:06:46.721,1.302,1.30245,1.00,2.80
2010.03.15 13:06:47.483,1.302,1.30255,1.00,4.80
2010.03.15 13:06:48.147,1.302,1.30255,1.60,4.80
2010.03.15 13:06:48.469,1.3021,1.30255,1.60,3.20
2010.03.15 13:06:48.915,1.3021,1.30255,1.60,1.50
2010.03.15 13:06:49.100,1.30205,1.30255,1.60,4.40
2010.03.15 13:06:49.282,1.30205,1.30255,3.20,1.50
2010.03.15 13:06:49.639,1.302,1.30255,1.60,3.20
2010.03.15 13:06:50.323,1.30205,1.30255,1.60,1.50
2010.03.15 13:06:50.669,1.302,1.30255,1.60,3.20
2010.03.15 13:06:51.349,1.3021,1.30255,1.00,3.50
2010.03.15 13:06:51.699,1.302,1.3025,1.60,1.00
2010.03.15 13:06:52.050,1.30205,1.30255,1.00,1.50
2010.03.15 13:06:52.399,1.302,1.30255,1.60,1.60
2010.03.15 13:06:52.750,1.3021,1.30255,1.00,1.50
2010.03.15 13:06:53.421,1.30205,1.30255,1.00,1.50
2010.03.15 13:06:53.882,1.3021,1.30255,1.00,1.50
2010.03.15 13:06:56.957,1.302,1.30255,1.60,1.50
2010.03.15 13:06:57.120,1.30195,1.3025,2.40,1.60
2010.03.15 13:06:57.277,1.30195,1.30245,1.00,1.20
2010.03.15 13:06:57.436,1.30195,1.30245,1.00,1.20
2010.03.15 13:06:58.118,1.30195,1.30255,2.40,1.50
2010.03.15 13:06:59.445,1.30195,1.3026,2.40,3.20
2010.03.15 13:06:59.498,1.30195,1.30255,2.40,1.50
2010.03.15 13:07:00.688,1.302,1.30255,1.00,1.60
2010.03.15 13:07:11.189,1.302,1.30255,1.00,3.20
2010.03.15 13:07:13.442,1.3021,1.30255,1.00,3.10
2010.03.15 13:07:13.539,1.302,1.30255,1.00,3.20
2010.03.15 13:07:13.639,1.302,1.30255,1.00,4.80
2010.03.15 13:07:14.108,1.302,1.30255,1.00,3.20
2010.03.15 13:07:15.092,1.3021,1.30255,1.00,3.10
2010.03.15 13:07:15.455,1.3021,1.30255,1.00,1.50
2010.03.15 13:07:17.183,1.30205,1.30255,1.20,1.50
2010.03.15 13:07:19.656,1.30205,1.30255,1.00,3.10
2010.03.15 13:07:19.792,1.30205,1.30255,1.20,3.10
2010.03.15 13:07:23.227,1.30215,1.30255,1.00,1.50
2010.03.15 13:07:23.579,1.3021,1.30255,1.00,1.50
2010.03.15 13:07:23.925,1.30205,1.30255,1.20,1.50
2010.03.15 13:07:27.020,1.30205,1.30255,1.20,3.10
2010.03.15 13:07:27.229,1.30205,1.30255,1.00,3.10
2010.03.15 13:07:27.438,1.30205,1.30255,1.20,3.10
2010.03.15 13:07:27.845,1.30205,1.30255,1.20,3.10
2010.03.15 13:07:28.050,1.302,1.30255,1.00,3.10
2010.03.15 13:07:28.841,1.302,1.30255,1.00,3.20
2010.03.15 13:07:29.162,1.30205,1.30255,1.20,1.50
2010.03.15 13:07:29.456,1.3021,1.30255,1.20,1.50
2010.03.15 13:07:29.600,1.3022,1.30255,2.80,1.50
2010.03.15 13:07:29.743,1.30225,1.30255,1.20,1.50
2010.03.15 13:07:30.519,1.30205,1.30255,1.20,1.50
2010.03.15 13:07:30.861,1.30205,1.30255,1.20,1.50
2010.03.15 13:07:31.209,1.30205,1.30255,2.80,1.50
2010.03.15 13:07:31.561,1.3021,1.30255,2.80,1.50
2010.03.15 13:07:31.911,1.3021,1.30255,2.80,1.50
2010.03.15 13:07:35.402,1.3021,1.30255,1.00,1.50
2010.03.15 13:07:41.502,1.30215,1.30255,1.00,1.50
2010.03.15 13:07:42.172,1.3021,1.30255,1.00,1.50
2010.03.15 13:07:43.772,1.3022,1.30255,1.20,1.50
2010.03.15 13:07:44.116,1.3021,1.30255,1.20,1.50
2010.03.15 13:07:45.728,1.3021,1.30255,1.20,1.50
2010.03.15 13:07:50.136,1.3021,1.30255,1.20,1.50
2010.03.15 13:07:50.338,1.3021,1.30255,1.20,1.50
2010.03.15 13:07:51.786,1.30215,1.30255,1.20,1.50
2010.03.15 13:07:53.104,1.3021,1.30255,1.20,1.50
2010.03.15 13:07:53.457,1.30215,1.30255,1.20,1.50
2010.03.15 13:07:53.934,1.3021,1.30255,1.20,1.50
2010.03.15 13:07:54.682,1.30215,1.30255,1.20,1.50
2010.03.15 13:07:56.487,1.3021,1.30255,2.80,1.50
2010.03.15 13:07:57.152,1.3021,1.30255,1.20,1.50
2010.03.15 13:07:57.406,1.30205,1.30255,2.80,1.60
2010.03.15 13:07:59.076,1.30215,1.30255,2.80,1.50
2010.03.15 13:07:59.221,1.30205,1.30255,1.20,1.50
2010.03.15 13:07:59.746,1.30215,1.30255,1.60,1.50
2010.03.15 13:08:00.791,1.3022,1.30255,1.60,1.60
2010.03.15 13:08:01.334,1.3022,1.30255,1.60,1.50
2010.03.15 13:08:03.480,1.3022,1.30255,1.60,1.60
2010.03.15 13:08:03.881,1.3021,1.30255,1.60,1.60
2010.03.15 13:08:04.363,1.3022,1.30255,1.60,1.50
2010.03.15 13:08:04.491,1.3022,1.30255,2.80,1.50
2010.03.15 13:08:05.116,1.3022,1.30255,1.60,1.50
2010.03.15 13:08:05.396,1.3022,1.30255,2.80,1.50
2010.03.15 13:08:07.765,1.3022,1.30255,1.60,1.50
2010.03.15 13:08:12.940,1.3022,1.30255,1.60,1.60
2010.03.15 13:08:13.277,1.3021,1.30255,1.60,1.60
2010.03.15 13:08:13.617,1.3022,1.30255,1.60,1.60
2010.03.15 13:08:13.958,1.3022,1.30255,1.60,1.50
2010.03.15 13:08:17.507,1.3022,1.30255,2.80,1.50
2010.03.15 13:08:19.328,1.3022,1.30255,2.80,1.60
2010.03.15 13:08:19.546,1.3022,1.30255,1.60,1.60
2010.03.15 13:08:19.656,1.3022,1.30255,1.60,1.50
2010.03.15 13:08:19.876,1.3022,1.30255,1.60,1.60
2010.03.15 13:08:20.257,1.3021,1.30255,1.60,1.60
2010.03.15 13:08:22.407,1.3021,1.30255,1.60,1.50
2010.03.15 13:08:22.566,1.3022,1.30255,1.60,1.50
2010.03.15 13:08:24.026,1.3022,1.30255,1.60,1.60
2010.03.15 13:08:24.257,1.3022,1.30255,2.80,1.50
2010.03.15 13:08:24.789,1.3022,1.30255,1.60,1.60
2010.03.15 13:08:25.354,1.3021,1.30255,1.60,1.60
2010.03.15 13:08:27.768,1.3022,1.30255,1.60,1.50
2010.03.15 13:08:28.476,1.3021,1.30255,1.00,1.50
2010.03.15 13:08:30.178,1.30215,1.30255,1.00,1.50
2010.03.15 13:08:31.034,1.30205,1.30255,2.30,1.50
2010.03.15 13:08:31.385,1.30205,1.30255,1.60,1.50
2010.03.15 13:08:31.736,1.30215,1.30255,1.00,1.50
2010.03.15 13:08:33.534,1.30225,1.30255,1.00,1.50
2010.03.15 13:08:33.849,1.30215,1.30255,1.00,1.50
2010.03.15 13:08:46.758,1.3021,1.30255,1.60,1.50
2010.03.15 13:08:47.180,1.3021,1.30255,2.80,1.50
2010.03.15 13:08:47.422,1.3021,1.30255,2.80,1.50
2010.03.15 13:08:48.039,1.3021,1.30255,2.80,1.50
2010.03.15 13:08:50.717,1.30205,1.30255,2.80,1.50
2010.03.15 13:08:50.759,1.3021,1.30255,1.00,1.50
2010.03.15 13:08:55.128,1.30215,1.30255,1.00,1.50
2010.03.15 13:09:08.862,1.30225,1.30255,1.00,1.50
2010.03.15 13:09:09.166,1.30215,1.30255,1.00,1.50
2010.03.15 13:09:09.787,1.3021,1.30255,1.00,1.50
2010.03.15 13:09:12.784,1.3021,1.30255,1.00,3.10
2010.03.15 13:09:15.287,1.3021,1.30255,1.20,3.10
2010.03.15 13:09:15.462,1.3021,1.30255,1.20,1.50
2010.03.15 13:09:15.894,1.30215,1.30255,1.00,1.50
2010.03.15 13:09:16.385,1.3022,1.30255,1.60,1.50
2010.03.15 13:09:17.455,1.3022,1.30255,2.80,1.50
2010.03.15 13:09:19.653,1.3022,1.30255,1.20,1.50
2010.03.15 13:09:19.857,1.30215,1.30255,7.20,1.50
2010.03.15 13:09:19.988,1.30215,1.30255,3.20,1.50
2010.03.15 13:09:20.653,1.30215,1.30255,1.60,1.50
2010.03.15 13:09:21.493,1.3021,1.30255,2.80,1.50
2010.03.15 13:09:21.713,1.3021,1.30255,1.60,1.50
2010.03.15 13:09:21.917,1.3021,1.30255,10.80,1.50
2010.03.15 13:09:22.116,1.30215,1.30255,1.60,1.50
2010.03.15 13:09:26.157,1.3021,1.30255,6.80,1.50
2010.03.15 13:09:26.391,1.30215,1.30255,1.60,1.50
2010.03.15 13:09:26.742,1.3022,1.30255,1.60,1.50
2010.03.15 13:09:27.432,1.3021,1.30255,2.80,1.50
2010.03.15 13:09:27.711,1.3021,1.30255,1.60,1.50
2010.03.15 13:09:28.534,1.3022,1.30255,1.60,1.50
2010.03.15 13:09:28.710,1.3022,1.30255,2.80,1.50
2010.03.15 13:09:29.119,1.30215,1.30255,1.60,1.50
2010.03.15 13:09:29.213,1.30215,1.30255,3.20,1.50
2010.03.15 13:09:29.303,1.30215,1.30255,1.60,1.50
2010.03.15 13:09:30.749,1.3021,1.3027,4.40,1.60
2010.03.15 13:09:31.335,1.30215,1.30255,1.60,1.50
2010.03.15 13:09:31.479,1.30215,1.30255,3.20,1.50
2010.03.15 13:09:31.619,1.3022,1.30255,1.60,1.50
2010.03.15 13:09:35.982,1.3023,1.30255,1.60,1.50
2010.03.15 13:09:36.330,1.30195,1.30255,4.40,3.20
2010.03.15 13:09:36.679,1.3019,1.30245,1.00,1.60
2010.03.15 13:09:37.420,1.30195,1.30245,4.00,1.00
2010.03.15 13:09:38.110,1.30195,1.30245,2.40,1.60
2010.03.15 13:09:38.610,1.302,1.30245,1.00,1.60
2010.03.15 13:09:38.888,1.302,1.30255,1.00,6.00
2010.03.15 13:09:39.149,1.30195,1.30245,1.00,1.20
2010.03.15 13:09:41.601,1.30205,1.3025,1.00,4.00
2010.03.15 13:09:41.710,1.30205,1.30245,1.00,1.60
2010.03.15 13:09:41.820,1.30195,1.3024,1.00,1.20
2010.03.15 13:09:42.038,1.302,1.30245,1.00,1.60
2010.03.15 13:09:42.146,1.302,1.3025,1.00,5.20
2010.03.15 13:09:42.249,1.30205,1.30255,1.00,4.30
2010.03.15 13:09:42.771,1.302,1.30245,1.00,1.60
2010.03.15 13:09:43.120,1.30195,1.3024,1.00,1.20
2010.03.15 13:09:43.468,1.302,1.3026,1.00,15.50
2010.03.15 13:09:43.676,1.30195,1.30255,1.00,4.00
2010.03.15 13:09:44.098,1.30205,1.3026,1.00,15.50
2010.03.15 13:09:44.463,1.30205,1.30265,1.00,11.50
2010.03.15 13:09:44.619,1.30195,1.30255,1.00,11.50
2010.03.15 13:09:44.776,1.30195,1.30255,1.00,15.50
2010.03.15 13:09:45.076,1.30195,1.30255,1.00,15.60
2010.03.15 13:09:45.225,1.30195,1.30255,1.00,7.60
2010.03.15 13:09:45.867,1.30195,1.30255,1.00,11.50
2010.03.15 13:09:46.217,1.302,1.30245,1.00,1.60
2010.03.15 13:09:46.906,1.3019,1.3024,2.40,1.20
2010.03.15 13:09:47.156,1.30195,1.30245,1.00,1.60
2010.03.15 13:09:47.664,1.3019,1.30245,2.40,1.60
2010.03.15 13:09:48.006,1.302,1.3024,1.00,1.20
2010.03.15 13:09:48.355,1.302,1.30245,1.00,1.60
2010.03.15 13:09:50.715,1.30205,1.30245,1.00,1.60
2010.03.15 13:09:50.765,1.30205,1.3025,1.00,1.20
2010.03.15 13:09:50.845,1.30205,1.30255,1.00,3.10
2010.03.15 13:09:51.114,1.30205,1.3025,1.00,1.20
2010.03.15 13:09:51.161,1.302,1.3025,1.00,1.20
2010.03.15 13:09:51.258,1.30195,1.3025,1.00,1.20
2010.03.15 13:09:51.373,1.30195,1.30255,1.00,4.40
2010.03.15 13:09:51.720,1.3019,1.3025,2.40,1.20
2010.03.15 13:09:52.068,1.30195,1.30255,1.00,8.30
2010.03.15 13:09:52.415,1.30195,1.30255,1.00,12.30
2010.03.15 13:09:53.026,1.30195,1.30255,1.00,8.30
2010.03.15 13:09:53.334,1.30195,1.30255,1.00,4.40
2010.03.15 13:09:53.644,1.30195,1.30245,1.00,1.60
2010.03.15 13:09:53.855,1.302,1.30245,1.00,1.60
2010.03.15 13:09:54.801,1.30205,1.3024,1.00,1.20
2010.03.15 13:09:54.950,1.30205,1.3025,1.00,4.00
2010.03.15 13:09:55.097,1.30195,1.30255,1.60,4.40
2010.03.15 13:09:56.839,1.30195,1.30255,1.00,4.40
2010.03.15 13:09:58.424,1.3019,1.3025,3.60,1.00
2010.03.15 13:09:58.756,1.3019,1.30245,2.40,1.60
2010.03.15 13:09:59.059,1.30195,1.30245,1.00,1.60
2010.03.15 13:09:59.216,1.3019,1.30245,3.60,1.60
2010.03.15 13:09:59.366,1.3019,1.30245,2.40,1.00
2010.03.15 13:09:59.515,1.302,1.30245,1.00,1.60
2010.03.15 13:10:00.613,1.3019,1.3024,2.30,1.20
2010.03.15 13:10:00.794,1.30195,1.30245,1.60,1.60
2010.03.15 13:10:01.112,1.30195,1.3025,1.60,4.00
2010.03.15 13:10:01.427,1.302,1.30255,1.20,1.50
2010.03.15 13:10:01.746,1.30195,1.30255,1.60,5.90
2010.03.15 13:10:02.475,1.30195,1.3025,1.60,1.20
2010.03.15 13:10:03.189,1.30195,1.30255,1.60,1.50
2010.03.15 13:10:05.830,1.302,1.30255,1.00,4.70
2010.03.15 13:10:06.242,1.30205,1.30245,1.00,1.60
2010.03.15 13:10:06.416,1.30195,1.30255,1.00,5.90
2010.03.15 13:10:06.777,1.30195,1.30255,4.00,4.30
2010.03.15 13:10:07.123,1.30195,1.3024,1.00,1.60
2010.03.15 13:10:07.475,1.30195,1.3026,1.00,3.10
2010.03.15 13:10:07.821,1.30195,1.3026,2.40,1.50
2010.03.15 13:10:08.737,1.302,1.30255,1.00,1.50
2010.03.15 13:10:08.898,1.302,1.30255,4.00,1.50
2010.03.15 13:10:09.055,1.3021,1.30255,1.20,3.10
2010.03.15 13:10:09.361,1.3019,1.30255,3.60,3.10
2010.03.15 13:10:09.873,1.30195,1.30255,1.60,4.30
2010.03.15 13:10:10.202,1.3019,1.30255,2.40,4.30
2010.03.15 13:10:17.398,1.302,1.30255,1.60,4.30
2010.03.15 13:10:17.982,1.30205,1.30255,2.40,1.50
2010.03.15 13:10:18.673,1.3021,1.30255,1.60,1.50
2010.03.15 13:10:19.019,1.30205,1.30255,2.00,1.50
2010.03.15 13:10:19.599,1.30205,1.30255,1.90,1.50
2010.03.15 13:10:20.254,1.30205,1.30255,1.00,1.50
2010.03.15 13:10:20.541,1.30205,1.30255,1.00,1.50
2010.03.15 13:10:20.832,1.302,1.30255,2.40,1.50
2010.03.15 13:10:21.122,1.30205,1.30255,2.00,1.50
2010.03.15 13:10:21.397,1.30205,1.30255,3.60,1.50
2010.03.15 13:10:23.126,1.3021,1.30255,1.60,1.50
2010.03.15 13:10:23.298,1.3021,1.30255,1.20,1.50
2010.03.15 13:10:24.559,1.30205,1.30255,1.20,1.50
2010.03.15 13:10:25.188,1.30205,1.30255,2.80,1.50
2010.03.15 13:10:25.476,1.30205,1.30255,3.60,1.50
2010.03.15 13:10:33.742,1.3021,1.30255,1.60,1.50
2010.03.15 13:10:36.733,1.3021,1.30255,2.80,1.50
2010.03.15 13:10:36.914,1.30215,1.30255,1.60,1.50
2010.03.15 13:10:37.264,1.3021,1.30255,1.20,1.50
2010.03.15 13:10:38.923,1.30205,1.30255,3.60,1.50
2010.03.15 13:10:39.283,1.30205,1.30255,2.40,1.50
2010.03.15 13:10:39.562,1.30205,1.3027,3.60,2.70
2010.03.15 13:10:43.311,1.30215,1.3027,1.60,1.60
2010.03.15 13:10:43.593,1.3021,1.30255,2.80,1.50
2010.03.15 13:10:44.573,1.3021,1.30255,1.20,1.50
2010.03.15 13:10:45.074,1.30205,1.30255,2.00,1.50
2010.03.15 13:10:45.419,1.3021,1.30255,1.60,1.50
2010.03.15 13:10:48.870,1.30205,1.30255,2.40,1.50
2010.03.15 13:10:49.380,1.30205,1.30255,3.60,1.50
2010.03.15 13:10:49.810,1.30205,1.30255,2.40,1.50
2010.03.15 13:10:52.667,1.30205,1.30255,3.60,1.50
2010.03.15 13:10:59.249,1.30205,1.30255,2.40,1.50
2010.03.15 13:10:59.346,1.30205,1.30255,2.40,2.70
2010.03.15 13:10:59.452,1.30205,1.30255,1.00,2.70
2010.03.15 13:10:59.717,1.30205,1.30255,1.00,1.50
2010.03.15 13:11:00.107,1.30205,1.30255,1.00,2.70
2010.03.15 13:11:01.257,1.30205,1.30255,2.40,1.50
2010.03.15 13:11:04.555,1.30205,1.30255,2.40,2.70
2010.03.15 13:11:05.076,1.3021,1.30255,1.00,1.50
2010.03.15 13:11:05.758,1.3022,1.30255,1.60,1.50
2010.03.15 13:11:06.107,1.30205,1.30255,1.00,1.50
2010.03.15 13:11:07.589,1.3022,1.30255,1.60,1.50
2010.03.15 13:11:07.847,1.3021,1.30255,8.80,1.50
2010.03.15 13:11:08.162,1.302,1.30255,2.40,2.70
2010.03.15 13:11:09.848,1.30215,1.30255,1.60,1.50
2010.03.15 13:11:10.797,1.30215,1.30255,1.60,1.50
2010.03.15 13:11:13.861,1.3022,1.30255,4.00,1.50
2010.03.15 13:11:14.131,1.3022,1.30255,1.00,1.50
2010.03.15 13:11:14.404,1.3022,1.30255,1.00,1.50
2010.03.15 13:11:14.676,1.3022,1.30255,1.60,1.50
2010.03.15 13:11:14.973,1.3022,1.30255,1.00,1.50
2010.03.15 13:11:22.593,1.30215,1.30255,4.00,1.50
2010.03.15 13:11:22.885,1.3022,1.30255,2.40,1.50
2010.03.15 13:11:23.365,1.3022,1.30255,1.00,1.50
2010.03.15 13:11:23.715,1.3022,1.30255,1.00,1.50
2010.03.15 13:11:24.403,1.3022,1.30255,1.00,1.50
2010.03.15 13:11:25.343,1.30225,1.30255,1.00,1.50
2010.03.15 13:11:26.284,1.30225,1.30255,1.60,1.50
2010.03.15 13:11:26.434,1.3022,1.30255,1.20,1.50
2010.03.15 13:11:26.913,1.30225,1.30255,1.60,1.50
2010.03.15 13:11:27.271,1.30225,1.30255,1.60,1.50
2010.03.15 13:11:29.033,1.30215,1.30255,3.20,1.50
2010.03.15 13:11:29.253,1.30215,1.30255,1.60,1.50
2010.03.15 13:11:29.804,1.30215,1.30255,3.20,1.50
2010.03.15 13:11:30.078,1.30225,1.30255,1.60,1.50
2010.03.15 13:11:30.345,1.3022,1.30255,1.00,1.50
2010.03.15 13:11:31.074,1.30225,1.30255,1.60,1.50
2010.03.15 13:11:31.346,1.30225,1.30255,1.60,1.50
2010.03.15 13:11:31.626,1.30215,1.30255,1.00,1.50
2010.03.15 13:11:32.585,1.3022,1.30255,1.00,1.50
2010.03.15 13:11:33.356,1.3022,1.30255,1.60,1.50
2010.03.15 13:11:33.708,1.3023,1.30255,1.00,1.50
2010.03.15 13:11:41.458,1.3023,1.30255,1.00,1.50
2010.03.15 13:11:41.808,1.3023,1.30255,1.20,1.50
2010.03.15 13:11:42.151,1.3022,1.30255,1.20,1.50
2010.03.15 13:11:43.953,1.3022,1.30255,1.20,1.50
2010.03.15 13:11:46.575,1.3022,1.30255,2.00,1.50
2010.03.15 13:11:46.788,1.3022,1.30255,1.00,1.50
2010.03.15 13:11:47.010,1.3022,1.30255,2.40,1.50
2010.03.15 13:11:47.479,1.3022,1.30255,2.40,1.50
2010.03.15 13:11:47.936,1.3022,1.30255,2.40,1.50
2010.03.15 13:11:48.095,1.3022,1.30255,2.40,1.50
2010.03.15 13:11:48.440,1.3022,1.30255,2.40,1.00
2010.03.15 13:11:48.792,1.3023,1.30255,1.00,1.00
2010.03.15 13:11:50.055,1.3023,1.30295,1.00,3.20
2010.03.15 13:11:54.634,1.30225,1.30285,4.40,3.20
2010.03.15 13:11:54.675,1.3023,1.30285,1.20,1.60
2010.03.15 13:11:54.908,1.3024,1.30285,1.20,1.00
2010.03.15 13:11:54.939,1.30245,1.30285,1.60,1.00
2010.03.15 13:11:54.964,1.30245,1.3029,1.60,3.20
2010.03.15 13:11:55.129,1.30245,1.3029,1.60,1.60
2010.03.15 13:11:55.158,1.30245,1.30295,1.60,3.20
2010.03.15 13:11:55.205,1.30245,1.30295,3.20,1.60
2010.03.15 13:11:55.813,1.30245,1.30295,3.20,1.00
2010.03.15 13:11:57.716,1.30245,1.303,1.60,2.80
2010.03.15 13:11:58.954,1.30245,1.30295,3.20,1.00
2010.03.15 13:12:00.082,1.30245,1.30295,1.60,1.60
2010.03.15 13:12:00.604,1.30245,1.30295,3.20,1.00
2010.03.15 13:12:01.082,1.30245,1.303,3.20,1.60
2010.03.15 13:12:01.201,1.30245,1.30305,3.20,6.00
2010.03.15 13:12:01.524,1.3024,1.303,6.00,1.60
2010.03.15 13:12:03.496,1.3024,1.30295,3.20,1.60
2010.03.15 13:12:03.786,1.3024,1.30295,6.00,1.00
2010.03.15 13:12:04.131,1.3024,1.30295,3.20,1.60
2010.03.15 13:12:06.311,1.30245,1.30295,3.20,1.00
2010.03.15 13:12:08.089,1.30245,1.303,3.20,1.60
2010.03.15 13:12:08.366,1.30245,1.30295,1.60,1.60
2010.03.15 13:12:10.537,1.3026,1.30295,1.60,1.60
2010.03.15 13:12:10.683,1.3025,1.30295,1.60,1.60
2010.03.15 13:12:10.822,1.3025,1.30285,1.60,1.00
2010.03.15 13:12:11.101,1.3024,1.30285,3.20,1.00
2010.03.15 13:12:11.825,1.30235,1.30275,3.60,1.00
2010.03.15 13:12:12.172,1.30235,1.30285,1.60,1.00
2010.03.15 13:12:12.521,1.30225,1.30285,6.00,1.60
2010.03.15 13:12:12.873,1.3023,1.30275,1.60,1.00
2010.03.15 13:12:13.560,1.30225,1.30275,4.40,1.00
2010.03.15 13:12:13.730,1.30225,1.3027,4.40,1.00
2010.03.15 13:12:13.901,1.30225,1.3027,6.00,1.00
2010.03.15 13:12:14.074,1.3023,1.3027,1.20,1.00
2010.03.15 13:12:14.447,1.30225,1.3026,4.80,1.00
2010.03.15 13:12:15.163,1.30225,1.3027,4.80,1.00
2010.03.15 13:12:15.518,1.3023,1.3027,2.80,1.00
2010.03.15 13:12:15.866,1.3023,1.30275,1.20,1.00
2010.03.15 13:12:16.322,1.3022,1.30275,1.20,1.00
2010.03.15 13:12:16.639,1.3022,1.30275,2.80,1.00
2010.03.15 13:12:16.962,1.30225,1.30275,1.60,1.00
2010.03.15 13:12:17.817,1.3022,1.30275,2.80,1.00
2010.03.15 13:12:18.081,1.30225,1.30275,1.60,1.00
2010.03.15 13:12:20.045,1.3022,1.30275,2.80,1.00
2010.03.15 13:12:20.187,1.3022,1.30275,1.60,1.20
2010.03.15 13:12:20.329,1.30225,1.30275,1.60,1.20
2010.03.15 13:12:20.469,1.30225,1.30285,1.60,1.20
2010.03.15 13:12:20.609,1.30225,1.30275,1.60,1.00
2010.03.15 13:12:22.929,1.30225,1.30275,3.20,1.00
2010.03.15 13:12:23.965,1.30225,1.30275,1.60,1.00
2010.03.15 13:12:24.304,1.3022,1.30275,3.60,1.00
2010.03.15 13:12:27.457,1.30225,1.30275,1.60,1.00
2010.03.15 13:12:27.808,1.3023,1.3027,1.20,1.00
2010.03.15 13:12:28.226,1.3023,1.3028,1.20,1.00
2010.03.15 13:12:29.985,1.30225,1.3028,1.60,1.20
2010.03.15 13:12:30.046,1.30225,1.30275,1.60,1.00
2010.03.15 13:12:30.111,1.30225,1.30275,3.20,1.00
2010.03.15 13:12:30.428,1.30225,1.30275,4.00,1.00
2010.03.15 13:12:31.394,1.30225,1.30285,4.00,2.80
2010.03.15 13:12:33.682,1.30235,1.30285,1.60,1.00
2010.03.15 13:12:34.246,1.30235,1.3028,1.60,1.00
2010.03.15 13:12:38.951,1.3023,1.3028,1.60,1.00
2010.03.15 13:12:39.224,1.30225,1.3028,5.60,1.60
2010.03.15 13:12:39.884,1.30225,1.30275,4.00,1.00
2010.03.15 13:12:40.124,1.30225,1.3028,4.00,2.80
2010.03.15 13:12:40.378,1.30225,1.3028,4.00,1.60
2010.03.15 13:12:40.509,1.30225,1.3028,4.80,1.60
2010.03.15 13:12:41.386,1.30225,1.30275,3.20,1.00
2010.03.15 13:12:42.671,1.30225,1.30265,1.60,1.00
2010.03.15 13:12:42.897,1.30225,1.30275,3.20,1.20
2010.03.15 13:12:43.166,1.30225,1.3027,3.20,1.20
2010.03.15 13:12:43.436,1.3023,1.30275,1.20,1.00
2010.03.15 13:12:43.705,1.30225,1.30275,4.40,1.00
2010.03.15 13:12:44.282,1.30235,1.30275,1.60,1.00
2010.03.15 13:12:44.584,1.30225,1.30275,4.40,1.00
2010.03.15 13:12:46.604,1.30235,1.3027,1.60,1.00
2010.03.15 13:12:47.264,1.30225,1.3027,4.80,1.00
2010.03.15 13:12:48.592,1.30225,1.3026,3.20,1.00
2010.03.15 13:12:50.899,1.30225,1.3026,4.40,1.00
2010.03.15 13:12:51.052,1.30225,1.3027,4.40,1.00
2010.03.15 13:12:51.907,1.30225,1.3027,1.60,1.00
2010.03.15 13:12:52.253,1.30225,1.3027,6.00,1.00
2010.03.15 13:12:53.604,1.30225,1.3026,3.20,1.00
2010.03.15 13:12:58.898,1.30225,1.3027,3.20,1.00
2010.03.15 13:13:02.675,1.30225,1.30275,3.20,1.00
2010.03.15 13:13:10.734,1.30225,1.3027,3.20,1.00
2010.03.15 13:13:10.948,1.30225,1.3027,1.60,1.00
2010.03.15 13:13:11.033,1.30225,1.30275,1.60,1.20
2010.03.15 13:13:11.359,1.30225,1.30275,3.20,1.00
2010.03.15 13:13:12.227,1.30225,1.3027,3.20,1.00
2010.03.15 13:13:12.436,1.30225,1.30275,3.20,1.00
2010.03.15 13:13:19.190,1.30225,1.30275,4.80,1.00
2010.03.15 13:13:19.482,1.30225,1.3028,4.80,1.60
2010.03.15 13:13:20.056,1.30225,1.3027,3.20,2.80
2010.03.15 13:13:20.246,1.30225,1.3027,1.60,2.80
2010.03.15 13:13:20.442,1.30225,1.30275,1.60,1.20
2010.03.15 13:13:20.634,1.30225,1.30275,3.20,1.20
2010.03.15 13:13:22.974,1.30225,1.3028,4.80,1.60
2010.03.15 13:13:23.623,1.30225,1.30275,4.80,1.20
2010.03.15 13:13:23.967,1.30225,1.30275,1.60,2.80
2010.03.15 13:13:24.316,1.30235,1.3028,1.60,1.00
2010.03.15 13:13:24.984,1.3023,1.3028,1.60,1.00
2010.03.15 13:13:25.292,1.30235,1.30285,1.60,1.60
2010.03.15 13:13:25.594,1.30235,1.3028,1.60,1.00
2010.03.15 13:13:25.904,1.30235,1.30285,1.60,2.40
2010.03.15 13:13:27.554,1.30255,1.30285,1.60,1.60
2010.03.15 13:13:27.829,1.30225,1.3028,1.60,1.20
2010.03.15 13:13:28.098,1.30225,1.30285,1.60,1.00
2010.03.15 13:13:28.624,1.30225,1.3028,1.60,1.00
2010.03.15 13:13:30.066,1.30235,1.3027,1.60,1.00
2010.03.15 13:13:30.405,1.30225,1.3027,3.20,1.00
2010.03.15 13:13:31.062,1.30225,1.3028,1.60,1.20
2010.03.15 13:13:31.392,1.30235,1.3028,1.60,1.00
2010.03.15 13:13:31.725,1.30235,1.3029,4.40,1.00
2010.03.15 13:13:32.373,1.30235,1.30285,3.20,1.20
2010.03.15 13:13:32.750,1.30235,1.30285,1.60,1.20
2010.03.15 13:13:33.056,1.3023,1.30285,2.80,1.60
2010.03.15 13:13:33.364,1.30225,1.30285,1.60,2.80
2010.03.15 13:13:33.970,1.3023,1.30285,1.00,2.80
2010.03.15 13:13:34.650,1.3023,1.30285,1.00,2.80
2010.03.15 13:13:35.099,1.3023,1.30275,1.00,1.00
2010.03.15 13:13:38.196,1.3023,1.30285,1.00,2.80
2010.03.15 13:13:38.529,1.3023,1.30285,1.00,4.40
2010.03.15 13:13:38.869,1.3023,1.30285,1.00,2.80
2010.03.15 13:13:40.094,1.3023,1.3028,1.00,1.20
2010.03.15 13:13:40.381,1.3023,1.30285,1.00,1.60
2010.03.15 13:13:40.717,1.3023,1.3028,1.00,1.20
2010.03.15 13:13:43.652,1.30225,1.3028,3.20,1.20
2010.03.15 13:13:44.000,1.30225,1.30285,3.20,1.60
2010.03.15 13:13:45.649,1.30225,1.30285,3.20,7.20
2010.03.15 13:13:45.909,1.30225,1.3028,3.20,2.80
2010.03.15 13:13:46.098,1.30215,1.30275,3.20,1.60
2010.03.15 13:13:46.277,1.30215,1.30275,4.00,1.60
2010.03.15 13:13:46.466,1.30215,1.30265,4.00,1.20
2010.03.15 13:13:47.508,1.30215,1.30265,4.80,1.20
2010.03.15 13:13:47.849,1.30215,1.3027,5.60,1.60
2010.03.15 13:13:49.212,1.30215,1.30275,5.60,2.80
2010.03.15 13:13:49.352,1.30215,1.30275,6.80,1.60
2010.03.15 13:13:49.680,1.30225,1.3028,4.40,1.00
2010.03.15 13:13:49.818,1.30225,1.3027,4.40,1.00
2010.03.15 13:13:54.716,1.30225,1.3028,4.40,1.00
2010.03.15 13:13:54.963,1.30225,1.3027,4.40,1.00
2010.03.15 13:13:56.303,1.30225,1.3028,4.40,1.00
2010.03.15 13:13:56.951,1.30225,1.3027,4.40,1.00
2010.03.15 13:13:58.313,1.30225,1.3028,4.40,1.00
2010.03.15 13:13:58.651,1.30225,1.3027,4.40,1.00
2010.03.15 13:13:59.881,1.30225,1.3028,4.40,1.00
2010.03.15 13:14:00.125,1.30225,1.3027,4.40,1.00
2010.03.15 13:14:01.305,1.30225,1.30275,4.40,1.00
2010.03.15 13:14:01.595,1.30225,1.30275,4.40,1.00
2010.03.15 13:14:02.294,1.30235,1.30275,1.60,1.00
2010.03.15 13:14:03.329,1.30235,1.30285,1.60,1.60
2010.03.15 13:14:03.673,1.30235,1.30285,1.60,1.00
2010.03.15 13:14:04.016,1.30235,1.3029,1.60,2.00
2010.03.15 13:14:04.368,1.30235,1.3029,4.40,1.00
2010.03.15 13:14:04.716,1.3024,1.3028,3.20,1.00
2010.03.15 13:14:05.064,1.3024,1.30285,1.60,1.60
2010.03.15 13:14:05.413,1.3024,1.3029,1.60,1.00
2010.03.15 13:14:07.629,1.30235,1.30285,3.20,1.60
2010.03.15 13:14:07.787,1.3024,1.30285,1.60,1.00
2010.03.15 13:14:09.773,1.3024,1.30285,1.60,1.60
2010.03.15 13:14:10.225,1.30235,1.30285,3.20,1.60
2010.03.15 13:14:11.719,1.30235,1.30285,3.20,1.60
2010.03.15 13:14:13.251,1.30235,1.3029,1.60,2.00
2010.03.15 13:14:13.593,1.30235,1.3029,1.60,1.00
2010.03.15 13:14:14.559,1.30235,1.30285,1.60,1.00
2010.03.15 13:14:14.661,1.30235,1.3029,1.60,1.00
2010.03.15 13:14:17.551,1.30235,1.30295,1.60,1.20
2010.03.15 13:14:19.597,1.30235,1.30295,1.60,1.00
2010.03.15 13:14:29.592,1.3024,1.30295,1.60,1.00
2010.03.15 13:14:29.900,1.3024,1.303,1.60,1.00
2010.03.15 13:14:32.527,1.30235,1.303,1.60,1.00
2010.03.15 13:14:36.075,1.30235,1.303,2.40,1.00
2010.03.15 13:14:36.187,1.30245,1.30295,1.60,1.00
2010.03.15 13:14:38.283,1.30245,1.303,11.60,1.00
2010.03.15 13:14:38.662,1.3024,1.30295,1.60,1.00
2010.03.15 13:14:40.116,1.30245,1.303,1.60,1.00
2010.03.15 13:14:40.576,1.3024,1.303,3.20,1.00
2010.03.15 13:14:41.044,1.3024,1.30295,1.60,1.00
2010.03.15 13:14:42.745,1.3024,1.303,1.60,1.00
2010.03.15 13:14:43.034,1.30245,1.303,1.60,1.00
2010.03.15 13:14:44.710,1.3024,1.303,1.60,1.00
2010.03.15 13:14:45.023,1.3022,1.3028,1.00,1.60
2010.03.15 13:14:45.335,1.30215,1.3029,1.00,3.20
2010.03.15 13:14:45.646,1.3022,1.3029,1.00,3.20
2010.03.15 13:14:46.976,1.30225,1.30275,1.00,1.00
2010.03.15 13:14:47.294,1.3022,1.30275,1.00,1.00
2010.03.15 13:14:47.612,1.30215,1.30275,1.60,1.00
2010.03.15 13:14:48.373,1.30215,1.3028,1.60,3.20
2010.03.15 13:14:50.661,1.30205,1.3028,1.20,1.00
2010.03.15 13:14:50.902,1.30215,1.303,1.00,1.20
2010.03.15 13:14:51.387,1.30215,1.3031,10.00,1.20
2010.03.15 13:14:52.114,1.3021,1.30305,10.10,1.20
2010.03.15 13:14:53.275,1.3022,1.3031,1.20,1.00
2010.03.15 13:14:53.543,1.3021,1.3031,8.90,1.00
2010.03.15 13:14:54.313,1.30215,1.30335,8.80,1.00
2010.03.15 13:14:54.663,1.3021,1.30335,1.00,1.00
2010.03.15 13:14:56.378,1.302,1.3032,1.00,1.00
2010.03.15 13:14:56.702,1.3022,1.30325,8.90,1.00
2010.03.15 13:14:57.755,1.3023,1.30315,8.80,1.00
2010.03.15 13:14:59.343,1.3023,1.30325,8.90,1.00
2010.03.15 13:14:59.693,1.3021,1.3032,8.90,1.00
2010.03.15 13:15:01.581,1.30225,1.30325,1.00,1.00
2010.03.15 13:15:01.801,1.3023,1.303,1.00,1.00
2010.03.15 13:15:02.440,1.3022,1.30315,1.00,1.00
2010.03.15 13:15:03.695,1.3023,1.30325,8.80,1.00
2010.03.15 13:15:04.043,1.3022,1.30325,1.00,1.00
2010.03.15 13:15:04.585,1.30225,1.3032,1.00,1.00
2010.03.15 13:15:04.934,1.3023,1.30325,9.60,1.00
2010.03.15 13:15:05.243,1.3024,1.30325,1.00,1.00
2010.03.15 13:15:05.551,1.3024,1.3033,8.80,1.00
2010.03.15 13:15:06.482,1.3022,1.30325,9.60,1.00
2010.03.15 13:15:06.792,1.30225,1.30315,1.00,1.00
2010.03.15 13:15:07.207,1.30225,1.3032,1.00,1.00
2010.03.15 13:15:07.523,1.3021,1.3031,1.20,1.00
2010.03.15 13:15:07.839,1.3022,1.3031,1.20,1.00
2010.03.15 13:15:08.500,1.30225,1.3031,10.00,1.00
2010.03.15 13:15:08.857,1.3024,1.30315,1.20,1.00
2010.03.15 13:15:09.201,1.30235,1.30315,1.00,1.00
2010.03.15 13:15:09.470,1.3023,1.30315,1.20,1.00
2010.03.15 13:15:11.690,1.30235,1.3031,1.20,1.00
2010.03.15 13:15:12.040,1.30225,1.3031,2.40,1.00
2010.03.15 13:15:12.388,1.30225,1.3031,1.20,1.00
2010.03.15 13:15:13.080,1.30225,1.3031,1.20,1.00
2010.03.15 13:15:14.041,1.30225,1.30305,2.80,1.60
2010.03.15 13:15:14.392,1.3022,1.30305,4.10,1.60
2010.03.15 13:15:14.577,1.3022,1.30305,2.90,1.60
2010.03.15 13:15:15.150,1.3022,1.30305,2.80,1.60
2010.03.15 13:15:15.345,1.3022,1.30305,2.80,2.40
2010.03.15 13:15:16.508,1.3022,1.30295,4.40,1.60
2010.03.15 13:15:16.859,1.3022,1.30295,4.40,3.20
2010.03.15 13:15:17.208,1.3022,1.30295,4.40,3.20
2010.03.15 13:15:17.561,1.30215,1.30285,4.40,2.80
2010.03.15 13:15:17.911,1.30215,1.30285,2.80,1.60
2010.03.15 13:15:19.012,1.3022,1.30285,1.60,3.20
2010.03.15 13:15:21.016,1.30215,1.30285,2.80,4.80
2010.03.15 13:15:22.943,1.30215,1.3028,1.20,3.20
2010.03.15 13:15:23.768,1.30225,1.30285,4.00,3.20
2010.03.15 13:15:25.738,1.3022,1.30275,1.60,1.60
2010.03.15 13:15:25.855,1.3022,1.30275,3.20,1.60
2010.03.15 13:15:26.566,1.3022,1.30275,3.20,1.60
2010.03.15 13:15:27.256,1.30225,1.30285,1.60,4.80
2010.03.15 13:15:27.607,1.3022,1.30275,1.60,3.20
2010.03.15 13:15:30.482,1.3022,1.30275,1.60,1.60
2010.03.15 13:15:32.392,1.3022,1.30275,3.20,1.60
2010.03.15 13:15:32.663,1.30225,1.30285,1.60,4.80
2010.03.15 13:15:33.502,1.30225,1.30285,1.60,4.80
2010.03.15 13:15:33.842,1.30225,1.3028,1.60,1.60
2010.03.15 13:15:34.870,1.30225,1.3028,1.60,4.80
2010.03.15 13:15:36.590,1.3022,1.3028,3.20,3.20
2010.03.15 13:15:37.530,1.30225,1.3028,1.60,1.60
2010.03.15 13:15:39.881,1.30235,1.3028,1.00,1.60
2010.03.15 13:15:41.572,1.30225,1.3028,1.60,1.60
2010.03.15 13:15:42.458,1.30235,1.3028,1.00,1.60
2010.03.15 13:15:43.159,1.30235,1.3028,1.60,1.60
2010.03.15 13:15:43.506,1.30235,1.30285,1.00,2.80
2010.03.15 13:15:43.855,1.30235,1.3029,1.60,2.40
2010.03.15 13:15:44.202,1.30235,1.3028,1.60,1.60
2010.03.15 13:15:45.612,1.30245,1.3028,1.60,1.60
2010.03.15 13:15:45.879,1.30235,1.3028,1.60,1.60
2010.03.15 13:15:46.419,1.30245,1.3028,1.60,1.60
2010.03.15 13:15:46.775,1.30245,1.303,1.60,3.20
2010.03.15 13:15:47.381,1.3023,1.303,7.20,1.60
2010.03.15 13:15:47.857,1.30235,1.3029,1.60,3.20
2010.03.15 13:15:48.166,1.30245,1.3028,1.60,1.60
2010.03.15 13:15:48.825,1.30245,1.30305,1.60,5.20
2010.03.15 13:15:49.520,1.3024,1.30305,1.60,6.00
2010.03.15 13:15:50.907,1.3024,1.303,3.20,3.20
2010.03.15 13:15:51.085,1.3025,1.30295,1.60,1.00
2010.03.15 13:15:51.263,1.3025,1.3029,1.60,2.40
2010.03.15 13:15:51.443,1.30225,1.3029,8.80,2.40
2010.03.15 13:15:55.688,1.30245,1.3029,1.60,1.60
2010.03.15 13:15:55.900,1.30255,1.30295,1.60,1.00
2010.03.15 13:15:56.324,1.30245,1.30295,1.60,2.40
2010.03.15 13:15:58.057,1.30245,1.30295,1.60,2.40
2010.03.15 13:15:58.413,1.30245,1.3029,1.60,1.60
2010.03.15 13:15:58.760,1.30245,1.30295,1.60,4.00
2010.03.15 13:16:00.262,1.3024,1.30285,1.60,1.00
2010.03.15 13:16:00.627,1.30235,1.30285,1.60,1.00
2010.03.15 13:16:01.110,1.30245,1.30285,1.60,1.00
2010.03.15 13:16:01.599,1.30235,1.3028,1.60,1.60
2010.03.15 13:16:02.499,1.30235,1.3028,1.60,2.80
2010.03.15 13:16:02.832,1.30245,1.30285,1.60,1.60
2010.03.15 13:16:03.494,1.30245,1.3028,1.60,1.60
2010.03.15 13:16:05.735,1.30235,1.3028,1.60,1.60
2010.03.15 13:16:08.098,1.30235,1.3029,1.60,4.80
2010.03.15 13:16:09.865,1.30235,1.3029,3.20,3.20
2010.03.15 13:16:10.363,1.30245,1.3029,1.60,3.20
2010.03.15 13:16:14.824,1.30245,1.30295,1.60,5.60
2010.03.15 13:16:15.210,1.30245,1.30285,1.60,1.60
2010.03.15 13:16:15.412,1.30245,1.30285,1.60,1.00
2010.03.15 13:16:16.344,1.30245,1.3029,1.60,1.60
2010.03.15 13:16:16.668,1.30245,1.30285,1.60,1.00
2010.03.15 13:16:17.360,1.30245,1.30285,1.60,1.60
2010.03.15 13:16:17.705,1.30245,1.30275,1.60,1.00
2010.03.15 13:16:18.050,1.30245,1.30285,1.60,1.00
2010.03.15 13:16:21.272,1.30235,1.30285,1.60,1.00
2010.03.15 13:16:23.135,1.30235,1.3028,1.60,1.00
2010.03.15 13:16:23.397,1.30245,1.30285,1.60,1.00
2010.03.15 13:16:23.670,1.30245,1.3029,1.60,1.00
2010.03.15 13:16:23.939,1.30245,1.3028,1.60,1.00
2010.03.15 13:16:24.283,1.30245,1.30285,1.60,1.00
2010.03.15 13:16:25.002,1.3024,1.3029,1.20,1.00
2010.03.15 13:16:25.356,1.30235,1.3029,1.60,1.60
2010.03.15 13:16:26.075,1.30235,1.3028,1.60,1.60
2010.03.15 13:16:26.621,1.30235,1.3028,1.60,1.60
2010.03.15 13:16:26.902,1.30245,1.30275,1.60,1.60
2010.03.15 13:16:27.462,1.30245,1.30295,1.60,1.60
2010.03.15 13:16:27.800,1.30235,1.30295,1.60,3.20
2010.03.15 13:16:28.139,1.30235,1.30295,1.60,4.80
2010.03.15 13:16:28.487,1.30225,1.30275,1.60,1.60
2010.03.15 13:16:28.832,1.30225,1.3028,1.60,1.60
2010.03.15 13:16:29.181,1.3022,1.3027,1.00,3.20
2010.03.15 13:16:29.615,1.30225,1.30265,1.60,3.20
2010.03.15 13:16:29.912,1.3022,1.30265,1.00,3.20
2010.03.15 13:16:30.208,1.3022,1.3026,1.00,1.00
2010.03.15 13:16:30.507,1.3022,1.3026,2.40,1.00
2010.03.15 13:16:31.069,1.3022,1.3026,2.40,1.60
2010.03.15 13:16:31.323,1.30215,1.30255,1.60,1.60
2010.03.15 13:16:31.590,1.30215,1.30265,3.20,1.60
2010.03.15 13:16:31.861,1.3022,1.3027,1.60,2.40
2010.03.15 13:16:32.130,1.3022,1.3027,2.80,1.00
2010.03.15 13:16:32.399,1.30225,1.30265,1.60,1.00
2010.03.15 13:16:32.641,1.3022,1.30265,1.60,1.00
2010.03.15 13:16:32.877,1.3022,1.3027,1.60,1.00
2010.03.15 13:16:33.117,1.30225,1.3027,1.60,1.00
2010.03.15 13:16:33.736,1.30225,1.3026,1.60,1.00
2010.03.15 13:16:34.078,1.30225,1.3027,1.60,1.00
2010.03.15 13:16:34.768,1.30225,1.3027,1.00,2.40
2010.03.15 13:16:35.016,1.30225,1.3027,1.60,2.40
2010.03.15 13:16:35.269,1.30235,1.3028,1.60,4.80
2010.03.15 13:16:35.520,1.3023,1.30275,1.00,1.60
2010.03.15 13:16:35.697,1.30225,1.30275,1.60,1.60
2010.03.15 13:16:36.633,1.30225,1.30265,1.60,1.60
2010.03.15 13:16:36.981,1.30225,1.3028,1.60,1.20
2010.03.15 13:16:37.318,1.30225,1.30285,1.60,1.60
2010.03.15 13:16:38.302,1.30225,1.3028,1.60,3.20
2010.03.15 13:16:38.629,1.3023,1.3028,1.60,1.60
2010.03.15 13:16:38.798,1.30235,1.3028,1.60,1.60
2010.03.15 13:16:38.968,1.30235,1.30285,1.60,3.20
2010.03.15 13:16:39.485,1.30225,1.30285,1.60,3.20
2010.03.15 13:16:39.659,1.30235,1.30285,1.60,3.20
2010.03.15 13:16:40.010,1.30225,1.3028,1.60,1.00
2010.03.15 13:16:40.358,1.30225,1.3028,2.80,3.20
2010.03.15 13:16:40.711,1.30225,1.30275,2.80,1.00
2010.03.15 13:16:40.962,1.30225,1.30275,2.80,3.20
2010.03.15 13:16:41.451,1.30225,1.30275,1.60,4.80
2010.03.15 13:16:42.866,1.30225,1.30275,2.80,4.80
2010.03.15 13:16:43.126,1.30225,1.30275,2.80,3.20
2010.03.15 13:16:43.386,1.30225,1.30275,1.60,3.20
2010.03.15 13:16:43.644,1.30225,1.3027,1.60,1.60
2010.03.15 13:16:46.233,1.3023,1.3027,1.00,1.60
2010.03.15 13:16:47.151,1.3022,1.3027,1.00,1.60
2010.03.15 13:16:47.499,1.3023,1.3028,2.80,3.20
2010.03.15 13:16:47.850,1.30225,1.30275,1.60,1.60
2010.03.15 13:16:48.196,1.30235,1.3027,1.60,1.00
2010.03.15 13:16:48.546,1.30225,1.30275,1.60,3.20
2010.03.15 13:16:48.896,1.30225,1.30275,2.80,1.00
2010.03.15 13:16:49.246,1.30225,1.30285,2.80,4.80
2010.03.15 13:16:49.647,1.30225,1.30275,2.80,1.00
2010.03.15 13:16:49.986,1.30225,1.30285,2.80,4.80
2010.03.15 13:16:50.328,1.30225,1.30275,2.80,1.00
2010.03.15 13:16:51.452,1.30225,1.30275,2.80,3.20
2010.03.15 13:16:52.022,1.30225,1.30275,2.80,4.80
2010.03.15 13:16:52.215,1.30225,1.3027,2.80,1.60
2010.03.15 13:16:52.405,1.30225,1.30275,1.60,3.20
2010.03.15 13:16:53.016,1.30225,1.30275,1.60,1.60
2010.03.15 13:16:54.342,1.30225,1.30275,1.60,1.60
2010.03.15 13:16:54.684,1.30225,1.30285,4.40,1.60
2010.03.15 13:16:54.888,1.30235,1.30285,1.60,1.00
2010.03.15 13:16:55.226,1.30235,1.30285,1.60,1.60
2010.03.15 13:16:55.780,1.30225,1.30275,2.80,1.00
2010.03.15 13:17:01.801,1.30225,1.3028,2.80,1.60
2010.03.15 13:17:02.142,1.30225,1.30285,2.80,3.20
2010.03.15 13:17:02.591,1.30235,1.30285,1.60,1.60
2010.03.15 13:17:02.936,1.30235,1.3028,2.80,1.00
2010.03.15 13:17:03.274,1.30235,1.30285,2.80,1.60
2010.03.15 13:17:03.601,1.30235,1.30285,1.60,1.60
2010.03.15 13:17:04.742,1.30225,1.30275,2.80,1.00
2010.03.15 13:17:05.092,1.30225,1.3028,2.80,1.60
2010.03.15 13:17:06.440,1.30225,1.30275,2.80,1.00
2010.03.15 13:17:06.643,1.30225,1.3028,2.80,1.60
2010.03.15 13:17:07.040,1.30225,1.30275,1.60,3.20
2010.03.15 13:17:08.631,1.3023,1.30275,1.00,3.20
2010.03.15 13:17:08.908,1.30235,1.30275,1.60,1.60
2010.03.15 13:17:15.452,1.30235,1.30285,3.20,1.00
2010.03.15 13:17:15.962,1.30235,1.30295,3.20,2.30
2010.03.15 13:17:16.309,1.30245,1.30295,1.60,1.00
2010.03.15 13:17:16.660,1.30245,1.3029,1.60,1.00
2010.03.15 13:17:17.978,1.30245,1.3029,1.60,1.00
2010.03.15 13:17:18.567,1.30245,1.3029,1.60,1.00
2010.03.15 13:17:19.200,1.30235,1.3029,1.60,2.40
2010.03.15 13:17:19.546,1.30245,1.3029,1.60,2.40
2010.03.15 13:17:19.885,1.30235,1.3029,1.60,2.40
2010.03.15 13:17:21.438,1.30235,1.30285,1.60,1.00
2010.03.15 13:17:21.545,1.30235,1.30275,1.60,1.60
2010.03.15 13:17:22.628,1.30235,1.30295,1.60,2.40
2010.03.15 13:17:22.977,1.30235,1.3028,1.60,1.60
2010.03.15 13:17:23.328,1.30235,1.30295,1.60,2.40
2010.03.15 13:17:23.832,1.30235,1.30295,1.60,2.40
2010.03.15 13:17:24.595,1.30235,1.3029,1.60,1.60
2010.03.15 13:17:25.448,1.30235,1.30285,1.60,1.00
2010.03.15 13:17:25.741,1.30235,1.3029,1.60,1.60
2010.03.15 13:17:27.264,1.30245,1.3029,1.60,1.60
2010.03.15 13:17:27.774,1.30245,1.30295,1.60,1.00
2010.03.15 13:17:28.160,1.30245,1.3029,1.60,1.00
2010.03.15 13:17:28.335,1.30245,1.30295,1.60,1.00
2010.03.15 13:17:29.476,1.30245,1.30295,1.60,1.00
2010.03.15 13:17:29.827,1.30245,1.3029,1.60,1.60
2010.03.15 13:17:30.171,1.30235,1.3029,1.60,2.80
2010.03.15 13:17:31.631,1.30235,1.30295,1.60,5.60
2010.03.15 13:17:31.944,1.30235,1.30295,1.60,1.60
2010.03.15 13:17:32.222,1.30235,1.30295,1.60,1.00
2010.03.15 13:17:32.494,1.30245,1.30295,1.60,1.00
2010.03.15 13:17:32.775,1.30235,1.3029,1.60,1.00
2010.03.15 13:17:33.058,1.30245,1.3029,1.60,1.20
2010.03.15 13:17:33.565,1.30235,1.30295,1.60,1.00
2010.03.15 13:17:33.914,1.30245,1.30295,1.60,1.00
2010.03.15 13:17:34.267,1.30245,1.3029,1.60,1.00
2010.03.15 13:17:34.489,1.30235,1.3029,5.20,1.60
2010.03.15 13:17:34.707,1.30245,1.3029,1.60,1.60
2010.03.15 13:17:39.141,1.30245,1.3029,1.60,1.60
2010.03.15 13:17:40.105,1.30245,1.3029,1.60,1.60
2010.03.15 13:17:48.252,1.30245,1.30295,1.60,1.00
2010.03.15 13:17:48.511,1.30245,1.3029,1.60,1.60
2010.03.15 13:17:48.837,1.30245,1.3029,1.60,1.60
2010.03.15 13:17:50.403,1.30245,1.3029,1.60,1.60
2010.03.15 13:18:00.108,1.3025,1.3029,1.00,1.60
2010.03.15 13:18:00.216,1.30245,1.3029,1.60,1.60
2010.03.15 13:18:05.613,1.30245,1.30295,1.60,1.00
2010.03.15 13:18:05.950,1.30245,1.303,1.60,2.40
2010.03.15 13:18:10.361,1.30245,1.303,1.00,2.40
2010.03.15 13:18:10.695,1.30235,1.30295,4.40,1.00
2010.03.15 13:18:10.899,1.3024,1.3029,1.00,1.60
2010.03.15 13:18:12.169,1.30235,1.3029,2.80,1.60
2010.03.15 13:18:15.502,1.30245,1.30295,1.60,1.60
2010.03.15 13:18:15.984,1.30245,1.30295,2.80,1.00
2010.03.15 13:18:16.554,1.3024,1.30295,1.20,1.00
2010.03.15 13:18:16.893,1.30245,1.303,1.60,3.20
2010.03.15 13:18:17.224,1.30245,1.30305,1.60,9.20
2010.03.15 13:18:17.565,1.3025,1.30305,1.00,9.20
2010.03.15 13:18:18.160,1.3024,1.30305,4.40,9.20
2010.03.15 13:18:19.298,1.30245,1.30295,1.70,1.60
2010.03.15 13:18:19.801,1.30245,1.3031,1.70,9.20
2010.03.15 13:18:20.133,1.30245,1.30295,1.70,1.60
2010.03.15 13:18:20.463,1.3025,1.30295,1.60,1.60
2010.03.15 13:18:20.793,1.3025,1.3031,1.00,1.00
2010.03.15 13:18:22.337,1.30245,1.30295,2.80,1.00
2010.03.15 13:18:22.664,1.30245,1.30305,2.80,1.00
2010.03.15 13:18:22.812,1.30245,1.30305,2.80,1.00
2010.03.15 13:18:27.419,1.3025,1.30305,1.20,1.00
2010.03.15 13:18:27.940,1.3025,1.30295,1.20,1.00
2010.03.15 13:18:28.201,1.30245,1.30305,2.80,1.00
2010.03.15 13:18:28.461,1.30245,1.30295,2.80,1.00
2010.03.15 13:18:28.844,1.3024,1.30295,4.40,1.00
2010.03.15 13:18:29.411,1.3025,1.30295,1.60,1.00
2010.03.15 13:18:30.463,1.3025,1.30295,1.60,1.60
2010.03.15 13:18:30.620,1.3024,1.30295,4.40,1.00
2010.03.15 13:18:31.798,1.3024,1.30295,4.50,1.00
2010.03.15 13:18:31.982,1.30245,1.30295,4.40,1.00
2010.03.15 13:18:32.160,1.3024,1.30295,4.40,1.00
2010.03.15 13:18:32.340,1.3025,1.30295,1.60,1.00
2010.03.15 13:18:33.233,1.30255,1.303,2.80,1.00
2010.03.15 13:18:33.645,1.30245,1.30295,1.60,1.00
2010.03.15 13:18:34.469,1.30255,1.30295,1.60,1.00
2010.03.15 13:18:35.161,1.30245,1.30295,1.60,1.00
2010.03.15 13:18:36.500,1.30255,1.30295,1.60,1.00
2010.03.15 13:18:37.101,1.30245,1.30295,1.60,1.00
2010.03.15 13:18:37.451,1.30255,1.303,1.60,1.00
2010.03.15 13:18:37.799,1.30255,1.303,2.80,1.00
2010.03.15 13:18:42.722,1.30255,1.3031,2.80,4.00
2010.03.15 13:18:42.825,1.3025,1.3031,2.90,2.40
2010.03.15 13:18:43.933,1.3025,1.3031,2.90,1.60
2010.03.15 13:18:44.613,1.3026,1.3031,1.60,1.60
2010.03.15 13:18:46.654,1.3026,1.303,1.60,1.00
2010.03.15 13:18:46.996,1.30265,1.3031,1.60,1.00
2010.03.15 13:18:48.371,1.30265,1.303,1.60,1.00
2010.03.15 13:18:48.708,1.30265,1.3031,1.60,1.20
2010.03.15 13:18:49.045,1.3026,1.3031,1.60,1.00
2010.03.15 13:18:53.571,1.30265,1.30315,1.60,1.00
2010.03.15 13:18:54.451,1.3026,1.3031,1.60,1.00
2010.03.15 13:18:54.738,1.3026,1.30305,4.40,1.00
2010.03.15 13:18:55.345,1.3026,1.30315,4.40,1.00
2010.03.15 13:18:59.512,1.30265,1.30305,1.60,1.00
2010.03.15 13:18:59.701,1.30255,1.30305,4.40,1.00
2010.03.15 13:18:59.895,1.3026,1.30315,4.40,4.00
2010.03.15 13:19:00.186,1.30265,1.30315,2.80,1.00
2010.03.15 13:19:03.579,1.3026,1.30315,6.00,1.00
2010.03.15 13:19:03.690,1.30255,1.30315,12.40,1.00
2010.03.15 13:19:03.803,1.30255,1.30315,4.40,1.00
2010.03.15 13:19:04.239,1.3026,1.30315,1.20,4.00
2010.03.15 13:19:04.350,1.3026,1.30315,1.20,1.00
2010.03.15 13:19:04.463,1.30265,1.3031,1.20,1.00
2010.03.15 13:19:04.571,1.30265,1.3031,2.80,1.00
2010.03.15 13:19:04.959,1.30265,1.3031,1.60,1.00
2010.03.15 13:19:05.245,1.30255,1.3031,4.40,1.00
2010.03.15 13:19:08.249,1.3026,1.3031,1.20,1.00
2010.03.15 13:19:08.404,1.3026,1.3031,2.90,1.00
2010.03.15 13:19:08.551,1.30265,1.3031,4.40,1.00
2010.03.15 13:19:08.858,1.3026,1.3031,1.60,1.00
2010.03.15 13:19:09.207,1.30265,1.30315,2.80,1.00
2010.03.15 13:19:09.555,1.30265,1.3031,4.40,1.00
2010.03.15 13:19:09.904,1.3026,1.3031,4.40,1.00
2010.03.15 13:19:11.170,1.3026,1.3031,2.80,1.00
2010.03.15 13:19:11.400,1.3026,1.3031,2.80,1.00
2010.03.15 13:19:11.521,1.3026,1.3031,1.60,1.00
2010.03.15 13:19:11.640,1.3026,1.30315,1.70,2.30
2010.03.15 13:19:11.759,1.3026,1.3031,2.90,1.00
2010.03.15 13:19:12.639,1.3026,1.3031,2.80,1.00
2010.03.15 13:19:12.981,1.3026,1.3031,1.60,1.00
2010.03.15 13:19:13.339,1.3026,1.3031,2.80,1.00
2010.03.15 13:19:13.881,1.3026,1.3031,1.60,1.00
2010.03.15 13:19:23.290,1.30265,1.3031,2.80,1.00
2010.03.15 13:19:25.360,1.3026,1.3031,1.20,1.00
2010.03.15 13:19:25.433,1.3026,1.30305,1.20,1.00
2010.03.15 13:19:25.912,1.3025,1.3031,2.80,3.20
2010.03.15 13:19:26.260,1.30255,1.30315,1.30,11.20
2010.03.15 13:19:26.611,1.3025,1.30315,3.30,1.00
2010.03.15 13:19:26.959,1.3025,1.30315,3.20,4.80
2010.03.15 13:19:27.304,1.3025,1.30315,3.20,6.40
2010.03.15 13:19:27.645,1.3025,1.30315,3.20,8.00
2010.03.15 13:19:27.785,1.3025,1.30315,3.20,6.40
2010.03.15 13:19:27.925,1.3025,1.30315,3.20,2.20
2010.03.15 13:19:30.355,1.30255,1.30315,1.60,2.40
2010.03.15 13:19:30.567,1.30255,1.30315,2.80,2.40
2010.03.15 13:19:30.889,1.30255,1.30315,2.80,1.00
2010.03.15 13:19:31.603,1.30255,1.30315,2.80,2.40
2010.03.15 13:19:37.990,1.3026,1.30315,1.20,1.00
2010.03.15 13:19:40.459,1.3026,1.30315,1.20,2.40
2010.03.15 13:19:40.558,1.3026,1.30315,1.20,4.00
2010.03.15 13:19:40.659,1.3026,1.3031,1.20,1.00
2010.03.15 13:19:40.855,1.30255,1.3031,1.60,1.00
2010.03.15 13:19:41.794,1.30255,1.30305,1.60,1.00
2010.03.15 13:19:42.148,1.30255,1.30305,1.60,1.00
2010.03.15 13:19:42.455,1.30255,1.303,1.60,1.00
2010.03.15 13:19:42.821,1.30255,1.30305,1.60,1.00
2010.03.15 13:19:45.142,1.30265,1.30305,1.60,1.00
2010.03.15 13:19:45.663,1.3027,1.3031,2.80,1.00
2010.03.15 13:19:46.014,1.3027,1.3031,6.00,1.00
2010.03.15 13:19:46.364,1.3026,1.30305,5.60,1.00
2010.03.15 13:19:47.186,1.3026,1.30305,12.40,1.00
2010.03.15 13:19:47.535,1.3026,1.30305,10.80,1.00
2010.03.15 13:19:48.234,1.3026,1.30305,2.80,1.00
2010.03.15 13:19:49.600,1.30265,1.30305,1.20,1.00
2010.03.15 13:19:49.942,1.3026,1.30305,1.20,1.00
2010.03.15 13:19:52.022,1.3026,1.30305,1.20,1.00
2010.03.15 13:19:52.384,1.3027,1.30315,1.20,1.00
2010.03.15 13:19:53.116,1.30255,1.30305,2.80,1.00
2010.03.15 13:19:53.467,1.3026,1.30305,2.80,1.00
2010.03.15 13:19:53.811,1.3025,1.303,9.20,1.00
2010.03.15 13:19:54.163,1.3026,1.303,1.60,1.00
2010.03.15 13:19:54.916,1.3025,1.303,4.40,1.00
2010.03.15 13:19:55.889,1.3025,1.30305,4.40,1.00
2010.03.15 13:19:56.109,1.3025,1.303,4.40,1.00
2010.03.15 13:19:57.482,1.30245,1.30305,2.80,1.00
2010.03.15 13:19:57.838,1.3025,1.303,2.80,1.00
2010.03.15 13:19:58.549,1.3024,1.30305,4.40,1.00
2010.03.15 13:19:59.181,1.3025,1.303,1.60,1.00
2010.03.15 13:19:59.532,1.3024,1.30295,14.00,1.00
2010.03.15 13:19:59.881,1.3024,1.30295,4.40,1.00
2010.03.15 13:20:00.741,1.30245,1.30305,2.80,1.00
2010.03.15 13:20:01.789,1.30255,1.30305,1.60,1.00
2010.03.15 13:20:01.919,1.30255,1.303,1.60,1.00
2010.03.15 13:20:02.296,1.30255,1.30305,1.60,1.00
2010.03.15 13:20:02.651,1.30245,1.303,1.60,1.60
2010.03.15 13:20:03.157,1.30245,1.303,1.60,1.60
2010.03.15 13:20:03.507,1.30245,1.30305,2.80,3.20
2010.03.15 13:20:03.860,1.3024,1.303,3.20,1.00
2010.03.15 13:20:04.210,1.30235,1.30295,3.30,1.20
2010.03.15 13:20:04.561,1.3024,1.30295,1.70,1.00
2010.03.15 13:20:06.408,1.3024,1.30295,1.70,1.60
2010.03.15 13:20:08.044,1.30245,1.30295,1.60,1.00
2010.03.15 13:20:08.275,1.30255,1.30295,1.60,1.00
2010.03.15 13:20:08.505,1.3025,1.303,1.00,2.80
2010.03.15 13:20:08.736,1.30245,1.30305,2.80,1.60
2010.03.15 13:20:09.087,1.3024,1.30305,2.80,1.60
2010.03.15 13:20:13.236,1.30245,1.30305,1.20,1.70
2010.03.15 13:20:13.365,1.3025,1.30305,1.20,3.20
2010.03.15 13:20:13.644,1.3025,1.30305,1.20,1.60
2010.03.15 13:20:14.324,1.3024,1.30305,2.80,1.60
2010.03.15 13:20:14.781,1.30245,1.30305,1.20,1.60
2010.03.15 13:20:18.513,1.3025,1.303,1.20,1.00
2010.03.15 13:20:19.170,1.30255,1.303,1.60,1.00
2010.03.15 13:20:19.515,1.30255,1.303,2.80,1.00
2010.03.15 13:20:19.867,1.30255,1.303,1.20,1.00
2010.03.15 13:20:20.224,1.30255,1.30305,1.20,1.00
2010.03.15 13:20:20.575,1.3024,1.30305,4.50,1.00
2010.03.15 13:20:21.335,1.30245,1.3031,4.50,3.20
2010.03.15 13:20:21.984,1.30255,1.30315,1.30,4.00
2010.03.15 13:20:22.326,1.30255,1.30305,1.20,1.00
2010.03.15 13:20:22.665,1.30245,1.30305,1.60,1.00
2010.03.15 13:20:23.161,1.3024,1.30305,12.40,1.00
2010.03.15 13:20:23.356,1.3025,1.3031,1.30,3.20
2010.03.15 13:20:23.705,1.3025,1.303,1.20,1.00
2010.03.15 13:20:24.057,1.30245,1.30305,4.50,3.20
2010.03.15 13:20:25.083,1.3025,1.303,1.20,1.00
2010.03.15 13:20:26.025,1.3025,1.303,1.20,1.60
2010.03.15 13:20:26.322,1.30255,1.30305,1.00,4.80
2010.03.15 13:20:26.777,1.3024,1.30305,1.30,4.80
2010.03.15 13:20:26.912,1.3023,1.303,4.40,3.20
2010.03.15 13:20:27.213,1.3024,1.303,1.00,1.60
2010.03.15 13:20:27.543,1.30235,1.30305,4.40,1.60
2010.03.15 13:20:28.287,1.30235,1.30305,12.40,3.20
2010.03.15 13:20:28.611,1.3024,1.30305,2.80,1.60
2010.03.15 13:20:28.944,1.3024,1.30305,6.80,1.60
2010.03.15 13:20:29.273,1.30245,1.30315,12.00,4.00
2010.03.15 13:20:29.623,1.3025,1.30305,2.80,1.00
2010.03.15 13:20:30.511,1.30245,1.30305,4.40,1.00
2010.03.15 13:20:32.230,1.3025,1.30295,1.20,1.00
2010.03.15 13:20:32.381,1.30245,1.30295,1.20,1.00
2010.03.15 13:20:33.496,1.30245,1.303,2.80,1.60
2010.03.15 13:20:33.781,1.3025,1.303,1.20,1.60
2010.03.15 13:20:34.072,1.3025,1.30305,1.20,3.20
2010.03.15 13:20:35.700,1.30235,1.30305,12.40,4.00
2010.03.15 13:20:35.947,1.30245,1.30305,2.80,4.00
2010.03.15 13:20:36.297,1.3025,1.30305,5.20,1.00
2010.03.15 13:20:36.749,1.30245,1.30305,8.40,1.00
2010.03.15 13:20:37.109,1.30245,1.30305,4.40,1.00
2010.03.15 13:20:38.063,1.3026,1.30305,1.60,1.00
2010.03.15 13:20:38.344,1.30265,1.3031,1.60,1.00
2010.03.15 13:20:38.619,1.30255,1.303,4.40,1.00
2010.03.15 13:20:38.891,1.30255,1.303,1.60,1.00
2010.03.15 13:20:39.370,1.30255,1.30305,1.60,1.00
2010.03.15 13:20:39.703,1.3024,1.30305,4.40,1.00
2010.03.15 13:20:40.371,1.3024,1.30305,2.80,1.60
2010.03.15 13:20:40.723,1.3023,1.303,4.50,3.20
2010.03.15 13:20:41.072,1.3023,1.303,12.40,3.20
2010.03.15 13:20:41.301,1.3023,1.30305,12.40,3.80
2010.03.15 13:20:41.530,1.3023,1.30305,12.40,3.80
2010.03.15 13:20:42.051,1.3023,1.30305,12.40,3.20
2010.03.15 13:20:43.317,1.30245,1.30305,2.80,3.20
2010.03.15 13:20:43.573,1.3024,1.30295,1.20,1.00
2010.03.15 13:20:43.799,1.3025,1.30295,1.00,1.00
2010.03.15 13:20:44.035,1.30255,1.303,1.60,3.20
2010.03.15 13:20:44.270,1.30255,1.303,1.20,1.00
2010.03.15 13:20:44.620,1.3025,1.303,2.00,3.20
2010.03.15 13:20:46.433,1.3025,1.303,1.20,1.00
2010.03.15 13:20:46.689,1.30255,1.303,5.20,1.00
2010.03.15 13:20:46.966,1.30255,1.30305,1.20,1.00
2010.03.15 13:20:47.228,1.3023,1.303,4.40,3.20
2010.03.15 13:20:47.820,1.30235,1.303,2.80,3.20
2010.03.15 13:20:48.175,1.3023,1.30295,2.80,3.20
2010.03.15 13:20:48.535,1.30235,1.3029,2.80,1.60
2010.03.15 13:20:50.138,1.3023,1.30285,2.80,1.60
2010.03.15 13:20:51.238,1.30235,1.30285,1.00,1.60
2010.03.15 13:20:51.486,1.30235,1.30285,2.80,1.60
2010.03.15 13:20:51.722,1.30235,1.30285,2.80,1.60
2010.03.15 13:20:52.038,1.30235,1.30285,1.60,1.60
2010.03.15 13:20:53.161,1.30235,1.3028,1.60,3.20
2010.03.15 13:20:53.510,1.3024,1.30285,1.20,1.00
2010.03.15 13:20:53.860,1.3023,1.3029,1.20,1.60
2010.03.15 13:20:54.211,1.3023,1.3029,1.00,1.60
2010.03.15 13:20:55.343,1.30235,1.3029,1.60,1.60
2010.03.15 13:20:58.292,1.30235,1.30295,1.60,2.40
2010.03.15 13:20:58.467,1.30235,1.30295,3.20,2.40
2010.03.15 13:20:58.930,1.30235,1.30295,3.20,1.00
2010.03.15 13:21:04.008,1.30235,1.30295,3.20,1.00
2010.03.15 13:21:05.234,1.30245,1.303,1.60,2.90
2010.03.15 13:21:05.537,1.30245,1.30295,2.80,1.00
2010.03.15 13:21:05.909,1.3024,1.30285,1.60,1.00
2010.03.15 13:21:06.068,1.30245,1.30295,1.20,4.80
2010.03.15 13:21:06.215,1.30255,1.30295,1.60,1.60
2010.03.15 13:21:06.423,1.30255,1.3029,1.60,1.00
2010.03.15 13:21:06.782,1.30245,1.30295,4.40,1.60
2010.03.15 13:21:07.126,1.30245,1.30295,2.80,3.20
2010.03.15 13:21:07.473,1.30245,1.30295,4.40,1.60
2010.03.15 13:21:07.974,1.30245,1.3029,3.20,1.00
2010.03.15 13:21:11.590,1.30255,1.3029,1.60,1.00
2010.03.15 13:21:11.920,1.30245,1.3029,3.20,1.00
2010.03.15 13:21:12.977,1.30255,1.3029,1.60,1.00
2010.03.15 13:21:13.326,1.30255,1.303,1.60,3.20
2010.03.15 13:21:14.601,1.3025,1.3029,1.20,1.00
2010.03.15 13:21:15.623,1.3025,1.303,1.20,3.20
2010.03.15 13:21:15.939,1.30255,1.303,2.80,1.00
2010.03.15 13:21:16.046,1.30255,1.303,1.60,1.00
2010.03.15 13:21:16.152,1.3025,1.303,1.20,1.00
2010.03.15 13:21:16.498,1.3025,1.303,1.20,1.60
2010.03.15 13:21:17.188,1.3025,1.303,1.20,1.00
2010.03.15 13:21:17.530,1.3025,1.303,1.20,3.20
2010.03.15 13:21:18.839,1.3025,1.3029,1.20,1.00
2010.03.15 13:21:19.842,1.30255,1.30295,1.60,1.00
2010.03.15 13:21:20.071,1.30255,1.30295,4.40,1.00
2010.03.15 13:21:20.422,1.30255,1.3029,1.60,1.00
2010.03.15 13:21:20.774,1.30255,1.303,1.60,1.00
2010.03.15 13:21:21.119,1.30255,1.303,1.20,1.00
2010.03.15 13:21:21.359,1.3025,1.303,1.20,1.00
2010.03.15 13:21:21.831,1.3025,1.3029,1.20,1.00
2010.03.15 13:21:22.072,1.3025,1.30295,1.20,1.00
2010.03.15 13:21:22.428,1.3024,1.303,1.20,3.20
2010.03.15 13:21:22.778,1.3024,1.30305,2.80,10.80
2010.03.15 13:21:23.211,1.30235,1.30305,5.20,2.80
2010.03.15 13:21:23.795,1.3025,1.30305,4.40,1.60
2010.03.15 13:21:24.089,1.3025,1.3031,4.40,1.60
2010.03.15 13:21:24.385,1.3025,1.3031,4.40,1.00
2010.03.15 13:21:24.648,1.3025,1.3031,4.40,1.00
2010.03.15 13:21:24.903,1.3026,1.3031,4.40,1.60
2010.03.15 13:21:25.577,1.30255,1.3031,4.40,1.60
2010.03.15 13:21:25.748,1.30255,1.3031,1.60,1.60
2010.03.15 13:21:26.001,1.30255,1.30305,1.60,1.60
2010.03.15 13:21:26.185,1.3026,1.3031,1.20,3.20
2010.03.15 13:21:26.359,1.3026,1.3031,1.20,3.20
2010.03.15 13:21:26.561,1.30255,1.3031,1.60,1.60
2010.03.15 13:21:26.924,1.30265,1.3031,1.60,3.20
2010.03.15 13:21:27.273,1.30255,1.3031,1.60,3.20
2010.03.15 13:21:30.783,1.30255,1.30315,2.80,3.20
2010.03.15 13:21:30.898,1.3025,1.3031,4.40,1.00
2010.03.15 13:21:31.025,1.30255,1.3031,8.40,1.00
2010.03.15 13:21:31.311,1.3026,1.3031,4.40,1.00
2010.03.15 13:21:31.696,1.3026,1.303,4.40,1.00
2010.03.15 13:21:32.187,1.3025,1.30305,4.40,1.00
2010.03.15 13:21:32.553,1.3026,1.30305,2.80,1.00
2010.03.15 13:21:33.422,1.3025,1.3031,4.40,1.00
2010.03.15 13:21:33.769,1.3025,1.30305,4.40,1.00
2010.03.15 13:21:34.118,1.3026,1.3031,1.60,1.00
2010.03.15 13:21:34.467,1.3025,1.30305,4.40,1.00
2010.03.15 13:21:34.816,1.3025,1.3031,3.20,1.00
2010.03.15 13:21:35.655,1.30245,1.30315,4.40,2.40
2010.03.15 13:21:36.486,1.3025,1.30305,2.80,1.00
2010.03.15 13:21:36.719,1.30245,1.3031,4.40,1.20
2010.03.15 13:21:38.329,1.3024,1.3031,13.20,2.80
2010.03.15 13:21:38.766,1.30245,1.3031,1.60,2.80
2010.03.15 13:21:38.895,1.3024,1.3031,2.40,2.80
2010.03.15 13:21:39.244,1.3024,1.3031,2.30,2.80
2010.03.15 13:21:39.780,1.30245,1.3031,2.80,2.80
2010.03.15 13:21:40.465,1.30245,1.30305,2.80,1.00
2010.03.15 13:21:40.977,1.30245,1.3031,2.80,2.80
2010.03.15 13:21:42.633,1.30245,1.30305,4.40,1.00
2010.03.15 13:21:43.391,1.3024,1.3031,5.20,2.80
2010.03.15 13:21:43.722,1.3024,1.30305,9.20,1.00
2010.03.15 13:21:44.154,1.3024,1.30305,3.60,1.00
2010.03.15 13:21:45.240,1.3024,1.30305,5.20,1.00
2010.03.15 13:21:45.736,1.30245,1.3031,4.50,2.80
2010.03.15 13:21:46.128,1.30255,1.303,2.80,1.00
2010.03.15 13:21:47.067,1.30255,1.3032,4.40,2.40
2010.03.15 13:21:47.425,1.3025,1.30305,1.60,1.00
2010.03.15 13:21:47.778,1.3024,1.30315,4.00,2.80
2010.03.15 13:21:48.302,1.3024,1.30315,12.00,1.60
2010.03.15 13:21:48.649,1.3024,1.303,9.20,1.00
2010.03.15 13:21:49.001,1.30245,1.30305,3.30,1.20
2010.03.15 13:21:49.526,1.3025,1.303,1.60,1.60
2010.03.15 13:21:49.877,1.3024,1.303,5.10,1.60
2010.03.15 13:21:50.228,1.3025,1.3031,2.80,1.00
2010.03.15 13:21:50.412,1.30245,1.3031,2.80,1.00
2010.03.15 13:21:50.593,1.3024,1.30305,6.10,1.60
2010.03.15 13:21:50.867,1.30235,1.30305,9.60,1.60
2010.03.15 13:21:51.065,1.30245,1.3031,1.60,2.80
2010.03.15 13:21:51.250,1.3025,1.3031,1.60,2.80
2010.03.15 13:21:51.571,1.3025,1.303,1.60,1.00
2010.03.15 13:21:51.889,1.3025,1.3031,1.70,1.20
2010.03.15 13:21:52.211,1.30255,1.3031,2.80,1.00
2010.03.15 13:21:54.540,1.3026,1.30315,1.20,2.40
2010.03.15 13:21:54.692,1.30255,1.3031,2.80,1.00
2010.03.15 13:21:54.852,1.3025,1.3031,12.40,1.00
2010.03.15 13:21:55.013,1.30255,1.30315,2.80,4.00
2010.03.15 13:21:55.172,1.30255,1.30315,2.80,3.90
2010.03.15 13:21:55.331,1.30255,1.3031,2.80,1.00
2010.03.15 13:21:56.819,1.3025,1.3031,4.40,1.00
2010.03.15 13:21:57.179,1.3026,1.3031,2.80,1.00
2010.03.15 13:21:57.583,1.3026,1.3031,1.60,1.00
2010.03.15 13:21:57.909,1.3025,1.303,4.40,1.00
2010.03.15 13:21:58.685,1.3026,1.3031,1.20,1.00
2010.03.15 13:21:59.032,1.30255,1.3031,1.60,1.00
2010.03.15 13:22:01.113,1.30255,1.303,1.60,1.00
2010.03.15 13:22:01.631,1.3026,1.303,1.20,1.00
2010.03.15 13:22:01.870,1.30255,1.303,1.60,1.00
2010.03.15 13:22:02.240,1.30255,1.30305,4.40,1.00
2010.03.15 13:22:02.583,1.3025,1.30305,4.40,1.00
2010.03.15 13:22:04.367,1.30255,1.3031,1.70,1.00
2010.03.15 13:22:07.559,1.30255,1.30305,1.60,1.20
2010.03.15 13:22:07.911,1.30245,1.30305,3.30,1.60
2010.03.15 13:22:08.260,1.3025,1.3031,3.20,1.60
2010.03.15 13:22:08.607,1.30245,1.3031,4.40,1.60
2010.03.15 13:22:10.735,1.3025,1.3031,1.70,1.20
2010.03.15 13:22:11.002,1.3025,1.30315,2.90,2.40
2010.03.15 13:22:11.432,1.3025,1.30305,2.80,1.60
2010.03.15 13:22:17.998,1.30255,1.30305,1.20,1.60
2010.03.15 13:22:18.355,1.30245,1.3031,2.90,4.40
2010.03.15 13:22:18.871,1.30245,1.30305,1.70,1.20
2010.03.15 13:22:19.237,1.30255,1.30315,1.20,1.00
2010.03.15 13:22:19.586,1.30255,1.30315,1.20,2.40
2010.03.15 13:22:19.930,1.30245,1.30305,1.00,1.60
2010.03.15 13:22:20.276,1.3025,1.30305,1.20,1.60
2010.03.15 13:22:27.983,1.3026,1.30305,1.20,1.60
2010.03.15 13:22:28.224,1.30255,1.30305,1.20,4.80
2010.03.15 13:22:28.467,1.30235,1.30305,1.30,4.80
2010.03.15 13:22:28.708,1.3023,1.30305,13.20,1.60
2010.03.15 13:22:28.952,1.3023,1.30305,13.20,3.20
2010.03.15 13:22:29.191,1.3023,1.30305,13.20,4.80
2010.03.15 13:22:30.232,1.30235,1.303,13.20,1.60
2010.03.15 13:22:32.017,1.30235,1.30305,13.20,4.80
2010.03.15 13:22:32.413,1.30235,1.30315,11.60,6.80
2010.03.15 13:22:32.709,1.30235,1.30305,11.60,1.60
2010.03.15 13:22:33.006,1.30235,1.3031,13.20,3.20
2010.03.15 13:22:34.286,1.3024,1.3031,10.80,3.20
2010.03.15 13:22:35.946,1.30245,1.3031,10.10,3.20
2010.03.15 13:22:36.125,1.3025,1.30315,1.30,5.60
2010.03.15 13:22:36.304,1.30245,1.30305,12.40,1.60
2010.03.15 13:22:36.487,1.30255,1.30305,1.30,1.60
2010.03.15 13:22:36.751,1.30255,1.30315,1.30,4.00
2010.03.15 13:22:37.011,1.30255,1.30315,2.80,5.60
2010.03.15 13:22:38.139,1.3026,1.30315,1.00,4.00
2010.03.15 13:22:38.473,1.3025,1.30305,2.80,1.60
2010.03.15 13:22:45.822,1.30265,1.30305,1.20,1.00
2010.03.15 13:22:46.035,1.3025,1.3031,10.80,1.00
2010.03.15 13:22:46.309,1.3025,1.3031,2.80,1.00
2010.03.15 13:22:47.942,1.3025,1.30315,2.80,5.70
2010.03.15 13:22:48.178,1.30245,1.3031,4.40,1.20
2010.03.15 13:22:48.418,1.30245,1.30305,4.40,1.60
2010.03.15 13:22:48.597,1.3025,1.30305,2.80,1.60
2010.03.15 13:22:53.846,1.3025,1.303,1.20,1.00
2010.03.15 13:22:54.137,1.30255,1.30305,1.20,1.60
2010.03.15 13:22:54.435,1.30255,1.30305,1.30,1.60
2010.03.15 13:22:56.360,1.3025,1.30305,1.30,1.60
2010.03.15 13:22:56.610,1.30255,1.30305,1.00,1.60
2010.03.15 13:22:56.741,1.3025,1.30305,1.30,1.60
2010.03.15 13:22:56.865,1.3025,1.3031,1.30,3.20
2010.03.15 13:22:57.438,1.3025,1.3031,2.80,1.60
2010.03.15 13:22:57.793,1.30255,1.3031,2.90,1.60
2010.03.15 13:23:01.054,1.3026,1.30305,1.00,1.60
2010.03.15 13:23:01.489,1.3025,1.30305,2.80,1.60
2010.03.15 13:23:01.731,1.30245,1.30305,14.00,1.60
2010.03.15 13:23:04.422,1.3026,1.30305,1.00,1.60
2010.03.15 13:23:12.872,1.30255,1.30305,1.00,2.80
2010.03.15 13:23:13.482,1.30245,1.30305,10.00,1.60
2010.03.15 13:23:23.897,1.30255,1.30305,1.60,1.00
2010.03.15 13:23:24.116,1.3025,1.30305,8.40,1.60
2010.03.15 13:23:24.501,1.3025,1.30305,1.70,1.60
2010.03.15 13:23:25.742,1.3025,1.303,1.60,1.00
2010.03.15 13:23:25.959,1.3024,1.303,14.10,1.00
2010.03.15 13:23:26.166,1.30245,1.30305,6.10,1.60
2010.03.15 13:23:26.373,1.3024,1.303,14.10,1.00
2010.03.15 13:23:26.569,1.3024,1.303,10.00,1.00
2010.03.15 13:23:26.922,1.30245,1.30305,3.20,4.80
2010.03.15 13:23:27.274,1.30245,1.303,3.20,1.20
2010.03.15 13:23:27.621,1.30245,1.303,3.20,1.00
2010.03.15 13:23:28.354,1.3025,1.30305,1.00,2.80
2010.03.15 13:23:28.648,1.30245,1.303,3.20,1.00
2010.03.15 13:23:31.586,1.30255,1.303,1.60,1.00
2010.03.15 13:23:31.756,1.30255,1.30305,1.60,1.60
2010.03.15 13:23:34.720,1.3025,1.30305,1.70,1.00
2010.03.15 13:23:34.927,1.3025,1.303,1.60,1.00
2010.03.15 13:23:35.119,1.30245,1.303,4.80,1.00
2010.03.15 13:23:42.420,1.30245,1.303,3.20,1.00
2010.03.15 13:23:42.903,1.3024,1.30295,5.20,1.00
2010.03.15 13:23:43.296,1.30235,1.30295,3.20,1.60
2010.03.15 13:23:46.060,1.30245,1.30295,1.60,1.00
2010.03.15 13:23:46.154,1.30245,1.303,1.60,2.80
2010.03.15 13:23:46.181,1.30245,1.303,1.60,1.20
2010.03.15 13:23:46.610,1.30245,1.30305,1.60,4.80
2010.03.15 13:23:47.262,1.3024,1.303,3.20,1.20
2010.03.15 13:23:52.010,1.30245,1.303,1.60,2.80
2010.03.15 13:23:52.341,1.3024,1.30295,1.00,1.60
2010.03.15 13:23:52.687,1.30235,1.3029,3.20,1.20
2010.03.15 13:23:53.754,1.30245,1.303,1.60,1.20
2010.03.15 13:23:54.202,1.30245,1.30305,1.60,4.80
2010.03.15 13:23:54.435,1.3024,1.303,1.70,1.20
2010.03.15 13:23:55.161,1.30235,1.303,7.30,1.20
2010.03.15 13:23:56.710,1.30235,1.303,7.30,2.80
2010.03.15 13:24:00.687,1.30245,1.303,1.60,2.80
2010.03.15 13:24:04.285,1.30245,1.303,1.60,1.20
2010.03.15 13:24:06.601,1.30255,1.30305,1.60,1.60
2010.03.15 13:24:06.657,1.3025,1.30305,1.60,1.00
2010.03.15 13:24:12.399,1.30255,1.3031,2.80,4.00
2010.03.15 13:24:12.498,1.3026,1.3031,1.60,1.00
2010.03.15 13:24:22.315,1.30265,1.3032,1.60,2.00
2010.03.15 13:24:23.737,1.3026,1.3032,8.80,2.00
2010.03.15 13:24:24.223,1.3026,1.3032,7.20,3.60
2010.03.15 13:24:24.369,1.3026,1.30325,9.60,5.60
2010.03.15 13:24:24.718,1.3026,1.3032,3.20,2.00
2010.03.15 13:24:25.066,1.30255,1.3032,7.20,2.00
2010.03.15 13:24:25.489,1.3026,1.3032,3.20,2.00
2010.03.15 13:24:26.654,1.30265,1.3032,1.60,2.00
2010.03.15 13:24:28.215,1.30265,1.3032,1.60,3.60
2010.03.15 13:24:28.631,1.30265,1.3031,1.60,1.20
2010.03.15 13:24:29.327,1.3025,1.3031,3.20,1.20
2010.03.15 13:24:30.012,1.3026,1.3031,1.60,1.20
2010.03.15 13:24:30.483,1.3026,1.3031,11.20,1.20
2010.03.15 13:24:30.879,1.3026,1.3031,11.20,1.20
2010.03.15 13:24:30.968,1.3027,1.3032,5.60,2.40
2010.03.15 13:24:31.045,1.30265,1.30315,10.80,1.00
2010.03.15 13:24:31.124,1.3027,1.3031,5.60,1.20
2010.03.15 13:24:31.287,1.3027,1.30315,5.60,1.00
2010.03.15 13:24:31.610,1.30265,1.30315,9.60,1.60
2010.03.15 13:24:32.112,1.30265,1.3032,11.20,2.00
2010.03.15 13:24:32.454,1.3026,1.3031,8.80,1.00
2010.03.15 13:24:32.805,1.30255,1.3032,14.00,2.00
2010.03.15 13:24:33.123,1.3026,1.30315,8.80,1.00
2010.03.15 13:24:33.443,1.3026,1.3032,8.80,2.00
2010.03.15 13:24:33.763,1.3027,1.3032,3.20,1.00
2010.03.15 13:24:34.083,1.30265,1.3032,1.60,2.00
2010.03.15 13:24:34.432,1.30265,1.3032,4.40,1.00
2010.03.15 13:24:34.784,1.3026,1.3032,8.80,3.60
2010.03.15 13:24:35.133,1.3026,1.3031,3.20,1.20
2010.03.15 13:24:35.433,1.3026,1.30315,1.60,1.00
2010.03.15 13:24:36.183,1.3025,1.30315,11.20,1.60
2010.03.15 13:24:36.374,1.3026,1.3032,1.60,5.20
2010.03.15 13:24:36.733,1.3026,1.30315,1.60,1.60
2010.03.15 13:24:36.932,1.3025,1.3031,3.20,1.20
2010.03.15 13:24:37.283,1.3026,1.3031,1.00,1.20
2010.03.15 13:24:37.636,1.3026,1.3032,11.20,5.10
2010.03.15 13:24:37.985,1.3026,1.30315,1.70,1.20
2010.03.15 13:24:38.333,1.30255,1.30315,11.20,2.80
2010.03.15 13:24:39.283,1.30255,1.30315,9.70,4.40
2010.03.15 13:24:39.622,1.30265,1.30315,1.00,2.80
2010.03.15 13:24:40.300,1.30265,1.30315,1.70,1.20
2010.03.15 13:24:40.640,1.3026,1.30315,3.30,1.20
2010.03.15 13:24:40.992,1.30255,1.3031,1.70,1.20
2010.03.15 13:24:43.598,1.3026,1.3031,1.60,1.20
2010.03.15 13:24:43.791,1.30265,1.30315,1.00,1.60
2010.03.15 13:24:43.982,1.3026,1.30315,1.70,2.40
2010.03.15 13:24:44.168,1.3026,1.30315,1.70,1.00
2010.03.15 13:24:44.349,1.3026,1.30315,1.70,2.40
2010.03.15 13:24:45.644,1.3026,1.30315,1.70,1.60
2010.03.15 13:24:46.005,1.30255,1.3031,1.70,1.20
2010.03.15 13:24:47.506,1.30265,1.3031,1.00,1.20
2010.03.15 13:24:47.674,1.30265,1.30315,1.70,1.20
2010.03.15 13:24:50.785,1.3027,1.30315,1.60,1.20
2010.03.15 13:24:51.038,1.30265,1.30315,3.20,1.20
2010.03.15 13:24:51.154,1.3026,1.3032,12.80,1.00
2010.03.15 13:24:51.275,1.3026,1.30315,6.00,1.00
2010.03.15 13:24:51.396,1.30265,1.30315,2.90,1.00
2010.03.15 13:24:51.509,1.30265,1.30315,6.80,1.00
2010.03.15 13:24:51.788,1.30265,1.30315,12.40,1.00
2010.03.15 13:24:51.916,1.30265,1.30315,7.20,1.00
2010.03.15 13:24:52.035,1.3027,1.30315,1.60,1.00
2010.03.15 13:24:52.385,1.3028,1.3032,1.60,1.00
2010.03.15 13:24:52.735,1.3027,1.30315,8.00,1.00
2010.03.15 13:24:53.078,1.30265,1.30315,1.60,1.00
2010.03.15 13:24:53.429,1.3026,1.30315,1.00,2.40
2010.03.15 13:24:54.117,1.30265,1.3032,1.60,2.80
2010.03.15 13:24:54.550,1.30265,1.30315,1.00,1.60
2010.03.15 13:24:54.897,1.30265,1.3032,1.60,2.80
2010.03.15 13:24:55.748,1.30265,1.30315,1.00,1.60
2010.03.15 13:24:57.142,1.3026,1.3032,1.00,2.80
2010.03.15 13:24:57.618,1.3026,1.30315,8.00,1.60
2010.03.15 13:24:57.965,1.3024,1.30315,14.80,4.40
2010.03.15 13:24:58.311,1.30245,1.3032,5.10,4.40
2010.03.15 13:24:58.777,1.3025,1.30325,11.60,5.60
2010.03.15 13:24:59.099,1.30255,1.30325,19.60,4.80
2010.03.15 13:25:00.466,1.30255,1.30315,10.80,1.60
2010.03.15 13:25:00.884,1.3025,1.3032,11.60,1.20
2010.03.15 13:25:01.428,1.3025,1.3032,19.60,1.20
2010.03.15 13:25:01.705,1.30255,1.30325,18.00,3.20
2010.03.15 13:25:01.986,1.30255,1.3032,5.20,3.20
2010.03.15 13:25:02.350,1.3025,1.3032,7.60,4.40
2010.03.15 13:25:02.506,1.30255,1.3032,1.30,4.40
2010.03.15 13:25:02.964,1.30255,1.3032,9.20,4.40
2010.03.15 13:25:03.785,1.3026,1.30325,6.80,4.80
2010.03.15 13:25:03.967,1.3026,1.3032,9.60,1.20
2010.03.15 13:25:04.146,1.3026,1.3032,5.60,1.20
2010.03.15 13:25:04.429,1.30255,1.3032,22.80,1.20
2010.03.15 13:25:04.780,1.30255,1.3032,4.40,1.20
2010.03.15 13:25:05.126,1.3025,1.3032,8.40,1.20
2010.03.15 13:25:05.477,1.3025,1.30315,3.60,2.80
2010.03.15 13:25:05.594,1.3025,1.30315,3.70,2.80
2010.03.15 13:25:05.836,1.3025,1.30315,13.20,1.20
2010.03.15 13:25:06.141,1.3025,1.30315,11.70,2.80
2010.03.15 13:25:06.274,1.30255,1.30315,1.60,1.20
2010.03.15 13:25:07.729,1.3025,1.30315,11.70,2.80
2010.03.15 13:25:07.967,1.3025,1.30315,11.70,1.20
2010.03.15 13:25:08.208,1.3025,1.30315,13.20,1.20
2010.03.15 13:25:08.446,1.3025,1.30315,9.20,1.20
2010.03.15 13:25:16.958,1.30255,1.30315,1.60,2.80
2010.03.15 13:25:17.188,1.3025,1.30315,8.40,1.20
2010.03.15 13:25:17.420,1.3026,1.30315,1.00,1.20
2010.03.15 13:25:24.316,1.3026,1.30315,1.60,1.20
2010.03.15 13:25:24.679,1.3026,1.3031,1.60,1.20
2010.03.15 13:25:25.021,1.3026,1.3031,1.70,1.20
2010.03.15 13:25:25.370,1.3027,1.3031,1.00,1.20
2010.03.15 13:25:30.869,1.3027,1.3031,1.00,2.80
2010.03.15 13:25:31.081,1.3027,1.303,1.00,1.20
2010.03.15 13:25:31.489,1.3027,1.30315,1.00,1.20
2010.03.15 13:25:31.670,1.30275,1.3032,1.00,2.80
2010.03.15 13:25:31.923,1.3027,1.30315,1.00,1.20
2010.03.15 13:25:32.639,1.30265,1.30315,1.70,1.20
2010.03.15 13:25:32.989,1.30265,1.30315,1.60,1.20
2010.03.15 13:25:33.339,1.30265,1.30315,3.20,1.20
2010.03.15 13:25:33.689,1.3027,1.30315,1.00,2.80
2010.03.15 13:25:33.927,1.30255,1.30315,7.20,2.80
2010.03.15 13:25:34.169,1.30265,1.30315,1.00,2.80
2010.03.15 13:25:34.877,1.3027,1.30315,1.00,1.20
2010.03.15 13:25:35.217,1.3026,1.30315,1.60,1.20
2010.03.15 13:25:35.562,1.3027,1.30315,1.00,2.80
2010.03.15 13:25:35.908,1.3026,1.30315,1.60,2.80
2010.03.15 13:25:36.217,1.3026,1.30315,1.00,2.80
2010.03.15 13:25:38.544,1.3026,1.30305,1.00,1.60
2010.03.15 13:25:39.367,1.30255,1.30315,4.10,2.80
2010.03.15 13:25:39.695,1.30255,1.30315,3.30,1.20
2010.03.15 13:25:40.011,1.30255,1.30305,1.70,2.80
2010.03.15 13:25:40.327,1.30255,1.30305,3.20,1.20
2010.03.15 13:25:40.763,1.3026,1.3031,1.60,1.20
2010.03.15 13:25:41.377,1.3026,1.3033,1.60,2.00
2010.03.15 13:25:41.550,1.3026,1.30315,1.70,1.20
2010.03.15 13:25:41.721,1.30265,1.30315,1.70,1.20
2010.03.15 13:25:42.061,1.3026,1.30315,1.70,1.20
2010.03.15 13:25:42.233,1.3026,1.30325,1.70,1.20
2010.03.15 13:25:42.578,1.30255,1.3032,4.40,1.20
2010.03.15 13:25:45.439,1.3027,1.30325,1.00,2.40
2010.03.15 13:25:51.670,1.3028,1.30325,1.60,1.00
2010.03.15 13:25:51.727,1.30275,1.30325,6.80,1.00
2010.03.15 13:25:51.771,1.3027,1.30325,7.20,2.00
2010.03.15 13:25:51.817,1.3027,1.30325,3.20,2.00
2010.03.15 13:25:51.893,1.30275,1.30325,1.70,2.00
2010.03.15 13:25:51.978,1.30275,1.30325,4.80,1.00
2010.03.15 13:25:52.057,1.30275,1.30325,4.80,1.00
2010.03.15 13:25:52.245,1.30275,1.30325,4.80,1.00
2010.03.15 13:25:52.286,1.30275,1.30325,3.20,2.40
2010.03.15 13:25:52.634,1.30275,1.30325,3.20,1.00
2010.03.15 13:25:53.706,1.3028,1.30325,2.80,1.00
2010.03.15 13:25:53.864,1.3029,1.30325,1.60,1.00
2010.03.15 13:25:54.128,1.30285,1.30325,1.20,1.00
2010.03.15 13:25:54.294,1.3028,1.3033,1.60,2.00
2010.03.15 13:25:54.648,1.30275,1.30315,1.60,1.20
2010.03.15 13:25:54.996,1.30275,1.30325,1.60,1.00
2010.03.15 13:25:55.507,1.30265,1.3032,4.80,1.00
2010.03.15 13:25:55.755,1.30275,1.30325,1.60,3.60
2010.03.15 13:25:55.992,1.30275,1.30325,1.60,2.40
2010.03.15 13:25:56.231,1.30275,1.30325,1.60,2.40
2010.03.15 13:25:56.651,1.30275,1.30315,1.60,1.00
2010.03.15 13:25:57.263,1.3027,1.30315,1.60,1.00
2010.03.15 13:25:58.598,1.3027,1.30315,1.60,1.00
2010.03.15 13:25:59.523,1.3026,1.30315,2.80,1.00
2010.03.15 13:25:59.713,1.3025,1.3031,5.20,1.60
2010.03.15 13:25:59.903,1.3025,1.3031,5.20,2.80
2010.03.15 13:26:00.092,1.3025,1.3031,5.20,1.20
2010.03.15 13:26:00.283,1.3026,1.3031,8.80,1.20
2010.03.15 13:26:00.483,1.3026,1.3032,10.00,1.00
2010.03.15 13:26:00.816,1.3026,1.30315,12.40,1.60
2010.03.15 13:26:01.122,1.3026,1.3032,14.00,1.00
2010.03.15 13:26:01.435,1.3027,1.3032,1.60,1.00
2010.03.15 13:26:01.908,1.3026,1.3032,4.80,1.20
2010.03.15 13:26:03.553,1.30265,1.3032,3.20,1.00
2010.03.15 13:26:03.868,1.3027,1.30325,1.60,3.60
2010.03.15 13:26:04.115,1.3027,1.30325,4.40,1.00
2010.03.15 13:26:08.381,1.30285,1.3032,1.60,1.00
2010.03.15 13:26:09.424,1.30295,1.30325,1.60,1.00
2010.03.15 13:26:09.773,1.30265,1.30325,6.00,1.00
2010.03.15 13:26:10.121,1.3026,1.3033,5.20,1.20
2010.03.15 13:26:10.410,1.3026,1.3033,5.20,1.20
2010.03.15 13:26:10.700,1.3026,1.3033,5.20,2.00
2010.03.15 13:26:10.991,1.3027,1.3033,4.00,2.00
2010.03.15 13:26:11.409,1.30265,1.30325,5.20,1.60
2010.03.15 13:26:11.957,1.3027,1.3033,4.00,2.00
2010.03.15 13:26:12.500,1.3027,1.3032,4.00,1.00
2010.03.15 13:26:13.765,1.3027,1.3033,4.00,2.00
2010.03.15 13:26:14.107,1.3027,1.3033,4.00,1.20
2010.03.15 13:26:15.697,1.30275,1.3033,1.60,2.00
2010.03.15 13:26:19.786,1.30265,1.30325,4.50,1.60
2010.03.15 13:26:23.623,1.30265,1.30325,3.20,1.60
2010.03.15 13:26:23.887,1.3026,1.30325,1.60,5.60
2010.03.15 13:26:24.504,1.30255,1.30325,4.40,5.60
2010.03.15 13:26:25.506,1.3026,1.30325,4.40,4.00
2010.03.15 13:26:25.987,1.3026,1.30325,4.40,1.00
2010.03.15 13:26:30.012,1.30265,1.30325,1.60,2.40
2010.03.15 13:26:30.258,1.3026,1.30325,2.80,1.00
2010.03.15 13:26:33.159,1.3026,1.30325,2.80,2.40
2010.03.15 13:26:33.499,1.30255,1.30325,4.40,5.60
2010.03.15 13:26:33.979,1.30255,1.30325,4.40,5.60
2010.03.15 13:26:35.615,1.30265,1.30325,1.00,5.60
2010.03.15 13:26:35.821,1.3026,1.3032,2.80,1.60
2010.03.15 13:26:36.097,1.3026,1.3032,1.30,1.60
2010.03.15 13:26:36.305,1.3025,1.3031,2.40,1.60
2010.03.15 13:26:36.999,1.30255,1.3031,1.70,1.60
2010.03.15 13:26:37.345,1.3026,1.30315,1.30,1.60
2010.03.15 13:26:37.698,1.30255,1.30325,6.80,4.00
2010.03.15 13:26:38.125,1.30255,1.30325,2.80,9.40
2010.03.15 13:26:38.485,1.3025,1.30315,5.10,1.60
2010.03.15 13:26:38.785,1.3025,1.30315,3.50,1.60
2010.03.15 13:26:39.592,1.3025,1.30305,3.60,1.60
2010.03.15 13:26:40.281,1.3025,1.30325,5.20,3.20
2010.03.15 13:26:40.621,1.3025,1.30325,3.60,3.20
2010.03.15 13:26:40.914,1.30255,1.3032,1.00,1.60
2010.03.15 13:26:41.405,1.30245,1.30315,5.20,1.60
2010.03.15 13:26:41.827,1.3025,1.3032,3.60,9.60
2010.03.15 13:26:42.215,1.30255,1.3032,4.40,5.60
2010.03.15 13:26:42.566,1.30255,1.30315,2.80,3.20
2010.03.15 13:26:42.880,1.30255,1.30315,2.80,1.60
2010.03.15 13:26:43.682,1.3025,1.30315,4.00,3.20
2010.03.15 13:26:44.018,1.3025,1.3031,2.40,1.20
2010.03.15 13:26:44.323,1.30255,1.3031,1.70,1.20
2010.03.15 13:26:44.794,1.3025,1.3031,2.50,1.20
2010.03.15 13:26:45.491,1.3025,1.30315,2.40,4.00
2010.03.15 13:26:45.841,1.30255,1.3031,1.00,1.20
2010.03.15 13:26:45.950,1.30255,1.30315,1.00,5.60
2010.03.15 13:26:46.060,1.30255,1.30315,1.00,1.60
2010.03.15 13:26:47.029,1.30255,1.3031,1.00,1.20
2010.03.15 13:26:47.229,1.3025,1.3031,4.00,1.20
2010.03.15 13:26:47.430,1.30255,1.3031,1.70,1.20
2010.03.15 13:26:48.572,1.3025,1.3031,4.00,1.20
2010.03.15 13:26:48.821,1.3025,1.30315,4.00,1.60
2010.03.15 13:26:49.070,1.3025,1.3031,2.50,1.20
2010.03.15 13:26:49.310,1.3025,1.30315,4.00,1.60
2010.03.15 13:26:49.549,1.3025,1.3031,4.00,1.20
2010.03.15 13:26:55.166,1.30255,1.30315,1.00,5.60
2010.03.15 13:26:55.338,1.3025,1.30315,2.50,1.60
2010.03.15 13:26:55.509,1.3025,1.3031,4.00,1.20
2010.03.15 13:26:56.468,1.30255,1.3031,3.30,1.20
2010.03.15 13:26:56.628,1.30255,1.30315,3.30,2.80
2010.03.15 13:26:56.788,1.30255,1.30315,4.40,1.60
2010.03.15 13:26:57.107,1.30255,1.3031,2.80,1.00
2010.03.15 13:26:57.411,1.30255,1.30315,1.70,2.80
2010.03.15 13:26:57.686,1.30255,1.30315,1.70,4.40
2010.03.15 13:26:58.397,1.30255,1.30305,1.00,1.60
2010.03.15 13:26:58.618,1.3025,1.30305,2.90,1.60
2010.03.15 13:27:02.189,1.3025,1.30305,1.00,1.60
2010.03.15 13:27:02.358,1.30255,1.30305,1.00,1.60
2010.03.15 13:27:04.809,1.30245,1.30305,3.60,1.60
2010.03.15 13:27:07.410,1.3026,1.30305,1.00,1.60
2010.03.15 13:27:08.483,1.30245,1.30305,5.20,1.60
2010.03.15 13:27:08.828,1.30245,1.30305,5.30,1.60
2010.03.15 13:27:09.178,1.3024,1.30305,5.20,2.80
2010.03.15 13:27:09.461,1.30245,1.30305,4.10,2.80
2010.03.15 13:27:09.967,1.30245,1.30305,5.20,1.60
2010.03.15 13:27:11.165,1.30255,1.30295,1.20,1.60
2010.03.15 13:27:11.469,1.3026,1.30305,1.20,1.60
2010.03.15 13:27:11.756,1.3025,1.30295,6.80,1.60
2010.03.15 13:27:12.120,1.3025,1.30305,2.80,1.60
2010.03.15 13:27:12.777,1.3025,1.30305,1.20,1.60
2010.03.15 13:27:13.420,1.3025,1.30295,1.20,1.60
2010.03.15 13:27:14.178,1.30245,1.30295,1.00,1.60
2010.03.15 13:27:14.488,1.30245,1.30295,2.40,1.60
2010.03.15 13:27:14.795,1.3025,1.30295,1.20,1.60
2010.03.15 13:27:15.103,1.30255,1.30295,8.80,1.60
2010.03.15 13:27:15.586,1.30265,1.30305,1.60,1.60
2010.03.15 13:27:15.837,1.3023,1.30305,11.50,1.60
2010.03.15 13:27:16.085,1.30245,1.30305,2.80,1.60
2010.03.15 13:27:16.586,1.3024,1.30295,5.30,1.60
2010.03.15 13:27:16.835,1.3024,1.30305,1.30,1.60
2010.03.15 13:27:18.323,1.3025,1.30295,1.20,1.60
2010.03.15 13:27:18.592,1.3025,1.30295,1.00,1.60
2010.03.15 13:27:18.892,1.3026,1.30295,1.00,1.60
2010.03.15 13:27:21.509,1.3025,1.30295,1.60,1.60
2010.03.15 13:27:21.904,1.3025,1.30295,1.60,1.60
2010.03.15 13:27:22.434,1.3025,1.30305,1.20,1.60
2010.03.15 13:27:22.767,1.30245,1.30305,7.60,1.60
2010.03.15 13:27:24.461,1.30245,1.30295,7.60,1.60
2010.03.15 13:27:24.601,1.30245,1.30295,6.40,1.60
2010.03.15 13:27:31.703,1.30245,1.30295,1.60,1.60
2010.03.15 13:27:31.735,1.30245,1.30295,1.00,1.60
2010.03.15 13:27:34.568,1.3024,1.30295,3.20,1.60
2010.03.15 13:27:34.770,1.3024,1.30285,1.60,1.60
2010.03.15 13:27:35.888,1.3024,1.30295,2.80,1.60
2010.03.15 13:27:36.091,1.3024,1.30285,4.40,1.60
2010.03.15 13:27:36.313,1.3024,1.30285,2.80,1.60
2010.03.15 13:27:41.667,1.30245,1.30285,1.00,1.60
2010.03.15 13:27:41.995,1.3024,1.30285,2.80,1.60
2010.03.15 13:27:47.433,1.3024,1.30285,1.20,1.60
2010.03.15 13:27:47.545,1.30235,1.30285,2.80,1.60
2010.03.15 13:27:50.265,1.30235,1.30295,2.80,1.60
2010.03.15 13:27:51.849,1.3024,1.30295,1.60,1.60
2010.03.15 13:27:52.869,1.30245,1.30295,1.60,1.60
2010.03.15 13:27:53.556,1.3024,1.3029,1.60,1.20
2010.03.15 13:27:53.860,1.3024,1.30295,1.60,1.60
2010.03.15 13:27:55.548,1.3024,1.30295,1.60,1.60
2010.03.15 13:27:55.718,1.30245,1.30295,1.60,1.60
2010.03.15 13:27:59.014,1.30245,1.30295,1.00,1.60
2010.03.15 13:27:59.517,1.30245,1.30295,1.60,1.60
2010.03.15 13:28:03.783,1.30245,1.30295,1.00,1.60
2010.03.15 13:28:04.133,1.30245,1.30285,1.00,1.20
2010.03.15 13:28:04.482,1.30245,1.30295,1.00,1.60
2010.03.15 13:28:09.973,1.30245,1.30295,1.60,1.60
2010.03.15 13:28:10.205,1.3025,1.30295,1.60,1.60
2010.03.15 13:28:13.834,1.30245,1.30295,1.60,1.60
2010.03.15 13:28:14.187,1.30245,1.30295,1.00,2.80
2010.03.15 13:28:14.502,1.30245,1.30295,1.00,1.60
2010.03.15 13:28:18.868,1.30245,1.30295,1.60,1.60
2010.03.15 13:28:22.429,1.30245,1.3029,1.60,1.20
2010.03.15 13:28:22.729,1.3024,1.3029,1.60,1.20
2010.03.15 13:28:23.078,1.30245,1.3029,1.60,1.20
2010.03.15 13:28:23.429,1.30245,1.30295,1.60,1.60
2010.03.15 13:28:26.916,1.30245,1.30285,1.60,1.60
2010.03.15 13:28:26.983,1.30255,1.30285,1.00,1.60
2010.03.15 13:28:27.313,1.30235,1.30285,1.00,1.60
2010.03.15 13:28:27.442,1.3024,1.30285,1.00,1.60
2010.03.15 13:28:27.528,1.3024,1.30295,1.00,1.60
2010.03.15 13:28:27.828,1.30235,1.30295,1.00,1.60
2010.03.15 13:28:28.189,1.3024,1.30295,1.60,1.60
2010.03.15 13:28:32.408,1.30235,1.30295,2.80,1.60
2010.03.15 13:28:37.561,1.3024,1.30295,1.60,1.60
2010.03.15 13:28:37.633,1.3024,1.30295,2.80,1.60
2010.03.15 13:28:42.906,1.3024,1.30295,1.20,1.60
2010.03.15 13:28:43.050,1.30235,1.30295,2.80,1.60
2010.03.15 13:28:43.680,1.30235,1.30285,2.80,1.60
2010.03.15 13:28:44.032,1.3023,1.30285,2.80,1.60
2010.03.15 13:28:44.525,1.3024,1.30285,1.20,1.60
2010.03.15 13:28:44.879,1.3023,1.30285,2.80,1.60
2010.03.15 13:28:57.452,1.3024,1.30285,1.20,1.60
2010.03.15 13:28:57.838,1.30235,1.30285,1.20,1.60
2010.03.15 13:29:00.848,1.30235,1.30275,1.20,1.60
2010.03.15 13:29:00.887,1.30225,1.30275,4.00,1.60
2010.03.15 13:29:01.050,1.3022,1.30275,6.80,1.60
2010.03.15 13:29:01.344,1.3022,1.30275,2.80,1.60
2010.03.15 13:29:01.804,1.3022,1.30275,2.80,1.60
2010.03.15 13:29:02.249,1.30225,1.30275,1.20,1.60
2010.03.15 13:29:04.897,1.30225,1.30275,5.20,1.60
2010.03.15 13:29:05.057,1.30225,1.30275,6.80,1.60
2010.03.15 13:29:06.643,1.30225,1.30275,2.80,1.60
2010.03.15 13:29:09.731,1.3023,1.30275,1.00,1.60
2010.03.15 13:29:10.321,1.30225,1.30275,1.20,1.60
2010.03.15 13:29:11.342,1.3023,1.30275,1.00,1.60
2010.03.15 13:29:11.488,1.30225,1.30275,1.20,1.60
2010.03.15 13:29:11.612,1.3023,1.30275,1.00,1.60
2010.03.15 13:29:17.646,1.3024,1.30285,1.00,1.60
2010.03.15 13:29:18.090,1.3024,1.30275,1.00,1.60
2010.03.15 13:29:18.430,1.3024,1.30285,1.00,1.60
2010.03.15 13:29:23.872,1.3023,1.30285,1.60,1.60
2010.03.15 13:29:24.159,1.3024,1.30285,1.00,1.60
2010.03.15 13:29:26.132,1.3023,1.30285,1.60,1.60
2010.03.15 13:29:26.897,1.3023,1.30275,1.60,1.60
2010.03.15 13:29:27.648,1.3023,1.30275,1.00,1.60
2010.03.15 13:29:27.820,1.3023,1.30285,1.00,1.60
2010.03.15 13:29:28.259,1.3023,1.30275,1.00,1.60
2010.03.15 13:29:35.928,1.30225,1.30275,1.20,1.60
2010.03.15 13:29:36.183,1.3022,1.3027,1.00,2.80
2010.03.15 13:29:36.269,1.3022,1.30275,1.60,1.60
2010.03.15 13:29:36.885,1.3022,1.30265,1.60,1.60
2010.03.15 13:29:45.498,1.3022,1.30265,1.00,1.60
2010.03.15 13:29:45.759,1.3022,1.30265,1.60,1.60
2010.03.15 13:29:47.838,1.3022,1.30265,1.60,1.60
2010.03.15 13:29:52.247,1.3022,1.30265,1.60,1.60
2010.03.15 13:29:55.200,1.3022,1.30265,1.60,1.60
2010.03.15 13:29:55.540,1.3022,1.30265,1.60,1.60
2010.03.15 13:29:55.883,1.30215,1.30265,2.80,1.60
2010.03.15 13:29:57.321,1.3022,1.30265,1.60,1.60
2010.03.15 13:30:01.256,1.3023,1.3027,1.20,1.00
2010.03.15 13:30:01.566,1.3021,1.30265,1.60,1.60
2010.03.15 13:30:02.183,1.3021,1.30265,1.00,1.60
2010.03.15 13:30:02.493,1.3021,1.30265,1.60,1.60
2010.03.15 13:30:02.834,1.30225,1.30265,1.00,1.60
2010.03.15 13:30:03.650,1.30225,1.30275,1.00,1.60
2010.03.15 13:30:04.346,1.30225,1.30265,1.00,1.60
2010.03.15 13:30:05.372,1.30225,1.30275,1.00,1.60
2010.03.15 13:30:05.721,1.30225,1.30265,1.00,1.60
2010.03.15 13:30:06.381,1.30225,1.30275,1.00,1.60
2010.03.15 13:30:07.435,1.3022,1.3027,1.00,1.20
2010.03.15 13:30:08.135,1.3022,1.30275,1.60,1.60
2010.03.15 13:30:08.465,1.3022,1.30275,3.20,1.60
2010.03.15 13:30:08.785,1.3023,1.30275,1.00,1.60
2010.03.15 13:30:09.637,1.3022,1.30275,3.20,1.60
2010.03.15 13:30:09.987,1.3022,1.30265,1.60,1.60
2010.03.15 13:30:11.728,1.3022,1.3027,1.60,1.20
2010.03.15 13:30:11.952,1.3022,1.3027,1.60,1.20
2010.03.15 13:30:12.061,1.3022,1.30275,1.60,1.60
2010.03.15 13:30:13.131,1.3022,1.30265,1.60,1.60
2010.03.15 13:30:13.673,1.3022,1.30265,1.60,1.60
2010.03.15 13:30:15.384,1.30225,1.30265,1.00,1.60
2010.03.15 13:30:16.019,1.30225,1.30275,1.00,1.60
2010.03.15 13:30:16.364,1.3022,1.30275,1.20,1.60
2010.03.15 13:30:16.631,1.3022,1.30265,1.00,1.60
2010.03.15 13:30:17.162,1.30225,1.3027,1.00,1.20
2010.03.15 13:30:17.363,1.30225,1.30275,1.00,1.60
2010.03.15 13:30:17.742,1.3022,1.30265,1.60,1.60
2010.03.15 13:30:17.946,1.30225,1.3027,1.00,1.20
2010.03.15 13:30:18.151,1.30225,1.30275,1.00,1.60
2010.03.15 13:30:18.681,1.3022,1.30265,1.00,1.60
2010.03.15 13:30:19.378,1.3022,1.3027,1.00,1.20
2010.03.15 13:30:19.719,1.3022,1.30265,1.00,1.60
2010.03.15 13:30:20.223,1.3023,1.30265,1.00,1.60
2010.03.15 13:30:21.928,1.3022,1.30265,1.00,1.60
2010.03.15 13:30:22.439,1.30225,1.3027,1.00,1.20
2010.03.15 13:30:22.645,1.30225,1.30275,1.00,1.60
2010.03.15 13:30:23.357,1.30215,1.30275,2.80,1.60
2010.03.15 13:30:24.165,1.30215,1.30275,1.20,1.60
2010.03.15 13:30:24.489,1.30215,1.30265,1.20,1.60
2010.03.15 13:30:25.164,1.30215,1.30265,1.20,1.60
2010.03.15 13:30:25.694,1.30215,1.30265,1.20,1.60
2010.03.15 13:30:26.298,1.30215,1.30275,1.20,4.80
2010.03.15 13:30:26.933,1.30225,1.30275,1.00,4.80
2010.03.15 13:30:27.275,1.3022,1.30265,1.00,1.60
2010.03.15 13:30:29.917,1.30215,1.3027,1.70,1.20
2010.03.15 13:30:30.560,1.3022,1.30265,1.00,1.60
2010.03.15 13:30:34.953,1.30215,1.3027,1.60,1.20
2010.03.15 13:30:35.194,1.30215,1.30275,2.80,1.60
2010.03.15 13:30:35.674,1.3022,1.30275,1.00,1.60
2010.03.15 13:30:36.017,1.3022,1.30265,1.00,1.60
2010.03.15 13:30:38.874,1.30215,1.3027,1.60,1.20
2010.03.15 13:30:39.104,1.30215,1.30275,2.80,1.60
2010.03.15 13:30:39.837,1.3022,1.3027,1.20,1.00
2010.03.15 13:30:42.454,1.30225,1.30275,1.00,1.60
2010.03.15 13:30:42.714,1.3022,1.30275,1.20,1.60
2010.03.15 13:30:43.079,1.30215,1.30275,2.80,1.60
2010.03.15 13:30:43.347,1.30215,1.30275,1.20,1.60
2010.03.15 13:30:44.046,1.30225,1.30275,1.00,1.60
2010.03.15 13:30:45.509,1.3022,1.3027,1.20,1.00
2010.03.15 13:30:46.379,1.30225,1.30275,1.00,1.60
2010.03.15 13:30:46.637,1.30215,1.30275,2.80,1.60
2010.03.15 13:30:47.072,1.30225,1.30275,1.00,1.60
2010.03.15 13:30:50.191,1.3022,1.30275,1.60,1.60
2010.03.15 13:30:50.429,1.30225,1.30275,1.00,1.60
2010.03.15 13:30:56.143,1.3022,1.30275,1.60,1.60
2010.03.15 13:30:56.463,1.30225,1.30275,1.00,1.60
2010.03.15 13:30:58.900,1.3022,1.30275,1.60,1.60
2010.03.15 13:30:59.131,1.3022,1.3027,1.00,1.20
2010.03.15 13:31:00.673,1.30225,1.30275,1.00,1.60
2010.03.15 13:31:01.009,1.30215,1.30265,2.80,1.60
2010.03.15 13:31:01.189,1.30225,1.30275,1.00,1.60
2010.03.15 13:31:01.539,1.3022,1.30275,1.60,1.60
2010.03.15 13:31:02.641,1.30225,1.3027,1.60,1.00
2010.03.15 13:31:04.415,1.30225,1.30275,1.60,1.60
2010.03.15 13:31:05.828,1.30225,1.30275,1.60,1.00
2010.03.15 13:31:06.330,1.30225,1.30275,1.60,1.60
2010.03.15 13:31:06.748,1.3022,1.30275,1.60,1.60
2010.03.15 13:31:07.839,1.3022,1.3027,1.60,1.20
2010.03.15 13:31:08.308,1.3023,1.30265,1.00,1.60
2010.03.15 13:31:08.634,1.3024,1.30275,1.00,1.60
2010.03.15 13:31:08.985,1.3022,1.3028,1.60,1.20
2010.03.15 13:31:09.332,1.30235,1.30285,1.00,1.60
2010.03.15 13:31:10.697,1.3024,1.30275,1.00,1.60
2010.03.15 13:31:10.936,1.3024,1.30285,1.00,1.60
2010.03.15 13:31:11.679,1.3024,1.30275,1.00,1.60
2010.03.15 13:31:12.007,1.3024,1.30285,1.00,1.60
2010.03.15 13:31:14.104,1.3025,1.30285,1.00,1.60
2010.03.15 13:31:15.476,1.3024,1.30285,1.00,1.60
2010.03.15 13:31:16.455,1.3024,1.30285,1.00,2.80
2010.03.15 13:31:17.074,1.3025,1.30285,1.00,1.60
2010.03.15 13:31:17.627,1.30245,1.30285,1.00,1.60
2010.03.15 13:31:17.900,1.30245,1.30285,1.60,1.60
2010.03.15 13:31:18.413,1.30255,1.30295,1.00,2.80
2010.03.15 13:31:19.435,1.3025,1.30285,1.00,1.60
2010.03.15 13:31:19.786,1.3025,1.30305,1.00,1.60
2010.03.15 13:31:20.134,1.3025,1.3029,1.00,1.60
2010.03.15 13:31:20.413,1.3025,1.303,1.00,1.60
2010.03.15 13:31:20.696,1.30245,1.303,3.30,1.60
2010.03.15 13:31:20.977,1.3025,1.30305,1.00,2.40
2010.03.15 13:31:21.317,1.3025,1.303,1.00,1.60
2010.03.15 13:31:21.804,1.3025,1.30305,1.30,2.20
2010.03.15 13:31:22.038,1.30255,1.30305,1.00,4.00
2010.03.15 13:31:23.558,1.3026,1.30305,1.00,2.40
2010.03.15 13:31:24.099,1.30255,1.30295,1.00,1.60
2010.03.15 13:31:24.820,1.30255,1.30305,1.00,4.00
2010.03.15 13:31:25.972,1.30255,1.30305,1.00,2.40
2010.03.15 13:31:26.656,1.30255,1.3029,1.00,1.20
2010.03.15 13:31:26.907,1.3025,1.303,1.30,2.40
2010.03.15 13:31:28.104,1.3026,1.30295,1.00,1.00
2010.03.15 13:31:28.417,1.3027,1.3032,1.60,1.60
2010.03.15 13:31:28.734,1.30275,1.3032,1.60,1.60
2010.03.15 13:31:29.083,1.3025,1.3031,1.60,1.60
2010.03.15 13:31:29.433,1.30245,1.30305,2.80,1.60
2010.03.15 13:31:29.782,1.30245,1.30305,1.30,1.60
2010.03.15 13:31:30.187,1.3025,1.3031,2.80,1.00
2010.03.15 13:31:30.539,1.30265,1.30315,1.60,1.60
2010.03.15 13:31:31.134,1.30265,1.3032,2.80,1.00
2010.03.15 13:31:31.436,1.30265,1.3032,2.80,1.00
2010.03.15 13:31:31.691,1.3025,1.3031,1.00,1.60
2010.03.15 13:31:32.502,1.3025,1.30315,1.70,3.20
2010.03.15 13:31:32.890,1.30255,1.30305,1.00,1.60
2010.03.15 13:31:33.531,1.30255,1.30295,1.00,1.60
2010.03.15 13:31:34.016,1.30255,1.30305,1.00,1.60
2010.03.15 13:31:36.676,1.30245,1.30305,1.00,4.40
2010.03.15 13:31:37.242,1.30255,1.30305,1.30,1.60
2010.03.15 13:31:37.421,1.30255,1.30305,2.90,1.60
2010.03.15 13:31:38.414,1.30255,1.30305,1.00,1.60
2010.03.15 13:31:39.115,1.30255,1.3031,1.00,1.00
2010.03.15 13:31:39.590,1.3025,1.30305,1.00,2.80
2010.03.15 13:31:39.955,1.3025,1.303,1.00,1.20
2010.03.15 13:31:40.306,1.30255,1.30295,1.00,1.60
2010.03.15 13:31:40.655,1.30255,1.30305,1.00,1.60
2010.03.15 13:31:41.003,1.30255,1.30295,1.00,1.60
2010.03.15 13:31:41.353,1.3026,1.30305,1.00,3.20
2010.03.15 13:31:42.224,1.3026,1.30295,1.00,1.60
2010.03.15 13:31:43.079,1.3026,1.3032,1.60,5.20
2010.03.15 13:31:43.433,1.30255,1.3032,3.20,3.60
2010.03.15 13:31:43.788,1.30255,1.30315,6.00,1.00
2010.03.15 13:31:45.501,1.3026,1.3031,4.40,1.00
2010.03.15 13:31:45.701,1.3025,1.30305,3.20,1.60
2010.03.15 13:31:46.088,1.3025,1.30305,1.70,3.20
2010.03.15 13:31:48.332,1.3026,1.30305,1.00,3.20
2010.03.15 13:31:48.887,1.3025,1.30305,1.70,3.20
2010.03.15 13:31:50.632,1.3026,1.30305,1.00,6.40
2010.03.15 13:31:50.989,1.3026,1.30305,1.00,1.00
2010.03.15 13:31:51.504,1.3025,1.30305,3.30,1.00
2010.03.15 13:31:51.846,1.3025,1.30305,1.70,1.00
2010.03.15 13:31:52.836,1.3025,1.30305,3.30,1.00
2010.03.15 13:31:53.106,1.3025,1.30305,1.70,1.00
2010.03.15 13:31:53.394,1.3025,1.30305,1.70,1.00
2010.03.15 13:31:53.682,1.30255,1.30305,1.00,3.60
2010.03.15 13:31:54.132,1.30255,1.30305,1.30,2.40
2010.03.15 13:31:55.209,1.30255,1.30305,1.00,1.00
2010.03.15 13:31:55.535,1.30255,1.30305,1.70,2.40
2010.03.15 13:31:56.031,1.3026,1.30305,1.00,2.40
2010.03.15 13:31:56.378,1.30265,1.3031,1.00,1.20
2010.03.15 13:31:56.729,1.30265,1.30315,1.00,1.80
2010.03.15 13:31:57.077,1.30265,1.30305,1.00,2.40
2010.03.15 13:31:58.188,1.30265,1.30305,1.00,1.00
2010.03.15 13:31:58.527,1.30255,1.30305,1.70,1.00
2010.03.15 13:31:58.878,1.3026,1.30305,2.90,1.00
2010.03.15 13:31:59.214,1.30255,1.30305,6.80,1.00
2010.03.15 13:32:00.403,1.30255,1.30305,2.80,1.00
2010.03.15 13:32:00.738,1.30245,1.30315,6.80,6.80
2010.03.15 13:32:01.074,1.30245,1.30305,6.80,1.60
2010.03.15 13:32:01.955,1.30245,1.3031,6.80,1.60
2010.03.15 13:32:02.213,1.30245,1.30305,6.80,1.60
2010.03.15 13:32:03.370,1.30245,1.3031,8.40,1.60
2010.03.15 13:32:07.645,1.3025,1.3031,1.20,1.60
2010.03.15 13:32:07.993,1.3024,1.303,8.40,1.00
2010.03.15 13:32:08.071,1.3024,1.30295,2.80,1.60
2010.03.15 13:32:08.861,1.30245,1.30305,1.30,3.20
2010.03.15 13:32:09.207,1.3025,1.30305,2.80,1.60
2010.03.15 13:32:09.703,1.30245,1.30305,2.80,1.60
2010.03.15 13:32:11.177,1.30245,1.303,2.80,1.00
2010.03.15 13:32:11.419,1.3024,1.30295,2.80,1.60
2010.03.15 13:32:12.110,1.3024,1.303,2.80,1.00
2010.03.15 13:32:12.271,1.3024,1.30295,2.80,1.60
2010.03.15 13:32:17.138,1.30245,1.303,1.20,1.60
2010.03.15 13:32:17.341,1.30245,1.30295,9.20,1.60
2010.03.15 13:32:17.533,1.3025,1.30295,8.40,1.60
2010.03.15 13:32:18.023,1.30245,1.30305,2.90,1.60
2010.03.15 13:32:18.371,1.3024,1.303,2.80,1.00
2010.03.15 13:32:18.809,1.30245,1.30305,1.30,1.60
2010.03.15 13:32:19.174,1.30255,1.30315,1.30,4.00
2010.03.15 13:32:19.527,1.30235,1.30305,3.20,1.00
2010.03.15 13:32:20.032,1.3024,1.30305,5.30,3.20
2010.03.15 13:32:20.376,1.30235,1.30305,4.40,1.60
2010.03.15 13:32:20.718,1.30245,1.30305,1.00,3.20
2010.03.15 13:32:21.055,1.3024,1.303,2.80,1.60
2010.03.15 13:32:21.407,1.3024,1.30295,1.70,1.20
2010.03.15 13:32:21.753,1.30235,1.30295,2.90,1.60
2010.03.15 13:32:22.101,1.30235,1.30295,2.80,1.60
2010.03.15 13:32:23.129,1.3024,1.30285,1.60,1.60
2010.03.15 13:32:23.398,1.3024,1.30295,1.60,1.60
2010.03.15 13:32:23.836,1.30235,1.30295,2.90,1.60
2010.03.15 13:32:25.087,1.30235,1.30285,10.90,1.60
2010.03.15 13:32:25.310,1.3023,1.30285,10.90,1.60
2010.03.15 13:32:25.651,1.3024,1.30295,1.30,1.60
2010.03.15 13:32:25.986,1.30235,1.30295,10.80,1.60
2010.03.15 13:32:26.488,1.30235,1.30285,10.80,1.60
2010.03.15 13:32:26.819,1.30235,1.30295,10.90,1.70
2010.03.15 13:32:27.165,1.30235,1.30295,11.20,2.80
2010.03.15 13:32:27.506,1.30245,1.30295,1.00,1.60
2010.03.15 13:32:27.830,1.30245,1.30285,1.00,1.60
2010.03.15 13:32:30.012,1.3024,1.30285,1.20,1.60
2010.03.15 13:32:30.823,1.30245,1.30285,1.00,1.60
2010.03.15 13:32:31.149,1.30235,1.30285,1.00,1.60
2010.03.15 13:32:31.495,1.3024,1.30285,1.00,1.60
2010.03.15 13:32:31.834,1.3024,1.30275,1.00,1.60
2010.03.15 13:32:32.950,1.30245,1.30275,1.00,1.60
2010.03.15 13:32:33.208,1.30245,1.30285,1.00,1.60
2010.03.15 13:32:33.469,1.30245,1.30275,1.00,1.60
2010.03.15 13:32:34.069,1.30245,1.30285,1.00,1.60
2010.03.15 13:32:36.983,1.3025,1.30285,1.00,1.60
2010.03.15 13:32:37.237,1.3025,1.30295,1.60,1.60
2010.03.15 13:32:37.477,1.30245,1.30295,4.40,1.60
2010.03.15 13:32:38.076,1.30245,1.30285,4.40,1.60
2010.03.15 13:32:38.417,1.30245,1.30285,1.00,1.60
2010.03.15 13:32:38.842,1.3024,1.30285,2.90,1.60
2010.03.15 13:32:39.187,1.3024,1.30295,2.90,1.60
2010.03.15 13:32:39.539,1.3024,1.30295,1.00,2.80
2010.03.15 13:32:40.386,1.3024,1.30285,1.00,1.60
2010.03.15 13:32:40.698,1.3024,1.30275,1.00,1.60
2010.03.15 13:32:42.615,1.30235,1.30275,1.60,1.60
2010.03.15 13:32:42.802,1.30235,1.30275,1.00,1.60
2010.03.15 13:32:42.985,1.30235,1.30285,1.00,1.60
2010.03.15 13:32:44.187,1.30235,1.30275,1.00,1.60
2010.03.15 13:32:44.537,1.3023,1.30275,1.20,1.60
2010.03.15 13:32:44.746,1.3023,1.30275,1.00,1.60
2010.03.15 13:32:45.493,1.3023,1.30265,1.00,1.60
2010.03.15 13:32:46.075,1.3024,1.30265,1.00,1.60
2010.03.15 13:32:46.546,1.3023,1.30265,1.00,1.60
2010.03.15 13:32:47.343,1.3023,1.30275,1.00,1.60
2010.03.15 13:32:47.700,1.3023,1.30265,1.00,1.60
2010.03.15 13:32:48.049,1.3023,1.30275,1.00,1.60
2010.03.15 13:32:48.558,1.3023,1.30265,1.00,1.60
2010.03.15 13:32:48.891,1.30225,1.30265,1.00,1.60
2010.03.15 13:32:49.216,1.30225,1.30265,1.60,1.60
2010.03.15 13:32:49.897,1.3023,1.30275,1.60,1.60
2010.03.15 13:32:53.140,1.3023,1.30285,1.60,1.60
2010.03.15 13:32:53.234,1.3023,1.30285,1.60,1.60
2010.03.15 13:32:53.531,1.30235,1.30275,1.60,1.60
2010.03.15 13:32:53.633,1.3023,1.30275,2.80,1.60
2010.03.15 13:32:54.334,1.3023,1.30275,1.20,1.60
2010.03.15 13:32:55.185,1.3023,1.30275,2.80,1.60
2010.03.15 13:32:56.285,1.3023,1.30285,2.80,1.60
2010.03.15 13:32:57.249,1.3023,1.30275,2.80,1.60
2010.03.15 13:32:57.851,1.3023,1.30285,2.80,1.60
2010.03.15 13:32:58.919,1.3023,1.30275,2.80,1.60
2010.03.15 13:32:59.257,1.3023,1.30285,2.80,1.60
2010.03.15 13:32:59.597,1.3023,1.30275,2.80,1.60
2010.03.15 13:33:01.017,1.3024,1.30285,1.20,1.60
2010.03.15 13:33:01.395,1.30245,1.30285,1.20,1.60
2010.03.15 13:33:01.637,1.30245,1.3029,1.20,1.00
2010.03.15 13:33:01.874,1.30245,1.30295,1.20,1.60
2010.03.15 13:33:02.193,1.3023,1.30285,12.50,1.60
2010.03.15 13:33:02.511,1.3023,1.30285,8.40,1.60
2010.03.15 13:33:04.732,1.30235,1.30285,12.40,1.60
2010.03.15 13:33:06.084,1.3024,1.30285,1.20,1.60
2010.03.15 13:33:06.227,1.3024,1.30285,1.00,1.60
2010.03.15 13:33:28.589,1.30235,1.30285,4.40,1.60
2010.03.15 13:33:30.086,1.30245,1.30285,1.60,1.60
2010.03.15 13:33:30.437,1.3025,1.30295,1.20,1.60
2010.03.15 13:33:31.116,1.30225,1.30285,8.50,1.60
2010.03.15 13:33:31.444,1.30225,1.3029,8.40,1.00
2010.03.15 13:33:32.013,1.30225,1.30285,8.40,1.60
2010.03.15 13:33:44.440,1.30245,1.30295,1.60,1.60
2010.03.15 13:33:44.736,1.3024,1.30295,4.40,1.60
2010.03.15 13:33:45.712,1.3024,1.30295,4.40,1.60
2010.03.15 13:33:46.024,1.30245,1.303,2.80,3.20
2010.03.15 13:33:46.399,1.30245,1.30295,2.80,1.60
2010.03.15 13:33:46.587,1.3024,1.30295,8.40,1.60
2010.03.15 13:33:47.130,1.3024,1.30285,4.40,1.60
2010.03.15 13:33:47.313,1.3023,1.30285,9.20,1.60
2010.03.15 13:33:47.489,1.3024,1.30295,1.00,1.60
2010.03.15 13:33:48.011,1.30245,1.30295,2.80,1.60
2010.03.15 13:33:48.355,1.3024,1.30295,4.40,1.60
2010.03.15 13:33:48.989,1.3025,1.30295,1.20,1.60
2010.03.15 13:33:51.880,1.3025,1.30285,1.20,1.60
2010.03.15 13:33:52.058,1.3023,1.30285,2.80,1.60
2010.03.15 13:33:52.556,1.3024,1.3029,1.00,1.60
2010.03.15 13:33:52.901,1.3024,1.3028,1.00,1.60
2010.03.15 13:33:54.240,1.30235,1.30285,3.20,1.60
2010.03.15 13:33:54.480,1.30235,1.30285,1.00,2.80
2010.03.15 13:33:54.676,1.30235,1.30285,1.60,1.60
2010.03.15 13:33:55.977,1.30235,1.30285,1.00,2.80
2010.03.15 13:33:56.326,1.30245,1.3031,1.60,7.60
2010.03.15 13:33:56.855,1.30235,1.3031,2.90,3.60
2010.03.15 13:33:57.203,1.30235,1.3029,2.90,1.60
2010.03.15 13:33:57.547,1.30235,1.3031,2.90,3.60
2010.03.15 13:33:58.468,1.30235,1.303,2.90,1.60
2010.03.15 13:33:58.756,1.30245,1.303,1.70,1.20
2010.03.15 13:33:59.061,1.30245,1.30305,2.80,2.40
2010.03.15 13:33:59.367,1.3025,1.30305,2.80,2.40
2010.03.15 13:34:00.019,1.30255,1.30305,1.70,2.40
2010.03.15 13:34:01.972,1.3026,1.30305,1.60,2.40
2010.03.15 13:34:02.470,1.30255,1.30305,1.60,2.40
2010.03.15 13:34:03.495,1.30245,1.303,1.70,1.20
2010.03.15 13:34:03.840,1.3025,1.30295,1.70,1.60
2010.03.15 13:34:04.189,1.3025,1.303,1.70,2.00
2010.03.15 13:34:04.575,1.3025,1.30295,1.70,1.60
2010.03.15 13:34:05.891,1.3025,1.30295,1.00,2.80
2010.03.15 13:34:06.570,1.3025,1.30295,1.00,1.60
2010.03.15 13:34:13.302,1.30245,1.30285,2.90,1.60
2010.03.15 13:34:13.395,1.30245,1.30285,1.60,1.60
2010.03.15 13:34:13.485,1.30245,1.30285,1.00,1.60
2010.03.15 13:34:13.778,1.30245,1.30285,1.60,1.60
2010.03.15 13:34:14.127,1.30245,1.30295,1.60,1.60
2010.03.15 13:34:14.477,1.3024,1.30285,1.70,1.60
2010.03.15 13:34:14.829,1.30245,1.30295,1.70,1.60
2010.03.15 13:34:16.242,1.30245,1.30285,2.80,1.60
2010.03.15 13:34:16.504,1.30245,1.30285,2.90,1.60
2010.03.15 13:34:16.768,1.30235,1.30285,7.60,1.60
2010.03.15 13:34:17.024,1.30235,1.30295,7.60,1.60
2010.03.15 13:34:17.375,1.30245,1.30295,1.60,1.60
2010.03.15 13:34:17.728,1.30245,1.30285,1.70,1.60
2010.03.15 13:34:18.077,1.30245,1.30295,1.70,1.60
2010.03.15 13:34:18.621,1.30245,1.30285,1.70,1.60
2010.03.15 13:34:18.887,1.3024,1.30285,1.70,1.60
2010.03.15 13:34:20.860,1.3025,1.30295,1.00,1.60
2010.03.15 13:34:21.146,1.30245,1.30295,2.80,1.60
2010.03.15 13:34:21.413,1.3024,1.30285,8.40,1.60
2010.03.15 13:34:21.959,1.3024,1.30295,8.40,1.60
2010.03.15 13:34:22.903,1.3024,1.30285,8.40,1.60
2010.03.15 13:34:23.770,1.30245,1.30285,1.20,1.60
2010.03.15 13:34:27.409,1.30245,1.30295,1.20,1.60
2010.03.15 13:34:27.565,1.3024,1.30295,8.40,1.60
2010.03.15 13:34:32.569,1.3025,1.30295,1.60,1.60
2010.03.15 13:34:32.642,1.3025,1.30295,2.80,1.60
2010.03.15 13:34:35.677,1.30245,1.30295,2.80,1.60
2010.03.15 13:34:35.978,1.3024,1.30295,4.40,1.60
2010.03.15 13:34:36.361,1.3024,1.30295,3.20,2.80
2010.03.15 13:34:36.629,1.3024,1.30295,3.20,2.80
2010.03.15 13:34:36.872,1.30245,1.30295,1.00,1.60
2010.03.15 13:34:37.801,1.3024,1.30285,1.60,1.60
2010.03.15 13:34:38.147,1.30235,1.30285,2.40,1.60
2010.03.15 13:34:38.452,1.3024,1.30285,1.00,2.80
2010.03.15 13:34:38.749,1.30245,1.30285,1.60,1.60
2010.03.15 13:34:39.049,1.30245,1.3031,1.60,1.60
2010.03.15 13:34:39.351,1.30245,1.3031,4.40,1.60
2010.03.15 13:34:39.701,1.3025,1.303,2.80,1.60
2010.03.15 13:34:40.050,1.30245,1.30305,4.40,1.60
2010.03.15 13:34:40.398,1.30245,1.30295,4.40,1.60
2010.03.15 13:34:40.976,1.30245,1.30295,4.40,1.60
2010.03.15 13:34:42.075,1.30245,1.30295,1.70,1.60
2010.03.15 13:34:42.529,1.3025,1.30295,1.70,1.60
2010.03.15 13:34:46.426,1.3026,1.30305,1.00,1.60
2010.03.15 13:34:46.675,1.30255,1.30305,1.70,1.60
2010.03.15 13:34:46.927,1.30255,1.30305,1.60,1.60
2010.03.15 13:34:47.374,1.30255,1.30305,4.50,1.60
2010.03.15 13:34:47.583,1.3026,1.30305,4.40,1.60
2010.03.15 13:34:48.338,1.30255,1.30305,2.80,1.60
2010.03.15 13:34:49.373,1.3025,1.30305,6.80,1.60
2010.03.15 13:34:49.678,1.3025,1.30305,6.80,1.60
2010.03.15 13:34:50.541,1.30245,1.30295,4.40,1.60
2010.03.15 13:34:52.541,1.3025,1.30295,2.80,1.60
2010.03.15 13:34:53.195,1.3025,1.30295,11.60,1.60
2010.03.15 13:34:53.350,1.30265,1.3033,2.80,2.20
2010.03.15 13:34:53.697,1.3026,1.3033,2.80,1.00
2010.03.15 13:34:54.384,1.3027,1.3032,2.80,1.00
2010.03.15 13:34:55.710,1.3027,1.3032,2.80,1.00
2010.03.15 13:34:56.315,1.3027,1.3032,1.30,1.00
2010.03.15 13:34:56.617,1.3026,1.3032,10.80,1.00
2010.03.15 13:34:56.856,1.3027,1.30325,1.00,1.60
2010.03.15 13:34:57.095,1.3028,1.30325,1.30,1.60
2010.03.15 13:34:57.342,1.3029,1.30335,2.80,1.60
2010.03.15 13:34:57.584,1.3029,1.30335,1.60,1.60
2010.03.15 13:34:57.924,1.3029,1.30335,1.60,1.00
2010.03.15 13:34:58.418,1.3029,1.30335,1.60,1.60
2010.03.15 13:34:59.042,1.30285,1.30325,1.60,1.60
2010.03.15 13:35:00.634,1.3027,1.3031,11.20,1.60
2010.03.15 13:35:00.913,1.30265,1.3031,1.70,1.60
2010.03.15 13:35:01.785,1.3027,1.30315,1.60,1.60
2010.03.15 13:35:01.939,1.3028,1.30315,1.60,1.60
2010.03.15 13:35:02.362,1.30275,1.30315,4.40,1.60
2010.03.15 13:35:03.072,1.30275,1.30315,4.40,1.60
2010.03.15 13:35:03.426,1.30285,1.30325,1.20,1.60
2010.03.15 13:35:03.942,1.3026,1.30315,1.60,1.60
2010.03.15 13:35:04.298,1.30265,1.30315,1.60,1.60
2010.03.15 13:35:04.649,1.3026,1.30325,1.60,6.80
2010.03.15 13:35:05.166,1.30265,1.30325,1.60,2.80
2010.03.15 13:35:05.468,1.3027,1.30325,1.70,1.60
2010.03.15 13:35:06.056,1.30265,1.30325,1.60,2.80
2010.03.15 13:35:07.059,1.30265,1.30315,1.60,1.60
2010.03.15 13:35:07.400,1.30265,1.30325,1.60,2.80
2010.03.15 13:35:09.777,1.30265,1.30325,1.60,2.80
2010.03.15 13:35:10.124,1.3028,1.30315,1.60,1.60
2010.03.15 13:35:10.475,1.3026,1.30315,5.60,1.60
2010.03.15 13:35:10.782,1.3026,1.30315,1.70,1.60
2010.03.15 13:35:11.024,1.3026,1.30305,1.60,1.60
2010.03.15 13:35:11.262,1.3026,1.30305,1.70,1.60
2010.03.15 13:35:11.511,1.30265,1.30305,1.70,1.60
2010.03.15 13:35:11.870,1.30265,1.30315,2.90,1.60
2010.03.15 13:35:12.223,1.30265,1.30315,2.80,1.60
2010.03.15 13:35:12.576,1.3027,1.30315,1.30,1.60
2010.03.15 13:35:12.923,1.30285,1.30335,1.60,1.00
2010.03.15 13:35:13.700,1.3029,1.3033,1.60,1.60
2010.03.15 13:35:14.391,1.3029,1.30325,1.60,1.60
2010.03.15 13:35:14.738,1.3029,1.30325,1.60,1.60
2010.03.15 13:35:15.081,1.3028,1.30325,1.60,1.60
2010.03.15 13:35:15.432,1.30275,1.3031,1.60,1.60
2010.03.15 13:35:15.780,1.30275,1.3033,2.80,1.60
2010.03.15 13:35:16.131,1.3028,1.3033,1.20,1.60
2010.03.15 13:35:16.870,1.30275,1.30325,6.80,1.60
2010.03.15 13:35:17.127,1.30275,1.30325,2.80,1.60
2010.03.15 13:35:17.380,1.3027,1.30325,10.80,1.60
2010.03.15 13:35:17.636,1.30275,1.30315,1.60,1.60
2010.03.15 13:35:17.951,1.30285,1.30325,1.20,1.60
2010.03.15 13:35:18.258,1.30285,1.30335,1.20,1.60
2010.03.15 13:35:18.686,1.3027,1.30335,4.80,2.80
2010.03.15 13:35:19.030,1.30275,1.30325,1.00,1.60
2010.03.15 13:35:20.057,1.3028,1.3033,1.00,1.20
2010.03.15 13:35:20.397,1.3028,1.30325,1.00,1.60
2010.03.15 13:35:22.617,1.3028,1.30325,2.40,1.60
2010.03.15 13:35:22.829,1.3028,1.30325,1.60,1.60
2010.03.15 13:35:23.059,1.3028,1.30335,1.60,1.60
2010.03.15 13:35:31.920,1.30275,1.30335,1.60,1.60
2010.03.15 13:35:32.196,1.30265,1.30325,10.80,1.60
2010.03.15 13:35:32.465,1.30265,1.30325,2.90,1.60
2010.03.15 13:35:32.737,1.3026,1.30325,2.40,2.80
2010.03.15 13:35:36.122,1.3026,1.30325,2.40,2.80
2010.03.15 13:35:36.455,1.3027,1.30315,1.00,1.60
2010.03.15 13:35:36.612,1.30265,1.30315,2.80,1.60
2010.03.15 13:35:36.765,1.30265,1.30325,2.80,1.60
2010.03.15 13:35:38.444,1.30265,1.30325,2.90,1.60
2010.03.15 13:35:38.625,1.30265,1.30325,2.80,1.60
2010.03.15 13:35:38.804,1.3026,1.30325,3.60,1.60
2010.03.15 13:35:39.150,1.3026,1.30325,2.30,2.80
2010.03.15 13:35:44.876,1.30265,1.30315,1.60,2.80
2010.03.15 13:35:45.229,1.30265,1.30305,1.00,1.60
2010.03.15 13:35:45.531,1.30265,1.30315,1.00,1.60
2010.03.15 13:35:45.826,1.30265,1.30305,1.70,1.60
2010.03.15 13:35:46.112,1.30265,1.30315,1.70,1.60
2010.03.15 13:35:46.745,1.30275,1.30315,2.80,1.60
2010.03.15 13:35:47.096,1.30265,1.30305,9.60,1.60
2010.03.15 13:35:47.443,1.30265,1.30305,4.40,1.60
2010.03.15 13:35:47.905,1.3027,1.30315,1.70,1.60
2010.03.15 13:35:48.135,1.30265,1.30325,1.70,2.80
2010.03.15 13:35:48.363,1.30265,1.30315,1.70,1.60
2010.03.15 13:35:49.294,1.3026,1.30315,2.80,1.60
2010.03.15 13:35:50.481,1.30265,1.30315,1.00,1.60
2010.03.15 13:35:50.837,1.3026,1.30305,3.70,1.60
2010.03.15 13:35:51.302,1.3026,1.30305,3.60,1.60
2010.03.15 13:35:51.887,1.30255,1.30305,2.40,1.60
2010.03.15 13:35:52.267,1.30255,1.30305,2.50,1.60
2010.03.15 13:35:52.928,1.3026,1.30305,2.50,1.60
2010.03.15 13:35:53.958,1.30255,1.30305,3.70,1.60
2010.03.15 13:35:54.725,1.3026,1.30305,3.60,1.60
2010.03.15 13:35:54.984,1.3027,1.30305,1.20,1.60
2010.03.15 13:35:56.540,1.30275,1.30315,1.60,1.60
2010.03.15 13:35:56.808,1.30275,1.30315,2.80,1.60
2010.03.15 13:35:57.067,1.30285,1.30315,1.20,1.00
2010.03.15 13:35:58.023,1.30275,1.30325,2.80,1.60
2010.03.15 13:35:58.370,1.30285,1.30335,2.80,1.00
2010.03.15 13:35:58.724,1.30295,1.30335,1.20,1.60
2010.03.15 13:35:59.086,1.30295,1.30345,2.30,1.60
2010.03.15 13:35:59.382,1.303,1.30355,2.30,1.60
2010.03.15 13:35:59.958,1.303,1.30345,2.30,1.60
2010.03.15 13:36:00.250,1.303,1.30355,2.40,1.60
2010.03.15 13:36:01.123,1.30305,1.30355,2.40,1.60
2010.03.15 13:36:01.417,1.30305,1.30355,2.00,2.40
2010.03.15 13:36:02.346,1.30305,1.30355,2.00,2.40
2010.03.15 13:36:02.566,1.30305,1.30355,2.10,2.40
2010.03.15 13:36:02.789,1.3031,1.30345,1.00,1.60
2010.03.15 13:36:03.226,1.3031,1.30355,1.00,1.60
2010.03.15 13:36:03.534,1.30305,1.30355,2.10,1.60
2010.03.15 13:36:03.738,1.30305,1.3035,2.20,1.00
2010.03.15 13:36:03.933,1.30315,1.30355,1.00,1.60
2010.03.15 13:36:04.171,1.30315,1.30355,1.00,2.30
2010.03.15 13:36:04.525,1.30305,1.30355,2.40,1.00
2010.03.15 13:36:05.207,1.30315,1.30355,1.00,1.60
2010.03.15 13:36:05.906,1.30315,1.30355,1.00,1.00
2010.03.15 13:36:06.942,1.30315,1.3036,1.00,1.00
2010.03.15 13:36:07.122,1.3031,1.3036,1.00,1.00
2010.03.15 13:36:07.300,1.3031,1.3035,1.00,1.00
2010.03.15 13:36:07.845,1.3031,1.30355,1.00,1.60
2010.03.15 13:36:08.194,1.3031,1.30355,2.40,1.60
2010.03.15 13:36:08.539,1.3031,1.30355,2.80,1.60
2010.03.15 13:36:09.368,1.30315,1.30365,1.20,2.40
2010.03.15 13:36:09.721,1.30315,1.30365,1.20,1.60
2010.03.15 13:36:10.806,1.30315,1.30355,1.20,1.00
2010.03.15 13:36:11.520,1.3031,1.3036,2.80,1.00
2010.03.15 13:36:11.818,1.30315,1.30365,1.20,1.70
2010.03.15 13:36:12.104,1.30315,1.30365,1.20,1.60
2010.03.15 13:36:12.399,1.30305,1.30355,2.80,1.00
2010.03.15 13:36:13.277,1.3031,1.3036,1.20,1.60
2010.03.15 13:36:13.580,1.30305,1.30345,2.80,1.60
2010.03.15 13:36:13.880,1.303,1.30355,2.80,1.60
2010.03.15 13:36:14.389,1.30305,1.30345,1.20,1.60
2010.03.15 13:36:16.128,1.3031,1.3037,1.20,1.60
2010.03.15 13:36:16.405,1.30315,1.3037,1.20,2.40
2010.03.15 13:36:16.692,1.3031,1.3036,1.20,1.60
2010.03.15 13:36:16.974,1.3031,1.30355,1.20,1.00
2010.03.15 13:36:18.486,1.3031,1.30355,1.20,1.60
2010.03.15 13:36:18.908,1.30305,1.30355,1.60,1.60
2010.03.15 13:36:19.107,1.30305,1.30355,1.60,1.60
2010.03.15 13:36:19.616,1.3031,1.30355,2.80,1.60
2010.03.15 13:36:20.308,1.30315,1.30365,1.20,2.30
2010.03.15 13:36:21.509,1.30315,1.30355,1.20,1.60
2010.03.15 13:36:22.201,1.30315,1.30365,1.20,2.30
2010.03.15 13:36:22.576,1.30315,1.30355,1.20,1.00
2010.03.15 13:36:25.268,1.30315,1.30355,1.20,1.60
2010.03.15 13:36:25.995,1.30315,1.30355,1.20,1.60
2010.03.15 13:36:26.655,1.30315,1.3036,1.20,1.00
2010.03.15 13:36:26.824,1.3031,1.30365,1.20,2.30
2010.03.15 13:36:26.994,1.30315,1.30355,1.20,1.60
2010.03.15 13:36:28.021,1.30315,1.30365,1.20,3.90
2010.03.15 13:36:28.286,1.30315,1.30365,1.20,2.30
2010.03.15 13:36:28.502,1.30325,1.30365,1.20,2.40
2010.03.15 13:36:28.862,1.30335,1.30365,1.20,1.00
2010.03.15 13:36:29.334,1.3032,1.30365,1.20,1.60
2010.03.15 13:36:29.681,1.3032,1.30365,1.20,1.00
2010.03.15 13:36:30.515,1.30325,1.3037,1.00,1.00
2010.03.15 13:36:30.806,1.3033,1.30365,1.00,1.00
2010.03.15 13:36:31.103,1.3032,1.30355,1.00,1.60
2010.03.15 13:36:31.394,1.3032,1.30375,1.20,1.00
2010.03.15 13:36:32.251,1.3032,1.3037,2.00,1.00
2010.03.15 13:36:32.602,1.30315,1.30355,1.20,1.60
2010.03.15 13:36:33.073,1.30305,1.30355,5.60,1.60
2010.03.15 13:36:33.264,1.3031,1.30355,1.00,1.60
2010.03.15 13:36:33.438,1.3031,1.30355,1.20,1.60
2010.03.15 13:36:33.901,1.3031,1.30365,1.20,1.60
2010.03.15 13:36:34.251,1.30325,1.3037,1.60,1.60
2010.03.15 13:36:34.604,1.30305,1.3036,4.40,1.60
2010.03.15 13:36:35.076,1.30305,1.3036,1.60,1.60
2010.03.15 13:36:35.422,1.30285,1.3035,2.20,1.60
2010.03.15 13:36:35.769,1.30285,1.30345,2.30,1.60
2010.03.15 13:36:36.372,1.30295,1.3033,1.20,1.60
2010.03.15 13:36:36.622,1.303,1.3034,1.00,1.60
2010.03.15 13:36:36.872,1.30295,1.3034,2.80,1.60
2010.03.15 13:36:37.074,1.30295,1.3034,1.60,1.60
2010.03.15 13:36:37.276,1.303,1.3036,1.00,1.00
2010.03.15 13:36:37.471,1.303,1.3036,1.60,1.60
2010.03.15 13:36:37.838,1.3031,1.3036,1.20,1.60
2010.03.15 13:36:38.035,1.303,1.3034,1.60,1.60
2010.03.15 13:36:38.384,1.30295,1.3034,1.00,1.60
2010.03.15 13:36:38.733,1.30295,1.3034,1.60,1.60
2010.03.15 13:36:39.084,1.30295,1.30335,1.60,1.60
2010.03.15 13:36:40.110,1.30305,1.30345,2.80,1.60
2010.03.15 13:36:40.648,1.3029,1.30345,6.00,1.60
2010.03.15 13:36:40.920,1.30305,1.30345,1.60,1.60
2010.03.15 13:36:41.190,1.30305,1.3035,2.80,1.00
2010.03.15 13:36:41.454,1.30295,1.30345,7.40,1.60
2010.03.15 13:36:41.724,1.30295,1.30355,1.00,1.60
2010.03.15 13:36:41.995,1.3031,1.30355,2.80,1.60
2010.03.15 13:36:42.640,1.3032,1.30355,1.60,1.60
2010.03.15 13:36:42.970,1.303,1.30345,2.40,1.60
2010.03.15 13:36:43.298,1.3029,1.30345,2.00,1.60
2010.03.15 13:36:43.827,1.3029,1.30335,2.00,1.60
2010.03.15 13:36:44.566,1.30295,1.30345,2.00,1.60
2010.03.15 13:36:44.907,1.30295,1.30335,2.00,1.60
2010.03.15 13:36:45.261,1.30295,1.3034,1.00,1.00
2010.03.15 13:36:45.790,1.303,1.30335,1.00,1.60
2010.03.15 13:36:46.047,1.303,1.30345,1.00,1.60
2010.03.15 13:36:46.306,1.30295,1.30345,1.00,1.60
2010.03.15 13:36:46.648,1.30295,1.30335,1.00,1.60
2010.03.15 13:36:47.001,1.30295,1.30345,1.00,2.80
2010.03.15 13:36:47.346,1.303,1.30335,1.00,1.60
2010.03.15 13:36:47.829,1.303,1.30335,1.00,2.80
2010.03.15 13:36:48.056,1.30295,1.30335,1.00,2.80
2010.03.15 13:36:48.176,1.30285,1.30335,1.70,2.80
2010.03.15 13:36:48.283,1.30285,1.30335,1.60,2.80
2010.03.15 13:36:48.388,1.30285,1.30335,2.80,1.60
2010.03.15 13:36:49.078,1.30285,1.30345,2.80,1.60
2010.03.15 13:36:49.430,1.30285,1.30345,2.90,1.60
2010.03.15 13:36:49.785,1.3029,1.30335,1.60,1.60
2010.03.15 13:36:50.479,1.30285,1.30335,1.60,2.80
2010.03.15 13:36:50.976,1.30295,1.30345,3.20,9.60
2010.03.15 13:36:51.329,1.30295,1.30345,1.60,1.60
2010.03.15 13:36:51.929,1.30295,1.30345,3.20,1.60
2010.03.15 13:36:52.188,1.30295,1.30345,3.20,1.60
2010.03.15 13:36:52.449,1.30295,1.30345,1.60,1.60
2010.03.15 13:36:52.841,1.30295,1.30345,3.20,1.60
2010.03.15 13:36:53.065,1.30305,1.30345,2.80,1.60
2010.03.15 13:36:53.285,1.30305,1.30355,2.80,2.40
2010.03.15 13:36:53.500,1.30305,1.30355,2.80,1.60
2010.03.15 13:36:53.846,1.3032,1.30355,1.60,1.60
2010.03.15 13:36:54.199,1.30315,1.30355,1.60,1.60
2010.03.15 13:36:54.549,1.30305,1.30355,2.80,1.60
2010.03.15 13:36:54.922,1.30305,1.30355,8.80,3.20
2010.03.15 13:36:55.268,1.3032,1.30345,1.60,1.60
2010.03.15 13:36:55.623,1.303,1.30355,1.20,1.60
2010.03.15 13:36:56.151,1.303,1.30355,6.80,1.60
2010.03.15 13:36:56.495,1.30315,1.30365,1.20,1.60
2010.03.15 13:36:56.842,1.30305,1.3036,2.80,1.00
2010.03.15 13:36:57.131,1.303,1.30355,1.20,1.00
2010.03.15 13:36:57.417,1.3031,1.30355,1.20,1.60
2010.03.15 13:36:57.853,1.30315,1.30365,1.20,1.60
2010.03.15 13:36:58.385,1.30315,1.30355,1.20,1.60
2010.03.15 13:36:58.734,1.30315,1.30365,1.20,1.60
2010.03.15 13:36:59.263,1.30315,1.30355,1.20,1.60
2010.03.15 13:37:00.472,1.30315,1.30355,1.20,1.60
2010.03.15 13:37:00.824,1.30315,1.30355,1.20,1.60
2010.03.15 13:37:01.163,1.30315,1.30355,1.20,1.60
2010.03.15 13:37:02.118,1.3031,1.30355,1.00,1.60
2010.03.15 13:37:04.313,1.3031,1.30355,1.60,1.60
2010.03.15 13:37:04.655,1.30315,1.30355,1.20,1.60
2010.03.15 13:37:05.149,1.30325,1.30355,2.80,1.60
2010.03.15 13:37:05.494,1.3033,1.30355,1.20,1.60
2010.03.15 13:37:05.844,1.3031,1.30355,2.80,1.60
2010.03.15 13:37:06.196,1.3032,1.30365,2.80,1.60
2010.03.15 13:37:06.543,1.3032,1.30355,2.80,1.60
2010.03.15 13:37:06.891,1.30325,1.30365,2.80,1.60
2010.03.15 13:37:07.342,1.30325,1.30355,2.80,1.60
2010.03.15 13:37:07.672,1.30325,1.30365,2.80,1.60
2010.03.15 13:37:07.831,1.30325,1.30365,2.80,1.60
2010.03.15 13:37:08.488,1.3033,1.3037,1.20,1.00
2010.03.15 13:37:08.946,1.3035,1.3037,1.60,1.00
2010.03.15 13:37:09.198,1.3033,1.30365,1.60,1.60
2010.03.15 13:37:09.457,1.3031,1.30355,2.40,1.60
2010.03.15 13:37:09.812,1.30315,1.30365,1.60,1.60
2010.03.15 13:37:10.175,1.30315,1.30355,2.80,1.60
2010.03.15 13:37:11.341,1.30305,1.30355,5.60,1.60
2010.03.15 13:37:11.703,1.3032,1.30355,1.60,1.60
2010.03.15 13:37:12.191,1.30305,1.30365,2.80,3.20
2010.03.15 13:37:12.533,1.30305,1.30355,2.80,1.60
2010.03.15 13:37:12.745,1.30305,1.30355,1.20,1.60
2010.03.15 13:37:13.112,1.30305,1.30345,1.00,1.60
2010.03.15 13:37:13.305,1.30315,1.30355,1.60,1.60
2010.03.15 13:37:13.506,1.30315,1.30345,1.00,1.60
2010.03.15 13:37:14.190,1.3031,1.30355,1.00,1.60
2010.03.15 13:37:14.541,1.30315,1.30355,2.80,1.60
2010.03.15 13:37:14.966,1.30315,1.30345,1.20,1.60
2010.03.15 13:37:15.314,1.30315,1.30345,1.00,1.60
2010.03.15 13:37:15.664,1.30315,1.30355,1.20,1.60
2010.03.15 13:37:16.013,1.3031,1.30355,1.20,1.60
2010.03.15 13:37:16.871,1.3032,1.30365,1.20,1.60
2010.03.15 13:37:17.264,1.3031,1.30365,2.80,1.60
2010.03.15 13:37:17.442,1.3031,1.30365,2.80,1.60
2010.03.15 13:37:17.597,1.3031,1.30365,1.20,1.60
2010.03.15 13:37:18.245,1.30315,1.30355,1.20,1.60
2010.03.15 13:37:18.941,1.3031,1.30365,2.80,1.60
2010.03.15 13:37:19.229,1.3031,1.30355,1.20,1.60
2010.03.15 13:37:19.657,1.3031,1.30345,1.00,1.60
2010.03.15 13:37:19.958,1.3031,1.30355,1.00,1.60
2010.03.15 13:37:21.581,1.30305,1.30355,1.20,1.60
2010.03.15 13:37:21.917,1.30305,1.30355,1.00,1.60
2010.03.15 13:37:22.061,1.3031,1.30355,1.20,1.60
2010.03.15 13:37:22.842,1.3031,1.30345,1.20,1.60
2010.03.15 13:37:23.192,1.303,1.30345,6.80,1.60
2010.03.15 13:37:23.554,1.30305,1.30355,1.60,1.60
2010.03.15 13:37:23.811,1.30305,1.30355,1.60,1.60
2010.03.15 13:37:24.166,1.30305,1.30345,1.60,1.60
2010.03.15 13:37:24.416,1.303,1.30345,2.80,1.60
2010.03.15 13:37:24.758,1.303,1.30355,2.80,1.60
2010.03.15 13:37:25.109,1.3031,1.30355,1.60,1.60
2010.03.15 13:37:26.729,1.3032,1.30365,1.20,1.60
2010.03.15 13:37:27.063,1.3031,1.30365,1.00,1.60
2010.03.15 13:37:27.254,1.30305,1.30365,1.00,2.80
2010.03.15 13:37:27.435,1.3031,1.30365,2.80,1.60
2010.03.15 13:37:27.611,1.3031,1.30365,2.80,1.60
2010.03.15 13:37:27.883,1.30315,1.3037,1.20,1.00
2010.03.15 13:37:28.166,1.30315,1.30365,2.80,1.60
2010.03.15 13:37:28.435,1.30315,1.30365,1.60,1.60
2010.03.15 13:37:29.596,1.3031,1.30365,2.80,1.60
2010.03.15 13:37:30.517,1.3031,1.30355,2.80,1.60
2010.03.15 13:37:30.826,1.3031,1.30365,2.80,1.60
2010.03.15 13:37:31.285,1.3031,1.30355,2.80,1.60
2010.03.15 13:37:31.532,1.3031,1.30355,3.60,1.60
2010.03.15 13:37:31.769,1.30325,1.30365,1.60,1.60
2010.03.15 13:37:31.957,1.3031,1.30355,4.00,1.60
2010.03.15 13:37:32.148,1.303,1.30365,2.80,1.60
2010.03.15 13:37:32.337,1.303,1.30365,1.60,1.60
2010.03.15 13:37:32.527,1.3031,1.30365,1.00,1.60
2010.03.15 13:37:32.841,1.3032,1.3037,4.00,1.00
2010.03.15 13:37:33.165,1.30315,1.30365,2.80,1.60
2010.03.15 13:37:33.477,1.3033,1.3037,2.80,1.00
2010.03.15 13:37:33.790,1.30315,1.30365,4.00,1.60
2010.03.15 13:37:34.104,1.3031,1.3037,1.20,1.00
2010.03.15 13:37:34.361,1.3031,1.30365,1.20,1.60
2010.03.15 13:37:34.645,1.3031,1.30355,1.20,1.60
2010.03.15 13:37:34.895,1.30315,1.30365,1.20,1.60
2010.03.15 13:37:35.469,1.30315,1.30365,2.80,1.60
2010.03.15 13:37:35.780,1.30315,1.30355,1.20,1.60
2010.03.15 13:37:36.796,1.30315,1.30365,1.20,1.60
2010.03.15 13:37:37.094,1.30315,1.30355,1.20,1.60
2010.03.15 13:37:37.476,1.3031,1.30345,1.00,1.60
2010.03.15 13:37:43.190,1.3031,1.30355,1.00,3.20
2010.03.15 13:37:43.344,1.3031,1.30355,1.20,1.60
2010.03.15 13:37:45.543,1.3031,1.30345,1.00,1.60
2010.03.15 13:37:46.746,1.30305,1.30345,1.60,1.60
2010.03.15 13:37:47.050,1.3031,1.30345,1.00,1.60
2010.03.15 13:37:47.174,1.3032,1.30345,1.20,1.60
2010.03.15 13:37:47.394,1.3032,1.30355,1.20,1.60
2010.03.15 13:37:47.583,1.3032,1.30345,1.20,1.60
2010.03.15 13:37:48.050,1.3032,1.30355,1.20,1.60
2010.03.15 13:37:49.095,1.3031,1.30355,1.20,1.60
2010.03.15 13:37:49.333,1.303,1.3034,1.20,1.60
2010.03.15 13:37:49.566,1.3031,1.3035,1.00,1.60
2010.03.15 13:37:49.803,1.303,1.3035,1.20,1.60
2010.03.15 13:37:50.155,1.303,1.3034,1.20,1.60
2010.03.15 13:37:50.843,1.3031,1.30335,1.00,1.60
2010.03.15 13:37:53.429,1.30305,1.30335,1.20,1.60
2010.03.15 13:37:53.531,1.30305,1.30345,1.20,1.60
2010.03.15 13:37:53.819,1.3031,1.30345,1.00,1.60
2010.03.15 13:37:53.920,1.3031,1.30335,1.00,1.60
2010.03.15 13:37:54.529,1.3031,1.30345,1.00,1.60
2010.03.15 13:37:54.871,1.30305,1.30345,1.20,1.60
2010.03.15 13:37:55.223,1.3031,1.30345,1.00,1.60
2010.03.15 13:37:55.984,1.3031,1.3034,1.00,1.60
2010.03.15 13:37:56.177,1.303,1.3034,1.00,1.60
2010.03.15 13:37:56.527,1.303,1.30335,1.00,1.60
2010.03.15 13:37:57.030,1.303,1.30345,1.00,1.60
2010.03.15 13:37:57.642,1.3031,1.30345,1.00,1.60
2010.03.15 13:37:57.831,1.30315,1.30345,1.60,1.60
2010.03.15 13:37:58.020,1.3031,1.30335,1.00,1.60
2010.03.15 13:37:58.280,1.3031,1.30345,1.00,1.60
2010.03.15 13:37:58.613,1.303,1.30345,1.00,1.60
2010.03.15 13:38:00.047,1.303,1.30335,1.00,1.60
2010.03.15 13:38:02.254,1.30295,1.30335,5.20,1.60
2010.03.15 13:38:02.583,1.30305,1.30345,2.80,1.60
2010.03.15 13:38:03.181,1.30305,1.30335,2.80,1.60
2010.03.15 13:38:03.759,1.3031,1.30345,2.80,1.60
2010.03.15 13:38:07.699,1.3031,1.30355,2.80,1.60
2010.03.15 13:38:08.098,1.30315,1.30355,1.20,1.60
2010.03.15 13:38:08.318,1.3031,1.30355,6.80,1.60
2010.03.15 13:38:08.381,1.3031,1.30345,8.00,1.60
2010.03.15 13:38:08.894,1.30305,1.30355,1.20,1.60
2010.03.15 13:38:09.258,1.30295,1.3035,1.00,1.00
2010.03.15 13:38:09.774,1.3029,1.30345,1.00,1.60
2010.03.15 13:38:10.120,1.3029,1.30345,1.00,4.40
2010.03.15 13:38:10.467,1.30285,1.30345,1.60,2.80
2010.03.15 13:38:10.815,1.3028,1.30335,3.60,1.60
2010.03.15 13:38:11.155,1.3028,1.30345,3.60,4.40
2010.03.15 13:38:11.494,1.3028,1.30335,3.60,1.60
2010.03.15 13:38:14.000,1.3028,1.30345,3.60,4.40
2010.03.15 13:38:14.298,1.3028,1.30335,3.60,1.60
2010.03.15 13:38:14.524,1.3029,1.30335,1.00,1.60
2010.03.15 13:38:14.976,1.3029,1.30345,1.00,1.60
2010.03.15 13:38:15.326,1.30285,1.30335,3.60,1.60
2010.03.15 13:38:16.519,1.30285,1.30345,3.60,1.60
2010.03.15 13:38:16.878,1.30285,1.30335,3.60,1.60
2010.03.15 13:38:18.529,1.3028,1.30335,1.00,1.60
2010.03.15 13:38:18.811,1.30295,1.30335,1.00,1.60
2010.03.15 13:38:19.096,1.30295,1.30345,1.20,1.60
2010.03.15 13:38:19.382,1.30305,1.30335,1.20,1.60
2010.03.15 13:38:19.875,1.3031,1.30345,1.20,1.60
2010.03.15 13:38:20.220,1.30315,1.30345,1.20,1.60
2010.03.15 13:38:21.247,1.3031,1.30345,1.20,1.60
2010.03.15 13:38:22.185,1.30315,1.30345,1.20,1.60
2010.03.15 13:38:23.077,1.3031,1.30345,1.20,1.60
2010.03.15 13:38:23.213,1.30315,1.30345,1.20,1.60
2010.03.15 13:38:25.216,1.3031,1.30345,1.20,1.60
2010.03.15 13:38:25.566,1.30315,1.30345,1.20,1.60
2010.03.15 13:38:26.186,1.3031,1.30345,1.20,1.60
2010.03.15 13:38:28.278,1.3031,1.30345,1.20,1.60
2010.03.15 13:38:28.638,1.3031,1.30345,1.20,1.60
2010.03.15 13:38:28.946,1.30315,1.30345,1.20,1.60
2010.03.15 13:38:29.245,1.30315,1.30355,1.20,1.60
2010.03.15 13:38:29.846,1.30325,1.30355,2.80,1.60
2010.03.15 13:38:30.872,1.3034,1.30365,1.60,1.60
2010.03.15 13:38:31.101,1.3033,1.30355,1.20,1.60
2010.03.15 13:38:31.332,1.3032,1.30355,1.20,1.60
2010.03.15 13:38:31.721,1.3032,1.30355,1.60,1.60
2010.03.15 13:38:31.959,1.30315,1.30355,5.20,1.60
2010.03.15 13:38:32.221,1.30315,1.30355,1.20,1.60
2010.03.15 13:38:32.486,1.30325,1.30355,2.80,1.60
2010.03.15 13:38:33.179,1.3033,1.30365,1.20,1.60
2010.03.15 13:38:33.209,1.3034,1.30365,1.60,1.60
2010.03.15 13:38:33.404,1.3034,1.30375,1.60,1.60
2010.03.15 13:38:33.589,1.3032,1.3036,2.80,1.60
2010.03.15 13:38:33.776,1.30325,1.3036,1.20,1.60
2010.03.15 13:38:34.448,1.3031,1.3037,1.20,3.20
2010.03.15 13:38:34.792,1.3031,1.30355,1.20,1.60
2010.03.15 13:38:35.314,1.30335,1.30355,1.60,1.60
2010.03.15 13:38:36.570,1.30345,1.30365,1.60,1.60
2010.03.15 13:38:38.409,1.30325,1.30365,1.60,1.60
2010.03.15 13:38:38.703,1.30325,1.30365,2.80,1.60
2010.03.15 13:38:39.169,1.3034,1.30365,1.60,1.60
2010.03.15 13:38:39.358,1.3034,1.30375,1.60,1.60
2010.03.15 13:38:39.544,1.30325,1.30375,1.20,2.40
2010.03.15 13:38:39.970,1.30325,1.30365,1.20,1.60
2010.03.15 13:38:40.331,1.30315,1.30355,5.20,1.60
2010.03.15 13:38:40.686,1.3033,1.30365,1.20,1.60
2010.03.15 13:38:50.230,1.30325,1.30355,2.80,1.60
2010.03.15 13:38:51.733,1.30315,1.30355,1.20,1.60
2010.03.15 13:38:57.594,1.30325,1.30355,1.60,1.60
2010.03.15 13:38:58.489,1.3032,1.30355,1.60,1.60
2010.03.15 13:38:58.917,1.3033,1.30355,1.60,1.60
2010.03.15 13:38:59.126,1.3032,1.30355,2.80,1.60
2010.03.15 13:39:00.156,1.3032,1.30365,2.80,1.60
2010.03.15 13:39:00.706,1.30335,1.30375,1.60,1.60
2010.03.15 13:39:00.955,1.30335,1.30375,1.60,1.60
2010.03.15 13:39:01.202,1.3033,1.30375,2.80,1.60
2010.03.15 13:39:01.482,1.30335,1.30375,1.60,1.60
2010.03.15 13:39:02.042,1.3035,1.30375,1.60,1.60
2010.03.15 13:39:02.442,1.3035,1.30375,1.60,1.60
2010.03.15 13:39:02.983,1.3034,1.3036,1.20,1.60
2010.03.15 13:39:03.103,1.30315,1.3036,1.20,1.60
2010.03.15 13:39:03.378,1.30315,1.3037,1.20,1.60
2010.03.15 13:39:03.854,1.3032,1.3037,1.00,1.60
2010.03.15 13:39:04.093,1.3032,1.30365,1.20,1.60
2010.03.15 13:39:04.610,1.30335,1.30365,1.20,1.60
2010.03.15 13:39:04.956,1.30335,1.30365,9.20,1.60
2010.03.15 13:39:05.307,1.3034,1.30365,1.20,1.60
2010.03.15 13:39:05.655,1.30335,1.30365,1.20,1.60
2010.03.15 13:39:06.010,1.30335,1.30375,1.20,1.60
2010.03.15 13:39:06.356,1.30345,1.30365,1.60,1.60
2010.03.15 13:39:06.833,1.3034,1.30365,1.20,1.60
2010.03.15 13:39:07.179,1.30335,1.30375,1.20,1.60
2010.03.15 13:39:07.528,1.3031,1.30375,1.60,1.60
2010.03.15 13:39:08.218,1.3031,1.30365,1.60,1.60
2010.03.15 13:39:09.076,1.3032,1.30365,1.00,1.60
2010.03.15 13:39:09.333,1.3032,1.30365,1.20,1.60
2010.03.15 13:39:09.938,1.3032,1.30365,1.00,1.60
2010.03.15 13:39:10.826,1.3031,1.30365,2.80,1.60
2010.03.15 13:39:11.179,1.30315,1.30365,1.20,1.60
2010.03.15 13:39:11.529,1.30315,1.3035,1.00,1.60
2010.03.15 13:39:11.879,1.30315,1.3037,1.00,1.60
2010.03.15 13:39:13.305,1.3032,1.30365,1.00,1.60
2010.03.15 13:39:13.521,1.30315,1.30365,1.00,1.60
2010.03.15 13:39:14.469,1.3031,1.30365,2.80,1.60
2010.03.15 13:39:16.175,1.3032,1.30365,1.20,1.60
2010.03.15 13:39:16.427,1.30315,1.30365,1.00,1.60
2010.03.15 13:39:17.013,1.30315,1.30365,1.20,1.60
2010.03.15 13:39:20.446,1.3032,1.30355,1.20,1.60
2010.03.15 13:39:20.762,1.3032,1.30355,1.00,1.60
2010.03.15 13:39:21.759,1.30315,1.30355,1.20,1.60
2010.03.15 13:39:22.210,1.3032,1.30355,1.00,1.60
2010.03.15 13:39:23.021,1.30315,1.30355,1.20,1.60
2010.03.15 13:39:23.381,1.30315,1.30355,1.00,1.60
2010.03.15 13:39:23.603,1.3031,1.30355,1.20,1.60
2010.03.15 13:39:24.350,1.3031,1.30355,1.20,1.60
2010.03.15 13:39:24.550,1.30315,1.30355,1.00,1.60
2010.03.15 13:39:24.901,1.3031,1.30355,2.80,1.60
2010.03.15 13:39:25.251,1.30315,1.30355,1.00,1.60
2010.03.15 13:39:28.123,1.3032,1.30355,1.00,1.60
2010.03.15 13:39:28.539,1.30315,1.30365,2.80,1.60
2010.03.15 13:39:29.122,1.3032,1.30365,1.20,1.60
2010.03.15 13:39:35.380,1.3031,1.30355,9.20,1.60
2010.03.15 13:39:35.793,1.30315,1.30355,1.00,1.60
2010.03.15 13:39:36.131,1.3032,1.30345,1.00,1.60
2010.03.15 13:39:36.475,1.3032,1.30355,1.20,1.60
2010.03.15 13:39:36.983,1.3031,1.30365,1.60,1.60
2010.03.15 13:39:37.330,1.30315,1.30365,1.00,1.60
2010.03.15 13:39:37.897,1.30315,1.30365,1.20,1.60
2010.03.15 13:39:38.187,1.3031,1.3035,2.80,1.60
2010.03.15 13:39:38.492,1.3031,1.3037,2.80,1.60
2010.03.15 13:39:39.153,1.30315,1.3037,1.20,1.60
2010.03.15 13:39:43.203,1.30315,1.30355,1.20,1.60
2010.03.15 13:39:43.981,1.30315,1.30365,1.20,1.60
2010.03.15 13:39:45.133,1.30305,1.30365,2.80,1.60
2010.03.15 13:39:45.422,1.30305,1.30355,2.80,1.60
2010.03.15 13:39:45.721,1.3031,1.30345,1.20,1.60
2010.03.15 13:39:46.308,1.3031,1.30345,1.00,1.60
2010.03.15 13:39:46.662,1.30315,1.30355,1.00,1.60
2010.03.15 13:39:47.344,1.30315,1.30345,2.80,1.60
2010.03.15 13:39:47.852,1.30315,1.30355,2.80,1.60
2010.03.15 13:39:48.355,1.30315,1.30345,1.00,1.60
2010.03.15 13:39:48.486,1.30315,1.30345,2.80,1.60
2010.03.15 13:39:48.614,1.30315,1.30355,2.80,1.60
2010.03.15 13:39:49.175,1.30315,1.30355,1.20,1.60
2010.03.15 13:39:49.525,1.30315,1.30355,1.60,1.60
2010.03.15 13:39:50.050,1.30315,1.30345,2.80,1.60
2010.03.15 13:39:50.393,1.30315,1.30355,2.80,1.60
2010.03.15 13:39:51.082,1.30315,1.30345,2.80,1.60
2010.03.15 13:39:51.421,1.30315,1.30345,1.00,1.60
2010.03.15 13:39:52.054,1.3031,1.30345,1.20,1.60
2010.03.15 13:39:52.223,1.30305,1.30345,1.60,1.60
2010.03.15 13:39:52.552,1.30305,1.30355,1.60,1.60
2010.03.15 13:39:52.784,1.3031,1.30355,1.60,1.60
2010.03.15 13:39:53.016,1.3032,1.30355,1.00,1.60
2010.03.15 13:39:55.693,1.30315,1.30365,2.80,1.60
2010.03.15 13:39:56.046,1.3032,1.30355,2.80,1.60
2010.03.15 13:39:56.394,1.3032,1.30355,1.20,1.60
2010.03.15 13:39:56.742,1.3032,1.30365,1.20,1.60
2010.03.15 13:39:57.783,1.3031,1.30355,1.60,1.60
2010.03.15 13:39:59.904,1.30315,1.30355,1.20,1.60
2010.03.15 13:40:00.252,1.3031,1.30355,1.60,1.60
2010.03.15 13:40:01.511,1.30305,1.30355,2.80,1.60
2010.03.15 13:40:01.741,1.30315,1.3034,1.00,1.60
2010.03.15 13:40:01.968,1.30315,1.3036,1.00,1.60
2010.03.15 13:40:02.251,1.30315,1.3035,1.00,1.60
2010.03.15 13:40:02.530,1.30305,1.3035,1.00,1.60
2010.03.15 13:40:02.811,1.3031,1.3034,1.20,1.60
2010.03.15 13:40:03.090,1.30315,1.30345,1.20,1.60
2010.03.15 13:40:03.483,1.3031,1.30345,1.00,1.60
2010.03.15 13:40:03.795,1.30315,1.30345,1.20,1.60
2010.03.15 13:40:04.107,1.3031,1.30355,1.00,1.60
2010.03.15 13:40:04.581,1.3031,1.30345,1.00,1.60
2010.03.15 13:40:05.479,1.3032,1.30355,1.00,1.60
2010.03.15 13:40:05.779,1.30315,1.30345,1.20,1.60
2010.03.15 13:40:06.227,1.30315,1.30355,1.20,1.60
2010.03.15 13:40:06.520,1.3032,1.30355,1.00,1.60
2010.03.15 13:40:07.705,1.30315,1.30355,1.20,1.60
2010.03.15 13:40:07.922,1.3032,1.30355,1.20,1.60
2010.03.15 13:40:08.126,1.3032,1.30355,1.20,1.60
2010.03.15 13:40:08.333,1.30315,1.30355,1.20,1.60
2010.03.15 13:40:08.685,1.30315,1.30355,1.20,1.60
2010.03.15 13:40:09.031,1.30305,1.30345,2.80,1.60
2010.03.15 13:40:09.383,1.30315,1.30355,1.20,1.60
2010.03.15 13:40:12.960,1.3031,1.30355,1.20,1.60
2010.03.15 13:40:13.286,1.3031,1.30345,1.20,1.60
2010.03.15 13:40:13.603,1.3031,1.30355,1.20,1.60
2010.03.15 13:40:15.246,1.3031,1.30345,1.20,1.60
2010.03.15 13:40:15.525,1.3031,1.30355,1.20,1.60
2010.03.15 13:40:15.806,1.3031,1.30355,2.80,1.60
2010.03.15 13:40:16.049,1.30315,1.30355,1.00,1.60
2010.03.15 13:40:16.549,1.3031,1.30345,1.00,1.60
2010.03.15 13:40:17.005,1.30315,1.30345,1.00,1.60
2010.03.15 13:40:17.669,1.30315,1.30355,1.00,1.60
2010.03.15 13:40:18.240,1.30305,1.30345,2.80,1.60
2010.03.15 13:40:18.606,1.30305,1.30355,2.80,1.60
2010.03.15 13:40:19.015,1.30315,1.30345,1.00,1.60
2010.03.15 13:40:19.361,1.30305,1.30345,1.20,1.60
2010.03.15 13:40:19.705,1.30305,1.30365,2.80,1.70
2010.03.15 13:40:20.060,1.30315,1.30345,1.00,1.60
2010.03.15 13:40:20.414,1.30315,1.30345,1.20,1.60
2010.03.15 13:40:20.941,1.30305,1.30345,2.80,1.60
2010.03.15 13:40:21.296,1.3031,1.30355,2.80,1.60
2010.03.15 13:40:22.337,1.30315,1.30355,1.20,1.60
2010.03.15 13:40:22.597,1.3031,1.30355,1.60,1.60
2010.03.15 13:40:22.855,1.3031,1.30355,1.00,1.60
2010.03.15 13:40:23.122,1.3032,1.30355,1.00,1.60
2010.03.15 13:40:23.428,1.3031,1.30355,1.00,1.60
2010.03.15 13:40:23.639,1.3031,1.30345,1.00,1.60
2010.03.15 13:40:23.851,1.3031,1.30355,1.00,1.60
2010.03.15 13:40:24.173,1.30305,1.30355,1.60,1.60
2010.03.15 13:40:24.745,1.3031,1.30345,2.80,1.60
2010.03.15 13:40:25.186,1.3031,1.30345,1.20,1.60
2010.03.15 13:40:25.541,1.3031,1.30355,1.60,1.60
2010.03.15 13:40:25.892,1.3031,1.30345,1.00,1.60
2010.03.15 13:40:26.385,1.3031,1.30355,1.00,1.60
2010.03.15 13:40:26.741,1.3031,1.30355,1.20,1.60
2010.03.15 13:40:27.050,1.30315,1.30355,1.20,1.60
2010.03.15 13:40:27.359,1.3031,1.30355,2.80,1.60
2010.03.15 13:40:27.666,1.3031,1.30355,1.60,1.60
2010.03.15 13:40:28.292,1.3031,1.30345,1.00,1.60
2010.03.15 13:40:28.720,1.3032,1.30355,1.00,1.60
2010.03.15 13:40:29.301,1.30315,1.30355,1.20,1.60
2010.03.15 13:40:29.586,1.3032,1.30355,1.00,1.60
2010.03.15 13:40:29.936,1.3031,1.30345,1.60,1.60
2010.03.15 13:40:30.625,1.3032,1.30355,1.00,1.60
2010.03.15 13:40:30.924,1.3031,1.30345,1.60,1.60
2010.03.15 13:40:31.523,1.3031,1.30355,1.60,1.60
2010.03.15 13:40:31.825,1.30315,1.30345,1.00,1.60
2010.03.15 13:40:32.104,1.3034,1.3038,1.20,1.00
2010.03.15 13:40:32.384,1.3033,1.30375,1.20,1.60
2010.03.15 13:40:32.753,1.3031,1.30375,1.20,1.60
2010.03.15 13:40:33.099,1.30325,1.30375,1.20,1.60
2010.03.15 13:40:33.942,1.30335,1.3037,1.20,1.00
2010.03.15 13:40:34.255,1.30315,1.30365,1.20,1.60
2010.03.15 13:40:34.562,1.3031,1.3037,2.80,1.00
2010.03.15 13:40:34.871,1.30315,1.30365,1.20,1.60
2010.03.15 13:40:35.522,1.3033,1.30365,1.00,1.60
2010.03.15 13:40:35.873,1.30335,1.30365,1.20,1.60
2010.03.15 13:40:36.223,1.30315,1.30365,5.20,1.60
2010.03.15 13:40:36.543,1.30315,1.30365,1.20,1.60
2010.03.15 13:40:37.174,1.3032,1.30365,1.00,1.60
2010.03.15 13:40:37.738,1.30325,1.30355,1.00,1.60
2010.03.15 13:40:38.698,1.3032,1.30365,1.20,1.60
2010.03.15 13:40:38.962,1.3033,1.30365,1.00,1.60
2010.03.15 13:40:40.086,1.30325,1.30365,1.00,1.60
2010.03.15 13:40:40.785,1.3033,1.30355,1.00,1.60
2010.03.15 13:40:41.132,1.3032,1.30345,1.00,1.60
2010.03.15 13:40:42.163,1.30325,1.30355,1.00,1.60
2010.03.15 13:40:42.952,1.3033,1.30355,1.00,1.60
2010.03.15 13:40:43.300,1.3033,1.30345,1.00,1.60
2010.03.15 13:40:43.653,1.30325,1.30345,1.00,1.60
2010.03.15 13:40:44.005,1.30335,1.3037,1.00,1.60
2010.03.15 13:40:44.515,1.30335,1.3036,1.00,1.60
2010.03.15 13:40:44.861,1.3034,1.3035,1.00,1.60
2010.03.15 13:40:45.213,1.3035,1.30355,1.00,1.60
2010.03.15 13:40:45.549,1.3034,1.3038,1.20,2.30
2010.03.15 13:40:45.887,1.3033,1.3037,1.00,1.60
2010.03.15 13:40:46.228,1.30335,1.30375,1.20,1.00
2010.03.15 13:40:46.574,1.3034,1.30365,1.00,1.60
2010.03.15 13:40:46.923,1.3033,1.30365,2.80,1.60
2010.03.15 13:40:47.627,1.30335,1.30375,1.00,2.40
2010.03.15 13:40:47.973,1.30335,1.3037,1.00,1.00
2010.03.15 13:40:48.324,1.3033,1.30365,1.60,1.60
2010.03.15 13:40:48.672,1.3033,1.30375,1.60,2.40
2010.03.15 13:40:49.018,1.3033,1.30365,1.60,1.60
2010.03.15 13:40:50.033,1.3033,1.30375,1.60,2.40
2010.03.15 13:40:50.321,1.3034,1.30375,1.60,2.30
2010.03.15 13:40:50.578,1.3034,1.30375,3.20,1.60
2010.03.15 13:40:53.158,1.3034,1.30385,1.20,2.40
2010.03.15 13:40:53.614,1.3034,1.30375,1.20,1.60
2010.03.15 13:40:53.878,1.30335,1.30375,1.00,1.60
2010.03.15 13:40:54.147,1.30335,1.30365,1.00,1.60
2010.03.15 13:40:54.752,1.30345,1.30365,1.00,1.60
2010.03.15 13:40:55.017,1.30335,1.30365,1.00,1.60
2010.03.15 13:40:55.460,1.3033,1.30365,1.20,1.60
2010.03.15 13:40:55.959,1.3033,1.30365,1.00,1.60
2010.03.15 13:40:56.314,1.30325,1.30355,1.00,1.60
2010.03.15 13:40:58.076,1.30325,1.30365,1.00,1.60
2010.03.15 13:40:58.418,1.3032,1.30355,2.80,1.60
2010.03.15 13:40:58.766,1.30325,1.30365,1.00,1.60
2010.03.15 13:41:00.357,1.30325,1.30355,1.00,1.60
2010.03.15 13:41:00.616,1.30325,1.30365,2.80,1.60
2010.03.15 13:41:00.881,1.30325,1.30355,2.80,1.60
2010.03.15 13:41:01.142,1.30335,1.30365,1.20,1.60
2010.03.15 13:41:01.495,1.30325,1.30365,1.00,1.60
2010.03.15 13:41:02.308,1.3032,1.30365,2.80,1.60
2010.03.15 13:41:02.925,1.3033,1.30365,1.20,1.60
2010.03.15 13:41:04.262,1.30325,1.30365,1.20,1.60
2010.03.15 13:41:04.964,1.30325,1.30365,2.80,1.60
2010.03.15 13:41:05.312,1.30335,1.30365,1.20,1.60
2010.03.15 13:41:06.013,1.3034,1.30365,2.80,1.60
2010.03.15 13:41:06.359,1.30345,1.30375,1.20,1.60
2010.03.15 13:41:07.037,1.3034,1.30375,1.20,1.60
2010.03.15 13:41:07.297,1.3034,1.30375,1.20,1.60
2010.03.15 13:41:07.674,1.30315,1.30375,1.20,1.60
2010.03.15 13:41:08.038,1.30315,1.30365,1.20,1.60
2010.03.15 13:41:08.729,1.3032,1.30375,1.20,1.60
2010.03.15 13:41:09.062,1.3032,1.30365,1.20,1.60
2010.03.15 13:41:09.395,1.30315,1.30375,1.00,2.80
2010.03.15 13:41:09.702,1.3032,1.30355,1.00,1.60
2010.03.15 13:41:10.135,1.3032,1.3038,1.20,4.80
2010.03.15 13:41:10.435,1.3032,1.3037,1.20,1.60
2010.03.15 13:41:12.452,1.30325,1.30365,1.00,1.60
2010.03.15 13:41:13.709,1.3032,1.30365,1.20,1.60
2010.03.15 13:41:14.004,1.3033,1.30375,1.20,4.80
2010.03.15 13:41:14.303,1.30325,1.30375,1.00,3.20
2010.03.15 13:41:14.602,1.3032,1.30375,1.20,1.60
2010.03.15 13:41:15.016,1.3032,1.30365,1.20,1.60
2010.03.15 13:41:15.706,1.30315,1.30365,5.20,1.60
2010.03.15 13:41:16.042,1.30315,1.30355,5.20,1.60
2010.03.15 13:41:16.363,1.30325,1.3038,1.20,4.80
2010.03.15 13:41:16.693,1.30315,1.3037,1.20,1.60
2010.03.15 13:41:17.159,1.30315,1.3038,1.20,1.60
2010.03.15 13:41:17.508,1.3032,1.30375,1.00,1.60
2010.03.15 13:41:17.970,1.3032,1.30375,1.20,1.60
2010.03.15 13:41:18.315,1.3033,1.30365,1.20,1.60
2010.03.15 13:41:18.663,1.30325,1.30365,1.20,1.60
2010.03.15 13:41:19.172,1.30325,1.30375,1.20,1.60
2010.03.15 13:41:25.744,1.3034,1.30375,1.20,1.60
2010.03.15 13:41:26.096,1.3032,1.30375,9.60,1.60
2010.03.15 13:41:26.443,1.3032,1.30375,1.20,1.60
2010.03.15 13:41:26.794,1.30315,1.30375,2.80,1.60
2010.03.15 13:41:27.143,1.3032,1.30375,1.20,1.60
2010.03.15 13:41:31.351,1.3032,1.30375,2.80,1.60
2010.03.15 13:41:31.640,1.3033,1.30385,1.20,5.60
2010.03.15 13:41:31.931,1.30325,1.30385,1.20,5.60
2010.03.15 13:41:32.277,1.30325,1.30385,1.20,5.60
2010.03.15 13:41:33.087,1.3032,1.3037,2.80,1.60
2010.03.15 13:41:33.437,1.3032,1.3037,1.20,1.60
2010.03.15 13:41:33.783,1.3031,1.3037,2.80,1.60
2010.03.15 13:41:34.173,1.3031,1.3038,2.80,4.40
2010.03.15 13:41:34.888,1.30315,1.30375,1.20,3.20
2010.03.15 13:41:35.240,1.30315,1.30375,1.20,3.20
2010.03.15 13:41:35.941,1.30315,1.30365,2.80,1.60
2010.03.15 13:41:36.292,1.30315,1.30365,2.80,1.60
2010.03.15 13:41:36.639,1.3031,1.3037,10.80,1.00
2010.03.15 13:41:37.150,1.3032,1.30375,1.20,1.60
2010.03.15 13:41:37.497,1.3032,1.30365,1.20,1.60
2010.03.15 13:41:37.845,1.3032,1.30375,1.20,3.20
2010.03.15 13:41:38.486,1.3032,1.30365,1.20,1.60
2010.03.15 13:41:40.294,1.3031,1.30365,10.80,1.60
2010.03.15 13:41:40.778,1.3031,1.30355,1.20,1.60
2010.03.15 13:41:41.127,1.3031,1.3036,1.60,1.20
2010.03.15 13:41:41.399,1.30315,1.30365,1.20,1.60
2010.03.15 13:41:42.206,1.30305,1.30365,3.40,1.60
2010.03.15 13:41:42.507,1.30305,1.30365,3.60,1.60
2010.03.15 13:41:42.812,1.30305,1.3037,3.60,2.80
2010.03.15 13:41:43.121,1.30315,1.30355,1.00,1.60
2010.03.15 13:41:43.469,1.30305,1.30355,1.00,1.60
2010.03.15 13:41:43.817,1.30305,1.30365,1.00,1.60
2010.03.15 13:41:44.167,1.30305,1.30365,3.60,1.60
2010.03.15 13:41:44.518,1.3031,1.30365,1.00,1.60
2010.03.15 13:41:44.949,1.30305,1.30365,3.60,1.60
2010.03.15 13:41:45.311,1.3031,1.30365,1.60,1.60
2010.03.15 13:41:45.666,1.30305,1.3037,3.60,6.00
2010.03.15 13:41:46.022,1.30315,1.30355,1.00,1.60
2010.03.15 13:41:46.369,1.30315,1.30345,1.00,1.60
2010.03.15 13:41:46.717,1.30315,1.3037,1.00,1.60
2010.03.15 13:41:47.169,1.30315,1.3036,1.00,1.60
2010.03.15 13:41:48.454,1.3031,1.30355,1.00,1.60
2010.03.15 13:41:48.689,1.3031,1.30345,1.00,1.60
2010.03.15 13:41:48.878,1.30305,1.30355,2.80,1.60
2010.03.15 13:41:49.233,1.30305,1.30355,2.80,1.60
2010.03.15 13:41:49.425,1.30315,1.30355,1.20,1.60
2010.03.15 13:41:50.134,1.30305,1.30365,2.80,1.60
2010.03.15 13:41:50.475,1.30305,1.30355,1.60,1.60
2010.03.15 13:41:50.827,1.30305,1.3036,1.20,3.20
2010.03.15 13:41:51.175,1.30305,1.30365,2.80,1.60
2010.03.15 13:41:55.128,1.30305,1.30355,2.80,1.60
2010.03.15 13:41:55.476,1.30315,1.30345,1.00,1.60
2010.03.15 13:41:57.516,1.3032,1.30345,1.00,1.60
2010.03.15 13:41:57.747,1.3032,1.30355,1.00,1.60
2010.03.15 13:41:57.979,1.3032,1.30345,1.00,1.60
2010.03.15 13:41:58.230,1.303,1.30355,1.00,1.60
2010.03.15 13:41:58.643,1.30295,1.30355,1.00,1.60
2010.03.15 13:41:58.890,1.303,1.30345,1.00,1.60
2010.03.15 13:42:00.165,1.3031,1.30355,1.20,1.60
2010.03.15 13:42:00.515,1.3031,1.30355,1.20,1.60
2010.03.15 13:42:00.863,1.3031,1.30355,1.60,1.60
2010.03.15 13:42:01.550,1.3031,1.30365,1.60,1.60
2010.03.15 13:42:02.314,1.30305,1.30365,2.80,1.60
2010.03.15 13:42:02.791,1.30305,1.30365,2.80,1.60
2010.03.15 13:42:03.050,1.30305,1.30365,2.80,1.60
2010.03.15 13:42:03.292,1.30305,1.30365,2.80,1.60
2010.03.15 13:42:05.761,1.3031,1.30365,1.60,1.60
2010.03.15 13:42:07.418,1.30305,1.30365,2.80,1.60
2010.03.15 13:42:12.157,1.30315,1.30365,1.20,1.60
2010.03.15 13:42:15.688,1.30315,1.30365,1.20,1.60
2010.03.15 13:42:16.034,1.30315,1.30375,1.20,5.60
2010.03.15 13:42:16.286,1.3031,1.30365,1.20,1.60
2010.03.15 13:42:16.542,1.3031,1.30355,1.20,1.60
2010.03.15 13:42:16.794,1.3031,1.30355,1.20,1.60
2010.03.15 13:42:17.139,1.30305,1.30355,1.60,1.60
2010.03.15 13:42:21.786,1.303,1.30345,1.20,1.60
2010.03.15 13:42:21.989,1.3031,1.30345,1.00,1.60
2010.03.15 13:42:22.187,1.3031,1.30355,1.00,1.60
2010.03.15 13:42:23.859,1.3031,1.30355,1.20,1.60
2010.03.15 13:42:24.140,1.30315,1.30355,1.60,1.60
2010.03.15 13:42:24.552,1.30315,1.30365,1.60,2.40
2010.03.15 13:42:24.897,1.3031,1.30355,2.80,1.60
2010.03.15 13:42:25.249,1.3031,1.30355,1.00,1.60
2010.03.15 13:42:25.597,1.3031,1.30345,1.20,1.60
2010.03.15 13:42:25.948,1.30315,1.30345,1.00,1.60
2010.03.15 13:42:26.298,1.30305,1.30355,5.60,1.60
2010.03.15 13:42:26.648,1.30305,1.30355,1.60,1.60
2010.03.15 13:42:26.998,1.30315,1.30355,1.00,1.60
2010.03.15 13:42:28.415,1.30315,1.30365,1.00,2.40
2010.03.15 13:42:29.891,1.30315,1.30355,1.00,1.60
2010.03.15 13:42:30.237,1.3031,1.30355,1.00,1.60
2010.03.15 13:42:32.889,1.30315,1.30345,1.00,1.60
2010.03.15 13:42:33.054,1.3031,1.30355,1.00,1.60
2010.03.15 13:42:33.484,1.30315,1.30345,1.00,1.60
2010.03.15 13:42:33.688,1.30315,1.30355,1.00,1.60
2010.03.15 13:42:34.284,1.3031,1.30345,1.00,1.60
2010.03.15 13:42:35.320,1.30305,1.30345,1.00,1.60
2010.03.15 13:42:35.594,1.3031,1.30345,1.00,1.60
2010.03.15 13:42:36.315,1.3031,1.30355,1.00,1.60
2010.03.15 13:42:36.642,1.3031,1.30345,1.00,1.60
2010.03.15 13:42:36.963,1.30315,1.30355,1.00,1.60
2010.03.15 13:42:37.651,1.30315,1.30345,1.00,1.60
2010.03.15 13:42:38.473,1.30315,1.30355,1.00,1.60
2010.03.15 13:42:39.814,1.30315,1.30355,1.20,1.60
2010.03.15 13:42:40.033,1.30315,1.30355,2.80,1.60
2010.03.15 13:42:40.491,1.30315,1.30345,1.60,1.60
2010.03.15 13:42:40.835,1.3031,1.30355,1.20,1.60
2010.03.15 13:42:41.182,1.3032,1.30355,1.00,1.60
2010.03.15 13:42:41.533,1.3032,1.30345,1.00,1.60
2010.03.15 13:42:41.882,1.3031,1.30345,1.20,1.60
2010.03.15 13:42:42.230,1.3031,1.30345,1.20,1.00
2010.03.15 13:42:42.751,1.3031,1.3035,2.80,1.00
2010.03.15 13:42:43.011,1.3032,1.3035,1.20,1.00
2010.03.15 13:42:43.273,1.3032,1.30355,2.80,1.00
2010.03.15 13:42:43.482,1.30325,1.30355,1.20,1.00
2010.03.15 13:42:43.693,1.30325,1.3035,1.20,1.00
2010.03.15 13:42:44.133,1.3033,1.3035,1.60,1.00
2010.03.15 13:42:44.344,1.30325,1.30345,6.80,1.00
2010.03.15 13:42:44.743,1.30325,1.30345,4.00,1.00
2010.03.15 13:42:45.097,1.30315,1.30345,1.20,1.00
2010.03.15 13:42:45.446,1.30315,1.3038,1.60,1.00
2010.03.15 13:42:45.788,1.30315,1.30375,1.60,1.60
2010.03.15 13:42:47.031,1.30315,1.30355,1.60,1.60
2010.03.15 13:42:47.600,1.3031,1.3034,1.60,1.60
2010.03.15 13:42:47.743,1.3031,1.3036,1.00,3.20
2010.03.15 13:42:47.890,1.3032,1.3036,1.60,3.20
2010.03.15 13:42:48.041,1.3032,1.3035,1.60,1.60
2010.03.15 13:42:48.370,1.30315,1.3035,1.60,1.60
2010.03.15 13:42:48.829,1.30315,1.30355,1.60,1.60
2010.03.15 13:42:49.507,1.30315,1.30345,1.60,1.60
2010.03.15 13:42:49.848,1.30315,1.30345,1.60,1.60
2010.03.15 13:42:50.117,1.3032,1.3037,2.80,1.60
2010.03.15 13:42:50.331,1.3032,1.3037,1.60,1.60
2010.03.15 13:42:51.108,1.3032,1.3037,1.60,1.60
2010.03.15 13:42:52.127,1.30315,1.30365,1.60,1.60
2010.03.15 13:42:52.468,1.3031,1.30355,2.80,1.60
2010.03.15 13:42:54.584,1.3031,1.30355,2.80,1.60
2010.03.15 13:42:54.886,1.3032,1.30355,1.20,1.60
2010.03.15 13:42:55.380,1.30325,1.30355,1.20,1.60
2010.03.15 13:42:55.728,1.30305,1.30355,1.60,1.60
2010.03.15 13:42:56.079,1.30305,1.30355,1.60,1.60
2010.03.15 13:42:56.560,1.3031,1.30355,1.00,1.60
2010.03.15 13:42:56.916,1.3031,1.30355,1.60,1.60
2010.03.15 13:42:57.262,1.30305,1.30355,2.80,1.60
2010.03.15 13:42:57.591,1.3031,1.30345,2.80,1.60
2010.03.15 13:42:57.925,1.3031,1.30345,3.20,1.60
2010.03.15 13:42:58.262,1.30305,1.30345,2.80,1.60
2010.03.15 13:42:59.497,1.30305,1.30345,1.20,1.60
2010.03.15 13:42:59.616,1.3031,1.30345,1.20,1.60
2010.03.15 13:42:59.742,1.30315,1.30345,1.00,1.60
2010.03.15 13:42:59.866,1.30315,1.30345,1.20,1.60
2010.03.15 13:43:00.213,1.30305,1.30355,2.80,1.60
2010.03.15 13:43:00.561,1.30315,1.30355,2.80,1.60
2010.03.15 13:43:01.588,1.30315,1.30355,1.60,1.60
2010.03.15 13:43:01.806,1.30315,1.30355,1.60,1.60
2010.03.15 13:43:02.105,1.30315,1.30345,1.60,1.60
2010.03.15 13:43:02.332,1.30305,1.30355,2.80,1.60
2010.03.15 13:43:02.528,1.30305,1.30345,2.80,1.60
2010.03.15 13:43:04.055,1.3031,1.30345,1.00,1.60
2010.03.15 13:43:04.265,1.30305,1.30345,1.20,1.60
2010.03.15 13:43:04.562,1.30305,1.30345,1.00,1.60
2010.03.15 13:43:04.881,1.30315,1.30335,1.60,1.60
2010.03.15 13:43:05.358,1.30305,1.3036,9.60,1.60
2010.03.15 13:43:05.509,1.30305,1.3035,1.60,1.60
2010.03.15 13:43:05.856,1.30305,1.3036,1.60,1.60
2010.03.15 13:43:06.206,1.30305,1.30345,1.60,1.60
2010.03.15 13:43:06.590,1.3031,1.30345,1.20,1.60
2010.03.15 13:43:07.273,1.3031,1.30355,1.20,1.60
2010.03.15 13:43:07.614,1.3031,1.30355,2.80,1.60
2010.03.15 13:43:07.835,1.30315,1.30355,1.60,1.60
2010.03.15 13:43:08.066,1.30325,1.30365,1.60,1.60
2010.03.15 13:43:08.292,1.3033,1.30365,1.60,1.60
2010.03.15 13:43:08.518,1.3033,1.3037,2.80,1.00
2010.03.15 13:43:08.995,1.3032,1.30375,2.80,2.40
2010.03.15 13:43:09.348,1.3032,1.3036,2.80,1.60
2010.03.15 13:43:09.696,1.30315,1.3037,1.60,1.60
2010.03.15 13:43:09.998,1.30315,1.3037,1.60,1.60
2010.03.15 13:43:12.576,1.30315,1.3036,1.60,1.00
2010.03.15 13:43:14.901,1.3031,1.30355,2.80,1.60
2010.03.15 13:43:15.584,1.30315,1.30355,1.20,1.60
2010.03.15 13:43:15.935,1.30305,1.30345,4.40,1.60
2010.03.15 13:43:16.284,1.30315,1.30355,1.20,1.60
2010.03.15 13:43:16.658,1.30315,1.30355,1.20,1.60
2010.03.15 13:43:19.334,1.3032,1.3034,1.20,1.60
2010.03.15 13:43:19.654,1.303,1.3034,1.60,1.60
2010.03.15 13:43:19.971,1.3031,1.3034,1.20,1.60
2010.03.15 13:43:20.292,1.3031,1.3035,1.20,1.60
2010.03.15 13:43:21.325,1.30305,1.30335,1.20,1.60
2010.03.15 13:43:21.502,1.30305,1.30335,1.20,1.60
2010.03.15 13:43:21.878,1.30315,1.3036,1.20,1.60
2010.03.15 13:43:22.062,1.3031,1.3035,1.20,1.60
2010.03.15 13:43:22.240,1.3031,1.3036,1.20,1.60
2010.03.15 13:43:22.600,1.3031,1.3035,1.20,1.60
2010.03.15 13:43:23.684,1.3032,1.30355,1.20,1.60
2010.03.15 13:43:24.374,1.3032,1.30345,1.20,1.60
2010.03.15 13:43:25.701,1.3032,1.30355,1.20,1.60
2010.03.15 13:43:26.051,1.30315,1.30345,1.20,1.60
2010.03.15 13:43:27.200,1.30315,1.30355,1.20,1.60
2010.03.15 13:43:27.550,1.30315,1.30345,1.20,1.60
2010.03.15 13:43:28.055,1.3032,1.3035,1.60,1.00
2010.03.15 13:43:28.212,1.3032,1.3035,2.80,1.00
2010.03.15 13:43:28.510,1.3032,1.30345,2.80,1.60
2010.03.15 13:43:29.233,1.3032,1.30345,1.20,1.60
2010.03.15 13:43:29.503,1.303,1.30355,2.80,1.60
2010.03.15 13:43:29.774,1.303,1.30355,4.40,1.60
2010.03.15 13:43:30.045,1.30315,1.30345,1.20,1.60
2010.03.15 13:43:30.390,1.30315,1.30355,1.20,1.60
2010.03.15 13:43:31.420,1.3032,1.30355,1.20,1.60
2010.03.15 13:43:32.110,1.3032,1.30355,1.20,1.60
2010.03.15 13:43:33.678,1.30315,1.30355,1.20,1.60
2010.03.15 13:43:45.576,1.30315,1.30355,1.20,1.60
2010.03.15 13:43:45.824,1.30315,1.30355,1.20,1.60
2010.03.15 13:43:46.073,1.30315,1.30355,2.80,1.60
2010.03.15 13:43:46.577,1.3031,1.30355,2.80,1.60
2010.03.15 13:43:46.926,1.3031,1.30355,1.20,1.60
2010.03.15 13:43:47.458,1.30315,1.30365,1.00,1.60
2010.03.15 13:43:47.810,1.3032,1.30355,1.60,1.60
2010.03.15 13:43:48.110,1.3032,1.30365,1.60,1.60
2010.03.15 13:43:48.874,1.3032,1.30355,1.60,1.60
2010.03.15 13:43:49.339,1.30325,1.30355,1.60,1.60
2010.03.15 13:43:49.815,1.3032,1.30355,1.60,1.60
2010.03.15 13:43:50.846,1.3033,1.30365,2.80,1.60
2010.03.15 13:43:51.067,1.3033,1.30355,1.20,1.60
2010.03.15 13:43:51.288,1.3031,1.30365,2.80,1.60
2010.03.15 13:43:51.629,1.3032,1.30365,1.60,1.60
2010.03.15 13:43:51.852,1.30315,1.30365,5.60,1.60
2010.03.15 13:43:52.201,1.30325,1.30365,1.60,1.60
2010.03.15 13:43:52.545,1.3033,1.30365,2.80,1.60
2010.03.15 13:43:52.899,1.30335,1.30375,1.20,2.40
2010.03.15 13:43:53.203,1.30335,1.30375,1.20,2.40
2010.03.15 13:43:53.351,1.3033,1.3037,1.60,1.00
2010.03.15 13:43:53.493,1.3033,1.30375,1.60,2.40
2010.03.15 13:43:53.913,1.3033,1.30365,1.60,1.60
2010.03.15 13:43:56.047,1.30325,1.30365,1.60,1.60
2010.03.15 13:43:56.164,1.3033,1.30365,2.80,1.60
2010.03.15 13:43:56.415,1.30335,1.3037,1.20,1.00
2010.03.15 13:43:56.533,1.30335,1.30375,1.20,2.40
2010.03.15 13:43:56.646,1.30325,1.30365,1.60,1.60
2010.03.15 13:43:56.771,1.3032,1.30365,2.80,1.60
2010.03.15 13:43:57.114,1.3032,1.30365,1.60,1.60
2010.03.15 13:43:58.521,1.3032,1.30365,1.60,1.60
2010.03.15 13:43:58.936,1.3032,1.30355,1.60,1.60
2010.03.15 13:43:59.006,1.3032,1.30365,1.60,1.60
2010.03.15 13:43:59.073,1.3032,1.30365,1.60,1.60
2010.03.15 13:43:59.141,1.30325,1.30365,1.60,1.60
2010.03.15 13:43:59.627,1.30325,1.30355,1.20,1.60
2010.03.15 13:43:59.979,1.303,1.30345,4.40,1.60
2010.03.15 13:44:01.004,1.3031,1.30355,1.00,1.60
2010.03.15 13:44:01.355,1.30315,1.30355,1.00,1.60
2010.03.15 13:44:01.582,1.3032,1.30355,2.80,1.60
2010.03.15 13:44:02.115,1.30315,1.30345,1.00,1.60
2010.03.15 13:44:02.352,1.3032,1.30345,2.80,1.60
2010.03.15 13:44:02.566,1.3032,1.30355,2.80,1.60
2010.03.15 13:44:03.382,1.3032,1.30355,1.20,1.60
2010.03.15 13:44:03.704,1.3032,1.30355,2.80,1.60
2010.03.15 13:44:05.140,1.30315,1.30355,1.20,1.60
2010.03.15 13:44:05.482,1.30325,1.30355,1.20,1.60
2010.03.15 13:44:05.832,1.30315,1.30355,1.20,1.60
2010.03.15 13:44:06.509,1.30315,1.30355,2.80,1.60
2010.03.15 13:44:07.190,1.3032,1.30365,2.80,1.60
2010.03.15 13:44:07.530,1.3032,1.30365,4.40,1.60
2010.03.15 13:44:08.973,1.3032,1.3037,4.40,1.00
2010.03.15 13:44:09.169,1.3032,1.30375,4.50,2.50
2010.03.15 13:44:09.224,1.30325,1.30375,1.60,2.40
2010.03.15 13:44:09.463,1.30335,1.30375,1.20,2.40
2010.03.15 13:44:09.519,1.3034,1.30375,1.20,1.00
2010.03.15 13:44:09.590,1.3034,1.30375,1.20,1.00
2010.03.15 13:44:10.132,1.3032,1.30365,3.20,1.00
2010.03.15 13:44:10.498,1.3031,1.30355,1.20,1.00
2010.03.15 13:44:11.005,1.3032,1.30365,1.60,1.00
2010.03.15 13:44:11.353,1.3033,1.3037,1.20,1.00
2010.03.15 13:44:11.705,1.3033,1.30365,1.20,1.00
2010.03.15 13:44:12.207,1.30325,1.30375,1.60,1.00
2010.03.15 13:44:12.553,1.3033,1.3037,1.20,1.00
2010.03.15 13:44:12.907,1.3032,1.3036,1.20,1.00
2010.03.15 13:44:13.346,1.3032,1.3037,1.20,1.00
2010.03.15 13:44:13.878,1.3032,1.3037,1.20,1.60
2010.03.15 13:44:14.158,1.30325,1.30365,1.20,1.00
2010.03.15 13:44:14.428,1.30325,1.30365,2.80,1.00
2010.03.15 13:44:14.690,1.30325,1.30365,3.60,1.00
2010.03.15 13:44:14.952,1.30325,1.3037,3.60,1.00
2010.03.15 13:44:15.306,1.30335,1.30375,1.20,2.40
2010.03.15 13:44:15.654,1.30315,1.30365,4.00,1.60
2010.03.15 13:44:16.002,1.30315,1.30365,1.20,1.60
2010.03.15 13:44:16.410,1.30325,1.30365,1.20,1.60
2010.03.15 13:44:16.760,1.3032,1.3037,1.20,1.00
2010.03.15 13:44:17.109,1.3031,1.3036,4.00,1.00
2010.03.15 13:44:17.801,1.3031,1.3035,1.20,1.00
2010.03.15 13:44:18.149,1.3031,1.3036,1.20,1.00
2010.03.15 13:44:20.414,1.3031,1.3036,2.80,1.00
2010.03.15 13:44:20.759,1.3031,1.3036,4.00,1.00
2010.03.15 13:44:21.110,1.3031,1.30355,1.20,1.60
2010.03.15 13:44:21.456,1.3031,1.3036,2.40,1.00
2010.03.15 13:44:21.719,1.3031,1.3036,4.00,1.00
2010.03.15 13:44:21.977,1.3031,1.30365,5.60,1.60
2010.03.15 13:44:22.239,1.30315,1.3036,1.60,1.00
2010.03.15 13:44:22.521,1.3032,1.30365,1.60,1.60
2010.03.15 13:44:22.904,1.3032,1.3036,4.00,1.00
2010.03.15 13:44:23.195,1.30325,1.30365,1.20,1.60
2010.03.15 13:44:23.538,1.30325,1.30365,1.20,1.00
2010.03.15 13:44:23.887,1.30325,1.30365,1.20,1.60
2010.03.15 13:44:24.309,1.30325,1.3036,1.20,1.00
2010.03.15 13:44:24.437,1.30315,1.3036,1.60,1.00
2010.03.15 13:44:24.566,1.3031,1.3036,2.40,1.00
2010.03.15 13:44:24.696,1.3031,1.30355,2.40,1.60
2010.03.15 13:44:24.827,1.3031,1.30355,1.20,1.60
2010.03.15 13:44:25.136,1.3031,1.30355,2.80,1.60
2010.03.15 13:44:25.270,1.3031,1.30365,4.00,1.60
2010.03.15 13:44:25.736,1.30315,1.30365,1.60,1.60
2010.03.15 13:44:26.446,1.30315,1.30365,1.60,1.60
2010.03.15 13:44:27.221,1.3032,1.30365,2.80,1.60
2010.03.15 13:44:27.374,1.30325,1.30375,1.20,2.40
2010.03.15 13:44:27.518,1.30325,1.30375,1.00,2.40
2010.03.15 13:44:27.872,1.30325,1.30365,1.00,1.60
2010.03.15 13:44:28.378,1.30325,1.30365,1.00,1.00
2010.03.15 13:44:28.730,1.30325,1.30375,2.00,2.40
2010.03.15 13:44:28.907,1.30325,1.3037,2.00,1.00
2010.03.15 13:44:29.085,1.30325,1.30365,1.00,1.60
2010.03.15 13:44:30.646,1.30325,1.30365,1.00,1.60
2010.03.15 13:44:32.953,1.30325,1.30365,1.00,1.60
2010.03.15 13:44:33.026,1.30325,1.3037,5.20,1.00
2010.03.15 13:44:33.235,1.30325,1.30375,1.00,2.40
2010.03.15 13:44:33.305,1.3032,1.30375,9.20,2.40
2010.03.15 13:44:33.509,1.3032,1.30375,9.20,5.60
2010.03.15 13:44:33.588,1.3032,1.30365,1.20,1.60
2010.03.15 13:44:34.334,1.3031,1.30365,1.20,1.60
2010.03.15 13:44:34.724,1.3031,1.3037,1.20,1.00
2010.03.15 13:44:34.947,1.3031,1.3036,1.20,1.00
2010.03.15 13:44:35.297,1.3031,1.3036,2.80,1.60
2010.03.15 13:44:35.644,1.30305,1.3036,10.40,1.00
2010.03.15 13:44:36.053,1.30315,1.3036,1.20,1.00
2010.03.15 13:44:36.398,1.303,1.30355,1.60,1.60
2010.03.15 13:44:36.747,1.303,1.3036,3.20,1.00
2010.03.15 13:44:37.094,1.303,1.3036,1.60,1.00
2010.03.15 13:44:37.343,1.303,1.30355,1.60,1.60
2010.03.15 13:44:39.730,1.30305,1.3035,1.60,1.00
2010.03.15 13:44:39.966,1.30305,1.3035,2.80,1.00
2010.03.15 13:44:40.127,1.303,1.30355,6.40,1.60
2010.03.15 13:44:40.286,1.303,1.3035,2.40,1.20
2010.03.15 13:44:40.445,1.303,1.3035,1.00,1.20
2010.03.15 13:44:40.796,1.30305,1.30355,1.60,1.60
2010.03.15 13:44:41.142,1.30305,1.30355,1.60,1.00
2010.03.15 13:44:41.494,1.3031,1.30355,1.60,1.00
2010.03.15 13:44:42.893,1.30305,1.30355,2.80,1.00
2010.03.15 13:44:43.255,1.30305,1.30355,2.80,1.60
2010.03.15 13:44:43.486,1.30305,1.30355,1.20,1.60
2010.03.15 13:44:43.837,1.30305,1.30345,1.20,1.00
2010.03.15 13:44:46.560,1.30305,1.30355,1.20,1.60
2010.03.15 13:44:46.901,1.303,1.30355,2.40,1.00
2010.03.15 13:44:47.394,1.303,1.3036,2.40,1.20
2010.03.15 13:44:49.809,1.303,1.30355,2.40,1.00
2010.03.15 13:44:50.150,1.30305,1.30355,1.60,1.00
2010.03.15 13:44:50.905,1.30305,1.30345,2.80,1.00
2010.03.15 13:44:51.590,1.3031,1.30365,1.20,1.00
2010.03.15 13:44:52.033,1.30305,1.3035,1.60,1.00
2010.03.15 13:44:52.378,1.303,1.3036,1.90,1.00
2010.03.15 13:44:52.725,1.303,1.3036,1.00,1.20
2010.03.15 13:44:53.074,1.303,1.30355,1.00,1.60
2010.03.15 13:44:53.423,1.303,1.30355,2.40,1.00
2010.03.15 13:44:53.917,1.303,1.30355,2.40,1.60
2010.03.15 13:44:54.262,1.30305,1.30355,1.60,1.60
2010.03.15 13:44:54.600,1.30305,1.30355,1.60,1.20
2010.03.15 13:44:55.102,1.303,1.3035,2.40,1.00
2010.03.15 13:44:55.783,1.303,1.3035,3.60,1.00
2010.03.15 13:44:57.137,1.303,1.3035,2.00,1.00
2010.03.15 13:44:57.863,1.30305,1.30355,2.80,1.60
2010.03.15 13:44:58.120,1.30305,1.30365,1.60,2.80
2010.03.15 13:44:59.017,1.30305,1.3036,1.60,1.20
2010.03.15 13:44:59.829,1.30305,1.3035,1.60,1.00
2010.03.15 13:45:00.082,1.303,1.30355,1.00,2.80
2010.03.15 13:45:00.209,1.30305,1.30365,1.60,1.20
2010.03.15 13:45:00.337,1.30305,1.3036,1.60,1.00
2010.03.15 13:45:00.781,1.30305,1.30365,1.60,2.80
2010.03.15 13:45:01.138,1.3031,1.30355,1.60,1.00
2010.03.15 13:45:01.487,1.30305,1.30355,1.60,1.00
2010.03.15 13:45:03.087,1.30305,1.30365,1.60,2.80
2010.03.15 13:45:03.167,1.3031,1.30365,2.80,1.60
2010.03.15 13:45:03.549,1.3031,1.3036,1.20,1.00
2010.03.15 13:45:03.800,1.3031,1.3035,1.20,1.00
2010.03.15 13:45:04.059,1.303,1.3035,3.60,1.00
2010.03.15 13:45:06.618,1.30305,1.3035,2.80,1.00
2010.03.15 13:45:07.147,1.303,1.3035,3.60,1.00
2010.03.15 13:45:08.166,1.30305,1.3036,2.80,1.00
2010.03.15 13:45:08.436,1.30315,1.30355,1.20,1.00
2010.03.15 13:45:08.985,1.30305,1.30365,2.80,1.60
2010.03.15 13:45:09.250,1.30305,1.30355,1.20,1.60
2010.03.15 13:45:09.506,1.30305,1.30345,1.20,1.60
2010.03.15 13:45:09.938,1.303,1.30345,1.60,1.00
2010.03.15 13:45:10.965,1.30295,1.30335,2.40,1.60
2010.03.15 13:45:11.185,1.30295,1.30335,1.60,1.60
2010.03.15 13:45:11.747,1.3029,1.30335,3.20,1.60
2010.03.15 13:45:12.719,1.30285,1.30335,2.80,1.60
2010.03.15 13:45:13.133,1.3029,1.30335,1.60,1.60
2010.03.15 13:45:13.329,1.3029,1.30335,3.20,1.60
2010.03.15 13:45:14.093,1.3029,1.30335,1.60,3.20
2010.03.15 13:45:14.366,1.30285,1.30335,2.40,4.40
2010.03.15 13:45:14.673,1.30285,1.30325,1.60,1.60
2010.03.15 13:45:14.971,1.3028,1.30325,3.60,1.60
2010.03.15 13:45:15.268,1.3028,1.30335,3.60,1.60
2010.03.15 13:45:16.485,1.3028,1.30325,3.60,1.60
2010.03.15 13:45:18.224,1.3029,1.30325,1.60,1.60
2010.03.15 13:45:18.840,1.3028,1.30325,2.80,1.60
2010.03.15 13:45:19.415,1.3028,1.30325,2.80,1.60
2010.03.15 13:45:19.654,1.3028,1.30325,1.60,1.60
2010.03.15 13:45:19.884,1.3028,1.30325,1.60,1.60
2010.03.15 13:45:20.116,1.3028,1.30325,2.80,1.60
2010.03.15 13:45:20.346,1.3028,1.30335,2.80,1.60
2010.03.15 13:45:20.694,1.30285,1.30335,1.00,1.60
2010.03.15 13:45:21.446,1.3028,1.30335,2.80,1.60
2010.03.15 13:45:21.711,1.3028,1.30325,2.80,1.60
2010.03.15 13:45:22.845,1.3028,1.30325,2.80,1.60
2010.03.15 13:45:22.997,1.3028,1.30325,1.60,1.60
2010.03.15 13:45:23.153,1.3028,1.30335,1.60,4.40
2010.03.15 13:45:23.305,1.30285,1.30335,1.60,4.40
2010.03.15 13:45:24.264,1.30285,1.30325,1.60,1.00
2010.03.15 13:45:24.960,1.30285,1.30325,1.60,1.60
2010.03.15 13:45:25.292,1.3028,1.30325,1.60,1.60
2010.03.15 13:45:25.622,1.3028,1.30325,1.60,1.60
2010.03.15 13:45:25.949,1.3028,1.30325,1.60,1.60
2010.03.15 13:45:27.722,1.3028,1.30325,1.60,1.60
2010.03.15 13:45:28.073,1.3028,1.30335,1.20,1.60
2010.03.15 13:45:28.767,1.3028,1.30335,3.60,1.60
2010.03.15 13:45:29.116,1.3029,1.30335,1.20,1.70
2010.03.15 13:45:29.635,1.3029,1.30335,1.20,1.60
2010.03.15 13:45:29.993,1.3029,1.3033,1.20,1.00
2010.03.15 13:45:30.352,1.30285,1.3033,1.20,1.00
2010.03.15 13:45:30.697,1.30295,1.30335,1.20,1.60
2010.03.15 13:45:31.046,1.30285,1.3033,2.80,1.00
2010.03.15 13:45:31.555,1.30285,1.3033,1.20,1.00
2010.03.15 13:45:31.905,1.30295,1.3033,1.20,1.00
2010.03.15 13:45:32.501,1.30295,1.30335,2.80,1.00
2010.03.15 13:45:32.800,1.303,1.30335,1.20,1.00
2010.03.15 13:45:34.091,1.303,1.30335,1.20,1.60
2010.03.15 13:45:34.323,1.303,1.30335,1.20,1.00
2010.03.15 13:45:34.542,1.303,1.30335,1.20,1.60
2010.03.15 13:45:34.938,1.30295,1.3034,1.60,1.00
2010.03.15 13:45:35.202,1.30295,1.30325,1.60,1.00
2010.03.15 13:45:36.851,1.30285,1.3033,3.60,1.00
2010.03.15 13:45:37.159,1.30285,1.3033,1.20,1.00
2010.03.15 13:45:37.800,1.30295,1.30335,1.60,1.00
2010.03.15 13:45:42.195,1.30295,1.30335,2.80,1.00
2010.03.15 13:45:42.997,1.30295,1.30335,4.40,1.00
2010.03.15 13:45:43.300,1.30305,1.3034,1.60,1.00
2010.03.15 13:45:43.599,1.30305,1.30335,1.20,1.00
2010.03.15 13:45:43.899,1.30305,1.30345,1.20,1.60
2010.03.15 13:45:44.150,1.30295,1.3034,1.20,1.00
2010.03.15 13:45:44.396,1.303,1.30335,1.20,1.60
2010.03.15 13:45:44.647,1.303,1.3033,1.20,1.00
2010.03.15 13:45:52.992,1.30305,1.3034,1.20,1.00
2010.03.15 13:45:56.285,1.30305,1.3033,1.20,1.00
2010.03.15 13:45:56.634,1.303,1.3033,1.20,1.00
2010.03.15 13:45:57.479,1.303,1.3034,1.20,1.00
2010.03.15 13:45:58.814,1.3029,1.30335,2.80,1.00
2010.03.15 13:45:59.167,1.303,1.3034,1.20,1.00
2010.03.15 13:45:59.516,1.303,1.30335,1.20,1.60
2010.03.15 13:45:59.775,1.3028,1.30325,4.80,1.00
2010.03.15 13:46:00.034,1.3028,1.30335,1.80,1.60
2010.03.15 13:46:00.298,1.30285,1.3034,1.60,1.00
2010.03.15 13:46:00.776,1.3029,1.3034,1.20,1.00
2010.03.15 13:46:01.127,1.30295,1.30335,2.80,1.60
2010.03.15 13:46:01.474,1.30295,1.3034,2.80,1.00
2010.03.15 13:46:01.828,1.30295,1.30335,4.40,1.00
2010.03.15 13:46:03.850,1.30295,1.30345,4.40,1.60
2010.03.15 13:46:04.101,1.303,1.30345,1.20,1.60
2010.03.15 13:46:04.344,1.3031,1.30345,2.80,1.60
2010.03.15 13:46:04.696,1.303,1.30345,1.20,1.60
2010.03.15 13:46:05.281,1.303,1.30345,1.20,1.00
2010.03.15 13:46:16.019,1.303,1.3034,1.20,1.00
2010.03.15 13:46:17.587,1.303,1.30345,1.20,1.60
2010.03.15 13:46:17.810,1.3029,1.3034,4.40,1.00
2010.03.15 13:46:18.181,1.303,1.3034,1.20,1.00
2010.03.15 13:46:18.405,1.303,1.3034,2.80,1.00
2010.03.15 13:46:22.028,1.3031,1.30345,1.20,1.60
2010.03.15 13:46:22.310,1.30295,1.30345,1.60,1.60
2010.03.15 13:46:22.878,1.303,1.30345,2.80,1.60
2010.03.15 13:46:23.257,1.303,1.3035,2.80,1.00
2010.03.15 13:46:23.503,1.303,1.30345,1.60,1.60
2010.03.15 13:46:23.753,1.30305,1.30345,2.80,1.60
2010.03.15 13:46:26.237,1.30305,1.30345,1.60,1.60
2010.03.15 13:46:26.489,1.30285,1.30345,8.40,1.60
2010.03.15 13:46:26.739,1.3029,1.30345,1.20,1.60
2010.03.15 13:46:26.993,1.3029,1.3034,1.60,1.00
2010.03.15 13:46:27.251,1.3029,1.30345,2.80,1.60
2010.03.15 13:46:27.749,1.30305,1.30345,2.80,1.60
2010.03.15 13:46:28.100,1.30295,1.30345,6.80,1.60
2010.03.15 13:46:28.448,1.30295,1.30345,2.80,1.60
2010.03.15 13:46:30.995,1.30295,1.3035,2.80,1.00
2010.03.15 13:46:31.340,1.3029,1.3034,4.40,1.00
2010.03.15 13:46:31.558,1.30295,1.3034,1.20,1.00
2010.03.15 13:46:31.779,1.3029,1.3034,4.40,1.00
2010.03.15 13:46:32.259,1.303,1.30345,1.60,1.60
2010.03.15 13:46:32.477,1.303,1.30345,2.80,1.00
2010.03.15 13:46:33.585,1.30305,1.30345,2.80,1.60
2010.03.15 13:46:36.572,1.30305,1.30335,2.80,1.00
2010.03.15 13:46:37.464,1.3031,1.30335,1.20,1.00
2010.03.15 13:46:37.765,1.30305,1.30335,2.80,1.00
2010.03.15 13:46:44.660,1.30305,1.30335,3.60,1.00
2010.03.15 13:46:44.761,1.30315,1.30335,1.60,1.00
2010.03.15 13:46:44.812,1.30315,1.30335,2.80,1.00
2010.03.15 13:46:44.966,1.30315,1.3034,2.80,1.00
2010.03.15 13:46:45.606,1.303,1.3036,1.60,1.60
2010.03.15 13:46:45.965,1.30295,1.3035,1.00,1.60
2010.03.15 13:46:46.425,1.30295,1.3035,1.20,1.60
2010.03.15 13:46:48.287,1.303,1.30345,1.00,1.60
2010.03.15 13:46:50.233,1.30305,1.30345,1.60,1.60
2010.03.15 13:46:50.727,1.30305,1.30345,1.60,1.60
2010.03.15 13:46:51.069,1.30305,1.30345,1.60,1.00
2010.03.15 13:46:51.413,1.30305,1.30345,1.60,1.60
2010.03.15 13:46:52.423,1.303,1.30345,1.00,1.60
2010.03.15 13:46:52.732,1.303,1.30335,1.00,1.60
2010.03.15 13:46:53.042,1.30295,1.30335,6.80,1.60
2010.03.15 13:46:53.341,1.30305,1.3034,8.00,1.00
2010.03.15 13:46:53.623,1.303,1.30345,4.80,1.60
2010.03.15 13:46:53.911,1.303,1.30345,8.40,1.60
2010.03.15 13:46:55.459,1.303,1.30345,4.40,1.60
2010.03.15 13:46:57.642,1.30295,1.30345,5.60,1.60
2010.03.15 13:46:57.878,1.30295,1.3034,1.60,1.00
2010.03.15 13:46:58.123,1.3029,1.3034,2.80,1.00
2010.03.15 13:46:58.363,1.30295,1.30345,1.00,1.60
2010.03.15 13:46:58.709,1.30295,1.30345,1.60,1.60
2010.03.15 13:46:59.955,1.30295,1.3034,1.00,1.20
2010.03.15 13:47:00.180,1.3029,1.3034,1.60,1.20
2010.03.15 13:47:00.404,1.3029,1.30345,2.90,1.60
2010.03.15 13:47:00.631,1.303,1.30345,2.80,1.60
2010.03.15 13:47:01.339,1.30295,1.30345,1.60,1.60
2010.03.15 13:47:02.518,1.30295,1.30345,1.60,1.60
2010.03.15 13:47:02.820,1.30295,1.30345,1.60,1.60
2010.03.15 13:47:05.018,1.30295,1.30345,1.60,1.60
2010.03.15 13:47:05.836,1.30295,1.30345,1.60,1.60
2010.03.15 13:47:10.354,1.3029,1.30345,1.60,3.20
2010.03.15 13:47:10.701,1.30305,1.30355,1.20,1.60
2010.03.15 13:47:11.013,1.30295,1.3034,1.60,1.60
2010.03.15 13:47:11.520,1.3029,1.30355,1.60,1.00
2010.03.15 13:47:11.874,1.30295,1.30345,1.60,1.00
2010.03.15 13:47:13.367,1.30295,1.3035,1.60,1.20
2010.03.15 13:47:14.348,1.30295,1.3034,1.60,1.00
2010.03.15 13:47:15.782,1.30295,1.3035,1.60,1.20
2010.03.15 13:47:17.848,1.30295,1.3035,1.60,1.20
2010.03.15 13:47:18.017,1.303,1.30355,1.20,1.00
2010.03.15 13:47:18.189,1.303,1.30355,1.20,1.60
2010.03.15 13:47:18.428,1.303,1.30355,2.80,1.60
2010.03.15 13:47:18.607,1.303,1.30345,1.20,1.00
2010.03.15 13:47:18.945,1.303,1.30345,1.20,1.60
2010.03.15 13:47:19.300,1.3029,1.3034,2.80,1.00
2010.03.15 13:47:24.366,1.3029,1.3033,1.20,1.00
2010.03.15 13:47:24.885,1.3029,1.3034,1.20,1.00
2010.03.15 13:47:25.238,1.30285,1.30335,2.80,1.00
2010.03.15 13:47:25.589,1.3029,1.3034,2.80,1.00
2010.03.15 13:47:26.276,1.30285,1.30335,2.80,1.60
2010.03.15 13:47:26.626,1.3029,1.3033,1.20,1.00
2010.03.15 13:47:26.978,1.30285,1.30335,1.20,1.00
2010.03.15 13:47:27.325,1.30285,1.30335,1.20,1.60
2010.03.15 13:47:27.672,1.30285,1.30335,1.20,1.00
2010.03.15 13:47:28.330,1.30285,1.30335,1.20,1.60
2010.03.15 13:47:28.655,1.30285,1.30345,2.80,1.60
2010.03.15 13:47:28.981,1.30285,1.30335,2.80,1.60
2010.03.15 13:47:29.931,1.3029,1.30345,1.60,1.60
2010.03.15 13:47:31.383,1.3029,1.3034,1.60,1.00
2010.03.15 13:47:31.565,1.30295,1.3034,1.60,1.00
2010.03.15 13:47:34.340,1.30295,1.30345,2.80,1.60
2010.03.15 13:47:34.415,1.303,1.3034,1.60,1.00
2010.03.15 13:47:34.490,1.30295,1.3034,1.60,1.00
2010.03.15 13:47:34.630,1.30295,1.30345,1.60,1.60
2010.03.15 13:47:34.913,1.30295,1.30345,1.60,1.60
2010.03.15 13:47:34.991,1.30295,1.3035,1.60,1.00
2010.03.15 13:47:35.071,1.30295,1.3035,2.80,1.00
2010.03.15 13:47:35.149,1.30295,1.30345,2.80,1.60
2010.03.15 13:47:35.718,1.30295,1.30335,1.20,1.60
2010.03.15 13:47:36.064,1.303,1.30355,1.60,1.00
2010.03.15 13:47:36.636,1.303,1.3034,2.80,1.60
2010.03.15 13:47:36.992,1.3031,1.3036,1.60,1.00
2010.03.15 13:47:37.343,1.30305,1.3036,2.80,1.60
2010.03.15 13:47:37.695,1.303,1.3035,2.80,1.60
2010.03.15 13:47:38.391,1.303,1.30355,2.80,1.60
2010.03.15 13:47:38.601,1.303,1.30345,2.80,1.00
2010.03.15 13:47:38.942,1.303,1.30345,2.80,1.60
2010.03.15 13:47:39.154,1.3031,1.30355,1.20,1.60
2010.03.15 13:47:39.701,1.303,1.30345,1.60,1.00
2010.03.15 13:47:40.050,1.30305,1.30355,1.60,1.60
2010.03.15 13:47:40.400,1.30305,1.30345,1.60,1.60
2010.03.15 13:47:40.729,1.30305,1.30345,1.60,1.00
2010.03.15 13:47:41.048,1.303,1.30345,1.60,1.00
2010.03.15 13:47:41.372,1.30305,1.30355,1.60,1.60
2010.03.15 13:47:42.724,1.303,1.30345,2.80,1.60
2010.03.15 13:47:43.045,1.30295,1.30345,1.60,1.60
2010.03.15 13:47:43.365,1.303,1.30355,5.20,1.60
2010.03.15 13:47:43.814,1.3031,1.30355,1.20,1.60
2010.03.15 13:47:44.160,1.3029,1.30345,1.60,1.60
2010.03.15 13:47:44.509,1.3029,1.30345,1.60,1.60
2010.03.15 13:47:45.579,1.3029,1.3035,2.40,1.20
2010.03.15 13:47:45.931,1.30295,1.30345,2.80,1.60
2010.03.15 13:47:46.278,1.303,1.30345,1.20,1.60
2010.03.15 13:47:47.781,1.303,1.30345,1.20,1.60
2010.03.15 13:47:47.889,1.30295,1.30345,2.80,1.60
2010.03.15 13:47:52.034,1.30295,1.3035,2.80,1.00
2010.03.15 13:47:52.293,1.303,1.3035,1.60,1.00
2010.03.15 13:47:53.832,1.3029,1.3034,2.00,1.60
2010.03.15 13:47:54.096,1.3029,1.3034,1.20,1.60
2010.03.15 13:47:54.542,1.3029,1.3033,1.20,1.60
2010.03.15 13:47:54.719,1.30285,1.3033,2.00,1.60
2010.03.15 13:47:55.406,1.30285,1.30325,3.60,1.60
2010.03.15 13:47:55.952,1.30285,1.30335,1.00,4.80
2010.03.15 13:47:56.298,1.30285,1.30325,1.00,1.60
2010.03.15 13:47:56.651,1.30285,1.3032,1.00,1.00
2010.03.15 13:47:56.996,1.30285,1.30315,1.00,1.60
2010.03.15 13:47:57.350,1.3026,1.3031,3.20,1.00
2010.03.15 13:47:58.509,1.30265,1.30315,3.20,1.60
2010.03.15 13:47:58.966,1.30265,1.30305,3.20,1.60
2010.03.15 13:47:59.264,1.30265,1.30305,3.20,1.60
2010.03.15 13:47:59.611,1.30265,1.30305,1.60,1.60
2010.03.15 13:47:59.899,1.3027,1.30305,1.20,1.60
2010.03.15 13:48:00.576,1.30265,1.30315,1.80,1.60
2010.03.15 13:48:00.751,1.3027,1.30315,1.60,1.60
2010.03.15 13:48:01.148,1.30275,1.30315,1.20,1.60
2010.03.15 13:48:01.497,1.30265,1.3031,2.00,1.00
2010.03.15 13:48:01.846,1.30275,1.30315,1.20,1.60
2010.03.15 13:48:02.339,1.30275,1.30315,1.20,1.60
2010.03.15 13:48:02.694,1.30265,1.3031,4.40,1.00
2010.03.15 13:48:02.980,1.30285,1.3033,1.20,1.00
2010.03.15 13:48:03.547,1.3029,1.30335,1.20,1.00
2010.03.15 13:48:04.180,1.303,1.3032,1.20,1.00
2010.03.15 13:48:04.528,1.3029,1.3033,1.20,1.00
2010.03.15 13:48:04.875,1.30295,1.30335,1.60,1.00
2010.03.15 13:48:05.205,1.30275,1.30335,1.20,1.00
2010.03.15 13:48:05.536,1.3028,1.3034,1.20,1.00
2010.03.15 13:48:05.865,1.3031,1.30345,1.20,1.00
2010.03.15 13:48:06.197,1.303,1.30345,1.20,1.00
2010.03.15 13:48:06.499,1.3028,1.3033,2.00,1.00
2010.03.15 13:48:06.807,1.3027,1.3032,1.20,1.60
2010.03.15 13:48:07.264,1.30295,1.30355,1.20,1.60
2010.03.15 13:48:07.542,1.30285,1.30345,2.80,1.60
2010.03.15 13:48:07.815,1.30285,1.30355,2.80,1.60
2010.03.15 13:48:08.091,1.30285,1.3036,2.80,1.00
2010.03.15 13:48:08.505,1.303,1.3034,1.20,1.00
2010.03.15 13:48:08.774,1.3029,1.3034,2.80,1.00
2010.03.15 13:48:09.029,1.30285,1.3034,1.60,4.40
2010.03.15 13:48:09.355,1.3029,1.3034,1.20,1.60
2010.03.15 13:48:09.689,1.3028,1.3034,2.80,1.00
2010.03.15 13:48:10.013,1.3028,1.30345,2.80,4.40
2010.03.15 13:48:10.366,1.3028,1.30325,1.60,1.60
2010.03.15 13:48:10.714,1.3028,1.30335,1.60,1.60
2010.03.15 13:48:11.066,1.30285,1.30355,1.60,2.80
2010.03.15 13:48:11.346,1.30285,1.30355,1.60,2.80
2010.03.15 13:48:11.891,1.3029,1.30335,1.20,1.60
2010.03.15 13:48:13.029,1.3029,1.30335,1.20,1.60
2010.03.15 13:48:13.279,1.30285,1.30335,1.00,2.80
2010.03.15 13:48:13.499,1.30295,1.30345,1.20,1.60
2010.03.15 13:48:13.716,1.30285,1.30335,1.20,1.60
2010.03.15 13:48:16.213,1.30295,1.30335,1.20,1.60
2010.03.15 13:48:16.482,1.30285,1.30335,2.80,1.60
2010.03.15 13:48:17.562,1.30295,1.30335,1.20,1.60
2010.03.15 13:48:17.877,1.3029,1.30335,1.20,1.60
2010.03.15 13:48:20.689,1.30285,1.30325,1.20,1.00
2010.03.15 13:48:22.550,1.30275,1.30325,1.60,1.60
2010.03.15 13:48:22.730,1.30265,1.30325,2.40,2.80
2010.03.15 13:48:22.968,1.30265,1.30315,2.40,1.00
2010.03.15 13:48:23.145,1.3027,1.30305,1.00,1.60
2010.03.15 13:48:23.321,1.3027,1.30315,1.00,1.60
2010.03.15 13:48:23.505,1.3027,1.3031,1.00,1.20
2010.03.15 13:48:23.687,1.3027,1.30305,1.00,1.60
2010.03.15 13:48:23.996,1.3027,1.30305,1.00,1.60
2010.03.15 13:48:24.603,1.30265,1.30305,1.00,1.60
2010.03.15 13:48:24.956,1.3027,1.30315,1.00,1.60
2010.03.15 13:48:26.631,1.30265,1.30315,1.00,1.60
2010.03.15 13:48:26.980,1.3027,1.30315,1.60,1.60
2010.03.15 13:48:27.079,1.30275,1.30315,1.60,1.60
2010.03.15 13:48:27.179,1.30275,1.30335,2.80,1.00
2010.03.15 13:48:27.469,1.3028,1.30335,1.60,1.00
2010.03.15 13:48:27.567,1.3028,1.3033,3.20,1.00
2010.03.15 13:48:27.656,1.30285,1.3033,1.20,1.00
2010.03.15 13:48:28.338,1.3029,1.30335,1.20,1.60
2010.03.15 13:48:29.022,1.3027,1.3032,1.60,1.00
2010.03.15 13:48:29.338,1.30265,1.3032,1.60,1.60
2010.03.15 13:48:29.658,1.3027,1.3032,1.60,1.00
2010.03.15 13:48:30.397,1.30275,1.30325,1.60,1.60
2010.03.15 13:48:32.185,1.30265,1.30315,2.40,1.60
2010.03.15 13:48:32.545,1.3027,1.30315,1.60,1.60
2010.03.15 13:48:32.892,1.3027,1.30315,1.60,1.00
2010.03.15 13:48:33.192,1.30275,1.30315,1.60,1.60
2010.03.15 13:48:33.488,1.3027,1.30315,2.00,1.60
2010.03.15 13:48:34.242,1.3027,1.30315,1.00,1.60
2010.03.15 13:48:34.426,1.3027,1.30315,1.00,1.60
2010.03.15 13:48:34.765,1.3027,1.30315,1.00,1.00
2010.03.15 13:48:35.107,1.3027,1.30315,1.00,1.60
2010.03.15 13:48:35.368,1.30265,1.30305,1.20,1.00
2010.03.15 13:48:35.775,1.30245,1.30305,4.00,1.60
2010.03.15 13:48:36.030,1.30255,1.30305,2.80,1.00
2010.03.15 13:48:36.288,1.3025,1.30315,2.80,1.60
2010.03.15 13:48:36.982,1.30255,1.30315,1.60,1.60
2010.03.15 13:48:37.330,1.3026,1.30315,2.80,1.60
2010.03.15 13:48:37.680,1.3026,1.30315,1.60,1.60
2010.03.15 13:48:38.028,1.3026,1.30315,2.80,1.60
2010.03.15 13:48:38.608,1.3026,1.30315,1.60,1.60
2010.03.15 13:48:38.839,1.3026,1.30315,2.80,1.60
2010.03.15 13:48:39.286,1.3026,1.30315,1.60,1.60
2010.03.15 13:48:39.606,1.3026,1.30315,2.80,1.60
2010.03.15 13:48:39.931,1.30255,1.30305,2.80,1.60
2010.03.15 13:48:40.259,1.3026,1.30305,1.60,1.60
2010.03.15 13:48:40.607,1.30255,1.30305,9.20,1.60
2010.03.15 13:48:40.957,1.3026,1.30305,1.60,1.60
2010.03.15 13:48:41.410,1.3026,1.30305,3.20,1.60
2010.03.15 13:48:41.764,1.30255,1.30305,2.80,1.60
2010.03.15 13:48:42.114,1.3026,1.30315,1.60,1.60
2010.03.15 13:48:44.649,1.3026,1.30315,1.60,1.60
2010.03.15 13:48:46.186,1.30265,1.30315,1.20,1.60
2010.03.15 13:48:46.533,1.30265,1.30315,1.20,1.60
2010.03.15 13:48:46.921,1.3026,1.30315,2.80,1.60
2010.03.15 13:48:50.238,1.3026,1.30315,1.60,1.60
2010.03.15 13:48:50.816,1.3026,1.30305,1.60,1.60
2010.03.15 13:48:51.160,1.3026,1.30315,1.60,1.60
2010.03.15 13:48:55.743,1.3026,1.30315,2.80,1.60
2010.03.15 13:49:07.131,1.3026,1.30315,1.60,1.60
2010.03.15 13:49:08.398,1.3026,1.30315,1.60,1.60
2010.03.15 13:49:08.746,1.3026,1.30315,1.60,1.60
2010.03.15 13:49:11.487,1.3026,1.30315,2.80,1.60
2010.03.15 13:49:12.452,1.30265,1.3032,1.20,1.00
2010.03.15 13:49:12.720,1.3026,1.30325,2.80,6.00
2010.03.15 13:49:12.989,1.30265,1.30315,1.20,1.60
2010.03.15 13:49:13.308,1.3026,1.30315,2.80,1.60
2010.03.15 13:49:14.328,1.3026,1.30315,1.60,1.60
2010.03.15 13:49:14.509,1.3026,1.30305,1.60,1.00
2010.03.15 13:49:14.598,1.3026,1.30305,3.20,1.00
2010.03.15 13:49:14.688,1.30265,1.30305,1.20,1.00
2010.03.15 13:49:14.776,1.30265,1.30315,1.20,1.60
2010.03.15 13:49:14.866,1.3027,1.30315,1.20,1.60
2010.03.15 13:49:17.286,1.3027,1.30305,1.20,1.00
2010.03.15 13:49:17.425,1.30265,1.30305,1.20,1.00
2010.03.15 13:49:18.085,1.30265,1.30315,1.20,1.60
2010.03.15 13:49:18.344,1.3027,1.30315,1.20,1.60
2010.03.15 13:49:19.955,1.30265,1.30305,1.20,1.00
2010.03.15 13:49:20.266,1.30265,1.30305,1.20,1.60
2010.03.15 13:49:20.725,1.30265,1.30315,1.20,1.60
2010.03.15 13:49:21.069,1.30275,1.3031,2.80,1.00
2010.03.15 13:49:21.408,1.30275,1.30315,1.60,1.60
2010.03.15 13:49:21.747,1.30275,1.3031,2.80,1.00
2010.03.15 13:49:24.543,1.30275,1.30315,1.60,1.70
2010.03.15 13:49:24.605,1.3027,1.3031,1.20,1.00
2010.03.15 13:49:24.645,1.3027,1.30315,1.20,1.60
2010.03.15 13:49:25.483,1.3027,1.30305,1.20,1.00
2010.03.15 13:49:26.027,1.30265,1.30305,1.20,1.00
2010.03.15 13:49:27.389,1.30265,1.30315,1.20,1.60
2010.03.15 13:49:39.079,1.30265,1.30305,1.20,1.60
2010.03.15 13:49:39.198,1.3027,1.30305,1.00,1.60
2010.03.15 13:49:39.527,1.30265,1.30305,1.20,1.60
2010.03.15 13:49:39.671,1.30265,1.30315,1.60,1.60
2010.03.15 13:49:39.793,1.30265,1.30315,3.20,1.60
2010.03.15 13:49:40.299,1.3027,1.30315,5.60,1.60
2010.03.15 13:49:40.653,1.3027,1.30305,1.60,1.60
2010.03.15 13:49:41.389,1.3027,1.30315,1.60,1.60
2010.03.15 13:49:42.703,1.3027,1.30325,1.60,2.80
2010.03.15 13:49:43.054,1.30275,1.3031,1.60,1.60
2010.03.15 13:49:44.073,1.30275,1.30315,1.60,1.60
2010.03.15 13:49:44.410,1.30275,1.30325,1.60,1.60
2010.03.15 13:49:44.569,1.30275,1.30315,1.60,1.60
2010.03.15 13:49:45.031,1.30275,1.30325,1.60,1.60
2010.03.15 13:49:45.512,1.30275,1.30315,1.60,1.60
2010.03.15 13:49:45.861,1.3028,1.30325,1.60,1.60
2010.03.15 13:49:47.450,1.30285,1.30325,1.20,1.60
2010.03.15 13:49:47.704,1.30265,1.30315,2.80,1.60
2010.03.15 13:49:48.050,1.30275,1.30325,1.60,1.60
2010.03.15 13:49:50.007,1.30275,1.30325,1.60,1.60
2010.03.15 13:49:50.500,1.30275,1.3032,1.60,1.00
2010.03.15 13:49:50.873,1.30275,1.30315,1.60,1.60
2010.03.15 13:49:51.220,1.30275,1.30325,1.60,1.60
2010.03.15 13:49:51.900,1.30265,1.30315,1.60,1.60
2010.03.15 13:49:53.487,1.3027,1.30315,1.60,1.60
2010.03.15 13:49:54.461,1.3027,1.30315,1.60,1.20
2010.03.15 13:49:54.627,1.3027,1.30325,1.60,1.60
2010.03.15 13:49:55.307,1.3027,1.30325,1.60,2.80
2010.03.15 13:49:55.659,1.3027,1.30315,1.60,2.80
2010.03.15 13:49:56.008,1.3027,1.30325,1.60,1.60
2010.03.15 13:49:56.393,1.3027,1.30315,1.60,1.60
2010.03.15 13:49:56.736,1.3027,1.30325,1.60,1.60
2010.03.15 13:49:58.416,1.3027,1.30325,1.60,1.60
2010.03.15 13:49:58.585,1.3027,1.3032,1.60,1.20
2010.03.15 13:50:00.155,1.3027,1.3032,1.60,1.20
2010.03.15 13:50:00.611,1.3028,1.30325,1.20,1.60
2010.03.15 13:50:00.831,1.3027,1.30325,1.20,3.20
2010.03.15 13:50:01.256,1.3027,1.30325,1.20,1.60
2010.03.15 13:50:02.128,1.3027,1.30325,1.20,3.20
2010.03.15 13:50:02.732,1.3027,1.30315,1.20,1.00
2010.03.15 13:50:03.096,1.3027,1.30315,1.20,1.60
2010.03.15 13:50:03.355,1.30275,1.3031,2.80,1.00
2010.03.15 13:50:04.285,1.3027,1.30315,1.20,1.00
2010.03.15 13:50:04.596,1.3027,1.30315,1.20,1.60
2010.03.15 13:50:06.454,1.3027,1.30305,1.20,1.00
2010.03.15 13:50:06.645,1.30265,1.30305,1.20,1.00
2010.03.15 13:50:06.914,1.3027,1.30315,1.20,1.60
2010.03.15 13:50:07.611,1.3027,1.30305,1.20,1.00
2010.03.15 13:50:07.892,1.30265,1.30305,1.20,1.00
2010.03.15 13:50:08.472,1.30265,1.30315,1.20,1.60
2010.03.15 13:50:08.763,1.3027,1.30315,1.20,1.60
2010.03.15 13:50:17.320,1.3027,1.30305,1.20,1.00
2010.03.15 13:50:17.604,1.30265,1.30305,1.20,1.00
2010.03.15 13:50:17.802,1.3026,1.3031,1.60,1.00
2010.03.15 13:50:18.070,1.3026,1.30305,1.60,1.60
2010.03.15 13:50:18.278,1.30265,1.30315,1.20,1.60
2010.03.15 13:50:19.020,1.30265,1.30305,1.20,1.60
2010.03.15 13:50:20.378,1.30265,1.30315,1.20,1.60
2010.03.15 13:50:21.204,1.30265,1.30325,2.80,5.60
2010.03.15 13:50:21.554,1.3027,1.30315,1.60,1.00
2010.03.15 13:50:21.901,1.3028,1.3032,1.60,1.60
2010.03.15 13:50:22.250,1.3028,1.30335,1.60,1.00
2010.03.15 13:50:22.601,1.30275,1.3034,1.60,5.60
2010.03.15 13:50:22.952,1.3028,1.30335,1.20,1.00
2010.03.15 13:50:23.416,1.3028,1.3033,2.80,1.00
2010.03.15 13:50:23.725,1.30285,1.3033,1.60,1.00
2010.03.15 13:50:24.991,1.30285,1.30325,1.60,1.00
2010.03.15 13:50:25.177,1.30285,1.3033,1.20,1.00
2010.03.15 13:50:25.660,1.30275,1.3032,4.40,1.00
2010.03.15 13:50:26.018,1.3027,1.30315,1.60,1.60
2010.03.15 13:50:26.365,1.3027,1.30325,2.80,1.60
2010.03.15 13:50:26.715,1.3027,1.30315,1.60,1.60
2010.03.15 13:50:27.397,1.3027,1.30315,1.60,1.00
2010.03.15 13:50:27.739,1.30265,1.30305,1.20,1.00
2010.03.15 13:50:28.808,1.30265,1.30315,1.20,1.60
2010.03.15 13:50:28.989,1.3027,1.30315,1.20,1.60
2010.03.15 13:50:33.323,1.3027,1.30305,1.20,1.00
2010.03.15 13:50:33.436,1.30265,1.30305,1.20,1.00
2010.03.15 13:50:33.927,1.30265,1.30305,1.20,1.60
2010.03.15 13:50:34.365,1.30265,1.30305,1.20,1.00
2010.03.15 13:50:34.649,1.30265,1.30315,1.20,1.60
2010.03.15 13:50:35.020,1.30265,1.30305,1.20,1.60
2010.03.15 13:50:35.506,1.3027,1.30315,1.00,1.60
2010.03.15 13:50:36.250,1.30245,1.30305,3.60,1.60
2010.03.15 13:50:36.602,1.30255,1.30305,1.00,1.60
2010.03.15 13:50:37.057,1.30255,1.30295,1.00,1.60
2010.03.15 13:50:37.421,1.3026,1.30315,1.60,1.00
2010.03.15 13:50:37.765,1.30255,1.30315,2.80,1.00
2010.03.15 13:50:38.884,1.30255,1.3031,4.40,1.00
2010.03.15 13:50:39.186,1.30255,1.3031,2.80,1.00
2010.03.15 13:50:39.487,1.30255,1.3031,1.20,1.00
2010.03.15 13:50:39.701,1.3026,1.30315,1.00,1.60
2010.03.15 13:50:40.012,1.30265,1.30315,1.20,1.60
2010.03.15 13:50:42.753,1.30265,1.30305,1.20,1.00
2010.03.15 13:50:45.323,1.30265,1.30315,1.20,1.60
2010.03.15 13:50:45.771,1.30265,1.30305,1.20,1.60
2010.03.15 13:50:45.836,1.30245,1.303,1.20,1.00
2010.03.15 13:50:46.357,1.3026,1.30305,1.20,1.00
2010.03.15 13:50:46.769,1.3025,1.303,1.20,1.00
2010.03.15 13:50:47.508,1.30255,1.3031,1.20,1.00
2010.03.15 13:50:52.240,1.30255,1.3031,1.20,1.60
2010.03.15 13:50:52.508,1.30255,1.3031,1.20,1.00
2010.03.15 13:50:52.849,1.3026,1.3032,1.00,4.40
2010.03.15 13:50:53.194,1.30265,1.30315,1.20,1.60
2010.03.15 13:50:53.545,1.3027,1.3032,1.20,1.00
2010.03.15 13:50:53.932,1.3026,1.30315,2.80,1.60
2010.03.15 13:50:54.177,1.30265,1.30315,1.00,1.60
2010.03.15 13:50:54.424,1.30265,1.3032,1.20,1.00
2010.03.15 13:50:54.663,1.3026,1.3031,1.60,1.00
2010.03.15 13:50:55.012,1.3026,1.30315,4.40,1.00
2010.03.15 13:50:55.362,1.30265,1.3032,1.20,1.00
2010.03.15 13:50:55.712,1.3026,1.3031,1.60,1.00
2010.03.15 13:50:55.981,1.3026,1.30315,4.40,1.60
2010.03.15 13:50:56.251,1.30265,1.30325,1.20,4.80
2010.03.15 13:50:56.617,1.3026,1.30325,9.60,4.90
2010.03.15 13:50:56.918,1.3026,1.30315,3.20,2.80
2010.03.15 13:50:57.214,1.30265,1.30325,1.20,4.80
2010.03.15 13:50:57.505,1.3026,1.3032,1.60,1.00
2010.03.15 13:50:57.955,1.30255,1.3031,4.40,1.00
2010.03.15 13:50:58.286,1.30265,1.3033,1.20,4.80
2010.03.15 13:50:58.626,1.30265,1.30325,1.20,1.00
2010.03.15 13:50:59.135,1.3026,1.3032,1.00,1.20
2010.03.15 13:50:59.459,1.3026,1.3031,1.60,1.20
2010.03.15 13:50:59.772,1.30255,1.3031,1.60,1.20
2010.03.15 13:51:01.120,1.30255,1.3031,3.20,1.20
2010.03.15 13:51:02.884,1.3026,1.303,1.00,1.20
2010.03.15 13:51:03.080,1.30255,1.303,1.00,1.20
2010.03.15 13:51:03.376,1.3026,1.3031,1.00,1.60
2010.03.15 13:51:03.585,1.3026,1.3031,1.00,2.80
2010.03.15 13:51:04.510,1.3025,1.30305,3.20,2.80
2010.03.15 13:51:04.867,1.30255,1.30305,1.00,1.60
2010.03.15 13:51:05.774,1.3025,1.30305,1.60,2.80
2010.03.15 13:51:08.479,1.30255,1.30305,1.00,1.60
2010.03.15 13:51:08.688,1.3025,1.30305,1.60,1.60
2010.03.15 13:51:08.979,1.3025,1.30305,1.60,2.80
2010.03.15 13:51:09.093,1.30255,1.30305,1.00,1.60
2010.03.15 13:51:10.156,1.30255,1.3031,1.00,1.20
2010.03.15 13:51:10.813,1.30255,1.3031,1.60,1.20
2010.03.15 13:51:11.146,1.30255,1.3031,1.00,1.20
2010.03.15 13:51:13.661,1.30255,1.30305,1.00,1.60
2010.03.15 13:51:14.224,1.3025,1.30295,1.60,1.00
2010.03.15 13:51:14.305,1.3025,1.30295,1.60,1.20
2010.03.15 13:51:14.520,1.30245,1.30295,3.20,1.20
2010.03.15 13:51:14.659,1.30245,1.30305,3.20,2.80
2010.03.15 13:51:18.280,1.30245,1.303,6.00,1.00
2010.03.15 13:51:18.617,1.3025,1.303,1.60,1.00
2010.03.15 13:51:19.295,1.30245,1.30305,3.20,2.80
2010.03.15 13:51:19.476,1.30245,1.303,4.40,1.00
2010.03.15 13:51:19.987,1.3025,1.303,1.60,1.00
2010.03.15 13:51:21.437,1.3025,1.30305,1.60,1.60
2010.03.15 13:51:21.664,1.30255,1.3031,2.80,1.00
2010.03.15 13:51:21.996,1.30255,1.303,1.60,1.00
2010.03.15 13:51:22.214,1.3025,1.303,2.80,1.00
2010.03.15 13:51:23.009,1.30255,1.303,1.20,1.00
2010.03.15 13:51:23.361,1.30255,1.30295,1.60,1.00
2010.03.15 13:51:23.705,1.30255,1.303,2.80,1.00
2010.03.15 13:51:24.924,1.30255,1.303,1.20,1.00
2010.03.15 13:51:26.003,1.30255,1.303,2.80,1.00
2010.03.15 13:51:26.443,1.30255,1.303,1.20,1.00
2010.03.15 13:51:26.703,1.30255,1.303,2.80,1.00
2010.03.15 13:51:26.969,1.30255,1.303,1.60,1.00
2010.03.15 13:51:27.241,1.3025,1.30305,1.00,2.80
2010.03.15 13:51:27.669,1.30255,1.30305,2.80,1.00
2010.03.15 13:51:27.854,1.30245,1.30305,4.40,1.60
2010.03.15 13:51:28.202,1.30255,1.30305,1.60,1.00
2010.03.15 13:51:29.063,1.30245,1.30305,4.40,1.00
2010.03.15 13:51:29.254,1.30245,1.30295,4.40,1.00
2010.03.15 13:51:29.618,1.30245,1.30295,1.60,1.00
2010.03.15 13:51:29.749,1.30245,1.30305,1.00,2.80
2010.03.15 13:51:29.874,1.30245,1.30305,1.00,1.20
2010.03.15 13:51:30.001,1.30245,1.30305,2.40,1.20
2010.03.15 13:51:30.243,1.3025,1.30305,1.60,1.20
2010.03.15 13:51:31.488,1.3025,1.303,2.80,1.00
2010.03.15 13:51:33.081,1.30255,1.3031,1.00,1.00
2010.03.15 13:51:33.341,1.30255,1.3031,1.60,1.00
2010.03.15 13:51:33.600,1.30255,1.3031,1.00,1.00
2010.03.15 13:51:33.876,1.30255,1.3031,1.60,1.00
2010.03.15 13:51:34.798,1.3025,1.3031,2.90,1.00
2010.03.15 13:51:35.057,1.30255,1.3031,1.60,1.00
2010.03.15 13:51:36.402,1.3025,1.30305,2.80,1.60
2010.03.15 13:51:36.754,1.3025,1.30305,1.60,2.80
2010.03.15 13:51:37.105,1.3025,1.30305,1.60,1.20
2010.03.15 13:51:37.445,1.30255,1.30305,1.00,1.60
2010.03.15 13:51:37.781,1.30255,1.3031,1.00,1.00
2010.03.15 13:51:38.122,1.30255,1.3031,1.60,1.00
2010.03.15 13:51:39.835,1.30255,1.30305,1.00,1.20
2010.03.15 13:51:39.980,1.30255,1.30305,1.00,1.60
2010.03.15 13:51:40.123,1.3025,1.30305,2.80,1.60
2010.03.15 13:51:40.273,1.3025,1.30305,1.60,2.80
2010.03.15 13:51:40.768,1.3025,1.30305,1.60,1.20
2010.03.15 13:51:40.951,1.30255,1.3031,1.00,1.00
2010.03.15 13:51:41.288,1.30255,1.3031,1.60,1.00
2010.03.15 13:51:41.628,1.30255,1.3031,1.00,1.00
2010.03.15 13:51:43.170,1.3025,1.30305,2.80,1.60
2010.03.15 13:51:43.446,1.3025,1.30305,1.60,2.80
2010.03.15 13:51:43.535,1.30255,1.3031,1.60,1.00
2010.03.15 13:51:43.847,1.30255,1.30305,1.00,1.60
2010.03.15 13:51:44.393,1.30255,1.3031,1.60,1.00
2010.03.15 13:51:45.281,1.3025,1.30305,1.60,1.20
2010.03.15 13:51:46.043,1.3025,1.30305,1.60,2.80
2010.03.15 13:51:46.390,1.3025,1.30305,2.80,1.00
2010.03.15 13:51:46.860,1.3025,1.30305,1.60,1.20
2010.03.15 13:51:48.869,1.3025,1.30305,2.80,1.60
2010.03.15 13:51:48.968,1.3025,1.303,2.80,1.00
2010.03.15 13:51:49.225,1.30255,1.303,1.60,1.00
2010.03.15 13:51:49.783,1.3025,1.303,2.80,1.00
2010.03.15 13:51:53.410,1.30255,1.303,1.60,1.00
2010.03.15 13:51:53.806,1.30255,1.3031,1.60,1.00
2010.03.15 13:51:59.472,1.30255,1.30305,1.00,1.60
2010.03.15 13:52:00.403,1.3025,1.30305,2.80,1.60
2010.03.15 13:52:00.568,1.3025,1.30305,1.60,2.80
2010.03.15 13:52:00.734,1.3025,1.30305,1.60,1.20
2010.03.15 13:52:02.663,1.30245,1.30305,3.20,1.20
2010.03.15 13:52:03.317,1.30245,1.30295,3.20,1.00
2010.03.15 13:52:03.594,1.30245,1.30295,1.60,1.00
2010.03.15 13:52:04.106,1.3025,1.303,1.00,1.20
2010.03.15 13:52:04.312,1.3025,1.30295,1.00,1.20
2010.03.15 13:52:06.693,1.3026,1.30295,1.00,1.20
2010.03.15 13:52:07.241,1.3025,1.30295,1.00,1.20
2010.03.15 13:52:12.401,1.30245,1.30295,3.20,1.20
2010.03.15 13:52:12.678,1.30245,1.30295,1.60,1.20
2010.03.15 13:52:13.030,1.3024,1.30295,1.60,1.20
2010.03.15 13:52:14.330,1.30245,1.30295,1.60,1.20
2010.03.15 13:52:14.859,1.30245,1.3029,4.40,1.00
2010.03.15 13:52:14.919,1.30245,1.303,4.40,1.00
2010.03.15 13:52:14.977,1.30245,1.30295,2.80,1.00
2010.03.15 13:52:15.026,1.30245,1.30295,1.60,1.00
2010.03.15 13:52:15.125,1.30245,1.303,1.60,1.20
2010.03.15 13:52:15.396,1.30245,1.303,4.40,1.00
2010.03.15 13:52:15.744,1.3024,1.30295,10.40,1.00
2010.03.15 13:52:16.097,1.3024,1.30295,2.30,1.00
2010.03.15 13:52:17.297,1.30245,1.303,1.00,1.20
2010.03.15 13:52:17.644,1.3024,1.30295,1.00,2.80
2010.03.15 13:52:17.962,1.3024,1.30295,1.00,2.80
2010.03.15 13:52:18.284,1.30245,1.30295,1.00,1.20
2010.03.15 13:52:18.603,1.3024,1.30295,2.40,1.20
2010.03.15 13:52:18.813,1.3024,1.30295,2.40,2.80
2010.03.15 13:52:19.137,1.30245,1.303,1.00,1.20
2010.03.15 13:52:19.348,1.3024,1.30295,2.40,2.80
2010.03.15 13:52:19.898,1.3024,1.30295,1.00,2.80
2010.03.15 13:52:20.244,1.3024,1.30295,1.00,1.20
2010.03.15 13:52:20.594,1.3024,1.30285,1.00,1.20
2010.03.15 13:52:20.907,1.3024,1.30295,1.00,2.80
2010.03.15 13:52:21.577,1.3024,1.3029,1.00,1.00
2010.03.15 13:52:21.805,1.3024,1.3028,1.00,1.20
2010.03.15 13:52:22.171,1.3024,1.30285,1.00,1.60
2010.03.15 13:52:24.003,1.3024,1.3029,1.00,1.20
2010.03.15 13:52:24.742,1.3024,1.3029,2.40,1.20
2010.03.15 13:52:24.892,1.3024,1.30295,2.40,2.80
2010.03.15 13:52:25.325,1.3025,1.30295,1.00,1.60
2010.03.15 13:52:25.573,1.3025,1.30295,1.60,1.60
2010.03.15 13:52:27.589,1.3024,1.30295,2.80,1.60
2010.03.15 13:52:27.921,1.30245,1.30295,1.00,2.80
2010.03.15 13:52:27.955,1.30245,1.30295,1.00,4.40
2010.03.15 13:52:28.146,1.30245,1.3029,1.00,1.20
2010.03.15 13:52:30.569,1.3024,1.30295,1.60,1.60
2010.03.15 13:52:30.984,1.30245,1.3029,1.00,1.20
2010.03.15 13:52:33.797,1.3024,1.3029,1.60,1.20
2010.03.15 13:52:33.891,1.3025,1.30295,1.60,1.00
2010.03.15 13:52:33.958,1.3025,1.30295,1.60,1.60
2010.03.15 13:52:34.876,1.3025,1.30295,1.60,1.00
2010.03.15 13:52:35.315,1.3025,1.30295,1.60,1.60
2010.03.15 13:52:36.793,1.3023,1.3029,5.20,1.00
2010.03.15 13:52:37.028,1.30235,1.30295,1.00,1.70
2010.03.15 13:52:37.697,1.30245,1.303,1.60,3.20
2010.03.15 13:52:38.345,1.3024,1.30295,1.00,4.40
2010.03.15 13:52:38.552,1.3024,1.303,1.00,6.00
2010.03.15 13:52:38.762,1.3024,1.30295,1.00,4.40
2010.03.15 13:52:40.816,1.3024,1.30295,1.00,2.80
2010.03.15 13:52:40.935,1.3024,1.303,1.00,4.40
2010.03.15 13:52:41.054,1.3024,1.303,1.00,4.40
2010.03.15 13:52:41.338,1.30245,1.303,1.60,2.80
2010.03.15 13:52:42.044,1.3024,1.3029,1.00,1.20
2010.03.15 13:52:42.387,1.3024,1.3029,1.00,1.20
2010.03.15 13:52:45.153,1.3024,1.3029,1.00,1.20
2010.03.15 13:52:45.223,1.3024,1.30285,1.00,1.20
2010.03.15 13:52:46.393,1.30235,1.30285,1.00,2.80
2010.03.15 13:52:46.892,1.3024,1.3029,1.00,1.20
2010.03.15 13:52:48.329,1.30245,1.3029,1.00,1.20
2010.03.15 13:52:48.483,1.30245,1.303,1.00,6.00
2010.03.15 13:52:48.776,1.30225,1.3029,2.40,2.80
2010.03.15 13:52:48.930,1.3023,1.30295,1.00,2.80
2010.03.15 13:52:49.087,1.30235,1.3029,1.00,1.20
2010.03.15 13:52:49.360,1.30235,1.303,1.00,6.00
2010.03.15 13:52:49.625,1.30235,1.30305,1.60,7.60
2010.03.15 13:52:51.144,1.3024,1.303,1.60,7.60
2010.03.15 13:52:51.504,1.3025,1.303,1.60,1.00
2010.03.15 13:52:51.912,1.3025,1.303,2.80,1.00
2010.03.15 13:52:52.602,1.30255,1.303,4.40,1.00
2010.03.15 13:52:52.943,1.30255,1.30305,1.60,1.00
2010.03.15 13:52:53.614,1.30255,1.303,1.60,1.00
2010.03.15 13:52:55.711,1.30255,1.303,3.20,1.00
2010.03.15 13:52:55.932,1.30255,1.303,1.60,1.00
2010.03.15 13:52:57.697,1.30245,1.30295,1.60,1.00
2010.03.15 13:52:57.852,1.3024,1.30295,1.70,1.70
2010.03.15 13:52:58.153,1.30245,1.30305,3.20,2.80
2010.03.15 13:52:58.302,1.30255,1.30305,1.60,1.20
2010.03.15 13:52:59.812,1.30255,1.30295,1.60,1.20
2010.03.15 13:52:59.940,1.30235,1.30295,3.20,1.20
2010.03.15 13:53:00.182,1.3024,1.303,1.60,2.80
2010.03.15 13:53:00.839,1.30235,1.303,3.20,2.80
2010.03.15 13:53:01.069,1.30245,1.303,1.60,2.80
2010.03.15 13:53:02.926,1.3024,1.303,3.20,2.80
2010.03.15 13:53:03.435,1.30245,1.303,1.60,2.80
2010.03.15 13:53:03.688,1.30245,1.303,1.60,1.60
2010.03.15 13:53:03.994,1.30245,1.303,3.20,1.00
2010.03.15 13:53:04.175,1.30255,1.30295,1.60,2.80
2010.03.15 13:53:04.359,1.30245,1.30295,1.60,1.20
2010.03.15 13:53:08.441,1.30245,1.30295,3.20,1.00
2010.03.15 13:53:08.990,1.30245,1.30285,3.20,1.00
2010.03.15 13:53:09.265,1.30255,1.30305,1.20,1.00
2010.03.15 13:53:09.651,1.30255,1.303,1.20,1.00
2010.03.15 13:53:09.847,1.30245,1.303,9.60,1.00
2010.03.15 13:53:10.042,1.30245,1.303,1.60,1.00
2010.03.15 13:53:14.400,1.30245,1.30285,1.60,1.00
2010.03.15 13:53:14.944,1.30245,1.30295,1.60,1.00
2010.03.15 13:53:16.213,1.30245,1.30295,3.20,1.00
2010.03.15 13:53:16.562,1.30255,1.303,2.80,1.00
2010.03.15 13:53:16.910,1.30245,1.30295,12.40,1.00
2010.03.15 13:53:17.258,1.30245,1.30295,3.20,1.00
2010.03.15 13:53:17.778,1.30255,1.303,2.80,1.00
2010.03.15 13:53:18.088,1.30255,1.303,4.40,1.00
2010.03.15 13:53:18.408,1.30245,1.303,4.40,1.00
2010.03.15 13:53:18.727,1.30245,1.303,4.40,1.00
2010.03.15 13:53:18.968,1.30245,1.30305,3.20,1.60
2010.03.15 13:53:19.207,1.3025,1.30305,1.00,1.60
2010.03.15 13:53:19.449,1.30255,1.3031,1.60,3.60
2010.03.15 13:53:19.686,1.30255,1.3031,1.60,2.80
2010.03.15 13:53:19.948,1.30255,1.303,1.60,1.00
2010.03.15 13:53:20.379,1.30255,1.3031,1.60,2.80
2010.03.15 13:53:22.575,1.30255,1.3031,1.60,1.20
2010.03.15 13:53:23.003,1.3025,1.30305,1.60,1.20
2010.03.15 13:53:23.350,1.30255,1.30295,1.60,1.20
2010.03.15 13:53:23.688,1.30255,1.30315,1.60,2.00
2010.03.15 13:53:24.168,1.30255,1.30315,1.60,1.20
2010.03.15 13:53:24.835,1.30255,1.303,1.60,1.20
2010.03.15 13:53:25.133,1.30255,1.30305,1.60,1.00
2010.03.15 13:53:26.735,1.30255,1.3029,1.60,1.00
2010.03.15 13:53:27.087,1.30245,1.3029,3.20,1.00
2010.03.15 13:53:27.427,1.30255,1.3029,1.60,1.00
2010.03.15 13:53:27.983,1.3025,1.3029,1.60,1.00
2010.03.15 13:53:28.265,1.30245,1.3029,3.20,1.00
2010.03.15 13:53:28.545,1.30245,1.3029,1.60,1.00
2010.03.15 13:53:29.757,1.30245,1.303,1.60,1.00
2010.03.15 13:53:30.085,1.30245,1.30295,1.60,1.20
2010.03.15 13:53:30.413,1.30245,1.30295,3.20,1.20
2010.03.15 13:53:31.584,1.30245,1.30295,1.60,1.20
2010.03.15 13:53:32.231,1.30245,1.30295,3.20,1.20
2010.03.15 13:53:33.315,1.30245,1.30305,4.40,1.20
2010.03.15 13:53:33.666,1.30255,1.3031,1.60,4.00
2010.03.15 13:53:33.884,1.3025,1.30315,2.80,3.60
2010.03.15 13:53:34.321,1.3025,1.30315,2.80,6.80
2010.03.15 13:53:35.612,1.3025,1.30305,2.80,1.60
2010.03.15 13:53:35.723,1.3025,1.30305,1.60,1.60
2010.03.15 13:53:35.832,1.3025,1.30295,1.60,1.00
2010.03.15 13:53:37.204,1.3026,1.30305,1.60,1.00
2010.03.15 13:53:38.203,1.3026,1.30315,1.60,1.00
2010.03.15 13:53:38.762,1.30265,1.30305,1.60,1.00
2010.03.15 13:53:47.102,1.30265,1.30315,1.60,1.00
2010.03.15 13:53:47.295,1.30255,1.3031,1.60,1.20
2010.03.15 13:53:47.921,1.30265,1.3031,1.60,1.20
2010.03.15 13:53:48.184,1.30265,1.3031,1.60,1.20
2010.03.15 13:53:48.529,1.3026,1.3031,1.00,1.20
2010.03.15 13:53:49.300,1.30265,1.3032,1.60,1.20
2010.03.15 13:53:49.965,1.30265,1.3031,1.60,1.00
2010.03.15 13:53:50.238,1.3026,1.30315,1.00,1.60
2010.03.15 13:53:50.378,1.3026,1.30315,2.80,1.60
2010.03.15 13:53:50.827,1.3026,1.30315,2.80,1.00
2010.03.15 13:53:51.302,1.30265,1.30315,1.60,1.00
2010.03.15 13:53:51.654,1.30275,1.30325,1.60,3.60
2010.03.15 13:53:52.001,1.30275,1.30325,3.20,2.40
2010.03.15 13:53:52.668,1.30275,1.30325,3.20,1.00
2010.03.15 13:53:53.817,1.30285,1.30325,1.60,1.00
2010.03.15 13:53:54.310,1.30285,1.30325,1.60,1.00
2010.03.15 13:53:54.737,1.30275,1.30325,3.20,1.00
2010.03.15 13:53:56.802,1.30285,1.30325,1.60,1.00
2010.03.15 13:53:57.038,1.30285,1.30325,1.60,1.00
2010.03.15 13:53:57.427,1.3028,1.30325,1.00,1.00
2010.03.15 13:53:57.672,1.30275,1.3032,1.60,2.80
2010.03.15 13:53:58.024,1.30275,1.3033,3.20,2.00
2010.03.15 13:53:58.368,1.30275,1.3033,3.20,1.20
2010.03.15 13:53:58.718,1.3028,1.30335,1.00,5.20
2010.03.15 13:53:59.115,1.30285,1.30335,1.60,3.60
2010.03.15 13:54:00.048,1.30285,1.30325,1.60,1.00
2010.03.15 13:54:00.505,1.30285,1.30335,1.60,3.60
2010.03.15 13:54:01.436,1.30275,1.30325,3.20,1.60
2010.03.15 13:54:01.646,1.30275,1.30335,3.20,3.60
2010.03.15 13:54:01.983,1.30275,1.30335,3.20,2.80
2010.03.15 13:54:02.205,1.30275,1.3033,4.80,1.00
2010.03.15 13:54:02.551,1.30285,1.30335,1.60,1.00
2010.03.15 13:54:03.068,1.30285,1.30335,3.20,1.00
2010.03.15 13:54:03.418,1.30285,1.30335,3.20,1.00
2010.03.15 13:54:03.769,1.30285,1.30335,8.40,1.00
2010.03.15 13:54:04.118,1.30285,1.30335,1.60,1.20
2010.03.15 13:54:04.464,1.3028,1.30335,1.60,2.80
2010.03.15 13:54:06.256,1.3028,1.30335,1.60,1.60
2010.03.15 13:54:06.522,1.3028,1.30325,1.60,2.80
2010.03.15 13:54:06.790,1.30275,1.30325,1.00,2.80
2010.03.15 13:54:08.049,1.30265,1.30315,1.00,2.80
2010.03.15 13:54:08.462,1.3026,1.30315,1.00,4.40
2010.03.15 13:54:08.703,1.3027,1.30325,1.00,7.60
2010.03.15 13:54:08.938,1.3027,1.30325,1.00,4.40
2010.03.15 13:54:09.236,1.3027,1.30325,1.20,1.00
2010.03.15 13:54:09.537,1.30265,1.30325,3.20,1.20
2010.03.15 13:54:09.835,1.30265,1.30325,3.20,2.80
2010.03.15 13:54:10.269,1.30265,1.3032,3.20,1.00
2010.03.15 13:54:10.426,1.30265,1.3032,1.60,1.00
2010.03.15 13:54:14.449,1.3026,1.3032,1.20,3.20
2010.03.15 13:54:17.059,1.30265,1.3032,1.60,3.20
2010.03.15 13:54:17.798,1.3026,1.3032,1.20,3.20
2010.03.15 13:54:18.117,1.30265,1.3032,1.60,3.20
2010.03.15 13:54:19.706,1.30265,1.3032,1.60,1.00
2010.03.15 13:54:19.884,1.3027,1.3033,1.20,1.60
2010.03.15 13:54:20.062,1.3027,1.30325,1.20,1.00
2010.03.15 13:54:20.604,1.30275,1.30325,1.20,1.00
2010.03.15 13:54:21.630,1.30275,1.30325,2.80,1.00
2010.03.15 13:54:21.973,1.30275,1.30325,1.20,1.00
2010.03.15 13:54:23.408,1.30275,1.30325,2.80,1.00
2010.03.15 13:54:24.317,1.3028,1.30325,1.20,1.00
2010.03.15 13:54:24.620,1.30275,1.30325,2.80,1.00
2010.03.15 13:54:24.921,1.30275,1.30325,1.20,1.00
2010.03.15 13:54:25.275,1.3027,1.3032,1.20,1.00
2010.03.15 13:54:26.430,1.3027,1.30325,1.20,3.20
2010.03.15 13:54:27.894,1.3027,1.3032,1.20,1.00
2010.03.15 13:54:28.907,1.3027,1.30325,1.20,3.20
2010.03.15 13:54:29.792,1.30275,1.30325,1.20,1.60
2010.03.15 13:54:34.137,1.3027,1.30325,1.20,3.20
2010.03.15 13:54:34.451,1.3027,1.3032,1.20,1.00
2010.03.15 13:54:34.651,1.3027,1.30315,1.20,1.00
2010.03.15 13:54:34.963,1.3027,1.30315,1.20,1.00
2010.03.15 13:54:35.166,1.30265,1.3032,4.40,1.00
2010.03.15 13:54:35.997,1.30275,1.3032,1.60,1.00
2010.03.15 13:54:36.820,1.30275,1.30325,2.80,1.60
2010.03.15 13:54:37.129,1.30275,1.3032,1.60,1.00
2010.03.15 13:54:37.702,1.30265,1.30325,13.20,1.60
2010.03.15 13:54:37.969,1.30275,1.3032,2.80,1.00
2010.03.15 13:54:38.238,1.30275,1.30315,1.60,1.00
2010.03.15 13:54:39.616,1.30265,1.3031,4.40,1.00
2010.03.15 13:54:39.779,1.30275,1.3033,1.20,3.20
2010.03.15 13:54:40.094,1.30275,1.30315,1.20,1.00
2010.03.15 13:54:40.259,1.30265,1.30315,4.40,1.00
2010.03.15 13:54:40.435,1.3027,1.30315,1.20,1.00
2010.03.15 13:54:40.930,1.3027,1.30325,1.20,3.20
2010.03.15 13:54:41.258,1.3027,1.3031,1.20,1.00
2010.03.15 13:54:41.588,1.3026,1.3031,1.20,1.00
2010.03.15 13:54:41.937,1.30265,1.3031,1.60,1.00
2010.03.15 13:54:42.649,1.3026,1.3031,1.20,1.00
2010.03.15 13:54:44.219,1.3026,1.30315,1.20,1.60
2010.03.15 13:54:44.824,1.3027,1.3032,1.20,1.60
2010.03.15 13:54:44.921,1.30265,1.3032,1.60,1.60
2010.03.15 13:54:45.285,1.3026,1.3032,1.20,1.60
2010.03.15 13:54:45.647,1.30265,1.3032,1.60,1.60
2010.03.15 13:54:46.955,1.30265,1.3032,10.40,1.60
2010.03.15 13:54:47.246,1.30275,1.30325,1.20,1.60
2010.03.15 13:54:47.526,1.3027,1.30325,1.20,1.60
2010.03.15 13:54:47.807,1.30275,1.30325,1.20,1.60
2010.03.15 13:54:52.769,1.30275,1.3031,2.80,1.00
2010.03.15 13:54:52.926,1.30265,1.3032,4.40,1.00
2010.03.15 13:54:53.086,1.30275,1.3032,1.60,1.00
2010.03.15 13:54:53.455,1.30275,1.3032,2.80,1.00
2010.03.15 13:54:53.609,1.30275,1.3032,1.60,1.00
2010.03.15 13:54:53.765,1.30275,1.30325,1.60,1.00
2010.03.15 13:54:54.080,1.30265,1.30315,2.80,1.00
2010.03.15 13:54:54.425,1.30275,1.3031,2.80,1.00
2010.03.15 13:54:58.947,1.30265,1.303,4.40,1.00
2010.03.15 13:54:59.294,1.30275,1.30305,1.60,1.00
2010.03.15 13:54:59.658,1.30265,1.30305,1.60,1.00
2010.03.15 13:54:59.922,1.30275,1.3031,1.20,1.00
2010.03.15 13:55:00.178,1.30265,1.30305,3.20,1.00
2010.03.15 13:55:00.434,1.30265,1.30305,1.60,1.00
2010.03.15 13:55:01.268,1.3027,1.30325,1.20,1.60
2010.03.15 13:55:01.613,1.3027,1.30325,1.20,1.00
2010.03.15 13:55:03.043,1.3027,1.3031,1.20,1.00
2010.03.15 13:55:03.503,1.30265,1.3032,1.60,4.00
2010.03.15 13:55:03.731,1.30265,1.3032,1.60,1.00
2010.03.15 13:55:04.361,1.3027,1.30325,1.60,1.00
2010.03.15 13:55:12.769,1.3027,1.3033,1.60,1.60
2010.03.15 13:55:12.988,1.3027,1.30325,1.60,1.00
2010.03.15 13:55:13.915,1.3027,1.30315,1.60,1.00
2010.03.15 13:55:14.259,1.30265,1.30315,3.20,1.00
2010.03.15 13:55:17.805,1.30265,1.30325,3.20,1.20
2010.03.15 13:55:20.358,1.30265,1.30325,3.20,1.30
2010.03.15 13:55:20.498,1.30265,1.30315,3.20,1.20
2010.03.15 13:55:20.776,1.30265,1.30325,3.20,1.20
2010.03.15 13:55:21.117,1.30265,1.30315,3.20,1.00
2010.03.15 13:55:25.206,1.3027,1.3032,1.60,1.00
2010.03.15 13:55:25.636,1.30275,1.3031,2.80,1.00
2010.03.15 13:55:25.927,1.30275,1.3032,2.80,1.00
2010.03.15 13:55:26.185,1.30275,1.3032,1.60,1.00
2010.03.15 13:55:26.529,1.30265,1.3032,4.40,1.00
2010.03.15 13:55:27.383,1.30275,1.30325,1.60,1.60
2010.03.15 13:55:27.729,1.30265,1.30325,3.20,2.80
2010.03.15 13:55:29.778,1.30265,1.30325,3.20,1.20
2010.03.15 13:55:30.419,1.30265,1.30315,3.20,1.00
2010.03.15 13:55:30.633,1.30265,1.30315,1.60,1.00
2010.03.15 13:55:30.690,1.30265,1.30315,1.60,1.20
2010.03.15 13:55:31.122,1.30265,1.3032,1.60,1.00
2010.03.15 13:55:31.218,1.30265,1.30325,1.60,5.20
2010.03.15 13:55:31.571,1.30265,1.30315,1.60,1.00
2010.03.15 13:55:31.923,1.3027,1.30325,1.00,3.20
2010.03.15 13:55:32.266,1.30275,1.30325,4.40,1.00
2010.03.15 13:55:32.607,1.30275,1.3033,2.80,1.00
2010.03.15 13:55:32.946,1.30275,1.3033,1.60,1.20
2010.03.15 13:55:33.327,1.30275,1.3033,1.60,1.20
2010.03.15 13:55:33.646,1.30275,1.3033,3.20,1.20
2010.03.15 13:55:33.964,1.30285,1.3033,1.60,1.20
2010.03.15 13:55:34.285,1.30275,1.3033,1.60,1.20
2010.03.15 13:55:34.609,1.30285,1.3033,1.60,1.20
2010.03.15 13:55:34.884,1.30275,1.3033,3.20,1.20
2010.03.15 13:55:35.871,1.30285,1.3033,1.60,1.20
2010.03.15 13:55:36.875,1.30285,1.30335,1.60,1.00
2010.03.15 13:55:37.277,1.3028,1.3033,1.60,1.20
2010.03.15 13:55:37.634,1.30275,1.3033,3.20,1.20
2010.03.15 13:55:37.963,1.30275,1.30335,4.40,2.40
2010.03.15 13:55:38.289,1.3028,1.3033,1.00,1.60
2010.03.15 13:55:39.124,1.30285,1.3034,1.00,1.80
2010.03.15 13:55:39.394,1.3028,1.3033,1.60,1.60
2010.03.15 13:55:39.882,1.30285,1.3033,1.60,1.60
2010.03.15 13:55:40.103,1.30285,1.30335,1.60,1.00
2010.03.15 13:55:40.322,1.30285,1.3034,1.60,2.00
2010.03.15 13:55:40.657,1.30285,1.30335,1.00,1.60
2010.03.15 13:55:42.561,1.30285,1.30335,1.60,1.60
2010.03.15 13:55:42.901,1.30285,1.3034,4.80,1.00
2010.03.15 13:55:43.911,1.30285,1.3034,3.20,2.00
2010.03.15 13:55:44.454,1.30285,1.30335,1.60,1.60
2010.03.15 13:55:44.596,1.30285,1.3033,1.00,1.20
2010.03.15 13:55:44.736,1.3028,1.3033,1.60,1.20
2010.03.15 13:55:44.989,1.30285,1.3033,1.00,1.60
2010.03.15 13:55:45.334,1.3028,1.30335,1.00,2.80
2010.03.15 13:55:45.681,1.3028,1.3033,1.00,1.60
2010.03.15 13:55:50.918,1.30285,1.30335,1.00,1.20
2010.03.15 13:55:51.032,1.30285,1.3034,1.00,2.80
2010.03.15 13:55:51.094,1.30285,1.30335,1.00,1.20
2010.03.15 13:55:51.151,1.30285,1.3033,1.00,1.60
2010.03.15 13:55:51.214,1.3028,1.3033,1.60,1.60
2010.03.15 13:55:52.320,1.30285,1.30335,1.60,1.20
2010.03.15 13:55:52.674,1.30285,1.3034,1.60,1.20
2010.03.15 13:55:53.720,1.30285,1.3034,3.20,1.00
2010.03.15 13:55:54.193,1.30285,1.3034,1.60,1.20
2010.03.15 13:55:54.430,1.30285,1.3034,4.80,1.00
2010.03.15 13:55:55.676,1.30285,1.3034,3.20,1.20
2010.03.15 13:55:55.934,1.30285,1.3033,1.60,1.60
2010.03.15 13:55:58.500,1.3028,1.3033,1.60,1.60
2010.03.15 13:56:01.106,1.3027,1.30325,2.40,1.20
2010.03.15 13:56:01.380,1.3027,1.30325,1.00,2.80
2010.03.15 13:56:01.659,1.30275,1.30315,1.00,1.60
2010.03.15 13:56:01.937,1.3028,1.30325,1.00,1.20
2010.03.15 13:56:02.277,1.3028,1.3033,1.00,1.60
2010.03.15 13:56:02.955,1.3028,1.30325,1.00,1.60
2010.03.15 13:56:03.465,1.30275,1.30335,1.60,2.80
2010.03.15 13:56:03.813,1.30275,1.30325,1.20,1.60
2010.03.15 13:56:04.162,1.30285,1.30325,1.60,1.60
2010.03.15 13:56:04.471,1.30265,1.30325,1.00,1.60
2010.03.15 13:56:04.777,1.3026,1.3032,2.40,1.60
2010.03.15 13:56:05.087,1.30265,1.3032,1.00,2.80
2010.03.15 13:56:05.390,1.3026,1.3032,1.60,2.80
2010.03.15 13:56:05.699,1.3027,1.3032,1.00,1.60
2010.03.15 13:56:07.644,1.3027,1.30325,1.00,6.00
2010.03.15 13:56:08.562,1.3027,1.3032,1.00,1.60
2010.03.15 13:56:08.901,1.30265,1.3032,1.60,1.60
2010.03.15 13:56:11.903,1.3027,1.30325,1.00,4.40
2010.03.15 13:56:12.470,1.3027,1.30325,1.00,2.80
2010.03.15 13:56:14.237,1.30265,1.3032,1.60,1.20
2010.03.15 13:56:14.538,1.3027,1.3032,1.00,1.20
2010.03.15 13:56:15.893,1.30265,1.3032,1.00,1.20
2010.03.15 13:56:16.161,1.30265,1.3031,1.00,1.20
2010.03.15 13:56:16.290,1.3027,1.30315,1.00,1.60
2010.03.15 13:56:16.416,1.30265,1.30315,1.00,1.60
2010.03.15 13:56:16.535,1.30265,1.3031,1.00,1.20
2010.03.15 13:56:16.655,1.30265,1.3031,1.60,1.20
2010.03.15 13:56:17.005,1.30265,1.3032,1.60,1.20
2010.03.15 13:56:17.785,1.30265,1.3032,3.20,1.20
2010.03.15 13:56:18.135,1.3027,1.30325,1.00,6.80
2010.03.15 13:56:18.484,1.3027,1.30325,1.00,2.80
2010.03.15 13:56:20.103,1.30265,1.3032,3.20,1.00
2010.03.15 13:56:20.638,1.30275,1.30315,1.60,1.00
2010.03.15 13:56:20.726,1.30275,1.30315,2.80,1.00
2010.03.15 13:56:21.318,1.30265,1.30315,4.40,1.00
2010.03.15 13:56:21.666,1.30275,1.30325,2.80,1.00
2010.03.15 13:56:26.524,1.30275,1.3032,2.80,1.00
2010.03.15 13:56:26.575,1.30265,1.3032,3.60,1.00
2010.03.15 13:56:26.616,1.30265,1.3031,3.60,1.00
2010.03.15 13:56:27.048,1.3026,1.30315,1.00,3.20
2010.03.15 13:56:27.503,1.30265,1.3032,2.40,1.20
2010.03.15 13:56:27.855,1.30265,1.3032,1.60,1.20
2010.03.15 13:56:28.541,1.30265,1.30315,1.60,1.00
2010.03.15 13:56:28.921,1.3026,1.30315,2.40,1.00
2010.03.15 13:56:29.164,1.3026,1.3032,1.00,2.80
2010.03.15 13:56:29.402,1.30265,1.3032,1.60,1.60
2010.03.15 13:56:29.640,1.30265,1.30315,1.60,1.00
2010.03.15 13:56:29.880,1.30265,1.30315,1.00,1.00
2010.03.15 13:56:30.225,1.3026,1.30315,1.00,1.00
2010.03.15 13:56:30.952,1.30265,1.30315,1.60,1.00
2010.03.15 13:56:31.272,1.30265,1.3032,1.60,1.00
2010.03.15 13:56:31.593,1.3027,1.30325,1.00,1.60
2010.03.15 13:56:31.913,1.30265,1.3032,2.40,2.80
2010.03.15 13:56:32.229,1.30265,1.30315,2.40,1.00
2010.03.15 13:56:32.569,1.30265,1.3032,2.40,1.20
2010.03.15 13:56:33.250,1.30265,1.3032,1.00,1.20
2010.03.15 13:56:33.588,1.30265,1.3032,2.40,1.20
2010.03.15 13:56:34.727,1.30265,1.30315,2.40,1.00
2010.03.15 13:56:34.898,1.30265,1.30325,1.00,3.20
2010.03.15 13:56:35.064,1.3026,1.30325,1.00,4.80
2010.03.15 13:56:36.048,1.30265,1.30325,1.60,3.20
2010.03.15 13:56:36.359,1.30265,1.3032,10.00,1.00
2010.03.15 13:56:36.655,1.30275,1.30325,2.80,1.00
2010.03.15 13:56:36.952,1.30265,1.30315,6.40,1.00
2010.03.15 13:56:37.241,1.30265,1.30325,2.80,1.00
2010.03.15 13:56:37.869,1.3027,1.3033,1.00,4.80
2010.03.15 13:56:38.218,1.3027,1.30325,1.00,3.20
2010.03.15 13:56:38.558,1.30265,1.3032,2.80,1.00
2010.03.15 13:56:39.667,1.3027,1.30325,1.00,3.20
2010.03.15 13:56:40.899,1.30265,1.3032,1.60,1.00
2010.03.15 13:56:41.557,1.30265,1.30325,1.60,6.00
2010.03.15 13:56:41.889,1.30265,1.3032,1.60,1.00
2010.03.15 13:56:42.917,1.30265,1.3032,2.80,1.00
2010.03.15 13:56:46.065,1.30265,1.3032,1.60,1.60
2010.03.15 13:56:46.389,1.30265,1.3032,1.60,3.20
2010.03.15 13:56:46.717,1.30265,1.3031,1.60,1.00
2010.03.15 13:56:47.140,1.3026,1.3031,2.00,1.00
2010.03.15 13:56:47.490,1.30265,1.3031,1.60,1.00
2010.03.15 13:56:51.770,1.30265,1.3032,1.60,3.20
2010.03.15 13:56:54.516,1.30265,1.3032,3.20,3.20
2010.03.15 13:56:54.886,1.30265,1.3032,3.20,1.00
2010.03.15 13:56:55.098,1.30265,1.3032,1.60,1.00
2010.03.15 13:56:55.305,1.30265,1.3032,1.60,3.20
2010.03.15 13:56:55.516,1.30265,1.3031,1.60,1.00
2010.03.15 13:56:55.804,1.30265,1.3032,1.60,1.60
2010.03.15 13:56:56.086,1.30265,1.3031,1.60,1.00
2010.03.15 13:56:56.375,1.30275,1.3032,1.60,1.00
2010.03.15 13:56:56.665,1.30265,1.3031,1.60,1.00
2010.03.15 13:56:57.013,1.30265,1.3032,1.60,1.00
2010.03.15 13:57:00.313,1.30265,1.3032,1.60,1.60
2010.03.15 13:57:00.682,1.30265,1.3032,2.80,1.60
2010.03.15 13:57:01.990,1.30275,1.3032,2.80,1.00
2010.03.15 13:57:02.336,1.30265,1.3032,2.80,1.00
2010.03.15 13:57:05.102,1.30265,1.3032,2.80,1.00
2010.03.15 13:57:05.438,1.3027,1.3032,1.00,1.60
2010.03.15 13:57:05.760,1.30265,1.3032,1.60,2.80
2010.03.15 13:57:05.838,1.30265,1.30315,1.60,1.00
2010.03.15 13:57:06.185,1.30265,1.3031,1.60,1.20
2010.03.15 13:57:06.540,1.30265,1.3032,3.20,1.20
2010.03.15 13:57:07.564,1.3026,1.30315,2.40,3.20
2010.03.15 13:57:07.917,1.30265,1.30305,1.00,1.60
2010.03.15 13:57:08.266,1.3026,1.30315,1.00,8.40
2010.03.15 13:57:08.615,1.3026,1.30305,1.00,1.60
2010.03.15 13:57:09.147,1.30265,1.3032,1.60,10.00
2010.03.15 13:57:09.387,1.30265,1.30325,1.60,1.00
2010.03.15 13:57:09.621,1.3026,1.3032,2.80,1.00
2010.03.15 13:57:09.865,1.30265,1.3032,1.20,1.00
2010.03.15 13:57:10.103,1.30265,1.30325,1.20,1.00
2010.03.15 13:57:10.455,1.3026,1.3032,1.20,1.60
2010.03.15 13:57:11.960,1.3026,1.3032,1.20,3.20
2010.03.15 13:57:13.508,1.30265,1.3032,1.00,3.20
2010.03.15 13:57:15.126,1.30265,1.3032,1.00,1.60
2010.03.15 13:57:15.335,1.30265,1.3032,1.60,1.60
2010.03.15 13:57:15.780,1.30275,1.3032,1.20,1.60
2010.03.15 13:57:15.826,1.30275,1.3033,1.20,1.00
2010.03.15 13:57:15.980,1.30275,1.3033,1.20,1.00
2010.03.15 13:57:16.859,1.30265,1.3032,2.80,1.00
2010.03.15 13:57:17.199,1.30275,1.3032,1.60,1.00
2010.03.15 13:57:17.718,1.30265,1.3032,2.80,1.00
2010.03.15 13:57:18.089,1.30275,1.30315,1.60,1.00
2010.03.15 13:57:18.433,1.30265,1.3031,7.20,1.00
2010.03.15 13:57:18.781,1.30265,1.30315,4.40,1.00
2010.03.15 13:57:19.024,1.30265,1.30325,4.40,1.60
2010.03.15 13:57:19.262,1.30275,1.3032,1.60,1.00
2010.03.15 13:57:20.887,1.30265,1.3032,4.40,1.00
2010.03.15 13:57:23.744,1.30275,1.3032,1.60,1.00
2010.03.15 13:57:27.476,1.30265,1.30325,2.80,1.60
2010.03.15 13:57:27.748,1.30265,1.3033,2.80,12.40
2010.03.15 13:57:28.285,1.30265,1.3033,2.80,4.40
2010.03.15 13:57:30.567,1.30265,1.3033,4.40,4.40
2010.03.15 13:57:31.599,1.30275,1.3033,1.20,3.20
2010.03.15 13:57:32.990,1.30275,1.3032,4.40,1.00
2010.03.15 13:57:33.277,1.30285,1.3032,1.20,1.00
2010.03.15 13:57:40.685,1.30285,1.3033,1.20,1.00
2010.03.15 13:57:42.021,1.30285,1.3032,1.20,1.00
2010.03.15 13:57:42.369,1.30275,1.3033,1.60,1.60
2010.03.15 13:57:42.608,1.3028,1.3034,1.00,4.40
2010.03.15 13:57:42.841,1.30275,1.3033,3.20,1.00
2010.03.15 13:57:45.166,1.30275,1.30325,1.60,1.00
2010.03.15 13:57:45.669,1.3027,1.30325,1.20,1.00
2010.03.15 13:57:45.902,1.30275,1.30325,1.60,1.00
2010.03.15 13:57:46.141,1.3028,1.30335,1.00,4.40
2010.03.15 13:57:46.952,1.3028,1.30335,4.40,1.60
2010.03.15 13:57:47.301,1.3028,1.30335,4.40,1.00
2010.03.15 13:57:48.243,1.3029,1.30335,1.60,1.00
2010.03.15 13:57:48.545,1.30275,1.30335,2.80,1.60
2010.03.15 13:57:48.929,1.3028,1.30335,1.60,1.00
2010.03.15 13:57:54.487,1.30285,1.30335,3.20,1.00
2010.03.15 13:57:54.817,1.30295,1.30335,1.60,1.00
2010.03.15 13:57:55.389,1.30285,1.30335,3.20,1.00
2010.03.15 13:57:56.119,1.30285,1.30315,1.60,1.60
2010.03.15 13:57:56.276,1.3028,1.30315,2.80,1.60
2010.03.15 13:57:58.185,1.30285,1.30305,1.60,1.60
2010.03.15 13:57:59.435,1.30285,1.30345,1.60,1.00
2010.03.15 13:57:59.685,1.30285,1.30345,3.20,1.00
2010.03.15 13:58:01.565,1.30295,1.30335,1.60,1.00
2010.03.15 13:58:02.790,1.30295,1.30345,1.60,1.20
2010.03.15 13:58:03.019,1.30295,1.30345,1.60,1.00
2010.03.15 13:58:03.387,1.30295,1.3034,3.20,1.00
2010.03.15 13:58:03.719,1.3029,1.30315,1.60,2.40
2010.03.15 13:58:04.586,1.30295,1.30315,1.60,2.40
2010.03.15 13:58:06.169,1.30295,1.30305,3.20,2.40
2010.03.15 13:58:12.407,1.30305,1.3034,1.60,4.00
2010.03.15 13:58:12.753,1.30295,1.30305,1.60,1.60
2010.03.15 13:58:13.088,1.30285,1.30305,4.40,1.60
2010.03.15 13:58:13.436,1.30295,1.30305,3.20,1.60
2010.03.15 13:58:13.787,1.30295,1.30305,1.60,1.60
2010.03.15 13:58:14.136,1.30295,1.30305,3.20,1.60
2010.03.15 13:58:14.346,1.30295,1.30305,1.60,1.60
2010.03.15 13:58:18.878,1.3029,1.30305,1.60,1.60
2010.03.15 13:58:19.116,1.30295,1.30305,1.60,1.60
2010.03.15 13:58:19.526,1.30285,1.30305,1.60,1.60
2010.03.15 13:58:19.708,1.30295,1.30305,1.60,1.60
2010.03.15 13:58:20.056,1.303,1.30305,1.20,1.00
2010.03.15 13:58:20.406,1.30295,1.30305,1.60,1.00
2010.03.15 13:58:21.237,1.30295,1.30305,3.20,1.00
2010.03.15 13:58:21.503,1.30295,1.30305,3.20,1.00
2010.03.15 13:58:22.498,1.30295,1.30305,1.60,1.00
2010.03.15 13:58:24.163,1.30295,1.30305,3.20,1.00
2010.03.15 13:58:24.511,1.30295,1.30305,3.20,1.00
2010.03.15 13:58:27.711,1.3029,1.30305,6.00,1.00
2010.03.15 13:58:27.951,1.30295,1.30305,1.60,1.00
2010.03.15 13:58:28.430,1.30295,1.30305,3.20,1.00
2010.03.15 13:58:29.014,1.30285,1.30305,4.40,1.00
2010.03.15 13:58:29.362,1.30295,1.30305,1.60,1.00
2010.03.15 13:58:29.930,1.30285,1.30305,6.00,1.00
2010.03.15 13:58:30.370,1.30295,1.30305,1.60,1.00
2010.03.15 13:58:31.558,1.30295,1.30305,1.60,1.00
2010.03.15 13:58:31.891,1.30305,1.30365,1.60,1.00
2010.03.15 13:58:32.570,1.30305,1.30365,1.60,1.00
2010.03.15 13:58:33.371,1.30305,1.3035,1.00,2.00
2010.03.15 13:58:33.734,1.30315,1.3035,1.00,1.00
2010.03.15 13:58:34.089,1.30295,1.3035,1.00,1.80
2010.03.15 13:58:34.435,1.30295,1.3034,1.00,1.60
2010.03.15 13:58:34.783,1.30295,1.3035,1.00,2.80
2010.03.15 13:58:35.132,1.3031,1.3035,1.00,1.00
2010.03.15 13:58:35.484,1.303,1.30355,1.60,2.40
2010.03.15 13:58:35.833,1.30305,1.30355,1.60,1.00
2010.03.15 13:58:36.180,1.303,1.30355,1.60,2.30
2010.03.15 13:58:37.308,1.30295,1.30355,4.50,2.30
2010.03.15 13:58:37.619,1.30305,1.30355,1.60,1.00
2010.03.15 13:58:38.558,1.3031,1.30355,1.00,1.00
2010.03.15 13:58:39.906,1.30305,1.30355,1.60,1.00
2010.03.15 13:58:41.146,1.3031,1.30355,1.00,1.00
2010.03.15 13:58:41.837,1.30305,1.30355,3.20,1.00
2010.03.15 13:58:42.180,1.30315,1.3035,1.60,1.00
2010.03.15 13:58:42.530,1.30315,1.3036,3.20,1.00
2010.03.15 13:58:43.620,1.30315,1.3037,3.20,1.60
2010.03.15 13:58:45.636,1.30315,1.3037,3.20,1.60
2010.03.15 13:58:45.987,1.30315,1.3037,1.60,2.80
2010.03.15 13:58:47.299,1.30315,1.30365,1.60,1.00
2010.03.15 13:58:49.051,1.30315,1.3037,3.20,1.60
2010.03.15 13:58:49.649,1.30325,1.3037,1.00,1.60
2010.03.15 13:58:50.323,1.30315,1.3037,1.60,2.80
2010.03.15 13:58:50.431,1.30315,1.30365,1.60,1.00
2010.03.15 13:58:50.530,1.30315,1.3036,1.60,2.80
2010.03.15 13:58:50.626,1.3031,1.3036,1.00,2.80
2010.03.15 13:58:53.504,1.3032,1.3036,1.00,2.80
2010.03.15 13:58:53.795,1.30315,1.3036,1.60,1.20
2010.03.15 13:58:54.026,1.30315,1.3037,1.60,2.80
2010.03.15 13:58:54.715,1.30315,1.30365,1.60,1.00
2010.03.15 13:58:57.237,1.30325,1.30365,1.00,1.00
2010.03.15 13:58:57.513,1.30315,1.30365,1.60,1.00
2010.03.15 13:58:59.766,1.30315,1.30365,3.20,1.00
2010.03.15 13:58:59.851,1.30315,1.30365,4.80,1.00
2010.03.15 13:59:00.422,1.30315,1.3037,4.80,2.40
2010.03.15 13:59:00.563,1.30325,1.3037,1.60,2.40
2010.03.15 13:59:02.115,1.30325,1.3037,1.60,2.40
2010.03.15 13:59:03.730,1.30325,1.30375,1.60,3.60
2010.03.15 13:59:03.993,1.30325,1.3037,1.60,1.00
2010.03.15 13:59:04.994,1.3032,1.3037,1.20,1.00
2010.03.15 13:59:05.653,1.3032,1.30375,2.80,2.20
2010.03.15 13:59:05.834,1.30325,1.30375,1.60,1.00
2010.03.15 13:59:10.369,1.30325,1.3037,1.60,1.00
2010.03.15 13:59:10.688,1.30325,1.30375,1.60,2.30
2010.03.15 13:59:11.005,1.30325,1.30365,4.40,1.00
2010.03.15 13:59:11.520,1.30315,1.30365,10.80,1.60
2010.03.15 13:59:11.864,1.30325,1.3037,1.60,4.40
2010.03.15 13:59:12.213,1.303,1.30365,2.80,1.60
2010.03.15 13:59:12.660,1.303,1.30365,2.80,1.00
2010.03.15 13:59:13.001,1.3031,1.30365,1.60,1.00
2010.03.15 13:59:14.211,1.30305,1.30365,2.80,1.00
2010.03.15 13:59:14.546,1.30315,1.30365,1.60,1.00
2010.03.15 13:59:16.190,1.30315,1.3036,1.60,1.20
2010.03.15 13:59:16.413,1.30305,1.30365,2.80,3.20
2010.03.15 13:59:16.631,1.30305,1.30365,2.80,3.20
2010.03.15 13:59:17.071,1.30315,1.30355,1.60,1.00
2010.03.15 13:59:17.922,1.30315,1.30375,1.20,1.00
2010.03.15 13:59:18.120,1.30315,1.30375,2.80,1.00
2010.03.15 13:59:18.520,1.30305,1.3037,12.40,1.00
2010.03.15 13:59:18.719,1.30305,1.3037,4.40,1.00
2010.03.15 13:59:19.085,1.30315,1.30365,1.60,1.00
2010.03.15 13:59:19.872,1.30315,1.3037,1.60,1.20
2010.03.15 13:59:20.132,1.30305,1.30365,4.40,1.00
2010.03.15 13:59:20.383,1.30305,1.30365,12.40,1.00
2010.03.15 13:59:20.633,1.30315,1.30365,1.60,1.00
2010.03.15 13:59:22.468,1.30305,1.30365,4.40,1.00
2010.03.15 13:59:23.010,1.30305,1.30365,3.20,1.20
2010.03.15 13:59:24.570,1.30315,1.30365,1.60,1.20
2010.03.15 13:59:24.708,1.30315,1.30365,1.60,1.00
2010.03.15 13:59:25.079,1.30315,1.3037,1.60,6.80
2010.03.15 13:59:25.218,1.30315,1.30365,1.60,1.20
2010.03.15 13:59:25.361,1.30315,1.3036,1.60,1.00
2010.03.15 13:59:25.498,1.3032,1.3037,1.00,6.80
2010.03.15 13:59:26.041,1.30315,1.30365,1.60,1.20
2010.03.15 13:59:26.386,1.3031,1.30365,1.00,1.20
2010.03.15 13:59:26.730,1.30305,1.30355,1.60,2.80
2010.03.15 13:59:27.080,1.3031,1.30365,1.00,3.60
2010.03.15 13:59:27.432,1.3031,1.30355,1.00,1.20
2010.03.15 13:59:27.783,1.3032,1.30365,1.00,2.00
2010.03.15 13:59:28.020,1.30315,1.30365,2.80,1.00
2010.03.15 13:59:28.255,1.3031,1.3036,1.00,1.20
2010.03.15 13:59:28.480,1.30305,1.30365,10.80,1.00
2010.03.15 13:59:28.708,1.30315,1.30365,5.60,1.00
2010.03.15 13:59:29.279,1.30315,1.30365,4.00,1.00
2010.03.15 13:59:33.691,1.30315,1.30365,5.60,1.00
2010.03.15 13:59:33.922,1.30315,1.3036,5.60,1.20
2010.03.15 13:59:34.162,1.30315,1.3036,1.60,1.20
2010.03.15 13:59:36.600,1.30305,1.30365,4.40,1.60
2010.03.15 13:59:36.773,1.30315,1.30365,1.60,1.00
2010.03.15 13:59:38.823,1.30315,1.30365,1.00,2.40
2010.03.15 13:59:39.543,1.30315,1.30365,1.00,1.00
2010.03.15 13:59:39.952,1.30315,1.30365,1.60,1.00
2010.03.15 13:59:40.892,1.3032,1.30365,1.00,1.00
2010.03.15 13:59:41.063,1.3032,1.3037,1.00,4.40
2010.03.15 13:59:42.292,1.30315,1.3037,1.60,4.40
2010.03.15 13:59:42.636,1.3032,1.30365,1.00,1.20
2010.03.15 13:59:42.835,1.3032,1.3037,1.00,4.40
2010.03.15 13:59:43.036,1.3032,1.3037,1.00,5.20
2010.03.15 13:59:43.984,1.3031,1.30365,1.00,1.60
2010.03.15 13:59:44.284,1.3031,1.3036,1.00,1.20
2010.03.15 13:59:44.890,1.3031,1.30355,1.00,1.20
2010.03.15 13:59:45.633,1.3031,1.3036,1.00,1.20
2010.03.15 13:59:46.404,1.3031,1.30355,1.00,1.20
2010.03.15 13:59:46.592,1.3031,1.3036,1.00,1.20
2010.03.15 13:59:48.021,1.3032,1.3036,1.00,1.20
2010.03.15 13:59:48.876,1.3031,1.30355,1.00,1.20
2010.03.15 13:59:50.771,1.3031,1.3036,1.00,1.20
2010.03.15 13:59:54.054,1.30305,1.30365,4.40,2.40
2010.03.15 13:59:54.263,1.3031,1.3036,1.60,1.20
2010.03.15 13:59:55.516,1.3031,1.3036,1.00,1.20
2010.03.15 13:59:56.209,1.30305,1.3036,3.20,1.20
2010.03.15 13:59:56.342,1.30305,1.30355,1.60,1.20
2010.03.15 13:59:56.694,1.3031,1.3036,1.00,1.20
