2010.03.26 05:00:00.293,1.2882,1.28865,1.00,5.00
2010.03.26 05:00:00.370,1.2882,1.28865,1.60,5.00
2010.03.26 05:00:01.031,1.2882,1.28865,1.60,1.80
2010.03.26 05:00:01.276,1.28805,1.28865,1.00,3.50
2010.03.26 05:00:01.638,1.28805,1.2886,1.00,5.00
2010.03.26 05:00:01.877,1.28795,1.2886,1.00,5.10
2010.03.26 05:00:04.210,1.2881,1.2886,1.00,5.00
2010.03.26 05:00:04.379,1.2881,1.2886,1.00,1.50
2010.03.26 05:00:04.549,1.2881,1.28865,1.00,13.10
2010.03.26 05:00:04.718,1.2881,1.28865,1.00,5.10
2010.03.26 05:00:34.580,1.2881,1.28865,1.00,3.20
2010.03.26 05:00:37.382,1.28815,1.28865,1.60,1.60
2010.03.26 05:00:37.581,1.28815,1.28865,1.60,1.00
2010.03.26 05:01:00.404,1.2881,1.28865,1.00,1.00
2010.03.26 05:01:00.455,1.2881,1.2886,1.00,1.50
2010.03.26 05:01:00.556,1.28805,1.2885,1.60,1.00
2010.03.26 05:01:00.605,1.28795,1.2885,9.60,1.00
2010.03.26 05:01:00.901,1.2879,1.2885,8.00,1.50
2010.03.26 05:01:01.147,1.2879,1.28845,4.00,3.10
2010.03.26 05:01:02.172,1.28795,1.28855,1.60,3.10
2010.03.26 05:01:06.180,1.2879,1.28855,4.00,3.10
2010.03.26 05:01:09.255,1.2879,1.28845,4.00,1.60
2010.03.26 05:01:10.076,1.28785,1.2884,5.60,1.50
2010.03.26 05:01:10.225,1.28785,1.2884,1.60,1.50
2010.03.26 05:01:23.272,1.28785,1.2883,1.60,1.00
2010.03.26 05:01:23.462,1.2878,1.2883,1.00,1.00
2010.03.26 05:01:23.732,1.2876,1.2883,9.60,5.10
2010.03.26 05:01:24.001,1.2876,1.28825,1.60,3.10
2010.03.26 05:01:24.813,1.2876,1.28825,1.60,4.70
2010.03.26 05:01:24.974,1.2876,1.2881,1.60,1.00
2010.03.26 05:01:25.139,1.28775,1.28815,1.60,7.40
2010.03.26 05:01:25.301,1.28775,1.28815,1.60,4.00
2010.03.26 05:01:25.461,1.28775,1.2883,1.60,1.50
2010.03.26 05:01:25.621,1.28775,1.2883,1.60,1.50
2010.03.26 05:01:26.539,1.28785,1.28835,1.60,3.10
2010.03.26 05:01:37.222,1.28795,1.2884,1.60,3.10
2010.03.26 05:01:38.793,1.28805,1.2886,1.00,4.00
2010.03.26 05:01:39.030,1.28805,1.2887,1.00,3.20
2010.03.26 05:01:39.899,1.2881,1.28855,1.00,3.10
2010.03.26 05:01:41.730,1.28805,1.28855,1.60,3.10
2010.03.26 05:01:42.035,1.28805,1.28855,1.00,3.10
2010.03.26 05:01:44.602,1.2881,1.28855,1.00,1.50
2010.03.26 05:01:44.739,1.2881,1.2886,1.00,3.10
2010.03.26 05:01:56.954,1.28815,1.28865,1.60,3.20
2010.03.26 05:02:02.431,1.28805,1.28865,1.60,5.10
2010.03.26 05:02:03.030,1.28805,1.2886,1.60,3.10
2010.03.26 05:02:03.180,1.28805,1.2886,1.00,3.10
2010.03.26 05:02:04.879,1.28805,1.2886,1.60,3.10
2010.03.26 05:02:32.989,1.28805,1.2886,1.00,3.10
2010.03.26 05:02:47.241,1.28805,1.2886,1.60,3.10
2010.03.26 05:03:02.400,1.28805,1.2886,1.60,3.10
2010.03.26 05:03:11.981,1.28805,1.2886,1.60,3.90
2010.03.26 05:03:12.126,1.28795,1.28845,1.00,1.00
2010.03.26 05:03:12.269,1.28785,1.28845,1.60,1.00
2010.03.26 05:03:12.420,1.288,1.2885,1.00,4.00
2010.03.26 05:03:12.565,1.2879,1.2886,1.60,7.10
2010.03.26 05:03:13.361,1.2879,1.28855,1.60,3.10
2010.03.26 05:03:13.823,1.28795,1.28855,1.00,3.10
2010.03.26 05:03:14.057,1.28795,1.2885,1.00,1.50
2010.03.26 05:03:15.357,1.28785,1.2884,1.60,1.00
2010.03.26 05:03:15.991,1.28785,1.2884,1.60,1.60
2010.03.26 05:03:16.089,1.28785,1.2883,1.60,1.00
2010.03.26 05:03:16.185,1.28775,1.2883,5.60,1.00
2010.03.26 05:03:16.363,1.28775,1.2883,1.60,1.00
2010.03.26 05:03:16.564,1.28775,1.28825,1.60,1.50
2010.03.26 05:03:16.765,1.28775,1.2883,1.60,1.60
2010.03.26 05:03:20.641,1.28775,1.28825,1.60,1.50
2010.03.26 05:03:20.721,1.28775,1.2883,1.60,3.10
2010.03.26 05:03:20.951,1.28775,1.28835,1.60,3.20
2010.03.26 05:03:22.133,1.2878,1.28835,1.00,3.10
2010.03.26 05:03:22.393,1.2877,1.2882,9.60,1.00
2010.03.26 05:03:22.654,1.2877,1.28825,4.00,1.80
2010.03.26 05:03:22.914,1.28765,1.2882,1.60,1.00
2010.03.26 05:03:24.714,1.28765,1.28815,1.60,1.60
2010.03.26 05:03:24.901,1.28765,1.2882,1.60,3.10
2010.03.26 05:03:27.048,1.28765,1.28825,1.60,3.10
2010.03.26 05:03:28.921,1.28765,1.28815,1.60,1.80
2010.03.26 05:03:30.057,1.28765,1.2881,1.60,1.00
2010.03.26 05:03:30.186,1.28765,1.2882,1.60,3.10
2010.03.26 05:03:30.791,1.28765,1.28825,1.60,3.10
2010.03.26 05:03:31.183,1.28775,1.28825,1.00,3.10
2010.03.26 05:03:31.392,1.28775,1.28825,1.60,1.50
2010.03.26 05:03:32.635,1.28775,1.28825,1.00,1.50
2010.03.26 05:03:32.844,1.28775,1.28825,1.60,1.50
2010.03.26 05:03:33.899,1.28775,1.28825,1.60,1.60
2010.03.26 05:03:35.659,1.28775,1.2882,1.60,1.00
2010.03.26 05:03:35.768,1.28765,1.2882,1.60,1.00
2010.03.26 05:03:36.098,1.28765,1.2882,1.60,1.60
2010.03.26 05:03:44.856,1.28765,1.2881,1.60,1.00
2010.03.26 05:03:48.049,1.28765,1.2882,1.60,13.10
2010.03.26 05:03:48.153,1.28765,1.2882,1.60,13.10
2010.03.26 05:03:48.377,1.28765,1.2882,1.60,7.20
2010.03.26 05:03:48.598,1.28765,1.28825,1.60,7.10
2010.03.26 05:03:48.830,1.28765,1.2882,1.60,1.00
2010.03.26 05:03:49.059,1.28765,1.28825,1.60,7.10
2010.03.26 05:03:49.831,1.28765,1.28825,1.60,3.10
2010.03.26 05:03:51.001,1.28765,1.28825,1.60,1.50
2010.03.26 05:03:51.035,1.28765,1.28825,1.60,1.50
2010.03.26 05:03:51.559,1.28775,1.28825,1.60,1.50
2010.03.26 05:03:52.948,1.28765,1.2882,1.60,1.00
2010.03.26 05:03:53.224,1.28765,1.2882,1.60,1.00
2010.03.26 05:03:53.784,1.28765,1.2882,1.60,1.60
2010.03.26 05:03:53.924,1.28765,1.2882,1.60,3.20
2010.03.26 05:04:03.564,1.2877,1.2882,1.00,3.10
2010.03.26 05:04:03.677,1.28765,1.2882,1.60,1.00
2010.03.26 05:04:04.445,1.28765,1.28825,1.60,7.10
2010.03.26 05:04:04.784,1.28765,1.2882,1.00,3.10
2010.03.26 05:04:05.519,1.28765,1.2882,1.60,3.10
2010.03.26 05:04:05.623,1.28775,1.2882,1.00,3.10
2010.03.26 05:04:05.723,1.28775,1.28825,1.00,3.10
2010.03.26 05:04:06.163,1.28765,1.28825,9.60,3.10
2010.03.26 05:04:06.502,1.28765,1.28825,1.60,3.10
2010.03.26 05:04:08.081,1.28765,1.28825,5.60,3.10
2010.03.26 05:04:08.200,1.28765,1.28825,9.60,3.10
2010.03.26 05:04:10.351,1.28765,1.2882,8.00,1.00
2010.03.26 05:04:10.490,1.28765,1.2882,4.00,3.20
2010.03.26 05:04:10.630,1.2876,1.2882,1.00,3.20
2010.03.26 05:04:10.769,1.28765,1.2882,1.60,3.20
2010.03.26 05:04:11.663,1.28765,1.2882,1.60,1.00
2010.03.26 05:04:12.200,1.28765,1.2882,1.60,1.60
2010.03.26 05:04:20.079,1.28765,1.2882,1.60,1.50
2010.03.26 05:04:23.346,1.28765,1.2882,1.60,1.60
2010.03.26 05:04:28.836,1.28765,1.2881,1.60,1.00
2010.03.26 05:04:29.686,1.28775,1.28815,1.60,1.50
2010.03.26 05:04:30.542,1.28765,1.2884,3.20,11.50
2010.03.26 05:04:31.015,1.2877,1.28835,1.60,1.50
2010.03.26 05:04:31.409,1.2877,1.2884,1.60,13.10
2010.03.26 05:04:32.447,1.2877,1.2883,1.60,1.50
2010.03.26 05:04:32.585,1.2877,1.28835,1.60,13.10
2010.03.26 05:04:36.644,1.2877,1.28825,1.60,1.00
2010.03.26 05:04:38.459,1.2876,1.2882,1.60,5.80
2010.03.26 05:04:38.635,1.2876,1.2882,1.60,1.80
2010.03.26 05:04:42.214,1.28765,1.2882,1.00,1.80
2010.03.26 05:04:42.373,1.28765,1.28825,1.00,3.20
2010.03.26 05:04:46.162,1.28765,1.28825,1.60,3.20
2010.03.26 05:04:46.510,1.28765,1.28825,1.60,1.00
2010.03.26 05:04:54.973,1.28775,1.2883,1.00,3.20
2010.03.26 05:04:57.529,1.28765,1.28825,4.00,1.00
2010.03.26 05:04:57.848,1.28765,1.28825,1.00,1.00
2010.03.26 05:04:59.261,1.28765,1.28825,1.60,1.00
2010.03.26 05:05:03.268,1.2877,1.2883,1.00,11.40
2010.03.26 05:05:03.521,1.2877,1.28835,1.00,7.20
2010.03.26 05:05:08.255,1.2877,1.28835,1.00,3.20
2010.03.26 05:05:08.485,1.2877,1.28835,1.00,7.20
2010.03.26 05:05:10.218,1.2877,1.2883,1.00,5.80
2010.03.26 05:05:10.284,1.28765,1.28825,1.60,1.00
2010.03.26 05:05:10.407,1.28765,1.28825,1.00,1.00
2010.03.26 05:05:12.106,1.2879,1.28825,1.60,1.00
2010.03.26 05:05:12.448,1.2879,1.2885,1.60,1.50
2010.03.26 05:05:15.411,1.2877,1.28835,1.60,1.00
2010.03.26 05:05:15.816,1.2877,1.28835,1.60,8.00
2010.03.26 05:05:16.015,1.2877,1.28845,1.60,10.70
2010.03.26 05:05:16.618,1.2878,1.2884,1.60,8.80
2010.03.26 05:05:16.865,1.2878,1.28845,1.60,10.30
2010.03.26 05:05:21.614,1.28785,1.28845,1.60,10.30
2010.03.26 05:05:21.730,1.28785,1.28845,1.60,9.50
2010.03.26 05:05:21.834,1.28785,1.28845,1.60,1.50
2010.03.26 05:05:24.583,1.28785,1.2884,1.60,1.60
2010.03.26 05:05:24.741,1.28785,1.2885,1.60,1.60
2010.03.26 05:05:32.333,1.28785,1.2885,1.60,1.60
2010.03.26 05:05:32.424,1.28765,1.2884,8.00,3.10
2010.03.26 05:05:51.834,1.28775,1.2884,1.00,3.10
2010.03.26 05:05:52.057,1.2879,1.2884,1.60,3.10
2010.03.26 05:05:52.831,1.2878,1.2884,4.00,3.10
2010.03.26 05:05:52.981,1.28765,1.28835,1.00,4.00
2010.03.26 05:05:53.126,1.28765,1.28835,1.00,5.60
2010.03.26 05:05:57.615,1.2878,1.28835,1.00,5.50
2010.03.26 05:05:57.737,1.2878,1.2884,1.60,3.10
2010.03.26 05:05:57.855,1.2878,1.2884,1.60,1.50
2010.03.26 05:05:59.565,1.28785,1.2884,1.00,1.50
2010.03.26 05:05:59.666,1.2878,1.28835,4.00,1.60
2010.03.26 05:05:59.763,1.2877,1.28835,1.00,1.60
2010.03.26 05:06:00.064,1.2877,1.28835,1.00,5.60
2010.03.26 05:06:00.164,1.2877,1.28835,1.00,7.20
2010.03.26 05:06:00.263,1.2877,1.2883,1.00,1.50
2010.03.26 05:06:11.001,1.2877,1.28835,1.00,5.50
2010.03.26 05:06:11.161,1.2877,1.28835,4.00,1.50
2010.03.26 05:06:11.221,1.2877,1.28835,8.00,1.50
2010.03.26 05:06:25.277,1.2877,1.2883,8.00,3.10
2010.03.26 05:06:37.566,1.2878,1.2883,1.00,3.10
2010.03.26 05:06:37.666,1.2878,1.28835,1.00,1.50
2010.03.26 05:06:37.865,1.28785,1.28835,4.00,1.50
2010.03.26 05:06:44.062,1.2878,1.28835,8.00,1.50
2010.03.26 05:06:44.174,1.2878,1.28835,4.00,3.10
2010.03.26 05:06:44.514,1.28775,1.28835,1.60,3.10
2010.03.26 05:07:18.914,1.28775,1.2883,1.60,3.10
2010.03.26 05:07:29.035,1.2877,1.2883,8.00,3.10
2010.03.26 05:07:44.129,1.2877,1.2883,8.00,3.10
2010.03.26 05:07:44.469,1.28765,1.2883,3.40,3.10
2010.03.26 05:08:40.513,1.28775,1.2883,1.60,3.10
2010.03.26 05:08:41.752,1.28775,1.2883,1.60,1.50
2010.03.26 05:08:42.446,1.2878,1.28835,1.00,3.10
2010.03.26 05:08:42.569,1.2878,1.28835,4.00,3.10
2010.03.26 05:08:44.187,1.2878,1.2883,4.00,3.10
2010.03.26 05:08:44.475,1.28775,1.2883,5.60,3.10
2010.03.26 05:08:47.886,1.28785,1.28835,4.00,3.10
2010.03.26 05:08:48.966,1.28785,1.2883,4.00,1.60
2010.03.26 05:08:49.146,1.28775,1.2883,5.60,3.10
2010.03.26 05:09:17.230,1.2878,1.2883,8.00,3.10
2010.03.26 05:09:22.203,1.2878,1.2883,4.00,3.10
2010.03.26 05:09:22.385,1.28775,1.2883,5.60,3.10
2010.03.26 05:09:23.137,1.28785,1.2883,1.00,3.10
2010.03.26 05:09:23.317,1.28785,1.2884,1.00,3.10
2010.03.26 05:09:23.519,1.2878,1.2884,8.00,3.10
2010.03.26 05:09:23.717,1.2878,1.2883,8.00,1.50
2010.03.26 05:09:23.916,1.2877,1.2883,5.60,1.50
2010.03.26 05:09:26.993,1.2878,1.2883,1.00,1.50
2010.03.26 05:09:27.243,1.2878,1.2883,4.00,1.50
2010.03.26 05:09:27.924,1.28785,1.2883,1.80,1.50
2010.03.26 05:09:28.226,1.2879,1.2884,1.00,3.10
2010.03.26 05:09:28.987,1.28785,1.2884,4.00,3.10
2010.03.26 05:09:29.215,1.2879,1.2884,1.00,3.10
2010.03.26 05:09:32.521,1.28795,1.2884,1.00,3.10
2010.03.26 05:09:32.643,1.28795,1.28845,1.00,1.50
2010.03.26 05:09:32.762,1.28795,1.28845,4.00,1.50
2010.03.26 05:09:37.284,1.28795,1.28845,4.00,1.50
2010.03.26 05:09:38.117,1.28795,1.28845,4.00,3.10
2010.03.26 05:09:38.385,1.28795,1.28845,1.00,1.50
2010.03.26 05:09:38.656,1.28795,1.28845,4.00,1.50
2010.03.26 05:09:55.617,1.2879,1.28845,9.80,3.10
2010.03.26 05:09:55.727,1.2879,1.28845,4.00,3.10
2010.03.26 05:09:59.157,1.28785,1.28845,1.00,3.10
2010.03.26 05:10:02.895,1.28785,1.28845,1.60,3.10
2010.03.26 05:10:03.235,1.28785,1.28845,9.60,3.10
2010.03.26 05:10:03.525,1.28785,1.28845,9.60,1.50
2010.03.26 05:10:46.299,1.28795,1.28845,1.00,1.50
2010.03.26 05:10:46.446,1.28795,1.28855,1.00,11.10
2010.03.26 05:10:46.586,1.28795,1.28855,5.60,3.10
2010.03.26 05:10:46.876,1.288,1.28855,4.00,3.10
2010.03.26 05:10:55.260,1.28805,1.28855,1.00,1.60
2010.03.26 05:10:55.463,1.28805,1.2886,1.00,3.10
2010.03.26 05:10:55.663,1.288,1.28855,8.00,1.50
2010.03.26 05:10:55.743,1.288,1.28855,8.00,3.10
2010.03.26 05:10:55.823,1.288,1.28855,4.00,3.10
2010.03.26 05:11:01.392,1.28805,1.2886,1.00,3.10
2010.03.26 05:11:04.362,1.288,1.2886,8.00,3.10
2010.03.26 05:11:04.511,1.288,1.28855,4.00,3.10
2010.03.26 05:11:05.731,1.28805,1.2886,1.00,1.50
2010.03.26 05:11:06.331,1.28805,1.2886,8.00,1.50
2010.03.26 05:11:06.598,1.288,1.28855,4.00,3.10
2010.03.26 05:11:13.928,1.28795,1.28855,4.00,3.10
2010.03.26 05:11:14.049,1.2879,1.2885,4.00,1.50
2010.03.26 05:11:14.509,1.2879,1.28845,4.00,1.50
2010.03.26 05:11:43.951,1.28795,1.28845,1.00,1.50
2010.03.26 05:11:44.222,1.28795,1.28845,4.00,1.50
2010.03.26 05:11:45.182,1.28795,1.2885,4.00,1.50
2010.03.26 05:12:02.105,1.28795,1.2885,5.60,1.50
2010.03.26 05:12:12.812,1.28795,1.2885,4.00,1.50
2010.03.26 05:12:15.704,1.28795,1.2885,1.00,1.50
2010.03.26 05:12:33.198,1.2879,1.2885,1.90,3.10
2010.03.26 05:12:33.331,1.2879,1.28845,1.00,1.50
2010.03.26 05:12:58.954,1.288,1.28855,1.00,3.10
2010.03.26 05:12:59.169,1.28795,1.28845,4.00,1.50
2010.03.26 05:12:59.874,1.28785,1.28845,9.90,1.50
2010.03.26 05:13:00.054,1.28795,1.28845,1.00,1.50
2010.03.26 05:13:02.718,1.28805,1.28845,1.00,1.50
2010.03.26 05:13:02.803,1.28805,1.28855,1.00,3.10
2010.03.26 05:13:03.053,1.28795,1.28855,5.80,3.10
2010.03.26 05:13:03.131,1.28795,1.28855,4.00,3.10
2010.03.26 05:13:03.716,1.28795,1.28845,4.00,1.50
2010.03.26 05:13:03.918,1.28795,1.28845,1.00,1.50
2010.03.26 05:13:06.039,1.28795,1.28855,1.00,3.10
2010.03.26 05:13:06.288,1.28795,1.28855,5.80,3.10
2010.03.26 05:13:06.391,1.28795,1.28855,4.00,3.10
2010.03.26 05:13:06.404,1.28795,1.28845,4.00,1.50
2010.03.26 05:13:06.432,1.2879,1.28845,4.00,1.50
2010.03.26 05:13:06.451,1.2879,1.28845,1.00,1.50
2010.03.26 05:13:06.556,1.28795,1.28845,1.00,1.50
2010.03.26 05:13:08.682,1.28805,1.28855,1.00,3.10
2010.03.26 05:13:08.913,1.288,1.28855,4.00,3.10
2010.03.26 05:13:09.031,1.2879,1.28855,5.90,3.10
2010.03.26 05:13:09.152,1.2879,1.28845,1.00,1.50
2010.03.26 05:13:09.391,1.28795,1.28845,1.00,1.50
2010.03.26 05:13:10.853,1.28805,1.28855,1.00,3.10
2010.03.26 05:13:11.182,1.28795,1.28855,4.00,3.10
2010.03.26 05:13:11.513,1.28795,1.2885,1.00,3.10
2010.03.26 05:13:13.033,1.28805,1.28855,1.00,3.10
2010.03.26 05:13:13.242,1.288,1.28855,8.00,3.10
2010.03.26 05:13:13.440,1.28795,1.28855,1.00,3.10
2010.03.26 05:13:13.639,1.28795,1.2885,1.00,3.10
2010.03.26 05:13:19.511,1.28805,1.28855,1.00,3.10
2010.03.26 05:13:22.748,1.288,1.2885,8.00,3.10
2010.03.26 05:13:22.938,1.28795,1.2885,4.00,3.10
2010.03.26 05:13:31.544,1.28795,1.2885,1.00,3.10
2010.03.26 05:13:38.569,1.28795,1.2885,1.60,3.10
2010.03.26 05:13:45.332,1.28805,1.2885,1.60,3.10
2010.03.26 05:13:46.269,1.28795,1.2885,1.60,3.10
2010.03.26 05:13:46.761,1.28795,1.2885,1.60,1.60
2010.03.26 05:13:46.811,1.28805,1.28855,1.00,3.10
2010.03.26 05:13:46.861,1.28805,1.28855,1.60,3.10
2010.03.26 05:13:46.961,1.28815,1.28855,1.60,3.10
2010.03.26 05:13:47.191,1.28805,1.28855,1.60,3.10
2010.03.26 05:13:51.050,1.28805,1.2885,1.60,1.60
2010.03.26 05:13:51.213,1.28805,1.2885,1.60,3.10
2010.03.26 05:13:51.920,1.28795,1.2885,5.60,3.10
2010.03.26 05:13:56.949,1.28795,1.2885,6.40,3.10
2010.03.26 05:13:57.059,1.2881,1.2885,1.00,3.10
2010.03.26 05:13:57.169,1.28815,1.2885,1.60,3.10
2010.03.26 05:13:57.281,1.28815,1.2887,1.60,3.10
2010.03.26 05:14:07.346,1.28815,1.28865,1.60,3.10
2010.03.26 05:14:07.456,1.28815,1.28855,1.60,1.50
2010.03.26 05:14:37.505,1.28815,1.2886,1.60,1.50
2010.03.26 05:14:45.116,1.28815,1.2886,1.60,3.10
2010.03.26 05:14:56.516,1.28815,1.2885,1.60,1.50
2010.03.26 05:14:59.893,1.28805,1.2885,1.60,1.50
2010.03.26 05:15:02.128,1.28815,1.2885,1.60,1.50
2010.03.26 05:15:40.712,1.28805,1.2885,1.60,1.50
2010.03.26 05:15:55.236,1.28815,1.2885,1.60,1.50
2010.03.26 05:16:28.961,1.28805,1.2885,1.60,1.50
2010.03.26 05:16:33.358,1.28815,1.2885,1.60,1.50
2010.03.26 05:17:20.743,1.2879,1.28845,1.60,11.20
2010.03.26 05:17:22.150,1.28795,1.28845,1.60,3.20
2010.03.26 05:17:22.299,1.28795,1.28845,1.60,5.10
2010.03.26 05:17:22.450,1.28795,1.2884,1.60,3.20
2010.03.26 05:17:22.599,1.28785,1.2884,1.60,3.20
2010.03.26 05:17:23.470,1.28785,1.2883,1.60,1.00
2010.03.26 05:17:24.390,1.28785,1.28835,1.60,3.10
2010.03.26 05:17:45.120,1.28775,1.2883,1.60,1.50
2010.03.26 05:17:45.224,1.28785,1.2883,1.60,1.50
2010.03.26 05:17:48.912,1.28785,1.28835,1.60,1.50
2010.03.26 05:18:26.662,1.28785,1.2883,1.60,1.50
2010.03.26 05:18:30.784,1.28775,1.2883,1.60,3.10
2010.03.26 05:18:31.483,1.28775,1.2883,1.60,1.50
2010.03.26 05:18:51.606,1.28765,1.2883,3.20,1.50
2010.03.26 05:19:01.918,1.28765,1.28825,3.20,1.00
2010.03.26 05:19:02.457,1.2877,1.2883,1.00,11.40
2010.03.26 05:19:02.515,1.28775,1.2883,1.60,7.40
2010.03.26 05:19:03.072,1.2877,1.2883,1.00,7.40
2010.03.26 05:19:03.128,1.2877,1.28835,1.60,13.10
2010.03.26 05:19:04.364,1.28765,1.2883,3.20,1.50
2010.03.26 05:19:09.154,1.28765,1.28825,1.60,1.50
2010.03.26 05:19:09.259,1.2876,1.28815,1.00,3.10
2010.03.26 05:19:10.453,1.2876,1.2881,1.00,1.50
2010.03.26 05:19:25.417,1.28765,1.2881,1.60,1.50
2010.03.26 05:19:32.647,1.28765,1.2882,1.60,3.20
2010.03.26 05:19:40.105,1.28775,1.2882,1.60,1.00
2010.03.26 05:19:40.216,1.28775,1.28825,1.60,5.60
2010.03.26 05:19:40.327,1.28775,1.28825,1.60,1.60
2010.03.26 05:19:40.779,1.28765,1.2882,1.60,1.60
2010.03.26 05:19:41.465,1.28765,1.2882,1.60,3.20
2010.03.26 05:19:55.866,1.28775,1.28825,1.60,1.60
2010.03.26 05:19:58.898,1.28765,1.2882,1.60,1.60
2010.03.26 05:20:27.274,1.28765,1.2881,1.60,1.00
2010.03.26 05:20:27.435,1.28775,1.2881,1.60,1.00
2010.03.26 05:20:27.545,1.28775,1.28815,1.60,1.50
2010.03.26 05:20:27.605,1.28775,1.2882,1.60,11.10
2010.03.26 05:20:27.665,1.28775,1.2882,1.60,3.10
2010.03.26 05:20:28.024,1.28775,1.2882,1.60,3.20
2010.03.26 05:20:28.083,1.28765,1.2882,1.60,3.20
2010.03.26 05:20:44.840,1.28765,1.28815,1.60,1.00
2010.03.26 05:20:45.041,1.28765,1.28815,1.60,1.60
2010.03.26 05:20:55.549,1.28765,1.2882,1.60,3.20
2010.03.26 05:21:12.553,1.28775,1.2882,1.60,3.20
2010.03.26 05:21:16.685,1.28765,1.2882,1.60,3.20
2010.03.26 05:22:05.182,1.28765,1.2881,1.60,1.00
2010.03.26 05:22:15.440,1.28765,1.2882,1.60,13.10
2010.03.26 05:22:16.213,1.28765,1.2882,1.60,3.20
2010.03.26 05:22:18.997,1.28765,1.28815,1.60,1.60
2010.03.26 05:22:19.547,1.28765,1.2882,1.60,3.10
2010.03.26 05:22:20.441,1.28765,1.2882,1.60,1.60
2010.03.26 05:22:23.806,1.28775,1.2882,1.60,1.50
2010.03.26 05:22:27.435,1.2877,1.2882,1.00,1.50
2010.03.26 05:22:27.540,1.28765,1.2882,1.60,1.60
2010.03.26 05:22:35.545,1.28775,1.2882,1.60,1.50
2010.03.26 05:23:36.086,1.28765,1.2882,3.40,1.60
2010.03.26 05:23:36.401,1.28765,1.2882,1.60,1.60
2010.03.26 05:23:44.036,1.2877,1.2882,1.00,1.50
2010.03.26 05:23:44.106,1.28775,1.2882,1.60,1.50
2010.03.26 05:24:08.719,1.28775,1.28815,1.60,1.50
2010.03.26 05:24:16.798,1.28775,1.28825,1.60,3.20
2010.03.26 05:24:29.205,1.28785,1.28825,1.60,1.50
2010.03.26 05:24:29.309,1.28785,1.28835,1.60,3.20
2010.03.26 05:24:34.755,1.28795,1.28835,1.60,3.10
2010.03.26 05:24:34.844,1.28795,1.28835,1.60,1.50
2010.03.26 05:24:34.975,1.28795,1.2884,1.60,3.20
2010.03.26 05:24:41.551,1.28795,1.2883,1.60,1.00
2010.03.26 05:24:41.607,1.28795,1.28845,1.60,1.00
2010.03.26 05:24:41.714,1.28795,1.2884,1.60,1.00
2010.03.26 05:24:41.763,1.28785,1.2884,1.60,1.00
2010.03.26 05:24:42.422,1.28795,1.2884,1.60,1.00
2010.03.26 05:24:42.523,1.28795,1.28845,1.60,5.60
2010.03.26 05:24:42.572,1.28795,1.28845,1.60,4.00
2010.03.26 05:24:42.813,1.28795,1.2884,1.60,1.00
2010.03.26 05:24:45.803,1.28795,1.28845,1.60,5.60
2010.03.26 05:24:45.933,1.28795,1.2885,1.60,7.20
2010.03.26 05:24:46.273,1.28795,1.2885,1.60,3.20
2010.03.26 05:25:09.265,1.2879,1.2885,1.00,3.20
2010.03.26 05:25:09.505,1.2879,1.28845,1.00,1.50
2010.03.26 05:25:09.575,1.2879,1.28845,1.00,3.10
2010.03.26 05:25:45.928,1.28785,1.28845,1.60,3.10
2010.03.26 05:25:54.346,1.28795,1.28845,1.60,3.10
2010.03.26 05:26:06.031,1.28805,1.28845,1.60,3.10
2010.03.26 05:26:09.111,1.28805,1.28845,1.60,1.60
2010.03.26 05:26:09.245,1.28815,1.28855,1.60,1.50
2010.03.26 05:26:09.375,1.28815,1.2886,1.60,1.50
2010.03.26 05:26:10.057,1.28815,1.28865,1.60,3.20
2010.03.26 05:26:10.951,1.28815,1.2886,1.60,1.50
2010.03.26 05:26:18.728,1.28825,1.2886,1.60,1.50
2010.03.26 05:26:22.875,1.28825,1.28865,1.60,1.50
2010.03.26 05:26:30.596,1.28825,1.2887,1.60,1.50
2010.03.26 05:26:37.919,1.28815,1.2886,1.60,1.50
2010.03.26 05:26:39.150,1.28815,1.28855,1.60,1.50
2010.03.26 05:26:39.255,1.28825,1.2886,1.60,1.60
2010.03.26 05:26:39.360,1.28825,1.28865,1.60,1.50
2010.03.26 05:26:40.806,1.28815,1.28865,1.60,1.50
2010.03.26 05:26:41.769,1.28825,1.28875,1.60,1.60
2010.03.26 05:26:42.064,1.28835,1.28875,1.60,1.60
2010.03.26 05:26:44.495,1.28825,1.28875,1.60,1.60
2010.03.26 05:26:52.963,1.28825,1.28875,1.60,1.50
2010.03.26 05:26:53.593,1.28835,1.28875,1.60,1.50
2010.03.26 05:27:01.610,1.28835,1.28875,1.60,3.10
2010.03.26 05:27:01.782,1.28825,1.28875,1.60,3.20
2010.03.26 05:27:06.057,1.28825,1.28865,1.60,1.00
2010.03.26 05:27:12.548,1.28825,1.28875,1.60,3.20
2010.03.26 05:27:27.425,1.28825,1.2887,1.60,3.10
2010.03.26 05:27:37.654,1.28825,1.28865,1.60,1.60
2010.03.26 05:27:37.772,1.28825,1.28865,1.60,3.10
2010.03.26 05:27:41.929,1.28825,1.28855,1.60,1.00
2010.03.26 05:27:42.202,1.28825,1.28845,1.60,3.10
2010.03.26 05:27:42.472,1.2877,1.28845,9.60,3.10
2010.03.26 05:27:42.620,1.2877,1.28845,8.00,3.10
2010.03.26 05:27:42.771,1.2876,1.2885,9.60,13.80
2010.03.26 05:27:42.920,1.2878,1.28835,1.60,3.10
2010.03.26 05:27:43.689,1.28785,1.28835,5.60,3.10
2010.03.26 05:27:43.873,1.28775,1.28835,9.60,3.10
2010.03.26 05:27:44.261,1.28785,1.28835,1.60,3.10
2010.03.26 05:27:52.156,1.28775,1.28835,9.60,3.10
2010.03.26 05:27:52.484,1.28785,1.2884,1.60,1.50
2010.03.26 05:28:44.865,1.2879,1.2884,1.00,1.50
2010.03.26 05:28:45.075,1.28795,1.2884,1.60,1.50
2010.03.26 05:28:45.215,1.28785,1.2884,9.60,1.50
2010.03.26 05:28:46.853,1.28795,1.28845,5.60,1.50
2010.03.26 05:29:12.429,1.28795,1.2884,5.60,1.50
2010.03.26 05:29:12.640,1.28785,1.2884,9.60,1.50
2010.03.26 05:29:14.229,1.28795,1.28845,1.60,1.50
2010.03.26 05:29:19.610,1.28795,1.28845,1.60,1.50
2010.03.26 05:29:19.749,1.28795,1.28845,5.60,1.50
2010.03.26 05:29:20.421,1.28795,1.28845,4.00,1.50
2010.03.26 05:29:20.652,1.28785,1.28845,9.60,1.50
2010.03.26 05:29:20.856,1.28795,1.28845,1.60,1.50
2010.03.26 05:29:24.153,1.28785,1.28845,9.60,1.50
2010.03.26 05:29:24.918,1.28795,1.28845,1.60,1.50
2010.03.26 05:29:25.018,1.28795,1.28845,5.60,1.50
2010.03.26 05:29:26.347,1.28805,1.2885,1.60,1.50
2010.03.26 05:29:34.363,1.28805,1.28855,1.60,1.50
2010.03.26 05:30:06.926,1.288,1.28855,4.00,1.50
2010.03.26 05:30:07.589,1.28805,1.28855,1.60,1.50
2010.03.26 05:30:25.099,1.28805,1.2885,1.60,1.60
2010.03.26 05:30:25.282,1.28795,1.2885,5.60,3.10
2010.03.26 05:30:26.549,1.28805,1.2885,1.60,3.10
2010.03.26 05:30:29.128,1.28805,1.2885,1.60,1.50
2010.03.26 05:30:29.270,1.28805,1.28855,1.60,1.50
2010.03.26 05:30:30.685,1.28805,1.28875,3.20,3.10
2010.03.26 05:30:37.370,1.28815,1.2886,1.60,1.80
2010.03.26 05:30:37.693,1.28805,1.2886,1.60,1.80
2010.03.26 05:30:47.491,1.28815,1.2886,1.60,1.80
2010.03.26 05:30:47.857,1.28825,1.28865,1.60,9.80
2010.03.26 05:30:47.916,1.28825,1.28865,1.60,8.00
2010.03.26 05:30:48.035,1.28825,1.2887,1.60,3.50
2010.03.26 05:30:48.275,1.28825,1.2887,1.60,1.90
2010.03.26 05:30:55.883,1.28825,1.2886,1.60,1.00
2010.03.26 05:30:56.114,1.28825,1.2886,1.60,1.90
2010.03.26 05:30:56.813,1.28815,1.2886,1.60,1.90
2010.03.26 05:31:02.893,1.28815,1.2886,1.60,1.90
2010.03.26 05:31:07.440,1.28825,1.2886,1.60,1.90
2010.03.26 05:31:07.787,1.28825,1.2887,1.60,1.90
2010.03.26 05:31:24.371,1.28835,1.28875,1.60,9.50
2010.03.26 05:31:24.592,1.28835,1.2888,1.60,7.50
2010.03.26 05:31:25.018,1.28835,1.2888,1.60,5.90
2010.03.26 05:31:33.593,1.28835,1.2888,1.60,1.90
2010.03.26 05:31:37.504,1.28835,1.28885,1.60,4.00
2010.03.26 05:31:38.127,1.28835,1.28885,1.60,1.00
2010.03.26 05:31:54.363,1.28835,1.2889,1.60,1.90
2010.03.26 05:31:54.560,1.28845,1.2889,1.60,1.00
2010.03.26 05:31:57.303,1.28845,1.289,1.60,4.00
2010.03.26 05:32:02.121,1.2885,1.289,1.00,1.50
2010.03.26 05:32:02.328,1.28855,1.2889,1.60,1.00
2010.03.26 05:32:02.538,1.28845,1.289,1.60,5.60
2010.03.26 05:32:10.521,1.28845,1.289,1.60,7.50
2010.03.26 05:32:16.794,1.2887,1.289,1.00,7.50
2010.03.26 05:32:21.661,1.2888,1.289,1.60,7.50
2010.03.26 05:32:23.361,1.2888,1.289,1.50,7.50
2010.03.26 05:32:25.154,1.2888,1.289,1.40,7.50
2010.03.26 05:32:44.588,1.2888,1.289,1.10,5.80
2010.03.26 05:32:44.767,1.2888,1.2891,1.10,7.50
2010.03.26 05:32:44.948,1.2888,1.28905,1.10,4.00
2010.03.26 05:32:45.128,1.2888,1.2891,1.10,11.50
2010.03.26 05:32:52.121,1.2888,1.2891,1.10,13.10
2010.03.26 05:32:52.469,1.2887,1.28895,2.70,1.60
2010.03.26 05:32:53.455,1.2887,1.28895,2.40,1.60
2010.03.26 05:32:53.605,1.2887,1.28885,2.60,1.60
2010.03.26 05:33:01.914,1.28825,1.28885,3.20,1.60
2010.03.26 05:33:14.173,1.28835,1.28885,3.20,1.60
2010.03.26 05:33:14.251,1.28845,1.28885,1.60,1.60
2010.03.26 05:33:14.294,1.28845,1.2889,1.60,8.00
2010.03.26 05:33:15.155,1.28845,1.28895,1.60,7.50
2010.03.26 05:33:29.176,1.28845,1.28895,1.60,3.50
2010.03.26 05:33:39.165,1.2881,1.28885,1.00,3.50
2010.03.26 05:33:39.295,1.2881,1.2888,1.00,3.10
2010.03.26 05:33:44.453,1.2882,1.28885,1.00,14.70
2010.03.26 05:33:44.713,1.2883,1.2888,1.60,5.10
2010.03.26 05:33:44.973,1.2882,1.2888,1.60,5.10
2010.03.26 05:33:45.246,1.2883,1.28885,1.60,4.00
2010.03.26 05:33:46.023,1.2884,1.28905,1.00,9.60
2010.03.26 05:33:46.198,1.28845,1.28905,1.60,1.60
2010.03.26 05:33:46.376,1.28845,1.28905,1.60,1.00
2010.03.26 05:33:46.546,1.28845,1.2891,5.60,1.50
2010.03.26 05:33:46.713,1.28845,1.2891,1.60,1.50
2010.03.26 05:33:48.475,1.28845,1.289,1.60,1.00
2010.03.26 05:33:49.192,1.28845,1.289,1.60,1.60
2010.03.26 05:33:50.204,1.28845,1.28895,1.60,1.00
2010.03.26 05:33:50.436,1.28845,1.2889,1.60,1.80
2010.03.26 05:33:51.532,1.28845,1.28895,1.60,1.00
2010.03.26 05:33:52.615,1.28855,1.28905,1.60,5.10
2010.03.26 05:33:53.393,1.28845,1.28895,1.60,1.00
2010.03.26 05:33:53.514,1.28845,1.28895,1.60,1.00
2010.03.26 05:33:54.971,1.28845,1.28895,1.60,1.00
2010.03.26 05:33:56.092,1.28845,1.289,1.60,1.80
2010.03.26 05:33:56.253,1.28855,1.289,1.60,1.80
2010.03.26 05:33:56.414,1.28855,1.28905,1.60,1.90
2010.03.26 05:34:03.788,1.28855,1.28905,1.60,1.00
2010.03.26 05:34:18.525,1.28855,1.28905,1.60,1.90
2010.03.26 05:34:18.641,1.28855,1.2891,1.60,1.60
2010.03.26 05:34:19.395,1.28865,1.2891,1.60,1.60
2010.03.26 05:34:19.814,1.28855,1.2891,1.60,1.60
2010.03.26 05:34:28.312,1.28855,1.2891,1.60,1.00
2010.03.26 05:34:30.932,1.28865,1.28915,1.00,1.50
2010.03.26 05:34:31.012,1.28865,1.28915,1.00,1.50
2010.03.26 05:34:31.374,1.28865,1.28925,1.00,1.00
2010.03.26 05:34:31.652,1.28865,1.28925,1.00,1.60
2010.03.26 05:34:35.310,1.2887,1.28925,1.60,1.60
2010.03.26 05:34:35.760,1.2887,1.28925,1.00,1.60
2010.03.26 05:34:36.001,1.28865,1.2892,1.60,1.00
2010.03.26 05:34:36.352,1.2886,1.2892,1.60,1.00
2010.03.26 05:34:37.042,1.2886,1.2891,1.60,1.00
2010.03.26 05:34:37.273,1.2886,1.2891,1.00,1.00
2010.03.26 05:34:38.531,1.2886,1.28915,1.00,1.60
2010.03.26 05:34:38.610,1.2886,1.2892,1.00,9.90
2010.03.26 05:34:38.650,1.2886,1.2892,1.00,8.00
2010.03.26 05:34:38.731,1.2886,1.2892,1.00,4.00
2010.03.26 05:34:38.771,1.2886,1.2892,1.00,1.00
2010.03.26 05:34:41.760,1.2886,1.28915,1.00,1.60
2010.03.26 05:34:41.840,1.2886,1.2891,1.00,1.00
2010.03.26 05:34:44.758,1.28855,1.2891,1.00,1.00
2010.03.26 05:34:44.919,1.28855,1.28905,1.00,1.60
2010.03.26 05:34:46.771,1.28855,1.28895,1.00,1.00
2010.03.26 05:34:46.919,1.28845,1.28895,9.60,1.00
2010.03.26 05:34:47.072,1.28845,1.28895,1.60,1.00
2010.03.26 05:34:47.222,1.28845,1.28905,1.60,4.00
2010.03.26 05:34:47.561,1.28845,1.28905,5.60,1.60
2010.03.26 05:34:48.700,1.28845,1.28905,5.60,1.00
2010.03.26 05:34:49.519,1.28845,1.28905,5.60,1.90
2010.03.26 05:34:49.650,1.28845,1.28895,5.60,1.00
2010.03.26 05:34:49.781,1.28845,1.28895,1.60,1.00
2010.03.26 05:34:49.911,1.2885,1.28905,1.60,1.60
2010.03.26 05:34:50.038,1.2885,1.28905,1.60,1.00
2010.03.26 05:34:51.021,1.2885,1.28905,1.60,1.60
2010.03.26 05:34:51.793,1.2886,1.2891,1.00,1.00
2010.03.26 05:34:54.237,1.2886,1.28915,1.00,1.60
2010.03.26 05:34:58.727,1.2886,1.28915,1.00,1.60
2010.03.26 05:34:59.472,1.2886,1.2892,1.00,8.00
2010.03.26 05:34:59.609,1.28865,1.2892,1.00,1.00
2010.03.26 05:35:06.394,1.28865,1.28915,1.00,1.00
2010.03.26 05:35:06.635,1.28865,1.28905,1.00,1.00
2010.03.26 05:35:06.716,1.2886,1.28905,1.00,1.00
2010.03.26 05:35:07.367,1.2886,1.28905,1.00,1.60
2010.03.26 05:35:08.943,1.28855,1.28905,1.60,1.60
2010.03.26 05:35:12.877,1.28855,1.2891,1.60,1.00
2010.03.26 05:35:13.172,1.28865,1.2891,1.00,1.00
2010.03.26 05:35:14.248,1.2886,1.28915,1.00,1.60
2010.03.26 05:35:15.653,1.28855,1.2891,1.60,1.00
2010.03.26 05:35:15.771,1.28855,1.28905,1.60,1.60
2010.03.26 05:35:17.401,1.2886,1.28905,1.00,1.60
2010.03.26 05:35:18.247,1.28855,1.28905,1.60,1.60
2010.03.26 05:35:22.414,1.28855,1.28905,1.00,1.60
2010.03.26 05:35:22.650,1.28855,1.2891,1.00,1.00
2010.03.26 05:35:22.891,1.2885,1.28905,1.60,1.00
2010.03.26 05:35:23.526,1.2885,1.28905,1.60,1.60
2010.03.26 05:35:25.181,1.28855,1.28905,1.00,1.60
2010.03.26 05:35:25.853,1.28855,1.2891,1.60,1.00
2010.03.26 05:35:31.488,1.28855,1.28905,1.60,1.60
2010.03.26 05:35:32.661,1.28855,1.28905,1.60,1.60
2010.03.26 05:35:32.858,1.28855,1.28905,1.00,1.00
2010.03.26 05:35:37.838,1.28845,1.2889,1.00,1.60
2010.03.26 05:35:38.028,1.2884,1.2889,2.40,1.60
2010.03.26 05:35:38.589,1.2884,1.2889,1.60,1.60
2010.03.26 05:35:38.781,1.2883,1.2888,1.60,1.60
2010.03.26 05:35:42.959,1.2883,1.2888,1.60,1.00
2010.03.26 05:35:43.116,1.2883,1.2887,1.60,1.00
2010.03.26 05:35:43.266,1.28825,1.2887,1.00,1.00
2010.03.26 05:35:44.255,1.28825,1.28875,1.00,3.40
2010.03.26 05:35:44.517,1.28825,1.2887,1.00,1.00
2010.03.26 05:35:44.645,1.28825,1.2887,1.00,1.90
2010.03.26 05:35:45.293,1.2882,1.28865,1.60,1.60
2010.03.26 05:35:45.583,1.2881,1.28865,1.60,1.60
2010.03.26 05:35:47.036,1.28815,1.28875,1.00,3.40
2010.03.26 05:35:47.327,1.2882,1.28875,1.60,1.60
2010.03.26 05:35:48.727,1.2882,1.2888,1.60,4.00
2010.03.26 05:35:50.364,1.2882,1.2888,1.60,5.90
2010.03.26 05:35:50.453,1.2882,1.2888,1.60,9.90
2010.03.26 05:35:50.543,1.2882,1.28875,1.60,4.00
2010.03.26 05:35:50.923,1.2882,1.28875,1.60,8.00
2010.03.26 05:35:53.275,1.2882,1.28875,1.60,8.00
2010.03.26 05:35:53.428,1.2882,1.2888,1.60,1.80
2010.03.26 05:35:53.492,1.2882,1.28885,1.60,3.10
2010.03.26 05:35:53.892,1.2882,1.28885,1.60,4.70
2010.03.26 05:35:55.411,1.2882,1.28885,1.60,3.10
2010.03.26 05:35:56.021,1.2882,1.2888,1.60,1.50
2010.03.26 05:35:56.231,1.28815,1.28875,1.60,11.50
2010.03.26 05:35:57.582,1.2882,1.28875,1.60,11.40
2010.03.26 05:35:57.853,1.2882,1.2888,1.60,5.90
2010.03.26 05:35:58.123,1.28825,1.2888,1.60,4.00
2010.03.26 05:35:58.393,1.28825,1.2889,1.60,8.00
2010.03.26 05:35:59.288,1.2883,1.2889,1.60,9.90
2010.03.26 05:36:00.121,1.2883,1.2889,1.60,9.80
2010.03.26 05:36:00.231,1.2883,1.2889,1.60,8.00
2010.03.26 05:36:00.422,1.2883,1.2889,1.60,4.00
2010.03.26 05:36:04.385,1.2883,1.2889,1.60,9.90
2010.03.26 05:36:06.024,1.2881,1.2888,5.60,1.90
2010.03.26 05:36:06.926,1.2881,1.2887,1.60,1.60
2010.03.26 05:36:17.338,1.28815,1.28865,1.60,1.60
2010.03.26 05:36:17.528,1.28815,1.28875,1.60,4.00
2010.03.26 05:36:17.849,1.2882,1.2888,1.60,4.00
2010.03.26 05:36:18.772,1.28825,1.2888,1.00,4.00
2010.03.26 05:36:18.860,1.28825,1.28875,1.00,4.00
2010.03.26 05:36:19.027,1.28825,1.28875,1.00,8.00
2010.03.26 05:36:19.809,1.2882,1.28875,1.60,8.00
2010.03.26 05:36:21.131,1.28815,1.2887,1.00,9.90
2010.03.26 05:36:21.426,1.28815,1.2887,1.00,1.90
2010.03.26 05:36:25.185,1.28815,1.2887,1.00,5.90
2010.03.26 05:36:25.805,1.28815,1.2887,1.00,9.90
2010.03.26 05:36:27.354,1.28815,1.2887,1.00,5.90
2010.03.26 05:36:29.814,1.28815,1.2887,1.00,1.90
2010.03.26 05:36:33.300,1.28815,1.28875,5.60,1.90
2010.03.26 05:36:34.402,1.28815,1.2888,5.60,3.40
2010.03.26 05:36:34.523,1.2882,1.2888,1.60,1.80
2010.03.26 05:36:36.928,1.2882,1.2888,1.60,1.80
2010.03.26 05:36:37.114,1.28825,1.28885,1.60,1.60
2010.03.26 05:36:41.875,1.28825,1.2888,1.60,4.00
2010.03.26 05:36:42.220,1.2882,1.28875,1.60,4.00
2010.03.26 05:36:45.329,1.2882,1.2888,1.60,9.80
2010.03.26 05:36:46.865,1.2882,1.2888,1.60,5.80
2010.03.26 05:37:35.258,1.2882,1.2888,1.60,4.00
2010.03.26 05:37:35.798,1.2882,1.28885,1.60,7.10
2010.03.26 05:37:39.470,1.2882,1.2888,1.60,1.80
2010.03.26 05:37:39.646,1.2882,1.2888,1.60,5.80
2010.03.26 05:37:40.188,1.28825,1.2888,1.00,5.80
2010.03.26 05:37:40.372,1.2884,1.28905,4.10,1.00
2010.03.26 05:37:40.511,1.2884,1.28915,5.60,1.50
2010.03.26 05:37:40.649,1.2884,1.28915,1.60,1.50
2010.03.26 05:37:41.352,1.2884,1.28905,1.60,4.00
2010.03.26 05:37:41.703,1.28845,1.28895,1.60,1.60
2010.03.26 05:37:42.057,1.28835,1.28895,1.00,7.20
2010.03.26 05:37:42.955,1.2883,1.2889,1.00,8.00
2010.03.26 05:37:43.288,1.2883,1.28885,1.00,4.00
2010.03.26 05:37:43.627,1.2883,1.28885,1.00,5.90
2010.03.26 05:37:43.866,1.2883,1.28885,1.00,9.90
2010.03.26 05:37:43.987,1.2883,1.28885,1.00,9.80
2010.03.26 05:37:44.106,1.2883,1.28885,1.00,8.00
2010.03.26 05:37:44.226,1.2883,1.28885,1.00,4.00
2010.03.26 05:37:44.836,1.2883,1.28885,1.00,8.00
2010.03.26 05:37:45.052,1.2883,1.28885,1.00,9.90
2010.03.26 05:37:46.445,1.2883,1.2887,1.00,1.80
2010.03.26 05:37:46.708,1.2881,1.2886,1.00,1.60
2010.03.26 05:37:46.967,1.2881,1.2885,1.00,1.60
2010.03.26 05:37:47.227,1.288,1.2885,1.60,1.60
2010.03.26 05:37:48.079,1.28795,1.2885,1.60,5.60
2010.03.26 05:37:48.137,1.28785,1.28845,1.60,1.00
2010.03.26 05:37:48.234,1.2879,1.28845,1.00,1.00
2010.03.26 05:37:48.335,1.2879,1.28845,1.60,1.00
2010.03.26 05:37:55.291,1.28795,1.28845,1.60,1.00
2010.03.26 05:37:55.641,1.28795,1.2883,1.60,1.60
2010.03.26 05:37:55.823,1.28805,1.2883,1.00,1.60
2010.03.26 05:37:56.781,1.28805,1.28865,1.00,1.60
2010.03.26 05:37:57.133,1.288,1.2886,1.60,1.00
2010.03.26 05:37:57.476,1.288,1.28865,1.60,1.60
2010.03.26 05:37:58.376,1.2881,1.28855,1.60,1.60
2010.03.26 05:37:58.723,1.2882,1.28875,1.00,1.80
2010.03.26 05:37:59.070,1.2882,1.2888,1.00,1.60
2010.03.26 05:37:59.914,1.28815,1.28865,1.00,3.50
2010.03.26 05:38:02.765,1.28815,1.28855,1.00,1.60
2010.03.26 05:38:03.711,1.2881,1.28855,1.00,1.60
2010.03.26 05:38:06.804,1.28815,1.28865,1.00,3.40
2010.03.26 05:38:08.907,1.2881,1.28865,1.61,1.60
2010.03.26 05:38:09.032,1.28815,1.28865,1.60,1.60
2010.03.26 05:38:09.210,1.28815,1.28865,1.60,3.40
2010.03.26 05:38:10.530,1.28815,1.28865,1.60,1.80
2010.03.26 05:38:12.392,1.2882,1.28875,1.60,7.50
2010.03.26 05:38:30.424,1.28815,1.28865,1.00,1.60
2010.03.26 05:38:30.666,1.28815,1.28865,1.00,5.60
2010.03.26 05:38:30.906,1.28805,1.28865,1.60,5.60
2010.03.26 05:38:31.148,1.28805,1.28865,1.00,5.60
2010.03.26 05:38:36.712,1.28805,1.2886,1.00,1.00
2010.03.26 05:38:36.976,1.28805,1.2883,1.00,1.60
2010.03.26 05:38:37.105,1.28765,1.28835,1.60,1.00
2010.03.26 05:38:37.364,1.28775,1.2884,1.60,1.60
2010.03.26 05:38:37.708,1.28775,1.2885,1.00,1.60
2010.03.26 05:38:38.054,1.2878,1.28835,1.60,1.60
2010.03.26 05:38:38.395,1.2879,1.28825,1.60,1.60
2010.03.26 05:38:38.959,1.28785,1.28825,1.60,1.60
2010.03.26 05:38:39.044,1.2879,1.28835,1.60,1.60
2010.03.26 05:38:46.094,1.28795,1.28845,1.60,3.50
2010.03.26 05:38:46.243,1.288,1.28855,1.00,3.50
2010.03.26 05:38:47.016,1.288,1.28855,1.60,1.60
2010.03.26 05:38:52.538,1.2881,1.28855,1.00,1.60
2010.03.26 05:38:52.885,1.2882,1.28865,1.00,1.60
2010.03.26 05:39:02.179,1.2882,1.28855,1.00,1.60
2010.03.26 05:39:05.281,1.2881,1.28855,1.00,1.60
2010.03.26 05:39:07.977,1.2882,1.28855,1.00,1.60
2010.03.26 05:39:08.197,1.2882,1.28865,1.00,1.60
2010.03.26 05:39:12.206,1.2883,1.28875,1.00,3.10
2010.03.26 05:39:13.031,1.2883,1.28875,1.00,1.60
2010.03.26 05:39:13.299,1.2883,1.2888,1.00,1.50
2010.03.26 05:39:14.385,1.2883,1.28885,1.00,4.70
2010.03.26 05:39:14.485,1.2883,1.28885,1.00,3.10
2010.03.26 05:39:42.903,1.28825,1.28875,1.60,1.60
2010.03.26 05:39:43.561,1.2882,1.28875,1.00,1.60
2010.03.26 05:39:54.964,1.2882,1.28875,1.00,1.60
2010.03.26 05:39:55.104,1.28815,1.28865,1.00,1.60
2010.03.26 05:39:58.387,1.28795,1.28865,5.60,3.10
2010.03.26 05:39:58.545,1.28795,1.28855,4.00,1.60
2010.03.26 05:39:58.705,1.28795,1.28855,1.00,1.60
2010.03.26 05:40:03.942,1.2881,1.28855,1.00,1.60
2010.03.26 05:40:04.120,1.288,1.28845,8.00,1.60
2010.03.26 05:40:04.299,1.28795,1.28845,9.60,1.60
2010.03.26 05:40:04.597,1.2879,1.28845,8.00,1.60
2010.03.26 05:40:04.892,1.2879,1.28855,8.00,4.80
2010.03.26 05:40:05.184,1.2879,1.28845,1.00,1.60
2010.03.26 05:40:07.327,1.2879,1.28835,1.00,1.60
2010.03.26 05:40:07.530,1.28765,1.2883,1.00,1.50
2010.03.26 05:40:07.737,1.2876,1.2883,9.60,1.50
2010.03.26 05:40:07.932,1.28765,1.2883,1.00,1.50
2010.03.26 05:40:08.132,1.28765,1.28835,9.60,4.70
2010.03.26 05:40:08.333,1.28765,1.28835,9.60,4.80
2010.03.26 05:40:08.532,1.2877,1.28835,1.60,4.80
2010.03.26 05:40:10.941,1.28765,1.2883,9.60,3.10
2010.03.26 05:40:12.975,1.28765,1.28825,1.60,1.60
2010.03.26 05:40:14.461,1.28765,1.2882,1.60,1.00
2010.03.26 05:40:14.504,1.28765,1.28805,1.60,1.00
2010.03.26 05:40:14.630,1.28765,1.28805,1.60,1.60
2010.03.26 05:40:14.710,1.28765,1.28805,1.00,1.60
2010.03.26 05:40:14.751,1.2876,1.28805,4.00,1.00
2010.03.26 05:40:14.790,1.2875,1.28805,1.60,1.00
2010.03.26 05:40:14.870,1.2876,1.28815,1.00,8.00
2010.03.26 05:40:14.999,1.2876,1.28815,1.00,4.00
2010.03.26 05:40:15.041,1.2876,1.28815,1.00,1.00
2010.03.26 05:40:17.938,1.28755,1.28805,1.60,1.00
2010.03.26 05:40:18.318,1.28755,1.28805,1.60,1.60
2010.03.26 05:40:20.602,1.28755,1.28815,1.60,1.00
2010.03.26 05:40:20.850,1.2876,1.28815,1.00,1.00
2010.03.26 05:40:21.340,1.2876,1.28805,1.00,1.00
2010.03.26 05:40:23.125,1.2876,1.28815,1.00,1.60
2010.03.26 05:40:23.350,1.2876,1.28805,1.00,1.00
2010.03.26 05:40:24.357,1.2876,1.28815,1.00,9.60
2010.03.26 05:40:24.578,1.2876,1.28815,1.00,1.60
2010.03.26 05:40:25.353,1.2876,1.28805,1.00,1.00
2010.03.26 05:40:26.508,1.2876,1.28815,1.00,5.60
2010.03.26 05:40:26.767,1.2876,1.28815,1.00,1.60
2010.03.26 05:40:27.549,1.2876,1.28805,1.00,1.00
2010.03.26 05:40:29.001,1.2876,1.28815,1.00,1.60
2010.03.26 05:40:33.874,1.2876,1.28805,1.00,1.80
2010.03.26 05:40:34.017,1.2875,1.288,1.60,1.60
2010.03.26 05:40:34.259,1.2875,1.288,1.60,1.60
2010.03.26 05:40:34.365,1.28745,1.288,1.60,1.60
2010.03.26 05:40:46.955,1.28745,1.28785,1.60,1.00
2010.03.26 05:40:47.063,1.28745,1.28795,1.60,1.60
2010.03.26 05:40:51.410,1.28745,1.28785,1.60,1.00
2010.03.26 05:40:51.631,1.2874,1.28785,4.00,1.60
2010.03.26 05:40:52.201,1.28735,1.28785,1.00,1.60
2010.03.26 05:40:52.313,1.2873,1.28785,1.00,1.60
2010.03.26 05:40:55.970,1.28735,1.28785,1.00,1.60
2010.03.26 05:40:56.449,1.28735,1.2879,1.00,1.00
2010.03.26 05:40:56.644,1.28735,1.28785,1.00,1.60
2010.03.26 05:40:59.039,1.2873,1.28785,4.00,1.60
2010.03.26 05:40:59.239,1.2873,1.28785,1.00,1.60
2010.03.26 05:41:00.409,1.28725,1.28785,1.60,1.60
2010.03.26 05:41:03.170,1.28735,1.28785,1.00,1.60
2010.03.26 05:41:03.848,1.28735,1.28785,1.60,1.60
2010.03.26 05:41:05.511,1.28735,1.28785,1.60,1.60
2010.03.26 05:41:05.620,1.2873,1.28785,9.60,1.60
2010.03.26 05:41:05.729,1.2873,1.28785,1.60,1.60
2010.03.26 05:41:08.281,1.2873,1.28775,1.60,1.60
2010.03.26 05:41:08.453,1.28725,1.28775,1.60,1.60
2010.03.26 05:41:09.347,1.28725,1.28765,1.60,1.60
2010.03.26 05:41:09.488,1.28715,1.2877,1.60,1.00
2010.03.26 05:41:10.732,1.28725,1.2877,1.60,1.00
2010.03.26 05:41:10.923,1.28735,1.2879,4.00,1.00
2010.03.26 05:41:13.551,1.2874,1.2879,4.00,1.00
2010.03.26 05:41:13.728,1.28745,1.2879,4.00,1.00
2010.03.26 05:41:13.907,1.28745,1.2879,8.00,1.00
2010.03.26 05:41:14.793,1.2874,1.28785,4.00,1.00
2010.03.26 05:41:15.296,1.2873,1.28785,1.60,4.00
2010.03.26 05:41:16.376,1.2873,1.28785,1.60,4.00
2010.03.26 05:41:16.526,1.2874,1.28795,1.00,8.00
2010.03.26 05:41:16.826,1.28735,1.28795,1.60,8.00
2010.03.26 05:41:17.747,1.28735,1.28785,1.60,1.00
2010.03.26 05:41:17.976,1.28735,1.28785,1.60,4.00
2010.03.26 05:41:18.810,1.28735,1.28785,3.20,4.00
2010.03.26 05:41:19.085,1.28735,1.28795,3.20,1.00
2010.03.26 05:41:19.753,1.28745,1.28795,1.60,1.00
2010.03.26 05:41:21.353,1.28735,1.28795,3.20,1.00
2010.03.26 05:41:22.275,1.28745,1.288,1.00,3.10
2010.03.26 05:41:22.675,1.28745,1.28805,1.60,4.80
2010.03.26 05:41:23.614,1.28745,1.288,3.20,3.10
2010.03.26 05:41:24.616,1.28745,1.28795,1.60,1.60
2010.03.26 05:41:24.657,1.28745,1.28795,1.60,4.70
2010.03.26 05:41:24.805,1.28735,1.28795,5.60,4.80
2010.03.26 05:41:24.943,1.28735,1.28795,1.60,4.80
2010.03.26 05:41:25.502,1.28735,1.2879,1.60,3.10
2010.03.26 05:41:30.660,1.28735,1.28795,1.60,4.80
2010.03.26 05:41:33.670,1.2873,1.28785,11.40,1.00
2010.03.26 05:41:33.821,1.2873,1.28785,3.40,1.00
2010.03.26 05:41:33.971,1.28735,1.28785,1.60,1.00
2010.03.26 05:41:38.330,1.28735,1.28795,3.20,5.60
2010.03.26 05:41:38.519,1.28735,1.28795,3.20,1.60
2010.03.26 05:41:43.678,1.28735,1.28795,1.60,1.60
2010.03.26 05:41:46.977,1.28735,1.28785,1.60,1.60
2010.03.26 05:41:49.493,1.28735,1.28785,1.60,1.60
2010.03.26 05:41:49.597,1.28735,1.28785,1.00,1.60
2010.03.26 05:41:51.947,1.2873,1.28785,11.40,1.60
2010.03.26 05:41:52.091,1.28725,1.28785,1.60,1.60
2010.03.26 05:41:52.380,1.28725,1.28785,1.00,4.80
2010.03.26 05:41:56.797,1.2873,1.28785,1.00,4.70
2010.03.26 05:41:56.985,1.28735,1.28785,1.60,3.10
2010.03.26 05:41:57.658,1.2874,1.28795,1.00,1.60
2010.03.26 05:41:58.435,1.2874,1.288,1.00,1.50
2010.03.26 05:41:59.555,1.28745,1.288,1.60,1.50
2010.03.26 05:41:59.685,1.2875,1.288,1.00,1.50
2010.03.26 05:41:59.945,1.28745,1.288,9.60,1.50
2010.03.26 05:42:00.609,1.28745,1.288,5.60,1.50
2010.03.26 05:42:00.876,1.28745,1.288,1.60,1.50
2010.03.26 05:42:06.804,1.28745,1.28795,1.60,1.00
2010.03.26 05:42:06.972,1.28735,1.28795,10.40,1.60
2010.03.26 05:42:07.144,1.28745,1.28805,1.60,4.80
2010.03.26 05:42:07.316,1.2875,1.288,1.00,8.00
2010.03.26 05:42:08.300,1.2875,1.28805,1.00,1.60
2010.03.26 05:42:11.271,1.28745,1.28805,13.10,1.60
2010.03.26 05:42:11.330,1.28745,1.28805,9.60,3.20
2010.03.26 05:42:11.412,1.28745,1.28805,5.60,3.20
2010.03.26 05:42:11.462,1.28745,1.28805,1.60,3.20
2010.03.26 05:42:12.252,1.28745,1.28805,3.20,3.20
2010.03.26 05:42:12.552,1.2875,1.2881,1.00,4.70
2010.03.26 05:42:13.455,1.28745,1.28795,1.60,1.60
2010.03.26 05:42:14.800,1.28745,1.28795,1.60,3.10
2010.03.26 05:42:15.797,1.28745,1.28795,3.20,1.50
2010.03.26 05:42:16.250,1.28745,1.288,3.20,3.10
2010.03.26 05:42:18.304,1.2875,1.288,1.00,3.10
2010.03.26 05:42:18.953,1.28745,1.28795,4.00,1.60
2010.03.26 05:42:19.099,1.28735,1.28795,3.20,1.60
2010.03.26 05:42:19.252,1.28735,1.28795,1.60,3.20
2010.03.26 05:42:21.070,1.2873,1.2879,11.50,1.50
2010.03.26 05:42:21.850,1.28735,1.2879,2.40,1.50
2010.03.26 05:42:22.167,1.28745,1.2881,5.80,1.50
2010.03.26 05:42:24.081,1.2875,1.28805,4.00,1.50
2010.03.26 05:42:24.431,1.28745,1.28805,9.90,1.50
2010.03.26 05:42:24.884,1.28745,1.2881,9.90,3.10
2010.03.26 05:42:29.335,1.28745,1.2881,5.90,3.10
2010.03.26 05:42:29.459,1.28745,1.2881,1.80,3.20
2010.03.26 05:42:29.588,1.28755,1.2881,1.00,3.10
2010.03.26 05:42:29.719,1.28755,1.2881,9.90,3.10
2010.03.26 05:42:30.168,1.28755,1.2881,1.80,3.10
2010.03.26 05:42:30.488,1.28745,1.2881,9.90,3.10
2010.03.26 05:42:31.321,1.2875,1.2881,4.00,3.10
2010.03.26 05:42:33.167,1.28745,1.2881,5.90,3.10
2010.03.26 05:42:34.448,1.28745,1.2881,4.00,3.20
2010.03.26 05:42:34.557,1.28745,1.2881,1.00,3.20
2010.03.26 05:42:34.587,1.28745,1.288,1.00,4.00
2010.03.26 05:42:34.616,1.28745,1.288,1.80,4.00
2010.03.26 05:42:34.679,1.28745,1.28795,3.40,4.00
2010.03.26 05:42:35.252,1.28745,1.28805,3.40,1.60
2010.03.26 05:42:35.282,1.28745,1.28795,1.60,1.00
2010.03.26 05:42:41.427,1.28745,1.28795,1.00,1.60
2010.03.26 05:42:41.494,1.28735,1.28795,3.20,1.60
2010.03.26 05:42:47.115,1.28745,1.28795,1.00,1.60
2010.03.26 05:42:47.336,1.28745,1.28805,1.60,4.80
2010.03.26 05:42:48.125,1.28755,1.28805,1.00,4.70
2010.03.26 05:42:48.573,1.28745,1.28805,9.60,4.80
2010.03.26 05:42:48.804,1.28745,1.288,1.60,1.50
2010.03.26 05:42:53.064,1.28745,1.28805,1.60,4.80
2010.03.26 05:42:54.596,1.28745,1.28795,1.60,1.00
2010.03.26 05:42:57.115,1.28745,1.28785,1.60,1.00
2010.03.26 05:42:57.484,1.28735,1.28785,3.20,1.00
2010.03.26 05:42:58.007,1.28745,1.28795,1.60,1.00
2010.03.26 05:42:59.112,1.28735,1.28785,1.60,1.00
2010.03.26 05:42:59.391,1.2873,1.28785,1.00,1.00
2010.03.26 05:43:00.881,1.2873,1.2879,1.00,1.00
2010.03.26 05:43:02.389,1.2874,1.28795,1.00,14.60
2010.03.26 05:43:02.569,1.2874,1.28795,1.00,6.60
2010.03.26 05:43:02.659,1.2874,1.28795,1.00,4.70
2010.03.26 05:43:03.200,1.2873,1.28785,4.00,3.20
2010.03.26 05:43:04.144,1.2873,1.28785,1.00,4.70
2010.03.26 05:43:06.620,1.2873,1.28785,1.00,12.70
2010.03.26 05:43:10.669,1.2873,1.28785,1.00,8.70
2010.03.26 05:43:10.787,1.2873,1.28785,1.00,4.70
2010.03.26 05:43:15.121,1.28725,1.2877,1.60,1.50
2010.03.26 05:43:15.177,1.2872,1.2877,1.00,1.50
2010.03.26 05:43:15.287,1.2871,1.2877,8.80,1.50
2010.03.26 05:43:15.347,1.2871,1.2877,8.00,1.50
2010.03.26 05:43:15.407,1.2871,1.2877,1.00,1.50
2010.03.26 05:43:15.706,1.2871,1.28765,1.00,3.10
2010.03.26 05:43:20.077,1.2872,1.2876,1.00,3.10
2010.03.26 05:43:20.207,1.2872,1.2876,1.00,1.50
2010.03.26 05:43:20.337,1.2872,1.28765,1.00,4.70
2010.03.26 05:43:22.886,1.2873,1.28765,1.00,3.10
2010.03.26 05:43:23.127,1.2873,1.28775,1.00,6.30
2010.03.26 05:43:26.744,1.2873,1.28775,1.00,3.20
2010.03.26 05:43:26.966,1.2874,1.28795,1.00,5.50
2010.03.26 05:43:27.184,1.2874,1.28795,1.00,1.50
2010.03.26 05:43:32.141,1.2874,1.28785,1.00,1.60
2010.03.26 05:43:32.333,1.2874,1.28785,1.00,4.70
2010.03.26 05:43:32.716,1.2875,1.28785,1.00,1.60
2010.03.26 05:43:42.740,1.2874,1.28785,1.00,4.70
2010.03.26 05:43:50.357,1.2874,1.28785,1.00,3.10
2010.03.26 05:43:55.636,1.2874,1.28785,1.00,4.70
2010.03.26 05:43:56.197,1.2874,1.28785,1.00,3.20
2010.03.26 05:43:56.337,1.2874,1.2879,1.00,3.10
2010.03.26 05:43:56.939,1.28745,1.2879,5.60,3.10
2010.03.26 05:43:57.074,1.28745,1.288,5.60,3.10
2010.03.26 05:44:01.315,1.28745,1.28795,5.60,3.10
2010.03.26 05:44:01.908,1.28745,1.28795,1.60,3.10
2010.03.26 05:44:02.833,1.2874,1.28795,1.00,4.70
2010.03.26 05:44:03.306,1.2874,1.2879,1.00,3.10
2010.03.26 05:44:05.175,1.28735,1.2879,9.60,3.20
2010.03.26 05:44:05.365,1.28745,1.2879,1.60,3.20
2010.03.26 05:44:05.506,1.2875,1.2879,1.00,3.10
2010.03.26 05:44:05.995,1.2874,1.2879,1.00,3.10
2010.03.26 05:44:07.079,1.28735,1.28785,1.60,1.50
2010.03.26 05:44:07.308,1.2874,1.28785,1.00,1.50
2010.03.26 05:44:09.156,1.28735,1.28785,1.60,1.50
2010.03.26 05:44:09.178,1.2874,1.28785,1.00,1.50
2010.03.26 05:44:09.946,1.2875,1.2879,1.00,1.50
2010.03.26 05:44:19.605,1.2875,1.28795,1.00,1.50
2010.03.26 05:44:19.991,1.28755,1.28795,1.00,1.50
2010.03.26 05:44:20.211,1.2875,1.288,4.10,3.10
2010.03.26 05:44:26.478,1.28745,1.288,4.00,3.10
2010.03.26 05:44:26.699,1.28745,1.28795,1.00,1.60
2010.03.26 05:44:26.780,1.28735,1.28795,9.60,4.80
2010.03.26 05:44:26.998,1.28735,1.28795,5.60,4.80
2010.03.26 05:44:27.079,1.28735,1.28795,1.60,4.80
2010.03.26 05:44:27.492,1.28735,1.2879,4.00,3.20
2010.03.26 05:44:27.780,1.28735,1.2879,1.00,3.20
2010.03.26 05:44:31.347,1.28735,1.2879,1.60,3.20
2010.03.26 05:44:43.206,1.2874,1.2879,1.00,1.50
2010.03.26 05:44:46.845,1.28745,1.28795,1.60,1.50
2010.03.26 05:44:46.971,1.28755,1.28805,1.00,3.10
2010.03.26 05:44:47.093,1.28755,1.28805,1.60,3.10
2010.03.26 05:44:48.240,1.28745,1.2881,1.60,5.10
2010.03.26 05:44:55.652,1.28755,1.2881,1.00,5.00
2010.03.26 05:44:55.896,1.2876,1.2881,4.00,1.00
2010.03.26 05:44:56.133,1.28745,1.2881,8.00,1.90
2010.03.26 05:44:56.375,1.28745,1.2881,1.00,1.50
2010.03.26 05:44:56.613,1.28745,1.2881,4.00,1.50
2010.03.26 05:44:57.673,1.2875,1.2881,4.00,1.60
2010.03.26 05:44:58.333,1.2875,1.2881,4.00,3.50
2010.03.26 05:44:58.452,1.2875,1.2881,1.00,3.50
2010.03.26 05:44:59.873,1.2875,1.28805,1.00,1.00
2010.03.26 05:45:00.001,1.28745,1.28805,11.20,1.90
2010.03.26 05:45:00.134,1.28745,1.28805,1.60,1.90
2010.03.26 05:45:00.261,1.2874,1.28805,5.60,1.90
2010.03.26 05:45:00.391,1.2874,1.288,5.60,1.90
2010.03.26 05:45:01.331,1.2874,1.288,1.60,1.90
2010.03.26 05:45:02.066,1.2874,1.288,1.60,1.80
2010.03.26 05:45:02.186,1.28745,1.2881,9.60,5.10
2010.03.26 05:45:06.544,1.28745,1.2881,9.70,5.00
2010.03.26 05:45:06.661,1.28745,1.2881,9.60,5.00
2010.03.26 05:45:07.470,1.28755,1.2881,4.00,3.10
2010.03.26 05:45:07.971,1.28755,1.2881,4.00,5.10
2010.03.26 05:45:08.220,1.28745,1.2881,9.60,3.20
2010.03.26 05:45:11.228,1.28745,1.28805,9.60,1.00
2010.03.26 05:45:11.439,1.28745,1.28805,1.00,1.90
2010.03.26 05:45:11.589,1.2874,1.28805,5.60,5.10
2010.03.26 05:45:13.556,1.2874,1.288,4.00,1.60
2010.03.26 05:45:13.781,1.2874,1.288,4.00,5.10
2010.03.26 05:45:20.696,1.2874,1.288,5.60,1.90
2010.03.26 05:45:20.920,1.28745,1.288,1.60,1.00
2010.03.26 05:45:21.586,1.28745,1.288,3.20,1.00
2010.03.26 05:45:22.810,1.28745,1.2881,1.60,3.10
2010.03.26 05:45:22.966,1.28745,1.2881,9.60,3.10
2010.03.26 05:45:23.116,1.28745,1.2881,1.60,7.10
2010.03.26 05:45:25.698,1.28745,1.2881,5.60,3.10
2010.03.26 05:45:26.024,1.28745,1.2881,9.60,3.10
2010.03.26 05:45:29.305,1.28745,1.288,9.60,1.00
2010.03.26 05:45:29.536,1.2874,1.288,4.00,1.00
2010.03.26 05:45:39.001,1.2875,1.28805,1.00,4.80
2010.03.26 05:45:44.739,1.2874,1.288,4.10,1.00
2010.03.26 05:45:44.880,1.2874,1.288,4.00,1.00
2010.03.26 05:45:45.621,1.28745,1.28805,4.00,4.70
2010.03.26 05:45:46.780,1.28745,1.28805,1.00,4.70
2010.03.26 05:45:50.090,1.2874,1.288,8.00,1.00
2010.03.26 05:45:50.659,1.2874,1.288,8.00,3.20
2010.03.26 05:45:50.741,1.2874,1.288,4.00,3.10
2010.03.26 05:45:50.939,1.2874,1.288,8.00,3.10
2010.03.26 05:45:55.097,1.2874,1.288,8.10,3.10
2010.03.26 05:45:55.389,1.28745,1.288,1.00,1.50
2010.03.26 05:45:58.940,1.2874,1.288,1.00,1.60
2010.03.26 05:46:04.561,1.2873,1.28795,5.60,3.20
2010.03.26 05:46:04.765,1.2873,1.28795,1.60,3.20
2010.03.26 05:46:06.235,1.28725,1.2879,11.30,1.50
2010.03.26 05:46:15.035,1.28735,1.2879,8.00,1.50
2010.03.26 05:46:15.133,1.28735,1.28795,8.00,1.50
2010.03.26 05:46:15.633,1.28735,1.288,9.60,1.50
2010.03.26 05:46:21.380,1.28735,1.288,11.20,1.50
2010.03.26 05:46:21.491,1.28745,1.288,1.00,1.50
2010.03.26 05:46:22.041,1.28745,1.28805,1.00,4.70
2010.03.26 05:46:23.006,1.28745,1.288,4.00,1.50
2010.03.26 05:46:23.292,1.28745,1.288,1.00,3.10
2010.03.26 05:46:25.828,1.28735,1.28795,1.00,3.10
2010.03.26 05:46:28.641,1.28745,1.28795,1.00,4.70
2010.03.26 05:46:31.982,1.2874,1.28795,8.00,4.70
2010.03.26 05:46:32.228,1.2874,1.28795,4.00,4.70
2010.03.26 05:46:32.269,1.2874,1.28795,1.00,4.70
2010.03.26 05:46:35.339,1.2875,1.28795,1.00,4.70
2010.03.26 05:46:36.759,1.2874,1.28795,1.60,4.70
2010.03.26 05:46:36.957,1.2874,1.28795,1.00,4.70
2010.03.26 05:46:37.551,1.28745,1.28795,1.00,4.70
2010.03.26 05:46:39.382,1.2874,1.28795,1.00,4.70
2010.03.26 05:46:41.768,1.2874,1.28785,1.00,1.60
2010.03.26 05:46:55.708,1.2874,1.2879,1.00,3.10
2010.03.26 05:46:59.696,1.2875,1.28795,1.00,4.70
2010.03.26 05:47:00.878,1.28755,1.28805,1.00,1.60
2010.03.26 05:47:02.575,1.28745,1.28795,1.00,1.60
2010.03.26 05:47:09.968,1.28745,1.2879,1.00,3.10
2010.03.26 05:47:10.479,1.28745,1.28795,1.00,4.70
2010.03.26 05:47:14.752,1.2874,1.28785,1.00,3.10
2010.03.26 05:47:15.512,1.2874,1.28785,1.00,1.50
2010.03.26 05:47:16.424,1.28745,1.28785,1.00,1.50
2010.03.26 05:47:17.014,1.28745,1.2879,1.00,1.60
2010.03.26 05:47:17.194,1.28745,1.28795,1.00,4.70
2010.03.26 05:47:20.468,1.28735,1.28795,1.00,4.80
2010.03.26 05:47:20.637,1.28735,1.28785,1.00,1.60
2010.03.26 05:47:32.384,1.2873,1.28775,1.00,1.60
2010.03.26 05:47:33.123,1.2874,1.28785,1.00,1.60
2010.03.26 05:47:38.258,1.2873,1.28785,1.00,4.70
2010.03.26 05:47:38.731,1.28725,1.28775,1.00,1.60
2010.03.26 05:47:39.076,1.2872,1.28775,1.60,1.60
2010.03.26 05:47:39.425,1.2872,1.28775,1.00,1.60
2010.03.26 05:47:42.794,1.28715,1.2877,3.20,1.00
2010.03.26 05:47:44.361,1.28715,1.2877,1.60,1.00
2010.03.26 05:47:44.701,1.28715,1.2877,1.00,1.00
2010.03.26 05:47:50.728,1.28715,1.2877,1.00,1.60
2010.03.26 05:47:50.869,1.28715,1.28765,1.00,1.60
2010.03.26 05:47:54.160,1.2872,1.28775,1.00,6.30
2010.03.26 05:47:54.310,1.2872,1.28775,1.00,4.70
2010.03.26 05:47:54.617,1.2872,1.28775,1.00,6.30
2010.03.26 05:47:54.770,1.2872,1.28765,1.00,1.60
2010.03.26 05:48:06.616,1.2872,1.28775,1.00,6.30
2010.03.26 05:48:06.705,1.2872,1.28775,1.00,4.70
2010.03.26 05:48:07.498,1.2872,1.28765,1.00,1.60
2010.03.26 05:48:23.472,1.2873,1.28775,1.00,4.70
2010.03.26 05:48:28.514,1.2874,1.28775,1.00,1.60
2010.03.26 05:48:28.721,1.2874,1.2878,1.00,1.50
2010.03.26 05:49:16.518,1.2874,1.28775,1.00,1.60
2010.03.26 05:49:16.698,1.2873,1.28775,1.60,1.60
2010.03.26 05:49:16.978,1.2873,1.28775,1.00,1.60
2010.03.26 05:49:38.152,1.2873,1.2878,1.00,1.50
2010.03.26 05:49:56.151,1.2872,1.28775,1.00,1.60
2010.03.26 05:49:59.071,1.2873,1.2878,1.00,7.10
2010.03.26 05:49:59.830,1.2873,1.28785,1.00,4.70
2010.03.26 05:50:01.489,1.2873,1.28785,1.00,3.10
2010.03.26 05:50:05.848,1.28725,1.2878,1.00,1.00
2010.03.26 05:50:06.136,1.28725,1.2878,1.60,1.00
2010.03.26 05:50:08.764,1.2874,1.28785,1.60,3.10
2010.03.26 05:50:11.608,1.2872,1.2878,7.20,1.00
2010.03.26 05:50:11.846,1.2872,1.2878,1.60,1.00
2010.03.26 05:50:20.820,1.28735,1.2879,1.00,3.10
2010.03.26 05:50:21.060,1.2874,1.2879,1.00,1.50
2010.03.26 05:50:21.775,1.2873,1.2879,1.60,1.50
2010.03.26 05:50:21.916,1.28735,1.2879,1.00,1.50
2010.03.26 05:50:24.068,1.28745,1.2879,1.00,1.50
2010.03.26 05:50:25.394,1.2874,1.2879,1.00,1.50
2010.03.26 05:50:25.532,1.28745,1.2879,1.00,1.50
2010.03.26 05:50:25.672,1.28745,1.28795,1.00,3.10
2010.03.26 05:50:27.144,1.28735,1.28795,1.60,3.20
2010.03.26 05:50:27.243,1.28735,1.28795,1.60,4.80
2010.03.26 05:50:27.373,1.28735,1.28785,1.00,1.60
2010.03.26 05:50:27.762,1.28735,1.28785,1.00,3.20
2010.03.26 05:50:27.892,1.28735,1.28785,1.00,4.70
2010.03.26 05:50:28.817,1.2873,1.2878,1.00,3.10
2010.03.26 05:50:30.482,1.2872,1.28775,1.60,1.60
2010.03.26 05:50:30.651,1.2872,1.28775,1.00,1.60
2010.03.26 05:50:34.007,1.2872,1.2878,1.00,7.20
2010.03.26 05:50:34.163,1.2872,1.28775,1.00,1.60
2010.03.26 05:50:34.794,1.28715,1.2877,1.60,1.00
2010.03.26 05:50:37.304,1.28715,1.28765,1.60,1.00
2010.03.26 05:50:37.359,1.28705,1.28765,3.20,1.60
2010.03.26 05:50:39.600,1.28715,1.28765,1.60,1.00
2010.03.26 05:50:40.059,1.28715,1.2877,1.60,1.60
2010.03.26 05:50:41.930,1.28715,1.28765,1.00,1.60
2010.03.26 05:50:42.230,1.2872,1.2877,1.00,1.50
2010.03.26 05:50:43.958,1.287,1.2876,1.60,1.00
2010.03.26 05:50:44.079,1.28705,1.2876,1.60,1.00
2010.03.26 05:50:44.202,1.28715,1.28775,1.00,5.50
2010.03.26 05:50:44.860,1.28715,1.28775,1.00,1.50
2010.03.26 05:50:45.200,1.2871,1.28775,1.00,1.50
2010.03.26 05:50:45.877,1.28715,1.2877,1.60,1.50
2010.03.26 05:50:47.021,1.28715,1.28765,1.60,1.00
2010.03.26 05:50:48.577,1.28705,1.28765,1.60,1.60
2010.03.26 05:50:50.016,1.28715,1.28765,1.00,1.60
2010.03.26 05:50:50.105,1.28715,1.2877,1.00,3.20
2010.03.26 05:50:51.407,1.2871,1.28765,1.60,1.70
2010.03.26 05:50:51.527,1.2871,1.28765,1.60,1.60
2010.03.26 05:50:51.646,1.28705,1.28765,5.60,1.60
2010.03.26 05:50:51.767,1.28705,1.28765,1.60,1.60
2010.03.26 05:50:58.975,1.28715,1.28765,1.00,1.60
2010.03.26 05:51:00.614,1.28705,1.28765,9.60,1.60
2010.03.26 05:51:00.763,1.28705,1.28765,1.60,1.60
2010.03.26 05:51:04.836,1.28705,1.28765,1.60,4.80
2010.03.26 05:51:07.245,1.28705,1.28755,1.60,1.00
2010.03.26 05:51:07.305,1.287,1.28755,4.00,1.00
2010.03.26 05:51:07.503,1.28695,1.28755,1.60,1.00
2010.03.26 05:51:08.377,1.28705,1.2875,1.60,1.00
2010.03.26 05:51:11.502,1.28705,1.28755,1.60,1.50
2010.03.26 05:51:15.375,1.28705,1.2876,1.60,1.60
2010.03.26 05:51:15.600,1.28705,1.2876,1.60,5.60
2010.03.26 05:51:16.490,1.28705,1.2876,1.60,1.60
2010.03.26 05:51:16.980,1.28705,1.2876,1.60,5.60
2010.03.26 05:51:17.371,1.28715,1.2876,1.60,5.50
2010.03.26 05:51:17.632,1.28715,1.2876,1.60,1.50
2010.03.26 05:51:18.311,1.28725,1.2876,1.60,1.50
2010.03.26 05:51:18.639,1.28715,1.2876,1.60,1.50
2010.03.26 05:51:21.130,1.28725,1.2876,1.00,1.50
2010.03.26 05:51:21.308,1.28725,1.28765,1.00,1.50
2010.03.26 05:51:26.622,1.28705,1.28765,8.00,1.60
2010.03.26 05:51:26.758,1.28705,1.2876,8.00,1.50
2010.03.26 05:51:27.358,1.2871,1.2876,1.60,1.50
2010.03.26 05:51:27.565,1.28705,1.2876,1.00,1.50
2010.03.26 05:51:27.970,1.28715,1.2876,1.00,1.50
2010.03.26 05:51:28.370,1.2871,1.2876,1.00,1.50
2010.03.26 05:51:29.927,1.28715,1.28765,1.00,3.10
2010.03.26 05:51:34.056,1.28715,1.28765,1.60,3.20
2010.03.26 05:51:34.791,1.28705,1.2876,1.60,1.60
2010.03.26 05:51:44.203,1.28705,1.2876,1.60,1.00
2010.03.26 05:51:46.493,1.28705,1.28765,1.60,1.50
2010.03.26 05:51:46.654,1.28715,1.2877,1.60,1.50
2010.03.26 05:51:46.793,1.28715,1.28775,1.60,5.50
2010.03.26 05:51:47.073,1.28715,1.28775,1.60,5.50
2010.03.26 05:51:51.955,1.2872,1.28775,1.00,5.50
2010.03.26 05:51:52.016,1.28725,1.28775,1.60,5.50
2010.03.26 05:51:52.122,1.28725,1.28775,1.60,1.50
2010.03.26 05:51:52.171,1.28725,1.2878,1.60,3.20
2010.03.26 05:51:52.221,1.28725,1.2878,1.60,1.60
2010.03.26 05:52:05.120,1.28735,1.2877,1.60,1.00
2010.03.26 05:52:06.139,1.28725,1.28775,1.60,4.00
2010.03.26 05:52:06.328,1.28725,1.2878,1.60,1.60
2010.03.26 05:52:08.311,1.28725,1.2878,1.60,1.00
2010.03.26 05:52:08.520,1.2873,1.28785,1.00,11.20
2010.03.26 05:52:08.720,1.2873,1.28785,1.00,3.20
2010.03.26 05:52:09.841,1.28725,1.2878,1.60,1.00
2010.03.26 05:52:10.186,1.28725,1.2877,1.60,1.00
2010.03.26 05:52:20.977,1.287,1.2876,7.20,1.00
2010.03.26 05:52:21.096,1.2871,1.2877,1.00,8.00
2010.03.26 05:52:21.215,1.28705,1.2877,1.70,8.00
2010.03.26 05:52:21.336,1.2871,1.2877,1.60,1.00
2010.03.26 05:52:21.455,1.287,1.2877,5.60,3.20
2010.03.26 05:52:22.111,1.28705,1.28765,1.60,3.20
2010.03.26 05:52:25.046,1.28705,1.28755,1.60,1.00
2010.03.26 05:52:25.153,1.28715,1.28755,1.60,1.00
2010.03.26 05:52:25.366,1.28715,1.28765,1.60,13.10
2010.03.26 05:52:25.474,1.28715,1.28765,1.60,11.20
2010.03.26 05:52:25.654,1.28705,1.28765,1.60,3.20
2010.03.26 05:52:26.235,1.28715,1.28755,1.60,1.00
2010.03.26 05:52:27.414,1.28715,1.2876,1.60,9.50
2010.03.26 05:52:27.513,1.28715,1.2876,1.60,5.50
2010.03.26 05:52:27.683,1.28705,1.2876,1.60,1.50
2010.03.26 05:52:28.952,1.28715,1.2876,1.60,1.50
2010.03.26 05:52:29.195,1.28705,1.28765,1.60,5.60
2010.03.26 05:52:29.434,1.28715,1.28755,1.60,1.00
2010.03.26 05:52:29.676,1.28715,1.28765,1.60,9.60
2010.03.26 05:52:29.844,1.28715,1.28765,1.60,1.60
2010.03.26 05:52:30.004,1.2872,1.28765,1.00,1.50
2010.03.26 05:52:30.165,1.2873,1.28765,1.00,1.50
2010.03.26 05:52:30.757,1.2873,1.28785,1.00,10.30
2010.03.26 05:52:30.886,1.2873,1.2879,1.00,3.10
2010.03.26 05:52:31.724,1.28725,1.2879,8.00,3.10
2010.03.26 05:52:31.855,1.2872,1.2878,8.00,1.50
2010.03.26 05:52:37.647,1.2872,1.2878,9.60,1.50
2010.03.26 05:52:37.719,1.2872,1.28785,9.60,3.10
2010.03.26 05:52:37.931,1.2873,1.28785,1.00,3.10
2010.03.26 05:52:41.360,1.2873,1.2879,1.00,3.10
2010.03.26 05:52:45.245,1.28735,1.288,4.00,3.10
2010.03.26 05:52:45.951,1.28735,1.28795,4.00,3.10
2010.03.26 05:52:48.981,1.2873,1.28795,1.60,3.10
2010.03.26 05:52:51.608,1.2873,1.28795,1.00,3.10
2010.03.26 05:52:52.026,1.2873,1.2879,1.00,3.10
2010.03.26 05:52:59.399,1.28725,1.28785,1.00,5.60
2010.03.26 05:53:00.114,1.2873,1.28785,1.00,4.00
2010.03.26 05:53:00.372,1.2873,1.2879,1.00,3.10
2010.03.26 05:53:02.054,1.28725,1.2879,1.60,3.10
2010.03.26 05:53:05.474,1.28735,1.2879,1.60,3.10
2010.03.26 05:53:05.604,1.28745,1.2879,1.00,3.10
2010.03.26 05:53:05.865,1.28745,1.28795,1.00,1.50
2010.03.26 05:53:07.035,1.28755,1.28795,1.00,1.50
2010.03.26 05:53:08.347,1.28745,1.28795,8.00,1.50
2010.03.26 05:53:08.687,1.28745,1.28795,1.00,1.50
2010.03.26 05:53:38.382,1.28745,1.28795,1.60,1.50
2010.03.26 05:53:38.597,1.28755,1.28795,1.00,1.50
2010.03.26 05:53:38.817,1.28745,1.28795,1.60,1.50
2010.03.26 05:53:39.035,1.28755,1.28795,1.60,1.50
2010.03.26 05:53:43.844,1.28755,1.288,1.60,3.20
2010.03.26 05:53:50.423,1.28755,1.288,1.60,1.50
2010.03.26 05:53:50.603,1.28755,1.28805,1.60,3.10
2010.03.26 05:53:59.251,1.28755,1.2881,1.60,3.20
2010.03.26 05:53:59.580,1.28765,1.2881,1.60,3.20
2010.03.26 05:54:01.661,1.28755,1.2881,1.60,3.20
2010.03.26 05:54:01.840,1.28765,1.2881,1.60,3.20
2010.03.26 05:54:04.490,1.28765,1.2881,1.60,3.10
2010.03.26 05:54:05.153,1.28765,1.2881,1.60,1.50
2010.03.26 05:54:05.348,1.28765,1.2881,1.60,1.60
2010.03.26 05:54:13.606,1.28755,1.2881,1.60,1.60
2010.03.26 05:54:14.174,1.28755,1.2881,1.60,3.20
2010.03.26 05:54:32.142,1.2876,1.2881,1.00,3.10
2010.03.26 05:54:32.623,1.2876,1.2881,1.00,1.50
2010.03.26 05:54:43.665,1.2876,1.28805,1.00,1.50
2010.03.26 05:54:45.513,1.2877,1.2881,1.00,1.50
2010.03.26 05:54:49.628,1.28765,1.2881,1.60,1.50
2010.03.26 05:54:49.800,1.28765,1.2881,1.60,3.10
2010.03.26 05:54:51.055,1.28765,1.2881,1.60,1.50
2010.03.26 05:54:51.267,1.28775,1.2882,1.60,3.10
2010.03.26 05:54:54.822,1.2878,1.28825,1.00,3.10
2010.03.26 05:54:55.180,1.28775,1.28815,1.60,1.50
2010.03.26 05:54:55.818,1.28765,1.28815,5.60,1.50
2010.03.26 05:54:56.016,1.28725,1.28795,1.60,4.00
2010.03.26 05:54:56.220,1.28725,1.28805,1.60,11.10
2010.03.26 05:54:56.418,1.28735,1.28805,1.60,3.10
2010.03.26 05:54:56.620,1.28735,1.2882,1.60,3.10
2010.03.26 05:55:11.313,1.28745,1.2881,3.20,1.50
2010.03.26 05:55:11.393,1.28755,1.2881,1.60,1.50
2010.03.26 05:55:11.474,1.28755,1.2881,1.60,1.50
2010.03.26 05:55:14.655,1.28755,1.28815,1.60,1.50
2010.03.26 05:55:20.882,1.28755,1.28815,1.00,1.50
2010.03.26 05:55:21.120,1.2875,1.2881,1.00,1.50
2010.03.26 05:55:28.569,1.28755,1.2881,1.00,1.50
2010.03.26 05:55:28.771,1.2875,1.2881,4.00,1.50
2010.03.26 05:55:28.970,1.2875,1.2881,1.00,1.50
2010.03.26 05:55:29.170,1.2875,1.2881,1.00,5.60
2010.03.26 05:55:29.371,1.2875,1.2881,1.00,5.50
2010.03.26 05:55:29.994,1.2875,1.2881,1.00,1.50
2010.03.26 05:55:30.990,1.28755,1.2881,1.60,1.50
2010.03.26 05:55:37.026,1.2876,1.2881,1.60,1.50
2010.03.26 05:55:37.058,1.2876,1.2881,1.60,1.50
2010.03.26 05:55:37.086,1.2876,1.2882,1.60,4.00
2010.03.26 05:55:37.138,1.2876,1.28825,5.60,3.90
2010.03.26 05:55:37.168,1.28755,1.28825,11.20,3.10
2010.03.26 05:55:37.278,1.28765,1.28825,1.60,3.10
2010.03.26 05:55:37.500,1.28765,1.28825,5.60,3.10
2010.03.26 05:55:37.530,1.28765,1.28825,9.60,3.10
2010.03.26 05:55:40.401,1.2877,1.2883,1.00,1.50
2010.03.26 05:55:40.857,1.28775,1.2883,1.60,1.50
2010.03.26 05:55:41.146,1.2877,1.2883,1.00,1.50
2010.03.26 05:55:42.837,1.2877,1.28825,1.00,1.00
2010.03.26 05:55:43.483,1.2876,1.28825,1.00,5.60
2010.03.26 05:55:43.606,1.2876,1.28825,1.00,7.10
2010.03.26 05:55:47.975,1.28755,1.28815,7.20,1.50
2010.03.26 05:55:48.126,1.28755,1.28815,1.60,1.50
2010.03.26 05:55:49.796,1.28745,1.28805,7.20,1.50
2010.03.26 05:55:50.096,1.28755,1.28805,1.60,1.50
2010.03.26 05:55:52.375,1.28755,1.2881,1.60,1.50
2010.03.26 05:55:53.680,1.28765,1.2881,1.60,1.50
2010.03.26 05:55:53.834,1.28765,1.28815,1.60,3.10
2010.03.26 05:55:54.234,1.28765,1.2882,1.60,9.50
2010.03.26 05:55:55.601,1.2876,1.2882,1.00,9.50
2010.03.26 05:55:55.854,1.28755,1.28815,3.20,1.50
2010.03.26 05:55:55.932,1.28755,1.28815,1.60,3.10
2010.03.26 05:55:56.332,1.28755,1.2881,1.60,1.50
2010.03.26 05:56:26.147,1.28755,1.28805,1.60,1.50
2010.03.26 05:56:27.083,1.28755,1.288,1.60,1.00
2010.03.26 05:56:27.153,1.28765,1.2882,1.60,1.50
2010.03.26 05:56:27.278,1.28765,1.28815,1.60,1.00
2010.03.26 05:56:31.204,1.28755,1.28805,1.60,1.00
2010.03.26 05:56:36.813,1.28765,1.28805,1.60,1.00
2010.03.26 05:56:37.003,1.28765,1.28815,1.60,5.60
2010.03.26 05:56:37.194,1.28775,1.28815,1.60,1.60
2010.03.26 05:56:37.843,1.28765,1.28815,1.60,1.60
2010.03.26 05:56:38.473,1.28765,1.2881,1.60,1.00
2010.03.26 05:56:38.675,1.28755,1.28805,1.60,1.00
2010.03.26 05:56:38.874,1.28755,1.28815,1.60,3.10
2010.03.26 05:56:43.745,1.28755,1.28805,1.60,1.00
2010.03.26 05:57:00.979,1.28755,1.2881,1.60,11.20
2010.03.26 05:57:01.100,1.28755,1.2881,1.60,7.20
2010.03.26 05:57:01.217,1.28755,1.2881,1.60,1.60
2010.03.26 05:57:01.337,1.28755,1.2881,1.60,1.00
2010.03.26 05:57:06.988,1.28755,1.288,1.60,1.00
2010.03.26 05:57:43.738,1.28745,1.2879,1.60,1.00
2010.03.26 05:57:43.851,1.28735,1.2879,1.60,1.00
2010.03.26 05:57:43.963,1.28725,1.2879,1.60,1.00
2010.03.26 05:57:44.834,1.28725,1.28785,1.60,1.60
2010.03.26 05:57:45.519,1.28735,1.2878,1.60,1.50
2010.03.26 05:57:53.335,1.28735,1.2878,1.60,1.50
2010.03.26 05:57:53.677,1.28735,1.2878,1.60,1.50
2010.03.26 05:57:54.018,1.28735,1.2879,1.60,3.20
2010.03.26 05:57:56.556,1.28745,1.28795,1.00,1.50
2010.03.26 05:57:56.675,1.28735,1.28795,1.00,1.50
2010.03.26 05:58:01.345,1.28745,1.28795,1.60,1.50
2010.03.26 05:58:01.585,1.28735,1.28795,5.60,1.50
2010.03.26 05:58:01.803,1.28735,1.28795,1.60,1.50
2010.03.26 05:58:02.024,1.2874,1.28795,1.00,1.50
2010.03.26 05:58:02.242,1.28745,1.28795,1.60,1.50
2010.03.26 05:58:12.837,1.28745,1.2879,1.60,1.80
2010.03.26 05:58:12.959,1.28735,1.2879,5.60,1.80
2010.03.26 05:58:13.082,1.28735,1.28785,1.60,1.50
2010.03.26 05:58:13.140,1.2873,1.28785,4.00,1.50
2010.03.26 05:58:13.421,1.28725,1.28785,5.60,1.50
2010.03.26 05:58:13.700,1.28725,1.2878,5.60,3.10
2010.03.26 05:58:21.021,1.28725,1.2878,5.60,5.00
2010.03.26 05:58:21.251,1.28725,1.2878,1.60,5.00
2010.03.26 05:58:22.069,1.2872,1.2878,1.00,5.00
2010.03.26 05:58:22.308,1.28725,1.2878,1.60,5.00
2010.03.26 05:58:22.934,1.28725,1.28775,1.60,1.50
2010.03.26 05:58:23.007,1.28725,1.28775,1.60,3.10
2010.03.26 05:58:23.348,1.2872,1.28775,1.00,3.10
2010.03.26 05:58:24.248,1.28725,1.28775,1.60,3.20
2010.03.26 05:58:24.529,1.28725,1.2877,1.60,3.10
2010.03.26 05:58:26.185,1.28725,1.28765,1.60,1.50
2010.03.26 05:58:26.267,1.28715,1.28765,1.60,3.40
2010.03.26 05:58:27.090,1.28715,1.28765,1.60,1.50
2010.03.26 05:58:27.981,1.28715,1.28765,1.60,3.10
2010.03.26 05:58:32.824,1.28725,1.28765,1.00,3.10
2010.03.26 05:58:33.499,1.28725,1.2877,1.60,3.10
2010.03.26 05:58:56.389,1.28725,1.2877,1.00,3.10
2010.03.26 05:58:57.324,1.28725,1.28775,1.00,3.10
2010.03.26 05:58:57.437,1.28735,1.28785,1.60,1.50
2010.03.26 05:58:57.618,1.28745,1.28785,1.60,3.40
2010.03.26 05:58:57.792,1.28745,1.28785,1.60,1.50
2010.03.26 05:58:58.545,1.2875,1.28805,1.00,3.10
2010.03.26 05:58:58.891,1.28755,1.28805,1.60,5.00
2010.03.26 05:58:59.229,1.28755,1.288,1.60,1.60
2010.03.26 05:58:59.569,1.28755,1.2879,1.60,1.50
2010.03.26 05:59:00.628,1.2873,1.2879,5.60,1.50
2010.03.26 05:59:00.822,1.2873,1.2879,1.60,3.10
2010.03.26 05:59:01.200,1.2873,1.2879,1.60,3.10
2010.03.26 05:59:01.389,1.2873,1.28785,1.60,4.00
2010.03.26 05:59:01.771,1.28735,1.2879,1.60,3.10
2010.03.26 05:59:02.545,1.28735,1.28785,1.60,1.50
2010.03.26 05:59:02.742,1.28735,1.28785,1.60,7.10
2010.03.26 05:59:05.147,1.28735,1.28785,1.60,3.10
2010.03.26 05:59:05.918,1.28735,1.2879,1.60,3.10
2010.03.26 05:59:06.988,1.28745,1.28785,1.60,1.90
2010.03.26 05:59:10.466,1.28745,1.2879,1.60,5.10
2010.03.26 05:59:16.654,1.28745,1.28785,1.60,1.00
2010.03.26 05:59:16.814,1.28745,1.28785,1.60,1.90
2010.03.26 05:59:16.975,1.28735,1.2879,1.60,3.10
2010.03.26 05:59:18.948,1.28745,1.2879,1.60,3.10
2010.03.26 05:59:19.134,1.2875,1.28795,1.00,3.10
2010.03.26 05:59:19.868,1.28745,1.28785,1.60,1.80
2010.03.26 05:59:20.092,1.28745,1.28785,1.60,13.10
2010.03.26 05:59:20.304,1.2871,1.28785,1.00,13.10
2010.03.26 05:59:20.514,1.2871,1.28785,1.00,13.10
2010.03.26 05:59:20.726,1.2871,1.2878,1.00,3.10
2010.03.26 05:59:22.424,1.28725,1.2878,1.00,3.20
2010.03.26 05:59:23.015,1.28725,1.2878,1.60,3.20
2010.03.26 05:59:23.503,1.28725,1.2878,1.00,3.20
2010.03.26 05:59:25.183,1.2873,1.2878,1.00,3.10
2010.03.26 05:59:25.403,1.28725,1.2878,1.60,3.20
2010.03.26 05:59:26.196,1.2873,1.2878,1.00,3.10
2010.03.26 05:59:26.974,1.2873,1.28785,1.00,3.10
2010.03.26 05:59:27.147,1.2873,1.2878,1.00,1.50
2010.03.26 05:59:31.961,1.28725,1.2878,5.60,1.60
2010.03.26 05:59:32.210,1.28725,1.2878,1.60,1.60
2010.03.26 05:59:32.460,1.2873,1.2878,1.00,1.50
2010.03.26 05:59:33.399,1.2873,1.28785,1.00,1.50
2010.03.26 05:59:34.205,1.28725,1.28785,5.60,3.20
2010.03.26 05:59:34.480,1.28725,1.2878,1.60,1.60
2010.03.26 05:59:43.858,1.28735,1.2878,1.60,1.60
2010.03.26 05:59:44.633,1.28735,1.2878,1.60,1.00
2010.03.26 05:59:55.285,1.28735,1.28785,1.60,1.60
2010.03.26 05:59:55.979,1.28745,1.28785,1.60,1.00
