2017.05.18 02:00:00.371,1.07468,1.07489,3.00,1.00
2017.05.18 02:00:02.840,1.07471,1.07492,1.01,1.00
2017.05.18 02:00:02.942,1.07472,1.07493,1.88,1.00
2017.05.18 02:00:03.044,1.07472,1.07494,1.88,1.00
2017.05.18 02:00:03.249,1.07473,1.07494,1.50,1.00
2017.05.18 02:00:03.300,1.0747,1.07492,2.25,1.00
2017.05.18 02:00:03.351,1.0747,1.07492,1.87,1.50
2017.05.18 02:00:03.922,1.0747,1.07491,1.87,1.00
2017.05.18 02:00:04.441,1.07469,1.07492,1.75,1.00
2017.05.18 02:00:04.695,1.07469,1.0749,1.76,1.00
2017.05.18 02:00:04.746,1.07473,1.07495,1.50,1.50
2017.05.18 02:00:04.899,1.07473,1.07495,1.75,1.00
2017.05.18 02:00:05.241,1.07474,1.07497,1.88,1.00
2017.05.18 02:00:07.513,1.07477,1.07495,1.00,1.00
2017.05.18 02:00:08.188,1.07477,1.07495,1.00,1.00
2017.05.18 02:00:08.779,1.07477,1.07495,1.00,1.00
2017.05.18 02:00:09.280,1.07477,1.07497,1.00,1.50
2017.05.18 02:00:09.508,1.07477,1.07499,1.13,1.50
2017.05.18 02:00:09.814,1.07484,1.07499,1.00,1.00
2017.05.18 02:00:10.127,1.07484,1.07498,2.63,1.00
2017.05.18 02:00:10.179,1.07484,1.07501,2.62,1.00
2017.05.18 02:00:10.281,1.0748,1.075,2.25,1.00
2017.05.18 02:00:10.384,1.07479,1.075,1.50,1.00
2017.05.18 02:00:10.486,1.07477,1.07498,1.88,1.00
2017.05.18 02:00:10.837,1.07473,1.07495,2.45,1.00
2017.05.18 02:00:11.765,1.07474,1.07494,1.50,1.00
2017.05.18 02:00:11.918,1.07477,1.07496,1.13,1.00
2017.05.18 02:00:12.172,1.07477,1.07498,1.88,2.25
2017.05.18 02:00:12.325,1.07478,1.07499,1.75,1.00
2017.05.18 02:00:12.377,1.07479,1.07499,1.90,1.00
2017.05.18 02:00:12.885,1.07479,1.075,1.90,1.00
2017.05.18 02:00:14.138,1.07479,1.075,2.02,1.00
2017.05.18 02:00:14.352,1.07479,1.07498,2.02,1.00
2017.05.18 02:00:14.680,1.07479,1.075,2.02,1.00
2017.05.18 02:00:15.227,1.07479,1.07499,1.38,1.00
2017.05.18 02:00:15.770,1.07479,1.075,1.38,1.00
2017.05.18 02:00:15.922,1.07479,1.07495,1.38,1.00
2017.05.18 02:00:16.227,1.07478,1.07496,1.75,1.00
2017.05.18 02:00:16.531,1.07478,1.07494,1.75,1.00
2017.05.18 02:00:18.316,1.07477,1.07496,1.75,1.00
2017.05.18 02:00:18.827,1.07475,1.07494,1.13,1.00
2017.05.18 02:00:19.334,1.07473,1.07493,1.13,1.00
2017.05.18 02:00:19.902,1.07474,1.07494,1.75,1.50
2017.05.18 02:00:20.526,1.07475,1.07493,1.38,1.00
2017.05.18 02:00:21.049,1.07475,1.07493,1.00,1.00
2017.05.18 02:00:21.565,1.07474,1.07493,1.00,1.00
2017.05.18 02:00:21.616,1.07474,1.07495,1.00,1.50
2017.05.18 02:00:21.718,1.07474,1.07493,1.00,1.00
2017.05.18 02:00:22.225,1.07476,1.07494,1.38,1.00
2017.05.18 02:00:22.728,1.07475,1.07495,1.38,1.50
2017.05.18 02:00:23.254,1.07473,1.07494,1.32,1.00
2017.05.18 02:00:23.903,1.07475,1.07496,1.32,1.00
2017.05.18 02:00:23.955,1.07475,1.07497,2.07,1.50
2017.05.18 02:00:24.107,1.0748,1.07501,2.07,1.00
2017.05.18 02:00:24.159,1.0748,1.07501,2.07,1.00
2017.05.18 02:00:24.666,1.07478,1.075,1.69,1.00
2017.05.18 02:00:25.490,1.07477,1.07499,1.57,1.00
2017.05.18 02:00:25.541,1.07477,1.07499,1.57,1.00
2017.05.18 02:00:27.794,1.07477,1.07499,1.31,1.00
2017.05.18 02:00:28.820,1.0748,1.07499,1.00,1.00
2017.05.18 02:00:29.609,1.0748,1.075,1.00,1.00
2017.05.18 02:00:30.912,1.0748,1.07499,1.00,1.00
2017.05.18 02:00:31.268,1.07477,1.07496,1.56,1.00
2017.05.18 02:00:31.775,1.07477,1.07497,1.56,1.50
2017.05.18 02:00:32.101,1.07478,1.07495,1.31,1.00
2017.05.18 02:00:32.357,1.0748,1.07502,2.81,1.00
2017.05.18 02:00:32.560,1.0748,1.07502,2.06,1.00
2017.05.18 02:00:32.611,1.0748,1.075,2.06,1.00
2017.05.18 02:00:32.764,1.07481,1.075,1.25,1.00
2017.05.18 02:00:32.815,1.07481,1.07498,1.25,1.00
2017.05.18 02:00:33.387,1.07481,1.07499,1.25,1.00
2017.05.18 02:00:33.921,1.07478,1.07498,2.59,1.00
2017.05.18 02:00:34.651,1.07477,1.07496,2.81,1.00
2017.05.18 02:00:34.854,1.07477,1.07497,2.07,1.50
2017.05.18 02:00:38.549,1.07476,1.07498,2.07,1.00
2017.05.18 02:00:38.652,1.07476,1.07498,1.57,1.00
2017.05.18 02:00:38.855,1.07476,1.07496,1.57,1.00
2017.05.18 02:00:38.957,1.07475,1.07496,2.07,1.50
2017.05.18 02:00:39.109,1.07475,1.07494,2.07,1.00
2017.05.18 02:00:39.465,1.07475,1.07496,1.57,1.00
2017.05.18 02:00:39.772,1.07476,1.07497,1.57,1.00
2017.05.18 02:00:39.925,1.07476,1.07497,2.82,1.50
2017.05.18 02:00:40.027,1.07476,1.07495,1.57,1.00
2017.05.18 02:00:40.529,1.07475,1.07494,1.57,1.00
2017.05.18 02:00:40.969,1.07475,1.07496,2.07,1.00
2017.05.18 02:00:41.071,1.07478,1.07498,3.57,1.50
2017.05.18 02:00:41.593,1.0748,1.07498,1.32,1.00
2017.05.18 02:00:42.139,1.07478,1.07498,1.32,1.50
2017.05.18 02:00:42.453,1.07478,1.07496,1.32,1.00
2017.05.18 02:00:42.968,1.07479,1.07496,1.32,1.00
2017.05.18 02:00:43.314,1.07479,1.07496,1.63,1.00
2017.05.18 02:00:46.648,1.07479,1.07496,1.75,1.00
2017.05.18 02:00:46.948,1.0748,1.07499,2.63,1.50
2017.05.18 02:00:47.000,1.07481,1.07502,3.38,1.50
2017.05.18 02:00:47.052,1.07481,1.07501,1.88,1.00
2017.05.18 02:00:47.103,1.0748,1.07498,1.38,1.00
2017.05.18 02:00:47.256,1.07476,1.07497,3.38,1.00
2017.05.18 02:00:47.518,1.07478,1.07496,1.00,1.00
2017.05.18 02:00:47.621,1.07478,1.07496,1.00,1.00
2017.05.18 02:00:47.927,1.0748,1.07497,1.12,1.00
2017.05.18 02:00:48.444,1.0748,1.07497,1.12,1.00
2017.05.18 02:00:49.080,1.07479,1.07498,2.25,1.00
2017.05.18 02:00:49.133,1.07478,1.07496,3.00,1.00
2017.05.18 02:00:49.678,1.07478,1.07495,1.76,1.00
2017.05.18 02:00:50.026,1.07481,1.07496,1.75,1.00
2017.05.18 02:00:52.459,1.07478,1.07496,1.76,1.00
2017.05.18 02:00:53.010,1.07478,1.07496,1.38,1.00
2017.05.18 02:00:53.111,1.07476,1.07494,1.88,1.00
2017.05.18 02:00:53.225,1.07476,1.07497,2.63,1.50
2017.05.18 02:00:53.743,1.07477,1.07496,1.88,1.00
2017.05.18 02:00:54.251,1.07477,1.07494,1.19,1.00
2017.05.18 02:00:54.617,1.07477,1.07495,1.38,1.50
2017.05.18 02:00:55.139,1.07477,1.07496,2.63,1.00
2017.05.18 02:00:55.750,1.07477,1.07497,1.69,1.00
2017.05.18 02:00:56.159,1.07478,1.07498,1.69,1.00
2017.05.18 02:00:56.210,1.0748,1.07497,1.25,1.00
2017.05.18 02:00:56.261,1.07481,1.07499,1.00,1.00
2017.05.18 02:00:56.803,1.07479,1.07498,1.37,1.00
2017.05.18 02:00:57.774,1.07481,1.07498,1.00,1.00
2017.05.18 02:00:58.790,1.07481,1.075,1.12,1.00
2017.05.18 02:00:59.331,1.07482,1.075,1.25,1.00
2017.05.18 02:00:59.870,1.07482,1.07501,1.25,1.00
2017.05.18 02:01:00.023,1.07483,1.07503,1.37,1.50
2017.05.18 02:01:00.125,1.07484,1.07503,1.50,1.00
2017.05.18 02:01:00.883,1.07485,1.07501,1.01,1.00
2017.05.18 02:01:01.391,1.07483,1.07501,1.88,1.00
2017.05.18 02:01:02.535,1.07482,1.07501,1.50,1.50
2017.05.18 02:01:02.840,1.07488,1.07501,1.00,1.00
2017.05.18 02:01:03.167,1.07488,1.07503,1.00,1.50
2017.05.18 02:01:03.684,1.07488,1.07502,1.00,1.50
2017.05.18 02:01:04.625,1.07488,1.07503,1.00,1.50
2017.05.18 02:01:05.157,1.07488,1.07502,1.00,1.00
2017.05.18 02:01:05.663,1.07488,1.07501,1.00,1.00
2017.05.18 02:01:06.171,1.07489,1.07502,1.00,1.00
2017.05.18 02:01:06.375,1.07484,1.07503,1.75,1.00
2017.05.18 02:01:06.696,1.07484,1.07503,1.01,1.50
2017.05.18 02:01:07.153,1.07483,1.075,1.00,1.00
2017.05.18 02:01:07.714,1.0748,1.075,1.00,1.00
2017.05.18 02:01:08.032,1.07488,1.07502,1.00,1.00
2017.05.18 02:01:08.438,1.07484,1.07501,1.01,1.00
2017.05.18 02:01:09.024,1.07486,1.07503,1.00,1.00
2017.05.18 02:01:09.430,1.07482,1.07503,1.00,1.50
2017.05.18 02:01:09.685,1.07481,1.07501,1.00,1.00
2017.05.18 02:01:10.456,1.07479,1.07499,2.63,1.00
2017.05.18 02:01:11.176,1.07483,1.07501,1.00,1.00
2017.05.18 02:01:11.726,1.07483,1.07502,1.00,1.50
2017.05.18 02:01:12.621,1.07484,1.07503,1.00,1.50
2017.05.18 02:01:13.068,1.07481,1.07501,1.75,1.00
2017.05.18 02:01:14.268,1.0748,1.07499,2.25,1.00
2017.05.18 02:01:15.420,1.07479,1.07501,1.50,1.00
2017.05.18 02:01:16.195,1.07481,1.075,1.75,1.00
2017.05.18 02:01:16.247,1.07481,1.07503,1.75,2.25
2017.05.18 02:01:16.399,1.07485,1.07504,1.50,2.25
2017.05.18 02:01:16.704,1.07487,1.07504,1.75,1.00
2017.05.18 02:01:17.216,1.07488,1.07505,1.00,1.00
2017.05.18 02:01:17.521,1.07487,1.07504,1.13,1.00
2017.05.18 02:01:18.122,1.07487,1.07504,1.28,1.00
2017.05.18 02:01:18.275,1.07487,1.07504,1.13,1.00
2017.05.18 02:01:19.227,1.07488,1.07504,1.00,1.00
2017.05.18 02:01:19.486,1.07488,1.07506,1.00,1.50
2017.05.18 02:01:19.689,1.07487,1.07504,1.00,1.00
2017.05.18 02:01:21.488,1.07488,1.07504,1.00,1.00
2017.05.18 02:01:22.718,1.07485,1.07505,1.00,2.25
2017.05.18 02:01:22.921,1.07485,1.07504,1.00,1.50
2017.05.18 02:01:24.618,1.07484,1.07504,1.00,2.25
2017.05.18 02:01:25.468,1.07485,1.07504,1.00,1.00
2017.05.18 02:01:25.997,1.07484,1.07505,1.00,1.50
2017.05.18 02:01:26.428,1.07486,1.07505,1.00,1.50
2017.05.18 02:01:26.834,1.07491,1.07505,1.00,1.50
2017.05.18 02:01:27.738,1.07491,1.07504,1.00,1.00
2017.05.18 02:01:29.805,1.07489,1.07504,1.00,1.00
2017.05.18 02:01:30.401,1.07491,1.07504,1.00,1.00
2017.05.18 02:01:30.917,1.07491,1.07505,1.00,1.00
2017.05.18 02:01:32.366,1.07491,1.07504,1.00,1.00
2017.05.18 02:01:32.966,1.07491,1.07505,1.00,1.00
2017.05.18 02:01:34.758,1.07491,1.07504,1.00,1.00
2017.05.18 02:01:35.298,1.07491,1.07505,1.00,1.00
2017.05.18 02:01:36.560,1.07492,1.07505,1.00,1.00
2017.05.18 02:01:37.554,1.07495,1.07505,1.00,1.00
2017.05.18 02:01:37.728,1.07493,1.07505,1.00,1.00
2017.05.18 02:01:37.830,1.07491,1.07505,1.00,1.00
2017.05.18 02:01:37.987,1.07495,1.07505,1.00,1.00
2017.05.18 02:01:38.702,1.07495,1.07506,1.00,1.00
2017.05.18 02:01:39.222,1.07496,1.07507,1.00,1.00
2017.05.18 02:01:39.824,1.07492,1.07507,1.01,1.00
2017.05.18 02:01:40.027,1.07495,1.07508,1.00,1.00
2017.05.18 02:01:40.406,1.07492,1.07508,1.01,1.00
2017.05.18 02:01:40.715,1.07496,1.07507,1.00,1.00
2017.05.18 02:01:41.216,1.07496,1.07508,1.00,1.00
2017.05.18 02:01:42.314,1.07495,1.07508,1.00,1.00
2017.05.18 02:01:42.416,1.07492,1.07508,1.01,1.00
2017.05.18 02:01:42.616,1.07495,1.07508,1.00,1.00
2017.05.18 02:01:43.097,1.07492,1.07508,1.01,1.00
2017.05.18 02:01:43.945,1.07492,1.07508,1.57,2.25
2017.05.18 02:01:44.455,1.07495,1.07508,1.56,2.25
2017.05.18 02:01:44.608,1.07495,1.07508,1.56,2.25
2017.05.18 02:01:44.761,1.07492,1.07508,1.58,2.25
2017.05.18 02:01:44.812,1.07495,1.07508,1.56,2.25
2017.05.18 02:01:44.863,1.07495,1.07508,1.00,2.25
2017.05.18 02:01:44.914,1.07491,1.07508,1.57,2.25
2017.05.18 02:01:44.966,1.07491,1.07508,1.57,2.25
2017.05.18 02:01:45.359,1.07495,1.07514,1.56,3.75
2017.05.18 02:01:45.457,1.07495,1.07509,1.56,2.25
2017.05.18 02:01:45.559,1.07495,1.07508,1.00,2.25
2017.05.18 02:01:45.610,1.0749,1.07509,1.57,2.25
2017.05.18 02:01:45.662,1.0749,1.07509,1.57,2.25
2017.05.18 02:01:45.763,1.07495,1.07509,1.00,2.25
2017.05.18 02:01:46.118,1.07491,1.07508,1.57,2.25
2017.05.18 02:01:46.220,1.07496,1.07508,1.31,2.25
2017.05.18 02:01:46.423,1.07496,1.07508,1.56,2.25
2017.05.18 02:01:46.830,1.07496,1.07509,1.00,2.25
2017.05.18 02:01:46.932,1.0749,1.07509,1.57,2.25
2017.05.18 02:01:47.034,1.0749,1.07508,1.57,2.25
2017.05.18 02:01:47.085,1.07492,1.07508,1.58,2.25
2017.05.18 02:01:47.545,1.0749,1.07508,1.01,3.75
2017.05.18 02:01:47.749,1.07488,1.07509,1.01,3.37
2017.05.18 02:01:47.851,1.07488,1.07507,1.01,1.00
2017.05.18 02:01:48.003,1.07486,1.07507,1.00,1.00
2017.05.18 02:01:48.054,1.07486,1.07504,1.00,1.50
2017.05.18 02:01:48.847,1.07485,1.07502,1.00,1.50
2017.05.18 02:01:49.151,1.07485,1.075,1.00,1.00
2017.05.18 02:01:49.405,1.07485,1.07503,1.12,1.50
2017.05.18 02:01:49.508,1.07487,1.07504,1.00,1.00
2017.05.18 02:01:49.761,1.07484,1.07502,1.00,1.50
2017.05.18 02:01:49.812,1.07484,1.075,1.00,1.00
2017.05.18 02:01:51.001,1.07484,1.07501,1.00,1.50
2017.05.18 02:01:51.591,1.07488,1.07504,1.00,1.00
2017.05.18 02:01:52.100,1.07489,1.07504,1.00,1.00
2017.05.18 02:01:52.606,1.07489,1.07503,1.00,1.00
2017.05.18 02:01:52.657,1.07487,1.07504,1.00,1.50
2017.05.18 02:01:53.164,1.07487,1.07503,1.00,1.00
2017.05.18 02:01:53.680,1.07486,1.07503,1.00,1.00
2017.05.18 02:01:53.884,1.07488,1.07503,1.00,1.00
2017.05.18 02:01:54.350,1.07488,1.07505,1.00,1.50
2017.05.18 02:01:55.075,1.07488,1.07503,1.00,1.00
2017.05.18 02:01:55.619,1.07489,1.07503,1.00,1.00
2017.05.18 02:01:56.159,1.07489,1.07504,1.00,1.50
2017.05.18 02:01:56.736,1.07486,1.07504,1.00,1.00
2017.05.18 02:01:57.923,1.07486,1.07503,1.00,1.00
2017.05.18 02:01:58.161,1.07486,1.07505,1.00,1.50
2017.05.18 02:01:58.569,1.07482,1.075,1.37,1.00
2017.05.18 02:01:58.875,1.07482,1.07501,1.87,1.00
2017.05.18 02:01:59.282,1.07484,1.07504,1.12,1.00
2017.05.18 02:01:59.334,1.07488,1.07506,2.62,1.00
2017.05.18 02:01:59.436,1.07489,1.07508,1.87,1.00
2017.05.18 02:01:59.538,1.07493,1.07507,1.00,1.00
2017.05.18 02:01:59.640,1.07493,1.0751,1.00,1.00
2017.05.18 02:02:00.046,1.07494,1.07512,1.56,1.00
2017.05.18 02:02:00.198,1.07493,1.07511,1.00,1.00
2017.05.18 02:02:00.399,1.07491,1.07511,1.00,1.00
2017.05.18 02:02:00.552,1.0749,1.07509,1.12,1.00
2017.05.18 02:02:00.654,1.0749,1.07511,1.12,1.00
2017.05.18 02:02:00.757,1.0749,1.07509,1.00,1.00
2017.05.18 02:02:01.012,1.07491,1.07513,1.37,1.50
2017.05.18 02:02:01.063,1.07491,1.07511,2.62,1.00
2017.05.18 02:02:01.378,1.07491,1.0751,2.25,1.00
2017.05.18 02:02:01.481,1.07494,1.07513,1.12,1.00
2017.05.18 02:02:02.484,1.07497,1.07513,1.00,1.00
2017.05.18 02:02:02.738,1.07498,1.07515,1.00,1.50
2017.05.18 02:02:02.959,1.07497,1.07513,1.00,1.00
2017.05.18 02:02:03.215,1.07494,1.07512,1.00,1.00
2017.05.18 02:02:03.572,1.07496,1.07512,1.00,1.00
2017.05.18 02:02:03.878,1.07498,1.07514,1.00,1.50
2017.05.18 02:02:04.401,1.07499,1.07514,1.00,1.00
2017.05.18 02:02:04.908,1.07498,1.07515,1.00,1.50
2017.05.18 02:02:05.214,1.07495,1.0751,1.00,1.00
2017.05.18 02:02:05.745,1.07495,1.07511,1.00,1.00
2017.05.18 02:02:05.916,1.07495,1.07513,1.00,1.50
2017.05.18 02:02:06.077,1.07492,1.07512,1.00,1.00
2017.05.18 02:02:06.794,1.07492,1.07511,1.00,2.25
2017.05.18 02:02:07.316,1.07491,1.0751,1.12,1.00
2017.05.18 02:02:08.406,1.07493,1.0751,1.00,1.00
2017.05.18 02:02:08.779,1.07498,1.07515,1.00,1.00
2017.05.18 02:02:08.933,1.07494,1.07513,1.00,1.87
2017.05.18 02:02:08.984,1.07496,1.07514,1.00,2.62
2017.05.18 02:02:09.289,1.075,1.07514,1.00,1.00
2017.05.18 02:02:09.543,1.075,1.07516,1.00,1.50
2017.05.18 02:02:09.797,1.07502,1.07517,1.00,1.50
2017.05.18 02:02:10.310,1.07503,1.07517,1.00,1.50
2017.05.18 02:02:10.817,1.07502,1.07517,1.00,1.00
2017.05.18 02:02:11.592,1.07501,1.07516,1.00,1.00
2017.05.18 02:02:12.124,1.07502,1.07516,1.00,1.00
2017.05.18 02:02:14.295,1.07503,1.07518,1.00,1.00
2017.05.18 02:02:14.840,1.07503,1.07519,1.00,1.50
2017.05.18 02:02:15.097,1.07499,1.07516,1.00,1.00
2017.05.18 02:02:15.301,1.07499,1.07514,1.00,1.00
2017.05.18 02:02:15.804,1.07499,1.07516,1.00,1.00
2017.05.18 02:02:16.312,1.07497,1.07513,1.00,1.00
2017.05.18 02:02:16.870,1.07496,1.07512,1.00,1.00
2017.05.18 02:02:17.185,1.07497,1.07514,1.00,1.00
2017.05.18 02:02:18.590,1.07497,1.07513,1.00,1.00
2017.05.18 02:02:20.721,1.07495,1.07513,1.00,1.00
2017.05.18 02:02:21.228,1.07496,1.07514,1.00,1.50
2017.05.18 02:02:21.772,1.07497,1.07514,1.00,1.50
2017.05.18 02:02:22.413,1.07497,1.07514,1.00,1.87
2017.05.18 02:02:23.124,1.07497,1.07514,1.00,2.25
2017.05.18 02:02:23.175,1.07497,1.07514,1.00,1.87
2017.05.18 02:02:26.466,1.07497,1.07512,1.00,1.00
2017.05.18 02:02:29.347,1.07497,1.07513,1.00,1.00
2017.05.18 02:02:29.551,1.07491,1.07508,1.00,1.00
2017.05.18 02:02:30.452,1.07494,1.07509,1.00,1.00
2017.05.18 02:02:30.554,1.07495,1.07511,1.00,1.00
2017.05.18 02:02:30.657,1.07496,1.07513,1.00,1.50
2017.05.18 02:02:31.516,1.07495,1.07511,1.00,1.00
2017.05.18 02:02:31.864,1.07494,1.07509,1.00,1.00
2017.05.18 02:02:32.067,1.07495,1.07512,1.00,1.00
2017.05.18 02:02:32.596,1.07494,1.07513,1.00,1.00
2017.05.18 02:02:32.900,1.07494,1.07511,1.00,1.00
2017.05.18 02:02:33.505,1.07494,1.07512,1.00,1.50
2017.05.18 02:02:34.510,1.07494,1.07511,1.00,1.50
2017.05.18 02:02:34.816,1.07493,1.07508,1.00,1.00
2017.05.18 02:02:35.242,1.07493,1.0751,1.00,1.50
2017.05.18 02:02:35.754,1.07493,1.07509,1.00,1.00
2017.05.18 02:02:36.315,1.07493,1.07508,1.00,1.00
2017.05.18 02:02:36.848,1.07493,1.07509,1.00,1.50
2017.05.18 02:02:37.632,1.07493,1.07508,1.00,1.00
2017.05.18 02:02:38.160,1.07493,1.07509,1.00,1.00
2017.05.18 02:02:39.359,1.07493,1.07508,1.00,1.00
2017.05.18 02:02:39.928,1.07493,1.07509,1.00,1.00
2017.05.18 02:02:40.479,1.07492,1.07507,1.00,1.00
2017.05.18 02:02:40.998,1.07491,1.07507,1.00,1.50
2017.05.18 02:02:41.757,1.07491,1.07506,1.00,1.00
2017.05.18 02:02:43.029,1.07491,1.07509,1.50,1.00
2017.05.18 02:02:43.081,1.07491,1.07512,1.00,1.87
2017.05.18 02:02:43.132,1.07495,1.07512,1.00,1.37
2017.05.18 02:02:43.334,1.07495,1.07514,1.00,2.25
2017.05.18 02:02:43.385,1.07497,1.07514,1.00,1.00
2017.05.18 02:02:44.169,1.07497,1.07515,1.00,1.00
2017.05.18 02:02:47.245,1.07498,1.07515,1.00,1.00
2017.05.18 02:02:47.392,1.075,1.07519,1.00,2.25
2017.05.18 02:02:47.443,1.07498,1.07519,1.00,2.25
2017.05.18 02:02:47.662,1.075,1.0752,1.00,2.62
2017.05.18 02:02:48.769,1.07493,1.07516,2.81,1.00
2017.05.18 02:02:49.522,1.07494,1.07514,1.50,1.00
2017.05.18 02:02:50.032,1.07494,1.07516,1.19,1.00
2017.05.18 02:02:50.134,1.07493,1.07516,2.44,1.00
2017.05.18 02:02:51.007,1.07494,1.07515,2.44,1.00
2017.05.18 02:02:51.557,1.07494,1.07517,2.06,1.00
2017.05.18 02:02:51.659,1.07494,1.07517,2.44,1.00
2017.05.18 02:02:52.338,1.07496,1.07518,1.56,1.00
2017.05.18 02:02:52.677,1.07495,1.07516,1.56,1.00
2017.05.18 02:02:52.728,1.07495,1.07516,1.19,1.00
2017.05.18 02:02:53.237,1.07496,1.07517,1.19,1.00
2017.05.18 02:02:54.201,1.07494,1.07516,2.06,1.00
2017.05.18 02:02:54.252,1.07494,1.07516,1.69,1.00
2017.05.18 02:02:54.354,1.07493,1.07514,2.44,1.00
2017.05.18 02:02:54.557,1.07494,1.07516,1.31,1.00
2017.05.18 02:02:54.608,1.07494,1.07514,1.31,1.00
2017.05.18 02:02:54.863,1.07494,1.07516,1.25,1.00
2017.05.18 02:02:55.235,1.07494,1.07515,2.06,1.00
2017.05.18 02:02:55.439,1.07494,1.07517,1.31,1.50
2017.05.18 02:02:55.987,1.07495,1.07516,1.19,1.00
2017.05.18 02:02:56.038,1.07495,1.07516,1.25,1.00
2017.05.18 02:02:56.106,1.07495,1.07516,1.19,1.00
2017.05.18 02:02:56.650,1.07494,1.07515,1.31,1.00
2017.05.18 02:02:57.494,1.07493,1.07516,1.56,1.00
2017.05.18 02:02:58.002,1.07494,1.07517,2.06,1.50
2017.05.18 02:02:58.503,1.07493,1.07516,2.06,1.00
2017.05.18 02:02:59.045,1.07496,1.07517,1.19,1.00
2017.05.18 02:03:00.263,1.07495,1.07517,1.00,1.00
2017.05.18 02:03:00.416,1.07499,1.07517,1.00,1.00
2017.05.18 02:03:01.633,1.07499,1.07518,1.00,1.00
2017.05.18 02:03:01.938,1.07504,1.07522,1.00,1.00
2017.05.18 02:03:02.142,1.075,1.0752,1.00,1.00
2017.05.18 02:03:02.295,1.075,1.07518,1.00,1.00
2017.05.18 02:03:02.830,1.075,1.07519,1.00,1.00
2017.05.18 02:03:03.159,1.07497,1.07519,1.00,1.50
2017.05.18 02:03:03.210,1.07497,1.07517,1.00,1.00
2017.05.18 02:03:03.714,1.07497,1.07517,1.00,1.87
2017.05.18 02:03:04.521,1.075,1.07516,1.00,1.00
2017.05.18 02:03:04.623,1.07501,1.07521,1.00,1.75
2017.05.18 02:03:04.774,1.07501,1.07523,1.00,1.12
2017.05.18 02:03:04.826,1.07503,1.07524,1.00,1.37
2017.05.18 02:03:04.877,1.07504,1.07526,1.00,1.00
2017.05.18 02:03:05.081,1.07506,1.07528,1.00,3.75
2017.05.18 02:03:05.284,1.07507,1.07528,1.00,1.00
2017.05.18 02:03:05.488,1.07505,1.07529,1.00,1.00
2017.05.18 02:03:05.908,1.07509,1.07531,1.00,1.87
2017.05.18 02:03:06.163,1.07503,1.07526,1.50,1.19
2017.05.18 02:03:06.214,1.07503,1.07523,1.00,1.00
2017.05.18 02:03:06.824,1.07501,1.07523,1.00,1.00
2017.05.18 02:03:07.274,1.07501,1.0752,1.50,1.00
2017.05.18 02:03:07.815,1.07501,1.0752,1.00,1.19
2017.05.18 02:03:08.018,1.075,1.07521,1.50,1.19
2017.05.18 02:03:08.277,1.07498,1.0752,2.25,1.19
2017.05.18 02:03:08.814,1.07497,1.07518,1.50,1.19
2017.05.18 02:03:09.625,1.07498,1.07518,1.50,1.00
2017.05.18 02:03:09.773,1.07498,1.07522,2.25,1.00
2017.05.18 02:03:09.825,1.075,1.07522,1.50,1.00
2017.05.18 02:03:10.129,1.075,1.0752,1.50,1.12
2017.05.18 02:03:10.434,1.07498,1.07518,1.00,1.00
2017.05.18 02:03:10.536,1.07496,1.07517,1.50,1.00
2017.05.18 02:03:11.067,1.07497,1.07517,1.00,1.00
2017.05.18 02:03:11.220,1.07497,1.07519,1.50,1.87
2017.05.18 02:03:11.322,1.07497,1.07515,1.00,1.00
2017.05.18 02:03:11.374,1.07497,1.07518,1.00,1.00
2017.05.18 02:03:11.932,1.07497,1.07519,1.50,1.87
2017.05.18 02:03:12.347,1.07496,1.07514,1.50,1.00
2017.05.18 02:03:12.399,1.07496,1.07518,1.12,1.12
2017.05.18 02:03:12.552,1.07498,1.07519,1.00,1.37
2017.05.18 02:03:13.080,1.07497,1.07519,1.00,1.37
2017.05.18 02:03:13.785,1.07498,1.07518,1.00,1.12
2017.05.18 02:03:14.239,1.07496,1.07518,1.00,1.12
2017.05.18 02:03:14.442,1.07494,1.07518,1.50,1.12
2017.05.18 02:03:14.665,1.07496,1.07518,1.87,1.00
2017.05.18 02:03:15.076,1.07499,1.07519,1.00,1.00
2017.05.18 02:03:15.382,1.07497,1.0752,1.50,1.50
2017.05.18 02:03:15.484,1.07499,1.0752,1.00,1.00
2017.05.18 02:03:15.887,1.07496,1.07518,1.00,1.50
2017.05.18 02:03:16.394,1.07495,1.07517,2.25,1.00
2017.05.18 02:03:16.928,1.07495,1.07514,1.12,1.00
2017.05.18 02:03:17.429,1.07496,1.07515,1.00,1.00
2017.05.18 02:03:17.786,1.07496,1.07517,1.00,1.00
2017.05.18 02:03:17.889,1.07496,1.07515,1.00,1.00
2017.05.18 02:03:18.513,1.07495,1.07515,1.50,1.00
2017.05.18 02:03:19.027,1.07496,1.07514,1.00,1.00
2017.05.18 02:03:19.129,1.07494,1.07514,2.25,1.00
2017.05.18 02:03:19.374,1.07494,1.0751,1.50,1.00
2017.05.18 02:03:19.682,1.07496,1.07511,1.00,1.00
2017.05.18 02:03:19.733,1.07497,1.07514,1.00,1.00
2017.05.18 02:03:20.088,1.07498,1.07515,1.87,1.00
2017.05.18 02:03:20.139,1.07498,1.07517,1.87,1.00
2017.05.18 02:03:20.588,1.07498,1.07515,2.25,1.00
2017.05.18 02:03:21.125,1.07499,1.07515,1.00,1.00
2017.05.18 02:03:22.295,1.07498,1.07515,1.87,1.00
2017.05.18 02:03:22.826,1.07497,1.07516,1.50,1.00
2017.05.18 02:03:23.132,1.07496,1.07514,1.12,1.00
2017.05.18 02:03:23.784,1.07497,1.07513,1.00,1.00
2017.05.18 02:03:23.989,1.07498,1.07515,1.50,1.00
2017.05.18 02:03:24.194,1.07496,1.07515,1.87,1.00
2017.05.18 02:03:24.347,1.07498,1.07516,1.50,1.00
2017.05.18 02:03:24.679,1.075,1.07518,1.12,1.00
2017.05.18 02:03:25.187,1.07501,1.07519,1.50,1.00
2017.05.18 02:03:25.856,1.075,1.07519,2.25,1.00
2017.05.18 02:03:26.038,1.07501,1.07524,1.87,1.00
2017.05.18 02:03:26.242,1.07501,1.07521,1.00,1.00
2017.05.18 02:03:26.293,1.07497,1.07518,3.00,1.00
2017.05.18 02:03:26.344,1.07497,1.07518,1.87,1.00
2017.05.18 02:03:26.852,1.07498,1.07518,3.37,1.00
2017.05.18 02:03:27.437,1.07497,1.07517,1.87,1.00
2017.05.18 02:03:27.741,1.07496,1.07513,1.00,1.00
2017.05.18 02:03:27.945,1.07494,1.07513,3.75,1.00
2017.05.18 02:03:28.249,1.07494,1.07511,1.00,1.00
2017.05.18 02:03:28.604,1.07492,1.0751,1.50,1.00
2017.05.18 02:03:29.129,1.07492,1.07509,1.00,1.00
2017.05.18 02:03:29.376,1.0749,1.07509,1.00,1.00
2017.05.18 02:03:29.427,1.07489,1.07506,1.50,1.00
2017.05.18 02:03:29.732,1.07489,1.07504,1.00,1.00
2017.05.18 02:03:30.238,1.07489,1.07505,1.00,1.00
2017.05.18 02:03:31.137,1.07488,1.07505,1.50,1.00
2017.05.18 02:03:31.341,1.07489,1.07507,1.00,1.00
2017.05.18 02:03:31.443,1.07488,1.0751,1.50,1.00
2017.05.18 02:03:31.919,1.0749,1.07512,1.00,1.00
2017.05.18 02:03:32.021,1.0749,1.07515,1.57,1.00
2017.05.18 02:03:32.073,1.07491,1.07517,1.00,1.50
2017.05.18 02:03:32.124,1.0749,1.07515,1.57,1.00
2017.05.18 02:03:32.429,1.07494,1.07517,1.00,1.00
2017.05.18 02:03:32.936,1.07493,1.07516,1.50,1.00
2017.05.18 02:03:33.430,1.07496,1.07517,1.00,1.12
2017.05.18 02:03:33.532,1.07495,1.0752,2.25,1.00
2017.05.18 02:03:33.583,1.07495,1.07518,1.50,1.00
2017.05.18 02:03:33.890,1.07495,1.07513,1.00,1.00
2017.05.18 02:03:34.195,1.07492,1.0751,1.00,1.00
2017.05.18 02:03:34.507,1.07493,1.07512,1.00,1.00
2017.05.18 02:03:34.711,1.07495,1.07512,1.00,1.00
2017.05.18 02:03:34.762,1.07495,1.07514,1.00,1.00
2017.05.18 02:03:34.864,1.07494,1.07512,1.00,1.00
2017.05.18 02:03:35.391,1.07494,1.07511,1.00,1.00
2017.05.18 02:03:35.940,1.07493,1.07511,1.00,1.00
2017.05.18 02:03:36.197,1.07495,1.07514,1.00,1.00
2017.05.18 02:03:36.300,1.07497,1.07514,1.00,1.00
2017.05.18 02:03:36.820,1.07497,1.07515,1.00,1.00
2017.05.18 02:03:37.323,1.07497,1.07514,1.00,1.00
2017.05.18 02:03:37.425,1.07493,1.07512,1.00,1.00
2017.05.18 02:03:37.476,1.07488,1.07508,1.00,1.00
2017.05.18 02:03:37.630,1.07486,1.07508,1.50,1.00
2017.05.18 02:03:37.681,1.07489,1.07508,1.00,1.00
2017.05.18 02:03:38.037,1.0749,1.07512,1.50,1.00
2017.05.18 02:03:38.088,1.07491,1.0751,1.50,1.00
2017.05.18 02:03:38.190,1.07492,1.07512,1.00,1.00
2017.05.18 02:03:38.241,1.07492,1.07514,1.00,1.00
2017.05.18 02:03:38.394,1.07494,1.07515,1.00,1.50
2017.05.18 02:03:38.735,1.07496,1.07515,1.00,1.00
2017.05.18 02:03:39.616,1.07495,1.07514,1.50,1.00
2017.05.18 02:03:40.193,1.07494,1.07514,1.50,1.00
2017.05.18 02:03:40.629,1.07496,1.07514,1.00,1.00
2017.05.18 02:03:40.986,1.07497,1.07516,1.00,1.00
2017.05.18 02:03:41.240,1.07499,1.07515,1.00,1.00
2017.05.18 02:03:41.844,1.07497,1.07515,1.50,1.00
2017.05.18 02:03:42.401,1.07498,1.07515,1.00,1.00
2017.05.18 02:03:42.554,1.07496,1.07515,1.00,1.00
2017.05.18 02:03:42.605,1.07494,1.07512,1.00,1.00
2017.05.18 02:03:42.927,1.07492,1.0751,1.50,1.00
2017.05.18 02:03:43.488,1.07493,1.0751,1.00,1.00
2017.05.18 02:03:43.691,1.07494,1.07512,1.00,1.00
2017.05.18 02:03:44.199,1.07495,1.07512,1.00,1.00
2017.05.18 02:03:44.745,1.07495,1.07513,1.00,1.00
2017.05.18 02:03:46.036,1.07495,1.0751,1.00,1.00
2017.05.18 02:03:46.563,1.07493,1.07511,1.50,1.00
2017.05.18 02:03:46.665,1.07492,1.07509,1.50,1.00
2017.05.18 02:03:47.214,1.07493,1.07509,1.00,1.00
2017.05.18 02:03:47.502,1.07491,1.07509,1.50,1.00
2017.05.18 02:03:48.010,1.0749,1.07508,1.50,1.00
2017.05.18 02:03:48.279,1.07491,1.07508,1.80,1.00
2017.05.18 02:03:48.330,1.0749,1.07508,1.00,1.00
2017.05.18 02:03:48.483,1.07492,1.07508,1.00,1.00
2017.05.18 02:03:48.988,1.07491,1.07509,1.00,1.00
2017.05.18 02:03:49.498,1.0749,1.07509,1.00,1.00
2017.05.18 02:03:49.803,1.07489,1.07507,1.00,1.00
2017.05.18 02:03:49.854,1.07487,1.07507,1.50,1.00
2017.05.18 02:03:50.315,1.07485,1.07507,1.49,1.37
2017.05.18 02:03:50.366,1.07484,1.07506,2.25,1.37
2017.05.18 02:03:50.468,1.07483,1.07503,1.50,1.00
2017.05.18 02:03:50.976,1.07483,1.07503,2.25,1.56
2017.05.18 02:03:51.027,1.07484,1.07503,1.50,1.31
2017.05.18 02:03:51.335,1.07482,1.07503,2.25,1.31
2017.05.18 02:03:52.283,1.07484,1.07506,1.00,1.56
2017.05.18 02:03:53.457,1.07484,1.07506,1.00,1.31
2017.05.18 02:03:53.765,1.07486,1.07508,1.00,1.00
2017.05.18 02:03:54.272,1.07486,1.07509,1.00,1.50
2017.05.18 02:03:54.793,1.07485,1.07508,2.25,1.00
2017.05.18 02:03:55.376,1.07485,1.07507,2.25,1.00
2017.05.18 02:03:55.749,1.07487,1.07507,1.00,1.00
2017.05.18 02:03:56.110,1.07487,1.0751,1.00,3.00
2017.05.18 02:03:56.575,1.07489,1.07513,1.00,1.50
2017.05.18 02:03:56.778,1.07489,1.07512,1.00,1.56
2017.05.18 02:03:57.286,1.07489,1.07513,1.00,1.00
2017.05.18 02:03:57.793,1.07489,1.07511,1.00,1.00
2017.05.18 02:03:58.518,1.07489,1.07512,1.00,1.00
2017.05.18 02:03:58.714,1.07486,1.07511,1.50,1.00
2017.05.18 02:04:00.413,1.07485,1.0751,2.66,1.00
2017.05.18 02:04:00.515,1.07485,1.07508,1.00,1.00
2017.05.18 02:04:01.266,1.07484,1.07508,1.69,1.00
2017.05.18 02:04:01.927,1.07483,1.07506,3.41,1.00
2017.05.18 02:04:02.130,1.07481,1.07504,1.74,1.00
2017.05.18 02:04:02.181,1.07481,1.07501,1.74,1.00
2017.05.18 02:04:02.508,1.07479,1.07498,1.50,1.00
2017.05.18 02:04:02.609,1.07473,1.07496,1.50,1.00
2017.05.18 02:04:02.660,1.07472,1.07494,1.00,1.00
2017.05.18 02:04:02.965,1.07471,1.07492,1.07,1.00
2017.05.18 02:04:03.472,1.07472,1.07492,1.00,1.00
2017.05.18 02:04:03.980,1.07471,1.07492,1.07,1.00
2017.05.18 02:04:04.560,1.07472,1.07491,1.00,1.00
2017.05.18 02:04:05.076,1.07471,1.0749,1.07,1.00
2017.05.18 02:04:05.907,1.07472,1.0749,1.00,1.00
2017.05.18 02:04:06.347,1.0747,1.07493,1.55,1.00
2017.05.18 02:04:06.551,1.07471,1.07493,1.55,1.00
2017.05.18 02:04:06.652,1.07471,1.07493,2.62,1.00
2017.05.18 02:04:06.755,1.07474,1.07494,1.00,1.00
2017.05.18 02:04:06.806,1.07472,1.07494,1.00,1.00
2017.05.18 02:04:07.162,1.07471,1.07492,2.25,1.00
2017.05.18 02:04:07.213,1.0747,1.07494,2.62,1.00
2017.05.18 02:04:07.598,1.07471,1.07491,1.50,1.00
2017.05.18 02:04:07.824,1.07472,1.07493,1.50,1.00
2017.05.18 02:04:09.096,1.07473,1.07494,1.00,1.00
2017.05.18 02:04:09.350,1.07469,1.07491,1.87,1.00
2017.05.18 02:04:10.062,1.07468,1.07491,1.00,1.00
2017.05.18 02:04:10.563,1.07467,1.07491,1.50,1.00
2017.05.18 02:04:10.981,1.07469,1.07491,1.00,1.00
2017.05.18 02:04:11.604,1.07469,1.0749,1.87,1.00
2017.05.18 02:04:15.561,1.07469,1.07488,1.00,1.00
2017.05.18 02:04:16.016,1.07467,1.07489,1.50,1.00
2017.05.18 02:04:16.623,1.07468,1.07489,1.50,1.00
2017.05.18 02:04:16.674,1.07466,1.07489,1.87,1.00
2017.05.18 02:04:17.199,1.07466,1.07489,4.50,1.00
2017.05.18 02:04:17.825,1.07468,1.07489,1.00,1.00
2017.05.18 02:04:18.575,1.07469,1.07489,1.00,1.00
2017.05.18 02:04:19.117,1.07473,1.07492,1.00,1.00
2017.05.18 02:04:19.624,1.07474,1.07492,1.00,1.00
2017.05.18 02:04:23.585,1.07475,1.07492,1.00,1.00
2017.05.18 02:04:24.732,1.07474,1.07492,1.00,1.00
2017.05.18 02:04:25.563,1.07472,1.07492,1.00,1.00
2017.05.18 02:04:26.517,1.07473,1.07492,1.00,1.00
2017.05.18 02:04:27.066,1.07472,1.07492,1.50,1.00
2017.05.18 02:04:27.684,1.07473,1.07492,1.00,1.00
2017.05.18 02:04:29.075,1.07472,1.07492,1.00,1.00
2017.05.18 02:04:29.584,1.07471,1.07491,2.25,1.00
2017.05.18 02:04:30.115,1.07471,1.07492,1.00,1.00
2017.05.18 02:04:31.314,1.07471,1.07492,1.37,1.00
2017.05.18 02:04:31.844,1.07471,1.07491,1.37,1.00
2017.05.18 02:04:32.400,1.07471,1.07491,1.12,1.00
2017.05.18 02:04:34.242,1.07471,1.07492,1.12,1.00
2017.05.18 02:04:34.747,1.07471,1.07491,1.12,1.00
2017.05.18 02:04:35.671,1.07471,1.07492,1.12,1.50
2017.05.18 02:04:37.507,1.0747,1.07491,1.37,1.00
2017.05.18 02:04:37.558,1.07469,1.07491,1.00,1.50
2017.05.18 02:04:38.661,1.07469,1.07492,1.00,1.00
2017.05.18 02:04:39.163,1.07469,1.07493,1.00,1.00
2017.05.18 02:04:42.114,1.07475,1.0749,1.00,1.00
2017.05.18 02:04:42.165,1.07476,1.07494,1.00,1.25
2017.05.18 02:04:42.419,1.07475,1.07496,1.50,1.12
2017.05.18 02:04:43.125,1.07476,1.07496,1.50,1.87
2017.05.18 02:04:44.714,1.07475,1.07496,1.00,1.12
2017.05.18 02:04:45.314,1.07476,1.07496,1.00,1.12
2017.05.18 02:04:46.240,1.07476,1.07499,1.50,2.25
2017.05.18 02:04:46.342,1.07476,1.07499,1.00,2.62
2017.05.18 02:04:46.699,1.07476,1.07499,1.00,2.25
2017.05.18 02:04:47.126,1.07476,1.07499,2.25,2.62
2017.05.18 02:04:47.228,1.07476,1.07499,2.25,2.25
2017.05.18 02:04:47.638,1.07477,1.07499,1.37,1.50
2017.05.18 02:04:48.127,1.07476,1.07499,1.50,1.69
2017.05.18 02:04:48.678,1.07476,1.07497,1.00,1.00
2017.05.18 02:04:48.906,1.07476,1.07494,1.00,1.00
2017.05.18 02:04:50.130,1.07475,1.07494,1.00,1.00
2017.05.18 02:04:50.716,1.07475,1.07493,1.50,1.00
2017.05.18 02:04:50.977,1.07476,1.07495,1.00,1.00
2017.05.18 02:04:51.513,1.07475,1.07496,1.50,1.00
2017.05.18 02:04:51.716,1.07476,1.07499,1.50,1.56
2017.05.18 02:04:52.133,1.07478,1.07499,1.00,1.00
2017.05.18 02:04:52.494,1.07476,1.075,1.50,1.87
2017.05.18 02:04:52.545,1.07476,1.07499,1.00,1.69
2017.05.18 02:04:52.850,1.07475,1.07498,2.25,2.00
2017.05.18 02:04:53.188,1.0749,1.07501,1.00,2.00
2017.05.18 02:04:53.239,1.07486,1.07501,1.50,1.31
2017.05.18 02:04:53.341,1.07485,1.07507,1.50,1.50
2017.05.18 02:04:53.392,1.07488,1.07508,1.00,2.00
2017.05.18 02:04:53.494,1.07489,1.07506,1.00,1.00
2017.05.18 02:04:53.545,1.07492,1.07506,1.00,1.00
2017.05.18 02:04:53.597,1.07489,1.07505,1.00,1.00
2017.05.18 02:04:53.648,1.07491,1.07505,1.00,1.00
2017.05.18 02:04:53.801,1.0749,1.07511,1.00,1.25
2017.05.18 02:04:54.334,1.0749,1.0751,1.00,1.00
2017.05.18 02:04:54.881,1.0749,1.07511,1.00,1.19
2017.05.18 02:04:58.106,1.0749,1.0751,1.00,1.00
2017.05.18 02:04:59.126,1.07491,1.0751,1.00,1.00
2017.05.18 02:04:59.284,1.07489,1.0751,1.00,1.00
2017.05.18 02:04:59.336,1.07489,1.07512,1.00,1.87
2017.05.18 02:04:59.387,1.07492,1.07511,1.00,1.50
2017.05.18 02:04:59.438,1.07492,1.07514,1.00,1.50
2017.05.18 02:04:59.975,1.07493,1.07515,1.00,2.81
2017.05.18 02:05:00.244,1.07492,1.07513,1.00,1.00
2017.05.18 02:05:00.295,1.07489,1.07511,1.00,1.50
2017.05.18 02:05:00.397,1.07489,1.07508,1.00,1.00
2017.05.18 02:05:00.701,1.07487,1.07505,1.00,1.50
2017.05.18 02:05:02.119,1.07487,1.07507,1.00,1.12
2017.05.18 02:05:05.351,1.07487,1.07508,1.00,3.75
2017.05.18 02:05:05.757,1.0749,1.07508,1.00,1.37
2017.05.18 02:05:05.808,1.07486,1.07508,1.50,3.37
2017.05.18 02:05:06.333,1.07485,1.07507,2.62,1.12
2017.05.18 02:05:07.547,1.07486,1.07507,1.00,1.12
2017.05.18 02:05:08.157,1.07485,1.07507,2.62,1.12
2017.05.18 02:05:08.867,1.07485,1.07505,2.25,1.00
2017.05.18 02:05:09.418,1.07485,1.07506,2.25,1.00
2017.05.18 02:05:09.968,1.07485,1.07505,2.25,1.00
2017.05.18 02:05:10.490,1.07485,1.07506,2.25,1.00
2017.05.18 02:05:10.795,1.07486,1.07502,1.50,1.00
2017.05.18 02:05:11.303,1.07486,1.07503,1.00,1.00
2017.05.18 02:05:11.455,1.07486,1.07505,1.50,1.00
2017.05.18 02:05:11.557,1.07486,1.07507,1.50,1.50
2017.05.18 02:05:13.216,1.07486,1.07506,2.25,1.00
2017.05.18 02:05:13.805,1.07486,1.07505,1.50,1.00
2017.05.18 02:05:14.319,1.07486,1.07506,1.50,1.00
2017.05.18 02:05:14.876,1.07486,1.07505,2.25,1.00
2017.05.18 02:05:14.978,1.07486,1.07503,1.50,1.00
2017.05.18 02:05:15.335,1.07486,1.07505,1.50,1.00
2017.05.18 02:05:16.162,1.07486,1.07504,1.00,1.00
2017.05.18 02:05:19.306,1.07486,1.07501,1.00,1.00
2017.05.18 02:05:20.088,1.07486,1.07502,1.00,1.00
2017.05.18 02:05:20.707,1.07486,1.07501,1.00,1.00
2017.05.18 02:05:20.809,1.07486,1.07503,1.00,1.00
2017.05.18 02:05:20.913,1.07486,1.07505,1.00,1.00
2017.05.18 02:05:20.964,1.07486,1.07507,1.12,1.00
2017.05.18 02:05:21.322,1.07486,1.07509,3.00,1.00
2017.05.18 02:05:21.426,1.07486,1.07506,1.00,2.25
2017.05.18 02:05:21.888,1.07486,1.07504,1.50,1.00
2017.05.18 02:05:22.412,1.07486,1.07502,1.00,1.00
2017.05.18 02:05:22.668,1.07484,1.07505,1.00,1.12
2017.05.18 02:05:22.719,1.07486,1.07503,1.00,1.00
2017.05.18 02:05:22.855,1.07486,1.07506,1.50,2.25
2017.05.18 02:05:23.008,1.07483,1.07504,1.00,1.00
2017.05.18 02:05:23.059,1.07486,1.07506,1.00,1.00
2017.05.18 02:05:23.465,1.07486,1.07504,1.50,1.50
2017.05.18 02:05:23.617,1.07486,1.07506,1.50,1.00
2017.05.18 02:05:24.136,1.07487,1.07505,1.00,1.00
2017.05.18 02:05:24.587,1.07487,1.07507,1.00,2.25
2017.05.18 02:05:24.891,1.0749,1.07511,1.00,3.37
2017.05.18 02:05:25.580,1.07489,1.0751,1.00,2.25
2017.05.18 02:05:25.717,1.07487,1.07507,1.00,1.00
2017.05.18 02:05:26.022,1.07487,1.07505,1.00,1.50
2017.05.18 02:05:26.276,1.07491,1.07511,1.00,1.00
2017.05.18 02:05:26.327,1.07491,1.07513,1.00,1.00
2017.05.18 02:05:26.900,1.07491,1.07512,1.00,1.00
2017.05.18 02:05:26.952,1.07488,1.07511,1.00,1.00
2017.05.18 02:05:27.157,1.07489,1.07512,1.37,1.00
2017.05.18 02:05:27.719,1.07486,1.07509,3.37,1.50
2017.05.18 02:05:27.770,1.07486,1.07507,1.12,1.00
2017.05.18 02:05:28.281,1.07487,1.07508,1.00,1.00
2017.05.18 02:05:28.790,1.07487,1.07507,1.00,1.00
2017.05.18 02:05:29.310,1.07485,1.07506,2.25,1.00
2017.05.18 02:05:29.831,1.07486,1.07506,1.00,2.25
2017.05.18 02:05:30.340,1.07486,1.07507,1.00,1.50
2017.05.18 02:05:30.958,1.07486,1.07507,1.07,1.00
2017.05.18 02:05:34.827,1.07486,1.07507,1.15,1.00
2017.05.18 02:05:35.335,1.07486,1.07507,1.90,1.00
2017.05.18 02:05:35.886,1.07486,1.07507,1.90,1.00
2017.05.18 02:05:39.140,1.07486,1.07509,1.08,3.00
2017.05.18 02:05:39.448,1.0749,1.07511,1.43,1.00
2017.05.18 02:05:39.967,1.07491,1.07512,1.31,1.00
2017.05.18 02:05:40.480,1.07492,1.07513,1.06,1.00
2017.05.18 02:05:40.785,1.07492,1.07513,1.31,1.50
2017.05.18 02:05:42.398,1.07488,1.07511,2.20,1.00
2017.05.18 02:05:43.555,1.07488,1.07511,1.33,1.00
2017.05.18 02:05:44.528,1.07488,1.07511,3.33,1.00
2017.05.18 02:05:44.629,1.07491,1.07512,2.18,1.00
2017.05.18 02:05:45.235,1.07491,1.07511,1.70,1.00
2017.05.18 02:05:45.439,1.07489,1.07509,2.95,1.00
2017.05.18 02:05:45.879,1.07488,1.07508,1.70,1.00
2017.05.18 02:05:47.502,1.07488,1.07508,2.20,1.00
2017.05.18 02:05:48.519,1.07489,1.07508,1.83,1.00
2017.05.18 02:05:49.076,1.07489,1.07509,1.70,1.00
2017.05.18 02:05:49.548,1.07491,1.07511,1.33,1.00
2017.05.18 02:05:50.098,1.0749,1.0751,1.45,1.00
2017.05.18 02:05:50.739,1.07491,1.07511,1.83,1.00
2017.05.18 02:05:50.981,1.07495,1.07512,1.00,1.00
2017.05.18 02:05:51.489,1.07497,1.07512,1.00,1.00
2017.05.18 02:05:51.693,1.07498,1.07515,1.00,1.00
2017.05.18 02:05:52.082,1.075,1.07515,1.00,1.00
2017.05.18 02:05:52.595,1.07499,1.07516,1.50,1.00
2017.05.18 02:05:53.132,1.075,1.07516,1.00,1.00
2017.05.18 02:05:53.648,1.075,1.07515,1.00,1.00
2017.05.18 02:05:54.487,1.07499,1.07515,1.50,1.00
2017.05.18 02:05:54.792,1.07498,1.07512,1.00,1.31
2017.05.18 02:05:56.137,1.07498,1.07513,1.00,1.56
2017.05.18 02:05:56.239,1.07496,1.07513,1.50,1.56
2017.05.18 02:05:56.743,1.07497,1.07514,1.00,1.56
2017.05.18 02:05:58.721,1.07497,1.07511,1.00,1.00
2017.05.18 02:05:59.133,1.07497,1.0751,1.00,1.56
2017.05.18 02:05:59.185,1.07495,1.07509,1.50,1.56
2017.05.18 02:05:59.337,1.07495,1.07508,1.00,1.56
2017.05.18 02:05:59.388,1.07493,1.07508,1.00,1.56
2017.05.18 02:05:59.440,1.07493,1.0751,1.00,1.31
2017.05.18 02:05:59.543,1.07496,1.07516,1.00,1.37
2017.05.18 02:05:59.594,1.07501,1.07516,1.00,1.00
2017.05.18 02:05:59.645,1.07502,1.07519,1.00,1.00
2017.05.18 02:05:59.798,1.07505,1.0752,1.00,1.00
2017.05.18 02:06:00.001,1.07502,1.0752,1.50,1.37
2017.05.18 02:06:00.154,1.07503,1.07517,1.00,1.37
2017.05.18 02:06:00.273,1.07503,1.07517,1.00,1.00
2017.05.18 02:06:00.325,1.07501,1.07516,1.00,1.00
2017.05.18 02:06:00.835,1.075,1.07516,1.00,1.00
2017.05.18 02:06:01.338,1.07499,1.07516,1.50,1.00
2017.05.18 02:06:02.091,1.07499,1.07517,1.50,1.00
2017.05.18 02:06:02.416,1.075,1.07517,1.00,1.37
2017.05.18 02:06:02.569,1.07502,1.07518,1.00,1.00
2017.05.18 02:06:02.671,1.07502,1.07522,1.00,1.00
2017.05.18 02:06:02.722,1.07507,1.07522,1.00,1.00
2017.05.18 02:06:02.925,1.07505,1.07523,1.50,1.00
2017.05.18 02:06:03.129,1.07507,1.07523,1.00,1.00
2017.05.18 02:06:03.637,1.07506,1.07523,1.00,1.00
2017.05.18 02:06:04.139,1.07505,1.07522,1.06,1.00
2017.05.18 02:06:06.403,1.07504,1.07521,1.31,1.00
2017.05.18 02:06:06.969,1.07506,1.07521,1.00,1.00
2017.05.18 02:06:07.227,1.07507,1.07523,1.00,1.00
2017.05.18 02:06:07.746,1.07508,1.07523,1.00,1.00
2017.05.18 02:06:08.673,1.07509,1.07523,1.00,1.00
2017.05.18 02:06:09.226,1.07508,1.07522,1.00,1.00
2017.05.18 02:06:10.808,1.07507,1.07522,1.00,1.00
2017.05.18 02:06:11.359,1.07506,1.07522,1.00,1.00
2017.05.18 02:06:12.267,1.07508,1.07522,1.00,1.00
2017.05.18 02:06:14.117,1.07508,1.07523,1.00,1.00
2017.05.18 02:06:14.478,1.07509,1.07525,1.00,1.00
2017.05.18 02:06:14.964,1.07509,1.07527,1.00,1.00
2017.05.18 02:06:15.066,1.07511,1.07529,1.00,1.00
2017.05.18 02:06:15.168,1.07511,1.07534,1.00,3.00
2017.05.18 02:06:15.351,1.07512,1.07532,1.00,1.00
2017.05.18 02:06:15.656,1.0751,1.07532,2.25,1.00
2017.05.18 02:06:16.440,1.0751,1.07531,2.25,1.00
2017.05.18 02:06:18.756,1.0751,1.07534,2.25,1.50
2017.05.18 02:06:19.164,1.07512,1.07533,1.00,1.00
2017.05.18 02:06:19.488,1.07514,1.07535,1.50,1.50
2017.05.18 02:06:20.038,1.07514,1.07534,1.00,1.50
2017.05.18 02:06:20.126,1.07514,1.07537,1.00,1.50
2017.05.18 02:06:20.990,1.07516,1.07538,1.00,1.00
2017.05.18 02:06:23.530,1.07513,1.07533,1.60,1.00
2017.05.18 02:06:23.683,1.07513,1.07535,1.13,1.00
2017.05.18 02:06:24.089,1.07519,1.07539,1.00,1.50
2017.05.18 02:06:24.611,1.07518,1.07539,1.00,2.62
2017.05.18 02:06:26.111,1.0752,1.07539,1.00,1.87
2017.05.18 02:06:26.213,1.07521,1.07542,1.00,1.12
2017.05.18 02:06:26.365,1.07523,1.07542,1.00,1.00
2017.05.18 02:06:26.670,1.07525,1.07543,1.00,2.62
2017.05.18 02:06:27.155,1.07523,1.07543,1.00,3.75
2017.05.18 02:06:27.708,1.07523,1.07544,1.00,1.87
2017.05.18 02:06:27.810,1.07523,1.07543,1.00,1.50
2017.05.18 02:06:27.914,1.0752,1.07543,1.13,2.25
2017.05.18 02:06:28.017,1.07516,1.07535,1.02,1.75
2017.05.18 02:06:28.068,1.07517,1.0754,1.02,3.75
2017.05.18 02:06:28.170,1.07516,1.07538,1.00,1.37
2017.05.18 02:06:28.222,1.07516,1.07537,1.02,1.75
2017.05.18 02:06:29.036,1.07516,1.07538,1.02,1.56
2017.05.18 02:06:29.544,1.07515,1.07536,1.02,1.31
2017.05.18 02:06:30.055,1.07516,1.07538,1.02,1.69
2017.05.18 02:06:30.259,1.07516,1.07538,1.02,1.25
2017.05.18 02:06:31.242,1.07516,1.0754,1.02,1.00
2017.05.18 02:06:31.294,1.0752,1.07542,1.02,1.50
2017.05.18 02:06:31.836,1.0752,1.07543,1.02,1.50
2017.05.18 02:06:32.476,1.0752,1.07542,1.02,1.37
2017.05.18 02:06:34.481,1.07522,1.07542,1.00,2.25
2017.05.18 02:06:35.209,1.0752,1.07542,1.02,2.25
2017.05.18 02:06:36.637,1.0752,1.07542,1.03,2.25
2017.05.18 02:06:37.189,1.0752,1.07542,1.03,1.12
2017.05.18 02:06:37.722,1.07519,1.07541,1.02,2.25
2017.05.18 02:06:37.823,1.07517,1.07539,1.02,1.00
2017.05.18 02:06:37.874,1.07513,1.07536,1.02,1.00
2017.05.18 02:06:38.296,1.07513,1.07533,1.02,1.00
2017.05.18 02:06:38.866,1.07513,1.07533,1.02,1.00
2017.05.18 02:06:40.188,1.07514,1.07537,1.02,1.00
2017.05.18 02:06:43.145,1.0752,1.07539,1.00,1.50
2017.05.18 02:06:43.938,1.0752,1.07539,1.00,3.00
2017.05.18 02:06:46.385,1.0752,1.0754,1.00,1.87
2017.05.18 02:06:46.639,1.07519,1.07542,1.00,1.87
2017.05.18 02:06:46.791,1.07522,1.07541,1.00,1.00
2017.05.18 02:06:47.299,1.07522,1.07542,1.00,1.00
2017.05.18 02:06:47.902,1.07522,1.07541,1.00,1.00
2017.05.18 02:06:48.447,1.07521,1.07542,1.00,1.12
2017.05.18 02:06:48.781,1.0752,1.0754,1.00,1.00
2017.05.18 02:06:49.288,1.0752,1.07541,1.00,1.00
2017.05.18 02:06:49.867,1.0752,1.07542,1.00,3.00
2017.05.18 02:06:50.658,1.07519,1.07542,1.00,3.00
2017.05.18 02:06:52.075,1.07514,1.07535,1.02,1.00
2017.05.18 02:06:52.228,1.07509,1.07531,1.00,1.00
2017.05.18 02:06:52.280,1.07507,1.07529,1.50,1.00
2017.05.18 02:06:52.584,1.0751,1.0753,1.00,1.87
2017.05.18 02:06:54.678,1.07508,1.07525,1.50,1.00
2017.05.18 02:06:55.198,1.07509,1.07525,1.00,1.00
2017.05.18 02:06:55.452,1.07507,1.07524,1.00,1.00
2017.05.18 02:06:55.966,1.07508,1.07529,1.00,1.75
2017.05.18 02:06:56.914,1.07509,1.07529,1.00,1.12
2017.05.18 02:06:56.966,1.07512,1.07531,1.00,1.75
2017.05.18 02:06:57.527,1.07513,1.0753,1.00,1.37
2017.05.18 02:07:01.089,1.07513,1.0753,1.00,1.00
2017.05.18 02:07:01.191,1.07513,1.07533,1.00,1.37
2017.05.18 02:07:01.343,1.07516,1.07533,1.00,1.00
2017.05.18 02:07:02.097,1.07515,1.07533,1.00,1.00
2017.05.18 02:07:04.245,1.07516,1.07533,1.00,1.00
2017.05.18 02:07:06.011,1.07516,1.07535,1.00,1.00
2017.05.18 02:07:06.617,1.07515,1.07535,1.00,1.00
2017.05.18 02:07:06.668,1.07515,1.07535,1.00,1.56
2017.05.18 02:07:06.720,1.07513,1.07535,1.00,1.00
2017.05.18 02:07:06.771,1.07513,1.07533,1.00,1.00
2017.05.18 02:07:07.110,1.07516,1.07533,1.00,1.00
2017.05.18 02:07:07.620,1.07516,1.07534,1.00,1.00
2017.05.18 02:07:08.161,1.07517,1.07534,1.00,1.00
2017.05.18 02:07:09.129,1.07516,1.07534,1.00,1.00
2017.05.18 02:07:09.689,1.07517,1.07534,1.00,1.00
2017.05.18 02:07:10.242,1.07516,1.07534,1.00,1.00
2017.05.18 02:07:11.796,1.07515,1.07534,1.00,1.00
2017.05.18 02:07:13.878,1.07515,1.07532,1.00,1.00
2017.05.18 02:07:14.449,1.07514,1.07533,1.50,1.00
2017.05.18 02:07:15.020,1.07515,1.07533,1.00,1.00
2017.05.18 02:07:17.934,1.07514,1.07532,1.50,1.00
2017.05.18 02:07:18.468,1.07515,1.07533,1.00,1.00
2017.05.18 02:07:19.100,1.07514,1.07533,1.50,1.00
2017.05.18 02:07:19.636,1.07513,1.07533,1.00,1.00
2017.05.18 02:07:20.142,1.07514,1.07533,1.00,1.00
2017.05.18 02:07:23.534,1.07512,1.07531,1.00,1.00
2017.05.18 02:07:23.843,1.0751,1.07525,1.00,1.00
2017.05.18 02:07:24.358,1.0751,1.07527,1.00,1.00
2017.05.18 02:07:24.763,1.07511,1.07529,1.00,1.00
2017.05.18 02:07:25.907,1.0751,1.07529,1.00,1.00
2017.05.18 02:07:26.009,1.07514,1.07528,1.00,1.00
2017.05.18 02:07:26.111,1.07512,1.07528,1.00,1.00
2017.05.18 02:07:26.642,1.07513,1.07529,1.00,1.00
2017.05.18 02:07:28.255,1.07514,1.07529,1.00,1.00
2017.05.18 02:07:30.630,1.07515,1.07529,1.00,1.00
2017.05.18 02:07:31.628,1.07513,1.07529,1.00,1.00
2017.05.18 02:07:32.135,1.07512,1.07528,1.00,1.00
2017.05.18 02:07:32.677,1.07513,1.07528,1.00,1.00
2017.05.18 02:07:35.669,1.07514,1.07529,1.00,1.00
2017.05.18 02:07:36.285,1.07513,1.07528,1.00,1.00
2017.05.18 02:07:36.387,1.07506,1.07527,1.00,1.00
2017.05.18 02:07:38.386,1.07506,1.07526,1.00,1.00
2017.05.18 02:07:38.894,1.07505,1.07526,1.50,1.00
2017.05.18 02:07:39.418,1.07506,1.07526,1.00,1.00
2017.05.18 02:07:39.537,1.07506,1.07526,1.07,1.00
2017.05.18 02:07:40.117,1.07506,1.07525,1.07,1.00
2017.05.18 02:07:40.647,1.07506,1.07528,1.07,1.00
2017.05.18 02:07:41.393,1.07506,1.07529,2.32,1.00
2017.05.18 02:07:41.445,1.07505,1.07527,2.19,1.00
2017.05.18 02:07:41.613,1.07507,1.07529,1.13,1.00
2017.05.18 02:07:41.765,1.07509,1.07529,1.13,1.00
2017.05.18 02:07:42.171,1.07507,1.07526,1.07,1.00
2017.05.18 02:07:42.274,1.07507,1.07528,1.07,1.00
2017.05.18 02:07:42.427,1.0751,1.0753,1.07,1.00
2017.05.18 02:07:42.675,1.07511,1.07529,1.13,1.00
2017.05.18 02:07:45.300,1.07507,1.0753,1.13,1.00
2017.05.18 02:07:45.402,1.07506,1.07528,1.55,1.00
2017.05.18 02:07:45.453,1.07506,1.07526,1.50,1.00
2017.05.18 02:07:46.049,1.07505,1.07525,1.16,1.00
2017.05.18 02:07:46.749,1.07505,1.07527,1.00,1.00
2017.05.18 02:07:47.003,1.07506,1.07525,1.00,1.00
2017.05.18 02:07:47.511,1.07506,1.07526,1.00,1.00
2017.05.18 02:07:48.312,1.07505,1.07526,1.00,1.00
2017.05.18 02:07:48.616,1.07506,1.07524,1.00,1.00
2017.05.18 02:07:49.131,1.07505,1.07525,1.00,1.00
2017.05.18 02:07:49.760,1.07505,1.07524,1.00,1.00
2017.05.18 02:07:52.916,1.07505,1.07524,1.07,1.00
2017.05.18 02:07:53.210,1.07505,1.07526,1.07,1.00
2017.05.18 02:07:53.261,1.07506,1.07528,1.20,1.00
2017.05.18 02:07:54.730,1.07507,1.07529,1.95,1.00
2017.05.18 02:07:55.714,1.07507,1.07529,1.95,1.00
2017.05.18 02:07:56.223,1.07509,1.0753,2.32,1.00
2017.05.18 02:08:00.148,1.0751,1.0753,1.45,1.00
2017.05.18 02:08:01.359,1.07509,1.07528,1.45,1.00
2017.05.18 02:08:02.124,1.07508,1.07528,3.07,1.00
2017.05.18 02:08:02.175,1.07508,1.0753,3.82,1.50
2017.05.18 02:08:02.328,1.07509,1.07531,1.07,1.00
2017.05.18 02:08:02.873,1.07508,1.0753,1.20,1.00
2017.05.18 02:08:04.907,1.07505,1.07529,2.32,1.00
2017.05.18 02:08:04.958,1.07506,1.07527,1.07,1.00
2017.05.18 02:08:07.306,1.07507,1.07529,1.00,1.00
2017.05.18 02:08:07.409,1.07506,1.07527,1.37,1.00
2017.05.18 02:08:07.776,1.07505,1.07526,1.00,1.00
2017.05.18 02:08:08.199,1.07505,1.07524,1.00,1.00
2017.05.18 02:08:08.454,1.07506,1.07526,1.00,1.00
2017.05.18 02:08:09.479,1.07506,1.07527,1.00,1.00
2017.05.18 02:08:09.632,1.07506,1.07527,2.25,1.00
2017.05.18 02:08:09.939,1.07508,1.07529,1.12,1.00
2017.05.18 02:08:10.041,1.0751,1.07531,1.00,1.00
2017.05.18 02:08:10.390,1.07509,1.07529,1.00,1.00
2017.05.18 02:08:10.542,1.07509,1.07531,1.00,1.00
2017.05.18 02:08:11.051,1.07507,1.0753,2.29,1.00
2017.05.18 02:08:14.121,1.07509,1.07531,1.00,1.00
2017.05.18 02:08:14.528,1.07507,1.07529,1.50,1.00
2017.05.18 02:08:15.106,1.07507,1.07528,1.00,1.00
2017.05.18 02:08:16.310,1.07508,1.07529,1.00,1.00
2017.05.18 02:08:16.361,1.07509,1.07531,1.87,1.00
2017.05.18 02:08:16.767,1.07511,1.07531,1.00,1.00
2017.05.18 02:08:17.021,1.07509,1.0753,1.12,1.00
2017.05.18 02:08:17.601,1.0751,1.0753,1.00,1.00
2017.05.18 02:08:18.146,1.07511,1.0753,1.00,1.00
2017.05.18 02:08:18.519,1.07509,1.0753,1.87,1.00
2017.05.18 02:08:19.046,1.0751,1.0753,1.00,1.00
2017.05.18 02:08:19.599,1.07511,1.0753,1.00,1.00
2017.05.18 02:08:20.158,1.07511,1.0753,1.37,1.00
2017.05.18 02:08:22.556,1.07511,1.0753,1.12,1.00
2017.05.18 02:08:27.264,1.0751,1.0753,1.37,1.00
2017.05.18 02:08:27.315,1.07511,1.07533,1.87,1.00
2017.05.18 02:08:28.525,1.07511,1.0753,1.37,1.00
2017.05.18 02:08:30.128,1.0751,1.0753,1.37,1.50
2017.05.18 02:08:38.805,1.07511,1.07529,1.37,1.00
2017.05.18 02:08:38.910,1.07506,1.07529,3.82,1.00
2017.05.18 02:08:41.978,1.07509,1.0753,1.85,1.50
2017.05.18 02:08:42.362,1.07511,1.0753,1.75,1.50
2017.05.18 02:08:42.465,1.07509,1.0753,2.32,1.50
2017.05.18 02:08:42.973,1.07508,1.07529,2.32,1.00
2017.05.18 02:08:43.545,1.07511,1.0753,1.75,1.00
2017.05.18 02:08:44.788,1.07512,1.0753,1.82,1.50
2017.05.18 02:08:48.069,1.07511,1.07529,1.82,1.00
2017.05.18 02:08:50.735,1.0751,1.0753,1.82,1.50
2017.05.18 02:08:51.325,1.07512,1.07531,1.85,1.50
2017.05.18 02:08:55.090,1.07512,1.07531,1.85,1.00
2017.05.18 02:08:55.686,1.07511,1.0753,1.82,1.00
2017.05.18 02:08:57.960,1.07509,1.07531,1.57,1.50
2017.05.18 02:08:58.164,1.07508,1.0753,2.25,1.50
2017.05.18 02:08:58.440,1.0751,1.07531,1.00,2.25
2017.05.18 02:08:59.088,1.0751,1.07531,1.37,2.25
2017.05.18 02:08:59.615,1.0751,1.0753,1.37,1.00
2017.05.18 02:09:00.146,1.0751,1.07531,1.37,2.25
2017.05.18 02:09:00.738,1.0751,1.07531,1.12,1.50
2017.05.18 02:09:01.287,1.07509,1.0753,1.37,1.00
2017.05.18 02:09:02.965,1.07509,1.0753,1.37,1.50
2017.05.18 02:09:03.272,1.07507,1.07524,2.62,1.00
2017.05.18 02:09:05.145,1.07507,1.07524,1.37,1.00
2017.05.18 02:09:05.787,1.07507,1.07524,1.37,1.00
2017.05.18 02:09:06.024,1.07505,1.07524,1.63,1.00
2017.05.18 02:09:06.177,1.07505,1.07524,1.00,1.00
2017.05.18 02:09:06.228,1.07505,1.07524,1.37,1.00
2017.05.18 02:09:06.581,1.07505,1.07524,2.25,1.00
2017.05.18 02:09:07.236,1.07505,1.07524,2.25,1.00
2017.05.18 02:09:07.915,1.07505,1.07524,1.00,1.00
2017.05.18 02:09:10.091,1.07506,1.07524,1.00,1.00
2017.05.18 02:09:10.617,1.07506,1.07524,1.37,1.00
2017.05.18 02:09:10.720,1.07506,1.07524,1.87,1.00
2017.05.18 02:09:11.024,1.0751,1.07522,1.37,1.00
2017.05.18 02:09:14.438,1.07506,1.07522,1.37,1.00
2017.05.18 02:09:15.535,1.07505,1.07522,3.00,1.00
2017.05.18 02:09:16.627,1.07505,1.07522,1.00,1.00
2017.05.18 02:09:16.780,1.07505,1.07524,1.00,1.00
2017.05.18 02:09:21.209,1.07505,1.07525,1.12,1.00
2017.05.18 02:09:21.261,1.07506,1.07523,1.00,1.00
2017.05.18 02:09:21.313,1.07505,1.07526,1.12,1.00
2017.05.18 02:09:21.364,1.07506,1.07525,2.25,1.00
2017.05.18 02:09:21.467,1.07506,1.07524,1.00,1.00
2017.05.18 02:09:21.518,1.07503,1.07524,3.00,1.00
2017.05.18 02:09:21.569,1.07502,1.07524,3.19,1.00
2017.05.18 02:09:21.620,1.07503,1.0752,1.00,1.00
2017.05.18 02:09:21.926,1.07505,1.07522,1.00,1.00
2017.05.18 02:09:22.427,1.07506,1.07523,1.00,1.00
2017.05.18 02:09:22.732,1.07505,1.07521,1.00,1.00
2017.05.18 02:09:23.239,1.07506,1.07521,1.00,1.00
2017.05.18 02:09:23.761,1.07506,1.07522,1.00,1.00
2017.05.18 02:09:25.469,1.07506,1.0752,1.00,1.00
2017.05.18 02:09:26.028,1.07505,1.0752,1.00,1.00
2017.05.18 02:09:26.129,1.07505,1.07522,1.00,1.00
2017.05.18 02:09:33.441,1.07507,1.07522,1.00,1.00
2017.05.18 02:09:35.053,1.07506,1.07522,1.00,1.00
2017.05.18 02:09:36.327,1.07505,1.07522,1.50,1.00
2017.05.18 02:09:36.835,1.07506,1.07522,1.50,1.00
2017.05.18 02:09:39.026,1.07506,1.07523,1.00,1.00
2017.05.18 02:09:41.758,1.07506,1.07522,1.00,1.00
2017.05.18 02:09:42.460,1.07505,1.07522,1.00,1.00
2017.05.18 02:09:43.245,1.07506,1.07522,1.00,1.00
2017.05.18 02:09:43.455,1.07506,1.07524,1.00,1.00
2017.05.18 02:09:43.957,1.07506,1.07523,1.00,1.00
2017.05.18 02:09:45.808,1.07505,1.07523,1.00,1.00
2017.05.18 02:09:46.672,1.07505,1.07523,1.50,1.00
2017.05.18 02:09:49.317,1.07506,1.07523,1.00,1.00
2017.05.18 02:09:50.690,1.07505,1.07523,1.00,1.00
2017.05.18 02:09:51.011,1.07505,1.07521,1.00,1.00
2017.05.18 02:09:51.548,1.07506,1.07522,1.00,1.00
2017.05.18 02:09:52.091,1.07505,1.07522,1.00,1.00
2017.05.18 02:09:52.705,1.07506,1.07522,1.00,1.00
2017.05.18 02:09:54.949,1.07506,1.07524,1.75,1.00
2017.05.18 02:09:55.355,1.07506,1.07524,1.00,1.00
2017.05.18 02:09:55.558,1.07506,1.07524,2.25,1.00
2017.05.18 02:09:56.610,1.07505,1.07524,2.25,1.00
2017.05.18 02:09:57.836,1.07509,1.07524,1.75,1.00
2017.05.18 02:09:58.347,1.07509,1.07524,1.75,1.00
2017.05.18 02:10:00.657,1.0751,1.07524,1.75,1.00
2017.05.18 02:10:01.159,1.07506,1.07524,1.61,1.00
2017.05.18 02:10:01.790,1.07506,1.07524,1.61,1.00
2017.05.18 02:10:02.254,1.07506,1.07524,1.61,1.00
2017.05.18 02:10:02.305,1.07506,1.07524,1.61,1.00
2017.05.18 02:10:02.516,1.07505,1.07524,2.86,1.00
2017.05.18 02:10:03.650,1.07506,1.07524,1.36,1.00
2017.05.18 02:10:05.711,1.07504,1.07522,2.11,1.00
2017.05.18 02:10:05.864,1.07504,1.07522,1.36,1.00
2017.05.18 02:10:05.965,1.07506,1.07526,1.00,1.50
2017.05.18 02:10:06.016,1.07509,1.07525,1.24,1.00
2017.05.18 02:10:06.209,1.07505,1.07526,1.75,1.00
2017.05.18 02:10:06.311,1.07503,1.07523,2.15,1.00
2017.05.18 02:10:06.718,1.07505,1.07523,1.42,1.00
2017.05.18 02:10:07.176,1.07505,1.07525,1.17,1.00
2017.05.18 02:10:07.677,1.07506,1.07525,1.00,1.50
2017.05.18 02:10:08.179,1.07506,1.07524,1.17,1.50
2017.05.18 02:10:08.617,1.07503,1.07524,3.42,1.50
2017.05.18 02:10:08.923,1.07506,1.07526,1.42,1.50
2017.05.18 02:10:09.452,1.07506,1.07526,1.42,1.50
2017.05.18 02:10:09.726,1.07512,1.07526,1.00,1.00
2017.05.18 02:10:09.879,1.07509,1.07526,1.17,1.00
2017.05.18 02:10:10.089,1.07511,1.07526,1.00,1.00
2017.05.18 02:10:10.614,1.07512,1.07527,1.00,1.50
2017.05.18 02:10:10.751,1.0751,1.07527,1.00,1.00
2017.05.18 02:10:11.007,1.07512,1.07529,1.00,1.00
2017.05.18 02:10:11.312,1.07518,1.0753,1.00,1.00
2017.05.18 02:10:11.565,1.07516,1.0753,1.00,1.00
2017.05.18 02:10:11.819,1.07513,1.0753,1.00,1.00
2017.05.18 02:10:12.219,1.07515,1.0753,1.00,1.00
2017.05.18 02:10:12.320,1.07513,1.07529,1.00,1.00
2017.05.18 02:10:12.654,1.07513,1.07528,1.42,1.00
2017.05.18 02:10:12.706,1.07515,1.0753,1.17,1.50
2017.05.18 02:10:12.757,1.07517,1.07532,1.42,1.50
2017.05.18 02:10:13.064,1.07514,1.0753,1.42,1.00
2017.05.18 02:10:13.115,1.07512,1.0753,1.42,1.00
2017.05.18 02:10:13.217,1.07508,1.07528,4.59,1.00
2017.05.18 02:10:14.053,1.07509,1.07528,1.69,1.00
2017.05.18 02:10:14.359,1.07509,1.07526,1.19,1.00
2017.05.18 02:10:14.512,1.07511,1.0753,1.19,1.50
2017.05.18 02:10:15.106,1.07511,1.0753,1.19,1.50
2017.05.18 02:10:15.647,1.07516,1.07531,1.69,1.00
2017.05.18 02:10:16.156,1.07515,1.0753,1.19,1.00
2017.05.18 02:10:17.071,1.07521,1.0753,1.00,1.00
2017.05.18 02:10:17.378,1.07522,1.07532,1.00,1.00
2017.05.18 02:10:17.633,1.07522,1.07535,1.19,1.67
2017.05.18 02:10:17.786,1.07518,1.07536,3.19,1.00
2017.05.18 02:10:17.939,1.07521,1.07534,1.31,1.00
2017.05.18 02:10:18.422,1.07519,1.07536,2.44,1.00
2017.05.18 02:10:18.947,1.07519,1.07535,1.69,1.00
2017.05.18 02:10:19.507,1.07519,1.07534,1.69,1.00
2017.05.18 02:10:20.737,1.07519,1.07534,1.50,1.00
2017.05.18 02:10:21.283,1.07518,1.07533,1.87,1.00
2017.05.18 02:10:22.359,1.07517,1.07532,2.25,1.00
2017.05.18 02:10:22.555,1.07514,1.07528,1.50,1.00
2017.05.18 02:10:22.864,1.07513,1.07526,1.50,1.00
2017.05.18 02:10:23.503,1.07514,1.07526,1.50,1.00
2017.05.18 02:10:23.976,1.07512,1.07526,3.37,1.00
2017.05.18 02:10:24.028,1.07514,1.07529,3.37,1.00
2017.05.18 02:10:24.556,1.07515,1.07529,1.50,1.00
2017.05.18 02:10:25.326,1.07514,1.07529,3.37,1.00
2017.05.18 02:10:25.891,1.07515,1.07529,3.00,1.00
2017.05.18 02:10:27.302,1.07514,1.07528,2.62,1.00
2017.05.18 02:10:27.455,1.07517,1.07533,1.00,1.50
2017.05.18 02:10:27.506,1.0752,1.07536,1.00,1.50
2017.05.18 02:10:27.814,1.07516,1.0753,1.50,1.00
2017.05.18 02:10:28.213,1.07518,1.07531,1.00,1.00
2017.05.18 02:10:28.966,1.07519,1.07531,1.00,1.00
2017.05.18 02:10:29.017,1.07516,1.07531,3.00,1.00
2017.05.18 02:10:29.119,1.07518,1.0753,1.00,1.00
2017.05.18 02:10:29.436,1.07516,1.0753,1.00,1.00
2017.05.18 02:10:29.742,1.07514,1.07528,3.00,1.00
2017.05.18 02:10:31.949,1.07513,1.07528,2.25,1.00
2017.05.18 02:10:34.984,1.07509,1.07523,1.50,1.00
2017.05.18 02:10:35.289,1.07509,1.0752,2.25,1.00
2017.05.18 02:10:35.340,1.07506,1.0752,1.00,1.00
2017.05.18 02:10:35.391,1.07509,1.0752,1.00,1.00
2017.05.18 02:10:35.442,1.07508,1.07526,1.00,1.50
2017.05.18 02:10:35.493,1.07513,1.07524,1.00,1.00
2017.05.18 02:10:36.001,1.07512,1.07524,1.50,1.00
2017.05.18 02:10:36.103,1.0751,1.07524,1.00,1.00
2017.05.18 02:10:36.205,1.07508,1.07523,2.25,1.00
2017.05.18 02:10:36.526,1.07509,1.0752,1.50,1.00
2017.05.18 02:10:37.091,1.07509,1.07519,1.50,1.00
2017.05.18 02:10:37.143,1.07506,1.07519,1.50,1.00
2017.05.18 02:10:37.667,1.07506,1.07521,1.50,1.00
2017.05.18 02:10:37.718,1.07508,1.07521,1.00,1.00
2017.05.18 02:10:38.020,1.07509,1.07518,1.00,1.00
2017.05.18 02:10:38.072,1.07507,1.07518,1.50,1.00
2017.05.18 02:10:38.592,1.07506,1.07517,1.50,1.00
2017.05.18 02:10:38.972,1.07504,1.07517,1.00,1.00
2017.05.18 02:10:39.512,1.07505,1.07518,1.91,1.00
2017.05.18 02:10:39.615,1.07504,1.07521,2.25,1.00
2017.05.18 02:10:39.822,1.07506,1.07521,1.75,1.00
2017.05.18 02:10:39.974,1.07505,1.07523,1.75,1.00
2017.05.18 02:10:40.026,1.07504,1.07521,3.00,1.00
2017.05.18 02:10:40.180,1.07505,1.07522,2.25,1.00
2017.05.18 02:10:40.383,1.07505,1.07524,2.25,1.00
2017.05.18 02:10:40.617,1.07506,1.07522,2.25,1.00
2017.05.18 02:10:41.066,1.07505,1.07522,2.62,1.00
2017.05.18 02:10:41.578,1.07506,1.07522,1.50,1.00
2017.05.18 02:10:44.281,1.07506,1.07521,1.69,1.00
2017.05.18 02:10:44.857,1.07505,1.07521,2.06,1.00
2017.05.18 02:10:45.911,1.07506,1.07521,1.50,1.00
2017.05.18 02:10:46.413,1.07505,1.07521,2.06,1.00
2017.05.18 02:10:47.489,1.07506,1.07521,1.50,1.00
2017.05.18 02:10:48.026,1.07505,1.07521,2.81,1.00
2017.05.18 02:10:48.970,1.07504,1.07522,3.41,1.00
2017.05.18 02:10:50.286,1.07504,1.07522,2.81,1.00
2017.05.18 02:10:51.132,1.07505,1.07522,2.25,1.00
2017.05.18 02:10:51.736,1.07504,1.07522,2.81,1.00
2017.05.18 02:10:52.264,1.07504,1.07521,2.81,1.00
2017.05.18 02:10:52.766,1.07504,1.0752,2.66,1.00
2017.05.18 02:10:57.296,1.07504,1.0752,1.54,1.00
2017.05.18 02:10:57.851,1.07505,1.0752,1.16,1.00
2017.05.18 02:10:59.440,1.07504,1.07522,1.54,1.00
2017.05.18 02:10:59.981,1.07505,1.07522,1.16,1.00
2017.05.18 02:11:04.558,1.07506,1.07522,1.00,1.00
2017.05.18 02:11:05.111,1.07505,1.07522,4.31,1.00
2017.05.18 02:11:06.151,1.07505,1.07522,3.56,1.00
2017.05.18 02:11:08.580,1.07504,1.07522,2.62,1.00
2017.05.18 02:11:09.123,1.07505,1.07522,4.12,1.00
2017.05.18 02:11:13.992,1.07505,1.07524,3.37,1.00
2017.05.18 02:11:14.960,1.07511,1.07525,1.00,1.00
2017.05.18 02:11:15.013,1.07508,1.07525,1.00,1.00
2017.05.18 02:11:15.542,1.07507,1.07526,1.00,2.25
2017.05.18 02:11:20.167,1.07509,1.07528,1.00,1.50
2017.05.18 02:11:20.474,1.07516,1.07534,1.50,1.00
2017.05.18 02:11:20.779,1.07522,1.07535,1.00,1.00
2017.05.18 02:11:21.304,1.07522,1.07536,1.00,1.00
2017.05.18 02:11:21.849,1.07522,1.07535,1.00,1.00
2017.05.18 02:11:25.012,1.07522,1.07536,1.00,1.00
2017.05.18 02:11:25.723,1.07522,1.07535,1.00,1.00
2017.05.18 02:11:26.234,1.07522,1.07536,1.00,1.00
2017.05.18 02:11:26.764,1.07519,1.07536,1.00,1.00
2017.05.18 02:11:26.866,1.07519,1.07534,1.00,1.00
2017.05.18 02:11:27.170,1.07517,1.07534,2.25,1.00
2017.05.18 02:11:27.425,1.07516,1.07532,1.50,1.00
2017.05.18 02:11:27.947,1.07516,1.07531,1.00,1.00
2017.05.18 02:11:28.049,1.07514,1.07532,1.00,1.50
2017.05.18 02:11:28.151,1.07514,1.07529,1.00,1.00
2017.05.18 02:11:28.354,1.07514,1.07533,2.25,1.50
2017.05.18 02:11:28.456,1.07518,1.07533,1.00,1.00
2017.05.18 02:11:28.813,1.07516,1.07531,1.00,1.00
2017.05.18 02:11:29.176,1.07518,1.07533,1.00,1.00
2017.05.18 02:11:29.682,1.07519,1.07534,1.00,1.00
2017.05.18 02:11:30.190,1.07519,1.07535,1.00,1.00
2017.05.18 02:11:30.714,1.0752,1.07536,1.00,1.00
2017.05.18 02:11:30.766,1.0752,1.07538,1.00,1.50
2017.05.18 02:11:31.186,1.07521,1.07536,1.00,1.00
2017.05.18 02:11:31.542,1.07519,1.07536,1.00,1.00
2017.05.18 02:11:31.643,1.07521,1.07536,1.00,1.00
2017.05.18 02:11:33.296,1.07521,1.07538,1.00,1.00
2017.05.18 02:11:33.833,1.07521,1.07539,1.00,1.00
2017.05.18 02:11:33.935,1.07521,1.07537,1.00,1.00
2017.05.18 02:11:34.273,1.07521,1.07538,1.56,1.00
2017.05.18 02:11:34.852,1.07523,1.07539,1.56,1.00
2017.05.18 02:11:35.364,1.07525,1.0754,1.00,1.50
2017.05.18 02:11:35.668,1.07524,1.07538,1.31,1.50
2017.05.18 02:11:36.685,1.07524,1.07536,1.31,1.00
2017.05.18 02:11:37.127,1.07524,1.07538,1.31,1.50
2017.05.18 02:11:37.446,1.07522,1.07537,1.00,1.00
2017.05.18 02:11:37.975,1.07521,1.07536,1.00,1.00
2017.05.18 02:11:38.156,1.07523,1.07536,1.00,1.00
2017.05.18 02:11:38.658,1.07523,1.07537,1.00,1.50
2017.05.18 02:11:39.142,1.07521,1.07535,1.00,1.00
2017.05.18 02:11:40.566,1.0752,1.07535,1.00,1.00
2017.05.18 02:11:40.617,1.07518,1.07535,1.57,1.00
2017.05.18 02:11:41.275,1.07517,1.07536,2.70,1.50
2017.05.18 02:11:41.377,1.07517,1.07534,1.07,1.00
2017.05.18 02:11:41.600,1.07518,1.07536,1.00,1.00
2017.05.18 02:11:42.104,1.07518,1.07535,1.50,1.00
2017.05.18 02:11:42.424,1.07518,1.07537,1.57,1.50
2017.05.18 02:11:43.126,1.07518,1.07534,1.10,1.00
2017.05.18 02:11:43.412,1.07514,1.07531,1.00,1.00
2017.05.18 02:11:43.717,1.07513,1.07529,1.00,1.00
2017.05.18 02:11:44.472,1.07513,1.0753,1.00,1.00
2017.05.18 02:11:44.574,1.0751,1.07529,2.62,1.00
2017.05.18 02:11:45.862,1.0751,1.07528,1.12,1.00
2017.05.18 02:11:46.451,1.07508,1.07527,4.50,1.50
2017.05.18 02:11:46.800,1.07509,1.07528,2.62,1.00
2017.05.18 02:11:46.851,1.07509,1.07528,3.00,1.00
2017.05.18 02:11:47.054,1.0751,1.07528,1.75,1.50
2017.05.18 02:11:47.352,1.0751,1.07526,1.75,1.00
2017.05.18 02:11:48.584,1.0751,1.07529,3.00,1.50
2017.05.18 02:11:49.762,1.0751,1.07527,3.75,1.00
2017.05.18 02:11:50.260,1.07509,1.07527,3.00,1.00
2017.05.18 02:11:50.762,1.0751,1.07526,2.25,1.00
2017.05.18 02:11:50.864,1.07508,1.07526,3.00,1.00
2017.05.18 02:11:51.565,1.07508,1.07527,1.50,1.50
2017.05.18 02:11:52.174,1.07508,1.07526,2.25,1.00
2017.05.18 02:11:52.546,1.07506,1.07522,1.87,1.00
2017.05.18 02:11:53.054,1.07507,1.07523,1.87,1.00
2017.05.18 02:11:55.882,1.07506,1.07524,3.00,1.00
2017.05.18 02:11:56.956,1.07515,1.07528,1.00,1.00
2017.05.18 02:11:57.952,1.07514,1.07528,1.00,1.00
2017.05.18 02:11:58.308,1.07516,1.07529,1.00,1.00
2017.05.18 02:11:58.654,1.07513,1.07524,1.00,1.50
2017.05.18 02:11:58.706,1.07511,1.07524,1.00,1.50
2017.05.18 02:11:59.222,1.07511,1.07523,1.00,1.00
2017.05.18 02:12:00.111,1.07509,1.07522,1.00,1.00
2017.05.18 02:12:02.349,1.07509,1.07523,1.00,1.00
2017.05.18 02:12:05.183,1.07508,1.07523,1.00,1.50
2017.05.18 02:12:06.866,1.07508,1.07521,1.00,1.00
2017.05.18 02:12:07.428,1.07508,1.0752,1.00,1.00
2017.05.18 02:12:07.714,1.07508,1.07522,1.00,1.50
2017.05.18 02:12:09.732,1.0751,1.07522,1.00,1.00
2017.05.18 02:12:10.614,1.07509,1.07522,1.00,1.50
2017.05.18 02:12:11.155,1.0751,1.07522,1.00,1.50
2017.05.18 02:12:11.206,1.07508,1.07522,1.00,1.50
2017.05.18 02:12:12.256,1.07509,1.07522,1.00,1.50
2017.05.18 02:12:12.777,1.07509,1.07521,1.00,1.00
2017.05.18 02:12:13.389,1.07509,1.07522,1.00,1.50
2017.05.18 02:12:13.542,1.07507,1.07521,1.00,1.50
2017.05.18 02:12:14.051,1.07507,1.0752,1.00,1.00
2017.05.18 02:12:14.498,1.07508,1.07522,1.00,1.50
2017.05.18 02:12:14.601,1.07506,1.0752,1.00,1.50
2017.05.18 02:12:14.906,1.0751,1.07524,1.00,1.50
2017.05.18 02:12:14.958,1.07503,1.07523,1.00,1.50
2017.05.18 02:12:15.009,1.07502,1.07518,1.00,1.00
2017.05.18 02:12:15.315,1.07504,1.07519,1.00,1.00
2017.05.18 02:12:15.620,1.0751,1.07523,1.00,1.00
2017.05.18 02:12:15.914,1.07507,1.07522,1.00,1.50
2017.05.18 02:12:16.067,1.07507,1.0752,1.00,1.00
2017.05.18 02:12:16.433,1.07507,1.07522,1.00,1.50
2017.05.18 02:12:18.033,1.07506,1.0752,1.00,1.00
2017.05.18 02:12:18.338,1.07509,1.07523,1.00,1.50
2017.05.18 02:12:18.869,1.07508,1.07521,1.00,1.00
2017.05.18 02:12:19.077,1.07506,1.07521,1.00,1.50
2017.05.18 02:12:19.765,1.07503,1.0752,1.00,1.12
2017.05.18 02:12:19.866,1.07503,1.0752,1.00,3.00
2017.05.18 02:12:20.832,1.07503,1.07518,1.00,1.50
2017.05.18 02:12:21.182,1.07505,1.07518,1.00,1.75
2017.05.18 02:12:23.440,1.07504,1.07516,1.00,1.37
2017.05.18 02:12:23.941,1.07503,1.07518,1.00,2.62
2017.05.18 02:12:25.913,1.07503,1.07517,1.00,1.50
2017.05.18 02:12:26.338,1.07502,1.07513,1.00,1.37
2017.05.18 02:12:26.654,1.075,1.07517,1.00,3.37
2017.05.18 02:12:26.705,1.07503,1.07517,1.00,3.37
2017.05.18 02:12:26.858,1.07501,1.07515,1.00,1.37
2017.05.18 02:12:26.909,1.07498,1.07514,1.00,1.37
2017.05.18 02:12:26.961,1.07503,1.07515,1.00,1.37
2017.05.18 02:12:27.469,1.07504,1.07517,1.00,1.87
2017.05.18 02:12:27.724,1.07502,1.07517,1.00,1.37
2017.05.18 02:12:27.826,1.07502,1.07516,1.00,1.75
2017.05.18 02:12:28.315,1.07502,1.07516,1.00,3.75
2017.05.18 02:12:28.520,1.07504,1.07516,1.00,1.00
2017.05.18 02:12:29.029,1.07504,1.07517,1.00,1.87
2017.05.18 02:12:29.539,1.07504,1.07518,1.00,3.37
2017.05.18 02:12:29.894,1.07504,1.07516,1.00,1.75
2017.05.18 02:12:29.945,1.07504,1.07516,1.00,1.50
2017.05.18 02:12:30.357,1.07504,1.07516,1.00,1.12
2017.05.18 02:12:30.866,1.07505,1.0752,1.00,1.00
2017.05.18 02:12:31.393,1.07504,1.0752,1.00,1.87
2017.05.18 02:12:31.950,1.07506,1.0752,1.00,2.62
2017.05.18 02:12:33.045,1.07504,1.0752,1.00,2.25
2017.05.18 02:12:33.197,1.075,1.07518,1.00,1.50
2017.05.18 02:12:33.248,1.07504,1.07517,1.00,1.00
2017.05.18 02:12:33.299,1.07502,1.07517,1.00,1.00
2017.05.18 02:12:33.756,1.07504,1.07518,1.00,1.50
2017.05.18 02:12:34.076,1.07502,1.07517,1.00,3.37
2017.05.18 02:12:34.773,1.07502,1.07516,1.00,1.00
2017.05.18 02:12:35.364,1.07503,1.07516,1.00,1.00
2017.05.18 02:12:35.669,1.07505,1.07516,1.00,1.87
2017.05.18 02:12:35.821,1.07503,1.07516,1.00,1.12
2017.05.18 02:12:36.327,1.07503,1.07517,1.00,1.12
2017.05.18 02:12:37.000,1.07503,1.07516,1.00,1.00
2017.05.18 02:12:37.474,1.07505,1.07518,1.00,2.25
2017.05.18 02:12:38.138,1.07503,1.07519,1.00,2.62
2017.05.18 02:12:38.493,1.07505,1.07517,1.00,1.00
2017.05.18 02:12:39.268,1.07497,1.07512,1.50,1.00
2017.05.18 02:12:39.320,1.07497,1.0751,1.00,2.62
2017.05.18 02:12:39.422,1.075,1.0751,1.00,1.50
2017.05.18 02:12:39.474,1.07494,1.07509,1.00,1.00
2017.05.18 02:12:39.632,1.075,1.07511,1.00,2.25
2017.05.18 02:12:39.836,1.07496,1.07511,1.00,3.00
2017.05.18 02:12:39.887,1.075,1.0751,1.00,1.87
2017.05.18 02:12:39.938,1.07498,1.0751,1.00,1.87
2017.05.18 02:12:40.040,1.07501,1.0751,1.00,1.87
2017.05.18 02:12:40.141,1.07498,1.0751,1.00,2.62
2017.05.18 02:12:40.193,1.07496,1.0751,1.00,1.50
2017.05.18 02:12:40.244,1.07499,1.0751,1.00,1.50
2017.05.18 02:12:40.448,1.07497,1.0751,1.00,2.25
2017.05.18 02:12:40.601,1.07499,1.07514,1.50,1.87
2017.05.18 02:12:40.826,1.07502,1.07513,1.00,1.12
2017.05.18 02:12:40.928,1.07497,1.07513,1.00,1.12
2017.05.18 02:12:41.031,1.07499,1.07514,1.00,1.50
2017.05.18 02:12:41.339,1.07497,1.07511,1.00,2.25
2017.05.18 02:12:41.442,1.07495,1.07511,1.00,2.25
2017.05.18 02:12:41.645,1.07497,1.07513,1.00,1.75
2017.05.18 02:12:42.232,1.07497,1.07512,1.00,1.50
2017.05.18 02:12:42.334,1.07495,1.07512,1.00,2.25
2017.05.18 02:12:42.682,1.07495,1.0751,1.00,1.00
2017.05.18 02:12:43.020,1.07492,1.07507,1.00,1.50
2017.05.18 02:12:43.077,1.07494,1.0751,1.00,1.00
2017.05.18 02:12:43.129,1.07495,1.07514,1.00,1.00
2017.05.18 02:12:43.180,1.07495,1.07511,1.00,1.50
2017.05.18 02:12:43.486,1.07506,1.07523,1.00,1.50
2017.05.18 02:12:43.537,1.0751,1.07523,1.00,1.00
2017.05.18 02:12:43.639,1.07512,1.07526,1.00,1.50
2017.05.18 02:12:44.171,1.07512,1.07525,1.00,1.00
2017.05.18 02:12:46.082,1.07513,1.07525,1.00,1.00
2017.05.18 02:12:47.814,1.07514,1.07524,1.00,1.00
2017.05.18 02:12:52.419,1.07517,1.07525,1.12,1.00
2017.05.18 02:12:52.470,1.07517,1.07528,1.12,1.00
2017.05.18 02:12:52.572,1.07519,1.07528,1.00,1.00
2017.05.18 02:12:52.673,1.07514,1.07528,1.00,1.00
2017.05.18 02:12:52.725,1.07517,1.07527,1.00,1.00
2017.05.18 02:12:52.827,1.07515,1.07527,1.00,1.00
2017.05.18 02:12:52.879,1.07513,1.07527,1.00,1.00
2017.05.18 02:12:52.930,1.07515,1.07526,1.00,1.00
2017.05.18 02:12:53.083,1.07515,1.07528,1.00,1.00
2017.05.18 02:12:53.515,1.07512,1.07526,1.00,1.50
2017.05.18 02:12:53.617,1.07511,1.07524,1.00,1.00
2017.05.18 02:12:54.121,1.07512,1.07524,1.00,1.00
2017.05.18 02:12:55.311,1.07511,1.07524,1.00,1.00
2017.05.18 02:12:55.363,1.07509,1.07523,1.00,1.00
2017.05.18 02:12:55.517,1.0751,1.0752,1.00,1.00
2017.05.18 02:12:55.922,1.0751,1.07522,1.00,1.00
2017.05.18 02:12:56.125,1.0751,1.0752,1.00,1.00
2017.05.18 02:12:56.627,1.07509,1.07521,1.00,1.50
2017.05.18 02:12:56.947,1.07507,1.0752,1.00,1.50
2017.05.18 02:12:57.501,1.07508,1.07519,1.00,1.00
2017.05.18 02:12:57.654,1.07509,1.07522,1.00,1.50
2017.05.18 02:12:58.191,1.0751,1.07522,1.00,1.00
2017.05.18 02:12:58.799,1.0751,1.07521,1.00,1.00
2017.05.18 02:12:59.214,1.07508,1.07521,1.00,1.00
2017.05.18 02:12:59.844,1.07507,1.07521,1.00,1.00
2017.05.18 02:13:02.024,1.07507,1.0752,1.00,1.00
2017.05.18 02:13:02.328,1.07506,1.07518,1.00,1.00
2017.05.18 02:13:06.740,1.07506,1.07519,1.00,1.00
2017.05.18 02:13:06.943,1.07506,1.07521,1.00,1.50
2017.05.18 02:13:07.045,1.07508,1.07521,1.00,1.00
2017.05.18 02:13:07.198,1.07509,1.07523,1.00,1.00
2017.05.18 02:13:07.249,1.07512,1.07523,1.00,1.00
2017.05.18 02:13:07.300,1.0751,1.07524,1.00,1.50
2017.05.18 02:13:07.402,1.07512,1.07524,1.00,1.00
2017.05.18 02:13:07.914,1.07513,1.07524,1.00,1.00
2017.05.18 02:13:09.123,1.07513,1.07525,1.00,1.50
2017.05.18 02:13:09.174,1.0751,1.07525,1.00,1.50
2017.05.18 02:13:09.327,1.07513,1.07525,1.00,1.00
2017.05.18 02:13:09.874,1.07514,1.07524,1.00,1.00
2017.05.18 02:13:10.411,1.07514,1.07525,1.00,1.00
2017.05.18 02:13:14.587,1.07513,1.07525,1.00,1.00
2017.05.18 02:13:14.639,1.07513,1.07527,1.00,1.00
2017.05.18 02:13:14.691,1.07511,1.07528,1.00,1.00
2017.05.18 02:13:14.742,1.07514,1.07528,1.00,1.00
2017.05.18 02:13:14.997,1.07514,1.0753,1.00,1.50
2017.05.18 02:13:15.611,1.07515,1.07528,1.00,1.00
2017.05.18 02:13:15.713,1.07517,1.07531,1.00,1.50
2017.05.18 02:13:16.290,1.07517,1.0753,1.00,1.50
2017.05.18 02:13:16.769,1.07517,1.07528,1.00,1.00
2017.05.18 02:13:17.353,1.07517,1.07529,1.00,1.50
2017.05.18 02:13:17.894,1.07517,1.0753,1.00,1.00
2017.05.18 02:13:19.100,1.07514,1.07529,1.00,1.00
2017.05.18 02:13:19.632,1.07514,1.0753,1.00,1.50
2017.05.18 02:13:19.899,1.07516,1.0753,1.00,1.50
2017.05.18 02:13:23.626,1.07515,1.0753,1.00,1.50
2017.05.18 02:13:24.138,1.07515,1.07529,1.00,1.00
2017.05.18 02:13:26.825,1.07514,1.07527,1.00,1.00
2017.05.18 02:13:26.876,1.07512,1.07528,1.00,1.00
2017.05.18 02:13:26.928,1.07509,1.07527,1.00,1.00
2017.05.18 02:13:27.135,1.07506,1.07525,1.00,1.00
2017.05.18 02:13:27.237,1.07504,1.07523,1.00,1.00
2017.05.18 02:13:27.542,1.07504,1.07521,1.00,1.00
2017.05.18 02:13:27.860,1.07502,1.0752,1.20,1.50
2017.05.18 02:13:28.372,1.07502,1.07517,1.00,1.00
2017.05.18 02:13:28.577,1.07502,1.07519,1.00,1.50
2017.05.18 02:13:28.734,1.07504,1.07518,1.00,1.00
2017.05.18 02:13:29.269,1.07504,1.07519,1.00,1.00
2017.05.18 02:13:32.243,1.07504,1.07518,1.00,1.00
2017.05.18 02:13:33.812,1.07504,1.07519,1.00,1.50
2017.05.18 02:13:34.425,1.07502,1.07519,1.00,1.50
2017.05.18 02:13:34.477,1.07501,1.07517,1.00,1.00
2017.05.18 02:13:34.989,1.075,1.07516,1.00,1.50
2017.05.18 02:13:35.533,1.07501,1.07516,1.00,1.50
2017.05.18 02:13:36.141,1.07501,1.07515,1.00,1.00
2017.05.18 02:13:38.832,1.075,1.07514,1.00,1.00
2017.05.18 02:13:39.536,1.07501,1.07515,1.00,1.00
2017.05.18 02:13:41.016,1.07501,1.07517,1.00,1.00
2017.05.18 02:13:41.581,1.07501,1.07516,1.00,1.50
2017.05.18 02:13:41.633,1.07497,1.07514,1.00,1.00
2017.05.18 02:13:41.685,1.07497,1.07514,1.00,1.75
2017.05.18 02:13:41.736,1.07493,1.07511,1.00,2.25
2017.05.18 02:13:41.788,1.07495,1.07511,1.00,2.25
2017.05.18 02:13:41.890,1.07489,1.0751,1.00,1.50
2017.05.18 02:13:42.043,1.07494,1.07512,1.00,1.50
2017.05.18 02:13:42.553,1.07495,1.07512,1.00,1.00
2017.05.18 02:13:43.089,1.07494,1.07513,1.00,1.50
2017.05.18 02:13:43.397,1.07495,1.07515,1.00,1.00
2017.05.18 02:13:43.500,1.07497,1.07515,1.00,1.50
2017.05.18 02:13:43.907,1.07496,1.07513,1.00,1.00
2017.05.18 02:13:44.213,1.07493,1.07513,1.00,1.75
2017.05.18 02:13:44.264,1.07491,1.07512,1.00,1.50
2017.05.18 02:13:44.417,1.07489,1.07511,1.12,1.00
2017.05.18 02:13:44.672,1.07489,1.07509,1.00,1.00
2017.05.18 02:13:46.202,1.0749,1.0751,1.00,1.87
2017.05.18 02:13:47.509,1.07491,1.07508,1.00,1.00
2017.05.18 02:13:47.561,1.07488,1.07508,1.00,1.00
2017.05.18 02:13:47.787,1.07488,1.07506,1.00,1.00
2017.05.18 02:13:48.311,1.07488,1.07508,1.00,1.50
2017.05.18 02:13:49.589,1.07489,1.07507,1.00,1.00
2017.05.18 02:13:53.188,1.07489,1.07505,1.00,1.00
2017.05.18 02:13:53.442,1.07487,1.07505,1.00,1.00
2017.05.18 02:13:55.648,1.07483,1.07501,1.00,1.00
2017.05.18 02:13:57.643,1.07484,1.07501,1.00,1.00
2017.05.18 02:13:57.969,1.07484,1.07503,1.00,1.00
2017.05.18 02:13:58.268,1.07483,1.075,1.00,1.00
2017.05.18 02:13:58.319,1.0748,1.07499,1.00,1.00
2017.05.18 02:13:58.371,1.07482,1.07499,1.00,1.00
2017.05.18 02:13:58.422,1.07479,1.07498,2.62,1.00
2017.05.18 02:13:58.749,1.0748,1.07496,1.50,1.00
2017.05.18 02:13:59.054,1.07477,1.07496,2.62,1.00
2017.05.18 02:13:59.293,1.07477,1.07494,1.87,1.00
2017.05.18 02:13:59.497,1.07477,1.07496,1.87,1.00
2017.05.18 02:14:00.023,1.07478,1.07496,1.00,1.00
2017.05.18 02:14:00.552,1.07478,1.07495,1.00,1.00
2017.05.18 02:14:01.075,1.07478,1.07496,1.00,1.00
2017.05.18 02:14:01.611,1.07478,1.07495,1.00,1.00
2017.05.18 02:14:01.662,1.07478,1.07497,1.00,1.00
2017.05.18 02:14:02.597,1.07477,1.07495,1.37,1.00
2017.05.18 02:14:02.649,1.07477,1.07497,1.37,1.00
2017.05.18 02:14:03.058,1.07478,1.07495,1.00,1.00
2017.05.18 02:14:03.591,1.07477,1.07494,2.25,1.00
2017.05.18 02:14:03.845,1.07477,1.07497,2.25,1.00
2017.05.18 02:14:03.897,1.07477,1.07495,1.75,1.00
2017.05.18 02:14:04.437,1.07479,1.07499,1.50,1.00
2017.05.18 02:14:04.589,1.07477,1.07498,1.37,1.00
2017.05.18 02:14:05.112,1.07477,1.07497,2.62,1.00
2017.05.18 02:14:05.867,1.07478,1.07497,1.37,1.00
2017.05.18 02:14:06.376,1.07478,1.07496,1.50,1.00
2017.05.18 02:14:06.427,1.07478,1.07498,1.00,1.00
2017.05.18 02:14:06.776,1.07478,1.07498,1.12,1.00
2017.05.18 02:14:07.337,1.07477,1.07499,2.62,1.00
2017.05.18 02:14:07.849,1.07477,1.07499,2.25,1.00
2017.05.18 02:14:08.378,1.07477,1.07497,1.87,1.00
2017.05.18 02:14:10.311,1.07477,1.07492,1.00,1.00
2017.05.18 02:14:10.614,1.07466,1.07486,1.00,1.00
2017.05.18 02:14:10.666,1.07466,1.07484,1.00,1.00
2017.05.18 02:14:11.226,1.07465,1.07486,2.25,1.00
2017.05.18 02:14:11.430,1.07464,1.07484,4.35,1.00
2017.05.18 02:14:13.261,1.07467,1.07486,1.50,1.00
2017.05.18 02:14:13.565,1.07466,1.07482,1.12,1.00
2017.05.18 02:14:15.935,1.07465,1.07482,3.22,1.00
2017.05.18 02:14:16.462,1.07464,1.07482,1.50,1.00
2017.05.18 02:14:17.000,1.07464,1.07483,1.12,1.00
2017.05.18 02:14:17.766,1.07464,1.07481,1.00,1.00
2017.05.18 02:14:18.274,1.07464,1.0748,1.12,1.00
2017.05.18 02:14:20.022,1.07463,1.0748,1.00,1.00
2017.05.18 02:14:20.922,1.07464,1.0748,1.00,1.00
2017.05.18 02:14:21.454,1.07463,1.0748,1.00,1.00
2017.05.18 02:14:22.069,1.07463,1.07481,1.00,1.00
2017.05.18 02:14:24.338,1.07463,1.07478,1.00,1.00
2017.05.18 02:14:24.644,1.07459,1.0748,2.06,1.00
2017.05.18 02:14:24.949,1.07461,1.07479,1.12,1.00
2017.05.18 02:14:25.500,1.07458,1.07478,1.87,1.00
2017.05.18 02:14:25.602,1.07464,1.07478,1.00,1.00
2017.05.18 02:14:26.125,1.07463,1.07478,1.00,1.00
2017.05.18 02:14:27.585,1.07462,1.07478,1.87,1.00
2017.05.18 02:14:28.092,1.07463,1.07477,1.00,1.00
2017.05.18 02:14:29.905,1.07463,1.07476,1.00,1.00
2017.05.18 02:14:30.453,1.07463,1.07477,1.50,1.00
2017.05.18 02:14:30.989,1.07462,1.07477,1.87,1.00
2017.05.18 02:14:31.295,1.07447,1.07463,1.15,1.00
2017.05.18 02:14:31.646,1.07453,1.0747,1.15,1.00
2017.05.18 02:14:31.697,1.07456,1.07472,1.40,1.00
2017.05.18 02:14:31.749,1.07454,1.0747,1.15,1.00
2017.05.18 02:14:31.953,1.07451,1.07468,3.78,1.00
2017.05.18 02:14:32.461,1.07451,1.07468,1.56,1.00
2017.05.18 02:14:33.286,1.07451,1.07469,2.69,1.00
2017.05.18 02:14:33.951,1.07453,1.07469,1.03,1.00
2017.05.18 02:14:36.606,1.07453,1.0747,1.03,1.00
2017.05.18 02:14:36.911,1.07451,1.07467,1.90,1.00
2017.05.18 02:14:37.460,1.07451,1.07467,1.90,1.00
2017.05.18 02:14:37.942,1.07449,1.07469,2.31,1.00
2017.05.18 02:14:37.994,1.07449,1.07467,3.06,1.00
2017.05.18 02:14:38.248,1.0745,1.07469,1.90,1.00
2017.05.18 02:14:38.722,1.0745,1.07467,1.56,1.00
2017.05.18 02:14:44.783,1.0745,1.07468,1.94,1.00
2017.05.18 02:14:45.397,1.0745,1.07469,1.45,1.00
2017.05.18 02:14:46.810,1.0745,1.07469,1.94,1.00
2017.05.18 02:14:47.379,1.0745,1.07469,1.94,1.00
2017.05.18 02:14:49.970,1.0745,1.07468,2.69,1.00
2017.05.18 02:14:50.516,1.07452,1.07469,1.15,1.00
2017.05.18 02:14:51.904,1.07444,1.0746,1.50,1.00
2017.05.18 02:14:51.955,1.07443,1.07458,1.78,1.00
2017.05.18 02:14:52.059,1.07444,1.07461,1.40,1.00
2017.05.18 02:14:52.111,1.07444,1.07461,1.90,1.00
2017.05.18 02:14:52.165,1.07444,1.07463,3.59,1.00
2017.05.18 02:14:52.219,1.0745,1.07464,1.40,1.00
2017.05.18 02:14:52.321,1.07451,1.07467,1.40,1.00
2017.05.18 02:14:52.526,1.07451,1.07469,1.89,1.00
2017.05.18 02:14:53.030,1.07452,1.07468,1.08,1.00
2017.05.18 02:14:53.538,1.07452,1.07469,1.03,1.00
2017.05.18 02:14:53.590,1.07453,1.07473,2.69,1.00
2017.05.18 02:14:53.641,1.07458,1.07471,1.15,1.00
2017.05.18 02:14:53.743,1.0745,1.07462,1.12,1.00
2017.05.18 02:14:53.846,1.07445,1.0746,1.15,1.00
2017.05.18 02:14:53.948,1.07444,1.07459,1.00,1.00
2017.05.18 02:14:54.133,1.07441,1.07458,1.33,1.00
2017.05.18 02:14:54.438,1.07441,1.07455,1.33,1.00
2017.05.18 02:14:54.489,1.07441,1.07457,1.33,1.00
2017.05.18 02:14:54.591,1.07441,1.07455,1.33,1.00
2017.05.18 02:14:54.643,1.07438,1.07454,2.21,1.00
2017.05.18 02:14:54.745,1.07437,1.07455,1.83,1.00
2017.05.18 02:14:54.998,1.07437,1.07454,1.08,1.00
2017.05.18 02:14:55.305,1.07437,1.07456,1.08,1.00
2017.05.18 02:14:55.356,1.07438,1.07453,1.46,1.00
2017.05.18 02:14:55.696,1.07439,1.07455,1.08,1.00
2017.05.18 02:14:56.209,1.07439,1.07455,1.08,1.00
2017.05.18 02:14:56.859,1.07436,1.07455,2.96,1.00
2017.05.18 02:14:58.730,1.07437,1.07455,1.08,1.00
2017.05.18 02:14:59.054,1.07435,1.07454,1.08,1.00
2017.05.18 02:14:59.562,1.07435,1.07455,1.08,1.00
2017.05.18 02:15:01.139,1.07435,1.07454,1.83,1.00
2017.05.18 02:15:02.464,1.07435,1.07453,1.08,1.00
2017.05.18 02:15:02.568,1.07435,1.07452,1.08,1.00
2017.05.18 02:15:03.105,1.07435,1.07451,1.08,1.00
2017.05.18 02:15:03.613,1.07434,1.07451,1.46,1.00
2017.05.18 02:15:03.919,1.07433,1.07448,1.83,1.00
2017.05.18 02:15:04.162,1.07433,1.07451,1.83,1.00
2017.05.18 02:15:04.585,1.07434,1.07448,1.08,1.00
2017.05.18 02:15:04.890,1.07426,1.07442,1.83,1.00
2017.05.18 02:15:04.941,1.07426,1.07442,1.33,1.00
2017.05.18 02:15:05.246,1.07426,1.0744,2.21,1.00
2017.05.18 02:15:05.449,1.07428,1.07445,1.33,1.00
2017.05.18 02:15:05.551,1.07427,1.07445,1.64,1.00
2017.05.18 02:15:05.602,1.07428,1.07447,1.58,1.00
2017.05.18 02:15:05.711,1.07431,1.07447,1.08,1.00
2017.05.18 02:15:05.762,1.07431,1.07449,1.83,1.00
2017.05.18 02:15:06.297,1.07432,1.07448,1.71,1.00
2017.05.18 02:15:07.744,1.07432,1.07449,1.71,1.00
2017.05.18 02:15:08.684,1.07433,1.0745,1.08,1.00
2017.05.18 02:15:08.736,1.07433,1.07448,1.08,1.00
2017.05.18 02:15:09.994,1.07433,1.07447,1.08,1.00
2017.05.18 02:15:10.241,1.07434,1.07449,1.46,1.00
2017.05.18 02:15:10.292,1.07434,1.07451,1.46,1.00
2017.05.18 02:15:10.866,1.07434,1.07451,1.12,1.00
2017.05.18 02:15:10.917,1.07434,1.07449,1.00,1.00
2017.05.18 02:15:11.222,1.07425,1.07443,1.76,1.00
2017.05.18 02:15:11.527,1.07428,1.07445,1.33,1.00
2017.05.18 02:15:11.630,1.07428,1.07443,1.83,1.00
2017.05.18 02:15:11.733,1.07429,1.07445,1.08,1.00
2017.05.18 02:15:12.250,1.0743,1.07446,1.08,1.00
2017.05.18 02:15:13.315,1.07428,1.07446,1.27,1.00
2017.05.18 02:15:13.622,1.07429,1.07444,1.76,1.00
2017.05.18 02:15:13.723,1.07429,1.07446,1.76,1.00
2017.05.18 02:15:13.775,1.07429,1.07444,1.08,1.00
2017.05.18 02:15:13.975,1.07425,1.07444,2.62,1.00
2017.05.18 02:15:14.233,1.07424,1.07441,2.21,1.00
2017.05.18 02:15:14.284,1.07425,1.07443,1.46,1.00
2017.05.18 02:15:14.335,1.07426,1.07441,2.21,1.00
2017.05.18 02:15:14.640,1.07426,1.07442,2.21,1.00
2017.05.18 02:15:14.692,1.07425,1.07445,2.62,1.00
2017.05.18 02:15:14.794,1.07429,1.07448,1.33,1.00
2017.05.18 02:15:14.946,1.07427,1.07446,1.71,1.00
2017.05.18 02:15:15.354,1.07425,1.07444,1.87,1.00
2017.05.18 02:15:16.116,1.07424,1.07442,5.58,1.00
2017.05.18 02:15:16.167,1.07424,1.07444,5.77,1.00
2017.05.18 02:15:16.218,1.07426,1.07445,1.33,1.00
2017.05.18 02:15:16.270,1.07424,1.07445,1.33,1.00
2017.05.18 02:15:16.372,1.07423,1.07443,1.08,1.00
2017.05.18 02:15:16.877,1.07424,1.07444,1.83,1.00
2017.05.18 02:15:17.183,1.07425,1.07445,1.76,1.00
2017.05.18 02:15:17.287,1.07423,1.07442,2.21,1.00
2017.05.18 02:15:17.968,1.07423,1.07443,3.37,1.00
2017.05.18 02:15:18.485,1.07423,1.07443,3.74,1.00
2017.05.18 02:15:18.536,1.07425,1.07445,2.39,1.00
2017.05.18 02:15:19.146,1.07424,1.07445,2.24,1.00
2017.05.18 02:15:19.350,1.07428,1.07445,1.33,1.00
2017.05.18 02:15:19.707,1.07425,1.07446,2.21,1.00
2017.05.18 02:15:20.277,1.07425,1.07447,2.21,1.00
2017.05.18 02:15:20.328,1.07425,1.07445,2.96,1.00
2017.05.18 02:15:20.867,1.07425,1.07446,2.21,1.00
2017.05.18 02:15:21.182,1.07425,1.07444,2.43,1.00
2017.05.18 02:15:21.283,1.07425,1.07446,1.68,1.00
2017.05.18 02:15:22.556,1.07424,1.07444,3.74,1.00
2017.05.18 02:15:23.100,1.07426,1.07443,1.08,1.00
2017.05.18 02:15:23.151,1.07426,1.07445,1.08,1.00
2017.05.18 02:15:23.558,1.07425,1.07443,1.33,1.00
2017.05.18 02:15:24.092,1.07424,1.07442,1.33,1.00
2017.05.18 02:15:25.113,1.07424,1.07442,2.21,1.00
2017.05.18 02:15:26.116,1.07424,1.07442,2.21,1.00
2017.05.18 02:15:27.420,1.07422,1.07443,4.12,1.00
2017.05.18 02:15:27.624,1.07424,1.07442,1.08,1.00
2017.05.18 02:15:27.827,1.07422,1.0744,2.58,1.00
2017.05.18 02:15:28.385,1.07422,1.07441,1.33,1.00
2017.05.18 02:15:28.690,1.07423,1.07442,1.46,1.00
2017.05.18 02:15:29.221,1.07428,1.07444,1.08,1.00
2017.05.18 02:15:29.526,1.07425,1.07444,2.06,1.00
2017.05.18 02:15:29.628,1.07425,1.07444,1.33,1.00
2017.05.18 02:15:29.730,1.07427,1.07447,1.08,1.00
2017.05.18 02:15:29.781,1.07427,1.07445,1.08,1.00
2017.05.18 02:15:29.985,1.07428,1.07447,1.83,1.00
2017.05.18 02:15:30.510,1.07426,1.07445,1.08,1.00
2017.05.18 02:15:30.815,1.07424,1.07443,1.83,1.00
2017.05.18 02:15:30.917,1.07424,1.07443,1.14,1.00
2017.05.18 02:15:30.968,1.07424,1.07443,1.50,1.00
2017.05.18 02:15:31.070,1.07424,1.07445,1.00,1.00
2017.05.18 02:15:31.121,1.07423,1.07443,1.19,1.00
2017.05.18 02:15:31.172,1.07423,1.07446,1.19,1.00
2017.05.18 02:15:31.223,1.07422,1.07443,2.67,1.00
2017.05.18 02:15:31.528,1.07422,1.0744,1.00,1.00
2017.05.18 02:15:31.630,1.07419,1.07439,1.99,1.00
2017.05.18 02:15:31.783,1.07418,1.07437,1.24,1.00
2017.05.18 02:15:32.295,1.0742,1.07438,1.24,1.00
2017.05.18 02:15:32.805,1.07418,1.07437,1.49,1.00
2017.05.18 02:15:33.313,1.07418,1.07438,1.99,1.00
2017.05.18 02:15:33.619,1.07419,1.07439,1.49,1.00
2017.05.18 02:15:33.974,1.07422,1.07444,1.49,1.00
2017.05.18 02:15:35.065,1.07423,1.07446,1.49,1.00
2017.05.18 02:15:35.594,1.07425,1.07446,1.00,1.87
2017.05.18 02:15:36.117,1.07424,1.07446,1.24,2.62
2017.05.18 02:15:37.692,1.07425,1.07446,1.00,2.25
2017.05.18 02:15:38.453,1.07425,1.07447,1.00,3.00
2017.05.18 02:15:38.981,1.07425,1.07447,1.00,2.25
2017.05.18 02:15:39.483,1.07423,1.07445,1.49,1.00
2017.05.18 02:15:40.048,1.07423,1.07446,1.49,1.00
2017.05.18 02:15:40.954,1.07424,1.07448,1.24,1.50
2017.05.18 02:15:42.487,1.07425,1.07447,1.00,1.00
2017.05.18 02:15:43.017,1.07421,1.07442,1.09,1.00
2017.05.18 02:15:43.626,1.07424,1.07446,1.24,1.00
2017.05.18 02:15:46.179,1.07425,1.07447,1.00,1.00
2017.05.18 02:15:46.777,1.07426,1.07448,1.00,1.00
2017.05.18 02:15:48.148,1.07424,1.07449,2.37,2.62
2017.05.18 02:15:49.107,1.07426,1.07448,1.00,1.00
2017.05.18 02:15:49.411,1.07435,1.07454,1.00,1.75
2017.05.18 02:15:49.560,1.07431,1.07451,1.75,1.12
2017.05.18 02:15:49.611,1.0743,1.07451,1.00,1.75
2017.05.18 02:15:50.129,1.07429,1.07448,1.00,2.25
2017.05.18 02:15:50.231,1.07427,1.07448,1.00,2.25
2017.05.18 02:15:50.738,1.07428,1.07447,1.00,2.25
2017.05.18 02:15:51.835,1.07427,1.07447,1.00,1.50
2017.05.18 02:15:52.039,1.07428,1.07445,1.00,1.75
2017.05.18 02:15:52.467,1.07427,1.07446,1.00,2.25
2017.05.18 02:15:53.026,1.07426,1.07447,1.00,1.75
2017.05.18 02:15:53.128,1.07428,1.07447,1.00,1.75
2017.05.18 02:15:54.567,1.07425,1.07446,1.00,1.75
2017.05.18 02:15:54.618,1.07427,1.07446,1.00,1.75
2017.05.18 02:15:55.149,1.07426,1.07444,1.00,1.00
2017.05.18 02:15:55.250,1.07424,1.07445,1.00,1.00
2017.05.18 02:15:55.845,1.07424,1.07444,1.00,1.00
2017.05.18 02:15:56.334,1.07428,1.07443,1.00,1.00
2017.05.18 02:15:56.386,1.07427,1.07445,1.00,1.00
2017.05.18 02:15:56.438,1.07429,1.07447,1.00,1.12
2017.05.18 02:15:56.785,1.07434,1.07452,1.00,1.87
2017.05.18 02:15:57.533,1.07434,1.07453,1.00,1.50
2017.05.18 02:15:57.838,1.07437,1.07454,1.00,1.00
2017.05.18 02:15:58.383,1.07437,1.07455,1.00,1.50
2017.05.18 02:15:59.433,1.07438,1.07456,1.00,1.00
2017.05.18 02:15:59.897,1.0744,1.07457,1.00,1.50
2017.05.18 02:16:00.424,1.0744,1.07458,1.00,1.00
2017.05.18 02:16:00.734,1.07442,1.07459,1.00,1.00
2017.05.18 02:16:01.281,1.07441,1.07458,1.00,1.00
2017.05.18 02:16:01.797,1.07442,1.07459,1.00,1.00
2017.05.18 02:16:02.356,1.07442,1.0746,1.00,1.00
2017.05.18 02:16:02.856,1.07444,1.07461,1.00,1.50
2017.05.18 02:16:03.380,1.07444,1.0746,1.00,1.00
2017.05.18 02:16:04.031,1.07445,1.0746,1.00,1.00
2017.05.18 02:16:04.573,1.07445,1.07461,1.00,1.50
2017.05.18 02:16:05.100,1.07445,1.0746,1.00,1.00
2017.05.18 02:16:05.201,1.07445,1.07462,1.00,1.50
2017.05.18 02:16:06.329,1.07447,1.07469,1.00,4.12
2017.05.18 02:16:06.735,1.07452,1.0747,1.00,1.75
2017.05.18 02:16:06.786,1.07452,1.0747,1.00,1.00
2017.05.18 02:16:06.888,1.07454,1.07472,1.00,1.87
2017.05.18 02:16:07.142,1.07456,1.07476,1.00,1.12
2017.05.18 02:16:07.448,1.07458,1.07476,1.00,1.12
2017.05.18 02:16:07.601,1.07458,1.07478,1.00,3.00
2017.05.18 02:16:08.036,1.0746,1.07478,1.00,2.25
2017.05.18 02:16:08.137,1.07459,1.07478,1.00,1.50
2017.05.18 02:16:08.239,1.07459,1.07478,1.00,2.25
2017.05.18 02:16:08.809,1.0746,1.07478,1.00,2.25
2017.05.18 02:16:09.248,1.07459,1.07474,1.00,1.00
2017.05.18 02:16:09.403,1.07457,1.07473,1.00,1.00
2017.05.18 02:16:10.776,1.07457,1.07477,1.00,3.00
2017.05.18 02:16:11.355,1.07457,1.07474,1.00,1.00
2017.05.18 02:16:11.560,1.07454,1.07473,1.00,3.75
2017.05.18 02:16:11.611,1.07452,1.07473,1.00,3.75
2017.05.18 02:16:11.967,1.0745,1.07473,1.00,3.00
2017.05.18 02:16:12.272,1.0745,1.07471,1.00,1.75
2017.05.18 02:16:12.715,1.0745,1.07471,1.00,1.75
2017.05.18 02:16:13.324,1.07451,1.0747,1.00,1.50
2017.05.18 02:16:13.954,1.0745,1.07469,1.00,1.12
2017.05.18 02:16:14.508,1.07451,1.0747,1.00,3.00
2017.05.18 02:16:14.610,1.07453,1.0747,1.00,2.25
2017.05.18 02:16:15.071,1.07455,1.07473,1.00,2.25
2017.05.18 02:16:15.173,1.07455,1.07473,1.00,1.87
2017.05.18 02:16:15.225,1.07454,1.07471,1.00,1.00
2017.05.18 02:16:15.530,1.07454,1.07472,1.00,1.12
2017.05.18 02:16:15.835,1.07453,1.07471,1.00,1.75
2017.05.18 02:16:15.937,1.0745,1.07471,1.00,2.25
2017.05.18 02:16:25.707,1.0745,1.07469,1.00,1.50
2017.05.18 02:16:25.914,1.07453,1.07468,1.00,1.87
2017.05.18 02:16:26.019,1.07451,1.07468,1.00,1.12
2017.05.18 02:16:27.534,1.0745,1.07468,1.00,1.12
2017.05.18 02:16:29.051,1.07451,1.07468,1.00,1.87
2017.05.18 02:16:29.592,1.07451,1.07468,1.00,2.25
2017.05.18 02:16:31.028,1.07451,1.07469,1.56,2.25
2017.05.18 02:16:31.232,1.07453,1.07469,1.00,2.25
2017.05.18 02:16:31.436,1.07452,1.07469,2.06,2.25
2017.05.18 02:16:31.979,1.07453,1.07473,1.50,2.25
2017.05.18 02:16:32.974,1.07455,1.07473,1.00,2.25
2017.05.18 02:16:33.076,1.07454,1.07473,1.00,2.25
2017.05.18 02:16:34.810,1.07456,1.07473,1.00,1.75
2017.05.18 02:16:34.862,1.07454,1.07473,1.00,3.00
2017.05.18 02:16:35.167,1.07454,1.07473,1.00,3.75
2017.05.18 02:16:35.371,1.07443,1.07462,1.00,1.75
2017.05.18 02:16:35.735,1.07443,1.07461,1.00,2.25
2017.05.18 02:16:35.939,1.07449,1.07466,1.00,1.50
2017.05.18 02:16:36.092,1.0745,1.07471,1.37,2.25
2017.05.18 02:16:36.143,1.0745,1.07471,1.37,1.50
2017.05.18 02:16:36.246,1.07453,1.07472,1.00,2.62
2017.05.18 02:16:36.755,1.07453,1.07471,1.00,1.50
2017.05.18 02:16:37.288,1.07452,1.07472,1.00,1.87
2017.05.18 02:16:37.618,1.07454,1.07472,1.00,1.87
2017.05.18 02:16:38.159,1.07454,1.07471,1.00,1.00
2017.05.18 02:16:38.703,1.07451,1.07471,1.50,1.00
2017.05.18 02:16:39.422,1.07452,1.07471,1.00,1.87
2017.05.18 02:16:41.707,1.0745,1.07472,2.25,2.25
2017.05.18 02:16:41.759,1.07452,1.07471,1.00,1.87
2017.05.18 02:16:42.064,1.07451,1.07471,1.00,1.75
2017.05.18 02:16:42.318,1.07451,1.07472,1.00,1.50
2017.05.18 02:16:42.419,1.07454,1.07473,1.00,1.50
2017.05.18 02:16:42.958,1.07455,1.07472,1.00,1.50
2017.05.18 02:16:43.060,1.07454,1.07475,1.00,3.00
2017.05.18 02:16:43.367,1.07455,1.07473,1.00,1.00
2017.05.18 02:16:43.418,1.07454,1.07475,2.25,3.19
2017.05.18 02:16:43.519,1.07456,1.07476,1.00,3.75
2017.05.18 02:16:43.673,1.07453,1.07474,1.50,1.00
2017.05.18 02:16:43.724,1.07456,1.07475,1.00,1.50
2017.05.18 02:16:44.051,1.07458,1.07475,1.00,1.50
2017.05.18 02:16:44.460,1.0746,1.07475,1.00,1.50
2017.05.18 02:16:44.511,1.07461,1.07478,1.00,1.50
2017.05.18 02:16:44.714,1.07463,1.07478,1.00,1.50
2017.05.18 02:16:45.262,1.07464,1.07478,1.00,1.50
2017.05.18 02:16:45.926,1.07464,1.07477,1.00,1.50
2017.05.18 02:16:46.517,1.07464,1.07478,1.00,1.50
2017.05.18 02:16:47.045,1.07464,1.07479,1.00,1.50
2017.05.18 02:16:47.556,1.07464,1.0748,1.00,1.50
2017.05.18 02:16:48.143,1.07464,1.07479,1.00,1.50
2017.05.18 02:16:48.563,1.07461,1.07479,1.00,1.50
2017.05.18 02:16:48.614,1.0746,1.07478,1.00,1.50
2017.05.18 02:16:48.665,1.07458,1.07478,1.00,2.25
2017.05.18 02:16:48.716,1.07457,1.07475,1.00,1.00
2017.05.18 02:16:48.869,1.07453,1.07473,1.00,1.50
2017.05.18 02:16:48.920,1.07454,1.07473,1.00,2.25
2017.05.18 02:16:49.254,1.07454,1.07473,1.00,2.25
2017.05.18 02:16:49.305,1.07452,1.07473,1.00,2.25
2017.05.18 02:16:49.850,1.07451,1.07472,1.50,2.25
2017.05.18 02:16:51.213,1.07451,1.07472,1.50,1.87
2017.05.18 02:16:52.767,1.07451,1.07472,1.00,3.00
2017.05.18 02:16:52.869,1.07451,1.07472,1.00,3.00
2017.05.18 02:16:53.555,1.07451,1.0747,1.00,1.87
2017.05.18 02:16:54.254,1.07452,1.07473,1.50,2.25
2017.05.18 02:16:54.407,1.07453,1.07472,1.00,1.50
2017.05.18 02:16:54.458,1.07455,1.07473,1.00,1.50
2017.05.18 02:16:54.764,1.0745,1.07473,2.62,4.12
2017.05.18 02:16:55.080,1.07453,1.07475,2.25,2.25
2017.05.18 02:16:57.159,1.07455,1.07478,1.87,2.25
2017.05.18 02:16:57.261,1.07458,1.07479,1.00,3.00
2017.05.18 02:16:57.468,1.07456,1.07478,1.12,1.75
2017.05.18 02:17:02.285,1.07457,1.07478,1.00,3.00
2017.05.18 02:17:02.338,1.07456,1.07477,1.00,1.75
2017.05.18 02:17:02.645,1.07453,1.07475,1.50,3.00
2017.05.18 02:17:03.270,1.07452,1.07475,1.00,1.75
2017.05.18 02:17:03.577,1.07452,1.07472,1.00,1.75
2017.05.18 02:17:04.118,1.07449,1.07471,3.00,2.25
2017.05.18 02:17:08.267,1.0745,1.07471,1.37,3.00
2017.05.18 02:17:09.159,1.0745,1.07468,1.37,1.37
2017.05.18 02:17:16.109,1.07448,1.07468,2.25,1.37
2017.05.18 02:17:17.181,1.07448,1.07468,2.25,1.37
2017.05.18 02:17:24.648,1.0745,1.0747,1.50,1.00
2017.05.18 02:17:24.750,1.07453,1.0747,1.37,1.00
2017.05.18 02:17:24.903,1.07456,1.07476,1.50,3.00
2017.05.18 02:17:25.318,1.07456,1.07477,1.00,4.12
2017.05.18 02:17:25.831,1.07456,1.07476,1.00,1.50
2017.05.18 02:17:26.403,1.07457,1.07477,1.00,4.12
2017.05.18 02:17:26.834,1.07455,1.07477,1.00,4.12
2017.05.18 02:17:27.988,1.07455,1.07475,1.00,1.00
2017.05.18 02:17:28.309,1.07454,1.07474,1.00,1.50
2017.05.18 02:17:28.360,1.07454,1.07474,1.00,1.50
2017.05.18 02:17:28.868,1.07453,1.07474,1.50,1.50
2017.05.18 02:17:29.365,1.07453,1.07476,1.50,1.12
2017.05.18 02:17:29.966,1.07452,1.07472,1.00,1.50
2017.05.18 02:17:30.272,1.0745,1.07469,1.00,1.87
2017.05.18 02:17:30.836,1.07449,1.07469,2.25,1.12
2017.05.18 02:17:31.097,1.07453,1.07475,1.00,1.12
2017.05.18 02:17:31.148,1.07454,1.07476,1.37,1.37
2017.05.18 02:17:31.199,1.07457,1.0748,1.50,1.00
2017.05.18 02:17:31.410,1.07459,1.0748,1.00,1.00
2017.05.18 02:17:32.267,1.07458,1.0748,1.50,1.12
2017.05.18 02:17:32.807,1.07458,1.0748,1.50,1.50
2017.05.18 02:17:36.360,1.07459,1.0748,1.00,1.50
2017.05.18 02:17:36.412,1.07457,1.07479,1.50,1.12
2017.05.18 02:17:36.553,1.07457,1.07476,1.00,1.00
2017.05.18 02:17:37.087,1.07457,1.07477,1.00,1.12
2017.05.18 02:17:37.777,1.07455,1.07477,1.00,1.00
2017.05.18 02:17:38.291,1.07456,1.07479,1.12,2.25
2017.05.18 02:17:38.980,1.07455,1.07479,1.87,2.25
2017.05.18 02:17:39.133,1.07457,1.07479,1.50,1.87
2017.05.18 02:17:43.246,1.07459,1.0748,1.00,1.50
2017.05.18 02:17:43.763,1.0746,1.07481,1.00,1.12
2017.05.18 02:17:44.303,1.0746,1.07481,1.00,1.37
2017.05.18 02:17:47.660,1.0746,1.0748,1.37,1.12
2017.05.18 02:17:50.378,1.07461,1.07481,1.75,1.37
2017.05.18 02:17:52.285,1.07462,1.07482,1.50,1.87
2017.05.18 02:17:52.813,1.07462,1.07482,1.50,1.12
2017.05.18 02:17:56.405,1.07462,1.07481,1.50,1.12
2017.05.18 02:17:56.456,1.07462,1.07481,1.12,1.12
2017.05.18 02:17:56.508,1.07461,1.07479,1.37,1.00
2017.05.18 02:17:56.559,1.07459,1.07479,1.00,1.00
2017.05.18 02:17:56.610,1.07457,1.07479,1.12,1.75
2017.05.18 02:17:56.915,1.07453,1.07473,1.37,1.75
2017.05.18 02:17:57.220,1.07456,1.07475,1.00,1.75
2017.05.18 02:17:57.373,1.07454,1.07473,1.12,1.75
2017.05.18 02:17:57.676,1.07454,1.07475,1.87,1.12
2017.05.18 02:17:59.780,1.07457,1.07477,1.75,2.25
2017.05.18 02:17:59.831,1.07456,1.07479,2.25,1.12
2017.05.18 02:18:00.725,1.07458,1.07478,1.75,1.00
2017.05.18 02:18:00.827,1.07459,1.0748,1.75,1.00
2017.05.18 02:18:07.254,1.07458,1.07479,1.87,1.00
2017.05.18 02:18:07.356,1.07459,1.07479,1.37,1.00
2017.05.18 02:18:08.255,1.07459,1.07479,1.50,1.00
2017.05.18 02:18:08.356,1.07459,1.07479,1.50,1.75
2017.05.18 02:18:08.611,1.07461,1.0748,1.00,1.00
2017.05.18 02:18:09.174,1.07462,1.0748,1.00,1.50
2017.05.18 02:18:09.821,1.0746,1.0748,1.12,1.00
2017.05.18 02:18:10.484,1.07461,1.07479,1.00,1.00
2017.05.18 02:18:10.998,1.0746,1.07479,1.12,1.50
2017.05.18 02:18:11.730,1.07461,1.07479,1.00,1.50
2017.05.18 02:18:12.352,1.07462,1.07479,1.00,1.50
2017.05.18 02:18:12.859,1.07461,1.0748,1.00,1.37
2017.05.18 02:18:13.363,1.07462,1.07481,1.00,1.12
2017.05.18 02:18:14.257,1.07462,1.07484,1.37,1.75
2017.05.18 02:18:18.111,1.07464,1.07485,1.37,2.25
2017.05.18 02:18:20.260,1.07464,1.07485,1.12,1.75
2017.05.18 02:18:21.200,1.07466,1.07485,1.00,1.75
2017.05.18 02:18:21.352,1.07468,1.07489,1.00,1.00
2017.05.18 02:18:21.404,1.07468,1.07491,1.00,1.50
2017.05.18 02:18:21.455,1.07466,1.07489,1.50,1.12
2017.05.18 02:18:21.782,1.07469,1.07491,1.00,1.87
2017.05.18 02:18:22.117,1.07471,1.07491,1.00,1.37
2017.05.18 02:18:22.813,1.07471,1.07491,1.00,2.62
2017.05.18 02:18:24.425,1.07471,1.07491,1.00,1.87
2017.05.18 02:18:25.725,1.07471,1.07492,1.00,3.37
2017.05.18 02:18:26.654,1.07473,1.07494,1.00,4.87
2017.05.18 02:18:26.756,1.07473,1.07494,1.00,3.37
2017.05.18 02:18:26.925,1.07473,1.07491,1.00,1.00
2017.05.18 02:18:27.242,1.07473,1.07494,1.37,1.50
2017.05.18 02:18:28.285,1.07475,1.07494,1.00,1.00
2017.05.18 02:18:29.376,1.07476,1.07494,1.00,1.00
2017.05.18 02:18:30.735,1.07479,1.07494,1.00,1.00
2017.05.18 02:18:31.087,1.07481,1.07496,1.00,2.00
2017.05.18 02:18:31.138,1.07479,1.07496,1.00,1.31
2017.05.18 02:18:31.189,1.07479,1.07497,1.00,2.06
2017.05.18 02:18:31.888,1.07479,1.07497,1.00,1.50
2017.05.18 02:18:32.522,1.07479,1.07498,1.00,3.19
2017.05.18 02:18:35.137,1.07482,1.075,1.00,2.62
2017.05.18 02:18:35.477,1.07483,1.07503,1.00,1.00
2017.05.18 02:18:35.528,1.07487,1.07504,1.00,1.50
2017.05.18 02:18:36.098,1.07487,1.07505,1.00,1.12
2017.05.18 02:18:38.320,1.07486,1.07506,1.00,1.50
2017.05.18 02:18:39.631,1.0748,1.07493,1.57,1.50
2017.05.18 02:18:39.682,1.07478,1.07497,1.00,1.50
2017.05.18 02:18:39.734,1.07476,1.07493,1.87,3.00
2017.05.18 02:18:39.938,1.07473,1.07492,1.00,2.25
2017.05.18 02:18:39.989,1.07473,1.07488,1.00,1.50
2017.05.18 02:18:40.385,1.07471,1.07489,1.00,2.25
2017.05.18 02:18:40.487,1.0747,1.07488,1.00,3.00
2017.05.18 02:18:42.323,1.07471,1.07486,1.00,2.25
2017.05.18 02:18:45.107,1.07473,1.07487,1.00,1.87
2017.05.18 02:18:45.345,1.07475,1.0749,1.00,2.62
2017.05.18 02:18:45.448,1.07473,1.07491,1.00,3.00
2017.05.18 02:18:53.196,1.07476,1.07491,1.00,2.25
2017.05.18 02:18:53.298,1.07476,1.07495,1.00,1.87
2017.05.18 02:18:53.349,1.07478,1.07495,1.00,1.50
2017.05.18 02:18:53.850,1.07479,1.07499,1.00,2.62
2017.05.18 02:18:55.982,1.07482,1.07496,1.00,1.00
2017.05.18 02:18:57.019,1.07482,1.07497,1.00,1.00
2017.05.18 02:18:57.748,1.07482,1.07496,1.00,1.00
2017.05.18 02:18:58.289,1.07482,1.07497,1.00,1.00
2017.05.18 02:18:58.915,1.07482,1.07496,1.00,1.00
2017.05.18 02:18:59.593,1.07482,1.07497,1.00,1.00
2017.05.18 02:19:00.107,1.07482,1.07496,1.00,1.00
2017.05.18 02:19:00.768,1.07482,1.07497,1.00,1.00
2017.05.18 02:19:03.174,1.07482,1.07499,1.00,1.37
2017.05.18 02:19:03.318,1.0748,1.07499,1.00,1.00
2017.05.18 02:19:04.119,1.07482,1.07501,1.00,3.75
2017.05.18 02:19:04.627,1.07483,1.075,1.00,1.87
2017.05.18 02:19:05.228,1.07483,1.07499,1.00,1.00
2017.05.18 02:19:05.822,1.07483,1.075,1.00,1.12
2017.05.18 02:19:06.363,1.07483,1.07499,1.00,1.00
2017.05.18 02:19:06.690,1.07483,1.07497,1.00,1.00
2017.05.18 02:19:08.143,1.07483,1.07498,1.00,1.00
2017.05.18 02:19:08.649,1.07483,1.07502,1.00,4.50
2017.05.18 02:19:09.003,1.07483,1.07503,1.00,3.75
2017.05.18 02:19:09.156,1.07485,1.07503,1.00,1.00
2017.05.18 02:19:09.207,1.07484,1.07505,1.00,2.25
2017.05.18 02:19:09.410,1.07486,1.07505,1.00,1.00
2017.05.18 02:19:11.775,1.07487,1.07505,1.00,1.50
2017.05.18 02:19:13.550,1.07487,1.07506,1.00,1.00
2017.05.18 02:19:13.703,1.07487,1.07508,1.00,1.00
2017.05.18 02:19:13.935,1.07489,1.07508,1.00,1.00
2017.05.18 02:19:14.440,1.07489,1.07509,1.00,1.50
2017.05.18 02:19:15.228,1.07488,1.07509,1.00,1.50
2017.05.18 02:19:16.164,1.07488,1.07508,1.00,1.00
2017.05.18 02:19:18.095,1.0749,1.07512,1.00,1.75
2017.05.18 02:19:18.423,1.07495,1.07517,1.31,1.00
2017.05.18 02:19:18.730,1.07494,1.07515,1.06,1.00
2017.05.18 02:19:19.035,1.07492,1.07512,1.32,1.50
2017.05.18 02:19:19.087,1.07493,1.07515,1.31,1.00
2017.05.18 02:19:19.139,1.07494,1.07515,1.43,1.00
2017.05.18 02:19:19.242,1.07494,1.07516,1.14,1.00
2017.05.18 02:19:19.658,1.07497,1.07516,1.00,3.00
2017.05.18 02:19:20.471,1.07495,1.07515,1.11,2.62
2017.05.18 02:19:21.018,1.07495,1.07515,1.11,3.00
2017.05.18 02:19:23.454,1.07495,1.07515,1.00,1.50
2017.05.18 02:19:23.658,1.0749,1.07513,1.81,1.42
2017.05.18 02:19:23.975,1.07492,1.07513,1.69,2.55
2017.05.18 02:19:25.154,1.07492,1.07513,1.69,2.25
2017.05.18 02:19:26.844,1.07493,1.07513,1.13,1.50
2017.05.18 02:19:28.348,1.07493,1.07513,1.32,1.50
2017.05.18 02:19:30.621,1.07491,1.07513,1.20,1.00
2017.05.18 02:19:31.128,1.07489,1.07512,1.76,1.00
2017.05.18 02:19:31.634,1.0749,1.07513,1.13,1.50
2017.05.18 02:19:31.837,1.07489,1.07511,1.01,1.75
2017.05.18 02:19:32.032,1.07489,1.07511,1.01,1.75
2017.05.18 02:19:32.540,1.07488,1.07511,1.70,1.12
2017.05.18 02:19:33.047,1.07492,1.07513,1.00,1.37
2017.05.18 02:19:34.044,1.07491,1.07512,1.01,2.25
2017.05.18 02:19:34.750,1.07492,1.07512,1.01,1.12
2017.05.18 02:19:35.276,1.07492,1.07512,1.20,1.12
2017.05.18 02:19:36.866,1.07491,1.07512,1.88,1.12
2017.05.18 02:19:40.139,1.07489,1.07511,1.88,1.00
2017.05.18 02:19:40.650,1.07491,1.07512,1.01,1.12
2017.05.18 02:19:41.400,1.07491,1.07513,1.01,1.12
2017.05.18 02:19:42.106,1.07492,1.07512,1.01,1.00
2017.05.18 02:19:43.068,1.07493,1.07515,1.00,4.12
2017.05.18 02:19:43.170,1.07493,1.07515,1.23,1.00
2017.05.18 02:19:43.221,1.07493,1.07515,2.06,2.25
2017.05.18 02:19:43.374,1.07495,1.07517,1.59,1.00
2017.05.18 02:19:43.854,1.07494,1.07518,1.16,1.00
2017.05.18 02:19:44.362,1.07495,1.07519,1.00,1.00
2017.05.18 02:19:46.284,1.07497,1.0752,1.00,1.50
2017.05.18 02:19:46.841,1.07497,1.07519,1.00,1.00
2017.05.18 02:19:53.601,1.07496,1.07519,1.00,2.25
2017.05.18 02:19:54.719,1.07495,1.07518,1.21,1.00
2017.05.18 02:19:56.090,1.07495,1.07519,1.21,1.50
2017.05.18 02:19:56.894,1.07496,1.07519,1.01,1.00
2017.05.18 02:19:57.252,1.07497,1.07522,1.00,1.87
2017.05.18 02:19:57.790,1.07498,1.07521,1.50,1.00
2017.05.18 02:19:58.321,1.07498,1.07519,1.01,1.37
2017.05.18 02:19:58.426,1.07498,1.07521,1.01,2.25
2017.05.18 02:19:58.934,1.07498,1.0752,1.01,1.12
2017.05.18 02:19:59.447,1.07495,1.07517,1.01,2.62
2017.05.18 02:19:59.956,1.07495,1.07518,1.01,2.25
2017.05.18 02:20:00.504,1.07497,1.07519,1.01,1.00
2017.05.18 02:20:01.063,1.07496,1.07519,1.08,2.25
2017.05.18 02:20:01.691,1.07497,1.0752,1.08,1.87
2017.05.18 02:20:02.229,1.07498,1.07521,1.11,1.50
2017.05.18 02:20:02.826,1.07498,1.07521,1.08,1.00
2017.05.18 02:20:03.542,1.07498,1.07522,1.21,1.50
2017.05.18 02:20:03.848,1.07498,1.07523,2.05,1.50
2017.05.18 02:20:06.661,1.075,1.07524,1.00,4.50
2017.05.18 02:20:06.914,1.07498,1.07522,2.33,1.00
2017.05.18 02:20:07.422,1.07499,1.07522,1.00,1.00
2017.05.18 02:20:08.533,1.07499,1.07519,1.11,1.00
2017.05.18 02:20:08.736,1.07499,1.07523,1.58,1.87
2017.05.18 02:20:09.291,1.07503,1.07525,2.25,1.87
2017.05.18 02:20:09.444,1.07503,1.07526,1.22,1.50
2017.05.18 02:20:09.647,1.07504,1.0753,1.48,2.25
2017.05.18 02:20:10.162,1.07508,1.07529,1.10,1.00
2017.05.18 02:20:10.315,1.07507,1.0753,1.78,1.50
2017.05.18 02:20:10.417,1.07511,1.07533,1.10,1.50
2017.05.18 02:20:10.570,1.07512,1.07535,1.10,3.00
2017.05.18 02:20:11.135,1.07513,1.07534,1.00,1.50
2017.05.18 02:20:11.675,1.07513,1.07535,1.00,2.25
2017.05.18 02:20:12.363,1.07512,1.07535,1.00,3.00
2017.05.18 02:20:12.915,1.07511,1.07535,1.51,1.00
2017.05.18 02:20:14.074,1.07513,1.07535,1.00,1.50
2017.05.18 02:20:14.328,1.07513,1.07537,1.00,1.50
2017.05.18 02:20:14.531,1.07515,1.07537,1.00,2.25
2017.05.18 02:20:14.961,1.07514,1.07534,1.00,1.00
2017.05.18 02:20:15.012,1.07512,1.07534,1.50,1.00
2017.05.18 02:20:15.866,1.07512,1.07535,1.00,1.50
2017.05.18 02:20:16.400,1.07512,1.07534,1.00,1.00
2017.05.18 02:20:17.013,1.07512,1.07535,1.00,1.50
2017.05.18 02:20:17.558,1.07512,1.07534,1.00,1.00
2017.05.18 02:20:17.710,1.07512,1.07531,1.00,1.00
2017.05.18 02:20:18.334,1.07511,1.07531,1.51,1.00
2017.05.18 02:20:18.869,1.07511,1.07532,1.50,1.00
2017.05.18 02:20:19.513,1.07511,1.07531,1.00,1.00
2017.05.18 02:20:20.035,1.07508,1.07528,1.13,1.50
2017.05.18 02:20:20.592,1.07508,1.07527,1.01,1.00
2017.05.18 02:20:26.205,1.07508,1.07526,1.01,1.31
2017.05.18 02:20:29.216,1.07508,1.07526,1.01,1.00
2017.05.18 02:20:30.244,1.07508,1.07526,1.01,1.50
2017.05.18 02:20:31.936,1.07508,1.07527,1.01,1.00
2017.05.18 02:20:32.508,1.07508,1.07526,1.01,1.00
2017.05.18 02:20:33.731,1.07508,1.07527,1.01,1.50
2017.05.18 02:20:34.921,1.07508,1.07527,1.01,1.00
2017.05.18 02:20:35.690,1.07508,1.07527,1.01,1.12
2017.05.18 02:20:37.110,1.07508,1.07529,1.51,1.00
2017.05.18 02:20:37.643,1.07508,1.07528,1.51,1.50
2017.05.18 02:20:38.202,1.07506,1.07527,1.01,1.00
2017.05.18 02:20:38.804,1.07507,1.07526,1.01,1.00
2017.05.18 02:20:39.761,1.07507,1.07526,1.01,1.37
2017.05.18 02:20:40.269,1.07506,1.07526,1.01,1.37
2017.05.18 02:20:40.995,1.07506,1.07526,1.01,1.12
2017.05.18 02:20:41.529,1.07506,1.07526,1.01,1.37
2017.05.18 02:20:43.119,1.07506,1.07526,1.01,1.19
2017.05.18 02:20:45.030,1.07506,1.07527,1.01,1.19
2017.05.18 02:20:45.566,1.07506,1.07527,1.01,1.19
2017.05.18 02:20:48.070,1.07506,1.07527,1.01,1.19
2017.05.18 02:20:48.315,1.07506,1.07527,1.01,1.00
2017.05.18 02:20:50.800,1.07506,1.07528,1.01,1.87
2017.05.18 02:20:51.694,1.07506,1.07527,1.00,1.00
2017.05.18 02:20:51.746,1.07504,1.07526,1.01,1.00
2017.05.18 02:20:52.340,1.07505,1.07525,1.01,1.00
2017.05.18 02:20:52.797,1.07501,1.07523,1.26,1.00
2017.05.18 02:20:52.899,1.075,1.07522,1.00,1.50
2017.05.18 02:20:53.411,1.075,1.07523,1.50,1.50
2017.05.18 02:20:53.925,1.07501,1.07523,1.50,1.00
2017.05.18 02:20:54.464,1.075,1.07524,1.50,1.00
2017.05.18 02:20:55.218,1.07501,1.07524,1.00,1.00
2017.05.18 02:20:55.824,1.07502,1.07525,1.00,1.50
2017.05.18 02:20:56.338,1.07501,1.07525,2.25,1.50
2017.05.18 02:20:56.884,1.07502,1.07525,1.00,3.00
2017.05.18 02:20:58.518,1.07502,1.07523,1.00,1.00
2017.05.18 02:20:59.099,1.07501,1.07524,1.00,1.75
2017.05.18 02:20:59.202,1.07503,1.07525,1.00,1.00
2017.05.18 02:20:59.304,1.07504,1.07527,1.00,1.87
2017.05.18 02:20:59.355,1.07504,1.07525,1.00,1.50
2017.05.18 02:20:59.882,1.07504,1.07524,1.00,2.25
2017.05.18 02:21:01.712,1.07503,1.07524,1.00,3.00
2017.05.18 02:21:02.017,1.07499,1.0752,2.06,2.25
2017.05.18 02:21:02.754,1.07499,1.07522,1.00,5.62
2017.05.18 02:21:03.139,1.07498,1.07516,1.00,1.50
2017.05.18 02:21:03.190,1.07494,1.07516,1.00,1.00
2017.05.18 02:21:03.394,1.07496,1.07516,1.00,1.50
2017.05.18 02:21:03.940,1.07496,1.07517,1.00,1.50
2017.05.18 02:21:04.286,1.07499,1.07518,1.00,3.37
2017.05.18 02:21:04.739,1.07499,1.07516,1.00,1.00
2017.05.18 02:21:06.428,1.07499,1.07517,1.00,2.25
2017.05.18 02:21:06.784,1.07501,1.07516,1.00,1.50
2017.05.18 02:21:06.835,1.07502,1.07519,1.00,1.50
2017.05.18 02:21:06.938,1.07504,1.0752,1.00,1.69
2017.05.18 02:21:07.257,1.07508,1.07523,1.00,1.37
2017.05.18 02:21:07.512,1.07508,1.07525,1.00,1.50
2017.05.18 02:21:08.143,1.07508,1.07526,1.00,2.25
2017.05.18 02:21:08.738,1.07509,1.07527,1.00,1.87
2017.05.18 02:21:10.213,1.07511,1.07528,1.00,1.50
2017.05.18 02:21:10.771,1.07511,1.07529,1.00,1.87
2017.05.18 02:21:11.241,1.0751,1.07527,1.00,1.50
2017.05.18 02:21:13.017,1.0751,1.07526,1.00,1.50
2017.05.18 02:21:13.552,1.0751,1.07528,1.00,1.50
2017.05.18 02:21:14.176,1.07511,1.07528,1.00,2.25
2017.05.18 02:21:14.743,1.07511,1.07527,1.00,1.00
2017.05.18 02:21:14.997,1.07513,1.07529,1.00,1.50
2017.05.18 02:21:15.149,1.07514,1.07533,1.00,2.62
2017.05.18 02:21:15.667,1.07515,1.07534,1.00,3.19
2017.05.18 02:21:17.348,1.07514,1.07534,1.00,2.06
2017.05.18 02:21:17.500,1.07516,1.07534,1.00,2.81
2017.05.18 02:21:18.008,1.07517,1.07532,1.00,1.50
2017.05.18 02:21:18.755,1.07517,1.07534,1.00,3.94
2017.05.18 02:21:19.058,1.07517,1.07531,1.00,1.00
2017.05.18 02:21:19.583,1.07517,1.0753,1.00,1.00
2017.05.18 02:21:22.508,1.07527,1.07535,1.00,1.00
2017.05.18 02:21:22.559,1.07527,1.07538,1.00,1.00
2017.05.18 02:21:22.610,1.0753,1.07538,1.00,1.00
2017.05.18 02:21:22.712,1.07529,1.07545,1.00,1.50
2017.05.18 02:21:23.015,1.07532,1.07545,1.00,1.00
2017.05.18 02:21:26.910,1.0753,1.07545,1.00,1.00
2017.05.18 02:21:27.058,1.07527,1.07545,1.00,3.94
2017.05.18 02:21:27.313,1.07528,1.07542,1.00,1.00
2017.05.18 02:21:27.364,1.07529,1.07545,1.00,1.00
2017.05.18 02:21:27.466,1.07532,1.07545,1.00,1.00
2017.05.18 02:21:28.004,1.07533,1.07546,1.00,1.00
2017.05.18 02:21:28.816,1.07531,1.07546,1.00,1.50
2017.05.18 02:21:29.843,1.07529,1.07546,1.00,1.50
2017.05.18 02:21:35.637,1.07528,1.07546,1.00,1.12
2017.05.18 02:21:35.848,1.0753,1.07546,1.00,1.12
2017.05.18 02:21:37.498,1.0753,1.07545,1.00,1.50
2017.05.18 02:21:44.896,1.07531,1.07545,1.00,1.00
2017.05.18 02:21:46.168,1.07534,1.07545,1.00,1.00
2017.05.18 02:21:46.219,1.07532,1.07546,1.00,1.50
2017.05.18 02:21:46.271,1.07534,1.07546,1.00,1.50
2017.05.18 02:21:46.322,1.07534,1.07553,1.00,1.00
2017.05.18 02:21:46.373,1.07536,1.07553,1.00,1.50
2017.05.18 02:21:47.158,1.07536,1.07555,1.00,1.49
2017.05.18 02:21:48.117,1.07536,1.07553,1.00,1.00
2017.05.18 02:21:48.219,1.07536,1.07555,1.00,1.69
2017.05.18 02:21:48.801,1.07536,1.07555,1.00,1.91
2017.05.18 02:21:49.344,1.07536,1.07555,1.00,2.44
2017.05.18 02:21:49.446,1.07536,1.07555,1.00,2.66
2017.05.18 02:21:50.811,1.07535,1.07552,1.00,1.16
2017.05.18 02:21:51.116,1.07535,1.07551,1.00,1.75
2017.05.18 02:21:51.995,1.07535,1.07551,1.00,1.75
2017.05.18 02:21:52.529,1.07536,1.0755,1.00,1.75
2017.05.18 02:21:52.727,1.07537,1.07551,1.00,1.37
2017.05.18 02:21:53.248,1.07536,1.07553,1.00,2.66
2017.05.18 02:21:53.785,1.07535,1.07553,1.00,2.29
2017.05.18 02:21:54.308,1.07535,1.07553,1.00,2.44
2017.05.18 02:21:55.012,1.07535,1.07554,1.00,2.44
2017.05.18 02:21:55.064,1.07537,1.07554,1.00,1.00
2017.05.18 02:21:55.217,1.07538,1.07557,1.35,1.00
2017.05.18 02:21:55.819,1.0754,1.07556,1.00,1.00
2017.05.18 02:21:56.175,1.07543,1.07556,1.00,1.00
2017.05.18 02:21:56.276,1.0754,1.07557,1.20,1.00
2017.05.18 02:21:56.429,1.07535,1.07557,1.35,2.25
2017.05.18 02:21:56.531,1.0754,1.07557,1.35,1.00
2017.05.18 02:21:56.633,1.07538,1.07557,1.15,1.00
2017.05.18 02:21:56.684,1.07534,1.07557,1.35,1.50
2017.05.18 02:21:56.735,1.07535,1.07555,1.35,1.00
2017.05.18 02:21:57.120,1.0754,1.07557,1.20,1.00
2017.05.18 02:21:57.324,1.07536,1.07558,1.69,1.50
2017.05.18 02:21:57.375,1.07536,1.07556,1.44,1.00
2017.05.18 02:21:57.681,1.07539,1.07558,1.19,3.00
2017.05.18 02:21:58.187,1.07537,1.07558,1.31,1.00
2017.05.18 02:21:58.491,1.07537,1.07558,1.12,1.00
2017.05.18 02:21:59.777,1.07537,1.07557,1.12,1.00
2017.05.18 02:22:00.435,1.07543,1.07558,1.00,1.00
2017.05.18 02:22:00.486,1.07539,1.07558,1.12,1.50
2017.05.18 02:22:00.792,1.07543,1.07558,1.00,1.00
2017.05.18 02:22:01.043,1.07538,1.07558,1.50,1.00
2017.05.18 02:22:01.447,1.07536,1.07556,3.75,1.00
2017.05.18 02:22:05.254,1.07536,1.07555,3.97,1.00
2017.05.18 02:22:05.305,1.07536,1.07555,3.60,1.00
2017.05.18 02:22:05.445,1.07539,1.07555,1.00,1.00
2017.05.18 02:22:06.435,1.07536,1.07555,1.87,1.00
2017.05.18 02:22:06.538,1.07535,1.07553,1.37,1.00
2017.05.18 02:22:06.589,1.07534,1.07554,1.12,1.00
2017.05.18 02:22:06.640,1.07537,1.07557,1.10,1.00
2017.05.18 02:22:06.995,1.07539,1.07557,1.00,1.00
2017.05.18 02:22:07.531,1.07539,1.07556,1.50,1.00
2017.05.18 02:22:08.434,1.07538,1.07556,1.50,1.00
2017.05.18 02:22:09.026,1.07539,1.07556,1.00,1.00
2017.05.18 02:22:10.136,1.07539,1.07557,1.00,1.50
2017.05.18 02:22:10.656,1.0754,1.07556,1.00,1.00
2017.05.18 02:22:11.169,1.0754,1.07557,1.00,1.00
2017.05.18 02:22:11.747,1.0754,1.07556,1.00,1.00
2017.05.18 02:22:12.319,1.0754,1.07557,1.00,1.00
2017.05.18 02:22:12.371,1.07538,1.07557,1.00,1.00
2017.05.18 02:22:12.876,1.07539,1.07557,1.00,1.00
2017.05.18 02:22:15.625,1.07537,1.07557,1.00,1.00
2017.05.18 02:22:16.739,1.07536,1.07551,1.10,1.00
2017.05.18 02:22:17.192,1.07533,1.07549,1.00,1.00
2017.05.18 02:22:17.243,1.07535,1.07549,1.00,1.00
2017.05.18 02:22:17.990,1.07534,1.07549,1.00,1.00
2017.05.18 02:22:18.981,1.07532,1.07549,2.25,1.00
2017.05.18 02:22:19.044,1.07534,1.07549,1.00,1.00
2017.05.18 02:22:19.534,1.07531,1.07547,1.00,1.00
2017.05.18 02:22:20.039,1.07531,1.07546,1.00,1.00
2017.05.18 02:22:20.090,1.07531,1.07548,2.25,1.00
2017.05.18 02:22:20.141,1.07534,1.07547,1.00,1.00
2017.05.18 02:22:20.243,1.07532,1.07549,3.00,1.00
2017.05.18 02:22:20.344,1.07535,1.07549,1.00,1.00
2017.05.18 02:22:20.396,1.07533,1.07549,1.00,1.00
2017.05.18 02:22:20.947,1.07534,1.07549,1.00,1.00
2017.05.18 02:22:22.585,1.07533,1.07549,1.00,1.00
2017.05.18 02:22:23.227,1.07534,1.07549,1.00,1.00
2017.05.18 02:22:23.607,1.07534,1.07549,1.19,1.00
2017.05.18 02:22:26.103,1.07533,1.07549,1.19,1.00
2017.05.18 02:22:27.910,1.07534,1.07549,1.35,1.00
2017.05.18 02:22:36.148,1.07534,1.07549,1.35,1.00
2017.05.18 02:22:37.132,1.07532,1.07549,1.43,1.00
2017.05.18 02:22:39.518,1.07532,1.07547,1.43,1.00
2017.05.18 02:22:41.023,1.07533,1.07548,1.45,1.00
2017.05.18 02:22:42.923,1.07533,1.07552,1.45,1.00
2017.05.18 02:22:45.237,1.07533,1.07552,1.35,1.00
2017.05.18 02:22:45.484,1.07532,1.0755,1.45,1.00
2017.05.18 02:22:45.840,1.07535,1.07552,1.35,1.00
2017.05.18 02:22:45.891,1.07537,1.07554,1.35,1.00
2017.05.18 02:22:46.419,1.07538,1.07556,1.35,1.50
2017.05.18 02:22:46.978,1.07541,1.07551,1.35,1.00
2017.05.18 02:22:47.334,1.07535,1.07552,2.08,1.00
2017.05.18 02:22:47.483,1.07536,1.0755,1.10,1.00
2017.05.18 02:22:47.534,1.07536,1.07552,1.10,1.00
2017.05.18 02:22:48.088,1.07536,1.07551,1.48,1.00
2017.05.18 02:22:48.737,1.07536,1.07552,1.85,1.00
2017.05.18 02:22:48.889,1.07541,1.07556,1.35,1.00
2017.05.18 02:22:50.477,1.07542,1.07557,1.35,1.00
2017.05.18 02:22:50.528,1.07546,1.07557,1.00,1.00
2017.05.18 02:22:51.062,1.07545,1.07558,1.00,3.00
2017.05.18 02:22:52.234,1.07547,1.07558,1.00,3.00
2017.05.18 02:22:52.844,1.07546,1.07559,1.56,2.25
2017.05.18 02:22:53.360,1.07546,1.07559,1.00,2.25
2017.05.18 02:22:53.463,1.07544,1.07558,1.00,2.25
2017.05.18 02:22:54.003,1.07544,1.07557,1.00,1.00
2017.05.18 02:22:55.044,1.07543,1.07557,1.00,1.00
2017.05.18 02:22:58.906,1.07542,1.07557,1.00,1.00
2017.05.18 02:22:59.415,1.07542,1.07558,1.00,1.00
2017.05.18 02:23:00.044,1.0754,1.07558,1.10,1.00
2017.05.18 02:23:00.551,1.07539,1.07557,1.07,1.00
2017.05.18 02:23:01.284,1.07539,1.07558,1.07,1.50
2017.05.18 02:23:03.107,1.07539,1.07557,1.07,1.00
2017.05.18 02:23:04.683,1.07539,1.07557,1.10,1.00
2017.05.18 02:23:05.357,1.07538,1.07556,2.17,1.00
2017.05.18 02:23:08.847,1.07537,1.07555,2.32,1.00
2017.05.18 02:23:11.915,1.07539,1.07556,1.10,1.00
2017.05.18 02:23:12.118,1.07537,1.07558,5.75,1.00
2017.05.18 02:23:12.422,1.07538,1.07553,1.50,1.00
2017.05.18 02:23:13.019,1.07537,1.07553,3.05,1.00
2017.05.18 02:23:13.536,1.07536,1.07553,1.00,1.00
2017.05.18 02:23:14.071,1.07537,1.07552,1.00,1.00
2017.05.18 02:23:15.417,1.07537,1.07554,1.00,1.00
2017.05.18 02:23:30.119,1.07537,1.07551,1.00,1.00
2017.05.18 02:23:33.644,1.07536,1.07551,1.50,1.00
2017.05.18 02:23:34.235,1.07536,1.07552,1.50,1.00
2017.05.18 02:23:36.167,1.07538,1.07552,1.00,1.00
2017.05.18 02:23:37.544,1.07537,1.07552,1.00,1.00
2017.05.18 02:23:41.200,1.07538,1.07552,1.00,1.00
2017.05.18 02:23:44.779,1.07538,1.07555,1.00,1.00
2017.05.18 02:23:44.982,1.07538,1.07553,1.00,1.00
2017.05.18 02:23:45.715,1.07538,1.07556,1.00,1.00
2017.05.18 02:23:49.986,1.07537,1.07556,1.00,1.00
2017.05.18 02:23:50.547,1.07536,1.07555,2.25,1.00
2017.05.18 02:23:51.874,1.07537,1.07555,1.00,1.00
2017.05.18 02:23:52.426,1.07535,1.07555,4.87,1.00
2017.05.18 02:23:58.100,1.07537,1.07555,1.00,1.00
2017.05.18 02:23:58.641,1.07536,1.07555,1.12,1.00
2017.05.18 02:23:59.103,1.07538,1.07555,1.00,1.00
2017.05.18 02:23:59.424,1.07537,1.07554,1.75,1.00
2017.05.18 02:23:59.729,1.07536,1.07552,1.50,1.00
2017.05.18 02:24:04.146,1.07537,1.07554,1.37,1.00
2017.05.18 02:24:04.357,1.07542,1.07558,1.00,1.00
2017.05.18 02:24:04.408,1.07542,1.0756,1.00,1.00
2017.05.18 02:24:04.510,1.07545,1.0756,1.00,1.00
2017.05.18 02:24:05.916,1.07544,1.0756,1.50,1.00
2017.05.18 02:24:06.459,1.07546,1.07561,1.00,1.00
2017.05.18 02:24:06.510,1.07546,1.07565,1.00,1.00
2017.05.18 02:24:06.612,1.07546,1.07563,1.00,1.00
2017.05.18 02:24:06.917,1.07546,1.07561,1.00,1.00
2017.05.18 02:24:07.426,1.07545,1.07562,1.00,1.00
2017.05.18 02:24:17.068,1.07545,1.07559,1.00,1.00
2017.05.18 02:24:21.071,1.07546,1.07565,1.00,1.00
2017.05.18 02:24:22.837,1.07546,1.07566,1.00,1.50
2017.05.18 02:24:22.939,1.0755,1.07566,1.00,1.12
2017.05.18 02:24:23.243,1.0755,1.07565,1.00,1.37
2017.05.18 02:24:24.008,1.07548,1.07565,1.00,1.37
2017.05.18 02:24:24.059,1.0755,1.07566,1.00,1.50
2017.05.18 02:24:24.212,1.07548,1.07566,1.00,1.50
2017.05.18 02:24:30.981,1.07548,1.07565,1.00,1.00
2017.05.18 02:24:31.488,1.07549,1.07565,1.00,1.00
2017.05.18 02:24:34.262,1.07552,1.07565,1.00,1.00
2017.05.18 02:24:34.773,1.07553,1.07565,1.00,1.00
2017.05.18 02:24:35.564,1.07553,1.07564,1.00,1.00
2017.05.18 02:24:35.615,1.07551,1.07564,1.00,1.00
2017.05.18 02:24:36.239,1.07551,1.07563,1.00,1.00
2017.05.18 02:24:36.764,1.07551,1.07564,1.00,1.00
2017.05.18 02:24:37.544,1.07551,1.07565,1.00,1.00
2017.05.18 02:24:38.500,1.07553,1.07565,1.00,1.12
2017.05.18 02:24:39.214,1.07553,1.07565,1.00,1.37
2017.05.18 02:24:39.716,1.07553,1.07566,1.00,1.00
2017.05.18 02:24:44.561,1.07552,1.07566,1.00,1.50
2017.05.18 02:24:46.309,1.07551,1.07566,1.00,1.50
2017.05.18 02:24:47.328,1.07551,1.07567,1.00,1.50
2017.05.18 02:24:47.835,1.07551,1.07566,1.00,2.25
2017.05.18 02:24:48.139,1.07551,1.07565,1.00,1.50
2017.05.18 02:24:48.625,1.07551,1.07567,1.00,1.50
2017.05.18 02:24:49.149,1.07552,1.07566,1.00,1.50
2017.05.18 02:24:49.353,1.07552,1.07567,1.00,1.37
2017.05.18 02:24:51.189,1.07552,1.07567,1.00,1.87
2017.05.18 02:24:52.078,1.07552,1.07566,1.00,1.00
2017.05.18 02:24:52.332,1.07552,1.07566,1.00,1.75
2017.05.18 02:24:52.383,1.0755,1.07567,1.00,1.87
2017.05.18 02:24:52.435,1.07553,1.07567,1.00,1.87
2017.05.18 02:24:52.985,1.07554,1.07567,1.00,1.00
2017.05.18 02:24:53.492,1.07555,1.07568,1.00,1.50
2017.05.18 02:24:53.796,1.07555,1.07568,1.00,3.00
2017.05.18 02:24:54.218,1.07555,1.07568,1.00,1.00
2017.05.18 02:24:54.756,1.07555,1.07567,1.00,1.00
2017.05.18 02:24:55.062,1.07553,1.07567,1.00,1.00
2017.05.18 02:24:55.599,1.07553,1.07568,1.00,1.50
2017.05.18 02:24:56.723,1.07553,1.07567,1.00,1.00
2017.05.18 02:24:57.626,1.07552,1.07567,1.00,1.50
2017.05.18 02:24:58.178,1.07552,1.07568,1.00,2.62
2017.05.18 02:24:58.846,1.07552,1.07568,1.00,3.00
2017.05.18 02:24:59.226,1.07554,1.07568,1.00,1.12
2017.05.18 02:24:59.570,1.07553,1.07568,1.00,1.75
2017.05.18 02:24:59.723,1.07551,1.07567,1.00,1.75
2017.05.18 02:24:59.977,1.07551,1.07567,1.00,1.12
2017.05.18 02:25:00.028,1.07551,1.07567,1.00,1.12
2017.05.18 02:25:00.537,1.07552,1.07567,1.00,1.75
2017.05.18 02:25:02.829,1.07552,1.07567,1.00,1.12
2017.05.18 02:25:04.967,1.07552,1.07567,1.00,1.12
2017.05.18 02:25:05.610,1.07548,1.07564,1.00,1.12
2017.05.18 02:25:08.120,1.07549,1.07566,1.00,1.50
2017.05.18 02:25:09.240,1.0755,1.07566,1.00,1.50
2017.05.18 02:25:09.538,1.0755,1.07566,1.50,1.75
2017.05.18 02:25:09.692,1.07548,1.07566,1.50,1.37
2017.05.18 02:25:09.794,1.07551,1.07566,1.00,1.37
2017.05.18 02:25:10.048,1.07551,1.07568,1.00,1.00
2017.05.18 02:25:10.201,1.07553,1.0757,1.00,1.37
2017.05.18 02:25:10.353,1.07554,1.07572,1.00,1.50
2017.05.18 02:25:10.405,1.07556,1.07572,1.00,1.50
2017.05.18 02:25:10.730,1.07558,1.07576,1.00,1.87
2017.05.18 02:25:11.430,1.07559,1.07576,1.00,1.12
2017.05.18 02:25:12.278,1.07558,1.07576,1.00,1.12
2017.05.18 02:25:12.634,1.07558,1.07577,1.50,1.37
2017.05.18 02:25:13.040,1.07559,1.07574,1.00,1.00
2017.05.18 02:25:13.151,1.07557,1.07574,1.50,1.00
2017.05.18 02:25:13.202,1.07557,1.07572,1.50,1.00
2017.05.18 02:25:16.024,1.07557,1.07573,1.00,1.00
2017.05.18 02:25:16.922,1.07557,1.07575,1.00,1.00
2017.05.18 02:25:17.631,1.07557,1.07575,1.00,1.37
2017.05.18 02:25:17.962,1.07557,1.0757,1.00,1.00
2017.05.18 02:25:19.331,1.07556,1.0757,1.00,1.00
2017.05.18 02:25:19.840,1.07557,1.0757,1.00,1.00
2017.05.18 02:25:20.420,1.07558,1.07571,1.00,1.12
2017.05.18 02:25:20.832,1.07556,1.07571,1.50,1.00
2017.05.18 02:25:21.749,1.07556,1.0757,1.00,1.00
2017.05.18 02:25:22.022,1.07554,1.07569,1.00,1.00
2017.05.18 02:25:22.327,1.07556,1.07569,1.00,1.12
2017.05.18 02:25:22.632,1.07554,1.07567,1.00,1.00
2017.05.18 02:25:25.570,1.07556,1.07567,1.00,1.00
2017.05.18 02:25:25.723,1.07554,1.07567,1.50,1.00
2017.05.18 02:25:26.263,1.07554,1.07566,1.00,1.00
2017.05.18 02:25:27.162,1.07553,1.07566,1.50,1.00
2017.05.18 02:25:28.821,1.07554,1.07566,1.00,1.00
2017.05.18 02:25:29.364,1.07554,1.07568,1.00,1.00
2017.05.18 02:25:29.820,1.07553,1.07566,1.50,1.00
2017.05.18 02:25:30.477,1.07554,1.07566,1.00,1.00
2017.05.18 02:25:31.647,1.07553,1.07566,1.50,1.00
2017.05.18 02:25:31.749,1.07554,1.07568,1.50,1.00
2017.05.18 02:25:31.947,1.07556,1.0757,1.50,1.00
2017.05.18 02:25:32.463,1.07557,1.07571,1.00,1.00
2017.05.18 02:25:32.868,1.07557,1.07569,1.00,1.00
2017.05.18 02:25:35.502,1.07556,1.07569,1.50,1.00
2017.05.18 02:25:35.553,1.07556,1.07571,1.50,1.00
2017.05.18 02:25:35.605,1.07558,1.07572,1.00,1.00
2017.05.18 02:25:38.142,1.07559,1.07573,1.00,1.00
2017.05.18 02:25:41.239,1.07558,1.07573,1.00,1.00
2017.05.18 02:25:41.447,1.07558,1.07576,1.50,1.00
2017.05.18 02:25:42.092,1.07559,1.07576,1.00,1.00
2017.05.18 02:25:43.348,1.07559,1.07571,1.00,1.00
2017.05.18 02:25:43.959,1.07558,1.07571,1.00,1.00
2017.05.18 02:25:44.163,1.07559,1.07573,1.00,1.00
2017.05.18 02:25:44.316,1.07562,1.07573,1.00,1.00
2017.05.18 02:25:44.418,1.0756,1.07573,1.00,1.00
2017.05.18 02:25:44.773,1.07558,1.07571,1.00,1.00
2017.05.18 02:25:45.317,1.07558,1.07572,1.00,1.00
2017.05.18 02:25:45.897,1.07558,1.07573,1.00,1.00
2017.05.18 02:25:46.201,1.07552,1.0757,1.94,1.00
2017.05.18 02:25:46.830,1.07552,1.07569,1.31,1.00
2017.05.18 02:25:50.618,1.07562,1.07572,1.00,1.00
2017.05.18 02:25:50.720,1.07562,1.07574,1.00,1.00
2017.05.18 02:25:51.104,1.07561,1.07578,1.00,1.50
2017.05.18 02:25:51.155,1.07565,1.07578,1.00,1.50
2017.05.18 02:25:51.716,1.07566,1.07579,1.00,1.69
2017.05.18 02:25:51.767,1.07566,1.07579,1.00,1.25
2017.05.18 02:25:54.429,1.07564,1.07579,1.00,1.25
2017.05.18 02:25:54.938,1.07566,1.07579,1.00,1.69
2017.05.18 02:25:59.372,1.07566,1.07579,1.00,1.56
2017.05.18 02:25:59.498,1.07566,1.0758,1.00,1.56
2017.05.18 02:25:59.551,1.07568,1.07581,1.00,1.75
2017.05.18 02:26:03.558,1.07567,1.07581,1.00,1.50
2017.05.18 02:26:04.400,1.07568,1.07582,1.00,2.25
2017.05.18 02:26:09.014,1.07567,1.07582,1.00,1.75
2017.05.18 02:26:14.958,1.07567,1.07581,1.00,1.56
2017.05.18 02:26:16.193,1.07559,1.07575,1.00,1.00
2017.05.18 02:26:16.244,1.07554,1.07575,2.25,1.00
2017.05.18 02:26:16.396,1.07554,1.07573,1.00,1.00
2017.05.18 02:26:16.938,1.07554,1.07573,1.37,1.00
2017.05.18 02:26:19.762,1.07554,1.07576,1.37,1.00
2017.05.18 02:26:25.699,1.07555,1.07574,1.12,1.00
2017.05.18 02:26:30.163,1.07556,1.07576,1.00,1.00
2017.05.18 02:26:30.363,1.07555,1.07574,1.12,1.00
2017.05.18 02:26:31.028,1.07553,1.07575,1.37,1.00
2017.05.18 02:26:34.885,1.07553,1.07573,1.87,1.00
2017.05.18 02:26:35.851,1.07553,1.07573,1.12,1.00
2017.05.18 02:26:39.844,1.0755,1.0757,1.00,1.25
2017.05.18 02:26:39.946,1.07547,1.07569,1.50,1.25
2017.05.18 02:26:40.200,1.07549,1.07569,1.00,1.25
2017.05.18 02:26:40.763,1.07548,1.07569,1.00,1.25
2017.05.18 02:26:41.331,1.07548,1.07568,1.00,1.00
2017.05.18 02:26:49.418,1.07546,1.07567,1.50,1.00
2017.05.18 02:26:49.963,1.07546,1.07566,1.00,1.00
2017.05.18 02:26:50.904,1.07546,1.07566,1.07,1.00
2017.05.18 02:26:51.481,1.07546,1.07567,1.07,1.00
2017.05.18 02:26:52.000,1.07546,1.07567,1.10,1.00
2017.05.18 02:26:56.430,1.07546,1.07566,1.10,1.00
2017.05.18 02:26:56.950,1.07546,1.07566,1.07,1.00
2017.05.18 02:26:57.294,1.07549,1.07566,1.00,1.00
2017.05.18 02:26:59.099,1.07549,1.07567,1.50,1.00
2017.05.18 02:26:59.404,1.0755,1.07569,1.00,1.00
2017.05.18 02:26:59.913,1.07549,1.07567,1.50,1.00
2017.05.18 02:27:00.167,1.07551,1.0757,1.50,1.00
2017.05.18 02:27:00.269,1.07552,1.07572,1.50,1.00
2017.05.18 02:27:00.780,1.07553,1.07571,1.00,1.00
2017.05.18 02:27:02.379,1.07552,1.0757,1.00,1.00
2017.05.18 02:27:02.583,1.07554,1.07571,1.00,1.00
2017.05.18 02:27:02.685,1.07553,1.07573,1.50,1.00
2017.05.18 02:27:02.926,1.07553,1.07571,1.00,1.00
2017.05.18 02:27:03.433,1.07554,1.07572,1.00,1.00
2017.05.18 02:27:03.970,1.07553,1.07572,1.87,1.00
2017.05.18 02:27:04.442,1.07555,1.07572,1.00,1.00
2017.05.18 02:27:04.747,1.07556,1.07575,1.00,1.00
2017.05.18 02:27:04.849,1.07554,1.07573,1.12,1.00
2017.05.18 02:27:05.357,1.07556,1.07574,1.00,1.00
2017.05.18 02:27:05.928,1.07555,1.07574,1.50,1.50
2017.05.18 02:27:06.699,1.07555,1.07568,1.00,1.00
2017.05.18 02:27:06.852,1.07551,1.07567,1.50,1.00
2017.05.18 02:27:06.904,1.0755,1.07565,1.00,1.00
2017.05.18 02:27:07.209,1.07549,1.07561,1.00,1.00
2017.05.18 02:27:07.889,1.07548,1.07561,1.00,1.00
2017.05.18 02:27:09.085,1.07549,1.07561,1.00,1.00
2017.05.18 02:27:09.136,1.07549,1.07563,1.00,1.00
2017.05.18 02:27:09.839,1.07548,1.07563,1.50,1.00
2017.05.18 02:27:10.478,1.07549,1.07563,1.00,1.00
2017.05.18 02:27:11.023,1.07548,1.07563,1.50,1.00
2017.05.18 02:27:11.543,1.07549,1.07563,1.50,1.00
2017.05.18 02:27:14.482,1.07548,1.07563,1.50,1.00
2017.05.18 02:27:16.459,1.07549,1.07563,1.00,1.00
2017.05.18 02:27:19.804,1.07548,1.07563,1.00,1.00
2017.05.18 02:27:19.956,1.0755,1.07563,1.00,1.00
2017.05.18 02:27:20.261,1.0755,1.07565,1.00,1.00
2017.05.18 02:27:20.525,1.07551,1.07566,1.50,1.00
2017.05.18 02:27:23.893,1.07551,1.07566,1.12,1.00
2017.05.18 02:27:24.411,1.07551,1.07565,1.00,1.00
2017.05.18 02:27:27.080,1.0755,1.07565,1.50,1.00
2017.05.18 02:27:28.939,1.07551,1.07565,1.00,1.00
2017.05.18 02:27:29.680,1.0755,1.07565,1.50,1.00
2017.05.18 02:27:31.265,1.07545,1.07565,1.01,1.50
2017.05.18 02:27:31.367,1.07548,1.07562,1.00,1.00
2017.05.18 02:27:31.671,1.07545,1.07559,1.00,1.00
2017.05.18 02:27:32.085,1.07548,1.07559,1.00,2.25
2017.05.18 02:27:32.212,1.07544,1.07558,1.00,2.25
2017.05.18 02:27:33.850,1.07544,1.07557,1.00,1.00
2017.05.18 02:27:34.043,1.07545,1.07555,1.00,1.00
2017.05.18 02:27:34.195,1.07543,1.07555,1.00,1.00
2017.05.18 02:27:34.709,1.07543,1.07557,1.00,1.50
2017.05.18 02:27:35.220,1.07543,1.07556,1.00,1.00
2017.05.18 02:27:36.433,1.07543,1.07557,1.00,1.50
2017.05.18 02:27:36.940,1.07543,1.07556,1.00,1.00
2017.05.18 02:27:38.035,1.07543,1.07557,1.00,1.50
2017.05.18 02:27:39.248,1.07543,1.07556,1.00,1.00
2017.05.18 02:27:39.693,1.07543,1.07558,1.00,1.00
2017.05.18 02:27:40.830,1.07543,1.07557,1.00,1.00
2017.05.18 02:27:41.401,1.07543,1.07556,1.00,1.00
2017.05.18 02:27:42.955,1.07543,1.07558,1.00,1.00
2017.05.18 02:27:43.006,1.07545,1.07558,1.00,1.00
2017.05.18 02:27:43.539,1.07544,1.07558,1.00,2.25
2017.05.18 02:27:44.040,1.07544,1.07557,1.00,1.50
2017.05.18 02:27:47.453,1.07544,1.07558,1.00,1.50
2017.05.18 02:27:47.795,1.07543,1.07556,1.00,1.50
2017.05.18 02:27:48.302,1.07542,1.07556,1.00,2.25
2017.05.18 02:27:49.258,1.07543,1.07556,1.00,1.50
2017.05.18 02:27:49.641,1.07542,1.07555,1.00,1.31
2017.05.18 02:27:49.743,1.07543,1.07556,1.00,1.25
2017.05.18 02:27:49.845,1.07542,1.07556,1.00,2.06
2017.05.18 02:27:50.048,1.07542,1.07556,1.00,1.69
2017.05.18 02:27:50.634,1.07541,1.07554,1.00,1.00
2017.05.18 02:27:51.091,1.07543,1.07554,1.00,1.19
2017.05.18 02:27:51.243,1.07543,1.07555,1.00,1.00
2017.05.18 02:27:51.345,1.07543,1.07555,1.00,1.31
2017.05.18 02:27:53.441,1.07543,1.07555,1.00,1.56
2017.05.18 02:27:55.036,1.07543,1.07555,1.00,1.50
2017.05.18 02:27:59.481,1.07541,1.07555,1.00,1.50
2017.05.18 02:27:59.533,1.07541,1.07555,1.00,1.12
2017.05.18 02:27:59.685,1.07543,1.07555,1.00,1.12
2017.05.18 02:27:59.991,1.07543,1.07557,1.00,2.25
2017.05.18 02:28:01.287,1.07544,1.07556,1.00,1.50
2017.05.18 02:28:03.810,1.07543,1.07556,1.00,2.25
2017.05.18 02:28:06.368,1.07543,1.07556,1.00,1.87
2017.05.18 02:28:07.893,1.07542,1.07556,1.00,1.12
2017.05.18 02:28:12.192,1.07541,1.07556,1.00,1.00
2017.05.18 02:28:12.243,1.07541,1.07554,1.00,1.00
2017.05.18 02:28:12.768,1.07538,1.07555,1.01,1.12
2017.05.18 02:28:13.504,1.07538,1.07555,1.01,1.12
2017.05.18 02:28:13.965,1.07538,1.07555,1.01,1.12
2017.05.18 02:28:14.118,1.07538,1.07555,1.00,1.12
2017.05.18 02:28:14.980,1.07538,1.07555,1.00,1.37
2017.05.18 02:28:19.344,1.07538,1.07555,1.00,1.00
2017.05.18 02:28:19.779,1.07538,1.07553,1.00,1.00
2017.05.18 02:28:36.483,1.07535,1.07553,1.00,2.62
2017.05.18 02:28:36.686,1.07535,1.0755,1.00,1.00
2017.05.18 02:28:37.248,1.07535,1.07549,1.00,1.00
2017.05.18 02:28:38.866,1.07534,1.07549,1.00,1.00
2017.05.18 02:28:39.019,1.07531,1.07548,1.00,1.00
2017.05.18 02:28:39.122,1.0753,1.07546,1.00,1.00
2017.05.18 02:28:39.314,1.07527,1.07546,1.00,1.00
2017.05.18 02:28:39.417,1.0753,1.07547,1.00,1.50
2017.05.18 02:28:39.521,1.07528,1.07546,1.00,1.00
2017.05.18 02:28:39.572,1.07526,1.07546,1.00,1.00
2017.05.18 02:28:39.623,1.07529,1.07545,1.00,1.00
2017.05.18 02:28:39.778,1.07527,1.07544,1.00,1.00
2017.05.18 02:28:40.032,1.07526,1.07542,1.00,1.00
2017.05.18 02:28:40.251,1.07524,1.07541,1.00,1.50
2017.05.18 02:28:40.455,1.07524,1.07539,1.00,1.00
2017.05.18 02:28:40.965,1.07524,1.0754,1.00,1.50
2017.05.18 02:28:42.213,1.07524,1.07539,1.00,1.00
2017.05.18 02:28:42.755,1.07523,1.07539,1.01,1.00
2017.05.18 02:28:46.200,1.07525,1.07541,1.00,1.50
2017.05.18 02:28:46.504,1.07527,1.07543,1.00,1.50
2017.05.18 02:28:47.228,1.07527,1.07542,1.00,1.00
2017.05.18 02:28:52.860,1.07526,1.07542,1.00,1.00
2017.05.18 02:28:52.964,1.07527,1.07544,1.00,1.50
2017.05.18 02:28:53.487,1.07527,1.07545,1.00,3.37
2017.05.18 02:28:53.742,1.07527,1.07543,1.00,1.00
2017.05.18 02:28:54.289,1.07528,1.07543,1.00,1.00
2017.05.18 02:28:54.678,1.07526,1.07544,1.00,1.50
2017.05.18 02:28:54.830,1.07527,1.07544,1.37,1.50
2017.05.18 02:28:55.135,1.07533,1.07547,1.37,1.00
2017.05.18 02:28:55.399,1.07533,1.07549,1.00,1.87
2017.05.18 02:28:55.602,1.07531,1.07548,1.00,1.12
2017.05.18 02:28:55.755,1.0753,1.07549,1.75,2.62
2017.05.18 02:28:56.263,1.07533,1.07549,1.12,1.87
2017.05.18 02:28:56.775,1.07533,1.07548,1.12,1.50
2017.05.18 02:28:57.286,1.07531,1.07547,1.37,1.50
2017.05.18 02:28:57.337,1.07529,1.07547,1.00,1.00
2017.05.18 02:28:57.489,1.07527,1.07547,1.01,1.50
2017.05.18 02:28:57.540,1.0753,1.07547,1.00,1.50
2017.05.18 02:28:57.591,1.07527,1.07547,1.01,1.50
2017.05.18 02:28:57.893,1.07528,1.07545,1.01,1.00
2017.05.18 02:28:58.442,1.07529,1.07546,1.00,1.00
2017.05.18 02:28:58.989,1.07529,1.07545,1.00,1.00
2017.05.18 02:28:59.463,1.07529,1.07547,1.00,2.25
2017.05.18 02:29:00.172,1.07529,1.07546,1.00,1.50
2017.05.18 02:29:00.706,1.0753,1.07545,1.00,1.00
2017.05.18 02:29:00.858,1.07529,1.07543,1.00,1.00
2017.05.18 02:29:01.203,1.07526,1.07541,1.00,1.00
2017.05.18 02:29:01.739,1.07526,1.07542,1.00,2.62
2017.05.18 02:29:02.907,1.07526,1.07541,1.00,1.50
2017.05.18 02:29:03.480,1.07526,1.07542,1.00,3.37
2017.05.18 02:29:03.532,1.07528,1.07543,1.00,1.50
2017.05.18 02:29:03.685,1.07529,1.07547,1.00,1.87
2017.05.18 02:29:03.837,1.07529,1.07544,1.00,1.00
2017.05.18 02:29:03.939,1.07529,1.07546,1.00,1.00
2017.05.18 02:29:04.041,1.07531,1.07547,1.00,1.50
2017.05.18 02:29:04.717,1.07531,1.07548,1.00,2.44
2017.05.18 02:29:05.021,1.07529,1.07546,1.00,2.25
2017.05.18 02:29:07.131,1.07528,1.07544,1.00,1.00
2017.05.18 02:29:07.182,1.07526,1.07544,1.00,1.00
2017.05.18 02:29:07.855,1.07526,1.07542,1.00,1.00
2017.05.18 02:29:08.160,1.07528,1.07543,1.00,1.50
2017.05.18 02:29:08.822,1.07528,1.07542,1.00,1.00
2017.05.18 02:29:09.650,1.07528,1.07543,1.00,1.50
2017.05.18 02:29:10.176,1.07528,1.07546,1.00,1.50
2017.05.18 02:29:10.801,1.07528,1.07546,1.00,1.00
2017.05.18 02:29:13.437,1.07528,1.07544,1.00,1.00
2017.05.18 02:29:13.760,1.0753,1.07545,1.00,1.00
2017.05.18 02:29:14.271,1.0753,1.07549,1.00,3.00
2017.05.18 02:29:14.322,1.07532,1.07548,1.00,2.62
2017.05.18 02:29:14.894,1.07531,1.07547,1.00,1.00
2017.05.18 02:29:15.222,1.07533,1.07547,1.00,1.00
2017.05.18 02:29:16.250,1.07533,1.07548,1.00,1.00
2017.05.18 02:29:16.790,1.07533,1.07547,1.00,1.00
2017.05.18 02:29:17.339,1.07533,1.07548,1.00,1.00
2017.05.18 02:29:17.967,1.07533,1.07547,1.00,1.00
2017.05.18 02:29:18.473,1.07533,1.07548,1.00,1.00
2017.05.18 02:29:19.089,1.07533,1.07547,1.00,1.00
2017.05.18 02:29:19.843,1.07533,1.07548,1.00,1.00
2017.05.18 02:29:20.605,1.07531,1.07547,1.00,1.00
2017.05.18 02:29:20.656,1.07531,1.07545,1.00,1.00
2017.05.18 02:29:20.708,1.07529,1.07546,1.00,1.50
2017.05.18 02:29:20.861,1.07528,1.07545,1.00,1.75
2017.05.18 02:29:21.122,1.07529,1.07548,1.37,1.50
2017.05.18 02:29:21.650,1.0753,1.07547,1.00,1.00
2017.05.18 02:29:22.314,1.0753,1.07547,1.56,1.00
2017.05.18 02:29:23.028,1.0753,1.07548,1.56,1.00
2017.05.18 02:29:24.158,1.0753,1.07547,1.56,1.00
2017.05.18 02:29:24.831,1.0753,1.07548,1.56,1.00
2017.05.18 02:29:25.452,1.0753,1.07547,1.56,1.00
2017.05.18 02:29:26.159,1.0753,1.07548,1.56,1.00
2017.05.18 02:29:26.662,1.0753,1.07547,1.56,1.00
2017.05.18 02:29:27.527,1.07531,1.07547,1.00,1.00
2017.05.18 02:29:27.730,1.07532,1.07551,1.00,3.00
2017.05.18 02:29:27.832,1.07529,1.0755,1.12,1.00
2017.05.18 02:29:29.682,1.07527,1.07547,1.50,1.00
2017.05.18 02:29:35.029,1.07526,1.07547,2.25,1.00
2017.05.18 02:29:37.825,1.07529,1.07549,1.50,1.00
2017.05.18 02:29:37.931,1.07527,1.0755,1.50,1.50
2017.05.18 02:29:41.722,1.07526,1.07544,1.75,1.00
2017.05.18 02:29:44.798,1.07525,1.07545,2.62,1.00
2017.05.18 02:29:49.901,1.07525,1.07547,2.25,1.00
2017.05.18 02:29:50.414,1.07525,1.07546,2.25,1.00
2017.05.18 02:29:51.360,1.07526,1.07547,2.25,1.00
2017.05.18 02:29:52.387,1.07526,1.07547,1.75,1.00
2017.05.18 02:29:54.529,1.07526,1.07547,1.00,1.00
2017.05.18 02:29:55.308,1.07526,1.07546,1.00,1.00
2017.05.18 02:29:59.922,1.07526,1.07548,1.87,1.00
2017.05.18 02:30:00.579,1.07527,1.07548,1.00,1.00
2017.05.18 02:30:01.190,1.07528,1.07548,1.00,1.00
2017.05.18 02:30:02.336,1.07527,1.07548,1.00,1.00
2017.05.18 02:30:02.489,1.07525,1.07548,1.00,1.00
2017.05.18 02:30:02.842,1.07524,1.07546,2.25,1.00
2017.05.18 02:30:03.348,1.07525,1.07546,1.12,1.00
2017.05.18 02:30:03.857,1.07525,1.07547,1.87,1.00
2017.05.18 02:30:06.614,1.07526,1.07548,1.00,1.00
2017.05.18 02:30:07.207,1.07527,1.07548,1.50,1.00
2017.05.18 02:30:08.790,1.07526,1.07548,1.50,1.00
2017.05.18 02:30:09.407,1.07525,1.07547,3.00,1.00
2017.05.18 02:30:10.243,1.07525,1.07546,1.50,1.00
2017.05.18 02:30:11.547,1.07524,1.07546,2.62,1.00
2017.05.18 02:30:13.596,1.07523,1.07545,2.62,1.00
2017.05.18 02:30:14.327,1.07524,1.07545,1.50,1.00
2017.05.18 02:30:14.857,1.07523,1.07545,2.25,1.00
2017.05.18 02:30:16.021,1.07523,1.07543,1.00,1.00
2017.05.18 02:30:17.080,1.07522,1.07543,1.87,1.00
2017.05.18 02:30:17.430,1.07525,1.07542,1.00,1.00
2017.05.18 02:30:17.532,1.07523,1.07543,1.50,1.00
2017.05.18 02:30:18.123,1.07522,1.07543,4.12,1.00
2017.05.18 02:30:18.174,1.07525,1.07546,1.50,1.00
2017.05.18 02:30:18.327,1.07525,1.07548,2.81,1.50
2017.05.18 02:30:18.910,1.07526,1.07549,2.25,1.00
2017.05.18 02:30:19.418,1.07527,1.0755,1.00,1.00
2017.05.18 02:30:19.919,1.07527,1.07549,1.00,1.50
2017.05.18 02:30:19.971,1.07525,1.07549,2.62,1.00
2017.05.18 02:30:20.225,1.07524,1.07545,2.62,1.00
2017.05.18 02:30:20.645,1.07523,1.07543,1.50,1.00
2017.05.18 02:30:21.147,1.07523,1.07544,1.50,1.00
2017.05.18 02:30:21.648,1.07523,1.07545,4.50,1.00
2017.05.18 02:30:22.176,1.07523,1.07546,3.75,1.50
2017.05.18 02:30:22.694,1.07526,1.07547,1.12,1.50
2017.05.18 02:30:23.314,1.07524,1.07546,3.00,1.00
2017.05.18 02:30:31.866,1.07523,1.07545,1.07,1.00
2017.05.18 02:30:31.917,1.0752,1.07542,1.50,1.00
2017.05.18 02:30:31.968,1.07518,1.0754,1.50,1.12
2017.05.18 02:30:32.274,1.07521,1.07544,2.25,1.50
2017.05.18 02:30:32.554,1.07523,1.07544,1.00,1.00
2017.05.18 02:30:33.063,1.07523,1.07543,1.00,1.00
2017.05.18 02:30:33.217,1.07522,1.07545,1.12,1.50
2017.05.18 02:30:33.764,1.07522,1.07546,1.37,2.25
2017.05.18 02:30:35.564,1.07522,1.07545,1.00,1.00
2017.05.18 02:30:36.087,1.07523,1.07545,1.50,1.00
2017.05.18 02:30:41.685,1.07523,1.07546,1.50,1.00
2017.05.18 02:30:41.888,1.07525,1.07547,1.00,2.62
2017.05.18 02:30:42.437,1.07526,1.07546,1.00,1.00
2017.05.18 02:30:44.493,1.07526,1.07547,1.00,1.50
2017.05.18 02:30:45.104,1.07526,1.07546,1.00,1.00
2017.05.18 02:30:45.763,1.07526,1.07545,1.00,1.00
2017.05.18 02:30:46.626,1.07526,1.07546,1.00,1.00
2017.05.18 02:30:47.207,1.07527,1.07545,1.00,1.50
2017.05.18 02:30:50.378,1.07527,1.07546,1.00,1.50
2017.05.18 02:30:50.906,1.07527,1.07545,1.00,1.00
2017.05.18 02:30:51.506,1.07527,1.07546,1.00,1.50
2017.05.18 02:30:52.478,1.07527,1.07545,1.00,1.00
2017.05.18 02:30:53.618,1.07527,1.07546,1.00,1.50
2017.05.18 02:30:53.771,1.07527,1.07548,1.50,2.25
2017.05.18 02:30:53.923,1.07528,1.0755,1.12,1.00
2017.05.18 02:30:54.452,1.07529,1.0755,1.00,1.12
2017.05.18 02:30:55.906,1.07529,1.07548,1.50,1.00
2017.05.18 02:30:56.516,1.07529,1.07549,1.50,1.00
2017.05.18 02:30:58.167,1.07529,1.07548,1.50,1.00
2017.05.18 02:30:59.370,1.0753,1.0755,1.00,1.12
2017.05.18 02:30:59.472,1.0753,1.07552,1.12,1.00
2017.05.18 02:30:59.624,1.07532,1.07552,1.00,1.00
2017.05.18 02:31:02.427,1.07531,1.07552,1.00,1.00
2017.05.18 02:31:03.563,1.0753,1.07552,1.87,1.00
2017.05.18 02:31:04.064,1.0753,1.07552,1.87,1.00
2017.05.18 02:31:05.428,1.0753,1.07552,1.87,1.50
2017.05.18 02:31:05.732,1.0753,1.0755,1.12,1.50
2017.05.18 02:31:09.696,1.07527,1.0755,1.87,1.00
2017.05.18 02:31:10.349,1.07527,1.07549,1.87,1.00
2017.05.18 02:31:10.885,1.07528,1.0755,1.00,1.50
2017.05.18 02:31:11.558,1.07528,1.07549,1.00,1.00
2017.05.18 02:31:12.134,1.07527,1.07549,1.87,1.00
2017.05.18 02:31:12.677,1.07528,1.07549,1.00,1.00
2017.05.18 02:31:13.356,1.07528,1.0755,1.00,2.25
2017.05.18 02:31:14.890,1.07528,1.0755,1.37,2.25
2017.05.18 02:31:24.100,1.0753,1.0755,1.00,1.50
2017.05.18 02:31:24.715,1.07529,1.0755,1.87,1.50
2017.05.18 02:31:27.709,1.07529,1.07548,1.12,1.00
2017.05.18 02:31:28.240,1.07529,1.07549,1.00,1.00
2017.05.18 02:31:29.837,1.07529,1.07546,1.00,1.00
2017.05.18 02:31:30.339,1.07524,1.07541,1.50,1.00
2017.05.18 02:31:30.559,1.07517,1.07535,1.00,1.00
2017.05.18 02:31:30.611,1.07515,1.07531,1.00,1.00
2017.05.18 02:31:31.318,1.07518,1.07534,1.00,1.00
2017.05.18 02:31:31.836,1.07517,1.07533,1.50,1.00
2017.05.18 02:31:32.366,1.07517,1.07536,2.25,1.00
2017.05.18 02:31:34.152,1.07517,1.07537,1.50,1.12
2017.05.18 02:31:34.686,1.07518,1.07537,1.00,1.12
2017.05.18 02:31:35.388,1.07517,1.07539,1.00,1.87
2017.05.18 02:31:35.844,1.07519,1.07536,1.00,1.12
2017.05.18 02:31:36.468,1.07518,1.07536,1.00,1.12
2017.05.18 02:31:36.978,1.07519,1.07536,1.00,1.12
2017.05.18 02:31:38.938,1.07518,1.07536,1.00,1.00
2017.05.18 02:31:43.102,1.07517,1.07536,1.50,1.50
2017.05.18 02:31:43.406,1.07519,1.07538,1.00,1.12
2017.05.18 02:31:43.610,1.07517,1.07539,1.00,4.87
2017.05.18 02:31:44.203,1.07518,1.07539,1.50,2.62
2017.05.18 02:31:44.926,1.07518,1.0754,2.25,1.37
2017.05.18 02:31:45.466,1.07518,1.07541,2.25,3.75
2017.05.18 02:31:46.020,1.07519,1.07541,1.00,2.25
2017.05.18 02:31:46.461,1.07521,1.07542,1.00,1.50
2017.05.18 02:31:46.979,1.07521,1.07543,1.50,1.50
2017.05.18 02:31:47.032,1.0752,1.07539,1.00,1.31
2017.05.18 02:31:47.339,1.0752,1.07539,1.00,2.25
2017.05.18 02:31:47.542,1.07521,1.0754,1.00,2.25
2017.05.18 02:31:48.108,1.07518,1.07538,2.25,1.00
2017.05.18 02:31:48.159,1.0752,1.07538,1.00,1.00
2017.05.18 02:31:48.516,1.07522,1.0754,1.00,1.00
2017.05.18 02:31:49.022,1.07523,1.0754,1.00,1.00
2017.05.18 02:31:49.986,1.07522,1.0754,1.00,2.25
2017.05.18 02:31:50.037,1.0752,1.07539,1.00,1.50
2017.05.18 02:31:50.088,1.07518,1.07539,1.25,2.25
2017.05.18 02:31:51.548,1.07519,1.0754,1.00,4.50
2017.05.18 02:31:53.034,1.07518,1.07538,1.50,1.50
2017.05.18 02:31:53.515,1.0752,1.07539,1.00,2.25
2017.05.18 02:31:55.080,1.07518,1.07539,1.50,2.25
2017.05.18 02:31:55.589,1.07517,1.07538,1.00,3.75
2017.05.18 02:31:56.096,1.07516,1.07537,1.50,1.12
2017.05.18 02:31:56.306,1.07516,1.07535,1.50,1.00
2017.05.18 02:31:56.537,1.07513,1.07534,1.50,1.00
2017.05.18 02:31:56.590,1.07511,1.07532,1.00,1.00
2017.05.18 02:31:56.921,1.07509,1.07528,1.00,1.50
2017.05.18 02:31:57.475,1.07508,1.07527,1.50,1.50
2017.05.18 02:31:57.768,1.07506,1.07527,1.00,1.50
2017.05.18 02:31:58.318,1.07507,1.07527,1.00,2.25
2017.05.18 02:31:58.842,1.07506,1.07527,1.00,1.00
2017.05.18 02:31:59.265,1.07506,1.07525,1.00,1.00
2017.05.18 02:31:59.570,1.07505,1.07523,1.50,1.00
2017.05.18 02:31:59.621,1.07505,1.07525,1.50,1.12
2017.05.18 02:32:00.158,1.07506,1.07527,1.00,1.50
2017.05.18 02:32:00.413,1.07509,1.0753,1.00,4.31
2017.05.18 02:32:00.937,1.07509,1.0753,1.50,4.12
2017.05.18 02:32:01.244,1.07512,1.07529,1.00,1.50
2017.05.18 02:32:01.295,1.07512,1.07531,1.00,1.00
2017.05.18 02:32:01.448,1.07514,1.07533,1.00,1.37
2017.05.18 02:32:01.499,1.07514,1.07534,1.00,3.00
2017.05.18 02:32:02.007,1.07515,1.07534,1.50,1.50
2017.05.18 02:32:02.520,1.07516,1.07537,1.00,3.37
2017.05.18 02:32:03.174,1.07516,1.07536,1.00,1.50
2017.05.18 02:32:03.745,1.07515,1.07537,1.50,1.12
2017.05.18 02:32:04.446,1.07515,1.07536,1.50,1.00
2017.05.18 02:32:05.866,1.07515,1.07537,1.50,1.12
2017.05.18 02:32:06.406,1.07515,1.07536,1.50,1.00
2017.05.18 02:32:07.959,1.07515,1.07537,1.50,1.12
2017.05.18 02:32:08.468,1.07515,1.07536,1.50,1.00
2017.05.18 02:32:09.025,1.07515,1.07537,1.50,1.12
2017.05.18 02:32:09.839,1.07515,1.07536,1.50,1.00
2017.05.18 02:32:10.218,1.07515,1.07534,1.50,1.00
2017.05.18 02:32:10.840,1.07516,1.07535,1.50,1.00
2017.05.18 02:32:11.789,1.07517,1.07535,1.00,1.00
2017.05.18 02:32:13.591,1.07518,1.07535,1.00,1.31
2017.05.18 02:32:13.896,1.07518,1.07535,1.00,1.75
2017.05.18 02:32:14.106,1.07515,1.07536,1.00,3.00
2017.05.18 02:32:15.336,1.07515,1.07537,1.00,4.35
2017.05.18 02:32:19.325,1.07516,1.07536,1.00,2.06
2017.05.18 02:32:20.024,1.07515,1.07535,1.00,1.00
2017.05.18 02:32:21.315,1.07516,1.07535,1.00,1.00
2017.05.18 02:32:21.945,1.07515,1.07535,1.00,1.00
2017.05.18 02:32:24.417,1.07515,1.07534,1.00,1.00
2017.05.18 02:32:24.980,1.07514,1.07534,1.69,1.00
2017.05.18 02:32:25.487,1.07514,1.07533,1.00,1.00
2017.05.18 02:32:26.183,1.07513,1.07534,1.50,1.87
2017.05.18 02:32:26.235,1.07515,1.07534,1.00,1.50
2017.05.18 02:32:26.336,1.07515,1.07537,1.00,3.00
2017.05.18 02:32:26.956,1.07515,1.07536,1.00,1.00
2017.05.18 02:32:27.609,1.07515,1.07537,1.00,3.00
2017.05.18 02:32:28.307,1.07515,1.07536,1.00,1.00
2017.05.18 02:32:29.062,1.07515,1.07537,1.00,3.00
2017.05.18 02:32:30.356,1.07515,1.07536,1.00,1.00
2017.05.18 02:32:30.982,1.07515,1.07537,1.00,1.50
2017.05.18 02:32:34.622,1.07511,1.07529,1.19,1.00
2017.05.18 02:32:34.775,1.07509,1.07529,1.50,1.50
2017.05.18 02:32:34.826,1.07509,1.0753,1.00,2.62
2017.05.18 02:32:35.278,1.0751,1.07528,1.00,1.00
2017.05.18 02:32:35.838,1.0751,1.07529,1.00,2.25
2017.05.18 02:32:35.940,1.07508,1.07529,1.69,1.50
2017.05.18 02:32:35.991,1.07506,1.07527,1.19,1.50
2017.05.18 02:32:36.043,1.07505,1.07526,2.25,1.37
2017.05.18 02:32:36.215,1.07505,1.07526,1.50,1.12
2017.05.18 02:32:36.726,1.07505,1.07523,1.50,2.25
2017.05.18 02:32:36.828,1.07506,1.07522,1.00,1.00
2017.05.18 02:32:36.930,1.07506,1.07521,1.00,1.50
2017.05.18 02:32:37.032,1.07505,1.07522,1.00,1.50
2017.05.18 02:32:37.134,1.07503,1.07522,1.00,1.75
2017.05.18 02:32:37.635,1.07502,1.07519,1.00,1.37
2017.05.18 02:32:38.359,1.075,1.07519,1.50,1.37
2017.05.18 02:32:38.896,1.07501,1.07519,1.00,1.37
2017.05.18 02:32:39.099,1.07499,1.07518,1.00,1.37
2017.05.18 02:32:39.606,1.075,1.07518,1.00,1.37
2017.05.18 02:32:41.029,1.07499,1.07518,1.00,1.37
2017.05.18 02:32:41.293,1.07497,1.07517,1.50,1.00
2017.05.18 02:32:41.395,1.07496,1.07515,1.00,1.00
2017.05.18 02:32:42.219,1.07496,1.07514,1.00,1.00
2017.05.18 02:32:42.422,1.07494,1.07513,1.00,1.50
2017.05.18 02:32:42.968,1.07495,1.07512,1.00,1.50
2017.05.18 02:32:43.523,1.07494,1.07512,1.00,1.00
2017.05.18 02:32:44.329,1.07495,1.07513,1.00,1.00
2017.05.18 02:32:44.561,1.07494,1.07511,1.00,1.37
2017.05.18 02:32:44.613,1.07492,1.07511,1.00,1.37
2017.05.18 02:32:44.666,1.07492,1.07508,1.00,1.75
2017.05.18 02:32:44.768,1.0749,1.07508,1.00,1.75
2017.05.18 02:32:45.276,1.0749,1.07508,1.00,1.50
2017.05.18 02:32:45.479,1.07488,1.07507,1.00,1.37
2017.05.18 02:32:45.720,1.07486,1.07507,1.00,1.37
2017.05.18 02:32:46.258,1.07485,1.07507,1.50,1.37
2017.05.18 02:32:46.730,1.0749,1.0751,1.00,1.75
2017.05.18 02:32:46.832,1.07488,1.0751,1.00,1.87
2017.05.18 02:32:46.935,1.0749,1.07511,1.00,1.87
2017.05.18 02:32:47.037,1.07491,1.07512,1.00,1.00
2017.05.18 02:32:47.191,1.07493,1.07512,1.00,1.50
2017.05.18 02:32:47.242,1.07492,1.07514,1.00,1.87
2017.05.18 02:32:47.344,1.0749,1.07513,1.00,1.87
2017.05.18 02:32:47.599,1.07491,1.07511,1.00,2.25
2017.05.18 02:32:47.905,1.07488,1.07508,1.00,1.50
2017.05.18 02:32:48.452,1.07489,1.07508,1.00,1.00
2017.05.18 02:32:48.968,1.07489,1.07509,1.00,3.00
2017.05.18 02:32:49.364,1.07489,1.07505,1.00,1.00
2017.05.18 02:32:49.466,1.07489,1.07508,1.00,1.50
2017.05.18 02:32:49.948,1.0749,1.07508,1.00,1.12
2017.05.18 02:32:50.141,1.07492,1.07512,1.00,1.50
2017.05.18 02:32:50.293,1.07489,1.07512,1.00,1.00
2017.05.18 02:32:50.547,1.0749,1.07514,1.00,2.25
2017.05.18 02:32:50.801,1.0749,1.07512,1.00,1.00
2017.05.18 02:32:51.471,1.0749,1.07511,1.00,1.00
2017.05.18 02:32:52.327,1.07491,1.07511,1.00,1.00
2017.05.18 02:32:53.591,1.07491,1.07512,1.00,1.00
2017.05.18 02:32:53.844,1.07491,1.07514,1.00,1.00
2017.05.18 02:32:54.152,1.0749,1.07512,1.00,1.00
2017.05.18 02:32:55.889,1.07489,1.07511,1.00,1.00
2017.05.18 02:32:56.397,1.07488,1.07511,1.00,1.00
2017.05.18 02:32:56.703,1.07486,1.07508,1.00,1.50
2017.05.18 02:32:59.455,1.07485,1.07509,2.25,2.25
2017.05.18 02:32:59.976,1.07486,1.07509,1.00,3.00
2017.05.18 02:33:01.096,1.07486,1.07509,1.15,2.25
2017.05.18 02:33:01.477,1.07486,1.07503,1.15,1.00
2017.05.18 02:33:01.528,1.07485,1.07503,1.00,1.00
2017.05.18 02:33:02.150,1.07485,1.07506,1.50,1.00
2017.05.18 02:33:02.556,1.07485,1.07507,1.87,1.00
2017.05.18 02:33:03.086,1.07486,1.07508,1.50,1.00
2017.05.18 02:33:03.593,1.07486,1.07507,1.12,1.12
2017.05.18 02:33:04.421,1.07486,1.07507,1.50,1.37
2017.05.18 02:33:04.983,1.07485,1.07507,1.00,1.50
2017.05.18 02:33:05.805,1.07486,1.07508,1.00,2.25
2017.05.18 02:33:07.657,1.07484,1.07506,1.00,1.00
2017.05.18 02:33:07.712,1.07485,1.07508,1.00,1.12
2017.05.18 02:33:07.763,1.07487,1.07508,1.00,1.12
2017.05.18 02:33:08.068,1.07486,1.07505,1.00,1.00
2017.05.18 02:33:08.374,1.07485,1.07505,1.00,1.37
2017.05.18 02:33:08.476,1.07485,1.07505,1.50,1.00
2017.05.18 02:33:08.941,1.07487,1.07506,1.00,1.87
2017.05.18 02:33:09.398,1.07487,1.07504,1.00,1.00
2017.05.18 02:33:09.603,1.07486,1.07507,1.50,1.87
2017.05.18 02:33:10.177,1.07488,1.07505,1.00,1.00
2017.05.18 02:33:10.228,1.07486,1.07506,1.50,1.87
2017.05.18 02:33:10.817,1.07487,1.07507,1.00,1.37
2017.05.18 02:33:12.217,1.07486,1.07506,1.00,1.00
2017.05.18 02:33:12.605,1.07484,1.07503,1.50,1.00
2017.05.18 02:33:12.961,1.07484,1.07505,2.25,1.12
2017.05.18 02:33:13.500,1.07485,1.07504,1.50,1.50
2017.05.18 02:33:14.070,1.07503,1.07523,1.87,1.00
2017.05.18 02:33:14.122,1.07504,1.07526,1.00,1.00
2017.05.18 02:33:14.427,1.07506,1.07528,1.12,2.25
2017.05.18 02:33:14.976,1.07505,1.07526,1.37,1.00
2017.05.18 02:33:15.323,1.07503,1.07524,1.00,1.00
2017.05.18 02:33:15.374,1.07507,1.07526,1.00,1.12
2017.05.18 02:33:15.934,1.07507,1.07527,1.12,1.00
2017.05.18 02:33:16.457,1.07507,1.07528,1.00,1.00
2017.05.18 02:33:17.036,1.07507,1.07529,1.00,1.50
2017.05.18 02:33:17.977,1.07508,1.07529,1.00,2.25
2017.05.18 02:33:19.139,1.07508,1.07527,1.12,1.00
2017.05.18 02:33:19.715,1.07508,1.07528,1.12,1.00
2017.05.18 02:33:20.586,1.07508,1.07527,1.12,1.00
2017.05.18 02:33:21.542,1.07504,1.07519,1.50,1.50
2017.05.18 02:33:21.644,1.07506,1.07524,1.00,2.62
2017.05.18 02:33:21.748,1.07504,1.07525,2.25,1.12
2017.05.18 02:33:21.799,1.07506,1.07528,1.75,1.00
2017.05.18 02:33:21.851,1.07507,1.07528,1.00,1.00
2017.05.18 02:33:22.054,1.07507,1.07526,1.00,1.00
2017.05.18 02:33:22.577,1.07506,1.07528,1.50,3.00
2017.05.18 02:33:24.038,1.07506,1.07528,1.87,3.75
2017.05.18 02:33:24.605,1.07506,1.07528,1.87,3.75
2017.05.18 02:33:25.363,1.07506,1.07526,1.00,1.00
2017.05.18 02:33:25.567,1.07506,1.07528,1.12,1.00
2017.05.18 02:33:25.719,1.07507,1.07526,1.00,1.00
2017.05.18 02:33:26.335,1.07506,1.07527,1.00,1.00
2017.05.18 02:33:26.517,1.07506,1.07529,1.00,3.75
2017.05.18 02:33:26.872,1.07507,1.07527,1.12,1.00
2017.05.18 02:33:28.258,1.07504,1.07521,1.50,1.50
2017.05.18 02:33:28.360,1.07504,1.07524,1.00,1.00
2017.05.18 02:33:28.869,1.07502,1.07524,1.19,1.00
2017.05.18 02:33:29.123,1.07501,1.07522,1.39,1.00
2017.05.18 02:33:29.649,1.07499,1.07521,1.46,1.50
2017.05.18 02:33:29.954,1.07496,1.07516,1.15,1.00
2017.05.18 02:33:30.056,1.07496,1.07516,1.15,1.00
2017.05.18 02:33:30.575,1.07496,1.07517,1.20,1.00
2017.05.18 02:33:31.105,1.07507,1.07521,1.00,1.37
2017.05.18 02:33:31.157,1.07505,1.07527,1.00,1.37
2017.05.18 02:33:31.208,1.07512,1.07527,1.15,1.37
2017.05.18 02:33:31.310,1.07512,1.07532,1.15,1.00
2017.05.18 02:33:31.362,1.07513,1.07535,1.15,1.50
2017.05.18 02:33:31.887,1.07515,1.07535,1.00,2.25
2017.05.18 02:33:32.715,1.07514,1.07535,1.00,1.00
2017.05.18 02:33:33.256,1.07514,1.07536,1.00,3.75
2017.05.18 02:33:33.765,1.07515,1.07535,1.00,1.50
2017.05.18 02:33:33.968,1.07514,1.07533,1.00,1.00
2017.05.18 02:33:34.122,1.07514,1.07535,1.50,4.50
2017.05.18 02:33:34.867,1.07514,1.07534,1.50,1.50
2017.05.18 02:33:35.435,1.07515,1.07534,1.00,1.50
2017.05.18 02:33:35.598,1.07513,1.07533,1.00,1.00
2017.05.18 02:33:36.154,1.07514,1.07533,1.00,1.00
2017.05.18 02:33:36.927,1.07514,1.07531,1.00,1.00
2017.05.18 02:33:37.698,1.07513,1.07531,1.00,1.50
2017.05.18 02:33:40.592,1.07513,1.07532,1.00,1.50
2017.05.18 02:33:41.103,1.07513,1.07531,1.00,1.00
2017.05.18 02:33:41.618,1.07514,1.0753,1.00,1.00
2017.05.18 02:33:42.260,1.07513,1.0753,1.00,1.00
2017.05.18 02:33:42.833,1.07514,1.0753,1.00,1.00
2017.05.18 02:33:43.463,1.07513,1.0753,1.00,1.50
2017.05.18 02:33:43.828,1.07514,1.07532,1.00,1.00
2017.05.18 02:33:44.895,1.07514,1.07531,1.00,1.00
2017.05.18 02:33:45.496,1.07513,1.0753,1.50,1.00
2017.05.18 02:33:46.041,1.07513,1.07531,1.50,1.00
2017.05.18 02:33:46.923,1.07513,1.0753,1.50,1.00
2017.05.18 02:33:48.345,1.07513,1.07531,1.50,1.00
2017.05.18 02:33:48.882,1.07514,1.0753,1.00,1.00
2017.05.18 02:33:49.389,1.07513,1.0753,1.50,1.00
2017.05.18 02:33:49.998,1.07512,1.07531,1.50,1.00
2017.05.18 02:33:50.563,1.07512,1.0753,1.50,1.00
2017.05.18 02:33:51.352,1.07512,1.07529,2.25,3.00
2017.05.18 02:33:51.405,1.07512,1.07527,2.25,1.00
2017.05.18 02:33:51.456,1.07511,1.07531,2.25,1.00
2017.05.18 02:33:51.508,1.07513,1.07531,1.00,1.00
2017.05.18 02:33:51.813,1.07513,1.07529,1.00,1.00
2017.05.18 02:33:52.028,1.07508,1.07529,1.00,1.00
2017.05.18 02:33:52.232,1.07512,1.07527,1.00,1.00
2017.05.18 02:33:52.738,1.07513,1.07528,1.00,1.00
2017.05.18 02:33:53.039,1.07513,1.07531,1.00,1.00
2017.05.18 02:33:53.141,1.07513,1.07533,1.00,1.00
2017.05.18 02:33:53.664,1.07514,1.07533,1.00,1.00
2017.05.18 02:33:54.168,1.07513,1.07533,1.00,1.00
2017.05.18 02:33:54.362,1.07513,1.0753,1.00,1.00
2017.05.18 02:33:54.895,1.07514,1.0753,1.00,1.00
2017.05.18 02:33:55.506,1.07513,1.0753,1.00,1.00
2017.05.18 02:33:56.222,1.07513,1.07531,1.00,1.00
2017.05.18 02:33:56.727,1.07513,1.0753,1.00,1.00
2017.05.18 02:33:57.485,1.07513,1.07531,1.00,1.00
2017.05.18 02:33:58.106,1.07514,1.07531,1.00,1.00
2017.05.18 02:33:58.647,1.07514,1.0753,1.00,1.00
2017.05.18 02:33:59.647,1.07514,1.07531,1.00,1.00
2017.05.18 02:34:00.148,1.07513,1.0753,1.00,1.00
2017.05.18 02:34:00.794,1.07513,1.07531,1.00,1.00
2017.05.18 02:34:01.910,1.07513,1.0753,1.00,1.00
2017.05.18 02:34:03.044,1.07514,1.0753,1.00,1.00
2017.05.18 02:34:03.595,1.07514,1.07531,1.00,1.00
2017.05.18 02:34:04.286,1.07514,1.0753,1.00,1.00
2017.05.18 02:34:05.742,1.07514,1.07531,1.00,1.00
2017.05.18 02:34:06.293,1.07514,1.0753,1.00,1.00
2017.05.18 02:34:07.786,1.07514,1.07531,1.00,1.00
2017.05.18 02:34:08.493,1.07514,1.07532,1.00,1.50
2017.05.18 02:34:09.044,1.07515,1.07531,1.00,1.00
2017.05.18 02:34:10.155,1.07515,1.07532,1.00,1.00
2017.05.18 02:34:10.906,1.07515,1.07531,1.00,1.00
2017.05.18 02:34:11.816,1.07515,1.07532,1.00,1.00
2017.05.18 02:34:12.353,1.07515,1.07531,1.00,1.00
2017.05.18 02:34:12.891,1.07514,1.07531,1.50,1.00
2017.05.18 02:34:13.940,1.07514,1.07532,1.50,1.00
2017.05.18 02:34:15.231,1.07514,1.07531,1.50,1.00
2017.05.18 02:34:15.965,1.07514,1.07532,1.50,1.00
2017.05.18 02:34:16.480,1.07514,1.07531,1.50,1.00
2017.05.18 02:34:16.992,1.07514,1.07532,1.50,1.00
2017.05.18 02:34:18.234,1.07514,1.07531,1.50,1.00
2017.05.18 02:34:18.790,1.07514,1.07532,1.00,1.00
2017.05.18 02:34:19.502,1.07514,1.07531,1.00,1.00
2017.05.18 02:34:20.036,1.07514,1.07532,1.50,1.00
2017.05.18 02:34:21.576,1.07515,1.07532,1.00,1.00
2017.05.18 02:34:22.944,1.07515,1.07531,1.00,1.00
2017.05.18 02:34:23.938,1.07515,1.07532,1.00,1.00
2017.05.18 02:34:24.498,1.07515,1.07533,1.00,1.00
2017.05.18 02:34:25.157,1.07515,1.07532,1.00,1.00
2017.05.18 02:34:25.668,1.07514,1.07533,1.00,1.00
2017.05.18 02:34:26.206,1.07515,1.07532,1.00,1.00
2017.05.18 02:34:26.774,1.07515,1.07533,1.00,1.00
2017.05.18 02:34:27.467,1.07515,1.07532,1.00,1.00
2017.05.18 02:34:28.126,1.07515,1.07533,1.00,1.00
2017.05.18 02:34:28.906,1.07515,1.07532,1.00,1.00
2017.05.18 02:34:29.961,1.07515,1.07533,1.00,1.50
2017.05.18 02:34:31.276,1.07515,1.07532,1.00,1.00
2017.05.18 02:34:31.834,1.07515,1.07531,1.00,1.00
2017.05.18 02:34:33.131,1.07515,1.07532,1.00,1.00
2017.05.18 02:34:33.725,1.07515,1.07533,1.00,1.50
2017.05.18 02:34:34.545,1.07515,1.07532,1.00,1.00
2017.05.18 02:34:35.107,1.07515,1.07533,1.00,1.50
2017.05.18 02:34:35.964,1.07515,1.07532,1.00,1.00
2017.05.18 02:34:38.546,1.07515,1.07533,1.00,1.50
2017.05.18 02:34:40.803,1.07515,1.07532,1.00,1.00
2017.05.18 02:34:42.215,1.07515,1.07533,1.00,1.00
2017.05.18 02:34:42.737,1.07516,1.07534,1.00,1.00
2017.05.18 02:34:42.839,1.07516,1.07536,1.00,1.00
2017.05.18 02:34:43.947,1.07516,1.07534,1.00,1.50
2017.05.18 02:34:44.261,1.07514,1.07528,1.00,1.00
2017.05.18 02:34:44.764,1.07514,1.07529,1.00,1.00
2017.05.18 02:34:45.074,1.07514,1.07531,1.00,1.00
2017.05.18 02:34:45.595,1.07513,1.07531,1.50,1.00
2017.05.18 02:34:46.384,1.07514,1.07531,1.50,1.00
2017.05.18 02:34:46.907,1.07514,1.0753,1.50,1.00
2017.05.18 02:34:46.958,1.07514,1.07528,1.00,1.00
2017.05.18 02:34:47.111,1.07514,1.07531,1.00,1.87
2017.05.18 02:34:47.758,1.07514,1.0753,1.50,1.00
2017.05.18 02:34:47.967,1.07514,1.07534,1.50,1.00
2017.05.18 02:34:48.605,1.07515,1.07533,1.00,1.00
2017.05.18 02:34:49.326,1.07515,1.07534,1.00,1.00
2017.05.18 02:34:50.031,1.07515,1.0753,1.00,1.00
2017.05.18 02:34:50.133,1.07514,1.07533,1.00,1.00
2017.05.18 02:34:50.185,1.07515,1.07535,1.00,3.75
2017.05.18 02:34:50.694,1.07514,1.07534,1.00,1.00
2017.05.18 02:34:51.941,1.07514,1.07529,1.00,1.00
2017.05.18 02:34:52.255,1.07514,1.07527,1.00,1.00
2017.05.18 02:34:52.408,1.07514,1.0753,1.00,4.12
2017.05.18 02:34:52.912,1.07513,1.0753,1.00,1.12
2017.05.18 02:34:53.425,1.07513,1.07529,1.00,1.00
2017.05.18 02:34:53.991,1.07514,1.07529,1.00,1.00
2017.05.18 02:34:55.081,1.07514,1.0753,1.00,1.50
2017.05.18 02:34:55.627,1.07515,1.07533,1.00,1.00
2017.05.18 02:34:55.982,1.07514,1.07531,1.50,1.00
2017.05.18 02:34:56.565,1.07515,1.07532,1.00,1.00
2017.05.18 02:34:57.107,1.07514,1.07533,1.50,1.00
2017.05.18 02:34:57.647,1.07514,1.07534,1.00,3.00
2017.05.18 02:34:58.244,1.07513,1.07534,1.00,1.50
2017.05.18 02:34:59.250,1.07514,1.07534,1.00,2.25
2017.05.18 02:34:59.778,1.07513,1.07534,1.00,2.25
2017.05.18 02:35:00.314,1.07513,1.07533,1.00,1.00
2017.05.18 02:35:02.714,1.07513,1.07532,1.00,1.00
2017.05.18 02:35:03.221,1.07514,1.07532,1.00,1.00
2017.05.18 02:35:03.914,1.07514,1.07533,1.00,2.25
2017.05.18 02:35:04.505,1.07514,1.07532,1.00,1.00
2017.05.18 02:35:04.843,1.07513,1.0753,1.00,1.00
2017.05.18 02:35:04.945,1.07514,1.07533,1.00,1.50
2017.05.18 02:35:05.143,1.07515,1.07533,1.37,1.00
2017.05.18 02:35:05.194,1.07514,1.07534,1.87,1.50
2017.05.18 02:35:05.246,1.07515,1.07534,1.75,1.50
2017.05.18 02:35:05.348,1.07516,1.07534,1.00,1.00
2017.05.18 02:35:05.857,1.07515,1.07534,1.12,1.00
2017.05.18 02:35:06.515,1.07515,1.07533,1.12,1.00
2017.05.18 02:35:06.976,1.07514,1.07531,1.50,1.00
2017.05.18 02:35:07.280,1.07514,1.07529,1.00,1.00
2017.05.18 02:35:07.484,1.07513,1.07531,1.50,1.00
2017.05.18 02:35:08.029,1.07514,1.07531,1.00,1.50
2017.05.18 02:35:08.537,1.07513,1.07532,1.50,1.00
2017.05.18 02:35:08.940,1.07514,1.07534,1.50,2.25
2017.05.18 02:35:09.244,1.07513,1.07532,1.00,1.00
2017.05.18 02:35:09.602,1.07514,1.0753,1.00,1.00
2017.05.18 02:35:10.215,1.07513,1.0753,1.00,1.00
2017.05.18 02:35:10.939,1.07513,1.07531,1.00,1.00
2017.05.18 02:35:11.142,1.07513,1.07534,1.00,3.00
2017.05.18 02:35:11.244,1.07514,1.07532,1.50,1.00
2017.05.18 02:35:11.848,1.07514,1.07531,1.00,1.00
2017.05.18 02:35:12.732,1.07513,1.07531,1.50,1.00
2017.05.18 02:35:13.264,1.07514,1.07531,1.00,1.00
2017.05.18 02:35:13.825,1.07513,1.07531,1.00,1.00
2017.05.18 02:35:14.544,1.07513,1.07529,1.00,1.00
2017.05.18 02:35:15.115,1.07513,1.07531,1.00,1.00
2017.05.18 02:35:15.439,1.07513,1.07533,1.87,1.00
2017.05.18 02:35:15.745,1.07514,1.0753,1.00,1.00
2017.05.18 02:35:16.265,1.07513,1.0753,1.50,1.00
2017.05.18 02:35:16.793,1.07514,1.07531,1.00,1.00
2017.05.18 02:35:17.339,1.07514,1.0753,1.00,1.00
2017.05.18 02:35:18.048,1.07513,1.0753,1.00,1.00
2017.05.18 02:35:18.411,1.07514,1.07532,1.37,1.00
2017.05.18 02:35:18.919,1.07514,1.07533,1.37,1.00
2017.05.18 02:35:22.460,1.07511,1.07532,1.75,1.00
2017.05.18 02:35:22.562,1.0751,1.0753,1.00,1.00
2017.05.18 02:35:22.613,1.07508,1.07528,1.37,1.50
2017.05.18 02:35:22.918,1.07506,1.07526,1.37,1.50
2017.05.18 02:35:23.427,1.07506,1.07525,1.37,1.00
2017.05.18 02:35:24.157,1.07506,1.07525,1.00,1.00
2017.05.18 02:35:24.627,1.07513,1.07525,1.00,1.00
2017.05.18 02:35:24.678,1.07516,1.07531,1.00,1.12
2017.05.18 02:35:24.780,1.07522,1.0754,4.27,1.75
2017.05.18 02:35:24.933,1.07529,1.07542,1.00,1.00
2017.05.18 02:35:25.463,1.07525,1.07541,1.75,1.00
2017.05.18 02:35:26.234,1.07524,1.07541,1.50,1.00
2017.05.18 02:35:26.721,1.07524,1.07541,1.00,1.00
2017.05.18 02:35:26.823,1.07524,1.07539,1.00,1.00
2017.05.18 02:35:27.178,1.07533,1.07542,1.00,1.00
2017.05.18 02:35:27.229,1.07533,1.07547,1.00,1.50
2017.05.18 02:35:27.686,1.07535,1.07547,1.00,1.50
2017.05.18 02:35:28.019,1.07536,1.07549,1.00,1.50
2017.05.18 02:35:29.362,1.07537,1.07549,1.37,1.00
2017.05.18 02:35:29.466,1.07534,1.07553,1.00,1.00
2017.05.18 02:35:29.518,1.07537,1.07551,1.00,1.00
2017.05.18 02:35:29.571,1.07534,1.0755,1.00,1.69
2017.05.18 02:35:29.622,1.07534,1.07546,1.00,1.00
2017.05.18 02:35:30.883,1.07534,1.07547,1.00,2.25
2017.05.18 02:35:31.093,1.07532,1.07547,1.00,2.25
2017.05.18 02:35:31.621,1.07533,1.07546,1.00,1.00
2017.05.18 02:35:33.053,1.07531,1.07546,1.00,1.00
2017.05.18 02:35:33.155,1.07533,1.07547,1.00,2.25
2017.05.18 02:35:33.460,1.07531,1.07544,1.00,1.00
2017.05.18 02:35:34.097,1.07531,1.07543,1.00,1.00
2017.05.18 02:35:34.251,1.07531,1.07545,1.00,1.50
2017.05.18 02:35:34.777,1.07531,1.07544,1.00,1.00
2017.05.18 02:35:35.324,1.07532,1.07544,1.00,1.00
2017.05.18 02:35:35.861,1.07532,1.07545,1.00,1.00
2017.05.18 02:35:36.436,1.07531,1.07545,1.00,1.00
2017.05.18 02:35:37.176,1.07531,1.07543,1.00,1.00
2017.05.18 02:35:37.764,1.07532,1.07544,1.00,1.00
2017.05.18 02:35:37.917,1.07533,1.07546,1.00,1.50
2017.05.18 02:35:38.520,1.07533,1.07548,1.00,2.25
2017.05.18 02:35:43.199,1.07533,1.07547,1.00,1.00
2017.05.18 02:35:47.871,1.07531,1.07545,1.00,1.00
2017.05.18 02:35:48.176,1.07528,1.07544,1.00,1.00
2017.05.18 02:35:48.685,1.07529,1.07544,1.00,1.00
2017.05.18 02:35:49.168,1.07527,1.07544,1.00,1.00
2017.05.18 02:35:49.672,1.07528,1.07544,1.00,1.12
2017.05.18 02:35:51.888,1.0753,1.07544,1.00,1.12
2017.05.18 02:35:52.911,1.07528,1.07544,1.00,1.12
2017.05.18 02:35:54.324,1.07527,1.07544,1.00,1.87
2017.05.18 02:35:54.426,1.07526,1.07541,1.00,1.00
2017.05.18 02:35:54.949,1.07525,1.07541,1.12,1.00
2017.05.18 02:35:55.636,1.07525,1.07543,1.12,1.50
2017.05.18 02:35:56.197,1.07527,1.07543,1.00,1.50
2017.05.18 02:35:58.234,1.07528,1.07544,1.00,3.00
2017.05.18 02:35:59.510,1.07528,1.07544,1.00,2.25
2017.05.18 02:36:00.015,1.07527,1.07544,1.00,2.25
2017.05.18 02:36:00.219,1.07529,1.07544,1.00,2.25
2017.05.18 02:36:01.221,1.07528,1.07544,1.00,2.25
2017.05.18 02:36:02.362,1.07529,1.07544,1.00,1.50
2017.05.18 02:36:02.515,1.07527,1.07543,1.00,1.00
2017.05.18 02:36:03.025,1.07528,1.07543,1.00,1.00
2017.05.18 02:36:04.483,1.07528,1.07542,1.00,1.00
2017.05.18 02:36:07.460,1.07529,1.07543,1.00,2.62
2017.05.18 02:36:07.512,1.07527,1.07541,1.00,1.00
2017.05.18 02:36:07.563,1.07527,1.07543,1.00,1.50
2017.05.18 02:36:07.614,1.0753,1.07543,1.00,1.00
2017.05.18 02:36:07.919,1.07529,1.07543,1.00,1.37
2017.05.18 02:36:08.235,1.07531,1.07543,1.00,1.37
2017.05.18 02:36:08.635,1.07531,1.07543,1.00,1.12
2017.05.18 02:36:13.904,1.0753,1.07544,1.00,1.56
2017.05.18 02:36:13.956,1.0753,1.07545,1.00,1.50
2017.05.18 02:36:14.470,1.07531,1.07545,1.00,1.50
2017.05.18 02:36:16.127,1.07531,1.07546,1.00,2.25
2017.05.18 02:36:16.667,1.07531,1.07545,1.00,1.00
2017.05.18 02:36:19.540,1.07531,1.07546,1.00,2.62
2017.05.18 02:36:23.714,1.07531,1.07543,1.00,1.00
2017.05.18 02:36:27.204,1.07528,1.07543,1.00,2.06
2017.05.18 02:36:27.256,1.07528,1.07541,1.00,1.00
2017.05.18 02:36:27.612,1.07526,1.07541,1.00,1.50
2017.05.18 02:36:29.434,1.07526,1.07539,1.00,1.00
2017.05.18 02:36:29.764,1.07528,1.0754,1.00,1.00
2017.05.18 02:36:30.822,1.07527,1.0754,1.00,1.00
2017.05.18 02:36:31.224,1.07525,1.0754,1.00,1.00
2017.05.18 02:36:32.000,1.07526,1.07539,1.00,1.00
2017.05.18 02:36:32.051,1.07527,1.07541,1.00,1.00
2017.05.18 02:36:32.261,1.07529,1.07541,1.00,1.00
2017.05.18 02:36:34.003,1.07528,1.07541,1.00,1.00
2017.05.18 02:36:34.760,1.07528,1.07545,1.00,1.31
2017.05.18 02:36:37.948,1.07525,1.07545,1.00,1.31
2017.05.18 02:36:38.716,1.07525,1.07544,1.00,1.00
2017.05.18 02:36:39.356,1.07526,1.07544,1.00,1.00
2017.05.18 02:36:42.247,1.07526,1.07545,1.00,2.06
2017.05.18 02:36:42.781,1.07527,1.07545,1.00,1.31
2017.05.18 02:36:43.078,1.07527,1.07545,1.00,1.56
2017.05.18 02:36:43.281,1.07525,1.07544,1.00,1.56
2017.05.18 02:36:43.791,1.07525,1.07542,1.00,1.62
2017.05.18 02:36:45.382,1.07525,1.07542,1.00,1.31
2017.05.18 02:36:50.781,1.07526,1.07543,1.00,2.62
2017.05.18 02:36:51.209,1.07524,1.07543,1.50,2.25
2017.05.18 02:36:52.074,1.07525,1.07543,1.00,2.25
2017.05.18 02:36:53.712,1.07526,1.07543,1.00,2.25
2017.05.18 02:36:53.764,1.07526,1.07543,1.00,2.06
2017.05.18 02:36:54.017,1.07528,1.07545,1.00,1.37
2017.05.18 02:37:02.856,1.07527,1.07545,1.00,1.56
2017.05.18 02:37:02.958,1.07527,1.07545,1.00,1.00
2017.05.18 02:37:03.060,1.07525,1.07544,1.00,1.00
2017.05.18 02:37:03.585,1.07526,1.07544,1.00,1.00
2017.05.18 02:37:08.850,1.07526,1.07544,1.00,2.25
2017.05.18 02:37:08.901,1.07528,1.07544,1.00,2.25
2017.05.18 02:37:09.003,1.07526,1.07542,1.00,1.00
2017.05.18 02:37:11.001,1.07526,1.07543,1.00,1.87
2017.05.18 02:37:11.053,1.0753,1.07544,1.00,2.25
2017.05.18 02:37:11.572,1.0753,1.07544,1.00,1.50
2017.05.18 02:37:11.978,1.07528,1.07545,1.00,1.00
2017.05.18 02:37:12.029,1.0753,1.07545,1.00,1.00
2017.05.18 02:37:12.625,1.0753,1.07544,1.00,1.00
2017.05.18 02:37:13.611,1.07529,1.07544,1.00,1.00
2017.05.18 02:37:13.915,1.07528,1.07542,1.00,1.00
2017.05.18 02:37:15.614,1.07528,1.07541,1.00,1.00
2017.05.18 02:37:18.021,1.07528,1.07542,1.00,1.00
2017.05.18 02:37:18.072,1.07526,1.07542,1.00,1.00
2017.05.18 02:37:21.206,1.07525,1.07542,1.00,1.00
2017.05.18 02:37:25.551,1.07525,1.07543,1.00,1.50
2017.05.18 02:37:26.074,1.07524,1.07543,1.00,1.00
2017.05.18 02:37:26.733,1.07525,1.07542,1.00,1.00
2017.05.18 02:37:28.137,1.07525,1.0754,1.00,1.00
2017.05.18 02:37:28.651,1.07524,1.07541,1.00,1.00
2017.05.18 02:37:29.118,1.07526,1.07542,1.00,1.12
2017.05.18 02:37:29.221,1.07527,1.07544,1.00,1.50
2017.05.18 02:37:29.324,1.07525,1.07544,1.00,1.00
2017.05.18 02:37:29.375,1.07527,1.07543,1.00,1.00
2017.05.18 02:37:29.427,1.07525,1.07543,1.00,1.00
2017.05.18 02:37:30.011,1.07526,1.07543,1.00,2.25
2017.05.18 02:37:33.321,1.07526,1.07544,1.00,1.87
2017.05.18 02:37:33.372,1.07524,1.07542,1.50,1.00
2017.05.18 02:37:33.881,1.07525,1.07543,1.00,1.12
2017.05.18 02:37:38.417,1.07525,1.07543,1.00,1.87
2017.05.18 02:37:38.519,1.07524,1.07542,1.00,1.00
2017.05.18 02:37:39.092,1.07525,1.07542,1.00,1.50
2017.05.18 02:37:43.482,1.07526,1.07543,1.00,3.37
2017.05.18 02:37:43.622,1.07526,1.07541,1.00,1.87
2017.05.18 02:37:44.123,1.07525,1.07542,1.00,1.50
2017.05.18 02:37:46.023,1.07525,1.07542,1.00,1.75
2017.05.18 02:37:46.464,1.07525,1.07542,1.00,1.37
2017.05.18 02:37:47.493,1.07526,1.07543,1.00,1.87
2017.05.18 02:37:47.545,1.07526,1.07544,1.00,1.50
2017.05.18 02:37:48.054,1.07526,1.07545,1.00,1.12
2017.05.18 02:37:48.105,1.07528,1.07541,1.00,1.00
2017.05.18 02:37:48.359,1.07527,1.07543,1.00,1.00
2017.05.18 02:37:55.059,1.07527,1.07545,1.00,1.00
2017.05.18 02:37:55.263,1.07527,1.07543,1.00,1.00
2017.05.18 02:37:55.813,1.07526,1.07542,1.00,1.00
2017.05.18 02:38:01.360,1.07526,1.07543,1.00,1.00
2017.05.18 02:38:01.943,1.07527,1.07545,1.00,2.25
2017.05.18 02:38:02.468,1.07527,1.07543,1.00,1.00
2017.05.18 02:38:09.449,1.07527,1.07545,1.00,1.00
2017.05.18 02:38:10.544,1.07527,1.07543,1.00,1.00
2017.05.18 02:38:15.710,1.07527,1.07545,1.00,1.00
2017.05.18 02:38:17.896,1.07526,1.07545,1.00,1.00
2017.05.18 02:38:18.404,1.07527,1.07544,1.00,1.00
2017.05.18 02:38:18.945,1.07526,1.07544,1.00,1.00
2017.05.18 02:38:28.195,1.07524,1.07536,1.50,1.00
2017.05.18 02:38:28.348,1.07524,1.07536,1.00,1.00
2017.05.18 02:38:28.856,1.07524,1.07535,1.00,1.00
2017.05.18 02:38:33.199,1.07522,1.07536,1.50,1.00
2017.05.18 02:38:34.410,1.07523,1.07536,1.00,1.00
2017.05.18 02:38:40.574,1.07524,1.07536,1.00,1.00
2017.05.18 02:38:43.526,1.07522,1.07536,1.50,1.00
2017.05.18 02:38:44.149,1.07523,1.07536,1.50,1.00
2017.05.18 02:38:48.841,1.07523,1.07536,1.87,1.00
2017.05.18 02:38:49.145,1.07524,1.07535,1.50,1.00
2017.05.18 02:38:51.511,1.07524,1.07535,1.00,1.00
2017.05.18 02:38:52.220,1.07524,1.07535,1.37,1.00
2017.05.18 02:38:54.934,1.07524,1.07535,1.00,1.00
2017.05.18 02:38:55.036,1.07524,1.07535,1.50,1.00
2017.05.18 02:38:55.137,1.07524,1.07535,1.00,1.00
2017.05.18 02:38:57.043,1.07524,1.07536,1.00,1.00
2017.05.18 02:38:57.551,1.07523,1.07535,1.00,1.00
2017.05.18 02:38:58.162,1.07524,1.07535,1.00,1.00
2017.05.18 02:38:58.418,1.07524,1.07537,1.50,1.00
2017.05.18 02:39:03.381,1.07534,1.07544,1.00,1.50
2017.05.18 02:39:06.035,1.07535,1.07544,1.00,1.00
2017.05.18 02:39:06.575,1.07535,1.07545,1.00,1.50
2017.05.18 02:39:11.885,1.07536,1.07546,1.00,1.00
2017.05.18 02:39:12.417,1.07536,1.07547,1.00,1.50
2017.05.18 02:39:19.137,1.07536,1.07545,1.00,1.00
2017.05.18 02:39:21.013,1.07535,1.07545,1.00,1.00
2017.05.18 02:39:21.216,1.07532,1.07545,1.00,1.50
2017.05.18 02:39:21.268,1.07532,1.07543,1.00,1.50
2017.05.18 02:39:21.810,1.07531,1.07543,1.00,2.25
2017.05.18 02:39:37.026,1.07531,1.07545,1.00,1.87
2017.05.18 02:39:37.128,1.07533,1.07544,1.00,1.00
2017.05.18 02:39:37.644,1.07534,1.07545,1.00,1.31
2017.05.18 02:39:39.396,1.07533,1.07546,1.00,1.50
2017.05.18 02:39:39.702,1.07533,1.0754,1.00,3.75
2017.05.18 02:39:42.966,1.07532,1.07537,1.00,3.75
2017.05.18 02:39:43.018,1.07532,1.07541,1.00,3.75
2017.05.18 02:39:46.619,1.07534,1.07541,1.00,2.51
2017.05.18 02:39:47.362,1.07532,1.07541,1.00,2.51
2017.05.18 02:39:48.354,1.07531,1.07536,1.00,2.51
2017.05.18 02:39:48.456,1.07529,1.07536,1.00,2.51
2017.05.18 02:39:50.114,1.07529,1.0754,1.00,2.51
2017.05.18 02:39:50.744,1.0753,1.0754,1.00,2.51
2017.05.18 02:39:52.212,1.0753,1.07536,1.00,2.51
2017.05.18 02:39:53.163,1.07527,1.07534,1.00,2.51
2017.05.18 02:39:53.214,1.07528,1.07534,1.00,2.51
2017.05.18 02:39:56.800,1.07528,1.07536,1.00,2.51
2017.05.18 02:39:57.364,1.07529,1.07536,1.00,2.51
2017.05.18 02:39:57.660,1.07529,1.07538,1.00,2.51
2017.05.18 02:39:58.364,1.0753,1.07538,1.00,2.51
2017.05.18 02:40:03.394,1.0753,1.07537,1.00,2.51
2017.05.18 02:40:07.950,1.07529,1.07537,1.00,2.51
2017.05.18 02:40:08.001,1.07531,1.07537,1.00,2.51
2017.05.18 02:40:10.095,1.07529,1.07537,1.00,2.51
2017.05.18 02:40:10.299,1.07532,1.07537,1.00,2.51
2017.05.18 02:40:11.098,1.07532,1.07538,1.00,1.76
2017.05.18 02:40:11.624,1.07532,1.07539,1.00,1.76
2017.05.18 02:40:13.116,1.07533,1.07543,1.00,1.76
2017.05.18 02:40:14.184,1.07533,1.07541,1.00,1.76
2017.05.18 02:40:15.829,1.07533,1.07542,1.00,1.76
2017.05.18 02:40:16.378,1.07534,1.07542,1.00,1.76
2017.05.18 02:40:17.455,1.07535,1.07543,1.00,1.76
2017.05.18 02:40:18.307,1.07534,1.07545,1.00,1.06
2017.05.18 02:40:18.930,1.07534,1.07546,1.00,1.06
2017.05.18 02:40:19.627,1.07534,1.07546,1.00,1.69
2017.05.18 02:40:21.470,1.07534,1.07546,1.00,1.06
2017.05.18 02:40:27.212,1.07534,1.07545,1.00,1.06
2017.05.18 02:40:27.263,1.07534,1.07546,1.00,1.12
2017.05.18 02:40:29.298,1.07534,1.07545,1.00,1.12
2017.05.18 02:40:38.004,1.07532,1.07545,1.00,1.12
2017.05.18 02:40:43.058,1.07528,1.07545,1.00,1.12
2017.05.18 02:40:43.109,1.07524,1.0754,3.00,1.00
2017.05.18 02:40:43.709,1.07523,1.0754,3.00,1.00
2017.05.18 02:40:44.353,1.07523,1.0754,2.62,1.00
2017.05.18 02:40:46.431,1.07524,1.07538,1.00,1.00
2017.05.18 02:40:46.736,1.07522,1.07534,1.50,1.00
2017.05.18 02:40:46.787,1.07522,1.07536,1.50,1.00
2017.05.18 02:40:47.042,1.07524,1.07535,1.00,1.00
2017.05.18 02:40:48.118,1.07524,1.07534,1.00,1.00
2017.05.18 02:40:48.964,1.07518,1.07535,1.12,1.00
2017.05.18 02:40:49.016,1.07514,1.0753,1.75,1.00
2017.05.18 02:40:49.067,1.07516,1.07535,1.37,1.00
2017.05.18 02:40:49.169,1.07522,1.07536,1.00,1.00
2017.05.18 02:40:50.038,1.07522,1.07537,1.00,1.00
2017.05.18 02:40:54.489,1.07522,1.07535,1.00,1.00
2017.05.18 02:41:04.566,1.07523,1.07535,1.00,1.00
2017.05.18 02:41:06.430,1.07523,1.07536,1.00,1.00
2017.05.18 02:41:12.901,1.07523,1.07535,1.00,1.00
2017.05.18 02:41:13.191,1.07523,1.07537,1.00,1.50
2017.05.18 02:41:13.792,1.07523,1.07538,1.00,1.00
2017.05.18 02:41:14.567,1.07523,1.07537,1.00,1.00
2017.05.18 02:41:15.843,1.07523,1.07538,1.00,1.00
2017.05.18 02:41:18.752,1.07523,1.07538,1.00,1.56
2017.05.18 02:41:19.258,1.07523,1.07538,1.00,1.00
2017.05.18 02:41:21.749,1.07523,1.07538,1.00,2.06
2017.05.18 02:41:24.692,1.07524,1.07539,1.00,1.56
2017.05.18 02:41:25.487,1.07523,1.07538,1.00,1.56
2017.05.18 02:41:25.757,1.07523,1.0754,1.00,2.25
2017.05.18 02:41:26.625,1.07523,1.07539,1.00,1.00
2017.05.18 02:41:29.087,1.07523,1.0754,1.00,2.25
2017.05.18 02:41:29.759,1.07523,1.07539,1.00,1.56
2017.05.18 02:41:30.260,1.07524,1.07537,1.12,1.00
2017.05.18 02:41:32.214,1.07524,1.07536,1.00,1.00
2017.05.18 02:41:36.377,1.07523,1.07536,1.00,1.00
2017.05.18 02:41:39.856,1.07524,1.07536,1.00,1.00
2017.05.18 02:41:40.369,1.07523,1.07536,1.00,1.00
2017.05.18 02:41:41.829,1.07524,1.07535,1.00,1.00
2017.05.18 02:41:42.560,1.07523,1.07535,1.00,1.00
2017.05.18 02:41:43.140,1.07525,1.07542,1.00,2.06
2017.05.18 02:41:43.242,1.07525,1.07541,1.00,1.00
2017.05.18 02:41:43.396,1.07526,1.07543,1.00,1.12
2017.05.18 02:41:54.951,1.07527,1.07543,1.00,1.87
2017.05.18 02:41:57.504,1.07527,1.07542,1.00,1.00
2017.05.18 02:42:03.234,1.07524,1.07541,1.00,1.00
2017.05.18 02:42:08.541,1.07524,1.07542,1.50,1.00
2017.05.18 02:42:08.694,1.07524,1.07544,1.50,1.00
2017.05.18 02:42:09.305,1.07524,1.07542,1.00,1.00
2017.05.18 02:42:21.178,1.07523,1.07542,3.00,1.00
2017.05.18 02:42:21.787,1.07524,1.07542,1.00,1.00
2017.05.18 02:42:22.615,1.07523,1.07542,2.25,1.00
2017.05.18 02:42:23.158,1.07524,1.07542,1.50,1.00
2017.05.18 02:42:26.774,1.07524,1.07543,1.50,1.00
2017.05.18 02:42:27.317,1.07525,1.07543,1.00,1.00
2017.05.18 02:42:32.715,1.07523,1.07543,1.50,1.00
2017.05.18 02:42:32.766,1.07523,1.07541,1.50,1.00
2017.05.18 02:42:33.366,1.07524,1.07539,1.00,1.00
2017.05.18 02:42:33.519,1.07521,1.07538,1.50,1.00
2017.05.18 02:42:33.723,1.07524,1.07541,1.00,1.00
2017.05.18 02:42:34.027,1.07524,1.07543,1.00,1.50
2017.05.18 02:42:34.128,1.07524,1.0754,1.00,1.00
2017.05.18 02:42:34.180,1.07524,1.07542,1.00,1.00
2017.05.18 02:42:34.231,1.07523,1.07541,1.00,1.75
2017.05.18 02:42:34.333,1.07522,1.07539,1.00,1.56
2017.05.18 02:42:34.516,1.07523,1.07541,1.00,1.56
2017.05.18 02:42:35.035,1.07522,1.0754,1.00,1.75
2017.05.18 02:42:35.238,1.07524,1.07539,1.00,1.00
2017.05.18 02:42:35.644,1.07524,1.07543,1.00,2.06
2017.05.18 02:42:39.444,1.07523,1.07539,1.00,1.31
2017.05.18 02:42:39.547,1.07524,1.07543,1.00,2.25
2017.05.18 02:42:39.700,1.07525,1.07543,2.25,1.50
2017.05.18 02:42:40.724,1.07525,1.07543,1.00,2.06
2017.05.18 02:42:40.961,1.07523,1.07543,1.00,1.56
2017.05.18 02:42:41.536,1.07524,1.07543,1.00,2.06
2017.05.18 02:42:42.062,1.07523,1.07543,1.00,1.56
2017.05.18 02:42:42.603,1.07524,1.07543,1.00,2.06
2017.05.18 02:42:42.806,1.07524,1.0754,1.00,1.00
2017.05.18 02:42:43.406,1.07523,1.0754,1.00,1.00
2017.05.18 02:42:43.818,1.07519,1.07539,1.12,1.00
2017.05.18 02:42:43.919,1.07515,1.07535,1.50,1.00
2017.05.18 02:42:44.224,1.07514,1.07533,1.00,1.00
2017.05.18 02:42:44.732,1.07513,1.07533,1.12,1.00
2017.05.18 02:42:46.354,1.07514,1.07533,1.00,1.00
2017.05.18 02:42:46.857,1.07514,1.07532,1.00,1.00
2017.05.18 02:42:47.161,1.07511,1.07531,1.41,1.00
2017.05.18 02:42:47.729,1.0751,1.0753,2.29,1.00
2017.05.18 02:42:48.242,1.07511,1.0753,1.16,1.00
2017.05.18 02:42:48.817,1.07512,1.0753,1.54,1.00
2017.05.18 02:42:49.859,1.07519,1.07536,1.00,1.56
2017.05.18 02:42:50.113,1.07522,1.07537,1.00,1.56
2017.05.18 02:42:50.164,1.07523,1.07538,1.00,1.00
2017.05.18 02:42:53.423,1.07524,1.07538,1.00,1.00
2017.05.18 02:42:53.973,1.07523,1.07538,1.00,1.00
2017.05.18 02:42:54.592,1.07524,1.07538,1.00,1.00
2017.05.18 02:42:55.093,1.07523,1.07538,1.00,1.00
2017.05.18 02:42:57.127,1.07524,1.07538,1.00,1.00
2017.05.18 02:42:57.633,1.07523,1.07538,1.00,1.00
2017.05.18 02:42:58.687,1.07532,1.07541,1.00,1.31
2017.05.18 02:43:00.254,1.07532,1.07542,1.00,1.56
2017.05.18 02:43:00.356,1.0753,1.07543,1.00,1.69
2017.05.18 02:43:00.559,1.07532,1.07545,1.00,1.50
2017.05.18 02:43:00.661,1.07534,1.07546,1.00,1.50
2017.05.18 02:43:02.537,1.07534,1.07545,1.00,1.00
2017.05.18 02:43:03.994,1.07534,1.07546,1.00,1.50
2017.05.18 02:43:04.860,1.07534,1.07546,1.00,2.06
2017.05.18 02:43:12.153,1.07534,1.07546,1.00,1.00
2017.05.18 02:43:16.559,1.07533,1.07544,1.00,1.00
2017.05.18 02:43:16.711,1.07531,1.07544,1.00,1.00
2017.05.18 02:43:16.965,1.0753,1.07542,1.00,1.00
2017.05.18 02:43:17.574,1.0753,1.07541,1.00,1.50
2017.05.18 02:43:19.364,1.07528,1.07541,1.00,1.50
2017.05.18 02:43:19.717,1.07529,1.07543,1.00,1.00
2017.05.18 02:43:19.769,1.0753,1.07546,1.00,1.50
2017.05.18 02:43:19.820,1.07532,1.07545,1.00,1.00
2017.05.18 02:43:19.871,1.07532,1.07547,1.00,1.00
2017.05.18 02:43:19.922,1.07535,1.07546,1.00,1.00
2017.05.18 02:43:20.429,1.07535,1.07547,1.00,1.50
2017.05.18 02:43:20.754,1.07535,1.07545,1.00,1.00
2017.05.18 02:43:21.754,1.07535,1.07546,1.00,1.00
2017.05.18 02:43:22.008,1.07536,1.07549,1.00,1.00
2017.05.18 02:43:22.577,1.07536,1.07548,1.00,1.00
2017.05.18 02:43:24.291,1.07537,1.07547,1.00,1.00
2017.05.18 02:43:24.342,1.07535,1.07548,1.00,1.00
2017.05.18 02:43:24.393,1.07535,1.07545,1.00,1.00
2017.05.18 02:43:24.851,1.07535,1.07547,1.00,1.00
2017.05.18 02:43:25.609,1.07536,1.07548,1.00,1.00
2017.05.18 02:43:27.211,1.07536,1.07547,1.00,1.00
2017.05.18 02:43:27.719,1.07537,1.07547,1.00,1.00
2017.05.18 02:43:28.775,1.07536,1.07546,1.00,1.00
2017.05.18 02:43:29.232,1.07535,1.07544,1.00,1.00
2017.05.18 02:43:29.928,1.07534,1.07545,1.00,1.00
2017.05.18 02:43:30.642,1.07534,1.07544,1.00,1.00
2017.05.18 02:43:34.022,1.07544,1.07551,1.00,1.00
2017.05.18 02:43:34.227,1.07553,1.07564,1.00,1.37
2017.05.18 02:43:34.278,1.07554,1.07568,1.37,1.87
2017.05.18 02:43:34.329,1.07557,1.07568,1.00,1.00
2017.05.18 02:43:34.525,1.07557,1.07566,1.00,1.00
2017.05.18 02:43:34.830,1.07557,1.07568,1.12,1.00
2017.05.18 02:43:34.881,1.07559,1.07567,1.00,1.00
2017.05.18 02:43:34.932,1.07559,1.07569,1.00,1.00
2017.05.18 02:43:35.135,1.07556,1.07568,1.00,1.50
2017.05.18 02:43:35.287,1.07556,1.07564,1.00,1.00
2017.05.18 02:43:35.338,1.07554,1.07564,1.00,1.00
2017.05.18 02:43:35.694,1.07553,1.07562,1.00,1.00
2017.05.18 02:43:36.755,1.07552,1.07562,1.00,1.00
2017.05.18 02:43:37.261,1.07551,1.07562,1.00,1.00
2017.05.18 02:43:37.802,1.07553,1.07564,1.00,1.00
2017.05.18 02:43:38.314,1.07553,1.07563,1.00,1.00
2017.05.18 02:43:41.738,1.07553,1.07564,1.00,1.00
2017.05.18 02:43:42.247,1.07553,1.07563,1.00,1.00
2017.05.18 02:43:44.596,1.07553,1.07566,1.00,1.50
2017.05.18 02:43:59.098,1.07553,1.07565,1.00,1.00
2017.05.18 02:43:59.453,1.07551,1.07565,1.00,1.00
2017.05.18 02:43:59.961,1.07552,1.07566,1.00,1.50
2017.05.18 02:44:00.853,1.07552,1.07565,1.00,1.00
2017.05.18 02:44:01.800,1.0755,1.07565,1.00,1.00
2017.05.18 02:44:01.851,1.07552,1.07565,1.00,1.00
2017.05.18 02:44:02.491,1.07552,1.07566,1.00,2.37
2017.05.18 02:44:08.748,1.07552,1.07565,1.00,1.00
2017.05.18 02:44:09.066,1.07551,1.07565,1.00,1.12
2017.05.18 02:44:09.584,1.07551,1.07566,1.00,2.37
2017.05.18 02:44:12.142,1.0755,1.07566,1.00,2.25
2017.05.18 02:44:12.304,1.07552,1.07566,1.00,1.50
2017.05.18 02:44:12.812,1.07551,1.07565,1.00,1.00
2017.05.18 02:44:13.321,1.07551,1.07566,1.00,1.50
2017.05.18 02:44:19.232,1.07552,1.07566,1.00,1.50
2017.05.18 02:44:19.543,1.07551,1.07565,1.00,1.12
2017.05.18 02:44:21.124,1.07551,1.07565,1.00,1.12
2017.05.18 02:44:21.175,1.07551,1.07565,1.00,1.00
2017.05.18 02:44:25.787,1.0755,1.07565,1.00,1.00
2017.05.18 02:44:26.355,1.07551,1.07565,1.00,1.12
2017.05.18 02:44:31.278,1.07551,1.07566,1.00,3.00
2017.05.18 02:44:34.219,1.07551,1.07565,1.00,1.56
2017.05.18 02:44:36.356,1.07551,1.07566,1.00,2.06
2017.05.18 02:44:36.407,1.07553,1.07567,1.00,1.69
2017.05.18 02:44:36.755,1.0755,1.07562,1.00,1.75
2017.05.18 02:44:37.283,1.07549,1.07561,1.00,1.75
2017.05.18 02:44:37.436,1.07548,1.07562,1.00,1.00
2017.05.18 02:44:37.537,1.0755,1.07565,1.00,1.12
2017.05.18 02:44:37.930,1.07551,1.07565,1.00,1.75
2017.05.18 02:44:42.031,1.07551,1.07565,1.00,1.75
2017.05.18 02:44:44.048,1.0755,1.07565,1.00,3.00
2017.05.18 02:44:44.623,1.07543,1.07561,1.50,1.75
2017.05.18 02:44:44.727,1.07543,1.07557,1.50,1.75
2017.05.18 02:44:44.830,1.07544,1.07562,1.00,2.81
2017.05.18 02:44:44.934,1.07545,1.07558,1.00,2.25
2017.05.18 02:44:45.036,1.07541,1.07556,1.50,1.87
2017.05.18 02:44:45.240,1.07542,1.07558,1.00,1.76
2017.05.18 02:44:45.342,1.07542,1.07558,1.50,1.50
2017.05.18 02:44:45.495,1.07544,1.07558,1.00,1.50
2017.05.18 02:44:45.929,1.07544,1.0756,1.00,2.25
2017.05.18 02:44:47.071,1.07544,1.07562,1.00,3.75
2017.05.18 02:44:48.121,1.07544,1.07561,1.00,3.00
2017.05.18 02:44:48.224,1.07547,1.07562,1.00,3.75
2017.05.18 02:44:48.377,1.07544,1.0756,1.00,1.00
2017.05.18 02:44:48.479,1.07548,1.07562,1.00,3.00
2017.05.18 02:44:48.530,1.07547,1.07562,1.00,3.00
2017.05.18 02:44:49.714,1.07548,1.07562,1.00,2.25
2017.05.18 02:44:50.224,1.07548,1.07563,1.00,2.62
2017.05.18 02:44:50.876,1.07548,1.07562,1.00,1.50
2017.05.18 02:44:51.841,1.07547,1.07562,1.00,1.50
2017.05.18 02:44:52.656,1.07548,1.07563,1.00,1.87
2017.05.18 02:44:53.418,1.07547,1.07563,1.00,2.25
2017.05.18 02:44:54.762,1.07548,1.07563,1.00,1.50
2017.05.18 02:44:55.397,1.07548,1.07563,1.00,1.00
2017.05.18 02:44:55.985,1.07549,1.07563,1.00,1.50
2017.05.18 02:44:56.591,1.07548,1.07563,1.00,1.00
2017.05.18 02:44:57.175,1.07548,1.07564,1.00,3.00
2017.05.18 02:44:57.995,1.07548,1.07563,1.00,1.00
2017.05.18 02:44:58.686,1.07548,1.07562,1.00,1.00
2017.05.18 02:45:01.291,1.07548,1.07561,1.00,1.00
2017.05.18 02:45:01.342,1.07548,1.07559,1.00,1.00
2017.05.18 02:45:02.010,1.07548,1.0756,1.00,1.50
2017.05.18 02:45:02.567,1.07548,1.07559,1.00,1.00
2017.05.18 02:45:03.071,1.07548,1.0756,1.00,1.12
2017.05.18 02:45:04.919,1.07548,1.07559,1.00,1.00
2017.05.18 02:45:05.613,1.07548,1.0756,1.00,1.12
2017.05.18 02:45:06.865,1.07547,1.0756,1.00,1.12
2017.05.18 02:45:07.455,1.07547,1.07559,1.00,1.00
2017.05.18 02:45:07.659,1.07548,1.07563,1.00,3.00
2017.05.18 02:45:07.812,1.07551,1.07564,1.00,1.00
2017.05.18 02:45:08.117,1.07553,1.07564,1.00,1.00
2017.05.18 02:45:08.219,1.07551,1.07564,1.00,1.00
2017.05.18 02:45:08.776,1.07551,1.07565,1.00,1.00
2017.05.18 02:45:09.305,1.07552,1.07564,1.00,1.00
2017.05.18 02:45:09.833,1.07552,1.07565,1.00,1.00
2017.05.18 02:45:10.748,1.07552,1.07565,1.00,1.05
2017.05.18 02:45:12.023,1.07552,1.07565,1.00,1.07
2017.05.18 02:45:13.596,1.07551,1.07565,1.00,1.00
2017.05.18 02:45:16.601,1.07551,1.07564,1.00,1.00
2017.05.18 02:45:17.864,1.07551,1.07565,1.00,1.00
2017.05.18 02:45:18.425,1.07552,1.07566,1.00,1.50
2017.05.18 02:45:18.961,1.07552,1.07565,1.00,1.00
2017.05.18 02:45:19.396,1.07554,1.07566,1.00,1.00
2017.05.18 02:45:19.447,1.07555,1.07568,1.00,1.07
2017.05.18 02:45:19.651,1.07553,1.07567,1.00,1.00
2017.05.18 02:45:20.199,1.07554,1.07568,1.00,1.07
2017.05.18 02:45:20.351,1.07556,1.0757,1.00,1.55
2017.05.18 02:45:20.876,1.07557,1.0757,1.00,1.05
2017.05.18 02:45:21.042,1.07557,1.0757,1.00,1.00
2017.05.18 02:45:21.724,1.07555,1.07569,1.00,1.00
2017.05.18 02:45:22.256,1.07556,1.07569,1.00,1.07
2017.05.18 02:45:22.911,1.07556,1.07568,1.00,1.00
2017.05.18 02:45:22.962,1.07554,1.07568,1.00,1.00
2017.05.18 02:45:23.166,1.07554,1.07566,1.00,1.00
2017.05.18 02:45:25.088,1.07552,1.07566,1.00,1.00
2017.05.18 02:45:25.190,1.07554,1.07566,1.00,1.00
2017.05.18 02:45:25.495,1.07556,1.07569,1.00,1.00
2017.05.18 02:45:25.597,1.07558,1.07568,1.00,1.00
2017.05.18 02:45:28.077,1.07558,1.07569,1.00,1.00
2017.05.18 02:45:28.282,1.07558,1.07572,1.00,1.00
2017.05.18 02:45:28.527,1.07558,1.07569,1.00,1.00
2017.05.18 02:45:28.843,1.07556,1.07568,1.00,1.00
2017.05.18 02:45:29.628,1.07556,1.07567,1.00,1.00
2017.05.18 02:45:30.881,1.07556,1.07568,1.00,1.00
2017.05.18 02:45:31.440,1.07556,1.07567,1.00,1.00
2017.05.18 02:45:31.754,1.07555,1.07569,1.00,1.07
2017.05.18 02:45:31.906,1.07554,1.07566,1.00,1.00
2017.05.18 02:45:31.957,1.07552,1.07565,1.00,1.00
2017.05.18 02:45:32.110,1.07551,1.07563,1.00,1.00
2017.05.18 02:45:32.724,1.07548,1.07562,1.00,1.50
2017.05.18 02:45:32.927,1.07548,1.0756,1.00,1.00
2017.05.18 02:45:33.617,1.07548,1.07561,1.00,1.00
2017.05.18 02:45:34.665,1.07549,1.07561,1.00,1.00
2017.05.18 02:45:35.533,1.07549,1.07563,1.00,1.12
2017.05.18 02:45:36.061,1.0755,1.07563,1.00,1.00
2017.05.18 02:45:36.782,1.0755,1.07564,1.00,1.50
2017.05.18 02:45:37.411,1.0755,1.07563,1.00,1.00
2017.05.18 02:45:39.398,1.0755,1.07564,1.00,1.50
2017.05.18 02:45:40.890,1.0755,1.07563,1.00,1.00
2017.05.18 02:45:42.762,1.0755,1.07564,1.00,1.00
2017.05.18 02:45:42.813,1.07552,1.07564,1.00,1.00
2017.05.18 02:45:47.097,1.0755,1.07563,1.00,1.00
2017.05.18 02:45:49.070,1.07549,1.07563,1.00,1.00
2017.05.18 02:45:53.217,1.07549,1.07562,1.00,1.00
2017.05.18 02:46:04.900,1.07551,1.07562,1.00,1.00
2017.05.18 02:46:14.487,1.0755,1.07563,1.00,1.00
2017.05.18 02:46:15.027,1.0755,1.07562,1.00,1.00
2017.05.18 02:46:17.056,1.07551,1.07564,1.00,1.00
2017.05.18 02:46:18.707,1.07553,1.07565,1.00,1.00
2017.05.18 02:46:19.258,1.07553,1.07564,1.00,1.00
2017.05.18 02:46:20.114,1.07552,1.07564,1.00,1.00
2017.05.18 02:46:20.687,1.07552,1.07565,1.00,1.00
2017.05.18 02:46:30.918,1.07553,1.07566,1.00,1.00
2017.05.18 02:46:39.550,1.07552,1.07566,1.00,1.00
2017.05.18 02:46:39.601,1.07553,1.07568,1.00,1.00
2017.05.18 02:46:40.219,1.07553,1.07569,1.00,1.50
2017.05.18 02:46:44.845,1.07552,1.07568,1.00,1.50
2017.05.18 02:46:45.048,1.07552,1.07566,1.00,1.00
2017.05.18 02:46:45.645,1.07552,1.07567,1.00,1.00
2017.05.18 02:46:56.219,1.07551,1.07567,1.00,1.00
2017.05.18 02:47:01.784,1.07553,1.07567,1.00,1.00
2017.05.18 02:47:02.339,1.07553,1.07566,1.00,1.00
2017.05.18 02:47:08.252,1.07552,1.07566,1.00,1.00
2017.05.18 02:47:08.482,1.07549,1.07565,1.00,1.87
2017.05.18 02:47:08.838,1.07549,1.07563,1.00,1.00
2017.05.18 02:47:09.371,1.07549,1.07564,1.00,1.00
2017.05.18 02:47:09.932,1.07549,1.07566,1.00,3.37
2017.05.18 02:47:12.788,1.07547,1.07566,1.00,3.00
2017.05.18 02:47:13.936,1.07547,1.07566,1.00,2.62
2017.05.18 02:47:14.523,1.07547,1.07565,1.00,1.50
2017.05.18 02:47:15.175,1.07547,1.07566,1.00,2.25
2017.05.18 02:47:15.679,1.07547,1.07565,1.00,1.00
2017.05.18 02:47:16.233,1.07547,1.07566,1.00,2.62
2017.05.18 02:47:16.892,1.07547,1.07565,1.00,1.00
2017.05.18 02:47:17.523,1.07547,1.07566,1.00,2.62
2017.05.18 02:47:18.305,1.07547,1.07565,1.00,1.00
2017.05.18 02:47:19.917,1.07549,1.07565,1.00,1.00
2017.05.18 02:47:20.742,1.07549,1.07566,1.00,3.37
2017.05.18 02:47:21.288,1.07548,1.07564,1.00,1.00
2017.05.18 02:47:21.339,1.07544,1.07564,1.00,1.56
2017.05.18 02:47:21.873,1.07544,1.07563,1.00,1.62
2017.05.18 02:47:22.505,1.07543,1.07563,1.50,2.06
2017.05.18 02:47:23.629,1.07543,1.07563,1.50,2.81
2017.05.18 02:47:24.147,1.07542,1.07563,1.50,2.81
2017.05.18 02:47:24.270,1.07543,1.07562,2.25,1.31
2017.05.18 02:47:24.321,1.07544,1.07564,1.00,1.87
2017.05.18 02:47:25.693,1.07543,1.07564,1.50,1.37
2017.05.18 02:47:26.227,1.07544,1.07563,1.00,1.37
2017.05.18 02:47:26.413,1.07542,1.07561,2.25,1.00
2017.05.18 02:47:26.618,1.07544,1.07564,1.00,3.56
2017.05.18 02:47:26.669,1.07543,1.07562,1.00,1.00
2017.05.18 02:47:26.720,1.07543,1.07562,1.50,3.94
2017.05.18 02:47:27.046,1.07543,1.0756,1.00,1.31
2017.05.18 02:47:27.250,1.07542,1.0756,1.00,1.69
2017.05.18 02:47:27.656,1.07544,1.07563,1.00,1.31
2017.05.18 02:47:28.257,1.07543,1.07562,2.25,1.50
2017.05.18 02:47:28.582,1.07542,1.07561,1.00,2.06
2017.05.18 02:47:28.938,1.07543,1.07561,1.50,1.00
2017.05.18 02:47:29.516,1.07543,1.07562,1.00,2.44
2017.05.18 02:47:30.024,1.07543,1.07559,1.00,1.50
2017.05.18 02:47:30.531,1.07542,1.0756,1.00,2.81
2017.05.18 02:47:31.436,1.07543,1.07559,1.00,1.50
2017.05.18 02:47:31.912,1.07541,1.07559,1.50,2.25
2017.05.18 02:47:32.495,1.07541,1.0756,2.25,2.06
2017.05.18 02:47:33.079,1.07541,1.07558,1.50,1.00
2017.05.18 02:47:33.333,1.07543,1.07561,1.00,1.00
2017.05.18 02:47:33.841,1.07542,1.07563,2.62,2.25
2017.05.18 02:47:34.139,1.07544,1.07563,1.00,2.25
2017.05.18 02:47:36.891,1.07544,1.07564,1.00,1.50
2017.05.18 02:47:50.072,1.07544,1.07565,1.00,1.00
2017.05.18 02:47:52.425,1.07544,1.07564,1.50,1.00
2017.05.18 02:47:54.144,1.07545,1.07564,1.00,1.00
2017.05.18 02:47:54.656,1.07545,1.07565,1.00,1.00
2017.05.18 02:48:01.348,1.07547,1.07567,1.00,3.00
2017.05.18 02:48:02.808,1.07547,1.07567,1.00,2.25
2017.05.18 02:48:03.552,1.07547,1.07566,1.00,1.00
2017.05.18 02:48:04.568,1.07547,1.07567,1.00,2.25
2017.05.18 02:48:05.701,1.07547,1.07566,1.00,1.00
2017.05.18 02:48:07.583,1.07547,1.07567,1.00,2.25
2017.05.18 02:48:08.584,1.07545,1.07567,1.00,2.25
2017.05.18 02:48:08.635,1.07545,1.07567,1.00,3.00
2017.05.18 02:48:14.128,1.07543,1.07562,1.12,1.00
2017.05.18 02:48:16.690,1.07544,1.07562,1.00,1.00
2017.05.18 02:48:17.524,1.07543,1.07562,1.00,1.00
2017.05.18 02:48:18.210,1.07544,1.07562,1.00,1.00
2017.05.18 02:48:22.397,1.07544,1.0756,1.00,1.00
2017.05.18 02:48:27.071,1.07544,1.07561,1.00,1.00
2017.05.18 02:48:28.767,1.07543,1.07561,1.00,1.00
2017.05.18 02:48:29.619,1.07544,1.07561,1.00,1.00
2017.05.18 02:48:30.227,1.07543,1.0756,1.00,1.00
2017.05.18 02:48:30.942,1.07544,1.0756,1.00,1.00
2017.05.18 02:48:31.538,1.07555,1.07565,1.00,1.87
2017.05.18 02:48:31.734,1.07554,1.07571,1.00,1.12
2017.05.18 02:48:31.786,1.07556,1.07572,1.00,2.25
2017.05.18 02:48:31.837,1.07558,1.07576,1.00,2.25
2017.05.18 02:48:31.939,1.07562,1.07575,1.12,1.00
2017.05.18 02:48:32.041,1.0756,1.07575,1.00,1.00
2017.05.18 02:48:32.143,1.07558,1.07573,1.00,1.00
2017.05.18 02:48:32.449,1.07557,1.0757,1.00,1.00
2017.05.18 02:48:32.955,1.07556,1.07571,1.00,1.50
2017.05.18 02:48:33.471,1.07556,1.0757,1.00,1.00
2017.05.18 02:48:34.064,1.07556,1.07571,1.00,1.50
2017.05.18 02:48:34.736,1.07556,1.0757,1.00,1.00
2017.05.18 02:48:36.059,1.07556,1.07571,1.00,1.00
2017.05.18 02:48:36.720,1.07555,1.0757,1.00,1.00
2017.05.18 02:48:37.323,1.07555,1.07571,1.00,1.00
2017.05.18 02:48:37.983,1.07555,1.0757,1.00,1.00
2017.05.18 02:48:38.364,1.07555,1.07572,1.00,1.00
2017.05.18 02:48:42.518,1.07556,1.07572,1.00,1.50
2017.05.18 02:48:44.635,1.07556,1.07573,1.00,1.87
2017.05.18 02:48:45.483,1.07556,1.07572,1.00,1.00
2017.05.18 02:48:46.334,1.07556,1.07573,1.00,1.87
2017.05.18 02:48:46.956,1.07556,1.07572,1.00,1.00
2017.05.18 02:48:47.516,1.07556,1.07573,1.00,1.87
2017.05.18 02:48:48.109,1.07556,1.07572,1.00,1.00
2017.05.18 02:48:49.075,1.07556,1.07573,1.00,1.87
2017.05.18 02:48:49.595,1.07556,1.07572,1.00,1.00
2017.05.18 02:48:50.333,1.07556,1.07573,1.00,1.87
2017.05.18 02:48:51.373,1.07556,1.07574,1.00,1.00
2017.05.18 02:48:52.705,1.07556,1.07573,1.00,1.00
2017.05.18 02:48:53.219,1.07556,1.07574,1.00,2.25
2017.05.18 02:48:53.422,1.07556,1.07574,1.00,3.00
2017.05.18 02:48:57.922,1.07555,1.07572,1.00,1.12
2017.05.18 02:48:58.443,1.07556,1.07571,1.00,1.00
2017.05.18 02:48:59.230,1.07556,1.07572,1.00,1.12
2017.05.18 02:49:00.167,1.07556,1.07571,1.00,1.00
2017.05.18 02:49:01.833,1.07556,1.07572,1.00,1.12
2017.05.18 02:49:02.352,1.07556,1.07571,1.00,1.00
2017.05.18 02:49:02.876,1.07554,1.07572,1.00,2.62
2017.05.18 02:49:03.404,1.07555,1.07572,1.00,2.62
2017.05.18 02:49:03.954,1.07555,1.07571,1.00,1.00
2017.05.18 02:49:05.969,1.07558,1.0757,1.00,1.00
2017.05.18 02:49:06.070,1.07563,1.07576,1.00,1.07
2017.05.18 02:49:06.122,1.07561,1.07578,1.00,1.87
2017.05.18 02:49:06.173,1.07563,1.07584,1.00,3.05
2017.05.18 02:49:06.224,1.07567,1.07585,1.00,1.45
2017.05.18 02:49:06.377,1.0757,1.07585,1.00,1.00
2017.05.18 02:49:06.910,1.07571,1.07586,1.00,1.12
2017.05.18 02:49:07.407,1.07569,1.07587,1.00,1.50
2017.05.18 02:49:14.522,1.0757,1.07586,1.00,1.12
2017.05.18 02:49:19.210,1.07564,1.07586,1.37,1.12
2017.05.18 02:49:19.261,1.07564,1.07578,1.37,1.00
2017.05.18 02:49:19.363,1.07567,1.07583,1.00,1.00
2017.05.18 02:49:19.414,1.07569,1.07586,1.00,1.12
2017.05.18 02:49:24.399,1.0757,1.07587,1.00,2.25
2017.05.18 02:49:25.073,1.0757,1.07587,1.00,1.00
2017.05.18 02:49:25.568,1.07564,1.07583,1.37,1.50
2017.05.18 02:49:25.621,1.07565,1.07583,1.00,1.87
2017.05.18 02:49:25.928,1.07565,1.07583,1.00,1.80
2017.05.18 02:49:26.540,1.07564,1.0758,1.00,1.05
2017.05.18 02:49:28.189,1.07561,1.07578,1.00,1.00
2017.05.18 02:49:28.241,1.07561,1.07578,1.00,2.30
2017.05.18 02:49:28.546,1.07559,1.07576,1.00,2.30
2017.05.18 02:49:29.058,1.0756,1.07576,1.00,3.80
2017.05.18 02:49:29.476,1.07561,1.07578,1.00,1.50
2017.05.18 02:49:29.527,1.07563,1.07577,1.00,1.00
2017.05.18 02:49:30.124,1.07564,1.07577,1.00,1.00
2017.05.18 02:49:30.516,1.07562,1.07577,1.00,1.00
2017.05.18 02:49:31.024,1.07562,1.07578,1.00,1.12
2017.05.18 02:49:35.600,1.07561,1.07577,1.00,1.00
2017.05.18 02:49:35.651,1.07561,1.07575,1.00,1.87
2017.05.18 02:49:36.160,1.0756,1.07575,1.00,1.12
2017.05.18 02:49:36.678,1.0756,1.07578,1.00,3.56
2017.05.18 02:49:36.729,1.07561,1.07577,1.00,2.25
2017.05.18 02:49:36.958,1.07561,1.07574,1.00,1.12
2017.05.18 02:49:37.263,1.07559,1.07574,1.00,1.00
2017.05.18 02:49:37.314,1.07561,1.07575,1.00,1.00
2017.05.18 02:49:37.822,1.07561,1.07576,1.00,1.75
2017.05.18 02:49:38.596,1.07561,1.07573,1.00,1.00
2017.05.18 02:49:38.978,1.07573,1.07586,1.00,2.62
2017.05.18 02:49:39.231,1.07574,1.07587,1.00,3.00
2017.05.18 02:49:39.637,1.07573,1.07586,1.00,3.00
2017.05.18 02:49:40.930,1.07571,1.07582,1.00,1.75
2017.05.18 02:49:40.981,1.07571,1.07581,1.00,1.75
2017.05.18 02:49:41.032,1.0757,1.07582,1.00,2.25
2017.05.18 02:49:41.506,1.07564,1.07579,1.00,1.75
2017.05.18 02:49:41.659,1.0757,1.0758,1.00,1.75
2017.05.18 02:49:41.923,1.07566,1.0758,1.00,1.75
2017.05.18 02:49:42.127,1.07564,1.0758,1.50,1.75
2017.05.18 02:49:42.178,1.07566,1.0758,1.00,3.00
2017.05.18 02:49:42.229,1.07565,1.0758,1.50,1.75
2017.05.18 02:49:42.331,1.07568,1.0758,1.00,2.25
2017.05.18 02:49:42.662,1.07571,1.07579,1.00,1.75
2017.05.18 02:49:45.085,1.07566,1.0758,1.00,1.75
2017.05.18 02:49:45.237,1.07568,1.07579,1.00,3.00
2017.05.18 02:49:45.634,1.07565,1.0758,1.00,3.00
2017.05.18 02:49:48.224,1.07564,1.07579,1.00,2.25
2017.05.18 02:49:48.377,1.07563,1.07571,1.00,1.00
2017.05.18 02:49:48.428,1.07561,1.07576,1.00,1.50
2017.05.18 02:49:48.479,1.07563,1.07578,1.00,1.75
2017.05.18 02:49:48.785,1.07565,1.07578,1.00,1.75
2017.05.18 02:49:49.291,1.07564,1.07577,1.00,1.12
2017.05.18 02:49:49.838,1.07564,1.07578,1.00,1.37
2017.05.18 02:49:49.940,1.07564,1.07578,1.00,1.75
2017.05.18 02:49:51.224,1.07564,1.07578,1.00,1.75
2017.05.18 02:49:52.489,1.07566,1.0758,1.00,1.37
2017.05.18 02:49:52.542,1.07566,1.07584,1.00,4.12
2017.05.18 02:49:52.594,1.07571,1.07584,1.00,1.87
2017.05.18 02:49:53.102,1.07572,1.07582,1.00,1.00
2017.05.18 02:49:54.092,1.07572,1.07583,1.00,1.00
2017.05.18 02:49:54.654,1.07572,1.07582,1.00,1.00
2017.05.18 02:49:55.188,1.07572,1.07583,1.00,1.00
2017.05.18 02:49:55.918,1.07573,1.07583,1.00,1.00
2017.05.18 02:49:56.429,1.07574,1.07584,1.00,1.12
2017.05.18 02:49:56.836,1.07572,1.07585,1.00,1.37
2017.05.18 02:50:03.924,1.07571,1.07584,1.00,1.50
2017.05.18 02:50:03.975,1.07573,1.07584,1.00,1.50
2017.05.18 02:50:04.482,1.07572,1.07587,1.00,3.75
2017.05.18 02:50:07.005,1.07573,1.07586,1.00,1.87
2017.05.18 02:50:07.057,1.07571,1.07585,1.00,1.37
2017.05.18 02:50:09.725,1.07572,1.07586,1.00,1.37
2017.05.18 02:50:09.927,1.07572,1.07585,1.00,1.75
2017.05.18 02:50:10.709,1.07573,1.07585,1.00,1.75
2017.05.18 02:50:11.248,1.07573,1.07585,1.00,1.56
2017.05.18 02:50:14.056,1.07571,1.07586,1.00,2.06
2017.05.18 02:50:17.731,1.07571,1.07587,1.00,1.56
2017.05.18 02:50:18.240,1.0757,1.07587,1.00,1.56
2017.05.18 02:50:18.392,1.0757,1.07586,1.00,1.00
2017.05.18 02:50:19.720,1.0757,1.07585,1.00,1.00
2017.05.18 02:50:20.321,1.0757,1.07586,1.00,1.00
2017.05.18 02:50:25.498,1.0757,1.07587,1.00,1.00
2017.05.18 02:50:29.381,1.0757,1.07586,1.00,1.00
2017.05.18 02:50:30.390,1.0757,1.07587,1.00,1.00
2017.05.18 02:50:33.244,1.0757,1.07586,1.00,1.00
2017.05.18 02:50:33.752,1.07569,1.07587,1.00,1.00
2017.05.18 02:50:34.362,1.07569,1.07586,1.00,1.00
2017.05.18 02:50:34.876,1.07569,1.07587,1.00,1.00
2017.05.18 02:50:35.400,1.07569,1.07586,1.00,1.00
2017.05.18 02:50:37.435,1.0757,1.07586,1.00,1.00
2017.05.18 02:50:37.927,1.07567,1.07583,1.00,1.00
2017.05.18 02:50:38.030,1.07566,1.07585,1.00,1.00
2017.05.18 02:50:38.620,1.07566,1.07584,1.00,1.00
2017.05.18 02:50:39.448,1.07566,1.07585,1.00,1.00
2017.05.18 02:50:39.753,1.07568,1.07584,1.00,1.05
2017.05.18 02:50:40.438,1.07565,1.07584,1.00,1.55
2017.05.18 02:50:40.950,1.07566,1.07583,1.00,2.30
2017.05.18 02:50:42.600,1.07566,1.07583,1.00,2.30
2017.05.18 02:50:42.915,1.07568,1.07584,1.00,1.93
2017.05.18 02:50:43.539,1.07569,1.07583,1.00,1.55
2017.05.18 02:50:45.590,1.07568,1.07586,1.00,1.93
2017.05.18 02:50:46.160,1.07567,1.07585,1.00,1.05
2017.05.18 02:50:47.170,1.07568,1.07585,1.00,1.55
2017.05.18 02:50:47.221,1.07568,1.07585,1.00,1.50
2017.05.18 02:50:47.839,1.07568,1.07586,1.00,3.37
2017.05.18 02:50:49.455,1.0757,1.07586,1.00,1.12
2017.05.18 02:50:49.974,1.07571,1.07586,1.00,1.12
2017.05.18 02:50:51.665,1.0757,1.07587,1.00,1.50
2017.05.18 02:50:52.235,1.07571,1.07586,1.00,1.00
2017.05.18 02:50:54.393,1.07571,1.07588,1.00,1.00
2017.05.18 02:50:54.444,1.07571,1.0759,1.00,2.62
2017.05.18 02:50:54.651,1.07571,1.07588,1.00,1.00
2017.05.18 02:50:55.206,1.07571,1.07588,1.00,1.50
2017.05.18 02:50:59.267,1.07572,1.0759,1.00,2.25
2017.05.18 02:50:59.369,1.07572,1.07591,1.00,1.75
2017.05.18 02:50:59.471,1.07574,1.07592,1.00,1.75
2017.05.18 02:50:59.674,1.07572,1.07591,1.00,1.75
2017.05.18 02:50:59.929,1.07574,1.0759,1.00,1.75
2017.05.18 02:51:00.694,1.07574,1.07591,1.00,1.75
2017.05.18 02:51:01.309,1.07571,1.07588,1.00,1.00
2017.05.18 02:51:01.360,1.07569,1.07583,1.00,1.00
2017.05.18 02:51:01.462,1.07565,1.0758,1.00,1.00
2017.05.18 02:51:01.513,1.0757,1.07587,1.00,1.37
2017.05.18 02:51:01.665,1.0757,1.07588,1.00,1.12
2017.05.18 02:51:02.186,1.07571,1.0759,1.00,3.80
2017.05.18 02:51:02.339,1.07569,1.0759,1.12,3.75
2017.05.18 02:51:02.441,1.07572,1.0759,1.00,3.00
2017.05.18 02:51:03.421,1.07572,1.0759,1.00,1.12
2017.05.18 02:51:04.868,1.07572,1.0759,1.00,3.75
2017.05.18 02:51:04.919,1.07569,1.0759,1.00,3.75
2017.05.18 02:51:05.920,1.0757,1.07588,1.00,1.50
2017.05.18 02:51:06.301,1.07568,1.07586,1.00,1.00
2017.05.18 02:51:07.296,1.07568,1.07587,1.00,1.12
2017.05.18 02:51:07.557,1.07566,1.07585,1.00,1.00
2017.05.18 02:51:08.094,1.07565,1.07586,1.00,1.00
2017.05.18 02:51:09.106,1.07566,1.07587,1.50,1.87
2017.05.18 02:51:09.411,1.07568,1.07587,1.00,1.12
2017.05.18 02:51:09.753,1.07566,1.07587,1.00,1.12
2017.05.18 02:51:10.269,1.07567,1.07588,1.00,3.75
2017.05.18 02:51:10.600,1.07571,1.0759,1.00,1.50
2017.05.18 02:51:10.956,1.07569,1.07583,1.12,1.00
2017.05.18 02:51:11.007,1.07568,1.07586,1.50,1.00
2017.05.18 02:51:11.058,1.07567,1.07584,1.50,1.00
2017.05.18 02:51:11.301,1.07564,1.07584,1.12,1.00
2017.05.18 02:51:11.353,1.07566,1.07583,1.00,1.00
2017.05.18 02:51:11.861,1.07565,1.07584,1.00,1.00
2017.05.18 02:51:12.220,1.07565,1.07582,1.00,1.00
2017.05.18 02:51:12.575,1.07565,1.07579,1.00,1.00
2017.05.18 02:51:13.950,1.07563,1.07579,1.00,1.00
2017.05.18 02:51:14.002,1.07562,1.07577,1.87,1.00
2017.05.18 02:51:14.306,1.07559,1.07575,1.50,1.00
2017.05.18 02:51:14.509,1.07558,1.07573,1.00,1.00
2017.05.18 02:51:15.050,1.07559,1.07573,1.00,1.00
2017.05.18 02:51:15.515,1.07561,1.07573,1.00,1.00
2017.05.18 02:51:15.826,1.0756,1.07579,1.87,1.00
2017.05.18 02:51:15.878,1.07562,1.07581,1.00,1.00
2017.05.18 02:51:15.929,1.07561,1.07579,1.87,1.00
2017.05.18 02:51:16.234,1.07562,1.07576,1.12,1.00
2017.05.18 02:51:16.759,1.07561,1.07575,1.37,1.00
2017.05.18 02:51:20.551,1.07566,1.07578,1.00,1.00
2017.05.18 02:51:20.602,1.07566,1.0758,1.00,1.00
2017.05.18 02:51:21.109,1.07566,1.07579,1.00,1.00
2017.05.18 02:51:21.748,1.07565,1.07579,1.00,1.00
2017.05.18 02:51:25.251,1.07565,1.0758,1.50,1.00
2017.05.18 02:51:26.713,1.07566,1.0758,1.00,1.00
2017.05.18 02:51:27.790,1.07565,1.0758,1.50,1.00
2017.05.18 02:51:28.822,1.07566,1.0758,1.00,1.00
2017.05.18 02:51:29.544,1.07567,1.07582,1.00,1.00
2017.05.18 02:51:30.533,1.07566,1.07582,1.00,1.00
2017.05.18 02:51:31.207,1.07566,1.07583,1.50,1.00
2017.05.18 02:51:32.471,1.07566,1.07584,1.00,1.00
2017.05.18 02:51:32.624,1.07567,1.07586,1.50,1.00
2017.05.18 02:51:32.827,1.07569,1.07586,1.00,1.00
2017.05.18 02:51:33.131,1.07567,1.07582,1.00,1.00
2017.05.18 02:51:33.739,1.07566,1.07582,1.00,1.00
2017.05.18 02:51:35.272,1.07566,1.07581,1.00,1.00
2017.05.18 02:51:36.106,1.07566,1.07582,1.00,1.00
2017.05.18 02:51:37.529,1.07565,1.07582,1.50,1.00
2017.05.18 02:51:38.625,1.07566,1.07582,1.00,1.00
2017.05.18 02:51:39.920,1.07565,1.07582,1.50,1.00
2017.05.18 02:51:40.450,1.07566,1.07582,1.00,1.00
2017.05.18 02:51:41.160,1.07565,1.07582,1.50,1.00
2017.05.18 02:51:41.707,1.07567,1.07583,1.00,1.00
2017.05.18 02:51:42.211,1.07566,1.07582,1.00,1.00
2017.05.18 02:51:42.720,1.07567,1.07582,1.00,1.00
2017.05.18 02:51:43.233,1.07568,1.07583,1.00,1.00
2017.05.18 02:51:43.948,1.07567,1.07585,1.50,1.00
2017.05.18 02:51:44.202,1.07569,1.07586,1.00,1.00
2017.05.18 02:51:44.838,1.0757,1.07586,1.00,1.00
2017.05.18 02:51:46.726,1.07571,1.07586,1.00,1.00
2017.05.18 02:51:47.974,1.0757,1.07586,1.50,1.00
2017.05.18 02:51:48.279,1.07567,1.07585,1.50,1.00
2017.05.18 02:51:49.351,1.07568,1.07585,1.00,1.00
2017.05.18 02:51:49.899,1.07567,1.07586,1.00,1.00
2017.05.18 02:51:50.602,1.07568,1.07583,1.00,1.00
2017.05.18 02:51:51.132,1.07567,1.07583,1.00,1.00
2017.05.18 02:51:51.673,1.07568,1.07583,1.00,1.00
2017.05.18 02:51:52.200,1.07567,1.07583,1.00,1.00
2017.05.18 02:51:54.021,1.07568,1.07583,1.00,1.00
2017.05.18 02:51:59.511,1.0757,1.07583,1.00,1.00
2017.05.18 02:51:59.613,1.07573,1.07587,1.00,1.00
2017.05.18 02:51:59.715,1.07575,1.07587,1.00,1.00
2017.05.18 02:51:59.817,1.07575,1.07589,1.00,1.00
2017.05.18 02:52:00.680,1.07576,1.07589,1.00,1.00
2017.05.18 02:52:03.141,1.07575,1.07589,1.00,1.00
2017.05.18 02:52:03.192,1.07575,1.07587,1.00,1.00
2017.05.18 02:52:03.557,1.07577,1.07594,1.00,3.37
2017.05.18 02:52:03.760,1.07575,1.07591,1.00,1.37
2017.05.18 02:52:03.812,1.07576,1.07592,1.00,2.25
2017.05.18 02:52:03.863,1.07576,1.07594,1.00,1.75
2017.05.18 02:52:03.915,1.07577,1.07596,1.00,2.62
2017.05.18 02:52:03.965,1.07579,1.07596,1.00,1.12
2017.05.18 02:52:08.043,1.07576,1.07591,1.00,1.31
2017.05.18 02:52:08.243,1.07574,1.07591,1.50,1.00
2017.05.18 02:52:08.395,1.07575,1.07593,1.00,1.00
2017.05.18 02:52:09.224,1.07576,1.07593,1.00,2.25
2017.05.18 02:52:13.240,1.0758,1.07597,1.75,1.00
2017.05.18 02:52:13.292,1.07582,1.07598,1.00,2.25
2017.05.18 02:52:13.343,1.07579,1.07597,2.25,1.00
2017.05.18 02:52:13.395,1.07578,1.07598,1.00,1.00
2017.05.18 02:52:13.446,1.07577,1.07596,1.87,1.00
2017.05.18 02:52:13.750,1.07576,1.07593,1.87,1.00
2017.05.18 02:52:14.321,1.07576,1.07594,1.87,1.00
2017.05.18 02:52:20.045,1.07576,1.07593,1.87,1.00
2017.05.18 02:52:22.229,1.07576,1.07593,1.50,1.00
2017.05.18 02:52:27.335,1.07576,1.07592,1.50,1.00
2017.05.18 02:52:27.488,1.07575,1.07594,1.50,1.00
2017.05.18 02:52:32.249,1.07574,1.07594,1.00,1.00
2017.05.18 02:52:32.401,1.07573,1.07591,1.87,1.00
2017.05.18 02:52:32.709,1.07575,1.07591,1.00,1.00
2017.05.18 02:52:33.221,1.07575,1.07592,1.00,1.00
2017.05.18 02:52:34.629,1.07575,1.07593,1.00,1.00
2017.05.18 02:52:37.333,1.07576,1.07593,1.00,1.00
2017.05.18 02:52:37.868,1.07576,1.07592,1.00,1.00
2017.05.18 02:52:39.556,1.07576,1.07596,1.50,1.00
2017.05.18 02:52:39.607,1.07577,1.07596,1.50,1.00
2017.05.18 02:52:39.912,1.07577,1.07591,1.00,1.00
2017.05.18 02:52:40.447,1.07578,1.07591,1.00,1.00
2017.05.18 02:52:41.680,1.07577,1.07591,1.00,1.00
2017.05.18 02:52:42.039,1.07578,1.07589,1.00,1.00
2017.05.18 02:52:43.411,1.07577,1.07591,1.00,1.00
2017.05.18 02:52:43.769,1.07579,1.07592,1.00,1.00
2017.05.18 02:52:43.973,1.0758,1.07594,1.00,1.00
2017.05.18 02:52:44.075,1.0758,1.07592,1.00,1.00
2017.05.18 02:52:44.507,1.07581,1.07595,1.00,1.00
2017.05.18 02:52:44.558,1.07581,1.07593,1.50,1.00
2017.05.18 02:52:45.066,1.0758,1.07591,1.00,1.00
2017.05.18 02:52:45.616,1.07579,1.07591,1.00,1.00
2017.05.18 02:52:46.179,1.0758,1.07591,1.00,1.00
2017.05.18 02:52:48.271,1.07579,1.07591,1.00,1.00
2017.05.18 02:52:48.820,1.07578,1.07591,1.00,1.00
2017.05.18 02:52:51.592,1.07579,1.07591,1.00,1.00
2017.05.18 02:52:53.523,1.07578,1.07591,1.00,1.00
2017.05.18 02:52:55.342,1.07579,1.07591,1.00,1.00
2017.05.18 02:52:59.913,1.07578,1.07591,1.00,1.00
2017.05.18 02:53:01.560,1.07579,1.07591,1.00,1.00
2017.05.18 02:53:02.062,1.07578,1.07591,1.00,1.00
2017.05.18 02:53:02.570,1.07579,1.07591,1.00,1.00
2017.05.18 02:53:02.697,1.07577,1.07591,1.00,1.00
2017.05.18 02:53:03.204,1.07578,1.07591,1.00,1.00
2017.05.18 02:53:04.011,1.07579,1.07591,1.00,1.00
2017.05.18 02:53:08.842,1.07578,1.07591,1.00,1.00
2017.05.18 02:53:09.354,1.07578,1.0759,1.00,1.00
2017.05.18 02:53:09.876,1.07579,1.07591,1.00,1.00
2017.05.18 02:53:13.855,1.07578,1.07591,1.00,1.00
2017.05.18 02:53:14.007,1.07576,1.07591,1.50,1.00
2017.05.18 02:53:14.109,1.07574,1.07587,1.50,1.00
2017.05.18 02:53:18.567,1.07573,1.07587,1.50,1.00
2017.05.18 02:53:19.117,1.07573,1.07586,1.00,1.00
2017.05.18 02:53:22.230,1.07572,1.07586,1.50,1.00
2017.05.18 02:53:22.799,1.07571,1.07586,1.50,1.00
2017.05.18 02:53:23.319,1.07572,1.07586,1.00,1.00
2017.05.18 02:53:29.257,1.07571,1.07585,1.50,1.00
2017.05.18 02:53:29.765,1.0757,1.07584,1.50,1.00
2017.05.18 02:53:33.212,1.0757,1.07583,1.00,1.00
2017.05.18 02:53:33.883,1.0757,1.07582,1.00,1.00
2017.05.18 02:53:35.121,1.07568,1.07582,1.00,1.00
2017.05.18 02:53:35.627,1.07568,1.07581,1.00,1.00
2017.05.18 02:53:36.243,1.07569,1.07581,1.00,1.00
2017.05.18 02:53:36.853,1.07568,1.07581,1.00,1.00
2017.05.18 02:53:44.376,1.07569,1.07581,1.00,1.00
2017.05.18 02:53:44.886,1.07568,1.07581,1.50,1.00
2017.05.18 02:53:45.930,1.07575,1.07589,1.12,1.50
2017.05.18 02:53:46.136,1.0758,1.07599,1.00,1.00
2017.05.18 02:53:46.187,1.07581,1.07596,1.50,1.00
2017.05.18 02:53:46.489,1.0758,1.07594,1.00,1.00
2017.05.18 02:53:46.859,1.07579,1.07592,1.50,1.00
2017.05.18 02:53:47.367,1.0758,1.07593,1.00,1.00
2017.05.18 02:53:47.900,1.07581,1.07593,1.00,1.00
2017.05.18 02:53:48.002,1.07582,1.07595,1.00,1.00
2017.05.18 02:53:48.251,1.07583,1.07597,1.00,1.00
2017.05.18 02:53:48.799,1.07582,1.07597,1.00,1.00
2017.05.18 02:53:51.058,1.07584,1.07597,1.00,1.00
2017.05.18 02:53:51.640,1.07584,1.07598,1.50,1.00
2017.05.18 02:53:52.146,1.07585,1.07598,1.00,1.00
2017.05.18 02:54:01.563,1.07584,1.076,1.50,1.00
2017.05.18 02:54:02.070,1.07585,1.07599,1.00,1.00
2017.05.18 02:54:03.231,1.07584,1.07599,1.50,1.00
2017.05.18 02:54:10.043,1.07584,1.076,1.50,1.00
2017.05.18 02:54:13.332,1.07585,1.07601,1.00,1.00
2017.05.18 02:54:13.383,1.07586,1.07603,1.00,1.00
2017.05.18 02:54:13.535,1.07586,1.076,1.50,1.00
2017.05.18 02:54:14.089,1.07585,1.076,1.00,1.00
2017.05.18 02:54:14.614,1.07584,1.076,1.50,1.00
2017.05.18 02:54:21.147,1.07584,1.07598,1.50,1.00
2017.05.18 02:54:21.654,1.07584,1.07599,1.50,1.00
2017.05.18 02:54:27.643,1.07585,1.07599,1.00,1.00
2017.05.18 02:54:30.150,1.07584,1.07599,1.50,1.00
2017.05.18 02:54:31.585,1.07585,1.07599,1.00,1.00
2017.05.18 02:54:32.266,1.07584,1.07599,1.50,1.00
2017.05.18 02:54:35.538,1.07584,1.07597,1.50,1.00
2017.05.18 02:54:36.046,1.07585,1.07597,1.00,1.00
2017.05.18 02:54:36.097,1.07582,1.07598,1.00,1.12
2017.05.18 02:54:36.199,1.0758,1.07596,1.87,1.00
2017.05.18 02:54:36.802,1.07581,1.07596,1.00,1.00
2017.05.18 02:54:37.110,1.0758,1.07594,1.00,1.00
2017.05.18 02:54:37.162,1.07578,1.07594,1.50,1.00
2017.05.18 02:54:37.416,1.07577,1.07592,1.00,1.00
2017.05.18 02:54:38.172,1.07576,1.0759,1.50,1.00
2017.05.18 02:54:38.709,1.07576,1.07589,1.50,1.00
2017.05.18 02:54:38.913,1.07577,1.07591,1.50,1.00
2017.05.18 02:54:39.593,1.07577,1.0759,1.50,1.00
2017.05.18 02:54:39.745,1.07577,1.07592,1.50,1.00
2017.05.18 02:54:41.305,1.07577,1.07591,1.50,1.00
2017.05.18 02:54:49.977,1.07578,1.07591,1.00,1.00
2017.05.18 02:54:52.516,1.07577,1.07591,1.00,1.00
2017.05.18 02:54:53.041,1.07576,1.07591,1.00,1.00
2017.05.18 02:54:59.604,1.07576,1.0759,1.00,1.00
2017.05.18 02:55:02.045,1.07577,1.0759,1.00,1.00
2017.05.18 02:55:02.570,1.07578,1.0759,1.00,1.00
2017.05.18 02:55:03.086,1.07579,1.07591,1.00,1.00
2017.05.18 02:55:08.766,1.07578,1.07591,1.50,1.00
2017.05.18 02:55:09.360,1.07579,1.07591,1.00,1.00
2017.05.18 02:55:12.574,1.07578,1.07591,1.50,1.00
2017.05.18 02:55:13.755,1.07578,1.07591,1.00,1.37
2017.05.18 02:55:13.928,1.07576,1.0759,1.50,1.12
2017.05.18 02:55:14.544,1.07575,1.0759,1.50,1.12
2017.05.18 02:55:23.326,1.07575,1.07589,1.50,1.00
2017.05.18 02:55:23.933,1.07576,1.07589,1.00,1.00
2017.05.18 02:55:23.984,1.07576,1.07591,1.50,1.12
2017.05.18 02:55:24.516,1.07577,1.07591,1.00,1.12
2017.05.18 02:55:25.052,1.07576,1.07591,1.50,1.12
2017.05.18 02:55:26.214,1.07577,1.07591,1.00,1.12
2017.05.18 02:55:27.418,1.07576,1.07591,1.50,1.00
2017.05.18 02:55:36.107,1.07576,1.0759,1.00,1.00
2017.05.18 02:55:38.006,1.07576,1.07591,1.50,1.00
2017.05.18 02:55:42.466,1.07576,1.0759,1.00,1.00
2017.05.18 02:55:48.711,1.07577,1.0759,1.00,1.00
2017.05.18 02:55:49.198,1.07575,1.0759,1.50,1.00
2017.05.18 02:55:49.622,1.07577,1.0759,1.00,1.00
2017.05.18 02:55:50.241,1.07576,1.0759,1.00,1.00
2017.05.18 02:55:51.027,1.07577,1.0759,1.00,1.00
2017.05.18 02:55:51.676,1.07576,1.0759,1.00,1.00
2017.05.18 02:55:52.331,1.07575,1.0759,1.50,1.00
2017.05.18 02:55:53.065,1.07576,1.0759,1.00,1.00
2017.05.18 02:55:54.401,1.07575,1.0759,1.50,1.00
2017.05.18 02:55:59.265,1.07576,1.0759,1.50,1.00
2017.05.18 02:56:02.490,1.07576,1.07591,1.50,1.00
2017.05.18 02:56:04.093,1.07577,1.07591,1.00,1.00
2017.05.18 02:56:10.859,1.07576,1.07591,1.00,1.00
2017.05.18 02:56:13.678,1.07577,1.07591,1.00,1.00
2017.05.18 02:56:14.592,1.07577,1.07592,1.00,1.00
2017.05.18 02:56:16.141,1.07578,1.07593,1.50,1.00
2017.05.18 02:56:16.243,1.07576,1.07593,1.50,1.00
2017.05.18 02:56:16.946,1.07577,1.07593,1.00,1.00
2017.05.18 02:56:22.688,1.07577,1.07591,1.00,1.00
2017.05.18 02:56:23.235,1.07576,1.07591,1.00,1.00
2017.05.18 02:56:24.022,1.07577,1.07591,1.00,1.00
2017.05.18 02:56:24.575,1.07576,1.07591,1.00,1.00
2017.05.18 02:56:25.152,1.07577,1.07591,1.00,1.00
2017.05.18 02:56:25.821,1.07576,1.07591,1.00,1.00
2017.05.18 02:56:29.392,1.07575,1.07591,1.50,1.00
2017.05.18 02:56:31.885,1.07576,1.07591,1.00,1.00
2017.05.18 02:56:40.529,1.07577,1.07591,1.00,1.00
2017.05.18 02:56:41.060,1.07576,1.07591,1.50,1.00
2017.05.18 02:56:42.342,1.07577,1.07591,1.00,1.00
2017.05.18 02:56:47.163,1.07576,1.07591,1.50,1.00
2017.05.18 02:56:48.041,1.07576,1.07594,1.00,1.12
2017.05.18 02:56:48.092,1.07576,1.07592,1.00,1.00
2017.05.18 02:57:10.202,1.07577,1.07592,1.00,1.00
2017.05.18 02:57:10.707,1.07576,1.07592,1.00,1.00
2017.05.18 02:57:11.036,1.07576,1.0759,1.00,1.00
2017.05.18 02:57:11.543,1.07575,1.07591,1.50,1.12
2017.05.18 02:57:12.164,1.07576,1.07591,1.00,1.00
2017.05.18 02:57:12.741,1.07577,1.07591,1.00,1.00
2017.05.18 02:57:13.254,1.07576,1.07591,1.00,1.00
2017.05.18 02:57:14.841,1.07577,1.07591,1.00,1.00
2017.05.18 02:57:16.427,1.07576,1.07591,1.00,1.00
2017.05.18 02:57:21.061,1.07575,1.07591,1.50,1.00
2017.05.18 02:57:28.785,1.07576,1.0759,1.00,1.00
2017.05.18 02:57:29.325,1.07575,1.0759,1.00,1.00
2017.05.18 02:57:36.273,1.07576,1.0759,1.00,1.00
2017.05.18 02:57:40.476,1.07577,1.07591,1.00,1.00
2017.05.18 02:57:41.109,1.07575,1.07591,1.50,1.00
2017.05.18 02:57:41.440,1.07577,1.07591,1.00,1.00
2017.05.18 02:57:42.228,1.07576,1.07591,1.50,1.00
2017.05.18 02:57:47.486,1.07577,1.07591,1.00,1.00
2017.05.18 02:57:52.124,1.07576,1.07591,1.50,1.00
2017.05.18 02:57:52.429,1.07578,1.07592,1.00,1.00
2017.05.18 02:57:52.994,1.07577,1.07592,1.50,1.00
2017.05.18 02:57:53.324,1.07575,1.07586,1.00,1.00
2017.05.18 02:57:53.425,1.07574,1.07589,1.00,1.00
2017.05.18 02:57:53.679,1.07578,1.07591,1.00,1.00
2017.05.18 02:57:54.135,1.07579,1.07591,1.37,1.00
2017.05.18 02:57:54.406,1.07578,1.07592,1.50,1.00
2017.05.18 02:57:58.670,1.07578,1.07589,1.50,1.50
2017.05.18 02:57:58.722,1.07576,1.0759,1.50,1.00
2017.05.18 02:57:58.825,1.07576,1.07588,1.00,1.00
2017.05.18 02:58:00.093,1.07576,1.07589,1.00,1.00
2017.05.18 02:58:00.613,1.07576,1.0759,1.00,1.00
2017.05.18 02:58:01.896,1.07576,1.07589,1.00,1.00
2017.05.18 02:58:08.357,1.07576,1.0759,1.00,1.00
2017.05.18 02:58:08.854,1.07575,1.07592,1.50,1.00
2017.05.18 02:58:08.957,1.07578,1.07595,1.00,1.00
2017.05.18 02:58:09.365,1.0758,1.07594,1.00,1.00
2017.05.18 02:58:15.202,1.07583,1.07598,1.00,1.00
2017.05.18 02:58:15.710,1.07584,1.07598,1.50,1.00
2017.05.18 02:58:16.249,1.07584,1.07597,1.50,1.00
2017.05.18 02:58:21.713,1.07584,1.07597,1.50,1.37
2017.05.18 02:58:21.815,1.0758,1.07595,1.00,1.00
2017.05.18 02:58:22.018,1.07579,1.07593,1.50,1.00
2017.05.18 02:58:22.624,1.07579,1.07592,1.00,1.00
2017.05.18 02:58:23.131,1.07578,1.07592,1.50,1.00
2017.05.18 02:58:23.709,1.07579,1.07592,1.00,1.00
2017.05.18 02:58:24.521,1.07579,1.07593,1.00,1.00
2017.05.18 02:58:24.694,1.07579,1.07598,1.50,1.37
2017.05.18 02:58:25.049,1.07579,1.07598,1.00,1.00
2017.05.18 02:58:25.574,1.07578,1.07598,1.50,1.00
2017.05.18 02:58:26.099,1.07577,1.07599,1.00,1.87
2017.05.18 02:58:26.608,1.07578,1.07598,1.00,1.00
2017.05.18 02:58:33.121,1.07578,1.076,1.00,1.00
2017.05.18 02:58:40.599,1.07578,1.07599,1.00,1.12
2017.05.18 02:58:41.101,1.07577,1.07599,1.00,1.87
2017.05.18 02:58:42.151,1.07577,1.07599,1.50,2.25
2017.05.18 02:58:43.138,1.07577,1.07598,1.50,1.87
2017.05.18 02:58:43.443,1.07577,1.07596,1.00,1.87
2017.05.18 02:58:43.545,1.07579,1.07598,1.00,1.00
2017.05.18 02:58:44.089,1.0758,1.07599,1.00,1.00
2017.05.18 02:58:49.030,1.0758,1.076,1.50,1.12
2017.05.18 02:58:50.888,1.0758,1.07601,1.87,1.00
2017.05.18 02:58:51.417,1.07581,1.076,1.00,1.00
2017.05.18 02:58:51.772,1.0758,1.07602,1.00,3.00
2017.05.18 02:58:55.596,1.0758,1.07601,1.00,1.12
2017.05.18 02:58:55.749,1.07581,1.07603,1.50,1.87
2017.05.18 02:58:55.851,1.07583,1.07603,1.00,1.87
2017.05.18 02:59:20.511,1.07582,1.07603,1.50,1.00
2017.05.18 02:59:20.816,1.07581,1.07602,1.00,2.62
2017.05.18 02:59:22.491,1.07581,1.07602,1.50,2.62
2017.05.18 02:59:29.300,1.07584,1.07602,1.00,1.12
2017.05.18 02:59:29.505,1.07583,1.07605,2.25,1.00
2017.05.18 02:59:30.006,1.07584,1.07605,1.00,1.00
2017.05.18 02:59:30.733,1.07583,1.07605,2.25,1.00
2017.05.18 02:59:31.038,1.07583,1.07605,2.25,1.50
2017.05.18 02:59:31.452,1.07584,1.07605,1.00,1.00
2017.05.18 02:59:31.972,1.07583,1.07605,2.25,1.00
2017.05.18 02:59:32.124,1.07591,1.07606,1.00,1.50
2017.05.18 02:59:32.643,1.07591,1.07607,1.00,1.00
2017.05.18 02:59:32.974,1.07593,1.07606,1.00,1.00
2017.05.18 02:59:34.639,1.07594,1.07604,1.00,1.00
2017.05.18 02:59:34.691,1.07594,1.07607,1.00,1.00
2017.05.18 02:59:35.960,1.07594,1.07608,1.37,2.25
2017.05.18 02:59:37.865,1.07598,1.07611,1.00,1.00
2017.05.18 02:59:37.916,1.07599,1.07613,1.00,1.12
2017.05.18 02:59:38.017,1.07601,1.07616,1.00,1.12
2017.05.18 02:59:38.433,1.07603,1.07616,1.00,1.50
2017.05.18 02:59:39.015,1.07604,1.07616,1.00,1.50
2017.05.18 02:59:39.218,1.07605,1.07618,1.00,1.00
2017.05.18 02:59:39.320,1.07606,1.0762,1.00,1.00
2017.05.18 02:59:39.371,1.07608,1.0762,1.00,1.00
2017.05.18 02:59:39.523,1.07608,1.07622,1.00,1.50
2017.05.18 02:59:40.030,1.07609,1.07621,1.00,1.00
2017.05.18 02:59:40.081,1.07609,1.07623,1.00,1.00
2017.05.18 02:59:40.284,1.07609,1.07625,1.00,1.50
2017.05.18 02:59:40.842,1.07609,1.07624,1.00,1.00
2017.05.18 02:59:41.349,1.07609,1.07625,1.12,1.00
2017.05.18 02:59:41.759,1.076,1.07617,1.75,1.00
2017.05.18 02:59:41.861,1.07606,1.07623,1.00,3.00
2017.05.18 02:59:41.913,1.07607,1.0762,1.00,1.00
2017.05.18 02:59:42.218,1.07608,1.07618,1.00,1.00
2017.05.18 02:59:42.764,1.07608,1.07619,1.00,1.00
2017.05.18 02:59:43.484,1.07608,1.07621,1.00,1.50
2017.05.18 02:59:43.761,1.07608,1.07619,1.00,1.00
2017.05.18 02:59:44.285,1.07608,1.0762,1.00,1.00
2017.05.18 02:59:44.824,1.07608,1.07621,1.00,1.00
2017.05.18 02:59:45.331,1.07608,1.0762,1.00,1.50
2017.05.18 02:59:45.644,1.07611,1.07622,1.00,1.00
2017.05.18 02:59:46.166,1.0761,1.07622,1.00,1.00
2017.05.18 02:59:46.696,1.07611,1.07623,1.00,1.00
2017.05.18 02:59:47.245,1.07611,1.07624,1.00,1.00
2017.05.18 02:59:50.099,1.07611,1.07623,1.00,1.00
2017.05.18 02:59:52.115,1.07612,1.07624,1.00,1.00
2017.05.18 02:59:53.534,1.07612,1.07625,1.00,1.00
2017.05.18 02:59:54.875,1.07609,1.07622,1.37,1.25
2017.05.18 02:59:54.977,1.07608,1.07622,1.00,1.25
2017.05.18 02:59:55.028,1.07606,1.07621,1.00,1.00
2017.05.18 02:59:55.283,1.07606,1.07619,1.00,1.00
2017.05.18 02:59:55.335,1.07606,1.07621,1.00,1.50
2017.05.18 02:59:55.461,1.07611,1.07623,1.50,1.12
2017.05.18 02:59:55.665,1.07615,1.0763,1.50,2.25
2017.05.18 02:59:56.223,1.07615,1.07629,1.00,1.00
2017.05.18 02:59:56.621,1.07617,1.07629,1.00,1.00
2017.05.18 02:59:58.123,1.07613,1.0763,1.12,2.10
2017.05.18 02:59:59.337,1.07613,1.0763,1.75,1.35
2017.05.18 02:59:59.642,1.07616,1.07633,1.75,1.00
