2012.07.06 03:00:00.033,1.27828,1.27859,2.60,1.16
2012.07.06 03:00:00.296,1.27829,1.27863,1.50,3.41
2012.07.06 03:00:00.555,1.27829,1.27863,1.50,1.91
2012.07.06 03:00:02.967,1.27828,1.27857,1.10,2.48
2012.07.06 03:00:03.044,1.27824,1.27851,1.57,1.16
2012.07.06 03:00:03.184,1.27823,1.27851,1.57,1.16
2012.07.06 03:00:03.327,1.27826,1.2786,1.10,1.16
2012.07.06 03:00:03.405,1.27824,1.2786,1.50,1.16
2012.07.06 03:00:03.755,1.27824,1.27853,1.50,1.16
2012.07.06 03:00:04.307,1.27824,1.27853,1.50,1.16
2012.07.06 03:00:05.154,1.27824,1.27856,1.50,2.14
2012.07.06 03:00:05.677,1.27824,1.27854,1.50,1.16
2012.07.06 03:00:08.054,1.27824,1.27853,1.50,1.16
2012.07.06 03:00:08.333,1.27824,1.27857,1.50,2.14
2012.07.06 03:00:08.534,1.27824,1.27857,1.50,2.14
2012.07.06 03:00:08.664,1.27828,1.2786,1.10,1.16
2012.07.06 03:00:08.853,1.27828,1.2786,1.10,1.16
2012.07.06 03:00:09.257,1.27828,1.2786,1.85,1.16
2012.07.06 03:00:10.436,1.27828,1.2786,1.85,1.91
2012.07.06 03:00:10.514,1.27827,1.2786,1.50,1.91
2012.07.06 03:00:10.723,1.27825,1.27855,1.50,1.16
2012.07.06 03:00:10.854,1.27828,1.27855,1.50,1.16
2012.07.06 03:00:10.994,1.27828,1.27855,1.50,1.16
2012.07.06 03:00:11.324,1.27828,1.27855,1.50,1.16
2012.07.06 03:00:11.709,1.27826,1.27851,1.50,1.16
2012.07.06 03:00:11.788,1.27826,1.27855,1.50,1.16
2012.07.06 03:00:11.938,1.27822,1.27855,1.13,2.66
2012.07.06 03:00:12.450,1.27836,1.27855,1.10,1.50
2012.07.06 03:00:12.527,1.27836,1.27856,1.10,1.32
2012.07.06 03:00:12.654,1.27839,1.27856,1.10,1.32
2012.07.06 03:00:13.167,1.27844,1.27856,1.10,1.32
2012.07.06 03:00:13.247,1.27846,1.27879,1.10,2.70
2012.07.06 03:00:13.324,1.27846,1.27879,1.85,2.14
2012.07.06 03:00:13.466,1.27841,1.27871,2.25,1.16
2012.07.06 03:00:13.807,1.27841,1.27871,2.25,1.16
2012.07.06 03:00:13.943,1.27841,1.27871,2.25,1.16
2012.07.06 03:00:14.215,1.27841,1.27877,2.25,1.16
2012.07.06 03:00:14.343,1.27841,1.27877,2.25,1.16
2012.07.06 03:00:14.544,1.27841,1.27877,2.25,1.16
2012.07.06 03:00:14.815,1.27844,1.27884,1.50,1.16
2012.07.06 03:00:17.203,1.27844,1.27884,1.85,1.16
2012.07.06 03:00:17.974,1.27849,1.27884,1.50,1.16
2012.07.06 03:00:18.305,1.2785,1.27886,1.10,1.16
2012.07.06 03:00:18.445,1.27846,1.27884,1.85,1.16
2012.07.06 03:00:18.705,1.27844,1.27873,1.32,1.16
2012.07.06 03:00:18.774,1.27844,1.27873,1.32,1.16
2012.07.06 03:00:19.095,1.27844,1.27873,1.32,1.16
2012.07.06 03:00:19.165,1.27844,1.27872,1.32,1.16
2012.07.06 03:00:19.758,1.27844,1.27872,1.32,1.16
2012.07.06 03:00:20.686,1.27842,1.27869,1.32,1.16
2012.07.06 03:00:20.755,1.27839,1.27869,1.10,1.16
2012.07.06 03:00:20.823,1.27835,1.27867,3.00,1.16
2012.07.06 03:00:21.196,1.27843,1.27874,1.50,1.16
2012.07.06 03:00:22.206,1.27846,1.2788,1.50,3.45
2012.07.06 03:00:22.415,1.27846,1.27876,1.50,2.14
2012.07.06 03:00:22.484,1.27846,1.27876,1.50,2.14
2012.07.06 03:00:22.555,1.2784,1.27868,2.25,1.16
2012.07.06 03:00:26.904,1.27838,1.27868,1.50,1.16
2012.07.06 03:00:27.214,1.2784,1.2787,1.10,1.16
2012.07.06 03:00:27.343,1.27843,1.27876,1.50,1.16
2012.07.06 03:00:27.768,1.27838,1.2787,1.50,1.16
2012.07.06 03:00:32.672,1.27839,1.27872,1.10,1.16
2012.07.06 03:00:32.745,1.27844,1.27877,1.50,1.16
2012.07.06 03:00:34.565,1.27843,1.27877,1.50,1.16
2012.07.06 03:00:41.734,1.27844,1.27877,1.50,1.16
2012.07.06 03:00:42.397,1.27844,1.27877,1.50,1.16
2012.07.06 03:00:43.066,1.27844,1.27877,1.50,1.16
2012.07.06 03:00:47.191,1.27846,1.27877,1.50,1.16
2012.07.06 03:00:47.376,1.27846,1.27877,1.50,1.16
2012.07.06 03:00:47.955,1.27846,1.27877,1.50,1.16
2012.07.06 03:01:02.972,1.27846,1.27877,1.50,1.16
2012.07.06 03:01:33.053,1.27846,1.27879,1.50,1.16
2012.07.06 03:02:04.860,1.27842,1.27882,1.10,1.16
2012.07.06 03:02:05.052,1.27846,1.27885,1.10,3.45
2012.07.06 03:02:15.091,1.27847,1.2789,2.25,2.48
2012.07.06 03:02:15.633,1.27858,1.27886,1.50,1.32
2012.07.06 03:02:15.893,1.27855,1.2789,2.25,1.73
2012.07.06 03:02:16.025,1.27855,1.2789,2.25,1.16
2012.07.06 03:02:16.164,1.27858,1.2789,1.10,1.50
2012.07.06 03:02:16.425,1.27858,1.27891,1.10,1.50
2012.07.06 03:02:18.403,1.27858,1.27894,1.10,1.16
2012.07.06 03:02:18.756,1.2786,1.27896,1.10,2.48
2012.07.06 03:02:21.448,1.2786,1.2789,1.10,1.50
2012.07.06 03:02:21.642,1.27857,1.27891,1.10,1.16
2012.07.06 03:02:23.151,1.2786,1.27894,1.10,1.16
2012.07.06 03:02:23.232,1.27864,1.27896,1.10,1.32
2012.07.06 03:02:23.444,1.27864,1.27898,1.10,1.16
2012.07.06 03:02:23.764,1.27864,1.279,1.10,1.16
2012.07.06 03:02:23.937,1.27864,1.279,2.82,1.16
2012.07.06 03:02:24.394,1.27868,1.279,2.48,1.16
2012.07.06 03:02:24.655,1.27869,1.27905,1.10,1.91
2012.07.06 03:02:24.793,1.27867,1.27903,1.50,1.16
2012.07.06 03:02:27.367,1.27867,1.27899,1.10,1.16
2012.07.06 03:02:32.954,1.27868,1.27902,2.25,1.16
2012.07.06 03:02:44.756,1.27868,1.27898,1.85,1.16
2012.07.06 03:02:45.513,1.27864,1.27897,1.10,1.16
2012.07.06 03:02:51.583,1.27863,1.27897,2.25,1.16
2012.07.06 03:02:51.892,1.27863,1.27892,1.50,1.16
2012.07.06 03:02:54.897,1.2786,1.27892,2.25,1.16
2012.07.06 03:02:56.335,1.2786,1.27892,3.00,1.16
2012.07.06 03:02:56.654,1.27868,1.27897,2.07,1.50
2012.07.06 03:02:56.864,1.27864,1.27895,3.00,2.14
2012.07.06 03:02:57.063,1.27866,1.27899,1.10,1.16
2012.07.06 03:02:57.137,1.27866,1.27898,1.10,1.16
2012.07.06 03:02:58.023,1.2786,1.27896,1.10,1.50
2012.07.06 03:02:58.096,1.2786,1.27893,1.10,1.16
2012.07.06 03:02:59.183,1.27858,1.27893,2.60,1.91
2012.07.06 03:02:59.716,1.27861,1.27893,1.50,1.91
2012.07.06 03:03:00.693,1.27861,1.27893,1.50,2.66
2012.07.06 03:03:00.834,1.27857,1.27886,1.50,1.16
2012.07.06 03:03:01.153,1.27857,1.27893,2.25,1.91
2012.07.06 03:03:01.294,1.27858,1.27893,1.10,1.91
2012.07.06 03:03:03.894,1.2786,1.27888,1.50,1.16
2012.07.06 03:03:04.145,1.27861,1.27894,1.85,1.16
2012.07.06 03:03:04.215,1.27868,1.27898,2.25,2.14
2012.07.06 03:03:04.533,1.27868,1.27898,1.50,2.89
2012.07.06 03:03:04.803,1.27868,1.27899,2.60,1.91
2012.07.06 03:03:05.933,1.27869,1.27899,1.10,1.50
2012.07.06 03:03:10.262,1.27869,1.27901,1.10,1.16
2012.07.06 03:03:13.172,1.27867,1.279,1.10,1.16
2012.07.06 03:03:24.957,1.27865,1.27897,1.85,1.50
2012.07.06 03:03:25.616,1.27865,1.27898,1.50,2.89
2012.07.06 03:03:42.543,1.27862,1.27898,2.25,2.89
2012.07.06 03:03:58.053,1.27862,1.27898,2.25,2.89
2012.07.06 03:04:02.662,1.27863,1.27894,1.50,1.16
2012.07.06 03:04:02.976,1.27871,1.27898,1.50,2.48
2012.07.06 03:04:03.104,1.27867,1.27898,1.50,2.89
2012.07.06 03:04:03.234,1.27867,1.279,2.25,1.91
2012.07.06 03:04:07.676,1.27879,1.279,1.50,1.50
2012.07.06 03:04:08.030,1.27879,1.27908,2.14,1.50
2012.07.06 03:04:08.166,1.27876,1.27906,1.10,1.50
2012.07.06 03:04:08.234,1.2787,1.27903,2.60,1.16
2012.07.06 03:04:08.305,1.2787,1.279,1.50,1.16
2012.07.06 03:04:08.857,1.27872,1.27905,1.10,1.16
2012.07.06 03:04:17.225,1.27871,1.27907,1.10,1.91
2012.07.06 03:05:19.841,1.27869,1.27907,2.60,1.54
2012.07.06 03:05:19.912,1.2787,1.27907,1.10,1.91
2012.07.06 03:05:20.103,1.27869,1.27905,2.60,1.16
2012.07.06 03:05:20.783,1.27873,1.27907,1.50,1.91
2012.07.06 03:05:20.986,1.27873,1.27911,2.60,1.16
2012.07.06 03:05:23.105,1.27872,1.27905,1.85,1.50
2012.07.06 03:05:23.303,1.2787,1.27905,2.60,1.50
2012.07.06 03:05:23.373,1.27867,1.27901,2.25,1.16
2012.07.06 03:05:24.382,1.27866,1.279,1.32,1.16
2012.07.06 03:05:24.644,1.27866,1.279,1.50,1.16
2012.07.06 03:05:24.897,1.27872,1.279,2.25,1.16
2012.07.06 03:05:35.424,1.27872,1.279,1.50,1.50
2012.07.06 03:05:35.677,1.27868,1.279,1.50,1.16
2012.07.06 03:05:36.263,1.27867,1.279,1.50,1.16
2012.07.06 03:05:37.026,1.27868,1.279,1.50,1.16
2012.07.06 03:05:39.523,1.27868,1.279,1.50,1.16
2012.07.06 03:05:40.068,1.27863,1.27896,2.25,1.16
2012.07.06 03:05:55.487,1.27866,1.27898,1.50,2.14
2012.07.06 03:05:55.615,1.27866,1.27901,1.50,1.16
2012.07.06 03:06:05.621,1.27866,1.27901,1.50,1.16
2012.07.06 03:06:14.515,1.27867,1.27903,1.10,1.16
2012.07.06 03:06:16.496,1.27866,1.27898,1.50,2.14
2012.07.06 03:06:16.979,1.27863,1.27898,1.10,2.89
2012.07.06 03:06:20.169,1.2786,1.27898,1.10,2.89
2012.07.06 03:06:24.444,1.2786,1.27893,1.10,1.73
2012.07.06 03:06:24.514,1.27859,1.27893,2.60,2.89
2012.07.06 03:06:36.586,1.27859,1.27892,1.10,1.16
2012.07.06 03:06:47.324,1.2786,1.27893,1.10,2.89
2012.07.06 03:06:52.455,1.27861,1.27893,1.10,2.89
2012.07.06 03:06:52.536,1.27861,1.27893,1.10,2.48
2012.07.06 03:06:57.713,1.27861,1.27893,1.85,1.50
2012.07.06 03:06:57.783,1.27861,1.27892,1.85,1.16
2012.07.06 03:07:03.829,1.2786,1.27893,1.10,1.50
2012.07.06 03:07:04.033,1.27861,1.27893,1.10,1.50
2012.07.06 03:07:04.604,1.27861,1.27893,1.10,1.91
2012.07.06 03:07:04.733,1.27861,1.27893,1.10,1.50
2012.07.06 03:07:07.347,1.27864,1.27893,1.10,1.50
2012.07.06 03:07:13.773,1.27864,1.27893,1.10,1.50
2012.07.06 03:07:14.035,1.27859,1.27892,1.10,1.16
2012.07.06 03:07:37.184,1.27861,1.27886,1.10,1.73
2012.07.06 03:07:37.443,1.27853,1.27883,1.10,1.16
2012.07.06 03:07:40.524,1.27848,1.2788,2.25,1.16
2012.07.06 03:07:40.854,1.27844,1.27875,2.32,1.16
2012.07.06 03:07:40.984,1.27844,1.27876,2.25,1.16
2012.07.06 03:07:41.628,1.27847,1.2788,1.10,1.16
2012.07.06 03:07:46.113,1.27847,1.27882,1.85,1.91
2012.07.06 03:07:46.305,1.27852,1.27882,1.10,1.50
2012.07.06 03:07:46.503,1.27852,1.27882,1.10,3.23
2012.07.06 03:07:46.912,1.27849,1.2788,2.25,1.16
2012.07.06 03:07:47.054,1.27852,1.27882,1.10,1.50
2012.07.06 03:07:47.124,1.27851,1.27882,1.10,1.50
2012.07.06 03:07:49.293,1.27851,1.27882,1.10,1.50
2012.07.06 03:07:49.423,1.2785,1.27881,2.25,1.16
2012.07.06 03:07:49.615,1.27851,1.27882,1.10,1.50
2012.07.06 03:07:49.994,1.27851,1.27882,1.10,1.50
2012.07.06 03:07:50.873,1.27849,1.27878,2.25,1.16
2012.07.06 03:07:51.013,1.27849,1.27879,2.60,1.16
2012.07.06 03:07:54.473,1.27849,1.27881,1.10,1.16
2012.07.06 03:07:54.543,1.27853,1.27882,1.10,2.48
2012.07.06 03:07:55.025,1.27854,1.27888,1.50,1.16
2012.07.06 03:07:55.096,1.27859,1.27889,1.10,1.50
2012.07.06 03:07:57.933,1.27857,1.27888,1.10,1.50
2012.07.06 03:07:58.298,1.27855,1.27886,1.50,1.16
2012.07.06 03:07:58.433,1.27855,1.27887,1.50,1.91
2012.07.06 03:07:59.654,1.27855,1.27887,1.50,1.16
2012.07.06 03:07:59.726,1.27855,1.27887,1.50,1.16
2012.07.06 03:08:00.366,1.2785,1.27882,1.10,1.16
2012.07.06 03:08:04.945,1.27848,1.27881,3.35,1.16
2012.07.06 03:08:07.453,1.27848,1.27881,2.25,1.16
2012.07.06 03:08:14.295,1.27845,1.27879,1.10,1.16
2012.07.06 03:08:14.603,1.2784,1.27876,1.54,1.16
2012.07.06 03:08:16.438,1.27846,1.27878,1.10,1.16
2012.07.06 03:08:20.746,1.27846,1.27876,1.10,1.50
2012.07.06 03:08:45.734,1.27845,1.27882,1.50,3.45
2012.07.06 03:08:45.875,1.27848,1.27882,1.10,1.16
2012.07.06 03:08:46.274,1.27848,1.2788,1.10,1.16
2012.07.06 03:08:47.704,1.27845,1.27877,1.10,1.50
2012.07.06 03:08:48.296,1.27845,1.27877,1.10,1.50
2012.07.06 03:08:55.304,1.27845,1.27879,1.10,1.16
2012.07.06 03:08:58.414,1.27841,1.27879,1.85,1.16
2012.07.06 03:09:33.062,1.27847,1.27878,1.50,1.32
2012.07.06 03:09:33.317,1.27845,1.27876,1.10,1.50
2012.07.06 03:09:33.445,1.27846,1.27876,1.10,1.50
2012.07.06 03:09:33.635,1.27843,1.27874,2.25,2.14
2012.07.06 03:09:33.824,1.27846,1.27877,1.10,1.50
2012.07.06 03:09:37.983,1.27846,1.27877,1.10,1.50
2012.07.06 03:09:39.644,1.27847,1.27878,2.25,1.32
2012.07.06 03:09:39.714,1.27847,1.2788,2.25,1.16
2012.07.06 03:09:39.784,1.27851,1.27881,1.10,1.73
2012.07.06 03:09:39.855,1.27851,1.27885,1.10,1.16
2012.07.06 03:09:39.925,1.27851,1.27885,1.10,1.16
2012.07.06 03:09:58.435,1.27847,1.27881,1.10,1.16
2012.07.06 03:09:58.635,1.27851,1.27884,1.10,1.16
2012.07.06 03:10:28.617,1.27846,1.2788,1.10,1.16
2012.07.06 03:10:39.804,1.27841,1.2788,1.85,1.16
2012.07.06 03:10:47.474,1.27839,1.27877,2.67,1.16
2012.07.06 03:10:47.664,1.27839,1.27876,2.67,1.16
2012.07.06 03:10:47.736,1.2784,1.27874,1.17,2.89
2012.07.06 03:10:52.803,1.2784,1.27874,1.17,2.89
2012.07.06 03:10:53.695,1.2784,1.27874,1.17,2.14
2012.07.06 03:10:53.824,1.27845,1.27877,1.10,1.50
2012.07.06 03:10:53.893,1.27845,1.27877,1.10,1.50
2012.07.06 03:10:58.597,1.27845,1.27877,1.10,1.50
2012.07.06 03:10:58.814,1.27845,1.27874,1.10,2.48
2012.07.06 03:11:00.526,1.27849,1.27875,1.10,1.50
2012.07.06 03:11:00.596,1.27849,1.27878,1.10,1.50
2012.07.06 03:11:00.667,1.27849,1.2788,1.10,1.16
2012.07.06 03:11:05.903,1.2785,1.27882,1.50,2.14
2012.07.06 03:11:06.164,1.27852,1.27886,1.10,1.16
2012.07.06 03:11:07.266,1.27854,1.27887,1.10,1.16
2012.07.06 03:11:07.678,1.27842,1.27875,1.10,1.16
2012.07.06 03:11:07.755,1.27844,1.27878,1.50,2.14
2012.07.06 03:11:07.889,1.2785,1.27881,1.10,1.16
2012.07.06 03:11:08.035,1.27851,1.27882,1.10,1.16
2012.07.06 03:11:09.354,1.2785,1.27881,1.10,1.16
2012.07.06 03:11:10.516,1.27848,1.27881,1.10,1.16
2012.07.06 03:11:17.336,1.2785,1.27881,1.10,1.16
2012.07.06 03:11:17.995,1.27855,1.27888,1.50,1.91
2012.07.06 03:11:18.136,1.27857,1.27891,1.10,1.50
2012.07.06 03:11:18.218,1.27855,1.27891,1.10,2.25
2012.07.06 03:11:18.298,1.27853,1.27888,1.10,1.16
2012.07.06 03:11:18.518,1.27856,1.27894,1.10,1.16
2012.07.06 03:11:18.996,1.27855,1.27892,1.50,1.16
2012.07.06 03:11:19.345,1.2785,1.27886,1.50,1.16
2012.07.06 03:11:20.308,1.27847,1.27884,1.10,1.16
2012.07.06 03:11:50.026,1.27846,1.27882,2.60,1.16
2012.07.06 03:11:55.746,1.27846,1.27882,2.60,1.16
2012.07.06 03:11:58.333,1.27845,1.27881,1.10,1.16
2012.07.06 03:12:08.118,1.27846,1.27883,1.85,1.16
2012.07.06 03:12:17.306,1.27844,1.27881,2.60,1.16
2012.07.06 03:12:19.063,1.27847,1.27882,1.85,1.16
2012.07.06 03:12:28.143,1.27847,1.27882,1.85,1.16
2012.07.06 03:12:32.952,1.27847,1.27884,2.60,1.16
2012.07.06 03:12:33.263,1.27851,1.27885,2.25,1.50
2012.07.06 03:12:50.244,1.27852,1.27884,2.25,1.16
2012.07.06 03:13:04.816,1.27851,1.27885,1.10,1.50
2012.07.06 03:13:05.264,1.27856,1.27892,1.50,1.50
2012.07.06 03:13:06.135,1.27856,1.27892,1.85,1.50
2012.07.06 03:13:06.488,1.27862,1.27894,1.10,2.07
2012.07.06 03:13:06.569,1.27862,1.27895,1.10,1.32
2012.07.06 03:13:07.047,1.27868,1.27901,1.10,2.25
2012.07.06 03:13:07.376,1.27858,1.27898,1.10,1.50
2012.07.06 03:13:07.518,1.27863,1.27897,1.10,2.25
2012.07.06 03:13:08.894,1.27863,1.27903,1.10,1.50
2012.07.06 03:13:09.378,1.27863,1.27898,1.10,2.25
2012.07.06 03:13:12.024,1.27859,1.27894,1.10,1.50
2012.07.06 03:13:12.224,1.27857,1.27895,1.10,1.16
2012.07.06 03:13:12.365,1.27858,1.27895,1.10,2.25
2012.07.06 03:13:12.751,1.27858,1.27896,1.10,1.50
2012.07.06 03:13:13.266,1.27858,1.27893,1.10,1.50
2012.07.06 03:13:14.214,1.27858,1.27896,1.10,1.50
2012.07.06 03:13:14.769,1.27858,1.27896,1.10,1.50
2012.07.06 03:13:14.936,1.27858,1.27896,1.10,1.50
2012.07.06 03:13:15.005,1.27858,1.27896,1.10,1.50
2012.07.06 03:13:15.173,1.27858,1.27896,1.10,1.50
2012.07.06 03:13:27.273,1.27858,1.27898,1.10,1.50
2012.07.06 03:13:28.063,1.27858,1.27898,1.10,1.50
2012.07.06 03:13:31.340,1.27858,1.27898,1.10,1.50
2012.07.06 03:13:31.987,1.27858,1.27898,1.10,1.50
2012.07.06 03:13:32.660,1.27858,1.27898,1.10,1.50
2012.07.06 03:13:33.326,1.27858,1.27899,1.10,2.66
2012.07.06 03:13:38.914,1.27858,1.279,1.10,2.25
2012.07.06 03:13:39.525,1.27858,1.27899,1.10,1.16
2012.07.06 03:13:40.305,1.27854,1.27896,1.85,1.16
2012.07.06 03:13:40.711,1.27862,1.27901,1.10,2.89
2012.07.06 03:13:40.785,1.27862,1.27901,1.10,2.48
2012.07.06 03:13:47.346,1.27862,1.27902,1.10,2.25
2012.07.06 03:13:50.204,1.27862,1.27902,1.10,2.25
2012.07.06 03:13:52.834,1.27858,1.27897,2.07,1.50
2012.07.06 03:13:53.345,1.27862,1.27897,1.10,1.50
2012.07.06 03:13:57.723,1.27862,1.27897,1.10,1.50
2012.07.06 03:13:59.256,1.27862,1.27897,1.10,1.50
2012.07.06 03:13:59.696,1.27861,1.27898,2.07,2.82
2012.07.06 03:13:59.825,1.27856,1.27898,1.10,3.23
2012.07.06 03:14:00.264,1.27856,1.27893,1.10,1.16
2012.07.06 03:14:00.394,1.27856,1.27891,1.10,2.25
2012.07.06 03:14:02.865,1.27855,1.27893,1.85,1.16
2012.07.06 03:14:03.114,1.27855,1.27894,1.85,1.32
2012.07.06 03:14:03.599,1.27855,1.27894,1.85,1.32
2012.07.06 03:14:07.505,1.27854,1.27896,2.60,2.82
2012.07.06 03:14:07.646,1.27854,1.27896,1.10,2.82
2012.07.06 03:14:08.104,1.27854,1.27896,1.10,2.25
2012.07.06 03:14:08.872,1.27857,1.279,1.85,3.00
2012.07.06 03:14:09.065,1.27852,1.27895,1.85,1.16
2012.07.06 03:14:17.238,1.27852,1.27893,1.85,1.16
2012.07.06 03:14:22.540,1.2785,1.27888,1.10,2.25
2012.07.06 03:14:26.955,1.2785,1.27892,1.10,3.41
2012.07.06 03:14:27.254,1.27852,1.27892,1.85,1.91
2012.07.06 03:14:37.248,1.2785,1.27891,1.10,1.16
2012.07.06 03:14:38.922,1.27849,1.27891,1.10,1.16
2012.07.06 03:14:55.702,1.27846,1.27886,1.85,1.50
2012.07.06 03:14:55.835,1.27846,1.27886,1.85,1.50
2012.07.06 03:15:06.123,1.27843,1.27885,1.10,2.66
2012.07.06 03:15:06.316,1.27848,1.27885,1.10,2.66
2012.07.06 03:15:06.898,1.27848,1.27881,1.10,2.25
2012.07.06 03:15:06.967,1.27848,1.27876,1.10,2.25
2012.07.06 03:15:08.385,1.27844,1.2788,1.10,2.25
2012.07.06 03:15:08.586,1.27844,1.2788,1.10,2.25
2012.07.06 03:15:08.785,1.27847,1.2788,1.10,2.25
2012.07.06 03:15:09.234,1.27847,1.2788,1.10,2.25
2012.07.06 03:15:24.279,1.27846,1.27883,1.10,1.16
2012.07.06 03:15:24.946,1.27852,1.27885,1.50,1.50
2012.07.06 03:15:25.084,1.27854,1.27887,1.10,1.32
2012.07.06 03:15:25.288,1.27859,1.27894,1.10,1.50
2012.07.06 03:15:25.435,1.27859,1.27894,1.10,1.50
2012.07.06 03:15:25.755,1.27859,1.27894,1.10,1.50
2012.07.06 03:15:26.117,1.27866,1.27894,1.10,1.50
2012.07.06 03:15:26.495,1.27861,1.27894,2.07,1.50
2012.07.06 03:15:28.495,1.27861,1.27894,1.10,1.50
2012.07.06 03:15:28.826,1.27862,1.27894,1.85,1.50
2012.07.06 03:15:30.027,1.2786,1.27894,1.10,1.50
2012.07.06 03:15:48.135,1.2786,1.27894,1.10,1.50
2012.07.06 03:15:58.963,1.2786,1.27894,1.10,1.50
2012.07.06 03:16:07.744,1.27858,1.27894,3.57,1.50
2012.07.06 03:16:07.875,1.27858,1.27894,1.85,1.50
2012.07.06 03:16:14.516,1.27859,1.27895,1.10,1.50
2012.07.06 03:16:14.585,1.27859,1.27895,1.10,1.50
2012.07.06 03:16:16.917,1.27859,1.27895,1.10,1.50
2012.07.06 03:16:21.969,1.27866,1.27901,1.10,1.50
2012.07.06 03:16:22.048,1.27866,1.27901,1.10,1.50
2012.07.06 03:16:22.186,1.27866,1.27901,2.82,1.50
2012.07.06 03:16:22.506,1.27866,1.27893,1.73,1.50
2012.07.06 03:16:22.639,1.2786,1.27893,1.85,1.50
2012.07.06 03:16:26.625,1.27865,1.27899,2.48,1.50
2012.07.06 03:16:26.944,1.27871,1.27899,1.10,1.50
2012.07.06 03:16:27.214,1.27869,1.27899,2.07,1.50
2012.07.06 03:16:27.345,1.27867,1.27899,1.10,1.50
2012.07.06 03:16:27.657,1.27869,1.279,2.07,1.50
2012.07.06 03:16:39.606,1.27867,1.279,1.10,1.50
2012.07.06 03:16:56.505,1.27865,1.27895,2.07,1.50
2012.07.06 03:16:58.085,1.27864,1.27895,1.85,1.50
2012.07.06 03:17:16.169,1.27862,1.27896,1.10,2.25
2012.07.06 03:17:16.318,1.27862,1.27896,1.10,2.25
2012.07.06 03:17:16.467,1.27862,1.27896,1.85,2.25
2012.07.06 03:17:16.829,1.2787,1.27903,1.10,1.50
2012.07.06 03:17:17.187,1.27885,1.27908,2.82,1.32
2012.07.06 03:17:17.327,1.27882,1.27912,1.10,2.94
2012.07.06 03:17:17.397,1.27882,1.27913,1.10,4.25
2012.07.06 03:17:17.527,1.27878,1.27913,1.10,3.50
2012.07.06 03:17:18.176,1.2788,1.27913,1.10,2.75
2012.07.06 03:17:18.318,1.27885,1.27913,2.82,2.75
2012.07.06 03:17:18.647,1.27878,1.27911,1.10,2.25
2012.07.06 03:17:18.786,1.27884,1.27911,1.10,2.25
2012.07.06 03:17:19.278,1.2789,1.27911,1.73,2.25
2012.07.06 03:17:19.363,1.27878,1.27913,1.10,3.50
2012.07.06 03:17:22.454,1.27877,1.27913,1.10,3.50
2012.07.06 03:17:23.535,1.27877,1.27913,1.10,3.50
2012.07.06 03:17:24.739,1.27881,1.27913,2.07,3.50
2012.07.06 03:17:24.815,1.27877,1.27912,1.10,2.75
2012.07.06 03:17:24.956,1.27883,1.27912,1.10,2.75
2012.07.06 03:17:25.287,1.27883,1.27912,1.10,2.75
2012.07.06 03:17:25.357,1.27883,1.27912,1.10,2.75
2012.07.06 03:17:27.329,1.27883,1.27912,1.10,2.75
2012.07.06 03:17:31.844,1.27883,1.27912,1.10,2.75
2012.07.06 03:17:31.974,1.27883,1.27913,1.10,2.75
2012.07.06 03:17:34.446,1.27874,1.27906,2.07,1.50
2012.07.06 03:17:34.645,1.27871,1.27905,1.85,1.50
2012.07.06 03:17:37.384,1.27869,1.27904,2.07,1.50
2012.07.06 03:17:37.587,1.27864,1.27904,1.10,2.66
2012.07.06 03:17:37.654,1.2787,1.27904,1.10,2.66
2012.07.06 03:17:37.736,1.2787,1.27904,1.10,2.25
2012.07.06 03:17:44.707,1.2787,1.27904,1.10,2.25
2012.07.06 03:17:45.049,1.27864,1.27903,1.17,1.91
2012.07.06 03:17:47.278,1.27864,1.27902,1.10,3.41
2012.07.06 03:17:50.647,1.27864,1.27902,1.10,3.41
2012.07.06 03:17:50.719,1.2786,1.27896,2.82,1.35
2012.07.06 03:17:50.937,1.27863,1.27898,1.10,2.66
2012.07.06 03:17:51.208,1.27861,1.27897,1.85,1.50
2012.07.06 03:17:51.938,1.27868,1.27899,1.10,2.14
2012.07.06 03:17:52.006,1.27872,1.27899,1.10,1.73
2012.07.06 03:17:52.258,1.27873,1.27905,2.07,1.50
2012.07.06 03:17:52.387,1.27867,1.27893,2.60,1.50
2012.07.06 03:17:52.455,1.27867,1.27893,2.25,1.50
2012.07.06 03:17:52.785,1.27873,1.27892,1.10,1.73
2012.07.06 03:17:52.855,1.27873,1.27901,2.82,2.25
2012.07.06 03:17:52.927,1.27873,1.27897,2.07,1.50
2012.07.06 03:17:52.997,1.27873,1.27897,1.73,1.50
2012.07.06 03:17:53.067,1.27868,1.27899,1.85,2.48
2012.07.06 03:17:53.396,1.27866,1.27899,1.10,1.73
2012.07.06 03:17:53.465,1.27866,1.27899,1.10,1.73
2012.07.06 03:17:53.796,1.27864,1.27898,1.85,1.50
2012.07.06 03:17:53.928,1.27864,1.279,1.10,3.98
2012.07.06 03:17:54.000,1.27864,1.279,1.10,3.98
2012.07.06 03:17:54.325,1.2786,1.27898,1.10,1.50
2012.07.06 03:17:54.394,1.27863,1.279,1.10,3.64
2012.07.06 03:17:54.526,1.27863,1.279,1.10,1.50
2012.07.06 03:17:54.891,1.2786,1.27898,1.10,1.50
2012.07.06 03:17:54.970,1.2786,1.27898,1.10,1.50
2012.07.06 03:17:59.645,1.27863,1.27899,1.10,3.64
2012.07.06 03:17:59.835,1.27863,1.27899,1.10,3.23
2012.07.06 03:18:00.346,1.27863,1.27899,1.10,1.50
2012.07.06 03:18:04.345,1.27863,1.27899,1.10,1.50
2012.07.06 03:18:04.543,1.27863,1.27901,1.10,1.50
2012.07.06 03:18:13.263,1.27864,1.27899,1.10,1.50
2012.07.06 03:18:13.749,1.27864,1.27901,1.10,2.07
2012.07.06 03:18:18.496,1.27864,1.27901,1.10,2.07
2012.07.06 03:18:22.345,1.27864,1.27899,1.10,1.50
2012.07.06 03:18:22.474,1.27864,1.27899,1.10,1.50
2012.07.06 03:18:27.939,1.27864,1.27899,1.10,1.50
2012.07.06 03:18:29.977,1.27861,1.27897,2.14,1.16
2012.07.06 03:18:32.026,1.27859,1.27895,1.10,1.16
2012.07.06 03:18:33.327,1.27859,1.27895,1.10,1.16
2012.07.06 03:18:33.395,1.27859,1.27894,1.10,2.25
2012.07.06 03:18:33.736,1.27856,1.27888,1.10,1.16
2012.07.06 03:18:34.039,1.27851,1.27883,1.10,1.16
2012.07.06 03:18:34.327,1.27845,1.27879,2.32,1.16
2012.07.06 03:18:34.644,1.27846,1.27875,2.25,1.16
2012.07.06 03:18:34.718,1.27847,1.27879,1.10,1.50
2012.07.06 03:18:38.856,1.27853,1.27883,1.85,3.04
2012.07.06 03:18:38.926,1.27853,1.27883,1.85,2.29
2012.07.06 03:18:38.997,1.27853,1.27883,1.85,2.29
2012.07.06 03:18:39.186,1.27857,1.27891,1.10,2.25
2012.07.06 03:18:40.287,1.27855,1.27893,1.10,3.00
2012.07.06 03:18:42.595,1.27855,1.27893,1.10,3.00
2012.07.06 03:18:44.037,1.27856,1.27893,1.85,1.50
2012.07.06 03:18:44.165,1.27861,1.27898,1.10,2.48
2012.07.06 03:18:44.297,1.27861,1.27898,1.10,2.48
2012.07.06 03:18:44.614,1.2786,1.27896,2.60,1.50
2012.07.06 03:18:45.787,1.2786,1.27896,2.60,1.50
2012.07.06 03:18:47.175,1.27874,1.27905,1.47,2.82
2012.07.06 03:18:47.456,1.2789,1.27912,2.07,2.75
2012.07.06 03:18:47.850,1.27891,1.27913,2.48,2.00
2012.07.06 03:18:48.128,1.27887,1.27912,1.10,2.00
2012.07.06 03:18:48.270,1.27886,1.27912,3.04,2.00
2012.07.06 03:18:52.884,1.27885,1.27912,1.32,2.00
2012.07.06 03:18:52.955,1.27882,1.27912,2.07,2.00
2012.07.06 03:18:53.085,1.27878,1.27912,1.10,2.00
2012.07.06 03:18:53.768,1.27878,1.27912,1.10,2.41
2012.07.06 03:18:53.846,1.27878,1.27911,1.10,1.16
2012.07.06 03:18:58.306,1.2787,1.27908,1.85,1.50
2012.07.06 03:19:00.837,1.27873,1.27908,1.10,1.50
2012.07.06 03:19:01.158,1.27869,1.27901,1.32,1.16
2012.07.06 03:19:01.719,1.27875,1.27903,2.63,1.50
2012.07.06 03:19:01.803,1.27875,1.27906,1.66,1.16
2012.07.06 03:19:02.196,1.27875,1.279,2.07,1.16
2012.07.06 03:19:02.538,1.27877,1.27894,2.07,1.16
2012.07.06 03:19:02.608,1.27876,1.279,1.50,1.16
2012.07.06 03:19:02.749,1.27864,1.279,1.50,1.16
2012.07.06 03:19:02.830,1.27863,1.27894,1.32,1.16
2012.07.06 03:19:02.908,1.27863,1.27897,2.07,1.16
2012.07.06 03:19:02.976,1.27866,1.27897,1.10,1.16
2012.07.06 03:19:03.048,1.27869,1.27897,1.50,1.16
2012.07.06 03:19:03.328,1.27866,1.27897,1.10,1.16
2012.07.06 03:19:03.657,1.27867,1.27899,1.10,1.16
2012.07.06 03:19:04.176,1.27861,1.27893,1.10,1.16
2012.07.06 03:19:06.011,1.27861,1.27892,1.10,1.16
2012.07.06 03:19:06.736,1.27864,1.27886,2.25,1.16
2012.07.06 03:19:07.045,1.27864,1.27879,2.25,1.16
2012.07.06 03:19:11.468,1.27854,1.27879,2.70,1.16
2012.07.06 03:19:12.137,1.27852,1.27885,2.32,1.16
2012.07.06 03:19:12.833,1.27856,1.27888,2.25,1.16
2012.07.06 03:19:12.976,1.27863,1.27896,1.10,1.32
2012.07.06 03:19:13.186,1.2786,1.27894,1.10,1.16
2012.07.06 03:19:13.439,1.27863,1.27894,2.25,1.16
2012.07.06 03:19:13.586,1.27864,1.27898,1.10,1.16
2012.07.06 03:19:21.745,1.27864,1.27904,2.60,2.66
2012.07.06 03:19:21.815,1.27867,1.27904,1.10,2.66
2012.07.06 03:19:26.415,1.27864,1.27904,4.10,1.16
2012.07.06 03:19:26.605,1.27864,1.27899,2.25,1.16
2012.07.06 03:19:28.444,1.27864,1.27904,3.00,1.16
2012.07.06 03:19:28.577,1.27868,1.27904,1.10,1.16
2012.07.06 03:19:28.958,1.27873,1.27904,1.50,1.16
2012.07.06 03:19:29.308,1.27873,1.27913,1.85,3.16
2012.07.06 03:19:29.628,1.2788,1.27913,1.50,2.75
2012.07.06 03:19:29.978,1.27884,1.27913,1.50,2.75
2012.07.06 03:19:30.499,1.2788,1.27913,1.66,2.75
2012.07.06 03:19:31.047,1.27879,1.27912,1.10,2.75
2012.07.06 03:19:32.325,1.27879,1.27912,1.10,2.75
2012.07.06 03:19:32.455,1.27877,1.27912,2.25,3.16
2012.07.06 03:19:33.321,1.27874,1.27903,1.10,1.50
2012.07.06 03:19:33.456,1.27872,1.27903,1.73,1.91
2012.07.06 03:19:33.657,1.27866,1.27902,2.82,1.16
2012.07.06 03:19:33.795,1.27867,1.27903,1.10,1.91
2012.07.06 03:19:35.546,1.27873,1.27907,1.10,1.16
2012.07.06 03:19:35.675,1.27873,1.27907,1.10,1.16
2012.07.06 03:19:35.746,1.27869,1.27907,1.10,1.91
2012.07.06 03:19:35.815,1.27868,1.27902,1.10,1.16
2012.07.06 03:19:35.886,1.27869,1.27902,1.50,1.16
2012.07.06 03:19:36.196,1.27878,1.27912,1.10,2.25
2012.07.06 03:19:39.415,1.27872,1.27909,1.10,1.50
2012.07.06 03:19:39.860,1.27868,1.27902,2.25,1.16
2012.07.06 03:19:40.139,1.27869,1.27902,1.10,1.50
2012.07.06 03:19:40.477,1.27869,1.27896,1.50,1.16
2012.07.06 03:19:40.809,1.27864,1.27896,1.10,1.50
2012.07.06 03:19:40.878,1.27864,1.27896,1.10,1.50
2012.07.06 03:19:40.946,1.27866,1.27898,1.10,1.32
2012.07.06 03:19:41.075,1.27866,1.27898,1.10,1.32
2012.07.06 03:19:41.394,1.27866,1.27898,1.10,1.32
2012.07.06 03:19:41.856,1.27866,1.27898,1.10,1.32
2012.07.06 03:19:43.274,1.27866,1.27898,1.10,1.32
2012.07.06 03:19:43.833,1.27866,1.27903,1.10,1.32
2012.07.06 03:19:43.917,1.27866,1.27904,1.10,1.50
2012.07.06 03:19:45.424,1.27872,1.27904,1.73,1.50
2012.07.06 03:19:45.734,1.27874,1.27908,1.10,1.91
2012.07.06 03:19:46.094,1.27874,1.27908,1.10,1.50
2012.07.06 03:19:46.487,1.27872,1.27903,1.10,1.50
2012.07.06 03:19:46.785,1.27867,1.27903,2.07,2.25
2012.07.06 03:19:47.704,1.27867,1.27901,2.07,1.50
2012.07.06 03:19:54.244,1.27867,1.27899,2.07,2.25
2012.07.06 03:19:54.374,1.27863,1.27898,1.10,1.16
2012.07.06 03:19:59.864,1.27864,1.279,1.50,1.16
2012.07.06 03:20:00.128,1.27873,1.27904,1.10,2.25
2012.07.06 03:20:03.746,1.27874,1.27907,1.10,2.25
2012.07.06 03:20:04.007,1.27875,1.27909,1.10,1.16
2012.07.06 03:20:04.306,1.2788,1.27912,2.82,2.25
2012.07.06 03:20:04.439,1.2788,1.27912,2.82,2.25
2012.07.06 03:20:04.846,1.27879,1.27913,2.82,2.75
2012.07.06 03:20:05.725,1.27874,1.2791,1.10,2.66
2012.07.06 03:20:05.796,1.27873,1.27909,1.10,1.50
2012.07.06 03:20:07.299,1.27872,1.27909,2.89,1.50
2012.07.06 03:20:08.970,1.27872,1.2791,4.39,2.66
2012.07.06 03:20:12.196,1.27879,1.27912,2.48,2.25
2012.07.06 03:20:12.736,1.27892,1.27913,2.48,2.75
2012.07.06 03:20:13.144,1.27885,1.27913,1.10,2.75
2012.07.06 03:20:14.049,1.27879,1.27913,1.10,2.75
2012.07.06 03:20:15.655,1.27879,1.27913,1.10,2.75
2012.07.06 03:20:15.986,1.27885,1.27913,1.10,2.75
2012.07.06 03:20:19.365,1.2789,1.27912,1.10,2.00
2012.07.06 03:20:23.515,1.27883,1.27912,1.39,2.00
2012.07.06 03:20:24.495,1.2788,1.27912,2.07,2.75
2012.07.06 03:20:24.627,1.27879,1.27912,1.10,2.75
2012.07.06 03:20:24.825,1.27879,1.27912,1.10,2.75
2012.07.06 03:20:28.253,1.27879,1.27912,1.10,2.75
2012.07.06 03:20:28.809,1.27879,1.27912,1.10,2.75
2012.07.06 03:20:31.444,1.27879,1.27912,1.10,2.75
2012.07.06 03:20:35.425,1.27879,1.27912,1.10,2.75
2012.07.06 03:20:37.606,1.27878,1.27912,1.10,2.75
2012.07.06 03:20:47.066,1.27884,1.27912,1.10,2.75
2012.07.06 03:20:55.334,1.27884,1.27912,1.10,2.75
2012.07.06 03:20:58.027,1.27883,1.27912,1.10,2.75
2012.07.06 03:21:04.244,1.27883,1.27912,1.10,2.75
2012.07.06 03:21:12.084,1.27883,1.27912,1.10,2.75
2012.07.06 03:21:12.476,1.27889,1.27912,1.10,2.75
2012.07.06 03:21:12.936,1.27901,1.27912,2.48,2.75
2012.07.06 03:21:13.079,1.27894,1.27922,1.10,1.50
2012.07.06 03:21:13.158,1.27891,1.27922,1.10,1.50
2012.07.06 03:21:13.229,1.27891,1.27921,1.10,1.50
2012.07.06 03:21:13.476,1.27892,1.27921,1.10,1.50
2012.07.06 03:21:13.808,1.27888,1.27921,1.32,1.50
2012.07.06 03:21:15.197,1.27886,1.2792,1.66,1.50
2012.07.06 03:21:15.270,1.27886,1.2792,1.10,1.50
2012.07.06 03:21:16.287,1.27886,1.2792,1.10,1.50
2012.07.06 03:21:17.365,1.27882,1.2792,1.10,1.91
2012.07.06 03:21:17.759,1.27886,1.27921,1.10,1.16
2012.07.06 03:21:31.936,1.27885,1.27921,1.10,2.25
2012.07.06 03:21:32.864,1.27886,1.27922,1.10,1.50
2012.07.06 03:21:33.529,1.27886,1.27922,1.10,1.50
2012.07.06 03:21:37.635,1.27889,1.27922,1.10,1.50
2012.07.06 03:21:41.164,1.2789,1.27922,1.10,1.50
2012.07.06 03:21:41.298,1.2789,1.27922,1.10,1.50
2012.07.06 03:21:41.629,1.27902,1.27922,1.10,1.50
2012.07.06 03:21:50.803,1.27901,1.27922,1.10,1.50
2012.07.06 03:21:51.539,1.27904,1.27921,1.10,1.50
2012.07.06 03:21:51.678,1.27903,1.27921,1.10,1.50
2012.07.06 03:21:52.446,1.27901,1.27924,1.66,2.94
2012.07.06 03:21:52.969,1.27901,1.27924,1.32,2.25
2012.07.06 03:21:54.206,1.27901,1.27924,1.32,2.25
2012.07.06 03:21:54.416,1.27901,1.27921,1.32,1.50
2012.07.06 03:21:54.557,1.27894,1.27921,1.32,1.50
2012.07.06 03:21:54.628,1.27889,1.27921,1.66,1.50
2012.07.06 03:21:54.841,1.27894,1.27923,1.32,1.50
2012.07.06 03:21:54.917,1.27889,1.27921,1.66,1.50
2012.07.06 03:21:55.246,1.2788,1.27915,1.66,1.50
2012.07.06 03:21:55.686,1.27879,1.27915,2.41,1.50
2012.07.06 03:21:55.815,1.27879,1.27915,1.85,1.50
2012.07.06 03:21:58.677,1.27879,1.27912,1.85,1.50
2012.07.06 03:21:58.807,1.27874,1.27912,1.85,3.23
2012.07.06 03:21:58.937,1.27874,1.27909,1.85,1.50
2012.07.06 03:21:59.008,1.27874,1.27907,1.85,2.48
2012.07.06 03:21:59.206,1.27873,1.27907,1.10,2.48
2012.07.06 03:21:59.278,1.27873,1.27907,1.10,2.48
2012.07.06 03:21:59.606,1.27873,1.27907,1.10,2.48
2012.07.06 03:22:02.876,1.27868,1.27906,1.10,1.50
2012.07.06 03:22:03.215,1.27867,1.27894,1.10,1.50
2012.07.06 03:22:03.729,1.27868,1.27898,1.10,2.48
2012.07.06 03:22:04.120,1.27874,1.27901,1.10,1.32
2012.07.06 03:22:04.203,1.27879,1.27901,1.10,1.32
2012.07.06 03:22:05.599,1.27879,1.27906,1.10,1.32
2012.07.06 03:22:05.665,1.27879,1.27912,1.10,2.75
2012.07.06 03:22:05.856,1.27874,1.27908,1.10,1.50
2012.07.06 03:22:07.187,1.27874,1.27908,1.10,1.50
2012.07.06 03:22:07.255,1.27874,1.27908,1.10,1.50
2012.07.06 03:22:10.828,1.27874,1.27908,1.85,1.50
2012.07.06 03:22:11.939,1.27879,1.27912,1.85,2.75
2012.07.06 03:22:24.021,1.27885,1.27911,1.10,2.75
2012.07.06 03:22:24.556,1.27885,1.27911,1.10,2.75
2012.07.06 03:22:25.576,1.27878,1.27912,1.10,2.75
2012.07.06 03:22:28.865,1.27879,1.27912,1.50,2.75
2012.07.06 03:22:29.066,1.27883,1.27912,2.48,2.75
2012.07.06 03:22:29.410,1.27889,1.27912,2.48,2.75
2012.07.06 03:22:29.676,1.27889,1.27912,1.73,2.75
2012.07.06 03:22:29.749,1.27889,1.27912,1.73,2.75
2012.07.06 03:22:29.816,1.27883,1.27912,1.47,2.75
2012.07.06 03:22:29.886,1.27883,1.27912,1.10,2.75
2012.07.06 03:22:30.238,1.27883,1.27912,1.10,2.75
2012.07.06 03:22:30.516,1.27883,1.27912,1.10,2.75
2012.07.06 03:22:33.248,1.27883,1.27912,1.85,2.75
2012.07.06 03:22:33.567,1.27888,1.27912,1.10,2.75
2012.07.06 03:22:34.083,1.27888,1.27912,1.10,2.75
2012.07.06 03:22:34.157,1.27888,1.27911,1.10,2.75
2012.07.06 03:22:37.116,1.27888,1.27911,1.10,2.75
2012.07.06 03:22:37.542,1.27888,1.27911,1.10,2.75
2012.07.06 03:22:37.757,1.2789,1.27912,1.85,2.00
2012.07.06 03:22:38.079,1.27893,1.27912,1.10,2.00
2012.07.06 03:22:38.716,1.2789,1.27912,1.10,2.00
2012.07.06 03:22:38.786,1.2789,1.27912,1.10,2.00
2012.07.06 03:22:39.046,1.27882,1.27912,1.10,2.00
2012.07.06 03:22:39.610,1.27882,1.27911,1.10,2.75
2012.07.06 03:22:47.338,1.27882,1.27911,1.10,2.75
2012.07.06 03:22:52.095,1.27884,1.27911,1.10,2.75
2012.07.06 03:22:52.475,1.27888,1.27911,1.10,2.75
2012.07.06 03:22:54.007,1.27883,1.27912,1.10,2.75
2012.07.06 03:22:57.346,1.27883,1.27912,1.10,2.75
2012.07.06 03:23:07.359,1.27883,1.27912,1.10,2.75
2012.07.06 03:23:15.309,1.27883,1.27912,1.10,2.75
2012.07.06 03:23:23.816,1.27884,1.27912,1.10,2.75
2012.07.06 03:23:24.124,1.2789,1.27912,1.10,2.75
2012.07.06 03:23:26.994,1.27892,1.27912,2.48,2.75
2012.07.06 03:23:27.468,1.27897,1.27912,1.50,2.75
2012.07.06 03:23:28.006,1.27901,1.27912,1.73,2.00
2012.07.06 03:23:28.078,1.27893,1.27912,1.10,2.00
2012.07.06 03:23:28.427,1.27896,1.27912,1.10,2.00
2012.07.06 03:23:28.765,1.27901,1.27912,1.10,2.00
2012.07.06 03:23:30.517,1.27892,1.27912,2.07,2.00
2012.07.06 03:23:30.588,1.27892,1.27912,1.73,2.00
2012.07.06 03:23:30.993,1.27888,1.27912,2.25,2.00
2012.07.06 03:23:31.077,1.27889,1.27912,1.10,2.75
2012.07.06 03:23:31.207,1.27891,1.27912,1.10,2.75
2012.07.06 03:23:31.516,1.27888,1.27912,2.82,2.75
2012.07.06 03:23:32.426,1.27894,1.27912,1.50,2.75
2012.07.06 03:23:32.767,1.27897,1.27911,1.10,2.00
2012.07.06 03:23:33.387,1.27896,1.27911,1.10,2.00
2012.07.06 03:23:33.576,1.27894,1.27911,1.32,2.00
2012.07.06 03:23:38.027,1.27886,1.27911,2.41,2.75
2012.07.06 03:23:38.102,1.2788,1.27908,1.73,1.16
2012.07.06 03:23:38.178,1.27875,1.27908,1.50,2.14
2012.07.06 03:23:38.248,1.27872,1.27909,1.85,1.16
2012.07.06 03:23:38.318,1.27874,1.27911,1.10,1.91
2012.07.06 03:23:38.516,1.27876,1.27909,1.50,1.16
2012.07.06 03:23:38.846,1.27876,1.27906,1.50,1.16
2012.07.06 03:23:40.878,1.27876,1.27906,1.50,1.16
2012.07.06 03:23:41.067,1.27876,1.27911,1.85,1.16
2012.07.06 03:23:41.385,1.27876,1.27906,1.50,1.50
2012.07.06 03:23:41.898,1.2787,1.27906,1.85,1.50
2012.07.06 03:23:42.625,1.2787,1.27906,1.85,1.91
2012.07.06 03:23:43.626,1.27876,1.27906,1.50,1.16
2012.07.06 03:23:44.026,1.27879,1.27907,1.50,1.91
2012.07.06 03:23:44.611,1.27875,1.27905,1.66,1.16
2012.07.06 03:23:45.386,1.27876,1.27907,1.50,1.16
2012.07.06 03:23:45.707,1.2788,1.27906,1.85,1.50
2012.07.06 03:23:45.775,1.2788,1.27904,1.50,1.16
2012.07.06 03:23:46.027,1.27875,1.279,1.32,1.16
2012.07.06 03:23:46.806,1.27868,1.279,1.32,1.16
2012.07.06 03:23:46.937,1.27868,1.27903,1.50,1.16
2012.07.06 03:23:47.127,1.2787,1.27904,1.85,1.16
2012.07.06 03:23:47.258,1.2787,1.27898,1.50,1.16
2012.07.06 03:23:47.647,1.27866,1.27898,1.10,1.16
2012.07.06 03:23:48.676,1.27868,1.27903,1.50,1.16
2012.07.06 03:23:48.867,1.27868,1.27903,3.35,1.16
2012.07.06 03:23:49.066,1.27873,1.27903,1.50,1.16
2012.07.06 03:23:49.958,1.27873,1.27905,1.85,1.16
2012.07.06 03:23:50.086,1.27874,1.27906,1.10,1.16
2012.07.06 03:23:51.106,1.27875,1.27906,1.50,1.16
2012.07.06 03:23:51.428,1.27884,1.27912,1.10,2.75
2012.07.06 03:23:51.737,1.2788,1.27911,2.48,1.16
2012.07.06 03:23:52.165,1.27881,1.2791,1.50,1.16
2012.07.06 03:23:52.317,1.27881,1.27909,1.50,1.50
2012.07.06 03:23:52.457,1.27877,1.27909,2.48,1.91
2012.07.06 03:23:52.533,1.27877,1.27905,1.73,1.91
2012.07.06 03:23:52.678,1.27869,1.27905,1.50,2.66
2012.07.06 03:23:52.958,1.27869,1.27904,1.50,1.91
2012.07.06 03:23:53.029,1.2787,1.27904,1.10,1.91
2012.07.06 03:23:53.236,1.27871,1.27904,1.10,1.91
2012.07.06 03:23:53.425,1.2787,1.27904,1.10,1.91
2012.07.06 03:23:53.619,1.27872,1.27905,1.10,1.16
2012.07.06 03:23:54.959,1.27872,1.27902,1.10,1.50
2012.07.06 03:23:55.029,1.27867,1.27896,1.10,2.25
2012.07.06 03:23:55.098,1.27865,1.27896,1.39,2.66
2012.07.06 03:23:55.306,1.27865,1.27892,1.39,1.16
2012.07.06 03:23:55.705,1.27864,1.27888,1.39,1.16
2012.07.06 03:23:55.776,1.27864,1.27888,1.39,1.16
2012.07.06 03:23:56.594,1.27865,1.27891,1.39,1.16
2012.07.06 03:23:57.098,1.27859,1.27892,2.89,1.16
2012.07.06 03:23:57.507,1.27859,1.27885,1.39,1.16
2012.07.06 03:23:57.577,1.27859,1.27885,1.32,1.16
2012.07.06 03:23:57.707,1.27859,1.27892,1.32,2.89
2012.07.06 03:23:58.568,1.2786,1.27892,1.10,1.16
2012.07.06 03:23:58.767,1.27863,1.27897,1.50,3.64
2012.07.06 03:23:59.289,1.27865,1.27902,2.48,2.48
2012.07.06 03:23:59.369,1.27866,1.27903,1.10,1.16
2012.07.06 03:23:59.496,1.27869,1.27903,1.10,1.16
2012.07.06 03:24:02.302,1.27878,1.27906,1.73,1.16
2012.07.06 03:24:02.375,1.2787,1.27906,2.48,1.16
2012.07.06 03:24:02.979,1.2787,1.27902,1.73,1.16
2012.07.06 03:24:03.339,1.27869,1.27904,2.48,1.16
2012.07.06 03:24:04.407,1.27872,1.27907,1.50,1.16
2012.07.06 03:24:04.478,1.27879,1.27909,1.10,1.16
2012.07.06 03:24:05.268,1.27879,1.27909,1.10,1.16
2012.07.06 03:24:05.755,1.27885,1.27911,1.10,2.75
2012.07.06 03:24:08.786,1.27879,1.27911,1.10,3.16
2012.07.06 03:24:09.414,1.27874,1.2791,2.82,1.16
2012.07.06 03:24:09.665,1.27874,1.27906,1.10,1.16
2012.07.06 03:24:09.855,1.27872,1.27906,1.50,1.16
2012.07.06 03:24:11.477,1.27874,1.2791,1.50,1.16
2012.07.06 03:24:11.607,1.27874,1.2791,2.82,1.91
2012.07.06 03:24:11.735,1.27874,1.27907,2.82,1.16
2012.07.06 03:24:12.056,1.27871,1.27907,2.41,1.16
2012.07.06 03:24:13.115,1.27871,1.27907,1.66,1.16
2012.07.06 03:24:14.873,1.27871,1.27907,1.10,1.16
2012.07.06 03:24:14.953,1.27868,1.27905,2.60,2.89
2012.07.06 03:24:15.028,1.27873,1.27906,1.50,1.91
2012.07.06 03:24:15.449,1.27874,1.27904,1.10,1.16
2012.07.06 03:24:15.726,1.27876,1.2791,1.10,5.63
2012.07.06 03:24:16.258,1.27876,1.27909,1.10,1.16
2012.07.06 03:24:17.341,1.27876,1.27908,1.10,1.16
2012.07.06 03:24:18.126,1.27877,1.27908,1.85,1.16
2012.07.06 03:24:18.627,1.27882,1.27911,1.10,2.75
2012.07.06 03:24:18.795,1.27882,1.27911,1.10,2.75
2012.07.06 03:24:20.649,1.27881,1.27911,1.10,2.75
2012.07.06 03:24:20.728,1.27881,1.27911,1.10,2.00
2012.07.06 03:24:20.798,1.27881,1.27911,1.10,2.00
2012.07.06 03:24:20.997,1.2788,1.27911,1.10,2.41
2012.07.06 03:24:26.716,1.2788,1.2791,1.10,2.00
2012.07.06 03:24:27.041,1.27875,1.27907,3.00,1.16
2012.07.06 03:24:27.427,1.27875,1.27907,3.00,1.16
2012.07.06 03:24:29.338,1.27875,1.27907,3.00,1.16
2012.07.06 03:24:29.485,1.27872,1.27905,1.13,1.16
2012.07.06 03:24:29.557,1.2787,1.27905,1.88,1.16
2012.07.06 03:24:29.628,1.2787,1.27905,1.50,1.16
2012.07.06 03:24:30.976,1.27869,1.27905,2.25,1.16
2012.07.06 03:24:31.568,1.27869,1.27905,2.25,1.16
2012.07.06 03:24:32.147,1.27869,1.27905,2.25,1.16
2012.07.06 03:24:34.507,1.27869,1.27907,3.00,1.16
2012.07.06 03:24:34.579,1.27871,1.27907,1.10,1.16
2012.07.06 03:24:37.351,1.27875,1.27907,1.10,1.16
2012.07.06 03:24:49.135,1.27871,1.27902,1.73,1.16
2012.07.06 03:24:49.206,1.27868,1.27902,1.85,1.16
2012.07.06 03:24:55.219,1.27868,1.27897,1.85,1.35
2012.07.06 03:24:55.570,1.27854,1.27891,1.85,1.16
2012.07.06 03:24:55.846,1.27854,1.27891,1.85,1.16
2012.07.06 03:24:56.197,1.27853,1.27884,1.50,1.16
2012.07.06 03:25:01.674,1.27853,1.27884,3.00,1.16
2012.07.06 03:25:01.805,1.27853,1.27884,3.00,1.16
2012.07.06 03:25:02.144,1.27853,1.27884,3.00,1.16
2012.07.06 03:25:02.548,1.27856,1.27884,2.25,1.16
2012.07.06 03:25:02.877,1.27853,1.27877,1.50,1.16
2012.07.06 03:25:03.267,1.27851,1.27877,3.00,1.16
2012.07.06 03:25:03.527,1.27851,1.27877,1.50,1.16
2012.07.06 03:25:03.596,1.27848,1.27877,1.50,1.16
2012.07.06 03:25:03.668,1.27845,1.27877,1.50,1.16
2012.07.06 03:25:03.806,1.27845,1.27877,2.25,1.16
2012.07.06 03:25:05.235,1.27845,1.27877,2.25,1.16
2012.07.06 03:25:06.736,1.27849,1.27883,1.50,1.16
2012.07.06 03:25:06.865,1.27849,1.27883,1.50,1.16
2012.07.06 03:25:09.009,1.27849,1.27883,1.50,1.16
2012.07.06 03:25:09.158,1.27843,1.27878,1.50,1.16
2012.07.06 03:25:14.768,1.27843,1.27878,1.50,1.16
2012.07.06 03:25:17.436,1.27846,1.27878,1.10,1.16
2012.07.06 03:25:17.685,1.27848,1.27884,1.50,1.16
2012.07.06 03:25:17.885,1.27849,1.27884,1.10,1.16
2012.07.06 03:25:22.064,1.27849,1.27884,1.10,1.16
2012.07.06 03:25:27.205,1.27851,1.27884,1.10,1.16
2012.07.06 03:25:32.847,1.27854,1.27891,1.50,1.16
2012.07.06 03:25:33.036,1.27851,1.27884,1.10,1.16
2012.07.06 03:25:38.236,1.27851,1.27881,1.10,1.16
2012.07.06 03:25:38.549,1.27848,1.27884,3.00,1.16
2012.07.06 03:25:38.676,1.27848,1.27884,3.00,1.16
2012.07.06 03:25:49.327,1.27855,1.2789,1.50,1.16
2012.07.06 03:25:49.516,1.27849,1.27883,3.57,1.16
2012.07.06 03:25:49.827,1.27849,1.27883,1.50,1.16
2012.07.06 03:25:56.256,1.27847,1.2788,1.10,1.16
2012.07.06 03:25:56.557,1.27844,1.27878,1.10,1.16
2012.07.06 03:25:58.226,1.27844,1.27875,1.10,1.16
2012.07.06 03:25:58.297,1.27844,1.27875,1.10,1.16
2012.07.06 03:25:58.368,1.27839,1.27872,1.20,1.16
2012.07.06 03:25:58.715,1.27838,1.27865,1.50,1.16
2012.07.06 03:26:05.043,1.27838,1.27865,3.00,1.16
2012.07.06 03:26:05.298,1.27832,1.27862,1.50,1.16
2012.07.06 03:26:05.369,1.27832,1.27864,1.50,2.14
2012.07.06 03:26:05.557,1.27836,1.27864,1.85,1.73
2012.07.06 03:26:05.746,1.27837,1.27867,1.10,2.48
2012.07.06 03:26:06.768,1.27837,1.27867,1.10,2.48
2012.07.06 03:26:06.944,1.27837,1.27867,1.10,2.48
2012.07.06 03:26:08.029,1.2784,1.27872,1.10,2.89
2012.07.06 03:26:08.097,1.27841,1.27872,1.10,1.16
2012.07.06 03:26:10.434,1.27839,1.27872,1.10,1.16
2012.07.06 03:26:10.999,1.27838,1.27872,1.10,1.16
2012.07.06 03:26:11.669,1.27836,1.27872,1.70,1.16
2012.07.06 03:26:18.627,1.27841,1.27872,2.25,1.16
2012.07.06 03:26:18.956,1.27836,1.27872,1.77,1.16
2012.07.06 03:26:19.160,1.27836,1.27872,1.42,1.16
2012.07.06 03:26:24.066,1.27836,1.27872,1.35,1.16
2012.07.06 03:26:24.577,1.27832,1.27865,4.73,1.16
2012.07.06 03:26:27.609,1.27833,1.27866,1.50,1.54
2012.07.06 03:26:28.335,1.27831,1.27864,1.10,1.16
2012.07.06 03:26:28.928,1.27829,1.27859,2.25,1.16
2012.07.06 03:26:29.249,1.27828,1.27858,1.50,1.16
2012.07.06 03:26:32.669,1.27828,1.27858,1.50,1.16
2012.07.06 03:26:33.212,1.27828,1.27858,1.50,1.16
2012.07.06 03:26:50.624,1.27829,1.27858,1.50,1.16
2012.07.06 03:26:55.388,1.27835,1.27865,1.50,1.16
2012.07.06 03:26:55.749,1.27835,1.27865,1.50,1.16
2012.07.06 03:26:56.007,1.2784,1.27871,1.50,2.66
2012.07.06 03:26:59.249,1.2784,1.27871,1.50,1.16
2012.07.06 03:27:00.767,1.2784,1.27871,1.50,2.66
2012.07.06 03:27:00.958,1.27838,1.2787,1.10,1.16
2012.07.06 03:27:01.287,1.27838,1.2787,1.50,1.16
2012.07.06 03:27:01.536,1.27846,1.27875,1.50,2.66
2012.07.06 03:27:01.677,1.27846,1.27875,1.50,2.66
2012.07.06 03:27:02.078,1.27846,1.27875,1.50,2.66
2012.07.06 03:27:03.887,1.27847,1.27876,1.50,1.91
2012.07.06 03:27:04.089,1.27843,1.27876,1.10,1.16
2012.07.06 03:27:04.157,1.27843,1.27876,1.10,1.16
2012.07.06 03:27:04.499,1.27841,1.27876,1.50,1.16
2012.07.06 03:27:10.508,1.27839,1.2787,1.10,1.16
2012.07.06 03:27:10.647,1.27842,1.27876,1.50,1.16
2012.07.06 03:27:11.055,1.27839,1.27872,1.10,1.16
2012.07.06 03:27:11.135,1.27834,1.2787,1.85,1.16
2012.07.06 03:27:11.337,1.27839,1.2787,1.10,1.16
2012.07.06 03:27:12.207,1.27847,1.27876,1.50,1.16
2012.07.06 03:27:12.337,1.27843,1.27875,1.10,1.16
2012.07.06 03:27:12.656,1.2784,1.2787,1.50,1.16
2012.07.06 03:27:13.558,1.2784,1.2787,1.50,1.16
2012.07.06 03:27:13.897,1.27847,1.27876,1.50,1.16
2012.07.06 03:27:13.966,1.27847,1.27876,1.50,1.16
2012.07.06 03:27:14.166,1.27843,1.27875,1.10,1.16
2012.07.06 03:27:14.476,1.27841,1.2787,1.50,1.16
2012.07.06 03:27:17.252,1.27841,1.2787,1.50,1.16
2012.07.06 03:27:17.582,1.27841,1.2787,1.50,1.16
2012.07.06 03:27:19.894,1.27841,1.2787,1.50,1.16
2012.07.06 03:27:21.015,1.27841,1.2787,1.50,1.16
2012.07.06 03:27:22.501,1.27838,1.27869,1.10,1.50
2012.07.06 03:27:22.837,1.2784,1.27869,1.50,1.16
2012.07.06 03:27:23.026,1.27837,1.27869,1.10,1.91
2012.07.06 03:27:23.098,1.27844,1.27869,1.50,2.89
2012.07.06 03:27:23.298,1.27847,1.27871,1.50,1.16
2012.07.06 03:27:23.366,1.2784,1.2787,1.50,1.50
2012.07.06 03:27:23.636,1.2784,1.2787,1.50,1.16
2012.07.06 03:27:23.781,1.27847,1.27878,1.50,1.16
2012.07.06 03:27:23.863,1.27841,1.27872,1.85,1.16
2012.07.06 03:27:24.188,1.27847,1.27878,1.50,2.89
2012.07.06 03:27:24.441,1.27848,1.27884,1.50,2.48
2012.07.06 03:27:24.523,1.27848,1.27884,1.50,2.48
2012.07.06 03:27:24.659,1.27846,1.27879,2.82,1.73
2012.07.06 03:27:25.163,1.27846,1.27878,1.50,2.14
2012.07.06 03:27:25.309,1.27846,1.27877,1.50,1.91
2012.07.06 03:27:27.350,1.27846,1.2788,1.50,2.66
2012.07.06 03:27:32.238,1.27848,1.2788,1.50,1.91
2012.07.06 03:27:32.747,1.27845,1.27879,1.50,1.91
2012.07.06 03:27:33.055,1.27845,1.27879,1.50,1.91
2012.07.06 03:27:33.976,1.27845,1.27879,1.50,1.91
2012.07.06 03:27:34.117,1.27849,1.27879,1.50,1.91
2012.07.06 03:27:34.547,1.27851,1.27879,1.50,1.91
2012.07.06 03:27:34.677,1.27851,1.27885,1.50,1.91
2012.07.06 03:27:34.996,1.27851,1.27885,1.50,1.91
2012.07.06 03:27:35.387,1.27851,1.2788,1.50,1.91
2012.07.06 03:27:35.515,1.27851,1.2788,1.50,1.91
2012.07.06 03:27:35.646,1.27851,1.2788,1.50,1.91
2012.07.06 03:27:37.299,1.27851,1.27884,1.50,1.91
2012.07.06 03:27:44.994,1.27849,1.27883,1.50,1.16
2012.07.06 03:27:50.355,1.27849,1.27883,1.50,1.16
2012.07.06 03:28:03.146,1.27849,1.27883,1.50,1.16
2012.07.06 03:28:03.576,1.27849,1.27889,1.50,1.91
2012.07.06 03:28:03.708,1.2785,1.27889,1.10,2.66
2012.07.06 03:28:04.017,1.27849,1.27882,1.50,1.16
2012.07.06 03:28:04.146,1.27849,1.27888,1.50,1.16
2012.07.06 03:28:04.216,1.27852,1.27888,1.10,1.16
2012.07.06 03:28:15.824,1.27853,1.27888,1.10,1.16
2012.07.06 03:28:17.447,1.27854,1.27888,1.10,1.16
2012.07.06 03:28:21.125,1.27857,1.27889,1.10,1.91
2012.07.06 03:28:21.257,1.27857,1.27889,1.10,1.16
2012.07.06 03:28:22.907,1.27855,1.27889,2.82,1.91
2012.07.06 03:28:22.977,1.27855,1.27888,2.48,1.16
2012.07.06 03:28:23.537,1.27853,1.27888,1.85,1.16
2012.07.06 03:28:23.856,1.27857,1.27889,1.10,1.16
2012.07.06 03:28:24.177,1.27858,1.27892,1.10,1.16
2012.07.06 03:28:27.349,1.27857,1.27892,1.10,1.16
2012.07.06 03:28:29.564,1.2786,1.27893,1.10,1.91
2012.07.06 03:28:35.777,1.27854,1.27892,1.10,1.16
2012.07.06 03:28:35.851,1.27852,1.27888,1.10,1.16
2012.07.06 03:28:37.168,1.27863,1.27888,1.73,1.16
2012.07.06 03:28:37.511,1.27863,1.27895,2.07,1.50
2012.07.06 03:28:37.656,1.27857,1.27888,1.10,1.16
2012.07.06 03:28:43.149,1.27852,1.27888,1.10,1.16
2012.07.06 03:29:11.755,1.27852,1.27888,1.10,1.16
2012.07.06 03:29:22.557,1.27865,1.27897,1.10,1.16
2012.07.06 03:29:22.685,1.27865,1.27897,1.10,1.16
2012.07.06 03:29:23.340,1.27865,1.27898,1.10,1.16
2012.07.06 03:29:23.466,1.27865,1.27898,1.10,1.16
2012.07.06 03:29:25.646,1.27865,1.27898,1.10,1.16
2012.07.06 03:29:26.966,1.27865,1.27897,1.10,1.16
2012.07.06 03:29:32.068,1.27865,1.27897,1.10,2.25
2012.07.06 03:29:36.125,1.27865,1.27896,1.10,2.25
2012.07.06 03:29:36.194,1.27865,1.27896,1.10,2.25
2012.07.06 03:29:37.885,1.27865,1.27896,1.10,2.25
2012.07.06 03:29:37.957,1.27865,1.27899,1.10,2.25
2012.07.06 03:29:51.589,1.27863,1.27898,1.10,1.16
2012.07.06 03:29:52.197,1.27863,1.27901,1.10,3.00
2012.07.06 03:29:52.267,1.27859,1.27892,1.10,1.50
2012.07.06 03:29:52.714,1.27861,1.27894,1.10,1.50
2012.07.06 03:29:53.515,1.27861,1.27894,1.10,1.50
2012.07.06 03:29:57.610,1.27861,1.27894,1.10,1.50
2012.07.06 03:29:57.830,1.27861,1.27894,1.10,1.50
2012.07.06 03:30:03.215,1.27859,1.27895,1.10,1.50
2012.07.06 03:30:03.797,1.27859,1.27895,1.10,1.50
2012.07.06 03:30:04.716,1.27855,1.2789,1.85,1.50
2012.07.06 03:30:04.857,1.27855,1.2789,1.85,1.50
2012.07.06 03:30:05.297,1.27852,1.27886,1.10,1.16
2012.07.06 03:30:09.319,1.27852,1.27886,1.10,1.16
2012.07.06 03:30:15.497,1.27847,1.27884,1.10,1.50
2012.07.06 03:30:15.627,1.27847,1.27881,1.10,1.16
2012.07.06 03:30:15.771,1.27847,1.27881,1.10,2.14
2012.07.06 03:30:15.847,1.27847,1.27881,1.10,1.73
2012.07.06 03:30:16.410,1.27847,1.27883,1.10,1.16
2012.07.06 03:30:19.808,1.27844,1.27878,1.10,1.16
2012.07.06 03:30:22.646,1.27848,1.27884,1.10,1.16
2012.07.06 03:30:22.716,1.27849,1.27884,1.10,1.16
2012.07.06 03:30:25.388,1.27849,1.27882,1.10,1.50
2012.07.06 03:30:25.457,1.27849,1.27882,1.10,1.50
2012.07.06 03:30:26.018,1.27849,1.2788,1.50,2.14
2012.07.06 03:30:26.087,1.27849,1.27882,1.85,1.16
2012.07.06 03:30:27.527,1.2785,1.27882,1.10,1.16
2012.07.06 03:30:28.157,1.2785,1.27882,1.10,1.91
2012.07.06 03:30:28.297,1.27848,1.27882,1.10,1.91
2012.07.06 03:30:28.674,1.27846,1.2788,1.10,1.16
2012.07.06 03:30:28.749,1.27845,1.2788,1.10,1.16
2012.07.06 03:30:28.940,1.27846,1.2788,1.10,1.16
2012.07.06 03:30:36.296,1.27846,1.27881,1.85,2.14
2012.07.06 03:30:36.367,1.27846,1.27883,1.85,1.16
2012.07.06 03:30:36.437,1.2785,1.27884,1.10,2.25
2012.07.06 03:30:37.369,1.2785,1.27883,1.10,1.16
2012.07.06 03:30:58.525,1.27848,1.27883,1.10,1.16
2012.07.06 03:31:07.216,1.27848,1.27883,1.10,1.16
2012.07.06 03:31:27.290,1.27848,1.27883,1.10,1.16
2012.07.06 03:31:36.197,1.27844,1.27882,1.10,1.16
2012.07.06 03:31:36.396,1.27844,1.27878,1.10,1.16
2012.07.06 03:31:37.459,1.27844,1.27876,1.10,1.16
2012.07.06 03:32:29.430,1.2784,1.27873,1.10,1.16
2012.07.06 03:32:37.659,1.27844,1.27876,1.10,1.16
2012.07.06 03:33:01.936,1.27844,1.27876,1.10,1.16
2012.07.06 03:33:02.077,1.27848,1.27882,1.10,1.16
2012.07.06 03:33:07.233,1.27848,1.27882,1.50,1.16
2012.07.06 03:33:16.136,1.27849,1.27887,1.50,1.91
2012.07.06 03:33:16.387,1.27852,1.27887,1.10,1.91
2012.07.06 03:33:37.347,1.27854,1.27889,2.60,1.50
2012.07.06 03:33:37.536,1.27857,1.2789,1.10,1.16
2012.07.06 03:33:38.147,1.27853,1.27889,1.10,1.91
2012.07.06 03:33:43.175,1.27849,1.27882,1.10,1.16
2012.07.06 03:33:50.412,1.27844,1.27877,1.10,1.16
2012.07.06 03:33:50.758,1.2784,1.27872,2.25,1.16
2012.07.06 03:33:51.517,1.27843,1.27876,1.10,1.16
2012.07.06 03:33:56.826,1.27844,1.27882,1.50,1.91
2012.07.06 03:33:56.897,1.27846,1.27882,1.10,1.91
2012.07.06 03:33:57.458,1.27847,1.27882,1.50,1.91
2012.07.06 03:34:02.039,1.27848,1.27885,2.60,1.16
2012.07.06 03:34:02.106,1.27852,1.27886,1.10,1.16
2012.07.06 03:34:02.699,1.27854,1.27887,1.10,1.16
2012.07.06 03:34:06.925,1.27854,1.27887,2.82,1.16
2012.07.06 03:34:11.418,1.27854,1.27887,1.73,1.50
2012.07.06 03:34:11.607,1.2785,1.27886,1.85,1.16
2012.07.06 03:34:15.216,1.27851,1.27886,1.10,1.16
2012.07.06 03:34:17.211,1.27851,1.27886,1.10,1.16
2012.07.06 03:34:20.656,1.27848,1.27886,1.10,1.91
2012.07.06 03:34:20.856,1.27848,1.27881,1.10,1.16
2012.07.06 03:34:26.687,1.27849,1.27885,1.10,2.14
2012.07.06 03:34:26.816,1.27851,1.27886,1.10,1.91
2012.07.06 03:34:30.528,1.27852,1.27886,1.10,1.50
2012.07.06 03:34:30.804,1.27853,1.27886,1.73,1.91
2012.07.06 03:34:31.019,1.27852,1.27888,2.60,1.16
2012.07.06 03:34:31.088,1.27852,1.27887,1.85,1.16
2012.07.06 03:34:32.848,1.27852,1.27887,1.85,1.16
2012.07.06 03:34:33.150,1.27851,1.27887,1.10,1.16
2012.07.06 03:34:37.328,1.27851,1.27887,1.10,1.16
2012.07.06 03:34:37.456,1.27851,1.27887,1.10,1.16
2012.07.06 03:34:37.936,1.27847,1.27885,2.07,1.16
2012.07.06 03:34:38.067,1.27846,1.27881,1.10,1.16
2012.07.06 03:34:38.269,1.27846,1.27881,1.10,2.89
2012.07.06 03:34:38.341,1.27843,1.27876,1.85,1.16
2012.07.06 03:34:46.675,1.27843,1.27875,1.85,1.16
2012.07.06 03:34:47.202,1.27843,1.27875,1.50,1.16
2012.07.06 03:34:48.189,1.27842,1.27872,1.32,1.73
2012.07.06 03:34:48.519,1.27836,1.27868,1.10,1.16
2012.07.06 03:34:48.824,1.27836,1.27866,1.10,1.16
2012.07.06 03:34:48.969,1.27841,1.27869,1.50,2.14
2012.07.06 03:34:49.100,1.27841,1.27874,1.50,1.91
2012.07.06 03:34:49.170,1.27835,1.27871,2.60,1.16
2012.07.06 03:34:49.507,1.27842,1.27875,1.50,1.16
2012.07.06 03:34:50.528,1.27842,1.27875,1.50,1.16
2012.07.06 03:34:52.957,1.27841,1.27872,1.10,1.16
2012.07.06 03:34:53.455,1.27841,1.27876,1.50,1.16
2012.07.06 03:34:53.538,1.27841,1.27876,1.50,1.16
2012.07.06 03:34:55.546,1.27845,1.27876,1.10,1.16
2012.07.06 03:34:55.746,1.27846,1.27882,1.50,1.16
2012.07.06 03:34:56.418,1.27847,1.27882,1.50,1.16
2012.07.06 03:34:56.699,1.27847,1.27886,1.50,1.01
2012.07.06 03:34:56.909,1.27851,1.27886,1.10,1.01
2012.07.06 03:34:57.387,1.27854,1.27887,1.10,1.16
2012.07.06 03:34:57.460,1.27849,1.27883,1.85,1.16
2012.07.06 03:34:57.707,1.2785,1.27887,2.48,1.16
2012.07.06 03:34:57.779,1.27854,1.27887,1.10,1.16
2012.07.06 03:34:59.877,1.2785,1.27884,2.07,1.16
2012.07.06 03:35:00.067,1.27848,1.27882,1.10,1.16
2012.07.06 03:35:01.306,1.27847,1.27881,1.10,1.16
2012.07.06 03:35:01.557,1.27844,1.27877,1.10,1.16
2012.07.06 03:35:02.106,1.27847,1.27879,1.10,1.50
2012.07.06 03:35:02.307,1.27847,1.2788,1.10,1.16
2012.07.06 03:35:07.329,1.27847,1.27879,1.10,1.16
2012.07.06 03:35:08.157,1.27847,1.27878,1.10,1.16
2012.07.06 03:35:12.209,1.27847,1.2788,1.50,1.16
2012.07.06 03:35:12.276,1.27847,1.2788,1.50,1.16
2012.07.06 03:35:12.531,1.27846,1.27879,1.10,1.16
2012.07.06 03:35:25.078,1.27847,1.2788,1.50,1.16
2012.07.06 03:35:25.717,1.27846,1.27879,1.10,1.16
2012.07.06 03:35:26.038,1.27847,1.27881,1.10,2.66
2012.07.06 03:35:26.545,1.27849,1.27881,1.10,1.16
2012.07.06 03:35:39.527,1.27847,1.27879,1.10,1.16
2012.07.06 03:35:39.858,1.27851,1.27884,1.10,3.00
2012.07.06 03:35:39.988,1.2785,1.2788,1.10,1.91
2012.07.06 03:35:45.057,1.27847,1.2788,1.10,1.91
2012.07.06 03:35:47.188,1.27848,1.27879,1.10,1.16
2012.07.06 03:35:51.117,1.27849,1.27881,1.10,1.16
2012.07.06 03:36:00.970,1.27848,1.27881,1.10,1.16
2012.07.06 03:36:01.528,1.27849,1.27881,1.10,1.16
2012.07.06 03:36:02.457,1.2785,1.27885,1.50,1.91
2012.07.06 03:36:02.592,1.2785,1.27885,1.85,1.91
2012.07.06 03:36:03.817,1.27851,1.27885,1.10,1.91
2012.07.06 03:36:04.371,1.27851,1.27885,1.10,1.16
2012.07.06 03:36:16.328,1.27851,1.27885,1.10,1.16
2012.07.06 03:36:16.460,1.2785,1.27885,1.10,1.16
2012.07.06 03:36:16.717,1.27847,1.2788,1.10,1.16
2012.07.06 03:36:22.920,1.27847,1.2788,1.10,1.16
2012.07.06 03:36:24.578,1.27845,1.27879,1.85,1.16
2012.07.06 03:36:24.706,1.27845,1.27879,1.10,1.16
2012.07.06 03:36:24.898,1.27844,1.27875,1.10,1.16
2012.07.06 03:36:25.228,1.27844,1.27879,1.10,2.89
2012.07.06 03:36:25.299,1.27849,1.27879,1.10,1.16
2012.07.06 03:36:28.207,1.27846,1.27879,1.10,1.16
2012.07.06 03:36:28.929,1.27845,1.27879,1.85,1.16
2012.07.06 03:36:34.977,1.27848,1.2788,1.10,1.50
2012.07.06 03:36:42.707,1.2785,1.27884,1.50,1.73
2012.07.06 03:36:42.850,1.27851,1.27886,1.10,1.16
2012.07.06 03:36:43.179,1.27855,1.27888,1.10,1.16
2012.07.06 03:36:43.508,1.27857,1.27891,1.10,2.25
2012.07.06 03:36:46.496,1.27855,1.27892,1.10,1.91
2012.07.06 03:36:46.566,1.27855,1.2789,1.10,1.16
2012.07.06 03:36:47.091,1.27852,1.27886,1.10,1.16
2012.07.06 03:36:47.419,1.27852,1.27887,1.10,1.16
2012.07.06 03:36:53.047,1.2785,1.27885,1.10,1.16
2012.07.06 03:36:53.134,1.2785,1.27882,1.10,1.16
2012.07.06 03:36:53.794,1.2785,1.27882,1.10,1.16
2012.07.06 03:37:07.339,1.2785,1.27883,1.10,1.16
2012.07.06 03:37:07.548,1.27853,1.27885,1.10,1.16
2012.07.06 03:37:07.617,1.27853,1.27887,1.10,1.16
2012.07.06 03:37:08.718,1.27857,1.27888,1.10,1.16
2012.07.06 03:37:09.052,1.27866,1.27893,1.10,1.32
2012.07.06 03:37:09.257,1.27866,1.27897,1.10,3.00
2012.07.06 03:37:10.187,1.27859,1.27894,1.10,1.50
2012.07.06 03:37:10.319,1.27859,1.27893,1.10,1.16
2012.07.06 03:37:10.827,1.27859,1.27892,1.10,1.50
2012.07.06 03:37:11.547,1.27859,1.27892,1.10,1.91
2012.07.06 03:37:11.749,1.27859,1.27892,1.10,3.41
2012.07.06 03:37:12.010,1.27853,1.27888,1.10,1.91
2012.07.06 03:37:14.440,1.2785,1.27886,1.10,1.16
2012.07.06 03:37:14.581,1.2785,1.27881,1.10,1.16
2012.07.06 03:37:17.890,1.27854,1.27886,1.10,1.16
2012.07.06 03:37:21.970,1.27849,1.27886,1.10,1.16
2012.07.06 03:37:22.038,1.27849,1.27882,1.10,1.16
2012.07.06 03:37:22.716,1.27849,1.27882,1.10,1.16
2012.07.06 03:37:25.008,1.27849,1.27883,1.10,1.16
2012.07.06 03:37:25.591,1.27849,1.27883,1.10,1.16
2012.07.06 03:37:25.919,1.27847,1.27877,1.10,2.89
2012.07.06 03:37:33.095,1.27848,1.27877,1.50,2.14
2012.07.06 03:37:33.466,1.27849,1.27882,1.10,2.25
2012.07.06 03:37:38.112,1.27848,1.27881,1.10,1.16
2012.07.06 03:37:39.797,1.2785,1.27885,1.10,2.14
2012.07.06 03:37:39.868,1.27854,1.27886,1.10,2.66
2012.07.06 03:37:40.688,1.27855,1.27888,1.10,1.16
2012.07.06 03:37:41.028,1.27861,1.27892,1.10,1.91
2012.07.06 03:37:42.487,1.27861,1.27892,1.10,1.91
2012.07.06 03:37:48.865,1.27861,1.27892,1.10,1.91
2012.07.06 03:37:53.866,1.27855,1.27889,1.10,1.50
2012.07.06 03:37:54.057,1.27855,1.27888,1.10,1.16
2012.07.06 03:37:57.386,1.27855,1.27887,1.10,1.16
2012.07.06 03:38:04.418,1.27851,1.27887,1.10,1.16
2012.07.06 03:38:04.488,1.27851,1.27882,1.10,1.16
2012.07.06 03:38:10.179,1.27852,1.27885,1.10,1.16
2012.07.06 03:38:10.376,1.27854,1.27887,1.10,2.48
2012.07.06 03:38:18.357,1.27854,1.27887,1.10,1.16
2012.07.06 03:38:18.427,1.27854,1.27889,1.10,1.73
2012.07.06 03:38:18.620,1.2786,1.27893,1.10,2.66
2012.07.06 03:38:24.907,1.27856,1.27889,1.10,1.50
2012.07.06 03:38:25.098,1.27856,1.27889,1.10,1.91
2012.07.06 03:38:27.371,1.27855,1.27888,1.85,1.16
2012.07.06 03:38:27.698,1.27855,1.27892,1.85,1.16
2012.07.06 03:38:27.832,1.2786,1.27893,1.10,1.91
2012.07.06 03:38:28.953,1.27857,1.27893,2.60,1.91
2012.07.06 03:38:32.107,1.27857,1.27893,1.85,1.91
2012.07.06 03:38:32.436,1.27865,1.27898,1.10,1.16
2012.07.06 03:38:33.830,1.27862,1.27891,1.73,1.16
2012.07.06 03:38:34.161,1.2786,1.27891,1.10,1.16
2012.07.06 03:38:36.880,1.27857,1.2789,1.10,1.50
2012.07.06 03:38:37.088,1.27852,1.27887,2.60,1.16
2012.07.06 03:38:37.483,1.27852,1.27887,2.60,1.16
2012.07.06 03:38:42.969,1.27855,1.2789,1.10,1.16
2012.07.06 03:38:43.038,1.27858,1.2789,1.10,1.16
2012.07.06 03:38:43.297,1.27853,1.2789,2.07,1.50
2012.07.06 03:38:43.367,1.27852,1.27887,3.35,1.16
2012.07.06 03:38:46.646,1.27853,1.2789,3.57,1.50
2012.07.06 03:38:46.838,1.27858,1.27892,1.10,1.91
2012.07.06 03:38:51.936,1.27855,1.2789,2.22,1.50
2012.07.06 03:38:52.068,1.27855,1.27887,1.50,1.16
2012.07.06 03:38:52.580,1.27852,1.27887,2.60,1.16
2012.07.06 03:39:17.259,1.27852,1.2789,1.10,1.50
2012.07.06 03:39:21.976,1.27852,1.2789,1.85,1.50
2012.07.06 03:39:39.776,1.27852,1.27892,1.10,1.16
2012.07.06 03:39:53.264,1.27851,1.27889,1.10,1.16
2012.07.06 03:39:53.756,1.27851,1.27892,2.60,1.16
2012.07.06 03:39:53.914,1.27851,1.27892,2.60,1.16
2012.07.06 03:40:23.274,1.27852,1.27892,1.10,2.66
2012.07.06 03:40:30.405,1.27859,1.27892,1.10,1.91
2012.07.06 03:40:30.538,1.27859,1.27892,1.10,1.50
2012.07.06 03:40:30.801,1.27859,1.27895,1.10,2.25
2012.07.06 03:40:37.331,1.27859,1.27897,1.10,2.66
2012.07.06 03:40:46.066,1.27859,1.27897,1.10,2.25
2012.07.06 03:40:46.947,1.27859,1.27897,1.10,2.25
2012.07.06 03:40:47.117,1.27859,1.27897,1.10,2.25
2012.07.06 03:40:52.105,1.27859,1.27897,1.10,2.25
2012.07.06 03:40:52.236,1.27859,1.27897,1.10,2.25
2012.07.06 03:41:06.587,1.27856,1.27896,2.07,2.25
2012.07.06 03:41:06.857,1.27852,1.27894,1.10,3.41
2012.07.06 03:41:07.406,1.27853,1.27893,1.85,1.16
2012.07.06 03:41:36.578,1.27852,1.27891,1.10,1.16
2012.07.06 03:41:52.249,1.27857,1.27892,1.10,1.16
2012.07.06 03:41:52.377,1.27852,1.27892,1.85,1.50
2012.07.06 03:41:52.508,1.27852,1.27892,1.10,1.91
2012.07.06 03:41:53.151,1.27852,1.27887,1.10,1.16
2012.07.06 03:41:53.291,1.27853,1.27892,1.10,1.91
2012.07.06 03:41:53.630,1.27853,1.27888,1.10,1.50
2012.07.06 03:41:53.949,1.27853,1.27888,1.10,1.50
2012.07.06 03:41:54.138,1.27853,1.27888,1.10,1.50
2012.07.06 03:41:54.717,1.27853,1.27888,1.10,1.50
2012.07.06 03:41:55.280,1.27855,1.27888,2.07,1.50
2012.07.06 03:41:55.349,1.2786,1.27891,1.10,1.13
2012.07.06 03:42:12.646,1.2786,1.2789,1.10,1.13
2012.07.06 03:42:13.847,1.2786,1.2789,1.10,1.13
2012.07.06 03:42:23.830,1.27855,1.27888,2.07,1.50
2012.07.06 03:42:23.898,1.27853,1.27888,1.10,1.50
2012.07.06 03:42:24.156,1.27853,1.27888,1.10,1.50
2012.07.06 03:42:24.488,1.27851,1.27876,1.73,1.16
2012.07.06 03:42:24.560,1.27847,1.27876,1.32,1.16
2012.07.06 03:42:24.631,1.27847,1.27874,1.32,2.48
2012.07.06 03:42:25.068,1.27848,1.27874,1.10,1.50
2012.07.06 03:42:25.139,1.27848,1.27875,1.10,2.25
2012.07.06 03:42:26.187,1.27843,1.2788,3.35,1.50
2012.07.06 03:42:26.260,1.27849,1.27883,1.10,1.50
2012.07.06 03:42:27.117,1.27855,1.27887,1.10,1.88
2012.07.06 03:42:28.897,1.27848,1.27884,1.10,1.50
2012.07.06 03:42:29.429,1.27848,1.27884,1.10,1.50
2012.07.06 03:42:32.698,1.27846,1.2788,1.10,1.50
2012.07.06 03:42:32.839,1.27846,1.2788,2.60,1.50
2012.07.06 03:42:32.908,1.27851,1.27881,1.10,1.50
2012.07.06 03:42:33.231,1.2786,1.27881,1.10,1.50
2012.07.06 03:42:33.768,1.27854,1.27883,1.10,1.50
2012.07.06 03:42:34.169,1.27862,1.2789,1.10,1.13
2012.07.06 03:42:34.297,1.27863,1.27891,1.10,1.13
2012.07.06 03:42:34.368,1.27863,1.27891,1.10,1.13
2012.07.06 03:42:35.059,1.27863,1.27891,1.10,1.13
2012.07.06 03:42:35.408,1.27867,1.27891,2.07,1.13
2012.07.06 03:42:35.739,1.27875,1.27894,1.10,1.13
2012.07.06 03:42:35.809,1.27869,1.27894,1.85,1.13
2012.07.06 03:42:36.571,1.27869,1.27894,1.50,1.13
2012.07.06 03:42:39.117,1.27863,1.27893,2.07,1.13
2012.07.06 03:42:39.387,1.27862,1.27891,1.10,1.13
2012.07.06 03:42:39.880,1.27862,1.27891,1.10,1.13
2012.07.06 03:42:40.440,1.27856,1.27891,1.10,1.13
2012.07.06 03:42:40.583,1.27856,1.27891,1.10,1.13
2012.07.06 03:42:48.941,1.27856,1.27889,1.10,1.50
2012.07.06 03:42:49.008,1.27864,1.27893,1.10,1.92
2012.07.06 03:42:49.149,1.27864,1.27893,1.10,1.92
2012.07.06 03:42:51.379,1.27871,1.27893,1.10,1.32
2012.07.06 03:42:51.873,1.27871,1.27904,1.10,1.50
2012.07.06 03:42:53.670,1.27871,1.27904,1.10,1.50
2012.07.06 03:42:53.927,1.27871,1.27903,1.10,1.16
2012.07.06 03:42:54.059,1.27864,1.27902,2.60,1.50
2012.07.06 03:42:54.129,1.27864,1.27898,1.85,1.50
2012.07.06 03:42:54.199,1.27864,1.27897,1.10,1.50
2012.07.06 03:42:54.267,1.27864,1.27897,1.10,1.50
2012.07.06 03:42:54.409,1.27865,1.27898,1.10,1.16
2012.07.06 03:42:54.667,1.2787,1.27904,1.10,2.07
2012.07.06 03:42:54.802,1.27869,1.27902,1.10,1.16
2012.07.06 03:42:55.340,1.27864,1.27899,1.10,1.50
2012.07.06 03:42:58.941,1.27864,1.27899,1.10,1.91
2012.07.06 03:42:59.201,1.27864,1.27899,1.10,1.50
2012.07.06 03:43:00.688,1.27864,1.27898,1.10,1.50
2012.07.06 03:43:00.817,1.27864,1.27897,1.10,1.16
2012.07.06 03:43:00.957,1.2786,1.27897,1.85,1.16
2012.07.06 03:43:01.088,1.27858,1.27895,1.10,1.16
2012.07.06 03:43:12.338,1.2786,1.2789,1.10,1.50
2012.07.06 03:43:16.058,1.27862,1.27895,1.10,1.91
2012.07.06 03:43:16.188,1.27867,1.27896,1.10,1.50
2012.07.06 03:43:17.334,1.27865,1.27896,1.10,1.91
2012.07.06 03:43:18.108,1.27865,1.27896,1.10,1.91
2012.07.06 03:43:28.428,1.27859,1.27893,1.85,1.50
2012.07.06 03:43:28.568,1.27858,1.27887,1.50,1.16
2012.07.06 03:43:28.700,1.27863,1.2789,1.10,2.29
2012.07.06 03:43:28.838,1.27863,1.2789,1.10,1.32
2012.07.06 03:43:29.281,1.27858,1.27889,2.07,1.50
2012.07.06 03:43:29.601,1.2786,1.2789,1.10,2.07
2012.07.06 03:43:29.742,1.27863,1.27895,1.10,1.16
2012.07.06 03:43:30.253,1.2786,1.2789,1.10,1.50
2012.07.06 03:43:30.329,1.2786,1.2789,1.10,1.50
2012.07.06 03:43:44.082,1.27857,1.2789,1.66,1.50
2012.07.06 03:43:47.248,1.27857,1.2789,1.10,1.50
2012.07.06 03:43:57.349,1.27857,1.2789,1.10,1.50
2012.07.06 03:43:58.058,1.27856,1.2789,1.85,1.50
2012.07.06 03:44:07.312,1.27855,1.2789,1.10,1.50
2012.07.06 03:44:20.108,1.27862,1.27895,1.10,1.50
2012.07.06 03:44:23.289,1.27862,1.27895,1.10,1.50
2012.07.06 03:44:23.632,1.27874,1.27903,1.10,1.32
2012.07.06 03:44:23.701,1.27874,1.27903,1.10,1.32
2012.07.06 03:44:23.990,1.2788,1.27904,1.10,2.00
2012.07.06 03:44:24.649,1.2788,1.27905,1.66,2.75
2012.07.06 03:44:25.042,1.27886,1.27905,1.10,2.75
2012.07.06 03:44:30.118,1.27886,1.27905,1.10,2.75
2012.07.06 03:44:30.308,1.2788,1.27904,1.10,2.00
2012.07.06 03:44:32.865,1.27882,1.27904,1.10,2.75
2012.07.06 03:44:33.191,1.27884,1.27905,1.10,2.75
2012.07.06 03:44:37.683,1.27886,1.27905,1.10,2.75
2012.07.06 03:44:39.830,1.27886,1.27905,1.10,2.75
2012.07.06 03:44:41.397,1.27886,1.27905,1.10,2.75
2012.07.06 03:44:42.738,1.27886,1.27904,1.10,2.00
2012.07.06 03:44:42.810,1.27881,1.27904,1.10,2.00
2012.07.06 03:44:44.438,1.27881,1.27904,1.10,2.75
2012.07.06 03:44:47.341,1.27873,1.27905,2.82,2.75
2012.07.06 03:44:47.660,1.27873,1.27905,1.10,2.75
2012.07.06 03:44:48.105,1.27869,1.27902,1.10,1.50
2012.07.06 03:44:53.881,1.27867,1.27902,1.10,1.50
2012.07.06 03:44:54.009,1.27863,1.27899,1.10,1.50
2012.07.06 03:44:54.379,1.27863,1.27895,1.10,1.50
2012.07.06 03:44:56.958,1.27863,1.27896,1.10,1.50
2012.07.06 03:44:57.329,1.27868,1.279,1.10,1.50
2012.07.06 03:44:57.650,1.27874,1.279,1.10,1.50
2012.07.06 03:44:57.719,1.27869,1.27901,2.07,1.50
2012.07.06 03:44:57.791,1.27869,1.27901,2.07,1.50
2012.07.06 03:44:57.979,1.27873,1.27901,1.10,1.50
2012.07.06 03:45:12.098,1.27873,1.27902,1.10,1.32
2012.07.06 03:45:17.312,1.27868,1.27901,1.10,1.50
2012.07.06 03:45:17.659,1.27868,1.27901,1.10,1.91
2012.07.06 03:45:17.731,1.27864,1.27897,1.10,1.50
2012.07.06 03:45:26.007,1.27862,1.27895,1.85,1.50
2012.07.06 03:45:26.081,1.27857,1.27893,1.85,1.50
2012.07.06 03:45:37.028,1.27862,1.27895,1.10,1.50
2012.07.06 03:45:37.100,1.27862,1.27895,1.10,1.50
2012.07.06 03:45:37.780,1.27862,1.27895,1.10,1.50
2012.07.06 03:45:44.368,1.27865,1.27895,1.10,1.50
2012.07.06 03:45:45.369,1.27868,1.27901,1.10,1.50
2012.07.06 03:45:45.982,1.27868,1.27901,1.10,1.50
2012.07.06 03:45:47.100,1.27867,1.27901,1.10,1.50
2012.07.06 03:45:48.608,1.27867,1.27901,1.10,1.50
2012.07.06 03:45:49.039,1.27867,1.27901,1.10,1.50
2012.07.06 03:45:49.291,1.27866,1.27896,1.10,3.00
2012.07.06 03:45:49.478,1.27866,1.27896,1.10,3.00
2012.07.06 03:45:49.731,1.27864,1.27896,1.66,3.00
2012.07.06 03:45:51.825,1.27866,1.27891,1.50,2.25
2012.07.06 03:45:52.458,1.2787,1.27897,1.10,2.25
2012.07.06 03:45:57.547,1.2787,1.27901,1.10,2.25
2012.07.06 03:46:07.468,1.2787,1.27902,1.10,2.25
2012.07.06 03:46:19.678,1.2787,1.27899,1.10,2.25
2012.07.06 03:46:19.810,1.27864,1.27898,2.82,1.50
2012.07.06 03:46:20.454,1.27864,1.27898,1.10,1.50
2012.07.06 03:46:21.659,1.27864,1.27898,1.10,1.50
2012.07.06 03:46:21.968,1.27864,1.27898,1.10,1.50
2012.07.06 03:46:24.958,1.27857,1.27893,1.66,1.50
2012.07.06 03:46:25.413,1.27857,1.27893,1.10,1.50
2012.07.06 03:46:27.263,1.27857,1.27889,1.10,2.25
2012.07.06 03:46:27.338,1.27857,1.27885,1.10,1.50
2012.07.06 03:46:27.752,1.27857,1.27885,1.10,1.50
2012.07.06 03:46:28.081,1.2785,1.27885,1.85,1.50
2012.07.06 03:46:28.149,1.27854,1.27885,1.10,1.50
2012.07.06 03:46:28.618,1.27851,1.27885,1.10,1.50
2012.07.06 03:46:28.690,1.27855,1.27885,1.10,1.50
2012.07.06 03:46:29.364,1.27858,1.2789,1.10,2.25
2012.07.06 03:46:31.493,1.27858,1.2789,1.10,2.25
2012.07.06 03:46:32.022,1.27858,1.27892,1.10,2.66
2012.07.06 03:46:33.107,1.27858,1.27892,1.10,2.25
2012.07.06 03:46:36.318,1.27863,1.27896,1.10,2.25
2012.07.06 03:46:36.579,1.27869,1.279,1.10,2.25
2012.07.06 03:46:36.771,1.27866,1.27896,1.32,1.16
2012.07.06 03:46:36.899,1.27866,1.27896,1.32,1.16
2012.07.06 03:46:38.890,1.27864,1.27895,1.66,2.25
2012.07.06 03:46:39.028,1.2786,1.27892,2.07,1.16
2012.07.06 03:46:39.530,1.27863,1.27895,1.10,2.25
2012.07.06 03:46:40.379,1.27859,1.27893,2.07,1.91
2012.07.06 03:46:40.890,1.2786,1.27893,1.10,1.16
2012.07.06 03:46:41.208,1.27863,1.27896,1.10,1.16
2012.07.06 03:46:50.709,1.27859,1.27888,2.07,1.50
2012.07.06 03:46:50.782,1.27859,1.27888,1.73,1.91
2012.07.06 03:46:50.861,1.27851,1.27887,1.28,1.50
2012.07.06 03:46:53.899,1.2785,1.27879,1.10,1.73
2012.07.06 03:46:54.040,1.27845,1.27876,1.17,1.16
2012.07.06 03:46:54.239,1.27838,1.27875,1.10,1.16
2012.07.06 03:46:54.490,1.27838,1.27874,1.10,1.16
2012.07.06 03:46:54.560,1.27836,1.2787,2.41,1.16
2012.07.06 03:46:57.718,1.27839,1.27873,1.10,1.16
2012.07.06 03:46:57.848,1.27839,1.27875,1.10,1.16
2012.07.06 03:46:59.399,1.27839,1.27876,1.10,1.50
2012.07.06 03:46:59.722,1.27846,1.27878,1.10,2.48
2012.07.06 03:46:59.791,1.27847,1.27878,1.10,1.73
2012.07.06 03:46:59.860,1.27847,1.27881,1.10,1.50
2012.07.06 03:47:01.581,1.27847,1.27882,1.10,1.32
2012.07.06 03:47:05.491,1.2785,1.27884,1.10,1.50
2012.07.06 03:47:05.562,1.27851,1.2789,1.10,1.91
2012.07.06 03:47:06.398,1.27855,1.27891,1.10,2.25
2012.07.06 03:47:08.591,1.2785,1.27889,1.85,1.16
2012.07.06 03:47:40.270,1.27855,1.2789,1.10,1.16
2012.07.06 03:47:40.399,1.27855,1.27894,1.10,3.00
2012.07.06 03:47:40.469,1.27855,1.2789,1.10,1.16
2012.07.06 03:47:41.048,1.27862,1.2789,1.50,1.16
2012.07.06 03:47:41.259,1.27867,1.27894,1.10,2.25
2012.07.06 03:47:41.329,1.27857,1.27897,1.10,2.82
2012.07.06 03:47:41.402,1.27857,1.27894,1.10,1.50
2012.07.06 03:47:41.469,1.27857,1.27894,1.10,1.50
2012.07.06 03:47:41.601,1.27854,1.27891,1.85,1.50
2012.07.06 03:47:42.159,1.27851,1.2789,1.66,1.50
2012.07.06 03:47:49.714,1.27867,1.27894,1.50,1.16
2012.07.06 03:47:49.788,1.27867,1.27894,1.50,1.16
2012.07.06 03:47:49.980,1.27869,1.279,1.10,2.25
2012.07.06 03:47:51.451,1.27869,1.27903,1.10,1.50
2012.07.06 03:47:51.840,1.27869,1.27903,1.10,1.50
2012.07.06 03:48:06.999,1.27874,1.27905,1.10,2.75
2012.07.06 03:48:07.074,1.27874,1.27904,1.10,2.75
2012.07.06 03:48:07.149,1.27874,1.27904,1.10,2.75
2012.07.06 03:48:07.712,1.27874,1.27904,1.10,2.75
2012.07.06 03:48:14.858,1.27881,1.27904,1.10,2.75
2012.07.06 03:48:15.213,1.27881,1.27904,1.85,2.75
2012.07.06 03:48:37.291,1.27881,1.27904,1.85,2.00
2012.07.06 03:48:43.268,1.27881,1.27904,1.85,2.00
2012.07.06 03:48:45.159,1.27881,1.27904,1.85,2.00
2012.07.06 03:48:53.488,1.27881,1.27904,1.85,1.82
2012.07.06 03:48:54.011,1.27874,1.27904,2.07,4.07
2012.07.06 03:48:54.080,1.27874,1.27903,2.07,1.50
2012.07.06 03:48:54.149,1.27874,1.27903,2.07,1.50
2012.07.06 03:48:54.288,1.27865,1.27903,1.10,1.50
2012.07.06 03:48:54.679,1.27865,1.27903,1.10,1.50
2012.07.06 03:48:57.790,1.27865,1.27903,1.10,1.50
2012.07.06 03:48:57.982,1.27871,1.27905,1.10,2.57
2012.07.06 03:48:58.191,1.27871,1.27905,1.85,2.57
2012.07.06 03:48:58.855,1.27871,1.27905,1.85,2.57
2012.07.06 03:48:59.132,1.27871,1.27905,1.85,2.57
2012.07.06 03:49:01.230,1.27871,1.27905,1.85,2.57
2012.07.06 03:49:07.338,1.27871,1.27904,1.85,1.16
2012.07.06 03:49:07.718,1.27871,1.27904,1.85,1.16
2012.07.06 03:49:08.262,1.27871,1.27905,1.85,2.98
2012.07.06 03:49:16.471,1.27871,1.27905,1.85,2.57
2012.07.06 03:49:17.292,1.27871,1.27905,1.85,2.57
2012.07.06 03:49:21.169,1.27876,1.27905,1.10,2.57
2012.07.06 03:49:21.594,1.27884,1.27904,1.10,2.57
2012.07.06 03:49:21.731,1.27884,1.27904,1.10,2.57
2012.07.06 03:49:22.000,1.27884,1.27904,1.10,2.57
2012.07.06 03:49:32.841,1.27884,1.27904,1.85,2.57
2012.07.06 03:49:41.864,1.2788,1.27904,1.10,2.57
2012.07.06 03:49:42.209,1.2788,1.27904,1.10,2.57
2012.07.06 03:49:42.520,1.27883,1.27904,1.10,2.57
2012.07.06 03:49:44.961,1.27879,1.27904,1.10,2.57
2012.07.06 03:49:54.431,1.27876,1.27904,1.85,2.57
2012.07.06 03:49:59.239,1.27881,1.27904,1.10,2.57
2012.07.06 03:50:00.680,1.27879,1.27903,1.10,1.50
2012.07.06 03:50:00.825,1.27871,1.27892,1.32,1.73
2012.07.06 03:50:01.391,1.27871,1.27904,1.66,3.17
2012.07.06 03:50:01.470,1.27871,1.27905,1.85,2.57
2012.07.06 03:50:01.750,1.27871,1.27905,1.50,2.57
2012.07.06 03:50:02.002,1.27877,1.27905,1.10,2.57
2012.07.06 03:50:04.498,1.27873,1.27904,1.10,2.57
2012.07.06 03:50:12.779,1.27876,1.27905,1.10,4.30
2012.07.06 03:50:13.750,1.27876,1.27905,1.10,2.57
2012.07.06 03:50:18.655,1.27873,1.27905,1.10,2.57
2012.07.06 03:50:18.729,1.27873,1.27905,1.10,2.57
2012.07.06 03:50:18.799,1.27871,1.27904,1.10,2.57
2012.07.06 03:50:18.869,1.27869,1.27902,1.85,1.50
2012.07.06 03:50:23.830,1.27869,1.27904,1.85,3.32
2012.07.06 03:50:23.898,1.2787,1.27904,1.10,3.32
2012.07.06 03:50:24.041,1.27874,1.27905,1.10,2.57
2012.07.06 03:50:24.358,1.27874,1.27905,1.10,2.57
2012.07.06 03:50:27.347,1.27874,1.27905,1.10,2.57
2012.07.06 03:50:43.627,1.2787,1.27905,3.35,2.57
2012.07.06 03:50:43.991,1.27876,1.27904,1.85,2.57
2012.07.06 03:50:47.419,1.27876,1.27904,1.85,1.82
2012.07.06 03:51:05.590,1.27872,1.27905,1.10,2.57
2012.07.06 03:51:06.549,1.27872,1.27905,1.10,2.57
2012.07.06 03:51:06.619,1.2787,1.27902,1.10,1.50
2012.07.06 03:51:08.091,1.27872,1.27904,1.10,2.57
2012.07.06 03:51:08.219,1.27872,1.27904,1.10,1.82
2012.07.06 03:51:08.360,1.27874,1.27904,1.10,1.82
2012.07.06 03:51:08.880,1.27874,1.27904,1.10,2.57
2012.07.06 03:51:10.179,1.27874,1.27904,1.10,2.57
2012.07.06 03:51:18.658,1.27877,1.27905,1.10,2.57
2012.07.06 03:51:18.981,1.27879,1.27904,1.85,2.57
2012.07.06 03:51:19.300,1.27878,1.27904,1.66,2.57
2012.07.06 03:51:41.496,1.27873,1.27904,1.66,2.57
2012.07.06 03:51:41.577,1.27867,1.27891,1.10,1.73
2012.07.06 03:51:41.649,1.27867,1.27902,1.10,1.50
2012.07.06 03:51:41.849,1.27867,1.27902,1.10,1.50
2012.07.06 03:51:42.300,1.27867,1.27903,1.85,1.16
2012.07.06 03:51:43.470,1.27867,1.27903,1.10,1.50
2012.07.06 03:51:44.158,1.27867,1.27903,1.10,1.50
2012.07.06 03:51:44.468,1.27873,1.27904,1.10,2.57
2012.07.06 03:51:46.629,1.2787,1.27903,1.10,1.50
2012.07.06 03:51:46.850,1.27869,1.27903,1.32,1.50
2012.07.06 03:51:46.921,1.27869,1.27903,1.32,1.50
2012.07.06 03:51:47.340,1.2787,1.27903,1.10,3.00
2012.07.06 03:51:47.529,1.2787,1.27902,1.66,1.88
2012.07.06 03:51:49.218,1.2787,1.27902,1.66,2.63
2012.07.06 03:51:50.141,1.2787,1.27902,1.10,1.50
2012.07.06 03:51:50.330,1.2787,1.27902,1.10,1.50
2012.07.06 03:51:50.401,1.2787,1.27902,1.10,1.50
2012.07.06 03:52:05.069,1.27863,1.27901,1.85,1.50
2012.07.06 03:52:05.388,1.2786,1.27896,1.10,2.48
2012.07.06 03:52:11.698,1.27864,1.27896,1.10,2.48
2012.07.06 03:52:46.431,1.27867,1.27893,1.10,2.25
2012.07.06 03:52:46.561,1.27864,1.27889,1.10,1.73
2012.07.06 03:52:46.632,1.27862,1.27889,1.10,1.73
2012.07.06 03:52:47.020,1.27857,1.27889,1.10,3.98
2012.07.06 03:52:47.150,1.27858,1.27883,1.10,1.73
2012.07.06 03:52:47.282,1.27863,1.2789,1.10,1.50
2012.07.06 03:52:47.923,1.27863,1.27891,1.10,3.23
2012.07.06 03:52:56.888,1.27863,1.27891,1.10,2.48
2012.07.06 03:52:57.160,1.27867,1.27897,1.10,1.88
2012.07.06 03:52:57.232,1.27864,1.27891,1.10,1.73
2012.07.06 03:53:04.589,1.27864,1.27891,1.10,2.48
2012.07.06 03:53:18.158,1.27864,1.27897,1.10,1.16
2012.07.06 03:53:18.419,1.27869,1.27899,1.10,2.25
2012.07.06 03:53:18.612,1.27869,1.27899,1.10,2.25
2012.07.06 03:53:19.359,1.27869,1.27899,1.10,2.25
2012.07.06 03:53:20.293,1.27877,1.27901,1.10,1.13
2012.07.06 03:53:21.060,1.27877,1.27901,1.10,1.13
2012.07.06 03:53:21.603,1.27877,1.27901,1.10,1.13
2012.07.06 03:53:22.119,1.2788,1.27901,1.10,1.13
2012.07.06 03:53:22.260,1.27882,1.27904,1.50,2.57
2012.07.06 03:53:22.333,1.27888,1.27904,1.10,1.82
2012.07.06 03:53:22.690,1.27894,1.27904,1.10,1.82
2012.07.06 03:53:22.760,1.27894,1.27904,1.10,1.82
2012.07.06 03:53:22.962,1.27894,1.27904,1.10,1.82
2012.07.06 03:53:23.211,1.27886,1.27904,1.10,1.82
2012.07.06 03:53:28.191,1.2788,1.27905,1.10,2.57
2012.07.06 03:53:28.380,1.2788,1.27905,1.10,1.82
2012.07.06 03:53:29.871,1.27886,1.27905,1.10,2.57
2012.07.06 03:53:37.369,1.27886,1.27905,1.10,2.57
2012.07.06 03:53:39.368,1.27887,1.27909,1.66,2.25
2012.07.06 03:53:39.570,1.27892,1.27923,1.10,2.48
2012.07.06 03:53:39.639,1.27892,1.27927,1.10,3.75
2012.07.06 03:53:39.710,1.27892,1.27927,1.10,3.00
2012.07.06 03:53:41.240,1.27887,1.27918,1.10,1.50
2012.07.06 03:53:41.311,1.27887,1.27913,1.32,1.16
2012.07.06 03:53:44.308,1.27887,1.27913,2.07,1.16
2012.07.06 03:53:44.378,1.27887,1.27914,2.07,2.29
2012.07.06 03:53:44.640,1.27893,1.27923,1.10,2.25
2012.07.06 03:53:44.709,1.27893,1.27923,1.10,2.25
2012.07.06 03:53:47.319,1.27893,1.27925,1.10,1.88
2012.07.06 03:53:47.759,1.27892,1.27925,1.10,2.29
2012.07.06 03:53:49.588,1.27887,1.2792,1.47,1.50
2012.07.06 03:53:49.850,1.27887,1.2792,1.10,1.50
2012.07.06 03:53:49.980,1.27892,1.27924,1.10,5.14
2012.07.06 03:53:53.792,1.27887,1.27919,1.10,3.41
2012.07.06 03:53:53.929,1.27892,1.27919,1.10,2.25
2012.07.06 03:53:54.440,1.27884,1.27919,3.20,2.25
2012.07.06 03:53:54.580,1.27884,1.2792,2.82,1.91
2012.07.06 03:53:55.099,1.27884,1.27917,1.10,1.16
2012.07.06 03:53:55.242,1.27883,1.27916,1.10,2.89
2012.07.06 03:53:55.571,1.27883,1.27912,1.10,2.25
2012.07.06 03:53:56.550,1.27872,1.27909,3.35,1.16
2012.07.06 03:53:56.679,1.27876,1.2791,1.10,2.66
2012.07.06 03:53:57.208,1.27875,1.2791,1.10,2.89
2012.07.06 03:53:57.351,1.27878,1.27911,1.10,2.25
2012.07.06 03:53:57.421,1.27873,1.27907,1.10,1.16
2012.07.06 03:53:58.399,1.27873,1.27909,1.10,1.16
2012.07.06 03:53:58.660,1.27877,1.2791,1.50,2.89
2012.07.06 03:53:59.162,1.2788,1.27911,1.10,1.16
2012.07.06 03:54:01.925,1.27877,1.2791,1.10,1.91
2012.07.06 03:54:02.282,1.27879,1.27909,1.10,1.16
2012.07.06 03:54:02.610,1.27877,1.27911,1.10,1.13
2012.07.06 03:54:02.873,1.27876,1.27911,1.85,1.16
2012.07.06 03:54:03.021,1.27878,1.27912,1.10,2.89
2012.07.06 03:54:03.361,1.27878,1.27912,1.85,1.50
2012.07.06 03:54:03.679,1.27878,1.27909,1.50,1.16
2012.07.06 03:54:04.228,1.27874,1.27909,1.10,1.16
2012.07.06 03:54:07.303,1.27874,1.27909,1.10,1.16
2012.07.06 03:54:14.881,1.27875,1.27909,1.10,1.16
2012.07.06 03:54:15.010,1.27876,1.27912,1.50,1.16
2012.07.06 03:54:15.149,1.27879,1.27912,1.10,1.16
2012.07.06 03:54:15.675,1.27879,1.27913,1.10,1.16
2012.07.06 03:54:17.990,1.27882,1.27913,1.85,1.16
2012.07.06 03:54:20.130,1.2788,1.27915,1.10,1.91
2012.07.06 03:54:22.201,1.2788,1.27915,1.10,1.50
2012.07.06 03:54:26.513,1.27884,1.27916,1.10,1.16
2012.07.06 03:54:26.580,1.27883,1.27913,1.10,1.50
2012.07.06 03:54:26.651,1.27884,1.27914,1.10,1.16
2012.07.06 03:54:26.980,1.27883,1.27913,1.10,1.50
2012.07.06 03:54:27.109,1.27884,1.27914,1.10,1.16
2012.07.06 03:54:27.431,1.27883,1.27914,1.10,1.50
2012.07.06 03:54:27.503,1.27883,1.27914,1.10,1.50
2012.07.06 03:54:27.639,1.27884,1.27916,1.10,1.16
2012.07.06 03:54:27.959,1.27883,1.27914,1.10,1.50
2012.07.06 03:54:28.028,1.27883,1.27914,1.10,1.50
2012.07.06 03:54:28.280,1.27886,1.2792,1.10,2.66
2012.07.06 03:54:28.633,1.27892,1.2792,1.10,1.50
2012.07.06 03:54:28.761,1.27892,1.27921,1.10,1.88
2012.07.06 03:54:28.833,1.27893,1.27921,1.50,1.88
2012.07.06 03:54:29.183,1.27899,1.27928,1.10,3.00
2012.07.06 03:54:29.249,1.27895,1.27925,1.10,1.16
2012.07.06 03:54:31.799,1.27895,1.27921,1.10,1.50
2012.07.06 03:54:31.999,1.27883,1.27918,1.10,1.50
2012.07.06 03:54:32.139,1.27883,1.27918,1.10,1.91
2012.07.06 03:54:32.570,1.27877,1.27912,2.41,1.16
2012.07.06 03:54:41.791,1.27883,1.27916,1.10,3.64
2012.07.06 03:54:47.381,1.27883,1.27918,1.10,1.91
2012.07.06 03:54:52.450,1.27883,1.27917,1.10,1.16
2012.07.06 03:54:52.794,1.27873,1.27908,1.10,1.16
2012.07.06 03:54:52.920,1.27876,1.27909,1.10,2.14
2012.07.06 03:54:52.990,1.27877,1.2791,1.10,2.25
2012.07.06 03:54:55.078,1.27876,1.2791,1.10,1.50
2012.07.06 03:54:55.600,1.27878,1.27911,1.10,1.16
2012.07.06 03:54:57.088,1.27878,1.27912,1.10,1.91
2012.07.06 03:55:01.989,1.27879,1.27915,1.10,1.16
2012.07.06 03:55:02.300,1.27882,1.27916,1.10,1.16
2012.07.06 03:55:07.978,1.27882,1.27915,1.10,1.16
2012.07.06 03:55:16.321,1.27882,1.27916,1.10,1.16
2012.07.06 03:55:16.990,1.27882,1.27915,1.10,1.16
2012.07.06 03:55:25.358,1.27882,1.27917,1.10,1.16
2012.07.06 03:55:25.899,1.27882,1.27915,1.10,1.16
2012.07.06 03:55:27.287,1.27888,1.2792,1.10,1.91
2012.07.06 03:55:27.619,1.27889,1.2792,1.10,1.50
2012.07.06 03:55:28.212,1.27891,1.27922,1.10,1.16
2012.07.06 03:55:28.280,1.27896,1.27924,1.10,1.13
2012.07.06 03:55:31.460,1.27896,1.27924,1.10,1.88
2012.07.06 03:55:31.848,1.2789,1.27922,1.73,1.50
2012.07.06 03:55:32.120,1.27886,1.27919,1.10,2.25
2012.07.06 03:55:32.191,1.27881,1.27915,1.66,2.25
2012.07.06 03:55:32.260,1.27881,1.27915,1.66,2.25
2012.07.06 03:55:34.531,1.27877,1.27911,1.50,2.25
2012.07.06 03:55:35.641,1.2788,1.27916,1.10,2.25
2012.07.06 03:55:37.419,1.2788,1.27911,1.10,2.25
2012.07.06 03:55:44.429,1.27882,1.27916,1.10,2.25
2012.07.06 03:55:44.854,1.27885,1.27916,1.10,2.25
2012.07.06 03:55:46.291,1.2788,1.27918,2.82,1.50
2012.07.06 03:55:46.360,1.2788,1.27916,2.82,2.66
2012.07.06 03:55:57.101,1.27875,1.27912,1.85,1.91
2012.07.06 03:55:57.411,1.27873,1.27912,1.10,1.50
2012.07.06 03:55:57.756,1.27879,1.27913,1.10,1.50
2012.07.06 03:56:02.262,1.27875,1.27911,1.10,1.50
2012.07.06 03:56:02.389,1.27875,1.27911,1.10,2.25
2012.07.06 03:56:02.917,1.27879,1.27913,1.10,1.50
2012.07.06 03:56:04.820,1.27876,1.27912,1.10,1.16
2012.07.06 03:56:08.143,1.27875,1.27911,1.10,1.32
2012.07.06 03:56:08.208,1.27871,1.27909,2.60,1.50
2012.07.06 03:56:08.339,1.27871,1.27908,2.25,1.16
2012.07.06 03:56:09.159,1.27871,1.27909,1.50,1.16
2012.07.06 03:56:09.480,1.27883,1.27913,1.50,2.25
2012.07.06 03:56:09.800,1.27884,1.27921,1.10,3.00
2012.07.06 03:56:10.372,1.2788,1.27917,2.82,2.25
2012.07.06 03:56:10.900,1.27879,1.27917,1.10,2.25
2012.07.06 03:56:12.880,1.2788,1.27919,1.10,1.91
2012.07.06 03:56:13.210,1.27885,1.27922,1.50,1.50
2012.07.06 03:56:18.735,1.27887,1.27925,1.10,1.88
2012.07.06 03:56:19.382,1.27885,1.27919,1.10,1.50
2012.07.06 03:56:19.511,1.27884,1.27919,1.32,1.50
2012.07.06 03:56:20.021,1.27884,1.27919,1.32,1.50
2012.07.06 03:56:25.080,1.27885,1.27919,1.10,1.50
2012.07.06 03:56:25.210,1.27891,1.27924,1.85,1.50
2012.07.06 03:56:25.420,1.27895,1.27925,1.50,1.13
2012.07.06 03:56:25.730,1.27897,1.2793,1.50,1.50
2012.07.06 03:56:28.659,1.27901,1.2793,1.50,3.00
2012.07.06 03:56:29.099,1.27905,1.2793,1.50,1.50
2012.07.06 03:56:32.409,1.27897,1.27927,1.85,1.50
2012.07.06 03:56:32.963,1.27895,1.27926,1.50,1.50
2012.07.06 03:56:37.198,1.27895,1.27926,1.50,1.50
2012.07.06 03:56:47.398,1.27893,1.27926,1.32,1.50
2012.07.06 03:56:47.469,1.27892,1.27926,1.50,1.50
2012.07.06 03:57:04.491,1.27894,1.27926,1.50,1.16
2012.07.06 03:57:04.862,1.27894,1.27928,2.07,1.88
2012.07.06 03:57:05.930,1.279,1.27928,1.50,1.88
2012.07.06 03:57:06.001,1.27902,1.27928,1.50,1.88
2012.07.06 03:57:06.309,1.27902,1.2793,1.50,1.50
2012.07.06 03:57:11.188,1.27902,1.27929,1.50,1.50
2012.07.06 03:57:18.326,1.27904,1.27929,1.50,1.50
2012.07.06 03:57:18.524,1.2791,1.27929,1.50,1.50
2012.07.06 03:57:18.661,1.27909,1.27929,1.32,1.50
2012.07.06 03:57:18.732,1.27909,1.27929,1.32,1.50
2012.07.06 03:57:19.110,1.27909,1.2793,1.32,1.50
2012.07.06 03:57:19.718,1.27909,1.27929,1.32,1.50
2012.07.06 03:57:22.909,1.27909,1.2793,1.32,1.50
2012.07.06 03:57:23.189,1.27909,1.27929,1.32,1.50
2012.07.06 03:57:23.319,1.27894,1.2793,1.50,1.50
2012.07.06 03:57:23.391,1.27894,1.2793,1.50,1.50
2012.07.06 03:57:27.448,1.27897,1.27929,1.50,1.50
2012.07.06 03:57:43.376,1.27905,1.2793,1.50,1.50
2012.07.06 03:57:43.639,1.27906,1.2793,1.50,1.50
2012.07.06 03:57:43.712,1.27908,1.2793,1.50,1.50
2012.07.06 03:57:44.471,1.27906,1.2793,1.32,1.50
2012.07.06 03:57:44.903,1.27906,1.2793,1.32,1.50
2012.07.06 03:57:45.272,1.27906,1.2793,1.32,1.50
2012.07.06 03:57:45.711,1.27906,1.27921,1.32,1.50
2012.07.06 03:57:46.212,1.27906,1.2793,1.32,1.50
2012.07.06 03:57:46.523,1.27908,1.2793,1.50,1.50
2012.07.06 03:57:46.659,1.27908,1.2793,1.50,1.50
2012.07.06 03:57:46.732,1.27906,1.2793,1.32,1.50
2012.07.06 03:57:47.260,1.27906,1.2793,1.32,1.50
2012.07.06 03:57:47.582,1.27905,1.27929,1.32,1.50
2012.07.06 03:57:47.770,1.27894,1.27929,1.85,1.50
2012.07.06 03:57:47.840,1.27894,1.2793,1.85,1.50
2012.07.06 03:58:02.108,1.27892,1.27928,1.66,1.50
2012.07.06 03:58:02.299,1.27889,1.27928,1.10,1.50
2012.07.06 03:58:03.829,1.27887,1.2792,1.10,1.50
2012.07.06 03:58:03.960,1.27886,1.2792,1.32,1.50
2012.07.06 03:58:07.359,1.27884,1.2792,2.07,1.91
2012.07.06 03:58:07.610,1.27884,1.2792,3.91,1.50
2012.07.06 03:58:07.799,1.2789,1.27927,2.25,3.23
2012.07.06 03:58:08.022,1.27895,1.27929,1.10,1.50
2012.07.06 03:58:12.585,1.27896,1.27927,1.50,1.50
2012.07.06 03:58:12.650,1.2789,1.27927,2.41,2.25
2012.07.06 03:58:12.899,1.27885,1.27925,4.10,1.91
2012.07.06 03:58:13.497,1.27885,1.27923,1.50,1.91
2012.07.06 03:58:14.720,1.27885,1.27923,1.50,1.91
2012.07.06 03:58:17.169,1.27885,1.27919,1.50,1.73
2012.07.06 03:58:17.240,1.27883,1.27918,1.50,1.16
2012.07.06 03:58:17.382,1.27885,1.27919,1.50,3.64
2012.07.06 03:58:17.820,1.27883,1.27917,1.50,1.16
2012.07.06 03:58:18.014,1.27885,1.27918,1.50,1.73
2012.07.06 03:58:18.799,1.27885,1.27919,1.50,2.25
2012.07.06 03:58:31.230,1.27882,1.27919,1.10,3.00
2012.07.06 03:58:31.826,1.27881,1.27918,1.50,1.16
2012.07.06 03:58:34.232,1.27881,1.27919,1.50,5.14
2012.07.06 03:58:34.880,1.27881,1.27918,1.50,1.16
2012.07.06 03:58:38.799,1.27882,1.27919,1.50,1.16
2012.07.06 03:58:38.873,1.27883,1.27921,1.10,1.50
2012.07.06 03:58:57.522,1.27883,1.27919,1.10,1.50
2012.07.06 03:58:58.092,1.27879,1.27917,1.50,1.91
2012.07.06 03:58:59.929,1.27879,1.27915,1.50,1.50
2012.07.06 03:59:01.560,1.27879,1.27917,1.85,1.50
2012.07.06 03:59:02.103,1.27879,1.27917,1.50,1.91
2012.07.06 03:59:10.331,1.27879,1.27917,1.50,1.50
2012.07.06 03:59:11.101,1.27879,1.27917,1.50,1.91
2012.07.06 03:59:14.114,1.27879,1.27916,1.50,1.16
2012.07.06 03:59:14.243,1.27876,1.27914,1.92,2.25
2012.07.06 03:59:14.836,1.27874,1.27911,1.57,2.89
2012.07.06 03:59:15.879,1.27874,1.27906,1.57,2.14
2012.07.06 03:59:16.092,1.27874,1.27909,1.57,2.25
2012.07.06 03:59:18.130,1.27874,1.27912,1.57,4.20
2012.07.06 03:59:18.828,1.27874,1.27912,1.57,3.64
2012.07.06 03:59:19.352,1.27875,1.27912,1.17,3.64
2012.07.06 03:59:19.880,1.27875,1.27912,1.17,3.64
2012.07.06 03:59:20.011,1.27874,1.27912,1.57,3.64
2012.07.06 03:59:22.984,1.27874,1.27912,1.57,3.64
2012.07.06 03:59:28.370,1.27874,1.27912,1.57,3.64
2012.07.06 03:59:29.030,1.27874,1.27912,1.57,3.64
2012.07.06 03:59:30.537,1.27874,1.27912,1.57,3.64
2012.07.06 03:59:32.555,1.27874,1.27912,1.57,3.64
2012.07.06 03:59:34.389,1.27874,1.27912,1.57,3.64
2012.07.06 03:59:43.582,1.27875,1.27912,1.17,3.23
2012.07.06 03:59:43.710,1.27877,1.27914,1.85,2.66
2012.07.06 03:59:44.271,1.27881,1.27914,1.50,1.16
